iteration,Ux_initial,Ux_linear_final,Uy_initial,Uy_linear_final,Uz_initial,Uz_linear_final,p_initial,p_linear_final,epsilon_initial,epsilon_linear_final,k_initial,k_linear_final,continuity_local,continuity_global,continuity_cumulative
1.0,1.0,0.02979900634,1.0,0.02683326076,1.0,0.02324573099,1.0,0.02123038055,0.3703408148,0.01411084146,1.0,0.03586131746,0.6515880915,0.04732641883,0.04732641883
2.0,0.2986224649,0.007434607426,0.5631277569,0.009418702879,0.2244454708,0.007679450459,0.7872768859,0.0364793951,0.5516587534,0.004357342452,0.515897563,0.004983477248,1.067156415,0.05580027789,0.1031266967
3.0,0.2201423131,0.00366428276,0.4316263556,0.007090379449,0.2207819664,0.005097231555,0.5360816406,0.01987485574,0.1013446929,0.0008163944698,0.1518231285,0.001784000569,0.3749698545,0.01689666521,0.1200233619
4.0,0.160253553,0.007515357398,0.2384370744,0.006643496485,0.1346559656,0.002658606182,0.3613088887,0.008977251573,0.07781276732,0.0004994097967,0.1011651851,0.004831259829,0.2297043706,-0.01069065396,0.109332708
5.0,0.2213080392,0.003540921459,0.1768867119,0.003345201455,0.1327892935,0.002929335151,0.2493104751,0.01028536291,0.07824306535,0.0004994569121,0.08715616111,0.0003985982863,0.3101492246,0.08312245369,0.1924551617
6.0,0.2072181849,0.003587764643,0.1280487666,0.002986462959,0.1003222665,0.002347497036,0.247144855,0.005916250019,0.05638519698,0.0003715605052,0.06939310417,0.0003902779954,0.1885808338,-0.01117187358,0.1812832881
7.0,0.1414320509,0.002267141072,0.144802736,0.003549322329,0.07153364979,0.001710929641,0.2651265446,0.008145841535,0.05068900017,0.000217459479,0.07262493382,0.0003955912135,0.2024998053,-0.003702439426,0.1775808486
8.0,0.05801252867,0.002360584985,0.1380463865,0.002925099671,0.04507844509,0.001129064187,0.2770086819,0.01144126434,0.03250341343,0.0001712298692,0.05936024915,0.0003543457856,0.2534799929,-0.003910882371,0.1736699663
9.0,0.0631605311,0.002765926084,0.1151953481,0.003003794581,0.02754257702,0.0007385435849,0.1998654663,0.005157236921,0.04547457096,0.001915203065,0.05885213172,0.0003632568269,0.1360517527,-0.005927757893,0.1677422084
10.0,0.08483203185,0.001223973974,0.1014913614,0.002804039794,0.02041686577,0.0005909106742,0.1792746436,0.007354003849,0.02990562563,0.0001181028798,0.05807657344,0.0003667286939,0.2235912652,-0.02765295868,0.1400892497
11.0,0.07640879557,0.001146654073,0.09114351163,0.002525369961,0.01931281027,0.0005709958183,0.1704330287,0.004972064922,0.03883736516,0.0001405705096,0.05791518174,0.0003624742777,0.1209067315,-0.02770115139,0.1123880983
12.0,0.05694858336,0.0008227912445,0.06758029056,0.001843118827,0.0179753201,0.0005489384013,0.1774582016,0.004573125213,0.0452831805,0.0001608621153,0.05655076961,0.0003527491921,0.1009230811,0.009335780961,0.1217238793
13.0,0.03511870829,0.0004595021339,0.06388813175,0.001938716429,0.01631053089,0.0005189566785,0.1795876442,0.004128672282,0.04785003897,0.0001698703835,0.05477878998,0.0003394667403,0.0909616163,0.004780695314,0.1265045746
14.0,0.02019762616,0.0007359292698,0.06973275645,0.002560165843,0.01489440669,0.0004946829562,0.1755574806,0.008346917769,0.04762718137,0.0001722605654,0.05189711818,0.0003224694939,0.17099088,0.004981865909,0.1314864405
15.0,0.0247644058,0.00113595127,0.06812627802,0.002736644161,0.01392795994,0.0004636396422,0.1688165514,0.005760500971,0.04699502251,0.0001731746556,0.04891584482,0.0003037339683,0.1076713432,0.007593075463,0.139079516
16.0,0.0281010042,0.0003630266911,0.05587955335,0.00220690865,0.01328274222,0.0004453238014,0.1684066848,0.004971234816,0.04568673846,0.0001691080123,0.04593287282,0.0002817815012,0.08676998354,0.002603424968,0.1416829409
17.0,0.02499089322,0.0003221398268,0.04198450521,0.001503011297,0.01265183362,0.0004410014374,0.1618813796,0.007059285717,0.0430235766,0.0001579336505,0.04268299455,0.0002575188277,0.124825013,0.0199117346,0.1615946755
18.0,0.01968410856,0.0009046466016,0.03129294085,0.0008991464889,0.01195904811,0.0004483569343,0.1441514898,0.003791160536,0.04008488579,0.0001436064792,0.03931851,0.0002334282888,0.06778252003,-0.002852370754,0.1587423048
19.0,0.01406508838,0.0005315983023,0.03372595961,0.001225720637,0.01112572864,0.0004608086181,0.1255611629,0.004005903032,0.0366968638,0.0001286031368,0.0360622489,0.0002099179604,0.07085484904,-0.006150489706,0.1525918151
20.0,0.01235763956,0.0004416619059,0.03911984682,0.001645571794,0.01025766242,0.0004529723523,0.1097774389,0.002866546111,0.03318797664,0.000115703903,0.03313175569,0.0001879912458,0.05372450327,-0.004327614858,0.1482642002
21.0,0.01356314586,0.0006045757288,0.04013332235,0.001728725478,0.009850189359,0.0004472048954,0.09969467339,0.003628756383,0.02999917844,0.000103618144,0.03065767787,0.0001692369494,0.07019631832,-0.002352310673,0.1459118895
22.0,0.01352037505,0.0006500138565,0.03604866014,0.001530021829,0.009533670892,0.0004375539947,0.09034980881,0.002528097457,0.02724908622,9.21593214e-05,0.02854706668,0.0001534034725,0.05245697538,-0.0102895741,0.1356223154
23.0,0.01184357287,0.0005684425741,0.02956968683,0.001158420111,0.009224322564,0.0004231550557,0.09047749358,0.002868925084,0.02498350111,0.001244683449,0.02679337836,0.0001406772015,0.05279365319,-0.004702675782,0.1309196397
24.0,0.00926220793,0.0004113673819,0.02438597986,0.000867175862,0.008877418012,0.0004074187373,0.08932278728,0.002727101455,0.02326489911,0.001157041568,0.02532675595,0.0001305796315,0.04621478806,0.003186904073,0.1341065437
25.0,0.007454821314,0.0002902878473,0.02236137582,0.0007842892529,0.008571381121,0.0003951368298,0.08524092842,0.002752492614,0.02169974367,0.00108300816,0.02413356037,0.0001227453662,0.04558425197,0.003105155006,0.1372116987
26.0,0.008605595485,0.0004021734903,0.02189697968,0.000810801901,0.008376134989,0.0003876033914,0.08062537535,0.002413456018,0.02036110662,0.001009320914,0.02308446441,0.0001151709348,0.03938775857,0.0005450162463,0.137756715
27.0,0.009753418398,0.0001240822754,0.02099045028,0.0007761765965,0.00824354439,0.0003833914513,0.07884041011,0.002442898002,0.01917870262,0.000939853204,0.02206517732,0.0001089638703,0.03885584519,-0.002221697236,0.1355350177
28.0,0.01003762755,0.000132617166,0.01977140705,0.0006902259068,0.008116448766,0.0003816796973,0.07652045411,0.002398136214,0.01809869969,0.0008761666218,0.02119771708,0.0001028171186,0.03798108877,-0.0005973591264,0.1349376586
29.0,0.009725079963,0.0001294214781,0.02032628567,0.0007500857695,0.008016188585,0.0003825972554,0.07383770724,0.002589185553,0.01705344866,0.0008221444926,0.02039083333,9.737099457e-05,0.04097146043,0.001452164324,0.1363898229
30.0,0.009038059789,0.0001188282683,0.02199678122,0.000908785728,0.007941630989,0.0003877257248,0.07041758498,0.002618924708,0.01604747237,0.000771027326,0.01962493185,9.229073108e-05,0.04162522338,0.002423114259,0.1388129372
31.0,0.008228374493,0.0001054826586,0.02333801479,0.001035798972,0.007920199879,9.59500401e-05,0.06663907827,0.002415410884,0.01515054383,0.0007272834332,0.01897213655,8.771197751e-05,0.03870583004,0.003046836888,0.1418597741
32.0,0.00754631922,0.0003768756724,0.02377938428,0.001088222576,0.00790548469,9.824352781e-05,0.06401494533,0.002162689484,0.01438541273,0.0006892806819,0.01837360777,8.374055113e-05,0.03439537766,0.003164907826,0.1450246819
33.0,0.007111972775,0.0003511615857,0.023301531,0.001072010019,0.007863974889,9.941080564e-05,0.05935459873,0.001813631732,0.01377043845,0.000654960001,0.01792161966,8.071721032e-05,0.02990765242,0.003166200346,0.1481908823
34.0,0.006913737772,0.0003427076014,0.02236279077,0.001017853555,0.00779057001,9.953601279e-05,0.06005166245,0.001791627443,0.01326356663,0.000625180022,0.01753023507,7.849311355e-05,0.028182451,0.001609048101,0.1497999304
35.0,0.006882687352,8.568732135e-05,0.02131508809,0.0009523460824,0.00769587289,9.880727842e-05,0.0576663999,0.001726524013,0.01283472748,0.0006033507706,0.01716519602,7.648913109e-05,0.02728434968,0.0008491138518,0.1506490442
36.0,0.006971086618,8.970606463e-05,0.02055361716,0.0009018713922,0.007605405291,9.768112957e-05,0.05638052866,0.001714729838,0.01250269774,0.0005869043527,0.01689243725,7.508474162e-05,0.02665753091,0.001104956423,0.1517540006
37.0,0.007171909235,9.554232242e-05,0.02016823388,0.0008771298306,0.007519382779,9.643233297e-05,0.05449351575,0.001639779945,0.01220393527,0.0005723843312,0.01668983986,7.37695437e-05,0.02538265787,0.0009725508065,0.1527265514
38.0,0.0074048327,0.0001013056861,0.020113586,0.0008779870507,0.007440241901,9.536344783e-05,0.05078785044,0.001526915223,0.01197692384,0.0005630155786,0.01647350496,7.317900771e-05,0.02443459358,0.0005963412479,0.1533228927
39.0,0.007599048756,0.0001056835613,0.02025353181,0.0008964249388,0.007368861511,9.460598727e-05,0.05072140508,0.001578520961,0.01177907281,0.0005542421292,0.01626653904,7.243759021e-05,0.02454239786,0.0006058714279,0.1539287641
40.0,0.007716675418,0.0001083110019,0.0204484631,0.0009223966026,0.007300201386,9.415391984e-05,0.04841153945,0.001546174909,0.01161585295,0.000546334435,0.01609164106,7.208038043e-05,0.02461072343,0.001161303502,0.1550900676
41.0,0.007762080664,0.0001094036935,0.02061672292,0.000948529805,0.007233203556,9.388215298e-05,0.04780250798,0.001551958681,0.01146317585,0.0005429968367,0.01591754839,7.129037577e-05,0.0245836916,0.001578917622,0.1566689852
42.0,0.007747369416,0.0001092354428,0.0206434239,0.0009669961634,0.007171661209,9.37437514e-05,0.04751066057,0.001555566684,0.01129689576,0.0005372694352,0.0157391684,7.091356713e-05,0.02429054865,0.001772221857,0.1584412071
43.0,0.007687563016,0.0001081961372,0.0204970628,0.0009718844225,0.007116232223,9.368208071e-05,0.04511891032,0.00147984728,0.01115928114,0.0005335011351,0.01557036771,7.04382484e-05,0.02389216235,0.001975604529,0.1604168116
44.0,0.007620949037,0.0001069490252,0.02017121397,0.0009630009536,0.007069511081,9.36450764e-05,0.04607675981,0.001510875305,0.01100197772,0.0005286751275,0.01539741591,7.008267503e-05,0.02330754092,0.001788727213,0.1622055388
45.0,0.007557076829,0.0001058362375,0.01972121219,0.0009426669339,0.00703284243,9.357467919e-05,0.04573071085,0.001489561471,0.01081280042,0.0005241725954,0.01522960979,6.963333145e-05,0.0226459778,0.001686006524,0.1638915454
46.0,0.00752653802,0.000105363131,0.01922966124,0.0009168002694,0.007001939034,9.341368043e-05,0.04426490692,0.001431738464,0.0106650299,0.0005200013164,0.01504142822,6.911689906e-05,0.02194674317,0.001430344857,0.1653218902
47.0,0.007537992194,0.0001057287381,0.01875534102,0.0008910823035,0.006975355369,9.313577176e-05,0.04307773348,0.001391589613,0.01055051095,0.0005171316812,0.01486148908,6.851580458e-05,0.02140161514,0.001237355858,0.1665592461
48.0,0.007592315801,0.0001069684328,0.01833297003,0.0008694626952,0.006949648678,9.277044379e-05,0.04324526403,0.001429771132,0.01043558617,0.0005163471601,0.01466852686,6.781287513e-05,0.02136640452,0.001391519747,0.1679507658
49.0,0.00768211002,0.0001088881321,0.01797567711,0.0008529808708,0.006921895415,9.233843897e-05,0.04235136831,0.001420657612,0.01031805428,0.0005147305171,0.01447666227,6.724592925e-05,0.02114520231,0.001390447961,0.1693412138
50.0,0.007791041084,0.0001112257513,0.0176887322,0.0008417449013,0.006892942627,9.185981217e-05,0.04150448718,0.001409963737,0.01022541355,3.149942861e-05,0.01427522587,6.642899992e-05,0.02089219331,0.001385273624,0.1707264874
51.0,0.007902130131,0.0001135790821,0.01745212569,0.0008347126239,0.006855180556,9.129246835e-05,0.04071606601,0.001400615455,0.010083123,3.112124867e-05,0.01404099834,6.501268259e-05,0.02066042979,0.001422174138,0.1721486616
52.0,0.008004274419,0.0001157600504,0.01725844475,0.0008300611682,0.006814122982,9.073065361e-05,0.04001308139,0.001393476901,0.009968817034,3.088199921e-05,0.01380912714,6.386976504e-05,0.02046770043,0.001505114734,0.1736537763
53.0,0.008093592706,0.000117636131,0.01706633162,0.0008267337882,0.006770446195,9.01799866e-05,0.03938696779,0.001388224803,0.009853770753,3.049693761e-05,0.01356426455,6.244640083e-05,0.02030733472,0.001627042895,0.1752808192
54.0,0.008167573496,0.0001192063116,0.01688413871,0.0008237321196,0.006723990691,8.964026184e-05,0.03877284591,0.001383358612,0.009742039465,3.036606094e-05,0.01333330228,6.113042153e-05,0.02015715182,0.001771141284,0.1770519605
55.0,0.008226708753,0.0001205075115,0.01671287482,0.0008201951484,0.006677717602,8.911330395e-05,0.03817213773,0.001379960206,0.009630968955,2.992934451e-05,0.01309179803,5.995049132e-05,0.02003281648,0.001921493557,0.178973454
56.0,0.008278275075,0.0001216255028,0.01655279154,0.0008159626074,0.006631918584,8.858283148e-05,0.03758837642,0.001378241578,0.009514921709,2.962794297e-05,0.01285332017,5.876341324e-05,0.01993502532,0.0020693508,0.1810428048
57.0,0.008326431406,0.0001227101433,0.0164028096,0.0008113574352,0.006584736559,8.80524552e-05,0.03699229939,0.001378810957,0.009402757395,2.916848798e-05,0.01261296426,5.766920321e-05,0.01987256957,0.00221401082,0.1832568156
58.0,0.008373489181,0.0001238358518,0.01627129576,0.0008066073059,0.006539607902,8.750639917e-05,0.03640821558,0.001381462633,0.009291538073,2.8729194e-05,0.0123795174,5.663110524e-05,0.01983882673,0.002351618273,0.1856084339
59.0,0.008424440646,0.0001250878524,0.0161571591,0.0008020928424,0.006496844699,8.695661405e-05,0.03584605746,0.001388687567,0.009178388109,2.835442993e-05,0.01215095097,5.558108016e-05,0.01987058901,0.002634573473,0.1882430074
60.0,0.008484099354,0.0001265530553,0.01604727359,0.0007981082326,0.006455706107,8.640058033e-05,0.03529775145,0.001395277525,0.00905633703,2.795206571e-05,0.01192020917,5.449315569e-05,0.01989261138,0.002674651815,0.1909176592
61.0,0.008546417635,0.0001281255893,0.01593858684,0.0007941823684,0.006417550615,8.585135036e-05,0.03477278689,0.00140099908,0.008932406477,2.754234271e-05,0.01170034321,5.345583239e-05,0.01989909841,0.002705192234,0.1936228514
62.0,0.008612963581,0.0001297629574,0.0158222106,0.0007897609979,0.006381160133,8.533639165e-05,0.03426611341,0.001405151976,0.008806155531,2.705350765e-05,0.01147887864,5.259069333e-05,0.01988417594,0.002737347911,0.1963601994
63.0,0.00868229958,0.0001314513919,0.01568774925,0.0007842467509,0.006347619204,8.486420517e-05,0.03377710012,0.00140834945,0.008669388695,2.658189721e-05,0.0112624357,5.15456334e-05,0.0198572362,0.002773644038,0.1991338434
64.0,0.008752318579,0.0001331601359,0.01552461251,0.0001852360354,0.006316578176,8.445720812e-05,0.03330693653,0.001410183209,0.00853003441,2.599455435e-05,0.01105731739,5.078532407e-05,0.01981239951,0.002814330158,0.2019481735
65.0,0.00882106434,0.000134848085,0.01525898039,0.0001819877738,0.006289534412,8.411983563e-05,0.03283654108,0.001415066947,0.008392735302,2.553720354e-05,0.0108713109,4.988253291e-05,0.01980961874,0.003087299535,0.2050354731
66.0,0.008891940917,0.0001365858837,0.01494627021,0.0001781428822,0.006265411257,8.384264462e-05,0.0323773151,0.001414874239,0.008251791725,0.000412163423,0.01069219532,4.906829111e-05,0.01973931435,0.003172143885,0.208207617
67.0,0.008963670593,0.0001383246395,0.01462573753,0.0001741261059,0.00624693139,8.365743829e-05,0.03195597459,0.001414880466,0.008147668397,2.480530416e-05,0.01053460598,4.834446164e-05,0.01967381007,0.003257216371,0.2114648333
68.0,0.009024644718,0.000139876392,0.01428905337,0.0001699601146,0.00622901521,8.354106049e-05,0.03156227904,0.001414551538,0.007997141455,2.435787692e-05,0.01036262603,4.741156579e-05,0.01960413758,0.003345291526,0.2148101249
69.0,0.009081696255,0.0001413274963,0.01394854519,0.0001658117438,0.006212818241,8.34671341e-05,0.03119216217,0.001411408077,0.007853398342,2.392414287e-05,0.01020937222,4.668793785e-05,0.01949803388,0.003431938808,0.2182420637
70.0,0.009132482599,0.0001426992453,0.01361547687,0.00016172185,0.006198497815,8.340026599e-05,0.03084410249,0.001407553765,0.007715165494,2.353220414e-05,0.01005950351,4.599619093e-05,0.01938515904,0.003516695599,0.2217587593
71.0,0.009178469944,0.0001440025814,0.01328358729,0.0001577728578,0.006185838907,8.33552242e-05,0.0304920667,0.001403906619,0.007585733832,2.316508148e-05,0.009923671872,4.540094045e-05,0.01927617941,0.003596096191,0.2253548555
72.0,0.009218060719,0.0001452383535,0.01295841537,0.0001539506004,0.006174290157,8.333844941e-05,0.03013385138,0.001397812113,0.00746709346,2.278687486e-05,0.009796364954,4.494719913e-05,0.01913553824,0.003667243992,0.2290220995
73.0,0.009251781875,0.0001464102591,0.01263924305,0.0001502960862,0.006165436137,8.333485964e-05,0.02976605844,0.001390861026,0.007353654116,2.242210045e-05,0.009670518395,4.465467776e-05,0.01898465951,0.003727184231,0.2327492837
74.0,0.009281221623,0.0001474828989,0.01232534799,0.0001467929103,0.006158088152,8.334560344e-05,0.02791537976,0.001164308543,0.007246981416,2.22085919e-05,0.009571528605,4.434754042e-05,0.01598577686,0.003430084318,0.236179368
75.0,0.00916078211,0.0001459459963,0.01204529064,0.0001435074232,0.006085746901,8.230711027e-05,0.03979432691,0.001461029259,0.007126938476,2.189707525e-05,0.009488109015,4.38879124e-05,0.02040970667,-0.005815344953,0.2303640231
76.0,0.008774736906,0.0001393597424,0.01183226492,0.0001406177234,0.005947009999,7.990663978e-05,0.05065117703,0.00194174118,0.007027303441,2.171519234e-05,0.009410911376,4.354837758e-05,0.02776132574,-0.006890516293,0.2234735068
77.0,0.008261322867,0.0001291685867,0.0116875108,0.0001388211993,0.005763652277,7.670816363e-05,0.05715499216,0.002308470877,0.006952516083,0.0003476083062,0.009344660011,4.319450959e-05,0.03400808084,-0.009159604121,0.2143139026
78.0,0.007816563663,0.0001185896421,0.01166311421,0.0001392102501,0.005563856457,7.330229844e-05,0.06014328559,0.002569202646,0.006924356413,2.158914219e-05,0.009281464511,4.30591268e-05,0.03897242591,-0.01111872618,0.2031951765
79.0,0.007531842887,0.0001098981394,0.01181369505,0.0001426157487,0.005405221228,7.065177455e-05,0.05961778174,0.002674882924,0.00687710461,2.157777788e-05,0.009217390254,4.274077991e-05,0.04165832083,-0.01225920524,0.1909359712
80.0,0.007381057179,0.0001041596958,0.01209165641,0.000148190533,0.005338212091,7.0000366e-05,0.05595240997,0.002612791709,0.006859441029,2.158784605e-05,0.009137833448,4.244799966e-05,0.0415837153,-0.01240555765,0.1785304136
81.0,0.007312896886,0.0001009140537,0.01239800771,0.0001545009392,0.005373886082,7.174683458e-05,0.05006814746,0.002400502689,0.006864505572,2.174273268e-05,0.00906373768,4.207435463e-05,0.03883347896,-0.01156401684,0.1669663967
82.0,0.0072580588,9.927569233e-05,0.01266974494,0.0001602634891,0.005475482949,7.47860854e-05,0.04276855627,0.002072023268,0.006895439713,2.188204725e-05,0.008993924273,4.166031687e-05,0.03386809541,-0.00990780319,0.1570585935
83.0,0.007180567189,9.844235985e-05,0.01287620636,0.0001647820933,0.005589756192,7.789753283e-05,0.03485107332,0.001687208765,0.006930681363,2.210469727e-05,0.008928209966,4.127777632e-05,0.02770427076,-0.007850808616,0.1492077849
84.0,0.00708140739,9.796259276e-05,0.01300137477,0.000167777034,0.005684128389,8.03757845e-05,0.02709087814,0.001296393435,0.00696905048,2.225054652e-05,0.008862525696,4.10290786e-05,0.0212703037,-0.006197050735,0.1430107342
85.0,0.006970464714,9.757000253e-05,0.01305869112,0.0001692368253,0.005741594461,8.185464566e-05,0.0231168498,0.0006783478663,0.007001304005,2.239795773e-05,0.008803808065,4.079576671e-05,0.01107188643,-0.0001092947274,0.1429014395
86.0,0.006872581881,9.702667035e-05,0.01306020168,0.0001691874533,0.0057651564,8.20446656e-05,0.02889588859,0.001262486981,0.007033272173,2.248287467e-05,0.008750718956,4.043637415e-05,0.02043138375,0.00451617981,0.1474176193
87.0,0.006771002507,9.641726543e-05,0.01303951862,0.0001682559821,0.00574902248,8.101312357e-05,0.03242108891,0.001585356701,0.007070507912,2.257906195e-05,0.008694216649,4.004062802e-05,0.02537106322,0.006025805084,0.1534434244
88.0,0.00662071527,9.538580459e-05,0.01300737289,0.0001669925764,0.005723357376,7.937333031e-05,0.03449488787,0.001053076233,0.007111102956,2.2548073e-05,0.008637665064,3.971849909e-05,0.01664709729,-0.004095676086,0.1493477483
89.0,0.006351478617,9.273423417e-05,0.0130348091,0.0001665907585,0.005708029061,7.740564355e-05,0.03520662825,0.001060514409,0.007148973756,0.0003570009787,0.008592855737,3.953698873e-05,0.01648887884,-0.004202929531,0.1451448187
90.0,0.006219030755,9.133916738e-05,0.01307746002,0.0001665213606,0.00571861197,7.576604973e-05,0.03521064545,0.001634761313,0.007210334761,0.0003593580824,0.008565169463,3.931057498e-05,0.02509709004,0.006209374038,0.1513541928
91.0,0.006150953315,9.143213517e-05,0.0130654965,0.0001658556719,0.005737843214,7.46320331e-05,0.0342418442,0.001539254551,0.007247246087,0.0003602762364,0.008541451749,3.944157023e-05,0.02343972776,0.00586439089,0.1572185837
92.0,0.006146704013,9.205527187e-05,0.01306932313,0.0001654121165,0.005760833314,7.391448951e-05,0.03219179311,0.00139320354,0.007283547451,0.0003601736734,0.008531247758,3.953040199e-05,0.02100249435,0.005229950728,0.1624485344
93.0,0.006148963232,9.253788133e-05,0.01305231022,0.0001648486715,0.005791514724,7.367991343e-05,0.02917657119,0.001190511881,0.007313568604,0.0003603529148,0.008521426015,3.941121365e-05,0.0178137883,0.004281693555,0.166730228
94.0,0.006121647136,9.246576681e-05,0.01300397293,0.0001640148977,0.0058238077,7.373627177e-05,0.02567896943,0.0009265560725,0.007348324158,0.0003597635581,0.008516029192,3.944674432e-05,0.01379961381,0.002809292561,0.1695395205
95.0,0.006053754892,9.170000917e-05,0.01291668089,0.0001626424757,0.005835752088,7.38091187e-05,0.02221199336,0.0006312682614,0.007379551179,0.0003603845431,0.008522884107,3.949845998e-05,0.009381387524,0.001003491066,0.1705430116
96.0,0.005961039982,9.04631643e-05,0.0127752352,0.0001605420114,0.005817174972,7.369867901e-05,0.0199510765,0.0004406388682,0.007422022432,0.0003606025849,0.008541004967,3.952091877e-05,0.006549269843,0.0002533186912,0.1707963303
97.0,0.005851881805,8.876336305e-05,0.01258026473,0.0001578462011,0.005769975483,7.334968569e-05,0.02153875404,0.0004490683322,0.007476251403,0.0003611353894,0.008548610762,3.948926937e-05,0.006689876348,0.000138519767,0.17093485
98.0,0.005725525435,8.676959301e-05,0.01233851287,0.0001546773987,0.00570224917,7.280272095e-05,0.02234692742,0.0005010480151,0.007537491407,0.0003626106778,0.008558942524,3.95322093e-05,0.007489134905,-4.844704822e-05,0.170886403
99.0,0.005590463606,8.47640265e-05,0.0120644983,0.0001513129494,0.005617855818,7.218565643e-05,0.02239218842,0.0005409135994,0.007607117793,0.0003631778062,0.008558501761,3.970422087e-05,0.008113528368,-0.0002855825792,0.1706008204
100.0,0.005452485694,8.268651026e-05,0.01177132477,0.0001480873227,0.005529531036,7.157005873e-05,0.02164850628,0.0005432897197,0.007673562829,0.000365277708,0.008546095429,3.975866221e-05,0.00817448284,-3.49646433e-05,0.1705658558
101.0,0.005317248969,8.065588931e-05,0.01147874974,0.0001452054613,0.005446676789,7.101810317e-05,0.02019685398,0.0005141645399,0.007745797064,0.0003674170132,0.008532916042,3.975123322e-05,0.007753049024,0.0002269548458,0.1707928106
102.0,0.005181635564,7.872100279e-05,0.01119992977,0.0001425193567,0.005370329793,7.051851442e-05,0.0183024086,0.0004609929415,0.007781798399,0.0003702562054,0.008501757423,3.981675576e-05,0.00695553576,0.0002229402316,0.1710157508
103.0,0.005051238471,7.687926333e-05,0.01093802314,0.0001399381215,0.00529424389,7.004749301e-05,0.01853411912,0.0004677879199,0.007800834656,0.0003721051566,0.008465237774,3.984497536e-05,0.007050460715,0.0005892430647,0.1716049939
104.0,0.004918335689,7.496294396e-05,0.01068730643,0.0001375428755,0.00521698171,6.950779715e-05,0.02016377006,0.0006200694097,0.007799631223,0.0003735045481,0.008414213019,3.968879154e-05,0.009321581218,0.001974077372,0.1735790713
105.0,0.004782628408,7.293535332e-05,0.01043711329,0.0001352971036,0.005127767175,6.864018827e-05,0.02200260258,0.0007915369403,0.007786739934,0.0003712405502,0.008351254101,3.954814744e-05,0.01185081218,0.003194428346,0.1767734996
106.0,0.004643829363,7.082682135e-05,0.01019887106,0.0001332117105,0.005017901106,6.732687951e-05,0.02368899423,0.000928134071,0.007739025536,0.0003711753412,0.008267790094,3.937175411e-05,0.01381589668,0.003972148111,0.1807456477
107.0,0.004501723603,6.8741041e-05,0.009975959182,0.0001313566483,0.00488824539,6.560485544e-05,0.02501725975,0.001038750604,0.007674462342,0.0003693940557,0.008175581195,3.899696486e-05,0.01535418461,0.00443681731,0.1851824651
108.0,0.004357869974,6.66767106e-05,0.009780852281,0.0001298945861,0.004744435569,6.359703725e-05,0.02585507503,0.001110945316,0.007610188945,0.0003665385108,0.008065988184,3.873836995e-05,0.01629264822,0.004645702695,0.1898281677
109.0,0.004220171242,6.467674454e-05,0.009610189493,0.0001288665611,0.004593714862,6.145735702e-05,0.02616385766,0.001133266194,0.007542199643,0.0003623371545,0.007950932339,3.848602848e-05,0.01648265031,0.004549187046,0.1943773548
110.0,0.004092278879,6.277765122e-05,0.009477070832,0.0001282337461,0.004445312235,5.935994974e-05,0.02590156756,0.001100215364,0.007453205446,0.0003579137149,0.007829764258,3.836230178e-05,0.01587015616,0.004130458524,0.1985078133
111.0,0.003974541909,6.096600396e-05,0.009384244351,0.0001279105942,0.004311615521,5.755654422e-05,0.02517183197,0.001014359776,0.007346582224,0.0003537146411,0.007700950936,3.81795032e-05,0.01451739091,0.003412889319,0.2019207026
112.0,0.003863333894,5.922670873e-05,0.009306323627,0.0001277580941,0.004194657702,5.611865642e-05,0.02398507395,0.0008833908804,0.007225457384,0.0003503370358,0.007566297635,3.801241261e-05,0.01255244437,0.00241228299,0.2043329856
113.0,0.003750164944,5.754523709e-05,0.009231754779,0.0001275690114,0.004082120594,5.48846063e-05,0.02244770921,0.0007228267127,0.0070947477,0.0003452223593,0.007434417234,3.789213251e-05,0.01020806069,0.001536084871,0.2058690705
114.0,0.003638746642,5.598640958e-05,0.009148838705,0.0001271642662,0.00396968806,5.369283421e-05,0.02070801536,0.0005657454862,0.006955870774,0.0003399089704,0.007296082892,3.79139911e-05,0.007950238665,0.0004850420949,0.2063541126
115.0,0.003528851554,5.450195067e-05,0.009058350115,0.0001264515174,0.003853043186,5.24326622e-05,0.01893792348,0.0004662509613,0.006811720315,0.0003339627816,0.00716866421,3.783356409e-05,0.00652682864,0.0002398341551,0.2065939467
116.0,0.003418241437,5.302671191e-05,0.008948331796,0.0001253360101,0.003732216403,5.106662735e-05,0.01746402366,0.0004166870385,0.006655455857,0.0003293050041,0.007043145441,3.780839296e-05,0.00581717426,0.000418348582,0.2070122953
117.0,0.003300042899,5.14024581e-05,0.008821674366,0.0001239220969,0.003608078178,4.960917811e-05,0.01639715885,0.0003834106209,0.006510045168,2.104078121e-05,0.006923907069,3.766461805e-05,0.005341776347,0.0004890170795,0.2075013124
118.0,0.003179262331,4.958963241e-05,0.008680899827,0.0001223496759,0.003480639557,4.80883943e-05,0.01559543896,0.0003569708353,0.006336568928,2.061464985e-05,0.006797623734,3.757953594e-05,0.004965511042,0.000389586161,0.2078908986
119.0,0.003057266666,4.762698856e-05,0.008531868884,0.000120671878,0.003353870849,4.654396812e-05,0.01499405441,0.0003355542333,0.006171252597,2.043482045e-05,0.006676898675,3.74224095e-05,0.004662652938,0.0001964573173,0.2080873559
120.0,0.002937763868,4.564145826e-05,0.008380583629,0.0001188440519,0.003229501465,4.49833005e-05,0.01467519106,0.0003220676562,0.006018261697,2.02762659e-05,0.006559405634,3.724964554e-05,0.004472815092,1.647442872e-05,0.2081038303
121.0,0.002822410965,4.376165104e-05,0.008229021179,0.0001168936625,0.003110393557,4.34531931e-05,0.01462888683,0.0003134901242,0.005876775027,2.012490364e-05,0.006446769964,3.704700511e-05,0.004352282687,-7.673830059e-05,0.208027092
122.0,0.002718669871,4.206155433e-05,0.008071231933,0.0001148133715,0.003001692392,4.205984793e-05,0.01450571747,0.0002972794283,0.005737496738,1.994711822e-05,0.006333868453,3.684689521e-05,0.004125283131,1.8407783e-05,0.2080454998
123.0,0.002628422559,4.05413231e-05,0.00791378334,0.0001126708028,0.002903217683,4.08582784e-05,0.01432598243,0.0002846284892,0.005612490833,1.960296228e-05,0.006220948183,3.657314436e-05,0.003945981172,0.0001930371855,0.208238537
124.0,0.002549447004,3.916329094e-05,0.007752427967,0.0001104938646,0.002814146341,3.978286472e-05,0.0144518668,0.0002904339552,0.005487533929,1.932244759e-05,0.006109558743,3.625251041e-05,0.004019877897,0.0002333132121,0.2084718502
125.0,0.002477560824,3.793578431e-05,0.007591076441,0.0001083521314,0.002729778533,3.874461872e-05,0.01491461036,0.0003089795066,0.005361083499,1.916686301e-05,0.006000395759,3.593009161e-05,0.004266027609,0.000246228654,0.2087180789
126.0,0.002411088997,3.682395871e-05,0.007432708848,0.0001062695029,0.002645397294,3.765409788e-05,0.01550737168,0.0003328057814,0.005240021918,1.903203806e-05,0.005892192558,3.560909443e-05,0.004580387501,0.0003027894084,0.2090208683
127.0,0.002343713194,3.577229298e-05,0.00727929475,0.0001043052471,0.002558326163,3.64745422e-05,0.01610944044,0.0003596908756,0.005122769569,1.887802829e-05,0.005787362125,3.52343971e-05,0.004933104851,0.0004133729437,0.2094342412
128.0,0.002274729754,3.472975444e-05,0.007132282471,0.0001025178669,0.002469003281,3.521628013e-05,0.01655867806,0.0003886297961,0.005015399416,1.875916958e-05,0.005682407827,3.488286782e-05,0.005310341334,0.0005692703276,0.2100035115
129.0,0.002205873875,3.36853002e-05,0.006998148181,0.000100918246,0.002378499625,3.389342262e-05,0.0167722566,0.0004131079543,0.004913335782,1.860632616e-05,0.005579024192,3.453722791e-05,0.0056236235,0.0007165382688,0.2107200498
130.0,0.002141570094,3.265670364e-05,0.006872843446,9.945128215e-05,0.002288715204,3.254567059e-05,0.01672889481,0.0004276314027,0.004816714286,1.846453575e-05,0.005474267527,3.414447303e-05,0.005799959008,0.0007944524908,0.2115145023
131.0,0.002081064818,3.165037846e-05,0.006757063688,9.812601129e-05,0.002201615883,3.123575951e-05,0.01646545435,0.0004291622289,0.00472098815,1.829947079e-05,0.005370659377,3.373202373e-05,0.005800651665,0.0007855200296,0.2123000223
132.0,0.002021170705,3.068346324e-05,0.006643142181,9.689949614e-05,0.002120334146,3.001604136e-05,0.0159845648,0.0004167606913,0.004626530414,1.811157144e-05,0.005270683967,3.322273835e-05,0.005615333178,0.0007019201987,0.2130019425
133.0,0.001961726371,2.974652098e-05,0.006534213226,9.574109085e-05,0.002045066089,2.888534229e-05,0.01530423092,0.0003928640015,0.004533932894,1.781204175e-05,0.005166432338,3.273911552e-05,0.005278758998,0.000577734194,0.2135796767
134.0,0.00190238611,2.882752939e-05,0.006423999195,9.461337019e-05,0.001974164108,2.783006712e-05,0.01451415992,0.0003620822379,0.00443878505,1.747234751e-05,0.005059129234,3.221210056e-05,0.004853702135,0.0004580144257,0.2140376911
135.0,0.001842949837,2.791647918e-05,0.006311265162,9.349095635e-05,0.001906115429,2.682420645e-05,0.01366436313,0.0003297898989,0.004340478336,1.720351984e-05,0.004948143125,3.168244726e-05,0.004412226301,0.000375721435,0.2144134126
136.0,0.00178466262,2.699244827e-05,0.006199050527,9.24038692e-05,0.001840978352,2.585337148e-05,0.01281418241,0.0003006486934,0.004239557105,1.687706245e-05,0.004836324893,3.112293681e-05,0.004015938014,0.0003371844404,0.214750597
137.0,0.001726453634,2.604651608e-05,0.006087626871,9.137155705e-05,0.001778451979,2.492255907e-05,0.01199986909,0.0002766611985,0.004134948483,1.656492395e-05,0.00472204538,3.055428418e-05,0.003690739932,0.000323269624,0.2150738666
138.0,0.001667221199,2.507670589e-05,0.005981817012,9.038319202e-05,0.001719197399,2.403336608e-05,0.01124803186,0.0002566433902,0.004025360035,1.621647329e-05,0.004605731596,2.995479083e-05,0.003420108717,0.0003112134671,0.2153850801
139.0,0.001607309494,2.410216863e-05,0.005880232333,8.941311015e-05,0.00166282495,2.320433986e-05,0.01058737483,0.0002395212553,0.003916685679,1.582709126e-05,0.004490687401,2.930746273e-05,0.003189116469,0.0002892869797,0.2156743671
140.0,0.001548984014,2.314841992e-05,0.005786230355,8.842291757e-05,0.001610777986,2.245102698e-05,0.01002146078,0.0002242174243,0.003805699219,1.543896999e-05,0.004371928366,2.865248419e-05,0.002983069932,0.0002583452918,0.2159327124
141.0,0.001493504589,2.224041901e-05,0.005697691561,8.739842736e-05,0.001562597293,2.177782971e-05,0.009535642986,0.0002104797442,0.00369346065,1.503355322e-05,0.004251219492,2.798938139e-05,0.002798430159,0.0002274504013,0.2161601628
142.0,0.001443210079,2.140575188e-05,0.005614827216,8.631343687e-05,0.001517927701,2.120082739e-05,0.009142083956,0.0001985377533,0.00357996263,1.461412508e-05,0.00412888978,2.731533971e-05,0.002637999652,0.0002047730751,0.2163649359
143.0,0.001398981288,2.065848999e-05,0.005538481683,8.515771266e-05,0.001477795268,2.074512681e-05,0.008855671326,0.0004342895501,0.003465387036,1.419200392e-05,0.004008258191,2.663745291e-05,0.005766530746,0.0005031530296,0.2168680889
144.0,0.001363457641,2.010854406e-05,0.005443506477,8.362050471e-05,0.001442475174,2.039809549e-05,0.00892859751,0.0002047024107,0.003344523634,1.37434775e-05,0.003884649328,2.593201207e-05,0.002715118678,0.0002727790042,0.2171408679
145.0,0.001330401173,1.954036286e-05,0.005380129729,8.249995225e-05,0.001412691262,2.015486824e-05,0.008665763881,0.0001958799254,0.003225848752,1.32962591e-05,0.003762264406,2.522469924e-05,0.002595572688,0.0002863194789,0.2174271874
146.0,0.001304108667,1.90505832e-05,0.005313308238,8.122338674e-05,0.001388994538,2.004774814e-05,0.008541833205,0.0004232302954,0.003112040605,1.284495408e-05,0.003644285974,2.451544315e-05,0.005602959031,0.0003914507296,0.2178186381
147.0,0.001284667123,1.873539791e-05,0.005228622787,7.963965784e-05,0.001367902031,1.999500214e-05,0.008694653175,0.0002085657896,0.002994098673,1.237224297e-05,0.003525454229,2.379043346e-05,0.002757396525,0.0004499307252,0.2182685688
148.0,0.001264997657,1.837181769e-05,0.005169996572,7.848426408e-05,0.001353211259,1.997702021e-05,0.008598814801,0.000204634123,0.002881327583,1.189388178e-05,0.003409900591,2.305465135e-05,0.002701992315,0.0004909360241,0.2187595048
149.0,0.001248011208,1.80520825e-05,0.005103427477,7.71898958e-05,0.001341357346,1.997592497e-05,0.008594627064,0.0004295748411,0.002774921473,1.144565904e-05,0.003294609764,2.234751765e-05,0.005664591216,0.0001336935706,0.2188931984
150.0,0.001233251099,1.783241225e-05,0.005018865575,7.567581744e-05,0.001328113634,1.995656623e-05,0.008680339547,0.0002174841143,0.002668358948,1.099202985e-05,0.003179151141,2.16120697e-05,0.002863185364,0.0006326198471,0.2195258183
151.0,0.001213839957,1.752774228e-05,0.00496172055,7.46689464e-05,0.00131725878,1.98935469e-05,0.008695828094,0.0002149303564,0.002567301226,1.056620168e-05,0.003066384753,2.09111302e-05,0.002825318712,0.0006567276415,0.2201825459
152.0,0.001196875964,1.724723946e-05,0.004899763566,7.35851408e-05,0.001306600277,1.982453326e-05,0.008703948609,0.0004343449794,0.002474291469,1.01519068e-05,0.00295797008,2.02335796e-05,0.005699845316,-5.867227626e-05,0.2201238736
153.0,0.001180771194,1.70172512e-05,0.004824109812,7.231681159e-05,0.001294691565,1.976266133e-05,0.008641938313,0.0002177050987,0.002385431403,9.765310531e-06,0.00285153649,1.955591587e-05,0.002851589248,0.0006497586797,0.2207736323
154.0,0.001159277207,1.671046986e-05,0.004776157406,7.154007453e-05,0.001282787638,1.963246693e-05,0.008633082185,0.0002117171701,0.002306526792,9.415418723e-06,0.002751464263,1.890507845e-05,0.002768658815,0.0006058486984,0.221379481
155.0,0.001141253198,1.642932236e-05,0.004722956214,7.067258395e-05,0.001271761498,1.950988915e-05,0.008593634204,0.0004241574886,0.002238922193,9.102122687e-06,0.002658466009,1.829610125e-05,0.005536759504,-7.998548675e-05,0.2212994955
156.0,0.001123651814,1.617397528e-05,0.004658368454,6.960483747e-05,0.001259978009,1.941951847e-05,0.008464296082,0.0002058750164,0.002178475517,8.83971177e-06,0.00256782171,1.770267402e-05,0.002682440156,0.0005600768328,0.2218595724
157.0,0.001102792051,1.587435933e-05,0.00462036227,6.897776163e-05,0.001247432925,1.924461062e-05,0.008410162889,0.0004196817736,0.002131749012,8.648555717e-06,0.00248461568,1.716767926e-05,0.005459418653,-5.621115506e-05,0.2218033612
158.0,0.001085933314,1.562784497e-05,0.004563738219,6.805800425e-05,0.001235531473,1.913497007e-05,0.008276949973,0.0001996678157,0.002091652586,8.457172822e-06,0.002405949171,1.666895426e-05,0.002592829698,0.0005184876868,0.2223218489
159.0,0.001066506252,1.534422874e-05,0.004532331747,6.753601756e-05,0.001222744933,1.89352708e-05,0.008177763631,0.0001891849535,0.002061929761,8.341082519e-06,0.002335127226,1.621045443e-05,0.002452937087,0.0004307456568,0.2227525945
160.0,0.001049808706,1.509802019e-05,0.004493488989,6.690746866e-05,0.001210618919,1.876367244e-05,0.008042533452,0.0003942841458,0.002043740731,8.279390203e-06,0.002272298288,1.580677844e-05,0.005104079622,8.950795596e-05,0.2228421025
161.0,0.001031083614,1.486367412e-05,0.004442530728,6.60881195e-05,0.001198418307,1.864845569e-05,0.007906911895,0.0001794971416,0.002026184578,8.235695759e-06,0.002213250935,1.543843429e-05,0.002319988638,0.0003379322914,0.2231800348
162.0,0.001014024655,1.463252163e-05,0.004416870806,6.563729845e-05,0.001184819504,1.84389215e-05,0.007760703236,0.0001685021,0.002017651896,8.235387351e-06,0.002162865076,1.511609051e-05,0.002174759061,0.0002671001496,0.2234471349
163.0,0.0009981902517,1.442728241e-05,0.004384228726,6.508919013e-05,0.001172036969,1.826407407e-05,0.007609871742,0.000372806926,0.002016507862,8.280443496e-06,0.002118446728,1.48395031e-05,0.004805052897,0.0002121538093,0.2236592887
164.0,0.0009806800738,1.422339581e-05,0.004338365547,6.434864614e-05,0.001159776208,1.814646158e-05,0.007518261003,0.0001669465158,0.002014267738,8.313587302e-06,0.002076283067,1.458484275e-05,0.002148758899,0.0002250806231,0.2238843694
165.0,0.0009654998647,1.402521243e-05,0.004316976137,6.395497677e-05,0.001146011397,1.793345005e-05,0.007339352378,0.0001590107597,0.002018085544,8.376742283e-06,0.002040024562,1.437832005e-05,0.002043783506,0.0001814448229,0.2240658142
166.0,0.0009512950756,1.384151243e-05,0.004288590325,6.34945027e-05,0.001133221326,1.775329414e-05,0.007183744914,0.0001515959392,0.00202390876,8.472041892e-06,0.002007845503,1.420159359e-05,0.001946055331,0.0001438829182,0.2242096971
167.0,0.0009369712946,1.36593783e-05,0.004261656201,6.305923243e-05,0.001120664365,1.758028552e-05,0.007056193479,0.0001457421208,0.002031712685,8.543979631e-06,0.001980168002,1.40474142e-05,0.001868613949,0.0001151230261,0.2243248201
168.0,0.0009227644871,1.347556262e-05,0.00423695424,6.266129203e-05,0.001108183649,1.741150192e-05,0.006940984225,0.0001420526389,0.00203930297,8.638230519e-06,0.001955456805,1.391893224e-05,0.001819052129,9.631341918e-05,0.2244211336
169.0,0.0009084230544,1.329653239e-05,0.004215190911,6.232984283e-05,0.001095629902,1.724423788e-05,0.006847480365,0.0001404623098,0.002046612069,8.74540563e-06,0.001934118683,1.379811103e-05,0.001796446509,8.626009806e-05,0.2245073937
170.0,0.0008944546833,1.311993623e-05,0.004196908589,6.207182938e-05,0.001083058569,1.707666413e-05,0.006760396869,0.0001403424108,0.002053601836,8.848519385e-06,0.001915640732,1.370622188e-05,0.001792679199,8.179188201e-05,0.2245891855
171.0,0.0008810908475,1.294918466e-05,0.004182882218,6.191321015e-05,0.001070665381,1.69071606e-05,0.006683693002,0.000141060083,0.002058789827,8.947716927e-06,0.001899762299,1.362356988e-05,0.001799589178,8.0392347e-05,0.2246695779
172.0,0.0008682007076,1.278104415e-05,0.004173542665,6.18756747e-05,0.001058547665,1.673476747e-05,0.00661676931,0.0001420478719,0.002063250003,9.036056579e-06,0.001885738886,1.356659627e-05,0.001809859147,8.042240404e-05,0.2247500003
173.0,0.0008559635168,1.261848793e-05,0.004168308218,6.195683619e-05,0.001046615403,1.656069419e-05,0.006558079433,0.0001426957066,0.002065881478,9.118385297e-06,0.001873597787,1.352369783e-05,0.001815753996,8.058026857e-05,0.2248305806
174.0,0.0008443353027,1.246081697e-05,0.004166728444,6.212951264e-05,0.001034796298,1.63845715e-05,0.006495910362,0.0001427019142,0.002068024917,9.186959323e-06,0.001862664139,1.348868067e-05,0.001813447443,7.932239794e-05,0.224909903
175.0,0.0008331700774,1.230591469e-05,0.004169224848,6.235273174e-05,0.001023082672,1.620745416e-05,0.006436362798,0.000141999119,0.002069054828,9.249214937e-06,0.001852434166,1.346076749e-05,0.00180214792,7.689123719e-05,0.2249867942
176.0,0.0008223631241,1.215645885e-05,0.004175705477,6.260618309e-05,0.001011470668,1.603037837e-05,0.006386588161,0.0001405684679,0.002069915857,9.298988551e-06,0.001843244787,1.343538038e-05,0.001781645305,7.151966732e-05,0.2250583139
177.0,0.0008119257307,1.201238597e-05,0.00418488333,6.287654739e-05,0.0009999598877,1.585313461e-05,0.006340945118,0.0001385024199,0.002070444987,9.342089194e-06,0.001834728252,1.341092368e-05,0.001753116161,6.457071864e-05,0.2251228846
178.0,0.0008017541014,1.187057381e-05,0.004194721956,6.314489183e-05,0.0009885455995,1.567663022e-05,0.006297791792,0.0001360638158,0.002070669447,9.372032099e-06,0.001826707357,1.339080631e-05,0.001719946139,5.673042294e-05,0.225179615
179.0,0.0007918718704,1.173178839e-05,0.004204302494,6.339905488e-05,0.0009771377373,1.550046641e-05,0.006251056846,0.0001334404419,0.002070525408,9.3969748e-06,0.001819427489,1.33774986e-05,0.001684535351,4.911872968e-05,0.2252287337
180.0,0.0007823939195,1.159738182e-05,0.004212104633,6.362729e-05,0.0009657433351,1.532594205e-05,0.006202027349,0.0001309484975,0.002069121314,9.444860133e-06,0.001812715814,1.33657258e-05,0.001650890585,4.270339006e-05,0.2252714371
181.0,0.0007733948607,1.146659944e-05,0.004217688628,6.383197404e-05,0.0009544424659,1.515404214e-05,0.006148852122,0.0001285745709,0.002066953745,9.512467796e-06,0.001806606083,1.336470695e-05,0.001618810838,3.776110161e-05,0.2253091982
182.0,0.0007648336219,1.133982377e-05,0.004221064366,6.400451354e-05,0.0009431473154,1.498413616e-05,0.006094094193,0.0001264286462,0.002064340858,9.566415724e-06,0.001802396495,1.335744007e-05,0.001589716635,3.384962639e-05,0.2253430478
183.0,0.0007568023023,1.121777084e-05,0.004223097515,6.413985036e-05,0.0009318934798,1.481681328e-05,0.00604058965,0.0001244644061,0.00206076378,9.617597959e-06,0.00179803222,1.33657518e-05,0.001562985635,3.095254799e-05,0.2253740004
184.0,0.0007492509856,1.110187392e-05,0.004223591987,6.423799722e-05,0.0009207812114,1.465189236e-05,0.005989761591,0.0001226850762,0.002056215617,9.663179125e-06,0.001795114665,1.337196154e-05,0.001538648048,2.858341587e-05,0.2254025838
185.0,0.0007421774716,1.099293068e-05,0.004222795683,6.430457742e-05,0.0009098845241,1.448919314e-05,0.005947833698,0.0001210512223,0.002050628121,9.699854314e-06,0.0017933689,1.337262875e-05,0.001516217193,2.618725835e-05,0.2254287711
186.0,0.0007354405779,1.089099187e-05,0.004220590146,6.434141644e-05,0.0008991826334,1.432808092e-05,0.005904803325,0.0001194683404,0.002043806658,9.736546286e-06,0.001791267427,1.339090378e-05,0.001494494848,2.388167235e-05,0.2254526527
187.0,0.000728954912,1.079517084e-05,0.004216949737,6.435521465e-05,0.0008886730423,1.416895807e-05,0.005868513147,0.0001179768502,0.002035588819,9.796565904e-06,0.001789946053,1.341037592e-05,0.001473996305,2.101628859e-05,0.225473669
188.0,0.0007227822406,1.070489208e-05,0.004211974908,6.43468015e-05,0.0008782599892,1.401038697e-05,0.005835951892,0.0001165125431,0.002027635985,9.799989269e-06,0.001788690971,1.343106963e-05,0.001453912675,1.781558722e-05,0.2254914846
189.0,0.0007168782551,1.061974638e-05,0.004205755616,6.431146416e-05,0.0008679564271,1.385315278e-05,0.005809176902,0.0001151116104,0.002017772541,9.856804279e-06,0.001787385061,1.34482656e-05,0.001434665721,1.41428762e-05,0.2255056275
190.0,0.0007113226893,1.053843496e-05,0.004198648688,6.425141368e-05,0.0008577489796,1.369647726e-05,0.005780654489,0.0002878648288,0.002011829171,9.862183486e-06,0.001787354381,1.347016027e-05,0.003583372141,0.000245896313,0.2257515238
191.0,0.0007081675949,1.05154794e-05,0.004171889031,6.387753878e-05,0.0008488252937,1.358318915e-05,0.005802157976,0.0001233075805,0.002000393886,9.899794128e-06,0.00178318377,1.347913827e-05,0.00153314529,2.777595039e-05,0.2257792998
192.0,0.0007004859058,1.039486767e-05,0.004173412258,6.393743206e-05,0.0008374232642,1.33892371e-05,0.005752728593,0.0001205975973,0.001992873452,9.919989039e-06,0.001780331719,1.34829281e-05,0.001497530296,2.231228554e-05,0.225801612
193.0,0.0006953748147,1.030502188e-05,0.004168912075,6.390310346e-05,0.0008271200922,1.321931841e-05,0.005710186179,0.0001163922826,0.001985229642,9.961142903e-06,0.001777236601,1.348617432e-05,0.001443658624,1.125439223e-05,0.2258128664
194.0,0.0006904804561,1.022121472e-05,0.004162454027,6.383340586e-05,0.0008172625533,1.305799817e-05,0.005679008826,0.0002806290695,0.001980322588,9.954416237e-06,0.001775647688,1.349908011e-05,0.003476755434,0.0002125982748,0.2260254647
195.0,0.0006877243591,1.020257665e-05,0.004134909113,6.343333307e-05,0.0008088472777,1.294768664e-05,0.00568051648,0.0001188810929,0.001968546619,9.994740435e-06,0.001769856383,1.348772253e-05,0.001471142165,1.655562504e-05,0.2260420203
196.0,0.0006806640533,1.008663753e-05,0.00413484753,6.345120103e-05,0.0007981946642,1.276034789e-05,0.005649540742,0.0001145464066,0.001960753048,9.958666135e-06,0.001765503889,1.347657565e-05,0.0014157582,3.281971689e-06,0.2260453023
197.0,0.0006761834283,1.000319029e-05,0.004128267833,6.33672469e-05,0.0007887356334,1.259811142e-05,0.005621060604,0.000274073887,0.001953888232,1.000793291e-05,0.001762015104,1.349651106e-05,0.003383661945,0.0001871601111,0.2262324624
198.0,0.0006740935604,9.990963816e-06,0.004099791326,6.294032384e-05,0.0007806032893,1.248871767e-05,0.005614906644,0.000116433223,0.001941305559,9.986148585e-06,0.001755540362,1.346570841e-05,0.001435894091,1.217472094e-05,0.2262446371
199.0,0.0006671593677,9.875026552e-06,0.004098339992,6.293072405e-05,0.0007703145863,1.230270572e-05,0.00558850544,0.0002757293035,0.001934355269,1.000324819e-05,0.0017517237,1.347088607e-05,0.003396342527,0.0001645761848,0.2264092133
200.0,0.0006656981194,9.864329755e-06,0.004070498047,6.250999217e-05,0.0007620375544,1.218859351e-05,0.005571814511,0.000118603637,0.001921902506,9.989873283e-06,0.001744825099,1.344825869e-05,0.001459373944,2.978929729e-05,0.2264390026
201.0,0.0006581487292,9.739382872e-06,0.004069743165,6.250304275e-05,0.0007517846152,1.199772832e-05,0.00554583031,0.0002743316007,0.001912855184,9.98926173e-06,0.001740787834,1.343493142e-05,0.003371766511,0.0001417466063,0.2265807492
202.0,0.0006566103158,9.726364983e-06,0.00404189446,6.207629798e-05,0.0007436401939,1.188291794e-05,0.005512053095,0.0001181694337,0.001899668412,9.975931187e-06,0.001733211661,1.341851311e-05,0.001450931203,4.217569372e-05,0.2266229249
203.0,0.0006488296155,9.600307803e-06,0.004039951776,6.205689306e-05,0.0007334526185,1.169361277e-05,0.005485881717,0.0002684567441,0.001889239448,9.959922009e-06,0.001729037187,1.339897913e-05,0.003292674353,0.000124666107,0.226747591
204.0,0.0006473513839,9.587259677e-06,0.004011120386,6.161265768e-05,0.0007254159586,1.15816949e-05,0.00544547349,0.0001151013925,0.001875757551,9.946939518e-06,0.001721719958,1.337089772e-05,0.001410393064,4.26774885e-05,0.2267902685
205.0,0.0006397354635,9.46640711e-06,0.004007523284,6.157056667e-05,0.0007153744466,1.139752843e-05,0.005422338119,0.0002604056215,0.00186473535,9.935253381e-06,0.001717622654,1.335681881e-05,0.003187639299,0.0001155439473,0.2269058125
206.0,0.0006383531639,9.456056135e-06,0.003977188308,6.110685948e-05,0.0007075417186,1.128921714e-05,0.005374256511,0.0002640638692,0.001852540196,9.91551653e-06,0.001711768861,1.334414205e-05,0.003229509428,9.786787717e-05,0.2270036803
207.0,0.0006347336019,9.416002989e-06,0.003953501927,6.074687242e-05,0.0006988192374,1.11602377e-05,0.005336117234,0.0001162569035,0.001837822263,9.893175436e-06,0.001706290558,1.331289694e-05,0.001420515118,7.271556191e-05,0.2270763959
208.0,0.0006267600975,9.288925469e-06,0.003951136989,6.071723293e-05,0.0006887074978,1.09696202e-05,0.005314206412,0.0002575263271,0.001826534471,9.871345771e-06,0.001702809186,1.330167703e-05,0.003143755876,8.668622131e-05,0.2271630821
209.0,0.0006255267309,9.275985603e-06,0.003921499054,6.025957435e-05,0.0006808953153,1.08588545e-05,0.005257049006,0.0002587570743,0.001813686863,9.84748463e-06,0.001697939394,1.327767405e-05,0.003156166957,7.227979272e-05,0.2272353619
210.0,0.0006218846759,9.233470797e-06,0.003897517842,5.989468519e-05,0.0006723566766,1.072959514e-05,0.005216636487,0.0001148420377,0.001798843301,9.818235059e-06,0.001691788765,1.324483744e-05,0.001399625835,9.225790663e-05,0.2273276198
211.0,0.0006139892133,9.111677797e-06,0.003893493664,5.983915535e-05,0.0006625127932,1.05399213e-05,0.005203413247,0.0002495167829,0.001786888024,9.793082745e-06,0.001687644408,1.323397434e-05,0.003038457163,6.868454172e-05,0.2273963044
212.0,0.0006130820297,9.100591967e-06,0.003863011065,5.936223396e-05,0.0006550004245,1.043266747e-05,0.005139150897,0.0002492817243,0.001773668362,9.763431406e-06,0.001683036532,1.319981276e-05,0.003033275971,5.905004398e-05,0.2274553544
213.0,0.0006097828007,9.062406654e-06,0.00383788182,5.89738711e-05,0.0006467923569,1.030862927e-05,0.005094677594,0.0002520176066,0.00176058274,9.731199764e-06,0.001677280169,1.318334227e-05,0.003064327173,4.234805856e-05,0.2274977025
214.0,0.0006063182482,9.017858663e-06,0.003814769678,5.861957823e-05,0.0006384079607,1.017870754e-05,0.005054195137,0.0001142656247,0.001745643861,9.695483429e-06,0.001671294933,1.314693842e-05,0.00138839889,0.0001242491046,0.2276219516
215.0,0.0005986823203,8.901633999e-06,0.003810034223,5.855089233e-05,0.0006287514763,9.987873241e-06,0.00505079427,0.0002421376242,0.001734657624,9.66027092e-06,0.001667341143,1.311883374e-05,0.002940049553,4.02169444e-05,0.2276621685
216.0,0.0005979597119,8.890038421e-06,0.003779439222,5.807019665e-05,0.0006214773489,9.882101334e-06,0.004977807195,0.0002398808498,0.00172341403,9.62075449e-06,0.001661709606,1.30899016e-05,0.002910677644,3.59151994e-05,0.2276980837
217.0,0.0005948975451,8.854555156e-06,0.003754221415,5.767129462e-05,0.0006137173838,9.762096005e-06,0.00493678696,0.0002410537556,0.001711589112,9.582642351e-06,0.001656174623,1.305738366e-05,0.002923088783,2.326685305e-05,0.2277213506
218.0,0.0005916874115,8.814704295e-06,0.003730893067,5.730186015e-05,0.0006057315639,9.637843599e-06,0.004899618964,0.0002424558718,0.001699959388,9.542164874e-06,0.001650297561,1.3020883e-05,0.002938355386,7.934704739e-06,0.2277292853
219.0,0.0005881346633,8.769396529e-06,0.003709111335,5.695713299e-05,0.0005976287126,9.510075756e-06,0.004863548082,0.0002427904667,0.001687293046,9.497644445e-06,0.001644508815,1.298365505e-05,0.002940753574,-7.882195955e-06,0.2277214031
220.0,0.0005842805366,8.720006233e-06,0.003688254113,5.662770576e-05,0.0005895127369,9.380388226e-06,0.004828369009,0.0001128116903,0.001674019429,9.448422207e-06,0.001637743255,1.294122313e-05,0.001365679252,0.0001821331959,0.2279035363
221.0,0.0005773265328,8.61815582e-06,0.003682231118,5.653628225e-05,0.0005804297788,9.196487647e-06,0.004848439798,0.0002302805775,0.001662566821,9.396942493e-06,0.001632555924,1.290546866e-05,0.002786203928,-9.58488348e-06,0.2278939514
222.0,0.0005767213679,8.609450452e-06,0.003652598793,5.605670925e-05,0.0005736330175,9.098628126e-06,0.004767456242,0.0002245922218,0.001651531409,9.345700267e-06,0.001626238548,1.286669963e-05,0.002715838814,-2.581762571e-06,0.2278913696
223.0,0.0005740693111,8.580201717e-06,0.003627611745,5.56544221e-05,0.0005665165237,8.991441753e-06,0.004729995581,0.0002238248479,0.001640298198,9.288335267e-06,0.001619601241,1.282624419e-05,0.002705206067,-8.136416575e-06,0.2278832332
224.0,0.0005714079862,8.547384614e-06,0.003604855824,5.528399407e-05,0.0005592901608,8.882703769e-06,0.004700817766,0.0002242066987,0.001627391532,9.232675218e-06,0.001613013509,1.278500354e-05,0.00270853394,-1.812893344e-05,0.2278651043
225.0,0.0005684629816,8.509556056e-06,0.003584486586,5.494066306e-05,0.0005520083813,8.771492242e-06,0.004673260725,0.0002242139141,0.001613063994,9.172055533e-06,0.001606573196,1.274237957e-05,0.002707396884,-2.947551567e-05,0.2278356288
226.0,0.0005652279547,8.466803369e-06,0.003565727399,5.461514217e-05,0.0005447920543,8.65825125e-06,0.004649507637,0.0002232985587,0.001598017939,9.11285517e-06,0.001600058466,1.270059833e-05,0.002695197283,-4.063435011e-05,0.2277949944
227.0,0.0005618226034,8.420451471e-06,0.003547344464,5.429842452e-05,0.0005376943915,8.544522106e-06,0.004619617477,0.0002212758649,0.001584621355,9.051624311e-06,0.001594334187,1.266313324e-05,0.00266964648,-5.122877252e-05,0.2277437656
228.0,0.0005582328512,8.372154964e-06,0.003528609191,5.398532712e-05,0.0005307816892,8.432201964e-06,0.004593705177,0.0002184127233,0.001571938008,8.993001626e-06,0.001587957666,1.261838989e-05,0.00263405902,-6.16575907e-05,0.227682108
229.0,0.0005547940825,8.324214934e-06,0.003509955951,5.366789953e-05,0.0005241321272,8.322763921e-06,0.004566667259,0.0002151646984,0.00155885887,8.932974641e-06,0.001582373684,1.258029559e-05,0.002593928954,-7.139986509e-05,0.2276107082
230.0,0.0005515366471,8.278293325e-06,0.003491398623,5.334724659e-05,0.0005177552376,8.216836005e-06,0.004536493842,0.0002118218077,0.001546106345,8.868991331e-06,0.001576786588,1.253796121e-05,0.002552692903,-7.992827761e-05,0.2275307799
231.0,0.0005485006533,8.234549743e-06,0.003472546895,5.302544154e-05,0.0005117046736,8.11492683e-06,0.004511512622,0.0002087155707,0.001532859725,8.805085227e-06,0.001570700357,1.249456693e-05,0.002514339902,-8.721683678e-05,0.2274435631
232.0,0.0005457154669,8.193158233e-06,0.003453624528,5.270218542e-05,0.0005059202529,8.016928967e-06,0.004488389957,0.0002060237818,0.001520027826,8.736339015e-06,0.001565360266,1.245022025e-05,0.002481032188,-9.298002721e-05,0.227350583
233.0,0.0005429980068,8.15366233e-06,0.00343450528,5.237787182e-05,0.0005003444305,7.922043484e-06,0.004462485107,0.0002036143748,0.00150652934,8.666073093e-06,0.001559766614,1.240435438e-05,0.002451123295,-9.683904434e-05,0.227253744
234.0,0.0005403918945,8.115062783e-06,0.003415707628,5.205399026e-05,0.0004949477904,7.82967397e-06,0.004442151682,0.0002014738549,0.001494513373,8.592401911e-06,0.001554206267,1.235640408e-05,0.002424484779,-9.933226578e-05,0.2271544117
235.0,0.0005379100598,8.077078436e-06,0.003396913607,5.17293248e-05,0.0004896829746,7.738671648e-06,0.004415968117,0.0001993515458,0.001485179496,8.519279958e-06,0.001548887943,1.230871347e-05,0.002398053286,-0.0001001418903,0.2270542698
236.0,0.0005352819936,8.038617427e-06,0.003377861567,5.140184725e-05,0.0004844834978,7.649391619e-06,0.004394287891,0.0001971736216,0.001473201317,8.448431058e-06,0.001543707235,1.226004378e-05,0.002371009113,-9.967722968e-05,0.2269545926
237.0,0.00053268523,7.999482415e-06,0.00335894422,5.107241385e-05,0.0004793434546,7.561456979e-06,0.004369629426,0.0001949050576,0.001460799849,8.374600344e-06,0.001538467621,1.221034896e-05,0.002342919731,-9.843740956e-05,0.2268561552
238.0,0.000529900917,7.96011077e-06,0.003340024515,5.073934783e-05,0.0004742772436,7.474869427e-06,0.004339205739,0.0001923510862,0.001448330539,8.300917315e-06,0.001533282971,1.21580742e-05,0.002311448768,-9.592908978e-05,0.2267602261
239.0,0.0005270089046,7.920309738e-06,0.003321222254,5.040216125e-05,0.0004692721473,7.389785083e-06,0.004311648827,0.0001895653488,0.001435623208,8.228115793e-06,0.001528448488,1.210703546e-05,0.002277267193,-9.25663101e-05,0.2266676598
240.0,0.0005241990383,7.880975525e-06,0.003301934039,5.005907763e-05,0.0004643523674,7.306673655e-06,0.004275089667,0.0001865616695,0.001423541708,8.155931575e-06,0.001523234312,1.205336794e-05,0.002240513279,-8.843684906e-05,0.226579223
241.0,0.000521404878,7.842443766e-06,0.003282168602,4.971012315e-05,0.0004595311766,7.225617096e-06,0.00424322607,0.0001835087352,0.001412143589,8.08230337e-06,0.001518746021,1.200260186e-05,0.002203227017,-8.399526608e-05,0.2264952277
242.0,0.0005186933256,7.804597386e-06,0.003261865306,4.935358234e-05,0.0004548292242,7.146952818e-06,0.004212537615,0.0001805638033,0.001400961291,8.011057011e-06,0.001514072951,1.194930598e-05,0.002167313415,-7.940492981e-05,0.2264158228
243.0,0.0005159784316,7.767706219e-06,0.003241068154,4.89887942e-05,0.0004502212323,7.070399668e-06,0.004180561869,0.0001776375312,0.00139000462,7.936643952e-06,0.001509527843,1.189681296e-05,0.002131643031,-7.471819831e-05,0.2263411046
244.0,0.0005132991417,7.731667551e-06,0.003220003299,4.861601119e-05,0.0004457258099,6.996478884e-06,0.004149539449,0.0001747865566,0.001379400808,7.865916573e-06,0.001504614499,1.184060649e-05,0.002096896299,-7.052986638e-05,0.2262705747
245.0,0.000510615331,7.696103624e-06,0.003198445168,4.823392669e-05,0.0004413143241,6.925183772e-06,0.00411042761,0.000171887198,0.001368703859,7.79339487e-06,0.001500167634,1.178623267e-05,0.002061567072,-6.674133272e-05,0.2262038334
246.0,0.0005079699518,7.660369679e-06,0.003176383084,4.783980607e-05,0.0004370570963,6.856088949e-06,0.004069247743,0.0001690602146,0.001358090359,7.717436078e-06,0.001495343384,1.173298402e-05,0.00202713545,-6.332779228e-05,0.2261405056
247.0,0.0005053639147,7.625474651e-06,0.003153412636,4.743131252e-05,0.0004329389743,6.78927252e-06,0.004024523386,0.000166333795,0.001350304816,7.643273472e-06,0.001490443656,1.167692621e-05,0.001993947287,-5.995011289e-05,0.2260805555
248.0,0.0005027305845,7.590729091e-06,0.003128356274,4.700623678e-05,0.0004289204484,6.723969826e-06,0.003976875021,0.0001637371963,0.001340946511,7.570908125e-06,0.001485474745,1.162208117e-05,0.001962332399,-5.639779791e-05,0.2260241577
249.0,0.000500187027,7.55755808e-06,0.003102010818,4.656402285e-05,0.0004250223787,6.660671863e-06,0.00392930029,0.0001613139138,0.001330323193,7.499430771e-06,0.001480452168,1.156481143e-05,0.001932832775,-5.268239197e-05,0.2259714753
250.0,0.0004977538171,7.5256701e-06,0.003074678972,4.610584508e-05,0.0004212473973,6.599287349e-06,0.003880360461,0.0001590604155,0.00131916687,7.426600341e-06,0.001475651092,1.150988776e-05,0.001905391104,-4.826568689e-05,0.2259232096
251.0,0.0004953662937,7.494590451e-06,0.003047463996,4.563476694e-05,0.0004175774281,6.539788935e-06,0.003841287525,0.0001571613261,0.00130755938,7.355888333e-06,0.001470920713,1.145465357e-05,0.001882257785,-4.3425371e-05,0.2258797842
252.0,0.0004931490493,7.464434534e-06,0.003019731559,4.515420288e-05,0.0004140543334,6.482001603e-06,0.003795572831,0.0001555436105,0.001295622897,7.281271032e-06,0.001466208603,1.140132156e-05,0.001862481368,-3.792122799e-05,0.225841863
253.0,0.0004908935152,7.435037325e-06,0.002991439737,4.466550473e-05,0.0004106432714,6.425976777e-06,0.003754956033,0.0001542396779,0.001283931754,7.20689931e-06,0.001461402838,1.134601414e-05,0.001846491408,-3.234484618e-05,0.2258095181
254.0,0.0004886473106,7.406617642e-06,0.002962708667,4.416914723e-05,0.0004073740316,6.371614182e-06,0.003713043789,0.0001533150905,0.001272497016,7.131133532e-06,0.001456806648,1.129274828e-05,0.001835075351,-2.66496191e-05,0.2257828685
255.0,0.00048641573,7.379294005e-06,0.002933573151,4.36677366e-05,0.0004042195838,6.319044125e-06,0.003664908875,0.0001524863232,0.001261362431,7.055521211e-06,0.001452208208,1.123869485e-05,0.001824823064,-2.071367492e-05,0.2257621548
256.0,0.0004842162625,7.352107813e-06,0.002904447861,4.316146623e-05,0.0004012118451,6.268260538e-06,0.003619610533,0.0001517948155,0.001250253599,6.979186252e-06,0.001447869665,1.118581193e-05,0.001816251224,-1.50718973e-05,0.2257470829
257.0,0.0004821313409,7.325476634e-06,0.002875089167,4.264992576e-05,0.0003983757171,6.219499083e-06,0.003573473161,0.000151184495,0.001239495397,6.905593489e-06,0.001443239243,1.113309626e-05,0.001808678703,-9.370725074e-06,0.2257377122
258.0,0.0004799632857,7.299129861e-06,0.002844842722,4.212925366e-05,0.0003956595091,6.172971039e-06,0.003528790774,0.0001506706392,0.001228535301,6.829901553e-06,0.001438675046,1.107797118e-05,0.00180227801,-3.943146383e-06,0.2257337691
259.0,0.0004779183659,7.273291583e-06,0.002814072668,4.159683955e-05,0.0003930723115,6.128350495e-06,0.003482026222,0.0001502249918,0.001217933781,6.75696582e-06,0.001434274243,1.102745871e-05,0.001796710572,1.254629817e-06,0.2257350237
260.0,0.0004759366706,7.248072126e-06,0.002782680223,4.105110915e-05,0.0003906214662,6.085927184e-06,0.003439588253,0.0001498254719,0.001207204308,6.682928151e-06,0.001429853108,1.097702517e-05,0.001791725924,6.12508543e-06,0.2257411488
261.0,0.0004740831277,7.223025754e-06,0.002750766293,4.049111564e-05,0.0003883290431,6.045518933e-06,0.003396863914,0.0001494551324,0.001196561819,6.610472284e-06,0.001425380516,1.092503687e-05,0.00178711429,1.077328223e-05,0.2257519221
262.0,0.0004722109336,7.198123271e-06,0.002717672806,3.991711748e-05,0.0003862061963,6.007467684e-06,0.003354739043,0.0001490233666,0.001185714585,6.53758164e-06,0.001421087566,1.087164076e-05,0.001781760055,1.525731445e-05,0.2257671794
263.0,0.0004703415429,7.173759843e-06,0.002683740831,3.933184105e-05,0.0003842050694,5.971765401e-06,0.003316461041,0.0001486305616,0.001175162978,6.46473083e-06,0.001416801431,1.081831445e-05,0.001776898614,1.956989094e-05,0.2257867493
264.0,0.0004686411774,7.1502942e-06,0.002650062344,3.873480552e-05,0.0003823630857,5.937900998e-06,0.003275300637,0.0001482098481,0.001164460551,6.391169603e-06,0.001412397239,1.076521294e-05,0.00177170058,2.38190433e-05,0.2258105683
265.0,0.0004669973243,7.127633891e-06,0.002615249643,3.812924099e-05,0.0003806635527,5.906171119e-06,0.003239276043,0.0001477245299,0.001153896309,6.317061742e-06,0.001408342686,1.071203567e-05,0.001765759191,2.784179684e-05,0.2258384101
266.0,0.0004654545531,7.105653508e-06,0.002579019766,3.751400979e-05,0.0003791294555,5.876620531e-06,0.003203602312,0.0001472653932,0.001143252097,6.246378632e-06,0.00140418994,1.065729441e-05,0.001760147527,3.163943573e-05,0.2258700495
267.0,0.0004639412624,7.084440964e-06,0.002542399625,3.689173917e-05,0.0003778042198,5.849292855e-06,0.003168294143,0.0001467646136,0.001132671427,6.175268048e-06,0.001400264439,1.060667287e-05,0.001754063515,3.555163547e-05,0.2259056012
268.0,0.0004624903836,7.064274451e-06,0.00250609631,3.626718975e-05,0.0003766663844,5.824601566e-06,0.00312740222,0.0001462113442,0.00112198563,6.10234156e-06,0.001396478572,1.05560841e-05,0.001747375436,3.915454698e-05,0.2259447557
269.0,0.0004611832405,7.0451155e-06,0.002469944622,3.564301405e-05,0.0003756961056,5.802477336e-06,0.003087215214,0.0001455026729,0.001111355993,6.029771984e-06,0.001392798141,1.050652792e-05,0.001738856065,4.26300035e-05,0.2259873857
270.0,0.0004598863958,7.027336989e-06,0.00243326515,3.502263856e-05,0.0003749176775,5.783253042e-06,0.003048840823,0.0001446864945,0.001100611466,5.956601215e-06,0.001389169267,1.045828995e-05,0.001729090686,4.589068685e-05,0.2260332764
271.0,0.0004586753514,7.011193595e-06,0.002397201531,3.440796319e-05,0.0003743304557,5.766699327e-06,0.003008606859,0.0001437961765,0.001090180151,5.886993012e-06,0.00138558045,1.040751258e-05,0.001718444625,4.930771961e-05,0.2260825841
272.0,0.0004575277325,6.996846417e-06,0.002361568682,3.380108865e-05,0.0003739347619,5.752933405e-06,0.002972448373,0.000142869187,0.001079665897,5.816003191e-06,0.001382012177,1.03539303e-05,0.001707392402,5.257672938e-05,0.2261351609
273.0,0.0004565784713,6.983958535e-06,0.002326764441,3.320124869e-05,0.0003737634447,5.742151957e-06,0.00293544084,0.0001419393578,0.001069184761,5.745971824e-06,0.001378652557,1.030567156e-05,0.001696312121,5.622090134e-05,0.2261913818
274.0,0.0004556583558,6.971749603e-06,0.002293090581,3.261321144e-05,0.0003737847706,5.734204198e-06,0.002901062825,0.000141151522,0.00105861723,5.675819527e-06,0.001375248692,1.025729969e-05,0.00168697295,5.835782337e-05,0.2262497396
275.0,0.0004548738028,6.960332047e-06,0.00226042765,3.203941111e-05,0.0003739916007,5.728982767e-06,0.002867737264,0.0001402770824,0.001048460885,5.604527722e-06,0.0013720414,1.020782385e-05,0.001676605058,6.273422586e-05,0.2263124738
276.0,0.0004541658111,6.949495384e-06,0.00222822581,3.148070488e-05,0.0003744280096,5.726936668e-06,0.002839789183,0.0001395273784,0.00103833966,5.536322008e-06,0.001368851051,1.016039959e-05,0.001667754125,6.58652149e-05,0.226378339
277.0,0.0004536358356,6.939037527e-06,0.002197424114,3.093640038e-05,0.0003750670203,5.72776869e-06,0.002810574281,0.0001387290306,0.001028352535,5.466204625e-06,0.00136568174,1.011340617e-05,0.001658344686,7.124937417e-05,0.2264495884
278.0,0.0004530999841,6.928937962e-06,0.002167338806,3.040705636e-05,0.0003758650022,5.731444782e-06,0.002784179629,0.0001380651712,0.001018457671,5.396664114e-06,0.001362862432,1.00655267e-05,0.001650561092,7.474913588e-05,0.2265243375
279.0,0.0004527645823,6.919014794e-06,0.002138299459,2.989345547e-05,0.0003768350035,5.738028078e-06,0.002752125323,0.0001372818174,0.001008792341,5.327435396e-06,0.001360043242,1.001765451e-05,0.001641355966,8.526813685e-05,0.2266096057
280.0,0.0004523760087,6.908915166e-06,0.002110053729,2.939557074e-05,0.0003780545944,5.747567159e-06,0.002725339506,6.118480801e-05,0.0009989421674,5.256630143e-06,0.001357050268,9.965397835e-06,0.0007316190771,-2.650605353e-05,0.2265830996
281.0,0.0004535260212,6.90596634e-06,0.002083818616,2.889960595e-05,0.0003796449251,5.751958239e-06,0.002690471221,0.0001322242272,0.000989703896,5.192149466e-06,0.001354581424,9.919192031e-06,0.001581296481,6.064651785e-05,0.2266437461
282.0,0.0004528292491,6.893674171e-06,0.00205636053,2.843258593e-05,0.0003812798889,5.77589924e-06,0.00266516949,5.480355542e-05,0.0009806266361,5.127863818e-06,0.001351745249,9.868363697e-06,0.0006555191915,-5.783289946e-07,0.2266431678
283.0,0.0004536095591,6.892357641e-06,0.002032366106,2.798086008e-05,0.0003831729049,5.790359418e-06,0.002631165956,0.0001297941785,0.0009715698817,5.06158306e-06,0.001349307301,9.819891639e-06,0.001552724087,3.574701339e-05,0.2266789148
284.0,0.0004527898597,6.879497273e-06,0.002006338004,2.753717374e-05,0.0003851075448,5.81809484e-06,0.002611117573,5.22512319e-05,0.0009627816775,4.998166741e-06,0.001346525039,9.769214833e-06,0.0006251779336,1.735996152e-05,0.2266962748
285.0,0.000453342629,6.875266169e-06,0.001985045632,2.713046107e-05,0.0003873395658,5.837695708e-06,0.002576952005,5.039915548e-05,0.0009536895437,4.932707568e-06,0.001344105664,9.724029695e-06,0.0006031113177,2.108349263e-05,0.2267173583
286.0,0.0004537801804,6.866136332e-06,0.001964376408,2.674320938e-05,0.0003897572481,5.86489707e-06,0.002545133195,0.00012690913,0.0009454590204,4.87391245e-06,0.001341886822,9.675968665e-06,0.001518948773,3.071056474e-05,0.2267480688
287.0,0.0004528156748,6.847022992e-06,0.001940316163,2.633818871e-05,0.0003921201473,5.898317495e-06,0.002535434639,5.213217178e-05,0.0009374018966,4.81167792e-06,0.001339350339,9.628764844e-06,0.0006240531961,1.853841272e-05,0.2267666073
288.0,0.0004529916793,6.832139569e-06,0.001922052182,2.597875304e-05,0.0003945614689,5.923397079e-06,0.002508414679,5.169813193e-05,0.0009292301047,4.752644117e-06,0.001337036005,9.582682705e-06,0.0006189552681,1.62852983e-05,0.2267828926
289.0,0.0004531128547,6.813218428e-06,0.001904329842,2.563630645e-05,0.0003970973551,5.955259592e-06,0.002486940943,5.099015342e-05,0.0009217645304,4.69300779e-06,0.001334930518,9.538109663e-06,0.0006105806881,1.531596166e-05,0.2267982085
290.0,0.0004530150341,6.793285369e-06,0.001887693711,2.530531724e-05,0.0003996856727,5.989080874e-06,0.002472221255,5.026503201e-05,0.0009144466349,4.63258815e-06,0.001332814059,9.489904694e-06,0.0006019989157,1.556708612e-05,0.2268137756
291.0,0.0004527407996,6.773223716e-06,0.0018719999,2.498918619e-05,0.0004023574924,6.024882548e-06,0.002461622496,4.970733856e-05,0.0009073366894,4.570464337e-06,0.001330749163,9.439921938e-06,0.0005954192851,1.66880639e-05,0.2268304637
292.0,0.0004524310191,6.753277268e-06,0.001857301604,2.469317978e-05,0.0004050843371,6.062702909e-06,0.002455455447,4.946168685e-05,0.000900385294,4.513596753e-06,0.001328678254,9.393046223e-06,0.0005925725349,1.775223606e-05,0.2268482159
293.0,0.0004521508455,6.73400258e-06,0.001844481855,2.442006467e-05,0.0004079261048,6.101761029e-06,0.002452778424,4.955442221e-05,0.0008936654953,4.455160732e-06,0.001326793956,9.346004371e-06,0.0005937824373,1.821501853e-05,0.2268664309
294.0,0.0004519563696,6.715449981e-06,0.001833475014,2.417402782e-05,0.0004109019935,6.142184368e-06,0.002448594063,4.9905506e-05,0.0008873177694,4.398116503e-06,0.001325030976,9.296600083e-06,0.0005980802253,1.818069766e-05,0.2268846116
295.0,0.0004518556803,6.697478679e-06,0.001824061636,2.395220577e-05,0.0004139699672,6.183843244e-06,0.002451965173,5.042909984e-05,0.0008809654657,4.340897888e-06,0.001323408158,9.251489697e-06,0.0006044503465,1.740003901e-05,0.2269020117
296.0,0.0004519020743,6.679463243e-06,0.001816453922,2.375728683e-05,0.0004171375498,6.226815745e-06,0.002452044805,5.099690179e-05,0.0008750774269,4.286888714e-06,0.001321801065,9.201126917e-06,0.0006113491543,1.627844276e-05,0.2269182901
297.0,0.0004519615073,6.661259718e-06,0.001810378034,2.358690127e-05,0.0004203779364,6.271575927e-06,0.002453139833,5.156875605e-05,0.0008691809942,4.230419818e-06,0.001320469792,9.156480834e-06,0.0006182924853,1.481329417e-05,0.2269331034
298.0,0.0004520367951,6.642949541e-06,0.001805813427,2.343782528e-05,0.0004236822986,6.318169507e-06,0.002456083534,5.208349754e-05,0.0008639244951,4.176513578e-06,0.001319157731,9.10904293e-06,0.0006245543128,1.324723132e-05,0.2269463506
299.0,0.0004521285104,6.624230372e-06,0.001802545159,2.330883416e-05,0.0004270669826,6.366319736e-06,0.00245520022,5.252259242e-05,0.0008583066173,4.126538622e-06,0.001318096642,9.062197634e-06,0.0006298987268,1.193045026e-05,0.2269582811
300.0,0.0004521710253,6.605212694e-06,0.001800267023,2.319794316e-05,0.0004305121219,6.416065481e-06,0.002457676104,5.291250416e-05,0.0008534105394,4.072714238e-06,0.001317233801,9.012843601e-06,0.0006346597698,1.061287036e-05,0.226968894
301.0,0.0004521718171,6.585843714e-06,0.001799422677,2.310970521e-05,0.000434026818,6.467724943e-06,0.002458582153,5.325625009e-05,0.000848376394,4.023757412e-06,0.001316333189,8.963089648e-06,0.000638863013,9.648113966e-06,0.2269785421
302.0,0.0004521869897,6.565993436e-06,0.001799289251,2.304245176e-05,0.000437625936,6.520809347e-06,0.00245850666,5.360937719e-05,0.0008439303579,3.97238934e-06,0.001315576812,8.917993385e-06,0.0006431772993,8.659930075e-06,0.226987202
303.0,0.0004521554021,6.545839799e-06,0.001799700212,2.299528521e-05,0.0004413059083,6.575137723e-06,0.002459181891,5.396886139e-05,0.0008393065399,3.925190406e-06,0.00131490233,8.862195737e-06,0.0006475728753,7.632708625e-06,0.2269948347
304.0,0.0004521552177,6.525189751e-06,0.001801651148,2.297315491e-05,0.0004450873356,6.630922047e-06,0.002454281727,5.435233341e-05,0.0008352351318,3.875462914e-06,0.00131431044,8.807392604e-06,0.0006522511458,6.631393954e-06,0.2270014661
305.0,0.0004521687203,6.504102875e-06,0.00180454765,2.297150411e-05,0.0004489509516,6.688014616e-06,0.002453784318,5.476032836e-05,0.0008308836901,3.828068595e-06,0.001313663393,8.755600615e-06,0.0006572264709,5.517414775e-06,0.2270069835
306.0,0.0004521995705,6.482845871e-06,0.001808498342,2.299109475e-05,0.0004528942745,6.746133816e-06,0.00244750635,5.518965334e-05,0.0008272339372,3.782749993e-06,0.001313023609,8.708409013e-06,0.0006624600194,4.079846675e-06,0.2270110634
307.0,0.0004521628978,6.461191689e-06,0.001813541028,2.302941531e-05,0.0004569044705,6.805531595e-06,0.002437420571,5.565061111e-05,0.0008233755015,3.737940251e-06,0.001312547632,8.655756804e-06,0.0006680670428,2.56738186e-06,0.2270136307
308.0,0.0004520783664,6.439137774e-06,0.00181936551,2.308828566e-05,0.0004609651943,6.866343425e-06,0.002430159467,5.614694768e-05,0.000820021813,3.69435146e-06,0.001312224226,8.613224723e-06,0.0006741037335,8.151249245e-07,0.2270144459
309.0,0.000451973468,6.417113676e-06,0.001825950134,2.316716082e-05,0.0004651003498,6.928346203e-06,0.002418591171,5.666075519e-05,0.0008164907806,3.651493152e-06,0.001311974156,8.558478941e-06,0.0006803507782,-9.435449149e-07,0.2270135023
310.0,0.0004518216694,6.394955023e-06,0.001833187541,2.326590853e-05,0.0004692599396,6.991723092e-06,0.002406815709,5.720070936e-05,0.000813573953,3.607619378e-06,0.001311774164,8.514219826e-06,0.0006869089953,-2.869634681e-06,0.2270106327
311.0,0.0004516417092,6.372896206e-06,0.001840930754,2.338256821e-05,0.0004734602647,7.055894828e-06,0.002395685351,5.772849212e-05,0.0008103267887,3.570287055e-06,0.001311362914,8.469760338e-06,0.0006933266351,-4.824798165e-06,0.2270058079
312.0,0.0004514631666,6.350207068e-06,0.001848816501,2.3515193e-05,0.000477699323,7.121213731e-06,0.002379711544,5.826802897e-05,0.0008077599978,3.528424319e-06,0.001311155787,8.420700309e-06,0.0006998809324,-6.666043473e-06,0.2269991418
313.0,0.0004512188461,6.327066627e-06,0.001857508539,2.366092593e-05,0.000481996701,7.187371899e-06,0.002368813816,5.880128998e-05,0.000804786257,3.494553181e-06,0.001310956614,8.373167535e-06,0.0007063665812,-8.431432406e-06,0.2269907104
314.0,0.0004509685964,6.3038634e-06,0.001866945586,2.38243533e-05,0.0004863720681,7.254507493e-06,0.002353070084,5.931521127e-05,0.0008025877426,3.456370076e-06,0.001310841579,8.32104827e-06,0.0007126173556,-9.935999975e-06,0.2269807744
315.0,0.0004505424435,6.28059874e-06,0.001877150825,2.400422408e-05,0.000490844259,7.322642978e-06,0.002337375593,5.983499923e-05,0.0008001998996,3.424673468e-06,0.001310761788,8.27056274e-06,0.000718939041,-1.14004577e-05,0.226969374
316.0,0.0004500932832,6.257672965e-06,0.001888159615,2.419727429e-05,0.0004953399231,7.391886679e-06,0.002324726057,6.031592701e-05,0.0007986074707,3.385284998e-06,0.001310663334,8.228618068e-06,0.0007247984526,-1.269849063e-05,0.2269566755
317.0,0.0004496272189,6.235314175e-06,0.001898895853,2.440368678e-05,0.0004998641678,7.461886359e-06,0.002306698028,6.078480236e-05,0.0007967150953,3.356175305e-06,0.00131075503,8.179679942e-06,0.0007305080704,-1.375175858e-05,0.2269429237
318.0,0.0004490423192,6.213707324e-06,0.001909957079,2.461913345e-05,0.0005043982998,7.533013116e-06,0.002293516663,6.121957374e-05,0.0007956223806,3.327047213e-06,0.001310877613,8.130969981e-06,0.0007358127675,-1.465302052e-05,0.2269282707
319.0,0.000448573439,6.193441531e-06,0.001921668729,2.483858375e-05,0.0005089109908,7.604780626e-06,0.002277623878,6.162841897e-05,0.0007941330451,3.296896107e-06,0.001311143118,8.087561585e-06,0.0007408028561,-1.522264878e-05,0.226913048
320.0,0.0004480935821,6.175295071e-06,0.00193392675,2.506516853e-05,0.0005134121026,7.677368918e-06,0.002262415866,6.203109746e-05,0.0007933437136,3.267222663e-06,0.001311308067,8.037837742e-06,0.0007457182782,-1.564456333e-05,0.2268974035
321.0,0.0004475263755,6.159453217e-06,0.001947526708,2.529870397e-05,0.0005178672971,7.750826049e-06,0.002250863179,6.238647544e-05,0.0007923485157,3.24446557e-06,0.001311846962,7.994837886e-06,0.0007500709798,-1.580223601e-05,0.2268816012
322.0,0.000447044521,6.149274287e-06,0.001961604384,2.553628161e-05,0.0005223543751,7.825624706e-06,0.002236483462,6.272053475e-05,0.0007922220306,3.223682362e-06,0.001312192947,7.943395147e-06,0.0007541590852,-1.56614345e-05,0.2268659398
323.0,0.00044658604,6.145789164e-06,0.001975659951,2.577407627e-05,0.0005268972997,7.901201158e-06,0.002228129868,6.300938635e-05,0.0007918264323,3.204409231e-06,0.001312856321,7.903005031e-06,0.0007577091942,-1.538008954e-05,0.2268505597
324.0,0.0004464297222,6.153102319e-06,0.001989538155,2.601338618e-05,0.0005314299456,7.977310976e-06,0.002217675893,6.324927244e-05,0.0007925625007,3.185912722e-06,0.001313400925,7.857417453e-06,0.0007606699336,-1.47094486e-05,0.2268358503
325.0,0.0004468196822,6.169574608e-06,0.00200338245,2.624652531e-05,0.0005358792551,8.054374122e-06,0.002210808174,6.347085415e-05,0.0007927642459,3.167656597e-06,0.001313989453,7.819030782e-06,0.000763406756,-1.409661542e-05,0.2268217536
326.0,0.0004476078954,6.190627962e-06,0.00201723583,2.64759661e-05,0.0005402792421,8.133002466e-06,0.002204687339,6.365139479e-05,0.0007942801421,3.160699413e-06,0.001314757299,7.777732264e-06,0.0007656521925,-1.343497921e-05,0.2268083187
327.0,0.0004485167437,6.213117011e-06,0.002030628872,2.669991719e-05,0.0005446780642,8.212696791e-06,0.002196473022,6.380812512e-05,0.0007953871018,3.146862241e-06,0.00131579817,7.745090973e-06,0.0007676051939,-1.273238867e-05,0.2267955863
328.0,0.0004492949017,6.236045763e-06,0.002043663651,2.691727803e-05,0.0005489992871,8.293669069e-06,0.002195511559,6.392396158e-05,0.000797638496,3.137454661e-06,0.00131685815,7.707330762e-06,0.0007690678437,-1.215433004e-05,0.226783432
329.0,0.0004501669208,6.259972457e-06,0.002055953905,2.712415896e-05,0.0005533191925,8.375235674e-06,0.002194878123,6.39969978e-05,0.0007995324045,3.136269771e-06,0.001318271408,7.672511448e-06,0.0007700100641,-1.158638254e-05,0.2267718456
330.0,0.0004509072585,6.284798474e-06,0.002067342549,2.732008425e-05,0.0005575579429,8.456661837e-06,0.0021944345,6.407112545e-05,0.0008024271496,3.136381252e-06,0.001319644021,7.636824475e-06,0.0007709598613,-1.131518496e-05,0.2267605304
331.0,0.0004516056317,6.309460071e-06,0.002077584896,2.750681706e-05,0.0005617394789,8.537676807e-06,0.002197132674,6.413810458e-05,0.0008051635108,3.138340224e-06,0.001321158854,7.609596784e-06,0.0007718207232,-1.133456265e-05,0.2267491958
332.0,0.0004523884957,6.33371363e-06,0.002086655566,2.76852821e-05,0.0005658677242,8.617466512e-06,0.00219890701,6.421394787e-05,0.0008090623189,3.142381805e-06,0.001322749273,7.583193375e-06,0.000772778258,-1.165522044e-05,0.2267375406
333.0,0.0004531201483,6.357421533e-06,0.002094715321,2.785593519e-05,0.0005699090413,8.696340186e-06,0.0021970973,6.429097766e-05,0.0008131277089,3.157585287e-06,0.00132467259,7.551897921e-06,0.0007737454289,-1.227742851e-05,0.2267252632
334.0,0.0004538740017,6.380819595e-06,0.002101931455,2.802397275e-05,0.0005738673183,8.774576996e-06,0.002199223908,6.438411502e-05,0.0008181394816,3.167569644e-06,0.001326632085,7.523049083e-06,0.0007749046366,-1.328015037e-05,0.226711983
335.0,0.0004546110593,6.404104305e-06,0.002107942261,2.818703552e-05,0.0005777783704,8.851967323e-06,0.002199743313,6.394334145e-05,0.0008230442306,3.188175721e-06,0.001328823117,7.507488249e-06,0.000769633093,5.678076133e-06,0.2267176611
336.0,0.0004555378243,6.42783536e-06,0.002113226463,2.834479314e-05,0.000581593705,8.928327282e-06,0.002195359133,6.43167184e-05,0.0008293667602,3.207991897e-06,0.001331287095,7.472295692e-06,0.0007741541265,-1.566245391e-05,0.2267019986
337.0,0.0004562079779,6.452732182e-06,0.002117701681,2.850033265e-05,0.0005852496056,9.002942204e-06,0.002197846336,6.410554493e-05,0.0008357240066,3.23455716e-06,0.001333862573,7.456283419e-06,0.000771633949,2.543830854e-06,0.2267045425
338.0,0.0004570741734,6.478000497e-06,0.00212136692,2.865142406e-05,0.0005888164542,9.076703236e-06,0.002196536177,6.458536836e-05,0.000843373773,3.264124559e-06,0.001336585123,7.427625819e-06,0.0007774373442,-1.619538093e-05,0.2266883471
339.0,0.0004576773763,6.503870057e-06,0.002124295669,2.879830963e-05,0.000592222261,9.148237993e-06,0.002194650929,6.508331219e-05,0.000850351128,3.296084181e-06,0.001339322996,7.405454449e-06,0.0007834468305,-1.876890657e-05,0.2266695782
340.0,0.0004582804842,6.529358086e-06,0.002126553282,2.894386808e-05,0.0005955698249,9.21767114e-06,0.002191732697,6.560436649e-05,0.0008583224428,3.329187949e-06,0.001342123493,7.372363113e-06,0.0007897364709,-2.153842805e-05,0.2266480398
341.0,0.0004588906004,6.554583942e-06,0.002128702472,2.909042462e-05,0.0005988124344,9.284604155e-06,0.00218947877,6.623739545e-05,0.0008656951256,3.364358448e-06,0.001344828982,7.355046221e-06,0.0007973780334,-2.738474444e-05,0.226620655
342.0,0.0004596333798,6.579564322e-06,0.002130395055,2.923662217e-05,0.0006018979638,9.349476215e-06,0.002185270306,6.683393835e-05,0.0008741481897,3.401798865e-06,0.001347470018,7.325345501e-06,0.0008045768954,-3.065538813e-05,0.2265899996
343.0,0.0004601785361,6.605098457e-06,0.002132054484,2.938307179e-05,0.0006049109756,9.411936414e-06,0.002181047873,6.736233889e-05,0.0008818139812,3.439128972e-06,0.001350015702,7.301475107e-06,0.0008109544976,-3.367133243e-05,0.2265563283
344.0,0.0004606988743,6.631378988e-06,0.002133401515,2.952537367e-05,0.0006078258102,9.471510956e-06,0.002174667133,6.782247669e-05,0.0008904158346,3.48244467e-06,0.001352430257,7.276259826e-06,0.0008165085206,-3.65915915e-05,0.2265197367
345.0,0.0004610807828,6.658853343e-06,0.002134244617,2.966362534e-05,0.0006106515062,9.527736465e-06,0.002170880258,6.817910198e-05,0.0008979748308,3.516729447e-06,0.001354928164,7.255174033e-06,0.0008208213223,-3.929303081e-05,0.2264804437
346.0,0.0004614337191,6.686704257e-06,0.002135261334,2.979881978e-05,0.0006133305584,9.580978665e-06,0.00216384219,6.844177486e-05,0.000906773864,3.559178381e-06,0.001357326179,7.236237543e-06,0.0008240029145,-4.161127801e-05,0.2264388324
347.0,0.0004618656535,6.714719659e-06,0.00213630068,2.993085945e-05,0.000615885974,9.631147324e-06,0.002157115367,6.86457079e-05,0.0009144653007,3.594113789e-06,0.001359718936,7.21650837e-06,0.0008264799387,-4.393093788e-05,0.2263949015
348.0,0.0004621489532,6.74167044e-06,0.002137358684,3.006330869e-05,0.0006182254594,9.678317107e-06,0.002151008167,6.877117675e-05,0.0009231042167,3.642294601e-06,0.00136201052,7.187556333e-06,0.0008280162145,-4.596691415e-05,0.2263489345
349.0,0.0004620439362,6.76728539e-06,0.002138575895,3.019451291e-05,0.0006204337728,9.722621032e-06,0.00214270009,6.886321021e-05,0.0009304457266,3.68070658e-06,0.001364230445,7.154848689e-06,0.0008291521052,-4.805181541e-05,0.2263008827
350.0,0.0004618048229,6.790873078e-06,0.002139547787,3.032213253e-05,0.0006224166897,9.763083822e-06,0.002138589725,6.891914268e-05,0.0009389028889,3.725781964e-06,0.001366417651,7.131459464e-06,0.0008298573835,-5.016120869e-05,0.2262507215
351.0,0.0004611435028,6.81232267e-06,0.002140714161,3.044791265e-05,0.0006242366527,9.799999965e-06,0.002130511566,6.895248272e-05,0.0009462379005,3.767994525e-06,0.001368228243,7.097452343e-06,0.0008302942696,-5.219602641e-05,0.2261985255
352.0,0.0004604957458,6.831382715e-06,0.002141931165,3.057066008e-05,0.0006258168012,9.833852704e-06,0.002123745617,6.891309715e-05,0.0009543733493,3.807073694e-06,0.001370141804,7.075272275e-06,0.0008298572014,-5.224764366e-05,0.2261462778
353.0,0.0004596152534,6.848504416e-06,0.002143486948,3.069058398e-05,0.000627231684,9.864889578e-06,0.00211693049,6.886035499e-05,0.0009612013559,3.855612057e-06,0.001371660772,7.049248925e-06,0.0008292652638,-5.431695842e-05,0.2260919609
354.0,0.0004586561032,6.864100207e-06,0.002144583335,3.080477626e-05,0.0006283823859,9.892230574e-06,0.002107388917,6.878057358e-05,0.0009692135989,3.891227529e-06,0.001373246161,7.029101549e-06,0.0008283498851,-5.655071354e-05,0.2260354102
355.0,0.0004576594697,6.878957619e-06,0.002145485538,3.091490646e-05,0.0006293072876,9.915742641e-06,0.00210155195,6.867634249e-05,0.0009756989869,3.937996364e-06,0.001374343948,7.005539522e-06,0.0008271473556,-5.887953032e-05,0.2259765306
356.0,0.0004565295115,6.892459321e-06,0.002146004981,3.101758743e-05,0.0006299255363,9.935162682e-06,0.002090075097,6.853762393e-05,0.0009830839251,3.974618799e-06,0.001375388444,6.970653659e-06,0.0008255329739,-6.105951235e-05,0.2259154711
357.0,0.0004552779333,6.904923688e-06,0.002146111616,3.111647599e-05,0.0006302657644,9.95044544e-06,0.00207879238,6.837960884e-05,0.0009889192566,4.020684587e-06,0.001376039773,6.939870515e-06,0.0008236949269,-6.350080709e-05,0.2258519703
358.0,0.0004539847523,6.916248069e-06,0.002146288154,3.121129833e-05,0.0006303535813,9.962087778e-06,0.00206874172,6.818469265e-05,0.0009961031006,4.060550588e-06,0.001376555685,6.922296324e-06,0.000821414357,-6.585180122e-05,0.2257861185
359.0,0.0004525592086,6.926465787e-06,0.002146287179,3.13011574e-05,0.0006301718078,9.969631053e-06,0.002056116347,6.798510001e-05,0.001001655425,4.099557331e-06,0.001376569966,6.896344745e-06,0.0008190831666,-6.843206319e-05,0.2257176865
360.0,0.0004511841365,6.934542477e-06,0.002145904241,3.13838401e-05,0.0006296832111,9.97294766e-06,0.002044435346,6.775322329e-05,0.001008122718,4.145275507e-06,0.001376405774,6.8668343e-06,0.0008163712376,-7.101506607e-05,0.2256466714
361.0,0.0004497779342,6.941345838e-06,0.00214509686,3.146215027e-05,0.000628991991,9.972569109e-06,0.002033162256,6.749082593e-05,0.001013291331,4.185782731e-06,0.001375949826,6.83488389e-06,0.0008132930696,-7.350582251e-05,0.2255731656
362.0,0.000448328758,6.94665999e-06,0.002144153563,3.153231106e-05,0.0006280659804,9.968553434e-06,0.00202012162,6.724382773e-05,0.001019680958,4.235134635e-06,0.001375339121,6.80423565e-06,0.0008104094673,-7.62043224e-05,0.2254969613
363.0,0.0004468813549,6.951484448e-06,0.00214248072,3.159518088e-05,0.000626901091,9.960743903e-06,0.002005303976,6.698919547e-05,0.001024407011,4.275181429e-06,0.001374434196,6.7895786e-06,0.0008074418792,-7.879952375e-05,0.2254181617
364.0,0.0004452660274,6.955551849e-06,0.002140227599,3.165022213e-05,0.0006255610026,9.949464829e-06,0.00199151945,6.676305954e-05,0.001030469121,4.320280332e-06,0.001373420627,6.761743127e-06,0.0008048206303,-8.151992506e-05,0.2253366418
365.0,0.0004436612405,6.958555896e-06,0.002137631243,3.169626578e-05,0.0006240081946,9.934397566e-06,0.001977284191,6.655126837e-05,0.001034679182,4.364363916e-06,0.001372038752,6.741622719e-06,0.0008023826325,-8.427942853e-05,0.2252523624
366.0,0.0004419722726,6.960105862e-06,0.002133959757,3.173240456e-05,0.0006222094714,9.915554185e-06,0.001959640236,6.633538848e-05,0.001039961428,4.39984373e-06,0.00137032437,6.721915518e-06,0.000799897869,-8.688034726e-05,0.225165482
367.0,0.0004402624327,6.960297357e-06,0.002129699254,3.175765276e-05,0.0006202060519,9.893323466e-06,0.001944331201,6.616099561e-05,0.001043514064,4.447474864e-06,0.001368242122,6.706309805e-06,0.0007979224925,-8.963755753e-05,0.2250758445
368.0,0.0004387228004,6.959511873e-06,0.002125081852,3.177420367e-05,0.000618021209,9.867885465e-06,0.001930053127,6.599649151e-05,0.00104839824,4.490527543e-06,0.00136636667,6.684896955e-06,0.0007960705331,-9.225774903e-05,0.2249835867
369.0,0.0004370334146,6.957703324e-06,0.00211997244,3.178006733e-05,0.0006156736509,9.839305201e-06,0.001913897123,6.594133302e-05,0.001051723576,4.534152564e-06,0.0013641638,6.658791051e-06,0.0007955468935,-9.614303466e-05,0.2248874437
370.0,0.000435491064,6.954838092e-06,0.002114309761,3.17751748e-05,0.0006131819053,9.807564616e-06,0.001902804104,6.589442344e-05,0.001056280746,4.572850431e-06,0.001361610587,6.658628947e-06,0.0007951300797,-9.901285555e-05,0.2247884308
371.0,0.0004339313807,6.951487717e-06,0.002107813978,3.175822761e-05,0.0006105304848,9.772633297e-06,0.001885119933,6.588236855e-05,0.001059162404,4.613955318e-06,0.001358887255,6.636757279e-06,0.00079514327,-0.0001018330097,0.2246865978
372.0,0.0004321971755,6.947234015e-06,0.002100572929,3.17299574e-05,0.000607729223,9.734741352e-06,0.001871935543,6.589935232e-05,0.001063135035,4.651860218e-06,0.001354964208,6.632370367e-06,0.0007955137458,-0.0001047336622,0.2245818642
373.0,0.0004307354363,6.942388454e-06,0.002092833164,3.169162232e-05,0.0006048261176,9.694001805e-06,0.001858107866,6.592292051e-05,0.001065289026,4.690996398e-06,0.001351848307,6.639124555e-06,0.000795973394,-0.0001075672983,0.2244742969
374.0,0.0004291112751,6.936563949e-06,0.00208489859,3.164389433e-05,0.0006017452263,9.650577782e-06,0.001844961152,6.598257856e-05,0.001069070203,4.729116075e-06,0.001348621587,6.641750703e-06,0.000796876559,-0.0001104917622,0.2243638051
375.0,0.0004275662084,6.929739915e-06,0.002076487516,3.158646624e-05,0.0005985342715,9.604577959e-06,0.001834471762,6.60452585e-05,0.001070679213,4.763987593e-06,0.001345139696,6.629608109e-06,0.0007978281037,-0.0001133625469,0.2242504426
376.0,0.0004258104545,6.921913865e-06,0.002067529653,3.151896699e-05,0.0005952369381,9.556236509e-06,0.001820977691,6.611587941e-05,0.001073881194,4.80441046e-06,0.001341433424,6.644389912e-06,0.0007988815029,-0.0001161644765,0.2241342781
377.0,0.0004244241365,6.91333814e-06,0.002057962118,3.144184945e-05,0.0005918810481,9.505499806e-06,0.001811227337,6.620853092e-05,0.001075254361,4.835301505e-06,0.001337498254,6.643962226e-06,0.0008002101651,-0.0001190473565,0.2240152307
378.0,0.0004228606197,6.904194029e-06,0.002047791949,3.135796546e-05,0.0005884385058,9.452632751e-06,0.00180145053,6.629966006e-05,0.001077751603,4.874346984e-06,0.001333503345,6.647821866e-06,0.0008015316456,-0.0001218271795,0.2238934035
379.0,0.0004211416485,6.894259253e-06,0.002037662544,3.126557842e-05,0.0005848969357,9.397912278e-06,0.001791291531,6.642002421e-05,0.001079121305,4.90336335e-06,0.001329055614,6.642412097e-06,0.0008032125286,-0.0001247124218,0.2237686911
380.0,0.0004196039645,6.883358231e-06,0.00202711495,3.116547362e-05,0.0005812670682,9.341205606e-06,0.001782390909,6.652985124e-05,0.001081049223,4.941142629e-06,0.001324679046,6.636947995e-06,0.0008047785141,-0.0001275150572,0.2236411761
381.0,0.0004181634484,6.871568887e-06,0.00201615975,3.105784602e-05,0.0005775720585,9.282666028e-06,0.001771950167,6.665121125e-05,0.001081723499,4.966500624e-06,0.001320228869,6.608396857e-06,0.0008064900216,-0.000130248672,0.2235109274
382.0,0.0004164435253,6.859199524e-06,0.002005248141,3.094528196e-05,0.0005737926389,9.222221774e-06,0.00176586663,6.677266349e-05,0.001083301653,5.000884674e-06,0.001315412512,6.595514432e-06,0.0008082097941,-0.0001329264801,0.2233780009
383.0,0.0004151597215,6.846961169e-06,0.00199392831,3.082667709e-05,0.0005699385308,9.159823064e-06,0.001755845519,6.688364636e-05,0.001083766065,5.027910983e-06,0.001309857023,6.605514139e-06,0.0008098140963,-0.0001355961972,0.2232424047
384.0,0.0004135931183,6.834338059e-06,0.00198228547,3.07033031e-05,0.0005660137934,9.095885513e-06,0.001748029935,6.699692757e-05,0.001084408289,5.048953447e-06,0.001304796505,6.610942748e-06,0.0008114525107,-0.0001383121766,0.2231040925
385.0,0.0004120113976,6.820937391e-06,0.001970529387,3.057770598e-05,0.0005620416914,9.030484584e-06,0.001741525169,6.708080106e-05,0.001084707199,5.075685561e-06,0.001299543216,6.618643566e-06,0.000812747417,-0.0001409846747,0.2229631079
386.0,0.0004107010348,6.807378664e-06,0.001958771052,3.044701473e-05,0.0005579851403,8.963809948e-06,0.001732574005,6.714235519e-05,0.00108506085,5.101523332e-06,0.001294162243,6.616315273e-06,0.0008137761968,-0.0001435380938,0.2228195698
387.0,0.0004091829206,6.793056206e-06,0.00194734304,3.031244807e-05,0.0005538802982,8.895912307e-06,0.001725658231,6.720195725e-05,0.001084798062,5.122017116e-06,0.001288589782,6.601716314e-06,0.0008147909383,-0.0001461475081,0.2226734223
388.0,0.0004078365185,6.778453821e-06,0.001935576291,3.017406238e-05,0.0005497404899,8.827143304e-06,0.001719609882,6.724697923e-05,0.001084758937,5.142698889e-06,0.001282277812,6.608742636e-06,0.0008156358207,-0.0001487117183,0.2225247105
389.0,0.0004063465255,6.763322299e-06,0.001923825376,3.003345744e-05,0.0005455654344,8.756869077e-06,0.001716250531,6.730589623e-05,0.001084136769,5.163620561e-06,0.001276526276,6.591142787e-06,0.0008166566364,-0.0001513779608,0.2223733326
390.0,0.0004048562249,6.747694811e-06,0.001911807095,2.988984498e-05,0.0005413364616,8.685201382e-06,0.001710471058,6.734670994e-05,0.001083575918,5.180113869e-06,0.001270421376,6.593008365e-06,0.0008174715237,-0.0001540890716,0.2222192435
391.0,0.0004035478336,6.731498035e-06,0.001899264694,2.974321066e-05,0.0005370588872,8.61216357e-06,0.001708181616,6.736218427e-05,0.001082484809,5.200633523e-06,0.001264343003,6.572820082e-06,0.0008179825846,-0.0001567093388,0.2220625342
392.0,0.0004022372159,6.71481982e-06,0.001887026032,2.959385298e-05,0.0005327513959,8.538196863e-06,0.001699751513,6.739624485e-05,0.001081124895,5.217852317e-06,0.001257926391,6.578419642e-06,0.0008187246933,-0.0001594589114,0.2219030753
393.0,0.0004007133872,6.697534037e-06,0.001874670963,2.944298879e-05,0.0005284186045,8.463011442e-06,0.001698455374,6.74202854e-05,0.00107955092,5.230994188e-06,0.001251583001,6.550821602e-06,0.0008193576057,-0.0001622219262,0.2217408533
394.0,0.0003995271602,6.678968e-06,0.001862083768,2.928879378e-05,0.0005240726151,8.38672014e-06,0.001694078648,6.745180376e-05,0.00107772157,5.245913476e-06,0.001245051956,6.541282674e-06,0.0008200851512,-0.0001649925147,0.2215758608
395.0,0.0003981874799,6.658516421e-06,0.001849667524,2.913283427e-05,0.0005197180213,8.309590563e-06,0.001692691591,6.746221916e-05,0.001075736247,5.256905247e-06,0.001238310638,6.527001543e-06,0.0008205613219,-0.0001677042287,0.2214081566
396.0,0.0003967559412,6.636532165e-06,0.001836810175,2.897500604e-05,0.0005153434807,8.23161984e-06,0.00169091975,6.745169913e-05,0.001073581727,5.267310176e-06,0.001231468924,6.516306181e-06,0.0008207926624,-0.0001703207517,0.2212378358
397.0,0.000395400089,6.612338431e-06,0.001823786402,2.881598737e-05,0.0005109286045,8.15276511e-06,0.001687188626,6.744291929e-05,0.001071240219,5.275910378e-06,0.001224622705,6.509101048e-06,0.0008210508723,-0.0001729519881,0.2210648838
398.0,0.0003938610472,6.586449343e-06,0.001810662279,2.865435005e-05,0.0005065095128,8.073095714e-06,0.001687159631,6.741058917e-05,0.001068631878,5.280046006e-06,0.001217752703,6.4952983e-06,0.0008210286201,-0.0001754421442,0.2208894417
399.0,0.0003922941415,6.558198175e-06,0.001797533757,2.849260978e-05,0.000502079409,7.993008787e-06,0.001680961139,6.738116849e-05,0.001065605223,5.287352478e-06,0.00121019348,6.481447623e-06,0.0008210433117,-0.0001779419418,0.2207114998
400.0,0.0003906688988,6.527858458e-06,0.001784495612,2.833114306e-05,0.000497636972,7.912186953e-06,0.00168217169,6.733628193e-05,0.001062435997,5.287904392e-06,0.001203043712,6.464491365e-06,0.00082087798,-0.0001803823339,0.2205311174
401.0,0.0003889510022,6.495038787e-06,0.001771481356,2.816927779e-05,0.0004931920579,7.830418039e-06,0.001679204337,6.725099552e-05,0.001059167134,5.289998496e-06,0.001195669484,6.451140859e-06,0.0008202264506,-0.0001826068414,0.2203485106
402.0,0.0003870519545,6.460002968e-06,0.00175815206,2.80071642e-05,0.0004886830214,7.747762851e-06,0.001674570261,6.715089878e-05,0.00105571715,5.289500299e-06,0.001188193249,6.430920671e-06,0.0008193901928,-0.0001847051107,0.2201638055
403.0,0.0003850937544,6.422389667e-06,0.001745031911,2.784361212e-05,0.0004841176059,7.664164052e-06,0.001674046463,6.703550745e-05,0.001051964267,5.286725418e-06,0.00118055633,6.410519269e-06,0.0008183763038,-0.0001867120178,0.2199770935
404.0,0.0003829242871,6.382506253e-06,0.001731920217,2.767969622e-05,0.0004795056009,7.579982915e-06,0.001670599103,6.689859511e-05,0.001048017261,5.281796961e-06,0.00117276945,6.396455632e-06,0.0008170985825,-0.0001885402953,0.2197885532
405.0,0.0003807327987,6.33962998e-06,0.001718730218,2.751442119e-05,0.0004747944251,7.495060708e-06,0.001670208014,6.672951271e-05,0.001043532431,5.275662631e-06,0.001164894992,6.373550119e-06,0.0008154330064,-0.0001902638564,0.2195982893
406.0,0.0003785019445,6.294212748e-06,0.001705632291,2.734904205e-05,0.00047002046,7.409743253e-06,0.001664494837,6.653229637e-05,0.001038944303,5.264972571e-06,0.001156738484,6.349556575e-06,0.0008134237539,-0.0001918385494,0.2194064508
407.0,0.000376142991,6.246295252e-06,0.001692581343,2.718266896e-05,0.0004651775508,7.323593253e-06,0.001660127635,6.632575841e-05,0.001033899932,5.253979945e-06,0.001148440825,6.322556913e-06,0.0008113009011,-0.0001933749012,0.2192130759
408.0,0.0003737235804,6.195931531e-06,0.001679835368,2.701554037e-05,0.0004602815384,7.236967325e-06,0.001658063597,6.607473684e-05,0.001028900336,5.240164564e-06,0.00113995638,6.294564421e-06,0.0008086374779,-0.0001946393324,0.2190184365
409.0,0.0003710639528,6.143210248e-06,0.001666688079,2.684632569e-05,0.0004553174549,7.14957406e-06,0.001650004459,6.580872427e-05,0.00102341207,5.222805883e-06,0.001131409963,6.262370347e-06,0.0008057841121,-0.000195813507,0.218822623
410.0,0.0003682866129,6.088440442e-06,0.00165389718,2.667556161e-05,0.0004502751567,7.061349175e-06,0.001648532458,6.550512385e-05,0.001017574152,5.203536928e-06,0.001122712235,6.234801572e-06,0.0008024733036,-0.000196813698,0.2186258093
411.0,0.0003655761603,6.031576007e-06,0.001640966452,2.650402528e-05,0.0004451671432,6.97240143e-06,0.001641113522,6.515227574e-05,0.001011277662,5.179832202e-06,0.001113922949,6.200311312e-06,0.0007985612774,-0.0001975172497,0.2184282921
412.0,0.0003626807907,5.972900921e-06,0.001628308573,2.633130352e-05,0.0004399642926,6.882711504e-06,0.001634571026,6.47719324e-05,0.001004667509,5.160661957e-06,0.001104974283,6.165899788e-06,0.0007943018872,-0.0001980117356,0.2182302803
413.0,0.0003597486115,5.912635403e-06,0.001615817811,2.615787764e-05,0.0004346987161,6.792496738e-06,0.001627096256,6.43411318e-05,0.0009979265851,5.132444865e-06,0.001095597008,6.12696223e-06,0.0007894225924,-0.0001982268541,0.2180320535
414.0,0.0003567140764,5.850985596e-06,0.001603343592,2.598304466e-05,0.0004293739899,6.701617573e-06,0.001620153396,6.387652792e-05,0.0009905252392,5.106414286e-06,0.001086184272,6.090501858e-06,0.0007841220933,-0.0001982165654,0.2178338369
415.0,0.0003536215158,5.788197904e-06,0.001591225382,2.580606196e-05,0.0004239865196,6.610111002e-06,0.00161429488,6.335260839e-05,0.0009829826587,5.072703878e-06,0.001076624796,6.046219468e-06,0.0007780915974,-0.0001979478059,0.2176358891
416.0,0.0003505132043,5.724343059e-06,0.00157905364,2.562798738e-05,0.0004185431373,6.518221198e-06,0.001604769875,6.277325397e-05,0.0009749332887,5.043456771e-06,0.001066702416,6.006410982e-06,0.0007713721507,-0.0001973708707,0.2174385182
417.0,0.0003472938469,5.65968334e-06,0.001566820549,2.544900244e-05,0.0004130744701,6.426129726e-06,0.001595330042,6.215539711e-05,0.0009657370069,5.025384789e-06,0.001056857855,5.959341754e-06,0.0007641754975,-0.0001966024874,0.2172419157
418.0,0.0003440426835,5.594567497e-06,0.001554818589,2.526804552e-05,0.0004075743914,6.333782019e-06,0.00158848924,6.146627578e-05,0.0009575752371,4.988821711e-06,0.001046932657,5.912747081e-06,0.0007560961689,-0.0001955429741,0.2170463728
419.0,0.0003408690498,5.529466032e-06,0.001543036006,2.508546441e-05,0.0004020417501,6.241655872e-06,0.001576863935,6.074120463e-05,0.0009491575384,4.948442345e-06,0.001036855398,5.865527801e-06,0.0007475603029,-0.0001942943587,0.2168520784
420.0,0.0003376817368,5.464186982e-06,0.001531472021,2.490111013e-05,0.0003964729299,6.149881237e-06,0.001570356855,5.995407805e-05,0.0009403314222,4.903852182e-06,0.001026614697,5.816092268e-06,0.0007382593113,-0.0001927811608,0.2166592973
421.0,0.0003345605876,5.400488417e-06,0.001519987777,2.471572271e-05,0.0003908685049,6.058303602e-06,0.001559082494,5.9104612e-05,0.0009310978079,4.857572416e-06,0.001016132495,5.768344094e-06,0.0007281807723,-0.0001910345819,0.2164682627
422.0,0.0003315188059,5.338916136e-06,0.00150843367,2.453058727e-05,0.0003852318366,5.967041591e-06,0.001549586221,5.821084653e-05,0.0009215648229,4.807896421e-06,0.001005566119,5.714810873e-06,0.0007175441607,-0.0001890871134,0.2162791756
423.0,0.0003286213584,5.27978618e-06,0.001496834528,2.434566779e-05,0.0003795763104,5.876330082e-06,0.001539800269,5.724228158e-05,0.0009117910057,4.755891547e-06,0.0009947777125,5.662896338e-06,0.0007059791769,-0.0001868851821,0.2160922904
424.0,0.0003258324242,5.224145943e-06,0.001485372459,2.416135871e-05,0.0003739358959,5.786278471e-06,0.001527750125,5.624279259e-05,0.0009017210821,4.702736561e-06,0.0009839335732,5.608465403e-06,0.0006940136619,-0.0001845112242,0.2159077792
425.0,0.0003231262013,5.170855884e-06,0.001473963045,2.397759619e-05,0.0003683107774,5.697699514e-06,0.001518965483,5.518303243e-05,0.0008913178968,4.646867995e-06,0.0009729827986,5.548389957e-06,0.0006812974686,-0.0001819321007,0.2157258471
426.0,0.0003205627455,5.12007325e-06,0.001462764184,2.379528962e-05,0.0003627224517,5.610079331e-06,0.001507161761,5.406382184e-05,0.000880684633,4.589658559e-06,0.0009619143609,5.488892893e-06,0.0006678331962,-0.0001791154507,0.2155467316
427.0,0.0003181451833,5.072957634e-06,0.001451744479,2.361338475e-05,0.0003571349903,5.523423812e-06,0.001495777711,5.290939651e-05,0.000869717233,4.529185972e-06,0.0009505579021,5.432736754e-06,0.000653919752,-0.0001761794587,0.2153705521
428.0,0.0003158714441,5.029036644e-06,0.00144085239,2.343275961e-05,0.0003516110369,5.438105795e-06,0.001486324362,5.169022223e-05,0.0008586576673,4.467439145e-06,0.0009393750004,5.372813935e-06,0.0006391939757,-0.0001730270534,0.2151975251
429.0,0.000313709165,4.987896804e-06,0.001430023384,2.3253674e-05,0.0003460940726,5.353725515e-06,0.001471837966,5.044419041e-05,0.0008474372093,4.404107195e-06,0.0009281007474,5.316672257e-06,0.0006241152935,-0.0001697680225,0.2150277571
430.0,0.0003115960806,4.949678758e-06,0.001419528275,2.307697241e-05,0.0003406234409,5.270817819e-06,0.001463049375,4.9139874e-05,0.0008359835171,4.339616528e-06,0.0009167750245,5.248770968e-06,0.0006083029593,-0.0001663523982,0.2148614047
431.0,0.0003096726018,4.915173646e-06,0.001409346659,2.290211866e-05,0.0003352341461,5.190006276e-06,0.001450366575,4.779295764e-05,0.000824384215,4.273351772e-06,0.0009053199389,5.183928698e-06,0.0005919432926,-0.0001627615103,0.2146986432
432.0,0.000307854728,4.883942559e-06,0.001399355485,2.272983709e-05,0.0003299127797,5.111302181e-06,0.001438786876,4.641730701e-05,0.0008127164978,4.204000723e-06,0.0008938833616,5.121936738e-06,0.0005752071071,-0.0001590611338,0.214539582
433.0,0.0003062191535,4.855648765e-06,0.001389554354,2.256068102e-05,0.0003246784838,5.034253452e-06,0.001427725311,4.498327664e-05,0.0008010794487,4.13556813e-06,0.0008824950019,5.057403028e-06,0.0005577324628,-0.0001552109901,0.214384371
434.0,0.0003046983104,4.83101523e-06,0.001380027375,2.239496772e-05,0.0003195379169,4.95902534e-06,0.001413253802,4.353401408e-05,0.0007893378289,4.06676782e-06,0.0008709629224,4.997523702e-06,0.0005400441162,-0.0001512011734,0.2142331699
435.0,0.0003032548394,4.809744746e-06,0.001370661947,2.223242099e-05,0.0003144591099,4.885812695e-06,0.001402295231,4.203761975e-05,0.0007777164175,3.997616945e-06,0.0008594505986,4.933509941e-06,0.0005217553905,-0.0001470076626,0.2140861622
436.0,0.0003020744691,4.792274753e-06,0.001361654158,2.207297541e-05,0.0003094920408,4.815166626e-06,0.001388425225,4.049393342e-05,0.0007660433375,3.928260666e-06,0.000848006553,4.870233885e-06,0.0005028563848,-0.0001424404056,0.2139437218
437.0,0.0003009972176,4.778247091e-06,0.001352874729,2.191803841e-05,0.0003046756685,4.747062287e-06,0.001374576118,3.892012971e-05,0.0007543202549,3.857221068e-06,0.0008367677532,4.806388287e-06,0.0004835630015,-0.0001374784361,0.2138062434
438.0,0.0003000758585,4.767345517e-06,0.001344456263,2.176762372e-05,0.0002999768507,4.681262412e-06,0.001362918983,6.721793673e-05,0.0007425609415,3.78559979e-06,0.0008253866122,4.739310036e-06,0.0008355834381,0.0001051014005,0.2139113448
439.0,0.000302146491,4.75723278e-06,0.001332387203,2.155631381e-05,0.0002962283187,4.646671763e-06,0.001292664966,5.517328251e-05,0.0007311921387,3.716429729e-06,0.0008142238274,4.680039866e-06,0.0006861850167,7.265852525e-05,0.2139840033
440.0,0.0003013282049,4.742875343e-06,0.001323624847,2.140588673e-05,0.0002916784344,4.593493947e-06,0.00128657837,5.038312929e-05,0.0007195852993,3.647229718e-06,0.0008031556934,4.618412916e-06,0.0006268711223,2.028818559e-05,0.2140042915
441.0,0.0002989892773,4.734304308e-06,0.001315576594,2.126508442e-05,0.000286724134,4.533766009e-06,0.001277552874,5.221569638e-05,0.0007081994783,3.578844807e-06,0.0007921432739,4.559051214e-06,0.0006499523479,2.810419723e-06,0.2140071019
442.0,0.0002972080783,4.734862885e-06,0.001308020735,2.112806983e-05,0.0002817786647,4.470611857e-06,0.001268405173,5.122482861e-05,0.0006969368082,3.510424017e-06,0.0007814765319,4.499559177e-06,0.0006379130378,1.636063859e-05,0.2140234625
443.0,0.0002973686768,4.752639284e-06,0.001300935336,2.099556003e-05,0.0002769867305,4.405850566e-06,0.00126830182,5.413854625e-05,0.0006859798492,3.44334519e-06,0.0007709234396,4.441442481e-06,0.0006745349521,5.238516602e-05,0.2140758477
444.0,0.0002974374924,4.771334762e-06,0.001293785457,2.086424229e-05,0.0002725384677,4.342803189e-06,0.001272144758,5.93645282e-05,0.0006752569631,3.376042218e-06,0.0007606190418,4.385344056e-06,0.0007400269816,0.0001046497397,0.2141804974
445.0,0.0002970849672,4.784316779e-06,0.001286414995,2.073032981e-05,0.0002684732865,4.28450226e-06,0.001280797779,6.145988471e-05,0.0006646134057,3.31044346e-06,0.0007505361693,4.330581536e-06,0.000766551716,0.0001217866771,0.2143022841
446.0,0.0002976171335,4.799615133e-06,0.00127924528,2.059845432e-05,0.0002648184116,4.230514132e-06,0.001289188796,6.224022093e-05,0.0006543209564,3.247420337e-06,0.0007407199746,4.277871579e-06,0.0007766898597,0.0001291843595,0.2144314685
447.0,0.0002979469928,4.81230642e-06,0.001272236264,2.047101665e-05,0.0002613913418,4.18068978e-06,0.001295053606,6.230909994e-05,0.0006444210511,3.185313936e-06,0.0007312491553,4.228541285e-06,0.0007779597379,0.0001302081195,0.2145616766
448.0,0.0002977189569,4.820982759e-06,0.001265550345,2.034812007e-05,0.0002581872906,4.13397214e-06,0.001299857395,6.203860637e-05,0.000634800968,3.127631978e-06,0.0007218861661,4.183174313e-06,0.0007749931563,0.0001268400762,0.2146885167
449.0,0.0002971922533,4.828481105e-06,0.00125907053,2.023015963e-05,0.0002551646928,4.089855284e-06,0.001295313451,6.170078412e-05,0.0006257021075,3.071423582e-06,0.0007132236953,4.139937571e-06,0.0007711730649,0.0001210397988,0.2148095565
450.0,0.000297231652,4.84065258e-06,0.001252858137,2.011771691e-05,0.0002522850813,4.047712744e-06,0.001291043123,6.124069659e-05,0.0006170827655,3.018356093e-06,0.0007048974395,4.100988635e-06,0.0007658206561,0.0001124692967,0.2149220258
451.0,0.0002984003168,4.860038085e-06,0.001246725299,2.000889132e-05,0.0002495411809,4.007217771e-06,0.001278744314,6.057447054e-05,0.0006091323296,2.967428381e-06,0.0006967900479,4.067127954e-06,0.0007578741585,0.0001019896981,0.2150240155
452.0,0.0002996252571,4.881739986e-06,0.001240689086,1.990144549e-05,0.0002469191308,3.969168515e-06,0.001265378456,5.96453299e-05,0.0006016886444,2.919211511e-06,0.0006890186852,4.03645806e-06,0.0007466174877,8.991141561e-05,0.2151139269
453.0,0.0003006050769,4.904199402e-06,0.00123456411,1.979387729e-05,0.000244404768,3.932284068e-06,0.001251873511,5.838632456e-05,0.0005950577074,2.872599071e-06,0.0006814933642,4.008103039e-06,0.0007312124856,7.651785492e-05,0.2151904447
454.0,0.0003013010821,4.926382379e-06,0.001228424792,1.968578531e-05,0.0002418755647,3.895103539e-06,0.001237404467,5.695125667e-05,0.000588681664,2.829116583e-06,0.0006742587955,3.981667872e-06,0.0007135691753,6.356331252e-05,0.215254008
455.0,0.0003016333349,4.947397872e-06,0.001222226334,1.957649951e-05,0.0002392844124,3.857957178e-06,0.001229523868,5.552768112e-05,0.0005825341043,2.789233344e-06,0.0006672412893,3.957899572e-06,0.0006960467997,5.183575751e-05,0.2153058438
456.0,0.0003017412735,4.966806209e-06,0.0012159746,1.946443293e-05,0.0002366494839,3.82056356e-06,0.001219881858,5.414775873e-05,0.000576644366,2.752119244e-06,0.0006604335678,3.934902219e-06,0.0006790445896,3.766845862e-05,0.2153435123
457.0,0.0003017559552,4.985354316e-06,0.001209688847,1.935125424e-05,0.0002339511224,3.782178939e-06,0.001217504256,5.352246882e-05,0.0005709867082,2.716510134e-06,0.000653794076,3.9140113e-06,0.0006714856715,3.957163806e-05,0.2153830839
458.0,0.0003015980667,5.001759384e-06,0.001203230475,1.923399961e-05,0.0002312008636,3.742707274e-06,0.001216138514,5.28428803e-05,0.0005654930629,2.682375741e-06,0.0006473135845,3.894415511e-06,0.0006632380695,4.411450466e-05,0.2154271984
459.0,0.0003015613624,5.017894298e-06,0.001196551086,1.911449201e-05,0.0002283751953,3.701627037e-06,0.001212491353,5.241222874e-05,0.0005601105839,2.65025833e-06,0.0006409381687,3.875863098e-06,0.0006581016705,3.748476409e-05,0.2154646832
460.0,0.0003016674688,5.033921291e-06,0.001189737701,1.899360031e-05,0.0002254637474,3.659077192e-06,0.001214451689,5.249400342e-05,0.0005548539946,2.619449465e-06,0.0006346437863,3.858914819e-06,0.000659398465,3.936944186e-05,0.2155040526
461.0,0.0003017554664,5.047273405e-06,0.001182883956,1.886998156e-05,0.000222501466,3.615175295e-06,0.00121284686,5.272437386e-05,0.0005498696553,2.590142267e-06,0.000628641325,3.842182661e-06,0.0006625653405,4.045302848e-05,0.2155445056
462.0,0.0003016265792,5.057014018e-06,0.001175893962,1.874339766e-05,0.000219516573,3.569990565e-06,0.001213010647,5.316617234e-05,0.0005449887556,2.563370025e-06,0.0006224771074,3.827017542e-06,0.0006683941174,4.010007256e-05,0.2155846057
463.0,0.0003013780171,5.063559981e-06,0.001168664291,1.861386486e-05,0.000216570617,3.523722371e-06,0.001217986418,5.401361312e-05,0.0005401870666,2.536281315e-06,0.0006162808754,3.810688368e-06,0.000679331535,4.17800712e-05,0.2156263858
464.0,0.0003011618426,5.067675231e-06,0.001161296062,1.848083347e-05,0.0002137033715,3.477328353e-06,0.001221709428,5.520662148e-05,0.0005355590211,2.510973278e-06,0.0006103107287,3.794596279e-06,0.000694620418,3.239927663e-05,0.2156587851
465.0,0.0003009525009,5.069890569e-06,0.001153441372,1.834378377e-05,0.0002108681906,3.430212332e-06,0.001228223627,5.681809512e-05,0.000530891701,2.486559147e-06,0.0006043349111,3.778534534e-06,0.0007151946806,3.145816411e-05,0.2156902432
466.0,0.000300838313,5.069415427e-06,0.001145349598,1.820306568e-05,0.0002081101305,3.382627537e-06,0.001233403605,5.847317564e-05,0.0005264124262,2.464361209e-06,0.0005983619108,3.76512465e-06,0.0007363321428,2.755181493e-05,0.215717795
467.0,0.0003003685901,5.064789219e-06,0.001136939955,1.805930421e-05,0.0002054001945,3.334457687e-06,0.001238885198,6.010342169e-05,0.0005219978947,2.442272227e-06,0.0005924977028,3.74980065e-06,0.0007571697288,2.395046027e-05,0.2157417455
468.0,0.0002995408534,5.055236785e-06,0.001128275169,1.791155389e-05,0.0002027244999,3.285783584e-06,0.001246498259,6.142239583e-05,0.0005174524076,2.421724493e-06,0.000586687096,3.735995048e-06,0.0007740985683,2.062191417e-05,0.2157623674
469.0,0.0002983481809,5.040773378e-06,0.001119319614,1.775980293e-05,0.0002000301694,3.236526893e-06,0.001246811986,6.229236795e-05,0.0005128581586,2.401943246e-06,0.0005807720939,3.724027967e-06,0.0007853643029,1.731992018e-05,0.2157796873
470.0,0.0002967970579,5.02185566e-06,0.001110094233,1.760429627e-05,0.0001973075722,3.186582144e-06,0.00125139065,2.542059237e-05,0.0005080661753,2.38153028e-06,0.0005749028706,3.708397086e-06,0.0003206178898,2.04784255e-06,0.2157817352
471.0,0.0002962371299,5.02572719e-06,0.001104735243,1.75215323e-05,0.0001936350914,3.109129259e-06,0.001296718889,6.331772584e-05,0.0005026682614,2.36379073e-06,0.0005694539451,3.699678455e-06,0.0007989659656,1.04794233e-05,0.2157922146
472.0,0.0002941442172,4.995867121e-06,0.001093181196,1.731624297e-05,0.0001920321262,3.076070171e-06,0.001258791443,6.021641063e-05,0.0004987649156,2.345811809e-06,0.0005636132929,3.68308303e-06,0.0007601165513,-4.354131318e-06,0.2157878605
473.0,0.000292089043,4.956998616e-06,0.00108150933,1.712553772e-05,0.0001897370059,3.033557602e-06,0.001249391058,6.007058055e-05,0.0004943735026,2.328163599e-06,0.0005575580682,3.669125598e-06,0.0007585485624,-1.212202455e-05,0.2157757384
474.0,0.0002900156065,4.921572591e-06,0.001070303517,1.694283619e-05,0.0001871400312,2.986565975e-06,0.001239441334,6.040620353e-05,0.0004899659091,2.308945488e-06,0.0005515248341,3.651051306e-06,0.0007630420737,-1.817701307e-05,0.2157575614
475.0,0.0002878227345,4.887537889e-06,0.001059325682,1.676645951e-05,0.0001842551413,2.935398742e-06,0.001234473508,6.062315467e-05,0.0004854801844,2.290709564e-06,0.0005453784518,3.634299801e-06,0.000766040469,-2.28808963e-05,0.2157346805
476.0,0.0002855494915,4.853552647e-06,0.00104855983,1.659415994e-05,0.000181150512,2.880849802e-06,0.001226831637,6.045966484e-05,0.0004810862422,2.27139262e-06,0.0005392555245,3.613897352e-06,0.0007642217167,-2.648608453e-05,0.2157081944
477.0,0.0002829965665,4.817996198e-06,0.001037776025,1.64216363e-05,0.0001778353965,2.82359899e-06,0.001218083046,5.996660908e-05,0.0004764645041,2.252995017e-06,0.000533037759,3.596676e-06,0.0007582290694,-2.925076455e-05,0.2156789437
478.0,0.0002803258296,4.779919643e-06,0.001026916723,1.624630658e-05,0.0001744159683,2.764546192e-06,0.001211436463,5.920146871e-05,0.000471890029,2.233692645e-06,0.0005269112275,3.573038519e-06,0.0007487885866,-3.124264376e-05,0.215647701
479.0,0.0002775145077,4.738884588e-06,0.001015849493,1.606839182e-05,0.0001709373015,2.704519182e-06,0.001203965711,5.829563065e-05,0.0004672735632,2.213506923e-06,0.0005207183675,3.549716823e-06,0.0007375533762,-3.312198804e-05,0.215614579
480.0,0.0002745525463,4.694352709e-06,0.001004453873,1.588573851e-05,0.0001674161544,2.644216857e-06,0.001198992181,5.743322788e-05,0.0004625775508,2.194383532e-06,0.0005144465411,3.529684284e-06,0.0007268642669,-3.492731645e-05,0.2155796517
481.0,0.000271444551,4.645255347e-06,0.0009927822509,1.569906224e-05,0.0001639021331,2.583999098e-06,0.001193084324,5.669897541e-05,0.0004577204926,2.173525355e-06,0.0005082519454,3.502959671e-06,0.0007177890273,-3.700506661e-05,0.2155426467
482.0,0.0002681280083,4.591365352e-06,0.0009808516944,1.550777888e-05,0.0001604469944,2.524030497e-06,0.001190317525,5.62110324e-05,0.0004527765015,2.153596852e-06,0.0005019824076,3.479526128e-06,0.0007118233297,-3.940075522e-05,0.2155032459
483.0,0.0002646383103,4.533073857e-06,0.0009686355131,1.531246972e-05,0.0001570074255,2.464679689e-06,0.001185912303,5.595757793e-05,0.0004469314816,2.131415271e-06,0.0004957340953,3.451376146e-06,0.0007088246084,-4.187358871e-05,0.2154613723
484.0,0.0002610821188,4.471519523e-06,0.0009561472954,1.511385014e-05,0.0001535953782,2.405854743e-06,0.001179081754,5.589670073e-05,0.000441572207,2.109155956e-06,0.0004894675452,3.426405387e-06,0.0007082514328,-4.443170772e-05,0.2154169406
485.0,0.0002574323936,4.407010543e-06,0.0009434952292,1.491174513e-05,0.0001501942043,2.347357829e-06,0.001174401768,5.59834985e-05,0.0004359238379,2.086203819e-06,0.0004831906819,3.396364698e-06,0.0007095504751,-4.658561043e-05,0.215370355
486.0,0.0002537404786,4.339907214e-06,0.0009308424426,1.470781955e-05,0.0001468348985,2.28921961e-06,0.001166852584,5.605106283e-05,0.0004299181612,2.063045623e-06,0.0004768547756,3.368771152e-06,0.0007105973929,-4.820767586e-05,0.2153221473
487.0,0.0002497650472,4.269865403e-06,0.0009179488305,1.450138485e-05,0.0001434809416,2.231325053e-06,0.001157498939,5.608601097e-05,0.0004242817104,2.038824599e-06,0.0004705076142,3.336528194e-06,0.0007112227557,-4.91681743e-05,0.2152729792
488.0,0.000245573414,4.196738609e-06,0.0009049872401,1.429311004e-05,0.0001401610339,2.173828433e-06,0.0011507305,5.596064607e-05,0.0004185493689,2.01359442e-06,0.0004641216374,3.307692298e-06,0.0007098115564,-4.936026342e-05,0.2152236189
489.0,0.0002411322324,4.120974103e-06,0.0008918360364,1.408159985e-05,0.0001368496684,2.116827023e-06,0.001136084736,5.563556533e-05,0.0004126344099,1.987752715e-06,0.0004576823562,3.275393763e-06,0.0007058540536,-4.911884112e-05,0.2151745
490.0,0.0002364585959,4.042783087e-06,0.0008786623779,1.386748451e-05,0.0001335835054,2.060687102e-06,0.001126895529,5.512862668e-05,0.000406670188,1.961261559e-06,0.0004513169669,3.243907156e-06,0.0006995820639,-4.840599769e-05,0.2151260941
491.0,0.0002317464003,3.96280048e-06,0.0008654795694,1.365016095e-05,0.0001303642339,2.005695767e-06,0.001113834303,5.442323534e-05,0.0004005853661,1.933039691e-06,0.0004448827021,3.211292054e-06,0.0006907794786,-4.744709054e-05,0.215078647
492.0,0.0002270448278,3.882211415e-06,0.0008520571235,1.343044532e-05,0.0001272109498,1.951933677e-06,0.001102057467,5.364091987e-05,0.0003944056415,1.906004365e-06,0.0004385022369,3.178097318e-06,0.0006809915546,-4.635518407e-05,0.2150322918
493.0,0.0002224603045,3.801567511e-06,0.0008384715161,1.320900897e-05,0.0001241228814,1.899480067e-06,0.001090968504,5.281107223e-05,0.0003881142103,1.877298379e-06,0.0004321600689,3.146327996e-06,0.0006705926482,-4.513546909e-05,0.2149871563
494.0,0.0002179274434,3.720479515e-06,0.0008249713801,1.298740476e-05,0.0001211150305,1.848532833e-06,0.00107771261,5.199212917e-05,0.0003817871293,1.848012877e-06,0.0004258737789,3.112890872e-06,0.0006603173966,-4.402539815e-05,0.2149431309
495.0,0.000213309711,3.638603606e-06,0.000811302693,1.276509297e-05,0.0001181520946,1.798947839e-06,0.001068679721,5.126449731e-05,0.0003754044295,1.817771525e-06,0.0004195017888,3.081267232e-06,0.0006511995749,-4.301119421e-05,0.2149001197
496.0,0.0002086966753,3.556112787e-06,0.0007975594688,1.254268645e-05,0.0001152607479,1.750928929e-06,0.001055417949,5.055898625e-05,0.0003688398609,1.788744277e-06,0.0004133123787,3.046420808e-06,0.0006423496937,-4.213943486e-05,0.2148579803
497.0,0.0002040274406,3.473305828e-06,0.0007836655243,1.232218973e-05,0.0001124526618,1.704547306e-06,0.001042043531,4.995541359e-05,0.0003624758132,1.75903135e-06,0.0004069505229,3.015978231e-06,0.0006347898003,-4.137959656e-05,0.2148166007
498.0,0.0001994311112,3.390655747e-06,0.0007697439088,1.210328234e-05,0.0001097141132,1.659951556e-06,0.001028807929,4.937561345e-05,0.0003559957173,1.728346113e-06,0.0004008354778,2.983612522e-06,0.0006275294698,-4.051805969e-05,0.2147760826
499.0,0.0001949662885,3.308656232e-06,0.0007559212054,1.188608511e-05,0.0001070666499,1.617058156e-06,0.00101065024,4.879714681e-05,0.0003494877849,1.696653892e-06,0.0003946938993,2.954829839e-06,0.0006202734913,-3.966627399e-05,0.2147364163
500.0,0.0001905065039,3.226913948e-06,0.0007423131275,1.167010806e-05,0.0001045084361,1.575983736e-06,0.0009977478285,4.822729671e-05,0.0003428873851,1.666103431e-06,0.0003887068531,2.923604585e-06,0.0006131237326,-3.864825152e-05,0.2146977681
501.0,0.0001860696467,3.145393703e-06,0.00072875304,1.145583928e-05,0.0001020416826,1.53664726e-06,0.0009777820649,4.757828148e-05,0.0003362455388,1.634470982e-06,0.0003827178416,2.895099661e-06,0.0006049638823,-3.756923519e-05,0.2146601989
502.0,0.000181561334,3.064206846e-06,0.0007152649781,1.124433234e-05,9.965126811e-05,1.498951178e-06,0.0009613078024,4.689720771e-05,0.0003297239245,1.602147662e-06,0.0003768565333,2.865896424e-06,0.0005963869354,-3.637075823e-05,0.2146238281
503.0,0.0001771203836,2.983758842e-06,0.0007020030168,1.103571377e-05,9.734781276e-05,1.462887333e-06,0.0009462287443,4.616154373e-05,0.0003231138564,1.571294434e-06,0.0003709677057,2.838059336e-06,0.0005871138401,-3.497711675e-05,0.214588851
504.0,0.0001727231368,2.904502754e-06,0.0006889015118,1.082952638e-05,9.512207301e-05,1.428514698e-06,0.0009273504764,4.538912585e-05,0.0003165620601,1.539735144e-06,0.0003652863039,2.810509825e-06,0.0005773626429,-3.357031214e-05,0.2145552807
505.0,0.0001684385008,2.826826032e-06,0.000676090344,1.062613815e-05,9.298348535e-05,1.395861531e-06,0.0009148258755,4.46188219e-05,0.0003099873359,1.507423672e-06,0.0003596477566,2.784173054e-06,0.0005676358943,-3.20904628e-05,0.2145231902
506.0,0.0001643230431,2.751110951e-06,0.0006635178296,1.042572668e-05,9.093742787e-05,1.364848283e-06,0.0008986277837,4.38241955e-05,0.0003034345138,1.476776729e-06,0.0003542103832,2.758928333e-06,0.0005575914953,-3.060978003e-05,0.2144925804
507.0,0.0001602683835,2.677249773e-06,0.0006510362569,1.022893706e-05,8.896182595e-05,1.335240791e-06,0.0008805573888,4.307265442e-05,0.0002969331866,1.445795768e-06,0.0003489205688,2.733556665e-06,0.0005480931942,-2.921288022e-05,0.2144633676
508.0,0.0001563065513,2.605015218e-06,0.0006388216561,1.003743339e-05,8.708428173e-05,1.306977175e-06,0.0008659259542,4.233716957e-05,0.0002905195094,1.414510273e-06,0.0003437293482,2.711035793e-06,0.0005387964787,-2.781382613e-05,0.2144355537
509.0,0.0001524459078,2.53454487e-06,0.0006269713738,9.850992319e-06,8.529126618e-05,1.279983166e-06,0.0008480210142,4.164775138e-05,0.0002840836299,1.385126749e-06,0.0003387284499,2.688502004e-06,0.0005300767664,-2.663099212e-05,0.2144089227
510.0,0.00014863014,2.465628414e-06,0.0006155280066,9.668157008e-06,8.356058015e-05,1.254250405e-06,0.0008352478445,4.107333018e-05,0.0002777733254,1.355498043e-06,0.000333948408,2.667132918e-06,0.0005228213141,-2.555917023e-05,0.2143833636
511.0,0.0001450004501,2.398633239e-06,0.0006044408635,9.489879093e-06,8.191360738e-05,1.229687811e-06,0.0008218144126,4.054870912e-05,0.0002715523073,1.325641871e-06,0.0003292166778,2.646793673e-06,0.0005161957344,-2.464661504e-05,0.2143587169
512.0,0.0001414786516,2.333549626e-06,0.0005937101371,9.316206968e-06,8.035299932e-05,1.206314579e-06,0.000810706321,4.011592753e-05,0.0002654185479,1.297876137e-06,0.0003247046372,2.62746554e-06,0.000510735506,-2.383693245e-05,0.21433488
513.0,0.0001381210597,2.270585912e-06,0.0005833398671,9.147687195e-06,7.886042659e-05,1.184004839e-06,0.000799069154,3.972220595e-05,0.0002593780533,1.270274588e-06,0.0003203701282,2.607764292e-06,0.0005057742102,-2.301632484e-05,0.2143118637
514.0,0.0001348717212,2.209596708e-06,0.0005733579704,8.98465119e-06,7.743871699e-05,1.162841089e-06,0.0007851918522,1.61800526e-05,0.0002533423508,1.241341669e-06,0.0003161476784,2.590553932e-06,0.0002060354638,-6.345110404e-06,0.2143055186
515.0,0.0001326239591,2.158647479e-06,0.0005674446307,8.893205117e-06,7.554617777e-05,1.131323185e-06,0.0007742045792,3.618007814e-05,0.0002474970712,1.217207165e-06,0.0003122952175,2.574288511e-06,0.000460761618,-1.955796465e-05,0.2142859606
516.0,0.0001290538608,2.097834169e-06,0.0005569743514,8.710939459e-06,7.466396053e-05,1.119150226e-06,0.0007593415622,3.580782916e-05,0.0002420209051,1.192229654e-06,0.0003084921248,2.55708289e-06,0.000456057841,-1.907852227e-05,0.2142668821
517.0,0.0001256896409,2.037548122e-06,0.0005471959798,8.542328795e-06,7.363835489e-05,1.105537104e-06,0.0007505289732,3.615939199e-05,0.0002364745843,1.168001047e-06,0.0003048035975,2.540936126e-06,0.0004605727099,-1.906488178e-05,0.2142478172
518.0,0.000122787639,1.982462868e-06,0.0005379517216,8.384710007e-06,7.261631206e-05,1.091456182e-06,0.0007436267854,3.676534575e-05,0.0002310054632,1.144292134e-06,0.0003014218895,2.525153218e-06,0.0004683272505,-1.914141668e-05,0.2142286758
519.0,0.0001201327646,1.931491847e-06,0.0005292589484,8.237375089e-06,7.156021396e-05,1.076711796e-06,0.0007294707415,1.547147031e-05,0.0002252597366,1.12126107e-06,0.0002980953397,2.510341425e-06,0.0001970943091,-3.078694754e-06,0.2142255971
520.0,0.0001180550717,1.888628657e-06,0.000524856009,8.168569202e-06,6.988889165e-05,1.049916942e-06,0.0007228836355,3.515989223e-05,0.0002201526338,1.100219379e-06,0.0002951199475,2.496433802e-06,0.0004479492923,-1.728038623e-05,0.2142083167
521.0,0.0001152130563,1.839809437e-06,0.0005161670476,8.013300424e-06,6.926384086e-05,1.041162383e-06,0.0007087545582,3.518423436e-05,0.0002153230489,1.079743814e-06,0.0002920065021,2.481837787e-06,0.0004482887514,-1.714729183e-05,0.2141911694
522.0,0.0001127259082,1.792730576e-06,0.0005081127428,7.874394482e-06,6.841371915e-05,1.030155325e-06,0.0006988069851,1.472848857e-05,0.0002104395104,1.058798472e-06,0.0002890577501,2.467577037e-06,0.0001876716589,-1.36019409e-06,0.2141898092
523.0,0.0001110021033,1.755139254e-06,0.0005043207115,7.816156286e-06,6.698951131e-05,1.007509775e-06,0.0006921919007,3.373847596e-05,0.0002058551194,1.040741412e-06,0.0002863395882,2.455150334e-06,0.0004299356068,-1.580695607e-05,0.2141740023
524.0,0.0001083621409,1.710847878e-06,0.0004964754099,7.676559653e-06,6.65320179e-05,1.001922939e-06,0.0006787872016,3.391896801e-05,0.0002015168377,1.022513393e-06,0.0002836032279,2.441091107e-06,0.000432260427,-1.579772998e-05,0.2141582045
525.0,0.0001062762182,1.669610373e-06,0.0004892090704,7.557295513e-06,6.586933701e-05,9.940301043e-07,0.0006705899413,1.418126067e-05,0.0001971793254,1.004427491e-06,0.0002809058071,2.427887942e-06,0.0001807384525,-1.154871252e-08,0.214158193
526.0,0.0001045938943,1.635896324e-06,0.0004862586248,7.52360835e-06,6.465146779e-05,9.749507419e-07,0.0006632046612,3.284634713e-05,0.000193163005,9.887080232e-07,0.0002785512837,2.415789476e-06,0.0004186591287,-1.511767741e-05,0.2141430753
527.0,0.0001024537367,1.599071831e-06,0.0004792941071,7.409200466e-06,6.431750553e-05,9.719986386e-07,0.0006507022311,1.346308004e-05,0.0001892869517,9.727093543e-07,0.0002760284493,2.402932752e-06,0.000171611669,1.192347401e-06,0.2141442677
528.0,0.0001009426722,1.567946088e-06,0.000476505772,7.384246552e-06,6.335623915e-05,9.57298213e-07,0.0006456004721,3.1445572e-05,0.0001856326385,9.591603924e-07,0.000273838371,2.39047045e-06,0.0004008701493,-1.406257791e-05,0.2141302051
529.0,9.899514145e-05,1.534600498e-06,0.0004699831525,7.278526854e-06,6.318272321e-05,9.575872721e-07,0.000631946634,1.284955647e-05,0.0001821562686,9.458525731e-07,0.0002715374489,2.377854049e-06,0.00016381751,1.842246625e-06,0.2141320473
530.0,9.746017068e-05,1.505845081e-06,0.0004675400969,7.257918934e-06,6.244448016e-05,9.477780398e-07,0.0006274836107,3.038066247e-05,0.0001788655913,9.348939782e-07,0.0002694990673,2.365858336e-06,0.0003873587742,-1.362100712e-05,0.2141184263
531.0,9.58873707e-05,1.47771424e-06,0.0004613208077,7.155772531e-06,6.239052226e-05,9.509966916e-07,0.0006133514863,1.242378979e-05,0.0001757254227,9.241677946e-07,0.0002672398887,2.352278357e-06,0.0001584175584,2.006374441e-06,0.2141204327
532.0,9.437183576e-05,1.452094959e-06,0.0004590218595,7.135628691e-06,6.181851801e-05,9.447717298e-07,0.0006072542434,2.951468306e-05,0.0001727172356,9.150871151e-07,0.0002653174501,2.33949106e-06,0.0003763825069,-1.370658385e-05,0.2141067261
533.0,9.311879882e-05,1.429295741e-06,0.0004531114925,7.03640275e-06,6.185881832e-05,9.493131299e-07,0.0005969006401,1.204424251e-05,0.0001698524622,9.063406175e-07,0.0002632112893,2.325545253e-06,0.0001536053799,1.911476987e-06,0.2141086376
534.0,9.174512962e-05,1.406881184e-06,0.0004511622551,7.018072925e-06,6.141068026e-05,9.447200462e-07,0.0005887978719,2.860956779e-05,0.0001671832608,8.98887857e-07,0.0002613736542,2.312838125e-06,0.0003649059877,-1.369056416e-05,0.214094947
535.0,9.063989027e-05,1.387940157e-06,0.0004457020407,6.922815388e-06,6.151327139e-05,9.50015608e-07,0.0005805869384,2.88478216e-05,0.0001646864362,8.918241304e-07,0.0002593785853,2.299018522e-06,0.0003679750129,-1.362609317e-05,0.2140813209
536.0,8.95966475e-05,1.368933085e-06,0.0004408761334,6.842673649e-06,6.145489594e-05,9.529895327e-07,0.0005729126717,1.180899732e-05,0.0001622430564,8.851843916e-07,0.0002573658644,2.284593518e-06,0.0001506456448,1.667012705e-06,0.2140829879
537.0,8.836008643e-05,1.3509907e-06,0.0004399405503,6.839903256e-06,6.100308404e-05,9.484653183e-07,0.0005673860059,2.773587161e-05,0.0001599961425,8.798188074e-07,0.0002555780604,2.271536544e-06,0.0003538596954,-1.368395402e-05,0.214069304
538.0,8.73262636e-05,1.336033698e-06,0.0004352557206,6.757035973e-06,6.109141989e-05,9.537184e-07,0.0005583895669,2.746843567e-05,0.0001579794154,8.744271928e-07,0.0002536498628,2.256873843e-06,0.0003504778024,-1.284944113e-05,0.2140564546
539.0,8.639137895e-05,1.320806596e-06,0.0004308814273,6.685739711e-06,6.104613435e-05,9.572581574e-07,0.0005481602465,1.106922433e-05,0.0001559876054,8.701252806e-07,0.0002517348776,2.242299039e-06,0.0001412477331,2.504432916e-06,0.214058959
540.0,8.561968323e-05,1.307292849e-06,0.0004304206527,6.689240418e-06,6.068668623e-05,9.545826931e-07,0.0005479038161,2.575803184e-05,0.0001542011876,8.655689451e-07,0.0002500614989,2.229010103e-06,0.0003287190357,-1.164311804e-05,0.2140473159
541.0,8.443897508e-05,1.293424314e-06,0.0004259552157,6.608244867e-06,6.083790844e-05,9.609032218e-07,0.0005359674778,2.521540769e-05,0.0001524954884,8.618867001e-07,0.000248206106,2.21409349e-06,0.000321820333,-1.05658951e-05,0.21403675
542.0,8.358306828e-05,1.281368432e-06,0.0004216155101,6.534230919e-06,6.086410465e-05,9.657086559e-07,0.000528520051,2.508858982e-05,0.0001508672822,8.576695201e-07,0.0002463718587,2.198990921e-06,0.0003202307099,-1.04435339e-05,0.2140263064
543.0,8.285754962e-05,1.271151587e-06,0.0004175409642,6.466869914e-06,6.085964826e-05,9.698756921e-07,0.0005230857981,2.499618622e-05,0.000149308966,8.542554508e-07,0.0002445339237,2.183911045e-06,0.0003190817035,-1.037674309e-05,0.2140159297
544.0,8.21553335e-05,1.262551631e-06,0.0004138788073,6.407231513e-06,6.082730251e-05,9.733666415e-07,0.0005150821917,2.479126863e-05,0.0001479051369,8.502727585e-07,0.000242710994,2.168631029e-06,0.0003164929847,-1.027749723e-05,0.2140056522
545.0,8.147079149e-05,1.254569937e-06,0.0004105447831,6.353412334e-06,6.078956741e-05,9.766198037e-07,0.0005116333214,2.447852615e-05,0.0001465798306,8.474080698e-07,0.0002408949196,2.153467599e-06,0.0003125291908,-9.75718639e-06,0.213995895
546.0,8.082569963e-05,1.247261287e-06,0.0004075199818,6.303409157e-06,6.077215401e-05,9.796779711e-07,0.0005042733595,2.400111242e-05,0.0001454315285,8.437397084e-07,0.000239103746,2.13827772e-06,0.0003064614907,-8.917523249e-06,0.2139869775
547.0,8.018989505e-05,1.240421883e-06,0.0004046222131,6.256609387e-06,6.076825807e-05,9.827059026e-07,0.0004994923715,2.347964138e-05,0.0001443691201,8.406952407e-07,0.0002373209618,2.123112867e-06,0.0002998287728,-7.838734195e-06,0.2139791388
548.0,7.962153644e-05,1.234365555e-06,0.000401870478,6.211347561e-06,6.080105454e-05,9.858869055e-07,0.0004945287357,2.292040922e-05,0.0001434374443,8.37568851e-07,0.000235556289,2.107890495e-06,0.000292714688,-6.621367571e-06,0.2139725174
549.0,7.911318765e-05,1.229073173e-06,0.0003990252303,6.166005383e-06,6.084827468e-05,9.893794611e-07,0.0004857837758,2.234560844e-05,0.0001425524431,8.350316211e-07,0.0002337922985,2.092725156e-06,0.0002853982723,-5.548152105e-06,0.2139669692
550.0,7.855985745e-05,1.224545135e-06,0.0003961375748,6.120585061e-06,6.092806281e-05,9.929935919e-07,0.0004831215941,2.183287893e-05,0.000141826424,8.314785402e-07,0.000232037923,2.077349705e-06,0.0002788747128,-4.695712934e-06,0.2139622735
551.0,7.811338037e-05,1.220901029e-06,0.0003932681386,6.076307467e-06,6.103529865e-05,9.9667986e-07,0.0004775485067,2.133280675e-05,0.0001411376522,8.281059827e-07,0.000230274467,2.061950904e-06,0.0002725109334,-4.149272897e-06,0.2139581243
552.0,7.762862427e-05,1.218273528e-06,0.0003903558815,6.033138956e-06,6.115339434e-05,1.000412259e-06,0.0004723908576,2.092423121e-05,0.0001404993519,8.247653204e-07,0.0002285162984,2.046358323e-06,0.0002673146573,-3.884405158e-06,0.2139542398
553.0,7.727391882e-05,1.216875553e-06,0.0003875319893,5.991154228e-06,6.129413724e-05,1.004088623e-06,0.000470359908,2.056379698e-05,0.0001398999666,8.214908777e-07,0.0002267313213,2.030825107e-06,0.0002627333422,-3.845906114e-06,0.2139503939
554.0,7.7007596e-05,1.217057848e-06,0.0003847637727,5.9530778e-06,6.143991982e-05,1.007614007e-06,0.0004637641651,2.023417947e-05,0.0001393781658,8.178887541e-07,0.0002249657181,2.015077118e-06,0.0002585430297,-4.075786158e-06,0.2139463182
555.0,7.679891128e-05,1.218359575e-06,0.0003820482278,5.919091018e-06,6.157278799e-05,1.01077193e-06,0.0004606785174,1.996605185e-05,0.0001388962011,8.144190555e-07,0.0002232040954,1.999324754e-06,0.0002551398597,-4.496628798e-06,0.2139418215
556.0,7.66696344e-05,1.22044502e-06,0.0003795942048,5.891196946e-06,6.171201385e-05,1.01351333e-06,0.0004566640898,1.966251969e-05,0.0001385480146,8.107282153e-07,0.0002214403634,1.983388331e-06,0.0002512821641,-5.032867156e-06,0.2139367887
557.0,7.657372443e-05,1.222973304e-06,0.0003773390419,5.86840146e-06,6.183859221e-05,1.015783242e-06,0.000452099772,1.938017263e-05,0.0001382194482,8.072274259e-07,0.0002196815063,1.967488104e-06,0.000247694221,-5.598447913e-06,0.2139311902
558.0,7.647803572e-05,1.225712589e-06,0.000375368924,5.849100635e-06,6.195206257e-05,1.017613783e-06,0.0004496901176,1.907422844e-05,0.0001379815106,8.03523837e-07,0.0002179264009,1.951468936e-06,0.0002438050364,-6.08809233e-06,0.2139251021
559.0,7.644253667e-05,1.228725841e-06,0.0003737393017,5.833880181e-06,6.205253564e-05,1.019145739e-06,0.0004443676415,1.872482864e-05,0.0001377616616,8.001052423e-07,0.000216179511,1.93542536e-06,0.0002393572046,-6.549295991e-06,0.2139185528
560.0,7.633442188e-05,1.231648131e-06,0.0003723023878,5.820775632e-06,6.213133734e-05,1.020444272e-06,0.0004428397397,1.838366621e-05,0.0001376257441,7.965973809e-07,0.0002144380812,1.919313077e-06,0.0002350155455,-6.948239502e-06,0.2139116046
561.0,7.630971384e-05,1.234649828e-06,0.0003709869759,5.810582623e-06,6.218634753e-05,1.021428318e-06,0.0004370731394,1.798972078e-05,0.0001375214969,7.934538886e-07,0.0002127043287,1.903221402e-06,0.0002299974844,-7.29412963e-06,0.2139043105
562.0,7.621755277e-05,1.237752098e-06,0.0003697706885,5.802069233e-06,6.221771852e-05,1.022169761e-06,0.0004331997083,1.762681461e-05,0.0001374879039,7.908480117e-07,0.0002109757414,1.887061735e-06,0.0002253747555,-7.538414078e-06,0.213896772
563.0,7.619554936e-05,1.240955914e-06,0.0003686597466,5.793559694e-06,6.223981358e-05,1.022649365e-06,0.0004311617194,1.727320913e-05,0.0001372551895,7.879760317e-07,0.0002092563523,1.870954069e-06,0.000220871295,-7.611330807e-06,0.2138891607
564.0,7.615441644e-05,1.244533146e-06,0.0003675304326,5.78451856e-06,6.224054594e-05,1.022903743e-06,0.0004246419919,1.69262017e-05,0.0001373169718,7.854006083e-07,0.0002075426407,1.854884786e-06,0.0002164497406,-7.649303438e-06,0.2138815114
565.0,7.614164461e-05,1.248512611e-06,0.0003664410882,5.777293589e-06,6.221973423e-05,1.022933981e-06,0.0004250027186,1.663724766e-05,0.0001374145584,7.833141074e-07,0.000205852029,1.838777502e-06,0.0002127707735,-7.61364634e-06,0.2138738978
566.0,7.618047927e-05,1.252793317e-06,0.0003654172054,5.769377046e-06,6.218765858e-05,1.022653842e-06,0.0004204997578,1.635556032e-05,0.0001375955605,7.812245975e-07,0.000204158809,1.822741493e-06,0.0002091838543,-7.605316908e-06,0.2138662924
567.0,7.62045173e-05,1.257252373e-06,0.000364327055,5.761859597e-06,6.211454907e-05,1.022099392e-06,0.0004164710696,1.615276275e-05,0.000137765697,7.794734126e-07,0.0002024754562,1.806707716e-06,0.000206605384,-7.613377826e-06,0.2138586791
568.0,7.625935003e-05,1.261808631e-06,0.0003632382939,5.753918142e-06,6.203751844e-05,1.021288445e-06,0.0004157665999,1.600169382e-05,0.0001380138462,7.77734868e-07,0.0002008046587,1.790669388e-06,0.0002046889502,-7.55283942e-06,0.2138511262
569.0,7.636582089e-05,1.2665829e-06,0.0003620883865,5.745630704e-06,6.194663462e-05,1.020252919e-06,0.0004114916027,1.589543443e-05,0.0001383031908,7.75889901e-07,0.0001991700683,1.774780851e-06,0.0002033438471,-7.593771341e-06,0.2138435325
570.0,7.641811107e-05,1.271267524e-06,0.0003608832492,5.737551082e-06,6.184529564e-05,1.019120631e-06,0.0004118602865,1.587763914e-05,0.0001385215557,7.742509352e-07,0.0001975952187,1.75859375e-06,0.0002031316247,-7.629628928e-06,0.2138359028
571.0,7.656277833e-05,1.275860213e-06,0.0003597165109,5.728727684e-06,6.175652973e-05,1.017892418e-06,0.0004104441936,1.586401759e-05,0.0001387533045,7.728837523e-07,0.000195934048,1.742959284e-06,0.0002029718807,-7.727622697e-06,0.2138281752
572.0,7.664734979e-05,1.28018792e-06,0.0003584951751,5.719605773e-06,6.166723679e-05,1.016647604e-06,0.0004091489608,1.59276893e-05,0.0001390161867,7.713940019e-07,0.0001943927104,1.726889549e-06,0.0002038009414,-7.794798833e-06,0.2138203804
573.0,7.675098074e-05,1.284169386e-06,0.000357255536,5.710316417e-06,6.157911452e-05,1.015428526e-06,0.0004086066283,1.601642986e-05,0.0001392768439,7.702242483e-07,0.0001928314436,1.71118398e-06,0.0002049522954,-7.783436529e-06,0.213812597
574.0,7.683368283e-05,1.287941343e-06,0.000355986344,5.701013024e-06,6.150134397e-05,1.014459015e-06,0.0004065323516,1.612178478e-05,0.0001395640102,7.689378438e-07,0.0001912899893,1.695605093e-06,0.0002063142001,-7.771279865e-06,0.2138048257
575.0,7.689129595e-05,1.29122968e-06,0.0003547418449,5.691791216e-06,6.143663751e-05,1.013769371e-06,0.0004080053589,1.629077807e-05,0.0001398067046,7.678679424e-07,0.0001897841311,1.680112715e-06,0.0002084922374,-7.74929251e-06,0.2137970764
576.0,7.696683591e-05,1.294109318e-06,0.000353550881,5.683767891e-06,6.139387139e-05,1.013744185e-06,0.0004069181699,1.642675072e-05,0.0001400772146,7.667096534e-07,0.0001883027299,1.66468463e-06,0.0002102472168,-7.699314359e-06,0.2137893771
577.0,7.701211211e-05,1.296529918e-06,0.0003525282763,5.676263427e-06,6.138393457e-05,1.014588486e-06,0.0004077944843,1.659754205e-05,0.0001402857881,7.657715229e-07,0.0001868821734,1.649356827e-06,0.0002124475273,-7.6368907e-06,0.2137817402
578.0,7.705036923e-05,1.298397913e-06,0.0003517585332,5.66955414e-06,6.140679157e-05,1.015862608e-06,0.0004098968006,1.676716546e-05,0.0001405036284,7.647323303e-07,0.0001854843044,1.634242996e-06,0.0002146346322,-7.534921426e-06,0.2137742053
579.0,7.709124392e-05,1.299828347e-06,0.0003510569475,5.663920088e-06,6.144076206e-05,1.017035516e-06,0.000407210883,1.692685247e-05,0.0001406745419,7.637789521e-07,0.000184112232,1.619374819e-06,0.0002166933812,-7.452691326e-06,0.2137667526
580.0,7.706451015e-05,1.300727552e-06,0.0003505048871,5.659890072e-06,6.148004921e-05,1.018041477e-06,0.0004105111129,1.712108e-05,0.0001408577711,7.626943655e-07,0.000182754226,1.604470065e-06,0.0002191956387,-7.41973904e-06,0.2137593328
581.0,7.710818136e-05,1.301164674e-06,0.0003502258782,5.657329031e-06,6.152633441e-05,1.01872101e-06,0.00041096751,1.728184912e-05,0.0001409987352,7.617135728e-07,0.0001814476081,1.589834383e-06,0.0002212691799,-7.440121192e-06,0.2137518927
582.0,7.70689754e-05,1.301083585e-06,0.0003500929267,5.656841227e-06,6.155452376e-05,1.019088061e-06,0.0004119827673,1.748576784e-05,0.000141150105,7.606042858e-07,0.0001801696141,1.575370082e-06,0.0002238953128,-7.478676364e-06,0.213744414
583.0,7.705848213e-05,1.30046827e-06,0.0003502684193,5.658586969e-06,6.158679849e-05,1.019153269e-06,0.0004171283507,1.769153101e-05,0.0001412421709,7.602395254e-07,0.000178943573,1.561122512e-06,0.0002265459355,-7.508531833e-06,0.2137369055
584.0,7.702925113e-05,1.299406667e-06,0.0003506307253,5.662264201e-06,6.160290844e-05,1.018856545e-06,0.000416631816,1.789937581e-05,0.0001413658237,7.583138318e-07,0.0001777549571,1.547252651e-06,0.0002292222326,-7.593078894e-06,0.2137293124
585.0,7.693676539e-05,1.297679851e-06,0.0003511093588,5.66783714e-06,6.158175315e-05,1.018137935e-06,0.0004205232403,1.813568885e-05,0.0001413980841,7.571265637e-07,0.0001766049389,1.533661021e-06,0.0002322650682,-7.751720916e-06,0.2137215607
586.0,7.687065107e-05,1.295391885e-06,0.0003517783578,5.675146082e-06,6.155401816e-05,1.016990282e-06,0.000422328919,1.833420946e-05,0.0001414357008,7.557868736e-07,0.0001754884597,1.520258274e-06,0.0002348231317,-7.970452041e-06,0.2137135903
587.0,7.674415337e-05,1.292446396e-06,0.0003525378147,5.684196586e-06,6.149855831e-05,1.015372971e-06,0.0004247367118,1.856569643e-05,0.000141401913,7.551480779e-07,0.0001744163641,1.507195201e-06,0.0002378036629,-8.209959989e-06,0.2137053803
588.0,7.659830626e-05,1.288783876e-06,0.0003533753072,5.694257506e-06,6.14218249e-05,1.013350186e-06,0.0004286914733,1.878696816e-05,0.0001413986931,7.529455975e-07,0.0001733513111,1.494298095e-06,0.0002406549276,-8.418591968e-06,0.2136969617
589.0,7.64318399e-05,1.284479332e-06,0.0003543796936,5.704772342e-06,6.132967523e-05,1.010937876e-06,0.0004296695755,1.898884829e-05,0.0001413279665,7.513472066e-07,0.0001723316784,1.481545838e-06,0.0002432556636,-8.647746419e-06,0.213688314
590.0,7.619011657e-05,1.279346372e-06,0.0003554238939,5.716058813e-06,6.121636503e-05,1.008080025e-06,0.0004345778399,1.922035936e-05,0.0001412339146,7.502025678e-07,0.0001713144503,1.468944032e-06,0.0002462381542,-8.924102894e-06,0.2136793899
591.0,7.596303341e-05,1.27349537e-06,0.0003564658539,5.728206159e-06,6.107519718e-05,1.004758242e-06,0.0004350659688,1.940558478e-05,0.0001411043833,7.476309617e-07,0.00017032171,1.456566956e-06,0.0002486278294,-9.244180976e-06,0.2136701457
592.0,7.564097556e-05,1.266939087e-06,0.0003574940612,5.740360254e-06,6.090293356e-05,1.001065269e-06,0.0004383041662,1.962022625e-05,0.0001409160401,7.461989728e-07,0.0001693241754,1.444366726e-06,0.0002513935552,-9.551798662e-06,0.2136605939
593.0,7.533146336e-05,1.259617308e-06,0.0003586562709,5.752151665e-06,6.071678166e-05,9.969247613e-07,0.0004421131412,1.982571187e-05,0.0001406879595,7.431891147e-07,0.0001683292291,1.432198321e-06,0.0002540437052,-9.811463689e-06,0.2136507824
594.0,7.497347307e-05,1.251704673e-06,0.0003597366633,5.764637031e-06,6.05047121e-05,9.923327118e-07,0.0004422946293,2.001729049e-05,0.0001403862327,7.412221808e-07,0.0001673365901,1.420074594e-06,0.0002565138752,-1.007305612e-05,0.2136407094
595.0,7.456703348e-05,1.243098672e-06,0.0003608472769,5.778105692e-06,6.027691746e-05,9.873757386e-07,0.0004480988326,2.023381555e-05,0.0001400400854,7.378413322e-07,0.0001663466877,1.408040389e-06,0.0002593051743,-1.035577351e-05,0.2136303536
596.0,7.416912399e-05,1.233819842e-06,0.0003620129625,5.791171984e-06,6.003554825e-05,9.820264207e-07,0.0004500199277,2.041679858e-05,0.0001396294267,7.353850084e-07,0.0001653292742,1.396134947e-06,0.0002616664332,-1.067692862e-05,0.2136196767
597.0,7.370159778e-05,1.223847382e-06,0.0003631291502,5.80416293e-06,5.975571157e-05,9.763041577e-07,0.0004516135047,2.063121622e-05,0.0001391771678,7.313629556e-07,0.0001643051169,1.384263721e-06,0.0002644308676,-1.100318401e-05,0.2136086735
598.0,7.321081522e-05,1.21326025e-06,0.000364258268,5.816650349e-06,5.946283759e-05,9.703109021e-07,0.0004561081524,2.084826702e-05,0.0001386446135,7.283882577e-07,0.0001632547755,1.372414661e-06,0.0002672303808,-1.126778889e-05,0.2135974057
599.0,7.271750464e-05,1.202070079e-06,0.0003653749387,5.829544745e-06,5.915451382e-05,9.64008647e-07,0.0004566361804,2.10580744e-05,0.0001380719452,7.238296548e-07,0.0001622010236,1.360597586e-06,0.0002699350915,-1.157250962e-05,0.2135858332
600.0,7.213333048e-05,1.190206384e-06,0.0003663716434,5.842537068e-06,5.882303901e-05,9.573953025e-07,0.0004610257499,2.13058166e-05,0.0001374149434,7.203133187e-07,0.0001611164118,1.348725052e-06,0.0002731282773,-1.188914724e-05,0.213573944
601.0,7.160386371e-05,1.177787423e-06,0.0003674309883,5.856131338e-06,5.849166296e-05,9.505979532e-07,0.000464373337,2.15176505e-05,0.0001367165899,7.158241115e-07,0.0001600210667,1.336757197e-06,0.0002758601486,-1.222988705e-05,0.2135617141
602.0,7.099589525e-05,1.164882612e-06,0.0003684216519,5.869565009e-06,5.813827557e-05,9.436196837e-07,0.0004661753223,2.176864226e-05,0.0001359589282,7.104180282e-07,0.0001588946768,1.324830439e-06,0.0002790948239,-1.259337341e-05,0.2135491208
603.0,7.036490705e-05,1.151317531e-06,0.0003693639498,5.883156472e-06,5.776763267e-05,9.363810507e-07,0.000469483174,2.201808906e-05,0.000135113556,7.059633181e-07,0.0001577552295,1.312803947e-06,0.0002823115916,-1.287587716e-05,0.2135362449
604.0,6.972912987e-05,1.137305829e-06,0.0003703258189,5.895817756e-06,5.739307494e-05,9.289504385e-07,0.0004697592663,2.225053063e-05,0.0001342251032,7.006077213e-07,0.0001565885729,1.30087582e-06,0.0002853077403,-1.321830098e-05,0.2135230266
605.0,6.904207567e-05,1.122679346e-06,0.0003712399158,5.908070602e-06,5.700508224e-05,9.214144231e-07,0.000474428287,2.250077547e-05,0.000133262797,6.948607259e-07,0.0001553895017,1.288605416e-06,0.0002885351314,-1.356064041e-05,0.2135094659
606.0,6.839001849e-05,1.107710749e-06,0.0003721326389,5.92112873e-06,5.661675243e-05,9.13693541e-07,0.0004754269632,2.270555054e-05,0.0001322420532,6.888690115e-07,0.0001541732238,1.276504382e-06,0.0002911792458,-1.391377269e-05,0.2134955522
607.0,6.770013663e-05,1.092368766e-06,0.0003729499223,5.934265718e-06,5.622291941e-05,9.059037354e-07,0.0004778821873,2.2924742e-05,0.0001311580073,6.824488508e-07,0.0001529275557,1.26420666e-06,0.0002940079736,-1.428045174e-05,0.2134812717
608.0,6.703256902e-05,1.076512661e-06,0.0003737423523,5.947629842e-06,5.582531292e-05,8.98044534e-07,0.0004811027483,2.313376651e-05,0.000130010066,6.758074607e-07,0.0001516453283,1.251787866e-06,0.0002967083445,-1.455289929e-05,0.2134667188
609.0,6.635281038e-05,1.060455482e-06,0.0003744588095,5.961484961e-06,5.541118005e-05,8.901479617e-07,0.0004789215654,2.331855887e-05,0.0001288058495,6.687534112e-07,0.0001503443439,1.239280399e-06,0.0002990966967,-1.492178076e-05,0.213451797
610.0,6.562473958e-05,1.044234208e-06,0.0003751253728,5.975713969e-06,5.499238545e-05,8.822156132e-07,0.0004833240936,2.352473868e-05,0.0001275361903,6.614681665e-07,0.0001490120909,1.226763852e-06,0.0003017608113,-1.526728473e-05,0.2134365298
611.0,6.495758004e-05,1.028053527e-06,0.000375810173,5.989794939e-06,5.458011919e-05,8.742979534e-07,0.0004830296122,2.368571899e-05,0.0001262109962,6.537845952e-07,0.0001476522607,1.214034937e-06,0.0003038447714,-1.564734969e-05,0.2134208824
612.0,6.422506779e-05,1.011897217e-06,0.0003763902984,6.003907858e-06,5.415524704e-05,8.664407204e-07,0.0004837145332,2.386961725e-05,0.0001247822553,6.456485101e-07,0.0001462717019,1.201313478e-06,0.0003062225914,-1.60225934e-05,0.2134048598
613.0,6.352650851e-05,9.956871983e-07,0.0003770237783,6.019041757e-06,5.375106655e-05,8.587640722e-07,0.00048705491,2.403948569e-05,0.0001233615553,6.373615388e-07,0.0001448633392,1.188402377e-06,0.0003084216007,-1.627000286e-05,0.2133885898
614.0,6.284132511e-05,9.797823545e-07,0.0003776299315,6.034141767e-06,5.334860663e-05,8.512256068e-07,0.0004855591642,2.418752592e-05,0.0001218864517,6.288685779e-07,0.0001434310816,1.17548743e-06,0.0003103387367,-1.661509452e-05,0.2133719747
615.0,6.210649487e-05,9.640196511e-07,0.0003782194448,6.050347699e-06,5.294007867e-05,8.439128103e-07,0.000487503919,2.435846379e-05,0.0001203723133,6.199903384e-07,0.0001419833636,1.162444023e-06,0.0003125520167,-1.691764272e-05,0.2133550571
616.0,6.14403512e-05,9.48599523e-07,0.0003789072483,6.067755683e-06,5.254865184e-05,8.368883016e-07,0.000487466565,9.522570547e-06,0.0001186541712,6.100333775e-07,0.0001404081858,1.148596363e-06,0.0001221945081,-3.886866635e-06,0.2133511702
617.0,6.127621225e-05,9.353836703e-07,0.000383854376,6.165450922e-06,5.21657159e-05,8.274802235e-07,0.0004893597999,2.308756057e-05,0.0001171683537,6.013823799e-07,0.0001390265238,1.136259413e-06,0.0002962795988,-1.644005692e-05,0.2133347301
618.0,6.026089101e-05,9.19418353e-07,0.0003828684116,6.153893607e-06,5.180625075e-05,8.229099625e-07,0.00048990714,2.321092009e-05,0.0001155163908,5.917683481e-07,0.0001375158808,1.123011447e-06,0.0002978803394,-1.629762557e-05,0.2133184325
619.0,5.943872262e-05,9.044430065e-07,0.0003820544095,6.146255823e-06,5.151940797e-05,8.185083278e-07,0.0004904808781,2.364974688e-05,0.0001138235126,5.818055757e-07,0.0001359950281,1.109630071e-06,0.0003035273657,-1.684488546e-05,0.2133015876
620.0,5.89073918e-05,8.919534873e-07,0.0003815631882,6.146846267e-06,5.120954856e-05,8.139925901e-07,0.0004912485771,2.422974069e-05,0.0001120816371,5.71697927e-07,0.0001344617331,1.096295547e-06,0.0003109896268,-1.761242146e-05,0.2132839752
621.0,5.845417445e-05,8.799474709e-07,0.0003817578927,6.159345235e-06,5.089235287e-05,8.093799023e-07,0.0004906451803,9.602994781e-06,0.0001101697764,5.60381784e-07,0.0001328285766,1.082143415e-06,0.0001232614238,-4.291406018e-06,0.2132796838
622.0,5.793478461e-05,8.677504925e-07,0.0003871723885,6.269868907e-06,5.050319525e-05,8.010811914e-07,0.0004902993321,2.36078332e-05,0.0001084694855,5.505584396e-07,0.0001313854809,1.069677138e-06,0.0003030406863,-1.778804356e-05,0.2132618958
623.0,5.728810687e-05,8.559045032e-07,0.0003868113924,6.270942273e-06,5.024777685e-05,7.988500864e-07,0.0004902765925,2.390659545e-05,0.0001066403696,5.396746185e-07,0.0001298332847,1.056283454e-06,0.0003068921338,-1.787768575e-05,0.2132440181
624.0,5.692714179e-05,8.46348269e-07,0.0003869100706,6.281908999e-06,5.006241396e-05,7.969027933e-07,0.0004880992474,2.433972501e-05,0.00010475271,5.287354678e-07,0.000128281242,1.043044642e-06,0.0003124672802,-1.844003168e-05,0.213225578
625.0,5.655347277e-05,8.381035437e-07,0.0003875278417,6.303587048e-06,4.987602248e-05,7.951358493e-07,0.0004880467816,9.639038809e-06,0.0001027308973,5.167542229e-07,0.0001266234137,1.029082671e-06,0.0001237507015,-4.878852028e-06,0.2132206992
626.0,5.64318544e-05,8.335147271e-07,0.0003937989533,6.432385146e-06,4.959085777e-05,7.891881322e-07,0.0004861000134,2.361956855e-05,0.0001009312945,5.062498952e-07,0.0001251741545,1.016811351e-06,0.0003032566213,-1.785913078e-05,0.2132028401
627.0,5.588670803e-05,8.263333446e-07,0.0003937146283,6.442601329e-06,4.948340414e-05,7.902678017e-07,0.0004848956287,2.395199418e-05,9.903872697e-05,4.948324298e-07,0.0001236233229,1.003729369e-06,0.0003075395755,-1.798745024e-05,0.2131848526
628.0,5.576739586e-05,8.22860902e-07,0.0003942317821,6.463448008e-06,4.945117502e-05,7.919637371e-07,0.0004875384585,9.462479975e-06,9.697861637e-05,4.826757519e-07,0.0001219958511,9.902443991e-07,0.0001215030199,-4.760830569e-06,0.2131800918
629.0,5.622337521e-05,8.257491765e-07,0.000400473138,6.593210209e-06,4.932353886e-05,7.896713495e-07,0.0004855631524,2.344008254e-05,9.517389632e-05,4.717678599e-07,0.0001205738306,9.782950238e-07,0.0003009966402,-1.721727433e-05,0.2131628745
630.0,5.590457275e-05,8.223321512e-07,0.0004002756038,6.599345055e-06,4.938233629e-05,7.947437587e-07,0.0004868312752,2.396098881e-05,9.325877923e-05,4.601859068e-07,0.0001190685202,9.658188055e-07,0.0003077016428,-1.748485743e-05,0.2131453897
631.0,5.610880576e-05,8.232089254e-07,0.0004009283996,6.618230057e-06,4.953636884e-05,8.006947689e-07,0.0004875478729,9.492310747e-06,9.124154289e-05,4.477594999e-07,0.0001175020924,9.528510263e-07,0.0001219041501,-4.587255314e-06,0.2131408024
632.0,5.671627983e-05,8.297263482e-07,0.0004076403512,6.749966387e-06,4.956717954e-05,8.024015718e-07,0.0004879988718,2.372339404e-05,8.943462908e-05,4.367785365e-07,0.0001161419483,9.414516624e-07,0.0003046814416,-1.747036459e-05,0.213123332
633.0,5.677353247e-05,8.305358445e-07,0.0004079544465,6.756877531e-06,4.98475492e-05,8.122175917e-07,0.0004906923226,2.432259621e-05,8.755800884e-05,4.252701922e-07,0.0001147201148,9.29516198e-07,0.0003123936351,-1.789228928e-05,0.2131054397
634.0,5.727220079e-05,8.350055331e-07,0.0004091418777,6.777528102e-06,5.02346092e-05,8.232580159e-07,0.0004913502216,9.653996486e-06,8.556466554e-05,4.131715764e-07,0.0001132513474,9.174190072e-07,0.0001239993323,-4.596406213e-06,0.2131008433
635.0,5.790100152e-05,8.440308118e-07,0.0004166135496,6.913791289e-06,5.047113038e-05,8.297479121e-07,0.0004915872879,2.409195278e-05,8.381137917e-05,4.024041062e-07,0.0001119877099,9.068146948e-07,0.0003094646098,-1.779028899e-05,0.213083053
636.0,5.815489675e-05,8.479537196e-07,0.0004172515375,6.920460113e-06,5.101752664e-05,8.44883154e-07,0.0004911132815,9.509650396e-06,8.187923172e-05,3.906904717e-07,0.0001105851702,8.953185907e-07,0.000122159045,-4.432834233e-06,0.2130786202
637.0,5.900232284e-05,8.586819287e-07,0.0004240075179,7.040202916e-06,5.145371415e-05,8.55106762e-07,0.0004912856809,2.378449123e-05,8.017622097e-05,3.802753834e-07,0.0001094028982,8.852916813e-07,0.0003055474531,-1.7158917e-05,0.2130614613
638.0,5.91638587e-05,8.624801352e-07,0.0004239947298,7.0355909e-06,5.21842742e-05,8.729642456e-07,0.0004936661364,2.445076063e-05,7.841671726e-05,3.697129763e-07,0.0001081815082,8.749417605e-07,0.0003141232381,-1.751168174e-05,0.2130439496
639.0,5.975492196e-05,8.700188919e-07,0.0004248317882,7.044950797e-06,5.294468091e-05,8.907550358e-07,0.000494688949,9.704736085e-06,7.658603296e-05,3.58946917e-07,0.00010693661,8.643127784e-07,0.0001246843751,-4.50384581e-06,0.2130394458
640.0,6.059076698e-05,8.824650481e-07,0.0004321678694,7.171731997e-06,5.346183994e-05,9.01866166e-07,0.000494890735,2.432555514e-05,7.500770894e-05,3.499469824e-07,0.0001059257956,8.55385461e-07,0.0003125483662,-1.733292736e-05,0.2130221128
641.0,6.095488305e-05,8.894297296e-07,0.0004325864593,7.172284491e-06,5.4274691e-05,9.204724472e-07,0.000495187415,9.555972479e-06,7.334847066e-05,3.402768657e-07,0.0001047919183,8.454185639e-07,0.0001227862942,-4.40524728e-06,0.2130177076
642.0,6.197823696e-05,9.036940237e-07,0.0004392818204,7.286264692e-06,5.487259232e-05,9.33021214e-07,0.0004940448173,2.402004277e-05,7.193072169e-05,3.323057131e-07,0.0001038753775,8.369682419e-07,0.0003086539658,-1.675225814e-05,0.2130009553
643.0,6.223366278e-05,9.102018604e-07,0.0004391429373,7.275819687e-06,5.576483448e-05,9.526557781e-07,0.0004964913105,2.462914068e-05,7.057490715e-05,3.246025435e-07,0.0001029383412,8.280624074e-07,0.0003164968823,-1.716257146e-05,0.2129837928
644.0,6.2947894e-05,9.201681607e-07,0.0004399021137,7.279132189e-06,5.666855401e-05,9.716112886e-07,0.000497371205,9.686755313e-06,6.918759245e-05,3.17024802e-07,0.0001020235008,8.188964828e-07,0.0001244853628,-4.452797283e-06,0.21297934
645.0,6.38423167e-05,9.345133434e-07,0.0004470385126,7.400088105e-06,5.727112769e-05,9.83105103e-07,0.0004962544266,2.435574642e-05,6.819472751e-05,3.113300573e-07,0.0001013147769,8.11151325e-07,0.0003130164296,-1.695413186e-05,0.2129623858
646.0,6.430138777e-05,9.428887722e-07,0.0004471667826,7.394463002e-06,5.81635989e-05,1.001757347e-06,0.000497198521,2.483046851e-05,6.727642165e-05,3.062503655e-07,0.0001005731648,8.030146417e-07,0.0003191319782,-1.751140369e-05,0.2129448744
647.0,6.498529348e-05,9.53596728e-07,0.0004480895999,7.402194088e-06,5.904490884e-05,1.019522213e-06,0.0004977673968,9.735171588e-06,6.643211751e-05,3.01696758e-07,9.980289194e-05,7.944640198e-07,0.0001251268127,-4.433889648e-06,0.2129404405
648.0,6.597192497e-05,9.684523304e-07,0.0004553530163,7.527120445e-06,5.962876659e-05,1.029587208e-06,0.000496934815,2.427348595e-05,6.592044855e-05,2.993567232e-07,9.92485868e-05,7.87462911e-07,0.0003120062567,-1.665600532e-05,0.2129237845
649.0,6.634624693e-05,9.770050676e-07,0.0004553854234,7.519742854e-06,6.051394437e-05,1.047199626e-06,0.0004965538354,2.462553406e-05,6.557546584e-05,2.97450531e-07,9.863508948e-05,7.799789765e-07,0.0003165437066,-1.701919299e-05,0.2129067653
650.0,6.698151534e-05,9.877787629e-07,0.0004560015183,7.52232785e-06,6.13736677e-05,1.06394297e-06,0.0004986646056,9.611892046e-06,6.529315759e-05,2.958311181e-07,9.800360125e-05,7.721761849e-07,0.0001235609364,-4.305124566e-06,0.2129024602
651.0,6.803719737e-05,1.003006607e-06,0.0004627869433,7.637381221e-06,6.193689598e-05,1.073119327e-06,0.0004958315915,2.394147555e-05,6.544690892e-05,2.957847736e-07,9.755843918e-05,7.658523988e-07,0.0003077843069,-1.596135275e-05,0.2128864989
652.0,6.832945368e-05,1.01119186e-06,0.0004623358246,7.62086892e-06,6.277696728e-05,1.089680693e-06,0.000496744774,2.427869179e-05,6.5762467e-05,2.962326074e-07,9.707983784e-05,7.591200151e-07,0.0003121325005,-1.63095773e-05,0.2128701893
653.0,6.89580381e-05,1.021751704e-06,0.0004625749921,7.613596875e-06,6.360318517e-05,1.105369235e-06,0.000499748249,2.469750289e-05,6.631574237e-05,2.976432783e-07,9.66619906e-05,7.526296749e-07,0.0003175331128,-1.673961035e-05,0.2128534497
654.0,6.968735603e-05,1.033314145e-06,0.0004634160161,7.617465597e-06,6.437258181e-05,1.119593899e-06,0.000499588389,9.644024657e-06,6.695814185e-05,2.995589332e-07,9.61972309e-05,7.458420501e-07,0.0001239975287,-4.020620013e-06,0.2128494291
655.0,7.064243483e-05,1.048219098e-06,0.0004703379134,7.735604702e-06,6.481237255e-05,1.125944825e-06,0.000499119383,2.385366426e-05,6.796414516e-05,3.036975269e-07,9.592721876e-05,7.406666845e-07,0.0003067139827,-1.582091694e-05,0.2128336081
656.0,7.101221073e-05,1.057420662e-06,0.00046991514,7.71848758e-06,6.555250089e-05,1.140044753e-06,0.0004990235336,2.404608817e-05,6.907538298e-05,3.084138541e-07,9.562430516e-05,7.351038363e-07,0.0003092012212,-1.603984702e-05,0.2128175683
657.0,7.156727156e-05,1.068396547e-06,0.0004699278456,7.707158549e-06,6.625994514e-05,1.153314617e-06,0.0005005369783,2.434362644e-05,7.037567336e-05,3.141940419e-07,9.535098247e-05,7.297841679e-07,0.0003130415178,-1.660399158e-05,0.2128009643
658.0,7.224401155e-05,1.079866856e-06,0.0004704082593,7.704207658e-06,6.692701999e-05,1.165258622e-06,0.0005037727171,2.461408104e-05,7.180191486e-05,3.206453559e-07,9.514834584e-05,7.247927558e-07,0.000316535251,-1.701292038e-05,0.2127839514
659.0,7.291994635e-05,1.091557111e-06,0.0004713707224,7.709456617e-06,6.753999877e-05,1.175826209e-06,0.0005039613474,2.475967334e-05,7.335781767e-05,3.275221276e-07,9.49903621e-05,7.20119611e-07,0.0003184204699,-1.752221483e-05,0.2127664292
660.0,7.352805622e-05,1.1029311e-06,0.0004725927464,7.721821244e-06,6.808231668e-05,1.185063358e-06,0.0005054992659,2.482997281e-05,7.499759346e-05,3.349639186e-07,9.490910312e-05,7.157972825e-07,0.0003193408085,-1.771164988e-05,0.2127487175
661.0,7.413248243e-05,1.114057549e-06,0.0004740392639,7.73794916e-06,6.858326114e-05,1.193252704e-06,0.0005055547834,2.475219905e-05,7.675005668e-05,3.428196543e-07,9.484940097e-05,7.117679214e-07,0.000318354895,-1.771985094e-05,0.2127309977
662.0,7.467657099e-05,1.124899846e-06,0.0004755026379,7.75477497e-06,6.904413315e-05,1.200596166e-06,0.000506175913,2.461136325e-05,7.853559803e-05,3.510903276e-07,9.487120207e-05,7.081569499e-07,0.0003165572668,-1.754587183e-05,0.2127134518
663.0,7.520384618e-05,1.135551726e-06,0.0004768893023,7.769960691e-06,6.947881872e-05,1.207386192e-06,0.0005079698628,2.441936967e-05,8.040568503e-05,3.596909457e-07,9.495688253e-05,7.048673238e-07,0.0003141034579,-1.699990602e-05,0.2126964519
664.0,7.579239902e-05,1.146565053e-06,0.0004782034609,7.782182691e-06,6.989961206e-05,1.213795396e-06,0.0005084537716,2.417967755e-05,8.230500332e-05,3.686714475e-07,9.515641351e-05,7.020971345e-07,0.0003110325959,-1.655360174e-05,0.2126798983
665.0,7.633558697e-05,1.157747379e-06,0.0004791950242,7.788911641e-06,7.028818902e-05,1.219882141e-06,0.0005098897873,2.399500801e-05,8.424986202e-05,3.779012324e-07,9.54191567e-05,6.99950121e-07,0.0003086725611,-1.605123062e-05,0.2126638471
666.0,7.6917252e-05,1.169014525e-06,0.000479914087,7.790437578e-06,7.066486257e-05,1.225707528e-06,0.0005108560477,2.380756399e-05,8.622682902e-05,3.874770676e-07,9.577167533e-05,6.983396881e-07,0.0003062752004,-1.56846279e-05,0.2126481624
667.0,7.742280662e-05,1.180362756e-06,0.0004803838382,7.787465142e-06,7.102797903e-05,1.231192978e-06,0.0005131363316,2.369840924e-05,8.826309237e-05,3.971027659e-07,9.617402698e-05,6.974784518e-07,0.000304884919,-1.555830184e-05,0.2126326041
668.0,7.795460456e-05,1.191973245e-06,0.0004806893365,7.781942489e-06,7.137063469e-05,1.236256198e-06,0.0005171487964,2.365156793e-05,9.029831687e-05,4.068675143e-07,9.6676808e-05,6.971316577e-07,0.0003042983715,-1.543092189e-05,0.2126171732
669.0,7.847564909e-05,1.204054064e-06,0.0004809213327,7.775591701e-06,7.169738486e-05,1.24082844e-06,0.0005187089847,2.362624099e-05,9.232218883e-05,4.166661833e-07,9.726850512e-05,6.973762548e-07,0.000303986241,-1.571274861e-05,0.2126014605
670.0,7.898667078e-05,1.216773288e-06,0.0004809863757,7.769166821e-06,7.198844409e-05,1.244754932e-06,0.0005227252686,2.368649131e-05,9.434412729e-05,4.265947115e-07,9.797048156e-05,6.982388265e-07,0.0003047783348,-1.611841581e-05,0.212585342
671.0,7.958112986e-05,1.230087135e-06,0.0004810707364,7.763004492e-06,7.225576621e-05,1.248032603e-06,0.0005251628645,2.374226548e-05,9.637778022e-05,4.364606357e-07,9.876374379e-05,6.997788338e-07,0.0003055118957,-1.669869322e-05,0.2125686433
672.0,8.016953784e-05,1.243553897e-06,0.0004811060147,7.758044629e-06,7.248961181e-05,1.250622737e-06,0.0005275435573,2.384622363e-05,9.837579506e-05,4.464049671e-07,9.965013285e-05,7.023875676e-07,0.0003068654011,-1.738290961e-05,0.2125512604
673.0,8.076969937e-05,1.256938828e-06,0.0004812409646,7.755602656e-06,7.269739986e-05,1.252524389e-06,0.0005328090962,2.396416862e-05,0.0001003710526,4.562622386e-07,0.0001005795438,7.059886994e-07,0.0003083999661,-1.7824823e-05,0.2125334356
674.0,8.140187478e-05,1.270120436e-06,0.0004814696759,7.756780507e-06,7.288306182e-05,1.253763394e-06,0.0005340445184,2.403717542e-05,0.0001023289615,4.661416793e-07,0.0001015718346,7.103706297e-07,0.000309353267,-1.837608404e-05,0.2125150595
675.0,8.192658723e-05,1.282656942e-06,0.0004815665563,7.759850071e-06,7.30131416e-05,1.254349606e-06,0.0005377756515,2.412944604e-05,0.0001042799911,4.759239386e-07,0.0001025900872,7.154175348e-07,0.0003105577418,-1.869709534e-05,0.2124963624
676.0,8.250027528e-05,1.294771353e-06,0.0004818098915,7.766982846e-06,7.311484333e-05,1.25428615e-06,0.000540296017,2.414975161e-05,0.00010617522,4.856768155e-07,0.0001036809246,7.210075944e-07,0.0003108342137,-1.891932018e-05,0.2124774431
677.0,8.299018573e-05,1.306467646e-06,0.0004820504023,7.777441381e-06,7.318128176e-05,1.253593082e-06,0.0005430226201,2.417367039e-05,0.0001080556522,4.953024705e-07,0.0001047881723,7.269556436e-07,0.000311156696,-1.903416097e-05,0.212458409
678.0,8.350417938e-05,1.317639542e-06,0.0004823836196,7.787872955e-06,7.322691939e-05,1.252414221e-06,0.0005472099789,2.418692114e-05,0.0001098851268,5.049312341e-07,0.0001059450013,7.333190274e-07,0.0003113432843,-1.879549006e-05,0.2124396135
679.0,8.401865348e-05,1.328452564e-06,0.000482790266,7.79817835e-06,7.325199247e-05,1.250766825e-06,0.0005489527187,2.41629418e-05,0.0001116945358,5.144262369e-07,0.0001070956782,7.398551777e-07,0.0003110471829,-1.868272684e-05,0.2124209307
680.0,8.450347171e-05,1.338838626e-06,0.0004830727686,7.807259429e-06,7.323817056e-05,1.248678667e-06,0.000552645051,2.418469674e-05,0.0001134475003,5.237619415e-07,0.0001082811459,7.467721458e-07,0.0003113428257,-1.844833754e-05,0.2124024824
681.0,8.500015997e-05,1.348833471e-06,0.0004833389662,7.81471223e-06,7.32093437e-05,1.246270708e-06,0.0005542538752,2.417137212e-05,0.0001151761333,5.329247961e-07,0.0001094603758,7.538247952e-07,0.0003111857502,-1.828957621e-05,0.2123841928
682.0,8.542093127e-05,1.358104461e-06,0.0004835908285,7.820285306e-06,7.316163807e-05,1.243560819e-06,0.0005575639231,2.41950943e-05,0.0001168443262,5.419152135e-07,0.0001106606983,7.610562352e-07,0.0003115049211,-1.82585732e-05,0.2123659343
683.0,8.580866721e-05,1.366749294e-06,0.0004838851238,7.823915992e-06,7.311016651e-05,1.240602716e-06,0.0005612628613,2.423693292e-05,0.0001184879767,5.507713723e-07,0.0001118410734,7.684460503e-07,0.0003120590342,-1.812739239e-05,0.2123478069
684.0,8.617113867e-05,1.374771549e-06,0.0004841071632,7.824979725e-06,7.306051586e-05,1.237744347e-06,0.0005631905761,2.426281668e-05,0.0001200768127,5.595361554e-07,0.0001130307113,7.759258316e-07,0.0003124044297,-1.832859121e-05,0.2123294783
685.0,8.644670305e-05,1.382059651e-06,0.0004841681229,7.823660176e-06,7.298890079e-05,1.234978687e-06,0.0005672260479,2.433848318e-05,0.0001216345162,5.680294644e-07,0.0001141902602,7.834353873e-07,0.0003133942076,-1.858084105e-05,0.2123108974
686.0,8.675507807e-05,1.388962078e-06,0.0004841868122,7.820090388e-06,7.291850853e-05,1.232333484e-06,0.0005695371118,2.438106282e-05,0.0001231283745,5.763505829e-07,0.0001153641649,7.911045434e-07,0.0003139564039,-1.898324756e-05,0.2122919142
687.0,8.699427966e-05,1.395346213e-06,0.0004840960043,7.814449949e-06,7.283204366e-05,1.22971516e-06,0.0005723937441,2.444766488e-05,0.0001245709102,5.843838516e-07,0.0001165054128,7.986778882e-07,0.0003148274819,-1.9480954e-05,0.2122724332
688.0,8.722050967e-05,1.401109377e-06,0.0004839490691,7.806247802e-06,7.274519954e-05,1.227231304e-06,0.0005772896524,2.451803574e-05,0.000125975376,5.922976379e-07,0.000117639677,8.062353723e-07,0.0003157485403,-1.97778595e-05,0.2122526554
689.0,8.741022654e-05,1.406312047e-06,0.0004837079061,7.794760597e-06,7.266100535e-05,1.224925723e-06,0.0005795058259,2.454331106e-05,0.0001273326476,5.999339107e-07,0.0001187409138,8.13650917e-07,0.0003160859472,-2.02389689e-05,0.2122324164
690.0,8.748613822e-05,1.410874247e-06,0.0004831995169,7.779921995e-06,7.255595152e-05,1.222567727e-06,0.0005829734168,2.458967549e-05,0.0001286275774,6.073459051e-07,0.0001198259361,8.210617266e-07,0.0003166979337,-2.053446287e-05,0.2122118819
691.0,8.756029734e-05,1.415048297e-06,0.0004826584438,7.762659684e-06,7.244960946e-05,1.220177116e-06,0.000586037393,2.456300876e-05,0.0001298835764,6.145181441e-07,0.0001208651032,8.283398758e-07,0.0003163672421,-2.077549874e-05,0.2121911064
692.0,8.755867882e-05,1.41882084e-06,0.0004819185582,7.741939003e-06,7.233528965e-05,1.217787932e-06,0.0005885897043,2.453287825e-05,0.0001310782021,6.215184629e-07,0.0001218857834,8.355533759e-07,0.0003159915903,-2.096788841e-05,0.2121701385
693.0,8.753155226e-05,1.422230358e-06,0.0004809492839,7.718458098e-06,7.221191846e-05,1.215361352e-06,0.0005928022242,2.449371301e-05,0.0001322260255,6.282646794e-07,0.0001228555868,8.42637617e-07,0.0003155012854,-2.082693351e-05,0.2121493116
694.0,8.750643196e-05,1.425253832e-06,0.0004799067137,7.69233494e-06,7.208994381e-05,1.21289881e-06,0.0005941622817,2.439356571e-05,0.000133306795,6.347687137e-07,0.0001238193812,8.495656874e-07,0.0003142220107,-2.081214676e-05,0.2121284995
695.0,8.740786014e-05,1.4278499e-06,0.0004786757714,7.665042834e-06,7.194247818e-05,1.210321909e-06,0.000597305225,2.431223616e-05,0.0001343489273,6.409583829e-07,0.0001247468428,8.562306682e-07,0.0003131881649,-2.064326371e-05,0.2121078562
696.0,8.735791674e-05,1.430135118e-06,0.0004772639658,7.635003534e-06,7.178701576e-05,1.207694144e-06,0.0005982629034,2.417018025e-05,0.0001353380264,6.46920492e-07,0.0001256376756,8.626812332e-07,0.0003113702045,-2.046760026e-05,0.2120873886
697.0,8.724907233e-05,1.431880755e-06,0.000475682129,7.601532208e-06,7.162457025e-05,1.204906468e-06,0.0005994023366,2.40417594e-05,0.0001362710672,6.525026613e-07,0.0001264754557,8.68905966e-07,0.0003097269444,-2.033429309e-05,0.2120670543
698.0,8.715436118e-05,1.432971212e-06,0.0004740239768,7.567696587e-06,7.144993863e-05,1.20192373e-06,0.0006017361559,2.390718699e-05,0.000137132491,6.579204047e-07,0.0001272929162,8.749296604e-07,0.0003080058603,-1.996382675e-05,0.2120470905
699.0,8.703696126e-05,1.43321892e-06,0.0004722614564,7.5328899e-06,7.12761733e-05,1.198797351e-06,0.0006003162751,2.373734669e-05,0.0001379471854,6.62972724e-07,0.0001280545899,8.806621948e-07,0.0003058274859,-1.978714801e-05,0.2120273033
700.0,8.686377895e-05,1.432685162e-06,0.0004703276006,7.496425527e-06,7.107706747e-05,1.195482802e-06,0.0006015721392,2.36017729e-05,0.0001386911982,6.677085403e-07,0.0001287920012,8.861599696e-07,0.000304092829,-1.951391313e-05,0.2120077894
701.0,8.671748566e-05,1.43132112e-06,0.0004683776665,7.460422471e-06,7.087895504e-05,1.191974366e-06,0.0005997034096,2.341686212e-05,0.0001393839047,6.721747929e-07,0.0001294743495,8.913689092e-07,0.0003017209656,-1.928622309e-05,0.2119885032
702.0,8.650398099e-05,1.429079734e-06,0.0004662760295,7.423492545e-06,7.06558574e-05,1.188382852e-06,0.0005981781164,2.325752038e-05,0.0001400159433,6.76383726e-07,0.0001301153388,8.962502268e-07,0.0002996775608,-1.906794143e-05,0.2119694353
703.0,8.628572718e-05,1.426000589e-06,0.0004641934727,7.385631675e-06,7.043367469e-05,1.184683309e-06,0.0005978924488,2.310035647e-05,0.0001406034575,6.80261715e-07,0.0001306789057,9.009965214e-07,0.0002976631093,-1.862707632e-05,0.2119508082
704.0,8.60571694e-05,1.422082367e-06,0.0004621242417,7.348189872e-06,7.02148304e-05,1.181045825e-06,0.0005947870049,2.291493348e-05,0.0001411046874,6.838421997e-07,0.0001312146927,9.053357615e-07,0.0002952815988,-1.833642584e-05,0.2119324718
705.0,8.57313641e-05,1.417190543e-06,0.0004600456973,7.310705479e-06,6.997047621e-05,1.177314085e-06,0.0005929922361,2.277029462e-05,0.0001415559159,6.870142405e-07,0.0001316946567,9.093848095e-07,0.0002934282855,-1.792489951e-05,0.2119145469
706.0,8.542121699e-05,1.4114152e-06,0.0004579652428,7.274573668e-06,6.971711867e-05,1.173392086e-06,0.0005899347597,2.258368361e-05,0.000141931174,6.898728098e-07,0.0001321387536,9.130840705e-07,0.0002910320823,-1.753685651e-05,0.21189701
707.0,8.50251749e-05,1.404671302e-06,0.0004558932448,7.239795728e-06,6.945188966e-05,1.169251703e-06,0.0005872685917,2.242268003e-05,0.0001422560753,6.923351224e-07,0.0001325241899,9.164867345e-07,0.0002889648022,-1.715129092e-05,0.2118798587
708.0,8.460491703e-05,1.397057942e-06,0.0004538058432,7.205912039e-06,6.918162316e-05,1.164870837e-06,0.0005855603541,2.226457592e-05,0.0001425056227,6.944006177e-07,0.0001328657342,9.194452957e-07,0.0002869364403,-1.655934568e-05,0.2118632994
709.0,8.415678139e-05,1.388687647e-06,0.0004519188711,7.173315533e-06,6.892268882e-05,1.16015358e-06,0.0005821830434,2.209013154e-05,0.0001427021778,6.961419325e-07,0.0001331409112,9.220464572e-07,0.0002846939409,-1.612183476e-05,0.2118471775
710.0,8.362481484e-05,1.379292111e-06,0.0004500604512,7.142481796e-06,6.864030952e-05,1.155125268e-06,0.000578977831,2.197239338e-05,0.0001428333569,6.974308031e-07,0.0001333726481,9.242050629e-07,0.0002831852335,-1.565339479e-05,0.2118315241
711.0,8.308315689e-05,1.3689902e-06,0.000448258613,7.113941705e-06,6.834206946e-05,1.149815727e-06,0.0005744015641,2.182768316e-05,0.0001429051839,6.983151894e-07,0.0001335423112,9.26064557e-07,0.0002813276133,-1.523320177e-05,0.2118162909
712.0,8.246870059e-05,1.357790535e-06,0.0004465874041,7.088989271e-06,6.802921667e-05,1.143998618e-06,0.0005702280159,2.172920547e-05,0.0001429053533,6.987636238e-07,0.000133665203,9.274561119e-07,0.0002800652108,-1.488380601e-05,0.2118014071
713.0,8.183886011e-05,1.345715631e-06,0.0004450737784,7.068946184e-06,6.770989866e-05,1.137774022e-06,0.0005673729997,2.166149917e-05,0.0001428397258,6.988034916e-07,0.0001337236586,9.285243936e-07,0.0002792010751,-1.439359823e-05,0.2117870135
714.0,8.118243256e-05,1.3328037e-06,0.000443753649,7.053658344e-06,6.739444326e-05,1.131189848e-06,0.0005617874008,2.159548456e-05,0.0001426968897,6.984089137e-07,0.0001337322525,9.290129912e-07,0.000278356103,-1.405680802e-05,0.2117729567
715.0,8.043277238e-05,1.318939212e-06,0.0004426037899,7.042947096e-06,6.705188713e-05,1.124037174e-06,0.0005587787292,2.158460084e-05,0.0001425053428,6.976256996e-07,0.0001336732555,9.290455955e-07,0.0002782241906,-1.372642626e-05,0.2117592303
716.0,7.971181257e-05,1.304243087e-06,0.0004417784117,7.036488459e-06,6.668805128e-05,1.116476781e-06,0.0005547524362,2.155824951e-05,0.0001422502949,6.965257136e-07,0.0001335698092,9.285350187e-07,0.0002778914207,-1.345402631e-05,0.2117457763
717.0,7.890816197e-05,1.288639411e-06,0.0004413097968,7.03216364e-06,6.629489153e-05,1.108540274e-06,0.00055108493,2.158471766e-05,0.0001418947207,6.947016673e-07,0.0001333949252,9.27632084e-07,0.0002782394493,-1.322459921e-05,0.2117325517
718.0,7.810753786e-05,1.27226612e-06,0.0004411458174,7.029530795e-06,6.588972308e-05,1.100149696e-06,0.0005504884684,2.164454449e-05,0.0001414657398,6.924214462e-07,0.0001331632838,9.260700478e-07,0.0002790188293,-1.283387362e-05,0.2117197178
719.0,7.729950399e-05,1.255155109e-06,0.0004412886766,7.02993268e-06,6.546958249e-05,1.091357804e-06,0.0005459258394,2.172342251e-05,0.0001409632319,6.896695801e-07,0.0001328683425,9.240481708e-07,0.0002800416764,-1.258948047e-05,0.2117071283
720.0,7.641272427e-05,1.237289121e-06,0.000441437029,7.033370689e-06,6.501037714e-05,1.082133813e-06,0.0005440697599,2.18738534e-05,0.0001403935234,6.864133441e-07,0.0001325157886,9.214234988e-07,0.0002819897207,-1.229841937e-05,0.2116948299
721.0,7.556981068e-05,1.218956516e-06,0.0004417837372,7.038055538e-06,6.455000142e-05,1.072668954e-06,0.0005417406402,2.201690316e-05,0.0001397307509,6.82714499e-07,0.0001320937316,9.182908121e-07,0.000283841304,-1.206592828e-05,0.211682764
722.0,7.467512803e-05,1.200045877e-06,0.0004422194391,7.044034753e-06,6.4072507e-05,1.062960715e-06,0.0005407884564,2.221068576e-05,0.0001389919094,6.784394808e-07,0.0001316039196,9.145174153e-07,0.0002863472603,-1.1868192e-05,0.2116708958
723.0,7.379525809e-05,1.180690682e-06,0.0004427327532,7.051081381e-06,6.359810286e-05,1.052939297e-06,0.0005418070424,2.242589079e-05,0.0001381593616,6.737378391e-07,0.0001310446286,9.102523943e-07,0.0002891311216,-1.149113079e-05,0.2116594046
724.0,7.292726542e-05,1.161119055e-06,0.0004434131281,7.059037718e-06,6.312120483e-05,1.042735433e-06,0.0005402702058,2.26235577e-05,0.0001372563322,6.685104458e-07,0.0001304124327,9.053729267e-07,0.0002916862154,-1.127510977e-05,0.2116481295
725.0,7.201690624e-05,1.141381869e-06,0.0004441004173,7.067371388e-06,6.261785422e-05,1.032294891e-06,0.0005407851622,2.286412293e-05,0.0001362559141,6.628578503e-07,0.0001297152771,8.999371573e-07,0.0002947978544,-1.103214372e-05,0.2116370974
726.0,7.114950607e-05,1.121448578e-06,0.0004448105313,7.077434499e-06,6.211109132e-05,1.021797594e-06,0.0005396615729,2.307013597e-05,0.000135179307,6.566758874e-07,0.000128915551,8.94073094e-07,0.000297463493,-1.08440194e-05,0.2116262534
727.0,7.024883187e-05,1.101381116e-06,0.0004455294944,7.08863819e-06,6.159735765e-05,1.011244926e-06,0.0005403905212,2.330759725e-05,0.0001340110074,6.500486104e-07,0.0001280942641,8.874810176e-07,0.0003005340647,-1.077178713e-05,0.2116154816
728.0,6.940918803e-05,1.081580245e-06,0.0004462900849,7.10264854e-06,6.109643719e-05,1.000853017e-06,0.0005415807381,2.356304278e-05,0.0001327688753,6.42876049e-07,0.0001272021653,8.802274822e-07,0.0003038384324,-1.049606564e-05,0.2116049855
729.0,6.858191359e-05,1.062022281e-06,0.0004470544418,7.118451319e-06,6.060236547e-05,9.905610856e-07,0.000540714418,2.379682652e-05,0.0001314308579,6.35291848e-07,0.0001262438755,8.724657003e-07,0.0003068609069,-1.035793865e-05,0.2115946276
730.0,6.773969595e-05,1.042933291e-06,0.0004478035439,7.136534878e-06,6.010450497e-05,9.804968801e-07,0.0005421582566,2.407012876e-05,0.0001300188031,6.271840267e-07,0.0001252101014,8.640370498e-07,0.0003103963403,-1.020076814e-05,0.2115844268
731.0,6.698487228e-05,1.024748909e-06,0.0004486885802,7.156483124e-06,5.962180738e-05,9.707080332e-07,0.000542203864,2.430672894e-05,0.000128506987,6.186299676e-07,0.0001240978734,8.551449262e-07,0.0003134576386,-1.008454907e-05,0.2115743423
732.0,6.622489015e-05,1.007161376e-06,0.0004495937721,7.178085557e-06,5.915020815e-05,9.61098891e-07,0.0005429056922,2.456521508e-05,0.0001269246107,6.095477369e-07,0.0001229219754,8.456280521e-07,0.0003168012561,-9.981743346e-06,0.2115643605
733.0,6.554136947e-05,9.906770027e-07,0.0004506392665,7.202646476e-06,5.869853816e-05,9.521069395e-07,0.0005457121116,2.483165655e-05,0.0001252519592,6.000726144e-07,0.0001216743699,8.355772354e-07,0.0003202493424,-9.696230658e-06,0.2115546643
734.0,6.492512327e-05,9.754562844e-07,0.0004518749346,7.230013212e-06,5.826983242e-05,9.435162756e-07,0.0005459110327,2.508317947e-05,0.0001235326407,5.901368801e-07,0.000120348229,8.249347685e-07,0.000323502996,-9.553813769e-06,0.2115451105
735.0,6.431393812e-05,9.612289903e-07,0.0004531316173,7.261863063e-06,5.783995576e-05,9.354156217e-07,0.0005474714885,2.538932206e-05,0.0001217274921,5.79845598e-07,0.0001189659663,8.138222993e-07,0.0003274661539,-9.347310882e-06,0.2115357632
736.0,6.383802528e-05,9.488044131e-07,0.0004545929316,7.300156614e-06,5.743899958e-05,9.278239199e-07,0.0005489192132,2.567342572e-05,0.0001198672953,5.690731685e-07,0.0001175196375,8.021033998e-07,0.0003311438695,-9.16771445e-06,0.2115265954
737.0,6.336685558e-05,9.379845534e-07,0.0004563511561,7.349342073e-06,5.70633037e-05,9.209807907e-07,0.0005495717584,2.599338077e-05,0.0001179379851,5.579309961e-07,0.0001160106333,7.899289518e-07,0.0003352842369,-9.05036684e-06,0.2115175451
738.0,6.300770318e-05,9.295060806e-07,0.0004585364162,7.40676287e-06,5.671833087e-05,9.15054245e-07,0.0005523568812,2.63314093e-05,0.0001159558914,5.462789013e-07,0.0001144287241,7.771943338e-07,0.0003396595314,-8.707051144e-06,0.211508838
739.0,6.27673303e-05,9.230234121e-07,0.0004612508331,7.47405453e-06,5.642499985e-05,9.102947833e-07,0.0005530908424,2.665751095e-05,0.0001139005009,5.343442494e-07,0.0001127841243,7.640606728e-07,0.0003438780312,-8.580524309e-06,0.2115002575
740.0,6.259300798e-05,9.189686528e-07,0.0004643118949,7.550236779e-06,5.616323984e-05,9.063883346e-07,0.0005562887688,2.702537067e-05,0.0001118013417,5.220707889e-07,0.0001110792612,7.503327615e-07,0.000348639376,-8.397788805e-06,0.2114918597
741.0,6.257533024e-05,9.171917681e-07,0.000467811888,7.631968122e-06,5.595740443e-05,9.037345262e-07,0.0005582154345,2.737965084e-05,0.0001096388814,5.094686974e-07,0.0001093312253,7.361993956e-07,0.000353224356,-8.248112951e-06,0.2114836116
742.0,6.263726252e-05,9.173314598e-07,0.0004716439705,7.71593399e-06,5.579934315e-05,9.025777751e-07,0.0005613792772,2.778433484e-05,0.0001074357404,4.964642809e-07,0.0001075320127,7.215707135e-07,0.0003584591459,-8.186528684e-06,0.2114754251
743.0,6.286035562e-05,9.197467236e-07,0.0004758948339,7.801158353e-06,5.570511177e-05,9.024829699e-07,0.0005664167316,2.819689384e-05,0.0001051836713,4.83218339e-07,0.0001056950623,7.066134984e-07,0.000363797684,-7.876435891e-06,0.2114675486
744.0,6.323477485e-05,9.239957588e-07,0.0004804887365,7.888360184e-06,5.568322937e-05,9.039069075e-07,0.0005686058796,1.086368668e-05,0.0001027640777,4.689363083e-07,0.0001036940067,6.902309378e-07,0.0001401688015,-1.721542398e-06,0.2114658271
745.0,6.46228812e-05,9.402176144e-07,0.0004920186862,8.101623152e-06,5.559324403e-05,9.01578926e-07,0.0005742194721,2.768243856e-05,0.0001005312903,4.558284335e-07,0.0001018885565,6.754427381e-07,0.0003571896946,-7.683959327e-06,0.2114581431
746.0,6.473057068e-05,9.424900634e-07,0.0004944612772,8.144102389e-06,5.576948714e-05,9.086883869e-07,0.0005775009487,2.820135349e-05,9.817359737e-05,4.419145423e-07,9.991821371e-05,6.593984206e-07,0.0003638984346,-7.292180547e-06,0.211450851
747.0,6.512582239e-05,9.485419918e-07,0.0004973318591,8.192813689e-06,5.606858058e-05,9.174381934e-07,0.0005822847461,2.89591069e-05,9.5759923e-05,4.278049175e-07,9.792251506e-05,6.431665563e-07,0.0003736898773,-7.412111449e-06,0.2114434388
748.0,6.576202515e-05,9.574256337e-07,0.0005009210399,8.247769169e-06,5.643890465e-05,9.274087692e-07,0.0005887457937,1.121216341e-05,9.321182602e-05,4.128223965e-07,9.579344148e-05,6.25753078e-07,0.0001446882124,-1.156264168e-06,0.2114422826
749.0,6.728194457e-05,9.781807335e-07,0.000512142977,8.439185861e-06,5.670056617e-05,9.327150336e-07,0.00059150564,2.90810124e-05,9.087647387e-05,3.990789167e-07,9.387844478e-05,6.098881413e-07,0.0003752911799,-7.547783555e-06,0.2114347348
750.0,6.77061465e-05,9.861406823e-07,0.0005144163976,8.468107226e-06,5.727213925e-05,9.479473056e-07,0.0005966650081,2.980960029e-05,8.847268839e-05,3.84810296e-07,9.184056642e-05,5.929538262e-07,0.000384708543,-7.125040448e-06,0.2114276098
751.0,6.853202847e-05,9.980209707e-07,0.0005175213445,8.512802751e-06,5.799109819e-05,9.649065819e-07,0.0006010526224,1.14459201e-05,8.595651357e-05,3.699459595e-07,8.97240344e-05,5.751220339e-07,0.0001477209369,-9.985913695e-07,0.2114266112
752.0,7.011147712e-05,1.020709683e-06,0.0005283103931,8.699056815e-06,5.85460304e-05,9.763591431e-07,0.0006043564445,2.998566188e-05,8.369968431e-05,3.5652246e-07,8.781427707e-05,5.590922049e-07,0.0003870088153,-6.969837606e-06,0.2114196413
753.0,7.073326965e-05,1.031138032e-06,0.0005301619798,8.723769349e-06,5.94853989e-05,9.984292342e-07,0.0006101374702,1.137435935e-05,8.131746518e-05,3.419867587e-07,8.573068972e-05,5.414310164e-07,0.0001468080387,-8.413035893e-07,0.2114188
754.0,7.241010382e-05,1.054504262e-06,0.0005398674801,8.892509847e-06,6.032457265e-05,1.014588743e-06,0.0006133820937,3.017807192e-05,7.918182867e-05,3.288102454e-07,8.389282303e-05,5.256794823e-07,0.0003895170898,-6.010005195e-06,0.21141279
755.0,7.299719195e-05,1.064674358e-06,0.0005410679775,8.901363621e-06,6.151657904e-05,1.039851355e-06,0.0006198730441,1.137083211e-05,7.696953503e-05,3.148211978e-07,8.192784178e-05,5.084626196e-07,0.000146771045,-5.908157093e-07,0.2114121992
756.0,7.466760254e-05,1.08796272e-06,0.0005500257012,9.052905219e-06,6.251893697e-05,1.05846862e-06,0.0006246243398,3.060922894e-05,7.505724982e-05,3.025001242e-07,8.019256391e-05,4.930150303e-07,0.0003951046215,-5.247374663e-06,0.2114069518
757.0,7.528277322e-05,1.09877939e-06,0.0005506417929,9.051176396e-06,6.38342022e-05,1.085554837e-06,0.0006319884887,3.158644632e-05,7.318945815e-05,2.903130992e-07,7.842333083e-05,4.769251033e-07,0.0004077249749,-5.052505929e-06,0.2114018993
758.0,7.625909045e-05,1.11380589e-06,0.0005525877345,9.072516176e-06,6.518338177e-05,1.111974814e-06,0.0006406186557,1.178215665e-05,7.135186666e-05,2.781069787e-07,7.660817978e-05,4.601355197e-07,0.0001520898566,-3.559571704e-07,0.2114015434
759.0,7.803269392e-05,1.139509424e-06,0.000562773527,9.246130526e-06,6.624084793e-05,1.128729133e-06,0.0006434199404,3.182885908e-05,6.981728299e-05,2.682690185e-07,7.50594754e-05,4.45480002e-07,0.0004108661977,-4.833442312e-06,0.2113967099
760.0,7.879113083e-05,1.153159789e-06,0.0005641037849,9.2587887e-06,6.759025878e-05,1.15359223e-06,0.0006509099173,3.254287894e-05,6.847375208e-05,2.592748594e-07,7.348606096e-05,4.304792154e-07,0.0004200881778,-4.502571746e-06,0.2113922074
761.0,7.986220646e-05,1.169517197e-06,0.0005667760265,9.294638273e-06,6.892507212e-05,1.177298483e-06,0.0006569463072,1.189758897e-05,6.726447422e-05,2.510511959e-07,7.194780418e-05,4.156197549e-07,0.0001535844799,-1.71995334e-07,0.2113920354
762.0,8.158422796e-05,1.195176903e-06,0.0005775835527,9.481756631e-06,6.988773388e-05,1.191059361e-06,0.0006597609696,3.240672245e-05,6.652261379e-05,2.45743476e-07,7.077292038e-05,4.035111242e-07,0.000418337449,-4.465087463e-06,0.2113875703
763.0,8.23559746e-05,1.208584123e-06,0.0005790784931,9.492335495e-06,7.118230941e-05,1.213980951e-06,0.000668791057,3.303712043e-05,6.601279833e-05,2.421016503e-07,6.967644402e-05,3.917609408e-07,0.0004264767038,-3.897062941e-06,0.2113836732
764.0,8.334506176e-05,1.224514781e-06,0.0005815628682,9.516969714e-06,7.247020606e-05,1.236043655e-06,0.0006740430136,1.194701784e-05,6.5630567e-05,2.394627798e-07,6.862999564e-05,3.808850186e-07,0.0001542238456,-5.368363934e-09,0.2113836678
765.0,8.499135383e-05,1.249417422e-06,0.0005915192275,9.686949777e-06,7.336033967e-05,1.248166926e-06,0.0006783457989,3.295869749e-05,6.573183286e-05,2.39618477e-07,6.796956085e-05,3.739399708e-07,0.000425468269,-4.093296026e-06,0.2113795745
766.0,8.569820427e-05,1.262734916e-06,0.0005922699712,9.680510132e-06,7.457456767e-05,1.269464334e-06,0.0006842023919,3.366408736e-05,6.606556763e-05,2.415328384e-07,6.748191945e-05,3.694404278e-07,0.0004345741523,-3.890287791e-06,0.2113756843
767.0,8.66049817e-05,1.278676687e-06,0.0005940080514,9.687382834e-06,7.576208389e-05,1.289786752e-06,0.0006915097008,3.44349252e-05,6.668070928e-05,2.462916758e-07,6.737740675e-05,3.684864021e-07,0.0004445275463,-4.204229249e-06,0.21137148
768.0,8.760426153e-05,1.29564935e-06,0.0005963242465,9.705029617e-06,7.685873256e-05,1.308031195e-06,0.0007001194854,1.234334408e-05,6.752436653e-05,2.531587387e-07,6.750954014e-05,3.700846278e-07,0.0001593446586,-2.210679702e-08,0.2113714579
769.0,8.925759303e-05,1.320501179e-06,0.0006063389963,9.870762998e-06,7.756564961e-05,1.31572157e-06,0.0007023497983,3.412912907e-05,6.900786187e-05,2.637778311e-07,6.821913394e-05,3.764428865e-07,0.0004405869366,-4.856736851e-06,0.2113666012
770.0,8.995644884e-05,1.334489259e-06,0.000606964822,9.857011346e-06,7.859223157e-05,1.333111797e-06,0.0007090920802,3.468216789e-05,7.093736585e-05,2.750020751e-07,6.913439932e-05,3.84145577e-07,0.0004477316218,-4.611596995e-06,0.2113619896
771.0,9.087616534e-05,1.350394378e-06,0.0006083130416,9.855166822e-06,7.959103679e-05,1.349581604e-06,0.0007144088845,3.530990961e-05,7.314139035e-05,2.872492075e-07,7.039974452e-05,3.936625642e-07,0.0004558405056,-4.858279739e-06,0.2113571313
772.0,9.179326073e-05,1.366964413e-06,0.0006100343867,9.861726321e-06,8.049228817e-05,1.364092601e-06,0.0007208287743,3.585594247e-05,7.551618209e-05,3.00217358e-07,7.186280984e-05,4.0465233e-07,0.0004628921034,-5.241507435e-06,0.2113518898
773.0,9.276178498e-05,1.383968699e-06,0.0006121930396,9.878150805e-06,8.130854227e-05,1.376561992e-06,0.0007276230041,3.62260168e-05,7.80261672e-05,3.137217889e-07,7.353171427e-05,4.168428332e-07,0.0004676743839,-5.207765368e-06,0.211346682
774.0,9.373843863e-05,1.401231142e-06,0.0006147134175,9.902121961e-06,8.203784907e-05,1.387119304e-06,0.0007316767344,3.646040156e-05,8.067594846e-05,3.277370451e-07,7.535244653e-05,4.300728762e-07,0.0004707002137,-5.315231211e-06,0.2113413668
775.0,9.465990954e-05,1.418449275e-06,0.0006173693465,9.930812795e-06,8.267882596e-05,1.395990832e-06,0.0007373094372,3.656716974e-05,8.345427587e-05,3.422086593e-07,7.729764805e-05,4.442967419e-07,0.0004720826452,-5.125143105e-06,0.2113362417
776.0,9.56114493e-05,1.435539823e-06,0.0006200417429,9.959467317e-06,8.325750631e-05,1.403614599e-06,0.0007410329613,3.659668575e-05,8.629849199e-05,3.569864081e-07,7.93412916e-05,4.593164189e-07,0.000472465488,-4.855108112e-06,0.2113313865
777.0,9.650529093e-05,1.452370185e-06,0.0006224780587,9.984178613e-06,8.37793501e-05,1.410366403e-06,0.0007448074808,3.66121343e-05,8.91672255e-05,3.719837086e-07,8.149369144e-05,4.748754171e-07,0.0004726646209,-4.581051101e-06,0.2113268055
778.0,9.740875242e-05,1.46891857e-06,0.0006246792853,1.000286849e-05,8.42679842e-05,1.416545592e-06,0.0007504574185,3.666094031e-05,9.204290778e-05,3.871404953e-07,8.372941529e-05,4.909188752e-07,0.000473296177,-4.974379433e-06,0.2113218311
779.0,9.827526212e-05,1.485047905e-06,0.0006265468476,1.001372299e-05,8.47357486e-05,1.422369764e-06,0.0007539529045,3.673738623e-05,9.491415584e-05,4.023619921e-07,8.600807378e-05,5.074412077e-07,0.0004742798608,-5.068483935e-06,0.2113167626
780.0,9.904230637e-05,1.501014414e-06,0.0006279121231,1.001643318e-05,8.515472591e-05,1.427770123e-06,0.0007585300848,3.684218558e-05,9.778090744e-05,4.177511819e-07,8.831015389e-05,5.243341223e-07,0.0004756347964,-5.161750852e-06,0.2113116009
781.0,9.983144791e-05,1.516941025e-06,0.0006289843651,1.001124358e-05,8.554283012e-05,1.432840089e-06,0.0007635275339,3.69763045e-05,0.0001006269306,4.332038175e-07,9.063774756e-05,5.414064144e-07,0.0004773656184,-5.549563688e-06,0.2113060513
782.0,0.0001005472244,1.532823707e-06,0.0006296089841,9.999460904e-06,8.588230635e-05,1.437385769e-06,0.0007678571398,3.706970048e-05,0.0001034596326,4.486300562e-07,9.298320315e-05,5.588500429e-07,0.0004785716507,-5.10152143e-06,0.2113009498
783.0,0.0001012534605,1.548814668e-06,0.0006298436844,9.982074442e-06,8.620044756e-05,1.441298157e-06,0.0007739187644,3.71672968e-05,0.0001062705061,4.640250622e-07,9.535678194e-05,5.765463976e-07,0.0004798351236,-5.196617405e-06,0.2112957532
784.0,0.0001019388176,1.565022403e-06,0.0006298888807,9.95959118e-06,8.649417526e-05,1.4445135e-06,0.0007778374494,3.727863351e-05,0.0001090637391,4.792136893e-07,9.770953123e-05,5.943888674e-07,0.0004812702385,-5.693869775e-06,0.2112900593
785.0,0.0001025291959,1.581026628e-06,0.0006297356128,9.933229449e-06,8.6723743e-05,1.446852414e-06,0.0007834912973,3.736356778e-05,0.0001118394805,4.942560413e-07,0.0001000653499,6.12200817e-07,0.0004823689532,-6.05654479e-06,0.2112840028
786.0,0.0001031369936,1.596579255e-06,0.0006293483173,9.905192198e-06,8.690249432e-05,1.448369132e-06,0.000786659938,3.739374053e-05,0.0001145929005,5.09139835e-07,0.0001024060102,6.299453646e-07,0.0004827581856,-6.452069893e-06,0.2112775507
787.0,0.0001036588314,1.611467065e-06,0.0006288155231,9.876825671e-06,8.702336912e-05,1.449060576e-06,0.0007901083173,3.739713087e-05,0.0001172976243,5.238875753e-07,0.0001047262558,6.47633474e-07,0.0004828000733,-6.938519212e-06,0.2112706122
788.0,0.0001041583946,1.625393308e-06,0.0006281435882,9.848237179e-06,8.709951263e-05,1.448991995e-06,0.0007943331616,3.733127733e-05,0.0001199534109,5.385454336e-07,0.000107015462,6.652517582e-07,0.000481950432,-7.022837094e-06,0.2112635893
789.0,0.0001046153964,1.638452606e-06,0.0006274225537,9.819919944e-06,8.713543835e-05,1.448241029e-06,0.0007948851479,3.72504415e-05,0.0001225534861,5.529746698e-07,0.000109282183,6.827178099e-07,0.0004809031521,-7.360808409e-06,0.2112562285
790.0,0.0001049652113,1.650332638e-06,0.0006264237371,9.789509611e-06,8.710750383e-05,1.446730955e-06,0.0007980838903,3.710842803e-05,0.0001251074567,5.671567379e-07,0.0001115158809,7.000764536e-07,0.0004790709238,-7.436715197e-06,0.2112487918
791.0,0.000105323007,1.661075754e-06,0.0006252624012,9.756916772e-06,8.703400992e-05,1.44442267e-06,0.0007980736215,3.691554608e-05,0.0001275994291,5.811233282e-07,0.000113720515,7.170849244e-07,0.0004765800265,-7.484429494e-06,0.2112413074
792.0,0.0001055759123,1.670809032e-06,0.0006237768373,9.722192753e-06,8.690178147e-05,1.441620419e-06,0.0007991225935,3.668146901e-05,0.0001300520258,5.947715759e-07,0.000115881045,7.339339127e-07,0.0004735566581,-7.518376873e-06,0.211233789
793.0,0.0001058127497,1.679513065e-06,0.0006219498028,9.684201685e-06,8.673728889e-05,1.438253281e-06,0.0008013646152,3.638271443e-05,0.0001324453284,6.081635474e-07,0.0001180056361,7.504963301e-07,0.0004697008342,-7.158530468e-06,0.2112266305
794.0,0.000105994481,1.686962957e-06,0.0006197668698,9.641843167e-06,8.65354958e-05,1.434367004e-06,0.000799926483,3.605092163e-05,0.0001347844727,6.212082794e-07,0.0001200828132,7.668134955e-07,0.0004654139101,-7.068898921e-06,0.2112195616
795.0,0.0001060617013,1.693375763e-06,0.0006171723449,9.595918134e-06,8.627434011e-05,1.429905697e-06,0.0007992150487,3.571076315e-05,0.0001370494925,6.339486535e-07,0.000122130359,7.828282398e-07,0.0004610229704,-8.107892921e-06,0.2112114537
796.0,0.0001061013607,1.698393207e-06,0.0006143847034,9.546726507e-06,8.599371063e-05,1.425048878e-06,0.0007967034257,3.522808149e-05,0.0001392396106,6.463105831e-07,0.0001241241819,7.985498742e-07,0.0004547896473,-6.959870309e-06,0.2112044938
797.0,0.000106043374,1.702368684e-06,0.00061125017,9.49473108e-06,8.570237436e-05,1.420036256e-06,0.0007938315425,3.481548233e-05,0.0001413544307,6.583620586e-07,0.0001260701205,8.137722241e-07,0.0004494617752,-8.24506603e-06,0.2111962488
798.0,0.0001059492053,1.705123062e-06,0.0006078485042,9.438920164e-06,8.539561166e-05,1.414674877e-06,0.0007911711564,3.429716285e-05,0.0001434001516,6.70002449e-07,0.0001279478817,8.28659159e-07,0.0004427721844,-8.284501879e-06,0.2111879642
799.0,0.0001058189892,1.707115864e-06,0.0006042586929,9.379403412e-06,8.507927525e-05,1.409217868e-06,0.000785992333,3.367665291e-05,0.000145363086,6.812055409e-07,0.0001297714725,8.426852874e-07,0.0004347586397,-7.28083443e-06,0.2111806834
800.0,0.0001055644597,1.708167646e-06,0.0006003726173,9.316805269e-06,8.473780842e-05,1.403832754e-06,0.0007804524417,3.302753102e-05,0.0001472435065,6.919901242e-07,0.0001315272067,8.567186962e-07,0.0004263805165,-7.081158206e-06,0.2111736023
801.0,0.0001053150786,1.70832649e-06,0.000596118119,9.251023437e-06,8.439813501e-05,1.398778989e-06,0.0007737253415,3.236222812e-05,0.0001490616136,7.023075704e-07,0.0001332094894,8.703001381e-07,0.0004177919026,-8.211850361e-06,0.2111653904
802.0,0.0001049762388,1.70733371e-06,0.0005915883804,9.183636911e-06,8.40480953e-05,1.39396915e-06,0.0007676970946,3.158334735e-05,0.0001507944094,7.120992745e-07,0.0001348146752,8.835076515e-07,0.0004077358779,-7.034436015e-06,0.211158356
803.0,0.00010460798,1.705194873e-06,0.0005868763366,9.114354362e-06,8.369466741e-05,1.389589426e-06,0.0007626376882,3.083777213e-05,0.0001524470709,7.214567408e-07,0.0001363571069,8.961509721e-07,0.0003981124196,-7.867108192e-06,0.2111504889
804.0,0.0001042090105,1.701845742e-06,0.0005820310974,9.043458015e-06,8.335375581e-05,1.385461851e-06,0.0007543031128,3.001339124e-05,0.0001540210645,7.303067391e-07,0.0001378248285,9.083727372e-07,0.0003874672461,-6.614020912e-06,0.2111438748
805.0,0.0001037212697,1.697200942e-06,0.0005770421557,8.971182829e-06,8.300985075e-05,1.381522938e-06,0.0007472881082,2.918859368e-05,0.0001555030216,7.386760341e-07,0.0001392051862,9.200046239e-07,0.000376820217,-6.229791672e-06,0.211137645
806.0,0.0001032424563,1.691349074e-06,0.0005719087505,8.899254525e-06,8.266038939e-05,1.377823016e-06,0.0007382012904,2.841371668e-05,0.0001568958099,7.465407173e-07,0.0001404977127,9.310957443e-07,0.0003668150657,-7.253942642e-06,0.2111303911
807.0,0.000102658107,1.68414146e-06,0.0005666179139,8.82607432e-06,8.229730236e-05,1.374363227e-06,0.0007290175073,2.764672701e-05,0.0001581980721,7.53953735e-07,0.0001417254331,9.415770437e-07,0.0003569113639,-5.977112099e-06,0.211124414
808.0,0.0001020688879,1.675781728e-06,0.0005613257356,8.752832161e-06,8.193988862e-05,1.371047662e-06,0.0007221013031,2.694126874e-05,0.0001594130959,7.608232113e-07,0.0001428787493,9.515074178e-07,0.0003478032673,-5.715672947e-06,0.2111186983
809.0,0.0001014456511,1.666228163e-06,0.0005561888835,8.680193473e-06,8.159362247e-05,1.36758233e-06,0.0007107991784,2.628294845e-05,0.0001605333263,7.671608405e-07,0.0001439605822,9.608305604e-07,0.0003393006735,-5.529716126e-06,0.2111131686
810.0,0.0001007401874,1.655512964e-06,0.0005509105392,8.608091019e-06,8.124292683e-05,1.363861244e-06,0.0007015347208,2.572884244e-05,0.000161529158,7.727190215e-07,0.0001449573087,9.695846572e-07,0.0003321472105,-5.216014671e-06,0.2111079526
811.0,0.0001000510125,1.643622877e-06,0.0005456563675,8.535335168e-06,8.08981604e-05,1.359783503e-06,0.0006904842273,2.526862815e-05,0.0001624570854,7.779442594e-07,0.0001458894302,9.777149851e-07,0.0003262046262,-4.978113202e-06,0.2111029745
812.0,9.925796858e-05,1.630624173e-06,0.0005404496625,8.465037906e-06,8.053407171e-05,1.35528284e-06,0.0006796811556,2.492242517e-05,0.0001632843154,7.826198225e-07,0.0001467353071,9.852873508e-07,0.0003217339402,-4.810703724e-06,0.2110981638
813.0,9.8432084e-05,1.616632017e-06,0.0005353947971,8.397489501e-06,8.016562979e-05,1.350395366e-06,0.0006701801684,2.465973965e-05,0.0001640264277,7.867513003e-07,0.0001475141821,9.922420189e-07,0.0003183430152,-4.36186601e-06,0.2110938019
814.0,9.75838956e-05,1.601736578e-06,0.0005306341834,8.333464362e-06,7.979116988e-05,1.344809775e-06,0.0006582239051,2.444860829e-05,0.0001646809658,7.902581898e-07,0.0001482074404,9.986169777e-07,0.0003156150022,-4.150284004e-06,0.2110896516
815.0,9.665898173e-05,1.585736408e-06,0.000526000676,8.271944903e-06,7.938573324e-05,1.338657421e-06,0.0006487044852,2.429285603e-05,0.0001652197133,7.930865319e-07,0.0001488290514,1.004297929e-06,0.0003136053716,-3.821891743e-06,0.2110858297
816.0,9.574107602e-05,1.568828651e-06,0.0005216541203,8.215593975e-06,7.8965311e-05,1.331900002e-06,0.000637534698,2.415935748e-05,0.0001656764922,7.954309424e-07,0.0001493600323,1.009291774e-06,0.0003118818112,-3.52606968e-06,0.2110823037
817.0,9.47556782e-05,1.551201125e-06,0.0005176214621,8.163916869e-06,7.852037406e-05,1.324324882e-06,0.0006288389832,2.409792789e-05,0.0001660215552,7.97239596e-07,0.0001498126605,1.013727872e-06,0.0003110878334,-3.269295233e-06,0.2110790344
818.0,9.377381959e-05,1.532895294e-06,0.000514030378,8.118448537e-06,7.805721873e-05,1.316021213e-06,0.0006208904985,2.406916496e-05,0.0001662625988,7.985117507e-07,0.0001501811267,1.017564128e-06,0.0003107174751,-2.783259555e-06,0.2110762511
819.0,9.276954978e-05,1.513994367e-06,0.0005109447525,8.080348532e-06,7.758006463e-05,1.307022123e-06,0.0006115677941,2.40526707e-05,0.0001663692419,7.991770023e-07,0.0001504620007,1.020713642e-06,0.0003105028855,-2.497371866e-06,0.2110737537
820.0,9.16964744e-05,1.494479565e-06,0.0005082734389,8.045952012e-06,7.70605884e-05,1.297386896e-06,0.0006044798816,2.410263245e-05,0.0001663641163,7.991595212e-07,0.000150646326,1.023218234e-06,0.0003111494288,-2.187528716e-06,0.2110715662
821.0,9.065307719e-05,1.474438551e-06,0.0005060762646,8.01766276e-06,7.652191111e-05,1.2871406e-06,0.0005967393958,2.417159151e-05,0.0001662611803,7.986513511e-07,0.0001507627095,1.024963742e-06,0.000312039966,-1.982235988e-06,0.211069584
822.0,8.954586892e-05,1.453922526e-06,0.0005042444977,7.992360703e-06,7.594388597e-05,1.276226927e-06,0.0005905019661,2.430023114e-05,0.0001660054975,7.974829696e-07,0.0001507814927,1.026056701e-06,0.0003137009185,-1.881050627e-06,0.2110677029
823.0,8.844909637e-05,1.433015613e-06,0.0005026484155,7.970349055e-06,7.535126818e-05,1.26478722e-06,0.000587000212,2.445876852e-05,0.0001656435994,7.956663995e-07,0.000150709358,1.026573665e-06,0.0003157497743,-1.653621393e-06,0.2110660493
824.0,8.736729812e-05,1.411565804e-06,0.0005013295648,7.950115272e-06,7.475549739e-05,1.252915773e-06,0.0005816857371,2.464007204e-05,0.0001651671001,7.931835801e-07,0.0001505379576,1.026249748e-06,0.0003180893618,-1.722474217e-06,0.2110643268
825.0,8.622703583e-05,1.389756167e-06,0.000500075986,7.931516825e-06,7.412307845e-05,1.240559647e-06,0.0005783357475,2.486336989e-05,0.0001645848753,7.90113742e-07,0.0001502747606,1.02517576e-06,0.0003209747153,-1.814129826e-06,0.2110625127
826.0,8.515050485e-05,1.367920905e-06,0.0004990792515,7.917466275e-06,7.348225209e-05,1.227872537e-06,0.0005757685308,2.507180155e-05,0.0001638976938,7.865344747e-07,0.0001499202433,1.023468115e-06,0.0003236665565,-2.030004501e-06,0.2110604827
827.0,8.405292023e-05,1.346172336e-06,0.0004982067939,7.905228193e-06,7.283417854e-05,1.21503741e-06,0.0005736660269,2.53054496e-05,0.0001630868567,7.822040742e-07,0.0001494724252,1.021084475e-06,0.0003266842517,-2.339422712e-06,0.2110581433
828.0,8.298195792e-05,1.324194575e-06,0.0004974269326,7.894794482e-06,7.218963894e-05,1.202106993e-06,0.0005743659546,2.555465825e-05,0.0001621607772,7.773689342e-07,0.0001489231884,1.017973718e-06,0.0003299054125,-2.239426879e-06,0.2110559038
829.0,8.194428894e-05,1.302147577e-06,0.0004968668759,7.886862493e-06,7.156178408e-05,1.189111577e-06,0.0005733745264,2.576380809e-05,0.0001611099263,7.719058638e-07,0.0001482806494,1.014113067e-06,0.0003326069159,-2.49754337e-06,0.2110534063
830.0,8.084065545e-05,1.279947833e-06,0.0004963345963,7.880302371e-06,7.091524362e-05,1.175959758e-06,0.0005745850414,2.599985566e-05,0.0001599380199,7.659117401e-07,0.0001475396082,1.009509392e-06,0.0003356602966,-2.679964393e-06,0.2110507263
831.0,7.980840984e-05,1.257996935e-06,0.0004958736476,7.875901311e-06,7.026387715e-05,1.162816574e-06,0.0005744413192,2.617699937e-05,0.000158644198,7.593234358e-07,0.0001466702889,1.004428292e-06,0.0003379530351,-2.838389327e-06,0.2110478879
832.0,7.876334377e-05,1.236338813e-06,0.0004954216356,7.873496695e-06,6.960829197e-05,1.149529514e-06,0.0005759900052,2.635646921e-05,0.0001572361211,7.521677643e-07,0.0001457540237,9.983362406e-07,0.0003402761084,-3.028794044e-06,0.2110448591
833.0,7.776870385e-05,1.214938398e-06,0.0004950432274,7.87293063e-06,6.895517848e-05,1.13618791e-06,0.0005796419372,2.652724432e-05,0.0001557307249,7.445037283e-07,0.0001447450964,9.914786511e-07,0.0003424896975,-2.9350252e-06,0.2110419241
834.0,7.68035483e-05,1.193928212e-06,0.0004947584251,7.875375028e-06,6.830713129e-05,1.123131571e-06,0.0005805634686,2.665778741e-05,0.0001541051499,7.363578696e-07,0.0001436412539,9.838443812e-07,0.0003441822754,-3.010601234e-06,0.2110389135
835.0,7.58234826e-05,1.173370628e-06,0.0004945648182,7.883019766e-06,6.764288606e-05,1.109938451e-06,0.0005849756205,2.680786087e-05,0.0001523786684,7.276653987e-07,0.0001424499993,9.75616366e-07,0.0003461311115,-2.984221333e-06,0.2110359293
836.0,7.493179533e-05,1.153348336e-06,0.000494452181,7.894716829e-06,6.69770597e-05,1.096970716e-06,0.0005870449428,2.690885759e-05,0.0001505407375,7.184709087e-07,0.0001411682013,9.666525918e-07,0.0003474456003,-3.00100822e-06,0.2110329283
837.0,7.402261211e-05,1.133785731e-06,0.0004944109587,7.908442123e-06,6.631366145e-05,1.084174349e-06,0.000590542351,2.702356975e-05,0.0001486127517,7.087747288e-07,0.000139796053,9.569961431e-07,0.0003489374449,-3.054132304e-06,0.2110298742
838.0,7.319542042e-05,1.115010891e-06,0.0004945772597,7.926256629e-06,6.566747553e-05,1.071769764e-06,0.0005962774456,2.714886832e-05,0.0001465787167,6.985879714e-07,0.0001383359299,9.466069519e-07,0.0003505677689,-2.868190317e-06,0.211027006
839.0,7.240942371e-05,1.097092718e-06,0.0004949617543,7.946837278e-06,6.504017329e-05,1.059762104e-06,0.0005984524177,2.726388284e-05,0.0001444619244,6.878451772e-07,0.0001367963017,9.3549628e-07,0.0003520623925,-2.915165544e-06,0.2110240908
840.0,7.161333668e-05,1.080175887e-06,0.0004954360326,7.971147738e-06,6.440536388e-05,1.048217225e-06,0.0006033485789,2.745328144e-05,0.0001422510288,6.766504918e-07,0.0001351618271,9.236678916e-07,0.0003545215205,-2.86888831e-06,0.2110212219
841.0,7.094772413e-05,1.064286648e-06,0.0004962541276,8.000338478e-06,6.380345033e-05,1.037226716e-06,0.0006070710314,2.766703287e-05,0.0001399433222,6.64841429e-07,0.000133450196,9.111224574e-07,0.0003572931814,-2.894874056e-06,0.211018327
842.0,7.030848304e-05,1.049687389e-06,0.00049727451,8.034820182e-06,6.322567335e-05,1.026961347e-06,0.0006112740863,2.795272779e-05,0.0001375564999,6.526096956e-07,0.0001316487458,8.980019006e-07,0.0003609941777,-2.983693548e-06,0.2110153433
843.0,6.977299905e-05,1.036711799e-06,0.0004985864419,8.076967757e-06,6.2679987e-05,1.017483998e-06,0.0006162629878,2.826175994e-05,0.0001350758297,6.399335583e-07,0.0001297629865,8.842153922e-07,0.0003649993879,-2.829900666e-06,0.2110125134
844.0,6.933669076e-05,1.025334226e-06,0.0005003140288,8.131073665e-06,6.218611445e-05,1.00895167e-06,0.0006197558941,2.856237951e-05,0.0001325481667,6.267259169e-07,0.0001278041821,8.697745882e-07,0.0003688925989,-2.901845866e-06,0.2110096116
845.0,6.895120629e-05,1.015833563e-06,0.0005024246102,8.190539745e-06,6.172561507e-05,1.001570846e-06,0.0006235991961,2.893021885e-05,0.0001299738427,6.13082961e-07,0.0001257560745,8.551786188e-07,0.0003736582606,-2.890198378e-06,0.2110067214
846.0,6.868845665e-05,1.008292243e-06,0.000504939914,8.252820351e-06,6.130887686e-05,9.952829866e-07,0.0006260594752,2.928191336e-05,0.0001273448666,5.991668864e-07,0.0001236537063,8.39387398e-07,0.0003782136289,-2.893866971e-06,0.2110038275
847.0,6.849178809e-05,1.00285872e-06,0.0005077481581,8.317178936e-06,6.094019219e-05,9.901826807e-07,0.0006297287882,2.967980979e-05,0.0001246495145,5.849083398e-07,0.0001214818265,8.231072185e-07,0.0003833656209,-2.943959587e-06,0.2110008836
848.0,6.843006154e-05,9.995522668e-07,0.0005108566568,8.382798614e-06,6.062469378e-05,9.863298431e-07,0.0006344720952,3.007972681e-05,0.0001219178721,5.703507443e-07,0.0001192475109,8.062859897e-07,0.0003885458951,-2.717545658e-06,0.210998166
849.0,6.852576509e-05,9.985535357e-07,0.000514301509,8.449670705e-06,6.03895531e-05,9.84073315e-07,0.000637270285,3.04585649e-05,0.0001191179551,5.553494006e-07,0.0001169605583,7.887945921e-07,0.0003934501195,-2.689260913e-06,0.2109954768
850.0,6.87153783e-05,9.996932634e-07,0.0005180815334,8.518038466e-06,6.02180414e-05,9.831598336e-07,0.0006417281843,3.085977639e-05,0.0001162605968,5.399488476e-07,0.0001146332891,7.708172928e-07,0.0003986472319,-2.550490419e-06,0.2109929263
851.0,6.908985801e-05,1.003035362e-06,0.0005221620177,8.589190605e-06,6.011515321e-05,9.839245882e-07,0.000644275676,3.1225287e-05,0.0001133724607,5.242939404e-07,0.0001122711107,7.524767925e-07,0.0004033818877,-2.420619423e-06,0.2109905057
852.0,6.953433652e-05,1.008327946e-06,0.0005263386897,8.661653043e-06,6.008416553e-05,9.862726396e-07,0.0006467443488,3.161793875e-05,0.0001104529964,5.083559513e-07,0.0001098843225,7.336701521e-07,0.0004084669237,-2.362094842e-06,0.2109881436
853.0,7.012345223e-05,1.01562055e-06,0.0005307495464,8.734860959e-06,6.01466167e-05,9.906465743e-07,0.0006521238661,3.202426901e-05,0.0001075112691,4.921784889e-07,0.0001074357579,7.14520868e-07,0.0004137308917,-2.008760396e-06,0.2109861348
854.0,7.085072213e-05,1.024678727e-06,0.0005354351506,8.807610166e-06,6.032074088e-05,9.970338493e-07,0.0006538493569,3.241689566e-05,0.0001045483009,4.758768133e-07,0.0001049775944,6.946926385e-07,0.0004188139746,-1.93506133e-06,0.2109841997
855.0,7.160544225e-05,1.035189441e-06,0.0005401002689,8.879043658e-06,6.058178008e-05,1.005525032e-06,0.0006589082388,3.284287774e-05,0.0001015899041,4.593107228e-07,0.0001025017522,6.748433034e-07,0.0004243329876,-1.733596765e-06,0.2109824661
856.0,7.249123109e-05,1.046745854e-06,0.0005447811056,8.949294606e-06,6.097175695e-05,1.016153249e-06,0.000663207041,1.157265984e-05,9.85465866e-05,4.420595032e-07,9.99304538e-05,6.536998405e-07,0.0001495244447,-1.740570267e-06,0.2109807256
857.0,7.416308686e-05,1.069371032e-06,0.000557147274,9.164496415e-06,6.120766237e-05,1.021059934e-06,0.0006648480475,3.22578147e-05,9.574116603e-05,4.261300513e-07,9.754971648e-05,6.345728246e-07,0.0004167980256,-1.739953523e-06,0.2109789856
858.0,7.469628657e-05,1.078020425e-06,0.0005584364699,9.17412256e-06,6.194313746e-05,1.038349898e-06,0.0006730489428,3.297753913e-05,9.290776617e-05,4.096876537e-07,9.508735552e-05,6.143932456e-07,0.0004261112903,-2.774791578e-06,0.2109762108
859.0,7.548940408e-05,1.089704341e-06,0.0005602169955,9.192762716e-06,6.285531903e-05,1.057061365e-06,0.0006788721119,3.388588658e-05,9.016649293e-05,3.936720215e-07,9.265613913e-05,5.940569655e-07,0.0004378576142,-2.018084993e-06,0.2109741927
860.0,7.635855762e-05,1.103265521e-06,0.0005625231575,9.219701911e-06,6.380563387e-05,1.075963652e-06,0.0006864046155,1.20728453e-05,8.750032373e-05,3.773439274e-07,9.019088554e-05,5.728427311e-07,0.0001560041461,-1.994333523e-06,0.2109721984
861.0,7.815090703e-05,1.127939214e-06,0.0005729524458,9.395335281e-06,6.451144581e-05,1.087135166e-06,0.000687949078,3.395109177e-05,8.521210382e-05,3.629510097e-07,8.798856134e-05,5.536899812e-07,0.0004387214659,-1.750731276e-06,0.2109704477
862.0,7.883980377e-05,1.139329859e-06,0.0005737770718,9.394693133e-06,6.562226356e-05,1.10871738e-06,0.0006960937185,1.209711176e-05,8.295224231e-05,3.482559848e-07,8.569615319e-05,5.330095536e-07,0.0001563233402,-1.292839119e-06,0.2109691548
863.0,8.050279824e-05,1.16330853e-06,0.0005826526943,9.540221414e-06,6.651957496e-05,1.123401863e-06,0.000700575302,3.42919251e-05,8.103870008e-05,3.360707665e-07,8.370801758e-05,5.147016471e-07,0.0004431405965,-1.204121219e-06,0.2109679507
864.0,8.117440265e-05,1.174705177e-06,0.0005827408397,9.521030159e-06,6.779652115e-05,1.147946134e-06,0.0007075324935,1.229084038e-05,7.92296546e-05,3.240577025e-07,8.168642511e-05,4.955789376e-07,0.0001588307957,-8.593563065e-07,0.2109670914
865.0,8.274082583e-05,1.198299923e-06,0.0005907112825,9.649042258e-06,6.88218152e-05,1.165154124e-06,0.0007133328601,3.501185504e-05,7.781357946e-05,3.146817378e-07,7.997711743e-05,4.793771111e-07,0.0004524525613,-6.553521041e-07,0.210966436
866.0,8.343480806e-05,1.21019729e-06,0.0005905224471,9.624681923e-06,7.019481964e-05,1.190453503e-06,0.000721268788,1.259913447e-05,7.642604193e-05,3.056590825e-07,7.826733747e-05,4.62581589e-07,0.0001628183121,-4.544267328e-07,0.2109659816
867.0,8.497832086e-05,1.234348891e-06,0.0005984480571,9.753137256e-06,7.123482554e-05,1.206680513e-06,0.0007260023123,3.587987218e-05,7.553352573e-05,2.9908878e-07,7.69771206e-05,4.489800165e-07,0.0004636779913,-2.919127988e-07,0.2109656897
868.0,8.566425633e-05,1.246745606e-06,0.000598627621,9.73248938e-06,7.257413256e-05,1.230360659e-06,0.0007368495166,1.291208712e-05,7.46794765e-05,2.925310834e-07,7.56790873e-05,4.347376256e-07,0.0001668660972,-2.164913463e-07,0.2109654732
869.0,8.724802414e-05,1.271072584e-06,0.0006068472829,9.863269785e-06,7.355498049e-05,1.244539205e-06,0.000739674504,3.669116293e-05,7.414468216e-05,2.883634468e-07,7.472909693e-05,4.240687801e-07,0.0004741694522,-2.058146338e-08,0.2109654526
870.0,8.791174411e-05,1.284022621e-06,0.0006069835992,9.842575205e-06,7.480128409e-05,1.266381366e-06,0.0007484925119,1.312783908e-05,7.367479486e-05,2.840529382e-07,7.384745602e-05,4.13222832e-07,0.0001696571574,-3.318432033e-07,0.2109651208
871.0,8.948994268e-05,1.308499579e-06,0.0006149727995,9.970322068e-06,7.568309947e-05,1.278575032e-06,0.0007521671172,3.726947041e-05,7.362868699e-05,2.825454238e-07,7.33163638e-05,4.062315047e-07,0.0004816538336,-2.036406831e-07,0.2109649171
872.0,9.017390211e-05,1.321983137e-06,0.0006150671571,9.946217342e-06,7.684465697e-05,1.29862467e-06,0.0007603549289,1.324758787e-05,7.36635101e-05,2.810345635e-07,7.283107548e-05,3.991263867e-07,0.0001712072852,-7.541584648e-07,0.210964163
873.0,9.169793204e-05,1.346137499e-06,0.0006227322511,1.006613904e-05,7.764829458e-05,1.309238237e-06,0.0007649724709,3.766732179e-05,7.416994749e-05,2.825125036e-07,7.27383477e-05,3.957033011e-07,0.0004868041305,-6.167976669e-07,0.2109635462
874.0,9.242487121e-05,1.359658833e-06,0.0006228012495,1.003461406e-05,7.874500141e-05,1.32781695e-06,0.000772395827,1.33291845e-05,7.478542382e-05,2.849954184e-07,7.264354077e-05,3.925788913e-07,0.0001722629515,-1.145363766e-06,0.2109624008
875.0,9.387118217e-05,1.383271597e-06,0.0006299515314,1.014306958e-05,7.94737038e-05,1.33707667e-06,0.0007760746087,3.793151016e-05,7.592402937e-05,2.917243096e-07,7.299721953e-05,3.936846834e-07,0.0004902182227,-1.299390531e-06,0.2109611014
876.0,9.458008769e-05,1.397000405e-06,0.0006296169939,1.010632703e-05,8.046270427e-05,1.354069659e-06,0.0007839756183,3.892754254e-05,7.745073844e-05,3.014576902e-07,7.354285317e-05,3.970835098e-07,0.0005030912006,-1.613378805e-06,0.210959488
877.0,9.542111634e-05,1.413448546e-06,0.0006303737433,1.009052978e-05,8.136051976e-05,1.369145798e-06,0.0007923324048,1.368430389e-05,7.931488008e-05,3.12006218e-07,7.429121185e-05,4.032155455e-07,0.0001768524497,-1.856982668e-06,0.210957631
878.0,9.692826761e-05,1.437173275e-06,0.0006379515412,1.021124221e-05,8.186548049e-05,1.373685596e-06,0.0007957495508,3.871909689e-05,8.172191571e-05,3.257586865e-07,7.558022882e-05,4.140989099e-07,0.0005003942367,-1.718140697e-06,0.2109559129
879.0,9.766603737e-05,1.45141876e-06,0.00063798428,1.018058086e-05,8.26587214e-05,1.386494464e-06,0.0008010463229,3.942858838e-05,8.417348745e-05,3.396242513e-07,7.707857056e-05,4.264718512e-07,0.0005095557837,-1.948400079e-06,0.2109539645
880.0,9.84626637e-05,1.467598446e-06,0.0006387913209,1.016662888e-05,8.336269479e-05,1.397698856e-06,0.0008093506219,4.013278358e-05,8.672398218e-05,3.54307858e-07,7.881901078e-05,4.405827789e-07,0.0005186517421,-1.875969095e-06,0.2109520885
881.0,9.935016957e-05,1.484327912e-06,0.0006400489386,1.0163245e-05,8.395791404e-05,1.406585678e-06,0.0008143254044,4.06308031e-05,8.941867078e-05,3.69433767e-07,8.074154872e-05,4.553716283e-07,0.0005250817127,-1.80993614e-06,0.2109502786
882.0,0.0001002139355,1.501240073e-06,0.0006416632687,1.016954181e-05,8.444585873e-05,1.413426371e-06,0.0008192570919,4.088815962e-05,9.223038064e-05,3.85127749e-07,8.277746632e-05,4.718140076e-07,0.0005284006865,-1.818570135e-06,0.21094846
883.0,0.0001011077364,1.518076266e-06,0.0006437199366,1.018194325e-05,8.485741149e-05,1.418507851e-06,0.0008260726069,4.100828444e-05,9.510139541e-05,4.014536277e-07,8.491513726e-05,4.888504212e-07,0.0005299486477,-1.364360642e-06,0.2109470957
884.0,0.0001019716357,1.534619715e-06,0.0006458193141,1.019613133e-05,8.519934019e-05,1.422259908e-06,0.0008290730553,4.094041137e-05,9.795290931e-05,4.179512998e-07,8.71192746e-05,5.068159463e-07,0.000529061782,-1.301702938e-06,0.210945794
885.0,0.0001027185133,1.550410836e-06,0.0006476274307,1.020688467e-05,8.547939235e-05,1.425112536e-06,0.0008343050192,4.086343303e-05,0.0001007788906,4.345320879e-07,8.936923643e-05,5.254811652e-07,0.0005280639847,-1.00028052e-06,0.2109447937
886.0,0.0001034605607,1.565427724e-06,0.0006491917918,1.021126028e-05,8.574275195e-05,1.427468003e-06,0.0008385913328,4.07710026e-05,0.0001035656316,4.510683083e-07,9.169028575e-05,5.437129566e-07,0.0005268652263,-7.935649632e-07,0.2109440001
887.0,0.0001041016967,1.579782322e-06,0.0006502912783,1.020787434e-05,8.596802386e-05,1.429478061e-06,0.0008439396062,4.067603289e-05,0.0001063301609,4.676253239e-07,9.401088884e-05,5.626788887e-07,0.0005256321762,-7.577785716e-07,0.2109432423
888.0,0.0001047032221,1.593898493e-06,0.0006508604832,1.0195942e-05,8.615487439e-05,1.431253561e-06,0.000849870746,4.06085385e-05,0.0001090650019,4.841879145e-07,9.63432399e-05,5.816518658e-07,0.000524756727,-3.798932855e-07,0.2109428624
889.0,0.0001052640129,1.607737424e-06,0.0006509187442,1.017514598e-05,8.632304803e-05,1.432928462e-06,0.0008536081253,4.045722959e-05,0.0001117775286,5.005878455e-07,9.866755892e-05,6.008390815e-07,0.0005227919789,-4.836450949e-07,0.2109423788
890.0,0.0001057311012,1.621269607e-06,0.0006503561535,1.014819603e-05,8.644493292e-05,1.434158606e-06,0.0008574553809,4.032171861e-05,0.0001144311945,5.168326043e-07,0.0001009695121,6.200161979e-07,0.0005210371082,-4.813764444e-07,0.2109418974
891.0,0.0001061859483,1.634409134e-06,0.0006494447243,1.011579206e-05,8.653848815e-05,1.43493066e-06,0.0008601033667,4.01421313e-05,0.0001170554574,5.328879233e-07,0.0001032616028,6.390574494e-07,0.0005187101772,-6.333555644e-07,0.2109412641
892.0,0.0001065613884,1.646860159e-06,0.0006481498266,1.007872913e-05,8.659230936e-05,1.43512173e-06,0.0008628887985,3.990360685e-05,0.000119636041,5.487651833e-07,0.0001055526897,6.579813229e-07,0.0005156221088,-1.025850956e-06,0.2109402382
893.0,0.0001068974542,1.658569054e-06,0.0006465253473,1.003756158e-05,8.65991753e-05,1.43456459e-06,0.000865453935,3.96773643e-05,0.0001221700127,5.643921401e-07,0.0001078107441,6.768085376e-07,0.0005126961978,-1.116260547e-06,0.210939122
894.0,0.0001071823277,1.669404256e-06,0.0006446452207,9.992393522e-06,8.655115175e-05,1.433183145e-06,0.0008653656877,3.933051801e-05,0.0001246444275,5.796481475e-07,0.0001100447778,6.953990249e-07,0.0005082062126,-1.677285188e-06,0.2109374447
895.0,0.0001073596253,1.679095255e-06,0.000642438883,9.94278243e-06,8.644042256e-05,1.4308423e-06,0.000866470914,3.896250763e-05,0.0001270653079,5.946258286e-07,0.0001122477322,7.137909205e-07,0.0005034474064,-2.102661663e-06,0.210935342
896.0,0.0001075184313,1.687732001e-06,0.0006399209364,9.891403967e-06,8.627331175e-05,1.427657348e-06,0.0008650331898,3.851910177e-05,0.0001294111178,6.092179031e-07,0.0001144037198,7.318455658e-07,0.0004977118043,-2.611507379e-06,0.2109327305
897.0,0.0001075354126,1.69523746e-06,0.0006370066704,9.836978145e-06,8.603553527e-05,1.423497254e-06,0.0008624278339,3.797943981e-05,0.0001317048406,6.233983212e-07,0.0001165134108,7.495127015e-07,0.0004907331388,-3.283140235e-06,0.2109294474
898.0,0.0001074940119,1.701553482e-06,0.0006338231292,9.778739062e-06,8.575920839e-05,1.418529411e-06,0.0008619385598,3.745082891e-05,0.000133919313,6.372464339e-07,0.0001185682447,7.667515275e-07,0.0004838991517,-2.907276925e-06,0.2109265401
899.0,0.0001073836614,1.706705117e-06,0.0006303261626,9.716579731e-06,8.54573917e-05,1.412907377e-06,0.0008564479035,3.679043904e-05,0.000136060517,6.507569949e-07,0.0001205493392,7.83596777e-07,0.0004753591376,-3.265385065e-06,0.2109232747
900.0,0.0001071276854,1.710629913e-06,0.0006264004947,9.650106994e-06,8.510909335e-05,1.406635391e-06,0.0008520479074,3.611815727e-05,0.0001381453444,6.637913476e-07,0.0001224709414,8.000709358e-07,0.0004666708729,-3.321365749e-06,0.2109199533
901.0,0.000106868925,1.713491661e-06,0.0006222446416,9.578357672e-06,8.474049182e-05,1.400055517e-06,0.0008450961126,3.535576486e-05,0.0001401596643,6.762939155e-07,0.0001243345938,8.161237554e-07,0.0004568157444,-3.325224222e-06,0.2109166281
902.0,0.0001064888101,1.715373256e-06,0.0006176134747,9.501218378e-06,8.433784711e-05,1.39318102e-06,0.0008368108396,3.455017395e-05,0.0001421028801,6.883694279e-07,0.0001261476783,8.317106211e-07,0.0004464031078,-3.377939229e-06,0.2109132502
903.0,0.0001060677292,1.716054186e-06,0.0006124261695,9.420030707e-06,8.390971246e-05,1.386031983e-06,0.0008305235492,3.374729199e-05,0.000143976567,6.999558402e-07,0.0001279192367,8.467880407e-07,0.000436027895,-3.006122979e-06,0.2109102441
904.0,0.0001056076488,1.715527399e-06,0.0006068387999,9.334973155e-06,8.346411341e-05,1.378992389e-06,0.000820994272,3.283716928e-05,0.0001457883679,7.110737462e-07,0.0001296124079,8.613654909e-07,0.0004242624673,-3.279542792e-06,0.2109069645
905.0,0.0001050511083,1.713538075e-06,0.0006009112213,9.246567778e-06,8.299557712e-05,1.37192666e-06,0.0008127377642,3.193635241e-05,0.0001475189974,7.217061516e-07,0.000131241215,8.753570479e-07,0.0004126216332,-3.132752054e-06,0.2109038318
906.0,0.0001044898707,1.710149425e-06,0.0005947484482,9.154146965e-06,8.252316761e-05,1.365121728e-06,0.000801989086,3.100265162e-05,0.0001491785543,7.318383734e-07,0.0001327976444,8.887177415e-07,0.0004005538151,-3.350110156e-06,0.2109004816
907.0,0.0001038540432,1.705243036e-06,0.0005882752732,9.057583254e-06,8.204470147e-05,1.358496451e-06,0.0007923840899,3.006333056e-05,0.0001507492995,7.413264615e-07,0.0001342747815,9.01531962e-07,0.0003884119866,-3.597953611e-06,0.2108968837
908.0,0.0001032148877,1.698825536e-06,0.0005815795391,8.960700167e-06,8.157243357e-05,1.352374192e-06,0.0007824420955,2.918341948e-05,0.0001522262216,7.502216209e-07,0.0001356721229,9.137256515e-07,0.0003770395974,-3.563009528e-06,0.2108933207
909.0,0.0001025451968,1.690958965e-06,0.0005746801476,8.861983801e-06,8.109826636e-05,1.346703938e-06,0.0007697026148,2.831875843e-05,0.0001535960314,7.585692382e-07,0.0001369812429,9.25318105e-07,0.0003658606438,-3.476882129e-06,0.2108898438
910.0,0.0001017887885,1.681495101e-06,0.0005675703755,8.760739104e-06,8.061190484e-05,1.341315182e-06,0.0007585059883,2.751768958e-05,0.0001548826353,7.661581474e-07,0.0001382105085,9.362726972e-07,0.0003555073583,-3.536908835e-06,0.2108863069
911.0,0.000101023879,1.670609695e-06,0.000560551575,8.658776781e-06,8.012609748e-05,1.336030115e-06,0.0007441121925,2.677404093e-05,0.0001560683737,7.732167888e-07,0.0001393578297,9.466298626e-07,0.0003458945338,-3.647795332e-06,0.2108826591
912.0,0.0001001656135,1.658247512e-06,0.0005534299884,8.557635553e-06,7.966004377e-05,1.330545998e-06,0.0007303720286,2.604968399e-05,0.000157151442,7.795568686e-07,0.0001404302144,9.562795996e-07,0.0003365307687,-4.260039372e-06,0.2108783991
913.0,9.932080292e-05,1.644489127e-06,0.0005463345282,8.457536239e-06,7.92147431e-05,1.325037363e-06,0.0007175512697,2.554444893e-05,0.0001581480684,7.85305371e-07,0.0001414285916,9.652698493e-07,0.0003299998732,-2.979292875e-06,0.2108754198
914.0,9.842994842e-05,1.629364538e-06,0.0005393260314,8.358168196e-06,7.877000701e-05,1.319103203e-06,0.0007017073419,2.505502204e-05,0.0001590468924,7.903033102e-07,0.0001423417745,9.735253271e-07,0.0003236703974,-2.399508252e-06,0.2108730203
915.0,9.743227871e-05,1.612953959e-06,0.0005323848538,8.261251875e-06,7.83038778e-05,1.312697206e-06,0.0006877035982,2.467823335e-05,0.0001598530977,7.946238444e-07,0.0001431825132,9.810602111e-07,0.0003187999058,-1.380691491e-06,0.2108716396
916.0,9.645826486e-05,1.595360072e-06,0.000525695563,8.167880149e-06,7.783103603e-05,1.305817194e-06,0.0006733104417,2.437544093e-05,0.0001605516573,7.981819534e-07,0.0001439425693,9.878829043e-07,0.0003148841313,-2.692322144e-07,0.2108713703
917.0,9.541508334e-05,1.576761589e-06,0.0005192236734,8.077826821e-06,7.73418324e-05,1.298358329e-06,0.0006587485218,2.412592497e-05,0.0001611853855,8.010483287e-07,0.0001446235229,9.939654386e-07,0.0003116567716,8.020852982e-07,0.2108721724
918.0,9.436343471e-05,1.557348273e-06,0.0005131203861,7.991002658e-06,7.684544531e-05,1.29031288e-06,0.0006466939888,2.395239826e-05,0.000161705645,8.032188292e-07,0.0001452113772,9.992898107e-07,0.000309412865,9.44924129e-07,0.2108731173
919.0,9.327279945e-05,1.53693497e-06,0.0005074934845,7.909884977e-06,7.634504841e-05,1.281525505e-06,0.0006327194816,2.380007021e-05,0.0001621176022,8.046501265e-07,0.0001457211229,1.003742824e-06,0.0003074393551,1.372308981e-06,0.2108744897
920.0,9.210200017e-05,1.515512125e-06,0.0005021280519,7.836019357e-06,7.580951118e-05,1.272056476e-06,0.0006203828334,2.367122113e-05,0.000162401358,8.053492305e-07,0.0001461392488,1.007437644e-06,0.0003057730106,1.639711578e-06,0.2108761294
921.0,9.095034172e-05,1.493367819e-06,0.000497362739,7.769537087e-06,7.525573568e-05,1.261885098e-06,0.0006077582196,2.355334751e-05,0.000162550835,8.052518844e-07,0.0001464673387,1.010322999e-06,0.0003042477703,1.645701912e-06,0.2108777751
922.0,8.975217368e-05,1.470820178e-06,0.0004930881369,7.710589497e-06,7.467905591e-05,1.251178323e-06,0.0005963531518,2.342253882e-05,0.0001626037066,8.04458936e-07,0.0001467136369,1.012342301e-06,0.0003025552646,1.363018117e-06,0.2108791381
923.0,8.85971692e-05,1.447927588e-06,0.0004894409725,7.658191641e-06,7.409416353e-05,1.239835933e-06,0.000587953915,2.332849676e-05,0.0001625432183,8.029079955e-07,0.0001468739679,1.013585499e-06,0.0003013393335,2.227957849e-06,0.210881366
924.0,8.74371238e-05,1.424582494e-06,0.0004862405192,7.609739573e-06,7.348967579e-05,1.22797746e-06,0.0005778799523,2.325469766e-05,0.0001623697948,8.007140757e-07,0.0001469394859,1.013955314e-06,0.0003003824448,1.719216914e-06,0.2108830853
925.0,8.62233285e-05,1.400535666e-06,0.0004833204491,7.565090795e-06,7.285613326e-05,1.21555247e-06,0.0005722601265,2.317924047e-05,0.0001620460063,7.976219826e-07,0.0001469129981,1.013510776e-06,0.0002994072923,1.656938095e-07,0.210883251
926.0,8.508229941e-05,1.376339613e-06,0.0004807445484,7.525082677e-06,7.222733283e-05,1.202766757e-06,0.0005647125127,2.315281685e-05,0.0001616063884,7.938693099e-07,0.0001467924586,1.012253581e-06,0.000299064954,-1.123004744e-06,0.2108821279
927.0,8.389685065e-05,1.351980962e-06,0.0004784423619,7.489337428e-06,7.15723148e-05,1.189622587e-06,0.0005592371655,2.316111978e-05,0.0001610521031,7.894146705e-07,0.0001465534363,1.010204606e-06,0.000299171202,-2.296084494e-06,0.2108798319
928.0,8.275151085e-05,1.327364122e-06,0.0004765153583,7.457343522e-06,7.091435858e-05,1.176034743e-06,0.0005569889048,2.325859033e-05,0.0001603576063,7.842252398e-07,0.0001462260716,1.007214008e-06,0.0003004307268,-2.872684512e-06,0.2108769592
929.0,8.159939208e-05,1.302763067e-06,0.0004748976503,7.430249141e-06,7.025200218e-05,1.162228393e-06,0.0005523752579,2.343607872e-05,0.0001595468627,7.78341644e-07,0.0001458045414,1.003448656e-06,0.0003027218862,-2.571262753e-06,0.2108743879
930.0,8.037462025e-05,1.277813766e-06,0.0004733617765,7.406306957e-06,6.9574636e-05,1.148216009e-06,0.0005514996297,2.364969906e-05,0.0001586324803,7.716726992e-07,0.0001452772352,9.987951763e-07,0.0003054836232,-2.645343535e-06,0.2108717426
931.0,7.924809832e-05,1.253361555e-06,0.0004720883672,7.384382572e-06,6.891527934e-05,1.134286394e-06,0.0005497734157,2.382801236e-05,0.0001576177093,7.644012407e-07,0.0001446452942,9.933771678e-07,0.0003077882133,-2.485512294e-06,0.2108692571
932.0,7.814002646e-05,1.229441988e-06,0.0004709861113,7.36560192e-06,6.823965394e-05,1.120259164e-06,0.0005491157205,2.39936507e-05,0.0001564678105,7.565358869e-07,0.0001439144077,9.870926568e-07,0.0003099291822,-2.109916875e-06,0.2108671471
933.0,7.709571554e-05,1.206008526e-06,0.0004700500879,7.350292479e-06,6.756934685e-05,1.106095752e-06,0.0005503058232,2.410813375e-05,0.0001551967018,7.479922789e-07,0.0001430818811,9.799499428e-07,0.0003114123618,-2.153658457e-06,0.2108649935
934.0,7.608052226e-05,1.182814451e-06,0.0004692849856,7.338014819e-06,6.689984768e-05,1.092039593e-06,0.0005509674456,2.422863993e-05,0.0001538173304,7.389029001e-07,0.0001421659547,9.720037978e-07,0.000312971196,-1.483823304e-06,0.2108635097
935.0,7.503672306e-05,1.160099654e-06,0.0004685308775,7.32866386e-06,6.621524958e-05,1.078281389e-06,0.0005529793165,2.435014162e-05,0.0001523103004,7.294006112e-07,0.0001411632317,9.633138535e-07,0.0003145474029,-6.490596252e-07,0.2108628606
936.0,7.404162195e-05,1.137792904e-06,0.000467890965,7.322962152e-06,6.553987605e-05,1.064778584e-06,0.0005542236982,2.447407642e-05,0.0001507142108,7.192648097e-07,0.0001400641635,9.538123193e-07,0.0003161545769,1.044672197e-08,0.210862871
937.0,7.304054084e-05,1.115984071e-06,0.0004673959709,7.322411482e-06,6.486628652e-05,1.051357408e-06,0.0005568326347,2.461154865e-05,0.0001490072505,7.085574723e-07,0.0001388154363,9.438659823e-07,0.0003179363886,6.008476001e-07,0.2108634719
938.0,7.208927053e-05,1.095004781e-06,0.0004669978532,7.325723993e-06,6.418570282e-05,1.038028984e-06,0.0005604866665,2.483330927e-05,0.0001471967304,6.97458076e-07,0.0001375197004,9.329980863e-07,0.0003208098736,-7.511896e-08,0.2108633968
939.0,7.113126193e-05,1.074395698e-06,0.000466782213,7.332306e-06,6.351201735e-05,1.025089477e-06,0.0005624793438,2.504941438e-05,0.0001452814739,6.859674595e-07,0.0001361390078,9.216007343e-07,0.0003236079233,-5.651542429e-07,0.2108628316
940.0,7.019644623e-05,1.054767552e-06,0.0004666541457,7.34410414e-06,6.284270645e-05,1.012524296e-06,0.0005665772154,2.530261066e-05,0.0001432742704,6.739315427e-07,0.0001346782635,9.094873288e-07,0.0003268891171,-1.66137884e-07,0.2108626655
941.0,6.938713281e-05,1.036188152e-06,0.0004667439733,7.360440166e-06,6.218623541e-05,1.000362691e-06,0.0005691555371,2.554026774e-05,0.0001411741984,6.614645853e-07,0.0001331267524,8.969093149e-07,0.0003299682186,-5.457656178e-07,0.2108621197
942.0,6.858567399e-05,1.018701873e-06,0.0004670157168,7.381087678e-06,6.153698714e-05,9.885724889e-07,0.0005717685405,2.581664452e-05,0.0001389842061,6.486191612e-07,0.0001314903124,8.837380907e-07,0.0003335475279,-9.879877651e-07,0.2108611317
943.0,6.788256216e-05,1.00250485e-06,0.0004675453355,7.408562213e-06,6.090842541e-05,9.773248598e-07,0.0005773008723,2.610933549e-05,0.0001366989347,6.355171442e-07,0.0001297696805,8.700026153e-07,0.0003373396174,-1.011622117e-06,0.2108601201
944.0,6.725857654e-05,9.876582952e-07,0.0004683389261,7.44236523e-06,6.032260088e-05,9.668765721e-07,0.0005794272123,2.638917802e-05,0.0001343446904,6.219010043e-07,0.0001279563238,8.55589636e-07,0.0003409630254,-1.27982848e-06,0.2108588403
945.0,6.662184211e-05,9.743284508e-07,0.00046933541,7.484033278e-06,5.974577851e-05,9.570888504e-07,0.0005839086542,2.667504242e-05,0.0001319106745,6.079782777e-07,0.0001260747347,8.406755461e-07,0.0003446680903,-2.994557068e-06,0.2108558457
946.0,6.614074799e-05,9.625021203e-07,0.0004706004871,7.533991954e-06,5.92144623e-05,9.483614863e-07,0.0005873381169,2.698540592e-05,0.0001294243597,5.937368152e-07,0.0001241196407,8.251433159e-07,0.0003486877339,-3.313911203e-06,0.2108525318
947.0,6.568964545e-05,9.524521093e-07,0.0004722723449,7.590483315e-06,5.871297697e-05,9.406808741e-07,0.0005901095842,2.731953193e-05,0.0001268733475,5.79153899e-07,0.0001220951846,8.090699033e-07,0.0003530138852,-3.546966782e-06,0.2108489848
948.0,6.533203745e-05,9.446213377e-07,0.0004744123636,7.650079175e-06,5.826618725e-05,9.339864783e-07,0.0005951195662,2.758156883e-05,0.0001242664588,5.642639128e-07,0.0001200019975,7.923959282e-07,0.0003564107359,-2.315961637e-06,0.2108466689
949.0,6.508508945e-05,9.389129218e-07,0.0004770118862,7.710896638e-06,5.788414383e-05,9.283602008e-07,0.0005971921298,2.787151927e-05,0.0001215796987,5.491801139e-07,0.0001178591221,7.752118401e-07,0.0003601650214,-1.923624508e-06,0.2108447453
950.0,6.493995405e-05,9.353600455e-07,0.0004797877159,7.772811089e-06,5.753460998e-05,9.240114084e-07,0.0006012483131,2.814878751e-05,0.0001188498889,5.338487134e-07,0.0001156471343,7.578972762e-07,0.0003637591581,-1.056815823e-06,0.2108436884
951.0,6.496947912e-05,9.341427696e-07,0.0004827640214,7.836959454e-06,5.724984548e-05,9.210219975e-07,0.0006035400646,2.844269891e-05,0.000116072342,5.18273851e-07,0.0001134099852,7.396347572e-07,0.000367567335,-1.83447459e-08,0.2108436701
952.0,6.50833176e-05,9.351792347e-07,0.000485995113,7.902698052e-06,5.703191163e-05,9.195282248e-07,0.0006077027189,2.885317833e-05,0.0001132667016,5.024592594e-07,0.0001111097016,7.212026855e-07,0.0003728812325,-3.179437923e-07,0.2108433522
953.0,6.529053556e-05,9.379437801e-07,0.0004895852319,7.970714715e-06,5.689485147e-05,9.194589294e-07,0.0006124324623,2.924091958e-05,0.000110411452,4.864409109e-07,0.0001087670608,7.02698246e-07,0.0003779034469,3.613292958e-07,0.2108437135
954.0,6.560254355e-05,9.427732872e-07,0.0004934024113,8.040450279e-06,5.683471351e-05,9.208947501e-07,0.0006148436187,2.968027159e-05,0.0001075352729,4.703330573e-07,0.0001063905996,6.832640162e-07,0.0003835894216,4.151581014e-07,0.2108441286
955.0,6.59795885e-05,9.495121671e-07,0.000497315631,8.110332299e-06,5.683821214e-05,9.241741855e-07,0.0006194239378,3.01272474e-05,0.0001046401992,4.54191181e-07,0.0001039656704,6.641402161e-07,0.000389378088,4.084836323e-07,0.2108445371
956.0,6.653339056e-05,9.578135063e-07,0.0005014193294,8.180060984e-06,5.69346151e-05,9.292453527e-07,0.0006214514981,3.061634604e-05,0.0001017553181,4.380382772e-07,0.0001015283653,6.445147134e-07,0.0003957097855,-1.199895281e-09,0.2108445359
957.0,6.718136014e-05,9.677298031e-07,0.0005055129896,8.248642095e-06,5.711783537e-05,9.360634749e-07,0.0006250089428,3.114992714e-05,9.885795661e-05,4.218623549e-07,9.90681149e-05,6.252515014e-07,0.0004026161511,-7.517413812e-07,0.2108437842
958.0,6.795541783e-05,9.789686844e-07,0.0005097582276,8.315047976e-06,5.742132044e-05,9.446337605e-07,0.0006302586339,1.138771736e-05,9.586798292e-05,4.053234981e-07,9.650636979e-05,6.04950844e-07,0.0001471915601,8.044431897e-07,0.2108445886
959.0,6.951039028e-05,1.000867677e-06,0.0005212041692,8.51347429e-06,5.758496122e-05,9.483525608e-07,0.000630963491,3.089672156e-05,9.310682082e-05,3.901275701e-07,9.415042999e-05,5.864512399e-07,0.0003993629797,-1.664990819e-06,0.2108429236
960.0,6.995536325e-05,1.008805498e-06,0.0005222099755,8.524156962e-06,5.81623054e-05,9.630677918e-07,0.0006374512578,3.163543921e-05,9.031135241e-05,3.748495279e-07,9.17164468e-05,5.670920986e-07,0.000408923578,-2.127845883e-06,0.2108407958
961.0,7.06569076e-05,1.019684447e-06,0.0005236503143,8.543634547e-06,5.889373492e-05,9.791999207e-07,0.0006439174712,1.167670764e-05,8.749466036e-05,3.593350921e-07,8.926558578e-05,5.471456833e-07,0.0001509375628,3.481783376e-07,0.210841144
962.0,7.209115778e-05,1.041152764e-06,0.0005320649482,8.693230168e-06,5.943303193e-05,9.88962185e-07,0.0006464575454,3.203657873e-05,8.496608213e-05,3.45554932e-07,8.704185937e-05,5.290629422e-07,0.0004141254125,-2.855009898e-06,0.210838289
963.0,7.261302788e-05,1.050203499e-06,0.000532153103,8.683956641e-06,6.033332124e-05,1.00778871e-06,0.0006549174282,1.181937921e-05,8.246322503e-05,3.315855743e-07,8.470166268e-05,5.098652899e-07,0.0001527883436,2.392337826e-07,0.2108385282
964.0,7.411466558e-05,1.071677327e-06,0.0005398025649,8.808121974e-06,6.105853486e-05,1.020613823e-06,0.0006574476715,3.269294503e-05,8.032415411e-05,3.198283655e-07,8.260268001e-05,4.925661004e-07,0.0004226240567,-3.185119884e-06,0.2108353431
965.0,7.462334322e-05,1.081250158e-06,0.0005394217938,8.786487528e-06,6.208966662e-05,1.041754289e-06,0.0006654327645,1.19568708e-05,7.824293522e-05,3.078016731e-07,8.047413678e-05,4.746841592e-07,0.0001545697595,5.912156537e-07,0.2108359343
966.0,7.614658572e-05,1.103918961e-06,0.0005465421491,8.903490175e-06,6.292180671e-05,1.056531979e-06,0.000668777225,3.332865807e-05,7.648712653e-05,2.977843591e-07,7.860776664e-05,4.59397484e-07,0.0004308539163,-1.861328831e-07,0.2108357482
967.0,7.672180325e-05,1.114711094e-06,0.0005460960172,8.880513182e-06,6.40419177e-05,1.079063484e-06,0.000677041221,1.208634159e-05,7.483326697e-05,2.884731052e-07,7.674277517e-05,4.438397018e-07,0.0001562462939,1.759530118e-06,0.2108375077
968.0,7.82546087e-05,1.13769949e-06,0.0005535075676,9.004221831e-06,6.494358371e-05,1.093778155e-06,0.0006823159842,3.399444123e-05,7.354129599e-05,2.813382979e-07,7.522346997e-05,4.307476827e-07,0.0004394682757,1.798268132e-06,0.210839306
969.0,7.887984707e-05,1.149001136e-06,0.0005534565881,8.988325284e-06,6.613201535e-05,1.11518099e-06,0.0006890069814,1.219165604e-05,7.238798177e-05,2.743506943e-07,7.372771946e-05,4.170498703e-07,0.0001576095634,2.54705484e-06,0.210841853
970.0,8.030933105e-05,1.171808547e-06,0.0005612368043,9.12021996e-06,6.702175928e-05,1.128063764e-06,0.0006941300647,3.459516893e-05,7.154861876e-05,2.697106496e-07,7.253077519e-05,4.06268504e-07,0.0004472393916,3.14426741e-06,0.2108449973
971.0,8.092493875e-05,1.18318981e-06,0.0005613347548,9.103459985e-06,6.817187449e-05,1.148023825e-06,0.0007008266148,1.228151367e-05,7.074679187e-05,2.650367724e-07,7.136524717e-05,3.953616011e-07,0.0001587741515,2.966004949e-06,0.2108479633
972.0,8.230004326e-05,1.205574242e-06,0.0005689393149,9.230691136e-06,6.900212976e-05,1.159428252e-06,0.0007040343695,3.510084163e-05,7.029796577e-05,2.629664706e-07,7.057083017e-05,3.87552119e-07,0.0004537840138,3.351609077e-06,0.2108513149
973.0,8.290831272e-05,1.217243029e-06,0.0005688673481,9.207358554e-06,7.009225982e-05,1.178034039e-06,0.0007142202329,1.235884797e-05,6.99303211e-05,2.613914129e-07,6.98003431e-05,3.796554182e-07,0.0001597776177,2.804181072e-06,0.2108541191
974.0,8.433249097e-05,1.239594164e-06,0.0005761214757,9.325425787e-06,7.088584221e-05,1.188172918e-06,0.0007156050863,3.555015636e-05,6.994908059e-05,2.622537463e-07,6.935133583e-05,3.749343982e-07,0.0004596016979,2.737944046e-06,0.210856857
975.0,8.492571762e-05,1.251625065e-06,0.0005757992344,9.293043969e-06,7.190957204e-05,1.205407672e-06,0.0007241839238,1.245052099e-05,7.00626618e-05,2.637368182e-07,6.891297261e-05,3.704627742e-07,0.0001609656436,2.159083997e-06,0.2108590161
976.0,8.63260536e-05,1.273734695e-06,0.000582608404,9.399458278e-06,7.263407756e-05,1.214175512e-06,0.000727111059,3.606939007e-05,7.05783109e-05,2.693027501e-07,6.882841576e-05,3.692918003e-07,0.0004663231514,-1.365434653e-07,0.2108588796
977.0,8.697679712e-05,1.28617167e-06,0.000582079616,9.359891232e-06,7.358806476e-05,1.229947342e-06,0.0007356851907,1.258754745e-05,7.123893755e-05,2.759861982e-07,6.880750176e-05,3.689637304e-07,0.0001627389017,1.12027052e-06,0.2108599998
978.0,8.827367953e-05,1.307422244e-06,0.0005883653277,9.45821759e-06,7.42178693e-05,1.237172719e-06,0.0007400534929,3.650270757e-05,7.244611308e-05,2.861969507e-07,6.91760573e-05,3.73112525e-07,0.0004719313823,-1.890675269e-06,0.2108581092
979.0,8.89359924e-05,1.319636595e-06,0.0005876744127,9.414682979e-06,7.508155198e-05,1.251345219e-06,0.0007471870904,1.27141632e-05,7.391488399e-05,2.964764625e-07,6.962708285e-05,3.789655615e-07,0.0001643755563,-1.452537683e-07,0.2108579639
980.0,9.011665827e-05,1.340009006e-06,0.0005935014556,9.506304053e-06,7.560517067e-05,1.256874557e-06,0.0007497740793,3.67534753e-05,7.602107013e-05,3.091807239e-07,7.055464375e-05,3.887766265e-07,0.0004751684447,-3.327741408e-06,0.2108546362
981.0,9.073446924e-05,1.351940054e-06,0.0005923772481,9.458117806e-06,7.634996377e-05,1.269329196e-06,0.0007564744381,3.754136414e-05,7.826072765e-05,3.218497537e-07,7.171073772e-05,3.996547808e-07,0.0004853504117,-2.462839808e-06,0.2108521733
982.0,9.140397093e-05,1.365718737e-06,0.0005923233388,9.431607116e-06,7.701420219e-05,1.280123253e-06,0.0007640450448,1.301376654e-05,8.040806823e-05,3.342165072e-07,7.305182193e-05,4.111342696e-07,0.0001682453931,-4.990007707e-07,0.2108516743
983.0,9.26560605e-05,1.386107207e-06,0.00059869259,9.536056872e-06,7.730801348e-05,1.281006941e-06,0.0007662830946,3.715524523e-05,8.290323752e-05,3.486662442e-07,7.48073243e-05,4.25369419e-07,0.0004803503119,-1.871076123e-06,0.2108498032
984.0,9.323846067e-05,1.398116093e-06,0.0005980360041,9.493436793e-06,7.786650103e-05,1.289587677e-06,0.0007712215495,3.767418231e-05,8.547625295e-05,3.627201309e-07,7.66014272e-05,4.395427874e-07,0.0004870496273,-1.024782015e-06,0.2108487785
985.0,9.387270932e-05,1.41174564e-06,0.0005980962694,9.467795248e-06,7.834840878e-05,1.29692652e-06,0.0007783953778,3.816368477e-05,8.810608516e-05,3.769144947e-07,7.851098368e-05,4.543992813e-07,0.0004933728837,-1.598257339e-07,0.2108486186
986.0,9.456790864e-05,1.425598925e-06,0.0005985159691,9.450691324e-06,7.872502561e-05,1.302349233e-06,0.0007829644867,3.845294814e-05,9.075996741e-05,3.910693649e-07,8.049157912e-05,4.69983232e-07,0.0004971051505,7.640687652e-07,0.2108493827
987.0,9.519431601e-05,1.439482145e-06,0.0005992092656,9.441189246e-06,7.900340145e-05,1.305845437e-06,0.0007867155163,3.855024584e-05,9.337924993e-05,4.052117591e-07,8.255115795e-05,4.856369357e-07,0.0004983570848,1.587910646e-06,0.2108509706
988.0,9.582775351e-05,1.453086627e-06,0.0006002012095,9.436069195e-06,7.92241078e-05,1.307749447e-06,0.0007926133291,3.848967621e-05,9.595167672e-05,4.193040582e-07,8.462725707e-05,5.02048699e-07,0.0004975700291,2.519027107e-06,0.2108534896
989.0,9.641282565e-05,1.466068005e-06,0.0006013178489,9.431973323e-06,7.939829034e-05,1.308586966e-06,0.0007953605361,3.838441755e-05,9.848303343e-05,4.33355417e-07,8.6751766e-05,5.181104495e-07,0.0004962007544,2.751678382e-06,0.2108562413
990.0,9.68647126e-05,1.478443956e-06,0.0006021064421,9.424785591e-06,7.949922136e-05,1.308616725e-06,0.0008001042205,3.825813011e-05,0.0001009919083,4.47172955e-07,8.888562295e-05,5.347007496e-07,0.0004945646261,2.545274959e-06,0.2108587866
991.0,9.73251629e-05,1.49020069e-06,0.0006025487247,9.412322224e-06,7.956631538e-05,1.308342367e-06,0.0008030578463,3.812711992e-05,0.0001034595746,4.609137227e-07,9.102528456e-05,5.507613873e-07,0.0004928643041,1.774750719e-06,0.2108605613
992.0,9.770706957e-05,1.501492053e-06,0.000602497531,9.393030346e-06,7.959642999e-05,1.307941904e-06,0.0008052714338,3.801690115e-05,0.0001058821025,4.746478025e-07,9.314105954e-05,5.670703177e-07,0.0004914341227,6.567715519e-07,0.2108612181
993.0,9.810854998e-05,1.512482513e-06,0.0006020477769,9.365172069e-06,7.960731007e-05,1.307515056e-06,0.0008097568716,3.789370704e-05,0.0001082493649,4.882505697e-07,9.522406276e-05,5.837377364e-07,0.0004898383978,-4.013604589e-07,0.2108608168
994.0,9.848910762e-05,1.522949384e-06,0.0006011782534,9.328819606e-06,7.96162091e-05,1.30699203e-06,0.0008110174406,3.779576415e-05,0.0001105747767,5.016216277e-07,9.729331385e-05,5.997454721e-07,0.0004885635064,-2.190788811e-06,0.210858626
995.0,9.875516279e-05,1.532777426e-06,0.0005997176521,9.28423555e-06,7.9581131e-05,1.306177804e-06,0.0008131207795,3.768135186e-05,0.000112867614,5.147953246e-07,9.934366678e-05,6.159577084e-07,0.0004870808892,-3.924718196e-06,0.2108547012
996.0,9.899470384e-05,1.541738907e-06,0.0005978876765,9.2349546e-06,7.951502363e-05,1.305110763e-06,0.0008125581022,3.752386985e-05,0.0001151051886,5.277606334e-07,0.0001013777843,6.320183997e-07,0.000485040017,-5.752140099e-06,0.2108489491
997.0,9.912048012e-05,1.549578599e-06,0.0005956777417,9.180983914e-06,7.941145353e-05,1.303435092e-06,0.0008131711557,3.733414177e-05,0.0001172927615,5.404546397e-07,0.0001033837777,6.478949286e-07,0.0004825807509,-7.575766815e-06,0.2108413733
998.0,9.918735392e-05,1.556292197e-06,0.0005930912212,9.123339372e-06,7.927133687e-05,1.301095733e-06,0.0008135732124,3.697429802e-05,0.0001194252322,5.528477046e-07,0.0001053437086,6.636125275e-07,0.0004779251871,-7.1898959e-06,0.2108341834
999.0,9.914625429e-05,1.561700373e-06,0.0005901014028,9.061522589e-06,7.908246284e-05,1.298059487e-06,0.0008104841255,3.659701245e-05,0.0001214968443,5.64947533e-07,0.000107258767,6.789982391e-07,0.0004730397335,-7.784387656e-06,0.2108263991
1000.0,9.898851839e-05,1.565886072e-06,0.0005867403949,8.996185712e-06,7.8839097e-05,1.294257482e-06,0.000808590114,3.608693763e-05,0.0001235038971,5.767005215e-07,0.0001091282239,6.940489038e-07,0.0004664414592,-7.188965998e-06,0.2108192101
1001.0,9.88366332e-05,1.568993797e-06,0.0005832321343,8.927561892e-06,7.855213842e-05,1.28976853e-06,0.0008035110187,3.550039848e-05,0.0001254417966,5.881266402e-07,0.0001109446663,7.088258268e-07,0.0004588540435,-6.407472362e-06,0.2108128026
1002.0,9.863690311e-05,1.571464798e-06,0.0005794102566,8.855762513e-06,7.821853476e-05,1.284643141e-06,0.0007990696309,3.48251363e-05,0.0001273096685,5.991344592e-07,0.0001127034634,7.232607103e-07,0.000450119177,-5.177640796e-06,0.210807625
1003.0,9.842744038e-05,1.573091378e-06,0.0005753528762,8.780798183e-06,7.786923444e-05,1.279087203e-06,0.0007950822627,3.404261777e-05,0.0001291175274,6.098177156e-07,0.0001144094127,7.372294695e-07,0.0004400012154,-3.107671524e-06,0.2108045173
1004.0,9.814707811e-05,1.57358221e-06,0.0005710153516,8.703746525e-06,7.750430275e-05,1.273056932e-06,0.0007878697701,3.322533072e-05,0.0001308633299,6.200998392e-07,0.0001160497124,7.508342519e-07,0.0004294300429,-1.146455964e-06,0.2108033708
1005.0,9.774815921e-05,1.572977633e-06,0.0005662623424,8.623433709e-06,7.709551395e-05,1.266741092e-06,0.0007813745817,3.23637356e-05,0.0001325445446,6.299305202e-07,0.000117644705,7.639746258e-07,0.0004182917022,6.986139927e-07,0.2108040695
1006.0,9.731633604e-05,1.571120183e-06,0.0005611214619,8.539424146e-06,7.667085501e-05,1.260229765e-06,0.0007736003438,3.14765664e-05,0.0001341588277,6.393499898e-07,0.0001191873039,7.766404235e-07,0.0004068200213,2.236146344e-06,0.2108063056
1007.0,9.677519934e-05,1.567939615e-06,0.0005556294692,8.452311425e-06,7.621322214e-05,1.253711368e-06,0.0007648297115,3.064451733e-05,0.0001357064885,6.483290107e-07,0.0001206636001,7.889046842e-07,0.000396061073,2.834626856e-06,0.2108091402
1008.0,9.617913834e-05,1.563448353e-06,0.0005498095476,8.3611633e-06,7.573329514e-05,1.247296638e-06,0.0007576160219,2.980100126e-05,0.0001371832501,6.568603557e-07,0.0001220718522,8.006720978e-07,0.000385156627,3.636714682e-06,0.210812777
1009.0,9.55817893e-05,1.557656639e-06,0.0005438400764,8.269275432e-06,7.527429825e-05,1.241203037e-06,0.0007473996792,2.89227276e-05,0.000138571458,6.649039992e-07,0.000123413217,8.119667218e-07,0.0003737988006,3.578601032e-06,0.2108163556
1010.0,9.493388138e-05,1.550885447e-06,0.000537542537,8.175923999e-06,7.478348412e-05,1.23539878e-06,0.0007374467279,2.797717763e-05,0.0001398667381,6.72432762e-07,0.0001246703863,8.227633626e-07,0.0003615750654,3.193149692e-06,0.2108195487
1011.0,9.435300019e-05,1.543346597e-06,0.0005310108013,8.080793471e-06,7.428453607e-05,1.229936406e-06,0.0007258717538,2.704317146e-05,0.0001410701302,6.795389044e-07,0.0001258558132,8.330618027e-07,0.0003494986643,2.388638864e-06,0.2108219373
1012.0,9.372633711e-05,1.534670151e-06,0.0005242825879,7.985159472e-06,7.379326715e-05,1.224842772e-06,0.0007143295862,2.614691867e-05,0.000142189146,6.861226356e-07,0.000126959206,8.428850745e-07,0.0003379098414,1.89474695e-06,0.2108238321
1013.0,9.303299163e-05,1.524529193e-06,0.0005175918284,7.890186536e-06,7.331247849e-05,1.219812112e-06,0.0007035944463,2.535132934e-05,0.0001432235463,6.922194606e-07,0.0001279970845,8.522264713e-07,0.0003276236361,9.976875347e-07,0.2108248298
1014.0,9.229096653e-05,1.513099241e-06,0.0005109093134,7.796721075e-06,7.284742111e-05,1.214771137e-06,0.0006892598648,2.458365791e-05,0.0001441777121,6.978143327e-07,0.0001289583515,8.6096085e-07,0.0003176954571,-1.839139353e-08,0.2108248114
1015.0,9.143827523e-05,1.500136179e-06,0.000504104829,7.704954186e-06,7.238905587e-05,1.209765436e-06,0.0006775798275,2.395035985e-05,0.000145038003,7.029151039e-07,0.0001298445875,8.691615392e-07,0.0003095071685,-9.901785102e-07,0.2108238212
1016.0,9.057873769e-05,1.48597226e-06,0.0004973728284,7.613808279e-06,7.193593782e-05,1.204575791e-06,0.0006627083756,2.335714763e-05,0.0001458179355,7.074151423e-07,0.0001306616115,8.768622012e-07,0.0003018359247,-1.795074595e-06,0.2108220261
1017.0,8.960555119e-05,1.470630131e-06,0.0004906313833,7.52589145e-06,7.147156893e-05,1.19897143e-06,0.000648827635,2.288725837e-05,0.0001465153287,7.113672565e-07,0.0001314082708,8.838971073e-07,0.0002957582534,-2.409308637e-06,0.2108196168
1018.0,8.862851135e-05,1.454339358e-06,0.0004841645766,7.441848314e-06,7.101403829e-05,1.192906522e-06,0.0006365437515,2.247991028e-05,0.0001471312984,7.147520858e-07,0.0001320773007,8.903364105e-07,0.0002904902206,-2.295110917e-06,0.2108173217
1019.0,8.763105314e-05,1.437352502e-06,0.0004779101193,7.36355165e-06,7.055936082e-05,1.18636852e-06,0.0006209986078,2.212364431e-05,0.0001476088085,7.173255442e-07,0.0001326674325,8.960883082e-07,0.0002858803628,-2.222976867e-06,0.2108150987
1020.0,8.656764734e-05,1.419532001e-06,0.0004718644273,7.288255733e-06,7.00788773e-05,1.179324019e-06,0.0006085239678,2.181879822e-05,0.0001480491207,7.195325451e-07,0.0001331835776,9.012143948e-07,0.0002819381982,-1.636333825e-06,0.2108134624
1021.0,8.556753519e-05,1.401316369e-06,0.0004662528828,7.220149425e-06,6.959768976e-05,1.171815817e-06,0.0005948593302,2.155158097e-05,0.0001483703528,7.212005242e-07,0.0001336119843,9.057137831e-07,0.0002784814194,3.437852749e-07,0.2108138062
1022.0,8.454306511e-05,1.382692033e-06,0.0004610522855,7.157958285e-06,6.910334721e-05,1.163692597e-06,0.0005825537235,2.139673693e-05,0.0001485822207,7.223541135e-07,0.0001339671882,9.094702656e-07,0.0002764768761,6.36210316e-07,0.2108144424
1023.0,8.350503767e-05,1.363498144e-06,0.0004562903948,7.10324804e-06,6.859914753e-05,1.155024781e-06,0.0005722562773,2.134032216e-05,0.0001486866873,7.228594133e-07,0.0001342435587,9.12612787e-07,0.0002757460552,1.673856638e-06,0.2108161163
1024.0,8.244633202e-05,1.343641482e-06,0.0004521123692,7.05485785e-06,6.808683043e-05,1.145788178e-06,0.0005611113989,2.130128204e-05,0.0001486957302,7.227838875e-07,0.0001344433924,9.151463846e-07,0.0002752372853,1.710814805e-06,0.2108178271
1025.0,8.129027657e-05,1.322964266e-06,0.0004484105038,7.012156593e-06,6.753785829e-05,1.135856733e-06,0.0005510442345,2.132964989e-05,0.0001485888721,7.221252788e-07,0.0001345515663,9.169991738e-07,0.0002756032376,2.157675137e-06,0.2108199847
1026.0,8.015104087e-05,1.301853279e-06,0.0004451661777,6.974544376e-06,6.696436257e-05,1.125505216e-06,0.000541341956,2.138306262e-05,0.0001484066649,7.209607225e-07,0.0001345842441,9.181623612e-07,0.0002762925065,2.358476048e-06,0.2108223432
1027.0,7.899338105e-05,1.280453603e-06,0.0004423257417,6.941630644e-06,6.637481809e-05,1.114651172e-06,0.0005342180281,2.143809169e-05,0.0001480649912,7.1905648e-07,0.0001345237893,9.186332815e-07,0.0002770021311,2.163945602e-06,0.2108245072
1028.0,7.788263154e-05,1.258978076e-06,0.0004397969521,6.912238258e-06,6.578476866e-05,1.103346432e-06,0.0005287797873,2.153283747e-05,0.0001476387558,7.165511082e-07,0.0001343781745,9.184213959e-07,0.0002782268053,2.018081124e-06,0.2108265252
1029.0,7.682920153e-05,1.237646358e-06,0.000437647425,6.88662649e-06,6.519165843e-05,1.091741988e-06,0.0005223096147,2.158485172e-05,0.0001470935333,7.134458009e-07,0.0001341335006,9.175369601e-07,0.0002788968974,2.493561291e-06,0.2108290188
1030.0,7.570631546e-05,1.216081074e-06,0.0004357139702,6.864281845e-06,6.458605863e-05,1.079869161e-06,0.0005184077834,2.173352609e-05,0.0001464442948,7.098011016e-07,0.0001337987149,9.160023937e-07,0.0002808190091,2.063975383e-06,0.2108310828
1031.0,7.464458615e-05,1.194492538e-06,0.0004341227706,6.845953337e-06,6.397935082e-05,1.067832141e-06,0.0005145906124,2.188473907e-05,0.000145672036,7.055987009e-07,0.0001333760562,9.137080708e-07,0.0002827728859,1.618451041e-06,0.2108327012
1032.0,7.353682754e-05,1.172698771e-06,0.0004326785396,6.830657674e-06,6.336734261e-05,1.055770591e-06,0.0005120265279,2.205234017e-05,0.0001447989468,7.007761888e-07,0.0001328626725,9.10616394e-07,0.0002849390812,1.09408878e-06,0.2108337953
1033.0,7.247231519e-05,1.150941777e-06,0.0004315163122,6.81816408e-06,6.277062654e-05,1.04363244e-06,0.0005129547561,2.227225352e-05,0.0001438389015,6.955611111e-07,0.0001322539699,9.068376717e-07,0.0002877825012,1.088007132e-06,0.2108348833
1034.0,7.144852872e-05,1.129442501e-06,0.0004306677035,6.808659233e-06,6.218666269e-05,1.031484917e-06,0.0005105790558,2.243344344e-05,0.0001427624478,6.897301717e-07,0.0001315597336,9.022921525e-07,0.0002898656016,8.326173984e-07,0.2108357159
1035.0,7.038486385e-05,1.108508751e-06,0.0004298538838,6.801335782e-06,6.15863295e-05,1.01932214e-06,0.0005111810895,2.265466284e-05,0.0001415786908,6.834036611e-07,0.0001307776645,8.97095559e-07,0.0002927285401,3.953083776e-07,0.2108361113
1036.0,6.943847638e-05,1.088079811e-06,0.0004292369289,6.797275708e-06,6.098801725e-05,1.007156512e-06,0.0005114048449,2.283787081e-05,0.000140293341,6.765727875e-07,0.0001299180186,8.911655341e-07,0.0002950993399,1.663457878e-08,0.2108361279
1037.0,6.846477365e-05,1.067971921e-06,0.0004286913077,6.796386665e-06,6.038205934e-05,9.949383357e-07,0.0005121380119,2.302514986e-05,0.0001389027058,6.692179789e-07,0.000128971286,8.845737478e-07,0.0002975233173,-4.196972623e-07,0.2108357082
1038.0,6.75350368e-05,1.048358137e-06,0.0004283231214,6.798375921e-06,5.978553884e-05,9.828686632e-07,0.0005155098263,2.319724865e-05,0.000137427269,6.613567496e-07,0.000127940773,8.772543449e-07,0.0002997535119,-5.169070956e-07,0.2108351913
1039.0,6.666133034e-05,1.029489025e-06,0.000428159645,6.805099598e-06,5.920107577e-05,9.711007541e-07,0.0005165392949,2.335822172e-05,0.0001358485505,6.530110608e-07,0.0001268174699,8.692356964e-07,0.0003018377596,-5.182712944e-09,0.2108351861
1040.0,6.578293503e-05,1.011124338e-06,0.0004280256335,6.816561783e-06,5.859494727e-05,9.592433216e-07,0.0005196511966,2.349218141e-05,0.0001341839483,6.441211267e-07,0.0001256112351,8.605695e-07,0.0003035765002,-9.239877188e-07,0.2108342621
1041.0,6.497609364e-05,9.935439759e-07,0.0004280550055,6.831594587e-06,5.799680379e-05,9.476133311e-07,0.0005213044167,2.364125752e-05,0.0001324245875,6.348169156e-07,0.0001243306344,8.512466096e-07,0.0003055097019,-1.281924707e-07,0.2108341339
1042.0,6.417728576e-05,9.768895383e-07,0.0004282581317,6.849499405e-06,5.741068481e-05,9.363385854e-07,0.0005250078356,2.376401321e-05,0.0001305809604,6.250461048e-07,0.0001229718818,8.413157893e-07,0.000307102621,-1.236030167e-07,0.2108340103
1043.0,6.346702463e-05,9.612485413e-07,0.0004286132944,6.871090915e-06,5.68425729e-05,9.255989975e-07,0.0005293494749,2.386897919e-05,0.0001286543812,6.148677174e-07,0.0001215271558,8.307930428e-07,0.0003084678115,-7.499653384e-07,0.2108332604
1044.0,6.281340839e-05,9.463349899e-07,0.0004292340952,6.895822432e-06,5.629280966e-05,9.152595893e-07,0.0005315310979,2.402678709e-05,0.0001266433709,6.041939381e-07,0.0001199741957,8.198751671e-07,0.0003105128126,6.489858332e-08,0.2108333253
1045.0,6.219679961e-05,9.325426917e-07,0.0004300108222,6.924809602e-06,5.574691661e-05,9.054070125e-07,0.0005361832334,2.419304328e-05,0.0001245481042,5.930905203e-07,0.0001183804481,8.08148489e-07,0.000312669522,-6.222304331e-07,0.210832703
1046.0,6.169376855e-05,9.200444432e-07,0.0004311596393,6.959358237e-06,5.523807876e-05,8.960436906e-07,0.0005384622205,2.441057844e-05,0.0001223927919,5.815534273e-07,0.0001167034097,7.958395484e-07,0.0003154875405,-6.787425858e-07,0.2108320243
1047.0,6.120154673e-05,9.089642208e-07,0.0004325451538,7.002235748e-06,5.474588968e-05,8.875056122e-07,0.0005420691002,2.467417793e-05,0.0001201675639,5.696076793e-07,0.0001149659615,7.829298579e-07,0.000318901031,-8.393881682e-07,0.2108311849
1048.0,6.082070034e-05,8.993819823e-07,0.0004342249397,7.054192568e-06,5.430211072e-05,8.798791463e-07,0.0005473888066,2.493877949e-05,0.0001178878624,5.573019875e-07,0.0001131665857,7.693867823e-07,0.0003223292325,-6.605052774e-07,0.2108305244
1049.0,6.052797595e-05,8.914019477e-07,0.0004363923191,7.111942728e-06,5.391125947e-05,8.731698455e-07,0.0005496742958,2.522183557e-05,0.0001155430183,5.446296676e-07,0.0001113011605,7.555502757e-07,0.0003259925599,-8.004035429e-07,0.210829724
1050.0,6.025749853e-05,8.850237887e-07,0.0004389302034,7.172650784e-06,5.354401042e-05,8.675443806e-07,0.0005528675801,2.554641259e-05,0.0001131469864,5.316464889e-07,0.0001093925644,7.407669795e-07,0.0003301963167,-7.341891203e-07,0.2108289898
1051.0,6.014434399e-05,8.804573121e-07,0.0004418245124,7.234741494e-06,5.32245128e-05,8.629927791e-07,0.0005555875534,2.587466123e-05,0.0001106950277,5.18436041e-07,0.000107416507,7.256508728e-07,0.0003344460022,-6.573887715e-07,0.2108283324
1052.0,6.010426476e-05,8.776483654e-07,0.0004449206505,7.297614649e-06,5.295590418e-05,8.595912239e-07,0.0005579691746,2.62221744e-05,0.0001081935685,5.049410328e-07,0.0001053784471,7.101938382e-07,0.0003389447364,-6.50574356e-07,0.2108276818
1053.0,6.017847465e-05,8.764595399e-07,0.000448214091,7.361043525e-06,5.273789603e-05,8.575008316e-07,0.0005628167187,2.659382948e-05,0.0001056435254,4.911484841e-07,0.0001033089626,6.9392402e-07,0.0003437572688,5.058039275e-07,0.2108281876
1054.0,6.04180916e-05,8.773669889e-07,0.0004519093227,7.425250688e-06,5.260757154e-05,8.566838717e-07,0.0005655835343,2.696036318e-05,0.0001030541703,4.770178e-07,0.0001011779868,6.775410256e-07,0.0003485003578,7.912733291e-07,0.2108289789
1055.0,6.070450265e-05,8.801724545e-07,0.0004557447928,7.490725436e-06,5.251798119e-05,8.572967556e-07,0.0005693626187,2.738237108e-05,0.0001004288116,4.627056781e-07,9.902451805e-05,6.604700317e-07,0.000353964613,1.307056159e-06,0.210830286
1056.0,6.113706508e-05,8.848678979e-07,0.0004596830752,7.55705814e-06,5.250167922e-05,8.591641662e-07,0.0005724619612,2.780908985e-05,9.77834598e-05,4.480874572e-07,9.68211719e-05,6.433501285e-07,0.0003594883516,1.809286048e-06,0.2108320952
1057.0,6.163419738e-05,8.915863535e-07,0.0004637284779,7.623515053e-06,5.254901813e-05,8.627195109e-07,0.0005763309257,2.822504405e-05,9.513186538e-05,4.332990384e-07,9.460370836e-05,6.257805099e-07,0.0003648724965,2.122404286e-06,0.2108342177
1058.0,6.225170427e-05,8.998626158e-07,0.0004679104096,7.689328514e-06,5.269153401e-05,8.677594577e-07,0.0005814853741,2.869672725e-05,9.248793062e-05,4.184279493e-07,9.234567965e-05,6.081283975e-07,0.0003709792899,2.738325809e-06,0.210836956
1059.0,6.295439128e-05,9.091881275e-07,0.0004721544004,7.753454129e-06,5.292402272e-05,8.744320671e-07,0.000583395284,2.911342693e-05,8.983797557e-05,4.03334523e-07,9.009425576e-05,5.901181091e-07,0.0003763720638,2.858560784e-06,0.2108398145
1060.0,6.366408342e-05,9.193803293e-07,0.0004762397369,7.815355527e-06,5.32371646e-05,8.82687044e-07,0.0005892115354,1.036355898e-05,8.71048008e-05,3.875995835e-07,8.774230559e-05,5.710452682e-07,0.0001339809171,1.376464704e-06,0.210841191
1061.0,6.518492969e-05,9.395414974e-07,0.0004870791613,8.003187241e-06,5.340905291e-05,8.859277471e-07,0.0005901394108,2.872586313e-05,8.458876277e-05,3.731203537e-07,8.558705736e-05,5.53508792e-07,0.0003713760448,2.236549734e-06,0.2108434276
1062.0,6.563272995e-05,9.46933006e-07,0.0004880967474,8.010195703e-06,5.399682515e-05,8.99698293e-07,0.0005960722816,2.936285221e-05,8.205472864e-05,3.583085819e-07,8.338416278e-05,5.351309658e-07,0.0003796171631,1.637650498e-06,0.2108450652
1063.0,6.634175979e-05,9.571900202e-07,0.0004895828862,8.024760512e-06,5.473169976e-05,9.148148316e-07,0.0006040663779,3.017077064e-05,7.958666672e-05,3.438575798e-07,8.123986367e-05,5.167586648e-07,0.0003900694267,1.44449321e-06,0.2108465097
1064.0,6.71493693e-05,9.690545446e-07,0.0004916016547,8.04765556e-06,5.550922065e-05,9.301002476e-07,0.0006081449884,1.07932556e-05,7.714913715e-05,3.292469098e-07,7.907424904e-05,4.977542661e-07,0.0001395442029,8.154336672e-07,0.2108473251
1065.0,6.867130346e-05,9.905672511e-07,0.0005006455522,8.198771907e-06,5.604765377e-05,9.385362557e-07,0.0006119635444,3.026465915e-05,7.505223495e-05,3.163179495e-07,7.711826029e-05,4.80558476e-07,0.0003912925738,3.653892422e-07,0.2108476905
1066.0,6.92757213e-05,1.000240254e-06,0.0005014347545,8.194659437e-06,5.694117066e-05,9.56141496e-07,0.0006185252007,1.078639665e-05,7.302399103e-05,3.030780245e-07,7.509927378e-05,4.623123248e-07,0.0001394589671,1.501744618e-08,0.2108477055
1067.0,7.068645107e-05,1.021072743e-06,0.0005090773544,8.318500715e-06,5.764458125e-05,9.676147274e-07,0.0006223853129,3.055709985e-05,7.130289112e-05,2.918676708e-07,7.333204397e-05,4.463122973e-07,0.0003950792486,-6.467639511e-07,0.2108470588
1068.0,7.12214305e-05,1.030385375e-06,0.0005089494299,8.297697673e-06,5.868615751e-05,9.87827278e-07,0.0006314730635,3.156099356e-05,6.972777534e-05,2.817451302e-07,7.160702241e-05,4.307012891e-07,0.0004080638028,-7.017509566e-07,0.210846357
1069.0,7.199293165e-05,1.042953028e-06,0.0005099327637,8.295669225e-06,5.975578064e-05,1.008211386e-06,0.0006382954592,1.124126126e-05,6.825827082e-05,2.7242235e-07,6.998097513e-05,4.152409956e-07,0.0001453425659,-6.641437107e-07,0.2108456929
1070.0,7.344272787e-05,1.065047879e-06,0.0005178384617,8.426966015e-06,6.051470984e-05,1.0201192e-06,0.0006417773065,3.195752808e-05,6.717727981e-05,2.656251188e-07,6.870166852e-05,4.024531631e-07,0.0004131950558,-8.660464266e-07,0.2108448268
1071.0,7.407798029e-05,1.076068687e-06,0.0005182946037,8.418261377e-06,6.159861815e-05,1.039665055e-06,0.0006484031093,1.132100638e-05,6.619802383e-05,2.589231109e-07,6.738342668e-05,3.890562003e-07,0.0001463762661,-6.39163065e-07,0.2108441877
1072.0,7.545731691e-05,1.097374623e-06,0.0005258898745,8.541366526e-06,6.239921627e-05,1.051108502e-06,0.0006521502034,3.230034702e-05,6.548825216e-05,2.544408524e-07,6.634799472e-05,3.786649765e-07,0.000417632734,-7.430749114e-07,0.2108434446
1073.0,7.603874904e-05,1.107854436e-06,0.0005260586975,8.523178388e-06,6.348955475e-05,1.069986086e-06,0.0006606704083,1.147579026e-05,6.480778939e-05,2.499022376e-07,6.536536264e-05,3.680880387e-07,0.0001483803945,-3.863691813e-07,0.2108430582
1074.0,7.736170514e-05,1.128542704e-06,0.0005328386409,8.63034051e-06,6.427731969e-05,1.080959785e-06,0.0006633981911,3.282626325e-05,6.448862276e-05,2.475901989e-07,6.469514277e-05,3.606958497e-07,0.0004244402854,-2.280562771e-07,0.2108428302
1075.0,7.789575548e-05,1.139270387e-06,0.0005325370237,8.601650773e-06,6.531989231e-05,1.098949806e-06,0.0006720815734,1.168559752e-05,6.424919611e-05,2.453158871e-07,6.405355878e-05,3.532891141e-07,0.0001510957574,-1.515747047e-07,0.2108426786
1076.0,7.918040216e-05,1.159648678e-06,0.000538596074,8.695436245e-06,6.605483801e-05,1.109036902e-06,0.0006748976567,3.340683771e-05,6.437836917e-05,2.45383506e-07,6.372590103e-05,3.488220466e-07,0.0004319561869,1.368187125e-07,0.2108428154
1077.0,7.971044867e-05,1.170651729e-06,0.0005381128262,8.660866504e-06,6.702624741e-05,1.125691727e-06,0.0006827873309,1.188708727e-05,6.461578023e-05,2.458784578e-07,6.342468962e-05,3.445905637e-07,0.0001537035405,-9.235238123e-08,0.2108427231
1078.0,8.094942125e-05,1.190698768e-06,0.0005439050498,8.746933444e-06,6.767742394e-05,1.134229234e-06,0.000688824242,3.394487337e-05,6.526239125e-05,2.496637793e-07,6.344209159e-05,3.433082459e-07,0.0004389209334,3.047328707e-07,0.2108430278
1079.0,8.153083936e-05,1.201935542e-06,0.0005434386992,8.708997384e-06,6.856594307e-05,1.149141476e-06,0.0006952420037,1.203527963e-05,6.605972006e-05,2.54638044e-07,6.356027033e-05,3.426728769e-07,0.0001556210134,-1.430770489e-07,0.2108428847
1080.0,8.268668983e-05,1.221516048e-06,0.0005488723773,8.790326665e-06,6.910831852e-05,1.155893255e-06,0.0006986403306,3.427098816e-05,6.739413519e-05,2.637884174e-07,6.399230766e-05,3.45724389e-07,0.000443140161,-8.203679764e-08,0.2108428027
1081.0,8.326118148e-05,1.232685856e-06,0.0005482347267,8.748899179e-06,6.987777172e-05,1.168992456e-06,0.0007054176796,3.518717473e-05,6.911097548e-05,2.740464654e-07,6.463674668e-05,3.512406785e-07,0.0004549855008,-3.409452733e-07,0.2108424617
1082.0,8.391707518e-05,1.246147842e-06,0.0005484217705,8.726763796e-06,7.054582012e-05,1.180347726e-06,0.000711631353,1.23178429e-05,7.099499844e-05,2.847588531e-07,6.550602641e-05,3.58763822e-07,0.0001592737385,-8.391390847e-07,0.2108416226
1083.0,8.5111383e-05,1.265441768e-06,0.0005542371795,8.820792107e-06,7.087134883e-05,1.182701766e-06,0.0007141335395,3.496139122e-05,7.31858854e-05,2.97657881e-07,6.682299956e-05,3.70171519e-07,0.0004520605278,-7.374787719e-07,0.2108408851
1084.0,8.566135275e-05,1.276691909e-06,0.0005539397022,8.786275388e-06,7.147000162e-05,1.192068495e-06,0.000719010008,3.55162268e-05,7.541643664e-05,3.10535402e-07,6.825659881e-05,3.823629662e-07,0.000459228694,-1.217011515e-06,0.2108396681
1085.0,8.623725565e-05,1.289505578e-06,0.0005542615986,8.766690366e-06,7.197291361e-05,1.200021087e-06,0.0007254218394,3.604580801e-05,7.77136279e-05,3.238223953e-07,6.98951689e-05,3.954429113e-07,0.0004660730916,-1.434454465e-06,0.2108382337
1086.0,8.688483231e-05,1.302657611e-06,0.000554923323,8.755944084e-06,7.238345671e-05,1.206124645e-06,0.0007295258217,3.638836985e-05,8.013115204e-05,3.376400443e-07,7.164189962e-05,4.094719656e-07,0.0004704975143,-1.680528799e-06,0.2108365531
1087.0,8.748937796e-05,1.315894764e-06,0.0005558505398,8.751757375e-06,7.269859016e-05,1.210463895e-06,0.0007344270736,3.652858863e-05,8.259618701e-05,3.518365394e-07,7.348033655e-05,4.243833945e-07,0.0004723047248,-2.00941343e-06,0.2108345437
1088.0,8.810407522e-05,1.328938141e-06,0.0005569877333,8.751580429e-06,7.296405211e-05,1.21335624e-06,0.0007391494796,3.659291613e-05,8.50686405e-05,3.661030344e-07,7.538420657e-05,4.396814573e-07,0.0004731339544,-1.883888853e-06,0.2108326598
1089.0,8.868784611e-05,1.341541074e-06,0.0005581523543,8.751568074e-06,7.31843427e-05,1.215186626e-06,0.0007416091931,3.650729013e-05,8.750348861e-05,3.804479405e-07,7.730592305e-05,4.559111213e-07,0.000472019806,-2.094842064e-06,0.210830565
1090.0,8.917923868e-05,1.353394991e-06,0.0005591516929,8.748867688e-06,7.335476148e-05,1.216314146e-06,0.0007463488785,3.640931958e-05,8.988649291e-05,3.947282737e-07,7.925592906e-05,4.722632006e-07,0.0004707501601,-2.0300843e-06,0.2108285349
1091.0,8.967005328e-05,1.364738142e-06,0.0005597634572,8.741556385e-06,7.348924526e-05,1.217059963e-06,0.0007486789026,3.62847677e-05,9.224360719e-05,4.090358794e-07,8.123992232e-05,4.883815395e-07,0.0004691336648,-1.993431836e-06,0.2108265415
1092.0,9.005638914e-05,1.375662739e-06,0.000559900557,8.728218171e-06,7.357876156e-05,1.217537933e-06,0.0007520057504,3.614294938e-05,9.457883872e-05,4.232566673e-07,8.322683158e-05,5.053141015e-07,0.000467292699,-2.050394991e-06,0.2108244911
1093.0,9.044004514e-05,1.386205256e-06,0.0005596488711,8.707991889e-06,7.364680407e-05,1.217832305e-06,0.0007567554412,3.602486231e-05,9.687407587e-05,4.372923853e-07,8.52238507e-05,5.215901335e-07,0.0004657618982,-1.703565064e-06,0.2108227875
1094.0,9.079195874e-05,1.396380354e-06,0.0005590643742,8.680785454e-06,7.370091172e-05,1.217926098e-06,0.0007583722209,3.582284231e-05,9.913027686e-05,4.511277258e-07,8.718993066e-05,5.384406735e-07,0.0004631415441,-1.76303491e-06,0.2108210245
1095.0,9.103752858e-05,1.406048074e-06,0.0005579708384,8.647533092e-06,7.371815922e-05,1.21769582e-06,0.0007611400997,3.563562828e-05,0.0001013417632,4.6481991e-07,8.915049517e-05,5.544997555e-07,0.0004607182565,-1.640855987e-06,0.2108193836
1096.0,9.128138902e-05,1.415106316e-06,0.0005565503609,8.609107585e-06,7.370853951e-05,1.217126893e-06,0.0007629187884,3.539916248e-05,0.0001035072825,4.782649333e-07,9.108283322e-05,5.706935153e-07,0.0004576552635,-1.614942493e-06,0.2108177687
1097.0,9.143235353e-05,1.423612372e-06,0.0005548500987,8.56560983e-06,7.36601524e-05,1.216057496e-06,0.0007629971307,3.509657863e-05,0.0001056257418,4.914027492e-07,9.299213252e-05,5.871540961e-07,0.0004537377474,-1.807366243e-06,0.2108159613
1098.0,9.154680089e-05,1.431448909e-06,0.0005528339701,8.518163049e-06,7.357268068e-05,1.21437819e-06,0.0007644961653,3.480438615e-05,0.0001076916776,5.042353783e-07,9.489228828e-05,6.026307086e-07,0.0004499568595,-1.641872058e-06,0.2108143194
1099.0,9.163857762e-05,1.438555226e-06,0.0005506039279,8.46760948e-06,7.346327307e-05,1.21204856e-06,0.0007627848557,3.439513106e-05,0.0001097097744,5.168011307e-07,9.674453819e-05,6.182440466e-07,0.0004446569537,-1.952295271e-06,0.2108123671
1100.0,9.161519326e-05,1.44490315e-06,0.0005478899342,8.413086094e-06,7.329163675e-05,1.208924844e-06,0.0007612107476,3.396938618e-05,0.0001116754575,5.290576913e-07,9.855273883e-05,6.33519844e-07,0.0004391486357,-2.128910937e-06,0.2108102382
1101.0,9.157731786e-05,1.450475938e-06,0.0005448653058,8.355184415e-06,7.30701006e-05,1.20508765e-06,0.0007578777039,3.347541842e-05,0.0001135851752,5.409924122e-07,0.0001003210203,6.48423599e-07,0.0004327568803,-2.406760989e-06,0.2108078315
1102.0,9.143745281e-05,1.455250623e-06,0.0005416095919,8.293103011e-06,7.280857925e-05,1.200535029e-06,0.0007542148803,3.292480998e-05,0.0001154333565,5.525440572e-07,0.0001020430576,6.629284523e-07,0.0004256325573,-2.435203058e-06,0.2108053963
1103.0,9.125641841e-05,1.459073117e-06,0.0005381057595,8.228521593e-06,7.251616444e-05,1.195294212e-06,0.000751445111,3.236557952e-05,0.0001172179175,5.637247929e-07,0.0001037181036,6.770081181e-07,0.000418399324,-2.398683003e-06,0.2108029976
1104.0,9.101713283e-05,1.462054358e-06,0.0005342974972,8.161538877e-06,7.219201245e-05,1.189547798e-06,0.0007447943136,3.169526713e-05,0.0001189409063,5.744826255e-07,0.0001053395518,6.907957595e-07,0.0004097262733,-2.688895541e-06,0.2108003087
1105.0,9.067086285e-05,1.463982501e-06,0.0005300778576,8.090299995e-06,7.182836528e-05,1.183335617e-06,0.0007404842974,3.102894223e-05,0.0001206070777,5.848299599e-07,0.0001069024364,7.042387549e-07,0.0004011089956,-2.756652712e-06,0.210797552
1106.0,9.033013205e-05,1.465013448e-06,0.0005256250289,8.014351943e-06,7.143929787e-05,1.176876541e-06,0.0007327391896,3.031785914e-05,0.0001222041373,5.947619754e-07,0.0001084188724,7.172635714e-07,0.0003919124027,-2.860221512e-06,0.2107946918
1107.0,8.989889502e-05,1.464965584e-06,0.0005207680577,7.934161878e-06,7.102394814e-05,1.170259559e-06,0.00072542882,2.955640459e-05,0.0001237291497,6.042408531e-07,0.0001098957857,7.298638168e-07,0.0003820645065,-3.039781151e-06,0.210791652
1108.0,8.947890192e-05,1.463695462e-06,0.0005156514758,7.851545237e-06,7.060258528e-05,1.163560261e-06,0.0007199539344,2.881636662e-05,0.0001251990583,6.132800208e-07,0.0001113021386,7.41936371e-07,0.0003724945725,-2.837238594e-06,0.2107888148
1109.0,8.90320054e-05,1.461222921e-06,0.0005102537459,7.766978605e-06,7.017127954e-05,1.156909635e-06,0.0007103374855,2.800282349e-05,0.0001266151004,6.218701796e-07,0.000112643624,7.535775708e-07,0.0003619721243,-2.965456193e-06,0.2107858493
1110.0,8.850623665e-05,1.457371372e-06,0.0005044632455,7.679384453e-06,6.972063662e-05,1.150380104e-06,0.0007025368536,2.719743595e-05,0.0001279510251,6.300303716e-07,0.0001139269229,7.646567336e-07,0.0003515589575,-2.884022513e-06,0.2107829653
1111.0,8.799426825e-05,1.452158463e-06,0.000498532152,7.588972878e-06,6.927053433e-05,1.144113554e-06,0.0006924370456,2.637476758e-05,0.0001291971393,6.376361164e-07,0.0001151409304,7.752283676e-07,0.0003409204508,-3.034075933e-06,0.2107799312
1112.0,8.740200657e-05,1.445595584e-06,0.000492390983,7.496828531e-06,6.880259764e-05,1.138333794e-06,0.0006821848523,2.555095713e-05,0.0001303584761,6.447651443e-07,0.0001162832296,7.852964818e-07,0.0003302668477,-3.117208065e-06,0.210776814
1113.0,8.679941979e-05,1.437781251e-06,0.0004860418378,7.403348655e-06,6.83328529e-05,1.132753541e-06,0.00067233789,2.478643564e-05,0.0001314399465,6.513979342e-07,0.0001173508532,7.948231583e-07,0.0003203817567,-3.059578047e-06,0.2107737544
1114.0,8.616174064e-05,1.428725981e-06,0.000479731352,7.310369956e-06,6.787834234e-05,1.12729655e-06,0.0006604347714,2.402822622e-05,0.0001324376344,6.574495486e-07,0.0001183426711,8.039049402e-07,0.0003105749432,-3.177118438e-06,0.2107705773
1115.0,8.543651401e-05,1.418270866e-06,0.0004733372503,7.217496343e-06,6.741713263e-05,1.121953341e-06,0.0006486572555,2.342177443e-05,0.0001333668277,6.629467242e-07,0.0001192663549,8.12364453e-07,0.0003027329924,-2.008475443e-06,0.2107685689
1116.0,8.471588034e-05,1.406519276e-06,0.0004669401162,7.125897714e-06,6.696724389e-05,1.116553551e-06,0.0006356080882,2.283520613e-05,0.0001342092765,6.678731443e-07,0.0001201184616,8.202551329e-07,0.000295146717,-1.314962015e-06,0.2107672539
1117.0,8.39269737e-05,1.393667327e-06,0.0004605612104,7.036246302e-06,6.652422755e-05,1.110957993e-06,0.0006231593955,2.231090388e-05,0.0001349695091,6.722391596e-07,0.0001209089357,8.274848373e-07,0.0002883645485,-5.583024509e-07,0.2107666956
1118.0,8.312031805e-05,1.379659635e-06,0.0004542644463,6.949140986e-06,6.608344679e-05,1.105083269e-06,0.0006114613895,2.189776684e-05,0.0001356542642,6.760096696e-07,0.0001216332673,8.341235853e-07,0.0002830211787,6.811195685e-07,0.2107673767
1119.0,8.228553194e-05,1.364529573e-06,0.0004481588793,6.865539772e-06,6.565050321e-05,1.098861759e-06,0.0005974124507,2.14922076e-05,0.0001362545257,6.791336908e-07,0.0001222883663,8.401350833e-07,0.0002777733668,7.742861322e-07,0.210768151
1120.0,8.135370755e-05,1.34827783e-06,0.0004421697624,6.785585511e-06,6.520858649e-05,1.092229982e-06,0.0005850303488,2.115754312e-05,0.0001367180885,6.815481845e-07,0.0001228692058,8.454899925e-07,0.0002734447968,1.295517201e-06,0.2107694465
1121.0,8.042967498e-05,1.331257484e-06,0.0004364256286,6.709376522e-06,6.476229196e-05,1.085160005e-06,0.0005713982494,2.086244665e-05,0.000137163064,6.834703508e-07,0.000123377833,8.501278926e-07,0.0002696266152,1.60715777e-06,0.2107710537
1122.0,7.94240083e-05,1.313321387e-06,0.000430999317,6.638925015e-06,6.429886429e-05,1.077563535e-06,0.000558629564,2.058200269e-05,0.0001374847342,6.847578821e-07,0.0001238048174,8.540659896e-07,0.0002659984954,1.6647506e-06,0.2107727184
1123.0,7.842916407e-05,1.294692531e-06,0.000426031553,6.574607385e-06,6.383364089e-05,1.069542551e-06,0.0005492561911,2.03530723e-05,0.0001377087886,6.854421574e-07,0.0001241526697,8.573001099e-07,0.0002630375879,1.798012232e-06,0.2107745164
1124.0,7.744670271e-05,1.275503262e-06,0.0004216111577,6.517445444e-06,6.336985445e-05,1.061134751e-06,0.0005366361581,2.012267074e-05,0.0001378318218,6.854449527e-07,0.0001244322635,8.598395162e-07,0.0002600556631,1.556526448e-06,0.210776073
1125.0,7.641444195e-05,1.255863724e-06,0.0004175310455,6.466973847e-06,6.287590711e-05,1.052157195e-06,0.0005269311918,1.992679509e-05,0.0001378601107,6.848036332e-07,0.00012463455,8.616344545e-07,0.0002575231251,1.318391145e-06,0.2107773914
1126.0,7.543409757e-05,1.235775079e-06,0.0004140705709,6.423141482e-06,6.237856682e-05,1.042677573e-06,0.0005170296863,1.975444085e-05,0.0001377896571,6.834362965e-07,0.0001247501874,8.627227429e-07,0.0002552939072,9.95583134e-07,0.2107783869
1127.0,7.439167167e-05,1.215126423e-06,0.0004110159505,6.383355455e-06,6.185899396e-05,1.032771164e-06,0.0005082914619,1.960063321e-05,0.0001376362291,6.816424413e-07,0.0001247940883,8.630487574e-07,0.0002533047082,1.344026106e-06,0.210779731
1128.0,7.333163023e-05,1.19385516e-06,0.0004083554853,6.34794915e-06,6.133318549e-05,1.02249949e-06,0.0005030672659,1.955679339e-05,0.000137340625,6.789947204e-07,0.0001247536747,8.626494682e-07,0.0002527381045,1.404144914e-06,0.2107811351
1129.0,7.229772783e-05,1.172271409e-06,0.0004060839899,6.316824237e-06,6.081660581e-05,1.011925894e-06,0.0004955713516,1.953648629e-05,0.0001369533336,6.757514295e-07,0.0001246270628,8.61492155e-07,0.0002524734986,1.29184454e-06,0.2107824269
1130.0,7.122566568e-05,1.150399721e-06,0.0004040753349,6.290667887e-06,6.027279602e-05,1.000944404e-06,0.0004911577527,1.960133911e-05,0.0001364594157,6.7187728e-07,0.0001244101185,8.59600296e-07,0.0002533124196,1.324518141e-06,0.2107837515
1131.0,7.021591394e-05,1.128640951e-06,0.0004023553778,6.267667352e-06,5.97160332e-05,9.896742896e-07,0.0004855107512,1.963459401e-05,0.0001358650658,6.674326686e-07,0.0001241123078,8.56971989e-07,0.0002537424689,3.271024906e-07,0.2107840786
1132.0,6.918147334e-05,1.106898037e-06,0.0004008948938,6.24935748e-06,5.915319703e-05,9.782684302e-07,0.0004832213313,1.970860083e-05,0.000135163564,6.623425053e-07,0.0001237190315,8.536692062e-07,0.0002546987494,-3.725833608e-07,0.210783706
1133.0,6.819038481e-05,1.085164785e-06,0.0003997341184,6.234299647e-06,5.85969931e-05,9.666748741e-07,0.0004823036294,1.986464412e-05,0.0001343678233,6.566284002e-07,0.0001232289052,8.49664802e-07,0.000256717347,-4.494441513e-07,0.2107832565
1134.0,6.721564393e-05,1.063559489e-06,0.0003988332755,6.221732842e-06,5.804917989e-05,9.550973103e-07,0.0004799758712,1.99777564e-05,0.000133458639,6.503213649e-07,0.0001226620232,8.448859234e-07,0.0002581795831,-9.044152818e-07,0.2107823521
1135.0,6.621826885e-05,1.042309393e-06,0.0003981340225,6.211321472e-06,5.749420068e-05,9.433675742e-07,0.0004806441331,2.014358452e-05,0.0001324420247,6.435184078e-07,0.0001220132464,8.393451459e-07,0.0002603257863,-1.155908271e-06,0.2107811962
1136.0,6.528654176e-05,1.021317265e-06,0.0003975871952,6.204250528e-06,5.694603338e-05,9.314975293e-07,0.0004794648522,2.031854136e-05,0.0001313472395,6.362723225e-07,0.0001212824368,8.330921629e-07,0.0002625894901,-1.406607444e-06,0.2107797896
1137.0,6.434206695e-05,1.00067875e-06,0.0003971222041,6.199973513e-06,5.638124687e-05,9.197303062e-07,0.00048002487,2.051678659e-05,0.000130153095,6.28498118e-07,0.0001204719787,8.261043646e-07,0.0002651544488,-1.431221991e-06,0.2107783584
1138.0,6.344990832e-05,9.80531254e-07,0.0003968184833,6.198369287e-06,5.583092683e-05,9.083919993e-07,0.000482829028,2.072090701e-05,0.000128860091,6.201856334e-07,0.0001195810386,8.184394246e-07,0.0002677973349,-1.317025872e-06,0.2107770414
1139.0,6.259830631e-05,9.610893239e-07,0.0003967063425,6.200822003e-06,5.529553307e-05,8.971650707e-07,0.000483217127,2.08950668e-05,0.0001274824204,6.113724308e-07,0.0001186149,8.101153266e-07,0.0002700505853,-1.245060738e-06,0.2107757963
1140.0,6.172945752e-05,9.42394797e-07,0.0003966259037,6.207564054e-06,5.47395959e-05,8.859695242e-07,0.0004855387965,2.108703252e-05,0.0001260052432,6.021310157e-07,0.0001175627858,8.011751065e-07,0.0002725372451,-8.816789246e-07,0.2107749146
1141.0,6.09643973e-05,9.245926958e-07,0.0003966661943,6.21814168e-06,5.418443321e-05,8.749326817e-07,0.0004877781924,2.12789988e-05,0.0001244486587,5.924731871e-07,0.0001164354183,7.915846397e-07,0.0002750229261,-4.644475494e-07,0.2107744502
1142.0,6.019677732e-05,9.075888514e-07,0.0003968254715,6.231700565e-06,5.363393843e-05,8.643354088e-07,0.0004895462117,2.148400016e-05,0.0001228044072,5.824263049e-07,0.0001152322341,7.815012006e-07,0.0002776774535,-6.350797798e-08,0.2107743867
1143.0,5.948958741e-05,8.915819994e-07,0.0003971547319,6.249710401e-06,5.309608414e-05,8.540945227e-07,0.000493533819,2.171180506e-05,0.0001210780872,5.719155885e-07,0.00011395547,7.708776539e-07,0.0002806285918,7.405284195e-07,0.2107751272
1144.0,5.885969027e-05,8.765205942e-07,0.0003977356772,6.27255207e-06,5.259150345e-05,8.442005114e-07,0.0004955185365,2.192717925e-05,0.0001192670706,5.61053826e-07,0.0001126003932,7.598225992e-07,0.0002834157778,1.199217229e-06,0.2107763264
1145.0,5.823813197e-05,8.625457839e-07,0.0003984129932,6.300130595e-06,5.207911364e-05,8.345973206e-07,0.0004986886985,2.216616595e-05,0.0001173964891,5.497764692e-07,0.0001111797824,7.48176312e-07,0.00028651097,1.790132642e-06,0.2107781165
1146.0,5.771137824e-05,8.499435218e-07,0.0003993075033,6.333485853e-06,5.157960528e-05,8.256519806e-07,0.0005010772157,2.241715265e-05,0.0001154507078,5.381771566e-07,0.0001096766089,7.360670584e-07,0.0002897600872,2.289093843e-06,0.2107804056
1147.0,5.721414689e-05,8.386111049e-07,0.0004005236339,6.373843913e-06,5.111018781e-05,8.173060012e-07,0.0005039453694,2.267067939e-05,0.0001134385673,5.261911079e-07,0.0001080983842,7.234325166e-07,0.0002930415128,2.545146629e-06,0.2107829508
1148.0,5.680055244e-05,8.286750624e-07,0.0004020513631,6.422282572e-06,5.067970035e-05,8.096978303e-07,0.0005082255791,2.296215987e-05,0.0001113600527,5.139330095e-07,0.0001064568193,7.106261812e-07,0.000296815046,2.923452257e-06,0.2107858742
1149.0,5.64617904e-05,8.20302037e-07,0.0004038830194,6.478081353e-06,5.028690244e-05,8.030895571e-07,0.0005093503649,2.323910104e-05,0.0001092231345,5.013750828e-07,0.0001047770197,6.966116045e-07,0.0003003983915,2.90582827e-06,0.2107887801
1150.0,5.615288604e-05,8.137744266e-07,0.0004060728438,6.54003595e-06,4.991812157e-05,7.972663337e-07,0.0005135125606,2.354502299e-05,0.0001070322625,4.885685258e-07,0.0001030321597,6.824269656e-07,0.0003043591827,2.946112585e-06,0.2107917262
1151.0,5.599166063e-05,8.090925063e-07,0.0004087202956,6.605623667e-06,4.959673977e-05,7.923775691e-07,0.0005149401043,2.386200977e-05,0.0001047925937,4.755220336e-07,0.0001012234866,6.680145848e-07,0.0003084619622,2.796828307e-06,0.210794523
1152.0,5.588693529e-05,8.061137061e-07,0.0004116048729,6.670908532e-06,4.930107558e-05,7.885706676e-07,0.0005176262835,2.421884426e-05,0.0001024959109,4.622631111e-07,9.938019405e-05,6.527102553e-07,0.0003130797971,2.440180925e-06,0.2107969632
1153.0,5.592810347e-05,8.050346745e-07,0.0004147746817,6.736704521e-06,4.907738074e-05,7.859303863e-07,0.0005228280161,2.459941507e-05,0.0001001497255,4.487871759e-07,9.747724315e-05,6.372264973e-07,0.0003180058028,2.422118741e-06,0.2107993853
1154.0,5.607333964e-05,8.059555282e-07,0.0004182169678,6.80381163e-06,4.890436569e-05,7.844261468e-07,0.0005243541956,2.500548432e-05,9.776002892e-05,4.350890826e-07,9.548397669e-05,6.218397187e-07,0.0003232593228,1.966262553e-06,0.2108013516
1155.0,5.62684331e-05,8.087881433e-07,0.0004218426571,6.871392999e-06,4.877734673e-05,7.84148612e-07,0.0005286214601,2.54273649e-05,9.533137234e-05,4.211732693e-07,9.350367408e-05,6.053896004e-07,0.0003287207451,1.763238376e-06,0.2108031148
1156.0,5.662064972e-05,8.135657951e-07,0.0004256632685,6.940502522e-06,4.871173343e-05,7.849779088e-07,0.0005312791962,2.58311352e-05,9.286596191e-05,4.071562916e-07,9.146821276e-05,5.891144779e-07,0.0003339463571,1.531131122e-06,0.2108046459
1157.0,5.70218416e-05,8.200194316e-07,0.0004295233758,7.009535959e-06,4.870927295e-05,7.87396534e-07,0.0005347478168,2.625564711e-05,9.038755142e-05,3.929396174e-07,8.941764336e-05,5.722024497e-07,0.000339439867,1.258686978e-06,0.2108059046
1158.0,5.753406497e-05,8.282055776e-07,0.0004334839095,7.078322961e-06,4.877073068e-05,7.912895492e-07,0.0005395846355,2.666161585e-05,8.79032587e-05,3.787646409e-07,8.733888644e-05,5.55465329e-07,0.0003446960161,1.456647772e-06,0.2108073613
1159.0,5.815547433e-05,8.376127601e-07,0.0004376043003,7.145767941e-06,4.892234791e-05,7.966026339e-07,0.0005427056842,2.708553001e-05,8.543321048e-05,3.645900916e-07,8.524273585e-05,5.384190356e-07,0.0003501803014,1.384848571e-06,0.2108087461
1160.0,5.881828233e-05,8.479894574e-07,0.0004416289656,7.210284296e-06,4.914111123e-05,8.03382232e-07,0.0005467665822,9.917705878e-06,8.285984344e-05,3.498962543e-07,8.30590342e-05,5.206824147e-07,0.0001282254846,2.196155136e-06,0.2108109423
1161.0,6.026281431e-05,8.681559917e-07,0.0004519439806,7.389562519e-06,4.925748139e-05,8.060350649e-07,0.0005477810987,2.676265063e-05,8.047615275e-05,3.364921188e-07,8.103119695e-05,5.044570001e-07,0.0003460181902,1.813850384e-06,0.2108127561
1162.0,6.068103947e-05,8.754190639e-07,0.0004531557597,7.403015301e-06,4.972436552e-05,8.183656065e-07,0.0005533461373,2.736726392e-05,7.805395503e-05,3.228481241e-07,7.893015147e-05,4.876128178e-07,0.0003538391786,1.898829884e-06,0.210814655
1163.0,6.131529761e-05,8.854033504e-07,0.0004547606243,7.42286541e-06,5.032677581e-05,8.322332125e-07,0.0005597492324,1.002153525e-05,7.559327804e-05,3.091069384e-07,7.681207823e-05,4.702353698e-07,0.0001295734819,2.793346723e-06,0.2108174483
1164.0,6.268389687e-05,9.051055776e-07,0.0004624628258,7.556433017e-06,5.079841248e-05,8.408194251e-07,0.000561259111,2.767721955e-05,7.335810828e-05,2.967501572e-07,7.489125064e-05,4.544233652e-07,0.0003578553857,2.468947038e-06,0.2108199173
1165.0,6.311073943e-05,9.13031608e-07,0.0004626639007,7.551197933e-06,5.156107178e-05,8.570913836e-07,0.0005686509936,1.014672082e-05,7.110440029e-05,2.840662392e-07,7.288773601e-05,4.375475526e-07,0.0001311951161,2.39320762e-06,0.2108223105
1166.0,6.442441804e-05,9.322256583e-07,0.0004695118799,7.66317923e-06,5.219097097e-05,8.68200377e-07,0.0005719392887,2.836435987e-05,6.913899719e-05,2.732105325e-07,7.105610175e-05,4.223343466e-07,0.0003667495412,6.806895932e-07,0.2108229911
1167.0,6.490115866e-05,9.406184364e-07,0.0004693488421,7.646039817e-06,5.307173922e-05,8.865208634e-07,0.0005791317085,1.034801127e-05,6.724801343e-05,2.62556942e-07,6.921109616e-05,4.062731262e-07,0.0001338001447,2.414761534e-06,0.2108254059
1168.0,6.619909097e-05,9.603087778e-07,0.0004757667263,7.750541337e-06,5.378389704e-05,8.992097501e-07,0.0005854106837,2.907342158e-05,6.564654431e-05,2.53413882e-07,6.757468766e-05,3.924418305e-07,0.0003759245104,1.657527677e-06,0.2108270634
1169.0,6.674356449e-05,9.696542793e-07,0.0004754931589,7.730603083e-06,5.47673646e-05,9.188640741e-07,0.0005914743515,1.057254759e-05,6.409130817e-05,2.444114214e-07,6.592397083e-05,3.785012972e-07,0.0001367051671,2.066815389e-06,0.2108291303
1170.0,6.799491621e-05,9.895220402e-07,0.0004818837015,7.837608101e-06,5.552725786e-05,9.318490675e-07,0.000595733345,1.040715583e-05,6.279532987e-05,2.374466694e-07,6.44940494e-05,3.659787418e-07,0.0001345684003,1.929328972e-06,0.2108310596
1171.0,6.909181275e-05,1.006453488e-06,0.0004869790867,7.92146952e-06,5.634838263e-05,9.453838135e-07,0.0005994998658,2.952660283e-05,6.180202905e-05,2.318981775e-07,6.328288929e-05,3.551274315e-07,0.0003817922576,1.14892003e-06,0.2108322085
1172.0,6.952963517e-05,1.015056463e-06,0.0004861826077,7.891448108e-06,5.743156849e-05,9.651277977e-07,0.0006070664288,1.064855992e-05,6.090677648e-05,2.267932295e-07,6.208689547e-05,3.439668276e-07,0.0001376916244,1.677213375e-06,0.2108338857
1173.0,7.070467431e-05,1.033823988e-06,0.0004919262018,7.984795386e-06,5.825538279e-05,9.778165417e-07,0.0006125034039,3.042585484e-05,6.026313543e-05,2.236398572e-07,6.113615938e-05,3.354169241e-07,0.0003934275794,1.219355638e-06,0.2108351051
1174.0,7.121097054e-05,1.04332569e-06,0.0004915171095,7.957200049e-06,5.929519387e-05,9.959121036e-07,0.0006191979223,1.08562711e-05,5.965995356e-05,2.207036273e-07,6.025240573e-05,3.269205102e-07,0.0001403796658,1.805668746e-06,0.2108369107
1175.0,7.240500043e-05,1.062718117e-06,0.0004975205114,8.05520803e-06,6.00357744e-05,1.006278236e-06,0.0006233568045,3.109552146e-05,5.938681718e-05,2.200295781e-07,5.964586092e-05,3.213406409e-07,0.0004020933618,1.29478461e-06,0.2108382055
1176.0,7.294614657e-05,1.072759284e-06,0.0004971439808,8.028787248e-06,6.098408251e-05,1.022367537e-06,0.0006295207817,1.094050747e-05,5.921635805e-05,2.198186661e-07,5.908507575e-05,3.158600075e-07,0.0001414719694,1.986250158e-06,0.2108401918
1177.0,7.412842976e-05,1.091895419e-06,0.0005031775637,8.128322729e-06,6.163505563e-05,1.030630759e-06,0.0006331996097,3.14786313e-05,5.939922966e-05,2.221784402e-07,5.882591527e-05,3.132482855e-07,0.0004070538661,1.433762635e-06,0.2108416255
1178.0,7.464884479e-05,1.101849396e-06,0.0005028337963,8.099040956e-06,6.251094904e-05,1.045000093e-06,0.0006415877168,1.094605522e-05,5.970434284e-05,2.256447054e-07,5.858794711e-05,3.110642217e-07,0.0001415463892,2.16693705e-06,0.2108437925
1179.0,7.580703039e-05,1.120286014e-06,0.0005087328125,8.19132659e-06,6.309757323e-05,1.051794004e-06,0.0006435833644,3.175057882e-05,6.037068803e-05,2.32608914e-07,5.866764108e-05,3.118839239e-07,0.0004105756084,1.778888831e-06,0.2108455714
1180.0,7.627135215e-05,1.12995859e-06,0.0005081807313,8.154259235e-06,6.388952412e-05,1.064904941e-06,0.0006522232997,3.255666073e-05,6.132199631e-05,2.408959519e-07,5.888812919e-05,3.14100208e-07,0.0004210019914,1.86574428e-06,0.2108474371
1181.0,7.691664888e-05,1.141758825e-06,0.0005085240456,8.136703572e-06,6.460573373e-05,1.07668116e-06,0.0006572698836,1.117668727e-05,6.250800744e-05,2.498242714e-07,5.919707371e-05,3.191007906e-07,0.0001445298264,2.241777964e-06,0.2108496789
1182.0,7.803535588e-05,1.159986458e-06,0.0005145567225,8.237215449e-06,6.497434602e-05,1.079756989e-06,0.0006584124731,3.23875235e-05,6.423386791e-05,2.608658851e-07,5.995643045e-05,3.276298021e-07,0.000418813405,1.802638893e-06,0.2108514815
1183.0,7.853069557e-05,1.16981214e-06,0.0005140975624,8.204329918e-06,6.560396664e-05,1.089869034e-06,0.0006657576151,3.293491615e-05,6.619071278e-05,2.719445716e-07,6.092886316e-05,3.369792378e-07,0.0004258912446,1.968349122e-06,0.2108534499
1184.0,7.913346276e-05,1.181282701e-06,0.0005143974649,8.187767518e-06,6.618910008e-05,1.098978866e-06,0.0006704083502,3.345127019e-05,6.818311324e-05,2.835266597e-07,6.212045665e-05,3.475525317e-07,0.0004325635853,1.718531801e-06,0.2108551684
1185.0,7.970943106e-05,1.193137341e-06,0.0005150017718,8.180371518e-06,6.666128933e-05,1.1062099e-06,0.0006755881056,1.12613548e-05,7.011992812e-05,2.947415413e-07,6.340929888e-05,3.584151658e-07,0.0001456221273,1.954439722e-06,0.2108571228
1186.0,8.07820497e-05,1.209970564e-06,0.0005211811126,8.285758761e-06,6.682523183e-05,1.1049679e-06,0.0006749925522,3.266578008e-05,7.237908744e-05,3.077084568e-07,6.505536568e-05,3.717606708e-07,0.0004224021826,7.397153072e-08,0.2108571968
1187.0,8.120304935e-05,1.219464218e-06,0.0005206046668,8.249236935e-06,6.726226815e-05,1.11166384e-06,0.0006794474732,3.296084584e-05,7.466620366e-05,3.200887804e-07,6.671599335e-05,3.848853752e-07,0.0004262127519,8.317315591e-07,0.2108580285
1188.0,8.165671942e-05,1.22991652e-06,0.0005204055861,8.221587071e-06,6.765277144e-05,1.117870287e-06,0.0006860302317,3.335936938e-05,7.695378483e-05,3.325053451e-07,6.844875997e-05,3.984102786e-07,0.0004313645527,7.708659541e-07,0.2108587994
1189.0,8.214492289e-05,1.240736441e-06,0.0005203924692,8.197399811e-06,6.797670649e-05,1.122789918e-06,0.0006899387915,3.366506888e-05,7.926466889e-05,3.449372891e-07,7.021602033e-05,4.122066699e-07,0.0004353110656,3.793104585e-07,0.2108591787
1190.0,8.258078445e-05,1.251594996e-06,0.000520424698,8.17652857e-06,6.823229931e-05,1.126303361e-06,0.0006945331118,3.382442656e-05,8.154411108e-05,3.573270913e-07,7.202412663e-05,4.262207192e-07,0.0004373701159,2.781686999e-07,0.2108594569
1191.0,8.304063136e-05,1.262329029e-06,0.0005205462051,8.158716495e-06,6.84246748e-05,1.128566463e-06,0.0006974380295,3.386180956e-05,8.377786877e-05,3.696276761e-07,7.383772135e-05,4.406851922e-07,0.0004378499205,2.3986189e-07,0.2108596968
1192.0,8.342900723e-05,1.272783341e-06,0.0005206768678,8.142251685e-06,6.856197845e-05,1.129734915e-06,0.0007006153145,3.38323624e-05,8.598038728e-05,3.81803733e-07,7.568570441e-05,4.549667033e-07,0.0004374646117,-1.751431914e-07,0.2108595216
1193.0,8.38057004e-05,1.282878629e-06,0.0005207279498,8.12518835e-06,6.865537225e-05,1.130115681e-06,0.0007049047887,3.370383053e-05,8.815645255e-05,3.938456482e-07,7.75578754e-05,4.691624693e-07,0.0004357996273,8.820412263e-08,0.2108596098
1194.0,8.414736962e-05,1.292514165e-06,0.0005205930449,8.105624311e-06,6.870873657e-05,1.129898373e-06,0.0007058692553,3.355571006e-05,9.029803751e-05,4.059265195e-07,7.941239207e-05,4.837247204e-07,0.000433876793,-2.563241507e-08,0.2108595842
1195.0,8.439585898e-05,1.301508199e-06,0.0005201638399,8.081289618e-06,6.871084995e-05,1.129224332e-06,0.0007096262453,3.338010697e-05,9.239642572e-05,4.177604735e-07,8.126488595e-05,4.978527977e-07,0.000431603099,1.114866675e-07,0.2108596957
1196.0,8.465166157e-05,1.309917504e-06,0.0005194848428,8.05088891e-06,6.868852676e-05,1.12830358e-06,0.0007099954387,3.326100733e-05,9.444566987e-05,4.295045233e-07,8.307277199e-05,5.124221478e-07,0.0004300583815,-1.110733099e-06,0.2108585849
1197.0,8.480724862e-05,1.317608777e-06,0.0005183607398,8.01479269e-06,6.863844069e-05,1.127127501e-06,0.0007108529956,3.309707007e-05,9.644656051e-05,4.410102784e-07,8.487981197e-05,5.264386057e-07,0.0004279333727,-1.825881614e-06,0.2108567591
1198.0,8.497095239e-05,1.324734775e-06,0.0005169851823,7.974860064e-06,6.857283672e-05,1.125724363e-06,0.0007130935384,3.289016673e-05,9.840311406e-05,4.523377672e-07,8.665250207e-05,5.408154684e-07,0.0004252546321,-2.252838222e-06,0.2108545062
1199.0,8.51070328e-05,1.331311131e-06,0.0005153069918,7.930003655e-06,6.848070286e-05,1.123993863e-06,0.0007114559054,3.267930483e-05,0.0001003156464,4.634630833e-07,8.841804832e-05,5.544751805e-07,0.000422521243,-3.228476505e-06,0.2108512777
1200.0,8.513511114e-05,1.337121457e-06,0.0005131352831,7.88027902e-06,6.834396491e-05,1.121826223e-06,0.0007119073731,3.241050124e-05,0.0001021881134,4.743329378e-07,9.014184193e-05,5.682480695e-07,0.0004190428773,-4.030300626e-06,0.2108472474
1201.0,8.516810592e-05,1.342213206e-06,0.0005106298087,7.826131617e-06,6.818770599e-05,1.119278829e-06,0.0007101175793,3.208782873e-05,0.0001040198976,4.849059852e-07,9.181529893e-05,5.821019209e-07,0.000414865506,-4.907079673e-06,0.2108423404
1202.0,8.509768231e-05,1.346498395e-06,0.0005077742735,7.768209574e-06,6.799271845e-05,1.11620853e-06,0.0007082378391,3.172549991e-05,0.0001057966062,4.952141394e-07,9.347487042e-05,5.950045247e-07,0.0004101744499,-5.818912088e-06,0.2108365214
1203.0,8.49813572e-05,1.349861894e-06,0.0005047091762,7.706529342e-06,6.77646637e-05,1.112540579e-06,0.0007067741674,3.121311881e-05,0.0001075265243,5.052612897e-07,9.507682852e-05,6.079920277e-07,0.0004035468414,-4.855712964e-06,0.2108316657
1204.0,8.480210254e-05,1.352509694e-06,0.0005014288585,7.64155148e-06,6.751224357e-05,1.108436152e-06,0.0007028084439,3.070064554e-05,0.0001091994004,5.149524043e-07,9.663447316e-05,6.20708919e-07,0.0003969138024,-4.888105127e-06,0.2108267776
1205.0,8.452873143e-05,1.354271765e-06,0.0004977412279,7.574571353e-06,6.721538698e-05,1.103735179e-06,0.0006986224463,3.009999849e-05,0.0001108038309,5.242961197e-07,9.814513637e-05,6.330921568e-07,0.0003891451447,-4.036075413e-06,0.2108227416
1206.0,8.428193098e-05,1.355527751e-06,0.0004937973767,7.504839373e-06,6.688690701e-05,1.098614528e-06,0.0006929673121,2.945280315e-05,0.0001123500126,5.333298177e-07,9.960504285e-05,6.451082116e-07,0.0003807731496,-3.191180834e-06,0.2108195504
1207.0,8.398798322e-05,1.356009178e-06,0.0004895958116,7.432177428e-06,6.653269751e-05,1.093099407e-06,0.0006873262447,2.875480496e-05,0.0001138290761,5.419894517e-07,0.0001010241079,6.566815917e-07,0.0003717432631,-2.184891094e-06,0.2108173655
1208.0,8.367387437e-05,1.355674491e-06,0.0004852379786,7.357109796e-06,6.615489262e-05,1.087274115e-06,0.0006821025923,2.798806663e-05,0.0001152407349,5.502914913e-07,0.000102400839,6.678634587e-07,0.0003618276426,-5.889919008e-07,0.2108167765
1209.0,8.333959005e-05,1.354349003e-06,0.0004806403147,7.279693941e-06,6.57655132e-05,1.081263296e-06,0.0006744000873,2.72221458e-05,0.0001166049159,5.582253475e-07,0.0001037079993,6.787466707e-07,0.0003519201798,6.897685384e-07,0.2108174663
1210.0,8.291886695e-05,1.351820265e-06,0.0004756918285,7.199619066e-06,6.534785811e-05,1.075265926e-06,0.000668159416,2.644659036e-05,0.0001179135673,5.657742654e-07,0.0001049616539,6.891788295e-07,0.0003418914893,1.790581394e-06,0.2108192568
1211.0,8.250030524e-05,1.348119995e-06,0.0004705241796,7.118068051e-06,6.492526591e-05,1.06937744e-06,0.0006596609413,2.56993132e-05,0.0001191474958,5.728856246e-07,0.000106156944,6.992207163e-07,0.0003322264815,2.270799931e-06,0.2108215276
1212.0,8.197153193e-05,1.343119725e-06,0.0004651203126,7.034808344e-06,6.448728648e-05,1.063727073e-06,0.0006507020055,2.495140098e-05,0.0001202982689,5.796038045e-07,0.0001072894837,7.088179812e-07,0.0003225540488,2.627791227e-06,0.2108241554
1213.0,8.143513856e-05,1.336981982e-06,0.0004595915415,6.950895665e-06,6.404380538e-05,1.058300533e-06,0.0006437891301,2.421615091e-05,0.0001213735865,5.859080007e-07,0.0001083549232,7.180121992e-07,0.0003130471019,2.76476439e-06,0.2108269202
1214.0,8.090760163e-05,1.329800542e-06,0.000453948334,6.866354893e-06,6.360554416e-05,1.053243374e-06,0.0006323999363,2.347745415e-05,0.0001223668458,5.918020866e-07,0.0001093482997,7.26795616e-07,0.0003034928247,2.356016446e-06,0.2108292762
1215.0,8.031331264e-05,1.321814088e-06,0.0004481049914,6.782407361e-06,6.314706086e-05,1.048323012e-06,0.00062287541,2.274131103e-05,0.0001232838865,5.972799318e-07,0.0001102806707,7.35143986e-07,0.0002939748397,1.988289189e-06,0.2108312645
1216.0,7.977026867e-05,1.312968153e-06,0.0004422177027,6.699221918e-06,6.270745141e-05,1.043484048e-06,0.0006115686738,2.202254695e-05,0.0001241460203,6.023437111e-07,0.0001111386807,7.430130935e-07,0.0002846796076,1.229992185e-06,0.2108324945
1217.0,7.913890517e-05,1.302960914e-06,0.0004363312253,6.617566362e-06,6.227234598e-05,1.038809338e-06,0.0005996036636,2.132451172e-05,0.000124923582,6.069373457e-07,0.0001119309075,7.504234288e-07,0.0002756521036,9.307622875e-07,0.2108334253
1218.0,7.844980227e-05,1.291701172e-06,0.0004304982728,6.538173049e-06,6.184772031e-05,1.034007199e-06,0.00058969609,2.074364694e-05,0.0001256268241,6.110648479e-07,0.000112664268,7.573313597e-07,0.0002681405847,3.731112641e-07,0.2108337984
1219.0,7.772057773e-05,1.279391987e-06,0.000424750659,6.461415344e-06,6.144169976e-05,1.0290526e-06,0.000576801854,2.021600568e-05,0.0001262448955,6.145923447e-07,0.0001133366428,7.636597881e-07,0.0002613146334,-4.676024543e-07,0.2108333308
1220.0,7.689117436e-05,1.26596639e-06,0.0004189943434,6.386948997e-06,6.102640654e-05,1.023760026e-06,0.0005659389556,1.980466669e-05,0.0001267854851,6.175340697e-07,0.0001139441096,7.694370892e-07,0.0002559946716,-9.306076177e-07,0.2108324002
1221.0,7.605366502e-05,1.25163786e-06,0.000413434511,6.317087465e-06,6.061563799e-05,1.01814129e-06,0.0005528865387,1.941828073e-05,0.0001272590733,6.201480759e-07,0.0001144883991,7.746776652e-07,0.0002509963483,-1.247576025e-06,0.2108311526
1222.0,7.514445757e-05,1.236482093e-06,0.0004080818148,6.251909043e-06,6.020283477e-05,1.012218558e-06,0.0005417145412,1.911099498e-05,0.0001276435998,6.222573908e-07,0.0001149575546,7.793660044e-07,0.0002470204728,-1.438681031e-06,0.2108297139
1223.0,7.424356228e-05,1.220658178e-06,0.0004029833091,6.191823601e-06,5.978874951e-05,1.005893469e-06,0.0005311767625,1.883655447e-05,0.0001279377546,6.239162405e-07,0.0001153541159,7.834521463e-07,0.0002434710693,-1.025109138e-06,0.2108286888
1224.0,7.334288915e-05,1.204422488e-06,0.0003983028337,6.137957671e-06,5.937101845e-05,9.991069666e-07,0.000519246917,1.860659337e-05,0.0001281372385,6.250374452e-07,0.0001156765614,7.869241765e-07,0.0002404947252,-7.436902474e-07,0.2108279451
1225.0,7.241866261e-05,1.187766315e-06,0.0003940101413,6.090307226e-06,5.89400213e-05,9.91883588e-07,0.0005103249244,1.843496076e-05,0.0001282416021,6.25712801e-07,0.0001159322093,7.898260065e-07,0.0002382748786,-1.050286937e-07,0.2108278401
1226.0,7.153435238e-05,1.170610013e-06,0.0003901389472,6.049442267e-06,5.850196185e-05,9.842263904e-07,0.0004994718313,1.828521319e-05,0.0001282641741,6.258322342e-07,0.0001161146081,7.921472367e-07,0.0002363376713,5.644511962e-07,0.2108284045
1227.0,7.058020898e-05,1.15292346e-06,0.000386744939,6.014510178e-06,5.803815639e-05,9.760603398e-07,0.000490653866,1.823426986e-05,0.0001281928342,6.254279228e-07,0.0001162208999,7.938902388e-07,0.0002356775011,7.069445417e-07,0.2108291115
1228.0,6.963226544e-05,1.134711227e-06,0.0003838140251,5.98461398e-06,5.757473723e-05,9.675636289e-07,0.0004841656394,1.823870889e-05,0.0001280599441,6.245429603e-07,0.0001162565172,7.95007016e-07,0.00023573452,1.255445286e-06,0.2108303669
1229.0,6.866322621e-05,1.116030391e-06,0.0003814187355,5.959210781e-06,5.711147185e-05,9.586472043e-07,0.0004760330972,1.827252291e-05,0.0001277872848,6.230161795e-07,0.000116217958,7.955039507e-07,0.0002361695314,1.482445981e-06,0.2108318494
1230.0,6.763485059e-05,1.096983877e-06,0.0003792437382,5.937324726e-06,5.662072467e-05,9.493484053e-07,0.0004702359586,1.835543374e-05,0.0001274318557,6.209693518e-07,0.0001161001424,7.954144377e-07,0.0002372420449,1.660733668e-06,0.2108335101
1231.0,6.666536744e-05,1.077837081e-06,0.0003773908531,5.918805468e-06,5.612683939e-05,9.397865119e-07,0.0004651203232,1.846485187e-05,0.000126979734,6.18446485e-07,0.0001159019386,7.947007441e-07,0.0002386560447,1.671179181e-06,0.2108351813
1232.0,6.568383949e-05,1.058580264e-06,0.0003758368708,5.904081302e-06,5.561610855e-05,9.299817466e-07,0.0004603689252,1.855918882e-05,0.0001264383135,6.15412801e-07,0.0001156262366,7.933786933e-07,0.000239875347,2.350975502e-06,0.2108375322
1233.0,6.472695634e-05,1.039300866e-06,0.0003745214002,5.893276245e-06,5.510364824e-05,9.199111554e-07,0.0004588702445,1.873223389e-05,0.0001257971066,6.118405176e-07,0.0001152668409,7.913884978e-07,0.0002421135862,2.560360914e-06,0.2108400926
1234.0,6.381750272e-05,1.020021142e-06,0.0003735652839,5.885360939e-06,5.460682774e-05,9.098157875e-07,0.0004559765784,1.885979915e-05,0.0001250710806,6.077186574e-07,0.0001148230815,7.887907561e-07,0.0002437616109,2.38939048e-06,0.210842482
1235.0,6.286195434e-05,1.000763366e-06,0.000372793389,5.87923632e-06,5.40993252e-05,8.995233645e-07,0.0004549531695,1.904375459e-05,0.0001242495526,6.031318867e-07,0.0001142945615,7.855240244e-07,0.0002461414786,2.230550951e-06,0.2108447126
1236.0,6.195781672e-05,9.815958068e-07,0.0003722261597,5.876443502e-06,5.359145616e-05,8.892210278e-07,0.0004535801225,1.920647267e-05,0.0001233176571,5.981291361e-07,0.0001136939408,7.816057059e-07,0.0002482461531,2.130495107e-06,0.210846843
1237.0,6.105013496e-05,9.627534487e-07,0.0003718294972,5.875787041e-06,5.309316454e-05,8.789385557e-07,0.0004536058136,1.936659309e-05,0.0001223054902,5.927233391e-07,0.0001130226796,7.770196887e-07,0.0002503173969,1.88348084e-06,0.2108487265
1238.0,6.019822976e-05,9.443157301e-07,0.000371602739,5.876896691e-06,5.260035956e-05,8.686978042e-07,0.0004555167641,1.957487786e-05,0.0001212103491,5.867979085e-07,0.000112275994,7.718562011e-07,0.0002530129138,2.076601721e-06,0.2108508031
1239.0,5.937282149e-05,9.263823539e-07,0.0003714932085,5.881120771e-06,5.211501216e-05,8.584682771e-07,0.0004546634489,1.97216808e-05,0.0001200277387,5.80452591e-07,0.0001114597429,7.660437366e-07,0.0002549119498,1.93503087e-06,0.2108527382
1240.0,5.852900361e-05,9.088957388e-07,0.0003714343599,5.88748194e-06,5.162366018e-05,8.483359243e-07,0.0004576192638,1.991514353e-05,0.0001187585041,5.736190895e-07,0.0001105673417,7.596265895e-07,0.0002574167354,2.012121076e-06,0.2108547503
1241.0,5.777321828e-05,8.922291239e-07,0.0003715276286,5.897908499e-06,5.113468056e-05,8.383708616e-07,0.0004580165165,2.011703485e-05,0.0001174081388,5.663174733e-07,0.000109605202,7.525867753e-07,0.0002600299736,1.33751745e-06,0.2108560878
1242.0,5.699953734e-05,8.761490557e-07,0.0003716602707,5.912328814e-06,5.062708873e-05,8.284514088e-07,0.0004600218913,2.033964946e-05,0.0001159779192,5.585467889e-07,0.0001085696941,7.450083487e-07,0.0002629112987,7.684463095e-07,0.2108568562
1243.0,5.631242625e-05,8.608665482e-07,0.0003720244857,5.930290801e-06,5.014024443e-05,8.186662017e-07,0.0004641144959,2.055525904e-05,0.0001144745649,5.503947344e-07,0.00010746821,7.368226208e-07,0.000265703246,6.181544991e-07,0.2108574744
1244.0,5.568601507e-05,8.466022221e-07,0.0003726033979,5.951024449e-06,4.966597492e-05,8.091735722e-07,0.0004649680589,2.07512166e-05,0.0001128878655,5.417707019e-07,0.0001062956294,7.281075075e-07,0.0002682385996,8.41771286e-08,0.2108575586
1245.0,5.505185179e-05,8.331890006e-07,0.0003732116392,5.97503243e-06,4.919278043e-05,8.000808706e-07,0.0004686661072,2.095697314e-05,0.0001112307894,5.327930316e-07,0.0001050512307,7.188713684e-07,0.0002709035752,-2.358806617e-07,0.2108573227
1246.0,5.453893836e-05,8.207584015e-07,0.00037403793,6.00289078e-06,4.873806861e-05,7.913551865e-07,0.0004706845602,2.114252723e-05,0.0001095008351,5.234367471e-07,0.0001037456608,7.090979831e-07,0.0002733059382,-5.71407055e-07,0.2108567513
1247.0,5.403934641e-05,8.092893176e-07,0.000375031774,6.034292148e-06,4.829057376e-05,7.830184167e-07,0.0004729124031,2.136371401e-05,0.0001077147972,5.13637575e-07,0.0001023567632,6.990001357e-07,0.0002761684949,-8.963413376e-07,0.2108558549
1248.0,5.361804493e-05,7.990998493e-07,0.000376319634,6.070969788e-06,4.787469886e-05,7.751296956e-07,0.000476202383,2.160504788e-05,0.0001058668631,5.035225385e-07,0.000100920583,6.879674552e-07,0.0002792933023,-7.22461938e-07,0.2108551325
1249.0,5.327402065e-05,7.903485401e-07,0.000378016237,6.115196672e-06,4.749915883e-05,7.679913349e-07,0.0004779043214,2.185253015e-05,0.0001039609145,4.930203969e-07,9.941565039e-05,6.766386466e-07,0.0002824946723,-7.347954556e-07,0.2108543977
1250.0,5.295502273e-05,7.830401255e-07,0.0003798702802,6.167780787e-06,4.713574407e-05,7.616900015e-07,0.0004804102966,2.209259814e-05,0.0001019935179,4.822316113e-07,9.785908032e-05,6.648025724e-07,0.0002856035348,1.205547219e-07,0.2108545182
1251.0,5.277561075e-05,7.774168526e-07,0.0003821031498,6.226849726e-06,4.681123219e-05,7.56156474e-07,0.0004821275017,2.234706957e-05,9.997760087e-05,4.710532122e-07,9.624078494e-05,6.526074164e-07,0.0002888977238,5.822486726e-07,0.2108551005
1252.0,5.266403688e-05,7.732684517e-07,0.0003848190328,6.289669916e-06,4.652250271e-05,7.517036021e-07,0.0004849883274,2.262928577e-05,9.790791852e-05,4.596421018e-07,9.458817182e-05,6.395882043e-07,0.0002925501083,1.065154533e-06,0.2108561656
1253.0,5.266928146e-05,7.707347643e-07,0.0003878137357,6.353667086e-06,4.627064454e-05,7.479986938e-07,0.0004888290757,2.298675601e-05,9.57910634e-05,4.479060571e-07,9.287085036e-05,6.263444079e-07,0.0002971771547,1.965642181e-06,0.2108581313
1254.0,5.276921214e-05,7.696328786e-07,0.0003911373665,6.418367186e-06,4.607790263e-05,7.454713181e-07,0.000490985784,2.334901163e-05,9.361575358e-05,4.358776954e-07,9.109974675e-05,6.127772662e-07,0.0003018634822,2.525274097e-06,0.2108606566
1255.0,5.290753981e-05,7.700626509e-07,0.0003946285321,6.482975048e-06,4.591698955e-05,7.439721819e-07,0.000494941833,2.375078597e-05,9.140117168e-05,4.236430764e-07,8.929280393e-05,5.984365026e-07,0.0003070638528,3.156101213e-06,0.2108638127
1256.0,5.318778738e-05,7.721740423e-07,0.0003983445415,6.547590561e-06,4.5815309e-05,7.435622815e-07,0.0004974313331,2.41441798e-05,8.914701951e-05,4.112215405e-07,8.743902924e-05,5.84029083e-07,0.0003121548555,3.611673891e-06,0.2108674243
1257.0,5.350455045e-05,7.757963025e-07,0.0004021627928,6.613226437e-06,4.57574499e-05,7.443210359e-07,0.0005002477075,2.45178272e-05,8.686693134e-05,3.985581752e-07,8.556518387e-05,5.690283991e-07,0.0003169907617,3.758830508e-06,0.2108711832
1258.0,5.393376859e-05,7.811004919e-07,0.0004060553495,6.679118004e-06,4.576408438e-05,7.463348914e-07,0.0005059425126,2.492450195e-05,8.456190813e-05,3.856771302e-07,8.364652773e-05,5.539936165e-07,0.0003222548405,4.085445911e-06,0.2108752686
1259.0,5.446847632e-05,7.881640552e-07,0.0004101239403,6.744590365e-06,4.584092659e-05,7.498362157e-07,0.0005081823696,2.526970194e-05,8.225862888e-05,3.724922108e-07,8.172071625e-05,5.385805453e-07,0.0003267211765,3.824806378e-06,0.2108790934
1260.0,5.504242235e-05,7.96407046e-07,0.0004141073952,6.807984095e-06,4.597802835e-05,7.545414438e-07,0.0005125914404,9.108662998e-06,7.986607519e-05,3.587623178e-07,7.970386944e-05,5.22115463e-07,0.0001177713592,1.585134771e-06,0.2108806786
1261.0,5.642528382e-05,8.142338814e-07,0.0004242727878,6.982624517e-06,4.601793703e-05,7.552393703e-07,0.0005142167035,2.488491181e-05,7.763997726e-05,3.460592984e-07,7.781752777e-05,5.069971956e-07,0.0003217548796,2.247755998e-06,0.2108829263
1262.0,5.680387063e-05,8.201441647e-07,0.0004256620596,6.995744934e-06,4.63999946e-05,7.653482671e-07,0.0005187866925,2.540429287e-05,7.535114304e-05,3.327472451e-07,7.584880255e-05,4.909679257e-07,0.0003284743478,1.208784129e-06,0.2108841351
1263.0,5.741055269e-05,8.286993301e-07,0.0004274041829,7.012805467e-06,4.690233159e-05,7.7731622e-07,0.0005255163993,2.6102857e-05,7.309509639e-05,3.194997234e-07,7.389848847e-05,4.74849338e-07,0.0003375118549,6.606966419e-07,0.2108847958
1264.0,5.813134902e-05,8.388396875e-07,0.0004294345957,7.034732439e-06,4.747416418e-05,7.899638155e-07,0.0005293214391,9.356569995e-06,7.078877108e-05,3.058749791e-07,7.192627866e-05,4.580134498e-07,0.0001209815624,6.817306131e-08,0.210884864
1265.0,5.946221113e-05,8.579070371e-07,0.0004375830607,7.173993474e-06,4.787628398e-05,7.96680927e-07,0.0005330020776,2.622368265e-05,6.871346458e-05,2.935694029e-07,7.014294622e-05,4.425453471e-07,0.0003390795664,-6.842289528e-07,0.2108841797
1266.0,5.996529757e-05,8.658764709e-07,0.0004383535541,7.176211652e-06,4.859425874e-05,8.112545807e-07,0.0005382510626,9.366260964e-06,6.660273052e-05,2.807014951e-07,6.828064482e-05,4.258679357e-07,0.0001211096694,-6.893378156e-07,0.2108834904
1267.0,6.120459395e-05,8.841270751e-07,0.0004455411126,7.293597539e-06,4.915730038e-05,8.205779172e-07,0.0005428375894,2.659800834e-05,6.477822936e-05,2.694889257e-07,6.658206395e-05,4.107847143e-07,0.0003439246242,-7.746743113e-08,0.2108834129
1268.0,6.169238289e-05,8.920038439e-07,0.0004457518228,7.280490585e-06,5.000813328e-05,8.374396853e-07,0.0005509675156,2.74901311e-05,6.307713291e-05,2.58461012e-07,6.490899432e-05,3.955116808e-07,0.0003554643917,-6.564926022e-07,0.2108827564
1269.0,6.23995435e-05,9.030355599e-07,0.0004468436923,7.282951821e-06,5.089913565e-05,8.544184835e-07,0.0005569083021,9.8441652e-06,6.146643523e-05,2.478273842e-07,6.32829485e-05,3.801305631e-07,0.0001272914347,-2.636033785e-07,0.2108824928
1270.0,6.371921248e-05,9.228512919e-07,0.0004540555874,7.402868926e-06,5.153010283e-05,8.645549453e-07,0.0005613718896,2.798594139e-05,6.012460982e-05,2.395726137e-07,6.187706549e-05,3.67189779e-07,0.00036187971,1.396791576e-06,0.2108838896
1271.0,6.433452355e-05,9.323955531e-07,0.0004544073536,7.394449496e-06,5.247019092e-05,8.824999544e-07,0.0005667641852,9.994127688e-06,5.88809251e-05,2.315479232e-07,6.047796526e-05,3.53688779e-07,0.0001292327599,6.617597061e-07,0.2108845514
1272.0,6.555868133e-05,9.514943404e-07,0.0004611186996,7.505543465e-06,5.317774583e-05,8.937206509e-07,0.0005701848103,2.831992518e-05,5.793000145e-05,2.258223595e-07,5.936715594e-05,3.426483639e-07,0.0003662031347,1.224516587e-06,0.2108857759
1273.0,6.606962822e-05,9.603760962e-07,0.0004612516092,7.491421148e-06,5.418145702e-05,9.118503532e-07,0.0005786595311,1.015667542e-05,5.710322179e-05,2.202962871e-07,5.825584407e-05,3.312981773e-07,0.0001313371043,1.240878758e-06,0.2108870168
1274.0,6.724318778e-05,9.783648563e-07,0.0004676133893,7.592202597e-06,5.493574841e-05,9.230226313e-07,0.0005808964904,2.882685533e-05,5.651074971e-05,2.166777909e-07,5.738808317e-05,3.224828538e-07,0.0003727639168,1.687490743e-06,0.2108887043
1275.0,6.766503876e-05,9.869746397e-07,0.00046742477,7.569977287e-06,5.592554786e-05,9.40444352e-07,0.0005884685579,1.032001646e-05,5.595920864e-05,2.132279977e-07,5.656201769e-05,3.136845919e-07,0.0001334516998,1.171163491e-06,0.2108898754
1276.0,6.881682812e-05,1.004841699e-06,0.0004731037615,7.659465449e-06,5.663780409e-05,9.507861057e-07,0.0005921384539,2.935004187e-05,5.57064436e-05,2.116927016e-07,5.600482997e-05,3.076599638e-07,0.0003795382357,1.328474805e-06,0.2108912039
1277.0,6.927480831e-05,1.014019923e-06,0.0004726460186,7.631240299e-06,5.757566213e-05,9.671198083e-07,0.0005991429225,1.044809969e-05,5.556756266e-05,2.102639882e-07,5.548674628e-05,3.019471968e-07,0.0001351103021,4.983469839e-07,0.2108917023
1278.0,7.041041959e-05,1.031922883e-06,0.0004779156906,7.713315679e-06,5.822197513e-05,9.761826306e-07,0.000604004143,2.980089902e-05,5.575232401e-05,2.110984926e-07,5.526063065e-05,2.987381228e-07,0.0003853771826,4.381552239e-07,0.2108921404
1279.0,7.091080778e-05,1.041405114e-06,0.0004774985106,7.681606687e-06,5.910390185e-05,9.910121857e-07,0.0006106217817,1.055125822e-05,5.606429224e-05,2.124025984e-07,5.506266116e-05,2.958935033e-07,0.0001364463546,-3.355675601e-07,0.2108918048
1280.0,7.196226443e-05,1.058777007e-06,0.0004825645634,7.757590089e-06,5.966731566e-05,9.984719114e-07,0.0006139816977,3.015202192e-05,5.670189677e-05,2.168200395e-07,5.516480616e-05,2.955976148e-07,0.0003899219413,-8.402446343e-07,0.2108909646
1281.0,7.242891722e-05,1.0680844e-06,0.0004820153529,7.721766433e-06,6.043651515e-05,1.011642788e-06,0.0006206239868,3.101306615e-05,5.762878863e-05,2.230138607e-07,5.538270338e-05,2.964426081e-07,0.0004010582078,-1.40882536e-06,0.2108895558
1282.0,7.29924196e-05,1.07953776e-06,0.0004823305376,7.703867019e-06,6.11147482e-05,1.023273117e-06,0.0006268811802,1.084508968e-05,5.877676999e-05,2.306750031e-07,5.570064257e-05,2.989737601e-07,0.0001402476003,-1.688573266e-06,0.2108878672
1283.0,7.40607367e-05,1.096538104e-06,0.0004878703988,7.79177187e-06,6.146942874e-05,1.026648896e-06,0.0006294117556,3.093027991e-05,6.042245377e-05,2.408016185e-07,5.643998441e-05,3.057764065e-07,0.0003999870814,-1.942570884e-06,0.2108859246
1284.0,7.451685632e-05,1.10592685e-06,0.0004876195065,7.762144629e-06,6.207350059e-05,1.036444941e-06,0.0006332744009,3.147720566e-05,6.227384755e-05,2.512430507e-07,5.738568853e-05,3.13985911e-07,0.0004070572601,-2.296555656e-06,0.2108836281
1285.0,7.501808108e-05,1.116824659e-06,0.0004879601599,7.746548366e-06,6.260176884e-05,1.045097491e-06,0.0006402773206,3.200349379e-05,6.417119916e-05,2.622057563e-07,5.85203704e-05,3.239534935e-07,0.0004138637361,-2.288083368e-06,0.21088134
1286.0,7.560989854e-05,1.128187706e-06,0.000488653106,7.739161205e-06,6.304714572e-05,1.052014616e-06,0.0006438358238,1.092982106e-05,6.601179355e-05,2.729530108e-07,5.974940222e-05,3.345006291e-07,0.0001413419818,-1.943499808e-06,0.2108793965
1287.0,7.656951713e-05,1.14395366e-06,0.0004941747998,7.830730475e-06,6.319095391e-05,1.051239681e-06,0.0006433206226,3.117365747e-05,6.815982737e-05,2.856088051e-07,6.131414482e-05,3.471770778e-07,0.000403127007,-1.989397052e-06,0.2108774071
1288.0,7.696621773e-05,1.152876152e-06,0.0004937760807,7.798473611e-06,6.361111448e-05,1.057652878e-06,0.000649826957,3.156976698e-05,7.031785984e-05,2.980052413e-07,6.290954088e-05,3.599137872e-07,0.0004082476678,-1.436756451e-06,0.2108759703
1289.0,7.740569316e-05,1.163088344e-06,0.0004936737383,7.773140875e-06,6.398608673e-05,1.063517856e-06,0.0006529514953,3.193953861e-05,7.248210844e-05,3.105786449e-07,6.455529944e-05,3.733298053e-07,0.0004130239309,-1.265874718e-06,0.2108747045
1290.0,7.780311298e-05,1.173486721e-06,0.0004935254485,7.750697878e-06,6.427926449e-05,1.068132639e-06,0.000658167777,3.224902989e-05,7.466668132e-05,3.232113382e-07,6.623762051e-05,3.872713774e-07,0.0004170251232,-8.712853418e-07,0.2108738332
1291.0,7.825404286e-05,1.183819572e-06,0.0004935074471,7.730992725e-06,6.453081468e-05,1.071510559e-06,0.0006618155891,3.242818884e-05,7.683765039e-05,3.35921016e-07,6.794360676e-05,4.015822601e-07,0.000419339017,-6.020224312e-07,0.2108732312
1292.0,7.864163578e-05,1.193935243e-06,0.0004935460173,7.713731513e-06,6.471839829e-05,1.07374929e-06,0.0006651714307,3.247699374e-05,7.896745887e-05,3.485912937e-07,6.968430457e-05,4.159255467e-07,0.0004199671553,-5.402782903e-07,0.2108726909
1293.0,7.90122622e-05,1.203658234e-06,0.000493535714,7.6976226e-06,6.48585801e-05,1.075012116e-06,0.0006689836276,3.248662371e-05,8.106354086e-05,3.612182624e-07,7.142840386e-05,4.308786594e-07,0.0004200905907,-1.761698219e-07,0.2108725147
1294.0,7.935132724e-05,1.213012732e-06,0.0004934980261,7.680834299e-06,6.496669339e-05,1.075527431e-06,0.0006711473667,3.237058409e-05,8.313935126e-05,3.737420916e-07,7.319860953e-05,4.456680281e-07,0.0004185835366,-3.301195152e-07,0.2108721846
1295.0,7.960937874e-05,1.221873209e-06,0.0004931987082,7.661756988e-06,6.501758672e-05,1.075391501e-06,0.0006736901911,3.225876761e-05,8.517685911e-05,3.860720973e-07,7.497376652e-05,4.601343028e-07,0.0004171355618,-4.074758562e-07,0.2108717771
1296.0,7.987850617e-05,1.230363743e-06,0.0004926681979,7.638650069e-06,6.502902528e-05,1.074770685e-06,0.000674820253,3.208603498e-05,8.718270703e-05,3.982051223e-07,7.67241977e-05,4.750469964e-07,0.0004148984187,-6.598951453e-07,0.2108711172
1297.0,8.007770811e-05,1.238368176e-06,0.0004919161693,7.611600102e-06,6.500910111e-05,1.073822779e-06,0.0006765540678,3.185132097e-05,8.913533709e-05,4.101828784e-07,7.846236485e-05,4.892648463e-07,0.0004118580801,-1.161200328e-06,0.210869956
1298.0,8.026154116e-05,1.245768343e-06,0.0004908178806,7.580140105e-06,6.497400494e-05,1.072568136e-06,0.000678300838,3.1644357e-05,9.104247608e-05,4.219665082e-07,8.017275601e-05,5.039072053e-07,0.0004091789302,-1.354117097e-06,0.2108686019
1299.0,8.040739894e-05,1.25280591e-06,0.000489452898,7.544360665e-06,6.491561393e-05,1.071009138e-06,0.0006775469142,3.134708001e-05,9.291393121e-05,4.334985582e-07,8.187945341e-05,5.177645643e-07,0.0004053275978,-1.996928924e-06,0.210866605
1300.0,8.046535638e-05,1.259224621e-06,0.0004877118651,7.50364015e-06,6.481980195e-05,1.069093715e-06,0.0006782135117,3.105598987e-05,9.47457833e-05,4.44775628e-07,8.355094192e-05,5.320854409e-07,0.0004015605416,-2.471245328e-06,0.2108641337
1301.0,8.052918488e-05,1.265142941e-06,0.0004856558964,7.458470755e-06,6.46977044e-05,1.066753627e-06,0.0006770845335,3.071828876e-05,9.653255963e-05,4.55806713e-07,8.52019902e-05,5.454858908e-07,0.0003971889349,-2.98306039e-06,0.2108611507
1302.0,8.049134103e-05,1.270525699e-06,0.000483213085,7.408836939e-06,6.45393863e-05,1.063924774e-06,0.0006757008338,3.034623656e-05,9.828276712e-05,4.665501655e-07,8.681325492e-05,5.589102932e-07,0.0003923735777,-3.02854929e-06,0.2108581221
1303.0,8.04162097e-05,1.275429256e-06,0.0004805298383,7.354986392e-06,6.435361191e-05,1.06070783e-06,0.0006763725058,2.996808931e-05,9.998465592e-05,4.770082103e-07,8.837415736e-05,5.724398016e-07,0.0003874803852,-2.984949315e-06,0.2108551372
1304.0,8.031268197e-05,1.27987423e-06,0.0004776609059,7.297718815e-06,6.41428693e-05,1.056957415e-06,0.000672383418,2.947288195e-05,0.0001016375709,4.871779496e-07,8.991200341e-05,5.848400282e-07,0.0003810701816,-3.171566047e-06,0.2108519656
1305.0,8.010641051e-05,1.283563763e-06,0.0004744081461,7.237462846e-06,6.388697704e-05,1.052603634e-06,0.0006700322212,2.897692407e-05,0.0001032384847,4.969959163e-07,9.139911025e-05,5.973214352e-07,0.00037465507,-3.047333461e-06,0.2108489183
1306.0,7.992837904e-05,1.286673325e-06,0.0004709155862,7.175478643e-06,6.361177734e-05,1.047760475e-06,0.0006655189652,2.842468932e-05,0.0001047749995,5.064448036e-07,9.284341744e-05,6.094719455e-07,0.0003675103964,-2.879415216e-06,0.2108460389
1307.0,7.966503253e-05,1.289053704e-06,0.0004671340733,7.11012018e-06,6.329638598e-05,1.042464625e-06,0.0006599558495,2.783778803e-05,0.0001062500902,5.155531752e-07,9.424021594e-05,6.213533562e-07,0.0003599175874,-2.783885788e-06,0.210843255
1308.0,7.937914203e-05,1.290587247e-06,0.000463091557,7.040769437e-06,6.295654929e-05,1.036786392e-06,0.0006561544883,2.726862446e-05,0.0001076639158,5.242749369e-07,9.559955088e-05,6.32869263e-07,0.0003525556698,-2.289841033e-06,0.2108409651
1309.0,7.907797023e-05,1.291141226e-06,0.0004589377305,6.968466109e-06,6.260779967e-05,1.030897596e-06,0.0006491303756,2.661632921e-05,0.0001090130398,5.326196534e-07,9.691434003e-05,6.439780633e-07,0.0003441153917,-2.175179298e-06,0.2108387899
1310.0,7.871025922e-05,1.290527066e-06,0.0004544664355,6.89434526e-06,6.222330081e-05,1.024721209e-06,0.0006435290745,2.597434051e-05,0.0001103183269,5.405803465e-07,9.816784781e-05,6.546796521e-07,0.0003358125358,-2.113514266e-06,0.2108366764
1311.0,7.835049478e-05,1.288754207e-06,0.0004497368804,6.819104159e-06,6.182421535e-05,1.018453175e-06,0.0006355478899,2.530534841e-05,0.0001115706161,5.481026107e-07,9.937060111e-05,6.649186305e-07,0.0003271600601,-2.176926713e-06,0.2108344995
1312.0,7.792935463e-05,1.285827998e-06,0.0004447833966,6.741972203e-06,6.140987384e-05,1.012324712e-06,0.0006287334228,2.459642632e-05,0.0001127517942,5.552163919e-07,0.0001005167932,6.74720854e-07,0.0003179902675,-2.367463151e-06,0.210832132
1313.0,7.750222955e-05,1.281741639e-06,0.0004396601695,6.661969573e-06,6.099347997e-05,1.006354077e-06,0.000621611123,2.392290763e-05,0.0001138601818,5.619025124e-07,0.0001016032977,6.84119044e-07,0.0003092798462,-2.287926159e-06,0.2108298441
1314.0,7.705155594e-05,1.276641118e-06,0.0004344134216,6.580392824e-06,6.057590655e-05,1.000762867e-06,0.0006117457315,2.318871405e-05,0.0001148979067,5.68157693e-07,0.0001026226887,6.930372512e-07,0.0002997833692,-2.392549888e-06,0.2108274516
1315.0,7.653458248e-05,1.270324294e-06,0.0004289799343,6.498320847e-06,6.014210467e-05,9.95364995e-07,0.0006035398179,2.248437946e-05,0.0001158575236,5.739645503e-07,0.0001035776088,7.015473134e-07,0.0002906759875,-2.511524073e-06,0.21082494
1316.0,7.602618539e-05,1.262896782e-06,0.0004234624277,6.41700168e-06,5.970996854e-05,9.902364663e-07,0.0005922992671,2.180253915e-05,0.0001167429007,5.793032019e-07,0.000104471048,7.095510482e-07,0.000281858232,-2.68766518e-06,0.2108222524
1317.0,7.542780618e-05,1.254257838e-06,0.0004177891211,6.335045066e-06,5.928750557e-05,9.851909511e-07,0.0005817931597,2.114570604e-05,0.0001175656866,5.841848699e-07,0.0001052930773,7.17037081e-07,0.0002733635517,-2.732539055e-06,0.2108195198
1318.0,7.481134264e-05,1.244402805e-06,0.0004122034072,6.254187598e-06,5.888168892e-05,9.801796449e-07,0.0005726687373,2.059354109e-05,0.0001183050692,5.885295902e-07,0.0001060522443,7.239957332e-07,0.0002662232285,-1.993427754e-06,0.2108175264
1319.0,7.416297159e-05,1.233492286e-06,0.0004067382258,6.175300787e-06,5.848606653e-05,9.751840981e-07,0.000560573218,2.004038984e-05,0.0001189882482,5.92422348e-07,0.0001067589138,7.30465806e-07,0.0002590675621,-1.601686615e-06,0.2108159247
1320.0,7.342617124e-05,1.221466709e-06,0.0004011524271,6.098201711e-06,5.807869471e-05,9.699488356e-07,0.00054965888,1.957775414e-05,0.0001195978396,5.958077254e-07,0.0001074019956,7.363945653e-07,0.0002530848693,-8.226390207e-07,0.2108151021
1321.0,7.272502746e-05,1.208536278e-06,0.0003956877853,6.024253909e-06,5.767727335e-05,9.644600878e-07,0.0005387530365,1.917074158e-05,0.0001201118024,5.986020947e-07,0.000107984567,7.417760019e-07,0.0002478198314,6.342002179e-08,0.2108151655
1322.0,7.195723099e-05,1.19483122e-06,0.0003903939536,5.954087647e-06,5.728102742e-05,9.587199038e-07,0.0005270483177,1.880831189e-05,0.0001205722669,6.009128997e-07,0.000108502875,7.465722907e-07,0.0002431313106,8.871513122e-07,0.2108160527
1323.0,7.117507402e-05,1.180386118e-06,0.0003853350289,5.887795436e-06,5.68887647e-05,9.526258799e-07,0.0005174166209,1.851774679e-05,0.0001209418537,6.026858895e-07,0.0001089534951,7.507446201e-07,0.0002393734835,1.152056656e-06,0.2108172047
1324.0,7.036028222e-05,1.16506422e-06,0.0003805508701,5.826984e-06,5.65042827e-05,9.461752948e-07,0.0005056362432,1.823674899e-05,0.0001212238623,6.039219314e-07,0.0001093341593,7.542736223e-07,0.000235737096,1.486111508e-06,0.2108186908
1325.0,6.946116438e-05,1.148938296e-06,0.000376055096,5.77155456e-06,5.60982101e-05,9.393874125e-07,0.0004958197175,1.800081135e-05,0.0001214202542,6.046046725e-07,0.0001096442578,7.572038142e-07,0.000232686045,1.721791919e-06,0.2108204126
1326.0,6.858374513e-05,1.132060037e-06,0.0003719750879,5.72272731e-06,5.568163478e-05,9.32175817e-07,0.0004856482562,1.778717834e-05,0.0001215288868,6.046725799e-07,0.0001098852765,7.594981568e-07,0.0002299226729,1.74342547e-06,0.210822156
1327.0,6.765842736e-05,1.114503036e-06,0.0003683020034,5.68078369e-06,5.525291789e-05,9.244691711e-07,0.0004763472805,1.757471412e-05,0.0001215515024,6.041842566e-07,0.0001100596279,7.611784785e-07,0.0002271743936,1.519934601e-06,0.210823676
1328.0,6.676526051e-05,1.096563067e-06,0.0003651691784,5.64429903e-06,5.481980031e-05,9.163708161e-07,0.0004693534701,1.740964898e-05,0.0001214939869,6.032646627e-07,0.0001101650978,7.621974353e-07,0.0002250401921,1.427105815e-06,0.2108251031
1329.0,6.588590851e-05,1.078387778e-06,0.0003624710708,5.612535802e-06,5.438944421e-05,9.079631803e-07,0.000459903829,1.724444704e-05,0.0001213392593,6.016150197e-07,0.0001101971472,7.625510351e-07,0.0002229026769,1.803700012e-06,0.2108269068
1330.0,6.492980468e-05,1.05965582e-06,0.0003601778719,5.584804923e-06,5.394049958e-05,8.992403307e-07,0.0004548397928,1.715550582e-05,0.000121096102,5.994357615e-07,0.0001101594085,7.622389318e-07,0.0002217531742,1.610203609e-06,0.210828517
1331.0,6.402252877e-05,1.040530291e-06,0.0003582084907,5.560879535e-06,5.349210768e-05,8.902370873e-07,0.0004478586427,1.710509049e-05,0.0001207550337,5.967284271e-07,0.0001100439293,7.612994813e-07,0.0002211010184,1.372055193e-06,0.210829889
1332.0,6.306357501e-05,1.02105246e-06,0.0003564669544,5.541440929e-06,5.302758353e-05,8.808964465e-07,0.0004430781889,1.710675737e-05,0.0001203282745,5.934382615e-07,0.000109852739,7.596531334e-07,0.0002211222493,1.185028314e-06,0.2108310741
1333.0,6.215219025e-05,1.00141218e-06,0.0003551220171,5.525436604e-06,5.256043025e-05,8.713667046e-07,0.0004413342397,1.721304281e-05,0.0001198110205,5.895665936e-07,0.0001095802138,7.574232139e-07,0.0002224968282,1.343677432e-06,0.2108324177
1334.0,6.126251896e-05,9.818634077e-07,0.0003540560767,5.513346866e-06,5.209449743e-05,8.616362983e-07,0.000436981188,1.72605707e-05,0.0001191950827,5.851646179e-07,0.0001092285756,7.545364516e-07,0.0002231101348,3.321132228e-07,0.2108327499
1335.0,6.03362183e-05,9.621420891e-07,0.0003531293816,5.504112906e-06,5.160723722e-05,8.517188868e-07,0.0004360921094,1.74004746e-05,0.0001184972494,5.80208579e-07,0.0001088004343,7.510164432e-07,0.0002249201731,6.590773552e-08,0.2108328158
1336.0,5.947654655e-05,9.426591372e-07,0.0003525289642,5.4974968e-06,5.113518861e-05,8.417126293e-07,0.0004342350436,1.752335705e-05,0.0001177086035,5.747714986e-07,0.000108298551,7.468077933e-07,0.0002265095129,-4.282278452e-07,0.2108323875
1337.0,5.858466907e-05,9.23457454e-07,0.0003521056015,5.493119805e-06,5.065581533e-05,8.315963717e-07,0.0004335354956,1.766332483e-05,0.0001168239506,5.688307345e-07,0.0001077111719,7.420033863e-07,0.0002283198635,-8.358272314e-07,0.2108315517
1338.0,5.77446463e-05,9.044507451e-07,0.0003518580375,5.491432541e-06,5.018693774e-05,8.213439233e-07,0.0004346968969,1.786484359e-05,0.0001158427119,5.624895454e-07,0.0001070599296,7.364436878e-07,0.0002309274297,-8.352756052e-07,0.2108307164
1339.0,5.694339826e-05,8.858523608e-07,0.0003517849264,5.492282721e-06,4.972834288e-05,8.112279706e-07,0.0004346539941,1.80350089e-05,0.0001147903952,5.557246658e-07,0.0001063381021,7.303141957e-07,0.0002331276573,-1.103368759e-06,0.2108296131
1340.0,5.611659546e-05,8.676361789e-07,0.0003517780955,5.495471155e-06,4.926054106e-05,8.014698067e-07,0.000435723844,1.826773005e-05,0.0001136529014,5.484718791e-07,0.0001055480871,7.234978227e-07,0.0002361395102,-1.109964811e-06,0.2108285031
1341.0,5.535127282e-05,8.501244607e-07,0.0003518513081,5.501364812e-06,4.879242183e-05,7.917421022e-07,0.0004362090166,1.849677366e-05,0.0001124337382,5.407698267e-07,0.0001046844453,7.161766074e-07,0.000239103102,-1.043058959e-06,0.21082746
1342.0,5.459221223e-05,8.333888591e-07,0.0003520437895,5.512167481e-06,4.832395185e-05,7.820827269e-07,0.0004379931873,1.873048229e-05,0.0001111392087,5.325991821e-07,0.0001037564363,7.082621823e-07,0.0002421267402,-9.72180849e-07,0.2108264879
1343.0,5.390105289e-05,8.174119639e-07,0.000352368005,5.526085581e-06,4.785325332e-05,7.725739524e-07,0.000440688253,1.898435815e-05,0.0001097678367,5.240768961e-07,0.0001027572199,6.998446859e-07,0.0002454125051,-4.36481015e-07,0.2108260514
1344.0,5.325930794e-05,8.023611656e-07,0.0003528800705,5.54289524e-06,4.739452841e-05,7.63506132e-07,0.0004418143399,1.921444168e-05,0.0001083230799,5.151555448e-07,0.0001016926501,6.90879493e-07,0.0002483882289,-1.495063733e-07,0.2108259019
1345.0,5.2624457e-05,7.882424296e-07,0.000353494223,5.563188244e-06,4.693887348e-05,7.546633892e-07,0.0004450734816,1.945013134e-05,0.0001068016417,5.058829669e-07,0.0001005582124,6.814702006e-07,0.0002514389984,3.392304387e-07,0.2108262411
1346.0,5.209411822e-05,7.751173808e-07,0.0003542457063,5.587330262e-06,4.650683185e-05,7.460831683e-07,0.0004466326487,1.967385984e-05,0.0001052116658,4.961705143e-07,9.936348481e-05,6.715640318e-07,0.0002543343632,8.092354603e-07,0.2108270503
1347.0,5.157115209e-05,7.63172043e-07,0.0003550979108,5.616453699e-06,4.60779838e-05,7.37809641e-07,0.0004481199663,1.99058947e-05,0.0001035503241,4.861527704e-07,9.809452091e-05,6.615607349e-07,0.0002573370079,1.140933257e-06,0.2108281913
1348.0,5.113944801e-05,7.525337302e-07,0.0003561363116,5.650988508e-06,4.566328911e-05,7.301098202e-07,0.0004522083083,2.017664441e-05,0.0001018366761,4.758083191e-07,9.677415401e-05,6.504344107e-07,0.0002608411216,1.822607236e-06,0.2108300139
1349.0,5.077805115e-05,7.431981123e-07,0.0003575458759,5.692774741e-06,4.528493601e-05,7.230213909e-07,0.0004525467322,2.043343884e-05,0.0001000619327,4.651609676e-07,9.538032662e-05,6.391550279e-07,0.0002641625864,2.054330677e-06,0.2108320682
1350.0,5.041671649e-05,7.352824104e-07,0.000359198785,5.741566725e-06,4.49163608e-05,7.165353755e-07,0.0004553771437,2.072045431e-05,9.822981278e-05,4.54163925e-07,9.393228284e-05,6.273805907e-07,0.0002678778969,2.338747943e-06,0.210834407
1351.0,5.018003352e-05,7.29079013e-07,0.00036114496,5.79816214e-06,4.458059342e-05,7.109698845e-07,0.0004570146544,2.101252041e-05,9.634095569e-05,4.429230752e-07,9.24236769e-05,6.154257952e-07,0.0002716571361,2.497261266e-06,0.2108369042
1352.0,4.997147945e-05,7.244780772e-07,0.0003634399796,5.861238341e-06,4.427314946e-05,7.060879645e-07,0.000458463173,2.131817254e-05,9.440680232e-05,4.314396667e-07,9.088569384e-05,6.024427025e-07,0.0002756119099,2.403676082e-06,0.2108393079
1353.0,4.987473786e-05,7.213828807e-07,0.0003661550753,5.927083783e-06,4.400695493e-05,7.020632187e-07,0.0004625192934,2.165731685e-05,9.242251619e-05,4.197390405e-07,8.928214987e-05,5.893913385e-07,0.0002800010013,2.563925745e-06,0.2108418718
1354.0,4.991069403e-05,7.200005315e-07,0.0003692245275,5.992590181e-06,4.378875831e-05,6.990686031e-07,0.0004642327903,2.197796884e-05,9.039055034e-05,4.078248125e-07,8.762632665e-05,5.76116558e-07,0.0002841484052,2.293087097e-06,0.2108441649
1355.0,4.999814772e-05,7.20293015e-07,0.0003724759234,6.057908181e-06,4.360308203e-05,6.970542293e-07,0.0004678396827,2.232827582e-05,8.830324598e-05,3.957075909e-07,8.594088823e-05,5.620549473e-07,0.0002886825153,2.154943577e-06,0.2108463199
1356.0,5.021609939e-05,7.224810144e-07,0.0003758790234,6.124114167e-06,4.346360759e-05,6.960273011e-07,0.0004696572364,2.268450609e-05,8.618300728e-05,3.833514158e-07,8.419660682e-05,5.48053036e-07,0.000293292284,1.923373598e-06,0.2108482432
1357.0,5.049057733e-05,7.262631104e-07,0.0003794916697,6.190603102e-06,4.337410856e-05,6.961356591e-07,0.0004733847018,2.305962717e-05,8.402191141e-05,3.708963296e-07,8.243896928e-05,5.333215504e-07,0.0002981455856,1.571684645e-06,0.2108498149
1358.0,5.087883673e-05,7.316541928e-07,0.0003832692969,6.25819732e-06,4.334003302e-05,6.973585049e-07,0.0004777919381,2.342761118e-05,8.184072217e-05,3.582880435e-07,8.063150467e-05,5.187036003e-07,0.0003029083706,1.611262973e-06,0.2108514262
1359.0,5.134262404e-05,7.386436327e-07,0.0003870970642,6.325444212e-06,4.336824562e-05,7.000545581e-07,0.0004801618141,2.380848122e-05,7.963787341e-05,3.45539547e-07,7.880838723e-05,5.035148468e-07,0.0003078352547,1.337933407e-06,0.2108527641
1360.0,5.18455321e-05,7.469623302e-07,0.0003909819455,6.391250051e-06,4.345097061e-05,7.039289036e-07,0.0004847874245,2.419049555e-05,7.743744833e-05,3.327663265e-07,7.69596202e-05,4.884538831e-07,0.0003127792091,1.321799757e-06,0.2108540859
1361.0,5.247375239e-05,7.563480044e-07,0.0003948640874,6.454842646e-06,4.360980138e-05,7.090805107e-07,0.00048715444,8.933335195e-06,7.515610597e-05,3.19528917e-07,7.502923928e-05,4.724950024e-07,0.0001155077372,1.769785058e-06,0.2108558557
1362.0,5.372531928e-05,7.747058981e-07,0.000404461556,6.621417736e-06,4.367487539e-05,7.106906875e-07,0.0004887920422,2.391928291e-05,7.3028536e-05,3.073147071e-07,7.323633869e-05,4.578006925e-07,0.000309278832,1.227335222e-06,0.210857083
1363.0,5.412530328e-05,7.813244526e-07,0.0004059217675,6.637586535e-06,4.405345295e-05,7.209857997e-07,0.0004951915715,2.445821691e-05,7.084894107e-05,2.94764518e-07,7.136197515e-05,4.42571138e-07,0.0003162516514,1.537141173e-06,0.2108586202
1364.0,5.473212358e-05,7.903787777e-07,0.000407740505,6.658616881e-06,4.455447911e-05,7.32807529e-07,0.0004988721347,9.048138469e-06,6.862687784e-05,2.819864944e-07,6.944973651e-05,4.268670535e-07,0.0001169953636,2.049467518e-06,0.2108606696
1365.0,5.594955924e-05,8.085115549e-07,0.0004149084625,6.781166688e-06,4.493085371e-05,7.403855202e-07,0.0005019130483,2.474923225e-05,6.657210226e-05,2.705264984e-07,6.769777803e-05,4.124797525e-07,0.0003200204623,1.768673849e-06,0.2108624383
1366.0,5.640135523e-05,8.158813161e-07,0.0004151859074,6.778341969e-06,4.558600959e-05,7.549023655e-07,0.0005083022567,9.117093684e-06,6.448964859e-05,2.586138587e-07,6.588198591e-05,3.972197527e-07,0.0001178897089,2.327876216e-06,0.2108647662
1367.0,5.757147288e-05,8.335570895e-07,0.0004214137377,6.88389647e-06,4.613503571e-05,7.648675189e-07,0.000511561314,2.527251592e-05,6.260356994e-05,2.481124963e-07,6.423227496e-05,3.832891849e-07,0.0003267918513,1.869843636e-06,0.210866636
1368.0,5.800648719e-05,8.410604059e-07,0.0004214036674,6.871803817e-06,4.69175789e-05,7.811906479e-07,0.0005202315946,9.311279442e-06,6.077614567e-05,2.376652326e-07,6.251592834e-05,3.686164676e-07,0.0001204030085,1.940965249e-06,0.210868577
1369.0,5.921475595e-05,8.590002056e-07,0.0004274722913,6.969709946e-06,4.756827882e-05,7.9249429e-07,0.0005232520952,2.598855033e-05,5.921366595e-05,2.289889089e-07,6.099758909e-05,3.55520154e-07,0.0003360552654,1.857499445e-06,0.2108704345
1370.0,5.965861134e-05,8.672690007e-07,0.0004273272143,6.95393272e-06,4.842731925e-05,8.100128668e-07,0.0005306907574,9.481019993e-06,5.771124196e-05,2.202059493e-07,5.947624456e-05,3.420021637e-07,0.0001225995121,2.247030344e-06,0.2108726815
1371.0,6.086354382e-05,8.855113463e-07,0.0004332618417,7.052779579e-06,4.910682918e-05,8.219781357e-07,0.0005335718127,2.665326892e-05,5.644695501e-05,2.131431307e-07,5.814625414e-05,3.306884794e-07,0.0003446572583,1.704840978e-06,0.2108743864
1372.0,6.133732094e-05,8.939551009e-07,0.0004330632636,7.037776278e-06,5.002497092e-05,8.397366786e-07,0.00054072677,9.642270601e-06,5.52881984e-05,2.066425059e-07,5.684359584e-05,3.190639769e-07,0.0001246863107,1.997114277e-06,0.2108763835
1373.0,6.251971618e-05,9.119791952e-07,0.0004391967043,7.141158301e-06,5.073799504e-05,8.509137576e-07,0.0005455619473,2.720912561e-05,5.440253229e-05,2.019091132e-07,5.580311878e-05,3.095348385e-07,0.0003518514696,1.593431234e-06,0.2108779769
1374.0,6.300524276e-05,9.207115829e-07,0.0004392686287,7.128337769e-06,5.168511057e-05,8.677675199e-07,0.0005507462168,9.741109349e-06,5.364830058e-05,1.975935581e-07,5.477089747e-05,2.998489711e-07,0.0001259663721,1.899699102e-06,0.2108798766
1375.0,6.409789727e-05,9.383042962e-07,0.0004454066776,7.23055063e-06,5.238204433e-05,8.779600266e-07,0.0005552419202,2.768040861e-05,5.310778871e-05,1.951670134e-07,5.397295102e-05,2.925279598e-07,0.000357951761,1.345824779e-06,0.2108812224
1376.0,6.457314346e-05,9.469369337e-07,0.0004453151552,7.212230403e-06,5.33014589e-05,8.938628368e-07,0.000560968312,9.809755716e-06,5.262955294e-05,1.929631702e-07,5.32194924e-05,2.853137969e-07,0.0001268569233,1.793519144e-06,0.210883016
1377.0,6.563821273e-05,9.641217734e-07,0.0004509605649,7.305560373e-06,5.395769351e-05,9.030331541e-07,0.0005639308893,2.808464629e-05,5.244350956e-05,1.928594645e-07,5.27281921e-05,2.807881953e-07,0.0003631859794,1.12430809e-06,0.2108841403
1378.0,6.609456994e-05,9.726746618e-07,0.0004505959819,7.28036365e-06,5.48311565e-05,9.178671052e-07,0.0005727818845,9.861143306e-06,5.236738711e-05,1.933731145e-07,5.227433161e-05,2.76513475e-07,0.0001275242644,1.781551588e-06,0.2108859218
1379.0,6.716320941e-05,9.893317334e-07,0.0004559129032,7.365727945e-06,5.545086306e-05,9.259847183e-07,0.0005739749459,2.842808046e-05,5.261500916e-05,1.962729608e-07,5.210246884e-05,2.749224231e-07,0.0003676328832,1.255785875e-06,0.2108871776
1380.0,6.756097035e-05,9.976917498e-07,0.0004552815973,7.333641762e-06,5.625255687e-05,9.395455496e-07,0.0005816562704,9.89865068e-06,5.297811997e-05,2.005483162e-07,5.196756467e-05,2.737941382e-07,0.0001280110238,1.764417273e-06,0.210888942
1381.0,6.858603214e-05,1.013797843e-06,0.0004601847475,7.409112168e-06,5.679892368e-05,9.463904602e-07,0.0005840427365,2.870625016e-05,5.367707327e-05,2.077138829e-07,5.212757941e-05,2.752099839e-07,0.0003712357561,1.411194843e-06,0.2108903532
1382.0,6.897564517e-05,1.022153995e-06,0.0004594278454,7.370593437e-06,5.752786097e-05,9.586544397e-07,0.0005906213346,2.947158471e-05,5.468913766e-05,2.158192883e-07,5.238145308e-05,2.78545197e-07,0.0003811330041,1.25759724e-06,0.2108916108
1383.0,6.951552701e-05,1.03246076e-06,0.0004595223201,7.350130717e-06,5.817829663e-05,9.695514084e-07,0.0005976833569,1.012145545e-05,5.590261055e-05,2.242019916e-07,5.276494949e-05,2.841692443e-07,0.0001308934121,1.842957989e-06,0.2108934538
1384.0,7.053175386e-05,1.048448567e-06,0.0004648426135,7.436676384e-06,5.853078185e-05,9.725306166e-07,0.0005985534737,2.933199959e-05,5.7564874e-05,2.344714297e-07,5.356629307e-05,2.926203923e-07,0.0003793265525,1.457526211e-06,0.2108949113
1385.0,7.091813356e-05,1.056908285e-06,0.0004642948683,7.404684939e-06,5.909435168e-05,9.816815433e-07,0.0006042736333,2.982697985e-05,5.936230464e-05,2.447102951e-07,5.45455233e-05,3.015560437e-07,0.0003857284671,1.474815964e-06,0.2108963861
1386.0,7.142780342e-05,1.066750117e-06,0.0004644264545,7.387931701e-06,5.96022025e-05,9.898101253e-07,0.0006087735587,3.027882638e-05,6.119165331e-05,2.553763867e-07,5.568003975e-05,3.115727606e-07,0.0003915709239,1.429415379e-06,0.2108978155
1387.0,7.193500431e-05,1.076977899e-06,0.0004649517919,7.380078329e-06,6.002680078e-05,9.961975195e-07,0.0006136721472,3.0581615e-05,6.310556581e-05,2.662323157e-07,5.697538055e-05,3.224968073e-07,0.000395484548,1.242276394e-06,0.2108990578
1388.0,7.247111964e-05,1.087312892e-06,0.0004658406857,7.379369004e-06,6.037385317e-05,1.001041656e-06,0.0006184526852,3.070864705e-05,6.509234151e-05,2.773413721e-07,5.843118722e-05,3.341367547e-07,0.0003971264963,1.447542232e-06,0.2109005053
1389.0,7.29985655e-05,1.097602477e-06,0.0004669531214,7.382754279e-06,6.06619228e-05,1.004602455e-06,0.0006204702349,3.073583063e-05,6.711196477e-05,2.884645475e-07,5.997453941e-05,3.460993117e-07,0.0003974733578,1.285063324e-06,0.2109017904
1390.0,7.345436229e-05,1.107579193e-06,0.0004681091199,7.386343585e-06,6.0889548e-05,1.007148598e-06,0.000623978807,3.066733029e-05,6.915656436e-05,2.996019662e-07,6.154860472e-05,3.584089918e-07,0.000396586072,1.329713838e-06,0.2109031201
1391.0,7.392903722e-05,1.117242413e-06,0.0004691817784,7.388014208e-06,6.107730774e-05,1.00903301e-06,0.000625493007,3.055460321e-05,7.121502503e-05,3.107595465e-07,6.314643398e-05,3.709574153e-07,0.0003951257439,1.348211624e-06,0.2109044683
1392.0,7.431701135e-05,1.126575158e-06,0.0004699572236,7.385088674e-06,6.124050923e-05,1.010558193e-06,0.0006275778844,3.044246848e-05,7.325027175e-05,3.218891845e-07,6.476060207e-05,3.837879818e-07,0.0003936729991,1.238143477e-06,0.2109057065
1393.0,7.468612709e-05,1.135502794e-06,0.0004704715072,7.376561944e-06,6.138744926e-05,1.011850769e-06,0.000632375539,3.033325548e-05,7.525527341e-05,3.32934214e-07,6.640630007e-05,3.96620532e-07,0.0003922596055,1.557584438e-06,0.2109072641
1394.0,7.503344222e-05,1.14419653e-06,0.0004706259031,7.361828073e-06,6.152236262e-05,1.013062247e-06,0.0006329816284,3.029090238e-05,7.722873875e-05,3.438877055e-07,6.805664523e-05,4.098051412e-07,0.0003917068879,1.15242743e-06,0.2109084165
1395.0,7.528041209e-05,1.152644547e-06,0.0004702843298,7.340008437e-06,6.162443719e-05,1.014164355e-06,0.0006362378027,3.023847775e-05,7.918275047e-05,3.54880957e-07,6.97292967e-05,4.228352032e-07,0.0003910279207,1.081783069e-06,0.2109094983
1396.0,7.556309731e-05,1.160874817e-06,0.0004696176722,7.312432641e-06,6.171101606e-05,1.015111086e-06,0.0006386434864,3.024421348e-05,8.11194105e-05,3.657936534e-07,7.141459393e-05,4.356859021e-07,0.0003910982514,-3.03080282e-07,0.2109091952
1397.0,7.578730071e-05,1.168831608e-06,0.0004686353849,7.279597454e-06,6.176167889e-05,1.015734565e-06,0.00064038987,3.023297778e-05,8.302453173e-05,3.765572875e-07,7.30777683e-05,4.490419632e-07,0.0003909493993,-1.38244874e-06,0.2109078127
1398.0,7.600624841e-05,1.176477483e-06,0.0004674635353,7.241826184e-06,6.178129353e-05,1.015958296e-06,0.000643964404,3.017724454e-05,8.488473816e-05,3.872116175e-07,7.473927004e-05,4.618977733e-07,0.0003902269897,-2.210089161e-06,0.2109056027
1399.0,7.621776783e-05,1.183752816e-06,0.0004661464044,7.201361218e-06,6.178912313e-05,1.015686535e-06,0.0006442757688,3.011266083e-05,8.670178696e-05,3.976757328e-07,7.636944055e-05,4.750878949e-07,0.0003893859146,-3.611982682e-06,0.2109019907
1400.0,7.633695169e-05,1.190395779e-06,0.0004645829611,7.159540792e-06,6.175002977e-05,1.014814073e-06,0.0006456038007,2.999819098e-05,8.848334438e-05,4.079481639e-07,7.799742786e-05,4.876739997e-07,0.0003879036703,-4.822808419e-06,0.2108971679
1401.0,7.645604906e-05,1.196448342e-06,0.0004628581166,7.115848708e-06,6.167328273e-05,1.013305669e-06,0.000644343156,2.97918715e-05,9.022373097e-05,4.179994995e-07,7.95875111e-05,5.005643886e-07,0.0003852322704,-5.227971719e-06,0.2108919399
1402.0,7.646686256e-05,1.201655597e-06,0.0004609227057,7.069966716e-06,6.15542302e-05,1.01111431e-06,0.0006443133867,2.957191123e-05,9.192152906e-05,4.277640696e-07,8.116124096e-05,5.126752204e-07,0.0003823834071,-5.922188776e-06,0.2108860177
1403.0,7.643973603e-05,1.206016042e-06,0.0004588120058,7.022005827e-06,6.139988326e-05,1.008365977e-06,0.0006443641534,2.926326454e-05,9.358510232e-05,4.372500086e-07,8.268626568e-05,5.249047642e-07,0.0003783901752,-5.955011809e-06,0.2108800627
1404.0,7.635457537e-05,1.209669313e-06,0.000456485891,6.971698698e-06,6.121328598e-05,1.005073163e-06,0.0006420374115,2.883758481e-05,9.519424787e-05,4.464739251e-07,8.416311184e-05,5.371357208e-07,0.0003728801032,-5.062828195e-06,0.2108749999
1405.0,7.618219262e-05,1.212540686e-06,0.00045386355,6.91830352e-06,6.098518438e-05,1.001254204e-06,0.0006410937559,2.837276662e-05,9.674942009e-05,4.55448687e-07,8.561631351e-05,5.485560429e-07,0.0003668672145,-4.579068754e-06,0.2108704208
1406.0,7.607224312e-05,1.215360774e-06,0.0004509704686,6.861878454e-06,6.073156556e-05,9.971171488e-07,0.0006370159846,2.784149106e-05,9.825126219e-05,4.641339135e-07,8.701572801e-05,5.59992306e-07,0.0003599935217,-3.551857468e-06,0.2108668689
1407.0,7.589206084e-05,1.21760827e-06,0.0004477483326,6.803067361e-06,6.044812309e-05,9.926040438e-07,0.0006334149152,2.725517274e-05,9.969044469e-05,4.725271858e-07,8.837779538e-05,5.711512214e-07,0.0003524078119,-2.331601383e-06,0.2108645373
1408.0,7.570750628e-05,1.219146128e-06,0.0004443001979,6.740588714e-06,6.015337543e-05,9.87822374e-07,0.0006308439177,2.660286625e-05,0.0001010776414,4.806424977e-07,8.968760112e-05,5.822676819e-07,0.0003439710716,-5.170927531e-07,0.2108640202
1409.0,7.548951846e-05,1.219897324e-06,0.0004406585756,6.674993273e-06,5.984875926e-05,9.828072615e-07,0.0006247504195,2.594419303e-05,0.0001024063073,4.884398615e-07,9.098458339e-05,5.924239913e-07,0.0003354488552,9.711652264e-07,0.2108649914
1410.0,7.517530278e-05,1.219886178e-06,0.0004366608776,6.606612006e-06,5.950575989e-05,9.775519191e-07,0.000619684225,2.52760105e-05,0.0001036873258,4.959265992e-07,9.222367002e-05,6.02547251e-07,0.0003268071514,2.256282215e-06,0.2108672477
1411.0,7.486868134e-05,1.218919332e-06,0.0004324108353,6.535558535e-06,5.914667423e-05,9.721235716e-07,0.000613962786,2.466203367e-05,0.0001049174648,5.031139864e-07,9.341249548e-05,6.12314224e-07,0.0003188639719,2.705962644e-06,0.2108699537
1412.0,7.447438513e-05,1.216810725e-06,0.0004279386073,6.462839745e-06,5.876910533e-05,9.666603913e-07,0.0006071241738,2.406450348e-05,0.0001060912087,5.098928873e-07,9.455396296e-05,6.218023616e-07,0.0003111334859,3.036393212e-06,0.21087299
1413.0,7.407702243e-05,1.213737659e-06,0.0004232647319,6.38837682e-06,5.837578182e-05,9.611861363e-07,0.0006019685062,2.346306764e-05,0.000107209109,5.163468385e-07,9.564535909e-05,6.309185299e-07,0.0003033553567,3.281431769e-06,0.2108762715
1414.0,7.369230526e-05,1.209834566e-06,0.0004185226497,6.312544325e-06,5.799160087e-05,9.558789612e-07,0.000593809296,2.282180155e-05,0.0001082501966,5.224486514e-07,9.667683923e-05,6.396475265e-07,0.0002950591995,2.782925315e-06,0.2108790544
1415.0,7.327274943e-05,1.20527235e-06,0.0004135557582,6.235245796e-06,5.757935182e-05,9.507183513e-07,0.0005860672288,2.214107112e-05,0.0001092278777,5.281657758e-07,9.764473169e-05,6.47995529e-07,0.0002862560769,2.124512199e-06,0.2108811789
1416.0,7.290242325e-05,1.199932774e-06,0.0004084769234,6.158748064e-06,5.715896383e-05,9.458077956e-07,0.0005769130551,2.145008038e-05,0.0001101350686,5.33499765e-07,9.855179959e-05,6.559790598e-07,0.0002773189673,1.587945246e-06,0.2108827669
1417.0,7.244155699e-05,1.193504349e-06,0.0004033422355,6.083264843e-06,5.673833547e-05,9.411146906e-07,0.0005678097053,2.081254799e-05,0.0001109757152,5.38457373e-07,9.939866699e-05,6.635418776e-07,0.000269073395,7.29807246e-07,0.2108834967
1418.0,7.194314431e-05,1.185831715e-06,0.000398157312,6.007963463e-06,5.633745531e-05,9.364743102e-07,0.0005599227589,2.022781511e-05,0.000111741595,5.430045494e-07,0.0001001782008,6.70689798e-07,0.0002615118895,1.183032462e-07,0.210883615
1419.0,7.139192888e-05,1.17705422e-06,0.0003929548493,5.934189737e-06,5.595145296e-05,9.32036797e-07,0.0005485298422,1.964891037e-05,0.0001124404816,5.471949171e-07,0.0001008976752,6.773993908e-07,0.0002540234196,-9.409475244e-07,0.210882674
1420.0,7.073428091e-05,1.167047949e-06,0.0003877867041,5.862521046e-06,5.556108381e-05,9.275325712e-07,0.0005401792045,1.913380612e-05,0.0001130806261,5.50932261e-07,0.000101560895,6.836448609e-07,0.0002473620206,-1.592455601e-06,0.2108810816
1421.0,7.007872213e-05,1.156082894e-06,0.0003826506609,5.793719314e-06,5.517525257e-05,9.229432401e-07,0.0005286873505,1.863558345e-05,0.000113650965,5.542161366e-07,0.0001021676251,6.893618907e-07,0.0002409178411,-2.066367456e-06,0.2108790152
1422.0,6.932693994e-05,1.144178312e-06,0.0003774459973,5.727552641e-06,5.478305956e-05,9.181470303e-07,0.0005180719328,1.820970394e-05,0.00011412209,5.569009139e-07,0.0001027138304,6.946361436e-07,0.000235409088,-2.364212172e-06,0.210876651
1423.0,6.858059801e-05,1.131481304e-06,0.0003724723159,5.664657535e-06,5.441117949e-05,9.130889823e-07,0.0005093877127,1.7817206e-05,0.0001145532354,5.593016431e-07,0.0001031989188,6.994080755e-07,0.0002303332292,-1.965628827e-06,0.2108746854
1424.0,6.783701425e-05,1.118264749e-06,0.0003677362827,5.606110907e-06,5.404770845e-05,9.078894551e-07,0.0004972183746,1.745403298e-05,0.0001148961966,5.612449186e-07,0.000103622659,7.03649204e-07,0.0002256346632,-1.670496939e-06,0.2108730149
1425.0,6.703843645e-05,1.104601527e-06,0.0003630931226,5.552414229e-06,5.366890146e-05,9.022650621e-07,0.0004877824609,1.713745982e-05,0.0001151586533,5.627782122e-07,0.0001039791896,7.073367323e-07,0.0002215410274,-9.281502277e-07,0.2108720867
1426.0,6.628356706e-05,1.090444877e-06,0.0003587874164,5.503721856e-06,5.329832031e-05,8.963221658e-07,0.0004774308442,1.685359061e-05,0.0001153368916,5.63860931e-07,0.0001042723318,7.104835883e-07,0.0002178692963,-1.02063489e-07,0.2108719847
1427.0,6.5472525e-05,1.075586788e-06,0.0003548399534,5.461180871e-06,5.29193723e-05,8.900269763e-07,0.0004682256916,1.663700254e-05,0.0001154337989,5.644910313e-07,0.0001045025879,7.131504315e-07,0.0002150675923,6.974096303e-07,0.2108726821
1428.0,6.466239103e-05,1.060116163e-06,0.0003512746084,5.425421502e-06,5.252876345e-05,8.833517098e-07,0.0004604410216,1.650709547e-05,0.0001154545838,5.64656086e-07,0.0001046654622,7.152788088e-07,0.0002133879983,1.229499781e-06,0.2108739116
1429.0,6.38232487e-05,1.04397447e-06,0.000348265909,5.395495976e-06,5.213956526e-05,8.76262077e-07,0.0004518597356,1.644234851e-05,0.0001154013969,5.643772742e-07,0.0001047658125,7.168382163e-07,0.0002125487318,1.611608235e-06,0.2108755232
1430.0,6.291163664e-05,1.027371848e-06,0.0003455940429,5.370568613e-06,5.172898464e-05,8.68788317e-07,0.0004446335619,1.642476961e-05,0.0001152526315,5.635500177e-07,0.0001047958557,7.178374084e-07,0.0002123218386,1.882688349e-06,0.2108774059
1431.0,6.202139521e-05,1.010348323e-06,0.000343334722,5.349895612e-06,5.130907168e-05,8.609805207e-07,0.0004374874375,1.643774307e-05,0.0001150237181,5.622360801e-07,0.0001047571465,7.182604801e-07,0.0002124891378,1.9219041e-06,0.2108793278
1432.0,6.110688503e-05,9.929878727e-07,0.0003414566724,5.333035773e-06,5.088203468e-05,8.528658738e-07,0.0004320321695,1.64565714e-05,0.0001147072711,5.604147013e-07,0.0001046452893,7.181610022e-07,0.000212731831,1.730454204e-06,0.2108810582
1433.0,6.024081082e-05,9.756473053e-07,0.0003398705077,5.319130588e-06,5.045070962e-05,8.445397907e-07,0.0004283578405,1.653953333e-05,0.0001143116769,5.58185416e-07,0.0001044640685,7.174999374e-07,0.0002138050905,1.638147645e-06,0.2108826964
1434.0,5.940990548e-05,9.582903718e-07,0.0003386140278,5.309080355e-06,5.001494913e-05,8.359791425e-07,0.0004237043681,1.65975686e-05,0.0001138300845,5.554528594e-07,0.0001042097208,7.1628184e-07,0.0002145541914,2.015903901e-06,0.2108847123
1435.0,5.851170385e-05,9.405616712e-07,0.0003375750651,5.30267758e-06,4.957140912e-05,8.271514442e-07,0.0004218487343,1.675209881e-05,0.0001132589158,5.522375332e-07,0.0001038783433,7.144475765e-07,0.0002165530413,1.731981732e-06,0.2108864442
1436.0,5.767503111e-05,9.226481476e-07,0.0003367812991,5.298969253e-06,4.912790069e-05,8.182565036e-07,0.0004191304265,1.690288799e-05,0.0001126049911,5.485548703e-07,0.0001034747329,7.120462732e-07,0.0002185026164,1.449365173e-06,0.2108878936
1437.0,5.679822003e-05,9.048923709e-07,0.0003362028908,5.297051838e-06,4.867996035e-05,8.09197151e-07,0.0004173317381,1.706948298e-05,0.000111868316,5.444233978e-07,0.0001030073751,7.090453216e-07,0.0002206568635,1.117321574e-06,0.2108890109
1438.0,5.595387279e-05,8.87151184e-07,0.0003358863908,5.29793457e-06,4.824137518e-05,8.000973879e-07,0.0004188523054,1.729156676e-05,0.0001110386043,5.398804041e-07,0.0001024585593,7.054711419e-07,0.0002235293718,1.213309225e-06,0.2108902242
1439.0,5.515817192e-05,8.697563865e-07,0.0003357946423,5.301520328e-06,4.781450684e-05,7.909928703e-07,0.0004171541607,1.745524027e-05,0.0001101293895,5.34928082e-07,0.0001018542631,7.012950025e-07,0.0002256453156,1.077702348e-06,0.2108913019
1440.0,5.433325376e-05,8.526900418e-07,0.0003357312866,5.306180128e-06,4.737077955e-05,7.819194342e-07,0.0004181843028,1.766904373e-05,0.0001091389661,5.295627484e-07,0.0001011778649,6.965704078e-07,0.0002284121097,1.188770477e-06,0.2108924907
1441.0,5.360155221e-05,8.362166658e-07,0.0003358617857,5.313287102e-06,4.694231019e-05,7.728811976e-07,0.0004183503606,1.78490765e-05,0.0001080787006,5.238382914e-07,0.0001004345363,6.9124567e-07,0.0002307412547,1.356341522e-06,0.2108938471
1442.0,5.286191362e-05,8.203734633e-07,0.0003360314032,5.323224813e-06,4.650790176e-05,7.639384103e-07,0.000418667439,1.803484649e-05,0.0001069313125,5.176270677e-07,9.962478356e-05,6.853560547e-07,0.0002331447305,1.474158033e-06,0.2108953212
1443.0,5.217053486e-05,8.052233619e-07,0.0003363170873,5.33659176e-06,4.607522327e-05,7.551394664e-07,0.0004215182714,1.824830944e-05,0.0001057197144,5.109822845e-07,9.875516605e-05,6.789290059e-07,0.0002359074829,2.032052449e-06,0.2108973533
1444.0,5.152790928e-05,7.906412748e-07,0.0003368155674,5.354086672e-06,4.565408407e-05,7.464569712e-07,0.000422171972,1.840656416e-05,0.0001044339751,5.038997729e-07,9.781885516e-05,6.719620695e-07,0.0002379541829,2.213377166e-06,0.2108995666
1445.0,5.087133621e-05,7.76819534e-07,0.0003373762589,5.374271159e-06,4.522212053e-05,7.37841993e-07,0.000424932249,1.859912137e-05,0.0001030810148,4.963448219e-07,9.682066164e-05,6.644909499e-07,0.0002404470306,2.574009476e-06,0.2109021407
1446.0,5.030092109e-05,7.639238078e-07,0.0003380791198,5.397085118e-06,4.480443347e-05,7.294987998e-07,0.0004257224126,1.877525118e-05,0.0001016582477,4.885083041e-07,9.57488017e-05,6.56750636e-07,0.0002427268525,2.830954152e-06,0.2109049716
1447.0,4.974667472e-05,7.518930598e-07,0.0003388721191,5.422821864e-06,4.440314736e-05,7.214522526e-07,0.0004281665503,1.895963453e-05,0.0001001697249,4.80274057e-07,9.463708675e-05,6.480655382e-07,0.000245112828,2.917048915e-06,0.2109078887
1448.0,4.927612528e-05,7.408752507e-07,0.0003398219066,5.451737996e-06,4.401343262e-05,7.137676915e-07,0.0004308507446,1.91800492e-05,9.860774785e-05,4.717255473e-07,9.345351215e-05,6.391035122e-07,0.0002479662161,2.692090921e-06,0.2109105807
1449.0,4.886095023e-05,7.308567492e-07,0.00034091055,5.484055008e-06,4.363254391e-05,7.064091523e-07,0.0004315241969,1.938465651e-05,9.700177731e-05,4.627945373e-07,9.22072259e-05,6.296167392e-07,0.0002506128241,2.316555601e-06,0.2109128973
1450.0,4.84967456e-05,7.223116842e-07,0.0003422806624,5.520947763e-06,4.326555172e-05,6.994684325e-07,0.0004344947066,1.963704427e-05,9.533592388e-05,4.535553223e-07,9.088767662e-05,6.199189038e-07,0.0002538794603,1.995016851e-06,0.2109148923
1451.0,4.82582746e-05,7.153007329e-07,0.0003440170775,5.565116016e-06,4.2930003e-05,6.931953545e-07,0.0004349917035,1.990769829e-05,9.361069337e-05,4.439418514e-07,8.953760762e-05,6.093438001e-07,0.0002573816228,1.51549478e-06,0.2109164078
1452.0,4.803088458e-05,7.097339748e-07,0.0003459319482,5.617447336e-06,4.260964597e-05,6.876951073e-07,0.0004368691348,2.020132095e-05,9.183060367e-05,4.34057923e-07,8.812423025e-05,5.98516467e-07,0.0002611803921,9.191675633e-07,0.210917327
1453.0,4.789970253e-05,7.053426796e-07,0.0003482226022,5.676356986e-06,4.233620539e-05,6.829653289e-07,0.0004403039958,2.052167433e-05,8.999979637e-05,4.238568101e-07,8.665913765e-05,5.873620082e-07,0.0002653259179,1.217523634e-06,0.2109185445
1454.0,4.784885669e-05,7.023044827e-07,0.0003510435038,5.73940056e-06,4.210577243e-05,6.791372449e-07,0.000441295702,2.081895593e-05,8.812874544e-05,4.133749754e-07,8.5157419e-05,5.755261057e-07,0.0002691708448,8.21296824e-07,0.2109193658
1455.0,4.783845623e-05,7.006906128e-07,0.0003540034795,5.802817028e-06,4.188883882e-05,6.759675109e-07,0.000444148182,2.114877629e-05,8.621517643e-05,4.026303547e-07,8.35978157e-05,5.635493377e-07,0.0002734397715,7.227785661e-07,0.2109200886
1456.0,4.798350178e-05,7.004159424e-07,0.0003572720056,5.866295752e-06,4.171732127e-05,6.739763632e-07,0.0004470011351,2.144565253e-05,8.425041696e-05,3.9161455e-07,8.201005456e-05,5.508719191e-07,0.0002772813827,7.162803812e-07,0.2109208049
1457.0,4.818220623e-05,7.018298389e-07,0.0003607016591,5.930212201e-06,4.158787733e-05,6.729095579e-07,0.0004494153512,2.174097079e-05,8.224864376e-05,3.804257e-07,8.036533629e-05,5.380573614e-07,0.0002811026103,6.947357296e-07,0.2109214996
1458.0,4.849744814e-05,7.047730349e-07,0.0003643102379,5.993301101e-06,4.150799385e-05,6.728062263e-07,0.0004540989057,2.207773428e-05,8.021260454e-05,3.690576888e-07,7.870705222e-05,5.24673608e-07,0.0002854613647,1.162647605e-06,0.2109226622
1459.0,4.892279375e-05,7.09187031e-07,0.00036817528,6.057283421e-06,4.149570132e-05,6.738226336e-07,0.0004566507418,2.23799162e-05,7.815250846e-05,3.574246072e-07,7.700416882e-05,5.111894895e-07,0.0002893700968,1.344689027e-06,0.2109240069
1460.0,4.936174386e-05,7.150006345e-07,0.0003719742758,6.12073785e-06,4.151859937e-05,6.760591361e-07,0.0004603946977,2.273681221e-05,7.607006834e-05,3.456460667e-07,7.528177318e-05,4.972272895e-07,0.0002939892863,1.721271851e-06,0.2109257282
1461.0,4.990978058e-05,7.221570162e-07,0.000375820956,6.183213008e-06,4.160245444e-05,6.795872724e-07,0.0004632325809,2.309561167e-05,7.398660109e-05,3.336677391e-07,7.353207055e-05,4.832519068e-07,0.0002986314491,2.061624898e-06,0.2109277898
1462.0,5.049126539e-05,7.3036104e-07,0.0003796677951,6.243625056e-06,4.175840995e-05,6.842570596e-07,0.0004669512167,8.317247669e-06,7.182350887e-05,3.210677664e-07,7.170385751e-05,4.682574911e-07,0.0001075448755,1.065793512e-06,0.2109288556
1463.0,5.170452148e-05,7.469671186e-07,0.0003891906618,6.406018864e-06,4.182349699e-05,6.852437817e-07,0.0004704757415,2.284434152e-05,6.98118653e-05,3.094319721e-07,7.000901076e-05,4.544569072e-07,0.0002953888304,2.132229588e-06,0.2109309879
1464.0,5.210139478e-05,7.527484641e-07,0.0003906882413,6.419795432e-06,4.220611706e-05,6.949235346e-07,0.000473683469,2.335656881e-05,6.774499377e-05,2.973194696e-07,6.823695894e-05,4.397847867e-07,0.0003020139108,1.929835841e-06,0.2109329177
1465.0,5.264646754e-05,7.610650914e-07,0.0003924248715,6.437098508e-06,4.268441495e-05,7.061885808e-07,0.0004801796761,8.494118466e-06,6.563941339e-05,2.84712762e-07,6.642184053e-05,4.24485e-07,0.000109835218,1.470173873e-06,0.2109343879
1466.0,5.388069639e-05,7.780147414e-07,0.0003995029719,6.554168499e-06,4.305063374e-05,7.132005356e-07,0.0004822586311,2.364763821e-05,6.369461373e-05,2.731320875e-07,6.476399016e-05,4.103639983e-07,0.000305783486,1.489884057e-06,0.2109358777
1467.0,5.428855365e-05,7.847878098e-07,0.000399775019,6.54870852e-06,4.368908003e-05,7.270927083e-07,0.0004885862874,2.437199966e-05,6.177884291e-05,2.615138048e-07,6.309255535e-05,3.956669409e-07,0.0003151525543,1.05774122e-06,0.2109369355
1468.0,5.493944188e-05,7.94438132e-07,0.0004009854824,6.558282436e-06,4.440420957e-05,7.412699635e-07,0.0004968556993,8.855182431e-06,5.986790894e-05,2.499254738e-07,6.142193529e-05,3.804708775e-07,0.0001145070013,7.857767362e-07,0.2109377213
1469.0,5.623647633e-05,8.127346312e-07,0.0004080831417,6.675725738e-06,4.492477214e-05,7.495586473e-07,0.0004986484786,2.474941912e-05,5.823355728e-05,2.397255556e-07,5.990785837e-05,3.667985774e-07,0.0003200364451,4.672669449e-07,0.2109381885
1470.0,5.670113501e-05,8.208946328e-07,0.0004086518842,6.672685857e-06,4.569836883e-05,7.647638264e-07,0.0005059055103,8.889203645e-06,5.664287745e-05,2.293139507e-07,5.835910773e-05,3.522974106e-07,0.0001149482768,1.401720795e-07,0.2109383287
1471.0,5.791915944e-05,8.386045234e-07,0.0004151433596,6.778398092e-06,4.63056928e-05,7.745248673e-07,0.0005089495055,2.50934961e-05,5.530769815e-05,2.207279445e-07,5.702339501e-05,3.39506623e-07,0.0003244911016,-1.610926361e-07,0.2109381676
1472.0,5.835682982e-05,8.463756789e-07,0.0004152553238,6.766266759e-06,4.717111691e-05,7.913616308e-07,0.0005154963127,8.969134679e-06,5.39984474e-05,2.125091103e-07,5.565633213e-05,3.265244079e-07,0.0001159831358,-4.12097707e-07,0.2109377555
1473.0,5.948644648e-05,8.633625813e-07,0.0004210962891,6.862051208e-06,4.785145005e-05,8.026618789e-07,0.0005203886997,2.558129279e-05,5.298568596e-05,2.062619106e-07,5.451419908e-05,3.156184601e-07,0.0003308046822,-4.699192584e-07,0.2109372856
1474.0,5.994760773e-05,8.711647603e-07,0.0004210441766,6.844954684e-06,4.879237092e-05,8.201097999e-07,0.0005267206332,9.12093864e-06,5.203600283e-05,2.004164275e-07,5.341291186e-05,3.045259747e-07,0.0001179478319,-5.527283267e-07,0.2109367329
1475.0,6.100914519e-05,8.878475252e-07,0.0004267515269,6.93690483e-06,4.949220337e-05,8.311891368e-07,0.0005305205453,2.610957529e-05,5.140593712e-05,1.964841615e-07,5.253665158e-05,2.956698056e-07,0.0003376413185,-6.620724919e-07,0.2109360708
1476.0,6.146025106e-05,8.956935035e-07,0.0004266404012,6.917898881e-06,5.042777749e-05,8.478698813e-07,0.0005364747646,9.291862396e-06,5.080082976e-05,1.926502736e-07,5.167410521e-05,2.867718838e-07,0.00012016103,-5.242307267e-07,0.2109355466
1477.0,6.250847225e-05,9.122558733e-07,0.0004320932675,7.005023991e-06,5.110520309e-05,8.578583594e-07,0.0005401419395,2.663275007e-05,5.043950177e-05,1.906897412e-07,5.105336157e-05,2.802661024e-07,0.0003444132508,-6.597085219e-07,0.2109348869
1478.0,6.295875397e-05,9.20377735e-07,0.0004318508542,6.982516633e-06,5.199643055e-05,8.733835349e-07,0.0005479717062,9.458307089e-06,5.017019797e-05,1.888076197e-07,5.048208029e-05,2.740660496e-07,0.0001223161151,-3.579221249e-07,0.2109345289
1479.0,6.400428079e-05,9.367421969e-07,0.0004370230901,7.063960561e-06,5.261935839e-05,8.821344912e-07,0.0005501613291,2.711395598e-05,5.018825848e-05,1.889360212e-07,5.015172537e-05,2.705089843e-07,0.0003506426947,-3.290518973e-07,0.2109341999
1480.0,6.440512391e-05,9.449642164e-07,0.0004366751775,7.037512005e-06,5.34444156e-05,8.963111605e-07,0.0005575813907,9.605026051e-06,5.032541496e-05,1.893514614e-07,4.989461304e-05,2.670305425e-07,0.0001242156567,-2.552172452e-07,0.2109339447
1481.0,6.541507304e-05,9.608104069e-07,0.0004415211619,7.112286478e-06,5.399267162e-05,9.036884124e-07,0.0005595356738,2.752732986e-05,5.077303518e-05,1.922841824e-07,4.988241139e-05,2.661174604e-07,0.0003559949531,-1.263660338e-07,0.2109338183
1482.0,6.57977699e-05,9.690274055e-07,0.0004410177483,7.080423879e-06,5.473678211e-05,9.165090324e-07,0.0005657541271,9.716931852e-06,5.132853879e-05,1.961375616e-07,4.992844187e-05,2.654685539e-07,0.0001256640324,-2.949957171e-07,0.2109335233
1483.0,6.673822526e-05,9.842840466e-07,0.0004455413163,7.147447277e-06,5.521209043e-05,9.226411754e-07,0.0005706609511,2.787572008e-05,5.232765933e-05,2.031591873e-07,5.023340961e-05,2.67394651e-07,0.000360503471,-1.961804571e-08,0.2109335037
1484.0,6.714414232e-05,9.924355989e-07,0.0004449582991,7.111728809e-06,5.588532582e-05,9.341203974e-07,0.0005753120013,2.861580606e-05,5.360608424e-05,2.111865693e-07,5.065362669e-05,2.714188762e-07,0.000370072988,-2.627762444e-07,0.2109332409
1485.0,6.759561032e-05,1.00235821e-06,0.0004449795262,7.091303531e-06,5.646394906e-05,9.442149882e-07,0.0005818112989,1.000380487e-05,5.501884529e-05,2.196083242e-07,5.129407403e-05,2.773442308e-07,0.0001293745872,-4.50838771e-07,0.2109327901
1486.0,6.855077188e-05,1.017327471e-06,0.0004496811698,7.165743062e-06,5.676229781e-05,9.468903349e-07,0.0005827131402,2.849118852e-05,5.678277402e-05,2.299088914e-07,5.229881922e-05,2.860594152e-07,0.0003684619795,-4.477868894e-07,0.2109323423
1487.0,6.89143369e-05,1.025580207e-06,0.0004491681647,7.134318024e-06,5.727478126e-05,9.553443316e-07,0.0005874565106,2.899394352e-05,5.856999218e-05,2.400931659e-07,5.338649864e-05,2.956191675e-07,0.0003749626294,-8.08390607e-07,0.2109315339
1488.0,6.936885182e-05,1.035166751e-06,0.000449205618,7.114962942e-06,5.772884253e-05,9.627376916e-07,0.0005941114498,2.949476585e-05,6.04164394e-05,2.507884225e-07,5.462207086e-05,3.062053195e-07,0.0003814403602,-7.391675872e-07,0.2109307947
1489.0,6.986236564e-05,1.045142772e-06,0.0004496731593,7.103265059e-06,5.811180678e-05,9.685208754e-07,0.0005975164489,2.977112114e-05,6.232552623e-05,2.618889909e-07,5.602137407e-05,3.174595399e-07,0.000385010468,-1.100812685e-06,0.2109296939
1490.0,7.030947659e-05,1.055130571e-06,0.000450311898,7.09774975e-06,5.840805995e-05,9.728069691e-07,0.0006018892251,2.992322127e-05,6.426683317e-05,2.732571345e-07,5.751424388e-05,3.293875487e-07,0.0003869771176,-1.234438028e-06,0.2109284595
1491.0,7.078540683e-05,1.065103391e-06,0.0004510999196,7.09544762e-06,5.864681667e-05,9.758511591e-07,0.0006036548535,2.99354757e-05,6.624004418e-05,2.847218003e-07,5.903549308e-05,3.418139774e-07,0.0003871337275,-1.425310567e-06,0.2109270342
1492.0,7.120032383e-05,1.074753582e-06,0.0004519255304,7.094415176e-06,5.883354382e-05,9.779165958e-07,0.0006067061187,2.984361299e-05,6.822443685e-05,2.962450031e-07,6.057835126e-05,3.546735688e-07,0.0003859426911,-1.736321454e-06,0.2109252978
1493.0,7.160443795e-05,1.083934197e-06,0.0004526861261,7.091858798e-06,5.90052403e-05,9.793420507e-07,0.0006099821063,2.977411754e-05,7.019676724e-05,3.077790901e-07,6.214106625e-05,3.678208058e-07,0.0003850431178,-1.634161671e-06,0.2109236637
1494.0,7.196629727e-05,1.092682668e-06,0.0004532431977,7.085389289e-06,5.914911401e-05,9.804038779e-07,0.0006110405717,2.964680067e-05,7.213705491e-05,3.19315872e-07,6.372464509e-05,3.811886057e-07,0.0003833925736,-1.909164657e-06,0.2109217545
1495.0,7.22503891e-05,1.100909996e-06,0.0004534138481,7.073822561e-06,5.925949303e-05,9.812111937e-07,0.0006141865949,2.957063726e-05,7.404494251e-05,3.307960893e-07,6.532697245e-05,3.944020197e-07,0.0003824067077,-1.943673176e-06,0.2109198108
1496.0,7.254251065e-05,1.108919374e-06,0.0004532402104,7.056377321e-06,5.935219969e-05,9.819049785e-07,0.0006148949223,2.949150306e-05,7.593551696e-05,3.422125424e-07,6.693210933e-05,4.082056436e-07,0.0003813803121,-2.034388664e-06,0.2109177765
1497.0,7.275175998e-05,1.1166613e-06,0.0004526390131,7.033512331e-06,5.941312669e-05,9.823980052e-07,0.0006171439765,2.939099472e-05,7.780602819e-05,3.534990442e-07,6.854863729e-05,4.217373743e-07,0.0003800769009,-2.232024862e-06,0.2109155444
1498.0,7.297121304e-05,1.12419143e-06,0.0004517752375,7.005063637e-06,5.946095074e-05,9.826978669e-07,0.0006209663622,2.932856405e-05,7.965111938e-05,3.646397675e-07,7.017090351e-05,4.349142584e-07,0.0003792681436,-2.024304837e-06,0.2109135201
1499.0,7.317154698e-05,1.131457584e-06,0.0004507221932,6.972676296e-06,5.948927443e-05,9.827191537e-07,0.0006214088449,2.917733724e-05,8.145661104e-05,3.75618043e-07,7.176300382e-05,4.485335004e-07,0.0003773074899,-2.207973383e-06,0.2109113122
1500.0,7.328228603e-05,1.138349112e-06,0.0004493213385,6.936486261e-06,5.947943876e-05,9.823001492e-07,0.0006228989031,2.902912417e-05,8.321878237e-05,3.864274538e-07,7.335537162e-05,4.613951358e-07,0.000375389431,-2.182101624e-06,0.21090913
1501.0,7.341682717e-05,1.144913198e-06,0.0004477689556,6.898045836e-06,5.944664688e-05,9.813617896e-07,0.0006234346293,2.883611494e-05,8.494666318e-05,3.970020146e-07,7.492172574e-05,4.747385346e-07,0.0003728895947,-2.215400236e-06,0.2109069146
1502.0,7.347829151e-05,1.150964465e-06,0.0004460152953,6.85713513e-06,5.937772766e-05,9.799052951e-07,0.0006227391215,2.858766925e-05,8.663891637e-05,4.073267274e-07,7.648164668e-05,4.87195961e-07,0.0003696728958,-2.420425246e-06,0.2109044942
1503.0,7.351271739e-05,1.156553425e-06,0.000444033903,6.813501599e-06,5.927177052e-05,9.778008519e-07,0.0006237186769,2.835757505e-05,8.8294658e-05,4.174064962e-07,7.798737646e-05,5.001186319e-07,0.0003666954418,-2.223881828e-06,0.2109022703
1504.0,7.352762657e-05,1.161704601e-06,0.0004419865214,6.767962429e-06,5.914430639e-05,9.750960222e-07,0.0006221106403,2.801692962e-05,8.991534019e-05,4.271952388e-07,7.948187736e-05,5.121053096e-07,0.0003622846337,-2.451378212e-06,0.210899819
1505.0,7.343700588e-05,1.166367973e-06,0.0004396309169,6.719282295e-06,5.896549961e-05,9.717855436e-07,0.0006212031149,2.767317547e-05,9.148221297e-05,4.367145864e-07,8.092412823e-05,5.241118561e-07,0.0003578377164,-2.496356153e-06,0.2108973226
1506.0,7.33474803e-05,1.170500351e-06,0.0004370480205,6.668192002e-06,5.874971354e-05,9.67963356e-07,0.0006188195547,2.73013142e-05,9.299719863e-05,4.459528322e-07,8.2320333e-05,5.361499861e-07,0.0003530259857,-2.166470768e-06,0.2108951561
1507.0,7.317805164e-05,1.174076926e-06,0.00043421217,6.615154253e-06,5.850391452e-05,9.636675035e-07,0.0006161826869,2.685393683e-05,9.445799226e-05,4.548963306e-07,8.368874669e-05,5.471756859e-07,0.0003472366535,-2.292202725e-06,0.2108928639
1508.0,7.299954353e-05,1.17692549e-06,0.000431154838,6.560177997e-06,5.823647971e-05,9.589969207e-07,0.0006144210174,2.641372256e-05,9.58589355e-05,4.634984334e-07,8.501409308e-05,5.582593871e-07,0.0003415418289,-2.023646269e-06,0.2108908403
1509.0,7.279466527e-05,1.179229515e-06,0.0004278690204,6.501627565e-06,5.795244349e-05,9.539911637e-07,0.0006088503047,2.586328039e-05,9.72092107e-05,4.717979031e-07,8.629525782e-05,5.691131566e-07,0.0003344188501,-2.10386613e-06,0.2108887364
1510.0,7.25121923e-05,1.180716571e-06,0.0004242682869,6.438856492e-06,5.763490845e-05,9.486966102e-07,0.0006056759155,2.531409986e-05,9.850468797e-05,4.797350639e-07,8.753881272e-05,5.800248311e-07,0.0003273155971,-2.00017037e-06,0.2108867363
1511.0,7.226233522e-05,1.181464731e-06,0.0004204695129,6.372946884e-06,5.730613074e-05,9.432269693e-07,0.0005989688402,2.472650261e-05,9.975029284e-05,4.873376993e-07,8.875194693e-05,5.897808308e-07,0.0003197139777,-1.978911971e-06,0.2108847573
1512.0,7.19362236e-05,1.181227151e-06,0.0004163398364,6.305002517e-06,5.694609624e-05,9.375688465e-07,0.0005931229179,2.410484016e-05,0.0001009520402,4.945871399e-07,8.990748887e-05,5.995849387e-07,0.0003116714802,-2.085373589e-06,0.210882672
1513.0,7.163156773e-05,1.180042506e-06,0.0004120497485,6.235396224e-06,5.658756269e-05,9.318067512e-07,0.0005888466341,2.350936133e-05,0.0001020990231,5.015135294e-07,9.101900772e-05,6.089990694e-07,0.0003039685625,-2.050416052e-06,0.2108806216
1514.0,7.131890787e-05,1.177893865e-06,0.0004076030795,6.164166987e-06,5.622105216e-05,9.261806109e-07,0.0005807537252,2.285716326e-05,0.0001031857716,5.080370949e-07,9.207999969e-05,6.179923679e-07,0.0002955299377,-2.253841047e-06,0.2108783677
1515.0,7.092015125e-05,1.174641995e-06,0.0004028782104,6.090087847e-06,5.583067461e-05,9.206421427e-07,0.0005745635504,2.222656785e-05,0.0001042054926,5.14172504e-07,9.308662828e-05,6.26654697e-07,0.0002873746998,-2.288535849e-06,0.2108760792
1516.0,7.055163783e-05,1.170401577e-06,0.0003980835059,6.014684581e-06,5.544387209e-05,9.153453649e-07,0.0005661932114,2.157904166e-05,0.0001051646398,5.199018175e-07,9.403281778e-05,6.349061485e-07,0.0002789993665,-2.412561615e-06,0.2108736666
1517.0,7.010758879e-05,1.165066224e-06,0.0003931453211,5.939139509e-06,5.504466578e-05,9.102625769e-07,0.0005578964391,2.091508116e-05,0.0001060570177,5.252343086e-07,9.491941138e-05,6.427273237e-07,0.000270411146,-2.623102568e-06,0.2108710435
1518.0,6.96481034e-05,1.158650908e-06,0.0003881632758,5.864688803e-06,5.464574617e-05,9.053656934e-07,0.0005502172521,2.031719589e-05,0.0001068719126,5.300884879e-07,9.574521436e-05,6.500942756e-07,0.0002626792461,-2.489116945e-06,0.2108685544
1519.0,6.916701761e-05,1.151229685e-06,0.0003831752111,5.790452248e-06,5.426401391e-05,9.005730666e-07,0.0005406575615,1.969401067e-05,0.000107630743,5.345922813e-07,9.650929938e-05,6.569979606e-07,0.0002546181353,-2.625136545e-06,0.2108659293
1520.0,6.859772571e-05,1.14266394e-06,0.0003780843442,5.716653153e-06,5.387532217e-05,8.958336644e-07,0.0005314624773,1.913162727e-05,0.000108323128,5.386683982e-07,9.721543262e-05,6.634226189e-07,0.0002473460139,-2.445689342e-06,0.2108634836
1521.0,6.802721481e-05,1.133092114e-06,0.0003730595188,5.64465927e-06,5.349386121e-05,8.91128104e-07,0.0005210506401,1.856570714e-05,0.0001089594295,5.422800121e-07,9.786611238e-05,6.69354033e-07,0.0002400271157,-2.735515926e-06,0.2108607481
1522.0,6.739539906e-05,1.122513652e-06,0.0003680692221,5.57480303e-06,5.311513059e-05,8.862971982e-07,0.0005112721923,1.809432734e-05,0.0001095211447,5.45436904e-07,9.846203402e-05,6.748303428e-07,0.0002339298553,-1.936345423e-06,0.2108588117
1523.0,6.675176731e-05,1.110950987e-06,0.0003630981645,5.507446034e-06,5.274494263e-05,8.81254395e-07,0.0005019236432,1.768983593e-05,0.0001099867007,5.48020043e-07,9.899920443e-05,6.797965691e-07,0.0002286989882,-1.089280574e-06,0.2108577224
1524.0,6.60883505e-05,1.098767211e-06,0.0003583181596,5.44373083e-06,5.238636559e-05,8.76063561e-07,0.0004907994827,1.729434664e-05,0.0001104136151,5.502091349e-07,9.947644409e-05,6.842562944e-07,0.000223582514,-4.519733495e-07,0.2108572705
1525.0,6.536132264e-05,1.085855447e-06,0.0003536868703,5.383268933e-06,5.202649665e-05,8.705927574e-07,0.0004817538586,1.698591593e-05,0.0001107565912,5.519149933e-07,9.989275723e-05,6.881246828e-07,0.0002195939327,4.502158694e-07,0.2108577207
1526.0,6.465408866e-05,1.072246427e-06,0.0003492603306,5.327941578e-06,5.166918054e-05,8.64853654e-07,0.0004710510721,1.671740144e-05,0.0001110190573,5.53133126e-07,0.0001002432109,6.914355438e-07,0.0002161206082,1.302991631e-06,0.2108590237
1527.0,6.387193508e-05,1.057928607e-06,0.0003450712289,5.277899023e-06,5.130101639e-05,8.588353891e-07,0.0004611542011,1.646963845e-05,0.0001112008294,5.538488729e-07,0.0001005293155,6.942030648e-07,0.0002129157022,1.170022088e-06,0.2108601937
1528.0,6.308539462e-05,1.042764592e-06,0.0003413221112,5.234069676e-06,5.093136667e-05,8.524299456e-07,0.0004547389399,1.628421934e-05,0.0001113021297,5.540391403e-07,0.0001007545231,6.963958648e-07,0.0002105177968,1.623268011e-06,0.2108618169
1529.0,6.228590476e-05,1.026907063e-06,0.0003379894548,5.196836611e-06,5.056129029e-05,8.456580455e-07,0.0004446617533,1.609378774e-05,0.0001113303312,5.536790265e-07,0.000100918414,6.980070357e-07,0.0002080537169,1.653287897e-06,0.2108634702
1530.0,6.140314734e-05,1.010385951e-06,0.0003350055571,5.16449332e-06,5.01661038e-05,8.384521019e-07,0.0004375020668,1.593569121e-05,0.0001112869917,5.529213102e-07,0.0001010200172,6.989994983e-07,0.0002060101861,1.609575661e-06,0.2108650798
1531.0,6.057943623e-05,9.934809599e-07,0.000332474017,5.136647665e-06,4.977587096e-05,8.309862323e-07,0.0004298282315,1.579585126e-05,0.0001111513862,5.515508589e-07,0.0001010520934,6.994161715e-07,0.0002042016317,1.383781658e-06,0.2108664636
1532.0,5.972597967e-05,9.763914836e-07,0.000330314599,5.112985481e-06,4.937459987e-05,8.232300324e-07,0.0004230031804,1.566009453e-05,0.0001109364695,5.496570072e-07,0.0001010188699,6.99234617e-07,0.0002024458784,1.660360101e-06,0.210868124
1533.0,5.887446983e-05,9.588120236e-07,0.000328489096,5.092847618e-06,4.897099539e-05,8.152548092e-07,0.0004191919447,1.561987723e-05,0.0001106359026,5.472446524e-07,0.0001009124869,6.984352335e-07,0.0002019264848,1.630079733e-06,0.210869754
1534.0,5.80441359e-05,9.410455156e-07,0.0003270307001,5.076791307e-06,4.85756047e-05,8.069853846e-07,0.0004134076386,1.559651215e-05,0.0001102577048,5.443148217e-07,0.0001007400316,6.970253429e-07,0.000201623134,1.371278223e-06,0.2108711253
1535.0,5.716561701e-05,9.228555849e-07,0.000325792097,5.064175252e-06,4.81530775e-05,7.984491198e-07,0.0004107419632,1.566102922e-05,0.0001097950815,5.408929014e-07,0.0001004951798,6.95055917e-07,0.0002024579944,1.233697456e-06,0.210872359
1536.0,5.63376666e-05,9.046161226e-07,0.0003248059014,5.055199921e-06,4.772579944e-05,7.897791533e-07,0.0004069628664,1.576219828e-05,0.000109246294,5.36972157e-07,0.000100176461,6.924897409e-07,0.0002037662224,1.090390309e-06,0.2108734494
1537.0,5.548357122e-05,8.863080812e-07,0.0003240438187,5.049280863e-06,4.729588435e-05,7.809154882e-07,0.0004055794826,1.584981969e-05,0.0001086143367,5.325561789e-07,9.978612199e-05,6.893527442e-07,0.000204899035,1.901089023e-07,0.2108736395
1538.0,5.468155839e-05,8.681428765e-07,0.0003236161815,5.046084567e-06,4.687246566e-05,7.71945397e-07,0.0004053329907,1.603170557e-05,0.0001078983579,5.276310067e-07,9.933091592e-05,6.855685264e-07,0.0002072517805,1.327333804e-07,0.2108737722
1539.0,5.388649405e-05,8.503381126e-07,0.0003234064636,5.045094121e-06,4.645481248e-05,7.628520292e-07,0.0004037636329,1.615956142e-05,0.0001070966315,5.223049763e-07,9.880554551e-05,6.811691725e-07,0.0002089045795,-4.303034786e-07,0.2108733419
1540.0,5.308810171e-05,8.326630704e-07,0.0003233221097,5.04633911e-06,4.603217854e-05,7.536149123e-07,0.0004049824313,1.635790123e-05,0.0001062219499,5.165431199e-07,9.820808214e-05,6.761953842e-07,0.0002114706944,-6.085927047e-07,0.2108727333
1541.0,5.23564844e-05,8.153866878e-07,0.0003233732279,5.049870779e-06,4.561154277e-05,7.444924347e-07,0.0004040217627,1.655659908e-05,0.0001052563317,5.103710368e-07,9.755099039e-05,6.706140112e-07,0.0002140409717,-8.114703282e-07,0.2108719219
1542.0,5.159567153e-05,7.98465593e-07,0.0003235056366,5.055788512e-06,4.518563298e-05,7.356456789e-07,0.0004046596303,1.678843079e-05,0.0001042197689,5.038007327e-07,9.682803271e-05,6.644603038e-07,0.0002170394405,-1.023620665e-06,0.2108708983
1543.0,5.089121433e-05,7.822237308e-07,0.0003237709599,5.064295895e-06,4.477138931e-05,7.268781634e-07,0.0004071357668,1.70429079e-05,0.0001031111066,4.96841314e-07,9.603574568e-05,6.578069539e-07,0.0002203318872,-7.825821263e-07,0.2108701157
1544.0,5.022761211e-05,7.66752605e-07,0.0003242090568,5.077377648e-06,4.436739207e-05,7.181941359e-07,0.0004071802627,1.726151408e-05,0.0001019326596,4.894222639e-07,9.518842176e-05,6.506007872e-07,0.0002231586273,-7.769780636e-07,0.2108693387
1545.0,4.95510794e-05,7.5189673e-07,0.0003246840995,5.093157094e-06,4.394219762e-05,7.096136305e-07,0.000409120334,1.7500549e-05,0.000100682623,4.816017751e-07,9.426681409e-05,6.432577521e-07,0.0002262520357,-5.024356976e-07,0.2108688363
1546.0,4.897410714e-05,7.380015931e-07,0.000325298842,5.11154206e-06,4.352850482e-05,7.013800459e-07,0.0004108458024,1.772430162e-05,9.936690125e-05,4.734408466e-07,9.330267316e-05,6.3472952e-07,0.0002291466562,-1.907165173e-07,0.2108686455
1547.0,4.840475796e-05,7.250263165e-07,0.000326026906,5.132888927e-06,4.312956112e-05,6.934291974e-07,0.0004119818632,1.795740494e-05,9.798214184e-05,4.649310181e-07,9.226273416e-05,6.260735117e-07,0.0002321622332,1.55159039e-08,0.2108686611
1548.0,4.790364162e-05,7.130433301e-07,0.0003268268128,5.157124572e-06,4.274405559e-05,6.856304023e-07,0.0004151093589,1.821379682e-05,9.653503362e-05,4.560707855e-07,9.116833791e-05,6.169789558e-07,0.0002354803526,6.602649064e-07,0.2108693213
1549.0,4.748123391e-05,7.022960939e-07,0.0003278354312,5.186523685e-06,4.23796311e-05,6.781859443e-07,0.0004159669424,1.844672039e-05,9.501941174e-05,4.469079976e-07,9.000570196e-05,6.077939091e-07,0.0002384925186,9.463211416e-07,0.2108702676
1550.0,4.706446661e-05,6.927274927e-07,0.0003289084087,5.220588218e-06,4.200333889e-05,6.712353156e-07,0.0004177434065,1.871095925e-05,9.345257399e-05,4.374002194e-07,8.879865863e-05,5.975720449e-07,0.0002419120645,1.36524883e-06,0.2108716329
1551.0,4.675145491e-05,6.845053905e-07,0.0003303024237,5.261250656e-06,4.164815192e-05,6.648061294e-07,0.0004187355448,1.898154199e-05,9.183092453e-05,4.276219757e-07,8.75209898e-05,5.871914701e-07,0.0002454126312,1.716304127e-06,0.2108733492
1552.0,4.645919212e-05,6.776996209e-07,0.0003320209609,5.309034577e-06,4.132359195e-05,6.589752696e-07,0.0004203728784,1.926135329e-05,9.015305826e-05,4.17509656e-07,8.618657628e-05,5.766425645e-07,0.0002490322937,1.828514616e-06,0.2108751777
1553.0,4.625178803e-05,6.725492948e-07,0.000334003762,5.364420963e-06,4.102394778e-05,6.539539244e-07,0.000423423334,1.956806206e-05,8.841681387e-05,4.071308011e-07,8.4817876e-05,5.651075596e-07,0.0002530010363,2.259127488e-06,0.2108774368
1554.0,4.612544056e-05,6.687996364e-07,0.000336315656,5.426189385e-06,4.076661226e-05,6.496010559e-07,0.000423455741,1.985271501e-05,8.663289747e-05,3.965082183e-07,8.339486494e-05,5.534651134e-07,0.0002566824237,2.171004658e-06,0.2108796078
1555.0,4.60346425e-05,6.664813627e-07,0.0003389923768,5.49035891e-06,4.05294497e-05,6.459338427e-07,0.0004271799037,2.01558032e-05,8.480795442e-05,3.857077442e-07,8.192010716e-05,5.416482334e-07,0.0002606045245,2.221013595e-06,0.2108818289
1556.0,4.611057374e-05,6.657832969e-07,0.0003419094355,5.554333551e-06,4.032420301e-05,6.432655845e-07,0.0004284025791,2.045262203e-05,8.294845157e-05,3.746789478e-07,8.04185193e-05,5.289678697e-07,0.0002644450699,2.124580683e-06,0.2108839534
1557.0,4.623375956e-05,6.666794657e-07,0.0003450408175,5.618000427e-06,4.015363253e-05,6.415185957e-07,0.0004311516286,2.07711267e-05,8.104031611e-05,3.634553191e-07,7.886398936e-05,5.1640441e-07,0.0002685657479,1.854665503e-06,0.2108858081
1558.0,4.647841566e-05,6.693154284e-07,0.000348393369,5.682533406e-06,4.003946948e-05,6.407108393e-07,0.0004358968419,2.110370796e-05,7.909613055e-05,3.520537604e-07,7.728124817e-05,5.030723028e-07,0.0002728694929,1.932222129e-06,0.2108877403
1559.0,4.681493014e-05,6.734134151e-07,0.0003519755326,5.747061121e-06,3.997692074e-05,6.409327762e-07,0.0004371796274,2.14368469e-05,7.711973513e-05,3.405017702e-07,7.565598447e-05,4.898757157e-07,0.000277178146,1.610575466e-06,0.2108893509
1560.0,4.716379921e-05,6.788270983e-07,0.0003556035031,5.811841019e-06,3.994752314e-05,6.421971818e-07,0.0004413845456,2.178905486e-05,7.511893415e-05,3.288245817e-07,7.401610903e-05,4.760179261e-07,0.0002817363709,1.505653829e-06,0.2108908566
1561.0,4.763538537e-05,6.857734463e-07,0.0003593272841,5.876098895e-06,3.997787062e-05,6.448115724e-07,0.0004440518543,2.212696935e-05,7.309873071e-05,3.170324781e-07,7.232841344e-05,4.623033176e-07,0.0002861082905,1.352614862e-06,0.2108922092
1562.0,4.81352746e-05,6.938424509e-07,0.0003630342799,5.938969434e-06,4.006660585e-05,6.485464692e-07,0.0004474266132,8.234520627e-06,7.099682774e-05,3.046746734e-07,7.056644844e-05,4.476177102e-07,0.0001064756698,1.524932265e-06,0.2108937341
1563.0,4.928078564e-05,7.103421602e-07,0.0003721409357,6.097475042e-06,4.008863809e-05,6.490253133e-07,0.0004500874402,2.188989638e-05,6.904776621e-05,2.933180102e-07,6.893067401e-05,4.340693983e-07,0.0002830492219,1.306556871e-06,0.2108950407
1564.0,4.963202157e-05,7.161684793e-07,0.0003737649651,6.116232772e-06,4.038337419e-05,6.574335834e-07,0.0004542482532,2.240948535e-05,6.703191841e-05,2.815744417e-07,6.722217647e-05,4.196872906e-07,0.0002897684496,1.130111517e-06,0.2108961708
1565.0,5.012647403e-05,7.243134672e-07,0.0003756265823,6.138895491e-06,4.07788546e-05,6.672545943e-07,0.0004592714424,8.356920958e-06,6.495055931e-05,2.695166196e-07,6.54451617e-05,4.051561919e-07,0.0001080615974,1.616773321e-06,0.2108977875
1566.0,5.129226733e-05,7.409987389e-07,0.0003825356604,6.255238564e-06,4.106964461e-05,6.734533977e-07,0.0004612752512,2.268615366e-05,6.303719946e-05,2.5847084e-07,6.380524278e-05,3.916834861e-07,0.0002933525243,1.290038612e-06,0.2108990776
1567.0,5.168570309e-05,7.477351501e-07,0.0003829482749,6.254052991e-06,4.161580693e-05,6.864830337e-07,0.0004674718932,8.435395924e-06,6.104347112e-05,2.469903348e-07,6.209047689e-05,3.773001439e-07,0.0001090778504,1.737576533e-06,0.2109008152
1568.0,5.280645305e-05,7.642581764e-07,0.0003888579834,6.354622303e-06,4.208713343e-05,6.953696483e-07,0.000472063442,2.317672057e-05,5.923515646e-05,2.36743835e-07,6.052639564e-05,3.642265577e-07,0.0002997009251,1.605316183e-06,0.2109024205
1569.0,5.322612004e-05,7.712201474e-07,0.0003889171773,6.34698156e-06,4.279175321e-05,7.102063816e-07,0.0004776358862,8.579759679e-06,5.740474337e-05,2.262639653e-07,5.891681901e-05,3.503279026e-07,0.0001109460119,2.002592218e-06,0.2109044231
1570.0,5.430995214e-05,7.878443439e-07,0.0003946634188,6.442148785e-06,4.335593754e-05,7.202900485e-07,0.0004822819384,2.384496395e-05,5.581510946e-05,2.172476367e-07,5.745137616e-05,3.378169028e-07,0.0003083458792,1.692967921e-06,0.210906116
1571.0,5.477080654e-05,7.95358685e-07,0.0003947304992,6.430634725e-06,4.414008643e-05,7.362054745e-07,0.0004883027464,8.748408087e-06,5.428020397e-05,2.084525153e-07,5.595881883e-05,3.246613397e-07,0.0001131287282,2.106586979e-06,0.2109082226
1572.0,5.586654972e-05,8.124090486e-07,0.0004004637125,6.525920679e-06,4.474946574e-05,7.470358185e-07,0.0004913908327,2.448472241e-05,5.298054204e-05,2.011317315e-07,5.466481698e-05,3.13103349e-07,0.0003166227395,1.58368865e-06,0.2109098063
1573.0,5.632435933e-05,8.202384387e-07,0.000400467865,6.513715465e-06,4.558821212e-05,7.63789303e-07,0.0005004208794,8.895311544e-06,5.171828473e-05,1.938821535e-07,5.335622076e-05,3.01450029e-07,0.0001150304161,2.087216022e-06,0.2109118935
1574.0,5.745196649e-05,8.370667264e-07,0.0004062932417,6.611210078e-06,4.625712695e-05,7.746859495e-07,0.0005023363245,2.50456042e-05,5.073537775e-05,1.885912243e-07,5.225113311e-05,2.918544327e-07,0.0003238801828,1.563138804e-06,0.2109134567
1575.0,5.786135685e-05,8.449185574e-07,0.000406237079,6.599681474e-06,4.712902437e-05,7.909140111e-07,0.000509772163,9.009666402e-06,4.982541992e-05,1.83461412e-07,5.119359605e-05,2.819942578e-07,0.0001165111376,1.901214207e-06,0.2109153579
1576.0,5.895370549e-05,8.615219628e-07,0.0004121053812,6.697490346e-06,4.779848804e-05,8.010047275e-07,0.0005123965013,2.550207849e-05,4.921630974e-05,1.802963776e-07,5.035304273e-05,2.74170779e-07,0.0003297903812,1.423335948e-06,0.2109167812
1577.0,5.93579809e-05,8.69340336e-07,0.0004120916809,6.683397996e-06,4.867322436e-05,8.164920636e-07,0.0005180389045,9.096127379e-06,4.864089824e-05,1.774605437e-07,4.953114944e-05,2.664343798e-07,0.0001176313536,1.665037461e-06,0.2109184463
1578.0,6.038309449e-05,8.854211694e-07,0.0004175903109,6.774162191e-06,4.932122058e-05,8.257514787e-07,0.0005225975209,2.591302083e-05,4.830668596e-05,1.763878803e-07,4.894234328e-05,2.60870162e-07,0.00033511256,1.371501378e-06,0.2109198178
1579.0,6.082025645e-05,8.933140793e-07,0.000417396244,6.752986805e-06,5.017526005e-05,8.403075039e-07,0.0005280690306,9.149737015e-06,4.807723157e-05,1.756643207e-07,4.840589003e-05,2.558171322e-07,0.0001183267052,1.627926385e-06,0.2109214457
1580.0,6.177820274e-05,9.088906038e-07,0.0004224301038,6.835360095e-06,5.077366414e-05,8.485430542e-07,0.000531825243,2.628696013e-05,4.811925351e-05,1.77170777e-07,4.80951407e-05,2.531048137e-07,0.0003399545935,1.189802026e-06,0.2109226355
1581.0,6.220109744e-05,9.166201728e-07,0.0004219607476,6.808348635e-06,5.15631718e-05,8.619441403e-07,0.0005369487123,9.197420216e-06,4.828601652e-05,1.794001107e-07,4.787202021e-05,2.509448945e-07,0.0001189460118,1.582674995e-06,0.2109242182
1582.0,6.312738493e-05,9.316737876e-07,0.0004266075064,6.882473996e-06,5.210164268e-05,8.690332971e-07,0.0005402095909,2.659539556e-05,4.874631476e-05,1.847123005e-07,4.788007326e-05,2.511677213e-07,0.0003439474463,1.027212545e-06,0.2109252454
1583.0,6.352713921e-05,9.393713781e-07,0.0004259894933,6.8489206e-06,5.282679459e-05,8.812272752e-07,0.0005478277052,2.731782498e-05,4.943027244e-05,1.913146625e-07,4.799981125e-05,2.522697111e-07,0.0003532929539,1.222502588e-06,0.2109264679
1584.0,6.40434596e-05,9.490259595e-07,0.0004262168481,6.831285809e-06,5.348936746e-05,8.92161761e-07,0.0005527480812,9.427077771e-06,5.03215246e-05,1.984138253e-07,4.821259576e-05,2.554153371e-07,0.0001219170251,1.520423292e-06,0.2109279883
1585.0,6.497180218e-05,9.64164269e-07,0.0004312837708,6.913260125e-06,5.384067135e-05,8.955564913e-07,0.000555232649,2.724955649e-05,5.164757819e-05,2.07364008e-07,4.873573954e-05,2.62202697e-07,0.0003524101606,1.21229416e-06,0.2109292006
1586.0,6.538384495e-05,9.720213602e-07,0.0004308619432,6.884439176e-06,5.440535367e-05,9.047803883e-07,0.0005590754322,2.772935722e-05,5.317733646e-05,2.164812423e-07,4.946156323e-05,2.696567655e-07,0.0003586149183,1.180884966e-06,0.2109303815
1587.0,6.582596432e-05,9.812433388e-07,0.0004310420032,6.870085026e-06,5.491088108e-05,9.130431676e-07,0.0005640237948,2.817573611e-05,5.482832762e-05,2.261138733e-07,5.039682382e-05,2.781855339e-07,0.0003643866535,1.032033116e-06,0.2109314135
1588.0,6.633285667e-05,9.907434958e-07,0.0004316278535,6.864020032e-06,5.534721192e-05,9.19756593e-07,0.0005702872048,2.846229108e-05,5.654143474e-05,2.360077528e-07,5.147712998e-05,2.877035821e-07,0.0003680927656,1.271644344e-06,0.2109326852
1589.0,6.685912293e-05,1.000425963e-06,0.0004325784383,6.865379765e-06,5.572440152e-05,9.249729419e-07,0.0005731715774,2.86243344e-05,5.833520849e-05,2.460804256e-07,5.269063149e-05,2.979970869e-07,0.0003701853737,1.137884704e-06,0.210933823
1590.0,6.732241222e-05,1.009944042e-06,0.0004336922946,6.870547221e-06,5.602527648e-05,9.289305921e-07,0.0005768201212,2.865112036e-05,6.016815652e-05,2.564014824e-07,5.406306782e-05,3.088635112e-07,0.0003705324004,1.225105574e-06,0.2109350481
1591.0,6.781596033e-05,1.019295631e-06,0.0004348857225,6.876877107e-06,5.627913575e-05,9.319791702e-07,0.0005796341887,2.860038858e-05,6.203096384e-05,2.667366167e-07,5.550595247e-05,3.200047901e-07,0.0003698745213,1.278147352e-06,0.2109363263
1592.0,6.823210882e-05,1.028326231e-06,0.0004359659559,6.880768557e-06,5.649043424e-05,9.344106726e-07,0.0005814126143,2.852348325e-05,6.392488434e-05,2.770723593e-07,5.696857336e-05,3.314851201e-07,0.0003688774275,1.192002203e-06,0.2109375183
1593.0,6.863256959e-05,1.037048173e-06,0.0004368494112,6.880606413e-06,5.667291166e-05,9.364536628e-07,0.0005851540818,2.842381144e-05,6.582784656e-05,2.874464069e-07,5.84488016e-05,3.431919339e-07,0.0003675884032,1.528486909e-06,0.2109390468
1594.0,6.901934253e-05,1.045555693e-06,0.0004375109584,6.875166645e-06,5.685371557e-05,9.383298375e-07,0.0005865468287,2.833789224e-05,6.771765846e-05,2.978060927e-07,5.995367826e-05,3.55197239e-07,0.0003664725955,1.467800024e-06,0.2109405146
1595.0,6.931720543e-05,1.053718113e-06,0.0004377624028,6.863573104e-06,5.700257712e-05,9.399673227e-07,0.0005890630677,2.827149983e-05,6.958761559e-05,3.081228851e-07,6.147974743e-05,3.672962075e-07,0.0003656137104,1.317818628e-06,0.2109418324
1596.0,6.962464431e-05,1.061637834e-06,0.0004376266132,6.846300492e-06,5.712894492e-05,9.414750498e-07,0.0005906058576,2.822026834e-05,7.142905009e-05,3.184173192e-07,6.302391263e-05,3.792879728e-07,0.0003649492534,1.197792704e-06,0.2109430302
1597.0,6.986515833e-05,1.069426033e-06,0.0004371894341,6.823181592e-06,5.723960762e-05,9.428252367e-07,0.0005925380045,2.825203374e-05,7.324931689e-05,3.286902658e-07,6.45710466e-05,3.91657644e-07,0.0003653570682,-2.759325083e-07,0.2109427543
1598.0,7.012045638e-05,1.077003387e-06,0.000436480665,6.795283292e-06,5.733384197e-05,9.438997982e-07,0.0005961541498,2.823131948e-05,7.50619666e-05,3.38861364e-07,6.61337357e-05,4.039047993e-07,0.0003650878133,-9.203151146e-07,0.2109418339
1599.0,7.037378473e-05,1.084454187e-06,0.0004355730687,6.76335939e-06,5.74021774e-05,9.445977311e-07,0.0005968524768,2.822362163e-05,7.683934132e-05,3.489134379e-07,6.770115949e-05,4.160104986e-07,0.0003649839895,-2.173393631e-06,0.2109396606
1600.0,7.054936811e-05,1.091552662e-06,0.0004344397536,6.72749084e-06,5.742625783e-05,9.447669824e-07,0.0006004026215,2.819655381e-05,7.857843849e-05,3.588540583e-07,6.923815547e-05,4.284175537e-07,0.0003646333567,-3.336682704e-06,0.2109363239
1601.0,7.074233548e-05,1.098262486e-06,0.0004331796211,6.689491555e-06,5.742202198e-05,9.443999353e-07,0.0006005465795,2.814396313e-05,8.02753309e-05,3.686304612e-07,7.077425155e-05,4.403012242e-07,0.0003639508735,-4.612653445e-06,0.2109317112
1602.0,7.084016236e-05,1.10439326e-06,0.0004317144333,6.650742421e-06,5.737686974e-05,9.434955422e-07,0.0006013284654,2.801795423e-05,8.193848133e-05,3.781923144e-07,7.228883613e-05,4.524615127e-07,0.0003623182355,-5.130274324e-06,0.2109265809
1603.0,7.091284999e-05,1.109814063e-06,0.0004301830912,6.610640677e-06,5.731059754e-05,9.419688835e-07,0.0006032447588,2.784561755e-05,8.356374773e-05,3.875289752e-07,7.378014118e-05,4.640119074e-07,0.0003600872923,-5.464264905e-06,0.2109211167
1604.0,7.094354365e-05,1.114645656e-06,0.0004284828601,6.568463257e-06,5.721185215e-05,9.398574145e-07,0.00060088679,2.762810719e-05,8.5150772e-05,3.966452885e-07,7.523229195e-05,4.75832327e-07,0.0003572696864,-5.847056311e-06,0.2109152696
1605.0,7.085794028e-05,1.118618333e-06,0.0004264990552,6.524109211e-06,5.705840795e-05,9.372194157e-07,0.0006008949278,2.734195129e-05,8.670673836e-05,4.054942282e-07,7.666710746e-05,4.869890689e-07,0.0003535679528,-5.682415923e-06,0.2109095872
1606.0,7.079330886e-05,1.122076924e-06,0.0004243558438,6.477289956e-06,5.688410141e-05,9.341097786e-07,0.0005990016336,2.696571973e-05,8.820955551e-05,4.141145439e-07,7.804823464e-05,4.984051387e-07,0.000348699487,-5.120255157e-06,0.2109044669
1607.0,7.068050388e-05,1.125263952e-06,0.0004219308876,6.427643847e-06,5.667269048e-05,9.305560791e-07,0.0005971918136,2.653339266e-05,8.96611735e-05,4.224881888e-07,7.940723144e-05,5.090909639e-07,0.0003431051902,-4.14466356e-06,0.2109003223
1608.0,7.059170655e-05,1.128224495e-06,0.000419235729,6.375496707e-06,5.643985126e-05,9.267601103e-07,0.0005960587225,2.602673368e-05,9.106704507e-05,4.305990507e-07,8.071348618e-05,5.19763723e-07,0.0003365519419,-2.677568721e-06,0.2108976447
1609.0,7.048333433e-05,1.130627044e-06,0.0004163541635,6.320675453e-06,5.619803672e-05,9.226797975e-07,0.0005927871173,2.548672864e-05,9.241555564e-05,4.384523776e-07,8.198087552e-05,5.304672524e-07,0.0003295638336,-1.357483252e-06,0.2108962872
1610.0,7.028964053e-05,1.132332961e-06,0.0004131699752,6.262200808e-06,5.592169575e-05,9.182854874e-07,0.0005897331636,2.489534215e-05,9.371045152e-05,4.460440571e-07,8.322282845e-05,5.403249973e-07,0.0003219150787,3.009502164e-07,0.2108965882
1611.0,7.00918187e-05,1.133359081e-06,0.0004097243243,6.200793257e-06,5.562676085e-05,9.136625421e-07,0.0005849167361,2.429831657e-05,9.495341865e-05,4.533534491e-07,8.442481853e-05,5.501019204e-07,0.0003141917866,1.668702938e-06,0.2108982569
1612.0,6.981776661e-05,1.133638144e-06,0.0004060607183,6.137293165e-06,5.531864125e-05,9.088191193e-07,0.0005802718091,2.37376132e-05,9.616065141e-05,4.603659784e-07,8.558448913e-05,5.595498952e-07,0.0003069374973,2.166421411e-06,0.2109004233
1613.0,6.951698542e-05,1.132978996e-06,0.0004022024396,6.071529612e-06,5.499171691e-05,9.037650587e-07,0.0005757769108,2.319143852e-05,9.731675408e-05,4.670753234e-07,8.669320058e-05,5.690097761e-07,0.0002998728533,3.017960084e-06,0.2109034413
1614.0,6.918720343e-05,1.131408727e-06,0.0003981559194,6.004922429e-06,5.465385855e-05,8.986243395e-07,0.0005690009583,2.266231739e-05,9.841964965e-05,4.734807621e-07,8.777617572e-05,5.776381659e-07,0.0002930259594,3.121737233e-06,0.210906563
1615.0,6.881151879e-05,1.128959201e-06,0.0003939018938,5.936088907e-06,5.428513142e-05,8.933664011e-07,0.0005636676988,2.209585809e-05,9.946387095e-05,4.795540858e-07,8.879985948e-05,5.861956121e-07,0.0002856990833,2.14054941e-06,0.2109087036
1616.0,6.851804529e-05,1.125994467e-06,0.0003895304397,5.86603171e-06,5.390598878e-05,8.882220837e-07,0.0005565721179,2.147144402e-05,0.0001004466748,4.853009267e-07,8.977263047e-05,5.943958655e-07,0.0002776216443,1.610439987e-06,0.210910314
1617.0,6.820430661e-05,1.122534811e-06,0.0003849714213,5.794366779e-06,5.351680179e-05,8.831919413e-07,0.0005491918215,2.086349664e-05,0.0001013643451,4.90680635e-07,9.068620343e-05,6.022563934e-07,0.0002697573781,5.567767427e-07,0.2109108708
1618.0,6.788376824e-05,1.118046714e-06,0.0003803834225,5.723225968e-06,5.313324879e-05,8.78424739e-07,0.0005440764192,2.026102113e-05,0.0001022108593,4.956643229e-07,9.15420147e-05,6.097600356e-07,0.0002619653422,4.730253879e-07,0.2109113438
1619.0,6.75017503e-05,1.112468647e-06,0.0003757744219,5.653572742e-06,5.275825459e-05,8.739194309e-07,0.0005343921558,1.969826288e-05,0.0001030032814,5.003581688e-07,9.234155774e-05,6.168601713e-07,0.0002546845579,-5.43077777e-07,0.2109108007
1620.0,6.699044165e-05,1.10560643e-06,0.0003709657924,5.5834424e-06,5.236962105e-05,8.694441473e-07,0.0005268424826,1.91985274e-05,0.0001037358833,5.047185523e-07,9.308196517e-05,6.235962723e-07,0.0002482216298,-1.46089551e-06,0.2109093398
1621.0,6.648899128e-05,1.097669972e-06,0.000366153719,5.514379416e-06,5.199625086e-05,8.651364777e-07,0.0005178332794,1.865434399e-05,0.0001043980301,5.08675366e-07,9.376407068e-05,6.299108781e-07,0.0002411828676,-2.201133337e-06,0.2109071387
1622.0,6.588949164e-05,1.088723513e-06,0.0003613301192,5.447368985e-06,5.162386869e-05,8.608852703e-07,0.0005081555171,1.814826824e-05,0.0001050092783,5.122205711e-07,9.439228521e-05,6.357930936e-07,0.0002346370767,-2.798012004e-06,0.2109043407
1623.0,6.5271111e-05,1.078785745e-06,0.0003565742914,5.382549742e-06,5.125526009e-05,8.565730498e-07,0.0005003669495,1.765455986e-05,0.0001055520581,5.153557251e-07,9.497194031e-05,6.412442233e-07,0.0002282524204,-2.650818642e-06,0.2109016899
1624.0,6.464361636e-05,1.068180072e-06,0.00035187274,5.320962014e-06,5.090440829e-05,8.521857881e-07,0.0004895809284,1.719205095e-05,0.0001059976098,5.179479793e-07,9.549515282e-05,6.462364441e-07,0.0002222689726,-2.57784793e-06,0.210899112
1625.0,6.395603733e-05,1.056887458e-06,0.0003471951674,5.261907766e-06,5.054776313e-05,8.475056041e-07,0.0004806597011,1.677014121e-05,0.0001064126299,5.202806996e-07,9.595592419e-05,6.507739405e-07,0.0002168130455,-1.99711349e-06,0.2108971149
1626.0,6.331930653e-05,1.045188874e-06,0.0003427046825,5.206631608e-06,5.020113277e-05,8.427470865e-07,0.0004696731908,1.637409515e-05,0.0001067447512,5.221975371e-07,9.63581096e-05,6.548195619e-07,0.0002116909546,-1.234621926e-06,0.2108958803
1627.0,6.262317854e-05,1.032909137e-06,0.0003383988326,5.156038389e-06,4.98569565e-05,8.376820612e-07,0.0004607394918,1.602861771e-05,0.0001069998617,5.237238409e-07,9.669750133e-05,6.583654487e-07,0.000207222444,-4.141811544e-07,0.2108954661
1628.0,6.192372842e-05,1.020018201e-06,0.0003343685934,5.110809632e-06,4.95183268e-05,8.323552289e-07,0.0004525539549,1.574166428e-05,0.0001071799089,5.248119774e-07,9.697929726e-05,6.614059901e-07,0.0002035121008,8.363949094e-07,0.2108963025
1629.0,6.119547367e-05,1.0063929e-06,0.0003306773532,5.069982285e-06,4.918132853e-05,8.267315333e-07,0.0004431428199,1.554672784e-05,0.0001072839393,5.255127295e-07,9.720065291e-05,6.639706445e-07,0.0002009897647,1.21004933e-06,0.2108975125
1630.0,6.039992064e-05,9.920105127e-07,0.0003272597389,5.036565623e-06,4.88261843e-05,8.207285868e-07,0.0004362428864,1.541017427e-05,0.0001073153085,5.25748464e-07,9.736570423e-05,6.66037291e-07,0.0001992242635,1.616129936e-06,0.2108991287
1631.0,5.961162643e-05,9.76972727e-07,0.0003243135897,5.008209754e-06,4.846301883e-05,8.143255097e-07,0.0004270911303,1.533214057e-05,0.0001072707108,5.255741033e-07,9.746654554e-05,6.675816969e-07,0.0001982147717,1.873198714e-06,0.2109010019
1632.0,5.875725989e-05,9.615205097e-07,0.0003217109375,4.98564729e-06,4.808385181e-05,8.075782682e-07,0.0004197180479,1.527506824e-05,0.0001071790084,5.249705976e-07,9.750778926e-05,6.686163042e-07,0.0001974762144,1.922508873e-06,0.2109029244
1633.0,5.79358446e-05,9.457555398e-07,0.0003195125993,4.967078595e-06,4.770662692e-05,8.005417584e-07,0.0004150250004,1.525866166e-05,0.0001069680586,5.238419858e-07,9.748145605e-05,6.691117792e-07,0.0001972644521,1.926110234e-06,0.2109048505
1634.0,5.715489429e-05,9.298874931e-07,0.0003178161035,4.952657126e-06,4.733261371e-05,7.932638231e-07,0.0004084370417,1.5244888e-05,0.0001066879153,5.222574324e-07,9.739106817e-05,6.690857657e-07,0.0001970850087,1.578908179e-06,0.2109064294
1635.0,5.632311314e-05,9.137645005e-07,0.0003163122758,4.940752072e-06,4.69368812e-05,7.85723601e-07,0.0004039244316,1.52855882e-05,0.0001063363746,5.202710756e-07,9.723005537e-05,6.685555213e-07,0.0001976122345,1.232821347e-06,0.2109076622
1636.0,5.554472326e-05,8.973867037e-07,0.0003151169054,4.932438961e-06,4.654108873e-05,7.779546114e-07,0.0004001825783,1.535489759e-05,0.0001059081353,5.178288476e-07,9.700502776e-05,6.674808955e-07,0.0001985082645,1.372454562e-06,0.2109090347
1637.0,5.471357647e-05,8.807031841e-07,0.0003141775484,4.928151465e-06,4.613866831e-05,7.699993222e-07,0.0003967084384,1.549656895e-05,0.0001053978048,5.149230137e-07,9.670620512e-05,6.65859584e-07,0.0002003398281,8.390304426e-07,0.2109098737
1638.0,5.389096081e-05,8.637506221e-07,0.0003134530925,4.926479806e-06,4.573759422e-05,7.618897612e-07,0.0003962894144,1.569943654e-05,0.0001048056322,5.115851394e-07,9.634607172e-05,6.636913888e-07,0.0002029637546,8.090942035e-07,0.2109106828
1639.0,5.310739276e-05,8.469536615e-07,0.0003130924083,4.927102613e-06,4.534625444e-05,7.53683467e-07,0.0003942185898,1.586012462e-05,0.0001041333912,5.078254483e-07,9.591680307e-05,6.609859552e-07,0.0002050402741,5.672322611e-07,0.21091125
1640.0,5.227591539e-05,8.301896467e-07,0.0003128586954,4.929687454e-06,4.494031336e-05,7.452960421e-07,0.000393833836,1.606874275e-05,0.0001033830304,5.036388983e-07,9.542750273e-05,6.57704763e-07,0.0002077389269,6.070820735e-07,0.2109118571
1641.0,5.151759012e-05,8.136603971e-07,0.0003127993646,4.935062214e-06,4.453382212e-05,7.369097792e-07,0.0003930773356,1.625400626e-05,0.0001025600097,4.991021005e-07,9.487325286e-05,6.53881832e-07,0.0002101350555,7.617293283e-07,0.2109126188
1642.0,5.077315622e-05,7.976613353e-07,0.0003128669223,4.941899795e-06,4.4127954e-05,7.285888098e-07,0.0003931948756,1.644124614e-05,0.0001016605195,4.941474411e-07,9.425140942e-05,6.495495706e-07,0.0002125565373,8.289914894e-07,0.2109134478
1643.0,5.008953278e-05,7.822014472e-07,0.000313111087,4.95059878e-06,4.373534339e-05,7.203008594e-07,0.0003951028477,1.664444614e-05,0.0001006792337,4.888281054e-07,9.357072721e-05,6.446660267e-07,0.0002151854885,1.413314546e-06,0.2109148611
1644.0,4.943061016e-05,7.672692708e-07,0.0003134601289,4.962164428e-06,4.335357653e-05,7.121267719e-07,0.0003939999174,1.681110537e-05,9.963384062e-05,4.83138535e-07,9.282626268e-05,6.392369341e-07,0.0002173404533,1.709639438e-06,0.2109165708
1645.0,4.875031872e-05,7.528920112e-07,0.0003138697478,4.976817597e-06,4.296150005e-05,7.040722458e-07,0.0003966776999,1.700917652e-05,9.851630004e-05,4.769609145e-07,9.201548958e-05,6.335402742e-07,0.0002199037763,2.187198945e-06,0.210918758
1646.0,4.81515283e-05,7.391381306e-07,0.0003144141325,4.995056992e-06,4.257071451e-05,6.9611461e-07,0.0003968082349,1.720120124e-05,9.733633874e-05,4.703935364e-07,9.116370209e-05,6.268235488e-07,0.0002223882458,2.56771931e-06,0.2109213257
1647.0,4.752884429e-05,7.26084952e-07,0.0003150257566,5.015624321e-06,4.217321928e-05,6.881952212e-07,0.0003982545263,1.740687992e-05,9.608946164e-05,4.634410365e-07,9.024178179e-05,6.198930853e-07,0.0002250491535,2.77770086e-06,0.2109241034
1648.0,4.698343654e-05,7.13942223e-07,0.000315800981,5.039256147e-06,4.179739705e-05,6.805021204e-07,0.0004016113663,1.764646438e-05,9.478497698e-05,4.561356052e-07,8.925889414e-05,6.124846962e-07,0.0002281492961,2.497142778e-06,0.2109266005
1649.0,4.648778396e-05,7.025892439e-07,0.0003167126277,5.064952372e-06,4.144491218e-05,6.730811822e-07,0.0004013560844,1.781327169e-05,9.341536864e-05,4.485068934e-07,8.821427159e-05,6.048299607e-07,0.0002303066182,3.056834388e-06,0.2109296574
1650.0,4.600595626e-05,6.923545367e-07,0.0003176443423,5.093612738e-06,4.107863776e-05,6.659700324e-07,0.0004036264592,1.802555114e-05,9.198009119e-05,4.405124436e-07,8.713094047e-05,5.963061972e-07,0.0002330542997,3.077815374e-06,0.2109327352
1651.0,4.565010969e-05,6.831939538e-07,0.0003187538576,5.125293886e-06,4.072725264e-05,6.591871996e-07,0.0004043183069,1.822990728e-05,9.049109774e-05,4.322013017e-07,8.597973028e-05,5.874969932e-07,0.0002356983192,2.938061871e-06,0.2109356733
1652.0,4.532531503e-05,6.753481131e-07,0.0003201013908,5.16128532e-06,4.038461956e-05,6.527662281e-07,0.0004056762668,1.845207721e-05,8.895241034e-05,4.235695596e-07,8.476023215e-05,5.784332908e-07,0.000238572311,2.627994724e-06,0.2109383013
1653.0,4.5079966e-05,6.689052466e-07,0.000321806533,5.20352945e-06,4.007803471e-05,6.469273507e-07,0.0004082295192,1.873145659e-05,8.735608553e-05,4.146569187e-07,8.350893392e-05,5.685862671e-07,0.0002421876724,2.62793892e-06,0.2109409292
1654.0,4.491333464e-05,6.638412352e-07,0.0003238287582,5.253540973e-06,3.980164386e-05,6.418290942e-07,0.0004092901148,1.896927064e-05,8.570508658e-05,4.053985853e-07,8.219926065e-05,5.584607183e-07,0.0002452628553,2.255942315e-06,0.2109431851
1655.0,4.476456023e-05,6.598123412e-07,0.0003260138289,5.310660262e-06,3.954499027e-05,6.373967026e-07,0.0004109661182,1.924782775e-05,8.400207541e-05,3.958597108e-07,8.083897737e-05,5.481323547e-07,0.0002488674966,2.030393203e-06,0.2109452155
1656.0,4.473174952e-05,6.571961123e-07,0.0003286244087,5.371952503e-06,3.931737031e-05,6.337217149e-07,0.000412382193,1.952704004e-05,8.22659564e-05,3.860303793e-07,7.945214854e-05,5.370859921e-07,0.0002524800992,1.780438224e-06,0.210946996
1657.0,4.477016825e-05,6.560868217e-07,0.0003315104524,5.434385228e-06,3.912030766e-05,6.307796358e-07,0.0004151591817,1.980000076e-05,8.049046908e-05,3.759824718e-07,7.800773319e-05,5.259354105e-07,0.000256011246,1.453119633e-06,0.2109484491
1658.0,4.492275274e-05,6.5620413e-07,0.0003346882718,5.496576725e-06,3.896048581e-05,6.288514185e-07,0.00041887393,2.012488328e-05,7.86708943e-05,3.656873624e-07,7.654009192e-05,5.140956179e-07,0.0002602153107,1.534481452e-06,0.2109499836
1659.0,4.516266076e-05,6.578980658e-07,0.0003380572214,5.559109374e-06,3.885182809e-05,6.279010775e-07,0.0004205356537,2.039270311e-05,7.681381659e-05,3.551461136e-07,7.501700947e-05,5.02184175e-07,0.0002636792942,1.342347905e-06,0.2109513259
1660.0,4.54383681e-05,6.607309366e-07,0.0003415441022,5.620296356e-06,3.877856127e-05,6.277196839e-07,0.0004244064545,2.069896361e-05,7.493002215e-05,3.444767014e-07,7.34796791e-05,4.897003639e-07,0.0002676430006,1.361829667e-06,0.2109526877
1661.0,4.584393417e-05,6.649660964e-07,0.0003452635194,5.681714211e-06,3.875831993e-05,6.286212047e-07,0.0004268736886,2.099880873e-05,7.301362634e-05,3.336684818e-07,7.190122635e-05,4.771436698e-07,0.000271522655,1.395516688e-06,0.2109540833
1662.0,4.626391562e-05,6.704979139e-07,0.0003489319927,5.743138325e-06,3.877655639e-05,6.306924443e-07,0.0004295441927,2.130346337e-05,7.108080272e-05,3.226256435e-07,7.029585387e-05,4.641854046e-07,0.0002754644249,1.33874784e-06,0.210955422
1663.0,4.678398648e-05,6.772644399e-07,0.00035265294,5.803596567e-06,3.886687675e-05,6.339662711e-07,0.0004353377856,2.166055204e-05,6.913642825e-05,3.11436151e-07,6.867837252e-05,4.509492308e-07,0.0002800853294,1.692530908e-06,0.2109571145
1664.0,4.737914724e-05,6.851701835e-07,0.0003564922876,5.862093339e-06,3.902762626e-05,6.383599781e-07,0.0004374247065,7.791201747e-06,6.712466831e-05,2.99608944e-07,6.697216582e-05,4.370184029e-07,0.0001007457851,1.341262607e-06,0.2109584558
1665.0,4.84994456e-05,7.010686687e-07,0.0003655177733,6.016308352e-06,3.908682169e-05,6.392633948e-07,0.0004403454275,2.138807801e-05,6.524765644e-05,2.887131403e-07,6.540310222e-05,4.24110534e-07,0.0002765666912,1.548072871e-06,0.2109600039
1666.0,4.889553108e-05,7.066370647e-07,0.000367004602,6.030752488e-06,3.944045879e-05,6.483225732e-07,0.0004447461005,2.18923647e-05,6.332530253e-05,2.773699994e-07,6.375488107e-05,4.104257569e-07,0.0002830897738,1.518503891e-06,0.2109615224
1667.0,4.942788752e-05,7.145788217e-07,0.0003687312699,6.048852189e-06,3.989179048e-05,6.589457045e-07,0.0004492691019,7.955859268e-06,6.13542937e-05,2.655622489e-07,6.206901579e-05,3.961079165e-07,0.0001028777326,1.118809138e-06,0.2109626412
1668.0,5.056470667e-05,7.306181363e-07,0.0003754826275,6.160635834e-06,4.02319822e-05,6.656053185e-07,0.0004543533031,2.219926996e-05,5.955183847e-05,2.546494299e-07,6.051915265e-05,3.828729801e-07,0.0002870630303,1.375426893e-06,0.2109640166
1669.0,5.100761543e-05,7.371249106e-07,0.0003759047861,6.156942862e-06,4.085408595e-05,6.788768426e-07,0.0004595261366,2.288402721e-05,5.775282394e-05,2.437015084e-07,5.895962292e-05,3.691545353e-07,0.0002959182308,1.082797416e-06,0.2109650994
1670.0,5.157957471e-05,7.46226361e-07,0.0003770463803,6.16721311e-06,4.152295805e-05,6.923531604e-07,0.0004663847596,8.327156196e-06,5.596615999e-05,2.327904707e-07,5.739970714e-05,3.548838021e-07,0.0001076813947,7.851981516e-07,0.2109658846
1671.0,5.280209358e-05,7.63499021e-07,0.0003837362625,6.279441197e-06,4.201069918e-05,7.003000686e-07,0.0004684916692,2.32570195e-05,5.440791487e-05,2.231772618e-07,5.599459941e-05,3.420427733e-07,0.0003007463234,7.15777465e-07,0.2109666004
1672.0,5.326075289e-05,7.712667706e-07,0.0003843565213,6.278060801e-06,4.27474183e-05,7.147596048e-07,0.0004752111069,8.366395268e-06,5.29128969e-05,2.133508593e-07,5.454330886e-05,3.284221082e-07,0.0001081898833,3.119297987e-07,0.2109669123
1673.0,5.440836456e-05,7.880566546e-07,0.0003905801783,6.37936277e-06,4.332786533e-05,7.241064374e-07,0.0004797794691,2.360400897e-05,5.163423598e-05,2.052018111e-07,5.328712701e-05,3.163500927e-07,0.000305237693,3.123851086e-07,0.2109672247
1674.0,5.485580816e-05,7.954483089e-07,0.0003908098009,6.3690831e-06,4.416067161e-05,7.401418512e-07,0.0004852862302,8.457232056e-06,5.039491809e-05,1.973716183e-07,5.201267983e-05,3.0399287e-07,0.0001093659481,-3.022424392e-08,0.2109671945
1675.0,5.590232846e-05,8.114703172e-07,0.0003964140775,6.460645884e-06,4.480745766e-05,7.5091518e-07,0.0004902328204,2.403889863e-05,4.941087339e-05,1.914139101e-07,5.092778942e-05,2.937009555e-07,0.0003108659302,-2.15365518e-07,0.2109669791
1676.0,5.633705044e-05,8.187427184e-07,0.0003963222026,6.444817875e-06,4.569185353e-05,7.675231057e-07,0.0004955207985,8.59326685e-06,4.850992938e-05,1.857623364e-07,4.988014346e-05,2.832327711e-07,0.0001111273669,-3.347517963e-07,0.2109666444
1677.0,5.734103844e-05,8.344947491e-07,0.0004017145487,6.532330485e-06,4.635369375e-05,7.781245232e-07,0.0004988572278,2.454032972e-05,4.78752911e-05,1.820395374e-07,4.905819152e-05,2.749292392e-07,0.0003173558344,-6.492636009e-07,0.2109659951
1678.0,5.77538792e-05,8.41813082e-07,0.0004016511762,6.514858458e-06,4.724847522e-05,7.940427502e-07,0.0005067010859,8.745443234e-06,4.731143303e-05,1.784929809e-07,4.82409495e-05,2.665028433e-07,0.000113097917,-4.77171637e-07,0.2109655179
1679.0,5.878081482e-05,8.574345807e-07,0.0004069302714,6.598095422e-06,4.790701743e-05,8.036352035e-07,0.0005088553678,2.505019091e-05,4.695927023e-05,1.767011329e-07,4.765154948e-05,2.603411762e-07,0.0003239552065,-6.547030475e-07,0.2109648632
1680.0,5.915844415e-05,8.64962993e-07,0.0004066704825,6.577019993e-06,4.874902108e-05,8.18434267e-07,0.0005157035114,8.883283731e-06,4.671155727e-05,1.749565126e-07,4.710782706e-05,2.544658721e-07,0.000114882723,-5.477493693e-07,0.2109643155
1681.0,6.015609819e-05,8.803149413e-07,0.0004115786438,6.654588591e-06,4.93359661e-05,8.268097334e-07,0.0005187983103,2.55097388e-05,4.671412018e-05,1.751447765e-07,4.679519924e-05,2.51206279e-07,0.0003299064825,-5.546412355e-07,0.2109637608
1682.0,6.054311782e-05,8.87996217e-07,0.0004112506973,6.630124266e-06,5.012007748e-05,8.403526832e-07,0.0005245064739,9.014315242e-06,4.684691577e-05,1.7558091e-07,4.655315123e-05,2.480156395e-07,0.0001165791731,-5.764036348e-07,0.2109631844
1683.0,6.147455354e-05,9.029010819e-07,0.0004158255341,6.701312648e-06,5.063919151e-05,8.474542045e-07,0.0005286542129,2.591606585e-05,4.725519544e-05,1.784241026e-07,4.655007838e-05,2.472749737e-07,0.0003351671563,-3.382541967e-07,0.2109628462
1684.0,6.188338598e-05,9.106147003e-07,0.0004154504116,6.67153869e-06,5.13681057e-05,8.59735224e-07,0.0005343668092,2.665641796e-05,4.786412916e-05,1.826862062e-07,4.663644457e-05,2.472244125e-07,0.0003447414768,-4.461721535e-07,0.2109624
1685.0,6.235695454e-05,9.203016959e-07,0.0004157656801,6.656308526e-06,5.200472013e-05,8.706695428e-07,0.0005406219197,9.359155104e-06,4.86727565e-05,1.883752105e-07,4.683186994e-05,2.481275612e-07,0.0001210407354,-4.421212918e-07,0.2109619579
1686.0,6.330589932e-05,9.351469345e-07,0.0004206481574,6.73419233e-06,5.234312083e-05,8.743384633e-07,0.0005413792829,2.667251359e-05,4.991380407e-05,1.964410788e-07,4.728392308e-05,2.526148511e-07,0.000344951909,-3.465474408e-07,0.2109616113
1687.0,6.366885831e-05,9.430049127e-07,0.0004203693496,6.708104176e-06,5.290054954e-05,8.837071514e-07,0.0005463128653,2.71843769e-05,5.134619051e-05,2.049334472e-07,4.794677883e-05,2.587740716e-07,0.000351571486,-5.605144213e-07,0.2109610508
1688.0,6.413676322e-05,9.523167479e-07,0.0004206808022,6.694385586e-06,5.340735264e-05,8.920289127e-07,0.0005527085788,9.408172027e-06,5.28432856e-05,2.134432994e-07,4.876290896e-05,2.658457123e-07,0.0001216747759,-5.496524085e-07,0.2109605012
1689.0,6.500200699e-05,9.659883595e-07,0.000425273228,6.767842475e-06,5.365642927e-05,8.936801812e-07,0.0005519998171,2.682532562e-05,5.455309994e-05,2.235245976e-07,4.985788597e-05,2.753616377e-07,0.0003469258017,-6.184216343e-07,0.2109598827
1690.0,6.529453541e-05,9.732904223e-07,0.0004247083375,6.735815242e-06,5.411263372e-05,9.011860656e-07,0.0005587293926,2.729808406e-05,5.632115104e-05,2.335847516e-07,5.100295809e-05,2.853242851e-07,0.0003530407355,-7.050131246e-07,0.2109591777
1691.0,6.570441035e-05,9.819527617e-07,0.0004246064949,6.713499953e-06,5.451983316e-05,9.079292917e-07,0.0005625559303,2.7737208e-05,5.8106639e-05,2.440106334e-07,5.231122876e-05,2.959239314e-07,0.0003587190148,-8.678185364e-07,0.2109583099
1692.0,6.607660942e-05,9.909230134e-07,0.0004246183251,6.69652569e-06,5.484801568e-05,9.133265283e-07,0.0005669348558,2.803123609e-05,5.991752271e-05,2.546957381e-07,5.371438978e-05,3.071572403e-07,0.0003625202824,-1.177800049e-06,0.2109571321
1693.0,6.649410583e-05,1.000102933e-06,0.000424861774,6.68418701e-06,5.512294435e-05,9.174330403e-07,0.0005723216464,2.821120722e-05,6.177411919e-05,2.655087912e-07,5.515117163e-05,3.188686037e-07,0.0003648473483,-1.078175841e-06,0.2109560539
1694.0,6.691559183e-05,1.009269606e-06,0.0004252974435,6.675832198e-06,5.534858586e-05,9.203358332e-07,0.0005732864516,2.820233695e-05,6.363818528e-05,2.763620747e-07,5.660107479e-05,3.309677457e-07,0.0003647289423,-1.404432348e-06,0.2109546495
1695.0,6.725403807e-05,1.018023376e-06,0.0004257194506,6.668719053e-06,5.551855302e-05,9.221919228e-07,0.0005762723508,2.816005339e-05,6.550286257e-05,2.872418306e-07,5.807599683e-05,3.433373725e-07,0.0003641819079,-1.496129948e-06,0.2109531534
1696.0,6.761266027e-05,1.026407618e-06,0.0004261440173,6.660816185e-06,5.566164647e-05,9.233511044e-07,0.0005774348065,2.805953457e-05,6.733865835e-05,2.980755891e-07,5.956345411e-05,3.558928847e-07,0.0003628801764,-1.664559061e-06,0.2109514888
1697.0,6.789368448e-05,1.034237697e-06,0.000426348301,6.650619803e-06,5.576364334e-05,9.239943251e-07,0.0005788144135,2.793869873e-05,6.91471492e-05,3.088726467e-07,6.106974948e-05,3.68585224e-07,0.0003613151402,-1.955266617e-06,0.2109495335
1698.0,6.815263942e-05,1.041653235e-06,0.0004263178592,6.636419123e-06,5.58430344e-05,9.243601709e-07,0.0005813372221,2.787491694e-05,7.092820179e-05,3.195813111e-07,6.258662743e-05,3.810971432e-07,0.0003604897398,-1.831556128e-06,0.210947702
1699.0,6.839098601e-05,1.048794054e-06,0.0004260577821,6.617931202e-06,5.591086762e-05,9.244881888e-07,0.0005823674601,2.774270648e-05,7.269788851e-05,3.301684289e-07,6.410175218e-05,3.940564838e-07,0.0003587751291,-2.096409684e-06,0.2109456056
1700.0,6.855593404e-05,1.055618481e-06,0.0004253974663,6.594197312e-06,5.594121877e-05,9.244120883e-07,0.0005844282806,2.764610363e-05,7.443289365e-05,3.406682186e-07,6.562265422e-05,4.06707491e-07,0.000357524943,-2.145870554e-06,0.2109434597
1701.0,6.8730074e-05,1.062168445e-06,0.0004244574187,6.566008994e-06,5.594698622e-05,9.241582889e-07,0.0005855246911,2.752311695e-05,7.613999505e-05,3.509766439e-07,6.713660143e-05,4.189999065e-07,0.0003559326279,-2.231506665e-06,0.2109412282
1702.0,6.884386943e-05,1.068484166e-06,0.0004232536364,6.533854131e-06,5.593362618e-05,9.236475464e-07,0.0005870543701,2.73657396e-05,7.78052891e-05,3.611623295e-07,6.862365842e-05,4.316466822e-07,0.0003538943166,-2.443657829e-06,0.2109387845
1703.0,6.895388642e-05,1.074535272e-06,0.0004218351358,6.498430523e-06,5.590086581e-05,9.22777917e-07,0.0005887696624,2.72322189e-05,7.943872081e-05,3.711341275e-07,7.012074179e-05,4.436300429e-07,0.000352166161,-2.245330443e-06,0.2109365392
1704.0,6.90418185e-05,1.080270431e-06,0.0004202306651,6.460226979e-06,5.585102651e-05,9.215549456e-07,0.0005879731216,2.700243398e-05,8.104667011e-05,3.808770721e-07,7.157480272e-05,4.560071147e-07,0.0003491893794,-2.429642234e-06,0.2109341096
1705.0,6.905074519e-05,1.085604941e-06,0.0004183504737,6.418522631e-06,5.576312816e-05,9.197941678e-07,0.0005884070082,2.678248417e-05,8.261474754e-05,3.904149298e-07,7.302151861e-05,4.675843864e-07,0.0003463432674,-2.411163507e-06,0.2109316984
1706.0,6.907193929e-05,1.090638741e-06,0.0004163077802,6.374269247e-06,5.564478192e-05,9.175064694e-07,0.0005870062911,2.651887968e-05,8.414960468e-05,3.996792967e-07,7.442397098e-05,4.795563895e-07,0.000342931341,-2.437352561e-06,0.2109292611
1707.0,6.900013078e-05,1.095272585e-06,0.0004140520826,6.327793664e-06,5.548827311e-05,9.14668345e-07,0.0005853421395,2.621919539e-05,8.564286731e-05,4.08662991e-07,7.580091996e-05,4.905784781e-07,0.000339052753,-2.169983657e-06,0.2109270911
1708.0,6.892344461e-05,1.099466065e-06,0.0004116541661,6.278756929e-06,5.530651751e-05,9.113232278e-07,0.0005860434886,2.590007839e-05,8.708384986e-05,4.174036222e-07,7.712945663e-05,5.019771396e-07,0.0003349240571,-2.232539159e-06,0.2109248585
1709.0,6.882369312e-05,1.103174442e-06,0.0004090748213,6.228575743e-06,5.510652212e-05,9.074960353e-07,0.0005823826108,2.551919062e-05,8.847577715e-05,4.25877239e-07,7.843300665e-05,5.124176104e-07,0.0003299938444,-1.978637138e-06,0.2109228799
1710.0,6.862888941e-05,1.106163154e-06,0.0004061762721,6.176319238e-06,5.485489033e-05,9.032215215e-07,0.000580586526,2.512182965e-05,8.981381168e-05,4.340486434e-07,7.969191234e-05,5.229083107e-07,0.0003248542553,-1.841652423e-06,0.2109210382
1711.0,6.846039167e-05,1.108629434e-06,0.0004031486239,6.121863142e-06,5.458582975e-05,8.985986678e-07,0.0005769727143,2.466403255e-05,9.110110319e-05,4.419214721e-07,8.090349902e-05,5.335394964e-07,0.0003189310203,-1.760575473e-06,0.2109192777
1712.0,6.822533993e-05,1.110394952e-06,0.0003998528469,6.063609636e-06,5.428848359e-05,8.936599257e-07,0.0005723501892,2.415088027e-05,9.233014019e-05,4.494578963e-07,8.209657772e-05,5.431463348e-07,0.0003122916526,-1.830546417e-06,0.2109174471
1713.0,6.798419187e-05,1.111424902e-06,0.0003963399021,6.002749977e-06,5.397738594e-05,8.884833951e-07,0.0005693258529,2.364184722e-05,9.351882733e-05,4.566887624e-07,8.324088758e-05,5.527833213e-07,0.0003057070467,-1.742305304e-06,0.2109157048
1714.0,6.774064329e-05,1.111626559e-06,0.0003926874485,5.940167433e-06,5.366526534e-05,8.83160832e-07,0.0005629430519,2.305478096e-05,9.466577586e-05,4.635712128e-07,8.434509247e-05,5.620927255e-07,0.000298110619,-1.92618231e-06,0.2109137786
1715.0,6.742953205e-05,1.110849275e-06,0.0003887346239,5.87574518e-06,5.332311563e-05,8.776252488e-07,0.0005579397,2.248778098e-05,9.575932743e-05,4.701295357e-07,8.539441979e-05,5.714129967e-07,0.0002907765411,-1.959199529e-06,0.2109118194
1716.0,6.714861468e-05,1.10921567e-06,0.0003846000664,5.809275832e-06,5.29670949e-05,8.721618093e-07,0.0005506538445,2.189654711e-05,9.679684925e-05,4.7635695e-07,8.641729848e-05,5.795879581e-07,0.0002831279458,-2.087911508e-06,0.2109097315
1717.0,6.681017702e-05,1.10664502e-06,0.0003803088285,5.740940482e-06,5.259928856e-05,8.667909686e-07,0.0005449924616,2.128869792e-05,9.77752643e-05,4.822088113e-07,8.738277551e-05,5.878317118e-07,0.0002752641528,-2.149078799e-06,0.2109075824
1718.0,6.64746112e-05,1.103097908e-06,0.0003759062795,5.670641578e-06,5.223125609e-05,8.616175131e-07,0.0005393103798,2.070235742e-05,9.869295876e-05,4.876867723e-07,8.829154483e-05,5.957044162e-07,0.000267680193,-2.208447343e-06,0.210905374
1719.0,6.611207371e-05,1.098633038e-06,0.0003714049058,5.600152494e-06,5.186618151e-05,8.567077223e-07,0.0005309605167,2.007796675e-05,9.954197822e-05,4.92752245e-07,8.914516241e-05,6.031786604e-07,0.0002596024997,-2.242090877e-06,0.2109031319
1720.0,6.567305978e-05,1.093081158e-06,0.0003667799651,5.529771399e-06,5.14900691e-05,8.519405659e-07,0.0005244995511,1.947817742e-05,0.0001003370147,4.974905029e-07,8.994124582e-05,6.102440349e-07,0.0002518454362,-2.396837403e-06,0.2109007351
1721.0,6.52467726e-05,1.086591919e-06,0.0003620814225,5.460112473e-06,5.111541868e-05,8.473286725e-07,0.0005150509778,1.890097109e-05,0.000101070312,5.018474129e-07,9.068280129e-05,6.168571641e-07,0.0002443796659,-2.44542619e-06,0.2108982896
1722.0,6.47377821e-05,1.079093498e-06,0.000357279077,5.390360343e-06,5.073773952e-05,8.428146161e-07,0.000506434946,1.832912604e-05,0.0001017441351,5.057778733e-07,9.136732331e-05,6.230444437e-07,0.0002369833011,-2.53669544e-06,0.210895753
1723.0,6.422406863e-05,1.070616242e-06,0.0003525602594,5.322057936e-06,5.038000929e-05,8.383751065e-07,0.000499093107,1.780983024e-05,0.0001023591295,5.09307728e-07,9.199930131e-05,6.28774698e-07,0.0002302678416,-2.499493876e-06,0.2108932535
1724.0,6.369237098e-05,1.06122123e-06,0.0003479655548,5.255941598e-06,5.003407867e-05,8.338718937e-07,0.0004887275187,1.730378511e-05,0.0001029092688,5.1239114e-07,9.257813938e-05,6.340513995e-07,0.0002237216201,-2.180968944e-06,0.2108910725
1725.0,6.306623344e-05,1.050789924e-06,0.0003432527714,5.191764502e-06,4.967662914e-05,8.291710486e-07,0.0004796546201,1.687391613e-05,0.0001033650198,5.150047702e-07,9.310393941e-05,6.38880502e-07,0.0002181629599,-1.539394288e-06,0.2108895331
1726.0,6.246871997e-05,1.039725852e-06,0.0003387134482,5.130768515e-06,4.933146112e-05,8.243562698e-07,0.0004701253159,1.647542841e-05,0.0001037887399,5.172314607e-07,9.356985925e-05,6.43229406e-07,0.0002130088461,-9.837734736e-07,0.2108885493
1727.0,6.180960188e-05,1.028048687e-06,0.0003343167005,5.073011505e-06,4.898890905e-05,8.193918652e-07,0.0004600721059,1.611030892e-05,0.0001041324229,5.189925398e-07,9.397756468e-05,6.470544804e-07,0.0002082863287,-4.576433489e-07,0.2108880917
1728.0,6.113738751e-05,1.015638293e-06,0.0003300989612,5.019903103e-06,4.865036132e-05,8.141387574e-07,0.0004523149534,1.584109469e-05,0.0001044025585,5.203092044e-07,9.432190542e-05,6.503578274e-07,0.0002048050539,5.251186482e-07,0.2108886168
1729.0,6.046310991e-05,1.002566662e-06,0.000326192316,4.972057713e-06,4.832794401e-05,8.087004708e-07,0.0004424689137,1.556988991e-05,0.0001045976986,5.211529584e-07,9.460932444e-05,6.531438011e-07,0.0002012961563,1.141558933e-06,0.2108897584
1730.0,5.97169789e-05,9.887126145e-07,0.0003225217715,4.929627584e-06,4.798303073e-05,8.028845725e-07,0.0004345760369,1.535640955e-05,0.0001047159505,5.215241432e-07,9.48357153e-05,6.554009266e-07,0.0001985359757,1.127471667e-06,0.2108908858
1731.0,5.897870855e-05,9.741045397e-07,0.0003191623414,4.893570578e-06,4.762988032e-05,7.967596393e-07,0.0004260189955,1.51714406e-05,0.000104763037,5.213799405e-07,9.501070228e-05,6.570979421e-07,0.000196143593,1.336159738e-06,0.210892222
1732.0,5.817324107e-05,9.588380078e-07,0.0003162257151,4.862815496e-06,4.72708439e-05,7.902405802e-07,0.000418150265,1.499276813e-05,0.0001047365849,5.207484846e-07,9.512286739e-05,6.582515723e-07,0.0001938325856,1.310013456e-06,0.210893532
1733.0,5.738117058e-05,9.430074695e-07,0.0003137195086,4.836692864e-06,4.691297244e-05,7.834338811e-07,0.0004124873965,1.486922377e-05,0.0001046590661,5.197686114e-07,9.517527511e-05,6.588265316e-07,0.0001922355169,1.393380886e-06,0.2108949254
1734.0,5.659545286e-05,9.269305833e-07,0.000311604919,4.814541416e-06,4.655430997e-05,7.763863021e-07,0.0004047387589,1.473746544e-05,0.0001044726827,5.181683019e-07,9.516131206e-05,6.588495784e-07,0.0001905308915,1.811479789e-06,0.2108967369
1735.0,5.576481916e-05,9.104776803e-07,0.0003098302881,4.796109717e-06,4.617900471e-05,7.690913962e-07,0.0004008658582,1.467838426e-05,0.0001042124473,5.16090279e-07,9.508289895e-05,6.582773809e-07,0.0001897676341,1.717875129e-06,0.2108984547
1736.0,5.498698551e-05,8.937589473e-07,0.0003083654324,4.781222826e-06,4.580591816e-05,7.615264433e-07,0.0003947364474,1.465475953e-05,0.0001038824599,5.135385078e-07,9.493636475e-05,6.571783345e-07,0.0001894621374,1.522770472e-06,0.2108999775
1737.0,5.415957486e-05,8.767283904e-07,0.0003071157207,4.769620624e-06,4.54170955e-05,7.537107581e-07,0.000390849754,1.467567125e-05,0.0001034770025,5.105083026e-07,9.472656798e-05,6.555179214e-07,0.0001897325305,1.343851948e-06,0.2109013214
1738.0,5.337760806e-05,8.594523841e-07,0.0003062134931,4.762037668e-06,4.503026572e-05,7.457663789e-07,0.0003899412277,1.479418533e-05,0.0001029874394,5.069950392e-07,9.444470665e-05,6.533208629e-07,0.0001912654822,1.469421981e-06,0.2109027908
1739.0,5.260878754e-05,8.422064687e-07,0.0003055641048,4.757678937e-06,4.464873308e-05,7.376379736e-07,0.0003861826263,1.486523586e-05,0.0001024197047,5.030006559e-07,9.410039168e-05,6.505530175e-07,0.0001921832445,5.744447504e-07,0.2109033652
1740.0,5.180336382e-05,8.248883665e-07,0.0003051090029,4.755390216e-06,4.424728202e-05,7.293459768e-07,0.0003856247245,1.502957901e-05,0.0001017718798,4.985920034e-07,9.368708097e-05,6.471979466e-07,0.0001943092523,3.176992873e-07,0.2109036829
1741.0,5.106458464e-05,8.078814178e-07,0.0003049121244,4.756042472e-06,4.385501059e-05,7.209256714e-07,0.0003843149769,1.517501976e-05,0.0001010462427,4.937122367e-07,9.321255636e-05,6.432388304e-07,0.000196190117,-2.328494751e-07,0.2109034501
1742.0,5.030719039e-05,7.910521717e-07,0.0003048909537,4.758525709e-06,4.346053832e-05,7.123652821e-07,0.0003841197316,1.534813506e-05,0.0001002468803,4.884952636e-07,9.267728398e-05,6.387409371e-07,0.0001984287756,-6.757879097e-07,0.2109027743
1743.0,4.959307584e-05,7.745121507e-07,0.0003049996031,4.763106176e-06,4.306918953e-05,7.038887199e-07,0.0003853684777,1.558563648e-05,9.937550976e-05,4.82836607e-07,9.207992464e-05,6.336405409e-07,0.0002015011192,-7.048171316e-07,0.2109020695
1744.0,4.891456189e-05,7.583789871e-07,0.0003052928267,4.770093534e-06,4.269322904e-05,6.955943115e-07,0.0003852868113,1.578375415e-05,9.842835791e-05,4.76777566e-07,9.141073337e-05,6.280927706e-07,0.0002040622679,-9.97104454e-07,0.2109010724
1745.0,4.820874846e-05,7.427811244e-07,0.0003056109976,4.779284736e-06,4.230297015e-05,6.873929364e-07,0.000386043699,1.602675681e-05,9.739858739e-05,4.702913364e-07,9.067571107e-05,6.223005937e-07,0.0002072061787,-1.027878821e-06,0.2109000445
1746.0,4.756618028e-05,7.279548659e-07,0.0003060184996,4.792324193e-06,4.191608097e-05,6.792673049e-07,0.0003863988331,1.62526459e-05,9.630965587e-05,4.634871577e-07,8.9900572e-05,6.153711256e-07,0.0002101282429,-9.792528383e-07,0.2108990652
1747.0,4.693744356e-05,7.137004746e-07,0.0003065466277,4.808630084e-06,4.152797513e-05,6.712212774e-07,0.0003879502027,1.647926817e-05,9.515691032e-05,4.562759429e-07,8.90586327e-05,6.082908073e-07,0.0002130593118,-9.211924902e-07,0.210898144
1748.0,4.637578934e-05,7.004065152e-07,0.0003072004071,4.827166474e-06,4.114354321e-05,6.634387471e-07,0.0003904044874,1.672731115e-05,9.393950121e-05,4.487215333e-07,8.815681882e-05,6.007322708e-07,0.0002162685526,-3.93650032e-07,0.2108977504
1749.0,4.586317851e-05,6.880049212e-07,0.0003079870563,4.84796976e-06,4.07819926e-05,6.560271957e-07,0.000390889955,1.695895787e-05,9.26643504e-05,4.408411174e-07,8.718848333e-05,5.929797564e-07,0.000219263868,-1.162235702e-07,0.2108976342
1750.0,4.53619049e-05,6.765276545e-07,0.0003088032859,4.871306742e-06,4.042214284e-05,6.487216789e-07,0.0003931897055,1.720765687e-05,9.132240403e-05,4.326021241e-07,8.617941453e-05,5.842390103e-07,0.0002224819323,2.956534654e-07,0.2108979298
1751.0,4.495853784e-05,6.661443646e-07,0.0003097736176,4.898724666e-06,4.00730975e-05,6.417130881e-07,0.0003937278746,1.744682607e-05,8.991696027e-05,4.240373313e-07,8.510866208e-05,5.75405699e-07,0.0002255757715,7.304378063e-07,0.2108986603
1752.0,4.456310831e-05,6.570277453e-07,0.00031082697,4.930758742e-06,3.972401272e-05,6.350861594e-07,0.0003945274744,1.769893646e-05,8.845658425e-05,4.151686534e-07,8.397356826e-05,5.664710397e-07,0.0002288369561,1.013942745e-06,0.2108996742
1753.0,4.425576478e-05,6.490997803e-07,0.0003121488642,4.968944835e-06,3.939109007e-05,6.289908928e-07,0.000398185323,1.798756999e-05,8.694817912e-05,4.060059955e-07,8.279482308e-05,5.565222239e-07,0.0002325712117,1.696385814e-06,0.2109013706
1754.0,4.402040784e-05,6.425679931e-07,0.0003138948164,5.014260044e-06,3.910103159e-05,6.234606055e-07,0.00039791505,1.825056938e-05,8.538204393e-05,3.965528118e-07,8.15616622e-05,5.464016612e-07,0.0002359720061,1.870926771e-06,0.2109032415
1755.0,4.37786227e-05,6.375310725e-07,0.0003157755889,5.066217527e-06,3.880992369e-05,6.185566503e-07,0.0003999614293,1.853445501e-05,8.376492137e-05,3.868305779e-07,8.02723623e-05,5.361209173e-07,0.0002396454298,2.096035723e-06,0.2109053375
1756.0,4.366987707e-05,6.339085959e-07,0.0003179220349,5.125246226e-06,3.855914449e-05,6.143507868e-07,0.0004011141659,1.880813566e-05,8.209655154e-05,3.76824276e-07,7.895405522e-05,5.250134232e-07,0.0002431856067,2.205523226e-06,0.2109075431
1757.0,4.358747082e-05,6.315654083e-07,0.0003204324362,5.187671851e-06,3.83305177e-05,6.107272118e-07,0.0004024606757,1.908618064e-05,8.039524203e-05,3.666523391e-07,7.757912132e-05,5.139399029e-07,0.000246782329,2.076743683e-06,0.2109096198
1758.0,4.363071966e-05,6.307682137e-07,0.0003232239722,5.250389182e-06,3.813201718e-05,6.080301995e-07,0.0004065232154,1.939314473e-05,7.865503598e-05,3.562676297e-07,7.617835466e-05,5.020697893e-07,0.0002507542987,2.256185302e-06,0.210911876
1759.0,4.379044818e-05,6.315907657e-07,0.0003263585823,5.312904856e-06,3.798305774e-05,6.062921187e-07,0.0004080202251,1.967228196e-05,7.687322023e-05,3.456832102e-07,7.472621213e-05,4.902749149e-07,0.0002543642229,1.975939785e-06,0.2109138519
1760.0,4.398244507e-05,6.338712385e-07,0.0003295660477,5.375549713e-06,3.786567713e-05,6.053028244e-07,0.0004113949719,1.997560423e-05,7.504906162e-05,3.349103241e-07,7.32493863e-05,4.777948424e-07,0.0002582896093,1.838899148e-06,0.2109156908
1761.0,4.429403273e-05,6.376437382e-07,0.0003329411016,5.438194934e-06,3.778914804e-05,6.052763314e-07,0.0004130952119,2.028147571e-05,7.319869154e-05,3.240297618e-07,7.172790142e-05,4.653966951e-07,0.0002622471272,1.614632489e-06,0.2109173055
1762.0,4.464231735e-05,6.42648842e-07,0.0003364912717,5.500843255e-06,3.775860508e-05,6.063150062e-07,0.0004167538617,2.061410823e-05,7.131799172e-05,3.130150853e-07,7.019172275e-05,4.523991873e-07,0.0002665499881,1.272358333e-06,0.2109185778
1763.0,4.507730493e-05,6.490524651e-07,0.0003401151253,5.563328706e-06,3.778150009e-05,6.085821131e-07,0.000421003422,2.094435859e-05,6.942475587e-05,3.018678709e-07,6.8611051e-05,4.394596341e-07,0.0002708238449,1.321352327e-06,0.2109198992
1764.0,4.557897108e-05,6.566575709e-07,0.000343774817,5.624881557e-06,3.787202005e-05,6.119255639e-07,0.0004234167371,7.815595952e-06,6.74391567e-05,2.901794077e-07,6.695238973e-05,4.256187567e-07,0.0001010610153,1.399192571e-06,0.2109212984
1765.0,4.66269029e-05,6.722489353e-07,0.000352518462,5.777097107e-06,3.788109404e-05,6.121662651e-07,0.0004263049969,2.072967075e-05,6.56058441e-05,2.793955075e-07,6.542283613e-05,4.126911843e-07,0.0002680520362,9.882690201e-07,0.2109222866
1766.0,4.696524395e-05,6.777233962e-07,0.0003541026223,5.796385835e-06,3.81383866e-05,6.198471469e-07,0.0004295358466,2.121104409e-05,6.370604891e-05,2.682420773e-07,6.381061223e-05,3.993478278e-07,0.0002742787056,8.923200393e-07,0.210923179
1767.0,4.742971426e-05,6.85457839e-07,0.0003559368837,5.819579188e-06,3.849645119e-05,6.289278455e-07,0.0004342487847,7.950347729e-06,6.174391044e-05,2.567562411e-07,6.214626964e-05,3.853922812e-07,0.0001028061245,1.298478813e-06,0.2109244774
1768.0,4.853611414e-05,7.013269384e-07,0.0003626692276,5.931961616e-06,3.876938462e-05,6.345806716e-07,0.0004387362012,2.14796317e-05,5.992973163e-05,2.462656845e-07,6.06001277e-05,3.72637585e-07,0.0002777567212,1.123447133e-06,0.2109256009
1769.0,4.894738909e-05,7.077289669e-07,0.0003632256369,5.932068577e-06,3.928470653e-05,6.468455858e-07,0.0004433964953,8.012677587e-06,5.805193458e-05,2.352902285e-07,5.897033416e-05,3.589563925e-07,0.0001036132724,1.566429515e-06,0.2109271673
1770.0,4.998107223e-05,7.234775322e-07,0.0003688680013,6.028878412e-06,3.971679013e-05,6.552777911e-07,0.000447285393,2.196168926e-05,5.632138714e-05,2.253910704e-07,5.748864069e-05,3.465160383e-07,0.000283993816,1.298706866e-06,0.210928466
1771.0,5.038850796e-05,7.300843408e-07,0.0003689290338,6.022654217e-06,4.037433228e-05,6.693732092e-07,0.0004534719645,8.149231796e-06,5.456941059e-05,2.153212474e-07,5.596034265e-05,3.33315987e-07,0.000105380875,1.823220876e-06,0.2109302892
1772.0,5.143691211e-05,7.459434247e-07,0.0003744629061,6.115129305e-06,4.090918276e-05,6.789695806e-07,0.0004564301115,2.257984235e-05,5.302438247e-05,2.065064518e-07,5.457299279e-05,3.213742838e-07,0.0002919901271,1.400087218e-06,0.2109316893
1773.0,5.185078242e-05,7.530705194e-07,0.0003745839168,6.105830879e-06,4.164940343e-05,6.94109513e-07,0.0004645271025,8.306606178e-06,5.154414904e-05,1.979111991e-07,5.314743479e-05,3.08812829e-07,0.0001074176742,1.985446119e-06,0.2109336748
1774.0,5.294846166e-05,7.693552349e-07,0.0003802663813,6.198287798e-06,4.224970283e-05,7.044622888e-07,0.000467325092,2.319003631e-05,5.02689464e-05,1.90826322e-07,5.190294327e-05,2.976455405e-07,0.0002998845257,1.619935868e-06,0.2109352947
1775.0,5.334707312e-05,7.767822375e-07,0.0003803149217,6.187802026e-06,4.304313434e-05,7.204366424e-07,0.0004740824259,8.449882959e-06,4.903631812e-05,1.837246472e-07,5.065186525e-05,2.862381203e-07,0.0001092718738,1.955928341e-06,0.2109372506
1776.0,5.442206529e-05,7.928481556e-07,0.0003858845084,6.281365587e-06,4.366788125e-05,7.309506533e-07,0.0004770503743,2.372479377e-05,4.805169623e-05,1.783469243e-07,4.957822184e-05,2.769646651e-07,0.0003068059691,1.616597082e-06,0.2109388672
1777.0,5.482792082e-05,8.00269746e-07,0.0003858570353,6.27074003e-06,4.45048041e-05,7.4660161e-07,0.0004835048978,8.560153515e-06,4.715331582e-05,1.732217552e-07,4.85371607e-05,2.673871902e-07,0.0001106996489,1.794823186e-06,0.2109406621
1778.0,5.585879431e-05,8.160808608e-07,0.00039148618,6.364747623e-06,4.514970135e-05,7.563916092e-07,0.0004879702932,2.418156474e-05,4.650181323e-05,1.69862698e-07,4.772437797e-05,2.597682319e-07,0.0003127198414,1.554567453e-06,0.2109422166
1779.0,5.62813221e-05,8.235228092e-07,0.0003915755256,6.352220896e-06,4.600172727e-05,7.713785046e-07,0.0004924259658,8.635508921e-06,4.593947589e-05,1.670262027e-07,4.691492586e-05,2.52132228e-07,0.0001116763719,1.712093357e-06,0.2109439287
1780.0,5.723295268e-05,8.388376804e-07,0.0003968887348,6.439870535e-06,4.662615068e-05,7.803753366e-07,0.0004968786027,2.460540659e-05,4.55803776e-05,1.657821813e-07,4.632533999e-05,2.466276553e-07,0.0003182070711,1.260497068e-06,0.2109451892
1781.0,5.765735807e-05,8.463480159e-07,0.0003966946364,6.420470546e-06,4.743977195e-05,7.944561385e-07,0.0005019349391,8.698796773e-06,4.533434436e-05,1.648732907e-07,4.578755159e-05,2.414245437e-07,0.0001124975612,1.550515895e-06,0.2109467397
1782.0,5.857159659e-05,8.612386921e-07,0.0004015199104,6.499893826e-06,4.801568341e-05,8.025213835e-07,0.0005047970042,2.498022699e-05,4.532930587e-05,1.661086066e-07,4.547097342e-05,2.38662022e-07,0.0003230610682,9.219978226e-07,0.2109476617
1783.0,5.89740904e-05,8.68601535e-07,0.0004011262232,6.474995688e-06,4.878345721e-05,8.155403455e-07,0.0005128757437,8.754333158e-06,4.54587787e-05,1.678724146e-07,4.52244506e-05,2.363360937e-07,0.0001132180679,1.438862537e-06,0.2109491006
1784.0,5.989823454e-05,8.830245368e-07,0.0004056982275,6.547099952e-06,4.931977164e-05,8.225466279e-07,0.0005137398674,2.529377731e-05,4.584954565e-05,1.726217477e-07,4.521766238e-05,2.364004889e-07,0.0003271195611,9.111558293e-07,0.2109500118
1785.0,6.023703122e-05,8.902920902e-07,0.0004050676503,6.515698085e-06,5.001269511e-05,8.343712339e-07,0.0005208831401,2.599479461e-05,4.645098354e-05,1.78740982e-07,4.529988437e-05,2.371985441e-07,0.0003361886485,9.00598531e-07,0.2109509124
1786.0,6.074791741e-05,8.994979561e-07,0.000405278397,6.499512611e-06,5.065145263e-05,8.450135765e-07,0.0005260845836,8.980685527e-06,4.725658073e-05,1.853282157e-07,4.549136277e-05,2.397321502e-07,0.0001161466837,1.315840898e-06,0.2109522282
1787.0,6.16395164e-05,9.139743879e-07,0.000410133549,6.577859874e-06,5.099526742e-05,8.484725972e-07,0.0005272826295,2.594496804e-05,4.847769347e-05,1.937055702e-07,4.594043893e-05,2.458486353e-07,0.0003355444271,8.110838386e-07,0.2109530393
1788.0,6.201825294e-05,9.214584394e-07,0.0004097484388,6.55051124e-06,5.154291024e-05,8.574785134e-07,0.0005332353323,2.640366685e-05,4.987960005e-05,2.022316228e-07,4.658992441e-05,2.527965541e-07,0.0003414779165,1.066558498e-06,0.2109541058
1789.0,6.248289583e-05,9.302572733e-07,0.0004100425374,6.537229012e-06,5.20550596e-05,8.656002959e-07,0.0005376468818,2.683108797e-05,5.143739327e-05,2.113251507e-07,4.74503591e-05,2.607177715e-07,0.00034700314,9.439109058e-07,0.2109550497
1790.0,6.293266082e-05,9.392810627e-07,0.0004105984685,6.531544987e-06,5.247566225e-05,8.722277561e-07,0.0005423232086,2.711522791e-05,5.304909971e-05,2.207110796e-07,4.84578266e-05,2.696381468e-07,0.0003506785328,1.03042842e-06,0.2109560802
1791.0,6.34284692e-05,9.484720101e-07,0.0004114219572,6.532904475e-06,5.283232363e-05,8.77394149e-07,0.0005455604135,2.725537354e-05,5.4745524e-05,2.301822154e-07,4.957877997e-05,2.793428696e-07,0.0003524903954,1.079845873e-06,0.21095716
1792.0,6.388521187e-05,9.57528474e-07,0.000412506531,6.538400965e-06,5.313366956e-05,8.813968629e-07,0.0005492239518,2.729912818e-05,5.647443971e-05,2.399663251e-07,5.085605063e-05,2.895611786e-07,0.0003530548262,1.01127821e-06,0.2109581713
1793.0,6.434173312e-05,9.664034743e-07,0.0004136898048,6.544791602e-06,5.339090223e-05,8.845488451e-07,0.0005532164155,2.725504149e-05,5.822396905e-05,2.497692262e-07,5.22171548e-05,3.001013039e-07,0.0003524851677,1.345177682e-06,0.2109595165
1794.0,6.477403809e-05,9.749969498e-07,0.0004147935822,6.549158769e-06,5.361550894e-05,8.871163025e-07,0.0005546524487,2.719421968e-05,6.001692102e-05,2.596233931e-07,5.360806682e-05,3.109343957e-07,0.0003516952165,1.308133681e-06,0.2109608246
1795.0,6.513043494e-05,9.832483055e-07,0.0004156442054,6.54911717e-06,5.380118995e-05,8.892742601e-07,0.0005575684925,2.710178539e-05,6.181761924e-05,2.695158503e-07,5.50099687e-05,3.22040869e-07,0.0003504995933,1.459058704e-06,0.2109622837
1796.0,6.550262554e-05,9.912879344e-07,0.0004162257643,6.544111467e-06,5.396912488e-05,8.912478639e-07,0.000558810046,2.701409725e-05,6.362398444e-05,2.793756425e-07,5.643545249e-05,3.334259612e-07,0.0003493637016,1.552869199e-06,0.2109638365
1797.0,6.578865876e-05,9.990343274e-07,0.0004164530217,6.53369682e-06,5.411978498e-05,8.930471698e-07,0.0005601776985,2.696470247e-05,6.54074567e-05,2.892137523e-07,5.787788907e-05,3.449272219e-07,0.0003487233006,1.215064401e-06,0.2109650516
1798.0,6.607756323e-05,1.006528889e-06,0.0004163860826,6.517584185e-06,5.425809889e-05,8.946769852e-07,0.0005644975078,2.695481049e-05,6.717254149e-05,2.990691184e-07,5.934081034e-05,3.565208072e-07,0.0003485948512,3.986332576e-07,0.2109654502
1799.0,6.636287576e-05,1.013956113e-06,0.0004160781112,6.496387985e-06,5.438641902e-05,8.961493318e-07,0.0005648677169,2.695883113e-05,6.891127082e-05,3.08882743e-07,6.081774201e-05,3.679786366e-07,0.000348643026,-5.375063176e-07,0.2109649127
1800.0,6.656770995e-05,1.021205648e-06,0.0004154091238,6.470478425e-06,5.447615022e-05,8.972969064e-07,0.0005674365754,2.696002911e-05,7.064409925e-05,3.186277056e-07,6.229707349e-05,3.798493148e-07,0.0003486582719,-1.450504121e-06,0.2109634622
1801.0,6.682391182e-05,1.028281508e-06,0.0004145507712,6.440487526e-06,5.454896161e-05,8.980866008e-07,0.0005688517513,2.694957444e-05,7.234496577e-05,3.282346337e-07,6.378504608e-05,3.916073508e-07,0.0003485207029,-2.57974185e-06,0.2109608825
1802.0,6.70046925e-05,1.03512105e-06,0.0004135038956,6.407303903e-06,5.458253572e-05,8.983871463e-07,0.0005701078364,2.694097206e-05,7.401634189e-05,3.377380595e-07,6.52660719e-05,4.030769865e-07,0.000348406971,-3.943019087e-06,0.2109569395
1803.0,6.716752741e-05,1.041506872e-06,0.0004123233664,6.371560883e-06,5.458691845e-05,8.981735982e-07,0.0005735101428,2.684451449e-05,7.564489045e-05,3.471179737e-07,6.672018687e-05,4.14820408e-07,0.0003471592442,-4.199391637e-06,0.2109527401
1804.0,6.729818919e-05,1.047445364e-06,0.0004110934276,6.335118144e-06,5.457056732e-05,8.974681282e-07,0.0005733711928,2.674950026e-05,7.724009435e-05,3.563029354e-07,6.818038981e-05,4.260390225e-07,0.000345926093,-4.987960606e-06,0.2109477521
1805.0,6.732769552e-05,1.052651956e-06,0.0004096472561,6.297288565e-06,5.450590351e-05,8.961287085e-07,0.0005744456304,2.660289921e-05,7.880704017e-05,3.652723119e-07,6.959731771e-05,4.375259723e-07,0.0003440289592,-5.318001488e-06,0.2109424341
1806.0,6.735464922e-05,1.057346887e-06,0.0004080200536,6.257616443e-06,5.441335586e-05,8.942468782e-07,0.0005729927493,2.63905196e-05,8.033475418e-05,3.740237702e-07,7.100622916e-05,4.484179217e-07,0.0003412796725,-5.407558016e-06,0.2109370266
1807.0,6.730149267e-05,1.061404592e-06,0.0004061765789,6.215700193e-06,5.428176084e-05,8.918432331e-07,0.0005729163311,2.613185594e-05,8.182289605e-05,3.825538338e-07,7.237135421e-05,4.595652934e-07,0.0003379312386,-5.300676454e-06,0.2109317259
1808.0,6.72550691e-05,1.065036809e-06,0.0004042181347,6.171829253e-06,5.412754997e-05,8.891093461e-07,0.0005728329403,2.577275204e-05,8.327154193e-05,3.908437445e-07,7.371223147e-05,4.700480279e-07,0.0003332859912,-4.364088025e-06,0.2109273618
1809.0,6.721127182e-05,1.068506288e-06,0.000402067023,6.125358425e-06,5.395205357e-05,8.858869253e-07,0.0005702495292,2.537715308e-05,8.467285692e-05,3.989084594e-07,7.500481632e-05,4.807903594e-07,0.0003281658432,-3.334502496e-06,0.2109240273
1810.0,6.711636906e-05,1.071599104e-06,0.0003995923187,6.076337054e-06,5.37447055e-05,8.823664104e-07,0.0005694123899,2.493056658e-05,8.602635868e-05,4.067321733e-07,7.627452076e-05,4.90804576e-07,0.0003223891628,-2.042041899e-06,0.2109219852
1811.0,6.703053614e-05,1.074123622e-06,0.0003968699819,6.024943247e-06,5.35141954e-05,8.786133449e-07,0.0005658255407,2.443701827e-05,8.733242277e-05,4.142997392e-07,7.750362279e-05,5.008462988e-07,0.000316004176,-6.298352863e-07,0.2109213554
1812.0,6.685056052e-05,1.076090619e-06,0.0003938810686,5.970215333e-06,5.325262427e-05,8.745308526e-07,0.0005628886961,2.392842121e-05,8.85885241e-05,4.216284769e-07,7.868610686e-05,5.108426156e-07,0.0003094245624,4.93936193e-07,0.2109218493
1813.0,6.666358517e-05,1.077293878e-06,0.0003907415721,5.912628648e-06,5.298188137e-05,8.702250795e-07,0.0005609683771,2.338398437e-05,8.978906004e-05,4.286986411e-07,7.985063007e-05,5.200187275e-07,0.0003023826696,1.838988967e-06,0.2109236883
1814.0,6.644592344e-05,1.077863381e-06,0.0003874428005,5.852950008e-06,5.27044995e-05,8.65704265e-07,0.0005556383758,2.289998075e-05,9.095657481e-05,4.354670072e-07,8.097375176e-05,5.291598265e-07,0.0002961190869,2.27167303e-06,0.21092596
1815.0,6.612916567e-05,1.077613604e-06,0.0003838248599,5.791237952e-06,5.239496933e-05,8.609226277e-07,0.0005512151625,2.239478953e-05,9.207227479e-05,4.41987857e-07,8.204477482e-05,5.382907892e-07,0.0002895846907,2.26860614e-06,0.2109282286
1816.0,6.584239834e-05,1.076527683e-06,0.0003800276997,5.728321038e-06,5.207251045e-05,8.559750989e-07,0.0005458565945,2.187627839e-05,9.314512359e-05,4.482210661e-07,8.309017705e-05,5.465954143e-07,0.0002828765224,2.094922852e-06,0.2109303235
1817.0,6.553310432e-05,1.074844496e-06,0.0003760587559,5.66395847e-06,5.172779509e-05,8.509729489e-07,0.0005395196225,2.133387502e-05,9.416535589e-05,4.541405366e-07,8.408526341e-05,5.548904646e-07,0.0002758593959,1.42613113e-06,0.2109317497
1818.0,6.527739884e-05,1.07279843e-06,0.0003719511822,5.597935237e-06,5.136923509e-05,8.459680865e-07,0.0005350200994,2.078603767e-05,9.512572558e-05,4.597124579e-07,8.5034039e-05,5.628478155e-07,0.0002687734428,9.787397299e-07,0.2109327284
1819.0,6.50455438e-05,1.070059959e-06,0.0003678581855,5.531044234e-06,5.10190593e-05,8.410981091e-07,0.000528202316,2.023997538e-05,9.601600589e-05,4.649346256e-07,8.592758638e-05,5.704865235e-07,0.0002617075676,-2.235911885e-07,0.2109325048
1820.0,6.471347306e-05,1.066242113e-06,0.0003635562531,5.463039384e-06,5.064996584e-05,8.363629559e-07,0.0005218489422,1.967975172e-05,9.685476081e-05,4.698548436e-07,8.676045254e-05,5.780674049e-07,0.0002544615366,-4.741414469e-07,0.2109320307
1821.0,6.435382541e-05,1.061285903e-06,0.0003591693519,5.396522807e-06,5.028150024e-05,8.318687835e-07,0.000514132278,1.913791872e-05,9.763236949e-05,4.744576502e-07,8.755642356e-05,5.847089935e-07,0.000247452272,-1.224906142e-06,0.2109308058
1822.0,6.389885059e-05,1.055299106e-06,0.0003546999574,5.329947368e-06,4.99103544e-05,8.27555535e-07,0.0005065406417,1.863638467e-05,9.83566018e-05,4.78743061e-07,8.828667007e-05,5.912833544e-07,0.0002409641966,-2.149077668e-06,0.2109286567
1823.0,6.342097635e-05,1.048174756e-06,0.0003501624582,5.263778068e-06,4.955015067e-05,8.23324698e-07,0.0005003087601,1.812134626e-05,9.90194233e-05,4.826744569e-07,8.895966105e-05,5.974587014e-07,0.0002343030397,-2.387246006e-06,0.2109262694
1824.0,6.290603035e-05,1.040188397e-06,0.0003456233166,5.19911828e-06,4.919930742e-05,8.192041565e-07,0.0004903289528,1.759929582e-05,9.962206022e-05,4.862143215e-07,8.958334841e-05,6.032246942e-07,0.0002275493198,-2.724239311e-06,0.2109235452
1825.0,6.231862231e-05,1.031280896e-06,0.0003411018133,5.136355894e-06,4.884325972e-05,8.150867768e-07,0.0004834080005,1.709335032e-05,0.0001001650132,4.893636291e-07,9.015673575e-05,6.086015872e-07,0.0002210061871,-2.54180818e-06,0.2109210034
1826.0,6.177021096e-05,1.021796681e-06,0.0003365987298,5.07596066e-06,4.849792514e-05,8.109476732e-07,0.0004733071539,1.660885171e-05,0.0001006195903,4.920068786e-07,9.067871439e-05,6.135351835e-07,0.0002147399373,-2.144795799e-06,0.2109188586
1827.0,6.116681478e-05,1.01179455e-06,0.0003321034675,5.01868843e-06,4.815191452e-05,8.066291737e-07,0.000464241155,1.616638273e-05,0.0001010406555,4.944031968e-07,9.1145355e-05,6.180484509e-07,0.0002090172415,-1.616724982e-06,0.2109172419
1828.0,6.058252485e-05,1.001162688e-06,0.0003277901761,4.964838059e-06,4.782586017e-05,8.021920384e-07,0.0004569702152,1.575566782e-05,0.000101384586,4.964152603e-07,9.155333635e-05,6.221262539e-07,0.0002037060714,-5.095944188e-07,0.2109167323
1829.0,5.997457912e-05,9.898769743e-07,0.0003237027024,4.914827436e-06,4.751440588e-05,7.976188554e-07,0.0004460245756,1.54013256e-05,0.0001016581175,4.980448254e-07,9.189942574e-05,6.257151945e-07,0.0001991221747,3.039813543e-07,0.2109170363
1830.0,5.927495437e-05,9.779105727e-07,0.0003197274985,4.8698757e-06,4.718509542e-05,7.927029174e-07,0.0004379536041,1.511808781e-05,0.0001018621909,4.992876798e-07,9.219123629e-05,6.288183438e-07,0.0001954598981,9.68026802e-07,0.2109180043
1831.0,5.859502755e-05,9.65253839e-07,0.0003160489635,4.829024865e-06,4.686265846e-05,7.875456378e-07,0.0004289490298,1.490858733e-05,0.0001019935418,5.001368092e-07,9.242716323e-05,6.314687981e-07,0.0001927503343,1.314126046e-06,0.2109193184
1832.0,5.783847029e-05,9.518363417e-07,0.0003126304538,4.794400466e-06,4.653083451e-05,7.820669553e-07,0.000420970952,1.474822391e-05,0.0001020569457,5.005757372e-07,9.260911149e-05,6.336644684e-07,0.0001906760296,1.563450031e-06,0.2109208819
1833.0,5.708614309e-05,9.37830466e-07,0.000309575321,4.765700578e-06,4.61876343e-05,7.762068154e-07,0.0004143524723,1.464072589e-05,0.000102045155,5.005827933e-07,9.273124629e-05,6.353514399e-07,0.0001892864776,1.856769075e-06,0.2109227386
1834.0,5.633542572e-05,9.233785221e-07,0.0003070600074,4.742845387e-06,4.585410759e-05,7.700311449e-07,0.0004068395415,1.453943452e-05,0.0001019844783,5.002062169e-07,9.279296288e-05,6.365459249e-07,0.000187975332,1.792942698e-06,0.2109245316
1835.0,5.554611402e-05,9.087013918e-07,0.0003048048898,4.724545757e-06,4.549822672e-05,7.635784484e-07,0.0004005415637,1.448310155e-05,0.0001018236527,4.993511954e-07,9.279773786e-05,6.372349125e-07,0.0001872476832,1.570671294e-06,0.2109261023
1836.0,5.481045348e-05,8.938447099e-07,0.0003029421573,4.709968161e-06,4.513762287e-05,7.568815974e-07,0.0003944223904,1.445248352e-05,0.0001015921391,4.980524561e-07,9.273647258e-05,6.374103479e-07,0.0001868518589,1.216114021e-06,0.2109273184
1837.0,5.403742251e-05,8.785718463e-07,0.00030143511,4.698742935e-06,4.477866519e-05,7.499729218e-07,0.0003897435646,1.445110511e-05,0.0001012935563,4.963569696e-07,9.2612654e-05,6.371196585e-07,0.0001868336658,1.293096589e-06,0.2109286115
1838.0,5.325827354e-05,8.628213408e-07,0.000300236679,4.690573224e-06,4.441748086e-05,7.428239189e-07,0.0003867473728,1.456036279e-05,0.0001009215833,4.942333238e-07,9.242409867e-05,6.363302712e-07,0.0001882470052,1.158056074e-06,0.2109297695
1839.0,5.248771774e-05,8.469170576e-07,0.0002993258583,4.686526127e-06,4.405253822e-05,7.354717635e-07,0.0003824328805,1.467213368e-05,0.0001004711091,4.91671827e-07,9.217194884e-05,6.350029796e-07,0.0001896910193,7.840226693e-07,0.2109305535
1840.0,5.167015064e-05,8.306876198e-07,0.0002986169255,4.685226397e-06,4.367625879e-05,7.278968333e-07,0.0003810767105,1.485115064e-05,9.994180688e-05,4.886538665e-07,9.185267607e-05,6.331712453e-07,0.0001920064315,6.719137029e-07,0.2109312255
1841.0,5.091167895e-05,8.144125139e-07,0.0002981580856,4.686453762e-06,4.329869238e-05,7.202325264e-07,0.0003785645995,1.501803447e-05,9.933914838e-05,4.852611957e-07,9.14738452e-05,6.307985355e-07,0.0001941642337,6.40163583e-07,0.2109318656
1842.0,5.012618826e-05,7.983646836e-07,0.0002979130685,4.689827372e-06,4.291223789e-05,7.123644666e-07,0.0003770926727,1.520584478e-05,9.866119632e-05,4.814414196e-07,9.103210111e-05,6.279086194e-07,0.0001965928104,6.181466105e-07,0.2109324838
1843.0,4.939788285e-05,7.825520563e-07,0.0002978918582,4.695343296e-06,4.253604007e-05,7.044903409e-07,0.0003789309663,1.540732233e-05,9.7913666e-05,4.772625399e-07,9.053389132e-05,6.244802055e-07,0.0001991988582,1.057659028e-06,0.2109335414
1844.0,4.872593314e-05,7.671577574e-07,0.0002980708251,4.703403733e-06,4.216803992e-05,6.966521814e-07,0.0003772346796,1.556779448e-05,9.709254824e-05,4.727401495e-07,8.996583495e-05,6.207540116e-07,0.0002012731871,1.249073639e-06,0.2109347905
1845.0,4.80182426e-05,7.521067868e-07,0.0002982699582,4.712360006e-06,4.178761741e-05,6.888345037e-07,0.0003781917876,1.576747958e-05,9.620003943e-05,4.677709571e-07,8.934888143e-05,6.160750986e-07,0.0002038568044,1.598075279e-06,0.2109363886
1846.0,4.73870833e-05,7.375165429e-07,0.0002986417146,4.723628201e-06,4.142491219e-05,6.810915069e-07,0.0003781248034,1.594535592e-05,9.523110578e-05,4.624830387e-07,8.866344663e-05,6.111308856e-07,0.0002061574245,1.96932125e-06,0.2109383579
1847.0,4.673133408e-05,7.234854238e-07,0.0002990678461,4.737964597e-06,4.105347815e-05,6.734560327e-07,0.0003782261067,1.614252216e-05,9.419315043e-05,4.567845413e-07,8.792081124e-05,6.056612606e-07,0.0002087075896,2.196632225e-06,0.2109405545
1848.0,4.612028364e-05,7.100877903e-07,0.0002995711145,4.755622482e-06,4.068408857e-05,6.659065862e-07,0.0003808764404,1.639068588e-05,9.310658771e-05,4.507460483e-07,8.712477734e-05,5.996763071e-07,0.0002119183788,2.057325906e-06,0.2109426119
1849.0,4.554418186e-05,6.972020797e-07,0.0003002856237,4.775475662e-06,4.032642788e-05,6.584700543e-07,0.000381013487,1.656580854e-05,9.195022294e-05,4.442803542e-07,8.626583811e-05,5.934535288e-07,0.0002141826376,2.691509067e-06,0.2109453034
1850.0,4.497273204e-05,6.852760071e-07,0.0003010271276,4.798100253e-06,3.996191623e-05,6.511062843e-07,0.0003830649451,1.678352228e-05,9.073375439e-05,4.37459861e-07,8.536186683e-05,5.86340669e-07,0.0002169998384,2.834200696e-06,0.2109481376
1851.0,4.449670371e-05,6.742235195e-07,0.0003018672065,4.822650299e-06,3.961618802e-05,6.439917473e-07,0.0003832362552,1.698071174e-05,8.945978045e-05,4.302866875e-07,8.439403679e-05,5.790209434e-07,0.0002195509641,2.843274072e-06,0.2109509808
1852.0,4.404459376e-05,6.64205718e-07,0.0003027873921,4.8501509e-06,3.927350399e-05,6.371720947e-07,0.0003851310804,1.717242602e-05,8.811839451e-05,4.227892947e-07,8.336882694e-05,5.71456092e-07,0.0002220307986,2.675083138e-06,0.2109536559
1853.0,4.367871951e-05,6.551767799e-07,0.0003038792064,4.880382301e-06,3.894476809e-05,6.30677244e-07,0.0003873254533,1.740345403e-05,8.672555593e-05,4.14952425e-07,8.230569623e-05,5.630389853e-07,0.0002250203179,2.782653415e-06,0.2109564386
1854.0,4.338292181e-05,6.474339764e-07,0.0003051534764,4.914537585e-06,3.862567079e-05,6.245066122e-07,0.0003875655903,1.759567061e-05,8.528226426e-05,4.068561185e-07,8.117737013e-05,5.543882446e-07,0.0002275059485,2.502006577e-06,0.2109589406
1855.0,4.310758574e-05,6.408729894e-07,0.0003067240105,4.953232387e-06,3.832590695e-05,6.187718339e-07,0.000389962213,1.78381222e-05,8.37885114e-05,3.984492397e-07,7.999167191e-05,5.454438129e-07,0.0002306430101,2.35162251e-06,0.2109612922
1856.0,4.293846334e-05,6.356673254e-07,0.0003086032416,4.99929055e-06,3.80535183e-05,6.136522266e-07,0.0003900364643,1.807468209e-05,8.22408438e-05,3.897369048e-07,7.877553925e-05,5.358001442e-07,0.0002337031626,2.112716773e-06,0.2109634049
1857.0,4.278317823e-05,6.314633464e-07,0.0003106433223,5.052497189e-06,3.779609437e-05,6.092466561e-07,0.0003914585846,1.831786936e-05,8.064631467e-05,3.807117554e-07,7.750082802e-05,5.260933756e-07,0.0002368488477,1.783078645e-06,0.210965188
1858.0,4.272796648e-05,6.286779604e-07,0.0003130688679,5.11159779e-06,3.757823274e-05,6.054908215e-07,0.0003948054044,1.860983935e-05,7.900808152e-05,3.714546065e-07,7.620129544e-05,5.156836345e-07,0.0002406264892,1.824227434e-06,0.2109670122
1859.0,4.2776978e-05,6.272870771e-07,0.0003159064063,5.173295422e-06,3.739812135e-05,6.025077845e-07,0.0003958731079,1.885899066e-05,7.734031209e-05,3.618997945e-07,7.484175085e-05,5.052091313e-07,0.0002438483157,1.561166816e-06,0.2109685734
1860.0,4.286480577e-05,6.271395138e-07,0.0003189020159,5.234364019e-06,3.722824148e-05,6.002906102e-07,0.0003987313031,1.914324817e-05,7.562943981e-05,3.521016405e-07,7.346320333e-05,4.940740495e-07,0.0002475271667,1.511585382e-06,0.210970085
1861.0,4.308632273e-05,6.283350833e-07,0.0003221373031,5.295495352e-06,3.710826147e-05,5.990985146e-07,0.0004013128639,1.941855003e-05,7.388030553e-05,3.42142451e-07,7.203187205e-05,4.828252229e-07,0.0002510890005,1.464606324e-06,0.2109715496
1862.0,4.33427858e-05,6.307727327e-07,0.0003255007875,5.355902542e-06,3.702558803e-05,5.986390847e-07,0.0004035162069,1.969850668e-05,7.209218562e-05,3.32023595e-07,7.058170451e-05,4.710500787e-07,0.0002547108731,1.32482878e-06,0.2109728744
1863.0,4.36913645e-05,6.34481894e-07,0.000329049336,5.415601158e-06,3.698720308e-05,5.99159563e-07,0.0004081212579,2.003227564e-05,7.02817492e-05,3.21739856e-07,6.90910036e-05,4.591880328e-07,0.0002590301025,1.608949922e-06,0.2109744834
1864.0,4.41324754e-05,6.394663073e-07,0.0003327545618,5.476109942e-06,3.70130523e-05,6.007958816e-07,0.0004105606917,2.030948898e-05,6.844586469e-05,3.112891518e-07,6.757926434e-05,4.469226578e-07,0.0002626153787,1.560849011e-06,0.2109760442
1865.0,4.457794569e-05,6.455361815e-07,0.0003363625087,5.535642333e-06,3.707771249e-05,6.03529019e-07,0.0004143069721,2.06355237e-05,6.6605348e-05,3.006525318e-07,6.604290242e-05,4.343503659e-07,0.0002668347961,1.680967315e-06,0.2109777252
1866.0,4.512803826e-05,6.528025236e-07,0.0003400214747,5.593304041e-06,3.719565217e-05,6.07330651e-07,0.000417361183,7.46232248e-06,6.46812457e-05,2.894003066e-07,6.442647941e-05,4.211525525e-07,9.649491751e-05,8.526166233e-07,0.2109785778
1867.0,4.620446516e-05,6.678556822e-07,0.0003487949352,5.743149526e-06,3.724028549e-05,6.078006874e-07,0.0004194624814,2.036044077e-05,6.290655082e-05,2.789517364e-07,6.293903624e-05,4.088533366e-07,0.0002632812748,1.230975932e-06,0.2109798088
1868.0,4.655816136e-05,6.730929769e-07,0.0003503016242,5.758621774e-06,3.755298931e-05,6.160617671e-07,0.0004256858693,2.086798894e-05,6.106706789e-05,2.681437802e-07,6.137896237e-05,3.958667147e-07,0.0002698475391,1.35743495e-06,0.2109811662
1869.0,4.709298155e-05,6.806024024e-07,0.0003521440408,5.777956955e-06,3.798197769e-05,6.258348419e-07,0.0004292174004,2.143377266e-05,5.924864001e-05,2.572973239e-07,5.982001528e-05,3.827634747e-07,0.000277164478,1.137482093e-06,0.2109823037
1870.0,4.766723302e-05,6.892959482e-07,0.0003540594737,5.800459651e-06,3.843494412e-05,6.363419197e-07,0.0004359922806,7.798027622e-06,5.739820856e-05,2.460068588e-07,5.823156529e-05,3.690948477e-07,0.0001008389107,8.933871275e-07,0.2109831971
1871.0,4.887034085e-05,7.058575203e-07,0.0003611579097,5.920592785e-06,3.877188124e-05,6.423178473e-07,0.0004378700755,2.161999376e-05,5.571444684e-05,2.357519424e-07,5.678551676e-05,3.565240189e-07,0.0002795768567,8.802164931e-07,0.2109840773
1872.0,4.928683227e-05,7.128055775e-07,0.0003618576408,5.926038341e-06,3.936525086e-05,6.548767304e-07,0.0004434108744,7.815529245e-06,5.398209356e-05,2.251011549e-07,5.528674554e-05,3.428936295e-07,0.0001010663187,5.221581164e-07,0.2109845994
1873.0,5.039055144e-05,7.286052239e-07,0.0003680340415,6.028759825e-06,3.986295842e-05,6.630633327e-07,0.0004487940286,2.193425173e-05,5.244372022e-05,2.157234572e-07,5.392882861e-05,3.304440573e-07,0.0002836443096,6.108479021e-07,0.2109852103
1874.0,5.082980443e-05,7.353704264e-07,0.000368424667,6.02192034e-06,4.060195666e-05,6.775105072e-07,0.000453399623,2.263140057e-05,5.10045395e-05,2.065167276e-07,5.256844451e-05,3.178271573e-07,0.0002926599233,2.96081193e-07,0.2109855064
1875.0,5.137665893e-05,7.445874123e-07,0.0003694908089,6.027459838e-06,4.134799919e-05,6.920270736e-07,0.00046044937,8.169821881e-06,4.963894673e-05,1.975484359e-07,5.123605199e-05,3.05049262e-07,0.0001056500292,1.755177705e-07,0.2109856819
1876.0,5.253272463e-05,7.612739268e-07,0.0003757855613,6.131532096e-06,4.189371104e-05,7.0085479e-07,0.0004631174812,2.299020416e-05,4.848223699e-05,1.904228652e-07,5.00916553e-05,2.938926883e-07,0.0002973050199,8.133506971e-08,0.2109857632
1877.0,5.296933875e-05,7.688498619e-07,0.0003761982847,6.12697636e-06,4.269021615e-05,7.161841007e-07,0.0004692002129,8.20990431e-06,4.73870091e-05,1.835476649e-07,4.892711248e-05,2.826398131e-07,0.0001061697041,-1.274551897e-07,0.2109856358
1878.0,5.403287108e-05,7.847355935e-07,0.0003819643901,6.222392737e-06,4.330554568e-05,7.259675256e-07,0.0004736673745,2.330917212e-05,4.654493746e-05,1.784010593e-07,4.796720128e-05,2.733625696e-07,0.0003014359706,-3.554100828e-08,0.2109856002
1879.0,5.446456755e-05,7.920404742e-07,0.000382152038,6.21152025e-06,4.416798181e-05,7.415743708e-07,0.0004794055118,8.29874909e-06,4.576897953e-05,1.736785929e-07,4.704281942e-05,2.639515869e-07,0.000107320635,-2.129192984e-07,0.2109853873
1880.0,5.542797708e-05,8.071524559e-07,0.0003875296937,6.297902155e-06,4.480278469e-05,7.513610732e-07,0.000482758853,2.370738086e-05,4.525910833e-05,1.707156543e-07,4.631836943e-05,2.565902352e-07,0.0003065916267,-2.869121489e-07,0.2109851004
1881.0,5.583006709e-05,8.142469424e-07,0.0003874457788,6.280481776e-06,4.565404881e-05,7.664421233e-07,0.0004884234701,8.428951615e-06,4.478646475e-05,1.679395382e-07,4.561490677e-05,2.492152382e-07,0.0001090072192,-3.144606027e-07,0.2109847859
1882.0,5.67645761e-05,8.290262861e-07,0.0003922985756,6.357553582e-06,4.626870099e-05,7.75602332e-07,0.0004918233799,2.415550478e-05,4.456377416e-05,1.667841565e-07,4.513583486e-05,2.440774613e-07,0.0003123929016,-5.286812161e-07,0.2109842573
1883.0,5.716503844e-05,8.362625391e-07,0.0003920036079,6.334981909e-06,4.707875725e-05,7.897674494e-07,0.000499257984,8.578931916e-06,4.443224817e-05,1.658027532e-07,4.469814336e-05,2.395138052e-07,0.0001109494158,-3.773179534e-07,0.2109838799
1884.0,5.810027255e-05,8.508709739e-07,0.0003965471801,6.405848095e-06,4.764375866e-05,7.978098091e-07,0.000501270293,2.460301051e-05,4.456433782e-05,1.6671047e-07,4.449198437e-05,2.371160873e-07,0.000318185877,-4.956259732e-07,0.2109833843
1885.0,5.845335931e-05,8.582237964e-07,0.0003961359185,6.379667919e-06,4.838824573e-05,8.106546987e-07,0.0005082471502,2.538368366e-05,4.487268152e-05,1.685172049e-07,4.439901321e-05,2.354570223e-07,0.0003282858535,-4.879175563e-07,0.2109828964
1886.0,5.898473528e-05,8.67694664e-07,0.0003965560766,6.368113343e-06,4.906202868e-05,8.222212594e-07,0.0005133371589,8.930079031e-06,4.5275019e-05,1.715735177e-07,4.439498099e-05,2.346468487e-07,0.0001154928333,-4.763804751e-07,0.21098242
1887.0,5.990063565e-05,8.825555074e-07,0.0004014879857,6.446833356e-06,4.944139644e-05,8.265766913e-07,0.0005145141951,2.543184874e-05,4.608746141e-05,1.775047662e-07,4.464068588e-05,2.360629915e-07,0.0003289108152,-6.662589865e-07,0.2109817538
1888.0,6.029733224e-05,8.903475092e-07,0.000401395588,6.424562417e-06,5.003463984e-05,8.364532686e-07,0.0005220120122,2.601203966e-05,4.71637e-05,1.843669736e-07,4.495475042e-05,2.389454688e-07,0.0003364161231,-4.600349667e-07,0.2109812937
1889.0,6.079769156e-05,8.99615598e-07,0.000401999538,6.414972802e-06,5.057585769e-05,8.453601289e-07,0.0005252464902,9.010050547e-06,4.834978176e-05,1.917511273e-07,4.545237283e-05,2.4384803e-07,0.0001165271776,-6.669254476e-07,0.2109806268
1890.0,6.161537484e-05,9.131864854e-07,0.0004066681373,6.491054266e-06,5.083407092e-05,8.47510505e-07,0.000526789112,2.570195903e-05,4.987892686e-05,2.007127003e-07,4.629641761e-05,2.512049987e-07,0.0003324052514,-6.422443361e-07,0.2109799846
1891.0,6.197302661e-05,9.203725686e-07,0.000406320135,6.463713714e-06,5.132443432e-05,8.555340127e-07,0.0005313012582,2.614985085e-05,5.147142991e-05,2.097366125e-07,4.722522233e-05,2.593278976e-07,0.0003381971128,-7.294349629e-07,0.2109792551
1892.0,6.23520899e-05,9.288499083e-07,0.0004063397459,6.446102686e-06,5.176163946e-05,8.628984987e-07,0.0005355899547,2.656767545e-05,5.310671014e-05,2.192304917e-07,4.828663373e-05,2.685869631e-07,0.0003435996031,-9.721576626e-07,0.210978283
1893.0,6.277019769e-05,9.375953653e-07,0.0004065522789,6.433029573e-06,5.213355996e-05,8.689985646e-07,0.0005417992387,2.692862287e-05,5.480450389e-05,2.290506584e-07,4.948087764e-05,2.786146221e-07,0.0003482685691,-7.909399673e-07,0.210977492
1894.0,6.321812755e-05,9.465988579e-07,0.0004071079356,6.424925123e-06,5.245991655e-05,8.738207186e-07,0.0005448318558,2.708586062e-05,5.652441495e-05,2.392187068e-07,5.081008958e-05,2.891700154e-07,0.0003502996691,-1.04351268e-06,0.2109764485
1895.0,6.360811788e-05,9.555158314e-07,0.0004076916527,6.420192447e-06,5.271799935e-05,8.774414322e-07,0.0005488874141,2.715990826e-05,5.828356308e-05,2.495637037e-07,5.217667924e-05,3.002420557e-07,0.0003512576998,-1.079054183e-06,0.2109753695
1896.0,6.402374652e-05,9.642872813e-07,0.0004083149473,6.416977266e-06,5.292903492e-05,8.801210097e-07,0.0005500824658,2.712872317e-05,6.006166284e-05,2.599508759e-07,5.356309925e-05,3.117140564e-07,0.0003508531272,-1.188962162e-06,0.2109741805
1897.0,6.436812541e-05,9.727339693e-07,0.000408887804,6.413291198e-06,5.309849506e-05,8.820435592e-07,0.000552584528,2.703041802e-05,6.184822826e-05,2.703724554e-07,5.496155522e-05,3.234680798e-07,0.0003495797491,-1.44348643e-06,0.210972737
1898.0,6.470838859e-05,9.807629039e-07,0.0004093871171,6.407019567e-06,5.325192212e-05,8.834646721e-07,0.0005552555021,2.697450538e-05,6.362137397e-05,2.807535313e-07,5.638247125e-05,3.354451504e-07,0.0003488564763,-1.31163327e-06,0.2109714254
1899.0,6.50123499e-05,9.884014384e-07,0.0004096518976,6.397173423e-06,5.338376209e-05,8.845534644e-07,0.0005558917583,2.685618905e-05,6.536500175e-05,2.911334357e-07,5.781732789e-05,3.475546333e-07,0.0003473233427,-1.588071156e-06,0.2109698373
1900.0,6.524426188e-05,9.955524918e-07,0.0004095822416,6.382672123e-06,5.348329048e-05,8.853836461e-07,0.0005585727808,2.678510499e-05,6.708942659e-05,3.014372935e-07,5.926610043e-05,3.597719947e-07,0.0003464035412,-1.650592726e-06,0.2109681867
1901.0,6.548747962e-05,1.002488059e-06,0.0004092655538,6.363573422e-06,5.356216652e-05,8.86035188e-07,0.0005588429076,2.67081821e-05,6.879341676e-05,3.116656954e-07,6.072560374e-05,3.717909958e-07,0.0003454066699,-1.791685007e-06,0.210966395
1902.0,6.565536309e-05,1.009186622e-06,0.0004085687406,6.33993374e-06,5.361336141e-05,8.864228703e-07,0.000560186976,2.661255463e-05,7.048304021e-05,3.217837533e-07,6.218572296e-05,3.841837967e-07,0.0003441673495,-2.058567361e-06,0.2109643365
1903.0,6.583060639e-05,1.015683653e-06,0.0004076986623,6.312254584e-06,5.365066598e-05,8.865981709e-07,0.000563375154,2.654906393e-05,7.213998258e-05,3.317697161e-07,6.364321547e-05,3.963159617e-07,0.0003433452711,-1.929285933e-06,0.2109624072
1904.0,6.599484922e-05,1.021916456e-06,0.0004066537231,6.281444844e-06,5.367290587e-05,8.864646307e-07,0.0005639094133,2.639247746e-05,7.376400134e-05,3.416188323e-07,6.509844775e-05,4.079982958e-07,0.0003413163634,-2.190372588e-06,0.2109602168
1905.0,6.606888078e-05,1.027834681e-06,0.0004053090326,6.247644443e-06,5.365242924e-05,8.858690927e-07,0.0005653564513,2.625762144e-05,7.535191603e-05,3.51286687e-07,6.652312227e-05,4.201080093e-07,0.0003395719137,-2.236116866e-06,0.2109579807
1906.0,6.617494106e-05,1.033485138e-06,0.0004038477181,6.211700939e-06,5.360839172e-05,8.848609086e-07,0.000565820227,2.608384131e-05,7.691458892e-05,3.607174417e-07,6.794440769e-05,4.315022167e-07,0.0003373215812,-2.322903378e-06,0.2109556578
1907.0,6.620845332e-05,1.038792718e-06,0.0004021818575,6.173502029e-06,5.353819712e-05,8.833304552e-07,0.0005650908218,2.58572702e-05,7.844026647e-05,3.699680188e-07,6.933297202e-05,4.432933694e-07,0.0003343882167,-2.561784216e-06,0.210953096
1908.0,6.621934449e-05,1.043765175e-06,0.0004003113025,6.13257146e-06,5.343466085e-05,8.812780383e-07,0.0005660719587,2.565479229e-05,7.992624661e-05,3.789719859e-07,7.071061784e-05,4.542594417e-07,0.0003317682467,-2.370150903e-06,0.2109507258
1909.0,6.62163406e-05,1.048441629e-06,0.0003983824464,6.089951129e-06,5.331399315e-05,8.787300874e-07,0.0005644408111,2.536811586e-05,8.138051892e-05,3.876989904e-07,7.20368453e-05,4.655851793e-07,0.0003280559747,-2.120728229e-06,0.2109486051
1910.0,6.612053155e-05,1.052645752e-06,0.0003962172053,6.044691851e-06,5.314644823e-05,8.756438538e-07,0.0005634666585,2.507576402e-05,8.278839465e-05,3.961868594e-07,7.334234936e-05,4.760116326e-07,0.000324274146,-1.997512197e-06,0.2109466076
1911.0,6.603841341e-05,1.056419787e-06,0.0003938150388,5.997572821e-06,5.294976726e-05,8.721177985e-07,0.0005610048974,2.474361042e-05,8.414574974e-05,4.044309712e-07,7.459878318e-05,4.867912937e-07,0.0003199758273,-1.873696728e-06,0.2109447339
1912.0,6.588847457e-05,1.059655431e-06,0.0003911715302,5.948783477e-06,5.272773375e-05,8.681681671e-07,0.0005586619329,2.436399659e-05,8.545897099e-05,4.12405571e-07,7.583417706e-05,4.966642193e-07,0.0003150635009,-1.874550129e-06,0.2109428594
1913.0,6.572809158e-05,1.062306777e-06,0.0003883568176,5.897875504e-06,5.248251872e-05,8.638844022e-07,0.0005574613422,2.398484588e-05,8.672068602e-05,4.201063512e-07,7.702556018e-05,5.066232527e-07,0.0003101590903,-1.820931876e-06,0.2109410384
1914.0,6.554568724e-05,1.064401975e-06,0.0003853707946,5.844005271e-06,5.222056908e-05,8.593301021e-07,0.0005525266969,2.353009331e-05,8.792936881e-05,4.274897583e-07,7.817545999e-05,5.166892622e-07,0.0003042742476,-1.621098183e-06,0.2109394173
1915.0,6.530693184e-05,1.065814424e-06,0.0003821114189,5.786423928e-06,5.19264591e-05,8.545190243e-07,0.0005501794895,2.305305035e-05,8.909132021e-05,4.345561493e-07,7.930724812e-05,5.25758587e-07,0.0002981035718,-1.703924737e-06,0.2109377134
1916.0,6.509698607e-05,1.06653849e-06,0.0003786645054,5.726832116e-06,5.162615718e-05,8.495287053e-07,0.0005443947333,2.254180383e-05,9.021518775e-05,4.413335276e-07,8.038561266e-05,5.348704411e-07,0.0002914891801,-1.747800664e-06,0.2109359656
1917.0,6.481686936e-05,1.066406173e-06,0.0003749340701,5.665692937e-06,5.130415692e-05,8.443295171e-07,0.0005390794864,2.199551721e-05,9.129410246e-05,4.47789739e-07,8.141748638e-05,5.439916701e-07,0.0002844217541,-1.759170475e-06,0.2109342064
1918.0,6.455998084e-05,1.065426552e-06,0.0003710769678,5.60275477e-06,5.097891674e-05,8.390777907e-07,0.0005353262751,2.1466048e-05,9.232297964e-05,4.539347699e-07,8.242482546e-05,5.520262737e-07,0.0002775728732,-1.769205062e-06,0.2109324372
1919.0,6.429408645e-05,1.063634085e-06,0.0003670983794,5.537825175e-06,5.064563748e-05,8.339055624e-07,0.0005276320451,2.08744119e-05,9.329617085e-05,4.597263863e-07,8.337699779e-05,5.600972595e-07,0.0002699176807,-2.016446925e-06,0.2109304208
1920.0,6.395074402e-05,1.060842428e-06,0.0003629224989,5.471309552e-06,5.02872456e-05,8.287997197e-07,0.0005224802031,2.030781786e-05,9.420226244e-05,4.651154648e-07,8.427955292e-05,5.678395952e-07,0.0002625893379,-2.077836105e-06,0.2109283429
1921.0,6.364264402e-05,1.057173455e-06,0.0003586796984,5.403723034e-06,4.993170698e-05,8.238737874e-07,0.0005153547079,1.973564526e-05,9.505653505e-05,4.701979815e-07,8.512996703e-05,5.752219813e-07,0.0002551876468,-2.031915392e-06,0.210926311
1922.0,6.325712017e-05,1.05251923e-06,0.0003543296458,5.336313831e-06,4.957123647e-05,8.191403561e-07,0.0005081623992,1.913666403e-05,9.58528005e-05,4.749141755e-07,8.591998266e-05,5.826052067e-07,0.0002474391285,-2.209280668e-06,0.2109241017
1923.0,6.285508685e-05,1.046899645e-06,0.0003499049652,5.26938248e-06,4.920891567e-05,8.146069029e-07,0.000501904183,1.858762561e-05,9.658915521e-05,4.793051337e-07,8.667221407e-05,5.888092511e-07,0.0002403383171,-2.190574312e-06,0.2109219112
1924.0,6.243840578e-05,1.040440093e-06,0.0003454577708,5.202902378e-06,4.885943682e-05,8.102157435e-07,0.0004938501149,1.801630072e-05,9.727097866e-05,4.833131057e-07,8.7358515e-05,5.949616623e-07,0.0002329472381,-2.310700132e-06,0.2109196005
1925.0,6.193833757e-05,1.032947011e-06,0.000340913048,5.136718736e-06,4.850273429e-05,8.058660532e-07,0.0004860990047,1.749590788e-05,9.789263005e-05,4.869145919e-07,8.799400604e-05,6.007047043e-07,0.0002262174338,-2.267031534e-06,0.2109173334
1926.0,6.14479026e-05,1.024526588e-06,0.0003364126926,5.072287365e-06,4.815204423e-05,8.015436684e-07,0.0004770815773,1.69758524e-05,9.845524757e-05,4.901032378e-07,8.857996875e-05,6.060224621e-07,0.0002194913231,-2.445178912e-06,0.2109148883
1927.0,6.089278518e-05,1.015208954e-06,0.0003319627773,5.009828257e-06,4.780936229e-05,7.971510639e-07,0.0004685962227,1.650218931e-05,9.893559207e-05,4.928432111e-07,8.911476513e-05,6.108871057e-07,0.0002133647285,-2.149041027e-06,0.2109127392
1928.0,6.032521871e-05,1.005078104e-06,0.0003275556302,4.94941573e-06,4.747745362e-05,7.926298923e-07,0.0004605200875,1.607319015e-05,9.937411141e-05,4.952179637e-07,8.959609248e-05,6.153150394e-07,0.0002078172337,-2.113614165e-06,0.2109106256
1929.0,5.972974765e-05,9.943337088e-07,0.0003232945857,4.89264084e-06,4.715478904e-05,7.880375271e-07,0.0004503613269,1.569127998e-05,9.973764972e-05,4.971634081e-07,9.002025552e-05,6.19262416e-07,0.0002028767417,-1.339886818e-06,0.2109092857
1930.0,5.90747441e-05,9.829238594e-07,0.0003191444332,4.838657716e-06,4.682837047e-05,7.831823675e-07,0.0004421098572,1.536561566e-05,0.0001000330523,4.986893959e-07,9.038457489e-05,6.227340276e-07,0.000198665587,-7.341429773e-07,0.2109085516
1931.0,5.844982743e-05,9.708458732e-07,0.0003152161653,4.790151414e-06,4.650868305e-05,7.781141055e-07,0.0004324672896,1.507871758e-05,0.0001002609503,4.997749424e-07,9.068785588e-05,6.257027398e-07,0.0001949548596,-6.850824549e-08,0.2109084831
1932.0,5.775923711e-05,9.580905122e-07,0.0003114769903,4.746165251e-06,4.618170523e-05,7.727973747e-07,0.0004235147168,1.482147058e-05,0.0001004165322,5.003958665e-07,9.093837605e-05,6.281748214e-07,0.0001916277724,5.023145407e-07,0.2109089854
1933.0,5.708276362e-05,9.446715115e-07,0.0003080969135,4.708629506e-06,4.585766134e-05,7.671895424e-07,0.000418058111,1.464991903e-05,0.0001005025316,5.005502747e-07,9.113530558e-05,6.301250468e-07,0.0001894095808,1.419280839e-06,0.2109104047
1934.0,5.639741409e-05,9.305935958e-07,0.0003050997907,4.677154067e-06,4.553483386e-05,7.612733978e-07,0.0004089179276,1.446863414e-05,0.0001005182771,5.002426378e-07,9.127762665e-05,6.315366332e-07,0.0001870639961,1.201198076e-06,0.2109116059
1935.0,5.560460345e-05,9.158093926e-07,0.0003024464434,4.650390496e-06,4.519083821e-05,7.549747139e-07,0.0004025553929,1.433554122e-05,0.000100476354,4.996021878e-07,9.135611067e-05,6.324236618e-07,0.000185343677,1.407997569e-06,0.2109130139
1936.0,5.485125426e-05,9.005060967e-07,0.0003001957187,4.627629581e-06,4.484869405e-05,7.484270022e-07,0.0003957759726,1.422387511e-05,0.0001003486738,4.983355572e-07,9.13792482e-05,6.327545106e-07,0.0001838994729,1.415621987e-06,0.2109144295
1937.0,5.404621958e-05,8.847747958e-07,0.0002982901498,4.609057408e-06,4.449458637e-05,7.416650129e-07,0.0003894650342,1.411901465e-05,0.0001001433754,4.966415758e-07,9.133905703e-05,6.325288406e-07,0.0001825433657,1.21630342e-06,0.2109156458
1938.0,5.327858852e-05,8.688116845e-07,0.0002967218097,4.593688847e-06,4.4137616e-05,7.346755532e-07,0.000385995381,1.404051718e-05,9.987041218e-05,4.944701245e-07,9.123661943e-05,6.317834124e-07,0.0001815292215,1.284548368e-06,0.2109169303
1939.0,5.254132408e-05,8.527769044e-07,0.0002955152355,4.582050932e-06,4.379507893e-05,7.274209678e-07,0.0003805807135,1.400151958e-05,9.952527642e-05,4.918543153e-07,9.106862458e-05,6.305284648e-07,0.0001810239876,6.888131104e-07,0.2109176191
1940.0,5.176093157e-05,8.36321543e-07,0.0002945134684,4.573862807e-06,4.342865249e-05,7.199588226e-07,0.0003779826402,1.404354719e-05,9.910235032e-05,4.887769149e-07,9.083771964e-05,6.287348533e-07,0.0001815681536,2.197140307e-07,0.2109178389
1941.0,5.103058001e-05,8.197452764e-07,0.0002937524667,4.569047701e-06,4.305735938e-05,7.123532297e-07,0.0003744265384,1.41179023e-05,9.86012529e-05,4.852320914e-07,9.054051184e-05,6.264161508e-07,0.0001825297025,-3.185796818e-07,0.2109175203
1942.0,5.026095656e-05,8.030999243e-07,0.0002932066909,4.566976426e-06,4.268254983e-05,7.045699999e-07,0.000373231361,1.423435184e-05,9.802746449e-05,4.812521599e-07,9.018407731e-05,6.235206587e-07,0.0001840351253,-9.054627353e-07,0.2109166148
1943.0,4.952657877e-05,7.864435356e-07,0.0002929891325,4.567623751e-06,4.231044244e-05,6.966459289e-07,0.0003731644486,1.443432761e-05,9.737337513e-05,4.768593542e-07,8.976238449e-05,6.2006985e-07,0.000186621808,-1.019370729e-06,0.2109155954
1944.0,4.879792388e-05,7.70049999e-07,0.0002929652131,4.570310445e-06,4.194428005e-05,6.885967079e-07,0.000371582053,1.461751326e-05,9.665111365e-05,4.720860709e-07,8.927458702e-05,6.164052322e-07,0.0001889897677,-1.313113831e-06,0.2109142823
1945.0,4.805503713e-05,7.537938145e-07,0.000293064441,4.574852856e-06,4.156970337e-05,6.804782863e-07,0.0003727468476,1.487010399e-05,9.585941003e-05,4.669071646e-07,8.874341668e-05,6.115126722e-07,0.000192256779,-6.731695566e-07,0.2109136092
1946.0,4.739841716e-05,7.380456262e-07,0.0002932916806,4.581490256e-06,4.119520485e-05,6.724306068e-07,0.0003716308541,1.50923522e-05,9.499358576e-05,4.612820668e-07,8.81431856e-05,6.064121408e-07,0.0001951308612,-2.148729341e-07,0.2109133943
1947.0,4.674702715e-05,7.229471533e-07,0.000293595042,4.590389227e-06,4.081768758e-05,6.645335675e-07,0.0003718504587,1.533145278e-05,9.405547512e-05,4.55316883e-07,8.747096936e-05,6.008776463e-07,0.000198222798,3.501766736e-07,0.2109137445
1948.0,4.616371406e-05,7.085729972e-07,0.0002940387012,4.602251605e-06,4.045149417e-05,6.56741475e-07,0.0003741664351,1.560127297e-05,9.304289555e-05,4.4897295e-07,8.674771793e-05,5.948120453e-07,0.0002017130718,1.39513671e-06,0.2109151396
1949.0,4.560914589e-05,6.948541675e-07,0.000294603942,4.617634454e-06,4.010369288e-05,6.490726078e-07,0.0003739861087,1.583459473e-05,9.197831049e-05,4.423176059e-07,8.596242424e-05,5.886071484e-07,0.0002047296674,1.851612688e-06,0.2109169912
1950.0,4.501498362e-05,6.816031648e-07,0.0002951812365,4.635171371e-06,3.973555662e-05,6.415148557e-07,0.000375633693,1.609041014e-05,9.084402961e-05,4.35245409e-07,8.513918164e-05,5.812818799e-07,0.0002080394084,2.130999281e-06,0.2109191222
1951.0,4.448230466e-05,6.689858146e-07,0.0002959086755,4.654555787e-06,3.937946303e-05,6.343166226e-07,0.0003769470832,1.635490865e-05,8.965015773e-05,4.278776344e-07,8.424695419e-05,5.738421556e-07,0.0002114602836,2.630783706e-06,0.210921753
1952.0,4.39399713e-05,6.572276768e-07,0.0002967126976,4.676413773e-06,3.903630395e-05,6.273680758e-07,0.0003776352209,1.659764512e-05,8.839979971e-05,4.201632699e-07,8.329774444e-05,5.65948553e-07,0.000214599835,2.754895362e-06,0.2109245079
1953.0,4.346103556e-05,6.463932082e-07,0.0002975874945,4.701122755e-06,3.869765289e-05,6.20529819e-07,0.0003803109979,1.685968597e-05,8.708469396e-05,4.12111274e-07,8.228912236e-05,5.579607109e-07,0.0002179903005,2.94157833e-06,0.2109274495
1954.0,4.30705558e-05,6.368529229e-07,0.0002987122082,4.730725044e-06,3.838465911e-05,6.140576123e-07,0.000380695329,1.706022995e-05,8.571366728e-05,4.037549153e-07,8.124704346e-05,5.490461614e-07,0.0002205832662,2.80944036e-06,0.2109302589
1955.0,4.271102363e-05,6.285999158e-07,0.0002998692757,4.764839634e-06,3.805668632e-05,6.080067918e-07,0.0003821755274,1.728573894e-05,8.429273734e-05,3.951301399e-07,8.014132974e-05,5.399977916e-07,0.0002235014723,2.443350366e-06,0.2109327023
1956.0,4.247813014e-05,6.217686366e-07,0.000301319685,4.805624851e-06,3.775082521e-05,6.024511868e-07,0.0003827521511,1.749422802e-05,8.282368645e-05,3.861988015e-07,7.897719449e-05,5.307409595e-07,0.0002261985135,1.986478953e-06,0.2109346887
1957.0,4.226958428e-05,6.164167608e-07,0.0003031002652,4.853023852e-06,3.747544186e-05,5.974277146e-07,0.0003840219686,1.772789106e-05,8.130036646e-05,3.769802665e-07,7.77820658e-05,5.205976433e-07,0.0002292207415,1.346195033e-06,0.2109360349
1958.0,4.213532378e-05,6.124357237e-07,0.0003051189706,4.907691719e-06,3.722415384e-05,5.931090903e-07,0.0003869266877,1.80177833e-05,7.973031055e-05,3.675061755e-07,7.652846253e-05,5.105837158e-07,0.00023297118,1.03068835e-06,0.2109370656
1959.0,4.20721591e-05,6.097243734e-07,0.0003074390881,4.967973196e-06,3.700508734e-05,5.894003269e-07,0.0003869616282,1.830570569e-05,7.811645481e-05,3.578002075e-07,7.524836328e-05,4.997035458e-07,0.0002366942075,4.196437457e-07,0.2109374853
1960.0,4.203316756e-05,6.083225143e-07,0.0003100862625,5.029852965e-06,3.680346421e-05,5.863124533e-07,0.0003907082745,1.863237124e-05,7.647170439e-05,3.479239986e-07,7.391138398e-05,4.889010241e-07,0.0002409204333,9.386430459e-08,0.2109375791
1961.0,4.214754659e-05,6.083816921e-07,0.0003129927145,5.091520023e-06,3.66309114e-05,5.841992747e-07,0.0003918741724,1.89351585e-05,7.478776295e-05,3.378099341e-07,7.255209887e-05,4.773565182e-07,0.0002448372984,-1.625167511e-07,0.2109374166
1962.0,4.228549887e-05,6.098713048e-07,0.0003160625858,5.152744941e-06,3.649049121e-05,5.828328231e-07,0.0003942694784,1.925259515e-05,7.306191277e-05,3.275636457e-07,7.114356651e-05,4.65895541e-07,0.00024894375,-3.724473797e-07,0.2109370442
1963.0,4.254174427e-05,6.128516342e-07,0.0003193346444,5.214287274e-06,3.640238817e-05,5.823397993e-07,0.0003988568781,1.954600771e-05,7.129877789e-05,3.171488617e-07,6.971319655e-05,4.537549633e-07,0.0002527404808,-2.95389096e-08,0.2109370146
1964.0,4.289174657e-05,6.172096809e-07,0.0003228120764,5.275660664e-06,3.636016079e-05,5.828313114e-07,0.0004000374171,1.983797552e-05,6.95096981e-05,3.06612977e-07,6.824211577e-05,4.417224744e-07,0.0002565164795,8.137356881e-08,0.210937096
1965.0,4.326591707e-05,6.228988516e-07,0.0003263159937,5.336939597e-06,3.635020568e-05,5.843708305e-07,0.0004040286225,2.01265282e-05,6.769381301e-05,2.959518951e-07,6.675228813e-05,4.292751635e-07,0.0002602510133,5.275726972e-07,0.2109376236
1966.0,4.375290983e-05,6.29801554e-07,0.0003298632254,5.39772114e-06,3.640346649e-05,5.870562634e-07,0.0004067550625,7.519953649e-06,6.579841633e-05,2.847348479e-07,6.517383319e-05,4.158673751e-07,9.723936881e-05,1.290898199e-06,0.2109389145
1967.0,4.476793099e-05,6.445851204e-07,0.0003383057701,5.546348067e-06,3.639260511e-05,5.868570008e-07,0.0004084434144,1.98302544e-05,6.403300752e-05,2.743462643e-07,6.369891181e-05,4.037732711e-07,0.000256423615,1.322536277e-06,0.210940237
1968.0,4.505382382e-05,6.495203754e-07,0.0003399344683,5.567150501e-06,3.66066207e-05,5.935961634e-07,0.0004139571003,2.026768055e-05,6.221754908e-05,2.635536159e-07,6.216128639e-05,3.908653879e-07,0.0002620830753,2.022248658e-06,0.2109422593
1969.0,4.552646669e-05,6.567575063e-07,0.000341900528,5.59148169e-06,3.694216796e-05,6.018114458e-07,0.0004181535146,2.084484198e-05,6.038914772e-05,2.528589833e-07,6.062346981e-05,3.779001419e-07,0.0002695467758,2.307627577e-06,0.2109445669
1970.0,4.603108709e-05,6.649791587e-07,0.0003439752617,5.618912948e-06,3.730820507e-05,6.107377275e-07,0.0004232831177,7.80629472e-06,5.851852485e-05,2.418363343e-07,5.902848022e-05,3.64518735e-07,0.0001009452133,1.889567949e-06,0.2109464565
1971.0,4.714588254e-05,6.81181159e-07,0.000350997998,5.738800526e-06,3.756429866e-05,6.159740527e-07,0.0004252087395,2.1015503e-05,5.679664968e-05,2.318231484e-07,5.755995291e-05,3.522973325e-07,0.0002717587879,2.496798082e-06,0.2109489533
1972.0,4.754394795e-05,6.880092265e-07,0.0003518550564,5.7470736e-06,3.806256302e-05,6.277299158e-07,0.0004309179035,7.800327925e-06,5.501699544e-05,2.21416969e-07,5.601267224e-05,3.392083658e-07,0.0001008691767,1.816077564e-06,0.2109507693
1973.0,4.862274729e-05,7.038062012e-07,0.0003578752567,5.851270066e-06,3.849511105e-05,6.356059442e-07,0.0004349907374,2.134267915e-05,5.338257584e-05,2.120536554e-07,5.461766071e-05,3.273615755e-07,0.0002759934173,2.062706571e-06,0.210952832
1974.0,4.904193056e-05,7.105363653e-07,0.0003582457077,5.849122557e-06,3.915351701e-05,6.493577615e-07,0.0004399814122,7.879720264e-06,5.174222609e-05,2.025532703e-07,5.31740038e-05,3.14741168e-07,0.0001018967515,1.900309105e-06,0.2109547323
1975.0,5.004708764e-05,7.259391154e-07,0.0003637902607,5.940740812e-06,3.969098929e-05,6.589022884e-07,0.0004443672816,2.190788704e-05,5.031465276e-05,1.944390975e-07,5.18660347e-05,3.034061344e-07,0.0002833053895,1.234462674e-06,0.2109559668
1976.0,5.048183875e-05,7.328824884e-07,0.0003639071987,5.93059759e-06,4.04326923e-05,6.739795335e-07,0.0004502098545,8.075347575e-06,4.894935285e-05,1.865226827e-07,5.053040745e-05,2.914652746e-07,0.0001044283607,1.343405446e-06,0.2109573102
1977.0,5.147296994e-05,7.483993255e-07,0.0003691551875,6.017447458e-06,4.102063644e-05,6.845544628e-07,0.0004532658262,2.254357253e-05,4.776496297e-05,1.799389875e-07,4.937653423e-05,2.809516674e-07,0.0002915297002,4.251941373e-07,0.2109577354
1978.0,5.189320716e-05,7.555120867e-07,0.0003691021854,6.004867445e-06,4.182547601e-05,7.004517502e-07,0.0004622832014,8.258401123e-06,4.664233917e-05,1.735170949e-07,4.821152777e-05,2.703881589e-07,0.0001067973984,9.627523046e-07,0.2109586982
1979.0,5.291892964e-05,7.70968863e-07,0.0003744085501,6.092412621e-06,4.246635277e-05,7.108733762e-07,0.0004642190534,2.311831035e-05,4.576737441e-05,1.687249475e-07,4.722416337e-05,2.617985311e-07,0.0002989665927,1.819806194e-07,0.2109588801
1980.0,5.32925166e-05,7.78234085e-07,0.0003743122397,6.080841649e-06,4.328889887e-05,7.260662921e-07,0.0004714179165,8.37634797e-06,4.496772276e-05,1.64226844e-07,4.628504663e-05,2.530006558e-07,0.0001083249013,8.195159754e-07,0.2109596997
1981.0,5.430685393e-05,7.935781366e-07,0.0003796908345,6.169681882e-06,4.391731799e-05,7.355431846e-07,0.0004739084151,2.356312756e-05,4.441713716e-05,1.615216624e-07,4.554784571e-05,2.460561195e-07,0.0003047268966,3.315371011e-07,0.2109600312
1982.0,5.468339806e-05,8.008530837e-07,0.0003796910946,6.156286144e-06,4.473126573e-05,7.498482548e-07,0.000479213597,8.43175626e-06,4.392907944e-05,1.592032993e-07,4.482782169e-05,2.391865641e-07,0.0001090434277,9.683687397e-07,0.2109609996
1983.0,5.565263107e-05,8.159001068e-07,0.0003847908625,6.240033814e-06,4.532611948e-05,7.583358083e-07,0.0004836774311,2.391910191e-05,4.366597868e-05,1.58514512e-07,4.432602834e-05,2.344029078e-07,0.0003093377002,9.0031674e-07,0.2109618999
1984.0,5.606007403e-05,8.231987076e-07,0.0003846626457,6.220885174e-06,4.611416755e-05,7.717090576e-07,0.0004886716082,8.440748666e-06,4.351159783e-05,1.582966111e-07,4.386603342e-05,2.300998765e-07,0.0001091618038,1.461398254e-06,0.2109633613
1985.0,5.695011482e-05,8.375663597e-07,0.0003893548281,6.297600329e-06,4.66611254e-05,7.792072428e-07,0.0004922411236,2.422985623e-05,4.360242862e-05,1.600141089e-07,4.362828695e-05,2.281025389e-07,0.0003133621231,1.381238668e-06,0.2109647425
1986.0,5.733309389e-05,8.445743567e-07,0.0003889423258,6.273086623e-06,4.738523305e-05,7.915103924e-07,0.0004969487913,8.450995456e-06,4.381450293e-05,1.627268951e-07,4.347194981e-05,2.266096782e-07,0.0001092965016,1.855782013e-06,0.2109665983
1987.0,5.817942179e-05,8.583492014e-07,0.0003932605141,6.341611896e-06,4.787386882e-05,7.97995786e-07,0.0005000410191,2.449020697e-05,4.428845614e-05,1.683577545e-07,4.353765665e-05,2.272977687e-07,0.0003167322613,1.654085479e-06,0.2109682524
1988.0,5.853438684e-05,8.653186328e-07,0.000392684257,6.310582434e-06,4.853882298e-05,8.092381151e-07,0.0005070664684,2.514758626e-05,4.502903666e-05,1.74805621e-07,4.369582236e-05,2.288354751e-07,0.0003252364187,1.975840031e-06,0.2109702282
1989.0,5.900130062e-05,8.740629922e-07,0.0003928731875,6.293925229e-06,4.914460133e-05,8.193241784e-07,0.0005115232966,8.662564185e-06,4.595523934e-05,1.815814581e-07,4.394381593e-05,2.327684376e-07,0.0001120334647,1.568756249e-06,0.210971797
1990.0,5.984024669e-05,8.878478666e-07,0.0003974975526,6.368501943e-06,4.946408021e-05,8.224830761e-07,0.0005138792408,2.509270645e-05,4.723814787e-05,1.899978659e-07,4.45054653e-05,2.394881757e-07,0.0003245268513,1.714063603e-06,0.210973511
1991.0,6.022216174e-05,8.950211924e-07,0.0003970552849,6.341134879e-06,4.998392391e-05,8.310296668e-07,0.0005173439883,2.554195241e-05,4.868933805e-05,1.986036193e-07,4.524851017e-05,2.466623874e-07,0.0003303368601,1.501568282e-06,0.2109750126
1992.0,6.062579752e-05,9.034254969e-07,0.000397178078,6.327074428e-06,5.044835261e-05,8.387116861e-07,0.0005219342701,2.596691023e-05,5.022504364e-05,2.075007515e-07,4.614735801e-05,2.548159671e-07,0.0003358318482,1.139282688e-06,0.2109761519
1993.0,6.10832684e-05,9.12096259e-07,0.0003976747395,6.320475939e-06,5.085012235e-05,8.449388081e-07,0.0005278420623,2.624606249e-05,5.182451255e-05,2.16642024e-07,4.718110768e-05,2.639011164e-07,0.0003394423105,1.151626333e-06,0.2109773035
1994.0,6.156035971e-05,9.20923839e-07,0.0003984941764,6.320517154e-06,5.119739659e-05,8.497783373e-07,0.0005304046513,2.640517001e-05,5.348496289e-05,2.259316182e-07,4.833454405e-05,2.734998333e-07,0.000341497449,7.923948225e-07,0.2109780959
1995.0,6.19667858e-05,9.295516741e-07,0.0003994724735,6.32394351e-06,5.1471823e-05,8.53481349e-07,0.0005339911025,2.645684483e-05,5.516147878e-05,2.354465276e-07,4.962185432e-05,2.835640016e-07,0.0003421670098,6.73379385e-07,0.2109787693
1996.0,6.240461467e-05,9.37976165e-07,0.0004005025392,6.328257029e-06,5.170603171e-05,8.563549764e-07,0.0005368540444,2.643098599e-05,5.687159881e-05,2.449597887e-07,5.095529857e-05,2.938782495e-07,0.0003418313676,5.544936422e-07,0.2109793238
1997.0,6.277311354e-05,9.461230532e-07,0.0004014282461,6.33023861e-06,5.190219852e-05,8.58624712e-07,0.0005385840109,2.638021874e-05,5.860694235e-05,2.545010418e-07,5.230568864e-05,3.045135482e-07,0.0003411728392,3.443298419e-07,0.2109796681
1998.0,6.312281242e-05,9.539266232e-07,0.0004021396478,6.328682657e-06,5.207014163e-05,8.605460033e-07,0.0005420228694,2.628730142e-05,6.035264856e-05,2.640674726e-07,5.366713471e-05,3.153760537e-07,0.0003399712546,6.137998847e-07,0.2109802819
1999.0,6.346573854e-05,9.615586357e-07,0.0004026810179,6.322705154e-06,5.223130067e-05,8.622876893e-07,0.0005430651915,2.620706398e-05,6.209279799e-05,2.736090044e-07,5.505415607e-05,3.264587299e-07,0.0003389299886,5.475450667e-07,0.2109808295
2000.0,6.372617341e-05,9.689064344e-07,0.0004028198497,6.311074569e-06,5.236651631e-05,8.638303418e-07,0.0005450349204,2.613025832e-05,6.380765578e-05,2.831224385e-07,5.645672465e-05,3.376412765e-07,0.0003379369766,7.284093147e-07,0.2109815579
2001.0,6.400516158e-05,9.76031308e-07,0.000402612183,6.294181366e-06,5.248221342e-05,8.652059405e-07,0.0005463232448,2.606970879e-05,6.55044357e-05,2.926900498e-07,5.787487592e-05,3.488851204e-07,0.0003371524481,6.281015554e-07,0.210982186
2002.0,6.421280637e-05,9.829971308e-07,0.0004021509163,6.272026174e-06,5.257965658e-05,8.664291912e-07,0.0005480231913,2.607144089e-05,6.717805527e-05,3.021434044e-07,5.9303836e-05,3.599875832e-07,0.0003371725328,-4.960365849e-07,0.2109816899
2003.0,6.441862288e-05,9.896728857e-07,0.0004014516902,6.245495182e-06,5.266156451e-05,8.673844518e-07,0.0005509241562,2.602741319e-05,6.884813464e-05,3.115278492e-07,6.073696501e-05,3.715503865e-07,0.0003366023319,-8.51774746e-07,0.2109808382
2004.0,6.462082044e-05,9.962355238e-07,0.0004005845548,6.215369689e-06,5.272486744e-05,8.679611036e-07,0.0005508391584,2.600127462e-05,7.048134e-05,3.20774333e-07,6.21741492e-05,3.829068192e-07,0.0003362608953,-1.813200279e-06,0.210979025
2005.0,6.476442606e-05,1.002532143e-06,0.0003994938306,6.18162972e-06,5.274721722e-05,8.680810543e-07,0.0005541121655,2.59573768e-05,7.208298824e-05,3.299442627e-07,6.360488981e-05,3.93933286e-07,0.0003356927606,-2.707882667e-06,0.2109763171
2006.0,6.493815946e-05,1.008571613e-06,0.0003982823599,6.14618907e-06,5.274379877e-05,8.677267614e-07,0.0005544058975,2.589172265e-05,7.364573251e-05,3.389598113e-07,6.500573492e-05,4.052737613e-07,0.0003348421087,-3.768536184e-06,0.2109725485
2007.0,6.502275487e-05,1.014148656e-06,0.0003968922782,6.109792525e-06,5.269914824e-05,8.668638079e-07,0.0005552612026,2.577452054e-05,7.518480624e-05,3.47761787e-07,6.640676319e-05,4.161056454e-07,0.0003333241854,-4.281955133e-06,0.2109682666
2008.0,6.509379486e-05,1.01917876e-06,0.0003954555523,6.07236544e-06,5.263665587e-05,8.654548538e-07,0.000557302466,2.562411257e-05,7.668465897e-05,3.563779491e-07,6.777155036e-05,4.271653037e-07,0.0003313777191,-4.614354101e-06,0.2109636522
2009.0,6.512720559e-05,1.023731939e-06,0.0003938559514,6.032874537e-06,5.254949133e-05,8.634949313e-07,0.0005552493787,2.543743147e-05,7.814622222e-05,3.647738094e-07,6.912595339e-05,4.376301649e-07,0.000328958856,-5.07777682e-06,0.2109585745
2010.0,6.504696291e-05,1.027562897e-06,0.0003919793901,5.991246804e-06,5.240970101e-05,8.610781531e-07,0.0005553332545,2.519135979e-05,7.957523596e-05,3.729443648e-07,7.043307805e-05,4.483648874e-07,0.0003257753792,-5.063778402e-06,0.2109535107
2011.0,6.498619054e-05,1.030905644e-06,0.0003899979411,5.947350935e-06,5.225252981e-05,8.582508342e-07,0.0005535843164,2.488385603e-05,8.09579816e-05,3.808966231e-07,7.171837979e-05,4.584322264e-07,0.0003217960099,-4.845784069e-06,0.2109486649
2012.0,6.48618759e-05,1.033823558e-06,0.0003877804235,5.901227711e-06,5.206322227e-05,8.549916043e-07,0.0005517193594,2.451507648e-05,8.229652073e-05,3.88619464e-07,7.295616804e-05,4.687499942e-07,0.0003170238748,-4.285821067e-06,0.2109443791
2013.0,6.476283393e-05,1.036525491e-06,0.0003853010616,5.853110766e-06,5.185505982e-05,8.514792203e-07,0.0005505699146,2.407539875e-05,8.359308804e-05,3.961049849e-07,7.417446704e-05,4.783521326e-07,0.0003113366322,-2.93114847e-06,0.2109414479
2014.0,6.466814086e-05,1.038907247e-06,0.0003826602843,5.802635752e-06,5.163477492e-05,8.477347916e-07,0.0005477275371,2.361662485e-05,8.484137508e-05,4.03352662e-07,7.53508864e-05,4.87971086e-07,0.0003053992931,-1.943385299e-06,0.2109395045
2015.0,6.449681522e-05,1.040655526e-06,0.0003797366679,5.74850922e-06,5.137926919e-05,8.436574009e-07,0.0005450258924,2.310322171e-05,8.603598812e-05,4.103525984e-07,7.648547508e-05,4.975427085e-07,0.0002987592331,-5.666764915e-07,0.2109389379
2016.0,6.433992131e-05,1.041877068e-06,0.0003765916653,5.691805585e-06,5.110497771e-05,8.39404271e-07,0.0005407069303,2.256367664e-05,8.718300026e-05,4.170915503e-07,7.760266071e-05,5.06308999e-07,0.0002917799242,8.307638249e-07,0.2109397686
2017.0,6.41214917e-05,1.042432714e-06,0.0003732736107,5.633467005e-06,5.081877517e-05,8.349313934e-07,0.0005368040895,2.203402784e-05,8.829817284e-05,4.235405338e-07,7.866959724e-05,5.150597582e-07,0.000284927361,1.612583877e-06,0.2109413812
2018.0,6.388275772e-05,1.042219213e-06,0.0003697520705,5.573328066e-06,5.052335532e-05,8.302731033e-07,0.00053312623,2.151645984e-05,8.936330224e-05,4.297638647e-07,7.969225177e-05,5.237911846e-07,0.0002782325198,2.36548606e-06,0.2109437467
2019.0,6.360679762e-05,1.041121019e-06,0.0003660715663,5.512408073e-06,5.021823889e-05,8.255052405e-07,0.0005269125038,2.103807998e-05,9.038492626e-05,4.356786776e-07,8.069084661e-05,5.317537298e-07,0.0002720419741,2.672498499e-06,0.2109464192
2020.0,6.3267824e-05,1.039127918e-06,0.0003621929064,5.44926883e-06,4.988392466e-05,8.206471433e-07,0.0005221105746,2.052461204e-05,9.135171336e-05,4.412816317e-07,8.163686586e-05,5.39655862e-07,0.0002654006422,2.023153399e-06,0.2109484424
2021.0,6.297860065e-05,1.036439132e-06,0.0003582002367,5.38511497e-06,4.953626992e-05,8.158179144e-07,0.0005154095169,1.996744402e-05,9.225283434e-05,4.465394287e-07,8.253631847e-05,5.472529455e-07,0.0002581930758,1.737607009e-06,0.21095018
2022.0,6.268236832e-05,1.033397663e-06,0.0003540989382,5.319773965e-06,4.917534636e-05,8.110901048e-07,0.0005089371804,1.940449552e-05,9.310347633e-05,4.514948581e-07,8.33746766e-05,5.548132302e-07,0.0002509107955,9.815927959e-07,0.2109511616
2023.0,6.241126115e-05,1.029622013e-06,0.0003499666355,5.254634339e-06,4.882230081e-05,8.065631793e-07,0.0005048115778,1.883646016e-05,9.389426225e-05,4.56144797e-07,8.418032131e-05,5.614874937e-07,0.0002435636758,1.106837928e-06,0.2109522684
2024.0,6.209131733e-05,1.024895177e-06,0.0003458211689,5.190650974e-06,4.847561406e-05,8.022411889e-07,0.000496172858,1.831615633e-05,9.462944365e-05,4.605076685e-07,8.492472168e-05,5.680737325e-07,0.0002368316616,1.248700128e-07,0.2109523933
2025.0,6.165437226e-05,1.019030114e-06,0.0003414744694,5.126340547e-06,4.811340553e-05,7.980521737e-07,0.0004898143663,1.78373445e-05,9.530874681e-05,4.645397739e-07,8.56140652e-05,5.743126638e-07,0.0002306389744,-5.112134487e-07,0.210951882
2026.0,6.122537799e-05,1.012158377e-06,0.0003371170303,5.062850595e-06,4.776424414e-05,7.939831541e-07,0.0004821119787,1.733005341e-05,9.593014581e-05,4.682068412e-07,8.625155011e-05,5.801493199e-07,0.0002240770658,-1.223025757e-06,0.210950659
2027.0,6.070910845e-05,1.004382032e-06,0.0003326970547,5.001147479e-06,4.741636656e-05,7.900023149e-07,0.0004736825752,1.686338704e-05,9.649669961e-05,4.714907715e-07,8.683945021e-05,5.855956967e-07,0.0002180404829,-1.883905366e-06,0.2109487751
2028.0,6.016864566e-05,9.956633076e-07,0.0003283531741,4.941139486e-06,4.70770875e-05,7.86038494e-07,0.000467309741,1.64004063e-05,9.698930586e-05,4.743011267e-07,8.738214808e-05,5.906611681e-07,0.0002120528611,-1.882516823e-06,0.2109468926
2029.0,5.961314357e-05,9.862987912e-07,0.0003240752061,4.883829327e-06,4.675650334e-05,7.820141227e-07,0.0004577396878,1.597798463e-05,9.743343444e-05,4.768699348e-07,8.786343436e-05,5.955703451e-07,0.0002065879276,-2.02760791e-06,0.210944865
2030.0,5.898452875e-05,9.761842095e-07,0.0003198073021,4.829275711e-06,4.642879976e-05,7.777915589e-07,0.0004499456677,1.559343501e-05,9.780600026e-05,4.790694618e-07,8.830635927e-05,5.99538175e-07,0.0002016151212,-1.706320349e-06,0.2109431587
2031.0,5.839840036e-05,9.656356047e-07,0.0003156438974,4.778202806e-06,4.610780924e-05,7.734700686e-07,0.0004398928837,1.522971392e-05,9.811534224e-05,4.809019508e-07,8.868246459e-05,6.033461102e-07,0.0001969111234,-1.22553592e-06,0.2109419331
2032.0,5.77687007e-05,9.545967681e-07,0.0003116639154,4.731233456e-06,4.57912094e-05,7.689259501e-07,0.0004316154746,1.490380529e-05,9.835790654e-05,4.823661559e-07,8.899817909e-05,6.066645341e-07,0.0001926957002,-6.816929466e-07,0.2109412514
2033.0,5.714285772e-05,9.430014225e-07,0.000307970492,4.689495966e-06,4.548439438e-05,7.641450487e-07,0.0004239783028,1.460997792e-05,9.853279469e-05,4.8344721e-07,8.926150904e-05,6.095401745e-07,0.0001888965808,3.356965e-07,0.2109415871
2034.0,5.649453041e-05,9.307651578e-07,0.0003045366707,4.651553814e-06,4.518119513e-05,7.591542451e-07,0.0004150897903,1.438152368e-05,9.863811405e-05,4.841556951e-07,8.947228674e-05,6.1196196e-07,0.0001859412658,1.024574215e-06,0.2109426117
2035.0,5.578536306e-05,9.178543745e-07,0.0003013361947,4.620529624e-06,4.486398119e-05,7.538177737e-07,0.0004087723014,1.421653555e-05,9.867758067e-05,4.844521036e-07,8.96321552e-05,6.13929753e-07,0.0001838082302,1.298072924e-06,0.2109439098
2036.0,5.508199851e-05,9.042702661e-07,0.0002985359629,4.594550853e-06,4.454062081e-05,7.481181432e-07,0.0004002012994,1.410368983e-05,9.864606338e-05,4.843180184e-07,8.972964844e-05,6.154076471e-07,0.0001823487895,1.5984671e-06,0.2109455083
2037.0,5.429996892e-05,8.901530353e-07,0.0002961096867,4.57450305e-06,4.420346579e-05,7.421457448e-07,0.000393527106,1.403812835e-05,9.857014746e-05,4.838501603e-07,8.977233466e-05,6.164145015e-07,0.0001815006593,1.674359923e-06,0.2109471826
2038.0,5.354330113e-05,8.756912965e-07,0.0002940614214,4.558615247e-06,4.386766794e-05,7.359353667e-07,0.0003890121019,1.401780205e-05,9.838735053e-05,4.828609191e-07,8.975570114e-05,6.169153458e-07,0.0001812383252,1.801703257e-06,0.2109489843
2039.0,5.281236715e-05,8.609960138e-07,0.0002924876427,4.546689805e-06,4.353549659e-05,7.29501655e-07,0.0003827429393,1.400047564e-05,9.814362988e-05,4.815017851e-07,8.967737494e-05,6.169344062e-07,0.0001810132226,1.574366346e-06,0.2109505587
2040.0,5.204295039e-05,8.460843313e-07,0.0002911300915,4.53764218e-06,4.31841312e-05,7.227767254e-07,0.0003784696983,1.40345299e-05,9.783330472e-05,4.797363e-07,8.953798853e-05,6.164927699e-07,0.0001814544776,1.330420585e-06,0.2109518891
2041.0,5.13332877e-05,8.309376787e-07,0.0002900886674,4.531777352e-06,4.283227725e-05,7.158332805e-07,0.0003748983152,1.408456282e-05,9.744873941e-05,4.775488453e-07,8.933687216e-05,6.155650883e-07,0.0001821011811,1.599806539e-06,0.2109534889
2042.0,5.056755897e-05,8.155222465e-07,0.0002892703795,4.529870519e-06,4.247270822e-05,7.087158278e-07,0.0003712800764,1.421631433e-05,9.699090483e-05,4.749495545e-07,8.907171372e-05,6.141238001e-07,0.0001838044189,1.147343757e-06,0.2109546363
2043.0,4.981559492e-05,7.998360169e-07,0.0002886819087,4.530392703e-06,4.211239829e-05,7.014423687e-07,0.0003708021093,1.440849893e-05,9.646166769e-05,4.719216037e-07,8.873897003e-05,6.124398075e-07,0.0001862902238,1.152560166e-06,0.2109557888
2044.0,4.909430218e-05,7.84238544e-07,0.0002884298744,4.533497719e-06,4.176455777e-05,6.941038034e-07,0.0003683549598,1.456256486e-05,9.585548297e-05,4.685180426e-07,8.836537842e-05,6.097456875e-07,0.0001882812381,9.020733846e-07,0.2109566909
2045.0,4.832792702e-05,7.686505067e-07,0.0002883174277,4.538532421e-06,4.139767924e-05,6.865353366e-07,0.0003678633642,1.477261557e-05,9.517994626e-05,4.647207684e-07,8.79190325e-05,6.067771224e-07,0.0001909982249,9.057895721e-07,0.2109575967
2046.0,4.762582164e-05,7.532284107e-07,0.0002883654597,4.545642166e-06,4.103210845e-05,6.789744847e-07,0.000366829095,1.495757872e-05,9.444071529e-05,4.605301769e-07,8.74169071e-05,6.032803676e-07,0.0001933900699,9.489293584e-07,0.2109585456
2047.0,4.692401728e-05,7.381855619e-07,0.0002885373379,4.554604253e-06,4.066497458e-05,6.714545872e-07,0.0003666969144,1.513985896e-05,9.36253603e-05,4.560217298e-07,8.68571138e-05,5.992753182e-07,0.0001957469608,9.824357127e-07,0.210959528
2048.0,4.628240628e-05,7.236809212e-07,0.0002888854438,4.565015861e-06,4.031024084e-05,6.639594984e-07,0.0003683013499,1.53472314e-05,9.274365176e-05,4.511370347e-07,8.622931382e-05,5.950127343e-07,0.0001984295367,1.37305223e-06,0.2109609011
2049.0,4.566936963e-05,7.097392031e-07,0.0002893548472,4.577887613e-06,3.996509262e-05,6.565196159e-07,0.000367112666,1.551436166e-05,9.179075593e-05,4.458782454e-07,8.555041356e-05,5.89869478e-07,0.0002005902723,1.538358285e-06,0.2109624395
2050.0,4.503657508e-05,6.963434705e-07,0.0002898281983,4.593535181e-06,3.961153841e-05,6.492310153e-07,0.000369376545,1.572118027e-05,9.077036597e-05,4.402460356e-07,8.481449792e-05,5.843870427e-07,0.000203266076,1.883969872e-06,0.2109643234
2051.0,4.448609128e-05,6.835736207e-07,0.0002904208304,4.61243402e-06,3.926125639e-05,6.420137199e-07,0.0003690228466,1.591659626e-05,8.96993542e-05,4.342666524e-07,8.402633806e-05,5.78445251e-07,0.0002057937461,2.150016071e-06,0.2109664734
2052.0,4.39156817e-05,6.714767604e-07,0.0002910847461,4.632937738e-06,3.890191719e-05,6.348859089e-07,0.0003701852401,1.612902034e-05,8.856386848e-05,4.278999029e-07,8.317621041e-05,5.722659278e-07,0.0002085412645,2.3108649e-06,0.2109687843
2053.0,4.342216713e-05,6.603180174e-07,0.0002919292051,4.656721396e-06,3.856785353e-05,6.279193088e-07,0.000373301918,1.636789089e-05,8.736885599e-05,4.211675747e-07,8.228330679e-05,5.652392177e-07,0.0002116315583,2.755106905e-06,0.2109715394
2054.0,4.298913575e-05,6.499358483e-07,0.0002928891888,4.682255002e-06,3.825206554e-05,6.212179399e-07,0.0003728762116,1.655747517e-05,8.61183178e-05,4.141154324e-07,8.13302244e-05,5.57996857e-07,0.0002140828185,2.774656467e-06,0.2109743141
2055.0,4.255101261e-05,6.40620932e-07,0.0002938675482,4.710743241e-06,3.792297205e-05,6.147446374e-07,0.0003749091437,1.677683969e-05,8.480272075e-05,4.067389292e-07,8.032144444e-05,5.505118736e-07,0.0002169214162,2.895463925e-06,0.2109772095
2056.0,4.222874896e-05,6.322791383e-07,0.0002950066891,4.741896874e-06,3.760947419e-05,6.086217593e-07,0.0003754240381,1.69787596e-05,8.344159734e-05,3.990330925e-07,7.927745877e-05,5.422128699e-07,0.0002195333907,2.853097204e-06,0.2109800626
2057.0,4.193423722e-05,6.2517637e-07,0.0002963237645,4.777334139e-06,3.729771671e-05,6.028002857e-07,0.0003764726248,1.718448779e-05,8.203012301e-05,3.910985767e-07,7.817056933e-05,5.336656817e-07,0.0002221943428,2.630072199e-06,0.2109826927
2058.0,4.172278152e-05,6.194370977e-07,0.000297999966,4.81809391e-06,3.702261618e-05,5.974818567e-07,0.0003787692691,1.74418934e-05,8.057433599e-05,3.828475251e-07,7.701322315e-05,5.24870639e-07,0.0002255248782,2.697137758e-06,0.2109853898
2059.0,4.158851904e-05,6.14942544e-07,0.0003000025179,4.86598195e-06,3.677886424e-05,5.928434199e-07,0.000379751398,1.765489729e-05,7.90616396e-05,3.743129042e-07,7.582404983e-05,5.154214088e-07,0.0002282788391,2.375576045e-06,0.2109877654
2060.0,4.146654158e-05,6.113909682e-07,0.0003021362851,4.920825671e-06,3.654982123e-05,5.888011343e-07,0.000381577025,1.790887863e-05,7.750890291e-05,3.654917095e-07,7.458074589e-05,5.058630943e-07,0.0002315652624,2.175428299e-06,0.2109899408
2061.0,4.145914584e-05,6.09240298e-07,0.0003046642438,4.980302388e-06,3.634451129e-05,5.854554102e-07,0.000382743336,1.816300187e-05,7.591850184e-05,3.564030395e-07,7.330847677e-05,4.956751176e-07,0.0002348527145,1.925892129e-06,0.2109918667
2062.0,4.151443711e-05,6.085084654e-07,0.0003074800927,5.040901605e-06,3.617056682e-05,5.82842866e-07,0.0003853206456,1.841457937e-05,7.429732289e-05,3.470307921e-07,7.198469869e-05,4.853910805e-07,0.0002381069476,1.574375378e-06,0.2109934411
2063.0,4.167892756e-05,6.088852641e-07,0.0003105745319,5.101278271e-06,3.603194709e-05,5.811394749e-07,0.0003887357846,1.871688002e-05,7.262911877e-05,3.375099251e-07,7.063973802e-05,4.74507506e-07,0.0002420187303,1.610953494e-06,0.2109950521
2064.0,4.191656188e-05,6.106295671e-07,0.0003138554109,5.161640156e-06,3.594269515e-05,5.803357319e-07,0.0003903407249,1.89704536e-05,7.092796499e-05,3.277950437e-07,6.924737345e-05,4.634979926e-07,0.0002452982402,1.355539181e-06,0.2109964076
2065.0,4.218028454e-05,6.133833903e-07,0.0003172260294,5.22070216e-06,3.588021918e-05,5.801996056e-07,0.0003939863017,1.926381687e-05,6.919100407e-05,3.179067294e-07,6.78365276e-05,4.519942445e-07,0.0002490947418,1.302101514e-06,0.2109977097
2066.0,4.256598237e-05,6.174295891e-07,0.0003208253769,5.279657089e-06,3.586721292e-05,5.811134773e-07,0.000396225285,1.954879209e-05,6.743257847e-05,3.078833684e-07,6.638745483e-05,4.403992915e-07,0.0002527816084,1.257187628e-06,0.2109989669
2067.0,4.296517355e-05,6.226274987e-07,0.0003243481601,5.338797176e-06,3.589328014e-05,5.831080793e-07,0.0003989485781,1.983341367e-05,6.565113404e-05,2.97699994e-07,6.49171081e-05,4.284514813e-07,0.0002564639446,1.124752943e-06,0.2110000916
2068.0,4.345919847e-05,6.290091588e-07,0.0003279598704,5.397132976e-06,3.598520159e-05,5.861797367e-07,0.0004048199252,2.017221137e-05,6.387068716e-05,2.873389688e-07,6.34287799e-05,4.161910654e-07,0.0002608476699,1.412532617e-06,0.2110015042
2069.0,4.402686168e-05,6.365193336e-07,0.0003316676716,5.453559197e-06,3.614116703e-05,5.902834249e-07,0.0004068926464,7.271802433e-06,6.201415993e-05,2.763898395e-07,6.186567028e-05,4.033304324e-07,9.403213605e-05,1.083600546e-06,0.2110025878
2070.0,4.508301864e-05,6.515291204e-07,0.0003402040964,5.599306816e-06,3.620316745e-05,5.911647679e-07,0.0004099606656,1.991323436e-05,6.029947267e-05,2.662665439e-07,6.042957453e-05,3.913969612e-07,0.0002575022999,1.234762107e-06,0.2110038225
2071.0,4.546387937e-05,6.56870028e-07,0.0003417030188,5.614626211e-06,3.653547975e-05,5.99629941e-07,0.0004145346978,2.038494263e-05,5.852650074e-05,2.557847995e-07,5.892194312e-05,3.78770155e-07,0.0002636038817,1.217207413e-06,0.2110050397
2072.0,4.596542285e-05,6.644167836e-07,0.0003434348085,5.633371458e-06,3.696149034e-05,6.095533893e-07,0.0004190472296,7.416599086e-06,5.671615194e-05,2.44795979e-07,5.737149469e-05,3.655333264e-07,9.590678012e-05,9.09856502e-07,0.2110059496
2073.0,4.703872362e-05,6.795341833e-07,0.0003498501184,5.739766669e-06,3.728169755e-05,6.158567061e-07,0.0004240371977,2.067845346e-05,5.505749762e-05,2.347280911e-07,5.594835395e-05,3.533539682e-07,0.0002674031804,1.179796395e-06,0.2110071294
2074.0,4.746136097e-05,6.857510111e-07,0.0003503210202,5.737956672e-06,3.786401102e-05,6.284141295e-07,0.0004288469056,2.132372565e-05,5.339917819e-05,2.245283293e-07,5.450891646e-05,3.406822528e-07,0.0002757475345,9.564183663e-07,0.2110080858
2075.0,4.800289501e-05,6.943634406e-07,0.0003514711672,5.749398916e-06,3.849635635e-05,6.411644555e-07,0.0004352717131,7.770722877e-06,5.173780776e-05,2.143624394e-07,5.308017718e-05,3.274497752e-07,0.0001004879965,7.430147467e-07,0.2110088288
2076.0,4.915029372e-05,7.106447569e-07,0.0003578330926,5.856067635e-06,3.896225835e-05,6.487615713e-07,0.0004372233693,2.166853525e-05,5.029046115e-05,2.054441002e-07,5.178650036e-05,3.155003041e-07,0.0002802106153,7.367946215e-07,0.2110095656
2077.0,4.958726096e-05,7.180001637e-07,0.000358500841,5.856303215e-06,3.965513355e-05,6.624210285e-07,0.0004436926972,7.810262274e-06,4.889022967e-05,1.963070165e-07,5.045054234e-05,3.028892701e-07,0.0001010004536,3.84320273e-07,0.2110099499
2078.0,5.066812148e-05,7.338412767e-07,0.0003644354781,5.952687267e-06,4.020640549e-05,6.713168092e-07,0.0004481902954,2.201251462e-05,4.769582654e-05,1.886183681e-07,4.928375397e-05,2.916687909e-07,0.0002846633119,4.50786779e-07,0.2110104007
2079.0,5.109898065e-05,7.408457301e-07,0.0003647215244,5.944338672e-06,4.099430912e-05,6.864564563e-07,0.000453496162,7.900331544e-06,4.652495067e-05,1.81315298e-07,4.811113208e-05,2.800736728e-07,0.0001021665677,1.114173534e-07,0.2110105122
2080.0,5.208443097e-05,7.559435606e-07,0.0003700820084,6.03136864e-06,4.16066089e-05,6.966612897e-07,0.0004584485853,2.243859444e-05,4.560718157e-05,1.756826959e-07,4.710269693e-05,2.704774703e-07,0.0002901778906,-3.339099811e-08,0.2110104788
2081.0,5.250427319e-05,7.627909375e-07,0.0003700277381,6.017390565e-06,4.244161225e-05,7.123326244e-07,0.0004635833145,8.032187446e-06,4.47565774e-05,1.703348851e-07,4.612212679e-05,2.607707215e-07,0.000103874205,-1.891621042e-07,0.2110102896
2082.0,5.344978652e-05,7.776426734e-07,0.0003751217255,6.100257461e-06,4.306785029e-05,7.223509861e-07,0.0004668647428,2.291959749e-05,4.413577186e-05,1.668439178e-07,4.53575208e-05,2.530123257e-07,0.0002964042885,-5.032550466e-07,0.2110097863
2083.0,5.384373821e-05,7.845738123e-07,0.0003751021817,6.084614034e-06,4.390979088e-05,7.37370642e-07,0.0004744840289,8.173746151e-06,4.36051817e-05,1.635798737e-07,4.460409539e-05,2.452078269e-07,0.0001057073188,-3.854655855e-07,0.2110094009
2084.0,5.481069273e-05,7.992963675e-07,0.0003801019168,6.163490085e-06,4.453118693e-05,7.464731469e-07,0.0004764982346,2.34071705e-05,4.327763052e-05,1.619795843e-07,4.405469625e-05,2.394550701e-07,0.0003027152011,-5.983187242e-07,0.2110088026
2085.0,5.516458309e-05,8.063633737e-07,0.000379900796,6.144319009e-06,4.532384654e-05,7.604485284e-07,0.0004830275902,8.300731168e-06,4.305362242e-05,1.604255865e-07,4.355118247e-05,2.340358386e-07,0.000107351721,-5.367877432e-07,0.2110082658
2086.0,5.610365155e-05,8.208069187e-07,0.0003845544287,6.217716871e-06,4.587826678e-05,7.684032186e-07,0.0004859569592,2.384493363e-05,4.306332022e-05,1.607177582e-07,4.32586554e-05,2.310328783e-07,0.000308384236,-5.958387217e-07,0.2110076699
2087.0,5.646760768e-05,8.27980544e-07,0.0003842460655,6.19528509e-06,4.661703217e-05,7.812036891e-07,0.0004914143365,8.419991541e-06,4.318832416e-05,1.611989394e-07,4.30411597e-05,2.282350827e-07,0.0001088957184,-6.344568716e-07,0.2110070355
2088.0,5.734443322e-05,8.419610679e-07,0.0003885734708,6.262681717e-06,4.71068118e-05,7.879714506e-07,0.0004954555908,2.423454467e-05,4.356812367e-05,1.640063961e-07,4.304548026e-05,2.276564104e-07,0.0003134280417,-4.414019912e-07,0.2110065941
2089.0,5.773271305e-05,8.49184631e-07,0.0003882355676,6.235115389e-06,4.77955774e-05,7.99604348e-07,0.000500696659,2.492415519e-05,4.414756715e-05,1.682231517e-07,4.314106656e-05,2.27784226e-07,0.0003223463355,-5.604846958e-07,0.2110060336
2090.0,5.817696318e-05,8.582346685e-07,0.0003885384221,6.220908084e-06,4.839814045e-05,8.099699409e-07,0.0005065983264,8.744429014e-06,4.492726593e-05,1.73607008e-07,4.332910703e-05,2.287670693e-07,0.0001130933031,-5.312503556e-07,0.2110055023
2091.0,5.906838207e-05,8.721577885e-07,0.0003931227503,6.293818883e-06,4.87196962e-05,8.135258302e-07,0.0005073797749,2.495232162e-05,4.60884847e-05,1.812515505e-07,4.37630664e-05,2.332026868e-07,0.0003227128142,-4.394904851e-07,0.2110050628
2092.0,5.940542114e-05,8.794892384e-07,0.0003928518907,6.269313652e-06,4.924718614e-05,8.224235918e-07,0.0005120681379,2.543171219e-05,4.742595854e-05,1.891525236e-07,4.438777021e-05,2.390266369e-07,0.0003289126156,-6.222696931e-07,0.2110044406
2093.0,5.984474334e-05,8.881602591e-07,0.0003931495531,6.256458428e-06,4.972766762e-05,8.303348586e-07,0.0005180900925,8.794693976e-06,4.881723306e-05,1.970694745e-07,4.515835429e-05,2.456495928e-07,0.0001137436062,-5.669313288e-07,0.2110038736
2094.0,6.064700726e-05,9.009446712e-07,0.0003974534511,6.32525875e-06,4.996345666e-05,8.319774551e-07,0.0005173266656,2.510339459e-05,5.041981311e-05,2.065305857e-07,4.61787535e-05,2.545136869e-07,0.0003246646762,-6.025886369e-07,0.2110032711
2095.0,6.091554809e-05,9.077373828e-07,0.0003969141885,6.295249512e-06,5.039725088e-05,8.391196177e-07,0.000523613515,2.554223115e-05,5.206337645e-05,2.158928758e-07,4.724692955e-05,2.638493916e-07,0.0003303410471,-6.431417695e-07,0.2110026279
2096.0,6.129600945e-05,9.157565754e-07,0.0003968170959,6.274205221e-06,5.078529256e-05,8.455707598e-07,0.0005271491757,2.59591761e-05,5.372555332e-05,2.256137935e-07,4.846122909e-05,2.737849835e-07,0.0003357330579,-7.630108863e-07,0.2110018649
2097.0,6.163783293e-05,9.240595254e-07,0.0003968194938,6.257786493e-06,5.109774036e-05,8.50765023e-07,0.0005314983319,2.624482049e-05,5.540237252e-05,2.355804685e-07,4.977232734e-05,2.842742668e-07,0.00033942666,-1.036399693e-06,0.2110008285
2098.0,6.202686678e-05,9.325263392e-07,0.0003970455893,6.245985984e-06,5.136451242e-05,8.547507057e-07,0.0005370133812,2.643618863e-05,5.712657339e-05,2.456713096e-07,5.111191891e-05,2.951904905e-07,0.000341901726,-9.102150946e-07,0.2109999183
2099.0,6.241747708e-05,9.40980322e-07,0.0003974252259,6.237856958e-06,5.158510573e-05,8.576200608e-07,0.0005378659496,2.643740013e-05,5.886110462e-05,2.558122177e-07,5.246344998e-05,3.064544439e-07,0.0003419141172,-1.219169767e-06,0.2109986991
2100.0,6.272435211e-05,9.490946566e-07,0.0003977742299,6.230945274e-06,5.174458386e-05,8.595236594e-07,0.0005407001752,2.639417838e-05,6.060351432e-05,2.659516672e-07,5.383451495e-05,3.179687823e-07,0.0003413556325,-1.304492835e-06,0.2109973946
2101.0,6.306025778e-05,9.56865725e-07,0.0003981548629,6.223302551e-06,5.18840965e-05,8.607490755e-07,0.0005414772112,2.630127619e-05,6.232287973e-05,2.760600663e-07,5.522299546e-05,3.297020981e-07,0.0003401528554,-1.476809342e-06,0.2109959178
2102.0,6.332044175e-05,9.641374785e-07,0.0003983251544,6.213530576e-06,5.198730271e-05,8.614636471e-07,0.0005428194653,2.617926104e-05,6.401567472e-05,2.86120859e-07,5.662412068e-05,3.415073231e-07,0.0003385729169,-1.782230699e-06,0.2109941356
2103.0,6.356272309e-05,9.70965154e-07,0.0003982808574,6.20014575e-06,5.206795573e-05,8.619157131e-07,0.0005450811396,2.611428769e-05,6.568397673e-05,2.960949357e-07,5.803443936e-05,3.534061258e-07,0.0003377326951,-1.680571228e-06,0.210992455
2104.0,6.378593634e-05,9.775555171e-07,0.0003980567387,6.182698622e-06,5.213581228e-05,8.621650118e-07,0.0005458383746,2.598458462e-05,6.73389101e-05,3.059886899e-07,5.945601391e-05,3.650854092e-07,0.0003360511689,-1.971082655e-06,0.2109904839
2105.0,6.393271715e-05,9.838379013e-07,0.0003974492459,6.160517318e-06,5.21719638e-05,8.621730107e-07,0.0005472324169,2.589868412e-05,6.897123458e-05,3.157839283e-07,6.087386286e-05,3.77109746e-07,0.0003349397634,-2.049839165e-06,0.2109884341
2106.0,6.409488472e-05,9.89893346e-07,0.0003965937703,6.134150534e-06,5.218495133e-05,8.620349297e-07,0.0005480096013,2.578984092e-05,7.057110271e-05,3.254397077e-07,6.229094695e-05,3.888461322e-07,0.0003335304288,-2.163321703e-06,0.2109862708
2107.0,6.420236819e-05,9.95710226e-07,0.0003954747085,6.104081538e-06,5.218088544e-05,8.616497074e-07,0.0005497369692,2.564016881e-05,7.214018975e-05,3.349721519e-07,6.369565754e-05,4.001792816e-07,0.0003315922936,-2.397856734e-06,0.2109838729
2108.0,6.430445153e-05,1.001322436e-06,0.0003941542841,6.070951454e-06,5.21563803e-05,8.609392668e-07,0.0005517869905,2.552525513e-05,7.367927754e-05,3.442970788e-07,6.507912417e-05,4.11926589e-07,0.0003301053706,-2.216968801e-06,0.2109816559
2109.0,6.438572356e-05,1.006690453e-06,0.0003926900643,6.03521208e-06,5.211256166e-05,8.599206869e-07,0.0005510747276,2.532530299e-05,7.518953837e-05,3.534204113e-07,6.645868084e-05,4.229529732e-07,0.0003275151489,-2.405999818e-06,0.2109792499
2110.0,6.43919348e-05,1.011746444e-06,0.0003909603193,5.996425414e-06,5.203984265e-05,8.58373589e-07,0.000551730559,2.513302414e-05,7.66627558e-05,3.62369758e-07,6.780600197e-05,4.343559427e-07,0.0003250271588,-2.384067114e-06,0.2109768659
2111.0,6.441717715e-05,1.01657095e-06,0.0003890684687,5.955092981e-06,5.193744012e-05,8.563652469e-07,0.0005504060683,2.489497917e-05,7.810319329e-05,3.710631081e-07,6.914026685e-05,4.449788776e-07,0.0003219455615,-2.395069162e-06,0.2109744708
2112.0,6.435643216e-05,1.02105296e-06,0.0003869799973,5.911789764e-06,5.180001868e-05,8.538478126e-07,0.0005489160993,2.462894114e-05,7.950868634e-05,3.79492172e-07,7.042097976e-05,4.559190071e-07,0.0003185021449,-2.109277428e-06,0.2109723615
2113.0,6.429672611e-05,1.025160298e-06,0.0003848074463,5.866292181e-06,5.16396568e-05,8.50863818e-07,0.0005498588063,2.434944428e-05,8.086754467e-05,3.876889679e-07,7.168657027e-05,4.660039908e-07,0.0003148860371,-2.13709823e-06,0.2109702244
2114.0,6.421459802e-05,1.028819776e-06,0.0003824735625,5.819508113e-06,5.146321026e-05,8.474168269e-07,0.0005462758895,2.400968972e-05,8.218120707e-05,3.956469005e-07,7.290164781e-05,4.764282233e-07,0.0003104878777,-1.861018996e-06,0.2109683634
2115.0,6.404130199e-05,1.031842612e-06,0.0003798074185,5.770916214e-06,5.123763644e-05,8.43535177e-07,0.0005446967983,2.366663838e-05,8.345026699e-05,4.033313789e-07,7.409741621e-05,4.859536685e-07,0.0003060504093,-1.690678754e-06,0.2109666727
2116.0,6.389749987e-05,1.034379685e-06,0.000377026815,5.720628699e-06,5.099725374e-05,8.392980391e-07,0.0005416268211,2.327617832e-05,8.466786534e-05,4.107450238e-07,7.524710279e-05,4.956044529e-07,0.0003009984024,-1.576800973e-06,0.2109650959
2117.0,6.369056109e-05,1.036276307e-06,0.0003740271198,5.667297844e-06,5.072388418e-05,8.347566038e-07,0.0005375833393,2.28350194e-05,8.582928964e-05,4.178359385e-07,7.635963384e-05,5.053155971e-07,0.0002952907445,-1.619226705e-06,0.2109634767
2118.0,6.348380368e-05,1.037522168e-06,0.0003708305929,5.611045671e-06,5.04336849e-05,8.299905799e-07,0.0005353095589,2.23965061e-05,8.695425943e-05,4.246340298e-07,7.745133697e-05,5.140704224e-07,0.0002896184684,-1.494189239e-06,0.2109619825
2119.0,6.327478801e-05,1.038061191e-06,0.0003675088309,5.553162064e-06,5.014803233e-05,8.250843982e-07,0.0005297439622,2.187117288e-05,8.80358282e-05,4.311374679e-07,7.84908393e-05,5.228405803e-07,0.000282820298,-1.662049405e-06,0.2109603205
2120.0,6.300296363e-05,1.037729387e-06,0.0003638885009,5.493597389e-06,4.983541774e-05,8.199391317e-07,0.0005254124422,2.135811519e-05,8.907374734e-05,4.373314216e-07,7.948245236e-05,5.316193179e-07,0.0002761838534,-1.684590994e-06,0.2109586359
2121.0,6.276018716e-05,1.036608113e-06,0.000360095803,5.432142659e-06,4.950864847e-05,8.147977142e-07,0.0005186971923,2.08188798e-05,9.006066505e-05,4.432124865e-07,8.045202841e-05,5.393475357e-07,0.0002692081796,-1.813490425e-06,0.2109568224
2122.0,6.245848683e-05,1.034642531e-06,0.0003561236469,5.368498482e-06,4.916609635e-05,8.097172147e-07,0.0005133670123,2.026010002e-05,9.0986902e-05,4.48717771e-07,8.136716902e-05,5.47119974e-07,0.0002619790917,-1.88942165e-06,0.210954933
2123.0,6.216738579e-05,1.03177414e-06,0.0003521042014,5.303701235e-06,4.882479401e-05,8.047818922e-07,0.0005084636144,1.972125305e-05,9.186343798e-05,4.538924104e-07,8.223146371e-05,5.545592003e-07,0.0002550094949,-1.959303518e-06,0.2109529737
2124.0,6.185725198e-05,1.028081747e-06,0.0003479898876,5.238285325e-06,4.848615007e-05,8.000251504e-07,0.0005010570773,1.914147368e-05,9.268077634e-05,4.587371509e-07,8.304087941e-05,5.620260984e-07,0.0002475084793,-2.017578247e-06,0.2109509561
2125.0,6.147007248e-05,1.023372594e-06,0.0003437671963,5.172897025e-06,4.813713917e-05,7.954721847e-07,0.0004953655521,1.857625766e-05,9.344077964e-05,4.632577837e-07,8.381474833e-05,5.683801094e-07,0.000240198045,-2.198740049e-06,0.2109487573
2126.0,6.110035002e-05,1.017823153e-06,0.0003394822005,5.107949309e-06,4.778532906e-05,7.910806649e-07,0.0004870507522,1.802541883e-05,9.414533061e-05,4.674478062e-07,8.452793861e-05,5.746759633e-07,0.0002330727321,-2.276118971e-06,0.2109464812
2127.0,6.064515121e-05,1.01134797e-06,0.0003350677007,5.043149539e-06,4.74271876e-05,7.868045377e-07,0.0004796276005,1.747792433e-05,9.479458018e-05,4.712485158e-07,8.518565636e-05,5.805782421e-07,0.0002259910403,-2.40029138e-06,0.2109440809
2128.0,6.019259278e-05,1.003950983e-06,0.0003306756575,4.979091479e-06,4.708802965e-05,7.82625775e-07,0.0004734499533,1.699908886e-05,9.538877538e-05,4.746582775e-07,8.579472047e-05,5.860695347e-07,0.0002197983924,-2.069469697e-06,0.2109420115
2129.0,5.972152756e-05,9.956632411e-07,0.0003264000478,4.91703491e-06,4.676392299e-05,7.784497024e-07,0.00046436722,1.648904226e-05,9.592197989e-05,4.77670857e-07,8.635609451e-05,5.911555446e-07,0.0002132001859,-2.059861725e-06,0.2109399516
2130.0,5.915837075e-05,9.864762344e-07,0.0003220360203,4.856547919e-06,4.642943506e-05,7.741390171e-07,0.0004563563717,1.601955198e-05,9.636555675e-05,4.802404522e-07,8.68587575e-05,5.961526447e-07,0.0002071291653,-2.189258868e-06,0.2109377623
2131.0,5.861444966e-05,9.765692223e-07,0.0003177865458,4.798424572e-06,4.610574254e-05,7.697493386e-07,0.000447695168,1.559457812e-05,9.678196718e-05,4.824571568e-07,8.732495946e-05,5.999862858e-07,0.0002016326598,-2.076718967e-06,0.2109356856
2132.0,5.800368276e-05,9.660432092e-07,0.0003136236441,4.743813636e-06,4.578278197e-05,7.652509924e-07,0.0004382347114,1.51891302e-05,9.712346037e-05,4.842581376e-07,8.772433722e-05,6.037361462e-07,0.0001963888708,-2.076446854e-06,0.2109336092
2133.0,5.737956685e-05,9.548151979e-07,0.0003096238683,4.692506576e-06,4.546713234e-05,7.605012123e-07,0.0004308774237,1.491359605e-05,9.739643234e-05,4.856583878e-07,8.806449563e-05,6.0701373e-07,0.0001928260391,-9.377871053e-07,0.2109326714
2134.0,5.676767056e-05,9.429855143e-07,0.000305929929,4.646604555e-06,4.517067919e-05,7.555901071e-07,0.0004214577094,1.460924779e-05,9.760354968e-05,4.866121534e-07,8.834745136e-05,6.097958235e-07,0.0001888887765,-5.033247638e-07,0.2109321681
2135.0,5.609148259e-05,9.304678462e-07,0.0003023879504,4.605198642e-06,4.485470565e-05,7.503644648e-07,0.0004137206431,1.438306593e-05,9.77390621e-05,4.871260181e-07,8.857836202e-05,6.120888963e-07,0.0001859644604,2.021061882e-07,0.2109323702
2136.0,5.544302792e-05,9.173462859e-07,0.0002991431855,4.57052503e-06,4.45349373e-05,7.449045998e-07,0.0004056506858,1.418842078e-05,9.780689185e-05,4.87186462e-07,8.876053098e-05,6.138731336e-07,0.0001834471645,8.529709119e-07,0.2109332231
2137.0,5.474011042e-05,9.03570086e-07,0.000296233249,4.541222063e-06,4.421003269e-05,7.39084164e-07,0.0003983477977,1.402216047e-05,9.78092486e-05,4.867872363e-07,8.888376333e-05,6.151377037e-07,0.0001812966665,1.348013926e-06,0.2109345712
2138.0,5.403422121e-05,8.892527463e-07,0.000293789924,4.516878834e-06,4.388640579e-05,7.329773779e-07,0.0003931725535,1.392631153e-05,9.775751727e-05,4.860728083e-07,8.89482981e-05,6.158876874e-07,0.0001800576024,1.33466861e-06,0.2109359058
2139.0,5.329133409e-05,8.743253749e-07,0.0002917226193,4.496421354e-06,4.356225015e-05,7.266361297e-07,0.0003855420873,1.381743912e-05,9.761438549e-05,4.84780023e-07,8.895512556e-05,6.161013463e-07,0.0001786487583,1.40922303e-06,0.2109373151
2140.0,5.249488595e-05,8.589532912e-07,0.0002899815653,4.479876889e-06,4.321911969e-05,7.200772791e-07,0.0003816879547,1.375216242e-05,9.740016321e-05,4.830085112e-07,8.890421819e-05,6.157782799e-07,0.0001778053192,1.420679743e-06,0.2109387357
2141.0,5.17543384e-05,8.432466695e-07,0.0002885669462,4.466510361e-06,4.287777483e-05,7.132683167e-07,0.0003756299394,1.367081446e-05,9.712021044e-05,4.808220793e-07,8.878914195e-05,6.149467585e-07,0.0001767535157,1.401829608e-06,0.2109401376
2142.0,5.098173325e-05,8.274566819e-07,0.0002873756605,4.456436122e-06,4.252676373e-05,7.061820891e-07,0.0003715480833,1.365410073e-05,9.676834009e-05,4.781873786e-07,8.861480705e-05,6.136119885e-07,0.0001765372765,8.907196336e-07,0.2109410283
2143.0,5.026126811e-05,8.114001398e-07,0.0002865089008,4.45015547e-06,4.217931841e-05,6.989867086e-07,0.0003701849603,1.372240258e-05,9.633942679e-05,4.751175916e-07,8.836549396e-05,6.121302622e-07,0.0001774209071,6.597571082e-07,0.210941688
2144.0,4.956162217e-05,7.953099871e-07,0.0002859109791,4.447196766e-06,4.183306254e-05,6.916350828e-07,0.0003662198352,1.378758105e-05,9.58395547e-05,4.715826299e-07,8.807570705e-05,6.094091895e-07,0.0001782627685,1.220363318e-08,0.2109417002
2145.0,4.88024752e-05,7.79067073e-07,0.0002854525526,4.446297658e-06,4.146835834e-05,6.840870173e-07,0.000365392589,1.393023476e-05,9.526563422e-05,4.676419468e-07,8.771366734e-05,6.064838155e-07,0.000180108259,-4.217856443e-07,0.2109412785
2146.0,4.81117661e-05,7.629627167e-07,0.000285305811,4.448328347e-06,4.110839839e-05,6.764082867e-07,0.0003637660811,1.408403703e-05,9.461518307e-05,4.6331831e-07,8.729071039e-05,6.029939482e-07,0.0001820970586,-8.601114413e-07,0.2109404183
2147.0,4.738275334e-05,7.469844138e-07,0.000285310615,4.452094541e-06,4.074541961e-05,6.685711499e-07,0.0003631617371,1.427465902e-05,9.390167868e-05,4.585604219e-07,8.680864575e-05,5.990074456e-07,0.0001845617307,-1.256752927e-06,0.2109391616
2148.0,4.668919783e-05,7.312115798e-07,0.0002854698842,4.457688084e-06,4.038429721e-05,6.607659304e-07,0.0003640598521,1.452391469e-05,9.311755359e-05,4.534474121e-07,8.626960071e-05,5.944618369e-07,0.0001877856368,-1.092921484e-06,0.2109380687
2149.0,4.603695583e-05,7.158482641e-07,0.0002858176326,4.465691762e-06,4.003503633e-05,6.530325167e-07,0.0003637247473,1.473893139e-05,9.225810053e-05,4.479233962e-07,8.566357362e-05,5.897262e-07,0.0001905650322,-5.746378097e-07,0.210937494
2150.0,4.538282365e-05,7.011007369e-07,0.0002862074272,4.475766147e-06,3.967340176e-05,6.453972383e-07,0.0003644440938,1.498001786e-05,9.133314191e-05,4.420451355e-07,8.500613282e-05,5.839049668e-07,0.0001936837388,2.877829827e-08,0.2109375228
2151.0,4.482030397e-05,6.87236989e-07,0.0002866509756,4.4888117e-06,3.931407991e-05,6.378574537e-07,0.000364492996,1.522665407e-05,9.033557139e-05,4.358231494e-07,8.429007892e-05,5.77907518e-07,0.0001968735585,7.701647889e-07,0.210938293
2152.0,4.426287435e-05,6.740240813e-07,0.0002871888653,4.504862452e-06,3.896086411e-05,6.304084525e-07,0.0003656079859,1.547146575e-05,8.929228885e-05,4.292534571e-07,8.351953801e-05,5.71454791e-07,0.000200039306,1.317195955e-06,0.2109396102
2153.0,4.375202278e-05,6.61445628e-07,0.0002878619097,4.523275175e-06,3.861085496e-05,6.231753212e-07,0.0003678947404,1.578007143e-05,8.81731932e-05,4.223253598e-07,8.268803896e-05,5.648571303e-07,0.0002040311795,2.414450789e-06,0.2109420246
2154.0,4.326771807e-05,6.496149259e-07,0.000288681525,4.543505555e-06,3.82813072e-05,6.163279381e-07,0.0003681743855,1.604434881e-05,8.699775432e-05,4.15074324e-07,8.181581325e-05,5.572142518e-07,0.0002074480111,2.900196419e-06,0.2109449248
2155.0,4.27684953e-05,6.385693539e-07,0.00028952147,4.565933317e-06,3.795272772e-05,6.096152694e-07,0.0003703601482,1.629933297e-05,8.576577694e-05,4.074951428e-07,8.087811895e-05,5.494569511e-07,0.0002107468768,2.92682891e-06,0.2109478516
2156.0,4.233959329e-05,6.283358614e-07,0.0002904816651,4.591512955e-06,3.76319615e-05,6.030687601e-07,0.0003706232912,1.655380748e-05,8.447326071e-05,3.995854903e-07,7.988710337e-05,5.415879933e-07,0.0002140382483,3.181340931e-06,0.210951033
2157.0,4.19122359e-05,6.19292342e-07,0.0002915131398,4.621733056e-06,3.731203911e-05,5.968719869e-07,0.0003711283465,1.677324039e-05,8.31285101e-05,3.914031034e-07,7.88604328e-05,5.328297502e-07,0.0002168766298,3.072761423e-06,0.2109541057
2158.0,4.159132996e-05,6.114056171e-07,0.0002927460179,4.657186954e-06,3.700195561e-05,5.911419979e-07,0.0003745600699,1.700667723e-05,8.173641101e-05,3.82926605e-07,7.777448697e-05,5.238793435e-07,0.0002198970197,3.074140297e-06,0.2109571799
2159.0,4.138616199e-05,6.051369761e-07,0.0002943735439,4.699493824e-06,3.673122646e-05,5.859179249e-07,0.000374101093,1.719799594e-05,8.029556995e-05,3.741778111e-07,7.663443737e-05,5.148113856e-07,0.000222370776,2.533453667e-06,0.2109597133
2160.0,4.118081628e-05,6.003028031e-07,0.0002961623776,4.747600902e-06,3.646643594e-05,5.811960345e-07,0.0003761661985,1.742513793e-05,7.880686613e-05,3.651259675e-07,7.546221807e-05,5.048252491e-07,0.0002253101106,2.028301437e-06,0.2109617416
2161.0,4.109732138e-05,5.968473438e-07,0.0002982266306,4.803356719e-06,3.623256685e-05,5.77200246e-07,0.0003772936713,1.765738161e-05,7.726904684e-05,3.558422213e-07,7.423300941e-05,4.949870187e-07,0.000228314105,1.403393186e-06,0.210963145
2162.0,4.103087865e-05,5.945881174e-07,0.0003005823685,4.863599962e-06,3.60173761e-05,5.737460396e-07,0.0003784017206,1.794369746e-05,7.56960981e-05,3.463328253e-07,7.297668726e-05,4.842951627e-07,0.0002320172175,6.388269475e-07,0.2109637839
2163.0,4.105961249e-05,5.936878075e-07,0.0003032600855,4.924806846e-06,3.583383529e-05,5.710537524e-07,0.0003822816861,1.826796261e-05,7.408850841e-05,3.366110566e-07,7.166803104e-05,4.737136957e-07,0.0002362125157,3.454807978e-07,0.2109641293
2164.0,4.1197717e-05,5.942289282e-07,0.0003062799854,4.985731276e-06,3.5689605e-05,5.692729194e-07,0.0003835248624,1.85797605e-05,7.244144419e-05,3.267643222e-07,7.033845834e-05,4.623649371e-07,0.0002402444042,-2.104370656e-07,0.2109639189
2165.0,4.135027606e-05,5.95996735e-07,0.0003093907328,5.046317622e-06,3.557365021e-05,5.681620549e-07,0.0003868541954,1.890603147e-05,7.07525514e-05,3.167197221e-07,6.89607161e-05,4.511451744e-07,0.0002444660855,-4.066780025e-07,0.2109635122
2166.0,4.161626147e-05,5.99219391e-07,0.0003126364385,5.106925857e-06,3.549318064e-05,5.679250415e-07,0.0003883513217,1.920264583e-05,6.903303088e-05,3.065386106e-07,6.756275203e-05,4.39244421e-07,0.0002483036393,-4.780470216e-07,0.2109630342
2167.0,4.19288557e-05,6.037026275e-07,0.0003160483628,5.167408584e-06,3.545197541e-05,5.686618474e-07,0.000391860323,1.950415532e-05,6.728273123e-05,2.962423467e-07,6.612606895e-05,4.274856886e-07,0.0002522036069,-4.811942684e-07,0.210962553
2168.0,4.234984553e-05,6.095958016e-07,0.0003195720231,5.227847939e-06,3.54667211e-05,5.704871793e-07,0.0003959932895,1.978728816e-05,6.551706527e-05,2.858069345e-07,6.466975797e-05,4.152655934e-07,0.0002558676659,5.187854517e-08,0.2109626049
2169.0,4.283774457e-05,6.166735498e-07,0.0003231172512,5.287759556e-06,3.553976855e-05,5.733736191e-07,0.0003983536308,7.418448263e-06,6.366459759e-05,2.74848561e-07,6.312880373e-05,4.022163844e-07,9.592751712e-05,8.587764777e-07,0.2109634636
2170.0,4.385513859e-05,6.315062388e-07,0.0003314467437,5.433250854e-06,3.554252195e-05,5.733954416e-07,0.0004013773977,1.949276077e-05,6.195069967e-05,2.647214776e-07,6.169370422e-05,3.903822742e-07,0.0002520625096,9.830197221e-07,0.2109644467
2171.0,4.417827033e-05,6.366011714e-07,0.0003330532332,5.453469598e-06,3.577272229e-05,5.803441133e-07,0.0004045327068,1.991390013e-05,6.018115858e-05,2.542000176e-07,6.020000889e-05,3.777947534e-07,0.0002575100901,1.514593398e-06,0.2109659613
2172.0,4.461431784e-05,6.438864172e-07,0.0003348859825,5.477133308e-06,3.609941583e-05,5.886676676e-07,0.0004093127883,7.469748895e-06,5.834645562e-05,2.433831124e-07,5.865107339e-05,3.646450479e-07,9.659323851e-05,1.583216862e-06,0.2109675445
2173.0,4.562533091e-05,6.586388184e-07,0.0003413855657,5.585443223e-06,3.635289641e-05,5.937515452e-07,0.0004137778831,2.014931556e-05,5.664302627e-05,2.334183283e-07,5.720822531e-05,3.526310219e-07,0.0002605586568,2.375416518e-06,0.2109699199
2174.0,4.599928408e-05,6.645388145e-07,0.000342024049,5.587122773e-06,3.682576437e-05,6.051417514e-07,0.0004182257209,2.081046103e-05,5.493560834e-05,2.233900349e-07,5.572708234e-05,3.401983841e-07,0.0002691081941,2.479023907e-06,0.2109723989
2175.0,4.648951751e-05,6.728919371e-07,0.0003432309426,5.60165278e-06,3.735597763e-05,6.170302139e-07,0.0004240065266,7.766569103e-06,5.320069174e-05,2.133180559e-07,5.423472676e-05,3.275108861e-07,0.0001004336523,1.927498306e-06,0.2109743264
2176.0,4.760322774e-05,6.890654181e-07,0.0003494698596,5.710639801e-06,3.776423392e-05,6.243146099e-07,0.0004267671623,2.118142027e-05,5.162979863e-05,2.042870587e-07,5.289209396e-05,3.160274744e-07,0.0002739094409,2.320258238e-06,0.2109766467
2177.0,4.803256788e-05,6.963467842e-07,0.0003501731401,5.715227826e-06,3.838696673e-05,6.373158118e-07,0.0004317686208,7.818788509e-06,5.005080854e-05,1.951333167e-07,5.149760823e-05,3.037666008e-07,0.0001011097981,1.646874379e-06,0.2109782935
2178.0,4.910686956e-05,7.122970451e-07,0.0003561648338,5.815449137e-06,3.889493059e-05,6.460349319e-07,0.0004365790074,2.15692432e-05,4.870048871e-05,1.874104051e-07,5.023968329e-05,2.92811937e-07,0.0002789292495,1.644575439e-06,0.2109799381
2179.0,4.955806124e-05,7.1947427e-07,0.0003566304729,5.811065815e-06,3.962617463e-05,6.605727013e-07,0.000442016734,7.907228873e-06,4.738955407e-05,1.798376871e-07,4.896045888e-05,2.81268776e-07,0.0001022548008,1.507753571e-06,0.2109814459
2180.0,5.05319183e-05,7.347724988e-07,0.0003620845607,5.901584706e-06,4.020024136e-05,6.706798084e-07,0.000445793594,2.208291115e-05,4.626519589e-05,1.735854056e-07,4.78559146e-05,2.711438637e-07,0.0002855755706,7.38926646e-07,0.2109821848
2181.0,5.095104435e-05,7.416432669e-07,0.0003620700048,5.890538798e-06,4.098617031e-05,6.86198673e-07,0.0004518675266,8.064070202e-06,4.520338497e-05,1.674927816e-07,4.67431463e-05,2.611125065e-07,0.0001042851575,9.661318592e-07,0.2109831509
2182.0,5.189793747e-05,7.565410898e-07,0.000367172347,5.975620381e-06,4.160908809e-05,6.964566367e-07,0.0004553747487,2.262500854e-05,4.439272313e-05,1.630348857e-07,4.580653717e-05,2.528562862e-07,0.0002925911835,4.045088798e-08,0.2109831914
2183.0,5.230065483e-05,7.635318128e-07,0.0003670877211,5.963156873e-06,4.243409303e-05,7.114869926e-07,0.0004631833191,8.196001665e-06,4.363962666e-05,1.588795558e-07,4.492480295e-05,2.445195343e-07,0.0001059938239,7.145602432e-07,0.2109839059
2184.0,5.326113996e-05,7.783317175e-07,0.0003722346882,6.047040243e-06,4.306613577e-05,7.210098816e-07,0.000464441427,2.310676057e-05,4.314200197e-05,1.565200388e-07,4.422792462e-05,2.379433341e-07,0.0002988271181,3.391270812e-08,0.2109839399
2185.0,5.362041483e-05,7.854375851e-07,0.0003721350389,6.03167917e-06,4.386952846e-05,7.351068902e-07,0.0004720434391,8.270796327e-06,4.269049151e-05,1.544672947e-07,4.356075518e-05,2.315525964e-07,0.0001069631638,7.758318264e-07,0.2109847157
2186.0,5.458303601e-05,8.001730851e-07,0.0003769999577,6.110741263e-06,4.446010811e-05,7.435287315e-07,0.0004737341262,2.348185926e-05,4.249201233e-05,1.541037652e-07,4.309995869e-05,2.271219359e-07,0.0003036856129,4.196092682e-07,0.2109851353
2187.0,5.494035214e-05,8.073772259e-07,0.0003767173853,6.090564585e-06,4.521038868e-05,7.565562261e-07,0.0004796349045,8.301605639e-06,4.23782607e-05,1.542306423e-07,4.26878708e-05,2.233324659e-07,0.0001073637648,1.077844331e-06,0.2109862131
2188.0,5.585346608e-05,8.215539032e-07,0.0003812872786,6.164745052e-06,4.574805753e-05,7.63832063e-07,0.0004842456586,2.377984499e-05,4.252521874e-05,1.562401762e-07,4.249529319e-05,2.217486441e-07,0.0003075456988,1.139717977e-06,0.2109873529
2189.0,5.62388501e-05,8.28498681e-07,0.0003809677849,6.140535813e-06,4.646335069e-05,7.757601742e-07,0.0004882951481,8.297367947e-06,4.277189049e-05,1.59520032e-07,4.238488301e-05,2.206724975e-07,0.0001073101672,1.605398611e-06,0.2109889583
2190.0,5.705381919e-05,8.420218762e-07,0.0003851825146,6.207311208e-06,4.692856011e-05,7.81905223e-07,0.0004915800879,2.402505808e-05,4.329942847e-05,1.654588328e-07,4.248624895e-05,2.216542135e-07,0.0003107198301,1.620552392e-06,0.2109905788
2191.0,5.741560056e-05,8.488550221e-07,0.0003846228472,6.176821265e-06,4.756973402e-05,7.927285739e-07,0.000496735684,2.4660983e-05,4.410215755e-05,1.719901809e-07,4.268114953e-05,2.23894774e-07,0.0003189450045,1.777249751e-06,0.2109923561
2192.0,5.783910139e-05,8.573443073e-07,0.0003847603676,6.16026433e-06,4.814105953e-05,8.024008509e-07,0.0005019617002,8.484693423e-06,4.508052375e-05,1.787764028e-07,4.296068694e-05,2.282900747e-07,0.0001097340224,1.487842576e-06,0.2109938439
2193.0,5.867662982e-05,8.707005086e-07,0.000389274543,6.233538742e-06,4.844347681e-05,8.053260659e-07,0.0005041107343,2.457152519e-05,4.63824697e-05,1.871929896e-07,4.358545456e-05,2.351493768e-07,0.0003177894922,1.907441143e-06,0.2109957513
2194.0,5.903212182e-05,8.776184387e-07,0.0003888827968,6.206888221e-06,4.895556098e-05,8.13594694e-07,0.0005083563226,2.502046852e-05,4.784516759e-05,1.957223522e-07,4.435781595e-05,2.424121462e-07,0.0003235934213,1.648310815e-06,0.2109973997
2195.0,5.941473717e-05,8.857188088e-07,0.0003890206567,6.192788315e-06,4.940716898e-05,8.210105931e-07,0.0005131233612,2.541831644e-05,4.935895117e-05,2.045097887e-07,4.527682857e-05,2.506634416e-07,0.0003287397198,1.536311253e-06,0.210998936
2196.0,5.986258173e-05,8.941586266e-07,0.0003894317326,6.185713362e-06,4.97868097e-05,8.269881445e-07,0.000516656905,2.569333603e-05,5.094166565e-05,2.134758242e-07,4.630863737e-05,2.597241055e-07,0.0003322959303,1.338281568e-06,0.2110002742
2197.0,6.028676122e-05,9.026773938e-07,0.0003901331813,6.184839997e-06,5.0106915e-05,8.316301946e-07,0.0005205165495,2.584352064e-05,5.256973683e-05,2.226534105e-07,4.747834129e-05,2.692148903e-07,0.0003342371213,9.941491097e-07,0.2110012684
2198.0,6.07201579e-05,9.111010493e-07,0.0003910761651,6.187298248e-06,5.037660925e-05,8.35226122e-07,0.0005246197019,2.588319311e-05,5.42153613e-05,2.319646856e-07,4.87528304e-05,2.79130383e-07,0.0003347509728,1.04750791e-06,0.2110023159
2199.0,6.113909624e-05,9.193252778e-07,0.0003920581872,6.190576324e-06,5.060646663e-05,8.380022352e-07,0.0005263255475,2.587273791e-05,5.589647384e-05,2.412763807e-07,5.00653994e-05,2.892931868e-07,0.000334613021,7.479417205e-07,0.2110030638
2200.0,6.14792258e-05,9.272005759e-07,0.000392909091,6.191297103e-06,5.079506031e-05,8.401477311e-07,0.0005294993056,2.58197726e-05,5.759473771e-05,2.506311588e-07,5.138701551e-05,2.997718288e-07,0.0003339279513,6.797986443e-07,0.2110037436
2201.0,6.184013689e-05,9.347864613e-07,0.0003935707492,6.188722452e-06,5.095806718e-05,8.419624042e-07,0.0005305322212,2.573197139e-05,5.930351237e-05,2.59997402e-07,5.272381331e-05,3.104588672e-07,0.0003327909212,6.157913849e-07,0.2110043594
2202.0,6.211471131e-05,9.421145598e-07,0.0003939334209,6.181866343e-06,5.109336797e-05,8.43557899e-07,0.0005316376395,2.565750283e-05,6.099980488e-05,2.693105361e-07,5.408358001e-05,3.213188559e-07,0.0003318265226,4.54753219e-07,0.2110048142
2203.0,6.23950679e-05,9.491997567e-07,0.0003940400317,6.169754177e-06,5.122443498e-05,8.450051396e-07,0.0005355242709,2.557163459e-05,6.267357096e-05,2.786726426e-07,5.54609926e-05,3.322967861e-07,0.0003307158093,7.576234397e-07,0.2110055718
2204.0,6.266229344e-05,9.560795339e-07,0.0003938731507,6.152667094e-06,5.134746812e-05,8.462934636e-07,0.0005356642935,2.552614716e-05,6.432904336e-05,2.880024497e-07,5.68479969e-05,3.433088353e-07,0.0003301241094,4.125201865e-07,0.2110059843
2205.0,6.283785482e-05,9.627849211e-07,0.0003933566778,6.13026761e-06,5.143253533e-05,8.473790642e-07,0.0005380866945,2.55194333e-05,6.596445069e-05,2.972470601e-07,5.824867596e-05,3.542109532e-07,0.000330037509,-5.172096333e-07,0.2110054671
2206.0,6.305356296e-05,9.692822201e-07,0.0003926154603,6.103587396e-06,5.150579611e-05,8.48223632e-07,0.0005390272226,2.548286331e-05,6.759231444e-05,3.064045179e-07,5.964820746e-05,3.655315245e-07,0.0003295624171,-1.147969414e-06,0.2110043192
2207.0,6.32120215e-05,9.755788931e-07,0.00039167276,6.073357295e-06,5.15487268e-05,8.486673162e-07,0.000539779886,2.5451962e-05,6.918432582e-05,3.154388336e-07,6.105756683e-05,3.766050174e-07,0.0003291608173,-2.091783796e-06,0.2110022274
2208.0,6.337299077e-05,9.816111743e-07,0.0003905700845,6.039824259e-06,5.15674269e-05,8.487229389e-07,0.000542991447,2.538877591e-05,7.074520654e-05,3.243865514e-07,6.244825148e-05,3.874056895e-07,0.0003283433528,-2.732818687e-06,0.2109994946
2209.0,6.352864411e-05,9.874265549e-07,0.0003894008304,6.004993281e-06,5.156937725e-05,8.483250566e-07,0.0005433581981,2.532870863e-05,7.227055265e-05,3.331821565e-07,6.381951472e-05,3.984961063e-07,0.0003275629908,-3.876730633e-06,0.2109956178
2210.0,6.359737521e-05,9.927036521e-07,0.0003880363056,5.96883226e-06,5.15257223e-05,8.473942233e-07,0.0005449680667,2.519470017e-05,7.376837149e-05,3.417578055e-07,6.518395953e-05,4.090486809e-07,0.000325829478,-4.117510429e-06,0.2109915003
2211.0,6.366218035e-05,9.975638024e-07,0.0003865501148,5.931532661e-06,5.14532451e-05,8.459277264e-07,0.0005438587259,2.504737749e-05,7.52292634e-05,3.501532759e-07,6.6517061e-05,4.198596497e-07,0.0003239221212,-4.622269958e-06,0.210986878
2212.0,6.364157751e-05,1.001852302e-06,0.000384849673,5.892063479e-06,5.134849569e-05,8.439101827e-07,0.0005441102718,2.486206913e-05,7.665274313e-05,3.583354784e-07,6.783840011e-05,4.300757044e-07,0.0003215223384,-5.00759662e-06,0.2109818704
2213.0,6.360270265e-05,1.005594408e-06,0.0003830307426,5.850792721e-06,5.121897315e-05,8.415294093e-07,0.00054432302,2.460068059e-05,7.804510939e-05,3.662977615e-07,6.911179917e-05,4.405431452e-07,0.000318140532,-4.791888474e-06,0.2109770786
2214.0,6.353262174e-05,1.008848832e-06,0.0003810838812,5.807334724e-06,5.106725914e-05,8.387043021e-07,0.0005420447412,2.430065027e-05,7.938991411e-05,3.74040899e-07,7.036381768e-05,4.503630843e-07,0.0003142563994,-4.66287929e-06,0.2109724157
2215.0,6.340255516e-05,1.0117022e-06,0.0003788839714,5.761623355e-06,5.088047395e-05,8.354624018e-07,0.0005414153489,2.392540659e-05,8.069103331e-05,3.815632297e-07,7.157042494e-05,4.604178982e-07,0.0003094024033,-3.86819434e-06,0.2109685475
2216.0,6.332417874e-05,1.014312982e-06,0.000376425584,5.714119802e-06,5.067474893e-05,8.319984415e-07,0.0005379293695,2.35002126e-05,8.19534233e-05,3.888498843e-07,7.275538275e-05,4.697810279e-07,0.0003039011792,-2.767364161e-06,0.2109657801
2217.0,6.317956721e-05,1.016578674e-06,0.0003737003721,5.664023202e-06,5.043805593e-05,8.28243195e-07,0.0005353679304,2.305005988e-05,8.316734628e-05,3.958985058e-07,7.389353414e-05,4.793780319e-07,0.0002980768694,-1.79485175e-06,0.2109639853
2218.0,6.304282677e-05,1.01821414e-06,0.0003708356712,5.610618661e-06,5.019074016e-05,8.242189233e-07,0.000533983577,2.253713861e-05,8.432638513e-05,4.027011014e-07,7.501457165e-05,4.881975984e-07,0.000291442591,-2.625255243e-07,0.2109637227
2219.0,6.289561335e-05,1.019336577e-06,0.0003678234226,5.554950043e-06,4.993453617e-05,8.20040771e-07,0.0005291916073,2.202498326e-05,8.544649004e-05,4.092278062e-07,7.609401021e-05,4.969819273e-07,0.0002848155917,9.294230734e-07,0.2109646522
2220.0,6.266016896e-05,1.019792579e-06,0.0003645295015,5.497548368e-06,4.964734344e-05,8.156171317e-07,0.0005253732839,2.150422181e-05,8.652739968e-05,4.155165817e-07,7.712360845e-05,5.057371578e-07,0.0002780803151,1.809729689e-06,0.2109664619
2221.0,6.24362177e-05,1.019495341e-06,0.0003610529054,5.43864354e-06,4.935525026e-05,8.110245071e-07,0.0005208107496,2.100890803e-05,8.756230799e-05,4.215519395e-07,7.813201639e-05,5.137390333e-07,0.0002716719997,2.281642039e-06,0.2109687435
2222.0,6.214077185e-05,1.01829533e-06,0.0003573744794,5.378578822e-06,4.904370867e-05,8.063264422e-07,0.0005151022855,2.052031034e-05,8.855390463e-05,4.272859514e-07,7.909260871e-05,5.21741055e-07,0.0002653505977,2.513028501e-06,0.2109712566
2223.0,6.183689528e-05,1.016314536e-06,0.0003535606344,5.316634273e-06,4.871523831e-05,8.015780931e-07,0.0005111003606,2.003492886e-05,8.948537981e-05,4.32667571e-07,8.00036746e-05,5.296732365e-07,0.0002590726592,2.020270795e-06,0.2109732768
2224.0,6.156071616e-05,1.013668043e-06,0.0003497155838,5.253985483e-06,4.838642573e-05,7.968835468e-07,0.000504523289,1.950323049e-05,9.036372126e-05,4.377939677e-07,8.088348888e-05,5.368038771e-07,0.000252193013,1.592448181e-06,0.2109748693
2225.0,6.126941373e-05,1.010623469e-06,0.0003457044908,5.189906678e-06,4.803458227e-05,7.922700968e-07,0.0004989212741,1.894972155e-05,9.1186876e-05,4.426006664e-07,8.170383777e-05,5.438868282e-07,0.0002450341879,1.006235641e-06,0.2109758755
2226.0,6.101283406e-05,1.006865007e-06,0.0003416383851,5.126537232e-06,4.768554255e-05,7.87847521e-07,0.0004920423188,1.839181922e-05,9.195290543e-05,4.471091938e-07,8.247510481e-05,5.506288515e-07,0.0002378174607,8.565564869e-07,0.2109767321
2227.0,6.065554915e-05,1.002105767e-06,0.0003375032066,5.06365588e-06,4.733258019e-05,7.83606374e-07,0.0004852339975,1.789773555e-05,9.266390796e-05,4.513234734e-07,8.318919972e-05,5.572888767e-07,0.000231425642,-1.0766003e-07,0.2109766244
2228.0,6.027068272e-05,9.962843443e-07,0.0003333177801,5.000978707e-06,4.698973411e-05,7.795402894e-07,0.0004798131797,1.741584827e-05,9.331844388e-05,4.552045614e-07,8.386513086e-05,5.630594723e-07,0.0002251927754,-5.193171956e-07,0.2109761051
2229.0,5.983913755e-05,9.895331791e-07,0.0003290964089,4.939248042e-06,4.665384877e-05,7.755562856e-07,0.0004709664587,1.692869047e-05,9.391843445e-05,4.587297074e-07,8.448356603e-05,5.687200167e-07,0.0002188901315,-1.33512568e-06,0.21097477
2230.0,5.931938661e-05,9.817815984e-07,0.0003247912065,4.879170189e-06,4.631472169e-05,7.71659184e-07,0.0004649750024,1.647641458e-05,9.446385568e-05,4.618872868e-07,8.505410318e-05,5.739867752e-07,0.0002130407577,-1.731787224e-06,0.2109730382
2231.0,5.881216182e-05,9.732527718e-07,0.0003205615379,4.820777358e-06,4.598376136e-05,7.677726584e-07,0.0004559750546,1.600974292e-05,9.492957099e-05,4.645800644e-07,8.55754097e-05,5.788620643e-07,0.0002070046185,-1.966513787e-06,0.2109710717
2232.0,5.821905981e-05,9.639800938e-07,0.0003162886064,4.764921522e-06,4.565354778e-05,7.637855481e-07,0.0004477540106,1.561345915e-05,9.535777906e-05,4.6704118e-07,8.604574527e-05,5.833515047e-07,0.0002018788362,-2.066023298e-06,0.2109690056
2233.0,5.764635787e-05,9.541077083e-07,0.0003121751688,4.712208639e-06,4.53417909e-05,7.59678208e-07,0.0004413232173,1.52276854e-05,9.571537499e-05,4.691383037e-07,8.645441275e-05,5.877130743e-07,0.0001968898947,-1.520067061e-06,0.2109674856
2234.0,5.707733387e-05,9.438268299e-07,0.0003082081058,4.662940041e-06,4.504050095e-05,7.554793712e-07,0.0004310664255,1.487868299e-05,9.600681931e-05,4.708715813e-07,8.68232337e-05,5.911004156e-07,0.0001923750065,-1.148955741e-06,0.2109663366
2235.0,5.644741474e-05,9.329969743e-07,0.0003043239821,4.6177496e-06,4.472912661e-05,7.510163453e-07,0.0004233599247,1.456595458e-05,9.623563497e-05,4.722517414e-07,8.712480164e-05,5.942787667e-07,0.0001883314579,-4.021394431e-07,0.2109659345
2236.0,5.5848874e-05,9.216116507e-07,0.0003007366973,4.577462467e-06,4.443116611e-05,7.46340637e-07,0.0004143169282,1.427839737e-05,9.639666296e-05,4.73263515e-07,8.737402507e-05,5.970255112e-07,0.0001846127051,3.535425439e-07,0.210966288
2237.0,5.518734077e-05,9.095722783e-07,0.0002973713559,4.541015989e-06,4.412511072e-05,7.414301816e-07,0.0004065291424,1.405692435e-05,9.649020281e-05,4.739030083e-07,8.757255457e-05,5.993295752e-07,0.0001817483004,1.01404583e-06,0.2109673021
2238.0,5.451747098e-05,8.96921992e-07,0.0002942796514,4.511632824e-06,4.38161535e-05,7.361928188e-07,0.0004002808647,1.391688285e-05,9.651862044e-05,4.741205473e-07,8.772177153e-05,6.011850968e-07,0.0001799379804,1.383332084e-06,0.2109686854
2239.0,5.38224893e-05,8.835836435e-07,0.0002916685424,4.487336286e-06,4.351390617e-05,7.306339023e-07,0.000392981449,1.381276432e-05,9.648770399e-05,4.739899266e-07,8.780838345e-05,6.02566844e-07,0.0001785902648,1.623038385e-06,0.2109703084
2240.0,5.305607295e-05,8.697194304e-07,0.0002893829777,4.468841918e-06,4.31895589e-05,7.248043221e-07,0.0003869092414,1.374985034e-05,9.638194174e-05,4.734028907e-07,8.784169755e-05,6.034770559e-07,0.0001777774255,1.760651357e-06,0.2109720691
2241.0,5.232170052e-05,8.555560539e-07,0.0002874166009,4.454204394e-06,4.285714308e-05,7.18741516e-07,0.000380424341,1.371562971e-05,9.620410947e-05,4.723869572e-07,8.781562239e-05,6.038910588e-07,0.0001773349488,1.689226782e-06,0.2109737583
2242.0,5.15754319e-05,8.411588598e-07,0.0002858581543,4.443488662e-06,4.252021666e-05,7.124330451e-07,0.0003757014412,1.370222e-05,9.596043808e-05,4.710202459e-07,8.772412787e-05,6.041098624e-07,0.0001771610521,1.420729168e-06,0.2109751791
2243.0,5.086727961e-05,8.265672356e-07,0.0002846282719,4.435747187e-06,4.218668399e-05,7.058956271e-07,0.0003722426786,1.375908041e-05,9.564576133e-05,4.692364896e-07,8.758918839e-05,6.033594955e-07,0.0001778968224,1.29272762e-06,0.2109764718
2244.0,5.017187083e-05,8.117705169e-07,0.0002836918587,4.431339337e-06,4.185116706e-05,6.991603145e-07,0.0003677008358,1.380107833e-05,9.526142266e-05,4.670418898e-07,8.738274582e-05,6.023634343e-07,0.0001784388121,1.462062074e-06,0.2109779338
2245.0,4.940680417e-05,7.965877996e-07,0.0002829517376,4.430348525e-06,4.150277981e-05,6.922101077e-07,0.0003656011105,1.395398182e-05,9.480449524e-05,4.644368921e-07,8.711306951e-05,6.008806003e-07,0.000180416529,1.192262119e-06,0.2109791261
2246.0,4.869702177e-05,7.812279338e-07,0.0002824627731,4.431860586e-06,4.115497869e-05,6.851362358e-07,0.0003627777725,1.409966726e-05,9.42781188e-05,4.614280941e-07,8.679010748e-05,5.989218818e-07,0.000182300218,9.549673346e-07,0.2109800811
2247.0,4.79410409e-05,7.659039618e-07,0.000282162928,4.435698921e-06,4.079814453e-05,6.779522324e-07,0.0003606694326,1.428636496e-05,9.367726295e-05,4.580468149e-07,8.640397058e-05,5.96462983e-07,0.0001847141659,6.973353608e-07,0.2109807784
2248.0,4.72258903e-05,7.506436279e-07,0.0002821339965,4.441658769e-06,4.044753278e-05,6.706121495e-07,0.0003622473656,1.450282198e-05,9.301054511e-05,4.5425127e-07,8.595400762e-05,5.937019863e-07,0.0001875136673,9.311819797e-07,0.2109817096
2249.0,4.655090797e-05,7.356324346e-07,0.0002823114911,4.449784622e-06,4.010636916e-05,6.632833299e-07,0.0003601091039,1.466150156e-05,9.227659474e-05,4.501353603e-07,8.546276106e-05,5.899752329e-07,0.0001895645208,8.803416145e-07,0.2109825899
2250.0,4.584951865e-05,7.209020323e-07,0.0002825087468,4.459263548e-06,3.974471029e-05,6.559433162e-07,0.0003608880909,1.486510566e-05,9.147126555e-05,4.456579219e-07,8.490723119e-05,5.859881274e-07,0.0001921984586,1.119646214e-06,0.2109837096
2251.0,4.524324495e-05,7.067535967e-07,0.0002829021735,4.470361534e-06,3.940062128e-05,6.486522747e-07,0.0003607189242,1.503842036e-05,9.06002925e-05,4.408365308e-07,8.429004703e-05,5.815276815e-07,0.0001944397989,1.287876757e-06,0.2109849975
2252.0,4.461342631e-05,6.931428068e-07,0.0002833210159,4.48364859e-06,3.905240676e-05,6.414159576e-07,0.0003604788904,1.522456369e-05,8.96613658e-05,4.356495159e-07,8.360330634e-05,5.768405612e-07,0.0001968470213,1.439805609e-06,0.2109864373
2253.0,4.40279762e-05,6.801417929e-07,0.0002838389457,4.500248338e-06,3.870902947e-05,6.343447657e-07,0.0003626817871,1.545843152e-05,8.865876813e-05,4.300832514e-07,8.288396072e-05,5.712020743e-07,0.000199872417,1.984151274e-06,0.2109884214
2254.0,4.348829365e-05,6.676957701e-07,0.000284535036,4.519785171e-06,3.838005633e-05,6.273636709e-07,0.0003624523156,1.563938111e-05,8.760488235e-05,4.241714729e-07,8.21068324e-05,5.653249862e-07,0.0002022117505,2.156490301e-06,0.2109905779
2255.0,4.293873104e-05,6.560104726e-07,0.000285264891,4.540802964e-06,3.803732589e-05,6.204139941e-07,0.0003644561248,1.586520536e-05,8.648187705e-05,4.178923466e-07,8.127163989e-05,5.589928377e-07,0.000205133373,2.4873586e-06,0.2109930653
2256.0,4.246673536e-05,6.452099489e-07,0.0002861050286,4.564934696e-06,3.771152094e-05,6.136657324e-07,0.0003644860388,1.607257892e-05,8.530670839e-05,4.112446482e-07,8.037487593e-05,5.524570659e-07,0.0002078157908,2.670098684e-06,0.2109957354
2257.0,4.201488836e-05,6.351686786e-07,0.00028701115,4.590688031e-06,3.738983279e-05,6.071632958e-07,0.0003663597851,1.627339337e-05,8.407188501e-05,4.042948115e-07,7.944479094e-05,5.450997368e-07,0.0002104128762,2.677008007e-06,0.2109984124
2258.0,4.164350939e-05,6.262444595e-07,0.000288074572,4.619666965e-06,3.708043392e-05,6.00914104e-07,0.0003684779675,1.651232609e-05,8.278271397e-05,3.970024742e-07,7.845846397e-05,5.375230668e-07,0.0002135042356,2.239729772e-06,0.2110006521
2259.0,4.133453725e-05,6.18358578e-07,0.0002892710176,4.651507265e-06,3.67805395e-05,5.950209392e-07,0.0003685463048,1.668051069e-05,8.144224368e-05,3.894327781e-07,7.741644326e-05,5.29667223e-07,0.0002156790986,2.592058544e-06,0.2110032442
2260.0,4.105593636e-05,6.116870611e-07,0.0002906533076,4.687355236e-06,3.648567256e-05,5.894201241e-07,0.0003708369536,1.690384607e-05,8.005802502e-05,3.816152846e-07,7.633705109e-05,5.210786124e-07,0.0002185688125,2.474553214e-06,0.2110057187
2261.0,4.088321405e-05,6.063553931e-07,0.0002923849444,4.729025288e-06,3.622381322e-05,5.843234798e-07,0.0003707805609,1.712522117e-05,7.862662893e-05,3.734926475e-07,7.519942562e-05,5.12420136e-07,0.0002214322958,2.252605615e-06,0.2110079713
2262.0,4.071459231e-05,6.020575479e-07,0.0002942984753,4.77730626e-06,3.5972966e-05,5.799144805e-07,0.000372085906,1.735106355e-05,7.71447652e-05,3.650833166e-07,7.403000023e-05,5.030792909e-07,0.0002243534059,1.924167708e-06,0.2110098955
2263.0,4.064189885e-05,5.988223753e-07,0.0002965078768,4.832693709e-06,3.576199528e-05,5.761084958e-07,0.000375279014,1.762364586e-05,7.56200514e-05,3.564045651e-07,7.280783018e-05,4.936727222e-07,0.0002278801033,1.94365286e-06,0.2110118391
2264.0,4.06589822e-05,5.969932017e-07,0.0002991617056,4.892403242e-06,3.558214743e-05,5.730032407e-07,0.0003760365578,1.785721263e-05,7.406502323e-05,3.473734358e-07,7.15569431e-05,4.836341285e-07,0.0002309002365,1.641574732e-06,0.2110134807
2265.0,4.070943869e-05,5.964859143e-07,0.0003019810504,4.952203465e-06,3.541747598e-05,5.705820555e-07,0.0003786141337,1.812856745e-05,7.247026009e-05,3.382411557e-07,7.025898995e-05,4.735181762e-07,0.0002344118351,1.535717363e-06,0.2110150164
2266.0,4.089871129e-05,5.971002749e-07,0.0003050819832,5.011983156e-06,3.528747163e-05,5.690992269e-07,0.0003811573523,1.839639737e-05,7.083583675e-05,3.288732347e-07,6.893806443e-05,4.627972843e-07,0.000237876625,1.423576487e-06,0.21101644
2267.0,4.11140124e-05,5.99003463e-07,0.0003083047603,5.071503791e-06,3.519993202e-05,5.684354598e-07,0.0003831582708,1.86618399e-05,6.916389328e-05,3.193327423e-07,6.757228613e-05,4.519789121e-07,0.0002413106667,1.215108279e-06,0.2110176551
2268.0,4.141822295e-05,6.019595254e-07,0.0003116841908,5.130016332e-06,3.514807955e-05,5.684948613e-07,0.0003875125801,1.898123309e-05,6.746579894e-05,3.096149064e-07,6.618770685e-05,4.406566571e-07,0.000245443579,1.435866909e-06,0.211019091
2269.0,4.181655155e-05,6.06241836e-07,0.0003153212142,5.188885529e-06,3.515849312e-05,5.696130112e-07,0.0003897650252,1.924419321e-05,6.573920452e-05,2.997792985e-07,6.47683761e-05,4.292635326e-07,0.0002488441677,1.334075892e-06,0.2110204251
2270.0,4.222035974e-05,6.115613392e-07,0.0003188523063,5.247416959e-06,3.51967505e-05,5.717646779e-07,0.000393404639,1.95538164e-05,6.40007978e-05,2.897638329e-07,6.332545526e-05,4.175174034e-07,0.0002528509264,1.417280384e-06,0.2110218423
2271.0,4.272571602e-05,6.180622222e-07,0.0003224131961,5.304828792e-06,3.529253996e-05,5.749523057e-07,0.0003963756396,7.077665317e-06,6.217989294e-05,2.791274504e-07,6.180808969e-05,4.049041216e-07,9.152212872e-05,1.174364548e-06,0.2110230167
2272.0,4.373645359e-05,6.320966231e-07,0.0003308914254,5.450133178e-06,3.531151856e-05,5.749249483e-07,0.0003985394361,1.930151595e-05,6.050166374e-05,2.692323137e-07,6.040063096e-05,3.933980142e-07,0.0002495913486,1.15745957e-06,0.2110241742
2273.0,4.407078789e-05,6.369327471e-07,0.0003324441975,5.466995621e-06,3.558218788e-05,5.823181963e-07,0.0004047015374,1.978637269e-05,5.876346748e-05,2.589427611e-07,5.893307213e-05,3.811354134e-07,0.0002558640285,1.374745997e-06,0.2110255489
2274.0,4.456938033e-05,6.439847681e-07,0.0003343406165,5.48766191e-06,3.596676015e-05,5.910403228e-07,0.0004080439517,2.032698043e-05,5.703140068e-05,2.486678611e-07,5.746145835e-05,3.687762067e-07,0.0002628552471,1.234253388e-06,0.2110267832
2275.0,4.511072276e-05,6.521411527e-07,0.0003363094907,5.511382222e-06,3.637219318e-05,6.005608645e-07,0.0004145782834,7.416569385e-06,5.526103816e-05,2.378984355e-07,5.594978044e-05,3.5580179e-07,9.590718408e-05,1.007800056e-06,0.211027791
2276.0,4.625917701e-05,6.679896166e-07,0.0003432314257,5.627575451e-06,3.666564602e-05,6.060098033e-07,0.0004163837165,2.052027589e-05,5.365084031e-05,2.280591026e-07,5.456383225e-05,3.439043539e-07,0.0002653586965,1.076265809e-06,0.2110288672
2277.0,4.666202709e-05,6.746691768e-07,0.0003439882682,5.634122842e-06,3.720624255e-05,6.178254298e-07,0.0004217177178,7.437817779e-06,5.197579546e-05,2.177360483e-07,5.312325482e-05,3.309833567e-07,9.618290357e-05,6.99979105e-07,0.2110295672
2278.0,4.772489267e-05,6.898194887e-07,0.000349949324,5.734251829e-06,3.766662507e-05,6.254946308e-07,0.0004269306817,2.083002409e-05,5.047102796e-05,2.085611804e-07,5.182541932e-05,3.190420359e-07,0.00026936756,8.323043809e-07,0.2110303995
2279.0,4.815061655e-05,6.962892146e-07,0.0003504085952,5.729840934e-06,3.83586512e-05,6.391691033e-07,0.0004312809968,2.14971076e-05,4.903102482e-05,1.995572744e-07,5.05156499e-05,3.06860843e-07,0.0002779945095,5.126388987e-07,0.2110309121
2280.0,4.868222451e-05,7.051374525e-07,0.0003515438107,5.737492915e-06,3.906022811e-05,6.528717538e-07,0.000438135763,7.780013271e-06,4.76722301e-05,1.906778479e-07,4.92184e-05,2.945588194e-07,0.0001006102007,3.323998315e-07,0.2110312445
2281.0,4.980297853e-05,7.212568782e-07,0.0003577101167,5.838984483e-06,3.957512042e-05,6.611373832e-07,0.0004407462293,2.185656299e-05,4.651479219e-05,1.833194279e-07,4.809609653e-05,2.836775538e-07,0.0002826479958,2.273084419e-07,0.2110314719
2282.0,5.022724766e-05,7.285797372e-07,0.0003582070129,5.836336895e-06,4.032589737e-05,6.756563779e-07,0.0004467035247,7.819291462e-06,4.539354783e-05,1.762762492e-07,4.695799392e-05,2.724175145e-07,0.0001011194467,-3.487080958e-08,0.211031437
2283.0,5.125936087e-05,7.439094249e-07,0.0003638379136,5.929287965e-06,4.091274604e-05,6.851295662e-07,0.0004512435196,2.217855207e-05,4.451450335e-05,1.70914123e-07,4.598857772e-05,2.63166928e-07,0.0002868180351,1.807730889e-08,0.2110314551
2284.0,5.168250817e-05,7.509196822e-07,0.0003640222206,5.919455895e-06,4.173835198e-05,7.002560344e-07,0.0004570059628,2.28466912e-05,4.375907722e-05,1.661945014e-07,4.508447755e-05,2.542816025e-07,0.0002954602175,-2.449186542e-07,0.2110312101
2285.0,5.219878576e-05,7.600136053e-07,0.0003650693372,5.924419484e-06,4.253584194e-05,7.146466919e-07,0.0004629958584,8.129237043e-06,4.307404565e-05,1.622220505e-07,4.426766003e-05,2.458526421e-07,0.0001051313406,-2.694197779e-07,0.2110309407
2286.0,5.323833714e-05,7.755596627e-07,0.0003709766067,6.022547201e-06,4.307813146e-05,7.223970908e-07,0.0004647915977,2.308885151e-05,4.266026161e-05,1.598913715e-07,4.363627979e-05,2.393547954e-07,0.0002985994264,-3.451003287e-07,0.2110305956
2287.0,5.363809657e-05,7.829898678e-07,0.0003713415111,6.015394363e-06,4.384953268e-05,7.357790905e-07,0.0004706287293,8.133039364e-06,4.22819211e-05,1.577285497e-07,4.303475643e-05,2.329475024e-07,0.0001051825211,-4.526559029e-07,0.211030143
2288.0,5.458849373e-05,7.97531351e-07,0.0003765144691,6.098854013e-06,4.440022218e-05,7.434442758e-07,0.0004742789968,2.329430599e-05,4.217674021e-05,1.571375324e-07,4.264713891e-05,2.288293001e-07,0.0003012632497,-3.279292803e-07,0.211029815
2289.0,5.498107321e-05,8.045712779e-07,0.000376429484,6.080355444e-06,4.515833447e-05,7.564894541e-07,0.0004792919334,2.394966674e-05,4.218627005e-05,1.572336902e-07,4.233490912e-05,2.25621493e-07,0.0003097403179,-4.962985782e-07,0.2110293187
2290.0,5.544773236e-05,8.134903197e-07,0.0003769457923,6.073407526e-06,4.585810507e-05,7.686415945e-07,0.0004858958101,8.439402631e-06,4.232499785e-05,1.579306132e-07,4.214744898e-05,2.231000239e-07,0.0001091477975,-4.662685535e-07,0.2110288525
2291.0,5.639705013e-05,8.279442549e-07,0.000381839567,6.152242181e-06,4.629361353e-05,7.741881442e-07,0.0004870833723,2.407151276e-05,4.272257931e-05,1.610223861e-07,4.218096077e-05,2.227971269e-07,0.0003113207336,-4.508073459e-07,0.2110284017
2292.0,5.675466266e-05,8.353653799e-07,0.0003816861225,6.131055975e-06,4.692853183e-05,7.850254754e-07,0.0004919359461,8.420917986e-06,4.328095312e-05,1.650713777e-07,4.225910869e-05,2.227293249e-07,0.0001089094924,-5.969395794e-07,0.2110278047
2293.0,5.759798023e-05,8.487794872e-07,0.0003859163201,6.19464363e-06,4.733921614e-05,7.901666805e-07,0.000496250544,2.414731766e-05,4.421564597e-05,1.715203802e-07,4.255978746e-05,2.249249801e-07,0.0003123035546,-3.754175627e-07,0.2110274293
2294.0,5.795014642e-05,8.557570639e-07,0.0003854479202,6.163903685e-06,4.793917134e-05,8.003643501e-07,0.0005001749508,2.473807256e-05,4.536233975e-05,1.787291954e-07,4.296663186e-05,2.2927462e-07,0.0003199425974,-5.838405659e-07,0.2110268455
2295.0,5.833038915e-05,8.641894024e-07,0.0003854091351,6.144650841e-06,4.846024802e-05,8.095363512e-07,0.0005060392543,8.621491553e-06,4.659552882e-05,1.860646979e-07,4.357301679e-05,2.347610888e-07,0.0001115041598,-6.628793965e-07,0.2110261826
2296.0,5.913996991e-05,8.770106424e-07,0.0003893375366,6.205727734e-06,4.874216541e-05,8.124458964e-07,0.0005068077799,2.463670561e-05,4.812620232e-05,1.949817372e-07,4.446405479e-05,2.42494438e-07,0.0003186323894,-6.096454972e-07,0.2110255729
2297.0,5.943451797e-05,8.83997761e-07,0.0003887494455,6.175325348e-06,4.92075947e-05,8.202723481e-07,0.0005110034076,2.509109893e-05,4.967915952e-05,2.038884623e-07,4.542648278e-05,2.508549792e-07,0.0003245083428,-8.58571538e-07,0.2110247144
2298.0,5.981207266e-05,8.921581093e-07,0.0003886312232,6.155649283e-06,4.96202668e-05,8.271658835e-07,0.0005173282307,2.55541932e-05,5.128474156e-05,2.131557464e-07,4.650280217e-05,2.601976041e-07,0.0003304984748,-6.744669893e-07,0.2110240399
2299.0,6.022814755e-05,9.00647927e-07,0.0003889326298,6.142596582e-06,4.997306664e-05,8.32626581e-07,0.0005204239148,2.582406742e-05,5.291783952e-05,2.227684711e-07,4.772173914e-05,2.700528715e-07,0.0003339864461,-9.257721982e-07,0.2110231141
2300.0,6.059906032e-05,9.09131376e-07,0.000389387218,6.135241315e-06,5.024719074e-05,8.366819862e-07,0.0005248614797,2.599299821e-05,5.456946371e-05,2.325391511e-07,4.901332806e-05,2.80448123e-07,0.000336172147,-9.634099149e-07,0.2110221507
2301.0,6.100312944e-05,9.17528271e-07,0.0003899949855,6.131674796e-06,5.046807988e-05,8.395970123e-07,0.0005265870419,2.602941961e-05,5.626182979e-05,2.424539202e-07,5.03337794e-05,2.912178966e-07,0.0003366425151,-1.080287391e-06,0.2110210704
2302.0,6.134502428e-05,9.256425893e-07,0.0003906252057,6.129708149e-06,5.064236448e-05,8.416042071e-07,0.000529268768,2.596869713e-05,5.796046013e-05,2.5238608e-07,5.166095257e-05,3.02306995e-07,0.0003358552763,-1.343120972e-06,0.2110197273
2303.0,6.168162446e-05,9.333692862e-07,0.0003912233718,6.126892928e-06,5.078771804e-05,8.430053973e-07,0.0005319832557,2.591016177e-05,5.966552572e-05,2.623210278e-07,5.300789125e-05,3.136209551e-07,0.0003350985056,-1.220859198e-06,0.2110185065
2304.0,6.198479653e-05,9.407290591e-07,0.0003916854829,6.121067181e-06,5.091816627e-05,8.440290445e-07,0.0005322499309,2.578262809e-05,6.134475576e-05,2.722242039e-07,5.436933666e-05,3.25135965e-07,0.0003334464203,-1.505781653e-06,0.2110170007
2305.0,6.221684222e-05,9.475840716e-07,0.0003918035607,6.110844098e-06,5.101796785e-05,8.447889216e-07,0.0005349371361,2.569967318e-05,6.300444875e-05,2.820905759e-07,5.574690817e-05,3.367410158e-07,0.0003323733729,-1.575920885e-06,0.2110154247
2306.0,6.246334876e-05,9.541726893e-07,0.0003916526859,6.095850681e-06,5.110072605e-05,8.454597936e-07,0.0005350224217,2.561641026e-05,6.46391917e-05,2.918819779e-07,5.713044518e-05,3.484430739e-07,0.0003312950888,-1.721276578e-06,0.2110137035
2307.0,6.263038632e-05,9.605533071e-07,0.0003911442252,6.075688407e-06,5.115649497e-05,8.459845145e-07,0.0005361982906,2.55228347e-05,6.626585992e-05,3.01598606e-07,5.852879923e-05,3.599026394e-07,0.0003300828602,-1.986424725e-06,0.211011717
2308.0,6.28064024e-05,9.667819125e-07,0.0003903911034,6.050850461e-06,5.120835402e-05,8.463359297e-07,0.0005389438328,2.547374651e-05,6.787068293e-05,3.112231829e-07,5.992334482e-05,3.71734444e-07,0.0003294472678,-1.853769207e-06,0.2110098633
2309.0,6.297689427e-05,9.72846716e-07,0.000389486393,6.022484565e-06,5.124685277e-05,8.464973685e-07,0.0005392388624,2.533929927e-05,6.944463528e-05,3.207091132e-07,6.13165787e-05,3.832619863e-07,0.0003277046879,-2.106595192e-06,0.2110077567
2310.0,6.306232042e-05,9.786082262e-07,0.0003882378338,5.99049022e-06,5.124839983e-05,8.462848879e-07,0.0005409855212,2.522482113e-05,7.098701982e-05,3.300670588e-07,6.270059737e-05,3.943927674e-07,0.0003262241968,-2.139476051e-06,0.2110056172
2311.0,6.31776791e-05,9.841976007e-07,0.0003868678291,5.956305143e-06,5.12280925e-05,8.456646322e-07,0.0005420711785,2.507362659e-05,7.25035772e-05,3.39211374e-07,6.406072538e-05,4.059235013e-07,0.0003242666477,-2.211946871e-06,0.2110034053
2312.0,6.322421273e-05,9.894680602e-07,0.0003853484515,5.920142502e-06,5.117663788e-05,8.446304476e-07,0.0005416955551,2.488518177e-05,7.398296354e-05,3.481482765e-07,6.541557637e-05,4.167450855e-07,0.0003218268192,-2.432136061e-06,0.2110009731
2313.0,6.325352868e-05,9.944494339e-07,0.0003836468232,5.881823257e-06,5.11027435e-05,8.430288525e-07,0.0005429707904,2.472040194e-05,7.542799544e-05,3.569119834e-07,6.673831884e-05,4.279099286e-07,0.000319694707,-2.223416253e-06,0.2109987497
2314.0,6.327194783e-05,9.991754565e-07,0.000381869234,5.841604163e-06,5.100956733e-05,8.409420415e-07,0.0005415577755,2.446988256e-05,7.684018925e-05,3.654146334e-07,6.804596291e-05,4.382955925e-07,0.0003164499041,-1.975365901e-06,0.2109967743
2315.0,6.320494084e-05,1.003500318e-06,0.0003798814218,5.799526198e-06,5.087102803e-05,8.383029436e-07,0.0005408395782,2.421469819e-05,7.821624862e-05,3.736595261e-07,6.930073895e-05,4.490086475e-07,0.0003131485067,-1.846401063e-06,0.2109949279
2316.0,6.31474782e-05,1.007414996e-06,0.0003777574179,5.755465145e-06,5.070052466e-05,8.352150183e-07,0.0005388807088,2.390188583e-05,7.954212416e-05,3.816674743e-07,7.053966322e-05,4.588692291e-07,0.0003091005289,-2.086345823e-06,0.2109928416
2317.0,6.301651103e-05,1.01085331e-06,0.0003753990814,5.709749002e-06,5.050616071e-05,8.316552585e-07,0.000536852203,2.357336847e-05,8.082863421e-05,3.894475484e-07,7.172783197e-05,4.690662458e-07,0.0003048490858,-1.826768821e-06,0.2109910148
2318.0,6.288648968e-05,1.013737407e-06,0.0003728491041,5.662514099e-06,5.028748663e-05,8.277672279e-07,0.0005358525435,2.32362432e-05,8.20691646e-05,3.969539768e-07,7.289750524e-05,4.783920063e-07,0.0003004876299,-1.808835174e-06,0.210989206
2319.0,6.272721758e-05,1.01614237e-06,0.0003701358343,5.613227317e-06,5.00538128e-05,8.235599259e-07,0.0005315303843,2.283218793e-05,8.326047679e-05,4.041900472e-07,7.402446215e-05,4.87848096e-07,0.0002952584464,-1.620321464e-06,0.2109875857
2320.0,6.251371831e-05,1.017916394e-06,0.0003671655024,5.560505802e-06,4.978388431e-05,8.19072539e-07,0.0005297376717,2.242505182e-05,8.439549851e-05,4.11106571e-07,7.511487711e-05,4.973551811e-07,0.000289992331,-1.515494175e-06,0.2109860702
2321.0,6.233610763e-05,1.019105065e-06,0.0003640313057,5.505019902e-06,4.950166573e-05,8.14397614e-07,0.0005246759903,2.197518565e-05,8.549707068e-05,4.177626467e-07,7.618270022e-05,5.059128936e-07,0.0002841722921,-1.497604238e-06,0.2109845726
2322.0,6.208408487e-05,1.019560738e-06,0.0003606249384,5.44756577e-06,4.920051775e-05,8.095708641e-07,0.0005202192974,2.147423571e-05,8.655561092e-05,4.241175844e-07,7.720110006e-05,5.144912987e-07,0.0002776911424,-1.612777897e-06,0.2109829598
2323.0,6.185969381e-05,1.019247344e-06,0.0003570591008,5.388616903e-06,4.890070091e-05,8.04576445e-07,0.0005171004333,2.098436592e-05,8.757252794e-05,4.30170206e-07,7.81722755e-05,5.230814557e-07,0.000271354194,-1.674397963e-06,0.2109812854
2324.0,6.16280715e-05,1.018174483e-06,0.0003533795808,5.328020937e-06,4.859292669e-05,7.995919138e-07,0.000509981798,2.043761748e-05,8.853155802e-05,4.358589583e-07,7.912082074e-05,5.306396277e-07,0.0002642797514,-1.819891582e-06,0.2109794655
2325.0,6.131596133e-05,1.016180741e-06,0.0003494346565,5.264885227e-06,4.825388674e-05,7.946356399e-07,0.0005050636095,1.990874532e-05,8.944523583e-05,4.412690137e-07,8.001501863e-05,5.382412971e-07,0.000257439323,-1.875151773e-06,0.2109775904
2326.0,6.104810414e-05,1.013368691e-06,0.0003454561894,5.200878541e-06,4.791812941e-05,7.897984467e-07,0.0004985455884,1.936016295e-05,9.030072815e-05,4.463402012e-07,8.086003664e-05,5.455184404e-07,0.0002503428061,-2.018288591e-06,0.2109755721
2327.0,6.071398541e-05,1.009664173e-06,0.0003413689033,5.136507669e-06,4.757720651e-05,7.851023471e-07,0.0004922213741,1.880063895e-05,9.110057474e-05,4.510554533e-07,8.165068609e-05,5.528169544e-07,0.0002431046293,-2.070876641e-06,0.2109735012
2328.0,6.036281735e-05,1.00502389e-06,0.0003372252038,5.072417407e-06,4.723536687e-05,7.806477004e-07,0.0004865502446,1.826837024e-05,9.184362887e-05,4.554669089e-07,8.240714659e-05,5.590160066e-07,0.0002362204888,-2.085013119e-06,0.2109714162
2329.0,5.999892268e-05,9.995888604e-07,0.000333087135,5.008931791e-06,4.690045121e-05,7.763386629e-07,0.000479255233,1.771689955e-05,9.25301461e-05,4.595400171e-07,8.310158491e-05,5.651589057e-07,0.0002290855694,-2.076207845e-06,0.21096934
2330.0,5.954570995e-05,9.931566532e-07,0.0003288012642,4.945438915e-06,4.655400831e-05,7.721182882e-07,0.0004724085714,1.719809972e-05,9.316214329e-05,4.632378622e-07,8.374470404e-05,5.709272461e-07,0.0002223761508,-2.182645978e-06,0.2109671573
2331.0,5.910862172e-05,9.85865304e-07,0.000324480286,4.882799183e-06,4.62124067e-05,7.67986329e-07,0.0004642412787,1.670247946e-05,9.373995518e-05,4.665489309e-07,8.434002975e-05,5.762722013e-07,0.0002159657978,-2.051513998e-06,0.2109651058
2332.0,5.860852499e-05,9.776714537e-07,0.0003202211291,4.822006697e-06,4.588012037e-05,7.638532344e-07,0.00045673978,1.620889652e-05,9.425039136e-05,4.694450473e-07,8.488095255e-05,5.816002497e-07,0.0002095813515,-2.052183029e-06,0.2109630536
2333.0,5.809762758e-05,9.686917829e-07,0.0003159940566,4.763038979e-06,4.55575925e-05,7.596351844e-07,0.0004495393543,1.576805865e-05,9.470628958e-05,4.719758271e-07,8.538622672e-05,5.857338484e-07,0.0002038804774,-1.996861798e-06,0.2109610568
2334.0,5.75588525e-05,9.589924778e-07,0.0003118707186,4.706415269e-06,4.524722567e-05,7.553413165e-07,0.0004401003122,1.532584064e-05,9.509409214e-05,4.740980849e-07,8.582861867e-05,5.898238366e-07,0.0001981600654,-2.015040441e-06,0.2109590417
2335.0,5.694674006e-05,9.486372681e-07,0.0003077981505,4.652856096e-06,4.493189701e-05,7.509191851e-07,0.0004324008281,1.495148808e-05,9.542132348e-05,4.758338416e-07,8.621524673e-05,5.934781625e-07,0.0001933193493,-1.856169918e-06,0.2109571855
2336.0,5.635986909e-05,9.376252562e-07,0.0003039141267,4.602930046e-06,4.462616602e-05,7.462692611e-07,0.0004229628377,1.464627815e-05,9.56826199e-05,4.77170922e-07,8.654483129e-05,5.966589424e-07,0.0001893719154,-1.024194997e-06,0.2109561614
2337.0,5.570920724e-05,9.259519398e-07,0.0003001886901,4.55785187e-06,4.431746838e-05,7.414220981e-07,0.0004138978646,1.434970433e-05,9.587955925e-05,4.780719356e-07,8.681842801e-05,5.993440941e-07,0.0001855364339,-6.537973686e-07,0.2109555076
2338.0,5.508015757e-05,9.136666268e-07,0.0002967589792,4.517695646e-06,4.401261175e-05,7.363124865e-07,0.0004082963076,1.414175001e-05,9.600669942e-05,4.785585305e-07,8.704066171e-05,6.015580326e-07,0.0001828475113,2.148696574e-07,0.2109557224
2339.0,5.444980298e-05,9.00771756e-07,0.000293678132,4.484426805e-06,4.37159187e-05,7.309880217e-07,0.000399354061,1.392539767e-05,9.606809366e-05,4.785556423e-07,8.721608032e-05,6.032754942e-07,0.0001800485698,6.945300726e-07,0.210956417
2340.0,5.374101776e-05,8.872371765e-07,0.0002908164421,4.456037145e-06,4.339432216e-05,7.252726031e-07,0.0003931818379,1.378405871e-05,9.606484834e-05,4.781786753e-07,8.732543911e-05,6.048587966e-07,0.0001782215515,1.340944944e-06,0.2109577579
2341.0,5.30633035e-05,8.731862364e-07,0.000288443886,4.432768121e-06,4.307931346e-05,7.192941764e-07,0.0003864075766,1.366376827e-05,9.60106399e-05,4.774490636e-07,8.739313663e-05,6.051870082e-07,0.0001766656662,1.166166335e-06,0.2109589241
2342.0,5.230639416e-05,8.585137459e-07,0.0002863775932,4.413167492e-06,4.27480246e-05,7.130602894e-07,0.0003798833865,1.355526079e-05,9.586117742e-05,4.761311601e-07,8.739505555e-05,6.053511339e-07,0.0001752622088,1.216130393e-06,0.2109601402
2343.0,5.155937248e-05,8.434517631e-07,0.0002846976146,4.397664365e-06,4.24126717e-05,7.066648295e-07,0.0003761914291,1.350576644e-05,9.564782325e-05,4.743731289e-07,8.733880653e-05,6.050227957e-07,0.0001746227648,1.385429344e-06,0.2109615256
2344.0,5.082719249e-05,8.280103331e-07,0.0002833927981,4.385345873e-06,4.209223342e-05,7.000106497e-07,0.0003704120655,1.341553678e-05,9.536675531e-05,4.722014517e-07,8.722174834e-05,6.041713786e-07,0.0001734549646,1.299787103e-06,0.2109628254
2345.0,5.006688333e-05,8.124464215e-07,0.0002822935553,4.376159693e-06,4.175445305e-05,6.93069318e-07,0.0003672589616,1.342729894e-05,9.501536179e-05,4.695832421e-07,8.704539532e-05,6.028319636e-07,0.0001736077208,1.007585646e-06,0.210963833
2346.0,4.936428947e-05,7.966624219e-07,0.0002814417117,4.37069365e-06,4.140809758e-05,6.860219867e-07,0.00036280391,1.346835682e-05,9.458901305e-05,4.66553336e-07,8.680284857e-05,6.009900494e-07,0.0001741386778,5.531196515e-07,0.2109643861
2347.0,4.863507791e-05,7.807606245e-07,0.0002808030143,4.368307914e-06,4.105527781e-05,6.787956016e-07,0.0003611264892,1.354759456e-05,9.409391108e-05,4.630658831e-07,8.649822939e-05,5.989719367e-07,0.0001751629467,-5.428589787e-08,0.2109643318
2348.0,4.793308739e-05,7.648527247e-07,0.0002804501248,4.368307494e-06,4.070912602e-05,6.714376316e-07,0.00036045116,1.369818361e-05,9.352617494e-05,4.591832899e-07,8.614793516e-05,5.95726394e-07,0.0001771108331,-4.819444032e-07,0.2109638499
2349.0,4.725321296e-05,7.490967031e-07,0.0002803675193,4.371077826e-06,4.036291098e-05,6.639455559e-07,0.0003584015976,1.383355138e-05,9.288500318e-05,4.54886931e-07,8.572762319e-05,5.922681341e-07,0.000178860446,-1.079830814e-06,0.2109627701
2350.0,4.653478615e-05,7.333708552e-07,0.0002804124758,4.375481004e-06,4.000981294e-05,6.562887766e-07,0.0003590508371,1.405283136e-05,9.217935305e-05,4.502327319e-07,8.524953555e-05,5.883179381e-07,0.0001816965856,-1.186873615e-06,0.2109615832
2351.0,4.587462863e-05,7.179274348e-07,0.0002806189874,4.381683858e-06,3.965566192e-05,6.48652764e-07,0.0003576359963,1.426521234e-05,9.140314224e-05,4.451681135e-07,8.471593775e-05,5.838228327e-07,0.0001844428683,-1.306457401e-06,0.2109602767
2352.0,4.518467085e-05,7.027600867e-07,0.0002808955506,4.389981527e-06,3.929633232e-05,6.410609996e-07,0.0003577044273,1.450734902e-05,9.055754787e-05,4.397455537e-07,8.411546309e-05,5.791455324e-07,0.0001875739157,-8.016166808e-07,0.2109594751
2353.0,4.45726699e-05,6.882979656e-07,0.0002813132098,4.4005883e-06,3.89485483e-05,6.336145943e-07,0.0003597124626,1.475920994e-05,8.964574275e-05,4.339508138e-07,8.347177672e-05,5.733677176e-07,0.0001908316292,1.206172254e-08,0.2109594872
2354.0,4.403100897e-05,6.747281559e-07,0.0002818779311,4.414381872e-06,3.861186791e-05,6.26258989e-07,0.0003591703501,1.498933122e-05,8.86654321e-05,4.278172757e-07,8.27566962e-05,5.674848029e-07,0.000193806513,6.832323296e-07,0.2109601704
2355.0,4.347164021e-05,6.617975094e-07,0.0002824164631,4.430615117e-06,3.826235006e-05,6.18962251e-07,0.0003603717847,1.525752645e-05,8.762629344e-05,4.213095731e-07,8.199621621e-05,5.611215247e-07,0.0001972759605,1.496745844e-06,0.2109616672
2356.0,4.299183578e-05,6.495244617e-07,0.0002831036945,4.449287118e-06,3.792151034e-05,6.119105825e-07,0.0003617209293,1.55447531e-05,8.652869179e-05,4.145279205e-07,8.117547338e-05,5.546307396e-07,0.0002009903783,2.439004935e-06,0.2109641062
2357.0,4.249601829e-05,6.379994834e-07,0.0002838923466,4.469635333e-06,3.7591032e-05,6.052132028e-07,0.0003624347125,1.582264831e-05,8.5370595e-05,4.073890294e-07,8.031436381e-05,5.470730101e-07,0.0002045841297,2.937290062e-06,0.2109670434
2358.0,4.204120331e-05,6.272955435e-07,0.0002847440176,4.492331185e-06,3.726955448e-05,5.986635878e-07,0.0003652506314,1.60899048e-05,8.415837438e-05,3.999231709e-07,7.93907458e-05,5.394482917e-07,0.0002080416439,3.1177267e-06,0.2109701612
2359.0,4.162364723e-05,6.173458131e-07,0.0002857958879,4.518490325e-06,3.697022696e-05,5.923188495e-07,0.0003655236925,1.633141239e-05,8.288614361e-05,3.921353208e-07,7.841366234e-05,5.316842316e-07,0.0002111639985,3.313843739e-06,0.210973475
2360.0,4.120306184e-05,6.085712593e-07,0.000286868076,4.5488982e-06,3.665994647e-05,5.862919321e-07,0.0003667702285,1.656896153e-05,8.156224605e-05,3.840775663e-07,7.74031877e-05,5.230389581e-07,0.0002142377866,3.365223583e-06,0.2109768402
2361.0,4.09002144e-05,6.009347048e-07,0.0002880906659,4.584787865e-06,3.635448545e-05,5.80729578e-07,0.0003672726217,1.67801677e-05,8.019169184e-05,3.75723644e-07,7.633363381e-05,5.142207009e-07,0.0002169699995,3.137634144e-06,0.2109799779
2362.0,4.066433738e-05,5.948556587e-07,0.0002896504452,4.627158176e-06,3.607841109e-05,5.756288975e-07,0.0003683922788,1.697474429e-05,7.877583457e-05,3.670983165e-07,7.521306435e-05,5.05268237e-07,0.0002194866082,2.559765621e-06,0.2109825376
2363.0,4.051953877e-05,5.902897237e-07,0.0002915067116,4.675560943e-06,3.583267047e-05,5.710987181e-07,0.0003710774892,1.720382956e-05,7.731122774e-05,3.581848087e-07,7.405770444e-05,4.954654271e-07,0.0002224506568,2.204691574e-06,0.2109847423
2364.0,4.043987993e-05,5.870767222e-07,0.0002936207829,4.731509902e-06,3.561427266e-05,5.672762769e-07,0.0003709879336,1.741738591e-05,7.579890938e-05,3.490377506e-07,7.284777652e-05,4.857315575e-07,0.0002252121771,1.411123613e-06,0.2109861535
2365.0,4.037283935e-05,5.849649757e-07,0.0002960138174,4.79153586e-06,3.540720627e-05,5.639492092e-07,0.0003743361491,1.771022885e-05,7.425360483e-05,3.396654869e-07,7.16109551e-05,4.751970546e-07,0.00022900085,7.937385089e-07,0.2109869472
2366.0,4.043880398e-05,5.843065326e-07,0.0002987290885,4.852182685e-06,3.523548749e-05,5.614225053e-07,0.0003752359718,1.80111259e-05,7.26712964e-05,3.301016527e-07,7.032424666e-05,4.647635808e-07,0.000232892967,1.744706346e-07,0.2109871217
2367.0,4.053286958e-05,5.849066203e-07,0.0003016369722,4.912385997e-06,3.508020771e-05,5.597405624e-07,0.0003776401985,1.834626843e-05,7.105119876e-05,3.203964122e-07,6.901461317e-05,4.535916542e-07,0.00023722799,-4.263889253e-07,0.2109866953
2368.0,4.072894542e-05,5.868138611e-07,0.0003047751713,4.972688385e-06,3.498031727e-05,5.587717719e-07,0.0003820327507,1.866159988e-05,6.939098815e-05,3.105210411e-07,6.76599925e-05,4.425340575e-07,0.0002413078661,-4.676449879e-07,0.2109862276
2369.0,4.100328433e-05,5.901676604e-07,0.000308093511,5.033055507e-06,3.491712394e-05,5.586687416e-07,0.00038302997,1.896558377e-05,6.770049303e-05,3.004900461e-07,6.628478862e-05,4.308116355e-07,0.0002452389985,-6.934968109e-07,0.2109855341
2370.0,4.130209616e-05,5.946788881e-07,0.0003114860306,5.093058831e-06,3.487967646e-05,5.59494229e-07,0.0003868336673,1.926479286e-05,6.597936831e-05,2.90357344e-07,6.487288659e-05,4.192368474e-07,0.000249110771,-5.135151118e-07,0.2109850206
2371.0,4.173621351e-05,6.006063623e-07,0.0003149727014,5.152884364e-06,3.489878355e-05,5.613918543e-07,0.000389324543,7.256810456e-06,6.417309651e-05,2.796387796e-07,6.337780272e-05,4.066808326e-07,9.383757621e-05,3.869194426e-07,0.2109854075
2372.0,4.27015396e-05,6.144238837e-07,0.0003231193187,5.297827484e-06,3.485767171e-05,5.606275964e-07,0.0003910698316,1.89743452e-05,6.248800281e-05,2.696814615e-07,6.198713922e-05,3.948880253e-07,0.000245357957,1.845340329e-07,0.2109855921
2373.0,4.296396182e-05,6.188541823e-07,0.0003247647983,5.320283977e-06,3.502158792e-05,5.66342276e-07,0.0003964448252,1.937822994e-05,6.074825997e-05,2.593287433e-07,6.05133328e-05,3.827102232e-07,0.0002505833843,9.827833999e-07,0.2109865749
2374.0,4.34124753e-05,6.256283852e-07,0.0003267759797,5.346185123e-06,3.530660014e-05,5.734455674e-07,0.0004005092511,1.991853605e-05,5.900341157e-05,2.489996745e-07,5.904937345e-05,3.703404466e-07,0.000257570412,1.455501922e-06,0.2109880304
2375.0,4.389635272e-05,6.334738806e-07,0.000328893831,5.374644266e-06,3.561848274e-05,5.813180431e-07,0.0004054225425,7.489191732e-06,5.719968864e-05,2.383423523e-07,5.752853163e-05,3.574050143e-07,9.684531154e-05,1.581358332e-06,0.2109896117
2376.0,4.496171106e-05,6.489213918e-07,0.0003358141672,5.492130627e-06,3.583716061e-05,5.856281493e-07,0.0004072705513,2.007247285e-05,5.553104073e-05,2.285569513e-07,5.611692712e-05,3.456193398e-07,0.0002595658883,2.300544881e-06,0.2109919123
2377.0,4.533258444e-05,6.553325796e-07,0.0003367637312,5.501419886e-06,3.627340591e-05,5.963856485e-07,0.0004127737881,7.473542419e-06,5.380308829e-05,2.183434575e-07,5.461984818e-05,3.329276883e-07,9.6643977e-05,1.831820301e-06,0.2109937441
2378.0,4.634410483e-05,6.703276007e-07,0.0003427014186,5.602989853e-06,3.665270372e-05,6.036331434e-07,0.0004167607343,2.036925735e-05,5.220770061e-05,2.091621504e-07,5.325308742e-05,3.214138123e-07,0.0002634071968,2.474694017e-06,0.2109962188
2379.0,4.673026785e-05,6.766385117e-07,0.000343081196,5.602748379e-06,3.72578371e-05,6.166079944e-07,0.0004214135803,7.556494203e-06,5.057806235e-05,1.996324274e-07,5.184528225e-05,3.091901959e-07,9.771756312e-05,1.771220425e-06,0.21099799
2380.0,4.771182081e-05,6.915317272e-07,0.0003485071544,5.693509481e-06,3.775474392e-05,6.254740764e-07,0.0004256953577,2.090087366e-05,4.912281676e-05,1.913372323e-07,5.056750288e-05,2.980759679e-07,0.0002702845964,1.794631757e-06,0.2109997846
2381.0,4.813950276e-05,6.9821126e-07,0.0003487425105,5.686327159e-06,3.845020696e-05,6.397346088e-07,0.0004312935788,7.708178364e-06,4.77202711e-05,1.831531999e-07,4.92509293e-05,2.864011032e-07,9.968086291e-05,1.720003504e-06,0.2110015046
2382.0,4.911542107e-05,7.133474364e-07,0.0003539548102,5.772175741e-06,3.900437846e-05,6.496304147e-07,0.0004342705392,2.152646602e-05,4.652294516e-05,1.763981829e-07,4.808590088e-05,2.759891439e-07,0.0002783784555,8.705589092e-07,0.2110023752
2383.0,4.953195009e-05,7.203210715e-07,0.0003540168763,5.762198118e-06,3.976307339e-05,6.648422638e-07,0.0004430744456,7.905288291e-06,4.534644861e-05,1.696706817e-07,4.692561207e-05,2.651673607e-07,0.0001022316163,1.156434269e-06,0.2110035316
2384.0,5.054124636e-05,7.35440122e-07,0.0003592671089,5.84818532e-06,4.037502777e-05,6.751012959e-07,0.0004450780418,2.212143497e-05,4.439820309e-05,1.643800739e-07,4.592243876e-05,2.562876542e-07,0.0002860767241,3.089383301e-07,0.2110038406
2385.0,5.090754787e-05,7.4243716e-07,0.000359204793,5.837380122e-06,4.116421348e-05,6.900229192e-07,0.0004522813826,8.052263853e-06,4.353361908e-05,1.594332295e-07,4.492957513e-05,2.473347178e-07,0.0001041344355,7.252176262e-07,0.2110045658
2386.0,5.189121043e-05,7.573429534e-07,0.0003644184257,5.924604786e-06,4.177877147e-05,6.994462913e-07,0.0004550204187,2.260297839e-05,4.28803191e-05,1.560589642e-07,4.415600219e-05,2.400866718e-07,0.0002923117685,8.434386664e-08,0.2110046501
2387.0,5.226181601e-05,7.643700479e-07,0.0003644901259,5.913447888e-06,4.257114161e-05,7.136100932e-07,0.0004601169871,8.136199751e-06,4.232679556e-05,1.532012953e-07,4.340049685e-05,2.328438782e-07,0.000105221853,6.141998309e-07,0.2110052643
2388.0,5.32000598e-05,7.789517515e-07,0.0003695441949,5.996851065e-06,4.315947269e-05,7.221404338e-07,0.0004645633967,2.298898521e-05,4.197167316e-05,1.519291881e-07,4.28386833e-05,2.275156445e-07,0.0002973107166,3.839000278e-07,0.2110056482
2389.0,5.360103552e-05,7.86080458e-07,0.0003695097564,5.980405394e-06,4.393706448e-05,7.354378559e-07,0.0004694094118,8.161038487e-06,4.172012931e-05,1.510057243e-07,4.231474662e-05,2.224369397e-07,0.0001055450766,9.846366719e-07,0.2110066329
2390.0,5.4482383e-05,8.002745682e-07,0.0003741759263,6.056432758e-06,4.44847135e-05,7.430573396e-07,0.0004729300513,2.331509157e-05,4.170262599e-05,1.519596136e-07,4.200498601e-05,2.196866892e-07,0.0003015335733,8.065543635e-07,0.2110074394
2391.0,5.486415676e-05,8.071715203e-07,0.0003738238142,6.034544074e-06,4.520326996e-05,7.553621736e-07,0.0004777060608,8.17502699e-06,4.178901996e-05,1.533486038e-07,4.174938644e-05,2.174337278e-07,0.0001057282888,1.438779592e-06,0.2110088782
2392.0,5.570333458e-05,8.207064298e-07,0.0003781130848,6.103631338e-06,4.569737721e-05,7.620395935e-07,0.0004807358718,2.358713636e-05,4.212941372e-05,1.576074117e-07,4.174032971e-05,2.173671249e-07,0.0003050554986,1.240277517e-06,0.2110101185
2393.0,5.605721575e-05,8.274522962e-07,0.0003776220939,6.07554712e-06,4.636269908e-05,7.733060633e-07,0.0004875243254,2.422330791e-05,4.265566942e-05,1.632298084e-07,4.180675765e-05,2.180169092e-07,0.0003132855095,1.689437379e-06,0.2110118079
2394.0,5.652129933e-05,8.360034264e-07,0.0003778832428,6.061603124e-06,4.697616072e-05,7.835173122e-07,0.0004919157531,8.369545521e-06,4.338602542e-05,1.692580589e-07,4.197408174e-05,2.200870346e-07,0.0001082449718,1.488100532e-06,0.211013296
2395.0,5.734382752e-05,8.495591356e-07,0.0003824734844,6.135403022e-06,4.730913417e-05,7.869831352e-07,0.0004944542848,2.418836204e-05,4.44981763e-05,1.769381015e-07,4.236931652e-05,2.255904897e-07,0.0003128345198,1.738238939e-06,0.2110150342
2396.0,5.771299662e-05,8.565352984e-07,0.0003821408223,6.11000469e-06,4.783355878e-05,7.956301422e-07,0.0004978143176,2.462702802e-05,4.577141822e-05,1.848301702e-07,4.295041568e-05,2.319122569e-07,0.0003185078652,1.674409512e-06,0.2110167087
2397.0,5.810595596e-05,8.647404392e-07,0.0003823347138,6.097592624e-06,4.830270446e-05,8.034266897e-07,0.0005023102954,2.503766389e-05,4.719832717e-05,1.932770926e-07,4.373062605e-05,2.391805831e-07,0.0003238180837,1.440193879e-06,0.2110181489
2398.0,5.856272419e-05,8.732257029e-07,0.0003828968977,6.09260207e-06,4.871154633e-05,8.098657244e-07,0.0005078370697,2.530672674e-05,4.869678026e-05,2.019448758e-07,4.465039512e-05,2.474240271e-07,0.0003272984803,1.548451997e-06,0.2110196973
2399.0,5.904126329e-05,8.818834166e-07,0.0003837795085,6.094082461e-06,4.906946179e-05,8.149619145e-07,0.0005102864625,2.546608871e-05,5.026061217e-05,2.107936111e-07,4.56785729e-05,2.563909312e-07,0.0003293567132,1.247422941e-06,0.2110209447
2400.0,5.945108206e-05,8.903414593e-07,0.0003847827844,6.09943664e-06,4.935865137e-05,8.188858473e-07,0.0005137316682,2.550909529e-05,5.186582066e-05,2.198606847e-07,4.684328612e-05,2.657868108e-07,0.0003299142111,1.143199953e-06,0.2110220879
2401.0,5.989443905e-05,8.986256964e-07,0.0003858991369,6.105637137e-06,4.960872887e-05,8.220492227e-07,0.0005166287217,2.549515559e-05,5.348366638e-05,2.290169979e-07,4.810054643e-05,2.755607531e-07,0.000329733107,9.980267223e-07,0.211023086
2402.0,6.026780413e-05,9.065643492e-07,0.0003868895165,6.110039315e-06,4.982102572e-05,8.246528034e-07,0.0005186620303,2.546422287e-05,5.513832223e-05,2.381973812e-07,4.939328098e-05,2.855913737e-07,0.000329331807,7.224478089e-07,0.2110238084
2403.0,6.062147714e-05,9.141918652e-07,0.0003876940428,6.110234279e-06,5.000952376e-05,8.269029149e-07,0.0005225868992,2.540497005e-05,5.68099611e-05,2.474302471e-07,5.069410882e-05,2.959374384e-07,0.0003285656303,8.940780319e-07,0.2110247025
2404.0,6.097057435e-05,9.216166391e-07,0.0003883113998,6.10595495e-06,5.0190529e-05,8.289769817e-07,0.0005237982812,2.534770626e-05,5.849300981e-05,2.566667488e-07,5.201287376e-05,3.065017943e-07,0.0003278216939,7.089875687e-07,0.2110254115
2405.0,6.123169364e-05,9.287927245e-07,0.0003885429434,6.096544644e-06,5.033595948e-05,8.308697223e-07,0.0005258347201,2.528211625e-05,6.01635125e-05,2.658541965e-07,5.335360462e-05,3.172216793e-07,0.0003269739068,7.576651024e-07,0.2110261691
2406.0,6.151347495e-05,9.358083052e-07,0.0003884667128,6.081844178e-06,5.047001197e-05,8.326045519e-07,0.0005269355364,2.523195049e-05,6.181453878e-05,2.751192271e-07,5.471456363e-05,3.280540591e-07,0.0003263240622,5.392108626e-07,0.2110267083
2407.0,6.173429256e-05,9.425941379e-07,0.0003880904722,6.062359487e-06,5.058851152e-05,8.34104912e-07,0.000528696732,2.524434295e-05,6.344710145e-05,2.843258957e-07,5.608360434e-05,3.389306805e-07,0.0003264822345,-6.404070519e-07,0.2110260679
2408.0,6.196218196e-05,9.492691319e-07,0.0003875511734,6.038703337e-06,5.069166715e-05,8.353653391e-07,0.0005317245155,2.521291721e-05,6.50624277e-05,2.934496703e-07,5.746153048e-05,3.498827267e-07,0.0003260755532,-1.045437954e-06,0.2110250225
2409.0,6.217250907e-05,9.557913436e-07,0.0003868076226,6.011482114e-06,5.077315765e-05,8.362718325e-07,0.0005313910017,2.520237447e-05,6.666820835e-05,3.024723246e-07,5.885370648e-05,3.60708787e-07,0.000325936055,-2.01605999e-06,0.2110230064
2410.0,6.232623819e-05,9.620383788e-07,0.0003858804575,5.98123553e-06,5.081654582e-05,8.366703698e-07,0.0005343007761,2.517012148e-05,6.823834953e-05,3.113870381e-07,6.023687638e-05,3.718014022e-07,0.0003255187446,-2.880465257e-06,0.211020126
2411.0,6.251054584e-05,9.680404395e-07,0.000384831248,5.948258021e-06,5.083640408e-05,8.366321032e-07,0.0005345138125,2.511877065e-05,6.977535405e-05,3.202009635e-07,6.160340421e-05,3.826331351e-07,0.0003248530929,-3.87225742e-06,0.2110162537
2412.0,6.260667763e-05,9.736363451e-07,0.0003836003389,5.914315907e-06,5.081491819e-05,8.360799172e-07,0.0005357906114,2.501595879e-05,7.127769618e-05,3.288475225e-07,6.296669601e-05,3.931842789e-07,0.0003235217508,-4.275212736e-06,0.2110119785
2413.0,6.268796059e-05,9.787066507e-07,0.0003823303787,5.879518921e-06,5.077275827e-05,8.350423175e-07,0.0005384110625,2.487583109e-05,7.275185917e-05,3.372975212e-07,6.429671191e-05,4.039704713e-07,0.0003217088077,-4.508281927e-06,0.2110074702
2414.0,6.273860504e-05,9.833962966e-07,0.0003809709455,5.843547018e-06,5.070714695e-05,8.334993874e-07,0.000536723602,2.471459833e-05,7.41874587e-05,3.455557233e-07,6.562232339e-05,4.142036203e-07,0.0003196195401,-4.876721829e-06,0.2110025935
2415.0,6.268218094e-05,9.874140064e-07,0.0003792979322,5.805012089e-06,5.059376562e-05,8.313943375e-07,0.000537202838,2.450140618e-05,7.558849859e-05,3.536133481e-07,6.691010848e-05,4.246784123e-07,0.0003168613846,-4.78796559e-06,0.2109978055
2416.0,6.265436062e-05,9.910241123e-07,0.0003774947153,5.764419179e-06,5.046142505e-05,8.289696087e-07,0.000535818083,2.422837811e-05,7.695770237e-05,3.614462628e-07,6.817521717e-05,4.345601906e-07,0.000313327703,-4.526728704e-06,0.2109932788
2417.0,6.257032267e-05,9.942579986e-07,0.0003755102242,5.721338483e-06,5.030026792e-05,8.261369253e-07,0.0005344640672,2.389570221e-05,7.828271387e-05,3.69073872e-07,6.939518884e-05,4.44682138e-07,0.0003090223831,-3.912050162e-06,0.2109893668
2418.0,6.250513838e-05,9.973635364e-07,0.0003733212525,5.67610119e-06,5.011742271e-05,8.229626798e-07,0.0005337477686,2.350540484e-05,7.956187295e-05,3.764809225e-07,7.059636411e-05,4.541265983e-07,0.000303973917,-2.780183606e-06,0.2109865866
2419.0,6.243255576e-05,9.999885663e-07,0.0003709310406,5.629134462e-06,4.992761871e-05,8.196193045e-07,0.0005312512602,2.30824901e-05,8.080641836e-05,3.836603606e-07,7.175008857e-05,4.638184277e-07,0.0002985003668,-1.64336915e-06,0.2109849432
2420.0,6.228697982e-05,1.002193392e-06,0.0003682464564,5.5792057e-06,4.970331169e-05,8.159519384e-07,0.0005290052427,2.261994134e-05,8.200203575e-05,3.905959851e-07,7.288602528e-05,4.727982854e-07,0.0002925174681,-3.40163599e-07,0.210984603
2421.0,6.214659771e-05,1.003764415e-06,0.0003653675334,5.526076896e-06,4.945574744e-05,8.12025891e-07,0.0005253928381,2.214546377e-05,8.314481447e-05,3.972980245e-07,7.398424224e-05,4.81724229e-07,0.0002863794967,7.413336061e-07,0.2109853444
2422.0,6.194962825e-05,1.0047607e-06,0.0003622945016,5.470672099e-06,4.918901896e-05,8.078985752e-07,0.0005220264219,2.166381638e-05,8.42495097e-05,4.037236235e-07,7.504161977e-05,4.906143593e-07,0.0002801481186,1.543258351e-06,0.2109868876
2423.0,6.173762369e-05,1.005103141e-06,0.0003590781563,5.413983049e-06,4.891046551e-05,8.035633881e-07,0.0005188478176,2.118792778e-05,8.531363442e-05,4.09916894e-07,7.607148249e-05,4.987533496e-07,0.0002739928341,2.211227207e-06,0.2109890989
2424.0,6.149190077e-05,1.004702426e-06,0.000355685405,5.356058227e-06,4.86273726e-05,7.990586443e-07,0.0005133461338,2.07532469e-05,8.633496145e-05,4.158580296e-07,7.705646194e-05,5.068861492e-07,0.0002683675696,1.993877374e-06,0.2109910927
2425.0,6.118550169e-05,1.003447732e-06,0.0003520616062,5.296635069e-06,4.831793682e-05,7.943891487e-07,0.0005091717765,2.025516771e-05,8.730403967e-05,4.21453057e-07,7.799598323e-05,5.150119295e-07,0.0002619250552,1.845064488e-06,0.2109929378
2426.0,6.094144661e-05,1.001696744e-06,0.0003483332215,5.235610614e-06,4.799624278e-05,7.896921133e-07,0.0005029956193,1.974543828e-05,8.822746513e-05,4.267849601e-07,7.890782342e-05,5.22314169e-07,0.0002553309208,1.337266431e-06,0.2109942751
2427.0,6.068410382e-05,9.995513922e-07,0.0003444434365,5.173674439e-06,4.765277636e-05,7.850081388e-07,0.0004966883057,1.923786998e-05,8.909298898e-05,4.318330056e-07,7.976336354e-05,5.295959202e-07,0.0002487648339,5.428107873e-07,0.2109948179
2428.0,6.044650053e-05,9.966206577e-07,0.0003405165936,5.110743643e-06,4.731345226e-05,7.804779088e-07,0.0004931726657,1.869208678e-05,8.990270442e-05,4.365558765e-07,8.05696976e-05,5.365563439e-07,0.0002417054975,7.023604242e-07,0.2109955202
2429.0,6.016542494e-05,9.927696055e-07,0.0003366148482,5.048708868e-06,4.69881044e-05,7.761435808e-07,0.0004853346942,1.81895599e-05,9.065684889e-05,4.409915913e-07,8.132190219e-05,5.434512939e-07,0.0002352034682,-2.104692367e-07,0.2109953098
2430.0,5.977012174e-05,9.878418634e-07,0.0003325297277,4.986647459e-06,4.66374103e-05,7.719475879e-07,0.0004796096835,1.771671619e-05,9.135488104e-05,4.45125855e-07,8.203964996e-05,5.494765687e-07,0.0002290878579,-7.600484607e-07,0.2109945497
2431.0,5.93861348e-05,9.819726528e-07,0.0003284089785,4.924920694e-06,4.629824918e-05,7.679283649e-07,0.0004725424814,1.721871979e-05,9.199891364e-05,4.489353949e-07,8.269517947e-05,5.554187458e-07,0.0002226456808,-1.359623465e-06,0.2109931901
2432.0,5.891197019e-05,9.751674431e-07,0.0003241852344,4.863959512e-06,4.595423346e-05,7.639661859e-07,0.0004648518858,1.674808215e-05,9.258885635e-05,4.523867875e-07,8.330398195e-05,5.609762863e-07,0.0002165574188,-1.907161056e-06,0.2109912829
2433.0,5.842585721e-05,9.674778809e-07,0.0003199569231,4.804945372e-06,4.561873887e-05,7.601392882e-07,0.0004590195256,1.626711702e-05,9.312405515e-05,4.555013628e-07,8.38658012e-05,5.661566471e-07,0.0002103370376,-1.80050032e-06,0.2109894824
2434.0,5.79287689e-05,9.59153244e-07,0.0003158394732,4.747486887e-06,4.530149297e-05,7.563175976e-07,0.000450278948,1.579452754e-05,9.357749756e-05,4.581365982e-07,8.437181311e-05,5.712117497e-07,0.0002042232264,-1.864594804e-06,0.2109876178
2435.0,5.736610444e-05,9.501476654e-07,0.000311671194,4.692413401e-06,4.498128057e-05,7.523808537e-07,0.0004430492004,1.537904752e-05,9.399808794e-05,4.605501943e-07,8.484379047e-05,5.753630122e-07,0.0001988502337,-1.487514179e-06,0.2109861303
2436.0,5.683878409e-05,9.406899026e-07,0.0003075781419,4.640408925e-06,4.466903481e-05,7.483308117e-07,0.0004336475771,1.497742907e-05,9.434933099e-05,4.626094079e-07,8.525189936e-05,5.79392573e-07,0.0001936560145,-9.831295041e-07,0.2109851472
2437.0,5.625690921e-05,9.306160159e-07,0.0003035917456,4.591806168e-06,4.436071771e-05,7.442005847e-07,0.0004258472725,1.463201124e-05,9.463512597e-05,4.643115762e-07,8.560400965e-05,5.829782366e-07,0.0001891881451,-4.514411712e-07,0.2109846958
2438.0,5.567464759e-05,9.199889079e-07,0.0002998286711,4.547521211e-06,4.406613292e-05,7.398546093e-07,0.0004184813711,1.431416501e-05,9.486090605e-05,4.656570083e-07,8.590028712e-05,5.860962657e-07,0.0001850783894,5.237722884e-07,0.2109852195
2439.0,5.506424531e-05,9.08722748e-07,0.0002963341368,4.508106206e-06,4.377967857e-05,7.352771795e-07,0.0004092463067,1.406205313e-05,9.501573608e-05,4.66654467e-07,8.614486137e-05,5.887940827e-07,0.000181817182,1.14051191e-06,0.21098636
2440.0,5.439595933e-05,8.968113918e-07,0.0002930381134,4.472409862e-06,4.34798767e-05,7.304436626e-07,0.0004029015902,1.38829519e-05,9.510795171e-05,4.672519705e-07,8.633967442e-05,5.910527671e-07,0.0001795016191,1.220643406e-06,0.2109875807
2441.0,5.373416476e-05,8.842321458e-07,0.000290011958,4.443629546e-06,4.317552024e-05,7.252733511e-07,0.0003944111631,1.373278537e-05,9.513371677e-05,4.674813293e-07,8.647821943e-05,5.931296623e-07,0.0001775595842,1.464724202e-06,0.2109890454
2442.0,5.300142908e-05,8.710646203e-07,0.0002873365213,4.419735874e-06,4.285771167e-05,7.197768129e-07,0.0003876094296,1.362243351e-05,9.5103053e-05,4.673343623e-07,8.657261154e-05,5.942193852e-07,0.0001761322298,1.551913166e-06,0.2109905973
2443.0,5.229217062e-05,8.574545777e-07,0.0002851153003,4.401837757e-06,4.254327154e-05,7.140496746e-07,0.000382929481,1.355979121e-05,9.499716212e-05,4.667415298e-07,8.660257981e-05,5.951030814e-07,0.000175322669,1.631882382e-06,0.2109922292
2444.0,5.160427023e-05,8.437241554e-07,0.000283280354,4.387988697e-06,4.223226579e-05,7.081250724e-07,0.0003761590902,1.350059101e-05,9.482035716e-05,4.657439345e-07,8.65755771e-05,5.955030084e-07,0.0001745560053,1.376501931e-06,0.2109936057
2445.0,5.086829539e-05,8.296538114e-07,0.0002817370887,4.377708093e-06,4.189959812e-05,7.019139584e-07,0.0003715142739,1.350416974e-05,9.458000087e-05,4.643858666e-07,8.648942109e-05,5.95456824e-07,0.0001746029483,1.130891514e-06,0.2109947366
2446.0,5.018244734e-05,8.15228026e-07,0.000280543901,4.370537907e-06,4.157432211e-05,6.955177024e-07,0.0003671894183,1.351888654e-05,9.42691467e-05,4.626196218e-07,8.63474826e-05,5.949601045e-07,0.0001747928978,1.328178823e-06,0.2109960648
2447.0,4.943942892e-05,8.004528079e-07,0.0002795816745,4.366523524e-06,4.123711064e-05,6.888997996e-07,0.0003630905316,1.361446595e-05,9.388987094e-05,4.604471747e-07,8.613395271e-05,5.942158666e-07,0.0001760284583,9.071103347e-07,0.2109969719
2448.0,4.87034697e-05,7.853994563e-07,0.0002788671437,4.366026311e-06,4.089714733e-05,6.821082115e-07,0.0003617060032,1.378103699e-05,9.343767838e-05,4.578781093e-07,8.587860593e-05,5.925064885e-07,0.0001781828757,9.556747483e-07,0.2109979276
2449.0,4.80023399e-05,7.702517189e-07,0.0002784637742,4.368150017e-06,4.056678898e-05,6.751938146e-07,0.0003588633601,1.391286976e-05,9.291757086e-05,4.549042807e-07,8.555647422e-05,5.905584178e-07,0.0001798862809,7.539669051e-07,0.2109986815
2450.0,4.724962992e-05,7.550917621e-07,0.0002782174374,4.372431566e-06,4.021745266e-05,6.681267534e-07,0.0003576352562,1.410837953e-05,9.232819281e-05,4.515066016e-07,8.517608348e-05,5.881062993e-07,0.0001824151196,8.087897209e-07,0.2109994903
2451.0,4.656099596e-05,7.401061747e-07,0.000278185559,4.378797672e-06,3.986523404e-05,6.609037496e-07,0.0003562284888,1.428257199e-05,9.166677961e-05,4.478129433e-07,8.473654494e-05,5.851511086e-07,0.0001846675939,9.345252468e-07,0.2110004248
2452.0,4.586954733e-05,7.253738619e-07,0.0002782938429,4.387013336e-06,3.951612185e-05,6.536712363e-07,0.0003557073921,1.445400788e-05,9.094362887e-05,4.437397183e-07,8.423656954e-05,5.819167675e-07,0.0001868841113,9.818066967e-07,0.2110014066
2453.0,4.523948714e-05,7.11007584e-07,0.0002785668166,4.396928578e-06,3.917121887e-05,6.464887091e-07,0.0003570948543,1.465687329e-05,9.014841019e-05,4.393339123e-07,8.369565199e-05,5.777539369e-07,0.0001895081551,1.488631622e-06,0.2110028953
2454.0,4.462948102e-05,6.970223121e-07,0.0002789995256,4.408430988e-06,3.884288141e-05,6.393618809e-07,0.0003556753717,1.482678779e-05,8.929099068e-05,4.345650306e-07,8.308727882e-05,5.733267596e-07,0.0001917046979,1.618097507e-06,0.2110045134
2455.0,4.399441322e-05,6.835483779e-07,0.0002794518231,4.421877855e-06,3.850322332e-05,6.322622183e-07,0.0003576561511,1.504036872e-05,8.836366336e-05,4.294534006e-07,8.241470914e-05,5.68505768e-07,0.0001944676218,1.970432703e-06,0.2110064838
2456.0,4.343327172e-05,6.70675699e-07,0.0002800115668,4.438803229e-06,3.817007496e-05,6.253125103e-07,0.000356991202,1.524119225e-05,8.737824744e-05,4.239583361e-07,8.169131869e-05,5.633447251e-07,0.000197064932,2.221023084e-06,0.2110087048
2457.0,4.284895786e-05,6.583581068e-07,0.0002806116964,4.458301018e-06,3.78258252e-05,6.184192841e-07,0.0003577481056,1.545477251e-05,8.633680032e-05,4.181200824e-07,8.093151238e-05,5.573440316e-07,0.0001998271973,2.32689736e-06,0.2110110317
2458.0,4.234231945e-05,6.4686862e-07,0.0002813890343,4.479642489e-06,3.749483543e-05,6.116061604e-07,0.0003608519524,1.569890882e-05,8.52299567e-05,4.119177875e-07,8.010728324e-05,5.511053644e-07,0.0002029853099,2.045941106e-06,0.2110130777
2459.0,4.187653743e-05,6.362004205e-07,0.0002823274753,4.504198172e-06,3.718691548e-05,6.049984042e-07,0.0003603848056,1.587133362e-05,8.406773786e-05,4.053606424e-07,7.922230182e-05,5.446169424e-07,0.0002052144751,2.526442853e-06,0.2110156041
2460.0,4.142352306e-05,6.263756355e-07,0.0002832241733,4.529904369e-06,3.686716871e-05,5.986140577e-07,0.0003625176116,1.608350963e-05,8.285079762e-05,3.984876944e-07,7.830440516e-05,5.373710491e-07,0.0002079598322,2.546707645e-06,0.2110181508
2461.0,4.108449409e-05,6.177013858e-07,0.0002842946444,4.558827762e-06,3.656360358e-05,5.924782551e-07,0.0003629723321,1.627444545e-05,8.157878854e-05,3.913032393e-07,7.733227873e-05,5.298772627e-07,0.000210429695,2.441631999e-06,0.2110205925
2462.0,4.07591219e-05,6.099943608e-07,0.0002854423623,4.590591014e-06,3.626020931e-05,5.866883838e-07,0.0003639404595,1.646191188e-05,8.025945087e-05,3.838230089e-07,7.630452917e-05,5.221194204e-07,0.0002128544857,2.197566236e-06,0.21102279
2463.0,4.051373586e-05,6.034409563e-07,0.0002868242509,4.626472006e-06,3.597450104e-05,5.812183453e-07,0.0003660879275,1.670437123e-05,7.889399939e-05,3.761047829e-07,7.524115729e-05,5.136437833e-07,0.0002159914903,2.285157959e-06,0.2110250752
2464.0,4.034238414e-05,5.98249182e-07,0.0002886178932,4.668397773e-06,3.573018211e-05,5.76257772e-07,0.0003669224441,1.69086953e-05,7.74848829e-05,3.680780428e-07,7.412028189e-05,5.051131401e-07,0.0002186330347,2.016976021e-06,0.2110270922
2465.0,4.017215878e-05,5.939884682e-07,0.0002905720707,4.716558989e-06,3.549222481e-05,5.719548638e-07,0.0003685066108,1.715581689e-05,7.602197573e-05,3.597851312e-07,7.296684568e-05,4.958680095e-07,0.0002218306332,1.898616756e-06,0.2110289908
2466.0,4.010843263e-05,5.908461185e-07,0.0002927707967,4.771825181e-06,3.527901671e-05,5.682337511e-07,0.0003694824092,1.739585264e-05,7.452142817e-05,3.512085189e-07,7.176169347e-05,4.865719505e-07,0.0002249358648,1.747036926e-06,0.2110307378
2467.0,4.009204128e-05,5.890707676e-07,0.0002953475472,4.831198241e-06,3.509123446e-05,5.652045507e-07,0.0003716448659,1.764078378e-05,7.298632602e-05,3.423011502e-07,7.052775563e-05,4.766635933e-07,0.0002281037629,1.50426623e-06,0.2110322421
2468.0,4.019259459e-05,5.887069958e-07,0.0002982210917,4.890941573e-06,3.493899027e-05,5.628888724e-07,0.0003748368293,1.793621213e-05,7.141668612e-05,3.332726138e-07,6.924685708e-05,4.6668458e-07,0.0002319262579,1.645689928e-06,0.2110338878
2469.0,4.03816808e-05,5.894484095e-07,0.0003013487506,4.95057013e-06,3.482048046e-05,5.614957664e-07,0.0003763143135,1.818708476e-05,6.980331372e-05,3.240316729e-07,6.794607555e-05,4.560941317e-07,0.0002351707054,1.48803747e-06,0.2110353758
2470.0,4.058948511e-05,5.913860529e-07,0.0003045586098,5.009562581e-06,3.473773222e-05,5.608715396e-07,0.0003797609706,1.847425126e-05,6.815847868e-05,3.145953806e-07,6.659888973e-05,4.454001739e-07,0.0002388868458,1.511081207e-06,0.2110368869
2471.0,4.092513531e-05,5.944320357e-07,0.0003079621858,5.067816145e-06,3.469383719e-05,5.609783729e-07,0.0003817973488,1.875596917e-05,6.647982231e-05,3.050218199e-07,6.523434035e-05,4.342395779e-07,0.0002425312284,1.520836202e-06,0.2110384077
2472.0,4.127455846e-05,5.987087166e-07,0.0003114675061,5.126128721e-06,3.468818412e-05,5.621045015e-07,0.0003842512233,1.903602286e-05,6.478180513e-05,2.953041223e-07,6.383443669e-05,4.229796348e-07,0.0002461542088,1.414437161e-06,0.2110398222
2473.0,4.17145676e-05,6.040412248e-07,0.0003150079167,5.184475298e-06,3.473463187e-05,5.643007125e-07,0.0003899512716,1.936517884e-05,6.306546399e-05,2.854274913e-07,6.241261964e-05,4.114032039e-07,0.0002504130883,1.700460485e-06,0.2110415226
2474.0,4.222203667e-05,6.10537209e-07,0.0003186389474,5.241737412e-06,3.484841458e-05,5.675225226e-07,0.0003919319371,7.011314359e-06,6.127475528e-05,2.749186162e-07,6.091672106e-05,3.989457132e-07,9.066412972e-05,1.261019388e-06,0.2110427836
2475.0,4.320617734e-05,6.244569353e-07,0.000327017855,5.385516073e-06,3.486580472e-05,5.675250358e-07,0.0003949932314,1.911673751e-05,5.961655654e-05,2.651600007e-07,5.953156358e-05,3.876071229e-07,0.0002472036001,1.41602642e-06,0.2110441997
2476.0,4.355589836e-05,6.2931164e-07,0.0003285789739,5.402506234e-06,3.513726141e-05,5.748936031e-07,0.0003993271483,1.956178603e-05,5.790519992e-05,2.549960945e-07,5.808420963e-05,3.754890966e-07,0.0002529603481,1.327780949e-06,0.2110455274
2477.0,4.402062231e-05,6.363193662e-07,0.0003304119454,5.423136565e-06,3.550685157e-05,5.8353843e-07,0.0004035540086,2.01064213e-05,5.619338912e-05,2.448633243e-07,5.663516063e-05,3.633032135e-07,0.000260004571,1.111076437e-06,0.2110466385
2478.0,4.458883343e-05,6.444847932e-07,0.000332372451,5.446940856e-06,3.59116098e-05,5.930180884e-07,0.0004101318907,7.341566547e-06,5.445588555e-05,2.342288007e-07,5.514543369e-05,3.505034311e-07,9.493783257e-05,9.906732319e-07,0.2110476292
2479.0,4.573242191e-05,6.602959794e-07,0.0003392814319,5.56234222e-06,3.621631182e-05,5.984633141e-07,0.000412115248,2.028973326e-05,5.28663985e-05,2.245283744e-07,5.378241964e-05,3.38769948e-07,0.000262377274,9.053611342e-07,0.2110485346
2480.0,4.613096011e-05,6.669089458e-07,0.0003400817738,5.569153207e-06,3.675945862e-05,6.101903233e-07,0.0004182131978,2.086915614e-05,5.127597139e-05,2.147412773e-07,5.240661562e-05,3.265336875e-07,0.0002698727905,8.052016775e-07,0.2110493398
2481.0,4.673423804e-05,6.757725606e-07,0.000341632089,5.587870669e-06,3.736445883e-05,6.222065457e-07,0.0004223448061,7.558032203e-06,4.96882477e-05,2.049769404e-07,5.103651504e-05,3.137354863e-07,9.773846557e-05,5.694913378e-07,0.2110499092
2482.0,4.78304738e-05,6.918051303e-07,0.0003482057734,5.698630841e-06,3.780673623e-05,6.29234852e-07,0.0004259434982,2.105610306e-05,4.831296378e-05,1.964196655e-07,4.97999319e-05,3.022387014e-07,0.0002722929872,3.097104553e-07,0.211050219
2483.0,4.828011058e-05,6.989154621e-07,0.0003490167532,5.700757863e-06,3.849004563e-05,6.425702132e-07,0.0004327392948,7.579681362e-06,4.698290414e-05,1.876830038e-07,4.852438153e-05,2.901160209e-07,9.802000035e-05,2.499568659e-07,0.2110504689
2484.0,4.932287512e-05,7.14216759e-07,0.0003548112703,5.794696473e-06,3.904226102e-05,6.514607344e-07,0.0004352979537,2.135637964e-05,4.584520602e-05,1.80429075e-07,4.741551655e-05,2.793650511e-07,0.0002761797791,3.989120225e-08,0.2110505088
2485.0,4.969506007e-05,7.208251654e-07,0.0003549804574,5.784975041e-06,3.981588995e-05,6.665078195e-07,0.0004428888788,2.20683661e-05,4.478938305e-05,1.738832391e-07,4.633619651e-05,2.687696372e-07,0.0002853909152,-3.732438636e-08,0.2110504715
2486.0,5.026728181e-05,7.297648956e-07,0.0003558913418,5.7883205e-06,4.060266504e-05,6.814333471e-07,0.000447779368,7.907503488e-06,4.383286097e-05,1.679044065e-07,4.529377426e-05,2.586620056e-07,0.000102261983,-9.396778974e-08,0.2110503775
2487.0,5.129046337e-05,7.454254019e-07,0.0003616421466,5.885360807e-06,4.115928321e-05,6.901590591e-07,0.0004508259419,2.235570772e-05,4.311863091e-05,1.636104628e-07,4.445909673e-05,2.504432738e-07,0.0002891126532,-3.394733874e-07,0.211050038
2488.0,5.172363788e-05,7.527903639e-07,0.0003620725962,5.880469696e-06,4.195651837e-05,7.043930637e-07,0.0004579757367,7.942716171e-06,4.246658193e-05,1.597306429e-07,4.365467556e-05,2.42150462e-07,0.0001027197788,-2.099025088e-07,0.2110498281
2489.0,5.271460326e-05,7.676745443e-07,0.0003675548164,5.968461214e-06,4.255253991e-05,7.12963414e-07,0.0004596195206,2.260830373e-05,4.20557081e-05,1.574681075e-07,4.303502181e-05,2.357536321e-07,0.0002923844869,-3.531787989e-07,0.211049475
2490.0,5.306297086e-05,7.746185592e-07,0.0003675888277,5.954549444e-06,4.333903572e-05,7.267976951e-07,0.0004657904553,8.008793302e-06,4.169150994e-05,1.553793836e-07,4.244500923e-05,2.294821796e-07,0.0001035763837,-3.382823482e-07,0.2110491367
2491.0,5.39881954e-05,7.886914711e-07,0.0003723018602,6.02889843e-06,4.390762088e-05,7.351021039e-07,0.0004687605678,2.29720024e-05,4.158969169e-05,1.548516945e-07,4.206676271e-05,2.254666449e-07,0.0002970954931,-3.600073385e-07,0.2110487767
2492.0,5.433855091e-05,7.955579417e-07,0.0003720083045,6.007158367e-06,4.465873969e-05,7.482771078e-07,0.0004743220162,2.368859929e-05,4.161057348e-05,1.549896273e-07,4.176203791e-05,2.223732247e-07,0.0003063658117,-5.40873955e-07,0.2110482358
2493.0,5.482868106e-05,8.044381681e-07,0.0003724303043,5.998721843e-06,4.535393298e-05,7.604156987e-07,0.0004816454974,8.374050049e-06,4.175233258e-05,1.557707426e-07,4.158788653e-05,2.199303055e-07,0.000108303278,-3.544131741e-07,0.2110478814
2494.0,5.577203817e-05,8.188809875e-07,0.0003773147559,6.076726218e-06,4.579382707e-05,7.658614321e-07,0.0004827989438,2.384645317e-05,4.215764879e-05,1.589208264e-07,4.162747084e-05,2.197261638e-07,0.0003084100218,-4.458908604e-07,0.2110474355
2495.0,5.612989001e-05,8.263003431e-07,0.0003772433231,6.056847018e-06,4.6417556e-05,7.764036554e-07,0.0004883208839,2.441603659e-05,4.278925606e-05,1.634871888e-07,4.175575072e-05,2.201659854e-07,0.0003157793487,-4.383938015e-07,0.2110469971
2496.0,5.662596922e-05,8.353546846e-07,0.0003778197749,6.048610484e-06,4.698201614e-05,7.859311378e-07,0.000492818755,8.515592621e-06,4.360975213e-05,1.690050947e-07,4.196470102e-05,2.215440429e-07,0.0001101347638,-4.924877352e-07,0.2110465046
2497.0,5.746648614e-05,8.488947794e-07,0.0003825141063,6.123804975e-06,4.728193317e-05,7.889475129e-07,0.0004938852948,2.422911241e-05,4.477692221e-05,1.765699632e-07,4.243983335e-05,2.264690488e-07,0.0003133619018,-6.595114729e-07,0.2110458451
2498.0,5.781019277e-05,8.558810543e-07,0.0003823039082,6.100425885e-06,4.779621641e-05,7.975211244e-07,0.0004998928812,2.471249136e-05,4.611007785e-05,1.844036471e-07,4.309175473e-05,2.324145415e-07,0.000319614887,-4.813469639e-07,0.2110453638
2499.0,5.823203835e-05,8.641986948e-07,0.0003825738246,6.086644561e-06,4.827330835e-05,8.053518943e-07,0.000502804041,2.511264067e-05,4.756557516e-05,1.927427761e-07,4.392267233e-05,2.3960655e-07,0.000324788218,-7.085828366e-07,0.2110446552
2500.0,5.863039058e-05,8.727908164e-07,0.000382996239,6.078319334e-06,4.867148584e-05,8.119283081e-07,0.0005086432466,8.604544528e-06,4.898904684e-05,2.009860231e-07,4.482157016e-05,2.4739668e-07,0.0001112850053,-8.398251422e-07,0.2110438153
2501.0,5.941610549e-05,8.850135593e-07,0.0003872343769,6.147616074e-06,4.884324221e-05,8.124690416e-07,0.0005077998198,2.456053361e-05,5.062958903e-05,2.10656412e-07,4.595697436e-05,2.571889831e-07,0.0003176474568,-8.040103887e-07,0.2110430113
2502.0,5.96635804e-05,8.915767408e-07,0.0003867537242,6.118687605e-06,4.921802326e-05,8.185874341e-07,0.0005119516437,2.48766286e-05,5.227225032e-05,2.201700549e-07,4.715622555e-05,2.669389459e-07,0.0003217351015,-1.070920764e-06,0.2110419404
2503.0,5.999453234e-05,8.991996172e-07,0.0003865617286,6.09671225e-06,4.956162262e-05,8.242068309e-07,0.0005183397371,2.52624468e-05,5.390272171e-05,2.298670408e-07,4.84310278e-05,2.77219072e-07,0.0003267254056,-9.150097207e-07,0.2110410254
2504.0,6.034117954e-05,9.070726249e-07,0.0003864642231,6.077801522e-06,4.985229093e-05,8.288036673e-07,0.0005206097909,2.549267206e-05,5.557601959e-05,2.396949188e-07,4.973533645e-05,2.878927132e-07,0.0003297002466,-1.186860152e-06,0.2110398385
2505.0,6.063623863e-05,9.149622853e-07,0.0003863640512,6.061938707e-06,5.007381419e-05,8.322584436e-07,0.0005245724208,2.5643904e-05,5.726476162e-05,2.495661229e-07,5.105256478e-05,2.988880145e-07,0.0003316565962,-1.227261188e-06,0.2110386113
2506.0,6.097434877e-05,9.22783218e-07,0.0003864068138,6.048851623e-06,5.02552387e-05,8.347108026e-07,0.0005261669616,2.566210733e-05,5.895862762e-05,2.594256482e-07,5.238716194e-05,3.101176419e-07,0.0003318909151,-1.352233321e-06,0.211037259
2507.0,6.125160324e-05,9.303107967e-07,0.0003864915817,6.036975683e-06,5.039786097e-05,8.362634866e-07,0.0005276411118,2.559419741e-05,6.062981414e-05,2.692528998e-07,5.374056012e-05,3.215351686e-07,0.0003310111434,-1.611756591e-06,0.2110356473
2508.0,6.152113432e-05,9.373918012e-07,0.0003865089055,6.024881436e-06,5.050556431e-05,8.371058096e-07,0.0005300437208,2.553783139e-05,6.227621864e-05,2.790275539e-07,5.510842735e-05,3.330317747e-07,0.0003302823693,-1.470260039e-06,0.211034177
2509.0,6.177213529e-05,9.440929963e-07,0.0003864968736,6.011360192e-06,5.059321785e-05,8.374997175e-07,0.0005307492761,2.540447638e-05,6.389830614e-05,2.886988426e-07,5.648114007e-05,3.446056993e-07,0.0003285542104,-1.729318901e-06,0.2110324477
2510.0,6.193889722e-05,9.503790451e-07,0.000386226874,5.994590749e-06,5.063795225e-05,8.374844661e-07,0.0005318366192,2.530857871e-05,6.550393267e-05,2.982769816e-07,5.786436518e-05,3.559232202e-07,0.0003273141256,-1.787072814e-06,0.2110306606
2511.0,6.211637411e-05,9.563859646e-07,0.000385702034,5.974111002e-06,5.065964328e-05,8.371993084e-07,0.0005319866684,2.519742345e-05,6.708606401e-05,3.077576154e-07,5.924658631e-05,3.675789973e-07,0.0003258750175,-1.894983214e-06,0.2110287657
2512.0,6.223954337e-05,9.620981918e-07,0.0003849653497,5.950118567e-06,5.066073547e-05,8.367424685e-07,0.0005333727744,2.505747427e-05,6.8636513e-05,3.17097832e-07,6.061397622e-05,3.789646647e-07,0.0003240626135,-2.137051749e-06,0.2110266286
2513.0,6.235849145e-05,9.675528519e-07,0.0003839627576,5.922341068e-06,5.064759787e-05,8.36078466e-07,0.0005355732139,2.495536876e-05,7.015371144e-05,3.263128009e-07,6.197977334e-05,3.899366462e-07,0.0003227417165,-1.975318202e-06,0.2110246533
2514.0,6.245403535e-05,9.728415636e-07,0.000382742709,5.891237497e-06,5.06183328e-05,8.351777507e-07,0.0005355680312,2.476875388e-05,7.164344333e-05,3.35316371e-07,6.331818406e-05,4.013125531e-07,0.0003203246026,-2.195215481e-06,0.2110224581
2515.0,6.247727635e-05,9.778052373e-07,0.0003812786375,5.856593949e-06,5.05577741e-05,8.340110664e-07,0.000536776825,2.460500663e-05,7.310238154e-05,3.441412198e-07,6.465391035e-05,4.119739746e-07,0.0003182060412,-2.20855445e-06,0.2110202495
2516.0,6.252582353e-05,9.826389696e-07,0.0003796085841,5.818992889e-06,5.048305412e-05,8.324484916e-07,0.0005358553875,2.440650486e-05,7.452849092e-05,3.527930515e-07,6.59595596e-05,4.230093105e-07,0.0003156362202,-2.259718118e-06,0.2110179898
2517.0,6.249165002e-05,9.872464015e-07,0.0003776613311,5.778216418e-06,5.037429183e-05,8.304898553e-07,0.00053471507,2.417907417e-05,7.592502733e-05,3.612060027e-07,6.725105863e-05,4.332767753e-07,0.0003126919332,-2.023481939e-06,0.2110159663
2518.0,6.246411267e-05,9.916124594e-07,0.0003756183949,5.735319407e-06,5.024930959e-05,8.281115207e-07,0.0005360619071,2.393849369e-05,7.72889131e-05,3.693677559e-07,6.849385575e-05,4.438763798e-07,0.0003095788854,-2.078207055e-06,0.2110138881
2519.0,6.241737289e-05,9.956127611e-07,0.0003735041601,5.690346152e-06,5.010543663e-05,8.253135871e-07,0.0005331311396,2.363676126e-05,7.860372411e-05,3.772961544e-07,6.97211209e-05,4.536402613e-07,0.0003056723953,-1.828002203e-06,0.2110120601
2520.0,6.227876358e-05,9.99149774e-07,0.0003710605725,5.643342464e-06,4.991883819e-05,8.21997207e-07,0.0005321019803,2.333399923e-05,7.987880138e-05,3.850010493e-07,7.089845006e-05,4.63737977e-07,0.000301756254,-1.671533044e-06,0.2110103886
2521.0,6.217316751e-05,1.002157649e-06,0.000368478106,5.595286323e-06,4.971198102e-05,8.183249677e-07,0.0005292849262,2.298809889e-05,8.111122962e-05,3.924309484e-07,7.20590131e-05,4.729753377e-07,0.0002972800629,-1.558186237e-06,0.2110088304
2522.0,6.199002985e-05,1.004639827e-06,0.0003656994927,5.545550484e-06,4.947399027e-05,8.142420073e-07,0.0005258534165,2.2593675e-05,8.229278353e-05,3.995925752e-07,7.316936888e-05,4.826494227e-07,0.0002921764103,-1.592445177e-06,0.2110072379
2523.0,6.181238165e-05,1.006490812e-06,0.0003627558841,5.49312338e-06,4.921294277e-05,8.098659114e-07,0.0005241813901,2.220940739e-05,8.341817397e-05,4.064361543e-07,7.426584447e-05,4.914177939e-07,0.0002872060414,-1.453211959e-06,0.2110057847
2524.0,6.163195079e-05,1.007697686e-06,0.0003597253113,5.43843259e-06,4.894640814e-05,8.052310683e-07,0.0005193157247,2.174827433e-05,8.45100098e-05,4.130169224e-07,7.531332938e-05,5.001972441e-07,0.0002812386604,-1.418419464e-06,0.2110043663
2525.0,6.138392578e-05,1.008131049e-06,0.0003564344764,5.382062378e-06,4.865191702e-05,8.00399738e-07,0.0005157862805,2.127322108e-05,8.555779257e-05,4.192947964e-07,7.631437265e-05,5.090094717e-07,0.0002750939432,-1.54971672e-06,0.2110028166
2526.0,6.116687218e-05,1.007805753e-06,0.0003529243682,5.324322796e-06,4.834736355e-05,7.953815321e-07,0.0005097153557,2.077095611e-05,8.656274824e-05,4.252578242e-07,7.728947057e-05,5.168165322e-07,0.0002685960772,-1.646489389e-06,0.2110011701
2527.0,6.08982122e-05,1.006691615e-06,0.0003492478467,5.264898372e-06,4.802490066e-05,7.903414121e-07,0.0005049465079,2.023640968e-05,8.751004832e-05,4.308865917e-07,7.821592004e-05,5.246206976e-07,0.0002616804029,-1.89558433e-06,0.2109992745
2528.0,6.063669414e-05,1.004733885e-06,0.0003454496273,5.203216323e-06,4.76964528e-05,7.853881999e-07,0.0005002430806,1.973381348e-05,8.841278637e-05,4.362266127e-07,7.909354563e-05,5.324808545e-07,0.0002551796132,-1.821479907e-06,0.210997453
2529.0,6.036240966e-05,1.001975546e-06,0.0003415666549,5.140583404e-06,4.736815182e-05,7.805669965e-07,0.0004933297829,1.917695841e-05,8.925667835e-05,4.412237294e-07,7.993704815e-05,5.393167482e-07,0.000247975015,-1.903981522e-06,0.2109955491
2530.0,6.002046721e-05,9.982731183e-07,0.0003375583985,5.077291678e-06,4.703249607e-05,7.758925252e-07,0.0004884394075,1.864128955e-05,9.004736241e-05,4.458943473e-07,8.072429492e-05,5.461729497e-07,0.0002410466444,-1.932797457e-06,0.2109936163
2531.0,5.969781245e-05,9.937462063e-07,0.0003335058576,5.014208401e-06,4.669351568e-05,7.714696133e-07,0.0004806204756,1.80964143e-05,9.078212935e-05,4.502471607e-07,8.146309922e-05,5.526572207e-07,0.0002339984671,-1.997752682e-06,0.2109916185
2532.0,5.929111218e-05,9.883331344e-07,0.0003293084947,4.951221537e-06,4.634411931e-05,7.671961497e-07,0.00047380485,1.755287941e-05,9.145987685e-05,4.542714587e-07,8.21435688e-05,5.590977274e-07,0.0002269674127,-2.10973584e-06,0.2109895088
2533.0,5.888024875e-05,9.82038778e-07,0.0003250882004,4.888367855e-06,4.600860196e-05,7.63065102e-07,0.0004683597213,1.705882887e-05,9.208590382e-05,4.579258624e-07,8.278970746e-05,5.644383148e-07,0.0002205776444,-2.034359491e-06,0.2109874744
2534.0,5.846213492e-05,9.749306256e-07,0.0003208996372,4.826531529e-06,4.568652271e-05,7.590291438e-07,0.0004598568544,1.654571334e-05,9.265673853e-05,4.612114245e-07,8.337979988e-05,5.697288605e-07,0.0002139394783,-1.974777327e-06,0.2109854996
2535.0,5.795292404e-05,9.66864613e-07,0.0003166404183,4.766056465e-06,4.535516427e-05,7.549578082e-07,0.0004525922574,1.606173418e-05,9.316143213e-05,4.640810323e-07,8.392261333e-05,5.74640995e-07,0.0002076808406,-2.117874291e-06,0.2109833818
2536.0,5.746616081e-05,9.580556882e-07,0.0003124523235,4.707576275e-06,4.503498154e-05,7.508129353e-07,0.0004445943565,1.560800838e-05,9.361497696e-05,4.665910137e-07,8.441498198e-05,5.791120681e-07,0.0002018123179,-2.076786828e-06,0.210981305
2537.0,5.690367498e-05,9.484977981e-07,0.0003083155184,4.651218083e-06,4.471907125e-05,7.465669916e-07,0.0004356926217,1.517430871e-05,9.400009533e-05,4.686950291e-07,8.484707678e-05,5.835340393e-07,0.000196202995,-2.160201719e-06,0.2109791448
2538.0,5.632696315e-05,9.383367827e-07,0.0003042811685,4.59817895e-06,4.440824976e-05,7.422297696e-07,0.0004288105113,1.481806708e-05,9.43246922e-05,4.704162518e-07,8.524030392e-05,5.867800127e-07,0.0001915963982,-1.837207222e-06,0.2109773076
2539.0,5.574937662e-05,9.275298799e-07,0.0003005023236,4.548963101e-06,4.411883976e-05,7.376781454e-07,0.000419493109,1.444622054e-05,9.458638126e-05,4.717425204e-07,8.556739427e-05,5.899322289e-07,0.0001867862363,-1.843122146e-06,0.2109754644
2540.0,5.509539701e-05,9.159766305e-07,0.0002968435903,4.504358535e-06,4.381590421e-05,7.328895661e-07,0.0004113620676,1.419425316e-05,9.478097342e-05,4.7264449e-07,8.583926733e-05,5.926016977e-07,0.0001835285163,-9.596920699e-07,0.2109745048
2541.0,5.448023543e-05,9.038466666e-07,0.0002934286008,4.464594689e-06,4.351004443e-05,7.278548538e-07,0.0004029801446,1.395102733e-05,9.490897995e-05,4.731372948e-07,8.605991551e-05,5.947982136e-07,0.0001803830211,-4.232064224e-07,0.2109740815
2542.0,5.381839709e-05,8.911006693e-07,0.0002902930644,4.431484633e-06,4.320242694e-05,7.225714081e-07,0.0003956696076,1.3739381e-05,9.497059612e-05,4.731502878e-07,8.623378715e-05,5.965116035e-07,0.0001776456279,7.55073681e-08,0.2109741571
2543.0,5.317139527e-05,8.778150121e-07,0.0002875183715,4.403723262e-06,4.289477999e-05,7.169599997e-07,0.0003902754151,1.36163164e-05,9.497003904e-05,4.727870633e-07,8.635085933e-05,5.977207266e-07,0.0001760545538,9.496832495e-07,0.2109751067
2544.0,5.249995156e-05,8.639785659e-07,0.0002851974125,4.381032133e-06,4.259200819e-05,7.110874691e-07,0.00038239381,1.348455672e-05,9.491911047e-05,4.720775189e-07,8.640215646e-05,5.987866629e-07,0.0001743496288,1.448291256e-06,0.210976555
2545.0,5.176433312e-05,8.496475075e-07,0.0002831616585,4.361849895e-06,4.226721504e-05,7.049496387e-07,0.000378263384,1.341802867e-05,9.477207789e-05,4.707895915e-07,8.641552133e-05,5.985995153e-07,0.0001734898312,1.296867499e-06,0.2109778519
2546.0,5.105382436e-05,8.348063293e-07,0.0002815404269,4.346889226e-06,4.194182485e-05,6.986626728e-07,0.0003716955369,1.336428663e-05,9.456334163e-05,4.690743375e-07,8.635958782e-05,5.982846888e-07,0.0001727946778,1.396468391e-06,0.2109792484
2547.0,5.027776027e-05,8.195187246e-07,0.0002801402463,4.3347577e-06,4.16066763e-05,6.920751477e-07,0.000366905336,1.332783676e-05,9.428762273e-05,4.669260664e-07,8.624624288e-05,5.974606246e-07,0.0001723231113,1.307371079e-06,0.2109805557
2548.0,4.954742849e-05,8.040318801e-07,0.0002790946554,4.326107581e-06,4.12786155e-05,6.85257012e-07,0.0003648436207,1.33190055e-05,9.394260975e-05,4.643657082e-07,8.607183061e-05,5.961541387e-07,0.000172209398,1.537382145e-06,0.2109820931
2549.0,4.884554768e-05,7.884001718e-07,0.0002783346074,4.321243071e-06,4.094923648e-05,6.78345324e-07,0.0003598532371,1.334934412e-05,9.352319247e-05,4.613639394e-07,8.583455081e-05,5.94348865e-07,0.0001726007071,1.038881146e-06,0.210983132
2550.0,4.810582991e-05,7.726196318e-07,0.0002776872032,4.319046033e-06,4.059837231e-05,6.712258395e-07,0.0003584382884,1.344337989e-05,9.303535455e-05,4.579532555e-07,8.553340886e-05,5.923706787e-07,0.0001738174379,4.72615338e-07,0.2109836046
2551.0,4.743524897e-05,7.569769907e-07,0.0002773312298,4.319207078e-06,4.025771151e-05,6.639834564e-07,0.0003560532598,1.355737773e-05,9.24761037e-05,4.541181882e-07,8.518986147e-05,5.89158839e-07,0.0001752914257,-9.507940826e-08,0.2109835095
2552.0,4.673942301e-05,7.413898941e-07,0.0002772095571,4.322016698e-06,3.990730761e-05,6.565910778e-07,0.0003549413675,1.369096587e-05,9.184346916e-05,4.498897986e-07,8.477403336e-05,5.857767549e-07,0.0001770186313,-7.813849245e-07,0.2109827281
2553.0,4.606296522e-05,7.258933808e-07,0.0002772565088,4.326683244e-06,3.956176062e-05,6.490737759e-07,0.0003553942726,1.389797501e-05,9.114990809e-05,4.452995458e-07,8.430452376e-05,5.818707058e-07,0.0001796962242,-1.053075503e-06,0.2109816751
2554.0,4.542098015e-05,7.107039288e-07,0.0002775250799,4.333236105e-06,3.922458119e-05,6.415775854e-07,0.0003547824272,1.408791287e-05,9.038417233e-05,4.403116261e-07,8.377709219e-05,5.774601373e-07,0.0001821511824,-1.562181104e-06,0.2109801129
2555.0,4.473582265e-05,6.956723924e-07,0.000277844533,4.341654173e-06,3.887697024e-05,6.340910143e-07,0.0003552071517,1.434757011e-05,8.955144104e-05,4.349654206e-07,8.318569372e-05,5.728347263e-07,0.0001855097927,-1.455202145e-06,0.2109786577
2556.0,4.410728067e-05,6.811475176e-07,0.0002782371425,4.352368729e-06,3.852903913e-05,6.267416878e-07,0.0003549535064,1.458264022e-05,8.865047626e-05,4.292562067e-07,8.254964885e-05,5.671519754e-07,0.0001885498466,-8.382579308e-07,0.2109778194
2557.0,4.349978159e-05,6.674564699e-07,0.0002787376921,4.366145978e-06,3.818238832e-05,6.194574838e-07,0.0003557841867,1.481209468e-05,8.768477525e-05,4.231974779e-07,8.184449915e-05,5.613311497e-07,0.0001915168181,-3.233874271e-07,0.210977496
2558.0,4.298811943e-05,6.547218228e-07,0.0002793339468,4.382596878e-06,3.784133586e-05,6.122587864e-07,0.0003575574015,1.507104199e-05,8.66588733e-05,4.167793923e-07,8.109340993e-05,5.550726221e-07,0.0001948663426,6.32623651e-07,0.2109781287
2559.0,4.252115431e-05,6.426831668e-07,0.0002800687227,4.401556357e-06,3.751010332e-05,6.053025376e-07,0.000357799288,1.53330845e-05,8.557894745e-05,4.100813466e-07,8.028390581e-05,5.486484008e-07,0.0001982541317,1.55111668e-06,0.2109796798
2560.0,4.204128746e-05,6.314243458e-07,0.0002808692039,4.421894315e-06,3.718423148e-05,5.986660317e-07,0.0003600476326,1.562521652e-05,8.443183251e-05,4.03038116e-07,7.943226759e-05,5.41203922e-07,0.0002020329759,2.480932058e-06,0.2109821607
2561.0,4.164116767e-05,6.209941433e-07,0.0002817582312,4.444570089e-06,3.687285118e-05,5.922176599e-07,0.0003606410054,1.591761379e-05,8.323555369e-05,3.956586837e-07,7.852099559e-05,5.336583684e-07,0.0002058144182,3.209045632e-06,0.2109853698
2562.0,4.121910578e-05,6.113517961e-07,0.0002827006238,4.470444182e-06,3.655982072e-05,5.859322978e-07,0.0003611932562,1.61614424e-05,8.197704647e-05,3.879823853e-07,7.75561706e-05,5.260090783e-07,0.0002089680177,3.126175559e-06,0.2109884959
2563.0,4.084360333e-05,6.027608575e-07,0.0002838028256,4.500789432e-06,3.625943603e-05,5.800025486e-07,0.0003644127907,1.643654131e-05,8.06722977e-05,3.800056146e-07,7.65595299e-05,5.174318664e-07,0.0002125269235,3.68129653e-06,0.2109921772
2564.0,4.053093673e-05,5.951275829e-07,0.0002851124107,4.536724851e-06,3.597570043e-05,5.745501612e-07,0.000363858893,1.666145082e-05,7.931694912e-05,3.717579686e-07,7.550296399e-05,5.087550011e-07,0.0002154350611,3.626958407e-06,0.2109958042
2565.0,4.023292211e-05,5.887792559e-07,0.0002866375321,4.578731959e-06,3.569815944e-05,5.695048173e-07,0.0003657702398,1.688693345e-05,7.792106008e-05,3.632264005e-07,7.439659186e-05,4.999001573e-07,0.000218352806,3.437505136e-06,0.2109992417
2566.0,4.009129037e-05,5.841773622e-07,0.0002884857447,4.626762935e-06,3.54546815e-05,5.650260104e-07,0.0003665969745,1.709257575e-05,7.647207333e-05,3.544241967e-07,7.325537652e-05,4.902274107e-07,0.0002210128473,2.976476312e-06,0.2110022182
2567.0,3.998538085e-05,5.809716844e-07,0.0002905301503,4.682203711e-06,3.522621035e-05,5.612359953e-07,0.0003674021403,1.7292985e-05,7.498077112e-05,3.453752007e-07,7.206000983e-05,4.805781716e-07,0.0002236052872,2.207772848e-06,0.2110044259
2568.0,3.996430384e-05,5.789648387e-07,0.0002929116671,4.742050126e-06,3.502525604e-05,5.579978863e-07,0.0003708257689,1.75481999e-05,7.345334785e-05,3.360703264e-07,7.083835581e-05,4.701808836e-07,0.0002269074625,1.731111268e-06,0.2110061571
2569.0,4.004408581e-05,5.784622117e-07,0.0002956790767,4.802479345e-06,3.487081701e-05,5.55547216e-07,0.0003718542095,1.781034122e-05,7.189063367e-05,3.266481308e-07,6.956603075e-05,4.598517156e-07,0.0002302970116,8.514822999e-07,0.2110070085
2570.0,4.014912539e-05,5.790803958e-07,0.0002986154919,4.86242848e-06,3.472530053e-05,5.539012977e-07,0.0003750976671,1.814567073e-05,7.028762928e-05,3.170472527e-07,6.82731671e-05,4.488209353e-07,0.0002346356067,2.282588749e-07,0.2110072368
2571.0,4.035500222e-05,5.810311529e-07,0.0003017062375,4.922406092e-06,3.462303974e-05,5.529531601e-07,0.0003764049719,1.846298181e-05,6.865010083e-05,3.072631956e-07,6.693407179e-05,4.378728727e-07,0.0002387404371,-3.245377711e-07,0.2110069123
2572.0,4.058513324e-05,5.842694282e-07,0.0003049312115,4.982364608e-06,3.454885e-05,5.528462087e-07,0.000379761546,1.87947331e-05,6.697582494e-05,2.973609979e-07,6.55754232e-05,4.26303788e-07,0.0002430313469,-8.113504919e-07,0.2110061009
2573.0,4.091292654e-05,5.886915565e-07,0.0003083768671,5.042253596e-06,3.452387442e-05,5.536966141e-07,0.0003836438342,1.910271773e-05,6.527873633e-05,2.873305743e-07,6.418000645e-05,4.148387185e-07,0.0002470163134,-7.241607013e-07,0.2110053768
2574.0,4.131394e-05,5.944175402e-07,0.0003118830071,5.101967491e-06,3.454847682e-05,5.555904739e-07,0.0003856887019,7.224511326e-06,6.349003287e-05,2.767329838e-07,6.270333216e-05,4.024425264e-07,9.34199503e-05,1.268241864e-08,0.2110053894
2575.0,4.224675209e-05,6.080419175e-07,0.0003199813769,5.24585675e-06,3.450571744e-05,5.547977602e-07,0.0003887834626,1.884472507e-05,6.182819141e-05,2.668753816e-07,6.132876072e-05,3.907643147e-07,0.0002436831161,-2.88330943e-07,0.2110051011
2576.0,4.2537676e-05,6.125185957e-07,0.0003216361168,5.268362914e-06,3.466801697e-05,5.604408996e-07,0.0003917873663,1.924924953e-05,6.010357883e-05,2.566365931e-07,5.987329721e-05,3.787378835e-07,0.0002489156134,1.600586535e-07,0.2110052612
2577.0,4.294632713e-05,6.19315243e-07,0.0003235379,5.294100837e-06,3.492901655e-05,5.674254873e-07,0.0003962188852,1.977451295e-05,5.838259068e-05,2.463992422e-07,5.842545544e-05,3.664867464e-07,0.000255709404,6.150396963e-07,0.2110058762
2578.0,4.347421048e-05,6.272170705e-07,0.0003256753961,5.322561986e-06,3.52427477e-05,5.75215135e-07,0.0004023515153,7.422326444e-06,5.659348181e-05,2.358624188e-07,5.692387171e-05,3.537040044e-07,9.598102842e-05,1.656667557e-06,0.2110075329
2579.0,4.456245807e-05,6.427055994e-07,0.000332646669,5.439483933e-06,3.547671095e-05,5.795119778e-07,0.0004037611627,1.991273327e-05,5.494827156e-05,2.261691287e-07,5.552746733e-05,3.420265914e-07,0.0002574994911,1.918906841e-06,0.2110094518
2580.0,4.491872695e-05,6.491152495e-07,0.0003335718747,5.448814713e-06,3.590481192e-05,5.90156215e-07,0.0004093653594,7.415008547e-06,5.323510641e-05,2.160620087e-07,5.404965693e-05,3.294798722e-07,9.588744653e-05,1.783882012e-06,0.2110112357
2581.0,4.592954369e-05,6.640051665e-07,0.0003394612819,5.54967838e-06,3.628175423e-05,5.973491902e-07,0.000412402156,2.018311821e-05,5.166251366e-05,2.069647906e-07,5.269676127e-05,3.180658055e-07,0.0002609999931,2.49735297e-06,0.211013733
2582.0,4.627457135e-05,6.701547048e-07,0.0003397954183,5.549436603e-06,3.687218274e-05,6.101994312e-07,0.0004173950001,7.485565217e-06,5.004521665e-05,1.975314064e-07,5.130589112e-05,3.059761332e-07,9.680073975e-05,1.858001267e-06,0.211015591
2583.0,4.72508106e-05,6.847622391e-07,0.0003451823924,5.639671364e-06,3.73654822e-05,6.190210229e-07,0.0004223237665,2.06923532e-05,4.860900098e-05,1.89305411e-07,5.004054983e-05,2.9496216e-07,0.0002675893748,2.343284866e-06,0.2110179343
2584.0,4.767272203e-05,6.914199084e-07,0.000345497861,5.633000289e-06,3.806693941e-05,6.331963434e-07,0.0004278838163,7.642459017e-06,4.721531565e-05,1.81192631e-07,4.874138814e-05,2.834198504e-07,9.883089712e-05,1.640086359e-06,0.2110195744
2585.0,4.864938284e-05,7.065118158e-07,0.0003507073966,5.718365647e-06,3.861888711e-05,6.430126919e-07,0.0004316501995,2.130547008e-05,4.603362818e-05,1.744854444e-07,4.758629998e-05,2.730973854e-07,0.00027552175,1.440053015e-06,0.2110210144
2586.0,4.90799433e-05,7.134973705e-07,0.0003507500763,5.708696299e-06,3.936524699e-05,6.580965377e-07,0.0004375999534,7.810609465e-06,4.486271694e-05,1.678332063e-07,4.644006366e-05,2.623860327e-07,0.0001010073784,1.416894566e-06,0.2110224313
2587.0,5.004204424e-05,7.284942893e-07,0.00035587957,5.793841057e-06,3.996012559e-05,6.682512911e-07,0.0004411803465,2.190395788e-05,4.392568996e-05,1.625664357e-07,4.544518205e-05,2.535571571e-07,0.0002832660269,4.56305289e-07,0.2110228876
2588.0,5.045937353e-05,7.354781604e-07,0.0003558871791,5.783445516e-06,4.075397587e-05,6.830862547e-07,0.0004489742632,7.966836667e-06,4.306450631e-05,1.576574407e-07,4.446273096e-05,2.447090441e-07,0.0001030300968,8.500541962e-07,0.2110237377
2589.0,5.142296503e-05,7.502966109e-07,0.0003611010107,5.870191647e-06,4.137036004e-05,6.924599856e-07,0.0004504232759,2.240607246e-05,4.242025221e-05,1.54296104e-07,4.369468183e-05,2.375132158e-07,0.0002897652744,2.407995526e-09,0.2110237401
2590.0,5.178149235e-05,7.572210629e-07,0.000361187591,5.859246344e-06,4.215744549e-05,7.065012511e-07,0.0004577094721,8.066192527e-06,4.186513639e-05,1.514538845e-07,4.295023543e-05,2.303512937e-07,0.0001043169903,5.460568452e-07,0.2110242862
2591.0,5.271999762e-05,7.716169056e-07,0.0003662235577,5.942009237e-06,4.274360875e-05,7.149619693e-07,0.0004593025887,2.280411782e-05,4.151754873e-05,1.502009034e-07,4.239137793e-05,2.250570183e-07,0.0002949201326,-2.65590652e-08,0.2110242596
2592.0,5.306915198e-05,7.786443631e-07,0.0003660850766,5.925608369e-06,4.34949941e-05,7.281223711e-07,0.0004651261841,8.116927759e-06,4.126382979e-05,1.492935333e-07,4.187499685e-05,2.200348022e-07,0.0001049752532,5.954030429e-07,0.211024855
2593.0,5.397979207e-05,7.927856e-07,0.0003707501544,6.0012149e-06,4.40433513e-05,7.35699208e-07,0.0004697503721,2.312639949e-05,4.125245128e-05,1.502138629e-07,4.156574989e-05,2.172921956e-07,0.0002990946502,4.873513985e-07,0.2110253423
2594.0,5.43678944e-05,7.996785685e-07,0.0003704810535,5.979822904e-06,4.476794681e-05,7.479350343e-07,0.0004739910514,8.127802645e-06,4.133378238e-05,1.516127621e-07,4.131558277e-05,2.150762938e-07,0.0001051173525,1.088648923e-06,0.211026431
2595.0,5.519121532e-05,8.131612359e-07,0.0003747164138,6.048312799e-06,4.525400653e-05,7.545570642e-07,0.0004772854434,2.340012728e-05,4.167420639e-05,1.558315959e-07,4.130490189e-05,2.150104786e-07,0.0003026384097,1.044693619e-06,0.2110274757
2596.0,5.555940571e-05,8.198708204e-07,0.0003742196726,6.020445807e-06,4.591509331e-05,7.657389693e-07,0.0004823509498,2.403090328e-05,4.219116811e-05,1.614161023e-07,4.137528604e-05,2.156727712e-07,0.0003107972335,1.311960278e-06,0.2110287877
2597.0,5.599382832e-05,8.283404395e-07,0.0003744260645,6.00649515e-06,4.651323455e-05,7.758581295e-07,0.000487597619,8.290626387e-06,4.291871213e-05,1.673608585e-07,4.153854245e-05,2.177363132e-07,0.0001072246995,1.684107047e-06,0.2110304718
2598.0,5.68438631e-05,8.418401231e-07,0.0003789756723,6.07973456e-06,4.684478147e-05,7.793287071e-07,0.0004900435986,2.396737936e-05,4.401798009e-05,1.749918886e-07,4.193342406e-05,2.231836598e-07,0.000309977978,1.92243795e-06,0.2110323942
2599.0,5.719951204e-05,8.487500225e-07,0.0003787087923,6.054743438e-06,4.73774039e-05,7.879508949e-07,0.0004942809415,2.441501625e-05,4.528043125e-05,1.827996326e-07,4.250707745e-05,2.29437493e-07,0.0003157653012,1.887225652e-06,0.2110342814
2600.0,5.758394943e-05,8.568189703e-07,0.0003789384082,6.042431058e-06,4.784892995e-05,7.956952032e-07,0.0004989917892,2.479968975e-05,4.668952116e-05,1.9119372e-07,4.328156351e-05,2.366419154e-07,0.0003207416805,1.967722449e-06,0.2110362491
2601.0,5.803221628e-05,8.651862256e-07,0.000379458728,6.037429588e-06,4.82482644e-05,8.020903881e-07,0.0005021909315,2.506850547e-05,4.81774382e-05,1.997676747e-07,4.418999769e-05,2.448101343e-07,0.0003242180248,1.917078406e-06,0.2110381662
2602.0,5.846593056e-05,8.736916652e-07,0.000380256176,6.038761943e-06,4.859026094e-05,8.071366493e-07,0.0005060157638,2.521668049e-05,4.972401331e-05,2.085337492e-07,4.521120529e-05,2.536981777e-07,0.0003261329046,1.66600033e-06,0.2110398322
2603.0,5.891501721e-05,8.821021747e-07,0.0003812948227,6.044236041e-06,4.88842539e-05,8.110699781e-07,0.0005100190951,2.524918765e-05,5.131604809e-05,2.175149881e-07,4.636059884e-05,2.629933523e-07,0.0003265541603,1.751431366e-06,0.2110415837
2604.0,5.935038118e-05,8.90351524e-07,0.0003824370439,6.050595992e-06,4.913964445e-05,8.14251636e-07,0.0005118343561,2.525486557e-05,5.291806145e-05,2.265958416e-07,4.760846842e-05,2.726800852e-07,0.0003266252728,1.427669361e-06,0.2110430113
2605.0,5.970956087e-05,8.981845967e-07,0.0003834246212,6.054874174e-06,4.935276752e-05,8.168369832e-07,0.0005153160617,2.521929645e-05,5.455498117e-05,2.356927904e-07,4.888655304e-05,2.826143028e-07,0.0003261658115,1.278861553e-06,0.2110442902
2606.0,6.009050161e-05,9.057688594e-07,0.000384240099,6.055048138e-06,4.95435233e-05,8.190931274e-07,0.0005169059525,2.516823525e-05,5.621030902e-05,2.448397934e-07,5.017796725e-05,2.92868217e-07,0.0003255040138,1.088123337e-06,0.2110453783
2607.0,6.038694017e-05,9.130671273e-07,0.0003847482713,6.050539444e-06,4.970700993e-05,8.211396185e-07,0.0005183727523,2.512530519e-05,5.787739414e-05,2.539940773e-07,5.148193979e-05,3.033345371e-07,0.0003249474519,7.681264629e-07,0.2110461464
2608.0,6.068120399e-05,9.201572598e-07,0.0003849991995,6.041284417e-06,4.985761992e-05,8.230651274e-07,0.0005224718468,2.505996992e-05,5.953506775e-05,2.631067136e-07,5.28117443e-05,3.139613476e-07,0.0003241024513,8.910176032e-07,0.2110470375
2609.0,6.096475382e-05,9.271191225e-07,0.0003850130256,6.026898056e-06,5.00068037e-05,8.2483708e-07,0.0005225638926,2.503277377e-05,6.116978553e-05,2.722896416e-07,5.415842255e-05,3.246912166e-07,0.0003237479049,3.623164126e-07,0.2110473998
2610.0,6.116324423e-05,9.337822938e-07,0.0003846152122,6.007485944e-06,5.01202787e-05,8.263255261e-07,0.0005251541436,2.504537061e-05,6.278997203e-05,2.814258121e-07,5.551538542e-05,3.354664579e-07,0.0003239109835,-7.104281926e-07,0.2110466893
2611.0,6.140907163e-05,9.404435545e-07,0.0003840732201,5.984041112e-06,5.0223604e-05,8.275897617e-07,0.0005263548618,2.502758728e-05,6.438951859e-05,2.904652423e-07,5.688079476e-05,3.463526221e-07,0.0003236793068,-1.460022589e-06,0.2110452293
2612.0,6.158524235e-05,9.468994443e-07,0.0003832679242,5.956917297e-06,5.029250939e-05,8.28475709e-07,0.0005268901469,2.501947746e-05,6.598384339e-05,2.994117513e-07,5.826072134e-05,3.570676586e-07,0.0003235726238,-2.473543098e-06,0.2110427558
2613.0,6.176577248e-05,9.530809403e-07,0.0003823565841,5.927106358e-06,5.033697803e-05,8.288990355e-07,0.00052986648,2.497472712e-05,6.754034468e-05,3.082500565e-07,5.963155078e-05,3.68065154e-07,0.0003229937566,-3.129607692e-06,0.2110396262
2614.0,6.194140866e-05,9.590375523e-07,0.0003813729074,5.894571669e-06,5.036821372e-05,8.288855736e-07,0.0005301450835,2.489701912e-05,6.906645645e-05,3.169957257e-07,6.098610573e-05,3.788015402e-07,0.0003219852987,-3.65202121e-06,0.2110359741
2615.0,6.201844251e-05,9.644501548e-07,0.0003801881062,5.860882158e-06,5.035166635e-05,8.283296987e-07,0.0005321282074,2.480268262e-05,7.055534175e-05,3.255692257e-07,6.233739637e-05,3.892788768e-07,0.0003207651224,-4.130085429e-06,0.2110318441
2616.0,6.210016241e-05,9.694737381e-07,0.0003788841591,5.826282255e-06,5.030348185e-05,8.27295169e-07,0.0005316832051,2.466204183e-05,7.201751098e-05,3.339477875e-07,6.365633673e-05,3.999512055e-07,0.0003189447587,-4.486394671e-06,0.2110273577
2617.0,6.210500401e-05,9.740256531e-07,0.0003774554704,5.790470805e-06,5.022398514e-05,8.25754568e-07,0.0005324018796,2.449560977e-05,7.34399622e-05,3.421403701e-07,6.497054486e-05,4.101138157e-07,0.0003167895347,-4.728761973e-06,0.2110226289
2618.0,6.209790945e-05,9.780650278e-07,0.0003758587413,5.752430418e-06,5.012277098e-05,8.237073924e-07,0.0005330199352,2.426524973e-05,7.482976873e-05,3.501395405e-07,6.624672448e-05,4.204919907e-07,0.0003138091913,-4.404281703e-06,0.2110182246
2619.0,6.206884148e-05,9.817104715e-07,0.0003741012412,5.712358689e-06,4.999788342e-05,8.213309605e-07,0.0005311856131,2.399970762e-05,7.618761054e-05,3.579046702e-07,6.750179385e-05,4.302974659e-07,0.0003103710218,-4.216330038e-06,0.2110140083
2620.0,6.199137987e-05,9.850438217e-07,0.0003721517459,5.669716706e-06,4.984185219e-05,8.185405802e-07,0.0005311643533,2.3656916e-05,7.750341919e-05,3.65472065e-07,6.871162243e-05,4.403235316e-07,0.0003059365714,-3.325863286e-06,0.2110106824
2621.0,6.19483909e-05,9.881372216e-07,0.0003700000916,5.624946218e-06,4.966422563e-05,8.154207763e-07,0.0005281298941,2.328345725e-05,7.877131459e-05,3.728257982e-07,6.990334666e-05,4.497026135e-07,0.0003011044646,-2.471298856e-06,0.2110082111
2622.0,6.182833165e-05,9.90719843e-07,0.0003675349027,5.578307599e-06,4.945784227e-05,8.120996552e-07,0.0005260750843,2.287961276e-05,8.000603789e-05,3.799461536e-07,7.104865852e-05,4.593102275e-07,0.0002958791968,-1.594915106e-06,0.2110066162
2623.0,6.171005433e-05,9.928810561e-07,0.0003649057476,5.528979644e-06,4.924125186e-05,8.084834229e-07,0.0005251090425,2.242187527e-05,8.119358962e-05,3.868266107e-07,7.217598607e-05,4.682286293e-07,0.0002899581832,-2.441141989e-07,0.2110063721
2624.0,6.156984521e-05,9.943931551e-07,0.0003621585919,5.476686117e-06,4.901381465e-05,8.046313407e-07,0.0005210818616,2.19695236e-05,8.232990775e-05,3.934745015e-07,7.325973634e-05,4.773101572e-07,0.0002841043642,6.978739607e-07,0.21100707
2625.0,6.135311176e-05,9.953730298e-07,0.000359101374,5.421763251e-06,4.874617651e-05,8.00534435e-07,0.0005178689982,2.149252286e-05,8.342477624e-05,3.998523599e-07,7.43239015e-05,4.856543783e-07,0.0002779351064,1.559108089e-06,0.2110086291
2626.0,6.115918768e-05,9.957552932e-07,0.0003559175733,5.365693193e-06,4.846929539e-05,7.962407069e-07,0.0005137842096,2.103309081e-05,8.448194188e-05,4.059989207e-07,7.533719164e-05,4.939699163e-07,0.0002719913942,1.904312479e-06,0.2110105334
2627.0,6.089413723e-05,9.953804847e-07,0.0003525129536,5.308180351e-06,4.817798124e-05,7.917571563e-07,0.0005087458086,2.058293599e-05,8.549642285e-05,4.118892884e-07,7.630817806e-05,5.022842802e-07,0.000266167358,1.5973838e-06,0.2110121308
2628.0,6.062826305e-05,9.942816298e-07,0.0003489286717,5.249448138e-06,4.787238224e-05,7.871515382e-07,0.0005053732707,2.010411101e-05,8.645813914e-05,4.174451769e-07,7.72553207e-05,5.098446883e-07,0.0002599739266,1.623276787e-06,0.2110137541
2629.0,6.039936409e-05,9.927232995e-07,0.0003453127648,5.189287686e-06,4.756767846e-05,7.825296914e-07,0.0004993065998,1.960754067e-05,8.737549386e-05,4.227416369e-07,7.815214512e-05,5.173427309e-07,0.0002535483475,1.155492069e-06,0.2110149095
2630.0,6.013607386e-05,9.906061614e-07,0.0003414902825,5.127916165e-06,4.723075631e-05,7.778794783e-07,0.0004938880235,1.910657506e-05,8.823661821e-05,4.277527395e-07,7.899467761e-05,5.248280495e-07,0.0002470689778,4.921601134e-07,0.2110154017
2631.0,5.990569278e-05,9.877298058e-07,0.0003375669426,5.065599694e-06,4.688962559e-05,7.733876314e-07,0.0004874998315,1.856278968e-05,8.904032035e-05,4.324427235e-07,7.980444349e-05,5.314817796e-07,0.0002400347441,4.441648176e-07,0.2110158459
2632.0,5.958156096e-05,9.838762666e-07,0.0003336228312,5.003822495e-06,4.655466377e-05,7.690435843e-07,0.0004814162541,1.807540421e-05,8.979123994e-05,4.368524002e-07,8.055792195e-05,5.380670315e-07,0.0002337295182,-3.770619237e-07,0.2110154688
2633.0,5.923902568e-05,9.790311723e-07,0.0003296448037,4.942484923e-06,4.621762864e-05,7.648963975e-07,0.0004764727544,1.758448e-05,9.048594095e-05,4.409598746e-07,8.126256411e-05,5.443119849e-07,0.000227379705,-6.401640383e-07,0.2110148286
2634.0,5.885269375e-05,9.733331753e-07,0.0003255979892,4.881397236e-06,4.588677505e-05,7.609159236e-07,0.0004681535297,1.709727741e-05,9.112604044e-05,4.447458769e-07,8.190849763e-05,5.504767544e-07,0.0002210762054,-1.287614623e-06,0.211013541
2635.0,5.837373879e-05,9.665965444e-07,0.0003214291818,4.820882895e-06,4.554584265e-05,7.569659388e-07,0.0004627857499,1.662611603e-05,9.171307563e-05,4.481795265e-07,8.252371161e-05,5.557362383e-07,0.0002149822433,-1.528137678e-06,0.2110120129
2636.0,5.792262227e-05,9.591231338e-07,0.0003172623943,4.762323322e-06,4.521498269e-05,7.531606206e-07,0.0004542340152,1.613397367e-05,9.22454047e-05,4.512778049e-07,8.308258734e-05,5.608853947e-07,0.0002086165087,-1.638879133e-06,0.211010374
2637.0,5.739014791e-05,9.508979321e-07,0.0003130713907,4.705063834e-06,4.488139151e-05,7.493403711e-07,0.000446702471,1.567228406e-05,9.269761153e-05,4.539048456e-07,8.359311039e-05,5.656525716e-07,0.0002026447353,-1.660016436e-06,0.211008714
2638.0,5.68815367e-05,9.421274905e-07,0.0003089785799,4.650517846e-06,4.457045277e-05,7.454786315e-07,0.0004406848389,1.524348765e-05,9.311831169e-05,4.563140178e-07,8.405448609e-05,5.700550257e-07,0.0001970993295,-1.081251885e-06,0.2110076327
2639.0,5.636698948e-05,9.328523697e-07,0.0003049968458,4.599036251e-06,4.427276956e-05,7.415028732e-07,0.0004309226625,1.485031059e-05,9.346915722e-05,4.583699371e-07,8.445521949e-05,5.743149695e-07,0.000192013037,-7.339975257e-07,0.2110068988
2640.0,5.57723798e-05,9.229041226e-07,0.0003010267035,4.550670804e-06,4.396342267e-05,7.374128939e-07,0.0004234897376,1.451120824e-05,9.375479987e-05,4.600652705e-07,8.481619478e-05,5.776282975e-07,0.0001876281294,-5.248949121e-08,0.2110068463
2641.0,5.520876027e-05,9.124008451e-07,0.0002972735417,4.506407619e-06,4.367163486e-05,7.331298697e-07,0.0004145569769,1.419141619e-05,9.398100261e-05,4.614208231e-07,8.511239966e-05,5.807398818e-07,0.0001834923115,5.968921235e-07,0.2110074432
2642.0,5.457712208e-05,9.012485572e-07,0.0002937485608,4.46695985e-06,4.337649872e-05,7.28581487e-07,0.0004062513036,1.393727039e-05,9.413857921e-05,4.624286715e-07,8.535693859e-05,5.834366119e-07,0.0001802054114,1.123710697e-06,0.2110085669
2643.0,5.39416592e-05,8.895047109e-07,0.0002904640865,4.431367161e-06,4.30794194e-05,7.238215862e-07,0.0003997867251,1.377208259e-05,9.423291426e-05,4.630395959e-07,8.555229501e-05,5.856951326e-07,0.0001780698667,1.26415356e-06,0.211009831
2644.0,5.328508971e-05,8.771091113e-07,0.0002875060544,4.40269505e-06,4.278989355e-05,7.187466919e-07,0.00039231603,1.36202928e-05,9.426346061e-05,4.632870187e-07,8.569899669e-05,5.875200716e-07,0.0001761057068,1.410705143e-06,0.2110112417
2645.0,5.25653346e-05,8.641005025e-07,0.0002848643432,4.378750272e-06,4.248097849e-05,7.133202727e-07,0.0003859215972,1.35062284e-05,9.423711881e-05,4.631776814e-07,8.578049655e-05,5.891383266e-07,0.0001746313831,1.547971135e-06,0.2110127897
2646.0,5.187105469e-05,8.506966833e-07,0.0002826133477,4.360742959e-06,4.216566371e-05,7.076695064e-07,0.0003790259449,1.342077876e-05,9.413470274e-05,4.625975356e-07,8.582144623e-05,5.89778793e-07,0.0001735263897,1.42734709e-06,0.211014217
2647.0,5.115841495e-05,8.371301663e-07,0.0002806952221,4.34680469e-06,4.184499446e-05,7.018121865e-07,0.0003736865638,1.336393144e-05,9.396383344e-05,4.616275942e-07,8.579767428e-05,5.901953435e-07,0.0001727907747,1.144664642e-06,0.2110153617
2648.0,5.047168041e-05,8.232262157e-07,0.0002791930084,4.336741752e-06,4.152506188e-05,6.957155252e-07,0.000369663199,1.338739566e-05,9.372886836e-05,4.603177821e-07,8.571504149e-05,5.901792974e-07,0.00017309456,1.037989765e-06,0.2110163997
2649.0,4.978576845e-05,8.089866593e-07,0.0002780269708,4.329805519e-06,4.121021674e-05,6.894354621e-07,0.0003642805127,1.339449708e-05,9.342524521e-05,4.585693421e-07,8.557730287e-05,5.897091211e-07,0.0001731852232,1.149114866e-06,0.2110175488
2650.0,4.903139653e-05,7.942899539e-07,0.0002770743661,4.325747129e-06,4.087902851e-05,6.828915566e-07,0.0003616512682,1.350207325e-05,9.305349332e-05,4.564516743e-07,8.537626428e-05,5.887536306e-07,0.000174576823,9.512234932e-07,0.2110185
2651.0,4.833011918e-05,7.794033911e-07,0.0002763891435,4.325324004e-06,4.0545675e-05,6.761863649e-07,0.0003578744594,1.362131037e-05,9.260984129e-05,4.539190912e-07,8.511022337e-05,5.875736831e-07,0.00017611833,7.953334789e-07,0.2110192954
2652.0,4.758127792e-05,7.643436479e-07,0.0002758716456,4.327308497e-06,4.020050257e-05,6.693266053e-07,0.0003551997949,1.378138217e-05,9.209751996e-05,4.509978146e-07,8.480341634e-05,5.854274892e-07,0.0001781878406,6.221702458e-07,0.2110199175
2653.0,4.687326205e-05,7.493299881e-07,0.0002756476469,4.331780157e-06,3.986122166e-05,6.623777159e-07,0.0003559395518,1.397808056e-05,9.151755171e-05,4.476545553e-07,8.443034651e-05,5.830251956e-07,0.0001807317775,9.337858641e-07,0.2110208513
2654.0,4.620292775e-05,7.345480299e-07,0.0002757058098,4.338447045e-06,3.952793792e-05,6.552598758e-07,0.0003534882453,1.412811794e-05,9.086661952e-05,4.440109227e-07,8.399746899e-05,5.801177995e-07,0.0001826708839,9.722622511e-07,0.2110218236
2655.0,4.550325072e-05,7.199429642e-07,0.0002757963658,4.346672441e-06,3.917843384e-05,6.480937229e-07,0.0003538575289,1.431997008e-05,9.015468175e-05,4.399975098e-07,8.351187711e-05,5.767150821e-07,0.0001851526598,1.22499398e-06,0.2110230486
2656.0,4.489316909e-05,7.056865954e-07,0.0002760704503,4.356689051e-06,3.883863508e-05,6.410040213e-07,0.0003534292492,1.448852377e-05,8.937145798e-05,4.356554679e-07,8.296328024e-05,5.730585379e-07,0.0001873322073,1.50288144e-06,0.2110245515
2657.0,4.42532964e-05,6.917687055e-07,0.0002764442249,4.368088962e-06,3.850172463e-05,6.339382628e-07,0.0003529216518,1.467671222e-05,8.852433106e-05,4.309452408e-07,8.237291666e-05,5.684793769e-07,0.0001897657025,1.608152753e-06,0.2110261596
2658.0,4.365060557e-05,6.783869049e-07,0.0002769080391,4.381589459e-06,3.816619142e-05,6.269221785e-07,0.0003549279964,1.491863335e-05,8.761077146e-05,4.259025256e-07,8.171545042e-05,5.63696521e-07,0.0001928950734,2.131589354e-06,0.2110282912
2659.0,4.308506423e-05,6.655719591e-07,0.0002775295541,4.398617512e-06,3.784806091e-05,6.200643939e-07,0.0003544133857,1.510393428e-05,8.664002065e-05,4.204583606e-07,8.10007601e-05,5.584443276e-07,0.0001952904757,2.266968427e-06,0.2110305582
2660.0,4.250638473e-05,6.533168955e-07,0.000278168505,4.418085242e-06,3.751305561e-05,6.132391501e-07,0.0003559731143,1.533718068e-05,8.561046495e-05,4.147080792e-07,8.023531973e-05,5.529010437e-07,0.0001983078939,1.870669494e-06,0.2110324288
2661.0,4.200061001e-05,6.418181251e-07,0.0002789168452,4.439246564e-06,3.718012101e-05,6.064947873e-07,0.0003559641598,1.552506468e-05,8.451463258e-05,4.085830666e-07,7.943069369e-05,5.465528656e-07,0.0002007381252,2.470452164e-06,0.2110348993
2662.0,4.150459001e-05,6.312445115e-07,0.0002797709175,4.463506854e-06,3.686111485e-05,5.999295053e-07,0.0003578932918,1.572214342e-05,8.33665616e-05,4.02103635e-07,7.856366681e-05,5.399596155e-07,0.0002032867985,2.358524113e-06,0.2110372578
2663.0,4.110227201e-05,6.214903102e-07,0.000280725957,4.489236748e-06,3.655457857e-05,5.936233174e-07,0.0003601030045,1.594995394e-05,8.216568571e-05,3.953168495e-07,7.764268778e-05,5.331755887e-07,0.000206234121,2.538261334e-06,0.2110397961
2664.0,4.075548212e-05,6.128934181e-07,0.0002818288435,4.518203061e-06,3.626026195e-05,5.875616045e-07,0.0003601373886,1.612443142e-05,8.090893849e-05,3.882032445e-07,7.669250893e-05,5.255882406e-07,0.0002084902089,2.347836366e-06,0.2110421439
2665.0,4.042101642e-05,6.051703994e-07,0.0002829804268,4.549646696e-06,3.596369965e-05,5.818285057e-07,0.0003624148672,1.63345763e-05,7.960564769e-05,3.808062347e-07,7.568298121e-05,5.177520235e-07,0.0002112092951,2.286664472e-06,0.2110444306
2666.0,4.019614269e-05,5.986473469e-07,0.0002843705,4.585397789e-06,3.568043281e-05,5.764048146e-07,0.0003622283592,1.654032275e-05,7.82554443e-05,3.731676715e-07,7.461875362e-05,5.097099545e-07,0.0002138705761,2.127562457e-06,0.2110465581
2667.0,3.997802902e-05,5.933828951e-07,0.0002860329766,4.626617175e-06,3.541985739e-05,5.71456821e-07,0.000363418138,1.676211148e-05,7.686163888e-05,3.652207399e-07,7.35244337e-05,5.009509768e-07,0.0002167390878,1.865111399e-06,0.2110484233
2668.0,3.984191056e-05,5.891411208e-07,0.0002879986576,4.67434631e-06,3.519115631e-05,5.671939059e-07,0.0003662708665,1.702459697e-05,7.541595795e-05,3.570161321e-07,7.23710242e-05,4.92112053e-07,0.000220135155,1.947778708e-06,0.211050371
2669.0,3.978928691e-05,5.860313429e-07,0.0002902734376,4.729410094e-06,3.499379431e-05,5.635096924e-07,0.0003667375985,1.724259221e-05,7.393132178e-05,3.485293442e-07,7.119268346e-05,4.826216427e-07,0.0002229538579,1.705632329e-06,0.2110520767
2670.0,3.974949178e-05,5.841902333e-07,0.0002928004735,4.788290226e-06,3.48042839e-05,5.604699584e-07,0.0003689186996,1.750850843e-05,7.241289274e-05,3.397134197e-07,6.995986485e-05,4.730980356e-07,0.0002263946999,1.649937191e-06,0.2110537266
2671.0,3.986141481e-05,5.838142028e-07,0.0002956565715,4.847876615e-06,3.465113133e-05,5.581493728e-07,0.0003711589512,1.776797016e-05,7.085934914e-05,3.307751278e-07,6.870476392e-05,4.629573711e-07,0.0002297510094,1.576913405e-06,0.2110553035
2672.0,4.001591644e-05,5.844811998e-07,0.0002987130722,4.90715533e-06,3.452424326e-05,5.567231305e-07,0.0003730560055,1.802938937e-05,6.926396858e-05,3.216275911e-07,6.740540208e-05,4.527268116e-07,0.000233132816,1.39566846e-06,0.2110566992
2673.0,4.025098415e-05,5.863904223e-07,0.0003019084375,4.966111156e-06,3.444159084e-05,5.561034032e-07,0.0003771889913,1.834252374e-05,6.763601149e-05,3.122770197e-07,6.608503312e-05,4.419056724e-07,0.0002371847671,1.627744559e-06,0.2110583269
2674.0,4.058259129e-05,5.89407399e-07,0.0003053570897,5.024474292e-06,3.441015375e-05,5.562018929e-07,0.0003792103256,1.860197237e-05,6.597502789e-05,3.027850606e-07,6.472279658e-05,4.310748613e-07,0.0002405396601,1.52556356e-06,0.2110598525
2675.0,4.092543341e-05,5.936188024e-07,0.0003088775091,5.082587375e-06,3.440473562e-05,5.572794054e-07,0.0003824884465,1.890481535e-05,6.429323852e-05,2.931617001e-07,6.334276999e-05,4.198496277e-07,0.0002444585227,1.59311441e-06,0.2110614456
2676.0,4.136931349e-05,5.988882707e-07,0.0003123854955,5.140778671e-06,3.444461901e-05,5.594193943e-07,0.0003852728506,1.92005069e-05,6.259310264e-05,2.833788661e-07,6.194127919e-05,4.082630631e-07,0.0002482838459,1.632262857e-06,0.2110630779
2677.0,4.183002132e-05,6.052630882e-07,0.0003159123176,5.197681984e-06,3.454158493e-05,5.625462893e-07,0.0003888205092,6.954759114e-06,6.081868795e-05,2.729665079e-07,6.044821167e-05,3.961038687e-07,8.993320771e-05,1.205118896e-06,0.211064283
2678.0,4.28545939e-05,6.190947922e-07,0.0003243039109,5.340907694e-06,3.456624523e-05,5.625260992e-07,0.0003925327698,1.898393539e-05,5.917625088e-05,2.632996052e-07,5.908221702e-05,3.847912709e-07,0.0002454869383,1.533191337e-06,0.2110658162
2679.0,4.318877098e-05,6.23922435e-07,0.0003258922815,5.358216379e-06,3.484026628e-05,5.698078413e-07,0.000395618124,1.940345867e-05,5.748073084e-05,2.532113366e-07,5.764878873e-05,3.727892623e-07,0.000250912531,1.300960541e-06,0.2110671171
2680.0,4.364058705e-05,6.308772796e-07,0.0003277354631,5.37892618e-06,3.520516705e-05,5.783315864e-07,0.0004020277085,1.996763305e-05,5.578191527e-05,2.431670325e-07,5.621430495e-05,3.607052931e-07,0.0002582106907,1.284702716e-06,0.2110684018
2681.0,4.422980856e-05,6.389999108e-07,0.0003297407374,5.402940303e-06,3.560927714e-05,5.876883293e-07,0.0004057183939,7.285120342e-06,5.405793408e-05,2.326108209e-07,5.47374763e-05,3.480170039e-07,9.420782934e-05,9.762358158e-07,0.2110693781
2682.0,4.531533622e-05,6.546635494e-07,0.0003365078764,5.517614763e-06,3.588906311e-05,5.930362497e-07,0.0004086627313,2.012696449e-05,5.248209376e-05,2.229914111e-07,5.338643233e-05,3.363838517e-07,0.0002602736469,8.025585236e-07,0.2110701806
2683.0,4.575332586e-05,6.612906731e-07,0.0003373496755,5.524767144e-06,3.643223959e-05,6.04687715e-07,0.0004158547494,2.072410164e-05,5.090454145e-05,2.132657431e-07,5.202040635e-05,3.242546574e-07,0.000267997948,8.96455069e-07,0.2110710771
2684.0,4.635962215e-05,6.701707871e-07,0.000338977449,5.543949303e-06,3.70434649e-05,6.166331839e-07,0.0004194645144,7.49789219e-06,4.932665711e-05,2.03561558e-07,5.06616019e-05,3.115782299e-07,9.696049078e-05,5.378356021e-07,0.2110716149
2685.0,4.743240522e-05,6.860775381e-07,0.0003455003886,5.654111152e-06,3.747917183e-05,6.236063878e-07,0.0004233615713,2.09142535e-05,4.795591593e-05,1.950732322e-07,4.943396241e-05,3.001483785e-07,0.0002704597549,4.605561893e-07,0.2110720755
2686.0,4.789316641e-05,6.931677098e-07,0.0003463216833,5.656409737e-06,3.815519154e-05,6.368242707e-07,0.0004284345365,7.520504911e-06,4.663010404e-05,1.863547023e-07,4.816681897e-05,2.881010672e-07,9.725471629e-05,2.422242214e-07,0.2110723177
2687.0,4.889962065e-05,7.08335331e-07,0.0003520366709,5.749819742e-06,3.869300437e-05,6.456196055e-07,0.0004319121872,2.118743012e-05,4.549755896e-05,1.790963461e-07,4.706315431e-05,2.77419363e-07,0.0002739957836,-4.876816433e-08,0.2110722689
2688.0,4.929886286e-05,7.149420754e-07,0.0003522075671,5.740431502e-06,3.9461719e-05,6.605638754e-07,0.0004393324619,2.191861154e-05,4.444258559e-05,1.725716413e-07,4.599047212e-05,2.668653114e-07,0.0002834554265,6.893871734e-08,0.2110723379
2689.0,4.986729495e-05,7.238767639e-07,0.0003531775962,5.74415129e-06,4.025362341e-05,6.754122125e-07,0.0004450490091,7.848068709e-06,4.348796421e-05,1.665939178e-07,4.495420257e-05,2.567909265e-07,0.0001014931241,-8.288524242e-08,0.211072255
2690.0,5.088407044e-05,7.394272922e-07,0.0003589372955,5.840640287e-06,4.081262332e-05,6.84093882e-07,0.0004484554014,2.22051201e-05,4.27731932e-05,1.622741381e-07,4.411969296e-05,2.485973872e-07,0.0002871662192,-1.6684629e-07,0.2110720881
2691.0,5.132270425e-05,7.467665891e-07,0.0003593452004,5.835896507e-06,4.159866662e-05,6.982449677e-07,0.0004533420721,7.883859445e-06,4.211540251e-05,1.583812251e-07,4.331795085e-05,2.403261318e-07,0.0001019586765,-1.967483755e-07,0.2110718914
2692.0,5.227104044e-05,7.615481491e-07,0.000364724132,5.923368696e-06,4.217799378e-05,7.067613433e-07,0.0004564036895,2.24382776e-05,4.170227963e-05,1.561029353e-07,4.269916971e-05,2.339551197e-07,0.0002901869285,-4.157423799e-07,0.2110714757
2693.0,5.26608977e-05,7.684952176e-07,0.0003648133935,5.909963017e-06,4.296665626e-05,7.2054948e-07,0.000463166533,2.315501673e-05,4.138645891e-05,1.543870373e-07,4.214557245e-05,2.281263218e-07,0.0002994609299,-2.082790884e-07,0.2110712674
2694.0,5.319184221e-05,7.774853178e-07,0.0003656439323,5.908815992e-06,4.371521529e-05,7.335330273e-07,0.0004679058863,8.176478184e-06,4.118577002e-05,1.530559146e-07,4.16813866e-05,2.231733228e-07,0.0001057458795,-2.963284628e-07,0.211070971
2695.0,5.411452596e-05,7.922124214e-07,0.000370864952,5.994697973e-06,4.419315464e-05,7.398726996e-07,0.0004710256949,2.330487275e-05,4.122543588e-05,1.535648373e-07,4.142815611e-05,2.205457979e-07,0.0003014040443,-3.13345842e-07,0.2110706577
2696.0,5.453679195e-05,7.99510714e-07,0.0003709542751,5.980564697e-06,4.488278667e-05,7.515776451e-07,0.0004757378964,8.185160561e-06,4.137954579e-05,1.542794345e-07,4.124796124e-05,2.180982743e-07,0.0001058601924,-3.595465074e-07,0.2110702982
2697.0,5.538000724e-05,8.131969234e-07,0.0003754531618,6.052137824e-06,4.533622072e-05,7.576148087e-07,0.000477341436,2.33928915e-05,4.177159552e-05,1.573501084e-07,4.127944075e-05,2.178159027e-07,0.0003025454222,-5.36069188e-07,0.2110697621
2698.0,5.573466728e-05,8.200840632e-07,0.0003751321053,6.02635295e-06,4.598842225e-05,7.687851629e-07,0.0004852120881,2.406947147e-05,4.238308743e-05,1.618043287e-07,4.139972398e-05,2.18215403e-07,0.0003112980324,-3.333081136e-07,0.2110694288
2699.0,5.620791877e-05,8.287703316e-07,0.0003754576009,6.011625072e-06,4.659147636e-05,7.790432359e-07,0.0004891228859,8.430214455e-06,4.318859435e-05,1.67248092e-07,4.160356144e-05,2.195195215e-07,0.0001090302617,-5.415060661e-07,0.2110688873
2700.0,5.700170869e-05,8.420283631e-07,0.0003796746039,6.077867283e-06,4.691700376e-05,7.829410966e-07,0.0004914880272,2.405372045e-05,4.433921726e-05,1.747309893e-07,4.2062952e-05,2.24313314e-07,0.000311094937,-5.266717485e-07,0.2110683606
2701.0,5.736326829e-05,8.490568424e-07,0.0003793022177,6.051321585e-06,4.744430903e-05,7.918692831e-07,0.0004958860873,2.454473825e-05,4.565464188e-05,1.824885163e-07,4.270183386e-05,2.301847291e-07,0.0003174453427,-6.074735862e-07,0.2110677531
2702.0,5.775374617e-05,8.574237739e-07,0.0003794192669,6.035915537e-06,4.791359004e-05,7.998096592e-07,0.0004997414729,2.497561522e-05,4.709750322e-05,1.907430585e-07,4.352316108e-05,2.372931888e-07,0.0003230173916,-8.390692287e-07,0.2110669141
2703.0,5.818990549e-05,8.661547093e-07,0.0003798317503,6.02761496e-06,4.831305927e-05,8.06357174e-07,0.000505607518,8.570591492e-06,4.851097436e-05,1.989323846e-07,4.441229716e-05,2.449813457e-07,0.0001108463761,-7.888768119e-07,0.2110661252
2704.0,5.897624126e-05,8.784735723e-07,0.0003841743786,6.098060658e-06,4.849081468e-05,8.067129897e-07,0.0005047245197,2.440985434e-05,5.013756442e-05,2.085247676e-07,4.553675281e-05,2.546833522e-07,0.0003156981814,-8.744802546e-07,0.2110652507
2705.0,5.922762514e-05,8.85005295e-07,0.0003838223491,6.070922285e-06,4.886297916e-05,8.12596981e-07,0.0005095530945,2.4733878e-05,5.176764261e-05,2.1795354e-07,4.672119739e-05,2.643388745e-07,0.0003198899104,-9.210120998e-07,0.2110643297
2706.0,5.956106026e-05,8.925423752e-07,0.0003837056859,6.050878542e-06,4.919095303e-05,8.179620243e-07,0.0005126760914,2.507068587e-05,5.338197999e-05,2.275633034e-07,4.798445897e-05,2.745166563e-07,0.0003242455628,-1.024585476e-06,0.2110633051
2707.0,5.986313722e-05,9.002360229e-07,0.0003836220638,6.033720096e-06,4.945738523e-05,8.223219904e-07,0.0005171082285,2.53046343e-05,5.503954769e-05,2.373135693e-07,4.927749879e-05,2.85085888e-07,0.0003272697442,-1.268297345e-06,0.2110620368
2708.0,6.020002422e-05,9.079967037e-07,0.0003836568667,6.019586513e-06,4.968217947e-05,8.256514226e-07,0.0005212030735,2.547482655e-05,5.671293284e-05,2.47096913e-07,5.058305169e-05,2.959740562e-07,0.0003294711489,-1.119825974e-06,0.211060917
2709.0,6.052106365e-05,9.156816027e-07,0.0003837646393,6.007721493e-06,4.986417809e-05,8.280453941e-07,0.0005223742649,2.5467885e-05,5.839237904e-05,2.568794004e-07,5.190626276e-05,3.0711175e-07,0.0003293788378,-1.375539274e-06,0.2110595414
2710.0,6.078553831e-05,9.230571759e-07,0.0003838672013,5.996297004e-06,5.000728457e-05,8.296029429e-07,0.0005252515061,2.543003061e-05,6.005223345e-05,2.666335339e-07,5.324730576e-05,3.184357611e-07,0.0003288895253,-1.416009073e-06,0.2110581254
2711.0,6.107247605e-05,9.300767529e-07,0.0003839038047,5.984448807e-06,5.011461088e-05,8.304997995e-07,0.0005253372682,2.534363142e-05,6.168694999e-05,2.763379857e-07,5.460487502e-05,3.298445158e-07,0.0003277709331,-1.535816068e-06,0.2110565896
2712.0,6.127627963e-05,9.366760816e-07,0.0003837501015,5.970544413e-06,5.018718475e-05,8.30966865e-07,0.0005264627234,2.523027642e-05,6.329848635e-05,2.859442173e-07,5.596696095e-05,3.413322728e-07,0.0003263031532,-1.781503041e-06,0.2110548081
2713.0,6.147957856e-05,9.429594657e-07,0.0003834711262,5.953363274e-06,5.024284736e-05,8.3108915e-07,0.0005288230155,2.516096991e-05,6.489516547e-05,2.954664147e-07,5.734013554e-05,3.525840513e-07,0.0003254066708,-1.636648061e-06,0.2110531715
2714.0,6.166630622e-05,9.490069328e-07,0.0003830030584,5.932769841e-06,5.028454503e-05,8.30945713e-07,0.0005284682004,2.502040006e-05,6.647068527e-05,3.048939828e-07,5.871239708e-05,3.641603239e-07,0.0003235850966,-1.887989552e-06,0.2110512835
2715.0,6.177075787e-05,9.546956925e-07,0.0003822171476,5.908184372e-06,5.02881176e-05,8.305836346e-07,0.0005299115301,2.491346322e-05,6.801480765e-05,3.141777689e-07,6.007330034e-05,3.754767667e-07,0.0003222020366,-1.928662718e-06,0.2110493548
2716.0,6.190588028e-05,9.601617589e-07,0.0003812122613,5.880240747e-06,5.02782999e-05,8.300019747e-07,0.0005311348669,2.477825493e-05,6.952444976e-05,3.233351196e-07,6.143073291e-05,3.863815853e-07,0.0003204515311,-2.016205601e-06,0.2110473386
2717.0,6.19720196e-05,9.6542743e-07,0.0003799462729,5.849030351e-06,5.024353498e-05,8.29141372e-07,0.0005315542461,2.46055543e-05,7.100583564e-05,3.32294163e-07,6.276107085e-05,3.976868836e-07,0.0003182158399,-2.258186835e-06,0.2110450804
2718.0,6.202600556e-05,9.704051991e-07,0.0003784988601,5.814682494e-06,5.018654295e-05,8.280298168e-07,0.0005335420829,2.44692253e-05,7.245693457e-05,3.410637444e-07,6.408871406e-05,4.082788274e-07,0.0003164521188,-2.072252e-06,0.2110430082
2719.0,6.207496689e-05,9.752506093e-07,0.0003769236322,5.777777519e-06,5.012639709e-05,8.265267715e-07,0.0005326069379,2.42429977e-05,7.387594334e-05,3.496651988e-07,6.538717392e-05,4.192444098e-07,0.0003135218501,-2.284538106e-06,0.2110407236
2720.0,6.203740952e-05,9.798131963e-07,0.0003750429021,5.737613163e-06,5.002192221e-05,8.245761282e-07,0.0005323401931,2.402865175e-05,7.526424443e-05,3.580312714e-07,6.667144478e-05,4.294529238e-07,0.0003107484701,-2.286848712e-06,0.2110384368
2721.0,6.201826053e-05,9.841491397e-07,0.0003730142059,5.695385728e-06,4.989283376e-05,8.222111553e-07,0.0005308350781,2.379064435e-05,7.662113985e-05,3.661462144e-07,6.790782849e-05,4.399837713e-07,0.000307667753,-1.913799414e-06,0.211036523
2722.0,6.193168676e-05,9.880902571e-07,0.0003708513402,5.65085136e-06,4.973645718e-05,8.194017547e-07,0.0005294610034,2.348910876e-05,7.792979446e-05,3.740280629e-07,6.912750115e-05,4.496932623e-07,0.0003037650412,-1.970913926e-06,0.2110345521
2723.0,6.184266284e-05,9.916400317e-07,0.0003685194736,5.604699743e-06,4.956078479e-05,8.161313759e-07,0.0005291503676,2.319278302e-05,7.919695243e-05,3.816884026e-07,7.029852682e-05,4.597277994e-07,0.0002999315251,-1.970541338e-06,0.2110325815
2724.0,6.172453333e-05,9.946430198e-07,0.0003659960347,5.557258177e-06,4.936326828e-05,8.125067222e-07,0.000525133299,2.283689908e-05,8.042448493e-05,3.890799961e-07,7.145255019e-05,4.689081285e-07,0.000295325088,-1.721872847e-06,0.2110308597
2725.0,6.153440841e-05,9.971222188e-07,0.0003632531091,5.50801055e-06,4.912885366e-05,8.084658629e-07,0.0005239072617,2.24750705e-05,8.160143086e-05,3.962052305e-07,7.255760107e-05,4.785338818e-07,0.0002906443337,-1.569005907e-06,0.2110292906
2726.0,6.138396491e-05,9.990127941e-07,0.0003603783883,5.456305498e-06,4.887575131e-05,8.041491199e-07,0.0005195024033,2.207280214e-05,8.272223579e-05,4.030158972e-07,7.364891313e-05,4.872512241e-07,0.0002854400016,-1.496138938e-06,0.2110277945
2727.0,6.116018558e-05,1.000235393e-06,0.0003572617766,5.401863794e-06,4.859251583e-05,7.995354155e-07,0.0005157128417,2.162412908e-05,8.380815761e-05,4.095699706e-07,7.469216636e-05,4.959905813e-07,0.0002796353445,-1.558369888e-06,0.2110262361
2728.0,6.095650527e-05,1.000768664e-06,0.0003540383317,5.346085464e-06,4.830721777e-05,7.947895985e-07,0.0005133333162,2.118247729e-05,8.485331594e-05,4.158062748e-07,7.568882443e-05,5.047588257e-07,0.0002739223342,-1.463752012e-06,0.2110247724
2729.0,6.07451102e-05,1.000545071e-06,0.0003506417384,5.289124921e-06,4.801828885e-05,7.898575057e-07,0.000506888954,2.066278542e-05,8.58539639e-05,4.217584314e-07,7.666032097e-05,5.125319403e-07,0.0002671974833,-1.650071834e-06,0.2110231223
2730.0,6.046317053e-05,9.994712516e-07,0.0003469724756,5.230045592e-06,4.769651974e-05,7.848617727e-07,0.000502482792,2.01650919e-05,8.679857806e-05,4.273697651e-07,7.758387209e-05,5.203037583e-07,0.0002607601227,-1.67600762e-06,0.2110214463
2731.0,6.021789922e-05,9.976205571e-07,0.0003432059089,5.168785809e-06,4.737090252e-05,7.799320067e-07,0.0004962076193,1.963815195e-05,8.769993097e-05,4.326915661e-07,7.845840915e-05,5.281315589e-07,0.0002539434715,-1.812575386e-06,0.2110196337
2732.0,5.992034353e-05,9.949143169e-07,0.0003393046346,5.106490834e-06,4.703533961e-05,7.751116236e-07,0.000490236539,1.909600388e-05,8.854273756e-05,4.376786282e-07,7.929914099e-05,5.349399017e-07,0.0002469298998,-1.882223593e-06,0.2110177515
2733.0,5.961335417e-05,9.913389894e-07,0.0003353286794,5.043709413e-06,4.670338742e-05,7.704723885e-07,0.0004853229278,1.857533802e-05,8.933178771e-05,4.423404175e-07,8.008442195e-05,5.417721596e-07,0.000240195743,-1.922679481e-06,0.2110158288
2734.0,5.929947222e-05,9.869941737e-07,0.0003313739395,4.981249348e-06,4.637887917e-05,7.660713313e-07,0.0004784774324,1.801747952e-05,9.006673541e-05,4.466815379e-07,8.082220653e-05,5.482379744e-07,0.0002329781904,-1.956592412e-06,0.2110138722
2735.0,5.889720463e-05,9.816866622e-07,0.0003272556105,4.918754413e-06,4.603715985e-05,7.618081928e-07,0.0004720582026,1.748994766e-05,9.074360299e-05,4.507024419e-07,8.150185986e-05,5.546642527e-07,0.0002261554595,-2.116963278e-06,0.2110117553
2736.0,5.850046122e-05,9.755399618e-07,0.0003230511232,4.85637871e-06,4.569711442e-05,7.576859688e-07,0.0004645143026,1.697568786e-05,9.136910691e-05,4.543548802e-07,8.214679131e-05,5.599854357e-07,0.0002195036485,-2.154328602e-06,0.2110096009
2737.0,5.80499022e-05,9.68531224e-07,0.0003188223225,4.79482549e-06,4.536402841e-05,7.536526849e-07,0.0004575386527,1.647136331e-05,9.194043159e-05,4.576464472e-07,8.273702375e-05,5.652722607e-07,0.0002129799891,-2.13595307e-06,0.211007465
2738.0,5.758935052e-05,9.606331606e-07,0.000314644422,4.734934764e-06,4.504018907e-05,7.496257522e-07,0.0004509963716,1.600728991e-05,9.244682245e-05,4.605249305e-07,8.328013214e-05,5.701776097e-07,0.0002069783628,-2.139785292e-06,0.2110053252
2739.0,5.710179094e-05,9.52001304e-07,0.0003105172123,4.676908644e-06,4.472782629e-05,7.455454223e-07,0.0004420643845,1.552879155e-05,9.29008307e-05,4.630416581e-07,8.377304317e-05,5.746536848e-07,0.0002007885689,-2.222751801e-06,0.2110031025
2740.0,5.653507782e-05,9.425543854e-07,0.0003064074488,4.620600915e-06,4.441536901e-05,7.413320426e-07,0.0004347378846,1.512011141e-05,9.328854829e-05,4.651602507e-07,8.420704925e-05,5.790698123e-07,0.0001955037802,-2.11411964e-06,0.2110009883
2741.0,5.599084078e-05,9.325500522e-07,0.0003024297011,4.567788632e-06,4.410969678e-05,7.370437288e-07,0.0004256790168,1.473314082e-05,9.361500019e-05,4.668974499e-07,8.46014569e-05,5.823275962e-07,0.0001904988879,-2.022014926e-06,0.2109989663
2742.0,5.537192195e-05,9.218599043e-07,0.0002985462961,4.518305346e-06,4.380285339e-05,7.325194631e-07,0.0004166201454,1.441139776e-05,9.388075718e-05,4.682402367e-07,8.493074369e-05,5.8549276e-07,0.0001863375694,-1.341805312e-06,0.2109976245
2743.0,5.47734906e-05,9.105504823e-07,0.0002949207826,4.473796498e-06,4.350757759e-05,7.278148817e-07,0.0004105456418,1.415698334e-05,9.407900637e-05,4.691888665e-07,8.520475227e-05,5.881832473e-07,0.0001830479326,-5.850514808e-07,0.2109970395
2744.0,5.417704518e-05,8.986272885e-07,0.0002916036914,4.434062837e-06,4.322145385e-05,7.228755839e-07,0.0004011788662,1.38951511e-05,9.421183532e-05,4.69677639e-07,8.54279893e-05,5.903996498e-07,0.0001796608197,-1.100761156e-07,0.2109969294
2745.0,5.350573889e-05,8.860409756e-07,0.0002884447452,4.400597305e-06,4.291285605e-05,7.176538129e-07,0.0003948342178,1.370899141e-05,9.427856739e-05,4.697631221e-07,8.560363121e-05,5.921460061e-07,0.0001772541974,5.803181257e-07,0.2109975097
2746.0,5.287778521e-05,8.729086873e-07,0.0002856605502,4.372735791e-06,4.261004748e-05,7.12128814e-07,0.0003876439062,1.355252129e-05,9.428324836e-05,4.694185332e-07,8.571925329e-05,5.937456062e-07,0.0001752304349,1.189648234e-06,0.2109986994
2747.0,5.217299237e-05,8.591718833e-07,0.0002832598215,4.349832003e-06,4.229606167e-05,7.063042071e-07,0.0003806498812,1.341513007e-05,9.423684935e-05,4.687597061e-07,8.578990303e-05,5.941264344e-07,0.0001734533387,9.980103564e-07,0.2109996974
2748.0,5.145563449e-05,8.44900328e-07,0.0002812066665,4.330661509e-06,4.197455633e-05,7.002508316e-07,0.0003764891657,1.333727982e-05,9.409908238e-05,4.675179263e-07,8.579874027e-05,5.943463556e-07,0.0001724471888,1.325713978e-06,0.2110010231
2749.0,5.073648796e-05,8.301400839e-07,0.0002796235588,4.315737617e-06,4.16640879e-05,6.940588621e-07,0.000370050827,1.325038865e-05,9.38967634e-05,4.658612703e-07,8.574799624e-05,5.940793742e-07,0.0001713223899,1.281854851e-06,0.2110023049
2750.0,4.997299007e-05,8.149810044e-07,0.0002782425137,4.303530696e-06,4.133753355e-05,6.875522576e-07,0.0003661337101,1.318092576e-05,9.362896307e-05,4.637607694e-07,8.564037529e-05,5.932968175e-07,0.0001704247794,1.32772682e-06,0.2110036327
2751.0,4.926945927e-05,7.997677148e-07,0.0002771526619,4.294701077e-06,4.100847281e-05,6.808154547e-07,0.0003609422032,1.316966997e-05,9.329280938e-05,4.61258317e-07,8.547200697e-05,5.920548532e-07,0.0001702792755,9.882035831e-07,0.2110046209
2752.0,4.854586457e-05,7.843209692e-07,0.0002763005272,4.289600936e-06,4.066905373e-05,6.739639009e-07,0.0003582209179,1.319523285e-05,9.288216914e-05,4.583160094e-07,8.523579275e-05,5.906392913e-07,0.0001706094245,4.381445523e-07,0.211005059
2753.0,4.785662163e-05,7.68714887e-07,0.000275707929,4.287584414e-06,4.033207497e-05,6.669523461e-07,0.0003568678411,1.329803595e-05,9.240330999e-05,4.549693317e-07,8.49556038e-05,5.880434239e-07,0.0001719393233,1.47999068e-08,0.2110050738
2754.0,4.718075402e-05,7.531800306e-07,0.000275364879,4.287868931e-06,3.999955842e-05,6.597974774e-07,0.0003540214226,1.33959217e-05,9.185624596e-05,4.511708946e-07,8.461128263e-05,5.85239015e-07,0.0001732041846,-6.37163874e-07,0.2110044366
2755.0,4.647016997e-05,7.375963052e-07,0.0002752546892,4.290757732e-06,3.965368551e-05,6.524728656e-07,0.0003541800698,1.356397341e-05,9.123270628e-05,4.470400397e-07,8.420334903e-05,5.819205253e-07,0.0001753778954,-1.085981643e-06,0.2110033507
2756.0,4.581175683e-05,7.221977887e-07,0.0002753152734,4.295564366e-06,3.930923378e-05,6.450265147e-07,0.000352300777,1.375989015e-05,9.054924471e-05,4.424987879e-07,8.374206993e-05,5.780914143e-07,0.0001779112292,-1.290026244e-06,0.2110020606
2757.0,4.511136472e-05,7.069508472e-07,0.0002754778849,4.301919966e-06,3.895521642e-05,6.375503973e-07,0.0003520567491,1.398798488e-05,8.979610594e-05,4.376054085e-07,8.321634243e-05,5.740761729e-07,0.0001808604848,-1.500492231e-06,0.2110005601
2758.0,4.446122713e-05,6.920141954e-07,0.000275816372,4.31033753e-06,3.861508531e-05,6.301275453e-07,0.000353690363,1.424607205e-05,8.897484928e-05,4.323268946e-07,8.264951496e-05,5.688878108e-07,0.0001841985241,-6.364620893e-07,0.2109999237
2759.0,4.387163137e-05,6.777267348e-07,0.0002762977959,4.321159929e-06,3.828452568e-05,6.228515195e-07,0.0003529047856,1.446159021e-05,8.808711622e-05,4.266935088e-07,8.201401094e-05,5.636126873e-07,0.0001869845001,-1.525252662e-07,0.2109997712
2760.0,4.328582577e-05,6.643155234e-07,0.0002767758182,4.334714605e-06,3.793814998e-05,6.156169553e-07,0.00035385209,1.471824553e-05,8.713355371e-05,4.207122559e-07,8.131861766e-05,5.578700753e-07,0.0001903045117,7.138940804e-07,0.2110004851
2761.0,4.279116219e-05,6.516302056e-07,0.0002773632946,4.350975874e-06,3.760275476e-05,6.084893376e-07,0.0003546300326,1.497978063e-05,8.61215849e-05,4.143701871e-07,8.057066855e-05,5.519964238e-07,0.0001936865601,1.521867664e-06,0.2110020069
2762.0,4.228112415e-05,6.394948862e-07,0.000278046042,4.36964997e-06,3.726731351e-05,6.01570555e-07,0.0003553225925,1.526156048e-05,8.505442125e-05,4.077462824e-07,7.97864123e-05,5.45070215e-07,0.0001973304206,2.367896204e-06,0.2110043748
2763.0,4.180945081e-05,6.281321536e-07,0.0002788391213,4.389911929e-06,3.694372519e-05,5.949930551e-07,0.0003582005886,1.557410632e-05,8.392053285e-05,4.007874715e-07,7.893731189e-05,5.380203942e-07,0.0002013733094,3.219005951e-06,0.2110075938
2764.0,4.138172279e-05,6.175607814e-07,0.0002797981128,4.412598725e-06,3.664797516e-05,5.886304341e-07,0.0003587217603,1.580658347e-05,8.273639043e-05,3.934949109e-07,7.803038024e-05,5.308055273e-07,0.0002043787433,3.082045144e-06,0.2110106759
2765.0,4.091914864e-05,6.076542723e-07,0.0002807539881,4.438179084e-06,3.633646812e-05,5.823659211e-07,0.0003599662701,1.606590512e-05,8.149200325e-05,3.858933898e-07,7.709175079e-05,5.227314459e-07,0.0002077337857,3.405667543e-06,0.2110140815
2766.0,4.054486373e-05,5.989581779e-07,0.0002818277658,4.468108422e-06,3.603395048e-05,5.764666571e-07,0.0003603037656,1.629710273e-05,8.020176382e-05,3.780004061e-07,7.609827812e-05,5.145057309e-07,0.0002107244162,3.419980402e-06,0.2110175015
2767.0,4.020681576e-05,5.913130961e-07,0.0002830275782,4.503219467e-06,3.573684426e-05,5.709823919e-07,0.0003613640158,1.649694222e-05,7.885992452e-05,3.698372309e-07,7.504823053e-05,5.061599953e-07,0.0002133091693,3.044319006e-06,0.2110205458
2768.0,4.000075332e-05,5.8526075e-07,0.0002845789037,4.544750819e-06,3.547081777e-05,5.659760472e-07,0.0003639532504,1.671549035e-05,7.747849802e-05,3.613899494e-07,7.396684409e-05,4.969303301e-07,0.0002161368106,2.807148455e-06,0.211023353
2769.0,3.986801398e-05,5.807439621e-07,0.0002864404824,4.592276939e-06,3.523722516e-05,5.615201881e-07,0.000363545981,1.689782637e-05,7.604536127e-05,3.526717124e-07,7.282424744e-05,4.878198501e-07,0.0002184945571,2.069898114e-06,0.2110254229
2770.0,3.973857381e-05,5.774538416e-07,0.0002884843946,4.647034935e-06,3.501043891e-05,5.577166071e-07,0.0003665446521,1.714152114e-05,7.456811355e-05,3.437066575e-07,7.16543062e-05,4.778270178e-07,0.0002216477517,1.422775643e-06,0.2110268457
2771.0,3.972785162e-05,5.753437746e-07,0.0002908579389,4.706519652e-06,3.481186836e-05,5.544603127e-07,0.0003671190012,1.74059131e-05,7.3054611e-05,3.344812632e-07,7.04319227e-05,4.679497034e-07,0.0002250676274,7.002124779e-07,0.2110275459
2772.0,3.97368262e-05,5.746138718e-07,0.0002934867966,4.766593719e-06,3.463590576e-05,5.519181531e-07,0.0003691279656,1.772844075e-05,7.150572703e-05,3.251372824e-07,6.918435106e-05,4.573207143e-07,0.0002292391725,-6.048779939e-08,0.2110274854
2773.0,3.98623872e-05,5.750877124e-07,0.0002964321267,4.82657619e-06,3.449575308e-05,5.502477385e-07,0.0003734910062,1.805178844e-05,6.991913583e-05,3.156212516e-07,6.789133803e-05,4.467734099e-07,0.0002334225211,-2.981872046e-07,0.2110271872
2774.0,4.00633851e-05,5.769751159e-07,0.00029957725,4.886513523e-06,3.440112015e-05,5.492689578e-07,0.0003742193261,1.836515994e-05,6.829586802e-05,3.059188815e-07,6.65770338e-05,4.355598742e-07,0.0002374749008,-7.339527741e-07,0.2110264532
2775.0,4.027230296e-05,5.800744641e-07,0.0003027595211,4.946270594e-06,3.432077228e-05,5.490827388e-07,0.0003778298293,1.867706835e-05,6.663670421e-05,2.960812274e-07,6.52188893e-05,4.244372353e-07,0.0002415107826,-7.588229723e-07,0.2110256944
2776.0,4.062061183e-05,5.845143285e-07,0.0003061692367,5.005840814e-06,3.429112844e-05,5.498427722e-07,0.0003800184365,1.895924948e-05,6.495337822e-05,2.861343367e-07,6.384728412e-05,4.127462567e-07,0.0002451609817,-6.521974486e-07,0.2110250422
2777.0,4.101038591e-05,5.902456455e-07,0.0003096195225,5.065219891e-06,3.43036633e-05,5.51635273e-07,0.0003830088959,7.159563086e-06,6.317919815e-05,2.756161219e-07,6.237664805e-05,4.00611602e-07,9.258035048e-05,2.195805224e-07,0.2110252618
2778.0,4.197970472e-05,6.038258626e-07,0.0003176775348,5.208571569e-06,3.426139834e-05,5.508259482e-07,0.0003859623006,1.866924704e-05,6.153084897e-05,2.658313785e-07,6.100958694e-05,3.891629857e-07,0.0002414148147,3.720239494e-07,0.2110256338
2779.0,4.225660827e-05,6.081718344e-07,0.0003193951658,5.231512222e-06,3.443334605e-05,5.564005247e-07,0.0003898569099,1.908250241e-05,5.981822904e-05,2.556594499e-07,5.957104893e-05,3.77094711e-07,0.0002467586685,8.303245475e-07,0.2110264641
2780.0,4.265139055e-05,6.148221369e-07,0.0003213402163,5.257441273e-06,3.469509775e-05,5.632598182e-07,0.0003946534624,1.960051962e-05,5.810900085e-05,2.454899368e-07,5.813869184e-05,3.648136021e-07,0.0002534602255,1.509809248e-06,0.211027974
2781.0,4.31678671e-05,6.225701751e-07,0.0003234454755,5.2860167e-06,3.499855216e-05,5.709293303e-07,0.0003984808215,7.372045907e-06,5.633254794e-05,2.350053616e-07,5.664275503e-05,3.522249217e-07,9.533085697e-05,1.623763966e-06,0.2110295977
2782.0,4.418590184e-05,6.377801332e-07,0.0003303236732,5.40246146e-06,3.521339589e-05,5.751032672e-07,0.0004012241767,1.975626645e-05,5.469533047e-05,2.253654143e-07,5.525647797e-05,3.40618733e-07,0.0002554772241,2.205622131e-06,0.2110318033
2783.0,4.457613644e-05,6.441221353e-07,0.0003313107376,5.412191413e-06,3.56390362e-05,5.856284826e-07,0.0004073369905,2.032451222e-05,5.30470502e-05,2.156675024e-07,5.383292388e-05,3.28617589e-07,0.0002628279325,2.709191025e-06,0.2110345125
2784.0,4.512768389e-05,6.527132339e-07,0.0003329518345,5.434084732e-06,3.615223893e-05,5.967907557e-07,0.0004113728633,7.560881171e-06,5.13803682e-05,2.059044003e-07,5.239269294e-05,3.163168517e-07,9.777408109e-05,1.964167211e-06,0.2110364767
2785.0,4.617961042e-05,6.686007663e-07,0.0003394052006,5.547061471e-06,3.653392295e-05,6.034770517e-07,0.0004148315665,2.057323577e-05,4.985965067e-05,1.972113685e-07,5.110220399e-05,3.052388854e-07,0.0002660468841,2.403392065e-06,0.2110388801
2786.0,4.663418344e-05,6.756639313e-07,0.0003402561971,5.553812864e-06,3.71418925e-05,6.160720105e-07,0.0004195839227,7.569613121e-06,4.834093802e-05,1.882921246e-07,4.975728646e-05,2.933637601e-07,9.78885065e-05,1.686976243e-06,0.2110405671
2787.0,4.765453118e-05,6.910829723e-07,0.0003461043246,5.651878872e-06,3.763549863e-05,6.246714958e-07,0.0004223572059,2.090399428e-05,4.702930992e-05,1.807975244e-07,4.854846172e-05,2.827778673e-07,0.0002703276818,1.382931755e-06,0.21104195
2788.0,4.806650993e-05,6.978834174e-07,0.0003464642452,5.646673851e-06,3.834461514e-05,6.390038664e-07,0.0004307984799,7.66922208e-06,4.5767386e-05,1.734387528e-07,4.73128613e-05,2.716037685e-07,9.917836008e-05,1.455294211e-06,0.2110434053
2789.0,4.906367927e-05,7.127841188e-07,0.0003517206088,5.732541583e-06,3.893312542e-05,6.492261063e-07,0.0004329037825,2.143078136e-05,4.46732591e-05,1.673991131e-07,4.624849474e-05,2.61787283e-07,0.000277143474,5.582123146e-07,0.2110439635
2790.0,4.941556816e-05,7.194373786e-07,0.0003516143473,5.720167936e-06,3.970573883e-05,6.645302249e-07,0.0004403515737,7.85051339e-06,4.364918077e-05,1.614757277e-07,4.517503843e-05,2.520243186e-07,0.0001015245982,7.831738156e-07,0.2110447467
2791.0,5.038478137e-05,7.340103508e-07,0.0003564994194,5.80080733e-06,4.032943666e-05,6.747837291e-07,0.0004435885778,2.198837053e-05,4.285918877e-05,1.571384177e-07,4.426707565e-05,2.44057481e-07,0.0002843615541,8.966166669e-09,0.2110447556
2792.0,5.075458816e-05,7.40948154e-07,0.000356365007,5.788065827e-06,4.113224934e-05,6.895127541e-07,0.0004491662681,7.993693439e-06,4.213210935e-05,1.530928273e-07,4.341287108e-05,2.359753075e-07,0.0001033782693,4.381123381e-07,0.2110451938
2793.0,5.168315256e-05,7.554176717e-07,0.0003613055103,5.869155292e-06,4.174089052e-05,6.988266381e-07,0.0004536505259,2.246897026e-05,4.163985174e-05,1.507975976e-07,4.274617147e-05,2.296279912e-07,0.0002905836477,4.565642308e-08,0.2110452394
2794.0,5.208582256e-05,7.624710294e-07,0.0003613184927,5.854882405e-06,4.253787961e-05,7.125642783e-07,0.0004584264281,8.052523878e-06,4.121056653e-05,1.488558761e-07,4.210212045e-05,2.23438917e-07,0.0001041410378,6.66446294e-07,0.2110459059
2795.0,5.298144595e-05,7.768768885e-07,0.0003660869077,5.93248828e-06,4.310641948e-05,7.20660613e-07,0.0004619930199,2.284324227e-05,4.101922476e-05,1.485404613e-07,4.166045226e-05,2.191907347e-07,0.000295429685,3.585827098e-07,0.2110462644
2796.0,5.337605349e-05,7.839687729e-07,0.0003658942622,5.913790423e-06,4.384006614e-05,7.332900784e-07,0.0004666079593,8.067339225e-06,4.092057605e-05,1.486811777e-07,4.126268628e-05,2.155296524e-07,0.0001043351838,1.114467095e-06,0.2110473789
2797.0,5.423719036e-05,7.977762572e-07,0.0003703570157,5.98701965e-06,4.435243713e-05,7.402869618e-07,0.0004698591659,2.313311035e-05,4.106506827e-05,1.506928632e-07,4.108469682e-05,2.14059762e-07,0.0002991830671,8.656192624e-07,0.2110482445
2798.0,5.46020029e-05,8.045060396e-07,0.0003700350459,5.964012506e-06,4.503653766e-05,7.518519577e-07,0.0004765187778,2.376724283e-05,4.136913837e-05,1.543864953e-07,4.101767131e-05,2.134671472e-07,0.0003073872821,1.396953858e-06,0.2110496415
2799.0,5.507859703e-05,8.130138128e-07,0.0003704689903,5.954590086e-06,4.567317331e-05,7.624126365e-07,0.0004807693031,8.231131371e-06,4.178057366e-05,1.593773117e-07,4.104313126e-05,2.136471996e-07,0.0001064549822,1.7781464e-06,0.2110514196
2800.0,5.592654168e-05,8.267757964e-07,0.0003752495272,6.033097706e-06,4.603496056e-05,7.663440316e-07,0.000483470597,2.374364576e-05,4.259944068e-05,1.661164694e-07,4.12913438e-05,2.164291107e-07,0.0003070837546,1.823475322e-06,0.2110532431
2801.0,5.629954493e-05,8.337395152e-07,0.000375058835,6.010322036e-06,4.658577941e-05,7.754506414e-07,0.0004871206569,2.419694358e-05,4.365142656e-05,1.732014299e-07,4.161498229e-05,2.212175279e-07,0.0003129467722,1.929954766e-06,0.2110551731
2802.0,5.670339531e-05,8.4200911e-07,0.0003754150616,5.999910467e-06,4.708241215e-05,7.837394341e-07,0.0004916323416,8.238890863e-06,4.478747065e-05,1.804330528e-07,4.212326145e-05,2.268635557e-07,0.0001065560802,1.501281277e-06,0.2110566743
2803.0,5.750156336e-05,8.54578327e-07,0.0003799199807,6.074510436e-06,4.733942616e-05,7.85713897e-07,0.0004939162992,2.389467657e-05,4.62284537e-05,1.892002439e-07,4.29392121e-05,2.345023271e-07,0.0003090382112,1.925205969e-06,0.2110585996
2804.0,5.78297018e-05,8.610303453e-07,0.0003794979628,6.047508221e-06,4.781153513e-05,7.933412657e-07,0.0004971684259,2.430118865e-05,4.773082527e-05,1.977331813e-07,4.382805454e-05,2.425383908e-07,0.0003142933159,1.599371617e-06,0.2110601989
2805.0,5.816622114e-05,8.685781712e-07,0.0003794229899,6.030102509e-06,4.822816858e-05,8.003104511e-07,0.000502065528,2.469240639e-05,4.926452626e-05,2.064585649e-07,4.483328513e-05,2.513290457e-07,0.0003193538765,1.430382927e-06,0.2110616293
2806.0,5.857609809e-05,8.764660711e-07,0.0003795904521,6.018110446e-06,4.858516012e-05,8.06045632e-07,0.0005062286401,2.497315669e-05,5.085031471e-05,2.15409048e-07,4.596535449e-05,2.605532133e-07,0.0003229841265,1.181088621e-06,0.2110628104
2807.0,5.895548095e-05,8.845079819e-07,0.0003799850427,6.010698414e-06,4.88804845e-05,8.106121516e-07,0.0005092354125,2.514751013e-05,5.244926753e-05,2.244814036e-07,4.720476379e-05,2.701798402e-07,0.0003252381996,7.725860361e-07,0.211063583
2808.0,5.93387319e-05,8.924438472e-07,0.0003805153016,6.006492186e-06,4.91258309e-05,8.140574486e-07,0.0005138604545,2.519744408e-05,5.408168108e-05,2.335596405e-07,4.847849893e-05,2.800700462e-07,0.0003258847329,7.968067708e-07,0.2110643798
2809.0,5.97292466e-05,9.003014112e-07,0.0003811973443,6.003378111e-06,4.934121514e-05,8.16605566e-07,0.0005155523966,2.518364929e-05,5.573286254e-05,2.426686352e-07,4.976819849e-05,2.902742969e-07,0.000325703024,4.652764339e-07,0.2110648451
2810.0,6.003128295e-05,9.077730576e-07,0.0003817689124,5.99949588e-06,4.950395253e-05,8.18419671e-07,0.0005176642955,2.511750434e-05,5.73954703e-05,2.517829251e-07,5.106682666e-05,3.006772253e-07,0.0003248479371,3.870074458e-07,0.2110652321
2811.0,6.034274581e-05,9.149726827e-07,0.000382179481,5.993795351e-06,4.963143254e-05,8.197940201e-07,0.0005185843451,2.501772193e-05,5.904583587e-05,2.608377488e-07,5.238934e-05,3.112382348e-07,0.0003235564477,3.35353654e-07,0.2110655674
2812.0,6.058506446e-05,9.218327223e-07,0.0003823890546,5.984348211e-06,4.974315056e-05,8.208473575e-07,0.000519913031,2.492842962e-05,6.066857074e-05,2.699282609e-07,5.372628692e-05,3.218902162e-07,0.0003224001579,1.891720623e-07,0.2110657566
2813.0,6.082913446e-05,9.283517097e-07,0.000382343325,5.970599576e-06,4.983944041e-05,8.216650843e-07,0.0005227296422,2.483829529e-05,6.227639336e-05,2.790031771e-07,5.507325637e-05,3.325818259e-07,0.0003212340808,2.879622694e-07,0.2110660446
2814.0,6.104554746e-05,9.347488826e-07,0.0003820791199,5.952121112e-06,4.992403094e-05,8.223777006e-07,0.0005224015669,2.476678052e-05,6.386138561e-05,2.879642072e-07,5.64253503e-05,3.433646782e-07,0.0003203061544,1.285778072e-07,0.2110661731
2815.0,6.118846544e-05,9.408548155e-07,0.0003814529002,5.928695609e-06,4.997481676e-05,8.228755972e-07,0.0005249998216,2.47394162e-05,6.544109595e-05,2.968483314e-07,5.779266259e-05,3.540022895e-07,0.0003199520868,-7.354930549e-07,0.2110654376
2816.0,6.136866656e-05,9.467557799e-07,0.0003806363581,5.901108911e-06,5.001211074e-05,8.231491507e-07,0.000525065577,2.468103097e-05,6.698654847e-05,3.056234674e-07,5.915207525e-05,3.649198935e-07,0.0003191955815,-1.2902148e-06,0.2110641474
2817.0,6.147990647e-05,9.523919729e-07,0.0003795510499,5.869264578e-06,5.002068516e-05,8.231427821e-07,0.0005263375056,2.462633993e-05,6.850493218e-05,3.143248399e-07,6.049769935e-05,3.755991114e-07,0.0003184865515,-2.115402969e-06,0.211062032
2818.0,6.160927378e-05,9.578026199e-07,0.0003783536781,5.835314234e-06,5.001760158e-05,8.228115177e-07,0.0005295945212,2.453975206e-05,6.998705752e-05,3.228721925e-07,6.18420677e-05,3.860283154e-07,0.0003173662076,-2.640619136e-06,0.2110593914
2819.0,6.172399998e-05,9.630061009e-07,0.000377036137,5.799833069e-06,4.99926515e-05,8.220978979e-07,0.000528842754,2.445349738e-05,7.144596644e-05,3.312301008e-07,6.315539701e-05,3.966644765e-07,0.0003162473136,-3.659513484e-06,0.2110557319
2820.0,6.174814388e-05,9.677609603e-07,0.0003755067469,5.762579421e-06,4.992290503e-05,8.208767032e-07,0.0005300800989,2.429902526e-05,7.286637869e-05,3.394132894e-07,6.446569776e-05,4.06801483e-07,0.0003142490893,-3.833128913e-06,0.2110518988
2821.0,6.178369471e-05,9.721051766e-07,0.0003738335722,5.723126372e-06,4.983561016e-05,8.191215536e-07,0.0005291929832,2.412720386e-05,7.425544421e-05,3.474032294e-07,6.573974587e-05,4.171532443e-07,0.0003120245115,-4.282332084e-06,0.2110476164
2822.0,6.173653338e-05,9.759291624e-07,0.0003719718963,5.68181537e-06,4.971411806e-05,8.169600319e-07,0.0005283497638,2.391746726e-05,7.561277209e-05,3.551598295e-07,6.699348608e-05,4.269348428e-07,0.0003093091091,-4.635861838e-06,0.2110429806
2823.0,6.166658027e-05,9.792447302e-07,0.0003700100491,5.638716619e-06,4.956964301e-05,8.143556837e-07,0.0005282831836,2.363572256e-05,7.692930584e-05,3.627158845e-07,6.820189284e-05,4.369317661e-07,0.0003056643386,-4.413107237e-06,0.2110385675
2824.0,6.158401725e-05,9.821792681e-07,0.0003679448676,5.594122879e-06,4.94067308e-05,8.113296671e-07,0.0005262328026,2.332030829e-05,7.819671084e-05,3.700531447e-07,6.939083709e-05,4.462922756e-07,0.0003015808548,-4.309391947e-06,0.2110342581
2825.0,6.142930414e-05,9.845576844e-07,0.0003655726294,5.547822297e-06,4.920703994e-05,8.079902655e-07,0.0005244334931,2.293418864e-05,7.942782811e-05,3.7715523e-07,7.053370983e-05,4.558564213e-07,0.0002965865225,-3.550969107e-06,0.2110307071
2826.0,6.131493241e-05,9.867547842e-07,0.0003629750053,5.499352532e-06,4.898426388e-05,8.04342199e-07,0.0005211302855,2.251650381e-05,8.061393788e-05,3.840203083e-07,7.1657256e-05,4.647419264e-07,0.0002911825992,-2.764889622e-06,0.2110279422
2827.0,6.115489352e-05,9.883936548e-07,0.00036021465,5.44800421e-06,4.874345792e-05,8.003947901e-07,0.0005184900647,2.205688797e-05,8.174800494e-05,3.906411834e-07,7.273661004e-05,4.737930342e-07,0.0002852357227,-1.739616727e-06,0.2110262026
2828.0,6.101238654e-05,9.895927681e-07,0.0003572808098,5.394337902e-06,4.848270237e-05,7.962699162e-07,0.0005160254924,2.154876624e-05,8.283849246e-05,3.970024298e-07,7.379758827e-05,4.821074398e-07,0.000278663524,-3.453075767e-07,0.2110258573
2829.0,6.08458706e-05,9.902255461e-07,0.0003542001602,5.339500304e-06,4.821510994e-05,7.919840199e-07,0.0005110300083,2.103914604e-05,8.389192864e-05,4.03127377e-07,7.480767124e-05,4.903901392e-07,0.0002720694788,7.234383013e-07,0.2110265807
2830.0,6.061094154e-05,9.901377095e-07,0.0003508640465,5.282721629e-06,4.792793906e-05,7.874921049e-07,0.0005075637525,2.050908065e-05,8.490292754e-05,4.090041946e-07,7.577630686e-05,4.986724246e-07,0.0002652135826,1.705158793e-06,0.2110282859
2831.0,6.039504035e-05,9.892939892e-07,0.000347347756,5.224691537e-06,4.763257827e-05,7.829272887e-07,0.0005020026644,2.001612031e-05,8.586192472e-05,4.145529467e-07,7.67204154e-05,5.062120386e-07,0.000258836094,2.043412282e-06,0.2110303293
2832.0,6.008759024e-05,9.875300624e-07,0.0003436514975,5.164784637e-06,4.731387131e-05,7.783125615e-07,0.0004961693716,1.95260733e-05,8.677773502e-05,4.198414679e-07,7.761445377e-05,5.136942697e-07,0.0002524963424,2.291573947e-06,0.2110326209
2833.0,5.979239717e-05,9.849994555e-07,0.000339874388,5.103837284e-06,4.698616253e-05,7.737294089e-07,0.0004928390838,1.903397345e-05,8.763944941e-05,4.248491117e-07,7.84576999e-05,5.211634554e-07,0.0002461313364,2.572753602e-06,0.2110351936
2834.0,5.950868417e-05,9.817673103e-07,0.0003360513471,5.041970287e-06,4.666290509e-05,7.693023385e-07,0.0004854129702,1.851884658e-05,8.844391627e-05,4.295407828e-07,7.926751383e-05,5.278127952e-07,0.0002394664717,2.194909018e-06,0.2110373885
2835.0,5.917220773e-05,9.77961537e-07,0.000332094813,4.980128289e-06,4.632260185e-05,7.649481542e-07,0.000480316355,1.798906995e-05,8.919542795e-05,4.339592081e-07,8.002181462e-05,5.343979352e-07,0.0002326149012,1.754960225e-06,0.2110391435
2836.0,5.889965545e-05,9.736069405e-07,0.0003281344786,4.918995427e-06,4.598392099e-05,7.608013064e-07,0.0004736198571,1.746369915e-05,8.989343276e-05,4.380773714e-07,8.072772126e-05,5.40642959e-07,0.0002258188334,1.097410292e-06,0.2110402409
2837.0,5.854239571e-05,9.684009547e-07,0.0003240476565,4.857939932e-06,4.56411481e-05,7.568215326e-07,0.0004663797584,1.695701334e-05,9.053529973e-05,4.418714437e-07,8.137548114e-05,5.468112345e-07,0.000219264373,6.231618287e-07,0.2110408641
2838.0,5.814377173e-05,9.621503269e-07,0.0003199182244,4.797756708e-06,4.530393202e-05,7.529127001e-07,0.0004611921897,1.648872796e-05,9.112506927e-05,4.453229836e-07,8.199203757e-05,5.520794983e-07,0.0002132077487,2.67736649e-07,0.2110411318
2839.0,5.772596693e-05,9.551078654e-07,0.0003158368749,4.739501502e-06,4.498668059e-05,7.491485568e-07,0.0004529136443,1.60258323e-05,9.166077384e-05,4.484371909e-07,8.255429191e-05,5.572481935e-07,0.0002072189032,-5.700130235e-07,0.2110405618
2840.0,5.720924144e-05,9.470671574e-07,0.0003117136433,4.682400049e-06,4.466269854e-05,7.453534757e-07,0.0004463799234,1.561143977e-05,9.211811475e-05,4.510849612e-07,8.306753907e-05,5.620195247e-07,0.0002018595578,-1.044352956e-06,0.2110395174
2841.0,5.669336426e-05,9.383281822e-07,0.000307611025,4.627955784e-06,4.434676117e-05,7.415150646e-07,0.0004374147042,1.521477296e-05,9.25422056e-05,4.535151177e-07,8.35317596e-05,5.664466392e-07,0.0001967290378,-1.398482691e-06,0.211038119
2842.0,5.61027396e-05,9.288680199e-07,0.0003035636683,4.576235885e-06,4.403618737e-05,7.375443623e-07,0.0004301090279,1.487319061e-05,9.289647509e-05,4.555960914e-07,8.393605996e-05,5.707235881e-07,0.0001923104438,-1.654839154e-06,0.2110364641
2843.0,5.551670521e-05,9.187675745e-07,0.0002996688778,4.528072623e-06,4.373589578e-05,7.334904752e-07,0.0004228341465,1.455492095e-05,9.318855399e-05,4.573151543e-07,8.430100068e-05,5.74062133e-07,0.0001881946511,-1.311855878e-06,0.2110351523
2844.0,5.492470867e-05,9.082287423e-07,0.0002959441073,4.483748224e-06,4.34458222e-05,7.292419965e-07,0.0004135335877,1.425865306e-05,9.341834328e-05,4.587015435e-07,8.46012714e-05,5.77202149e-07,0.0001843619673,-1.122771432e-06,0.2110340295
2845.0,5.429745838e-05,8.97231313e-07,0.0002924274567,4.444059308e-06,4.315211915e-05,7.247142673e-07,0.0004065778991,1.399282443e-05,9.358223564e-05,4.597310598e-07,8.48500492e-05,5.799280909e-07,0.0001809248957,-5.651542556e-07,0.2110334643
2846.0,5.370920456e-05,8.85752984e-07,0.0002891496424,4.408240049e-06,4.285913878e-05,7.200186406e-07,0.0003977347955,1.374921327e-05,9.368142853e-05,4.603914071e-07,8.504912095e-05,5.822217954e-07,0.0001777744714,3.901584332e-08,0.2110335033
2847.0,5.305001759e-05,8.736923503e-07,0.0002860695479,4.378819367e-06,4.255556957e-05,7.15011876e-07,0.0003906110839,1.355756714e-05,9.371921357e-05,4.606769783e-07,8.520056956e-05,5.840826692e-07,0.0001752958754,6.094278052e-07,0.2110341128
2848.0,5.239929355e-05,8.61021329e-07,0.0002834179629,4.354514952e-06,4.22590233e-05,7.096940821e-07,0.0003855467699,1.342423425e-05,9.369190379e-05,4.605671921e-07,8.528834265e-05,5.857401591e-07,0.0001735721789,1.042940473e-06,0.2110351557
2849.0,5.171916942e-05,8.477665498e-07,0.0002812260554,4.336299475e-06,4.196731857e-05,7.041683479e-07,0.0003781617133,1.33399063e-05,9.362190343e-05,4.600917175e-07,8.533532754e-05,5.864283146e-07,0.0001724805011,1.316327725e-06,0.211036472
2850.0,5.096460254e-05,8.340952107e-07,0.0002792612925,4.322042137e-06,4.164813059e-05,6.983900167e-07,0.0003728478991,1.330929875e-05,9.344721785e-05,4.591560572e-07,8.531736391e-05,5.868903101e-07,0.0001720854073,1.539421145e-06,0.2110380115
2851.0,5.025927374e-05,8.200773373e-07,0.0002777305052,4.311759028e-06,4.132970439e-05,6.923695338e-07,0.0003678235699,1.331262746e-05,9.321831004e-05,4.578914445e-07,8.524118973e-05,5.869198278e-07,0.0001721280623,1.575224522e-06,0.2110395867
2852.0,4.952075578e-05,8.057128646e-07,0.0002764838084,4.304552467e-06,4.100453994e-05,6.861156369e-07,0.0003627714984,1.334369794e-05,9.292332273e-05,4.561954078e-07,8.51102496e-05,5.865026635e-07,0.0001725294495,1.407611208e-06,0.2110409943
2853.0,4.881354904e-05,7.912229097e-07,0.0002755101944,4.300353982e-06,4.06710759e-05,6.796186341e-07,0.0003607745722,1.34360737e-05,9.256196809e-05,4.541335367e-07,8.491764037e-05,5.856070357e-07,0.0001737246224,1.396321202e-06,0.2110423906
2854.0,4.815194642e-05,7.767518428e-07,0.0002748744508,4.30001331e-06,4.034926007e-05,6.729783412e-07,0.0003569012812,1.350718246e-05,9.21283659e-05,4.516567474e-07,8.465891716e-05,5.844828787e-07,0.0001746428496,1.699061515e-06,0.2110440897
2855.0,4.741729998e-05,7.619184717e-07,0.0002743777415,4.3019717e-06,4.000737321e-05,6.661645896e-07,0.0003549688479,1.367164942e-05,9.162620359e-05,4.487946688e-07,8.436034146e-05,5.824040232e-07,0.000176770127,1.524279054e-06,0.211045614
2856.0,4.673231809e-05,7.471099322e-07,0.0002741141989,4.306395629e-06,3.966619991e-05,6.592890891e-07,0.0003527230645,1.383196403e-05,9.105612108e-05,4.455105542e-07,8.399539694e-05,5.800659743e-07,0.0001788431018,1.354468449e-06,0.2110469684
2857.0,4.602210901e-05,7.323697929e-07,0.0002740746685,4.312733108e-06,3.932385776e-05,6.522080394e-07,0.0003518880792,1.400676245e-05,9.041687057e-05,4.419269303e-07,8.357082491e-05,5.772192007e-07,0.0001811030712,1.101957391e-06,0.2110480704
2858.0,4.535267685e-05,7.176588332e-07,0.0002742155501,4.321033382e-06,3.898909986e-05,6.451395334e-07,0.0003528573514,1.422686875e-05,8.971703939e-05,4.379703485e-07,8.309360063e-05,5.738993045e-07,0.0001839497998,1.303844118e-06,0.2110493742
2859.0,4.470946709e-05,7.032856114e-07,0.0002745089745,4.331125227e-06,3.865718154e-05,6.38105814e-07,0.0003511304493,1.438933602e-05,8.894560559e-05,4.336916392e-07,8.255524908e-05,5.70307393e-07,0.0001860498226,1.178780821e-06,0.211050553
2860.0,4.404277996e-05,6.89241669e-07,0.0002748867877,4.34233981e-06,3.832008047e-05,6.310623073e-07,0.0003527825304,1.460179411e-05,8.811047107e-05,4.290485249e-07,8.197392247e-05,5.657997487e-07,0.0001887979943,1.236114511e-06,0.2110517891
2861.0,4.346155933e-05,6.758405685e-07,0.0002753692508,4.355575085e-06,3.798911091e-05,6.240573379e-07,0.0003519211546,1.47864713e-05,8.720955584e-05,4.240661335e-07,8.132576901e-05,5.610946873e-07,0.0001911863863,1.325510063e-06,0.2110531146
2862.0,4.285627872e-05,6.630752973e-07,0.0002758715798,4.372044026e-06,3.765166884e-05,6.172030884e-07,0.0003523924899,1.498581375e-05,8.624997657e-05,4.187089893e-07,8.062084366e-05,5.559236776e-07,0.0001937643337,1.353289538e-06,0.2110544679
2863.0,4.23278738e-05,6.509412222e-07,0.0002765349985,4.391548378e-06,3.732729912e-05,6.104460833e-07,0.0003550326195,1.521064349e-05,8.522645619e-05,4.129792831e-07,7.986456009e-05,5.504546549e-07,0.0001966726127,1.766443096e-06,0.2110562344
2864.0,4.184150145e-05,6.395452174e-07,0.0002773590505,4.412836237e-06,3.701155003e-05,6.038008605e-07,0.0003545241689,1.53918797e-05,8.415174834e-05,4.069575964e-07,7.907125265e-05,5.441882134e-07,0.0001990156135,1.886476954e-06,0.2110581208
2865.0,4.133635494e-05,6.289940815e-07,0.0002781904808,4.436753188e-06,3.669170173e-05,5.972615471e-07,0.0003566831246,1.561778953e-05,8.301474732e-05,4.005522312e-07,7.821446217e-05,5.37689903e-07,0.0002019383435,2.139437458e-06,0.2110602603
2866.0,4.094465238e-05,6.191949702e-07,0.0002791415821,4.462217105e-06,3.638888077e-05,5.909882811e-07,0.0003572065188,1.58157656e-05,8.18267638e-05,3.938303585e-07,7.73029559e-05,5.309516302e-07,0.0002044990159,2.291460687e-06,0.2110625517
2867.0,4.055892883e-05,6.104343764e-07,0.0002801859215,4.490822109e-06,3.60867145e-05,5.849291659e-07,0.0003581464844,1.601466718e-05,8.05820041e-05,3.867949618e-07,7.63632148e-05,5.23483119e-07,0.0002070715648,2.307580267e-06,0.2110648593
2868.0,4.024250739e-05,6.026267678e-07,0.0002813231915,4.521925329e-06,3.579315555e-05,5.792194691e-07,0.0003602943532,1.625327147e-05,7.929247134e-05,3.794669096e-07,7.536555098e-05,5.157145658e-07,0.0002101587898,2.625433953e-06,0.2110674848
2869.0,4.00039955e-05,5.960122541e-07,0.0002827425871,4.557547482e-06,3.552029316e-05,5.738216861e-07,0.000361002607,1.644996266e-05,7.79552188e-05,3.718889822e-07,7.431249491e-05,5.077552304e-07,0.0002127016507,2.547327383e-06,0.2110700321
2870.0,3.977820511e-05,5.906400551e-07,0.0002844057577,4.59788439e-06,3.526371453e-05,5.688421894e-07,0.0003624652388,1.669906681e-05,7.657397318e-05,3.640181734e-07,7.322927748e-05,4.990885927e-07,0.0002159246274,2.554738677e-06,0.2110725868
2871.0,3.964489407e-05,5.863744757e-07,0.0002863227396,4.644866493e-06,3.502672102e-05,5.645210834e-07,0.0003630322582,1.692993309e-05,7.514115473e-05,3.55884867e-07,7.208685269e-05,4.903328002e-07,0.000218911277,2.460333967e-06,0.2110750472
2872.0,3.955268751e-05,5.83158767e-07,0.0002884832578,4.698954565e-06,3.481494389e-05,5.607752944e-07,0.0003649192481,1.715947677e-05,7.366911944e-05,3.474710688e-07,7.091948698e-05,4.809268271e-07,0.0002218801882,2.203938359e-06,0.2110772511
2873.0,3.955718069e-05,5.813137373e-07,0.0002910194851,4.757629915e-06,3.463073668e-05,5.577151749e-07,0.000367704253,1.74430567e-05,7.216416208e-05,3.387267985e-07,6.969802507e-05,4.714913472e-07,0.0002255491213,2.261928446e-06,0.211079513
2874.0,3.966045154e-05,5.809194187e-07,0.0002938703879,4.817228342e-06,3.448282387e-05,5.553659278e-07,0.0003688589636,1.767894498e-05,7.062339876e-05,3.298580693e-07,6.845383416e-05,4.614340264e-07,0.0002285995257,1.968474773e-06,0.2110814815
2875.0,3.979760049e-05,5.814630495e-07,0.0002968962466,4.87616406e-06,3.435598718e-05,5.538532047e-07,0.0003722111439,1.795580902e-05,6.90416282e-05,3.207827427e-07,6.716476623e-05,4.512994172e-07,0.0002321822783,1.81545455e-06,0.211083297
2876.0,4.005163584e-05,5.832520973e-07,0.0003001028643,4.935115731e-06,3.427383992e-05,5.531816474e-07,0.0003740209477,1.822106646e-05,6.742620379e-05,3.114965447e-07,6.585593428e-05,4.40562897e-07,0.0002356139145,1.629408169e-06,0.2110849264
2877.0,4.032369136e-05,5.861000024e-07,0.0003034056838,4.993099267e-06,3.42207496e-05,5.531647604e-07,0.0003761744771,1.848601668e-05,6.577777334e-05,3.020743033e-07,6.450423776e-05,4.298227689e-07,0.0002390412967,1.331429915e-06,0.2110862578
2878.0,4.069015039e-05,5.901489789e-07,0.0003069418701,5.051153333e-06,3.421713057e-05,5.541717071e-07,0.0003814450496,1.879940596e-05,6.4108087e-05,2.925101837e-07,6.313452907e-05,4.186867206e-07,0.0002430961095,1.443746736e-06,0.2110877015
2879.0,4.113170436e-05,5.953282512e-07,0.000310526484,5.109552646e-06,3.426778177e-05,5.56223886e-07,0.0003831788821,1.906317886e-05,6.241903143e-05,2.827934073e-07,6.174396514e-05,4.071839261e-07,0.0002465072605,1.205917836e-06,0.2110889075
2880.0,4.156238923e-05,6.015117916e-07,0.0003140253356,5.166442779e-06,3.435490006e-05,5.592398339e-07,0.000387605467,1.937135678e-05,6.072662559e-05,2.729099458e-07,6.032099615e-05,3.956858731e-07,0.000250495299,1.186521567e-06,0.211090094
2881.0,4.211784808e-05,6.08837013e-07,0.0003176181348,5.221512876e-06,3.450304034e-05,5.632518002e-07,0.0003909079099,6.992256082e-06,5.896156981e-05,2.624668877e-07,5.884339821e-05,3.833482685e-07,9.041893488e-05,9.301946975e-07,0.2110910242
2882.0,4.316503172e-05,6.234800944e-07,0.0003259050174,5.36286654e-06,3.457215148e-05,5.642095841e-07,0.0003925868052,1.910721817e-05,5.73308133e-05,2.52804516e-07,5.748210903e-05,3.719676144e-07,0.0002470822162,7.926876516e-07,0.2110918169
2883.0,4.351440863e-05,6.28742716e-07,0.0003273844148,5.378713305e-06,3.489296942e-05,5.724214886e-07,0.0003989860356,1.959544584e-05,5.564539451e-05,2.427861685e-07,5.605378147e-05,3.599454157e-07,0.0002533983722,9.868380894e-07,0.2110928037
2884.0,4.404627734e-05,6.36219274e-07,0.00032919413,5.397942411e-06,3.53252164e-05,5.820572016e-07,0.0004030460871,2.012810051e-05,5.398623696e-05,2.32721752e-07,5.463138322e-05,3.478568869e-07,0.0002602864061,8.34311022e-07,0.211093638
2885.0,4.46039734e-05,6.447176352e-07,0.0003310449938,5.420444511e-06,3.577966619e-05,5.923871565e-07,0.000408989422,7.321341648e-06,5.230514521e-05,2.223565686e-07,5.318547352e-05,3.352321152e-07,9.467680779e-05,7.267500039e-07,0.2110943648
2886.0,4.573217268e-05,6.604656926e-07,0.0003377135904,5.535042845e-06,3.612149956e-05,5.983100176e-07,0.0004106211489,2.030621908e-05,5.077471167e-05,2.130080909e-07,5.187576505e-05,3.236811321e-07,0.0002625935653,8.043038986e-07,0.2110951691
2887.0,4.614762863e-05,6.672831633e-07,0.000338509711,5.541789834e-06,3.670642317e-05,6.104226199e-07,0.0004166385818,7.342719964e-06,4.920628018e-05,2.033020378e-07,5.052081676e-05,3.110810525e-07,9.495407211e-05,5.555551062e-07,0.2110957246
2888.0,4.719122916e-05,6.823460014e-07,0.0003443858239,5.638579748e-06,3.719799613e-05,6.184834813e-07,0.0004210517196,2.05922153e-05,4.78283408e-05,1.947783892e-07,4.929058395e-05,2.996383082e-07,0.0002662956694,7.492197639e-07,0.2110964738
2889.0,4.761144092e-05,6.889460295e-07,0.000344804946,5.632500376e-06,3.790731267e-05,6.32358209e-07,0.000426084261,2.125396009e-05,4.654403952e-05,1.864527688e-07,4.806426382e-05,2.881098301e-07,0.0002748542236,5.371461063e-07,0.211097011
2890.0,4.814540008e-05,6.97819022e-07,0.000345872856,5.638138445e-06,3.863322618e-05,6.46325998e-07,0.0004333123157,7.682767796e-06,4.531472262e-05,1.784386658e-07,4.687156525e-05,2.764657608e-07,9.935393788e-05,3.96132964e-07,0.2110974071
2891.0,4.923428983e-05,7.135766045e-07,0.0003517952836,5.736273387e-06,3.91643154e-05,6.549347209e-07,0.000435335845,2.160421329e-05,4.428257609e-05,1.721735573e-07,4.58477854e-05,2.663848821e-07,0.0002793889456,3.829117552e-07,0.21109779
2892.0,4.964630097e-05,7.208804728e-07,0.0003521701477,5.732481845e-06,3.992066672e-05,6.694712106e-07,0.0004413161201,7.72181042e-06,4.333042445e-05,1.661279437e-07,4.4808829e-05,2.562608427e-07,9.986066284e-05,1.057971299e-07,0.2110978958
2893.0,5.065752851e-05,7.359011371e-07,0.000357641342,5.822513265e-06,4.051179473e-05,6.786695838e-07,0.0004462000441,2.190793094e-05,4.260358994e-05,1.61711812e-07,4.396224325e-05,2.480103143e-07,0.000283323501,2.024419049e-07,0.2110980983
2894.0,5.107232129e-05,7.428052422e-07,0.0003579105061,5.813146806e-06,4.132837731e-05,6.932374562e-07,0.0004508818007,7.797404252e-06,4.192992672e-05,1.577408652e-07,4.315611892e-05,2.396885111e-07,0.0001008401469,-8.333522403e-08,0.2110980149
2895.0,5.196970284e-05,7.570932912e-07,0.0003629297199,5.893896552e-06,4.192068128e-05,7.022971638e-07,0.0004542282421,2.227233032e-05,4.150512003e-05,1.553857549e-07,4.252870009e-05,2.332584716e-07,0.0002880416405,-1.984183503e-07,0.2110978165
2896.0,5.235680696e-05,7.638317467e-07,0.000362879167,5.877800261e-06,4.271477053e-05,7.163337683e-07,0.0004601905246,2.299757415e-05,4.117580421e-05,1.536062605e-07,4.196744638e-05,2.273405818e-07,0.0002974242216,-3.362251676e-07,0.2110974803
2897.0,5.284999768e-05,7.727062751e-07,0.0003635660198,5.875060685e-06,4.345624777e-05,7.294256438e-07,0.0004654213446,8.133380715e-06,4.096114669e-05,1.522124269e-07,4.149264737e-05,2.22285161e-07,0.000105188783,-4.897871947e-07,0.2110969905
2898.0,5.38041221e-05,7.874738962e-07,0.0003687302898,5.960284273e-06,4.393459712e-05,7.358289019e-07,0.0004692599725,2.322317045e-05,4.098869587e-05,1.526386691e-07,4.123122352e-05,2.195559905e-07,0.0003003483049,-4.029253519e-07,0.2110965876
2899.0,5.422822402e-05,7.948586107e-07,0.000368903236,5.947260069e-06,4.46328938e-05,7.474746539e-07,0.0004739664757,8.140431772e-06,4.112531049e-05,1.532422481e-07,4.10359417e-05,2.170322851e-07,0.0001052813994,-5.482406046e-07,0.2110960393
2900.0,5.507393948e-05,8.085880131e-07,0.0003735010578,6.020540385e-06,4.508204301e-05,7.533362558e-07,0.000476305372,2.330653078e-05,4.150198506e-05,1.56136036e-07,4.105886105e-05,2.166342051e-07,0.0003014292604,-6.174815924e-07,0.2110954219
2901.0,5.543992801e-05,8.154865304e-07,0.0003732269761,5.996304622e-06,4.572363743e-05,7.64372995e-07,0.0004812010044,2.393597449e-05,4.208085039e-05,1.604140571e-07,4.116754489e-05,2.169576925e-07,0.0003095712873,-6.615594959e-07,0.2110947603
2902.0,5.587096317e-05,8.24094777e-07,0.0003735291562,5.982754078e-06,4.630856279e-05,7.744820354e-07,0.000486537982,8.368686384e-06,4.285857746e-05,1.657191297e-07,4.136049279e-05,2.180872609e-07,0.0001082348892,-7.690730273e-07,0.2110939912
2903.0,5.671425574e-05,8.373505914e-07,0.0003778714001,6.05045965e-06,4.663971944e-05,7.783017577e-07,0.0004895080993,2.394419426e-05,4.39874497e-05,1.730880228e-07,4.179709246e-05,2.226274535e-07,0.000309678995,-5.482885639e-07,0.2110934429
2904.0,5.706279322e-05,8.443422809e-07,0.0003775523792,6.024674283e-06,4.717264759e-05,7.872336065e-07,0.0004926445443,2.440756752e-05,4.527775439e-05,1.807236195e-07,4.241238046e-05,2.283589365e-07,0.0003156705781,-7.186308732e-07,0.2110927243
2905.0,5.744179798e-05,8.526208466e-07,0.0003776884499,6.009613217e-06,4.76434252e-05,7.951959378e-07,0.0004986701208,2.486964253e-05,4.670473122e-05,1.889315619e-07,4.321751445e-05,2.353217808e-07,0.0003216477858,-6.566092986e-07,0.2110920677
2906.0,5.789973487e-05,8.6131004e-07,0.0003781355412,6.001393251e-06,4.80484323e-05,8.018088571e-07,0.0005017363102,8.53030867e-06,4.810658284e-05,1.970368088e-07,4.409094324e-05,2.428767177e-07,0.000110325297,-7.511585339e-07,0.2110913165
2907.0,5.863088515e-05,8.735324446e-07,0.0003823436151,6.071273111e-06,4.821025613e-05,8.022435084e-07,0.000501873287,2.429681538e-05,4.971882589e-05,2.065451788e-07,4.519678115e-05,2.524621143e-07,0.0003142376698,-8.267337079e-07,0.2110904898
2908.0,5.892480294e-05,8.800899248e-07,0.0003820097053,6.044276059e-06,4.859289309e-05,8.08236541e-07,0.0005078599992,2.46483165e-05,5.134172651e-05,2.159026372e-07,4.636367927e-05,2.620297732e-07,0.0003187844326,-6.204519587e-07,0.2110898694
2909.0,5.926279667e-05,8.876564259e-07,0.0003819698043,6.024415292e-06,4.893752988e-05,8.137122441e-07,0.0005105011654,2.496217991e-05,5.294706916e-05,2.254622054e-07,4.761833796e-05,2.721106598e-07,0.0003228413753,-8.454241547e-07,0.2110890239
2910.0,5.95511955e-05,8.953210041e-07,0.000381863811,6.00711785e-06,4.92052407e-05,8.181419772e-07,0.0005152803539,2.522836451e-05,5.459266239e-05,2.351557266e-07,4.890349784e-05,2.82599192e-07,0.0003262847063,-8.597111812e-07,0.2110881642
2911.0,5.990231681e-05,9.030746015e-07,0.0003818972984,5.993010147e-06,4.943225771e-05,8.215316777e-07,0.0005177226691,2.53650936e-05,5.625589929e-05,2.44896371e-07,5.020142623e-05,2.934105534e-07,0.0003280519341,-9.779010108e-07,0.2110871863
2912.0,6.019524778e-05,9.107201042e-07,0.0003819690715,5.981185867e-06,4.960722542e-05,8.239493841e-07,0.0005198784246,2.537081004e-05,5.792709664e-05,2.546329213e-07,5.15156071e-05,3.044698866e-07,0.0003281245004,-1.249919077e-06,0.2110859364
2913.0,6.049090121e-05,9.181163969e-07,0.0003820733987,5.970008529e-06,4.975341342e-05,8.25566841e-07,0.0005226442742,2.53558609e-05,5.95830314e-05,2.643454208e-07,5.284942076e-05,3.157326449e-07,0.0003279316695,-1.13825769e-06,0.2110847981
2914.0,6.077612392e-05,9.251825662e-07,0.0003821894683,5.958684221e-06,4.987345632e-05,8.265221477e-07,0.0005235843453,2.523903267e-05,6.121192948e-05,2.740083896e-07,5.419919773e-05,3.270763379e-07,0.0003264175124,-1.442383278e-06,0.2110833558
2915.0,6.098129391e-05,9.317489522e-07,0.0003820882373,5.945157667e-06,4.99543024e-05,8.270117908e-07,0.0005250562075,2.514764004e-05,6.28178539e-05,2.835744449e-07,5.555395219e-05,3.385000389e-07,0.0003252356669,-1.556998049e-06,0.2110817988
2916.0,6.1191578e-05,9.380117176e-07,0.0003818127448,5.928382798e-06,5.000585309e-05,8.271593626e-07,0.000525195776,2.504410325e-05,6.440765046e-05,2.930669601e-07,5.691551141e-05,3.499264209e-07,0.0003238955966,-1.726845562e-06,0.2110800719
2917.0,6.134242687e-05,9.440101849e-07,0.0003812842161,5.908090816e-06,5.003614713e-05,8.270292064e-07,0.0005261927376,2.491457096e-05,6.598156651e-05,3.024614399e-07,5.829155773e-05,3.610145945e-07,0.0003222180917,-2.033306216e-06,0.2110780386
2918.0,6.149256785e-05,9.497347467e-07,0.0003805761202,5.884132096e-06,5.004922277e-05,8.267224759e-07,0.0005282796413,2.483416249e-05,6.752263805e-05,3.117128933e-07,5.964170171e-05,3.725097218e-07,0.0003211776731,-1.936564921e-06,0.211076102
2919.0,6.162197245e-05,9.552173222e-07,0.0003796252974,5.856758554e-06,5.004911838e-05,8.262103257e-07,0.0005283668752,2.467251926e-05,6.902864512e-05,3.208430532e-07,6.098690716e-05,3.836259315e-07,0.0003190837838,-2.214130688e-06,0.2110738879
2920.0,6.167458156e-05,9.604216817e-07,0.0003783808354,5.825778298e-06,5.001880541e-05,8.25388207e-07,0.0005303198623,2.452900654e-05,7.050421108e-05,3.297827863e-07,6.232650687e-05,3.943966603e-07,0.0003172273231,-2.275354195e-06,0.2110716126
2921.0,6.175542818e-05,9.654182296e-07,0.0003769879622,5.79183637e-06,4.996726527e-05,8.243205577e-07,0.0005301259972,2.43524764e-05,7.195365992e-05,3.385282133e-07,6.363737196e-05,4.054784303e-07,0.0003149421863,-2.361502067e-06,0.2110692511
2922.0,6.17554328e-05,9.701993942e-07,0.0003753225551,5.755081613e-06,4.989067243e-05,8.228525028e-07,0.0005293929021,2.416771886e-05,7.336920851e-05,3.471150074e-07,6.494543757e-05,4.158907314e-07,0.0003125501099,-2.120991561e-06,0.2110671301
2923.0,6.175941854e-05,9.747972151e-07,0.0003734943689,5.715402534e-06,4.979510684e-05,8.209742875e-07,0.0005311581855,2.396868972e-05,7.47547196e-05,3.554718473e-07,6.621432763e-05,4.266166119e-07,0.000309974425,-2.195451555e-06,0.2110649346
2924.0,6.175080864e-05,9.791876946e-07,0.0003715731541,5.673811222e-06,4.968577061e-05,8.186950912e-07,0.0005286797631,2.37063465e-05,7.611009557e-05,3.63572806e-07,6.746299334e-05,4.365589367e-07,0.0003065771973,-1.910014361e-06,0.2110630246
2925.0,6.165218838e-05,9.831576906e-07,0.0003694130318,5.629570783e-06,4.952901792e-05,8.159402179e-07,0.0005282555191,2.344284536e-05,7.741917541e-05,3.714479626e-07,6.866688554e-05,4.468321745e-07,0.0003031684987,-1.722137342e-06,0.2110613025
2926.0,6.158481031e-05,9.867558809e-07,0.0003671277728,5.583866267e-06,4.93575268e-05,8.127389225e-07,0.0005261903545,2.311946827e-05,7.868333265e-05,3.790949854e-07,6.9850755e-05,4.562517947e-07,0.0002989837257,-1.90260011e-06,0.2110593999
2927.0,6.143743037e-05,9.897898207e-07,0.0003645771693,5.536658376e-06,4.915022215e-05,8.091398804e-07,0.0005231815627,2.278430387e-05,7.991176105e-05,3.864840727e-07,7.098922138e-05,4.660289545e-07,0.0002946464721,-1.646764504e-06,0.2110577531
2928.0,6.128079999e-05,9.923414105e-07,0.0003618670927,5.487950926e-06,4.892054381e-05,8.05175998e-07,0.0005220146791,2.243738124e-05,8.108962601e-05,3.936055907e-07,7.210765636e-05,4.750028189e-07,0.0002901584605,-1.585134533e-06,0.211056168
2929.0,6.112410986e-05,9.942872196e-07,0.000359081217,5.436975945e-06,4.868274538e-05,8.009231986e-07,0.0005178277599,2.202360131e-05,8.221330749e-05,4.004170149e-07,7.318373236e-05,4.843601514e-07,0.0002848034804,-1.439790676e-06,0.2110547282
2930.0,6.09057436e-05,9.955726586e-07,0.0003560314783,5.383000118e-06,4.84087e-05,7.963545639e-07,0.000515016971,2.159597888e-05,8.32959615e-05,4.069703584e-07,7.42354232e-05,4.927672501e-07,0.000279272432,-1.539132202e-06,0.211053189
2931.0,6.071087384e-05,9.961864944e-07,0.0003528181516,5.327534e-06,4.812046832e-05,7.916465798e-07,0.0005096799859,2.113414628e-05,8.434141311e-05,4.132125184e-07,7.523771835e-05,5.012006605e-07,0.0002732978499,-1.600092949e-06,0.2110515889
2932.0,6.046544405e-05,9.960528171e-07,0.0003493766841,5.270856375e-06,4.781859106e-05,7.867260389e-07,0.0005056294053,2.06376126e-05,8.534362939e-05,4.191736722e-07,7.619427934e-05,5.096442549e-07,0.0002668735357,-1.635559751e-06,0.2110499534
2933.0,6.023439775e-05,9.951180638e-07,0.0003457947742,5.212340901e-06,4.750975297e-05,7.817761388e-07,0.000501402833,2.015801715e-05,8.628971565e-05,4.24791004e-07,7.71276209e-05,5.170789505e-07,0.0002606699464,-1.668849855e-06,0.2110482845
2934.0,5.998254931e-05,9.93417135e-07,0.0003420909585,5.151730318e-06,4.719292742e-05,7.768654606e-07,0.0004947869723,1.961801057e-05,8.719407584e-05,4.301282234e-07,7.800967312e-05,5.245641081e-07,0.0002536831868,-1.734817064e-06,0.2110465497
2935.0,5.967739831e-05,9.907837605e-07,0.0003382286714,5.089710413e-06,4.686196461e-05,7.720556342e-07,0.0004901180699,1.908819738e-05,8.804038565e-05,4.351307641e-07,7.883690779e-05,5.320740148e-07,0.0002468304761,-1.941515625e-06,0.2110446082
2936.0,5.939871748e-05,9.873672677e-07,0.0003342969364,5.027340688e-06,4.653109336e-05,7.674196773e-07,0.0004830175502,1.855978995e-05,8.883139518e-05,4.397985907e-07,7.963335646e-05,5.385620155e-07,0.0002399950826,-1.88862536e-06,0.2110427196
2937.0,5.903986403e-05,9.830659126e-07,0.0003302585224,4.96492433e-06,4.619105788e-05,7.62975986e-07,0.0004766555895,1.800603931e-05,8.956994932e-05,4.441710649e-07,8.037329307e-05,5.450448824e-07,0.0002328319126,-2.0469659e-06,0.2110406726
2938.0,5.867936587e-05,9.77901641e-07,0.0003261943938,4.902752616e-06,4.585665008e-05,7.587302094e-07,0.0004715278111,1.750001238e-05,9.025046443e-05,4.482060582e-07,8.106240307e-05,5.511325081e-07,0.0002262869991,-2.023822604e-06,0.2110386488
2939.0,5.830004015e-05,9.719415755e-07,0.0003221097746,4.840885916e-06,4.553268058e-05,7.546416491e-07,0.0004635896916,1.696244057e-05,9.088050449e-05,4.518855721e-07,8.16950135e-05,5.571855049e-07,0.0002193322102,-2.141675272e-06,0.2110365071
2940.0,5.783354747e-05,9.650288834e-07,0.0003178731075,4.779347782e-06,4.519738379e-05,7.506051293e-07,0.000456793393,1.648226683e-05,9.145512599e-05,4.552054844e-07,8.229776878e-05,5.621413589e-07,0.0002131223959,-1.970353301e-06,0.2110345368
2941.0,5.739575718e-05,9.573027182e-07,0.0003137137757,4.719571639e-06,4.487210223e-05,7.46586902e-07,0.0004493914415,1.598907136e-05,9.197471132e-05,4.581485669e-07,8.284421841e-05,5.670690802e-07,0.0002067431489,-2.186016268e-06,0.2110323507
2942.0,5.68834827e-05,9.487931878e-07,0.0003095489924,4.661433055e-06,4.454940873e-05,7.425164027e-07,0.0004409736061,1.553748144e-05,9.240441756e-05,4.606527425e-07,8.333976854e-05,5.715738456e-07,0.0002009021646,-1.96063846e-06,0.2110303901
2943.0,5.63541854e-05,9.395062317e-07,0.000305447436,4.605133802e-06,4.423818644e-05,7.383538646e-07,0.0004344217206,1.513095415e-05,9.281511392e-05,4.628180748e-07,8.37868412e-05,5.756582332e-07,0.0001956452646,-1.898507946e-06,0.2110284916
2944.0,5.581808455e-05,9.296642016e-07,0.0003015384504,4.552453863e-06,4.394656391e-05,7.341296164e-07,0.0004254036219,1.471835455e-05,9.315157956e-05,4.645970349e-07,8.417004521e-05,5.796882776e-07,0.0001903078009,-1.918928508e-06,0.2110265727
2945.0,5.519958783e-05,9.191220392e-07,0.0002976764156,4.502694413e-06,4.364209067e-05,7.296525117e-07,0.0004172601318,1.437585727e-05,9.342280934e-05,4.659803561e-07,8.451430683e-05,5.825255678e-07,0.000185879045,-1.754561013e-06,0.2110248181
2946.0,5.460584479e-05,9.07903909e-07,0.0002940140109,4.457864495e-06,4.334246693e-05,7.249952983e-07,0.0004082822215,1.41045548e-05,9.36283093e-05,4.669745449e-07,8.479298104e-05,5.852625645e-07,0.000182370467,-9.254424582e-07,0.2110238927
2947.0,5.396750662e-05,8.960531545e-07,0.0002905932674,4.417332495e-06,4.304326923e-05,7.200851025e-07,0.000400393498,1.383923732e-05,9.37694424e-05,4.675147731e-07,8.502111306e-05,5.875247029e-07,0.0001789390524,-5.613616077e-07,0.2110233313
2948.0,5.334678872e-05,8.836181083e-07,0.0002874699495,4.383389684e-06,4.274554448e-05,7.149405647e-07,0.0003946502781,1.366028939e-05,9.384424708e-05,4.676548548e-07,8.520125905e-05,5.893251115e-07,0.0001766253295,2.982395602e-07,0.2110236295
2949.0,5.271428545e-05,8.706313159e-07,0.0002846779078,4.355132447e-06,4.245193475e-05,7.095007563e-07,0.0003862479414,1.347583632e-05,9.385688281e-05,4.673635586e-07,8.533114435e-05,5.906184378e-07,0.0001742390249,7.69797246e-07,0.2110243993
2950.0,5.201469979e-05,8.570505945e-07,0.0002822429686,4.331765806e-06,4.214101956e-05,7.037367759e-07,0.0003814469594,1.336302387e-05,9.381808961e-05,4.667685532e-07,8.53918636e-05,5.917754103e-07,0.0001727805894,1.392940042e-06,0.2110257923
2951.0,5.134061926e-05,8.430095564e-07,0.0002801876268,4.3123733e-06,4.18274859e-05,6.977569006e-07,0.0003744885529,1.327375762e-05,9.368984547e-05,4.655786401e-07,8.541669507e-05,5.916977028e-07,0.0001716261277,1.173158375e-06,0.2110269654
2952.0,5.058706551e-05,8.2841328e-07,0.0002784577419,4.296882034e-06,4.149931681e-05,6.915917881e-07,0.0003689997382,1.319479341e-05,9.349780861e-05,4.639806933e-07,8.537307099e-05,5.9149319e-07,0.0001706046985,1.217229097e-06,0.2110281827
2953.0,4.98665962e-05,8.134190857e-07,0.0002770812466,4.284634018e-06,4.11809646e-05,6.851782768e-07,0.0003661085953,1.3177973e-05,9.323882287e-05,4.6197514e-07,8.52726475e-05,5.907723027e-07,0.0001703875101,1.360091142e-06,0.2110295428
2954.0,4.915423089e-05,7.982112262e-07,0.0002760456737,4.275846732e-06,4.08662918e-05,6.785324126e-07,0.0003603594807,1.312114743e-05,9.291356195e-05,4.595003244e-07,8.511263038e-05,5.895992485e-07,0.0001696516997,1.25293527e-06,0.2110307957
2955.0,4.840614424e-05,7.827787731e-07,0.0002751520699,4.270385479e-06,4.052542756e-05,6.717204571e-07,0.0003578677793,1.31709577e-05,9.251423717e-05,4.566414981e-07,8.489193375e-05,5.87911588e-07,0.000170296513,9.621033615e-07,0.2110317578
2956.0,4.773313898e-05,7.672596171e-07,0.0002745313476,4.268099025e-06,4.018909397e-05,6.647590523e-07,0.0003546817605,1.323786839e-05,9.204645961e-05,4.533493316e-07,8.460408016e-05,5.860726643e-07,0.0001711615852,3.268221561e-07,0.2110320846
2957.0,4.702807157e-05,7.517533073e-07,0.0002741111766,4.26806568e-06,3.984950885e-05,6.576445915e-07,0.0003527150736,1.334114385e-05,9.15092532e-05,4.496290535e-07,8.427735949e-05,5.830139791e-07,0.0001724966723,-3.202254272e-07,0.2110317644
2958.0,4.635266619e-05,7.362865869e-07,0.0002739747281,4.270761557e-06,3.950829002e-05,6.503954071e-07,0.0003526518012,1.351466275e-05,9.089741801e-05,4.455639255e-07,8.387931637e-05,5.797722504e-07,0.000174741219,-6.125186138e-07,0.2110311519
2959.0,4.570360017e-05,7.210224674e-07,0.0002740729135,4.275608626e-06,3.917660694e-05,6.430358468e-07,0.0003515251464,1.36594985e-05,9.022562016e-05,4.410911899e-07,8.342663707e-05,5.760223957e-07,0.0001766129612,-1.198371581e-06,0.2110299535
2960.0,4.501111352e-05,7.05840859e-07,0.0002742609771,4.281800265e-06,3.883171443e-05,6.355996853e-07,0.0003515654092,1.389866071e-05,8.948468948e-05,4.362700274e-07,8.29156495e-05,5.717740298e-07,0.0001797063416,-1.28753513e-06,0.211028666
2961.0,4.43664172e-05,6.909040263e-07,0.0002745519155,4.290004259e-06,3.848675146e-05,6.282051925e-07,0.000350965684,1.413502613e-05,8.867569241e-05,4.310639257e-07,8.234365425e-05,5.673063953e-07,0.0001827629896,-8.482908073e-07,0.2110278177
2962.0,4.371803269e-05,6.764448282e-07,0.0002749546716,4.300444413e-06,3.814622534e-05,6.209418435e-07,0.0003515662415,1.43611041e-05,8.779834437e-05,4.255010706e-07,8.172698366e-05,5.617914762e-07,0.0001856862038,-5.303117757e-07,0.2110272874
2963.0,4.315504258e-05,6.629038259e-07,0.0002754762488,4.313880494e-06,3.780770337e-05,6.137640807e-07,0.0003531020671,1.462326767e-05,8.685788977e-05,4.195914631e-07,8.104796926e-05,5.561054631e-07,0.0001890771517,3.932505545e-07,0.2110276806
2964.0,4.265015872e-05,6.502355491e-07,0.000276093415,4.330078366e-06,3.747931367e-05,6.066753555e-07,0.0003527382238,1.486352569e-05,8.586234137e-05,4.133167043e-07,8.03086416e-05,5.500529811e-07,0.0001921831588,1.005644181e-06,0.2110286863
2965.0,4.213251884e-05,6.380850453e-07,0.0002767687531,4.348446846e-06,3.714440119e-05,5.997296934e-07,0.000354855264,1.514755771e-05,8.480478689e-05,4.067629681e-07,7.951938264e-05,5.437841665e-07,0.0001958571501,2.01552485e-06,0.2110307018
2966.0,4.169305404e-05,6.267292207e-07,0.0002775783293,4.368577275e-06,3.682461168e-05,5.931538725e-07,0.0003554618798,1.543624279e-05,8.367912012e-05,3.998718992e-07,7.868924767e-05,5.365381316e-07,0.0001995904637,2.744980569e-06,0.2110334468
2967.0,4.122798714e-05,6.16158506e-07,0.0002784237093,4.39071558e-06,3.65107269e-05,5.867749973e-07,0.0003561987329,1.570850538e-05,8.250791771e-05,3.926620131e-07,7.779942855e-05,5.291316394e-07,0.0002031114684,3.225765965e-06,0.2110366725
2968.0,4.082644109e-05,6.063758151e-07,0.0002793898003,4.415956353e-06,3.620578063e-05,5.805337767e-07,0.0003595456257,1.597192265e-05,8.127807523e-05,3.851332655e-07,7.685565875e-05,5.216799064e-07,0.0002065191462,3.395693707e-06,0.2110400682
2969.0,4.045527591e-05,5.975946369e-07,0.000280548919,4.445541854e-06,3.592219139e-05,5.74664984e-07,0.0003589016921,1.620556681e-05,8.000061402e-05,3.773105788e-07,7.588251514e-05,5.132659178e-07,0.0002095401575,3.479335073e-06,0.2110435476
2970.0,4.007861173e-05,5.898094003e-07,0.0002817041984,4.479792151e-06,3.56208194e-05,5.691412839e-07,0.0003607509965,1.643603922e-05,7.867004229e-05,3.692173181e-07,7.484976787e-05,5.04772109e-07,0.0002125224605,3.444610091e-06,0.2110469922
2971.0,3.985606436e-05,5.834500776e-07,0.0002832106043,4.520478236e-06,3.535274573e-05,5.641127149e-07,0.0003614918599,1.664252339e-05,7.73011716e-05,3.60843197e-07,7.376479457e-05,4.961012079e-07,0.0002151931978,3.101443275e-06,0.2110500936
2972.0,3.967906998e-05,5.787021173e-07,0.0002849752828,4.56709174e-06,3.510383012e-05,5.595789362e-07,0.000361985861,1.683583656e-05,7.588044193e-05,3.521938923e-07,7.264740889e-05,4.866183654e-07,0.0002176937114,2.431878322e-06,0.2110525255
2973.0,3.957922103e-05,5.753184571e-07,0.0002869930983,4.620935087e-06,3.487678624e-05,5.557467392e-07,0.000365030037,1.707374883e-05,7.441548759e-05,3.43299754e-07,7.14737946e-05,4.77156201e-07,0.0002207722164,2.014776486e-06,0.2110545403
2974.0,3.956663215e-05,5.731640987e-07,0.0002893711838,4.680000243e-06,3.468882559e-05,5.524768045e-07,0.0003657211022,1.730309981e-05,7.291265775e-05,3.341321334e-07,7.027507649e-05,4.669324452e-07,0.0002237376538,1.161454669e-06,0.2110557017
2975.0,3.957094004e-05,5.722804502e-07,0.0002920098435,4.74008651e-06,3.451708385e-05,5.498406686e-07,0.0003685097518,1.76123345e-05,7.137577987e-05,3.248516299e-07,6.902472051e-05,4.5679828e-07,0.0002277383641,5.207753314e-07,0.2110562225
2976.0,3.970180372e-05,5.726726792e-07,0.0002948869381,4.799978257e-06,3.436870079e-05,5.480909201e-07,0.000369758609,1.792148059e-05,6.980091777e-05,3.153918029e-07,6.775353e-05,4.459436906e-07,0.0002317374775,-8.225742758e-08,0.2110561402
2977.0,3.985691487e-05,5.743442143e-07,0.0002979355216,4.859591311e-06,3.425693855e-05,5.470140543e-07,0.0003728378983,1.825538824e-05,6.818933431e-05,3.05761396e-07,6.64365016e-05,4.351816972e-07,0.0002360562386,-6.465500558e-07,0.2110554937
2978.0,4.010083227e-05,5.77315462e-07,0.0003011550974,4.919406851e-06,3.41849827e-05,5.467611807e-07,0.0003765124071,1.856637556e-05,6.65409179e-05,2.959818169e-07,6.510074993e-05,4.237911396e-07,0.0002400800083,-6.527204503e-07,0.211054841
2979.0,4.042155839e-05,5.815615801e-07,0.0003045687255,4.979015068e-06,3.415673012e-05,5.474266482e-07,0.000378194041,1.886960147e-05,6.486845995e-05,2.860852665e-07,6.372675042e-05,4.125059231e-07,0.000244001191,-8.062106708e-07,0.2110540348
2980.0,4.078373394e-05,5.870234068e-07,0.000308028241,5.038420751e-06,3.41656695e-05,5.490998119e-07,0.0003825139357,7.133534148e-06,6.310406345e-05,2.756241851e-07,6.227239062e-05,4.003011622e-07,9.224403386e-05,8.196972862e-08,0.2110541167
2981.0,4.175499752e-05,6.004247982e-07,0.0003160660425,5.181452856e-06,3.411630264e-05,5.481881757e-07,0.000383138546,1.859163184e-05,6.146426451e-05,2.658889102e-07,6.091949732e-05,3.887735951e-07,0.0002404107043,-8.401444636e-08,0.2110540327
2982.0,4.198601422e-05,6.046886438e-07,0.0003176813522,5.204493881e-06,3.426140837e-05,5.53571982e-07,0.0003874042489,1.900260563e-05,5.975940528e-05,2.557583751e-07,5.948106858e-05,3.769075411e-07,0.0002457263059,3.04655682e-07,0.2110543374
2983.0,4.241351547e-05,6.11306454e-07,0.000319659508,5.230729157e-06,3.451842702e-05,5.602432406e-07,0.0003933849214,1.950510929e-05,5.805756842e-05,2.456308663e-07,5.805119618e-05,3.648101262e-07,0.0002522269437,1.150230352e-06,0.2110554876
2984.0,4.294015632e-05,6.190335183e-07,0.0003218607475,5.259734461e-06,3.482984758e-05,5.677788427e-07,0.0003967201305,7.325409732e-06,5.628816915e-05,2.351682273e-07,5.656869278e-05,3.521568473e-07,9.472732443e-05,1.833647273e-06,0.2110573212
2985.0,4.395232676e-05,6.342517367e-07,0.0003287035563,5.375860606e-06,3.503479125e-05,5.718025546e-07,0.0003995827049,1.965868751e-05,5.465493505e-05,2.255521442e-07,5.518832847e-05,3.405848556e-07,0.0002542160368,2.20166541e-06,0.2110595229
2986.0,4.435618797e-05,6.405795152e-07,0.0003297044476,5.385791529e-06,3.545129508e-05,5.821654441e-07,0.0004047568426,2.02151983e-05,5.300887611e-05,2.158586908e-07,5.376857004e-05,3.286174342e-07,0.0002614137153,2.624595882e-06,0.2110621475
2987.0,4.487371186e-05,6.490864469e-07,0.0003313008177,5.407504689e-06,3.594501061e-05,5.931734095e-07,0.0004091686673,7.526699762e-06,5.134558179e-05,2.060926779e-07,5.232922743e-05,3.16339961e-07,9.733226517e-05,1.95589713e-06,0.2110641034
2988.0,4.593522884e-05,6.648529762e-07,0.0003377363594,5.520372716e-06,3.631968607e-05,5.99784864e-07,0.0004132557413,2.046380604e-05,4.982358584e-05,1.973793489e-07,5.103920334e-05,3.052740894e-07,0.0002646324405,2.759583029e-06,0.211066863
2989.0,4.637762319e-05,6.718256747e-07,0.0003386537501,5.527695927e-06,3.693237351e-05,6.123140372e-07,0.0004179674496,7.530096355e-06,4.830013059e-05,1.884397268e-07,4.969675122e-05,2.934278742e-07,9.737713402e-05,1.843268977e-06,0.2110687063
2990.0,4.738854967e-05,6.871553578e-07,0.0003445249457,5.62581412e-06,3.742207892e-05,6.208309063e-07,0.0004214988519,2.078477943e-05,4.697793617e-05,1.808685626e-07,4.848739756e-05,2.828385048e-07,0.000268786448,1.884240971e-06,0.2110705905
2991.0,4.78127124e-05,6.939901507e-07,0.0003448760726,5.621016376e-06,3.811935481e-05,6.350375917e-07,0.0004270997198,7.614379402e-06,4.570808344e-05,1.734563737e-07,4.724773972e-05,2.716682299e-07,9.846901719e-05,1.703241453e-06,0.2110722937
2992.0,4.877093617e-05,7.088303046e-07,0.0003500435007,5.706589152e-06,3.86889995e-05,6.451497722e-07,0.0004307868091,2.130676235e-05,4.460409679e-05,1.673481323e-07,4.617936733e-05,2.618235617e-07,0.0002755404094,7.573344816e-07,0.2110730511
2993.0,4.917498538e-05,7.155152729e-07,0.0003500152495,5.69467944e-06,3.946753279e-05,6.604417285e-07,0.0004388749618,7.798182046e-06,4.356672271e-05,1.613772652e-07,4.510296792e-05,2.51950765e-07,0.0001008479122,9.952641815e-07,0.2110740463
2994.0,5.01357078e-05,7.301138142e-07,0.0003549302505,5.775367601e-06,4.009457972e-05,6.707123422e-07,0.0004408257837,2.188280441e-05,4.276174495e-05,1.569157242e-07,4.418618398e-05,2.439382235e-07,0.000282995378,6.967029661e-08,0.211074116
2995.0,5.04948003e-05,7.369859654e-07,0.0003548024069,5.762725841e-06,4.089534736e-05,6.854201414e-07,0.0004486467999,7.95377668e-06,4.202318515e-05,1.527856989e-07,4.331905754e-05,2.357926289e-07,0.0001028622267,5.136670026e-07,0.2110746297
2996.0,5.144069057e-05,7.514412151e-07,0.0003597564988,5.843833205e-06,4.150656263e-05,6.947526355e-07,0.0004503232822,2.23755945e-05,4.151062814e-05,1.503335343e-07,4.264474655e-05,2.293713909e-07,0.0002893753997,-1.850501252e-07,0.2110744446
2997.0,5.179241515e-05,7.583965496e-07,0.0003596713661,5.829723401e-06,4.228317242e-05,7.084693153e-07,0.0004560700959,8.039757659e-06,4.107078553e-05,1.483266236e-07,4.198992003e-05,2.230744614e-07,0.000103976262,4.241826192e-07,0.2110748688
2998.0,5.271678733e-05,7.727663576e-07,0.0003644757067,5.9076197e-06,4.285837511e-05,7.166194854e-07,0.0004607656941,2.275189834e-05,4.085773214e-05,1.478963348e-07,4.153594514e-05,2.187270209e-07,0.0002942489297,1.920144266e-07,0.2110750608
2999.0,5.311597037e-05,7.798697628e-07,0.0003643775156,5.889517465e-06,4.360407703e-05,7.292897531e-07,0.0004648639826,8.055362857e-06,4.074367176e-05,1.478943133e-07,4.112517043e-05,2.148873289e-07,0.0001041798476,8.618350246e-07,0.2110759227
3000.0,5.396704924e-05,7.937144003e-07,0.0003688270367,5.962732127e-06,4.411376978e-05,7.363135993e-07,0.0004684065246,2.305160662e-05,4.086401646e-05,1.497325161e-07,4.093147047e-05,2.132902466e-07,0.0002981297518,7.439069414e-07,0.2110766666
3001.0,5.434630154e-05,6.778163582e-11,0.0003684976598,3.531089618e-11,4.479972261e-05,7.464363865e-11,0.0004738576919,9.260728318e-11,4.109661185e-05,7.033954889e-11,4.079904481e-05,1.078227598e-11,1.197708719e-09,-1.744596686e-10,-1.744596686e-10
3002.0,5.542166253e-05,6.981739196e-11,0.0003761823489,3.635084924e-11,4.505872276e-05,7.449831663e-11,0.0004779466013,7.964509028e-11,4.154445237e-05,7.479494086e-11,4.090060168e-05,1.108325872e-11,1.030075637e-09,3.360251824e-10,1.615655138e-10
3003.0,5.614766703e-05,7.155453554e-11,0.0003804548189,3.685978243e-11,4.546137425e-05,7.469869496e-11,0.0004831525837,7.925537041e-11,4.233037746e-05,7.962202928e-11,4.111931282e-05,1.149028973e-11,1.025048484e-09,3.801657076e-10,5.417312214e-10
3004.0,5.675156372e-05,7.326335182e-11,0.0003825302692,3.695086759e-11,4.603508575e-05,7.529603713e-11,0.0004861893983,8.860552489e-11,4.338096539e-05,8.471099279e-11,4.145701332e-05,1.198595834e-11,1.145975894e-09,-1.739528435e-10,3.677783779e-10
3005.0,5.725345539e-05,7.501209206e-11,0.0003829754061,3.677902154e-11,4.666970489e-05,7.612830345e-11,0.000489504362,8.996438096e-11,4.462009036e-05,9.001120535e-11,4.201888648e-05,1.255462583e-11,1.163557694e-09,3.123857183e-10,6.801640963e-10
3006.0,5.777603941e-05,7.681025247e-11,0.0003826832814,3.650248453e-11,4.730029714e-05,7.700764279e-11,0.0004919870205,8.529643931e-11,4.603610381e-05,9.542595465e-11,4.279268957e-05,1.318669983e-11,1.103185924e-09,-2.376342244e-10,4.425298719e-10
3007.0,5.822692255e-05,7.864157636e-11,0.0003823457083,3.623673244e-11,4.787280942e-05,7.778252942e-11,0.0004962244572,7.509034171e-11,4.75574613e-05,8.607544867e-12,4.37075606e-05,1.386732125e-11,9.711797846e-10,-1.834456578e-10,2.590842141e-10
3008.0,5.865788243e-05,8.048372282e-11,0.0003823314022,3.604393655e-11,4.835783029e-05,7.837157929e-11,0.0005018501598,8.583520564e-11,4.913452297e-05,9.093752371e-12,4.474656995e-05,1.458152455e-11,1.110146161e-09,2.896707871e-10,5.487550012e-10
3009.0,5.907703853e-05,8.230386325e-11,0.0003827624863,3.593661444e-11,4.875284116e-05,7.875642838e-11,0.0005054385108,8.176507473e-11,5.076873177e-05,9.580940682e-12,4.591246962e-05,1.532467679e-11,1.057494441e-09,2.793268032e-10,8.280818044e-10
3010.0,5.943170349e-05,8.406517302e-11,0.0003834968161,3.590399396e-11,4.90585313e-05,7.896944772e-11,0.0005103019988,9.607076084e-11,5.241273338e-05,1.006657946e-11,4.718541873e-05,1.609285334e-11,1.242513934e-09,3.326208948e-10,1.160702699e-09
3011.0,5.984483836e-05,8.575294449e-11,0.0003843559072,3.591522573e-11,4.93093633e-05,7.906513491e-11,0.000512798525,7.588966962e-11,5.408896461e-05,1.054935001e-11,4.849558739e-05,1.68792733e-11,9.814989046e-10,2.352174753e-10,1.395920174e-09
3012.0,6.021128339e-05,8.735916092e-11,0.0003850981442,3.593788338e-11,4.951295735e-05,7.909634616e-11,0.0005145662701,8.987379526e-11,5.578218039e-05,1.103049358e-11,4.98231284e-05,1.767934963e-11,1.162349211e-09,3.08422392e-10,1.704342566e-09
3013.0,6.05795209e-05,8.888007654e-11,0.000385665979,3.594847685e-11,4.969586604e-05,7.910531586e-11,0.0005182834822,8.631533681e-11,5.749079188e-05,1.150898765e-11,5.116176252e-05,1.849188847e-11,1.116325173e-09,3.106153694e-10,2.014957936e-09
3014.0,6.089883657e-05,9.031629451e-11,0.0003859874277,3.593392642e-11,4.986419146e-05,7.910195691e-11,0.0005178627828,7.457810991e-11,5.919144515e-05,1.198159785e-11,5.25216821e-05,1.930691582e-11,9.645182833e-10,2.776792958e-10,2.292637232e-09
3015.0,6.11090037e-05,9.168104294e-11,0.000385873171,3.588762709e-11,4.999713594e-05,7.908993354e-11,0.0005200806204,9.832270856e-11,6.086586499e-05,1.244950493e-11,5.389923777e-05,2.012951805e-11,1.271609862e-09,-2.041280938e-10,2.088509138e-09
3016.0,6.13383157e-05,9.298538311e-11,0.000385473861,3.581316232e-11,5.011578181e-05,7.906838415e-11,0.0005214690481,7.971358784e-11,6.252671339e-05,1.291142937e-11,5.528590463e-05,2.095229823e-11,1.03093377e-09,-1.72323333e-10,1.916185805e-09
3017.0,6.14818311e-05,9.423118959e-11,0.0003848245041,3.570798357e-11,5.019978793e-05,7.902624675e-11,0.0005226987,7.163786915e-11,6.416753021e-05,1.33668868e-11,5.66757769e-05,2.17741201e-11,9.264885294e-10,2.683838145e-10,2.184569619e-09
3018.0,6.162356877e-05,9.541654209e-11,0.0003839346169,3.557783954e-11,5.025604841e-05,7.893831331e-11,0.0005258165964,7.692803632e-11,6.579206121e-05,1.381610975e-11,5.808325365e-05,2.258960858e-11,9.94908091e-10,2.993894264e-10,2.483959046e-09
3019.0,6.178144339e-05,9.6538149e-11,0.0003829951839,3.542644595e-11,5.030349103e-05,7.879845054e-11,0.0005259797023,8.229850093e-11,6.738790603e-05,1.425614405e-11,5.947041694e-05,2.339961852e-11,1.064354567e-09,3.380959799e-10,2.822055026e-09
3020.0,6.187917368e-05,9.759029702e-11,0.0003818151915,3.526071912e-11,5.031178421e-05,7.860894086e-11,0.0005273748043,7.524852109e-11,6.89454579e-05,1.468879804e-11,6.084757755e-05,2.420108142e-11,9.731791282e-10,2.931308084e-10,3.115185834e-09
3021.0,6.199224149e-05,9.856541368e-11,0.0003804791314,3.508292671e-11,5.029525276e-05,7.837933646e-11,0.0005267078702,8.931140593e-11,7.046356463e-05,1.511287529e-11,6.221758989e-05,2.499297615e-11,1.155049069e-09,-2.498320346e-10,2.865353799e-09
3022.0,6.203384157e-05,9.945615287e-11,0.0003790066105,3.489492396e-11,5.024533895e-05,7.810284241e-11,0.0005275167867,9.651846715e-11,7.195698119e-05,1.552671568e-11,6.355283951e-05,2.577514123e-11,1.248247849e-09,-1.9807464e-10,2.667279159e-09
3023.0,6.205743967e-05,2.730492543e-11,0.0003774290841,3.469896159e-11,5.01704652e-05,7.778045691e-11,0.0005282387249,9.368929818e-11,7.340833217e-05,1.593048879e-11,6.488081034e-05,2.654503669e-11,1.211653071e-09,3.427899958e-10,3.010069155e-09
3024.0,6.204235752e-05,2.748843533e-11,0.0003756436759,3.448913504e-11,5.006777544e-05,7.7421812e-11,0.0005267703854,8.904417843e-11,7.48259073e-05,1.632269551e-11,6.616966842e-05,2.730490835e-11,1.151562536e-09,-1.966380507e-10,2.813431105e-09
3025.0,6.194808311e-05,2.764516892e-11,0.0003736391517,3.426376829e-11,4.992520852e-05,7.70387546e-11,0.0005273319099,9.543470719e-11,7.620972918e-05,1.670481451e-11,6.743728014e-05,2.80458584e-11,1.234199757e-09,-2.11819398e-10,2.601611707e-09
3026.0,6.186884411e-05,2.7774968e-11,0.0003714726345,3.402214195e-11,4.97581394e-05,7.662873707e-11,0.0005250603705,9.036543363e-11,7.754944416e-05,1.707492148e-11,6.865544567e-05,2.878065185e-11,1.16862763e-09,-2.521424291e-10,2.349469277e-09
3027.0,6.171558913e-05,2.787960743e-11,0.0003690233274,3.37613419e-11,4.95580064e-05,7.618534927e-11,0.0005235537791,9.446978146e-11,7.883981285e-05,1.743362937e-11,6.985572777e-05,2.950059355e-11,1.221692319e-09,-2.624901447e-10,2.086979133e-09
3028.0,6.157744327e-05,2.795939316e-11,0.000366378374,3.348487429e-11,4.934805864e-05,7.571653104e-11,0.0005229527976,9.641014196e-11,8.009376331e-05,1.778059899e-11,7.100622583e-05,3.021208548e-11,1.246775319e-09,-2.280740762e-10,1.858905057e-09
3029.0,6.142034919e-05,2.80145671e-11,0.0003635893341,3.31920385e-11,4.912427918e-05,7.522707174e-11,0.0005189871686,7.794006966e-11,8.129860312e-05,1.811433062e-11,7.213628938e-05,3.090311141e-11,1.007902347e-09,-1.704012425e-10,1.688503814e-09
3030.0,6.118555525e-05,2.804537281e-11,0.0003605061732,3.288269925e-11,4.886162471e-05,7.47097428e-11,0.0005159584475,7.985677363e-11,8.244932804e-05,1.843508914e-11,7.322231554e-05,3.158107952e-11,1.03268373e-09,-1.917516702e-10,1.496752144e-09
3031.0,6.099439268e-05,2.805082188e-11,0.0003572796466,3.256061899e-11,4.858233671e-05,7.416828953e-11,0.0005121698233,6.985220213e-11,8.355521822e-05,1.873959652e-11,7.428574152e-05,3.223630067e-11,9.033003075e-10,-1.550039057e-10,1.341748238e-09
3032.0,6.07443062e-05,2.803046444e-11,0.0003538531907,3.222651488e-11,4.828420421e-05,7.360794083e-11,0.0005073860772,9.903625823e-11,8.462129021e-05,1.903090777e-11,7.529896346e-05,3.287689705e-11,1.280682918e-09,3.601446943e-10,1.701892933e-09
3033.0,6.049275124e-05,2.798401159e-11,0.0003502190977,3.188357717e-11,4.797465469e-05,7.303237869e-11,0.0005043372624,9.565334994e-11,8.563311616e-05,1.93082528e-11,7.626637621e-05,3.349788965e-11,1.236931266e-09,3.926623376e-10,2.09455527e-09
3034.0,6.025001613e-05,2.790992058e-11,0.0003465264312,3.153113018e-11,4.766456433e-05,7.24469756e-11,0.0004987050899,7.74760767e-11,8.660632413e-05,1.95715404e-11,7.72081449e-05,3.4090389e-11,1.001857647e-09,3.211906258e-10,2.415745896e-09
3035.0,5.993642666e-05,2.780844897e-11,0.0003425988552,3.117303577e-11,4.73238706e-05,7.185812079e-11,0.0004937146576,7.708000822e-11,8.752410667e-05,1.981945366e-11,7.809749342e-05,3.466160433e-11,9.967326792e-10,3.245008884e-10,2.740246784e-09
3036.0,5.966166766e-05,2.767908716e-11,0.0003385591207,3.080781406e-11,4.697379693e-05,7.127553276e-11,0.0004872912291,9.652220571e-11,8.838653774e-05,2.005211538e-11,7.893213575e-05,3.521465635e-11,1.248131508e-09,-1.755435616e-10,2.564703223e-09
3037.0,5.933512161e-05,2.752157141e-11,0.0003344306418,3.044291036e-11,4.662580118e-05,7.070042077e-11,0.0004813007439,8.39788748e-11,8.918733884e-05,2.026978066e-11,7.973099502e-05,3.573358232e-11,1.085922162e-09,-1.539633053e-10,2.410739918e-09
3038.0,5.900244049e-05,2.733464114e-11,0.0003303096432,3.007678681e-11,4.628079653e-05,7.014342877e-11,0.0004763173037,7.22653502e-11,8.993264058e-05,2.046876273e-11,8.047220078e-05,3.62309687e-11,9.344497358e-10,2.716082091e-10,2.682348127e-09
3039.0,5.864777427e-05,2.711884934e-11,0.0003261399798,2.971052333e-11,4.593460205e-05,6.959671164e-11,0.0004680378801,7.395133501e-11,9.061946799e-05,2.065058322e-11,8.116491376e-05,3.670231445e-11,9.562358533e-10,-1.522786155e-10,2.530069511e-09
3040.0,5.820240312e-05,9.921650807e-11,0.0003218226106,2.934643956e-11,4.557524013e-05,6.90593054e-11,0.0004627238227,9.28659048e-11,9.125092895e-05,2.081518548e-11,8.179872271e-05,3.715173886e-11,1.200804159e-09,3.101934895e-10,2.840263001e-09
3041.0,5.777881959e-05,9.824199079e-11,0.0003174907437,2.899383727e-11,4.522751524e-05,6.853255929e-11,0.0004544217124,6.944029801e-11,9.182747104e-05,2.096098696e-11,8.24014922e-05,3.756344132e-11,8.978890319e-10,-1.475009423e-10,2.692762058e-09
3042.0,5.726823468e-05,9.716192893e-11,0.0003131436313,2.864856568e-11,4.487492414e-05,6.799816717e-11,0.0004470551229,6.922164212e-11,9.233840788e-05,2.108647827e-11,8.294661475e-05,3.795202323e-11,8.950527701e-10,-1.506588705e-10,2.542103188e-09
3043.0,5.676251579e-05,9.597630332e-11,0.0003088915861,2.83142635e-11,4.454080633e-05,6.74610151e-11,0.0004413375976,7.53447557e-11,9.27984395e-05,2.119548079e-11,8.344160218e-05,3.830779014e-11,9.742195735e-10,-1.756386183e-10,2.36646457e-09
3044.0,5.623754296e-05,9.469200836e-11,0.0003047644065,2.799561963e-11,4.422411526e-05,6.691848829e-11,0.0004316780909,9.786943897e-11,9.319186781e-05,2.128503954e-11,8.388600342e-05,3.863125755e-11,1.265448723e-09,-2.651878649e-10,2.101276705e-09
3045.0,5.562705524e-05,9.330755822e-11,0.0003006183192,2.769550706e-11,4.389761359e-05,6.636175962e-11,0.0004243014546,9.432356991e-11,9.352307209e-05,2.135611957e-11,8.426750305e-05,3.892872537e-11,1.219597463e-09,3.349062509e-10,2.436182956e-09
3046.0,5.504771521e-05,9.182570486e-11,0.0002967242285,2.741208268e-11,4.358644716e-05,6.579008189e-11,0.0004152447813,8.346340127e-11,9.378867682e-05,2.140750696e-11,8.460943526e-05,3.918354729e-11,1.079168512e-09,3.103493034e-10,2.746532259e-09
3047.0,5.441064597e-05,9.024918428e-11,0.0002930375122,2.714827955e-11,4.327638004e-05,6.520418848e-11,0.0004067727687,7.371169207e-11,9.39901925e-05,2.143851377e-11,8.488599161e-05,3.941087086e-11,9.530750992e-10,3.127664204e-10,3.059298679e-09
3048.0,5.377738786e-05,8.858292248e-11,0.0002896138575,2.691035766e-11,4.296686275e-05,6.460195703e-11,0.0003999970482,7.745877227e-11,9.412158825e-05,2.145131392e-11,8.511107085e-05,3.960491478e-11,1.001526554e-09,3.782781251e-10,3.437576805e-09
3049.0,5.313702344e-05,8.683076656e-11,0.0002865426963,2.669026008e-11,4.266507984e-05,6.398060058e-11,0.0003923344336,7.933577592e-11,9.418826648e-05,2.144260442e-11,8.528954348e-05,3.976395066e-11,1.025786236e-09,-2.404480099e-10,3.197128795e-09
3050.0,5.243232021e-05,8.499926375e-11,0.0002837577286,9.92970599e-11,4.234659051e-05,6.333910947e-11,0.0003858515927,7.55216674e-11,9.418858148e-05,2.14132318e-11,8.541334252e-05,3.988804467e-11,9.764743805e-10,3.362798357e-10,3.53340863e-09
3051.0,5.174914195e-05,8.30963159e-11,0.0002814113366,9.866963875e-11,4.202677211e-05,6.268806292e-11,0.0003790040928,9.300384639e-11,9.413762313e-05,2.136575954e-11,8.547665778e-05,3.997886832e-11,1.202514396e-09,2.294741396e-10,3.76288277e-09
3052.0,5.102500235e-05,8.112458378e-11,0.0002794211233,9.812866706e-11,4.170057782e-05,6.202465378e-11,0.0003736327229,9.157449729e-11,9.399540567e-05,2.129710831e-11,8.54781744e-05,4.003864821e-11,1.184030259e-09,-3.436671042e-10,3.419215666e-09
3053.0,5.031880366e-05,7.908647685e-11,0.0002778637069,9.765369595e-11,4.137723935e-05,6.134552195e-11,0.0003693208522,8.345032689e-11,9.378516146e-05,2.120922869e-11,8.543862162e-05,4.005313346e-11,1.078990662e-09,4.342206183e-10,3.853436284e-09
3054.0,4.962566014e-05,7.699009344e-11,0.0002766397858,9.728389794e-11,4.105685824e-05,6.065486912e-11,0.0003637173495,9.781681023e-11,9.351220654e-05,2.110000973e-11,8.532813166e-05,4.003517803e-11,1.264736945e-09,-2.716254277e-10,3.581810856e-09
3055.0,4.888240229e-05,7.484068645e-11,0.0002756525085,9.699489766e-11,4.072341378e-05,5.99634527e-11,0.0003607482861,9.954844822e-11,9.316901553e-05,2.097017763e-11,8.516071237e-05,3.997950813e-11,1.287131571e-09,2.53711459e-10,3.835522315e-09
3056.0,4.819350773e-05,7.264431772e-11,0.0002749494054,9.681056e-11,4.038553602e-05,5.926908584e-11,0.0003568065238,6.317830254e-11,9.275170757e-05,2.082015142e-11,8.492592109e-05,3.98864093e-11,8.168753359e-10,1.743985511e-10,4.009920867e-09
3057.0,4.746150056e-05,7.041207794e-11,0.0002744223432,9.670475953e-11,4.00328343e-05,5.85727945e-11,0.0003541034649,6.21257861e-11,9.226495381e-05,2.065148747e-11,8.463781687e-05,3.975683936e-11,8.032673182e-10,1.602560242e-10,4.170176891e-09
3058.0,4.675881517e-05,6.81549803e-11,0.0002741914994,9.669448241e-11,3.96891119e-05,5.788312714e-11,0.0003549940261,7.285540507e-11,9.170858601e-05,2.045914444e-11,8.428029895e-05,3.959287575e-11,9.420008081e-10,2.393141953e-10,4.409491086e-09
3059.0,4.609268391e-05,6.588563644e-11,0.0002742672789,9.674736287e-11,3.934850978e-05,5.72082251e-11,0.0003525343533,7.532916769e-11,9.107308706e-05,2.025723736e-11,8.387723721e-05,3.938334266e-11,9.739812435e-10,2.335659501e-10,4.643057036e-09
3060.0,4.537752349e-05,6.360931098e-11,0.0002743908204,9.688285285e-11,3.899406094e-05,5.65419567e-11,0.0003529165451,9.162020977e-11,9.037732169e-05,2.003057104e-11,8.340798813e-05,3.914056062e-11,1.184627179e-09,-2.905204438e-10,4.352536592e-09
3061.0,4.475285585e-05,6.133533931e-11,0.0002747108413,9.710226058e-11,3.865023294e-05,5.589667263e-11,0.0003524853359,8.713090731e-11,8.9614187e-05,1.978419959e-11,8.288418044e-05,3.886149636e-11,1.126581425e-09,2.795843947e-10,4.632120987e-09
3062.0,4.410449052e-05,5.908142864e-11,0.0002751096475,9.742781733e-11,3.830501702e-05,5.527838398e-11,0.0003519207143,8.257600443e-11,8.878033736e-05,1.951926007e-11,8.229275522e-05,3.855104424e-11,1.067689185e-09,-2.232299941e-10,4.408890993e-09
3063.0,4.350481969e-05,5.686548186e-11,0.0002756207247,9.784402717e-11,3.796666234e-05,5.468224664e-11,0.0003538617939,9.669223296e-11,8.787961656e-05,1.923764415e-11,8.166021012e-05,3.819788263e-11,1.250216874e-09,3.083605075e-10,4.7172515e-09
3064.0,4.294220623e-05,5.469062094e-11,0.0002762878302,9.838106566e-11,3.764396246e-05,5.411157404e-11,0.000353284775,7.368540912e-11,8.691491991e-05,1.893897499e-11,8.095755188e-05,3.781976806e-11,9.527393321e-10,2.468139501e-10,4.96406545e-09
3065.0,4.236779323e-05,5.257405238e-11,0.0002769812905,9.903574379e-11,3.730816776e-05,5.357929419e-11,0.0003547867701,9.560508355e-11,8.588767342e-05,1.862232252e-11,8.021097334e-05,3.739994577e-11,1.236165341e-09,-2.358437495e-10,4.728221701e-09
3066.0,4.187561895e-05,5.052478923e-11,0.0002777887887,9.980050955e-11,3.697263568e-05,5.308979629e-11,0.0003547545271,6.790900248e-11,8.48042367e-05,1.829119771e-11,7.939831643e-05,3.695250409e-11,8.78062296e-10,1.975431458e-10,4.925764847e-09
3067.0,4.138219091e-05,4.855183e-11,0.0002786969119,2.690009092e-11,3.664865204e-05,5.262988737e-11,0.0003566317625,9.664147421e-11,8.365712392e-05,1.794031513e-11,7.854659089e-05,3.646565319e-11,1.249575709e-09,2.875792455e-10,5.213344092e-09
3068.0,4.098003021e-05,4.666634637e-11,0.0002796998022,2.716716365e-11,3.634060951e-05,5.222576894e-11,0.0003588434149,8.34659669e-11,8.245374397e-05,1.757475818e-11,7.76371433e-05,3.594650873e-11,1.079226535e-09,-1.787547597e-10,5.034589332e-09
3069.0,4.062762348e-05,4.489373777e-11,0.0002808521795,2.745239826e-11,3.604474389e-05,5.188676918e-11,0.0003588024884,6.261518976e-11,8.119377908e-05,1.719312239e-11,7.667350027e-05,3.540032316e-11,8.096226858e-10,1.58030058e-10,5.19261939e-09
3070.0,4.029308571e-05,4.324430408e-11,0.0002820507379,2.775020245e-11,3.574958782e-05,5.159664093e-11,0.0003610090696,7.387737506e-11,7.988151592e-05,1.679673431e-11,7.567589279e-05,3.480721795e-11,9.552532423e-10,2.537268852e-10,5.446346276e-09
3071.0,4.006684672e-05,4.17363814e-11,0.0002834507002,2.805990443e-11,3.546170975e-05,5.138037274e-11,0.0003608192543,6.799950606e-11,7.852794808e-05,1.638626349e-11,7.461778727e-05,3.418768124e-11,8.79255598e-10,2.846107583e-10,5.730957034e-09
3072.0,3.985282303e-05,4.042009063e-11,0.0002851322524,2.838015094e-11,3.51936901e-05,5.125929758e-11,0.000361891588,9.786719237e-11,7.712825987e-05,1.596140947e-11,7.35070934e-05,3.354228624e-11,1.265458773e-09,-2.168216718e-10,5.514135362e-09
3073.0,3.971948928e-05,3.930477784e-11,0.0002871288483,2.870721668e-11,3.495780781e-05,5.122197969e-11,0.0003646202188,9.635352384e-11,7.567647273e-05,1.552278683e-11,7.236047671e-05,3.286220591e-11,1.245898839e-09,-3.38573991e-10,5.175561371e-09
3074.0,3.966845549e-05,3.840850245e-11,0.00028942389,2.903743607e-11,3.475297421e-05,5.127308861e-11,0.0003650872144,9.033715548e-11,7.417834322e-05,1.507148662e-11,7.11637599e-05,3.215711487e-11,1.168103987e-09,2.59609085e-10,5.435170456e-09
3075.0,3.9628322e-05,3.773399334e-11,0.0002919772864,2.936776592e-11,3.455490643e-05,5.144990091e-11,0.0003672485803,6.161922906e-11,7.26509371e-05,1.460468436e-11,6.993883799e-05,3.141852181e-11,7.967749407e-10,-1.244889597e-10,5.310681497e-09
3076.0,3.974213309e-05,3.72808508e-11,0.0002948488863,2.969145847e-11,3.439706112e-05,5.171918486e-11,0.0003694894155,6.418625639e-11,7.108181486e-05,1.412882072e-11,6.866374391e-05,3.065968208e-11,8.299719748e-10,-1.275638776e-10,5.183117619e-09
3077.0,3.990163808e-05,3.704766739e-11,0.0002979224372,3.001449523e-11,3.42642544e-05,5.209608032e-11,0.0003713771453,6.084990439e-11,6.947464e-05,1.364475905e-11,6.73650777e-05,2.987252749e-11,7.868357016e-10,-1.24791275e-10,5.058326344e-09
3078.0,4.014420068e-05,3.704807181e-11,0.0003011385349,3.033773239e-11,3.41769958e-05,5.260060745e-11,0.0003754486263,9.824057012e-11,6.78274632e-05,1.315036109e-11,6.602323214e-05,2.906283058e-11,1.270339802e-09,-2.253988143e-10,4.83292753e-09
3079.0,4.047888258e-05,3.723580031e-11,0.0003046357576,3.066023524e-11,3.414127076e-05,5.321363685e-11,0.0003774285844,6.453524131e-11,6.615022955e-05,1.264584281e-11,6.466006932e-05,2.822700028e-11,8.344987866e-10,-1.260616383e-10,4.706865891e-09
3080.0,4.082795504e-05,3.76140638e-11,0.0003082152988,3.097618875e-11,3.413158992e-05,5.394953987e-11,0.0003807111806,8.077335439e-11,6.444808003e-05,1.213316298e-11,6.326044791e-05,2.737877234e-11,1.044483442e-09,-1.611582179e-10,4.545707673e-09
3081.0,4.12778283e-05,3.814152372e-11,0.0003117827777,3.128180498e-11,3.416906851e-05,5.478665038e-11,0.000383511735,7.247208219e-11,6.273252389e-05,1.161471503e-11,6.183989377e-05,2.650886772e-11,9.37145856e-10,-1.442077765e-10,4.401499897e-09
3082.0,4.174537408e-05,3.882605866e-11,0.0003153693017,3.158001437e-11,3.426370143e-05,5.57301064e-11,0.0003870097557,8.205564094e-11,6.100400598e-05,1.109043556e-11,6.040481779e-05,2.561874838e-11,1.061076693e-09,-2.101766138e-10,4.191323283e-09
3083.0,4.229994059e-05,3.963906522e-11,0.0003189992277,3.186814833e-11,3.441716886e-05,5.673775889e-11,0.0003921617058,8.123513203e-11,5.927579848e-05,1.056579447e-11,5.895654911e-05,2.471851691e-11,1.050477314e-09,-1.669397731e-10,4.02438351e-09
3084.0,4.291288388e-05,4.055655364e-11,0.0003225937957,3.214774492e-11,3.464263831e-05,5.780311905e-11,0.0003943773596,7.993425135e-11,5.754905064e-05,1.003742568e-11,5.751289328e-05,2.379988654e-11,1.033657727e-09,-2.59965543e-10,3.764417967e-09
3085.0,4.351204308e-05,4.156045827e-11,0.000326050316,3.241331839e-11,3.491927972e-05,5.890734548e-11,0.0003998241877,8.948452063e-11,5.58321833e-05,9.508541432e-12,5.606558664e-05,2.286924327e-11,1.157166306e-09,-2.546102901e-10,3.509807677e-09
3086.0,4.420328752e-05,4.264524407e-11,0.0003294148987,3.266779139e-11,3.525668977e-05,6.006156388e-11,0.0004029089059,7.960395106e-11,5.413636605e-05,8.984707895e-12,5.46257065e-05,2.193098463e-11,1.029403598e-09,-2.71024143e-10,3.238783534e-09
3087.0,4.485909682e-05,4.382512294e-11,0.0003325735207,3.291278543e-11,3.564794852e-05,6.125107979e-11,0.0004072287139,9.2691186e-11,5.249298188e-05,8.463673935e-12,5.320722535e-05,2.09900574e-11,1.198646844e-09,-3.47617527e-10,2.891166007e-09
3088.0,4.557009126e-05,4.507561494e-11,0.0003356828022,3.315420232e-11,3.612033107e-05,6.247696253e-11,0.000413401384,7.868966033e-11,5.088344794e-05,9.750794448e-11,5.183238264e-05,2.00492085e-11,1.017592438e-09,2.674590773e-10,3.158625084e-09
3089.0,4.629378574e-05,4.639345571e-11,0.0003388311781,3.339024024e-11,3.665489011e-05,6.372424125e-11,0.0004162333142,7.576103723e-11,4.93460251e-05,9.176341787e-11,5.050265223e-05,1.911196967e-11,9.797214863e-10,-1.526019081e-10,3.006023176e-09
3090.0,4.697123757e-05,4.777229673e-11,0.000341886047,3.361938423e-11,3.721815998e-05,6.498155201e-11,0.0004218866663,8.720830683e-11,4.790738355e-05,8.630207181e-11,4.921507858e-05,1.818192304e-11,1.1277683e-09,-1.72225881e-10,2.833797295e-09
3091.0,4.770688299e-05,4.919773407e-11,0.0003449147271,3.383743368e-11,3.782700987e-05,6.622794939e-11,0.0004260408129,5.954115332e-11,4.661119417e-05,8.122939103e-11,4.798168229e-05,1.726291138e-11,7.699836293e-10,-1.167821262e-10,2.717015169e-09
3092.0,4.840098488e-05,5.068332097e-11,0.0003477565681,3.404905581e-11,3.846494742e-05,6.745292952e-11,0.0004309670399,6.983127564e-11,4.541490851e-05,7.661085227e-11,4.682834695e-05,1.636965037e-11,9.030622199e-10,-1.429387738e-10,2.574076395e-09
3093.0,4.910683205e-05,5.222579392e-11,0.0003504897521,3.425216703e-11,3.913619878e-05,6.863695979e-11,0.0004370921631,9.745413681e-11,4.433853985e-05,7.266847165e-11,4.575144135e-05,1.550928831e-11,1.260300128e-09,-2.664020353e-10,2.30767436e-09
3094.0,4.982566013e-05,5.381174965e-11,0.0003531624454,3.444420198e-11,3.984265617e-05,6.977898265e-11,0.000441632626,9.506477319e-11,4.342529139e-05,6.953039803e-11,4.474939396e-05,1.469492516e-11,1.229406191e-09,-2.466576795e-10,2.06101668e-09
3095.0,5.048456682e-05,5.543811725e-11,0.0003557082762,3.462676207e-11,4.055138891e-05,7.086880114e-11,0.0004467298444,8.455221996e-11,4.265793707e-05,6.703315053e-11,4.386223874e-05,1.394155915e-11,1.09347182e-09,2.85530929e-10,2.346547609e-09
3096.0,5.117476781e-05,5.711053542e-11,0.0003582752676,3.47959958e-11,4.126202494e-05,7.19068855e-11,0.0004505529841,9.951306921e-11,4.202447224e-05,6.520113978e-11,4.310445265e-05,1.326550927e-11,1.286965769e-09,-2.51918519e-10,2.09462909e-09
3097.0,5.181726807e-05,5.881988331e-11,0.0003607705925,3.495258646e-11,4.19671419e-05,7.288885905e-11,0.0004552367201,8.461887293e-11,4.156607859e-05,6.410163202e-11,4.243999303e-05,1.267115749e-11,1.094354782e-09,-1.843786724e-10,1.910250418e-09
3098.0,5.247999223e-05,6.056806063e-11,0.0003631659024,3.509847316e-11,4.265674261e-05,7.382006483e-11,0.0004606228305,9.909843884e-11,4.123012989e-05,6.382359169e-11,4.189644539e-05,1.215670892e-11,1.281634413e-09,-2.362123305e-10,1.674038087e-09
3099.0,5.313352486e-05,6.233823672e-11,0.0003654742635,3.523607929e-11,4.332806749e-05,7.46973266e-11,0.000464006332,6.698961135e-11,4.109591645e-05,6.438466108e-11,4.147649332e-05,1.172424834e-11,8.66375793e-10,-1.353493122e-10,1.538688775e-09
3100.0,5.373385164e-05,6.413784493e-11,0.0003675747581,3.536397813e-11,4.39630095e-05,7.551631084e-11,0.0004692032041,6.628044955e-11,4.109537898e-05,6.575112311e-11,4.118524604e-05,1.138767779e-11,8.572157125e-10,-1.345592553e-10,1.40412952e-09
3101.0,5.436978703e-05,6.596699618e-11,0.0003695960967,3.548036194e-11,4.457187475e-05,7.627761202e-11,0.000472498184,9.183203017e-11,4.130147152e-05,6.803446754e-11,4.105610475e-05,1.121682545e-11,1.1876831e-09,3.144472267e-10,1.718576746e-09
3102.0,5.49421313e-05,6.782381593e-11,0.0003714270779,3.558743763e-11,4.514311989e-05,7.697992288e-11,0.0004759351188,9.7180509e-11,4.166752399e-05,7.139642246e-11,4.10610195e-05,1.121188131e-11,1.256859993e-09,-1.996612595e-10,1.518915487e-09
3103.0,5.553174767e-05,6.970340796e-11,0.0003731964855,3.568738308e-11,4.568836768e-05,7.762482376e-11,0.0004821721281,6.314495094e-11,4.230519593e-05,7.559232559e-11,4.120124051e-05,1.1379621e-11,8.166748871e-10,-1.294310566e-10,1.38948443e-09
3104.0,5.611788535e-05,7.15953869e-11,0.0003749007784,3.578042699e-11,4.620777383e-05,7.820782535e-11,0.0004844129022,9.903698741e-11,4.323701887e-05,8.029462953e-11,4.147116065e-05,1.171150739e-11,1.280874559e-09,-2.051988477e-10,1.184285583e-09
3105.0,5.661859917e-05,7.34943555e-11,0.0003763333258,3.586303918e-11,4.66742781e-05,7.873100222e-11,0.0004888350831,9.114227791e-11,4.438484937e-05,8.539050957e-11,4.192577808e-05,1.218200325e-11,1.178775106e-09,3.114677479e-10,1.495753331e-09
3106.0,5.716423072e-05,7.539737251e-11,0.0003776600415,3.593611632e-11,4.71197908e-05,7.91975923e-11,0.0004919730624,8.923349776e-11,4.571293223e-05,9.082149856e-11,4.261912764e-05,1.275133065e-11,1.154086846e-09,3.050139659e-10,1.800767296e-09
3107.0,5.763479668e-05,7.731092973e-11,0.0003788180052,3.599667415e-11,4.752906127e-05,7.96071825e-11,0.0004946088695,8.031544466e-11,4.718889089e-05,9.647065427e-11,4.347583507e-05,1.340423642e-11,1.03874429e-09,2.745747241e-10,2.075342021e-09
3108.0,5.810829136e-05,7.922059191e-11,0.0003798396427,3.604763202e-11,4.790894714e-05,7.995635011e-11,0.0004996118547,7.194349457e-11,4.87229573e-05,8.721851764e-12,4.445952389e-05,1.41281249e-11,9.30469625e-10,-1.484173536e-10,1.926924667e-09
3109.0,5.857273063e-05,8.111059056e-11,0.0003808227004,3.608868199e-11,4.827346092e-05,8.025016326e-11,0.000501881399,8.270324054e-11,5.031381217e-05,9.245091571e-12,4.556014333e-05,1.490582144e-11,1.069619478e-09,2.828292292e-10,2.209753896e-09
3110.0,5.896385145e-05,8.297278323e-11,0.0003816135905,3.611420592e-11,4.858802907e-05,8.04900232e-11,0.0005058754638,9.538545091e-11,5.192938685e-05,9.770633556e-12,4.678627751e-05,1.572139171e-11,1.233646635e-09,3.263817187e-10,2.536135615e-09
3111.0,5.937142543e-05,8.479621828e-11,0.0003822114141,3.613220051e-11,4.886944377e-05,8.067082235e-11,0.0005078750129,9.153618372e-11,5.356674293e-05,1.029826637e-11,4.806878449e-05,1.656486024e-11,1.183859582e-09,3.131272064e-10,2.849262821e-09
3112.0,5.971215275e-05,8.656877681e-11,0.0003826207757,3.613826691e-11,4.911617544e-05,8.079326744e-11,0.0005113646999,8.429308039e-11,5.523658275e-05,1.082626073e-11,4.937702566e-05,1.742898141e-11,1.090175962e-09,2.882091796e-10,3.137472001e-09
3113.0,6.005421121e-05,8.828216927e-11,0.0003828853154,3.613426361e-11,4.933731695e-05,8.086469163e-11,0.0005146968043,8.92637932e-11,5.692290321e-05,1.135285759e-11,5.06953641e-05,1.830750492e-11,1.154464284e-09,3.052586709e-10,3.442730672e-09
3114.0,6.036292283e-05,8.992828783e-11,0.0003829905865,3.611762357e-11,4.953239836e-05,8.088040037e-11,0.0005155200224,9.507971326e-11,5.86126771e-05,1.187616421e-11,5.203307137e-05,1.919508931e-11,1.229672797e-09,3.245325158e-10,3.767263188e-09
3115.0,6.060487507e-05,9.150138866e-11,0.0003828791572,3.608738558e-11,4.969270736e-05,8.08349099e-11,0.0005183457665,8.644781158e-11,6.028067879e-05,1.239504344e-11,5.338880962e-05,2.009422523e-11,1.118036568e-09,2.957483376e-10,4.063011525e-09
3116.0,6.086869465e-05,9.299897574e-11,0.0003825722439,3.604128934e-11,4.982418513e-05,8.074137663e-11,0.0005185938923,8.619106675e-11,6.193452908e-05,1.290926273e-11,5.476050278e-05,2.099419769e-11,1.114711132e-09,2.952239463e-10,4.358235471e-09
3117.0,6.104872527e-05,9.441754489e-11,0.000382069224,3.598194383e-11,4.991660889e-05,8.05955659e-11,0.0005199676103,9.473429422e-11,6.356291635e-05,1.341708693e-11,5.61329598e-05,2.189579767e-11,1.225194265e-09,3.093525577e-10,4.667588029e-09
3118.0,6.122945069e-05,9.574992447e-11,0.0003814109005,3.590724523e-11,4.998814534e-05,8.039986606e-11,0.0005225904848,8.396718892e-11,6.518670973e-05,1.391777655e-11,5.751605795e-05,2.278730772e-11,1.085942905e-09,2.875098334e-10,4.955097863e-09
3119.0,6.140099071e-05,9.69977356e-11,0.000380659436,3.581015695e-11,5.004148158e-05,8.015413273e-11,0.0005224954557,8.089630701e-11,6.677179616e-05,1.441047775e-11,5.891345713e-05,2.365388525e-11,1.046215451e-09,-1.862369588e-10,4.768860904e-09
3120.0,6.14895291e-05,9.816027409e-11,0.0003796146953,3.569142774e-11,5.004702665e-05,7.985829935e-11,0.0005236766425,6.819484644e-11,6.833220763e-05,1.489464211e-11,6.027673478e-05,2.455208351e-11,8.819505247e-10,-2.117063659e-10,4.557154538e-09
3121.0,6.16046581e-05,9.923710717e-11,0.0003784348234,3.555334922e-11,5.002939492e-05,7.951768144e-11,0.0005246540767,7.069150885e-11,6.985107543e-05,1.536913128e-11,6.163647628e-05,2.542266511e-11,9.142333331e-10,-1.426721185e-10,4.414482419e-09
3122.0,6.164761836e-05,2.733392538e-11,0.0003770538384,3.539473889e-11,4.998121892e-05,7.913338316e-11,0.000524656409,7.642044505e-11,7.134085335e-05,1.583216293e-11,6.298514219e-05,2.625994398e-11,9.883166893e-10,-1.530706207e-10,4.261411799e-09
3123.0,6.167265981e-05,2.75707137e-11,0.0003755079659,3.521651521e-11,4.990653606e-05,7.870476758e-11,0.0005261633241,7.078283724e-11,7.279477086e-05,1.628165113e-11,6.430222113e-05,2.712419923e-11,9.154040693e-10,-1.420028956e-10,4.119408903e-09
3124.0,6.16896666e-05,2.778151021e-11,0.0003738133206,3.502220152e-11,4.982242455e-05,7.823528961e-11,0.0005250761875,8.601452942e-11,7.421417193e-05,1.672116803e-11,6.560545956e-05,2.793392132e-11,1.112372591e-09,3.120807239e-10,4.431489627e-09
3125.0,6.161959537e-05,2.796581503e-11,0.0003718436782,3.481447929e-11,4.969240546e-05,7.772181723e-11,0.0005245852567,6.872410102e-11,7.560506416e-05,1.714768802e-11,6.686778736e-05,2.876889061e-11,8.887618903e-10,6.680410948e-11,4.498293736e-09
3126.0,6.156295333e-05,2.812221379e-11,0.0003697146365,3.45884203e-11,4.953812278e-05,7.716795688e-11,0.000522842997,7.4304606e-11,7.6955184e-05,1.756068518e-11,6.810604947e-05,2.955004163e-11,9.609216672e-10,1.089428792e-10,4.607236616e-09
3127.0,6.143810297e-05,2.825128732e-11,0.0003673559455,3.434156615e-11,4.935913537e-05,7.658247751e-11,0.0005211471409,9.412012784e-11,7.8258084e-05,1.795926786e-11,6.929966423e-05,3.03556339e-11,1.217166913e-09,-4.667801098e-10,4.140456506e-09
3128.0,6.131237291e-05,2.835318458e-11,0.0003647787784,3.407427228e-11,4.916210697e-05,7.596146539e-11,0.0005204843834,9.807116672e-11,7.952343305e-05,1.834202123e-11,7.047254709e-05,3.110054881e-11,1.268255826e-09,3.644021928e-10,4.504858699e-09
3129.0,6.116082526e-05,2.84272224e-11,0.0003620318462,3.378534053e-11,4.894502881e-05,7.530501661e-11,0.0005163096686,9.652823539e-11,8.074097043e-05,1.870908902e-11,7.160027389e-05,3.186552024e-11,1.248284758e-09,3.5022805e-10,4.855086749e-09
3130.0,6.093926774e-05,2.847382052e-11,0.0003590422974,3.347541124e-11,4.869077319e-05,7.462708239e-11,0.0005147053435,7.704329454e-11,8.190517699e-05,1.906118975e-11,7.270642129e-05,3.256371058e-11,9.963033448e-10,1.175356575e-10,4.972622406e-09
3131.0,6.076318165e-05,2.849294471e-11,0.0003558877953,3.314722243e-11,4.841909992e-05,7.392298884e-11,0.0005097990072,9.722739161e-11,8.302212545e-05,1.93910823e-11,7.37744201e-05,3.326495437e-11,1.257308045e-09,-3.760610282e-10,4.596561378e-09
3132.0,6.05141027e-05,2.848428768e-11,0.0003525060646,3.280034627e-11,4.81248384e-05,7.319883988e-11,0.000505519888,7.842924913e-11,8.410232182e-05,1.970567153e-11,7.479266531e-05,3.396496354e-11,1.014207485e-09,1.450190312e-10,4.741580409e-09
3133.0,6.028737105e-05,2.844694178e-11,0.0003489755123,3.243710917e-11,4.783154383e-05,7.24657942e-11,0.0005026840466,9.196304912e-11,8.513355916e-05,2.000562317e-11,7.578612126e-05,3.459199922e-11,1.189210779e-09,-4.061205799e-10,4.335459829e-09
3134.0,6.005721179e-05,2.838002355e-11,0.0003453301838,3.206419567e-11,4.752889957e-05,7.172459162e-11,0.0004959407396,7.409833105e-11,8.611421034e-05,2.028475425e-11,7.673132539e-05,3.521435534e-11,9.581785307e-10,1.275747927e-10,4.463034622e-09
3135.0,5.97449021e-05,2.8283154e-11,0.0003414245503,3.167654696e-11,4.719275387e-05,7.098615001e-11,0.0004914925382,8.894355091e-11,8.704825201e-05,2.054641261e-11,7.762582193e-05,3.583771211e-11,1.150138437e-09,1.597379171e-10,4.622772539e-09
3136.0,5.94803733e-05,2.815593754e-11,0.0003374749933,3.128044277e-11,4.685324917e-05,7.025937274e-11,0.0004850707032,9.864364452e-11,8.792624408e-05,2.078922397e-11,7.849050622e-05,3.638256219e-11,1.275558741e-09,1.839869746e-10,4.806759514e-09
3137.0,5.915402102e-05,2.799784505e-11,0.0003334004386,3.08747477e-11,4.650714021e-05,6.955192833e-11,0.0004791496504,8.701983851e-11,8.874553162e-05,2.101382634e-11,7.929474162e-05,3.692264867e-11,1.125237774e-09,-3.534300199e-10,4.453329494e-09
3138.0,5.881720193e-05,2.780846572e-11,0.0003292982122,3.046404126e-11,4.61636501e-05,6.886944464e-11,0.0004739712551,8.08297503e-11,8.950900224e-05,2.12168731e-11,8.004939663e-05,3.743021702e-11,1.045188691e-09,1.57082502e-10,4.610411996e-09
3139.0,5.847013207e-05,2.758802277e-11,0.0003251956661,3.005007956e-11,4.582389383e-05,6.820728377e-11,0.0004670945149,8.048793309e-11,9.021416265e-05,2.13985364e-11,8.075100954e-05,3.793091889e-11,1.040751046e-09,1.592099895e-10,4.769621985e-09
3140.0,5.803668389e-05,2.733701906e-11,0.0003209278395,2.963541336e-11,4.547181294e-05,6.756219024e-11,0.0004606407658,8.27998279e-11,9.086352185e-05,2.155837514e-11,8.141517291e-05,3.834620924e-11,1.070639455e-09,1.671896131e-10,4.936811598e-09
3141.0,5.76172437e-05,9.980026707e-11,0.0003166118412,2.922439251e-11,4.512538079e-05,6.693300539e-11,0.0004529208266,8.531926634e-11,9.145895093e-05,2.16962328e-11,8.2022682e-05,3.875134534e-11,1.103206455e-09,1.744356005e-10,5.111247199e-09
3142.0,5.71388621e-05,9.868739336e-11,0.0003123398726,2.881940542e-11,4.47892351e-05,6.63092338e-11,0.0004457490499,8.536052832e-11,9.199651061e-05,2.181197643e-11,8.258157259e-05,3.912229882e-11,1.103726691e-09,1.739600126e-10,5.285207212e-09
3143.0,5.664805403e-05,9.746300228e-11,0.0003081085977,2.842337286e-11,4.44617252e-05,6.56894957e-11,0.000439016485,7.347755339e-11,9.245130034e-05,2.190493324e-11,8.309016446e-05,3.945631785e-11,9.500743902e-10,-2.777121824e-10,5.007495029e-09
3144.0,5.61300971e-05,9.613310385e-11,0.0003039934025,2.803834175e-11,4.414967512e-05,6.507034834e-11,0.0004299720061,8.86006294e-11,9.287773631e-05,2.197532577e-11,8.354971246e-05,3.975241935e-11,1.145602976e-09,1.818242976e-10,5.189319327e-09
3145.0,5.553624359e-05,9.469739801e-11,0.0002999131721,2.766844226e-11,4.383554775e-05,6.44504411e-11,0.0004226285287,7.373416224e-11,9.322966903e-05,2.202301393e-11,8.394608668e-05,4.003628373e-11,9.533777985e-10,1.581939764e-10,5.347513303e-09
3146.0,5.496754981e-05,9.31552528e-11,0.0002960558061,2.731909241e-11,4.352840984e-05,6.382262677e-11,0.0004136394939,6.915368795e-11,9.351604097e-05,2.204723238e-11,8.430262061e-05,4.02263108e-11,8.941480773e-10,1.465290649e-10,5.494042368e-09
3147.0,5.433094542e-05,9.151127356e-11,0.0002923700703,2.699204761e-11,4.322041155e-05,6.318823578e-11,0.0004049040387,9.020957938e-11,9.37354981e-05,2.20469527e-11,8.459207106e-05,4.040250914e-11,1.166390863e-09,-3.329463874e-10,5.161095981e-09
3148.0,5.370647365e-05,8.976954699e-11,0.000288991156,2.668927735e-11,4.291859892e-05,6.255211468e-11,0.0003994587647,7.259114596e-11,9.388600389e-05,2.202433065e-11,8.483040744e-05,4.053936385e-11,9.385887467e-10,-2.570886987e-10,4.904007282e-09
3149.0,5.308372729e-05,8.793832672e-11,0.0002859526567,9.905653171e-11,4.262342503e-05,6.190252418e-11,0.0003905871763,9.028888946e-11,9.396757294e-05,2.197732456e-11,8.502049143e-05,4.063673831e-11,1.167407533e-09,-3.297751888e-10,4.574232093e-09
3150.0,5.237837289e-05,8.601601084e-11,0.0002831427634,9.814829424e-11,4.230502024e-05,6.125094268e-11,0.0003846312789,9.907828715e-11,9.398700929e-05,2.190596163e-11,8.515967773e-05,4.069219357e-11,1.281056073e-09,2.381397218e-10,4.812371815e-09
3151.0,5.171904107e-05,8.401080024e-11,0.000280852881,9.733179032e-11,4.199531881e-05,6.059314983e-11,0.0003780555411,7.87139254e-11,9.394817884e-05,2.181319645e-11,8.523468454e-05,4.070670948e-11,1.017747063e-09,1.709562579e-10,4.983328073e-09
3152.0,5.099487248e-05,8.192789283e-11,0.0002788705222,9.659720167e-11,4.167002374e-05,5.992467703e-11,0.0003717141464,8.472340188e-11,9.382689678e-05,2.169610862e-11,8.525818307e-05,4.067998047e-11,1.095444821e-09,-3.040131642e-10,4.679314909e-09
3153.0,5.028505529e-05,7.977560986e-11,0.000277298043,9.596337586e-11,4.134509968e-05,5.925522658e-11,0.0003681246574,7.585724581e-11,9.363476564e-05,2.155539862e-11,8.522222287e-05,4.061402057e-11,9.808116392e-10,-2.675538428e-10,4.411761066e-09
3154.0,4.959605712e-05,7.755780062e-11,0.0002761085815,9.543365974e-11,4.103098955e-05,5.857699312e-11,0.0003625493085,8.128895921e-11,9.33771539e-05,2.139281536e-11,8.512662332e-05,4.050472537e-11,1.051034064e-09,-2.896964412e-10,4.122064625e-09
3155.0,4.885450742e-05,7.528047668e-11,0.0002751288476,9.502341389e-11,4.069839088e-05,5.790079323e-11,0.000359582715,8.422891279e-11,9.305065768e-05,2.120536577e-11,8.496488635e-05,4.037884328e-11,1.089050469e-09,1.843326405e-10,4.306397265e-09
3156.0,4.815899539e-05,7.295579508e-11,0.0002744058928,9.469119563e-11,4.035954796e-05,5.722063155e-11,0.0003552668729,8.67917158e-11,9.265097149e-05,2.099733505e-11,8.475503995e-05,4.016099668e-11,1.122187545e-09,-3.082745395e-10,3.998122726e-09
3157.0,4.74384928e-05,7.058657e-11,0.0002739010971,9.445211718e-11,4.001073149e-05,5.654363355e-11,0.0003536921721,8.212749689e-11,9.217997213e-05,2.076646199e-11,8.447707392e-05,3.992664045e-11,1.061878934e-09,-2.886645965e-10,3.709458129e-09
3158.0,4.674833934e-05,6.818117228e-11,0.0002736706964,9.432506374e-11,3.967202995e-05,5.587536748e-11,0.0003532156652,6.999446268e-11,9.164130266e-05,2.05117359e-11,8.41409968e-05,3.965272891e-11,9.050076086e-10,1.506673489e-10,3.860125478e-09
3159.0,4.607961145e-05,6.574745958e-11,0.0002737166423,9.426420333e-11,3.933270973e-05,5.520936431e-11,0.0003512717758,9.481890278e-11,9.102441743e-05,2.023876498e-11,8.374116755e-05,3.93396107e-11,1.225976183e-09,-3.279554861e-10,3.532169992e-09
3160.0,4.53853286e-05,6.329943412e-11,0.0002738794436,9.431917717e-11,3.898880899e-05,5.456273574e-11,0.0003519452018,8.415334041e-11,9.034015572e-05,1.994894276e-11,8.328638988e-05,3.898741235e-11,1.088080651e-09,-2.941330148e-10,3.238036977e-09
3161.0,4.476297668e-05,6.084242688e-11,0.0002741938588,9.445973929e-11,3.864579381e-05,5.392811763e-11,0.0003506225697,9.950851062e-11,8.9591184e-05,1.963648862e-11,8.276687249e-05,3.862017651e-11,1.286621096e-09,-3.398004495e-10,2.898236527e-09
3162.0,4.410903892e-05,5.839971663e-11,0.0002745651402,9.471842386e-11,3.829774209e-05,5.33177071e-11,0.0003508006386,9.427319751e-11,8.877395863e-05,1.930496587e-11,8.220610406e-05,3.816962508e-11,1.218930615e-09,2.277517747e-10,3.125988302e-09
3163.0,4.350925713e-05,5.598918419e-11,0.0002750998865,9.509532304e-11,3.796619321e-05,5.27267762e-11,0.0003528067076,9.71642882e-11,8.788740294e-05,1.895443407e-11,8.157538575e-05,3.771199533e-11,1.256320528e-09,-3.341284906e-10,2.791859812e-09
3164.0,4.295095057e-05,5.362327088e-11,0.0002757711475,9.559142545e-11,3.764165077e-05,5.217188058e-11,0.0003522916937,9.041727379e-11,8.693761568e-05,1.858493242e-11,8.089388509e-05,3.72169146e-11,1.169079058e-09,-3.084883036e-10,2.483371508e-09
3165.0,4.236606185e-05,5.133960257e-11,0.0002764291109,9.620336859e-11,3.730423008e-05,5.164163209e-11,0.0003534726731,8.732216517e-11,8.592487823e-05,1.819753397e-11,8.014433028e-05,3.670374109e-11,1.129070977e-09,-2.727101436e-10,2.210661364e-09
3166.0,4.187839231e-05,4.915205284e-11,0.0002772379708,9.695029278e-11,3.697117445e-05,5.115126734e-11,0.0003547379268,9.875183477e-11,8.485421828e-05,1.779690971e-11,7.936056564e-05,3.611633155e-11,1.276858635e-09,3.319035747e-10,2.542564939e-09
3167.0,4.138735664e-05,4.708602468e-11,0.0002781399576,9.787248449e-11,3.664548076e-05,5.070648751e-11,0.0003553759603,9.191979209e-11,8.371569252e-05,1.737932334e-11,7.851146103e-05,3.551845615e-11,1.188524357e-09,-3.109637421e-10,2.231601197e-09
3168.0,4.096287263e-05,4.516600291e-11,0.0002790996742,9.898352467e-11,3.633311681e-05,5.030612399e-11,0.0003581593552,8.015387971e-11,8.252823093e-05,1.694706112e-11,7.761034778e-05,3.490832924e-11,1.036398892e-09,1.788222651e-10,2.410423462e-09
3169.0,4.061648827e-05,4.34193479e-11,0.0002802691541,2.674306809e-11,3.604096045e-05,4.995568285e-11,0.0003584841891,6.721205532e-11,8.127944594e-05,1.649937341e-11,7.667190266e-05,3.422796174e-11,8.690595482e-10,1.591570361e-10,2.569580498e-09
3170.0,4.026744161e-05,4.186124632e-11,0.0002814316312,2.709959839e-11,3.574061469e-05,4.967454847e-11,0.0003597843632,9.379077623e-11,7.997952915e-05,1.603720982e-11,7.567862216e-05,3.353424187e-11,1.212737923e-09,-3.02925456e-10,2.266655042e-09
3171.0,4.002182567e-05,4.051245726e-11,0.0002827509888,2.747006808e-11,3.544426085e-05,4.945155961e-11,0.0003602882672,7.803816886e-11,7.863517429e-05,1.556330053e-11,7.462745621e-05,3.283435615e-11,1.009057012e-09,1.795519884e-10,2.446207031e-09
3172.0,3.980206347e-05,3.940024437e-11,0.0002843868917,2.784037649e-11,3.517597787e-05,4.93079628e-11,0.0003613277756,9.364799401e-11,7.724920197e-05,1.507847528e-11,7.354171859e-05,3.207181539e-11,1.210899788e-09,-2.738826257e-10,2.172324405e-09
3173.0,3.9661301e-05,3.852363968e-11,0.0002863233047,2.821217317e-11,3.493503696e-05,4.924828905e-11,0.0003638763507,9.496978668e-11,7.580753569e-05,1.458467954e-11,7.239579427e-05,3.132190428e-11,1.228003987e-09,1.992375644e-10,2.371561969e-09
3174.0,3.958615621e-05,3.788744754e-11,0.0002885189916,2.858092799e-11,3.472205202e-05,4.92767815e-11,0.000363754551,8.521857401e-11,7.432324961e-05,1.408218145e-11,7.122060644e-05,3.051445015e-11,1.101916123e-09,-2.357529333e-10,2.135809036e-09
3175.0,3.953545821e-05,3.749050939e-11,0.0002909891591,2.894511947e-11,3.451927734e-05,4.940751545e-11,0.000367074863,8.931437582e-11,7.280134605e-05,1.35691446e-11,6.999337055e-05,2.971460634e-11,1.154887734e-09,1.876786729e-10,2.323487709e-09
3176.0,3.962958282e-05,3.731817438e-11,0.0002937845434,2.930487959e-11,3.435626652e-05,4.963725754e-11,0.000367950937,9.786740295e-11,7.124523983e-05,1.305116633e-11,6.87406987e-05,2.886574274e-11,1.265491763e-09,-3.172673984e-10,2.00622031e-09
3177.0,3.975963605e-05,3.734680154e-11,0.0002967612372,2.965198473e-11,3.421047351e-05,4.997346518e-11,0.0003703152735,7.237008385e-11,6.964709541e-05,1.252879139e-11,6.744180908e-05,2.802629562e-11,9.357998028e-10,1.418530288e-10,2.148073339e-09
3178.0,3.999785227e-05,3.758550417e-11,0.0002999565697,2.999300908e-11,3.411795719e-05,5.043177027e-11,0.0003746956654,7.939549037e-11,6.801172203e-05,1.200360946e-11,6.612129162e-05,2.714332441e-11,1.026654916e-09,1.553580481e-10,2.303431387e-09
3179.0,4.031165183e-05,3.800037917e-11,0.0003033642635,3.033588801e-11,3.406906374e-05,5.099962354e-11,0.0003757227439,9.906489977e-11,6.634021192e-05,1.147383693e-11,6.47554434e-05,2.627388606e-11,1.280999182e-09,-3.41652414e-10,1.961778973e-09
3180.0,4.063565672e-05,3.855735775e-11,0.0003068739139,3.066972003e-11,3.40427135e-05,5.169109509e-11,0.0003796026014,9.455182979e-11,6.464835426e-05,1.094304473e-11,6.337576535e-05,2.536957189e-11,1.222654441e-09,-3.290605566e-10,1.632718417e-09
3181.0,4.107995438e-05,3.925023163e-11,0.0003104339808,3.099138305e-11,3.407523637e-05,5.250062918e-11,0.0003823360916,9.287289586e-11,6.293607853e-05,1.041378372e-11,6.195868431e-05,2.448344346e-11,1.200950703e-09,-3.268857943e-10,1.305832622e-09
3182.0,4.153506413e-05,4.00573899e-11,0.0003139947663,3.129909445e-11,3.415460719e-05,5.342887574e-11,0.0003857260159,9.777494974e-11,6.121531687e-05,9.882987325e-12,6.05249658e-05,2.357323079e-11,1.264345779e-09,-3.47400365e-10,9.584322573e-10
3183.0,4.207041702e-05,4.095067023e-11,0.0003175793813,3.159633907e-11,3.42917898e-05,5.44518878e-11,0.0003903697011,6.763416204e-11,5.948464806e-05,9.355230966e-12,5.909255706e-05,2.264966184e-11,8.745999756e-10,1.439786029e-10,1.10241086e-09
3184.0,4.267434843e-05,4.19224011e-11,0.000321181482,3.188552061e-11,3.450456348e-05,5.554908066e-11,0.0003937633084,8.509802649e-11,5.776480165e-05,8.828401927e-12,5.764716293e-05,2.173694526e-11,1.100430195e-09,2.618313299e-10,1.36424219e-09
3185.0,4.327261167e-05,4.296984551e-11,0.0003246372666,3.216469137e-11,3.476513047e-05,5.669743404e-11,0.0003979288294,8.539513575e-11,5.604486743e-05,8.309422344e-12,5.620429008e-05,2.080905628e-11,1.104283829e-09,4.466781468e-10,1.810920337e-09
3186.0,4.393974438e-05,4.409674355e-11,0.0003279799996,3.243263649e-11,3.508666511e-05,5.78908995e-11,0.0004014460319,8.194226978e-11,5.435185651e-05,9.729835954e-11,5.476404355e-05,1.987621277e-11,1.059641213e-09,3.446522714e-10,2.155572608e-09
3187.0,4.460535844e-05,4.530077442e-11,0.000331182775,3.268804121e-11,3.546586075e-05,5.912424967e-11,0.0004060792211,9.232873321e-11,5.269593795e-05,9.163628784e-11,5.334762203e-05,1.89458752e-11,1.193958176e-09,3.105629274e-10,2.466135536e-09
3188.0,4.530911439e-05,4.656483494e-11,0.000334289921,3.293952571e-11,3.591732603e-05,6.039305754e-11,0.0004112928878,8.234534904e-11,5.108787847e-05,8.629867008e-11,5.196587334e-05,1.802196191e-11,1.064866018e-09,-3.009064517e-10,2.165229084e-09
3189.0,4.602364053e-05,4.786057755e-11,0.0003373809488,3.318994822e-11,3.643328335e-05,6.167299615e-11,0.0004147609203,8.906454726e-11,4.95329016e-05,8.124368998e-11,5.063323777e-05,1.711733036e-11,1.151756907e-09,-1.435053361e-10,2.021723748e-09
3190.0,4.670247362e-05,4.919895816e-11,0.0003404486049,3.342689435e-11,3.699167576e-05,6.293994928e-11,0.000420309069,7.620667523e-11,4.807776271e-05,7.648300431e-11,4.933810835e-05,1.624513683e-11,9.854949255e-10,3.715358935e-10,2.393259641e-09
3191.0,4.743897417e-05,5.059658942e-11,0.000343490355,3.364985759e-11,3.75888919e-05,6.416976274e-11,0.0004243788504,8.66298048e-11,4.675389372e-05,7.219234606e-11,4.809886083e-05,1.539747377e-11,1.120292972e-09,-1.286641612e-10,2.26459548e-09
3192.0,4.812237428e-05,5.203395742e-11,0.0003463242722,3.386022742e-11,3.821228301e-05,6.535989653e-11,0.0004287539926,8.977266863e-11,4.554716367e-05,6.853049272e-11,4.692793603e-05,1.458253213e-11,1.160943744e-09,-1.369790765e-10,2.127616404e-09
3193.0,4.8833994e-05,5.353902492e-11,0.0003490875815,3.406583208e-11,3.887301343e-05,6.649682456e-11,0.0004360738433,8.151073752e-11,4.444044266e-05,6.535920229e-11,4.584047934e-05,1.382016641e-11,1.054114324e-09,4.015172214e-10,2.529133625e-09
3194.0,4.955310568e-05,5.506902e-11,0.0003517794829,3.425916122e-11,3.957123321e-05,6.758289101e-11,0.0004394278938,9.390486527e-11,4.350209378e-05,6.282541334e-11,4.482363846e-05,1.313122701e-11,1.214404793e-09,-1.474919854e-10,2.38164164e-09
3195.0,5.020339739e-05,5.66319707e-11,0.0003542827355,3.443989172e-11,4.026726026e-05,6.861604345e-11,0.0004450718869,7.808952738e-11,4.270475161e-05,6.097597648e-11,4.391547241e-05,1.250233666e-11,1.009892353e-09,3.763489949e-10,2.757990635e-09
3196.0,5.090398958e-05,5.822515401e-11,0.0003568679225,3.460747361e-11,4.098084272e-05,6.959891122e-11,0.0004492583273,7.685489084e-11,4.204093649e-05,5.996968835e-11,4.313670392e-05,1.194461161e-11,9.939348266e-10,3.574263327e-10,3.115416967e-09
3197.0,5.154711067e-05,5.984844162e-11,0.0003593706508,3.476213712e-11,4.168041004e-05,7.053215322e-11,0.0004529764552,8.071113199e-11,4.154888985e-05,5.98381728e-11,4.245468501e-05,1.14723619e-11,1.043815173e-09,3.710580753e-10,3.486475043e-09
3198.0,5.219967654e-05,6.151717958e-11,0.0003617579398,3.490579151e-11,4.236712647e-05,7.141260105e-11,0.0004590317063,8.638627034e-11,4.118522663e-05,6.053725681e-11,4.188464529e-05,1.109203332e-11,1.117227287e-09,3.875506943e-10,3.874025737e-09
3199.0,5.286163726e-05,6.321387494e-11,0.0003641094772,3.503554432e-11,4.304652088e-05,7.224217611e-11,0.0004623723381,9.698446984e-11,4.101008746e-05,6.220926466e-11,4.144285609e-05,1.081139005e-11,1.254298443e-09,4.330309515e-10,4.307056688e-09
3200.0,5.346388168e-05,6.493739007e-11,0.0003662391439,3.515188458e-11,4.368458305e-05,7.301838704e-11,0.0004674463741,9.580731526e-11,4.097863342e-05,6.498750047e-11,4.112145458e-05,1.067460796e-11,1.239088046e-09,4.195861215e-10,4.72664281e-09
3201.0,5.409564836e-05,6.668056778e-11,0.0003682359175,3.526068351e-11,4.429626822e-05,7.374085891e-11,0.0004703282921,7.321752177e-11,4.113920497e-05,6.862306597e-11,4.096128528e-05,1.069953637e-11,9.469380971e-10,-1.36346463e-10,4.590296347e-09
3202.0,5.467523214e-05,6.844547245e-11,0.0003701167207,3.536273243e-11,4.487413801e-05,7.441138685e-11,0.0004749034509,7.550300371e-11,4.146666586e-05,7.275239958e-11,4.093575383e-05,1.091827463e-11,9.764990722e-10,-1.418516048e-10,4.448444742e-09
3203.0,5.527228382e-05,7.022784443e-11,0.0003719127234,3.545541236e-11,4.542733307e-05,7.50264655e-11,0.0004799523369,7.429713457e-11,4.20251336e-05,7.732459437e-11,4.104886068e-05,1.126816333e-11,9.609101661e-10,-1.425014194e-10,4.305943322e-09
3204.0,5.584877498e-05,7.201794388e-11,0.0003736130599,3.553372544e-11,4.59479754e-05,7.558740863e-11,0.000482757612,8.873977556e-11,4.289388662e-05,8.22133652e-11,4.128576733e-05,1.171410641e-11,1.14769849e-09,-1.715223636e-10,4.134420959e-09
3205.0,5.63688967e-05,7.381907063e-11,0.0003751141109,3.559965453e-11,4.642643547e-05,7.609773565e-11,0.0004875228325,8.086343951e-11,4.399183945e-05,8.733034878e-11,4.168852737e-05,1.224022327e-11,1.045836162e-09,-1.58173046e-10,3.976247913e-09
3206.0,5.691349915e-05,7.561808806e-11,0.0003764580288,3.565407965e-11,4.687464838e-05,7.655836373e-11,0.0004897344432,8.840620847e-11,4.527696545e-05,9.259034982e-11,4.232776631e-05,1.283280798e-11,1.143389475e-09,-1.738859352e-10,3.802361978e-09
3207.0,5.738202926e-05,7.740256838e-11,0.0003776162317,3.569586044e-11,4.728474633e-05,7.696838935e-11,0.0004929947712,8.753311824e-11,4.672420156e-05,9.798168195e-11,4.315508399e-05,1.348109001e-11,1.132095278e-09,-1.728840548e-10,3.629477923e-09
3208.0,5.786545487e-05,7.917070537e-11,0.000378696879,3.572436454e-11,4.767510598e-05,7.732879515e-11,0.000497952065,8.463977539e-11,4.824181911e-05,8.826085767e-12,4.410518505e-05,1.416918124e-11,1.094676e-09,-1.700661228e-10,3.4594118e-09
3209.0,5.833727399e-05,8.091346342e-11,0.0003796976925,3.573729705e-11,4.804457809e-05,7.764052878e-11,0.0005001187747,9.206855889e-11,4.981299723e-05,9.306011035e-12,4.517381948e-05,1.489023614e-11,1.190746865e-09,-1.848230662e-10,3.274588734e-09
3210.0,5.872510651e-05,8.262273753e-11,0.000380495611,3.573534491e-11,4.836299566e-05,7.790545015e-11,0.0005036992972,8.856847868e-11,5.142183707e-05,9.786427798e-12,4.636793963e-05,1.563834748e-11,1.145483048e-09,-1.808328425e-10,3.093755891e-09
3211.0,5.914255794e-05,8.428825406e-11,0.0003811484173,3.572204436e-11,4.865283297e-05,7.812324773e-11,0.0005069194253,9.062493805e-11,5.304207636e-05,1.026529685e-11,4.763947107e-05,1.640741492e-11,1.172076729e-09,-1.85887223e-10,2.907868668e-09
3212.0,5.949119345e-05,8.59063145e-11,0.0003816088377,3.569514692e-11,4.890619043e-05,7.829341678e-11,0.0005093053076,9.234505455e-11,5.470270942e-05,1.074292624e-11,4.893866165e-05,1.719550717e-11,1.194318265e-09,-1.907419835e-10,2.717126685e-09
3213.0,5.982982587e-05,8.747117724e-11,0.0003818891223,3.565488228e-11,4.913037219e-05,7.841871e-11,0.0005132972983,7.879376061e-11,5.637916856e-05,1.12183776e-11,5.024914396e-05,1.799530724e-11,1.019058146e-09,2.9487489e-10,3.012001575e-09
3214.0,6.015748932e-05,8.897762616e-11,0.0003820661867,3.560122882e-11,4.933431282e-05,7.849838456e-11,0.0005145700966,9.65408917e-11,5.806130512e-05,1.169007457e-11,5.157677647e-05,1.880265995e-11,1.248573154e-09,-2.022915456e-10,2.809710029e-09
3215.0,6.040326836e-05,9.041951063e-11,0.0003819958994,3.553590438e-11,4.94993158e-05,7.852633527e-11,0.0005164298686,7.988189572e-11,5.972907587e-05,1.215646143e-11,5.292457901e-05,1.961487865e-11,1.033121732e-09,2.966236305e-10,3.10633366e-09
3216.0,6.066549834e-05,9.179721553e-11,0.0003817006819,3.545934519e-11,4.963320152e-05,7.851108715e-11,0.0005173458285,8.063899004e-11,6.137850635e-05,1.261759905e-11,5.428875861e-05,2.042921239e-11,1.042908384e-09,2.968540964e-10,3.403187756e-09
3217.0,6.086040855e-05,9.310344176e-11,0.0003812527726,3.536974923e-11,4.973884629e-05,7.846248411e-11,0.0005187545203,7.886332485e-11,6.300644178e-05,1.307223068e-11,5.565547364e-05,2.124543157e-11,1.019939279e-09,2.91170971e-10,3.694358727e-09
3218.0,6.104885813e-05,9.43313288e-11,0.000380659644,3.526432481e-11,4.981673291e-05,7.83704187e-11,0.0005213302394,8.482195091e-11,6.462209777e-05,1.35207614e-11,5.703038793e-05,2.205652468e-11,1.097000599e-09,-2.40564306e-10,3.453794421e-09
3219.0,6.121768782e-05,9.548025285e-11,0.0003799119469,3.514208815e-11,4.987395921e-05,7.823413559e-11,0.0005207589266,7.402440139e-11,6.621095947e-05,1.39619336e-11,5.842279752e-05,2.286201377e-11,9.573466539e-10,2.595268071e-10,3.713321228e-09
3220.0,6.131575881e-05,9.654895903e-11,0.0003789387898,3.500476042e-11,4.988737412e-05,7.805547552e-11,0.0005232293675,7.401319151e-11,6.777167547e-05,1.439486674e-11,5.978358689e-05,2.366166967e-11,9.572000885e-10,2.735098622e-10,3.98683109e-09
3221.0,6.144002032e-05,9.753810868e-11,0.0003778017859,3.485343122e-11,4.987915117e-05,7.784806048e-11,0.0005228633099,8.092689899e-11,6.929211462e-05,1.482035361e-11,6.114198214e-05,2.445406021e-11,1.046608169e-09,2.981903424e-10,4.285021433e-09
3222.0,6.147798125e-05,9.844681583e-11,0.0003764230743,3.46866621e-11,4.983309622e-05,7.760517712e-11,0.0005235740143,7.58229619e-11,7.078063566e-05,1.523700066e-11,6.248880817e-05,2.523422448e-11,9.80594577e-10,-1.60684946e-10,4.124336487e-09
3223.0,6.152532952e-05,9.927391101e-11,0.0003749675057,3.450710711e-11,4.976957976e-05,7.732080458e-11,0.000525581935,8.994818621e-11,7.223621369e-05,1.564320706e-11,6.380607188e-05,2.600711029e-11,1.163265685e-09,-2.059796386e-10,3.918356848e-09
3224.0,6.154519708e-05,2.723530553e-11,0.0003733232398,3.431234709e-11,4.968990478e-05,7.699670042e-11,0.0005236186655,8.085343841e-11,7.365764903e-05,1.603838561e-11,6.510955402e-05,2.676509067e-11,1.045631211e-09,-2.337264125e-10,3.684630436e-09
3225.0,6.147542996e-05,2.740425298e-11,0.0003713689467,3.409848968e-11,4.956277636e-05,7.664213822e-11,0.0005239176158,7.272425438e-11,7.505041854e-05,1.642442049e-11,6.637524619e-05,2.751427957e-11,9.404973758e-10,-1.549098895e-10,3.529720546e-09
3226.0,6.14313878e-05,2.754766142e-11,0.0003693073761,3.386749539e-11,4.942153403e-05,7.625893418e-11,0.0005222209793,9.896541703e-11,7.640559225e-05,1.679856311e-11,6.761742305e-05,2.824609371e-11,1.279845687e-09,3.26066843e-10,3.855787389e-09
3227.0,6.131511713e-05,2.766575262e-11,0.000367011656,3.361786749e-11,4.924781538e-05,7.583748741e-11,0.0005205701708,8.781346519e-11,7.771381584e-05,1.716066259e-11,6.881365144e-05,2.897452017e-11,1.135613378e-09,-2.062893377e-10,3.649498052e-09
3228.0,6.118810128e-05,2.775859672e-11,0.0003644763089,3.335164276e-11,4.905490366e-05,7.538254064e-11,0.0005195966212,8.27503829e-11,7.898106254e-05,1.751157621e-11,6.998956517e-05,2.968259753e-11,1.070133552e-09,-2.245823795e-10,3.424915672e-09
3229.0,6.104907656e-05,2.782596363e-11,0.0003617982447,3.30696669e-11,4.884681973e-05,7.490391946e-11,0.0005167360622,6.922536055e-11,8.020609344e-05,1.784983471e-11,7.111988656e-05,3.038518084e-11,8.952132287e-10,-1.460453701e-10,3.278870302e-09
3230.0,6.083314439e-05,2.78680884e-11,0.000358863441,3.277339136e-11,4.860038505e-05,7.44002464e-11,0.0005140453037,7.231790506e-11,8.137734702e-05,1.817491533e-11,7.222988964e-05,3.106143274e-11,9.352007643e-10,-1.517565181e-10,3.127113784e-09
3231.0,6.064600821e-05,2.788474964e-11,0.000355722974,3.246280207e-11,4.833017481e-05,7.38715355e-11,0.0005097575153,7.187374667e-11,8.249879462e-05,1.848411664e-11,7.330131248e-05,3.172564723e-11,9.294495278e-10,-1.508747536e-10,2.97623903e-09
3232.0,6.041446071e-05,2.787541598e-11,0.0003524258422,3.214040936e-11,4.804608748e-05,7.332407282e-11,0.0005059718364,7.749340553e-11,8.358406069e-05,1.878049466e-11,7.432581873e-05,3.237580257e-11,1.002110375e-09,2.877480007e-10,3.263987031e-09
3233.0,6.018730597e-05,2.783990006e-11,0.0003489509926,3.180824541e-11,4.775286845e-05,7.276686541e-11,0.0005023578088,8.387712221e-11,8.462215613e-05,1.906480518e-11,7.53240959e-05,3.299805741e-11,1.084654695e-09,-1.800053225e-10,3.083981709e-09
3234.0,5.995419834e-05,2.777743652e-11,0.0003453202009,3.146692115e-11,4.745149235e-05,7.219467757e-11,0.0004963323856,7.316084144e-11,8.560875097e-05,1.933235149e-11,7.627302869e-05,3.360116399e-11,9.460607005e-10,2.683885232e-10,3.352370232e-09
3235.0,5.965420762e-05,2.768784869e-11,0.00034148987,3.111677287e-11,4.71261181e-05,7.162304089e-11,0.000491912999,9.744717288e-11,8.655311894e-05,1.958593315e-11,7.717562902e-05,3.418408736e-11,1.260106848e-09,-2.389913832e-10,3.113378849e-09
3236.0,5.939206083e-05,2.757068752e-11,0.0003375676785,3.076030451e-11,4.679004533e-05,7.105399821e-11,0.0004854980442,8.29305366e-11,8.744007322e-05,1.982378601e-11,7.804828243e-05,3.473779271e-11,1.072379086e-09,-1.88414009e-10,2.92496484e-09
3237.0,5.906464651e-05,2.742573862e-11,0.0003334847624,3.040081458e-11,4.644183749e-05,7.049273011e-11,0.0004791652002,8.389454099e-11,8.82706145e-05,2.004588363e-11,7.886078061e-05,3.527029361e-11,1.084831862e-09,-2.035954329e-10,2.721369407e-09
3238.0,5.874095315e-05,2.725208766e-11,0.0003294285136,3.004030138e-11,4.610159027e-05,6.994408142e-11,0.0004753485461,8.702101336e-11,8.904369236e-05,2.025349986e-11,7.962397366e-05,3.577707817e-11,1.125250955e-09,-1.846363668e-10,2.53673304e-09
3239.0,5.840469451e-05,9.98160398e-11,0.0003253666729,2.967960975e-11,4.576489488e-05,6.941038057e-11,0.0004673210247,8.472262226e-11,8.975940762e-05,2.044206057e-11,8.03345865e-05,3.626212898e-11,1.095513477e-09,-2.456659156e-10,2.291067124e-09
3240.0,5.79696623e-05,9.899791043e-11,0.0003210941132,2.93185379e-11,4.54096294e-05,6.887754703e-11,0.0004614630617,8.566399873e-11,9.041833883e-05,2.061283183e-11,8.100852509e-05,3.671332974e-11,1.107680454e-09,3.154468239e-10,2.606513948e-09
3241.0,5.756972721e-05,9.807513236e-11,0.0003168302284,2.896675717e-11,4.506748183e-05,6.836104417e-11,0.0004542028106,8.878569547e-11,9.102369664e-05,2.076599096e-11,8.162463105e-05,3.713930632e-11,1.148033584e-09,3.057615783e-10,2.912275527e-09
3242.0,5.709853154e-05,9.704689262e-11,0.0003125389695,2.86241003e-11,4.472759905e-05,6.783513911e-11,0.0004462166636,9.66633579e-11,9.157379955e-05,2.09010586e-11,8.219311049e-05,3.753855168e-11,1.249881005e-09,3.262927484e-10,3.238568275e-09
3243.0,5.66107283e-05,9.591322284e-11,0.0003082859358,2.829085247e-11,4.439484137e-05,6.73033804e-11,0.0004402619959,8.38099955e-11,9.204527702e-05,2.101510291e-11,8.27122449e-05,3.790747576e-11,1.083679082e-09,2.724478564e-10,3.511016131e-09
3244.0,5.611043691e-05,9.467954953e-11,0.0003041791125,2.79695594e-11,4.408767277e-05,6.676925026e-11,0.0004312446308,9.815606963e-11,9.248275128e-05,2.111260454e-11,8.318238737e-05,3.824294078e-11,1.269160215e-09,-2.476007865e-10,3.263415345e-09
3245.0,5.552653896e-05,9.334501045e-11,0.0003000840758,2.76687309e-11,4.377249139e-05,6.622184879e-11,0.0004238952541,8.071562291e-11,9.284733411e-05,2.119132556e-11,8.359065194e-05,3.855156426e-11,1.043652477e-09,3.26877407e-10,3.590292752e-09
3246.0,5.495837048e-05,9.191203792e-11,0.0002961475001,2.73841311e-11,4.346297218e-05,6.566037395e-11,0.0004144654095,8.219142412e-11,9.31490344e-05,2.125080224e-11,8.39599705e-05,3.881910286e-11,1.062727968e-09,3.37677175e-10,3.927969927e-09
3247.0,5.433376535e-05,9.03842641e-11,0.0002924252356,2.711725217e-11,4.315648904e-05,6.508349884e-11,0.0004068998756,8.308095277e-11,9.338447841e-05,2.129008354e-11,8.426161392e-05,3.905915821e-11,1.074223105e-09,-1.988792267e-10,3.7290907e-09
3248.0,5.371849924e-05,8.876379817e-11,0.0002889920957,2.687433734e-11,4.285736721e-05,6.449416965e-11,0.0004001214116,7.261534944e-11,9.355140871e-05,2.13097155e-11,8.451256324e-05,3.926639007e-11,9.389050746e-10,3.233501727e-10,4.052440873e-09
3249.0,5.309045902e-05,8.706015568e-11,0.0002858527924,9.984706308e-11,4.256020124e-05,6.388803103e-11,0.0003916942125,9.517192496e-11,9.36500153e-05,2.131078521e-11,8.47121925e-05,3.943989199e-11,1.230549108e-09,-1.569820211e-10,3.895458852e-09
3250.0,5.240561541e-05,8.527281063e-11,0.0002829812038,9.911551639e-11,4.225034776e-05,6.326267965e-11,0.0003859617243,8.944564265e-11,9.368492862e-05,2.129016352e-11,8.486576919e-05,3.957711792e-11,1.156510939e-09,-1.196562274e-10,3.775802625e-09
3251.0,5.174885354e-05,8.341351649e-11,0.0002805751054,9.846905965e-11,4.193994247e-05,6.262302819e-11,0.0003782870354,8.588809611e-11,9.365361957e-05,2.125035857e-11,8.495424344e-05,3.968179127e-11,1.110510825e-09,3.657228081e-10,4.141525433e-09
3252.0,5.102376578e-05,8.148442238e-11,0.0002784762923,9.791027581e-11,4.161385609e-05,6.197536261e-11,0.0003724700151,9.199473847e-11,9.357556109e-05,2.11906284e-11,8.499261264e-05,3.975239549e-11,1.189464677e-09,-9.278278241e-11,4.04874265e-09
3253.0,5.03226238e-05,7.948821422e-11,0.0002768374404,9.740971617e-11,4.129667896e-05,6.131315399e-11,0.0003687375655,6.814042377e-11,9.339090369e-05,2.111129226e-11,8.497132512e-05,3.978709444e-11,8.810373671e-10,2.447839641e-10,4.293526614e-09
3254.0,4.963766038e-05,7.743142951e-11,0.0002755715623,9.70122552e-11,4.098419093e-05,6.06347735e-11,0.0003628929902,7.745407588e-11,9.31473237e-05,2.101411078e-11,8.488309519e-05,3.9789079e-11,1.001453317e-09,3.987741441e-10,4.692300759e-09
3255.0,4.889020345e-05,7.531933112e-11,0.0002745039869,9.669267999e-11,4.06516224e-05,5.995020419e-11,0.0003592700667,9.60838242e-11,9.283948792e-05,2.089185209e-11,8.475216654e-05,3.974625411e-11,1.242334243e-09,2.569035831e-10,4.949204342e-09
3256.0,4.82025633e-05,7.315841647e-11,0.0002737359004,9.647277912e-11,4.031861e-05,5.926744604e-11,0.0003560087805,6.987547301e-11,9.246107168e-05,2.075193304e-11,8.455110022e-05,3.966973503e-11,9.034677395e-10,2.368269196e-10,5.186031261e-09
3257.0,4.748471753e-05,7.095860871e-11,0.0002731883883,9.634085379e-11,3.997335112e-05,5.857363028e-11,0.0003528969145,9.519299956e-11,9.200877365e-05,2.05923323e-11,8.428704526e-05,3.955767694e-11,1.230815014e-09,4.709128539e-10,5.656944115e-09
3258.0,4.678259935e-05,6.87278361e-11,0.0002728589771,9.629345991e-11,3.963125322e-05,5.788821974e-11,0.0003527969985,9.389464893e-11,9.148853492e-05,2.041303138e-11,8.396876564e-05,3.94070669e-11,1.214032662e-09,-3.308688091e-10,5.326075306e-09
3259.0,4.612521838e-05,6.648238311e-11,0.0002728972408,9.63297369e-11,3.930094994e-05,5.721277885e-11,0.0003510085475,8.583328465e-11,9.08941081e-05,2.021142805e-11,8.358674491e-05,3.921887635e-11,1.109796565e-09,2.809721171e-10,5.607047423e-09
3260.0,4.542505557e-05,6.42259142e-11,0.0002730151469,9.64267272e-11,3.895485196e-05,5.654720449e-11,0.0003506557809,6.586352621e-11,9.022882279e-05,2.00004878e-11,8.313993972e-05,3.899803034e-11,8.515983164e-10,2.468255544e-10,5.853872978e-09
3261.0,4.47912159e-05,6.197071098e-11,0.0002732773461,9.660925374e-11,3.860942435e-05,5.589685817e-11,0.0003498529648,9.262628824e-11,8.950052513e-05,1.976451799e-11,8.265203252e-05,3.87327142e-11,1.197637262e-09,-2.337114402e-10,5.620161537e-09
3262.0,4.414335692e-05,5.972350034e-11,0.0002736439592,9.689400313e-11,3.826751796e-05,5.527177094e-11,0.0003499510362,7.89997677e-11,8.870253911e-05,1.950914596e-11,8.210039522e-05,3.843578584e-11,1.021449886e-09,1.958690399e-10,5.816030577e-09
3263.0,4.354090746e-05,5.750976016e-11,0.0002741699987,9.726045254e-11,3.79375845e-05,5.467099017e-11,0.0003518005428,6.820121745e-11,8.783671099e-05,1.923712571e-11,8.148555686e-05,3.810538045e-11,8.818331219e-10,2.548418496e-10,6.070872427e-09
3264.0,4.297107576e-05,5.533407726e-11,0.0002748042261,9.773993353e-11,3.761235526e-05,5.40929567e-11,0.0003507989581,7.252181994e-11,8.690636447e-05,1.894805709e-11,8.081364268e-05,3.774229417e-11,9.376957256e-10,2.021827978e-10,6.273055225e-09
3265.0,4.238516609e-05,5.320870234e-11,0.0002754604833,9.833959495e-11,3.72777773e-05,5.354708904e-11,0.0003531083917,9.066627493e-11,8.591274546e-05,1.864150864e-11,8.009532938e-05,3.734407268e-11,1.172310242e-09,-2.641308606e-10,6.008924364e-09
3266.0,4.189105166e-05,5.114621836e-11,0.0002762536683,9.904486408e-11,3.694758468e-05,5.304516732e-11,0.0003530512741,9.384239231e-11,8.485682733e-05,1.831828345e-11,7.932098179e-05,3.690883874e-11,1.213382251e-09,3.264897014e-10,6.335414065e-09
3267.0,4.137995544e-05,4.915568026e-11,0.0002770932085,9.986758728e-11,3.661416489e-05,5.257413949e-11,0.0003542549135,7.242333421e-11,8.374496173e-05,1.797923737e-11,7.848932769e-05,3.644452573e-11,9.36436408e-10,2.471593605e-10,6.582573426e-09
3268.0,4.095623329e-05,4.724521327e-11,0.0002780839687,2.693191521e-11,3.630912918e-05,5.214729201e-11,0.0003573863308,7.589303528e-11,8.257592987e-05,1.762300239e-11,7.760222705e-05,3.594835473e-11,9.813061172e-10,2.26432486e-10,6.809005912e-09
3269.0,4.059609757e-05,4.543781349e-11,0.0002792092083,2.720577142e-11,3.601378642e-05,5.178158945e-11,0.0003568190286,9.376122848e-11,8.134604714e-05,1.725088361e-11,7.667987813e-05,3.541324463e-11,1.212343544e-09,3.720232921e-10,7.181029204e-09
3270.0,4.023045432e-05,4.37427138e-11,0.0002803368646,2.74955107e-11,3.57096611e-05,5.147432353e-11,0.0003587430529,8.756839495e-11,8.006321266e-05,1.686424938e-11,7.570320836e-05,3.4845349e-11,1.132280009e-09,-2.534788341e-10,6.92755037e-09
3271.0,3.997687884e-05,4.217556576e-11,0.0002816312728,2.77967749e-11,3.541779242e-05,5.122134106e-11,0.0003591691704,9.568461372e-11,7.87341075e-05,1.646325084e-11,7.466791045e-05,3.424813442e-11,1.237230834e-09,3.436584741e-10,7.271208844e-09
3272.0,3.974455805e-05,4.077845632e-11,0.0002831796212,2.810757965e-11,3.514301318e-05,5.105992443e-11,0.0003601202948,9.498548633e-11,7.736350386e-05,1.604763285e-11,7.359839662e-05,3.361360066e-11,1.228194089e-09,-2.306639177e-10,7.040544926e-09
3273.0,3.958664643e-05,3.958335473e-11,0.0002850347105,2.842948188e-11,3.489726229e-05,5.098541793e-11,0.0003622427764,6.785154943e-11,7.594321228e-05,1.561863051e-11,7.246833502e-05,3.295692952e-11,8.773530983e-10,-1.635744351e-10,6.876970491e-09
3274.0,3.950021666e-05,3.85867764e-11,0.0002872017156,2.875379612e-11,3.468023563e-05,5.099073023e-11,0.0003632128411,6.911441871e-11,7.447432365e-05,1.517604119e-11,7.130712573e-05,3.226488503e-11,8.936821617e-10,1.564458833e-10,7.033416375e-09
3275.0,3.943700264e-05,3.782591059e-11,0.0002895754803,2.908103067e-11,3.447471012e-05,5.110979706e-11,0.0003652190339,7.169545069e-11,7.296495707e-05,1.471907899e-11,7.009428092e-05,3.155007928e-11,9.270651688e-10,-1.878690598e-10,6.845547315e-09
3276.0,3.949487696e-05,3.726549305e-11,0.0002922873928,2.940451635e-11,3.430055403e-05,5.133508432e-11,0.0003665438331,8.593264886e-11,7.142519364e-05,1.425094084e-11,6.885585911e-05,3.080581459e-11,1.11116736e-09,2.29142951e-10,7.074690266e-09
3277.0,3.961812738e-05,3.693243238e-11,0.0002952335207,2.97229276e-11,3.415437247e-05,5.165810406e-11,0.0003691856113,9.723593518e-11,6.98437432e-05,1.377414113e-11,6.756964506e-05,3.003844567e-11,1.257334129e-09,3.062712521e-10,7.380961518e-09
3278.0,3.983781052e-05,3.683108726e-11,0.0002983912,3.00423372e-11,3.404974101e-05,5.210293465e-11,0.0003726187173,6.929752557e-11,6.822288353e-05,1.328909394e-11,6.626232184e-05,2.923954901e-11,8.960796577e-10,-1.992248533e-10,7.181736664e-09
3279.0,4.012679686e-05,3.693450705e-11,0.000301722203,3.036281433e-11,3.398899521e-05,5.265889391e-11,0.0003742565137,6.115656286e-11,6.656571561e-05,1.279190729e-11,6.490844326e-05,2.842554175e-11,7.908094583e-10,-1.375431607e-10,7.044193504e-09
3280.0,4.044135692e-05,3.722461285e-11,0.0003052193472,3.067878249e-11,3.39583685e-05,5.332986533e-11,0.0003779589659,6.195341302e-11,6.488469032e-05,1.228704553e-11,6.353989288e-05,2.758616487e-11,8.011217589e-10,-1.229428817e-10,6.921250622e-09
3281.0,4.087292622e-05,3.767785011e-11,0.0003087926244,3.098546788e-11,3.397828546e-05,5.411505977e-11,0.0003805137304,6.87187911e-11,6.318260063e-05,1.177452399e-11,6.213461776e-05,2.673509429e-11,8.886104702e-10,-1.354622823e-10,6.78578834e-09
3282.0,4.130519774e-05,3.828979927e-11,0.0003123168689,3.128380948e-11,3.404107088e-05,5.500253823e-11,0.0003834665954,6.885681495e-11,6.146976184e-05,1.125648064e-11,6.071035738e-05,2.585961257e-11,8.904005907e-10,-1.383713742e-10,6.647416966e-09
3283.0,4.18316984e-05,3.904355989e-11,0.0003159165616,3.157320594e-11,3.41670673e-05,5.597913268e-11,0.0003892487433,9.600731048e-11,5.974691895e-05,1.073696092e-11,5.928210049e-05,2.496970589e-11,1.241501554e-09,-1.979135613e-10,6.449503404e-09
3284.0,4.242358035e-05,3.990808393e-11,0.0003195358313,3.185493101e-11,3.436520559e-05,5.700711315e-11,0.0003914364266,7.177105728e-11,5.802971202e-05,1.021336765e-11,5.784300367e-05,2.406581986e-11,9.280954884e-10,-2.101079632e-10,6.239395441e-09
3285.0,4.300268291e-05,4.087034164e-11,0.0003229753716,3.212479171e-11,3.460527249e-05,5.808475094e-11,0.0003960631266,7.606611195e-11,5.631545259e-05,9.688454854e-12,5.640539645e-05,2.314790347e-11,9.836471791e-10,-3.241496452e-10,5.915245796e-09
3286.0,4.367333243e-05,4.190708205e-11,0.0003263889932,3.238103929e-11,3.49194122e-05,5.920689771e-11,0.0003998051183,8.837600182e-11,5.461898398e-05,9.16676517e-12,5.496825892e-05,2.221861881e-11,1.142836849e-09,2.591051964e-10,6.174350992e-09
3287.0,4.432905267e-05,4.304136764e-11,0.0003296037565,3.262809162e-11,3.527871859e-05,6.036613623e-11,0.0004035015726,8.83543015e-11,5.295693824e-05,8.647090984e-12,5.355183822e-05,2.128565371e-11,1.142562385e-09,2.943259546e-10,6.468676947e-09
3288.0,4.502254861e-05,4.425394225e-11,0.0003327175174,3.28689613e-11,3.570958273e-05,6.156600428e-11,0.0004094194014,8.643030941e-11,5.134499227e-05,9.960183137e-11,5.216338614e-05,2.035154022e-11,1.117692084e-09,-1.773465093e-10,6.291330438e-09
3289.0,4.574083099e-05,4.55320544e-11,0.0003358242361,3.310592552e-11,3.621844552e-05,6.279217553e-11,0.0004127437789,7.980189599e-11,4.977735233e-05,9.380760312e-11,5.082359129e-05,1.941919221e-11,1.031974514e-09,-1.620224862e-10,6.129307951e-09
3290.0,4.641740422e-05,4.68780859e-11,0.0003388889022,3.333704424e-11,3.676289121e-05,6.403602477e-11,0.0004180846026,7.410065361e-11,4.829644019e-05,8.823662194e-11,4.952318057e-05,1.848964573e-11,9.582589167e-10,-1.484258619e-10,5.980882089e-09
3291.0,4.714501448e-05,4.82739379e-11,0.0003419286853,3.355761899e-11,3.73460291e-05,6.527772746e-11,0.0004217541154,7.842358976e-11,4.694363892e-05,8.302931927e-11,4.827473595e-05,1.757201785e-11,1.014170258e-09,-1.548139086e-10,5.826068181e-09
3292.0,4.783183421e-05,4.972044009e-11,0.0003448192388,3.377160797e-11,3.796261884e-05,6.650524918e-11,0.0004272365526,8.516954096e-11,4.571908908e-05,7.821716615e-11,4.708752529e-05,1.667258783e-11,1.101414508e-09,-1.662609138e-10,5.659807267e-09
3293.0,4.854725587e-05,5.122839408e-11,0.0003476073488,3.397679804e-11,3.861481121e-05,6.7701043e-11,0.0004333586485,6.285490823e-11,4.458463642e-05,7.396975692e-11,4.598403291e-05,1.580311126e-11,8.128518893e-10,-1.245019389e-10,5.535305328e-09
3294.0,4.92541825e-05,5.278520349e-11,0.0003502942094,3.417332963e-11,3.930270642e-05,6.885410774e-11,0.0004372657526,6.259735683e-11,4.360405263e-05,7.050685093e-11,4.495222194e-05,1.496888359e-11,8.09526196e-10,-1.241516727e-10,5.411153655e-09
3295.0,4.992005493e-05,5.438441133e-11,0.0003528421766,3.435894011e-11,3.999873961e-05,6.996206119e-11,0.0004432820584,7.946960074e-11,4.277605936e-05,6.773656205e-11,4.401178654e-05,1.419424495e-11,1.027737972e-09,-1.726527822e-10,5.238500873e-09
3296.0,5.061888412e-05,5.602261528e-11,0.0003553974108,3.453464684e-11,4.07072608e-05,7.101670413e-11,0.0004465986304,8.370892635e-11,4.208027694e-05,6.56213234e-11,4.320905921e-05,1.348724007e-11,1.08257331e-09,-1.841872058e-10,5.054313668e-09
3297.0,5.125824205e-05,5.770685826e-11,0.0003578992751,3.469656357e-11,4.140333271e-05,7.201698075e-11,0.0004510054987,7.843175954e-11,4.155003527e-05,6.418737344e-11,4.25085367e-05,1.285715103e-11,1.014335785e-09,-1.653492836e-10,4.888964384e-09
3298.0,5.191683663e-05,5.942981355e-11,0.0003603363658,3.484659297e-11,4.209938875e-05,7.296522816e-11,0.0004570032305,8.462681563e-11,4.115855426e-05,6.353063192e-11,4.190919619e-05,1.231348826e-11,1.094470738e-09,2.883107365e-10,5.17727512e-09
3299.0,5.258160585e-05,6.11804733e-11,0.0003627165962,3.498772342e-11,4.278224205e-05,7.386103795e-11,0.0004602592,8.431133491e-11,4.093247306e-05,6.371036169e-11,4.143965853e-05,1.184510328e-11,1.090394699e-09,-1.796504759e-10,4.997624644e-09
3300.0,5.317785672e-05,6.295615581e-11,0.0003648526242,3.512002118e-11,4.342271687e-05,7.470196412e-11,0.0004648908053,9.266550728e-11,4.087142113e-05,6.472600172e-11,4.108798804e-05,1.146204735e-11,1.198454896e-09,-2.048447751e-10,4.792779869e-09
3301.0,5.381822311e-05,6.476131193e-11,0.0003668946127,3.524111499e-11,4.404072524e-05,7.548473468e-11,0.0004690442261,8.406632696e-11,4.097758931e-05,6.651834637e-11,4.088237895e-05,1.121231122e-11,1.08724667e-09,-1.768815846e-10,4.615898285e-09
3302.0,5.440209977e-05,6.659256051e-11,0.0003688104233,3.535267371e-11,4.462633428e-05,7.621002503e-11,0.0004723965673,6.365759183e-11,4.126658271e-05,6.940202066e-11,4.083217271e-05,1.113159822e-11,8.232998137e-10,-1.293104206e-10,4.486587864e-09
3303.0,5.498934404e-05,6.845497353e-11,0.0003705948844,3.545447345e-11,4.518220355e-05,7.687767311e-11,0.0004779627212,8.639070684e-11,4.174881e-05,7.320520092e-11,4.091020326e-05,1.121779512e-11,1.117322276e-09,-1.823933751e-10,4.304194489e-09
3304.0,5.558365904e-05,7.03308222e-11,0.0003723584487,3.555152244e-11,4.571747807e-05,7.748520444e-11,0.0004811375306,9.178693021e-11,4.254220928e-05,7.768804467e-11,4.111795229e-05,1.147443702e-11,1.187107505e-09,3.138461668e-10,4.618040656e-09
3305.0,5.610376601e-05,7.221543331e-11,0.000373881896,3.56377834e-11,4.620042802e-05,7.803272559e-11,0.0004850340661,9.959341296e-11,4.359345263e-05,8.2576715e-11,4.14649294e-05,1.188115998e-11,1.288079785e-09,3.404172633e-10,4.958457919e-09
3306.0,5.664733988e-05,7.410525839e-11,0.0003752511535,3.571600526e-11,4.665037308e-05,7.852317445e-11,0.0004879373028,9.026941348e-11,4.482944165e-05,8.78389264e-11,4.204872188e-05,1.240406518e-11,1.167488637e-09,3.084283093e-10,5.266886228e-09
3307.0,5.712561014e-05,7.600337512e-11,0.0003764541181,3.578136777e-11,4.707272587e-05,7.895702979e-11,0.0004911641965,7.865772316e-11,4.624180973e-05,9.335962748e-11,4.283598649e-05,1.301691041e-11,1.017307483e-09,2.686898088e-10,5.535576037e-09
3308.0,5.761467886e-05,7.790638141e-11,0.0003775681815,3.583635432e-11,4.746906259e-05,7.933275737e-11,0.000495952175,9.803049293e-11,4.774062377e-05,9.907263915e-11,4.375478837e-05,1.370821674e-11,1.267864362e-09,3.350419907e-10,5.870618028e-09
3309.0,5.808388737e-05,7.97965803e-11,0.0003785731012,3.588229289e-11,4.784281982e-05,7.965147445e-11,0.0004977127963,8.111834418e-11,4.929220784e-05,8.956885004e-12,4.478624022e-05,1.445749295e-11,1.049126395e-09,2.771356162e-10,6.147753644e-09
3310.0,5.848205569e-05,8.166329157e-11,0.0003794165569,3.591476077e-11,4.81702415e-05,7.991610122e-11,0.0005025015124,8.417138355e-11,5.089445832e-05,9.479241104e-12,4.595115772e-05,1.525438753e-11,1.088614579e-09,2.876390125e-10,6.435392657e-09
3311.0,5.890941881e-05,8.349734302e-11,0.0003801274734,3.593537147e-11,4.846840109e-05,8.012506155e-11,0.0005045359795,8.242336093e-11,5.250419715e-05,1.000395581e-11,4.720965388e-05,1.607899778e-11,1.066005409e-09,2.816755999e-10,6.717068257e-09
3312.0,5.925147879e-05,8.528645615e-11,0.0003805975186,3.594694545e-11,4.872528343e-05,8.027590096e-11,0.0005074946939,9.164630736e-11,5.415338012e-05,1.052827652e-11,4.850090945e-05,1.69316905e-11,1.185285129e-09,3.1291529e-10,7.029983547e-09
3313.0,5.961034692e-05,8.702129159e-11,0.0003809529549,3.594704561e-11,4.896314638e-05,8.037106328e-11,0.0005120076207,8.783718582e-11,5.582042028e-05,1.105323834e-11,4.980375035e-05,1.779920427e-11,1.136018756e-09,3.002106881e-10,7.330194235e-09
3314.0,5.994008926e-05,8.869187957e-11,0.0003811605885,3.593628912e-11,4.917234787e-05,8.041548757e-11,0.0005124258409,6.879920216e-11,5.749907014e-05,1.157599152e-11,5.112354053e-05,1.867897481e-11,8.897900549e-10,-1.76863245e-10,7.15333099e-09
3315.0,6.018760061e-05,9.029243978e-11,0.0003811058463,3.591192807e-11,4.933914713e-05,8.039946036e-11,0.0005150397019,8.656956995e-11,5.916933674e-05,1.209356687e-11,5.246357976e-05,1.95680514e-11,1.119616257e-09,2.960649552e-10,7.449395945e-09
3316.0,6.046263476e-05,9.181899784e-11,0.00038089683,3.58732719e-11,4.948414729e-05,8.033014977e-11,0.0005159355282,9.185316016e-11,6.081733462e-05,1.260804335e-11,5.382131975e-05,2.046372553e-11,1.187945892e-09,3.140281248e-10,7.76342407e-09
3317.0,6.066594433e-05,9.326857764e-11,0.0003804839013,3.581944618e-11,4.959778295e-05,8.02105441e-11,0.0005172231666,8.761379802e-11,6.244818104e-05,1.311590057e-11,5.518355303e-05,2.136083102e-11,1.133110715e-09,2.602355969e-10,8.023659667e-09
3318.0,6.085467235e-05,9.463419908e-11,0.00037991687,3.575275179e-11,4.968091378e-05,8.004005261e-11,0.0005194807409,9.741758464e-11,6.406249503e-05,1.361730275e-11,5.655352926e-05,2.225192885e-11,1.25990271e-09,-2.083669036e-10,7.815292763e-09
3319.0,6.103333056e-05,9.591498703e-11,0.0003792225556,3.566715258e-11,4.974599506e-05,7.981931755e-11,0.0005200908357,8.151604968e-11,6.565665109e-05,1.411135865e-11,5.794128997e-05,2.311706005e-11,1.054237676e-09,2.797661125e-10,8.095058875e-09
3320.0,6.113957729e-05,9.71122119e-11,0.0003783093104,3.55588283e-11,4.976730296e-05,7.954984643e-11,0.000521392922,8.154259605e-11,6.72217928e-05,1.459662822e-11,5.930397161e-05,2.401341425e-11,1.054579568e-09,-1.687599381e-10,7.926298937e-09
3321.0,6.126172366e-05,9.822357736e-11,0.0003771921977,3.542977322e-11,4.976176593e-05,7.923351309e-11,0.000521477223,8.610676593e-11,6.874753775e-05,1.507356139e-11,6.066073421e-05,2.48844554e-11,1.113602599e-09,-1.950109594e-10,7.731287978e-09
3322.0,6.132012802e-05,9.924938729e-11,0.0003758944502,3.52817083e-11,4.972878174e-05,7.887183842e-11,0.0005225952918,6.673829693e-11,7.023853174e-05,1.553944055e-11,6.200867691e-05,2.572435592e-11,8.631069073e-10,-1.331985136e-10,7.598089464e-09
3323.0,6.137126635e-05,2.731899474e-11,0.0003744684912,3.511288604e-11,4.967012421e-05,7.846823567e-11,0.000523884649,6.6755637e-11,7.170110206e-05,1.599312785e-11,6.332703212e-05,2.658940278e-11,8.633288769e-10,-1.347064161e-10,7.463383048e-09
3324.0,6.139355934e-05,2.754130403e-11,0.0003728673625,3.49265353e-11,4.959294871e-05,7.802158598e-11,0.0005226575472,9.842640852e-11,7.31274022e-05,1.643455429e-11,6.463378209e-05,2.740274968e-11,1.272898472e-09,-2.283317362e-10,7.235051312e-09
3325.0,6.133784275e-05,2.773725357e-11,0.0003709850861,3.47249716e-11,4.94783599e-05,7.753444696e-11,0.0005230061019,8.512719382e-11,7.452289624e-05,1.686508012e-11,6.590463015e-05,2.8239813e-11,1.100901602e-09,1.327742499e-10,7.367825562e-09
3326.0,6.13048418e-05,2.790634192e-11,0.0003689784089,3.450962091e-11,4.934199565e-05,7.700343391e-11,0.0005213240034,8.494399539e-11,7.588667167e-05,1.728211272e-11,6.715277087e-05,2.902267007e-11,1.09852114e-09,-4.269849809e-10,6.940840581e-09
3327.0,6.118895483e-05,2.804787005e-11,0.0003667223729,3.427348723e-11,4.917270011e-05,7.643637625e-11,0.0005193808298,8.278875988e-11,7.720300898e-05,1.768524265e-11,6.835412181e-05,2.983321795e-11,1.070639812e-09,6.596032767e-11,7.006800909e-09
3328.0,6.107367007e-05,2.816241651e-11,0.0003642815518,3.40165561e-11,4.898785007e-05,7.583883568e-11,0.0005197370664,8.783830592e-11,7.847580877e-05,1.807354075e-11,6.95360107e-05,3.058198594e-11,1.135934697e-09,4.961149371e-11,7.056412402e-09
3329.0,6.094683218e-05,2.82495289e-11,0.0003616569753,3.374008918e-11,4.878810935e-05,7.520281996e-11,0.0005157367968,9.283567038e-11,7.971093887e-05,1.844573182e-11,7.067123541e-05,3.135490593e-11,1.200542855e-09,7.659903328e-11,7.133011436e-09
3330.0,6.072534084e-05,2.830916614e-11,0.0003587359381,3.344119685e-11,4.854389193e-05,7.453913177e-11,0.0005137407216,7.904776774e-11,8.089331739e-05,1.880285877e-11,7.178686209e-05,3.205952833e-11,1.022234737e-09,-3.943645474e-10,6.738646888e-09
3331.0,6.055698901e-05,2.83414545e-11,0.0003557006298,3.31235538e-11,4.828548228e-05,7.385384596e-11,0.0005099374297,6.612329996e-11,8.202379166e-05,1.913907263e-11,7.286455475e-05,3.276701254e-11,8.550893755e-10,-2.293145865e-10,6.509332302e-09
3332.0,6.032552556e-05,2.83464766e-11,0.0003524399924,3.278698813e-11,4.800261517e-05,7.314194713e-11,0.0005053842114,8.019324052e-11,8.31154971e-05,1.946028315e-11,7.389707609e-05,3.347461415e-11,1.037026655e-09,2.453445084e-10,6.75467681e-09
3333.0,6.009664444e-05,2.832340366e-11,0.0003490027423,3.243292065e-11,4.770878433e-05,7.241618262e-11,0.0005025621819,9.167705613e-11,8.416185931e-05,1.976647737e-11,7.490229126e-05,3.410960833e-11,1.185524372e-09,-4.16760337e-10,6.337916473e-09
3334.0,5.987331461e-05,2.827134994e-11,0.0003454436069,3.20670812e-11,4.741738899e-05,7.168316024e-11,0.0004966032309,9.871531988e-11,8.515785955e-05,2.005293221e-11,7.585888973e-05,3.474433655e-11,1.276517965e-09,-4.329718612e-10,5.904944612e-09
3335.0,5.958311281e-05,2.818970052e-11,0.0003416679023,3.168853526e-11,4.70952189e-05,7.094707164e-11,0.0004921927112,7.859592777e-11,8.611310461e-05,2.032238423e-11,7.677088685e-05,3.537470101e-11,1.0163422e-09,1.36489218e-10,6.04143383e-09
3336.0,5.931751007e-05,2.807810553e-11,0.0003377590806,3.129823384e-11,4.675923376e-05,7.021512166e-11,0.0004854996499,8.763670401e-11,8.701193862e-05,2.05726291e-11,7.765232796e-05,3.592989489e-11,1.133239193e-09,1.585188033e-10,6.199952633e-09
3337.0,5.900122103e-05,2.793610836e-11,0.0003337309683,3.089894433e-11,4.641360329e-05,6.950294847e-11,0.0004803253492,8.08442586e-11,8.785528428e-05,2.080426283e-11,7.847529488e-05,3.648169449e-11,1.045392484e-09,-3.324866182e-10,5.867466015e-09
3338.0,5.868922055e-05,2.776330396e-11,0.0003296911099,3.04930181e-11,4.607671834e-05,6.881207374e-11,0.0004754054304,8.063044207e-11,8.864093474e-05,2.101702703e-11,7.924942475e-05,3.700232137e-11,1.042622213e-09,1.545351793e-10,6.022001194e-09
3339.0,5.834990311e-05,2.755964932e-11,0.0003256240027,3.008339153e-11,4.573825525e-05,6.814395132e-11,0.0004680128297,8.27662263e-11,8.9368974e-05,2.120817703e-11,7.997036165e-05,3.7515588e-11,1.070222328e-09,1.618378962e-10,6.18383909e-09
3340.0,5.7938694e-05,2.732534406e-11,0.0003214210402,2.967039087e-11,4.538903304e-05,6.749396833e-11,0.0004625599685,7.991680997e-11,9.004020298e-05,2.137754902e-11,8.065598463e-05,3.79447574e-11,1.033370577e-09,1.590121364e-10,6.342851227e-09
3341.0,5.754456553e-05,9.979997422e-11,0.0003171745491,2.925924213e-11,4.504251613e-05,6.686272153e-11,0.0004545174263,8.209360767e-11,9.06568016e-05,2.152491894e-11,8.128118971e-05,3.836457193e-11,1.061507082e-09,1.661683617e-10,6.509019588e-09
3342.0,5.707559519e-05,9.875001613e-11,0.0003128540501,2.885373265e-11,4.46976118e-05,6.62392682e-11,0.0004472832499,8.517258244e-11,9.122098862e-05,2.16505992e-11,8.186115901e-05,3.875042431e-11,1.101306635e-09,1.72400084e-10,6.681419672e-09
3343.0,5.660400733e-05,9.758913051e-11,0.0003086361852,2.845664207e-11,4.437014382e-05,6.562190176e-11,0.0004413810138,9.061492943e-11,9.171169554e-05,2.175377104e-11,8.239161178e-05,3.910108459e-11,1.171673542e-09,1.836547525e-10,6.865074425e-09
3344.0,5.611617759e-05,9.632042736e-11,0.0003045236531,2.80679807e-11,4.406009935e-05,6.500768873e-11,0.0004323823629,8.66128631e-11,9.215953846e-05,2.183495519e-11,8.286644772e-05,3.944147287e-11,1.119909711e-09,1.788033119e-10,7.043877737e-09
3345.0,5.553196526e-05,9.494756722e-11,0.0003003911338,2.76908192e-11,4.374132103e-05,6.439326152e-11,0.0004246881703,9.900455198e-11,9.253832955e-05,2.189363504e-11,8.330303586e-05,3.968842266e-11,1.280133542e-09,-3.743284242e-10,6.669549313e-09
3346.0,5.498254243e-05,9.346817987e-11,0.0002964341368,2.733335749e-11,4.34326232e-05,6.377387627e-11,0.0004165194195,9.463381155e-11,9.285606467e-05,2.19290272e-11,8.367622587e-05,3.992320261e-11,1.223611728e-09,-3.553310646e-10,6.314218248e-09
3347.0,5.436662293e-05,9.188561152e-11,0.0002926633049,2.699812756e-11,4.31258161e-05,6.314694302e-11,0.0004076979897,8.316303562e-11,9.310643297e-05,2.194008305e-11,8.399195524e-05,4.011886197e-11,1.075287318e-09,-3.072261263e-10,6.006992122e-09
3348.0,5.374462862e-05,9.020262398e-11,0.0002891337963,2.668454788e-11,4.282487112e-05,6.251600653e-11,0.000401339137,9.770653197e-11,9.329066146e-05,2.19286774e-11,8.425492392e-05,4.027422444e-11,1.26333625e-09,2.449354821e-10,6.251927604e-09
3349.0,5.313645753e-05,8.842850127e-11,0.0002859619713,9.898714095e-11,4.253507111e-05,6.187859556e-11,0.0003931314314,9.277457654e-11,9.340657051e-05,2.189456026e-11,8.446539566e-05,4.039116135e-11,1.199553685e-09,-3.40894497e-10,5.911033107e-09
3350.0,5.24539621e-05,8.656273832e-11,0.0002829993231,9.802344743e-11,4.222419365e-05,6.123131124e-11,0.0003863774435,9.775553449e-11,9.345635525e-05,2.183533029e-11,8.463212442e-05,4.046654249e-11,1.263959063e-09,2.360299244e-10,6.147063031e-09
3351.0,5.179850222e-05,8.461134759e-11,0.000280454482,9.717842545e-11,4.191018316e-05,6.058323643e-11,0.0003792340133,8.101876762e-11,9.344268181e-05,2.175253052e-11,8.47362165e-05,4.050095646e-11,1.047554461e-09,1.774912662e-10,6.324554297e-09
3352.0,5.108645924e-05,8.257843289e-11,0.0002783012971,9.640487383e-11,4.159391038e-05,5.992416329e-11,0.0003732457892,8.71086e-11,9.337843558e-05,2.16487318e-11,8.478027612e-05,4.052147057e-11,1.126290079e-09,-3.140908511e-10,6.010463446e-09
3353.0,5.038776079e-05,8.047336696e-11,0.0002765569721,9.573205799e-11,4.127742115e-05,5.926134276e-11,0.000369341197,7.560440679e-11,9.321518748e-05,2.152093614e-11,8.478272654e-05,4.044933982e-11,9.775475928e-10,-2.662835186e-10,5.744179928e-09
3354.0,4.969941683e-05,7.830178721e-11,0.0002751846411,9.514730165e-11,4.096417586e-05,5.859117198e-11,0.0003628674717,8.28136898e-11,9.298891402e-05,2.137182962e-11,8.471677991e-05,4.036269666e-11,1.070754908e-09,-2.96157173e-10,5.448022755e-09
3355.0,4.896008239e-05,7.606633322e-11,0.0002740679817,9.46884613e-11,4.063531963e-05,5.792065415e-11,0.0003602834267,8.741980648e-11,9.270108105e-05,2.119626474e-11,8.459139708e-05,4.023387001e-11,1.130313122e-09,1.933656475e-10,5.641388402e-09
3356.0,4.827678131e-05,7.377831455e-11,0.0002732465753,9.432510241e-11,4.030541561e-05,5.724688107e-11,0.0003556165711,8.813509108e-11,9.234159258e-05,2.100011238e-11,8.440769391e-05,4.006170202e-11,1.139561655e-09,-3.13874585e-10,5.327513817e-09
3357.0,4.754509499e-05,7.144504981e-11,0.0002726141397,9.403922913e-11,3.995920299e-05,5.656921992e-11,0.0003527701742,7.975524403e-11,9.190728196e-05,2.078091356e-11,8.415848866e-05,3.984879161e-11,1.03121254e-09,-2.806908355e-10,5.046822982e-09
3358.0,4.685762204e-05,6.906938253e-11,0.0002722656207,9.386553562e-11,3.96233834e-05,5.590680866e-11,0.0003528409732,7.432096598e-11,9.14068024e-05,2.054128836e-11,8.384910621e-05,3.962210442e-11,9.609516057e-10,1.604825862e-10,5.207305568e-09
3359.0,4.61925091e-05,6.666401468e-11,0.0002722273466,9.376907641e-11,3.929308044e-05,5.524322666e-11,0.0003499562424,9.128969755e-11,9.083280952e-05,2.027757518e-11,8.349258768e-05,3.930546514e-11,1.180347949e-09,-3.177241002e-10,4.889581468e-09
3360.0,4.548333364e-05,6.42334539e-11,0.0002722797693,9.376957767e-11,3.894228042e-05,5.459186439e-11,0.0003501505446,8.468043869e-11,9.018742693e-05,1.999614343e-11,8.306766e-05,3.897570622e-11,1.094899426e-09,-2.965396031e-10,4.593041865e-09
3361.0,4.485329396e-05,6.179368638e-11,0.0002725354323,9.386681262e-11,3.860401296e-05,5.39550634e-11,0.00034921707,9.54256271e-11,8.947679099e-05,1.96988605e-11,8.258560271e-05,3.860637922e-11,1.233832767e-09,-3.295413831e-10,4.263500482e-09
3362.0,4.420386846e-05,5.935288549e-11,0.0002728762872,9.407375992e-11,3.826132857e-05,5.333837698e-11,0.0003491638555,7.472814113e-11,8.869777545e-05,1.937824706e-11,8.205053296e-05,3.819867724e-11,9.662198109e-10,-2.472463262e-10,4.016254155e-09
3363.0,4.35888704e-05,5.693756936e-11,0.0002733575,9.438655094e-11,3.792897548e-05,5.274081567e-11,0.0003505248677,9.068377782e-11,8.785197781e-05,1.904010194e-11,8.144674057e-05,3.778090134e-11,1.172531283e-09,-3.136552764e-10,3.702598879e-09
3364.0,4.302055312e-05,5.455565838e-11,0.0002739926699,9.482790441e-11,3.760638379e-05,5.217078316e-11,0.0003506868182,8.034265312e-11,8.693929231e-05,1.868164301e-11,8.080454496e-05,3.728610561e-11,1.038817948e-09,-2.747189052e-10,3.427879974e-09
3365.0,4.242953249e-05,5.22386195e-11,0.0002746301841,9.537237194e-11,3.727312593e-05,5.163546755e-11,0.0003516770555,9.079185188e-11,8.596480197e-05,1.830595002e-11,8.009223045e-05,3.677262505e-11,1.173934547e-09,-2.825620832e-10,3.14531789e-09
3366.0,4.191371174e-05,5.001083415e-11,0.0002753637814,9.604782787e-11,3.693974289e-05,5.112721311e-11,0.000352063189,7.96267855e-11,8.492807299e-05,1.79125562e-11,7.933532332e-05,3.622699829e-11,1.029574385e-09,-2.715014752e-10,2.873816415e-09
3367.0,4.140850993e-05,4.788614459e-11,0.0002762174698,9.68788903e-11,3.660983893e-05,5.066305498e-11,0.0003535650099,9.511359535e-11,8.383424192e-05,1.750632183e-11,7.851307746e-05,3.566902997e-11,1.229821044e-09,-3.203540947e-10,2.553462321e-09
3368.0,4.096785647e-05,4.589982928e-11,0.0002771891963,9.78920922e-11,3.630099601e-05,5.024462819e-11,0.0003557759442,9.362775158e-11,8.26804833e-05,1.70844752e-11,7.765472686e-05,3.503839979e-11,1.210618335e-09,2.203409313e-10,2.773803252e-09
3369.0,4.059095642e-05,4.407132058e-11,0.0002782578018,9.907705735e-11,3.600100509e-05,4.987043622e-11,0.0003559093261,6.666305637e-11,8.146948325e-05,1.664589408e-11,7.67388036e-05,3.439676294e-11,8.619617165e-10,1.587504468e-10,2.932553699e-09
3370.0,4.021923381e-05,4.241898449e-11,0.000279388199,2.677885636e-11,3.570152934e-05,4.955402255e-11,0.0003578113153,8.925461105e-11,8.020258635e-05,1.619276256e-11,7.577063311e-05,3.374111811e-11,1.154083099e-09,-2.984577154e-10,2.634095983e-09
3371.0,3.995327321e-05,4.097414276e-11,0.0002806383651,2.714451367e-11,3.541017363e-05,4.930910105e-11,0.0003581280034,9.734753376e-11,7.888594065e-05,1.572819431e-11,7.476538556e-05,3.302114756e-11,1.258732018e-09,2.642836667e-10,2.89837965e-09
3372.0,3.969849269e-05,3.974221988e-11,0.0002820751422,2.751428885e-11,3.512612834e-05,4.91244877e-11,0.0003586334796,9.470219077e-11,7.75319296e-05,1.525091459e-11,7.370363395e-05,3.229371847e-11,1.224532574e-09,-2.800689029e-10,2.618310747e-09
3373.0,3.953301425e-05,3.875099146e-11,0.000283887784,2.788562783e-11,3.487709346e-05,4.902615324e-11,0.0003619525703,9.671424865e-11,7.612939429e-05,1.476409974e-11,7.258840599e-05,3.156017962e-11,1.250559025e-09,2.040023399e-10,2.822313087e-09
3374.0,3.943532005e-05,3.800000261e-11,0.0002860045712,2.825615389e-11,3.465618495e-05,4.901251827e-11,0.0003615828854,8.935578907e-11,7.467482316e-05,1.426826733e-11,7.143938605e-05,3.076817797e-11,1.155411012e-09,-2.540230747e-10,2.568290012e-09
3375.0,3.934277813e-05,3.747811632e-11,0.0002882581147,2.862184611e-11,3.444166308e-05,4.909278039e-11,0.0003640692451,6.514472768e-11,7.31787932e-05,1.376248733e-11,7.024092202e-05,2.998420717e-11,8.423607358e-10,1.547673058e-10,2.723057318e-09
3376.0,3.939044019e-05,3.719857454e-11,0.0002909319081,2.898470913e-11,3.426531854e-05,4.926770704e-11,0.0003656223863,8.202862067e-11,7.165204684e-05,1.324990478e-11,6.90161741e-05,2.914616004e-11,1.060683808e-09,-2.214570192e-10,2.501600299e-09
3377.0,3.948820751e-05,3.712599606e-11,0.0002938094661,2.933747529e-11,3.411085757e-05,4.955443803e-11,0.0003672242054,8.126671458e-11,7.008472687e-05,1.273173686e-11,6.774054366e-05,2.832274249e-11,1.050838944e-09,1.612839232e-10,2.662884222e-09
3378.0,3.968631093e-05,3.72569246e-11,0.000296905628,2.968052294e-11,3.399115315e-05,4.994838192e-11,0.000371331244,8.461138965e-11,6.847792692e-05,1.22103074e-11,6.644518243e-05,2.745156673e-11,1.094099956e-09,-2.91789885e-10,2.371094337e-09
3379.0,3.996352314e-05,3.758553339e-11,0.0003002127309,3.002215056e-11,3.392845999e-05,5.045845053e-11,0.0003728729116,5.810696761e-11,6.68337728e-05,1.168496315e-11,6.510412635e-05,2.659387404e-11,7.513747099e-10,1.118581008e-10,2.482952438e-09
3380.0,4.026270017e-05,3.807068198e-11,0.0003036601574,3.036187479e-11,3.388722792e-05,5.108737775e-11,0.0003764267098,9.694987407e-11,6.516167997e-05,1.115653272e-11,6.374500937e-05,2.569737251e-11,1.253661302e-09,-3.354560182e-10,2.14749642e-09
3381.0,4.067172027e-05,3.869361553e-11,0.0003072125002,3.068917384e-11,3.389249158e-05,5.183652591e-11,0.0003784423494,9.24030386e-11,6.346873147e-05,1.062971619e-11,6.234969247e-05,2.481933433e-11,1.194874602e-09,-3.236373191e-10,1.823859101e-09
3382.0,4.10960062e-05,3.944477243e-11,0.0003107495912,3.100355971e-11,3.3942564e-05,5.270386314e-11,0.0003825524349,9.406508853e-11,6.176245263e-05,1.010153714e-11,6.093485121e-05,2.391832366e-11,1.216371323e-09,-3.311345445e-10,1.492724556e-09
3383.0,4.160968044e-05,4.029356685e-11,0.0003143497575,3.130579088e-11,3.40567376e-05,5.367583597e-11,0.0003871297225,5.867052758e-11,6.004624048e-05,9.57425421e-12,5.950990663e-05,2.300069976e-11,7.586862003e-10,1.107182099e-10,1.603442766e-09
3384.0,4.217625794e-05,4.122358623e-11,0.0003179558963,3.159824325e-11,3.423236281e-05,5.473676824e-11,0.000389779834,7.020570526e-11,5.833134671e-05,9.049881495e-12,5.80751205e-05,2.209713685e-11,9.078520496e-10,1.597340858e-10,1.763176852e-09
3385.0,4.275885238e-05,4.223011713e-11,0.0003214505074,3.188262997e-11,3.446335776e-05,5.585847147e-11,0.0003947086189,9.200556883e-11,5.662084954e-05,8.52768015e-12,5.664324606e-05,2.117691276e-11,1.189764821e-09,3.656812966e-10,2.128858148e-09
3386.0,4.341695925e-05,4.331181918e-11,0.0003248746525,3.215643082e-11,3.475982458e-05,5.702438148e-11,0.0003974195808,6.187966989e-11,5.492283589e-05,9.972358178e-11,5.520855108e-05,2.02494078e-11,8.001985944e-10,-6.206563893e-11,2.06679251e-09
3387.0,4.406011633e-05,4.447441025e-11,0.0003281023344,3.241692287e-11,3.509935011e-05,5.823624335e-11,0.0004017422161,7.835038834e-11,5.325256204e-05,9.399327584e-11,5.378883203e-05,1.932175661e-11,1.013194749e-09,2.708004671e-10,2.337592977e-09
3388.0,4.475599624e-05,4.570753703e-11,0.0003312716951,3.266893433e-11,3.551721957e-05,5.948338616e-11,0.0004076696525,8.268010512e-11,5.163264628e-05,8.849312362e-11,5.239283258e-05,1.839791603e-11,1.069193504e-09,2.809897058e-10,2.618582682e-09
3389.0,4.547312441e-05,4.698373071e-11,0.000334388441,3.292132411e-11,3.601137387e-05,6.075688957e-11,0.0004108377412,9.97235447e-11,5.005237171e-05,8.333982766e-11,5.104476752e-05,1.748622348e-11,1.289592686e-09,-2.188972911e-10,2.399685391e-09
3390.0,4.613883088e-05,4.829307755e-11,0.0003374148622,3.316482127e-11,3.654012845e-05,6.202809754e-11,0.0004156748479,7.4549518e-11,4.85535076e-05,7.842203107e-11,4.973894602e-05,1.660132143e-11,9.64061903e-10,3.586789232e-10,2.758364315e-09
3391.0,4.687010946e-05,4.965824528e-11,0.0003404845432,3.339453355e-11,3.711461524e-05,6.327288946e-11,0.0004205221053,8.629191331e-11,4.716682062e-05,7.388483235e-11,4.847885207e-05,1.574407755e-11,1.115920836e-09,-1.289895467e-10,2.629374768e-09
3392.0,4.755977917e-05,5.106783259e-11,0.0003434225915,3.361077944e-11,3.772256821e-05,6.44811076e-11,0.0004247132467,9.176776553e-11,4.591753685e-05,6.992674028e-11,4.727487192e-05,1.491591322e-11,1.186741483e-09,-1.463803883e-10,2.48299438e-09
3393.0,4.826510443e-05,5.253565354e-11,0.0003462073604,3.381807565e-11,3.836216116e-05,6.563971343e-11,0.0004313428462,8.007099911e-11,4.475660332e-05,6.653395151e-11,4.615595202e-05,1.412780617e-11,1.035493122e-09,3.915570007e-10,2.87455138e-09
3394.0,4.898553377e-05,5.404722138e-11,0.0003489707827,3.401792608e-11,3.904787846e-05,6.67477721e-11,0.000435595845,9.089475983e-11,4.373514553e-05,6.36529937e-11,4.510914444e-05,1.340295113e-11,1.175472748e-09,-1.398224576e-10,2.734728923e-09
3395.0,4.96489486e-05,5.558913796e-11,0.0003515170357,3.420432926e-11,3.973686719e-05,6.780351271e-11,0.0004406856395,7.928260061e-11,4.287188015e-05,6.147900428e-11,4.413951059e-05,1.274912294e-11,1.025317289e-09,3.890031041e-10,3.123732027e-09
3396.0,5.034317209e-05,5.716194818e-11,0.0003540383186,3.437860493e-11,4.043955669e-05,6.880795707e-11,0.0004447748064,7.389367534e-11,4.214708887e-05,6.004306754e-11,4.330475443e-05,1.215543035e-11,9.55634587e-10,3.478940036e-10,3.47162603e-09
3397.0,5.099303181e-05,5.875975271e-11,0.0003565786121,3.453864804e-11,4.114209922e-05,6.976272835e-11,0.0004491773912,7.768951425e-11,4.15712455e-05,5.948107357e-11,4.258358733e-05,1.164337779e-11,1.004733473e-09,3.607965164e-10,3.832422547e-09
3398.0,5.165523829e-05,6.040222861e-11,0.0003590505856,3.468719091e-11,4.184060658e-05,7.066709361e-11,0.0004550557122,8.463937145e-11,4.115236468e-05,5.977090904e-11,4.195666752e-05,1.121602807e-11,1.094629859e-09,3.837842649e-10,4.216206812e-09
3399.0,5.231370445e-05,6.207519353e-11,0.00036143256,3.482424506e-11,4.252554617e-05,7.151953511e-11,0.0004578793719,9.227246322e-11,4.087624351e-05,6.092265015e-11,4.14559011e-05,1.088475236e-11,1.193353867e-09,4.14941884e-10,4.631148696e-09
3400.0,5.291785831e-05,6.378271264e-11,0.0003636222139,3.494647811e-11,4.317346679e-05,7.232035076e-11,0.0004637312606,9.207532609e-11,4.077924443e-05,6.31289713e-11,4.107357932e-05,1.06723835e-11,1.190819064e-09,4.06262965e-10,5.037411661e-09
3401.0,5.356432632e-05,6.550815908e-11,0.000365697196,3.50578253e-11,4.379924228e-05,7.306671453e-11,0.0004667721341,6.944536435e-11,4.083375812e-05,6.639420518e-11,4.082823999e-05,1.061726568e-11,8.981504104e-10,-1.282704069e-10,4.909141254e-09
3402.0,5.413923094e-05,6.725577063e-11,0.0003676178232,3.516268428e-11,4.438681071e-05,7.376161626e-11,0.0004706503489,7.236664892e-11,4.108399459e-05,7.025756298e-11,4.07442961e-05,1.073799526e-11,9.359374768e-10,-1.348854276e-10,4.774255826e-09
3403.0,5.474388778e-05,6.902413399e-11,0.0003694632466,3.526083606e-11,4.495528538e-05,7.440192992e-11,0.0004765259476,7.175312048e-11,4.150289552e-05,7.461603996e-11,4.078708996e-05,1.102944926e-11,9.280078707e-10,-1.367668974e-10,4.637488929e-09
3404.0,5.533658949e-05,7.080224492e-11,0.0003712453158,3.534561189e-11,4.549626475e-05,7.498882598e-11,0.0004787582149,8.557234515e-11,4.221810064e-05,7.934702861e-11,4.096384076e-05,1.142784872e-11,1.106733225e-09,-1.64045691e-10,4.473443238e-09
3405.0,5.585601346e-05,7.259123211e-11,0.0003727826976,3.541724624e-11,4.598323941e-05,7.552208098e-11,0.0004834106145,7.905877071e-11,4.321015204e-05,8.433235713e-11,4.126680599e-05,1.191439549e-11,1.022497455e-09,-1.537332033e-10,4.319710035e-09
3406.0,5.640974584e-05,7.438692369e-11,0.0003742149019,3.547789996e-11,4.644695033e-05,7.600608319e-11,0.0004863119243,8.712361949e-11,4.439885373e-05,8.951698238e-11,4.178845408e-05,1.247174302e-11,1.126802334e-09,-1.706086864e-10,4.149101348e-09
3407.0,5.689654353e-05,7.617148782e-11,0.0003754525794,3.552566335e-11,4.687512858e-05,7.644034062e-11,0.0004894930597,8.668551158e-11,4.576663124e-05,9.480999998e-11,4.252927605e-05,1.309462616e-11,1.121134403e-09,-1.704427141e-10,3.978658634e-09
3408.0,5.738263435e-05,7.794030904e-11,0.0003765760352,3.55604519e-11,4.727596454e-05,7.682403153e-11,0.0004938327031,8.3135643e-11,4.724846708e-05,8.546007833e-12,4.341378194e-05,1.375861128e-11,1.075225765e-09,-1.661732123e-10,3.812485422e-09
3409.0,5.786227011e-05,7.968940013e-11,0.0003776336579,3.558162298e-11,4.765792794e-05,7.715990412e-11,0.0004967829652,9.122908258e-11,4.878195601e-05,9.023052747e-12,4.441842665e-05,1.446049888e-11,1.179891956e-09,-1.822560005e-10,3.630229421e-09
3410.0,5.827085668e-05,8.140932303e-11,0.0003785090444,3.558566417e-11,4.799478766e-05,7.744753265e-11,0.0005003753286,8.680020874e-11,5.03734637e-05,9.501836333e-12,4.55462116e-05,1.519239656e-11,1.122615945e-09,-1.760929145e-10,3.454136507e-09
3411.0,5.869174855e-05,8.309028053e-11,0.000379234081,3.557833766e-11,4.829706991e-05,7.768769175e-11,0.0005029077514,8.912574108e-11,5.197836878e-05,9.979784798e-12,4.678604305e-05,1.594845279e-11,1.152691446e-09,-1.817087723e-10,3.272427734e-09
3412.0,5.905422589e-05,8.472654797e-11,0.0003797800766,3.555830077e-11,4.856734153e-05,7.788165997e-11,0.0005062529582,9.060340356e-11,5.361295902e-05,1.04556472e-11,4.806717926e-05,1.672417796e-11,1.171796897e-09,-1.863562961e-10,3.086071438e-09
3413.0,5.941469611e-05,8.631195828e-11,0.0003801656414,3.552483825e-11,4.880905646e-05,7.802889934e-11,0.0005099851341,7.568669913e-11,5.527186415e-05,1.093092278e-11,4.936489733e-05,1.751424876e-11,9.788741012e-10,2.858837807e-10,3.371955219e-09
3414.0,5.974664861e-05,8.784241661e-11,0.000380404466,3.547733735e-11,4.902326214e-05,7.813327565e-11,0.0005111746412,9.51492081e-11,5.694697738e-05,1.140256436e-11,5.067722941e-05,1.831656629e-11,1.230578237e-09,-1.986687591e-10,3.17328646e-09
3415.0,6.000587094e-05,8.931158427e-11,0.0003804109648,3.541824882e-11,4.920099459e-05,7.818610516e-11,0.0005138426193,7.851950109e-11,5.861827612e-05,1.186994415e-11,5.200919678e-05,1.912190423e-11,1.015505987e-09,2.929499231e-10,3.466236383e-09
3416.0,6.028758464e-05,9.0715666e-11,0.0003802551393,3.534647211e-11,4.935419494e-05,7.819186711e-11,0.0005146410169,7.784156779e-11,6.026560309e-05,1.233212301e-11,5.335985827e-05,1.993305673e-11,1.006733585e-09,2.897652912e-10,3.756001674e-09
3417.0,6.049118439e-05,9.205213268e-11,0.0003798532078,3.526519263e-11,4.94716118e-05,7.81593868e-11,0.0005154686952,7.826973035e-11,6.190004075e-05,1.278801191e-11,5.472048516e-05,2.074463046e-11,1.012266399e-09,2.906555249e-10,4.046657199e-09
3418.0,6.069521302e-05,9.331520707e-11,0.0003793595704,3.51671192e-11,4.956496648e-05,7.809161373e-11,0.0005190254159,8.824736705e-11,6.351323833e-05,1.323820708e-11,5.608532518e-05,2.155551413e-11,1.141305934e-09,-2.543055598e-10,3.792351639e-09
3419.0,6.088131156e-05,9.449822521e-11,0.000378713813,3.505390867e-11,4.96377358e-05,7.797823715e-11,0.0005183897319,7.683903517e-11,6.511592014e-05,1.368135275e-11,5.746748039e-05,2.23603852e-11,9.937518739e-10,2.80305261e-10,4.0726569e-09
3420.0,6.098309381e-05,9.560284347e-11,0.0003778161073,3.492436106e-11,4.966318793e-05,7.782051105e-11,0.0005202612137,9.979236491e-11,6.668344687e-05,1.411623796e-11,5.883372173e-05,2.316038223e-11,1.290605266e-09,3.621952592e-10,4.43485216e-09
3421.0,6.112434448e-05,9.662796735e-11,0.0003767809056,3.478089501e-11,4.967134654e-05,7.762758771e-11,0.0005206678341,8.10257459e-11,6.821730245e-05,1.454398941e-11,6.018954272e-05,2.395270941e-11,1.04789096e-09,-1.713425395e-10,4.26350962e-09
3422.0,6.118703668e-05,9.757349856e-11,0.0003755256106,3.462230251e-11,4.964291545e-05,7.740552082e-11,0.0005208711479,8.347836177e-11,6.971206461e-05,1.496344834e-11,6.154040441e-05,2.473495885e-11,1.079603419e-09,3.078346874e-10,4.571344308e-09
3423.0,6.123961459e-05,9.843831527e-11,0.0003741162309,3.444888405e-11,4.958766252e-05,7.714329499e-11,0.0005230314827,8.488968272e-11,7.118237797e-05,1.537312836e-11,6.285992122e-05,2.550978338e-11,1.097853355e-09,-1.828173825e-10,4.388526925e-09
3424.0,6.127741914e-05,9.922074243e-11,0.0003726087674,3.426348276e-11,4.952205447e-05,7.683943752e-11,0.0005218625931,7.782745868e-11,7.261483995e-05,1.577195669e-11,6.417133407e-05,2.62711616e-11,1.006504356e-09,-2.224344111e-10,4.166092514e-09
3425.0,6.123211813e-05,9.991574359e-11,0.000370784818,3.40594394e-11,4.941483802e-05,7.650060537e-11,0.0005221923438,9.122067827e-11,7.401549119e-05,1.616153159e-11,6.544740551e-05,2.702368836e-11,1.179706736e-09,-1.961085136e-10,3.969984e-09
3426.0,6.11985668e-05,2.73601035e-11,0.000368786388,3.383768976e-11,4.92830489e-05,7.613351021e-11,0.0005201634208,7.513286226e-11,7.538736866e-05,1.654009823e-11,6.67027838e-05,2.77580758e-11,9.716447199e-10,-1.599653924e-10,3.810018608e-09
3427.0,6.109706852e-05,2.749050176e-11,0.0003666131741,3.359866869e-11,4.912310274e-05,7.57337891e-11,0.0005195595381,8.726920622e-11,7.671376717e-05,1.690658381e-11,6.79097032e-05,2.848833648e-11,1.128583301e-09,-2.355891055e-10,3.574429502e-09
3428.0,6.099370406e-05,2.759587817e-11,0.0003642478075,3.3340992e-11,4.894513335e-05,7.529603842e-11,0.0005188514166,8.309175207e-11,7.799454239e-05,1.726180384e-11,6.909918788e-05,2.920035537e-11,1.074554666e-09,-2.278297235e-10,3.346599779e-09
3429.0,6.086375823e-05,2.76760043e-11,0.0003616574775,3.306817264e-11,4.87477838e-05,7.483055729e-11,0.0005155066821,7.147014936e-11,7.923908522e-05,1.760525321e-11,7.024033898e-05,2.990634463e-11,9.242495867e-10,-1.517756066e-10,3.194824172e-09
3430.0,6.066355891e-05,2.77310582e-11,0.0003588300896,3.278041753e-11,4.851679777e-05,7.434251226e-11,0.0005139782491,6.772735259e-11,8.043292496e-05,1.793559308e-11,7.136267645e-05,3.058900728e-11,8.758431541e-10,-1.424829327e-10,3.05234124e-09
3431.0,6.049274529e-05,2.776072773e-11,0.0003558341287,3.247741162e-11,4.826376761e-05,7.382696491e-11,0.0005094242415,7.047521491e-11,8.15736865e-05,1.825276115e-11,7.244050353e-05,3.126197755e-11,9.113692182e-10,-1.479397464e-10,2.904401493e-09
3432.0,6.026015492e-05,2.776490362e-11,0.0003525984221,3.216235536e-11,4.798083423e-05,7.329060872e-11,0.0005056551459,9.923342401e-11,8.267338685e-05,1.855189283e-11,7.349701076e-05,3.191091843e-11,1.283251506e-09,-2.183949029e-10,2.68600659e-09
3433.0,6.004490091e-05,2.774315091e-11,0.0003492508969,3.183572796e-11,4.76960463e-05,7.273873617e-11,0.0005029413357,7.998321449e-11,8.373117634e-05,1.884207734e-11,7.450154002e-05,3.254559842e-11,1.034309044e-09,-1.697699287e-10,2.516236662e-09
3434.0,5.982739565e-05,2.769498408e-11,0.0003457499008,3.150063073e-11,4.740877347e-05,7.217577528e-11,0.0004969941871,7.554989313e-11,8.473609773e-05,1.911623195e-11,7.546181428e-05,3.316065063e-11,9.769623345e-10,2.768929983e-10,2.79312966e-09
3435.0,5.953711071e-05,2.761988662e-11,0.0003419933774,3.115524247e-11,4.708841431e-05,7.160649548e-11,0.0004922097878,7.300086925e-11,8.570275988e-05,1.93765359e-11,7.639655605e-05,3.374673507e-11,9.439938419e-10,2.653258061e-10,3.058455466e-09
3436.0,5.927990916e-05,2.75176515e-11,0.0003381332131,3.080463754e-11,4.675938946e-05,7.103549909e-11,0.0004868642939,9.0089691e-11,8.661543402e-05,1.962142595e-11,7.727962541e-05,3.431234537e-11,1.164962503e-09,-2.116635871e-10,2.846791879e-09
3437.0,5.897323499e-05,2.738791893e-11,0.0003341522517,3.044664125e-11,4.641603182e-05,7.047304518e-11,0.0004804711092,9.256675642e-11,8.747300289e-05,1.985079085e-11,7.810865672e-05,3.485983906e-11,1.196980969e-09,-2.453586647e-10,2.601433214e-09
3438.0,5.865765395e-05,2.723005018e-11,0.0003300954473,3.008849165e-11,4.60749609e-05,6.991721243e-11,0.0004762263356,9.244326496e-11,8.827091939e-05,2.006596667e-11,7.890261862e-05,3.537360498e-11,1.195376985e-09,-1.901409564e-10,2.411292258e-09
3439.0,5.834171234e-05,9.977611921e-11,0.00032609674,2.972922936e-11,4.574574248e-05,6.937865555e-11,0.0004692617866,7.911545998e-11,8.901349205e-05,2.02624372e-11,7.964023112e-05,3.586504078e-11,1.023018025e-09,-1.621431783e-10,2.24914908e-09
3440.0,5.793859738e-05,9.901611272e-11,0.0003219203717,2.93697758e-11,4.539349966e-05,6.884622194e-11,0.0004630015904,7.820576274e-11,8.969839199e-05,2.044147058e-11,8.032966985e-05,3.633205236e-11,1.011249966e-09,-1.83408427e-10,2.065740652e-09
3441.0,5.75450702e-05,9.815259349e-11,0.0003176645633,2.901326706e-11,4.504326897e-05,6.832398916e-11,0.0004556617964,8.356338289e-11,9.03294074e-05,2.060322878e-11,8.096048603e-05,3.677513416e-11,1.080516313e-09,3.065529734e-10,2.372293626e-09
3442.0,5.709038825e-05,9.718535251e-11,0.0003133730293,2.866832126e-11,4.470278044e-05,6.780596778e-11,0.0004485310355,9.792587378e-11,9.090548818e-05,2.074703328e-11,8.156135611e-05,3.718174844e-11,1.266215865e-09,3.293887819e-10,2.701682408e-09
3443.0,5.663087774e-05,9.611199483e-11,0.0003091659637,2.833067683e-11,4.43735423e-05,6.727971654e-11,0.0004426463829,9.255609523e-11,9.141642417e-05,2.087020218e-11,8.210349948e-05,3.756593749e-11,1.196775945e-09,3.535980942e-10,3.055280502e-09
3444.0,5.614681586e-05,9.493590663e-11,0.0003050169404,2.800427924e-11,4.405835528e-05,6.674956118e-11,0.000433315349,7.487285006e-11,9.187674415e-05,2.097698352e-11,8.259694481e-05,3.791739641e-11,9.68113781e-10,2.60925443e-10,3.316205945e-09
3445.0,5.557977481e-05,9.366107158e-11,0.00030089132,2.769434125e-11,4.37397077e-05,6.621149633e-11,0.0004268948927,9.007616579e-11,9.227010456e-05,2.106485608e-11,8.303857684e-05,3.823540318e-11,1.164691687e-09,3.525605582e-10,3.668766503e-09
3446.0,5.503931048e-05,9.228669877e-11,0.0002968948717,2.740254159e-11,4.343229216e-05,6.56608498e-11,0.0004175171987,8.400659315e-11,9.260288617e-05,2.11344322e-11,8.342562817e-05,3.852297703e-11,1.086204088e-09,3.147721507e-10,3.983538654e-09
3447.0,5.441802364e-05,9.08154799e-11,0.0002930430226,2.712703408e-11,4.31201218e-05,6.509405343e-11,0.0004092657339,7.406855451e-11,9.287062296e-05,2.11831038e-11,8.374978332e-05,3.87833484e-11,9.576991205e-10,2.976506614e-10,4.281189315e-09
3448.0,5.381463151e-05,8.925127755e-11,0.0002894951051,2.687171701e-11,4.282535457e-05,6.45149808e-11,0.0004031308192,7.82679449e-11,9.307124143e-05,2.121330126e-11,8.403442577e-05,3.900225611e-11,1.01199763e-09,3.419098184e-10,4.623099134e-09
3449.0,5.32099054e-05,8.759879674e-11,0.0002862497981,9.979993379e-11,4.253424075e-05,6.392148309e-11,0.0003938870439,8.326831594e-11,9.320550807e-05,2.122495243e-11,8.42580277e-05,3.919270028e-11,1.07664203e-09,3.62577983e-10,4.985677117e-09
3450.0,5.252745953e-05,8.586307919e-11,0.0002831799207,9.903021314e-11,4.222126819e-05,6.330820629e-11,0.0003876669941,8.679759901e-11,9.327224312e-05,2.12149122e-11,8.443624278e-05,3.934832492e-11,1.122278787e-09,-1.133033262e-10,4.87237379e-09
3451.0,5.188499144e-05,8.404915564e-11,0.0002805378955,9.834033167e-11,4.191442267e-05,6.267804839e-11,0.0003803722714,8.574809318e-11,9.327524257e-05,2.118486098e-11,8.455841551e-05,3.946932941e-11,1.108705289e-09,2.755190574e-10,5.147892848e-09
3452.0,5.118173104e-05,8.216535265e-11,0.0002783052219,9.773772242e-11,4.160076342e-05,6.203962574e-11,0.0003741755578,8.812287198e-11,9.322615688e-05,2.113649115e-11,8.462191516e-05,3.955744791e-11,1.139407505e-09,-8.943780961e-11,5.058455038e-09
3453.0,5.04801137e-05,8.02125398e-11,0.0002764308193,9.721551259e-11,4.128175204e-05,6.138763512e-11,0.0003697133777,7.314718501e-11,9.308661093e-05,2.10676524e-11,8.463059391e-05,3.961075104e-11,9.457776578e-10,3.137290072e-10,5.372184045e-09
3454.0,4.979780518e-05,7.819654356e-11,0.0002750123933,9.676280498e-11,4.097226271e-05,6.072097978e-11,0.0003642839019,7.454301277e-11,9.287840523e-05,2.098145639e-11,8.458192062e-05,3.962776206e-11,9.638181698e-10,3.829429417e-10,5.755126987e-09
3455.0,4.906325459e-05,7.61210114e-11,0.0002738226873,9.641052006e-11,4.064619356e-05,6.004183618e-11,0.0003602530596,9.392919839e-11,9.260827193e-05,2.08716799e-11,8.446566471e-05,3.961324019e-11,1.214479892e-09,2.488534661e-10,6.003980453e-09
3456.0,4.836667728e-05,7.399486161e-11,0.0002729034225,9.613741534e-11,4.031499914e-05,5.936266394e-11,0.0003559707979,7.27631417e-11,9.226863942e-05,2.074135871e-11,8.430841379e-05,3.955185604e-11,9.408084777e-10,2.839390216e-10,6.287919475e-09
3457.0,4.764968518e-05,7.182352687e-11,0.0002722469653,9.596837388e-11,3.997763336e-05,5.867802867e-11,0.0003532363616,9.22714364e-11,9.185571922e-05,2.059210614e-11,8.407482466e-05,3.945797311e-11,1.193043866e-09,4.634534849e-10,6.75137296e-09
3458.0,4.695942566e-05,6.961555989e-11,0.0002718361903,9.587772081e-11,3.963866419e-05,5.799290358e-11,0.000352196673,8.938673989e-11,9.13739464e-05,2.04245224e-11,8.37881979e-05,3.93286873e-11,1.155749256e-09,-3.192462321e-10,6.432126728e-09
3459.0,4.628589945e-05,6.738738964e-11,0.0002717012073,9.587797713e-11,3.930628049e-05,5.731308575e-11,0.000349803849,8.684087656e-11,9.082209464e-05,2.023331603e-11,8.343984626e-05,3.916052495e-11,1.122826066e-09,3.090681728e-10,6.7411949e-09
3460.0,4.558083368e-05,6.514499449e-11,0.0002717390374,9.593690992e-11,3.8961274e-05,5.664745064e-11,0.0003498501244,6.486378388e-11,9.019378204e-05,2.002717325e-11,8.303086576e-05,3.895631899e-11,8.386743402e-10,2.348936852e-10,6.976088586e-09
3461.0,4.494673438e-05,6.289676435e-11,0.0002719619442,9.608021504e-11,3.862400569e-05,5.599052937e-11,0.0003486949776,9.874868044e-11,8.950195564e-05,1.980795203e-11,8.255890904e-05,3.87185527e-11,1.276800068e-09,-3.08926453e-10,6.667162133e-09
3462.0,4.428599505e-05,6.065091138e-11,0.0002722524143,9.630542588e-11,3.827861148e-05,5.535506877e-11,0.0003481350995,8.217148947e-11,8.87443028e-05,1.956359791e-11,8.204808944e-05,3.843535625e-11,1.062462094e-09,2.1120638e-10,6.878368513e-09
3463.0,4.36727369e-05,5.842609732e-11,0.0002727249363,9.663146763e-11,3.794706268e-05,5.474586054e-11,0.0003506535849,6.962203963e-11,8.791770613e-05,1.930114431e-11,8.146714208e-05,3.812470285e-11,9.002046662e-10,2.558211407e-10,7.134189653e-09
3464.0,4.310084383e-05,5.623819491e-11,0.0002733458318,9.705079949e-11,3.762691888e-05,5.415859716e-11,0.0003495195112,7.02168291e-11,8.70240234e-05,1.902197404e-11,8.083153594e-05,3.777809865e-11,9.0789314e-10,1.810956696e-10,7.315285323e-09
3465.0,4.24902869e-05,5.409204618e-11,0.000273927423,9.758825962e-11,3.728844627e-05,5.359687087e-11,0.0003509970234,9.30694898e-11,8.606709477e-05,1.872600058e-11,8.01345782e-05,3.74002361e-11,1.203385403e-09,-2.609871694e-10,7.054298154e-09
3466.0,4.198055695e-05,5.200415777e-11,0.0002746794204,9.823973425e-11,3.696219331e-05,5.307495268e-11,0.0003515810931,8.713344612e-11,8.505233661e-05,1.8412325e-11,7.939501839e-05,3.698712889e-11,1.126635107e-09,2.713634878e-10,7.325661641e-09
3467.0,4.146460968e-05,4.998249542e-11,0.0002754910216,9.899940052e-11,3.662890621e-05,5.259430207e-11,0.0003521526254,7.410717062e-11,8.397422086e-05,1.808436269e-11,7.859446272e-05,3.654088133e-11,9.58207967e-10,2.344615055e-10,7.560123147e-09
3468.0,4.100362669e-05,4.803600933e-11,0.0002764220704,9.987566607e-11,3.631271757e-05,5.214277405e-11,0.0003550327584,8.255097694e-11,8.283460589e-05,1.773771766e-11,7.773666089e-05,3.606517991e-11,1.067394101e-09,2.486386042e-10,7.808761751e-09
3469.0,4.062205454e-05,4.617726789e-11,0.0002774955344,2.694660419e-11,3.601831694e-05,5.174786375e-11,0.000355157247,7.855158794e-11,8.164174506e-05,1.737473863e-11,7.6844466e-05,3.554806631e-11,1.015680132e-09,-1.96525531e-10,7.61223622e-09
3470.0,4.023720962e-05,4.442787206e-11,0.0002786066139,2.722898901e-11,3.571605448e-05,5.141602075e-11,0.0003569560645,9.492188472e-11,8.039256684e-05,1.699700372e-11,7.589619322e-05,3.500077287e-11,1.22736157e-09,-2.874565179e-10,7.324779702e-09
3471.0,3.995002825e-05,4.280030052e-11,0.0002797999515,2.752353619e-11,3.542232628e-05,5.113142543e-11,0.0003568349254,9.72746932e-11,7.909154509e-05,1.660488641e-11,7.489340947e-05,3.442238729e-11,1.257790593e-09,3.790479955e-10,7.703827698e-09
3472.0,3.968513154e-05,4.131480403e-11,0.0002811774641,2.7829608e-11,3.513392165e-05,5.092088776e-11,0.000358556624,6.354908424e-11,7.77505566e-05,1.619854077e-11,7.385405637e-05,3.380570815e-11,8.217102054e-10,2.299010654e-10,7.933728763e-09
3473.0,3.951036134e-05,4.001753979e-11,0.0002829212335,2.814622356e-11,3.488066161e-05,5.080429844e-11,0.0003606551079,9.513408733e-11,7.636441333e-05,1.577807482e-11,7.275876059e-05,3.316362576e-11,1.230126141e-09,2.108738185e-10,8.144602581e-09
3474.0,3.938521339e-05,3.892015982e-11,0.000284938014,2.846908898e-11,3.465198933e-05,5.076845202e-11,0.0003607192553,9.147804846e-11,7.492504726e-05,1.534404372e-11,7.161079971e-05,3.249658465e-11,1.182854129e-09,-2.377768394e-10,7.906825742e-09
3475.0,3.928924785e-05,3.803925532e-11,0.0002871474701,2.879543687e-11,3.443733085e-05,5.082244725e-11,0.0003634605336,6.724131794e-11,7.344110237e-05,1.489760048e-11,7.04371203e-05,3.179282117e-11,8.694697547e-10,-1.704336493e-10,7.736392093e-09
3476.0,3.931048179e-05,3.737620689e-11,0.0002897314569,2.912140218e-11,3.424879383e-05,5.100013113e-11,0.0003639879306,7.919077397e-11,7.192743996e-05,1.443562594e-11,6.921141871e-05,3.106738841e-11,1.023988613e-09,1.892382661e-10,7.925630359e-09
3477.0,3.937786566e-05,3.693327302e-11,0.0002925204927,2.944094883e-11,3.408465606e-05,5.126844256e-11,0.0003661538232,9.07293734e-11,7.037213883e-05,1.396488014e-11,6.796044622e-05,3.031369064e-11,1.17319606e-09,2.78069564e-10,8.203699923e-09
3478.0,3.956467988e-05,3.670742734e-11,0.0002955976892,2.975974359e-11,3.396090459e-05,5.164397157e-11,0.0003701955016,9.51722573e-11,6.87801227e-05,1.348617139e-11,6.666319208e-05,2.953632273e-11,1.230659869e-09,2.305573859e-10,8.434257309e-09
3479.0,3.98270066e-05,3.671178942e-11,0.0002988684145,3.007928258e-11,3.388853691e-05,5.214528228e-11,0.0003715813891,9.514000634e-11,6.714674337e-05,1.299674896e-11,6.534652138e-05,2.873091339e-11,1.230243699e-09,3.09068016e-10,8.743325325e-09
3480.0,4.010067518e-05,3.690138305e-11,0.0003022231605,3.039798673e-11,3.383458335e-05,5.275332591e-11,0.0003746581157,6.409542634e-11,6.548527153e-05,1.249775496e-11,6.39844041e-05,2.790996564e-11,8.288183788e-10,-1.355393941e-10,8.607785931e-09
3481.0,4.049889581e-05,3.727950261e-11,0.0003058001938,3.071015498e-11,3.382844469e-05,5.348327144e-11,0.0003777695599,6.335451634e-11,6.379922119e-05,1.199055817e-11,6.260955212e-05,2.706741536e-11,8.192428812e-10,-1.247122898e-10,8.483073641e-09
3482.0,4.091207825e-05,3.780507131e-11,0.0003093288905,3.101214851e-11,3.386706283e-05,5.43131748e-11,0.0003805853377,6.645912348e-11,6.210030812e-05,1.147723293e-11,6.119784179e-05,2.620686595e-11,8.593933739e-10,-1.347946309e-10,8.34827901e-09
3483.0,4.139808251e-05,3.848702335e-11,0.0003128879752,3.130708633e-11,3.396210268e-05,5.524724518e-11,0.0003857078388,7.90926821e-11,6.038810184e-05,1.095957181e-11,5.97729655e-05,2.532841078e-11,1.022770369e-09,2.683820163e-10,8.616661026e-09
3484.0,4.196317139e-05,3.929558047e-11,0.0003165453218,3.159205333e-11,3.412672082e-05,5.624445908e-11,0.0003886188208,7.839308546e-11,5.867569104e-05,1.044054025e-11,5.834659695e-05,2.443555755e-11,1.01372357e-09,-1.688539666e-10,8.44780706e-09
3485.0,4.253006305e-05,4.020859569e-11,0.0003200429232,3.186870254e-11,3.433906885e-05,5.729833762e-11,0.0003926234327,8.41220314e-11,5.696656498e-05,9.91809298e-12,5.692288389e-05,2.352541441e-11,1.087818734e-09,-1.885677024e-10,8.259239357e-09
3486.0,4.317398172e-05,4.120675555e-11,0.00032346963,3.21317436e-11,3.461419212e-05,5.839035888e-11,0.000395911597,8.095891376e-11,5.526741473e-05,9.395118309e-12,5.548564395e-05,2.260590642e-11,1.046920919e-09,-3.239619468e-10,7.935277411e-09
3487.0,4.381561452e-05,4.228618659e-11,0.0003267635414,3.238373712e-11,3.494598846e-05,5.953124272e-11,0.0004000914878,9.065630174e-11,5.358900749e-05,8.876929417e-12,5.406205955e-05,2.167815355e-11,1.172329047e-09,2.812823199e-10,8.21655973e-09
3488.0,4.450821017e-05,4.345835379e-11,0.0003299561586,3.262662721e-11,3.53446858e-05,6.07073419e-11,0.0004059502413,9.365425001e-11,5.196087955e-05,8.361492603e-12,5.266023342e-05,2.074762517e-11,1.211107183e-09,-1.97455453e-10,8.019104278e-09
3489.0,4.521587318e-05,4.469998166e-11,0.0003330629772,3.286608555e-11,3.581877462e-05,6.191790953e-11,0.0004086208646,8.54757553e-11,5.036973057e-05,9.635642982e-11,5.130252946e-05,1.981700888e-11,1.105344517e-09,-1.755509696e-10,7.843553308e-09
3490.0,4.588410858e-05,4.600864901e-11,0.0003361044473,3.310016516e-11,3.633395394e-05,6.315030794e-11,0.0004146152255,7.557870582e-11,4.885062363e-05,9.067929799e-11,4.998798191e-05,1.888972549e-11,9.773691498e-10,-1.521802721e-10,7.691373036e-09
3491.0,4.661769634e-05,4.737675889e-11,0.0003391892833,3.332720517e-11,3.690072816e-05,6.439293453e-11,0.0004181782018,7.408683613e-11,4.743078286e-05,8.528449767e-11,4.871556727e-05,1.79691768e-11,9.580841051e-10,-1.470985568e-10,7.544274479e-09
3492.0,4.729462072e-05,4.879106721e-11,0.0003421312512,3.35436299e-11,3.749424452e-05,6.562516188e-11,0.000422878705,7.657300563e-11,4.615231764e-05,8.027720287e-11,4.749775458e-05,1.706117414e-11,9.902417601e-10,-1.503313987e-10,7.39394308e-09
3493.0,4.801528676e-05,5.026454339e-11,0.0003449821459,3.375361988e-11,3.813242977e-05,6.683701344e-11,0.0004298130406,9.532873463e-11,4.496885947e-05,7.572243791e-11,4.635945366e-05,1.617828561e-11,1.232803614e-09,3.288348922e-10,7.722777973e-09
3494.0,4.873200819e-05,5.179362177e-11,0.0003477652551,3.395505717e-11,3.880695296e-05,6.800870746e-11,0.0004331521668,9.821250986e-11,4.390805029e-05,7.184185778e-11,4.529649831e-05,1.532713924e-11,1.270103828e-09,3.400758713e-10,8.062853844e-09
3495.0,4.939036877e-05,5.336567299e-11,0.0003503072525,3.414579919e-11,3.948645626e-05,6.913905032e-11,0.0004389458946,7.368047804e-11,4.30089338e-05,6.875349959e-11,4.430717485e-05,1.452362534e-11,9.528665109e-10,-1.54700945e-10,7.908152899e-09
3496.0,5.009420646e-05,5.49776695e-11,0.0003528568416,3.432685205e-11,4.019115541e-05,7.021788879e-11,0.0004430443727,8.046016419e-11,4.2251502e-05,6.63111887e-11,4.343395782e-05,1.377993212e-11,1.040554372e-09,-1.742404684e-10,7.73391243e-09
3497.0,5.074654068e-05,5.66360455e-11,0.0003554016095,3.449497765e-11,4.089428202e-05,7.12453655e-11,0.0004473743365,7.604916687e-11,4.162819735e-05,6.452751284e-11,4.268836536e-05,1.311276744e-11,9.835176354e-10,-1.59088338e-10,7.574824092e-09
3498.0,5.140390644e-05,5.833081493e-11,0.0003578746223,3.465048394e-11,4.159248648e-05,7.221765643e-11,0.0004528077494,8.317660654e-11,4.11783293e-05,6.347373596e-11,4.203438077e-05,1.252727719e-11,1.075711255e-09,2.836789942e-10,7.858503087e-09
3499.0,5.207011523e-05,6.006398688e-11,0.0003603057656,3.479535089e-11,4.228416598e-05,7.313915909e-11,0.000456791868,8.497781938e-11,4.085021704e-05,6.322949623e-11,4.150115136e-05,1.202050851e-11,1.099009546e-09,-1.831342479e-10,7.675368839e-09
3500.0,5.267928328e-05,6.181942103e-11,0.000362538157,3.493194778e-11,4.293936259e-05,7.400700847e-11,0.0004614814811,9.283510683e-11,4.072048435e-05,6.381470113e-11,4.108995491e-05,1.159656106e-11,1.200644231e-09,-2.077160236e-10,7.467652815e-09
3501.0,5.331826615e-05,6.360414528e-11,0.0003646194585,3.505895884e-11,4.356681694e-05,7.481718445e-11,0.0004651059596,8.543086038e-11,4.072318683e-05,6.519740849e-11,4.080720753e-05,1.126713796e-11,1.104893342e-09,-1.815887391e-10,7.286064076e-09
3502.0,5.390823541e-05,6.541849752e-11,0.000366593943,3.517451942e-11,4.416783841e-05,7.557066702e-11,0.0004693702895,6.819369041e-11,4.093029187e-05,6.749337893e-11,4.068414078e-05,1.110392958e-11,8.819646508e-10,-1.38746983e-10,7.147317093e-09
3503.0,5.451320607e-05,6.725956107e-11,0.0003684608322,3.528071628e-11,4.474122691e-05,7.626577401e-11,0.0004743172314,8.919499856e-11,4.129503073e-05,7.08495739e-11,4.06934712e-05,1.11039734e-11,1.153589097e-09,-1.906155507e-10,6.956701542e-09
3504.0,5.510330812e-05,6.912307304e-11,0.0003702459187,3.538006829e-11,4.528762463e-05,7.690335076e-11,0.0004772569294,9.687658195e-11,4.193055736e-05,7.502656087e-11,4.083534633e-05,1.127364128e-11,1.252934857e-09,3.315500594e-10,7.288251602e-09
3505.0,5.563394513e-05,7.099888412e-11,0.0003718484878,3.547219065e-11,4.578808212e-05,7.748025646e-11,0.0004819156064,6.382716595e-11,4.285631915e-05,7.969613893e-11,4.110476244e-05,1.160707438e-11,8.255010818e-10,-1.310584885e-10,7.157193113e-09
3506.0,5.619504632e-05,7.288150021e-11,0.0003733274713,3.555390284e-11,4.625811001e-05,7.799858072e-11,0.0004847275861,9.157731143e-11,4.399521733e-05,8.475561709e-11,4.155872646e-05,1.207641437e-11,1.18440471e-09,3.129548635e-10,7.470147977e-09
3507.0,5.668146588e-05,7.476742468e-11,0.0003745780256,3.562619871e-11,4.669093014e-05,7.846021692e-11,0.0004875593595,7.88494226e-11,4.53123585e-05,9.01459682e-11,4.224862979e-05,1.264178755e-11,1.019788141e-09,2.693841854e-10,7.739532162e-09
3508.0,5.717576605e-05,7.666420034e-11,0.0003757544293,3.56859337e-11,4.710099076e-05,7.886602193e-11,0.0004930474198,6.175450522e-11,4.67757813e-05,9.574509728e-11,4.30991601e-05,1.329183394e-11,7.986962848e-10,-1.271664877e-10,7.612365674e-09
3509.0,5.766399403e-05,7.855682922e-11,0.000376851455,3.573600528e-11,4.749110823e-05,7.921263661e-11,0.0004947878766,7.965929512e-11,4.829486891e-05,8.657817295e-12,4.407424493e-05,1.401041821e-11,1.030257602e-09,2.721805202e-10,7.884546195e-09
3510.0,5.806543064e-05,8.043006989e-11,0.0003777116123,3.577651601e-11,4.783223178e-05,7.950429412e-11,0.0004989070518,8.416438581e-11,4.98715503e-05,9.176069739e-12,4.516573307e-05,1.478254433e-11,1.088527452e-09,2.876494667e-10,8.172195661e-09
3511.0,5.850785343e-05,8.227592214e-11,0.0003785257895,3.580146546e-11,4.814841037e-05,7.974273295e-11,0.0005017601139,8.284262696e-11,5.147069616e-05,9.697840668e-12,4.637965159e-05,1.559208818e-11,1.071430057e-09,2.831572817e-10,8.455352943e-09
3512.0,5.887374686e-05,8.408360301e-11,0.000379100886,3.581880388e-11,4.842431778e-05,7.992327878e-11,0.0005042283754,9.023243642e-11,5.309253046e-05,1.022094778e-11,4.765050337e-05,1.642844971e-11,1.16700082e-09,3.081444698e-10,8.763497413e-09
3513.0,5.92342201e-05,8.584100278e-11,0.0003795079993,3.582425142e-11,4.866994814e-05,8.004665137e-11,0.0005087258958,9.081051238e-11,5.474549878e-05,1.074349884e-11,4.894588867e-05,1.72861284e-11,1.17447688e-09,3.104149951e-10,9.073912408e-09
3514.0,5.958142816e-05,8.753933051e-11,0.0003798238832,3.581955382e-11,4.890008255e-05,8.011831007e-11,0.0005099812434,6.667199154e-11,5.641440171e-05,1.126647595e-11,5.025176815e-05,1.815726999e-11,8.622795263e-10,-1.556331395e-10,8.918279268e-09
3515.0,5.984842925e-05,8.917124159e-11,0.0003798683654,3.580211537e-11,4.908169885e-05,8.01351419e-11,0.0005126964822,8.856980426e-11,5.808593756e-05,1.178506476e-11,5.157654123e-05,1.903772192e-11,1.14548835e-09,3.027953268e-10,9.221074595e-09
3516.0,6.013079428e-05,9.073062862e-11,0.0003797521312,3.57711956e-11,4.923992631e-05,8.009178457e-11,0.0005131260169,8.643351379e-11,5.973708812e-05,1.229951009e-11,5.292000714e-05,1.992865553e-11,1.117856282e-09,2.956993753e-10,9.516773971e-09
3517.0,6.034682069e-05,9.221466411e-11,0.0003794130873,3.572501104e-11,4.936573518e-05,8.00004306e-11,0.0005151340289,9.91069703e-11,6.13752998e-05,1.280883281e-11,5.427838999e-05,2.082215938e-11,1.281757135e-09,3.095785907e-10,9.826352561e-09
3518.0,6.056194706e-05,9.361953373e-11,0.0003789650152,3.566541987e-11,4.946901709e-05,7.985746278e-11,0.0005175260936,8.601335006e-11,6.2988985e-05,1.331238646e-11,5.563703254e-05,2.17156941e-11,1.112415403e-09,2.948882357e-10,1.01212408e-08
3519.0,6.074267722e-05,9.493855244e-11,0.0003783382764,3.559112978e-11,4.95450348e-05,7.9664068e-11,0.0005174690329,7.414227372e-11,6.459457656e-05,1.380862554e-11,5.701194007e-05,2.259439311e-11,9.588766529e-10,-2.007800835e-10,9.920460714e-09
3520.0,6.086382563e-05,9.617455771e-11,0.0003775123161,3.549465206e-11,4.958525532e-05,7.942151616e-11,0.0005196816195,7.762064982e-11,6.616713357e-05,1.429679587e-11,5.838933906e-05,2.345895016e-11,1.003862141e-09,-2.201014125e-10,9.700359301e-09
3521.0,6.100886859e-05,9.732622489e-11,0.0003765212566,3.537652102e-11,4.959619013e-05,7.912990503e-11,0.0005192412196,9.413789279e-11,6.770991684e-05,1.477658049e-11,5.97397225e-05,2.434939671e-11,1.217471118e-09,-3.252524116e-10,9.375106889e-09
3522.0,6.107325787e-05,9.839246642e-11,0.0003752925776,3.523919877e-11,4.957176168e-05,7.879356742e-11,0.000520048776,7.073369114e-11,6.921169349e-05,1.524669813e-11,6.108701147e-05,2.521231912e-11,9.147823966e-10,-1.437436491e-10,9.23136324e-09
3523.0,6.11399566e-05,9.937211387e-11,0.0003739413066,3.508150149e-11,4.953059412e-05,7.841434762e-11,0.0005222889877,8.147786282e-11,7.068759908e-05,1.570538427e-11,6.242210488e-05,2.604212306e-11,1.053730894e-09,-1.949722963e-10,9.036390944e-09
3524.0,6.118818559e-05,2.733600294e-11,0.0003724976327,3.490427146e-11,4.947057588e-05,7.799117276e-11,0.0005211465102,7.240346472e-11,7.212653957e-05,1.615067435e-11,6.372536816e-05,2.689813165e-11,9.363623024e-10,-1.455191932e-10,8.890871751e-09
3525.0,6.114291857e-05,2.754482768e-11,0.000370708289,3.471085255e-11,4.936888214e-05,7.752757568e-11,0.0005211499628,7.196714858e-11,7.353311627e-05,1.658606328e-11,6.501800155e-05,2.770123409e-11,9.307156947e-10,-2.664312538e-10,8.624440497e-09
3526.0,6.112517308e-05,2.772745962e-11,0.0003687796361,3.450403621e-11,4.924423649e-05,7.702120768e-11,0.0005204806562,7.106126539e-11,7.491196542e-05,1.700861522e-11,6.626830825e-05,2.852878756e-11,9.189917139e-10,7.683750101e-11,8.701277998e-09
3527.0,6.103373883e-05,2.788262331e-11,0.0003666666213,3.427948336e-11,4.909354223e-05,7.647464544e-11,0.000518707462,7.261449547e-11,7.62496387e-05,1.741748434e-11,6.749551337e-05,2.930304249e-11,9.39068552e-10,4.340457255e-11,8.744682571e-09
3528.0,6.09272751e-05,2.801059638e-11,0.0003643309463,3.403458369e-11,4.891756756e-05,7.589650032e-11,0.0005186847135,8.927597039e-11,7.754008008e-05,1.781241047e-11,6.867843768e-05,3.010168534e-11,1.154534994e-09,4.250837801e-11,8.787190949e-09
3529.0,6.081807787e-05,2.811180714e-11,0.0003618439144,3.376911679e-11,4.873407458e-05,7.528340206e-11,0.0005158125742,9.138863987e-11,7.879169794e-05,1.819126724e-11,6.98403947e-05,3.08390848e-11,1.181838273e-09,6.211156749e-11,8.849302516e-09
3530.0,6.062314491e-05,2.818552096e-11,0.0003590593914,3.348264628e-11,4.850751077e-05,7.463486092e-11,0.0005134962592,7.504832789e-11,7.999859176e-05,1.855507699e-11,7.095617998e-05,3.159687663e-11,9.70519802e-10,-3.720356231e-10,8.477266893e-09
3531.0,6.044931673e-05,2.823204604e-11,0.0003561017796,3.317540094e-11,4.825663747e-05,7.396462812e-11,0.0005097782883,6.567075486e-11,8.115231645e-05,1.890359237e-11,7.205437262e-05,3.228983789e-11,8.492415438e-10,-2.353125605e-10,8.241954332e-09
3532.0,6.022856421e-05,2.825138942e-11,0.0003529444972,3.285012106e-11,4.79843923e-05,7.326838603e-11,0.0005060482756,7.182995885e-11,8.225978319e-05,1.92277844e-11,7.311129782e-05,3.298400285e-11,9.288815788e-10,-2.812260167e-10,7.960728316e-09
3533.0,6.002010265e-05,2.824321509e-11,0.000349651415,3.250639873e-11,4.770306431e-05,7.255202881e-11,0.0005034058351,6.931374012e-11,8.332850808e-05,1.954185418e-11,7.412019396e-05,3.367752857e-11,8.963378779e-10,1.13137904e-10,8.07386622e-09
3534.0,5.979915291e-05,2.820681104e-11,0.0003461854018,3.214623262e-11,4.741721168e-05,7.182578297e-11,0.0004971521396,9.013208712e-11,8.435087999e-05,1.98388141e-11,7.510491321e-05,3.429849334e-11,1.165535751e-09,-3.995452122e-10,7.674321008e-09
3535.0,5.951934332e-05,2.814101286e-11,0.0003424925769,3.177651505e-11,4.710373617e-05,7.109189048e-11,0.0004936622588,6.834296248e-11,8.532266398e-05,2.011525711e-11,7.604005173e-05,3.491781198e-11,8.837639863e-10,1.161553597e-10,7.790476367e-09
3536.0,5.92724705e-05,2.804592246e-11,0.0003386810742,3.13922333e-11,4.677995299e-05,7.036040986e-11,0.000487186801,8.226847569e-11,8.624812315e-05,2.037433259e-11,7.692736794e-05,3.553352156e-11,1.063829631e-09,1.452716644e-10,7.935748032e-09
3537.0,5.895752623e-05,2.792064429e-11,0.0003347065496,3.099958712e-11,4.643468658e-05,6.963949459e-11,0.0004814016317,7.811911742e-11,8.71192087e-05,2.061483828e-11,7.778430746e-05,3.607343625e-11,1.010162508e-09,-3.25248691e-10,7.610499341e-09
3538.0,5.866381816e-05,2.776483786e-11,0.0003306954018,3.059776828e-11,4.609932775e-05,6.893820903e-11,0.0004775417201,8.165002557e-11,8.793179123e-05,2.083749782e-11,7.858141109e-05,3.660868668e-11,1.055813395e-09,1.541753868e-10,7.764674727e-09
3539.0,5.835266074e-05,2.75784836e-11,0.0003267099093,3.019090589e-11,4.57703361e-05,6.826092946e-11,0.0004697562667,8.713478945e-11,8.868836809e-05,2.103862654e-11,7.932981008e-05,3.711175838e-11,1.126718844e-09,1.683637963e-10,7.933038524e-09
3540.0,5.79522733e-05,2.73610935e-11,0.0003225420956,2.978124234e-11,4.541496829e-05,6.760378933e-11,0.0004642829511,8.10771006e-11,8.938822147e-05,2.121917101e-11,8.002546583e-05,3.760861258e-11,1.048382317e-09,1.595397018e-10,8.092578226e-09
3541.0,5.757587077e-05,9.997593437e-11,0.0003183382928,2.937037739e-11,4.50697402e-05,6.696400677e-11,0.0004569571602,7.962422752e-11,9.003165781e-05,2.137752524e-11,8.068408419e-05,3.801996706e-11,1.029584117e-09,1.59433914e-10,8.25201214e-09
3542.0,5.713019745e-05,9.899027953e-11,0.0003140623551,2.896334847e-11,4.472551475e-05,6.634069891e-11,0.0004498715856,8.357760456e-11,9.062219406e-05,2.151404234e-11,8.12871185e-05,3.842208945e-11,1.080692094e-09,1.684195942e-10,8.420431734e-09
3543.0,5.667370368e-05,9.789240473e-11,0.0003098257219,2.856226639e-11,4.439409277e-05,6.572275065e-11,0.0004436206417,8.504043276e-11,9.115655237e-05,2.162896473e-11,8.184248841e-05,3.879038637e-11,1.099601711e-09,1.719001768e-10,8.592331911e-09
3544.0,5.620447051e-05,9.668619295e-11,0.0003056817002,2.817000709e-11,4.407777824e-05,6.510919326e-11,0.0004356390942,8.803004462e-11,9.160649121e-05,2.172129888e-11,8.234749912e-05,3.912267979e-11,1.138240806e-09,1.832773529e-10,8.775609263e-09
3545.0,5.564984377e-05,9.537436117e-11,0.000301543067,2.778838193e-11,4.375894625e-05,6.449697254e-11,0.0004280212628,8.438639581e-11,9.203088997e-05,2.179150959e-11,8.279745109e-05,3.944291537e-11,1.091125615e-09,-3.186452618e-10,8.456964002e-09
3546.0,5.51043296e-05,9.395810963e-11,0.0002974895845,2.742159299e-11,4.34461384e-05,6.388418442e-11,0.0004192709135,8.643472765e-11,9.238028536e-05,2.183921598e-11,8.320734772e-05,3.967099064e-11,1.117604531e-09,-3.24752097e-10,8.132211905e-09
3547.0,5.450651357e-05,9.243634221e-11,0.000293622508,2.707532473e-11,4.313881184e-05,6.326383795e-11,0.0004113387285,8.303758502e-11,9.266668371e-05,2.186265616e-11,8.355280019e-05,3.988723809e-11,1.073670606e-09,-3.080908058e-10,7.824121099e-09
3548.0,5.390757552e-05,9.081287698e-11,0.0002900004923,2.675119027e-11,4.28409741e-05,6.263744482e-11,0.0004041995026,9.464987337e-11,9.288528061e-05,2.186390813e-11,8.384146293e-05,4.006307257e-11,1.223816938e-09,2.3275925e-10,8.056880349e-09
3549.0,5.329986417e-05,8.909348126e-11,0.0002866672449,9.918078192e-11,4.254762023e-05,6.200875751e-11,0.000395506057,9.126549994e-11,9.303648652e-05,2.184243353e-11,8.407935714e-05,4.020004635e-11,1.180046968e-09,-3.364166416e-10,7.720463707e-09
3550.0,5.26296971e-05,8.728380455e-11,0.0002835488449,9.817428466e-11,4.22419064e-05,6.136701311e-11,0.0003891304301,9.6296403e-11,9.312007604e-05,2.179642394e-11,8.426869124e-05,4.02980927e-11,1.245096966e-09,2.322790344e-10,7.952742742e-09
3551.0,5.199584192e-05,8.53840818e-11,0.0002807929229,9.727269684e-11,4.1935478e-05,6.072323187e-11,0.0003816584409,7.976761017e-11,9.314151111e-05,2.172647928e-11,8.440888619e-05,4.035433815e-11,1.031380362e-09,1.744458952e-10,8.127188637e-09
3552.0,5.129141193e-05,8.340205392e-11,0.0002784372186,9.646579159e-11,4.162101342e-05,6.007351029e-11,0.0003748536349,8.855446499e-11,9.310620804e-05,2.163535464e-11,8.44849659e-05,4.037016612e-11,1.144989715e-09,-3.203595001e-10,7.806829137e-09
3553.0,5.059824656e-05,8.134141835e-11,0.0002764790055,9.57384965e-11,4.130558055e-05,5.941371467e-11,0.0003714603373,7.537023268e-11,9.2990316e-05,2.15190313e-11,8.450374181e-05,4.037163534e-11,9.745220045e-10,-2.650424493e-10,7.541786687e-09
3554.0,4.991957867e-05,7.92144067e-11,0.0002749894916,9.511321147e-11,4.099944356e-05,5.875251806e-11,0.0003646414149,8.333634975e-11,9.280118154e-05,2.138163506e-11,8.447864172e-05,4.028141475e-11,1.077514487e-09,-2.988110335e-10,7.242975654e-09
3555.0,4.917550938e-05,7.701919763e-11,0.0002736836356,9.458879748e-11,4.066972135e-05,5.808223848e-11,0.0003609694967,8.964715443e-11,9.25480945e-05,2.122198024e-11,8.438578965e-05,4.017501963e-11,1.159116851e-09,2.00253717e-10,7.443229371e-09
3556.0,4.849687986e-05,7.476637183e-11,0.0002727399682,9.418463595e-11,4.034679545e-05,5.741488425e-11,0.0003568641682,9.280467966e-11,9.222901123e-05,2.103726851e-11,8.423388687e-05,4.002800641e-11,1.199941291e-09,-3.319200586e-10,7.111309312e-09
3557.0,4.777324243e-05,7.246585327e-11,0.000272001492,9.385737239e-11,4.000961906e-05,5.674316707e-11,0.0003529979826,7.75392491e-11,9.183670025e-05,2.083100966e-11,8.40204428e-05,3.983677342e-11,1.002561286e-09,-2.734552599e-10,6.837854052e-09
3558.0,4.707579168e-05,7.011956811e-11,0.0002715087853,9.362194575e-11,3.966726879e-05,5.607437496e-11,0.0003523536687,7.923021735e-11,9.137374342e-05,2.060384277e-11,8.374677666e-05,3.960750015e-11,1.024429273e-09,1.720481856e-10,7.009902238e-09
3559.0,4.640653918e-05,6.773850194e-11,0.0002713257839,9.349899685e-11,3.934231992e-05,5.541446589e-11,0.0003497455425,8.581832406e-11,9.084279279e-05,2.035219174e-11,8.34104004e-05,3.936224952e-11,1.109606287e-09,-3.006407711e-10,6.709261467e-09
3560.0,4.569989826e-05,6.532678404e-11,0.0002713272736,9.344017311e-11,3.899756235e-05,5.475628244e-11,0.000349607591,8.628768473e-11,9.023362274e-05,2.008252895e-11,8.302647775e-05,3.902852292e-11,1.115682153e-09,-3.030419848e-10,6.406219482e-09
3561.0,4.505530113e-05,6.290094304e-11,0.0002714867416,9.349647475e-11,3.865716992e-05,5.411662569e-11,0.0003479163081,8.924518872e-11,8.95606491e-05,1.979648134e-11,8.257687715e-05,3.868229224e-11,1.153924046e-09,-3.107768628e-10,6.095442619e-09
3562.0,4.439449213e-05,6.04645865e-11,0.0002717701036,9.363583033e-11,3.831368065e-05,5.348934978e-11,0.0003484404028,8.057028009e-11,8.882203066e-05,1.948772405e-11,8.207151627e-05,3.829648935e-11,1.041758894e-09,-2.55297601e-10,5.840145018e-09
3563.0,4.377913121e-05,5.804068244e-11,0.0002722141057,9.389490882e-11,3.798147307e-05,5.288630111e-11,0.000349646769,8.653487498e-11,8.801674407e-05,1.916017383e-11,8.151022788e-05,3.787514743e-11,1.118886862e-09,-3.002497832e-10,5.539895235e-09
3564.0,4.319108286e-05,5.564818148e-11,0.0002727840718,9.426871412e-11,3.765839868e-05,5.230141693e-11,0.0003490070793,9.673856767e-11,8.714157355e-05,1.881356797e-11,8.088162225e-05,3.744538526e-11,1.250816496e-09,-3.32473596e-10,5.207421639e-09
3565.0,4.258727175e-05,5.329786983e-11,0.0002733846296,9.476035705e-11,3.732593083e-05,5.175229067e-11,0.0003507754309,9.918123663e-11,8.620254722e-05,1.844840753e-11,8.021690667e-05,3.693403044e-11,1.282409844e-09,-3.168399475e-10,4.890581692e-09
3566.0,4.206572866e-05,5.102865902e-11,0.0002740964092,9.536706287e-11,3.699820496e-05,5.12284981e-11,0.0003503306424,9.267173646e-11,8.520385676e-05,1.80649286e-11,7.948244677e-05,3.640569295e-11,1.198244774e-09,-3.168440292e-10,4.573737662e-09
3567.0,4.153247997e-05,4.885279446e-11,0.0002748599984,9.610557264e-11,3.666068448e-05,5.074299342e-11,0.000351515102,9.722466822e-11,8.414034667e-05,1.766704219e-11,7.870050416e-05,3.584627207e-11,1.257116812e-09,-3.249799583e-10,4.248757704e-09
3568.0,4.106860609e-05,4.679600433e-11,0.0002757914258,9.701642334e-11,3.634542917e-05,5.03024821e-11,0.0003543475952,8.066979318e-11,8.302333462e-05,1.725653687e-11,7.785705569e-05,3.527580416e-11,1.043069694e-09,-2.629124039e-10,3.9858453e-09
3569.0,4.067312525e-05,4.488376166e-11,0.0002768482854,9.811430222e-11,3.605096014e-05,4.990710045e-11,0.0003544127813,9.845694213e-11,8.184911556e-05,1.682761322e-11,7.697924221e-05,3.463253877e-11,1.273056988e-09,-3.280788057e-10,3.657766494e-09
3570.0,4.02680427e-05,4.314334766e-11,0.0002779038008,9.936019738e-11,3.574399569e-05,4.955914335e-11,0.0003558218904,7.967785009e-11,8.061458389e-05,1.638434812e-11,7.604423887e-05,3.397903009e-11,1.030252041e-09,-2.699296598e-10,3.387836835e-09
3571.0,3.997352423e-05,4.158839279e-11,0.000279092378,2.686290488e-11,3.545219086e-05,4.928097798e-11,0.00035689748,7.791333733e-11,7.93303073e-05,1.59267417e-11,7.505775801e-05,3.330979479e-11,1.007440959e-09,-2.444230607e-10,3.143413774e-09
3572.0,3.969522938e-05,4.024177793e-11,0.0002804094573,2.723240807e-11,3.515994924e-05,4.905998164e-11,0.0003573511951,6.767154583e-11,7.800020559e-05,1.545741261e-11,7.403205276e-05,3.258164442e-11,8.750141702e-10,1.801157207e-10,3.323529495e-09
3573.0,3.949399883e-05,3.912828617e-11,0.0002820309323,2.760214288e-11,3.489536187e-05,4.891659504e-11,0.0003600005329,9.829292554e-11,7.663072091e-05,1.497699903e-11,7.295142639e-05,3.18443141e-11,1.270972184e-09,2.084759487e-10,3.532005443e-09
3574.0,3.936967601e-05,3.824775333e-11,0.0002840251942,2.797331397e-11,3.466898092e-05,4.885730789e-11,0.0003603124267,8.496302646e-11,7.520532416e-05,1.448761966e-11,7.181819712e-05,3.11015894e-11,1.098609794e-09,-2.380465289e-10,3.293958914e-09
3575.0,3.925114546e-05,3.760739261e-11,0.0002861554213,2.834176892e-11,3.444505562e-05,4.888510108e-11,0.0003620317544,9.907972647e-11,7.373674576e-05,1.398954276e-11,7.065617204e-05,3.030164712e-11,1.281157347e-09,2.634047652e-10,3.55736368e-09
3576.0,3.924770528e-05,3.72043437e-11,0.0002886112626,2.870554787e-11,3.424519327e-05,4.901355262e-11,0.000363152468,8.934309507e-11,7.223126369e-05,1.348076692e-11,6.94423736e-05,2.950935509e-11,1.155263468e-09,2.95858946e-10,3.853222626e-09
3577.0,3.929518108e-05,3.702439983e-11,0.0002913645582,2.906480191e-11,3.408050781e-05,4.923966224e-11,0.0003651847093,9.913311969e-11,7.069154535e-05,1.296711019e-11,6.820352691e-05,2.866845275e-11,1.281861161e-09,2.067777619e-10,4.060000387e-09
3578.0,3.946348508e-05,3.704531923e-11,0.0002943943251,2.94115857e-11,3.394690938e-05,4.95718529e-11,0.0003690929391,9.503652587e-11,6.911079098e-05,1.244895771e-11,6.691821095e-05,2.783638616e-11,1.228902639e-09,-3.010162476e-10,3.75898414e-09
3579.0,3.970068733e-05,3.727319443e-11,0.0002976017733,2.975194576e-11,3.386109697e-05,5.002445792e-11,0.0003699992396,6.175986519e-11,6.749184321e-05,1.192761049e-11,6.561150788e-05,2.696092756e-11,7.986087618e-10,1.198436557e-10,3.878827796e-09
3580.0,3.996147249e-05,3.768046636e-11,0.00030091549,3.009432198e-11,3.379879242e-05,5.058539516e-11,0.0003742354144,5.806386938e-11,6.583744245e-05,1.140231477e-11,6.425868577e-05,2.609964281e-11,7.508236894e-10,1.106478018e-10,3.989475597e-09
3581.0,4.034415231e-05,3.822998302e-11,0.0003044718502,3.042806065e-11,3.37813059e-05,5.126976221e-11,0.000375995427,9.392563865e-11,6.416265305e-05,1.087524903e-11,6.289328915e-05,2.520142023e-11,1.214559978e-09,-3.264146054e-10,3.663060992e-09
3582.0,4.073297114e-05,3.891298818e-11,0.0003079715446,3.074948632e-11,3.380392818e-05,5.207059504e-11,0.0003792688992,9.284691519e-11,6.246758769e-05,1.035000581e-11,6.149069366e-05,2.432242478e-11,1.200617972e-09,-3.260196595e-10,3.337041333e-09
3583.0,4.121645794e-05,3.971358454e-11,0.0003115606636,3.105723674e-11,3.388916482e-05,5.298978615e-11,0.0003847018897,9.792677123e-11,6.076272034e-05,9.82307234e-12,6.007082107e-05,2.341960316e-11,1.26631745e-09,-3.487438357e-10,2.988297497e-09
3584.0,4.176394316e-05,4.059841755e-11,0.0003152154864,3.135457356e-11,3.403583805e-05,5.400403881e-11,0.0003866148471,6.071524035e-11,5.90477981e-05,9.29913639e-12,5.865206569e-05,2.250313108e-11,7.85125826e-10,1.192805627e-10,3.107578059e-09
3585.0,4.230878431e-05,4.156318774e-11,0.0003187016516,3.164373464e-11,3.422774242e-05,5.509290065e-11,0.0003913063158,8.505085035e-11,5.734393263e-05,8.775970571e-12,5.722057696e-05,2.159764061e-11,1.099828055e-09,2.606089352e-10,3.368186995e-09
3586.0,4.295407477e-05,4.260291907e-11,0.0003221684957,3.192308234e-11,3.449013908e-05,5.623412932e-11,0.0003944942371,9.397297004e-11,5.564030974e-05,8.260149924e-12,5.579166433e-05,2.067690353e-11,1.215210341e-09,-1.241266104e-10,3.244060384e-09
3587.0,4.358479985e-05,4.372135697e-11,0.0003255112119,3.21910393e-11,3.480877065e-05,5.74197255e-11,0.0003984835484,7.819880309e-11,5.396147244e-05,9.670112574e-11,5.436445604e-05,1.975155863e-11,1.011231875e-09,-2.443465579e-10,2.999713826e-09
3588.0,4.426629003e-05,4.491670224e-11,0.0003287058193,3.244642508e-11,3.518519202e-05,5.864457984e-11,0.0004039035556,8.494868887e-11,5.231785572e-05,9.106828368e-11,5.29608252e-05,1.882813625e-11,1.098529427e-09,3.58372033e-10,3.358085859e-09
3589.0,4.497533043e-05,4.617204914e-11,0.0003318627053,3.269735428e-11,3.564203319e-05,5.990597919e-11,0.0004077430916,6.952217911e-11,5.072222754e-05,8.57516263e-11,5.159069152e-05,1.79105097e-11,8.990365235e-10,3.184537876e-10,3.676539647e-09
3590.0,4.564710554e-05,4.74604472e-11,0.0003348949484,3.29473144e-11,3.614419831e-05,6.117812249e-11,0.0004124929416,6.623051419e-11,4.9179226e-05,8.072629669e-11,5.026839994e-05,1.701106725e-11,8.564794434e-10,2.780586703e-10,3.954598317e-09
3591.0,4.636503744e-05,4.878995238e-11,0.0003379485301,3.318403079e-11,3.669694407e-05,6.24381951e-11,0.0004164720446,8.808859096e-11,4.773217758e-05,7.598259295e-11,4.898403499e-05,1.614386874e-11,1.139152032e-09,-1.377530446e-10,3.816845273e-09
3592.0,4.705745483e-05,5.017787384e-11,0.0003409623186,3.340701473e-11,3.728663847e-05,6.366191084e-11,0.0004215233717,9.163010449e-11,4.641497793e-05,7.169686639e-11,4.775464988e-05,1.530150395e-11,1.184957553e-09,-1.488184008e-10,3.668026872e-09
3593.0,4.777309658e-05,5.160580784e-11,0.0003438442439,3.361727838e-11,3.791257424e-05,6.484650627e-11,0.0004274221355,7.797738484e-11,4.521690673e-05,6.803992942e-11,4.659114074e-05,1.449121033e-11,1.00841205e-09,3.669201439e-10,4.034947016e-09
3594.0,4.848602347e-05,5.309957749e-11,0.0003466319361,3.382260979e-11,3.857414459e-05,6.597859743e-11,0.0004314810196,8.8107859e-11,4.41138686e-05,6.487373721e-11,4.5510969e-05,1.373074032e-11,1.139425409e-09,-1.324806736e-10,3.902466342e-09
3595.0,4.915031922e-05,5.46196544e-11,0.0003492282716,3.401560508e-11,3.925404951e-05,6.705976263e-11,0.000437296629,7.978976861e-11,4.317789543e-05,6.233530368e-11,4.450062357e-05,1.304488989e-11,1.031870071e-09,3.96010987e-10,4.298477329e-09
3596.0,4.986105555e-05,5.617249649e-11,0.0003517790708,3.419617836e-11,3.995379638e-05,6.80889891e-11,0.0004413296714,9.921790971e-11,4.238292399e-05,6.047388607e-11,4.35956789e-05,1.241890876e-11,1.283136552e-09,-1.623522589e-10,4.13612507e-09
3597.0,5.050576407e-05,5.775461967e-11,0.0003542902015,3.436374107e-11,4.065403334e-05,6.906779052e-11,0.0004452756073,7.472612122e-11,4.171813708e-05,5.945462901e-11,4.282052464e-05,1.186226293e-11,9.664048829e-10,3.51696911e-10,4.487821981e-09
3598.0,5.11746395e-05,5.936718368e-11,0.0003568180732,3.451821833e-11,4.135521524e-05,6.999766381e-11,0.0004519251364,8.336845424e-11,4.122611322e-05,5.930907347e-11,4.214270064e-05,1.139030881e-11,1.078188743e-09,3.832247438e-10,4.871046725e-09
3599.0,5.184221214e-05,6.102252446e-11,0.0003592826808,3.466172175e-11,4.205262868e-05,7.087552295e-11,0.0004547013659,8.711703837e-11,4.086238773e-05,5.998242826e-11,4.157481115e-05,1.101001299e-11,1.126673923e-09,3.946701387e-10,5.265716864e-09
3600.0,5.244295204e-05,6.270812602e-11,0.0003615169183,3.479142945e-11,4.270869323e-05,7.170193539e-11,0.0004599032723,8.871523827e-11,4.068274742e-05,6.161411914e-11,4.113319056e-05,1.072952941e-11,1.147360099e-09,3.948575746e-10,5.660574438e-09
3601.0,5.309641415e-05,6.442007951e-11,0.0003636675727,3.490767398e-11,4.334938255e-05,7.247623239e-11,0.0004638736276,9.954737668e-11,4.065000297e-05,6.435451746e-11,4.081245113e-05,1.058987515e-11,1.287461487e-09,4.382555206e-10,6.098829959e-09
3602.0,5.368805958e-05,6.615030053e-11,0.0003656508966,3.501618744e-11,4.395453446e-05,7.319702442e-11,0.0004672310089,6.930979693e-11,4.080359339e-05,6.794639948e-11,4.064876482e-05,1.061171184e-11,8.963990795e-10,-1.282322125e-10,5.970597746e-09
3603.0,5.428898183e-05,6.790351691e-11,0.0003675332706,3.511786803e-11,4.453112701e-05,7.386593246e-11,0.0004728108604,6.984510186e-11,4.112452135e-05,7.203670545e-11,4.062216951e-05,1.08246383e-11,9.03330208e-10,-1.322833302e-10,5.838314416e-09
3604.0,5.488942835e-05,6.967235565e-11,0.0003693718208,3.521034003e-11,4.50927117e-05,7.448033043e-11,0.0004757624422,8.311905874e-11,4.166955867e-05,7.65688626e-11,4.073189582e-05,1.116989515e-11,1.075002388e-09,-1.581373199e-10,5.680177096e-09
3605.0,5.542584397e-05,7.145084199e-11,0.0003710148484,3.528849497e-11,4.560125067e-05,7.504055455e-11,0.0004803614521,7.724560162e-11,4.252522574e-05,8.141968993e-11,4.09641969e-05,1.161029716e-11,9.990461548e-10,-1.493075706e-10,5.530869526e-09
3606.0,5.59850354e-05,7.323907868e-11,0.0003725015792,3.535413334e-11,4.607765783e-05,7.555010242e-11,0.0004827753574,8.616231293e-11,4.361167371e-05,8.649731667e-11,4.135860152e-05,1.213110086e-11,1.114371809e-09,-1.679688622e-10,5.362900664e-09
3607.0,5.648279298e-05,7.502628836e-11,0.0003738168953,3.540847626e-11,4.651953883e-05,7.601059928e-11,0.0004868606276,8.583577163e-11,4.488016944e-05,9.171945532e-11,4.1986549e-05,1.271831971e-11,1.110145432e-09,-1.680808311e-10,5.194819832e-09
3608.0,5.698626003e-05,7.679917533e-11,0.0003750318602,3.545021622e-11,4.693835218e-05,7.642040406e-11,0.0004911230031,8.203651528e-11,4.631535963e-05,9.706474307e-11,4.280568934e-05,1.336081323e-11,1.06101106e-09,-1.631589862e-10,5.031660846e-09
3609.0,5.746739515e-05,7.855492986e-11,0.0003761367902,3.547873315e-11,4.733165122e-05,7.67811133e-11,0.0004933728647,9.108298893e-11,4.782106175e-05,8.745674378e-12,4.37461841e-05,1.404335754e-11,1.178004447e-09,-1.811063078e-10,4.850554538e-09
3610.0,5.788949198e-05,8.028746567e-11,0.0003770583405,3.549191863e-11,4.768721407e-05,7.709317256e-11,0.0004978447358,8.527391964e-11,4.9378618e-05,9.222527332e-12,4.480313125e-05,1.475816468e-11,1.102876818e-09,-1.721721291e-10,4.678382409e-09
3611.0,5.833250364e-05,8.19860064e-11,0.0003778953991,3.549007302e-11,4.801025508e-05,7.735879403e-11,0.0004997802098,8.830577792e-11,5.097553922e-05,9.699885524e-12,4.598516626e-05,1.550083191e-11,1.142088095e-09,-1.790679655e-10,4.499314444e-09
3612.0,5.870008017e-05,8.36416487e-11,0.0003784989106,3.547679324e-11,4.829075112e-05,7.757771527e-11,0.0005029548186,8.895471054e-11,5.258328841e-05,1.017576371e-11,4.724636359e-05,1.626409223e-11,1.150476478e-09,-1.819272728e-10,4.317387171e-09
3613.0,5.907279466e-05,8.525099389e-11,0.0003789834966,3.544999639e-11,4.855016107e-05,7.77492384e-11,0.000507537572,7.325474743e-11,5.423186524e-05,1.065027578e-11,4.8536598e-05,1.704628932e-11,9.474249488e-10,2.784691282e-10,4.595856299e-09
3614.0,5.943166005e-05,8.680611338e-11,0.000379353004,3.541007193e-11,4.878853915e-05,7.78765975e-11,0.0005088331374,9.370220108e-11,5.589476409e-05,1.112301335e-11,4.983713187e-05,1.784031087e-11,1.211866053e-09,-1.94596432e-10,4.401259867e-09
3615.0,5.969775677e-05,8.830494931e-11,0.0003794139709,3.535633398e-11,4.89738234e-05,7.79579284e-11,0.0005112110123,7.762658673e-11,5.756469433e-05,1.159182396e-11,5.115484664e-05,1.864230767e-11,1.003960061e-09,2.905504282e-10,4.691810295e-09
3616.0,5.99932747e-05,8.974000201e-11,0.0003793666238,3.529123909e-11,4.914334831e-05,7.798807756e-11,0.0005128787666,7.653394184e-11,5.922182786e-05,1.205539923e-11,5.249224116e-05,1.94483859e-11,9.898245585e-10,2.8574701e-10,4.977557305e-09
3617.0,6.021989478e-05,9.11099896e-11,0.0003790841675,3.521507912e-11,4.927705908e-05,7.79749259e-11,0.0005137516072,7.515897976e-11,6.086058163e-05,1.251364763e-11,5.384628391e-05,2.025787847e-11,9.720374535e-10,2.811668526e-10,5.258724158e-09
3618.0,6.043271854e-05,9.24107719e-11,0.0003786427401,3.512626501e-11,4.938428815e-05,7.792777538e-11,0.0005167193201,9.586371157e-11,6.24779849e-05,1.296565243e-11,5.520326443e-05,2.106865177e-11,1.239813345e-09,-2.741888417e-10,4.984535316e-09
3619.0,6.063374666e-05,9.363208285e-11,0.0003781195542,3.502142418e-11,4.947449921e-05,7.783869966e-11,0.0005170817694,7.733596819e-11,6.408376079e-05,1.341139891e-11,5.656889905e-05,2.187467647e-11,1.000181651e-09,2.835388755e-10,5.268074192e-09
3620.0,6.075808659e-05,9.477649448e-11,0.0003773166586,3.490020003e-11,4.95190184e-05,7.770476508e-11,0.0005182800482,8.352034621e-11,6.566411592e-05,1.384993332e-11,5.795121838e-05,2.267494679e-11,1.080164064e-09,-2.40109575e-10,5.027964617e-09
3621.0,6.090144804e-05,9.584136603e-11,0.0003763535671,3.476369066e-11,4.953354597e-05,7.752851961e-11,0.0005186295883,7.308449086e-11,6.721738479e-05,1.428006319e-11,5.93040246e-05,2.346977153e-11,9.451929194e-10,2.698467765e-10,5.297811393e-09
3622.0,6.098152447e-05,9.682710466e-11,0.0003751998062,3.46134498e-11,4.952313442e-05,7.732344384e-11,0.0005193336985,9.444534753e-11,6.872896487e-05,1.470319384e-11,6.065325385e-05,2.42568036e-11,1.221442315e-09,3.445780866e-10,5.64238948e-09
3623.0,6.105879252e-05,9.773290926e-11,0.0003738962199,3.444799812e-11,4.948882084e-05,7.708335298e-11,0.0005216034695,9.293337708e-11,7.020789613e-05,1.511741911e-11,6.199126928e-05,2.503228917e-11,1.20188495e-09,-2.278749158e-10,5.414514564e-09
3624.0,6.110925462e-05,9.855686395e-11,0.000372479155,3.426939465e-11,4.943236019e-05,7.680246578e-11,0.0005202054211,7.467172139e-11,7.165531397e-05,1.552120961e-11,6.330031179e-05,2.58002373e-11,9.656992573e-10,-2.02103133e-10,5.212411431e-09
3625.0,6.107833878e-05,9.929724069e-11,0.0003707756907,3.407621653e-11,4.934004234e-05,7.648140094e-11,0.0005214849041,8.227163592e-11,7.306824846e-05,1.591406348e-11,6.459577642e-05,2.65536464e-11,1.063980591e-09,-2.328340134e-10,4.979577418e-09
3626.0,6.107057821e-05,9.994942397e-11,0.0003688911005,3.386416696e-11,4.922442834e-05,7.613028048e-11,0.0005196939028,7.471212442e-11,7.445263329e-05,1.629793916e-11,6.585420592e-05,2.729881986e-11,9.662085204e-10,2.720828254e-10,5.251660243e-09
3627.0,6.097696581e-05,2.735288101e-11,0.0003667968033,3.363484124e-11,4.90754794e-05,7.57504717e-11,0.0005185791197,8.156059556e-11,7.580102614e-05,1.666980491e-11,6.708966902e-05,2.80274172e-11,1.054767255e-09,-2.328220127e-10,5.01883823e-09
3628.0,6.089296789e-05,2.747142044e-11,0.000364566794,3.338746185e-11,4.891157225e-05,7.533322736e-11,0.0005190317127,9.439007564e-11,7.710334605e-05,1.702985407e-11,6.827912782e-05,2.874880737e-11,1.220673519e-09,3.14541874e-10,5.333380104e-09
3629.0,6.078746999e-05,2.756466371e-11,0.0003621442429,3.312331235e-11,4.873228517e-05,7.488236457e-11,0.000515370742,7.470656235e-11,7.836292383e-05,1.737870806e-11,6.944962512e-05,2.945370486e-11,9.661084214e-10,-1.60035293e-10,5.173344811e-09
3630.0,6.059519514e-05,2.763291079e-11,0.0003593868522,3.284355606e-11,4.850873861e-05,7.440709293e-11,0.0005137977984,7.065676339e-11,7.958250833e-05,1.771546795e-11,7.057401676e-05,3.015147045e-11,9.137311419e-10,-1.506519387e-10,5.022692873e-09
3631.0,6.043159992e-05,2.767612699e-11,0.0003564986644,3.25496284e-11,4.827100026e-05,7.390757664e-11,0.0005102206431,6.669794271e-11,8.074928747e-05,1.803859587e-11,7.167745263e-05,3.082401696e-11,8.625272364e-10,-1.403017965e-10,4.882391076e-09
3632.0,6.021747328e-05,2.769399001e-11,0.0003533985253,3.224146645e-11,4.800365846e-05,7.338258844e-11,0.0005065018599,9.342435336e-11,8.186702785e-05,1.83441325e-11,7.274414433e-05,3.148423147e-11,1.208136242e-09,-2.009211862e-10,4.68146989e-09
3633.0,6.000635479e-05,2.768611439e-11,0.0003501302877,3.192156485e-11,4.772324221e-05,7.283866052e-11,0.0005036044623,7.213010345e-11,8.294554721e-05,1.864099182e-11,7.376422543e-05,3.213048762e-11,9.327621497e-10,-1.516466358e-10,4.529823254e-09
3634.0,5.979516892e-05,2.765242297e-11,0.0003467499885,3.159190109e-11,4.744162622e-05,7.228514942e-11,0.0004987111464,9.978905962e-11,8.397903106e-05,1.892380821e-11,7.475763174e-05,3.274879446e-11,1.290417037e-09,-2.278937253e-10,4.301929529e-09
3635.0,5.952342399e-05,2.759192469e-11,0.000343102008,3.125327218e-11,4.713350082e-05,7.171612165e-11,0.000494062703,7.503392954e-11,8.49613992e-05,1.919014507e-11,7.57021363e-05,3.334912188e-11,9.702916609e-10,2.730582441e-10,4.574987773e-09
3636.0,5.927018152e-05,2.750467203e-11,0.0003393029684,3.090563247e-11,4.681025714e-05,7.11473602e-11,0.0004881803319,9.487645438e-11,8.590255281e-05,1.944251149e-11,7.660128428e-05,3.392902139e-11,1.226871334e-09,-2.26620401e-10,4.348367372e-09
3637.0,5.897315034e-05,2.739013457e-11,0.0003353972488,3.055213871e-11,4.64738033e-05,7.058130944e-11,0.0004828689083,9.667176322e-11,8.678606573e-05,1.967949456e-11,7.747015195e-05,3.448000075e-11,1.25007102e-09,-2.603238357e-10,4.088043536e-09
3638.0,5.868249182e-05,2.724788725e-11,0.0003314012448,3.019530117e-11,4.613523565e-05,7.002275234e-11,0.0004780859222,8.50917561e-11,8.761524944e-05,1.990078927e-11,7.827936549e-05,3.500992467e-11,1.100323368e-09,3.202865106e-10,4.408330047e-09
3639.0,5.837303233e-05,9.988202327e-11,0.0003274077,2.983744356e-11,4.580295929e-05,6.947647076e-11,0.0004710768969,9.86722023e-11,8.838537408e-05,2.01076415e-11,7.904018235e-05,3.551445517e-11,1.275911013e-09,-2.02894718e-10,4.205435329e-09
3640.0,5.798784828e-05,9.918180805e-11,0.0003232951078,2.947917189e-11,4.545567388e-05,6.894471307e-11,0.0004656207769,9.058889926e-11,8.909983428e-05,2.029573126e-11,7.974857742e-05,3.599715419e-11,1.17138039e-09,-2.280731711e-10,3.977362158e-09
3641.0,5.762237098e-05,9.837665445e-11,0.0003191154771,2.912065308e-11,4.511106505e-05,6.841474074e-11,0.0004582579517,8.675887041e-11,8.975738382e-05,2.046595768e-11,8.042077695e-05,3.64464758e-11,1.121842287e-09,-1.826076959e-10,3.794754462e-09
3642.0,5.717722505e-05,9.746816426e-11,0.0003148319503,2.87706449e-11,4.476139419e-05,6.790079003e-11,0.0004508568295,9.413945897e-11,9.036120088e-05,2.061913495e-11,8.10351213e-05,3.687067952e-11,1.217265454e-09,3.153063351e-10,4.110060797e-09
3643.0,5.673619986e-05,9.645487869e-11,0.0003106017868,2.843039092e-11,4.442907957e-05,6.737835482e-11,0.0004459155807,9.627693708e-11,9.091118904e-05,2.075413921e-11,8.160321563e-05,3.726860374e-11,1.244896375e-09,-2.169987915e-10,3.893062005e-09
3644.0,5.627956914e-05,9.533763394e-11,0.0003064669253,2.80990633e-11,4.411256667e-05,6.685061633e-11,0.0004368100799,7.94986851e-11,9.138313686e-05,2.086828364e-11,8.212155802e-05,3.763754374e-11,1.027933001e-09,2.593621288e-10,4.152424134e-09
3645.0,5.572377418e-05,9.41201292e-11,0.000302276221,2.777942976e-11,4.378722542e-05,6.632020152e-11,0.0004297855284,7.321387776e-11,9.181967821e-05,2.096615659e-11,8.25844998e-05,3.797611615e-11,9.466665852e-10,2.403466525e-10,4.392770787e-09
3646.0,5.519941322e-05,9.28038115e-11,0.0002982392611,2.747981743e-11,4.347955541e-05,6.577833219e-11,0.0004214287493,8.348017065e-11,9.218478532e-05,2.104535341e-11,8.300863267e-05,3.827527948e-11,1.079403271e-09,2.999509807e-10,4.692721767e-09
3647.0,5.460683214e-05,9.138919202e-11,0.000294305972,2.719677211e-11,4.316824653e-05,6.522230599e-11,0.0004126120072,8.583488393e-11,9.248928685e-05,2.110476758e-11,8.336918711e-05,3.854719281e-11,1.109842545e-09,3.567672622e-10,5.04948903e-09
3648.0,5.400686503e-05,8.987944353e-11,0.0002905995712,2.693090055e-11,4.286503365e-05,6.465062016e-11,0.0004060706401,8.312559593e-11,9.272663822e-05,2.114518655e-11,8.367211815e-05,3.878759519e-11,1.074810402e-09,3.564024315e-10,5.405891461e-09
3649.0,5.341084115e-05,8.827902268e-11,0.0002872256826,9.996907376e-11,4.257874484e-05,6.406749722e-11,0.0003972334844,9.839030552e-11,9.28958933e-05,2.116650184e-11,8.392434891e-05,3.899518719e-11,1.272170837e-09,3.660014905e-10,5.771892952e-09
3650.0,5.274828752e-05,8.659318838e-11,0.0002840364103,9.915499473e-11,4.227418355e-05,6.346775586e-11,0.0003906556358,8.855115719e-11,9.299747906e-05,2.116864502e-11,8.412497283e-05,3.916961175e-11,1.14495374e-09,-1.222335457e-10,5.649659406e-09
3651.0,5.211201512e-05,8.482457635e-11,0.0002811528104,9.842555716e-11,4.196712059e-05,6.2848494e-11,0.0003825947566,8.087092861e-11,9.303616852e-05,2.114943898e-11,8.428066101e-05,3.930783473e-11,1.045647839e-09,-2.791730395e-10,5.370486366e-09
3652.0,5.142030648e-05,8.298492122e-11,0.0002787035782,9.777988728e-11,4.165470514e-05,6.22152568e-11,0.0003768627918,7.818429273e-11,9.300929192e-05,2.11110839e-11,8.437243485e-05,3.941330802e-11,1.010905785e-09,-7.948760521e-11,5.290998761e-09
3653.0,5.073583448e-05,8.107373967e-11,0.0002766590595,9.722221862e-11,4.134298709e-05,6.157429025e-11,0.0003720879109,7.332620526e-11,9.293530747e-05,2.105308027e-11,8.440631506e-05,3.949073432e-11,9.480942939e-10,3.500199465e-10,5.641018708e-09
3654.0,5.004556387e-05,7.909768975e-11,0.0002750350866,9.672469524e-11,4.103320473e-05,6.091891928e-11,0.0003657067782,9.733005194e-11,9.275585798e-05,2.097604663e-11,8.439647356e-05,3.952295177e-11,1.258452088e-09,-1.059827078e-10,5.535036e-09
3655.0,4.931753512e-05,7.70591916e-11,0.0002736806295,9.632607083e-11,4.071105226e-05,6.024661031e-11,0.0003621689066,7.875576554e-11,9.2517774e-05,2.087988128e-11,8.431905573e-05,3.952258299e-11,1.018293414e-09,-2.873536464e-10,5.247682353e-09
3656.0,4.863545275e-05,7.496522036e-11,0.0002726532842,9.600844381e-11,4.038703263e-05,5.956840349e-11,0.0003569353807,7.28961165e-11,9.221685358e-05,2.076162504e-11,8.418345947e-05,3.948664835e-11,9.425286887e-10,3.214018232e-10,5.569084177e-09
3657.0,4.790517997e-05,7.282313765e-11,0.0002718240594,9.578652999e-11,4.004855172e-05,5.889208385e-11,0.0003535777276,9.003657094e-11,9.184644811e-05,2.062221345e-11,8.398764229e-05,3.941296661e-11,1.164148898e-09,4.56955181e-10,6.026039358e-09
3658.0,4.72131077e-05,7.063982501e-11,0.0002713026531,9.565379031e-11,3.971350073e-05,5.820471487e-11,0.0003525964079,8.561519509e-11,9.140107814e-05,2.046527148e-11,8.372908819e-05,3.930395713e-11,1.106986325e-09,-3.089546341e-10,5.717084723e-09
3659.0,4.654450088e-05,6.842692313e-11,0.0002710561197,9.560351508e-11,3.938790455e-05,5.752566187e-11,0.0003497451354,8.921126441e-11,9.089000582e-05,2.028505941e-11,8.340982001e-05,3.916084455e-11,1.153474757e-09,3.672366395e-10,6.084321363e-09
3660.0,4.582707587e-05,6.6196376e-11,0.0002709722602,9.564036229e-11,3.904267789e-05,5.685501229e-11,0.0003489765649,6.339799251e-11,9.030241767e-05,2.008943906e-11,8.304236318e-05,3.897195432e-11,8.197230341e-10,2.165572822e-10,6.300878645e-09
3661.0,4.518265361e-05,6.395485858e-11,0.0002711125518,9.573388145e-11,3.870311006e-05,5.619490717e-11,0.0003483967466,9.525702897e-11,8.96462466e-05,1.988115438e-11,8.260880279e-05,3.875132194e-11,1.231655501e-09,-3.195824197e-10,5.981296225e-09
3662.0,4.452029918e-05,6.171389192e-11,0.0002713677363,9.591374491e-11,3.836086299e-05,5.554934861e-11,0.0003475771389,8.959816355e-11,8.892798028e-05,1.964820265e-11,8.21182825e-05,3.849338383e-11,1.158486728e-09,2.554669554e-10,6.236763181e-09
3663.0,4.388966878e-05,5.947804554e-11,0.0002717438429,9.619289566e-11,3.802303551e-05,5.492796677e-11,0.0003492731694,7.018656782e-11,8.81401668e-05,1.939562554e-11,8.157471964e-05,3.819942634e-11,9.075053751e-10,2.518631184e-10,6.488626299e-09
3664.0,4.330912442e-05,5.727735733e-11,0.000272334976,9.655409998e-11,3.770687807e-05,5.433157024e-11,0.0003488997143,6.840730714e-11,8.728449516e-05,1.91266658e-11,8.096117567e-05,3.787849726e-11,8.844951528e-10,1.730379592e-10,6.661664258e-09
3665.0,4.269626248e-05,5.511150613e-11,0.0002729061419,9.702766715e-11,3.737223594e-05,5.375716391e-11,0.0003497111236,9.387530112e-11,8.636372128e-05,1.884015752e-11,8.031202944e-05,3.751194365e-11,1.213802607e-09,-2.535308764e-10,6.408133382e-09
3666.0,4.215843455e-05,5.299530467e-11,0.0002735653004,9.762025384e-11,3.704001737e-05,5.321384378e-11,0.0003498135743,7.953410846e-11,8.538227556e-05,1.853683964e-11,7.959302097e-05,3.712260675e-11,1.028375326e-09,2.249217847e-10,6.633055167e-09
3667.0,4.162128132e-05,5.094175843e-11,0.0002743251493,9.831657229e-11,3.670908322e-05,5.271381038e-11,0.0003508817395,7.422588369e-11,8.433847506e-05,1.821654048e-11,7.882779048e-05,3.669200082e-11,9.597417524e-10,2.190377638e-10,6.85209293e-09
3668.0,4.114895745e-05,4.895804146e-11,0.000275230016,9.912978529e-11,3.63885643e-05,5.224610466e-11,0.0003536426994,8.940745076e-11,8.323784554e-05,1.788199128e-11,7.799931079e-05,3.623636944e-11,1.156047696e-09,2.762228558e-10,7.128315786e-09
3669.0,4.073086894e-05,4.705414906e-11,0.0002762507001,2.673166316e-11,3.609103485e-05,5.181966817e-11,0.000353274742,8.288160468e-11,8.207999552e-05,1.752787851e-11,7.713586456e-05,3.573890849e-11,1.071666463e-09,-2.023268911e-10,6.925988895e-09
3670.0,4.031972014e-05,4.525005177e-11,0.0002772914567,2.700417844e-11,3.578362608e-05,5.145339417e-11,0.0003559419175,6.494769286e-11,8.086231853e-05,1.715896389e-11,7.62145313e-05,3.521140598e-11,8.397880203e-10,1.898561599e-10,7.115845055e-09
3671.0,4.001555755e-05,4.355661014e-11,0.0002784706029,2.729283225e-11,3.549152064e-05,5.114795583e-11,0.0003557585773,8.270972478e-11,7.959208262e-05,1.677543128e-11,7.524210105e-05,3.465240604e-11,1.06945925e-09,-2.335644374e-10,6.882280618e-09
3672.0,3.970857307e-05,4.199149526e-11,0.0002796931246,2.759299892e-11,3.519278586e-05,5.089329504e-11,0.0003567486493,7.475158609e-11,7.827437625e-05,1.637785527e-11,7.423118082e-05,3.40551421e-11,9.665625251e-10,2.844264482e-10,7.166707066e-09
3673.0,3.950508477e-05,4.059190796e-11,0.0002812547463,2.790307673e-11,3.49268236e-05,5.072949438e-11,0.0003597350024,9.332224893e-11,7.691735843e-05,1.596585934e-11,7.31646209e-05,3.342973253e-11,1.206696371e-09,2.267084873e-10,7.393415553e-09
3674.0,3.936463049e-05,3.93930993e-11,0.0002831736117,2.8224152e-11,3.469366524e-05,5.065171562e-11,0.0003591136507,8.526315407e-11,7.551061179e-05,1.554018912e-11,7.204577588e-05,3.277900506e-11,1.102488499e-09,-1.999884516e-10,7.193427102e-09
3675.0,3.922108484e-05,3.838963622e-11,0.0002852224049,2.85481656e-11,3.445912363e-05,5.065282144e-11,0.0003613345533,9.654321123e-11,7.405483406e-05,1.510118616e-11,7.089524113e-05,3.209300265e-11,1.248358076e-09,2.334774222e-10,7.426904524e-09
3676.0,3.920591811e-05,3.762180887e-11,0.0002876012247,2.887492025e-11,3.425868794e-05,5.076483374e-11,0.0003623583176,9.631639808e-11,7.256012379e-05,1.46468743e-11,6.969374338e-05,3.138422648e-11,1.245431358e-09,-3.377421835e-10,7.08916234e-09
3677.0,3.922795455e-05,3.705306831e-11,0.0002902908615,2.919835098e-11,3.408530262e-05,5.098500448e-11,0.0003641978132,8.654629367e-11,7.103142641e-05,1.418332562e-11,6.84667221e-05,3.064552818e-11,1.119101968e-09,2.538339853e-10,7.342996326e-09
3678.0,3.936655408e-05,3.671048909e-11,0.0002932226029,2.95163011e-11,3.39414269e-05,5.13007583e-11,0.0003676164387,8.263039753e-11,6.94641102e-05,1.37097432e-11,6.719183159e-05,2.988433308e-11,1.068479169e-09,1.76547864e-10,7.51954419e-09
3679.0,3.9593633e-05,3.659672143e-11,0.0002964254293,2.983542912e-11,3.384510136e-05,5.173693112e-11,0.0003697091721,9.907605565e-11,6.785695511e-05,1.322825876e-11,6.589556567e-05,2.909230675e-11,1.28113662e-09,3.224989269e-10,7.842043117e-09
3680.0,3.983759335e-05,3.66895289e-11,0.0002996855072,3.015535816e-11,3.377506701e-05,5.228415527e-11,0.0003726376414,7.01167739e-11,6.621347924e-05,1.273459056e-11,6.455343486e-05,2.828455956e-11,9.066783335e-10,-1.969515028e-10,7.645091614e-09
3681.0,4.019052977e-05,3.696767918e-11,0.0003031670585,3.047140057e-11,3.374180108e-05,5.294380621e-11,0.0003748189233,6.353160975e-11,6.454565516e-05,1.223344535e-11,6.31952161e-05,2.745253461e-11,8.215317375e-10,-1.301891827e-10,7.514902431e-09
3682.0,4.057786392e-05,3.741262431e-11,0.0003067061082,3.077846399e-11,3.375736032e-05,5.372024164e-11,0.0003783523276,6.890426827e-11,6.285673261e-05,1.172425261e-11,6.180190024e-05,2.660698815e-11,8.910090548e-10,-1.487214388e-10,7.366180992e-09
3683.0,4.10414464e-05,3.801238256e-11,0.0003102761823,3.107694669e-11,3.38245131e-05,5.459751367e-11,0.0003828378617,9.737701192e-11,6.115614966e-05,1.120916027e-11,6.038910346e-05,2.573809118e-11,1.259207162e-09,-2.027767882e-10,7.163404204e-09
3684.0,4.156825586e-05,3.875670137e-11,0.0003139029038,3.13669504e-11,3.395349233e-05,5.556606587e-11,0.000385368539,7.465380084e-11,5.944610033e-05,1.069355782e-11,5.897096894e-05,2.485410209e-11,9.65367907e-10,-1.51510889e-10,7.011893315e-09
3685.0,4.210447571e-05,3.961214725e-11,0.0003174328742,3.164885268e-11,3.413271313e-05,5.658582289e-11,0.0003899936235,8.165211686e-11,5.773981813e-05,1.017293722e-11,5.754251029e-05,2.395640357e-11,1.055875778e-09,-1.674497289e-10,6.844443586e-09
3686.0,4.274313852e-05,4.056619815e-11,0.0003209246677,3.191957644e-11,3.437685506e-05,5.765799798e-11,0.0003930194045,7.301416674e-11,5.603755664e-05,9.651396323e-12,5.61159271e-05,2.304515099e-11,9.441804074e-10,-2.188884353e-10,6.625555151e-09
3687.0,4.335656234e-05,4.159405299e-11,0.0003242780162,3.217633397e-11,3.467828531e-05,5.877216041e-11,0.0003964711868,9.474562311e-11,5.43522256e-05,9.130894388e-12,5.4689102e-05,2.212215186e-11,1.225206777e-09,-3.582787165e-10,6.267276435e-09
3688.0,4.403803107e-05,4.27201119e-11,0.0003275253047,3.242399168e-11,3.503772213e-05,5.992463221e-11,0.0004030570381,8.472489728e-11,5.269875561e-05,8.615571841e-12,5.32812787e-05,2.119485162e-11,1.095632748e-09,2.85681932e-10,6.552958366e-09
3689.0,4.474705295e-05,4.392395869e-11,0.0003307240016,3.266478952e-11,3.547811876e-05,6.111804527e-11,0.000405749696,9.125651988e-11,5.109421953e-05,9.923018836e-11,5.190030659e-05,2.02667437e-11,1.180096228e-09,-1.911674607e-10,6.361790906e-09
3690.0,4.540474874e-05,4.519324591e-11,0.00033371658,3.290189326e-11,3.596237555e-05,6.233701927e-11,0.000410946469,8.236009542e-11,4.953375479e-05,9.346311418e-11,5.056711451e-05,1.933926287e-11,1.065063043e-09,-1.679871387e-10,6.193803767e-09
3691.0,4.613369221e-05,4.653029227e-11,0.0003368061324,3.313300335e-11,3.650715518e-05,6.357528329e-11,0.0004151541591,7.291883913e-11,4.805806997e-05,8.790479755e-11,4.927395583e-05,1.841582625e-11,9.429756735e-10,-1.457554395e-10,6.048048327e-09
3692.0,4.682091639e-05,4.791790692e-11,0.0003398275112,3.335403186e-11,3.708334405e-05,6.481186693e-11,0.0004193183249,7.203667123e-11,4.670546991e-05,8.27065286e-11,4.803145541e-05,1.750203994e-11,9.315739704e-10,-1.425279429e-10,5.905520385e-09
3693.0,4.753006297e-05,4.93540941e-11,0.0003427280837,3.356830128e-11,3.769749503e-05,6.603488682e-11,0.000425799842,8.169289401e-11,4.548325783e-05,7.789648446e-11,4.68481366e-05,1.660624673e-11,1.056460249e-09,2.801664665e-10,6.185686851e-09
3694.0,4.825132057e-05,5.085260945e-11,0.0003455685863,3.37736634e-11,3.835515955e-05,6.722728813e-11,0.0004297996857,8.704410889e-11,4.434888991e-05,7.363684411e-11,4.574797735e-05,1.574040618e-11,1.125665969e-09,3.000208119e-10,6.485707663e-09
3695.0,4.891791085e-05,5.239966459e-11,0.0003482077224,3.397066361e-11,3.902869626e-05,6.837745478e-11,0.0004355427926,6.745445218e-11,4.336358539e-05,7.014184669e-11,4.471944558e-05,1.490831622e-11,8.72342898e-10,-1.370916821e-10,6.348615981e-09
3696.0,4.962518283e-05,5.39886195e-11,0.0003507468396,3.415645217e-11,3.971998303e-05,6.948325283e-11,0.0004391841593,7.526192213e-11,4.253382945e-05,6.734728122e-11,4.377664378e-05,1.413416047e-11,9.733225729e-10,-1.591789483e-10,6.189437033e-09
3697.0,5.027721225e-05,5.561645968e-11,0.000353261831,3.433254673e-11,4.042099914e-05,7.053627346e-11,0.0004443754118,7.380810913e-11,4.183484477e-05,6.52205648e-11,4.297285663e-05,1.342635914e-11,9.545310251e-10,-1.539061481e-10,6.035530884e-09
3698.0,5.095305373e-05,5.729007396e-11,0.0003558209369,3.449478474e-11,4.11249734e-05,7.153565819e-11,0.0004498654897,9.904609702e-11,4.129717132e-05,6.376500902e-11,4.227342529e-05,1.279532286e-11,1.280940574e-09,-2.497150508e-10,5.785815834e-09
3699.0,5.161067711e-05,5.900220133e-11,0.0003582824269,3.464530696e-11,4.182339635e-05,7.24824324e-11,0.0004531731104,8.473556229e-11,4.090357468e-05,6.307891726e-11,4.167241154e-05,1.225105409e-11,1.095871319e-09,-1.843349669e-10,5.601480867e-09
3700.0,5.222653393e-05,6.074316203e-11,0.0003605862064,3.478655217e-11,4.249109193e-05,7.337751746e-11,0.0004587474872,9.526405748e-11,4.066863728e-05,6.32203145e-11,4.119880871e-05,1.178193217e-11,1.2320524e-09,-2.198644237e-10,5.381616443e-09
3701.0,5.288030798e-05,6.250793951e-11,0.0003627677834,3.491889409e-11,4.313517542e-05,7.421850964e-11,0.0004617734042,8.781999803e-11,4.060212229e-05,6.419849982e-11,4.084341383e-05,1.139587251e-11,1.135787088e-09,-1.895846561e-10,5.192031787e-09
3702.0,5.346936502e-05,6.43016971e-11,0.0003647532949,3.504049198e-11,4.374390572e-05,7.500106587e-11,0.0004659060713,7.177839769e-11,4.069652416e-05,6.594622993e-11,4.062995754e-05,1.114178087e-11,9.283253331e-10,-1.466059031e-10,5.045425884e-09
3703.0,5.407929824e-05,6.612172928e-11,0.0003666982417,3.51520157e-11,4.433422742e-05,7.57271685e-11,0.0004714153618,9.3496164e-11,4.097695665e-05,6.876371792e-11,4.057533955e-05,1.10550402e-11,1.209216158e-09,-2.041212864e-10,4.841304597e-09
3704.0,5.468523229e-05,6.797224115e-11,0.0003685683031,3.525378062e-11,4.490323603e-05,7.639560892e-11,0.0004742553132,6.050175339e-11,4.144202054e-05,7.250594695e-11,4.064675522e-05,1.113296542e-11,7.824859629e-10,-1.230806496e-10,4.718223948e-09
3705.0,5.521928183e-05,6.98375205e-11,0.0003702182651,3.535072853e-11,4.541904265e-05,7.700424747e-11,0.0004784665184,6.70829854e-11,4.221561227e-05,7.694851274e-11,4.084674286e-05,1.138144466e-11,8.676103275e-10,-1.376736749e-10,4.580550273e-09
3706.0,5.578982633e-05,7.17116452e-11,0.0003717715192,3.543730049e-11,4.590502894e-05,7.755359925e-11,0.0004821303416,9.555919937e-11,4.325162574e-05,8.179167518e-11,4.118243378e-05,1.177958143e-11,1.235904214e-09,3.266488072e-10,4.90719908e-09
3707.0,5.629586781e-05,7.359092732e-11,0.0003731403105,3.551534643e-11,4.635607976e-05,7.804587636e-11,0.0004850351958,7.87397737e-11,4.447029689e-05,8.701008834e-11,4.175186339e-05,1.229507696e-11,1.01837037e-09,2.690032284e-10,5.176202308e-09
3708.0,5.679330909e-05,7.547743338e-11,0.0003743451547,3.558111505e-11,4.677878525e-05,7.848166764e-11,0.000489877434,6.228275381e-11,4.586673205e-05,9.249032362e-11,4.252585139e-05,1.290048461e-11,8.055296365e-10,-1.282522184e-10,5.04795009e-09
3709.0,5.729356027e-05,7.73696014e-11,0.0003755239611,3.563594903e-11,4.718618875e-05,7.885984667e-11,0.0004924172933,7.82179187e-11,4.735502452e-05,9.816461487e-11,4.343360543e-05,1.358461245e-11,1.011617491e-09,2.672449298e-10,5.31519502e-09
3710.0,5.771795049e-05,7.925030992e-11,0.0003764692792,3.568186033e-11,4.754695308e-05,7.918112087e-11,0.0004959667107,8.29990243e-11,4.88943757e-05,8.876013568e-12,4.445347172e-05,1.432706443e-11,1.073455545e-09,2.836508655e-10,5.598845885e-09
3711.0,5.816306523e-05,8.110753502e-11,0.0003773165597,3.571497553e-11,4.78744679e-05,7.944833007e-11,0.0004986318501,8.354892114e-11,5.0486841e-05,9.395361909e-12,4.560472993e-05,1.511803223e-11,1.080566915e-09,2.8554219e-10,5.884388075e-09
3712.0,5.854315735e-05,8.293308082e-11,0.0003779984472,3.573532889e-11,4.816996858e-05,7.966070295e-11,0.0005017405956,8.602047249e-11,5.208646403e-05,9.917195246e-12,4.685286047e-05,1.593630548e-11,1.112528249e-09,2.939340732e-10,6.178322148e-09
3713.0,5.892434445e-05,8.471484023e-11,0.0003785346499,3.574739903e-11,4.843762184e-05,7.981550802e-11,0.0005062816533,8.902524293e-11,5.372401041e-05,1.043856424e-11,4.813551676e-05,1.678311692e-11,1.151390108e-09,3.043211507e-10,6.482643299e-09
3714.0,5.928354918e-05,8.644275377e-11,0.0003789208283,3.574757515e-11,4.86813635e-05,7.99137425e-11,0.0005073543476,9.878648576e-11,5.538010857e-05,1.096073031e-11,4.943079687e-05,1.764532022e-11,1.277624419e-09,3.358002383e-10,6.818443537e-09
3715.0,5.956239752e-05,8.8107802e-11,0.000379054879,3.573728596e-11,4.887777035e-05,7.996244064e-11,0.0005109788289,8.545021987e-11,5.704971599e-05,1.14803534e-11,5.074163349e-05,1.851976857e-11,1.105144269e-09,2.921179044e-10,7.110561442e-09
3716.0,5.987095178e-05,8.970381045e-11,0.0003790599557,3.571313857e-11,4.90535643e-05,7.995159428e-11,0.000511566832,9.100059807e-11,5.871099762e-05,1.199582532e-11,5.207306513e-05,1.940342298e-11,1.176926423e-09,3.110328978e-10,7.42159434e-09
3717.0,6.009176887e-05,9.122575987e-11,0.0003788027116,3.567520451e-11,4.919112538e-05,7.988632386e-11,0.0005130040204,6.676371404e-11,6.035094299e-05,1.250749962e-11,5.342236416e-05,2.029416662e-11,8.634631126e-10,-1.740890893e-10,7.24750525e-09
3718.0,6.032663348e-05,9.267190475e-11,0.0003784321063,3.562222635e-11,4.931302086e-05,7.977167591e-11,0.0005162732664,9.964668362e-11,6.19746189e-05,1.301282934e-11,5.477735289e-05,2.118590884e-11,1.288740563e-09,-2.085155237e-10,7.038989727e-09
3719.0,6.053294614e-05,9.403379203e-11,0.0003779537328,3.555622677e-11,4.940973514e-05,7.960619956e-11,0.000515827266,8.733080035e-11,6.358101678e-05,1.351189067e-11,5.613900599e-05,2.207268143e-11,1.129446317e-09,-3.579084221e-10,6.681081305e-09
3720.0,6.065646418e-05,9.53117992e-11,0.0003771613788,3.547249505e-11,4.945767139e-05,7.93905774e-11,0.0005176897715,9.961976771e-11,6.517164584e-05,1.400373808e-11,5.751848396e-05,2.29335112e-11,1.288379679e-09,-3.336101904e-10,6.347471114e-09
3721.0,6.081449556e-05,9.650704062e-11,0.000376288899,3.536578965e-11,4.948492736e-05,7.912632794e-11,0.0005180406268,9.793682329e-11,6.672963018e-05,1.448675018e-11,5.887538844e-05,2.382514932e-11,1.266607945e-09,-3.130959711e-10,6.034375143e-09
3722.0,6.090446424e-05,9.761720402e-11,0.0003751888237,3.523844454e-11,4.94820845e-05,7.881482908e-11,0.0005185921367,8.972788689e-11,6.825042006e-05,1.496152223e-11,6.022543672e-05,2.469203493e-11,1.160434002e-09,-3.291140255e-10,5.705261118e-09
3723.0,6.098127826e-05,9.864225482e-11,0.0003739046643,3.509228274e-11,4.945282775e-05,7.845802346e-11,0.0005205025329,8.691327232e-11,6.973426359e-05,1.542542466e-11,6.156769459e-05,2.552800591e-11,1.124032575e-09,-2.242159046e-10,5.481045213e-09
3724.0,6.104523817e-05,9.95786929e-11,0.0003725516361,3.492534679e-11,4.940567847e-05,7.805994352e-11,0.0005205226838,6.427814291e-11,7.119165676e-05,1.587725978e-11,6.287995606e-05,2.63889216e-11,8.312846962e-10,-1.28219359e-10,5.352825854e-09
3725.0,6.102677317e-05,2.737678566e-11,0.0003709225821,3.474060658e-11,4.932073206e-05,7.761902832e-11,0.0005206278536,9.411711343e-11,7.261196263e-05,1.631677266e-11,6.418156162e-05,2.719874058e-11,1.217176824e-09,3.368554371e-10,5.689681291e-09
3726.0,6.101688961e-05,2.757321601e-11,0.0003690600622,3.454051075e-11,4.920745881e-05,7.713776487e-11,0.0005194892598,9.97113169e-11,7.400226039e-05,1.674556146e-11,6.544789033e-05,2.80321073e-11,1.289513383e-09,2.326005829e-10,5.922281874e-09
3727.0,6.094510616e-05,2.774311256e-11,0.0003670458055,3.432708995e-11,4.907147774e-05,7.661334764e-11,0.0005187898991,6.297066198e-11,7.536226431e-05,1.716101997e-11,6.669213641e-05,2.881142778e-11,8.143574321e-10,3.474719748e-11,5.957029071e-09
3728.0,6.086558648e-05,2.788557001e-11,0.0003648655598,3.409334822e-11,4.891269143e-05,7.605238031e-11,0.0005184535733,9.244162944e-11,7.66753604e-05,1.756270438e-11,6.788909097e-05,2.961848273e-11,1.195478885e-09,4.087287687e-11,5.997901948e-09
3729.0,6.076056121e-05,2.800125587e-11,0.0003624900285,3.38391949e-11,4.873601362e-05,7.546056504e-11,0.0005155960085,9.158408364e-11,7.79444808e-05,1.794966023e-11,6.906769706e-05,3.036458709e-11,1.184371768e-09,5.094223387e-11,6.048844182e-09
3730.0,6.058411431e-05,2.808968136e-11,0.000359812438,3.35653482e-11,4.852523951e-05,7.48312711e-11,0.0005140772929,7.994512922e-11,7.917598309e-05,1.832067813e-11,7.01992645e-05,3.113446344e-11,1.033851412e-09,-3.976531401e-10,5.651191042e-09
3731.0,6.043027178e-05,2.815094428e-11,0.0003569796214,3.326933023e-11,4.82927132e-05,7.417336227e-11,0.0005105758398,9.385195143e-11,8.035671548e-05,1.86767067e-11,7.131147866e-05,3.18362939e-11,1.213682308e-09,-4.605317583e-10,5.190659284e-09
3732.0,6.021094797e-05,2.818497279e-11,0.0003539146962,3.295456008e-11,4.803005176e-05,7.349376418e-11,0.0005065931301,9.610427051e-11,8.148634923e-05,1.900968913e-11,7.238003871e-05,3.256437918e-11,1.24279738e-09,-4.502594601e-10,4.740399824e-09
3733.0,6.000843154e-05,2.819181449e-11,0.0003507152566,3.262104427e-11,4.77555003e-05,7.278803597e-11,0.0005050437465,8.300109441e-11,8.257302486e-05,1.933233128e-11,7.342422051e-05,3.322234768e-11,1.073343865e-09,2.219140015e-10,4.962313825e-09
3734.0,5.980660812e-05,2.817106799e-11,0.0003474006328,3.227010716e-11,4.747874037e-05,7.206691966e-11,0.0004990601055,8.98045302e-11,8.361773443e-05,1.963778894e-11,7.441868752e-05,3.387905808e-11,1.161305916e-09,-4.073541084e-10,4.554959717e-09
3735.0,5.952551903e-05,2.812137486e-11,0.0003437652447,3.190683939e-11,4.717063749e-05,7.133888262e-11,0.0004950587171,9.444887278e-11,8.46118244e-05,1.992408087e-11,7.536737751e-05,3.453635433e-11,1.221359422e-09,-4.13816139e-10,4.141143578e-09
3736.0,5.929576822e-05,2.804256964e-11,0.0003400542097,3.153143582e-11,4.685650534e-05,7.060709365e-11,0.0004895785608,7.231055119e-11,8.556577804e-05,2.019332624e-11,7.629128884e-05,3.511748002e-11,9.350670777e-10,1.249307075e-10,4.266074285e-09
3737.0,5.899757873e-05,2.793404192e-11,0.0003361664318,3.114375263e-11,4.652122801e-05,6.987908284e-11,0.0004834784328,7.306864061e-11,8.646486373e-05,2.044293679e-11,7.716341439e-05,3.569435594e-11,9.448598778e-10,-3.075422721e-10,3.958532013e-09
3738.0,5.870606928e-05,2.779525062e-11,0.0003321763039,3.074759618e-11,4.61800423e-05,6.916953031e-11,0.0004793255804,8.186823382e-11,8.730906312e-05,2.067460036e-11,7.797952998e-05,3.627071313e-11,1.058642728e-09,1.520668585e-10,4.110598872e-09
3739.0,5.841143566e-05,2.762608801e-11,0.0003282134691,3.034435155e-11,4.585519399e-05,6.848019848e-11,0.0004724058108,9.045447509e-11,8.809403211e-05,2.08874648e-11,7.876194516e-05,3.676488601e-11,1.16965214e-09,1.728151767e-10,4.283414048e-09
3740.0,5.803673527e-05,2.742608153e-11,0.0003241307787,2.993746934e-11,4.550953982e-05,6.78140519e-11,0.0004669499823,8.344326256e-11,8.882292879e-05,2.107901254e-11,7.948870695e-05,3.725159353e-11,1.078985178e-09,1.625553291e-10,4.445969377e-09
3741.0,5.767572703e-05,2.719572401e-11,0.0003199587946,2.9527023e-11,4.51610168e-05,6.716622143e-11,0.0004592581999,7.924702846e-11,8.949580327e-05,2.124886588e-11,8.01660414e-05,3.770688509e-11,1.024713594e-09,1.56980785e-10,4.602950163e-09
3742.0,5.724376725e-05,9.933498273e-11,0.0003157146283,2.911840008e-11,4.481186115e-05,6.653697738e-11,0.0004531520864,8.403753006e-11,9.011309609e-05,2.139744974e-11,8.078528944e-05,3.815324169e-11,1.086645599e-09,1.682937147e-10,4.771243877e-09
3743.0,5.681306467e-05,9.830093482e-11,0.0003114766092,2.871509149e-11,4.447951568e-05,6.591719134e-11,0.0004470570638,8.196398307e-11,9.067825893e-05,2.152371895e-11,8.137578312e-05,3.851327657e-11,1.05982757e-09,1.662583911e-10,4.937502268e-09
3744.0,5.635444925e-05,9.715722014e-11,0.0003073115929,2.832005434e-11,4.415758829e-05,6.530287721e-11,0.0004386065362,9.103211793e-11,9.117211025e-05,2.162781644e-11,8.190717865e-05,3.886537131e-11,1.177066248e-09,1.933798936e-10,5.130882162e-09
3745.0,5.582351305e-05,9.590505961e-11,0.0003031425607,2.793302351e-11,4.383512213e-05,6.469198906e-11,0.0004319920004,7.784596589e-11,9.162203793e-05,2.171031172e-11,8.238975155e-05,3.917934626e-11,1.006562563e-09,-2.939468549e-10,4.836935307e-09
3746.0,5.530741626e-05,9.455083659e-11,0.0002990761381,2.7557434e-11,4.352271264e-05,6.408191657e-11,0.0004227924723,7.619336596e-11,9.200389297e-05,2.177039538e-11,8.281967649e-05,3.945468794e-11,9.85188505e-10,-2.856540078e-10,4.551281299e-09
3747.0,5.471430414e-05,9.308997954e-11,0.0002950691943,2.720089666e-11,4.32071294e-05,6.346695195e-11,0.0004146483965,8.071441293e-11,9.232520918e-05,2.180627205e-11,8.319548699e-05,3.969136559e-11,1.043637205e-09,-3.003649739e-10,4.250916325e-09
3748.0,5.412666147e-05,9.152563143e-11,0.0002913252448,2.686618078e-11,4.290797449e-05,6.284520754e-11,0.000408064512,9.169295122e-11,9.257924599e-05,2.182036723e-11,8.350777835e-05,3.99160467e-11,1.185587627e-09,2.211242634e-10,4.472040589e-09
3749.0,5.353534115e-05,8.986302932e-11,0.0002878846862,9.954563636e-11,4.262272998e-05,6.22189219e-11,0.0003990097612,8.52071069e-11,9.276682522e-05,2.181091329e-11,8.378269709e-05,4.004683298e-11,1.101715392e-09,-3.143141629e-10,4.157726426e-09
3750.0,5.287195014e-05,8.810721478e-11,0.0002845964842,9.849427622e-11,4.231637828e-05,6.158630597e-11,0.0003918817159,9.509590155e-11,9.288733398e-05,2.177890772e-11,8.399566807e-05,4.016659256e-11,1.229579492e-09,2.292393024e-10,4.386965728e-09
3751.0,5.224831077e-05,8.626077399e-11,0.0002816488698,9.75312953e-11,4.201141436e-05,6.09440822e-11,0.0003849163521,7.994886387e-11,9.29427934e-05,2.172241916e-11,8.416470314e-05,4.024594253e-11,1.033726493e-09,1.752849543e-10,4.562250683e-09
3752.0,5.156533891e-05,8.432895948e-11,0.0002790756421,9.668534925e-11,4.170065441e-05,6.030106974e-11,0.0003777569714,8.835690921e-11,9.293477275e-05,2.164199898e-11,8.427372152e-05,4.028277716e-11,1.142437858e-09,-3.204342469e-10,4.241816436e-09
3753.0,5.087485226e-05,8.231418717e-11,0.0002769097187,9.591203818e-11,4.138831736e-05,5.964773434e-11,0.000373400538,7.496121014e-11,9.287595141e-05,2.154074251e-11,8.432908013e-05,4.028066702e-11,9.692368332e-10,-2.634309111e-10,3.978385525e-09
3754.0,5.020182135e-05,8.022888441e-11,0.0002752044435,9.523792615e-11,4.108465331e-05,5.898976374e-11,0.0003672494171,8.729805457e-11,9.27206776e-05,2.141632269e-11,8.432701752e-05,4.023865664e-11,1.128741614e-09,-3.143962955e-10,3.663989229e-09
3755.0,4.946996366e-05,7.807566556e-11,0.0002737561017,9.465200536e-11,4.076133605e-05,5.832482866e-11,0.0003625703938,9.206828517e-11,9.250097314e-05,2.126903546e-11,8.425969864e-05,4.018213492e-11,1.190422982e-09,2.083493114e-10,3.87233854e-09
3756.0,4.878033592e-05,7.585895186e-11,0.0002726289436,9.418913833e-11,4.04349145e-05,5.765887057e-11,0.0003578203407,9.656076284e-11,9.221952791e-05,2.109881103e-11,8.414910382e-05,4.003192269e-11,1.24850874e-09,-3.466608148e-10,3.525677726e-09
3757.0,4.805834301e-05,7.358908006e-11,0.0002717605306,9.382335893e-11,4.010384228e-05,5.69902906e-11,0.0003542310056,7.647315708e-11,9.186898711e-05,2.090361055e-11,8.397143502e-05,3.98645661e-11,9.887793447e-10,-2.702608996e-10,3.255416826e-09
3758.0,4.736609721e-05,7.127273241e-11,0.0002711804085,9.353637845e-11,3.977142398e-05,5.63183238e-11,0.0003528863825,8.342858425e-11,9.144342105e-05,2.068875821e-11,8.372828274e-05,3.965638811e-11,1.078714945e-09,1.825786651e-10,3.437995491e-09
3759.0,4.669012641e-05,6.891503655e-11,0.0002708482213,9.335731883e-11,3.944234211e-05,5.565923292e-11,0.0003494376484,8.1362233e-11,9.095280726e-05,2.044926147e-11,8.343223175e-05,3.941007547e-11,1.051991467e-09,-2.859638474e-10,3.152031644e-09
3760.0,4.597452052e-05,6.652502366e-11,0.0002707113707,9.326043811e-11,3.910042013e-05,5.500020979e-11,0.0003497141079,8.951121416e-11,9.038700847e-05,2.01915673e-11,8.307326594e-05,3.912328757e-11,1.157360168e-09,-3.154280911e-10,2.836603553e-09
3761.0,4.532903629e-05,6.411038863e-11,0.0002708140027,9.325308844e-11,3.876074725e-05,5.435255452e-11,0.0003477727883,8.485969581e-11,8.975054617e-05,1.991363355e-11,8.264909682e-05,3.882304876e-11,1.097220585e-09,-2.965938132e-10,2.540009739e-09
3762.0,4.46474104e-05,6.16844391e-11,0.0002710045873,9.334748713e-11,3.841569817e-05,5.371859451e-11,0.0003473748923,8.387961868e-11,8.904922352e-05,1.961982395e-11,8.218329517e-05,3.843568581e-11,1.084548192e-09,-2.64190093e-10,2.275819646e-09
3763.0,4.402785074e-05,5.925517603e-11,0.0002713812364,9.354532646e-11,3.808281718e-05,5.310428357e-11,0.0003493328159,8.419356626e-11,8.828090747e-05,1.930283061e-11,8.165589231e-05,3.803283823e-11,1.088612705e-09,-2.929425609e-10,1.982877086e-09
3764.0,4.343839226e-05,5.684987274e-11,0.0002719385314,9.385005135e-11,3.776328499e-05,5.25098735e-11,0.0003479640296,8.662269179e-11,8.744461805e-05,1.89683231e-11,8.10661438e-05,3.759892371e-11,1.120017939e-09,2.018062903e-10,2.184683376e-09
3765.0,4.281198411e-05,5.447629265e-11,0.0002724642647,9.428202177e-11,3.742484833e-05,5.194069255e-11,0.0003494086239,6.978856626e-11,8.654335205e-05,1.861354953e-11,8.041732027e-05,3.715369852e-11,9.023626743e-10,1.69522886e-10,2.354206262e-09
3766.0,4.227284796e-05,5.216458082e-11,0.0002731191158,9.481791217e-11,3.709812993e-05,5.140787732e-11,0.0003494141152,8.688530817e-11,8.557868853e-05,1.824158388e-11,7.972760305e-05,3.662897535e-11,1.123426108e-09,2.012609264e-10,2.555467188e-09
3767.0,4.172647092e-05,4.993985332e-11,0.0002738563201,9.548049622e-11,3.676683087e-05,5.089992485e-11,0.0003502610727,9.618026969e-11,8.455744304e-05,1.785161467e-11,7.897212434e-05,3.608509744e-11,1.2436113e-09,-3.223611869e-10,2.233106001e-09
3768.0,4.12380392e-05,4.781589961e-11,0.0002747056243,9.629552908e-11,3.644073133e-05,5.043568653e-11,0.0003525654982,8.566622473e-11,8.347081685e-05,1.745039823e-11,7.816483863e-05,3.551299639e-11,1.107674073e-09,-2.692843381e-10,1.963821663e-09
3769.0,4.080889048e-05,4.582700779e-11,0.0002757321928,9.728908819e-11,3.614224497e-05,5.001686164e-11,0.0003534210411,9.733682551e-11,8.23261963e-05,1.703102838e-11,7.730138501e-05,3.492854048e-11,1.258572268e-09,-3.2503949e-10,1.638782173e-09
3770.0,4.038960047e-05,4.399290015e-11,0.0002767493167,9.845820399e-11,3.583508813e-05,4.964164085e-11,0.0003548760798,7.951688002e-11,8.112678686e-05,1.659633119e-11,7.64030578e-05,3.42738281e-11,1.028169064e-09,-2.694860303e-10,1.369296143e-09
3771.0,4.005836649e-05,4.233260012e-11,0.000277870366,9.975222747e-11,3.553620879e-05,4.932232229e-11,0.0003552447586,8.048887871e-11,7.987248595e-05,1.614669286e-11,7.545085704e-05,3.360496307e-11,1.04074244e-09,-2.462516972e-10,1.123044446e-09
3772.0,3.974939998e-05,4.087786746e-11,0.0002790868831,2.697439117e-11,3.524384871e-05,4.90751261e-11,0.0003565506047,6.765252768e-11,7.856828123e-05,1.568581545e-11,7.444273203e-05,3.292757463e-11,8.747672258e-10,1.783956435e-10,1.301440089e-09
3773.0,3.95266863e-05,3.963153584e-11,0.0002805527024,2.734374041e-11,3.496724443e-05,4.888699317e-11,0.0003586053942,9.880036985e-11,7.72252903e-05,1.521212312e-11,7.33981104e-05,3.218874786e-11,1.277529848e-09,2.107348853e-10,1.512174974e-09
3774.0,3.936482889e-05,3.862567551e-11,0.0002823740712,2.771429622e-11,3.472401998e-05,4.878308305e-11,0.0003586526621,8.476818738e-11,7.58351324e-05,1.472856203e-11,7.229316363e-05,3.146118763e-11,1.096087233e-09,-2.398027089e-10,1.272372266e-09
3775.0,3.921218742e-05,3.785841981e-11,0.0002843821817,2.808440274e-11,3.449005453e-05,4.876317629e-11,0.0003607482023,8.193564115e-11,7.439211819e-05,1.423604783e-11,7.115462063e-05,3.06753006e-11,1.059472073e-09,-2.75076357e-10,9.972959086e-10
3776.0,3.9179449e-05,3.732135342e-11,0.0002866687101,2.844995593e-11,3.42838234e-05,4.883585402e-11,0.0003616022036,8.34238167e-11,7.29083296e-05,1.373375012e-11,6.996521232e-05,2.989720938e-11,1.078721117e-09,2.197209472e-10,1.217016856e-09
3777.0,3.916816014e-05,3.702320218e-11,0.0002892553491,2.881223292e-11,3.409738156e-05,4.900280085e-11,0.0003628872559,9.663043455e-11,7.139250842e-05,1.322397271e-11,6.875002355e-05,2.906533715e-11,1.249496857e-09,-3.246076732e-10,8.924091827e-10
3778.0,3.928793432e-05,3.693679369e-11,0.0002921442898,2.916564519e-11,3.394878467e-05,4.928111195e-11,0.000367407502,8.752983912e-11,6.983694888e-05,1.270910318e-11,6.748465768e-05,2.824766494e-11,1.131830161e-09,3.406333462e-10,1.233042529e-09
3779.0,3.95004601e-05,3.704829684e-11,0.000295309179,2.950870778e-11,3.384155605e-05,4.966406469e-11,0.0003682489269,6.655065555e-11,6.824244023e-05,1.219022672e-11,6.619853374e-05,2.738195588e-11,8.605542883e-10,1.300821776e-10,1.363124706e-09
3780.0,3.971381705e-05,3.736281144e-11,0.0002984898668,2.984942127e-11,3.375798724e-05,5.016421797e-11,0.0003716562013,6.378086267e-11,6.660960249e-05,1.166906312e-11,6.486805669e-05,2.65296675e-11,8.247475145e-10,1.224446431e-10,1.48556935e-09
3781.0,4.006274563e-05,3.783533021e-11,0.000301940882,3.018956047e-11,3.372030452e-05,5.078086906e-11,0.0003741004501,9.684864561e-11,6.494917579e-05,1.114211372e-11,6.35178761e-05,2.563902395e-11,1.252353395e-09,-3.348764654e-10,1.150692884e-09
3782.0,4.042919236e-05,3.844557903e-11,0.0003054869065,3.051735516e-11,3.371901205e-05,5.151740727e-11,0.0003765642318,9.383259079e-11,6.326671799e-05,1.06175328e-11,6.213241168e-05,2.47650957e-11,1.213358771e-09,-3.274445832e-10,8.232483009e-10
3783.0,4.08731455e-05,3.918650038e-11,0.0003090223781,3.083259573e-11,3.376706076e-05,5.23712711e-11,0.0003816879449,9.443103747e-11,6.157141458e-05,1.009213923e-11,6.072772199e-05,2.386905115e-11,1.221110515e-09,-3.334301143e-10,4.898181867e-10
3784.0,4.138887553e-05,4.002439126e-11,0.000312666388,3.113536127e-11,3.388737728e-05,5.33327365e-11,0.0003841861463,9.980142909e-11,5.986455236e-05,9.567078144e-12,5.931081476e-05,2.295621026e-11,1.290555584e-09,-3.581901832e-10,1.316280035e-10
3785.0,4.191194708e-05,4.094584118e-11,0.0003162201477,3.142812964e-11,3.40473549e-05,5.438402209e-11,0.0003886607585,7.038631534e-11,5.815878769e-05,9.044899238e-12,5.788411331e-05,2.205731046e-11,9.101921377e-10,1.591548424e-10,2.907828459e-10
3786.0,4.253189989e-05,4.194419552e-11,0.0003197022779,3.171312594e-11,3.427307674e-05,5.54974951e-11,0.0003912403949,9.155208386e-11,5.645697157e-05,8.524448445e-12,5.646090123e-05,2.114214606e-11,1.183902279e-09,4.102653296e-10,7.010481755e-10
3787.0,4.314234057e-05,4.301629013e-11,0.0003231035307,3.198754673e-11,3.455931973e-05,5.665606257e-11,0.0003958006567,7.072185101e-11,5.476729867e-05,9.966278543e-11,5.503425533e-05,2.021946948e-11,9.145404617e-10,-6.505082535e-11,6.359973502e-10
3788.0,4.382006696e-05,4.416930179e-11,0.0003264003449,3.224914277e-11,3.490397182e-05,5.786071851e-11,0.0004011166336,8.128439427e-11,5.310271577e-05,9.394209367e-11,5.362050906e-05,1.929615851e-11,1.051140414e-09,-2.207108624e-10,4.152864878e-10
3789.0,4.451366465e-05,4.539356324e-11,0.0003295988396,3.250123175e-11,3.531980746e-05,5.910105455e-11,0.0004043677015,8.690459916e-11,5.148681215e-05,8.843624112e-11,5.222926813e-05,1.83758674e-11,1.12381906e-09,-3.099876372e-10,1.052988506e-10
3790.0,4.518222361e-05,4.666431072e-11,0.0003326369994,3.2753129e-11,3.57946233e-05,6.03686661e-11,0.0004098388129,9.334260456e-11,4.991075896e-05,8.32840061e-11,5.08849733e-05,1.74667911e-11,1.207083712e-09,-3.219378029e-10,-2.166389523e-10
3791.0,4.590451217e-05,4.79667821e-11,0.0003357019823,3.299772045e-11,3.632305687e-05,6.163650586e-11,0.00041304145,9.41287217e-11,4.841378023e-05,7.836615567e-11,4.958340601e-05,1.658271041e-11,1.217257055e-09,-1.706844192e-10,-3.873233716e-10
3792.0,4.658507779e-05,4.932241036e-11,0.0003387196025,3.322825538e-11,3.688451083e-05,6.287956597e-11,0.0004178389237,9.00301936e-11,4.702323603e-05,7.381334913e-11,4.832560875e-05,1.572830972e-11,1.164262733e-09,-1.449268891e-10,-5.322502607e-10
3793.0,4.730022612e-05,5.072531171e-11,0.0003416900013,3.344521336e-11,3.749424637e-05,6.408615225e-11,0.0004242138151,7.658343602e-11,4.577100894e-05,6.981441544e-11,4.712354948e-05,1.490051054e-11,9.903810078e-10,3.579886425e-10,-1.742616182e-10
3794.0,4.802535649e-05,5.218156565e-11,0.0003445646708,3.365257448e-11,3.814371506e-05,6.524511592e-11,0.0004281048145,8.809331443e-11,4.46087823e-05,6.640158473e-11,4.600451374e-05,1.411134647e-11,1.139231406e-09,-1.327243785e-10,-3.069859967e-10
3795.0,4.868496634e-05,5.368658113e-11,0.0003472173741,3.385313409e-11,3.880595914e-05,6.635256559e-11,0.0004334313959,7.901073675e-11,4.357993772e-05,6.348000592e-11,4.495797602e-05,1.338355314e-11,1.021790895e-09,3.955603489e-10,8.857435229e-11
3796.0,4.939882269e-05,5.522096825e-11,0.000349784589,3.404014909e-11,3.949561816e-05,6.740911193e-11,0.0004383220695,9.655051105e-11,4.270904777e-05,6.126774344e-11,4.398637058e-05,1.27278053e-11,1.248633451e-09,-1.556657386e-10,-6.709138634e-11
3797.0,5.005820871e-05,5.678484354e-11,0.0003523064946,3.42153487e-11,4.019568877e-05,6.841419194e-11,0.0004423917388,7.290329743e-11,4.197780108e-05,5.977227364e-11,4.314430369e-05,1.213082099e-11,9.428263049e-10,3.475097595e-10,2.804183731e-10
3798.0,5.072662479e-05,5.837535545e-11,0.0003548451393,3.437618609e-11,4.089647028e-05,6.936938494e-11,0.0004484111784,8.263194715e-11,4.139146514e-05,5.915456152e-11,4.241973395e-05,1.16140661e-11,1.06865845e-09,3.845810646e-10,6.649994377e-10
3799.0,5.140008078e-05,6.000680841e-11,0.0003573803504,3.452546328e-11,4.160454572e-05,7.027552367e-11,0.0004520469209,8.34420641e-11,4.096499869e-05,5.938432172e-11,4.178833074e-05,1.118184829e-11,1.079138472e-09,3.807902807e-10,1.045789718e-09
3800.0,5.201493572e-05,6.167159039e-11,0.000359703848,3.466327101e-11,4.227547347e-05,7.112908535e-11,0.0004566663314,8.602761011e-11,4.067486024e-05,6.04439447e-11,4.128096212e-05,1.084486569e-11,1.112595007e-09,3.860778881e-10,1.431867607e-09
3801.0,5.266472718e-05,6.337053704e-11,0.0003618972626,3.478645701e-11,4.292291274e-05,7.193162389e-11,0.0004603946422,9.593248399e-11,4.056970654e-05,6.258110062e-11,4.089229525e-05,1.062357955e-11,1.240705673e-09,4.251509342e-10,1.857018541e-09
3802.0,5.326496046e-05,6.508732333e-11,0.0003639460313,3.489786905e-11,4.354458089e-05,7.268016688e-11,0.0004645803033,9.998964552e-11,4.0609881e-05,6.577236458e-11,4.06381536e-05,1.055788535e-11,1.293183791e-09,4.40399379e-10,2.29741792e-09
3803.0,5.387952144e-05,6.682616333e-11,0.0003659292946,3.500295745e-11,4.414209598e-05,7.337708792e-11,0.0004700195932,6.758197876e-11,4.084712191e-05,6.958387268e-11,4.054361805e-05,1.06644471e-11,8.740583501e-10,-1.271398127e-10,2.170278107e-09
3804.0,5.44824111e-05,6.858435853e-11,0.0003678010963,3.510144797e-11,4.471642954e-05,7.402022678e-11,0.0004724125439,8.07210833e-11,4.124862454e-05,7.389261901e-11,4.057769228e-05,1.09457691e-11,1.04398801e-09,-1.524511982e-10,2.017826909e-09
3805.0,5.502531457e-05,7.035537321e-11,0.0003695027283,3.518709244e-11,4.524399105e-05,7.460968699e-11,0.000477862363,7.497077662e-11,4.193899254e-05,7.858228703e-11,4.07444706e-05,1.133552071e-11,9.696243896e-10,-1.437774345e-10,1.874049474e-09
3806.0,5.560530078e-05,7.21359331e-11,0.0003711006525,3.52597127e-11,4.574080542e-05,7.514593139e-11,0.0004804050312,8.448511123e-11,4.290975745e-05,8.352943682e-11,4.103728893e-05,1.181407314e-11,1.092678253e-09,-1.637650074e-10,1.710284467e-09
3807.0,5.610579775e-05,7.392405259e-11,0.0003724862582,3.532079053e-11,4.619530244e-05,7.563256726e-11,0.0004838488356,8.487892987e-11,4.407926703e-05,8.867860488e-11,4.153793093e-05,1.23645646e-11,1.097771081e-09,-1.654575982e-10,1.544826869e-09
3808.0,5.66245629e-05,7.570308788e-11,0.0003737667081,3.53694894e-11,4.66313823e-05,7.606981285e-11,0.0004891000805,8.087858063e-11,4.542760477e-05,9.394418487e-11,4.226178828e-05,1.298082249e-11,1.046036923e-09,-1.602724156e-10,1.384554453e-09
3809.0,5.712552208e-05,7.746393311e-11,0.0003749734314,3.540518456e-11,4.704403662e-05,7.645714017e-11,0.0004906650994,9.101348636e-11,4.689900859e-05,9.931720648e-11,4.313256343e-05,1.363924094e-11,1.177107972e-09,-1.802098919e-10,1.204344561e-09
3810.0,5.755033051e-05,7.920823858e-11,0.0003759300091,3.542737248e-11,4.740833074e-05,7.679588169e-11,0.000494887989,8.40372497e-11,4.842241722e-05,8.944698174e-12,4.412621516e-05,1.433579587e-11,1.086883485e-09,-1.687384832e-10,1.035606078e-09
3811.0,5.800853086e-05,8.092351903e-11,0.0003768245262,3.543238695e-11,4.775171667e-05,7.708682638e-11,0.0004975279099,8.786196945e-11,5.000408336e-05,9.420514781e-12,4.523876144e-05,1.506316677e-11,1.13634862e-09,-1.77341755e-10,8.582643229e-10
3812.0,5.839821664e-05,8.260008079e-11,0.000377567859,3.542584862e-11,4.805529434e-05,7.733079761e-11,0.0005005264351,8.789353888e-11,5.16006043e-05,9.897669238e-12,4.646654311e-05,1.581474923e-11,1.136753573e-09,-1.785938107e-10,6.796705122e-10
3813.0,5.878009646e-05,8.423332305e-11,0.0003781203165,3.540677512e-11,4.832850369e-05,7.752837752e-11,0.0005046832953,9.736927559e-11,5.322452999e-05,1.037188048e-11,4.773939005e-05,1.658586154e-11,1.2593089e-09,-2.076959268e-10,4.719745854e-10
3814.0,5.915058997e-05,8.581569047e-11,0.0003785709197,3.537422374e-11,4.858156287e-05,7.767981529e-11,0.0005071154855,9.243641343e-11,5.487550825e-05,1.084513671e-11,4.903172795e-05,1.73716378e-11,1.195497933e-09,-1.910900559e-10,2.808845295e-10
3815.0,5.944315969e-05,8.734391697e-11,0.0003787722158,3.532795108e-11,4.878916419e-05,7.778788996e-11,0.0005096371162,7.472536958e-11,5.654100985e-05,1.131543073e-11,5.033665378e-05,1.817020363e-11,9.664397023e-10,2.816748479e-10,5.625593774e-10
3816.0,5.974471811e-05,8.881227493e-11,0.000378776985,3.526961213e-11,4.89666934e-05,7.784498518e-11,0.0005108318997,7.427219179e-11,5.820604259e-05,1.178138993e-11,5.166095819e-05,1.897196377e-11,9.605771573e-10,2.784975612e-10,8.410569386e-10
3817.0,5.998667806e-05,9.021525872e-11,0.0003786187644,3.519882426e-11,4.911885101e-05,7.785517347e-11,0.000512654429,7.540910618e-11,5.98477723e-05,1.224211351e-11,5.300433371e-05,1.977917755e-11,9.752747525e-10,2.823098328e-10,1.123366771e-09
3818.0,6.022589902e-05,9.155199295e-11,0.0003782814635,3.51187794e-11,4.924485008e-05,7.782606503e-11,0.0005149809192,7.554238027e-11,6.147725898e-05,1.269665462e-11,5.435888819e-05,2.058797378e-11,9.769981272e-10,2.608638983e-10,1.38423067e-09
3819.0,6.043653406e-05,9.281508954e-11,0.0003778341441,3.502228793e-11,4.934666813e-05,7.776285134e-11,0.000515271362,7.718691527e-11,6.308431959e-05,1.314545676e-11,5.57166233e-05,2.139593673e-11,9.982575891e-10,2.857150578e-10,1.669945728e-09
3820.0,6.057197614e-05,9.399957247e-11,0.0003771159571,3.491045357e-11,4.940799226e-05,7.765378608e-11,0.000517122993,8.844915905e-11,6.468326386e-05,1.358678917e-11,5.708773729e-05,2.219857213e-11,1.143911259e-09,-2.560561975e-10,1.41388953e-09
3821.0,6.073751201e-05,9.510602559e-11,0.0003762842309,3.478247992e-11,4.944501047e-05,7.750042712e-11,0.0005173786275,8.020505084e-11,6.62461635e-05,1.402127736e-11,5.846078818e-05,2.299423298e-11,1.037285646e-09,-2.235794775e-10,1.190310053e-09
3822.0,6.082873155e-05,9.613269466e-11,0.0003752110357,3.464032844e-11,4.944627242e-05,7.73109404e-11,0.0005175494757,9.173981526e-11,6.777770389e-05,1.444775382e-11,5.98051532e-05,2.378456406e-11,1.186456665e-09,3.371896306e-10,1.527499683e-09
3823.0,6.092040897e-05,9.708143738e-11,0.0003740061842,3.448330923e-11,4.942637063e-05,7.709265095e-11,0.0005206689888,9.29278167e-11,6.926924348e-05,1.486620019e-11,6.114690719e-05,2.456657902e-11,1.201817888e-09,-2.21849684e-10,1.305649999e-09
3824.0,6.099585997e-05,9.7948484e-11,0.0003726992432,3.431149985e-11,4.938863544e-05,7.683544188e-11,0.0005196455591,7.934311881e-11,7.073561916e-05,1.527522843e-11,6.247420336e-05,2.53355636e-11,1.026117542e-09,-2.281116087e-10,1.077538391e-09
3825.0,6.097580432e-05,9.873482546e-11,0.0003711053719,3.41276455e-11,4.930590961e-05,7.653569844e-11,0.0005203950958,7.650658457e-11,7.216563602e-05,1.567296441e-11,6.376908976e-05,2.609872094e-11,9.89431086e-10,-2.013716022e-10,8.761667883e-10
3826.0,6.098693268e-05,9.943476452e-11,0.0003693347095,3.392602302e-11,4.920762752e-05,7.620114313e-11,0.0005196690589,7.459999438e-11,7.35625124e-05,1.606160473e-11,6.505463589e-05,2.684413781e-11,9.647631645e-10,-2.169052964e-10,6.592614919e-10
3827.0,6.09208799e-05,2.723139879e-11,0.0003673514224,3.370664413e-11,4.907494008e-05,7.583815828e-11,0.0005181826813,8.068359092e-11,7.493209375e-05,1.643949792e-11,6.629461089e-05,2.758165355e-11,1.043429356e-09,-2.323575548e-10,4.269039371e-10
3828.0,6.08436992e-05,2.736350548e-11,0.0003652122732,3.346985213e-11,4.89203387e-05,7.544283692e-11,0.000518625747,7.530225242e-11,7.625755976e-05,1.680540647e-11,6.751277326e-05,2.8304627e-11,9.738319578e-10,-1.752970678e-10,2.516068692e-10
3829.0,6.0754696e-05,2.74705287e-11,0.0003629286294,3.321430725e-11,4.875532072e-05,7.501032188e-11,0.0005159136118,8.256419362e-11,7.753630153e-05,1.715991842e-11,6.868722127e-05,2.902039692e-11,1.067729624e-09,-1.848666181e-10,6.674025114e-11
3830.0,6.058804242e-05,2.75525032e-11,0.0003603204388,3.294376934e-11,4.85517455e-05,7.454868885e-11,0.0005144445418,7.362718382e-11,7.877819125e-05,1.750293983e-11,6.983982604e-05,2.971831401e-11,9.521507575e-10,-1.581054911e-10,-9.136523993e-11
3831.0,6.043431363e-05,2.760949315e-11,0.0003575132895,3.265819001e-11,4.8324355e-05,7.406439335e-11,0.0005106319987,6.816481429e-11,7.997308131e-05,1.783297592e-11,7.094694874e-05,3.040611072e-11,8.815027826e-10,-1.445557644e-10,-2.359210043e-10
3832.0,6.022205514e-05,2.764146172e-11,0.0003545234476,3.235731323e-11,4.807034346e-05,7.355314926e-11,0.0005080397075,8.40041869e-11,8.111468021e-05,1.814783045e-11,7.203716829e-05,3.107081272e-11,1.086323586e-09,-1.772951138e-10,-4.132161181e-10
3833.0,6.002912384e-05,2.76478752e-11,0.0003513813074,3.204466039e-11,4.780053677e-05,7.302045672e-11,0.0005053702984,7.293783832e-11,8.221259643e-05,1.844862855e-11,7.308485342e-05,3.172194578e-11,9.432114734e-10,-1.533307449e-10,-5.665468631e-10
3834.0,5.982152856e-05,2.762868033e-11,0.0003480933322,3.172025926e-11,4.752234142e-05,7.247174251e-11,0.0005000730171,9.94176901e-11,8.326988806e-05,1.873869417e-11,7.408347608e-05,3.235922643e-11,1.285625202e-09,-2.23332421e-10,-7.898792841e-10
3835.0,5.955767537e-05,2.75834065e-11,0.00034455095,3.138721912e-11,4.722487765e-05,7.191203494e-11,0.0004964929585,7.402786062e-11,8.427430981e-05,1.901301883e-11,7.50582543e-05,3.296627279e-11,9.572886309e-10,2.725333659e-10,-5.173459182e-10
3836.0,5.932965594e-05,2.751118576e-11,0.0003408660197,3.104431893e-11,4.691311468e-05,7.13444586e-11,0.0004901672079,7.248918542e-11,8.524276506e-05,1.927349551e-11,7.598452322e-05,3.355550429e-11,9.373803945e-10,2.641569717e-10,-2.531889465e-10
3837.0,5.902920832e-05,2.741218087e-11,0.0003369852986,3.069538373e-11,4.65780954e-05,7.077565592e-11,0.0004848443371,7.204893395e-11,8.615655514e-05,1.951859424e-11,7.686159859e-05,3.412470071e-11,9.316772875e-10,2.51927204e-10,-1.261742405e-12
3838.0,5.874934178e-05,2.728572696e-11,0.0003330628461,3.033908027e-11,4.624327414e-05,7.021454462e-11,0.0004806817371,6.946309175e-11,8.701610312e-05,1.974833526e-11,7.770692914e-05,3.466385711e-11,8.982337323e-10,-1.491198303e-10,-1.503815727e-10
3839.0,5.846492776e-05,2.713133282e-11,0.0003291101628,2.998273071e-11,4.591713611e-05,6.965970586e-11,0.0004737818582,9.774771195e-11,8.781623295e-05,1.996387284e-11,7.849327676e-05,3.518178399e-11,1.263963532e-09,3.697912887e-10,2.19409716e-10
3840.0,5.809242708e-05,9.94218066e-11,0.0003250237529,2.962489992e-11,4.557210043e-05,6.912170081e-11,0.0004679637479,8.082683831e-11,8.856083092e-05,2.016086122e-11,7.92320595e-05,3.567338529e-11,1.045157379e-09,-1.652677568e-10,5.414195918e-11
3841.0,5.774608784e-05,9.867623945e-11,0.0003209002187,2.926710365e-11,4.522562225e-05,6.859147329e-11,0.0004615865195,9.00365228e-11,8.924891924e-05,2.034117972e-11,7.991697314e-05,3.61448746e-11,1.164232619e-09,2.871226379e-10,3.412645971e-10
3842.0,5.732524538e-05,9.782741465e-11,0.0003166745575,2.891148776e-11,4.487656574e-05,6.806926244e-11,0.0004543019024,9.167318053e-11,8.988125702e-05,2.050298409e-11,8.056555173e-05,3.657998867e-11,1.185382205e-09,3.21856035e-10,6.631206321e-10
3843.0,5.689220676e-05,9.687464018e-11,0.0003124099608,2.85671861e-11,4.45368733e-05,6.75541782e-11,0.0004488817468,8.348307894e-11,9.046149596e-05,2.064813995e-11,8.115958213e-05,3.699184128e-11,1.07947493e-09,2.982913572e-10,9.614119893e-10
3844.0,5.645716411e-05,9.581798946e-11,0.0003082823842,2.823057046e-11,4.421982994e-05,6.703110297e-11,0.0004408361151,8.367326036e-11,9.098348728e-05,2.077448907e-11,8.170434731e-05,3.73776527e-11,1.081916875e-09,2.731638763e-10,1.234575866e-09
3845.0,5.593247527e-05,9.465703925e-11,0.0003040820611,2.790484691e-11,4.389206077e-05,6.650313707e-11,0.0004334186745,9.215597205e-11,9.141781062e-05,2.088042431e-11,8.219954099e-05,3.772972007e-11,1.191596473e-09,3.58570955e-10,1.593146821e-09
3846.0,5.541781913e-05,9.339903814e-11,0.0002999675093,2.759461351e-11,4.357381396e-05,6.596914265e-11,0.0004248886834,7.514834386e-11,9.183286748e-05,2.096990711e-11,8.263907978e-05,3.805395667e-11,9.716771857e-10,2.497789391e-10,1.84292576e-09
3847.0,5.48373584e-05,9.204249229e-11,0.0002959412425,2.73025441e-11,4.326367799e-05,6.542213525e-11,0.0004167464532,8.276608241e-11,9.217110633e-05,2.104086083e-11,8.303838118e-05,3.833894223e-11,1.070167488e-09,-1.851285844e-10,1.657797175e-09
3848.0,5.425989093e-05,9.058729556e-11,0.0002921473211,2.702708823e-11,4.296242831e-05,6.486000752e-11,0.0004100980278,8.306163186e-11,9.244494743e-05,2.109119719e-11,8.337343105e-05,3.859668773e-11,1.073987588e-09,3.484701675e-10,2.006267343e-09
3849.0,5.36701203e-05,8.904036273e-11,0.0002886148913,2.677091552e-11,4.267379438e-05,6.428524578e-11,0.0004004783213,8.251669206e-11,9.265253917e-05,2.112316515e-11,8.36525012e-05,3.882233427e-11,1.066931379e-09,-2.596172469e-10,1.746650096e-09
3850.0,5.301579671e-05,8.740425005e-11,0.0002852777568,9.94177833e-11,4.23703703e-05,6.369605549e-11,0.0003944419087,9.193965648e-11,9.279184595e-05,2.113665468e-11,8.388045841e-05,3.901515719e-11,1.188769389e-09,-1.336863218e-10,1.612963774e-09
3851.0,5.239932874e-05,8.568493072e-11,0.0002822460145,9.864437309e-11,4.20684653e-05,6.308864415e-11,0.0003860857784,9.166314619e-11,9.286486136e-05,2.112860418e-11,8.406224283e-05,3.917347576e-11,1.185191652e-09,-2.955962946e-10,1.31736748e-09
3852.0,5.17108358e-05,8.388689122e-11,0.0002795119603,9.79530386e-11,4.175377079e-05,6.24627619e-11,0.0003793838219,7.36543569e-11,9.287423868e-05,2.110085089e-11,8.419048207e-05,3.929718321e-11,9.523387578e-10,-8.202077794e-11,1.235346702e-09
3853.0,5.104017678e-05,8.201839547e-11,0.0002772916239,9.734619246e-11,4.144988512e-05,6.182856017e-11,0.0003751955443,9.611644878e-11,9.28312001e-05,2.105463206e-11,8.425851811e-05,3.938838297e-11,1.24277114e-09,-1.478150934e-10,1.087531608e-09
3854.0,5.036555666e-05,8.008173734e-11,0.0002754625488,9.682322694e-11,4.114356493e-05,6.118214972e-11,0.0003679806705,9.447668883e-11,9.270030485e-05,2.098832575e-11,8.426625076e-05,3.944932601e-11,1.221559843e-09,-1.009752696e-10,9.865563386e-10
3855.0,4.962709626e-05,7.808066173e-11,0.0002739174314,9.636360929e-11,4.081847014e-05,6.051996153e-11,0.0003637671831,8.77984901e-11,9.249976603e-05,2.090155205e-11,8.423225919e-05,3.946528255e-11,1.13521661e-09,-3.122208526e-10,6.743354861e-10
3856.0,4.89474441e-05,7.602003852e-11,0.0002727265,9.600706685e-11,4.049883452e-05,5.984572633e-11,0.0003587384012,7.035642511e-11,9.223711287e-05,2.079706795e-11,8.412840836e-05,3.944964125e-11,9.096929951e-10,3.231627461e-10,9.974982322e-10
3857.0,4.822656832e-05,7.390853983e-11,0.00027179209,9.57294946e-11,4.016994128e-05,5.916996614e-11,0.0003549493107,9.119384566e-11,9.190624117e-05,2.066936632e-11,8.396824883e-05,3.9396396e-11,1.179113001e-09,4.631870632e-10,1.460685295e-09
3858.0,4.752525239e-05,7.174949997e-11,0.0002711179972,9.55551776e-11,3.983693258e-05,5.849045167e-11,0.0003529160143,8.341071439e-11,9.15035345e-05,2.052243569e-11,8.374262087e-05,3.93068198e-11,1.078484344e-09,-3.027856153e-10,1.15789968e-09
3859.0,4.685381062e-05,6.955566095e-11,0.0002707469184,9.545716099e-11,3.950893271e-05,5.780864767e-11,0.0003504641045,8.854716411e-11,9.103061895e-05,2.035648621e-11,8.346300491e-05,3.918160058e-11,1.144890599e-09,3.983545636e-10,1.556254244e-09
3860.0,4.613824941e-05,6.733720122e-11,0.0002705379229,9.545202618e-11,3.916994073e-05,5.713174482e-11,0.0003493252611,9.755954193e-11,9.048794091e-05,2.016856975e-11,8.311502729e-05,3.902215668e-11,1.261425134e-09,-2.99178211e-10,1.257076033e-09
3861.0,4.547628441e-05,6.510489123e-11,0.0002705628521,9.550759742e-11,3.882566448e-05,5.646879112e-11,0.0003478021181,9.153048668e-11,8.986908545e-05,1.996503092e-11,8.272334012e-05,3.881723965e-11,1.18347313e-09,-3.202131463e-10,9.368628865e-10
3862.0,4.480539672e-05,6.286633079e-11,0.0002707520718,9.564466812e-11,3.848664294e-05,5.581390651e-11,0.0003476217691,9.177345449e-11,8.918664529e-05,1.974876278e-11,8.226366413e-05,3.858086038e-11,1.186613866e-09,2.807354919e-10,1.217598378e-09
3863.0,4.417546952e-05,6.062763247e-11,0.0002710890297,9.586166503e-11,3.815059919e-05,5.517982443e-11,0.0003485726116,6.993352498e-11,8.844012517e-05,1.950731622e-11,8.175223971e-05,3.83063345e-11,9.04231932e-10,2.43073434e-10,1.460671812e-09
3864.0,4.35739952e-05,5.840943515e-11,0.0002715852825,9.618270248e-11,3.782510315e-05,5.457168845e-11,0.000347768985,6.642545835e-11,8.762341671e-05,1.924765491e-11,8.118057371e-05,3.800043966e-11,8.588707277e-10,1.634481055e-10,1.624119918e-09
3865.0,4.294792707e-05,5.622562765e-11,0.0002721181207,9.65896016e-11,3.749363458e-05,5.398534566e-11,0.0003491104587,9.521057631e-11,8.674082585e-05,1.897129467e-11,8.054586846e-05,3.76624893e-11,1.231066088e-09,-2.484428293e-10,1.375677089e-09
3866.0,4.240114744e-05,5.408319973e-11,0.0002727540051,9.711652041e-11,3.716518273e-05,5.342388638e-11,0.0003489784131,9.682435023e-11,8.579296295e-05,1.867813499e-11,7.987233891e-05,3.728246788e-11,1.251935999e-09,3.635351755e-10,1.739212264e-09
3867.0,4.183886976e-05,5.19967284e-11,0.0002734393015,9.775737687e-11,3.683211734e-05,5.290072142e-11,0.000349263554,7.378796004e-11,8.478940621e-05,1.83675567e-11,7.913229969e-05,3.687653887e-11,9.540788683e-10,2.04122873e-10,1.943335137e-09
3868.0,4.134636065e-05,4.997512243e-11,0.0002742800338,9.850431121e-11,3.650660739e-05,5.242016365e-11,0.0003527690468,9.756820117e-11,8.371554702e-05,1.804179774e-11,7.83411757e-05,3.643590961e-11,1.261565201e-09,3.157944568e-10,2.259129594e-09
3869.0,4.090691542e-05,4.802879002e-11,0.0002752926602,9.936750722e-11,3.620482966e-05,5.19676037e-11,0.0003523986274,8.988405698e-11,8.259415804e-05,1.769889574e-11,7.7492861e-05,3.596512401e-11,1.162206257e-09,-2.184069631e-10,2.040722631e-09
3870.0,4.046143111e-05,4.616682565e-11,0.0002762482742,2.680784918e-11,3.589295879e-05,5.156953524e-11,0.0003544293752,6.973441452e-11,8.141223536e-05,1.733884617e-11,7.660884319e-05,3.545299223e-11,9.016798439e-10,1.945942268e-10,2.235316858e-09
3871.0,4.012846012e-05,4.441465537e-11,0.0002773852947,2.708833454e-11,3.5596893e-05,5.12340291e-11,0.0003551360501,8.558770207e-11,8.017332145e-05,1.696387533e-11,7.56695062e-05,3.491128172e-11,1.106670052e-09,-2.405353284e-10,1.994781529e-09
3872.0,3.980146431e-05,4.278072986e-11,0.0002785552967,2.738155145e-11,3.530179479e-05,5.094682648e-11,0.0003555158066,8.422013391e-11,7.888286916e-05,1.657454054e-11,7.467621627e-05,3.433858147e-11,1.088991382e-09,3.364732072e-10,2.331254737e-09
3873.0,3.955437894e-05,4.128441905e-11,0.0002799153287,2.768659114e-11,3.501501245e-05,5.072944638e-11,0.0003582100696,9.542806084e-11,7.75521412e-05,1.617117871e-11,7.36460124e-05,3.372790603e-11,1.233923442e-09,2.653669473e-10,2.596621684e-09
3874.0,3.938628021e-05,3.997340364e-11,0.0002816816532,2.800193106e-11,3.477072492e-05,5.060615475e-11,0.0003582283056,8.278019058e-11,7.617652186e-05,1.575361532e-11,7.255469109e-05,3.309366152e-11,1.07037957e-09,-1.860906184e-10,2.410531065e-09
3875.0,3.92189767e-05,3.886214964e-11,0.0002836262677,2.832448348e-11,3.453209564e-05,5.056374384e-11,0.0003601028815,8.674934859e-11,7.474783243e-05,1.532247421e-11,7.142881097e-05,3.242567112e-11,1.121714689e-09,2.064724829e-10,2.617003548e-09
3876.0,3.915990265e-05,3.79613761e-11,0.0002858075195,2.865014276e-11,3.431602404e-05,5.060777737e-11,0.0003604625574,8.120751953e-11,7.32754796e-05,1.487894138e-11,7.025147385e-05,3.173337847e-11,1.05006176e-09,-2.726716172e-10,2.344331931e-09
3877.0,3.913165398e-05,3.728309055e-11,0.0002883254461,2.897601914e-11,3.412147925e-05,5.077537592e-11,0.0003628677492,8.078141347e-11,7.177075919e-05,1.441974139e-11,6.904710175e-05,3.100666443e-11,1.044555768e-09,2.186514437e-10,2.562983375e-09
3878.0,3.922751871e-05,3.682103261e-11,0.0002911503021,2.929566869e-11,3.396777873e-05,5.103411358e-11,0.0003660342553,9.84958456e-11,7.022689383e-05,1.395184318e-11,6.77930532e-05,3.026446716e-11,1.27362901e-09,-3.877342141e-10,2.175249161e-09
3879.0,3.940984931e-05,3.657418962e-11,0.0002942359242,2.961432999e-11,3.384592673e-05,5.139721537e-11,0.0003674104259,6.0412098e-11,6.864573446e-05,1.347553713e-11,6.651731261e-05,2.948723215e-11,7.811773408e-10,-1.298243338e-10,2.045424827e-09
3880.0,3.961905362e-05,3.655957124e-11,0.0002974112253,2.99334978e-11,3.375810531e-05,5.188674444e-11,0.0003710964917,9.278962893e-11,6.702292327e-05,1.298923241e-11,6.519726034e-05,2.869185937e-11,1.199856808e-09,2.134513237e-10,2.258876151e-09
3881.0,3.994476576e-05,3.673225656e-11,0.000300786608,3.025246491e-11,3.37062923e-05,5.248299955e-11,0.0003725601748,7.086757709e-11,6.537061526e-05,1.249287987e-11,6.385487859e-05,2.787123988e-11,9.163901779e-10,-1.861282223e-10,2.072747928e-09
3882.0,4.028723342e-05,3.709335145e-11,0.0003042978451,3.056523153e-11,3.368802397e-05,5.319865158e-11,0.0003755868149,7.455965507e-11,6.369430303e-05,1.198848286e-11,6.24770317e-05,2.703815893e-11,9.641380067e-10,-2.089634734e-10,1.863784455e-09
3883.0,4.072230302e-05,3.760368024e-11,0.000307850703,3.08677608e-11,3.372888014e-05,5.401573395e-11,0.0003805638399,9.130976812e-11,6.200476329e-05,1.147749029e-11,6.108041794e-05,2.618067715e-11,1.180746537e-09,-1.874309413e-10,1.676353514e-09
3884.0,4.122429661e-05,3.827058626e-11,0.0003114931931,3.116313311e-11,3.383248221e-05,5.493906835e-11,0.000382970728,7.228893943e-11,6.03002665e-05,1.096164902e-11,5.966765309e-05,2.530492321e-11,9.347838791e-10,-1.451244031e-10,1.531229111e-09
3885.0,4.172394773e-05,3.906609073e-11,0.0003150352167,3.144869717e-11,3.397259656e-05,5.592891903e-11,0.0003869381069,8.941835389e-11,5.85944035e-05,1.044507017e-11,5.824158421e-05,2.441903287e-11,1.156301018e-09,-1.830818315e-10,1.348147279e-09
3886.0,4.233680939e-05,3.99679321e-11,0.0003185624278,3.172637217e-11,3.418235944e-05,5.697528579e-11,0.0003906978979,6.735735107e-11,5.689208032e-05,9.92467955e-12,5.682020363e-05,2.351518521e-11,8.710269801e-10,-1.898367761e-10,1.158310503e-09
3887.0,4.294209604e-05,4.095700062e-11,0.0003219876686,3.199066302e-11,3.445158693e-05,5.806001381e-11,0.0003939741269,7.52571883e-11,5.519900406e-05,9.403439631e-12,5.539509316e-05,2.259876975e-11,9.731879467e-10,-2.968436037e-10,8.614668994e-10
3888.0,4.360012601e-05,4.202545843e-11,0.0003252955719,3.224355123e-11,3.477909784e-05,5.919468985e-11,0.0003997453174,9.046427283e-11,5.352519125e-05,8.887028106e-12,5.397598094e-05,2.16748038e-11,1.169850489e-09,2.784596094e-10,1.139926509e-09
3889.0,4.430170355e-05,4.31872731e-11,0.0003285545616,3.248707691e-11,3.518122566e-05,6.036385606e-11,0.0004033692156,7.911653408e-11,5.18991892e-05,8.372847332e-12,5.257821506e-05,2.074778848e-11,1.023103167e-09,2.686464705e-10,1.408572979e-09
3890.0,4.496469024e-05,4.441952543e-11,0.0003316026163,3.272664241e-11,3.563450178e-05,6.156847959e-11,0.0004078397027,8.964910037e-11,5.031067183e-05,9.647658039e-11,5.122168953e-05,1.982067071e-11,1.159317691e-09,-1.868344897e-10,1.22173849e-09
3891.0,4.567820672e-05,4.571889882e-11,0.0003346394308,3.296123221e-11,3.614309488e-05,6.27957295e-11,0.0004116849626,7.505292558e-11,4.878974244e-05,9.079785929e-11,4.990863323e-05,1.889613088e-11,9.705699372e-10,-1.509077829e-10,1.070830707e-09
3892.0,4.636344015e-05,4.707881254e-11,0.0003376881627,3.318898248e-11,3.670175064e-05,6.403508869e-11,0.0004163226386,7.061395822e-11,4.7364384e-05,8.540046544e-11,4.863723973e-05,1.797793957e-11,9.131725813e-10,-1.40628601e-10,9.302021057e-10
3893.0,4.707997582e-05,4.848508874e-11,0.0003407024342,3.340578977e-11,3.7300645e-05,6.526494001e-11,0.0004225939286,9.139924598e-11,4.607830963e-05,8.036681007e-11,4.741948025e-05,1.707199471e-11,1.18197818e-09,-1.787714003e-10,7.514307054e-10
3894.0,4.780011978e-05,4.994779991e-11,0.0003435871289,3.361642999e-11,3.793923504e-05,6.647601381e-11,0.0004260081853,9.561585451e-11,4.489246125e-05,7.577970243e-11,4.627714481e-05,1.618954709e-11,1.236510239e-09,-1.86322527e-10,5.651081784e-10
3895.0,4.846574753e-05,5.146816495e-11,0.0003462954125,3.381864029e-11,3.859437222e-05,6.764831582e-11,0.0004325350089,6.044448077e-11,4.382020043e-05,7.183725583e-11,4.521187438e-05,1.53381054e-11,7.816821096e-10,-1.193015968e-10,4.458065816e-10
3896.0,4.918506252e-05,5.303127206e-11,0.0003488984034,3.401000115e-11,3.927940678e-05,6.877975745e-11,0.0004362647079,7.023999824e-11,4.291160393e-05,6.86959103e-11,4.421979491e-05,1.453194544e-11,9.083723383e-10,-1.444464488e-10,3.013601329e-10
3897.0,4.98366476e-05,5.463583863e-11,0.0003513822499,3.419186118e-11,3.997185684e-05,6.98601998e-11,0.0004409353056,6.951091201e-11,4.214568138e-05,6.620227253e-11,4.333731776e-05,1.37856339e-11,8.989513038e-10,-1.422738937e-10,1.590862391e-10
3898.0,5.051986995e-05,5.628447594e-11,0.0003539582704,3.436124216e-11,4.068041225e-05,7.088981138e-11,0.0004473459388,9.717524674e-11,4.150696297e-05,6.436811505e-11,4.258515153e-05,1.311289839e-11,1.256738682e-09,-2.456984031e-10,-8.661216401e-11
3899.0,5.119299104e-05,5.797008047e-11,0.0003565146929,3.451804197e-11,4.138873834e-05,7.186375353e-11,0.0004500377714,8.37395906e-11,4.10463337e-05,6.324574449e-11,4.192406251e-05,1.252210372e-11,1.082984598e-09,-1.826261977e-10,-2.692383617e-10
3900.0,5.180324701e-05,5.969503213e-11,0.0003588455745,3.466394409e-11,4.206135434e-05,7.278716574e-11,0.0004553125788,9.4963263e-11,4.070327571e-05,6.293251114e-11,4.138192461e-05,1.201012127e-11,1.228156391e-09,-2.220275004e-10,-4.91265862e-10
3901.0,5.246181599e-05,6.144290727e-11,0.0003611088594,3.480131461e-11,4.272064846e-05,7.365783395e-11,0.0004590074977,8.979146201e-11,4.056115659e-05,6.345211655e-11,4.096098863e-05,1.158013438e-11,1.161280983e-09,-1.974917172e-10,-6.887575792e-10
3902.0,5.306745382e-05,6.321921438e-11,0.0003631983419,3.492919081e-11,4.334907657e-05,7.447137013e-11,0.0004631441183,7.379313629e-11,4.054889505e-05,6.476503156e-11,4.066723129e-05,1.124094294e-11,9.543786369e-10,-1.513123355e-10,-8.400699147e-10
3903.0,5.36775514e-05,6.502528445e-11,0.0003651734098,3.504554992e-11,4.395237551e-05,7.522823477e-11,0.000468199627,9.686917751e-11,4.07404274e-05,6.695873561e-11,4.053158833e-05,1.106411558e-11,1.252836628e-09,-2.166950966e-10,-1.056765011e-09
3904.0,5.429075159e-05,6.685601043e-11,0.0003671074379,3.515266157e-11,4.453625965e-05,7.592745143e-11,0.0004717553178,6.468023997e-11,4.108423545e-05,7.022424995e-11,4.052960633e-05,1.105060273e-11,8.365255598e-10,-1.315026803e-10,-1.188267692e-09
3905.0,5.484045657e-05,6.871180832e-11,0.0003688431009,3.525187423e-11,4.507506765e-05,7.65698854e-11,0.0004760391526,6.958212071e-11,4.169026149e-05,7.432530961e-11,4.065930324e-05,1.120584183e-11,8.99930001e-10,-1.427702706e-10,-1.331037962e-09
3906.0,5.541501048e-05,7.057988034e-11,0.0003704521857,3.534452551e-11,4.557602891e-05,7.71512543e-11,0.0004791881021,9.909621464e-11,4.258917124e-05,7.894957122e-11,4.091622915e-05,1.15238855e-11,1.281650454e-09,3.388855042e-10,-9.92152458e-10
3907.0,5.593459341e-05,7.245491303e-11,0.0003719157621,3.542654107e-11,4.604557872e-05,7.767445207e-11,0.0004829930688,8.178140067e-11,4.37068322e-05,8.395323128e-11,4.134785088e-05,1.198103477e-11,1.057709321e-09,2.794412034e-10,-7.127112546e-10
3908.0,5.645797767e-05,7.433364274e-11,0.0003732258562,3.549979727e-11,4.648730053e-05,7.814122661e-11,0.0004873860339,6.307084869e-11,4.500322606e-05,8.930288561e-11,4.20153326e-05,1.253783291e-11,8.157229948e-10,-1.298383152e-10,-8.425495698e-10
3909.0,5.695730609e-05,7.622237453e-11,0.0003744444806,3.556004702e-11,4.690472416e-05,7.855171584e-11,0.000489605198,7.818185674e-11,4.645425356e-05,9.486605529e-11,4.285265562e-05,1.317729416e-11,1.011152092e-09,2.671214576e-10,-5.754281121e-10
3910.0,5.739452265e-05,7.810936843e-11,0.0003754664919,3.561066929e-11,4.728240636e-05,7.890335059e-11,0.0004937764596,8.420918606e-11,4.796352293e-05,8.579084246e-12,4.381322743e-05,1.388831907e-11,1.089108798e-09,2.877985221e-10,-2.8762959e-10
3911.0,5.786094533e-05,7.997837546e-11,0.0003763909336,3.565179942e-11,4.763363523e-05,7.920016364e-11,0.0004963266521,8.194777182e-11,4.952999924e-05,9.094863582e-12,4.488870033e-05,1.465367595e-11,1.059859324e-09,2.800626372e-10,-7.566952808e-12
3912.0,5.825016158e-05,8.182008528e-11,0.000377154535,3.567787506e-11,4.794418965e-05,7.9443399e-11,0.0004989035203,8.210226067e-11,5.112243766e-05,9.614665691e-12,4.60882264e-05,1.545757654e-11,1.061854445e-09,2.806053774e-10,2.730384245e-10
3913.0,5.864447985e-05,8.362547928e-11,0.0003777746897,3.569545195e-11,4.822817173e-05,7.962992726e-11,0.0005042777963,9.125074231e-11,5.273470339e-05,1.013598108e-11,4.735136227e-05,1.628848774e-11,1.180175673e-09,3.119908115e-10,5.850292361e-10
3914.0,5.902543658e-05,8.538161598e-11,0.0003782818668,3.570171447e-11,4.849078386e-05,7.975904552e-11,0.0005056100923,9.990175611e-11,5.438073716e-05,1.065667224e-11,4.864250657e-05,1.714161957e-11,1.292049951e-09,3.383803313e-10,9.234095673e-10
3915.0,5.931594534e-05,8.707993117e-11,0.0003785048961,3.569742264e-11,4.870481166e-05,7.983522467e-11,0.0005088069831,8.442006067e-11,5.604233721e-05,1.117804295e-11,4.994190606e-05,1.800896199e-11,1.091824723e-09,2.8856587e-10,1.211975437e-09
3916.0,5.964035024e-05,8.871312774e-11,0.0003785931029,3.568075068e-11,4.889309907e-05,7.985876873e-11,0.0005104923922,8.473815145e-11,5.770849839e-05,1.169534836e-11,5.126059892e-05,1.888554092e-11,1.095934647e-09,2.897322916e-10,1.501707729e-09
3917.0,5.988662902e-05,9.027435978e-11,0.0003784843713,3.565087167e-11,4.905216552e-05,7.982204281e-11,0.0005114199393,9.891585966e-11,5.93564929e-05,1.22081903e-11,5.25973802e-05,1.977277657e-11,1.279291092e-09,2.994518498e-10,1.801159579e-09
3918.0,6.012834899e-05,9.176093109e-11,0.0003781663399,3.560604757e-11,4.918172288e-05,7.973617081e-11,0.000514466562,7.892352165e-11,6.099120899e-05,1.271628668e-11,5.395082522e-05,2.066280384e-11,1.020729341e-09,2.702957212e-10,2.0714553e-09
3919.0,6.035418553e-05,9.316861766e-11,0.0003777856739,3.554736908e-11,4.929820606e-05,7.959900577e-11,0.0005147645545,8.03575404e-11,6.260033593e-05,1.321860824e-11,5.530418276e-05,2.155364893e-11,1.039264391e-09,-2.140327729e-10,1.857422527e-09
3920.0,6.049806523e-05,9.449106655e-11,0.0003771346605,3.547472579e-11,4.936697616e-05,7.941168173e-11,0.0005165803333,8.607590697e-11,6.420204573e-05,1.371364578e-11,5.667367949e-05,2.242996053e-11,1.113219235e-09,-2.743037289e-10,1.583118798e-09
3921.0,6.066439524e-05,9.57309317e-11,0.000376318179,3.538050302e-11,4.940882574e-05,7.9174887e-11,0.0005164288244,9.686609293e-11,6.577363544e-05,1.420122914e-11,5.804673027e-05,2.329232673e-11,1.252763488e-09,-2.303070122e-10,1.352811786e-09
3922.0,6.076612457e-05,9.688703957e-11,0.0003753194698,3.526449306e-11,4.941833206e-05,7.888944881e-11,0.0005179026233,9.232385494e-11,6.731573939e-05,1.468000235e-11,5.939434239e-05,2.41805665e-11,1.194010986e-09,3.065750586e-10,1.659386844e-09
3923.0,6.08695288e-05,9.795824632e-11,0.0003741689881,3.512887448e-11,4.940821634e-05,7.855951696e-11,0.0005196867174,9.976909863e-11,6.881655352e-05,1.514957307e-11,6.073885457e-05,2.504164824e-11,1.290297654e-09,2.578742077e-10,1.917261052e-09
3924.0,6.094244088e-05,9.894340992e-11,0.0003728615487,3.497349017e-11,4.937461663e-05,7.818560336e-11,0.0005193341813,7.446331534e-11,7.028956578e-05,1.560769116e-11,6.207164035e-05,2.587000332e-11,9.63011405e-10,-1.61143948e-10,1.756117104e-09
3925.0,6.094570489e-05,9.983827515e-11,0.000371365318,3.479834116e-11,4.930390276e-05,7.776832786e-11,0.0005205702001,8.441468609e-11,7.172722472e-05,1.605258794e-11,6.33724361e-05,2.672409697e-11,1.091705888e-09,-1.756093673e-10,1.580507737e-09
3926.0,6.096273602e-05,2.743227944e-11,0.0003696501825,3.460673475e-11,4.921053238e-05,7.73104619e-11,0.0005190278113,6.386366166e-11,7.313249742e-05,1.648757633e-11,6.466300637e-05,2.752610186e-11,8.259190528e-10,-1.777420424e-10,1.402765694e-09
3927.0,6.089898588e-05,2.76168705e-11,0.0003676859333,3.440156876e-11,4.908106126e-05,7.681064386e-11,0.0005183446873,6.128169018e-11,7.45094109e-05,1.690991328e-11,6.59127177e-05,2.835219119e-11,7.925189606e-10,4.057358099e-11,1.443339275e-09
3928.0,6.083626853e-05,2.777416694e-11,0.0003656241925,3.417956094e-11,4.893971736e-05,7.626979572e-11,0.0005187934225,8.02388316e-11,7.584798417e-05,1.731889207e-11,6.714011386e-05,2.912549838e-11,1.03767565e-09,-3.99573207e-10,1.043766068e-09
3929.0,6.075788046e-05,2.79045304e-11,0.0003634083653,3.393739005e-11,4.878043102e-05,7.569672146e-11,0.0005161443982,9.259694543e-11,7.713922816e-05,1.771357387e-11,6.832222255e-05,2.992316513e-11,1.197475758e-09,4.382139225e-11,1.087587461e-09
3930.0,6.059118036e-05,2.800815141e-11,0.0003608448097,3.367448722e-11,4.858147539e-05,7.508898421e-11,0.0005144066693,8.558487818e-11,7.839030103e-05,1.809298545e-11,6.94845559e-05,3.065940812e-11,1.106791978e-09,-4.255641441e-10,6.620233166e-10
3931.0,6.045310392e-05,2.808430696e-11,0.0003581165481,3.339114233e-11,4.83616019e-05,7.444618437e-11,0.0005119088173,9.74147874e-11,7.959830596e-05,1.845670362e-11,7.060039936e-05,3.141887412e-11,1.259765082e-09,9.205123271e-11,7.540745493e-10
3932.0,6.02467691e-05,2.813360432e-11,0.000355185258,3.308667653e-11,4.811586645e-05,7.378034393e-11,0.0005082496065,8.330326837e-11,8.075441048e-05,1.880552742e-11,7.169759019e-05,3.211020062e-11,1.077262643e-09,-4.072416635e-10,3.468328858e-10
3933.0,6.004638678e-05,2.815553226e-11,0.0003520580969,3.276440519e-11,4.784732395e-05,7.308943722e-11,0.0005062133761,7.818969757e-11,8.186239471e-05,1.913024738e-11,7.275523904e-05,3.280458625e-11,1.011131833e-09,-2.705921241e-10,7.624076171e-11
3934.0,5.985692448e-05,2.81503518e-11,0.0003488558605,3.242369961e-11,4.757892276e-05,7.237691166e-11,0.0005014139377,7.295743485e-11,8.293197549e-05,1.944500204e-11,7.376562366e-05,3.34978859e-11,9.434533728e-10,1.257505859e-10,2.019913476e-10
3935.0,5.959364388e-05,2.811708953e-11,0.0003453632157,3.206617965e-11,4.728207371e-05,7.165337431e-11,0.0004970689101,8.895788471e-11,8.395585227e-05,1.974262765e-11,7.475087117e-05,3.411958738e-11,1.150359038e-09,-3.952825059e-10,-1.932911583e-10
3936.0,5.9364844e-05,2.805462184e-11,0.0003416976889,3.16991466e-11,4.697046578e-05,7.09223673e-11,0.0004914880924,9.885645682e-11,8.492921121e-05,2.002001741e-11,7.568724137e-05,3.473921867e-11,1.27834841e-09,-4.311413728e-10,-6.244325311e-10
3937.0,5.907636036e-05,2.796301437e-11,0.0003378830396,3.131752253e-11,4.664591031e-05,7.019344849e-11,0.0004861732082,8.938584624e-11,8.585790177e-05,2.028008193e-11,7.657629493e-05,3.535547713e-11,1.155867436e-09,1.58275603e-10,-4.66156928e-10
3938.0,5.880158767e-05,2.784132816e-11,0.0003339947164,3.09274319e-11,4.631294887e-05,6.947269967e-11,0.0004820468797,8.212429101e-11,8.673192623e-05,2.052167345e-11,7.743564452e-05,3.589660535e-11,1.061959968e-09,1.497333308e-10,-3.164235973e-10
3939.0,5.851722314e-05,2.768945839e-11,0.0003300271296,3.052782511e-11,4.598341458e-05,6.877209184e-11,0.0004747274133,9.353184927e-11,8.754828631e-05,2.074553248e-11,7.823546065e-05,3.643312379e-11,1.209454296e-09,1.765332291e-10,-1.398903681e-10
3940.0,5.815775138e-05,2.750694314e-11,0.0003259836668,3.01229601e-11,4.56416456e-05,6.809435446e-11,0.0004702125283,8.643993594e-11,8.830804154e-05,2.094806649e-11,7.898617238e-05,3.69378418e-11,1.117742938e-09,1.665546397e-10,2.666427156e-11
3941.0,5.782453353e-05,2.729383904e-11,0.0003218981601,2.971554868e-11,4.529672888e-05,6.743785519e-11,0.0004627034481,8.038847642e-11,8.901226555e-05,2.113021642e-11,7.968507458e-05,3.743624408e-11,1.039480448e-09,1.577494837e-10,1.844137553e-10
3942.0,5.740141199e-05,9.973912097e-11,0.0003176590623,2.930625748e-11,4.494393829e-05,6.679793622e-11,0.000455993444,8.691836892e-11,8.96595732e-05,2.129020195e-11,8.034707271e-05,3.784982462e-11,1.123904159e-09,1.728660942e-10,3.572798494e-10
3943.0,5.698851286e-05,9.876897347e-11,0.0003134396435,2.890013643e-11,4.460652428e-05,6.617643285e-11,0.0004510090594,8.158218671e-11,9.025394971e-05,2.142863477e-11,8.095295095e-05,3.825424788e-11,1.054897867e-09,1.65321415e-10,5.226012644e-10
3944.0,5.655989149e-05,9.768856452e-11,0.0003092875094,2.849991824e-11,4.428610891e-05,6.555992802e-11,0.0004421111351,9.624346294e-11,9.079278187e-05,2.154533486e-11,8.151240261e-05,3.862478064e-11,1.244456653e-09,2.196096771e-10,7.422109415e-10
3945.0,5.603799274e-05,9.649802164e-11,0.0003050501046,2.810902992e-11,4.39516219e-05,6.494808649e-11,0.0004355021255,9.817155194e-11,9.124955021e-05,2.16397662e-11,8.202100143e-05,3.896006653e-11,1.269382339e-09,1.994443139e-10,9.416552554e-10
3946.0,5.554090854e-05,9.520282862e-11,0.0003009382118,2.772789287e-11,4.363688311e-05,6.433842006e-11,0.0004269763967,9.612421311e-11,9.167819507e-05,2.171223364e-11,8.247499567e-05,3.928330989e-11,1.242900876e-09,1.963811736e-10,1.138036429e-09
3947.0,5.496888082e-05,9.380439049e-11,0.0002968917919,2.736051091e-11,4.332488411e-05,6.372875371e-11,0.0004188010875,7.345536322e-11,9.203211839e-05,2.17620789e-11,8.288916906e-05,3.951499052e-11,9.497808861e-10,-2.730785006e-10,8.649579285e-10
3948.0,5.43924625e-05,9.229961968e-11,0.0002930139768,2.701366172e-11,4.301962315e-05,6.31116329e-11,0.0004117225196,8.853999426e-11,9.232558882e-05,2.178803292e-11,8.323989169e-05,3.973438574e-11,1.144825423e-09,2.089085035e-10,1.073866432e-09
3949.0,5.381296004e-05,9.06941312e-11,0.0002894350393,2.668859082e-11,4.273167082e-05,6.248812331e-11,0.0004032188259,8.184686269e-11,9.255138844e-05,2.17918611e-11,8.35334959e-05,3.991404335e-11,1.058272075e-09,-3.02497022e-10,7.7136941e-10
3950.0,5.31660051e-05,8.899154191e-11,0.0002860336718,9.893908691e-11,4.243032932e-05,6.186292487e-11,0.0003958332773,9.246985023e-11,9.270887593e-05,2.177295895e-11,8.377639098e-05,4.005485829e-11,1.195626113e-09,2.197770932e-10,9.911465033e-10
3951.0,5.254432486e-05,8.719875747e-11,0.0002828936678,9.792762124e-11,4.212534663e-05,6.122521319e-11,0.0003879302109,7.876286212e-11,9.280005597e-05,2.172984584e-11,8.396945524e-05,4.015702028e-11,1.018395004e-09,1.722336561e-10,1.163380159e-09
3952.0,5.187515707e-05,8.531567683e-11,0.0002800764345,9.701712401e-11,4.181815614e-05,6.05841613e-11,0.0003813929692,9.267633257e-11,9.282839592e-05,2.166273335e-11,8.411544908e-05,4.021757651e-11,1.198290031e-09,-3.377182742e-10,8.256618852e-10
3953.0,5.120723286e-05,8.335020304e-11,0.0002777321278,9.620781021e-11,4.15126607e-05,5.993846313e-11,0.0003761087374,7.443318242e-11,9.279890159e-05,2.157457196e-11,8.419044219e-05,4.026421321e-11,9.624107653e-10,-2.616174051e-10,5.640444801e-10
3954.0,5.052804348e-05,8.130629477e-11,0.0002757752075,9.547478917e-11,4.120462393e-05,5.92820578e-11,0.0003694035771,8.943031931e-11,9.2691302e-05,2.146122199e-11,8.423119939e-05,4.021745315e-11,1.15631283e-09,-3.231895633e-10,2.408549167e-10
3955.0,4.979967136e-05,7.919408183e-11,0.0002741636436,9.48449157e-11,4.088621648e-05,5.862379049e-11,0.000365034493,9.4065513e-11,9.251191342e-05,2.132689467e-11,8.420277511e-05,4.015831672e-11,1.216247913e-09,2.15791638e-10,4.566465548e-10
3956.0,4.912185835e-05,7.70148062e-11,0.0002728864128,9.430960888e-11,4.056631275e-05,5.79572209e-11,0.0003597188793,9.922762304e-11,9.226635207e-05,2.117028823e-11,8.411648133e-05,4.005678745e-11,1.282991204e-09,-3.573845274e-10,9.926202738e-11
3957.0,4.839361336e-05,7.47765353e-11,0.0002718593518,9.389847081e-11,4.023661731e-05,5.729277339e-11,0.0003552969512,7.640806529e-11,9.195557526e-05,2.09899345e-11,8.397148322e-05,3.9915042e-11,9.879387003e-10,-2.706673106e-10,-1.714052832e-10
3958.0,4.769564904e-05,7.248836644e-11,0.0002711283849,9.356634086e-11,3.990800602e-05,5.662451242e-11,0.0003543002663,8.82514433e-11,9.157393032e-05,2.078586025e-11,8.37661202e-05,3.972929172e-11,1.14107355e-09,1.956041924e-10,2.419890921e-11
3959.0,4.702615488e-05,7.015714989e-11,0.0002707039813,9.332099932e-11,3.958155803e-05,5.59569341e-11,0.0003502950368,7.87586427e-11,9.111949772e-05,2.056187588e-11,8.349231437e-05,3.952982392e-11,1.018328046e-09,-2.774061873e-10,-2.53207278e-10
3960.0,4.629416006e-05,6.778699713e-11,0.0002703831048,9.319081242e-11,3.923899306e-05,5.530003275e-11,0.0003495309451,9.313604245e-11,9.059758118e-05,2.031353623e-11,8.317927607e-05,3.924090939e-11,1.204231551e-09,-3.292559604e-10,-5.824632384e-10
3961.0,4.564614843e-05,6.538728498e-11,0.00027039967,9.312334215e-11,3.890138285e-05,5.464344219e-11,0.0003482131521,8.085267567e-11,8.999895802e-05,2.00470091e-11,8.279378025e-05,3.893713291e-11,1.045409643e-09,-2.833800203e-10,-8.658432587e-10
3962.0,4.496547054e-05,6.297105264e-11,0.0002705361303,9.317139039e-11,3.855883478e-05,5.400534831e-11,0.0003469794143,8.877625879e-11,8.933529018e-05,1.976425613e-11,8.235222772e-05,3.859673986e-11,1.147859528e-09,-2.834380612e-10,-1.14928132e-09
3963.0,4.432247037e-05,6.054288534e-11,0.0002708145515,9.330057092e-11,3.821892078e-05,5.337899954e-11,0.0003484720743,8.44653896e-11,8.860669478e-05,1.945888402e-11,8.185366852e-05,3.821680833e-11,1.092127472e-09,-2.947463217e-10,-1.444027642e-09
3964.0,4.372299499e-05,5.812532022e-11,0.0002713008041,9.354923567e-11,3.789694112e-05,5.277646605e-11,0.0003475665509,7.783062566e-11,8.781006418e-05,1.913422411e-11,8.129505212e-05,3.782295087e-11,1.006336772e-09,-2.519239161e-10,-1.695951558e-09
3965.0,4.309275356e-05,5.573642694e-11,0.0002718169912,9.390840527e-11,3.756593462e-05,5.2191672e-11,0.0003487593955,6.797472758e-11,8.694603809e-05,1.879139491e-11,8.068928453e-05,3.735373048e-11,8.789086686e-10,1.575943322e-10,-1.538357226e-09
3966.0,4.253085838e-05,5.338633785e-11,0.0002724068233,9.438863706e-11,3.72348096e-05,5.163999186e-11,0.0003481781122,7.976342902e-11,8.601758566e-05,1.84294905e-11,8.002423092e-05,3.687015119e-11,1.031338531e-09,-2.574355424e-10,-1.795792768e-09
3967.0,4.196415302e-05,5.11142227e-11,0.0002730823381,9.497942471e-11,3.690336721e-05,5.111637664e-11,0.0003495542354,9.723238517e-11,8.50287511e-05,1.804930164e-11,7.92977445e-05,3.634768504e-11,1.257213938e-09,-3.190535671e-10,-2.114846335e-09
3968.0,4.146324363e-05,4.893333596e-11,0.0002739004285,9.570097199e-11,3.657881156e-05,5.062888898e-11,0.0003517431843,8.832497064e-11,8.397642156e-05,1.765569504e-11,7.851895374e-05,3.581443115e-11,1.142049451e-09,-2.742918462e-10,-2.389138181e-09
3969.0,4.100234249e-05,4.686785874e-11,0.0002748488813,9.658977422e-11,3.626690202e-05,5.01846772e-11,0.0003519329421,9.65779387e-11,8.286923645e-05,1.724709303e-11,7.769862352e-05,3.520878379e-11,1.248758933e-09,-3.231643761e-10,-2.712302557e-09
3970.0,4.055346213e-05,4.494283871e-11,0.0002758253047,9.766596977e-11,3.596108358e-05,4.978704938e-11,0.0003543133359,8.607590315e-11,8.17054535e-05,1.68214011e-11,7.682076668e-05,3.459116999e-11,1.112975199e-09,-2.923348923e-10,-3.00463745e-09
3971.0,4.020469317e-05,4.318999829e-11,0.0002769155268,9.889490546e-11,3.565989638e-05,4.943446859e-11,0.0003541494882,8.374406589e-11,8.048100632e-05,1.638114496e-11,7.588785185e-05,3.396246971e-11,1.082829763e-09,-2.518410429e-10,-3.256478492e-09
3972.0,3.985826465e-05,4.161675599e-11,0.000278045726,2.673630699e-11,3.536022711e-05,4.915005964e-11,0.0003551634742,6.784893135e-11,7.920583012e-05,1.592651189e-11,7.492380595e-05,3.326100636e-11,8.773057764e-10,1.749551878e-10,-3.081523305e-09
3973.0,3.959933831e-05,4.02528666e-11,0.0002793641357,2.710459928e-11,3.5074388e-05,4.892461841e-11,0.0003578241732,7.810954243e-11,7.788567348e-05,1.54601529e-11,7.389941774e-05,3.255683097e-11,1.009986838e-09,-2.652839686e-10,-3.346807273e-09
3974.0,3.941616655e-05,3.911559685e-11,0.0002810325227,2.747390883e-11,3.482195945e-05,4.877263939e-11,0.0003577397761,9.170702599e-11,7.652379328e-05,1.498233218e-11,7.282163058e-05,3.184212632e-11,1.185805495e-09,-2.681431475e-10,-3.614950421e-09
3975.0,3.92278421e-05,3.821195226e-11,0.0002828866615,2.784442501e-11,3.457663571e-05,4.87044455e-11,0.000359134801,9.978866706e-11,7.511100244e-05,1.449563306e-11,7.171086943e-05,3.107064713e-11,1.290318865e-09,2.20229898e-10,-3.394720523e-09
3976.0,3.915401371e-05,3.75489698e-11,0.0002850168548,2.821306913e-11,3.435510746e-05,4.872435868e-11,0.0003605766223,9.600111497e-11,7.365243563e-05,1.400012881e-11,7.054402827e-05,3.030803307e-11,1.241350045e-09,-3.261856522e-10,-3.720906175e-09
3977.0,3.911042843e-05,3.711933604e-11,0.0002874351149,2.857688396e-11,3.415407466e-05,4.88424223e-11,0.0003616594996,6.427532838e-11,7.215512104e-05,1.349367409e-11,6.935124946e-05,2.949026961e-11,8.311201317e-10,1.626070935e-10,-3.558299081e-09
3978.0,3.916667659e-05,3.691766653e-11,0.000290166987,2.89369478e-11,3.398790123e-05,4.905518734e-11,0.000365264683,9.380376259e-11,7.062523829e-05,1.298245128e-11,6.810845458e-05,2.868351503e-11,1.212954535e-09,-3.201663137e-10,-3.878465395e-09
3979.0,3.934051268e-05,3.691666409e-11,0.0002932267748,2.928434748e-11,3.386286054e-05,4.937648604e-11,0.0003669298176,7.807175617e-11,6.905417449e-05,1.246587606e-11,6.684343842e-05,2.782766216e-11,1.009527955e-09,1.542263829e-10,-3.724239012e-09
3980.0,3.952797518e-05,3.712051658e-11,0.0002963604297,2.962486532e-11,3.376055413e-05,4.981486538e-11,0.0003696303779,7.307154321e-11,6.744454995e-05,1.194695262e-11,6.553270953e-05,2.698320231e-11,9.44882856e-10,1.418135775e-10,-3.582425435e-09
3981.0,3.982846145e-05,3.751054706e-11,0.0002996460403,2.996700519e-11,3.369493008e-05,5.036211496e-11,0.0003717251916,5.862497327e-11,6.579912248e-05,1.142353688e-11,6.41997839e-05,2.610074419e-11,7.580794088e-10,1.119744475e-10,-3.470450987e-09
3982.0,4.015795362e-05,3.804512194e-11,0.0003031525286,3.030176464e-11,3.366962507e-05,5.103188968e-11,0.0003745935513,9.545349763e-11,6.413252577e-05,1.089777604e-11,6.282926591e-05,2.523093959e-11,1.23431411e-09,-3.307663629e-10,-3.80121735e-09
3983.0,4.058133699e-05,3.871173796e-11,0.0003067145115,3.062437104e-11,3.369712244e-05,5.181835341e-11,0.0003793935963,9.229369399e-11,6.244478734e-05,1.0374072e-11,6.144139734e-05,2.434289878e-11,1.193466985e-09,-3.24718583e-10,-4.125935933e-09
3984.0,4.105818756e-05,3.949951058e-11,0.0003103199547,3.0933041e-11,3.378182418e-05,5.272316104e-11,0.0003813442085,9.539270803e-11,6.074662572e-05,9.848696778e-12,6.003321625e-05,2.343357775e-11,1.233542171e-09,-3.372649487e-10,-4.463200882e-09
3985.0,4.154941011e-05,4.037424679e-11,0.000313887261,3.123108613e-11,3.390857752e-05,5.372473044e-11,0.0003864648274,6.18994107e-11,5.903812882e-05,9.325583406e-12,5.860806016e-05,2.253961145e-11,8.00442262e-10,1.216641373e-10,-4.341536744e-09
3986.0,4.214981011e-05,4.132974408e-11,0.0003174321093,3.152105351e-11,3.410237693e-05,5.480475277e-11,0.000389034153,8.262931212e-11,5.733855314e-05,8.804227237e-12,5.718800262e-05,2.162839924e-11,1.068513755e-09,2.409341949e-10,-4.10060255e-09
3987.0,4.273814505e-05,4.235861113e-11,0.0003208489705,3.180175928e-11,3.434746475e-05,5.593878699e-11,0.0003927433326,8.856441745e-11,5.564029074e-05,8.288444723e-12,5.576412301e-05,2.071212557e-11,1.145268893e-09,4.43907499e-10,-3.656695051e-09
3988.0,4.339591674e-05,4.346704863e-11,0.0003242398382,3.207081967e-11,3.466742656e-05,5.711723468e-11,0.0003987407637,6.390713281e-11,5.396380792e-05,9.700825141e-11,5.434124056e-05,1.978887024e-11,8.264218624e-10,-6.636433404e-11,-3.723059385e-09
3989.0,4.408982083e-05,4.46517504e-11,0.0003275211581,3.23272555e-11,3.504645002e-05,5.833633377e-11,0.0004014087852,7.827847254e-11,5.232077888e-05,9.136110324e-11,5.294062745e-05,1.886779232e-11,1.01226491e-09,2.594084231e-10,-3.463650962e-09
3990.0,4.474278312e-05,4.589975869e-11,0.0003305829326,3.257806835e-11,3.547697381e-05,5.959130584e-11,0.0004065618792,8.232463657e-11,5.072611292e-05,8.601826069e-11,5.156980509e-05,1.795171734e-11,1.064598739e-09,-3.005369757e-10,-3.764187937e-09
3991.0,4.546322139e-05,4.71823943e-11,0.0003336250747,3.282855042e-11,3.597793115e-05,6.086104761e-11,0.0004103290075,9.832523175e-11,4.918069306e-05,8.098370363e-11,5.024725914e-05,1.705209337e-11,1.271521608e-09,-2.065916689e-10,-3.970779606e-09
3992.0,4.614711576e-05,4.850331957e-11,0.0003366811037,3.30666163e-11,3.652396536e-05,6.212093981e-11,0.0004147556529,9.676514763e-11,4.772489039e-05,7.621382773e-11,4.896282027e-05,1.618368329e-11,1.251353894e-09,-1.853681167e-10,-4.156147723e-09
3993.0,4.685741139e-05,4.988399681e-11,0.000339698933,3.329085601e-11,3.710997471e-05,6.334537239e-11,0.0004206232425,7.577523826e-11,4.63977499e-05,7.187878844e-11,4.773264701e-05,1.534081755e-11,9.799261391e-10,3.576477936e-10,-3.798499929e-09
3994.0,4.758102826e-05,5.130198661e-11,0.0003426494474,3.350224444e-11,3.774148427e-05,6.453292358e-11,0.0004251523537,8.720147612e-11,4.519476725e-05,6.816565027e-11,4.656462793e-05,1.452869369e-11,1.12769216e-09,-1.307329043e-10,-3.929232834e-09
3995.0,4.825375706e-05,5.278732029e-11,0.0003453948454,3.370789709e-11,3.838870432e-05,6.566766228e-11,0.0004305088724,7.972454797e-11,4.408147925e-05,6.495642919e-11,4.547933874e-05,1.376409106e-11,1.031013685e-09,3.953046357e-10,-3.533928198e-09
3996.0,4.895991441e-05,5.43006233e-11,0.0003479959925,3.390221015e-11,3.906407662e-05,6.675185982e-11,0.0004347986999,9.422995357e-11,4.31285091e-05,6.234609215e-11,4.44646365e-05,1.307131301e-11,1.218616544e-09,-1.496823899e-10,-3.683610588e-09
3997.0,4.963085119e-05,5.584647098e-11,0.0003505284275,3.408408139e-11,3.975729195e-05,6.778466457e-11,0.0004398376987,9.836964193e-11,4.232179986e-05,6.041602093e-11,4.354697844e-05,1.244076124e-11,1.272164005e-09,-1.602693284e-10,-3.843879916e-09
3998.0,5.031079444e-05,5.742299611e-11,0.0003530812531,3.425310958e-11,4.046285719e-05,6.876674892e-11,0.0004453367262,8.353653648e-11,4.164462496e-05,5.931177433e-11,4.276368533e-05,1.187751725e-11,1.080350104e-09,3.953326767e-10,-3.448547239e-09
3999.0,5.098495554e-05,5.902633613e-11,0.0003556480719,3.440869933e-11,4.116894608e-05,6.97002833e-11,0.0004487378613,7.976750149e-11,4.113710283e-05,5.907656122e-11,4.207916776e-05,1.13973829e-11,1.0316107e-09,3.676254181e-10,-3.080921821e-09
4000.0,5.160094512e-05,6.067440633e-11,0.0003580337335,3.455312924e-11,4.185332953e-05,7.058164552e-11,0.0004539921884,8.362592187e-11,4.076205269e-05,5.965686326e-11,4.149943292e-05,1.100760419e-11,1.081526959e-09,3.792404915e-10,-2.70168133e-09
