iteration,Ux_initial,Ux_linear_final,Uy_initial,Uy_linear_final,Uz_initial,Uz_linear_final,p_initial,p_linear_final,epsilon_initial,epsilon_linear_final,k_initial,k_linear_final,continuity_local,continuity_global,continuity_cumulative
1.0,1.0,0.03008233948,1.0,0.04780168279,1.0,0.03181210524,1.0,0.03596537707,0.3779532407,0.01470503615,1.0,0.03712477608,1.091938694,0.07362481791,0.07362481791
2.0,0.2983204243,0.007140952588,0.5968280708,0.01041783579,0.2354820808,0.008373809983,0.775952151,0.03746991612,0.5515410551,0.004531690997,0.5176209664,0.005083328411,1.012010864,-0.001154462912,0.07247035499
3.0,0.209127095,0.00348479813,0.4361378034,0.007302938605,0.218072939,0.005300443918,0.5481485759,0.02271264598,0.1056117541,0.0008728779772,0.1468751226,0.001687857004,0.4172816533,-0.03705016761,0.03542018739
4.0,0.156114463,0.007309039466,0.2375603431,0.006417560455,0.1365463003,0.002760476538,0.3973165929,0.01883949692,0.06926065775,0.0004273656102,0.1014865106,0.00475669036,0.4405584016,0.06172097373,0.09714116111
5.0,0.2241115241,0.00366681172,0.1745902783,0.003253707466,0.1353887226,0.003212145432,0.281063227,0.00865216678,0.08173662686,0.0005218390443,0.08700842862,0.000397117333,0.234627734,-0.01965024349,0.07749091763
6.0,0.216496949,0.003781093579,0.1257256908,0.002923786212,0.1006336148,0.002519555143,0.2867883691,0.006683419764,0.05914872132,0.000385213843,0.07169511517,0.0003841137639,0.1885745418,-0.0178314398,0.05965947783
7.0,0.1505944574,0.002400779303,0.1454238759,0.003293913893,0.07274359769,0.001872808625,0.2752457804,0.006327756331,0.05321087676,0.0002406387359,0.07247219864,0.0003833246429,0.1503751792,-0.02343475946,0.03622471836
8.0,0.06410792637,0.002753206845,0.1301167606,0.003011302547,0.04607505641,0.001247953741,0.2696057106,0.009340310166,0.03322118773,0.0001743669802,0.06151887829,0.0003389926406,0.2123267609,-0.03729151112,-0.001066792758
9.0,0.06658164592,0.002867641315,0.1128385552,0.003153789349,0.03038184589,0.0008916852698,0.2023883584,0.00356567359,0.04557971099,0.001977618731,0.06207204805,0.0003498390977,0.09551462987,-0.01904890322,-0.02011569598
10.0,0.08977924765,0.00130013376,0.09824768474,0.003082815767,0.02658895785,0.000796924209,0.1833800881,0.007151280749,0.03366974119,0.0001216057007,0.06346819396,0.0003603874849,0.2021413953,-0.02463857566,-0.04475427163
11.0,0.08000679198,0.001232773042,0.0851250034,0.002823553915,0.02472620615,0.000759553108,0.1750622443,0.00484678946,0.04600856051,0.002236939162,0.06485062018,0.0003595672411,0.1224606176,-0.02063418291,-0.06538845454
12.0,0.05923477186,0.0008868627322,0.06334243283,0.002144347725,0.02193448523,0.0006939511816,0.180675109,0.004232360548,0.05538775178,0.002665134839,0.0648067588,0.0003589100817,0.09806336683,0.006290051145,-0.0590984034
13.0,0.03608615556,0.000508206628,0.05240576265,0.001707937524,0.0186369047,0.000620647863,0.1773337993,0.003921323927,0.05923680779,0.002830874822,0.06367134922,0.0003523416313,0.08953721085,0.006557679891,-0.05254072351
14.0,0.02087112379,0.000879900497,0.05513413015,0.002067221335,0.01707319452,0.000604110625,0.1763155787,0.00784132081,0.05967223859,0.002854360836,0.0609880375,0.0003399927961,0.1678600453,-0.00661286782,-0.05915359133
15.0,0.02553328132,0.001270783801,0.05464119736,0.002243477473,0.01620067769,0.0005776333778,0.1712851909,0.00457063388,0.05879223848,0.002792450995,0.05780878756,0.0003248435815,0.09537670485,0.003731469663,-0.05542212167
16.0,0.02978835046,0.0004107537612,0.04957456434,0.00202336893,0.01552001287,0.0005535301018,0.164403676,0.003557552081,0.05665408643,0.002669245971,0.05450902644,0.0003053263968,0.07086377782,0.01190759564,-0.04351452603
17.0,0.02744209316,0.0003876421924,0.04117606492,0.001593934714,0.01454529647,0.0005277909118,0.1535732968,0.005853695332,0.05328366233,0.002482015631,0.05091626057,0.0002840410757,0.1102457711,0.0255909539,-0.01792357213
18.0,0.02272135399,0.0003071432563,0.03283758837,0.001138794157,0.01339940675,0.0005054316804,0.1374659549,0.003165897292,0.04938499129,0.002276177688,0.04763272046,0.0002625265724,0.06549714315,0.004328738331,-0.0135948338
19.0,0.01790889559,0.0008582860923,0.03386977999,0.001308731352,0.01257751873,0.0005028444883,0.1277096097,0.003588666493,0.04541954157,0.002083479656,0.04435885391,0.000241519986,0.06805527319,-0.00162976409,-0.01522459789
20.0,0.01453758024,0.0006109308233,0.03700209268,0.001593146456,0.0122697611,0.0005202590252,0.1094092718,0.005406941962,0.04166654448,0.001917525798,0.04135211399,0.000221979562,0.1174846697,0.0163764383,0.00115184041
21.0,0.01509744195,0.0007080745994,0.03858750625,0.001720289102,0.01215528918,0.0005327273736,0.1035703714,0.004049628323,0.03818183461,0.001771692852,0.03873548584,0.0002039942018,0.0854308352,0.004453950189,0.005605790599
22.0,0.01534680389,0.0001962250978,0.03602718723,0.001614775679,0.01191456128,0.0005343766871,0.09778384562,0.002500360314,0.03506950876,0.00163814335,0.03646046802,0.0001884911866,0.05429158039,-0.003655624138,0.001950166461
23.0,0.01408356871,0.0001791234629,0.03189643716,0.001386781332,0.01157408969,0.0005274228194,0.09903968344,0.002597929518,0.03257180876,0.001521453526,0.03448171521,0.0001746133426,0.05036825038,-0.006846862942,-0.004896696481
24.0,0.01206111409,0.0005807449037,0.02773595635,0.001149974558,0.01118633163,0.0005181394187,0.09679020482,0.002289501382,0.03051131489,0.001425377183,0.03275102764,0.0001626693846,0.04245027192,-0.003744897746,-0.008641594227
25.0,0.01054676287,0.0004802187022,0.02541186475,0.001028595473,0.01084543235,0.0005105105995,0.09475060951,0.002243519188,0.02874509332,0.001338266377,0.03131593857,0.0001531642163,0.03922663416,0.001088876162,-0.007552718064
26.0,0.01139318749,0.0001412011778,0.02452174606,0.001016127354,0.01055856539,0.0005037013456,0.08512294977,0.003897173576,0.02715523193,0.001267946483,0.02991905243,0.0001443930697,0.07166781575,-0.005097416601,-0.01265013467
27.0,0.01206882501,0.0001609145217,0.02353255812,0.0009884612683,0.01032604276,0.0004998592805,0.08487379249,0.003937932773,0.0258713158,0.001207293498,0.02866164363,0.0001371915279,0.06807885606,0.006348564996,-0.006301569669
28.0,0.01241895194,0.0001724776925,0.02225503847,0.0009265537129,0.01011824679,0.0004954717305,0.08063633026,0.00169844163,0.02460997208,0.00115286911,0.02762060123,0.0001306836148,0.02947242221,0.0004708163863,-0.005830753283
29.0,0.01253185539,0.0001757742984,0.02179899739,0.0009279065558,0.009955720278,0.000490685328,0.07474715904,0.001714432113,0.02347261162,0.001103463436,0.02655505811,0.0001246210799,0.03052148161,0.002382036625,-0.003448716658
30.0,0.0123172618,0.0001731953542,0.02205203557,0.0009908611902,0.009843946499,0.0001204954685,0.0706103499,0.001692348236,0.02244424708,0.001050311586,0.02557556796,0.000118869072,0.03027279288,0.003859327304,0.0004106106457
31.0,0.01186408041,0.0001661949928,0.02230868555,0.001044603829,0.009807284259,0.000123127975,0.06791406989,0.001662299863,0.0214508395,0.001005932482,0.02470473608,0.0001136043724,0.02942678189,0.004527315002,0.004937925647
32.0,0.01129441876,0.0001576436895,0.02211272025,0.001058865354,0.009809773485,0.0001260077513,0.06352189911,0.001538416523,0.02064653961,0.0009701999728,0.02387568264,0.0001085963228,0.02788662252,0.0043998428,0.009337768447
33.0,0.01080165445,0.0001505374737,0.02143558154,0.001034143018,0.009808201602,0.0001283214645,0.06548239441,0.001648226721,0.01994950174,0.0009346037617,0.02313822882,0.0001048064816,0.02766465615,0.003081442883,0.01241921133
34.0,0.01045034727,0.0001462582309,0.02043556251,0.0009829249535,0.009787993037,0.0001299110397,0.05760976495,0.001386615506,0.01932114838,0.0009063631805,0.0223896239,0.000101043584,0.0255608814,0.00311307869,0.01553229002
35.0,0.01027730306,0.000145936767,0.01937486054,0.000924915488,0.009753705396,0.0001309671675,0.05665439742,0.001321557498,0.01874766627,0.0008771716756,0.02175689587,9.782235221e-05,0.02372225021,0.002406188545,0.01793847856
36.0,0.01024100869,0.0001483548581,0.01845041491,0.0008732986747,0.009721800828,0.0001317819338,0.05497731918,0.001229394054,0.0182042143,0.0008487816504,0.02117357373,9.483386415e-05,0.02181199696,0.001838239139,0.0197767177
37.0,0.01029462076,0.0001523493913,0.01774079974,0.0008372411635,0.009702794281,0.0001326046603,0.05288345455,0.001122503698,0.0176998409,0.0008263600862,0.02063801308,9.230111681e-05,0.01984996085,0.001479986251,0.02125670395
38.0,0.01038567153,0.0001567346278,0.01726955116,0.0008179357663,0.009693242426,0.000133545953,0.05338269116,0.001093340579,0.01723524214,0.0008034844302,0.02013850456,8.985945881e-05,0.01841682776,0.001180842522,0.02243754648
39.0,0.01048647913,0.0001608582661,0.01698940425,0.0008123180293,0.009687112887,0.0001346099131,0.05282124342,0.001074929634,0.01678757482,0.0007854999637,0.01965863067,8.791993204e-05,0.01768919529,0.0008970387782,0.02333458525
40.0,0.0105716724,0.0001643441956,0.01681366149,0.0008147795894,0.00968523683,0.0001357825658,0.05158144634,0.001078109989,0.0163683567,0.0007634406001,0.01921242531,8.589514712e-05,0.01764399725,0.0006462676937,0.02398085295
41.0,0.0106163812,0.0001667742838,0.01667488133,0.0008196553365,0.009686493428,0.0001369776555,0.04846739199,0.001048935967,0.015967416,0.0007422187393,0.01879183099,8.405647214e-05,0.0177821695,0.0006311214358,0.02461197438
42.0,0.01060534653,0.0001680416996,0.01651467242,0.0008219951947,0.009688136187,0.0001381344085,0.04836456166,0.00108929677,0.0155955817,0.000721720138,0.01838978799,8.21462304e-05,0.01799401504,0.0004578965304,0.02506987091
43.0,0.0105475792,0.0001682407754,0.01630586908,0.0001994042759,0.009688826431,0.0001391959507,0.0467728502,0.001079372075,0.01523910662,0.0007046826854,0.01799575515,8.040209545e-05,0.01793940144,0.0004231556979,0.02549302661
44.0,0.01045907985,0.0001677757098,0.01599182535,0.0001965824944,0.009688178345,0.0001401230938,0.0445752471,0.001044056814,0.01489877861,0.0006863614164,0.01761095534,7.870840019e-05,0.01771656059,0.0004287554029,0.02592178202
45.0,0.01036302883,0.0001670981749,0.01563192506,0.0001925594828,0.009683629637,0.0001408895488,0.04409479167,0.001045172671,0.01455224017,0.0006717761836,0.01723282827,7.705837516e-05,0.01745991826,0.0003763080605,0.02629809008
46.0,0.01027853055,0.0001665562481,0.01527108908,0.0001881999679,0.009671273829,0.0001414841291,0.04346214309,0.001036328323,0.01422626717,0.0006569991661,0.01687913932,7.540212245e-05,0.01709943262,0.000261953167,0.02656004324
47.0,0.01022009909,0.0001663970049,0.0149639846,0.0001843148024,0.009654402706,0.0001419307542,0.04260138229,0.001018253177,0.01393573726,0.0006438794863,0.01655707848,7.410370128e-05,0.01669279659,0.0001592897232,0.02671933297
48.0,0.01018519369,0.0001666791081,0.01471196762,0.0001811793785,0.009631893706,0.0001422685129,0.03189648892,0.0008381003466,0.01368008067,0.0006303533119,0.01625795859,7.267075906e-05,0.01378403694,0.0006490779583,0.02736841092
49.0,0.009981206235,0.0001639065282,0.01449494063,0.000179010453,0.00951260389,0.0001408370479,0.04864945992,0.001984299937,0.01344996173,0.0006190545546,0.01596964179,7.172740216e-05,0.0335696856,-0.001975624677,0.02539278625
50.0,0.00934795266,0.0001528223096,0.0142810102,0.0001763543517,0.009288978077,0.0001369630177,0.06388868429,0.002455547528,0.01325668008,0.0006065290523,0.01571487092,7.033693408e-05,0.04263456612,-0.002730663883,0.02266212236
51.0,0.008630054473,0.0001384938902,0.01422294417,0.0001751312014,0.008923072902,0.0001302719119,0.07222808397,0.002817144921,0.01309355509,0.0005975416381,0.01547735556,6.910159471e-05,0.05301132775,-0.002968649161,0.0196934732
52.0,0.008014184831,0.000123859235,0.01426805507,0.0001751593198,0.008532065111,0.0001224184117,0.07835375181,0.003198544171,0.01297516799,0.0005902984486,0.01528385088,6.769370751e-05,0.06303715281,-0.00275460392,0.01693886928
53.0,0.007587638619,0.0001109126212,0.01437666778,0.000175896821,0.008185595713,0.0001144701689,0.07848710334,0.003379771522,0.01288632281,0.0005819904966,0.01509829148,6.650714923e-05,0.06954401711,-0.002084661144,0.01485420814
54.0,0.007354386904,0.0001009482935,0.01452491314,0.0001770841038,0.007944966491,0.0001081204997,0.07253456198,0.003234300508,0.0127929947,0.0005750021823,0.01491515999,6.508978317e-05,0.07090344522,-0.002725618332,0.01212858981
55.0,0.007265029334,9.446821322e-05,0.01475434261,0.0001788422797,0.007828946625,0.0001045958425,0.06382391746,0.002959919796,0.01270806443,0.0005690103021,0.01473152807,6.389935927e-05,0.06859577438,-0.003542772826,0.008585816982
56.0,0.007263081524,9.096049709e-05,0.01501244247,0.0001811385944,0.007829999118,0.0001041925096,0.05373497083,0.002633840804,0.01262483798,0.0005619761994,0.01453995192,6.279193878e-05,0.06327794798,-0.004746198942,0.003839618039
57.0,0.007280319844,8.935128373e-05,0.0152379075,0.0001836793847,0.007864661848,0.0001050676073,0.04465791547,0.0009396823239,0.01253050275,0.0005547789903,0.01435617685,6.151248013e-05,0.02232464643,-0.001340787598,0.002498830441
58.0,0.007228715179,8.871874722e-05,0.01543216338,0.0001864419766,0.007875959072,0.0001057890868,0.03314932373,0.0008212213578,0.01238664117,0.000545857207,0.01414623333,5.995729989e-05,0.0202665326,-0.001583160229,0.000915670212
59.0,0.007130371838,8.78933247e-05,0.0155961578,0.0001893364005,0.007788597735,0.000104881929,0.02341561202,0.0005534784942,0.01221177434,0.0005320228006,0.01393660461,5.865818401e-05,0.0132737672,-0.001525368784,-0.0006096985716
60.0,0.00695182635,8.642078632e-05,0.01569503166,0.0001919990117,0.007573890545,0.000101725034,0.02445075635,0.0004578374883,0.01199513578,0.0005200637248,0.01371617299,5.713805583e-05,0.0107924122,-0.001390982165,-0.002000680737
61.0,0.006732490791,8.458156503e-05,0.01572052206,0.0001943009341,0.007249959053,9.646047709e-05,0.03433566303,0.001592615937,0.01176369945,0.0005060678973,0.01347440532,5.562060236e-05,0.03504764656,-0.002483773094,-0.004484453831
62.0,0.006479844197,8.300385151e-05,0.01565003837,0.0001952241777,0.006890561758,9.063631337e-05,0.04022741009,0.0007597419412,0.01154980828,0.0004921431713,0.01324074479,5.399580813e-05,0.01559990394,0.002007552788,-0.002476901043
63.0,0.006328246758,8.202502257e-05,0.0156514282,0.0001971822432,0.006494901118,8.398232431e-05,0.04458107588,0.0008651365855,0.0113214146,0.000477286902,0.01298314405,5.265077978e-05,0.01737240493,0.002677957329,0.0002010562858
64.0,0.006274426243,8.234258993e-05,0.01561207718,0.0001986311296,0.006183617341,7.864277488e-05,0.04669837173,0.0009025061387,0.01110043107,0.0004629609199,0.01272941714,5.10014466e-05,0.01756744855,0.002824775945,0.003025832231
65.0,0.006344633652,8.471666971e-05,0.01552043012,0.0001991118388,0.006006303665,7.594098013e-05,0.0465201345,0.002306077347,0.01087476064,0.0004495154384,0.01246911391,4.98233482e-05,0.04379596377,-0.004291906524,-0.001266074294
66.0,0.006556347444,9.011202377e-05,0.01533540617,0.0001969413391,0.005920263536,7.52054542e-05,0.03975917376,0.0008389357905,0.01067858125,0.0004385732358,0.01223191516,4.857857781e-05,0.01565158524,0.001489373782,0.0002232994885
67.0,0.006625243192,9.240014066e-05,0.01520310758,0.0001963558436,0.005868104655,7.531250824e-05,0.03479335273,0.0007751970026,0.01048661005,0.000427204622,0.01199575338,4.752937888e-05,0.0144106762,-0.0002962013115,-7.2901823e-05
68.0,0.006646730254,9.35576825e-05,0.01505872708,0.0001949415437,0.005810340182,7.521860589e-05,0.02708043751,0.0006701174709,0.01031772136,0.0004170178591,0.01176930925,4.633122527e-05,0.01234125692,-0.001496437423,-0.001569339246
69.0,0.006595633956,9.358556285e-05,0.01486768105,0.0001927094657,0.005703429141,7.418711926e-05,0.02456647951,0.0005289556712,0.01015533053,0.0004071914975,0.01154797811,4.527136074e-05,0.00983332142,-0.0007961082794,-0.002365447526
70.0,0.00646492134,9.24009443e-05,0.01462697693,0.0001897776856,0.005542258405,7.200653537e-05,0.03138383667,0.0006414173605,0.009999735754,0.0003988890012,0.01133473543,4.437637584e-05,0.01207386161,-0.002159445699,-0.004524893225
71.0,0.006224399471,8.931217168e-05,0.01434936796,0.0001863898406,0.005355944063,6.913558026e-05,0.03658196845,0.001813977118,0.009839458456,0.0003890273419,0.01111250174,4.331419394e-05,0.03470757456,0.001413024488,-0.003111868737
72.0,0.005875712468,8.337156056e-05,0.01398796157,0.0001818184548,0.005182165554,6.64424003e-05,0.03781513057,0.0008007889891,0.009705755631,0.0003806958169,0.01089784465,4.231188301e-05,0.01561314083,-0.003585299765,-0.006697168502
73.0,0.005636067237,7.942548465e-05,0.01374094619,0.0001790697558,0.004972470386,6.318712838e-05,0.03926572206,0.0008043590958,0.009554666143,0.0003724662261,0.01067007945,4.126057637e-05,0.01597025207,-0.003411633978,-0.01010880248
74.0,0.005434836686,7.548508195e-05,0.01352332155,0.0001766882342,0.004825392542,6.101639736e-05,0.03796404173,0.00185997619,0.009402078071,0.0003654381543,0.01044470082,4.014303315e-05,0.03762882796,0.001735142729,-0.008373659751
75.0,0.005279971263,7.203834639e-05,0.01326551186,0.0001737531161,0.004754696212,6.034876414e-05,0.03314228024,0.0007032595338,0.009269119461,0.0003582407207,0.01021045118,3.921383552e-05,0.01443606312,-0.002635320481,-0.01100898023
76.0,0.005207606189,7.064881831e-05,0.01311266158,0.0001727303279,0.004715091044,6.050804776e-05,0.02962757553,0.0006140494362,0.009126538697,0.0003529930792,0.00997499875,3.808639976e-05,0.01270489842,-0.001606584165,-0.0126155644
77.0,0.005138719125,6.968089918e-05,0.01296921387,0.0001718325589,0.004706058544,6.121147704e-05,0.02472119785,0.0005192624431,0.008975953314,0.0003455001817,0.009741972322,3.70225521e-05,0.01084253993,-0.0007744672019,-0.0133900316
78.0,0.00505469162,6.884372208e-05,0.01283034521,0.0001709090633,0.00467717758,6.158178666e-05,0.01942868184,0.0004618094191,0.008810935462,0.0003389642321,0.009499213995,3.585782968e-05,0.009622859033,-0.0005285864505,-0.01391861805
79.0,0.004942891346,6.786608811e-05,0.01268778153,0.0001698546262,0.00461376272,6.125430824e-05,0.01488275989,0.0003185972661,0.008639327674,0.0003317235125,0.009257741332,3.487557252e-05,0.00662373976,-0.0007109646704,-0.01462958272
80.0,0.004808410837,6.677443623e-05,0.01254415405,0.0001686697808,0.00452083791,6.019444878e-05,0.0182698593,0.0003804250038,0.008444888344,0.0003257067459,0.009008967569,3.374421852e-05,0.007878471068,0.0002641110529,-0.01436547167
81.0,0.004662551271,6.566836753e-05,0.01237789728,0.0001671488228,0.004397560333,5.849074176e-05,0.02151663614,0.0004898501944,0.008244504878,0.0003180444199,0.008761892572,3.263904229e-05,0.01003156128,0.001527478075,-0.01283799359
82.0,0.00452365342,6.46960108e-05,0.0121943714,0.0001652748609,0.004253102174,5.640527971e-05,0.02374533583,0.0005695527859,0.008034098417,0.0003104486997,0.008511493301,3.170497921e-05,0.01153988383,0.002079879847,-0.01075811374
83.0,0.004415866611,6.404403742e-05,0.01200042997,0.0001631019287,0.004105298015,5.428253911e-05,0.02479533557,0.0006023821892,0.007828456915,0.0003031405939,0.008265049578,3.078725358e-05,0.01206113976,0.002127053955,-0.00863105979
84.0,0.0043589235,6.387400342e-05,0.01179713716,0.0001607441344,0.003974023027,5.238567965e-05,0.02468483152,0.000596190097,0.007620795693,0.0002955951462,0.008006073952,2.983296403e-05,0.01179714584,0.001757503053,-0.006873556737
85.0,0.00434166161,6.430658563e-05,0.01158859876,0.0001582680503,0.003870680575,5.103165527e-05,0.02347494027,0.0005601676755,0.007401543109,0.0002881096998,0.007751298635,2.897446292e-05,0.01096581389,0.001100966369,-0.005772590368
86.0,0.004356571649,6.506421729e-05,0.01137544073,0.0001557271107,0.003796681623,5.034564182e-05,0.02127857423,0.0005068221725,0.007180367347,0.0002799322657,0.007495817488,2.818137254e-05,0.009834827715,0.0002260971624,-0.005546493206
87.0,0.004371672709,6.571006403e-05,0.01115900098,0.000153240555,0.003743820942,5.013187633e-05,0.0183640494,0.0004470138108,0.006955123635,0.0002714111442,0.007245369735,2.749517195e-05,0.008620718958,-0.0001546824062,-0.005701175612
88.0,0.004372653551,6.615077899e-05,0.01094193296,0.0001508488404,0.003702006502,5.012544371e-05,0.01515465023,0.0003896757588,0.006725136148,0.0002637804355,0.007001298772,2.677849877e-05,0.007491380684,-9.948112691e-05,-0.005800656739
89.0,0.004347490007,6.619805034e-05,0.01073166072,0.000148587921,0.003662776817,5.010444433e-05,0.01210856101,0.0002925881486,0.006498395227,0.0002550398747,0.006764656466,2.611693843e-05,0.005621518904,5.656392333e-05,-0.005744092816
90.0,0.004304338145,6.579677812e-05,0.01054184895,0.0001466535756,0.003625306557,4.998110616e-05,0.01309074864,0.0002863313874,0.00626183939,0.0002465406745,0.006525542662,2.55606526e-05,0.005508183447,-5.08643686e-05,-0.005794957184
91.0,0.004245417205,6.506532098e-05,0.01037645227,0.0001450382129,0.003587454565,4.980258144e-05,0.01466932207,0.0003099801414,0.006033755536,0.000238823679,0.00629947544,2.508448218e-05,0.005978509108,-2.217176233e-05,-0.005817128946
92.0,0.004188916403,6.428731742e-05,0.01023543353,0.0001438453917,0.003554421361,4.966077925e-05,0.01548651356,0.0003238769854,0.005807274544,0.0002313832862,0.006091311604,2.46149142e-05,0.006266805369,-0.0002331652738,-0.00605029422
93.0,0.004139017152,6.353025825e-05,0.01012780357,0.0001430434068,0.003527819855,4.96827148e-05,0.01561036541,0.0003282296151,0.005619184287,0.0002247349125,0.005897360979,2.420226634e-05,0.006371490932,-0.0003422715272,-0.006392565747
94.0,0.00409822725,6.281024981e-05,0.0100545249,0.0001425759218,0.003511143197,4.993117968e-05,0.01508190535,0.0003186105332,0.005439671047,0.0002181282384,0.005714085676,2.38611221e-05,0.006201920222,-0.0002576927661,-0.006650258514
95.0,0.004064449639,6.213888264e-05,0.0100093003,0.0001423238578,0.00350508101,5.040755903e-05,0.01400979469,0.0002990994493,0.005276051539,0.0002129268844,0.005541010047,2.355098447e-05,0.005832993186,-1.053688753e-05,-0.006660795401
96.0,0.004035115177,6.156128407e-05,0.009987270424,0.0001421277525,0.003503730631,5.102399081e-05,0.01251668705,0.0002741974161,0.005129591362,0.0002077860455,0.005380817504,2.322988032e-05,0.005350258665,0.0002431550004,-0.006417640401
97.0,0.004004536589,6.112091854e-05,0.009978244315,0.0001419071223,0.003502518493,5.164720825e-05,0.01082713413,0.0002300431313,0.004994677224,0.0002028795333,0.005229658228,2.291858052e-05,0.004484161625,0.0001440541436,-0.006273586257
98.0,0.00397298516,6.075046674e-05,0.00997329683,0.0001416037969,0.003498062805,5.213212915e-05,0.01163844481,0.0002329665887,0.00487057067,0.0001992394343,0.005087574435,2.268363359e-05,0.004528812376,0.000573757544,-0.005699828713
99.0,0.003930077595,6.038380766e-05,0.009962092535,0.0001411151264,0.003485227854,5.233866512e-05,0.01346241508,0.0002789857212,0.004749758015,0.000194621611,0.004951943158,2.24219825e-05,0.005401472267,0.0009148108753,-0.004785017838
100.0,0.003878826954,6.0023912e-05,0.009944955686,0.0001404388156,0.00346306508,5.223770265e-05,0.01503520434,0.0003302879071,0.00463552549,0.0001904023101,0.004819619749,2.220657399e-05,0.006360787364,0.001317816091,-0.003467201746
101.0,0.003829443431,5.971068071e-05,0.009919185578,0.0001395918975,0.003434890585,5.183470149e-05,0.01624864786,0.0003721276043,0.004532723497,0.0001870975559,0.004694645787,2.19380007e-05,0.007122466575,0.001481364477,-0.00198583727
102.0,0.003787546213,5.952873962e-05,0.009888872483,0.000138660181,0.003402770825,5.119292842e-05,0.01703800393,0.0003987278427,0.004436751222,0.0001831023996,0.004575394852,2.173898601e-05,0.007579937497,0.00148409213,-0.00050174514
103.0,0.003755405837,5.952043207e-05,0.009855076302,0.0001376933256,0.003367420767,5.038499376e-05,0.01739974505,0.0004075962473,0.004348437069,0.000180837876,0.004461602797,2.152080177e-05,0.007694693404,0.00136727017,0.0008655250298
104.0,0.003734494961,5.963942323e-05,0.009819563444,0.0001367436913,0.003331172147,4.949862106e-05,0.01734781043,0.0004007038119,0.00426897565,0.0001781902796,0.004355029434,2.134292025e-05,0.007513259873,0.001181120225,0.002046645255
105.0,0.003722601156,5.983105801e-05,0.009781108483,0.0001358595189,0.003294917919,4.861157295e-05,0.01695822538,0.000381243274,0.00419637955,0.0001756435231,0.004251808359,2.113527718e-05,0.0071032933,0.0009906258859,0.003037271141
106.0,0.003715372807,6.003622905e-05,0.009740326613,0.0001350710905,0.003257391184,4.774474849e-05,0.01629341822,0.0003547152332,0.004127805144,0.0001741534188,0.004152620415,2.093782483e-05,0.006571923011,0.0008383872363,0.003875658377
107.0,0.003705686839,6.018346009e-05,0.009698631172,0.0001344132787,0.003217163182,4.692627703e-05,0.01545264178,0.0003260999637,0.004063285237,0.0001726129426,0.004054843868,2.071292963e-05,0.006012729191,0.0007359876484,0.004611646026
108.0,0.003690655762,6.019822419e-05,0.00965458867,0.000133809779,0.003174725203,4.61342893e-05,0.01455038629,0.0003002197612,0.004002294953,0.0001719050813,0.003959462012,2.047756368e-05,0.005513512416,0.0006177285118,0.005229374537
109.0,0.003667367806,6.002087707e-05,0.009608469584,0.0001333557309,0.003129438028,4.536661113e-05,0.01367764201,0.0002769025813,0.003940458387,0.0001705054896,0.003865348465,2.023364245e-05,0.005068660356,0.0006162796129,0.00584565415
110.0,0.003634391729,5.964241583e-05,0.009561828396,0.0001329572732,0.003081861027,4.4612586e-05,0.01295246456,0.0002591114704,0.003877198771,0.0001688497409,0.003769942998,1.999287049e-05,0.004730436193,0.0006340488503,0.006479703001
111.0,0.003593717791,5.908357271e-05,0.00951402635,0.0001325800878,0.003032352829,4.386605501e-05,0.01240267204,0.000246598817,0.003812199831,0.0001672472009,0.003675778903,1.972803374e-05,0.004491965493,0.0006560864751,0.007135789476
112.0,0.003546544272,5.837172986e-05,0.009463200519,0.0001322159791,0.00298165137,4.312926954e-05,0.01201734033,0.0002383129085,0.003746440814,0.0001657825701,0.003583893997,1.946138387e-05,0.00433262326,0.0007092018745,0.00784499135
113.0,0.003493813624,5.75480501e-05,0.009407895807,0.0001317703939,0.002930752798,4.240702061e-05,0.01180641285,0.0002350328698,0.003680742683,0.0001640973765,0.003493338556,1.918583125e-05,0.004265304006,0.0007794307862,0.008624422136
114.0,0.003437941742,5.665056074e-05,0.009345650474,0.0001312319296,0.002879948432,4.169945168e-05,0.01176892701,0.0002365744126,0.003614439431,0.0001623029552,0.003406860835,1.890736638e-05,0.004285412112,0.0008301559043,0.009454578041
115.0,0.003380367656,5.572628034e-05,0.009275909251,0.0001305917376,0.002828595541,4.098915668e-05,0.01189656656,0.0002413171107,0.003549377135,0.0001602921867,0.003322629319,1.860905998e-05,0.004362229571,0.0008420106501,0.01029658869
116.0,0.003323163383,5.481486229e-05,0.009200170819,0.0001298262644,0.002775477028,4.025539838e-05,0.01214664511,0.0002486708921,0.003484620219,0.000158033454,0.003241227768,1.831461327e-05,0.004483896449,0.0008343324292,0.01113092112
117.0,0.003267827676,5.393349722e-05,0.009118872476,0.0001289732066,0.002719631335,3.947034061e-05,0.01247186059,0.0002586988318,0.003417951135,0.0001561688547,0.003163929344,1.801265029e-05,0.004650750261,0.0008409569729,0.01197187809
118.0,0.003213716813,5.309661917e-05,0.009031661064,0.0001279624735,0.002660520412,3.861525454e-05,0.01282650645,0.0002710058224,0.003351013718,0.0001540400716,0.003089430415,1.77212207e-05,0.004855280174,0.0008769279974,0.01284880609
119.0,0.00316091176,5.230276656e-05,0.008942487499,0.0001268938311,0.002597764022,3.767805177e-05,0.01314786012,0.0002840955745,0.003283388868,0.0001518498621,0.003017360554,1.743423208e-05,0.005070232804,0.0009669625736,0.01381576866
120.0,0.003111556819,5.155236128e-05,0.008848547898,0.0001257587466,0.002531555832,3.665708218e-05,0.01340476523,0.0002961846031,0.003216773803,0.000149701104,0.002948024168,1.715320072e-05,0.005263802889,0.001036008496,0.01485177716
121.0,0.003066205717,5.084748929e-05,0.00875152624,0.0001244914376,0.00246278554,3.557052914e-05,0.01356854034,0.0003053794279,0.003148058507,0.0001475673006,0.002882821283,1.686483425e-05,0.005402838109,0.001018299884,0.01587007704
122.0,0.003024956931,5.017567413e-05,0.008649708885,0.0001231481048,0.002392023131,3.442760587e-05,0.01360861814,0.0003091338717,0.003078684883,0.0001452600524,0.002818817743,1.657841399e-05,0.00544370573,0.0009759063061,0.01684598335
123.0,0.002987816616,4.953039839e-05,0.008544456156,0.0001217505533,0.00232013806,3.3262394e-05,0.01352480612,0.0003072992688,0.003009360247,0.0001430369894,0.002756589844,1.632025955e-05,0.005385779077,0.0009101516599,0.01775613501
124.0,0.002954261343,4.891333471e-05,0.008433522366,0.0001202387843,0.002248058789,3.210265274e-05,0.01332418007,0.0002998199941,0.002941389008,0.0001407582861,0.002695415152,1.605596412e-05,0.005229970889,0.0008242104917,0.0185803455
125.0,0.002922108931,4.833062687e-05,0.008318067875,0.0001186085748,0.002176833207,3.096570775e-05,0.01301506158,0.0002879491135,0.002872756828,0.0001386402752,0.002636847585,1.579471982e-05,0.004999855338,0.0007268129403,0.01930715844
126.0,0.002889491524,4.774770522e-05,0.00819799494,0.0001168783789,0.002106228854,2.987285193e-05,0.01261777869,0.0002728690924,0.00280360582,0.0001363925304,0.002579012109,1.553762109e-05,0.004717157185,0.0006268222393,0.01993398068
127.0,0.002855287721,4.71498102e-05,0.008072315478,0.0001151170658,0.002037158067,2.882910651e-05,0.01216031651,0.0002561304137,0.002735571629,0.0001338022161,0.002523699074,1.528230148e-05,0.004409490122,0.0005326190198,0.0204665997
128.0,0.00281837535,4.651304194e-05,0.007944437181,0.0001132814519,0.001969760067,2.784615893e-05,0.01167582689,0.000239006103,0.002669735691,0.0001314541917,0.002469458551,1.502668204e-05,0.004098878809,0.0004502494767,0.02091684918
129.0,0.002779074932,4.583908669e-05,0.007813720809,0.0001114378926,0.001903955319,2.691911075e-05,0.01118052049,0.0002222870689,0.002603454829,0.0001292975123,0.002416211266,1.47756121e-05,0.003798620675,0.0003827171839,0.02129956636
130.0,0.002736721893,4.512504566e-05,0.007684906521,0.0001096176657,0.001840810885,2.604578045e-05,0.01069662954,0.0002065334112,0.002539066922,0.0001267957849,0.002364883908,1.452921475e-05,0.003517909121,0.0002647585036,0.02156432486
131.0,0.002691899329,4.43772563e-05,0.007558324583,0.0001078065107,0.001779887347,2.522487996e-05,0.01023765241,0.0001926000742,0.00247452432,8.123475696e-06,0.002312470723,1.42699782e-05,0.003270685409,0.0002032613649,0.02176758623
132.0,0.002647263379,4.363211104e-05,0.007432716969,0.0001060853127,0.001720821622,2.444321138e-05,0.009811769499,0.0001804255882,0.002400438944,7.909377254e-06,0.002259445412,1.399709093e-05,0.003055404038,0.0001640911113,0.02193167734
133.0,0.002602106526,4.288135419e-05,0.00731198944,0.0001044019503,0.001664055669,2.370465619e-05,0.009430077875,0.0001700550764,0.002330182792,7.704594477e-06,0.002208743393,1.37362607e-05,0.002872253516,0.0001340375797,0.02206571492
134.0,0.002557520905,4.213333018e-05,0.0071943807,0.0001027675236,0.001609875572,2.300428025e-05,0.009086763669,0.0001616176161,0.002263782157,7.503301975e-06,0.002160202743,1.348055674e-05,0.002722973106,0.000105468254,0.02217118317
135.0,0.002514707977,4.140281904e-05,0.007082274709,0.0001012183794,0.001558162457,2.233972066e-05,0.008786802831,0.0001550478178,0.00220202854,7.318627909e-06,0.002114044004,1.323720587e-05,0.002606054579,7.850302467e-05,0.0222496862
136.0,0.002472480615,4.069806919e-05,0.006975199937,9.972463211e-05,0.001508867894,2.170824261e-05,0.008523128352,0.0001499582798,0.002143410979,7.136457956e-06,0.002069778612,1.300218024e-05,0.002514607654,5.051860421e-05,0.0223002048
137.0,0.002432504093,4.003023314e-05,0.006871907674,9.826708909e-05,0.001462239693,2.110441001e-05,0.008290182764,0.000145521036,0.002088172453,6.96377151e-06,0.002026936178,1.277117326e-05,0.002434565917,3.473320929e-05,0.02233493801
138.0,0.002394441334,3.938885939e-05,0.006773131298,9.685829072e-05,0.00141793126,2.052996794e-05,0.008082429767,0.0001420312695,0.002035910322,6.795543194e-06,0.00198582174,1.255090866e-05,0.002370734312,7.035687081e-06,0.0223419737
139.0,0.002357374762,3.877738572e-05,0.006677988488,9.550427452e-05,0.001376027401,1.998277878e-05,0.00788906497,0.0001389101553,0.001986262716,6.630567475e-06,0.001946048399,1.233643353e-05,0.002313306858,-3.260870494e-05,0.02230936499
140.0,0.002322319819,3.819176365e-05,0.006586609066,9.418183122e-05,0.001336263958,1.946399579e-05,0.007707503914,0.0001359830473,0.001938908089,6.463355752e-06,0.001907563911,1.213343957e-05,0.002259384838,-7.732819361e-05,0.0222320368
141.0,0.002288247173,3.762438479e-05,0.00649757843,9.292687209e-05,0.001298830271,1.897394423e-05,0.007530849577,0.0001329179555,0.001893058291,6.309993854e-06,0.001870660227,1.194281361e-05,0.002203424714,-0.0001228071675,0.02210922963
142.0,0.00225486198,3.708127207e-05,0.006411202608,9.173016231e-05,0.001263567965,1.851455966e-05,0.007358164186,0.0001295342072,0.001849521062,6.163292868e-06,0.001835275296,1.175898601e-05,0.002142463445,-0.0001640622419,0.02194516739
143.0,0.002221799316,3.655928498e-05,0.006326433004,9.059277843e-05,0.00123065721,1.808588292e-05,0.007185811992,0.0001259605575,0.001807496282,6.010455096e-06,0.001801212371,1.158572958e-05,0.002078717496,-0.0001986690593,0.02174649833
144.0,0.002189449757,3.604748959e-05,0.006242958604,8.946940046e-05,0.00119988284,1.769255657e-05,0.007011015881,0.0001209191951,0.001766946818,5.872463954e-06,0.001769099282,1.141558049e-05,0.001991144059,-0.0001797610499,0.02156673728
145.0,0.002157262536,3.554860749e-05,0.006160722354,8.83667123e-05,0.001171022497,1.733509936e-05,0.006840820285,0.0001176006247,0.00172781183,5.746015101e-06,0.00173808638,1.125621589e-05,0.001932374045,-0.000190090613,0.02137664667
146.0,0.002125910295,3.506368224e-05,0.006079200672,8.730462288e-05,0.00114425942,1.700384556e-05,0.006668475427,0.0001144425787,0.001691070118,5.619542745e-06,0.001708341932,1.110593396e-05,0.001876549851,-0.0001939711977,0.02118267547
147.0,0.002094846669,3.458617261e-05,0.005997722243,8.623420812e-05,0.001119306433,1.669370025e-05,0.006488324056,0.0003242277413,0.001654680667,5.490182056e-06,0.001678249252,1.095720381e-05,0.005305705237,-0.0001826079011,0.02100006757
148.0,0.002061512765,3.406457607e-05,0.005896844098,8.480839244e-05,0.00109637438,1.642096611e-05,0.006217916031,0.0001124020918,0.001621631473,5.373784351e-06,0.001650604555,1.081846651e-05,0.001836380373,-0.0001810536327,0.02081901394
149.0,0.002031731675,3.362063402e-05,0.00582833475,8.394072036e-05,0.001073179602,1.611314554e-05,0.006096028388,0.0001092804205,0.001587887274,5.257839412e-06,0.001623823677,1.068511101e-05,0.001781938387,-0.0001823256547,0.02063668828
150.0,0.002002323116,3.317591031e-05,0.00575524035,8.299747897e-05,0.001051003539,1.58358292e-05,0.005930070271,0.0001038866289,0.0015558538,5.148429707e-06,0.001598109988,1.056091098e-05,0.001690982092,-0.0001768023621,0.02045988592
151.0,0.001973707115,3.274287586e-05,0.005680490744,8.199542701e-05,0.001030215571,1.557901122e-05,0.005755150345,0.0002863345704,0.001523960662,5.034602846e-06,0.001572330458,1.043146513e-05,0.004652784341,-0.0002030128361,0.02025687308
152.0,0.001942407936,3.223491021e-05,0.005583914127,8.06179668e-05,0.001010829542,1.53536804e-05,0.005507247198,9.58226422e-05,0.001495117902,4.933629257e-06,0.001548587474,1.031470636e-05,0.001555006873,-0.0001495869631,0.02010728612
153.0,0.00191500382,3.181170285e-05,0.005516088894,7.967637895e-05,0.0009917355452,1.510434838e-05,0.005394776153,9.198007505e-05,0.001465097519,4.838202904e-06,0.001525100816,1.019841829e-05,0.001490325516,-0.0001291645053,0.01997812162
154.0,0.001888325926,3.138721173e-05,0.005442189632,7.862910463e-05,0.000973402775,1.487554321e-05,0.005258587526,0.0002578370371,0.001434940981,4.749084616e-06,0.001501178947,1.007764725e-05,0.004171409453,-0.0002099359361,0.01976818568
155.0,0.001857911805,3.088075222e-05,0.005348770777,7.72662827e-05,0.0009563650527,1.468076986e-05,0.00505467414,8.598676626e-05,0.00140804451,4.666115166e-06,0.001478948838,9.970415586e-06,0.00138941875,-0.0001268177007,0.01964136798
156.0,0.001832118135,3.047131475e-05,0.005279315193,7.625753829e-05,0.0009395249625,1.446325316e-05,0.004966544461,0.0002460617453,0.001379003715,4.583888628e-06,0.00145556951,9.860347934e-06,0.003970679386,-0.0002083622539,0.01943300573
157.0,0.001802819126,2.997440367e-05,0.005188186011,7.492294613e-05,0.0009236568832,1.428434539e-05,0.004803106736,8.230922543e-05,0.001354213617,4.507880163e-06,0.001434072269,9.758924324e-06,0.001326678395,-0.0001149485918,0.01931805713
158.0,0.001778384377,2.957961358e-05,0.005119307859,7.3900649e-05,0.0009081416252,1.408157291e-05,0.004737820816,0.0002368847996,0.001327360168,4.431590451e-06,0.001411402524,9.651568967e-06,0.003813417411,-0.0001749258246,0.01914313131
159.0,0.001749619894,2.910064178e-05,0.005027695516,7.256958455e-05,0.000894209703,1.392442144e-05,0.004601944343,8.036733434e-05,0.001303329119,4.362341545e-06,0.001390520188,9.551184857e-06,0.001292300988,-0.0001129329791,0.01903019833
160.0,0.001725827803,2.87210089e-05,0.00495541452,7.151580561e-05,0.0008805202845,1.374113567e-05,0.00455596005,7.973775377e-05,0.001278385193,4.293871334e-06,0.001369316542,9.451011805e-06,0.001280622895,-0.0001144706814,0.01891572765
161.0,0.001701799024,2.83365173e-05,0.004874796974,7.037513932e-05,0.0008682732445,1.358008883e-05,0.004487732161,7.790614301e-05,0.00125413655,4.233224861e-06,0.001348619955,9.352449981e-06,0.001249641933,-0.0001339702787,0.01878175737
162.0,0.001676601286,2.793992542e-05,0.004790752169,6.91970074e-05,0.0008579061748,1.34446858e-05,0.004412173778,0.0002186022126,0.001230211159,4.169292095e-06,0.001327345293,9.252234418e-06,0.00350208296,-6.427947819e-05,0.01871747789
163.0,0.001647028554,2.746569025e-05,0.004690694038,6.78039732e-05,0.0008510489412,1.337049764e-05,0.004317950151,8.040258291e-05,0.001208079314,4.112870907e-06,0.001307312342,9.155593355e-06,0.001286708854,-0.0001624114294,0.01855506646
164.0,0.001621085008,2.707215278e-05,0.004610893094,6.669365941e-05,0.0008433501007,1.326255419e-05,0.004258657129,7.912838258e-05,0.001185453153,4.058830535e-06,0.001286850985,9.054990776e-06,0.001264863441,-0.0001560791111,0.01839898735
165.0,0.001596118818,2.668123922e-05,0.004524469064,6.553391045e-05,0.0008367257195,1.316787336e-05,0.004186299735,7.694970691e-05,0.00116362656,4.003628552e-06,0.001266269563,8.960700101e-06,0.001228685653,-0.00014889058,0.01825009677
166.0,0.00157113368,2.62904144e-05,0.004435485788,6.432198956e-05,0.0008307605466,1.308193355e-05,0.004115285557,7.457787971e-05,0.001142466398,3.951494769e-06,0.00124602739,8.861013096e-06,0.001189535927,-0.0001415215723,0.0181085752
167.0,0.0015458876,2.589361411e-05,0.004344998743,6.305060974e-05,0.0008252985029,1.299987071e-05,0.004046773517,0.0002001257219,0.001121234146,3.902460693e-06,0.001225131277,8.76377499e-06,0.00318877169,1.44462561e-05,0.01812302146
168.0,0.001517939394,2.54347851e-05,0.004242947057,6.157792618e-05,0.0008220438004,1.295697905e-05,0.003996369571,7.65285477e-05,0.001101630729,3.85447755e-06,0.001205327676,8.669666212e-06,0.001218283893,-0.0001130344885,0.01800998697
169.0,0.001493388633,2.505324881e-05,0.004157917737,6.032628345e-05,0.0008153043896,1.284972855e-05,0.00392882698,7.461340274e-05,0.001081968971,3.807284695e-06,0.001185504153,8.575102126e-06,0.001186637362,-0.0001019240806,0.01790806289
170.0,0.001470387905,2.467788185e-05,0.004067422524,5.901277363e-05,0.0008087938186,1.274761714e-05,0.003861710084,7.182835144e-05,0.001063210172,3.764514549e-06,0.00116570865,8.482046465e-06,0.001141288866,-9.316934364e-05,0.01781489354
171.0,0.001447349146,2.430210457e-05,0.003975056056,5.765564492e-05,0.0008021539824,1.264679134e-05,0.003802110352,0.0001885558181,0.001044839586,3.721288806e-06,0.001145870284,8.386675797e-06,0.002993279894,4.379970165e-05,0.01785869324
172.0,0.001421200811,2.385335993e-05,0.003870961254,5.611508371e-05,0.0007974005183,1.258942943e-05,0.003781256513,7.258279035e-05,0.001027836618,3.679516516e-06,0.00112723422,8.293073052e-06,0.001151273255,-6.429919306e-05,0.01779439405
173.0,0.001397484817,2.347219812e-05,0.003780462918,5.476567257e-05,0.0007893061268,1.246503303e-05,0.003724452691,6.973330338e-05,0.00101048962,3.640620333e-06,0.001108494388,8.202511624e-06,0.001105111075,-5.568622233e-05,0.01773870783
174.0,0.001375003672,2.309494644e-05,0.003685155457,5.335802577e-05,0.0007816262975,1.234690921e-05,0.003672563381,0.000181683799,0.0009936576256,3.601313088e-06,0.001089584287,8.114029911e-06,0.002876826125,5.072960572e-05,0.01778943743
175.0,0.001349085526,2.265063672e-05,0.003579548894,5.179920216e-05,0.0007760331091,1.227780028e-05,0.003667866477,6.999097994e-05,0.0009780068847,3.565597808e-06,0.001071469165,8.029914721e-06,0.001107351441,-2.846324549e-05,0.01776097419
176.0,0.001325497872,2.226930513e-05,0.003487029675,5.043371514e-05,0.0007674435792,1.214169344e-05,0.00361192772,6.673128802e-05,0.0009630404445,3.530896357e-06,0.001054042266,7.949747474e-06,0.001054906764,-2.401414293e-05,0.01773696005
177.0,0.001302856361,2.189366073e-05,0.003391623238,4.902910346e-05,0.0007592639801,1.201659722e-05,0.003567794193,0.0001740278561,0.000948239032,3.500438398e-06,0.001037197213,7.869725385e-06,0.002748862987,5.36481623e-05,0.01779060821
178.0,0.001277023217,2.145349375e-05,0.003287726138,4.750252373e-05,0.0007529369091,1.194291669e-05,0.003567860649,6.69028123e-05,0.0009352228396,3.470263141e-06,0.001021365643,7.792283855e-06,0.001055919804,1.351023475e-06,0.01779195923
179.0,0.001253439976,2.106931762e-05,0.003196754856,4.615668334e-05,0.0007438924307,1.180013377e-05,0.003514919939,0.0001749867034,0.0009233674527,3.44121705e-06,0.001005782136,7.714940883e-06,0.002759659115,4.022909672e-05,0.01783218833
180.0,0.001228296,2.063091228e-05,0.00309741121,4.467388146e-05,0.0007371862381,1.171946242e-05,0.003508634788,6.769068159e-05,0.0009123467308,3.410753091e-06,0.0009911855585,7.639512236e-06,0.001066701549,3.315172879e-05,0.01786534006
181.0,0.001205160109,2.025524007e-05,0.003010744165,4.337440197e-05,0.0007278075683,1.156757543e-05,0.003452231678,6.415637431e-05,0.0009016959828,3.383636648e-06,0.0009768155551,7.570288291e-06,0.001010284856,2.925924382e-05,0.0178945993
182.0,0.001183281747,1.988294057e-05,0.00292391,4.206400006e-05,0.0007190520948,1.143363772e-05,0.003403807021,0.0001659442689,0.0008913220649,3.356332532e-06,0.0009629560967,7.501440213e-06,0.002611257505,4.881474162e-05,0.01794341404
183.0,0.001158199095,1.944471554e-05,0.002831783021,4.064304849e-05,0.0007124659963,1.135893516e-05,0.003400770741,6.358338366e-05,0.0008812799784,3.330513008e-06,0.0009501383544,7.432290803e-06,0.0009997996715,4.663179469e-05,0.01799004584
184.0,0.00113503241,1.906783168e-05,0.00275233594,3.939405446e-05,0.0007033875738,1.121464854e-05,0.003346468044,0.0001653434683,0.0008726984837,3.31185453e-06,0.0009378390569,7.367812173e-06,0.002598177474,4.171854963e-05,0.01803176439
185.0,0.001110871124,1.863379642e-05,0.002666632211,3.803749522e-05,0.0006967129131,1.113693116e-05,0.003337056913,6.373815806e-05,0.0008644556236,3.294394144e-06,0.0009260915919,7.303096494e-06,0.001000870701,7.118761153e-05,0.018102952
186.0,0.001088433028,1.826921371e-05,0.002593519536,3.684794557e-05,0.0006875563361,1.09893519e-05,0.003275962402,0.0001637715195,0.0008566125052,3.276347679e-06,0.0009147871397,7.240843699e-06,0.002570122128,3.17108128e-05,0.01813466281
187.0,0.001064948635,1.784651509e-05,0.002514412337,3.556163562e-05,0.0006809198292,1.091129927e-05,0.003260819296,6.291822043e-05,0.0008482640444,3.253695259e-06,0.0009039363122,7.179063169e-06,0.0009867352582,8.889075035e-05,0.01822355356
188.0,0.001043457375,1.749768824e-05,0.002446987572,3.444995903e-05,0.0006717878655,1.076408444e-05,0.003196593001,0.0001596344909,0.0008402173757,3.239319844e-06,0.0008939025988,7.121815731e-06,0.002502155872,2.793709383e-05,0.01825149066
189.0,0.001020743321,1.708967635e-05,0.002372921514,3.324615268e-05,0.0006654326998,1.068622679e-05,0.003175930916,6.09949969e-05,0.0008322067312,3.213636084e-06,0.000884397774,7.066771626e-06,0.0009554428207,9.725325536e-05,0.01834874391
190.0,0.001000171262,1.675741252e-05,0.002310636183,3.220608152e-05,0.0006566324255,1.054311745e-05,0.00311195168,0.0001539571595,0.0008245219273,3.20029004e-06,0.0008759895351,7.015304376e-06,0.002410429985,3.093966545e-05,0.01837968358
191.0,0.000978257008,1.635720988e-05,0.002242253496,3.106757783e-05,0.0006504948348,1.047139905e-05,0.003093055354,5.859806184e-05,0.0008166190955,3.185936878e-06,0.0008680112085,6.963136219e-06,0.0009168971068,9.930977311e-05,0.01847899335
192.0,0.0009583311103,1.602656586e-05,0.002185557019,3.009012238e-05,0.0006419373593,1.033806516e-05,0.003031614616,0.0001483820094,0.0008092640303,3.173379852e-06,0.0008610557416,6.91545204e-06,0.002320706922,3.487253635e-05,0.01851386589
193.0,0.0009370936224,1.562995825e-05,0.002121998103,2.903281361e-05,0.0006360369058,1.027231612e-05,0.00301768342,5.641693682e-05,0.0008010157484,3.153608531e-06,0.0008542438274,6.867311902e-06,0.0008818820427,9.985067084e-05,0.01861371656
194.0,0.0009176384883,1.530175219e-05,0.002068580629,2.813917348e-05,0.0006278578851,1.014646533e-05,0.002961670728,0.0001436556872,0.0007929596401,3.13887341e-06,0.0008484622555,6.823757454e-06,0.002244612478,3.423970386e-05,0.01864795626
195.0,0.0008968993952,1.490914644e-05,0.002008346851,2.71482471e-05,0.0006223884913,1.008553735e-05,0.002947480946,5.488756086e-05,0.0007843704911,3.118125992e-06,0.0008425762621,6.778167202e-06,0.0008571804958,0.0001031616627,0.01875111792
196.0,0.0008779210503,1.458182927e-05,0.001958960578,2.632344193e-05,0.0006146179004,9.96550637e-06,0.002895560569,0.0001396990874,0.0007760092121,3.098043718e-06,0.0008375704971,6.738968205e-06,0.002180854236,2.721663923e-05,0.01877833456
197.0,0.0008578615136,1.419725886e-05,0.001903053754,2.540546723e-05,0.0006094748994,9.906983178e-06,0.002877280797,0.0001432289687,0.0007672888256,3.077191375e-06,0.0008324146365,6.69976872e-06,0.002234886576,-6.113881773e-06,0.01877222068
198.0,0.00083767988,1.382493349e-05,0.001850138432,2.454563663e-05,0.0006035059881,9.831152363e-06,0.002848640132,5.682445477e-05,0.0007585199699,3.054863441e-06,0.0008273669639,6.660800632e-06,0.0008862874606,0.0001450879402,0.01891730862
199.0,0.0008199378905,1.352203135e-05,0.001806452623,2.384402422e-05,0.0005960153698,9.708253957e-06,0.002793237336,0.0001384136678,0.0007501997323,3.035209959e-06,0.0008235260613,6.629931508e-06,0.002158195314,-2.480001138e-05,0.01889250861
200.0,0.0008012964098,1.316288033e-05,0.001755070936,2.304078907e-05,0.0005912117264,9.649819804e-06,0.002760670478,5.504435863e-05,0.0007412604767,3.009884058e-06,0.0008193234957,6.596512277e-06,0.0008578670117,0.0001461474049,0.01903865601
201.0,0.0007840561393,1.286306143e-05,0.001712616895,2.238903755e-05,0.0005844600833,9.536025935e-06,0.002717750055,0.0001320111366,0.000732841619,2.989393969e-06,0.0008163138044,6.570795056e-06,0.002056816182,-2.333069981e-05,0.01901532531
202.0,0.0007657244643,1.250901775e-05,0.001662697879,2.163116785e-05,0.0005800622546,9.483561921e-06,0.002686347197,0.0001332600808,0.0007240526503,2.963959914e-06,0.0008133258654,6.545112439e-06,0.002075345012,-5.414524822e-05,0.01896118007
203.0,0.0007478310704,1.216623994e-05,0.001615134646,2.092564389e-05,0.0005748942039,9.413478559e-06,0.002658715544,5.514357113e-05,0.0007150350143,2.935489772e-06,0.0008102845244,6.517439887e-06,0.0008584742198,0.0001946656274,0.01915584569
204.0,0.0007317149698,1.18784271e-05,0.001576526818,2.037041132e-05,0.0005685503721,9.301098956e-06,0.002627690764,0.0001297525476,0.0007075073636,2.913003882e-06,0.0008087398041,6.499512346e-06,0.00201951298,-6.086701917e-05,0.01909497867
205.0,0.0007143109514,1.15482634e-05,0.001531074542,1.971464519e-05,0.0005643722281,9.245658523e-06,0.002586670698,5.363167119e-05,0.000698951382,2.884616408e-06,0.0008063174867,6.47510787e-06,0.0008343538349,0.0001880045433,0.01928298322
206.0,0.0006985650132,1.12600149e-05,0.001494398652,1.921239645e-05,0.0005586097244,9.138423286e-06,0.002563170562,0.0001254330662,0.0006920234323,2.863138278e-06,0.0008051393035,6.460011347e-06,0.001950931531,-5.33368386e-05,0.01922964638
207.0,0.0006819577099,1.093685051e-05,0.001450889885,1.861349994e-05,0.0005546662287,9.084346434e-06,0.002518918689,5.182290619e-05,0.0006837184496,2.835613966e-06,0.0008032697671,6.438810429e-06,0.0008056718821,0.0001757424598,0.01940538884
208.0,0.0006667698508,1.065101195e-05,0.001416191099,1.817382869e-05,0.0005491568797,8.980623574e-06,0.002496750913,0.0001217024323,0.0006774420481,2.813781658e-06,0.0008025840065,6.426909506e-06,0.001891623897,-5.144964035e-05,0.0193539392
209.0,0.0006508278678,1.034726783e-05,0.001375534165,1.765031628e-05,0.0005451781815,8.927198182e-06,0.00245040521,0.0001224671966,0.0006705388175,2.788939606e-06,0.000801529473,6.41235742e-06,0.001902709703,-9.164352427e-05,0.01926229567
210.0,0.0006357152652,1.00586888e-05,0.001338470577,1.719589565e-05,0.0005404653081,8.856629103e-06,0.002411847541,5.301302833e-05,0.0006634477565,2.761896246e-06,0.0008001015433,6.395978044e-06,0.0008233746286,0.0002154105998,0.01947770627
211.0,0.0006217000252,9.800869291e-06,0.001311090537,1.690534974e-05,0.0005348413826,8.747432115e-06,0.002387351647,5.088374838e-05,0.0006574558704,2.738540134e-06,0.0007996502772,6.3854294e-06,0.0007901581868,0.0001878070699,0.01966551334
212.0,0.0006079325165,9.539247005e-06,0.001283807012,1.663335145e-05,0.0005299152283,8.653596925e-06,0.002359684113,0.0001152706424,0.000652257404,2.71917392e-06,0.0007995342957,6.379304806e-06,0.00178937475,-6.4093308e-05,0.01960142004
213.0,0.0005936818335,9.26755376e-06,0.001250583118,1.62667181e-05,0.0005258280012,8.593845624e-06,0.002298688663,4.868123422e-05,0.0006458024295,2.693990878e-06,0.0007988694942,6.367607425e-06,0.000755378003,0.0001764599259,0.01977787996
214.0,0.0005803017317,9.02236772e-06,0.001227175298,1.607963992e-05,0.0005203179059,8.486235149e-06,0.00227731599,0.000112177791,0.0006412569808,2.674770453e-06,0.0007990148839,6.364030329e-06,0.00174028431,-6.855747288e-05,0.01970932249
215.0,0.0005669995381,8.779282445e-06,0.001198958103,1.580521971e-05,0.0005160691065,8.423059357e-06,0.002221312185,4.819162175e-05,0.0006352721999,2.650695884e-06,0.0007982635526,6.352847362e-06,0.0007473278847,0.0001864191944,0.01989574168
216.0,0.0005544274515,8.5532702e-06,0.00118129339,1.571805529e-05,0.0005104752902,8.31269472e-06,0.00220223812,0.000109727228,0.0006312027803,2.632205929e-06,0.0007985126761,6.350390393e-06,0.001701281513,-8.95517294e-05,0.01980618995
217.0,0.0005421595375,8.331373939e-06,0.001158714337,1.554361871e-05,0.0005060422165,8.245244759e-06,0.002148353274,4.840808556e-05,0.0006258318005,2.609284125e-06,0.0007981500228,6.341337175e-06,0.0007502491487,0.0002021470354,0.02000833699
218.0,0.0005303184827,8.119060041e-06,0.001146890836,1.55569806e-05,0.0005003260063,8.132196809e-06,0.002134074312,4.696869496e-05,0.0006217156706,2.589663205e-06,0.0007984344141,6.338694808e-06,0.0007278295206,0.0001830357349,0.02019137272
219.0,0.0005192485751,7.907630298e-06,0.001138063846,1.559516525e-05,0.0004963952601,8.031256615e-06,0.002133701903,0.0001054989468,0.0006181395072,2.573776726e-06,0.0007990963772,6.338694599e-06,0.001638537847,-6.587681337e-05,0.02012549591
220.0,0.000508690664,7.711332124e-06,0.001120608846,1.550512397e-05,0.0004929221754,7.961929e-06,0.002081553725,4.684797221e-05,0.0006132672856,2.552047236e-06,0.0007987479466,6.332155055e-06,0.0007252659211,0.0001914804382,0.02031697635
221.0,0.0004971761817,7.521517963e-06,0.001116205385,1.562046339e-05,0.0004858217555,7.846403135e-06,0.002048469597,4.521194924e-05,0.0006095350406,2.533260999e-06,0.0007989309041,6.329443585e-06,0.0006998905203,0.0001733280044,0.02049030435
222.0,0.0004861627636,7.334506453e-06,0.001112972488,1.571586248e-05,0.0004798276537,7.74307499e-06,0.002022032279,9.988662052e-05,0.0006064724988,2.517762856e-06,0.000799503886,6.330694618e-06,0.001546004051,-7.008750386e-05,0.02042021685
223.0,0.0004776943468,7.168799401e-06,0.001106146236,1.565664097e-05,0.0004774699338,7.669485085e-06,0.00200771409,4.65263211e-05,0.0006022588266,2.499204154e-06,0.0007994120436,6.32411675e-06,0.0007236053859,0.0001976859159,0.02061790277
224.0,0.0004690336972,7.000761505e-06,0.001102367216,1.572058963e-05,0.0004734352692,7.555568856e-06,0.001991863712,9.947143462e-05,0.0005997445894,2.485764796e-06,0.000799545543,6.325306102e-06,0.001538114297,-0.000106836554,0.02051106621
225.0,0.0004586842595,6.848575255e-06,0.001096245687,1.570000896e-05,0.0004659785206,7.476962105e-06,0.001907506275,4.565329244e-05,0.0005958931906,2.467375639e-06,0.0007991610181,6.319360484e-06,0.0007057965332,0.0002085227458,0.02071958896
226.0,0.0004489726631,6.694921028e-06,0.00109985702,1.582961867e-05,0.0004588329826,7.357450319e-06,0.001901756129,4.558137794e-05,0.0005932820418,2.454894822e-06,0.0007994102692,6.31830184e-06,0.0007047883842,0.0002027674369,0.02092235639
227.0,0.0004408676223,6.540123291e-06,0.001103388618,1.589854068e-05,0.0004553947616,7.249558908e-06,0.001931026639,4.531587371e-05,0.0005905782424,2.441478899e-06,0.0007996739192,6.316031919e-06,0.0007041461692,0.0001890081612,0.02111136456
228.0,0.000433148577,6.390690245e-06,0.001097409603,1.588300032e-05,0.0004512833139,7.1457825e-06,0.001911179406,9.402231165e-05,0.000588429669,2.431465557e-06,0.000799923381,6.316267275e-06,0.001452409726,-7.643104358e-05,0.02103493351
229.0,0.0004242672876,6.275421677e-06,0.001087852889,1.577639642e-05,0.0004436281157,7.067820686e-06,0.001818882045,4.331393345e-05,0.0005852089888,2.417957042e-06,0.0007996736235,6.30923357e-06,0.0006689749474,0.000191113729,0.02122604724
230.0,0.000416066944,6.156007063e-06,0.001087198547,1.582040554e-05,0.0004365277686,6.952003719e-06,0.001811547542,4.28112391e-05,0.0005831368133,2.407359523e-06,0.0007997434963,6.306365444e-06,0.0006613011897,0.0001837239896,0.02140977123
231.0,0.0004094167274,6.034079521e-06,0.001087195868,1.581025164e-05,0.0004330625117,6.846479734e-06,0.001840889798,4.281620668e-05,0.0005810359953,2.398129785e-06,0.0007996291475,6.302276372e-06,0.0006646369126,0.0001748652358,0.02158463647
232.0,0.0004030866852,5.913961354e-06,0.001078843306,1.572920016e-05,0.0004289231667,6.744845196e-06,0.001818374645,8.824641006e-05,0.0005794092653,2.391692658e-06,0.0007996007149,6.300779905e-06,0.001361897841,-7.122604874e-05,0.02151341042
233.0,0.00039596802,5.829334185e-06,0.001066997571,1.557223762e-05,0.0004212719335,6.667596326e-06,0.001734077458,4.121042085e-05,0.0005768236706,2.382356058e-06,0.0007990189031,6.293567803e-06,0.000635892014,0.0001875650991,0.02170097552
234.0,0.0003895780546,5.730869832e-06,0.001064585041,1.555411788e-05,0.0004154026296,6.554269253e-06,0.001743318826,4.208640251e-05,0.0005755296229,2.375165164e-06,0.0007988235714,6.290103798e-06,0.0006511740688,0.0001920833554,0.02189305887
235.0,0.000383544565,5.623730344e-06,0.001059075444,1.54711226e-05,0.0004113684042,6.452550403e-06,0.001746431006,8.693001398e-05,0.0005745219981,2.372497415e-06,0.000798758841,6.287396934e-06,0.001344445839,-8.751715869e-05,0.02180554171
236.0,0.0003779751258,5.54017987e-06,0.001045936658,1.527964519e-05,0.000405825002,6.375418956e-06,0.001693574102,4.21842583e-05,0.0005725771403,2.365099376e-06,0.0007981497756,6.279663608e-06,0.0006504314058,0.0002035662048,0.02200910792
237.0,0.0003717402028,5.451842759e-06,0.001040680641,1.521615608e-05,0.0003994431796,6.262799637e-06,0.001684069948,4.27890476e-05,0.0005720328791,2.36181315e-06,0.0007980002005,6.274970514e-06,0.0006615218678,0.0002067785217,0.02221588644
238.0,0.0003664632867,5.358184459e-06,0.0010333125,1.509839074e-05,0.000395090316,6.163047813e-06,0.001681913491,4.207022158e-05,0.0005712172507,2.359245558e-06,0.0007979271266,6.269373553e-06,0.0006502365855,0.0001969445681,0.02241283101
239.0,0.0003604567905,5.272256662e-06,0.001022512033,1.494841796e-05,0.0003891808577,6.065263237e-06,0.001645425131,3.947518466e-05,0.000570606743,2.357512841e-06,0.000797599903,6.263856301e-06,0.0006083610358,0.0001755629642,0.02258839397
240.0,0.0003555556753,5.201671886e-06,0.001013321144,1.479493598e-05,0.0003835173336,5.970313633e-06,0.001622662893,8.087147555e-05,0.0005701210872,2.355804586e-06,0.0007974336762,6.259487231e-06,0.001249494699,-6.126204247e-05,0.02252713193
241.0,0.0003530896809,5.145388865e-06,0.0009988450427,1.45416008e-05,0.0003796206377,5.900157869e-06,0.001602617792,3.99477095e-05,0.0005694014835,2.351333718e-06,0.0007967547826,6.250902164e-06,0.0006169950807,0.0001974197672,0.0227245517
242.0,0.0003477483053,5.082690898e-06,0.0009875914662,1.438428962e-05,0.0003737303008,5.803063861e-06,0.001571053317,7.750287441e-05,0.0005688486958,2.348990676e-06,0.0007964355114,6.245795544e-06,0.001193784137,-9.986457679e-05,0.02262468712
243.0,0.0003443917082,5.029973693e-06,0.0009746038645,1.415302004e-05,0.0003684642145,5.732282276e-06,0.001539032963,7.679504518e-05,0.0005683001373,2.344720662e-06,0.0007958643869,6.237135326e-06,0.001185776875,-0.0001118736161,0.0225128135
244.0,0.0003416538643,4.970531974e-06,0.0009638588549,1.39607416e-05,0.0003646973126,5.656071657e-06,0.001549650417,7.483579854e-05,0.0005678623291,2.342009485e-06,0.0007953428129,6.229104169e-06,0.001155288424,-0.0001025900807,0.02241022342
245.0,0.0003367194327,4.90708262e-06,0.0009517476275,1.377170484e-05,0.0003594604729,5.578288658e-06,0.001521191327,7.058929928e-05,0.0005675658076,2.338867418e-06,0.0007948780715,6.221975978e-06,0.00108669446,-7.694782133e-05,0.0223332756
246.0,0.0003331121586,4.854445239e-06,0.0009408933475,1.358661678e-05,0.0003545153005,5.498366587e-06,0.001503724924,7.188123395e-05,0.000567457637,2.334733133e-06,0.0007944743664,6.214711416e-06,0.001109457656,-7.737336326e-05,0.02225590224
247.0,0.0003307228726,4.797652524e-06,0.000931141652,1.339705149e-05,0.0003512568615,5.421946913e-06,0.001511368754,7.221612768e-05,0.0005673271507,2.332700304e-06,0.0007940933976,6.207663331e-06,0.001114417191,-9.270570109e-05,0.02216319654
248.0,0.0003277222529,4.75249769e-06,0.0009176622792,1.318167994e-05,0.00034652097,5.347026141e-06,0.00148339693,7.030513439e-05,0.0005673788957,2.329822473e-06,0.0007937753742,6.200507393e-06,0.001081910957,-9.593413629e-05,0.0220672624
249.0,0.0003262754694,4.7259085e-06,0.0009043040217,1.296179294e-05,0.0003419920177,5.272177915e-06,0.001477064156,7.323838929e-05,0.0005673487581,2.328350875e-06,0.0007935138594,6.193233256e-06,0.001129964742,-0.0001143142164,0.02195294818
250.0,0.0003252756416,4.692515939e-06,0.0008932961077,1.274810484e-05,0.0003390540731,5.202664771e-06,0.001484390259,7.29455606e-05,0.0005673011801,2.326166892e-06,0.0007931222295,6.185225287e-06,0.001125253564,-0.0001162235779,0.02183672461
251.0,0.0003231444808,4.666403138e-06,0.0008792541658,1.252065941e-05,0.000334594376,5.135625989e-06,0.001455265316,6.980687062e-05,0.0005672880075,2.323624159e-06,0.0007926892402,6.177377663e-06,0.001073880482,-0.0001064045323,0.02173032007
252.0,0.0003223261858,4.653628013e-06,0.0008654958628,1.22973505e-05,0.0003303537021,5.069630129e-06,0.001444431272,7.088037802e-05,0.0005672927752,2.320698862e-06,0.000792307223,6.169286375e-06,0.001093237655,-0.0001051273712,0.0216251927
253.0,0.0003216787893,4.629343561e-06,0.0008551104116,1.209633232e-05,0.0003277257209,5.009336253e-06,0.001448887418,6.920701557e-05,0.0005672667736,2.318659923e-06,0.0007918571133,6.160782684e-06,0.001067273679,-9.550492017e-05,0.02152968778
254.0,0.0003196797092,4.607906398e-06,0.0008423489254,1.189163656e-05,0.0003236339384,4.952032894e-06,0.001416074077,6.506646459e-05,0.000567363988,2.315311336e-06,0.000791372675,6.15238283e-06,0.001000712946,-8.056949988e-05,0.02144911828
255.0,0.0003190620914,4.598128716e-06,0.000829728496,1.169148765e-05,0.0003198460436,4.895911265e-06,0.001402853537,6.545942664e-05,0.0005674689279,2.31239631e-06,0.0007910006329,6.14402685e-06,0.001009400569,-7.580285767e-05,0.02137331543
256.0,0.0003185488404,4.576872534e-06,0.0008208080698,1.151835648e-05,0.0003177363053,4.845300527e-06,0.001402360317,6.377217625e-05,0.0005676002335,2.30969338e-06,0.0007906267005,6.134066232e-06,0.0009832712467,-6.813381121e-05,0.02130518161
257.0,0.00031676694,4.559658517e-06,0.000809701348,1.134013535e-05,0.0003141845728,4.79775393e-06,0.001373681364,5.955242291e-05,0.0005677557937,2.306667352e-06,0.0007901095111,6.126053283e-06,0.0009157714965,-5.122003083e-05,0.02125396158
258.0,0.0003166109909,4.555692236e-06,0.0007984997964,1.116358689e-05,0.0003109442312,4.751257342e-06,0.001360065261,6.085574877e-05,0.0005680437305,2.303979577e-06,0.000789821579,6.117419808e-06,0.0009382953771,-5.399064057e-05,0.02119997094
259.0,0.0003165643413,4.543028542e-06,0.0007913395418,1.101870013e-05,0.0003093158652,4.710204655e-06,0.00136074071,5.987186764e-05,0.0005682661561,2.302830759e-06,0.0007895287305,6.108935783e-06,0.0009230473841,-4.984379528e-05,0.02115012715
260.0,0.0003154038853,4.537335561e-06,0.0007819331448,1.086872982e-05,0.0003062273524,4.671710435e-06,0.001337145448,5.576319879e-05,0.0005686173187,2.300587597e-06,0.000789241722,6.100432579e-06,0.0008574561492,-2.848835047e-05,0.0211216388
261.0,0.0003159919328,4.546509001e-06,0.0007722532715,1.071975835e-05,0.000303444777,4.633745272e-06,0.001326447238,5.76730524e-05,0.0005690671643,2.2995043e-06,0.0007890276179,6.091710202e-06,0.0008891883234,-3.595121072e-05,0.02108568759
262.0,0.0003159514011,4.547769231e-06,0.0007664962295,1.060792718e-05,0.0003015728631,4.600228569e-06,0.001335120961,6.002585033e-05,0.0005695601666,2.297994721e-06,0.0007888638275,6.082918749e-06,0.0009276158977,-6.038618276e-05,0.0210253014
263.0,0.0003167979606,4.550105472e-06,0.0007626697791,1.050432677e-05,0.0003010503211,4.569482845e-06,0.001328434369,5.285848043e-05,0.0005700511317,2.295880023e-06,0.0007885326461,6.074023168e-06,0.0008126203466,4.567748641e-06,0.02102986915
264.0,0.0003173643506,4.57691663e-06,0.000751155905,1.036648058e-05,0.0002971760179,4.538018435e-06,0.001289705372,5.127360575e-05,0.0005708311671,2.295811849e-06,0.0007882659139,6.066025889e-06,0.0007884866572,1.233598592e-05,0.02104220514
265.0,0.0003201329177,4.600794735e-06,0.0007449789449,1.026029112e-05,0.0002963222568,4.509933398e-06,0.001307237915,5.806823395e-05,0.000571643314,2.294239203e-06,0.0007881525267,6.056939761e-06,0.0008976396211,-4.41130159e-05,0.02099809212
266.0,0.0003195094689,4.609709945e-06,0.0007428093581,1.020455136e-05,0.0002944419779,4.487457306e-06,0.00129874444,5.366797579e-05,0.0005724714127,2.294930915e-06,0.0007880257743,6.048765854e-06,0.0008271817715,-1.849846546e-05,0.02097959366
267.0,0.0003214227753,4.636203909e-06,0.0007383774361,1.011911739e-05,0.0002930475356,4.46394028e-06,0.001298622425,5.237531715e-05,0.0005734008986,2.293484798e-06,0.0007880296305,6.04025618e-06,0.0008073506163,8.977449457e-06,0.02098857111
268.0,0.0003227392754,4.665348008e-06,0.000732034576,1.002981284e-05,0.0002912672997,4.444205908e-06,0.001276284942,4.849414477e-05,0.0005743649811,2.294854691e-06,0.0007878925947,6.032339601e-06,0.0007457314235,6.205188257e-05,0.02105062299
269.0,0.0003256743348,4.699461399e-06,0.0007259427006,9.94282379e-06,0.0002899243497,4.426108281e-06,0.001281900524,5.546561951e-05,0.0005754714759,2.294355152e-06,0.0007879846592,6.023398213e-06,0.0008574449243,-2.951888837e-05,0.0210211041
270.0,0.000325696529,4.720950602e-06,0.0007253749184,9.917670525e-06,0.0002884458554,4.412735935e-06,0.001273071755,5.095805329e-05,0.0005765751119,2.296050169e-06,0.0007879988554,6.014711591e-06,0.0007854865322,7.16566059e-06,0.02102826976
271.0,0.0003285531832,4.756909456e-06,0.0007228047684,9.860273786e-06,0.0002878855209,4.398515568e-06,0.001274368173,5.005722807e-05,0.0005777570454,2.297147162e-06,0.0007880517233,6.005888646e-06,0.0007717224923,3.200435036e-05,0.02106027411
272.0,0.0003301324255,4.793711363e-06,0.0007181122659,9.79628192e-06,0.0002864248139,4.387929395e-06,0.00125743697,4.790643453e-05,0.0005790078016,2.29853269e-06,0.0007881081872,5.997335197e-06,0.0007368153402,6.546624344e-05,0.02112574036
273.0,0.00033342661,4.838063129e-06,0.0007136729923,9.73211348e-06,0.0002854860092,4.378521825e-06,0.001272988141,5.058570879e-05,0.0005803630017,2.300200742e-06,0.0007882227843,5.987867275e-06,0.0007821199854,3.048707139e-05,0.02115622743
274.0,0.0003341406176,4.869740337e-06,0.0007152984205,9.735531063e-06,0.0002846319107,4.374184384e-06,0.001256491621,4.78743965e-05,0.000581765676,2.302845198e-06,0.0007883211521,5.979278377e-06,0.000738109825,5.025910962e-05,0.02120648654
275.0,0.0003374217581,4.910560083e-06,0.0007142356588,9.69587648e-06,0.0002845744357,4.368821674e-06,0.001262671266,4.842148083e-05,0.0005832334206,2.305241571e-06,0.0007883509107,5.96915936e-06,0.0007466716938,6.925990364e-05,0.02127574644
276.0,0.0003393219813,4.952345138e-06,0.0007108697654,9.648250472e-06,0.0002836244213,4.367457125e-06,0.001257256089,5.025117713e-05,0.0005848008593,2.307872913e-06,0.0007884372463,5.959849732e-06,0.0007730720949,0.0001052908253,0.02138103727
277.0,0.000342893205,5.00080415e-06,0.0007076031678,9.595282338e-06,0.0002832291808,4.367754368e-06,0.001285116815,4.97313111e-05,0.0005865210316,2.31102388e-06,0.0007885973,5.95016454e-06,0.0007691056675,9.102645412e-05,0.02147206372
278.0,0.0003439523412,5.038279897e-06,0.0007102610649,9.616940382e-06,0.0002829429843,4.37299537e-06,0.001254411492,4.788364247e-05,0.000588204819,2.315992392e-06,0.000788818514,5.941027405e-06,0.0007384671265,7.28677171e-05,0.02154493144
279.0,0.0003474871865,5.084587296e-06,0.0007102740702,9.59257764e-06,0.000283372418,4.376080142e-06,0.001273047825,5.007779778e-05,0.0005900138757,2.319397126e-06,0.0007889648229,5.931318387e-06,0.0007724355237,9.162182773e-05,0.02163655326
280.0,0.0003497415812,5.13255783e-06,0.0007079519588,9.559415469e-06,0.0002829737675,4.383058485e-06,0.001275068015,5.340373472e-05,0.0005919300855,2.324388491e-06,0.0007891068058,5.921937502e-06,0.0008218323082,0.0001234134984,0.02175996676
281.0,0.0003535250491,5.183271279e-06,0.0007055494085,9.516299263e-06,0.0002831706548,4.391884782e-06,0.001302314815,5.198149329e-05,0.0005940824306,2.328307668e-06,0.0007892734203,5.911599932e-06,0.0008041562398,0.0001077593848,0.02186772615
282.0,0.0003541595404,5.22724031e-06,0.0007085825261,9.553074055e-06,0.0002826942982,4.405130723e-06,0.001268088953,4.930479091e-05,0.0005961786049,2.333136673e-06,0.0007896622745,5.901751448e-06,0.0007624448053,8.844164272e-05,0.02195616779
283.0,0.0003587506227,5.277130681e-06,0.000713020179,9.562616315e-06,0.0002853532397,4.417387231e-06,0.001279178876,5.421930539e-05,0.0005982257663,2.339752658e-06,0.0007899825878,5.892361767e-06,0.0008343624504,0.0001109026249,0.02206707041
284.0,0.0003620405816,5.332411338e-06,0.0007069864964,9.494430533e-06,0.0002844847516,4.43074121e-06,0.001308489037,5.615950486e-05,0.0006005610564,2.344217139e-06,0.0007902832807,5.881844491e-06,0.000866779721,0.0001576882681,0.02222475868
285.0,0.0003644407065,5.378196922e-06,0.0007075330351,9.491516022e-06,0.0002849834328,4.45016808e-06,0.001297853862,5.217173861e-05,0.0006029490523,2.351263443e-06,0.00079068954,5.872652819e-06,0.0008072183196,0.0001139879894,0.02233874667
286.0,0.0003672443147,5.427823857e-06,0.0007121428799,9.526340137e-06,0.0002865237996,4.470397718e-06,0.001286721648,5.359878276e-05,0.0006055512926,2.357540732e-06,0.0007911222679,5.862961923e-06,0.0008270976673,0.0001286678378,0.02246741451
287.0,0.0003714839321,5.483073387e-06,0.0007120848938,9.501362868e-06,0.0002879717189,4.490811149e-06,0.001307996685,5.503360224e-05,0.0006082841415,2.365034074e-06,0.0007914848174,5.852401567e-06,0.0008494719297,0.0001479688241,0.02261538333
288.0,0.0003732156917,5.534699431e-06,0.000710569901,9.489603965e-06,0.0002875019303,4.514377378e-06,0.001299757239,5.510958733e-05,0.0006112149571,2.373378376e-06,0.0007919605426,5.842446174e-06,0.0008507111672,0.0001605981997,0.02277598153
289.0,0.0003778547138,5.586818998e-06,0.0007134038788,9.487418692e-06,0.0002902494725,4.539874321e-06,0.001318810753,5.610575647e-05,0.0006143638422,2.380743615e-06,0.0007924227576,5.831969353e-06,0.0008662841711,0.0001518067287,0.02292778826
290.0,0.0003800507183,5.638880917e-06,0.0007128397166,9.483600736e-06,0.0002906888393,4.568370903e-06,0.00131271347,5.485605179e-05,0.0006177749063,2.388695235e-06,0.000793011559,5.821744098e-06,0.0008490906524,0.0001679188579,0.02309570712
291.0,0.0003828446058,5.694910681e-06,0.0007169209273,9.516949676e-06,0.0002924909855,4.599470098e-06,0.001302640006,5.507547441e-05,0.0006212502644,2.396192682e-06,0.0007935027723,5.810971993e-06,0.0008503122065,0.0001560686429,0.02325177576
292.0,0.0003866592089,5.75073549e-06,0.0007169790426,9.496533617e-06,0.0002943221314,4.630745335e-06,0.001321891239,5.884894746e-05,0.0006248222237,2.405902204e-06,0.0007940696188,5.800500979e-06,0.0009066163176,0.0001543621184,0.02340613788
293.0,0.0003906052557,5.804255982e-06,0.0007144513401,9.453322629e-06,0.0002960968841,4.66585291e-06,0.001346420143,5.979005754e-05,0.0006287041256,2.414505058e-06,0.0007946157156,5.789809682e-06,0.0009260441069,0.0002082516799,0.02361438956
294.0,0.0003914403864,5.853728428e-06,0.0007170873623,9.496471304e-06,0.0002969118713,4.706088635e-06,0.001302314382,5.658434138e-05,0.0006327004328,2.422806267e-06,0.000795418166,5.780052447e-06,0.0008761152323,0.0001852069863,0.02379959655
295.0,0.000396411815,5.911205524e-06,0.0007221673164,9.516106354e-06,0.0003011059409,4.745395212e-06,0.001318206045,5.943674727e-05,0.000636647583,2.430201726e-06,0.0007959112835,5.76984795e-06,0.00091588133,0.0001482564177,0.02394785297
296.0,0.0004000112463,5.966978056e-06,0.0007168799298,9.455587705e-06,0.0003021171842,4.787165387e-06,0.001342529958,6.129921179e-05,0.0006407684466,2.437909813e-06,0.0007964769675,5.757701797e-06,0.0009497433024,0.0002227328566,0.02417058582
297.0,0.0004006259781,6.016399203e-06,0.0007182977354,9.48331368e-06,0.0003029732852,4.833928908e-06,0.001302182931,5.84075153e-05,0.000644965655,2.446661421e-06,0.0007971200861,5.746762784e-06,0.0009047340154,0.0002045809089,0.02437516673
298.0,0.0004057814145,6.072930174e-06,0.000723146729,9.498001371e-06,0.0003078252269,4.880888335e-06,0.00131805714,6.055042513e-05,0.0006491408292,2.457346411e-06,0.0007976394763,5.735895261e-06,0.0009334793185,0.0001572921354,0.02453245887
299.0,0.0004094434978,6.127680619e-06,0.0007183645901,9.438176603e-06,0.0003096625364,4.931048808e-06,0.001340350267,6.261694129e-05,0.0006534789229,2.465925482e-06,0.0007982165518,5.724360458e-06,0.0009705993907,0.0002361939076,0.02476865277
300.0,0.0004103028305,6.176888487e-06,0.0007200674253,9.467520638e-06,0.0003110592196,4.985066795e-06,0.00129899415,5.971116353e-05,0.0006578586186,2.47747689e-06,0.0007990311957,5.713654341e-06,0.0009253691738,0.0002178795812,0.02498653236
301.0,0.0004155179649,6.234055778e-06,0.0007251708076,9.484739874e-06,0.000316337282,5.03956153e-06,0.001315530185,6.163630971e-05,0.0006623365599,2.486179272e-06,0.000799784036,5.702118169e-06,0.0009507041543,0.000164670547,0.0251512029
302.0,0.000419081158,6.288645071e-06,0.0007206388099,9.429040712e-06,0.0003186413492,5.097091679e-06,0.001337737975,6.395496554e-05,0.0006668949033,2.495239646e-06,0.0008004915203,5.689529362e-06,0.0009918513596,0.0002474871188,0.02539869002
303.0,0.0004200236815,6.337252207e-06,0.0007225884362,9.461297266e-06,0.0003204663877,5.156732117e-06,0.001296843866,6.11999707e-05,0.0006716096822,2.504710164e-06,0.0008013482096,5.679273749e-06,0.0009489511758,0.0002300575917,0.02562874761
304.0,0.0004252275648,6.394221991e-06,0.0007279505363,9.482137552e-06,0.000326207256,5.215949654e-06,0.001316547479,6.301750148e-05,0.000676311504,2.513949552e-06,0.0008021205867,5.66844881e-06,0.0009725617319,0.0001724752965,0.02580122291
305.0,0.0004287860836,6.448327022e-06,0.0007238692044,9.430903514e-06,0.000328991491,5.277888462e-06,0.001339057182,6.556858517e-05,0.0006811239126,2.522897795e-06,0.0008027938885,5.655652028e-06,0.001017464258,0.0002578129866,0.0260590359
306.0,0.0004296548372,6.496273049e-06,0.0007259835871,9.466869183e-06,0.0003311850393,5.341125587e-06,0.001297166007,6.294334877e-05,0.0006859856943,2.53268978e-06,0.0008037821037,5.644216801e-06,0.0009765722357,0.0002407686196,0.02629980452
307.0,0.0004348589542,6.553110086e-06,0.000731808728,9.492406448e-06,0.0003372558069,5.403654609e-06,0.001319473175,6.467878631e-05,0.0006908794515,2.541844851e-06,0.0008045298138,5.632344382e-06,0.0009988206337,0.0001798448032,0.02647964932
308.0,0.0004383464425,6.606131806e-06,0.0007282771746,9.447912718e-06,0.0003403646341,5.468414372e-06,0.001343131128,4.328416148e-05,0.0006956900778,2.551311318e-06,0.0008052265499,5.61937811e-06,0.0006720893757,-0.000172638667,0.02630701065
309.0,0.0004427308674,6.704455963e-06,0.0007326298165,9.515551455e-06,0.0003427245355,5.528050786e-06,0.001350019204,4.206955729e-05,0.0007007751953,2.564393895e-06,0.0008061228755,5.607826714e-06,0.0006530653001,-0.0001818516352,0.02612515902
310.0,0.00045107666,6.798290778e-06,0.0007388483239,9.548438337e-06,0.0003490320289,5.595210185e-06,0.001402857269,3.565468129e-05,0.0007057210987,2.575146288e-06,0.0008069078474,5.595143483e-06,0.0005509753225,-9.579101708e-05,0.026029368
311.0,0.000454326665,6.868945958e-06,0.0007367049517,9.526321106e-06,0.0003526920936,5.664431779e-06,0.001407421221,3.449208181e-05,0.0007107457241,2.587571552e-06,0.0008075852064,5.582530448e-06,0.0005360164316,-0.0001085389355,0.02592082906
312.0,0.0004554224962,6.92545795e-06,0.000739713802,9.572403936e-06,0.0003554559531,5.734684517e-06,0.00137385895,2.981853647e-05,0.0007155739618,2.59612314e-06,0.0008084821939,5.57043541e-06,0.0004633404401,-3.558590033e-05,0.02588524316
313.0,0.0004605181668,6.970733232e-06,0.000745786308,9.604770502e-06,0.0003620874225,5.805523926e-06,0.001389364559,6.595424381e-05,0.0007201367255,2.604345919e-06,0.0008091008526,5.556779708e-06,0.001020206215,-1.626578116e-05,0.02586897738
314.0,0.0004604393205,6.942704912e-06,0.0007398625718,9.515633491e-06,0.0003658213593,5.880781105e-06,0.001388813307,6.571057316e-05,0.0007243919584,2.610625793e-06,0.0008094129384,5.541624021e-06,0.001022047829,8.61303391e-05,0.02595510772
315.0,0.0004578985603,6.916467e-06,0.0007411823506,9.542604257e-06,0.0003683387945,5.951803163e-06,0.001316436237,6.14445403e-05,0.0007287684722,2.618026405e-06,0.0008099505395,5.528491223e-06,0.000955536405,0.0001243232566,0.02607943098
316.0,0.0004610655781,6.931602238e-06,0.0007498948807,9.608242221e-06,0.0003748368639,6.020450195e-06,0.001319572229,6.200557789e-05,0.0007332314357,2.628959373e-06,0.0008104878785,5.515738365e-06,0.0009597811523,0.0001031842132,0.02618261519
317.0,0.0004642725147,6.982376496e-06,0.0007519695955,9.63815365e-06,0.0003783201681,6.088998448e-06,0.001333300848,6.11495753e-05,0.0007380193461,2.636048722e-06,0.0008109826119,5.501413943e-06,0.0009517012016,0.0001849643744,0.02636757957
318.0,0.0004656600507,7.046488587e-06,0.0007600714192,9.756446005e-06,0.0003807215951,6.156878518e-06,0.001279542511,5.590852984e-05,0.000743056583,2.645946745e-06,0.0008117263284,5.489128602e-06,0.0008699875887,0.0001367617656,0.02650434133
319.0,0.0004720258814,7.141605662e-06,0.0007711099165,9.858124165e-06,0.0003869394414,6.223758314e-06,0.001301971301,6.27589571e-05,0.0007482549473,2.658071974e-06,0.0008123102446,5.475868652e-06,0.0009720374047,0.0001616398346,0.02666598117
320.0,0.000476470984,7.222820684e-06,0.0007699536908,9.858536142e-06,0.0003901845989,6.294369624e-06,0.001341530143,6.690282587e-05,0.0007533851266,2.667176632e-06,0.0008128242167,5.461895467e-06,0.001041971055,0.0002486384814,0.02691461965
321.0,0.0004775682019,7.286575441e-06,0.0007739883986,9.936569718e-06,0.0003924552723,6.363996132e-06,0.001329796528,4.402423039e-05,0.0007583360227,2.680455156e-06,0.0008135710593,5.448898672e-06,0.0006855921723,-0.0001785472507,0.0267360724
322.0,0.0004863161254,7.39851799e-06,0.0007811864429,1.000902158e-05,0.0003986740277,6.429689065e-06,0.001434073662,4.030733345e-05,0.0007634345124,2.690698917e-06,0.0008141806802,5.433446715e-06,0.0006247696776,-0.000161366436,0.02657470596
323.0,0.0004923980421,7.488962061e-06,0.0007783900695,1.000332954e-05,0.0004019144962,6.499949664e-06,0.001493605218,4.02061342e-05,0.000768150976,2.700588995e-06,0.0008147271746,5.420549021e-06,0.0006267791888,-0.0001591076831,0.02641559828
324.0,0.0004929487187,7.541852052e-06,0.0007810200772,1.006928143e-05,0.0004043847202,6.568850902e-06,0.001499399885,3.557594897e-05,0.0007727977839,2.712363953e-06,0.000815327037,5.406761782e-06,0.0005546249977,-4.978200445e-05,0.02636581627
325.0,0.0004955610507,7.579594124e-06,0.0007870484763,1.012487841e-05,0.0004108950314,6.636550041e-06,0.001543645411,3.084174916e-05,0.0007769721793,2.718036493e-06,0.0008157034122,5.390893591e-06,0.0004787280645,6.46508507e-05,0.02643046712
326.0,0.000497818163,7.588755642e-06,0.0007842130859,1.011286358e-05,0.0004145518229,6.704067692e-06,0.001527696011,7.343843887e-05,0.0007808413632,2.727922551e-06,0.0008158556279,5.375748726e-06,0.001146433384,5.264915853e-05,0.02648311628
327.0,0.0004920724525,7.509986141e-06,0.000782003787,1.009983772e-05,0.0004170163687,6.773922321e-06,0.001456012987,7.245896594e-05,0.0007845446893,2.735373184e-06,0.0008160459569,5.360354887e-06,0.001131015767,0.0001042889745,0.02658740526
328.0,0.0004927002494,7.480160136e-06,0.0007877908822,1.014538357e-05,0.0004231536923,6.838347807e-06,0.001467243215,3.285253942e-05,0.0007878882859,2.743083935e-06,0.0008160725444,5.346345565e-06,0.0005104884808,-0.0001022079579,0.0264851973
329.0,0.0004979799927,7.582157355e-06,0.000792659038,1.024217477e-05,0.0004263154743,6.895752918e-06,0.001484059666,3.801077025e-05,0.0007914621382,2.749508295e-06,0.0008162615609,5.331185959e-06,0.0005939178517,-0.0001589944774,0.02632620282
330.0,0.000501269644,7.673495953e-06,0.000801145763,1.037941672e-05,0.0004287923884,6.963900841e-06,0.001450720665,3.756129618e-05,0.0007950746826,2.755817368e-06,0.0008164705814,5.317352764e-06,0.0005868939882,-0.0001514871196,0.0261747157
331.0,0.0005080617499,7.763063135e-06,0.0008114745138,1.048542485e-05,0.0004351605427,7.032553744e-06,0.001481676351,3.42205808e-05,0.0007984591206,2.763142524e-06,0.0008166059992,5.303156487e-06,0.000532323543,-7.057945085e-05,0.02610413625
332.0,0.0005120036383,7.837449508e-06,0.0008114663554,1.05128734e-05,0.0004385521285,7.101120249e-06,0.001480291375,3.637203693e-05,0.0008018439612,2.773158476e-06,0.0008167698516,5.288426752e-06,0.0005690334057,-0.0001259607831,0.02597817547
333.0,0.0005127135667,7.886148812e-06,0.0008160469683,1.060017675e-05,0.0004408962474,7.168258807e-06,0.001454868815,3.398891862e-05,0.0008050925193,2.777679626e-06,0.000816936878,5.275111743e-06,0.0005317403402,-8.701915993e-05,0.02589115631
334.0,0.0005167482087,7.925546238e-06,0.0008228333199,1.066662888e-05,0.0004470444879,7.233486167e-06,0.001483625858,3.068446249e-05,0.0008080651601,2.782851754e-06,0.0008168460568,5.260103359e-06,0.0004779181845,9.560388251e-06,0.0259007167
335.0,0.0005190654295,7.945752119e-06,0.0008206047049,1.067016264e-05,0.0004500639206,7.296972995e-06,0.001468815603,7.198584243e-05,0.0008107900455,2.7876143e-06,0.0008168357064,5.245615469e-06,0.001127576218,8.516132728e-05,0.02598587802
336.0,0.0005140172681,7.881381618e-06,0.0008198982339,1.067973114e-05,0.0004520655444,7.361866765e-06,0.001410236022,3.477582054e-05,0.0008133169435,2.794732201e-06,0.0008166155043,5.230667829e-06,0.0005446937809,-0.0001284541666,0.02585742386
337.0,0.000518293031,7.944029243e-06,0.0008308503292,1.080646247e-05,0.0004576318163,7.414542108e-06,0.001457687938,3.269372671e-05,0.0008159928977,2.801399175e-06,0.0008166416315,5.214607637e-06,0.0005097301035,-6.82664415e-05,0.02578915742
338.0,0.0005225387708,8.012642986e-06,0.0008319122934,1.085749991e-05,0.000460263189,7.472985895e-06,0.001462343452,3.631521861e-05,0.0008185839697,2.808712884e-06,0.0008166908782,5.202311097e-06,0.0005694244055,-0.0001371626556,0.02565199476
339.0,0.0005239264883,8.071701806e-06,0.000838636693,1.097549895e-05,0.000462014446,7.531567143e-06,0.001439962572,3.507953338e-05,0.0008212326525,2.814429415e-06,0.0008167987878,5.185893141e-06,0.0005500353805,-0.0001149347387,0.02553706002
340.0,0.0005288854728,8.133847373e-06,0.0008473825664,1.106918531e-05,0.0004677748484,7.590162411e-06,0.001481003362,3.227559299e-05,0.0008235645795,2.819603641e-06,0.0008167873546,5.174778898e-06,0.000503826646,-2.212436575e-05,0.02551493566
341.0,0.0005321766848,8.184242108e-06,0.0008462184779,1.108800322e-05,0.0004705383173,7.649002141e-06,0.001480525668,3.435072538e-05,0.0008258880379,2.826689962e-06,0.0008168469589,5.159210927e-06,0.0005392970437,-9.889078e-05,0.02541604488
342.0,0.0005325149452,8.225949892e-06,0.0008509267916,1.117829451e-05,0.0004723591204,7.706439235e-06,0.001463231377,3.309207924e-05,0.0008280291885,2.831690135e-06,0.0008168873923,5.14629534e-06,0.0005195256302,-7.330606368e-05,0.02534273881
343.0,0.0005364577123,8.264953291e-06,0.0008579530086,1.124876177e-05,0.0004780763518,7.763232527e-06,0.001504839904,3.108178715e-05,0.0008300185424,2.835450245e-06,0.0008166913919,5.131190611e-06,0.0004858114051,1.348393469e-05,0.02535622275
344.0,0.0005387348979,8.288258522e-06,0.0008554898035,1.124980619e-05,0.0004807513827,7.819737955e-06,0.001501374498,3.350943262e-05,0.0008319403431,2.840713589e-06,0.0008166832185,5.118175593e-06,0.0005267684165,-9.016514048e-05,0.02526605761
345.0,0.0005379005423,8.312147065e-06,0.0008599774299,1.1333909e-05,0.0004824181821,7.873696827e-06,0.001484982939,3.325029571e-05,0.0008337449627,2.844339867e-06,0.0008167112963,5.104247418e-06,0.0005226874063,-7.900736953e-05,0.02518705024
346.0,0.0005410886539,8.340885309e-06,0.000867180686,1.140396089e-05,0.0004879883595,7.92711678e-06,0.001522843994,3.194327906e-05,0.000835481242,2.8495025e-06,0.0008165296331,5.087563238e-06,0.0004999267527,9.617700719e-06,0.02519666794
347.0,0.0005430883961,8.363051718e-06,0.0008650749467,1.140654243e-05,0.0004905136914,7.980401026e-06,0.001514221914,3.529624216e-05,0.0008371594286,2.852193352e-06,0.0008165176176,5.075196635e-06,0.0005555931117,-0.0001053394646,0.02509132847
348.0,0.0005424602359,8.388325142e-06,0.0008699748499,1.149032077e-05,0.0004920145678,8.031426232e-06,0.001490793786,3.539220247e-05,0.0008389100198,2.856873977e-06,0.0008164804306,5.059059926e-06,0.000557094988,-9.320775729e-05,0.02499812072
349.0,0.0005461312767,8.42259641e-06,0.0008776691058,1.155772788e-05,0.000497444851,8.081939337e-06,0.00152685306,3.417086095e-05,0.0008405503952,2.863318586e-06,0.0008164321694,5.046118379e-06,0.000535494805,3.755537417e-06,0.02500187625
350.0,0.0005485718853,8.452338304e-06,0.0008759783027,1.155571794e-05,0.0004998336325,8.132617062e-06,0.001517965061,3.695128177e-05,0.0008421589634,2.866214332e-06,0.000816437954,5.029229526e-06,0.0005824193298,-0.0001092853407,0.02489259091
351.0,0.0005484727212,8.482919025e-06,0.0008805607374,1.163216007e-05,0.0005011391285,8.181032111e-06,0.001495918835,3.64997575e-05,0.0008438830721,2.870541134e-06,0.0008164595984,5.014363369e-06,0.0005752914997,-9.195655357e-05,0.02480063436
352.0,0.0005523040316,8.519015165e-06,0.00088731648,1.168929629e-05,0.0005063704113,8.22905278e-06,0.001534579748,3.481275025e-05,0.0008453678193,2.872848567e-06,0.0008163908778,4.998365268e-06,0.000546276627,6.122686691e-06,0.02480675705
353.0,0.0005542284753,8.547161818e-06,0.0008844797497,1.167537352e-05,0.0005084046807,8.277134954e-06,0.001534144404,3.572354975e-05,0.0008467762066,2.877325309e-06,0.0008162635099,4.986080343e-06,0.0005624209784,-7.056452352e-05,0.02473619252
354.0,0.0005556997438,8.574067873e-06,0.0008878825224,1.171583529e-05,0.0005109389113,8.32255325e-06,0.001527093399,3.661409427e-05,0.0008482067055,2.879746093e-06,0.0008161261396,4.970498857e-06,0.0005780203603,-9.882294615e-05,0.02463736958
355.0,0.0005573623408,8.60058399e-06,0.0008935051481,1.178145719e-05,0.0005142361388,8.368135182e-06,0.001535572165,3.506187585e-05,0.0008495016667,2.882862168e-06,0.0008160196726,4.953054785e-06,0.0005522666376,-4.277082456e-05,0.02459459875
356.0,0.000559145906,8.626073822e-06,0.000894621999,1.179431067e-05,0.0005174107851,8.413628751e-06,0.001562688108,3.45104367e-05,0.0008508040161,2.884147217e-06,0.000815647178,4.937662591e-06,0.0005425955069,8.493961255e-06,0.02460309271
357.0,0.0005609103623,8.643211141e-06,0.0008936334773,1.178087576e-05,0.0005197075365,8.45787348e-06,0.001563951854,3.56058857e-05,0.0008521098602,2.88961099e-06,0.0008153395923,4.920846705e-06,0.0005616087048,-7.328647928e-05,0.02452980623
358.0,0.000561741104,8.659823864e-06,0.0008971281744,1.182085061e-05,0.0005220697313,8.499648819e-06,0.001554801409,3.68174226e-05,0.0008533534896,2.891743881e-06,0.0008151485607,4.905589796e-06,0.000582296588,-9.871461796e-05,0.02443109161
359.0,0.0005627298972,8.678195209e-06,0.0009018195874,1.188010391e-05,0.000524960731,8.54160747e-06,0.001565415746,3.57585382e-05,0.0008545182978,2.895646803e-06,0.0008146493987,4.884084591e-06,0.0005642666656,-4.254367914e-05,0.02438854794
360.0,0.0005639114041,8.69721669e-06,0.0009017704119,1.188314775e-05,0.0005274989108,8.583477381e-06,0.001586520726,3.57328722e-05,0.0008555353727,2.896396673e-06,0.0008141942478,4.87062235e-06,0.0005628487127,7.545372735e-06,0.02439609331
361.0,0.000565130168,8.709684329e-06,0.0008998522756,1.185950929e-05,0.0005294758303,8.624029569e-06,0.001587836005,3.69423388e-05,0.0008565535526,2.900873766e-06,0.0008137015075,4.849798003e-06,0.0005837781615,-7.373045673e-05,0.02432236285
362.0,0.0005657814685,8.722603599e-06,0.000902490884,1.189211661e-05,0.0005316698387,8.662013642e-06,0.001579138734,3.796170658e-05,0.0008575520963,2.9029088e-06,0.0008131145215,4.829269584e-06,0.0006015261184,-9.762319273e-05,0.02422473966
363.0,0.0005667124315,8.737743894e-06,0.0009062606559,1.1944958e-05,0.0005343822063,8.700189359e-06,0.001582166575,3.69099208e-05,0.0008584238358,2.903720964e-06,0.0008123171038,4.811258487e-06,0.000583534789,-3.973517342e-05,0.02418500449
364.0,0.0005677390382,8.753001744e-06,0.0009051622444,1.194119e-05,0.0005367597336,8.738355794e-06,0.001605723466,3.652677246e-05,0.000859079803,2.906330707e-06,0.0008114113803,4.789802591e-06,0.0005764412637,1.043612057e-05,0.02419544061
365.0,0.0005688063763,8.760426875e-06,0.0009021376869,1.191341229e-05,0.0005385465301,8.77514006e-06,0.001599917911,3.737762374e-05,0.000859708931,2.90549607e-06,0.0008105709395,4.769201815e-06,0.0005917830332,-6.898713843e-05,0.02412645347
366.0,0.0005690421442,8.767705553e-06,0.0009041023068,1.194389907e-05,0.000540507902,8.809185421e-06,0.001587175107,3.816214008e-05,0.0008602630667,2.906388981e-06,0.0008097914197,4.748742307e-06,0.0006058637914,-9.309645019e-05,0.02403335702
367.0,0.0005695543149,8.776475429e-06,0.0009077744711,1.199635619e-05,0.0005429909196,8.843282897e-06,0.001589230711,3.689905475e-05,0.0008607058645,2.907433341e-06,0.0008086299443,4.727587322e-06,0.0005844857794,-3.410965371e-05,0.02399924736
368.0,0.0005701429651,8.784286704e-06,0.0009067076657,1.199242465e-05,0.0005451447439,8.877264377e-06,0.001605687377,3.644922797e-05,0.0008608679295,2.907721458e-06,0.0008074577864,4.704860898e-06,0.0005763163255,1.278233705e-05,0.0240120297
369.0,0.0005706624939,8.784439164e-06,0.0009038507807,1.19638531e-05,0.0005467173308,8.909850693e-06,0.001600864471,3.731832196e-05,0.0008611643219,2.909707214e-06,0.0008062627423,4.684044143e-06,0.0005919856207,-6.463330877e-05,0.02394739639
370.0,0.0005704852474,8.785658772e-06,0.0009061058073,1.199508665e-05,0.000548465266,8.939608135e-06,0.001581773959,3.80875874e-05,0.0008613116286,2.908303994e-06,0.000804974856,4.661668359e-06,0.0006058570386,-8.875754862e-05,0.02385863884
371.0,0.0005706404328,8.789032743e-06,0.0009099026575,1.204796494e-05,0.0005507276609,8.969346377e-06,0.001580977118,3.698567821e-05,0.0008613643687,2.906021369e-06,0.0008034513056,4.639269448e-06,0.0005869912549,-3.120311458e-05,0.02382743573
372.0,0.0005707412787,8.791411829e-06,0.0009085866566,1.204383358e-05,0.000552632816,8.998747369e-06,0.0015973201,3.656315221e-05,0.000861189745,2.906592834e-06,0.0008018456612,4.617304014e-06,0.0005792370531,1.277941549e-05,0.02384021514
373.0,0.0005708035415,8.786446561e-06,0.0009054047469,1.201536601e-05,0.0005539293523,9.026575159e-06,0.00158744454,3.746114345e-05,0.0008610787252,2.905143251e-06,0.0008003763921,4.593787393e-06,0.0005954152499,-6.076785458e-05,0.02377944729
374.0,0.0005702464951,8.783331246e-06,0.0009070780729,1.204632335e-05,0.0005553671555,9.051616505e-06,0.001567969716,3.816998514e-05,0.0008608710102,2.900883298e-06,0.0007987462056,4.571674523e-06,0.0006083615597,-8.44852778e-05,0.02369496201
375.0,0.0005707114235,8.78263533e-06,0.0009107018295,1.209856665e-05,0.0005579600041,9.0765619e-06,0.001579844628,3.653918518e-05,0.0008603466731,2.904351366e-06,0.0007968131094,4.551702523e-06,0.0005796744934,1.246139084e-05,0.0237074234
376.0,0.0005689846033,8.776645185e-06,0.000905583095,1.206864117e-05,0.0005575754547,9.101354406e-06,0.001577905138,3.675003611e-05,0.0008597788609,2.898533704e-06,0.0007950539437,4.53076122e-06,0.0005834781014,8.379535571e-06,0.02371580294
377.0,0.0005697052448,8.768454693e-06,0.0009055476905,1.205677656e-05,0.0005601589664,9.124127703e-06,0.001567712104,3.851934934e-05,0.0008592567806,2.896126814e-06,0.0007934303838,4.504920834e-06,0.0006150356385,-9.697860128e-05,0.02361882434
378.0,0.0005688547068,8.760988973e-06,0.0009098344813,1.212223063e-05,0.0005617469347,9.144601592e-06,0.001563840403,3.656380502e-05,0.0008586702662,2.895568786e-06,0.0007912307968,4.477854083e-06,0.0005810071019,9.725682513e-06,0.02362855002
379.0,0.0005666906025,8.75382431e-06,0.00090617698,1.21055313e-05,0.0005611267386,9.165095056e-06,0.001562030452,3.665827809e-05,0.0008577962661,2.893847328e-06,0.000789159977,4.456111688e-06,0.0005829205857,7.569777593e-06,0.0236361198
380.0,0.0005671476517,8.742400812e-06,0.0009066289844,1.209552985e-05,0.0005636653346,9.184162949e-06,0.00155697728,3.840550019e-05,0.0008569466781,2.889663185e-06,0.0007873584244,4.430843053e-06,0.0006141534599,-9.311804886e-05,0.02354300175
381.0,0.0005663092557,8.731958182e-06,0.0009109964025,1.215704444e-05,0.0005652921431,9.201215244e-06,0.00155232125,3.665228336e-05,0.0008560061142,2.889122831e-06,0.0007847776012,4.403732399e-06,0.000583302586,9.54144147e-06,0.02355254319
382.0,0.0005637957061,8.719248848e-06,0.0009067851564,1.213566351e-05,0.0005645600901,9.218199164e-06,0.001548402072,3.686345482e-05,0.0008548448484,2.885118334e-06,0.0007825559558,4.380182522e-06,0.0005870925841,6.798275431e-06,0.02355934147
383.0,0.0005639169504,8.703153777e-06,0.0009071673498,1.212319472e-05,0.0005669023723,9.23351417e-06,0.001544064227,3.849711808e-05,0.000853606816,2.881118626e-06,0.0007805091074,4.354581525e-06,0.0006165860932,-8.948998391e-05,0.02346985148
384.0,0.0005629921187,8.690128484e-06,0.0009116879033,1.218380784e-05,0.0005683176451,9.246521963e-06,0.001541337572,3.672620866e-05,0.0008522153116,2.877769406e-06,0.0007778373648,4.326662639e-06,0.0005853878602,8.261925553e-06,0.02347811341
385.0,0.0005601983183,8.673100736e-06,0.0009077862762,1.216196119e-05,0.0005673705938,9.259334337e-06,0.001540261115,3.686186752e-05,0.0008506211584,2.871628756e-06,0.0007754071895,4.302183389e-06,0.0005879730881,6.013556782e-06,0.02348412696
386.0,0.0005599938437,8.653728345e-06,0.000908175566,1.214934168e-05,0.0005694529645,9.270317322e-06,0.001533367185,3.837199611e-05,0.0008490431043,2.867836447e-06,0.0007731760822,4.276965833e-06,0.000615551983,-8.597888331e-05,0.02339814808
387.0,0.0005588297985,8.638305667e-06,0.0009129573433,1.221027284e-05,0.0005706182186,9.278931335e-06,0.001528686456,3.657759651e-05,0.0008472614388,2.865860686e-06,0.0007702735223,4.248709525e-06,0.0005839319174,7.147295981e-06,0.02340529538
388.0,0.0005557829371,8.618083513e-06,0.0009090988011,1.218858383e-05,0.0005693977782,9.287488429e-06,0.001528843376,3.667215752e-05,0.0008451947593,2.861822429e-06,0.0007675898141,4.222904908e-06,0.0005858663289,5.005913837e-06,0.02341030129
389.0,0.0005553712004,8.595255737e-06,0.0009095825103,1.217704548e-05,0.000571247674,9.294288322e-06,0.001527026305,3.809665592e-05,0.0008431860119,2.857317945e-06,0.0007651434513,4.196007509e-06,0.0006121004151,-8.22050213e-05,0.02332809627
390.0,0.0005540448031,8.577353369e-06,0.0009145045244,1.223854698e-05,0.0005721589875,9.298726542e-06,0.001523746733,3.636052075e-05,0.0008409404317,2.85411392e-06,0.0007620246358,4.169327959e-06,0.0005813817537,5.358084513e-06,0.02333345435
391.0,0.0005507097966,8.553287212e-06,0.0009105754319,1.221756462e-05,0.0005706545896,9.303166674e-06,0.001522529113,3.65363139e-05,0.0008384195048,2.846758122e-06,0.0007591733893,4.140993477e-06,0.0005846200003,3.223109327e-06,0.02333667746
392.0,0.0005499852231,8.526860924e-06,0.0009110175318,1.220693493e-05,0.0005722171922,9.305822254e-06,0.00152125019,3.793125969e-05,0.0008359349725,2.845385514e-06,0.0007565042016,4.115619899e-06,0.0006104257409,-7.898330478e-05,0.02325769416
393.0,0.0005485079622,8.506756162e-06,0.0009159373474,1.226946786e-05,0.0005728515094,9.305966313e-06,0.001519511777,3.626136147e-05,0.0008333680375,2.83970665e-06,0.0007531050157,4.084721311e-06,0.0005807233919,2.901751729e-06,0.02326059591
394.0,0.0005449465165,8.479087354e-06,0.0009121312481,1.224955033e-05,0.0005710542886,9.305863555e-06,0.001520230342,3.647658153e-05,0.0008305016647,2.835237268e-06,0.0007500138756,4.060148576e-06,0.0005845974785,6.714895267e-07,0.0232612674
395.0,0.0005439534825,8.4494413e-06,0.000912533508,1.223922582e-05,0.0005723222712,9.303759706e-06,0.001519571215,3.781650654e-05,0.0008276692413,2.827223169e-06,0.0007470392424,4.031637674e-06,0.0006095653322,-7.580139101e-05,0.02318546601
396.0,0.0005423046415,8.427438264e-06,0.0009175100315,1.230198073e-05,0.0005726362552,9.298990247e-06,0.001516149599,3.6250837e-05,0.0008246120748,2.82338659e-06,0.0007434923839,4.002124841e-06,0.0005814880626,-5.72386298e-07,0.02318489362
397.0,0.0005384741999,8.396980724e-06,0.0009135966389,1.228222224e-05,0.0005705133222,9.293966829e-06,0.001517895686,3.648128204e-05,0.0008212723264,2.817921313e-06,0.0007401411579,3.979069644e-06,0.0005856161158,-2.538758367e-06,0.02318235486
398.0,0.0005372738122,8.364873455e-06,0.000913993256,1.227185965e-05,0.0005714817258,9.286792337e-06,0.001516541297,3.771807009e-05,0.0008178751296,2.813916116e-06,0.0007370508246,3.950766674e-06,0.000608969994,-7.332322389e-05,0.02310903164
399.0,0.0005354726902,8.34137269e-06,0.000918821191,1.233407909e-05,0.0005715056037,9.27700482e-06,0.001509996964,3.6225235e-05,0.0008144018687,2.803098472e-06,0.0007333010974,3.925095733e-06,0.000582022339,-4.420641702e-06,0.023104611
400.0,0.0005314395783,8.308628395e-06,0.0009147214679,1.231347331e-05,0.0005690776607,9.266858986e-06,0.001510731831,3.648067402e-05,0.0008106544935,2.800593677e-06,0.0007297634583,3.899280794e-06,0.000586556701,-6.536256458e-06,0.02309807474
401.0,0.0005300453211,8.274606719e-06,0.0009148311961,1.230148716e-05,0.0005697453173,9.25466313e-06,0.001507212174,3.761935748e-05,0.0008068931943,2.792935646e-06,0.0007265670106,3.874298028e-06,0.000608371614,-7.173723627e-05,0.02302633751
402.0,0.0005281633402,8.250483931e-06,0.0009194055959,1.236111712e-05,0.0005694750359,9.239847754e-06,0.00150043802,3.619095368e-05,0.0008029179534,2.784392725e-06,0.0007225776798,3.844841327e-06,0.0005824225569,-9.078187812e-06,0.02301725932
403.0,0.0005239293136,8.215920511e-06,0.000914834753,1.233806135e-05,0.0005666944292,9.224748003e-06,0.001498850354,3.648050862e-05,0.0007986922234,2.776894851e-06,0.0007189568036,3.822572272e-06,0.0005875155149,-1.132322e-05,0.0230059361
404.0,0.0005224137672,8.180185387e-06,0.000914611865,1.232311895e-05,0.0005670394182,9.20751638e-06,0.001495042771,3.753964126e-05,0.0007943834103,2.771096939e-06,0.0007155398315,3.795804504e-06,0.0006080856599,-7.121208455e-05,0.02293472401
405.0,0.0005204248763,8.154801132e-06,0.0009189056767,1.237839949e-05,0.000566454662,9.187635713e-06,0.00148604846,3.618735927e-05,0.0007900075099,2.764590315e-06,0.000711473201,3.770638389e-06,0.0005833195456,-1.474136386e-05,0.02291998265
406.0,0.0005160499166,8.118327207e-06,0.0009142404018,1.235131268e-05,0.0005633469978,9.167311793e-06,0.00148381295,3.64955066e-05,0.0007853362267,2.755803798e-06,0.0007076315011,3.748827871e-06,0.000588720307,-1.691733555e-05,0.02290306531
407.0,0.0005143541287,8.080672305e-06,0.000913622167,1.233189626e-05,0.0005633723484,9.144670552e-06,0.001479770082,3.746630078e-05,0.0007806650201,2.751543477e-06,0.0007041505287,3.723553387e-06,0.0006079045059,-7.191731531e-05,0.022831148
408.0,0.0005122559546,8.053840623e-06,0.0009174513787,1.238162821e-05,0.0005624802051,9.119455523e-06,0.001468110021,3.619412556e-05,0.0007757850077,2.748070017e-06,0.0006999972403,3.698781933e-06,0.0005843848275,-2.119817756e-05,0.02280994982
409.0,0.0005077504097,8.014936931e-06,0.0009123698232,1.234908607e-05,0.000559038561,9.093857878e-06,0.001467299303,3.650560509e-05,0.0007707977452,2.740658322e-06,0.0006960992224,3.674496134e-06,0.0005898497476,-2.331774283e-05,0.02278663208
410.0,0.0005059590108,7.975183847e-06,0.0009113747158,1.232294001e-05,0.0005587567812,9.06604474e-06,0.001461291572,3.737328202e-05,0.0007658222194,2.731865893e-06,0.000692518176,3.64897725e-06,0.0006073964728,-7.373348864e-05,0.02271289859
411.0,0.0005037407412,7.946717312e-06,0.0009146991603,1.236441042e-05,0.0005575591649,9.03559826e-06,0.001449047119,3.618658022e-05,0.0007608440501,2.723107459e-06,0.0006881800226,3.627410153e-06,0.000585218311,-2.804541531e-05,0.02268485317
412.0,0.0004991271786,7.90539111e-06,0.0009089763565,1.232341835e-05,0.0005537907443,9.004665473e-06,0.001448016585,3.652204471e-05,0.0007556868984,2.714713287e-06,0.0006840270841,3.605405935e-06,0.0005910766712,-3.019800957e-05,0.02265465516
413.0,0.0004958581161,7.863299429e-06,0.0009046754711,1.228783762e-05,0.0005509848106,8.971288165e-06,0.001440491718,3.677565794e-05,0.0007505240105,2.707407595e-06,0.0006801810667,3.583355679e-06,0.0005956307624,-3.306561713e-05,0.02262158955
414.0,0.000493837482,7.822678467e-06,0.0009060611838,1.226993108e-05,0.0005512116193,8.936036228e-06,0.001434905396,3.712225978e-05,0.0007453506702,2.699004236e-06,0.0006766391764,3.56118889e-06,0.0006046261707,-7.914348507e-05,0.02254244606
415.0,0.0004922227383,7.793348806e-06,0.0009088576499,1.230298263e-05,0.0005501331649,8.89842156e-06,0.001421541388,3.609742342e-05,0.0007401457855,2.691367258e-06,0.0006722538803,3.539284382e-06,0.0005850249534,-3.759991784e-05,0.02250484614
416.0,0.0004872065141,7.748072896e-06,0.0009017684956,1.224812483e-05,0.0005454626123,8.860197903e-06,0.001422200342,3.653601766e-05,0.0007346075268,2.682476214e-06,0.0006681119024,3.516427176e-06,0.0005925614654,-3.999145133e-05,0.02246485469
417.0,0.0004833285692,7.701051208e-06,0.0008961195314,1.219563315e-05,0.000542016386,8.81960035e-06,0.00141702165,3.68725938e-05,0.0007291791389,2.674727671e-06,0.0006642881145,3.498175735e-06,0.0005984785415,-4.284855885e-05,0.02242200613
418.0,0.0004810937384,7.655797467e-06,0.0008963761242,1.216032766e-05,0.0005417613244,8.776932416e-06,0.001411436441,3.704910442e-05,0.0007236977034,2.66665741e-06,0.0006607429884,3.479026357e-06,0.0006047308041,-8.474011855e-05,0.02233726602
419.0,0.0004794316668,7.623099074e-06,0.0008978238468,1.217592494e-05,0.0005402733288,8.731813636e-06,0.001397583202,3.624072414e-05,0.0007181172052,2.659653102e-06,0.0006563060902,3.458054692e-06,0.0005885861149,-4.836750333e-05,0.02228889851
420.0,0.0004740991512,7.572160045e-06,0.0008895589964,1.210592003e-05,0.0005351427709,8.685880708e-06,0.001399281401,3.664974616e-05,0.0007123938572,2.649414358e-06,0.0006520857722,3.437201525e-06,0.0005956539515,-5.046708907e-05,0.02223843142
421.0,0.000469996097,7.519297805e-06,0.0008827488652,1.203735651e-05,0.0005312532815,8.637470498e-06,0.001394405573,3.691167651e-05,0.000706683299,2.642355184e-06,0.0006482355693,3.423135462e-06,0.0006003625273,-5.268334459e-05,0.02218574808
422.0,0.000467457167,7.46824143e-06,0.0008818265679,1.198536353e-05,0.0005305471503,8.586818341e-06,0.00139018805,3.68803429e-05,0.0007009439629,2.633117787e-06,0.0006446865829,3.404073552e-06,0.0006032403757,-9.117500484e-05,0.02209457307
423.0,0.0004655375491,7.429895611e-06,0.0008821182821,1.198402763e-05,0.0005285986331,8.533681814e-06,0.001376442928,3.629032727e-05,0.0006952034132,2.625155096e-06,0.0006402441774,3.386445244e-06,0.0005906060918,-5.868599016e-05,0.02203588708
424.0,0.0004599320029,7.372850049e-06,0.0008726929416,1.189814427e-05,0.0005229570477,8.47947311e-06,0.0013787755,3.666012963e-05,0.0006893963522,2.614602979e-06,0.0006360918569,3.369195212e-06,0.0005970408928,-6.028977549e-05,0.02197559731
425.0,0.0004554505203,7.313573423e-06,0.0008647314519,1.18134167e-05,0.0005185945537,8.422929146e-06,0.001376773862,3.690247956e-05,0.000683529462,2.607943181e-06,0.0006322111353,3.355540443e-06,0.0006014343776,-6.241430519e-05,0.021913183
426.0,0.0004525574682,7.256041645e-06,0.0008628466228,1.174596071e-05,0.0005174476425,8.364183592e-06,0.001375051845,3.666974644e-05,0.0006778265832,2.596234781e-06,0.0006285967172,3.337331936e-06,0.0006010227512,-9.820211571e-05,0.02181498089
427.0,0.0004504306669,7.211831226e-06,0.0008619459214,1.172760535e-05,0.0005150501437,8.303053096e-06,0.00136027432,3.637838243e-05,0.0006721513241,2.587882524e-06,0.000624123996,3.321060146e-06,0.0005932291517,-6.898941521e-05,0.02174599147
428.0,0.0004444437782,7.147591405e-06,0.0008514647447,1.162690623e-05,0.0005089183441,8.240575419e-06,0.001364822768,3.673493237e-05,0.0006661607706,2.577802731e-06,0.0006198927729,3.30646951e-06,0.0005994523726,-7.050283795e-05,0.02167548863
429.0,0.0004395953721,7.081248001e-06,0.0008425409692,1.15273409e-05,0.0005040890887,8.175734036e-06,0.001362863751,3.691026821e-05,0.0006602461993,2.568649734e-06,0.0006159881045,3.294764666e-06,0.0006027527831,-7.210284395e-05,0.02160338579
430.0,0.0004363887821,7.016693506e-06,0.0008395475366,1.144463503e-05,0.0005025039444,8.108684812e-06,0.001360536059,3.645709344e-05,0.0006543788716,2.557264237e-06,0.0006124230348,3.278420984e-06,0.0005987304965,-0.000105198991,0.0214981868
431.0,0.0004339949439,6.9655375e-06,0.0008374686061,1.141037609e-05,0.0004996492692,8.039391603e-06,0.001345366858,3.643772025e-05,0.0006483835129,2.546060001e-06,0.0006079267369,3.264877766e-06,0.0005953570653,-7.916307328e-05,0.02141902373
432.0,0.0004276808367,6.893965003e-06,0.0008261680708,1.129628832e-05,0.0004930312855,7.968627111e-06,0.001350318546,3.672011195e-05,0.0006421087893,2.5346379e-06,0.0006035981909,3.250426168e-06,0.0006003773113,-7.995187921e-05,0.02133907185
433.0,0.0004224761692,6.820306653e-06,0.0008164201293,1.118360011e-05,0.0004877294502,7.89565111e-06,0.001345523258,3.675861716e-05,0.0006360649609,2.52397813e-06,0.0005994091074,3.237215749e-06,0.0006014355891,-8.065739954e-05,0.02125841445
434.0,0.0004180387609,6.7487049e-06,0.0008091504169,1.10875552e-05,0.0004831248118,7.820450279e-06,0.001337011298,3.65722305e-05,0.0006300207785,2.513844423e-06,0.0005953686716,3.224994768e-06,0.0005987238443,-8.253596237e-05,0.02117587848
435.0,0.0004143742045,6.678436786e-06,0.0008064054082,1.099810096e-05,0.0004809574314,7.74379185e-06,0.001332833078,3.580457961e-05,0.0006238815555,2.500831692e-06,0.0005917057724,3.207324808e-06,0.0005894128083,-0.0001134671396,0.02106241135
436.0,0.0004118313094,6.619878487e-06,0.000803146847,1.094413204e-05,0.000478058818,7.665495527e-06,0.001318412441,3.619101723e-05,0.0006176962399,2.487684941e-06,0.0005870377805,3.192846036e-06,0.0005927183128,-9.026393207e-05,0.02097214741
437.0,0.0004051118193,6.538446614e-06,0.0007904873541,1.081283353e-05,0.0004707900578,7.585384509e-06,0.0013215586,3.641179804e-05,0.0006114074119,2.475122825e-06,0.0005826546935,3.174938687e-06,0.0005967297413,-9.009158958e-05,0.02088205582
438.0,0.0003993963038,6.455147827e-06,0.0007798485283,1.068532914e-05,0.0004647520463,7.503267211e-06,0.001315428305,3.640965283e-05,0.0006052233862,2.46148979e-06,0.0005784358448,3.161207159e-06,0.0005971183115,-9.061093166e-05,0.02079144489
439.0,0.0003944252789,6.375172653e-06,0.0007717657925,1.057606494e-05,0.000459653514,7.419191025e-06,0.001304262492,3.613842958e-05,0.0005990301069,2.44786714e-06,0.0005741205053,3.146602448e-06,0.0005929903995,-9.198159678e-05,0.0206994633
440.0,0.0003893981613,6.296439573e-06,0.0007643523033,1.047419465e-05,0.0004541653972,7.333540045e-06,0.001292030549,3.585283617e-05,0.0005928080611,2.43315377e-06,0.0005698059195,3.129559867e-06,0.0005885635884,-9.378436542e-05,0.02060567893
441.0,0.0003841885466,6.216524153e-06,0.0007568225057,1.036993608e-05,0.0004487916639,7.246445797e-06,0.001282083955,3.562206849e-05,0.0005864994699,2.418359015e-06,0.0005655266347,3.115780386e-06,0.0005850251656,-9.542688349e-05,0.02051025205
442.0,0.0003787908269,6.1344864e-06,0.0007488091903,1.02599136e-05,0.0004433901842,7.157834007e-06,0.001274108084,3.543834489e-05,0.0005802740326,2.403495181e-06,0.0005611659494,3.099196508e-06,0.000582263758,-9.675826864e-05,0.02041349378
443.0,0.0003734253513,6.050152661e-06,0.0007404366149,1.014504339e-05,0.0004380217448,7.067714923e-06,0.001264560979,3.53138844e-05,0.0005739789899,2.38784431e-06,0.0005568034717,3.082613622e-06,0.0005804766741,-9.835435927e-05,0.02031513942
444.0,0.0003681042903,5.964108148e-06,0.000731911823,1.002796508e-05,0.000432597926,6.976109997e-06,0.001255117865,3.517780592e-05,0.0005676556799,2.372236138e-06,0.0005523982361,3.065545193e-06,0.0005784940111,-9.974629819e-05,0.02021539312
445.0,0.0003627238754,5.876280094e-06,0.0007232645774,9.908260019e-06,0.0004271005195,6.883059642e-06,0.001244167676,3.503319705e-05,0.0005613144176,2.354870474e-06,0.0005479088278,3.04816358e-06,0.000576365809,-0.0001010936473,0.02011429947
446.0,0.000357240301,5.7865831e-06,0.0007145238143,9.787222965e-06,0.0004215204635,6.788507458e-06,0.001234047715,3.489378063e-05,0.0005549404809,2.337302232e-06,0.0005433930283,3.028756956e-06,0.0005743154464,-0.0001025374104,0.02001176206
447.0,0.0003517051978,5.695523172e-06,0.0007057307408,9.664651516e-06,0.0004158704335,6.692628586e-06,0.001225039236,3.469618857e-05,0.0005484984698,2.319536007e-06,0.0005388566791,3.012146303e-06,0.0005713036496,-0.0001035966707,0.01990816539
448.0,0.000346089771,5.603297397e-06,0.0006967873484,9.541342157e-06,0.0004101316433,6.595475319e-06,0.001212371393,3.449480007e-05,0.0005420145627,2.30202292e-06,0.0005341557507,2.993791545e-06,0.0005682290404,-0.0001045781818,0.01980358721
449.0,0.0003404029346,5.509349809e-06,0.0006878425438,9.416770721e-06,0.0004043181521,6.497096297e-06,0.001201115178,3.429871728e-05,0.0005355690958,2.283459629e-06,0.0005295166466,2.974700705e-06,0.0005652352326,-0.0001056270414,0.01969796017
450.0,0.0003346843512,5.414330841e-06,0.0006788889324,9.29144012e-06,0.0003984416034,6.397551742e-06,0.001191730867,3.404111262e-05,0.0005290220598,2.264201348e-06,0.000524786911,2.953674803e-06,0.0005612193046,-0.000106235408,0.01959172476
451.0,0.0003289414533,5.318224796e-06,0.0006698000228,9.165815887e-06,0.0003924830823,6.296860242e-06,0.001180236855,3.3771903e-05,0.0005223767905,2.244683109e-06,0.0005200176592,2.935090328e-06,0.0005570104049,-0.0001068970354,0.01948482772
452.0,0.0003231575431,5.22100102e-06,0.0006607981025,9.039871747e-06,0.0003864673277,6.195140501e-06,0.00116986372,3.352627312e-05,0.000515702952,2.22478492e-06,0.0005151561233,2.914945896e-06,0.0005531824223,-0.0001077562348,0.01937707149
453.0,0.0003172870614,5.123148953e-06,0.0006516035481,8.912600165e-06,0.0003803850035,6.092453024e-06,0.001156918578,3.32771376e-05,0.0005090375968,2.203938258e-06,0.0005102931088,2.890797019e-06,0.000549294304,-0.0001083467011,0.01926872479
454.0,0.000311418976,5.024428243e-06,0.0006423273852,8.785809931e-06,0.000374245886,5.988976312e-06,0.001144465066,3.30005855e-05,0.0005023130506,2.182166373e-06,0.0005053398522,2.870337173e-06,0.0005449441442,-0.0001088564739,0.01915986832
455.0,0.0003055333875,4.924793145e-06,0.000633096314,8.659933282e-06,0.0003680563872,5.884685453e-06,0.001132727074,3.273968343e-05,0.0004955326385,2.160296737e-06,0.0005003149021,2.848544762e-06,0.0005408493696,-0.0001095202394,0.01905034808
456.0,0.0002996546547,4.824838826e-06,0.000623846639,8.535333907e-06,0.0003618254275,5.779691948e-06,0.001120331757,3.245049073e-05,0.0004887583991,2.137911123e-06,0.0004952428659,2.824265176e-06,0.0005362827827,-0.0001098678262,0.01894048025
457.0,0.0002937553208,4.724479307e-06,0.0006145287825,8.412411675e-06,0.0003555420499,5.674087502e-06,0.001107192078,3.214374224e-05,0.0004819181737,2.114939606e-06,0.0004901424566,2.80115243e-06,0.0005314168504,-0.0001101706083,0.01883030964
458.0,0.0002878250322,4.623592213e-06,0.0006052341254,8.290887362e-06,0.0003492103164,5.567856745e-06,0.001094496734,3.18521532e-05,0.0004750291759,2.091405488e-06,0.0004850163836,2.776137425e-06,0.0005267948249,-0.0001105538854,0.01871975576
459.0,0.0002819517962,4.522973777e-06,0.0005962080355,8.170718803e-06,0.000342854262,5.46119007e-06,0.001083274293,3.150776151e-05,0.000468113438,2.067670167e-06,0.0004798616809,2.752141756e-06,0.0005212985959,-0.000110627378,0.01860912838
460.0,0.0002760361182,4.422314383e-06,0.0005872305683,8.052107053e-06,0.0003364503558,5.354090743e-06,0.001068459596,3.115579837e-05,0.0004611629421,2.043274731e-06,0.0004746584641,2.728728488e-06,0.0005156682169,-0.0001106408332,0.01849848754
461.0,0.000270122691,4.321624567e-06,0.0005782005951,7.934443932e-06,0.0003300262812,5.246738741e-06,0.001057584328,3.079370494e-05,0.0004540974936,2.017626915e-06,0.0004694551668,2.702852231e-06,0.0005098568416,-0.0001107531898,0.01838773435
462.0,0.0002642117289,4.221021965e-06,0.0005692511631,7.817328446e-06,0.0003235864094,5.139176283e-06,0.001044010182,3.018535177e-05,0.0004471002924,1.992829923e-06,0.0004642355642,2.677560125e-06,0.0004999705944,-0.0001265457155,0.01826118864
463.0,0.0002585699625,4.122150631e-06,0.0005604149129,7.702656131e-06,0.0003171452549,5.031986565e-06,0.001032096578,3.007533717e-05,0.0004401159195,1.966571197e-06,0.0004589607707,2.652557937e-06,0.0004983244758,-0.000126981546,0.01813420709
464.0,0.0002528727572,4.023295078e-06,0.0005517329018,7.58985916e-06,0.000310702243,4.924497173e-06,0.001021367143,2.994573651e-05,0.0004331042365,1.940700921e-06,0.0004536731551,2.627056479e-06,0.0004963483993,-0.0001275915089,0.01800661558
465.0,0.0002470678071,3.924316617e-06,0.0005430969059,7.478865031e-06,0.0003042412283,4.816939166e-06,0.001009988471,2.973201334e-05,0.0004260809813,1.91332315e-06,0.0004484242462,2.599170104e-06,0.0004929797675,-0.0001279390401,0.01787867654
466.0,0.0002413120877,3.825853719e-06,0.0005345530512,7.369863808e-06,0.0002977890073,4.709389269e-06,0.0009979722712,2.94324919e-05,0.0004191487934,1.886820408e-06,0.0004431528204,2.571602503e-06,0.0004881822816,-0.0001282671291,0.01775040942
467.0,0.0002355393906,3.728110352e-06,0.0005261483296,7.262771053e-06,0.0002913326639,4.601927452e-06,0.000985710418,2.907889975e-05,0.0004121461047,1.859218871e-06,0.0004378821923,2.546498939e-06,0.0004824775283,-0.0001283909646,0.01762201845
468.0,0.0002298627627,3.631716767e-06,0.0005178857339,7.157863205e-06,0.0002848830999,4.494673354e-06,0.0009751545023,2.861478019e-05,0.0004051501557,1.832361175e-06,0.0004326375133,2.519705164e-06,0.0004749381039,-0.0001279336229,0.01749408483
469.0,0.0002243513768,3.537103514e-06,0.0005098801254,7.055089782e-06,0.0002784651773,4.387790474e-06,0.0009633608327,2.813658315e-05,0.0003981408933,1.803042947e-06,0.0004274115774,2.493527577e-06,0.0004671557121,-0.0001274533155,0.01736663151
470.0,0.0002189150142,3.444384157e-06,0.0005019068334,6.954685165e-06,0.0002720515667,4.281523175e-06,0.0009495741467,2.76667856e-05,0.0003911345178,1.774915487e-06,0.0004222405589,2.464381335e-06,0.0004595020792,-0.0001268295441,0.01723980197
471.0,0.0002136666653,3.354073469e-06,0.0004942405385,6.856554829e-06,0.00026568485,4.175931154e-06,0.0009402386968,2.717537292e-05,0.0003841576693,1.746199149e-06,0.0004170859959,2.436539439e-06,0.0004514858946,-0.0001258572298,0.01711394474
472.0,0.0002085385626,3.265608062e-06,0.0004867675221,6.761136059e-06,0.0002593614358,4.071034126e-06,0.0009267053949,2.674166136e-05,0.0003772463505,1.71736948e-06,0.0004119471943,2.410445479e-06,0.0004444215588,-0.0001249733959,0.01698897134
473.0,0.0002035271957,3.178956963e-06,0.0004793070451,6.667963993e-06,0.0002530707384,3.966920525e-06,0.0009135964586,2.632903711e-05,0.0003703410616,1.688078028e-06,0.0004068351582,2.384612349e-06,0.0004376973955,-0.000124047931,0.01686492341
474.0,0.0001986136072,3.09416027e-06,0.0004720327681,6.576731856e-06,0.0002468348675,3.863875817e-06,0.0009025249039,2.589398094e-05,0.0003634946077,1.65919339e-06,0.0004017736342,2.356616176e-06,0.0004305982819,-0.000122774573,0.01674214884
475.0,0.0001938815182,3.011083239e-06,0.0004650794761,6.487857356e-06,0.0002406706713,3.761753787e-06,0.0008897816292,2.547144287e-05,0.0003566998359,1.629331216e-06,0.0003967643458,2.331127426e-06,0.0004236986181,-0.0001215482278,0.01662060061
476.0,0.0001892357659,2.929973705e-06,0.0004582053849,6.400847762e-06,0.000234564892,3.66069507e-06,0.0008761220505,2.50638122e-05,0.0003499421492,1.599923144e-06,0.0003917311894,2.304641958e-06,0.000417037833,-0.0001202838501,0.01650031676
477.0,0.0001846573269,2.850618215e-06,0.0004516828021,6.316168857e-06,0.000228521448,3.560817811e-06,0.0008648202612,2.461794727e-05,0.0003432634099,1.570831534e-06,0.0003868268144,2.279714206e-06,0.0004097397616,-0.0001187042504,0.01638161251
478.0,0.0001801712983,2.773490081e-06,0.0004453019076,6.233613007e-06,0.0002225477621,3.462065974e-06,0.0008503418804,2.416800559e-05,0.0003366627738,1.540650148e-06,0.0003820301843,2.254485774e-06,0.0004023647833,-0.0001171230395,0.01626448947
479.0,0.0001757703229,2.69842173e-06,0.0004389945271,6.152570493e-06,0.0002166410179,3.364583713e-06,0.0008360314655,2.371286687e-05,0.0003301211494,1.510938263e-06,0.000377344821,2.228764688e-06,0.000394895357,-0.0001154497409,0.01614903973
480.0,0.0001715142195,2.625165521e-06,0.0004331135702,6.073635377e-06,0.0002108221694,3.268532569e-06,0.0008237678161,2.321046066e-05,0.0003237439005,1.481003782e-06,0.0003727402396,2.204608934e-06,0.0003866342075,-0.000113415638,0.01603562409
481.0,0.0001673549131,2.55390675e-06,0.0004273262642,5.996281695e-06,0.0002050812454,3.173852827e-06,0.0008094976881,2.271868706e-05,0.0003173753816,1.451015379e-06,0.0003682300621,2.180213341e-06,0.0003785437414,-0.0001114167603,0.01592420733
482.0,0.0001633302834,2.484554519e-06,0.0004216115171,5.920420031e-06,0.000199432341,3.080642736e-06,0.0007952503622,2.222607002e-05,0.0003110611564,1.421312341e-06,0.00036387676,2.156414561e-06,0.0003704295047,-0.0001093315766,0.01581487575
483.0,0.0001593957436,2.416907516e-06,0.0004161798836,5.845597722e-06,0.000193881548,2.988997148e-06,0.0007816096789,2.170712307e-05,0.0003048014198,1.391269451e-06,0.000359660334,2.133968294e-06,0.0003618737706,-0.0001069169452,0.01570795881
484.0,0.0001555720406,2.351390775e-06,0.000410725463,5.772006212e-06,0.0001884101094,2.899025382e-06,0.0007666218309,2.119396355e-05,0.0002986412695,1.361917934e-06,0.0003555562767,2.111307227e-06,0.0003534063407,-0.0001044764244,0.01560348239
485.0,0.000151836351,2.28770015e-06,0.0004053301883,5.69974594e-06,0.0001830415897,2.810562296e-06,0.0007527578425,2.069689407e-05,0.00029260311,1.332120308e-06,0.0003515208061,2.090391363e-06,0.0003452027181,-0.0001019864977,0.01550149589
486.0,0.0001481827199,2.225259808e-06,0.0004000832613,5.628432933e-06,0.0001777679045,2.723752083e-06,0.0007392778705,2.015780713e-05,0.0002866751936,1.302889297e-06,0.0003475261475,2.069958946e-06,0.000336292162,-9.919903373e-05,0.01540229685
487.0,0.0001446267288,2.164678758e-06,0.0003949092716,5.558262057e-06,0.0001726017912,2.638718683e-06,0.0007237826363,1.9612821e-05,0.0002808163279,1.273424749e-06,0.0003436144804,2.050331206e-06,0.0003272754306,-9.638867141e-05,0.01530590818
488.0,0.0001411618295,2.10572768e-06,0.000389804243,5.489269643e-06,0.0001675405054,2.555493896e-06,0.0007101407147,1.908706517e-05,0.0002750655899,1.244476271e-06,0.0003396924446,2.030483821e-06,0.0003185744758,-9.353654011e-05,0.01521237164
489.0,0.0001377902054,2.048019281e-06,0.0003848562744,5.421422742e-06,0.0001625923413,2.474148279e-06,0.0006964309035,1.853151179e-05,0.0002694049015,1.215844484e-06,0.0003358174213,2.011801997e-06,0.0003093739285,-9.046230645e-05,0.01512190934
490.0,0.0001345038982,1.991871451e-06,0.0003799657009,5.354280338e-06,0.0001577362989,2.394619915e-06,0.0006810777482,1.796367389e-05,0.0002638680597,1.187458841e-06,0.000332031598,1.994794337e-06,0.000299959499,-8.736292966e-05,0.01503454641
491.0,0.0001312885118,1.937491075e-06,0.0003751260311,5.288316272e-06,0.0001529945442,2.316878098e-06,0.0006662994922,1.740465735e-05,0.0002584199628,1.159365406e-06,0.0003283527639,1.97844746e-06,0.0002906856587,-8.424833049e-05,0.01495029808
492.0,0.0001281652504,1.884442734e-06,0.0003704164896,5.223138432e-06,0.0001483701068,2.241105576e-06,0.0006527271459,1.681176164e-05,0.000253061989,1.131694147e-06,0.0003247934689,1.962066687e-06,0.0002808422393,-8.093666459e-05,0.01486936141
493.0,0.0001251151165,1.832831208e-06,0.0003658545307,5.158587027e-06,0.0001438485127,2.167267934e-06,0.0006387688084,1.624454139e-05,0.0002478490222,1.104257466e-06,0.0003213727915,1.946456965e-06,0.0002714228051,-7.769144512e-05,0.01479166997
494.0,0.0001221233618,1.782653889e-06,0.0003613586055,5.094326514e-06,0.0001394572889,2.095304281e-06,0.0006239156496,1.568168594e-05,0.0002427695824,1.077201529e-06,0.0003180226229,1.932092454e-06,0.0002620702254,-7.442536082e-05,0.01471724461
495.0,0.0001192174962,1.733616199e-06,0.0003569214566,5.031183157e-06,0.0001351881525,2.025245929e-06,0.0006119247578,1.508231844e-05,0.0002378289324,1.050701712e-06,0.0003148105201,1.919476631e-06,0.0002521030423,-7.094527759e-05,0.01464629933
496.0,0.0001163884718,1.686264658e-06,0.0003525314516,4.96833647e-06,0.0001310373001,1.957091098e-06,0.0005971878747,2.985695512e-05,0.0002330133456,1.023517958e-06,0.0003116079454,1.90559793e-06,0.0004991550156,4.34498748e-05,0.0146897492
497.0,0.0001153894282,1.65973978e-06,0.0003472216833,4.887549234e-06,0.0001274636565,1.90328264e-06,0.0005711047796,2.821559442e-05,0.0002282460699,9.978801187e-07,0.0003085358164,1.892801821e-06,0.0004718137123,4.642089934e-05,0.0147361701
498.0,0.0001134107988,1.620692065e-06,0.0003429908017,4.825446531e-06,0.0001236587197,1.844072767e-06,0.0005657909568,2.660648668e-05,0.0002237931884,9.730064034e-07,0.0003055474169,1.880600804e-06,0.0004449838911,3.360144947e-05,0.01476977155
499.0,0.0001101620945,1.568606821e-06,0.0003392219006,4.77220527e-06,0.0001197770549,1.781863468e-06,0.0005595395066,2.573348127e-05,0.0002194961397,9.488630078e-07,0.0003026934311,1.869792786e-06,0.0004304497685,2.348107968e-05,0.01479325263
500.0,0.0001063798509,1.510927274e-06,0.0003355121034,4.720612535e-06,0.0001159160026,1.718178983e-06,0.0005508761367,2.567393173e-05,0.0002152691858,9.254209345e-07,0.0002999420506,1.86079438e-06,0.0004295224086,2.517063701e-05,0.01481842327
501.0,0.0001031440509,1.456735404e-06,0.0003317474495,4.666696073e-06,0.0001121649362,1.654928584e-06,0.0005447160241,2.606688871e-05,0.0002111543593,9.027605131e-07,0.0002973363803,1.852963564e-06,0.0004361707202,3.436861613e-05,0.01485279188
502.0,0.0001004446561,1.409141682e-06,0.0003277317594,4.607962835e-06,0.0001085596691,1.593644882e-06,0.0005383084987,2.640930928e-05,0.0002071352417,8.813432141e-07,0.0002948435064,1.846681662e-06,0.0004419811728,4.348752671e-05,0.01489627941
503.0,9.783552492e-05,1.365432039e-06,0.0003233476843,4.544929461e-06,0.0001051094409,1.535161786e-06,0.0005296827589,2.639600503e-05,0.0002032541163,8.607767617e-07,0.0002924262143,1.840470391e-06,0.000441834209,4.876760104e-05,0.01494504701
504.0,9.530903241e-05,1.325108965e-06,0.0003189838598,4.479316094e-06,0.0001018337241,1.479836422e-06,0.0005243832888,2.588256469e-05,0.000199527054,8.411331362e-07,0.00029005236,1.834744935e-06,0.0004333127398,4.972280905e-05,0.01499476982
505.0,9.295523663e-05,1.287801054e-06,0.0003146117542,4.412876871e-06,9.868257583e-05,1.427400979e-06,0.0005151315568,2.506796699e-05,0.000195919769,8.223464993e-07,0.0002877328142,1.829335324e-06,0.0004197433812,4.741297058e-05,0.01504218279
506.0,9.07068982e-05,1.252576697e-06,0.0003101842658,4.347070736e-06,9.565231005e-05,1.377453799e-06,0.0005050643284,2.40742587e-05,0.0001925067203,8.043598672e-07,0.0002854408388,1.823845305e-06,0.0004031682731,4.310949421e-05,0.01508529229
507.0,8.85760405e-05,1.218382899e-06,0.0003059404669,4.282810464e-06,9.271101718e-05,1.32966567e-06,0.0004965664998,2.299204025e-05,0.0001893085148,7.868696971e-07,0.000283176118,1.818531988e-06,0.0003851042125,3.783216926e-05,0.01512312445
508.0,8.656534645e-05,1.18477701e-06,0.0003018055576,4.219345614e-06,8.986486143e-05,1.283701596e-06,0.0004847600025,2.195779272e-05,0.0001862246399,7.702251377e-07,0.0002809146608,1.813531653e-06,0.0003678352079,3.231019232e-05,0.01515543465
509.0,8.459639983e-05,1.151611819e-06,0.0002976173445,4.156835443e-06,8.711705345e-05,1.239569927e-06,0.0004727864075,2.104969354e-05,0.0001832563703,7.555515499e-07,0.000278619586,1.809123965e-06,0.0003526684557,2.699530985e-05,0.01518242996
510.0,8.26001137e-05,1.118236291e-06,0.0002934995984,4.095090534e-06,8.446405823e-05,1.197408699e-06,0.0004603532397,2.019605963e-05,0.0001803773949,7.418557045e-07,0.00027634006,1.804294225e-06,0.0003384143848,2.226134396e-05,0.0152046913
511.0,8.058237819e-05,1.084593463e-06,0.000289445533,4.033424493e-06,8.189495183e-05,1.157072795e-06,0.0004468079784,1.942901637e-05,0.000177577527,7.293953341e-07,0.0002740999211,1.799577542e-06,0.0003256038561,1.823603687e-05,0.01522292734
512.0,7.851835039e-05,1.051050065e-06,0.0002853993016,3.972475919e-06,7.942878708e-05,1.118537138e-06,0.0004358571637,1.873745568e-05,0.0001748381691,7.17294713e-07,0.0002718818294,1.794660564e-06,0.0003140516865,1.501905784e-05,0.0152379464
513.0,7.645339525e-05,1.018081023e-06,0.0002814185904,3.912437019e-06,7.705528022e-05,1.08172092e-06,0.0004256023744,1.806422091e-05,0.0001722094179,7.059669974e-07,0.0002696685095,1.789769943e-06,0.0003028040437,1.264611214e-05,0.01525059251
514.0,7.445228639e-05,9.861117441e-07,0.0002775690035,3.853236609e-06,7.478608834e-05,1.046462571e-06,0.0004172176641,1.747180304e-05,0.0001696505527,6.954359849e-07,0.0002674485384,1.784714838e-06,0.0002929090724,1.10529076e-05,0.01526164542
515.0,7.244379633e-05,9.551709518e-07,0.0002736933941,3.795570132e-06,7.259156173e-05,1.012780236e-06,0.000407431728,1.690372169e-05,0.000167226539,6.857742426e-07,0.0002652623978,1.778958196e-06,0.0002834175572,1.018466339e-05,0.01527183008
516.0,7.054779888e-05,9.258227997e-07,0.0002699498718,3.738397416e-06,7.049217954e-05,9.807033699e-07,0.0004010273614,1.635498291e-05,0.000164894625,6.769585764e-07,0.0002630666043,1.773154275e-06,0.000274250295,9.863948596e-06,0.01528169403
517.0,6.871187202e-05,8.978300399e-07,0.0002661850544,3.682047994e-06,6.847718752e-05,9.50166076e-07,0.0003939181985,1.586783496e-05,0.0001626858518,6.690698497e-07,0.0002608132819,1.766796621e-06,0.000266111316,9.874853802e-06,0.01529156888
518.0,6.697160164e-05,8.711190967e-07,0.0002625351806,3.626223597e-06,6.656882167e-05,9.211759222e-07,0.0003880780827,1.541986893e-05,0.000160553761,6.618483134e-07,0.0002585140529,1.760636489e-06,0.0002586268793,9.979552344e-06,0.01530154843
519.0,6.526601188e-05,8.458575112e-07,0.0002588447,3.570795573e-06,6.472577967e-05,8.934504394e-07,0.000379967009,1.501922614e-05,0.0001584951811,6.551520381e-07,0.0002561772108,1.7545354e-06,0.000251937408,1.003609844e-05,0.01531158453
520.0,6.363221064e-05,8.219614905e-07,0.0002551985193,3.515744928e-06,6.295470959e-05,8.670482001e-07,0.0003732309992,1.463386001e-05,0.0001564936726,6.486005332e-07,0.0002538211243,1.748607597e-06,0.0002455020216,1.005681088e-05,0.01532164134
521.0,6.208992506e-05,7.993107456e-07,0.0002516677496,3.460594175e-06,6.12724752e-05,8.419863868e-07,0.0003657338521,1.429979295e-05,0.0001545128242,6.434169717e-07,0.0002514979124,1.74219443e-06,0.0002399223242,9.971262506e-06,0.01533161261
522.0,6.061847326e-05,7.777681312e-07,0.0002480876751,3.405481422e-06,5.966336856e-05,8.182550144e-07,0.0003586825817,1.398621894e-05,0.0001525736584,6.376998578e-07,0.0002492131533,1.735428394e-06,0.0002346878333,9.802033105e-06,0.01534141464
523.0,5.923558043e-05,7.575194343e-07,0.0002444931401,3.350474712e-06,5.81329289e-05,7.959093614e-07,0.00035038242,1.366596565e-05,0.000150669842,6.324296581e-07,0.0002468770171,1.728071026e-06,0.0002293396545,9.388451853e-06,0.01535080309
524.0,5.792414207e-05,7.383004831e-07,0.0002409847853,3.296287552e-06,5.6679625e-05,7.748793721e-07,0.000341849914,1.336382936e-05,0.0001487477939,6.291428671e-07,0.0002445248654,1.720351797e-06,0.0002242925867,8.927007586e-06,0.0153597301
525.0,5.665242597e-05,7.199661209e-07,0.0002373565529,3.242109714e-06,5.529439731e-05,7.551859595e-07,0.0003349351945,1.304707761e-05,0.0001468703965,6.247558405e-07,0.0002421421694,1.712224816e-06,0.0002189991504,8.479858582e-06,0.01536820996
526.0,5.54279664e-05,7.027359345e-07,0.0002337091211,3.188725615e-06,5.398360286e-05,7.367037916e-07,0.0003267796474,1.272205349e-05,0.0001450295218,6.203175766e-07,0.0002397343668,1.703725514e-06,0.0002135655295,8.030542162e-06,0.0153762405
527.0,5.430422164e-05,6.865752126e-07,0.0002301959211,3.135671348e-06,5.275796263e-05,7.194076673e-07,0.0003200711925,1.244659583e-05,0.00014320356,6.161328044e-07,0.0002372906807,1.694941498e-06,0.0002089606024,7.626056439e-06,0.01538386656
528.0,5.31460313e-05,6.71550819e-07,0.0002264740735,3.082320281e-06,5.155924991e-05,7.030232228e-07,0.0003101451647,1.213349996e-05,0.000141440455,6.119414548e-07,0.0002348216987,1.686545004e-06,0.000203725017,7.343574781e-06,0.01539121013
529.0,5.207548611e-05,6.58086006e-07,0.0002228866676,3.029540907e-06,5.043152787e-05,6.877753671e-07,0.0003041619386,1.185077969e-05,0.0001396956274,6.07508412e-07,0.000232337263,1.678078757e-06,0.0001989979831,7.257615513e-06,0.01539846775
530.0,5.104957667e-05,6.455174957e-07,0.0002193440022,2.976715909e-06,4.936829119e-05,6.733360457e-07,0.0002964812863,1.155063739e-05,0.0001379691931,6.031578932e-07,0.0002298329916,1.669374484e-06,0.0001939746074,4.670421347e-06,0.01540313817
531.0,5.012259865e-05,6.342545437e-07,0.0002158088646,2.924457782e-06,4.835460203e-05,6.598797076e-07,0.00029404097,1.150957706e-05,0.0001362418926,5.987508193e-07,0.0002273623177,1.660417024e-06,0.0001933022291,7.337964901e-06,0.01541047613
532.0,4.919467862e-05,6.23867808e-07,0.0002123570652,2.872947856e-06,4.738186036e-05,6.472174746e-07,0.0002843679179,1.123860069e-05,0.0001344964178,5.944569468e-07,0.0002249282667,1.651167706e-06,0.0001887704477,5.030053638e-06,0.01541550619
533.0,4.831198474e-05,6.145110051e-07,0.0002088178052,2.822521418e-06,4.64542658e-05,6.353881897e-07,0.0002789757576,1.120424097e-05,0.0001327195901,5.908110843e-07,0.0002224966878,1.641592823e-06,0.0001882098204,7.222394743e-06,0.01542272858
534.0,4.749125778e-05,6.05850382e-07,0.0002053445318,2.771953231e-06,4.557983665e-05,6.243251483e-07,0.0002743602882,1.110799812e-05,0.0001309288491,5.871356764e-07,0.0002200642136,1.631765195e-06,0.000186610159,7.144679261e-06,0.01542987326
535.0,4.673450246e-05,5.980347411e-07,0.000201813342,2.722082004e-06,4.475223136e-05,6.140268161e-07,0.0002688833205,1.096551004e-05,0.0001291805849,5.827759952e-07,0.0002176290098,1.621716475e-06,0.0001842329912,7.087653634e-06,0.01543696091
536.0,4.603077266e-05,5.909917307e-07,0.0001982794239,2.673055604e-06,4.396984326e-05,6.044543778e-07,0.0002645921218,1.08947924e-05,0.0001274423718,5.783433877e-07,0.0002151933865,1.611514341e-06,0.0001830606539,6.856740553e-06,0.01544381765
537.0,4.535530865e-05,5.848281591e-07,0.0001947061821,2.624198552e-06,4.321353294e-05,5.955101447e-07,0.0002590312381,1.080861061e-05,0.0001257168897,5.738426453e-07,0.0002127585003,1.60151828e-06,0.0001816291397,6.481457522e-06,0.01545029911
538.0,4.475613447e-05,5.79666284e-07,0.0001911872746,2.576550391e-06,4.251366129e-05,5.872709879e-07,0.0002550483722,1.077976801e-05,0.0001239993787,5.694062252e-07,0.0002103397621,1.591607492e-06,0.0001811610256,6.172155258e-06,0.01545647127
539.0,4.421688969e-05,5.751577284e-07,0.0001877272519,2.529967078e-06,4.186314663e-05,5.79603948e-07,0.0002498508512,1.074399497e-05,0.000122284796,5.651025074e-07,0.0002079274586,1.581577608e-06,0.0001805748585,5.725564473e-06,0.01546219683
540.0,4.370665616e-05,5.713623301e-07,0.0001841970384,2.482931015e-06,4.124346261e-05,5.725638023e-07,0.0002464950556,1.0688757e-05,0.0001205892812,5.607856181e-07,0.0002055429448,1.57137353e-06,0.0001796622244,5.220020973e-06,0.01546741685
541.0,4.330114783e-05,5.682234988e-07,0.0001807422991,2.4372283e-06,4.067704339e-05,5.660802084e-07,0.0002442955873,1.063842366e-05,0.0001189060609,5.564484356e-07,0.0002031916729,1.561032593e-06,0.0001788322338,4.70962353e-06,0.01547212648
542.0,4.286898827e-05,5.65415184e-07,0.0001772866742,2.392714979e-06,4.01400663e-05,5.601334744e-07,0.0002391500842,1.060639249e-05,0.0001172516047,5.521499082e-07,0.0002009101714,1.550475954e-06,0.00017830821,4.101877554e-06,0.01547622835
543.0,4.248431292e-05,5.633772301e-07,0.000173857653,2.348690193e-06,3.963430786e-05,5.547871803e-07,0.0002353258211,1.053480847e-05,0.0001156371987,5.478619986e-07,0.0001986542926,1.539817304e-06,0.0001771204369,3.457877457e-06,0.01547968623
544.0,4.214602344e-05,5.619167033e-07,0.0001704918309,2.305970787e-06,3.916966676e-05,5.500205793e-07,0.0002323874771,1.044328597e-05,0.0001140448364,5.435368066e-07,0.0001964195589,1.529179806e-06,0.0001755965853,2.909426978e-06,0.01548259566
545.0,4.185824575e-05,5.609437749e-07,0.0001672126882,2.264663042e-06,3.874603291e-05,5.45913216e-07,0.0002290662445,1.040987884e-05,0.000112485154,5.392776689e-07,0.0001942147679,1.518403673e-06,0.0001750484551,2.243803833e-06,0.01548483946
546.0,4.158121638e-05,5.603097621e-07,0.0001639702811,2.223496232e-06,3.835052468e-05,5.424702418e-07,0.0002255482758,1.029308131e-05,0.0001109481605,5.350978115e-07,0.0001920386298,1.507756359e-06,0.0001730989931,1.508954849e-06,0.01548634842
547.0,4.130971218e-05,5.599664076e-07,0.0001607762379,2.184125447e-06,3.798104434e-05,5.396159834e-07,0.0002218848595,1.0218195e-05,0.0001094307947,5.309519944e-07,0.0001898904299,1.497113297e-06,0.0001718538219,8.813649075e-07,0.01548722978
548.0,4.108650689e-05,5.600930634e-07,0.0001577567457,2.146009763e-06,3.766120918e-05,5.371128487e-07,0.0002186185036,1.01659772e-05,0.00010795459,5.269296913e-07,0.0001877686704,1.486369038e-06,0.0001709891215,1.758805482e-07,0.01548740566
549.0,4.090449039e-05,5.602990609e-07,0.0001548632987,2.109040377e-06,3.73643329e-05,5.349513022e-07,0.0002169561846,1.00945522e-05,0.0001065201555,5.229640463e-07,0.0001856657475,1.47561571e-06,0.0001698014278,-5.592818931e-07,0.01548684638
550.0,4.069982073e-05,5.606864942e-07,0.0001520656891,2.074012382e-06,3.707499442e-05,5.331768696e-07,0.0002124486818,1.002288915e-05,0.0001051208629,5.190539453e-07,0.0001836055899,1.464715936e-06,0.000168609345,-1.164898525e-06,0.01548568148
551.0,4.052776342e-05,5.614814376e-07,0.000149476022,2.040953206e-06,3.682607277e-05,5.316164629e-07,0.0002114537559,1.000509788e-05,0.000103766888,5.151341402e-07,0.0001815976583,1.453755451e-06,0.0001683234004,-1.812513235e-06,0.01548386897
552.0,4.036173925e-05,5.622344737e-07,0.0001470676197,2.009401875e-06,3.66008189e-05,5.303091142e-07,0.0002083903887,9.930936709e-06,0.0001024515888,5.112377168e-07,0.0001796237125,1.442736488e-06,0.0001670884619,-2.425599582e-06,0.01548144337
553.0,4.019522055e-05,5.632401821e-07,0.0001447724757,1.980075591e-06,3.637952345e-05,5.292671666e-07,0.0002044932833,9.889624405e-06,0.0001011613014,5.074006254e-07,0.0001776659887,1.431768522e-06,0.0001664067532,-2.847001976e-06,0.01547859637
554.0,4.006447884e-05,5.641513379e-07,0.000142743093,1.952946772e-06,3.619716726e-05,5.284341446e-07,0.0002040100791,9.864697415e-06,9.990767839e-05,5.035508631e-07,0.0001757259917,1.420779669e-06,0.0001659996282,-3.243894486e-06,0.01547535247
555.0,3.989694975e-05,5.64656411e-07,0.0001408602803,1.927188747e-06,3.601560891e-05,5.277733186e-07,0.0001999090922,9.783718004e-06,9.868455696e-05,4.99780946e-07,0.0001737954005,1.409713131e-06,0.0001646496184,-3.614810497e-06,0.01547173766
556.0,3.975474109e-05,5.649175082e-07,0.0001391117596,1.903646237e-06,3.585494992e-05,5.273491758e-07,0.000197498119,9.737151546e-06,9.748935638e-05,4.961259488e-07,0.0001718743176,1.398539331e-06,0.0001638787306,-3.808711674e-06,0.01546792895
557.0,3.960823805e-05,5.649985742e-07,0.0001376469452,1.881780647e-06,3.571350959e-05,5.270206153e-07,0.0001955413903,9.72672649e-06,9.631448851e-05,4.924615139e-07,0.0001699624628,1.387319314e-06,0.0001637152801,-3.990017188e-06,0.01546393893
558.0,3.944296477e-05,5.647150896e-07,0.0001363398324,1.861402393e-06,3.558515488e-05,5.268121856e-07,0.0001926292531,3.571099451e-06,9.514824553e-05,4.886729654e-07,0.0001680565645,1.375913247e-06,6.011147065e-05,1.177746196e-06,0.01546511668
559.0,3.937847901e-05,5.644094873e-07,0.0001356408128,1.850134323e-06,3.549476582e-05,5.267483981e-07,0.0001917943765,9.019641806e-06,9.404216083e-05,4.851632984e-07,0.0001662123703,1.364696704e-06,0.0001518375809,-5.515879292e-06,0.0154596008
560.0,3.914047082e-05,5.635347615e-07,0.0001343013896,1.828761289e-06,3.543340942e-05,5.273529298e-07,0.000188157137,8.932554937e-06,9.294723508e-05,4.814730142e-07,0.0001643526069,1.353137424e-06,0.0001503824851,-6.32031947e-06,0.01545328048
561.0,3.89564282e-05,5.623126287e-07,0.0001331265434,1.810257149e-06,3.533334835e-05,5.272373653e-07,0.0001858886388,8.982958331e-06,9.18466737e-05,4.777738827e-07,0.0001624940657,1.341470048e-06,0.0001512422266,-6.82669332e-06,0.01544645379
562.0,3.881414349e-05,5.610404328e-07,0.0001321252298,1.793933578e-06,3.523039314e-05,5.270524825e-07,0.000183348962,9.151678161e-06,9.076057311e-05,4.740992305e-07,0.0001606347647,1.329658098e-06,0.0001540941846,-6.792964163e-06,0.01543966082
563.0,3.868023969e-05,5.59680754e-07,0.0001312996116,1.779565992e-06,3.514351129e-05,5.268592346e-07,0.0001813545723,3.543902861e-06,8.966434363e-05,4.702886948e-07,0.0001587685065,1.317625089e-06,5.967551056e-05,3.997496184e-07,0.01544006057
564.0,3.853943863e-05,5.568710901e-07,0.0001312010644,1.775659645e-06,3.507848736e-05,5.265146111e-07,0.0001810857566,8.729066081e-06,8.862681546e-05,4.666946203e-07,0.0001569443146,1.30567728e-06,0.0001469997968,-7.252423668e-06,0.01543280815
565.0,3.835584566e-05,5.54752105e-07,0.0001302381565,1.759009964e-06,3.503577081e-05,5.271022095e-07,0.0001765279937,8.772507033e-06,8.759203322e-05,4.629431463e-07,0.00015510528,1.293460015e-06,0.0001477409809,-7.088563648e-06,0.01542571958
566.0,3.815619262e-05,5.520089415e-07,0.000129392136,1.744146548e-06,3.495292417e-05,5.270520594e-07,0.0001747116729,3.436907877e-06,8.654507391e-05,4.589141447e-07,0.0001532679688,1.28105186e-06,5.788626397e-05,-2.593006228e-07,0.01542546028
567.0,3.798039788e-05,5.480112319e-07,0.0001292259819,1.739987954e-06,3.489102608e-05,5.266947288e-07,0.0001731871072,8.342224078e-06,8.556030198e-05,4.556749841e-07,0.000151467938,1.268776702e-06,0.000140514322,-7.591308871e-06,0.01541786898
568.0,3.777257093e-05,5.446147347e-07,0.0001282463394,1.722583533e-06,3.485496524e-05,5.27328718e-07,0.0001713450243,8.460772472e-06,8.45907595e-05,4.512045627e-07,0.0001496583238,1.256306734e-06,0.0001425206429,-7.304404874e-06,0.01541056457
569.0,3.753910967e-05,5.408962765e-07,0.0001273743675,1.707798621e-06,3.477386788e-05,5.272932066e-07,0.0001688162712,3.410278557e-06,8.358101905e-05,4.475491956e-07,0.0001478480083,1.243653217e-06,5.744938186e-05,-1.01290323e-06,0.01540955167
570.0,3.728548375e-05,5.356863652e-07,0.0001271836166,1.704489994e-06,3.470660785e-05,5.268335129e-07,0.0001691907675,8.185308673e-06,8.264609527e-05,4.44039564e-07,0.0001460727617,1.231217919e-06,0.0001378992342,-7.522755442e-06,0.01540202891
571.0,3.702783106e-05,5.314796768e-07,0.0001261207487,1.687737595e-06,3.466661598e-05,5.273691261e-07,0.0001669240678,3.299968247e-06,8.169493659e-05,4.392117714e-07,0.0001442865696,1.218533616e-06,5.559867718e-05,-6.150283839e-07,0.01540141388
572.0,3.674722273e-05,5.262009627e-07,0.000125833384,1.683413684e-06,3.460010008e-05,5.268279913e-07,0.0001657731014,7.964081132e-06,8.079088876e-05,4.357258027e-07,0.0001425329205,1.206057812e-06,0.0001341887843,-7.717027251e-06,0.01539369686
573.0,3.644266618e-05,5.214805962e-07,0.0001246194864,1.665886286e-06,3.45532322e-05,5.272207827e-07,0.0001642808604,3.261947977e-06,7.986496371e-05,4.312844188e-07,0.0001407734583,1.193364541e-06,5.496509732e-05,-4.96960935e-07,0.01539319989
574.0,3.613367422e-05,5.155996981e-07,0.0001242299633,1.661873546e-06,3.446272112e-05,5.264647799e-07,0.0001639202293,7.843772712e-06,7.899363555e-05,4.272131461e-07,0.000139045614,1.180933491e-06,0.0001321795273,-7.788485946e-06,0.01538541141
575.0,3.583242581e-05,5.104499568e-07,0.0001230452343,1.644645622e-06,3.441833831e-05,5.267386559e-07,0.0001613688182,3.315527268e-06,7.807648304e-05,4.226803322e-07,0.0001373085062,1.168279294e-06,5.587491144e-05,-1.171060193e-06,0.01538424035
576.0,3.54774134e-05,5.040825901e-07,0.0001226713484,1.641334685e-06,3.432347844e-05,5.25702538e-07,0.0001621264717,7.873830861e-06,7.721112494e-05,4.185017589e-07,0.000135603029,1.155937689e-06,0.0001327029631,-7.591903591e-06,0.01537664845
577.0,3.517118563e-05,4.983949374e-07,0.0001214491268,1.625067147e-06,3.425822074e-05,5.257808647e-07,0.0001607943954,3.360339714e-06,7.629599442e-05,4.139853841e-07,0.0001338937136,1.143364122e-06,5.663710494e-05,-1.973435775e-06,0.01537467501
578.0,3.480454104e-05,4.91829626e-07,0.0001210942525,1.622424691e-06,3.415362671e-05,5.244374644e-07,0.0001611425582,7.954382903e-06,7.545708415e-05,4.097723074e-07,0.0001322172526,1.131110892e-06,0.0001340759714,-7.120240112e-06,0.01536755477
579.0,3.446019939e-05,4.85612494e-07,0.0001198831062,1.607004299e-06,3.408533699e-05,5.243179071e-07,0.0001608263766,3.428014618e-06,7.455932173e-05,4.052104172e-07,0.00013053723,1.118642367e-06,5.778486983e-05,-3.003350666e-06,0.01536455142
580.0,3.40694532e-05,4.787813492e-07,0.000119482867,1.605294296e-06,3.39555143e-05,5.22642779e-07,0.0001598600882,7.97050255e-06,7.374153274e-05,4.010109884e-07,0.0001288998027,1.106555348e-06,0.0001343643019,-6.793002337e-06,0.01535775842
581.0,3.370326089e-05,4.722519534e-07,0.0001183389777,1.590624548e-06,3.387402814e-05,5.223429942e-07,0.0001583075602,3.475713228e-06,7.285661461e-05,3.96436256e-07,0.0001272549829,1.09421049e-06,5.859568507e-05,-3.939836537e-06,0.01535381858
582.0,3.334916314e-05,4.657465885e-07,0.0001180263861,1.590215091e-06,3.374672931e-05,5.203593167e-07,0.0001614701112,7.931100877e-06,7.205580931e-05,3.922869261e-07,0.000125646959,1.082276044e-06,0.0001337150954,-6.696826629e-06,0.01534712175
583.0,3.299026644e-05,4.588229303e-07,0.0001169490469,1.576664675e-06,3.36477543e-05,5.198139736e-07,0.0001595244001,3.439277343e-06,7.118167478e-05,3.877201497e-07,0.0001240322983,1.070093933e-06,5.798813754e-05,-3.973353805e-06,0.0153431484
584.0,3.263494605e-05,4.526929221e-07,0.0001166830063,1.577138909e-06,3.349429699e-05,5.174929358e-07,0.0001590032694,7.87762471e-06,7.040118801e-05,3.836051511e-07,0.0001224602873,1.058350295e-06,0.0001328290315,-6.575388746e-06,0.01533657301
585.0,3.221372802e-05,4.454636372e-07,0.0001156548223,1.564917144e-06,3.337643446e-05,5.166568242e-07,0.000159061683,3.430503306e-06,6.953290615e-05,3.790833013e-07,0.0001208842176,1.04635786e-06,5.784690086e-05,-4.125556886e-06,0.01533244745
586.0,3.186755733e-05,4.396219274e-07,0.0001154606734,1.566983943e-06,3.320275157e-05,5.139671132e-07,0.0001588771977,7.784938861e-06,6.876936876e-05,3.750408208e-07,0.0001193534109,1.034817633e-06,0.0001312801677,-6.621694194e-06,0.01532582576
587.0,3.148794411e-05,4.323632418e-07,0.0001146203518,1.556352667e-06,3.308286413e-05,5.128950558e-07,0.0001589226189,3.415005418e-06,6.7913404e-05,3.70570669e-07,0.00011781371,1.023017022e-06,5.759179359e-05,-4.288650765e-06,0.01532153711
588.0,3.113241918e-05,4.266867898e-07,0.0001145532327,1.560121378e-06,3.287869196e-05,5.097268814e-07,0.0001590326201,7.698992062e-06,6.716811503e-05,3.666045604e-07,0.0001163167624,1.011701031e-06,0.0001298461792,-6.732249519e-06,0.01531480486
589.0,3.07317158e-05,4.194420938e-07,0.0001138170641,1.552061156e-06,3.273058922e-05,5.084012704e-07,0.0001576089013,3.376284326e-06,6.632982623e-05,3.621669566e-07,0.0001148112646,1.000114336e-06,5.694494724e-05,-4.143324747e-06,0.01531066153
590.0,3.037790663e-05,4.139038465e-07,0.0001138659993,1.557695655e-06,3.252337632e-05,5.048882361e-07,0.000156233559,7.591519921e-06,6.56010515e-05,3.582977764e-07,0.0001133563688,9.890300864e-07,0.0001280462743,-6.750544308e-06,0.01530391099
591.0,2.994399289e-05,4.066961119e-07,0.000113267227,1.551300851e-06,3.237122637e-05,5.033156048e-07,0.0001568645841,3.328878923e-06,6.476984456e-05,3.539382791e-07,0.0001118973805,9.776965899e-07,5.615157459e-05,-3.902210048e-06,0.01530000878
592.0,2.96450093e-05,4.013712259e-07,0.0001134349773,1.558232331e-06,3.213745777e-05,4.994819879e-07,0.0001560524495,7.467617282e-06,6.405777799e-05,3.501662738e-07,0.0001104858725,9.668676732e-07,0.0001259705255,-6.862008552e-06,0.01529314677
593.0,2.922084552e-05,3.942097616e-07,0.0001129025433,1.552732216e-06,3.197423475e-05,4.977245879e-07,0.0001544589814,3.297775768e-06,6.324102982e-05,3.458976684e-07,0.0001090656271,9.557738094e-07,5.563218042e-05,-3.877521814e-06,0.01528926925
594.0,2.886186067e-05,3.889940285e-07,0.0001130459934,1.559698618e-06,3.171692321e-05,4.934628271e-07,0.0001538633761,7.318175482e-06,6.255430639e-05,3.422365328e-07,0.0001076946305,9.452331636e-07,0.0001234628196,-7.042449622e-06,0.0152822268
595.0,2.846101382e-05,3.818924571e-07,0.0001125342604,1.553736791e-06,3.153991945e-05,4.915096117e-07,0.0001539224164,7.606941685e-06,6.180859161e-05,3.383500431e-07,0.0001063253554,9.346291944e-07,0.0001283399346,-6.021918306e-06,0.01527620488
596.0,2.808627448e-05,3.756009699e-07,0.0001121900601,1.551325406e-06,3.132799511e-05,4.889700665e-07,0.0001524314253,3.467996866e-06,6.102819953e-05,3.341970221e-07,0.0001049626905,9.239203784e-07,5.851319042e-05,-6.509086913e-06,0.01526969579
597.0,2.778689377e-05,3.707729836e-07,0.0001124898191,1.55948212e-06,3.103263457e-05,4.836404874e-07,0.0001525736914,7.441593083e-06,6.038266433e-05,3.307182845e-07,0.0001036516571,9.13777315e-07,0.0001255628998,-5.966578975e-06,0.01526372922
598.0,2.741124899e-05,3.642385265e-07,0.0001119968869,1.553952283e-06,3.082995685e-05,4.811388376e-07,0.0001515012522,3.32826013e-06,5.96132125e-05,3.266493278e-07,0.0001023250233,9.033144254e-07,5.616123889e-05,-5.365830376e-06,0.01525836339
599.0,2.711200335e-05,3.595609132e-07,0.0001121779628,1.559776662e-06,3.051023469e-05,4.756483954e-07,0.0001492969319,7.055234325e-06,5.899518087e-05,3.23269577e-07,0.0001010524864,8.934251819e-07,0.0001190562607,-6.564920859e-06,0.01525179846
600.0,2.670941614e-05,3.529383944e-07,0.0001114915674,1.551465062e-06,3.029396791e-05,4.730156598e-07,0.0001501814143,7.216964623e-06,5.831139556e-05,3.196337858e-07,9.978481329e-05,8.834724925e-07,0.0001217919303,-5.985308584e-06,0.01524581316
601.0,2.6391336e-05,3.469507102e-07,0.0001109341207,1.545532223e-06,3.004300363e-05,4.698489893e-07,0.0001504192744,7.432879066e-06,5.765024494e-05,3.160724886e-07,9.853644749e-05,8.736553889e-07,0.0001254410395,-4.864527688e-06,0.01524094863
602.0,2.611405181e-05,3.416516933e-07,0.0001105381006,1.541675907e-06,2.977731833e-05,4.662429799e-07,0.0001491503367,3.475513537e-06,5.693656274e-05,3.121961573e-07,9.729161209e-05,8.637108958e-07,5.865763339e-05,-8.265440791e-06,0.01523268319
603.0,2.586689721e-05,3.372578263e-07,0.0001106911243,1.546612581e-06,2.938922178e-05,4.591657368e-07,0.000148645045,7.082558031e-06,5.637173737e-05,3.090800984e-07,9.610767582e-05,8.54406598e-07,0.0001195413645,-5.380734615e-06,0.01522730245
604.0,2.554730082e-05,3.319109734e-07,0.0001099384634,1.537461615e-06,2.913633198e-05,4.558003078e-07,0.0001463395679,7.165535913e-06,5.573125823e-05,3.056520907e-07,9.492249217e-05,8.449584467e-07,0.0001209474752,-4.794447183e-06,0.01522250801
605.0,2.522898777e-05,3.271907541e-07,0.0001092754316,1.529936747e-06,2.884844948e-05,4.518737162e-07,0.0001446962944,3.311877166e-06,5.504877242e-05,3.019384995e-07,9.373814402e-05,8.354153203e-07,5.590402971e-05,-6.697736803e-06,0.01521581027
606.0,2.496597146e-05,3.23320746e-07,0.0001091636533,1.531508423e-06,2.843458068e-05,4.446024803e-07,0.0001442537888,6.707167334e-06,5.451734188e-05,2.9898271e-07,9.262196835e-05,8.264933953e-07,0.0001132220503,-6.196476991e-06,0.01520961379
607.0,2.47021082e-05,3.188282093e-07,0.0001082918133,1.519318651e-06,2.818060518e-05,4.411269627e-07,0.0001446848134,6.788163195e-06,5.391182161e-05,2.95709015e-07,9.150731347e-05,8.174701122e-07,0.0001145946518,-5.956737112e-06,0.01520365705
608.0,2.442051555e-05,3.151367985e-07,0.0001074674151,1.508976624e-06,2.789073568e-05,4.371061575e-07,0.0001424230721,7.027514679e-06,5.332349395e-05,2.924831185e-07,9.041618887e-05,8.085651785e-07,0.0001186416185,-5.35106187e-06,0.01519830599
609.0,2.416971573e-05,3.121491628e-07,0.0001067236014,1.500008417e-06,2.759081152e-05,4.328257584e-07,0.0001440297231,3.232746522e-06,5.26758328e-05,2.889447874e-07,8.932067982e-05,7.995099242e-07,5.457913809e-05,-5.493773459e-06,0.01519281222
610.0,2.392236233e-05,3.089664827e-07,0.0001065180501,1.500009513e-06,2.715037327e-05,4.250493542e-07,0.0001419989737,6.630784688e-06,5.218129206e-05,2.861600961e-07,8.829073205e-05,7.910649783e-07,0.0001119544041,-6.364460015e-06,0.01518644776
611.0,2.365079458e-05,3.064814422e-07,0.0001054286911,1.486602253e-06,2.687872177e-05,4.214161069e-07,0.0001402368087,6.777808697e-06,5.161294518e-05,2.830414796e-07,8.725609445e-05,7.824855615e-07,0.0001144422874,-6.107495523e-06,0.01518034026
612.0,2.344066586e-05,3.047590732e-07,0.0001044537812,1.474736297e-06,2.658030024e-05,4.172574998e-07,0.0001413236241,6.921105297e-06,5.105762567e-05,2.799798359e-07,8.623933434e-05,7.740091788e-07,0.0001168678364,-5.575600836e-06,0.01517476466
613.0,2.327979368e-05,3.034724786e-07,0.0001035570538,1.463932812e-06,2.627595422e-05,4.128714384e-07,0.0001403518103,3.18369122e-06,5.044202121e-05,2.765937641e-07,8.521729698e-05,7.653720225e-07,5.3761436e-05,-5.062923189e-06,0.01516970174
614.0,2.301894927e-05,3.008938561e-07,0.000103166241,1.46230198e-06,2.582976948e-05,4.049974772e-07,0.0001370925829,6.553482685e-06,4.997427243e-05,2.739635103e-07,8.425963994e-05,7.573291271e-07,0.0001106710349,-6.482024571e-06,0.01516321972
615.0,2.2823782e-05,2.997627699e-07,0.0001019880154,1.447663273e-06,2.557203503e-05,4.013506016e-07,0.000139363502,6.637662808e-06,4.942912167e-05,2.710032179e-07,8.329723082e-05,7.491076228e-07,0.0001120974272,-6.364630663e-06,0.01515685508
616.0,2.271263205e-05,2.992763037e-07,0.0001009770349,1.43428273e-06,2.527734918e-05,3.971623825e-07,0.0001395857917,6.791562386e-06,4.889719293e-05,2.681064637e-07,8.234652295e-05,7.410482574e-07,0.0001147021706,-5.780029961e-06,0.01515107505
617.0,2.262174666e-05,2.989441085e-07,9.999893766e-05,1.422857132e-06,2.497233124e-05,3.927447664e-07,0.0001389792228,3.084233205e-06,4.831106094e-05,2.648799003e-07,8.138804141e-05,7.327173806e-07,5.20920498e-05,-4.1792914e-06,0.01514689576
618.0,2.238902003e-05,2.963407446e-07,9.947687036e-05,1.419835798e-06,2.452545953e-05,3.848728769e-07,0.000137532553,6.443542722e-06,4.787280699e-05,2.624051497e-07,8.048595669e-05,7.25021273e-07,0.0001088354835,-6.677147086e-06,0.01514021862
619.0,2.228095245e-05,2.96141263e-07,9.826042326e-05,1.404883606e-06,2.426754298e-05,3.812492048e-07,0.0001374598875,6.528581461e-06,4.735876758e-05,2.595960091e-07,7.957914669e-05,7.171509034e-07,0.0001102767422,-6.407909857e-06,0.01513381071
620.0,2.218705422e-05,2.964193004e-07,9.712190616e-05,1.392125318e-06,2.396762725e-05,3.771053249e-07,0.0001361910555,6.714830985e-06,4.685612808e-05,2.568403533e-07,7.868159712e-05,7.093651767e-07,0.0001134285908,-5.859579064e-06,0.01512795113
621.0,2.212272243e-05,2.967791365e-07,9.609604698e-05,1.380662478e-06,2.366643857e-05,3.727235547e-07,0.0001377311712,6.861617134e-06,4.635964533e-05,2.541194582e-07,7.779506748e-05,7.016529255e-07,0.0001159136713,-5.061913166e-06,0.01512288921
622.0,2.209341553e-05,2.970050512e-07,9.526853778e-05,1.370617034e-06,2.337594737e-05,3.681729334e-07,0.0001376186827,3.127252436e-06,4.579855815e-05,2.510563983e-07,7.688875983e-05,6.937256892e-07,5.283118318e-05,-5.80551022e-06,0.0151170837
623.0,2.184716011e-05,2.934943722e-07,9.497321962e-05,1.369944621e-06,2.295510199e-05,3.602520163e-07,0.0001352852297,6.451565058e-06,4.537273473e-05,2.487283152e-07,7.604252895e-05,6.863601392e-07,0.0001089970058,-5.752118602e-06,0.01511133159
624.0,2.176416329e-05,2.939869268e-07,9.389870177e-05,1.356685125e-06,2.271303694e-05,3.567149918e-07,0.000134870463,6.480248467e-06,4.486809504e-05,2.460500278e-07,7.517800779e-05,6.788246153e-07,0.0001094868362,-5.642623259e-06,0.01510568896
625.0,2.172125635e-05,2.9504244e-07,9.298045046e-05,1.344951155e-06,2.243120631e-05,3.526696577e-07,0.0001337899213,6.537965758e-06,4.437304831e-05,2.434210803e-07,7.432751593e-05,6.711684949e-07,0.0001104668435,-5.133133937e-06,0.01510055583
626.0,2.17005127e-05,2.961810509e-07,9.216758091e-05,1.334988104e-06,2.215714284e-05,3.484903262e-07,0.0001330850264,2.937760363e-06,4.382013296e-05,2.40478585e-07,7.344025447e-05,6.636908913e-07,4.963946482e-05,-4.208293487e-06,0.01509634753
627.0,2.149141275e-05,2.937105354e-07,9.202579245e-05,1.334251126e-06,2.179076671e-05,3.416685341e-07,0.0001317576343,6.16619908e-06,4.339141192e-05,2.382341117e-07,7.262221769e-05,6.565429367e-07,0.0001041953801,-6.314163299e-06,0.01509003337
628.0,2.153115291e-05,2.954858564e-07,9.1152846e-05,1.321786241e-06,2.159441946e-05,3.385327421e-07,0.000131485744,6.208374661e-06,4.288821147e-05,2.356547062e-07,7.180193173e-05,6.488944873e-07,0.0001049123605,-6.140237087e-06,0.01508389313
629.0,2.153317685e-05,2.973539577e-07,9.040206348e-05,1.311749077e-06,2.134545869e-05,3.348391884e-07,0.0001303462192,6.388629311e-06,4.240001788e-05,2.331299821e-07,7.095305139e-05,6.419780655e-07,0.0001079639263,-5.651801763e-06,0.01507824133
630.0,2.151868913e-05,2.991164824e-07,8.980702007e-05,1.303140225e-06,2.108168586e-05,3.310186085e-07,0.0001298356773,2.844660062e-06,4.185259507e-05,2.302816078e-07,7.011897347e-05,6.342191587e-07,4.807519994e-05,-3.15395127e-06,0.01507508738
631.0,2.134901369e-05,2.966799732e-07,8.985324261e-05,1.304623649e-06,2.077035207e-05,3.249929246e-07,0.0001284233697,5.999269447e-06,4.142657494e-05,2.280865573e-07,6.931659634e-05,6.273984446e-07,0.0001013930815,-6.232769228e-06,0.01506885461
632.0,2.135660046e-05,2.985335879e-07,8.908164579e-05,1.293045256e-06,2.058753228e-05,3.220293303e-07,0.0001272808942,6.114903509e-06,4.092966127e-05,2.255601324e-07,6.851368124e-05,6.201663775e-07,0.0001033519708,-5.861566392e-06,0.01506299305
633.0,2.134017314e-05,3.002856176e-07,8.845470538e-05,1.283225317e-06,2.034505124e-05,3.184859034e-07,0.0001267189482,6.214621462e-06,4.044620029e-05,2.230729931e-07,6.770921292e-05,6.131274045e-07,0.0001050424247,-5.204580797e-06,0.01505778846
634.0,2.138233883e-05,3.019041754e-07,8.791561497e-05,1.274794671e-06,2.011608744e-05,3.148605159e-07,0.0001259292753,2.829169864e-06,3.991610344e-05,2.203025092e-07,6.688525666e-05,6.058996294e-07,4.78218112e-05,-4.399278932e-06,0.01505338919
635.0,2.119919694e-05,2.986321952e-07,8.78705941e-05,1.275008226e-06,1.983966706e-05,3.094349729e-07,0.0001238749893,5.86507413e-06,3.951083595e-05,2.181801178e-07,6.612195594e-05,5.991526999e-07,9.914275246e-05,-5.512331094e-06,0.01504787685
636.0,2.119770946e-05,3.003193477e-07,8.708817257e-05,1.262206021e-06,1.966350854e-05,3.066203569e-07,0.0001235217507,5.898557595e-06,3.904156263e-05,2.157531031e-07,6.533868363e-05,5.922740339e-07,9.971325469e-05,-5.145110798e-06,0.01504273174
637.0,2.124865247e-05,3.020871462e-07,8.643264106e-05,1.251147813e-06,1.944517801e-05,3.033143185e-07,0.0001219690401,5.996499335e-06,3.859432996e-05,2.133590406e-07,6.456271005e-05,5.854438949e-07,0.0001013731605,-4.342798952e-06,0.01503838895
638.0,2.129189919e-05,3.033596092e-07,8.578735716e-05,1.240662046e-06,1.922941641e-05,2.998361653e-07,0.0001207101416,2.782415645e-06,3.811048849e-05,2.106985834e-07,6.37681118e-05,5.784436844e-07,4.703975243e-05,-5.474750266e-06,0.01503291419
639.0,2.112555427e-05,2.999136087e-07,8.561891626e-05,1.238247518e-06,1.898734679e-05,2.950439614e-07,0.0001196431105,5.611437758e-06,3.774675713e-05,2.0866182e-07,6.304251603e-05,5.719275074e-07,9.487158208e-05,-4.927414648e-06,0.01502798678
640.0,2.117969352e-05,3.016376247e-07,8.474866536e-05,1.223792478e-06,1.883104429e-05,2.924512253e-07,0.0001194537854,5.677960765e-06,3.732432568e-05,2.06309165e-07,6.229427248e-05,5.65266635e-07,9.599990712e-05,-4.491751635e-06,0.01502349503
641.0,2.120933445e-05,3.030513412e-07,8.397222896e-05,1.21047677e-06,1.862795796e-05,2.892922789e-07,0.0001181796321,5.804702757e-06,3.692076921e-05,2.039895525e-07,6.155266202e-05,5.586564043e-07,9.814726161e-05,-3.81122515e-06,0.0150196838
642.0,2.12251188e-05,3.03974819e-07,8.323268405e-05,1.198259929e-06,1.841641382e-05,2.860033663e-07,0.0001167564257,2.706745563e-06,3.648343853e-05,2.014191205e-07,6.079271783e-05,5.518735743e-07,4.576798883e-05,-5.699009037e-06,0.01501398479
643.0,2.106179697e-05,3.002053081e-07,8.290118722e-05,1.193437732e-06,1.821221038e-05,2.817652623e-07,0.0001149732606,5.454246672e-06,3.615121639e-05,1.994334304e-07,6.00989966e-05,5.455852521e-07,9.222885907e-05,-4.424722879e-06,0.01500956007
644.0,2.107801331e-05,3.01438832e-07,8.192324663e-05,1.17705333e-06,1.805806813e-05,2.792418737e-07,0.0001136027634,5.511234328e-06,3.576033327e-05,1.97155116e-07,5.938127729e-05,5.391482299e-07,9.319597616e-05,-4.097280164e-06,0.01500546279
645.0,2.10713578e-05,3.022460272e-07,8.101758778e-05,1.162309213e-06,1.785334099e-05,2.761955195e-07,0.0001134140094,5.588224524e-06,3.53863376e-05,1.949152454e-07,5.867203131e-05,5.327752414e-07,9.450210305e-05,-3.515158035e-06,0.01500194763
646.0,2.110705612e-05,3.027089114e-07,8.023111783e-05,1.148560232e-06,1.766520281e-05,2.731172318e-07,0.00011387274,2.649555287e-06,3.497882386e-05,1.924280056e-07,5.794469729e-05,5.2623356e-07,4.480784847e-05,-6.041014156e-06,0.01499590662
647.0,2.093018549e-05,2.984613643e-07,7.978311109e-05,1.141423123e-06,1.749126317e-05,2.692173438e-07,0.000111790696,5.298699332e-06,3.466961132e-05,1.905005823e-07,5.72813968e-05,5.201732122e-07,8.961214821e-05,-4.034821959e-06,0.0149918718
648.0,2.089065078e-05,2.99032942e-07,7.868136376e-05,1.123884009e-06,1.732216132e-05,2.667090148e-07,0.0001105029497,5.33184674e-06,3.43013696e-05,1.883001322e-07,5.659516547e-05,5.139674551e-07,9.017619039e-05,-3.784043892e-06,0.01498808775
649.0,2.088228706e-05,2.994012365e-07,7.772339265e-05,1.108084936e-06,1.713449345e-05,2.638246473e-07,0.0001105333355,5.479568022e-06,3.394806918e-05,1.861326123e-07,5.591687336e-05,5.078173566e-07,9.267770812e-05,-3.121032933e-06,0.01498496672
650.0,2.085715145e-05,2.991962782e-07,7.676658994e-05,1.092744443e-06,1.694816571e-05,2.608030208e-07,0.0001095843873,2.583033586e-06,3.3560208e-05,1.837371201e-07,5.521604688e-05,5.015032575e-07,4.368941996e-05,-6.310288847e-06,0.01497865643
651.0,2.064914293e-05,2.949161179e-07,7.613079313e-05,1.084003641e-06,1.677243798e-05,2.571279922e-07,0.0001088780941,5.172444351e-06,3.326335614e-05,1.818658278e-07,5.45795586e-05,4.956728937e-07,8.748951375e-05,-3.733057581e-06,0.01497492337
652.0,2.065478101e-05,2.951977015e-07,7.503224308e-05,1.06597995e-06,1.66272326e-05,2.547242181e-07,0.0001105101147,5.247626674e-06,3.2911542e-05,1.797299639e-07,5.392010971e-05,4.896900139e-07,8.876383692e-05,-3.377265291e-06,0.01497154611
653.0,2.059028502e-05,2.949408561e-07,7.397292008e-05,1.04934142e-06,1.644152753e-05,2.518329811e-07,0.0001075302298,5.3620892e-06,3.256716397e-05,1.776219887e-07,5.326527891e-05,4.83765131e-07,9.070343246e-05,-2.827301893e-06,0.01496871881
654.0,2.052609003e-05,2.943004578e-07,7.299118398e-05,1.033897797e-06,1.625109955e-05,2.488502198e-07,0.0001078869042,2.457161664e-06,3.218901432e-05,1.753032321e-07,5.258969658e-05,4.776797363e-07,4.156593432e-05,-6.032904686e-06,0.0149626859
655.0,2.034481714e-05,2.90270656e-07,7.231521154e-05,1.024243333e-06,1.608593888e-05,2.45385433e-07,0.0001063628134,5.070446808e-06,3.189393958e-05,1.734763556e-07,5.197280637e-05,4.720630899e-07,8.577573975e-05,-3.389678046e-06,0.01495929622
656.0,2.028147453e-05,2.898414095e-07,7.11672618e-05,1.006343399e-06,1.592864568e-05,2.429218324e-07,0.0001059118742,5.119964819e-06,3.15450636e-05,1.714080465e-07,5.133208661e-05,4.663047311e-07,8.661599744e-05,-3.124956319e-06,0.01495617127
657.0,2.021151411e-05,2.891726093e-07,7.01460299e-05,9.904032415e-07,1.57448078e-05,2.400833206e-07,0.0001069142396,5.194245609e-06,3.120501286e-05,1.693712904e-07,5.069648996e-05,4.606030926e-07,8.787498407e-05,-2.706083266e-06,0.01495346518
658.0,2.014452475e-05,2.881157081e-07,6.920737577e-05,9.753961934e-07,1.55642452e-05,2.371572193e-07,0.0001069401166,5.311133858e-06,3.086558855e-05,1.673519271e-07,5.006514066e-05,4.549522547e-07,8.985600274e-05,-2.035382349e-06,0.0149514298
659.0,2.002060985e-05,2.865897692e-07,6.827240156e-05,9.614455403e-07,1.53737096e-05,2.341485851e-07,0.0001044019809,2.426950645e-06,3.048886518e-05,1.651234865e-07,4.941497903e-05,4.491399106e-07,4.106122904e-05,-7.250737626e-06,0.01494417906
660.0,1.985136173e-05,2.827755514e-07,6.763466402e-05,9.524956409e-07,1.520972938e-05,2.307517146e-07,0.0001046655772,4.984803103e-06,3.018379084e-05,1.63364287e-07,4.882429025e-05,4.438061884e-07,8.433953524e-05,-2.635554657e-06,0.01494154351
661.0,1.973663072e-05,2.815420114e-07,6.66180332e-05,9.363626979e-07,1.504215705e-05,2.282080453e-07,0.00010305818,4.93313312e-06,2.982928913e-05,1.613762179e-07,4.821017297e-05,4.383169414e-07,8.346798551e-05,-2.53649765e-06,0.01493900701
662.0,1.96163212e-05,2.802654271e-07,6.568734814e-05,9.219548747e-07,1.486646253e-05,2.254838948e-07,0.0001036828603,4.97938738e-06,2.947974936e-05,1.594215162e-07,4.760079831e-05,4.328959154e-07,8.425279093e-05,-2.281117222e-06,0.0149367259
663.0,1.949431544e-05,2.78753415e-07,6.486947788e-05,9.089603815e-07,1.468451232e-05,2.227417014e-07,0.0001036393937,5.017761551e-06,2.912897051e-05,1.574849437e-07,4.699678588e-05,4.275345583e-07,8.490432897e-05,-1.964828976e-06,0.01493476107
664.0,1.933954952e-05,2.770004544e-07,6.403633776e-05,8.965701056e-07,1.449887788e-05,2.199492115e-07,0.000102035781,5.037930713e-06,2.877553737e-05,1.5556248e-07,4.639930246e-05,4.222229704e-07,8.524829007e-05,-1.516681183e-06,0.01493324438
665.0,1.918604364e-05,2.750388014e-07,6.330026979e-05,8.855155537e-07,1.433011886e-05,2.171954162e-07,0.0001019040112,5.046165881e-06,2.841822637e-05,1.536486865e-07,4.580868467e-05,4.169656073e-07,8.539006631e-05,-1.122255537e-06,0.01493212213
666.0,1.90152306e-05,2.728252312e-07,6.262383543e-05,8.748330988e-07,1.415408862e-05,2.143448061e-07,0.0001010577195,4.976216775e-06,2.805946795e-05,1.517484418e-07,4.522443384e-05,4.117642394e-07,8.420828193e-05,-8.369977435e-07,0.01493128513
667.0,1.885280829e-05,2.706033736e-07,6.194152425e-05,8.644653551e-07,1.397747497e-05,2.11515127e-07,0.000100755326,4.888809604e-06,2.770037936e-05,1.49863546e-07,4.464747626e-05,4.066206888e-07,8.273143364e-05,-5.437657388e-07,0.01493074137
668.0,1.867593242e-05,2.682853981e-07,6.125071598e-05,8.541809499e-07,1.381599051e-05,2.087598694e-07,9.995422152e-05,4.788725735e-06,2.733875481e-05,1.479937691e-07,4.407761874e-05,4.015356907e-07,8.103977053e-05,-3.56055125e-07,0.01493038531
669.0,1.846672056e-05,2.657906333e-07,6.058673797e-05,8.438370269e-07,1.364333401e-05,2.059631236e-07,9.805643873e-05,4.691146059e-06,2.697655144e-05,1.461491455e-07,4.351509388e-05,3.965192329e-07,7.939078853e-05,-4.103268835e-07,0.01492997498
670.0,1.82535047e-05,2.634151366e-07,5.989529792e-05,8.337944992e-07,1.346558197e-05,2.032517182e-07,9.760412056e-05,4.581579852e-06,2.66180467e-05,1.443251466e-07,4.295980459e-05,3.915705159e-07,7.753827661e-05,-4.726571898e-07,0.01492950233
671.0,1.804818972e-05,2.61000322e-07,5.923211976e-05,8.238159621e-07,1.329405083e-05,2.005812636e-07,9.672393656e-05,4.491538454e-06,2.626095034e-05,1.425206893e-07,4.241223804e-05,3.866905925e-07,7.601621246e-05,-6.669306983e-07,0.0149288354
672.0,1.786998987e-05,2.585067524e-07,5.862039825e-05,8.138545423e-07,1.311413662e-05,1.978466387e-07,9.662269209e-05,4.421786732e-06,2.590650501e-05,1.407426158e-07,4.187129154e-05,3.818812816e-07,7.483760476e-05,-9.762752047e-07,0.01492785912
673.0,1.766429433e-05,2.560115136e-07,5.795614556e-05,8.042425957e-07,1.293419756e-05,1.951265364e-07,9.486546988e-05,4.31281119e-06,2.555578694e-05,1.389848219e-07,4.133837616e-05,3.771343125e-07,7.299518677e-05,-1.191106567e-06,0.01492666801
674.0,1.745255809e-05,2.534804803e-07,5.731043093e-05,7.950300751e-07,1.275144208e-05,1.924636132e-07,9.327029645e-05,4.249907829e-06,2.521118142e-05,1.372446112e-07,4.081244211e-05,3.72450129e-07,7.193194306e-05,-1.45612258e-06,0.01492521189
675.0,1.724859827e-05,2.509100119e-07,5.671600741e-05,7.859788566e-07,1.256449506e-05,1.897492194e-07,9.268605298e-05,4.177085902e-06,2.48722416e-05,1.355207235e-07,4.029270075e-05,3.678266046e-07,7.07013064e-05,-1.757755526e-06,0.01492345414
676.0,1.704018626e-05,2.483199369e-07,5.607767094e-05,7.769370399e-07,1.237188613e-05,1.870399706e-07,9.105784604e-05,4.077824266e-06,2.45379262e-05,1.338248376e-07,3.978227493e-05,3.632623214e-07,6.902280841e-05,-1.911422589e-06,0.01492154271
677.0,1.687289493e-05,2.45713326e-07,5.554110839e-05,7.684205868e-07,1.219614569e-05,1.844201939e-07,9.096974134e-05,4.041910241e-06,2.420584266e-05,1.321495701e-07,3.927867268e-05,3.58756123e-07,6.84163928e-05,-2.066735724e-06,0.01491947598
678.0,1.66847595e-05,2.428398858e-07,5.50236863e-05,7.595649748e-07,1.201366549e-05,1.81706171e-07,8.997411211e-05,3.967066733e-06,2.387961217e-05,1.304976104e-07,3.878232643e-05,3.543086026e-07,6.715099154e-05,-2.221783982e-06,0.01491725419
679.0,1.648816933e-05,2.400658611e-07,5.442388545e-05,7.508792909e-07,1.182457552e-05,1.790619885e-07,8.769315527e-05,3.859337606e-06,2.355820891e-05,1.288697061e-07,3.829348411e-05,3.499255207e-07,6.532924284e-05,-2.245085056e-06,0.01491500911
680.0,1.62749014e-05,2.371839393e-07,5.379708195e-05,7.423351141e-07,1.163409553e-05,1.764547367e-07,8.574963295e-05,3.792288603e-06,2.324553271e-05,1.272657765e-07,3.781264238e-05,3.456088016e-07,6.419563189e-05,-2.267641497e-06,0.01491274147
681.0,1.608207283e-05,2.342650249e-07,5.321582381e-05,7.335304877e-07,1.145079756e-05,1.738646565e-07,8.641330842e-05,3.70041875e-06,2.293729054e-05,1.256856974e-07,3.733944628e-05,3.413608742e-07,6.264166151e-05,-2.32436648e-06,0.0149104171
682.0,1.590789985e-05,2.3144493e-07,5.258749411e-05,7.248623762e-07,1.127030656e-05,1.713076548e-07,8.460429463e-05,3.620321343e-06,2.263788369e-05,1.241297938e-07,3.687380581e-05,3.37179674e-07,6.128699238e-05,-2.25276132e-06,0.01490816434
683.0,1.573072818e-05,2.285827592e-07,5.198647585e-05,7.167205479e-07,1.110346627e-05,1.688486107e-07,8.44644054e-05,3.620351512e-06,2.234622013e-05,1.226023447e-07,3.64171564e-05,3.330696316e-07,6.128888751e-05,-2.215876991e-06,0.01490594846
684.0,1.553341535e-05,2.25648994e-07,5.139721882e-05,7.080837885e-07,1.091986834e-05,1.663259306e-07,8.268031314e-05,3.551020131e-06,2.205992287e-05,1.211082976e-07,3.596845696e-05,3.290265603e-07,6.011666821e-05,-2.247594382e-06,0.01490370087
685.0,1.533389591e-05,2.229146247e-07,5.073868283e-05,6.994970928e-07,1.073677791e-05,1.638783161e-07,8.138885525e-05,3.457164073e-06,2.178011913e-05,1.196451184e-07,3.552690803e-05,3.250528922e-07,5.852912937e-05,-2.149046577e-06,0.01490155182
686.0,1.515970889e-05,2.203156395e-07,5.009971983e-05,6.912639026e-07,1.056856114e-05,1.615221995e-07,8.135251806e-05,3.4546519e-06,2.150550969e-05,1.182154051e-07,3.509294022e-05,3.211499318e-07,5.848784737e-05,-2.105845631e-06,0.01489944598
687.0,1.501461613e-05,2.177907547e-07,4.945824174e-05,6.825676288e-07,1.040467805e-05,1.592008504e-07,8.123818584e-05,3.418739085e-06,2.123685359e-05,1.168169338e-07,3.466736687e-05,3.173038319e-07,5.788093031e-05,-2.114940887e-06,0.01489733103
688.0,1.485215065e-05,2.153883417e-07,4.874272765e-05,6.742106045e-07,1.024358536e-05,1.56962567e-07,8.051505e-05,3.355898994e-06,2.097865371e-05,1.154466202e-07,3.424913622e-05,3.135179992e-07,5.681820071e-05,-2.016281308e-06,0.01489531475
689.0,1.466589912e-05,2.131197842e-07,4.805602567e-05,6.665832568e-07,1.00878659e-05,1.548473839e-07,7.846591673e-05,3.366590374e-06,2.072822301e-05,1.141100987e-07,3.383894596e-05,3.097907488e-07,5.70006707e-05,-2.033666893e-06,0.01489328109
690.0,1.449248599e-05,2.110301482e-07,4.739324778e-05,6.582777574e-07,9.928456299e-06,1.527654622e-07,7.858998218e-05,3.314945439e-06,2.048194991e-05,1.128063887e-07,3.343405813e-05,3.061178674e-07,5.612737002e-05,-2.067798313e-06,0.01489121329
691.0,1.435188356e-05,2.091578639e-07,4.67061086e-05,6.503988521e-07,9.783437961e-06,1.50812128e-07,7.742908365e-05,3.259134312e-06,2.024485751e-05,1.115334451e-07,3.303636155e-05,3.024987102e-07,5.518363082e-05,-1.977757238e-06,0.01488923553
692.0,1.422364611e-05,2.07522492e-07,4.6040525e-05,6.430145625e-07,9.653402546e-06,1.490151805e-07,7.76818354e-05,3.254282396e-06,2.001359378e-05,1.102909948e-07,3.264441854e-05,2.989240525e-07,5.510269538e-05,-1.975588858e-06,0.01488725994
693.0,1.410360685e-05,2.059141106e-07,4.54189867e-05,6.354416101e-07,9.520498164e-06,1.472752297e-07,7.82624538e-05,3.208630365e-06,1.97888189e-05,1.090805726e-07,3.225898701e-05,2.954021368e-07,5.433052893e-05,-2.002364849e-06,0.01488525758
694.0,1.397074504e-05,2.043381419e-07,4.474596481e-05,6.282447036e-07,9.390659245e-06,1.455701109e-07,7.546869321e-05,3.161022671e-06,1.957099259e-05,1.07896928e-07,3.187867185e-05,2.919248494e-07,5.352574494e-05,-1.927310493e-06,0.01488333027
695.0,1.384568741e-05,2.028843942e-07,4.414190171e-05,6.217525977e-07,9.278117389e-06,1.439972387e-07,7.58300393e-05,3.159874347e-06,1.935826794e-05,1.067360542e-07,3.150266729e-05,2.884946622e-07,5.350755447e-05,-1.915237243e-06,0.01488141503
696.0,1.375343649e-05,2.014981944e-07,4.360572021e-05,6.149202888e-07,9.170461905e-06,1.424549138e-07,7.612958175e-05,3.141307092e-06,1.914835815e-05,1.055929057e-07,3.113184354e-05,2.851096506e-07,5.319408449e-05,-1.93020217e-06,0.01487948483
697.0,1.36575758e-05,2.000883546e-07,4.301377245e-05,6.086807851e-07,9.063630375e-06,1.409703429e-07,7.461037951e-05,3.092665479e-06,1.893998908e-05,1.044714064e-07,3.076790618e-05,2.817650276e-07,5.237150779e-05,-1.803120415e-06,0.01487768171
698.0,1.354563048e-05,1.987848201e-07,4.245251784e-05,6.029569252e-07,8.965478483e-06,1.395453527e-07,7.476004331e-05,3.108238176e-06,1.8733037e-05,1.033648326e-07,3.040883937e-05,2.784565492e-07,5.263639515e-05,-1.759189844e-06,0.01487592252
699.0,1.342857759e-05,1.974260174e-07,4.201770543e-05,5.973850664e-07,8.878446943e-06,1.381872024e-07,7.334956404e-05,3.076708002e-06,1.852736533e-05,1.022781347e-07,3.005347479e-05,2.75185298e-07,5.210345394e-05,-1.775423214e-06,0.01487414709
700.0,1.330891477e-05,1.961279469e-07,4.152298593e-05,5.922041761e-07,8.790001417e-06,1.368915512e-07,7.237009971e-05,3.03569145e-06,1.832438721e-05,1.012042138e-07,2.970146255e-05,2.719456218e-07,5.141009932e-05,-1.63666448e-06,0.01487251043
701.0,1.31843372e-05,1.948710852e-07,4.11144104e-05,5.874651928e-07,8.711537326e-06,1.356456946e-07,7.228919663e-05,3.047877074e-06,1.812253382e-05,1.001482124e-07,2.935573585e-05,2.687395751e-07,5.161742381e-05,-1.574241457e-06,0.01487093619
702.0,1.310272394e-05,1.937608955e-07,4.081744923e-05,5.830346626e-07,8.652769564e-06,1.344714373e-07,7.286432239e-05,2.990864074e-06,1.791998959e-05,9.91018522e-08,2.901407341e-05,2.655644958e-07,5.065264904e-05,-1.525584627e-06,0.0148694106
703.0,1.299694088e-05,1.924464079e-07,4.044941813e-05,5.787667833e-07,8.58175162e-06,1.333293365e-07,7.136571753e-05,2.956311046e-06,1.771894715e-05,9.806635153e-08,2.867598514e-05,2.624215111e-07,5.006861004e-05,-1.355101835e-06,0.0148680555
704.0,1.288492795e-05,1.912785932e-07,4.010506858e-05,5.751150923e-07,8.51828668e-06,1.322322208e-07,7.077068812e-05,2.954799062e-06,1.751815263e-05,9.703827439e-08,2.834157751e-05,2.593033138e-07,5.004422713e-05,-1.272558791e-06,0.01486678294
705.0,1.278099877e-05,1.900996355e-07,3.987905713e-05,5.716497734e-07,8.458610722e-06,1.311744045e-07,7.132726876e-05,2.90436732e-06,1.731525192e-05,9.601625689e-08,2.800929365e-05,2.562173956e-07,4.919087699e-05,-1.245679342e-06,0.01486553726
706.0,1.267539226e-05,1.888554894e-07,3.957549204e-05,5.67967677e-07,8.397053627e-06,1.301145793e-07,6.925152532e-05,2.872391402e-06,1.711158161e-05,9.499557051e-08,2.767996368e-05,2.531544415e-07,4.865036089e-05,-1.07782374e-06,0.01486445944
707.0,1.257096812e-05,1.876550608e-07,3.933024492e-05,5.646107542e-07,8.341924405e-06,1.291283571e-07,6.923247251e-05,2.862459722e-06,1.690934372e-05,9.397670339e-08,2.735378636e-05,2.501165139e-07,4.848311296e-05,-1.005780194e-06,0.01486345366
708.0,1.248751893e-05,1.864860061e-07,3.913316568e-05,5.610156539e-07,8.292618231e-06,1.28115551e-07,6.984079892e-05,2.820245535e-06,1.670638133e-05,9.296110012e-08,2.702930389e-05,2.470972085e-07,4.776876704e-05,-9.661971142e-07,0.01486248746
709.0,1.241493789e-05,1.851892975e-07,3.884740557e-05,5.570098282e-07,8.238985032e-06,1.271316546e-07,6.82726888e-05,2.802373059e-06,1.650498721e-05,9.194729014e-08,2.670740823e-05,2.440981186e-07,4.746707417e-05,-8.163174934e-07,0.01486167115
710.0,1.230545131e-05,1.838957727e-07,3.854886317e-05,5.529892469e-07,8.181588946e-06,1.261615278e-07,6.729165216e-05,2.796519794e-06,1.630515148e-05,9.094022951e-08,2.638657888e-05,2.411203677e-07,4.736904771e-05,-7.759516971e-07,0.01486089519
711.0,1.222243176e-05,1.826259471e-07,3.83283561e-05,5.48872097e-07,8.135877081e-06,1.252026388e-07,6.746270076e-05,2.745240975e-06,1.610766026e-05,8.993583579e-08,2.606821402e-05,2.381593579e-07,4.650094671e-05,-7.626949984e-07,0.0148601325
712.0,1.213378512e-05,1.811947605e-07,3.801807375e-05,5.441718587e-07,8.077833316e-06,1.242337161e-07,6.593781254e-05,2.687566275e-06,1.591354272e-05,8.893078787e-08,2.575299993e-05,2.352167768e-07,4.552511654e-05,-6.194084714e-07,0.01485951309
713.0,1.20265563e-05,1.798207179e-07,3.769747367e-05,5.39402087e-07,8.018570338e-06,1.232818744e-07,6.520875261e-05,2.683899102e-06,1.572466168e-05,8.792543654e-08,2.544000385e-05,2.322926099e-07,4.546368129e-05,-5.443590345e-07,0.01485896873
714.0,1.195743553e-05,1.783346098e-07,3.748051389e-05,5.343279416e-07,7.97648235e-06,1.223312878e-07,6.571452614e-05,2.655273588e-06,1.55382635e-05,8.692013373e-08,2.513225428e-05,2.293904872e-07,4.497976572e-05,-5.290419279e-07,0.01485843969
715.0,1.189125086e-05,1.768538315e-07,3.717647553e-05,5.288653341e-07,7.922425818e-06,1.213865139e-07,6.408380885e-05,2.624221452e-06,1.535631359e-05,8.591283603e-08,2.483081602e-05,2.265079199e-07,4.44543654e-05,-3.965794834e-07,0.01485804311
716.0,1.179173556e-05,1.75309014e-07,3.68343527e-05,5.23005705e-07,7.863961411e-06,1.204066554e-07,6.370584135e-05,2.6072166e-06,1.518209588e-05,8.490770509e-08,2.453520989e-05,2.236491007e-07,4.41671123e-05,-3.145986685e-07,0.01485772851
717.0,1.171719841e-05,1.737706589e-07,3.65834834e-05,5.172238764e-07,7.819770706e-06,1.194293756e-07,6.409086061e-05,2.58522937e-06,1.501514666e-05,8.390528743e-08,2.42441514e-05,2.208115251e-07,4.379520217e-05,-3.031927525e-07,0.01485742532
718.0,1.160640189e-05,1.720854976e-07,3.620125803e-05,5.106764903e-07,7.755918383e-06,1.184625025e-07,6.178449461e-05,2.569711595e-06,1.485488901e-05,8.2904694e-08,2.395752172e-05,2.179983976e-07,4.353342377e-05,-1.766970195e-07,0.01485724862
719.0,1.149585882e-05,1.704397517e-07,3.580115423e-05,5.040163359e-07,7.697092293e-06,1.174589514e-07,6.143071696e-05,2.555807909e-06,1.470351609e-05,8.190753218e-08,2.367450923e-05,2.152067741e-07,4.32982753e-05,-1.280104413e-07,0.01485712061
720.0,1.142422976e-05,1.688127303e-07,3.542854358e-05,4.971950535e-07,7.644214258e-06,1.164484248e-07,6.220789435e-05,2.525720738e-06,1.455962436e-05,8.091310118e-08,2.339586262e-05,2.124439149e-07,4.27892761e-05,-1.321774266e-07,0.01485698843
721.0,1.133990806e-05,1.671000833e-07,3.502298305e-05,4.898444556e-07,7.584958134e-06,1.15463595e-07,5.992406223e-05,2.495974424e-06,1.442017455e-05,7.992195631e-08,2.311969908e-05,2.097047858e-07,4.228610409e-05,-1.791470875e-08,0.01485697052
722.0,1.121737625e-05,1.653928451e-07,3.455186779e-05,4.823700748e-07,7.521785614e-06,1.144423769e-07,5.968675e-05,2.499800754e-06,1.428691263e-05,7.893675641e-08,2.284646336e-05,2.069953361e-07,4.235172627e-05,1.79901248e-08,0.01485698851
723.0,1.113977457e-05,1.637194155e-07,3.418097769e-05,4.747158263e-07,7.473349713e-06,1.13438638e-07,6.100669241e-05,2.467130465e-06,1.415657853e-05,7.795575002e-08,2.257423403e-05,2.043135039e-07,4.179859493e-05,-5.052837125e-10,0.014856988
724.0,1.103287114e-05,1.619995387e-07,3.368877147e-05,4.664189991e-07,7.404473185e-06,1.123855243e-07,5.804526044e-05,2.444294766e-06,1.402810313e-05,7.698057754e-08,2.230496482e-05,2.016591454e-07,4.141250932e-05,1.075164484e-07,0.01485709552
725.0,1.093109469e-05,1.603475947e-07,3.314809601e-05,4.580541056e-07,7.339482039e-06,1.113353425e-07,5.892490833e-05,2.425530353e-06,1.390253316e-05,7.601137293e-08,2.203645068e-05,1.990304013e-07,4.109493879e-05,1.664742898e-07,0.01485726199
726.0,1.087503237e-05,1.586772711e-07,3.273953412e-05,4.496376004e-07,7.294008995e-06,1.102755813e-07,6.012908789e-05,2.423604992e-06,1.377766364e-05,7.504971992e-08,2.176957854e-05,1.964321108e-07,4.106314855e-05,1.27009294e-07,0.014857389
727.0,1.076950473e-05,1.570403314e-07,3.215862881e-05,4.408259141e-07,7.218693308e-06,1.0917412e-07,5.668475175e-05,2.436105656e-06,1.365311603e-05,7.40942769e-08,2.150488036e-05,1.938563123e-07,4.127546005e-05,1.897097852e-07,0.01485757871
728.0,1.063353984e-05,1.554393419e-07,3.155702962e-05,4.319422347e-07,7.139354332e-06,1.080614802e-07,5.681206896e-05,2.424756394e-06,1.352774081e-05,7.314411964e-08,2.124133602e-05,1.913077142e-07,4.108374836e-05,2.066108518e-07,0.01485778532
729.0,1.057136956e-05,1.539954155e-07,3.109957161e-05,4.234059029e-07,7.087349906e-06,1.069672714e-07,5.830435643e-05,2.404715293e-06,1.340203562e-05,7.21998813e-08,2.09788177e-05,1.887830873e-07,4.074454312e-05,1.533081667e-07,0.01485793863
730.0,1.049094552e-05,1.525257674e-07,3.053669435e-05,4.142782443e-07,7.012714548e-06,1.058180117e-07,5.585250758e-05,2.379894992e-06,1.327535924e-05,7.12651643e-08,2.071839603e-05,1.862841227e-07,4.032480983e-05,2.173999506e-07,0.01485815603
731.0,1.040230605e-05,1.512125577e-07,2.999563377e-05,4.057180802e-07,6.940894135e-06,1.046591764e-07,5.663797276e-05,2.369982568e-06,1.314575694e-05,7.033950497e-08,2.045897478e-05,1.838101947e-07,4.015709762e-05,2.333200575e-07,0.01485838935
732.0,1.035519367e-05,1.500280516e-07,2.950878817e-05,3.971343504e-07,6.874937218e-06,1.034909483e-07,5.73047745e-05,2.34895237e-06,1.301398456e-05,6.942424921e-08,2.019999495e-05,1.81362813e-07,3.98012288e-05,1.833016585e-07,0.01485857265
733.0,1.027778083e-05,1.488262898e-07,2.899302724e-05,3.887019138e-07,6.797705661e-06,1.023108909e-07,5.551641489e-05,2.33522808e-06,1.288079266e-05,6.850926664e-08,1.994178804e-05,1.78941247e-07,3.956937201e-05,2.273344989e-07,0.01485879999
734.0,1.018723128e-05,1.476836604e-07,2.844527713e-05,3.80507454e-07,6.723398738e-06,1.011387092e-07,5.57855542e-05,2.310408291e-06,1.274359517e-05,6.760106913e-08,1.968555927e-05,1.765477452e-07,3.914909778e-05,2.157567593e-07,0.01485901575
735.0,1.013670687e-05,1.465911785e-07,2.802054125e-05,3.725106718e-07,6.656745181e-06,9.994021715e-08,5.677328071e-05,2.284785666e-06,1.260452237e-05,6.669966688e-08,1.94314766e-05,1.741798952e-07,3.871532499e-05,1.395900655e-07,0.01485915534
736.0,1.004807983e-05,1.454779711e-07,2.750597735e-05,3.647752039e-07,6.569272853e-06,9.871800275e-08,5.369669465e-05,2.262011136e-06,1.246214439e-05,6.58013759e-08,1.917914916e-05,1.718367869e-07,3.832992546e-05,1.603163624e-07,0.01485931565
737.0,9.96094519e-06,1.443728152e-07,2.702887735e-05,3.572695434e-07,6.488816264e-06,9.752713958e-08,5.521733971e-05,2.238963302e-06,1.231714683e-05,6.491293126e-08,1.892770072e-05,1.69521064e-07,3.793970993e-05,1.443513864e-07,0.01485946
738.0,9.932620423e-06,1.433630208e-07,2.667621878e-05,3.503095055e-07,6.427564984e-06,9.633501394e-08,5.598301429e-05,2.217960519e-06,1.216875762e-05,6.403421757e-08,1.867717521e-05,1.67232268e-07,3.758425306e-05,7.400463486e-08,0.01485953401
739.0,9.846523234e-06,1.422683107e-07,2.624176331e-05,3.436490083e-07,6.343384115e-06,9.512317931e-08,5.449364729e-05,2.164463013e-06,1.201733135e-05,6.316447036e-08,1.843006208e-05,1.649709157e-07,3.667809598e-05,7.932750136e-08,0.01485961333
740.0,9.722973939e-06,1.411790666e-07,2.58101063e-05,3.374230525e-07,6.255820811e-06,9.39272965e-08,5.301119538e-05,2.121156927e-06,1.186294273e-05,6.230327206e-08,1.818606753e-05,1.627398636e-07,3.594453779e-05,7.455600617e-08,0.01485968789
741.0,9.656497316e-06,1.401343497e-07,2.549748884e-05,3.316770947e-07,6.186412413e-06,9.273892352e-08,5.419464699e-05,2.094653904e-06,1.170806212e-05,6.145435859e-08,1.79442519e-05,1.605372398e-07,3.549565608e-05,1.665748257e-08,0.01485970455
742.0,9.548272512e-06,1.390987165e-07,2.512073573e-05,3.259065452e-07,6.10461393e-06,9.156144611e-08,5.18637686e-05,2.038288727e-06,1.15526804e-05,6.061479725e-08,1.770562128e-05,1.583652861e-07,3.454108847e-05,9.227086971e-09,0.01485971378
743.0,9.457792668e-06,1.380328109e-07,2.475440968e-05,3.206028067e-07,6.023760719e-06,9.036609293e-08,5.210022764e-05,2.029841635e-06,1.139491409e-05,5.978621091e-08,1.747046383e-05,1.562263912e-07,3.439806447e-05,-2.243903819e-08,0.01485969134
744.0,9.390415857e-06,1.370052153e-07,2.450097748e-05,3.154903706e-07,5.950225296e-06,8.919774304e-08,5.290897935e-05,2.005668189e-06,1.123611452e-05,5.896870119e-08,1.72393768e-05,1.541231075e-07,3.398872358e-05,-1.259165875e-07,0.01485956542
745.0,9.288567095e-06,1.359217971e-07,2.417494778e-05,3.104528604e-07,5.869064405e-06,8.798400704e-08,5.092819689e-05,1.931370193e-06,1.10778162e-05,5.816044343e-08,1.701175275e-05,1.520545784e-07,3.273010224e-05,-1.182711918e-07,0.01485944715
746.0,9.172823422e-06,1.348300913e-07,2.386381416e-05,3.058229933e-07,5.78462256e-06,8.680183417e-08,5.070558822e-05,1.882466159e-06,1.091963566e-05,5.736156868e-08,1.67878417e-05,1.500189292e-07,3.190153822e-05,-1.177866269e-07,0.01485932936
747.0,9.097850611e-06,1.337734496e-07,2.362653209e-05,3.011110361e-07,5.712564867e-06,8.559559258e-08,5.183978178e-05,1.852167031e-06,1.076164076e-05,5.65718007e-08,1.65677441e-05,1.480165488e-07,3.138823807e-05,-1.88943267e-07,0.01485914042
748.0,8.998644383e-06,1.326239294e-07,2.331198149e-05,2.966297578e-07,5.629053009e-06,8.438753809e-08,4.946322067e-05,1.800552676e-06,1.060542546e-05,5.579258436e-08,1.635237123e-05,1.46047915e-07,3.051384711e-05,-2.061312047e-07,0.01485893429
749.0,8.882529295e-06,1.314330305e-07,2.299042215e-05,2.923804041e-07,5.540161822e-06,8.317940619e-08,4.888017316e-05,1.770494025e-06,1.045278919e-05,5.502647262e-08,1.614035152e-05,1.441149166e-07,3.000483346e-05,-2.337587381e-07,0.01485870053
750.0,8.810942287e-06,1.302948796e-07,2.276403172e-05,2.882585603e-07,5.464682005e-06,8.198789498e-08,4.946660404e-05,1.744237767e-06,1.030382996e-05,5.427360341e-08,1.593247893e-05,1.42216524e-07,2.955987435e-05,-3.231465061e-07,0.01485837738
751.0,8.717750009e-06,1.290364158e-07,2.246246258e-05,2.840533238e-07,5.373833711e-06,8.073241346e-08,4.750953754e-05,1.668875475e-06,1.015797132e-05,5.35378443e-08,1.572911412e-05,1.403520644e-07,2.828313978e-05,-3.221864998e-07,0.0148580552
752.0,8.614110532e-06,1.27768103e-07,2.217313571e-05,2.802615591e-07,5.286389671e-06,7.954278376e-08,4.753286135e-05,1.633910741e-06,1.001647355e-05,5.281597328e-08,1.553092859e-05,1.385216469e-07,2.769069096e-05,-3.201015234e-07,0.01485773509
753.0,8.569010233e-06,1.265274968e-07,2.19926712e-05,2.763018159e-07,5.214304635e-06,7.830835044e-08,4.839047525e-05,1.624474573e-06,9.879856017e-06,5.21112866e-08,1.533626121e-05,1.367274216e-07,2.753094554e-05,-3.789895486e-07,0.0148573561
754.0,8.45900893e-06,1.251231538e-07,2.168231853e-05,2.722719951e-07,5.117678368e-06,7.707017405e-08,4.534197501e-05,1.537207192e-06,9.746873045e-06,5.142059994e-08,1.51453618e-05,1.349658318e-07,2.605225992e-05,-3.848588567e-07,0.01485697125
755.0,8.350202583e-06,1.237258564e-07,2.139937507e-05,2.686088569e-07,5.029414537e-06,7.586565978e-08,4.481631815e-05,1.519559336e-06,9.620155767e-06,5.074649337e-08,1.495847963e-05,1.332423168e-07,2.575338597e-05,-4.122189317e-07,0.01485655903
756.0,8.274032925e-06,1.223435228e-07,2.117183976e-05,2.645094357e-07,4.948687937e-06,7.465241697e-08,4.560728751e-05,1.511535638e-06,9.498913968e-06,5.008938688e-08,1.47750798e-05,1.315538459e-07,2.561746514e-05,-4.736949997e-07,0.01485608533
757.0,8.179174956e-06,1.209430333e-07,2.088723014e-05,2.604592175e-07,4.859672832e-06,7.343511399e-08,4.357764943e-05,1.430401723e-06,9.381658876e-06,4.94476295e-08,1.459551507e-05,1.298992477e-07,2.424275285e-05,-4.57924174e-07,0.01485562741
758.0,8.092536337e-06,1.195254393e-07,2.061031565e-05,2.565160802e-07,4.775021409e-06,7.227359041e-08,4.430093789e-05,1.443623699e-06,9.268857916e-06,4.882233324e-08,1.441984988e-05,1.282774048e-07,2.44670421e-05,-4.740772963e-07,0.01485515333
759.0,8.035303959e-06,1.180952546e-07,2.039831913e-05,2.521586466e-07,4.701369686e-06,7.109784251e-08,4.528875238e-05,1.444788906e-06,9.160002958e-06,4.821461304e-08,1.42471235e-05,1.266896664e-07,2.448685758e-05,-5.157133991e-07,0.01485463762
760.0,7.945926096e-06,1.165166405e-07,2.006702459e-05,2.478418621e-07,4.621608951e-06,6.994520556e-08,4.304663542e-05,1.362061209e-06,9.055208367e-06,4.762536952e-08,1.407778871e-05,1.251316272e-07,2.308493898e-05,-4.800198597e-07,0.0148541576
761.0,7.826283249e-06,1.150127624e-07,1.970481601e-05,2.438568586e-07,4.531978366e-06,6.883112329e-08,4.193706006e-05,1.36003991e-06,8.957025311e-06,4.705016624e-08,1.391061459e-05,1.236028441e-07,2.305096713e-05,-4.799405352e-07,0.01485367766
762.0,7.751787713e-06,1.13540548e-07,1.940253801e-05,2.394579126e-07,4.458495377e-06,6.776711672e-08,4.34467872e-05,1.373501476e-06,8.863393133e-06,4.64904178e-08,1.374650541e-05,1.221016207e-07,2.327918558e-05,-5.316089557e-07,0.01485314605
763.0,7.651960435e-06,1.119710851e-07,1.903207547e-05,2.351250431e-07,4.37615777e-06,6.6699742e-08,4.038296813e-05,1.290654573e-06,8.772815766e-06,4.594519433e-08,1.358543103e-05,1.206271653e-07,2.18753028e-05,-4.9793801e-07,0.01485264811
764.0,7.529983011e-06,1.104472689e-07,1.866136508e-05,2.310441601e-07,4.293845571e-06,6.571633806e-08,4.118650412e-05,1.307624591e-06,8.686403432e-06,4.541350962e-08,1.34277363e-05,1.191770013e-07,2.216312804e-05,-5.128200267e-07,0.01485213529
765.0,7.468839935e-06,1.089986599e-07,1.839926666e-05,2.270084505e-07,4.236791071e-06,6.476629626e-08,4.212214952e-05,1.331545964e-06,8.60412157e-06,4.489846258e-08,1.327304229e-05,1.177524923e-07,2.256857204e-05,-5.399751257e-07,0.01485159531
766.0,7.372706378e-06,1.074623811e-07,1.802110348e-05,2.230276469e-07,4.162035859e-06,6.386373662e-08,3.97845161e-05,1.250132165e-06,8.52494969e-06,4.439739195e-08,1.312068328e-05,1.163489035e-07,2.118898497e-05,-4.578400998e-07,0.01485113747
767.0,7.27884498e-06,1.060039875e-07,1.765497769e-05,2.196637082e-07,4.097894471e-06,6.302978475e-08,4.132194403e-05,1.284162468e-06,8.450049454e-06,4.390914252e-08,1.296997361e-05,1.149665531e-07,2.176591171e-05,-4.609958468e-07,0.01485067648
768.0,7.210550706e-06,1.046089672e-07,1.738033132e-05,2.159330106e-07,4.043213385e-06,6.222142974e-08,4.115722021e-05,1.282390673e-06,8.37661835e-06,4.343635519e-08,1.282102526e-05,1.136006925e-07,2.173598859e-05,-5.022709704e-07,0.01485017421
769.0,7.105171965e-06,1.032027898e-07,1.702278436e-05,2.126484659e-07,3.976680821e-06,6.146036841e-08,4.005086641e-05,1.229535246e-06,8.303918788e-06,4.297465639e-08,1.26732959e-05,1.122522931e-07,2.084036868e-05,-4.625804167e-07,0.01484971163
770.0,6.995501673e-06,1.019034356e-07,1.670803687e-05,2.099723906e-07,3.917906289e-06,6.07539021e-08,3.933260795e-05,1.250543393e-06,8.23238476e-06,4.252265464e-08,1.2526948e-05,1.109217232e-07,2.119665044e-05,-4.845652054e-07,0.01484922706
771.0,6.924477374e-06,1.007773325e-07,1.647874972e-05,2.07235277e-07,3.87583921e-06,6.011871181e-08,4.024190857e-05,1.253699368e-06,8.160712968e-06,4.208171396e-08,1.238164882e-05,1.096090417e-07,2.125016499e-05,-4.811656373e-07,0.0148487459
772.0,6.855050725e-06,9.963272813e-08,1.619404874e-05,2.04988464e-07,3.831164496e-06,5.950479264e-08,3.866007734e-05,1.206798529e-06,8.088633962e-06,4.164865894e-08,1.223804358e-05,1.083092041e-07,2.045544094e-05,-4.00865685e-07,0.01484834503
773.0,6.769469455e-06,9.85745e-08,1.597149006e-05,2.034099915e-07,3.783617337e-06,5.898320385e-08,3.857154822e-05,1.203791574e-06,8.016754069e-06,4.12252215e-08,1.20969978e-05,1.070261437e-07,2.040467761e-05,-4.224285371e-07,0.0148479226
774.0,6.711704536e-06,9.757936439e-08,1.585927808e-05,2.020923977e-07,3.75103815e-06,5.849794788e-08,4.011263665e-05,1.217075502e-06,7.945051923e-06,4.080809075e-08,1.19566893e-05,1.05756533e-07,2.06298833e-05,-4.374934511e-07,0.01484748511
775.0,6.640875191e-06,9.657218357e-08,1.569025378e-05,2.011027443e-07,3.716016341e-06,5.802041174e-08,3.798447693e-05,1.17242394e-06,7.87213295e-06,4.039695751e-08,1.181732559e-05,1.045017361e-07,1.987327771e-05,-3.437877113e-07,0.01484714132
776.0,6.557695175e-06,9.559946428e-08,1.555962796e-05,2.008271459e-07,3.681330896e-06,5.760749343e-08,3.787702522e-05,1.189858081e-06,7.798242885e-06,3.999146468e-08,1.167915639e-05,1.032601852e-07,2.016896542e-05,-3.45117353e-07,0.0148467962
777.0,6.506140514e-06,9.467081361e-08,1.550962794e-05,2.007465845e-07,3.66578151e-06,5.719282682e-08,3.919723479e-05,1.209346832e-06,7.722505813e-06,3.959207515e-08,1.154317473e-05,1.02032206e-07,2.049933945e-05,-3.714130106e-07,0.01484642479
778.0,6.421197657e-06,9.371548998e-08,1.540020403e-05,2.007969157e-07,3.636229901e-06,5.681539746e-08,3.728940122e-05,1.151398573e-06,7.645490433e-06,3.91937802e-08,1.140831535e-05,1.008146176e-07,1.951735044e-05,-3.009579579e-07,0.01484612383
779.0,6.347028855e-06,9.280721748e-08,1.533953136e-05,2.015752217e-07,3.615674282e-06,5.647697907e-08,3.794440704e-05,1.161526526e-06,7.567127775e-06,3.880024391e-08,1.127404185e-05,9.960637488e-08,1.968916292e-05,-3.107490681e-07,0.01484581308
780.0,6.29769542e-06,9.197002691e-08,1.535664425e-05,2.023474474e-07,3.605943618e-06,5.61266975e-08,3.818056275e-05,1.169945458e-06,7.486490945e-06,3.84061236e-08,1.114059461e-05,9.840579142e-08,1.983193417e-05,-3.373850642e-07,0.0148454757
781.0,6.208005344e-06,9.107863944e-08,1.53116044e-05,2.030103618e-07,3.579516871e-06,5.580078313e-08,3.581814489e-05,1.127318446e-06,7.403855382e-06,3.801132938e-08,1.100775354e-05,9.721401654e-08,1.910962411e-05,-2.544404684e-07,0.01484522126
782.0,6.135634133e-06,9.016946619e-08,1.533947162e-05,2.039744051e-07,3.569420094e-06,5.549808571e-08,3.69749947e-05,1.147244792e-06,7.320474023e-06,3.761372124e-08,1.087574804e-05,9.60300062e-08,1.94475047e-05,-2.61423311e-07,0.01484495983
783.0,6.077244381e-06,8.934478612e-08,1.542036562e-05,2.048775856e-07,3.559667526e-06,5.520195018e-08,3.70182051e-05,1.138952972e-06,7.23595687e-06,3.721466219e-08,1.074503155e-05,9.485483395e-08,1.930701902e-05,-2.398485199e-07,0.01484471999
784.0,6.05931675e-06,8.853177512e-08,1.543868369e-05,2.055213265e-07,3.551906261e-06,5.490146192e-08,3.752620253e-05,1.102818063e-06,7.150054624e-06,3.681292891e-08,1.061450361e-05,9.368422408e-08,1.86946362e-05,-1.385744791e-07,0.01484458141
785.0,5.992160061e-06,8.761652963e-08,1.542813931e-05,2.062900073e-07,3.539315841e-06,5.460619098e-08,3.601220959e-05,1.113957042e-06,7.064613421e-06,3.641010066e-08,1.048533847e-05,9.252124095e-08,1.888364135e-05,-1.652438702e-07,0.01484441617
786.0,5.911787976e-06,8.675519909e-08,1.544252357e-05,2.068739258e-07,3.520000856e-06,5.430253985e-08,3.5863541e-05,1.106312749e-06,6.981070593e-06,3.600714307e-08,1.035722055e-05,9.136526647e-08,1.87541657e-05,-1.90619086e-07,0.01484422555
787.0,5.846736543e-06,8.58437711e-08,1.542617042e-05,2.072954829e-07,3.503541455e-06,5.399959228e-08,3.521329621e-05,1.093554185e-06,6.897699139e-06,3.560328177e-08,1.023128552e-05,9.021539953e-08,1.853807014e-05,-1.143187653e-07,0.01484411123
788.0,5.814177013e-06,8.497967237e-08,1.544781183e-05,2.076431553e-07,3.49890215e-06,5.372172624e-08,3.546735508e-05,1.07570319e-06,6.815764506e-06,3.519811604e-08,1.010825891e-05,8.907210805e-08,1.823552151e-05,-8.612897723e-08,0.0148440251
789.0,5.755121061e-06,8.406496445e-08,1.547564231e-05,2.078788919e-07,3.486138024e-06,5.339132711e-08,3.501727258e-05,1.074307895e-06,6.736919186e-06,3.479126019e-08,9.987202586e-06,8.793758409e-08,1.82119637e-05,-1.15886487e-07,0.01484390921
790.0,5.707509706e-06,8.311880323e-08,1.546750209e-05,2.077060265e-07,3.474962072e-06,5.307752317e-08,3.47745101e-05,1.059944028e-06,6.659346232e-06,3.438140158e-08,9.868686165e-06,8.681124183e-08,1.796865447e-05,-4.475487635e-08,0.01484386446
791.0,5.653526223e-06,8.217273461e-08,1.545677552e-05,2.076475367e-07,3.456240438e-06,5.278035768e-08,3.412505284e-05,1.053698969e-06,6.583433091e-06,3.396907892e-08,9.753639348e-06,8.56922996e-08,1.786287184e-05,-2.489886663e-08,0.01484383956
792.0,5.624074108e-06,8.131695871e-08,1.549146368e-05,2.07440547e-07,3.446371187e-06,5.244535687e-08,3.550534516e-05,1.059056811e-06,6.509630563e-06,3.355734543e-08,9.640838606e-06,8.458281224e-08,1.795376746e-05,-1.188250799e-08,0.01484382768
793.0,5.566871427e-06,8.033758674e-08,1.546308488e-05,2.068625682e-07,3.426998528e-06,5.208659487e-08,3.34832626e-05,1.034535497e-06,6.438678129e-06,3.314510354e-08,9.529890183e-06,8.348043746e-08,1.753827398e-05,4.594482965e-08,0.01484387362
794.0,5.484675838e-06,7.937476073e-08,1.540636758e-05,2.061378331e-07,3.402028285e-06,5.173211428e-08,3.311647112e-05,1.047295148e-06,6.371746055e-06,3.273346865e-08,9.419940547e-06,8.238759298e-08,1.775468111e-05,6.151022345e-08,0.01484393513
795.0,5.446164461e-06,7.846041074e-08,1.539706503e-05,2.052760323e-07,3.391607198e-06,5.136855315e-08,3.42071764e-05,1.046685026e-06,6.309228257e-06,3.232230034e-08,9.311140846e-06,8.130502927e-08,1.774434746e-05,2.634437741e-08,0.01484396148
796.0,5.425109693e-06,7.754022118e-08,1.533732981e-05,2.040421336e-07,3.379045221e-06,5.101116898e-08,3.396604866e-05,1.03077975e-06,6.250646219e-06,3.191183859e-08,9.202964303e-06,8.023162886e-08,1.747489872e-05,8.437031958e-08,0.01484404585
797.0,5.336721354e-06,7.657306324e-08,1.521139528e-05,2.027333037e-07,3.348782738e-06,5.062509434e-08,3.219523379e-05,1.035422085e-06,6.192788288e-06,3.150129876e-08,9.095893971e-06,7.916863728e-08,1.755367229e-05,9.073622037e-08,0.01484413658
798.0,5.29257265e-06,7.567216023e-08,1.516078577e-05,2.011951459e-07,3.3297563e-06,5.023410227e-08,3.367998674e-05,1.03886782e-06,6.136826911e-06,3.109194907e-08,8.989750587e-06,7.811884856e-08,1.761221783e-05,4.848035028e-08,0.01484418506
799.0,5.23776061e-06,7.477648675e-08,1.504609563e-05,1.993945648e-07,3.302664143e-06,4.9835189e-08,3.180338365e-05,1.037683174e-06,6.082218276e-06,3.068148812e-08,8.883779835e-06,7.707776922e-08,1.759224496e-05,1.312522187e-07,0.01484431632
800.0,5.190011629e-06,7.392773206e-08,1.493856174e-05,1.973128372e-07,3.282786021e-06,4.945913577e-08,3.271294135e-05,1.030739816e-06,6.028529608e-06,3.027269513e-08,8.778970243e-06,7.604811624e-08,1.747459028e-05,1.796166523e-07,0.01484449593
801.0,5.156736284e-06,7.310289251e-08,1.485002201e-05,1.95167749e-07,3.265394415e-06,4.90254106e-08,3.31306204e-05,1.04312004e-06,5.974412959e-06,2.986702566e-08,8.674047403e-06,7.502874809e-08,1.768450902e-05,1.110424491e-07,0.01484460698
802.0,5.09951854e-06,7.230573961e-08,1.46885081e-05,1.927002205e-07,3.236850687e-06,4.859239338e-08,3.190967819e-05,1.044779483e-06,5.921126522e-06,2.946146099e-08,8.56993234e-06,7.401880103e-08,1.771285047e-05,1.645638054e-07,0.01484477154
803.0,5.02895913e-06,7.151233293e-08,1.448825143e-05,1.901152393e-07,3.205197495e-06,4.815965892e-08,3.14664458e-05,1.034498782e-06,5.86783537e-06,2.905747698e-08,8.466404403e-06,7.301854186e-08,1.753858229e-05,1.632530686e-07,0.01484493479
804.0,5.023187766e-06,7.088802399e-08,1.43529849e-05,1.874747834e-07,3.189162883e-06,4.770650317e-08,3.369446517e-05,1.044997152e-06,5.814544402e-06,2.865817896e-08,8.362325635e-06,7.202794483e-08,1.771662968e-05,1.236537502e-07,0.01484505845
805.0,4.970068029e-06,7.027266716e-08,1.413748648e-05,1.845766969e-07,3.152468714e-06,4.723445594e-08,3.183838027e-05,1.046343365e-06,5.760440079e-06,2.825936449e-08,8.258820808e-06,7.1044268e-08,1.773961432e-05,1.385399737e-07,0.01484519699
806.0,4.926600647e-06,6.965697992e-08,1.395704213e-05,1.815288751e-07,3.126024261e-06,4.675770544e-08,3.186605617e-05,1.039985919e-06,5.705428629e-06,2.786491259e-08,8.156158426e-06,7.007083498e-08,1.763183694e-05,1.385893138e-07,0.01484533558
807.0,4.926631925e-06,6.921307899e-08,1.38315069e-05,1.788030014e-07,3.10591207e-06,4.628362197e-08,3.302279776e-05,1.049119899e-06,5.649002158e-06,2.747507825e-08,8.052767897e-06,6.910525209e-08,1.778673528e-05,1.091607122e-07,0.01484544474
808.0,4.895319503e-06,6.882646534e-08,1.362041393e-05,1.7566651e-07,3.068228496e-06,4.575288026e-08,3.144289273e-05,1.022702129e-06,5.590929782e-06,2.708840458e-08,7.949227349e-06,6.814877632e-08,1.733900974e-05,1.618470569e-07,0.01484560658
809.0,4.847060559e-06,6.84170674e-08,1.339676524e-05,1.72727174e-07,3.031010145e-06,4.52525415e-08,3.09101808e-05,1.01850596e-06,5.531078104e-06,2.67044435e-08,7.845758903e-06,6.720203675e-08,1.726790812e-05,1.547468246e-07,0.01484576133
810.0,4.833271492e-06,6.80569274e-08,1.323431968e-05,1.698383014e-07,3.000174219e-06,4.471684524e-08,3.164694483e-05,1.018565591e-06,5.468889926e-06,2.632405589e-08,7.742956295e-06,6.626554388e-08,1.726896273e-05,8.745158019e-08,0.01484584878
811.0,4.815556003e-06,6.777787236e-08,1.303838443e-05,1.668929389e-07,2.968418059e-06,4.417791173e-08,3.124377005e-05,1.012934078e-06,5.404984351e-06,2.594449758e-08,7.641288949e-06,6.533588647e-08,1.717363759e-05,8.837879833e-08,0.01484593716
812.0,4.788250409e-06,6.742245622e-08,1.284518874e-05,1.641219285e-07,2.937424331e-06,4.365274876e-08,3.097425287e-05,1.004537331e-06,5.338803139e-06,2.556703084e-08,7.539476022e-06,6.441641297e-08,1.703116676e-05,1.105867149e-07,0.01484604775
813.0,4.775325451e-06,6.710474484e-08,1.269809143e-05,1.615108329e-07,2.906324219e-06,4.308519006e-08,3.183133042e-05,1.014291864e-06,5.270706466e-06,2.519313679e-08,7.43699753e-06,6.350631551e-08,1.719670534e-05,-3.221146412e-09,0.01484604453
814.0,4.740757121e-06,6.679643361e-08,1.254535245e-05,1.589220743e-07,2.8673084e-06,4.253447177e-08,3.010817007e-05,9.645958192e-07,5.201363408e-06,2.482340581e-08,7.335497461e-06,6.260589477e-08,1.635424315e-05,3.100903805e-08,0.01484607554
815.0,4.678413129e-06,6.644153645e-08,1.235526962e-05,1.567706769e-07,2.822821815e-06,4.198845962e-08,2.991506026e-05,9.579198843e-07,5.130585044e-06,2.445733866e-08,7.235519388e-06,6.171839469e-08,1.624106307e-05,7.234669543e-08,0.01484614788
816.0,4.698682666e-06,6.629462408e-08,1.229878089e-05,1.545445768e-07,2.805002061e-06,4.146053441e-08,3.26815365e-05,9.659048212e-07,5.058644324e-06,2.409643859e-08,7.135819178e-06,6.084193515e-08,1.637641293e-05,5.175504809e-09,0.01484615306
817.0,4.655652264e-06,6.588039015e-08,1.212545115e-05,1.523512806e-07,2.765944012e-06,4.088465511e-08,2.885333715e-05,9.252419566e-07,4.986273278e-06,2.37387966e-08,7.037066473e-06,5.997449362e-08,1.568714656e-05,2.225521777e-08,0.01484617531
818.0,4.58465385e-06,6.553331056e-08,1.194939245e-05,1.502914362e-07,2.72472191e-06,4.03148766e-08,2.892181494e-05,9.189429979e-07,4.913757122e-06,2.33862283e-08,6.939125671e-06,5.911899267e-08,1.558038717e-05,-1.473790488e-08,0.01484616058
819.0,4.576886641e-06,6.526255167e-08,1.186902434e-05,1.484309015e-07,2.695621498e-06,3.975754118e-08,3.039339185e-05,9.217558736e-07,4.840124908e-06,2.304082175e-08,6.842142675e-06,5.827625686e-08,1.562804716e-05,-1.15959178e-07,0.01484604462
820.0,4.523895557e-06,6.488178485e-08,1.172077059e-05,1.464243757e-07,2.652361295e-06,3.917362071e-08,2.773579053e-05,8.67247961e-07,4.767085308e-06,2.269877472e-08,6.747078952e-06,5.744924647e-08,1.470400168e-05,-6.645755007e-08,0.01484597816
821.0,4.472703356e-06,6.456971491e-08,1.159511667e-05,1.446831573e-07,2.613562688e-06,3.86412913e-08,2.929795257e-05,8.670542272e-07,4.694167101e-06,2.236129444e-08,6.65397476e-06,5.663777926e-08,1.470070779e-05,-5.18435845e-08,0.01484592631
822.0,4.482587642e-06,6.423112153e-08,1.159034767e-05,1.427668037e-07,2.598099362e-06,3.805650546e-08,3.09530654e-05,8.868076731e-07,4.621288608e-06,2.202826924e-08,6.562370549e-06,5.584111738e-08,1.503564555e-05,-1.506923811e-07,0.01484577562
823.0,4.428586464e-06,6.380345904e-08,1.142353194e-05,1.40684816e-07,2.550099241e-06,3.746058524e-08,2.787793076e-05,8.136596683e-07,4.549212005e-06,2.169996357e-08,6.472468373e-06,5.505872213e-08,1.379550249e-05,-1.271146913e-07,0.01484564851
824.0,4.367655862e-06,6.335729076e-08,1.127203403e-05,1.388917726e-07,2.502719259e-06,3.688593568e-08,2.79033167e-05,7.982394559e-07,4.479293985e-06,2.137810643e-08,6.384338358e-06,5.429041018e-08,1.353410875e-05,-1.437026169e-07,0.01484550481
825.0,4.346255466e-06,6.294870204e-08,1.11745553e-05,1.367418095e-07,2.471576755e-06,3.630369982e-08,2.871272441e-05,8.104616693e-07,4.411417592e-06,2.106377844e-08,6.298180936e-06,5.354061738e-08,1.37413243e-05,-2.332110689e-07,0.01484527159
826.0,4.302647767e-06,6.247180475e-08,1.101192115e-05,1.345498107e-07,2.425310638e-06,3.570820517e-08,2.679459807e-05,7.379901523e-07,4.34540907e-06,2.075572431e-08,6.214588555e-06,5.280349728e-08,1.251267716e-05,-1.73715916e-07,0.01484509788
827.0,4.255341795e-06,6.195937579e-08,1.089645825e-05,1.325674678e-07,2.386982423e-06,3.515817955e-08,2.757154612e-05,7.590592449e-07,4.282089134e-06,2.045625677e-08,6.133817423e-06,5.208269378e-08,1.286983989e-05,-1.821452725e-07,0.01484491573
828.0,4.252988325e-06,6.142034143e-08,1.088081498e-05,1.304558969e-07,2.364471955e-06,3.455673886e-08,2.898673733e-05,7.672664768e-07,4.22117161e-06,2.016493044e-08,6.054780659e-06,5.137795563e-08,1.300903108e-05,-2.476712661e-07,0.01484466806
829.0,4.20590557e-06,6.078890292e-08,1.071592737e-05,1.28120394e-07,2.316822717e-06,3.395483108e-08,2.518949504e-05,6.896139485e-07,4.163476858e-06,1.988077184e-08,5.978104347e-06,5.068957408e-08,1.169250429e-05,-1.81113213e-07,0.01484448695
830.0,4.147543586e-06,6.016707432e-08,1.053431961e-05,1.259849585e-07,2.26351799e-06,3.336870201e-08,2.57727079e-05,6.829639647e-07,4.109535739e-06,1.960427373e-08,5.903512309e-06,5.001687625e-08,1.157979235e-05,-1.877307619e-07,0.01484429922
831.0,4.134860367e-06,5.957241521e-08,1.044266468e-05,5.212041203e-07,2.235091359e-06,3.280482482e-08,2.702423868e-05,7.0614665e-07,4.0586444e-06,1.933588219e-08,5.830550949e-06,4.936305859e-08,1.197283541e-05,-2.931952403e-07,0.01484400602
832.0,4.091836683e-06,5.883869547e-08,1.030959329e-05,5.142523924e-07,2.196257356e-06,3.220487555e-08,2.500417577e-05,6.52860586e-07,4.009570011e-06,1.907406919e-08,5.759412987e-06,4.872339407e-08,1.10694426e-05,-2.39383033e-07,0.01484376664
833.0,4.009060439e-06,5.805777124e-08,1.016820546e-05,5.067910483e-07,2.145160855e-06,3.163428704e-08,2.442398017e-05,6.445686948e-07,3.96304792e-06,1.882085665e-08,5.690082404e-06,4.810201422e-08,1.092886348e-05,-2.681586819e-07,0.01484349848
834.0,3.999453676e-06,5.735481211e-08,1.011469524e-05,4.991200091e-07,2.115529676e-06,3.108784845e-08,2.677591497e-05,6.668729402e-07,3.919564877e-06,1.857668616e-08,5.62233739e-06,4.749506817e-08,1.130704552e-05,-3.253767108e-07,0.0148431731
835.0,3.952583988e-06,5.654084533e-08,9.942482661e-06,4.894839254e-07,2.071062287e-06,3.052371223e-08,2.406051392e-05,6.169387455e-07,3.879661919e-06,1.834272721e-08,5.556959662e-06,4.690290309e-08,1.046044837e-05,-1.958403094e-07,0.01484297726
836.0,3.913365335e-06,5.581526277e-08,9.780932859e-06,4.797416138e-07,2.035380909e-06,3.001544588e-08,2.528800078e-05,6.26691685e-07,3.842497164e-06,1.811570951e-08,5.49305576e-06,4.632393273e-08,1.062582271e-05,-2.124986817e-07,0.01484276476
837.0,3.898178087e-06,5.504922802e-08,9.650426822e-06,4.689303404e-07,2.010239793e-06,2.951392384e-08,2.620375348e-05,6.688995549e-07,3.807962043e-06,1.789784359e-08,5.430133142e-06,4.575807674e-08,1.134146375e-05,-2.738004175e-07,0.01484249096
838.0,3.82383504e-06,5.419191929e-08,9.40077967e-06,4.565565012e-07,1.963007866e-06,2.900471413e-08,2.401858617e-05,5.976898528e-07,3.775806036e-06,1.768758837e-08,5.368064327e-06,4.520299307e-08,1.013414975e-05,-2.179542e-07,0.01484227301
839.0,3.763035893e-06,5.338245474e-08,9.165141677e-06,4.458969485e-07,1.92639272e-06,2.856129617e-08,2.405947527e-05,6.08233759e-07,3.7461668e-06,1.748448313e-08,5.307466396e-06,4.466058593e-08,1.031296879e-05,-2.340000819e-07,0.01484203901
840.0,3.729681707e-06,5.261821864e-08,9.007636249e-06,4.343782575e-07,1.897459251e-06,2.811080177e-08,2.489481326e-05,6.308691824e-07,3.718525034e-06,1.728943223e-08,5.248918856e-06,4.41285293e-08,1.069674553e-05,-2.563115274e-07,0.0148417827
841.0,3.665078343e-06,5.168597152e-08,8.744370924e-06,4.218374796e-07,1.855523243e-06,2.765684375e-08,2.27563291e-05,5.730647746e-07,3.691480136e-06,1.710280208e-08,5.19133844e-06,4.360647276e-08,9.716697467e-06,-1.573133032e-07,0.01484162539
842.0,3.633722218e-06,5.092838136e-08,8.552176093e-06,4.115332488e-07,1.830992191e-06,2.727403007e-08,2.435718868e-05,5.919053912e-07,3.666125574e-06,1.692182135e-08,5.134502216e-06,4.309326568e-08,1.003621738e-05,-1.816809561e-07,0.0148414437
843.0,3.608732395e-06,5.008737862e-08,8.441683335e-06,4.018291098e-07,1.816414989e-06,2.692237353e-08,2.531497507e-05,6.291269363e-07,3.641073784e-06,1.674867005e-08,5.078062355e-06,4.258841155e-08,1.066724636e-05,-2.047958593e-07,0.01484123891
844.0,3.558383571e-06,4.920389932e-08,8.221192949e-06,3.912655436e-07,1.784798789e-06,2.653779396e-08,2.382368331e-05,5.708735468e-07,3.615817255e-06,1.658048992e-08,5.022213399e-06,4.209005832e-08,9.679621421e-06,-9.518349754e-08,0.01484114373
845.0,3.47814071e-06,4.836962065e-08,7.979692582e-06,3.827716153e-07,1.749327725e-06,2.62138282e-08,2.321667751e-05,5.813818207e-07,3.59112763e-06,1.641722229e-08,4.966572128e-06,4.160091929e-08,9.857852046e-06,-1.070525713e-07,0.01484103667
846.0,3.442012461e-06,4.760320082e-08,7.856602847e-06,3.742195403e-07,1.728884661e-06,2.590182733e-08,2.480163937e-05,6.079205625e-07,3.566127946e-06,1.625888855e-08,4.911283587e-06,4.111895693e-08,1.03078133e-05,-1.487624694e-07,0.01484088791
847.0,3.415160231e-06,4.680299933e-08,7.669510079e-06,3.665339037e-07,1.707443193e-06,2.560019371e-08,2.333718424e-05,5.621758239e-07,3.540029332e-06,1.610408873e-08,4.856526901e-06,4.064356761e-08,9.532216664e-06,-1.116556146e-07,0.01484077625
848.0,3.339922547e-06,4.603735414e-08,7.509309557e-06,3.612485435e-07,1.680975925e-06,2.534071789e-08,2.314923611e-05,5.730800157e-07,3.513459545e-06,1.595378108e-08,4.803060623e-06,4.017449673e-08,9.717169464e-06,-1.188497122e-07,0.0148406574
849.0,3.309725807e-06,4.534943441e-08,7.447148134e-06,3.573404183e-07,1.675063378e-06,2.513211789e-08,2.40470645e-05,6.048143032e-07,3.486259164e-06,1.580620882e-08,4.749638789e-06,3.971107519e-08,1.025519592e-05,-1.821665288e-07,0.01484047524
850.0,3.254319894e-06,4.470428836e-08,7.325838556e-06,3.534135878e-07,1.65048549e-06,2.492282334e-08,2.326171244e-05,5.548571732e-07,3.4580859e-06,1.566056857e-08,4.696454059e-06,3.925270945e-08,9.408227901e-06,-8.58765078e-08,0.01484038936
851.0,3.207247391e-06,4.411785135e-08,7.257617166e-06,3.531457099e-07,1.636004699e-06,2.477216028e-08,2.326853465e-05,5.70698125e-07,3.42872593e-06,1.55160773e-08,4.643771875e-06,3.880042483e-08,9.6768382e-06,-5.344206594e-08,0.01484033592
852.0,3.210060448e-06,4.363402117e-08,7.285451642e-06,3.536877114e-07,1.637850967e-06,2.462613295e-08,2.505424537e-05,6.021077889e-07,3.398202045e-06,1.537471384e-08,4.591962148e-06,3.835201906e-08,1.020941925e-05,-8.213042981e-08,0.01484025379
853.0,3.14677014e-06,4.303624871e-08,7.215093393e-06,3.546384912e-07,1.619414053e-06,2.447662363e-08,2.217634121e-05,5.423768511e-07,3.365933513e-06,1.52334402e-08,4.540345317e-06,3.790825737e-08,9.196690475e-06,-6.093593813e-08,0.01484019285
854.0,3.08550823e-06,4.247680499e-08,7.182004551e-06,3.572823113e-07,1.610110368e-06,2.435071844e-08,2.216202753e-05,5.547270134e-07,3.332857888e-06,1.509277864e-08,4.488853679e-06,3.746745198e-08,9.40613892e-06,-1.004414474e-07,0.01484009241
855.0,3.059501029e-06,4.203773323e-08,7.257163901e-06,3.626351031e-07,1.618870462e-06,2.426609747e-08,2.330157032e-05,5.713711823e-07,3.298467659e-06,1.495270435e-08,4.437293663e-06,3.702921409e-08,9.688288645e-06,-1.266100194e-07,0.0148399658
856.0,3.018751758e-06,4.152207414e-08,7.269545337e-06,8.881137217e-08,1.61251322e-06,2.413811211e-08,2.250019646e-05,5.298724688e-07,3.26206042e-06,1.481014115e-08,4.385720669e-06,3.659055222e-08,8.984734261e-06,-8.63144736e-08,0.01483987949
857.0,2.949799671e-06,4.102301045e-08,7.246562009e-06,8.998356739e-08,1.600535249e-06,2.405086485e-08,2.144073669e-05,5.397722435e-07,3.224910784e-06,1.466597815e-08,4.334382572e-06,3.61563971e-08,9.152611959e-06,-8.315637605e-08,0.01483979633
858.0,2.948512088e-06,4.062560622e-08,7.355931011e-06,9.111796239e-08,1.609030362e-06,2.398037507e-08,2.412988578e-05,5.580996722e-07,3.187714564e-06,1.452187135e-08,4.283484136e-06,3.572520327e-08,9.463413083e-06,-1.014763847e-07,0.01483969485
859.0,2.947781878e-06,4.018429772e-08,7.401595782e-06,9.206191904e-08,1.61563307e-06,2.387170534e-08,2.19755779e-05,5.123841908e-07,3.149657872e-06,1.437481881e-08,4.232349169e-06,3.529392466e-08,8.688239799e-06,-4.46599109e-08,0.01483965019
860.0,2.885090854e-06,3.973027319e-08,7.403916773e-06,9.327163504e-08,1.605433835e-06,2.37724061e-08,2.126135074e-05,5.005225095e-07,3.111500571e-06,1.422530969e-08,4.181863493e-06,3.486529073e-08,8.487152125e-06,-8.32848166e-08,0.01483956691
861.0,2.86049888e-06,3.926641808e-08,7.507666307e-06,9.458161324e-08,1.606508876e-06,2.367247836e-08,2.247331921e-05,5.462623436e-07,3.07400269e-06,1.407666153e-08,4.131810335e-06,3.443920589e-08,9.262768391e-06,-1.388349258e-07,0.01483942807
862.0,2.821216256e-06,3.883555964e-08,7.561795809e-06,9.592224724e-08,1.604852103e-06,2.359586128e-08,2.239427154e-05,5.352907557e-07,3.036711419e-06,1.392531752e-08,4.082818582e-06,3.401304961e-08,9.076746528e-06,-6.771887877e-08,0.01483936036
863.0,2.810616737e-06,3.839543774e-08,7.617889367e-06,9.733480064e-08,1.606044266e-06,2.348952158e-08,2.238605165e-05,5.192229066e-07,2.999604694e-06,1.377136159e-08,4.035062164e-06,3.358787049e-08,8.804279334e-06,-6.823178478e-08,0.01483929212
864.0,2.796731958e-06,3.790108396e-08,7.720915038e-06,9.860601605e-08,1.607505892e-06,2.334408296e-08,2.245361563e-05,5.433802582e-07,2.963039412e-06,1.361709208e-08,3.988469549e-06,3.316592021e-08,9.21395933e-06,-1.660324194e-07,0.01483912609
865.0,2.740175276e-06,3.736850252e-08,7.764709974e-06,9.973118879e-08,1.593866539e-06,2.322763358e-08,2.022755011e-05,4.923882729e-07,2.927131617e-06,1.345878787e-08,3.943058811e-06,3.274398006e-08,8.349364334e-06,-8.847035887e-08,0.01483903762
866.0,2.7078969e-06,3.686348799e-08,7.830587848e-06,1.006967381e-07,1.590056355e-06,2.309221607e-08,2.160869633e-05,5.1140613e-07,2.892792428e-06,1.329900079e-08,3.898949782e-06,3.232567972e-08,8.671853443e-06,-1.292968939e-07,0.01483890832
867.0,2.708756083e-06,3.646318617e-08,7.938981771e-06,1.016883945e-07,1.596558371e-06,2.297750397e-08,2.176587323e-05,5.315723766e-07,2.859467175e-06,1.313724301e-08,3.855444366e-06,3.190865723e-08,9.01379287e-06,-1.448195006e-07,0.01483876351
868.0,2.682638022e-06,3.599563166e-08,7.973231783e-06,1.022998002e-07,1.589658135e-06,2.28519095e-08,2.24266264e-05,5.025619928e-07,2.826727404e-06,1.29740602e-08,3.813156834e-06,3.149401792e-08,8.521895799e-06,-7.616941648e-08,0.01483868734
869.0,2.643729742e-06,3.547112396e-08,7.996903651e-06,1.02821446e-07,1.584102631e-06,2.271157017e-08,2.105461258e-05,5.112606598e-07,2.794839084e-06,1.280967896e-08,3.771121749e-06,3.108188418e-08,8.669452944e-06,-7.532061731e-08,0.01483861201
870.0,2.624134906e-06,3.497319641e-08,8.043591972e-06,1.030394082e-07,1.576820547e-06,2.25427489e-08,2.187998493e-05,5.236682686e-07,2.766019725e-06,1.264556506e-08,3.728906453e-06,3.067462351e-08,8.87985382e-06,-1.294068745e-07,0.01483848261
871.0,2.604221809e-06,3.450940946e-08,8.030920278e-06,1.030536137e-07,1.568482043e-06,2.238050621e-08,2.030895109e-05,4.923659963e-07,2.739406613e-06,1.247877939e-08,3.686983396e-06,3.02690918e-08,8.349069448e-06,-4.957790523e-08,0.01483843303
872.0,2.553162614e-06,3.40494784e-08,7.981133313e-06,1.029256783e-07,1.555696591e-06,2.223557759e-08,2.030005778e-05,5.106189244e-07,2.713354423e-06,1.231234209e-08,3.64581957e-06,2.986942245e-08,8.65863222e-06,-6.550836826e-08,0.01483836752
873.0,2.537959846e-06,3.360642447e-08,8.022703511e-06,1.029049562e-07,1.553125144e-06,2.209673927e-08,2.187582041e-05,5.303780519e-07,2.687962844e-06,1.21457782e-08,3.604673996e-06,2.947333859e-08,8.993677104e-06,-1.446904818e-07,0.01483822283
874.0,2.525840227e-06,3.318107585e-08,8.016066491e-06,1.023646181e-07,1.548934548e-06,2.193152399e-08,2.087250669e-05,5.025286039e-07,2.663315445e-06,1.197795431e-08,3.563730155e-06,2.908006497e-08,8.521449375e-06,-8.141225755e-08,0.01483814142
875.0,2.49077453e-06,3.277532594e-08,7.963890656e-06,1.01894618e-07,1.535010288e-06,2.177325895e-08,2.039131669e-05,5.063085365e-07,2.639191022e-06,1.18092918e-08,3.523164637e-06,2.868987802e-08,8.585574553e-06,-1.273706545e-08,0.01483812868
876.0,2.480599142e-06,3.237981994e-08,7.955873918e-06,1.011116115e-07,1.527323461e-06,2.159150376e-08,2.172962897e-05,5.440570334e-07,2.615244573e-06,1.164297255e-08,3.482616673e-06,2.830381063e-08,9.225700006e-06,-1.1707674e-07,0.01483801161
877.0,2.453920727e-06,3.19996917e-08,7.880578239e-06,1.002336885e-07,1.510341614e-06,2.140633597e-08,2.019348902e-05,5.179708812e-07,2.591559875e-06,1.147530594e-08,3.442226259e-06,2.791903381e-08,8.783399798e-06,-4.649525647e-08,0.01483796511
878.0,2.417627156e-06,3.165478784e-08,7.767616608e-06,9.905373853e-08,1.495900451e-06,2.122104644e-08,2.089672963e-05,5.26000968e-07,2.568108533e-06,1.130882087e-08,3.40174848e-06,2.753799724e-08,8.919543175e-06,-1.591393632e-08,0.0148379492
879.0,2.414513708e-06,3.13585409e-08,7.720975365e-06,9.812651949e-08,1.497179091e-06,2.103505987e-08,2.11613968e-05,5.468278445e-07,2.544224178e-06,1.114442944e-08,3.360972183e-06,2.715936451e-08,9.27270882e-06,-1.299314918e-07,0.01483781926
880.0,2.393479167e-06,3.11133936e-08,7.624480036e-06,9.680745947e-08,1.480438564e-06,2.08382791e-08,2.019367132e-05,5.216810543e-07,2.520306078e-06,1.097991192e-08,3.320444543e-06,2.678134659e-08,8.846345238e-06,-7.003142628e-08,0.01483774923
881.0,2.3486227e-06,3.085464989e-08,7.513214869e-06,9.549831733e-08,1.4599415e-06,2.063043579e-08,1.992214622e-05,5.227807054e-07,2.496609043e-06,1.081679072e-08,3.280265725e-06,2.640621149e-08,8.865000461e-06,-5.315864631e-08,0.01483769607
882.0,2.39109655e-06,3.081421431e-08,7.505536036e-06,9.418596138e-08,1.462780599e-06,2.043292235e-08,2.220188202e-05,5.612738385e-07,2.472492168e-06,1.065646953e-08,3.239420851e-06,2.603317873e-08,9.517725699e-06,-1.323998961e-07,0.01483756367
883.0,2.386930499e-06,3.070191184e-08,7.393694907e-06,9.267539895e-08,1.441940412e-06,2.020351511e-08,2.001137312e-05,5.268669963e-07,2.447148021e-06,1.04963881e-08,3.198324942e-06,2.566176065e-08,8.9343287e-06,-5.782484328e-08,0.01483750585
884.0,2.348823021e-06,3.057053164e-08,7.258542237e-06,9.119789522e-08,1.42222101e-06,1.997822666e-08,1.976153586e-05,5.293130147e-07,2.420764224e-06,1.033788521e-08,3.157105699e-06,2.529427588e-08,8.975840061e-06,-4.446705881e-08,0.01483746138
885.0,2.349316685e-06,3.053548803e-08,7.199619565e-06,8.991809842e-08,1.415977143e-06,1.977216234e-08,2.144815699e-05,5.518108409e-07,2.393851739e-06,1.018090213e-08,3.115381945e-06,2.492884874e-08,9.357267974e-06,-1.211392117e-07,0.01483734024
886.0,2.349889806e-06,3.048170514e-08,7.079826216e-06,8.819413764e-08,1.39836621e-06,1.950861881e-08,2.001678274e-05,5.114847568e-07,2.365624083e-06,1.002421897e-08,3.07412122e-06,2.45657856e-08,8.673510033e-06,-8.895363667e-08,0.01483725129
887.0,2.314806145e-06,3.039044839e-08,6.936767301e-06,8.701722381e-08,1.374374207e-06,1.929069615e-08,1.936953204e-05,5.189745629e-07,2.336359532e-06,9.86891311e-09,3.032851276e-06,2.420602862e-08,8.800539247e-06,-7.570928284e-08,0.01483717558
888.0,2.338238825e-06,3.040493562e-08,6.912309279e-06,8.565664696e-08,1.365208204e-06,1.904865435e-08,2.139229653e-05,5.544208571e-07,2.306241465e-06,9.71676546e-09,2.991011681e-06,2.385064532e-08,9.40160659e-06,-1.662084362e-07,0.01483700937
889.0,2.327280874e-06,3.03725443e-08,6.808251088e-06,8.419798267e-08,1.347168863e-06,1.878611539e-08,1.935929004e-05,5.109624106e-07,2.275336389e-06,9.564435369e-09,2.94962021e-06,2.349583773e-08,8.664697526e-06,-1.126390015e-07,0.01483689673
890.0,2.307346196e-06,3.029651373e-08,6.69920985e-06,8.294304275e-08,1.326999317e-06,1.854798454e-08,1.96963501e-05,5.031993585e-07,2.243233702e-06,9.414047381e-09,2.908935974e-06,2.314646283e-08,8.533018712e-06,-6.352733436e-08,0.01483683321
891.0,2.324656299e-06,3.028190885e-08,6.687306821e-06,8.186733052e-08,1.326127239e-06,1.83028377e-08,2.181317644e-05,5.301851636e-07,2.210674384e-06,9.265827705e-09,2.867642078e-06,2.280027334e-08,8.990646146e-06,-1.735888646e-07,0.01483665962
892.0,2.292625921e-06,3.020345198e-08,6.584455393e-06,8.075218896e-08,1.298539261e-06,1.804014809e-08,1.881135229e-05,4.898986662e-07,2.177771247e-06,9.120030262e-09,2.826694448e-06,2.24575264e-08,8.307534414e-06,-1.367744241e-07,0.01483652284
893.0,2.251718768e-06,3.012324139e-08,6.468441882e-06,7.979769636e-08,1.275434907e-06,1.780487651e-08,1.907385528e-05,4.783579954e-07,2.14464421e-06,8.976551445e-09,2.786016752e-06,2.212040623e-08,8.111791563e-06,-9.08271627e-08,0.01483643202
894.0,2.269972958e-06,3.012398546e-08,6.444932708e-06,7.881352312e-08,1.270750897e-06,1.755224809e-08,2.076187348e-05,5.164267141e-07,2.111000925e-06,8.836103644e-09,2.745591724e-06,2.178881306e-08,8.757359341e-06,-2.203034823e-07,0.01483621171
895.0,2.24781462e-06,3.005457039e-08,6.388503984e-06,7.770716802e-08,1.249459466e-06,1.728585027e-08,1.841574042e-05,4.655209575e-07,2.077392365e-06,8.69541693e-09,2.705817217e-06,2.146293363e-08,7.894172906e-06,-1.709750419e-07,0.01483604074
896.0,2.222947045e-06,2.992805099e-08,6.324232513e-06,7.668932837e-08,1.231716261e-06,1.703309777e-08,1.902772411e-05,4.607849916e-07,2.043916849e-06,8.557264357e-09,2.667119018e-06,2.114412284e-08,7.813818475e-06,-1.538200958e-07,0.01483588692
897.0,2.232733033e-06,2.985491951e-08,6.288958376e-06,7.558331953e-08,1.223761707e-06,1.676609271e-08,2.020055623e-05,4.938129975e-07,2.010573946e-06,8.422058569e-09,2.628713686e-06,2.083184795e-08,8.373895593e-06,-2.344455814e-07,0.01483565247
898.0,2.212307587e-06,2.973894434e-08,6.211152538e-06,7.449793109e-08,1.198143142e-06,1.649918954e-08,1.864202115e-05,4.467740119e-07,1.9778069e-06,8.289337897e-09,2.591333329e-06,2.052539425e-08,7.576276109e-06,-1.69545473e-07,0.01483548293
899.0,2.173142568e-06,2.960722836e-08,6.128340098e-06,7.354684732e-08,1.18250964e-06,1.62582434e-08,1.892684618e-05,4.526133138e-07,1.945970194e-06,8.159633443e-09,2.55474108e-06,2.02261594e-08,7.675297992e-06,-1.888106821e-07,0.01483529412
900.0,2.172998767e-06,2.950814195e-08,6.109164406e-06,3.035036721e-07,1.171506374e-06,1.598282931e-08,1.967209061e-05,4.590644816e-07,1.915118473e-06,8.033996393e-09,2.518921267e-06,1.993417407e-08,7.784650515e-06,-2.484558819e-07,0.01483504566
901.0,2.163942037e-06,2.927869222e-08,6.035081477e-06,2.995711971e-07,1.147789425e-06,1.568771015e-08,1.806928303e-05,4.110215204e-07,1.884730259e-06,7.911227938e-09,2.484279309e-06,1.964842056e-08,6.969999156e-06,-2.07392486e-07,0.01483483827
902.0,2.120552179e-06,2.900484089e-08,5.95687616e-06,2.965054537e-07,1.123318341e-06,1.540044428e-08,1.77715328e-05,4.050243368e-07,1.855544923e-06,7.791698506e-09,2.451331196e-06,1.936988179e-08,6.868320588e-06,-2.309260181e-07,0.01483460734
903.0,2.120857377e-06,2.879122222e-08,5.986488906e-06,2.935445038e-07,1.109938598e-06,1.51357165e-08,1.891213124e-05,4.487977961e-07,1.828750425e-06,7.676482839e-09,2.419432543e-06,1.910092166e-08,7.610590839e-06,-2.61940874e-07,0.0148343454
904.0,2.128380158e-06,2.855449433e-08,5.91997922e-06,2.891689772e-07,1.09779991e-06,1.484976919e-08,1.822464585e-05,3.980859105e-07,1.803217131e-06,7.564029632e-09,2.388880893e-06,1.883807785e-08,6.750655251e-06,-1.388907971e-07,0.01483420651
905.0,2.085174741e-06,2.823814817e-08,5.825098906e-06,2.852322015e-07,1.072829353e-06,1.459954968e-08,1.746586901e-05,3.895518767e-07,1.779882873e-06,7.45623723e-09,2.359761428e-06,1.858526134e-08,6.6059276e-06,-1.554259762e-07,0.01483405108
906.0,2.089448846e-06,2.797973432e-08,5.814936067e-06,2.804731873e-07,1.063080499e-06,1.432602846e-08,1.942166577e-05,4.132985838e-07,1.758349682e-06,7.352632271e-09,2.331095022e-06,1.834000702e-08,7.008629538e-06,-2.328750443e-07,0.01483381821
907.0,2.058891519e-06,2.761789396e-08,5.687317253e-06,2.74414514e-07,1.041510002e-06,1.405605847e-08,1.662660128e-05,3.586018777e-07,1.738433902e-06,7.252048932e-09,2.303971447e-06,1.810282723e-08,6.08108818e-06,-1.370483627e-07,0.01483368116
908.0,2.013587313e-06,2.728408513e-08,5.560481055e-06,2.689214185e-07,1.01444155e-06,1.37887935e-08,1.692687102e-05,3.592360429e-07,1.720108516e-06,7.155436941e-09,2.277951948e-06,1.787384258e-08,6.091868739e-06,-1.667744931e-07,0.01483351439
909.0,2.027564555e-06,2.702000298e-08,5.532602945e-06,2.633033772e-07,1.006661619e-06,1.354844059e-08,1.860624267e-05,4.221703808e-07,1.704047393e-06,7.065165286e-09,2.252972934e-06,1.765332322e-08,7.159077494e-06,-2.231862708e-07,0.0148332912
910.0,2.006781609e-06,2.663519907e-08,5.424552819e-06,2.56746793e-07,9.839925437e-07,1.328133042e-08,1.652358329e-05,3.592182427e-07,1.689861621e-06,6.977765095e-09,2.228929341e-06,1.743759314e-08,6.09157464e-06,-9.116382827e-08,0.01483320004
911.0,1.972407209e-06,2.62415346e-08,5.306832935e-06,2.510328373e-07,9.619962263e-07,1.305281909e-08,1.723242025e-05,3.502468668e-07,1.676936236e-06,6.894687864e-09,2.206135205e-06,1.722954514e-08,5.939437075e-06,-1.239683543e-07,0.01483307607
912.0,1.980596327e-06,2.592290627e-08,5.277911324e-06,2.44995424e-07,9.605745572e-07,1.283127011e-08,1.878910589e-05,4.086652333e-07,1.66583392e-06,6.816391479e-09,2.183497641e-06,1.702673171e-08,6.930076048e-06,-1.396479258e-07,0.01483293642
913.0,1.939391259e-06,2.54704642e-08,5.110861234e-06,2.371886324e-07,9.289326465e-07,1.259009249e-08,1.615973493e-05,3.58810124e-07,1.655939883e-06,6.741658425e-09,2.161427071e-06,1.682917362e-08,6.084672889e-06,-9.722071293e-09,0.0148329267
914.0,1.910099246e-06,2.508371044e-08,4.957059364e-06,2.30663396e-07,9.135727273e-07,1.237780826e-08,1.720422308e-05,3.864227312e-07,1.647239055e-06,6.669609565e-09,2.140113746e-06,1.663607733e-08,6.552935369e-06,-7.073218018e-08,0.01483285596
915.0,1.889603628e-06,2.46642956e-08,4.897301488e-06,2.244313614e-07,9.023708121e-07,1.218855953e-08,1.732843977e-05,3.988725535e-07,1.639248541e-06,6.602068432e-09,2.119471769e-06,1.644936191e-08,6.764028372e-06,-9.358332786e-08,0.01483276238
916.0,1.871042236e-06,2.422933328e-08,4.741579984e-06,2.165361202e-07,8.8352158e-07,1.198960908e-08,1.62331918e-05,3.445039907e-07,1.631774816e-06,6.537059566e-09,2.099010491e-06,1.62646574e-08,5.842084921e-06,1.121929915e-07,0.01483287457
917.0,1.82176583e-06,2.379791918e-08,4.596796368e-06,2.107459158e-07,8.637009621e-07,1.180062651e-08,1.634059689e-05,3.54101041e-07,1.624519042e-06,6.475504537e-09,2.078921424e-06,1.608444456e-08,6.004855366e-06,7.145949933e-08,0.01483294603
918.0,1.819340886e-06,2.341233424e-08,4.568410097e-06,2.045908378e-07,8.603119148e-07,1.165706702e-08,1.754374031e-05,3.971558697e-07,1.617889733e-06,6.417224136e-09,2.059019451e-06,1.590686817e-08,6.734933868e-06,3.992630958e-08,0.01483298596
919.0,1.81720326e-06,2.297181529e-08,4.430961426e-06,1.976588833e-07,8.515029483e-07,1.147367558e-08,1.735694184e-05,3.672980864e-07,1.611051571e-06,6.362035144e-09,2.039300157e-06,1.573216194e-08,6.228632545e-06,2.161073859e-07,0.01483320207
920.0,1.790485769e-06,2.255452844e-08,4.308155758e-06,1.918184989e-07,8.362608505e-07,1.131640287e-08,1.7050096e-05,3.538270816e-07,1.603989471e-06,6.307574468e-09,2.019362857e-06,1.555968161e-08,6.000204297e-06,1.583275051e-07,0.01483336039
921.0,1.783843436e-06,8.885832024e-08,4.231372763e-06,1.862313388e-07,8.305612626e-07,1.118319699e-08,1.8016024e-05,3.786821493e-07,1.59528126e-06,6.254183976e-09,1.998631139e-06,1.538935859e-08,6.421693897e-06,6.465649154e-08,0.01483342505
922.0,1.72865258e-06,2.174565134e-08,4.05737137e-06,1.807752621e-07,8.040225062e-07,1.101348227e-08,1.528463666e-05,3.411522937e-07,1.586902867e-06,6.204612295e-09,1.978524534e-06,1.522267599e-08,5.78528634e-06,1.597084904e-07,0.01483358476
923.0,1.677154677e-06,2.135658563e-08,3.94038275e-06,1.774852454e-07,7.897458505e-07,1.090732646e-08,1.635259249e-05,3.456659572e-07,1.577864754e-06,6.155728246e-09,1.958878671e-06,1.506001253e-08,5.861846045e-06,9.142486913e-08,0.01483367618
924.0,1.705140721e-06,8.480349808e-08,3.954432978e-06,1.750292684e-07,8.012759956e-07,1.083847017e-08,1.846546071e-05,4.07034277e-07,1.567020907e-06,6.106541144e-09,1.938999087e-06,1.489781564e-08,6.902493982e-06,1.727055475e-08,0.01483369346
925.0,1.670956222e-06,8.298181311e-08,3.859692474e-06,1.714928678e-07,7.83773911e-07,1.070685971e-08,1.502654637e-05,3.355976787e-07,1.555397494e-06,6.057384173e-09,1.918944568e-06,1.473816537e-08,5.691110888e-06,1.390017218e-07,0.01483383246
926.0,1.644796619e-06,8.188780711e-08,3.815023273e-06,1.704677113e-07,7.763120924e-07,1.062166372e-08,1.679962336e-05,3.373242686e-07,1.543188906e-06,6.009249299e-09,1.898934864e-06,1.457929207e-08,5.720396767e-06,6.012269205e-08,0.01483389258
927.0,1.644325801e-06,8.09584532e-08,3.836638728e-06,1.701557941e-07,7.758501164e-07,1.056032621e-08,1.737900135e-05,3.835029224e-07,1.52995748e-06,5.962476327e-09,1.878978727e-06,1.442351872e-08,6.503488377e-06,-4.09448287e-08,0.01483385163
928.0,1.608994734e-06,7.975102421e-08,3.757243091e-06,1.701740047e-07,7.612429284e-07,1.050740002e-08,1.547939357e-05,3.363994218e-07,1.516078918e-06,5.91517093e-09,1.859169143e-06,1.426796182e-08,5.704718918e-06,1.723767301e-07,0.01483402401
929.0,1.593770503e-06,7.895811892e-08,3.753081642e-06,1.732643718e-07,7.669708647e-07,1.04833222e-08,1.752888423e-05,3.706804159e-07,1.501508407e-06,5.867975992e-09,1.8391111e-06,1.411391186e-08,6.2860889e-06,9.519240195e-08,0.0148341192
930.0,1.576710726e-06,7.790491192e-08,3.825398091e-06,1.755749608e-07,7.704330985e-07,1.045301837e-08,1.678427704e-05,3.605994499e-07,1.485883158e-06,5.820510687e-09,1.818955327e-06,1.396036133e-08,6.115104373e-06,-2.938839143e-08,0.01483408982
931.0,1.539538429e-06,7.650919605e-08,3.784887333e-06,1.773685114e-07,7.598285672e-07,1.040903224e-08,1.546139231e-05,3.144601304e-07,1.469369072e-06,5.772106989e-09,1.798587156e-06,1.38069858e-08,5.332688415e-06,8.26671058e-08,0.01483417248
932.0,1.506995805e-06,1.88794357e-08,3.796424026e-06,1.810636584e-07,7.588934423e-07,1.03937219e-08,1.596662523e-05,3.240177854e-07,1.452665723e-06,5.723659945e-09,1.778386793e-06,1.36542455e-08,5.494775748e-06,4.238218897e-08,0.01483421486
933.0,1.501902898e-06,7.443933267e-08,3.919341699e-06,1.856570874e-07,7.709953975e-07,1.040052024e-08,1.661976871e-05,3.520876814e-07,1.43468548e-06,5.672575562e-09,1.758058928e-06,1.350215263e-08,5.970799871e-06,-3.749547408e-08,0.01483417737
934.0,1.47621895e-06,7.338741058e-08,3.93334193e-06,1.892195047e-07,7.655284479e-07,1.03739533e-08,1.585480314e-05,3.231287724e-07,1.416604994e-06,5.619569495e-09,1.737922733e-06,1.334935413e-08,5.479719305e-06,1.247748325e-07,0.01483430214
935.0,1.467353603e-06,7.284438274e-08,3.987891805e-06,1.947103428e-07,7.667964453e-07,1.036910103e-08,1.717805591e-05,3.185890137e-07,1.398420972e-06,5.565685133e-09,1.71783722e-06,1.319704089e-08,5.402742212e-06,7.910170505e-08,0.01483438125
936.0,1.49978818e-06,7.240573266e-08,4.133258917e-06,1.987455143e-07,7.828279121e-07,1.035371374e-08,1.865470166e-05,3.543004371e-07,1.380069137e-06,5.511763618e-09,1.697585481e-06,1.304413484e-08,6.008312596e-06,-2.023309678e-08,0.01483436101
937.0,1.458306447e-06,7.109623072e-08,4.112144146e-06,2.007690216e-07,7.73400326e-07,1.029390707e-08,1.485684971e-05,3.151852155e-07,1.361527297e-06,5.456514951e-09,1.677553609e-06,1.289068365e-08,5.345037356e-06,2.033199104e-08,0.01483438134
938.0,1.406385997e-06,7.022847548e-08,4.096831482e-06,2.03974306e-07,7.649795117e-07,1.022755072e-08,1.534393495e-05,3.145629476e-07,1.34338517e-06,5.399775285e-09,1.658002741e-06,1.273751035e-08,5.334486012e-06,-8.391409531e-08,0.01483429743
939.0,1.406150751e-06,6.953019984e-08,4.193807151e-06,2.07732124e-07,7.676995419e-07,1.019442179e-08,1.626419344e-05,3.429073505e-07,1.325949104e-06,5.343310849e-09,1.639215467e-06,1.25856146e-08,5.815146166e-06,-1.536547401e-07,0.01483414378
940.0,1.409307842e-06,6.877245229e-08,4.217566457e-06,2.105281547e-07,7.655026207e-07,1.015240737e-08,1.486670108e-05,3.06006764e-07,1.308808702e-06,5.284601682e-09,1.621356673e-06,1.243327392e-08,5.189389019e-06,-1.62248914e-08,0.01483412755
941.0,1.394879422e-06,6.800583575e-08,4.275705043e-06,5.206254885e-08,7.684296397e-07,1.011091561e-08,1.638964822e-05,3.129841269e-07,1.29280961e-06,5.224122096e-09,1.604298263e-06,1.228076246e-08,5.307741322e-06,-1.00277842e-07,0.01483402727
942.0,1.404801857e-06,6.725294502e-08,4.396325072e-06,2.162539302e-07,7.771755942e-07,1.007281947e-08,1.648834514e-05,3.260653735e-07,1.277787621e-06,5.163850117e-09,1.587422382e-06,1.212995193e-08,5.529548491e-06,-1.836984956e-07,0.01483384357
943.0,1.381429057e-06,6.636810019e-08,4.380056343e-06,2.173266156e-07,7.663486555e-07,1.001535071e-08,1.551311785e-05,2.958996018e-07,1.263440302e-06,5.101409577e-09,1.571410955e-06,1.197878642e-08,5.018009792e-06,-6.443626026e-08,0.01483377914
944.0,1.366104842e-06,6.562422889e-08,4.394528132e-06,2.188926549e-07,7.6830289e-07,9.951807626e-09,1.601271429e-05,3.037799384e-07,1.249259263e-06,5.037950032e-09,1.555666747e-06,1.182875372e-08,5.151652006e-06,-8.083103861e-08,0.01483369831
945.0,1.353900471e-06,6.450473055e-08,4.440460232e-06,2.204589304e-07,7.655418842e-07,9.880405245e-09,1.589013917e-05,3.237724268e-07,1.236535581e-06,4.974422307e-09,1.53959553e-06,1.168000174e-08,5.490683946e-06,-1.491139618e-07,0.01483354919
946.0,1.333474454e-06,6.361921123e-08,4.409935673e-06,5.36577389e-08,7.540721264e-07,9.815033254e-09,1.483699425e-05,2.977911314e-07,1.224798524e-06,4.909247953e-09,1.52372761e-06,1.153096384e-08,5.050105282e-06,-9.159846402e-08,0.0148334576
947.0,1.299718544e-06,6.283908658e-08,4.381629904e-06,5.378722858e-08,7.483945737e-07,9.767804244e-09,1.536647772e-05,3.065172678e-07,1.214155044e-06,4.844283496e-09,1.508499971e-06,1.138408441e-08,5.198092876e-06,-1.181317023e-07,0.01483333946
948.0,1.324082514e-06,6.225179904e-08,4.447055809e-06,2.209087097e-07,7.639278437e-07,9.731342667e-09,1.658003564e-05,3.350890208e-07,1.203964583e-06,4.779929237e-09,1.49292235e-06,1.123878669e-08,5.682611164e-06,-1.859590983e-07,0.0148331535
949.0,1.318035044e-06,6.154020026e-08,4.420286709e-06,2.19867331e-07,7.543053362e-07,9.651817134e-09,1.508102648e-05,2.945169739e-07,1.193865398e-06,4.713700115e-09,1.477690732e-06,1.109259135e-08,4.994588246e-06,-1.193433057e-07,0.01483303416
950.0,1.277088124e-06,6.055792304e-08,4.375486387e-06,5.312782758e-08,7.45149117e-07,9.573409141e-09,1.490774708e-05,2.991922594e-07,1.183843888e-06,4.646956127e-09,1.46233951e-06,1.094727139e-08,5.07387188e-06,-1.093102812e-07,0.01483292485
951.0,1.281439133e-06,6.015804873e-08,4.398097158e-06,2.176958985e-07,7.442062385e-07,9.515578843e-09,1.622870744e-05,3.41464205e-07,1.174503759e-06,4.581454624e-09,1.447099917e-06,1.080369961e-08,5.790740323e-06,-2.022046678e-07,0.01483272265
952.0,1.302310239e-06,5.966918737e-08,4.377548999e-06,2.166091649e-07,7.412385625e-07,9.453178198e-09,1.55040295e-05,3.047558642e-07,1.164778816e-06,4.514838528e-09,1.431799249e-06,1.065949428e-08,5.168240619e-06,-8.664947794e-08,0.014832636
953.0,1.255937193e-06,5.89891658e-08,4.307892781e-06,5.223159001e-08,7.341415792e-07,9.378670101e-09,1.533075095e-05,3.105056669e-07,1.154883146e-06,4.446984771e-09,1.416258563e-06,1.051489288e-08,5.265744472e-06,-1.153325587e-07,0.01483252066
954.0,1.260330081e-06,5.865427048e-08,4.299685714e-06,2.126671752e-07,7.335703834e-07,9.31155781e-09,1.580247797e-05,3.315842766e-07,1.145076918e-06,4.381228281e-09,1.400307546e-06,1.037124391e-08,5.623210313e-06,-2.290734757e-07,0.01483229159
955.0,1.251251876e-06,5.831106475e-08,4.227134215e-06,2.100775874e-07,7.198169083e-07,9.229381442e-09,1.480205963e-05,3.18451972e-07,1.135136717e-06,4.314487802e-09,1.384737044e-06,1.022659262e-08,5.400516475e-06,-1.341301063e-07,0.01483215746
956.0,1.236844644e-06,5.798276606e-08,4.16790801e-06,2.07634907e-07,7.187488662e-07,9.146747965e-09,1.558990355e-05,3.080417971e-07,1.125385382e-06,4.248328942e-09,1.369205509e-06,1.008286017e-08,5.22397055e-06,-1.284743603e-07,0.01483202899
957.0,1.273919977e-06,5.805491748e-08,4.205883747e-06,2.055604547e-07,7.248720678e-07,9.075186035e-09,1.676328817e-05,3.454467845e-07,1.115229988e-06,4.183105148e-09,1.352791198e-06,9.938396649e-09,5.858295343e-06,-2.524604124e-07,0.01483177653
958.0,1.243337053e-06,5.774707426e-08,4.105644536e-06,2.024694428e-07,7.033239556e-07,8.970176595e-09,1.398647867e-05,3.10585475e-07,1.104316558e-06,4.117523796e-09,1.336416753e-06,9.79418881e-09,5.267128835e-06,-1.327569949e-07,0.01483164377
959.0,1.240281617e-06,5.791191162e-08,4.060488998e-06,2.010383785e-07,7.004365424e-07,8.912505868e-09,1.673354667e-05,3.185132067e-07,1.093166746e-06,4.052638787e-09,1.32007977e-06,9.651064716e-09,5.401557439e-06,-1.047301432e-07,0.01483153904
960.0,1.267429996e-06,5.788728316e-08,4.076629326e-06,1.975774533e-07,7.062976345e-07,8.822385484e-09,1.666516711e-05,3.499245691e-07,1.081587265e-06,3.988644194e-09,1.303081283e-06,9.508707051e-09,5.934257976e-06,-2.108549515e-07,0.01483132818
961.0,1.252998113e-06,5.799119611e-08,3.965034434e-06,1.937339914e-07,6.899247165e-07,8.708901544e-09,1.469200569e-05,3.151161558e-07,1.06926374e-06,3.924429117e-09,1.286440208e-06,9.365931637e-09,5.343957373e-06,-1.615522212e-07,0.01483116663
962.0,1.230188377e-06,5.789325143e-08,3.877125482e-06,1.908952822e-07,6.809963181e-07,8.60623142e-09,1.526645891e-05,3.137637832e-07,1.056720976e-06,3.861458326e-09,1.269521396e-06,9.224517044e-09,5.321011317e-06,-1.808228001e-07,0.01483098581
963.0,1.230228907e-06,5.792300613e-08,3.863225429e-06,1.881809972e-07,6.769431201e-07,8.499786676e-09,1.562824397e-05,3.453682975e-07,1.043848333e-06,3.799400216e-09,1.252411863e-06,9.084172732e-09,5.856989019e-06,-2.675509843e-07,0.01483071826
964.0,1.252812946e-06,5.827962945e-08,3.839303664e-06,1.859582123e-07,6.703970025e-07,8.407362676e-09,1.499383816e-05,3.005492706e-07,1.030461536e-06,3.737541275e-09,1.235728393e-06,8.944250914e-09,5.096924031e-06,-1.393057005e-07,0.01483057895
965.0,1.231983352e-06,5.82742346e-08,3.771968402e-06,1.844200042e-07,6.622398071e-07,8.316324292e-09,1.521994968e-05,3.237767768e-07,1.016376961e-06,3.676337819e-09,1.219137171e-06,8.805905912e-09,5.490840961e-06,-1.406658551e-07,0.01483043829
966.0,1.253844082e-06,5.883100477e-08,3.79840786e-06,1.820417801e-07,6.581432492e-07,8.228756779e-09,1.682375156e-05,3.375103345e-07,1.00220357e-06,3.617015337e-09,1.202380887e-06,8.669136117e-09,5.723730804e-06,-2.49559559e-07,0.01483018873
967.0,1.252951754e-06,5.86699988e-08,3.72770962e-06,1.796402726e-07,6.497039062e-07,8.13327384e-09,1.530675441e-05,3.16760184e-07,9.878526633e-07,3.558074009e-09,1.185311019e-06,8.531669607e-09,5.371853718e-06,-1.815909771e-07,0.01483000714
968.0,1.214002262e-06,5.845112225e-08,3.644787887e-06,1.773630138e-07,6.399625192e-07,8.020822462e-09,1.485104431e-05,3.012694486e-07,9.733390655e-07,3.500005295e-09,1.168435432e-06,8.39676802e-09,5.109151801e-06,-1.600440638e-07,0.01482984709
969.0,1.22966811e-06,5.868092298e-08,3.688343769e-06,1.766446537e-07,6.4152477e-07,7.941430447e-09,1.612484662e-05,3.296056633e-07,9.586751828e-07,3.442739842e-09,1.151407014e-06,8.2642376e-09,5.58965726e-06,-2.54649129e-07,0.01482959244
970.0,1.220138583e-06,5.856775314e-08,3.61855111e-06,1.743287228e-07,6.291523284e-07,7.816286068e-09,1.382233186e-05,2.899981515e-07,9.437137661e-07,3.385537985e-09,1.13499717e-06,8.133919818e-09,4.918013396e-06,-1.625679332e-07,0.01482942987
971.0,1.19224526e-06,5.840393997e-08,3.575798078e-06,1.732851499e-07,6.198565981e-07,7.728538389e-09,1.517431358e-05,3.040634034e-07,9.290487108e-07,3.329312869e-09,1.119022578e-06,8.00693184e-09,5.156540778e-06,-1.753903856e-07,0.01482925448
972.0,1.229915015e-06,5.888260188e-08,3.628916591e-06,1.713679808e-07,6.260301441e-07,3.096188485e-08,1.654331476e-05,3.358276013e-07,9.13616979e-07,3.27405819e-09,1.102486415e-06,7.880954578e-09,5.695185791e-06,-2.576959701e-07,0.01482899679
973.0,1.218478461e-06,5.846279017e-08,3.571405129e-06,1.689726623e-07,6.156280609e-07,3.059002485e-08,1.467242493e-05,3.05322447e-07,8.985054546e-07,3.219667246e-09,1.086460023e-06,7.757439824e-09,5.177877397e-06,-1.456656482e-07,0.01482885112
974.0,1.172002014e-06,5.770860133e-08,3.485591591e-06,1.668101402e-07,6.03174626e-07,7.447445416e-09,1.4655323e-05,2.72244924e-07,8.848029201e-07,3.167132937e-09,1.071140157e-06,7.636285565e-09,4.616930178e-06,-1.519973851e-07,0.01482869912
975.0,1.200331904e-06,5.781102633e-08,3.519020076e-06,1.654965011e-07,6.052861691e-07,2.980669091e-08,1.602149851e-05,3.118073111e-07,8.708826938e-07,3.116289646e-09,1.055697875e-06,7.519302525e-09,5.287848482e-06,-2.127489828e-07,0.01482848638
976.0,1.176998278e-06,5.722465631e-08,3.423160719e-06,1.624524156e-07,5.893972737e-07,2.926589109e-08,1.332615355e-05,2.596421294e-07,8.572947487e-07,3.066716688e-09,1.041245847e-06,7.404950884e-09,4.403205204e-06,-9.890259659e-08,0.01482838747
977.0,1.160376168e-06,5.702892933e-08,3.370560062e-06,1.614709516e-07,5.814323926e-07,2.893990625e-08,1.478984644e-05,2.745403665e-07,8.444116431e-07,3.019070192e-09,1.027347727e-06,7.294594387e-09,4.65585725e-06,-1.756429036e-07,0.01482821183
978.0,1.168561461e-06,5.662283263e-08,3.450314976e-06,1.600634906e-07,5.825254583e-07,2.861896583e-08,1.573043401e-05,3.081827906e-07,8.324884348e-07,2.973639459e-09,1.014121987e-06,7.188441561e-09,5.226375317e-06,-2.449663329e-07,0.01482796686
979.0,1.158020176e-06,5.618897177e-08,3.377678859e-06,1.568723668e-07,5.727419268e-07,2.809330893e-08,1.42608315e-05,2.591921086e-07,8.21440203e-07,2.92938228e-09,1.001589021e-06,7.08642801e-09,4.395575921e-06,-9.312721072e-08,0.01482787374
980.0,1.166779364e-06,5.608142335e-08,3.340749573e-06,1.549776273e-07,5.652372248e-07,2.765180986e-08,1.545964953e-05,2.719649607e-07,8.115987858e-07,2.88700173e-09,9.899519672e-07,6.988123119e-09,4.612179539e-06,-7.699639381e-08,0.01482779674
981.0,1.160977342e-06,5.550916422e-08,3.353608289e-06,1.528924092e-07,5.58928269e-07,2.710913608e-08,1.522563347e-05,2.982436449e-07,8.023608887e-07,2.846404223e-09,9.783713464e-07,6.895427208e-09,5.057833912e-06,-1.689685785e-07,0.01482762777
982.0,1.157045032e-06,5.500618042e-08,3.264029188e-06,1.496365945e-07,5.466530976e-07,2.657801356e-08,1.369204189e-05,2.560809301e-07,7.945063543e-07,2.807026958e-09,9.674934262e-07,6.804305787e-09,4.342815237e-06,-5.365679577e-08,0.01482757412
983.0,1.103539624e-06,5.419905554e-08,3.177682621e-06,1.476379447e-07,5.300141129e-07,2.601609274e-08,1.370696193e-05,2.584111155e-07,7.870689816e-07,2.770270326e-09,9.574049353e-07,6.720260036e-09,4.382337668e-06,-1.451760737e-07,0.01482742894
984.0,1.116580101e-06,5.377214262e-08,3.218118384e-06,1.454396407e-07,5.324484971e-07,2.563785292e-08,1.459857594e-05,3.004718802e-07,7.812334121e-07,2.735852384e-09,9.479861633e-07,6.63932437e-09,5.095606941e-06,-1.851663054e-07,0.01482724377
985.0,1.11961195e-06,5.299172068e-08,3.158850009e-06,1.418507149e-07,5.227798227e-07,2.507565743e-08,1.345730092e-05,2.666924501e-07,7.762472135e-07,2.703929328e-09,9.390818531e-07,6.561779362e-09,4.522784683e-06,-4.799784791e-10,0.01482724329
986.0,1.091317721e-06,5.225645394e-08,3.088873481e-06,1.388063829e-07,5.107283527e-07,2.455161103e-08,1.331416354e-05,2.537686195e-07,7.720049421e-07,3.85173832e-08,9.314291124e-07,6.493002025e-09,4.303615011e-06,-5.373659896e-08,0.01482718956
987.0,1.118453114e-06,5.2050087e-08,3.109563645e-06,1.359094326e-07,5.11158811e-07,2.427483564e-08,1.542564256e-05,2.940801326e-07,7.708594924e-07,3.846218425e-08,9.244831113e-07,6.433466504e-09,4.98722536e-06,-9.333625104e-08,0.01482709622
988.0,1.089262735e-06,5.110401072e-08,2.988550327e-06,1.318867973e-07,4.915942887e-07,2.372469567e-08,1.282089812e-05,2.51134847e-07,7.700380129e-07,3.838830323e-08,9.179786806e-07,6.374525613e-09,4.258944571e-06,1.054400078e-07,0.01482720166
989.0,1.061437565e-06,5.050682218e-08,2.902458081e-06,1.289026597e-07,4.856942064e-07,2.335979641e-08,1.433343291e-05,2.516442485e-07,7.697975576e-07,3.833202704e-08,9.115925621e-07,6.317375118e-09,4.267582056e-06,6.253215088e-08,0.01482726419
990.0,1.092494781e-06,5.005075658e-08,2.936434749e-06,1.259574423e-07,4.96144295e-07,2.308471413e-08,1.526815339e-05,2.948976405e-07,7.698705581e-07,3.827330889e-08,9.052839158e-07,6.26099017e-09,5.001093593e-06,-1.000787709e-08,0.01482725418
991.0,1.046581691e-06,4.878107443e-08,2.800484477e-06,1.210518987e-07,4.718664982e-07,2.252355822e-08,1.197316607e-05,2.379017853e-07,7.699563043e-07,3.822560835e-08,8.992856966e-07,6.206438211e-09,4.034530563e-06,1.631401824e-07,0.01482741732
992.0,1.0315099e-06,4.8291236e-08,2.731427397e-06,1.177325787e-07,4.654216064e-07,2.222056844e-08,1.400058143e-05,2.48627409e-07,7.703124216e-07,3.816660716e-08,8.932979546e-07,6.151818766e-09,4.216427647e-06,1.162021009e-07,0.01482753353
993.0,1.040558828e-06,4.764547173e-08,2.717510952e-06,1.140813027e-07,4.653369508e-07,2.194663845e-08,1.463286535e-05,2.833825611e-07,7.704535825e-07,3.812631203e-08,8.874019314e-07,6.100025842e-09,4.805821191e-06,6.903992557e-08,0.01482760257
994.0,1.03863658e-06,4.685190965e-08,2.641544701e-06,1.105410037e-07,4.577920138e-07,2.165511409e-08,1.383267356e-05,2.537539404e-07,7.706821141e-07,3.809146063e-08,8.815952103e-07,6.04683913e-09,4.30336091e-06,2.325495685e-07,0.01482783512
995.0,1.024308596e-06,4.642880789e-08,2.563133565e-06,1.079587504e-07,4.548839259e-07,2.142450727e-08,1.441258774e-05,2.556416404e-07,7.703608864e-07,3.804741197e-08,8.75261139e-07,5.994822601e-09,4.335389725e-06,1.681849092e-07,0.0148280033
996.0,1.016550571e-06,4.569384283e-08,2.565228108e-06,1.048660897e-07,4.501785498e-07,2.114967909e-08,1.464523986e-05,2.903200399e-07,7.696693165e-07,3.79885948e-08,8.687884334e-07,5.943430562e-09,4.923474101e-06,8.740782882e-08,0.01482809071
997.0,9.839707176e-07,4.445729228e-08,2.444252859e-06,1.004671539e-07,4.36237574e-07,2.07372373e-08,1.248825991e-05,2.598820303e-07,7.685930687e-07,3.792077513e-08,8.621125448e-07,5.892525466e-09,4.407296703e-06,2.36768178e-07,0.01482832748
998.0,9.591123516e-07,4.388849046e-08,2.356237766e-06,9.83148117e-08,4.274016493e-07,2.053816326e-08,1.394777392e-05,2.569959814e-07,7.672105265e-07,3.783415946e-08,8.557496015e-07,5.841454279e-09,4.358369601e-06,1.589881726e-07,0.01482848647
999.0,9.816048647e-07,4.340131719e-08,2.408105461e-06,9.67182885e-08,4.388945541e-07,2.044849141e-08,1.428219916e-05,2.842874601e-07,7.649909124e-07,3.773967724e-08,8.492310686e-07,5.792116567e-09,4.821171469e-06,6.551216357e-08,0.01482855198
1000.0,9.750708892e-07,4.242952314e-08,2.317889512e-06,9.404415952e-08,4.290674651e-07,2.0181069e-08,1.329125019e-05,2.449153746e-07,7.623380716e-07,3.761984124e-08,8.423681494e-07,5.74161268e-09,4.15348798e-06,2.225902742e-07,0.01482877457
1001.0,9.326034989e-07,4.179920815e-08,2.259461633e-06,9.396398708e-08,4.189878675e-07,2.001897672e-08,1.332198138e-05,2.370557808e-07,7.589634635e-07,3.748233694e-08,8.357587236e-07,5.692199782e-09,4.020209344e-06,1.295476971e-07,0.01482890412
1002.0,9.428552144e-07,4.120241907e-08,2.322179239e-06,9.350940139e-08,4.280700995e-07,2.006132372e-08,1.464652726e-05,2.720068462e-07,7.551353855e-07,3.73280213e-08,8.288619917e-07,5.643393368e-09,4.61290926e-06,6.259268837e-08,0.01482896671
1003.0,9.278213544e-07,4.030527991e-08,2.252555428e-06,9.21864084e-08,4.205722812e-07,1.990000345e-08,1.327625139e-05,2.459532794e-07,7.506828139e-07,3.715448523e-08,8.218349863e-07,5.593838617e-09,4.171091985e-06,2.24120984e-07,0.01482919083
1004.0,9.095074751e-07,3.993466503e-08,2.225194986e-06,9.269070356e-08,4.172837927e-07,1.984881984e-08,1.358279162e-05,2.410529867e-07,7.456487068e-07,3.695261561e-08,8.14901445e-07,5.545055943e-09,4.08799405e-06,1.385917191e-07,0.01482932942
1005.0,9.19241956e-07,3.915507168e-08,2.272558614e-06,9.401966475e-08,4.224227933e-07,1.987268889e-08,1.419805787e-05,2.639763756e-07,7.397656375e-07,3.673215565e-08,8.074523332e-07,5.496521713e-09,4.476741503e-06,2.60752272e-08,0.0148293555
1006.0,8.747188012e-07,3.825102215e-08,2.203726834e-06,9.445218743e-08,4.081263699e-07,1.978726993e-08,1.278484427e-05,2.314737185e-07,7.334756725e-07,3.649478052e-08,8.00133431e-07,5.447355505e-09,3.925548411e-06,1.711716681e-07,0.01482952667
1007.0,8.62565258e-07,3.787753265e-08,2.232490486e-06,9.740512889e-08,4.122002125e-07,1.991974981e-08,1.373611239e-05,2.455727586e-07,7.267926999e-07,3.623710886e-08,7.927052866e-07,5.398398615e-09,4.16465635e-06,9.836959843e-08,0.01482962504
1008.0,8.701128696e-07,3.738133185e-08,2.323200367e-06,9.927944695e-08,4.229084734e-07,2.002235687e-08,1.441030998e-05,2.63841949e-07,7.192038285e-07,3.595299834e-08,7.849317825e-07,5.348433996e-09,4.474463171e-06,-1.814396332e-08,0.01482960689
1009.0,8.519607107e-07,3.661194237e-08,2.291318771e-06,1.00114765e-07,4.168309224e-07,1.984729534e-08,1.224131435e-05,2.26081817e-07,7.112583779e-07,2.457495965e-09,7.768207958e-07,5.293708622e-09,3.834106979e-06,1.137604497e-07,0.01482972065
1010.0,8.344399029e-07,3.6393741e-08,2.295462995e-06,1.023378821e-07,4.163726423e-07,1.999161061e-08,1.389535317e-05,2.252612281e-07,7.009647804e-07,2.426467201e-09,7.67724823e-07,5.230963534e-09,3.820186112e-06,5.777875285e-08,0.01482977843
1011.0,8.544220462e-07,3.603651519e-08,2.396805988e-06,1.04733161e-07,4.318377328e-07,2.007251594e-08,1.448166271e-05,2.526837791e-07,6.902992478e-07,2.397215787e-09,7.583498772e-07,5.169583297e-09,4.285258509e-06,-7.431648263e-08,0.01482970412
1012.0,8.253333985e-07,3.510519569e-08,2.367302904e-06,1.065484544e-07,4.193373946e-07,1.996782427e-08,1.186877689e-05,2.223012026e-07,6.801084375e-07,2.368237932e-09,7.49407264e-07,5.10859252e-09,3.770003363e-06,8.446585825e-08,0.01482978858
1013.0,7.901799523e-07,3.487323639e-08,2.34391835e-06,1.090324293e-07,4.121912053e-07,1.997387277e-08,1.340864599e-05,2.271215003e-07,6.702264853e-07,2.339296787e-09,7.405066909e-07,5.047784619e-09,3.851748291e-06,2.856345451e-10,0.01482978887
1014.0,8.257109851e-07,3.469028714e-08,2.472897232e-06,1.116545588e-07,4.290691499e-07,2.006955901e-08,1.455146959e-05,2.571884582e-07,6.602419216e-07,2.310979323e-09,7.319431898e-07,4.987509648e-09,4.361630868e-06,-1.019420515e-07,0.01482968693
1015.0,8.099764382e-07,3.397451723e-08,2.46302731e-06,1.125754945e-07,4.23932023e-07,2.001978519e-08,1.195151161e-05,2.193486622e-07,6.504719532e-07,2.281794377e-09,7.237498689e-07,4.926834772e-09,3.71994229e-06,3.520086718e-08,0.01482972213
1016.0,7.830260487e-07,3.350645026e-08,2.462297508e-06,1.140982312e-07,4.20587216e-07,1.988359663e-08,1.276179809e-05,2.019939765e-07,6.412291573e-07,2.252125149e-09,7.160625595e-07,4.866697012e-09,3.425611048e-06,-8.644389498e-08,0.01482963568
1017.0,7.925834312e-07,3.306058226e-08,2.52548123e-06,1.159477085e-07,4.282817005e-07,1.99149104e-08,1.360137614e-05,2.509168911e-07,6.32673695e-07,2.223035832e-09,7.083704321e-07,4.807095623e-09,4.255294517e-06,-1.648735152e-07,0.01482947081
1018.0,7.749864063e-07,3.255312437e-08,2.51768547e-06,1.171467072e-07,4.183520363e-07,1.984712738e-08,1.195618337e-05,2.261670344e-07,6.249189083e-07,2.193507848e-09,7.015135272e-07,4.748297625e-09,3.835575611e-06,-1.642039697e-08,0.01482945439
1019.0,7.892340392e-07,3.241710686e-08,2.531203236e-06,1.19419316e-07,4.278382806e-07,1.991326285e-08,1.447590891e-05,2.255273228e-07,6.177205436e-07,3.082054508e-08,6.953365876e-07,4.693063072e-09,3.824726187e-06,-9.169177949e-08,0.0148293627
1020.0,7.916256468e-07,3.206283271e-08,2.622753811e-06,1.204500622e-07,4.326317392e-07,1.984964412e-08,1.369600304e-05,2.418036951e-07,6.128127609e-07,3.057177765e-08,6.898177494e-07,4.644679101e-09,4.100740563e-06,-1.685141278e-07,0.01482919418
1021.0,7.645547914e-07,3.140243949e-08,2.568730128e-06,1.198801097e-07,4.206601217e-07,1.965186872e-08,1.19667199e-05,2.229165385e-07,6.089501582e-07,3.03270376e-08,6.840647167e-07,4.594194766e-09,3.780452076e-06,-6.337654548e-08,0.01482913081
1022.0,7.418124029e-07,3.10896292e-08,2.562240973e-06,1.204446227e-07,4.180553776e-07,1.966361924e-08,1.282087338e-05,2.140739213e-07,6.05330772e-07,3.008255471e-08,6.786352825e-07,4.544063391e-09,3.630489904e-06,-1.124763266e-07,0.01482901833
1023.0,7.6387387e-07,3.080247524e-08,2.63036536e-06,1.205678527e-07,4.29153711e-07,1.961045769e-08,1.38999787e-05,2.494448247e-07,6.018395397e-07,2.983090178e-08,6.729802312e-07,4.493047631e-09,4.230342231e-06,-2.022136572e-07,0.01482881612
1024.0,7.66572182e-07,3.037182756e-08,2.593978156e-06,1.205675976e-07,4.227330983e-07,1.948171323e-08,1.251780533e-05,2.077861662e-07,5.981573194e-07,2.957925347e-08,6.675294831e-07,4.441190444e-09,3.523858322e-06,-8.281948805e-08,0.0148287333
1025.0,7.408636793e-07,3.019974196e-08,2.552385978e-06,1.207724266e-07,4.151467221e-07,1.941045622e-08,1.33281739e-05,2.196192393e-07,5.94675551e-07,2.931566439e-08,6.618377042e-07,4.389234364e-09,3.72453733e-06,-1.090408075e-07,0.01482862426
1026.0,7.533366598e-07,2.974922048e-08,2.618396615e-06,1.203928295e-07,4.238845374e-07,1.933550433e-08,1.413144039e-05,2.565162852e-07,5.912447693e-07,2.906200526e-08,6.559351401e-07,4.336958908e-09,4.350263656e-06,-1.982725641e-07,0.01482842598
1027.0,7.44421565e-07,2.944422712e-08,2.573351236e-06,1.191864917e-07,4.179862349e-07,1.919320036e-08,1.174957732e-05,2.312129398e-07,5.878055338e-07,2.879690144e-08,6.500754319e-07,4.283323753e-09,3.921162149e-06,-8.639574997e-08,0.01482833959
1028.0,7.013700382e-07,2.90108231e-08,2.501399344e-06,1.174793958e-07,4.057455846e-07,1.896009124e-08,1.218078967e-05,2.143685971e-07,5.843598412e-07,2.853250638e-08,6.442745416e-07,4.230340677e-09,3.635491438e-06,-1.235084961e-07,0.01482821608
1029.0,7.49022201e-07,2.925386646e-08,2.555672797e-06,1.172724282e-07,4.182790745e-07,1.900656614e-08,1.436850103e-05,2.542766003e-07,5.808010482e-07,2.825920097e-08,6.380932646e-07,4.175910904e-09,4.31228067e-06,-2.48029001e-07,0.01482796805
1030.0,7.309273251e-07,2.892274086e-08,2.49666061e-06,1.153302885e-07,4.045420214e-07,1.880915302e-08,1.144385661e-05,2.144642121e-07,5.770624009e-07,2.797343598e-08,6.319602357e-07,4.120975923e-09,3.637129712e-06,-1.100286242e-07,0.01482785802
1031.0,7.160089354e-07,2.87116403e-08,2.456733968e-06,1.1491915e-07,4.051654068e-07,1.868126582e-08,1.338710357e-05,2.100202659e-07,5.733293353e-07,2.768564363e-08,6.257813865e-07,4.065212585e-09,3.561745262e-06,-1.131237974e-07,0.0148277449
1032.0,7.423469366e-07,2.872648469e-08,2.492089843e-06,1.129742577e-07,4.134165342e-07,1.858514217e-08,1.372959935e-05,2.497337565e-07,5.691205791e-07,2.739952481e-08,6.190207395e-07,4.009664215e-09,4.235248392e-06,-2.361112169e-07,0.01482750879
1033.0,7.129923239e-07,2.863364676e-08,2.407785251e-06,1.1062143e-07,3.946686755e-07,1.831561442e-08,1.116753677e-05,2.266286763e-07,5.647029102e-07,2.710017679e-08,6.125196307e-07,3.952985014e-09,3.843421527e-06,-1.109361642e-07,0.01482739785
1034.0,7.087708612e-07,2.880095639e-08,2.371249945e-06,1.093790413e-07,3.965012718e-07,1.830405972e-08,1.347393396e-05,2.152379437e-07,5.60241485e-07,2.679911616e-08,6.061350819e-07,3.896470076e-09,3.650231072e-06,-1.156224819e-07,0.01482728223
1035.0,7.561926034e-07,2.900430059e-08,2.405258672e-06,1.076986385e-07,4.109421885e-07,1.81564562e-08,1.442250491e-05,2.464499818e-07,5.552808043e-07,2.648313653e-08,5.989673618e-07,3.838630897e-09,4.179561721e-06,-2.251146586e-07,0.01482705711
1036.0,7.426068142e-07,2.909695071e-08,2.345049273e-06,1.062984019e-07,3.971517257e-07,1.794937067e-08,1.200250655e-05,2.231108192e-07,5.497884847e-07,2.615904375e-08,5.918584299e-07,3.780103651e-09,3.783756393e-06,-1.470059516e-07,0.01482691011
1037.0,6.986876167e-07,2.895565728e-08,2.260690267e-06,1.04991434e-07,3.816217264e-07,1.771151709e-08,1.23234771e-05,2.231914603e-07,5.443583096e-07,2.583245452e-08,5.84667366e-07,3.721625277e-09,3.78513362e-06,-1.600574366e-07,0.01482675005
1038.0,7.242831241e-07,2.944214497e-08,2.316994146e-06,1.037640364e-07,3.859250135e-07,1.76472632e-08,1.417210008e-05,2.566878217e-07,5.386731397e-07,2.550315326e-08,5.773492948e-07,3.662819818e-09,4.353181709e-06,-2.824098709e-07,0.01482646764
1039.0,7.237678291e-07,2.92524574e-08,2.258825664e-06,1.019611901e-07,3.83108002e-07,1.738316303e-08,1.146786823e-05,2.192997448e-07,5.324400453e-07,2.515535648e-08,5.699474588e-07,3.603023938e-09,3.719132776e-06,-1.317740245e-07,0.01482633587
1040.0,7.006991538e-07,2.91632308e-08,2.203558109e-06,1.004221127e-07,3.741834061e-07,1.721156997e-08,1.228826417e-05,2.14558564e-07,5.259227661e-07,2.479757593e-08,5.628546671e-07,3.544050837e-09,3.638715317e-06,-1.335431023e-07,0.01482620232
1041.0,7.426098804e-07,2.974227519e-08,2.261351465e-06,1.002666762e-07,3.867518019e-07,1.72168776e-08,1.448218943e-05,2.617293572e-07,5.191989116e-07,2.443860673e-08,5.551282521e-07,3.484087273e-09,4.438679222e-06,-2.519432327e-07,0.01482595038
1042.0,7.331163485e-07,2.975131352e-08,2.212350838e-06,9.887201677e-08,3.783820736e-07,1.701013261e-08,1.117984685e-05,2.215010568e-07,5.123086397e-07,2.407272189e-08,5.476741544e-07,3.42440856e-09,3.756468775e-06,-1.407497158e-07,0.01482580963
1043.0,7.039430895e-07,2.972256401e-08,2.15552161e-06,9.844619734e-08,3.703767099e-07,1.690122746e-08,1.308628692e-05,2.20060356e-07,5.053748851e-07,2.369982277e-08,5.399142357e-07,3.365122229e-09,3.732026749e-06,-1.328588927e-07,0.01482567677
1044.0,7.195881989e-07,2.989205811e-08,2.20628981e-06,9.782630948e-08,3.731195861e-07,1.676222784e-08,1.345459448e-05,2.353973441e-07,4.981556557e-07,2.332049044e-08,5.320464369e-07,3.306560015e-09,3.992114438e-06,-2.499867519e-07,0.01482542678
1045.0,7.073454129e-07,2.976878728e-08,2.160237551e-06,9.676267944e-08,3.640177576e-07,1.656718962e-08,1.161267011e-05,2.088085779e-07,4.907124804e-07,2.292805908e-08,5.24436324e-07,3.248175103e-09,3.541209316e-06,-1.124722502e-07,0.01482531431
1046.0,7.083636414e-07,2.985143098e-08,2.13926254e-06,9.684491475e-08,3.654424747e-07,1.641489139e-08,1.354049434e-05,2.152513699e-07,4.832905263e-07,2.25333207e-08,5.169381397e-07,3.190688681e-09,3.650467623e-06,-1.25471681e-07,0.01482518884
1047.0,7.369587522e-07,2.998213284e-08,2.170538028e-06,9.577735711e-08,3.72399576e-07,1.630809621e-08,1.3462451e-05,2.461163512e-07,4.756855412e-07,2.214110773e-08,5.090492804e-07,3.133659606e-09,4.173896473e-06,-2.344439181e-07,0.0148249544
1048.0,7.102960674e-07,2.991818835e-08,2.110495954e-06,9.483151132e-08,3.576390988e-07,1.60604208e-08,1.185724851e-05,2.236625921e-07,4.679878972e-07,2.174414918e-08,5.013077329e-07,3.076931656e-09,3.793128027e-06,-1.108721113e-07,0.01482484352
1049.0,6.802247503e-07,2.966521929e-08,2.083577421e-06,9.50683246e-08,3.502871297e-07,1.594320157e-08,1.254253657e-05,2.062951832e-07,4.606540733e-07,2.135991462e-08,4.941001508e-07,3.021853166e-09,3.498581758e-06,-1.372501836e-07,0.01482470627
1050.0,6.967427256e-07,2.965435858e-08,2.148710797e-06,9.421219473e-08,3.586514542e-07,1.574637057e-08,1.344944313e-05,2.300602499e-07,4.536380638e-07,2.098042967e-08,4.8667664e-07,2.968074559e-09,3.901604585e-06,-2.242409894e-07,0.01482448203
1051.0,7.278112183e-07,2.977373293e-08,2.113698276e-06,9.328579811e-08,3.582275756e-07,1.553731235e-08,1.29934191e-05,2.171188579e-07,4.465271238e-07,2.060783135e-08,4.794847641e-07,2.914609145e-09,3.682130083e-06,-8.527448757e-08,0.01482439676
1052.0,6.94006625e-07,2.933747716e-08,2.0752828e-06,9.261045875e-08,3.46265073e-07,1.519085676e-08,1.131144538e-05,1.92773377e-07,4.395399634e-07,2.024741323e-08,4.728061476e-07,2.863313631e-09,3.26926919e-06,-1.468575216e-07,0.0148242499
1053.0,6.859268247e-07,2.923220468e-08,2.071316432e-06,9.134627263e-08,3.401861976e-07,1.498340529e-08,1.239539311e-05,2.293744775e-07,4.330539757e-07,1.991884302e-08,4.659944559e-07,2.814591198e-09,3.889978542e-06,-2.372858964e-07,0.01482401261
1054.0,6.837177386e-07,2.902129283e-08,2.039046107e-06,9.062695373e-08,3.345017773e-07,1.474964231e-08,1.232892309e-05,2.028486239e-07,4.271323303e-07,1.960345204e-08,4.598403141e-07,2.767281427e-09,3.440144591e-06,-9.185497206e-08,0.01482392076
1055.0,6.626931469e-07,2.893869254e-08,2.010443132e-06,8.968716766e-08,3.274400383e-07,1.452254703e-08,1.183951591e-05,1.912951741e-07,4.217019028e-07,1.931454883e-08,4.543909695e-07,2.723841894e-09,3.244185695e-06,-1.047877001e-07,0.01482381597
1056.0,7.058173386e-07,2.912679304e-08,2.10014825e-06,8.997365953e-08,3.394375001e-07,1.434668167e-08,1.448822857e-05,2.600870868e-07,4.168703799e-07,1.904963886e-08,4.48907224e-07,2.682608633e-09,4.410827584e-06,-1.674020198e-07,0.01482364857
1057.0,6.995869471e-07,2.864270665e-08,2.048468724e-06,8.799516851e-08,3.291397289e-07,1.399623853e-08,1.06896066e-05,1.995312613e-07,4.123596913e-07,1.881445197e-08,4.439691288e-07,2.64466577e-09,3.383875161e-06,8.838563833e-09,0.01482365741
1058.0,6.547446558e-07,2.816382673e-08,1.978920215e-06,8.62790228e-08,3.151441643e-07,1.364068966e-08,1.185072127e-05,1.908747885e-07,4.086089786e-07,1.861240522e-08,4.395980135e-07,2.610004184e-09,3.237073177e-06,-1.347473528e-08,0.01482364393
1059.0,6.789429159e-07,2.833127236e-08,2.022506569e-06,8.556105578e-08,3.208307905e-07,1.352581635e-08,1.294464273e-05,2.282255918e-07,4.056470568e-07,1.844053032e-08,4.353607624e-07,2.578575812e-09,3.870486375e-06,-7.967613858e-08,0.01482356426
1060.0,6.854585626e-07,2.793233938e-08,1.980588926e-06,8.384648276e-08,3.16267814e-07,1.328153139e-08,1.195651745e-05,2.018515203e-07,4.032594353e-07,1.829697204e-08,4.317636127e-07,2.548552734e-09,3.423223648e-06,1.023984542e-07,0.01482366666
1061.0,6.65330417e-07,2.763379546e-08,1.93663839e-06,8.331822371e-08,3.119763455e-07,1.304224568e-08,1.227460667e-05,1.952115361e-07,4.011646108e-07,1.817621937e-08,4.283441084e-07,2.52182175e-09,3.310611838e-06,6.185656293e-08,0.01482372851
1062.0,6.659891537e-07,2.72135743e-08,1.9664038e-06,8.141597627e-08,3.074417859e-07,1.273753769e-08,1.229176085e-05,2.206696373e-07,3.997334323e-07,1.807143164e-08,4.251589582e-07,2.496932383e-09,3.742356638e-06,-3.96864156e-08,0.01482368883
1063.0,6.572530993e-07,2.678152817e-08,1.888106026e-06,7.881094019e-08,2.972635371e-07,1.241340933e-08,1.078912301e-05,1.89886718e-07,3.986747194e-07,1.798482886e-08,4.222901358e-07,2.473754695e-09,3.22030854e-06,1.58970964e-07,0.0148238478
1064.0,6.418816057e-07,2.66183869e-08,1.83832286e-06,7.756025931e-08,2.918440322e-07,1.222093529e-08,1.211485421e-05,1.889081171e-07,3.979875369e-07,1.790716832e-08,4.201384001e-07,2.452292244e-09,3.203722515e-06,9.359976195e-08,0.0148239414
1065.0,6.564819791e-07,2.63811089e-08,1.891623051e-06,7.60084292e-08,2.963052333e-07,1.211431271e-08,1.265723029e-05,2.068242797e-07,3.974363954e-07,1.785154632e-08,4.177377803e-07,2.433167632e-09,3.50754929e-06,1.213103181e-08,0.01482395353
1066.0,6.542401393e-07,2.592019392e-08,1.79884551e-06,7.333317793e-08,2.870293164e-07,1.181765992e-08,1.176359756e-05,2.071109908e-07,3.97416166e-07,1.780657641e-08,4.157266948e-07,2.413504486e-09,3.512422017e-06,1.601569914e-07,0.01482411369
1067.0,6.484489983e-07,2.58964949e-08,1.760158374e-06,7.253910044e-08,2.855582758e-07,1.170485773e-08,1.214536751e-05,1.872147425e-07,3.973203041e-07,1.776889302e-08,4.137299358e-07,2.395618445e-09,3.174996863e-06,6.840882203e-08,0.01482418209
1068.0,6.397239893e-07,2.534433796e-08,1.75972727e-06,7.023636853e-08,2.846839054e-07,1.150572866e-08,1.235825765e-05,2.183038393e-07,3.97407514e-07,1.774264225e-08,4.116056157e-07,2.379041635e-09,3.702236807e-06,-7.85104341e-09,0.01482417424
1069.0,6.294601783e-07,2.485924839e-08,1.690633757e-06,6.750446988e-08,2.79249336e-07,1.128472878e-08,1.159196884e-05,1.985996637e-07,3.975742095e-07,1.772930619e-08,4.095531005e-07,2.362667387e-09,3.368075833e-06,1.621293686e-07,0.01482433637
1070.0,6.137534438e-07,2.478462344e-08,1.659422693e-06,6.580084344e-08,2.728691021e-07,1.113412906e-08,1.15053656e-05,1.797933306e-07,3.97657719e-07,1.770629717e-08,4.076520311e-07,2.34727134e-09,3.049139336e-06,1.027773138e-07,0.01482443915
1071.0,6.246800568e-07,2.454910151e-08,1.6604492e-06,6.414364661e-08,2.735577884e-07,1.101445793e-08,1.256216983e-05,2.269018257e-07,3.975046148e-07,1.769057074e-08,4.056227385e-07,2.333352665e-09,3.848051516e-06,2.498078095e-08,0.01482446413
1072.0,6.279343373e-07,2.402173052e-08,1.601743211e-06,6.228746982e-08,2.675538147e-07,1.082213564e-08,1.140488716e-05,1.936818857e-07,3.974201558e-07,1.767278387e-08,4.037616871e-07,2.318499705e-09,3.284675992e-06,2.041372975e-07,0.01482466827
1073.0,6.098873465e-07,2.372195032e-08,1.575396471e-06,6.15638169e-08,2.664206165e-07,1.073119098e-08,1.229045114e-05,1.886217279e-07,3.969147934e-07,1.76462278e-08,4.01695508e-07,2.304529472e-09,3.198869864e-06,1.44224121e-07,0.01482481249
1074.0,6.197976458e-07,2.344863712e-08,1.593434169e-06,6.011810545e-08,2.703087025e-07,1.065804987e-08,1.285376206e-05,2.207798715e-07,3.961824758e-07,1.76134477e-08,3.994330769e-07,2.290531974e-09,3.744230928e-06,6.726678892e-08,0.01482487976
1075.0,6.098597239e-07,2.299812607e-08,1.528292155e-06,5.802429136e-08,2.58373866e-07,1.045687719e-08,1.095030457e-05,1.8503574e-07,3.951320223e-07,1.758090677e-08,3.970847286e-07,2.276527251e-09,3.138045146e-06,2.256097217e-07,0.01482510537
1076.0,5.838022099e-07,2.268691962e-08,1.486470325e-06,5.733563928e-08,2.588793673e-07,1.031091068e-08,1.212300237e-05,1.957869975e-07,3.938524335e-07,1.753335736e-08,3.948369556e-07,2.2623747e-09,3.320393346e-06,1.591870806e-07,0.01482526456
1077.0,5.935904022e-07,2.239412029e-08,1.520636105e-06,5.679381393e-08,2.611722554e-07,1.03334912e-08,1.245850907e-05,2.193401835e-07,3.922373257e-07,1.748438037e-08,3.925592327e-07,2.249424558e-09,3.719815173e-06,7.411805361e-08,0.01482533867
1078.0,6.052121753e-07,2.212606636e-08,1.48180333e-06,5.615923562e-08,2.564875103e-07,1.028617293e-08,1.178827779e-05,1.91451703e-07,3.903916851e-07,1.742101126e-08,3.899692723e-07,2.233983139e-09,3.246855886e-06,2.41432147e-07,0.01482558011
1079.0,5.70783895e-07,2.170317321e-08,1.449572434e-06,5.699803513e-08,2.537889511e-07,1.021499078e-08,1.183930883e-05,1.865267007e-07,3.879762998e-07,1.734888749e-08,3.872937043e-07,2.219582001e-09,3.163345039e-06,1.52393599e-07,0.0148257325
1080.0,5.733321265e-07,2.1417087e-08,1.511088846e-06,5.721548773e-08,2.537105343e-07,1.024017352e-08,1.213197966e-05,2.150979953e-07,3.854011365e-07,1.72677393e-08,3.845802287e-07,2.205047233e-09,3.647882019e-06,6.716519134e-08,0.01482579966
1081.0,5.730269474e-07,2.085309622e-08,1.474936192e-06,5.663049911e-08,2.521806397e-07,1.019842114e-08,1.218466542e-05,1.996988512e-07,3.825086759e-07,1.717487085e-08,3.815682307e-07,2.189670111e-09,3.386726875e-06,2.196991312e-07,0.01482601936
1082.0,5.585654721e-07,2.079194492e-08,1.472503571e-06,5.735099074e-08,2.527130467e-07,1.019329195e-08,1.151572439e-05,1.831507368e-07,3.793606031e-07,1.706276658e-08,3.786582748e-07,2.174394593e-09,3.106088361e-06,1.318086872e-07,0.01482615117
1083.0,5.792807304e-07,2.059561165e-08,1.52782184e-06,5.84291331e-08,2.608813957e-07,1.029688307e-08,1.319577809e-05,2.149441001e-07,3.756998802e-07,1.693719078e-08,3.754149711e-07,2.159398193e-09,3.645266776e-06,1.521622172e-08,0.01482616639
1084.0,5.563199051e-07,1.988931114e-08,1.471958694e-06,5.828701009e-08,2.528702599e-07,1.012049269e-08,1.072746778e-05,1.817781937e-07,3.717145511e-07,1.679584254e-08,3.719522861e-07,2.142594724e-09,3.082811974e-06,1.530317682e-07,0.01482631942
1085.0,5.156090527e-07,1.969437195e-08,1.450957641e-06,6.042340501e-08,2.466643549e-07,1.023112224e-08,1.12786757e-05,1.739857634e-07,3.676438271e-07,1.664020442e-08,3.685377004e-07,2.126212905e-09,2.950665368e-06,3.533324362e-08,0.01482635475
1086.0,5.315759561e-07,1.95403021e-08,1.541691385e-06,6.158309162e-08,2.541739958e-07,1.029568466e-08,1.269400285e-05,2.079819522e-07,3.633443423e-07,1.647753192e-08,3.650290818e-07,2.108904966e-09,3.527200257e-06,-6.701752543e-08,0.01482628774
1087.0,5.405906267e-07,1.917106612e-08,1.525927835e-06,6.179328788e-08,2.546037849e-07,1.025761891e-08,1.104328766e-05,1.870366338e-07,3.58943196e-07,1.630348267e-08,3.615011514e-07,2.09061576e-09,3.171992576e-06,9.799700669e-08,0.01482638573
1088.0,5.22263875e-07,1.893704e-08,1.528948217e-06,6.303535937e-08,2.565881296e-07,1.028394601e-08,1.175698742e-05,1.651455135e-07,3.544264614e-07,1.612320797e-08,3.582798355e-07,2.072002545e-09,2.800738559e-06,1.683705642e-08,0.01482640257
1089.0,5.473644765e-07,1.87238859e-08,1.601732497e-06,6.408725964e-08,2.651784448e-07,1.031755255e-08,1.334749072e-05,1.936140584e-07,3.497227981e-07,1.593854042e-08,3.546277762e-07,2.052951811e-09,3.283529782e-06,-9.013114719e-08,0.01482631244
1090.0,5.395928868e-07,1.837142295e-08,1.566728038e-06,6.466282672e-08,2.585524884e-07,1.02730784e-08,1.108996211e-05,1.931543727e-07,3.450210516e-07,1.574910182e-08,3.510069335e-07,2.032363196e-09,3.275736882e-06,6.751396642e-08,0.01482637995
1091.0,5.040807272e-07,1.814274496e-08,1.556290619e-06,6.646036795e-08,2.536470688e-07,1.028819243e-08,1.176483932e-05,1.726428729e-07,3.403861589e-07,1.555587807e-08,3.477150278e-07,2.011874044e-09,2.927897894e-06,-2.003035101e-08,0.01482635992
1092.0,5.040135676e-07,1.773868551e-08,1.617562646e-06,6.668997222e-08,2.563201526e-07,1.027697322e-08,1.211095167e-05,2.063078113e-07,3.360975434e-07,1.536311535e-08,3.441963586e-07,1.99154594e-09,3.498815042e-06,-1.213619554e-07,0.01482623856
1093.0,5.062572076e-07,1.759447054e-08,1.589411905e-06,6.711090726e-08,2.528384469e-07,1.024815331e-08,1.134471632e-05,2.04795801e-07,3.321661653e-07,1.517067334e-08,3.411450636e-07,1.970354355e-09,3.473178998e-06,5.264862728e-08,0.01482629121
1094.0,5.169150923e-07,1.769446246e-08,1.606293213e-06,6.754068613e-08,2.605084032e-07,1.028202251e-08,1.236366714e-05,1.877144595e-07,3.28372034e-07,1.497882923e-08,3.384431386e-07,1.949493434e-09,3.183493567e-06,-1.127647827e-08,0.01482627993
1095.0,5.232673474e-07,1.745714575e-08,1.671478257e-06,6.871616002e-08,2.666007318e-07,1.030532728e-08,1.256383206e-05,2.043397507e-07,3.247720354e-07,1.479805464e-08,3.354474943e-07,1.92817398e-09,3.465427633e-06,-1.015422772e-07,0.01482617839
1096.0,5.120762109e-07,1.70536904e-08,1.634452926e-06,6.842387709e-08,2.574304132e-07,1.016304569e-08,1.118293817e-05,1.885147598e-07,3.217956395e-07,1.463188552e-08,3.328104203e-07,1.906454488e-09,3.197065811e-06,7.283987367e-08,0.01482625123
1097.0,4.779279515e-07,1.694449971e-08,1.607937746e-06,6.93843847e-08,2.486682661e-07,1.014201274e-08,1.150436916e-05,1.774852809e-07,3.191796655e-07,1.447223254e-08,3.302333033e-07,1.885027159e-09,3.01002648e-06,-1.861646511e-08,0.01482623261
1098.0,4.89368489e-07,1.676405113e-08,1.669904304e-06,6.930426252e-08,2.543944732e-07,1.012442974e-08,1.214316481e-05,2.082750483e-07,3.169429737e-07,1.432328861e-08,3.275858043e-07,1.863960665e-09,3.532177759e-06,-1.049054897e-07,0.01482612771
1099.0,5.17755475e-07,1.660963602e-08,1.65103464e-06,6.862559136e-08,2.595647931e-07,1.005751029e-08,1.134381367e-05,1.773764524e-07,3.14631103e-07,1.417236032e-08,3.251200615e-07,1.841301364e-09,3.008165653e-06,2.848201334e-08,0.01482615619
1100.0,4.817919379e-07,1.630610782e-08,1.597482689e-06,6.792060335e-08,2.520469694e-07,9.887504029e-09,1.085797516e-05,1.580429465e-07,3.12411008e-07,1.402424426e-08,3.227751756e-07,1.8198807e-09,2.68029127e-06,-6.101565815e-08,0.01482609517
1101.0,4.972518679e-07,1.636347558e-08,1.659920013e-06,6.846052597e-08,2.588623733e-07,1.000223286e-08,1.307286528e-05,2.023169771e-07,3.103849138e-07,1.388069695e-08,3.200902163e-07,1.797866828e-09,3.431132486e-06,-1.738267386e-07,0.01482592135
1102.0,4.983745643e-07,1.608854004e-08,1.618955383e-06,6.738443255e-08,2.534348004e-07,9.838985182e-09,1.064897248e-05,1.837181578e-07,3.084892725e-07,1.374221398e-08,3.176452998e-07,1.775278169e-09,3.115719634e-06,-3.211338487e-08,0.01482588923
1103.0,4.710053816e-07,1.618823149e-08,1.572501653e-06,6.7881058e-08,2.446808264e-07,9.860531879e-09,1.190871813e-05,1.747069618e-07,3.066860111e-07,1.360852818e-08,3.153303863e-07,1.752950207e-09,2.962902863e-06,-8.09009573e-08,0.01482580833
1104.0,4.903019697e-07,1.603517537e-08,1.639061775e-06,6.716266019e-08,2.493079722e-07,9.800664125e-09,1.235547429e-05,1.936855497e-07,3.049767559e-07,1.348377602e-08,3.128654279e-07,1.73094342e-09,3.284755561e-06,-2.073337792e-07,0.014825601
1105.0,5.004462794e-07,1.602837744e-08,1.595369098e-06,6.603819837e-08,2.479747521e-07,9.734102296e-09,1.132124171e-05,1.942180043e-07,3.032930184e-07,1.336063859e-08,3.10314109e-07,1.707488006e-09,3.29379839e-06,-7.834279334e-08,0.01482552266
1106.0,4.813972847e-07,1.597374403e-08,1.570649387e-06,6.504913636e-08,2.491496946e-07,9.601573024e-09,1.171283039e-05,1.621119982e-07,3.015331271e-07,1.323632738e-08,3.080220327e-07,1.684758409e-09,2.749292783e-06,-1.368908063e-07,0.01482538577
1107.0,4.939758096e-07,1.589226921e-08,1.577687441e-06,6.406848374e-08,2.524013575e-07,9.549985284e-09,1.237749911e-05,2.023062799e-07,2.996803776e-07,1.311302155e-08,3.051061246e-07,1.66138804e-09,3.430953636e-06,-2.456768252e-07,0.01482514009
1108.0,4.785763625e-07,1.58461717e-08,1.515161141e-06,6.284312452e-08,2.387620353e-07,9.422068198e-09,1.073226205e-05,1.868860066e-07,2.977959171e-07,1.298976403e-08,3.025395804e-07,1.637547668e-09,3.169448781e-06,-1.003380722e-07,0.01482503975
1109.0,4.734857617e-07,1.612942732e-08,1.509109842e-06,6.356635717e-08,2.41523139e-07,9.509236174e-09,1.242847625e-05,1.782978384e-07,2.958481112e-07,1.286304284e-08,2.999379852e-07,1.61390218e-09,3.023802711e-06,-1.238710383e-07,0.01482491588
1110.0,4.886937266e-07,1.609136253e-08,1.549382928e-06,6.214562591e-08,2.447557213e-07,9.386377981e-09,1.237400385e-05,2.179258428e-07,2.936263972e-07,1.273320004e-08,2.971069284e-07,1.590133451e-09,3.695851489e-06,-2.27792912e-07,0.01482468809
1111.0,5.019482853e-07,1.625130627e-08,1.507204531e-06,6.125392921e-08,2.437564657e-07,9.322747697e-09,1.174101384e-05,1.910252304e-07,2.91278676e-07,1.259508777e-08,2.942561398e-07,1.565441384e-09,3.239638997e-06,-8.947346063e-08,0.01482459861
1112.0,4.787340756e-07,1.617261117e-08,1.477022421e-06,5.989178287e-08,2.391026509e-07,9.130598991e-09,1.123426074e-05,1.767763941e-07,2.888267912e-07,1.24538996e-08,2.914795268e-07,1.541675867e-09,2.998003383e-06,-1.452521028e-07,0.01482445336
1113.0,4.920545844e-07,1.634260368e-08,1.489892544e-06,5.917464077e-08,2.404813504e-07,9.074308607e-09,1.265988036e-05,2.109452187e-07,2.862067934e-07,1.231027346e-08,2.883365625e-07,1.517256114e-09,3.57746213e-06,-2.369587304e-07,0.0148242164
1114.0,5.012399238e-07,1.635754512e-08,1.465717317e-06,5.849237128e-08,2.359379849e-07,8.989780374e-09,1.127679352e-05,1.741490378e-07,2.833546203e-07,1.216260354e-08,2.855012562e-07,1.491851166e-09,2.953436419e-06,-9.415474132e-08,0.01482412225
1115.0,4.664177394e-07,1.636749741e-08,1.41032943e-06,5.885604302e-08,2.267805265e-07,8.919142625e-09,1.124165182e-05,1.654393886e-07,2.804311613e-07,1.201041615e-08,2.825189803e-07,1.467399043e-09,2.805734707e-06,-1.353067383e-07,0.01482398694
1116.0,4.894031769e-07,1.646471717e-08,1.491955513e-06,5.885026609e-08,2.392102963e-07,8.957001695e-09,1.302723187e-05,2.192924937e-07,2.773640731e-07,1.185411315e-08,2.79443234e-07,1.442681139e-09,3.719031578e-06,-2.451856843e-07,0.01482374176
1117.0,4.931175216e-07,1.659542725e-08,1.442863318e-06,5.745354625e-08,2.322824486e-07,8.815065139e-09,1.035656973e-05,1.735537608e-07,2.741091863e-07,1.169217891e-08,2.762531463e-07,1.417213231e-09,2.943342304e-06,-8.947911803e-08,0.01482365228
1118.0,4.596412247e-07,1.655134905e-08,1.39193967e-06,5.695890114e-08,2.242165245e-07,8.690144021e-09,1.136680406e-05,1.687963373e-07,2.709291807e-07,1.152860594e-08,2.735443132e-07,1.392816399e-09,2.862662933e-06,-1.250050531e-07,0.01482352727
1119.0,5.008674963e-07,1.679086589e-08,1.455300111e-06,5.731453759e-08,2.344648663e-07,8.749620668e-09,1.311388576e-05,1.897341945e-07,2.676087177e-07,1.13572511e-08,2.702188875e-07,1.368234038e-09,3.217739041e-06,-2.117031192e-07,0.01482331557
1120.0,4.932374692e-07,1.661065337e-08,1.41383409e-06,5.655475086e-08,2.256358836e-07,8.62539105e-09,1.057717931e-05,1.84996322e-07,2.641172869e-07,1.117902295e-08,2.670209206e-07,1.342651086e-09,3.137401582e-06,-5.39295355e-08,0.01482326164
1121.0,4.706792954e-07,1.669280937e-08,1.401493886e-06,5.769569435e-08,2.280046135e-07,8.616302828e-09,1.197609234e-05,1.765185836e-07,2.605304287e-07,1.099736949e-08,2.63754224e-07,1.318036283e-09,2.993627528e-06,-1.387298429e-07,0.01482312291
1122.0,4.794581671e-07,1.659760625e-08,1.443304801e-06,5.695276744e-08,2.290604775e-07,8.526143075e-09,1.180192317e-05,1.966041574e-07,2.56828664e-07,1.081132524e-08,2.603351638e-07,1.293574679e-09,3.334257135e-06,-2.360635655e-07,0.01482288685
1123.0,4.755769496e-07,1.667188067e-08,1.40478306e-06,5.626994002e-08,2.207636965e-07,8.421463636e-09,1.071421121e-05,1.753663492e-07,2.532768078e-07,1.062332468e-08,2.56934481e-07,1.268768686e-09,2.974078689e-06,-4.90184177e-08,0.01482283783
1124.0,4.694461923e-07,1.663155764e-08,1.381203228e-06,5.609447575e-08,2.234268096e-07,8.339452429e-09,1.188367862e-05,1.713007737e-07,2.497651491e-07,1.043477961e-08,2.538474689e-07,1.244508329e-09,2.905139328e-06,-1.03180227e-07,0.01482273465
1125.0,4.906701708e-07,1.684404295e-08,1.438326984e-06,5.631813506e-08,2.26403272e-07,8.336773987e-09,1.211297527e-05,1.89976501e-07,2.460502159e-07,1.024555969e-08,2.506535867e-07,1.221235636e-09,3.221851841e-06,-1.897190672e-07,0.01482254493
1126.0,4.814496236e-07,1.650416747e-08,1.38438217e-06,5.55298586e-08,2.198790973e-07,8.197219545e-09,1.158285842e-05,1.88593574e-07,2.425036094e-07,1.005971632e-08,2.473586559e-07,1.196794772e-09,3.198409672e-06,-2.466044813e-08,0.01482252027
1127.0,4.66736869e-07,1.664420124e-08,1.381277121e-06,5.646036576e-08,2.195827211e-07,8.187380137e-09,1.148261774e-05,1.641014058e-07,2.390293619e-07,9.883833457e-09,2.441480205e-07,1.174268206e-09,2.783041328e-06,-1.009793522e-07,0.01482241929
1128.0,4.64391149e-07,1.642513265e-08,1.423221052e-06,5.581123642e-08,2.184592318e-07,8.046107221e-09,1.177167042e-05,1.948383328e-07,2.357963576e-07,9.712999637e-09,2.411597584e-07,1.152531905e-09,3.304309644e-06,-1.807077314e-07,0.01482223858
1129.0,4.830893674e-07,1.639736229e-08,1.39702244e-06,5.493192811e-08,2.169215567e-07,7.92797483e-09,1.107929654e-05,1.547388577e-07,2.329407166e-07,9.550211507e-09,2.382793535e-07,1.131735945e-09,2.624249484e-06,1.404594813e-08,0.01482225263
1130.0,4.656628991e-07,1.627324862e-08,1.386194751e-06,5.489218632e-08,2.146578161e-07,7.83344955e-09,1.140305201e-05,1.584375868e-07,2.303980713e-07,9.402227301e-09,2.357090311e-07,1.112283696e-09,2.686986942e-06,-3.02642767e-08,0.01482222236
1131.0,4.807464765e-07,1.635569705e-08,1.422232654e-06,5.465703708e-08,2.199211422e-07,7.811593439e-09,1.245877634e-05,2.001271054e-07,2.279060944e-07,9.265042256e-09,2.332581608e-07,1.095140879e-09,3.394002636e-06,-1.359399208e-07,0.01482208642
1132.0,4.822896899e-07,1.607371593e-08,1.377469594e-06,5.387406068e-08,2.121089625e-07,7.639058218e-09,1.140317255e-05,1.792528497e-07,2.257681882e-07,9.149160862e-09,2.31034785e-07,1.07842745e-09,3.039995012e-06,5.6173235e-08,0.0148221426
1133.0,4.509245149e-07,1.603825372e-08,1.344530433e-06,5.418298695e-08,2.074656099e-07,7.56117678e-09,1.159725841e-05,1.575028409e-07,2.240671e-07,9.05144003e-09,2.290149451e-07,1.064210231e-09,2.671132151e-06,1.444091279e-08,0.01482215704
1134.0,4.675771726e-07,1.581160913e-08,1.410991647e-06,5.357645521e-08,2.111185609e-07,7.441282642e-09,1.199705194e-05,1.755000036e-07,2.227690958e-07,8.973846149e-09,2.273239592e-07,1.051985461e-09,2.976344338e-06,-8.714889517e-08,0.01482206989
1135.0,4.650454893e-07,1.551856295e-08,1.347963482e-06,5.171927317e-08,2.025847421e-07,7.185672531e-09,1.022716087e-05,1.588755843e-07,2.218008758e-07,8.910435871e-09,2.258981563e-07,1.041414581e-09,2.694407748e-06,1.013968559e-07,0.01482217128
1136.0,4.531118043e-07,1.551786463e-08,1.341374725e-06,5.173484543e-08,2.043812713e-07,7.126535532e-09,1.160589469e-05,1.586449659e-07,2.211572437e-07,8.866599368e-09,2.250339413e-07,1.032554056e-09,2.690505152e-06,4.064782848e-08,0.01482221193
1137.0,4.717579399e-07,1.537240575e-08,1.384887245e-06,5.101494266e-08,2.106992012e-07,7.092016661e-09,1.185613502e-05,1.84054685e-07,2.206387012e-07,8.833374278e-09,2.240729834e-07,1.026115891e-09,3.121424078e-06,-6.069877704e-08,0.01482215123
1138.0,4.555791307e-07,1.514809356e-08,1.311518882e-06,4.959431725e-08,1.962390375e-07,6.888432404e-09,1.117679364e-05,1.695309984e-07,2.205892957e-07,8.816205289e-09,2.234882991e-07,1.019291507e-09,2.875120054e-06,1.337370724e-07,0.01482228497
1139.0,4.538841811e-07,1.541592083e-08,1.30677233e-06,5.033125329e-08,1.987445878e-07,6.953360817e-09,1.24161434e-05,1.681906975e-07,2.208577545e-07,8.809455609e-09,2.231099666e-07,1.014648949e-09,2.852388578e-06,8.493178868e-08,0.0148223699
1140.0,4.623607227e-07,1.504024516e-08,1.341502111e-06,4.8997374e-08,2.012538303e-07,6.771569551e-09,1.187859837e-05,1.837582569e-07,2.212673003e-07,8.815922357e-09,2.227345447e-07,1.010419821e-09,3.116395297e-06,-2.692079836e-08,0.01482234298
1141.0,4.586879401e-07,1.489439518e-08,1.275119897e-06,4.730664739e-08,1.95376072e-07,6.62591707e-09,1.087699362e-05,1.766586061e-07,2.217723696e-07,8.822649851e-09,2.225169369e-07,1.006915993e-09,2.995998739e-06,1.455363169e-07,0.01482248852
1142.0,4.37252189e-07,1.474990224e-08,1.261609183e-06,4.670449175e-08,1.937700734e-07,6.548783182e-09,1.100199221e-05,1.546196189e-07,2.224080863e-07,8.842651651e-09,2.22650055e-07,1.004237991e-09,2.622236407e-06,5.124198354e-08,0.01482253976
1143.0,4.490052579e-07,1.467521314e-08,1.286562687e-06,4.582657853e-08,1.963799778e-07,6.513222708e-09,1.229503872e-05,1.946630397e-07,2.23016237e-07,8.866216025e-09,2.225425725e-07,1.002686702e-09,3.301328485e-06,-2.864791362e-08,0.01482251111
1144.0,4.662181068e-07,1.460648454e-08,1.260165725e-06,4.523117124e-08,1.9589117e-07,6.492792789e-09,1.202501519e-05,1.609577723e-07,2.236410757e-07,8.895792083e-09,2.225928954e-07,9.998775478e-10,2.729716159e-06,1.42558618e-07,0.01482265367
1145.0,4.406773748e-07,1.443441302e-08,1.227730835e-06,4.54080837e-08,1.895996061e-07,6.430938081e-09,1.137628104e-05,1.474038696e-07,2.241750159e-07,8.915131495e-09,2.224726619e-07,9.988547472e-10,2.499867234e-06,7.230216755e-08,0.01482272597
1146.0,4.488202219e-07,1.436114092e-08,1.261595465e-06,4.404322704e-08,1.922464966e-07,6.358767839e-09,1.234264785e-05,1.998691195e-07,2.246375168e-07,8.94381094e-09,2.2224284e-07,9.972089571e-10,3.389626115e-06,-1.764320587e-08,0.01482270833
1147.0,4.533901791e-07,1.410723412e-08,1.21057765e-06,4.271327551e-08,1.87306703e-07,6.266718562e-09,1.068962609e-05,1.702495409e-07,2.249582982e-07,8.962805872e-09,2.220098725e-07,9.958792835e-10,2.887303898e-06,1.759174359e-07,0.01482288425
1148.0,4.166873509e-07,1.388115944e-08,1.160644941e-06,4.190985092e-08,1.817270976e-07,6.118726103e-09,1.096389076e-05,1.537337319e-07,2.251801362e-07,8.984077699e-09,2.220810289e-07,9.946202385e-10,2.607216948e-06,1.031844043e-07,0.01482298743
1149.0,4.515225702e-07,1.403790298e-08,1.232706913e-06,4.224003656e-08,1.92722993e-07,6.269892375e-09,1.282495721e-05,1.875212637e-07,2.252646018e-07,8.996628425e-09,2.21655392e-07,9.942427764e-10,3.180203394e-06,1.963729406e-08,0.01482300707
1150.0,4.487128719e-07,1.36285779e-08,1.175006563e-06,4.067000455e-08,1.868008615e-07,6.118700387e-09,1.126983625e-05,1.756380483e-07,2.251733138e-07,9.015512507e-09,2.214130227e-07,9.919452147e-10,2.978687189e-06,1.971498572e-07,0.01482320422
1151.0,4.27940042e-07,1.367399044e-08,1.147939133e-06,4.17325597e-08,1.852193641e-07,6.117634259e-09,1.193248601e-05,1.719784705e-07,2.248455176e-07,9.021869197e-09,2.210643335e-07,9.912155545e-10,2.916641719e-06,1.131026583e-07,0.01482331732
1152.0,4.425982043e-07,1.349812332e-08,1.231140933e-06,4.161359453e-08,1.924842933e-07,6.200763184e-09,1.237911437e-05,1.982301439e-07,2.243645591e-07,9.03379168e-09,2.206124088e-07,9.895540485e-10,3.361827119e-06,2.965031362e-08,0.01482334697
1153.0,4.296774807e-07,1.308956541e-08,1.157778749e-06,4.015761314e-08,1.821379927e-07,6.033482314e-09,1.046847839e-05,1.636084803e-07,2.237282049e-07,9.030828167e-09,2.199614319e-07,9.881456271e-10,2.774673675e-06,2.159379131e-07,0.01482356291
1154.0,4.276079271e-07,1.325103359e-08,1.138654817e-06,4.035595766e-08,1.840629954e-07,6.030255024e-09,1.22332957e-05,1.631561125e-07,2.230446798e-07,9.035375328e-09,2.197211015e-07,9.858819845e-10,2.76700146e-06,1.388251731e-07,0.01482370173
1155.0,4.404675046e-07,1.298906614e-08,1.192486698e-06,4.099082737e-08,1.893803864e-07,6.0854428e-09,1.192419497e-05,1.770378069e-07,2.218986357e-07,9.022593386e-09,2.187433351e-07,9.84892086e-10,3.002426465e-06,2.95015101e-08,0.01482373124
1156.0,4.241741124e-07,1.257596119e-08,1.132025965e-06,4.023594971e-08,1.822534215e-07,5.978885262e-09,1.056591754e-05,1.598789311e-07,2.207588259e-07,9.016922551e-09,2.180549648e-07,9.811566892e-10,2.711429817e-06,1.726115656e-07,0.01482390385
1157.0,4.024372777e-07,1.273444438e-08,1.120113603e-06,4.146961779e-08,1.778614668e-07,6.047756569e-09,1.102462957e-05,1.549932533e-07,2.19301992e-07,8.99328258e-09,2.170291631e-07,9.791974127e-10,2.628578919e-06,7.72045328e-08,0.01482398105
1158.0,4.093785437e-07,1.256784849e-08,1.187869592e-06,4.20123162e-08,1.814792835e-07,6.094143583e-09,1.202505414e-05,1.878498058e-07,2.177876308e-07,8.971697723e-09,2.162448256e-07,9.760757157e-10,3.185792832e-06,-2.992142264e-08,0.01482395113
1159.0,4.318169538e-07,1.251455629e-08,1.175285075e-06,4.188311413e-08,1.842617487e-07,6.129154482e-09,1.137343822e-05,1.60452229e-07,2.162005575e-07,8.932818098e-09,2.151415544e-07,9.729892864e-10,2.721150741e-06,1.38738487e-07,0.01482408987
1160.0,4.13361683e-07,1.240473134e-08,1.175468983e-06,4.254476351e-08,1.870117973e-07,6.095886023e-09,1.1600539e-05,1.46183132e-07,2.145553005e-07,8.894876963e-09,2.142424492e-07,9.686871492e-10,2.479154653e-06,5.178688389e-08,0.01482414166
1161.0,4.268100188e-07,1.247972725e-08,1.219811771e-06,4.315621861e-08,1.912403297e-07,6.178153517e-09,1.22445347e-05,1.905049219e-07,2.12466835e-07,8.836545326e-09,2.12842067e-07,9.651215539e-10,3.230818604e-06,-7.813012026e-08,0.01482406353
1162.0,4.156628929e-07,1.20136465e-08,1.186730896e-06,4.311384909e-08,1.839583233e-07,6.144469445e-09,1.059610184e-05,1.601481812e-07,2.105164267e-07,8.7843226e-09,2.116751261e-07,9.590744157e-10,2.71599701e-06,8.726170984e-08,0.01482415079
1163.0,3.805096265e-07,1.20639998e-08,1.154389662e-06,4.451965805e-08,1.792450725e-07,6.166057277e-09,1.159183859e-05,1.603946673e-07,2.085870694e-07,8.718903641e-09,2.103841996e-07,9.542736527e-10,2.720190929e-06,1.422358879e-08,0.01482416501
1164.0,4.224511306e-07,1.223625048e-08,1.25211143e-06,4.517320329e-08,1.930658826e-07,6.324313722e-09,1.302604103e-05,1.882173438e-07,2.063947831e-07,8.655201919e-09,2.091051453e-07,9.480886135e-10,3.192021367e-06,-8.222271786e-08,0.01482408279
1165.0,4.16169918e-07,1.18335528e-08,1.20045267e-06,4.432145316e-08,1.854270254e-07,6.190503583e-09,1.014470645e-05,1.607524213e-07,2.041203939e-07,8.57358461e-09,2.076896142e-07,9.417310341e-10,2.726241551e-06,8.965812981e-08,0.01482417245
1166.0,3.927710942e-07,1.18235518e-08,1.190644718e-06,4.48455057e-08,1.879664623e-07,6.137902601e-09,1.141308629e-05,1.395683503e-07,2.020569109e-07,8.501113596e-09,2.067302825e-07,9.349668195e-10,2.366980852e-06,9.16201827e-09,0.01482418161
1167.0,4.132985898e-07,1.185193779e-08,1.249488552e-06,4.545281887e-08,1.954503468e-07,6.251072976e-09,1.230362445e-05,1.924497616e-07,1.999197239e-07,8.412686049e-09,2.053770198e-07,9.286307616e-10,3.263803838e-06,-1.025739517e-07,0.01482407903
1168.0,4.078163205e-07,1.162315423e-08,1.224768716e-06,4.528472645e-08,1.870118845e-07,6.199342433e-09,1.049234349e-05,1.533338935e-07,1.979157383e-07,8.333667957e-09,2.042407971e-07,9.201307347e-10,2.600431458e-06,9.060479822e-08,0.01482416964
1169.0,3.876620176e-07,1.164233247e-08,1.203785578e-06,4.652673082e-08,1.842311382e-07,6.211226256e-09,1.16118354e-05,1.535660547e-07,1.960644348e-07,8.247608668e-09,2.031975555e-07,9.124707116e-10,2.604381921e-06,2.591856407e-08,0.01482419556
1170.0,4.090041114e-07,1.168898476e-08,1.278843659e-06,4.677767136e-08,1.900126453e-07,6.281255509e-09,1.229686672e-05,1.79066919e-07,1.943952344e-07,8.171894707e-09,2.021739497e-07,9.043638017e-10,3.036844873e-06,-7.185708308e-08,0.0148241237
1171.0,3.965128927e-07,1.133729812e-08,1.215180974e-06,4.577100961e-08,1.824934235e-07,6.161122852e-09,1.056911412e-05,1.620788383e-07,1.931515628e-07,8.093161046e-09,2.011085689e-07,8.959021631e-10,2.748740839e-06,9.686906775e-08,0.01482422057
1172.0,3.914260602e-07,1.15410902e-08,1.218306893e-06,4.598408804e-08,1.883321404e-07,6.182728604e-09,1.14850612e-05,1.511153588e-07,1.920692441e-07,8.026581024e-09,2.003333378e-07,8.874215137e-10,2.562809383e-06,1.621692143e-08,0.01482423679
1173.0,4.050678182e-07,1.14090134e-08,1.268134278e-06,4.632204739e-08,1.92962811e-07,6.200148464e-09,1.208161919e-05,1.842617679e-07,1.909890773e-07,7.952012513e-09,1.993723147e-07,8.797021377e-10,3.124944864e-06,-9.597817526e-08,0.01482414081
1174.0,4.005407524e-07,1.114877333e-08,1.237351024e-06,4.588340383e-08,1.863379827e-07,6.118545019e-09,1.072023032e-05,1.435099174e-07,1.901789122e-07,7.890870877e-09,1.986341609e-07,8.704108037e-10,2.433826713e-06,5.638921599e-08,0.0148241972
1175.0,3.861838199e-07,1.134803121e-08,1.209397148e-06,4.685190411e-08,1.833949083e-07,6.178190294e-09,1.177281282e-05,1.451669418e-07,1.896339618e-07,7.821953582e-09,1.977201735e-07,8.621464248e-10,2.461940683e-06,-1.050316658e-08,0.01482418669
1176.0,4.05689776e-07,1.13080109e-08,1.281431222e-06,4.670673649e-08,1.906064605e-07,6.243578703e-09,1.29590976e-05,1.856683065e-07,1.887987965e-07,7.763066169e-09,1.968717001e-07,8.532617835e-10,3.148800295e-06,-1.335375334e-07,0.01482405316
1177.0,4.00720987e-07,1.108246005e-08,1.224351043e-06,4.548969209e-08,1.840309824e-07,6.080802183e-09,1.024708916e-05,1.579589777e-07,1.882103889e-07,7.700815571e-09,1.959010524e-07,8.443899296e-10,2.678873025e-06,3.887120639e-08,0.01482409203
1178.0,3.769264707e-07,1.107697813e-08,1.198318939e-06,4.536398789e-08,1.845504592e-07,6.030339268e-09,1.148074943e-05,1.475463914e-07,1.878150781e-07,7.657626837e-09,1.953637196e-07,8.358538933e-10,2.502287141e-06,-5.670263556e-08,0.01482403533
1179.0,4.06527085e-07,1.12910832e-08,1.266257835e-06,4.559232086e-08,1.91823795e-07,6.105263212e-09,1.271047195e-05,1.883549781e-07,1.875639102e-07,7.606089786e-09,1.945231483e-07,8.280820182e-10,3.194362634e-06,-1.661590817e-07,0.01482386917
1180.0,4.200860407e-07,1.120418507e-08,1.222501714e-06,4.466426643e-08,1.873372978e-07,6.035136702e-09,1.100851349e-05,1.638171322e-07,1.87242737e-07,7.572718159e-09,1.936367026e-07,8.185059573e-10,2.778220939e-06,6.568158073e-09,0.01482387573
1181.0,3.846859073e-07,1.110502544e-08,1.187094288e-06,4.52620162e-08,1.814063217e-07,5.969617155e-09,1.170125414e-05,1.51053872e-07,1.870019824e-07,7.530736006e-09,1.928111218e-07,8.097522448e-10,2.561782313e-06,-1.028482946e-07,0.01482377289
1182.0,3.934646627e-07,1.098545249e-08,1.235760036e-06,4.446258639e-08,1.850801099e-07,5.974357793e-09,1.220152413e-05,1.819080826e-07,1.867357614e-07,7.502558186e-09,1.917360606e-07,8.011844446e-10,3.085034635e-06,-2.153344318e-07,0.01482355755
1183.0,3.825057365e-07,1.09409723e-08,1.165672156e-06,4.331469849e-08,1.744128292e-07,5.859770477e-09,1.054755126e-05,1.680404249e-07,1.866692068e-07,7.465139851e-09,1.907632469e-07,7.92425621e-10,2.849848817e-06,-3.580140146e-08,0.01482352175
1184.0,3.80978227e-07,1.120090598e-08,1.171201686e-06,4.32100328e-08,1.813381345e-07,5.890747536e-09,1.190215721e-05,1.594914673e-07,1.865814756e-07,7.445676024e-09,1.901868091e-07,7.840518168e-10,2.704862046e-06,-1.028406959e-07,0.01482341891
1185.0,4.185437712e-07,1.135918445e-08,1.224836768e-06,4.325219688e-08,1.914449776e-07,5.900770078e-09,1.261582519e-05,1.876313321e-07,1.8631366e-07,7.411277623e-09,1.891030823e-07,7.757175785e-10,3.182092108e-06,-1.899856977e-07,0.01482322892
1186.0,4.057214226e-07,1.112654784e-08,1.171326809e-06,4.233317735e-08,1.793747082e-07,5.764818796e-09,1.084753271e-05,1.624173782e-07,1.858164432e-07,7.387972731e-09,1.882807459e-07,7.665908936e-10,2.754488526e-06,-4.598196716e-08,0.01482318294
1187.0,3.768738558e-07,1.126951843e-08,1.150832101e-06,4.300089222e-08,1.720862857e-07,5.783378216e-09,1.146776325e-05,1.572843089e-07,1.854334332e-07,7.351982129e-09,1.872161295e-07,7.581352832e-10,2.667446395e-06,-1.080644126e-07,0.01482307488
1188.0,3.930137148e-07,1.130247747e-08,1.194854881e-06,4.220116696e-08,1.790452883e-07,5.746714629e-09,1.25566846e-05,1.941090857e-07,1.848851875e-07,7.324280747e-09,1.860502738e-07,7.498133962e-10,3.291951826e-06,-1.934169643e-07,0.01482288146
1189.0,4.051870016e-07,1.131325096e-08,1.162431954e-06,4.144785072e-08,1.773510781e-07,5.709957121e-09,1.109843779e-05,1.612810468e-07,1.842391044e-07,7.281810071e-09,1.850615929e-07,7.40844297e-10,2.735213859e-06,-4.39109578e-08,0.01482283755
1190.0,3.820086853e-07,1.123601534e-08,1.128869692e-06,4.113699832e-08,1.768157293e-07,5.608189913e-09,1.117631699e-05,1.407955696e-07,1.833432625e-07,7.24784845e-09,1.841784094e-07,7.329623184e-10,2.387795764e-06,-1.001060171e-07,0.01482273744
1191.0,4.100672631e-07,1.146593413e-08,1.185596358e-06,4.150259957e-08,1.828230541e-07,5.688759631e-09,1.317001499e-05,1.937632449e-07,1.823790571e-07,7.202074899e-09,1.830009763e-07,7.25024935e-10,3.286084556e-06,-2.027642298e-07,0.01482253468
1192.0,4.152562843e-07,1.145488386e-08,1.153699024e-06,4.087596825e-08,1.782184842e-07,5.586585476e-09,1.079750664e-05,1.595850881e-07,1.811068745e-07,7.160103049e-09,1.817425258e-07,7.15805285e-10,2.706453277e-06,-3.750821492e-08,0.01482249717
1193.0,3.793694875e-07,1.152189437e-08,1.118891926e-06,4.206075575e-08,1.702396573e-07,5.649731709e-09,1.155552363e-05,1.578562955e-07,1.796711276e-07,7.103196915e-09,1.806244258e-07,9.98157981e-09,2.677146587e-06,-9.623610024e-08,0.01482240094
1194.0,3.94562993e-07,1.149092956e-08,1.189022769e-06,4.169119741e-08,1.754502882e-07,5.64328794e-09,1.271165057e-05,1.773927649e-07,1.786237484e-07,7.043806455e-09,1.829466159e-07,7.072685374e-10,3.00845623e-06,-2.014644553e-07,0.01482219947
1195.0,3.947017294e-07,1.14665193e-08,1.13683387e-06,4.09541283e-08,1.695650115e-07,5.544689773e-09,1.074871014e-05,1.78995146e-07,1.780144348e-07,6.992557754e-09,1.821508207e-07,9.98333369e-09,3.035634089e-06,-8.489780455e-09,0.01482219098
1196.0,4.133324802e-07,1.186153271e-08,1.151155595e-06,4.153388048e-08,1.833762595e-07,5.641124652e-09,1.312361872e-05,1.657689299e-07,1.773410681e-07,6.92481867e-09,1.852725761e-07,6.970988007e-10,2.811322063e-06,-5.903215256e-08,0.01482213195
1197.0,4.204027102e-07,1.167970481e-08,1.184868592e-06,4.130145126e-08,1.862540386e-07,5.572368811e-09,1.205251759e-05,1.837801283e-07,1.766872822e-07,6.868573876e-09,1.840425302e-07,9.949828307e-09,3.116776149e-06,-1.652508207e-07,0.0148219667
1198.0,3.982959464e-07,1.160085615e-08,1.135361598e-06,4.120767941e-08,1.720734322e-07,5.504759813e-09,1.070018034e-05,1.682577307e-07,1.760550682e-07,6.793924224e-09,1.867730934e-07,6.856860173e-10,2.853539209e-06,1.047258283e-08,0.01482197717
1199.0,3.762071413e-07,1.163492639e-08,1.130987494e-06,4.263623837e-08,1.716622559e-07,5.598915784e-09,1.190223113e-05,1.650339373e-07,1.753771294e-07,6.727788453e-09,1.853785224e-07,9.890291389e-09,2.798869054e-06,-5.731340265e-08,0.01482191986
1200.0,3.942809878e-07,1.171000256e-08,1.190631284e-06,4.216713643e-08,1.780285344e-07,5.55159708e-09,1.214874417e-05,1.958167356e-07,1.744478789e-07,6.641705558e-09,1.878930667e-07,9.965018844e-09,3.320908975e-06,-1.348665657e-07,0.01482178499
1201.0,4.302215606e-07,1.193318139e-08,1.193491427e-06,4.258818166e-08,1.824895027e-07,5.655148177e-09,1.296419274e-05,1.78270689e-07,1.744469801e-07,6.564918041e-09,1.912711777e-07,6.720291373e-10,3.023336115e-06,7.439483728e-08,0.01482185939
1202.0,4.08008642e-07,1.173252665e-08,1.17780505e-06,4.230104439e-08,1.828260697e-07,5.490531317e-09,1.141455517e-05,1.675446407e-07,1.736040284e-07,6.497550355e-09,1.893319254e-07,9.882596391e-09,2.841447689e-06,4.533961471e-10,0.01482185984
1203.0,4.156825364e-07,1.177514237e-08,1.2084479e-06,4.215889149e-08,1.819370543e-07,5.506718015e-09,1.245240468e-05,1.783318353e-07,1.730751936e-07,6.409752718e-09,1.919439742e-07,9.951067891e-09,3.024376366e-06,-1.095267828e-07,0.01482175031
1204.0,4.120131415e-07,1.152001517e-08,1.167581648e-06,4.178511084e-08,1.782929089e-07,5.368932901e-09,1.085228605e-05,1.476371542e-07,1.733688678e-07,6.351555955e-09,1.9513259e-07,6.578012187e-10,2.503822163e-06,6.373029742e-08,0.01482181404
1205.0,3.845995625e-07,1.159541293e-08,1.13223297e-06,4.302545311e-08,1.727668264e-07,5.420490697e-09,1.138020503e-05,1.528457198e-07,1.730253115e-07,6.28458209e-09,1.929406333e-07,9.855680945e-09,2.592166512e-06,8.972332245e-09,0.01482182301
1206.0,4.082877513e-07,1.172160891e-08,1.225888694e-06,4.345224094e-08,1.810219121e-07,5.523813928e-09,1.3095311e-05,1.864302214e-07,1.72435161e-07,6.212352211e-09,1.954155072e-07,9.924437995e-09,3.161714629e-06,-1.059966938e-07,0.01482171702
1207.0,4.200049228e-07,1.171391308e-08,1.186026779e-06,4.216314325e-08,1.814224533e-07,5.391920619e-09,1.119357526e-05,1.661354619e-07,1.731808881e-07,6.15717412e-09,1.989393498e-07,6.441662319e-10,2.81754232e-06,7.005252832e-08,0.01482178707
1208.0,3.993419101e-07,1.154878668e-08,1.164498941e-06,4.214239269e-08,1.78769103e-07,5.35342302e-09,1.145093158e-05,1.438325257e-07,1.730555368e-07,6.116516345e-09,1.96445405e-07,9.838729733e-09,2.439304162e-06,1.673425054e-08,0.01482180381
1209.0,4.207351037e-07,1.169795721e-08,1.227565366e-06,4.271267021e-08,1.858434858e-07,5.406000714e-09,1.311109113e-05,1.785085198e-07,1.728178544e-07,6.055679663e-09,1.98784803e-07,9.91411095e-09,3.027368309e-06,-8.337057387e-08,0.01482172043
1210.0,4.060411653e-07,1.1359161e-08,1.149779854e-06,4.123228184e-08,1.743042833e-07,5.227651184e-09,1.027341316e-05,1.612629545e-07,1.742079466e-07,6.040471486e-09,2.0252417e-07,1.00387275e-08,2.734907002e-06,9.685527042e-08,0.01482181729
1211.0,4.045060949e-07,1.170758843e-08,1.149179413e-06,4.263722961e-08,1.774837086e-07,5.32553943e-09,1.267832059e-05,1.527520165e-07,1.763037552e-07,6.029108065e-09,2.069494896e-07,1.016925642e-08,2.590574992e-06,6.628700621e-08,0.01482188358
1212.0,4.230537885e-07,1.14871695e-08,1.23471569e-06,4.261141207e-08,1.910120891e-07,5.337330947e-09,1.26408883e-05,1.988998354e-07,1.786037234e-07,6.031457524e-09,2.112470547e-07,1.031435588e-08,3.373190009e-06,-5.662018933e-08,0.01482182696
1213.0,4.152491578e-07,1.126487383e-08,1.159353778e-06,4.086635066e-08,1.819071778e-07,5.190040975e-09,1.022128209e-05,1.512160877e-07,1.817031813e-07,6.050091176e-09,2.163267718e-07,1.047519194e-08,2.56451684e-06,1.278690741e-07,0.01482195483
1214.0,3.888935128e-07,1.11394769e-08,1.132550612e-06,4.075460285e-08,1.773017233e-07,5.140692216e-09,1.146786479e-05,1.50248142e-07,1.856098035e-07,6.085351341e-09,2.219086868e-07,1.066363205e-08,2.548106027e-06,5.572636257e-08,0.01482201055
1215.0,4.203254031e-07,1.126166327e-08,1.204074489e-06,4.111110386e-08,1.902663108e-07,5.213580707e-09,1.257717702e-05,1.801242564e-07,1.895829772e-07,6.128205872e-09,2.274604865e-07,1.084851845e-08,3.054775243e-06,-9.899881182e-09,0.01482200065
1216.0,4.338938118e-07,1.122367747e-08,1.148853643e-06,4.02834586e-08,1.854285197e-07,5.152787912e-09,1.158296003e-05,1.538761306e-07,1.936312753e-07,6.173385689e-09,2.330259731e-07,1.10517518e-08,2.609627614e-06,1.645289509e-07,0.01482216518
1217.0,4.135851627e-07,1.131059241e-08,1.137046998e-06,4.131490718e-08,1.826273004e-07,5.190713929e-09,1.163509602e-05,1.581103267e-07,1.97700158e-07,6.232020815e-09,2.389164506e-07,1.124134659e-08,2.681447243e-06,1.03371602e-07,0.01482226855
1218.0,4.217511362e-07,1.110492337e-08,1.196715073e-06,4.079519183e-08,1.898716925e-07,5.183930834e-09,1.232510763e-05,1.910204608e-07,2.019044049e-07,6.289029702e-09,2.440572126e-07,1.145275537e-08,3.239561762e-06,-6.888138073e-09,0.01482226166
1219.0,4.293086187e-07,1.098709982e-08,1.163840475e-06,3.975875861e-08,1.896011748e-07,5.109994242e-09,1.114598715e-05,1.48743674e-07,2.060365515e-07,6.362589761e-09,2.49788722e-07,1.163908665e-08,2.522589904e-06,1.701808487e-07,0.01482243185
1220.0,4.029735977e-07,1.07985531e-08,1.115594379e-06,3.89550898e-08,1.843887777e-07,5.044815652e-09,1.108850878e-05,1.441927098e-07,2.103909423e-07,6.428606858e-09,2.549966664e-07,1.185471166e-08,2.445409277e-06,1.006416048e-07,0.01482253249
1221.0,4.396176889e-07,1.12671121e-08,1.161116172e-06,3.949370575e-08,1.944470661e-07,5.209211963e-09,1.347164334e-05,1.916040162e-07,2.145031385e-07,6.505407189e-09,2.603179011e-07,1.203357381e-08,3.249454345e-06,-1.007966098e-08,0.01482252241
1222.0,4.401452014e-07,1.09711195e-08,1.113330001e-06,3.829283802e-08,1.906346438e-07,5.107720651e-09,1.123213747e-05,1.567968285e-07,2.1840198e-07,6.579883757e-09,2.652315311e-07,1.223655562e-08,2.659166319e-06,1.525760269e-07,0.01482267498
1223.0,4.107907252e-07,1.089039419e-08,1.082705075e-06,3.921781754e-08,1.882400132e-07,5.080750014e-09,1.191520573e-05,1.626197023e-07,2.224377099e-07,6.653978113e-09,2.703695796e-07,1.241406708e-08,2.757931196e-06,8.173850865e-08,0.01482275672
1224.0,4.443649471e-07,1.114243337e-08,1.198011484e-06,3.934219566e-08,2.004227548e-07,5.216848063e-09,1.307513881e-05,1.921387062e-07,2.261713802e-07,6.731349333e-09,2.751526153e-07,1.262010755e-08,3.258523174e-06,-2.627856678e-08,0.01482273044
1225.0,4.352545272e-07,1.056439601e-08,1.120769504e-06,3.743279173e-08,1.938624528e-07,5.039342228e-09,1.044294262e-05,1.635443859e-07,2.298297236e-07,6.805348388e-09,2.799530209e-07,1.279648664e-08,2.773595114e-06,1.614432677e-07,0.01482289189
1226.0,4.356234226e-07,1.081540049e-08,1.096195463e-06,3.758197233e-08,1.949424023e-07,5.053929885e-09,1.255097142e-05,1.535585678e-07,2.33380287e-07,6.880892009e-09,2.846678619e-07,1.298818202e-08,2.604250019e-06,9.564084995e-08,0.01482298753
1227.0,4.483650338e-07,1.067791506e-08,1.142057961e-06,3.770758185e-08,2.032251223e-07,5.10540197e-09,1.247361728e-05,1.890361708e-07,2.36562992e-07,6.946927186e-09,2.890563145e-07,1.315238176e-08,3.205912166e-06,-3.759587588e-09,0.01482298377
1228.0,4.403151342e-07,1.054736658e-08,1.069977723e-06,3.672570132e-08,1.949059947e-07,5.033785583e-09,1.118385489e-05,1.588832336e-07,2.394845256e-07,7.016116197e-09,2.93302933e-07,1.333175331e-08,2.694553457e-06,1.40893768e-07,0.01482312466
1229.0,4.170245998e-07,1.065395916e-08,1.059728732e-06,3.829792734e-08,1.921725207e-07,5.083383147e-09,1.179804617e-05,1.622281951e-07,2.423388254e-07,7.07359841e-09,2.977660667e-07,1.348990232e-08,2.751288701e-06,5.393949828e-08,0.0148231786
1230.0,4.319455165e-07,1.05970798e-08,1.145252954e-06,3.872523576e-08,2.002371805e-07,5.178954909e-09,1.289296914e-05,1.963346188e-07,2.450849962e-07,7.138218537e-09,3.019397861e-07,1.367730437e-08,3.329689771e-06,-3.458323516e-08,0.01482314402
1231.0,4.585589409e-07,1.065867109e-08,1.112247584e-06,3.781888389e-08,2.027812421e-07,5.094132911e-09,1.182278117e-05,1.569738105e-07,2.47627096e-07,7.187746949e-09,3.061608349e-07,1.382322231e-08,2.662160615e-06,1.644166115e-07,0.01482330843
1232.0,4.466108219e-07,1.064081511e-08,1.113796237e-06,3.850406703e-08,2.024360079e-07,5.122561435e-09,1.195023218e-05,1.550156091e-07,2.499161513e-07,7.24311064e-09,3.104802263e-07,1.400826524e-08,2.628962236e-06,1.02319787e-07,0.01482341075
1233.0,4.602685874e-07,1.077000953e-08,1.171473613e-06,3.901229564e-08,2.089123553e-07,5.178369993e-09,1.297392389e-05,1.9137786e-07,2.520164533e-07,7.282107174e-09,3.143089129e-07,1.414726456e-08,3.245630091e-06,-6.43093048e-09,0.01482340432
1234.0,4.562754704e-07,1.040080398e-08,1.115599593e-06,3.837084276e-08,2.038667253e-07,5.104354906e-09,1.099069733e-05,1.542717409e-07,2.539066391e-07,7.326489786e-09,3.181909303e-07,1.431098956e-08,2.616343696e-06,1.416676368e-07,0.01482354599
1235.0,4.305622698e-07,1.06721298e-08,1.088079514e-06,3.981094769e-08,2.016555366e-07,5.204105735e-09,1.162040315e-05,1.580386938e-07,2.556949438e-07,7.352332715e-09,3.220390838e-07,1.443745919e-08,2.680238439e-06,9.333819066e-08,0.01482363933
1236.0,4.458108724e-07,1.058369092e-08,1.169553515e-06,4.073289701e-08,2.093435339e-07,5.26998753e-09,1.319401201e-05,1.847239688e-07,2.571503886e-07,7.380759665e-09,3.256141344e-07,1.459398392e-08,3.132781393e-06,-3.785460863e-08,0.01482360147
1237.0,4.580747191e-07,1.047103936e-08,1.126218307e-06,3.971554119e-08,2.102863625e-07,5.21632275e-09,1.079675802e-05,1.567914431e-07,2.585351625e-07,7.391628978e-09,3.291614183e-07,1.471134802e-08,2.659071099e-06,1.290089555e-07,0.01482373048
1238.0,4.203125107e-07,1.042647888e-08,1.093883375e-06,3.997724182e-08,2.004669485e-07,5.158006169e-09,1.14852644e-05,1.479043405e-07,2.598885721e-07,7.408899803e-09,3.330685368e-07,1.486024509e-08,2.508357243e-06,5.022033556e-08,0.0148237807
1239.0,4.749203324e-07,1.076726625e-08,1.223361567e-06,4.171100866e-08,2.242256586e-07,5.375824008e-09,1.354592789e-05,1.940837361e-07,2.610199941e-07,7.406971471e-09,3.362591389e-07,1.497193511e-08,3.291527766e-06,-4.949819749e-08,0.01482373121
1240.0,4.655892614e-07,1.043770032e-08,1.168423261e-06,4.136528559e-08,2.135185028e-07,5.312243805e-09,1.065583168e-05,1.579919171e-07,2.618853588e-07,7.410179095e-09,3.397152414e-07,1.509394766e-08,2.679437395e-06,1.118643975e-07,0.01482384307
1241.0,4.347316284e-07,1.05773196e-08,1.13240548e-06,4.244653745e-08,2.049775933e-07,5.284637672e-09,1.194493959e-05,1.46427356e-07,2.629414781e-07,7.400132188e-09,3.43066067e-07,1.521214957e-08,2.483310575e-06,3.743399313e-08,0.0148238805
1242.0,4.694597927e-07,1.063630397e-08,1.214220493e-06,4.32749637e-08,2.207142157e-07,5.415222561e-09,1.350645146e-05,1.929299258e-07,2.639558467e-07,7.396408212e-09,3.461975896e-07,1.532231916e-08,3.271948795e-06,-7.50956279e-08,0.01482380541
1243.0,4.718572856e-07,1.06594829e-08,1.186173641e-06,4.277239552e-08,2.185408959e-07,5.417575533e-09,1.150979136e-05,1.707934996e-07,2.648267479e-07,7.373975693e-09,3.491077054e-07,1.54178618e-08,2.896548258e-06,1.111565195e-07,0.01482391656
1244.0,4.395386911e-07,1.053091733e-08,1.149070452e-06,4.242000937e-08,2.136118509e-07,5.303651391e-09,1.103600317e-05,1.578920032e-07,2.657630548e-07,7.366685569e-09,3.526097039e-07,1.553786938e-08,2.677740444e-06,3.57993243e-09,0.01482392014
1245.0,4.615997512e-07,1.075103574e-08,1.208721219e-06,4.378470488e-08,2.217660268e-07,5.448834744e-09,1.283666994e-05,1.886460601e-07,2.668269308e-07,7.346883293e-09,3.554539785e-07,1.56316249e-08,3.199303227e-06,-1.194693586e-07,0.01482380068
1246.0,4.591921945e-07,1.048740614e-08,1.178580166e-06,4.344709928e-08,2.157955335e-07,5.38442583e-09,1.103293436e-05,1.554851977e-07,2.680514213e-07,7.348207305e-09,3.589607518e-07,1.574209771e-08,2.63692667e-06,4.605340367e-08,0.01482384673
1247.0,4.603689033e-07,1.0918515e-08,1.187654746e-06,4.500838886e-08,2.191262671e-07,5.505911793e-09,1.236165439e-05,1.621469968e-07,2.694876958e-07,7.335232986e-09,3.620037505e-07,1.583939804e-08,2.749913612e-06,2.259291858e-08,0.01482386932
1248.0,4.829760149e-07,1.083990252e-08,1.283704928e-06,4.543980766e-08,2.290280504e-07,5.514163629e-09,1.334368319e-05,1.912702798e-07,2.707932274e-07,7.342339631e-09,3.652848072e-07,1.595093507e-08,3.243805333e-06,-8.575492055e-08,0.01482378357
1249.0,4.877167342e-07,1.063021868e-08,1.239573148e-06,4.428556663e-08,2.280283786e-07,5.420546638e-09,1.130263878e-05,1.5531908e-07,2.722470299e-07,7.336721425e-09,3.679831154e-07,1.604409937e-08,2.634103854e-06,7.763010267e-08,0.0148238612
1250.0,4.487687345e-07,1.05138509e-08,1.186623847e-06,4.4124375e-08,2.192942071e-07,5.348638932e-09,1.126554601e-05,1.483659308e-07,2.739497664e-07,7.350836665e-09,3.713865404e-07,1.615756691e-08,2.516195402e-06,9.816764956e-09,0.01482387101
1251.0,4.790313029e-07,1.088253377e-08,1.249720195e-06,4.501066899e-08,2.31074381e-07,5.50328801e-09,1.352681137e-05,1.842823692e-07,2.757930523e-07,7.358777108e-09,3.740170364e-07,1.625521991e-08,3.125297052e-06,-9.770007524e-08,0.01482377331
1252.0,4.810033204e-07,1.052667591e-08,1.201036713e-06,4.40035422e-08,2.251255766e-07,5.367788818e-09,1.07473173e-05,1.448487072e-07,2.775194764e-07,7.37537368e-09,3.772929973e-07,1.635794899e-08,2.456538849e-06,4.916030339e-08,0.01482382247
1253.0,4.541503847e-07,1.067564427e-08,1.178849479e-06,4.534111417e-08,2.179143593e-07,5.411935714e-09,1.215722608e-05,1.548762378e-07,2.79618361e-07,7.398635233e-09,3.80149593e-07,1.646818919e-08,2.626605621e-06,-4.613133984e-08,0.01482377634
1254.0,4.808657437e-07,1.067383003e-08,1.275622369e-06,4.524422661e-08,2.313527833e-07,5.462136273e-09,1.329361978e-05,1.889760361e-07,2.817718275e-07,7.428674761e-09,3.834335368e-07,1.657707017e-08,3.204903798e-06,-1.614831864e-07,0.01482361486
1255.0,4.944871349e-07,1.070279616e-08,1.244443101e-06,4.460508473e-08,2.281969391e-07,5.405576502e-09,1.122317453e-05,1.675639811e-07,2.841946192e-07,7.468336501e-09,3.862754895e-07,1.669630351e-08,2.841770567e-06,4.850953104e-08,0.01482366337
1256.0,4.707391467e-07,1.060647198e-08,1.199733592e-06,4.373281115e-08,2.252885148e-07,5.288075928e-09,1.210325046e-05,1.38789995e-07,2.866004635e-07,7.508972159e-09,3.898737687e-07,1.681765945e-08,2.353787333e-06,-5.466110879e-08,0.01482360871
1257.0,5.009816902e-07,1.086520059e-08,1.255544388e-06,4.434118801e-08,2.362247929e-07,5.423519969e-09,1.328913528e-05,1.849526935e-07,2.892104614e-07,7.564824324e-09,3.924329717e-07,1.692531354e-08,3.136666102e-06,-1.520540237e-07,0.01482345665
1258.0,4.920000939e-07,1.069468427e-08,1.200839031e-06,4.319183789e-08,2.260111396e-07,5.38733907e-09,1.092420036e-05,1.488156717e-07,2.915388257e-07,7.620394856e-09,3.956123481e-07,1.703039889e-08,2.523822017e-06,-4.80296889e-09,0.01482345185
1259.0,4.645703105e-07,1.086361763e-08,1.16857361e-06,4.370901357e-08,2.256632004e-07,5.418586186e-09,1.201445677e-05,1.581930334e-07,2.943621904e-07,7.690460513e-09,3.982722699e-07,1.714321707e-08,2.682850214e-06,-9.274443147e-08,0.01482335911
1260.0,4.812915618e-07,1.07430262e-08,1.227936223e-06,4.347041326e-08,2.310881053e-07,5.407605446e-09,1.268065087e-05,1.889908395e-07,2.967362036e-07,7.753434465e-09,4.015259215e-07,1.726387159e-08,3.205157415e-06,-1.99976375e-07,0.01482315913
1261.0,4.865021389e-07,1.071675894e-08,1.188321315e-06,4.220456389e-08,2.28247032e-07,5.327674943e-09,1.140515255e-05,1.685467414e-07,2.99557084e-07,7.828490041e-09,4.042406826e-07,1.738954312e-08,2.858437296e-06,1.636598099e-10,0.01482315929
1262.0,4.821480503e-07,1.085845466e-08,1.176906727e-06,4.233288945e-08,2.270195821e-07,5.366919039e-09,1.227058122e-05,1.509211418e-07,3.019833428e-07,7.896317495e-09,4.079500903e-07,1.751538352e-08,2.559523748e-06,-4.570907461e-08,0.01482311358
1263.0,5.212667734e-07,1.105686317e-08,1.258163497e-06,4.240101759e-08,2.433800602e-07,5.486876643e-09,1.385296657e-05,1.889522476e-07,3.046100683e-07,7.971992791e-09,4.103329887e-07,1.763336511e-08,3.204501265e-06,-1.268947686e-07,0.01482298669
1264.0,5.079950746e-07,1.082328973e-08,1.175946873e-06,4.100692532e-08,2.347761657e-07,5.304430617e-09,1.080058401e-05,1.525743659e-07,3.06554294e-07,8.033015099e-09,4.133974932e-07,1.77396229e-08,2.587562317e-06,1.209972344e-08,0.01482299879
1265.0,4.691503252e-07,1.091140694e-08,1.120032964e-06,4.175954272e-08,2.254177289e-07,5.378489007e-09,1.165062372e-05,1.549338764e-07,3.089631341e-07,8.10028131e-09,4.15699567e-07,1.785490184e-08,2.62757811e-06,-7.924773497e-08,0.01482291954
1266.0,4.857640212e-07,1.093145325e-08,1.173061195e-06,4.151563737e-08,2.317430237e-07,5.390417911e-09,1.337527296e-05,1.905380892e-07,3.107824961e-07,8.1562796e-09,4.187090938e-07,1.796672754e-08,3.23139415e-06,-1.784967585e-07,0.01482274105
1267.0,5.053118115e-07,1.108618395e-08,1.17552437e-06,4.124056687e-08,2.320518724e-07,5.399835616e-09,1.135610134e-05,1.639108556e-07,3.128998678e-07,8.214264326e-09,4.210444332e-07,1.808363556e-08,2.779821501e-06,6.572079896e-09,0.01482274762
1268.0,4.805269307e-07,1.079022725e-08,1.154962367e-06,4.085413221e-08,2.289780188e-07,5.354406389e-09,1.173427317e-05,1.567154209e-07,3.144675396e-07,8.256541614e-09,4.243451431e-07,1.819658977e-08,2.657792969e-06,-6.207394378e-08,0.01482268554
1269.0,5.23079887e-07,1.152676133e-08,1.229993981e-06,4.145493179e-08,2.432797118e-07,5.55487163e-09,1.382280622e-05,2.040391369e-07,3.163185653e-07,8.30997492e-09,4.264325893e-07,1.830278124e-08,3.460355334e-06,-1.564114868e-07,0.01482252913
1270.0,5.152922741e-07,1.113293652e-08,1.171397339e-06,4.081251014e-08,2.337952893e-07,5.4459807e-09,1.071259685e-05,1.577257692e-07,3.175679185e-07,8.342004384e-09,4.292862544e-07,1.839301092e-08,2.674926945e-06,1.471585488e-08,0.01482254385
1271.0,4.828362904e-07,1.120133928e-08,1.128205312e-06,4.156042186e-08,2.331487218e-07,5.488257531e-09,1.255942434e-05,1.551261367e-07,3.192341832e-07,8.382593033e-09,4.311584197e-07,1.848270354e-08,2.630842162e-06,-5.330887701e-08,0.01482249054
1272.0,5.0674419e-07,1.112467297e-08,1.196801289e-06,4.198758219e-08,2.427613835e-07,5.552275934e-09,1.30983052e-05,1.831695114e-07,3.201630565e-07,8.40207854e-09,4.336195656e-07,1.856266429e-08,3.106426038e-06,-1.612920177e-07,0.01482232925
1273.0,5.073219638e-07,1.109688308e-08,1.151464913e-06,4.120219084e-08,2.366221546e-07,5.502065522e-09,1.098518197e-05,1.511848133e-07,3.212458968e-07,8.426126549e-09,4.352469018e-07,1.864791756e-08,2.563989795e-06,2.712279669e-08,0.01482235637
1274.0,4.82073453e-07,1.106098071e-08,1.144188898e-06,4.159247481e-08,2.369536357e-07,5.581522955e-09,1.198904725e-05,1.575468441e-07,3.218818434e-07,8.427522228e-09,4.379379898e-07,1.87198301e-08,2.671893694e-06,-6.483777029e-08,0.01482229153
1275.0,5.08504409e-07,1.121345529e-08,1.225791436e-06,4.269870118e-08,2.481755256e-07,5.70765025e-09,1.340645626e-05,1.929661157e-07,3.228244505e-07,8.434958745e-09,4.39463572e-07,1.880130668e-08,3.272570985e-06,-1.302099181e-07,0.01482216132
1276.0,5.220837883e-07,1.125372402e-08,1.190937435e-06,4.249615932e-08,2.447239421e-07,5.704500066e-09,1.205985323e-05,1.605733939e-07,3.229658495e-07,8.415336475e-09,4.417499023e-07,1.884598027e-08,2.723208405e-06,5.010947297e-08,0.01482221143
1277.0,5.053270666e-07,1.13554756e-08,1.185944783e-06,4.393663895e-08,2.408616874e-07,5.778381777e-09,1.257174121e-05,1.499884935e-07,3.236178734e-07,8.407920749e-09,4.430805684e-07,1.890353991e-08,2.543712218e-06,-1.107265864e-08,0.01482220036
1278.0,5.110935542e-07,1.121843642e-08,1.234534255e-06,4.359949985e-08,2.456893174e-07,5.800758086e-09,1.321906369e-05,1.857275784e-07,3.236644776e-07,8.378317816e-09,4.448579037e-07,1.893707475e-08,3.149812207e-06,-9.731507333e-08,0.01482210304
1279.0,5.088020456e-07,1.111827497e-08,1.176463951e-06,4.25950855e-08,2.427747844e-07,5.729458935e-09,1.143447474e-05,1.581033624e-07,3.241150037e-07,8.358857954e-09,4.458526811e-07,1.898198979e-08,2.681324263e-06,7.108406162e-08,0.01482217413
1280.0,4.866907391e-07,1.122905497e-08,1.152073709e-06,4.282571783e-08,2.406819148e-07,5.730783608e-09,1.206757376e-05,1.608986488e-07,3.242224768e-07,8.318888854e-09,4.480193914e-07,1.900608563e-08,2.728735665e-06,-5.780275377e-09,0.01482216835
1281.0,5.192716363e-07,1.13788722e-08,1.251133844e-06,4.421455851e-08,2.562224928e-07,5.904107443e-09,1.397695273e-05,1.834911063e-07,3.245005128e-07,8.29358442e-09,4.487670565e-07,1.905077862e-08,3.111872844e-06,-8.691027622e-08,0.01482208144
1282.0,5.210750179e-07,1.12431353e-08,1.218759287e-06,4.350444231e-08,2.490801542e-07,5.834875505e-09,1.119810299e-05,1.492545243e-07,3.243606081e-07,8.245570086e-09,4.505955412e-07,1.905587988e-08,2.531256011e-06,8.909153081e-08,0.01482217053
1283.0,4.921946788e-07,1.119960883e-08,1.18470162e-06,4.492168337e-08,2.393794806e-07,5.883303643e-09,1.220611858e-05,1.562723398e-07,3.249110317e-07,8.221804922e-09,4.514946815e-07,1.909794263e-08,2.650279448e-06,5.78519981e-08,0.01482222838
1284.0,5.153038182e-07,1.127223119e-08,1.270461763e-06,4.506292855e-08,2.509252423e-07,5.96705493e-09,1.299006993e-05,1.784461875e-07,3.250206496e-07,8.179212478e-09,4.532707503e-07,1.911337398e-08,3.026321122e-06,-6.633722661e-08,0.01482216204
1285.0,5.126282958e-07,1.110632431e-08,1.211753744e-06,4.416403989e-08,2.478246991e-07,5.948486982e-09,1.164019821e-05,1.579574067e-07,3.255701474e-07,8.156175734e-09,4.540076471e-07,1.915026809e-08,2.678852778e-06,1.430905286e-07,0.01482230513
1286.0,4.914068883e-07,1.104802678e-08,1.192358702e-06,4.428505476e-08,2.489235679e-07,5.890467828e-09,1.249750056e-05,1.611522174e-07,3.26066937e-07,8.122004617e-09,4.560603946e-07,1.916473439e-08,2.733025127e-06,5.74105749e-08,0.01482236254
1287.0,5.233654325e-07,1.099770517e-08,1.259360225e-06,4.500130185e-08,2.616263312e-07,5.9662712e-09,1.295487889e-05,1.731637174e-07,3.270894295e-07,8.112265228e-09,4.568051626e-07,1.9207415e-08,2.936731457e-06,-3.4337072e-08,0.01482232821
1288.0,5.108089689e-07,1.086036517e-08,1.199388711e-06,4.432209415e-08,2.510246275e-07,5.895275695e-09,1.090480305e-05,1.487872989e-07,3.275711541e-07,8.083301251e-09,4.586787222e-07,1.921750915e-08,2.523330733e-06,1.242718472e-07,0.01482245248
1289.0,4.83019757e-07,1.086238527e-08,1.185811279e-06,4.559897388e-08,2.454471285e-07,6.017193375e-09,1.199256994e-05,1.489619524e-07,3.287434813e-07,8.080900388e-09,4.597250747e-07,1.926255737e-08,2.52629677e-06,5.847339263e-08,0.01482251095
1290.0,4.964178729e-07,1.072336371e-08,1.270878648e-06,4.583438954e-08,2.524557827e-07,6.056660059e-09,1.28664871e-05,1.851064359e-07,3.2971864e-07,8.063244527e-09,4.61791584e-07,1.929737205e-08,3.139277789e-06,-4.464754677e-08,0.01482246631
1291.0,5.265756678e-07,1.085581386e-08,1.251270543e-06,4.525199136e-08,2.585180622e-07,6.068437807e-09,1.238161926e-05,1.685010312e-07,3.310733077e-07,8.066629358e-09,4.628815324e-07,1.934732963e-08,2.857654822e-06,1.443687549e-07,0.01482261067
1292.0,5.103908345e-07,1.070091959e-08,1.245234746e-06,4.502177363e-08,2.547713905e-07,5.999151997e-09,1.175559293e-05,1.531727192e-07,3.320662816e-07,8.053931818e-09,4.651268246e-07,1.938396526e-08,2.597706095e-06,6.440375925e-08,0.01482267508
1293.0,5.229434771e-07,1.067615865e-08,1.270943528e-06,4.534925393e-08,2.583304229e-07,6.057535771e-09,1.335510647e-05,1.904871928e-07,3.336031127e-07,8.072174537e-09,4.658888186e-07,1.943773243e-08,3.230524039e-06,-4.330688159e-08,0.01482263177
1294.0,5.124176943e-07,1.040949231e-08,1.206644405e-06,4.415174157e-08,2.547776977e-07,5.959113173e-09,1.133844621e-05,1.49351068e-07,3.346463088e-07,8.075708897e-09,4.678579997e-07,1.947222704e-08,2.532891461e-06,9.319114229e-08,0.01482272496
1295.0,4.825003861e-07,1.059350098e-08,1.178882818e-06,4.528846023e-08,2.47066068e-07,6.06153767e-09,1.188161415e-05,1.567413597e-07,3.363959951e-07,8.107185943e-09,4.691264122e-07,1.954799179e-08,2.658236549e-06,3.174734371e-08,0.01482275671
1296.0,5.101414871e-07,1.067344935e-08,1.280347411e-06,4.573850769e-08,2.604226698e-07,6.193765228e-09,1.405374182e-05,1.969982831e-07,3.376481328e-07,8.123244231e-09,4.713070179e-07,1.961472217e-08,3.340947396e-06,-9.093298572e-08,0.01482266578
1297.0,5.25020569e-07,1.040557665e-08,1.24530562e-06,4.418825771e-08,2.59905418e-07,6.052151778e-09,1.133103921e-05,1.449142416e-07,3.394476628e-07,8.159243097e-09,4.727414981e-07,1.968892378e-08,2.457643165e-06,9.099907747e-08,0.01482275678
1298.0,5.027384514e-07,1.036777551e-08,1.216451474e-06,4.44991806e-08,2.540810027e-07,6.055178756e-09,1.215289091e-05,1.497117018e-07,3.408211081e-07,8.184237598e-09,4.752057954e-07,1.97529204e-08,2.539015355e-06,4.324259529e-08,0.01482280002
1299.0,5.32445661e-07,1.063250393e-08,1.279603822e-06,4.467303181e-08,2.652508252e-07,6.178328214e-09,1.383900291e-05,1.871096625e-07,3.424219792e-07,8.226001803e-09,4.761622889e-07,1.983610777e-08,3.173240861e-06,-5.69535198e-08,0.01482274306
1300.0,5.138709581e-07,1.02204388e-08,1.194356708e-06,4.318020218e-08,2.551783463e-07,6.041545847e-09,1.089251443e-05,1.522256366e-07,3.433908229e-07,8.253434798e-09,4.782378976e-07,1.990328713e-08,2.581643346e-06,1.113603784e-07,0.01482285442
1301.0,4.907034047e-07,1.043284191e-08,1.16761841e-06,4.453343867e-08,2.521105552e-07,6.122432412e-09,1.266831465e-05,1.735613897e-07,3.451627483e-07,8.298311336e-09,4.79706933e-07,1.99838067e-08,2.943496488e-06,6.325861888e-08,0.01482291768
1302.0,5.139792702e-07,1.037504581e-08,1.255956108e-06,4.471906648e-08,2.651816598e-07,6.215684354e-09,1.330327087e-05,1.859632843e-07,3.462154233e-07,8.32807881e-09,4.8168139e-07,2.004921952e-08,3.153798727e-06,-5.609701095e-08,0.01482286159
1303.0,5.133100956e-07,1.019414459e-08,1.197420959e-06,4.324928574e-08,2.585768251e-07,6.128146591e-09,1.117006788e-05,1.541424281e-07,3.473995206e-07,8.366363776e-09,4.826659904e-07,2.013770471e-08,2.614148091e-06,1.320474537e-07,0.01482299363
1304.0,4.964167672e-07,1.026243809e-08,1.193359406e-06,4.349702319e-08,2.559252499e-07,6.126972858e-09,1.223258341e-05,1.588019936e-07,3.481085781e-07,8.393266286e-09,4.848892793e-07,2.021518416e-08,2.693183118e-06,6.435300691e-08,0.01482305799
1305.0,5.09840859e-07,1.032066697e-08,1.250944954e-06,4.409760952e-08,2.60069935e-07,6.225795799e-09,1.291489341e-05,1.898992802e-07,3.493410104e-07,8.432199684e-09,4.861315714e-07,2.03036296e-08,3.22055795e-06,-1.799488261e-08,0.01482303999
1306.0,5.38240388e-07,1.049215474e-08,1.233072352e-06,4.384864534e-08,2.638950779e-07,6.272521651e-09,1.319819108e-05,1.733801724e-07,3.499259623e-07,8.459415942e-09,4.882587399e-07,2.036323735e-08,2.940406103e-06,1.683686121e-07,0.01482320836
1307.0,5.137102168e-07,1.047440197e-08,1.199399039e-06,4.46672863e-08,2.588518087e-07,6.234592276e-09,1.224289598e-05,1.641160216e-07,3.508014319e-07,8.491730823e-09,4.889951528e-07,2.044168411e-08,2.783309468e-06,1.162249337e-07,0.01482332459
1308.0,5.14097061e-07,1.034970288e-08,1.262040009e-06,4.518589593e-08,2.646852335e-07,6.336130723e-09,1.326333814e-05,1.894726534e-07,3.510561239e-07,8.510156289e-09,4.906659569e-07,2.050705805e-08,3.213321279e-06,-1.799457044e-08,0.01482330659
1309.0,5.115167174e-07,1.017174793e-08,1.21040574e-06,4.404201188e-08,2.607789286e-07,6.224444423e-09,1.121475232e-05,1.526098615e-07,3.518607957e-07,8.536901194e-09,4.916256156e-07,2.057894018e-08,2.588156753e-06,1.410714142e-07,0.01482344766
1310.0,4.918364328e-07,1.032897779e-08,1.170134362e-06,4.408925817e-08,2.572094233e-07,6.2369717e-09,1.173345685e-05,1.576065342e-07,3.521174589e-07,8.551953335e-09,4.934748344e-07,2.063598633e-08,2.672905206e-06,6.43043075e-08,0.01482351197
1311.0,5.191572638e-07,1.050921994e-08,1.264081092e-06,4.526275714e-08,2.687883486e-07,6.417599357e-09,1.367007545e-05,1.887874539e-07,3.525136154e-07,8.567121454e-09,4.942865926e-07,2.071556183e-08,3.201709191e-06,-5.987666581e-08,0.01482345209
1312.0,5.230747502e-07,1.036505908e-08,1.231836162e-06,4.528872726e-08,2.638266079e-07,6.3388284e-09,1.192019413e-05,1.673869296e-07,3.524720555e-07,8.572626856e-09,4.960973047e-07,2.077442815e-08,2.838769787e-06,1.029760935e-07,0.01482355507
1313.0,5.121883438e-07,1.06495392e-08,1.207261938e-06,4.629296916e-08,2.606631571e-07,6.401819791e-09,1.290500847e-05,1.528404881e-07,3.531291118e-07,8.585180381e-09,4.970616078e-07,2.084160376e-08,2.592079718e-06,6.57200187e-08,0.01482362079
1314.0,5.371758658e-07,1.080659807e-08,1.30944437e-06,4.710666025e-08,2.75009355e-07,6.539498573e-09,1.408932952e-05,2.024218198e-07,3.528667672e-07,8.583497466e-09,4.986521125e-07,2.089471637e-08,3.432925933e-06,-6.455111256e-08,0.01482355624
1315.0,5.21678043e-07,1.042495832e-08,1.245278387e-06,4.58989518e-08,2.660462673e-07,6.425229999e-09,1.094545662e-05,1.704917208e-07,3.531846544e-07,8.586110289e-09,4.992466191e-07,2.09484685e-08,2.891428224e-06,1.112958523e-07,0.01482366753
1316.0,4.96274517e-07,1.056423787e-08,1.207295598e-06,4.584011139e-08,2.644673798e-07,6.402281555e-09,1.228212136e-05,1.717640949e-07,3.530410889e-07,8.582071625e-09,5.008641569e-07,2.098727953e-08,2.913014078e-06,1.469285791e-08,0.01482368222
1317.0,5.141988705e-07,1.066512866e-08,1.266796972e-06,4.670498135e-08,2.713340117e-07,6.509458551e-09,1.315397214e-05,1.862132072e-07,3.533024378e-07,8.580119088e-09,5.013658874e-07,2.10502306e-08,3.158046339e-06,-1.011823822e-07,0.01482358104
1318.0,5.279579526e-07,1.073888461e-08,1.228567187e-06,4.649344611e-08,2.674008944e-07,6.517224445e-09,1.226319819e-05,1.650569818e-07,3.530214037e-07,8.569367736e-09,5.028114337e-07,2.108690407e-08,2.799253163e-06,8.740097493e-08,0.01482366844
1319.0,5.127542898e-07,1.084869551e-08,1.22422976e-06,4.762149167e-08,2.673655716e-07,6.532639427e-09,1.271874485e-05,1.700102136e-07,3.533640124e-07,8.568998807e-09,5.036364028e-07,2.113940423e-08,2.883273972e-06,2.671722212e-08,0.01482369516
1320.0,5.193175782e-07,1.0730907e-08,1.32235386e-06,4.824939622e-08,2.731799644e-07,6.637247982e-09,1.315727028e-05,1.890466538e-07,3.53078571e-07,8.559775954e-09,5.050920984e-07,2.119207303e-08,3.206101809e-06,-1.059717189e-07,0.01482358919
1321.0,5.294321328e-07,1.064711581e-08,1.285424799e-06,4.736673322e-08,2.703501881e-07,6.53077309e-09,1.2318191e-05,1.605379282e-07,3.535843296e-07,8.560005115e-09,5.058864577e-07,2.124009741e-08,2.722615329e-06,8.668061098e-08,0.01482367587
1322.0,5.222106513e-07,1.086040358e-08,1.265029846e-06,4.738265323e-08,2.703900082e-07,6.553681528e-09,1.240543279e-05,1.554211628e-07,3.537198711e-07,8.55800056e-09,5.073876151e-07,2.127331528e-08,2.635845926e-06,2.721714022e-08,0.01482370309
1323.0,5.341278975e-07,1.09132528e-08,1.309575377e-06,4.78693807e-08,2.747205549e-07,6.620484919e-09,1.336331219e-05,1.779289962e-07,3.541391168e-07,8.558921729e-09,5.077277111e-07,2.131535411e-08,3.017556049e-06,-6.669566473e-08,0.01482363639
1324.0,5.352460594e-07,1.064728663e-08,1.260722983e-06,4.725684161e-08,2.713928714e-07,6.481007028e-09,1.20966172e-05,1.534204046e-07,3.540644775e-07,8.560809807e-09,5.088502867e-07,2.135770335e-08,2.601908972e-06,7.02568447e-08,0.01482370665
1325.0,4.955578625e-07,1.077348985e-08,1.215024529e-06,4.800429846e-08,2.617110132e-07,6.516238222e-09,1.187650964e-05,1.54339506e-07,3.551632618e-07,8.584531547e-09,5.097274269e-07,2.141446528e-08,2.617511192e-06,-1.878788014e-08,0.01482368786
1326.0,5.200231845e-07,1.094311078e-08,1.320974831e-06,4.863424495e-08,2.732770777e-07,6.647503929e-09,1.38470958e-05,1.838136123e-07,3.557230356e-07,8.609016058e-09,5.112576561e-07,2.1474298e-08,3.117349695e-06,-1.417969397e-07,0.01482354606
1327.0,5.326034529e-07,1.082351229e-08,1.272916765e-06,4.716466573e-08,2.74483721e-07,6.534052651e-09,1.152219111e-05,1.535747221e-07,3.56740189e-07,8.64211366e-09,5.120321645e-07,2.152249159e-08,2.604527112e-06,3.394354196e-08,0.01482358001
1328.0,5.082850727e-07,1.076245803e-08,1.24860224e-06,4.707493848e-08,2.664756646e-07,6.430536613e-09,1.25146409e-05,1.479444597e-07,3.575120508e-07,8.677796695e-09,5.139028701e-07,2.159393138e-08,2.509047021e-06,-6.124639251e-08,0.01482351876
1329.0,5.484711275e-07,1.110552192e-08,1.324964497e-06,4.766080378e-08,2.785544885e-07,6.570493668e-09,1.399177096e-05,1.890627578e-07,3.589094128e-07,8.727041449e-09,5.144138083e-07,2.165164547e-08,3.206377872e-06,-1.367731743e-07,0.01482338199
1330.0,5.537370453e-07,1.10015233e-08,1.278713983e-06,4.678238256e-08,2.749451116e-07,6.549396954e-09,1.228021009e-05,1.693574265e-07,3.596516288e-07,8.773417279e-09,5.159950592e-07,2.172230392e-08,2.872191884e-06,3.39995702e-08,0.01482341599
1331.0,5.0888943e-07,1.089772598e-08,1.216560362e-06,4.703881621e-08,2.646795922e-07,6.472514792e-09,1.207093569e-05,1.582026781e-07,3.6117298e-07,8.835866178e-09,5.168709276e-07,2.178505154e-08,2.683024479e-06,-6.568625541e-08,0.0148233503
1332.0,5.161219431e-07,1.077820555e-08,1.288436235e-06,4.740868587e-08,2.723779683e-07,6.547908703e-09,1.321530887e-05,1.766538943e-07,3.62294812e-07,8.898863865e-09,5.185371276e-07,2.188047264e-08,2.995930107e-06,-1.924819354e-07,0.01482315782
1333.0,5.270166464e-07,1.083975315e-08,1.258283292e-06,4.645147416e-08,2.716580388e-07,6.530324329e-09,1.217112965e-05,1.66710226e-07,3.642336346e-07,8.97820992e-09,5.196531928e-07,2.195146214e-08,2.827303548e-06,3.233443668e-09,0.01482316105
1334.0,5.24867191e-07,1.100902317e-08,1.226422467e-06,4.558151383e-08,2.70509839e-07,6.450213182e-09,1.240248269e-05,1.573978424e-07,3.655851793e-07,9.046603625e-09,5.217990758e-07,2.206067983e-08,2.669362308e-06,-7.443589794e-08,0.01482308661
1335.0,5.552870747e-07,1.112387083e-08,1.308157546e-06,4.627109474e-08,2.801859569e-07,6.602093202e-09,1.358499705e-05,1.907799027e-07,3.674488723e-07,9.129008133e-09,5.228468307e-07,2.213437782e-08,3.235503153e-06,-1.705103495e-07,0.0148229161
1336.0,5.417012486e-07,1.098081293e-08,1.239719658e-06,4.515888018e-08,2.728032318e-07,6.437189898e-09,1.215007508e-05,1.488756384e-07,3.68495624e-07,9.192762895e-09,5.245783155e-07,2.222186705e-08,2.524838163e-06,-2.117864717e-08,0.01482289493
1337.0,5.117354244e-07,1.099669738e-08,1.201609588e-06,4.612941395e-08,2.627136049e-07,6.515027649e-09,1.227569516e-05,1.54637796e-07,3.700147327e-07,9.265726403e-09,5.254556683e-07,2.229134668e-08,2.622566098e-06,-6.185110503e-08,0.01482283307
1338.0,5.270298638e-07,1.097959277e-08,1.279156637e-06,4.61156581e-08,2.743753373e-07,6.552221208e-09,1.345221779e-05,1.778747679e-07,3.709114115e-07,9.3246333e-09,5.269405059e-07,2.240023805e-08,3.01663322e-06,-1.74483275e-07,0.01482265859
1339.0,5.423895263e-07,1.086280301e-08,1.234809543e-06,4.485540525e-08,2.770924617e-07,6.483286275e-09,1.183902709e-05,1.565830085e-07,3.723510786e-07,9.39463219e-09,5.278941394e-07,2.246357374e-08,2.65554998e-06,-1.83565788e-08,0.01482264023
1340.0,5.159896806e-07,1.082063867e-08,1.198092111e-06,4.453266289e-08,2.694745168e-07,6.473189783e-09,1.158856068e-05,1.496780014e-07,3.731477799e-07,9.44732331e-09,5.297950004e-07,2.257204588e-08,2.53844866e-06,-1.021943047e-07,0.01482253804
1341.0,5.296405411e-07,1.106896952e-08,1.251319529e-06,4.508449376e-08,2.726519404e-07,6.608400479e-09,1.364706734e-05,1.841669566e-07,3.742885052e-07,9.510994791e-09,5.305703385e-07,2.262502989e-08,3.123350559e-06,-2.116176599e-07,0.01482232642
1342.0,5.382237421e-07,1.098191102e-08,1.20903878e-06,4.439289393e-08,2.713771396e-07,6.552952365e-09,1.217601101e-05,1.607854396e-07,3.748223725e-07,9.556222479e-09,5.320866835e-07,2.272292692e-08,2.726817447e-06,-4.825042822e-08,0.01482227817
1343.0,5.206493244e-07,1.104225073e-08,1.190189124e-06,4.536649303e-08,2.672627641e-07,6.579054176e-09,1.308928713e-05,1.542309406e-07,3.760547125e-07,9.615007468e-09,5.330972726e-07,2.277595146e-08,2.615667328e-06,-8.406888716e-08,0.0148221941
1344.0,5.412169843e-07,1.093759833e-08,1.286530256e-06,4.567353245e-08,2.799665109e-07,6.638082664e-09,1.364980243e-05,1.867084642e-07,3.765561117e-07,9.65101535e-09,5.345132324e-07,2.287243376e-08,3.16645277e-06,-1.994956057e-07,0.01482199461
1345.0,5.556622426e-07,1.105797019e-08,1.249557636e-06,4.5130808e-08,2.766228052e-07,6.643290053e-09,1.198957071e-05,1.636985005e-07,3.773760278e-07,9.694801228e-09,5.351788435e-07,2.291341303e-08,2.776219856e-06,-8.818135201e-10,0.01482199373
1346.0,5.21917258e-07,1.089652238e-08,1.193337723e-06,4.438906672e-08,2.723639189e-07,6.52617572e-09,1.204001165e-05,1.492596215e-07,3.77656379e-07,9.720302015e-09,5.364495743e-07,2.298502245e-08,2.531353619e-06,-8.849421815e-08,0.01482190523
1347.0,5.324049889e-07,1.098735233e-08,1.241705991e-06,4.553452004e-08,2.785528068e-07,6.686959954e-09,1.303800865e-05,1.781782722e-07,3.781764209e-07,9.752972998e-09,5.368996652e-07,2.302467625e-08,3.021785837e-06,-1.910913121e-07,0.01482171414
1348.0,5.34229243e-07,1.095250745e-08,1.222138592e-06,4.559120821e-08,2.716690664e-07,6.72361018e-09,1.238676222e-05,1.651052496e-07,3.781992653e-07,9.764562738e-09,5.380734375e-07,2.31034311e-08,2.800085379e-06,-1.511984298e-08,0.01482169902
1349.0,5.224549134e-07,1.104821268e-08,1.209030892e-06,4.669992305e-08,2.727893702e-07,6.787428572e-09,1.294154143e-05,1.630301901e-07,3.789800505e-07,9.793197254e-09,5.387246896e-07,2.313019527e-08,2.764886945e-06,-7.386716332e-08,0.01482162515
1350.0,5.51442341e-07,1.121355481e-08,1.310376387e-06,4.751622246e-08,2.81584738e-07,6.888334901e-09,1.36456655e-05,1.904577632e-07,3.789929549e-07,9.798683242e-09,5.399451342e-07,2.320890233e-08,3.230042886e-06,-1.873272695e-07,0.01482143783
1351.0,5.472663301e-07,1.092429508e-08,1.258837016e-06,4.65456669e-08,2.775251033e-07,6.750492153e-09,1.191956818e-05,1.546080637e-07,3.791798976e-07,9.808545199e-09,5.401645573e-07,2.321664685e-08,2.622053468e-06,5.08860794e-09,0.01482144291
1352.0,5.271146573e-07,1.101349091e-08,1.239915601e-06,4.695049598e-08,2.756075657e-07,6.82125709e-09,1.249836589e-05,1.511015697e-07,3.790497305e-07,9.806105291e-09,5.411537423e-07,2.327221163e-08,2.5625936e-06,-6.29444775e-08,0.01482137997
1353.0,5.343164401e-07,1.104061602e-08,1.28775814e-06,4.7705574e-08,2.804223281e-07,6.916085756e-09,1.346593907e-05,1.760643394e-07,3.794024694e-07,9.813319875e-09,5.412924617e-07,2.328892085e-08,2.985937468e-06,-1.602453835e-07,0.01482121973
1354.0,5.477760268e-07,1.086454874e-08,1.249178359e-06,4.739159188e-08,2.798649295e-07,6.84503703e-09,1.244568456e-05,1.492424056e-07,3.791105915e-07,9.800595627e-09,5.421412997e-07,2.333074745e-08,2.531054657e-06,1.210916361e-08,0.01482123183
1355.0,5.263242634e-07,1.100959441e-08,1.238078965e-06,4.861323802e-08,2.776112091e-07,6.959411543e-09,1.273846596e-05,1.630580597e-07,3.793076468e-07,9.802017439e-09,5.42224797e-07,2.333521999e-08,2.765365007e-06,-3.978915031e-08,0.01482119205
1356.0,5.405249734e-07,1.105868711e-08,1.317945786e-06,4.91261838e-08,2.842058665e-07,7.015127941e-09,1.384501884e-05,2.005316593e-07,3.789070967e-07,9.782870819e-09,5.429146092e-07,2.337121529e-08,3.400893545e-06,-1.758588104e-07,0.01482101619
1357.0,5.501640304e-07,1.083117142e-08,1.296118732e-06,4.859389499e-08,2.811120083e-07,6.937644914e-09,1.171383486e-05,1.468434924e-07,3.788686917e-07,9.777275992e-09,5.427358062e-07,2.338731085e-08,2.490369711e-06,1.7907278e-08,0.01482103409
1358.0,5.075458875e-07,1.062917863e-08,1.242714595e-06,4.813405864e-08,2.724643653e-07,6.859458208e-09,1.237461724e-05,1.61691643e-07,3.788058905e-07,9.757331349e-09,5.435821417e-07,2.343451131e-08,2.742194362e-06,-4.095273088e-08,0.01482099314
1359.0,5.569222239e-07,1.113479523e-08,1.33738437e-06,4.935668524e-08,2.898661221e-07,7.090741861e-09,1.41855795e-05,1.793059814e-07,3.793954171e-07,9.75477675e-09,5.440604124e-07,2.345004691e-08,3.04090871e-06,-9.626978604e-08,0.01482089687
1360.0,5.524226146e-07,1.07977396e-08,1.276109965e-06,4.844059749e-08,2.839924303e-07,6.942973987e-09,1.190500049e-05,1.631345966e-07,3.794956418e-07,9.728286883e-09,5.454225702e-07,2.34930337e-08,2.76666072e-06,7.270718525e-08,0.01482096958
1361.0,5.08177283e-07,1.061896474e-08,1.231254562e-06,4.924678754e-08,2.755008139e-07,6.970674667e-09,1.195805583e-05,1.489153683e-07,3.801777512e-07,9.72229432e-09,5.464317558e-07,2.351919988e-08,2.52551293e-06,-5.800770104e-09,0.01482096378
1362.0,5.295944648e-07,1.053974998e-08,1.321912427e-06,4.983253978e-08,2.862171434e-07,7.045632931e-09,1.368032243e-05,1.926388883e-07,3.808201165e-07,9.703069553e-09,5.48312731e-07,2.358761426e-08,3.267034611e-06,-1.130169115e-07,0.01482085076
1363.0,5.369625898e-07,1.042654339e-08,1.279718958e-06,4.868811341e-08,2.828884142e-07,6.948576232e-09,1.126407141e-05,1.495338112e-07,3.817599666e-07,9.697346558e-09,5.494144668e-07,2.362038847e-08,2.535998888e-06,9.324451165e-08,0.01482094401
1364.0,5.216403258e-07,1.03243209e-08,1.275377611e-06,4.889153513e-08,2.803402325e-07,6.953186278e-09,1.229836892e-05,1.429807203e-07,3.825990709e-07,9.68110212e-09,5.519964238e-07,2.370474506e-08,2.424865629e-06,9.408898686e-09,0.01482095341
1365.0,5.426790801e-07,1.044895435e-08,1.333517141e-06,4.942512004e-08,2.873444285e-07,7.086384105e-09,1.325794e-05,1.851909746e-07,3.837248561e-07,9.68031368e-09,5.53365752e-07,2.374280107e-08,3.14071655e-06,-7.927325726e-08,0.01482087414
1366.0,5.351744598e-07,1.034012664e-08,1.270953719e-06,4.842133388e-08,2.833638485e-07,6.998385656e-09,1.233667608e-05,1.509632658e-07,3.848386565e-07,9.665117395e-09,5.558917775e-07,2.382613905e-08,2.560244356e-06,8.482270775e-08,0.01482095896
1367.0,5.264755672e-07,1.059383061e-08,1.268809715e-06,4.993105028e-08,2.841889524e-07,7.189168808e-09,1.281522701e-05,1.602485668e-07,3.864439287e-07,9.669720887e-09,5.578138108e-07,2.387664172e-08,2.717717203e-06,4.666390931e-08,0.01482100563
1368.0,5.314472901e-07,1.029620427e-08,1.31648406e-06,4.939097382e-08,2.883839375e-07,7.093288284e-09,1.323056232e-05,1.886953853e-07,3.879976404e-07,9.659831421e-09,5.605631147e-07,2.396674962e-08,3.200155446e-06,-8.548522722e-08,0.01482092014
1369.0,5.390671708e-07,1.013676971e-08,1.283351378e-06,4.845645426e-08,2.864350963e-07,7.056510963e-09,1.199067721e-05,1.518529382e-07,3.896510205e-07,9.673458105e-09,5.624939267e-07,2.402972531e-08,2.575329483e-06,1.002701088e-07,0.01482102041
1370.0,5.31018987e-07,1.022943776e-08,1.270180488e-06,4.870669442e-08,2.883301287e-07,7.116071822e-09,1.27256635e-05,1.486466597e-07,3.914434271e-07,9.686739997e-09,5.656895371e-07,2.411774587e-08,2.520956694e-06,4.056900034e-08,0.01482106098
1371.0,5.524887633e-07,1.036348351e-08,1.319732514e-06,4.863487816e-08,2.954512961e-07,7.220386673e-09,1.430405452e-05,1.962031331e-07,3.928860422e-07,9.696864587e-09,5.675737793e-07,2.418951116e-08,3.327469962e-06,-6.639591727e-08,0.01482099459
1372.0,5.50730034e-07,1.018805301e-08,1.272520132e-06,4.823669698e-08,2.923474556e-07,7.226562121e-09,1.268251187e-05,1.551491385e-07,3.946354845e-07,9.71227236e-09,5.704702138e-07,2.428783252e-08,2.631229927e-06,9.384027355e-08,0.01482108843
1373.0,5.134870209e-07,9.98635994e-09,1.242885296e-06,4.893772691e-08,2.841559692e-07,7.193822613e-09,1.269350666e-05,1.575402067e-07,3.965148898e-07,9.737780083e-09,5.726378349e-07,2.437212285e-08,2.671795043e-06,4.177311945e-08,0.0148211302
1374.0,5.404069225e-07,1.027169741e-08,1.317105319e-06,4.885213633e-08,2.948707014e-07,7.283410767e-09,1.399000065e-05,2.104440519e-07,3.986312673e-07,9.761991755e-09,5.7585114e-07,2.4486828e-08,3.568991723e-06,-8.249621158e-08,0.0148210477
1375.0,5.513334407e-07,9.963557949e-09,1.277838136e-06,4.793050877e-08,2.900828478e-07,7.218302863e-09,1.171831538e-05,1.563909279e-07,4.002277559e-07,9.791245342e-09,5.778179972e-07,2.456584426e-08,2.652290639e-06,1.296544125e-07,0.01482117736
1376.0,5.270874764e-07,9.776876871e-09,1.25016401e-06,4.74784807e-08,2.896853341e-07,7.119222498e-09,1.247165371e-05,1.455445367e-07,4.022102309e-07,9.814762366e-09,5.813790113e-07,2.46984449e-08,2.468352118e-06,5.174525733e-08,0.0148212291
1377.0,5.44130669e-07,9.884540776e-09,1.309571398e-06,4.811654824e-08,3.006625636e-07,7.285623604e-09,1.333227631e-05,1.848619529e-07,4.037968762e-07,9.84941093e-09,5.831226976e-07,2.477929687e-08,3.135127555e-06,-5.378854895e-08,0.01482117531
1378.0,5.450175021e-07,9.806324012e-09,1.267827246e-06,4.723572328e-08,2.951633491e-07,7.258276015e-09,1.243996582e-05,1.568457966e-07,4.05885422e-07,9.875285763e-09,5.867249883e-07,2.491148137e-08,2.660008632e-06,1.221286677e-07,0.01482129744
1379.0,5.225235899e-07,9.853418629e-09,1.227960582e-06,4.832532761e-08,2.91206757e-07,7.287904975e-09,1.268903181e-05,1.577673178e-07,4.072463333e-07,9.91297979e-09,5.884953378e-07,2.498339506e-08,2.675644715e-06,7.412516994e-08,0.01482137157
1380.0,5.43415735e-07,9.906365709e-09,1.286247577e-06,4.82729948e-08,2.990509955e-07,7.326792214e-09,1.337608094e-05,1.931132433e-07,4.093682787e-07,9.936124923e-09,5.919311014e-07,2.511928428e-08,3.275076992e-06,-5.526705662e-08,0.0148213163
1381.0,5.528942937e-07,9.812058519e-09,1.252990696e-06,4.757151646e-08,2.962651295e-07,7.30830088e-09,1.199754426e-05,1.579849665e-07,4.106221714e-07,9.976808445e-09,5.935957935e-07,2.51944945e-08,2.679326044e-06,1.329038787e-07,0.0148214492
1382.0,5.226758791e-07,9.743363383e-09,1.229358654e-06,4.77016506e-08,2.911169715e-07,7.274860292e-09,1.196073465e-05,1.516751256e-07,4.127829777e-07,9.998579711e-09,5.975368687e-07,2.534094692e-08,2.572321272e-06,3.975556283e-08,0.01482148896
1383.0,5.47146277e-07,9.925836084e-09,1.32370404e-06,4.850918281e-08,3.031918014e-07,7.456144461e-09,1.380179609e-05,1.892839797e-07,4.13935916e-07,1.004474118e-08,5.992205385e-07,2.542334841e-08,3.21013213e-06,-4.075621641e-08,0.0148214482
1384.0,5.594950599e-07,9.801566861e-09,1.278314477e-06,4.785100486e-08,3.040722955e-07,7.354260195e-09,1.284708175e-05,1.679527403e-07,4.160525251e-07,1.006160747e-08,6.029108663e-07,2.555915606e-08,2.848373622e-06,1.345635876e-07,0.01482158277
1385.0,5.372791811e-07,9.87864507e-09,1.248806862e-06,4.931120813e-08,2.966741173e-07,7.437849403e-09,1.245015249e-05,1.448433014e-07,4.170608354e-07,1.010847889e-08,6.047036396e-07,2.563623019e-08,2.456457328e-06,7.606334896e-08,0.01482165883
1386.0,5.542087938e-07,9.992811644e-09,1.303050386e-06,4.896778239e-08,3.024737638e-07,7.470026042e-09,1.390832502e-05,2.021451679e-07,4.19203401e-07,1.012247407e-08,6.083978216e-07,2.577949359e-08,3.428256468e-06,-6.844444877e-08,0.01482159039
1387.0,5.49972544e-07,9.761837293e-09,1.260570552e-06,4.847179962e-08,3.004810994e-07,7.431758376e-09,1.161362136e-05,1.575769136e-07,4.201574586e-07,1.016896337e-08,6.097159658e-07,2.584713592e-08,2.672413765e-06,1.155698773e-07,0.01482170596
1388.0,5.235905525e-07,9.824387292e-09,1.240519577e-06,4.839622179e-08,2.97241107e-07,7.441351274e-09,1.203057739e-05,1.507675037e-07,4.223449348e-07,1.017886437e-08,6.138957324e-07,2.599801647e-08,2.556928651e-06,3.080161456e-08,0.01482173676
1389.0,5.54759841e-07,1.004075325e-08,1.316172464e-06,4.955975458e-08,3.092142328e-07,7.561718369e-09,1.367235666e-05,1.862159012e-07,4.23100751e-07,1.022658127e-08,6.151740318e-07,2.606060822e-08,3.158092572e-06,-7.511152621e-08,0.01482166165
1390.0,5.576367715e-07,9.967644253e-09,1.280388201e-06,4.891865618e-08,3.04416262e-07,7.508738696e-09,1.244907926e-05,1.619458588e-07,4.252005807e-07,1.023370349e-08,6.191271911e-07,2.61897472e-08,2.74650639e-06,9.693231415e-08,0.01482175858
1391.0,5.47683177e-07,1.018565693e-08,1.291856532e-06,5.082994515e-08,3.036246503e-07,7.62598168e-09,1.32634503e-05,1.621071315e-07,4.259152927e-07,1.028495714e-08,6.20350206e-07,2.626307265e-08,2.74924837e-06,5.994138467e-08,0.01482181852
1392.0,5.677681605e-07,1.016507917e-08,1.354345299e-06,5.040657205e-08,3.139430881e-07,7.601569496e-09,1.362260203e-05,2.014666213e-07,4.280240309e-07,1.028896979e-08,6.241267499e-07,2.639572305e-08,3.416750573e-06,-7.729322749e-08,0.01482174123
1393.0,5.616153449e-07,1.000900424e-08,1.300688343e-06,4.980821063e-08,3.051503512e-07,7.58360402e-09,1.192837401e-05,1.562584137e-07,4.288094611e-07,1.034342278e-08,6.25233055e-07,2.646092251e-08,2.650049825e-06,1.121439141e-07,0.01482185337
1394.0,5.445401021e-07,1.002087509e-08,1.275332649e-06,4.972757951e-08,3.060391396e-07,7.504073774e-09,1.256762988e-05,1.565524116e-07,4.311321061e-07,1.034536958e-08,6.295115213e-07,2.659915658e-08,2.655042539e-06,2.510277652e-08,0.01482187847
1395.0,5.632906704e-07,1.012512339e-08,1.325413594e-06,5.053494274e-08,3.149571195e-07,7.650887133e-09,1.346334779e-05,1.909998191e-07,4.319268866e-07,1.040405288e-08,6.303492562e-07,2.665126078e-08,3.239226964e-06,-7.751895825e-08,0.01482180095
1396.0,5.668625068e-07,1.013780884e-08,1.28914716e-06,4.996423012e-08,3.105032931e-07,7.591522334e-09,1.28160411e-05,1.634448747e-07,4.342143108e-07,1.040451012e-08,6.345538105e-07,2.678456662e-08,2.771930214e-06,7.467526689e-08,0.01482187563
1397.0,5.421532712e-07,1.017862793e-08,1.280719549e-06,5.152131547e-08,3.054051076e-07,7.66546413e-09,1.243733491e-05,1.598211236e-07,4.350062603e-07,1.046650296e-08,6.354812775e-07,2.6844968e-08,2.710482899e-06,5.346834997e-09,0.01482188098
1398.0,5.594089699e-07,1.018655094e-08,1.35444429e-06,5.122759894e-08,3.116128542e-07,7.679661442e-09,1.366640539e-05,2.037191209e-07,4.375053721e-07,1.046698288e-08,6.398783427e-07,2.698459581e-08,3.454958156e-06,-1.095359174e-07,0.01482177144
1399.0,5.806344153e-07,1.00990007e-08,1.32579535e-06,5.061239095e-08,3.14250599e-07,7.627547982e-09,1.206051724e-05,1.569914227e-07,4.383330249e-07,1.053416766e-08,6.40592281e-07,2.703441378e-08,2.662475954e-06,9.59746764e-08,0.01482186742
1400.0,5.638105796e-07,1.007996655e-08,1.298168481e-06,5.03723207e-08,3.133075426e-07,7.561023819e-09,1.254552506e-05,1.47857386e-07,4.409454464e-07,1.053186862e-08,6.452214853e-07,2.717931095e-08,2.507583563e-06,-7.76488432e-09,0.01482185965
1401.0,5.772435313e-07,1.025049296e-08,1.347898399e-06,5.08270861e-08,3.188414284e-07,7.706927671e-09,1.366630603e-05,1.865502729e-07,4.417019924e-07,1.060218673e-08,6.455573538e-07,2.722878592e-08,3.163770201e-06,-1.046880321e-07,0.01482175496
1402.0,5.673316656e-07,1.006766349e-08,1.293764288e-06,4.99577458e-08,3.127330941e-07,7.628630618e-09,1.231651463e-05,1.57419849e-07,4.444934386e-07,1.059996036e-08,6.50258287e-07,2.736885128e-08,2.669751778e-06,5.031940476e-08,0.01482180528
1403.0,5.47690465e-07,1.023453102e-08,1.263425318e-06,5.097004161e-08,3.105478914e-07,7.684230985e-09,1.25670177e-05,1.567298293e-07,4.453187729e-07,1.068148182e-08,6.504684334e-07,2.741363531e-08,2.65805674e-06,-1.38371683e-08,0.01482179144
1404.0,5.665457685e-07,1.027137129e-08,1.326252074e-06,5.076556253e-08,3.168486314e-07,7.71642326e-09,1.31485322e-05,1.963654328e-07,4.480690616e-07,1.067498346e-08,6.554310715e-07,2.756854512e-08,3.330243207e-06,-1.675948999e-07,0.01482162385
1405.0,5.657494834e-07,1.008185603e-08,1.284994589e-06,4.999453163e-08,3.109371864e-07,7.647422402e-09,1.123728638e-05,1.54568073e-07,4.490988898e-07,1.077158266e-08,6.557808568e-07,2.763385872e-08,2.621384483e-06,4.277974841e-08,0.01482166663
1406.0,5.631607616e-07,1.013417692e-08,1.277369306e-06,4.981211282e-08,3.138303916e-07,7.620455025e-09,1.30002663e-05,1.507982021e-07,4.525417607e-07,1.077221681e-08,6.614744516e-07,2.780090422e-08,2.5574556e-06,-3.80969388e-08,0.01482162853
1407.0,6.008679235e-07,1.038578501e-08,1.369226241e-06,5.036980024e-08,3.316277993e-07,7.800597509e-09,1.375557307e-05,1.842810178e-07,4.533381541e-07,1.087749272e-08,6.615753175e-07,2.786215555e-08,3.125288761e-06,-1.050606155e-07,0.01482152347
1408.0,5.868777764e-07,1.020723756e-08,1.304126335e-06,4.954635909e-08,3.199697754e-07,7.682539471e-09,1.249582305e-05,1.702277152e-07,4.566355553e-07,1.087337136e-08,6.671140146e-07,2.802657783e-08,2.886967446e-06,5.817120097e-08,0.01482158164
1409.0,5.569583527e-07,1.018474594e-08,1.25129275e-06,5.014359027e-08,3.148864891e-07,7.692419305e-09,1.235077355e-05,1.590954202e-07,4.576017893e-07,1.09926387e-08,6.669477296e-07,2.807684405e-08,2.698174675e-06,-2.042647682e-08,0.01482156122
1410.0,5.687520655e-07,1.008256693e-08,1.302260532e-06,5.006835109e-08,3.190859483e-07,7.712357956e-09,1.30874294e-05,1.964017498e-07,4.612839528e-07,1.098860182e-08,6.728030151e-07,2.825706825e-08,3.330863114e-06,-1.553711316e-07,0.01482140585
1411.0,5.858907468e-07,1.017034313e-08,1.263451356e-06,4.939079287e-08,3.200260446e-07,7.712203134e-09,1.167475596e-05,1.510540543e-07,4.623279394e-07,1.111957117e-08,6.724225978e-07,2.83048308e-08,2.561789385e-06,6.801254251e-08,0.01482147386
1412.0,5.641068934e-07,1.004293206e-08,1.239469105e-06,4.900525415e-08,3.182806288e-07,7.676890269e-09,1.169135468e-05,1.481120677e-07,4.661500889e-07,1.111186495e-08,6.787728483e-07,2.850062694e-08,2.511901678e-06,-5.915659369e-08,0.0148214147
1413.0,5.821503797e-07,1.017381796e-08,1.318508e-06,4.97360109e-08,3.258900609e-07,7.843687882e-09,1.307065572e-05,1.77298459e-07,4.668103921e-07,1.123383157e-08,6.78228613e-07,2.854570886e-08,3.0068716e-06,-1.475462325e-07,0.01482126716
1414.0,5.811179816e-07,9.959977791e-09,1.269581453e-06,4.884942889e-08,3.225943129e-07,7.759406835e-09,1.235197666e-05,1.570776065e-07,4.708883217e-07,1.123949188e-08,6.846628003e-07,2.875110894e-08,2.663949158e-06,2.135590154e-08,0.01482128851
1415.0,5.783454867e-07,1.038928886e-08,1.270583678e-06,5.035125981e-08,3.221715013e-07,7.957665528e-09,1.284494587e-05,1.514518171e-07,4.717168974e-07,1.136950965e-08,6.841101178e-07,2.879233408e-08,2.568543131e-06,-1.31466612e-08,0.01482127536
1416.0,5.953978324e-07,1.018627523e-08,1.318383424e-06,4.966881527e-08,3.2990854e-07,7.927464124e-09,1.349739091e-05,1.849191016e-07,4.760118548e-07,1.1375062e-08,6.90462001e-07,2.899331962e-08,3.136125156e-06,-1.538100178e-07,0.01482112155
1417.0,5.952120657e-07,1.002999067e-08,1.254766729e-06,4.861894012e-08,3.250985707e-07,7.84058325e-09,1.114469432e-05,1.566890306e-07,4.764965637e-07,1.150505984e-08,6.89286037e-07,2.902571622e-08,2.657356059e-06,3.285701377e-08,0.01482115441
1418.0,5.555035544e-07,9.858184513e-09,1.208560572e-06,4.842007001e-08,3.196200128e-07,7.81480966e-09,1.152825499e-05,1.477300812e-07,4.806126811e-07,1.150202641e-08,6.957478318e-07,2.922182913e-08,2.505429628e-06,-8.547701492e-08,0.01482106893
1419.0,5.847820384e-07,1.008489862e-08,1.273216804e-06,4.894544175e-08,3.33464092e-07,7.996663111e-09,1.289658948e-05,1.757520379e-07,4.810213853e-07,1.163473224e-08,6.943210354e-07,2.923829355e-08,2.980641511e-06,-1.793922057e-07,0.01482088954
1420.0,5.841888403e-07,9.960403639e-09,1.238827579e-06,4.839441675e-08,3.272365696e-07,7.951840363e-09,1.174957274e-05,1.620558444e-07,4.84831916e-07,1.162784234e-08,7.00775899e-07,2.944628633e-08,2.748379144e-06,-1.321156776e-08,0.01482087633
1421.0,5.581090917e-07,9.872886093e-09,1.223944898e-06,4.968157382e-08,3.229084435e-07,8.017667315e-09,1.225139594e-05,1.57657736e-07,4.852397676e-07,1.17590196e-08,6.994079572e-07,2.946283732e-08,2.673797158e-06,-4.488436174e-08,0.01482083145
1422.0,6.079472607e-07,1.016570735e-08,1.314574744e-06,4.959630578e-08,3.388370946e-07,8.151346339e-09,1.384649793e-05,1.983800763e-07,4.891655615e-07,1.175155656e-08,7.058965136e-07,2.966736854e-08,3.364414095e-06,-1.607944901e-07,0.01482067065
1423.0,6.121250079e-07,1.002427777e-08,1.263907063e-06,4.878753016e-08,3.339521435e-07,8.096299229e-09,1.150872829e-05,1.62200177e-07,4.892674165e-07,1.187675515e-08,7.039965745e-07,2.965309985e-08,2.750820469e-06,7.343984417e-08,0.01482074409
1424.0,5.776904064e-07,9.85476043e-09,1.22074819e-06,4.838358191e-08,3.303844644e-07,8.020560631e-09,1.157187912e-05,1.522853544e-07,4.926443939e-07,1.185493975e-08,7.101437862e-07,2.984698728e-08,2.58268335e-06,-2.853504563e-08,0.01482071556
1425.0,5.830475609e-07,9.85322419e-09,1.262637995e-06,4.889071159e-08,3.366624663e-07,8.173010562e-09,1.245041788e-05,1.695914518e-07,4.927686641e-07,1.197574264e-08,7.07842946e-07,2.982554498e-08,2.876167595e-06,-1.088400816e-07,0.01482060672
1426.0,5.766613168e-07,9.745689542e-09,1.212578585e-06,4.820532093e-08,3.290580588e-07,8.063146043e-09,1.210241709e-05,1.610164038e-07,4.959809038e-07,1.195326146e-08,7.142446511e-07,3.002150716e-08,2.730750362e-06,6.132947757e-08,0.01482066805
1427.0,5.800600689e-07,1.013462561e-08,1.218668406e-06,4.967211833e-08,3.30209301e-07,8.263842024e-09,1.234934707e-05,1.566949197e-07,4.960415977e-07,1.206237505e-08,7.120070364e-07,2.99916553e-08,2.657463879e-06,5.360880395e-08,0.01482072165
1428.0,5.999734935e-07,9.932303578e-09,1.293387487e-06,4.94855257e-08,3.382866103e-07,8.245114601e-09,1.301942087e-05,1.949093047e-07,4.988226833e-07,1.203524078e-08,7.18366991e-07,3.018573586e-08,3.305553513e-06,-7.521706717e-08,0.01482064644
1429.0,6.068787152e-07,9.903355298e-09,1.258880257e-06,4.879825318e-08,3.370068431e-07,8.197759613e-09,1.12181965e-05,1.502687515e-07,4.988180602e-07,1.213667145e-08,7.159051832e-07,3.015500962e-08,2.548474197e-06,1.071866156e-07,0.01482075362
1430.0,5.738409338e-07,9.767968974e-09,1.222622488e-06,4.855893532e-08,3.304776399e-07,8.186533111e-09,1.14719236e-05,1.394036033e-07,5.015920914e-07,1.210653667e-08,7.225246391e-07,3.03434398e-08,2.364213149e-06,2.132856579e-08,0.01482077495
1431.0,5.93364162e-07,9.864072413e-09,1.280597111e-06,4.904938962e-08,3.431370152e-07,8.326891909e-09,1.300855364e-05,1.668545559e-07,5.014804611e-07,1.219881479e-08,7.196216278e-07,3.02961829e-08,2.829749888e-06,-6.305643435e-08,0.0148207119
1432.0,5.955233517e-07,9.795250387e-09,1.234438944e-06,4.842179459e-08,3.374587991e-07,8.235662067e-09,1.159191677e-05,1.611787616e-07,5.038488299e-07,1.21608827e-08,7.259356774e-07,3.045651438e-08,2.733505286e-06,8.40268474e-08,0.01482079592
1433.0,5.605860239e-07,9.589730062e-09,1.185200376e-06,4.93428487e-08,3.29751014e-07,8.264543039e-09,1.12198154e-05,1.377627321e-07,5.035398021e-07,1.224316282e-08,7.229426163e-07,3.040635732e-08,2.336384304e-06,5.915594726e-09,0.01482080184
1434.0,5.811575895e-07,9.636501042e-09,1.258360445e-06,4.907163411e-08,3.375424058e-07,8.33861618e-09,1.263969006e-05,1.93237946e-07,5.058661317e-07,1.219986994e-08,7.293132621e-07,3.058262899e-08,3.277208737e-06,-1.54268019e-07,0.01482064757
1435.0,5.878904873e-07,9.543254063e-09,1.219272076e-06,4.848208317e-08,3.355036296e-07,8.266972659e-09,1.037001457e-05,1.508167963e-07,5.058635403e-07,1.229435821e-08,7.262652942e-07,3.052730586e-08,2.557772462e-06,4.914776899e-08,0.01482069672
1436.0,5.712998112e-07,9.375304399e-09,1.217200046e-06,4.828385281e-08,3.359682977e-07,8.286665353e-09,1.170265077e-05,1.339494538e-07,5.080402302e-07,1.223156637e-08,7.330790045e-07,3.070412437e-08,2.271711782e-06,-5.124896103e-08,0.01482064547
1437.0,5.92555415e-07,9.501930709e-09,1.268307481e-06,4.840929389e-08,3.448590496e-07,8.362637256e-09,1.236282205e-05,1.762426652e-07,5.07832275e-07,1.232114225e-08,7.295384868e-07,3.062481184e-08,2.988963916e-06,-1.081385647e-07,0.01482053733
1438.0,5.977290035e-07,9.62234322e-09,1.228808545e-06,4.792330555e-08,3.397380231e-07,8.407126375e-09,1.201957285e-05,1.698321371e-07,5.100040001e-07,1.225330844e-08,7.359056747e-07,3.078540818e-08,2.880262281e-06,5.69354475e-08,0.01482059427
1439.0,5.72842542e-07,9.561018781e-09,1.198295417e-06,4.867727781e-08,3.380554136e-07,8.456827661e-09,1.160483862e-05,1.454040411e-07,5.098141424e-07,1.233658329e-08,7.321901124e-07,3.069948243e-08,2.465979137e-06,2.612846057e-08,0.01482062039
1440.0,5.759030611e-07,9.354267993e-09,1.232403657e-06,4.795192774e-08,3.415067227e-07,8.414061647e-09,1.203103068e-05,1.789551981e-07,5.120452835e-07,1.226417415e-08,7.385541039e-07,3.085545438e-08,3.034982745e-06,-1.023591731e-07,0.01482051804
1441.0,5.786041022e-07,9.301014821e-09,1.186879571e-06,4.706492114e-08,3.36313055e-07,8.387545407e-09,1.08521336e-05,1.438794641e-07,5.120079384e-07,1.235306504e-08,7.347822856e-07,3.077194664e-08,2.440116133e-06,1.151016887e-07,0.01482063314
1442.0,5.693668249e-07,9.278270763e-09,1.170429405e-06,4.679286027e-08,3.372414238e-07,8.369341781e-09,1.123734643e-05,1.301473316e-07,5.144024867e-07,1.22746357e-08,7.41456591e-07,3.092592445e-08,2.207232885e-06,5.107668707e-08,0.01482068421
1443.0,5.935004165e-07,9.35142199e-09,1.236637533e-06,4.706233829e-08,3.479438692e-07,8.515116404e-09,1.265706589e-05,1.811825678e-07,5.14387881e-07,1.236699875e-08,7.375708082e-07,3.083676572e-08,3.072740203e-06,-1.636554069e-08,0.01482066785
1444.0,5.945641678e-07,9.24881259e-09,1.200743297e-06,4.612245994e-08,3.452216999e-07,8.452178202e-09,1.141562375e-05,1.457399104e-07,5.167430678e-07,1.22857609e-08,7.439310989e-07,3.097022284e-08,2.471672174e-06,1.471996913e-07,0.01482081505
1445.0,5.559517578e-07,9.008529906e-09,1.153685423e-06,4.708955382e-08,3.360949049e-07,8.472598749e-09,1.093841666e-05,1.375280947e-07,5.167786428e-07,1.237895648e-08,7.39675832e-07,3.088399479e-08,2.332410598e-06,1.005696737e-07,0.01482091562
1446.0,5.780245534e-07,9.17950891e-09,1.218269016e-06,4.657742228e-08,3.438608059e-07,8.522997354e-09,1.286503299e-05,1.852864564e-07,5.191673274e-07,1.229812281e-08,7.461781669e-07,3.102349013e-08,3.142353677e-06,-2.57824657e-08,0.01482088984
1447.0,5.855188481e-07,8.810668764e-09,1.164938002e-06,4.521968853e-08,3.408802563e-07,8.437993541e-09,1.034038873e-05,1.447306381e-07,5.190555455e-07,1.239358868e-08,7.415928124e-07,3.092900167e-08,2.45455118e-06,1.729270832e-07,0.01482106276
1448.0,5.598243286e-07,8.642055597e-09,1.139795826e-06,4.507829215e-08,3.391283965e-07,8.410150713e-09,1.100765898e-05,1.303670771e-07,5.213076869e-07,1.230748533e-08,7.481752189e-07,3.107282188e-08,2.210962089e-06,6.20330547e-08,0.0148211248
1449.0,5.788414999e-07,8.761198934e-09,1.198671447e-06,4.532742162e-08,3.485729298e-07,8.547305562e-09,1.201659401e-05,1.778767678e-07,5.212147943e-07,1.240730072e-08,7.435090373e-07,3.098811001e-08,3.016677037e-06,-3.628697022e-08,0.01482108851
1450.0,5.784398476e-07,8.650391101e-09,1.154902986e-06,4.440516141e-08,3.423997675e-07,8.518347105e-09,1.10352839e-05,1.479160051e-07,5.235764197e-07,1.232659758e-08,7.503337091e-07,3.113463546e-08,2.508578301e-06,1.122962418e-07,0.0148212008
1451.0,5.581001473e-07,8.587064938e-09,1.123506791e-06,4.537404722e-08,3.415434217e-07,8.545223301e-09,1.179607643e-05,1.45388601e-07,5.233676087e-07,1.242766326e-08,7.455555352e-07,3.103691804e-08,2.465720851e-06,5.24945126e-08,0.0148212533
1452.0,5.7910961e-07,8.46785536e-09,1.185747204e-06,4.470355309e-08,3.488247922e-07,8.573341875e-09,1.194779203e-05,1.678203592e-07,5.256354838e-07,1.234213858e-08,7.521715823e-07,3.11845896e-08,2.846137921e-06,-8.179917774e-08,0.0148211715
1453.0,5.764778215e-07,8.345013047e-09,1.130401794e-06,4.361721943e-08,3.414186547e-07,8.511038937e-09,1.031141344e-05,1.478916512e-07,5.253640978e-07,1.244815108e-08,7.471740773e-07,3.109647443e-08,2.50816198e-06,1.145182261e-07,0.01482128602
1454.0,5.538239728e-07,8.29341539e-09,1.11092101e-06,4.350048147e-08,3.395553743e-07,8.512476256e-09,1.087681693e-05,1.403166844e-07,5.275835265e-07,1.235719715e-08,7.542557802e-07,3.124666424e-08,2.379699436e-06,2.492207409e-09,0.01482128851
1455.0,5.695714626e-07,8.133703174e-09,1.180822618e-06,4.377362636e-08,3.494129598e-07,8.614936649e-09,1.182957452e-05,1.660283855e-07,5.271074712e-07,1.246497755e-08,7.490257303e-07,3.116163718e-08,2.815745394e-06,-6.497823673e-08,0.01482122353
1456.0,5.764400928e-07,8.053547477e-09,1.122033231e-06,4.276236619e-08,3.472140211e-07,8.497880361e-09,1.107076537e-05,1.517002449e-07,5.292512569e-07,1.237106635e-08,7.55915761e-07,3.130450963e-08,2.572756079e-06,7.817727963e-08,0.01482130171
1457.0,5.582676123e-07,8.021779642e-09,1.101503213e-06,4.397163449e-08,3.414380652e-07,8.582441199e-09,1.083108959e-05,1.290852072e-07,5.285913257e-07,1.248023613e-08,7.508222282e-07,3.121061469e-08,2.18921931e-06,4.237557997e-08,0.01482134409
1458.0,5.679375655e-07,7.912158842e-09,1.139423531e-06,4.315914782e-08,3.448386663e-07,8.579878279e-09,1.18809842e-05,1.748490026e-07,5.306312359e-07,1.238264295e-08,7.574683118e-07,3.135575189e-08,2.965344311e-06,-7.87946611e-08,0.01482126529
1459.0,5.663460104e-07,7.805216699e-09,1.096898842e-06,4.250055457e-08,3.442236941e-07,8.554083441e-09,1.038493593e-05,1.557364256e-07,5.29947411e-07,1.249576668e-08,7.51926417e-07,3.125639704e-08,2.641209885e-06,1.226005899e-07,0.01482138789
1460.0,5.452515024e-07,7.839429648e-09,1.090977684e-06,4.237292387e-08,3.417367818e-07,8.587520344e-09,1.0465423e-05,1.353952222e-07,5.318127566e-07,1.238997178e-08,7.589282086e-07,3.140860433e-08,2.296233612e-06,3.710538394e-08,0.014821425
1461.0,5.732733056e-07,8.054949481e-09,1.14821531e-06,4.297139737e-08,3.524617921e-07,8.6438855e-09,1.251629041e-05,1.854823621e-07,5.307654093e-07,1.250052691e-08,7.53079149e-07,3.129430323e-08,3.145667488e-06,-2.043657951e-08,0.01482140456
1462.0,5.799626773e-07,7.823643743e-09,1.114040229e-06,4.23356322e-08,3.48126332e-07,8.580278082e-09,1.051136258e-05,1.517643143e-07,5.321475946e-07,1.239299176e-08,7.596329961e-07,3.143120857e-08,2.573844341e-06,1.337361272e-07,0.0148215383
1463.0,5.525401581e-07,7.889161897e-09,1.095983975e-06,4.357628219e-08,3.42347422e-07,8.628036068e-09,1.112909268e-05,1.399518864e-07,5.309456183e-07,1.249672759e-08,7.535367815e-07,3.130972227e-08,2.373519469e-06,1.02921062e-07,0.01482164122
1464.0,5.692647903e-07,7.925720706e-09,1.148439582e-06,4.30473573e-08,3.490137089e-07,8.635083032e-09,1.195995379e-05,1.713295958e-07,5.319859776e-07,1.238899075e-08,7.597020833e-07,3.144002898e-08,2.905656007e-06,-4.004403109e-08,0.01482160117
1465.0,5.69360781e-07,7.875675429e-09,1.102108693e-06,4.231695687e-08,3.429169787e-07,8.589639882e-09,1.001633029e-05,1.456500747e-07,5.307104587e-07,1.248751936e-08,7.535944699e-07,3.132731003e-08,2.470147449e-06,1.550459721e-07,0.01482175622
1466.0,5.52726785e-07,7.934163804e-09,1.079793671e-06,4.235273583e-08,3.455840873e-07,8.515555363e-09,1.111083309e-05,1.427941007e-07,5.315218254e-07,1.238283682e-08,7.600124436e-07,3.145489318e-08,2.421720746e-06,4.839551251e-08,0.01482180461
1467.0,5.777858863e-07,8.057617552e-09,1.140944364e-06,4.296586276e-08,3.562791764e-07,8.626681818e-09,1.184281962e-05,1.683576058e-07,5.303083238e-07,1.247225146e-08,7.537162674e-07,3.133238534e-08,2.855240063e-06,-3.120714666e-08,0.01482177341
1468.0,5.74216579e-07,8.037882712e-09,1.109811054e-06,4.234702638e-08,3.466667879e-07,8.558218527e-09,1.034174114e-05,1.503645769e-07,5.309030367e-07,1.238162353e-08,7.599302942e-07,3.145665763e-08,2.550108168e-06,8.056059027e-08,0.01482185397
1469.0,5.448992649e-07,8.043433378e-09,1.079987053e-06,4.357692775e-08,3.407391252e-07,8.573735254e-09,1.064155186e-05,1.393675923e-07,5.297071812e-07,1.245947485e-08,7.536506064e-07,3.133095365e-08,2.363611295e-06,1.318325347e-08,0.01482186715
1470.0,5.605082758e-07,8.142708312e-09,1.155545728e-06,4.34528002e-08,3.44438726e-07,8.6070403e-09,1.158575022e-05,1.702513982e-07,5.302173047e-07,1.237838048e-08,7.59930254e-07,3.146335511e-08,2.887375667e-06,-1.182370017e-07,0.01482174891
1471.0,5.722085631e-07,8.110132987e-09,1.10700579e-06,4.252639116e-08,3.448027502e-07,8.552670708e-09,1.096058996e-05,1.537196577e-07,5.291870277e-07,1.245153951e-08,7.535689723e-07,3.13327929e-08,2.606999943e-06,9.008240447e-08,0.014821839
1472.0,5.723092157e-07,8.296829663e-09,1.102324121e-06,4.2815696e-08,3.495478182e-07,8.505973303e-09,1.131577439e-05,1.451972552e-07,5.295582856e-07,1.237357812e-08,7.598059077e-07,3.145852006e-08,2.462478306e-06,-4.491561904e-08,0.01482179408
1473.0,5.834995322e-07,8.3019939e-09,1.155406244e-06,4.305043553e-08,3.541095226e-07,8.586486722e-09,1.155832544e-05,1.65378276e-07,5.285151382e-07,1.243779118e-08,7.532225538e-07,3.132307116e-08,2.804717073e-06,-1.137040182e-07,0.01482168038
1474.0,5.649416535e-07,7.993378187e-09,1.093462995e-06,4.20211326e-08,3.450505414e-07,8.421365088e-09,9.885175093e-06,1.315981173e-07,5.288469837e-07,1.236880251e-08,7.592655865e-07,3.143891471e-08,2.231837768e-06,-1.053253314e-08,0.01482166984
1475.0,5.438464314e-07,8.282357358e-09,1.060483032e-06,4.311500153e-08,3.405877881e-07,8.522098143e-09,1.056844447e-05,1.33934617e-07,5.279820769e-07,1.243077525e-08,7.526597044e-07,3.129075029e-08,2.2714707e-06,-4.872007754e-08,0.01482162112
1476.0,5.529739218e-07,8.251756926e-09,1.128933087e-06,4.301478774e-08,3.421152232e-07,8.535154135e-09,1.135150531e-05,1.638517758e-07,5.280239248e-07,1.236207041e-08,7.586887511e-07,3.141415708e-08,2.778842265e-06,-1.830103983e-07,0.01482143811
1477.0,5.555422771e-07,8.190369487e-09,1.081804195e-06,4.205735414e-08,3.38355503e-07,8.428170885e-09,9.626804967e-06,1.386719851e-07,5.27510794e-07,1.243188253e-08,7.523437111e-07,3.129232202e-08,2.351804251e-06,2.175995563e-08,0.01482145987
1478.0,5.694220941e-07,8.545234792e-09,1.095108512e-06,4.236046814e-08,3.448896933e-07,8.462664911e-09,1.187803056e-05,1.388541117e-07,5.279863584e-07,1.237034337e-08,7.587553208e-07,3.141193475e-08,2.354900427e-06,-3.527051742e-08,0.0148214246
1479.0,5.998958009e-07,8.626811039e-09,1.174490563e-06,4.237238809e-08,3.590612865e-07,8.543469668e-09,1.188189858e-05,1.687269344e-07,5.271869039e-07,1.243224982e-08,7.520075717e-07,3.127703375e-08,2.8615112e-06,-1.120659595e-07,0.01482131254
1480.0,5.82649918e-07,8.43420305e-09,1.10505375e-06,4.155600374e-08,3.456272892e-07,8.377493026e-09,1.047093156e-05,1.481910938e-07,5.274249238e-07,1.237290288e-08,7.580173044e-07,3.139001122e-08,2.513248115e-06,2.200672927e-08,0.01482133454
1481.0,5.447107406e-07,8.369146951e-09,1.044895144e-06,4.182264712e-08,3.381271964e-07,8.328477147e-09,1.061196935e-05,1.324768096e-07,5.269527372e-07,1.244252921e-08,7.512647767e-07,3.124311802e-08,2.246745681e-06,-2.865550174e-08,0.01482130589
1482.0,5.540891174e-07,8.295413332e-09,1.095349948e-06,4.146770992e-08,3.403870649e-07,8.304531191e-09,1.122485665e-05,1.688077165e-07,5.274300923e-07,1.238622668e-08,7.573417023e-07,3.137261093e-08,2.862892414e-06,-1.619702893e-07,0.01482114392
1483.0,5.780228327e-07,8.53789468e-09,1.065626187e-06,4.100192574e-08,3.422746675e-07,8.298921005e-09,1.037048395e-05,1.498667578e-07,5.271614057e-07,1.246553795e-08,7.506741399e-07,3.123664995e-08,2.541664566e-06,7.686214677e-08,0.01482122078
1484.0,5.650174869e-07,8.464751848e-09,1.061496689e-06,4.051681269e-08,3.434276423e-07,8.222872134e-09,1.056367916e-05,1.395450951e-07,5.275822071e-07,1.241130681e-08,7.569966224e-07,3.135967455e-08,2.366618808e-06,-6.451523303e-08,0.01482115627
1485.0,5.786651703e-07,8.619531398e-09,1.122212738e-06,4.081006393e-08,3.468651368e-07,8.31555094e-09,1.122452052e-05,1.600747748e-07,5.269619095e-07,1.249278832e-08,7.501850936e-07,3.122158185e-08,2.714777691e-06,-1.391940709e-07,0.01482101707
1486.0,5.726664516e-07,8.433240921e-09,1.072256111e-06,4.010505107e-08,3.390815872e-07,8.196190294e-09,1.123233919e-05,1.570540916e-07,5.274480971e-07,1.244524029e-08,7.563062922e-07,3.134763944e-08,2.663560187e-06,3.70288559e-10,0.01482101744
1487.0,5.671670912e-07,8.828806538e-09,1.0613249e-06,4.094290381e-08,3.378803938e-07,8.288718246e-09,1.116289721e-05,1.308610525e-07,5.271734624e-07,1.253563123e-08,7.495078826e-07,3.120754929e-08,2.219342035e-06,-3.164479705e-08,0.0148209858
1488.0,5.719146073e-07,8.536276034e-09,1.095384072e-06,3.999679204e-08,3.406848189e-07,8.176121662e-09,1.118398422e-05,1.589017826e-07,5.276534441e-07,1.24879625e-08,7.554336463e-07,3.132967048e-08,2.694895348e-06,-1.726903043e-07,0.01482081311
1489.0,5.835148722e-07,8.562658047e-09,1.045422542e-06,3.896709743e-08,3.406302117e-07,8.09519301e-09,1.02683904e-05,1.544073528e-07,5.270971361e-07,1.258026471e-08,7.485598332e-07,3.119752785e-08,2.618669235e-06,-1.472386349e-08,0.01482079838
1490.0,5.477899043e-07,8.407003032e-09,1.006864868e-06,3.849805051e-08,3.344100902e-07,8.003978207e-09,9.7879778e-06,1.274567567e-07,5.275979523e-07,1.252848741e-08,7.546749455e-07,3.13165612e-08,2.161611472e-06,-1.218240609e-07,0.01482067656
1491.0,5.694951382e-07,8.642559666e-09,1.060312244e-06,3.869962584e-08,3.431200056e-07,8.125411772e-09,1.169823514e-05,1.538967729e-07,5.271646938e-07,1.262529329e-08,7.479121724e-07,3.11848475e-08,2.61000037e-06,-2.050022092e-07,0.01482047156
1492.0,5.760572289e-07,8.531487348e-09,1.044415801e-06,3.799853967e-08,3.393604259e-07,8.042880513e-09,1.071496935e-05,1.444960965e-07,5.275644949e-07,1.257594519e-08,7.540208286e-07,3.130335765e-08,2.450584069e-06,-7.39453757e-08,0.01482039761
1493.0,5.428673581e-07,8.425618343e-09,1.002715508e-06,3.858045791e-08,3.304912676e-07,8.007556085e-09,1.060542462e-05,1.388549337e-07,5.272202672e-07,1.267228516e-08,7.473261039e-07,3.118108052e-08,2.35491926e-06,-7.858440391e-08,0.01482031903
1494.0,5.97465714e-07,8.878565237e-09,1.098931927e-06,3.855972987e-08,3.450991223e-07,8.120539464e-09,1.285940553e-05,1.809344077e-07,5.277712675e-07,1.262191594e-08,7.534524197e-07,3.130222809e-08,3.06855475e-06,-1.924146241e-07,0.01482012661
1495.0,5.941613935e-07,8.52715936e-09,1.030853614e-06,3.684363245e-08,3.39411863e-07,7.955536148e-09,9.599482384e-06,1.451185615e-07,5.269143971e-07,1.270908546e-08,7.463406752e-07,3.115750026e-08,2.461134894e-06,-4.331352672e-09,0.01482012228
1496.0,5.50270903e-07,8.259072537e-09,9.74534132e-07,3.63290081e-08,3.32315985e-07,7.815593083e-09,1.01514753e-05,1.332766224e-07,5.271825687e-07,1.264648619e-08,7.5210498e-07,3.127011845e-08,2.26031361e-06,-1.034676951e-07,0.01482001881
1497.0,5.629874365e-07,8.302303924e-09,1.025382487e-06,3.646468337e-08,3.408103015e-07,7.933240941e-09,1.123849262e-05,1.514324974e-07,5.26428152e-07,1.27341292e-08,7.450691779e-07,3.112939103e-08,2.568210711e-06,-1.897761446e-07,0.01481982904
1498.0,5.551666167e-07,8.223957242e-09,9.725685126e-07,3.5621639e-08,3.299518407e-07,7.785948786e-09,1.064830119e-05,1.510920867e-07,5.267459288e-07,1.266961757e-08,7.510037632e-07,3.124649237e-08,2.562449318e-06,-4.808067507e-08,0.01481978096
1499.0,5.608071058e-07,8.597888303e-09,9.777856277e-07,3.671203215e-08,3.3201184e-07,7.931448592e-09,1.14352904e-05,1.434599995e-07,5.258617257e-07,1.274931608e-08,7.441741022e-07,3.110101644e-08,2.433014561e-06,-5.321754434e-08,0.01481972774
1500.0,5.808143097e-07,8.338386962e-09,1.04992515e-06,3.64073717e-08,3.387567362e-07,7.840084726e-09,1.164799047e-05,1.784563597e-07,5.259352759e-07,1.267683333e-08,7.499843799e-07,3.121461041e-08,3.026531367e-06,-1.888438036e-07,0.01481953889
1501.0,5.810818389e-07,8.351155752e-09,1.004301889e-06,3.545401382e-08,3.326392574e-07,7.757903534e-09,1.00782591e-05,1.32764814e-07,5.249637579e-07,1.275447866e-08,7.430771068e-07,3.10739815e-08,2.25162561e-06,-1.125873826e-08,0.01481952764
1502.0,5.520880295e-07,8.157813153e-09,9.733718525e-07,3.502402136e-08,3.267174903e-07,7.676032402e-09,1.035743443e-05,1.227019399e-07,5.251780503e-07,1.267647131e-08,7.490720287e-07,3.118185972e-08,2.080968393e-06,-9.224801864e-08,0.01481943539
1503.0,5.704539448e-07,8.192873986e-09,1.026676355e-06,3.516678699e-08,3.387806037e-07,7.736281798e-09,1.148817681e-05,1.526055364e-07,5.240066377e-07,1.274815285e-08,7.418315264e-07,3.10293605e-08,2.588105036e-06,-1.635775356e-07,0.01481927181
1504.0,5.72709549e-07,8.078223703e-09,9.814789747e-07,3.454075696e-08,3.334130083e-07,7.598430295e-09,1.057531073e-05,1.437494552e-07,5.239238672e-07,1.266120912e-08,7.475206524e-07,3.11243764e-08,2.437921553e-06,-5.406408977e-08,0.01481921775
1505.0,5.404863565e-07,7.991139643e-09,9.330964149e-07,3.541373138e-08,3.241294614e-07,7.59693434e-09,9.850322691e-06,1.226453231e-07,5.22709405e-07,1.272581267e-08,7.405997699e-07,3.096951562e-08,2.080007849e-06,-9.767937294e-08,0.01481912007
