iteration,Ux_initial,Ux_linear_final,Uy_initial,Uy_linear_final,Uz_initial,Uz_linear_final,p_initial,p_linear_final,epsilon_initial,epsilon_linear_final,k_initial,k_linear_final,continuity_local,continuity_global,continuity_cumulative
1.0,1.0,0.02774952198,1.0,0.02876997134,1.0,0.03203086608,1.0,0.04474177413,0.3620226944,0.0151850756,1.0,0.03839319876,1.354539473,-0.04144150624,-0.04144150624
2.0,0.2941714439,0.007469781948,0.542362272,0.008346454485,0.288231423,0.01130173059,0.7696458374,0.03517421768,0.5695253383,0.00472600252,0.5140990663,0.005124050876,0.9819562923,-0.03764111686,-0.07908262311
3.0,0.1961856037,0.003324305003,0.4327113129,0.00718921254,0.2075066774,0.005221266603,0.5294507061,0.01403787716,0.1124748179,0.0009825388633,0.1392649964,0.001561772938,0.2572868446,-0.009061053049,-0.08814367616
4.0,0.1556482341,0.002115422678,0.2348453227,0.006709037578,0.1461841663,0.002903587826,0.3382325314,0.01470285612,0.08218150957,0.0005193947746,0.09618320183,0.00463328536,0.3955097856,0.02063425766,-0.0675094185
5.0,0.211666163,0.003311275799,0.1687943134,0.00319263327,0.138781536,0.003037023243,0.2338853414,0.01043009437,0.08175042388,0.0005011539858,0.08168825045,0.0003662100855,0.317683875,0.08053138588,0.01302196738
6.0,0.1968064269,0.00328748265,0.1285252951,0.00304953133,0.1044313002,0.002380250646,0.2315302176,0.01104436565,0.05715774521,0.0003748512161,0.06383527993,0.0003147949618,0.3618845325,0.04155396083,0.05457592822
7.0,0.1350141018,0.002083584097,0.1345915947,0.002694406458,0.0770342187,0.001770837242,0.2503263731,0.006137084002,0.05138649407,0.0002273057885,0.06254090503,0.0002892106623,0.1513379519,-0.01452106106,0.04005486716
8.0,0.05854109888,0.002171286956,0.1317994085,0.002667188608,0.04926492967,0.001210121677,0.2879316872,0.009319891497,0.03040639696,0.0001656229863,0.04904762311,0.0002258216158,0.1935581085,-0.01961797932,0.02043688784
9.0,0.06579509344,0.002811903075,0.1234068028,0.003429501643,0.03224734326,0.0008979319158,0.1957671892,0.00383227482,0.0405083303,0.001479856093,0.04663134928,0.0002180271622,0.09777613593,-0.01474893448,0.005687953355
10.0,0.08588752158,0.001185531755,0.1153893009,0.00353689987,0.02585532411,0.0008067224088,0.1659424792,0.005875840006,0.02561862522,0.001053645048,0.04687525651,0.0002082338878,0.1685579967,-0.01469392014,-0.009005966785
11.0,0.07509155263,0.001084600665,0.09979429158,0.0031706169,0.02336879097,0.0007355030994,0.1654830848,0.005174826594,0.03336237231,0.00124518527,0.04868213421,0.0002086226205,0.1200589819,-0.01663575797,-0.02564172476
12.0,0.05398941066,0.0007516121082,0.07125177461,0.002192310663,0.02036090934,0.0006386638218,0.1721609162,0.003678530672,0.03954899338,0.001430559459,0.0497436909,0.0002107949471,0.07664011768,0.0004002775616,-0.0252414472
13.0,0.03131556699,0.001524206831,0.05422199581,0.001391559842,0.01753241455,0.0005380087115,0.1699301555,0.003686585083,0.04293741398,0.001609579435,0.04943522355,0.0002081939785,0.0707547364,0.0006819843599,-0.02455946284
14.0,0.01664399774,0.0005265906298,0.06129094064,0.002121761665,0.01710423502,0.0005288224501,0.1595787177,0.006884184902,0.04390590549,0.001689461845,0.04879872807,0.0002038421955,0.124946054,-5.93914395e-05,-0.02461885428
15.0,0.02174550127,0.000931780143,0.06629966421,0.002534816971,0.01702397363,0.0005328280321,0.1562712556,0.007242239083,0.04376549307,0.001689638078,0.04751933562,0.0001994519511,0.130677984,-0.02297976051,-0.04759861479
16.0,0.02426977775,0.001151285258,0.0580806771,0.002268776102,0.01601254877,0.0005015816219,0.1499970054,0.003269168537,0.04316142381,0.001708002747,0.04627969971,0.000196290993,0.05259729298,0.007118219715,-0.04048039507
17.0,0.02174408682,0.001028529485,0.04709465747,0.001760826431,0.01415007043,0.0004444127459,0.1422161919,0.00607666059,0.04185099706,0.001668321874,0.04482903902,0.000192633457,0.098233261,0.01393433757,-0.0265460575
18.0,0.01730707044,0.0007519100709,0.03571153625,0.001133419185,0.01172224033,0.0003678472601,0.1313421776,0.003231442692,0.04025829721,0.00160480418,0.04347169487,0.0001893760224,0.05299709923,0.0001869752585,-0.02635908224
19.0,0.01300268366,0.0004844663434,0.03139483919,0.0009855029216,0.009448121327,0.0003117191899,0.1148564418,0.002948348303,0.03822926419,0.001533121217,0.0416774709,0.0001850886572,0.0501167142,-0.0006265460067,-0.02698562825
20.0,0.01148033285,0.0004104736177,0.03539610461,0.001351491352,0.008497868199,0.0003121772181,0.09915919839,0.004845136791,0.03628951024,0.001483445072,0.03977735058,0.0001799609102,0.08532681701,0.003824547737,-0.02316108051
21.0,0.01246064045,0.0005418794365,0.03743506098,0.001515735013,0.008149470785,0.0003160918665,0.0854322395,0.002533992626,0.03454380226,0.001433305217,0.03801572781,0.0001728227729,0.04964653925,0.0006041163169,-0.0225569642
22.0,0.01242592292,0.0005811876104,0.03529640711,0.001411662338,0.007914955308,0.0003164361589,0.08010091289,0.001959256452,0.03262503581,0.001365892465,0.03610767271,0.0001657531669,0.03648150247,-0.00831955288,-0.03087651708
23.0,0.01107748185,0.0005170512189,0.03034166993,0.001146828713,0.00752977979,0.0003053482249,0.07867456349,0.001981209932,0.0306589004,0.001296326405,0.03434760042,0.0001582626894,0.03397077015,-0.003710441639,-0.03458695871
24.0,0.009024349873,0.0003884329034,0.02540327979,0.0008688819281,0.007029820949,0.0002868169172,0.07543563768,0.001848549623,0.02889439088,0.001242670275,0.03266843829,0.000150029335,0.03091822575,0.00197383105,-0.03261312766
25.0,0.00744992002,0.0002859069308,0.02323643413,0.0007715103946,0.006593691145,0.0002700572797,0.07120484586,0.001686625192,0.02719124545,0.001174649477,0.03090406701,0.0001425086851,0.02764333609,0.001301213581,-0.03131191408
26.0,0.007864182722,0.0003443292821,0.02288548398,0.0008036483801,0.006421066804,0.0002633104149,0.06679023202,0.001417466301,0.02567995525,0.001123702489,0.02923777609,0.0001356776591,0.02279119726,-0.0007524159635,-0.03206433005
27.0,0.008608599014,0.0004113520042,0.02224178371,0.0007903521762,0.006383420674,0.0002638051041,0.0632385954,0.003040115029,0.02431210289,0.001068552281,0.02765879541,0.0001278928561,0.0482518686,0.006298280711,-0.02576604934
28.0,0.008752523517,0.0004314523136,0.02113124999,0.0007148175494,0.006280026928,0.0002641038779,0.05923172481,0.001222286035,0.0230596037,0.001032275377,0.02625762393,0.0001210242583,0.01997098451,0.000731224906,-0.02503482443
29.0,0.00832137445,0.0004116767589,0.02124622,0.0007370674128,0.006185138002,0.0002617797156,0.05765823011,0.00147140925,0.02182085857,0.0009872534998,0.02498438215,0.0001146851631,0.02321773998,0.002082272044,-0.02295255239
30.0,0.007664608811,0.0003722807517,0.02276537928,0.0008828997006,0.006089814978,0.0002623057204,0.05453403416,0.001554245085,0.0206117653,0.0009369255285,0.0238301882,0.0001087144144,0.02463611535,0.002196625579,-0.02075592681
31.0,0.0069539082,0.0003266245677,0.02422465329,0.00101491413,0.006011388652,0.0002657470093,0.05166934164,0.001516339578,0.01958798309,0.0008889797919,0.0227860188,0.0001035925306,0.0242245722,0.001953723809,-0.018802203
32.0,0.006370696966,0.0002877370283,0.02482837656,0.001076855647,0.005942475951,0.000269026092,0.04969963059,0.001361251171,0.01866145732,0.0008472671415,0.02184530166,9.875769688e-05,0.02171830791,0.002088221813,-0.01671398119
33.0,0.006010854617,0.0002658139066,0.02450707014,0.001070411202,0.005866637187,0.0002702780209,0.04752433473,0.001093493241,0.01781463663,0.0008121224868,0.02098587709,9.434756358e-05,0.01761773152,0.002054744981,-0.0146592362
34.0,0.005821420042,0.0002576857061,0.02362540513,0.001018908833,0.005781178256,0.0002694451596,0.04636737278,0.0009799895819,0.01700952897,0.0007761869014,0.02020641854,8.993959217e-05,0.01567437054,0.002463209456,-0.01219602675
35.0,0.005764395761,0.0002604090491,0.02257097524,0.000951807755,0.005687894176,0.0002670077029,0.04504451454,0.001025701197,0.01631043536,0.0007411676796,0.01951980308,8.617256465e-05,0.0163930947,0.002727071827,-0.009468954922
36.0,0.005876293305,0.0002750788392,0.02169738056,0.0008933004684,0.005605918215,0.0002639658837,0.04393402816,0.001019344899,0.01560775755,0.000708517442,0.01890627428,8.260398474e-05,0.01624820974,0.002618672553,-0.006850282369
37.0,0.006048911105,0.0002924432585,0.02118902032,0.0008569407257,0.005539834103,0.000261014112,0.04299823669,0.0009386693547,0.01496794824,0.0006798920108,0.01832328607,7.922322208e-05,0.01491163507,0.002353636575,-0.004496645795
38.0,0.006202397805,0.0003063773487,0.02103340199,0.0008450781277,0.005483781549,0.0002580470685,0.04227178021,0.000860107054,0.01439481626,0.0006495189429,0.01782426216,7.611822983e-05,0.01362071783,0.001154069567,-0.003342576228
39.0,0.006286783378,0.0003133717946,0.02108435589,0.0008517233829,0.005433731905,0.0002552266416,0.04161496131,0.0008926505657,0.01384396662,0.0006234494994,0.01735590725,7.351575412e-05,0.01409652135,0.0007972295935,-0.002545346635
40.0,0.006295199896,7.72996636e-05,0.02112551341,0.0008647484533,0.00538812902,0.0002530797589,0.04093205218,0.000921030176,0.01333249388,0.0005943802743,0.01689504584,7.091512936e-05,0.01451881149,0.0009160628067,-0.001629283828
41.0,0.006230537365,0.000311393249,0.02105344636,0.0008745767604,0.005354532338,0.0002520536667,0.04013959761,0.0009312580779,0.01283764909,0.0005694173816,0.01648066066,6.859943761e-05,0.01466247346,0.001162691151,-0.0004665926768
42.0,0.00616409118,0.000307371695,0.02075029372,0.0008733142058,0.005327517632,0.0002518657355,0.039273724,0.000934848148,0.01236797828,0.0005453394518,0.01612965161,6.620487219e-05,0.0147028452,0.00140784282,0.0009412501434
43.0,0.006100183755,0.0003035126947,0.02022738106,0.0008587791273,0.005309869999,0.0002524536201,0.0383439585,0.0009331126774,0.01195772707,0.0005287297857,0.01580155194,6.483652145e-05,0.01465876599,0.001614572837,0.002555822981
44.0,0.006054799478,0.0003011200243,0.01951683517,0.0008325529257,0.005290014086,0.0002532547695,0.03738215003,0.0009256500705,0.01158162506,0.0005137654999,0.01549094806,6.34435251e-05,0.01452369503,0.001769028008,0.004324850989
45.0,0.00603854723,0.0003008891253,0.01870474468,0.0007992813222,0.005269453459,0.0002539214487,0.03643892746,0.0009153333184,0.01125135748,0.0004974630031,0.01520534199,6.215579377e-05,0.01434175866,0.00187112343,0.006195974419
46.0,0.006053926856,7.409046845e-05,0.01788293208,0.0007639034576,0.005247012341,0.0002544006859,0.03559426073,0.0009021710142,0.01094470466,0.0004836152473,0.01493458023,6.08954271e-05,0.01411144425,0.001878100002,0.008074074421
47.0,0.006072015125,7.486794881e-05,0.01713385645,0.0007315776628,0.005229145056,0.0002549692069,0.03487738926,0.0008916716784,0.01066387711,0.0004723556413,0.01467682148,5.993046853e-05,0.01391825845,0.001855365108,0.009929439529
48.0,0.006106180672,7.595604356e-05,0.01650751814,0.0007046076663,0.005215672461,0.0002555260839,0.03436802322,0.0008873315428,0.01040722653,0.0004628854242,0.0144503738,5.8933681e-05,0.01381608384,0.001833634753,0.01176307428
49.0,0.006159184607,7.727015e-05,0.01601085718,0.0006838518201,0.005205916964,0.0002560549678,0.03401441945,0.0008908736816,0.01015277764,0.000452389894,0.01424017919,5.815787523e-05,0.01383223668,0.001832769005,0.01359584329
50.0,0.006228655982,7.872072111e-05,0.01561445062,0.0006675937711,0.00519868819,0.0002565723882,0.03374249363,0.0009004366181,0.00993589032,0.0004453782213,0.01403974295,5.723314689e-05,0.01393857933,0.001863464158,0.01545930745
51.0,0.006307493391,8.022907831e-05,0.01528364659,0.0006546299279,0.005194631063,0.0002571296556,0.0335222324,0.000912198757,0.009731089499,0.0004386056175,0.01383875437,5.653454382e-05,0.01407590696,0.001918023336,0.01737733078
52.0,0.006393141391,8.173339753e-05,0.01499128125,0.0006428219904,0.005193626117,0.0002577657242,0.03334606996,0.000924828439,0.009546032438,0.0004337178472,0.01363755896,5.581286942e-05,0.01422516881,0.001987764757,0.01936509554
53.0,0.00648098925,8.321051545e-05,0.01471169767,0.0006308382898,0.005196487859,0.0002584442306,0.03313947015,0.0009371272454,0.009389241502,0.0004289296951,0.01345414094,5.496810083e-05,0.01436974313,0.002061867899,0.02142696344
54.0,0.00656721084,8.465114009e-05,0.01442534925,0.0006181757372,0.005200173227,0.0002591480172,0.03294397429,0.0009464781756,0.009244840017,0.0004245042657,0.01328810362,5.434564451e-05,0.01446843749,0.002130546607,0.02355751004
55.0,0.006651505543,8.607585715e-05,0.01412351348,0.000604436794,0.00520487717,0.0002597620184,0.03275459318,0.0009522027575,0.009120679042,0.0004228702941,0.01313425328,5.379869953e-05,0.01451021257,0.00218927767,0.02574678771
56.0,0.006731933376,8.750921508e-05,0.01380846102,0.0005901115461,0.005207280966,0.0002602429977,0.03267598942,0.0009577835716,0.009014822598,0.00041920883,0.01298395656,5.324088981e-05,0.01455010611,0.002476242304,0.02822303002
57.0,0.006812246109,8.902084338e-05,0.0134953587,0.0005753807335,0.005207535725,6.344619225e-05,0.0327812325,0.0009740863832,0.008925865968,0.0004187412933,0.0128470445,5.278204338e-05,0.01475387706,0.002538186655,0.03076121667
58.0,0.006905304974,9.071900134e-05,0.01320454971,0.0005618732297,0.005196577249,6.328908916e-05,0.0328817039,0.000984329317,0.008844205757,0.0004160465256,0.0127353254,5.23897725e-05,0.01486511319,0.002572691146,0.03333390782
59.0,0.007006968324,9.253232313e-05,0.0129324038,0.0005489990538,0.005181363643,0.0002590613207,0.03277747934,0.0009758484309,0.008756382003,0.00041300981,0.01258578099,5.190262432e-05,0.01469659868,0.002513959328,0.03584786715
60.0,0.007090371613,9.415173783e-05,0.01263641924,0.0005354381402,0.005175157702,6.295617275e-05,0.03263447857,0.0009813830631,0.008671802117,0.0004116326296,0.01244691539,5.136269254e-05,0.01474135099,0.002509844686,0.03835771183
61.0,0.007176116824,9.579844488e-05,0.01236422737,0.0005229255603,0.005165297553,6.279197986e-05,0.03232780375,0.0009855428264,0.008592853047,0.0004091338595,0.01231099863,5.081182741e-05,0.01476644697,0.002493409335,0.04085112117
62.0,0.007262091332,9.744368787e-05,0.01209552601,0.0005111958479,0.005159964,0.0002578217366,0.03176640929,0.0009764486744,0.008503007429,0.0004072988512,0.01217313504,5.020863238e-05,0.01459383725,0.002404789753,0.04325591092
63.0,0.007328496637,9.883475324e-05,0.01181599409,0.0004990238383,0.005169532963,0.0002582710468,0.03112683109,0.0009729914978,0.008423120731,0.0004069022253,0.01204850964,4.974748308e-05,0.01450532503,0.002336568763,0.04559247969
64.0,0.007380441586,0.000100023111,0.01153925939,0.0004871719333,0.0051893201,0.0002591960096,0.03047734978,0.000975138586,0.008346633906,0.0004057153181,0.01192571773,4.932688831e-05,0.01450007024,0.002298699615,0.0478911793
65.0,0.007426535997,0.0001010989112,0.01127408626,0.000475951987,0.005215104874,0.0002604376887,0.02981470782,0.0009882439453,0.008274781726,0.0004044426337,0.01182197096,4.883606071e-05,0.01465592463,0.002532362638,0.05042354194
66.0,0.007475971045,0.0001022169903,0.01102518844,0.0004657576904,0.005244551334,0.0002618214389,0.02918318702,0.001004879799,0.00820649388,0.0004030385877,0.0117157128,4.853677918e-05,0.01486223708,0.0026267239,0.05305026584
67.0,0.007527152312,0.0001033411289,0.01079891297,0.0004566216932,0.005275324237,0.0002632237878,0.02857249927,0.001024774372,0.008158793591,0.0004016931985,0.01161756611,4.820110182e-05,0.01511343054,0.002749457104,0.05579972294
68.0,0.007583193401,0.0001045098396,0.01059420892,0.0004490109059,0.00530796173,0.0002646192706,0.02797232211,0.001044512514,0.008111080184,0.0003991994234,0.01153247473,4.768005585e-05,0.01536147951,0.002890798952,0.05869052189
69.0,0.007641428309,0.0001057100518,0.01042076474,0.000443239675,0.005341127276,0.0002659931538,0.02741284538,0.001065004928,0.0080632466,0.0003961173555,0.01145994053,4.72915705e-05,0.01561941351,0.003040692727,0.06173121462
70.0,0.007701211768,0.0001069486449,0.01027745945,0.0004401401877,0.00537433102,0.0002674208517,0.02689050397,0.001084788104,0.008016617021,0.0003960079606,0.01138805033,4.690757416e-05,0.01586663364,0.00319044426,0.06492165888
71.0,0.007759232589,0.0001081722467,0.01017361702,0.0004405931236,0.00540793472,0.0002689368994,0.02641307869,0.001101605691,0.007971011325,0.0003934728886,0.01132022121,4.655622443e-05,0.01607167796,0.003330757212,0.06825241609
72.0,0.007813286856,0.0001093630209,0.01011486717,0.0004443978031,0.005441961361,0.0002705283438,0.02595844782,0.001118342826,0.007927215108,0.0003910306865,0.01126101195,4.61191761e-05,0.01627763071,0.003459256024,0.07171167212
73.0,0.007861499851,0.0001104700025,0.01010057242,0.0004501681784,0.005476380387,0.0002722062309,0.02550919578,0.0011324363,0.007880670352,0.0003890788289,0.01121703433,4.57700507e-05,0.01644885821,0.003569165333,0.07528083745
74.0,0.007900567864,0.0001114813878,0.01012201663,0.0004568705876,0.005508915475,0.0002738584188,0.02505734483,0.001143803496,0.007838549459,0.0003853265929,0.01118106638,4.551193295e-05,0.01658490273,0.003659031768,0.07893986922
75.0,0.007933524144,0.0001123760752,0.01015449597,0.0004637391555,0.005540369663,0.0002754899038,0.02461546107,0.001152625552,0.007795939322,0.0003832691269,0.01114712738,4.489217594e-05,0.01668836135,0.003728061244,0.08266793046
76.0,0.007957686629,0.0001131601597,0.01019400911,0.00047037286,0.005570423973,0.0002770969481,0.02415152385,0.001157207858,0.00775540243,0.0003799767396,0.01111318552,4.459294648e-05,0.01673499836,0.003772090426,0.08644002089
77.0,0.007973730311,0.0001138174721,0.01023061389,0.0004764825945,0.005599989932,0.0002786684113,0.02366539677,0.001158536221,0.00771051989,0.0003779445103,0.01107513501,4.401234491e-05,0.01673866668,0.003787991824,0.09022801271
78.0,0.007982199143,0.0001143492177,0.01026921461,0.0004820832094,0.005627729609,0.000280175968,0.02319679787,0.001154627029,0.007668773231,0.0003733041112,0.01105177825,4.330778113e-05,0.01667101318,0.003772568981,0.09400058169
79.0,0.00798151129,0.000114764225,0.01030657173,0.0004871777732,0.005654338196,0.0002815768618,0.02273818227,0.0006642698898,0.00762818509,0.0003694287421,0.01101635578,4.313976401e-05,0.009586525082,-0.002547334417,0.09145324728
80.0,0.00795087845,0.000114968366,0.01039348201,0.0004938630576,0.005692513243,0.0002833938832,0.0221781914,0.001044948949,0.007578367652,0.0003645262113,0.01098588752,4.274567188e-05,0.01505142357,0.003399481656,0.09485272893
81.0,0.007944802279,0.0001152394084,0.01042005799,0.0004977124763,0.005711828721,0.0002842986744,0.02172719585,0.001019690735,0.007533171619,0.0003603998945,0.01095945286,4.243122579e-05,0.01471271921,0.003298387944,0.09815111688
82.0,0.007932134703,0.0001153897885,0.01046948708,0.0005019717482,0.005722547106,0.0002845872099,0.02139425826,0.001006233423,0.007493403189,0.0003533945488,0.01093300085,4.224093194e-05,0.01452096313,0.003216925166,0.101368042
83.0,0.007907592841,0.0001153895483,0.01053621219,0.0005066161374,0.005728551284,0.0002845009073,0.02112798624,0.0009946649759,0.007454862056,0.0003476775884,0.01092532048,4.199928042e-05,0.01436053742,0.003141909334,0.1045099514
84.0,0.007867265934,0.0001151576816,0.01061814139,0.0005117672361,0.005731306737,0.0002840075863,0.02095273437,0.0009771966766,0.007407482588,0.0003422356137,0.01092091992,4.166058815e-05,0.01412166684,0.003056053849,0.1075660052
85.0,0.007804977293,0.0001146593817,0.01070884244,0.0005167982312,0.005728663797,0.0002833253389,0.02080607827,0.0009483091265,0.007363897241,0.0003362915725,0.0109140664,4.189148499e-05,0.01372276816,0.002941350471,0.1105073557
86.0,0.007720469618,0.0001138471654,0.01079688443,0.0005214723397,0.005722669806,0.0002825422669,0.02068110679,0.0009066132507,0.007308793155,0.000330537919,0.01090983823,4.138293592e-05,0.0131402995,0.002788237337,0.113295593
87.0,0.007619538917,0.0001127600531,0.01088481418,0.0005252908281,0.005715409556,0.0002817736356,0.02052691901,0.0008531689448,0.007262288769,0.0003278652118,0.01090070972,4.181677777e-05,0.01238698178,0.00260017479,0.1158957678
88.0,0.007501266717,0.000111413,0.0109612034,0.0005283099667,0.005704180665,0.0002811618728,0.02034621146,0.000791605332,0.007213294225,0.0003223034864,0.0109155685,4.191196414e-05,0.01151258775,0.00238848169,0.1182842495
89.0,0.007377656523,0.0001098875873,0.0110308006,0.0005304295747,0.005688192162,0.0002806976359,0.02013048778,0.0007258616272,0.0071842311,0.0003218964198,0.01093455007,4.198527637e-05,0.01057482271,0.002163130372,0.1204473799
90.0,0.007244826833,0.0001082148012,0.0110934275,0.0005317424884,0.005669594832,0.0002803281705,0.01987534946,0.000659507071,0.007175027212,0.0003201336155,0.01094626723,4.212665201e-05,0.009624159137,0.001924029499,0.1223714094
91.0,0.007102331196,0.0001064569265,0.0111540496,0.0005325694206,0.00564655381,0.0002798899472,0.01960975567,0.000596260163,0.007197439087,0.0003196851539,0.01096100078,4.255019827e-05,0.008714169778,0.001669545505,0.1240409549
92.0,0.006956850257,0.0001046506388,0.01120770464,0.0005325751333,0.00561704182,0.0002792629289,0.01933846674,0.0005400478306,0.00723361688,0.0003184173052,0.0109531386,4.278605996e-05,0.007903404101,0.001412912332,0.1254538672
93.0,0.00681056608,0.0001028528019,0.01125914381,0.0005317909664,0.005585140457,0.000278313039,0.01908290649,0.0004934573041,0.007290487342,0.0003219554366,0.01094817409,4.341450724e-05,0.007229326075,0.001175688822,0.126629556
94.0,0.006667067096,0.000101139503,0.01131065679,0.0005301733628,0.005550387143,0.0002768312455,0.01886898477,0.0004573105228,0.007373690352,0.0003231853634,0.01095532728,4.301090016e-05,0.006705736377,0.0009824749484,0.127612031
95.0,0.006529751082,9.959354029e-05,0.01134477022,0.0005274659834,0.005511728187,0.0002747469726,0.01871011831,0.0004314982336,0.007482627508,0.0003311563428,0.01094895639,4.275807996e-05,0.006331766008,0.0008457624318,0.1284577934
96.0,0.006406347717,9.818812789e-05,0.01135239961,0.0005233297765,0.005469425116,0.000271992215,0.01857681643,0.0004146215877,0.007601156416,0.0003346669048,0.01091956705,4.271412723e-05,0.006087928026,0.0007614211466,0.1292192146
97.0,0.006292802237,9.68253104e-05,0.01132928716,0.0005175633759,0.005418049601,0.0002686055005,0.01849262158,0.0004042408006,0.007746202632,0.0003386389056,0.01089270628,4.239277351e-05,0.005938334695,0.0007173784034,0.129936593
98.0,0.006191589207,9.551596152e-05,0.011272356,0.0005100539996,0.005356190049,0.0002645819614,0.01840710139,0.0003973362306,0.007902652003,0.0003467110883,0.01085237337,4.240308567e-05,0.005839244467,0.0006988725307,0.1306354655
99.0,0.006097318222,9.424995259e-05,0.0111777842,0.0005012942736,0.005285245358,0.0002600747257,0.018396325,0.0003922592218,0.008095451095,0.0003528150497,0.0107865973,4.209647857e-05,0.005765776126,0.0006806130237,0.1313160785
100.0,0.006004736816,9.297227211e-05,0.01102708784,0.0004912013557,0.005204193504,0.0002552120538,0.01845347051,0.0003888306077,0.008300256007,0.0003567016325,0.01070466096,4.19090971e-05,0.005714947787,0.0007262459586,0.1320423245
101.0,0.005909645525,9.167044842e-05,0.01082747957,0.0004801725981,0.005114518777,0.0002501716421,0.01853829511,0.000385276326,0.008502497435,0.0003629680474,0.01061604342,4.137940608e-05,0.005660694737,0.0006845410714,0.1327268656
102.0,0.005806271501,9.0275657e-05,0.01057884578,0.0004681605258,0.005018779765,0.0002449475051,0.01864456092,0.0003830820215,0.008704121596,0.0003666037676,0.01052113951,4.118977409e-05,0.005625013692,0.0006604292139,0.1333872948
103.0,0.005693553879,8.88023555e-05,0.01028741657,0.0004555668499,0.004917234407,0.0002396915918,0.01872132886,0.0003825172668,0.008858359351,0.0003709754263,0.01042559597,4.073352613e-05,0.005611102405,0.0006280694062,0.1340153642
104.0,0.005574789605,8.726509842e-05,0.009960114337,0.000442717067,0.004813227477,0.000234497878,0.01885320194,0.0009336650523,0.00900069154,0.0003748683531,0.01032655924,4.037943894e-05,0.01367862927,0.0004570785681,0.1344724427
105.0,0.005475856317,8.649215329e-05,0.00956199437,0.0004273984941,0.004705884238,0.0002295963023,0.01906229519,0.0004384114623,0.009068523301,0.0003753806596,0.01021062569,3.980264251e-05,0.006410612296,0.001006486104,0.1354789289
106.0,0.005333469365,8.451591275e-05,0.009225169818,0.0004161251512,0.004592443617,0.0002245449759,0.01907256494,0.0004431361042,0.009107429792,0.0003779301341,0.0100745446,3.932076769e-05,0.006470476914,0.001063033567,0.1365419624
107.0,0.005192178569,8.254089962e-05,0.008884918916,0.000405615887,0.004485534391,0.0002200036562,0.01909733906,0.0004376090117,0.009080268699,0.0003781945151,0.009923108745,3.863478015e-05,0.006374602843,0.001023576062,0.1375655385
108.0,0.005054103847,8.067303554e-05,0.008538711815,0.000395624109,0.004377359601,0.0002157249815,0.01911437687,0.0009549337946,0.009023970343,0.0003767744897,0.00975759902,3.798792967e-05,0.01387109253,8.015779587e-05,0.1376456963
109.0,0.004948933916,7.993263872e-05,0.008154732883,0.0003834454635,0.004269565315,0.0002120713538,0.01921395294,0.0004810236162,0.008932758285,0.0003746916098,0.009578461574,3.736670763e-05,0.00696177744,0.001441248269,0.1390869445
110.0,0.004807490753,7.788245658e-05,0.007844233531,0.0003752148739,0.004158880023,0.0002078127554,0.01909684837,0.0004771351655,0.008818719451,0.000369878289,0.009388467105,3.699910726e-05,0.006886071822,0.001370454463,0.140457399
111.0,0.004675939103,7.59709419e-05,0.007555197063,0.000367546555,0.004056451037,5.02689067e-05,0.01899874621,0.000466202424,0.008679934324,0.0003613014337,0.009189126432,3.633108194e-05,0.006701516437,0.001216174262,0.1416735733
112.0,0.00456169583,7.435332167e-05,0.007297424669,0.0003609508685,0.003951729446,4.939778705e-05,0.01892272168,0.0004490918797,0.008515691983,0.000358099285,0.008984617733,3.583827484e-05,0.006427336246,0.001004700567,0.1426782738
113.0,0.004455239425,7.292136439e-05,0.007058366439,8.630605157e-05,0.003850166021,4.855359758e-05,0.01886545205,0.0009386080203,0.00833855676,0.0003514754828,0.008778033637,3.535295629e-05,0.01336892383,-0.0001259903024,0.1425522835
114.0,0.004391906478,7.262073102e-05,0.006770680807,8.398412244e-05,0.003753967999,4.79256452e-05,0.01891855676,0.0004875974241,0.008157823435,0.0003452029247,0.008573101921,3.48024898e-05,0.006907511185,0.00122835913,0.1437806427
115.0,0.004279111104,7.076937818e-05,0.006557844983,8.261862847e-05,0.003659184499,4.703470522e-05,0.0188291484,0.0004811492991,0.007971988334,0.0003393865985,0.008368204104,3.435854034e-05,0.006783350316,0.00111977162,0.1449004143
116.0,0.004171994104,6.898340344e-05,0.006373894161,8.13204859e-05,0.003574678811,4.628812145e-05,0.01873872011,0.000463916933,0.00778613539,0.0003350220164,0.008169596347,3.389982066e-05,0.006502080462,0.0009222549686,0.1458226693
117.0,0.004063971725,6.721501443e-05,0.0062218988,8.025319502e-05,0.003498181504,4.560995148e-05,0.0186589491,0.0009234847462,0.007604635527,0.0003299030101,0.007975572232,3.336292157e-05,0.01286280466,-0.0001245317384,0.1456981375
118.0,0.004006163623,6.682285682e-05,0.006040319815,7.848911774e-05,0.003424280279,4.507497627e-05,0.0187200742,0.0004925294505,0.007429543979,0.0003240324346,0.007785689932,3.288636234e-05,0.006814789557,0.001142629597,0.1468407671
119.0,0.003884547462,6.455898542e-05,0.005956160012,7.820106871e-05,0.003357050326,4.440736229e-05,0.01864111868,0.0004791668669,0.007254414812,0.0003182111783,0.007600050559,3.241623354e-05,0.006589633483,0.000979449826,0.1478202169
120.0,0.003773928,6.254413413e-05,0.005881444097,7.799637119e-05,0.003297472075,4.386551695e-05,0.01857158208,0.0004528589887,0.007083948722,0.0003115145879,0.007421767481,3.188423874e-05,0.006184253434,0.0007006405248,0.1485208575
121.0,0.003670762143,6.075732422e-05,0.005812102948,7.784469739e-05,0.003242439362,4.337206969e-05,0.01852298729,0.0008906654506,0.006915486623,0.0003056343737,0.00723602373,3.141320463e-05,0.01207428333,0.00024696406,0.1487678215
122.0,0.003638559756,6.064556323e-05,0.00568056576,7.655834115e-05,0.003182807553,4.288655223e-05,0.01858216047,0.0004702637275,0.006752199253,0.0003006635452,0.007055547248,3.091846465e-05,0.006327220111,0.0008414527366,0.1496092743
123.0,0.003528449432,5.860911546e-05,0.005649085934,7.682961648e-05,0.003134513571,4.241990878e-05,0.01852539739,0.0004511035681,0.006589710706,0.000295016626,0.006872085539,3.045765751e-05,0.006025356193,0.0004265022721,0.1500357765
124.0,0.003432576184,5.684590175e-05,0.005616983663,7.697339783e-05,0.003091952013,4.207144475e-05,0.01845543038,0.0008902291144,0.006427660688,0.0002892759493,0.006686261736,2.995467373e-05,0.01179758051,0.0003395278817,0.1503753044
125.0,0.003422134429,5.686032211e-05,0.00551289593,7.588440316e-05,0.003041860809,4.166257326e-05,0.01847844552,0.000468073111,0.006268920351,0.0002835933706,0.00649934702,2.949993656e-05,0.006153994549,0.0006037107278,0.1509790151
126.0,0.003318397318,5.481381147e-05,0.00551939893,7.644990039e-05,0.003009619482,4.139825687e-05,0.01837252294,0.0004445955057,0.006105478269,0.0002776683405,0.006313896732,2.90588551e-05,0.005799503055,0.0002568756116,0.1512358908
127.0,0.003231305669,5.312187994e-05,0.005518856457,7.685481691e-05,0.00298297371,4.12507481e-05,0.0182558745,0.0008760109265,0.005936104051,0.0002717984395,0.006124576449,2.864228458e-05,0.01133405032,0.0004794695446,0.1517153603
128.0,0.003235247968,5.328374114e-05,0.005438168085,7.598149348e-05,0.002944214025,4.095225464e-05,0.01823161386,0.0004536185414,0.005769802425,0.0002662593385,0.005941939302,2.821292449e-05,0.005821692812,0.0003201094211,0.1520354697
129.0,0.003138433683,5.141094797e-05,0.005470213664,7.676077609e-05,0.002927555841,4.090156102e-05,0.01812061678,0.0004271708795,0.005593967198,0.0002602781819,0.005758202974,2.778225325e-05,0.005437705672,1.389808167e-05,0.1520493678
130.0,0.003062645501,4.994943923e-05,0.005488511482,7.733738531e-05,0.002913312855,4.092152566e-05,0.01799909144,0.000857404681,0.005422766739,0.0002544889707,0.00557665019,2.74029953e-05,0.01082529753,0.0006475472881,0.1526969151
131.0,0.003081496369,5.033986037e-05,0.00542443181,7.663686663e-05,0.002882560448,4.071643946e-05,0.01798304893,0.0004360843602,0.005250282523,0.0002480470886,0.005398904243,2.706056837e-05,0.005462220329,0.0001030218088,0.1527999369
132.0,0.003000779043,4.880140301e-05,0.005476024771,7.7524016e-05,0.002875000114,4.082545385e-05,0.01788609522,0.0004144183876,0.005084247753,0.0002424850186,0.005224405842,2.66950047e-05,0.005148620604,-9.437113182e-05,0.1527055658
133.0,0.002942083808,4.767977719e-05,0.005509628799,7.817623093e-05,0.002868596091,4.098039618e-05,0.01779216065,0.0008492934589,0.004915645493,0.000237218814,0.005051212338,2.635638086e-05,0.01046725514,0.0007481883598,0.1534537541
134.0,0.002977260996,4.832807923e-05,0.005457010704,7.752236076e-05,0.002844817265,4.087907321e-05,0.01782706327,0.0004283664729,0.004757272043,0.000232141543,0.004885153246,2.604346072e-05,0.005238714994,5.110927955e-05,0.1535048634
135.0,0.002914480094,4.711535058e-05,0.005518681134,7.840190313e-05,0.002844048439,4.11279783e-05,0.01776610991,0.0004113889728,0.004607965276,0.000227757179,0.004723620876,2.574262486e-05,0.004990724869,-8.314672047e-05,0.1534217167
136.0,0.002872539059,4.629764873e-05,0.00555936007,7.903465304e-05,0.002844338686,4.139952152e-05,0.01769893788,0.0008535731762,0.004465217288,1.487574047e-05,0.004565488346,2.543237452e-05,0.0102749381,0.0007953667667,0.1542170835
137.0,0.002919390102,4.719457257e-05,0.00551164886,7.84071793e-05,0.002827495638,4.141331311e-05,0.01775220627,0.0004270401658,0.004320608594,1.469271205e-05,0.004412355535,2.510941399e-05,0.005102099437,7.091473948e-05,0.1542879982
138.0,0.002870608958,4.628041688e-05,0.005577832789,7.927668887e-05,0.002833298594,4.178512245e-05,0.01771078653,0.0004111320054,0.004186271072,1.451889868e-05,0.004268493276,2.48294653e-05,0.00487368769,-3.627632429e-05,0.1542517219
139.0,0.002839667554,4.573347909e-05,0.005621985437,7.99228667e-05,0.002839004825,4.216305133e-05,0.01765659618,0.0008638876538,0.00405675461,1.438225867e-05,0.004134601801,2.456167741e-05,0.01016388484,0.0008214484057,0.1550731703
140.0,0.002893714515,4.683024616e-05,0.0055764518,7.933152766e-05,0.002827826231,4.226279234e-05,0.01770920901,0.0004246005534,0.003944688273,1.426405868e-05,0.004012994593,2.432274718e-05,0.004959324979,0.0001045740776,0.1551777443
141.0,0.002857957664,4.622479431e-05,0.005646629857,8.021487817e-05,0.002838066107,4.269876992e-05,0.01766479595,0.0004086224832,0.003842949657,1.416145826e-05,0.003900141921,2.4112025e-05,0.004736381806,1.585364926e-05,0.155193598
142.0,0.002839191549,4.596951046e-05,0.005694769531,8.088375402e-05,0.002846795534,4.311579006e-05,0.017600741,0.0008733518336,0.003758127654,1.410211383e-05,0.003794252826,2.394063976e-05,0.01005000945,0.0008297779518,0.1560233759
143.0,0.002898384062,4.72030025e-05,0.00565073187,8.032062395e-05,0.002838737351,4.325981693e-05,0.01763266602,0.0004209090104,0.003685903201,1.405851881e-05,0.003696631634,2.377428861e-05,0.004809690625,0.0001536730405,0.156177049
144.0,0.0028705744,4.671737968e-05,0.005724088746,8.124153372e-05,0.002850303092,4.369936928e-05,0.01756591741,0.0004058397791,0.003628892708,1.40467171e-05,0.003606468261,2.362629407e-05,0.004603439883,7.987372671e-05,0.1562569227
145.0,0.002856584114,4.64918205e-05,0.005774903651,8.197975651e-05,0.002859404222,4.410697872e-05,0.01747815631,0.0003868995641,0.003581586507,1.404256846e-05,0.003523578993,2.349062112e-05,0.004357893177,8.956718911e-06,0.1562658794
146.0,0.002854506067,4.648953149e-05,0.005813461769,8.255205866e-05,0.002866164982,4.447101994e-05,0.01739467453,0.000849967473,0.003551056424,1.407233223e-05,0.003447385814,2.337872609e-05,0.009506924016,0.0008657809337,0.1571316604
147.0,0.002918514787,4.771019413e-05,0.005766101387,8.196471111e-05,0.002859409169,4.461191889e-05,0.01741426022,0.0004031070732,0.003528857637,1.412138416e-05,0.003380025503,2.326930035e-05,0.004478216227,0.0001660008196,0.1572976612
148.0,0.002900358035,4.737386157e-05,0.005834941045,8.286954335e-05,0.002868458799,4.498756162e-05,0.01735992927,0.0003958924813,0.003519537559,1.41906028e-05,0.003320075331,2.316803084e-05,0.004366746319,0.0001429438277,0.157440605
149.0,0.002889799261,4.718572043e-05,0.00588508781,8.363170719e-05,0.0028763165,4.534411571e-05,0.01729014628,0.0003848791385,0.00351377929,1.426192314e-05,0.003267524442,2.309871846e-05,0.004216570861,0.0001025469486,0.157543152
150.0,0.002884728544,4.711732646e-05,0.005926756312,8.427378438e-05,0.002882728427,4.567739292e-05,0.01722707662,0.000373686751,0.00351930718,1.435929275e-05,0.00322524289,2.304765928e-05,0.004066558269,7.056197927e-05,0.1576137139
151.0,0.002884983947,4.716361143e-05,0.005960210253,8.479843672e-05,0.002887575974,4.59852641e-05,0.01717307722,0.0008542868715,0.003525126776,1.446399675e-05,0.003188472399,2.301490027e-05,0.00923474937,0.0008194641005,0.158433178
152.0,0.002940141133,4.82425804e-05,0.005911712807,8.420847642e-05,0.002881551829,4.612765682e-05,0.01720288835,0.0004038520649,0.003534104655,1.459111382e-05,0.003158765449,2.299084287e-05,0.004337285005,0.0002648271499,0.1586980052
153.0,0.002916524003,4.781668767e-05,0.005979657953,8.513302039e-05,0.002889638167,4.646819351e-05,0.01163726408,0.0003052482367,0.003543467229,1.470920287e-05,0.00313223606,2.297157634e-05,0.00327400354,0.0009640350545,0.1596620402
154.0,0.00279179843,4.584579239e-05,0.006060438924,8.629126602e-05,0.002834185534,4.569206808e-05,0.01293015595,0.0003955759339,0.003553282474,1.482931713e-05,0.003110360135,2.296213951e-05,0.004263439598,-0.0008340983704,0.1588279419
155.0,0.002555346087,4.230235223e-05,0.006152062337,8.736661494e-05,0.0026924345,4.340072889e-05,0.01916516788,0.0006433642363,0.003564553269,1.495137789e-05,0.003089649215,2.294933606e-05,0.006996866625,-0.001983583363,0.1568443585
156.0,0.002303444139,3.797890909e-05,0.006251385859,8.835588879e-05,0.002468728935,3.963787346e-05,0.02394225535,0.0008198872739,0.003576590518,1.507167969e-05,0.003071457566,2.294513568e-05,0.009027547112,-0.001669502439,0.1551748561
157.0,0.002109923084,3.412584715e-05,0.0063442055,8.911274132e-05,0.002197590015,3.491987344e-05,0.0267039497,0.0009468700365,0.003586503123,1.519676329e-05,0.003054257079,2.292852766e-05,0.01057309362,-0.0007518810241,0.1544229751
158.0,0.002023282519,3.167392964e-05,0.006431518591,8.964982902e-05,0.001945120451,3.048847492e-05,0.02708914879,0.0009664476228,0.003592105618,1.530472285e-05,0.003037428114,2.290267629e-05,0.01093581303,-0.0001279870881,0.154294988
159.0,0.00204023373,3.100764482e-05,0.006512755996,9.002416824e-05,0.001778516497,2.733495297e-05,0.02528225688,0.0008773441842,0.003591360663,1.538041305e-05,0.003020901649,2.286709318e-05,0.01003405313,0.0001801586704,0.1544751466
160.0,0.002104724337,3.138658751e-05,0.006581991452,9.030620541e-05,0.001698222104,2.5876614e-05,0.0218005825,0.0007064462131,0.003581806287,1.54481201e-05,0.003002807628,2.281106616e-05,0.008136746838,0.0002743219699,0.1547494686
161.0,0.002159331025,3.175130066e-05,0.006627766467,9.050466109e-05,0.001676894299,2.562888898e-05,0.0172100603,0.0004923058628,0.003560165685,1.54692815e-05,0.002982835356,2.273919187e-05,0.005687435831,0.000209894418,0.154959363
162.0,0.00217232048,3.16260684e-05,0.006641159173,9.051354698e-05,0.001667428579,2.581869391e-05,0.01212828727,0.0002670139471,0.003528541763,1.546563858e-05,0.002961661922,2.264669378e-05,0.003081285919,0.0003280617365,0.1552874248
163.0,0.002129297169,3.095326799e-05,0.006624834627,9.026795443e-05,0.001635856429,2.57113838e-05,0.01144200601,0.000249440372,0.003485050949,1.54126055e-05,0.002936835278,2.252653831e-05,0.00286406278,0.0003379816927,0.1556254065
164.0,0.002032838647,2.973548542e-05,0.00657761467,8.974771535e-05,0.001576470852,2.505513061e-05,0.01560193469,0.0004707297436,0.003437800115,1.531953134e-05,0.002909084005,2.239061549e-05,0.005361489947,0.001284417051,0.1569098235
165.0,0.001898279334,2.822487355e-05,0.006499933438,8.894396572e-05,0.001504293713,2.400043246e-05,0.01872083359,0.0006462667068,0.003381364736,1.521155272e-05,0.002877037617,2.222484421e-05,0.007287730173,0.001592658073,0.1585024816
166.0,0.001773116197,2.683568194e-05,0.006408209119,8.80448329e-05,0.001447212751,2.286534459e-05,0.02070636747,0.000755597559,0.003323707896,1.509258071e-05,0.002842040306,2.204561309e-05,0.008424434351,0.001440985203,0.1599434668
167.0,0.001690776637,2.582791747e-05,0.006316015013,8.716551732e-05,0.001433967892,2.215489563e-05,0.02134979486,0.0007869461538,0.003264390235,1.495361845e-05,0.002805838546,2.185784446e-05,0.0086739528,0.001012040353,0.1609555071
168.0,0.001644854225,2.529971666e-05,0.006233707841,8.637607757e-05,0.001476179045,2.227940391e-05,0.02065599297,0.0007360380316,0.003207798722,1.480782541e-05,0.002769892189,2.166505003e-05,0.008029026127,0.0005148002035,0.1614703073
169.0,0.001644565506,2.522014957e-05,0.00616664074,8.571487622e-05,0.001551017701,2.322886751e-05,0.01865133415,0.0006133757958,0.003156001393,1.465340326e-05,0.002734639247,2.147456179e-05,0.006635856569,0.0001090432904,0.1615793506
170.0,0.001659280724,2.534115834e-05,0.006118097253,8.520003706e-05,0.001627442421,2.445399807e-05,0.01564436179,0.0004424880602,0.003106632491,1.451313939e-05,0.002701553822,2.129038797e-05,0.004761000046,-0.0003247401932,0.1612546104
171.0,0.00166194114,2.540851037e-05,0.00608290333,8.479932704e-05,0.001669985106,2.525393797e-05,0.01201574753,0.0002438282049,0.00305720766,1.439615169e-05,0.002671499806,2.110808648e-05,0.002617039168,-0.0002537391504,0.1610008713
172.0,0.001646047083,2.527637609e-05,0.006054982891,8.444919059e-05,0.001660115089,2.525911865e-05,0.008752346856,0.0004046935734,0.003014179019,1.427186468e-05,0.002643360059,2.094030335e-05,0.004345888422,-4.071621106e-05,0.1609601551
173.0,0.001595884281,2.471266035e-05,0.006012367623,8.377909743e-05,0.001606670146,2.456858714e-05,0.01120643959,0.0002548258197,0.002973339248,1.418848376e-05,0.002614843241,2.077056237e-05,0.002742991495,-0.0005324988305,0.1604276562
174.0,0.001533334988,2.40221985e-05,0.006005830304,8.368645509e-05,0.001513374524,2.325941737e-05,0.01341820336,0.0003749278625,0.002935437935,1.405425235e-05,0.002588914733,2.06098819e-05,0.004052463123,-0.0008856565023,0.1595419997
175.0,0.001469890894,2.338618522e-05,0.005996658665,8.351486587e-05,0.001403702954,2.168013609e-05,0.01465299847,0.0004451654932,0.002897241004,1.397779243e-05,0.002564945427,2.046015042e-05,0.004837075576,-0.0008524666817,0.1586895331
176.0,0.001427320967,2.304226482e-05,0.005980392036,8.320021191e-05,0.001300538896,2.015900936e-05,0.01492848862,0.0004679765976,0.002860625192,1.387744871e-05,0.002543542979,2.032506651e-05,0.005112995128,-0.0006108969458,0.1580786361
177.0,0.001420942835,2.309004524e-05,0.005950246822,8.269800769e-05,0.001218979477,1.896990605e-05,0.01426548469,0.0004399580349,0.002821590376,1.379565204e-05,0.002523623168,2.019828921e-05,0.004830257209,-0.0003304780554,0.1577481581
178.0,0.001449430803,2.340749342e-05,0.005909656019,8.199907095e-05,0.001167594677,1.833155529e-05,0.01282941131,0.0003704502496,0.002780860676,1.367784584e-05,0.002504690642,2.006430494e-05,0.004081481807,-0.0001340452427,0.1576141128
179.0,0.001481902002,2.37198896e-05,0.00585407591,8.111511897e-05,0.001144865749,1.823526258e-05,0.01082193008,0.0002744276955,0.002737469908,1.358639358e-05,0.002484956039,1.99227985e-05,0.003028754716,-6.949136297e-05,0.1575446215
180.0,0.001500247754,2.384758728e-05,0.005783597766,8.008633218e-05,0.001134901588,1.835613462e-05,0.008466600513,0.0001637794598,0.002692620537,1.345257814e-05,0.002463746609,1.977176583e-05,0.001807151828,6.514070416e-06,0.1575511355
181.0,0.001494234281,2.367624297e-05,0.005700384583,7.89764233e-05,0.001120846027,1.83511496e-05,0.007094435235,0.0003258835506,0.00264495991,1.332582487e-05,0.002442869536,1.961835012e-05,0.003588367978,-0.0001096268713,0.1574415086
182.0,0.001447431408,2.299111903e-05,0.005587690494,7.757146311e-05,0.001099453758,1.813571012e-05,0.008820955805,0.0002533790873,0.002596676356,1.311564296e-05,0.002419780809,1.945634882e-05,0.002780230401,0.0006924625449,0.1581339712
183.0,0.001388409161,2.223686115e-05,0.005490532556,7.638046105e-05,0.001074030842,1.769549094e-05,0.01027864869,0.0003495038096,0.002543484046,1.301437413e-05,0.002395114066,1.927744953e-05,0.003818182172,0.001014769582,0.1591487408
184.0,0.001323641085,2.141819535e-05,0.00538525279,7.51425756e-05,0.001049430609,1.711625867e-05,0.01127760837,0.0004093819845,0.002492034326,1.277092147e-05,0.002369525218,1.910601824e-05,0.004448596516,0.001036420999,0.1601851618
185.0,0.001264593354,2.064305737e-05,0.005282744108,7.394530558e-05,0.001030170153,1.654378171e-05,0.01173558335,0.000429677549,0.002437947266,1.26154338e-05,0.002342901261,1.892287698e-05,0.004642833112,0.0007653724445,0.1609505342
186.0,0.001216191713,1.997212838e-05,0.005190572429,7.286255948e-05,0.001024555291,1.616789077e-05,0.0115693319,0.0004106936705,0.002388269443,1.238287527e-05,0.002316366902,1.874318233e-05,0.004413781399,0.0003889615944,0.1613394958
187.0,0.001182128816,1.944728565e-05,0.005111861292,7.192652286e-05,0.001036206926,1.610038396e-05,0.01080057208,0.0003526110888,0.002339925883,1.224666308e-05,0.002290677683,1.856127192e-05,0.003772207712,0.0001006748504,0.1614401707
188.0,0.00116473409,1.911717597e-05,0.005046170569,7.115959179e-05,0.001055910901,1.623269543e-05,0.009555469537,0.0002693846416,0.002298930301,1.204005411e-05,0.002266276105,1.839509159e-05,0.002872159386,-0.0001608559411,0.1612793147
189.0,0.00115835279,1.895545115e-05,0.00499386887,7.05518683e-05,0.001070189481,1.639697312e-05,0.007999519335,0.0003967189003,0.00226165558,1.1893106e-05,0.002244541223,1.823475471e-05,0.004221320545,-0.0001050303782,0.1611742843
190.0,0.001157347156,1.88946602e-05,0.004913687788,6.950002642e-05,0.001065960287,1.636130118e-05,0.006149357563,0.0002998773914,0.002227533788,1.176797699e-05,0.002223489617,1.808257598e-05,0.003190039674,3.607921993e-05,0.1612103636
191.0,0.001148570911,1.881909229e-05,0.004877500858,6.901888816e-05,0.00104852736,1.612492206e-05,0.005883216629,0.0002832960344,0.00219638127,1.159238846e-05,0.002203986883,1.793511826e-05,0.003015603935,-3.620225901e-05,0.1611741613
192.0,0.001133814775,1.874512242e-05,0.004860876723,6.884765027e-05,0.001020365423,1.57461262e-05,0.006822551155,0.0001127017198,0.002164404606,1.148973739e-05,0.002185092793,1.779150548e-05,0.00120113529,-3.891242575e-05,0.1611352489
193.0,0.001127255361,1.887188274e-05,0.00486803016,6.904201308e-05,0.0009819079657,1.52242482e-05,0.00753864512,0.0001667407778,0.002134951758,1.1354536e-05,0.002167968589,1.765479092e-05,0.001780543882,-0.0003241982279,0.1608110507
194.0,0.001122891961,1.90673925e-05,0.004864713661,6.907576235e-05,0.0009431276042,1.469010385e-05,0.00780863565,0.0002012280165,0.002106215155,1.12263753e-05,0.002151871346,1.751764777e-05,0.002153414654,-0.0004488940298,0.1603621566
195.0,0.001134460487,1.931185471e-05,0.004849124498,6.892329192e-05,0.0009106591383,1.425795725e-05,0.00765500027,0.000212332815,0.00207701369,1.110500308e-05,0.002136771891,1.738566217e-05,0.002276853089,-0.0004737493942,0.1598884072
196.0,0.001156909731,1.95383157e-05,0.004821731402,6.858552621e-05,0.0008880518112,1.399618832e-05,0.007142637011,0.0002001882049,0.002048040221,1.097353548e-05,0.002122487395,1.725452395e-05,0.002150036937,-0.0004298472086,0.15945856
197.0,0.001172589279,1.966287589e-05,0.004785643961,6.811261339e-05,0.0008750212543,1.390186278e-05,0.006352876726,0.0001676772013,0.002018948509,1.085074562e-05,0.002108789106,1.712618861e-05,0.001802514504,-0.000342136873,0.1591164231
198.0,0.001177207298,1.96518564e-05,0.004744436147,6.755320805e-05,0.000867664393,1.390356207e-05,0.005368011314,0.0002670063077,0.001988894552,1.071356925e-05,0.002095548317,1.699641395e-05,0.002870518851,0.0001665032343,0.1592829264
199.0,0.001169665504,1.951647745e-05,0.004692655532,6.687848368e-05,0.0008586162575,1.384971217e-05,0.0048526048,0.0002105359255,0.001958773874,1.058574675e-05,0.00208182807,1.687169825e-05,0.002261430867,-9.579842324e-05,0.159187128
200.0,0.001148209373,1.91914558e-05,0.004642322922,6.624645791e-05,0.0008484542831,1.372968035e-05,0.005654684642,0.0001353613799,0.00192897249,1.04483645e-05,0.002068022031,1.674573636e-05,0.001451655227,0.0003336727489,0.1595208007
201.0,0.00112576789,1.88540531e-05,0.004600392344,6.56745546e-05,0.0008377209147,1.352425097e-05,0.006314822123,0.0001805083229,0.001899534191,1.031819104e-05,0.002053540868,1.661480271e-05,0.001932300825,0.000476685366,0.1599974861
202.0,0.001100628403,1.846774919e-05,0.004551026186,6.501211122e-05,0.000825775836,1.32483747e-05,0.006764241683,0.0002168591949,0.001870759916,1.018558342e-05,0.002038299694,1.648086097e-05,0.002316211852,0.0005697474984,0.1605672336
203.0,0.001074547162,1.807812769e-05,0.004500019321,6.432008222e-05,0.0008131131221,1.292652512e-05,0.006991175412,0.0002378684264,0.001842306039,1.005163979e-05,0.002022766503,1.634804677e-05,0.002534592161,0.0005604422803,0.1611276759
204.0,0.001048467298,1.769938483e-05,0.00444927268,6.361593595e-05,0.0008011055028,1.260512245e-05,0.00697926294,0.0002386904405,0.001815795678,9.921871844e-06,0.002007083243,1.621509605e-05,0.002537456943,0.000463688938,0.1615913648
205.0,0.001023530634,1.735256478e-05,0.004399799158,6.292690051e-05,0.000791436817,1.233136609e-05,0.00672816627,0.0002192109836,0.00179175307,9.804067769e-06,0.001990936185,1.608148445e-05,0.002325496081,0.0003262324557,0.1619175972
206.0,0.00100265581,1.705574282e-05,0.004352963287,6.224404246e-05,0.0007846009522,1.213331556e-05,0.006268985793,0.0001831665357,0.001769953996,9.68732271e-06,0.001975070655,1.594871777e-05,0.001939801837,0.0001069364844,0.1620245337
207.0,0.0009885419666,1.681833834e-05,0.00430871195,6.155216187e-05,0.0007803309028,1.199334341e-05,0.005658791098,0.0001347933753,0.001749907809,9.587137061e-06,0.001959589053,1.581693517e-05,0.00142575123,8.019566539e-05,0.1621047294
208.0,0.0009786760129,1.665391768e-05,0.004264685633,6.083129159e-05,0.0007748219955,1.186568084e-05,0.004987875818,0.000228198858,0.001732775434,9.479183465e-06,0.001944680498,1.568876014e-05,0.002412065076,-4.049786846e-05,0.1620642315
209.0,0.0009693968604,1.646245973e-05,0.004204272949,5.983625703e-05,0.0007667413853,1.175780056e-05,0.004300425774,0.0001868476415,0.001716522419,9.399659824e-06,0.001930397435,1.556046317e-05,0.001974544374,-4.015927078e-06,0.1620602156
210.0,0.0009612980638,1.633569801e-05,0.004157895617,5.901830609e-05,0.0007548645854,1.159488768e-05,0.003833682883,0.000145863862,0.001702231454,9.294637137e-06,0.001916646055,1.54328572e-05,0.001541608411,3.618494468e-05,0.1620964005
211.0,0.0009548103066,1.626612823e-05,0.004117645301,5.828897958e-05,0.0007399302833,1.139151608e-05,0.003960890234,0.000182638235,0.001687863842,9.218275964e-06,0.001903608144,1.530661633e-05,0.001930833014,0.0002199705863,0.1623163711
212.0,0.0009519276377,1.621461618e-05,0.004071096344,5.745643056e-05,0.0007252142797,1.120034744e-05,0.004045042793,0.0001106168201,0.001674529071,9.128038594e-06,0.001891456984,1.518505893e-05,0.001169897536,-0.0002816988016,0.1620346723
213.0,0.0009441383226,1.614710727e-05,0.004023047409,5.660214266e-05,0.0007119751822,1.103215143e-05,0.004135709149,0.0001244892954,0.001661117539,9.04839402e-06,0.001879952297,1.506260237e-05,0.001317197765,-0.000325341906,0.1617093304
214.0,0.0009414429775,1.607951452e-05,0.003965883301,5.562139636e-05,0.0007040378788,1.094910247e-05,0.004024110266,0.000123787072,0.001647915474,8.963968382e-06,0.001868993372,1.49439309e-05,0.001310435635,-0.0003270218469,0.1613823086
215.0,0.000938661982,1.600017826e-05,0.003900672529,5.453983119e-05,0.0006994444271,1.091798305e-05,0.003784996376,0.0001117979831,0.001634650491,8.877675023e-06,0.001858428161,1.482323045e-05,0.001183870585,-0.0002913971498,0.1610909114
216.0,0.0009336899639,1.588697907e-05,0.003828728744,5.33922591e-05,0.0006960868537,1.090541921e-05,0.003442075102,0.000154832173,0.001621218535,8.796001956e-06,0.001848883544,1.470929566e-05,0.001639610114,0.0003464802844,0.1614373917
217.0,0.0009265677537,1.574054027e-05,0.003750429634,5.218832684e-05,0.0006909121431,1.08711548e-05,0.003542168272,0.0001609118324,0.001607142155,8.697053478e-06,0.001838987741,1.459155247e-05,0.001703518918,-0.0001242790422,0.1613131127
218.0,0.000915130468,1.55276802e-05,0.003669996094,5.097942447e-05,0.0006834662904,1.079276095e-05,0.003811566498,0.000189747295,0.001592397702,8.610508747e-06,0.001829519304,1.448152591e-05,0.002007165426,-0.0001721824538,0.1611409302
219.0,0.0009015513262,1.52707842e-05,0.003587552292,4.973224144e-05,0.0006756187511,1.06916453e-05,0.004021977006,0.0001107497299,0.001577677331,8.517695358e-06,0.001819859548,1.436651679e-05,0.001170578167,0.0003020234539,0.1614429537
220.0,0.0008899689952,1.505842291e-05,0.003510417353,4.854253818e-05,0.000666940051,1.053297588e-05,0.004204724515,0.000125319181,0.001562427064,8.419691464e-06,0.001810417662,1.426055261e-05,0.001323509338,0.0003328922855,0.161775846
221.0,0.0008773717059,1.482444574e-05,0.003430787469,4.736215515e-05,0.0006573646219,1.035416966e-05,0.004313723456,0.0001338868989,0.001548004894,8.326987262e-06,0.001800738275,1.415063406e-05,0.001412502946,0.0003542276024,0.1621300736
222.0,0.0008628134416,1.456828456e-05,0.003351934883,4.62072788e-05,0.00064722127,1.01593892e-05,0.004340575999,0.0001359049702,0.0015331323,8.227540161e-06,0.001791301433,1.404985256e-05,0.001432255462,0.0003438099535,0.1624738835
223.0,0.0008471053189,1.429910667e-05,0.003274666781,4.508440837e-05,0.0006368020561,9.961776564e-06,0.004282673002,0.0001308681878,0.001518652814,8.137565613e-06,0.001781817155,1.394498359e-05,0.00137776007,0.0003036552322,0.1627775387
224.0,0.0008310834888,1.402699707e-05,0.003200841079,4.40123918e-05,0.0006266243442,9.774948114e-06,0.004149104026,0.0001193168367,0.001504597054,8.038512554e-06,0.001772422814,1.384299311e-05,0.001254975284,0.0002496990531,0.1630272378
225.0,0.0008158604111,1.375821906e-05,0.003130218685,4.299892334e-05,0.0006172427834,9.608779999e-06,0.003953163717,0.0001036146135,0.001491370202,7.944245699e-06,0.001763241261,1.374373252e-05,0.001088941104,0.0002018501052,0.1632290879
226.0,0.0008017463636,1.349633909e-05,0.00306363655,4.203716745e-05,0.0006088114399,9.467324348e-06,0.003723813798,8.714240807e-05,0.00147846567,7.855733654e-06,0.001754251376,1.364729402e-05,0.000915224811,0.0001677754987,0.1633968634
227.0,0.0007879394948,1.324252327e-05,0.003000338791,4.113518041e-05,0.0006012257856,9.350929719e-06,0.003482612892,7.343722383e-05,0.001466427305,7.754188887e-06,0.001745677371,1.355289074e-05,0.0007709026717,0.0001489224075,0.1635457858
228.0,0.0007740795329,1.299619244e-05,0.002940560932,4.028351324e-05,0.0005943112197,9.254871864e-06,0.003249780217,0.0001585715946,0.001454485461,7.666112161e-06,0.001737549812,1.346112721e-05,0.001664011321,-6.854727207e-05,0.1634772385
229.0,0.0007620786175,1.273535955e-05,0.002881396423,3.943268548e-05,0.0005881052325,9.189871186e-06,0.003067752859,0.000151194296,0.001442697991,7.570580914e-06,0.001729591576,1.33707382e-05,0.001586077381,-7.984792667e-05,0.1633973906
230.0,0.0007483716406,1.248906608e-05,0.002828585861,3.868453545e-05,0.0005820008851,9.121180456e-06,0.002926722475,0.0001429000998,0.001431004005,7.472711752e-06,0.001721819577,1.328436816e-05,0.001498815284,-7.142991461e-05,0.1633259607
231.0,0.0007343463843,1.226515652e-05,0.002780147547,3.799695905e-05,0.0005764074305,9.054404186e-06,0.002798079964,0.0001328498901,0.001418907297,7.384674654e-06,0.001714905188,1.320015718e-05,0.001393262405,-5.414193975e-05,0.1632718188
232.0,0.0007219465181,1.206425219e-05,0.002733805556,3.733989642e-05,0.0005718371435,8.995117355e-06,0.002687671624,0.0001259549969,0.001406947722,7.297075382e-06,0.001708303045,1.312327079e-05,0.001320877421,-4.875562817e-05,0.1632230631
233.0,0.0007113727336,1.187764659e-05,0.002687808464,3.669243455e-05,0.0005684376568,8.94751593e-06,0.002613402148,0.0001257420608,0.001395373738,7.200967604e-06,0.001701884215,1.30452768e-05,0.001318613691,-8.480343706e-05,0.1631382597
234.0,0.0007016345101,1.169493486e-05,0.002642118166,3.60534735e-05,0.0005656723174,8.910136095e-06,0.002574959536,7.021038278e-05,0.001383571016,7.103411406e-06,0.001696296175,1.297465467e-05,0.0007362323598,0.0002765007461,0.1634147604
235.0,0.0006952434946,1.153066652e-05,0.002595784804,3.538950545e-05,0.0005651137841,8.891892651e-06,0.002574279851,7.109374387e-05,0.001370659726,7.014365383e-06,0.001690816545,1.290147095e-05,0.0007455140666,0.0002641164346,0.1636788769
236.0,0.0006868177483,1.134857063e-05,0.002551000402,3.476281858e-05,0.0005622988378,8.857530563e-06,0.002624775303,7.029087249e-05,0.001357555832,6.922510253e-06,0.001685733926,1.283676953e-05,0.0007369697365,0.0002483074741,0.1639271843
237.0,0.0006772677259,1.115741256e-05,0.002507743546,3.418072677e-05,0.0005579998534,8.805075894e-06,0.002668372777,6.838035184e-05,0.001344494901,6.821439799e-06,0.001680572645,1.277295458e-05,0.0007167704517,0.0001909877914,0.1641181721
238.0,0.0006672580149,1.096443856e-05,0.002467297609,3.364407924e-05,0.0005525439294,8.736124646e-06,0.002692902641,6.597330422e-05,0.00133051188,6.73218738e-06,0.001675902986,1.271230979e-05,0.000691345765,0.0001510023532,0.1642691745
239.0,0.0006576902891,1.077309049e-05,0.002429397589,3.314323707e-05,0.0005464652068,8.657372243e-06,0.002715199572,6.532591495e-05,0.001317092056,6.62966005e-06,0.001671198074,1.265305964e-05,0.0006843469944,0.0001396305597,0.164408805
240.0,0.0006479874507,1.058193486e-05,0.002393301417,3.266961283e-05,0.0005401079148,8.57466819e-06,0.00273907833,6.614351655e-05,0.001302635584,6.537182491e-06,0.00166648944,1.259709659e-05,0.000692665023,0.0001491436404,0.1645579487
241.0,0.0006374308237,1.038621428e-05,0.00235881597,3.221986515e-05,0.0005338418556,8.493339441e-06,0.002758125233,6.782194946e-05,0.001289019552,6.431736169e-06,0.001661670576,1.2539929e-05,0.0007099616934,0.0001586700477,0.1647166187
242.0,0.0006263287521,1.018605308e-05,0.002326098759,3.179348163e-05,0.0005279533434,8.415970124e-06,0.00276544895,6.931442674e-05,0.001274026059,6.349673992e-06,0.001657418006,1.249062727e-05,0.0007252876802,0.0001669602239,0.164883579
243.0,0.0006153400396,9.983679537e-06,0.002294935237,3.139239078e-05,0.0005226369252,8.343413917e-06,0.002750289351,7.003680529e-05,0.00126049041,6.246722075e-06,0.001653044416,1.243981674e-05,0.000732548587,0.000173169782,0.1650567487
244.0,0.0006046873976,9.783662697e-06,0.002265491384,3.101280015e-05,0.000517971305,8.277853933e-06,0.002716410601,6.987597467e-05,0.00124623331,6.156557582e-06,0.001648708431,1.239201064e-05,0.0007305894627,0.0001776984122,0.1652344472
245.0,0.0005945840556,9.588068346e-06,0.002238525569,3.065267471e-05,0.0005139772312,8.220531509e-06,0.002666650321,6.892729394e-05,0.001232703372,6.070369325e-06,0.001644369197,1.23471609e-05,0.0007204390695,0.0001814699268,0.1654159171
246.0,0.0005849146758,9.3997603e-06,0.002212407607,3.030777542e-05,0.0005106535524,8.172459774e-06,0.002595622264,6.731898811e-05,0.001219055549,5.979943653e-06,0.001640604043,1.230682852e-05,0.0007034485769,0.0001858381449,0.1656017552
247.0,0.0005756828596,9.221003113e-06,0.002187741018,2.997641726e-05,0.0005079382096,8.13397285e-06,0.002508870424,6.525835081e-05,0.001206247338,5.893492481e-06,0.001636665415,1.226635668e-05,0.0006817902958,0.0001922576663,0.1657940129
248.0,0.0005668952702,9.053316354e-06,0.002164032217,2.964991664e-05,0.0005058139232,8.105534118e-06,0.002418599151,6.285147584e-05,0.00119316312,5.811460237e-06,0.001633624987,1.223496774e-05,0.0006565745471,0.0002010611981,0.1659950741
249.0,0.000558559092,8.898233569e-06,0.002141275235,2.93231512e-05,0.0005041940311,8.08704337e-06,0.002323980248,5.985177935e-05,0.001180501531,5.734694818e-06,0.00163017303,1.219652277e-05,0.0006252124115,0.0002079981859,0.1662030723
250.0,0.0005507454932,8.754861713e-06,0.002119228821,2.899519156e-05,0.0005030908964,8.077777184e-06,0.002236873789,5.574146686e-05,0.001167976219,5.652471829e-06,0.00162771301,1.217116562e-05,0.000582283233,0.0002064443111,0.1664095166
251.0,0.0005435051117,8.621896889e-06,0.002097765993,2.866545706e-05,0.0005025242679,8.077181181e-06,0.002183211798,0.0001039466506,0.00115601554,5.574345143e-06,0.001625533941,1.214473471e-05,0.001085899359,-7.710140116e-05,0.1663324152
252.0,0.0005370203962,8.484696563e-06,0.002077319816,2.834477488e-05,0.0005018123035,8.081451059e-06,0.002167434927,9.130197302e-05,0.001143080007,5.506810024e-06,0.001623405882,1.212413188e-05,0.0009537804816,4.460367143e-05,0.1663770189
253.0,0.0005300069281,8.365533279e-06,0.002057061728,2.802288051e-05,0.0005017701721,8.092216953e-06,0.002167980332,9.791701244e-05,0.001131375292,5.43249727e-06,0.001621447597,1.210592872e-05,0.001022974271,0.0001199392631,0.1664969581
254.0,0.000523115751,8.255396613e-06,0.002036302227,2.768586894e-05,0.0005021269606,8.107705107e-06,0.002155491925,9.950470607e-05,0.001119446096,5.36166096e-06,0.001620137683,1.208619153e-05,0.00103961497,0.000127840743,0.1666247989
255.0,0.0005173606106,8.152890929e-06,0.002016038572,2.734485034e-05,0.0005026469953,8.124955765e-06,0.00213599516,9.546150501e-05,0.001107915809,5.296082032e-06,0.001619239769,1.207016235e-05,0.000997381017,9.511316661e-05,0.166719912
256.0,0.0005121400552,8.055444589e-06,0.001996035482,2.700487353e-05,0.0005033815781,8.143245256e-06,0.002124770334,9.769107755e-05,0.001096648101,5.22849961e-06,0.001618620969,1.205990162e-05,0.001020666988,2.277263779e-05,0.1667426847
257.0,0.0005073107598,7.96420262e-06,0.001976644241,2.667224312e-05,0.0005041038383,8.162500763e-06,0.002120421262,0.0001001650765,0.00108590253,5.16507982e-06,0.001618320626,1.204867589e-05,0.001046507746,-7.008947286e-07,0.1667419838
258.0,0.0005029273459,7.882568039e-06,0.001957763767,2.634423933e-05,0.0005048212568,8.183540697e-06,0.002120945041,0.0001028346676,0.00107571512,5.107744381e-06,0.001618436981,1.203855718e-05,0.001074399568,-2.14592411e-05,0.1667205245
259.0,0.0004989994373,7.81362037e-06,0.001939254578,2.602624225e-05,0.0005055216935,8.205460328e-06,0.002125771245,0.0001037635522,0.001065938428,5.048719619e-06,0.001618791578,1.202958215e-05,0.001084093298,-2.342717554e-05,0.1666970974
260.0,0.0004955638407,7.755709018e-06,0.001921334355,2.571950553e-05,0.0005062286548,8.228193999e-06,0.002133498405,0.0001042841194,0.001056655874,4.998623359e-06,0.001619136366,1.201694845e-05,0.001089516748,-2.234975332e-05,0.1666747476
261.0,0.0004926115118,7.706787047e-06,0.001903806454,2.542240145e-05,0.0005069441381,8.251884537e-06,0.00213161087,0.0001043990877,0.001047980689,4.949763173e-06,0.001619775848,1.200858176e-05,0.001090694788,-1.99817581e-05,0.1666547658
262.0,0.0004900066072,7.666319149e-06,0.001886989966,2.513445844e-05,0.000507786966,8.278213688e-06,0.002124235109,0.000103890699,0.001039740617,4.899583012e-06,0.001620900637,1.200146048e-05,0.001085364275,-1.585874956e-05,0.1666389071
263.0,0.0004878804294,7.632747918e-06,0.001871194805,2.485817702e-05,0.0005088303923,8.307398591e-06,0.00211094051,0.0001025418778,0.001032126344,4.857043588e-06,0.001621735226,1.198913486e-05,0.00107126938,-8.562422453e-06,0.1666303447
264.0,0.0004860386689,7.605567449e-06,0.001856046905,2.459427864e-05,0.0005101192087,8.339857122e-06,0.00209013967,0.0001001378935,0.001025254701,4.813282916e-06,0.001622882292,1.197905327e-05,0.001046172654,6.223095301e-06,0.1666365678
265.0,0.0004844311772,7.583210832e-06,0.001841358762,2.434253572e-05,0.0005117255824,8.377181114e-06,0.002069678882,9.659158154e-05,0.001019261415,4.775887906e-06,0.00162439426,1.197009977e-05,0.001009171726,3.386148242e-05,0.1666704293
266.0,0.0004831100664,7.563874561e-06,0.001827673965,2.41043527e-05,0.0005137048899,8.419801238e-06,0.002067081631,9.297614124e-05,0.001013928158,4.744059823e-06,0.001625972767,1.195734665e-05,0.0009714809997,7.968528421e-05,0.1667501145
267.0,0.0004820625267,7.548973477e-06,0.001814990863,2.388064412e-05,0.0005160758596,8.467378595e-06,0.002080059382,9.479358259e-05,0.001009286194,4.710824466e-06,0.001627682848,1.19478727e-05,0.0009905892397,0.000128717044,0.1668788316
268.0,0.0004812126037,7.537522101e-06,0.001803153437,2.367382739e-05,0.0005188053445,8.520147875e-06,0.002101629637,9.829410676e-05,0.001005550666,4.681913667e-06,0.001629574834,1.193724028e-05,0.001027320252,0.0001342867999,0.1670131184
269.0,0.0004804999878,7.53100289e-06,0.001792604454,2.348741933e-05,0.0005218629795,8.577281507e-06,0.002129078015,0.0001044185651,0.00100235042,4.659095387e-06,0.001631612458,1.1923213e-05,0.001091512978,0.0001706573944,0.1671837758
270.0,0.0004798945456,7.526591178e-06,0.001782780562,2.331645958e-05,0.0005252089349,8.638936527e-06,0.002148414031,6.100477164e-05,0.0009999644302,4.634577794e-06,0.001633731511,1.190789307e-05,0.0006378244806,-0.0001458356294,0.1670379401
271.0,0.0004813157962,7.544783515e-06,0.001771851944,2.312108408e-05,0.0005290230639,8.703090674e-06,0.002232455584,6.509924023e-05,0.0009982349354,4.616528981e-06,0.001636045537,1.189295492e-05,0.0006808019148,-0.0001524847876,0.1668854554
272.0,0.0004823633097,7.552814582e-06,0.001763068317,2.296802383e-05,0.0005333320247,8.779663301e-06,0.002265542974,6.365529567e-05,0.0009972922155,4.601376821e-06,0.001638170275,1.188281398e-05,0.0006659456015,-0.000142894691,0.1667425607
273.0,0.0004826615586,7.559273582e-06,0.001755926256,2.284012969e-05,0.0005381821328,8.859815563e-06,0.002267741568,6.1492585e-05,0.0009968459045,4.588654799e-06,0.001640373165,1.186630535e-05,0.0006435257285,-0.0001272525953,0.1666153081
274.0,0.0004823514751,7.568170443e-06,0.001749739561,2.273218271e-05,0.0005431545215,8.939691641e-06,0.002241211059,5.888723791e-05,0.000996838755,4.572994529e-06,0.001642401666,1.185219865e-05,0.0006164245584,-0.0001122398422,0.1665030682
275.0,0.0004832111181,7.584320769e-06,0.001744607281,2.263862856e-05,0.0005480076097,9.016693841e-06,0.002201754989,5.589267696e-05,0.0009970870199,4.562236411e-06,0.001644471329,1.183196082e-05,0.0005852119058,-0.0001026039673,0.1664004643
276.0,0.0004847646255,7.607958901e-06,0.001740106591,2.255367929e-05,0.0005525051504,9.089120293e-06,0.002161398086,5.277453509e-05,0.0009980394873,4.551364895e-06,0.001646454669,1.181602535e-05,0.000552675427,-9.772094497e-05,0.1663027433
277.0,0.000486721506,7.638343825e-06,0.001736052708,2.247621295e-05,0.0005566363506,9.156540294e-06,0.002125613591,5.003043461e-05,0.0009988050671,4.539984267e-06,0.001648356546,1.178333291e-05,0.0005240327463,-9.512818119e-05,0.1662076151
278.0,0.000488833292,7.673249867e-06,0.001732171314,2.240745355e-05,0.0005604025265,9.218907343e-06,0.002103559222,0.0001029453404,0.001000015013,4.53513182e-06,0.001650418162,1.176572563e-05,0.001078478903,0.0001315400094,0.1663391551
279.0,0.0004910761292,7.700040286e-06,0.001730317046,2.237467678e-05,0.0005640143602,9.282297337e-06,0.002063497123,9.457396934e-05,0.001001354277,4.523441241e-06,0.001652425332,1.174396298e-05,0.0009909612037,0.0001250197431,0.1664641749
280.0,0.0004933649458,7.737283576e-06,0.001729284606,2.235763374e-05,0.0005671836578,9.3311267e-06,0.002051902816,9.510414928e-05,0.001003074217,4.520309187e-06,0.001654300997,1.171440441e-05,0.0009966066945,8.128239058e-05,0.1665454573
281.0,0.0004953713343,7.778650226e-06,0.001727945485,2.234575495e-05,0.0005700503725,9.374661478e-06,0.002067828524,9.801019042e-05,0.00100497995,4.509260602e-06,0.001656288477,1.169093796e-05,0.001027181631,7.742242672e-05,0.1666228797
282.0,0.0004975779225,7.820555692e-06,0.001726825201,2.233336181e-05,0.0005728495518,9.417958336e-06,0.002100188021,9.933912055e-05,0.001007449141,4.512491957e-06,0.001658314736,1.166408179e-05,0.001041296229,0.000135372773,0.1667582525
283.0,0.0004997346415,7.85915612e-06,0.001726307425,2.232567063e-05,0.0005758979154,9.464560018e-06,0.002146413207,5.988879133e-05,0.001010065359,4.505312798e-06,0.001660139506,1.163454455e-05,0.0006279132601,-0.0001308725906,0.1666273799
284.0,0.0005039791202,7.914579487e-06,0.001725000341,2.228262547e-05,0.0005794213725,9.516859127e-06,0.002279499529,6.617887063e-05,0.00101288446,4.508112452e-06,0.001662139763,1.160601221e-05,0.0006940771957,-0.000149742568,0.1664776373
285.0,0.000507458944,7.95122367e-06,0.001725809422,2.227739046e-05,0.0005834969702,9.581616623e-06,0.002365803982,6.65809279e-05,0.001016147183,4.507783258e-06,0.001664071193,1.157580248e-05,0.0006985958195,-0.0001437970123,0.1663338403
286.0,0.0005083563601,7.965890089e-06,0.001728723768,2.230528467e-05,0.00058835383,9.650574305e-06,0.002424912555,6.633076362e-05,0.001019283496,4.509464753e-06,0.001665961545,1.154642598e-05,0.0006962482219,-0.0001290701591,0.1662047701
287.0,0.0005075406197,7.970563612e-06,0.001733778499,2.236170048e-05,0.0005936763316,9.720480016e-06,0.002455799226,6.515181163e-05,0.001022113854,4.509871458e-06,0.001667495663,1.151232016e-05,0.0006841247914,-0.0001132125614,0.1660915576
288.0,0.0005078605134,7.979596256e-06,0.001740780331,2.244029465e-05,0.0005991431834,9.788779005e-06,0.002460866082,6.322216599e-05,0.00102483039,4.50649015e-06,0.001668887771,1.148075374e-05,0.0006640831856,-0.0001033131945,0.1659882444
289.0,0.0005090991275,7.991845663e-06,0.001748557489,2.253485091e-05,0.00060446547,9.853265024e-06,0.002455038251,6.095970296e-05,0.001027384512,4.506696605e-06,0.001670092114,1.144516713e-05,0.0006405148646,-9.94966815e-05,0.1658887477
290.0,0.0005104603942,8.005679613e-06,0.001756986525,2.263728751e-05,0.0006093648062,9.912987409e-06,0.002437473356,5.880808275e-05,0.00102994546,4.504376686e-06,0.001671193347,1.14088239e-05,0.0006180825613,-9.843631361e-05,0.1657903114
291.0,0.0005118247067,8.020928979e-06,0.001766007172,2.274346522e-05,0.0006137392361,9.967464552e-06,0.002415366155,5.687507553e-05,0.001032081551,4.509430561e-06,0.001672272539,1.137446496e-05,0.000597925301,-9.754455265e-05,0.1656927668
292.0,0.0005132432659,8.039134316e-06,0.001774836789,2.285733939e-05,0.0006175782844,1.001726947e-05,0.002390136353,5.516328401e-05,0.001034447169,4.504664416e-06,0.001673348146,1.133697942e-05,0.0005800766108,-9.549963166e-05,0.1655972672
293.0,0.0005148256569,8.061650132e-06,0.001784315047,2.298060959e-05,0.0006209525976,1.006317211e-05,0.002367596883,5.359080053e-05,0.001036908249,4.504941017e-06,0.001674431614,1.129498955e-05,0.0005636769095,-9.178916855e-05,0.165505478
294.0,0.0005166575826,8.089088871e-06,0.001794156611,2.311623175e-05,0.0006239698002,1.010609103e-05,0.002354390421,5.219936959e-05,0.001039406984,4.506408944e-06,0.00167538707,1.125576388e-05,0.0005491732952,-8.66422691e-05,0.1654188358
295.0,0.0005187222558,8.120302176e-06,0.001804261478,2.326314136e-05,0.0006267547238,1.014757734e-05,0.002346656101,5.124127406e-05,0.001042120398,4.505651549e-06,0.001676281935,1.121862968e-05,0.0005392146465,-8.107912599e-05,0.1653377566
296.0,0.0005209153532,8.154077278e-06,0.001814684448,2.341852575e-05,0.0006293851443,1.018779405e-05,0.002349229699,5.087964738e-05,0.001044795539,4.507262217e-06,0.001677181426,1.117407201e-05,0.0005355327941,-7.649620367e-05,0.1652612604
297.0,0.0005231937741,8.189277046e-06,0.001825598602,2.358019444e-05,0.0006319710002,1.022689777e-05,0.002355943029,5.11824124e-05,0.001047464545,4.508932277e-06,0.001678038966,1.11339564e-05,0.0005388441742,-7.405772541e-05,0.1651872027
298.0,0.0005254231836,8.223673939e-06,0.001836783203,2.374833023e-05,0.0006346144216,1.026543487e-05,0.002368433913,5.209093184e-05,0.00105033832,4.510469562e-06,0.001678871865,1.108516997e-05,0.0005485410892,-7.409428187e-05,0.1651131084
299.0,0.0005275149052,8.254984058e-06,0.001847999425,2.392041948e-05,0.00063729712,1.030362704e-05,0.002387401045,5.349367608e-05,0.001053169333,4.519670308e-06,0.001679605883,1.10404832e-05,0.0005634558668,-7.66935342e-05,0.1650364149
300.0,0.0005293855275,8.282530219e-06,0.001859202154,2.409512665e-05,0.0006400552713,1.034188336e-05,0.002404909244,5.529310431e-05,0.001056171278,4.519465616e-06,0.001680083971,1.099176954e-05,0.0005825668085,-8.166838446e-05,0.1649547465
301.0,0.0005308842393,8.305329118e-06,0.001869617493,2.427045993e-05,0.0006429033219,1.038035198e-05,0.002419459388,5.735166631e-05,0.001058924867,4.525657391e-06,0.001680442265,1.093916059e-05,0.0006044325236,-8.82575604e-05,0.164866489
302.0,0.0005319978514,8.322531128e-06,0.00188014694,2.444523468e-05,0.0006458909958,1.04190004e-05,0.002436393287,5.947298034e-05,0.001061881253,4.530895791e-06,0.001680852756,1.089719869e-05,0.000626983089,-9.550606561e-05,0.1647709829
303.0,0.0005327322138,8.334829974e-06,0.001890602166,2.461814676e-05,0.0006489354872,1.045800752e-05,0.002443349889,6.146116618e-05,0.001064521138,4.537448295e-06,0.001680837046,1.083952479e-05,0.0006481519751,-0.0001023768707,0.164668606
304.0,0.0005331922334,8.343175425e-06,0.001901065152,2.479477105e-05,0.0006520379347,1.04974638e-05,0.002443551601,6.312135566e-05,0.001067591019,4.544309919e-06,0.001680655824,1.078981214e-05,0.0006658794795,-0.0001078846594,0.1645607214
305.0,0.0005334221458,8.349562328e-06,0.001911510572,2.497064432e-05,0.0006551297242,1.053725331e-05,0.002439055466,6.427190766e-05,0.001070111575,4.55283477e-06,0.001680385401,1.072943392e-05,0.000678247097,-0.00011139944,0.1644493219
306.0,0.0005337112825,8.354838407e-06,0.001922280326,2.514480918e-05,0.0006582241304,1.05766552e-05,0.002426503143,6.481484359e-05,0.001072753619,4.557386127e-06,0.001679951495,1.068155057e-05,0.0006842059498,-0.0001124579502,0.164336864
307.0,0.0005339824461,8.360298301e-06,0.001932471902,2.531773015e-05,0.0006612600803,1.061508117e-05,0.002406636106,6.47129723e-05,0.001075564564,4.568518568e-06,0.001679575703,1.062221871e-05,0.0006833566492,-0.0001109452165,0.1642259188
308.0,0.0005343329035,8.367474183e-06,0.001942945285,2.54868463e-05,0.0006641963968,1.065224187e-05,0.00238498922,6.398922372e-05,0.00107825915,4.57098842e-06,0.001678801299,1.057301213e-05,0.0006759354841,-0.000107015426,0.1641189033
309.0,0.0005347982795,8.376251401e-06,0.001953968269,2.565072106e-05,0.0006669000697,1.068758473e-05,0.002361391786,6.276258308e-05,0.001080944772,4.580576455e-06,0.001678226586,1.05147617e-05,0.0006631851082,-0.000101031328,0.164017872
310.0,0.0005352582662,8.385603107e-06,0.001964548504,2.580895935e-05,0.0006693607365,1.072104779e-05,0.002335145226,6.122098998e-05,0.001083806533,4.584173114e-06,0.001677279903,1.045670663e-05,0.0006470946815,-9.359900686e-05,0.163924273
311.0,0.0005357768273,8.394627163e-06,0.001974955221,2.595815682e-05,0.000671680748,1.07518153e-05,0.002313950637,5.955548961e-05,0.001086786885,4.59567572e-06,0.001676334984,1.039162777e-05,0.0006296773011,-8.554267468e-05,0.1638387303
312.0,0.0005361822944,8.403291085e-06,0.001984968491,2.609641667e-05,0.0006737479193,1.078003368e-05,0.002292231619,5.800462584e-05,0.001089562502,4.60310697e-06,0.001675205227,1.033090894e-05,0.0006134561068,-7.776871709e-05,0.1637609616
313.0,0.0005365130764,8.410039936e-06,0.001994371003,2.622176918e-05,0.0006755654001,1.080586112e-05,0.002276368045,5.674693199e-05,0.001092296578,4.609629181e-06,0.001674095943,1.02649536e-05,0.0006003234576,-7.099638029e-05,0.1636899652
314.0,0.0005366073061,8.414073563e-06,0.002003385559,2.63366033e-05,0.0006770923073,1.08298696e-05,0.002264385436,5.590546799e-05,0.001095072773,4.616102522e-06,0.001672798229,1.020084417e-05,0.00059158804,-6.59461824e-05,0.163624019
315.0,0.0005366033921,8.414199104e-06,0.002011517476,2.643717541e-05,0.0006785140522,1.085209073e-05,0.002257474808,5.557250761e-05,0.001097518294,4.627675906e-06,0.001671410607,1.014147562e-05,0.0005882295334,-6.30090215e-05,0.16356101
316.0,0.0005362838674,8.410969337e-06,0.002018977475,2.652663487e-05,0.0006797748597,1.087283832e-05,0.002255375044,5.573348551e-05,0.001100348046,4.630697039e-06,0.001669933139,1.007506103e-05,0.0005900990613,-6.217343043e-05,0.1634988366
317.0,0.0005357738427,8.403373181e-06,0.002025230333,2.660479017e-05,0.0006809824292,1.089270387e-05,0.002258871389,5.6306349e-05,0.001102932517,4.638969858e-06,0.001668411624,1.000555155e-05,0.0005963374196,-6.317440123e-05,0.1634356622
318.0,0.0005351202806,8.392013685e-06,0.002030551077,2.667161353e-05,0.0006820900769,1.091184396e-05,0.002264215053,5.71929232e-05,0.001105533835,4.642949121e-06,0.0016666615,9.930536877e-06,0.0006059032297,-6.574075781e-05,0.1633699214
319.0,0.0005342586722,8.377105128e-06,0.002034775078,2.672593214e-05,0.0006831485303,1.093063222e-05,0.002268101201,5.824857159e-05,0.001108379986,4.652116317e-06,0.001664830483,9.875123138e-06,0.0006172699017,-6.92334293e-05,0.163300688
320.0,0.0005333731655,8.359724233e-06,0.002038147117,2.677003822e-05,0.0006842421054,1.094894054e-05,0.002275647648,5.932231246e-05,0.001110643966,4.656214152e-06,0.001662881624,9.796916277e-06,0.0006288389357,-7.315356769e-05,0.1632275344
321.0,0.0005324965007,8.340170478e-06,0.00204073511,2.680382884e-05,0.0006853615959,1.096664792e-05,0.002278894701,6.031735287e-05,0.00111346303,4.663658963e-06,0.001660712167,9.726080965e-06,0.0006395806377,-7.70610865e-05,0.1631504733
322.0,0.0005316690728,8.31923978e-06,0.002042218926,2.682916623e-05,0.0006864174035,1.098377336e-05,0.0022790165,6.113316676e-05,0.001116038955,4.667094987e-06,0.001658483449,9.651590997e-06,0.0006484280692,-8.050763827e-05,0.1630699657
323.0,0.0005308267794,8.298242669e-06,0.002042271816,2.684492333e-05,0.0006874354985,1.10004139e-05,0.002278831856,6.171106597e-05,0.001118572201,4.671119423e-06,0.001656249041,9.57679251e-06,0.0006547571864,-8.332293533e-05,0.1629866428
324.0,0.0005300404142,8.276403584e-06,0.002041086873,2.685293829e-05,0.0006884333445,1.101627974e-05,0.002274179482,6.2067956e-05,0.001121283738,4.679346944e-06,0.001653719097,9.496741247e-06,0.0006587411211,-8.551675165e-05,0.162901126
325.0,0.0005291177539,8.253974117e-06,0.002038548377,2.685403994e-05,0.000689311856,1.103040941e-05,0.002264281932,6.221884097e-05,0.001123802083,4.683700963e-06,0.001651237874,9.427173054e-06,0.0006605375056,-8.703201497e-05,0.162814094
326.0,0.0005281351629,8.230923343e-06,0.0020349565,2.684967217e-05,0.0006900645189,1.104265125e-05,0.002255465061,6.219716884e-05,0.001126356772,4.683979911e-06,0.001648582466,9.347030602e-06,0.0006605002402,-8.801479832e-05,0.1627260792
327.0,0.0005271940027,8.208605465e-06,0.002031010093,2.684037045e-05,0.0006906916031,1.105262763e-05,0.002243706487,6.208358281e-05,0.001128986524,4.688375214e-06,0.001645966409,9.265280284e-06,0.0006594807713,-8.866686886e-05,0.1626374123
328.0,0.0005261537646,8.18649313e-06,0.002026456069,2.682933033e-05,0.0006912091259,1.106024446e-05,0.002228034669,6.193014848e-05,0.001131385252,4.686763444e-06,0.0016432344,9.188737607e-06,0.0006580338785,-8.911711321e-05,0.1625482952
329.0,0.0005251194386,8.164008566e-06,0.00202158917,2.681723716e-05,0.0006915961461,1.106521267e-05,0.002214260121,6.177750352e-05,0.001133574876,4.691275348e-06,0.00164036225,9.106704327e-06,0.0006565915997,-8.957066023e-05,0.1624587246
330.0,0.0005240871249,8.14135259e-06,0.002016794151,2.680247993e-05,0.0006918189439,1.106702951e-05,0.002199551854,6.169473554e-05,0.001135949712,4.693385586e-06,0.00163753684,9.023413595e-06,0.0006558881364,-9.024387974e-05,0.1623684807
331.0,0.0005229012005,8.118403307e-06,0.002011822772,2.67855227e-05,0.0006918604237,1.106573287e-05,0.002183855768,6.169720821e-05,0.001138406745,4.691464949e-06,0.001634239205,8.942003506e-06,0.0006560880789,-9.120407377e-05,0.1622772766
332.0,0.0005215382931,8.095556811e-06,0.00200738341,2.676614805e-05,0.0006917077799,1.106180347e-05,0.002169319416,6.179307649e-05,0.00114028564,4.690143265e-06,0.001630926944,8.867533773e-06,0.0006572820599,-9.263924061e-05,0.1621846374
333.0,0.0005200739707,8.071819661e-06,0.002002677339,2.674531261e-05,0.0006914395992,1.105553676e-05,0.002155544458,6.200065302e-05,0.00114240129,4.690289063e-06,0.001627591838,8.7791622e-06,0.0006596684023,-9.461597534e-05,0.1620900214
334.0,0.0005184338043,8.046285674e-06,0.001997778584,2.672764221e-05,0.000691058075,1.104646291e-05,0.00214181413,6.230008271e-05,0.001143983151,4.691678004e-06,0.001624077204,8.701219049e-06,0.0006630338817,-9.701391979e-05,0.1619930075
335.0,0.0005165680213,8.01933438e-06,0.001993487626,2.671137694e-05,0.0006905369434,1.103473765e-05,0.002130923863,6.26493419e-05,0.001145858892,4.698245665e-06,0.001620287077,8.612559979e-06,0.0006669346145,-9.971129887e-05,0.1618932962
336.0,0.0005146928707,7.990114103e-06,0.001989224167,2.669551357e-05,0.0006898263371,1.10202539e-05,0.002118528279,6.302252394e-05,0.001147298146,4.70051148e-06,0.001616271521,8.520439265e-06,0.0006710932638,-0.0001026189818,0.1617906772
337.0,0.0005124849916,7.958559902e-06,0.001985503663,2.668159229e-05,0.0006888770047,1.100314147e-05,0.002103699073,6.337766403e-05,0.001148534642,4.690857752e-06,0.001612248622,8.433123203e-06,0.0006750671784,-0.0001055282483,0.1616851489
338.0,0.0005102429928,7.925615218e-06,0.001982250337,2.667112314e-05,0.0006877688925,1.098320995e-05,0.002092445265,6.366848356e-05,0.001149532815,4.688978851e-06,0.001607916095,8.339249026e-06,0.0006783598546,-0.0001082675564,0.1615768814
339.0,0.0005077041406,7.890449759e-06,0.001979328271,2.66643449e-05,0.0006864832541,1.096034646e-05,0.002078564179,6.387487019e-05,0.001150475424,4.692877998e-06,0.001603343734,8.249976427e-06,0.0006807586421,-0.0001107675243,0.1614661139
340.0,0.0005050241847,7.853343469e-06,0.001976366747,2.666020619e-05,0.0006849740052,1.09342266e-05,0.002062908208,6.396547621e-05,0.001151324166,4.687024642e-06,0.001598515459,8.154688676e-06,0.0006819261384,-0.000112884441,0.1613532294
341.0,0.0005022547263,7.81474532e-06,0.001973779454,2.66610003e-05,0.0006832923691,1.090511607e-05,0.002046342658,6.391483712e-05,0.001151587091,4.688361711e-06,0.001593443589,8.048228752e-06,0.0006815903997,-0.0001145792627,0.1612386502
342.0,0.0004992120956,7.774199052e-06,0.001971598791,2.666490605e-05,0.0006814181847,1.087274584e-05,0.002025000258,6.375006154e-05,0.001151858866,4.680893427e-06,0.001588161768,7.957388112e-06,0.0006800396193,-0.0001158930241,0.1611227571
343.0,0.0004959348129,7.731670764e-06,0.001969228549,2.66701347e-05,0.0006792935495,1.08364533e-05,0.002002383685,6.347218982e-05,0.001151935866,4.673472187e-06,0.001582730297,7.863150173e-06,0.0006772854768,-0.0001168479984,0.1610059091
344.0,0.0004925801723,7.687459663e-06,0.00196696705,2.667800375e-05,0.0006770271538,1.079719673e-05,0.001982879836,6.309572872e-05,0.001151688023,4.671149047e-06,0.001577120948,7.764400026e-06,0.0006734770089,-0.0001175008947,0.1608884082
345.0,0.0004890628543,7.641687785e-06,0.001964601812,2.668529373e-05,0.0006745326452,1.075442273e-05,0.001959721216,6.267000694e-05,0.001151129808,4.662752398e-06,0.001571250557,7.66138407e-06,0.0006691430295,-0.0001179936416,0.1607704146
346.0,0.0004854440737,7.594231066e-06,0.001961847938,2.669188475e-05,0.0006717930096,1.070795893e-05,0.001936292221,6.221605476e-05,0.001150241053,4.662817511e-06,0.001565148315,7.552943479e-06,0.0006645038324,-0.0001183667691,0.1606520478
347.0,0.0004817924579,7.545628133e-06,0.001958565083,2.669596769e-05,0.0006688060669,1.065747042e-05,0.001912641938,6.174623042e-05,0.001149419331,4.647614601e-06,0.001558682129,7.46859887e-06,0.0006597020806,-0.0001187671124,0.1605332807
348.0,0.0004781746918,7.495733999e-06,0.001954929757,2.669789178e-05,0.0006655853859,1.060334479e-05,0.001887078227,6.130701578e-05,0.001148174071,4.641865491e-06,0.001552182136,7.364535209e-06,0.0006552233939,-0.0001192433992,0.1604140373
349.0,0.0004743904193,7.444859056e-06,0.001950826883,2.669575263e-05,0.0006621705944,1.05458956e-05,0.001862076028,6.091012468e-05,0.001146656661,4.63743367e-06,0.001545334124,7.256337718e-06,0.0006511994226,-0.0001198364095,0.1602942009
350.0,0.0004706356949,7.392998153e-06,0.001946572093,2.669100986e-05,0.0006585701147,1.048493316e-05,0.001841154771,6.054658929e-05,0.001144703312,4.630807125e-06,0.001538134418,7.157487545e-06,0.0006475310481,-0.0001205321974,0.1601736687
351.0,0.0004667150421,7.33964547e-06,0.001941842444,2.667983716e-05,0.0006547434601,1.04204428e-05,0.001816284463,6.024352874e-05,0.001143245419,4.621451936e-06,0.00153066745,7.06871635e-06,0.0006445160056,-0.0001213907895,0.1600522779
352.0,0.0004628723669,7.284923598e-06,0.001936552069,2.666407699e-05,0.0006507301972,1.035293582e-05,0.001792383337,5.999734414e-05,0.001140851889,4.616307859e-06,0.001523118816,6.977783332e-06,0.0006421101252,-0.0001223300682,0.1599299479
353.0,0.0004590115411,7.229026245e-06,0.00193104107,2.664145987e-05,0.0006465244817,1.028251977e-05,0.001772527064,5.978617907e-05,0.00113863891,4.606839766e-06,0.001515198487,6.894249698e-06,0.0006400836507,-0.0001233515127,0.1598065963
354.0,0.0004551664013,7.172255127e-06,0.001924664603,2.661331656e-05,0.0006421069395,1.020863998e-05,0.001749604427,5.962168395e-05,0.001136207358,4.598122379e-06,0.001506933031,6.794955162e-06,0.0006385589119,-0.0001244190788,0.1596821773
355.0,0.0004512597737,7.114241368e-06,0.001917661339,2.657827603e-05,0.0006375000965,1.013194529e-05,0.001727012507,5.946895022e-05,0.001133527274,4.584249323e-06,0.0014981478,6.695658841e-06,0.0006371640382,-0.0001254589542,0.1595567183
356.0,0.0004472646797,7.05475347e-06,0.001909974684,2.653484479e-05,0.0006327032693,1.005220721e-05,0.001705190373,5.929597631e-05,0.001130339528,4.578650199e-06,0.001490191082,6.61854127e-06,0.0006355588291,-0.0001263869925,0.1594303313
357.0,0.0004432446074,6.993835495e-06,0.001901883083,2.648293219e-05,0.000627784378,9.969865345e-06,0.001683766415,5.911060405e-05,0.001126724238,4.570413801e-06,0.001482031795,6.529634682e-06,0.0006338214651,-0.0001272060078,0.1593031253
358.0,0.0004389746133,6.931599692e-06,0.001892856383,2.642317579e-05,0.0006227092803,9.884760627e-06,0.001661732061,5.889909732e-05,0.00112329089,4.560168972e-06,0.001473921006,6.454633969e-06,0.0006318061852,-0.0001278584143,0.1591752669
359.0,0.0004348184199,6.867651131e-06,0.001883277634,2.635433031e-05,0.0006175019792,9.797011777e-06,0.001642714193,5.863006631e-05,0.001119853007,4.53833576e-06,0.001465630666,6.377054987e-06,0.000629177051,-0.0001283431408,0.1590469238
360.0,0.0004305689688,6.802444449e-06,0.001873076787,2.627747058e-05,0.0006121777219,9.706759151e-06,0.001622177599,5.83322635e-05,0.001116185377,4.521614537e-06,0.001457209369,6.29206525e-06,0.0006262356791,-0.0001286735798,0.1589182502
361.0,0.0004262367304,6.73576555e-06,0.001862608519,2.61924408e-05,0.000606652202,9.61423407e-06,0.001600658479,5.800098189e-05,0.001112071036,4.497703608e-06,0.001448186589,6.215111186e-06,0.0006229393371,-0.0001288549132,0.1587893953
362.0,0.0004219261608,6.668045856e-06,0.001851319783,2.609930572e-05,0.0006010151401,9.519326791e-06,0.001579923611,5.762822309e-05,0.001107745834,4.478071033e-06,0.00143973992,6.144111064e-06,0.0006191972943,-0.0001289012519,0.158660494
363.0,0.0004175951906,6.598992055e-06,0.001839596902,2.599932597e-05,0.0005952472933,9.422134507e-06,0.001558279239,5.7243231e-05,0.001103411078,4.453761459e-06,0.001431145519,6.065203141e-06,0.000615321434,-0.0001288334558,0.1585316606
364.0,0.0004130933772,6.528699777e-06,0.001827407637,2.589100564e-05,0.0005893223957,9.322625207e-06,0.001536782392,5.684882682e-05,0.001098562281,4.428825215e-06,0.001422617006,5.992142927e-06,0.0006113423039,-0.0001286755833,0.158402985
365.0,0.0004086448544,6.456952582e-06,0.001815280387,2.577585396e-05,0.000583284969,9.220943003e-06,0.001519279796,5.643478731e-05,0.0010935251,4.407344705e-06,0.001413845171,5.909312357e-06,0.0006071484717,-0.0001284563026,0.1582745287
366.0,0.0004041082407,6.383935566e-06,0.001802467094,2.565360849e-05,0.0005771035963,9.117167362e-06,0.001497785725,5.602566467e-05,0.001088083288,4.376842913e-06,0.001405020076,5.841219784e-06,0.0006030061298,-0.0001282178332,0.1581463108
367.0,0.0003995669804,6.309833942e-06,0.001789105543,2.552394871e-05,0.0005707481367,9.010996473e-06,0.001475593525,5.561764315e-05,0.0010826645,4.35569891e-06,0.001396160827,5.785096878e-06,0.0005988758983,-0.0001279568098,0.158018354
368.0,0.000394911105,6.234465717e-06,0.001775731157,2.538561431e-05,0.000564318802,8.902710164e-06,0.00146011093,5.519825537e-05,0.001076974966,4.32596386e-06,0.001387297473,5.717538524e-06,0.0005946216901,-0.0001276880561,0.157890666
369.0,0.00039035692,6.157799583e-06,0.001761769542,2.523921548e-05,0.0005578062981,8.792238005e-06,0.001442034394,5.480131302e-05,0.001070734623,4.297554881e-06,0.001378319293,5.64169883e-06,0.0005906053391,-0.0001274540225,0.1577632119
370.0,0.0003856413571,6.080108237e-06,0.001747445939,2.508468359e-05,0.0005511719022,8.679828889e-06,0.001421529915,5.44215751e-05,0.001064423715,4.265348056e-06,0.001369482617,5.584404361e-06,0.0005867758392,-0.0001272426068,0.1576359693
371.0,0.0003809699976,6.000845015e-06,0.001732945911,2.492472626e-05,0.0005444489078,8.565814559e-06,0.001406922364,5.403211449e-05,0.001057915671,4.235113833e-06,0.001360320706,5.527848832e-06,0.0005828397084,-0.0001270205359,0.1575089488
372.0,0.0003763821232,5.920426807e-06,0.001718238243,2.475723199e-05,0.0005376403231,8.449997646e-06,0.00139017036,5.3640074e-05,0.001051103433,4.203354417e-06,0.001351645971,5.46176187e-06,0.0005788730401,-0.0001267528738,0.1573821959
373.0,0.0003717062371,5.8391121e-06,0.001703234716,2.458603922e-05,0.0005307426224,8.332578529e-06,0.001371600345,5.324335664e-05,0.001044170412,4.168398744e-06,0.001342984161,5.407434861e-06,0.0005748561401,-0.0001264384075,0.1572557575
374.0,0.0003669336114,5.756533587e-06,0.001688220431,2.440983422e-05,0.0005237610755,8.21343446e-06,0.001359400063,5.281941385e-05,0.001036808975,4.137160208e-06,0.001334410657,5.353721549e-06,0.0005705454919,-0.0001260268789,0.1571297306
375.0,0.0003621858245,5.67300806e-06,0.001672875168,2.422671122e-05,0.0005167188249,8.093041984e-06,0.001343440555,5.236603995e-05,0.00102917174,4.09997424e-06,0.001325734799,5.306248022e-06,0.0005659138238,-0.0001254836316,0.157004247
376.0,0.0003574517653,5.588409989e-06,0.001657492512,2.403901377e-05,0.0005096221956,7.971691645e-06,0.001326875714,5.188551573e-05,0.001021591225,4.063501174e-06,0.001317263705,5.259846368e-06,0.0005609868911,-0.0001248024613,0.1568794446
377.0,0.0003526745433,5.502500013e-06,0.001642350301,2.38479905e-05,0.0005025206246,7.849577616e-06,0.001315285604,5.135744859e-05,0.001013728047,4.027685227e-06,0.001308912583,5.216948085e-06,0.0005555407907,-0.0001239871622,0.1567554574
378.0,0.0003478706043,5.415389327e-06,0.001626814505,2.36535251e-05,0.0004953585621,7.726798589e-06,0.001298396672,5.081225729e-05,0.001005482085,3.985830522e-06,0.001300482791,5.179543489e-06,0.0005499094273,-0.0001230465549,0.1566324108
379.0,0.000343021561,5.326904467e-06,0.001611393605,2.345628373e-05,0.0004881397196,7.603591045e-06,0.001283726445,5.021967332e-05,0.0009970195694,3.947669474e-06,0.001292331685,5.141469321e-06,0.0005437582457,-0.0001218858251,0.156510525
380.0,0.0003381789773,5.237265324e-06,0.00159592795,2.325602107e-05,0.0004809345185,7.480021918e-06,0.001271533718,4.956540236e-05,0.0009884622904,3.904230709e-06,0.001284174144,5.108995831e-06,0.0005369370916,-0.0001205392213,0.1563899858
381.0,0.0003332993104,5.146300839e-06,0.001580748629,2.305494661e-05,0.0004736983416,7.355752845e-06,0.001258015331,4.888228001e-05,0.0009795560419,3.859277872e-06,0.001276477459,5.079202673e-06,0.0005297957093,-0.0001190191482,0.1562709666
382.0,0.0003283213712,5.054326521e-06,0.001564915311,2.285150514e-05,0.0004664469167,7.230978188e-06,0.00124229774,4.815734646e-05,0.0009704040217,3.814232244e-06,0.001268731374,5.049108265e-06,0.0005221973731,-0.000117304018,0.1561536626
383.0,0.0003233502428,4.961199016e-06,0.001549604564,2.264792417e-05,0.0004592134023,7.106024994e-06,0.001230438764,4.737775539e-05,0.0009610980337,3.767558268e-06,0.001260947855,5.022708565e-06,0.0005140009061,-0.000115399771,0.1560382629
384.0,0.0003183906523,4.866713121e-06,0.001534199569,2.244348964e-05,0.0004520014171,6.981255303e-06,0.001217606124,4.655844246e-05,0.0009515480793,3.718934442e-06,0.001252852054,5.000392018e-06,0.0005053654328,-0.0001133203295,0.1559249425
385.0,0.0003133497767,4.771336899e-06,0.001518946363,2.223877545e-05,0.0004447905963,6.856805044e-06,0.00120181705,4.570376258e-05,0.0009418212515,3.671318176e-06,0.001245243187,4.981393301e-06,0.0004963382804,-0.0001110423179,0.1558139002
386.0,0.0003083246472,4.675073723e-06,0.001503951408,2.203264279e-05,0.0004376453088,6.733018441e-06,0.001191167359,4.47999174e-05,0.0009319411859,3.620473982e-06,0.001237542142,4.967195891e-06,0.0004867716619,-0.0001086017762,0.1557052984
387.0,0.0003032475482,4.578141094e-06,0.001489209043,2.18267765e-05,0.0004305517456,6.610535084e-06,0.001176552789,4.387014467e-05,0.0009217695672,3.569986203e-06,0.001230248354,4.953866523e-06,0.0004769124627,-0.0001059919301,0.1555993065
388.0,0.0002981441751,4.481106959e-06,0.001474768762,2.161981615e-05,0.0004235122507,6.489262667e-06,0.001162538639,4.290366564e-05,0.0009114542434,3.516148578e-06,0.001223123944,4.943844765e-06,0.0004666472695,-0.0001031874052,0.1554961191
389.0,0.000293015561,4.383270335e-06,0.001460420535,2.141275269e-05,0.0004165175859,6.369058804e-06,0.001150582632,4.189013118e-05,0.0009009896154,3.461110354e-06,0.00121670757,4.935491464e-06,0.0004558605297,-0.000100185518,0.1553959336
390.0,0.0002879202282,4.284420375e-06,0.001446074169,2.12060582e-05,0.0004096003744,6.250155546e-06,0.001137688465,4.084381026e-05,0.0008902713179,3.407227187e-06,0.001210496134,4.930868669e-06,0.0004447071807,-9.701140203e-05,0.1552989222
391.0,0.0002827751304,4.185046709e-06,0.001431796797,2.100004628e-05,0.0004027171569,6.132051133e-06,0.001122035374,3.976164374e-05,0.0008795733135,3.352252637e-06,0.001204236862,4.929971661e-06,0.0004331525124,-9.360895327e-05,0.1552053132
392.0,0.0002776341996,4.085218981e-06,0.001417869358,2.079439543e-05,0.0003959433222,6.015073698e-06,0.001111582334,3.862893154e-05,0.0008686286072,3.295551975e-06,0.001198278636,4.931045647e-06,0.0004210362183,-9.000041573e-05,0.1551153128
393.0,0.000272529699,3.984960786e-06,0.00140416329,2.059116348e-05,0.0003892566036,5.899329508e-06,0.001097412686,3.747950345e-05,0.0008578042962,3.23279864e-06,0.001192643606,4.936353358e-06,0.0004087252239,-8.623733893e-05,0.1550290755
394.0,0.0002674023112,3.885263634e-06,0.001390714648,2.038795346e-05,0.00038262922,5.78518755e-06,0.00108340971,3.629617474e-05,0.0008469007631,3.173531374e-06,0.001187152278,4.94657765e-06,0.000396031666,-8.226088413e-05,0.1549468146
395.0,0.0002623028897,3.786350473e-06,0.001377359408,2.018640845e-05,0.0003761089487,5.673179755e-06,0.001071548584,3.50762848e-05,0.0008356832682,3.11495799e-06,0.001182187956,4.960025989e-06,0.0003829265661,-7.810121089e-05,0.1548687134
396.0,0.0002572649007,3.687797101e-06,0.001364377446,1.998588812e-05,0.0003696775126,5.562539873e-06,0.001058462169,3.384905055e-05,0.0008245544648,3.0574565e-06,0.001177364537,4.977566593e-06,0.0003697277021,-7.384000907e-05,0.1547948734
397.0,0.0002522274986,3.590612886e-06,0.001351448577,1.97863671e-05,0.0003633000532,5.453295018e-06,0.001043225984,3.261191001e-05,0.0008132728838,3.000101119e-06,0.001172894673,4.998972503e-06,0.0003564056346,-6.940440402e-05,0.154725469
398.0,0.0002472685248,3.494936607e-06,0.001338949625,1.95888436e-05,0.0003569894113,5.345027517e-06,0.001031510288,3.135383642e-05,0.0008017999178,2.94245107e-06,0.001168719915,5.026491045e-06,0.0003428414065,-6.484032637e-05,0.1546606286
399.0,0.0002424403872,3.402052415e-06,0.001326638856,1.939236739e-05,0.0003507501232,5.238116673e-06,0.001017203477,3.01088704e-05,0.0007906932872,2.885752977e-06,0.001164447529,5.060662625e-06,0.0003294051887,-6.023009788e-05,0.1546003985
400.0,0.0002377044244,3.312587501e-06,0.001314547242,1.919810926e-05,0.0003445785942,5.132605625e-06,0.001002708416,2.886378675e-05,0.0007796549215,2.828668782e-06,0.001160945923,5.094366591e-06,0.0003159529394,-5.546393171e-05,0.1545449346
401.0,0.0002331352949,3.22777052e-06,0.001302798709,1.900611948e-05,0.000338522812,5.028516361e-06,0.0009917640658,2.762228763e-05,0.000768825894,2.77425522e-06,0.001157753706,5.139139369e-06,0.0003025264801,-5.060488337e-05,0.1544943297
402.0,0.0002288468255,3.1482979e-06,0.001291339056,1.881624881e-05,0.0003325522951,4.926375623e-06,0.000979364647,2.642393018e-05,0.0007580121218,2.720560229e-06,0.001155190179,5.186265553e-06,0.0002895568606,-4.583034242e-05,0.1544484994
403.0,0.0002247569455,3.073948109e-06,0.001280108428,1.862872308e-05,0.0003266515978,4.82603122e-06,0.0009638068897,2.526352246e-05,0.0007472528194,2.666410622e-06,0.001153124927,5.240591638e-06,0.000276990247,-4.107151835e-05,0.1544074279
404.0,0.0002209122805,3.004847836e-06,0.001269151082,1.844365642e-05,0.0003208317524,4.727161664e-06,0.0009531863096,2.417972439e-05,0.0007365406737,2.612273429e-06,0.001151544639,5.299166005e-06,0.0002652506131,-2.872104532e-05,0.1543787068
405.0,0.0002171567059,2.938813457e-06,0.001258609415,1.826030064e-05,0.0003151373723,4.629757197e-06,0.0009393172166,2.290582439e-05,0.000726099965,2.557434337e-06,0.001150536168,5.363076649e-06,0.0002514115008,-2.541872372e-05,0.1543532881
406.0,0.0002136536146,2.877918012e-06,0.001248212362,1.807882704e-05,0.0003095339552,4.5337206e-06,0.0009269869254,2.17236039e-05,0.0007159126989,2.506044775e-06,0.001150081218,5.432650421e-06,0.0002385630386,-2.2307129e-05,0.154330981
407.0,0.0002103857452,2.821689162e-06,0.001237967784,1.789871223e-05,0.0003039744141,4.43976775e-06,0.0009164655353,2.066203861e-05,0.0007058875417,2.455631888e-06,0.001150503418,5.50801297e-06,0.0002270272526,-1.955492976e-05,0.154311426
408.0,0.0002073739581,2.770022059e-06,0.001228040771,1.772016585e-05,0.0002985275459,4.347499639e-06,0.0009063988116,1.97595185e-05,0.0006963290212,2.406431933e-06,0.001151571279,5.586978145e-06,0.0002172263002,-1.733851933e-05,0.1542940875
409.0,0.0002045925868,2.723019357e-06,0.00121838406,1.754332149e-05,0.000293175376,4.256906303e-06,0.0008938266423,1.897471127e-05,0.0006870489,2.358868928e-06,0.001153224231,5.671908724e-06,0.0002087091391,-1.551502082e-05,0.1542785725
410.0,0.0002020539115,2.68117916e-06,0.001208909548,1.736792389e-05,0.0002879082645,4.168288545e-06,0.0008837960021,1.826661414e-05,0.0006781657456,2.311679973e-06,0.001155587241,5.762971129e-06,0.0002010280791,-1.396802772e-05,0.1542646045
411.0,0.0001996297763,2.642744695e-06,0.001199726378,1.719426351e-05,0.0002827843935,4.081938075e-06,0.0008729511423,1.761955789e-05,0.0006698092408,2.269039793e-06,0.001158489762,5.856040786e-06,0.0001940095654,-1.267186052e-05,0.1542519326
412.0,0.000197278742,2.607061313e-06,0.001190806994,1.702216905e-05,0.0002777727812,3.997739748e-06,0.0008618934845,1.696587461e-05,0.0006618034047,2.229111906e-06,0.001162050962,5.953729721e-06,0.0001869107572,-1.132847007e-05,0.1542406041
413.0,0.0001950298369,2.574394472e-06,0.001182099422,1.685262361e-05,0.0002728770186,3.91560043e-06,0.0008536253853,4.242941978e-05,0.0006543283656,2.193900328e-06,0.001166202229,6.052667172e-06,0.0004676859787,-5.985420387e-07,0.1542400056
414.0,0.0001930943268,2.533721282e-06,0.001169385966,1.661978693e-05,0.0002686344288,3.851135984e-06,0.0008320317362,1.776929224e-05,0.0006472140007,2.160924876e-06,0.001170764911,6.153265599e-06,0.0001959636319,-1.856349139e-05,0.1542214421
415.0,0.0001908348717,2.513810913e-06,0.001163395515,1.648968898e-05,0.0002633876049,3.760351272e-06,0.0008338345603,1.7391578e-05,0.0006410234864,2.134138694e-06,0.001175991607,6.255115388e-06,0.0001918974402,-1.651024483e-05,0.1542049319
416.0,0.0001895197564,2.502161871e-06,0.001157015303,1.634779453e-05,0.0002584956196,3.676095703e-06,0.0008297216251,4.109713143e-05,0.0006354691163,2.110095002e-06,0.001181446267,6.360341296e-06,0.000453702971,4.611498824e-06,0.1542095434
417.0,0.0001882679545,2.477590716e-06,0.001146108492,1.613700383e-05,0.0002543033633,3.610749494e-06,0.0008054281902,1.654211197e-05,0.000630381086,2.084499106e-06,0.001187569031,6.461409683e-06,0.0001827127205,-1.557835046e-05,0.154193965
418.0,0.0001865886649,2.46786114e-06,0.001141238831,1.601325929e-05,0.0002492894007,3.523346378e-06,0.0008107493299,3.970378719e-05,0.0006261395602,2.063875496e-06,0.001194149625,6.56166749e-06,0.0004387720734,5.107253742e-06,0.1541990723
419.0,0.000185609659,2.451733559e-06,0.001131223247,1.581397736e-05,0.0002451196109,3.460376839e-06,0.0007942434413,3.906419405e-05,0.0006225880563,2.047962251e-06,0.0012010048,6.663724156e-06,0.0004319229872,8.092415959e-06,0.1542071647
420.0,0.0001844166955,2.438223034e-06,0.001122937408,1.563995674e-05,0.0002406948541,3.391235699e-06,0.0007843597717,3.921320738e-05,0.0006196012602,2.04015254e-06,0.001208114779,6.763743229e-06,0.0004337880231,1.14206397e-05,0.1542185853
421.0,0.0001834067508,2.43102248e-06,0.001115360999,1.547821968e-05,0.0002362682127,3.320416944e-06,0.000775726017,1.654344714e-05,0.0006170702072,2.032730597e-06,0.001215181876,6.862921598e-06,0.0001831006418,-1.314463815e-05,0.1542054407
422.0,0.000182670042,2.436905408e-06,0.00111184318,1.53697507e-05,0.0002316538736,3.23649459e-06,0.0007954832184,3.901612864e-05,0.0006157053549,2.0288675e-06,0.00122266972,6.96222793e-06,0.000432059798,6.742832518e-06,0.1542121835
423.0,0.0001822898627,2.432720398e-06,0.001102474695,1.517624415e-05,0.0002279909662,3.177182229e-06,0.000774634926,3.773607211e-05,0.0006151979248,2.030839628e-06,0.001229657268,7.056519309e-06,0.000418098806,4.952744793e-06,0.1542171363
424.0,0.0001816199969,2.428355417e-06,0.001093909107,1.499655898e-05,0.0002240820652,3.112883705e-06,0.0007649003394,3.78666663e-05,0.0006157178606,2.024953491e-06,0.001236677765,7.14753793e-06,0.0004197585422,4.108897056e-06,0.1542212451
425.0,0.0001810651258,2.426762855e-06,0.001085529431,1.482102216e-05,0.0002202015264,3.048225293e-06,0.0007608355598,1.554369922e-05,0.0006162154771,2.032854998e-06,0.001243386718,7.234725552e-06,0.000172392419,-2.921875706e-06,0.1542183233
426.0,0.0001803749081,2.430883291e-06,0.001081179155,1.469491854e-05,0.0002162048788,2.974282619e-06,0.0007771447795,3.795748929e-05,0.0006175928546,2.036958202e-06,0.001250457025,7.319807677e-06,0.0004212116829,-3.291454027e-06,0.1542150318
427.0,0.0001802683706,2.429173498e-06,0.001070735971,1.448765867e-05,0.0002129190356,2.920290109e-06,0.0007520870835,3.67023298e-05,0.0006190458205,2.052495704e-06,0.001256639346,7.398694141e-06,0.0004074895604,-5.225194414e-06,0.1542098066
428.0,0.0001799561143,2.42817131e-06,0.001060845802,1.429321658e-05,0.0002093277259,2.86109898e-06,0.0007400891573,3.66589452e-05,0.0006210225603,2.068046566e-06,0.001262402791,7.47391377e-06,0.0004072128844,-6.392475686e-06,0.1542034141
429.0,0.0001796555462,2.429232569e-06,0.001051477445,1.410504778e-05,0.0002056768934,2.80059036e-06,0.0007307624699,1.486424055e-05,0.0006239255222,2.095274311e-06,0.001267388217,7.545577017e-06,0.0001651956748,1.172618061e-05,0.1542151403
430.0,0.0001787104124,2.431655474e-06,0.001045723567,1.396209043e-05,0.0002019150465,2.732330575e-06,0.0007321655113,3.521489465e-05,0.0006276243855,2.123069721e-06,0.001272040614,7.616854496e-06,0.0003915732302,-9.378018997e-06,0.1542057623
431.0,0.000178398061,2.432484224e-06,0.001034299925,1.374763662e-05,0.0001985741711,2.677873622e-06,0.0007107786042,3.350682476e-05,0.0006317216337,2.148688938e-06,0.001276154293,7.68070801e-06,0.0003727627219,-9.919007945e-06,0.1541958433
432.0,0.0001780644704,2.432890258e-06,0.001023336046,1.354220517e-05,0.0001949459873,2.61786562e-06,0.0006971317141,3.298082058e-05,0.0006359570913,2.181834307e-06,0.001279466741,7.744075423e-06,0.0003670896493,-1.06358733e-05,0.1541852074
433.0,0.0001776250837,2.434343302e-06,0.001012446832,1.333928323e-05,0.0001911673827,2.556120225e-06,0.0006873135784,3.284431092e-05,0.0006402247482,2.219320718e-06,0.001282519847,7.799273555e-06,0.0003657460195,-1.159644663e-05,0.154173611
434.0,0.0001770554412,2.43568142e-06,0.0010016056,1.313682545e-05,0.0001873146994,2.493073524e-06,0.0006818454448,3.289088629e-05,0.0006445400694,2.262270256e-06,0.001285087693,7.847541282e-06,0.0003664417395,-1.258742621e-05,0.1541610236
435.0,0.0001763776987,2.436959144e-06,0.0009906284384,1.293316523e-05,0.0001834516907,2.429402386e-06,0.000673953292,3.309519133e-05,0.0006491907296,2.302931953e-06,0.001287101435,7.892855005e-06,0.0003688959568,-1.324811032e-05,0.1541477754
436.0,0.0001755838927,2.43807133e-06,0.0009794289974,1.272715922e-05,0.000179607048,2.365883205e-06,0.000665188859,1.389161289e-05,0.0006537783089,2.350018388e-06,0.001288962218,7.925188181e-06,0.000154917821,1.015096999e-05,0.1541579264
437.0,0.0001753781881,2.441213987e-06,0.0009707520581,1.254994601e-05,0.0001758916386,2.299182648e-06,0.000670092523,3.263417291e-05,0.000658908719,2.39389464e-06,0.001289624487,7.965245381e-06,0.0003641251645,-1.333652361e-05,0.1541445899
438.0,0.0001740281481,2.437358156e-06,0.000957123876,1.231637571e-05,0.0001725627366,2.243220813e-06,0.000656577939,3.194378385e-05,0.0006638687778,2.436144885e-06,0.001290528099,7.9856481e-06,0.0003565963175,-1.377477275e-05,0.1541308151
439.0,0.0001732985454,2.434118604e-06,0.0009434397105,1.208753492e-05,0.0001690655168,2.184481207e-06,0.0006464912177,1.335453895e-05,0.0006685557615,2.477236636e-06,0.001290270069,8.008847244e-06,0.0001491546045,7.363547843e-06,0.1541381787
440.0,0.0001728282925,2.432229756e-06,0.0009324119205,1.189059014e-05,0.0001654489361,2.120886199e-06,0.0006536862849,3.244411318e-05,0.0006733740681,2.520107248e-06,0.001289497463,8.027912442e-06,0.0003625547967,-1.677942375e-05,0.1541213992
441.0,0.0001722039263,2.427673396e-06,0.0009173914638,1.164600079e-05,0.0001623120222,2.06710903e-06,0.0006358689407,1.35489798e-05,0.0006781023249,2.55724792e-06,0.001287956386,8.042630975e-06,0.0001514814028,5.814504477e-06,0.1541272137
442.0,0.0001713326549,2.419837065e-06,0.0009051931482,1.143922503e-05,0.0001588307654,2.005618219e-06,0.0006349512169,1.347275416e-05,0.0006828547724,2.593725398e-06,0.001286369344,8.044922418e-06,0.0001507080803,5.207030567e-06,0.1541324208
443.0,0.0001705094698,2.412614893e-06,0.0008918880722,1.121878742e-05,0.0001556044338,1.948855263e-06,0.0006265259311,3.128233456e-05,0.0006876276624,2.628912807e-06,0.001283232522,8.052495824e-06,0.0003501083524,-2.141309798e-05,0.1541110077
444.0,0.0001702583173,2.405971319e-06,0.0008749255419,1.096201859e-05,0.0001525802011,1.897987718e-06,0.0006020215481,1.349461801e-05,0.0006920696019,2.660093492e-06,0.001283401481,8.023057357e-06,0.0001511034557,1.711983147e-06,0.1541127197
445.0,0.0001691277042,2.392470934e-06,0.0008608930227,1.074258818e-05,0.0001491360382,1.838324232e-06,0.0005962438318,1.346536125e-05,0.0006963543641,2.689728357e-06,0.001277631212,8.024285957e-06,0.0001508524018,4.31378514e-07,0.154113151
446.0,0.0001679694609,2.378555091e-06,0.0008464158338,1.051562758e-05,0.0001458721851,1.782844061e-06,0.0005859612615,1.312102906e-05,0.0007001380117,2.717074193e-06,0.001274407997,7.992362863e-06,0.0001470680538,-1.101943455e-06,0.1541120491
447.0,0.0001667922093,2.362393044e-06,0.0008311091432,1.028248331e-05,0.000142671325,1.729020284e-06,0.0005732950868,1.270553233e-05,0.0007037067438,2.73969305e-06,0.001268520515,7.971130311e-06,0.0001424813943,-2.708255837e-06,0.1541093408
448.0,0.0001654116457,2.344650228e-06,0.0008152151087,1.004683298e-05,0.0001394169285,1.676107187e-06,0.0005605141956,1.236936455e-05,0.0007069112049,2.758825357e-06,0.001261968345,7.943285854e-06,0.000138778864,-3.973065194e-06,0.1541053678
449.0,0.0001639565312,2.325492438e-06,0.000798795853,9.810105711e-06,0.0001362321208,1.624373235e-06,0.0005508155462,1.21768768e-05,0.0007094427058,2.775535273e-06,0.00125420425,7.916470895e-06,0.0001366856872,-4.874916096e-06,0.1541004929
450.0,0.000162400759,2.304172613e-06,0.0007821792937,9.572087517e-06,0.0001329715435,6.643520127e-06,0.000540523942,1.207896881e-05,0.0007116415324,2.788741183e-06,0.00124674588,7.877188636e-06,0.0001356513683,-5.65403278e-06,0.1540948388
451.0,0.0001604674549,2.277178411e-06,0.0007639351596,9.312964671e-06,0.0001302625094,6.485325556e-06,0.0005314937218,1.212222318e-05,0.0007132329106,2.799779964e-06,0.001238568322,7.833703248e-06,0.0001362021603,-5.948973382e-06,0.1540888899
452.0,0.0001583243212,2.246703411e-06,0.0007452180722,9.051861078e-06,0.0001277337196,6.337873906e-06,0.0005282811527,1.2250113e-05,0.000714179661,2.807200915e-06,0.001229686873,7.790507515e-06,0.0001377050289,-5.940630866e-06,0.1540829492
453.0,0.0001562003827,2.214953824e-06,0.0007269339864,8.799470891e-06,0.0001253269459,6.194253955e-06,0.000523240144,1.240676647e-05,0.0007145242416,2.814067964e-06,0.001220105129,7.73903513e-06,0.0001395322745,-5.764625177e-06,0.1540771846
454.0,0.0001541605309,2.183772219e-06,0.0007092423628,8.558673459e-06,0.0001229238735,6.055604835e-06,0.0005201076292,1.256070139e-05,0.0007143893518,2.814491427e-06,0.001209904279,7.682599226e-06,0.000141330633,-5.297260492e-06,0.1540718873
455.0,0.0001522133653,2.153706118e-06,0.0006923590916,8.330974859e-06,0.0001205417834,5.922404348e-06,0.0005186164685,1.268569492e-05,0.0007136881976,2.809570602e-06,0.001198952331,7.622485946e-06,0.0001428045286,-4.602305866e-06,0.154067285
456.0,0.000150309431,2.124439337e-06,0.0006761108053,8.113528087e-06,0.0001182740628,5.793899232e-06,0.0005135212422,1.274807484e-05,0.0007122524962,2.805067127e-06,0.001187477451,7.557845467e-06,0.0001435744424,-3.830542447e-06,0.1540634545
457.0,0.0001484180162,2.096263404e-06,0.0006598936901,7.903214975e-06,0.0001161121906,5.676547207e-06,0.0005103550704,1.275830687e-05,0.0007102289187,2.800582472e-06,0.001175449018,7.490988833e-06,0.0001437564688,-2.968112914e-06,0.1540604864
458.0,0.0001465826686,2.068852574e-06,0.0006442004567,7.697623182e-06,0.0001141156914,5.574219218e-06,0.0005068169642,1.271451057e-05,0.0007076370792,2.794829643e-06,0.001162907172,7.419792922e-06,0.0001433293315,-2.159199427e-06,0.1540583272
459.0,0.0001447483437,2.041577148e-06,0.0006284999944,7.494801875e-06,0.0001123474436,5.490335593e-06,0.0005020554677,1.262101943e-05,0.0007045441974,2.783015771e-06,0.001149852001,7.345236422e-06,0.0001423406707,-1.613701185e-06,0.1540567135
460.0,0.0001428342585,2.014107208e-06,0.000613033429,7.293192595e-06,0.0001108376802,5.423739813e-06,0.00049642878,1.249733399e-05,0.0007009761708,2.770726006e-06,0.001136362938,7.267076141e-06,0.0001410094156,-1.25193951e-06,0.1540554615
461.0,0.0001408806814,1.987249772e-06,0.0005976663343,2.985547476e-05,0.0001095636183,5.372420969e-06,0.0004922548193,1.235123235e-05,0.0006970271041,2.754930905e-06,0.00112245994,7.185931781e-06,0.0001394233544,-1.099109429e-06,0.1540543624
462.0,0.0001389298867,1.96050926e-06,0.0005850981131,2.917961249e-05,0.0001084553385,5.329990075e-06,0.0004863724754,1.218988405e-05,0.0006923404108,2.73918728e-06,0.001108098516,7.102085042e-06,0.00013766241,-1.242834803e-06,0.1540531196
463.0,0.0001369423928,1.934109078e-06,0.0005727973125,2.853395659e-05,0.0001075147145,5.297944914e-06,0.0004808054773,1.202627769e-05,0.0006874224225,2.718724985e-06,0.001093324257,7.014539016e-06,0.0001358732344,-1.506230023e-06,0.1540516134
464.0,0.0001349561867,1.908540468e-06,0.0005601177736,2.788597139e-05,0.0001067341693,5.273885202e-06,0.0004769051843,1.186498138e-05,0.0006818078336,2.696995231e-06,0.00107828683,6.92407951e-06,0.0001341079584,-1.859913046e-06,0.1540497534
465.0,0.0001330113364,1.884106907e-06,0.0005473261478,2.722327864e-05,0.000106070251,5.261552804e-06,0.0004701582072,1.171342929e-05,0.0006759133999,2.671810113e-06,0.001062846301,6.830744538e-06,0.0001324500822,-2.37975791e-06,0.1540473737
466.0,0.000131071677,1.8609361e-06,0.0005343304794,2.654132793e-05,0.0001055074351,5.25451224e-06,0.0004638089352,1.156716615e-05,0.0006695446984,2.644719912e-06,0.001046950912,6.735820447e-06,0.0001308493445,-2.894733439e-06,0.154044479
467.0,0.0001291528942,1.838981144e-06,0.0005206806722,2.585273407e-05,0.000105049844,1.246833074e-06,0.0004611172469,1.149326434e-05,0.0006626890892,2.61447625e-06,0.001030730179,6.637165707e-06,0.00013006525,-3.209662584e-06,0.1540412693
468.0,0.0001274932157,1.822295562e-06,0.0005081111237,2.521976943e-05,0.0001043863702,1.247927472e-06,0.000453047755,1.14199509e-05,0.0006554365013,2.58366336e-06,0.001014268394,6.537000488e-06,0.0001292856592,-3.947135752e-06,0.1540373222
469.0,0.0001259343534,1.809117856e-06,0.0004959463403,2.46166037e-05,0.0001037260931,1.249685685e-06,0.0004465302518,1.134117879e-05,0.0006477855853,2.553323731e-06,0.0009976256992,6.436103859e-06,0.0001284427948,-4.812020088e-06,0.1540325101
470.0,0.0001244354784,1.796925525e-06,0.0004840203415,2.403492025e-05,0.0001031818846,1.252669244e-06,0.0004444734547,1.124585115e-05,0.0006398538046,2.51803538e-06,0.0009807453443,6.334187602e-06,0.0001274101258,-5.61640185e-06,0.1540268937
471.0,0.0001229567322,1.783467615e-06,0.0004722599062,2.34596354e-05,0.0001026703587,1.2567091e-06,0.0004366867953,1.115782863e-05,0.0006313299322,2.485342791e-06,0.0009637998914,6.230699376e-06,0.0001264591311,-6.432254157e-06,0.1540204615
472.0,0.0001213906367,1.768071751e-06,0.0004603772696,2.289623398e-05,0.0001021996557,1.261452381e-06,0.0004305617608,1.108171164e-05,0.0006225403711,2.447912478e-06,0.00094674227,6.127148249e-06,0.0001256411862,-7.122177851e-06,0.1540133393
473.0,0.0001198150558,1.750357239e-06,0.0004488999387,2.23457468e-05,0.0001017895803,1.266559562e-06,0.0004282432162,1.101475611e-05,0.000613331393,2.414303036e-06,0.0009294901825,6.022781872e-06,0.0001249259295,-7.692185827e-06,0.1540056471
474.0,0.000118237722,1.731196857e-06,0.0004378196906,2.181326311e-05,0.0001014284623,1.271748817e-06,0.0004229137425,1.097523353e-05,0.0006039998932,2.376148572e-06,0.0009123532636,5.917569394e-06,0.000124520131,-8.358511035e-06,0.1539972886
475.0,0.0001166210501,1.710837383e-06,0.0004273270302,2.129795307e-05,0.0001010421479,1.276333333e-06,0.0004174108871,1.095855227e-05,0.0005941302536,2.341075639e-06,0.0008946054346,5.815943276e-06,0.0001243722788,-9.048492204e-06,0.1539882401
476.0,0.0001150513822,1.689620664e-06,0.0004173268912,2.080510029e-05,0.0001006833518,1.280378114e-06,0.0004158745066,1.094714044e-05,0.0005844089813,2.299149581e-06,0.0008774452783,5.709829761e-06,0.0001242831942,-9.761019019e-06,0.1539784791
477.0,0.0001135061363,1.668200029e-06,0.0004076598392,2.033425035e-05,0.0001002661921,1.283335524e-06,0.0004093435324,1.096120834e-05,0.0005743987661,2.260575348e-06,0.0008603442694,5.604152334e-06,0.000124482487,-1.063769914e-05,0.1539678414
478.0,0.0001119551701,1.646709854e-06,0.0003985094865,1.987845819e-05,9.98099648e-05,1.28485328e-06,0.0004037972259,1.097455501e-05,0.0005643463966,2.21520844e-06,0.000843374792,5.499044205e-06,0.0001246729598,-1.144059239e-05,0.1539564008
479.0,0.0001104388422,1.62492743e-06,0.0003898101777,1.943972032e-05,9.931201911e-05,1.284965994e-06,0.0004000272233,1.096889878e-05,0.0005540849369,2.175648336e-06,0.0008264132637,5.394793565e-06,0.0001246466943,-1.214273919e-05,0.1539442581
480.0,0.000108923778,1.602972035e-06,0.0003813177367,1.900774432e-05,9.87410183e-05,1.283347406e-06,0.0003927273796,1.095571034e-05,0.000543750159,2.132806069e-06,0.0008096813657,5.290559424e-06,0.0001245338511,-1.281830096e-05,0.1539314398
481.0,0.0001073585299,1.580627261e-06,0.0003730595269,1.858691525e-05,9.808135801e-05,1.280118181e-06,0.0003877369912,1.092071636e-05,0.0005332747276,2.092877855e-06,0.0007931318326,5.187189232e-06,0.000124171938,-1.332230482e-05,0.1539181175
482.0,0.0001058087164,1.557695143e-06,0.0003651082808,1.817874798e-05,9.73888597e-05,1.275210479e-06,0.0003835503323,1.085378233e-05,0.0005228495377,2.049931667e-06,0.0007767331169,5.085448056e-06,0.0001234454192,-1.369664563e-05,0.1539044208
483.0,0.000104246596,1.53400734e-06,0.0003572714673,1.777279153e-05,9.661445492e-05,1.268472938e-06,0.0003777393251,1.077690591e-05,0.0005123904866,2.009723935e-06,0.0007604969929,4.984917167e-06,0.0001226046314,-1.40713318e-05,0.1538903495
484.0,0.0001025914805,1.510010741e-06,0.0003495142576,1.737470068e-05,9.577516037e-05,1.260060227e-06,0.0003694948652,1.069258825e-05,0.0005019346829,1.966849995e-06,0.0007445119257,4.885634476e-06,0.0001216779822,-1.438791726e-05,0.1538759616
485.0,0.000100928376,1.485470705e-06,0.0003421534604,1.698125533e-05,9.486846057e-05,1.250066275e-06,0.0003654096486,1.05913517e-05,0.0004915662142,1.925816107e-06,0.0007286267484,4.788506104e-06,0.0001205577446,-1.467175786e-05,0.1538612898
486.0,9.926973587e-05,1.460493134e-06,0.0003351015097,1.659701133e-05,9.390911054e-05,1.238590082e-06,0.0003593871743,1.049668882e-05,0.000481094847,1.886515756e-06,0.000712983159,4.691649349e-06,0.0001195105467,-1.500631642e-05,0.1538462835
487.0,9.755221577e-05,1.435173167e-06,0.0003281679672,1.621867078e-05,9.286897146e-05,1.225693833e-06,0.0003522547893,1.040432122e-05,0.0004707329936,1.844704714e-06,0.0006976737378,4.595897574e-06,0.0001184883103,-1.530647871e-05,0.153830977
488.0,9.582988071e-05,1.409483549e-06,0.0003215166516,1.584487181e-05,9.175237325e-05,1.211515337e-06,0.0003487566589,1.030329866e-05,0.0004605185625,1.804279796e-06,0.0006826368425,4.501809505e-06,0.0001173664529,-1.558027399e-05,0.1538153967
489.0,9.413152853e-05,1.383578116e-06,0.000314878213,1.547463816e-05,9.059621901e-05,1.196181611e-06,0.0003425771412,1.0210087e-05,0.0004503387563,1.764607898e-06,0.0006677206437,4.411179859e-06,0.000116331954,-1.586841429e-05,0.1537995283
490.0,9.235091735e-05,1.357345049e-06,0.000308486953,1.511287051e-05,8.937583857e-05,1.179751348e-06,0.000336150188,1.011719402e-05,0.0004402619287,1.725129843e-06,0.0006532048497,4.320233249e-06,0.0001152997433,-1.607047751e-05,0.1537834578
491.0,9.057113608e-05,1.330967e-06,0.0003021514411,1.475440978e-05,8.810498277e-05,1.16240836e-06,0.0003311207255,1.001342755e-05,0.0004302490852,1.687500267e-06,0.0006389820282,4.231377251e-06,0.0001141434173,-1.625001154e-05,0.1537672078
492.0,8.881945122e-05,1.304451737e-06,0.0002958683501,1.440063703e-05,8.679566056e-05,1.144111021e-06,0.000324659522,9.911380456e-06,0.0004204227753,1.64900043e-06,0.0006250836493,4.143981797e-06,0.0001130051147,-1.640195954e-05,0.1537508059
493.0,8.708201992e-05,1.277848372e-06,0.0002897823162,1.405498612e-05,8.543537841e-05,1.125083329e-06,0.0003191629732,9.798401671e-06,0.0004107086832,1.61184839e-06,0.0006115125104,4.058419243e-06,0.0001117409432,-1.641383357e-05,0.153734392
494.0,8.536497285e-05,1.251178795e-06,0.0002837218022,1.371370987e-05,8.404173241e-05,1.105427145e-06,0.0003144632122,9.664428091e-06,0.0004011791581,1.575167879e-06,0.0005982406054,3.974645319e-06,0.0001102364395,-1.637573485e-05,0.1537180163
495.0,8.36779231e-05,1.224653431e-06,0.0002778708215,1.338121795e-05,8.262072503e-05,1.085206059e-06,0.0003091320108,9.527416175e-06,0.0003917851411,1.539082394e-06,0.0005852773676,3.892595679e-06,0.0001086959263,-1.631915515e-05,0.1537016972
496.0,8.197246454e-05,1.198251026e-06,0.0002719608553,1.305501365e-05,8.116642602e-05,1.064585628e-06,0.0003022747321,9.378929827e-06,0.0003825792982,1.503421227e-06,0.0005726373428,3.81241416e-06,0.0001070231398,-1.61673971e-05,0.1536855298
497.0,8.026057953e-05,1.171936256e-06,0.0002661787476,1.273741664e-05,7.968263068e-05,1.043633813e-06,0.0002982791357,9.146765181e-06,0.0003735494947,1.468541194e-06,0.0005602767568,3.733915153e-06,0.0001043947065,-1.941847367e-05,0.1536661113
498.0,7.869414167e-05,1.146383835e-06,0.0002606910522,1.242995599e-05,7.819549267e-05,1.022529821e-06,0.0002930212038,9.071301915e-06,0.0003647326932,1.433653264e-06,0.0005482156829,3.657131215e-06,0.0001035531987,-1.931339844e-05,0.1536467979
499.0,7.704907308e-05,1.120721046e-06,0.0002550983775,1.212918993e-05,7.66792373e-05,1.001252433e-06,0.0002861008279,8.981275595e-06,0.0003560850082,1.399678027e-06,0.0005364280754,3.582000189e-06,0.0001025449274,-1.91823371e-05,0.1536276155
500.0,7.537723667e-05,1.094926142e-06,0.0002498021098,1.184031692e-05,7.516438949e-05,9.798972702e-07,0.0002823570236,8.857278976e-06,0.0003476480654,1.366527743e-06,0.0005249242821,3.50852317e-06,0.0001011478074,-1.898875093e-05,0.1536086268
501.0,7.37127924e-05,1.069150548e-06,0.0002445590482,1.155764681e-05,7.364658109e-05,9.585417422e-07,0.0002748741854,8.708482589e-06,0.0003394183427,1.334138548e-06,0.0005136905926,3.436796238e-06,9.946657577e-05,-1.871656705e-05,0.1535899102
502.0,7.202902411e-05,1.043565244e-06,0.0002393731441,1.128564439e-05,7.213294265e-05,9.372784173e-07,0.0002702829796,8.523073168e-06,0.0003313968363,1.302624745e-06,0.0005027065066,3.3665281e-06,9.736555835e-05,-1.829103161e-05,0.1535716192
503.0,7.036346624e-05,1.018250906e-06,0.0002344758324,1.10248523e-05,7.061636356e-05,9.160892602e-07,0.0002648083667,8.312084478e-06,0.0003235633946,1.271918984e-06,0.0004920321703,3.297971939e-06,9.49717779e-05,-1.780443976e-05,0.1535538148
504.0,6.8730777e-05,9.933132981e-07,0.000229540017,1.077014278e-05,6.90947979e-05,8.950286248e-07,0.0002579756807,8.098749308e-06,0.0003159294526,1.241893177e-06,0.0004816173018,3.230939717e-06,9.254996585e-05,-1.729651112e-05,0.1535365182
505.0,6.710600801e-05,9.688516295e-07,0.0002248285377,1.052880858e-05,6.758318028e-05,8.741740691e-07,0.0002530055684,7.886654925e-06,0.0003084807344,1.212784072e-06,0.0004714815286,3.165318949e-06,9.014088653e-05,-1.67544331e-05,0.1535197638
506.0,6.552893642e-05,9.447975921e-07,0.0002202477375,1.029345016e-05,6.608999151e-05,8.53612179e-07,0.0002482203774,7.673223678e-06,0.000301234347,1.184320929e-06,0.000461584044,3.101430065e-06,8.771579789e-05,-1.624977067e-05,0.153503514
507.0,6.400960182e-05,9.212753213e-07,0.000215842475,1.007010961e-05,6.4621121e-05,8.33338542e-07,0.0002433514732,7.487586715e-06,0.000294182704,1.156789084e-06,0.0004518204891,3.040253427e-06,8.560714484e-05,-1.582035854e-05,0.1534876937
508.0,6.247950154e-05,8.981367949e-07,0.0002115920632,9.856333032e-06,6.316922918e-05,8.134835868e-07,0.0002373054932,7.316365679e-06,0.0002873049745,1.129896062e-06,0.0004423984495,2.979171464e-06,8.366231144e-05,-1.539489454e-05,0.1534722988
509.0,6.097759851e-05,8.753854309e-07,0.0002074155672,9.649876835e-06,6.174100264e-05,7.939916329e-07,0.0002334042443,7.15330105e-06,0.000280614876,1.103685022e-06,0.0004331888363,2.919514015e-06,8.181020241e-05,-1.503280423e-05,0.153457266
510.0,5.953980537e-05,8.530975517e-07,0.0002034619397,9.453319652e-06,6.03476245e-05,7.749878944e-07,0.0002289276932,7.005303067e-06,0.0002741021841,1.078152703e-06,0.0004242318248,2.861260045e-06,8.012947834e-05,-1.468714209e-05,0.1534425788
511.0,5.808554252e-05,8.312216687e-07,0.0001995207779,9.263400899e-06,5.897129349e-05,7.564152966e-07,0.0002231867836,6.863838028e-06,0.0002677683196,1.053221639e-06,0.0004154781406,2.804224407e-06,7.852280242e-05,-1.43181034e-05,0.1534282607
512.0,5.666990735e-05,8.098066082e-07,0.0001958204302,9.084461762e-06,5.763652266e-05,7.38336786e-07,0.0002215587262,6.709064081e-06,0.0002616055687,1.028941233e-06,0.0004069417901,2.748482486e-06,7.676322296e-05,-1.392725068e-05,0.1534143335
513.0,5.530584057e-05,7.888382274e-07,0.0001922836965,8.911250448e-06,5.63374847e-05,7.207350843e-07,0.0002147233395,6.557662885e-06,0.0002556091359,1.005273179e-06,0.0003986063295,2.693946139e-06,7.504132905e-05,-1.352971589e-05,0.1534008038
514.0,5.393136384e-05,7.683538251e-07,0.000188743715,8.746063498e-06,5.506823075e-05,7.03689027e-07,0.0002107348597,6.39752279e-06,0.0002497726939,9.821573258e-07,0.000390498017,2.640386392e-06,7.321872652e-05,-1.307497503e-05,0.1533877288
515.0,5.260659494e-05,7.485260769e-07,0.0001854477851,8.590056398e-06,5.383895543e-05,6.871419295e-07,0.0002086618276,6.227647772e-06,0.0002441064775,9.597189861e-07,0.0003825646756,2.58795525e-06,7.128416641e-05,-1.261813294e-05,0.1533751107
516.0,5.133617451e-05,7.2926095e-07,0.0001822542914,8.438417702e-06,5.263784049e-05,6.710919634e-07,0.0002023408667,6.065226517e-06,0.0002385902016,9.377428919e-07,0.0003748165666,2.536947277e-06,6.943421425e-05,-1.219687161e-05,0.1533629138
517.0,5.00525186e-05,7.106276359e-07,0.0001790683919,8.293600268e-06,5.145879532e-05,6.555666551e-07,0.0001984672327,5.906152879e-06,0.0002332461411,9.162450592e-07,0.0003672380591,2.487038731e-06,6.762191296e-05,-1.175441246e-05,0.1533511594
518.0,4.884510687e-05,6.926217195e-07,0.000176118175,8.156023393e-06,5.033427902e-05,6.406033465e-07,0.0001962856998,5.7453742e-06,0.0002280230782,8.953003896e-07,0.0003598277639,2.438186348e-06,6.578941116e-05,-1.135489759e-05,0.1533398045
519.0,4.769614703e-05,6.752488083e-07,0.0001732875792,8.024770291e-06,4.924803182e-05,6.261523685e-07,0.0001925446709,5.596873423e-06,0.0002229486319,8.748671914e-07,0.000352586646,2.390415966e-06,6.409696468e-05,-1.098589133e-05,0.1533288186
520.0,4.653678624e-05,6.58487585e-07,0.0001705178938,7.900281682e-06,4.818052276e-05,6.122419831e-07,0.0001872215658,5.460627153e-06,0.0002180099467,8.549893366e-07,0.0003455111093,2.343716326e-06,6.254409358e-05,-1.062278574e-05,0.1533181958
521.0,4.542467746e-05,6.422838946e-07,0.00016781386,7.779385445e-06,4.715430984e-05,5.988672988e-07,0.0001852150079,5.323621953e-06,0.0002131898997,8.355384478e-07,0.0003385878174,2.297971897e-06,6.098235381e-05,-1.029614424e-05,0.1533078997
522.0,4.43963551e-05,6.267753048e-07,0.0001653317937,7.666165742e-06,4.619053743e-05,5.861026031e-07,0.0001838542994,5.19609422e-06,0.0002085056902,8.166151558e-07,0.0003318255802,2.253169648e-06,5.952818232e-05,-9.981651792e-06,0.153297918
523.0,4.33568863e-05,6.118329005e-07,0.0001628328037,7.555851684e-06,4.523205158e-05,5.737586872e-07,0.0001778466809,5.085694782e-06,0.0002039265989,7.981178122e-07,0.0003252254902,2.209271478e-06,5.827015046e-05,-9.685553077e-06,0.1532882325
524.0,4.234580197e-05,5.975069831e-07,0.000160407496,7.451386303e-06,4.430846988e-05,5.619689553e-07,0.0001767758693,4.971544242e-06,0.0001994743795,7.80091597e-07,0.0003187594636,2.166346345e-06,5.69687493e-05,-9.395770777e-06,0.1532788367
525.0,4.140874946e-05,5.838039407e-07,0.0001580971159,7.350105148e-06,4.342777987e-05,5.506964634e-07,0.0001725614155,4.871907848e-06,0.0001951250562,7.625611765e-07,0.000312442413,2.124311964e-06,5.583318951e-05,-9.151259619e-06,0.1532696854
526.0,4.047044215e-05,5.706649926e-07,0.0001557845018,7.252883598e-06,4.257505757e-05,5.399047506e-07,0.0001698123667,4.772607992e-06,0.0001909018363,7.454316253e-07,0.0003062649434,2.083139974e-06,5.470104193e-05,-8.857184692e-06,0.1532608282
527.0,3.957977247e-05,5.58194403e-07,0.000153701125,7.160755821e-06,4.176820545e-05,5.296215809e-07,0.0001679669839,4.671344069e-06,0.0001867807237,7.28703648e-07,0.0003002259555,2.042821296e-06,5.354610821e-05,-8.583185929e-06,0.1532522451
528.0,3.874461191e-05,5.462682352e-07,0.0001515884192,7.069660671e-06,4.09906115e-05,5.19756617e-07,0.0001638515108,4.583047376e-06,0.0001827729699,7.123840817e-07,0.0002943250439,2.003348943e-06,5.253947856e-05,-8.358931408e-06,0.1532438861
529.0,3.792103244e-05,5.34991343e-07,0.0001494937045,6.982905238e-06,4.02469554e-05,5.103914913e-07,0.0001630142432,4.496683791e-06,0.0001788669983,6.964439654e-07,0.0002885560966,1.964696434e-06,5.155452521e-05,-8.094193727e-06,0.1532357919
530.0,3.714849127e-05,5.242837297e-07,0.0001475298863,6.898967896e-06,3.953305061e-05,5.013992876e-07,0.0001609310963,4.412798968e-06,0.000175053858,6.808878017e-07,0.0002829083203,1.926814003e-06,5.05979341e-05,-7.88775276e-06,0.1532279042
531.0,3.642495208e-05,5.141591412e-07,0.0001455998684,6.817472828e-06,3.885058765e-05,4.928435404e-07,0.000158310891,4.345181653e-06,0.0001713394859,6.657810794e-07,0.000277372669,1.88962752e-06,4.982758893e-05,-7.731048128e-06,0.1532201731
532.0,3.570524643e-05,5.045865769e-07,0.0001437148255,6.739509118e-06,3.818464024e-05,4.846952779e-07,0.0001551003003,4.283011223e-06,0.0001677129178,6.510971739e-07,0.0002719731673,1.853259369e-06,4.911935308e-05,-7.545566697e-06,0.1532126276
533.0,3.502891669e-05,4.955535956e-07,0.0001418296523,6.661470906e-06,3.75505261e-05,4.769275344e-07,0.0001538255986,4.21781319e-06,0.0001641776413,6.368320412e-07,0.0002666893971,1.81765007e-06,4.837634525e-05,-7.40108045e-06,0.1532052265
534.0,3.441055437e-05,4.869872257e-07,0.00014003272,6.586777993e-06,3.695454401e-05,4.695355289e-07,0.0001520677837,4.160728211e-06,0.0001607385438,6.227507061e-07,0.0002615219659,1.78273956e-06,4.772604605e-05,-7.279809585e-06,0.1531979467
535.0,3.381076341e-05,4.78939886e-07,0.0001383341326,6.5145828e-06,3.6392098e-05,4.625292667e-07,0.0001496774534,4.110349036e-06,0.0001573833738,6.090258372e-07,0.0002564603824,1.748553251e-06,4.715229051e-05,-7.142850222e-06,0.1531908038
536.0,3.322179006e-05,4.712801611e-07,0.0001365309313,6.441526098e-06,3.583132729e-05,4.557607166e-07,0.0001481920619,4.055387494e-06,0.0001541177493,5.95612181e-07,0.0002515011807,1.715032184e-06,4.652617838e-05,-7.037050516e-06,0.1531837668
537.0,3.268815849e-05,4.640812883e-07,0.0001349044248,6.37306798e-06,3.53001545e-05,4.493663553e-07,0.0001454885133,4.012892264e-06,0.0001509284526,5.824820788e-07,0.0002466587077,1.682123107e-06,4.60426547e-05,-6.966650784e-06,0.1531768001
538.0,3.215440817e-05,4.57252794e-07,0.000133212313,6.303817728e-06,3.478588765e-05,4.43219356e-07,0.0001431224773,3.969444598e-06,0.0001478229827,5.696615255e-07,0.0002419171883,1.649850904e-06,4.554815448e-05,-6.851517243e-06,0.1531699486
539.0,3.165594759e-05,4.508553108e-07,0.0001315705632,6.237367639e-06,3.429976712e-05,4.374134628e-07,0.0001424559954,3.925823267e-06,0.000144788161,5.571480592e-07,0.000237279168,1.618212381e-06,4.505145632e-05,-6.771228055e-06,0.1531631774
540.0,3.119761846e-05,4.447117801e-07,0.0001300403131,6.170415968e-06,3.383304473e-05,4.317820673e-07,0.0001389696259,3.887983554e-06,0.0001418298958,5.449542621e-07,0.0002327413104,1.587194986e-06,4.462104243e-05,-6.719011113e-06,0.1531564584
541.0,3.073756114e-05,4.390135175e-07,0.0001283837034,6.104030604e-06,3.338167026e-05,4.264492818e-07,0.0001388253829,3.850839181e-06,0.0001389399673,5.330128448e-07,0.0002283004684,1.556795417e-06,4.419827054e-05,-6.627550908e-06,0.1531498308
542.0,3.032327673e-05,4.336005129e-07,0.0001269312695,6.040175397e-06,3.29531588e-05,4.212919635e-07,0.0001373618935,3.81193638e-06,0.0001361211775,5.2131205e-07,0.0002239518114,1.52696378e-06,4.375533976e-05,-6.564110967e-06,0.1531432667
543.0,2.99373499e-05,4.284953173e-07,0.0001254272234,5.974847721e-06,3.253787007e-05,4.163304414e-07,0.0001346024966,3.784386631e-06,0.0001333660988,5.098720105e-07,0.0002196970322,1.497742896e-06,4.344266203e-05,-6.538202664e-06,0.1531367285
544.0,2.953072497e-05,4.23628996e-07,0.0001238126473,5.911174988e-06,3.211989884e-05,4.115734065e-07,0.0001327103523,3.761044278e-06,0.0001306732976,4.987175924e-07,0.0002155330719,1.469113492e-06,4.317808702e-05,-6.47745098e-06,0.153130251
545.0,2.916357121e-05,4.190348632e-07,0.0001223770524,5.848154491e-06,3.172830818e-05,4.06985216e-07,0.0001322364143,3.732001182e-06,0.0001280330373,4.881022437e-07,0.0002114567148,1.441027855e-06,4.284804506e-05,-6.447034285e-06,0.153123804
546.0,2.883755322e-05,4.146425725e-07,0.0001208936105,5.783953619e-06,3.135559715e-05,4.02570129e-07,0.0001305773047,3.71027464e-06,0.0001254689253,4.774661564e-07,0.000207473873,1.413520574e-06,4.260186251e-05,-6.43508687e-06,0.1531173689
547.0,2.850794022e-05,4.104564509e-07,0.0001194791272,5.721657533e-06,3.099934447e-05,3.983162153e-07,0.0001290146783,3.68681011e-06,0.0001229561999,4.670601522e-07,0.0002035759562,1.386558734e-06,4.233544502e-05,-6.371638389e-06,0.1531109973
548.0,2.817763565e-05,4.064114685e-07,0.0001179871892,5.657234927e-06,3.063712557e-05,3.941018854e-07,0.0001277957024,3.658335158e-06,0.0001205091354,4.569271028e-07,0.0001997610061,1.360137813e-06,4.201175956e-05,-6.341265137e-06,0.153104656
549.0,2.788849305e-05,4.025457297e-07,0.0001165185242,5.594830248e-06,3.0288424e-05,3.900477071e-07,0.0001258260601,3.641825495e-06,0.0001180997291,4.475194183e-07,0.0001960289803,1.334244863e-06,4.182518609e-05,-6.343965973e-06,0.1530983121
550.0,2.758633338e-05,3.987757688e-07,0.0001151529081,5.532428765e-06,2.994816899e-05,3.860938184e-07,0.0001241538259,3.624259597e-06,0.0001157640642,4.378393849e-07,0.0001923804656,1.308897598e-06,4.162643554e-05,-6.302474909e-06,0.1530920096
551.0,2.730063297e-05,3.951486558e-07,0.0001137016451,5.46999554e-06,2.962022358e-05,3.822394791e-07,0.0001238395798,3.600675926e-06,0.0001134845719,4.283944982e-07,0.0001888091209,1.284052976e-06,4.135853284e-05,-6.286459236e-06,0.1530857231
552.0,2.703597552e-05,3.915183384e-07,0.0001123631102,5.406478686e-06,2.930195428e-05,3.784243881e-07,0.0001212436028,3.579778679e-06,0.000111258002,4.191056565e-07,0.0001853134875,1.259704667e-06,4.112139093e-05,-6.272372258e-06,0.1530794508
553.0,2.676039827e-05,3.880271538e-07,0.0001109326774,5.343050246e-06,2.899012311e-05,3.747200982e-07,0.0001202534183,3.558319625e-06,0.0001090884921,4.100498717e-07,0.000181889941,1.23585271e-06,4.087757553e-05,-6.227003435e-06,0.1530732237
554.0,2.649368993e-05,3.845310256e-07,0.000109534716,5.280113973e-06,2.868077602e-05,3.710203901e-07,0.0001198283405,3.528867504e-06,0.0001069636133,4.012456947e-07,0.000178536054,1.212464374e-06,4.054206352e-05,-6.195913848e-06,0.1530670278
555.0,2.625078187e-05,3.811054581e-07,0.0001082837542,5.217974635e-06,2.838152941e-05,3.673678488e-07,0.0001182695722,3.509567508e-06,0.0001048896278,3.92669908e-07,0.0001752547412,1.18956563e-06,4.032302564e-05,-6.195300487e-06,0.1530608325
556.0,2.597565234e-05,3.777122485e-07,0.0001068063338,5.153992752e-06,2.806976717e-05,3.637389868e-07,0.0001156778706,3.463330605e-06,0.0001028571797,3.843182125e-07,0.0001720328701,1.167105075e-06,3.979442241e-05,-7.487035504e-06,0.1530533455
557.0,2.574942304e-05,3.745124649e-07,0.0001054642499,5.090950207e-06,2.777003813e-05,3.601493644e-07,0.0001163716866,3.470713444e-06,0.0001008742191,3.761464335e-07,0.0001688806916,1.145122787e-06,3.988185635e-05,-7.565886008e-06,0.1530457796
558.0,2.554792099e-05,3.712326902e-07,0.0001041445278,5.02726281e-06,2.748295205e-05,3.565981193e-07,0.0001143396161,3.481157957e-06,9.892933474e-05,3.682062381e-07,0.0001657936733,1.123586382e-06,4.000441712e-05,-7.684260709e-06,0.1530380954
559.0,2.528384971e-05,3.677893389e-07,0.0001027138579,4.962688643e-06,2.719465005e-05,3.530546539e-07,0.000112541811,3.485289361e-06,9.703090195e-05,3.604384014e-07,0.000162776228,1.102491375e-06,4.005432326e-05,-7.721928103e-06,0.1530303734
560.0,2.502211104e-05,3.642302441e-07,0.000101455156,4.899838238e-06,2.690844145e-05,3.494352672e-07,0.0001125806709,3.471195299e-06,9.517321834e-05,3.528269614e-07,0.0001598205854,1.081834821e-06,3.989486397e-05,-7.765924052e-06,0.1530226075
561.0,2.475810681e-05,3.606188966e-07,0.0001000541786,4.834399546e-06,2.661217339e-05,3.45839981e-07,0.0001091041772,3.449440498e-06,9.335709327e-05,3.454146455e-07,0.000156925673,1.061601621e-06,3.964731804e-05,-7.793601763e-06,0.1530148139
562.0,2.446698378e-05,3.570005059e-07,9.874440917e-05,4.771618447e-06,2.631734446e-05,3.422172989e-07,0.0001089272119,3.422595473e-06,9.157889236e-05,3.38175936e-07,0.0001540896112,1.041807115e-06,3.934103836e-05,-7.738956137e-06,0.1530070749
563.0,2.420666589e-05,3.533820256e-07,9.745257876e-05,4.708279625e-06,2.603617554e-05,3.386060395e-07,0.000108732132,3.383550695e-06,8.98279585e-05,3.315013146e-07,0.0001513111463,1.022390778e-06,3.889460727e-05,-7.691157792e-06,0.1529993838
564.0,2.395559459e-05,3.497715695e-07,9.608306853e-05,4.643441883e-06,2.574564567e-05,3.349217163e-07,0.0001059013746,3.345823236e-06,8.812709614e-05,3.246086655e-07,0.0001485922919,1.003421643e-06,3.846315771e-05,-7.658761177e-06,0.152991725
565.0,2.368786623e-05,3.461946714e-07,9.478071695e-05,4.580500548e-06,2.545903863e-05,3.312808551e-07,0.000105283275,3.314090542e-06,8.646215901e-05,3.17886824e-07,0.0001459308248,9.848713506e-07,3.810045049e-05,-7.594839779e-06,0.1529841302
566.0,2.344237274e-05,3.425778039e-07,9.345134891e-05,4.51615569e-06,2.517188168e-05,3.275823301e-07,0.0001049920209,3.275186086e-06,8.483118231e-05,3.113540583e-07,0.0001433217102,9.666763799e-07,3.765538663e-05,-7.555153073e-06,0.152976575
567.0,2.322047356e-05,3.389673021e-07,9.226361151e-05,4.453736821e-06,2.489095801e-05,3.23882997e-07,0.0001029258142,3.250440597e-06,8.323432371e-05,3.04986913e-07,0.0001407653236,9.488853609e-07,3.737293621e-05,-7.544866721e-06,0.1529690302
568.0,2.293760829e-05,3.353018079e-07,9.083877294e-05,4.389227724e-06,2.458440581e-05,3.201499571e-07,0.0001001254261,3.231160529e-06,8.167325183e-05,2.987571798e-07,0.0001382614586,9.314538414e-07,3.715337764e-05,-7.503871994e-06,0.1529615263
569.0,2.268188381e-05,3.315605421e-07,8.956279312e-05,4.327270191e-06,2.429721913e-05,3.164016782e-07,0.0001021155023,3.204727585e-06,8.014466391e-05,2.9268299e-07,0.0001358044667,9.144096585e-07,3.685140763e-05,-7.474950347e-06,0.1529540513
570.0,2.245207884e-05,3.277451626e-07,8.837536205e-05,4.264827216e-06,2.401652816e-05,3.126649562e-07,9.910064961e-05,3.181253766e-06,7.864748974e-05,2.867403547e-07,0.0001334005882,8.977185456e-07,3.658344275e-05,-7.467066568e-06,0.1529465843
571.0,2.21675735e-05,3.238467222e-07,8.698763753e-05,4.201881494e-06,2.372153672e-05,3.088862143e-07,9.768994507e-05,3.161048485e-06,7.718472899e-05,2.809565536e-07,0.000131043007,8.813632731e-07,3.635292856e-05,-7.414278011e-06,0.15293917
572.0,2.189277037e-05,3.198966307e-07,8.586273918e-05,4.142121956e-06,2.343608328e-05,3.0505796e-07,9.776262819e-05,3.128916255e-06,7.574880332e-05,2.753027514e-07,0.0001287334623,8.653808902e-07,3.598530171e-05,-7.362925948e-06,0.1529318071
573.0,2.163981119e-05,3.159055172e-07,8.459219896e-05,4.078886784e-06,2.31436206e-05,3.012285316e-07,9.475986626e-05,3.09419195e-06,7.434492135e-05,2.697940927e-07,0.0001264699238,8.497275065e-07,3.55877766e-05,-7.313912834e-06,0.1529244932
574.0,2.134073042e-05,3.118777961e-07,8.328652387e-05,4.018066794e-06,2.284380199e-05,2.973603772e-07,9.347390653e-05,3.061329736e-06,7.296922342e-05,2.644214607e-07,0.0001242508933,8.343917639e-07,3.521152402e-05,-7.213490289e-06,0.1529172797
575.0,2.106596602e-05,3.078498346e-07,8.210713104e-05,3.958774031e-06,2.255460222e-05,2.935099861e-07,9.361812498e-05,3.022821406e-06,7.16197754e-05,2.591737684e-07,0.0001220751358,8.193939754e-07,3.477036825e-05,-7.146884135e-06,0.1529101328
576.0,2.080352841e-05,3.038021289e-07,8.086681673e-05,3.898417819e-06,2.226086065e-05,2.896088356e-07,9.151841335e-05,2.984180872e-06,7.029749822e-05,2.540545365e-07,0.0001199420045,8.047060145e-07,3.432758801e-05,-7.084503609e-06,0.1529030483
577.0,2.051061411e-05,2.997283026e-07,7.968294857e-05,3.839398096e-06,2.196389111e-05,2.856949448e-07,9.036674212e-05,2.951655925e-06,6.900377924e-05,2.490621585e-07,0.0001178531588,7.903303562e-07,3.395498672e-05,-6.984759931e-06,0.1528960635
578.0,2.023708402e-05,2.956389071e-07,7.84785858e-05,3.780144755e-06,2.167249758e-05,2.817759473e-07,8.989227234e-05,2.909458796e-06,6.773526754e-05,2.441840474e-07,0.0001157998237,7.762954113e-07,3.347120716e-05,-6.917810242e-06,0.1528891457
579.0,1.998552768e-05,2.915606009e-07,7.741430861e-05,3.723534719e-06,2.138514318e-05,2.778547594e-07,8.850452619e-05,2.87656556e-06,6.649089642e-05,2.394253056e-07,0.0001137921331,7.625111089e-07,3.309430766e-05,-6.866124234e-06,0.1528822796
580.0,1.969266751e-05,2.874654863e-07,7.616923522e-05,3.665221071e-06,2.107951859e-05,2.7392636e-07,8.606160331e-05,2.845917828e-06,6.527213509e-05,2.347791198e-07,0.0001118255139,7.490201591e-07,3.274323816e-05,-6.779252803e-06,0.1528755003
581.0,1.93996372e-05,2.833274176e-07,7.494554412e-05,3.608503078e-06,2.077980622e-05,2.699867249e-07,8.695591805e-05,2.808867874e-06,6.407716147e-05,2.302396e-07,0.0001098962316,7.358109216e-07,3.231846566e-05,-6.714588589e-06,0.1528687857
582.0,1.915921044e-05,2.792530339e-07,7.394870517e-05,3.554037785e-06,2.049852758e-05,2.661062432e-07,8.534686468e-05,2.775475674e-06,6.290747116e-05,2.258124807e-07,0.0001080017491,7.228715019e-07,3.193563425e-05,-6.660943665e-06,0.1528621248
583.0,1.887445477e-05,2.751177134e-07,7.277205565e-05,3.498077869e-06,2.020529787e-05,2.622112311e-07,8.345985126e-05,2.745445111e-06,6.176024962e-05,2.214821671e-07,0.0001061483161,7.102116203e-07,3.159143206e-05,-6.563596514e-06,0.1528555612
584.0,1.858721822e-05,2.709837365e-07,7.166827814e-05,3.444065231e-06,1.991348965e-05,2.582914203e-07,8.376639687e-05,2.707385293e-06,6.063640675e-05,2.172661994e-07,0.000104331127,6.978162488e-07,3.115487854e-05,-6.487052493e-06,0.1528490742
585.0,1.83248539e-05,2.668866547e-07,7.056928649e-05,3.390026313e-06,1.962101972e-05,2.544025615e-07,8.138014095e-05,2.671516859e-06,5.953389625e-05,2.13142005e-07,0.0001025503254,6.856817575e-07,3.074346829e-05,-6.433460662e-06,0.1528426407
586.0,1.803322667e-05,2.627859418e-07,6.947345652e-05,3.337315642e-06,1.932727066e-05,2.505352981e-07,8.026365234e-05,2.639933661e-06,5.845492816e-05,2.091119014e-07,0.0001008047568,6.738005939e-07,3.03812544e-05,-6.337610507e-06,0.1528363031
587.0,1.776975775e-05,2.587498911e-07,6.849454952e-05,3.286648074e-06,1.904908104e-05,2.46720211e-07,8.064002856e-05,2.598835702e-06,5.739773002e-05,2.051743402e-07,9.909345591e-05,6.621640441e-07,2.990954647e-05,-6.241014574e-06,0.1528300621
588.0,1.750766749e-05,2.546667583e-07,6.741086589e-05,3.23394764e-06,1.876352662e-05,2.428719238e-07,7.746709755e-05,2.558739316e-06,5.63612074e-05,2.013244385e-07,9.74062484e-05,6.508345718e-07,2.944931144e-05,-6.165795073e-06,0.1528238963
589.0,1.722964812e-05,2.506972068e-07,6.633464278e-05,3.184188972e-06,1.848262344e-05,2.391174748e-07,7.774282314e-05,2.525291255e-06,5.534487334e-05,1.975610482e-07,9.576098216e-05,6.396558849e-07,2.906541537e-05,-6.056870751e-06,0.1528178394
590.0,1.697111205e-05,2.466969563e-07,6.535455899e-05,3.134365154e-06,1.820317878e-05,2.353411192e-07,7.769217255e-05,2.48132366e-06,5.434975239e-05,1.938795941e-07,9.4145067e-05,6.286934268e-07,2.856055845e-05,-5.967967613e-06,0.1528118714
591.0,1.672397616e-05,2.427429759e-07,6.437151801e-05,3.08474002e-06,1.79288841e-05,2.31605635e-07,7.633210963e-05,2.445737064e-06,5.337449358e-05,1.902949771e-07,9.256157648e-05,6.17961442e-07,2.81520612e-05,-5.905922465e-06,0.1528059655
592.0,1.643657621e-05,2.38851829e-07,6.334121925e-05,3.037218586e-06,1.764118698e-05,2.279186478e-07,7.383502538e-05,2.416241112e-06,5.241879132e-05,1.867778898e-07,9.100930495e-05,6.074505362e-07,2.781361408e-05,-5.80684133e-06,0.1528001587
593.0,1.617081204e-05,2.349617785e-07,6.239566574e-05,2.989974347e-06,1.7365715e-05,2.242591966e-07,7.466827091e-05,2.378307815e-06,5.147628238e-05,1.835746219e-07,8.948557488e-05,5.971404483e-07,2.73780375e-05,-5.730750131e-06,0.1527944279
594.0,1.594719656e-05,2.311439229e-07,6.14825368e-05,2.943362485e-06,1.710748736e-05,2.206724481e-07,7.362356948e-05,2.338976637e-06,5.056107366e-05,1.802147277e-07,8.799417065e-05,5.870545862e-07,2.692625002e-05,-5.648551892e-06,0.1527887794
595.0,1.567150756e-05,2.27344674e-07,6.048013849e-05,2.897202193e-06,1.683247958e-05,2.170897959e-07,7.046683673e-05,2.306366556e-06,4.966475945e-05,1.76928862e-07,8.653031607e-05,5.771610832e-07,2.655181527e-05,-5.544192841e-06,0.1527832352
596.0,1.5422135e-05,2.236395446e-07,5.952350163e-05,2.85256098e-06,1.65770452e-05,2.136091209e-07,7.29233824e-05,2.267193587e-06,4.878749307e-05,1.737225994e-07,8.509514554e-05,5.674644965e-07,2.61017657e-05,-5.460963567e-06,0.1527777742
597.0,1.519799981e-05,2.199322638e-07,5.868756994e-05,2.809077561e-06,1.631664801e-05,2.101140337e-07,7.039216925e-05,2.229666629e-06,4.792722871e-05,1.705710986e-07,8.368538236e-05,5.579521389e-07,2.567065574e-05,-5.387794737e-06,0.1527723864
598.0,1.492999738e-05,2.162793968e-07,5.77226507e-05,2.764221414e-06,1.604897895e-05,2.066810293e-07,6.869573097e-05,2.198882954e-06,4.708547296e-05,1.674975497e-07,8.230227587e-05,5.48620502e-07,2.531712685e-05,-5.288843273e-06,0.1527670976
599.0,1.468325768e-05,2.127270656e-07,5.682648745e-05,2.722923453e-06,1.57971058e-05,2.033384309e-07,6.920647178e-05,2.16425339e-06,4.626064903e-05,1.644776825e-07,8.094397764e-05,5.39464964e-07,2.491931052e-05,-5.209571241e-06,0.152761888
600.0,1.445958924e-05,2.09148709e-07,5.603373516e-05,2.68119131e-06,1.55482506e-05,2.000025703e-07,6.681910978e-05,2.130911891e-06,4.545292067e-05,1.615261397e-07,7.961232205e-05,5.3048291e-07,2.453627152e-05,-5.151606489e-06,0.1527567364
601.0,1.420751497e-05,2.056667045e-07,5.507168732e-05,2.639043314e-06,1.529180216e-05,1.967271845e-07,6.596219611e-05,2.10055291e-06,4.466154286e-05,1.586319133e-07,7.830504059e-05,5.216698128e-07,2.41875096e-05,-5.052031122e-06,0.1527516844
602.0,1.397616195e-05,2.022450272e-07,5.42913639e-05,2.599490762e-06,1.505482679e-05,1.935265202e-07,6.596442482e-05,2.061190689e-06,4.388676304e-05,1.557948546e-07,7.702142273e-05,5.130202205e-07,2.37350469e-05,-4.960518273e-06,0.1527467238
603.0,1.37839156e-05,1.989415604e-07,5.350553937e-05,2.55995343e-06,1.483546107e-05,1.904083561e-07,6.564208872e-05,2.027334277e-06,4.312698073e-05,1.530221294e-07,7.576137589e-05,5.045275503e-07,2.33458973e-05,-4.897415666e-06,0.1527418264
604.0,1.353978285e-05,1.956247876e-07,5.262721085e-05,2.521932784e-06,1.458438825e-05,1.872815544e-07,6.332984389e-05,1.998081934e-06,4.238206919e-05,1.50296682e-07,7.452364671e-05,4.961911149e-07,2.300979806e-05,-4.797697524e-06,0.1527370287
605.0,1.330697991e-05,1.923956789e-07,5.181947548e-05,2.483337217e-06,1.434585264e-05,1.84238048e-07,6.38566974e-05,1.964544022e-06,4.164932096e-05,1.477203908e-07,7.330802008e-05,4.880110241e-07,2.262434772e-05,-4.731928515e-06,0.1527322968
606.0,1.311424545e-05,1.892474629e-07,5.103175212e-05,2.446493212e-06,1.41250623e-05,1.812654587e-07,6.279900546e-05,1.934749621e-06,4.093429914e-05,1.451043609e-07,7.211418545e-05,4.799813718e-07,2.228192494e-05,-4.683510892e-06,0.1527276133
607.0,1.289221531e-05,1.861426292e-07,5.035214379e-05,2.411398456e-06,1.389925459e-05,1.783335921e-07,6.046414551e-05,1.911870135e-06,4.023234748e-05,1.425519632e-07,7.094241764e-05,4.720902981e-07,2.20190775e-05,-4.594153098e-06,0.1527230191
608.0,1.268267343e-05,1.830712983e-07,4.955437326e-05,2.374328796e-06,1.368000058e-05,1.754504051e-07,6.137969115e-05,1.876371597e-06,3.954527509e-05,1.400349848e-07,6.979068179e-05,4.643423981e-07,2.161094502e-05,-4.517230925e-06,0.1527185019
609.0,1.249003083e-05,1.800949933e-07,4.879791031e-05,2.339849051e-06,1.346446957e-05,1.726311151e-07,5.912126125e-05,1.844207074e-06,3.88720963e-05,1.375804004e-07,6.86593168e-05,4.567318623e-07,2.124111518e-05,-4.454501559e-06,0.1527140474
610.0,1.228885671e-05,1.77245239e-07,4.805856243e-05,2.306087097e-06,1.3258499e-05,1.699064647e-07,5.923400828e-05,1.817475484e-06,3.82113822e-05,1.351572013e-07,6.754789927e-05,4.492521164e-07,2.093378316e-05,-4.362870241e-06,0.1527096845
611.0,1.209160072e-05,1.743634444e-07,4.730844355e-05,2.273122008e-06,1.304837592e-05,1.672038251e-07,5.972103964e-05,1.785351743e-06,3.756421799e-05,1.327883176e-07,6.645494171e-05,4.418997604e-07,2.056444073e-05,-4.295487541e-06,0.152705389
612.0,1.191481448e-05,1.715532328e-07,4.674177441e-05,2.240722653e-06,1.284574876e-05,1.645450011e-07,5.726315555e-05,1.757699486e-06,3.692905619e-05,1.304644726e-07,6.538096694e-05,4.346761716e-07,2.02464949e-05,-4.244707147e-06,0.1527011443
613.0,1.170539763e-05,1.68833952e-07,4.595743709e-05,2.207081108e-06,1.263340223e-05,1.619364401e-07,5.545670326e-05,1.735803304e-06,3.63063609e-05,1.281860144e-07,6.432589254e-05,4.275806902e-07,1.999486493e-05,-4.16581204e-06,0.1526969785
614.0,1.152128403e-05,1.661165605e-07,4.530376969e-05,2.176150066e-06,1.244140084e-05,1.59411466e-07,5.676453222e-05,1.705877245e-06,3.569599852e-05,1.259490348e-07,6.328924539e-05,4.20606904e-07,1.965069076e-05,-4.09604764e-06,0.1526928825
615.0,1.137148536e-05,1.634848427e-07,4.473408292e-05,2.145001165e-06,1.226160402e-05,1.56924076e-07,5.567835279e-05,1.67662098e-06,3.509752888e-05,1.237562899e-07,6.226950794e-05,4.137544128e-07,1.931421615e-05,-4.043609418e-06,0.1526888389
616.0,1.115940143e-05,1.609335715e-07,4.391542495e-05,2.113586768e-06,1.205543288e-05,1.544849292e-07,5.306324283e-05,1.654461197e-06,3.451029477e-05,1.216045161e-07,6.126770896e-05,4.070169235e-07,1.905946715e-05,-3.963039089e-06,0.1526848758
617.0,1.099796911e-05,1.584531166e-07,4.340708576e-05,2.086445732e-06,1.188478901e-05,1.521491899e-07,5.589896225e-05,1.625495663e-06,3.393448497e-05,1.194923863e-07,6.02835381e-05,4.003933068e-07,1.872622512e-05,-3.898535137e-06,0.1526809773
618.0,1.08586674e-05,1.559566597e-07,4.28203074e-05,2.055956721e-06,1.170807368e-05,1.498251408e-07,5.360138322e-05,1.597428945e-06,3.337004722e-05,1.174204659e-07,5.93162188e-05,3.938846833e-07,1.840340936e-05,-3.849320734e-06,0.152677128
619.0,1.067047853e-05,1.535534096e-07,4.216490933e-05,2.02744628e-06,1.152127567e-05,1.475386105e-07,5.176678122e-05,1.578122736e-06,3.281620792e-05,1.153872507e-07,5.836452289e-05,3.874913075e-07,1.818142838e-05,-3.771698839e-06,0.1526733563
620.0,1.049754565e-05,1.511738167e-07,4.157603946e-05,1.998832885e-06,1.134644629e-05,1.452986906e-07,5.245896765e-05,1.551545738e-06,3.227284532e-05,1.13391524e-07,5.742910915e-05,3.81197442e-07,1.787575071e-05,-3.720744603e-06,0.1526696355
621.0,1.034613194e-05,1.488355073e-07,4.091677761e-05,1.97040909e-06,1.1172368e-05,1.431143046e-07,5.113936568e-05,1.530127618e-06,3.173970192e-05,1.114331267e-07,5.65106627e-05,3.750128168e-07,1.762943642e-05,-3.691135941e-06,0.1526659444
622.0,1.018879198e-05,1.465666682e-07,4.046209584e-05,1.944661121e-06,1.100964433e-05,1.409869462e-07,5.060083717e-05,1.510193987e-06,3.121692805e-05,1.095117946e-07,5.56073019e-05,3.689321941e-07,1.740015337e-05,-3.605879053e-06,0.1526623385
623.0,1.003164006e-05,1.443531567e-07,3.985025069e-05,1.917046624e-06,1.085258144e-05,1.3893501e-07,5.071764568e-05,1.481523125e-06,3.070410237e-05,1.076258533e-07,5.47192726e-05,3.629533502e-07,1.707024707e-05,-3.542786197e-06,0.1526587957
624.0,9.898744143e-06,1.42157493e-07,3.928566258e-05,1.890882341e-06,1.069447304e-05,1.368612329e-07,4.881032869e-05,1.458581559e-06,3.02003098e-05,1.057747993e-07,5.384523108e-05,3.570756692e-07,1.680629818e-05,-3.510827618e-06,0.1526552849
625.0,9.728848703e-06,1.400109225e-07,3.870296319e-05,1.864385602e-06,1.052395145e-05,1.34859562e-07,4.747792984e-05,1.439905269e-06,2.970635849e-05,1.039600495e-07,5.298704425e-05,3.512938248e-07,1.659151852e-05,-3.43817337e-06,0.1526518467
626.0,9.577786516e-06,1.378867263e-07,3.81050711e-05,1.83781914e-06,1.037025876e-05,1.329037549e-07,4.907577635e-05,1.415136862e-06,2.922222699e-05,1.021794568e-07,5.214335031e-05,3.456088182e-07,1.630650661e-05,-3.391971127e-06,0.1526484548
627.0,9.465222873e-06,1.358382719e-07,3.77640971e-05,1.814024408e-06,1.023540987e-05,1.309915512e-07,4.754073177e-05,1.395866329e-06,2.874708029e-05,1.004327851e-07,5.131284514e-05,3.400158371e-07,1.608480563e-05,-3.360150192e-06,0.1526450946
628.0,9.296892635e-06,1.338106525e-07,3.710558196e-05,1.787151554e-06,1.007222144e-05,1.29096246e-07,4.502540959e-05,1.380750455e-06,2.827978295e-05,9.871541074e-08,5.049695764e-05,3.345143459e-07,1.591100108e-05,-3.297343391e-06,0.1526417973
629.0,9.165069481e-06,1.318253002e-07,3.659789497e-05,1.763541141e-06,9.941287114e-06,1.273006136e-07,4.870321678e-05,1.354556498e-06,2.782212874e-05,9.703312796e-08,4.969545649e-05,3.291073383e-07,1.560946398e-05,-3.236548085e-06,0.1526385607
630.0,9.052421041e-06,1.298919752e-07,3.61550388e-05,1.738816454e-06,9.803868257e-06,1.254859177e-07,4.593541859e-05,1.332502309e-06,2.737335797e-05,9.538350686e-08,4.890696953e-05,3.237906931e-07,1.53556823e-05,-3.208207818e-06,0.1526353525
631.0,8.901951489e-06,1.280025846e-07,3.551982424e-05,1.714077268e-06,9.65432406e-06,1.237066814e-07,4.450799877e-05,1.321199887e-06,2.693271788e-05,9.376433102e-08,4.812974793e-05,3.185769752e-07,1.522574747e-05,-3.161343976e-06,0.1526321912
632.0,8.768260081e-06,1.26123767e-07,3.515572172e-05,1.692574129e-06,9.521239498e-06,1.219717997e-07,4.596962023e-05,1.299716773e-06,2.649987318e-05,9.217581245e-08,4.736454296e-05,3.134475453e-07,1.497851027e-05,-3.110439036e-06,0.1526290807
633.0,8.653536878e-06,1.242629778e-07,3.462491383e-05,1.666615758e-06,9.384635673e-06,1.202660836e-07,4.339608935e-05,1.281393937e-06,2.607477222e-05,9.061243434e-08,4.661423985e-05,3.083841635e-07,1.476766495e-05,-3.088020101e-06,0.1526259927
634.0,8.5119151e-06,1.224653029e-07,3.410767945e-05,1.644201484e-06,9.25028664e-06,1.185949518e-07,4.309894459e-05,1.267323912e-06,2.565750448e-05,8.908368833e-08,4.587644012e-05,3.034056664e-07,1.460578361e-05,-3.023174682e-06,0.1526229695
635.0,8.38864974e-06,1.206930399e-07,3.368044697e-05,1.622317271e-06,9.129835136e-06,1.170021827e-07,4.414793211e-05,1.245237105e-06,2.524795249e-05,8.757815662e-08,4.515058132e-05,2.985115739e-07,1.435153724e-05,-2.981436941e-06,0.1526199881
636.0,8.285358342e-06,1.189457628e-07,3.315116616e-05,1.598229645e-06,9.005445678e-06,1.153658871e-07,4.257363143e-05,1.22492331e-06,2.484523307e-05,8.610517008e-08,4.443661358e-05,2.936983822e-07,1.41177056e-05,-2.959914689e-06,0.1526170282
637.0,8.143319703e-06,1.172451393e-07,3.273404835e-05,1.577235401e-06,8.871591941e-06,1.137742954e-07,4.091215288e-05,1.212623929e-06,2.445012441e-05,8.465550051e-08,4.373483136e-05,2.88964401e-07,1.397621008e-05,-2.899351349e-06,0.1526141288
638.0,8.0302668e-06,1.155473733e-07,3.22466734e-05,1.554262985e-06,8.752087518e-06,1.122410134e-07,4.160926346e-05,1.192473037e-06,2.406235065e-05,8.32385363e-08,4.304482828e-05,2.843097984e-07,1.374423744e-05,-2.867559425e-06,0.1526112613
639.0,7.940178412e-06,1.139141769e-07,3.185376634e-05,1.5337587e-06,8.642305102e-06,1.107303549e-07,4.122094971e-05,1.176034396e-06,2.368133341e-05,8.184315242e-08,4.236629812e-05,2.797327665e-07,1.355501897e-05,-2.836269581e-06,0.152608425
640.0,7.799455602e-06,1.12278533e-07,3.135512973e-05,1.511474252e-06,8.511211092e-06,1.092179077e-07,3.88062711e-05,1.164537476e-06,2.33068242e-05,8.047745759e-08,4.169943419e-05,2.752335491e-07,1.342276299e-05,-2.785951048e-06,0.1526056391
641.0,7.682989376e-06,1.106880173e-07,3.085023008e-05,1.490530165e-06,8.402623557e-06,1.077842771e-07,4.17213156e-05,1.145756217e-06,2.293898715e-05,7.913472604e-08,4.104324826e-05,2.708074652e-07,1.320651765e-05,-2.753798976e-06,0.1526028853
642.0,7.607460864e-06,1.091551778e-07,3.061297603e-05,1.471668586e-06,8.300488786e-06,1.063321984e-07,4.005980024e-05,1.130185971e-06,2.257756488e-05,7.781770859e-08,4.039757221e-05,2.664544039e-07,1.302727707e-05,-2.737365457e-06,0.1526001479
643.0,7.488752928e-06,1.076092549e-07,3.010284635e-05,1.449343434e-06,8.18106124e-06,1.048907665e-07,3.805401535e-05,1.118494747e-06,2.222225815e-05,7.652515199e-08,3.976292073e-05,2.621751196e-07,1.289275044e-05,-2.684746203e-06,0.1525974631
644.0,7.366997402e-06,1.060764822e-07,2.965480412e-05,1.43013113e-06,8.066478275e-06,1.034772441e-07,3.933056675e-05,1.10050526e-06,2.187295579e-05,7.525597208e-08,3.913816044e-05,2.579657856e-07,1.268562721e-05,-2.646088677e-06,0.1525948171
645.0,7.284627853e-06,1.04601217e-07,2.926942488e-05,1.410077983e-06,7.957909086e-06,1.021035256e-07,3.7432143e-05,1.086848862e-06,2.152929598e-05,7.401003432e-08,3.852401638e-05,2.538268271e-07,1.252842853e-05,-2.6399642e-06,0.1525921771
646.0,7.164510031e-06,1.031370934e-07,2.875113299e-05,1.38966897e-06,7.843428849e-06,1.007407245e-07,3.737128166e-05,1.075917683e-06,2.119164488e-05,7.278722039e-08,3.7919817e-05,2.49756781e-07,1.24026278e-05,-2.58552176e-06,0.1525895916
647.0,7.065263345e-06,1.017120549e-07,2.851397558e-05,1.373211273e-06,7.746476823e-06,9.942461479e-08,3.789660146e-05,1.059365351e-06,2.085978721e-05,7.158641771e-08,3.732550156e-05,2.457539911e-07,1.221201801e-05,-2.551015679e-06,0.1525870406
648.0,6.990964442e-06,1.002872106e-07,2.809985042e-05,1.352053731e-06,7.654399108e-06,9.81199212e-08,3.647542819e-05,1.041651542e-06,2.053291927e-05,7.040699511e-08,3.674107173e-05,2.418177473e-07,1.200800849e-05,-2.531440614e-06,0.1525845091
649.0,6.871126642e-06,9.889727825e-08,2.763692367e-05,1.333656139e-06,7.540724826e-06,9.677690601e-08,3.592998803e-05,1.032420902e-06,2.021136369e-05,6.924917485e-08,3.616583075e-05,2.379469229e-07,1.190178836e-05,-2.486263951e-06,0.1525820228
650.0,6.783160627e-06,9.752362851e-08,2.730360679e-05,1.314879093e-06,7.443469594e-06,9.549796422e-08,3.696474766e-05,1.013863711e-06,1.989544976e-05,6.811161211e-08,3.559977824e-05,2.341394911e-07,1.168806695e-05,-2.45369439e-06,0.1525795692
651.0,6.703377655e-06,9.615189745e-08,2.6880763e-05,1.295449215e-06,7.347202912e-06,9.421501311e-08,3.58152173e-05,1.00170518e-06,1.958440711e-05,6.699648658e-08,3.504281167e-05,2.303947688e-07,1.154809078e-05,-2.443115231e-06,0.152577126
652.0,6.595365087e-06,9.486152588e-08,2.65589071e-05,1.279762081e-06,7.241145327e-06,9.297548688e-08,3.4065719e-05,9.966250646e-07,1.927812993e-05,6.589920359e-08,3.449533589e-05,2.267125187e-07,1.148968178e-05,-2.401919019e-06,0.1525747241
653.0,6.499183191e-06,9.353250289e-08,2.613945279e-05,1.260332406e-06,7.140531371e-06,9.173610001e-08,3.520847525e-05,9.79733571e-07,1.897683466e-05,6.481929386e-08,3.395604334e-05,2.23090803e-07,1.129515064e-05,-2.369078885e-06,0.152572355
654.0,6.432066908e-06,9.224642036e-08,2.583731014e-05,1.243599373e-06,7.055634967e-06,9.053531435e-08,3.460025809e-05,9.656230244e-07,1.86811163e-05,6.375524698e-08,3.342572204e-05,2.195285559e-07,1.113261534e-05,-2.349047575e-06,0.152570006
655.0,6.337468798e-06,9.099086086e-08,2.547572909e-05,1.226042137e-06,6.968303497e-06,8.93580478e-08,3.348757143e-05,9.548294532e-07,1.838939021e-05,6.271388851e-08,3.290431172e-05,2.160257168e-07,1.100832239e-05,-2.301053284e-06,0.1525677049
656.0,6.238543962e-06,8.972034277e-08,2.503432184e-05,1.207897553e-06,6.868802044e-06,8.812647618e-08,3.497179642e-05,9.403836036e-07,1.810224135e-05,6.169019258e-08,3.239071858e-05,2.125797973e-07,1.084196601e-05,-2.283228747e-06,0.1525654217
657.0,6.180732047e-06,8.850445447e-08,2.483653837e-05,1.192909416e-06,6.78268932e-06,8.69546842e-08,3.361644286e-05,9.258333698e-07,1.781826195e-05,6.069330026e-08,3.188531833e-05,2.091901538e-07,1.067435262e-05,-2.268159183e-06,0.1525631535
658.0,6.073781774e-06,8.72538506e-08,2.43768466e-05,1.173604927e-06,6.68176058e-06,8.577066775e-08,3.174587059e-05,9.184390868e-07,1.754074863e-05,5.968843554e-08,3.138795238e-05,2.058568008e-07,1.058925836e-05,-2.219993581e-06,0.1525609336
659.0,5.993824895e-06,8.610401594e-08,2.405563759e-05,1.159847662e-06,6.595848696e-06,8.466344232e-08,3.337388047e-05,9.061879423e-07,1.726614794e-05,5.873451185e-08,3.090068518e-05,2.025597e-07,1.044814718e-05,-2.196259871e-06,0.1525587373
660.0,5.929903526e-06,8.489196133e-08,2.375677707e-05,1.14221003e-06,6.508613012e-06,8.350090196e-08,3.142342847e-05,8.908481471e-07,1.699595648e-05,5.77731885e-08,3.041921592e-05,1.993339726e-07,1.027144552e-05,-2.179491606e-06,0.1525565578
661.0,5.81763971e-06,8.369629694e-08,2.328410985e-05,1.124833e-06,6.408570119e-06,8.236827676e-08,3.101780191e-05,8.850596419e-07,1.673214577e-05,5.682137591e-08,2.994761896e-05,1.961450591e-07,1.020483253e-05,-2.141193299e-06,0.1525544166
662.0,5.756667574e-06,8.257038415e-08,2.312789182e-05,1.111282273e-06,6.344025699e-06,8.131416409e-08,3.30382657e-05,8.677772447e-07,1.647075544e-05,5.59116833e-08,2.948121925e-05,1.930228973e-07,1.00056725e-05,-2.105177417e-06,0.1525523114
663.0,5.70165243e-06,8.14075908e-08,2.28029258e-05,1.093222982e-06,6.263881999e-06,8.01694715e-08,3.115620626e-05,8.546823584e-07,1.621349199e-05,5.49988933e-08,2.90209738e-05,1.899494834e-07,9.854836719e-06,-2.099374209e-06,0.1525502121
664.0,5.60257433e-06,8.029166243e-08,2.241597306e-05,1.079108991e-06,6.166868877e-06,7.908089292e-08,3.033592859e-05,8.469753559e-07,1.596111092e-05,5.409137946e-08,2.856883431e-05,1.869282843e-07,9.766088742e-06,-2.049909399e-06,0.1525481621
665.0,5.511750967e-06,7.915923155e-08,2.207991327e-05,1.062697699e-06,6.076982078e-06,7.79957551e-08,3.084026189e-05,8.333963437e-07,1.570983378e-05,5.323986134e-08,2.812323602e-05,1.83957423e-07,9.609667828e-06,-2.025968134e-06,0.1525461362
666.0,5.461801563e-06,7.808422652e-08,2.174849628e-05,1.04800436e-06,6.001445752e-06,7.696013464e-08,3.071542436e-05,8.239372516e-07,1.546567489e-05,5.234714924e-08,2.768510977e-05,1.81035605e-07,9.500706438e-06,-2.024878897e-06,0.1525441113
667.0,5.379873439e-06,7.699709564e-08,2.153756745e-05,1.034381045e-06,5.91985193e-06,7.590603684e-08,2.891858446e-05,8.168783593e-07,1.5221007e-05,5.155476394e-08,2.725382396e-05,1.78161907e-07,9.419417808e-06,-1.973748024e-06,0.1525421376
668.0,5.29300401e-06,7.589755294e-08,2.117558708e-05,1.017594288e-06,5.836428382e-06,7.485011476e-08,2.982383638e-05,8.022380845e-07,1.498344591e-05,5.072518418e-08,2.682981707e-05,1.753377843e-07,9.250733756e-06,-1.949021835e-06,0.1525401885
669.0,5.244730737e-06,7.486491032e-08,2.089561003e-05,1.004338686e-06,5.770406962e-06,7.386283777e-08,2.979733135e-05,7.8725693e-07,1.474709497e-05,4.992837976e-08,2.641252603e-05,1.725607445e-07,9.07806487e-06,-1.931583359e-06,0.1525382569
670.0,5.157943935e-06,7.379985369e-08,2.057613171e-05,9.888832295e-07,5.683543075e-06,7.279984494e-08,2.840060001e-05,7.801841792e-07,1.451728039e-05,4.909464614e-08,2.600183504e-05,1.698290941e-07,8.996626687e-06,-1.89416964e-06,0.1525363628
671.0,5.086172918e-06,7.278122825e-08,2.024558104e-05,9.754931978e-07,5.606396715e-06,7.181459713e-08,3.015201418e-05,1.504866375e-06,1.428542138e-05,4.832837566e-08,2.560263072e-05,1.671737849e-07,1.73534637e-05,1.300576554e-06,0.1525376634
672.0,5.091456694e-06,7.171091976e-08,2.003545852e-05,9.597105718e-07,5.532234348e-06,7.11200761e-08,2.695951478e-05,8.018135785e-07,1.406364739e-05,4.750543772e-08,2.519754129e-05,1.644807881e-07,9.246271272e-06,-2.122167145e-06,0.1525355412
673.0,4.953357188e-06,7.050320118e-08,1.965092957e-05,9.456807484e-07,5.44029112e-06,6.993530728e-08,2.65320175e-05,8.308575946e-07,1.384204805e-05,4.67605303e-08,2.480693073e-05,1.618858903e-07,9.58129107e-06,-2.193694722e-06,0.1525333475
674.0,4.886508928e-06,6.960741337e-08,1.940374601e-05,9.330969762e-07,5.364447711e-06,6.882327592e-08,2.855221797e-05,8.265338409e-07,1.362595446e-05,4.59888624e-08,2.442221907e-05,1.593322716e-07,9.531544236e-06,-2.196373318e-06,0.1525311511
675.0,4.856111194e-06,6.878516178e-08,1.920243304e-05,9.189799595e-07,5.297580409e-06,6.774249629e-08,2.76097988e-05,8.060764615e-07,1.341273989e-05,4.525200982e-08,2.404373745e-05,1.568219701e-07,9.295743153e-06,-2.12520009e-06,0.1525290259
676.0,4.766188223e-06,6.791065262e-08,1.879660251e-05,9.058257195e-07,5.221422583e-06,6.67682717e-08,2.729275482e-05,7.820691666e-07,1.320135491e-05,4.452851004e-08,2.367208631e-05,1.54354085e-07,9.018975363e-06,-1.945722983e-06,0.1525270802
677.0,4.691755749e-06,6.692281246e-08,1.865052416e-05,8.944979324e-07,5.152793425e-06,6.57813454e-08,2.865080382e-05,7.423228128e-07,1.299548519e-05,4.379732845e-08,2.330631297e-05,1.519276578e-07,8.560720665e-06,-1.73297283e-06,0.1525253472
678.0,4.644354923e-06,6.592031033e-08,1.841721147e-05,8.808502663e-07,5.093614153e-06,6.48975122e-08,2.756776755e-05,7.01615893e-07,1.279176837e-05,4.310230958e-08,2.29464682e-05,1.495415427e-07,8.091367271e-06,-1.550992253e-06,0.1525237962
679.0,4.556081488e-06,6.497349797e-08,1.808579487e-05,8.684826554e-07,5.020004144e-06,6.403463017e-08,2.551740692e-05,6.685202526e-07,1.259174106e-05,4.240541612e-08,2.259291658e-05,1.471950145e-07,7.709769048e-06,-1.39869743e-06,0.1525223975
680.0,4.498629358e-06,6.409988036e-08,1.782788832e-05,8.560777073e-07,4.954236797e-06,6.320683515e-08,2.688950247e-05,1.26912057e-06,1.239252841e-05,4.172528851e-08,2.224868842e-05,1.449134974e-07,1.463642919e-05,8.498321669e-07,0.1525232474
681.0,4.502321645e-06,6.312748804e-08,1.747404959e-05,8.41053542e-07,4.887618216e-06,6.266323465e-08,2.522985348e-05,6.717924189e-07,1.2200014e-05,4.10387221e-08,2.189947689e-05,1.425984952e-07,7.747685483e-06,-1.770432539e-06,0.1525214769
682.0,4.390058208e-06,6.203084794e-08,1.734633453e-05,8.312576419e-07,4.817788256e-06,6.166760018e-08,2.481291855e-05,6.921706992e-07,1.200992045e-05,4.037780718e-08,2.156218584e-05,1.403647539e-07,7.982752464e-06,-1.812879244e-06,0.1525196641
683.0,4.325153687e-06,6.121309487e-08,1.710006111e-05,8.197754602e-07,4.755302257e-06,6.073987951e-08,2.623891755e-05,6.882194739e-07,1.18216933e-05,3.972563568e-08,2.122940454e-05,1.381648348e-07,7.937264023e-06,-1.811282717e-06,0.1525178528
684.0,4.290510554e-06,6.038432559e-08,1.686440056e-05,8.078921219e-07,4.680873186e-06,5.973116881e-08,2.455564851e-05,6.762517503e-07,1.163516362e-05,3.908342495e-08,2.090164363e-05,1.360000897e-07,7.799322334e-06,-1.778475421e-06,0.1525160743
685.0,4.211647724e-06,5.956528604e-08,1.660466899e-05,7.959740833e-07,4.600936782e-06,5.879419057e-08,2.394206133e-05,6.658222689e-07,1.145167594e-05,3.845122813e-08,2.057912661e-05,1.338715437e-07,7.679116705e-06,-1.679397844e-06,0.1525143949
686.0,4.13494066e-06,5.867396258e-08,1.629299316e-05,7.836811978e-07,4.532737666e-06,5.790807834e-08,2.518887235e-05,1.252415384e-06,1.12700449e-05,3.783535326e-08,2.026642221e-05,1.318074276e-07,1.44446213e-05,1.02347062e-06,0.1525154184
687.0,4.12449814e-06,5.771151465e-08,1.619016772e-05,7.71832107e-07,4.482592375e-06,5.733261428e-08,2.375019045e-05,6.636063718e-07,1.109390232e-05,3.720913335e-08,1.994883655e-05,1.2970768e-07,7.653700922e-06,-1.754531944e-06,0.1525136638
688.0,4.004501668e-06,5.671005723e-08,1.586809313e-05,7.606377853e-07,4.403014174e-06,5.635021574e-08,2.214255735e-05,6.713932116e-07,1.092065026e-05,3.66099873e-08,1.964380889e-05,1.276905155e-07,7.74358497e-06,-1.770614659e-06,0.1525118932
689.0,3.935537117e-06,5.595395628e-08,1.56327385e-05,7.505254017e-07,4.335077725e-06,5.543559545e-08,2.474156619e-05,6.54830751e-07,1.075025505e-05,3.602160794e-08,1.934344486e-05,1.257072609e-07,7.552628478e-06,-1.721120656e-06,0.1525101721
690.0,3.925513841e-06,5.526073887e-08,1.552379946e-05,7.405527635e-07,4.294371626e-06,5.46471197e-08,2.47014566e-05,1.218120771e-06,1.058153773e-05,3.545122514e-08,1.905237114e-05,1.237853839e-07,1.404956329e-05,1.234236559e-06,0.1525114063
691.0,3.864540213e-06,5.431922846e-08,1.514438609e-05,7.267516778e-07,4.223131693e-06,5.403426747e-08,2.227335132e-05,6.403266557e-07,1.041707758e-05,3.48687218e-08,1.875595306e-05,1.218264042e-07,7.385474402e-06,-1.69665495e-06,0.1525097097
692.0,3.777629837e-06,5.337953145e-08,1.509892906e-05,7.199557317e-07,4.168220218e-06,5.312743099e-08,2.466107995e-05,1.216313245e-06,1.025550619e-05,3.432218598e-08,1.84753483e-05,1.199731971e-07,1.402897131e-05,1.682317172e-06,0.152511392
693.0,3.772782582e-06,5.266642685e-08,1.47931781e-05,7.05665369e-07,4.100401276e-06,5.250148058e-08,2.144028845e-05,6.295603411e-07,1.009642838e-05,3.375827943e-08,1.81882384e-05,1.180781746e-07,7.261435418e-06,-1.647140519e-06,0.1525097449
694.0,3.669121086e-06,5.175929376e-08,1.456816271e-05,6.978500046e-07,4.040284393e-06,5.158522839e-08,2.244604739e-05,6.499155997e-07,9.941310868e-06,3.322386606e-08,1.791332343e-05,1.162617046e-07,7.496252773e-06,-1.725559838e-06,0.1525080193
695.0,3.643311376e-06,5.124869612e-08,1.442691916e-05,6.891926975e-07,3.986696866e-06,5.077938571e-08,2.355516062e-05,6.31963178e-07,9.788205124e-06,3.269713533e-08,1.764231406e-05,1.144733501e-07,7.289274149e-06,-1.699404727e-06,0.1525063199
696.0,3.610622724e-06,5.0581346e-08,1.415083806e-05,6.773383332e-07,3.931710325e-06,4.998805185e-08,2.245342165e-05,5.997955211e-07,9.637216836e-06,3.217959958e-08,1.737599519e-05,1.127145192e-07,6.9183033e-06,-1.54092045e-06,0.152504779
697.0,3.546039747e-06,4.988456997e-08,1.40452629e-05,6.700337941e-07,3.889364901e-06,4.931283575e-08,2.278293118e-05,1.112566675e-06,9.487529246e-06,3.167682727e-08,1.7118206e-05,1.11011909e-07,1.2832893e-05,7.501370783e-07,0.1525055291
698.0,3.493043727e-06,4.890569066e-08,1.377699396e-05,6.564421047e-07,3.838955058e-06,4.884079454e-08,2.191700309e-05,5.70522006e-07,9.342348728e-06,3.116229303e-08,1.685432577e-05,1.092704504e-07,6.580754225e-06,-1.496814353e-06,0.1525040323
699.0,3.448623268e-06,4.807628569e-08,1.366997295e-05,6.495220348e-07,3.798963934e-06,4.810366601e-08,2.221594151e-05,1.084482525e-06,9.198755503e-06,3.067717234e-08,1.660477785e-05,1.076227465e-07,1.250916326e-05,1.17347727e-06,0.1525052058
700.0,3.405125929e-06,4.743048288e-08,1.336640308e-05,6.378770412e-07,3.727556093e-06,4.758361938e-08,1.897777606e-05,5.567393296e-07,9.057702585e-06,3.017983984e-08,1.634952981e-05,1.05939343e-07,6.421874599e-06,-1.456907149e-06,0.1525037489
701.0,3.310371022e-06,4.658191156e-08,1.311139322e-05,6.301677987e-07,3.669063798e-06,4.677730274e-08,2.194314913e-05,1.072247963e-06,8.91862804e-06,2.971315802e-08,1.610729929e-05,1.043448927e-07,1.23682495e-05,1.550022959e-06,0.1525052989
702.0,3.316215898e-06,4.596018493e-08,1.311281861e-05,6.224348588e-07,3.62467359e-06,4.622009836e-08,2.075468983e-05,5.307956461e-07,8.781593106e-06,2.923088058e-08,1.585887739e-05,1.027117592e-07,6.12270397e-06,-1.373557804e-06,0.1525039253
703.0,3.219158631e-06,4.515434989e-08,1.286929703e-05,6.124091512e-07,3.563906703e-06,4.536380478e-08,1.88245057e-05,5.395962066e-07,8.647741851e-06,2.877327196e-08,1.562133041e-05,1.011474543e-07,6.224257221e-06,-1.415498631e-06,0.1525025098
704.0,3.200200005e-06,4.477941447e-08,1.270938069e-05,6.057366969e-07,3.52073044e-06,4.464910689e-08,2.223779886e-05,1.007059309e-06,8.514802463e-06,2.832943725e-08,1.539049094e-05,9.96289373e-08,1.161653081e-05,1.285879622e-06,0.1525037957
705.0,3.149571766e-06,4.3943219e-08,1.252262426e-05,5.943799713e-07,3.464376722e-06,4.408721035e-08,1.935419453e-05,5.110843067e-07,8.384317229e-06,2.787179492e-08,1.515439985e-05,9.807551619e-08,5.895467499e-06,-1.361052277e-06,0.1525024347
706.0,3.089286386e-06,4.335416529e-08,1.226352872e-05,5.861451676e-07,3.409776432e-06,4.335662435e-08,2.0293473e-05,1.000871286e-06,8.256902245e-06,2.744499458e-08,1.493205372e-05,9.661133127e-08,1.154532753e-05,1.282961526e-06,0.1525037176
707.0,3.042200542e-06,4.267108469e-08,1.219232448e-05,5.790163098e-07,3.362153142e-06,4.286804279e-08,2.02169432e-05,1.005197665e-06,8.131649294e-06,2.701226741e-08,1.470710676e-05,9.513175237e-08,1.159532901e-05,1.555083752e-06,0.1525052727
708.0,3.035704768e-06,4.200700224e-08,1.19769702e-05,5.686381939e-07,3.312701099e-06,4.228849187e-08,1.83887914e-05,5.113107913e-07,8.009117615e-06,2.658008083e-08,1.44837263e-05,9.365901499e-08,5.898200811e-06,-1.309335075e-06,0.1525039634
709.0,2.947021148e-06,4.133992597e-08,1.178416558e-05,5.629382394e-07,3.263004451e-06,4.156210699e-08,1.922562462e-05,5.332594576e-07,7.889890407e-06,2.617192128e-08,1.426945063e-05,9.224773977e-08,6.151421362e-06,-1.406641127e-06,0.1525025567
710.0,2.937373238e-06,4.095885958e-08,1.167722976e-05,5.549065539e-07,3.222818063e-06,4.092489993e-08,2.022086964e-05,9.737861326e-07,7.771971844e-06,2.577812071e-08,1.406179553e-05,9.088098849e-08,1.123321984e-05,1.285978369e-06,0.1525038427
711.0,2.895987532e-06,4.015849288e-08,1.148700759e-05,5.45804174e-07,3.197477737e-06,4.050481702e-08,2.032388512e-05,9.721035003e-07,7.65506999e-06,2.537608136e-08,1.385110567e-05,8.949554232e-08,1.121386654e-05,1.555866206e-06,0.1525053986
712.0,2.841664511e-06,3.949073778e-08,1.137757016e-05,5.395360587e-07,3.141419603e-06,3.99674845e-08,1.793968342e-05,4.968337175e-07,7.540758385e-06,2.49740014e-08,1.364158157e-05,8.811498988e-08,5.731344404e-06,-1.271111526e-06,0.1525041275
713.0,2.780150332e-06,3.888517521e-08,1.11974768e-05,5.315623395e-07,3.099058184e-06,3.931206106e-08,1.996292769e-05,9.506474387e-07,7.429154494e-06,2.460138268e-08,1.344389117e-05,8.681499317e-08,1.09665086e-05,1.547125477e-06,0.1525056746
714.0,2.761290619e-06,3.831798437e-08,1.105748213e-05,5.238966875e-07,3.05989081e-06,3.885738999e-08,1.859628445e-05,9.265614369e-07,7.317938597e-06,2.42192827e-08,1.324236629e-05,8.549365019e-08,1.068872139e-05,1.719480098e-06,0.1525073941
715.0,2.72043707e-06,3.773597443e-08,1.088034419e-05,5.165352874e-07,3.011506943e-06,3.833864332e-08,1.696730764e-05,4.644172834e-07,7.208774046e-06,2.383574675e-08,1.304237023e-05,8.417768002e-08,5.357501048e-06,-1.155359501e-06,0.1525062387
716.0,2.667729812e-06,3.72886651e-08,1.068192963e-05,5.099939761e-07,2.971765573e-06,3.769884447e-08,1.973442513e-05,9.045143087e-07,7.102397718e-06,2.348238322e-08,1.285366169e-05,8.293828047e-08,1.04345286e-05,1.566850067e-06,0.1525078056
717.0,2.635966918e-06,3.66872126e-08,1.065998114e-05,5.035251807e-07,2.931792482e-06,3.723742201e-08,1.772960365e-05,8.60219956e-07,6.995817859e-06,2.31187574e-08,1.266173942e-05,8.16797072e-08,9.923595878e-06,1.633509209e-06,0.1525094391
718.0,2.59545807e-06,3.61376645e-08,1.044668365e-05,4.951927491e-07,2.89642764e-06,3.677929263e-08,1.771602607e-05,8.629269936e-07,6.891613297e-06,2.276209106e-08,1.247358076e-05,8.044480343e-08,9.954857719e-06,1.662968343e-06,0.152511102
719.0,2.562029841e-06,3.565297823e-08,1.032654132e-05,4.903346244e-07,2.856456423e-06,3.627619121e-08,1.87914819e-05,8.48355035e-07,6.7892973e-06,2.241184772e-08,1.228828073e-05,7.922875874e-08,9.786820405e-06,1.666562547e-06,0.1525127686
720.0,2.54533788e-06,3.515242189e-08,1.022914271e-05,4.824071154e-07,2.816357995e-06,3.573073449e-08,1.734120977e-05,8.218596059e-07,6.688106683e-06,2.206718523e-08,1.210586284e-05,7.803301521e-08,9.481229034e-06,1.711206975e-06,0.1525144798
721.0,2.468579298e-06,3.461347989e-08,9.927633406e-06,4.744986123e-07,2.760620674e-06,3.520424832e-08,1.660853886e-05,8.284837669e-07,6.588640444e-06,2.173006194e-08,1.192647384e-05,7.685805433e-08,9.557704561e-06,1.725527885e-06,0.1525162053
722.0,2.444265406e-06,3.413715084e-08,9.94545021e-06,4.704528455e-07,2.731811466e-06,3.473319289e-08,1.821459097e-05,8.208487423e-07,6.491277694e-06,2.139787116e-08,1.174995099e-05,7.570049924e-08,9.46966548e-06,1.690403727e-06,0.1525178957
723.0,2.438040493e-06,3.367640503e-08,9.824359341e-06,4.622087864e-07,2.703046466e-06,3.423929513e-08,1.724855812e-05,8.104126102e-07,6.395302744e-06,2.107131584e-08,1.157613136e-05,7.456142502e-08,9.349335679e-06,1.714537633e-06,0.1525196103
724.0,2.377983232e-06,3.320310696e-08,9.616701857e-06,4.567884017e-07,2.654606294e-06,3.3770408e-08,1.620359382e-05,8.090678763e-07,6.300769804e-06,2.075090077e-08,1.140582929e-05,7.344309114e-08,9.3338586e-06,1.710676262e-06,0.152521321
725.0,2.348693636e-06,3.274986257e-08,9.511409654e-06,4.504117527e-07,2.629368288e-06,3.336278699e-08,1.85927919e-05,8.184489173e-07,6.207947945e-06,2.04350753e-08,1.12377304e-05,7.234007502e-08,9.442136128e-06,1.660618346e-06,0.1525229816
726.0,2.340636086e-06,3.228625393e-08,9.368265399e-06,4.438168206e-07,2.599995297e-06,3.290864516e-08,1.783056475e-05,8.170197006e-07,6.116592717e-06,2.012547495e-08,1.107192844e-05,7.125360018e-08,9.425704865e-06,1.686539673e-06,0.1525246681
727.0,2.302709501e-06,3.182593165e-08,9.341402685e-06,4.390998208e-07,2.566524675e-06,3.24723354e-08,1.642698287e-05,8.080389079e-07,6.026556075e-06,1.981987946e-08,1.090897103e-05,7.018467653e-08,9.322128015e-06,1.679019194e-06,0.1525263471
728.0,2.251779755e-06,3.130980598e-08,9.142559031e-06,4.311604079e-07,2.527919269e-06,3.203061173e-08,1.689554879e-05,7.916308606e-07,5.937917188e-06,1.951885993e-08,1.074776443e-05,6.913103957e-08,9.132910107e-06,1.636608449e-06,0.1525279837
729.0,2.238162468e-06,3.08777884e-08,9.022963358e-06,4.268906833e-07,2.497162683e-06,3.162087103e-08,1.631309734e-05,7.81014648e-07,5.850246586e-06,1.92217797e-08,1.058923358e-05,6.809288457e-08,9.010460614e-06,1.642161787e-06,0.1525296259
730.0,2.192915541e-06,3.043355721e-08,8.890554011e-06,4.205744703e-07,2.459940168e-06,3.119219755e-08,1.574273207e-05,7.608627851e-07,5.763821665e-06,1.892942383e-08,1.04328161e-05,6.707114767e-08,8.778019794e-06,1.605510343e-06,0.1525312314
731.0,2.154536517e-06,3.003277973e-08,8.727045734e-06,4.152655567e-07,2.428361532e-06,3.080446837e-08,1.714327727e-05,7.462059066e-07,5.678884171e-06,1.864113872e-08,1.027877534e-05,6.606398001e-08,8.608971216e-06,1.526387782e-06,0.1525327578
732.0,2.156436783e-06,2.966096331e-08,8.766331938e-06,4.111815806e-07,2.413700122e-06,3.042278514e-08,1.643824187e-05,7.16154972e-07,5.594417724e-06,1.835606809e-08,1.012707834e-05,6.507127099e-08,8.262288786e-06,1.50885172e-06,0.1525342667
733.0,2.107229233e-06,2.925116579e-08,8.537990893e-06,4.032831769e-07,2.366898364e-06,2.997203925e-08,1.485725343e-05,7.110853542e-07,5.51108465e-06,1.80754062e-08,9.977443877e-06,6.409443972e-08,8.203853314e-06,1.461311021e-06,0.152535728
734.0,2.088517056e-06,2.889314626e-08,8.457890162e-06,3.988628207e-07,2.341257785e-06,2.959057205e-08,1.703176018e-05,6.918673246e-07,5.429425999e-06,1.779856303e-08,9.829926086e-06,6.313110508e-08,7.982166257e-06,1.388318166e-06,0.1525371163
735.0,2.081255098e-06,2.851342425e-08,8.393170348e-06,3.924800999e-07,2.315604686e-06,2.918266645e-08,1.548147156e-05,6.804799111e-07,5.348651799e-06,1.752554999e-08,9.68442011e-06,6.218215713e-08,7.850837086e-06,1.390034808e-06,0.1525385063
736.0,2.028910568e-06,2.816302515e-08,8.122895251e-06,3.871463719e-07,2.268500231e-06,2.880236771e-08,1.450650125e-05,6.990712904e-07,5.268756699e-06,1.725690963e-08,9.541825057e-06,6.12493913e-08,8.065361171e-06,1.366104566e-06,0.1525398724
737.0,2.002755073e-06,2.777805504e-08,8.142451266e-06,3.839234802e-07,2.241274048e-06,2.842464106e-08,1.662441639e-05,6.768855251e-07,5.190338293e-06,1.69919246e-08,9.40062524e-06,6.032925881e-08,7.809437682e-06,1.318787579e-06,0.1525411912
738.0,2.000528817e-06,2.740553889e-08,8.052967396e-06,3.771459508e-07,2.21795631e-06,2.805953697e-08,1.527150668e-05,6.74984016e-07,5.113456655e-06,1.673129093e-08,9.261748687e-06,5.942375945e-08,7.787531438e-06,1.339509313e-06,0.1525425307
739.0,1.96598349e-06,2.706242598e-08,7.918966183e-06,3.731487227e-07,2.1949401e-06,2.771959411e-08,1.508216683e-05,6.790263e-07,5.037458089e-06,1.647427738e-08,9.125587713e-06,5.853254418e-08,7.83417302e-06,1.335499801e-06,0.1525438662
740.0,1.929885118e-06,2.663698942e-08,7.822671561e-06,3.67184755e-07,2.162213702e-06,2.731035757e-08,1.592968476e-05,6.642317489e-07,4.962449158e-06,1.622112363e-08,8.990579713e-06,5.765338082e-08,7.663545838e-06,1.301204052e-06,0.1525451674
741.0,1.91897577e-06,2.627627938e-08,7.665823202e-06,3.619854721e-07,2.131277209e-06,2.693667036e-08,1.541638506e-05,6.505396734e-07,4.888495102e-06,1.597157037e-08,8.857834029e-06,5.678827415e-08,7.505605397e-06,1.325926711e-06,0.1525464933
742.0,1.876768569e-06,2.589912338e-08,7.636971803e-06,3.578535445e-07,2.100261257e-06,2.656929151e-08,1.429721792e-05,6.432053169e-07,4.815819043e-06,1.572634918e-08,8.727069425e-06,5.593746435e-08,7.421005297e-06,1.314149261e-06,0.1525478075
743.0,1.853540371e-06,2.556969209e-08,7.502824824e-06,3.531089618e-07,2.073861412e-06,2.624047874e-08,1.522624642e-05,6.487369297e-07,4.744452704e-06,1.548470061e-08,8.598241824e-06,5.509888156e-08,7.484867824e-06,1.267027531e-06,0.1525490745
744.0,1.844665754e-06,2.519903144e-08,7.410161075e-06,3.485173617e-07,2.047647486e-06,2.587423856e-08,1.434243217e-05,6.143256223e-07,4.673687898e-06,1.52463843e-08,8.471500065e-06,5.427356952e-08,7.087871735e-06,1.283349275e-06,0.1525503579
745.0,1.797251891e-06,2.486505923e-08,7.270787118e-06,3.427092495e-07,2.009663948e-06,2.551044206e-08,1.333600844e-05,6.173071824e-07,4.604269161e-06,1.501251933e-08,8.34690356e-06,5.34627297e-08,7.122300043e-06,1.263728442e-06,0.1525516216
746.0,1.780492268e-06,2.454131305e-08,7.13919154e-06,3.382073737e-07,1.996702613e-06,2.521745318e-08,1.626039354e-05,6.11179157e-07,4.536303396e-06,1.478184183e-08,8.224386431e-06,5.266369311e-08,7.051614797e-06,1.204583588e-06,0.1525528262
747.0,1.790197199e-06,2.421611293e-08,7.229546924e-06,3.347724727e-07,1.981970035e-06,2.48598005e-08,1.47762817e-05,6.013712502e-07,4.468863496e-06,1.455439746e-08,8.103401675e-06,5.187584234e-08,6.93848042e-06,1.226510065e-06,0.1525540527
748.0,1.745693136e-06,2.390010433e-08,7.022065244e-06,3.288088871e-07,1.941764454e-06,2.45113636e-08,1.306477593e-05,5.948137611e-07,4.402164127e-06,1.433087589e-08,7.98473599e-06,5.110311082e-08,6.862854881e-06,1.210917437e-06,0.1525552636
749.0,1.707434615e-06,2.355276588e-08,6.887598767e-06,3.24693032e-07,1.911634772e-06,2.418080933e-08,1.496965106e-05,5.796595587e-07,4.336762351e-06,1.411054218e-08,7.867334538e-06,5.034080787e-08,6.688039423e-06,1.163393875e-06,0.152556427
750.0,1.718300399e-06,2.32761491e-08,6.873875686e-06,3.206779888e-07,1.894883865e-06,2.388646458e-08,1.424647643e-05,5.958174074e-07,4.272482673e-06,1.389369937e-08,7.751845995e-06,4.95901312e-08,6.874490194e-06,1.171924751e-06,0.1525575989
751.0,1.676974764e-06,2.293778706e-08,6.673392647e-06,3.155104064e-07,1.861908635e-06,2.355472705e-08,1.328022627e-05,5.77280437e-07,4.209004221e-06,1.368038275e-08,7.638691372e-06,4.885314974e-08,6.660637282e-06,1.166120556e-06,0.1525587651
752.0,1.648467564e-06,2.261037846e-08,6.707172258e-06,3.126635462e-07,1.84086394e-06,2.323511688e-08,1.482471136e-05,5.648972578e-07,4.14665953e-06,1.347062583e-08,7.526940637e-06,4.812682514e-08,6.517783242e-06,1.115518766e-06,0.1525598806
753.0,1.652999143e-06,2.232889094e-08,6.602098577e-06,3.069894939e-07,1.82699338e-06,2.295761036e-08,1.372203464e-05,5.526983328e-07,4.084986279e-06,1.326356487e-08,7.417186336e-06,4.741196759e-08,6.377047099e-06,1.126761635e-06,0.1525610073
754.0,1.614278653e-06,2.199722894e-08,6.474061377e-06,3.029684747e-07,1.79606359e-06,2.26134069e-08,1.353285029e-05,5.551822818e-07,4.024202816e-06,1.306037024e-08,7.309093367e-06,4.670911145e-08,6.405724212e-06,1.106032833e-06,0.1525621134
755.0,1.596205133e-06,2.171071025e-08,6.448099407e-06,2.999213916e-07,1.775914126e-06,2.233283704e-08,1.475792604e-05,5.464147113e-07,3.964640488e-06,1.286017346e-08,7.202378936e-06,4.601647741e-08,6.304599036e-06,1.055809749e-06,0.1525631692
756.0,1.578622989e-06,2.138192158e-08,6.262416486e-06,2.936880752e-07,1.746526164e-06,2.200204819e-08,1.305211767e-05,5.231746985e-07,3.905520525e-06,1.266311443e-08,7.09745802e-06,4.533523571e-08,6.036480751e-06,1.076298694e-06,0.1525642455
757.0,1.546912745e-06,2.111939637e-08,6.244922818e-06,2.917245778e-07,1.718551113e-06,2.170250734e-08,1.287867219e-05,5.413245524e-07,3.847559098e-06,1.246970501e-08,6.994375057e-06,4.46658805e-08,6.245903056e-06,1.048816908e-06,0.1525652943
758.0,1.529814735e-06,2.078954624e-08,6.151074691e-06,2.864280006e-07,1.69805508e-06,2.142202262e-08,1.369671349e-05,5.150635515e-07,3.791034621e-06,1.227940455e-08,6.892793193e-06,4.400696244e-08,5.942931474e-06,1.004021027e-06,0.1525662983
759.0,1.531403473e-06,2.050693039e-08,6.117305365e-06,2.827314787e-07,1.684363255e-06,2.112995381e-08,1.334937269e-05,5.143133268e-07,3.735290335e-06,1.20924457e-08,6.793058843e-06,4.3358374e-08,5.934283705e-06,1.021082131e-06,0.1525673194
760.0,1.494224007e-06,2.025348372e-08,5.999629966e-06,2.789498224e-07,1.660952968e-06,2.086946344e-08,1.237611274e-05,5.120139915e-07,3.680017729e-06,1.190863431e-08,6.695358407e-06,4.272213185e-08,5.907766439e-06,1.00065976e-06,0.1525683201
761.0,1.460053633e-06,1.992077308e-08,5.828606388e-06,2.741930279e-07,1.630950613e-06,2.055429343e-08,1.43410135e-05,5.089740534e-07,3.625782704e-06,1.172774804e-08,6.598570612e-06,4.209437136e-08,5.872723974e-06,9.475656825e-07,0.1525692676
762.0,1.479794598e-06,1.967882572e-08,5.969797591e-06,2.727756044e-07,1.624351737e-06,2.029880524e-08,1.394009553e-05,4.994585847e-07,3.572740275e-06,1.155008976e-08,6.503179625e-06,4.147621419e-08,5.762938682e-06,9.650654164e-07,0.1525702327
763.0,1.435946801e-06,1.936692894e-08,5.770342063e-06,2.665228343e-07,1.591685872e-06,1.999863032e-08,1.116292287e-05,4.845727304e-07,3.520419549e-06,1.137571974e-08,6.409771223e-06,4.087004323e-08,5.591203832e-06,9.670123989e-07,0.1525711997
764.0,1.409990788e-06,1.908932183e-08,5.6764912e-06,2.644403062e-07,1.569456474e-06,1.973243383e-08,1.380228104e-05,4.9156603e-07,3.469092228e-06,1.120430119e-08,6.317565962e-06,4.027207612e-08,5.671911803e-06,9.193433885e-07,0.152572119
765.0,1.410361761e-06,1.882176495e-08,5.644917615e-06,2.603385307e-07,1.548864567e-06,1.946381415e-08,1.213869674e-05,4.646036636e-07,3.418407447e-06,1.103561518e-08,6.226897973e-06,3.968416299e-08,5.360832182e-06,9.399563151e-07,0.152573059
766.0,1.367220034e-06,1.853348631e-08,5.455116096e-06,2.553842537e-07,1.519917088e-06,1.918826628e-08,1.220304894e-05,4.697967123e-07,3.368911527e-06,1.087097252e-08,6.138063203e-06,3.910784277e-08,5.420759707e-06,9.250729048e-07,0.1525739841
767.0,1.362189759e-06,1.832257119e-08,5.562960929e-06,2.555758199e-07,1.520366494e-06,1.900180628e-08,1.41892635e-05,4.727623579e-07,3.32039815e-06,1.070847725e-08,6.050372404e-06,3.853821956e-08,5.454983185e-06,8.661913152e-07,0.1525748503
768.0,1.358927824e-06,1.801401304e-08,5.445722442e-06,2.489235806e-07,1.496534092e-06,1.86855207e-08,1.160084535e-05,4.454298628e-07,3.272012281e-06,1.054859356e-08,5.964010049e-06,3.797835205e-08,5.139634425e-06,9.023565316e-07,0.1525757526
769.0,1.320911479e-06,1.776199476e-08,5.319765652e-06,2.464275995e-07,1.468093626e-06,1.842145206e-08,1.230947084e-05,4.483428302e-07,3.224727054e-06,1.03921426e-08,5.879025742e-06,3.742843119e-08,5.173252289e-06,8.768751155e-07,0.1525766295
770.0,1.299206468e-06,1.747273473e-08,5.268678611e-06,2.422901569e-07,1.448518202e-06,1.817954441e-08,1.257560046e-05,4.351443498e-07,3.178672082e-06,1.023816262e-08,5.795171953e-06,3.688641047e-08,5.020986323e-06,8.36984274e-07,0.1525774665
771.0,1.306156745e-06,1.723630129e-08,5.169908477e-06,2.387266615e-07,1.435751155e-06,1.793458807e-08,1.274815269e-05,4.468413616e-07,3.133133853e-06,1.008688972e-08,5.712795555e-06,3.635245875e-08,5.155964367e-06,8.589775541e-07,0.1525783255
772.0,1.269833317e-06,1.700276829e-08,5.167183673e-06,2.37391904e-07,1.408936587e-06,1.76918335e-08,1.123886687e-05,4.321652931e-07,3.087992974e-06,9.938505612e-09,5.631982911e-06,3.582892037e-08,4.986632441e-06,8.422029081e-07,0.1525791677
773.0,1.241467535e-06,1.672188581e-08,5.042412661e-06,2.320258406e-07,1.385746847e-06,1.745163003e-08,1.241107414e-05,4.281139531e-07,3.044030365e-06,9.792776419e-09,5.552123239e-06,3.53131299e-08,4.939905816e-06,7.954844349e-07,0.1525799631
774.0,1.260129848e-06,1.653814529e-08,5.058484145e-06,2.306504164e-07,1.39029022e-06,1.727796245e-08,1.320137257e-05,4.337314698e-07,3.000897777e-06,9.649252792e-09,5.473558507e-06,3.480416243e-08,5.004719063e-06,8.005305954e-07,0.1525807637
775.0,1.227389832e-06,1.627336329e-08,4.963883253e-06,2.263434297e-07,1.363637289e-06,1.699995569e-08,1.086953152e-05,4.212086484e-07,2.958024298e-06,9.508160196e-09,5.396415744e-06,3.430459953e-08,4.860242302e-06,8.130871111e-07,0.1525815768
776.0,1.200344723e-06,1.602409806e-08,4.828366792e-06,2.228746655e-07,1.342064169e-06,1.676696905e-08,1.353330115e-05,4.206037826e-07,2.916050129e-06,9.369509454e-09,5.319984535e-06,3.381150475e-08,4.853283401e-06,7.533123604e-07,0.1525823301
777.0,1.201244147e-06,1.579949233e-08,4.886348984e-06,2.212369931e-07,1.326392309e-06,1.653998244e-08,1.143110973e-05,3.961321598e-07,2.874506109e-06,9.232821673e-09,5.244685694e-06,3.332601032e-08,4.570918132e-06,7.923963956e-07,0.1525831225
778.0,1.17178048e-06,1.557085939e-08,4.7262334e-06,2.166374407e-07,1.301823117e-06,1.631331098e-08,1.085271496e-05,4.159967454e-07,2.8338018e-06,9.099078488e-09,5.17084371e-06,3.284945215e-08,4.800141203e-06,7.720974874e-07,0.1525838946
779.0,1.156912941e-06,1.53828649e-08,4.699129103e-06,2.160934037e-07,1.288986918e-06,1.613185748e-08,1.264455462e-05,4.039380821e-07,2.793945923e-06,8.96714747e-09,5.097775867e-06,3.237835512e-08,4.661012061e-06,7.241307223e-07,0.1525846187
780.0,1.153776641e-06,1.513622196e-08,4.66888497e-06,2.113623799e-07,1.272421885e-06,1.588699646e-08,1.06967637e-05,3.767892507e-07,2.754314692e-06,8.83733063e-09,5.026165767e-06,3.191585625e-08,4.347757546e-06,7.615292966e-07,0.1525853802
781.0,1.118788736e-06,1.494156535e-08,4.487684848e-06,2.082270507e-07,1.255120017e-06,1.570680536e-08,1.162465079e-05,4.003406626e-07,2.715431294e-06,8.709763348e-09,4.955781374e-06,3.146082028e-08,4.619515695e-06,7.235922991e-07,0.1525861038
782.0,1.113765375e-06,1.470947126e-08,4.584216281e-06,2.070009852e-07,1.245924894e-06,1.548580691e-08,1.243062392e-05,3.820015182e-07,2.677362756e-06,8.583873679e-09,4.886020726e-06,3.101093422e-08,4.407914299e-06,6.955254815e-07,0.1525867993
783.0,1.128157144e-06,1.451942057e-08,4.542726346e-06,2.025009605e-07,1.237460975e-06,1.526508516e-08,1.172233769e-05,3.744941749e-07,2.639678251e-06,8.459901948e-09,4.817204344e-06,3.056775872e-08,4.321300489e-06,7.199687898e-07,0.1525875193
784.0,1.080253884e-06,1.430668244e-08,4.381671172e-06,2.005822365e-07,1.204982677e-06,1.505342429e-08,1.011026327e-05,3.660915533e-07,2.602233091e-06,8.338055844e-09,4.749761435e-06,3.013304395e-08,4.224350703e-06,7.049479943e-07,0.1525882243
785.0,1.062484103e-06,1.41076828e-08,4.327372264e-06,1.978249534e-07,1.186227358e-06,1.486596261e-08,1.189037118e-05,3.817969335e-07,2.565565335e-06,8.217791014e-09,4.682997992e-06,2.97033116e-08,4.405592363e-06,6.539562716e-07,0.1525888782
786.0,1.074371177e-06,1.394194243e-08,4.27115227e-06,1.953786722e-07,1.178171362e-06,1.468776886e-08,1.18705901e-05,3.71208719e-07,2.529668742e-06,8.099512449e-09,4.617072855e-06,2.927990151e-08,4.283423519e-06,6.755006691e-07,0.1525895537
787.0,1.047153934e-06,1.374650823e-08,4.308558894e-06,1.936966851e-07,1.161992333e-06,1.448541835e-08,1.007706045e-05,3.616992545e-07,2.494235405e-06,7.983289029e-09,4.552811094e-06,2.886436293e-08,4.173691682e-06,6.790681575e-07,0.1525902328
788.0,1.032863896e-06,1.355960573e-08,4.222792578e-06,1.90131929e-07,1.15650351e-06,1.432618175e-08,1.231372479e-05,3.670173927e-07,2.459334187e-06,7.868479359e-09,4.489110011e-06,2.845370159e-08,4.235069547e-06,6.200299145e-07,0.1525908528
789.0,1.036693225e-06,1.337429203e-08,4.173524686e-06,1.882172659e-07,1.140499017e-06,1.410710545e-08,1.104350901e-05,3.467809245e-07,2.424533347e-06,7.754918025e-09,4.426247639e-06,2.804848963e-08,4.001566633e-06,6.701777306e-07,0.152591523
790.0,1.01202472e-06,1.319468503e-08,4.109614936e-06,1.850485629e-07,1.120549712e-06,1.390877558e-08,1.0838919e-05,3.509586435e-07,2.390436139e-06,7.643652725e-09,4.364306712e-06,2.765043661e-08,4.049782549e-06,6.528465226e-07,0.1525921758
791.0,9.872656036e-07,1.301658501e-08,3.988183622e-06,1.828209379e-07,1.103306693e-06,1.374680685e-08,1.17682937e-05,3.500175563e-07,2.357095502e-06,7.533792737e-09,4.303041244e-06,2.725706467e-08,4.03893943e-06,5.989381449e-07,0.1525927748
792.0,9.994247135e-07,1.28499165e-08,4.069626738e-06,1.819118653e-07,1.094419629e-06,1.356259114e-08,1.04952127e-05,3.422617723e-07,2.323699277e-06,7.425142974e-09,4.242916657e-06,2.686936784e-08,3.949445357e-06,6.395821923e-07,0.1525934144
793.0,9.66715426e-07,1.266666407e-08,3.920935936e-06,1.777267386e-07,1.0686824e-06,1.337041454e-08,9.66100666e-06,3.429145261e-07,2.290998268e-06,7.318624245e-09,4.183565779e-06,2.648876246e-08,3.956989808e-06,6.177508852e-07,0.1525940321
794.0,9.530183042e-07,1.248738644e-08,3.894905317e-06,1.759280278e-07,1.060544111e-06,1.320823414e-08,1.142118282e-05,3.332856615e-07,2.25934605e-06,7.213775836e-09,4.12529921e-06,2.61131844e-08,3.845882944e-06,5.807978091e-07,0.1525946129
795.0,9.756633265e-07,1.236303788e-08,3.939512597e-06,1.73653347e-07,1.068479589e-06,1.306645045e-08,1.158614881e-05,3.335328263e-07,2.2277751e-06,7.109903256e-09,4.067832638e-06,2.57421597e-08,3.848737922e-06,6.016380117e-07,0.1525952145
796.0,9.336546453e-07,1.218465271e-08,3.735255415e-06,1.703860294e-07,1.036357721e-06,1.286059812e-08,9.848335228e-06,3.333314197e-07,2.196124147e-06,7.007853112e-09,4.011421654e-06,2.537802896e-08,3.846426463e-06,5.931390145e-07,0.1525958077
797.0,9.247965434e-07,1.202918127e-08,3.821953342e-06,1.703531235e-07,1.026318495e-06,1.269582758e-08,1.225810373e-05,3.240254433e-07,2.165258754e-06,6.907040263e-09,3.955194132e-06,2.501764308e-08,3.739048476e-06,5.485338976e-07,0.1525963562
798.0,9.340124344e-07,1.186436828e-08,3.769776437e-06,1.664132773e-07,1.016769737e-06,1.25401615e-08,1.039103018e-05,3.20295221e-07,2.135071003e-06,6.80778915e-09,3.899637509e-06,2.466251346e-08,3.696015005e-06,5.684999369e-07,0.1525969247
799.0,9.097232431e-07,1.172588126e-08,3.6693167e-06,1.652248724e-07,9.983930703e-07,1.238057103e-08,9.60573259e-06,3.312525529e-07,2.105110056e-06,6.709990728e-09,3.845656748e-06,2.43135377e-08,3.822453951e-06,5.653167616e-07,0.15259749
800.0,8.925339446e-07,1.155507653e-08,3.648324878e-06,1.627720146e-07,9.852946114e-07,1.221417173e-08,1.120181991e-05,3.200667815e-07,2.075625683e-06,6.613603944e-09,3.791750037e-06,2.396871431e-08,3.693395723e-06,5.191313228e-07,0.1525980092
801.0,8.89776713e-07,1.139860334e-08,3.537254367e-06,1.598008779e-07,9.700316633e-07,1.204671277e-08,1.026674375e-05,3.05559133e-07,2.046540455e-06,6.518649304e-09,3.739067118e-06,2.36296381e-08,3.525989488e-06,5.647452234e-07,0.1525985739
802.0,8.780264293e-07,1.127813766e-08,3.608281146e-06,1.594670801e-07,9.701724198e-07,1.192850399e-08,1.083596704e-05,3.164846757e-07,2.017947822e-06,6.425269289e-09,3.687252083e-06,2.329577872e-08,3.652055151e-06,5.293684583e-07,0.1525991033
803.0,8.662176693e-07,1.111941055e-08,3.53888804e-06,1.56700892e-07,9.57009543e-07,1.176355774e-08,1.100617667e-05,3.112506567e-07,1.989757981e-06,6.332936837e-09,3.635689784e-06,2.296541979e-08,3.591675922e-06,4.988041942e-07,0.1525996021
804.0,8.742406291e-07,4.365637e-08,3.50885551e-06,1.550112564e-07,9.457492376e-07,1.159331007e-08,1.042795426e-05,2.911545282e-07,1.962156112e-06,6.244110491e-09,3.585206762e-06,2.264222036e-08,3.359779972e-06,5.506899936e-07,0.1526001528
805.0,8.386983417e-07,1.0860917e-08,3.399223455e-06,1.517381267e-07,9.192919052e-07,1.141378299e-08,8.882130187e-06,2.946393571e-07,1.934260164e-06,6.153804975e-09,3.535002024e-06,2.232208359e-08,3.400003328e-06,5.229158416e-07,0.1526006757
806.0,8.304295068e-07,1.07342235e-08,3.297180585e-06,1.499072898e-07,9.088946316e-07,1.127855419e-08,1.121121924e-05,3.014377262e-07,1.90731855e-06,6.064995835e-09,3.485787939e-06,2.200628177e-08,3.478459127e-06,4.70667025e-07,0.1526011464
807.0,8.537259803e-07,4.222351665e-08,3.451419901e-06,1.495866883e-07,9.121106392e-07,1.114309686e-08,1.046042674e-05,2.889960702e-07,1.88111121e-06,5.979854013e-09,3.43724981e-06,2.169626454e-08,3.334890902e-06,5.083681372e-07,0.1526016547
808.0,8.173675447e-07,1.051111552e-08,3.287000693e-06,1.456861821e-07,8.854507263e-07,1.096885211e-08,8.327237094e-06,2.830960182e-07,1.854334609e-06,5.893643471e-09,3.389779297e-06,2.139120222e-08,3.266813459e-06,4.964759254e-07,0.1526021512
809.0,8.060727006e-07,1.038479281e-08,3.247995375e-06,1.452406863e-07,8.850275918e-07,1.086770433e-08,1.191801335e-05,2.874726646e-07,1.828246054e-06,5.808277561e-09,3.342641938e-06,2.108855458e-08,3.317316851e-06,4.287159974e-07,0.1526025799
810.0,8.240683735e-07,4.076554472e-08,3.295762382e-06,1.430300014e-07,8.798948759e-07,1.071912261e-08,1.044825393e-05,2.862216488e-07,1.803124689e-06,5.726693976e-09,3.296099718e-06,2.079179548e-08,3.302891406e-06,4.761034398e-07,0.152603056
811.0,7.998623678e-07,1.011844411e-08,3.1480602e-06,1.403486756e-07,8.604663753e-07,1.056196863e-08,9.764225264e-06,2.814086203e-07,1.777555534e-06,5.643627951e-09,3.250441832e-06,2.049843603e-08,3.247354176e-06,4.771187842e-07,0.1526035331
812.0,7.782043559e-07,9.947051895e-09,3.208325289e-06,1.399527496e-07,8.501291875e-07,1.042137561e-08,1.079934427e-05,2.752606889e-07,1.752525902e-06,5.561976685e-09,3.204849748e-06,2.020809894e-08,3.176417986e-06,4.2674406e-07,0.1526039599
813.0,7.891221878e-07,3.909176189e-08,3.129154876e-06,1.367659791e-07,8.380812029e-07,1.029370288e-08,9.12392671e-06,2.762477649e-07,1.728264833e-06,5.483715069e-09,3.160493283e-06,1.99245604e-08,3.187813939e-06,4.76739543e-07,0.1526044366
814.0,7.656096554e-07,9.70220629e-09,3.057166602e-06,1.354996598e-07,8.236445044e-07,1.015273875e-08,9.655719463e-06,2.752512146e-07,1.703835788e-06,5.404484594e-09,3.116525827e-06,1.964370978e-08,3.176314062e-06,4.402796399e-07,0.1526048769
815.0,7.527852218e-07,9.579935204e-09,3.064957614e-06,1.341815916e-07,8.163573593e-07,1.004123419e-08,1.044458246e-05,2.732605046e-07,1.680155056e-06,5.326640388e-09,3.073178802e-06,1.93667442e-08,3.153351523e-06,4.00582956e-07,0.1526052775
816.0,7.614066616e-07,3.769612471e-08,2.973577518e-06,1.31462327e-07,8.159035738e-07,9.930040537e-09,1.042751175e-05,2.615831024e-07,1.6568501e-06,5.25165205e-09,3.030927679e-06,1.909552764e-08,3.018596879e-06,4.441543762e-07,0.1526057216
817.0,7.384922848e-07,9.345888187e-09,3.007584826e-06,1.309441997e-07,7.981382714e-07,9.756027184e-09,9.472547549e-06,2.637202991e-07,1.633160934e-06,5.175563857e-09,2.988761203e-06,1.882655901e-08,3.043262645e-06,4.224024317e-07,0.152606144
818.0,7.356132281e-07,3.66299197e-08,2.965055073e-06,1.281185148e-07,7.903649007e-07,9.639123853e-09,1.057852437e-05,2.56841993e-07,1.610928543e-06,5.102848019e-09,2.947343293e-06,1.856335569e-08,2.963897637e-06,3.950720705e-07,0.1526065391
819.0,7.459712497e-07,3.62617966e-08,2.952658856e-06,1.266175601e-07,7.860410777e-07,9.506242626e-09,9.706130617e-06,2.545006692e-07,1.588604402e-06,5.03058645e-09,2.906397624e-06,1.830279623e-08,2.936881991e-06,4.230734854e-07,0.1526069622
820.0,7.18581993e-07,9.047201198e-09,2.852526095e-06,1.249821424e-07,7.6278605e-07,9.369371043e-09,8.131155319e-06,2.629583633e-07,1.565633238e-06,4.957393057e-09,2.866350216e-06,1.804638166e-08,3.034487211e-06,4.038935891e-07,0.1526073661
821.0,6.968488683e-07,8.892074376e-09,2.736607959e-06,1.229239166e-07,7.481104327e-07,9.245104936e-09,1.083699845e-05,2.609157944e-07,1.543472453e-06,4.885510538e-09,2.826474172e-06,1.7792696e-08,3.010925934e-06,3.317115159e-07,0.1526076978
822.0,7.19514977e-07,3.50604209e-08,2.907009846e-06,1.23041082e-07,7.535539259e-07,9.150474465e-09,9.998132709e-06,2.541266546e-07,1.522532057e-06,4.817315678e-09,2.787487636e-06,1.754457347e-08,2.932577289e-06,3.80281366e-07,0.1526080781
823.0,7.030301248e-07,3.466066724e-08,2.797689109e-06,1.200508005e-07,7.484350639e-07,9.051392786e-09,8.894636159e-06,2.538296707e-07,1.501519992e-06,4.749547636e-09,2.749607892e-06,1.730106986e-08,2.92914904e-06,3.833347429e-07,0.1526084614
824.0,6.857796044e-07,3.414146559e-08,2.750368815e-06,1.192362171e-07,7.353417053e-07,8.895945095e-09,1.075868514e-05,2.48580181e-07,1.48059088e-06,4.682289439e-09,2.711562743e-06,1.705931325e-08,2.868579807e-06,3.512980774e-07,0.1526088127
825.0,7.018039724e-07,3.386387707e-08,2.765776826e-06,1.173118171e-07,7.259398097e-07,8.770315108e-09,9.375008456e-06,2.323041909e-07,1.459765133e-06,4.615613806e-09,2.674154259e-06,1.682138251e-08,2.680763134e-06,3.973384978e-07,0.15260921
826.0,6.662649845e-07,3.326087452e-08,2.590938661e-06,1.143155843e-07,7.051375989e-07,8.637679156e-09,8.916725791e-06,2.357203525e-07,1.439425392e-06,4.550611216e-09,2.637396924e-06,1.658848713e-08,2.720188125e-06,3.794089939e-07,0.1526095895
827.0,6.689843817e-07,3.326751989e-08,2.711887968e-06,1.163631656e-07,7.042846912e-07,8.559954008e-09,1.030564695e-05,2.487326298e-07,1.419559391e-06,4.486113318e-09,2.601045096e-06,1.635710048e-08,2.870349919e-06,3.209481305e-07,0.1526099104
828.0,6.783768339e-07,3.27166919e-08,2.64659099e-06,1.122494568e-07,6.947328599e-07,8.418794508e-09,8.43140992e-06,2.195529462e-07,1.399528658e-06,4.422305422e-09,2.565318698e-06,1.612992418e-08,2.533627276e-06,3.701431513e-07,0.1526102805
829.0,6.443899146e-07,8.100438019e-09,2.549993316e-06,1.111885824e-07,6.768438818e-07,8.29252133e-09,8.696518889e-06,2.258506331e-07,1.379723035e-06,4.358466086e-09,2.530225752e-06,1.590586281e-08,2.606299667e-06,3.27845262e-07,0.1526106084
830.0,6.46289447e-07,3.180164344e-08,2.58351061e-06,1.100844826e-07,6.841691964e-07,8.245102546e-09,1.064695793e-05,2.327528141e-07,1.361140917e-06,4.297249096e-09,2.495854465e-06,1.568566288e-08,2.685952416e-06,2.769811708e-07,0.1526108854
831.0,6.588128299e-07,3.1283901e-08,2.529622402e-06,1.076528577e-07,6.795842399e-07,3.361579125e-08,1.005413952e-05,2.22947368e-07,1.342282216e-06,4.238746617e-09,2.462399365e-06,1.547504811e-08,2.572804324e-06,3.410040579e-07,0.1526112264
832.0,6.330854449e-07,3.079128238e-08,2.562176887e-06,1.078605923e-07,6.643198633e-07,8.013550581e-09,8.82793482e-06,2.222621998e-07,1.323514987e-06,4.179037836e-09,2.428944622e-06,1.526052663e-08,2.56489751e-06,3.207991262e-07,0.1526115472
833.0,6.105334896e-07,3.021201035e-08,2.446564119e-06,1.040906609e-07,6.482721039e-07,7.904694477e-09,9.460430281e-06,2.230970811e-07,1.305299132e-06,4.119998115e-09,2.395399558e-06,1.504844859e-08,2.574542347e-06,2.778719531e-07,0.152611825
834.0,6.349520244e-07,3.014296073e-08,2.472878134e-06,1.044192032e-07,6.505932159e-07,3.249675697e-08,9.640178196e-06,2.370652098e-07,1.287466587e-06,4.063922943e-09,2.36323126e-06,1.484638777e-08,2.735731122e-06,2.871982937e-07,0.1526121122
835.0,6.125874616e-07,2.957601601e-08,2.424858062e-06,1.023127601e-07,6.377942836e-07,7.722098787e-09,8.016362448e-06,2.184269658e-07,1.26980235e-06,4.006586883e-09,2.331095433e-06,1.464071127e-08,2.520651362e-06,3.182254843e-07,0.1526124305
836.0,5.887049044e-07,2.91347322e-08,2.312938569e-06,1.000027534e-07,6.254183782e-07,7.609084661e-09,1.02094826e-05,2.242307556e-07,1.252635549e-06,3.950564747e-09,2.299294885e-06,1.443804148e-08,2.587632871e-06,2.485970624e-07,0.1526126791
837.0,6.15605363e-07,2.909976188e-08,2.453757086e-06,1.01284059e-07,6.346354434e-07,3.137305052e-08,9.791159368e-06,2.091684633e-07,1.235340756e-06,3.896648254e-09,2.268777577e-06,1.424503435e-08,2.41380778e-06,2.978692055e-07,0.1526129769
838.0,5.903595314e-07,2.838701052e-08,2.330923291e-06,9.744538796e-08,6.175645465e-07,3.072599908e-08,8.433126511e-06,2.130221439e-07,1.218327542e-06,3.843931135e-09,2.238493665e-06,1.40549542e-08,2.458284924e-06,2.872885081e-07,0.1526132642
839.0,5.859053424e-07,2.823237276e-08,2.339118843e-06,9.845107929e-08,6.145692017e-07,3.057201361e-08,1.05054832e-05,2.15975293e-07,1.201893729e-06,3.791519575e-09,2.208380919e-06,1.386524527e-08,2.492367113e-06,2.284573275e-07,0.1526134927
840.0,5.857083736e-07,2.757715753e-08,2.308059259e-06,9.484695096e-08,6.047405332e-07,3.005045884e-08,8.021138843e-06,1.878725032e-07,1.185234457e-06,3.739467319e-09,2.178659117e-06,1.367815696e-08,2.168066237e-06,2.950355625e-07,0.1526137877
841.0,5.531582845e-07,2.709617404e-08,2.12782288e-06,9.301004622e-08,5.853206445e-07,7.166689238e-09,8.334139759e-06,2.237180654e-07,1.169142623e-06,3.686848071e-09,2.148976165e-06,1.34875308e-08,2.581727092e-06,2.529136016e-07,0.1526140406
842.0,5.595628502e-07,2.682999619e-08,2.277233905e-06,9.417614642e-08,5.878245732e-07,7.087372599e-09,9.864121405e-06,2.081704996e-07,1.153721067e-06,3.635079888e-09,2.119517733e-06,1.329948144e-08,2.402309197e-06,2.250259438e-07,0.1526142657
843.0,5.752565715e-07,2.655777958e-08,2.259801395e-06,9.097375011e-08,5.871005565e-07,2.888262364e-08,8.66954978e-06,1.943475923e-07,1.138311449e-06,3.586318206e-09,2.091326962e-06,1.312177896e-08,2.242794119e-06,2.788358114e-07,0.1526145445
844.0,5.511222665e-07,2.636528347e-08,2.176510978e-06,9.178058427e-08,5.790860315e-07,2.874740498e-08,8.737077825e-06,2.001262881e-07,1.122728117e-06,3.53802231e-09,2.0639823e-06,1.294723877e-08,2.309475968e-06,2.284365119e-07,0.1526147729
845.0,5.374341767e-07,2.587245817e-08,2.155016671e-06,8.956935395e-08,5.66774795e-07,2.824274731e-08,9.729263413e-06,2.017655495e-07,1.107395604e-06,3.48999763e-09,2.036226342e-06,1.277281605e-08,2.328403499e-06,1.908857688e-07,0.1526149638
846.0,5.584132867e-07,2.566782562e-08,2.13139014e-06,8.846533304e-08,5.673473808e-07,2.799837641e-08,9.989699444e-06,2.020873661e-07,1.092613326e-06,3.442716582e-09,2.008794575e-06,1.260030623e-08,2.332118176e-06,2.314475113e-07,0.1526151953
847.0,5.336006565e-07,2.513447317e-08,2.165084573e-06,8.783103368e-08,5.567666904e-07,2.761163507e-08,7.648489725e-06,1.891586152e-07,1.077870944e-06,3.395984012e-09,1.981997228e-06,1.243046765e-08,2.182918266e-06,2.401375214e-07,0.1526154354
848.0,5.208135629e-07,2.477670538e-08,2.080154086e-06,8.548527124e-08,5.476026013e-07,2.726913259e-08,9.25414583e-06,2.068136526e-07,1.063434393e-06,3.349980615e-09,1.955336952e-06,1.226228261e-08,2.386666729e-06,1.908457693e-07,0.1526156262
849.0,5.324683773e-07,2.444832107e-08,2.071948463e-06,8.545699917e-08,5.434405586e-07,2.695867689e-08,8.686742471e-06,1.852890368e-07,1.049038415e-06,3.304227145e-09,1.929040087e-06,1.209594614e-08,2.138269484e-06,2.536423482e-07,0.1526158799
850.0,5.060712495e-07,2.391263592e-08,2.026877722e-06,8.320993058e-08,5.31338327e-07,2.651631253e-08,8.013535743e-06,1.882760684e-07,1.035129368e-06,3.260043043e-09,1.903382501e-06,1.193360679e-08,2.172741098e-06,2.329334108e-07,0.1526161128
851.0,5.045286378e-07,2.399159065e-08,1.977403982e-06,8.346037875e-08,5.377500229e-07,2.661697706e-08,1.060613569e-05,2.042013081e-07,1.021557028e-06,3.215882012e-09,1.87803162e-06,1.177197471e-08,2.356521349e-06,1.338114487e-07,0.1526162466
852.0,5.205371695e-07,2.352708224e-08,2.089287692e-06,8.296672278e-08,5.340657231e-07,2.605778606e-08,8.554870143e-06,1.767034511e-07,1.007478169e-06,3.171866462e-09,1.852790528e-06,1.161175611e-08,2.039193546e-06,2.431061904e-07,0.1526164897
853.0,4.960609406e-07,2.311495405e-08,1.970284827e-06,8.018015639e-08,5.157909566e-07,2.561430925e-08,7.984257208e-06,1.883614192e-07,9.938782811e-07,3.129060111e-09,1.827899159e-06,1.145524089e-08,2.173731733e-06,2.062641848e-07,0.152616696
854.0,4.858280302e-07,2.282244388e-08,1.94911083e-06,7.968265777e-08,5.118920525e-07,2.535457536e-08,9.194438644e-06,1.836832449e-07,9.809006667e-07,3.086631925e-09,1.803236845e-06,1.129974683e-08,2.119746945e-06,1.693905994e-07,0.1526168654
855.0,5.096698108e-07,2.270510587e-08,1.991909498e-06,7.856800212e-08,5.150719322e-07,2.503337555e-08,8.726888548e-06,1.886779084e-07,9.678060747e-07,3.044608315e-09,1.778978063e-06,1.11457777e-08,2.177388756e-06,2.189780884e-07,0.1526170844
856.0,4.748931251e-07,2.227608162e-08,1.828258697e-06,7.722282819e-08,4.934185078e-07,5.952516364e-09,7.682562377e-06,1.861747247e-07,9.546456354e-07,3.002005539e-09,1.754857146e-06,1.099003461e-08,2.148504704e-06,2.034296327e-07,0.1526172878
857.0,4.664527034e-07,2.213918232e-08,1.935474156e-06,7.818900795e-08,4.894896885e-07,2.432225096e-08,9.631040885e-06,1.810467528e-07,9.419272129e-07,2.961692046e-09,1.731359211e-06,1.084214932e-08,2.08932695e-06,1.54024471e-07,0.1526174418
858.0,4.983975704e-07,2.212527901e-08,1.954440613e-06,7.660903041e-08,5.027612746e-07,2.43683941e-08,9.432299071e-06,1.863713361e-07,9.295195031e-07,2.921583847e-09,1.708176567e-06,1.069543536e-08,2.150771991e-06,1.59855534e-07,0.1526176017
859.0,4.761695887e-07,2.168887599e-08,1.880234059e-06,7.56658764e-08,4.887947362e-07,2.38656801e-08,7.855760276e-06,1.811273595e-07,9.168904458e-07,4.584160537e-08,1.686335774e-06,1.055749356e-08,2.090255987e-06,1.830076556e-07,0.1526177847
860.0,4.673246151e-07,2.141761665e-08,1.889062726e-06,7.45397469e-08,4.826608504e-07,2.353235682e-08,9.734135238e-06,1.837118837e-07,9.087189824e-07,2.864926188e-09,1.664963255e-06,1.04236963e-08,2.120089367e-06,1.298084977e-07,0.1526179145
861.0,4.662050804e-07,2.102383708e-08,1.774747895e-06,7.252168123e-08,4.713507017e-07,2.318663881e-08,8.240434124e-06,1.70297938e-07,8.959503546e-07,2.822838933e-09,1.642185376e-06,1.027942151e-08,1.965291438e-06,2.069144782e-07,0.1526181214
862.0,4.544693061e-07,2.07733871e-08,1.842654292e-06,7.32502766e-08,4.66476953e-07,2.295301594e-08,8.176073291e-06,1.888998131e-07,8.835572317e-07,2.782651117e-09,1.619972003e-06,1.013819949e-08,2.179958221e-06,1.669187684e-07,0.1526182883
863.0,4.502028395e-07,2.063546879e-08,1.810534365e-06,7.22275436e-08,4.633412439e-07,2.282436004e-08,9.046935072e-06,1.820652551e-07,8.715996579e-07,2.743172782e-09,1.597754393e-06,9.998501963e-09,2.101092725e-06,1.223418894e-07,0.1526184107
864.0,4.555701933e-07,2.020557282e-08,1.792875194e-06,7.116312433e-08,4.585736596e-07,2.241099346e-08,7.995727437e-06,1.585738533e-07,8.595195256e-07,2.704348895e-09,1.576250922e-06,9.861280032e-09,1.829993165e-06,2.034291685e-07,0.1526186141
865.0,4.367763476e-07,1.998050321e-08,1.753747584e-06,7.013940105e-08,4.547193688e-07,2.232552049e-08,8.133716413e-06,1.753285712e-07,8.477000669e-07,2.666387533e-09,1.555117603e-06,9.726662976e-09,2.023346352e-06,1.343625217e-07,0.1526187485
866.0,4.303093072e-07,1.964729721e-08,1.678844952e-06,6.861013022e-08,4.484460616e-07,2.193873099e-08,9.657016411e-06,1.710299158e-07,8.363177548e-07,2.628888682e-09,1.534057983e-06,9.593119701e-09,1.973743785e-06,1.069681187e-07,0.1526188554
867.0,4.621119707e-07,1.956546109e-08,1.860083148e-06,6.948487935e-08,4.577035852e-07,2.169210969e-08,9.170444738e-06,1.658085977e-07,8.249178315e-07,4.124135816e-08,1.513783889e-06,9.466348739e-09,1.913486728e-06,1.608785358e-07,0.1526190163
868.0,4.242288456e-07,1.915454794e-08,1.692849893e-06,6.65649047e-08,4.346401431e-07,2.131313058e-08,6.478383419e-06,1.607431058e-07,8.171378663e-07,2.575706379e-09,1.494755654e-06,9.346339587e-09,1.85503386e-06,1.556102728e-07,0.1526191719
869.0,4.143973787e-07,1.906548383e-08,1.652209594e-06,6.722978467e-08,4.281146343e-07,2.106795286e-08,9.434687153e-06,1.734270722e-07,8.055777593e-07,2.537018464e-09,1.474172674e-06,9.215834775e-09,2.001411576e-06,1.03418755e-07,0.1526192753
870.0,4.410776621e-07,1.894353224e-08,1.730698853e-06,6.656823447e-08,4.321916489e-07,2.093761356e-08,8.660513013e-06,1.683828245e-07,7.944119693e-07,2.499602077e-09,1.453703213e-06,9.087155543e-09,1.943202387e-06,1.286047858e-07,0.1526194039
871.0,4.12473051e-07,1.855571192e-08,1.594868609e-06,6.442902801e-08,4.184707116e-07,2.05598538e-08,7.512059411e-06,1.621495785e-07,7.834396074e-07,2.463570731e-09,1.43430825e-06,8.962508449e-09,1.871267502e-06,1.580197439e-07,0.152619562
872.0,4.131377727e-07,1.854137027e-08,1.72140943e-06,6.62292235e-08,4.294394229e-07,2.05662274e-08,1.019430339e-05,1.739338661e-07,7.725885358e-07,2.427772265e-09,1.414774514e-06,8.838157831e-09,2.007260661e-06,6.048712919e-08,0.1526196225
873.0,4.269228272e-07,1.818496658e-08,1.666678324e-06,6.315680027e-08,4.203139623e-07,2.011666867e-08,7.722730312e-06,1.525724362e-07,7.615773992e-07,2.392328862e-09,1.395430224e-06,8.715430545e-09,1.760746834e-06,1.702452992e-07,0.1526197927
874.0,4.086933505e-07,1.790440608e-08,1.617713998e-06,6.29308354e-08,4.116252596e-07,1.982158989e-08,8.522109041e-06,1.64408171e-07,7.509616204e-07,3.754776746e-08,1.377083816e-06,8.601021615e-09,1.897333182e-06,1.167366978e-07,0.1526199094
875.0,3.97674759e-07,1.781084282e-08,1.624114376e-06,6.260987235e-08,4.067446697e-07,1.970802024e-08,8.755073124e-06,1.649325306e-07,7.441485244e-07,2.342515549e-09,1.359259384e-06,8.489917904e-09,1.903391296e-06,7.28264425e-08,0.1526199823
876.0,4.073530018e-07,1.755769028e-08,1.526550093e-06,6.082783991e-08,3.997087135e-07,1.934767681e-08,8.107417289e-06,1.603651127e-07,7.332215947e-07,2.306416145e-09,1.340599284e-06,8.370541745e-09,1.850682009e-06,1.506161641e-07,0.1526201329
877.0,3.883255938e-07,1.727540904e-08,1.591962131e-06,6.181157003e-08,3.908870843e-07,1.908592579e-08,7.85006172e-06,1.600030762e-07,7.226696423e-07,2.272007171e-09,1.322083274e-06,8.254145868e-09,1.846503125e-06,1.104323229e-07,0.1526202433
878.0,3.842699027e-07,1.69976022e-08,1.554179918e-06,5.929356197e-08,3.880322044e-07,1.886686818e-08,8.47880846e-06,1.548078475e-07,7.128995939e-07,2.238604283e-09,1.304036608e-06,8.140022218e-09,1.786550819e-06,8.051857894e-08,0.1526203238
879.0,4.131984935e-07,1.704586721e-08,1.605751623e-06,5.985224369e-08,4.050800988e-07,1.89098971e-08,9.272062088e-06,1.648532218e-07,7.02963917e-07,3.513202687e-08,1.286967774e-06,8.031403501e-09,1.902473694e-06,9.76333087e-08,0.1526204215
880.0,3.838069409e-07,1.66823918e-08,1.532597364e-06,5.83680614e-08,3.850482309e-07,1.846641435e-08,6.913805329e-06,1.526767544e-07,6.958702032e-07,2.190200151e-09,1.270766069e-06,7.928410273e-09,1.761957477e-06,1.144273709e-07,0.1526205359
881.0,3.705142975e-07,1.648160774e-08,1.438682871e-06,5.735076755e-08,3.754582258e-07,1.817705921e-08,9.865780246e-06,1.655306566e-07,6.857086269e-07,2.156029086e-09,1.253065863e-06,7.81697553e-09,1.910300607e-06,2.284315505e-08,0.1526205587
882.0,3.955755793e-07,1.643258398e-08,1.600483803e-06,5.820669052e-08,3.825913648e-07,1.8114809e-08,8.453883153e-06,1.564681097e-07,6.759965566e-07,2.123095862e-09,1.235413499e-06,7.706539786e-09,1.805713771e-06,8.66841446e-08,0.1526206454
883.0,3.781921035e-07,1.617831826e-08,1.481980218e-06,5.604291333e-08,3.705372759e-07,1.779487435e-08,6.72210704e-06,1.639563242e-07,6.662955535e-07,2.091184391e-09,1.218729991e-06,7.599636516e-09,1.892131698e-06,1.125148874e-07,0.1526207579
884.0,3.658667052e-07,1.593502045e-08,1.466664619e-06,5.672154216e-08,3.657720838e-07,1.755057715e-08,9.277961752e-06,1.616594635e-07,6.568423096e-07,3.282771525e-08,1.202329166e-06,7.498343354e-09,1.865628065e-06,5.851701704e-08,0.1526208165
885.0,3.775973256e-07,1.57526898e-08,1.486942632e-06,5.506955071e-08,3.612241904e-07,1.728737197e-08,7.429829338e-06,1.383284818e-07,6.504944501e-07,2.045175942e-09,1.187049993e-06,7.401482451e-09,1.596378759e-06,1.419391444e-07,0.1526209584
886.0,3.60214284e-07,1.555184979e-08,1.37431279e-06,5.399882785e-08,3.61032943e-07,1.725278205e-08,8.62781433e-06,1.566796257e-07,6.410763367e-07,2.013323837e-09,1.171008191e-06,7.29850995e-09,1.808155488e-06,7.624740668e-08,0.1526210346
887.0,3.623233774e-07,1.553405498e-08,1.516999127e-06,5.607982952e-08,3.628042482e-07,1.709855127e-08,9.218583998e-06,1.568065641e-07,6.318352479e-07,3.159108127e-08,1.155237908e-06,7.200027944e-09,1.809623631e-06,3.242494876e-08,0.1526210671
888.0,3.783106217e-07,1.524413151e-08,1.473957057e-06,5.287976358e-08,3.579191386e-07,1.66989332e-08,7.612610636e-06,1.31353795e-07,6.253450177e-07,1.967072566e-09,1.140345861e-06,7.106090045e-09,1.515889175e-06,1.198153706e-07,0.1526211869
889.0,3.429259817e-07,1.488270682e-08,1.365927716e-06,5.246861621e-08,3.416002599e-07,1.641145871e-08,7.297011162e-06,1.390986876e-07,6.159835231e-07,1.935706492e-09,1.124417649e-06,7.006278965e-09,1.605268696e-06,7.090124214e-08,0.1526212578
890.0,3.476264143e-07,1.480862225e-08,1.389182507e-06,5.210535021e-08,3.408179224e-07,1.629338207e-08,8.607169157e-06,1.528603801e-07,6.072413118e-07,1.905341985e-09,1.108896485e-06,6.907897129e-09,1.764088135e-06,2.801333213e-08,0.1526212858
891.0,3.670241225e-07,1.46676971e-08,1.361602362e-06,5.096694697e-08,3.439002997e-07,1.606397664e-08,8.704411619e-06,1.373580858e-07,5.98490405e-07,2.991132001e-08,1.09402413e-06,6.815096854e-09,1.585185274e-06,9.648365527e-08,0.1526213823
892.0,3.402284443e-07,1.447695456e-08,1.406476851e-06,5.180886392e-08,3.313972621e-07,1.582979193e-08,6.998013535e-06,1.377106134e-07,5.924444809e-07,1.862274243e-09,1.080425055e-06,6.728084965e-09,1.589251664e-06,6.864151713e-08,0.1526214509
893.0,3.374934082e-07,1.439904655e-08,1.352993266e-06,5.00272578e-08,3.351790023e-07,1.586112921e-08,9.284177721e-06,1.531901643e-07,5.83683402e-07,1.832164103e-09,1.065534662e-06,6.633631621e-09,1.767894596e-06,-2.290855837e-08,0.152621428
894.0,3.616104817e-07,1.431170185e-08,1.398486848e-06,5.01990012e-08,3.39283741e-07,1.565781614e-08,8.671228201e-06,1.509829396e-07,5.751666698e-07,1.803300343e-09,1.050669984e-06,6.539620652e-09,1.742422137e-06,4.771144768e-08,0.1526214757
895.0,3.456532531e-07,1.403255279e-08,1.372808665e-06,4.907804457e-08,3.298307431e-07,1.533998555e-08,7.301527728e-06,1.423177194e-07,5.666940213e-07,2.831934099e-08,1.036868206e-06,6.453023656e-09,1.642422485e-06,7.477065242e-08,0.1526215505
896.0,3.207059403e-07,1.369943205e-08,1.250765618e-06,4.739742336e-08,3.185341428e-07,1.506715886e-08,8.940983401e-06,1.512972079e-07,5.61102618e-07,1.761858895e-09,1.023328432e-06,6.369139324e-09,1.746055711e-06,-1.020973597e-08,0.1526215403
897.0,3.454721337e-07,1.374243843e-08,1.376980938e-06,4.914984338e-08,3.201574221e-07,1.494737277e-08,7.897201419e-06,1.428822114e-07,5.52607078e-07,1.733181591e-09,1.009166294e-06,6.27895227e-09,1.64893937e-06,9.406957586e-08,0.1526216344
898.0,3.258880823e-07,1.331637551e-08,1.283306457e-06,4.669454122e-08,3.097395201e-07,1.464156516e-08,7.226387191e-06,1.421189648e-07,5.444850573e-07,2.722209277e-08,9.956882172e-07,6.195957352e-09,1.640132763e-06,5.971746112e-08,0.1526216941
899.0,3.204410548e-07,1.344954102e-08,1.296440425e-06,4.79880438e-08,3.095240063e-07,1.463880818e-08,8.807334927e-06,1.478702543e-07,5.39395416e-07,1.693273233e-09,9.829723259e-07,6.115606768e-09,1.706505751e-06,4.797199581e-09,0.1526216989
900.0,3.401574472e-07,1.330994033e-08,1.329608928e-06,4.645664953e-08,3.185252142e-07,1.456058519e-08,7.979441654e-06,1.271180387e-07,5.311064381e-07,1.665434551e-09,9.696307986e-07,6.029705021e-09,1.467013189e-06,6.632095055e-08,0.1526217652
901.0,3.072694478e-07,1.285990161e-08,1.170575365e-06,4.45844912e-08,2.995135751e-07,1.414823394e-08,7.488570792e-06,1.437771418e-07,5.230555746e-07,1.639208194e-09,9.56355412e-07,5.945870329e-09,1.659270702e-06,3.646142524e-08,0.1526218016
902.0,3.196114056e-07,1.285329899e-08,1.334485103e-06,4.632747174e-08,3.059039318e-07,1.406719113e-08,9.275346138e-06,1.389227874e-07,5.157043055e-07,2.576256787e-08,9.435744498e-07,5.866764411e-09,1.603248419e-06,-7.131994075e-09,0.1526217945
903.0,3.334584384e-07,1.262391835e-08,1.300668204e-06,4.337545888e-08,3.065252883e-07,1.379151366e-08,7.525605952e-06,1.228851065e-07,5.106618214e-07,1.601415634e-09,9.313089853e-07,5.79049366e-09,1.418167289e-06,6.849633118e-08,0.152621863
904.0,3.076871789e-07,1.252070876e-08,1.199170947e-06,4.453707949e-08,2.898836508e-07,1.362337692e-08,6.949478127e-06,1.395975398e-07,5.028182965e-07,1.575754083e-09,9.188355997e-07,5.710352738e-09,1.611036609e-06,2.84525165e-08,0.1526218915
905.0,2.996886316e-07,1.233898726e-08,1.205010032e-06,4.361087832e-08,2.837994783e-07,1.344150885e-08,8.625395978e-06,1.439349878e-07,4.953670797e-07,2.476065177e-08,9.06449062e-07,5.63456951e-09,1.661098626e-06,-3.404102691e-08,0.1526218574
906.0,3.170267086e-07,1.228248743e-08,1.185124471e-06,4.27051889e-08,2.87137182e-07,1.335632443e-08,8.394930813e-06,1.385725406e-07,4.907883187e-07,1.539390887e-09,8.948946997e-07,5.562241447e-09,1.599211501e-06,3.85170438e-08,0.1526218959
907.0,3.11826936e-07,1.2236941e-08,1.280966679e-06,4.399969806e-08,2.950394746e-07,1.340281124e-08,7.708270976e-06,1.423670659e-07,4.835251168e-07,2.417121834e-08,8.834377794e-07,5.488390032e-09,1.64299694e-06,4.751787336e-09,0.1526219007
908.0,2.991607149e-07,1.190215072e-08,1.212853728e-06,4.145568966e-08,2.863772548e-07,1.30203074e-08,8.512044879e-06,1.398147211e-07,4.785438509e-07,1.502226073e-09,8.719568282e-07,5.417072991e-09,1.61354832e-06,-2.574448978e-08,0.1526218749
909.0,3.169481772e-07,1.184211193e-08,1.222137178e-06,4.214487141e-08,2.848539838e-07,1.283528709e-08,8.198617399e-06,1.219484547e-07,4.711789857e-07,1.477223464e-09,8.598305587e-07,5.34051025e-09,1.40735943e-06,6.685429314e-08,0.1526219418
910.0,2.895422405e-07,1.141146003e-08,1.160801535e-06,4.029417809e-08,2.725803162e-07,1.255031196e-08,6.950024642e-06,1.278697525e-07,4.64135376e-07,1.453830541e-09,8.478684465e-07,5.266487608e-09,1.475696569e-06,3.102041074e-08,0.1526219728
911.0,2.866552638e-07,1.159426473e-08,1.096974673e-06,4.099340961e-08,2.697107786e-07,1.258157571e-08,8.911512718e-06,1.511213326e-07,4.574904932e-07,2.285397356e-08,8.366425429e-07,5.196791619e-09,1.744035842e-06,-4.808673575e-08,0.1526219247
912.0,3.063476612e-07,1.136205041e-08,1.232533332e-06,4.161399497e-08,2.723868005e-07,1.235801488e-08,7.536568238e-06,1.188480464e-07,4.526672506e-07,1.419849332e-09,8.258671765e-07,5.129424047e-09,1.37158189e-06,5.429362186e-08,0.152621979
913.0,2.7637082e-07,1.100426849e-08,1.113529751e-06,3.877247352e-08,2.567769453e-07,1.207307412e-08,6.481432675e-06,1.288427899e-07,4.459749888e-07,1.397369743e-09,8.146568593e-07,5.059212827e-09,1.486927965e-06,1.11912847e-08,0.1526219902
914.0,2.849446393e-07,1.113521142e-08,1.144341033e-06,3.978728197e-08,2.715060797e-07,1.225650427e-08,9.345115573e-06,1.426365667e-07,4.397822815e-07,2.197018981e-08,8.041220435e-07,4.992455675e-09,1.646113312e-06,-5.833399826e-08,0.1526219319
915.0,3.075359864e-07,1.094865179e-08,1.202792046e-06,3.832888763e-08,2.750258257e-07,1.190181408e-08,8.07746437e-06,1.231919681e-07,4.353240718e-07,1.364457461e-09,7.937681374e-07,4.927494739e-09,1.421714353e-06,4.400285207e-08,0.1526219759
916.0,2.776397523e-07,1.071491527e-08,1.050414617e-06,3.743391708e-08,2.560995932e-07,1.168052857e-08,7.2815048e-06,1.306321213e-07,4.285379035e-07,1.342488946e-09,7.831244849e-07,4.859636797e-09,1.50757918e-06,7.372652884e-09,0.1526219833
917.0,2.666392627e-07,1.059477983e-08,1.137499303e-06,3.852868502e-08,2.524213676e-07,1.151247383e-08,8.656805673e-06,1.291225955e-07,4.221453344e-07,2.110236006e-08,7.724642118e-07,4.795294861e-09,1.490159887e-06,-4.588020224e-08,0.1526219374
918.0,2.958946009e-07,1.063060141e-08,1.139391562e-06,3.732112265e-08,2.564014649e-07,1.149609837e-08,7.81546672e-06,1.425114868e-07,4.181257217e-07,1.311097744e-09,7.624675061e-07,4.733460776e-09,1.644676511e-06,3.014394448e-09,0.1526219404
919.0,2.776998162e-07,1.039820958e-08,1.089544592e-06,3.748563388e-08,2.484265599e-07,1.130954077e-08,6.918018831e-06,1.282842276e-07,4.118774788e-07,2.059171698e-08,7.525624136e-07,4.67087296e-09,1.480483488e-06,-4.809517942e-09,0.1526219356
920.0,2.641718394e-07,1.023585664e-08,1.096477267e-06,3.629199918e-08,2.444040619e-07,1.110398113e-08,8.30394545e-06,1.316780938e-07,4.078419597e-07,1.279816003e-09,7.429517214e-07,4.611304908e-09,1.519654586e-06,-5.383362484e-08,0.1526218818
921.0,2.817468667e-07,1.027741685e-08,1.037629775e-06,3.591676091e-08,2.511511183e-07,1.116975279e-08,8.45759127e-06,1.260100664e-07,4.016571946e-07,1.258588956e-09,7.329866063e-07,4.546913875e-09,1.454239122e-06,1.435682637e-08,0.1526218961
922.0,2.690922339e-07,9.987451631e-09,1.119367303e-06,3.625360561e-08,2.461107643e-07,1.08750016e-08,7.582120839e-06,1.311551498e-07,3.955771764e-07,1.238651787e-09,7.229328874e-07,4.483737221e-09,1.513615857e-06,-5.786237901e-09,0.1526218903
923.0,2.699115257e-07,1.00513557e-08,1.101996765e-06,3.586945737e-08,2.452127955e-07,1.084425518e-08,8.712801306e-06,1.353216562e-07,3.899269488e-07,1.947797794e-08,7.132127069e-07,4.424705887e-09,1.561703833e-06,-5.95596984e-08,0.1526218308
924.0,2.738426128e-07,9.70313828e-09,1.067639419e-06,3.509921399e-08,2.397191309e-07,1.056446241e-08,7.09442197e-06,1.067938772e-07,3.857918751e-07,1.209687032e-09,7.040235184e-07,4.367610914e-09,1.232474321e-06,3.650763689e-08,0.1526218673
925.0,2.527014317e-07,9.540417097e-09,1.009127773e-06,3.439662182e-08,2.263962746e-07,1.040044111e-08,6.58083625e-06,1.340450869e-07,3.798906846e-07,1.190228957e-09,6.943716719e-07,4.307222084e-09,1.546972166e-06,-1.418349484e-08,0.1526218531
926.0,2.517696964e-07,9.487842841e-09,9.570700214e-07,3.388821633e-08,2.257805654e-07,1.030822039e-08,8.794926576e-06,1.273663188e-07,3.746260179e-07,1.871866246e-08,6.851722333e-07,4.250906627e-09,1.469896959e-06,-6.768911637e-08,0.1526217854
