ISO-10303-21;
HEADER;
FILE_DESCRIPTION(('FreeCAD Model'),'2;1');
FILE_NAME('Open CASCADE Shape Model','2026-10-02T23:44:29',('FreeCAD'),(
    'FreeCAD'),'Open CASCADE STEP processor 7.8','FreeCAD','Unknown');
FILE_SCHEMA(('AUTOMOTIVE_DESIGN { 1 0 10303 214 1 1 1 1 }'));
ENDSEC;
DATA;
#1 = APPLICATION_PROTOCOL_DEFINITION('international standard',
  'automotive_design',2000,#2);
#2 = APPLICATION_CONTEXT(
  'core data for automotive mechanical design processes');
#3 = SHAPE_DEFINITION_REPRESENTATION(#4,#10);
#4 = PRODUCT_DEFINITION_SHAPE('','',#5);
#5 = PRODUCT_DEFINITION('design','',#6,#9);
#6 = PRODUCT_DEFINITION_FORMATION('','',#7);
#7 = PRODUCT('Open CASCADE STEP translator 7.8 1',
  'Open CASCADE STEP translator 7.8 1','',(#8));
#8 = PRODUCT_CONTEXT('',#2,'mechanical');
#9 = PRODUCT_DEFINITION_CONTEXT('part definition',#2,'design');
#10 = SHAPE_REPRESENTATION('',(#11,#15,#165,#315,#601,#887,#1037,#1533,
    #1625,#1717,#2003,#2289,#2575,#2861,#3147,#3433,#3719,#4005,#4291,
    #4577,#4863,#5149,#5435,#5721,#6007,#6293,#7667,#8481,#9295,#9717,
    #9867,#10017,#10303,#11845,#11999,#12153,#12575,#12861,#13147,#13297
    ,#13447,#13597,#13747,#13897,#14047,#14197,#14347,#14497,#14647),
  #14797);
#11 = AXIS2_PLACEMENT_3D('',#12,#13,#14);
#12 = CARTESIAN_POINT('',(0.,0.,0.));
#13 = DIRECTION('',(0.,0.,1.));
#14 = DIRECTION('',(1.,0.,-0.));
#15 = MANIFOLD_SOLID_BREP('',#16);
#16 = CLOSED_SHELL('',(#17,#57,#97,#119,#141,#153));
#17 = ADVANCED_FACE('',(#18),#52,.F.);
#18 = FACE_BOUND('',#19,.F.);
#19 = EDGE_LOOP('',(#20,#30,#38,#46));
#20 = ORIENTED_EDGE('',*,*,#21,.F.);
#21 = EDGE_CURVE('',#22,#24,#26,.T.);
#22 = VERTEX_POINT('',#23);
#23 = CARTESIAN_POINT('',(-296.5,-296.5,648.));
#24 = VERTEX_POINT('',#25);
#25 = CARTESIAN_POINT('',(-296.5,-296.5,940.));
#26 = LINE('',#27,#28);
#27 = CARTESIAN_POINT('',(-296.5,-296.5,648.));
#28 = VECTOR('',#29,1.);
#29 = DIRECTION('',(0.,0.,1.));
#30 = ORIENTED_EDGE('',*,*,#31,.T.);
#31 = EDGE_CURVE('',#22,#32,#34,.T.);
#32 = VERTEX_POINT('',#33);
#33 = CARTESIAN_POINT('',(-296.5,296.5,648.));
#34 = LINE('',#35,#36);
#35 = CARTESIAN_POINT('',(-296.5,-296.5,648.));
#36 = VECTOR('',#37,1.);
#37 = DIRECTION('',(0.,1.,0.));
#38 = ORIENTED_EDGE('',*,*,#39,.T.);
#39 = EDGE_CURVE('',#32,#40,#42,.T.);
#40 = VERTEX_POINT('',#41);
#41 = CARTESIAN_POINT('',(-296.5,296.5,940.));
#42 = LINE('',#43,#44);
#43 = CARTESIAN_POINT('',(-296.5,296.5,648.));
#44 = VECTOR('',#45,1.);
#45 = DIRECTION('',(0.,0.,1.));
#46 = ORIENTED_EDGE('',*,*,#47,.F.);
#47 = EDGE_CURVE('',#24,#40,#48,.T.);
#48 = LINE('',#49,#50);
#49 = CARTESIAN_POINT('',(-296.5,-296.5,940.));
#50 = VECTOR('',#51,1.);
#51 = DIRECTION('',(0.,1.,0.));
#52 = PLANE('',#53);
#53 = AXIS2_PLACEMENT_3D('',#54,#55,#56);
#54 = CARTESIAN_POINT('',(-296.5,-296.5,648.));
#55 = DIRECTION('',(1.,0.,0.));
#56 = DIRECTION('',(0.,0.,1.));
#57 = ADVANCED_FACE('',(#58),#92,.T.);
#58 = FACE_BOUND('',#59,.T.);
#59 = EDGE_LOOP('',(#60,#70,#78,#86));
#60 = ORIENTED_EDGE('',*,*,#61,.F.);
#61 = EDGE_CURVE('',#62,#64,#66,.T.);
#62 = VERTEX_POINT('',#63);
#63 = CARTESIAN_POINT('',(296.5,-296.5,648.));
#64 = VERTEX_POINT('',#65);
#65 = CARTESIAN_POINT('',(296.5,-296.5,940.));
#66 = LINE('',#67,#68);
#67 = CARTESIAN_POINT('',(296.5,-296.5,648.));
#68 = VECTOR('',#69,1.);
#69 = DIRECTION('',(0.,0.,1.));
#70 = ORIENTED_EDGE('',*,*,#71,.T.);
#71 = EDGE_CURVE('',#62,#72,#74,.T.);
#72 = VERTEX_POINT('',#73);
#73 = CARTESIAN_POINT('',(296.5,296.5,648.));
#74 = LINE('',#75,#76);
#75 = CARTESIAN_POINT('',(296.5,-296.5,648.));
#76 = VECTOR('',#77,1.);
#77 = DIRECTION('',(0.,1.,0.));
#78 = ORIENTED_EDGE('',*,*,#79,.T.);
#79 = EDGE_CURVE('',#72,#80,#82,.T.);
#80 = VERTEX_POINT('',#81);
#81 = CARTESIAN_POINT('',(296.5,296.5,940.));
#82 = LINE('',#83,#84);
#83 = CARTESIAN_POINT('',(296.5,296.5,648.));
#84 = VECTOR('',#85,1.);
#85 = DIRECTION('',(0.,0.,1.));
#86 = ORIENTED_EDGE('',*,*,#87,.F.);
#87 = EDGE_CURVE('',#64,#80,#88,.T.);
#88 = LINE('',#89,#90);
#89 = CARTESIAN_POINT('',(296.5,-296.5,940.));
#90 = VECTOR('',#91,1.);
#91 = DIRECTION('',(0.,1.,0.));
#92 = PLANE('',#93);
#93 = AXIS2_PLACEMENT_3D('',#94,#95,#96);
#94 = CARTESIAN_POINT('',(296.5,-296.5,648.));
#95 = DIRECTION('',(1.,0.,0.));
#96 = DIRECTION('',(0.,0.,1.));
#97 = ADVANCED_FACE('',(#98),#114,.F.);
#98 = FACE_BOUND('',#99,.F.);
#99 = EDGE_LOOP('',(#100,#106,#107,#113));
#100 = ORIENTED_EDGE('',*,*,#101,.F.);
#101 = EDGE_CURVE('',#22,#62,#102,.T.);
#102 = LINE('',#103,#104);
#103 = CARTESIAN_POINT('',(-296.5,-296.5,648.));
#104 = VECTOR('',#105,1.);
#105 = DIRECTION('',(1.,0.,0.));
#106 = ORIENTED_EDGE('',*,*,#21,.T.);
#107 = ORIENTED_EDGE('',*,*,#108,.T.);
#108 = EDGE_CURVE('',#24,#64,#109,.T.);
#109 = LINE('',#110,#111);
#110 = CARTESIAN_POINT('',(-296.5,-296.5,940.));
#111 = VECTOR('',#112,1.);
#112 = DIRECTION('',(1.,0.,0.));
#113 = ORIENTED_EDGE('',*,*,#61,.F.);
#114 = PLANE('',#115);
#115 = AXIS2_PLACEMENT_3D('',#116,#117,#118);
#116 = CARTESIAN_POINT('',(-296.5,-296.5,648.));
#117 = DIRECTION('',(0.,1.,0.));
#118 = DIRECTION('',(0.,0.,1.));
#119 = ADVANCED_FACE('',(#120),#136,.T.);
#120 = FACE_BOUND('',#121,.T.);
#121 = EDGE_LOOP('',(#122,#128,#129,#135));
#122 = ORIENTED_EDGE('',*,*,#123,.F.);
#123 = EDGE_CURVE('',#32,#72,#124,.T.);
#124 = LINE('',#125,#126);
#125 = CARTESIAN_POINT('',(-296.5,296.5,648.));
#126 = VECTOR('',#127,1.);
#127 = DIRECTION('',(1.,0.,0.));
#128 = ORIENTED_EDGE('',*,*,#39,.T.);
#129 = ORIENTED_EDGE('',*,*,#130,.T.);
#130 = EDGE_CURVE('',#40,#80,#131,.T.);
#131 = LINE('',#132,#133);
#132 = CARTESIAN_POINT('',(-296.5,296.5,940.));
#133 = VECTOR('',#134,1.);
#134 = DIRECTION('',(1.,0.,0.));
#135 = ORIENTED_EDGE('',*,*,#79,.F.);
#136 = PLANE('',#137);
#137 = AXIS2_PLACEMENT_3D('',#138,#139,#140);
#138 = CARTESIAN_POINT('',(-296.5,296.5,648.));
#139 = DIRECTION('',(0.,1.,0.));
#140 = DIRECTION('',(0.,0.,1.));
#141 = ADVANCED_FACE('',(#142),#148,.F.);
#142 = FACE_BOUND('',#143,.F.);
#143 = EDGE_LOOP('',(#144,#145,#146,#147));
#144 = ORIENTED_EDGE('',*,*,#31,.F.);
#145 = ORIENTED_EDGE('',*,*,#101,.T.);
#146 = ORIENTED_EDGE('',*,*,#71,.T.);
#147 = ORIENTED_EDGE('',*,*,#123,.F.);
#148 = PLANE('',#149);
#149 = AXIS2_PLACEMENT_3D('',#150,#151,#152);
#150 = CARTESIAN_POINT('',(-296.5,-296.5,648.));
#151 = DIRECTION('',(0.,0.,1.));
#152 = DIRECTION('',(1.,0.,0.));
#153 = ADVANCED_FACE('',(#154),#160,.T.);
#154 = FACE_BOUND('',#155,.T.);
#155 = EDGE_LOOP('',(#156,#157,#158,#159));
#156 = ORIENTED_EDGE('',*,*,#47,.F.);
#157 = ORIENTED_EDGE('',*,*,#108,.T.);
#158 = ORIENTED_EDGE('',*,*,#87,.T.);
#159 = ORIENTED_EDGE('',*,*,#130,.F.);
#160 = PLANE('',#161);
#161 = AXIS2_PLACEMENT_3D('',#162,#163,#164);
#162 = CARTESIAN_POINT('',(-296.5,-296.5,940.));
#163 = DIRECTION('',(0.,0.,1.));
#164 = DIRECTION('',(1.,0.,0.));
#165 = MANIFOLD_SOLID_BREP('',#166);
#166 = CLOSED_SHELL('',(#167,#207,#247,#269,#291,#303));
#167 = ADVANCED_FACE('',(#168),#202,.F.);
#168 = FACE_BOUND('',#169,.F.);
#169 = EDGE_LOOP('',(#170,#180,#188,#196));
#170 = ORIENTED_EDGE('',*,*,#171,.F.);
#171 = EDGE_CURVE('',#172,#174,#176,.T.);
#172 = VERTEX_POINT('',#173);
#173 = CARTESIAN_POINT('',(-296.,-296.,450.));
#174 = VERTEX_POINT('',#175);
#175 = CARTESIAN_POINT('',(-296.,-296.,498.));
#176 = LINE('',#177,#178);
#177 = CARTESIAN_POINT('',(-296.,-296.,450.));
#178 = VECTOR('',#179,1.);
#179 = DIRECTION('',(0.,0.,1.));
#180 = ORIENTED_EDGE('',*,*,#181,.T.);
#181 = EDGE_CURVE('',#172,#182,#184,.T.);
#182 = VERTEX_POINT('',#183);
#183 = CARTESIAN_POINT('',(-296.,296.,450.));
#184 = LINE('',#185,#186);
#185 = CARTESIAN_POINT('',(-296.,-296.,450.));
#186 = VECTOR('',#187,1.);
#187 = DIRECTION('',(0.,1.,0.));
#188 = ORIENTED_EDGE('',*,*,#189,.T.);
#189 = EDGE_CURVE('',#182,#190,#192,.T.);
#190 = VERTEX_POINT('',#191);
#191 = CARTESIAN_POINT('',(-296.,296.,498.));
#192 = LINE('',#193,#194);
#193 = CARTESIAN_POINT('',(-296.,296.,450.));
#194 = VECTOR('',#195,1.);
#195 = DIRECTION('',(0.,0.,1.));
#196 = ORIENTED_EDGE('',*,*,#197,.F.);
#197 = EDGE_CURVE('',#174,#190,#198,.T.);
#198 = LINE('',#199,#200);
#199 = CARTESIAN_POINT('',(-296.,-296.,498.));
#200 = VECTOR('',#201,1.);
#201 = DIRECTION('',(0.,1.,0.));
#202 = PLANE('',#203);
#203 = AXIS2_PLACEMENT_3D('',#204,#205,#206);
#204 = CARTESIAN_POINT('',(-296.,-296.,450.));
#205 = DIRECTION('',(1.,0.,0.));
#206 = DIRECTION('',(0.,0.,1.));
#207 = ADVANCED_FACE('',(#208),#242,.T.);
#208 = FACE_BOUND('',#209,.T.);
#209 = EDGE_LOOP('',(#210,#220,#228,#236));
#210 = ORIENTED_EDGE('',*,*,#211,.F.);
#211 = EDGE_CURVE('',#212,#214,#216,.T.);
#212 = VERTEX_POINT('',#213);
#213 = CARTESIAN_POINT('',(296.,-296.,450.));
#214 = VERTEX_POINT('',#215);
#215 = CARTESIAN_POINT('',(296.,-296.,498.));
#216 = LINE('',#217,#218);
#217 = CARTESIAN_POINT('',(296.,-296.,450.));
#218 = VECTOR('',#219,1.);
#219 = DIRECTION('',(0.,0.,1.));
#220 = ORIENTED_EDGE('',*,*,#221,.T.);
#221 = EDGE_CURVE('',#212,#222,#224,.T.);
#222 = VERTEX_POINT('',#223);
#223 = CARTESIAN_POINT('',(296.,296.,450.));
#224 = LINE('',#225,#226);
#225 = CARTESIAN_POINT('',(296.,-296.,450.));
#226 = VECTOR('',#227,1.);
#227 = DIRECTION('',(0.,1.,0.));
#228 = ORIENTED_EDGE('',*,*,#229,.T.);
#229 = EDGE_CURVE('',#222,#230,#232,.T.);
#230 = VERTEX_POINT('',#231);
#231 = CARTESIAN_POINT('',(296.,296.,498.));
#232 = LINE('',#233,#234);
#233 = CARTESIAN_POINT('',(296.,296.,450.));
#234 = VECTOR('',#235,1.);
#235 = DIRECTION('',(0.,0.,1.));
#236 = ORIENTED_EDGE('',*,*,#237,.F.);
#237 = EDGE_CURVE('',#214,#230,#238,.T.);
#238 = LINE('',#239,#240);
#239 = CARTESIAN_POINT('',(296.,-296.,498.));
#240 = VECTOR('',#241,1.);
#241 = DIRECTION('',(0.,1.,0.));
#242 = PLANE('',#243);
#243 = AXIS2_PLACEMENT_3D('',#244,#245,#246);
#244 = CARTESIAN_POINT('',(296.,-296.,450.));
#245 = DIRECTION('',(1.,0.,0.));
#246 = DIRECTION('',(0.,0.,1.));
#247 = ADVANCED_FACE('',(#248),#264,.F.);
#248 = FACE_BOUND('',#249,.F.);
#249 = EDGE_LOOP('',(#250,#256,#257,#263));
#250 = ORIENTED_EDGE('',*,*,#251,.F.);
#251 = EDGE_CURVE('',#172,#212,#252,.T.);
#252 = LINE('',#253,#254);
#253 = CARTESIAN_POINT('',(-296.,-296.,450.));
#254 = VECTOR('',#255,1.);
#255 = DIRECTION('',(1.,0.,0.));
#256 = ORIENTED_EDGE('',*,*,#171,.T.);
#257 = ORIENTED_EDGE('',*,*,#258,.T.);
#258 = EDGE_CURVE('',#174,#214,#259,.T.);
#259 = LINE('',#260,#261);
#260 = CARTESIAN_POINT('',(-296.,-296.,498.));
#261 = VECTOR('',#262,1.);
#262 = DIRECTION('',(1.,0.,0.));
#263 = ORIENTED_EDGE('',*,*,#211,.F.);
#264 = PLANE('',#265);
#265 = AXIS2_PLACEMENT_3D('',#266,#267,#268);
#266 = CARTESIAN_POINT('',(-296.,-296.,450.));
#267 = DIRECTION('',(0.,1.,0.));
#268 = DIRECTION('',(0.,0.,1.));
#269 = ADVANCED_FACE('',(#270),#286,.T.);
#270 = FACE_BOUND('',#271,.T.);
#271 = EDGE_LOOP('',(#272,#278,#279,#285));
#272 = ORIENTED_EDGE('',*,*,#273,.F.);
#273 = EDGE_CURVE('',#182,#222,#274,.T.);
#274 = LINE('',#275,#276);
#275 = CARTESIAN_POINT('',(-296.,296.,450.));
#276 = VECTOR('',#277,1.);
#277 = DIRECTION('',(1.,0.,0.));
#278 = ORIENTED_EDGE('',*,*,#189,.T.);
#279 = ORIENTED_EDGE('',*,*,#280,.T.);
#280 = EDGE_CURVE('',#190,#230,#281,.T.);
#281 = LINE('',#282,#283);
#282 = CARTESIAN_POINT('',(-296.,296.,498.));
#283 = VECTOR('',#284,1.);
#284 = DIRECTION('',(1.,0.,0.));
#285 = ORIENTED_EDGE('',*,*,#229,.F.);
#286 = PLANE('',#287);
#287 = AXIS2_PLACEMENT_3D('',#288,#289,#290);
#288 = CARTESIAN_POINT('',(-296.,296.,450.));
#289 = DIRECTION('',(0.,1.,0.));
#290 = DIRECTION('',(0.,0.,1.));
#291 = ADVANCED_FACE('',(#292),#298,.F.);
#292 = FACE_BOUND('',#293,.F.);
#293 = EDGE_LOOP('',(#294,#295,#296,#297));
#294 = ORIENTED_EDGE('',*,*,#181,.F.);
#295 = ORIENTED_EDGE('',*,*,#251,.T.);
#296 = ORIENTED_EDGE('',*,*,#221,.T.);
#297 = ORIENTED_EDGE('',*,*,#273,.F.);
#298 = PLANE('',#299);
#299 = AXIS2_PLACEMENT_3D('',#300,#301,#302);
#300 = CARTESIAN_POINT('',(-296.,-296.,450.));
#301 = DIRECTION('',(0.,0.,1.));
#302 = DIRECTION('',(1.,0.,0.));
#303 = ADVANCED_FACE('',(#304),#310,.T.);
#304 = FACE_BOUND('',#305,.T.);
#305 = EDGE_LOOP('',(#306,#307,#308,#309));
#306 = ORIENTED_EDGE('',*,*,#197,.F.);
#307 = ORIENTED_EDGE('',*,*,#258,.T.);
#308 = ORIENTED_EDGE('',*,*,#237,.T.);
#309 = ORIENTED_EDGE('',*,*,#280,.F.);
#310 = PLANE('',#311);
#311 = AXIS2_PLACEMENT_3D('',#312,#313,#314);
#312 = CARTESIAN_POINT('',(-296.,-296.,498.));
#313 = DIRECTION('',(0.,0.,1.));
#314 = DIRECTION('',(1.,0.,0.));
#315 = MANIFOLD_SOLID_BREP('',#316);
#316 = CLOSED_SHELL('',(#317,#357,#388,#446,#470,#521,#533,#555,#572,
    #589));
#317 = ADVANCED_FACE('',(#318),#352,.F.);
#318 = FACE_BOUND('',#319,.F.);
#319 = EDGE_LOOP('',(#320,#330,#338,#346));
#320 = ORIENTED_EDGE('',*,*,#321,.F.);
#321 = EDGE_CURVE('',#322,#324,#326,.T.);
#322 = VERTEX_POINT('',#323);
#323 = CARTESIAN_POINT('',(-291.5,-291.5,645.));
#324 = VERTEX_POINT('',#325);
#325 = CARTESIAN_POINT('',(-291.5,-291.5,648.));
#326 = LINE('',#327,#328);
#327 = CARTESIAN_POINT('',(-291.5,-291.5,645.));
#328 = VECTOR('',#329,1.);
#329 = DIRECTION('',(0.,0.,1.));
#330 = ORIENTED_EDGE('',*,*,#331,.T.);
#331 = EDGE_CURVE('',#322,#332,#334,.T.);
#332 = VERTEX_POINT('',#333);
#333 = CARTESIAN_POINT('',(-291.5,291.5,645.));
#334 = LINE('',#335,#336);
#335 = CARTESIAN_POINT('',(-291.5,-291.5,645.));
#336 = VECTOR('',#337,1.);
#337 = DIRECTION('',(0.,1.,0.));
#338 = ORIENTED_EDGE('',*,*,#339,.T.);
#339 = EDGE_CURVE('',#332,#340,#342,.T.);
#340 = VERTEX_POINT('',#341);
#341 = CARTESIAN_POINT('',(-291.5,291.5,648.));
#342 = LINE('',#343,#344);
#343 = CARTESIAN_POINT('',(-291.5,291.5,645.));
#344 = VECTOR('',#345,1.);
#345 = DIRECTION('',(0.,0.,1.));
#346 = ORIENTED_EDGE('',*,*,#347,.F.);
#347 = EDGE_CURVE('',#324,#340,#348,.T.);
#348 = LINE('',#349,#350);
#349 = CARTESIAN_POINT('',(-291.5,-291.5,648.));
#350 = VECTOR('',#351,1.);
#351 = DIRECTION('',(0.,1.,0.));
#352 = PLANE('',#353);
#353 = AXIS2_PLACEMENT_3D('',#354,#355,#356);
#354 = CARTESIAN_POINT('',(-291.5,-291.5,645.));
#355 = DIRECTION('',(1.,0.,0.));
#356 = DIRECTION('',(0.,0.,1.));
#357 = ADVANCED_FACE('',(#358),#383,.F.);
#358 = FACE_BOUND('',#359,.F.);
#359 = EDGE_LOOP('',(#360,#368,#369,#377));
#360 = ORIENTED_EDGE('',*,*,#361,.F.);
#361 = EDGE_CURVE('',#322,#362,#364,.T.);
#362 = VERTEX_POINT('',#363);
#363 = CARTESIAN_POINT('',(291.5,-291.5,645.));
#364 = LINE('',#365,#366);
#365 = CARTESIAN_POINT('',(-291.5,-291.5,645.));
#366 = VECTOR('',#367,1.);
#367 = DIRECTION('',(1.,0.,0.));
#368 = ORIENTED_EDGE('',*,*,#321,.T.);
#369 = ORIENTED_EDGE('',*,*,#370,.T.);
#370 = EDGE_CURVE('',#324,#371,#373,.T.);
#371 = VERTEX_POINT('',#372);
#372 = CARTESIAN_POINT('',(291.5,-291.5,648.));
#373 = LINE('',#374,#375);
#374 = CARTESIAN_POINT('',(-291.5,-291.5,648.));
#375 = VECTOR('',#376,1.);
#376 = DIRECTION('',(1.,0.,0.));
#377 = ORIENTED_EDGE('',*,*,#378,.F.);
#378 = EDGE_CURVE('',#362,#371,#379,.T.);
#379 = LINE('',#380,#381);
#380 = CARTESIAN_POINT('',(291.5,-291.5,645.));
#381 = VECTOR('',#382,1.);
#382 = DIRECTION('',(0.,0.,1.));
#383 = PLANE('',#384);
#384 = AXIS2_PLACEMENT_3D('',#385,#386,#387);
#385 = CARTESIAN_POINT('',(-291.5,-291.5,645.));
#386 = DIRECTION('',(0.,1.,0.));
#387 = DIRECTION('',(0.,0.,1.));
#388 = ADVANCED_FACE('',(#389,#407),#441,.T.);
#389 = FACE_BOUND('',#390,.T.);
#390 = EDGE_LOOP('',(#391,#392,#393,#401));
#391 = ORIENTED_EDGE('',*,*,#347,.F.);
#392 = ORIENTED_EDGE('',*,*,#370,.T.);
#393 = ORIENTED_EDGE('',*,*,#394,.T.);
#394 = EDGE_CURVE('',#371,#395,#397,.T.);
#395 = VERTEX_POINT('',#396);
#396 = CARTESIAN_POINT('',(291.5,291.5,648.));
#397 = LINE('',#398,#399);
#398 = CARTESIAN_POINT('',(291.5,-291.5,648.));
#399 = VECTOR('',#400,1.);
#400 = DIRECTION('',(0.,1.,0.));
#401 = ORIENTED_EDGE('',*,*,#402,.F.);
#402 = EDGE_CURVE('',#340,#395,#403,.T.);
#403 = LINE('',#404,#405);
#404 = CARTESIAN_POINT('',(-291.5,291.5,648.));
#405 = VECTOR('',#406,1.);
#406 = DIRECTION('',(1.,0.,0.));
#407 = FACE_BOUND('',#408,.T.);
#408 = EDGE_LOOP('',(#409,#419,#427,#435));
#409 = ORIENTED_EDGE('',*,*,#410,.F.);
#410 = EDGE_CURVE('',#411,#413,#415,.T.);
#411 = VERTEX_POINT('',#412);
#412 = CARTESIAN_POINT('',(-281.5,-281.5,648.));
#413 = VERTEX_POINT('',#414);
#414 = CARTESIAN_POINT('',(281.5,-281.5,648.));
#415 = LINE('',#416,#417);
#416 = CARTESIAN_POINT('',(-281.5,-281.5,648.));
#417 = VECTOR('',#418,1.);
#418 = DIRECTION('',(1.,0.,0.));
#419 = ORIENTED_EDGE('',*,*,#420,.T.);
#420 = EDGE_CURVE('',#411,#421,#423,.T.);
#421 = VERTEX_POINT('',#422);
#422 = CARTESIAN_POINT('',(-281.5,281.5,648.));
#423 = LINE('',#424,#425);
#424 = CARTESIAN_POINT('',(-281.5,-281.5,648.));
#425 = VECTOR('',#426,1.);
#426 = DIRECTION('',(0.,1.,0.));
#427 = ORIENTED_EDGE('',*,*,#428,.T.);
#428 = EDGE_CURVE('',#421,#429,#431,.T.);
#429 = VERTEX_POINT('',#430);
#430 = CARTESIAN_POINT('',(281.5,281.5,648.));
#431 = LINE('',#432,#433);
#432 = CARTESIAN_POINT('',(-281.5,281.5,648.));
#433 = VECTOR('',#434,1.);
#434 = DIRECTION('',(1.,0.,0.));
#435 = ORIENTED_EDGE('',*,*,#436,.F.);
#436 = EDGE_CURVE('',#413,#429,#437,.T.);
#437 = LINE('',#438,#439);
#438 = CARTESIAN_POINT('',(281.5,-281.5,648.));
#439 = VECTOR('',#440,1.);
#440 = DIRECTION('',(0.,1.,0.));
#441 = PLANE('',#442);
#442 = AXIS2_PLACEMENT_3D('',#443,#444,#445);
#443 = CARTESIAN_POINT('',(-291.5,-291.5,648.));
#444 = DIRECTION('',(0.,0.,1.));
#445 = DIRECTION('',(1.,0.,0.));
#446 = ADVANCED_FACE('',(#447),#465,.T.);
#447 = FACE_BOUND('',#448,.T.);
#448 = EDGE_LOOP('',(#449,#457,#458,#459));
#449 = ORIENTED_EDGE('',*,*,#450,.F.);
#450 = EDGE_CURVE('',#332,#451,#453,.T.);
#451 = VERTEX_POINT('',#452);
#452 = CARTESIAN_POINT('',(291.5,291.5,645.));
#453 = LINE('',#454,#455);
#454 = CARTESIAN_POINT('',(-291.5,291.5,645.));
#455 = VECTOR('',#456,1.);
#456 = DIRECTION('',(1.,0.,0.));
#457 = ORIENTED_EDGE('',*,*,#339,.T.);
#458 = ORIENTED_EDGE('',*,*,#402,.T.);
#459 = ORIENTED_EDGE('',*,*,#460,.F.);
#460 = EDGE_CURVE('',#451,#395,#461,.T.);
#461 = LINE('',#462,#463);
#462 = CARTESIAN_POINT('',(291.5,291.5,645.));
#463 = VECTOR('',#464,1.);
#464 = DIRECTION('',(0.,0.,1.));
#465 = PLANE('',#466);
#466 = AXIS2_PLACEMENT_3D('',#467,#468,#469);
#467 = CARTESIAN_POINT('',(-291.5,291.5,645.));
#468 = DIRECTION('',(0.,1.,0.));
#469 = DIRECTION('',(0.,0.,1.));
#470 = ADVANCED_FACE('',(#471,#482),#516,.F.);
#471 = FACE_BOUND('',#472,.F.);
#472 = EDGE_LOOP('',(#473,#474,#475,#481));
#473 = ORIENTED_EDGE('',*,*,#331,.F.);
#474 = ORIENTED_EDGE('',*,*,#361,.T.);
#475 = ORIENTED_EDGE('',*,*,#476,.T.);
#476 = EDGE_CURVE('',#362,#451,#477,.T.);
#477 = LINE('',#478,#479);
#478 = CARTESIAN_POINT('',(291.5,-291.5,645.));
#479 = VECTOR('',#480,1.);
#480 = DIRECTION('',(0.,1.,0.));
#481 = ORIENTED_EDGE('',*,*,#450,.F.);
#482 = FACE_BOUND('',#483,.F.);
#483 = EDGE_LOOP('',(#484,#494,#502,#510));
#484 = ORIENTED_EDGE('',*,*,#485,.F.);
#485 = EDGE_CURVE('',#486,#488,#490,.T.);
#486 = VERTEX_POINT('',#487);
#487 = CARTESIAN_POINT('',(-281.5,-281.5,645.));
#488 = VERTEX_POINT('',#489);
#489 = CARTESIAN_POINT('',(281.5,-281.5,645.));
#490 = LINE('',#491,#492);
#491 = CARTESIAN_POINT('',(-281.5,-281.5,645.));
#492 = VECTOR('',#493,1.);
#493 = DIRECTION('',(1.,0.,0.));
#494 = ORIENTED_EDGE('',*,*,#495,.T.);
#495 = EDGE_CURVE('',#486,#496,#498,.T.);
#496 = VERTEX_POINT('',#497);
#497 = CARTESIAN_POINT('',(-281.5,281.5,645.));
#498 = LINE('',#499,#500);
#499 = CARTESIAN_POINT('',(-281.5,-281.5,645.));
#500 = VECTOR('',#501,1.);
#501 = DIRECTION('',(0.,1.,0.));
#502 = ORIENTED_EDGE('',*,*,#503,.T.);
#503 = EDGE_CURVE('',#496,#504,#506,.T.);
#504 = VERTEX_POINT('',#505);
#505 = CARTESIAN_POINT('',(281.5,281.5,645.));
#506 = LINE('',#507,#508);
#507 = CARTESIAN_POINT('',(-281.5,281.5,645.));
#508 = VECTOR('',#509,1.);
#509 = DIRECTION('',(1.,0.,0.));
#510 = ORIENTED_EDGE('',*,*,#511,.F.);
#511 = EDGE_CURVE('',#488,#504,#512,.T.);
#512 = LINE('',#513,#514);
#513 = CARTESIAN_POINT('',(281.5,-281.5,645.));
#514 = VECTOR('',#515,1.);
#515 = DIRECTION('',(0.,1.,0.));
#516 = PLANE('',#517);
#517 = AXIS2_PLACEMENT_3D('',#518,#519,#520);
#518 = CARTESIAN_POINT('',(-291.5,-291.5,645.));
#519 = DIRECTION('',(0.,0.,1.));
#520 = DIRECTION('',(1.,0.,0.));
#521 = ADVANCED_FACE('',(#522),#528,.T.);
#522 = FACE_BOUND('',#523,.T.);
#523 = EDGE_LOOP('',(#524,#525,#526,#527));
#524 = ORIENTED_EDGE('',*,*,#378,.F.);
#525 = ORIENTED_EDGE('',*,*,#476,.T.);
#526 = ORIENTED_EDGE('',*,*,#460,.T.);
#527 = ORIENTED_EDGE('',*,*,#394,.F.);
#528 = PLANE('',#529);
#529 = AXIS2_PLACEMENT_3D('',#530,#531,#532);
#530 = CARTESIAN_POINT('',(291.5,-291.5,645.));
#531 = DIRECTION('',(1.,0.,0.));
#532 = DIRECTION('',(0.,0.,1.));
#533 = ADVANCED_FACE('',(#534),#550,.T.);
#534 = FACE_BOUND('',#535,.T.);
#535 = EDGE_LOOP('',(#536,#537,#543,#544));
#536 = ORIENTED_EDGE('',*,*,#485,.F.);
#537 = ORIENTED_EDGE('',*,*,#538,.T.);
#538 = EDGE_CURVE('',#486,#411,#539,.T.);
#539 = LINE('',#540,#541);
#540 = CARTESIAN_POINT('',(-281.5,-281.5,645.));
#541 = VECTOR('',#542,1.);
#542 = DIRECTION('',(0.,0.,1.));
#543 = ORIENTED_EDGE('',*,*,#410,.T.);
#544 = ORIENTED_EDGE('',*,*,#545,.F.);
#545 = EDGE_CURVE('',#488,#413,#546,.T.);
#546 = LINE('',#547,#548);
#547 = CARTESIAN_POINT('',(281.5,-281.5,645.));
#548 = VECTOR('',#549,1.);
#549 = DIRECTION('',(0.,0.,1.));
#550 = PLANE('',#551);
#551 = AXIS2_PLACEMENT_3D('',#552,#553,#554);
#552 = CARTESIAN_POINT('',(-281.5,-281.5,645.));
#553 = DIRECTION('',(0.,1.,0.));
#554 = DIRECTION('',(0.,0.,1.));
#555 = ADVANCED_FACE('',(#556),#567,.F.);
#556 = FACE_BOUND('',#557,.F.);
#557 = EDGE_LOOP('',(#558,#559,#560,#566));
#558 = ORIENTED_EDGE('',*,*,#545,.F.);
#559 = ORIENTED_EDGE('',*,*,#511,.T.);
#560 = ORIENTED_EDGE('',*,*,#561,.T.);
#561 = EDGE_CURVE('',#504,#429,#562,.T.);
#562 = LINE('',#563,#564);
#563 = CARTESIAN_POINT('',(281.5,281.5,645.));
#564 = VECTOR('',#565,1.);
#565 = DIRECTION('',(0.,0.,1.));
#566 = ORIENTED_EDGE('',*,*,#436,.F.);
#567 = PLANE('',#568);
#568 = AXIS2_PLACEMENT_3D('',#569,#570,#571);
#569 = CARTESIAN_POINT('',(281.5,-281.5,645.));
#570 = DIRECTION('',(1.,0.,0.));
#571 = DIRECTION('',(0.,0.,1.));
#572 = ADVANCED_FACE('',(#573),#584,.F.);
#573 = FACE_BOUND('',#574,.F.);
#574 = EDGE_LOOP('',(#575,#576,#582,#583));
#575 = ORIENTED_EDGE('',*,*,#503,.F.);
#576 = ORIENTED_EDGE('',*,*,#577,.T.);
#577 = EDGE_CURVE('',#496,#421,#578,.T.);
#578 = LINE('',#579,#580);
#579 = CARTESIAN_POINT('',(-281.5,281.5,645.));
#580 = VECTOR('',#581,1.);
#581 = DIRECTION('',(0.,0.,1.));
#582 = ORIENTED_EDGE('',*,*,#428,.T.);
#583 = ORIENTED_EDGE('',*,*,#561,.F.);
#584 = PLANE('',#585);
#585 = AXIS2_PLACEMENT_3D('',#586,#587,#588);
#586 = CARTESIAN_POINT('',(-281.5,281.5,645.));
#587 = DIRECTION('',(0.,1.,0.));
#588 = DIRECTION('',(0.,0.,1.));
#589 = ADVANCED_FACE('',(#590),#596,.T.);
#590 = FACE_BOUND('',#591,.T.);
#591 = EDGE_LOOP('',(#592,#593,#594,#595));
#592 = ORIENTED_EDGE('',*,*,#538,.F.);
#593 = ORIENTED_EDGE('',*,*,#495,.T.);
#594 = ORIENTED_EDGE('',*,*,#577,.T.);
#595 = ORIENTED_EDGE('',*,*,#420,.F.);
#596 = PLANE('',#597);
#597 = AXIS2_PLACEMENT_3D('',#598,#599,#600);
#598 = CARTESIAN_POINT('',(-281.5,-281.5,645.));
#599 = DIRECTION('',(1.,0.,0.));
#600 = DIRECTION('',(0.,0.,1.));
#601 = MANIFOLD_SOLID_BREP('',#602);
#602 = CLOSED_SHELL('',(#603,#643,#674,#732,#756,#807,#819,#841,#858,
    #875));
#603 = ADVANCED_FACE('',(#604),#638,.F.);
#604 = FACE_BOUND('',#605,.F.);
#605 = EDGE_LOOP('',(#606,#616,#624,#632));
#606 = ORIENTED_EDGE('',*,*,#607,.F.);
#607 = EDGE_CURVE('',#608,#610,#612,.T.);
#608 = VERTEX_POINT('',#609);
#609 = CARTESIAN_POINT('',(-316.5,-316.5,940.));
#610 = VERTEX_POINT('',#611);
#611 = CARTESIAN_POINT('',(-316.5,-316.5,945.));
#612 = LINE('',#613,#614);
#613 = CARTESIAN_POINT('',(-316.5,-316.5,940.));
#614 = VECTOR('',#615,1.);
#615 = DIRECTION('',(0.,0.,1.));
#616 = ORIENTED_EDGE('',*,*,#617,.T.);
#617 = EDGE_CURVE('',#608,#618,#620,.T.);
#618 = VERTEX_POINT('',#619);
#619 = CARTESIAN_POINT('',(-316.5,316.5,940.));
#620 = LINE('',#621,#622);
#621 = CARTESIAN_POINT('',(-316.5,-316.5,940.));
#622 = VECTOR('',#623,1.);
#623 = DIRECTION('',(0.,1.,0.));
#624 = ORIENTED_EDGE('',*,*,#625,.T.);
#625 = EDGE_CURVE('',#618,#626,#628,.T.);
#626 = VERTEX_POINT('',#627);
#627 = CARTESIAN_POINT('',(-316.5,316.5,945.));
#628 = LINE('',#629,#630);
#629 = CARTESIAN_POINT('',(-316.5,316.5,940.));
#630 = VECTOR('',#631,1.);
#631 = DIRECTION('',(0.,0.,1.));
#632 = ORIENTED_EDGE('',*,*,#633,.F.);
#633 = EDGE_CURVE('',#610,#626,#634,.T.);
#634 = LINE('',#635,#636);
#635 = CARTESIAN_POINT('',(-316.5,-316.5,945.));
#636 = VECTOR('',#637,1.);
#637 = DIRECTION('',(0.,1.,0.));
#638 = PLANE('',#639);
#639 = AXIS2_PLACEMENT_3D('',#640,#641,#642);
#640 = CARTESIAN_POINT('',(-316.5,-316.5,940.));
#641 = DIRECTION('',(1.,0.,0.));
#642 = DIRECTION('',(0.,0.,1.));
#643 = ADVANCED_FACE('',(#644),#669,.F.);
#644 = FACE_BOUND('',#645,.F.);
#645 = EDGE_LOOP('',(#646,#654,#655,#663));
#646 = ORIENTED_EDGE('',*,*,#647,.F.);
#647 = EDGE_CURVE('',#608,#648,#650,.T.);
#648 = VERTEX_POINT('',#649);
#649 = CARTESIAN_POINT('',(316.5,-316.5,940.));
#650 = LINE('',#651,#652);
#651 = CARTESIAN_POINT('',(-316.5,-316.5,940.));
#652 = VECTOR('',#653,1.);
#653 = DIRECTION('',(1.,0.,0.));
#654 = ORIENTED_EDGE('',*,*,#607,.T.);
#655 = ORIENTED_EDGE('',*,*,#656,.T.);
#656 = EDGE_CURVE('',#610,#657,#659,.T.);
#657 = VERTEX_POINT('',#658);
#658 = CARTESIAN_POINT('',(316.5,-316.5,945.));
#659 = LINE('',#660,#661);
#660 = CARTESIAN_POINT('',(-316.5,-316.5,945.));
#661 = VECTOR('',#662,1.);
#662 = DIRECTION('',(1.,0.,0.));
#663 = ORIENTED_EDGE('',*,*,#664,.F.);
#664 = EDGE_CURVE('',#648,#657,#665,.T.);
#665 = LINE('',#666,#667);
#666 = CARTESIAN_POINT('',(316.5,-316.5,940.));
#667 = VECTOR('',#668,1.);
#668 = DIRECTION('',(0.,0.,1.));
#669 = PLANE('',#670);
#670 = AXIS2_PLACEMENT_3D('',#671,#672,#673);
#671 = CARTESIAN_POINT('',(-316.5,-316.5,940.));
#672 = DIRECTION('',(0.,1.,0.));
#673 = DIRECTION('',(0.,0.,1.));
#674 = ADVANCED_FACE('',(#675,#693),#727,.T.);
#675 = FACE_BOUND('',#676,.T.);
#676 = EDGE_LOOP('',(#677,#678,#679,#687));
#677 = ORIENTED_EDGE('',*,*,#633,.F.);
#678 = ORIENTED_EDGE('',*,*,#656,.T.);
#679 = ORIENTED_EDGE('',*,*,#680,.T.);
#680 = EDGE_CURVE('',#657,#681,#683,.T.);
#681 = VERTEX_POINT('',#682);
#682 = CARTESIAN_POINT('',(316.5,316.5,945.));
#683 = LINE('',#684,#685);
#684 = CARTESIAN_POINT('',(316.5,-316.5,945.));
#685 = VECTOR('',#686,1.);
#686 = DIRECTION('',(0.,1.,0.));
#687 = ORIENTED_EDGE('',*,*,#688,.F.);
#688 = EDGE_CURVE('',#626,#681,#689,.T.);
#689 = LINE('',#690,#691);
#690 = CARTESIAN_POINT('',(-316.5,316.5,945.));
#691 = VECTOR('',#692,1.);
#692 = DIRECTION('',(1.,0.,0.));
#693 = FACE_BOUND('',#694,.T.);
#694 = EDGE_LOOP('',(#695,#705,#713,#721));
#695 = ORIENTED_EDGE('',*,*,#696,.F.);
#696 = EDGE_CURVE('',#697,#699,#701,.T.);
#697 = VERTEX_POINT('',#698);
#698 = CARTESIAN_POINT('',(-281.5,-281.5,945.));
#699 = VERTEX_POINT('',#700);
#700 = CARTESIAN_POINT('',(281.5,-281.5,945.));
#701 = LINE('',#702,#703);
#702 = CARTESIAN_POINT('',(-281.5,-281.5,945.));
#703 = VECTOR('',#704,1.);
#704 = DIRECTION('',(1.,0.,0.));
#705 = ORIENTED_EDGE('',*,*,#706,.T.);
#706 = EDGE_CURVE('',#697,#707,#709,.T.);
#707 = VERTEX_POINT('',#708);
#708 = CARTESIAN_POINT('',(-281.5,281.5,945.));
#709 = LINE('',#710,#711);
#710 = CARTESIAN_POINT('',(-281.5,-281.5,945.));
#711 = VECTOR('',#712,1.);
#712 = DIRECTION('',(0.,1.,0.));
#713 = ORIENTED_EDGE('',*,*,#714,.T.);
#714 = EDGE_CURVE('',#707,#715,#717,.T.);
#715 = VERTEX_POINT('',#716);
#716 = CARTESIAN_POINT('',(281.5,281.5,945.));
#717 = LINE('',#718,#719);
#718 = CARTESIAN_POINT('',(-281.5,281.5,945.));
#719 = VECTOR('',#720,1.);
#720 = DIRECTION('',(1.,0.,0.));
#721 = ORIENTED_EDGE('',*,*,#722,.F.);
#722 = EDGE_CURVE('',#699,#715,#723,.T.);
#723 = LINE('',#724,#725);
#724 = CARTESIAN_POINT('',(281.5,-281.5,945.));
#725 = VECTOR('',#726,1.);
#726 = DIRECTION('',(0.,1.,0.));
#727 = PLANE('',#728);
#728 = AXIS2_PLACEMENT_3D('',#729,#730,#731);
#729 = CARTESIAN_POINT('',(-316.5,-316.5,945.));
#730 = DIRECTION('',(0.,0.,1.));
#731 = DIRECTION('',(1.,0.,0.));
#732 = ADVANCED_FACE('',(#733),#751,.T.);
#733 = FACE_BOUND('',#734,.T.);
#734 = EDGE_LOOP('',(#735,#743,#744,#745));
#735 = ORIENTED_EDGE('',*,*,#736,.F.);
#736 = EDGE_CURVE('',#618,#737,#739,.T.);
#737 = VERTEX_POINT('',#738);
#738 = CARTESIAN_POINT('',(316.5,316.5,940.));
#739 = LINE('',#740,#741);
#740 = CARTESIAN_POINT('',(-316.5,316.5,940.));
#741 = VECTOR('',#742,1.);
#742 = DIRECTION('',(1.,0.,0.));
#743 = ORIENTED_EDGE('',*,*,#625,.T.);
#744 = ORIENTED_EDGE('',*,*,#688,.T.);
#745 = ORIENTED_EDGE('',*,*,#746,.F.);
#746 = EDGE_CURVE('',#737,#681,#747,.T.);
#747 = LINE('',#748,#749);
#748 = CARTESIAN_POINT('',(316.5,316.5,940.));
#749 = VECTOR('',#750,1.);
#750 = DIRECTION('',(0.,0.,1.));
#751 = PLANE('',#752);
#752 = AXIS2_PLACEMENT_3D('',#753,#754,#755);
#753 = CARTESIAN_POINT('',(-316.5,316.5,940.));
#754 = DIRECTION('',(0.,1.,0.));
#755 = DIRECTION('',(0.,0.,1.));
#756 = ADVANCED_FACE('',(#757,#768),#802,.F.);
#757 = FACE_BOUND('',#758,.F.);
#758 = EDGE_LOOP('',(#759,#760,#761,#767));
#759 = ORIENTED_EDGE('',*,*,#617,.F.);
#760 = ORIENTED_EDGE('',*,*,#647,.T.);
#761 = ORIENTED_EDGE('',*,*,#762,.T.);
#762 = EDGE_CURVE('',#648,#737,#763,.T.);
#763 = LINE('',#764,#765);
#764 = CARTESIAN_POINT('',(316.5,-316.5,940.));
#765 = VECTOR('',#766,1.);
#766 = DIRECTION('',(0.,1.,0.));
#767 = ORIENTED_EDGE('',*,*,#736,.F.);
#768 = FACE_BOUND('',#769,.F.);
#769 = EDGE_LOOP('',(#770,#780,#788,#796));
#770 = ORIENTED_EDGE('',*,*,#771,.F.);
#771 = EDGE_CURVE('',#772,#774,#776,.T.);
#772 = VERTEX_POINT('',#773);
#773 = CARTESIAN_POINT('',(-281.5,-281.5,940.));
#774 = VERTEX_POINT('',#775);
#775 = CARTESIAN_POINT('',(281.5,-281.5,940.));
#776 = LINE('',#777,#778);
#777 = CARTESIAN_POINT('',(-281.5,-281.5,940.));
#778 = VECTOR('',#779,1.);
#779 = DIRECTION('',(1.,0.,0.));
#780 = ORIENTED_EDGE('',*,*,#781,.T.);
#781 = EDGE_CURVE('',#772,#782,#784,.T.);
#782 = VERTEX_POINT('',#783);
#783 = CARTESIAN_POINT('',(-281.5,281.5,940.));
#784 = LINE('',#785,#786);
#785 = CARTESIAN_POINT('',(-281.5,-281.5,940.));
#786 = VECTOR('',#787,1.);
#787 = DIRECTION('',(0.,1.,0.));
#788 = ORIENTED_EDGE('',*,*,#789,.T.);
#789 = EDGE_CURVE('',#782,#790,#792,.T.);
#790 = VERTEX_POINT('',#791);
#791 = CARTESIAN_POINT('',(281.5,281.5,940.));
#792 = LINE('',#793,#794);
#793 = CARTESIAN_POINT('',(-281.5,281.5,940.));
#794 = VECTOR('',#795,1.);
#795 = DIRECTION('',(1.,0.,0.));
#796 = ORIENTED_EDGE('',*,*,#797,.F.);
#797 = EDGE_CURVE('',#774,#790,#798,.T.);
#798 = LINE('',#799,#800);
#799 = CARTESIAN_POINT('',(281.5,-281.5,940.));
#800 = VECTOR('',#801,1.);
#801 = DIRECTION('',(0.,1.,0.));
#802 = PLANE('',#803);
#803 = AXIS2_PLACEMENT_3D('',#804,#805,#806);
#804 = CARTESIAN_POINT('',(-316.5,-316.5,940.));
#805 = DIRECTION('',(0.,0.,1.));
#806 = DIRECTION('',(1.,0.,0.));
#807 = ADVANCED_FACE('',(#808),#814,.T.);
#808 = FACE_BOUND('',#809,.T.);
#809 = EDGE_LOOP('',(#810,#811,#812,#813));
#810 = ORIENTED_EDGE('',*,*,#664,.F.);
#811 = ORIENTED_EDGE('',*,*,#762,.T.);
#812 = ORIENTED_EDGE('',*,*,#746,.T.);
#813 = ORIENTED_EDGE('',*,*,#680,.F.);
#814 = PLANE('',#815);
#815 = AXIS2_PLACEMENT_3D('',#816,#817,#818);
#816 = CARTESIAN_POINT('',(316.5,-316.5,940.));
#817 = DIRECTION('',(1.,0.,0.));
#818 = DIRECTION('',(0.,0.,1.));
#819 = ADVANCED_FACE('',(#820),#836,.T.);
#820 = FACE_BOUND('',#821,.T.);
#821 = EDGE_LOOP('',(#822,#823,#829,#830));
#822 = ORIENTED_EDGE('',*,*,#771,.F.);
#823 = ORIENTED_EDGE('',*,*,#824,.T.);
#824 = EDGE_CURVE('',#772,#697,#825,.T.);
#825 = LINE('',#826,#827);
#826 = CARTESIAN_POINT('',(-281.5,-281.5,940.));
#827 = VECTOR('',#828,1.);
#828 = DIRECTION('',(0.,0.,1.));
#829 = ORIENTED_EDGE('',*,*,#696,.T.);
#830 = ORIENTED_EDGE('',*,*,#831,.F.);
#831 = EDGE_CURVE('',#774,#699,#832,.T.);
#832 = LINE('',#833,#834);
#833 = CARTESIAN_POINT('',(281.5,-281.5,940.));
#834 = VECTOR('',#835,1.);
#835 = DIRECTION('',(0.,0.,1.));
#836 = PLANE('',#837);
#837 = AXIS2_PLACEMENT_3D('',#838,#839,#840);
#838 = CARTESIAN_POINT('',(-281.5,-281.5,940.));
#839 = DIRECTION('',(0.,1.,0.));
#840 = DIRECTION('',(0.,0.,1.));
#841 = ADVANCED_FACE('',(#842),#853,.F.);
#842 = FACE_BOUND('',#843,.F.);
#843 = EDGE_LOOP('',(#844,#845,#846,#852));
#844 = ORIENTED_EDGE('',*,*,#831,.F.);
#845 = ORIENTED_EDGE('',*,*,#797,.T.);
#846 = ORIENTED_EDGE('',*,*,#847,.T.);
#847 = EDGE_CURVE('',#790,#715,#848,.T.);
#848 = LINE('',#849,#850);
#849 = CARTESIAN_POINT('',(281.5,281.5,940.));
#850 = VECTOR('',#851,1.);
#851 = DIRECTION('',(0.,0.,1.));
#852 = ORIENTED_EDGE('',*,*,#722,.F.);
#853 = PLANE('',#854);
#854 = AXIS2_PLACEMENT_3D('',#855,#856,#857);
#855 = CARTESIAN_POINT('',(281.5,-281.5,940.));
#856 = DIRECTION('',(1.,0.,0.));
#857 = DIRECTION('',(0.,0.,1.));
#858 = ADVANCED_FACE('',(#859),#870,.F.);
#859 = FACE_BOUND('',#860,.F.);
#860 = EDGE_LOOP('',(#861,#862,#868,#869));
#861 = ORIENTED_EDGE('',*,*,#789,.F.);
#862 = ORIENTED_EDGE('',*,*,#863,.T.);
#863 = EDGE_CURVE('',#782,#707,#864,.T.);
#864 = LINE('',#865,#866);
#865 = CARTESIAN_POINT('',(-281.5,281.5,940.));
#866 = VECTOR('',#867,1.);
#867 = DIRECTION('',(0.,0.,1.));
#868 = ORIENTED_EDGE('',*,*,#714,.T.);
#869 = ORIENTED_EDGE('',*,*,#847,.F.);
#870 = PLANE('',#871);
#871 = AXIS2_PLACEMENT_3D('',#872,#873,#874);
#872 = CARTESIAN_POINT('',(-281.5,281.5,940.));
#873 = DIRECTION('',(0.,1.,0.));
#874 = DIRECTION('',(0.,0.,1.));
#875 = ADVANCED_FACE('',(#876),#882,.T.);
#876 = FACE_BOUND('',#877,.T.);
#877 = EDGE_LOOP('',(#878,#879,#880,#881));
#878 = ORIENTED_EDGE('',*,*,#824,.F.);
#879 = ORIENTED_EDGE('',*,*,#781,.T.);
#880 = ORIENTED_EDGE('',*,*,#863,.T.);
#881 = ORIENTED_EDGE('',*,*,#706,.F.);
#882 = PLANE('',#883);
#883 = AXIS2_PLACEMENT_3D('',#884,#885,#886);
#884 = CARTESIAN_POINT('',(-281.5,-281.5,940.));
#885 = DIRECTION('',(1.,0.,0.));
#886 = DIRECTION('',(0.,0.,1.));
#887 = MANIFOLD_SOLID_BREP('',#888);
#888 = CLOSED_SHELL('',(#889,#929,#969,#991,#1013,#1025));
#889 = ADVANCED_FACE('',(#890),#924,.F.);
#890 = FACE_BOUND('',#891,.F.);
#891 = EDGE_LOOP('',(#892,#902,#910,#918));
#892 = ORIENTED_EDGE('',*,*,#893,.F.);
#893 = EDGE_CURVE('',#894,#896,#898,.T.);
#894 = VERTEX_POINT('',#895);
#895 = CARTESIAN_POINT('',(-216.,-186.5,1.19E+03));
#896 = VERTEX_POINT('',#897);
#897 = CARTESIAN_POINT('',(-216.,-186.5,2.015E+03));
#898 = LINE('',#899,#900);
#899 = CARTESIAN_POINT('',(-216.,-186.5,1.19E+03));
#900 = VECTOR('',#901,1.);
#901 = DIRECTION('',(0.,0.,1.));
#902 = ORIENTED_EDGE('',*,*,#903,.T.);
#903 = EDGE_CURVE('',#894,#904,#906,.T.);
#904 = VERTEX_POINT('',#905);
#905 = CARTESIAN_POINT('',(-216.,186.5,1.19E+03));
#906 = LINE('',#907,#908);
#907 = CARTESIAN_POINT('',(-216.,-186.5,1.19E+03));
#908 = VECTOR('',#909,1.);
#909 = DIRECTION('',(0.,1.,0.));
#910 = ORIENTED_EDGE('',*,*,#911,.T.);
#911 = EDGE_CURVE('',#904,#912,#914,.T.);
#912 = VERTEX_POINT('',#913);
#913 = CARTESIAN_POINT('',(-216.,186.5,2.015E+03));
#914 = LINE('',#915,#916);
#915 = CARTESIAN_POINT('',(-216.,186.5,1.19E+03));
#916 = VECTOR('',#917,1.);
#917 = DIRECTION('',(0.,0.,1.));
#918 = ORIENTED_EDGE('',*,*,#919,.F.);
#919 = EDGE_CURVE('',#896,#912,#920,.T.);
#920 = LINE('',#921,#922);
#921 = CARTESIAN_POINT('',(-216.,-186.5,2.015E+03));
#922 = VECTOR('',#923,1.);
#923 = DIRECTION('',(0.,1.,0.));
#924 = PLANE('',#925);
#925 = AXIS2_PLACEMENT_3D('',#926,#927,#928);
#926 = CARTESIAN_POINT('',(-216.,-186.5,1.19E+03));
#927 = DIRECTION('',(1.,0.,0.));
#928 = DIRECTION('',(0.,0.,1.));
#929 = ADVANCED_FACE('',(#930),#964,.T.);
#930 = FACE_BOUND('',#931,.T.);
#931 = EDGE_LOOP('',(#932,#942,#950,#958));
#932 = ORIENTED_EDGE('',*,*,#933,.F.);
#933 = EDGE_CURVE('',#934,#936,#938,.T.);
#934 = VERTEX_POINT('',#935);
#935 = CARTESIAN_POINT('',(216.,-186.5,1.19E+03));
#936 = VERTEX_POINT('',#937);
#937 = CARTESIAN_POINT('',(216.,-186.5,2.015E+03));
#938 = LINE('',#939,#940);
#939 = CARTESIAN_POINT('',(216.,-186.5,1.19E+03));
#940 = VECTOR('',#941,1.);
#941 = DIRECTION('',(0.,0.,1.));
#942 = ORIENTED_EDGE('',*,*,#943,.T.);
#943 = EDGE_CURVE('',#934,#944,#946,.T.);
#944 = VERTEX_POINT('',#945);
#945 = CARTESIAN_POINT('',(216.,186.5,1.19E+03));
#946 = LINE('',#947,#948);
#947 = CARTESIAN_POINT('',(216.,-186.5,1.19E+03));
#948 = VECTOR('',#949,1.);
#949 = DIRECTION('',(0.,1.,0.));
#950 = ORIENTED_EDGE('',*,*,#951,.T.);
#951 = EDGE_CURVE('',#944,#952,#954,.T.);
#952 = VERTEX_POINT('',#953);
#953 = CARTESIAN_POINT('',(216.,186.5,2.015E+03));
#954 = LINE('',#955,#956);
#955 = CARTESIAN_POINT('',(216.,186.5,1.19E+03));
#956 = VECTOR('',#957,1.);
#957 = DIRECTION('',(0.,0.,1.));
#958 = ORIENTED_EDGE('',*,*,#959,.F.);
#959 = EDGE_CURVE('',#936,#952,#960,.T.);
#960 = LINE('',#961,#962);
#961 = CARTESIAN_POINT('',(216.,-186.5,2.015E+03));
#962 = VECTOR('',#963,1.);
#963 = DIRECTION('',(0.,1.,0.));
#964 = PLANE('',#965);
#965 = AXIS2_PLACEMENT_3D('',#966,#967,#968);
#966 = CARTESIAN_POINT('',(216.,-186.5,1.19E+03));
#967 = DIRECTION('',(1.,0.,0.));
#968 = DIRECTION('',(0.,0.,1.));
#969 = ADVANCED_FACE('',(#970),#986,.F.);
#970 = FACE_BOUND('',#971,.F.);
#971 = EDGE_LOOP('',(#972,#978,#979,#985));
#972 = ORIENTED_EDGE('',*,*,#973,.F.);
#973 = EDGE_CURVE('',#894,#934,#974,.T.);
#974 = LINE('',#975,#976);
#975 = CARTESIAN_POINT('',(-216.,-186.5,1.19E+03));
#976 = VECTOR('',#977,1.);
#977 = DIRECTION('',(1.,0.,0.));
#978 = ORIENTED_EDGE('',*,*,#893,.T.);
#979 = ORIENTED_EDGE('',*,*,#980,.T.);
#980 = EDGE_CURVE('',#896,#936,#981,.T.);
#981 = LINE('',#982,#983);
#982 = CARTESIAN_POINT('',(-216.,-186.5,2.015E+03));
#983 = VECTOR('',#984,1.);
#984 = DIRECTION('',(1.,0.,0.));
#985 = ORIENTED_EDGE('',*,*,#933,.F.);
#986 = PLANE('',#987);
#987 = AXIS2_PLACEMENT_3D('',#988,#989,#990);
#988 = CARTESIAN_POINT('',(-216.,-186.5,1.19E+03));
#989 = DIRECTION('',(0.,1.,0.));
#990 = DIRECTION('',(0.,0.,1.));
#991 = ADVANCED_FACE('',(#992),#1008,.T.);
#992 = FACE_BOUND('',#993,.T.);
#993 = EDGE_LOOP('',(#994,#1000,#1001,#1007));
#994 = ORIENTED_EDGE('',*,*,#995,.F.);
#995 = EDGE_CURVE('',#904,#944,#996,.T.);
#996 = LINE('',#997,#998);
#997 = CARTESIAN_POINT('',(-216.,186.5,1.19E+03));
#998 = VECTOR('',#999,1.);
#999 = DIRECTION('',(1.,0.,0.));
#1000 = ORIENTED_EDGE('',*,*,#911,.T.);
#1001 = ORIENTED_EDGE('',*,*,#1002,.T.);
#1002 = EDGE_CURVE('',#912,#952,#1003,.T.);
#1003 = LINE('',#1004,#1005);
#1004 = CARTESIAN_POINT('',(-216.,186.5,2.015E+03));
#1005 = VECTOR('',#1006,1.);
#1006 = DIRECTION('',(1.,0.,0.));
#1007 = ORIENTED_EDGE('',*,*,#951,.F.);
#1008 = PLANE('',#1009);
#1009 = AXIS2_PLACEMENT_3D('',#1010,#1011,#1012);
#1010 = CARTESIAN_POINT('',(-216.,186.5,1.19E+03));
#1011 = DIRECTION('',(0.,1.,0.));
#1012 = DIRECTION('',(0.,0.,1.));
#1013 = ADVANCED_FACE('',(#1014),#1020,.F.);
#1014 = FACE_BOUND('',#1015,.F.);
#1015 = EDGE_LOOP('',(#1016,#1017,#1018,#1019));
#1016 = ORIENTED_EDGE('',*,*,#903,.F.);
#1017 = ORIENTED_EDGE('',*,*,#973,.T.);
#1018 = ORIENTED_EDGE('',*,*,#943,.T.);
#1019 = ORIENTED_EDGE('',*,*,#995,.F.);
#1020 = PLANE('',#1021);
#1021 = AXIS2_PLACEMENT_3D('',#1022,#1023,#1024);
#1022 = CARTESIAN_POINT('',(-216.,-186.5,1.19E+03));
#1023 = DIRECTION('',(0.,0.,1.));
#1024 = DIRECTION('',(1.,0.,0.));
#1025 = ADVANCED_FACE('',(#1026),#1032,.T.);
#1026 = FACE_BOUND('',#1027,.T.);
#1027 = EDGE_LOOP('',(#1028,#1029,#1030,#1031));
#1028 = ORIENTED_EDGE('',*,*,#919,.F.);
#1029 = ORIENTED_EDGE('',*,*,#980,.T.);
#1030 = ORIENTED_EDGE('',*,*,#959,.T.);
#1031 = ORIENTED_EDGE('',*,*,#1002,.F.);
#1032 = PLANE('',#1033);
#1033 = AXIS2_PLACEMENT_3D('',#1034,#1035,#1036);
#1034 = CARTESIAN_POINT('',(-216.,-186.5,2.015E+03));
#1035 = DIRECTION('',(0.,0.,1.));
#1036 = DIRECTION('',(1.,0.,0.));
#1037 = MANIFOLD_SOLID_BREP('',#1038);
#1038 = CLOSED_SHELL('',(#1039,#1094,#1175,#1211,#1293,#1325,#1357,#1381
    ,#1417,#1449,#1477,#1505));
#1039 = ADVANCED_FACE('',(#1040),#1073,.T.);
#1040 = FACE_BOUND('',#1041,.T.);
#1041 = EDGE_LOOP('',(#1042,#1052,#1059,#1068));
#1042 = ORIENTED_EDGE('',*,*,#1043,.T.);
#1043 = EDGE_CURVE('',#1044,#1046,#1048,.T.);
#1044 = VERTEX_POINT('',#1045);
#1045 = CARTESIAN_POINT('',(-283.5,-283.5,965.));
#1046 = VERTEX_POINT('',#1047);
#1047 = CARTESIAN_POINT('',(283.5,-283.5,965.));
#1048 = LINE('',#1049,#1050);
#1049 = CARTESIAN_POINT('',(-283.5,-283.5,965.));
#1050 = VECTOR('',#1051,1.);
#1051 = DIRECTION('',(1.,0.,0.));
#1052 = ORIENTED_EDGE('',*,*,#1053,.T.);
#1053 = EDGE_CURVE('',#1046,#1054,#1056,.T.);
#1054 = VERTEX_POINT('',#1055);
#1055 = CARTESIAN_POINT('',(112.78353159925,-112.7835315992,1.18E+03));
#1056 = B_SPLINE_CURVE_WITH_KNOTS('',1,(#1057,#1058),.UNSPECIFIED.,.F.,
  .F.,(2,2),(0.,1.),.PIECEWISE_BEZIER_KNOTS.);
#1057 = CARTESIAN_POINT('',(283.5,-283.5,965.));
#1058 = CARTESIAN_POINT('',(112.78353159925,-112.7835315992,1.18E+03));
#1059 = ORIENTED_EDGE('',*,*,#1060,.F.);
#1060 = EDGE_CURVE('',#1061,#1054,#1063,.T.);
#1061 = VERTEX_POINT('',#1062);
#1062 = CARTESIAN_POINT('',(-112.7835315992,-112.7835315992,1.18E+03));
#1063 = CIRCLE('',#1064,159.5);
#1064 = AXIS2_PLACEMENT_3D('',#1065,#1066,#1067);
#1065 = CARTESIAN_POINT('',(0.,0.,1.18E+03));
#1066 = DIRECTION('',(0.,0.,1.));
#1067 = DIRECTION('',(1.,0.,0.));
#1068 = ORIENTED_EDGE('',*,*,#1069,.F.);
#1069 = EDGE_CURVE('',#1044,#1061,#1070,.T.);
#1070 = B_SPLINE_CURVE_WITH_KNOTS('',1,(#1071,#1072),.UNSPECIFIED.,.F.,
  .F.,(2,2),(0.,1.),.PIECEWISE_BEZIER_KNOTS.);
#1071 = CARTESIAN_POINT('',(-283.5,-283.5,965.));
#1072 = CARTESIAN_POINT('',(-112.7835315992,-112.7835315992,1.18E+03));
#1073 = B_SPLINE_SURFACE_WITH_KNOTS('',9,1,(
    (#1074,#1075)
    ,(#1076,#1077)
    ,(#1078,#1079)
    ,(#1080,#1081)
    ,(#1082,#1083)
    ,(#1084,#1085)
    ,(#1086,#1087)
    ,(#1088,#1089)
    ,(#1090,#1091)
    ,(#1092,#1093
    )),.UNSPECIFIED.,.F.,.F.,.F.,(10,10),(2,2),(0.,567.),(0.,1.),
  .PIECEWISE_BEZIER_KNOTS.);
#1074 = CARTESIAN_POINT('',(-283.5,-283.5,965.));
#1075 = CARTESIAN_POINT('',(-112.7835315992,-112.7835315992,1.18E+03));
#1076 = CARTESIAN_POINT('',(-220.5,-283.5,965.));
#1077 = CARTESIAN_POINT('',(-93.09909191491,-132.4679712835,1.18E+03));
#1078 = CARTESIAN_POINT('',(-157.5,-283.5,965.));
#1079 = CARTESIAN_POINT('',(-69.54962156705,-148.2873808685,1.18E+03));
#1080 = CARTESIAN_POINT('',(-94.5,-283.5,965.));
#1081 = CARTESIAN_POINT('',(-43.0024310978,-159.374444404,1.18E+03));
#1082 = CARTESIAN_POINT('',(-31.5,-283.5,965.));
#1083 = CARTESIAN_POINT('',(-14.5518945476,-165.0889339886,1.18E+03));
#1084 = CARTESIAN_POINT('',(31.5,-283.5,965.));
#1085 = CARTESIAN_POINT('',(14.551894547604,-165.0889339887,1.18E+03));
#1086 = CARTESIAN_POINT('',(94.5,-283.5,965.));
#1087 = CARTESIAN_POINT('',(43.002431097806,-159.374444404,1.18E+03));
#1088 = CARTESIAN_POINT('',(157.5,-283.5,965.));
#1089 = CARTESIAN_POINT('',(69.549621567054,-148.2873808685,1.18E+03));
#1090 = CARTESIAN_POINT('',(220.5,-283.5,965.));
#1091 = CARTESIAN_POINT('',(93.099091914914,-132.4679712835,1.18E+03));
#1092 = CARTESIAN_POINT('',(283.5,-283.5,965.));
#1093 = CARTESIAN_POINT('',(112.78353159925,-112.7835315992,1.18E+03));
#1094 = ADVANCED_FACE('',(#1095,#1128),#1170,.T.);
#1095 = FACE_BOUND('',#1096,.T.);
#1096 = EDGE_LOOP('',(#1097,#1098,#1106,#1114,#1122));
#1097 = ORIENTED_EDGE('',*,*,#1043,.F.);
#1098 = ORIENTED_EDGE('',*,*,#1099,.F.);
#1099 = EDGE_CURVE('',#1100,#1044,#1102,.T.);
#1100 = VERTEX_POINT('',#1101);
#1101 = CARTESIAN_POINT('',(-283.5,283.5,965.));
#1102 = LINE('',#1103,#1104);
#1103 = CARTESIAN_POINT('',(-283.5,283.5,965.));
#1104 = VECTOR('',#1105,1.);
#1105 = DIRECTION('',(0.,-1.,0.));
#1106 = ORIENTED_EDGE('',*,*,#1107,.F.);
#1107 = EDGE_CURVE('',#1108,#1100,#1110,.T.);
#1108 = VERTEX_POINT('',#1109);
#1109 = CARTESIAN_POINT('',(283.5,283.5,965.));
#1110 = LINE('',#1111,#1112);
#1111 = CARTESIAN_POINT('',(283.5,283.5,965.));
#1112 = VECTOR('',#1113,1.);
#1113 = DIRECTION('',(-1.,0.,0.));
#1114 = ORIENTED_EDGE('',*,*,#1115,.F.);
#1115 = EDGE_CURVE('',#1116,#1108,#1118,.T.);
#1116 = VERTEX_POINT('',#1117);
#1117 = CARTESIAN_POINT('',(283.5,0.,965.));
#1118 = LINE('',#1119,#1120);
#1119 = CARTESIAN_POINT('',(283.5,-283.5,965.));
#1120 = VECTOR('',#1121,1.);
#1121 = DIRECTION('',(0.,1.,0.));
#1122 = ORIENTED_EDGE('',*,*,#1123,.F.);
#1123 = EDGE_CURVE('',#1046,#1116,#1124,.T.);
#1124 = LINE('',#1125,#1126);
#1125 = CARTESIAN_POINT('',(283.5,-283.5,965.));
#1126 = VECTOR('',#1127,1.);
#1127 = DIRECTION('',(0.,1.,0.));
#1128 = FACE_BOUND('',#1129,.T.);
#1129 = EDGE_LOOP('',(#1130,#1140,#1148,#1156,#1164));
#1130 = ORIENTED_EDGE('',*,*,#1131,.T.);
#1131 = EDGE_CURVE('',#1132,#1134,#1136,.T.);
#1132 = VERTEX_POINT('',#1133);
#1133 = CARTESIAN_POINT('',(-281.5,281.5,965.));
#1134 = VERTEX_POINT('',#1135);
#1135 = CARTESIAN_POINT('',(-281.5,-281.5,965.));
#1136 = LINE('',#1137,#1138);
#1137 = CARTESIAN_POINT('',(-281.5,281.5,965.));
#1138 = VECTOR('',#1139,1.);
#1139 = DIRECTION('',(0.,-1.,0.));
#1140 = ORIENTED_EDGE('',*,*,#1141,.T.);
#1141 = EDGE_CURVE('',#1134,#1142,#1144,.T.);
#1142 = VERTEX_POINT('',#1143);
#1143 = CARTESIAN_POINT('',(281.5,-281.5,965.));
#1144 = LINE('',#1145,#1146);
#1145 = CARTESIAN_POINT('',(-281.5,-281.5,965.));
#1146 = VECTOR('',#1147,1.);
#1147 = DIRECTION('',(1.,0.,0.));
#1148 = ORIENTED_EDGE('',*,*,#1149,.T.);
#1149 = EDGE_CURVE('',#1142,#1150,#1152,.T.);
#1150 = VERTEX_POINT('',#1151);
#1151 = CARTESIAN_POINT('',(281.5,0.,965.));
#1152 = LINE('',#1153,#1154);
#1153 = CARTESIAN_POINT('',(281.5,-281.5,965.));
#1154 = VECTOR('',#1155,1.);
#1155 = DIRECTION('',(0.,1.,0.));
#1156 = ORIENTED_EDGE('',*,*,#1157,.T.);
#1157 = EDGE_CURVE('',#1150,#1158,#1160,.T.);
#1158 = VERTEX_POINT('',#1159);
#1159 = CARTESIAN_POINT('',(281.5,281.5,965.));
#1160 = LINE('',#1161,#1162);
#1161 = CARTESIAN_POINT('',(281.5,-281.5,965.));
#1162 = VECTOR('',#1163,1.);
#1163 = DIRECTION('',(0.,1.,0.));
#1164 = ORIENTED_EDGE('',*,*,#1165,.T.);
#1165 = EDGE_CURVE('',#1158,#1132,#1166,.T.);
#1166 = LINE('',#1167,#1168);
#1167 = CARTESIAN_POINT('',(281.5,281.5,965.));
#1168 = VECTOR('',#1169,1.);
#1169 = DIRECTION('',(-1.,0.,0.));
#1170 = PLANE('',#1171);
#1171 = AXIS2_PLACEMENT_3D('',#1172,#1173,#1174);
#1172 = CARTESIAN_POINT('',(-283.5,-283.5,965.));
#1173 = DIRECTION('',(0.,0.,-1.));
#1174 = DIRECTION('',(0.707106781187,0.707106781187,0.));
#1175 = ADVANCED_FACE('',(#1176),#1194,.T.);
#1176 = FACE_BOUND('',#1177,.T.);
#1177 = EDGE_LOOP('',(#1178,#1179,#1186,#1193));
#1178 = ORIENTED_EDGE('',*,*,#1123,.T.);
#1179 = ORIENTED_EDGE('',*,*,#1180,.T.);
#1180 = EDGE_CURVE('',#1116,#1181,#1183,.T.);
#1181 = VERTEX_POINT('',#1182);
#1182 = CARTESIAN_POINT('',(159.5,0.,1.18E+03));
#1183 = B_SPLINE_CURVE_WITH_KNOTS('',1,(#1184,#1185),.UNSPECIFIED.,.F.,
  .F.,(2,2),(0.,1.),.PIECEWISE_BEZIER_KNOTS.);
#1184 = CARTESIAN_POINT('',(283.5,0.,965.));
#1185 = CARTESIAN_POINT('',(159.5,-3.553E-14,1.18E+03));
#1186 = ORIENTED_EDGE('',*,*,#1187,.F.);
#1187 = EDGE_CURVE('',#1054,#1181,#1188,.T.);
#1188 = CIRCLE('',#1189,159.5);
#1189 = AXIS2_PLACEMENT_3D('',#1190,#1191,#1192);
#1190 = CARTESIAN_POINT('',(0.,0.,1.18E+03));
#1191 = DIRECTION('',(0.,0.,1.));
#1192 = DIRECTION('',(1.,0.,0.));
#1193 = ORIENTED_EDGE('',*,*,#1053,.F.);
#1194 = B_SPLINE_SURFACE_WITH_KNOTS('',7,1,(
    (#1195,#1196)
    ,(#1197,#1198)
    ,(#1199,#1200)
    ,(#1201,#1202)
    ,(#1203,#1204)
    ,(#1205,#1206)
    ,(#1207,#1208)
    ,(#1209,#1210
    )),.UNSPECIFIED.,.F.,.F.,.F.,(8,8),(2,2),(0.,283.5),(0.,1.),
  .PIECEWISE_BEZIER_KNOTS.);
#1195 = CARTESIAN_POINT('',(283.5,-283.5,965.));
#1196 = CARTESIAN_POINT('',(112.78353159925,-112.7835315992,1.18E+03));
#1197 = CARTESIAN_POINT('',(283.5,-243.,965.));
#1198 = CARTESIAN_POINT('',(125.43781425347,-100.129248945,1.18E+03));
#1199 = CARTESIAN_POINT('',(283.5,-202.5,965.));
#1200 = CARTESIAN_POINT('',(136.43565423148,-85.81852413355,1.18E+03));
#1201 = CARTESIAN_POINT('',(283.5,-162.,965.));
#1202 = CARTESIAN_POINT('',(145.51686531228,-70.1115536992,1.18E+03));
#1203 = CARTESIAN_POINT('',(283.5,-121.5,965.));
#1204 = CARTESIAN_POINT('',(152.47231729956,-53.31960717909,1.18E+03));
#1205 = CARTESIAN_POINT('',(283.5,-81.,965.));
#1206 = CARTESIAN_POINT('',(157.15743666896,-35.79171593644,1.18E+03));
#1207 = CARTESIAN_POINT('',(283.5,-40.5,965.));
#1208 = CARTESIAN_POINT('',(159.5,-17.89585815169,1.18E+03));
#1209 = CARTESIAN_POINT('',(283.5,0.,965.));
#1210 = CARTESIAN_POINT('',(159.5,-3.553E-14,1.18E+03));
#1211 = ADVANCED_FACE('',(#1212,#1241),#1288,.T.);
#1212 = FACE_BOUND('',#1213,.T.);
#1213 = EDGE_LOOP('',(#1214,#1215,#1216,#1225,#1234));
#1214 = ORIENTED_EDGE('',*,*,#1060,.T.);
#1215 = ORIENTED_EDGE('',*,*,#1187,.T.);
#1216 = ORIENTED_EDGE('',*,*,#1217,.T.);
#1217 = EDGE_CURVE('',#1181,#1218,#1220,.T.);
#1218 = VERTEX_POINT('',#1219);
#1219 = CARTESIAN_POINT('',(112.78353159925,112.78353159925,1.18E+03));
#1220 = CIRCLE('',#1221,159.5);
#1221 = AXIS2_PLACEMENT_3D('',#1222,#1223,#1224);
#1222 = CARTESIAN_POINT('',(0.,0.,1.18E+03));
#1223 = DIRECTION('',(0.,0.,1.));
#1224 = DIRECTION('',(1.,0.,0.));
#1225 = ORIENTED_EDGE('',*,*,#1226,.T.);
#1226 = EDGE_CURVE('',#1218,#1227,#1229,.T.);
#1227 = VERTEX_POINT('',#1228);
#1228 = CARTESIAN_POINT('',(-112.7835315992,112.78353159925,1.18E+03));
#1229 = CIRCLE('',#1230,159.5);
#1230 = AXIS2_PLACEMENT_3D('',#1231,#1232,#1233);
#1231 = CARTESIAN_POINT('',(0.,0.,1.18E+03));
#1232 = DIRECTION('',(0.,0.,1.));
#1233 = DIRECTION('',(1.,0.,0.));
#1234 = ORIENTED_EDGE('',*,*,#1235,.T.);
#1235 = EDGE_CURVE('',#1227,#1061,#1236,.T.);
#1236 = CIRCLE('',#1237,159.5);
#1237 = AXIS2_PLACEMENT_3D('',#1238,#1239,#1240);
#1238 = CARTESIAN_POINT('',(0.,0.,1.18E+03));
#1239 = DIRECTION('',(0.,0.,1.));
#1240 = DIRECTION('',(1.,0.,0.));
#1241 = FACE_BOUND('',#1242,.T.);
#1242 = EDGE_LOOP('',(#1243,#1254,#1263,#1272,#1281));
#1243 = ORIENTED_EDGE('',*,*,#1244,.F.);
#1244 = EDGE_CURVE('',#1245,#1247,#1249,.T.);
#1245 = VERTEX_POINT('',#1246);
#1246 = CARTESIAN_POINT('',(-111.3693180368,-111.3693180368,1.18E+03));
#1247 = VERTEX_POINT('',#1248);
#1248 = CARTESIAN_POINT('',(111.36931803688,-111.3693180368,1.18E+03));
#1249 = CIRCLE('',#1250,157.5);
#1250 = AXIS2_PLACEMENT_3D('',#1251,#1252,#1253);
#1251 = CARTESIAN_POINT('',(0.,0.,1.18E+03));
#1252 = DIRECTION('',(0.,0.,1.));
#1253 = DIRECTION('',(1.,0.,0.));
#1254 = ORIENTED_EDGE('',*,*,#1255,.F.);
#1255 = EDGE_CURVE('',#1256,#1245,#1258,.T.);
#1256 = VERTEX_POINT('',#1257);
#1257 = CARTESIAN_POINT('',(-111.3693180368,111.36931803688,1.18E+03));
#1258 = CIRCLE('',#1259,157.5);
#1259 = AXIS2_PLACEMENT_3D('',#1260,#1261,#1262);
#1260 = CARTESIAN_POINT('',(0.,0.,1.18E+03));
#1261 = DIRECTION('',(0.,0.,1.));
#1262 = DIRECTION('',(1.,0.,0.));
#1263 = ORIENTED_EDGE('',*,*,#1264,.F.);
#1264 = EDGE_CURVE('',#1265,#1256,#1267,.T.);
#1265 = VERTEX_POINT('',#1266);
#1266 = CARTESIAN_POINT('',(111.36931803688,111.36931803688,1.18E+03));
#1267 = CIRCLE('',#1268,157.5);
#1268 = AXIS2_PLACEMENT_3D('',#1269,#1270,#1271);
#1269 = CARTESIAN_POINT('',(0.,0.,1.18E+03));
#1270 = DIRECTION('',(0.,0.,1.));
#1271 = DIRECTION('',(1.,0.,0.));
#1272 = ORIENTED_EDGE('',*,*,#1273,.F.);
#1273 = EDGE_CURVE('',#1274,#1265,#1276,.T.);
#1274 = VERTEX_POINT('',#1275);
#1275 = CARTESIAN_POINT('',(157.5,0.,1.18E+03));
#1276 = CIRCLE('',#1277,157.5);
#1277 = AXIS2_PLACEMENT_3D('',#1278,#1279,#1280);
#1278 = CARTESIAN_POINT('',(0.,0.,1.18E+03));
#1279 = DIRECTION('',(0.,0.,1.));
#1280 = DIRECTION('',(1.,0.,0.));
#1281 = ORIENTED_EDGE('',*,*,#1282,.F.);
#1282 = EDGE_CURVE('',#1247,#1274,#1283,.T.);
#1283 = CIRCLE('',#1284,157.5);
#1284 = AXIS2_PLACEMENT_3D('',#1285,#1286,#1287);
#1285 = CARTESIAN_POINT('',(0.,0.,1.18E+03));
#1286 = DIRECTION('',(0.,0.,1.));
#1287 = DIRECTION('',(1.,0.,0.));
#1288 = PLANE('',#1289);
#1289 = AXIS2_PLACEMENT_3D('',#1290,#1291,#1292);
#1290 = CARTESIAN_POINT('',(0.,0.,1.18E+03));
#1291 = DIRECTION('',(0.,0.,1.));
#1292 = DIRECTION('',(1.,0.,0.));
#1293 = ADVANCED_FACE('',(#1294),#1304,.T.);
#1294 = FACE_BOUND('',#1295,.T.);
#1295 = EDGE_LOOP('',(#1296,#1297,#1298,#1299));
#1296 = ORIENTED_EDGE('',*,*,#1099,.T.);
#1297 = ORIENTED_EDGE('',*,*,#1069,.T.);
#1298 = ORIENTED_EDGE('',*,*,#1235,.F.);
#1299 = ORIENTED_EDGE('',*,*,#1300,.F.);
#1300 = EDGE_CURVE('',#1100,#1227,#1301,.T.);
#1301 = B_SPLINE_CURVE_WITH_KNOTS('',1,(#1302,#1303),.UNSPECIFIED.,.F.,
  .F.,(2,2),(0.,1.),.PIECEWISE_BEZIER_KNOTS.);
#1302 = CARTESIAN_POINT('',(-283.5,283.5,965.));
#1303 = CARTESIAN_POINT('',(-112.7835315992,112.78353159925,1.18E+03));
#1304 = B_SPLINE_SURFACE_WITH_KNOTS('',9,1,(
    (#1305,#1306)
    ,(#1307,#1308)
    ,(#1309,#1310)
    ,(#1311,#1312)
    ,(#1313,#1314)
    ,(#1315,#1316)
    ,(#1317,#1318)
    ,(#1319,#1320)
    ,(#1321,#1322)
    ,(#1323,#1324
    )),.UNSPECIFIED.,.F.,.F.,.F.,(10,10),(2,2),(0.,567.),(0.,1.),
  .PIECEWISE_BEZIER_KNOTS.);
#1305 = CARTESIAN_POINT('',(-283.5,283.5,965.));
#1306 = CARTESIAN_POINT('',(-112.7835315992,112.78353159925,1.18E+03));
#1307 = CARTESIAN_POINT('',(-283.5,220.5,965.));
#1308 = CARTESIAN_POINT('',(-132.4679712835,93.099091914912,1.18E+03));
#1309 = CARTESIAN_POINT('',(-283.5,157.5,965.));
#1310 = CARTESIAN_POINT('',(-148.2873808686,69.549621567059,1.18E+03));
#1311 = CARTESIAN_POINT('',(-283.5,94.5,965.));
#1312 = CARTESIAN_POINT('',(-159.3744444039,43.002431097797,1.18E+03));
#1313 = CARTESIAN_POINT('',(-283.5,31.5,965.));
#1314 = CARTESIAN_POINT('',(-165.0889339887,14.551894547615,1.18E+03));
#1315 = CARTESIAN_POINT('',(-283.5,-31.5,965.));
#1316 = CARTESIAN_POINT('',(-165.0889339886,-14.55189454761,1.18E+03));
#1317 = CARTESIAN_POINT('',(-283.5,-94.5,965.));
#1318 = CARTESIAN_POINT('',(-159.374444404,-43.00243109779,1.18E+03));
#1319 = CARTESIAN_POINT('',(-283.5,-157.5,965.));
#1320 = CARTESIAN_POINT('',(-148.2873808685,-69.54962156705,1.18E+03));
#1321 = CARTESIAN_POINT('',(-283.5,-220.5,965.));
#1322 = CARTESIAN_POINT('',(-132.4679712835,-93.09909191491,1.18E+03));
#1323 = CARTESIAN_POINT('',(-283.5,-283.5,965.));
#1324 = CARTESIAN_POINT('',(-112.7835315992,-112.7835315992,1.18E+03));
#1325 = ADVANCED_FACE('',(#1326),#1336,.T.);
#1326 = FACE_BOUND('',#1327,.T.);
#1327 = EDGE_LOOP('',(#1328,#1329,#1330,#1331));
#1328 = ORIENTED_EDGE('',*,*,#1107,.T.);
#1329 = ORIENTED_EDGE('',*,*,#1300,.T.);
#1330 = ORIENTED_EDGE('',*,*,#1226,.F.);
#1331 = ORIENTED_EDGE('',*,*,#1332,.F.);
#1332 = EDGE_CURVE('',#1108,#1218,#1333,.T.);
#1333 = B_SPLINE_CURVE_WITH_KNOTS('',1,(#1334,#1335),.UNSPECIFIED.,.F.,
  .F.,(2,2),(0.,1.),.PIECEWISE_BEZIER_KNOTS.);
#1334 = CARTESIAN_POINT('',(283.5,283.5,965.));
#1335 = CARTESIAN_POINT('',(112.78353159925,112.78353159925,1.18E+03));
#1336 = B_SPLINE_SURFACE_WITH_KNOTS('',9,1,(
    (#1337,#1338)
    ,(#1339,#1340)
    ,(#1341,#1342)
    ,(#1343,#1344)
    ,(#1345,#1346)
    ,(#1347,#1348)
    ,(#1349,#1350)
    ,(#1351,#1352)
    ,(#1353,#1354)
    ,(#1355,#1356
    )),.UNSPECIFIED.,.F.,.F.,.F.,(10,10),(2,2),(0.,567.),(0.,1.),
  .PIECEWISE_BEZIER_KNOTS.);
#1337 = CARTESIAN_POINT('',(283.5,283.5,965.));
#1338 = CARTESIAN_POINT('',(112.78353159925,112.78353159925,1.18E+03));
#1339 = CARTESIAN_POINT('',(220.5,283.5,965.));
#1340 = CARTESIAN_POINT('',(93.099091914913,132.46797128359,1.18E+03));
#1341 = CARTESIAN_POINT('',(157.5,283.5,965.));
#1342 = CARTESIAN_POINT('',(69.549621567058,148.28738086858,1.18E+03));
#1343 = CARTESIAN_POINT('',(94.5,283.5,965.));
#1344 = CARTESIAN_POINT('',(43.002431097801,159.37444440401,1.18E+03));
#1345 = CARTESIAN_POINT('',(31.5,283.5,965.));
#1346 = CARTESIAN_POINT('',(14.551894547608,165.08893398867,1.18E+03));
#1347 = CARTESIAN_POINT('',(-31.5,283.5,965.));
#1348 = CARTESIAN_POINT('',(-14.5518945476,165.0889339887,1.18E+03));
#1349 = CARTESIAN_POINT('',(-94.5,283.5,965.));
#1350 = CARTESIAN_POINT('',(-43.0024310978,159.37444440399,1.18E+03));
#1351 = CARTESIAN_POINT('',(-157.5,283.5,965.));
#1352 = CARTESIAN_POINT('',(-69.54962156705,148.28738086859,1.18E+03));
#1353 = CARTESIAN_POINT('',(-220.5,283.5,965.));
#1354 = CARTESIAN_POINT('',(-93.09909191491,132.46797128359,1.18E+03));
#1355 = CARTESIAN_POINT('',(-283.5,283.5,965.));
#1356 = CARTESIAN_POINT('',(-112.7835315992,112.78353159925,1.18E+03));
#1357 = ADVANCED_FACE('',(#1358),#1364,.T.);
#1358 = FACE_BOUND('',#1359,.T.);
#1359 = EDGE_LOOP('',(#1360,#1361,#1362,#1363));
#1360 = ORIENTED_EDGE('',*,*,#1115,.T.);
#1361 = ORIENTED_EDGE('',*,*,#1332,.T.);
#1362 = ORIENTED_EDGE('',*,*,#1217,.F.);
#1363 = ORIENTED_EDGE('',*,*,#1180,.F.);
#1364 = B_SPLINE_SURFACE_WITH_KNOTS('',7,1,(
    (#1365,#1366)
    ,(#1367,#1368)
    ,(#1369,#1370)
    ,(#1371,#1372)
    ,(#1373,#1374)
    ,(#1375,#1376)
    ,(#1377,#1378)
    ,(#1379,#1380
    )),.UNSPECIFIED.,.F.,.F.,.F.,(8,8),(2,2),(283.5,567.),(0.,1.),
  .PIECEWISE_BEZIER_KNOTS.);
#1365 = CARTESIAN_POINT('',(283.5,0.,965.));
#1366 = CARTESIAN_POINT('',(159.5,7.11E-15,1.18E+03));
#1367 = CARTESIAN_POINT('',(283.5,40.5,965.));
#1368 = CARTESIAN_POINT('',(159.5,17.895858151699,1.18E+03));
#1369 = CARTESIAN_POINT('',(283.5,81.,965.));
#1370 = CARTESIAN_POINT('',(157.15743666896,35.791715936448,1.18E+03));
#1371 = CARTESIAN_POINT('',(283.5,121.5,965.));
#1372 = CARTESIAN_POINT('',(152.47231729957,53.319607179097,1.18E+03));
#1373 = CARTESIAN_POINT('',(283.5,162.,965.));
#1374 = CARTESIAN_POINT('',(145.51686531228,70.111553699207,1.18E+03));
#1375 = CARTESIAN_POINT('',(283.5,202.5,965.));
#1376 = CARTESIAN_POINT('',(136.43565423149,85.818524133558,1.18E+03));
#1377 = CARTESIAN_POINT('',(283.5,243.,965.));
#1378 = CARTESIAN_POINT('',(125.43781425347,100.12924894503,1.18E+03));
#1379 = CARTESIAN_POINT('',(283.5,283.5,965.));
#1380 = CARTESIAN_POINT('',(112.78353159925,112.78353159925,1.18E+03));
#1381 = ADVANCED_FACE('',(#1382),#1396,.F.);
#1382 = FACE_BOUND('',#1383,.F.);
#1383 = EDGE_LOOP('',(#1384,#1385,#1390,#1391));
#1384 = ORIENTED_EDGE('',*,*,#1131,.T.);
#1385 = ORIENTED_EDGE('',*,*,#1386,.T.);
#1386 = EDGE_CURVE('',#1134,#1245,#1387,.T.);
#1387 = B_SPLINE_CURVE_WITH_KNOTS('',1,(#1388,#1389),.UNSPECIFIED.,.F.,
  .F.,(2,2),(0.,1.),.PIECEWISE_BEZIER_KNOTS.);
#1388 = CARTESIAN_POINT('',(-281.5,-281.5,965.));
#1389 = CARTESIAN_POINT('',(-111.3693180368,-111.3693180368,1.18E+03));
#1390 = ORIENTED_EDGE('',*,*,#1255,.F.);
#1391 = ORIENTED_EDGE('',*,*,#1392,.F.);
#1392 = EDGE_CURVE('',#1132,#1256,#1393,.T.);
#1393 = B_SPLINE_CURVE_WITH_KNOTS('',1,(#1394,#1395),.UNSPECIFIED.,.F.,
  .F.,(2,2),(0.,1.),.PIECEWISE_BEZIER_KNOTS.);
#1394 = CARTESIAN_POINT('',(-281.5,281.5,965.));
#1395 = CARTESIAN_POINT('',(-111.3693180368,111.36931803688,1.18E+03));
#1396 = B_SPLINE_SURFACE_WITH_KNOTS('',9,1,(
    (#1397,#1398)
    ,(#1399,#1400)
    ,(#1401,#1402)
    ,(#1403,#1404)
    ,(#1405,#1406)
    ,(#1407,#1408)
    ,(#1409,#1410)
    ,(#1411,#1412)
    ,(#1413,#1414)
    ,(#1415,#1416
    )),.UNSPECIFIED.,.F.,.F.,.F.,(10,10),(2,2),(0.,563.),(0.,1.),
  .PIECEWISE_BEZIER_KNOTS.);
#1397 = CARTESIAN_POINT('',(-281.5,281.5,965.));
#1398 = CARTESIAN_POINT('',(-111.3693180368,111.36931803688,1.18E+03));
#1399 = CARTESIAN_POINT('',(-281.5,218.94444444444,965.));
#1400 = CARTESIAN_POINT('',(-130.8069308913,91.931705182437,1.18E+03));
#1401 = CARTESIAN_POINT('',(-281.5,156.38888888888,965.));
#1402 = CARTESIAN_POINT('',(-146.4279779736,68.677525998821,1.18E+03));
#1403 = CARTESIAN_POINT('',(-281.5,93.833333333333,965.));
#1404 = CARTESIAN_POINT('',(-157.3760187688,42.463215660833,1.18E+03));
#1405 = CARTESIAN_POINT('',(-281.5,31.277777777778,965.));
#1406 = CARTESIAN_POINT('',(-163.0188533117,14.369425650466,1.18E+03));
#1407 = CARTESIAN_POINT('',(-281.5,-31.27777777777,965.));
#1408 = CARTESIAN_POINT('',(-163.0188533116,-14.36942565046,1.18E+03));
#1409 = CARTESIAN_POINT('',(-281.5,-93.83333333333,965.));
#1410 = CARTESIAN_POINT('',(-157.3760187688,-42.46321566083,1.18E+03));
#1411 = CARTESIAN_POINT('',(-281.5,-156.3888888888,965.));
#1412 = CARTESIAN_POINT('',(-146.4279779736,-68.67752599881,1.18E+03));
#1413 = CARTESIAN_POINT('',(-281.5,-218.9444444444,965.));
#1414 = CARTESIAN_POINT('',(-130.8069308913,-91.93170518243,1.18E+03));
#1415 = CARTESIAN_POINT('',(-281.5,-281.5,965.));
#1416 = CARTESIAN_POINT('',(-111.3693180368,-111.3693180368,1.18E+03));
#1417 = ADVANCED_FACE('',(#1418),#1428,.F.);
#1418 = FACE_BOUND('',#1419,.F.);
#1419 = EDGE_LOOP('',(#1420,#1421,#1422,#1423));
#1420 = ORIENTED_EDGE('',*,*,#1165,.T.);
#1421 = ORIENTED_EDGE('',*,*,#1392,.T.);
#1422 = ORIENTED_EDGE('',*,*,#1264,.F.);
#1423 = ORIENTED_EDGE('',*,*,#1424,.F.);
#1424 = EDGE_CURVE('',#1158,#1265,#1425,.T.);
#1425 = B_SPLINE_CURVE_WITH_KNOTS('',1,(#1426,#1427),.UNSPECIFIED.,.F.,
  .F.,(2,2),(0.,1.),.PIECEWISE_BEZIER_KNOTS.);
#1426 = CARTESIAN_POINT('',(281.5,281.5,965.));
#1427 = CARTESIAN_POINT('',(111.36931803688,111.36931803688,1.18E+03));
#1428 = B_SPLINE_SURFACE_WITH_KNOTS('',9,1,(
    (#1429,#1430)
    ,(#1431,#1432)
    ,(#1433,#1434)
    ,(#1435,#1436)
    ,(#1437,#1438)
    ,(#1439,#1440)
    ,(#1441,#1442)
    ,(#1443,#1444)
    ,(#1445,#1446)
    ,(#1447,#1448
    )),.UNSPECIFIED.,.F.,.F.,.F.,(10,10),(2,2),(0.,563.),(0.,1.),
  .PIECEWISE_BEZIER_KNOTS.);
#1429 = CARTESIAN_POINT('',(281.5,281.5,965.));
#1430 = CARTESIAN_POINT('',(111.36931803688,111.36931803688,1.18E+03));
#1431 = CARTESIAN_POINT('',(218.94444444444,281.5,965.));
#1432 = CARTESIAN_POINT('',(91.931705182437,130.80693089132,1.18E+03));
#1433 = CARTESIAN_POINT('',(156.38888888888,281.5,965.));
#1434 = CARTESIAN_POINT('',(68.677525998819,146.42797797368,1.18E+03));
#1435 = CARTESIAN_POINT('',(93.833333333333,281.5,965.));
#1436 = CARTESIAN_POINT('',(42.463215660837,157.37601876883,1.18E+03));
#1437 = CARTESIAN_POINT('',(31.277777777778,281.5,965.));
#1438 = CARTESIAN_POINT('',(14.36942565046,163.01885331172,1.18E+03));
#1439 = CARTESIAN_POINT('',(-31.27777777777,281.5,965.));
#1440 = CARTESIAN_POINT('',(-14.36942565045,163.0188533117,1.18E+03));
#1441 = CARTESIAN_POINT('',(-93.83333333333,281.5,965.));
#1442 = CARTESIAN_POINT('',(-42.46321566084,157.37601876885,1.18E+03));
#1443 = CARTESIAN_POINT('',(-156.3888888888,281.5,965.));
#1444 = CARTESIAN_POINT('',(-68.67752599881,146.42797797367,1.18E+03));
#1445 = CARTESIAN_POINT('',(-218.9444444444,281.5,965.));
#1446 = CARTESIAN_POINT('',(-91.93170518243,130.80693089132,1.18E+03));
#1447 = CARTESIAN_POINT('',(-281.5,281.5,965.));
#1448 = CARTESIAN_POINT('',(-111.3693180368,111.36931803688,1.18E+03));
#1449 = ADVANCED_FACE('',(#1450),#1460,.F.);
#1450 = FACE_BOUND('',#1451,.F.);
#1451 = EDGE_LOOP('',(#1452,#1453,#1454,#1455));
#1452 = ORIENTED_EDGE('',*,*,#1157,.T.);
#1453 = ORIENTED_EDGE('',*,*,#1424,.T.);
#1454 = ORIENTED_EDGE('',*,*,#1273,.F.);
#1455 = ORIENTED_EDGE('',*,*,#1456,.F.);
#1456 = EDGE_CURVE('',#1150,#1274,#1457,.T.);
#1457 = B_SPLINE_CURVE_WITH_KNOTS('',1,(#1458,#1459),.UNSPECIFIED.,.F.,
  .F.,(2,2),(0.,1.),.PIECEWISE_BEZIER_KNOTS.);
#1458 = CARTESIAN_POINT('',(281.5,0.,965.));
#1459 = CARTESIAN_POINT('',(157.5,-3.553E-14,1.18E+03));
#1460 = B_SPLINE_SURFACE_WITH_KNOTS('',7,1,(
    (#1461,#1462)
    ,(#1463,#1464)
    ,(#1465,#1466)
    ,(#1467,#1468)
    ,(#1469,#1470)
    ,(#1471,#1472)
    ,(#1473,#1474)
    ,(#1475,#1476
    )),.UNSPECIFIED.,.F.,.F.,.F.,(8,8),(2,2),(281.5,563.),(0.,1.),
  .PIECEWISE_BEZIER_KNOTS.);
#1461 = CARTESIAN_POINT('',(281.5,0.,965.));
#1462 = CARTESIAN_POINT('',(157.5,1.421E-14,1.18E+03));
#1463 = CARTESIAN_POINT('',(281.5,40.214285714286,965.));
#1464 = CARTESIAN_POINT('',(157.5,17.671458676443,1.18E+03));
#1465 = CARTESIAN_POINT('',(281.5,80.428571428571,965.));
#1466 = CARTESIAN_POINT('',(155.18681050383,35.342916990536,1.18E+03));
#1467 = CARTESIAN_POINT('',(281.5,120.64285714285,965.));
#1468 = CARTESIAN_POINT('',(150.56043871274,52.651022763058,1.18E+03));
#1469 = CARTESIAN_POINT('',(281.5,160.85714285714,965.));
#1470 = CARTESIAN_POINT('',(143.69220242435,69.232411960031,1.18E+03));
#1471 = CARTESIAN_POINT('',(281.5,201.07142857142,965.));
#1472 = CARTESIAN_POINT('',(134.7248623289,84.742429787056,1.18E+03));
#1473 = CARTESIAN_POINT('',(281.5,241.28571428571,965.));
#1474 = CARTESIAN_POINT('',(123.86492630045,98.87370977331,1.18E+03));
#1475 = CARTESIAN_POINT('',(281.5,281.5,965.));
#1476 = CARTESIAN_POINT('',(111.36931803688,111.36931803688,1.18E+03));
#1477 = ADVANCED_FACE('',(#1478),#1488,.F.);
#1478 = FACE_BOUND('',#1479,.F.);
#1479 = EDGE_LOOP('',(#1480,#1481,#1482,#1483));
#1480 = ORIENTED_EDGE('',*,*,#1149,.T.);
#1481 = ORIENTED_EDGE('',*,*,#1456,.T.);
#1482 = ORIENTED_EDGE('',*,*,#1282,.F.);
#1483 = ORIENTED_EDGE('',*,*,#1484,.F.);
#1484 = EDGE_CURVE('',#1142,#1247,#1485,.T.);
#1485 = B_SPLINE_CURVE_WITH_KNOTS('',1,(#1486,#1487),.UNSPECIFIED.,.F.,
  .F.,(2,2),(0.,1.),.PIECEWISE_BEZIER_KNOTS.);
#1486 = CARTESIAN_POINT('',(281.5,-281.5,965.));
#1487 = CARTESIAN_POINT('',(111.36931803688,-111.3693180368,1.18E+03));
#1488 = B_SPLINE_SURFACE_WITH_KNOTS('',7,1,(
    (#1489,#1490)
    ,(#1491,#1492)
    ,(#1493,#1494)
    ,(#1495,#1496)
    ,(#1497,#1498)
    ,(#1499,#1500)
    ,(#1501,#1502)
    ,(#1503,#1504
    )),.UNSPECIFIED.,.F.,.F.,.F.,(8,8),(2,2),(0.,281.5),(0.,1.),
  .PIECEWISE_BEZIER_KNOTS.);
#1489 = CARTESIAN_POINT('',(281.5,-281.5,965.));
#1490 = CARTESIAN_POINT('',(111.36931803688,-111.3693180368,1.18E+03));
#1491 = CARTESIAN_POINT('',(281.5,-241.2857142857,965.));
#1492 = CARTESIAN_POINT('',(123.86492630045,-98.87370977331,1.18E+03));
#1493 = CARTESIAN_POINT('',(281.5,-201.0714285714,965.));
#1494 = CARTESIAN_POINT('',(134.7248623289,-84.74242978705,1.18E+03));
#1495 = CARTESIAN_POINT('',(281.5,-160.8571428571,965.));
#1496 = CARTESIAN_POINT('',(143.69220242436,-69.23241196003,1.18E+03));
#1497 = CARTESIAN_POINT('',(281.5,-120.6428571428,965.));
#1498 = CARTESIAN_POINT('',(150.56043871273,-52.65102276305,1.18E+03));
#1499 = CARTESIAN_POINT('',(281.5,-80.42857142857,965.));
#1500 = CARTESIAN_POINT('',(155.18681050383,-35.34291699053,1.18E+03));
#1501 = CARTESIAN_POINT('',(281.5,-40.21428571428,965.));
#1502 = CARTESIAN_POINT('',(157.5,-17.67145867644,1.18E+03));
#1503 = CARTESIAN_POINT('',(281.5,0.,965.));
#1504 = CARTESIAN_POINT('',(157.5,-3.553E-14,1.18E+03));
#1505 = ADVANCED_FACE('',(#1506),#1512,.F.);
#1506 = FACE_BOUND('',#1507,.F.);
#1507 = EDGE_LOOP('',(#1508,#1509,#1510,#1511));
#1508 = ORIENTED_EDGE('',*,*,#1141,.T.);
#1509 = ORIENTED_EDGE('',*,*,#1484,.T.);
#1510 = ORIENTED_EDGE('',*,*,#1244,.F.);
#1511 = ORIENTED_EDGE('',*,*,#1386,.F.);
#1512 = B_SPLINE_SURFACE_WITH_KNOTS('',9,1,(
    (#1513,#1514)
    ,(#1515,#1516)
    ,(#1517,#1518)
    ,(#1519,#1520)
    ,(#1521,#1522)
    ,(#1523,#1524)
    ,(#1525,#1526)
    ,(#1527,#1528)
    ,(#1529,#1530)
    ,(#1531,#1532
    )),.UNSPECIFIED.,.F.,.F.,.F.,(10,10),(2,2),(0.,563.),(0.,1.),
  .PIECEWISE_BEZIER_KNOTS.);
#1513 = CARTESIAN_POINT('',(-281.5,-281.5,965.));
#1514 = CARTESIAN_POINT('',(-111.3693180368,-111.3693180368,1.18E+03));
#1515 = CARTESIAN_POINT('',(-218.9444444444,-281.5,965.));
#1516 = CARTESIAN_POINT('',(-91.93170518243,-130.8069308913,1.18E+03));
#1517 = CARTESIAN_POINT('',(-156.3888888888,-281.5,965.));
#1518 = CARTESIAN_POINT('',(-68.67752599881,-146.4279779736,1.18E+03));
#1519 = CARTESIAN_POINT('',(-93.83333333333,-281.5,965.));
#1520 = CARTESIAN_POINT('',(-42.46321566084,-157.3760187688,1.18E+03));
#1521 = CARTESIAN_POINT('',(-31.27777777777,-281.5,965.));
#1522 = CARTESIAN_POINT('',(-14.36942565045,-163.0188533117,1.18E+03));
#1523 = CARTESIAN_POINT('',(31.277777777778,-281.5,965.));
#1524 = CARTESIAN_POINT('',(14.369425650454,-163.0188533117,1.18E+03));
#1525 = CARTESIAN_POINT('',(93.833333333333,-281.5,965.));
#1526 = CARTESIAN_POINT('',(42.463215660844,-157.3760187688,1.18E+03));
#1527 = CARTESIAN_POINT('',(156.38888888888,-281.5,965.));
#1528 = CARTESIAN_POINT('',(68.677525998815,-146.4279779736,1.18E+03));
#1529 = CARTESIAN_POINT('',(218.94444444444,-281.5,965.));
#1530 = CARTESIAN_POINT('',(91.931705182439,-130.8069308913,1.18E+03));
#1531 = CARTESIAN_POINT('',(281.5,-281.5,965.));
#1532 = CARTESIAN_POINT('',(111.36931803688,-111.3693180368,1.18E+03));
#1533 = MANIFOLD_SOLID_BREP('',#1534);
#1534 = CLOSED_SHELL('',(#1535,#1568,#1588,#1608));
#1535 = ADVANCED_FACE('',(#1536),#1563,.T.);
#1536 = FACE_BOUND('',#1537,.T.);
#1537 = EDGE_LOOP('',(#1538,#1547,#1555,#1562));
#1538 = ORIENTED_EDGE('',*,*,#1539,.F.);
#1539 = EDGE_CURVE('',#1540,#1540,#1542,.T.);
#1540 = VERTEX_POINT('',#1541);
#1541 = CARTESIAN_POINT('',(159.5,-3.9E-14,1.19E+03));
#1542 = CIRCLE('',#1543,159.5);
#1543 = AXIS2_PLACEMENT_3D('',#1544,#1545,#1546);
#1544 = CARTESIAN_POINT('',(0.,0.,1.19E+03));
#1545 = DIRECTION('',(0.,0.,1.));
#1546 = DIRECTION('',(1.,0.,0.));
#1547 = ORIENTED_EDGE('',*,*,#1548,.F.);
#1548 = EDGE_CURVE('',#1549,#1540,#1551,.T.);
#1549 = VERTEX_POINT('',#1550);
#1550 = CARTESIAN_POINT('',(159.5,-3.9E-14,1.18E+03));
#1551 = LINE('',#1552,#1553);
#1552 = CARTESIAN_POINT('',(159.5,-3.907E-14,1.18E+03));
#1553 = VECTOR('',#1554,1.);
#1554 = DIRECTION('',(0.,0.,1.));
#1555 = ORIENTED_EDGE('',*,*,#1556,.T.);
#1556 = EDGE_CURVE('',#1549,#1549,#1557,.T.);
#1557 = CIRCLE('',#1558,159.5);
#1558 = AXIS2_PLACEMENT_3D('',#1559,#1560,#1561);
#1559 = CARTESIAN_POINT('',(0.,0.,1.18E+03));
#1560 = DIRECTION('',(0.,0.,1.));
#1561 = DIRECTION('',(1.,0.,0.));
#1562 = ORIENTED_EDGE('',*,*,#1548,.T.);
#1563 = CYLINDRICAL_SURFACE('',#1564,159.5);
#1564 = AXIS2_PLACEMENT_3D('',#1565,#1566,#1567);
#1565 = CARTESIAN_POINT('',(0.,0.,1.18E+03));
#1566 = DIRECTION('',(0.,0.,1.));
#1567 = DIRECTION('',(1.,0.,0.));
#1568 = ADVANCED_FACE('',(#1569,#1572),#1583,.T.);
#1569 = FACE_BOUND('',#1570,.T.);
#1570 = EDGE_LOOP('',(#1571));
#1571 = ORIENTED_EDGE('',*,*,#1539,.T.);
#1572 = FACE_BOUND('',#1573,.T.);
#1573 = EDGE_LOOP('',(#1574));
#1574 = ORIENTED_EDGE('',*,*,#1575,.F.);
#1575 = EDGE_CURVE('',#1576,#1576,#1578,.T.);
#1576 = VERTEX_POINT('',#1577);
#1577 = CARTESIAN_POINT('',(157.5,-3.9E-14,1.19E+03));
#1578 = CIRCLE('',#1579,157.5);
#1579 = AXIS2_PLACEMENT_3D('',#1580,#1581,#1582);
#1580 = CARTESIAN_POINT('',(0.,0.,1.19E+03));
#1581 = DIRECTION('',(0.,0.,1.));
#1582 = DIRECTION('',(1.,0.,0.));
#1583 = PLANE('',#1584);
#1584 = AXIS2_PLACEMENT_3D('',#1585,#1586,#1587);
#1585 = CARTESIAN_POINT('',(0.,0.,1.19E+03));
#1586 = DIRECTION('',(0.,0.,1.));
#1587 = DIRECTION('',(1.,0.,0.));
#1588 = ADVANCED_FACE('',(#1589,#1592),#1603,.F.);
#1589 = FACE_BOUND('',#1590,.F.);
#1590 = EDGE_LOOP('',(#1591));
#1591 = ORIENTED_EDGE('',*,*,#1556,.T.);
#1592 = FACE_BOUND('',#1593,.F.);
#1593 = EDGE_LOOP('',(#1594));
#1594 = ORIENTED_EDGE('',*,*,#1595,.F.);
#1595 = EDGE_CURVE('',#1596,#1596,#1598,.T.);
#1596 = VERTEX_POINT('',#1597);
#1597 = CARTESIAN_POINT('',(157.5,-3.9E-14,1.18E+03));
#1598 = CIRCLE('',#1599,157.5);
#1599 = AXIS2_PLACEMENT_3D('',#1600,#1601,#1602);
#1600 = CARTESIAN_POINT('',(0.,0.,1.18E+03));
#1601 = DIRECTION('',(0.,0.,1.));
#1602 = DIRECTION('',(1.,0.,0.));
#1603 = PLANE('',#1604);
#1604 = AXIS2_PLACEMENT_3D('',#1605,#1606,#1607);
#1605 = CARTESIAN_POINT('',(0.,0.,1.18E+03));
#1606 = DIRECTION('',(0.,0.,1.));
#1607 = DIRECTION('',(1.,0.,0.));
#1608 = ADVANCED_FACE('',(#1609),#1620,.F.);
#1609 = FACE_BOUND('',#1610,.F.);
#1610 = EDGE_LOOP('',(#1611,#1612,#1618,#1619));
#1611 = ORIENTED_EDGE('',*,*,#1575,.F.);
#1612 = ORIENTED_EDGE('',*,*,#1613,.F.);
#1613 = EDGE_CURVE('',#1596,#1576,#1614,.T.);
#1614 = LINE('',#1615,#1616);
#1615 = CARTESIAN_POINT('',(157.5,-3.858E-14,1.18E+03));
#1616 = VECTOR('',#1617,1.);
#1617 = DIRECTION('',(0.,0.,1.));
#1618 = ORIENTED_EDGE('',*,*,#1595,.T.);
#1619 = ORIENTED_EDGE('',*,*,#1613,.T.);
#1620 = CYLINDRICAL_SURFACE('',#1621,157.5);
#1621 = AXIS2_PLACEMENT_3D('',#1622,#1623,#1624);
#1622 = CARTESIAN_POINT('',(0.,0.,1.18E+03));
#1623 = DIRECTION('',(0.,0.,1.));
#1624 = DIRECTION('',(1.,0.,0.));
#1625 = MANIFOLD_SOLID_BREP('',#1626);
#1626 = CLOSED_SHELL('',(#1627,#1660,#1680,#1700));
#1627 = ADVANCED_FACE('',(#1628),#1655,.T.);
#1628 = FACE_BOUND('',#1629,.T.);
#1629 = EDGE_LOOP('',(#1630,#1639,#1647,#1654));
#1630 = ORIENTED_EDGE('',*,*,#1631,.F.);
#1631 = EDGE_CURVE('',#1632,#1632,#1634,.T.);
#1632 = VERTEX_POINT('',#1633);
#1633 = CARTESIAN_POINT('',(159.5,-3.9E-14,2.215E+03));
#1634 = CIRCLE('',#1635,159.5);
#1635 = AXIS2_PLACEMENT_3D('',#1636,#1637,#1638);
#1636 = CARTESIAN_POINT('',(0.,0.,2.215E+03));
#1637 = DIRECTION('',(0.,0.,1.));
#1638 = DIRECTION('',(1.,0.,0.));
#1639 = ORIENTED_EDGE('',*,*,#1640,.F.);
#1640 = EDGE_CURVE('',#1641,#1632,#1643,.T.);
#1641 = VERTEX_POINT('',#1642);
#1642 = CARTESIAN_POINT('',(159.5,-3.9E-14,2.015E+03));
#1643 = LINE('',#1644,#1645);
#1644 = CARTESIAN_POINT('',(159.5,-3.907E-14,2.015E+03));
#1645 = VECTOR('',#1646,1.);
#1646 = DIRECTION('',(0.,0.,1.));
#1647 = ORIENTED_EDGE('',*,*,#1648,.T.);
#1648 = EDGE_CURVE('',#1641,#1641,#1649,.T.);
#1649 = CIRCLE('',#1650,159.5);
#1650 = AXIS2_PLACEMENT_3D('',#1651,#1652,#1653);
#1651 = CARTESIAN_POINT('',(0.,0.,2.015E+03));
#1652 = DIRECTION('',(0.,0.,1.));
#1653 = DIRECTION('',(1.,0.,0.));
#1654 = ORIENTED_EDGE('',*,*,#1640,.T.);
#1655 = CYLINDRICAL_SURFACE('',#1656,159.5);
#1656 = AXIS2_PLACEMENT_3D('',#1657,#1658,#1659);
#1657 = CARTESIAN_POINT('',(0.,0.,2.015E+03));
#1658 = DIRECTION('',(0.,0.,1.));
#1659 = DIRECTION('',(1.,0.,0.));
#1660 = ADVANCED_FACE('',(#1661,#1664),#1675,.T.);
#1661 = FACE_BOUND('',#1662,.T.);
#1662 = EDGE_LOOP('',(#1663));
#1663 = ORIENTED_EDGE('',*,*,#1631,.T.);
#1664 = FACE_BOUND('',#1665,.T.);
#1665 = EDGE_LOOP('',(#1666));
#1666 = ORIENTED_EDGE('',*,*,#1667,.F.);
#1667 = EDGE_CURVE('',#1668,#1668,#1670,.T.);
#1668 = VERTEX_POINT('',#1669);
#1669 = CARTESIAN_POINT('',(157.5,-3.9E-14,2.215E+03));
#1670 = CIRCLE('',#1671,157.5);
#1671 = AXIS2_PLACEMENT_3D('',#1672,#1673,#1674);
#1672 = CARTESIAN_POINT('',(0.,0.,2.215E+03));
#1673 = DIRECTION('',(0.,0.,1.));
#1674 = DIRECTION('',(1.,0.,0.));
#1675 = PLANE('',#1676);
#1676 = AXIS2_PLACEMENT_3D('',#1677,#1678,#1679);
#1677 = CARTESIAN_POINT('',(0.,0.,2.215E+03));
#1678 = DIRECTION('',(0.,0.,1.));
#1679 = DIRECTION('',(1.,0.,0.));
#1680 = ADVANCED_FACE('',(#1681,#1684),#1695,.F.);
#1681 = FACE_BOUND('',#1682,.F.);
#1682 = EDGE_LOOP('',(#1683));
#1683 = ORIENTED_EDGE('',*,*,#1648,.T.);
#1684 = FACE_BOUND('',#1685,.F.);
#1685 = EDGE_LOOP('',(#1686));
#1686 = ORIENTED_EDGE('',*,*,#1687,.F.);
#1687 = EDGE_CURVE('',#1688,#1688,#1690,.T.);
#1688 = VERTEX_POINT('',#1689);
#1689 = CARTESIAN_POINT('',(157.5,-3.9E-14,2.015E+03));
#1690 = CIRCLE('',#1691,157.5);
#1691 = AXIS2_PLACEMENT_3D('',#1692,#1693,#1694);
#1692 = CARTESIAN_POINT('',(0.,0.,2.015E+03));
#1693 = DIRECTION('',(0.,0.,1.));
#1694 = DIRECTION('',(1.,0.,0.));
#1695 = PLANE('',#1696);
#1696 = AXIS2_PLACEMENT_3D('',#1697,#1698,#1699);
#1697 = CARTESIAN_POINT('',(0.,0.,2.015E+03));
#1698 = DIRECTION('',(0.,0.,1.));
#1699 = DIRECTION('',(1.,0.,0.));
#1700 = ADVANCED_FACE('',(#1701),#1712,.F.);
#1701 = FACE_BOUND('',#1702,.F.);
#1702 = EDGE_LOOP('',(#1703,#1704,#1710,#1711));
#1703 = ORIENTED_EDGE('',*,*,#1667,.F.);
#1704 = ORIENTED_EDGE('',*,*,#1705,.F.);
#1705 = EDGE_CURVE('',#1688,#1668,#1706,.T.);
#1706 = LINE('',#1707,#1708);
#1707 = CARTESIAN_POINT('',(157.5,-3.858E-14,2.015E+03));
#1708 = VECTOR('',#1709,1.);
#1709 = DIRECTION('',(0.,0.,1.));
#1710 = ORIENTED_EDGE('',*,*,#1687,.T.);
#1711 = ORIENTED_EDGE('',*,*,#1705,.T.);
#1712 = CYLINDRICAL_SURFACE('',#1713,157.5);
#1713 = AXIS2_PLACEMENT_3D('',#1714,#1715,#1716);
#1714 = CARTESIAN_POINT('',(0.,0.,2.015E+03));
#1715 = DIRECTION('',(0.,0.,1.));
#1716 = DIRECTION('',(1.,0.,0.));
#1717 = MANIFOLD_SOLID_BREP('',#1718);
#1718 = CLOSED_SHELL('',(#1719,#1759,#1790,#1848,#1872,#1923,#1935,#1957
    ,#1974,#1991));
#1719 = ADVANCED_FACE('',(#1720),#1754,.F.);
#1720 = FACE_BOUND('',#1721,.F.);
#1721 = EDGE_LOOP('',(#1722,#1732,#1740,#1748));
#1722 = ORIENTED_EDGE('',*,*,#1723,.F.);
#1723 = EDGE_CURVE('',#1724,#1726,#1728,.T.);
#1724 = VERTEX_POINT('',#1725);
#1725 = CARTESIAN_POINT('',(332.5,182.5,150.));
#1726 = VERTEX_POINT('',#1727);
#1727 = CARTESIAN_POINT('',(332.5,182.5,2.05E+03));
#1728 = LINE('',#1729,#1730);
#1729 = CARTESIAN_POINT('',(332.5,182.5,150.));
#1730 = VECTOR('',#1731,1.);
#1731 = DIRECTION('',(0.,0.,1.));
#1732 = ORIENTED_EDGE('',*,*,#1733,.T.);
#1733 = EDGE_CURVE('',#1724,#1734,#1736,.T.);
#1734 = VERTEX_POINT('',#1735);
#1735 = CARTESIAN_POINT('',(332.5,217.5,150.));
#1736 = LINE('',#1737,#1738);
#1737 = CARTESIAN_POINT('',(332.5,182.5,150.));
#1738 = VECTOR('',#1739,1.);
#1739 = DIRECTION('',(0.,1.,0.));
#1740 = ORIENTED_EDGE('',*,*,#1741,.T.);
#1741 = EDGE_CURVE('',#1734,#1742,#1744,.T.);
#1742 = VERTEX_POINT('',#1743);
#1743 = CARTESIAN_POINT('',(332.5,217.5,2.05E+03));
#1744 = LINE('',#1745,#1746);
#1745 = CARTESIAN_POINT('',(332.5,217.5,150.));
#1746 = VECTOR('',#1747,1.);
#1747 = DIRECTION('',(0.,0.,1.));
#1748 = ORIENTED_EDGE('',*,*,#1749,.F.);
#1749 = EDGE_CURVE('',#1726,#1742,#1750,.T.);
#1750 = LINE('',#1751,#1752);
#1751 = CARTESIAN_POINT('',(332.5,182.5,2.05E+03));
#1752 = VECTOR('',#1753,1.);
#1753 = DIRECTION('',(0.,1.,0.));
#1754 = PLANE('',#1755);
#1755 = AXIS2_PLACEMENT_3D('',#1756,#1757,#1758);
#1756 = CARTESIAN_POINT('',(332.5,182.5,150.));
#1757 = DIRECTION('',(1.,0.,0.));
#1758 = DIRECTION('',(0.,0.,1.));
#1759 = ADVANCED_FACE('',(#1760),#1785,.F.);
#1760 = FACE_BOUND('',#1761,.F.);
#1761 = EDGE_LOOP('',(#1762,#1770,#1771,#1779));
#1762 = ORIENTED_EDGE('',*,*,#1763,.F.);
#1763 = EDGE_CURVE('',#1724,#1764,#1766,.T.);
#1764 = VERTEX_POINT('',#1765);
#1765 = CARTESIAN_POINT('',(367.5,182.5,150.));
#1766 = LINE('',#1767,#1768);
#1767 = CARTESIAN_POINT('',(332.5,182.5,150.));
#1768 = VECTOR('',#1769,1.);
#1769 = DIRECTION('',(1.,0.,0.));
#1770 = ORIENTED_EDGE('',*,*,#1723,.T.);
#1771 = ORIENTED_EDGE('',*,*,#1772,.T.);
#1772 = EDGE_CURVE('',#1726,#1773,#1775,.T.);
#1773 = VERTEX_POINT('',#1774);
#1774 = CARTESIAN_POINT('',(367.5,182.5,2.05E+03));
#1775 = LINE('',#1776,#1777);
#1776 = CARTESIAN_POINT('',(332.5,182.5,2.05E+03));
#1777 = VECTOR('',#1778,1.);
#1778 = DIRECTION('',(1.,0.,0.));
#1779 = ORIENTED_EDGE('',*,*,#1780,.F.);
#1780 = EDGE_CURVE('',#1764,#1773,#1781,.T.);
#1781 = LINE('',#1782,#1783);
#1782 = CARTESIAN_POINT('',(367.5,182.5,150.));
#1783 = VECTOR('',#1784,1.);
#1784 = DIRECTION('',(0.,0.,1.));
#1785 = PLANE('',#1786);
#1786 = AXIS2_PLACEMENT_3D('',#1787,#1788,#1789);
#1787 = CARTESIAN_POINT('',(332.5,182.5,150.));
#1788 = DIRECTION('',(0.,1.,0.));
#1789 = DIRECTION('',(0.,0.,1.));
#1790 = ADVANCED_FACE('',(#1791,#1809),#1843,.T.);
#1791 = FACE_BOUND('',#1792,.T.);
#1792 = EDGE_LOOP('',(#1793,#1794,#1795,#1803));
#1793 = ORIENTED_EDGE('',*,*,#1749,.F.);
#1794 = ORIENTED_EDGE('',*,*,#1772,.T.);
#1795 = ORIENTED_EDGE('',*,*,#1796,.T.);
#1796 = EDGE_CURVE('',#1773,#1797,#1799,.T.);
#1797 = VERTEX_POINT('',#1798);
#1798 = CARTESIAN_POINT('',(367.5,217.5,2.05E+03));
#1799 = LINE('',#1800,#1801);
#1800 = CARTESIAN_POINT('',(367.5,182.5,2.05E+03));
#1801 = VECTOR('',#1802,1.);
#1802 = DIRECTION('',(0.,1.,0.));
#1803 = ORIENTED_EDGE('',*,*,#1804,.F.);
#1804 = EDGE_CURVE('',#1742,#1797,#1805,.T.);
#1805 = LINE('',#1806,#1807);
#1806 = CARTESIAN_POINT('',(332.5,217.5,2.05E+03));
#1807 = VECTOR('',#1808,1.);
#1808 = DIRECTION('',(1.,0.,0.));
#1809 = FACE_BOUND('',#1810,.T.);
#1810 = EDGE_LOOP('',(#1811,#1821,#1829,#1837));
#1811 = ORIENTED_EDGE('',*,*,#1812,.F.);
#1812 = EDGE_CURVE('',#1813,#1815,#1817,.T.);
#1813 = VERTEX_POINT('',#1814);
#1814 = CARTESIAN_POINT('',(335.5,185.5,2.05E+03));
#1815 = VERTEX_POINT('',#1816);
#1816 = CARTESIAN_POINT('',(364.5,185.5,2.05E+03));
#1817 = LINE('',#1818,#1819);
#1818 = CARTESIAN_POINT('',(335.5,185.5,2.05E+03));
#1819 = VECTOR('',#1820,1.);
#1820 = DIRECTION('',(1.,0.,0.));
#1821 = ORIENTED_EDGE('',*,*,#1822,.T.);
#1822 = EDGE_CURVE('',#1813,#1823,#1825,.T.);
#1823 = VERTEX_POINT('',#1824);
#1824 = CARTESIAN_POINT('',(335.5,214.5,2.05E+03));
#1825 = LINE('',#1826,#1827);
#1826 = CARTESIAN_POINT('',(335.5,185.5,2.05E+03));
#1827 = VECTOR('',#1828,1.);
#1828 = DIRECTION('',(0.,1.,0.));
#1829 = ORIENTED_EDGE('',*,*,#1830,.T.);
#1830 = EDGE_CURVE('',#1823,#1831,#1833,.T.);
#1831 = VERTEX_POINT('',#1832);
#1832 = CARTESIAN_POINT('',(364.5,214.5,2.05E+03));
#1833 = LINE('',#1834,#1835);
#1834 = CARTESIAN_POINT('',(335.5,214.5,2.05E+03));
#1835 = VECTOR('',#1836,1.);
#1836 = DIRECTION('',(1.,0.,0.));
#1837 = ORIENTED_EDGE('',*,*,#1838,.F.);
#1838 = EDGE_CURVE('',#1815,#1831,#1839,.T.);
#1839 = LINE('',#1840,#1841);
#1840 = CARTESIAN_POINT('',(364.5,185.5,2.05E+03));
#1841 = VECTOR('',#1842,1.);
#1842 = DIRECTION('',(0.,1.,0.));
#1843 = PLANE('',#1844);
#1844 = AXIS2_PLACEMENT_3D('',#1845,#1846,#1847);
#1845 = CARTESIAN_POINT('',(332.5,182.5,2.05E+03));
#1846 = DIRECTION('',(0.,0.,1.));
#1847 = DIRECTION('',(1.,0.,0.));
#1848 = ADVANCED_FACE('',(#1849),#1867,.T.);
#1849 = FACE_BOUND('',#1850,.T.);
#1850 = EDGE_LOOP('',(#1851,#1859,#1860,#1861));
#1851 = ORIENTED_EDGE('',*,*,#1852,.F.);
#1852 = EDGE_CURVE('',#1734,#1853,#1855,.T.);
#1853 = VERTEX_POINT('',#1854);
#1854 = CARTESIAN_POINT('',(367.5,217.5,150.));
#1855 = LINE('',#1856,#1857);
#1856 = CARTESIAN_POINT('',(332.5,217.5,150.));
#1857 = VECTOR('',#1858,1.);
#1858 = DIRECTION('',(1.,0.,0.));
#1859 = ORIENTED_EDGE('',*,*,#1741,.T.);
#1860 = ORIENTED_EDGE('',*,*,#1804,.T.);
#1861 = ORIENTED_EDGE('',*,*,#1862,.F.);
#1862 = EDGE_CURVE('',#1853,#1797,#1863,.T.);
#1863 = LINE('',#1864,#1865);
#1864 = CARTESIAN_POINT('',(367.5,217.5,150.));
#1865 = VECTOR('',#1866,1.);
#1866 = DIRECTION('',(0.,0.,1.));
#1867 = PLANE('',#1868);
#1868 = AXIS2_PLACEMENT_3D('',#1869,#1870,#1871);
#1869 = CARTESIAN_POINT('',(332.5,217.5,150.));
#1870 = DIRECTION('',(0.,1.,0.));
#1871 = DIRECTION('',(0.,0.,1.));
#1872 = ADVANCED_FACE('',(#1873,#1884),#1918,.F.);
#1873 = FACE_BOUND('',#1874,.F.);
#1874 = EDGE_LOOP('',(#1875,#1876,#1877,#1883));
#1875 = ORIENTED_EDGE('',*,*,#1733,.F.);
#1876 = ORIENTED_EDGE('',*,*,#1763,.T.);
#1877 = ORIENTED_EDGE('',*,*,#1878,.T.);
#1878 = EDGE_CURVE('',#1764,#1853,#1879,.T.);
#1879 = LINE('',#1880,#1881);
#1880 = CARTESIAN_POINT('',(367.5,182.5,150.));
#1881 = VECTOR('',#1882,1.);
#1882 = DIRECTION('',(0.,1.,0.));
#1883 = ORIENTED_EDGE('',*,*,#1852,.F.);
#1884 = FACE_BOUND('',#1885,.F.);
#1885 = EDGE_LOOP('',(#1886,#1896,#1904,#1912));
#1886 = ORIENTED_EDGE('',*,*,#1887,.F.);
#1887 = EDGE_CURVE('',#1888,#1890,#1892,.T.);
#1888 = VERTEX_POINT('',#1889);
#1889 = CARTESIAN_POINT('',(335.5,185.5,150.));
#1890 = VERTEX_POINT('',#1891);
#1891 = CARTESIAN_POINT('',(364.5,185.5,150.));
#1892 = LINE('',#1893,#1894);
#1893 = CARTESIAN_POINT('',(335.5,185.5,150.));
#1894 = VECTOR('',#1895,1.);
#1895 = DIRECTION('',(1.,0.,0.));
#1896 = ORIENTED_EDGE('',*,*,#1897,.T.);
#1897 = EDGE_CURVE('',#1888,#1898,#1900,.T.);
#1898 = VERTEX_POINT('',#1899);
#1899 = CARTESIAN_POINT('',(335.5,214.5,150.));
#1900 = LINE('',#1901,#1902);
#1901 = CARTESIAN_POINT('',(335.5,185.5,150.));
#1902 = VECTOR('',#1903,1.);
#1903 = DIRECTION('',(0.,1.,0.));
#1904 = ORIENTED_EDGE('',*,*,#1905,.T.);
#1905 = EDGE_CURVE('',#1898,#1906,#1908,.T.);
#1906 = VERTEX_POINT('',#1907);
#1907 = CARTESIAN_POINT('',(364.5,214.5,150.));
#1908 = LINE('',#1909,#1910);
#1909 = CARTESIAN_POINT('',(335.5,214.5,150.));
#1910 = VECTOR('',#1911,1.);
#1911 = DIRECTION('',(1.,0.,0.));
#1912 = ORIENTED_EDGE('',*,*,#1913,.F.);
#1913 = EDGE_CURVE('',#1890,#1906,#1914,.T.);
#1914 = LINE('',#1915,#1916);
#1915 = CARTESIAN_POINT('',(364.5,185.5,150.));
#1916 = VECTOR('',#1917,1.);
#1917 = DIRECTION('',(0.,1.,0.));
#1918 = PLANE('',#1919);
#1919 = AXIS2_PLACEMENT_3D('',#1920,#1921,#1922);
#1920 = CARTESIAN_POINT('',(332.5,182.5,150.));
#1921 = DIRECTION('',(0.,0.,1.));
#1922 = DIRECTION('',(1.,0.,0.));
#1923 = ADVANCED_FACE('',(#1924),#1930,.T.);
#1924 = FACE_BOUND('',#1925,.T.);
#1925 = EDGE_LOOP('',(#1926,#1927,#1928,#1929));
#1926 = ORIENTED_EDGE('',*,*,#1780,.F.);
#1927 = ORIENTED_EDGE('',*,*,#1878,.T.);
#1928 = ORIENTED_EDGE('',*,*,#1862,.T.);
#1929 = ORIENTED_EDGE('',*,*,#1796,.F.);
#1930 = PLANE('',#1931);
#1931 = AXIS2_PLACEMENT_3D('',#1932,#1933,#1934);
#1932 = CARTESIAN_POINT('',(367.5,182.5,150.));
#1933 = DIRECTION('',(1.,0.,0.));
#1934 = DIRECTION('',(0.,0.,1.));
#1935 = ADVANCED_FACE('',(#1936),#1952,.T.);
#1936 = FACE_BOUND('',#1937,.T.);
#1937 = EDGE_LOOP('',(#1938,#1939,#1945,#1946));
#1938 = ORIENTED_EDGE('',*,*,#1887,.F.);
#1939 = ORIENTED_EDGE('',*,*,#1940,.T.);
#1940 = EDGE_CURVE('',#1888,#1813,#1941,.T.);
#1941 = LINE('',#1942,#1943);
#1942 = CARTESIAN_POINT('',(335.5,185.5,150.));
#1943 = VECTOR('',#1944,1.);
#1944 = DIRECTION('',(0.,0.,1.));
#1945 = ORIENTED_EDGE('',*,*,#1812,.T.);
#1946 = ORIENTED_EDGE('',*,*,#1947,.F.);
#1947 = EDGE_CURVE('',#1890,#1815,#1948,.T.);
#1948 = LINE('',#1949,#1950);
#1949 = CARTESIAN_POINT('',(364.5,185.5,150.));
#1950 = VECTOR('',#1951,1.);
#1951 = DIRECTION('',(0.,0.,1.));
#1952 = PLANE('',#1953);
#1953 = AXIS2_PLACEMENT_3D('',#1954,#1955,#1956);
#1954 = CARTESIAN_POINT('',(335.5,185.5,150.));
#1955 = DIRECTION('',(0.,1.,0.));
#1956 = DIRECTION('',(0.,0.,1.));
#1957 = ADVANCED_FACE('',(#1958),#1969,.F.);
#1958 = FACE_BOUND('',#1959,.F.);
#1959 = EDGE_LOOP('',(#1960,#1961,#1962,#1968));
#1960 = ORIENTED_EDGE('',*,*,#1947,.F.);
#1961 = ORIENTED_EDGE('',*,*,#1913,.T.);
#1962 = ORIENTED_EDGE('',*,*,#1963,.T.);
#1963 = EDGE_CURVE('',#1906,#1831,#1964,.T.);
#1964 = LINE('',#1965,#1966);
#1965 = CARTESIAN_POINT('',(364.5,214.5,150.));
#1966 = VECTOR('',#1967,1.);
#1967 = DIRECTION('',(0.,0.,1.));
#1968 = ORIENTED_EDGE('',*,*,#1838,.F.);
#1969 = PLANE('',#1970);
#1970 = AXIS2_PLACEMENT_3D('',#1971,#1972,#1973);
#1971 = CARTESIAN_POINT('',(364.5,185.5,150.));
#1972 = DIRECTION('',(1.,0.,0.));
#1973 = DIRECTION('',(0.,0.,1.));
#1974 = ADVANCED_FACE('',(#1975),#1986,.F.);
#1975 = FACE_BOUND('',#1976,.F.);
#1976 = EDGE_LOOP('',(#1977,#1978,#1984,#1985));
#1977 = ORIENTED_EDGE('',*,*,#1905,.F.);
#1978 = ORIENTED_EDGE('',*,*,#1979,.T.);
#1979 = EDGE_CURVE('',#1898,#1823,#1980,.T.);
#1980 = LINE('',#1981,#1982);
#1981 = CARTESIAN_POINT('',(335.5,214.5,150.));
#1982 = VECTOR('',#1983,1.);
#1983 = DIRECTION('',(0.,0.,1.));
#1984 = ORIENTED_EDGE('',*,*,#1830,.T.);
#1985 = ORIENTED_EDGE('',*,*,#1963,.F.);
#1986 = PLANE('',#1987);
#1987 = AXIS2_PLACEMENT_3D('',#1988,#1989,#1990);
#1988 = CARTESIAN_POINT('',(335.5,214.5,150.));
#1989 = DIRECTION('',(0.,1.,0.));
#1990 = DIRECTION('',(0.,0.,1.));
#1991 = ADVANCED_FACE('',(#1992),#1998,.T.);
#1992 = FACE_BOUND('',#1993,.T.);
#1993 = EDGE_LOOP('',(#1994,#1995,#1996,#1997));
#1994 = ORIENTED_EDGE('',*,*,#1940,.F.);
#1995 = ORIENTED_EDGE('',*,*,#1897,.T.);
#1996 = ORIENTED_EDGE('',*,*,#1979,.T.);
#1997 = ORIENTED_EDGE('',*,*,#1822,.F.);
#1998 = PLANE('',#1999);
#1999 = AXIS2_PLACEMENT_3D('',#2000,#2001,#2002);
#2000 = CARTESIAN_POINT('',(335.5,185.5,150.));
#2001 = DIRECTION('',(1.,0.,0.));
#2002 = DIRECTION('',(0.,0.,1.));
#2003 = MANIFOLD_SOLID_BREP('',#2004);
#2004 = CLOSED_SHELL('',(#2005,#2045,#2076,#2134,#2158,#2209,#2221,#2243
    ,#2260,#2277));
#2005 = ADVANCED_FACE('',(#2006),#2040,.F.);
#2006 = FACE_BOUND('',#2007,.F.);
#2007 = EDGE_LOOP('',(#2008,#2018,#2026,#2034));
#2008 = ORIENTED_EDGE('',*,*,#2009,.F.);
#2009 = EDGE_CURVE('',#2010,#2012,#2014,.T.);
#2010 = VERTEX_POINT('',#2011);
#2011 = CARTESIAN_POINT('',(-367.5,182.5,150.));
#2012 = VERTEX_POINT('',#2013);
#2013 = CARTESIAN_POINT('',(-367.5,182.5,2.05E+03));
#2014 = LINE('',#2015,#2016);
#2015 = CARTESIAN_POINT('',(-367.5,182.5,150.));
#2016 = VECTOR('',#2017,1.);
#2017 = DIRECTION('',(0.,0.,1.));
#2018 = ORIENTED_EDGE('',*,*,#2019,.T.);
#2019 = EDGE_CURVE('',#2010,#2020,#2022,.T.);
#2020 = VERTEX_POINT('',#2021);
#2021 = CARTESIAN_POINT('',(-367.5,217.5,150.));
#2022 = LINE('',#2023,#2024);
#2023 = CARTESIAN_POINT('',(-367.5,182.5,150.));
#2024 = VECTOR('',#2025,1.);
#2025 = DIRECTION('',(0.,1.,0.));
#2026 = ORIENTED_EDGE('',*,*,#2027,.T.);
#2027 = EDGE_CURVE('',#2020,#2028,#2030,.T.);
#2028 = VERTEX_POINT('',#2029);
#2029 = CARTESIAN_POINT('',(-367.5,217.5,2.05E+03));
#2030 = LINE('',#2031,#2032);
#2031 = CARTESIAN_POINT('',(-367.5,217.5,150.));
#2032 = VECTOR('',#2033,1.);
#2033 = DIRECTION('',(0.,0.,1.));
#2034 = ORIENTED_EDGE('',*,*,#2035,.F.);
#2035 = EDGE_CURVE('',#2012,#2028,#2036,.T.);
#2036 = LINE('',#2037,#2038);
#2037 = CARTESIAN_POINT('',(-367.5,182.5,2.05E+03));
#2038 = VECTOR('',#2039,1.);
#2039 = DIRECTION('',(0.,1.,0.));
#2040 = PLANE('',#2041);
#2041 = AXIS2_PLACEMENT_3D('',#2042,#2043,#2044);
#2042 = CARTESIAN_POINT('',(-367.5,182.5,150.));
#2043 = DIRECTION('',(1.,0.,0.));
#2044 = DIRECTION('',(0.,0.,1.));
#2045 = ADVANCED_FACE('',(#2046),#2071,.F.);
#2046 = FACE_BOUND('',#2047,.F.);
#2047 = EDGE_LOOP('',(#2048,#2056,#2057,#2065));
#2048 = ORIENTED_EDGE('',*,*,#2049,.F.);
#2049 = EDGE_CURVE('',#2010,#2050,#2052,.T.);
#2050 = VERTEX_POINT('',#2051);
#2051 = CARTESIAN_POINT('',(-332.5,182.5,150.));
#2052 = LINE('',#2053,#2054);
#2053 = CARTESIAN_POINT('',(-367.5,182.5,150.));
#2054 = VECTOR('',#2055,1.);
#2055 = DIRECTION('',(1.,0.,0.));
#2056 = ORIENTED_EDGE('',*,*,#2009,.T.);
#2057 = ORIENTED_EDGE('',*,*,#2058,.T.);
#2058 = EDGE_CURVE('',#2012,#2059,#2061,.T.);
#2059 = VERTEX_POINT('',#2060);
#2060 = CARTESIAN_POINT('',(-332.5,182.5,2.05E+03));
#2061 = LINE('',#2062,#2063);
#2062 = CARTESIAN_POINT('',(-367.5,182.5,2.05E+03));
#2063 = VECTOR('',#2064,1.);
#2064 = DIRECTION('',(1.,0.,0.));
#2065 = ORIENTED_EDGE('',*,*,#2066,.F.);
#2066 = EDGE_CURVE('',#2050,#2059,#2067,.T.);
#2067 = LINE('',#2068,#2069);
#2068 = CARTESIAN_POINT('',(-332.5,182.5,150.));
#2069 = VECTOR('',#2070,1.);
#2070 = DIRECTION('',(0.,0.,1.));
#2071 = PLANE('',#2072);
#2072 = AXIS2_PLACEMENT_3D('',#2073,#2074,#2075);
#2073 = CARTESIAN_POINT('',(-367.5,182.5,150.));
#2074 = DIRECTION('',(0.,1.,0.));
#2075 = DIRECTION('',(0.,0.,1.));
#2076 = ADVANCED_FACE('',(#2077,#2095),#2129,.T.);
#2077 = FACE_BOUND('',#2078,.T.);
#2078 = EDGE_LOOP('',(#2079,#2080,#2081,#2089));
#2079 = ORIENTED_EDGE('',*,*,#2035,.F.);
#2080 = ORIENTED_EDGE('',*,*,#2058,.T.);
#2081 = ORIENTED_EDGE('',*,*,#2082,.T.);
#2082 = EDGE_CURVE('',#2059,#2083,#2085,.T.);
#2083 = VERTEX_POINT('',#2084);
#2084 = CARTESIAN_POINT('',(-332.5,217.5,2.05E+03));
#2085 = LINE('',#2086,#2087);
#2086 = CARTESIAN_POINT('',(-332.5,182.5,2.05E+03));
#2087 = VECTOR('',#2088,1.);
#2088 = DIRECTION('',(0.,1.,0.));
#2089 = ORIENTED_EDGE('',*,*,#2090,.F.);
#2090 = EDGE_CURVE('',#2028,#2083,#2091,.T.);
#2091 = LINE('',#2092,#2093);
#2092 = CARTESIAN_POINT('',(-367.5,217.5,2.05E+03));
#2093 = VECTOR('',#2094,1.);
#2094 = DIRECTION('',(1.,0.,0.));
#2095 = FACE_BOUND('',#2096,.T.);
#2096 = EDGE_LOOP('',(#2097,#2107,#2115,#2123));
#2097 = ORIENTED_EDGE('',*,*,#2098,.F.);
#2098 = EDGE_CURVE('',#2099,#2101,#2103,.T.);
#2099 = VERTEX_POINT('',#2100);
#2100 = CARTESIAN_POINT('',(-364.5,185.5,2.05E+03));
#2101 = VERTEX_POINT('',#2102);
#2102 = CARTESIAN_POINT('',(-335.5,185.5,2.05E+03));
#2103 = LINE('',#2104,#2105);
#2104 = CARTESIAN_POINT('',(-364.5,185.5,2.05E+03));
#2105 = VECTOR('',#2106,1.);
#2106 = DIRECTION('',(1.,0.,0.));
#2107 = ORIENTED_EDGE('',*,*,#2108,.T.);
#2108 = EDGE_CURVE('',#2099,#2109,#2111,.T.);
#2109 = VERTEX_POINT('',#2110);
#2110 = CARTESIAN_POINT('',(-364.5,214.5,2.05E+03));
#2111 = LINE('',#2112,#2113);
#2112 = CARTESIAN_POINT('',(-364.5,185.5,2.05E+03));
#2113 = VECTOR('',#2114,1.);
#2114 = DIRECTION('',(0.,1.,0.));
#2115 = ORIENTED_EDGE('',*,*,#2116,.T.);
#2116 = EDGE_CURVE('',#2109,#2117,#2119,.T.);
#2117 = VERTEX_POINT('',#2118);
#2118 = CARTESIAN_POINT('',(-335.5,214.5,2.05E+03));
#2119 = LINE('',#2120,#2121);
#2120 = CARTESIAN_POINT('',(-364.5,214.5,2.05E+03));
#2121 = VECTOR('',#2122,1.);
#2122 = DIRECTION('',(1.,0.,0.));
#2123 = ORIENTED_EDGE('',*,*,#2124,.F.);
#2124 = EDGE_CURVE('',#2101,#2117,#2125,.T.);
#2125 = LINE('',#2126,#2127);
#2126 = CARTESIAN_POINT('',(-335.5,185.5,2.05E+03));
#2127 = VECTOR('',#2128,1.);
#2128 = DIRECTION('',(0.,1.,0.));
#2129 = PLANE('',#2130);
#2130 = AXIS2_PLACEMENT_3D('',#2131,#2132,#2133);
#2131 = CARTESIAN_POINT('',(-367.5,182.5,2.05E+03));
#2132 = DIRECTION('',(0.,0.,1.));
#2133 = DIRECTION('',(1.,0.,0.));
#2134 = ADVANCED_FACE('',(#2135),#2153,.T.);
#2135 = FACE_BOUND('',#2136,.T.);
#2136 = EDGE_LOOP('',(#2137,#2145,#2146,#2147));
#2137 = ORIENTED_EDGE('',*,*,#2138,.F.);
#2138 = EDGE_CURVE('',#2020,#2139,#2141,.T.);
#2139 = VERTEX_POINT('',#2140);
#2140 = CARTESIAN_POINT('',(-332.5,217.5,150.));
#2141 = LINE('',#2142,#2143);
#2142 = CARTESIAN_POINT('',(-367.5,217.5,150.));
#2143 = VECTOR('',#2144,1.);
#2144 = DIRECTION('',(1.,0.,0.));
#2145 = ORIENTED_EDGE('',*,*,#2027,.T.);
#2146 = ORIENTED_EDGE('',*,*,#2090,.T.);
#2147 = ORIENTED_EDGE('',*,*,#2148,.F.);
#2148 = EDGE_CURVE('',#2139,#2083,#2149,.T.);
#2149 = LINE('',#2150,#2151);
#2150 = CARTESIAN_POINT('',(-332.5,217.5,150.));
#2151 = VECTOR('',#2152,1.);
#2152 = DIRECTION('',(0.,0.,1.));
#2153 = PLANE('',#2154);
#2154 = AXIS2_PLACEMENT_3D('',#2155,#2156,#2157);
#2155 = CARTESIAN_POINT('',(-367.5,217.5,150.));
#2156 = DIRECTION('',(0.,1.,0.));
#2157 = DIRECTION('',(0.,0.,1.));
#2158 = ADVANCED_FACE('',(#2159,#2170),#2204,.F.);
#2159 = FACE_BOUND('',#2160,.F.);
#2160 = EDGE_LOOP('',(#2161,#2162,#2163,#2169));
#2161 = ORIENTED_EDGE('',*,*,#2019,.F.);
#2162 = ORIENTED_EDGE('',*,*,#2049,.T.);
#2163 = ORIENTED_EDGE('',*,*,#2164,.T.);
#2164 = EDGE_CURVE('',#2050,#2139,#2165,.T.);
#2165 = LINE('',#2166,#2167);
#2166 = CARTESIAN_POINT('',(-332.5,182.5,150.));
#2167 = VECTOR('',#2168,1.);
#2168 = DIRECTION('',(0.,1.,0.));
#2169 = ORIENTED_EDGE('',*,*,#2138,.F.);
#2170 = FACE_BOUND('',#2171,.F.);
#2171 = EDGE_LOOP('',(#2172,#2182,#2190,#2198));
#2172 = ORIENTED_EDGE('',*,*,#2173,.F.);
#2173 = EDGE_CURVE('',#2174,#2176,#2178,.T.);
#2174 = VERTEX_POINT('',#2175);
#2175 = CARTESIAN_POINT('',(-364.5,185.5,150.));
#2176 = VERTEX_POINT('',#2177);
#2177 = CARTESIAN_POINT('',(-335.5,185.5,150.));
#2178 = LINE('',#2179,#2180);
#2179 = CARTESIAN_POINT('',(-364.5,185.5,150.));
#2180 = VECTOR('',#2181,1.);
#2181 = DIRECTION('',(1.,0.,0.));
#2182 = ORIENTED_EDGE('',*,*,#2183,.T.);
#2183 = EDGE_CURVE('',#2174,#2184,#2186,.T.);
#2184 = VERTEX_POINT('',#2185);
#2185 = CARTESIAN_POINT('',(-364.5,214.5,150.));
#2186 = LINE('',#2187,#2188);
#2187 = CARTESIAN_POINT('',(-364.5,185.5,150.));
#2188 = VECTOR('',#2189,1.);
#2189 = DIRECTION('',(0.,1.,0.));
#2190 = ORIENTED_EDGE('',*,*,#2191,.T.);
#2191 = EDGE_CURVE('',#2184,#2192,#2194,.T.);
#2192 = VERTEX_POINT('',#2193);
#2193 = CARTESIAN_POINT('',(-335.5,214.5,150.));
#2194 = LINE('',#2195,#2196);
#2195 = CARTESIAN_POINT('',(-364.5,214.5,150.));
#2196 = VECTOR('',#2197,1.);
#2197 = DIRECTION('',(1.,0.,0.));
#2198 = ORIENTED_EDGE('',*,*,#2199,.F.);
#2199 = EDGE_CURVE('',#2176,#2192,#2200,.T.);
#2200 = LINE('',#2201,#2202);
#2201 = CARTESIAN_POINT('',(-335.5,185.5,150.));
#2202 = VECTOR('',#2203,1.);
#2203 = DIRECTION('',(0.,1.,0.));
#2204 = PLANE('',#2205);
#2205 = AXIS2_PLACEMENT_3D('',#2206,#2207,#2208);
#2206 = CARTESIAN_POINT('',(-367.5,182.5,150.));
#2207 = DIRECTION('',(0.,0.,1.));
#2208 = DIRECTION('',(1.,0.,0.));
#2209 = ADVANCED_FACE('',(#2210),#2216,.T.);
#2210 = FACE_BOUND('',#2211,.T.);
#2211 = EDGE_LOOP('',(#2212,#2213,#2214,#2215));
#2212 = ORIENTED_EDGE('',*,*,#2066,.F.);
#2213 = ORIENTED_EDGE('',*,*,#2164,.T.);
#2214 = ORIENTED_EDGE('',*,*,#2148,.T.);
#2215 = ORIENTED_EDGE('',*,*,#2082,.F.);
#2216 = PLANE('',#2217);
#2217 = AXIS2_PLACEMENT_3D('',#2218,#2219,#2220);
#2218 = CARTESIAN_POINT('',(-332.5,182.5,150.));
#2219 = DIRECTION('',(1.,0.,0.));
#2220 = DIRECTION('',(0.,0.,1.));
#2221 = ADVANCED_FACE('',(#2222),#2238,.T.);
#2222 = FACE_BOUND('',#2223,.T.);
#2223 = EDGE_LOOP('',(#2224,#2225,#2231,#2232));
#2224 = ORIENTED_EDGE('',*,*,#2173,.F.);
#2225 = ORIENTED_EDGE('',*,*,#2226,.T.);
#2226 = EDGE_CURVE('',#2174,#2099,#2227,.T.);
#2227 = LINE('',#2228,#2229);
#2228 = CARTESIAN_POINT('',(-364.5,185.5,150.));
#2229 = VECTOR('',#2230,1.);
#2230 = DIRECTION('',(0.,0.,1.));
#2231 = ORIENTED_EDGE('',*,*,#2098,.T.);
#2232 = ORIENTED_EDGE('',*,*,#2233,.F.);
#2233 = EDGE_CURVE('',#2176,#2101,#2234,.T.);
#2234 = LINE('',#2235,#2236);
#2235 = CARTESIAN_POINT('',(-335.5,185.5,150.));
#2236 = VECTOR('',#2237,1.);
#2237 = DIRECTION('',(0.,0.,1.));
#2238 = PLANE('',#2239);
#2239 = AXIS2_PLACEMENT_3D('',#2240,#2241,#2242);
#2240 = CARTESIAN_POINT('',(-364.5,185.5,150.));
#2241 = DIRECTION('',(0.,1.,0.));
#2242 = DIRECTION('',(0.,0.,1.));
#2243 = ADVANCED_FACE('',(#2244),#2255,.F.);
#2244 = FACE_BOUND('',#2245,.F.);
#2245 = EDGE_LOOP('',(#2246,#2247,#2248,#2254));
#2246 = ORIENTED_EDGE('',*,*,#2233,.F.);
#2247 = ORIENTED_EDGE('',*,*,#2199,.T.);
#2248 = ORIENTED_EDGE('',*,*,#2249,.T.);
#2249 = EDGE_CURVE('',#2192,#2117,#2250,.T.);
#2250 = LINE('',#2251,#2252);
#2251 = CARTESIAN_POINT('',(-335.5,214.5,150.));
#2252 = VECTOR('',#2253,1.);
#2253 = DIRECTION('',(0.,0.,1.));
#2254 = ORIENTED_EDGE('',*,*,#2124,.F.);
#2255 = PLANE('',#2256);
#2256 = AXIS2_PLACEMENT_3D('',#2257,#2258,#2259);
#2257 = CARTESIAN_POINT('',(-335.5,185.5,150.));
#2258 = DIRECTION('',(1.,0.,0.));
#2259 = DIRECTION('',(0.,0.,1.));
#2260 = ADVANCED_FACE('',(#2261),#2272,.F.);
#2261 = FACE_BOUND('',#2262,.F.);
#2262 = EDGE_LOOP('',(#2263,#2264,#2270,#2271));
#2263 = ORIENTED_EDGE('',*,*,#2191,.F.);
#2264 = ORIENTED_EDGE('',*,*,#2265,.T.);
#2265 = EDGE_CURVE('',#2184,#2109,#2266,.T.);
#2266 = LINE('',#2267,#2268);
#2267 = CARTESIAN_POINT('',(-364.5,214.5,150.));
#2268 = VECTOR('',#2269,1.);
#2269 = DIRECTION('',(0.,0.,1.));
#2270 = ORIENTED_EDGE('',*,*,#2116,.T.);
#2271 = ORIENTED_EDGE('',*,*,#2249,.F.);
#2272 = PLANE('',#2273);
#2273 = AXIS2_PLACEMENT_3D('',#2274,#2275,#2276);
#2274 = CARTESIAN_POINT('',(-364.5,214.5,150.));
#2275 = DIRECTION('',(0.,1.,0.));
#2276 = DIRECTION('',(0.,0.,1.));
#2277 = ADVANCED_FACE('',(#2278),#2284,.T.);
#2278 = FACE_BOUND('',#2279,.T.);
#2279 = EDGE_LOOP('',(#2280,#2281,#2282,#2283));
#2280 = ORIENTED_EDGE('',*,*,#2226,.F.);
#2281 = ORIENTED_EDGE('',*,*,#2183,.T.);
#2282 = ORIENTED_EDGE('',*,*,#2265,.T.);
#2283 = ORIENTED_EDGE('',*,*,#2108,.F.);
#2284 = PLANE('',#2285);
#2285 = AXIS2_PLACEMENT_3D('',#2286,#2287,#2288);
#2286 = CARTESIAN_POINT('',(-364.5,185.5,150.));
#2287 = DIRECTION('',(1.,0.,0.));
#2288 = DIRECTION('',(0.,0.,1.));
#2289 = MANIFOLD_SOLID_BREP('',#2290);
#2290 = CLOSED_SHELL('',(#2291,#2331,#2362,#2420,#2444,#2495,#2507,#2529
    ,#2546,#2563));
#2291 = ADVANCED_FACE('',(#2292),#2326,.F.);
#2292 = FACE_BOUND('',#2293,.F.);
#2293 = EDGE_LOOP('',(#2294,#2304,#2312,#2320));
#2294 = ORIENTED_EDGE('',*,*,#2295,.F.);
#2295 = EDGE_CURVE('',#2296,#2298,#2300,.T.);
#2296 = VERTEX_POINT('',#2297);
#2297 = CARTESIAN_POINT('',(-367.5,-217.5,150.));
#2298 = VERTEX_POINT('',#2299);
#2299 = CARTESIAN_POINT('',(-367.5,-217.5,2.05E+03));
#2300 = LINE('',#2301,#2302);
#2301 = CARTESIAN_POINT('',(-367.5,-217.5,150.));
#2302 = VECTOR('',#2303,1.);
#2303 = DIRECTION('',(0.,0.,1.));
#2304 = ORIENTED_EDGE('',*,*,#2305,.T.);
#2305 = EDGE_CURVE('',#2296,#2306,#2308,.T.);
#2306 = VERTEX_POINT('',#2307);
#2307 = CARTESIAN_POINT('',(-367.5,-182.5,150.));
#2308 = LINE('',#2309,#2310);
#2309 = CARTESIAN_POINT('',(-367.5,-217.5,150.));
#2310 = VECTOR('',#2311,1.);
#2311 = DIRECTION('',(0.,1.,0.));
#2312 = ORIENTED_EDGE('',*,*,#2313,.T.);
#2313 = EDGE_CURVE('',#2306,#2314,#2316,.T.);
#2314 = VERTEX_POINT('',#2315);
#2315 = CARTESIAN_POINT('',(-367.5,-182.5,2.05E+03));
#2316 = LINE('',#2317,#2318);
#2317 = CARTESIAN_POINT('',(-367.5,-182.5,150.));
#2318 = VECTOR('',#2319,1.);
#2319 = DIRECTION('',(0.,0.,1.));
#2320 = ORIENTED_EDGE('',*,*,#2321,.F.);
#2321 = EDGE_CURVE('',#2298,#2314,#2322,.T.);
#2322 = LINE('',#2323,#2324);
#2323 = CARTESIAN_POINT('',(-367.5,-217.5,2.05E+03));
#2324 = VECTOR('',#2325,1.);
#2325 = DIRECTION('',(0.,1.,0.));
#2326 = PLANE('',#2327);
#2327 = AXIS2_PLACEMENT_3D('',#2328,#2329,#2330);
#2328 = CARTESIAN_POINT('',(-367.5,-217.5,150.));
#2329 = DIRECTION('',(1.,0.,0.));
#2330 = DIRECTION('',(0.,0.,1.));
#2331 = ADVANCED_FACE('',(#2332),#2357,.F.);
#2332 = FACE_BOUND('',#2333,.F.);
#2333 = EDGE_LOOP('',(#2334,#2342,#2343,#2351));
#2334 = ORIENTED_EDGE('',*,*,#2335,.F.);
#2335 = EDGE_CURVE('',#2296,#2336,#2338,.T.);
#2336 = VERTEX_POINT('',#2337);
#2337 = CARTESIAN_POINT('',(-332.5,-217.5,150.));
#2338 = LINE('',#2339,#2340);
#2339 = CARTESIAN_POINT('',(-367.5,-217.5,150.));
#2340 = VECTOR('',#2341,1.);
#2341 = DIRECTION('',(1.,0.,0.));
#2342 = ORIENTED_EDGE('',*,*,#2295,.T.);
#2343 = ORIENTED_EDGE('',*,*,#2344,.T.);
#2344 = EDGE_CURVE('',#2298,#2345,#2347,.T.);
#2345 = VERTEX_POINT('',#2346);
#2346 = CARTESIAN_POINT('',(-332.5,-217.5,2.05E+03));
#2347 = LINE('',#2348,#2349);
#2348 = CARTESIAN_POINT('',(-367.5,-217.5,2.05E+03));
#2349 = VECTOR('',#2350,1.);
#2350 = DIRECTION('',(1.,0.,0.));
#2351 = ORIENTED_EDGE('',*,*,#2352,.F.);
#2352 = EDGE_CURVE('',#2336,#2345,#2353,.T.);
#2353 = LINE('',#2354,#2355);
#2354 = CARTESIAN_POINT('',(-332.5,-217.5,150.));
#2355 = VECTOR('',#2356,1.);
#2356 = DIRECTION('',(0.,0.,1.));
#2357 = PLANE('',#2358);
#2358 = AXIS2_PLACEMENT_3D('',#2359,#2360,#2361);
#2359 = CARTESIAN_POINT('',(-367.5,-217.5,150.));
#2360 = DIRECTION('',(0.,1.,0.));
#2361 = DIRECTION('',(0.,0.,1.));
#2362 = ADVANCED_FACE('',(#2363,#2381),#2415,.T.);
#2363 = FACE_BOUND('',#2364,.T.);
#2364 = EDGE_LOOP('',(#2365,#2366,#2367,#2375));
#2365 = ORIENTED_EDGE('',*,*,#2321,.F.);
#2366 = ORIENTED_EDGE('',*,*,#2344,.T.);
#2367 = ORIENTED_EDGE('',*,*,#2368,.T.);
#2368 = EDGE_CURVE('',#2345,#2369,#2371,.T.);
#2369 = VERTEX_POINT('',#2370);
#2370 = CARTESIAN_POINT('',(-332.5,-182.5,2.05E+03));
#2371 = LINE('',#2372,#2373);
#2372 = CARTESIAN_POINT('',(-332.5,-217.5,2.05E+03));
#2373 = VECTOR('',#2374,1.);
#2374 = DIRECTION('',(0.,1.,0.));
#2375 = ORIENTED_EDGE('',*,*,#2376,.F.);
#2376 = EDGE_CURVE('',#2314,#2369,#2377,.T.);
#2377 = LINE('',#2378,#2379);
#2378 = CARTESIAN_POINT('',(-367.5,-182.5,2.05E+03));
#2379 = VECTOR('',#2380,1.);
#2380 = DIRECTION('',(1.,0.,0.));
#2381 = FACE_BOUND('',#2382,.T.);
#2382 = EDGE_LOOP('',(#2383,#2393,#2401,#2409));
#2383 = ORIENTED_EDGE('',*,*,#2384,.F.);
#2384 = EDGE_CURVE('',#2385,#2387,#2389,.T.);
#2385 = VERTEX_POINT('',#2386);
#2386 = CARTESIAN_POINT('',(-364.5,-214.5,2.05E+03));
#2387 = VERTEX_POINT('',#2388);
#2388 = CARTESIAN_POINT('',(-335.5,-214.5,2.05E+03));
#2389 = LINE('',#2390,#2391);
#2390 = CARTESIAN_POINT('',(-364.5,-214.5,2.05E+03));
#2391 = VECTOR('',#2392,1.);
#2392 = DIRECTION('',(1.,0.,0.));
#2393 = ORIENTED_EDGE('',*,*,#2394,.T.);
#2394 = EDGE_CURVE('',#2385,#2395,#2397,.T.);
#2395 = VERTEX_POINT('',#2396);
#2396 = CARTESIAN_POINT('',(-364.5,-185.5,2.05E+03));
#2397 = LINE('',#2398,#2399);
#2398 = CARTESIAN_POINT('',(-364.5,-214.5,2.05E+03));
#2399 = VECTOR('',#2400,1.);
#2400 = DIRECTION('',(0.,1.,0.));
#2401 = ORIENTED_EDGE('',*,*,#2402,.T.);
#2402 = EDGE_CURVE('',#2395,#2403,#2405,.T.);
#2403 = VERTEX_POINT('',#2404);
#2404 = CARTESIAN_POINT('',(-335.5,-185.5,2.05E+03));
#2405 = LINE('',#2406,#2407);
#2406 = CARTESIAN_POINT('',(-364.5,-185.5,2.05E+03));
#2407 = VECTOR('',#2408,1.);
#2408 = DIRECTION('',(1.,0.,0.));
#2409 = ORIENTED_EDGE('',*,*,#2410,.F.);
#2410 = EDGE_CURVE('',#2387,#2403,#2411,.T.);
#2411 = LINE('',#2412,#2413);
#2412 = CARTESIAN_POINT('',(-335.5,-214.5,2.05E+03));
#2413 = VECTOR('',#2414,1.);
#2414 = DIRECTION('',(0.,1.,0.));
#2415 = PLANE('',#2416);
#2416 = AXIS2_PLACEMENT_3D('',#2417,#2418,#2419);
#2417 = CARTESIAN_POINT('',(-367.5,-217.5,2.05E+03));
#2418 = DIRECTION('',(0.,0.,1.));
#2419 = DIRECTION('',(1.,0.,0.));
#2420 = ADVANCED_FACE('',(#2421),#2439,.T.);
#2421 = FACE_BOUND('',#2422,.T.);
#2422 = EDGE_LOOP('',(#2423,#2431,#2432,#2433));
#2423 = ORIENTED_EDGE('',*,*,#2424,.F.);
#2424 = EDGE_CURVE('',#2306,#2425,#2427,.T.);
#2425 = VERTEX_POINT('',#2426);
#2426 = CARTESIAN_POINT('',(-332.5,-182.5,150.));
#2427 = LINE('',#2428,#2429);
#2428 = CARTESIAN_POINT('',(-367.5,-182.5,150.));
#2429 = VECTOR('',#2430,1.);
#2430 = DIRECTION('',(1.,0.,0.));
#2431 = ORIENTED_EDGE('',*,*,#2313,.T.);
#2432 = ORIENTED_EDGE('',*,*,#2376,.T.);
#2433 = ORIENTED_EDGE('',*,*,#2434,.F.);
#2434 = EDGE_CURVE('',#2425,#2369,#2435,.T.);
#2435 = LINE('',#2436,#2437);
#2436 = CARTESIAN_POINT('',(-332.5,-182.5,150.));
#2437 = VECTOR('',#2438,1.);
#2438 = DIRECTION('',(0.,0.,1.));
#2439 = PLANE('',#2440);
#2440 = AXIS2_PLACEMENT_3D('',#2441,#2442,#2443);
#2441 = CARTESIAN_POINT('',(-367.5,-182.5,150.));
#2442 = DIRECTION('',(0.,1.,0.));
#2443 = DIRECTION('',(0.,0.,1.));
#2444 = ADVANCED_FACE('',(#2445,#2456),#2490,.F.);
#2445 = FACE_BOUND('',#2446,.F.);
#2446 = EDGE_LOOP('',(#2447,#2448,#2449,#2455));
#2447 = ORIENTED_EDGE('',*,*,#2305,.F.);
#2448 = ORIENTED_EDGE('',*,*,#2335,.T.);
#2449 = ORIENTED_EDGE('',*,*,#2450,.T.);
#2450 = EDGE_CURVE('',#2336,#2425,#2451,.T.);
#2451 = LINE('',#2452,#2453);
#2452 = CARTESIAN_POINT('',(-332.5,-217.5,150.));
#2453 = VECTOR('',#2454,1.);
#2454 = DIRECTION('',(0.,1.,0.));
#2455 = ORIENTED_EDGE('',*,*,#2424,.F.);
#2456 = FACE_BOUND('',#2457,.F.);
#2457 = EDGE_LOOP('',(#2458,#2468,#2476,#2484));
#2458 = ORIENTED_EDGE('',*,*,#2459,.F.);
#2459 = EDGE_CURVE('',#2460,#2462,#2464,.T.);
#2460 = VERTEX_POINT('',#2461);
#2461 = CARTESIAN_POINT('',(-364.5,-214.5,150.));
#2462 = VERTEX_POINT('',#2463);
#2463 = CARTESIAN_POINT('',(-335.5,-214.5,150.));
#2464 = LINE('',#2465,#2466);
#2465 = CARTESIAN_POINT('',(-364.5,-214.5,150.));
#2466 = VECTOR('',#2467,1.);
#2467 = DIRECTION('',(1.,0.,0.));
#2468 = ORIENTED_EDGE('',*,*,#2469,.T.);
#2469 = EDGE_CURVE('',#2460,#2470,#2472,.T.);
#2470 = VERTEX_POINT('',#2471);
#2471 = CARTESIAN_POINT('',(-364.5,-185.5,150.));
#2472 = LINE('',#2473,#2474);
#2473 = CARTESIAN_POINT('',(-364.5,-214.5,150.));
#2474 = VECTOR('',#2475,1.);
#2475 = DIRECTION('',(0.,1.,0.));
#2476 = ORIENTED_EDGE('',*,*,#2477,.T.);
#2477 = EDGE_CURVE('',#2470,#2478,#2480,.T.);
#2478 = VERTEX_POINT('',#2479);
#2479 = CARTESIAN_POINT('',(-335.5,-185.5,150.));
#2480 = LINE('',#2481,#2482);
#2481 = CARTESIAN_POINT('',(-364.5,-185.5,150.));
#2482 = VECTOR('',#2483,1.);
#2483 = DIRECTION('',(1.,0.,0.));
#2484 = ORIENTED_EDGE('',*,*,#2485,.F.);
#2485 = EDGE_CURVE('',#2462,#2478,#2486,.T.);
#2486 = LINE('',#2487,#2488);
#2487 = CARTESIAN_POINT('',(-335.5,-214.5,150.));
#2488 = VECTOR('',#2489,1.);
#2489 = DIRECTION('',(0.,1.,0.));
#2490 = PLANE('',#2491);
#2491 = AXIS2_PLACEMENT_3D('',#2492,#2493,#2494);
#2492 = CARTESIAN_POINT('',(-367.5,-217.5,150.));
#2493 = DIRECTION('',(0.,0.,1.));
#2494 = DIRECTION('',(1.,0.,0.));
#2495 = ADVANCED_FACE('',(#2496),#2502,.T.);
#2496 = FACE_BOUND('',#2497,.T.);
#2497 = EDGE_LOOP('',(#2498,#2499,#2500,#2501));
#2498 = ORIENTED_EDGE('',*,*,#2352,.F.);
#2499 = ORIENTED_EDGE('',*,*,#2450,.T.);
#2500 = ORIENTED_EDGE('',*,*,#2434,.T.);
#2501 = ORIENTED_EDGE('',*,*,#2368,.F.);
#2502 = PLANE('',#2503);
#2503 = AXIS2_PLACEMENT_3D('',#2504,#2505,#2506);
#2504 = CARTESIAN_POINT('',(-332.5,-217.5,150.));
#2505 = DIRECTION('',(1.,0.,0.));
#2506 = DIRECTION('',(0.,0.,1.));
#2507 = ADVANCED_FACE('',(#2508),#2524,.T.);
#2508 = FACE_BOUND('',#2509,.T.);
#2509 = EDGE_LOOP('',(#2510,#2511,#2517,#2518));
#2510 = ORIENTED_EDGE('',*,*,#2459,.F.);
#2511 = ORIENTED_EDGE('',*,*,#2512,.T.);
#2512 = EDGE_CURVE('',#2460,#2385,#2513,.T.);
#2513 = LINE('',#2514,#2515);
#2514 = CARTESIAN_POINT('',(-364.5,-214.5,150.));
#2515 = VECTOR('',#2516,1.);
#2516 = DIRECTION('',(0.,0.,1.));
#2517 = ORIENTED_EDGE('',*,*,#2384,.T.);
#2518 = ORIENTED_EDGE('',*,*,#2519,.F.);
#2519 = EDGE_CURVE('',#2462,#2387,#2520,.T.);
#2520 = LINE('',#2521,#2522);
#2521 = CARTESIAN_POINT('',(-335.5,-214.5,150.));
#2522 = VECTOR('',#2523,1.);
#2523 = DIRECTION('',(0.,0.,1.));
#2524 = PLANE('',#2525);
#2525 = AXIS2_PLACEMENT_3D('',#2526,#2527,#2528);
#2526 = CARTESIAN_POINT('',(-364.5,-214.5,150.));
#2527 = DIRECTION('',(0.,1.,0.));
#2528 = DIRECTION('',(0.,0.,1.));
#2529 = ADVANCED_FACE('',(#2530),#2541,.F.);
#2530 = FACE_BOUND('',#2531,.F.);
#2531 = EDGE_LOOP('',(#2532,#2533,#2534,#2540));
#2532 = ORIENTED_EDGE('',*,*,#2519,.F.);
#2533 = ORIENTED_EDGE('',*,*,#2485,.T.);
#2534 = ORIENTED_EDGE('',*,*,#2535,.T.);
#2535 = EDGE_CURVE('',#2478,#2403,#2536,.T.);
#2536 = LINE('',#2537,#2538);
#2537 = CARTESIAN_POINT('',(-335.5,-185.5,150.));
#2538 = VECTOR('',#2539,1.);
#2539 = DIRECTION('',(0.,0.,1.));
#2540 = ORIENTED_EDGE('',*,*,#2410,.F.);
#2541 = PLANE('',#2542);
#2542 = AXIS2_PLACEMENT_3D('',#2543,#2544,#2545);
#2543 = CARTESIAN_POINT('',(-335.5,-214.5,150.));
#2544 = DIRECTION('',(1.,0.,0.));
#2545 = DIRECTION('',(0.,0.,1.));
#2546 = ADVANCED_FACE('',(#2547),#2558,.F.);
#2547 = FACE_BOUND('',#2548,.F.);
#2548 = EDGE_LOOP('',(#2549,#2550,#2556,#2557));
#2549 = ORIENTED_EDGE('',*,*,#2477,.F.);
#2550 = ORIENTED_EDGE('',*,*,#2551,.T.);
#2551 = EDGE_CURVE('',#2470,#2395,#2552,.T.);
#2552 = LINE('',#2553,#2554);
#2553 = CARTESIAN_POINT('',(-364.5,-185.5,150.));
#2554 = VECTOR('',#2555,1.);
#2555 = DIRECTION('',(0.,0.,1.));
#2556 = ORIENTED_EDGE('',*,*,#2402,.T.);
#2557 = ORIENTED_EDGE('',*,*,#2535,.F.);
#2558 = PLANE('',#2559);
#2559 = AXIS2_PLACEMENT_3D('',#2560,#2561,#2562);
#2560 = CARTESIAN_POINT('',(-364.5,-185.5,150.));
#2561 = DIRECTION('',(0.,1.,0.));
#2562 = DIRECTION('',(0.,0.,1.));
#2563 = ADVANCED_FACE('',(#2564),#2570,.T.);
#2564 = FACE_BOUND('',#2565,.T.);
#2565 = EDGE_LOOP('',(#2566,#2567,#2568,#2569));
#2566 = ORIENTED_EDGE('',*,*,#2512,.F.);
#2567 = ORIENTED_EDGE('',*,*,#2469,.T.);
#2568 = ORIENTED_EDGE('',*,*,#2551,.T.);
#2569 = ORIENTED_EDGE('',*,*,#2394,.F.);
#2570 = PLANE('',#2571);
#2571 = AXIS2_PLACEMENT_3D('',#2572,#2573,#2574);
#2572 = CARTESIAN_POINT('',(-364.5,-214.5,150.));
#2573 = DIRECTION('',(1.,0.,0.));
#2574 = DIRECTION('',(0.,0.,1.));
#2575 = MANIFOLD_SOLID_BREP('',#2576);
#2576 = CLOSED_SHELL('',(#2577,#2617,#2648,#2706,#2730,#2781,#2793,#2815
    ,#2832,#2849));
#2577 = ADVANCED_FACE('',(#2578),#2612,.F.);
#2578 = FACE_BOUND('',#2579,.F.);
#2579 = EDGE_LOOP('',(#2580,#2590,#2598,#2606));
#2580 = ORIENTED_EDGE('',*,*,#2581,.F.);
#2581 = EDGE_CURVE('',#2582,#2584,#2586,.T.);
#2582 = VERTEX_POINT('',#2583);
#2583 = CARTESIAN_POINT('',(332.5,-217.5,150.));
#2584 = VERTEX_POINT('',#2585);
#2585 = CARTESIAN_POINT('',(332.5,-217.5,2.05E+03));
#2586 = LINE('',#2587,#2588);
#2587 = CARTESIAN_POINT('',(332.5,-217.5,150.));
#2588 = VECTOR('',#2589,1.);
#2589 = DIRECTION('',(0.,0.,1.));
#2590 = ORIENTED_EDGE('',*,*,#2591,.T.);
#2591 = EDGE_CURVE('',#2582,#2592,#2594,.T.);
#2592 = VERTEX_POINT('',#2593);
#2593 = CARTESIAN_POINT('',(332.5,-182.5,150.));
#2594 = LINE('',#2595,#2596);
#2595 = CARTESIAN_POINT('',(332.5,-217.5,150.));
#2596 = VECTOR('',#2597,1.);
#2597 = DIRECTION('',(0.,1.,0.));
#2598 = ORIENTED_EDGE('',*,*,#2599,.T.);
#2599 = EDGE_CURVE('',#2592,#2600,#2602,.T.);
#2600 = VERTEX_POINT('',#2601);
#2601 = CARTESIAN_POINT('',(332.5,-182.5,2.05E+03));
#2602 = LINE('',#2603,#2604);
#2603 = CARTESIAN_POINT('',(332.5,-182.5,150.));
#2604 = VECTOR('',#2605,1.);
#2605 = DIRECTION('',(0.,0.,1.));
#2606 = ORIENTED_EDGE('',*,*,#2607,.F.);
#2607 = EDGE_CURVE('',#2584,#2600,#2608,.T.);
#2608 = LINE('',#2609,#2610);
#2609 = CARTESIAN_POINT('',(332.5,-217.5,2.05E+03));
#2610 = VECTOR('',#2611,1.);
#2611 = DIRECTION('',(0.,1.,0.));
#2612 = PLANE('',#2613);
#2613 = AXIS2_PLACEMENT_3D('',#2614,#2615,#2616);
#2614 = CARTESIAN_POINT('',(332.5,-217.5,150.));
#2615 = DIRECTION('',(1.,0.,0.));
#2616 = DIRECTION('',(0.,0.,1.));
#2617 = ADVANCED_FACE('',(#2618),#2643,.F.);
#2618 = FACE_BOUND('',#2619,.F.);
#2619 = EDGE_LOOP('',(#2620,#2628,#2629,#2637));
#2620 = ORIENTED_EDGE('',*,*,#2621,.F.);
#2621 = EDGE_CURVE('',#2582,#2622,#2624,.T.);
#2622 = VERTEX_POINT('',#2623);
#2623 = CARTESIAN_POINT('',(367.5,-217.5,150.));
#2624 = LINE('',#2625,#2626);
#2625 = CARTESIAN_POINT('',(332.5,-217.5,150.));
#2626 = VECTOR('',#2627,1.);
#2627 = DIRECTION('',(1.,0.,0.));
#2628 = ORIENTED_EDGE('',*,*,#2581,.T.);
#2629 = ORIENTED_EDGE('',*,*,#2630,.T.);
#2630 = EDGE_CURVE('',#2584,#2631,#2633,.T.);
#2631 = VERTEX_POINT('',#2632);
#2632 = CARTESIAN_POINT('',(367.5,-217.5,2.05E+03));
#2633 = LINE('',#2634,#2635);
#2634 = CARTESIAN_POINT('',(332.5,-217.5,2.05E+03));
#2635 = VECTOR('',#2636,1.);
#2636 = DIRECTION('',(1.,0.,0.));
#2637 = ORIENTED_EDGE('',*,*,#2638,.F.);
#2638 = EDGE_CURVE('',#2622,#2631,#2639,.T.);
#2639 = LINE('',#2640,#2641);
#2640 = CARTESIAN_POINT('',(367.5,-217.5,150.));
#2641 = VECTOR('',#2642,1.);
#2642 = DIRECTION('',(0.,0.,1.));
#2643 = PLANE('',#2644);
#2644 = AXIS2_PLACEMENT_3D('',#2645,#2646,#2647);
#2645 = CARTESIAN_POINT('',(332.5,-217.5,150.));
#2646 = DIRECTION('',(0.,1.,0.));
#2647 = DIRECTION('',(0.,0.,1.));
#2648 = ADVANCED_FACE('',(#2649,#2667),#2701,.T.);
#2649 = FACE_BOUND('',#2650,.T.);
#2650 = EDGE_LOOP('',(#2651,#2652,#2653,#2661));
#2651 = ORIENTED_EDGE('',*,*,#2607,.F.);
#2652 = ORIENTED_EDGE('',*,*,#2630,.T.);
#2653 = ORIENTED_EDGE('',*,*,#2654,.T.);
#2654 = EDGE_CURVE('',#2631,#2655,#2657,.T.);
#2655 = VERTEX_POINT('',#2656);
#2656 = CARTESIAN_POINT('',(367.5,-182.5,2.05E+03));
#2657 = LINE('',#2658,#2659);
#2658 = CARTESIAN_POINT('',(367.5,-217.5,2.05E+03));
#2659 = VECTOR('',#2660,1.);
#2660 = DIRECTION('',(0.,1.,0.));
#2661 = ORIENTED_EDGE('',*,*,#2662,.F.);
#2662 = EDGE_CURVE('',#2600,#2655,#2663,.T.);
#2663 = LINE('',#2664,#2665);
#2664 = CARTESIAN_POINT('',(332.5,-182.5,2.05E+03));
#2665 = VECTOR('',#2666,1.);
#2666 = DIRECTION('',(1.,0.,0.));
#2667 = FACE_BOUND('',#2668,.T.);
#2668 = EDGE_LOOP('',(#2669,#2679,#2687,#2695));
#2669 = ORIENTED_EDGE('',*,*,#2670,.F.);
#2670 = EDGE_CURVE('',#2671,#2673,#2675,.T.);
#2671 = VERTEX_POINT('',#2672);
#2672 = CARTESIAN_POINT('',(335.5,-214.5,2.05E+03));
#2673 = VERTEX_POINT('',#2674);
#2674 = CARTESIAN_POINT('',(364.5,-214.5,2.05E+03));
#2675 = LINE('',#2676,#2677);
#2676 = CARTESIAN_POINT('',(335.5,-214.5,2.05E+03));
#2677 = VECTOR('',#2678,1.);
#2678 = DIRECTION('',(1.,0.,0.));
#2679 = ORIENTED_EDGE('',*,*,#2680,.T.);
#2680 = EDGE_CURVE('',#2671,#2681,#2683,.T.);
#2681 = VERTEX_POINT('',#2682);
#2682 = CARTESIAN_POINT('',(335.5,-185.5,2.05E+03));
#2683 = LINE('',#2684,#2685);
#2684 = CARTESIAN_POINT('',(335.5,-214.5,2.05E+03));
#2685 = VECTOR('',#2686,1.);
#2686 = DIRECTION('',(0.,1.,0.));
#2687 = ORIENTED_EDGE('',*,*,#2688,.T.);
#2688 = EDGE_CURVE('',#2681,#2689,#2691,.T.);
#2689 = VERTEX_POINT('',#2690);
#2690 = CARTESIAN_POINT('',(364.5,-185.5,2.05E+03));
#2691 = LINE('',#2692,#2693);
#2692 = CARTESIAN_POINT('',(335.5,-185.5,2.05E+03));
#2693 = VECTOR('',#2694,1.);
#2694 = DIRECTION('',(1.,0.,0.));
#2695 = ORIENTED_EDGE('',*,*,#2696,.F.);
#2696 = EDGE_CURVE('',#2673,#2689,#2697,.T.);
#2697 = LINE('',#2698,#2699);
#2698 = CARTESIAN_POINT('',(364.5,-214.5,2.05E+03));
#2699 = VECTOR('',#2700,1.);
#2700 = DIRECTION('',(0.,1.,0.));
#2701 = PLANE('',#2702);
#2702 = AXIS2_PLACEMENT_3D('',#2703,#2704,#2705);
#2703 = CARTESIAN_POINT('',(332.5,-217.5,2.05E+03));
#2704 = DIRECTION('',(0.,0.,1.));
#2705 = DIRECTION('',(1.,0.,0.));
#2706 = ADVANCED_FACE('',(#2707),#2725,.T.);
#2707 = FACE_BOUND('',#2708,.T.);
#2708 = EDGE_LOOP('',(#2709,#2717,#2718,#2719));
#2709 = ORIENTED_EDGE('',*,*,#2710,.F.);
#2710 = EDGE_CURVE('',#2592,#2711,#2713,.T.);
#2711 = VERTEX_POINT('',#2712);
#2712 = CARTESIAN_POINT('',(367.5,-182.5,150.));
#2713 = LINE('',#2714,#2715);
#2714 = CARTESIAN_POINT('',(332.5,-182.5,150.));
#2715 = VECTOR('',#2716,1.);
#2716 = DIRECTION('',(1.,0.,0.));
#2717 = ORIENTED_EDGE('',*,*,#2599,.T.);
#2718 = ORIENTED_EDGE('',*,*,#2662,.T.);
#2719 = ORIENTED_EDGE('',*,*,#2720,.F.);
#2720 = EDGE_CURVE('',#2711,#2655,#2721,.T.);
#2721 = LINE('',#2722,#2723);
#2722 = CARTESIAN_POINT('',(367.5,-182.5,150.));
#2723 = VECTOR('',#2724,1.);
#2724 = DIRECTION('',(0.,0.,1.));
#2725 = PLANE('',#2726);
#2726 = AXIS2_PLACEMENT_3D('',#2727,#2728,#2729);
#2727 = CARTESIAN_POINT('',(332.5,-182.5,150.));
#2728 = DIRECTION('',(0.,1.,0.));
#2729 = DIRECTION('',(0.,0.,1.));
#2730 = ADVANCED_FACE('',(#2731,#2742),#2776,.F.);
#2731 = FACE_BOUND('',#2732,.F.);
#2732 = EDGE_LOOP('',(#2733,#2734,#2735,#2741));
#2733 = ORIENTED_EDGE('',*,*,#2591,.F.);
#2734 = ORIENTED_EDGE('',*,*,#2621,.T.);
#2735 = ORIENTED_EDGE('',*,*,#2736,.T.);
#2736 = EDGE_CURVE('',#2622,#2711,#2737,.T.);
#2737 = LINE('',#2738,#2739);
#2738 = CARTESIAN_POINT('',(367.5,-217.5,150.));
#2739 = VECTOR('',#2740,1.);
#2740 = DIRECTION('',(0.,1.,0.));
#2741 = ORIENTED_EDGE('',*,*,#2710,.F.);
#2742 = FACE_BOUND('',#2743,.F.);
#2743 = EDGE_LOOP('',(#2744,#2754,#2762,#2770));
#2744 = ORIENTED_EDGE('',*,*,#2745,.F.);
#2745 = EDGE_CURVE('',#2746,#2748,#2750,.T.);
#2746 = VERTEX_POINT('',#2747);
#2747 = CARTESIAN_POINT('',(335.5,-214.5,150.));
#2748 = VERTEX_POINT('',#2749);
#2749 = CARTESIAN_POINT('',(364.5,-214.5,150.));
#2750 = LINE('',#2751,#2752);
#2751 = CARTESIAN_POINT('',(335.5,-214.5,150.));
#2752 = VECTOR('',#2753,1.);
#2753 = DIRECTION('',(1.,0.,0.));
#2754 = ORIENTED_EDGE('',*,*,#2755,.T.);
#2755 = EDGE_CURVE('',#2746,#2756,#2758,.T.);
#2756 = VERTEX_POINT('',#2757);
#2757 = CARTESIAN_POINT('',(335.5,-185.5,150.));
#2758 = LINE('',#2759,#2760);
#2759 = CARTESIAN_POINT('',(335.5,-214.5,150.));
#2760 = VECTOR('',#2761,1.);
#2761 = DIRECTION('',(0.,1.,0.));
#2762 = ORIENTED_EDGE('',*,*,#2763,.T.);
#2763 = EDGE_CURVE('',#2756,#2764,#2766,.T.);
#2764 = VERTEX_POINT('',#2765);
#2765 = CARTESIAN_POINT('',(364.5,-185.5,150.));
#2766 = LINE('',#2767,#2768);
#2767 = CARTESIAN_POINT('',(335.5,-185.5,150.));
#2768 = VECTOR('',#2769,1.);
#2769 = DIRECTION('',(1.,0.,0.));
#2770 = ORIENTED_EDGE('',*,*,#2771,.F.);
#2771 = EDGE_CURVE('',#2748,#2764,#2772,.T.);
#2772 = LINE('',#2773,#2774);
#2773 = CARTESIAN_POINT('',(364.5,-214.5,150.));
#2774 = VECTOR('',#2775,1.);
#2775 = DIRECTION('',(0.,1.,0.));
#2776 = PLANE('',#2777);
#2777 = AXIS2_PLACEMENT_3D('',#2778,#2779,#2780);
#2778 = CARTESIAN_POINT('',(332.5,-217.5,150.));
#2779 = DIRECTION('',(0.,0.,1.));
#2780 = DIRECTION('',(1.,0.,0.));
#2781 = ADVANCED_FACE('',(#2782),#2788,.T.);
#2782 = FACE_BOUND('',#2783,.T.);
#2783 = EDGE_LOOP('',(#2784,#2785,#2786,#2787));
#2784 = ORIENTED_EDGE('',*,*,#2638,.F.);
#2785 = ORIENTED_EDGE('',*,*,#2736,.T.);
#2786 = ORIENTED_EDGE('',*,*,#2720,.T.);
#2787 = ORIENTED_EDGE('',*,*,#2654,.F.);
#2788 = PLANE('',#2789);
#2789 = AXIS2_PLACEMENT_3D('',#2790,#2791,#2792);
#2790 = CARTESIAN_POINT('',(367.5,-217.5,150.));
#2791 = DIRECTION('',(1.,0.,0.));
#2792 = DIRECTION('',(0.,0.,1.));
#2793 = ADVANCED_FACE('',(#2794),#2810,.T.);
#2794 = FACE_BOUND('',#2795,.T.);
#2795 = EDGE_LOOP('',(#2796,#2797,#2803,#2804));
#2796 = ORIENTED_EDGE('',*,*,#2745,.F.);
#2797 = ORIENTED_EDGE('',*,*,#2798,.T.);
#2798 = EDGE_CURVE('',#2746,#2671,#2799,.T.);
#2799 = LINE('',#2800,#2801);
#2800 = CARTESIAN_POINT('',(335.5,-214.5,150.));
#2801 = VECTOR('',#2802,1.);
#2802 = DIRECTION('',(0.,0.,1.));
#2803 = ORIENTED_EDGE('',*,*,#2670,.T.);
#2804 = ORIENTED_EDGE('',*,*,#2805,.F.);
#2805 = EDGE_CURVE('',#2748,#2673,#2806,.T.);
#2806 = LINE('',#2807,#2808);
#2807 = CARTESIAN_POINT('',(364.5,-214.5,150.));
#2808 = VECTOR('',#2809,1.);
#2809 = DIRECTION('',(0.,0.,1.));
#2810 = PLANE('',#2811);
#2811 = AXIS2_PLACEMENT_3D('',#2812,#2813,#2814);
#2812 = CARTESIAN_POINT('',(335.5,-214.5,150.));
#2813 = DIRECTION('',(0.,1.,0.));
#2814 = DIRECTION('',(0.,0.,1.));
#2815 = ADVANCED_FACE('',(#2816),#2827,.F.);
#2816 = FACE_BOUND('',#2817,.F.);
#2817 = EDGE_LOOP('',(#2818,#2819,#2820,#2826));
#2818 = ORIENTED_EDGE('',*,*,#2805,.F.);
#2819 = ORIENTED_EDGE('',*,*,#2771,.T.);
#2820 = ORIENTED_EDGE('',*,*,#2821,.T.);
#2821 = EDGE_CURVE('',#2764,#2689,#2822,.T.);
#2822 = LINE('',#2823,#2824);
#2823 = CARTESIAN_POINT('',(364.5,-185.5,150.));
#2824 = VECTOR('',#2825,1.);
#2825 = DIRECTION('',(0.,0.,1.));
#2826 = ORIENTED_EDGE('',*,*,#2696,.F.);
#2827 = PLANE('',#2828);
#2828 = AXIS2_PLACEMENT_3D('',#2829,#2830,#2831);
#2829 = CARTESIAN_POINT('',(364.5,-214.5,150.));
#2830 = DIRECTION('',(1.,0.,0.));
#2831 = DIRECTION('',(0.,0.,1.));
#2832 = ADVANCED_FACE('',(#2833),#2844,.F.);
#2833 = FACE_BOUND('',#2834,.F.);
#2834 = EDGE_LOOP('',(#2835,#2836,#2842,#2843));
#2835 = ORIENTED_EDGE('',*,*,#2763,.F.);
#2836 = ORIENTED_EDGE('',*,*,#2837,.T.);
#2837 = EDGE_CURVE('',#2756,#2681,#2838,.T.);
#2838 = LINE('',#2839,#2840);
#2839 = CARTESIAN_POINT('',(335.5,-185.5,150.));
#2840 = VECTOR('',#2841,1.);
#2841 = DIRECTION('',(0.,0.,1.));
#2842 = ORIENTED_EDGE('',*,*,#2688,.T.);
#2843 = ORIENTED_EDGE('',*,*,#2821,.F.);
#2844 = PLANE('',#2845);
#2845 = AXIS2_PLACEMENT_3D('',#2846,#2847,#2848);
#2846 = CARTESIAN_POINT('',(335.5,-185.5,150.));
#2847 = DIRECTION('',(0.,1.,0.));
#2848 = DIRECTION('',(0.,0.,1.));
#2849 = ADVANCED_FACE('',(#2850),#2856,.T.);
#2850 = FACE_BOUND('',#2851,.T.);
#2851 = EDGE_LOOP('',(#2852,#2853,#2854,#2855));
#2852 = ORIENTED_EDGE('',*,*,#2798,.F.);
#2853 = ORIENTED_EDGE('',*,*,#2755,.T.);
#2854 = ORIENTED_EDGE('',*,*,#2837,.T.);
#2855 = ORIENTED_EDGE('',*,*,#2680,.F.);
#2856 = PLANE('',#2857);
#2857 = AXIS2_PLACEMENT_3D('',#2858,#2859,#2860);
#2858 = CARTESIAN_POINT('',(335.5,-214.5,150.));
#2859 = DIRECTION('',(1.,0.,0.));
#2860 = DIRECTION('',(0.,0.,1.));
#2861 = MANIFOLD_SOLID_BREP('',#2862);
#2862 = CLOSED_SHELL('',(#2863,#2937,#2968,#2992,#3016,#3033,#3064,#3088
    ,#3112,#3129));
#2863 = ADVANCED_FACE('',(#2864,#2898),#2932,.F.);
#2864 = FACE_BOUND('',#2865,.F.);
#2865 = EDGE_LOOP('',(#2866,#2876,#2884,#2892));
#2866 = ORIENTED_EDGE('',*,*,#2867,.F.);
#2867 = EDGE_CURVE('',#2868,#2870,#2872,.T.);
#2868 = VERTEX_POINT('',#2869);
#2869 = CARTESIAN_POINT('',(-332.5,-217.5,150.));
#2870 = VERTEX_POINT('',#2871);
#2871 = CARTESIAN_POINT('',(-332.5,-217.5,185.));
#2872 = LINE('',#2873,#2874);
#2873 = CARTESIAN_POINT('',(-332.5,-217.5,150.));
#2874 = VECTOR('',#2875,1.);
#2875 = DIRECTION('',(0.,0.,1.));
#2876 = ORIENTED_EDGE('',*,*,#2877,.T.);
#2877 = EDGE_CURVE('',#2868,#2878,#2880,.T.);
#2878 = VERTEX_POINT('',#2879);
#2879 = CARTESIAN_POINT('',(-332.5,-182.5,150.));
#2880 = LINE('',#2881,#2882);
#2881 = CARTESIAN_POINT('',(-332.5,-217.5,150.));
#2882 = VECTOR('',#2883,1.);
#2883 = DIRECTION('',(0.,1.,0.));
#2884 = ORIENTED_EDGE('',*,*,#2885,.T.);
#2885 = EDGE_CURVE('',#2878,#2886,#2888,.T.);
#2886 = VERTEX_POINT('',#2887);
#2887 = CARTESIAN_POINT('',(-332.5,-182.5,185.));
#2888 = LINE('',#2889,#2890);
#2889 = CARTESIAN_POINT('',(-332.5,-182.5,150.));
#2890 = VECTOR('',#2891,1.);
#2891 = DIRECTION('',(0.,0.,1.));
#2892 = ORIENTED_EDGE('',*,*,#2893,.F.);
#2893 = EDGE_CURVE('',#2870,#2886,#2894,.T.);
#2894 = LINE('',#2895,#2896);
#2895 = CARTESIAN_POINT('',(-332.5,-217.5,185.));
#2896 = VECTOR('',#2897,1.);
#2897 = DIRECTION('',(0.,1.,0.));
#2898 = FACE_BOUND('',#2899,.F.);
#2899 = EDGE_LOOP('',(#2900,#2910,#2918,#2926));
#2900 = ORIENTED_EDGE('',*,*,#2901,.F.);
#2901 = EDGE_CURVE('',#2902,#2904,#2906,.T.);
#2902 = VERTEX_POINT('',#2903);
#2903 = CARTESIAN_POINT('',(-332.5,-214.5,153.));
#2904 = VERTEX_POINT('',#2905);
#2905 = CARTESIAN_POINT('',(-332.5,-185.5,153.));
#2906 = LINE('',#2907,#2908);
#2907 = CARTESIAN_POINT('',(-332.5,-214.5,153.));
#2908 = VECTOR('',#2909,1.);
#2909 = DIRECTION('',(0.,1.,0.));
#2910 = ORIENTED_EDGE('',*,*,#2911,.T.);
#2911 = EDGE_CURVE('',#2902,#2912,#2914,.T.);
#2912 = VERTEX_POINT('',#2913);
#2913 = CARTESIAN_POINT('',(-332.5,-214.5,182.));
#2914 = LINE('',#2915,#2916);
#2915 = CARTESIAN_POINT('',(-332.5,-214.5,153.));
#2916 = VECTOR('',#2917,1.);
#2917 = DIRECTION('',(0.,0.,1.));
#2918 = ORIENTED_EDGE('',*,*,#2919,.T.);
#2919 = EDGE_CURVE('',#2912,#2920,#2922,.T.);
#2920 = VERTEX_POINT('',#2921);
#2921 = CARTESIAN_POINT('',(-332.5,-185.5,182.));
#2922 = LINE('',#2923,#2924);
#2923 = CARTESIAN_POINT('',(-332.5,-214.5,182.));
#2924 = VECTOR('',#2925,1.);
#2925 = DIRECTION('',(0.,1.,0.));
#2926 = ORIENTED_EDGE('',*,*,#2927,.F.);
#2927 = EDGE_CURVE('',#2904,#2920,#2928,.T.);
#2928 = LINE('',#2929,#2930);
#2929 = CARTESIAN_POINT('',(-332.5,-185.5,153.));
#2930 = VECTOR('',#2931,1.);
#2931 = DIRECTION('',(0.,0.,1.));
#2932 = PLANE('',#2933);
#2933 = AXIS2_PLACEMENT_3D('',#2934,#2935,#2936);
#2934 = CARTESIAN_POINT('',(-332.5,-217.5,150.));
#2935 = DIRECTION('',(1.,0.,0.));
#2936 = DIRECTION('',(0.,0.,1.));
#2937 = ADVANCED_FACE('',(#2938),#2963,.F.);
#2938 = FACE_BOUND('',#2939,.F.);
#2939 = EDGE_LOOP('',(#2940,#2948,#2949,#2957));
#2940 = ORIENTED_EDGE('',*,*,#2941,.F.);
#2941 = EDGE_CURVE('',#2868,#2942,#2944,.T.);
#2942 = VERTEX_POINT('',#2943);
#2943 = CARTESIAN_POINT('',(332.5,-217.5,150.));
#2944 = LINE('',#2945,#2946);
#2945 = CARTESIAN_POINT('',(-332.5,-217.5,150.));
#2946 = VECTOR('',#2947,1.);
#2947 = DIRECTION('',(1.,0.,0.));
#2948 = ORIENTED_EDGE('',*,*,#2867,.T.);
#2949 = ORIENTED_EDGE('',*,*,#2950,.T.);
#2950 = EDGE_CURVE('',#2870,#2951,#2953,.T.);
#2951 = VERTEX_POINT('',#2952);
#2952 = CARTESIAN_POINT('',(332.5,-217.5,185.));
#2953 = LINE('',#2954,#2955);
#2954 = CARTESIAN_POINT('',(-332.5,-217.5,185.));
#2955 = VECTOR('',#2956,1.);
#2956 = DIRECTION('',(1.,0.,0.));
#2957 = ORIENTED_EDGE('',*,*,#2958,.F.);
#2958 = EDGE_CURVE('',#2942,#2951,#2959,.T.);
#2959 = LINE('',#2960,#2961);
#2960 = CARTESIAN_POINT('',(332.5,-217.5,150.));
#2961 = VECTOR('',#2962,1.);
#2962 = DIRECTION('',(0.,0.,1.));
#2963 = PLANE('',#2964);
#2964 = AXIS2_PLACEMENT_3D('',#2965,#2966,#2967);
#2965 = CARTESIAN_POINT('',(-332.5,-217.5,150.));
#2966 = DIRECTION('',(0.,1.,0.));
#2967 = DIRECTION('',(0.,0.,1.));
#2968 = ADVANCED_FACE('',(#2969),#2987,.T.);
#2969 = FACE_BOUND('',#2970,.T.);
#2970 = EDGE_LOOP('',(#2971,#2972,#2973,#2981));
#2971 = ORIENTED_EDGE('',*,*,#2893,.F.);
#2972 = ORIENTED_EDGE('',*,*,#2950,.T.);
#2973 = ORIENTED_EDGE('',*,*,#2974,.T.);
#2974 = EDGE_CURVE('',#2951,#2975,#2977,.T.);
#2975 = VERTEX_POINT('',#2976);
#2976 = CARTESIAN_POINT('',(332.5,-182.5,185.));
#2977 = LINE('',#2978,#2979);
#2978 = CARTESIAN_POINT('',(332.5,-217.5,185.));
#2979 = VECTOR('',#2980,1.);
#2980 = DIRECTION('',(0.,1.,0.));
#2981 = ORIENTED_EDGE('',*,*,#2982,.F.);
#2982 = EDGE_CURVE('',#2886,#2975,#2983,.T.);
#2983 = LINE('',#2984,#2985);
#2984 = CARTESIAN_POINT('',(-332.5,-182.5,185.));
#2985 = VECTOR('',#2986,1.);
#2986 = DIRECTION('',(1.,0.,0.));
#2987 = PLANE('',#2988);
#2988 = AXIS2_PLACEMENT_3D('',#2989,#2990,#2991);
#2989 = CARTESIAN_POINT('',(-332.5,-217.5,185.));
#2990 = DIRECTION('',(0.,0.,1.));
#2991 = DIRECTION('',(1.,0.,0.));
#2992 = ADVANCED_FACE('',(#2993),#3011,.F.);
#2993 = FACE_BOUND('',#2994,.F.);
#2994 = EDGE_LOOP('',(#2995,#2996,#2997,#3005));
#2995 = ORIENTED_EDGE('',*,*,#2877,.F.);
#2996 = ORIENTED_EDGE('',*,*,#2941,.T.);
#2997 = ORIENTED_EDGE('',*,*,#2998,.T.);
#2998 = EDGE_CURVE('',#2942,#2999,#3001,.T.);
#2999 = VERTEX_POINT('',#3000);
#3000 = CARTESIAN_POINT('',(332.5,-182.5,150.));
#3001 = LINE('',#3002,#3003);
#3002 = CARTESIAN_POINT('',(332.5,-217.5,150.));
#3003 = VECTOR('',#3004,1.);
#3004 = DIRECTION('',(0.,1.,0.));
#3005 = ORIENTED_EDGE('',*,*,#3006,.F.);
#3006 = EDGE_CURVE('',#2878,#2999,#3007,.T.);
#3007 = LINE('',#3008,#3009);
#3008 = CARTESIAN_POINT('',(-332.5,-182.5,150.));
#3009 = VECTOR('',#3010,1.);
#3010 = DIRECTION('',(1.,0.,0.));
#3011 = PLANE('',#3012);
#3012 = AXIS2_PLACEMENT_3D('',#3013,#3014,#3015);
#3013 = CARTESIAN_POINT('',(-332.5,-217.5,150.));
#3014 = DIRECTION('',(0.,0.,1.));
#3015 = DIRECTION('',(1.,0.,0.));
#3016 = ADVANCED_FACE('',(#3017),#3028,.T.);
#3017 = FACE_BOUND('',#3018,.T.);
#3018 = EDGE_LOOP('',(#3019,#3020,#3021,#3022));
#3019 = ORIENTED_EDGE('',*,*,#3006,.F.);
#3020 = ORIENTED_EDGE('',*,*,#2885,.T.);
#3021 = ORIENTED_EDGE('',*,*,#2982,.T.);
#3022 = ORIENTED_EDGE('',*,*,#3023,.F.);
#3023 = EDGE_CURVE('',#2999,#2975,#3024,.T.);
#3024 = LINE('',#3025,#3026);
#3025 = CARTESIAN_POINT('',(332.5,-182.5,150.));
#3026 = VECTOR('',#3027,1.);
#3027 = DIRECTION('',(0.,0.,1.));
#3028 = PLANE('',#3029);
#3029 = AXIS2_PLACEMENT_3D('',#3030,#3031,#3032);
#3030 = CARTESIAN_POINT('',(-332.5,-182.5,150.));
#3031 = DIRECTION('',(0.,1.,0.));
#3032 = DIRECTION('',(0.,0.,1.));
#3033 = ADVANCED_FACE('',(#3034),#3059,.T.);
#3034 = FACE_BOUND('',#3035,.T.);
#3035 = EDGE_LOOP('',(#3036,#3037,#3045,#3053));
#3036 = ORIENTED_EDGE('',*,*,#2901,.F.);
#3037 = ORIENTED_EDGE('',*,*,#3038,.T.);
#3038 = EDGE_CURVE('',#2902,#3039,#3041,.T.);
#3039 = VERTEX_POINT('',#3040);
#3040 = CARTESIAN_POINT('',(332.5,-214.5,153.));
#3041 = LINE('',#3042,#3043);
#3042 = CARTESIAN_POINT('',(-332.5,-214.5,153.));
#3043 = VECTOR('',#3044,1.);
#3044 = DIRECTION('',(1.,0.,0.));
#3045 = ORIENTED_EDGE('',*,*,#3046,.T.);
#3046 = EDGE_CURVE('',#3039,#3047,#3049,.T.);
#3047 = VERTEX_POINT('',#3048);
#3048 = CARTESIAN_POINT('',(332.5,-185.5,153.));
#3049 = LINE('',#3050,#3051);
#3050 = CARTESIAN_POINT('',(332.5,-214.5,153.));
#3051 = VECTOR('',#3052,1.);
#3052 = DIRECTION('',(0.,1.,0.));
#3053 = ORIENTED_EDGE('',*,*,#3054,.F.);
#3054 = EDGE_CURVE('',#2904,#3047,#3055,.T.);
#3055 = LINE('',#3056,#3057);
#3056 = CARTESIAN_POINT('',(-332.5,-185.5,153.));
#3057 = VECTOR('',#3058,1.);
#3058 = DIRECTION('',(1.,0.,0.));
#3059 = PLANE('',#3060);
#3060 = AXIS2_PLACEMENT_3D('',#3061,#3062,#3063);
#3061 = CARTESIAN_POINT('',(-332.5,-214.5,153.));
#3062 = DIRECTION('',(0.,0.,1.));
#3063 = DIRECTION('',(1.,0.,0.));
#3064 = ADVANCED_FACE('',(#3065),#3083,.F.);
#3065 = FACE_BOUND('',#3066,.F.);
#3066 = EDGE_LOOP('',(#3067,#3068,#3069,#3077));
#3067 = ORIENTED_EDGE('',*,*,#3054,.F.);
#3068 = ORIENTED_EDGE('',*,*,#2927,.T.);
#3069 = ORIENTED_EDGE('',*,*,#3070,.T.);
#3070 = EDGE_CURVE('',#2920,#3071,#3073,.T.);
#3071 = VERTEX_POINT('',#3072);
#3072 = CARTESIAN_POINT('',(332.5,-185.5,182.));
#3073 = LINE('',#3074,#3075);
#3074 = CARTESIAN_POINT('',(-332.5,-185.5,182.));
#3075 = VECTOR('',#3076,1.);
#3076 = DIRECTION('',(1.,0.,0.));
#3077 = ORIENTED_EDGE('',*,*,#3078,.F.);
#3078 = EDGE_CURVE('',#3047,#3071,#3079,.T.);
#3079 = LINE('',#3080,#3081);
#3080 = CARTESIAN_POINT('',(332.5,-185.5,153.));
#3081 = VECTOR('',#3082,1.);
#3082 = DIRECTION('',(0.,0.,1.));
#3083 = PLANE('',#3084);
#3084 = AXIS2_PLACEMENT_3D('',#3085,#3086,#3087);
#3085 = CARTESIAN_POINT('',(-332.5,-185.5,153.));
#3086 = DIRECTION('',(0.,1.,0.));
#3087 = DIRECTION('',(0.,0.,1.));
#3088 = ADVANCED_FACE('',(#3089),#3107,.F.);
#3089 = FACE_BOUND('',#3090,.F.);
#3090 = EDGE_LOOP('',(#3091,#3092,#3100,#3106));
#3091 = ORIENTED_EDGE('',*,*,#2919,.F.);
#3092 = ORIENTED_EDGE('',*,*,#3093,.T.);
#3093 = EDGE_CURVE('',#2912,#3094,#3096,.T.);
#3094 = VERTEX_POINT('',#3095);
#3095 = CARTESIAN_POINT('',(332.5,-214.5,182.));
#3096 = LINE('',#3097,#3098);
#3097 = CARTESIAN_POINT('',(-332.5,-214.5,182.));
#3098 = VECTOR('',#3099,1.);
#3099 = DIRECTION('',(1.,0.,0.));
#3100 = ORIENTED_EDGE('',*,*,#3101,.T.);
#3101 = EDGE_CURVE('',#3094,#3071,#3102,.T.);
#3102 = LINE('',#3103,#3104);
#3103 = CARTESIAN_POINT('',(332.5,-214.5,182.));
#3104 = VECTOR('',#3105,1.);
#3105 = DIRECTION('',(0.,1.,0.));
#3106 = ORIENTED_EDGE('',*,*,#3070,.F.);
#3107 = PLANE('',#3108);
#3108 = AXIS2_PLACEMENT_3D('',#3109,#3110,#3111);
#3109 = CARTESIAN_POINT('',(-332.5,-214.5,182.));
#3110 = DIRECTION('',(0.,0.,1.));
#3111 = DIRECTION('',(1.,0.,0.));
#3112 = ADVANCED_FACE('',(#3113),#3124,.T.);
#3113 = FACE_BOUND('',#3114,.T.);
#3114 = EDGE_LOOP('',(#3115,#3116,#3117,#3118));
#3115 = ORIENTED_EDGE('',*,*,#3038,.F.);
#3116 = ORIENTED_EDGE('',*,*,#2911,.T.);
#3117 = ORIENTED_EDGE('',*,*,#3093,.T.);
#3118 = ORIENTED_EDGE('',*,*,#3119,.F.);
#3119 = EDGE_CURVE('',#3039,#3094,#3120,.T.);
#3120 = LINE('',#3121,#3122);
#3121 = CARTESIAN_POINT('',(332.5,-214.5,153.));
#3122 = VECTOR('',#3123,1.);
#3123 = DIRECTION('',(0.,0.,1.));
#3124 = PLANE('',#3125);
#3125 = AXIS2_PLACEMENT_3D('',#3126,#3127,#3128);
#3126 = CARTESIAN_POINT('',(-332.5,-214.5,153.));
#3127 = DIRECTION('',(0.,1.,0.));
#3128 = DIRECTION('',(0.,0.,1.));
#3129 = ADVANCED_FACE('',(#3130,#3136),#3142,.T.);
#3130 = FACE_BOUND('',#3131,.T.);
#3131 = EDGE_LOOP('',(#3132,#3133,#3134,#3135));
#3132 = ORIENTED_EDGE('',*,*,#2958,.F.);
#3133 = ORIENTED_EDGE('',*,*,#2998,.T.);
#3134 = ORIENTED_EDGE('',*,*,#3023,.T.);
#3135 = ORIENTED_EDGE('',*,*,#2974,.F.);
#3136 = FACE_BOUND('',#3137,.T.);
#3137 = EDGE_LOOP('',(#3138,#3139,#3140,#3141));
#3138 = ORIENTED_EDGE('',*,*,#3046,.F.);
#3139 = ORIENTED_EDGE('',*,*,#3119,.T.);
#3140 = ORIENTED_EDGE('',*,*,#3101,.T.);
#3141 = ORIENTED_EDGE('',*,*,#3078,.F.);
#3142 = PLANE('',#3143);
#3143 = AXIS2_PLACEMENT_3D('',#3144,#3145,#3146);
#3144 = CARTESIAN_POINT('',(332.5,-217.5,150.));
#3145 = DIRECTION('',(1.,0.,0.));
#3146 = DIRECTION('',(0.,0.,1.));
#3147 = MANIFOLD_SOLID_BREP('',#3148);
#3148 = CLOSED_SHELL('',(#3149,#3189,#3254,#3278,#3336,#3353,#3365,#3387
    ,#3404,#3421));
#3149 = ADVANCED_FACE('',(#3150),#3184,.F.);
#3150 = FACE_BOUND('',#3151,.F.);
#3151 = EDGE_LOOP('',(#3152,#3162,#3170,#3178));
#3152 = ORIENTED_EDGE('',*,*,#3153,.F.);
#3153 = EDGE_CURVE('',#3154,#3156,#3158,.T.);
#3154 = VERTEX_POINT('',#3155);
#3155 = CARTESIAN_POINT('',(-367.5,-182.5,150.));
#3156 = VERTEX_POINT('',#3157);
#3157 = CARTESIAN_POINT('',(-367.5,-182.5,185.));
#3158 = LINE('',#3159,#3160);
#3159 = CARTESIAN_POINT('',(-367.5,-182.5,150.));
#3160 = VECTOR('',#3161,1.);
#3161 = DIRECTION('',(0.,0.,1.));
#3162 = ORIENTED_EDGE('',*,*,#3163,.T.);
#3163 = EDGE_CURVE('',#3154,#3164,#3166,.T.);
#3164 = VERTEX_POINT('',#3165);
#3165 = CARTESIAN_POINT('',(-367.5,182.5,150.));
#3166 = LINE('',#3167,#3168);
#3167 = CARTESIAN_POINT('',(-367.5,-182.5,150.));
#3168 = VECTOR('',#3169,1.);
#3169 = DIRECTION('',(0.,1.,0.));
#3170 = ORIENTED_EDGE('',*,*,#3171,.T.);
#3171 = EDGE_CURVE('',#3164,#3172,#3174,.T.);
#3172 = VERTEX_POINT('',#3173);
#3173 = CARTESIAN_POINT('',(-367.5,182.5,185.));
#3174 = LINE('',#3175,#3176);
#3175 = CARTESIAN_POINT('',(-367.5,182.5,150.));
#3176 = VECTOR('',#3177,1.);
#3177 = DIRECTION('',(0.,0.,1.));
#3178 = ORIENTED_EDGE('',*,*,#3179,.F.);
#3179 = EDGE_CURVE('',#3156,#3172,#3180,.T.);
#3180 = LINE('',#3181,#3182);
#3181 = CARTESIAN_POINT('',(-367.5,-182.5,185.));
#3182 = VECTOR('',#3183,1.);
#3183 = DIRECTION('',(0.,1.,0.));
#3184 = PLANE('',#3185);
#3185 = AXIS2_PLACEMENT_3D('',#3186,#3187,#3188);
#3186 = CARTESIAN_POINT('',(-367.5,-182.5,150.));
#3187 = DIRECTION('',(1.,0.,0.));
#3188 = DIRECTION('',(0.,0.,1.));
#3189 = ADVANCED_FACE('',(#3190,#3215),#3249,.F.);
#3190 = FACE_BOUND('',#3191,.F.);
#3191 = EDGE_LOOP('',(#3192,#3200,#3201,#3209));
#3192 = ORIENTED_EDGE('',*,*,#3193,.F.);
#3193 = EDGE_CURVE('',#3154,#3194,#3196,.T.);
#3194 = VERTEX_POINT('',#3195);
#3195 = CARTESIAN_POINT('',(-332.5,-182.5,150.));
#3196 = LINE('',#3197,#3198);
#3197 = CARTESIAN_POINT('',(-367.5,-182.5,150.));
#3198 = VECTOR('',#3199,1.);
#3199 = DIRECTION('',(1.,0.,0.));
#3200 = ORIENTED_EDGE('',*,*,#3153,.T.);
#3201 = ORIENTED_EDGE('',*,*,#3202,.T.);
#3202 = EDGE_CURVE('',#3156,#3203,#3205,.T.);
#3203 = VERTEX_POINT('',#3204);
#3204 = CARTESIAN_POINT('',(-332.5,-182.5,185.));
#3205 = LINE('',#3206,#3207);
#3206 = CARTESIAN_POINT('',(-367.5,-182.5,185.));
#3207 = VECTOR('',#3208,1.);
#3208 = DIRECTION('',(1.,0.,0.));
#3209 = ORIENTED_EDGE('',*,*,#3210,.F.);
#3210 = EDGE_CURVE('',#3194,#3203,#3211,.T.);
#3211 = LINE('',#3212,#3213);
#3212 = CARTESIAN_POINT('',(-332.5,-182.5,150.));
#3213 = VECTOR('',#3214,1.);
#3214 = DIRECTION('',(0.,0.,1.));
#3215 = FACE_BOUND('',#3216,.F.);
#3216 = EDGE_LOOP('',(#3217,#3227,#3235,#3243));
#3217 = ORIENTED_EDGE('',*,*,#3218,.F.);
#3218 = EDGE_CURVE('',#3219,#3221,#3223,.T.);
#3219 = VERTEX_POINT('',#3220);
#3220 = CARTESIAN_POINT('',(-364.5,-182.5,153.));
#3221 = VERTEX_POINT('',#3222);
#3222 = CARTESIAN_POINT('',(-364.5,-182.5,182.));
#3223 = LINE('',#3224,#3225);
#3224 = CARTESIAN_POINT('',(-364.5,-182.5,153.));
#3225 = VECTOR('',#3226,1.);
#3226 = DIRECTION('',(0.,0.,1.));
#3227 = ORIENTED_EDGE('',*,*,#3228,.T.);
#3228 = EDGE_CURVE('',#3219,#3229,#3231,.T.);
#3229 = VERTEX_POINT('',#3230);
#3230 = CARTESIAN_POINT('',(-335.5,-182.5,153.));
#3231 = LINE('',#3232,#3233);
#3232 = CARTESIAN_POINT('',(-364.5,-182.5,153.));
#3233 = VECTOR('',#3234,1.);
#3234 = DIRECTION('',(1.,0.,0.));
#3235 = ORIENTED_EDGE('',*,*,#3236,.T.);
#3236 = EDGE_CURVE('',#3229,#3237,#3239,.T.);
#3237 = VERTEX_POINT('',#3238);
#3238 = CARTESIAN_POINT('',(-335.5,-182.5,182.));
#3239 = LINE('',#3240,#3241);
#3240 = CARTESIAN_POINT('',(-335.5,-182.5,153.));
#3241 = VECTOR('',#3242,1.);
#3242 = DIRECTION('',(0.,0.,1.));
#3243 = ORIENTED_EDGE('',*,*,#3244,.F.);
#3244 = EDGE_CURVE('',#3221,#3237,#3245,.T.);
#3245 = LINE('',#3246,#3247);
#3246 = CARTESIAN_POINT('',(-364.5,-182.5,182.));
#3247 = VECTOR('',#3248,1.);
#3248 = DIRECTION('',(1.,0.,0.));
#3249 = PLANE('',#3250);
#3250 = AXIS2_PLACEMENT_3D('',#3251,#3252,#3253);
#3251 = CARTESIAN_POINT('',(-367.5,-182.5,150.));
#3252 = DIRECTION('',(0.,1.,0.));
#3253 = DIRECTION('',(0.,0.,1.));
#3254 = ADVANCED_FACE('',(#3255),#3273,.T.);
#3255 = FACE_BOUND('',#3256,.T.);
#3256 = EDGE_LOOP('',(#3257,#3258,#3259,#3267));
#3257 = ORIENTED_EDGE('',*,*,#3179,.F.);
#3258 = ORIENTED_EDGE('',*,*,#3202,.T.);
#3259 = ORIENTED_EDGE('',*,*,#3260,.T.);
#3260 = EDGE_CURVE('',#3203,#3261,#3263,.T.);
#3261 = VERTEX_POINT('',#3262);
#3262 = CARTESIAN_POINT('',(-332.5,182.5,185.));
#3263 = LINE('',#3264,#3265);
#3264 = CARTESIAN_POINT('',(-332.5,-182.5,185.));
#3265 = VECTOR('',#3266,1.);
#3266 = DIRECTION('',(0.,1.,0.));
#3267 = ORIENTED_EDGE('',*,*,#3268,.F.);
#3268 = EDGE_CURVE('',#3172,#3261,#3269,.T.);
#3269 = LINE('',#3270,#3271);
#3270 = CARTESIAN_POINT('',(-367.5,182.5,185.));
#3271 = VECTOR('',#3272,1.);
#3272 = DIRECTION('',(1.,0.,0.));
#3273 = PLANE('',#3274);
#3274 = AXIS2_PLACEMENT_3D('',#3275,#3276,#3277);
#3275 = CARTESIAN_POINT('',(-367.5,-182.5,185.));
#3276 = DIRECTION('',(0.,0.,1.));
#3277 = DIRECTION('',(1.,0.,0.));
#3278 = ADVANCED_FACE('',(#3279,#3297),#3331,.T.);
#3279 = FACE_BOUND('',#3280,.T.);
#3280 = EDGE_LOOP('',(#3281,#3289,#3290,#3291));
#3281 = ORIENTED_EDGE('',*,*,#3282,.F.);
#3282 = EDGE_CURVE('',#3164,#3283,#3285,.T.);
#3283 = VERTEX_POINT('',#3284);
#3284 = CARTESIAN_POINT('',(-332.5,182.5,150.));
#3285 = LINE('',#3286,#3287);
#3286 = CARTESIAN_POINT('',(-367.5,182.5,150.));
#3287 = VECTOR('',#3288,1.);
#3288 = DIRECTION('',(1.,0.,0.));
#3289 = ORIENTED_EDGE('',*,*,#3171,.T.);
#3290 = ORIENTED_EDGE('',*,*,#3268,.T.);
#3291 = ORIENTED_EDGE('',*,*,#3292,.F.);
#3292 = EDGE_CURVE('',#3283,#3261,#3293,.T.);
#3293 = LINE('',#3294,#3295);
#3294 = CARTESIAN_POINT('',(-332.5,182.5,150.));
#3295 = VECTOR('',#3296,1.);
#3296 = DIRECTION('',(0.,0.,1.));
#3297 = FACE_BOUND('',#3298,.T.);
#3298 = EDGE_LOOP('',(#3299,#3309,#3317,#3325));
#3299 = ORIENTED_EDGE('',*,*,#3300,.F.);
#3300 = EDGE_CURVE('',#3301,#3303,#3305,.T.);
#3301 = VERTEX_POINT('',#3302);
#3302 = CARTESIAN_POINT('',(-364.5,182.5,153.));
#3303 = VERTEX_POINT('',#3304);
#3304 = CARTESIAN_POINT('',(-364.5,182.5,182.));
#3305 = LINE('',#3306,#3307);
#3306 = CARTESIAN_POINT('',(-364.5,182.5,153.));
#3307 = VECTOR('',#3308,1.);
#3308 = DIRECTION('',(0.,0.,1.));
#3309 = ORIENTED_EDGE('',*,*,#3310,.T.);
#3310 = EDGE_CURVE('',#3301,#3311,#3313,.T.);
#3311 = VERTEX_POINT('',#3312);
#3312 = CARTESIAN_POINT('',(-335.5,182.5,153.));
#3313 = LINE('',#3314,#3315);
#3314 = CARTESIAN_POINT('',(-364.5,182.5,153.));
#3315 = VECTOR('',#3316,1.);
#3316 = DIRECTION('',(1.,0.,0.));
#3317 = ORIENTED_EDGE('',*,*,#3318,.T.);
#3318 = EDGE_CURVE('',#3311,#3319,#3321,.T.);
#3319 = VERTEX_POINT('',#3320);
#3320 = CARTESIAN_POINT('',(-335.5,182.5,182.));
#3321 = LINE('',#3322,#3323);
#3322 = CARTESIAN_POINT('',(-335.5,182.5,153.));
#3323 = VECTOR('',#3324,1.);
#3324 = DIRECTION('',(0.,0.,1.));
#3325 = ORIENTED_EDGE('',*,*,#3326,.F.);
#3326 = EDGE_CURVE('',#3303,#3319,#3327,.T.);
#3327 = LINE('',#3328,#3329);
#3328 = CARTESIAN_POINT('',(-364.5,182.5,182.));
#3329 = VECTOR('',#3330,1.);
#3330 = DIRECTION('',(1.,0.,0.));
#3331 = PLANE('',#3332);
#3332 = AXIS2_PLACEMENT_3D('',#3333,#3334,#3335);
#3333 = CARTESIAN_POINT('',(-367.5,182.5,150.));
#3334 = DIRECTION('',(0.,1.,0.));
#3335 = DIRECTION('',(0.,0.,1.));
#3336 = ADVANCED_FACE('',(#3337),#3348,.F.);
#3337 = FACE_BOUND('',#3338,.F.);
#3338 = EDGE_LOOP('',(#3339,#3340,#3341,#3347));
#3339 = ORIENTED_EDGE('',*,*,#3163,.F.);
#3340 = ORIENTED_EDGE('',*,*,#3193,.T.);
#3341 = ORIENTED_EDGE('',*,*,#3342,.T.);
#3342 = EDGE_CURVE('',#3194,#3283,#3343,.T.);
#3343 = LINE('',#3344,#3345);
#3344 = CARTESIAN_POINT('',(-332.5,-182.5,150.));
#3345 = VECTOR('',#3346,1.);
#3346 = DIRECTION('',(0.,1.,0.));
#3347 = ORIENTED_EDGE('',*,*,#3282,.F.);
#3348 = PLANE('',#3349);
#3349 = AXIS2_PLACEMENT_3D('',#3350,#3351,#3352);
#3350 = CARTESIAN_POINT('',(-367.5,-182.5,150.));
#3351 = DIRECTION('',(0.,0.,1.));
#3352 = DIRECTION('',(1.,0.,0.));
#3353 = ADVANCED_FACE('',(#3354),#3360,.T.);
#3354 = FACE_BOUND('',#3355,.T.);
#3355 = EDGE_LOOP('',(#3356,#3357,#3358,#3359));
#3356 = ORIENTED_EDGE('',*,*,#3210,.F.);
#3357 = ORIENTED_EDGE('',*,*,#3342,.T.);
#3358 = ORIENTED_EDGE('',*,*,#3292,.T.);
#3359 = ORIENTED_EDGE('',*,*,#3260,.F.);
#3360 = PLANE('',#3361);
#3361 = AXIS2_PLACEMENT_3D('',#3362,#3363,#3364);
#3362 = CARTESIAN_POINT('',(-332.5,-182.5,150.));
#3363 = DIRECTION('',(1.,0.,0.));
#3364 = DIRECTION('',(0.,0.,1.));
#3365 = ADVANCED_FACE('',(#3366),#3382,.T.);
#3366 = FACE_BOUND('',#3367,.T.);
#3367 = EDGE_LOOP('',(#3368,#3369,#3375,#3376));
#3368 = ORIENTED_EDGE('',*,*,#3218,.F.);
#3369 = ORIENTED_EDGE('',*,*,#3370,.T.);
#3370 = EDGE_CURVE('',#3219,#3301,#3371,.T.);
#3371 = LINE('',#3372,#3373);
#3372 = CARTESIAN_POINT('',(-364.5,-182.5,153.));
#3373 = VECTOR('',#3374,1.);
#3374 = DIRECTION('',(0.,1.,0.));
#3375 = ORIENTED_EDGE('',*,*,#3300,.T.);
#3376 = ORIENTED_EDGE('',*,*,#3377,.F.);
#3377 = EDGE_CURVE('',#3221,#3303,#3378,.T.);
#3378 = LINE('',#3379,#3380);
#3379 = CARTESIAN_POINT('',(-364.5,-182.5,182.));
#3380 = VECTOR('',#3381,1.);
#3381 = DIRECTION('',(0.,1.,0.));
#3382 = PLANE('',#3383);
#3383 = AXIS2_PLACEMENT_3D('',#3384,#3385,#3386);
#3384 = CARTESIAN_POINT('',(-364.5,-182.5,153.));
#3385 = DIRECTION('',(1.,0.,0.));
#3386 = DIRECTION('',(0.,0.,1.));
#3387 = ADVANCED_FACE('',(#3388),#3399,.F.);
#3388 = FACE_BOUND('',#3389,.F.);
#3389 = EDGE_LOOP('',(#3390,#3391,#3392,#3398));
#3390 = ORIENTED_EDGE('',*,*,#3377,.F.);
#3391 = ORIENTED_EDGE('',*,*,#3244,.T.);
#3392 = ORIENTED_EDGE('',*,*,#3393,.T.);
#3393 = EDGE_CURVE('',#3237,#3319,#3394,.T.);
#3394 = LINE('',#3395,#3396);
#3395 = CARTESIAN_POINT('',(-335.5,-182.5,182.));
#3396 = VECTOR('',#3397,1.);
#3397 = DIRECTION('',(0.,1.,0.));
#3398 = ORIENTED_EDGE('',*,*,#3326,.F.);
#3399 = PLANE('',#3400);
#3400 = AXIS2_PLACEMENT_3D('',#3401,#3402,#3403);
#3401 = CARTESIAN_POINT('',(-364.5,-182.5,182.));
#3402 = DIRECTION('',(0.,0.,1.));
#3403 = DIRECTION('',(1.,0.,0.));
#3404 = ADVANCED_FACE('',(#3405),#3416,.F.);
#3405 = FACE_BOUND('',#3406,.F.);
#3406 = EDGE_LOOP('',(#3407,#3408,#3414,#3415));
#3407 = ORIENTED_EDGE('',*,*,#3236,.F.);
#3408 = ORIENTED_EDGE('',*,*,#3409,.T.);
#3409 = EDGE_CURVE('',#3229,#3311,#3410,.T.);
#3410 = LINE('',#3411,#3412);
#3411 = CARTESIAN_POINT('',(-335.5,-182.5,153.));
#3412 = VECTOR('',#3413,1.);
#3413 = DIRECTION('',(0.,1.,0.));
#3414 = ORIENTED_EDGE('',*,*,#3318,.T.);
#3415 = ORIENTED_EDGE('',*,*,#3393,.F.);
#3416 = PLANE('',#3417);
#3417 = AXIS2_PLACEMENT_3D('',#3418,#3419,#3420);
#3418 = CARTESIAN_POINT('',(-335.5,-182.5,153.));
#3419 = DIRECTION('',(1.,0.,0.));
#3420 = DIRECTION('',(0.,0.,1.));
#3421 = ADVANCED_FACE('',(#3422),#3428,.T.);
#3422 = FACE_BOUND('',#3423,.T.);
#3423 = EDGE_LOOP('',(#3424,#3425,#3426,#3427));
#3424 = ORIENTED_EDGE('',*,*,#3370,.F.);
#3425 = ORIENTED_EDGE('',*,*,#3228,.T.);
#3426 = ORIENTED_EDGE('',*,*,#3409,.T.);
#3427 = ORIENTED_EDGE('',*,*,#3310,.F.);
#3428 = PLANE('',#3429);
#3429 = AXIS2_PLACEMENT_3D('',#3430,#3431,#3432);
#3430 = CARTESIAN_POINT('',(-364.5,-182.5,153.));
#3431 = DIRECTION('',(0.,0.,1.));
#3432 = DIRECTION('',(1.,0.,0.));
#3433 = MANIFOLD_SOLID_BREP('',#3434);
#3434 = CLOSED_SHELL('',(#3435,#3509,#3540,#3564,#3588,#3605,#3636,#3660
    ,#3684,#3701));
#3435 = ADVANCED_FACE('',(#3436,#3470),#3504,.F.);
#3436 = FACE_BOUND('',#3437,.F.);
#3437 = EDGE_LOOP('',(#3438,#3448,#3456,#3464));
#3438 = ORIENTED_EDGE('',*,*,#3439,.F.);
#3439 = EDGE_CURVE('',#3440,#3442,#3444,.T.);
#3440 = VERTEX_POINT('',#3441);
#3441 = CARTESIAN_POINT('',(-332.5,182.5,150.));
#3442 = VERTEX_POINT('',#3443);
#3443 = CARTESIAN_POINT('',(-332.5,182.5,185.));
#3444 = LINE('',#3445,#3446);
#3445 = CARTESIAN_POINT('',(-332.5,182.5,150.));
#3446 = VECTOR('',#3447,1.);
#3447 = DIRECTION('',(0.,0.,1.));
#3448 = ORIENTED_EDGE('',*,*,#3449,.T.);
#3449 = EDGE_CURVE('',#3440,#3450,#3452,.T.);
#3450 = VERTEX_POINT('',#3451);
#3451 = CARTESIAN_POINT('',(-332.5,217.5,150.));
#3452 = LINE('',#3453,#3454);
#3453 = CARTESIAN_POINT('',(-332.5,182.5,150.));
#3454 = VECTOR('',#3455,1.);
#3455 = DIRECTION('',(0.,1.,0.));
#3456 = ORIENTED_EDGE('',*,*,#3457,.T.);
#3457 = EDGE_CURVE('',#3450,#3458,#3460,.T.);
#3458 = VERTEX_POINT('',#3459);
#3459 = CARTESIAN_POINT('',(-332.5,217.5,185.));
#3460 = LINE('',#3461,#3462);
#3461 = CARTESIAN_POINT('',(-332.5,217.5,150.));
#3462 = VECTOR('',#3463,1.);
#3463 = DIRECTION('',(0.,0.,1.));
#3464 = ORIENTED_EDGE('',*,*,#3465,.F.);
#3465 = EDGE_CURVE('',#3442,#3458,#3466,.T.);
#3466 = LINE('',#3467,#3468);
#3467 = CARTESIAN_POINT('',(-332.5,182.5,185.));
#3468 = VECTOR('',#3469,1.);
#3469 = DIRECTION('',(0.,1.,0.));
#3470 = FACE_BOUND('',#3471,.F.);
#3471 = EDGE_LOOP('',(#3472,#3482,#3490,#3498));
#3472 = ORIENTED_EDGE('',*,*,#3473,.F.);
#3473 = EDGE_CURVE('',#3474,#3476,#3478,.T.);
#3474 = VERTEX_POINT('',#3475);
#3475 = CARTESIAN_POINT('',(-332.5,185.5,153.));
#3476 = VERTEX_POINT('',#3477);
#3477 = CARTESIAN_POINT('',(-332.5,214.5,153.));
#3478 = LINE('',#3479,#3480);
#3479 = CARTESIAN_POINT('',(-332.5,185.5,153.));
#3480 = VECTOR('',#3481,1.);
#3481 = DIRECTION('',(0.,1.,0.));
#3482 = ORIENTED_EDGE('',*,*,#3483,.T.);
#3483 = EDGE_CURVE('',#3474,#3484,#3486,.T.);
#3484 = VERTEX_POINT('',#3485);
#3485 = CARTESIAN_POINT('',(-332.5,185.5,182.));
#3486 = LINE('',#3487,#3488);
#3487 = CARTESIAN_POINT('',(-332.5,185.5,153.));
#3488 = VECTOR('',#3489,1.);
#3489 = DIRECTION('',(0.,0.,1.));
#3490 = ORIENTED_EDGE('',*,*,#3491,.T.);
#3491 = EDGE_CURVE('',#3484,#3492,#3494,.T.);
#3492 = VERTEX_POINT('',#3493);
#3493 = CARTESIAN_POINT('',(-332.5,214.5,182.));
#3494 = LINE('',#3495,#3496);
#3495 = CARTESIAN_POINT('',(-332.5,185.5,182.));
#3496 = VECTOR('',#3497,1.);
#3497 = DIRECTION('',(0.,1.,0.));
#3498 = ORIENTED_EDGE('',*,*,#3499,.F.);
#3499 = EDGE_CURVE('',#3476,#3492,#3500,.T.);
#3500 = LINE('',#3501,#3502);
#3501 = CARTESIAN_POINT('',(-332.5,214.5,153.));
#3502 = VECTOR('',#3503,1.);
#3503 = DIRECTION('',(0.,0.,1.));
#3504 = PLANE('',#3505);
#3505 = AXIS2_PLACEMENT_3D('',#3506,#3507,#3508);
#3506 = CARTESIAN_POINT('',(-332.5,182.5,150.));
#3507 = DIRECTION('',(1.,0.,0.));
#3508 = DIRECTION('',(0.,0.,1.));
#3509 = ADVANCED_FACE('',(#3510),#3535,.F.);
#3510 = FACE_BOUND('',#3511,.F.);
#3511 = EDGE_LOOP('',(#3512,#3520,#3521,#3529));
#3512 = ORIENTED_EDGE('',*,*,#3513,.F.);
#3513 = EDGE_CURVE('',#3440,#3514,#3516,.T.);
#3514 = VERTEX_POINT('',#3515);
#3515 = CARTESIAN_POINT('',(332.5,182.5,150.));
#3516 = LINE('',#3517,#3518);
#3517 = CARTESIAN_POINT('',(-332.5,182.5,150.));
#3518 = VECTOR('',#3519,1.);
#3519 = DIRECTION('',(1.,0.,0.));
#3520 = ORIENTED_EDGE('',*,*,#3439,.T.);
#3521 = ORIENTED_EDGE('',*,*,#3522,.T.);
#3522 = EDGE_CURVE('',#3442,#3523,#3525,.T.);
#3523 = VERTEX_POINT('',#3524);
#3524 = CARTESIAN_POINT('',(332.5,182.5,185.));
#3525 = LINE('',#3526,#3527);
#3526 = CARTESIAN_POINT('',(-332.5,182.5,185.));
#3527 = VECTOR('',#3528,1.);
#3528 = DIRECTION('',(1.,0.,0.));
#3529 = ORIENTED_EDGE('',*,*,#3530,.F.);
#3530 = EDGE_CURVE('',#3514,#3523,#3531,.T.);
#3531 = LINE('',#3532,#3533);
#3532 = CARTESIAN_POINT('',(332.5,182.5,150.));
#3533 = VECTOR('',#3534,1.);
#3534 = DIRECTION('',(0.,0.,1.));
#3535 = PLANE('',#3536);
#3536 = AXIS2_PLACEMENT_3D('',#3537,#3538,#3539);
#3537 = CARTESIAN_POINT('',(-332.5,182.5,150.));
#3538 = DIRECTION('',(0.,1.,0.));
#3539 = DIRECTION('',(0.,0.,1.));
#3540 = ADVANCED_FACE('',(#3541),#3559,.T.);
#3541 = FACE_BOUND('',#3542,.T.);
#3542 = EDGE_LOOP('',(#3543,#3544,#3545,#3553));
#3543 = ORIENTED_EDGE('',*,*,#3465,.F.);
#3544 = ORIENTED_EDGE('',*,*,#3522,.T.);
#3545 = ORIENTED_EDGE('',*,*,#3546,.T.);
#3546 = EDGE_CURVE('',#3523,#3547,#3549,.T.);
#3547 = VERTEX_POINT('',#3548);
#3548 = CARTESIAN_POINT('',(332.5,217.5,185.));
#3549 = LINE('',#3550,#3551);
#3550 = CARTESIAN_POINT('',(332.5,182.5,185.));
#3551 = VECTOR('',#3552,1.);
#3552 = DIRECTION('',(0.,1.,0.));
#3553 = ORIENTED_EDGE('',*,*,#3554,.F.);
#3554 = EDGE_CURVE('',#3458,#3547,#3555,.T.);
#3555 = LINE('',#3556,#3557);
#3556 = CARTESIAN_POINT('',(-332.5,217.5,185.));
#3557 = VECTOR('',#3558,1.);
#3558 = DIRECTION('',(1.,0.,0.));
#3559 = PLANE('',#3560);
#3560 = AXIS2_PLACEMENT_3D('',#3561,#3562,#3563);
#3561 = CARTESIAN_POINT('',(-332.5,182.5,185.));
#3562 = DIRECTION('',(0.,0.,1.));
#3563 = DIRECTION('',(1.,0.,0.));
#3564 = ADVANCED_FACE('',(#3565),#3583,.F.);
#3565 = FACE_BOUND('',#3566,.F.);
#3566 = EDGE_LOOP('',(#3567,#3568,#3569,#3577));
#3567 = ORIENTED_EDGE('',*,*,#3449,.F.);
#3568 = ORIENTED_EDGE('',*,*,#3513,.T.);
#3569 = ORIENTED_EDGE('',*,*,#3570,.T.);
#3570 = EDGE_CURVE('',#3514,#3571,#3573,.T.);
#3571 = VERTEX_POINT('',#3572);
#3572 = CARTESIAN_POINT('',(332.5,217.5,150.));
#3573 = LINE('',#3574,#3575);
#3574 = CARTESIAN_POINT('',(332.5,182.5,150.));
#3575 = VECTOR('',#3576,1.);
#3576 = DIRECTION('',(0.,1.,0.));
#3577 = ORIENTED_EDGE('',*,*,#3578,.F.);
#3578 = EDGE_CURVE('',#3450,#3571,#3579,.T.);
#3579 = LINE('',#3580,#3581);
#3580 = CARTESIAN_POINT('',(-332.5,217.5,150.));
#3581 = VECTOR('',#3582,1.);
#3582 = DIRECTION('',(1.,0.,0.));
#3583 = PLANE('',#3584);
#3584 = AXIS2_PLACEMENT_3D('',#3585,#3586,#3587);
#3585 = CARTESIAN_POINT('',(-332.5,182.5,150.));
#3586 = DIRECTION('',(0.,0.,1.));
#3587 = DIRECTION('',(1.,0.,0.));
#3588 = ADVANCED_FACE('',(#3589),#3600,.T.);
#3589 = FACE_BOUND('',#3590,.T.);
#3590 = EDGE_LOOP('',(#3591,#3592,#3593,#3594));
#3591 = ORIENTED_EDGE('',*,*,#3578,.F.);
#3592 = ORIENTED_EDGE('',*,*,#3457,.T.);
#3593 = ORIENTED_EDGE('',*,*,#3554,.T.);
#3594 = ORIENTED_EDGE('',*,*,#3595,.F.);
#3595 = EDGE_CURVE('',#3571,#3547,#3596,.T.);
#3596 = LINE('',#3597,#3598);
#3597 = CARTESIAN_POINT('',(332.5,217.5,150.));
#3598 = VECTOR('',#3599,1.);
#3599 = DIRECTION('',(0.,0.,1.));
#3600 = PLANE('',#3601);
#3601 = AXIS2_PLACEMENT_3D('',#3602,#3603,#3604);
#3602 = CARTESIAN_POINT('',(-332.5,217.5,150.));
#3603 = DIRECTION('',(0.,1.,0.));
#3604 = DIRECTION('',(0.,0.,1.));
#3605 = ADVANCED_FACE('',(#3606),#3631,.T.);
#3606 = FACE_BOUND('',#3607,.T.);
#3607 = EDGE_LOOP('',(#3608,#3609,#3617,#3625));
#3608 = ORIENTED_EDGE('',*,*,#3473,.F.);
#3609 = ORIENTED_EDGE('',*,*,#3610,.T.);
#3610 = EDGE_CURVE('',#3474,#3611,#3613,.T.);
#3611 = VERTEX_POINT('',#3612);
#3612 = CARTESIAN_POINT('',(332.5,185.5,153.));
#3613 = LINE('',#3614,#3615);
#3614 = CARTESIAN_POINT('',(-332.5,185.5,153.));
#3615 = VECTOR('',#3616,1.);
#3616 = DIRECTION('',(1.,0.,0.));
#3617 = ORIENTED_EDGE('',*,*,#3618,.T.);
#3618 = EDGE_CURVE('',#3611,#3619,#3621,.T.);
#3619 = VERTEX_POINT('',#3620);
#3620 = CARTESIAN_POINT('',(332.5,214.5,153.));
#3621 = LINE('',#3622,#3623);
#3622 = CARTESIAN_POINT('',(332.5,185.5,153.));
#3623 = VECTOR('',#3624,1.);
#3624 = DIRECTION('',(0.,1.,0.));
#3625 = ORIENTED_EDGE('',*,*,#3626,.F.);
#3626 = EDGE_CURVE('',#3476,#3619,#3627,.T.);
#3627 = LINE('',#3628,#3629);
#3628 = CARTESIAN_POINT('',(-332.5,214.5,153.));
#3629 = VECTOR('',#3630,1.);
#3630 = DIRECTION('',(1.,0.,0.));
#3631 = PLANE('',#3632);
#3632 = AXIS2_PLACEMENT_3D('',#3633,#3634,#3635);
#3633 = CARTESIAN_POINT('',(-332.5,185.5,153.));
#3634 = DIRECTION('',(0.,0.,1.));
#3635 = DIRECTION('',(1.,0.,0.));
#3636 = ADVANCED_FACE('',(#3637),#3655,.F.);
#3637 = FACE_BOUND('',#3638,.F.);
#3638 = EDGE_LOOP('',(#3639,#3640,#3641,#3649));
#3639 = ORIENTED_EDGE('',*,*,#3626,.F.);
#3640 = ORIENTED_EDGE('',*,*,#3499,.T.);
#3641 = ORIENTED_EDGE('',*,*,#3642,.T.);
#3642 = EDGE_CURVE('',#3492,#3643,#3645,.T.);
#3643 = VERTEX_POINT('',#3644);
#3644 = CARTESIAN_POINT('',(332.5,214.5,182.));
#3645 = LINE('',#3646,#3647);
#3646 = CARTESIAN_POINT('',(-332.5,214.5,182.));
#3647 = VECTOR('',#3648,1.);
#3648 = DIRECTION('',(1.,0.,0.));
#3649 = ORIENTED_EDGE('',*,*,#3650,.F.);
#3650 = EDGE_CURVE('',#3619,#3643,#3651,.T.);
#3651 = LINE('',#3652,#3653);
#3652 = CARTESIAN_POINT('',(332.5,214.5,153.));
#3653 = VECTOR('',#3654,1.);
#3654 = DIRECTION('',(0.,0.,1.));
#3655 = PLANE('',#3656);
#3656 = AXIS2_PLACEMENT_3D('',#3657,#3658,#3659);
#3657 = CARTESIAN_POINT('',(-332.5,214.5,153.));
#3658 = DIRECTION('',(0.,1.,0.));
#3659 = DIRECTION('',(0.,0.,1.));
#3660 = ADVANCED_FACE('',(#3661),#3679,.F.);
#3661 = FACE_BOUND('',#3662,.F.);
#3662 = EDGE_LOOP('',(#3663,#3664,#3672,#3678));
#3663 = ORIENTED_EDGE('',*,*,#3491,.F.);
#3664 = ORIENTED_EDGE('',*,*,#3665,.T.);
#3665 = EDGE_CURVE('',#3484,#3666,#3668,.T.);
#3666 = VERTEX_POINT('',#3667);
#3667 = CARTESIAN_POINT('',(332.5,185.5,182.));
#3668 = LINE('',#3669,#3670);
#3669 = CARTESIAN_POINT('',(-332.5,185.5,182.));
#3670 = VECTOR('',#3671,1.);
#3671 = DIRECTION('',(1.,0.,0.));
#3672 = ORIENTED_EDGE('',*,*,#3673,.T.);
#3673 = EDGE_CURVE('',#3666,#3643,#3674,.T.);
#3674 = LINE('',#3675,#3676);
#3675 = CARTESIAN_POINT('',(332.5,185.5,182.));
#3676 = VECTOR('',#3677,1.);
#3677 = DIRECTION('',(0.,1.,0.));
#3678 = ORIENTED_EDGE('',*,*,#3642,.F.);
#3679 = PLANE('',#3680);
#3680 = AXIS2_PLACEMENT_3D('',#3681,#3682,#3683);
#3681 = CARTESIAN_POINT('',(-332.5,185.5,182.));
#3682 = DIRECTION('',(0.,0.,1.));
#3683 = DIRECTION('',(1.,0.,0.));
#3684 = ADVANCED_FACE('',(#3685),#3696,.T.);
#3685 = FACE_BOUND('',#3686,.T.);
#3686 = EDGE_LOOP('',(#3687,#3688,#3689,#3690));
#3687 = ORIENTED_EDGE('',*,*,#3610,.F.);
#3688 = ORIENTED_EDGE('',*,*,#3483,.T.);
#3689 = ORIENTED_EDGE('',*,*,#3665,.T.);
#3690 = ORIENTED_EDGE('',*,*,#3691,.F.);
#3691 = EDGE_CURVE('',#3611,#3666,#3692,.T.);
#3692 = LINE('',#3693,#3694);
#3693 = CARTESIAN_POINT('',(332.5,185.5,153.));
#3694 = VECTOR('',#3695,1.);
#3695 = DIRECTION('',(0.,0.,1.));
#3696 = PLANE('',#3697);
#3697 = AXIS2_PLACEMENT_3D('',#3698,#3699,#3700);
#3698 = CARTESIAN_POINT('',(-332.5,185.5,153.));
#3699 = DIRECTION('',(0.,1.,0.));
#3700 = DIRECTION('',(0.,0.,1.));
#3701 = ADVANCED_FACE('',(#3702,#3708),#3714,.T.);
#3702 = FACE_BOUND('',#3703,.T.);
#3703 = EDGE_LOOP('',(#3704,#3705,#3706,#3707));
#3704 = ORIENTED_EDGE('',*,*,#3530,.F.);
#3705 = ORIENTED_EDGE('',*,*,#3570,.T.);
#3706 = ORIENTED_EDGE('',*,*,#3595,.T.);
#3707 = ORIENTED_EDGE('',*,*,#3546,.F.);
#3708 = FACE_BOUND('',#3709,.T.);
#3709 = EDGE_LOOP('',(#3710,#3711,#3712,#3713));
#3710 = ORIENTED_EDGE('',*,*,#3618,.F.);
#3711 = ORIENTED_EDGE('',*,*,#3691,.T.);
#3712 = ORIENTED_EDGE('',*,*,#3673,.T.);
#3713 = ORIENTED_EDGE('',*,*,#3650,.F.);
#3714 = PLANE('',#3715);
#3715 = AXIS2_PLACEMENT_3D('',#3716,#3717,#3718);
#3716 = CARTESIAN_POINT('',(332.5,182.5,150.));
#3717 = DIRECTION('',(1.,0.,0.));
#3718 = DIRECTION('',(0.,0.,1.));
#3719 = MANIFOLD_SOLID_BREP('',#3720);
#3720 = CLOSED_SHELL('',(#3721,#3761,#3826,#3850,#3908,#3925,#3937,#3959
    ,#3976,#3993));
#3721 = ADVANCED_FACE('',(#3722),#3756,.F.);
#3722 = FACE_BOUND('',#3723,.F.);
#3723 = EDGE_LOOP('',(#3724,#3734,#3742,#3750));
#3724 = ORIENTED_EDGE('',*,*,#3725,.F.);
#3725 = EDGE_CURVE('',#3726,#3728,#3730,.T.);
#3726 = VERTEX_POINT('',#3727);
#3727 = CARTESIAN_POINT('',(332.5,-182.5,150.));
#3728 = VERTEX_POINT('',#3729);
#3729 = CARTESIAN_POINT('',(332.5,-182.5,185.));
#3730 = LINE('',#3731,#3732);
#3731 = CARTESIAN_POINT('',(332.5,-182.5,150.));
#3732 = VECTOR('',#3733,1.);
#3733 = DIRECTION('',(0.,0.,1.));
#3734 = ORIENTED_EDGE('',*,*,#3735,.T.);
#3735 = EDGE_CURVE('',#3726,#3736,#3738,.T.);
#3736 = VERTEX_POINT('',#3737);
#3737 = CARTESIAN_POINT('',(332.5,182.5,150.));
#3738 = LINE('',#3739,#3740);
#3739 = CARTESIAN_POINT('',(332.5,-182.5,150.));
#3740 = VECTOR('',#3741,1.);
#3741 = DIRECTION('',(0.,1.,0.));
#3742 = ORIENTED_EDGE('',*,*,#3743,.T.);
#3743 = EDGE_CURVE('',#3736,#3744,#3746,.T.);
#3744 = VERTEX_POINT('',#3745);
#3745 = CARTESIAN_POINT('',(332.5,182.5,185.));
#3746 = LINE('',#3747,#3748);
#3747 = CARTESIAN_POINT('',(332.5,182.5,150.));
#3748 = VECTOR('',#3749,1.);
#3749 = DIRECTION('',(0.,0.,1.));
#3750 = ORIENTED_EDGE('',*,*,#3751,.F.);
#3751 = EDGE_CURVE('',#3728,#3744,#3752,.T.);
#3752 = LINE('',#3753,#3754);
#3753 = CARTESIAN_POINT('',(332.5,-182.5,185.));
#3754 = VECTOR('',#3755,1.);
#3755 = DIRECTION('',(0.,1.,0.));
#3756 = PLANE('',#3757);
#3757 = AXIS2_PLACEMENT_3D('',#3758,#3759,#3760);
#3758 = CARTESIAN_POINT('',(332.5,-182.5,150.));
#3759 = DIRECTION('',(1.,0.,0.));
#3760 = DIRECTION('',(0.,0.,1.));
#3761 = ADVANCED_FACE('',(#3762,#3787),#3821,.F.);
#3762 = FACE_BOUND('',#3763,.F.);
#3763 = EDGE_LOOP('',(#3764,#3772,#3773,#3781));
#3764 = ORIENTED_EDGE('',*,*,#3765,.F.);
#3765 = EDGE_CURVE('',#3726,#3766,#3768,.T.);
#3766 = VERTEX_POINT('',#3767);
#3767 = CARTESIAN_POINT('',(367.5,-182.5,150.));
#3768 = LINE('',#3769,#3770);
#3769 = CARTESIAN_POINT('',(332.5,-182.5,150.));
#3770 = VECTOR('',#3771,1.);
#3771 = DIRECTION('',(1.,0.,0.));
#3772 = ORIENTED_EDGE('',*,*,#3725,.T.);
#3773 = ORIENTED_EDGE('',*,*,#3774,.T.);
#3774 = EDGE_CURVE('',#3728,#3775,#3777,.T.);
#3775 = VERTEX_POINT('',#3776);
#3776 = CARTESIAN_POINT('',(367.5,-182.5,185.));
#3777 = LINE('',#3778,#3779);
#3778 = CARTESIAN_POINT('',(332.5,-182.5,185.));
#3779 = VECTOR('',#3780,1.);
#3780 = DIRECTION('',(1.,0.,0.));
#3781 = ORIENTED_EDGE('',*,*,#3782,.F.);
#3782 = EDGE_CURVE('',#3766,#3775,#3783,.T.);
#3783 = LINE('',#3784,#3785);
#3784 = CARTESIAN_POINT('',(367.5,-182.5,150.));
#3785 = VECTOR('',#3786,1.);
#3786 = DIRECTION('',(0.,0.,1.));
#3787 = FACE_BOUND('',#3788,.F.);
#3788 = EDGE_LOOP('',(#3789,#3799,#3807,#3815));
#3789 = ORIENTED_EDGE('',*,*,#3790,.F.);
#3790 = EDGE_CURVE('',#3791,#3793,#3795,.T.);
#3791 = VERTEX_POINT('',#3792);
#3792 = CARTESIAN_POINT('',(335.5,-182.5,153.));
#3793 = VERTEX_POINT('',#3794);
#3794 = CARTESIAN_POINT('',(335.5,-182.5,182.));
#3795 = LINE('',#3796,#3797);
#3796 = CARTESIAN_POINT('',(335.5,-182.5,153.));
#3797 = VECTOR('',#3798,1.);
#3798 = DIRECTION('',(0.,0.,1.));
#3799 = ORIENTED_EDGE('',*,*,#3800,.T.);
#3800 = EDGE_CURVE('',#3791,#3801,#3803,.T.);
#3801 = VERTEX_POINT('',#3802);
#3802 = CARTESIAN_POINT('',(364.5,-182.5,153.));
#3803 = LINE('',#3804,#3805);
#3804 = CARTESIAN_POINT('',(335.5,-182.5,153.));
#3805 = VECTOR('',#3806,1.);
#3806 = DIRECTION('',(1.,0.,0.));
#3807 = ORIENTED_EDGE('',*,*,#3808,.T.);
#3808 = EDGE_CURVE('',#3801,#3809,#3811,.T.);
#3809 = VERTEX_POINT('',#3810);
#3810 = CARTESIAN_POINT('',(364.5,-182.5,182.));
#3811 = LINE('',#3812,#3813);
#3812 = CARTESIAN_POINT('',(364.5,-182.5,153.));
#3813 = VECTOR('',#3814,1.);
#3814 = DIRECTION('',(0.,0.,1.));
#3815 = ORIENTED_EDGE('',*,*,#3816,.F.);
#3816 = EDGE_CURVE('',#3793,#3809,#3817,.T.);
#3817 = LINE('',#3818,#3819);
#3818 = CARTESIAN_POINT('',(335.5,-182.5,182.));
#3819 = VECTOR('',#3820,1.);
#3820 = DIRECTION('',(1.,0.,0.));
#3821 = PLANE('',#3822);
#3822 = AXIS2_PLACEMENT_3D('',#3823,#3824,#3825);
#3823 = CARTESIAN_POINT('',(332.5,-182.5,150.));
#3824 = DIRECTION('',(0.,1.,0.));
#3825 = DIRECTION('',(0.,0.,1.));
#3826 = ADVANCED_FACE('',(#3827),#3845,.T.);
#3827 = FACE_BOUND('',#3828,.T.);
#3828 = EDGE_LOOP('',(#3829,#3830,#3831,#3839));
#3829 = ORIENTED_EDGE('',*,*,#3751,.F.);
#3830 = ORIENTED_EDGE('',*,*,#3774,.T.);
#3831 = ORIENTED_EDGE('',*,*,#3832,.T.);
#3832 = EDGE_CURVE('',#3775,#3833,#3835,.T.);
#3833 = VERTEX_POINT('',#3834);
#3834 = CARTESIAN_POINT('',(367.5,182.5,185.));
#3835 = LINE('',#3836,#3837);
#3836 = CARTESIAN_POINT('',(367.5,-182.5,185.));
#3837 = VECTOR('',#3838,1.);
#3838 = DIRECTION('',(0.,1.,0.));
#3839 = ORIENTED_EDGE('',*,*,#3840,.F.);
#3840 = EDGE_CURVE('',#3744,#3833,#3841,.T.);
#3841 = LINE('',#3842,#3843);
#3842 = CARTESIAN_POINT('',(332.5,182.5,185.));
#3843 = VECTOR('',#3844,1.);
#3844 = DIRECTION('',(1.,0.,0.));
#3845 = PLANE('',#3846);
#3846 = AXIS2_PLACEMENT_3D('',#3847,#3848,#3849);
#3847 = CARTESIAN_POINT('',(332.5,-182.5,185.));
#3848 = DIRECTION('',(0.,0.,1.));
#3849 = DIRECTION('',(1.,0.,0.));
#3850 = ADVANCED_FACE('',(#3851,#3869),#3903,.T.);
#3851 = FACE_BOUND('',#3852,.T.);
#3852 = EDGE_LOOP('',(#3853,#3861,#3862,#3863));
#3853 = ORIENTED_EDGE('',*,*,#3854,.F.);
#3854 = EDGE_CURVE('',#3736,#3855,#3857,.T.);
#3855 = VERTEX_POINT('',#3856);
#3856 = CARTESIAN_POINT('',(367.5,182.5,150.));
#3857 = LINE('',#3858,#3859);
#3858 = CARTESIAN_POINT('',(332.5,182.5,150.));
#3859 = VECTOR('',#3860,1.);
#3860 = DIRECTION('',(1.,0.,0.));
#3861 = ORIENTED_EDGE('',*,*,#3743,.T.);
#3862 = ORIENTED_EDGE('',*,*,#3840,.T.);
#3863 = ORIENTED_EDGE('',*,*,#3864,.F.);
#3864 = EDGE_CURVE('',#3855,#3833,#3865,.T.);
#3865 = LINE('',#3866,#3867);
#3866 = CARTESIAN_POINT('',(367.5,182.5,150.));
#3867 = VECTOR('',#3868,1.);
#3868 = DIRECTION('',(0.,0.,1.));
#3869 = FACE_BOUND('',#3870,.T.);
#3870 = EDGE_LOOP('',(#3871,#3881,#3889,#3897));
#3871 = ORIENTED_EDGE('',*,*,#3872,.F.);
#3872 = EDGE_CURVE('',#3873,#3875,#3877,.T.);
#3873 = VERTEX_POINT('',#3874);
#3874 = CARTESIAN_POINT('',(335.5,182.5,153.));
#3875 = VERTEX_POINT('',#3876);
#3876 = CARTESIAN_POINT('',(335.5,182.5,182.));
#3877 = LINE('',#3878,#3879);
#3878 = CARTESIAN_POINT('',(335.5,182.5,153.));
#3879 = VECTOR('',#3880,1.);
#3880 = DIRECTION('',(0.,0.,1.));
#3881 = ORIENTED_EDGE('',*,*,#3882,.T.);
#3882 = EDGE_CURVE('',#3873,#3883,#3885,.T.);
#3883 = VERTEX_POINT('',#3884);
#3884 = CARTESIAN_POINT('',(364.5,182.5,153.));
#3885 = LINE('',#3886,#3887);
#3886 = CARTESIAN_POINT('',(335.5,182.5,153.));
#3887 = VECTOR('',#3888,1.);
#3888 = DIRECTION('',(1.,0.,0.));
#3889 = ORIENTED_EDGE('',*,*,#3890,.T.);
#3890 = EDGE_CURVE('',#3883,#3891,#3893,.T.);
#3891 = VERTEX_POINT('',#3892);
#3892 = CARTESIAN_POINT('',(364.5,182.5,182.));
#3893 = LINE('',#3894,#3895);
#3894 = CARTESIAN_POINT('',(364.5,182.5,153.));
#3895 = VECTOR('',#3896,1.);
#3896 = DIRECTION('',(0.,0.,1.));
#3897 = ORIENTED_EDGE('',*,*,#3898,.F.);
#3898 = EDGE_CURVE('',#3875,#3891,#3899,.T.);
#3899 = LINE('',#3900,#3901);
#3900 = CARTESIAN_POINT('',(335.5,182.5,182.));
#3901 = VECTOR('',#3902,1.);
#3902 = DIRECTION('',(1.,0.,0.));
#3903 = PLANE('',#3904);
#3904 = AXIS2_PLACEMENT_3D('',#3905,#3906,#3907);
#3905 = CARTESIAN_POINT('',(332.5,182.5,150.));
#3906 = DIRECTION('',(0.,1.,0.));
#3907 = DIRECTION('',(0.,0.,1.));
#3908 = ADVANCED_FACE('',(#3909),#3920,.F.);
#3909 = FACE_BOUND('',#3910,.F.);
#3910 = EDGE_LOOP('',(#3911,#3912,#3913,#3919));
#3911 = ORIENTED_EDGE('',*,*,#3735,.F.);
#3912 = ORIENTED_EDGE('',*,*,#3765,.T.);
#3913 = ORIENTED_EDGE('',*,*,#3914,.T.);
#3914 = EDGE_CURVE('',#3766,#3855,#3915,.T.);
#3915 = LINE('',#3916,#3917);
#3916 = CARTESIAN_POINT('',(367.5,-182.5,150.));
#3917 = VECTOR('',#3918,1.);
#3918 = DIRECTION('',(0.,1.,0.));
#3919 = ORIENTED_EDGE('',*,*,#3854,.F.);
#3920 = PLANE('',#3921);
#3921 = AXIS2_PLACEMENT_3D('',#3922,#3923,#3924);
#3922 = CARTESIAN_POINT('',(332.5,-182.5,150.));
#3923 = DIRECTION('',(0.,0.,1.));
#3924 = DIRECTION('',(1.,0.,0.));
#3925 = ADVANCED_FACE('',(#3926),#3932,.T.);
#3926 = FACE_BOUND('',#3927,.T.);
#3927 = EDGE_LOOP('',(#3928,#3929,#3930,#3931));
#3928 = ORIENTED_EDGE('',*,*,#3782,.F.);
#3929 = ORIENTED_EDGE('',*,*,#3914,.T.);
#3930 = ORIENTED_EDGE('',*,*,#3864,.T.);
#3931 = ORIENTED_EDGE('',*,*,#3832,.F.);
#3932 = PLANE('',#3933);
#3933 = AXIS2_PLACEMENT_3D('',#3934,#3935,#3936);
#3934 = CARTESIAN_POINT('',(367.5,-182.5,150.));
#3935 = DIRECTION('',(1.,0.,0.));
#3936 = DIRECTION('',(0.,0.,1.));
#3937 = ADVANCED_FACE('',(#3938),#3954,.T.);
#3938 = FACE_BOUND('',#3939,.T.);
#3939 = EDGE_LOOP('',(#3940,#3941,#3947,#3948));
#3940 = ORIENTED_EDGE('',*,*,#3790,.F.);
#3941 = ORIENTED_EDGE('',*,*,#3942,.T.);
#3942 = EDGE_CURVE('',#3791,#3873,#3943,.T.);
#3943 = LINE('',#3944,#3945);
#3944 = CARTESIAN_POINT('',(335.5,-182.5,153.));
#3945 = VECTOR('',#3946,1.);
#3946 = DIRECTION('',(0.,1.,0.));
#3947 = ORIENTED_EDGE('',*,*,#3872,.T.);
#3948 = ORIENTED_EDGE('',*,*,#3949,.F.);
#3949 = EDGE_CURVE('',#3793,#3875,#3950,.T.);
#3950 = LINE('',#3951,#3952);
#3951 = CARTESIAN_POINT('',(335.5,-182.5,182.));
#3952 = VECTOR('',#3953,1.);
#3953 = DIRECTION('',(0.,1.,0.));
#3954 = PLANE('',#3955);
#3955 = AXIS2_PLACEMENT_3D('',#3956,#3957,#3958);
#3956 = CARTESIAN_POINT('',(335.5,-182.5,153.));
#3957 = DIRECTION('',(1.,0.,0.));
#3958 = DIRECTION('',(0.,0.,1.));
#3959 = ADVANCED_FACE('',(#3960),#3971,.F.);
#3960 = FACE_BOUND('',#3961,.F.);
#3961 = EDGE_LOOP('',(#3962,#3963,#3964,#3970));
#3962 = ORIENTED_EDGE('',*,*,#3949,.F.);
#3963 = ORIENTED_EDGE('',*,*,#3816,.T.);
#3964 = ORIENTED_EDGE('',*,*,#3965,.T.);
#3965 = EDGE_CURVE('',#3809,#3891,#3966,.T.);
#3966 = LINE('',#3967,#3968);
#3967 = CARTESIAN_POINT('',(364.5,-182.5,182.));
#3968 = VECTOR('',#3969,1.);
#3969 = DIRECTION('',(0.,1.,0.));
#3970 = ORIENTED_EDGE('',*,*,#3898,.F.);
#3971 = PLANE('',#3972);
#3972 = AXIS2_PLACEMENT_3D('',#3973,#3974,#3975);
#3973 = CARTESIAN_POINT('',(335.5,-182.5,182.));
#3974 = DIRECTION('',(0.,0.,1.));
#3975 = DIRECTION('',(1.,0.,0.));
#3976 = ADVANCED_FACE('',(#3977),#3988,.F.);
#3977 = FACE_BOUND('',#3978,.F.);
#3978 = EDGE_LOOP('',(#3979,#3980,#3986,#3987));
#3979 = ORIENTED_EDGE('',*,*,#3808,.F.);
#3980 = ORIENTED_EDGE('',*,*,#3981,.T.);
#3981 = EDGE_CURVE('',#3801,#3883,#3982,.T.);
#3982 = LINE('',#3983,#3984);
#3983 = CARTESIAN_POINT('',(364.5,-182.5,153.));
#3984 = VECTOR('',#3985,1.);
#3985 = DIRECTION('',(0.,1.,0.));
#3986 = ORIENTED_EDGE('',*,*,#3890,.T.);
#3987 = ORIENTED_EDGE('',*,*,#3965,.F.);
#3988 = PLANE('',#3989);
#3989 = AXIS2_PLACEMENT_3D('',#3990,#3991,#3992);
#3990 = CARTESIAN_POINT('',(364.5,-182.5,153.));
#3991 = DIRECTION('',(1.,0.,0.));
#3992 = DIRECTION('',(0.,0.,1.));
#3993 = ADVANCED_FACE('',(#3994),#4000,.T.);
#3994 = FACE_BOUND('',#3995,.T.);
#3995 = EDGE_LOOP('',(#3996,#3997,#3998,#3999));
#3996 = ORIENTED_EDGE('',*,*,#3942,.F.);
#3997 = ORIENTED_EDGE('',*,*,#3800,.T.);
#3998 = ORIENTED_EDGE('',*,*,#3981,.T.);
#3999 = ORIENTED_EDGE('',*,*,#3882,.F.);
#4000 = PLANE('',#4001);
#4001 = AXIS2_PLACEMENT_3D('',#4002,#4003,#4004);
#4002 = CARTESIAN_POINT('',(335.5,-182.5,153.));
#4003 = DIRECTION('',(0.,0.,1.));
#4004 = DIRECTION('',(1.,0.,0.));
#4005 = MANIFOLD_SOLID_BREP('',#4006);
#4006 = CLOSED_SHELL('',(#4007,#4047,#4112,#4136,#4194,#4211,#4223,#4245
    ,#4262,#4279));
#4007 = ADVANCED_FACE('',(#4008),#4042,.F.);
#4008 = FACE_BOUND('',#4009,.F.);
#4009 = EDGE_LOOP('',(#4010,#4020,#4028,#4036));
#4010 = ORIENTED_EDGE('',*,*,#4011,.F.);
#4011 = EDGE_CURVE('',#4012,#4014,#4016,.T.);
#4012 = VERTEX_POINT('',#4013);
#4013 = CARTESIAN_POINT('',(-367.5,-182.5,410.));
#4014 = VERTEX_POINT('',#4015);
#4015 = CARTESIAN_POINT('',(-367.5,-182.5,445.));
#4016 = LINE('',#4017,#4018);
#4017 = CARTESIAN_POINT('',(-367.5,-182.5,410.));
#4018 = VECTOR('',#4019,1.);
#4019 = DIRECTION('',(0.,0.,1.));
#4020 = ORIENTED_EDGE('',*,*,#4021,.T.);
#4021 = EDGE_CURVE('',#4012,#4022,#4024,.T.);
#4022 = VERTEX_POINT('',#4023);
#4023 = CARTESIAN_POINT('',(-367.5,182.5,410.));
#4024 = LINE('',#4025,#4026);
#4025 = CARTESIAN_POINT('',(-367.5,-182.5,410.));
#4026 = VECTOR('',#4027,1.);
#4027 = DIRECTION('',(0.,1.,0.));
#4028 = ORIENTED_EDGE('',*,*,#4029,.T.);
#4029 = EDGE_CURVE('',#4022,#4030,#4032,.T.);
#4030 = VERTEX_POINT('',#4031);
#4031 = CARTESIAN_POINT('',(-367.5,182.5,445.));
#4032 = LINE('',#4033,#4034);
#4033 = CARTESIAN_POINT('',(-367.5,182.5,410.));
#4034 = VECTOR('',#4035,1.);
#4035 = DIRECTION('',(0.,0.,1.));
#4036 = ORIENTED_EDGE('',*,*,#4037,.F.);
#4037 = EDGE_CURVE('',#4014,#4030,#4038,.T.);
#4038 = LINE('',#4039,#4040);
#4039 = CARTESIAN_POINT('',(-367.5,-182.5,445.));
#4040 = VECTOR('',#4041,1.);
#4041 = DIRECTION('',(0.,1.,0.));
#4042 = PLANE('',#4043);
#4043 = AXIS2_PLACEMENT_3D('',#4044,#4045,#4046);
#4044 = CARTESIAN_POINT('',(-367.5,-182.5,410.));
#4045 = DIRECTION('',(1.,0.,0.));
#4046 = DIRECTION('',(0.,0.,1.));
#4047 = ADVANCED_FACE('',(#4048,#4073),#4107,.F.);
#4048 = FACE_BOUND('',#4049,.F.);
#4049 = EDGE_LOOP('',(#4050,#4058,#4059,#4067));
#4050 = ORIENTED_EDGE('',*,*,#4051,.F.);
#4051 = EDGE_CURVE('',#4012,#4052,#4054,.T.);
#4052 = VERTEX_POINT('',#4053);
#4053 = CARTESIAN_POINT('',(-332.5,-182.5,410.));
#4054 = LINE('',#4055,#4056);
#4055 = CARTESIAN_POINT('',(-367.5,-182.5,410.));
#4056 = VECTOR('',#4057,1.);
#4057 = DIRECTION('',(1.,0.,0.));
#4058 = ORIENTED_EDGE('',*,*,#4011,.T.);
#4059 = ORIENTED_EDGE('',*,*,#4060,.T.);
#4060 = EDGE_CURVE('',#4014,#4061,#4063,.T.);
#4061 = VERTEX_POINT('',#4062);
#4062 = CARTESIAN_POINT('',(-332.5,-182.5,445.));
#4063 = LINE('',#4064,#4065);
#4064 = CARTESIAN_POINT('',(-367.5,-182.5,445.));
#4065 = VECTOR('',#4066,1.);
#4066 = DIRECTION('',(1.,0.,0.));
#4067 = ORIENTED_EDGE('',*,*,#4068,.F.);
#4068 = EDGE_CURVE('',#4052,#4061,#4069,.T.);
#4069 = LINE('',#4070,#4071);
#4070 = CARTESIAN_POINT('',(-332.5,-182.5,410.));
#4071 = VECTOR('',#4072,1.);
#4072 = DIRECTION('',(0.,0.,1.));
#4073 = FACE_BOUND('',#4074,.F.);
#4074 = EDGE_LOOP('',(#4075,#4085,#4093,#4101));
#4075 = ORIENTED_EDGE('',*,*,#4076,.F.);
#4076 = EDGE_CURVE('',#4077,#4079,#4081,.T.);
#4077 = VERTEX_POINT('',#4078);
#4078 = CARTESIAN_POINT('',(-364.5,-182.5,413.));
#4079 = VERTEX_POINT('',#4080);
#4080 = CARTESIAN_POINT('',(-364.5,-182.5,442.));
#4081 = LINE('',#4082,#4083);
#4082 = CARTESIAN_POINT('',(-364.5,-182.5,413.));
#4083 = VECTOR('',#4084,1.);
#4084 = DIRECTION('',(0.,0.,1.));
#4085 = ORIENTED_EDGE('',*,*,#4086,.T.);
#4086 = EDGE_CURVE('',#4077,#4087,#4089,.T.);
#4087 = VERTEX_POINT('',#4088);
#4088 = CARTESIAN_POINT('',(-335.5,-182.5,413.));
#4089 = LINE('',#4090,#4091);
#4090 = CARTESIAN_POINT('',(-364.5,-182.5,413.));
#4091 = VECTOR('',#4092,1.);
#4092 = DIRECTION('',(1.,0.,0.));
#4093 = ORIENTED_EDGE('',*,*,#4094,.T.);
#4094 = EDGE_CURVE('',#4087,#4095,#4097,.T.);
#4095 = VERTEX_POINT('',#4096);
#4096 = CARTESIAN_POINT('',(-335.5,-182.5,442.));
#4097 = LINE('',#4098,#4099);
#4098 = CARTESIAN_POINT('',(-335.5,-182.5,413.));
#4099 = VECTOR('',#4100,1.);
#4100 = DIRECTION('',(0.,0.,1.));
#4101 = ORIENTED_EDGE('',*,*,#4102,.F.);
#4102 = EDGE_CURVE('',#4079,#4095,#4103,.T.);
#4103 = LINE('',#4104,#4105);
#4104 = CARTESIAN_POINT('',(-364.5,-182.5,442.));
#4105 = VECTOR('',#4106,1.);
#4106 = DIRECTION('',(1.,0.,0.));
#4107 = PLANE('',#4108);
#4108 = AXIS2_PLACEMENT_3D('',#4109,#4110,#4111);
#4109 = CARTESIAN_POINT('',(-367.5,-182.5,410.));
#4110 = DIRECTION('',(0.,1.,0.));
#4111 = DIRECTION('',(0.,0.,1.));
#4112 = ADVANCED_FACE('',(#4113),#4131,.T.);
#4113 = FACE_BOUND('',#4114,.T.);
#4114 = EDGE_LOOP('',(#4115,#4116,#4117,#4125));
#4115 = ORIENTED_EDGE('',*,*,#4037,.F.);
#4116 = ORIENTED_EDGE('',*,*,#4060,.T.);
#4117 = ORIENTED_EDGE('',*,*,#4118,.T.);
#4118 = EDGE_CURVE('',#4061,#4119,#4121,.T.);
#4119 = VERTEX_POINT('',#4120);
#4120 = CARTESIAN_POINT('',(-332.5,182.5,445.));
#4121 = LINE('',#4122,#4123);
#4122 = CARTESIAN_POINT('',(-332.5,-182.5,445.));
#4123 = VECTOR('',#4124,1.);
#4124 = DIRECTION('',(0.,1.,0.));
#4125 = ORIENTED_EDGE('',*,*,#4126,.F.);
#4126 = EDGE_CURVE('',#4030,#4119,#4127,.T.);
#4127 = LINE('',#4128,#4129);
#4128 = CARTESIAN_POINT('',(-367.5,182.5,445.));
#4129 = VECTOR('',#4130,1.);
#4130 = DIRECTION('',(1.,0.,0.));
#4131 = PLANE('',#4132);
#4132 = AXIS2_PLACEMENT_3D('',#4133,#4134,#4135);
#4133 = CARTESIAN_POINT('',(-367.5,-182.5,445.));
#4134 = DIRECTION('',(0.,0.,1.));
#4135 = DIRECTION('',(1.,0.,0.));
#4136 = ADVANCED_FACE('',(#4137,#4155),#4189,.T.);
#4137 = FACE_BOUND('',#4138,.T.);
#4138 = EDGE_LOOP('',(#4139,#4147,#4148,#4149));
#4139 = ORIENTED_EDGE('',*,*,#4140,.F.);
#4140 = EDGE_CURVE('',#4022,#4141,#4143,.T.);
#4141 = VERTEX_POINT('',#4142);
#4142 = CARTESIAN_POINT('',(-332.5,182.5,410.));
#4143 = LINE('',#4144,#4145);
#4144 = CARTESIAN_POINT('',(-367.5,182.5,410.));
#4145 = VECTOR('',#4146,1.);
#4146 = DIRECTION('',(1.,0.,0.));
#4147 = ORIENTED_EDGE('',*,*,#4029,.T.);
#4148 = ORIENTED_EDGE('',*,*,#4126,.T.);
#4149 = ORIENTED_EDGE('',*,*,#4150,.F.);
#4150 = EDGE_CURVE('',#4141,#4119,#4151,.T.);
#4151 = LINE('',#4152,#4153);
#4152 = CARTESIAN_POINT('',(-332.5,182.5,410.));
#4153 = VECTOR('',#4154,1.);
#4154 = DIRECTION('',(0.,0.,1.));
#4155 = FACE_BOUND('',#4156,.T.);
#4156 = EDGE_LOOP('',(#4157,#4167,#4175,#4183));
#4157 = ORIENTED_EDGE('',*,*,#4158,.F.);
#4158 = EDGE_CURVE('',#4159,#4161,#4163,.T.);
#4159 = VERTEX_POINT('',#4160);
#4160 = CARTESIAN_POINT('',(-364.5,182.5,413.));
#4161 = VERTEX_POINT('',#4162);
#4162 = CARTESIAN_POINT('',(-364.5,182.5,442.));
#4163 = LINE('',#4164,#4165);
#4164 = CARTESIAN_POINT('',(-364.5,182.5,413.));
#4165 = VECTOR('',#4166,1.);
#4166 = DIRECTION('',(0.,0.,1.));
#4167 = ORIENTED_EDGE('',*,*,#4168,.T.);
#4168 = EDGE_CURVE('',#4159,#4169,#4171,.T.);
#4169 = VERTEX_POINT('',#4170);
#4170 = CARTESIAN_POINT('',(-335.5,182.5,413.));
#4171 = LINE('',#4172,#4173);
#4172 = CARTESIAN_POINT('',(-364.5,182.5,413.));
#4173 = VECTOR('',#4174,1.);
#4174 = DIRECTION('',(1.,0.,0.));
#4175 = ORIENTED_EDGE('',*,*,#4176,.T.);
#4176 = EDGE_CURVE('',#4169,#4177,#4179,.T.);
#4177 = VERTEX_POINT('',#4178);
#4178 = CARTESIAN_POINT('',(-335.5,182.5,442.));
#4179 = LINE('',#4180,#4181);
#4180 = CARTESIAN_POINT('',(-335.5,182.5,413.));
#4181 = VECTOR('',#4182,1.);
#4182 = DIRECTION('',(0.,0.,1.));
#4183 = ORIENTED_EDGE('',*,*,#4184,.F.);
#4184 = EDGE_CURVE('',#4161,#4177,#4185,.T.);
#4185 = LINE('',#4186,#4187);
#4186 = CARTESIAN_POINT('',(-364.5,182.5,442.));
#4187 = VECTOR('',#4188,1.);
#4188 = DIRECTION('',(1.,0.,0.));
#4189 = PLANE('',#4190);
#4190 = AXIS2_PLACEMENT_3D('',#4191,#4192,#4193);
#4191 = CARTESIAN_POINT('',(-367.5,182.5,410.));
#4192 = DIRECTION('',(0.,1.,0.));
#4193 = DIRECTION('',(0.,0.,1.));
#4194 = ADVANCED_FACE('',(#4195),#4206,.F.);
#4195 = FACE_BOUND('',#4196,.F.);
#4196 = EDGE_LOOP('',(#4197,#4198,#4199,#4205));
#4197 = ORIENTED_EDGE('',*,*,#4021,.F.);
#4198 = ORIENTED_EDGE('',*,*,#4051,.T.);
#4199 = ORIENTED_EDGE('',*,*,#4200,.T.);
#4200 = EDGE_CURVE('',#4052,#4141,#4201,.T.);
#4201 = LINE('',#4202,#4203);
#4202 = CARTESIAN_POINT('',(-332.5,-182.5,410.));
#4203 = VECTOR('',#4204,1.);
#4204 = DIRECTION('',(0.,1.,0.));
#4205 = ORIENTED_EDGE('',*,*,#4140,.F.);
#4206 = PLANE('',#4207);
#4207 = AXIS2_PLACEMENT_3D('',#4208,#4209,#4210);
#4208 = CARTESIAN_POINT('',(-367.5,-182.5,410.));
#4209 = DIRECTION('',(0.,0.,1.));
#4210 = DIRECTION('',(1.,0.,0.));
#4211 = ADVANCED_FACE('',(#4212),#4218,.T.);
#4212 = FACE_BOUND('',#4213,.T.);
#4213 = EDGE_LOOP('',(#4214,#4215,#4216,#4217));
#4214 = ORIENTED_EDGE('',*,*,#4068,.F.);
#4215 = ORIENTED_EDGE('',*,*,#4200,.T.);
#4216 = ORIENTED_EDGE('',*,*,#4150,.T.);
#4217 = ORIENTED_EDGE('',*,*,#4118,.F.);
#4218 = PLANE('',#4219);
#4219 = AXIS2_PLACEMENT_3D('',#4220,#4221,#4222);
#4220 = CARTESIAN_POINT('',(-332.5,-182.5,410.));
#4221 = DIRECTION('',(1.,0.,0.));
#4222 = DIRECTION('',(0.,0.,1.));
#4223 = ADVANCED_FACE('',(#4224),#4240,.T.);
#4224 = FACE_BOUND('',#4225,.T.);
#4225 = EDGE_LOOP('',(#4226,#4227,#4233,#4234));
#4226 = ORIENTED_EDGE('',*,*,#4076,.F.);
#4227 = ORIENTED_EDGE('',*,*,#4228,.T.);
#4228 = EDGE_CURVE('',#4077,#4159,#4229,.T.);
#4229 = LINE('',#4230,#4231);
#4230 = CARTESIAN_POINT('',(-364.5,-182.5,413.));
#4231 = VECTOR('',#4232,1.);
#4232 = DIRECTION('',(0.,1.,0.));
#4233 = ORIENTED_EDGE('',*,*,#4158,.T.);
#4234 = ORIENTED_EDGE('',*,*,#4235,.F.);
#4235 = EDGE_CURVE('',#4079,#4161,#4236,.T.);
#4236 = LINE('',#4237,#4238);
#4237 = CARTESIAN_POINT('',(-364.5,-182.5,442.));
#4238 = VECTOR('',#4239,1.);
#4239 = DIRECTION('',(0.,1.,0.));
#4240 = PLANE('',#4241);
#4241 = AXIS2_PLACEMENT_3D('',#4242,#4243,#4244);
#4242 = CARTESIAN_POINT('',(-364.5,-182.5,413.));
#4243 = DIRECTION('',(1.,0.,0.));
#4244 = DIRECTION('',(0.,0.,1.));
#4245 = ADVANCED_FACE('',(#4246),#4257,.F.);
#4246 = FACE_BOUND('',#4247,.F.);
#4247 = EDGE_LOOP('',(#4248,#4249,#4250,#4256));
#4248 = ORIENTED_EDGE('',*,*,#4235,.F.);
#4249 = ORIENTED_EDGE('',*,*,#4102,.T.);
#4250 = ORIENTED_EDGE('',*,*,#4251,.T.);
#4251 = EDGE_CURVE('',#4095,#4177,#4252,.T.);
#4252 = LINE('',#4253,#4254);
#4253 = CARTESIAN_POINT('',(-335.5,-182.5,442.));
#4254 = VECTOR('',#4255,1.);
#4255 = DIRECTION('',(0.,1.,0.));
#4256 = ORIENTED_EDGE('',*,*,#4184,.F.);
#4257 = PLANE('',#4258);
#4258 = AXIS2_PLACEMENT_3D('',#4259,#4260,#4261);
#4259 = CARTESIAN_POINT('',(-364.5,-182.5,442.));
#4260 = DIRECTION('',(0.,0.,1.));
#4261 = DIRECTION('',(1.,0.,0.));
#4262 = ADVANCED_FACE('',(#4263),#4274,.F.);
#4263 = FACE_BOUND('',#4264,.F.);
#4264 = EDGE_LOOP('',(#4265,#4266,#4272,#4273));
#4265 = ORIENTED_EDGE('',*,*,#4094,.F.);
#4266 = ORIENTED_EDGE('',*,*,#4267,.T.);
#4267 = EDGE_CURVE('',#4087,#4169,#4268,.T.);
#4268 = LINE('',#4269,#4270);
#4269 = CARTESIAN_POINT('',(-335.5,-182.5,413.));
#4270 = VECTOR('',#4271,1.);
#4271 = DIRECTION('',(0.,1.,0.));
#4272 = ORIENTED_EDGE('',*,*,#4176,.T.);
#4273 = ORIENTED_EDGE('',*,*,#4251,.F.);
#4274 = PLANE('',#4275);
#4275 = AXIS2_PLACEMENT_3D('',#4276,#4277,#4278);
#4276 = CARTESIAN_POINT('',(-335.5,-182.5,413.));
#4277 = DIRECTION('',(1.,0.,0.));
#4278 = DIRECTION('',(0.,0.,1.));
#4279 = ADVANCED_FACE('',(#4280),#4286,.T.);
#4280 = FACE_BOUND('',#4281,.T.);
#4281 = EDGE_LOOP('',(#4282,#4283,#4284,#4285));
#4282 = ORIENTED_EDGE('',*,*,#4228,.F.);
#4283 = ORIENTED_EDGE('',*,*,#4086,.T.);
#4284 = ORIENTED_EDGE('',*,*,#4267,.T.);
#4285 = ORIENTED_EDGE('',*,*,#4168,.F.);
#4286 = PLANE('',#4287);
#4287 = AXIS2_PLACEMENT_3D('',#4288,#4289,#4290);
#4288 = CARTESIAN_POINT('',(-364.5,-182.5,413.));
#4289 = DIRECTION('',(0.,0.,1.));
#4290 = DIRECTION('',(1.,0.,0.));
#4291 = MANIFOLD_SOLID_BREP('',#4292);
#4292 = CLOSED_SHELL('',(#4293,#4333,#4398,#4422,#4480,#4497,#4509,#4531
    ,#4548,#4565));
#4293 = ADVANCED_FACE('',(#4294),#4328,.F.);
#4294 = FACE_BOUND('',#4295,.F.);
#4295 = EDGE_LOOP('',(#4296,#4306,#4314,#4322));
#4296 = ORIENTED_EDGE('',*,*,#4297,.F.);
#4297 = EDGE_CURVE('',#4298,#4300,#4302,.T.);
#4298 = VERTEX_POINT('',#4299);
#4299 = CARTESIAN_POINT('',(332.5,-182.5,410.));
#4300 = VERTEX_POINT('',#4301);
#4301 = CARTESIAN_POINT('',(332.5,-182.5,445.));
#4302 = LINE('',#4303,#4304);
#4303 = CARTESIAN_POINT('',(332.5,-182.5,410.));
#4304 = VECTOR('',#4305,1.);
#4305 = DIRECTION('',(0.,0.,1.));
#4306 = ORIENTED_EDGE('',*,*,#4307,.T.);
#4307 = EDGE_CURVE('',#4298,#4308,#4310,.T.);
#4308 = VERTEX_POINT('',#4309);
#4309 = CARTESIAN_POINT('',(332.5,182.5,410.));
#4310 = LINE('',#4311,#4312);
#4311 = CARTESIAN_POINT('',(332.5,-182.5,410.));
#4312 = VECTOR('',#4313,1.);
#4313 = DIRECTION('',(0.,1.,0.));
#4314 = ORIENTED_EDGE('',*,*,#4315,.T.);
#4315 = EDGE_CURVE('',#4308,#4316,#4318,.T.);
#4316 = VERTEX_POINT('',#4317);
#4317 = CARTESIAN_POINT('',(332.5,182.5,445.));
#4318 = LINE('',#4319,#4320);
#4319 = CARTESIAN_POINT('',(332.5,182.5,410.));
#4320 = VECTOR('',#4321,1.);
#4321 = DIRECTION('',(0.,0.,1.));
#4322 = ORIENTED_EDGE('',*,*,#4323,.F.);
#4323 = EDGE_CURVE('',#4300,#4316,#4324,.T.);
#4324 = LINE('',#4325,#4326);
#4325 = CARTESIAN_POINT('',(332.5,-182.5,445.));
#4326 = VECTOR('',#4327,1.);
#4327 = DIRECTION('',(0.,1.,0.));
#4328 = PLANE('',#4329);
#4329 = AXIS2_PLACEMENT_3D('',#4330,#4331,#4332);
#4330 = CARTESIAN_POINT('',(332.5,-182.5,410.));
#4331 = DIRECTION('',(1.,0.,0.));
#4332 = DIRECTION('',(0.,0.,1.));
#4333 = ADVANCED_FACE('',(#4334,#4359),#4393,.F.);
#4334 = FACE_BOUND('',#4335,.F.);
#4335 = EDGE_LOOP('',(#4336,#4344,#4345,#4353));
#4336 = ORIENTED_EDGE('',*,*,#4337,.F.);
#4337 = EDGE_CURVE('',#4298,#4338,#4340,.T.);
#4338 = VERTEX_POINT('',#4339);
#4339 = CARTESIAN_POINT('',(367.5,-182.5,410.));
#4340 = LINE('',#4341,#4342);
#4341 = CARTESIAN_POINT('',(332.5,-182.5,410.));
#4342 = VECTOR('',#4343,1.);
#4343 = DIRECTION('',(1.,0.,0.));
#4344 = ORIENTED_EDGE('',*,*,#4297,.T.);
#4345 = ORIENTED_EDGE('',*,*,#4346,.T.);
#4346 = EDGE_CURVE('',#4300,#4347,#4349,.T.);
#4347 = VERTEX_POINT('',#4348);
#4348 = CARTESIAN_POINT('',(367.5,-182.5,445.));
#4349 = LINE('',#4350,#4351);
#4350 = CARTESIAN_POINT('',(332.5,-182.5,445.));
#4351 = VECTOR('',#4352,1.);
#4352 = DIRECTION('',(1.,0.,0.));
#4353 = ORIENTED_EDGE('',*,*,#4354,.F.);
#4354 = EDGE_CURVE('',#4338,#4347,#4355,.T.);
#4355 = LINE('',#4356,#4357);
#4356 = CARTESIAN_POINT('',(367.5,-182.5,410.));
#4357 = VECTOR('',#4358,1.);
#4358 = DIRECTION('',(0.,0.,1.));
#4359 = FACE_BOUND('',#4360,.F.);
#4360 = EDGE_LOOP('',(#4361,#4371,#4379,#4387));
#4361 = ORIENTED_EDGE('',*,*,#4362,.F.);
#4362 = EDGE_CURVE('',#4363,#4365,#4367,.T.);
#4363 = VERTEX_POINT('',#4364);
#4364 = CARTESIAN_POINT('',(335.5,-182.5,413.));
#4365 = VERTEX_POINT('',#4366);
#4366 = CARTESIAN_POINT('',(335.5,-182.5,442.));
#4367 = LINE('',#4368,#4369);
#4368 = CARTESIAN_POINT('',(335.5,-182.5,413.));
#4369 = VECTOR('',#4370,1.);
#4370 = DIRECTION('',(0.,0.,1.));
#4371 = ORIENTED_EDGE('',*,*,#4372,.T.);
#4372 = EDGE_CURVE('',#4363,#4373,#4375,.T.);
#4373 = VERTEX_POINT('',#4374);
#4374 = CARTESIAN_POINT('',(364.5,-182.5,413.));
#4375 = LINE('',#4376,#4377);
#4376 = CARTESIAN_POINT('',(335.5,-182.5,413.));
#4377 = VECTOR('',#4378,1.);
#4378 = DIRECTION('',(1.,0.,0.));
#4379 = ORIENTED_EDGE('',*,*,#4380,.T.);
#4380 = EDGE_CURVE('',#4373,#4381,#4383,.T.);
#4381 = VERTEX_POINT('',#4382);
#4382 = CARTESIAN_POINT('',(364.5,-182.5,442.));
#4383 = LINE('',#4384,#4385);
#4384 = CARTESIAN_POINT('',(364.5,-182.5,413.));
#4385 = VECTOR('',#4386,1.);
#4386 = DIRECTION('',(0.,0.,1.));
#4387 = ORIENTED_EDGE('',*,*,#4388,.F.);
#4388 = EDGE_CURVE('',#4365,#4381,#4389,.T.);
#4389 = LINE('',#4390,#4391);
#4390 = CARTESIAN_POINT('',(335.5,-182.5,442.));
#4391 = VECTOR('',#4392,1.);
#4392 = DIRECTION('',(1.,0.,0.));
#4393 = PLANE('',#4394);
#4394 = AXIS2_PLACEMENT_3D('',#4395,#4396,#4397);
#4395 = CARTESIAN_POINT('',(332.5,-182.5,410.));
#4396 = DIRECTION('',(0.,1.,0.));
#4397 = DIRECTION('',(0.,0.,1.));
#4398 = ADVANCED_FACE('',(#4399),#4417,.T.);
#4399 = FACE_BOUND('',#4400,.T.);
#4400 = EDGE_LOOP('',(#4401,#4402,#4403,#4411));
#4401 = ORIENTED_EDGE('',*,*,#4323,.F.);
#4402 = ORIENTED_EDGE('',*,*,#4346,.T.);
#4403 = ORIENTED_EDGE('',*,*,#4404,.T.);
#4404 = EDGE_CURVE('',#4347,#4405,#4407,.T.);
#4405 = VERTEX_POINT('',#4406);
#4406 = CARTESIAN_POINT('',(367.5,182.5,445.));
#4407 = LINE('',#4408,#4409);
#4408 = CARTESIAN_POINT('',(367.5,-182.5,445.));
#4409 = VECTOR('',#4410,1.);
#4410 = DIRECTION('',(0.,1.,0.));
#4411 = ORIENTED_EDGE('',*,*,#4412,.F.);
#4412 = EDGE_CURVE('',#4316,#4405,#4413,.T.);
#4413 = LINE('',#4414,#4415);
#4414 = CARTESIAN_POINT('',(332.5,182.5,445.));
#4415 = VECTOR('',#4416,1.);
#4416 = DIRECTION('',(1.,0.,0.));
#4417 = PLANE('',#4418);
#4418 = AXIS2_PLACEMENT_3D('',#4419,#4420,#4421);
#4419 = CARTESIAN_POINT('',(332.5,-182.5,445.));
#4420 = DIRECTION('',(0.,0.,1.));
#4421 = DIRECTION('',(1.,0.,0.));
#4422 = ADVANCED_FACE('',(#4423,#4441),#4475,.T.);
#4423 = FACE_BOUND('',#4424,.T.);
#4424 = EDGE_LOOP('',(#4425,#4433,#4434,#4435));
#4425 = ORIENTED_EDGE('',*,*,#4426,.F.);
#4426 = EDGE_CURVE('',#4308,#4427,#4429,.T.);
#4427 = VERTEX_POINT('',#4428);
#4428 = CARTESIAN_POINT('',(367.5,182.5,410.));
#4429 = LINE('',#4430,#4431);
#4430 = CARTESIAN_POINT('',(332.5,182.5,410.));
#4431 = VECTOR('',#4432,1.);
#4432 = DIRECTION('',(1.,0.,0.));
#4433 = ORIENTED_EDGE('',*,*,#4315,.T.);
#4434 = ORIENTED_EDGE('',*,*,#4412,.T.);
#4435 = ORIENTED_EDGE('',*,*,#4436,.F.);
#4436 = EDGE_CURVE('',#4427,#4405,#4437,.T.);
#4437 = LINE('',#4438,#4439);
#4438 = CARTESIAN_POINT('',(367.5,182.5,410.));
#4439 = VECTOR('',#4440,1.);
#4440 = DIRECTION('',(0.,0.,1.));
#4441 = FACE_BOUND('',#4442,.T.);
#4442 = EDGE_LOOP('',(#4443,#4453,#4461,#4469));
#4443 = ORIENTED_EDGE('',*,*,#4444,.F.);
#4444 = EDGE_CURVE('',#4445,#4447,#4449,.T.);
#4445 = VERTEX_POINT('',#4446);
#4446 = CARTESIAN_POINT('',(335.5,182.5,413.));
#4447 = VERTEX_POINT('',#4448);
#4448 = CARTESIAN_POINT('',(335.5,182.5,442.));
#4449 = LINE('',#4450,#4451);
#4450 = CARTESIAN_POINT('',(335.5,182.5,413.));
#4451 = VECTOR('',#4452,1.);
#4452 = DIRECTION('',(0.,0.,1.));
#4453 = ORIENTED_EDGE('',*,*,#4454,.T.);
#4454 = EDGE_CURVE('',#4445,#4455,#4457,.T.);
#4455 = VERTEX_POINT('',#4456);
#4456 = CARTESIAN_POINT('',(364.5,182.5,413.));
#4457 = LINE('',#4458,#4459);
#4458 = CARTESIAN_POINT('',(335.5,182.5,413.));
#4459 = VECTOR('',#4460,1.);
#4460 = DIRECTION('',(1.,0.,0.));
#4461 = ORIENTED_EDGE('',*,*,#4462,.T.);
#4462 = EDGE_CURVE('',#4455,#4463,#4465,.T.);
#4463 = VERTEX_POINT('',#4464);
#4464 = CARTESIAN_POINT('',(364.5,182.5,442.));
#4465 = LINE('',#4466,#4467);
#4466 = CARTESIAN_POINT('',(364.5,182.5,413.));
#4467 = VECTOR('',#4468,1.);
#4468 = DIRECTION('',(0.,0.,1.));
#4469 = ORIENTED_EDGE('',*,*,#4470,.F.);
#4470 = EDGE_CURVE('',#4447,#4463,#4471,.T.);
#4471 = LINE('',#4472,#4473);
#4472 = CARTESIAN_POINT('',(335.5,182.5,442.));
#4473 = VECTOR('',#4474,1.);
#4474 = DIRECTION('',(1.,0.,0.));
#4475 = PLANE('',#4476);
#4476 = AXIS2_PLACEMENT_3D('',#4477,#4478,#4479);
#4477 = CARTESIAN_POINT('',(332.5,182.5,410.));
#4478 = DIRECTION('',(0.,1.,0.));
#4479 = DIRECTION('',(0.,0.,1.));
#4480 = ADVANCED_FACE('',(#4481),#4492,.F.);
#4481 = FACE_BOUND('',#4482,.F.);
#4482 = EDGE_LOOP('',(#4483,#4484,#4485,#4491));
#4483 = ORIENTED_EDGE('',*,*,#4307,.F.);
#4484 = ORIENTED_EDGE('',*,*,#4337,.T.);
#4485 = ORIENTED_EDGE('',*,*,#4486,.T.);
#4486 = EDGE_CURVE('',#4338,#4427,#4487,.T.);
#4487 = LINE('',#4488,#4489);
#4488 = CARTESIAN_POINT('',(367.5,-182.5,410.));
#4489 = VECTOR('',#4490,1.);
#4490 = DIRECTION('',(0.,1.,0.));
#4491 = ORIENTED_EDGE('',*,*,#4426,.F.);
#4492 = PLANE('',#4493);
#4493 = AXIS2_PLACEMENT_3D('',#4494,#4495,#4496);
#4494 = CARTESIAN_POINT('',(332.5,-182.5,410.));
#4495 = DIRECTION('',(0.,0.,1.));
#4496 = DIRECTION('',(1.,0.,0.));
#4497 = ADVANCED_FACE('',(#4498),#4504,.T.);
#4498 = FACE_BOUND('',#4499,.T.);
#4499 = EDGE_LOOP('',(#4500,#4501,#4502,#4503));
#4500 = ORIENTED_EDGE('',*,*,#4354,.F.);
#4501 = ORIENTED_EDGE('',*,*,#4486,.T.);
#4502 = ORIENTED_EDGE('',*,*,#4436,.T.);
#4503 = ORIENTED_EDGE('',*,*,#4404,.F.);
#4504 = PLANE('',#4505);
#4505 = AXIS2_PLACEMENT_3D('',#4506,#4507,#4508);
#4506 = CARTESIAN_POINT('',(367.5,-182.5,410.));
#4507 = DIRECTION('',(1.,0.,0.));
#4508 = DIRECTION('',(0.,0.,1.));
#4509 = ADVANCED_FACE('',(#4510),#4526,.T.);
#4510 = FACE_BOUND('',#4511,.T.);
#4511 = EDGE_LOOP('',(#4512,#4513,#4519,#4520));
#4512 = ORIENTED_EDGE('',*,*,#4362,.F.);
#4513 = ORIENTED_EDGE('',*,*,#4514,.T.);
#4514 = EDGE_CURVE('',#4363,#4445,#4515,.T.);
#4515 = LINE('',#4516,#4517);
#4516 = CARTESIAN_POINT('',(335.5,-182.5,413.));
#4517 = VECTOR('',#4518,1.);
#4518 = DIRECTION('',(0.,1.,0.));
#4519 = ORIENTED_EDGE('',*,*,#4444,.T.);
#4520 = ORIENTED_EDGE('',*,*,#4521,.F.);
#4521 = EDGE_CURVE('',#4365,#4447,#4522,.T.);
#4522 = LINE('',#4523,#4524);
#4523 = CARTESIAN_POINT('',(335.5,-182.5,442.));
#4524 = VECTOR('',#4525,1.);
#4525 = DIRECTION('',(0.,1.,0.));
#4526 = PLANE('',#4527);
#4527 = AXIS2_PLACEMENT_3D('',#4528,#4529,#4530);
#4528 = CARTESIAN_POINT('',(335.5,-182.5,413.));
#4529 = DIRECTION('',(1.,0.,0.));
#4530 = DIRECTION('',(0.,0.,1.));
#4531 = ADVANCED_FACE('',(#4532),#4543,.F.);
#4532 = FACE_BOUND('',#4533,.F.);
#4533 = EDGE_LOOP('',(#4534,#4535,#4536,#4542));
#4534 = ORIENTED_EDGE('',*,*,#4521,.F.);
#4535 = ORIENTED_EDGE('',*,*,#4388,.T.);
#4536 = ORIENTED_EDGE('',*,*,#4537,.T.);
#4537 = EDGE_CURVE('',#4381,#4463,#4538,.T.);
#4538 = LINE('',#4539,#4540);
#4539 = CARTESIAN_POINT('',(364.5,-182.5,442.));
#4540 = VECTOR('',#4541,1.);
#4541 = DIRECTION('',(0.,1.,0.));
#4542 = ORIENTED_EDGE('',*,*,#4470,.F.);
#4543 = PLANE('',#4544);
#4544 = AXIS2_PLACEMENT_3D('',#4545,#4546,#4547);
#4545 = CARTESIAN_POINT('',(335.5,-182.5,442.));
#4546 = DIRECTION('',(0.,0.,1.));
#4547 = DIRECTION('',(1.,0.,0.));
#4548 = ADVANCED_FACE('',(#4549),#4560,.F.);
#4549 = FACE_BOUND('',#4550,.F.);
#4550 = EDGE_LOOP('',(#4551,#4552,#4558,#4559));
#4551 = ORIENTED_EDGE('',*,*,#4380,.F.);
#4552 = ORIENTED_EDGE('',*,*,#4553,.T.);
#4553 = EDGE_CURVE('',#4373,#4455,#4554,.T.);
#4554 = LINE('',#4555,#4556);
#4555 = CARTESIAN_POINT('',(364.5,-182.5,413.));
#4556 = VECTOR('',#4557,1.);
#4557 = DIRECTION('',(0.,1.,0.));
#4558 = ORIENTED_EDGE('',*,*,#4462,.T.);
#4559 = ORIENTED_EDGE('',*,*,#4537,.F.);
#4560 = PLANE('',#4561);
#4561 = AXIS2_PLACEMENT_3D('',#4562,#4563,#4564);
#4562 = CARTESIAN_POINT('',(364.5,-182.5,413.));
#4563 = DIRECTION('',(1.,0.,0.));
#4564 = DIRECTION('',(0.,0.,1.));
#4565 = ADVANCED_FACE('',(#4566),#4572,.T.);
#4566 = FACE_BOUND('',#4567,.T.);
#4567 = EDGE_LOOP('',(#4568,#4569,#4570,#4571));
#4568 = ORIENTED_EDGE('',*,*,#4514,.F.);
#4569 = ORIENTED_EDGE('',*,*,#4372,.T.);
#4570 = ORIENTED_EDGE('',*,*,#4553,.T.);
#4571 = ORIENTED_EDGE('',*,*,#4454,.F.);
#4572 = PLANE('',#4573);
#4573 = AXIS2_PLACEMENT_3D('',#4574,#4575,#4576);
#4574 = CARTESIAN_POINT('',(335.5,-182.5,413.));
#4575 = DIRECTION('',(0.,0.,1.));
#4576 = DIRECTION('',(1.,0.,0.));
#4577 = MANIFOLD_SOLID_BREP('',#4578);
#4578 = CLOSED_SHELL('',(#4579,#4619,#4684,#4708,#4766,#4783,#4795,#4817
    ,#4834,#4851));
#4579 = ADVANCED_FACE('',(#4580),#4614,.F.);
#4580 = FACE_BOUND('',#4581,.F.);
#4581 = EDGE_LOOP('',(#4582,#4592,#4600,#4608));
#4582 = ORIENTED_EDGE('',*,*,#4583,.F.);
#4583 = EDGE_CURVE('',#4584,#4586,#4588,.T.);
#4584 = VERTEX_POINT('',#4585);
#4585 = CARTESIAN_POINT('',(-367.5,-182.5,605.));
#4586 = VERTEX_POINT('',#4587);
#4587 = CARTESIAN_POINT('',(-367.5,-182.5,640.));
#4588 = LINE('',#4589,#4590);
#4589 = CARTESIAN_POINT('',(-367.5,-182.5,605.));
#4590 = VECTOR('',#4591,1.);
#4591 = DIRECTION('',(0.,0.,1.));
#4592 = ORIENTED_EDGE('',*,*,#4593,.T.);
#4593 = EDGE_CURVE('',#4584,#4594,#4596,.T.);
#4594 = VERTEX_POINT('',#4595);
#4595 = CARTESIAN_POINT('',(-367.5,182.5,605.));
#4596 = LINE('',#4597,#4598);
#4597 = CARTESIAN_POINT('',(-367.5,-182.5,605.));
#4598 = VECTOR('',#4599,1.);
#4599 = DIRECTION('',(0.,1.,0.));
#4600 = ORIENTED_EDGE('',*,*,#4601,.T.);
#4601 = EDGE_CURVE('',#4594,#4602,#4604,.T.);
#4602 = VERTEX_POINT('',#4603);
#4603 = CARTESIAN_POINT('',(-367.5,182.5,640.));
#4604 = LINE('',#4605,#4606);
#4605 = CARTESIAN_POINT('',(-367.5,182.5,605.));
#4606 = VECTOR('',#4607,1.);
#4607 = DIRECTION('',(0.,0.,1.));
#4608 = ORIENTED_EDGE('',*,*,#4609,.F.);
#4609 = EDGE_CURVE('',#4586,#4602,#4610,.T.);
#4610 = LINE('',#4611,#4612);
#4611 = CARTESIAN_POINT('',(-367.5,-182.5,640.));
#4612 = VECTOR('',#4613,1.);
#4613 = DIRECTION('',(0.,1.,0.));
#4614 = PLANE('',#4615);
#4615 = AXIS2_PLACEMENT_3D('',#4616,#4617,#4618);
#4616 = CARTESIAN_POINT('',(-367.5,-182.5,605.));
#4617 = DIRECTION('',(1.,0.,0.));
#4618 = DIRECTION('',(0.,0.,1.));
#4619 = ADVANCED_FACE('',(#4620,#4645),#4679,.F.);
#4620 = FACE_BOUND('',#4621,.F.);
#4621 = EDGE_LOOP('',(#4622,#4630,#4631,#4639));
#4622 = ORIENTED_EDGE('',*,*,#4623,.F.);
#4623 = EDGE_CURVE('',#4584,#4624,#4626,.T.);
#4624 = VERTEX_POINT('',#4625);
#4625 = CARTESIAN_POINT('',(-332.5,-182.5,605.));
#4626 = LINE('',#4627,#4628);
#4627 = CARTESIAN_POINT('',(-367.5,-182.5,605.));
#4628 = VECTOR('',#4629,1.);
#4629 = DIRECTION('',(1.,0.,0.));
#4630 = ORIENTED_EDGE('',*,*,#4583,.T.);
#4631 = ORIENTED_EDGE('',*,*,#4632,.T.);
#4632 = EDGE_CURVE('',#4586,#4633,#4635,.T.);
#4633 = VERTEX_POINT('',#4634);
#4634 = CARTESIAN_POINT('',(-332.5,-182.5,640.));
#4635 = LINE('',#4636,#4637);
#4636 = CARTESIAN_POINT('',(-367.5,-182.5,640.));
#4637 = VECTOR('',#4638,1.);
#4638 = DIRECTION('',(1.,0.,0.));
#4639 = ORIENTED_EDGE('',*,*,#4640,.F.);
#4640 = EDGE_CURVE('',#4624,#4633,#4641,.T.);
#4641 = LINE('',#4642,#4643);
#4642 = CARTESIAN_POINT('',(-332.5,-182.5,605.));
#4643 = VECTOR('',#4644,1.);
#4644 = DIRECTION('',(0.,0.,1.));
#4645 = FACE_BOUND('',#4646,.F.);
#4646 = EDGE_LOOP('',(#4647,#4657,#4665,#4673));
#4647 = ORIENTED_EDGE('',*,*,#4648,.F.);
#4648 = EDGE_CURVE('',#4649,#4651,#4653,.T.);
#4649 = VERTEX_POINT('',#4650);
#4650 = CARTESIAN_POINT('',(-364.5,-182.5,608.));
#4651 = VERTEX_POINT('',#4652);
#4652 = CARTESIAN_POINT('',(-364.5,-182.5,637.));
#4653 = LINE('',#4654,#4655);
#4654 = CARTESIAN_POINT('',(-364.5,-182.5,608.));
#4655 = VECTOR('',#4656,1.);
#4656 = DIRECTION('',(0.,0.,1.));
#4657 = ORIENTED_EDGE('',*,*,#4658,.T.);
#4658 = EDGE_CURVE('',#4649,#4659,#4661,.T.);
#4659 = VERTEX_POINT('',#4660);
#4660 = CARTESIAN_POINT('',(-335.5,-182.5,608.));
#4661 = LINE('',#4662,#4663);
#4662 = CARTESIAN_POINT('',(-364.5,-182.5,608.));
#4663 = VECTOR('',#4664,1.);
#4664 = DIRECTION('',(1.,0.,0.));
#4665 = ORIENTED_EDGE('',*,*,#4666,.T.);
#4666 = EDGE_CURVE('',#4659,#4667,#4669,.T.);
#4667 = VERTEX_POINT('',#4668);
#4668 = CARTESIAN_POINT('',(-335.5,-182.5,637.));
#4669 = LINE('',#4670,#4671);
#4670 = CARTESIAN_POINT('',(-335.5,-182.5,608.));
#4671 = VECTOR('',#4672,1.);
#4672 = DIRECTION('',(0.,0.,1.));
#4673 = ORIENTED_EDGE('',*,*,#4674,.F.);
#4674 = EDGE_CURVE('',#4651,#4667,#4675,.T.);
#4675 = LINE('',#4676,#4677);
#4676 = CARTESIAN_POINT('',(-364.5,-182.5,637.));
#4677 = VECTOR('',#4678,1.);
#4678 = DIRECTION('',(1.,0.,0.));
#4679 = PLANE('',#4680);
#4680 = AXIS2_PLACEMENT_3D('',#4681,#4682,#4683);
#4681 = CARTESIAN_POINT('',(-367.5,-182.5,605.));
#4682 = DIRECTION('',(0.,1.,0.));
#4683 = DIRECTION('',(0.,0.,1.));
#4684 = ADVANCED_FACE('',(#4685),#4703,.T.);
#4685 = FACE_BOUND('',#4686,.T.);
#4686 = EDGE_LOOP('',(#4687,#4688,#4689,#4697));
#4687 = ORIENTED_EDGE('',*,*,#4609,.F.);
#4688 = ORIENTED_EDGE('',*,*,#4632,.T.);
#4689 = ORIENTED_EDGE('',*,*,#4690,.T.);
#4690 = EDGE_CURVE('',#4633,#4691,#4693,.T.);
#4691 = VERTEX_POINT('',#4692);
#4692 = CARTESIAN_POINT('',(-332.5,182.5,640.));
#4693 = LINE('',#4694,#4695);
#4694 = CARTESIAN_POINT('',(-332.5,-182.5,640.));
#4695 = VECTOR('',#4696,1.);
#4696 = DIRECTION('',(0.,1.,0.));
#4697 = ORIENTED_EDGE('',*,*,#4698,.F.);
#4698 = EDGE_CURVE('',#4602,#4691,#4699,.T.);
#4699 = LINE('',#4700,#4701);
#4700 = CARTESIAN_POINT('',(-367.5,182.5,640.));
#4701 = VECTOR('',#4702,1.);
#4702 = DIRECTION('',(1.,0.,0.));
#4703 = PLANE('',#4704);
#4704 = AXIS2_PLACEMENT_3D('',#4705,#4706,#4707);
#4705 = CARTESIAN_POINT('',(-367.5,-182.5,640.));
#4706 = DIRECTION('',(0.,0.,1.));
#4707 = DIRECTION('',(1.,0.,0.));
#4708 = ADVANCED_FACE('',(#4709,#4727),#4761,.T.);
#4709 = FACE_BOUND('',#4710,.T.);
#4710 = EDGE_LOOP('',(#4711,#4719,#4720,#4721));
#4711 = ORIENTED_EDGE('',*,*,#4712,.F.);
#4712 = EDGE_CURVE('',#4594,#4713,#4715,.T.);
#4713 = VERTEX_POINT('',#4714);
#4714 = CARTESIAN_POINT('',(-332.5,182.5,605.));
#4715 = LINE('',#4716,#4717);
#4716 = CARTESIAN_POINT('',(-367.5,182.5,605.));
#4717 = VECTOR('',#4718,1.);
#4718 = DIRECTION('',(1.,0.,0.));
#4719 = ORIENTED_EDGE('',*,*,#4601,.T.);
#4720 = ORIENTED_EDGE('',*,*,#4698,.T.);
#4721 = ORIENTED_EDGE('',*,*,#4722,.F.);
#4722 = EDGE_CURVE('',#4713,#4691,#4723,.T.);
#4723 = LINE('',#4724,#4725);
#4724 = CARTESIAN_POINT('',(-332.5,182.5,605.));
#4725 = VECTOR('',#4726,1.);
#4726 = DIRECTION('',(0.,0.,1.));
#4727 = FACE_BOUND('',#4728,.T.);
#4728 = EDGE_LOOP('',(#4729,#4739,#4747,#4755));
#4729 = ORIENTED_EDGE('',*,*,#4730,.F.);
#4730 = EDGE_CURVE('',#4731,#4733,#4735,.T.);
#4731 = VERTEX_POINT('',#4732);
#4732 = CARTESIAN_POINT('',(-364.5,182.5,608.));
#4733 = VERTEX_POINT('',#4734);
#4734 = CARTESIAN_POINT('',(-364.5,182.5,637.));
#4735 = LINE('',#4736,#4737);
#4736 = CARTESIAN_POINT('',(-364.5,182.5,608.));
#4737 = VECTOR('',#4738,1.);
#4738 = DIRECTION('',(0.,0.,1.));
#4739 = ORIENTED_EDGE('',*,*,#4740,.T.);
#4740 = EDGE_CURVE('',#4731,#4741,#4743,.T.);
#4741 = VERTEX_POINT('',#4742);
#4742 = CARTESIAN_POINT('',(-335.5,182.5,608.));
#4743 = LINE('',#4744,#4745);
#4744 = CARTESIAN_POINT('',(-364.5,182.5,608.));
#4745 = VECTOR('',#4746,1.);
#4746 = DIRECTION('',(1.,0.,0.));
#4747 = ORIENTED_EDGE('',*,*,#4748,.T.);
#4748 = EDGE_CURVE('',#4741,#4749,#4751,.T.);
#4749 = VERTEX_POINT('',#4750);
#4750 = CARTESIAN_POINT('',(-335.5,182.5,637.));
#4751 = LINE('',#4752,#4753);
#4752 = CARTESIAN_POINT('',(-335.5,182.5,608.));
#4753 = VECTOR('',#4754,1.);
#4754 = DIRECTION('',(0.,0.,1.));
#4755 = ORIENTED_EDGE('',*,*,#4756,.F.);
#4756 = EDGE_CURVE('',#4733,#4749,#4757,.T.);
#4757 = LINE('',#4758,#4759);
#4758 = CARTESIAN_POINT('',(-364.5,182.5,637.));
#4759 = VECTOR('',#4760,1.);
#4760 = DIRECTION('',(1.,0.,0.));
#4761 = PLANE('',#4762);
#4762 = AXIS2_PLACEMENT_3D('',#4763,#4764,#4765);
#4763 = CARTESIAN_POINT('',(-367.5,182.5,605.));
#4764 = DIRECTION('',(0.,1.,0.));
#4765 = DIRECTION('',(0.,0.,1.));
#4766 = ADVANCED_FACE('',(#4767),#4778,.F.);
#4767 = FACE_BOUND('',#4768,.F.);
#4768 = EDGE_LOOP('',(#4769,#4770,#4771,#4777));
#4769 = ORIENTED_EDGE('',*,*,#4593,.F.);
#4770 = ORIENTED_EDGE('',*,*,#4623,.T.);
#4771 = ORIENTED_EDGE('',*,*,#4772,.T.);
#4772 = EDGE_CURVE('',#4624,#4713,#4773,.T.);
#4773 = LINE('',#4774,#4775);
#4774 = CARTESIAN_POINT('',(-332.5,-182.5,605.));
#4775 = VECTOR('',#4776,1.);
#4776 = DIRECTION('',(0.,1.,0.));
#4777 = ORIENTED_EDGE('',*,*,#4712,.F.);
#4778 = PLANE('',#4779);
#4779 = AXIS2_PLACEMENT_3D('',#4780,#4781,#4782);
#4780 = CARTESIAN_POINT('',(-367.5,-182.5,605.));
#4781 = DIRECTION('',(0.,0.,1.));
#4782 = DIRECTION('',(1.,0.,0.));
#4783 = ADVANCED_FACE('',(#4784),#4790,.T.);
#4784 = FACE_BOUND('',#4785,.T.);
#4785 = EDGE_LOOP('',(#4786,#4787,#4788,#4789));
#4786 = ORIENTED_EDGE('',*,*,#4640,.F.);
#4787 = ORIENTED_EDGE('',*,*,#4772,.T.);
#4788 = ORIENTED_EDGE('',*,*,#4722,.T.);
#4789 = ORIENTED_EDGE('',*,*,#4690,.F.);
#4790 = PLANE('',#4791);
#4791 = AXIS2_PLACEMENT_3D('',#4792,#4793,#4794);
#4792 = CARTESIAN_POINT('',(-332.5,-182.5,605.));
#4793 = DIRECTION('',(1.,0.,0.));
#4794 = DIRECTION('',(0.,0.,1.));
#4795 = ADVANCED_FACE('',(#4796),#4812,.T.);
#4796 = FACE_BOUND('',#4797,.T.);
#4797 = EDGE_LOOP('',(#4798,#4799,#4805,#4806));
#4798 = ORIENTED_EDGE('',*,*,#4648,.F.);
#4799 = ORIENTED_EDGE('',*,*,#4800,.T.);
#4800 = EDGE_CURVE('',#4649,#4731,#4801,.T.);
#4801 = LINE('',#4802,#4803);
#4802 = CARTESIAN_POINT('',(-364.5,-182.5,608.));
#4803 = VECTOR('',#4804,1.);
#4804 = DIRECTION('',(0.,1.,0.));
#4805 = ORIENTED_EDGE('',*,*,#4730,.T.);
#4806 = ORIENTED_EDGE('',*,*,#4807,.F.);
#4807 = EDGE_CURVE('',#4651,#4733,#4808,.T.);
#4808 = LINE('',#4809,#4810);
#4809 = CARTESIAN_POINT('',(-364.5,-182.5,637.));
#4810 = VECTOR('',#4811,1.);
#4811 = DIRECTION('',(0.,1.,0.));
#4812 = PLANE('',#4813);
#4813 = AXIS2_PLACEMENT_3D('',#4814,#4815,#4816);
#4814 = CARTESIAN_POINT('',(-364.5,-182.5,608.));
#4815 = DIRECTION('',(1.,0.,0.));
#4816 = DIRECTION('',(0.,0.,1.));
#4817 = ADVANCED_FACE('',(#4818),#4829,.F.);
#4818 = FACE_BOUND('',#4819,.F.);
#4819 = EDGE_LOOP('',(#4820,#4821,#4822,#4828));
#4820 = ORIENTED_EDGE('',*,*,#4807,.F.);
#4821 = ORIENTED_EDGE('',*,*,#4674,.T.);
#4822 = ORIENTED_EDGE('',*,*,#4823,.T.);
#4823 = EDGE_CURVE('',#4667,#4749,#4824,.T.);
#4824 = LINE('',#4825,#4826);
#4825 = CARTESIAN_POINT('',(-335.5,-182.5,637.));
#4826 = VECTOR('',#4827,1.);
#4827 = DIRECTION('',(0.,1.,0.));
#4828 = ORIENTED_EDGE('',*,*,#4756,.F.);
#4829 = PLANE('',#4830);
#4830 = AXIS2_PLACEMENT_3D('',#4831,#4832,#4833);
#4831 = CARTESIAN_POINT('',(-364.5,-182.5,637.));
#4832 = DIRECTION('',(0.,0.,1.));
#4833 = DIRECTION('',(1.,0.,0.));
#4834 = ADVANCED_FACE('',(#4835),#4846,.F.);
#4835 = FACE_BOUND('',#4836,.F.);
#4836 = EDGE_LOOP('',(#4837,#4838,#4844,#4845));
#4837 = ORIENTED_EDGE('',*,*,#4666,.F.);
#4838 = ORIENTED_EDGE('',*,*,#4839,.T.);
#4839 = EDGE_CURVE('',#4659,#4741,#4840,.T.);
#4840 = LINE('',#4841,#4842);
#4841 = CARTESIAN_POINT('',(-335.5,-182.5,608.));
#4842 = VECTOR('',#4843,1.);
#4843 = DIRECTION('',(0.,1.,0.));
#4844 = ORIENTED_EDGE('',*,*,#4748,.T.);
#4845 = ORIENTED_EDGE('',*,*,#4823,.F.);
#4846 = PLANE('',#4847);
#4847 = AXIS2_PLACEMENT_3D('',#4848,#4849,#4850);
#4848 = CARTESIAN_POINT('',(-335.5,-182.5,608.));
#4849 = DIRECTION('',(1.,0.,0.));
#4850 = DIRECTION('',(0.,0.,1.));
#4851 = ADVANCED_FACE('',(#4852),#4858,.T.);
#4852 = FACE_BOUND('',#4853,.T.);
#4853 = EDGE_LOOP('',(#4854,#4855,#4856,#4857));
#4854 = ORIENTED_EDGE('',*,*,#4800,.F.);
#4855 = ORIENTED_EDGE('',*,*,#4658,.T.);
#4856 = ORIENTED_EDGE('',*,*,#4839,.T.);
#4857 = ORIENTED_EDGE('',*,*,#4740,.F.);
#4858 = PLANE('',#4859);
#4859 = AXIS2_PLACEMENT_3D('',#4860,#4861,#4862);
#4860 = CARTESIAN_POINT('',(-364.5,-182.5,608.));
#4861 = DIRECTION('',(0.,0.,1.));
#4862 = DIRECTION('',(1.,0.,0.));
#4863 = MANIFOLD_SOLID_BREP('',#4864);
#4864 = CLOSED_SHELL('',(#4865,#4905,#4970,#4994,#5052,#5069,#5081,#5103
    ,#5120,#5137));
#4865 = ADVANCED_FACE('',(#4866),#4900,.F.);
#4866 = FACE_BOUND('',#4867,.F.);
#4867 = EDGE_LOOP('',(#4868,#4878,#4886,#4894));
#4868 = ORIENTED_EDGE('',*,*,#4869,.F.);
#4869 = EDGE_CURVE('',#4870,#4872,#4874,.T.);
#4870 = VERTEX_POINT('',#4871);
#4871 = CARTESIAN_POINT('',(332.5,-182.5,605.));
#4872 = VERTEX_POINT('',#4873);
#4873 = CARTESIAN_POINT('',(332.5,-182.5,640.));
#4874 = LINE('',#4875,#4876);
#4875 = CARTESIAN_POINT('',(332.5,-182.5,605.));
#4876 = VECTOR('',#4877,1.);
#4877 = DIRECTION('',(0.,0.,1.));
#4878 = ORIENTED_EDGE('',*,*,#4879,.T.);
#4879 = EDGE_CURVE('',#4870,#4880,#4882,.T.);
#4880 = VERTEX_POINT('',#4881);
#4881 = CARTESIAN_POINT('',(332.5,182.5,605.));
#4882 = LINE('',#4883,#4884);
#4883 = CARTESIAN_POINT('',(332.5,-182.5,605.));
#4884 = VECTOR('',#4885,1.);
#4885 = DIRECTION('',(0.,1.,0.));
#4886 = ORIENTED_EDGE('',*,*,#4887,.T.);
#4887 = EDGE_CURVE('',#4880,#4888,#4890,.T.);
#4888 = VERTEX_POINT('',#4889);
#4889 = CARTESIAN_POINT('',(332.5,182.5,640.));
#4890 = LINE('',#4891,#4892);
#4891 = CARTESIAN_POINT('',(332.5,182.5,605.));
#4892 = VECTOR('',#4893,1.);
#4893 = DIRECTION('',(0.,0.,1.));
#4894 = ORIENTED_EDGE('',*,*,#4895,.F.);
#4895 = EDGE_CURVE('',#4872,#4888,#4896,.T.);
#4896 = LINE('',#4897,#4898);
#4897 = CARTESIAN_POINT('',(332.5,-182.5,640.));
#4898 = VECTOR('',#4899,1.);
#4899 = DIRECTION('',(0.,1.,0.));
#4900 = PLANE('',#4901);
#4901 = AXIS2_PLACEMENT_3D('',#4902,#4903,#4904);
#4902 = CARTESIAN_POINT('',(332.5,-182.5,605.));
#4903 = DIRECTION('',(1.,0.,0.));
#4904 = DIRECTION('',(0.,0.,1.));
#4905 = ADVANCED_FACE('',(#4906,#4931),#4965,.F.);
#4906 = FACE_BOUND('',#4907,.F.);
#4907 = EDGE_LOOP('',(#4908,#4916,#4917,#4925));
#4908 = ORIENTED_EDGE('',*,*,#4909,.F.);
#4909 = EDGE_CURVE('',#4870,#4910,#4912,.T.);
#4910 = VERTEX_POINT('',#4911);
#4911 = CARTESIAN_POINT('',(367.5,-182.5,605.));
#4912 = LINE('',#4913,#4914);
#4913 = CARTESIAN_POINT('',(332.5,-182.5,605.));
#4914 = VECTOR('',#4915,1.);
#4915 = DIRECTION('',(1.,0.,0.));
#4916 = ORIENTED_EDGE('',*,*,#4869,.T.);
#4917 = ORIENTED_EDGE('',*,*,#4918,.T.);
#4918 = EDGE_CURVE('',#4872,#4919,#4921,.T.);
#4919 = VERTEX_POINT('',#4920);
#4920 = CARTESIAN_POINT('',(367.5,-182.5,640.));
#4921 = LINE('',#4922,#4923);
#4922 = CARTESIAN_POINT('',(332.5,-182.5,640.));
#4923 = VECTOR('',#4924,1.);
#4924 = DIRECTION('',(1.,0.,0.));
#4925 = ORIENTED_EDGE('',*,*,#4926,.F.);
#4926 = EDGE_CURVE('',#4910,#4919,#4927,.T.);
#4927 = LINE('',#4928,#4929);
#4928 = CARTESIAN_POINT('',(367.5,-182.5,605.));
#4929 = VECTOR('',#4930,1.);
#4930 = DIRECTION('',(0.,0.,1.));
#4931 = FACE_BOUND('',#4932,.F.);
#4932 = EDGE_LOOP('',(#4933,#4943,#4951,#4959));
#4933 = ORIENTED_EDGE('',*,*,#4934,.F.);
#4934 = EDGE_CURVE('',#4935,#4937,#4939,.T.);
#4935 = VERTEX_POINT('',#4936);
#4936 = CARTESIAN_POINT('',(335.5,-182.5,608.));
#4937 = VERTEX_POINT('',#4938);
#4938 = CARTESIAN_POINT('',(335.5,-182.5,637.));
#4939 = LINE('',#4940,#4941);
#4940 = CARTESIAN_POINT('',(335.5,-182.5,608.));
#4941 = VECTOR('',#4942,1.);
#4942 = DIRECTION('',(0.,0.,1.));
#4943 = ORIENTED_EDGE('',*,*,#4944,.T.);
#4944 = EDGE_CURVE('',#4935,#4945,#4947,.T.);
#4945 = VERTEX_POINT('',#4946);
#4946 = CARTESIAN_POINT('',(364.5,-182.5,608.));
#4947 = LINE('',#4948,#4949);
#4948 = CARTESIAN_POINT('',(335.5,-182.5,608.));
#4949 = VECTOR('',#4950,1.);
#4950 = DIRECTION('',(1.,0.,0.));
#4951 = ORIENTED_EDGE('',*,*,#4952,.T.);
#4952 = EDGE_CURVE('',#4945,#4953,#4955,.T.);
#4953 = VERTEX_POINT('',#4954);
#4954 = CARTESIAN_POINT('',(364.5,-182.5,637.));
#4955 = LINE('',#4956,#4957);
#4956 = CARTESIAN_POINT('',(364.5,-182.5,608.));
#4957 = VECTOR('',#4958,1.);
#4958 = DIRECTION('',(0.,0.,1.));
#4959 = ORIENTED_EDGE('',*,*,#4960,.F.);
#4960 = EDGE_CURVE('',#4937,#4953,#4961,.T.);
#4961 = LINE('',#4962,#4963);
#4962 = CARTESIAN_POINT('',(335.5,-182.5,637.));
#4963 = VECTOR('',#4964,1.);
#4964 = DIRECTION('',(1.,0.,0.));
#4965 = PLANE('',#4966);
#4966 = AXIS2_PLACEMENT_3D('',#4967,#4968,#4969);
#4967 = CARTESIAN_POINT('',(332.5,-182.5,605.));
#4968 = DIRECTION('',(0.,1.,0.));
#4969 = DIRECTION('',(0.,0.,1.));
#4970 = ADVANCED_FACE('',(#4971),#4989,.T.);
#4971 = FACE_BOUND('',#4972,.T.);
#4972 = EDGE_LOOP('',(#4973,#4974,#4975,#4983));
#4973 = ORIENTED_EDGE('',*,*,#4895,.F.);
#4974 = ORIENTED_EDGE('',*,*,#4918,.T.);
#4975 = ORIENTED_EDGE('',*,*,#4976,.T.);
#4976 = EDGE_CURVE('',#4919,#4977,#4979,.T.);
#4977 = VERTEX_POINT('',#4978);
#4978 = CARTESIAN_POINT('',(367.5,182.5,640.));
#4979 = LINE('',#4980,#4981);
#4980 = CARTESIAN_POINT('',(367.5,-182.5,640.));
#4981 = VECTOR('',#4982,1.);
#4982 = DIRECTION('',(0.,1.,0.));
#4983 = ORIENTED_EDGE('',*,*,#4984,.F.);
#4984 = EDGE_CURVE('',#4888,#4977,#4985,.T.);
#4985 = LINE('',#4986,#4987);
#4986 = CARTESIAN_POINT('',(332.5,182.5,640.));
#4987 = VECTOR('',#4988,1.);
#4988 = DIRECTION('',(1.,0.,0.));
#4989 = PLANE('',#4990);
#4990 = AXIS2_PLACEMENT_3D('',#4991,#4992,#4993);
#4991 = CARTESIAN_POINT('',(332.5,-182.5,640.));
#4992 = DIRECTION('',(0.,0.,1.));
#4993 = DIRECTION('',(1.,0.,0.));
#4994 = ADVANCED_FACE('',(#4995,#5013),#5047,.T.);
#4995 = FACE_BOUND('',#4996,.T.);
#4996 = EDGE_LOOP('',(#4997,#5005,#5006,#5007));
#4997 = ORIENTED_EDGE('',*,*,#4998,.F.);
#4998 = EDGE_CURVE('',#4880,#4999,#5001,.T.);
#4999 = VERTEX_POINT('',#5000);
#5000 = CARTESIAN_POINT('',(367.5,182.5,605.));
#5001 = LINE('',#5002,#5003);
#5002 = CARTESIAN_POINT('',(332.5,182.5,605.));
#5003 = VECTOR('',#5004,1.);
#5004 = DIRECTION('',(1.,0.,0.));
#5005 = ORIENTED_EDGE('',*,*,#4887,.T.);
#5006 = ORIENTED_EDGE('',*,*,#4984,.T.);
#5007 = ORIENTED_EDGE('',*,*,#5008,.F.);
#5008 = EDGE_CURVE('',#4999,#4977,#5009,.T.);
#5009 = LINE('',#5010,#5011);
#5010 = CARTESIAN_POINT('',(367.5,182.5,605.));
#5011 = VECTOR('',#5012,1.);
#5012 = DIRECTION('',(0.,0.,1.));
#5013 = FACE_BOUND('',#5014,.T.);
#5014 = EDGE_LOOP('',(#5015,#5025,#5033,#5041));
#5015 = ORIENTED_EDGE('',*,*,#5016,.F.);
#5016 = EDGE_CURVE('',#5017,#5019,#5021,.T.);
#5017 = VERTEX_POINT('',#5018);
#5018 = CARTESIAN_POINT('',(335.5,182.5,608.));
#5019 = VERTEX_POINT('',#5020);
#5020 = CARTESIAN_POINT('',(335.5,182.5,637.));
#5021 = LINE('',#5022,#5023);
#5022 = CARTESIAN_POINT('',(335.5,182.5,608.));
#5023 = VECTOR('',#5024,1.);
#5024 = DIRECTION('',(0.,0.,1.));
#5025 = ORIENTED_EDGE('',*,*,#5026,.T.);
#5026 = EDGE_CURVE('',#5017,#5027,#5029,.T.);
#5027 = VERTEX_POINT('',#5028);
#5028 = CARTESIAN_POINT('',(364.5,182.5,608.));
#5029 = LINE('',#5030,#5031);
#5030 = CARTESIAN_POINT('',(335.5,182.5,608.));
#5031 = VECTOR('',#5032,1.);
#5032 = DIRECTION('',(1.,0.,0.));
#5033 = ORIENTED_EDGE('',*,*,#5034,.T.);
#5034 = EDGE_CURVE('',#5027,#5035,#5037,.T.);
#5035 = VERTEX_POINT('',#5036);
#5036 = CARTESIAN_POINT('',(364.5,182.5,637.));
#5037 = LINE('',#5038,#5039);
#5038 = CARTESIAN_POINT('',(364.5,182.5,608.));
#5039 = VECTOR('',#5040,1.);
#5040 = DIRECTION('',(0.,0.,1.));
#5041 = ORIENTED_EDGE('',*,*,#5042,.F.);
#5042 = EDGE_CURVE('',#5019,#5035,#5043,.T.);
#5043 = LINE('',#5044,#5045);
#5044 = CARTESIAN_POINT('',(335.5,182.5,637.));
#5045 = VECTOR('',#5046,1.);
#5046 = DIRECTION('',(1.,0.,0.));
#5047 = PLANE('',#5048);
#5048 = AXIS2_PLACEMENT_3D('',#5049,#5050,#5051);
#5049 = CARTESIAN_POINT('',(332.5,182.5,605.));
#5050 = DIRECTION('',(0.,1.,0.));
#5051 = DIRECTION('',(0.,0.,1.));
#5052 = ADVANCED_FACE('',(#5053),#5064,.F.);
#5053 = FACE_BOUND('',#5054,.F.);
#5054 = EDGE_LOOP('',(#5055,#5056,#5057,#5063));
#5055 = ORIENTED_EDGE('',*,*,#4879,.F.);
#5056 = ORIENTED_EDGE('',*,*,#4909,.T.);
#5057 = ORIENTED_EDGE('',*,*,#5058,.T.);
#5058 = EDGE_CURVE('',#4910,#4999,#5059,.T.);
#5059 = LINE('',#5060,#5061);
#5060 = CARTESIAN_POINT('',(367.5,-182.5,605.));
#5061 = VECTOR('',#5062,1.);
#5062 = DIRECTION('',(0.,1.,0.));
#5063 = ORIENTED_EDGE('',*,*,#4998,.F.);
#5064 = PLANE('',#5065);
#5065 = AXIS2_PLACEMENT_3D('',#5066,#5067,#5068);
#5066 = CARTESIAN_POINT('',(332.5,-182.5,605.));
#5067 = DIRECTION('',(0.,0.,1.));
#5068 = DIRECTION('',(1.,0.,0.));
#5069 = ADVANCED_FACE('',(#5070),#5076,.T.);
#5070 = FACE_BOUND('',#5071,.T.);
#5071 = EDGE_LOOP('',(#5072,#5073,#5074,#5075));
#5072 = ORIENTED_EDGE('',*,*,#4926,.F.);
#5073 = ORIENTED_EDGE('',*,*,#5058,.T.);
#5074 = ORIENTED_EDGE('',*,*,#5008,.T.);
#5075 = ORIENTED_EDGE('',*,*,#4976,.F.);
#5076 = PLANE('',#5077);
#5077 = AXIS2_PLACEMENT_3D('',#5078,#5079,#5080);
#5078 = CARTESIAN_POINT('',(367.5,-182.5,605.));
#5079 = DIRECTION('',(1.,0.,0.));
#5080 = DIRECTION('',(0.,0.,1.));
#5081 = ADVANCED_FACE('',(#5082),#5098,.T.);
#5082 = FACE_BOUND('',#5083,.T.);
#5083 = EDGE_LOOP('',(#5084,#5085,#5091,#5092));
#5084 = ORIENTED_EDGE('',*,*,#4934,.F.);
#5085 = ORIENTED_EDGE('',*,*,#5086,.T.);
#5086 = EDGE_CURVE('',#4935,#5017,#5087,.T.);
#5087 = LINE('',#5088,#5089);
#5088 = CARTESIAN_POINT('',(335.5,-182.5,608.));
#5089 = VECTOR('',#5090,1.);
#5090 = DIRECTION('',(0.,1.,0.));
#5091 = ORIENTED_EDGE('',*,*,#5016,.T.);
#5092 = ORIENTED_EDGE('',*,*,#5093,.F.);
#5093 = EDGE_CURVE('',#4937,#5019,#5094,.T.);
#5094 = LINE('',#5095,#5096);
#5095 = CARTESIAN_POINT('',(335.5,-182.5,637.));
#5096 = VECTOR('',#5097,1.);
#5097 = DIRECTION('',(0.,1.,0.));
#5098 = PLANE('',#5099);
#5099 = AXIS2_PLACEMENT_3D('',#5100,#5101,#5102);
#5100 = CARTESIAN_POINT('',(335.5,-182.5,608.));
#5101 = DIRECTION('',(1.,0.,0.));
#5102 = DIRECTION('',(0.,0.,1.));
#5103 = ADVANCED_FACE('',(#5104),#5115,.F.);
#5104 = FACE_BOUND('',#5105,.F.);
#5105 = EDGE_LOOP('',(#5106,#5107,#5108,#5114));
#5106 = ORIENTED_EDGE('',*,*,#5093,.F.);
#5107 = ORIENTED_EDGE('',*,*,#4960,.T.);
#5108 = ORIENTED_EDGE('',*,*,#5109,.T.);
#5109 = EDGE_CURVE('',#4953,#5035,#5110,.T.);
#5110 = LINE('',#5111,#5112);
#5111 = CARTESIAN_POINT('',(364.5,-182.5,637.));
#5112 = VECTOR('',#5113,1.);
#5113 = DIRECTION('',(0.,1.,0.));
#5114 = ORIENTED_EDGE('',*,*,#5042,.F.);
#5115 = PLANE('',#5116);
#5116 = AXIS2_PLACEMENT_3D('',#5117,#5118,#5119);
#5117 = CARTESIAN_POINT('',(335.5,-182.5,637.));
#5118 = DIRECTION('',(0.,0.,1.));
#5119 = DIRECTION('',(1.,0.,0.));
#5120 = ADVANCED_FACE('',(#5121),#5132,.F.);
#5121 = FACE_BOUND('',#5122,.F.);
#5122 = EDGE_LOOP('',(#5123,#5124,#5130,#5131));
#5123 = ORIENTED_EDGE('',*,*,#4952,.F.);
#5124 = ORIENTED_EDGE('',*,*,#5125,.T.);
#5125 = EDGE_CURVE('',#4945,#5027,#5126,.T.);
#5126 = LINE('',#5127,#5128);
#5127 = CARTESIAN_POINT('',(364.5,-182.5,608.));
#5128 = VECTOR('',#5129,1.);
#5129 = DIRECTION('',(0.,1.,0.));
#5130 = ORIENTED_EDGE('',*,*,#5034,.T.);
#5131 = ORIENTED_EDGE('',*,*,#5109,.F.);
#5132 = PLANE('',#5133);
#5133 = AXIS2_PLACEMENT_3D('',#5134,#5135,#5136);
#5134 = CARTESIAN_POINT('',(364.5,-182.5,608.));
#5135 = DIRECTION('',(1.,0.,0.));
#5136 = DIRECTION('',(0.,0.,1.));
#5137 = ADVANCED_FACE('',(#5138),#5144,.T.);
#5138 = FACE_BOUND('',#5139,.T.);
#5139 = EDGE_LOOP('',(#5140,#5141,#5142,#5143));
#5140 = ORIENTED_EDGE('',*,*,#5086,.F.);
#5141 = ORIENTED_EDGE('',*,*,#4944,.T.);
#5142 = ORIENTED_EDGE('',*,*,#5125,.T.);
#5143 = ORIENTED_EDGE('',*,*,#5026,.F.);
#5144 = PLANE('',#5145);
#5145 = AXIS2_PLACEMENT_3D('',#5146,#5147,#5148);
#5146 = CARTESIAN_POINT('',(335.5,-182.5,608.));
#5147 = DIRECTION('',(0.,0.,1.));
#5148 = DIRECTION('',(1.,0.,0.));
#5149 = MANIFOLD_SOLID_BREP('',#5150);
#5150 = CLOSED_SHELL('',(#5151,#5225,#5256,#5280,#5304,#5321,#5352,#5376
    ,#5400,#5417));
#5151 = ADVANCED_FACE('',(#5152,#5186),#5220,.F.);
#5152 = FACE_BOUND('',#5153,.F.);
#5153 = EDGE_LOOP('',(#5154,#5164,#5172,#5180));
#5154 = ORIENTED_EDGE('',*,*,#5155,.F.);
#5155 = EDGE_CURVE('',#5156,#5158,#5160,.T.);
#5156 = VERTEX_POINT('',#5157);
#5157 = CARTESIAN_POINT('',(-332.5,-217.5,1.155E+03));
#5158 = VERTEX_POINT('',#5159);
#5159 = CARTESIAN_POINT('',(-332.5,-217.5,1.19E+03));
#5160 = LINE('',#5161,#5162);
#5161 = CARTESIAN_POINT('',(-332.5,-217.5,1.155E+03));
#5162 = VECTOR('',#5163,1.);
#5163 = DIRECTION('',(0.,0.,1.));
#5164 = ORIENTED_EDGE('',*,*,#5165,.T.);
#5165 = EDGE_CURVE('',#5156,#5166,#5168,.T.);
#5166 = VERTEX_POINT('',#5167);
#5167 = CARTESIAN_POINT('',(-332.5,-182.5,1.155E+03));
#5168 = LINE('',#5169,#5170);
#5169 = CARTESIAN_POINT('',(-332.5,-217.5,1.155E+03));
#5170 = VECTOR('',#5171,1.);
#5171 = DIRECTION('',(0.,1.,0.));
#5172 = ORIENTED_EDGE('',*,*,#5173,.T.);
#5173 = EDGE_CURVE('',#5166,#5174,#5176,.T.);
#5174 = VERTEX_POINT('',#5175);
#5175 = CARTESIAN_POINT('',(-332.5,-182.5,1.19E+03));
#5176 = LINE('',#5177,#5178);
#5177 = CARTESIAN_POINT('',(-332.5,-182.5,1.155E+03));
#5178 = VECTOR('',#5179,1.);
#5179 = DIRECTION('',(0.,0.,1.));
#5180 = ORIENTED_EDGE('',*,*,#5181,.F.);
#5181 = EDGE_CURVE('',#5158,#5174,#5182,.T.);
#5182 = LINE('',#5183,#5184);
#5183 = CARTESIAN_POINT('',(-332.5,-217.5,1.19E+03));
#5184 = VECTOR('',#5185,1.);
#5185 = DIRECTION('',(0.,1.,0.));
#5186 = FACE_BOUND('',#5187,.F.);
#5187 = EDGE_LOOP('',(#5188,#5198,#5206,#5214));
#5188 = ORIENTED_EDGE('',*,*,#5189,.F.);
#5189 = EDGE_CURVE('',#5190,#5192,#5194,.T.);
#5190 = VERTEX_POINT('',#5191);
#5191 = CARTESIAN_POINT('',(-332.5,-214.5,1.158E+03));
#5192 = VERTEX_POINT('',#5193);
#5193 = CARTESIAN_POINT('',(-332.5,-185.5,1.158E+03));
#5194 = LINE('',#5195,#5196);
#5195 = CARTESIAN_POINT('',(-332.5,-214.5,1.158E+03));
#5196 = VECTOR('',#5197,1.);
#5197 = DIRECTION('',(0.,1.,0.));
#5198 = ORIENTED_EDGE('',*,*,#5199,.T.);
#5199 = EDGE_CURVE('',#5190,#5200,#5202,.T.);
#5200 = VERTEX_POINT('',#5201);
#5201 = CARTESIAN_POINT('',(-332.5,-214.5,1.187E+03));
#5202 = LINE('',#5203,#5204);
#5203 = CARTESIAN_POINT('',(-332.5,-214.5,1.158E+03));
#5204 = VECTOR('',#5205,1.);
#5205 = DIRECTION('',(0.,0.,1.));
#5206 = ORIENTED_EDGE('',*,*,#5207,.T.);
#5207 = EDGE_CURVE('',#5200,#5208,#5210,.T.);
#5208 = VERTEX_POINT('',#5209);
#5209 = CARTESIAN_POINT('',(-332.5,-185.5,1.187E+03));
#5210 = LINE('',#5211,#5212);
#5211 = CARTESIAN_POINT('',(-332.5,-214.5,1.187E+03));
#5212 = VECTOR('',#5213,1.);
#5213 = DIRECTION('',(0.,1.,0.));
#5214 = ORIENTED_EDGE('',*,*,#5215,.F.);
#5215 = EDGE_CURVE('',#5192,#5208,#5216,.T.);
#5216 = LINE('',#5217,#5218);
#5217 = CARTESIAN_POINT('',(-332.5,-185.5,1.158E+03));
#5218 = VECTOR('',#5219,1.);
#5219 = DIRECTION('',(0.,0.,1.));
#5220 = PLANE('',#5221);
#5221 = AXIS2_PLACEMENT_3D('',#5222,#5223,#5224);
#5222 = CARTESIAN_POINT('',(-332.5,-217.5,1.155E+03));
#5223 = DIRECTION('',(1.,0.,0.));
#5224 = DIRECTION('',(0.,0.,1.));
#5225 = ADVANCED_FACE('',(#5226),#5251,.F.);
#5226 = FACE_BOUND('',#5227,.F.);
#5227 = EDGE_LOOP('',(#5228,#5236,#5237,#5245));
#5228 = ORIENTED_EDGE('',*,*,#5229,.F.);
#5229 = EDGE_CURVE('',#5156,#5230,#5232,.T.);
#5230 = VERTEX_POINT('',#5231);
#5231 = CARTESIAN_POINT('',(332.5,-217.5,1.155E+03));
#5232 = LINE('',#5233,#5234);
#5233 = CARTESIAN_POINT('',(-332.5,-217.5,1.155E+03));
#5234 = VECTOR('',#5235,1.);
#5235 = DIRECTION('',(1.,0.,0.));
#5236 = ORIENTED_EDGE('',*,*,#5155,.T.);
#5237 = ORIENTED_EDGE('',*,*,#5238,.T.);
#5238 = EDGE_CURVE('',#5158,#5239,#5241,.T.);
#5239 = VERTEX_POINT('',#5240);
#5240 = CARTESIAN_POINT('',(332.5,-217.5,1.19E+03));
#5241 = LINE('',#5242,#5243);
#5242 = CARTESIAN_POINT('',(-332.5,-217.5,1.19E+03));
#5243 = VECTOR('',#5244,1.);
#5244 = DIRECTION('',(1.,0.,0.));
#5245 = ORIENTED_EDGE('',*,*,#5246,.F.);
#5246 = EDGE_CURVE('',#5230,#5239,#5247,.T.);
#5247 = LINE('',#5248,#5249);
#5248 = CARTESIAN_POINT('',(332.5,-217.5,1.155E+03));
#5249 = VECTOR('',#5250,1.);
#5250 = DIRECTION('',(0.,0.,1.));
#5251 = PLANE('',#5252);
#5252 = AXIS2_PLACEMENT_3D('',#5253,#5254,#5255);
#5253 = CARTESIAN_POINT('',(-332.5,-217.5,1.155E+03));
#5254 = DIRECTION('',(0.,1.,0.));
#5255 = DIRECTION('',(0.,0.,1.));
#5256 = ADVANCED_FACE('',(#5257),#5275,.T.);
#5257 = FACE_BOUND('',#5258,.T.);
#5258 = EDGE_LOOP('',(#5259,#5260,#5261,#5269));
#5259 = ORIENTED_EDGE('',*,*,#5181,.F.);
#5260 = ORIENTED_EDGE('',*,*,#5238,.T.);
#5261 = ORIENTED_EDGE('',*,*,#5262,.T.);
#5262 = EDGE_CURVE('',#5239,#5263,#5265,.T.);
#5263 = VERTEX_POINT('',#5264);
#5264 = CARTESIAN_POINT('',(332.5,-182.5,1.19E+03));
#5265 = LINE('',#5266,#5267);
#5266 = CARTESIAN_POINT('',(332.5,-217.5,1.19E+03));
#5267 = VECTOR('',#5268,1.);
#5268 = DIRECTION('',(0.,1.,0.));
#5269 = ORIENTED_EDGE('',*,*,#5270,.F.);
#5270 = EDGE_CURVE('',#5174,#5263,#5271,.T.);
#5271 = LINE('',#5272,#5273);
#5272 = CARTESIAN_POINT('',(-332.5,-182.5,1.19E+03));
#5273 = VECTOR('',#5274,1.);
#5274 = DIRECTION('',(1.,0.,0.));
#5275 = PLANE('',#5276);
#5276 = AXIS2_PLACEMENT_3D('',#5277,#5278,#5279);
#5277 = CARTESIAN_POINT('',(-332.5,-217.5,1.19E+03));
#5278 = DIRECTION('',(0.,0.,1.));
#5279 = DIRECTION('',(1.,0.,0.));
#5280 = ADVANCED_FACE('',(#5281),#5299,.F.);
#5281 = FACE_BOUND('',#5282,.F.);
#5282 = EDGE_LOOP('',(#5283,#5284,#5285,#5293));
#5283 = ORIENTED_EDGE('',*,*,#5165,.F.);
#5284 = ORIENTED_EDGE('',*,*,#5229,.T.);
#5285 = ORIENTED_EDGE('',*,*,#5286,.T.);
#5286 = EDGE_CURVE('',#5230,#5287,#5289,.T.);
#5287 = VERTEX_POINT('',#5288);
#5288 = CARTESIAN_POINT('',(332.5,-182.5,1.155E+03));
#5289 = LINE('',#5290,#5291);
#5290 = CARTESIAN_POINT('',(332.5,-217.5,1.155E+03));
#5291 = VECTOR('',#5292,1.);
#5292 = DIRECTION('',(0.,1.,0.));
#5293 = ORIENTED_EDGE('',*,*,#5294,.F.);
#5294 = EDGE_CURVE('',#5166,#5287,#5295,.T.);
#5295 = LINE('',#5296,#5297);
#5296 = CARTESIAN_POINT('',(-332.5,-182.5,1.155E+03));
#5297 = VECTOR('',#5298,1.);
#5298 = DIRECTION('',(1.,0.,0.));
#5299 = PLANE('',#5300);
#5300 = AXIS2_PLACEMENT_3D('',#5301,#5302,#5303);
#5301 = CARTESIAN_POINT('',(-332.5,-217.5,1.155E+03));
#5302 = DIRECTION('',(0.,0.,1.));
#5303 = DIRECTION('',(1.,0.,0.));
#5304 = ADVANCED_FACE('',(#5305),#5316,.T.);
#5305 = FACE_BOUND('',#5306,.T.);
#5306 = EDGE_LOOP('',(#5307,#5308,#5309,#5310));
#5307 = ORIENTED_EDGE('',*,*,#5294,.F.);
#5308 = ORIENTED_EDGE('',*,*,#5173,.T.);
#5309 = ORIENTED_EDGE('',*,*,#5270,.T.);
#5310 = ORIENTED_EDGE('',*,*,#5311,.F.);
#5311 = EDGE_CURVE('',#5287,#5263,#5312,.T.);
#5312 = LINE('',#5313,#5314);
#5313 = CARTESIAN_POINT('',(332.5,-182.5,1.155E+03));
#5314 = VECTOR('',#5315,1.);
#5315 = DIRECTION('',(0.,0.,1.));
#5316 = PLANE('',#5317);
#5317 = AXIS2_PLACEMENT_3D('',#5318,#5319,#5320);
#5318 = CARTESIAN_POINT('',(-332.5,-182.5,1.155E+03));
#5319 = DIRECTION('',(0.,1.,0.));
#5320 = DIRECTION('',(0.,0.,1.));
#5321 = ADVANCED_FACE('',(#5322),#5347,.T.);
#5322 = FACE_BOUND('',#5323,.T.);
#5323 = EDGE_LOOP('',(#5324,#5325,#5333,#5341));
#5324 = ORIENTED_EDGE('',*,*,#5189,.F.);
#5325 = ORIENTED_EDGE('',*,*,#5326,.T.);
#5326 = EDGE_CURVE('',#5190,#5327,#5329,.T.);
#5327 = VERTEX_POINT('',#5328);
#5328 = CARTESIAN_POINT('',(332.5,-214.5,1.158E+03));
#5329 = LINE('',#5330,#5331);
#5330 = CARTESIAN_POINT('',(-332.5,-214.5,1.158E+03));
#5331 = VECTOR('',#5332,1.);
#5332 = DIRECTION('',(1.,0.,0.));
#5333 = ORIENTED_EDGE('',*,*,#5334,.T.);
#5334 = EDGE_CURVE('',#5327,#5335,#5337,.T.);
#5335 = VERTEX_POINT('',#5336);
#5336 = CARTESIAN_POINT('',(332.5,-185.5,1.158E+03));
#5337 = LINE('',#5338,#5339);
#5338 = CARTESIAN_POINT('',(332.5,-214.5,1.158E+03));
#5339 = VECTOR('',#5340,1.);
#5340 = DIRECTION('',(0.,1.,0.));
#5341 = ORIENTED_EDGE('',*,*,#5342,.F.);
#5342 = EDGE_CURVE('',#5192,#5335,#5343,.T.);
#5343 = LINE('',#5344,#5345);
#5344 = CARTESIAN_POINT('',(-332.5,-185.5,1.158E+03));
#5345 = VECTOR('',#5346,1.);
#5346 = DIRECTION('',(1.,0.,0.));
#5347 = PLANE('',#5348);
#5348 = AXIS2_PLACEMENT_3D('',#5349,#5350,#5351);
#5349 = CARTESIAN_POINT('',(-332.5,-214.5,1.158E+03));
#5350 = DIRECTION('',(0.,0.,1.));
#5351 = DIRECTION('',(1.,0.,0.));
#5352 = ADVANCED_FACE('',(#5353),#5371,.F.);
#5353 = FACE_BOUND('',#5354,.F.);
#5354 = EDGE_LOOP('',(#5355,#5356,#5357,#5365));
#5355 = ORIENTED_EDGE('',*,*,#5342,.F.);
#5356 = ORIENTED_EDGE('',*,*,#5215,.T.);
#5357 = ORIENTED_EDGE('',*,*,#5358,.T.);
#5358 = EDGE_CURVE('',#5208,#5359,#5361,.T.);
#5359 = VERTEX_POINT('',#5360);
#5360 = CARTESIAN_POINT('',(332.5,-185.5,1.187E+03));
#5361 = LINE('',#5362,#5363);
#5362 = CARTESIAN_POINT('',(-332.5,-185.5,1.187E+03));
#5363 = VECTOR('',#5364,1.);
#5364 = DIRECTION('',(1.,0.,0.));
#5365 = ORIENTED_EDGE('',*,*,#5366,.F.);
#5366 = EDGE_CURVE('',#5335,#5359,#5367,.T.);
#5367 = LINE('',#5368,#5369);
#5368 = CARTESIAN_POINT('',(332.5,-185.5,1.158E+03));
#5369 = VECTOR('',#5370,1.);
#5370 = DIRECTION('',(0.,0.,1.));
#5371 = PLANE('',#5372);
#5372 = AXIS2_PLACEMENT_3D('',#5373,#5374,#5375);
#5373 = CARTESIAN_POINT('',(-332.5,-185.5,1.158E+03));
#5374 = DIRECTION('',(0.,1.,0.));
#5375 = DIRECTION('',(0.,0.,1.));
#5376 = ADVANCED_FACE('',(#5377),#5395,.F.);
#5377 = FACE_BOUND('',#5378,.F.);
#5378 = EDGE_LOOP('',(#5379,#5380,#5388,#5394));
#5379 = ORIENTED_EDGE('',*,*,#5207,.F.);
#5380 = ORIENTED_EDGE('',*,*,#5381,.T.);
#5381 = EDGE_CURVE('',#5200,#5382,#5384,.T.);
#5382 = VERTEX_POINT('',#5383);
#5383 = CARTESIAN_POINT('',(332.5,-214.5,1.187E+03));
#5384 = LINE('',#5385,#5386);
#5385 = CARTESIAN_POINT('',(-332.5,-214.5,1.187E+03));
#5386 = VECTOR('',#5387,1.);
#5387 = DIRECTION('',(1.,0.,0.));
#5388 = ORIENTED_EDGE('',*,*,#5389,.T.);
#5389 = EDGE_CURVE('',#5382,#5359,#5390,.T.);
#5390 = LINE('',#5391,#5392);
#5391 = CARTESIAN_POINT('',(332.5,-214.5,1.187E+03));
#5392 = VECTOR('',#5393,1.);
#5393 = DIRECTION('',(0.,1.,0.));
#5394 = ORIENTED_EDGE('',*,*,#5358,.F.);
#5395 = PLANE('',#5396);
#5396 = AXIS2_PLACEMENT_3D('',#5397,#5398,#5399);
#5397 = CARTESIAN_POINT('',(-332.5,-214.5,1.187E+03));
#5398 = DIRECTION('',(0.,0.,1.));
#5399 = DIRECTION('',(1.,0.,0.));
#5400 = ADVANCED_FACE('',(#5401),#5412,.T.);
#5401 = FACE_BOUND('',#5402,.T.);
#5402 = EDGE_LOOP('',(#5403,#5404,#5405,#5406));
#5403 = ORIENTED_EDGE('',*,*,#5326,.F.);
#5404 = ORIENTED_EDGE('',*,*,#5199,.T.);
#5405 = ORIENTED_EDGE('',*,*,#5381,.T.);
#5406 = ORIENTED_EDGE('',*,*,#5407,.F.);
#5407 = EDGE_CURVE('',#5327,#5382,#5408,.T.);
#5408 = LINE('',#5409,#5410);
#5409 = CARTESIAN_POINT('',(332.5,-214.5,1.158E+03));
#5410 = VECTOR('',#5411,1.);
#5411 = DIRECTION('',(0.,0.,1.));
#5412 = PLANE('',#5413);
#5413 = AXIS2_PLACEMENT_3D('',#5414,#5415,#5416);
#5414 = CARTESIAN_POINT('',(-332.5,-214.5,1.158E+03));
#5415 = DIRECTION('',(0.,1.,0.));
#5416 = DIRECTION('',(0.,0.,1.));
#5417 = ADVANCED_FACE('',(#5418,#5424),#5430,.T.);
#5418 = FACE_BOUND('',#5419,.T.);
#5419 = EDGE_LOOP('',(#5420,#5421,#5422,#5423));
#5420 = ORIENTED_EDGE('',*,*,#5246,.F.);
#5421 = ORIENTED_EDGE('',*,*,#5286,.T.);
#5422 = ORIENTED_EDGE('',*,*,#5311,.T.);
#5423 = ORIENTED_EDGE('',*,*,#5262,.F.);
#5424 = FACE_BOUND('',#5425,.T.);
#5425 = EDGE_LOOP('',(#5426,#5427,#5428,#5429));
#5426 = ORIENTED_EDGE('',*,*,#5334,.F.);
#5427 = ORIENTED_EDGE('',*,*,#5407,.T.);
#5428 = ORIENTED_EDGE('',*,*,#5389,.T.);
#5429 = ORIENTED_EDGE('',*,*,#5366,.F.);
#5430 = PLANE('',#5431);
#5431 = AXIS2_PLACEMENT_3D('',#5432,#5433,#5434);
#5432 = CARTESIAN_POINT('',(332.5,-217.5,1.155E+03));
#5433 = DIRECTION('',(1.,0.,0.));
#5434 = DIRECTION('',(0.,0.,1.));
#5435 = MANIFOLD_SOLID_BREP('',#5436);
#5436 = CLOSED_SHELL('',(#5437,#5477,#5542,#5566,#5624,#5641,#5653,#5675
    ,#5692,#5709));
#5437 = ADVANCED_FACE('',(#5438),#5472,.F.);
#5438 = FACE_BOUND('',#5439,.F.);
#5439 = EDGE_LOOP('',(#5440,#5450,#5458,#5466));
#5440 = ORIENTED_EDGE('',*,*,#5441,.F.);
#5441 = EDGE_CURVE('',#5442,#5444,#5446,.T.);
#5442 = VERTEX_POINT('',#5443);
#5443 = CARTESIAN_POINT('',(-367.5,-182.5,1.155E+03));
#5444 = VERTEX_POINT('',#5445);
#5445 = CARTESIAN_POINT('',(-367.5,-182.5,1.19E+03));
#5446 = LINE('',#5447,#5448);
#5447 = CARTESIAN_POINT('',(-367.5,-182.5,1.155E+03));
#5448 = VECTOR('',#5449,1.);
#5449 = DIRECTION('',(0.,0.,1.));
#5450 = ORIENTED_EDGE('',*,*,#5451,.T.);
#5451 = EDGE_CURVE('',#5442,#5452,#5454,.T.);
#5452 = VERTEX_POINT('',#5453);
#5453 = CARTESIAN_POINT('',(-367.5,182.5,1.155E+03));
#5454 = LINE('',#5455,#5456);
#5455 = CARTESIAN_POINT('',(-367.5,-182.5,1.155E+03));
#5456 = VECTOR('',#5457,1.);
#5457 = DIRECTION('',(0.,1.,0.));
#5458 = ORIENTED_EDGE('',*,*,#5459,.T.);
#5459 = EDGE_CURVE('',#5452,#5460,#5462,.T.);
#5460 = VERTEX_POINT('',#5461);
#5461 = CARTESIAN_POINT('',(-367.5,182.5,1.19E+03));
#5462 = LINE('',#5463,#5464);
#5463 = CARTESIAN_POINT('',(-367.5,182.5,1.155E+03));
#5464 = VECTOR('',#5465,1.);
#5465 = DIRECTION('',(0.,0.,1.));
#5466 = ORIENTED_EDGE('',*,*,#5467,.F.);
#5467 = EDGE_CURVE('',#5444,#5460,#5468,.T.);
#5468 = LINE('',#5469,#5470);
#5469 = CARTESIAN_POINT('',(-367.5,-182.5,1.19E+03));
#5470 = VECTOR('',#5471,1.);
#5471 = DIRECTION('',(0.,1.,0.));
#5472 = PLANE('',#5473);
#5473 = AXIS2_PLACEMENT_3D('',#5474,#5475,#5476);
#5474 = CARTESIAN_POINT('',(-367.5,-182.5,1.155E+03));
#5475 = DIRECTION('',(1.,0.,0.));
#5476 = DIRECTION('',(0.,0.,1.));
#5477 = ADVANCED_FACE('',(#5478,#5503),#5537,.F.);
#5478 = FACE_BOUND('',#5479,.F.);
#5479 = EDGE_LOOP('',(#5480,#5488,#5489,#5497));
#5480 = ORIENTED_EDGE('',*,*,#5481,.F.);
#5481 = EDGE_CURVE('',#5442,#5482,#5484,.T.);
#5482 = VERTEX_POINT('',#5483);
#5483 = CARTESIAN_POINT('',(-332.5,-182.5,1.155E+03));
#5484 = LINE('',#5485,#5486);
#5485 = CARTESIAN_POINT('',(-367.5,-182.5,1.155E+03));
#5486 = VECTOR('',#5487,1.);
#5487 = DIRECTION('',(1.,0.,0.));
#5488 = ORIENTED_EDGE('',*,*,#5441,.T.);
#5489 = ORIENTED_EDGE('',*,*,#5490,.T.);
#5490 = EDGE_CURVE('',#5444,#5491,#5493,.T.);
#5491 = VERTEX_POINT('',#5492);
#5492 = CARTESIAN_POINT('',(-332.5,-182.5,1.19E+03));
#5493 = LINE('',#5494,#5495);
#5494 = CARTESIAN_POINT('',(-367.5,-182.5,1.19E+03));
#5495 = VECTOR('',#5496,1.);
#5496 = DIRECTION('',(1.,0.,0.));
#5497 = ORIENTED_EDGE('',*,*,#5498,.F.);
#5498 = EDGE_CURVE('',#5482,#5491,#5499,.T.);
#5499 = LINE('',#5500,#5501);
#5500 = CARTESIAN_POINT('',(-332.5,-182.5,1.155E+03));
#5501 = VECTOR('',#5502,1.);
#5502 = DIRECTION('',(0.,0.,1.));
#5503 = FACE_BOUND('',#5504,.F.);
#5504 = EDGE_LOOP('',(#5505,#5515,#5523,#5531));
#5505 = ORIENTED_EDGE('',*,*,#5506,.F.);
#5506 = EDGE_CURVE('',#5507,#5509,#5511,.T.);
#5507 = VERTEX_POINT('',#5508);
#5508 = CARTESIAN_POINT('',(-364.5,-182.5,1.158E+03));
#5509 = VERTEX_POINT('',#5510);
#5510 = CARTESIAN_POINT('',(-364.5,-182.5,1.187E+03));
#5511 = LINE('',#5512,#5513);
#5512 = CARTESIAN_POINT('',(-364.5,-182.5,1.158E+03));
#5513 = VECTOR('',#5514,1.);
#5514 = DIRECTION('',(0.,0.,1.));
#5515 = ORIENTED_EDGE('',*,*,#5516,.T.);
#5516 = EDGE_CURVE('',#5507,#5517,#5519,.T.);
#5517 = VERTEX_POINT('',#5518);
#5518 = CARTESIAN_POINT('',(-335.5,-182.5,1.158E+03));
#5519 = LINE('',#5520,#5521);
#5520 = CARTESIAN_POINT('',(-364.5,-182.5,1.158E+03));
#5521 = VECTOR('',#5522,1.);
#5522 = DIRECTION('',(1.,0.,0.));
#5523 = ORIENTED_EDGE('',*,*,#5524,.T.);
#5524 = EDGE_CURVE('',#5517,#5525,#5527,.T.);
#5525 = VERTEX_POINT('',#5526);
#5526 = CARTESIAN_POINT('',(-335.5,-182.5,1.187E+03));
#5527 = LINE('',#5528,#5529);
#5528 = CARTESIAN_POINT('',(-335.5,-182.5,1.158E+03));
#5529 = VECTOR('',#5530,1.);
#5530 = DIRECTION('',(0.,0.,1.));
#5531 = ORIENTED_EDGE('',*,*,#5532,.F.);
#5532 = EDGE_CURVE('',#5509,#5525,#5533,.T.);
#5533 = LINE('',#5534,#5535);
#5534 = CARTESIAN_POINT('',(-364.5,-182.5,1.187E+03));
#5535 = VECTOR('',#5536,1.);
#5536 = DIRECTION('',(1.,0.,0.));
#5537 = PLANE('',#5538);
#5538 = AXIS2_PLACEMENT_3D('',#5539,#5540,#5541);
#5539 = CARTESIAN_POINT('',(-367.5,-182.5,1.155E+03));
#5540 = DIRECTION('',(0.,1.,0.));
#5541 = DIRECTION('',(0.,0.,1.));
#5542 = ADVANCED_FACE('',(#5543),#5561,.T.);
#5543 = FACE_BOUND('',#5544,.T.);
#5544 = EDGE_LOOP('',(#5545,#5546,#5547,#5555));
#5545 = ORIENTED_EDGE('',*,*,#5467,.F.);
#5546 = ORIENTED_EDGE('',*,*,#5490,.T.);
#5547 = ORIENTED_EDGE('',*,*,#5548,.T.);
#5548 = EDGE_CURVE('',#5491,#5549,#5551,.T.);
#5549 = VERTEX_POINT('',#5550);
#5550 = CARTESIAN_POINT('',(-332.5,182.5,1.19E+03));
#5551 = LINE('',#5552,#5553);
#5552 = CARTESIAN_POINT('',(-332.5,-182.5,1.19E+03));
#5553 = VECTOR('',#5554,1.);
#5554 = DIRECTION('',(0.,1.,0.));
#5555 = ORIENTED_EDGE('',*,*,#5556,.F.);
#5556 = EDGE_CURVE('',#5460,#5549,#5557,.T.);
#5557 = LINE('',#5558,#5559);
#5558 = CARTESIAN_POINT('',(-367.5,182.5,1.19E+03));
#5559 = VECTOR('',#5560,1.);
#5560 = DIRECTION('',(1.,0.,0.));
#5561 = PLANE('',#5562);
#5562 = AXIS2_PLACEMENT_3D('',#5563,#5564,#5565);
#5563 = CARTESIAN_POINT('',(-367.5,-182.5,1.19E+03));
#5564 = DIRECTION('',(0.,0.,1.));
#5565 = DIRECTION('',(1.,0.,0.));
#5566 = ADVANCED_FACE('',(#5567,#5585),#5619,.T.);
#5567 = FACE_BOUND('',#5568,.T.);
#5568 = EDGE_LOOP('',(#5569,#5577,#5578,#5579));
#5569 = ORIENTED_EDGE('',*,*,#5570,.F.);
#5570 = EDGE_CURVE('',#5452,#5571,#5573,.T.);
#5571 = VERTEX_POINT('',#5572);
#5572 = CARTESIAN_POINT('',(-332.5,182.5,1.155E+03));
#5573 = LINE('',#5574,#5575);
#5574 = CARTESIAN_POINT('',(-367.5,182.5,1.155E+03));
#5575 = VECTOR('',#5576,1.);
#5576 = DIRECTION('',(1.,0.,0.));
#5577 = ORIENTED_EDGE('',*,*,#5459,.T.);
#5578 = ORIENTED_EDGE('',*,*,#5556,.T.);
#5579 = ORIENTED_EDGE('',*,*,#5580,.F.);
#5580 = EDGE_CURVE('',#5571,#5549,#5581,.T.);
#5581 = LINE('',#5582,#5583);
#5582 = CARTESIAN_POINT('',(-332.5,182.5,1.155E+03));
#5583 = VECTOR('',#5584,1.);
#5584 = DIRECTION('',(0.,0.,1.));
#5585 = FACE_BOUND('',#5586,.T.);
#5586 = EDGE_LOOP('',(#5587,#5597,#5605,#5613));
#5587 = ORIENTED_EDGE('',*,*,#5588,.F.);
#5588 = EDGE_CURVE('',#5589,#5591,#5593,.T.);
#5589 = VERTEX_POINT('',#5590);
#5590 = CARTESIAN_POINT('',(-364.5,182.5,1.158E+03));
#5591 = VERTEX_POINT('',#5592);
#5592 = CARTESIAN_POINT('',(-364.5,182.5,1.187E+03));
#5593 = LINE('',#5594,#5595);
#5594 = CARTESIAN_POINT('',(-364.5,182.5,1.158E+03));
#5595 = VECTOR('',#5596,1.);
#5596 = DIRECTION('',(0.,0.,1.));
#5597 = ORIENTED_EDGE('',*,*,#5598,.T.);
#5598 = EDGE_CURVE('',#5589,#5599,#5601,.T.);
#5599 = VERTEX_POINT('',#5600);
#5600 = CARTESIAN_POINT('',(-335.5,182.5,1.158E+03));
#5601 = LINE('',#5602,#5603);
#5602 = CARTESIAN_POINT('',(-364.5,182.5,1.158E+03));
#5603 = VECTOR('',#5604,1.);
#5604 = DIRECTION('',(1.,0.,0.));
#5605 = ORIENTED_EDGE('',*,*,#5606,.T.);
#5606 = EDGE_CURVE('',#5599,#5607,#5609,.T.);
#5607 = VERTEX_POINT('',#5608);
#5608 = CARTESIAN_POINT('',(-335.5,182.5,1.187E+03));
#5609 = LINE('',#5610,#5611);
#5610 = CARTESIAN_POINT('',(-335.5,182.5,1.158E+03));
#5611 = VECTOR('',#5612,1.);
#5612 = DIRECTION('',(0.,0.,1.));
#5613 = ORIENTED_EDGE('',*,*,#5614,.F.);
#5614 = EDGE_CURVE('',#5591,#5607,#5615,.T.);
#5615 = LINE('',#5616,#5617);
#5616 = CARTESIAN_POINT('',(-364.5,182.5,1.187E+03));
#5617 = VECTOR('',#5618,1.);
#5618 = DIRECTION('',(1.,0.,0.));
#5619 = PLANE('',#5620);
#5620 = AXIS2_PLACEMENT_3D('',#5621,#5622,#5623);
#5621 = CARTESIAN_POINT('',(-367.5,182.5,1.155E+03));
#5622 = DIRECTION('',(0.,1.,0.));
#5623 = DIRECTION('',(0.,0.,1.));
#5624 = ADVANCED_FACE('',(#5625),#5636,.F.);
#5625 = FACE_BOUND('',#5626,.F.);
#5626 = EDGE_LOOP('',(#5627,#5628,#5629,#5635));
#5627 = ORIENTED_EDGE('',*,*,#5451,.F.);
#5628 = ORIENTED_EDGE('',*,*,#5481,.T.);
#5629 = ORIENTED_EDGE('',*,*,#5630,.T.);
#5630 = EDGE_CURVE('',#5482,#5571,#5631,.T.);
#5631 = LINE('',#5632,#5633);
#5632 = CARTESIAN_POINT('',(-332.5,-182.5,1.155E+03));
#5633 = VECTOR('',#5634,1.);
#5634 = DIRECTION('',(0.,1.,0.));
#5635 = ORIENTED_EDGE('',*,*,#5570,.F.);
#5636 = PLANE('',#5637);
#5637 = AXIS2_PLACEMENT_3D('',#5638,#5639,#5640);
#5638 = CARTESIAN_POINT('',(-367.5,-182.5,1.155E+03));
#5639 = DIRECTION('',(0.,0.,1.));
#5640 = DIRECTION('',(1.,0.,0.));
#5641 = ADVANCED_FACE('',(#5642),#5648,.T.);
#5642 = FACE_BOUND('',#5643,.T.);
#5643 = EDGE_LOOP('',(#5644,#5645,#5646,#5647));
#5644 = ORIENTED_EDGE('',*,*,#5498,.F.);
#5645 = ORIENTED_EDGE('',*,*,#5630,.T.);
#5646 = ORIENTED_EDGE('',*,*,#5580,.T.);
#5647 = ORIENTED_EDGE('',*,*,#5548,.F.);
#5648 = PLANE('',#5649);
#5649 = AXIS2_PLACEMENT_3D('',#5650,#5651,#5652);
#5650 = CARTESIAN_POINT('',(-332.5,-182.5,1.155E+03));
#5651 = DIRECTION('',(1.,0.,0.));
#5652 = DIRECTION('',(0.,0.,1.));
#5653 = ADVANCED_FACE('',(#5654),#5670,.T.);
#5654 = FACE_BOUND('',#5655,.T.);
#5655 = EDGE_LOOP('',(#5656,#5657,#5663,#5664));
#5656 = ORIENTED_EDGE('',*,*,#5506,.F.);
#5657 = ORIENTED_EDGE('',*,*,#5658,.T.);
#5658 = EDGE_CURVE('',#5507,#5589,#5659,.T.);
#5659 = LINE('',#5660,#5661);
#5660 = CARTESIAN_POINT('',(-364.5,-182.5,1.158E+03));
#5661 = VECTOR('',#5662,1.);
#5662 = DIRECTION('',(0.,1.,0.));
#5663 = ORIENTED_EDGE('',*,*,#5588,.T.);
#5664 = ORIENTED_EDGE('',*,*,#5665,.F.);
#5665 = EDGE_CURVE('',#5509,#5591,#5666,.T.);
#5666 = LINE('',#5667,#5668);
#5667 = CARTESIAN_POINT('',(-364.5,-182.5,1.187E+03));
#5668 = VECTOR('',#5669,1.);
#5669 = DIRECTION('',(0.,1.,0.));
#5670 = PLANE('',#5671);
#5671 = AXIS2_PLACEMENT_3D('',#5672,#5673,#5674);
#5672 = CARTESIAN_POINT('',(-364.5,-182.5,1.158E+03));
#5673 = DIRECTION('',(1.,0.,0.));
#5674 = DIRECTION('',(0.,0.,1.));
#5675 = ADVANCED_FACE('',(#5676),#5687,.F.);
#5676 = FACE_BOUND('',#5677,.F.);
#5677 = EDGE_LOOP('',(#5678,#5679,#5680,#5686));
#5678 = ORIENTED_EDGE('',*,*,#5665,.F.);
#5679 = ORIENTED_EDGE('',*,*,#5532,.T.);
#5680 = ORIENTED_EDGE('',*,*,#5681,.T.);
#5681 = EDGE_CURVE('',#5525,#5607,#5682,.T.);
#5682 = LINE('',#5683,#5684);
#5683 = CARTESIAN_POINT('',(-335.5,-182.5,1.187E+03));
#5684 = VECTOR('',#5685,1.);
#5685 = DIRECTION('',(0.,1.,0.));
#5686 = ORIENTED_EDGE('',*,*,#5614,.F.);
#5687 = PLANE('',#5688);
#5688 = AXIS2_PLACEMENT_3D('',#5689,#5690,#5691);
#5689 = CARTESIAN_POINT('',(-364.5,-182.5,1.187E+03));
#5690 = DIRECTION('',(0.,0.,1.));
#5691 = DIRECTION('',(1.,0.,0.));
#5692 = ADVANCED_FACE('',(#5693),#5704,.F.);
#5693 = FACE_BOUND('',#5694,.F.);
#5694 = EDGE_LOOP('',(#5695,#5696,#5702,#5703));
#5695 = ORIENTED_EDGE('',*,*,#5524,.F.);
#5696 = ORIENTED_EDGE('',*,*,#5697,.T.);
#5697 = EDGE_CURVE('',#5517,#5599,#5698,.T.);
#5698 = LINE('',#5699,#5700);
#5699 = CARTESIAN_POINT('',(-335.5,-182.5,1.158E+03));
#5700 = VECTOR('',#5701,1.);
#5701 = DIRECTION('',(0.,1.,0.));
#5702 = ORIENTED_EDGE('',*,*,#5606,.T.);
#5703 = ORIENTED_EDGE('',*,*,#5681,.F.);
#5704 = PLANE('',#5705);
#5705 = AXIS2_PLACEMENT_3D('',#5706,#5707,#5708);
#5706 = CARTESIAN_POINT('',(-335.5,-182.5,1.158E+03));
#5707 = DIRECTION('',(1.,0.,0.));
#5708 = DIRECTION('',(0.,0.,1.));
#5709 = ADVANCED_FACE('',(#5710),#5716,.T.);
#5710 = FACE_BOUND('',#5711,.T.);
#5711 = EDGE_LOOP('',(#5712,#5713,#5714,#5715));
#5712 = ORIENTED_EDGE('',*,*,#5658,.F.);
#5713 = ORIENTED_EDGE('',*,*,#5516,.T.);
#5714 = ORIENTED_EDGE('',*,*,#5697,.T.);
#5715 = ORIENTED_EDGE('',*,*,#5598,.F.);
#5716 = PLANE('',#5717);
#5717 = AXIS2_PLACEMENT_3D('',#5718,#5719,#5720);
#5718 = CARTESIAN_POINT('',(-364.5,-182.5,1.158E+03));
#5719 = DIRECTION('',(0.,0.,1.));
#5720 = DIRECTION('',(1.,0.,0.));
#5721 = MANIFOLD_SOLID_BREP('',#5722);
#5722 = CLOSED_SHELL('',(#5723,#5797,#5828,#5852,#5876,#5893,#5924,#5948
    ,#5972,#5989));
#5723 = ADVANCED_FACE('',(#5724,#5758),#5792,.F.);
#5724 = FACE_BOUND('',#5725,.F.);
#5725 = EDGE_LOOP('',(#5726,#5736,#5744,#5752));
#5726 = ORIENTED_EDGE('',*,*,#5727,.F.);
#5727 = EDGE_CURVE('',#5728,#5730,#5732,.T.);
#5728 = VERTEX_POINT('',#5729);
#5729 = CARTESIAN_POINT('',(-332.5,182.5,1.155E+03));
#5730 = VERTEX_POINT('',#5731);
#5731 = CARTESIAN_POINT('',(-332.5,182.5,1.19E+03));
#5732 = LINE('',#5733,#5734);
#5733 = CARTESIAN_POINT('',(-332.5,182.5,1.155E+03));
#5734 = VECTOR('',#5735,1.);
#5735 = DIRECTION('',(0.,0.,1.));
#5736 = ORIENTED_EDGE('',*,*,#5737,.T.);
#5737 = EDGE_CURVE('',#5728,#5738,#5740,.T.);
#5738 = VERTEX_POINT('',#5739);
#5739 = CARTESIAN_POINT('',(-332.5,217.5,1.155E+03));
#5740 = LINE('',#5741,#5742);
#5741 = CARTESIAN_POINT('',(-332.5,182.5,1.155E+03));
#5742 = VECTOR('',#5743,1.);
#5743 = DIRECTION('',(0.,1.,0.));
#5744 = ORIENTED_EDGE('',*,*,#5745,.T.);
#5745 = EDGE_CURVE('',#5738,#5746,#5748,.T.);
#5746 = VERTEX_POINT('',#5747);
#5747 = CARTESIAN_POINT('',(-332.5,217.5,1.19E+03));
#5748 = LINE('',#5749,#5750);
#5749 = CARTESIAN_POINT('',(-332.5,217.5,1.155E+03));
#5750 = VECTOR('',#5751,1.);
#5751 = DIRECTION('',(0.,0.,1.));
#5752 = ORIENTED_EDGE('',*,*,#5753,.F.);
#5753 = EDGE_CURVE('',#5730,#5746,#5754,.T.);
#5754 = LINE('',#5755,#5756);
#5755 = CARTESIAN_POINT('',(-332.5,182.5,1.19E+03));
#5756 = VECTOR('',#5757,1.);
#5757 = DIRECTION('',(0.,1.,0.));
#5758 = FACE_BOUND('',#5759,.F.);
#5759 = EDGE_LOOP('',(#5760,#5770,#5778,#5786));
#5760 = ORIENTED_EDGE('',*,*,#5761,.F.);
#5761 = EDGE_CURVE('',#5762,#5764,#5766,.T.);
#5762 = VERTEX_POINT('',#5763);
#5763 = CARTESIAN_POINT('',(-332.5,185.5,1.158E+03));
#5764 = VERTEX_POINT('',#5765);
#5765 = CARTESIAN_POINT('',(-332.5,214.5,1.158E+03));
#5766 = LINE('',#5767,#5768);
#5767 = CARTESIAN_POINT('',(-332.5,185.5,1.158E+03));
#5768 = VECTOR('',#5769,1.);
#5769 = DIRECTION('',(0.,1.,0.));
#5770 = ORIENTED_EDGE('',*,*,#5771,.T.);
#5771 = EDGE_CURVE('',#5762,#5772,#5774,.T.);
#5772 = VERTEX_POINT('',#5773);
#5773 = CARTESIAN_POINT('',(-332.5,185.5,1.187E+03));
#5774 = LINE('',#5775,#5776);
#5775 = CARTESIAN_POINT('',(-332.5,185.5,1.158E+03));
#5776 = VECTOR('',#5777,1.);
#5777 = DIRECTION('',(0.,0.,1.));
#5778 = ORIENTED_EDGE('',*,*,#5779,.T.);
#5779 = EDGE_CURVE('',#5772,#5780,#5782,.T.);
#5780 = VERTEX_POINT('',#5781);
#5781 = CARTESIAN_POINT('',(-332.5,214.5,1.187E+03));
#5782 = LINE('',#5783,#5784);
#5783 = CARTESIAN_POINT('',(-332.5,185.5,1.187E+03));
#5784 = VECTOR('',#5785,1.);
#5785 = DIRECTION('',(0.,1.,0.));
#5786 = ORIENTED_EDGE('',*,*,#5787,.F.);
#5787 = EDGE_CURVE('',#5764,#5780,#5788,.T.);
#5788 = LINE('',#5789,#5790);
#5789 = CARTESIAN_POINT('',(-332.5,214.5,1.158E+03));
#5790 = VECTOR('',#5791,1.);
#5791 = DIRECTION('',(0.,0.,1.));
#5792 = PLANE('',#5793);
#5793 = AXIS2_PLACEMENT_3D('',#5794,#5795,#5796);
#5794 = CARTESIAN_POINT('',(-332.5,182.5,1.155E+03));
#5795 = DIRECTION('',(1.,0.,0.));
#5796 = DIRECTION('',(0.,0.,1.));
#5797 = ADVANCED_FACE('',(#5798),#5823,.F.);
#5798 = FACE_BOUND('',#5799,.F.);
#5799 = EDGE_LOOP('',(#5800,#5808,#5809,#5817));
#5800 = ORIENTED_EDGE('',*,*,#5801,.F.);
#5801 = EDGE_CURVE('',#5728,#5802,#5804,.T.);
#5802 = VERTEX_POINT('',#5803);
#5803 = CARTESIAN_POINT('',(332.5,182.5,1.155E+03));
#5804 = LINE('',#5805,#5806);
#5805 = CARTESIAN_POINT('',(-332.5,182.5,1.155E+03));
#5806 = VECTOR('',#5807,1.);
#5807 = DIRECTION('',(1.,0.,0.));
#5808 = ORIENTED_EDGE('',*,*,#5727,.T.);
#5809 = ORIENTED_EDGE('',*,*,#5810,.T.);
#5810 = EDGE_CURVE('',#5730,#5811,#5813,.T.);
#5811 = VERTEX_POINT('',#5812);
#5812 = CARTESIAN_POINT('',(332.5,182.5,1.19E+03));
#5813 = LINE('',#5814,#5815);
#5814 = CARTESIAN_POINT('',(-332.5,182.5,1.19E+03));
#5815 = VECTOR('',#5816,1.);
#5816 = DIRECTION('',(1.,0.,0.));
#5817 = ORIENTED_EDGE('',*,*,#5818,.F.);
#5818 = EDGE_CURVE('',#5802,#5811,#5819,.T.);
#5819 = LINE('',#5820,#5821);
#5820 = CARTESIAN_POINT('',(332.5,182.5,1.155E+03));
#5821 = VECTOR('',#5822,1.);
#5822 = DIRECTION('',(0.,0.,1.));
#5823 = PLANE('',#5824);
#5824 = AXIS2_PLACEMENT_3D('',#5825,#5826,#5827);
#5825 = CARTESIAN_POINT('',(-332.5,182.5,1.155E+03));
#5826 = DIRECTION('',(0.,1.,0.));
#5827 = DIRECTION('',(0.,0.,1.));
#5828 = ADVANCED_FACE('',(#5829),#5847,.T.);
#5829 = FACE_BOUND('',#5830,.T.);
#5830 = EDGE_LOOP('',(#5831,#5832,#5833,#5841));
#5831 = ORIENTED_EDGE('',*,*,#5753,.F.);
#5832 = ORIENTED_EDGE('',*,*,#5810,.T.);
#5833 = ORIENTED_EDGE('',*,*,#5834,.T.);
#5834 = EDGE_CURVE('',#5811,#5835,#5837,.T.);
#5835 = VERTEX_POINT('',#5836);
#5836 = CARTESIAN_POINT('',(332.5,217.5,1.19E+03));
#5837 = LINE('',#5838,#5839);
#5838 = CARTESIAN_POINT('',(332.5,182.5,1.19E+03));
#5839 = VECTOR('',#5840,1.);
#5840 = DIRECTION('',(0.,1.,0.));
#5841 = ORIENTED_EDGE('',*,*,#5842,.F.);
#5842 = EDGE_CURVE('',#5746,#5835,#5843,.T.);
#5843 = LINE('',#5844,#5845);
#5844 = CARTESIAN_POINT('',(-332.5,217.5,1.19E+03));
#5845 = VECTOR('',#5846,1.);
#5846 = DIRECTION('',(1.,0.,0.));
#5847 = PLANE('',#5848);
#5848 = AXIS2_PLACEMENT_3D('',#5849,#5850,#5851);
#5849 = CARTESIAN_POINT('',(-332.5,182.5,1.19E+03));
#5850 = DIRECTION('',(0.,0.,1.));
#5851 = DIRECTION('',(1.,0.,0.));
#5852 = ADVANCED_FACE('',(#5853),#5871,.F.);
#5853 = FACE_BOUND('',#5854,.F.);
#5854 = EDGE_LOOP('',(#5855,#5856,#5857,#5865));
#5855 = ORIENTED_EDGE('',*,*,#5737,.F.);
#5856 = ORIENTED_EDGE('',*,*,#5801,.T.);
#5857 = ORIENTED_EDGE('',*,*,#5858,.T.);
#5858 = EDGE_CURVE('',#5802,#5859,#5861,.T.);
#5859 = VERTEX_POINT('',#5860);
#5860 = CARTESIAN_POINT('',(332.5,217.5,1.155E+03));
#5861 = LINE('',#5862,#5863);
#5862 = CARTESIAN_POINT('',(332.5,182.5,1.155E+03));
#5863 = VECTOR('',#5864,1.);
#5864 = DIRECTION('',(0.,1.,0.));
#5865 = ORIENTED_EDGE('',*,*,#5866,.F.);
#5866 = EDGE_CURVE('',#5738,#5859,#5867,.T.);
#5867 = LINE('',#5868,#5869);
#5868 = CARTESIAN_POINT('',(-332.5,217.5,1.155E+03));
#5869 = VECTOR('',#5870,1.);
#5870 = DIRECTION('',(1.,0.,0.));
#5871 = PLANE('',#5872);
#5872 = AXIS2_PLACEMENT_3D('',#5873,#5874,#5875);
#5873 = CARTESIAN_POINT('',(-332.5,182.5,1.155E+03));
#5874 = DIRECTION('',(0.,0.,1.));
#5875 = DIRECTION('',(1.,0.,0.));
#5876 = ADVANCED_FACE('',(#5877),#5888,.T.);
#5877 = FACE_BOUND('',#5878,.T.);
#5878 = EDGE_LOOP('',(#5879,#5880,#5881,#5882));
#5879 = ORIENTED_EDGE('',*,*,#5866,.F.);
#5880 = ORIENTED_EDGE('',*,*,#5745,.T.);
#5881 = ORIENTED_EDGE('',*,*,#5842,.T.);
#5882 = ORIENTED_EDGE('',*,*,#5883,.F.);
#5883 = EDGE_CURVE('',#5859,#5835,#5884,.T.);
#5884 = LINE('',#5885,#5886);
#5885 = CARTESIAN_POINT('',(332.5,217.5,1.155E+03));
#5886 = VECTOR('',#5887,1.);
#5887 = DIRECTION('',(0.,0.,1.));
#5888 = PLANE('',#5889);
#5889 = AXIS2_PLACEMENT_3D('',#5890,#5891,#5892);
#5890 = CARTESIAN_POINT('',(-332.5,217.5,1.155E+03));
#5891 = DIRECTION('',(0.,1.,0.));
#5892 = DIRECTION('',(0.,0.,1.));
#5893 = ADVANCED_FACE('',(#5894),#5919,.T.);
#5894 = FACE_BOUND('',#5895,.T.);
#5895 = EDGE_LOOP('',(#5896,#5897,#5905,#5913));
#5896 = ORIENTED_EDGE('',*,*,#5761,.F.);
#5897 = ORIENTED_EDGE('',*,*,#5898,.T.);
#5898 = EDGE_CURVE('',#5762,#5899,#5901,.T.);
#5899 = VERTEX_POINT('',#5900);
#5900 = CARTESIAN_POINT('',(332.5,185.5,1.158E+03));
#5901 = LINE('',#5902,#5903);
#5902 = CARTESIAN_POINT('',(-332.5,185.5,1.158E+03));
#5903 = VECTOR('',#5904,1.);
#5904 = DIRECTION('',(1.,0.,0.));
#5905 = ORIENTED_EDGE('',*,*,#5906,.T.);
#5906 = EDGE_CURVE('',#5899,#5907,#5909,.T.);
#5907 = VERTEX_POINT('',#5908);
#5908 = CARTESIAN_POINT('',(332.5,214.5,1.158E+03));
#5909 = LINE('',#5910,#5911);
#5910 = CARTESIAN_POINT('',(332.5,185.5,1.158E+03));
#5911 = VECTOR('',#5912,1.);
#5912 = DIRECTION('',(0.,1.,0.));
#5913 = ORIENTED_EDGE('',*,*,#5914,.F.);
#5914 = EDGE_CURVE('',#5764,#5907,#5915,.T.);
#5915 = LINE('',#5916,#5917);
#5916 = CARTESIAN_POINT('',(-332.5,214.5,1.158E+03));
#5917 = VECTOR('',#5918,1.);
#5918 = DIRECTION('',(1.,0.,0.));
#5919 = PLANE('',#5920);
#5920 = AXIS2_PLACEMENT_3D('',#5921,#5922,#5923);
#5921 = CARTESIAN_POINT('',(-332.5,185.5,1.158E+03));
#5922 = DIRECTION('',(0.,0.,1.));
#5923 = DIRECTION('',(1.,0.,0.));
#5924 = ADVANCED_FACE('',(#5925),#5943,.F.);
#5925 = FACE_BOUND('',#5926,.F.);
#5926 = EDGE_LOOP('',(#5927,#5928,#5929,#5937));
#5927 = ORIENTED_EDGE('',*,*,#5914,.F.);
#5928 = ORIENTED_EDGE('',*,*,#5787,.T.);
#5929 = ORIENTED_EDGE('',*,*,#5930,.T.);
#5930 = EDGE_CURVE('',#5780,#5931,#5933,.T.);
#5931 = VERTEX_POINT('',#5932);
#5932 = CARTESIAN_POINT('',(332.5,214.5,1.187E+03));
#5933 = LINE('',#5934,#5935);
#5934 = CARTESIAN_POINT('',(-332.5,214.5,1.187E+03));
#5935 = VECTOR('',#5936,1.);
#5936 = DIRECTION('',(1.,0.,0.));
#5937 = ORIENTED_EDGE('',*,*,#5938,.F.);
#5938 = EDGE_CURVE('',#5907,#5931,#5939,.T.);
#5939 = LINE('',#5940,#5941);
#5940 = CARTESIAN_POINT('',(332.5,214.5,1.158E+03));
#5941 = VECTOR('',#5942,1.);
#5942 = DIRECTION('',(0.,0.,1.));
#5943 = PLANE('',#5944);
#5944 = AXIS2_PLACEMENT_3D('',#5945,#5946,#5947);
#5945 = CARTESIAN_POINT('',(-332.5,214.5,1.158E+03));
#5946 = DIRECTION('',(0.,1.,0.));
#5947 = DIRECTION('',(0.,0.,1.));
#5948 = ADVANCED_FACE('',(#5949),#5967,.F.);
#5949 = FACE_BOUND('',#5950,.F.);
#5950 = EDGE_LOOP('',(#5951,#5952,#5960,#5966));
#5951 = ORIENTED_EDGE('',*,*,#5779,.F.);
#5952 = ORIENTED_EDGE('',*,*,#5953,.T.);
#5953 = EDGE_CURVE('',#5772,#5954,#5956,.T.);
#5954 = VERTEX_POINT('',#5955);
#5955 = CARTESIAN_POINT('',(332.5,185.5,1.187E+03));
#5956 = LINE('',#5957,#5958);
#5957 = CARTESIAN_POINT('',(-332.5,185.5,1.187E+03));
#5958 = VECTOR('',#5959,1.);
#5959 = DIRECTION('',(1.,0.,0.));
#5960 = ORIENTED_EDGE('',*,*,#5961,.T.);
#5961 = EDGE_CURVE('',#5954,#5931,#5962,.T.);
#5962 = LINE('',#5963,#5964);
#5963 = CARTESIAN_POINT('',(332.5,185.5,1.187E+03));
#5964 = VECTOR('',#5965,1.);
#5965 = DIRECTION('',(0.,1.,0.));
#5966 = ORIENTED_EDGE('',*,*,#5930,.F.);
#5967 = PLANE('',#5968);
#5968 = AXIS2_PLACEMENT_3D('',#5969,#5970,#5971);
#5969 = CARTESIAN_POINT('',(-332.5,185.5,1.187E+03));
#5970 = DIRECTION('',(0.,0.,1.));
#5971 = DIRECTION('',(1.,0.,0.));
#5972 = ADVANCED_FACE('',(#5973),#5984,.T.);
#5973 = FACE_BOUND('',#5974,.T.);
#5974 = EDGE_LOOP('',(#5975,#5976,#5977,#5978));
#5975 = ORIENTED_EDGE('',*,*,#5898,.F.);
#5976 = ORIENTED_EDGE('',*,*,#5771,.T.);
#5977 = ORIENTED_EDGE('',*,*,#5953,.T.);
#5978 = ORIENTED_EDGE('',*,*,#5979,.F.);
#5979 = EDGE_CURVE('',#5899,#5954,#5980,.T.);
#5980 = LINE('',#5981,#5982);
#5981 = CARTESIAN_POINT('',(332.5,185.5,1.158E+03));
#5982 = VECTOR('',#5983,1.);
#5983 = DIRECTION('',(0.,0.,1.));
#5984 = PLANE('',#5985);
#5985 = AXIS2_PLACEMENT_3D('',#5986,#5987,#5988);
#5986 = CARTESIAN_POINT('',(-332.5,185.5,1.158E+03));
#5987 = DIRECTION('',(0.,1.,0.));
#5988 = DIRECTION('',(0.,0.,1.));
#5989 = ADVANCED_FACE('',(#5990,#5996),#6002,.T.);
#5990 = FACE_BOUND('',#5991,.T.);
#5991 = EDGE_LOOP('',(#5992,#5993,#5994,#5995));
#5992 = ORIENTED_EDGE('',*,*,#5818,.F.);
#5993 = ORIENTED_EDGE('',*,*,#5858,.T.);
#5994 = ORIENTED_EDGE('',*,*,#5883,.T.);
#5995 = ORIENTED_EDGE('',*,*,#5834,.F.);
#5996 = FACE_BOUND('',#5997,.T.);
#5997 = EDGE_LOOP('',(#5998,#5999,#6000,#6001));
#5998 = ORIENTED_EDGE('',*,*,#5906,.F.);
#5999 = ORIENTED_EDGE('',*,*,#5979,.T.);
#6000 = ORIENTED_EDGE('',*,*,#5961,.T.);
#6001 = ORIENTED_EDGE('',*,*,#5938,.F.);
#6002 = PLANE('',#6003);
#6003 = AXIS2_PLACEMENT_3D('',#6004,#6005,#6006);
#6004 = CARTESIAN_POINT('',(332.5,182.5,1.155E+03));
#6005 = DIRECTION('',(1.,0.,0.));
#6006 = DIRECTION('',(0.,0.,1.));
#6007 = MANIFOLD_SOLID_BREP('',#6008);
#6008 = CLOSED_SHELL('',(#6009,#6049,#6114,#6138,#6196,#6213,#6225,#6247
    ,#6264,#6281));
#6009 = ADVANCED_FACE('',(#6010),#6044,.F.);
#6010 = FACE_BOUND('',#6011,.F.);
#6011 = EDGE_LOOP('',(#6012,#6022,#6030,#6038));
#6012 = ORIENTED_EDGE('',*,*,#6013,.F.);
#6013 = EDGE_CURVE('',#6014,#6016,#6018,.T.);
#6014 = VERTEX_POINT('',#6015);
#6015 = CARTESIAN_POINT('',(332.5,-182.5,1.155E+03));
#6016 = VERTEX_POINT('',#6017);
#6017 = CARTESIAN_POINT('',(332.5,-182.5,1.19E+03));
#6018 = LINE('',#6019,#6020);
#6019 = CARTESIAN_POINT('',(332.5,-182.5,1.155E+03));
#6020 = VECTOR('',#6021,1.);
#6021 = DIRECTION('',(0.,0.,1.));
#6022 = ORIENTED_EDGE('',*,*,#6023,.T.);
#6023 = EDGE_CURVE('',#6014,#6024,#6026,.T.);
#6024 = VERTEX_POINT('',#6025);
#6025 = CARTESIAN_POINT('',(332.5,182.5,1.155E+03));
#6026 = LINE('',#6027,#6028);
#6027 = CARTESIAN_POINT('',(332.5,-182.5,1.155E+03));
#6028 = VECTOR('',#6029,1.);
#6029 = DIRECTION('',(0.,1.,0.));
#6030 = ORIENTED_EDGE('',*,*,#6031,.T.);
#6031 = EDGE_CURVE('',#6024,#6032,#6034,.T.);
#6032 = VERTEX_POINT('',#6033);
#6033 = CARTESIAN_POINT('',(332.5,182.5,1.19E+03));
#6034 = LINE('',#6035,#6036);
#6035 = CARTESIAN_POINT('',(332.5,182.5,1.155E+03));
#6036 = VECTOR('',#6037,1.);
#6037 = DIRECTION('',(0.,0.,1.));
#6038 = ORIENTED_EDGE('',*,*,#6039,.F.);
#6039 = EDGE_CURVE('',#6016,#6032,#6040,.T.);
#6040 = LINE('',#6041,#6042);
#6041 = CARTESIAN_POINT('',(332.5,-182.5,1.19E+03));
#6042 = VECTOR('',#6043,1.);
#6043 = DIRECTION('',(0.,1.,0.));
#6044 = PLANE('',#6045);
#6045 = AXIS2_PLACEMENT_3D('',#6046,#6047,#6048);
#6046 = CARTESIAN_POINT('',(332.5,-182.5,1.155E+03));
#6047 = DIRECTION('',(1.,0.,0.));
#6048 = DIRECTION('',(0.,0.,1.));
#6049 = ADVANCED_FACE('',(#6050,#6075),#6109,.F.);
#6050 = FACE_BOUND('',#6051,.F.);
#6051 = EDGE_LOOP('',(#6052,#6060,#6061,#6069));
#6052 = ORIENTED_EDGE('',*,*,#6053,.F.);
#6053 = EDGE_CURVE('',#6014,#6054,#6056,.T.);
#6054 = VERTEX_POINT('',#6055);
#6055 = CARTESIAN_POINT('',(367.5,-182.5,1.155E+03));
#6056 = LINE('',#6057,#6058);
#6057 = CARTESIAN_POINT('',(332.5,-182.5,1.155E+03));
#6058 = VECTOR('',#6059,1.);
#6059 = DIRECTION('',(1.,0.,0.));
#6060 = ORIENTED_EDGE('',*,*,#6013,.T.);
#6061 = ORIENTED_EDGE('',*,*,#6062,.T.);
#6062 = EDGE_CURVE('',#6016,#6063,#6065,.T.);
#6063 = VERTEX_POINT('',#6064);
#6064 = CARTESIAN_POINT('',(367.5,-182.5,1.19E+03));
#6065 = LINE('',#6066,#6067);
#6066 = CARTESIAN_POINT('',(332.5,-182.5,1.19E+03));
#6067 = VECTOR('',#6068,1.);
#6068 = DIRECTION('',(1.,0.,0.));
#6069 = ORIENTED_EDGE('',*,*,#6070,.F.);
#6070 = EDGE_CURVE('',#6054,#6063,#6071,.T.);
#6071 = LINE('',#6072,#6073);
#6072 = CARTESIAN_POINT('',(367.5,-182.5,1.155E+03));
#6073 = VECTOR('',#6074,1.);
#6074 = DIRECTION('',(0.,0.,1.));
#6075 = FACE_BOUND('',#6076,.F.);
#6076 = EDGE_LOOP('',(#6077,#6087,#6095,#6103));
#6077 = ORIENTED_EDGE('',*,*,#6078,.F.);
#6078 = EDGE_CURVE('',#6079,#6081,#6083,.T.);
#6079 = VERTEX_POINT('',#6080);
#6080 = CARTESIAN_POINT('',(335.5,-182.5,1.158E+03));
#6081 = VERTEX_POINT('',#6082);
#6082 = CARTESIAN_POINT('',(335.5,-182.5,1.187E+03));
#6083 = LINE('',#6084,#6085);
#6084 = CARTESIAN_POINT('',(335.5,-182.5,1.158E+03));
#6085 = VECTOR('',#6086,1.);
#6086 = DIRECTION('',(0.,0.,1.));
#6087 = ORIENTED_EDGE('',*,*,#6088,.T.);
#6088 = EDGE_CURVE('',#6079,#6089,#6091,.T.);
#6089 = VERTEX_POINT('',#6090);
#6090 = CARTESIAN_POINT('',(364.5,-182.5,1.158E+03));
#6091 = LINE('',#6092,#6093);
#6092 = CARTESIAN_POINT('',(335.5,-182.5,1.158E+03));
#6093 = VECTOR('',#6094,1.);
#6094 = DIRECTION('',(1.,0.,0.));
#6095 = ORIENTED_EDGE('',*,*,#6096,.T.);
#6096 = EDGE_CURVE('',#6089,#6097,#6099,.T.);
#6097 = VERTEX_POINT('',#6098);
#6098 = CARTESIAN_POINT('',(364.5,-182.5,1.187E+03));
#6099 = LINE('',#6100,#6101);
#6100 = CARTESIAN_POINT('',(364.5,-182.5,1.158E+03));
#6101 = VECTOR('',#6102,1.);
#6102 = DIRECTION('',(0.,0.,1.));
#6103 = ORIENTED_EDGE('',*,*,#6104,.F.);
#6104 = EDGE_CURVE('',#6081,#6097,#6105,.T.);
#6105 = LINE('',#6106,#6107);
#6106 = CARTESIAN_POINT('',(335.5,-182.5,1.187E+03));
#6107 = VECTOR('',#6108,1.);
#6108 = DIRECTION('',(1.,0.,0.));
#6109 = PLANE('',#6110);
#6110 = AXIS2_PLACEMENT_3D('',#6111,#6112,#6113);
#6111 = CARTESIAN_POINT('',(332.5,-182.5,1.155E+03));
#6112 = DIRECTION('',(0.,1.,0.));
#6113 = DIRECTION('',(0.,0.,1.));
#6114 = ADVANCED_FACE('',(#6115),#6133,.T.);
#6115 = FACE_BOUND('',#6116,.T.);
#6116 = EDGE_LOOP('',(#6117,#6118,#6119,#6127));
#6117 = ORIENTED_EDGE('',*,*,#6039,.F.);
#6118 = ORIENTED_EDGE('',*,*,#6062,.T.);
#6119 = ORIENTED_EDGE('',*,*,#6120,.T.);
#6120 = EDGE_CURVE('',#6063,#6121,#6123,.T.);
#6121 = VERTEX_POINT('',#6122);
#6122 = CARTESIAN_POINT('',(367.5,182.5,1.19E+03));
#6123 = LINE('',#6124,#6125);
#6124 = CARTESIAN_POINT('',(367.5,-182.5,1.19E+03));
#6125 = VECTOR('',#6126,1.);
#6126 = DIRECTION('',(0.,1.,0.));
#6127 = ORIENTED_EDGE('',*,*,#6128,.F.);
#6128 = EDGE_CURVE('',#6032,#6121,#6129,.T.);
#6129 = LINE('',#6130,#6131);
#6130 = CARTESIAN_POINT('',(332.5,182.5,1.19E+03));
#6131 = VECTOR('',#6132,1.);
#6132 = DIRECTION('',(1.,0.,0.));
#6133 = PLANE('',#6134);
#6134 = AXIS2_PLACEMENT_3D('',#6135,#6136,#6137);
#6135 = CARTESIAN_POINT('',(332.5,-182.5,1.19E+03));
#6136 = DIRECTION('',(0.,0.,1.));
#6137 = DIRECTION('',(1.,0.,0.));
#6138 = ADVANCED_FACE('',(#6139,#6157),#6191,.T.);
#6139 = FACE_BOUND('',#6140,.T.);
#6140 = EDGE_LOOP('',(#6141,#6149,#6150,#6151));
#6141 = ORIENTED_EDGE('',*,*,#6142,.F.);
#6142 = EDGE_CURVE('',#6024,#6143,#6145,.T.);
#6143 = VERTEX_POINT('',#6144);
#6144 = CARTESIAN_POINT('',(367.5,182.5,1.155E+03));
#6145 = LINE('',#6146,#6147);
#6146 = CARTESIAN_POINT('',(332.5,182.5,1.155E+03));
#6147 = VECTOR('',#6148,1.);
#6148 = DIRECTION('',(1.,0.,0.));
#6149 = ORIENTED_EDGE('',*,*,#6031,.T.);
#6150 = ORIENTED_EDGE('',*,*,#6128,.T.);
#6151 = ORIENTED_EDGE('',*,*,#6152,.F.);
#6152 = EDGE_CURVE('',#6143,#6121,#6153,.T.);
#6153 = LINE('',#6154,#6155);
#6154 = CARTESIAN_POINT('',(367.5,182.5,1.155E+03));
#6155 = VECTOR('',#6156,1.);
#6156 = DIRECTION('',(0.,0.,1.));
#6157 = FACE_BOUND('',#6158,.T.);
#6158 = EDGE_LOOP('',(#6159,#6169,#6177,#6185));
#6159 = ORIENTED_EDGE('',*,*,#6160,.F.);
#6160 = EDGE_CURVE('',#6161,#6163,#6165,.T.);
#6161 = VERTEX_POINT('',#6162);
#6162 = CARTESIAN_POINT('',(335.5,182.5,1.158E+03));
#6163 = VERTEX_POINT('',#6164);
#6164 = CARTESIAN_POINT('',(335.5,182.5,1.187E+03));
#6165 = LINE('',#6166,#6167);
#6166 = CARTESIAN_POINT('',(335.5,182.5,1.158E+03));
#6167 = VECTOR('',#6168,1.);
#6168 = DIRECTION('',(0.,0.,1.));
#6169 = ORIENTED_EDGE('',*,*,#6170,.T.);
#6170 = EDGE_CURVE('',#6161,#6171,#6173,.T.);
#6171 = VERTEX_POINT('',#6172);
#6172 = CARTESIAN_POINT('',(364.5,182.5,1.158E+03));
#6173 = LINE('',#6174,#6175);
#6174 = CARTESIAN_POINT('',(335.5,182.5,1.158E+03));
#6175 = VECTOR('',#6176,1.);
#6176 = DIRECTION('',(1.,0.,0.));
#6177 = ORIENTED_EDGE('',*,*,#6178,.T.);
#6178 = EDGE_CURVE('',#6171,#6179,#6181,.T.);
#6179 = VERTEX_POINT('',#6180);
#6180 = CARTESIAN_POINT('',(364.5,182.5,1.187E+03));
#6181 = LINE('',#6182,#6183);
#6182 = CARTESIAN_POINT('',(364.5,182.5,1.158E+03));
#6183 = VECTOR('',#6184,1.);
#6184 = DIRECTION('',(0.,0.,1.));
#6185 = ORIENTED_EDGE('',*,*,#6186,.F.);
#6186 = EDGE_CURVE('',#6163,#6179,#6187,.T.);
#6187 = LINE('',#6188,#6189);
#6188 = CARTESIAN_POINT('',(335.5,182.5,1.187E+03));
#6189 = VECTOR('',#6190,1.);
#6190 = DIRECTION('',(1.,0.,0.));
#6191 = PLANE('',#6192);
#6192 = AXIS2_PLACEMENT_3D('',#6193,#6194,#6195);
#6193 = CARTESIAN_POINT('',(332.5,182.5,1.155E+03));
#6194 = DIRECTION('',(0.,1.,0.));
#6195 = DIRECTION('',(0.,0.,1.));
#6196 = ADVANCED_FACE('',(#6197),#6208,.F.);
#6197 = FACE_BOUND('',#6198,.F.);
#6198 = EDGE_LOOP('',(#6199,#6200,#6201,#6207));
#6199 = ORIENTED_EDGE('',*,*,#6023,.F.);
#6200 = ORIENTED_EDGE('',*,*,#6053,.T.);
#6201 = ORIENTED_EDGE('',*,*,#6202,.T.);
#6202 = EDGE_CURVE('',#6054,#6143,#6203,.T.);
#6203 = LINE('',#6204,#6205);
#6204 = CARTESIAN_POINT('',(367.5,-182.5,1.155E+03));
#6205 = VECTOR('',#6206,1.);
#6206 = DIRECTION('',(0.,1.,0.));
#6207 = ORIENTED_EDGE('',*,*,#6142,.F.);
#6208 = PLANE('',#6209);
#6209 = AXIS2_PLACEMENT_3D('',#6210,#6211,#6212);
#6210 = CARTESIAN_POINT('',(332.5,-182.5,1.155E+03));
#6211 = DIRECTION('',(0.,0.,1.));
#6212 = DIRECTION('',(1.,0.,0.));
#6213 = ADVANCED_FACE('',(#6214),#6220,.T.);
#6214 = FACE_BOUND('',#6215,.T.);
#6215 = EDGE_LOOP('',(#6216,#6217,#6218,#6219));
#6216 = ORIENTED_EDGE('',*,*,#6070,.F.);
#6217 = ORIENTED_EDGE('',*,*,#6202,.T.);
#6218 = ORIENTED_EDGE('',*,*,#6152,.T.);
#6219 = ORIENTED_EDGE('',*,*,#6120,.F.);
#6220 = PLANE('',#6221);
#6221 = AXIS2_PLACEMENT_3D('',#6222,#6223,#6224);
#6222 = CARTESIAN_POINT('',(367.5,-182.5,1.155E+03));
#6223 = DIRECTION('',(1.,0.,0.));
#6224 = DIRECTION('',(0.,0.,1.));
#6225 = ADVANCED_FACE('',(#6226),#6242,.T.);
#6226 = FACE_BOUND('',#6227,.T.);
#6227 = EDGE_LOOP('',(#6228,#6229,#6235,#6236));
#6228 = ORIENTED_EDGE('',*,*,#6078,.F.);
#6229 = ORIENTED_EDGE('',*,*,#6230,.T.);
#6230 = EDGE_CURVE('',#6079,#6161,#6231,.T.);
#6231 = LINE('',#6232,#6233);
#6232 = CARTESIAN_POINT('',(335.5,-182.5,1.158E+03));
#6233 = VECTOR('',#6234,1.);
#6234 = DIRECTION('',(0.,1.,0.));
#6235 = ORIENTED_EDGE('',*,*,#6160,.T.);
#6236 = ORIENTED_EDGE('',*,*,#6237,.F.);
#6237 = EDGE_CURVE('',#6081,#6163,#6238,.T.);
#6238 = LINE('',#6239,#6240);
#6239 = CARTESIAN_POINT('',(335.5,-182.5,1.187E+03));
#6240 = VECTOR('',#6241,1.);
#6241 = DIRECTION('',(0.,1.,0.));
#6242 = PLANE('',#6243);
#6243 = AXIS2_PLACEMENT_3D('',#6244,#6245,#6246);
#6244 = CARTESIAN_POINT('',(335.5,-182.5,1.158E+03));
#6245 = DIRECTION('',(1.,0.,0.));
#6246 = DIRECTION('',(0.,0.,1.));
#6247 = ADVANCED_FACE('',(#6248),#6259,.F.);
#6248 = FACE_BOUND('',#6249,.F.);
#6249 = EDGE_LOOP('',(#6250,#6251,#6252,#6258));
#6250 = ORIENTED_EDGE('',*,*,#6237,.F.);
#6251 = ORIENTED_EDGE('',*,*,#6104,.T.);
#6252 = ORIENTED_EDGE('',*,*,#6253,.T.);
#6253 = EDGE_CURVE('',#6097,#6179,#6254,.T.);
#6254 = LINE('',#6255,#6256);
#6255 = CARTESIAN_POINT('',(364.5,-182.5,1.187E+03));
#6256 = VECTOR('',#6257,1.);
#6257 = DIRECTION('',(0.,1.,0.));
#6258 = ORIENTED_EDGE('',*,*,#6186,.F.);
#6259 = PLANE('',#6260);
#6260 = AXIS2_PLACEMENT_3D('',#6261,#6262,#6263);
#6261 = CARTESIAN_POINT('',(335.5,-182.5,1.187E+03));
#6262 = DIRECTION('',(0.,0.,1.));
#6263 = DIRECTION('',(1.,0.,0.));
#6264 = ADVANCED_FACE('',(#6265),#6276,.F.);
#6265 = FACE_BOUND('',#6266,.F.);
#6266 = EDGE_LOOP('',(#6267,#6268,#6274,#6275));
#6267 = ORIENTED_EDGE('',*,*,#6096,.F.);
#6268 = ORIENTED_EDGE('',*,*,#6269,.T.);
#6269 = EDGE_CURVE('',#6089,#6171,#6270,.T.);
#6270 = LINE('',#6271,#6272);
#6271 = CARTESIAN_POINT('',(364.5,-182.5,1.158E+03));
#6272 = VECTOR('',#6273,1.);
#6273 = DIRECTION('',(0.,1.,0.));
#6274 = ORIENTED_EDGE('',*,*,#6178,.T.);
#6275 = ORIENTED_EDGE('',*,*,#6253,.F.);
#6276 = PLANE('',#6277);
#6277 = AXIS2_PLACEMENT_3D('',#6278,#6279,#6280);
#6278 = CARTESIAN_POINT('',(364.5,-182.5,1.158E+03));
#6279 = DIRECTION('',(1.,0.,0.));
#6280 = DIRECTION('',(0.,0.,1.));
#6281 = ADVANCED_FACE('',(#6282),#6288,.T.);
#6282 = FACE_BOUND('',#6283,.T.);
#6283 = EDGE_LOOP('',(#6284,#6285,#6286,#6287));
#6284 = ORIENTED_EDGE('',*,*,#6230,.F.);
#6285 = ORIENTED_EDGE('',*,*,#6088,.T.);
#6286 = ORIENTED_EDGE('',*,*,#6269,.T.);
#6287 = ORIENTED_EDGE('',*,*,#6170,.F.);
#6288 = PLANE('',#6289);
#6289 = AXIS2_PLACEMENT_3D('',#6290,#6291,#6292);
#6290 = CARTESIAN_POINT('',(335.5,-182.5,1.158E+03));
#6291 = DIRECTION('',(0.,0.,1.));
#6292 = DIRECTION('',(1.,0.,0.));
#6293 = MANIFOLD_SOLID_BREP('',#6294);
#6294 = CLOSED_SHELL('',(#6295,#6403,#6502,#6560,#6618,#6703,#6734,#6758
    ,#6782,#6799,#6830,#6854,#6878,#6895,#6975,#7006,#7030,#7054,#7071,
    #7102,#7126,#7150,#7167,#7201,#7286,#7371,#7395,#7417,#7434,#7451,
    #7463,#7485,#7502,#7519,#7531,#7553,#7570,#7587,#7599,#7621,#7638,
    #7655));
#6295 = ADVANCED_FACE('',(#6296,#6330,#6364),#6398,.F.);
#6296 = FACE_BOUND('',#6297,.F.);
#6297 = EDGE_LOOP('',(#6298,#6308,#6316,#6324));
#6298 = ORIENTED_EDGE('',*,*,#6299,.F.);
#6299 = EDGE_CURVE('',#6300,#6302,#6304,.T.);
#6300 = VERTEX_POINT('',#6301);
#6301 = CARTESIAN_POINT('',(-326.5,-326.5,202.));
#6302 = VERTEX_POINT('',#6303);
#6303 = CARTESIAN_POINT('',(-326.5,-326.5,445.));
#6304 = LINE('',#6305,#6306);
#6305 = CARTESIAN_POINT('',(-326.5,-326.5,202.));
#6306 = VECTOR('',#6307,1.);
#6307 = DIRECTION('',(0.,0.,1.));
#6308 = ORIENTED_EDGE('',*,*,#6309,.T.);
#6309 = EDGE_CURVE('',#6300,#6310,#6312,.T.);
#6310 = VERTEX_POINT('',#6311);
#6311 = CARTESIAN_POINT('',(-326.5,326.5,202.));
#6312 = LINE('',#6313,#6314);
#6313 = CARTESIAN_POINT('',(-326.5,-326.5,202.));
#6314 = VECTOR('',#6315,1.);
#6315 = DIRECTION('',(0.,1.,0.));
#6316 = ORIENTED_EDGE('',*,*,#6317,.T.);
#6317 = EDGE_CURVE('',#6310,#6318,#6320,.T.);
#6318 = VERTEX_POINT('',#6319);
#6319 = CARTESIAN_POINT('',(-326.5,326.5,445.));
#6320 = LINE('',#6321,#6322);
#6321 = CARTESIAN_POINT('',(-326.5,326.5,202.));
#6322 = VECTOR('',#6323,1.);
#6323 = DIRECTION('',(0.,0.,1.));
#6324 = ORIENTED_EDGE('',*,*,#6325,.F.);
#6325 = EDGE_CURVE('',#6302,#6318,#6326,.T.);
#6326 = LINE('',#6327,#6328);
#6327 = CARTESIAN_POINT('',(-326.5,-326.5,445.));
#6328 = VECTOR('',#6329,1.);
#6329 = DIRECTION('',(0.,1.,0.));
#6330 = FACE_BOUND('',#6331,.F.);
#6331 = EDGE_LOOP('',(#6332,#6342,#6350,#6358));
#6332 = ORIENTED_EDGE('',*,*,#6333,.F.);
#6333 = EDGE_CURVE('',#6334,#6336,#6338,.T.);
#6334 = VERTEX_POINT('',#6335);
#6335 = CARTESIAN_POINT('',(-326.5,240.,370.));
#6336 = VERTEX_POINT('',#6337);
#6337 = CARTESIAN_POINT('',(-326.5,80.,370.));
#6338 = LINE('',#6339,#6340);
#6339 = CARTESIAN_POINT('',(-326.5,-43.25,370.));
#6340 = VECTOR('',#6341,1.);
#6341 = DIRECTION('',(0.,-1.,0.));
#6342 = ORIENTED_EDGE('',*,*,#6343,.T.);
#6343 = EDGE_CURVE('',#6334,#6344,#6346,.T.);
#6344 = VERTEX_POINT('',#6345);
#6345 = CARTESIAN_POINT('',(-326.5,240.,230.));
#6346 = LINE('',#6347,#6348);
#6347 = CARTESIAN_POINT('',(-326.5,240.,216.));
#6348 = VECTOR('',#6349,1.);
#6349 = DIRECTION('',(0.,0.,-1.));
#6350 = ORIENTED_EDGE('',*,*,#6351,.T.);
#6351 = EDGE_CURVE('',#6344,#6352,#6354,.T.);
#6352 = VERTEX_POINT('',#6353);
#6353 = CARTESIAN_POINT('',(-326.5,80.,230.));
#6354 = LINE('',#6355,#6356);
#6355 = CARTESIAN_POINT('',(-326.5,-43.25,230.));
#6356 = VECTOR('',#6357,1.);
#6357 = DIRECTION('',(0.,-1.,0.));
#6358 = ORIENTED_EDGE('',*,*,#6359,.F.);
#6359 = EDGE_CURVE('',#6336,#6352,#6360,.T.);
#6360 = LINE('',#6361,#6362);
#6361 = CARTESIAN_POINT('',(-326.5,80.,216.));
#6362 = VECTOR('',#6363,1.);
#6363 = DIRECTION('',(0.,0.,-1.));
#6364 = FACE_BOUND('',#6365,.F.);
#6365 = EDGE_LOOP('',(#6366,#6376,#6384,#6392));
#6366 = ORIENTED_EDGE('',*,*,#6367,.F.);
#6367 = EDGE_CURVE('',#6368,#6370,#6372,.T.);
#6368 = VERTEX_POINT('',#6369);
#6369 = CARTESIAN_POINT('',(-326.5,-80.,370.));
#6370 = VERTEX_POINT('',#6371);
#6371 = CARTESIAN_POINT('',(-326.5,-240.,370.));
#6372 = LINE('',#6373,#6374);
#6373 = CARTESIAN_POINT('',(-326.5,-203.25,370.));
#6374 = VECTOR('',#6375,1.);
#6375 = DIRECTION('',(0.,-1.,0.));
#6376 = ORIENTED_EDGE('',*,*,#6377,.T.);
#6377 = EDGE_CURVE('',#6368,#6378,#6380,.T.);
#6378 = VERTEX_POINT('',#6379);
#6379 = CARTESIAN_POINT('',(-326.5,-80.,230.));
#6380 = LINE('',#6381,#6382);
#6381 = CARTESIAN_POINT('',(-326.5,-80.,216.));
#6382 = VECTOR('',#6383,1.);
#6383 = DIRECTION('',(0.,0.,-1.));
#6384 = ORIENTED_EDGE('',*,*,#6385,.T.);
#6385 = EDGE_CURVE('',#6378,#6386,#6388,.T.);
#6386 = VERTEX_POINT('',#6387);
#6387 = CARTESIAN_POINT('',(-326.5,-240.,230.));
#6388 = LINE('',#6389,#6390);
#6389 = CARTESIAN_POINT('',(-326.5,-203.25,230.));
#6390 = VECTOR('',#6391,1.);
#6391 = DIRECTION('',(0.,-1.,0.));
#6392 = ORIENTED_EDGE('',*,*,#6393,.F.);
#6393 = EDGE_CURVE('',#6370,#6386,#6394,.T.);
#6394 = LINE('',#6395,#6396);
#6395 = CARTESIAN_POINT('',(-326.5,-240.,216.));
#6396 = VECTOR('',#6397,1.);
#6397 = DIRECTION('',(0.,0.,-1.));
#6398 = PLANE('',#6399);
#6399 = AXIS2_PLACEMENT_3D('',#6400,#6401,#6402);
#6400 = CARTESIAN_POINT('',(-326.5,-326.5,202.));
#6401 = DIRECTION('',(1.,0.,0.));
#6402 = DIRECTION('',(0.,0.,1.));
#6403 = ADVANCED_FACE('',(#6404,#6429,#6463),#6497,.F.);
#6404 = FACE_BOUND('',#6405,.F.);
#6405 = EDGE_LOOP('',(#6406,#6414,#6415,#6423));
#6406 = ORIENTED_EDGE('',*,*,#6407,.F.);
#6407 = EDGE_CURVE('',#6300,#6408,#6410,.T.);
#6408 = VERTEX_POINT('',#6409);
#6409 = CARTESIAN_POINT('',(326.5,-326.5,202.));
#6410 = LINE('',#6411,#6412);
#6411 = CARTESIAN_POINT('',(-326.5,-326.5,202.));
#6412 = VECTOR('',#6413,1.);
#6413 = DIRECTION('',(1.,0.,0.));
#6414 = ORIENTED_EDGE('',*,*,#6299,.T.);
#6415 = ORIENTED_EDGE('',*,*,#6416,.T.);
#6416 = EDGE_CURVE('',#6302,#6417,#6419,.T.);
#6417 = VERTEX_POINT('',#6418);
#6418 = CARTESIAN_POINT('',(326.5,-326.5,445.));
#6419 = LINE('',#6420,#6421);
#6420 = CARTESIAN_POINT('',(-326.5,-326.5,445.));
#6421 = VECTOR('',#6422,1.);
#6422 = DIRECTION('',(1.,0.,0.));
#6423 = ORIENTED_EDGE('',*,*,#6424,.F.);
#6424 = EDGE_CURVE('',#6408,#6417,#6425,.T.);
#6425 = LINE('',#6426,#6427);
#6426 = CARTESIAN_POINT('',(326.5,-326.5,202.));
#6427 = VECTOR('',#6428,1.);
#6428 = DIRECTION('',(0.,0.,1.));
#6429 = FACE_BOUND('',#6430,.F.);
#6430 = EDGE_LOOP('',(#6431,#6441,#6449,#6457));
#6431 = ORIENTED_EDGE('',*,*,#6432,.F.);
#6432 = EDGE_CURVE('',#6433,#6435,#6437,.T.);
#6433 = VERTEX_POINT('',#6434);
#6434 = CARTESIAN_POINT('',(-240.,-326.5,370.));
#6435 = VERTEX_POINT('',#6436);
#6436 = CARTESIAN_POINT('',(-80.,-326.5,370.));
#6437 = LINE('',#6438,#6439);
#6438 = CARTESIAN_POINT('',(-283.25,-326.5,370.));
#6439 = VECTOR('',#6440,1.);
#6440 = DIRECTION('',(1.,0.,0.));
#6441 = ORIENTED_EDGE('',*,*,#6442,.T.);
#6442 = EDGE_CURVE('',#6433,#6443,#6445,.T.);
#6443 = VERTEX_POINT('',#6444);
#6444 = CARTESIAN_POINT('',(-240.,-326.5,230.));
#6445 = LINE('',#6446,#6447);
#6446 = CARTESIAN_POINT('',(-240.,-326.5,216.));
#6447 = VECTOR('',#6448,1.);
#6448 = DIRECTION('',(0.,0.,-1.));
#6449 = ORIENTED_EDGE('',*,*,#6450,.T.);
#6450 = EDGE_CURVE('',#6443,#6451,#6453,.T.);
#6451 = VERTEX_POINT('',#6452);
#6452 = CARTESIAN_POINT('',(-80.,-326.5,230.));
#6453 = LINE('',#6454,#6455);
#6454 = CARTESIAN_POINT('',(-283.25,-326.5,230.));
#6455 = VECTOR('',#6456,1.);
#6456 = DIRECTION('',(1.,0.,0.));
#6457 = ORIENTED_EDGE('',*,*,#6458,.F.);
#6458 = EDGE_CURVE('',#6435,#6451,#6459,.T.);
#6459 = LINE('',#6460,#6461);
#6460 = CARTESIAN_POINT('',(-80.,-326.5,216.));
#6461 = VECTOR('',#6462,1.);
#6462 = DIRECTION('',(0.,0.,-1.));
#6463 = FACE_BOUND('',#6464,.F.);
#6464 = EDGE_LOOP('',(#6465,#6475,#6483,#6491));
#6465 = ORIENTED_EDGE('',*,*,#6466,.F.);
#6466 = EDGE_CURVE('',#6467,#6469,#6471,.T.);
#6467 = VERTEX_POINT('',#6468);
#6468 = CARTESIAN_POINT('',(80.,-326.5,370.));
#6469 = VERTEX_POINT('',#6470);
#6470 = CARTESIAN_POINT('',(240.,-326.5,370.));
#6471 = LINE('',#6472,#6473);
#6472 = CARTESIAN_POINT('',(-123.25,-326.5,370.));
#6473 = VECTOR('',#6474,1.);
#6474 = DIRECTION('',(1.,0.,0.));
#6475 = ORIENTED_EDGE('',*,*,#6476,.T.);
#6476 = EDGE_CURVE('',#6467,#6477,#6479,.T.);
#6477 = VERTEX_POINT('',#6478);
#6478 = CARTESIAN_POINT('',(80.,-326.5,230.));
#6479 = LINE('',#6480,#6481);
#6480 = CARTESIAN_POINT('',(80.,-326.5,216.));
#6481 = VECTOR('',#6482,1.);
#6482 = DIRECTION('',(0.,0.,-1.));
#6483 = ORIENTED_EDGE('',*,*,#6484,.T.);
#6484 = EDGE_CURVE('',#6477,#6485,#6487,.T.);
#6485 = VERTEX_POINT('',#6486);
#6486 = CARTESIAN_POINT('',(240.,-326.5,230.));
#6487 = LINE('',#6488,#6489);
#6488 = CARTESIAN_POINT('',(-123.25,-326.5,230.));
#6489 = VECTOR('',#6490,1.);
#6490 = DIRECTION('',(1.,0.,0.));
#6491 = ORIENTED_EDGE('',*,*,#6492,.F.);
#6492 = EDGE_CURVE('',#6469,#6485,#6493,.T.);
#6493 = LINE('',#6494,#6495);
#6494 = CARTESIAN_POINT('',(240.,-326.5,216.));
#6495 = VECTOR('',#6496,1.);
#6496 = DIRECTION('',(0.,0.,-1.));
#6497 = PLANE('',#6498);
#6498 = AXIS2_PLACEMENT_3D('',#6499,#6500,#6501);
#6499 = CARTESIAN_POINT('',(-326.5,-326.5,202.));
#6500 = DIRECTION('',(0.,1.,0.));
#6501 = DIRECTION('',(0.,0.,1.));
#6502 = ADVANCED_FACE('',(#6503,#6521),#6555,.T.);
#6503 = FACE_BOUND('',#6504,.T.);
#6504 = EDGE_LOOP('',(#6505,#6506,#6507,#6515));
#6505 = ORIENTED_EDGE('',*,*,#6325,.F.);
#6506 = ORIENTED_EDGE('',*,*,#6416,.T.);
#6507 = ORIENTED_EDGE('',*,*,#6508,.T.);
#6508 = EDGE_CURVE('',#6417,#6509,#6511,.T.);
#6509 = VERTEX_POINT('',#6510);
#6510 = CARTESIAN_POINT('',(326.5,326.5,445.));
#6511 = LINE('',#6512,#6513);
#6512 = CARTESIAN_POINT('',(326.5,-326.5,445.));
#6513 = VECTOR('',#6514,1.);
#6514 = DIRECTION('',(0.,1.,0.));
#6515 = ORIENTED_EDGE('',*,*,#6516,.F.);
#6516 = EDGE_CURVE('',#6318,#6509,#6517,.T.);
#6517 = LINE('',#6518,#6519);
#6518 = CARTESIAN_POINT('',(-326.5,326.5,445.));
#6519 = VECTOR('',#6520,1.);
#6520 = DIRECTION('',(1.,0.,0.));
#6521 = FACE_BOUND('',#6522,.T.);
#6522 = EDGE_LOOP('',(#6523,#6533,#6541,#6549));
#6523 = ORIENTED_EDGE('',*,*,#6524,.F.);
#6524 = EDGE_CURVE('',#6525,#6527,#6529,.T.);
#6525 = VERTEX_POINT('',#6526);
#6526 = CARTESIAN_POINT('',(-324.5,-324.5,445.));
#6527 = VERTEX_POINT('',#6528);
#6528 = CARTESIAN_POINT('',(324.5,-324.5,445.));
#6529 = LINE('',#6530,#6531);
#6530 = CARTESIAN_POINT('',(-324.5,-324.5,445.));
#6531 = VECTOR('',#6532,1.);
#6532 = DIRECTION('',(1.,0.,0.));
#6533 = ORIENTED_EDGE('',*,*,#6534,.T.);
#6534 = EDGE_CURVE('',#6525,#6535,#6537,.T.);
#6535 = VERTEX_POINT('',#6536);
#6536 = CARTESIAN_POINT('',(-324.5,324.5,445.));
#6537 = LINE('',#6538,#6539);
#6538 = CARTESIAN_POINT('',(-324.5,-324.5,445.));
#6539 = VECTOR('',#6540,1.);
#6540 = DIRECTION('',(0.,1.,0.));
#6541 = ORIENTED_EDGE('',*,*,#6542,.T.);
#6542 = EDGE_CURVE('',#6535,#6543,#6545,.T.);
#6543 = VERTEX_POINT('',#6544);
#6544 = CARTESIAN_POINT('',(324.5,324.5,445.));
#6545 = LINE('',#6546,#6547);
#6546 = CARTESIAN_POINT('',(-324.5,324.5,445.));
#6547 = VECTOR('',#6548,1.);
#6548 = DIRECTION('',(1.,0.,0.));
#6549 = ORIENTED_EDGE('',*,*,#6550,.F.);
#6550 = EDGE_CURVE('',#6527,#6543,#6551,.T.);
#6551 = LINE('',#6552,#6553);
#6552 = CARTESIAN_POINT('',(324.5,-324.5,445.));
#6553 = VECTOR('',#6554,1.);
#6554 = DIRECTION('',(0.,1.,0.));
#6555 = PLANE('',#6556);
#6556 = AXIS2_PLACEMENT_3D('',#6557,#6558,#6559);
#6557 = CARTESIAN_POINT('',(-326.5,-326.5,445.));
#6558 = DIRECTION('',(0.,0.,1.));
#6559 = DIRECTION('',(1.,0.,0.));
#6560 = ADVANCED_FACE('',(#6561,#6579),#6613,.F.);
#6561 = FACE_BOUND('',#6562,.F.);
#6562 = EDGE_LOOP('',(#6563,#6564,#6565,#6573));
#6563 = ORIENTED_EDGE('',*,*,#6309,.F.);
#6564 = ORIENTED_EDGE('',*,*,#6407,.T.);
#6565 = ORIENTED_EDGE('',*,*,#6566,.T.);
#6566 = EDGE_CURVE('',#6408,#6567,#6569,.T.);
#6567 = VERTEX_POINT('',#6568);
#6568 = CARTESIAN_POINT('',(326.5,326.5,202.));
#6569 = LINE('',#6570,#6571);
#6570 = CARTESIAN_POINT('',(326.5,-326.5,202.));
#6571 = VECTOR('',#6572,1.);
#6572 = DIRECTION('',(0.,1.,0.));
#6573 = ORIENTED_EDGE('',*,*,#6574,.F.);
#6574 = EDGE_CURVE('',#6310,#6567,#6575,.T.);
#6575 = LINE('',#6576,#6577);
#6576 = CARTESIAN_POINT('',(-326.5,326.5,202.));
#6577 = VECTOR('',#6578,1.);
#6578 = DIRECTION('',(1.,0.,0.));
#6579 = FACE_BOUND('',#6580,.F.);
#6580 = EDGE_LOOP('',(#6581,#6591,#6599,#6607));
#6581 = ORIENTED_EDGE('',*,*,#6582,.F.);
#6582 = EDGE_CURVE('',#6583,#6585,#6587,.T.);
#6583 = VERTEX_POINT('',#6584);
#6584 = CARTESIAN_POINT('',(-324.5,-324.5,202.));
#6585 = VERTEX_POINT('',#6586);
#6586 = CARTESIAN_POINT('',(324.5,-324.5,202.));
#6587 = LINE('',#6588,#6589);
#6588 = CARTESIAN_POINT('',(-324.5,-324.5,202.));
#6589 = VECTOR('',#6590,1.);
#6590 = DIRECTION('',(1.,0.,0.));
#6591 = ORIENTED_EDGE('',*,*,#6592,.T.);
#6592 = EDGE_CURVE('',#6583,#6593,#6595,.T.);
#6593 = VERTEX_POINT('',#6594);
#6594 = CARTESIAN_POINT('',(-324.5,324.5,202.));
#6595 = LINE('',#6596,#6597);
#6596 = CARTESIAN_POINT('',(-324.5,-324.5,202.));
#6597 = VECTOR('',#6598,1.);
#6598 = DIRECTION('',(0.,1.,0.));
#6599 = ORIENTED_EDGE('',*,*,#6600,.T.);
#6600 = EDGE_CURVE('',#6593,#6601,#6603,.T.);
#6601 = VERTEX_POINT('',#6602);
#6602 = CARTESIAN_POINT('',(324.5,324.5,202.));
#6603 = LINE('',#6604,#6605);
#6604 = CARTESIAN_POINT('',(-324.5,324.5,202.));
#6605 = VECTOR('',#6606,1.);
#6606 = DIRECTION('',(1.,0.,0.));
#6607 = ORIENTED_EDGE('',*,*,#6608,.F.);
#6608 = EDGE_CURVE('',#6585,#6601,#6609,.T.);
#6609 = LINE('',#6610,#6611);
#6610 = CARTESIAN_POINT('',(324.5,-324.5,202.));
#6611 = VECTOR('',#6612,1.);
#6612 = DIRECTION('',(0.,1.,0.));
#6613 = PLANE('',#6614);
#6614 = AXIS2_PLACEMENT_3D('',#6615,#6616,#6617);
#6615 = CARTESIAN_POINT('',(-326.5,-326.5,202.));
#6616 = DIRECTION('',(0.,0.,1.));
#6617 = DIRECTION('',(1.,0.,0.));
#6618 = ADVANCED_FACE('',(#6619,#6630,#6664),#6698,.T.);
#6619 = FACE_BOUND('',#6620,.T.);
#6620 = EDGE_LOOP('',(#6621,#6622,#6623,#6624));
#6621 = ORIENTED_EDGE('',*,*,#6574,.F.);
#6622 = ORIENTED_EDGE('',*,*,#6317,.T.);
#6623 = ORIENTED_EDGE('',*,*,#6516,.T.);
#6624 = ORIENTED_EDGE('',*,*,#6625,.F.);
#6625 = EDGE_CURVE('',#6567,#6509,#6626,.T.);
#6626 = LINE('',#6627,#6628);
#6627 = CARTESIAN_POINT('',(326.5,326.5,202.));
#6628 = VECTOR('',#6629,1.);
#6629 = DIRECTION('',(0.,0.,1.));
#6630 = FACE_BOUND('',#6631,.T.);
#6631 = EDGE_LOOP('',(#6632,#6642,#6650,#6658));
#6632 = ORIENTED_EDGE('',*,*,#6633,.T.);
#6633 = EDGE_CURVE('',#6634,#6636,#6638,.T.);
#6634 = VERTEX_POINT('',#6635);
#6635 = CARTESIAN_POINT('',(-240.,326.5,230.));
#6636 = VERTEX_POINT('',#6637);
#6637 = CARTESIAN_POINT('',(-80.,326.5,230.));
#6638 = LINE('',#6639,#6640);
#6639 = CARTESIAN_POINT('',(-203.25,326.5,230.));
#6640 = VECTOR('',#6641,1.);
#6641 = DIRECTION('',(1.,0.,0.));
#6642 = ORIENTED_EDGE('',*,*,#6643,.T.);
#6643 = EDGE_CURVE('',#6636,#6644,#6646,.T.);
#6644 = VERTEX_POINT('',#6645);
#6645 = CARTESIAN_POINT('',(-80.,326.5,370.));
#6646 = LINE('',#6647,#6648);
#6647 = CARTESIAN_POINT('',(-80.,326.5,216.));
#6648 = VECTOR('',#6649,1.);
#6649 = DIRECTION('',(0.,0.,1.));
#6650 = ORIENTED_EDGE('',*,*,#6651,.F.);
#6651 = EDGE_CURVE('',#6652,#6644,#6654,.T.);
#6652 = VERTEX_POINT('',#6653);
#6653 = CARTESIAN_POINT('',(-240.,326.5,370.));
#6654 = LINE('',#6655,#6656);
#6655 = CARTESIAN_POINT('',(-203.25,326.5,370.));
#6656 = VECTOR('',#6657,1.);
#6657 = DIRECTION('',(1.,0.,0.));
#6658 = ORIENTED_EDGE('',*,*,#6659,.F.);
#6659 = EDGE_CURVE('',#6634,#6652,#6660,.T.);
#6660 = LINE('',#6661,#6662);
#6661 = CARTESIAN_POINT('',(-240.,326.5,216.));
#6662 = VECTOR('',#6663,1.);
#6663 = DIRECTION('',(0.,0.,1.));
#6664 = FACE_BOUND('',#6665,.T.);
#6665 = EDGE_LOOP('',(#6666,#6676,#6684,#6692));
#6666 = ORIENTED_EDGE('',*,*,#6667,.T.);
#6667 = EDGE_CURVE('',#6668,#6670,#6672,.T.);
#6668 = VERTEX_POINT('',#6669);
#6669 = CARTESIAN_POINT('',(80.,326.5,230.));
#6670 = VERTEX_POINT('',#6671);
#6671 = CARTESIAN_POINT('',(240.,326.5,230.));
#6672 = LINE('',#6673,#6674);
#6673 = CARTESIAN_POINT('',(-43.25,326.5,230.));
#6674 = VECTOR('',#6675,1.);
#6675 = DIRECTION('',(1.,0.,0.));
#6676 = ORIENTED_EDGE('',*,*,#6677,.T.);
#6677 = EDGE_CURVE('',#6670,#6678,#6680,.T.);
#6678 = VERTEX_POINT('',#6679);
#6679 = CARTESIAN_POINT('',(240.,326.5,370.));
#6680 = LINE('',#6681,#6682);
#6681 = CARTESIAN_POINT('',(240.,326.5,216.));
#6682 = VECTOR('',#6683,1.);
#6683 = DIRECTION('',(0.,0.,1.));
#6684 = ORIENTED_EDGE('',*,*,#6685,.F.);
#6685 = EDGE_CURVE('',#6686,#6678,#6688,.T.);
#6686 = VERTEX_POINT('',#6687);
#6687 = CARTESIAN_POINT('',(80.,326.5,370.));
#6688 = LINE('',#6689,#6690);
#6689 = CARTESIAN_POINT('',(-43.25,326.5,370.));
#6690 = VECTOR('',#6691,1.);
#6691 = DIRECTION('',(1.,0.,0.));
#6692 = ORIENTED_EDGE('',*,*,#6693,.F.);
#6693 = EDGE_CURVE('',#6668,#6686,#6694,.T.);
#6694 = LINE('',#6695,#6696);
#6695 = CARTESIAN_POINT('',(80.,326.5,216.));
#6696 = VECTOR('',#6697,1.);
#6697 = DIRECTION('',(0.,0.,1.));
#6698 = PLANE('',#6699);
#6699 = AXIS2_PLACEMENT_3D('',#6700,#6701,#6702);
#6700 = CARTESIAN_POINT('',(-326.5,326.5,202.));
#6701 = DIRECTION('',(0.,1.,0.));
#6702 = DIRECTION('',(0.,0.,1.));
#6703 = ADVANCED_FACE('',(#6704),#6729,.F.);
#6704 = FACE_BOUND('',#6705,.F.);
#6705 = EDGE_LOOP('',(#6706,#6714,#6715,#6723));
#6706 = ORIENTED_EDGE('',*,*,#6707,.F.);
#6707 = EDGE_CURVE('',#6334,#6708,#6710,.T.);
#6708 = VERTEX_POINT('',#6709);
#6709 = CARTESIAN_POINT('',(-324.5,240.,370.));
#6710 = LINE('',#6711,#6712);
#6711 = CARTESIAN_POINT('',(-330.5,240.,370.));
#6712 = VECTOR('',#6713,1.);
#6713 = DIRECTION('',(1.,0.,0.));
#6714 = ORIENTED_EDGE('',*,*,#6333,.T.);
#6715 = ORIENTED_EDGE('',*,*,#6716,.T.);
#6716 = EDGE_CURVE('',#6336,#6717,#6719,.T.);
#6717 = VERTEX_POINT('',#6718);
#6718 = CARTESIAN_POINT('',(-324.5,80.,370.));
#6719 = LINE('',#6720,#6721);
#6720 = CARTESIAN_POINT('',(-330.5,80.,370.));
#6721 = VECTOR('',#6722,1.);
#6722 = DIRECTION('',(1.,0.,0.));
#6723 = ORIENTED_EDGE('',*,*,#6724,.F.);
#6724 = EDGE_CURVE('',#6708,#6717,#6725,.T.);
#6725 = LINE('',#6726,#6727);
#6726 = CARTESIAN_POINT('',(-324.5,-42.25,370.));
#6727 = VECTOR('',#6728,1.);
#6728 = DIRECTION('',(0.,-1.,0.));
#6729 = PLANE('',#6730);
#6730 = AXIS2_PLACEMENT_3D('',#6731,#6732,#6733);
#6731 = CARTESIAN_POINT('',(-330.5,240.,370.));
#6732 = DIRECTION('',(0.,0.,1.));
#6733 = DIRECTION('',(0.,-1.,0.));
#6734 = ADVANCED_FACE('',(#6735),#6753,.T.);
#6735 = FACE_BOUND('',#6736,.T.);
#6736 = EDGE_LOOP('',(#6737,#6738,#6739,#6747));
#6737 = ORIENTED_EDGE('',*,*,#6707,.F.);
#6738 = ORIENTED_EDGE('',*,*,#6343,.T.);
#6739 = ORIENTED_EDGE('',*,*,#6740,.T.);
#6740 = EDGE_CURVE('',#6344,#6741,#6743,.T.);
#6741 = VERTEX_POINT('',#6742);
#6742 = CARTESIAN_POINT('',(-324.5,240.,230.));
#6743 = LINE('',#6744,#6745);
#6744 = CARTESIAN_POINT('',(-330.5,240.,230.));
#6745 = VECTOR('',#6746,1.);
#6746 = DIRECTION('',(1.,0.,0.));
#6747 = ORIENTED_EDGE('',*,*,#6748,.F.);
#6748 = EDGE_CURVE('',#6708,#6741,#6749,.T.);
#6749 = LINE('',#6750,#6751);
#6750 = CARTESIAN_POINT('',(-324.5,240.,216.));
#6751 = VECTOR('',#6752,1.);
#6752 = DIRECTION('',(0.,0.,-1.));
#6753 = PLANE('',#6754);
#6754 = AXIS2_PLACEMENT_3D('',#6755,#6756,#6757);
#6755 = CARTESIAN_POINT('',(-330.5,240.,230.));
#6756 = DIRECTION('',(0.,-1.,0.));
#6757 = DIRECTION('',(0.,0.,1.));
#6758 = ADVANCED_FACE('',(#6759),#6777,.F.);
#6759 = FACE_BOUND('',#6760,.F.);
#6760 = EDGE_LOOP('',(#6761,#6762,#6763,#6771));
#6761 = ORIENTED_EDGE('',*,*,#6716,.F.);
#6762 = ORIENTED_EDGE('',*,*,#6359,.T.);
#6763 = ORIENTED_EDGE('',*,*,#6764,.T.);
#6764 = EDGE_CURVE('',#6352,#6765,#6767,.T.);
#6765 = VERTEX_POINT('',#6766);
#6766 = CARTESIAN_POINT('',(-324.5,80.,230.));
#6767 = LINE('',#6768,#6769);
#6768 = CARTESIAN_POINT('',(-330.5,80.,230.));
#6769 = VECTOR('',#6770,1.);
#6770 = DIRECTION('',(1.,0.,0.));
#6771 = ORIENTED_EDGE('',*,*,#6772,.F.);
#6772 = EDGE_CURVE('',#6717,#6765,#6773,.T.);
#6773 = LINE('',#6774,#6775);
#6774 = CARTESIAN_POINT('',(-324.5,80.,216.));
#6775 = VECTOR('',#6776,1.);
#6776 = DIRECTION('',(0.,0.,-1.));
#6777 = PLANE('',#6778);
#6778 = AXIS2_PLACEMENT_3D('',#6779,#6780,#6781);
#6779 = CARTESIAN_POINT('',(-330.5,80.,230.));
#6780 = DIRECTION('',(0.,-1.,0.));
#6781 = DIRECTION('',(0.,0.,1.));
#6782 = ADVANCED_FACE('',(#6783),#6794,.T.);
#6783 = FACE_BOUND('',#6784,.T.);
#6784 = EDGE_LOOP('',(#6785,#6786,#6787,#6788));
#6785 = ORIENTED_EDGE('',*,*,#6740,.F.);
#6786 = ORIENTED_EDGE('',*,*,#6351,.T.);
#6787 = ORIENTED_EDGE('',*,*,#6764,.T.);
#6788 = ORIENTED_EDGE('',*,*,#6789,.F.);
#6789 = EDGE_CURVE('',#6741,#6765,#6790,.T.);
#6790 = LINE('',#6791,#6792);
#6791 = CARTESIAN_POINT('',(-324.5,-42.25,230.));
#6792 = VECTOR('',#6793,1.);
#6793 = DIRECTION('',(0.,-1.,0.));
#6794 = PLANE('',#6795);
#6795 = AXIS2_PLACEMENT_3D('',#6796,#6797,#6798);
#6796 = CARTESIAN_POINT('',(-330.5,240.,230.));
#6797 = DIRECTION('',(0.,0.,1.));
#6798 = DIRECTION('',(0.,-1.,0.));
#6799 = ADVANCED_FACE('',(#6800),#6825,.F.);
#6800 = FACE_BOUND('',#6801,.F.);
#6801 = EDGE_LOOP('',(#6802,#6810,#6811,#6819));
#6802 = ORIENTED_EDGE('',*,*,#6803,.F.);
#6803 = EDGE_CURVE('',#6368,#6804,#6806,.T.);
#6804 = VERTEX_POINT('',#6805);
#6805 = CARTESIAN_POINT('',(-324.5,-80.,370.));
#6806 = LINE('',#6807,#6808);
#6807 = CARTESIAN_POINT('',(-330.5,-80.,370.));
#6808 = VECTOR('',#6809,1.);
#6809 = DIRECTION('',(1.,0.,0.));
#6810 = ORIENTED_EDGE('',*,*,#6367,.T.);
#6811 = ORIENTED_EDGE('',*,*,#6812,.T.);
#6812 = EDGE_CURVE('',#6370,#6813,#6815,.T.);
#6813 = VERTEX_POINT('',#6814);
#6814 = CARTESIAN_POINT('',(-324.5,-240.,370.));
#6815 = LINE('',#6816,#6817);
#6816 = CARTESIAN_POINT('',(-330.5,-240.,370.));
#6817 = VECTOR('',#6818,1.);
#6818 = DIRECTION('',(1.,0.,0.));
#6819 = ORIENTED_EDGE('',*,*,#6820,.F.);
#6820 = EDGE_CURVE('',#6804,#6813,#6821,.T.);
#6821 = LINE('',#6822,#6823);
#6822 = CARTESIAN_POINT('',(-324.5,-202.25,370.));
#6823 = VECTOR('',#6824,1.);
#6824 = DIRECTION('',(0.,-1.,0.));
#6825 = PLANE('',#6826);
#6826 = AXIS2_PLACEMENT_3D('',#6827,#6828,#6829);
#6827 = CARTESIAN_POINT('',(-330.5,-80.,370.));
#6828 = DIRECTION('',(0.,0.,1.));
#6829 = DIRECTION('',(0.,-1.,0.));
#6830 = ADVANCED_FACE('',(#6831),#6849,.F.);
#6831 = FACE_BOUND('',#6832,.F.);
#6832 = EDGE_LOOP('',(#6833,#6834,#6835,#6843));
#6833 = ORIENTED_EDGE('',*,*,#6812,.F.);
#6834 = ORIENTED_EDGE('',*,*,#6393,.T.);
#6835 = ORIENTED_EDGE('',*,*,#6836,.T.);
#6836 = EDGE_CURVE('',#6386,#6837,#6839,.T.);
#6837 = VERTEX_POINT('',#6838);
#6838 = CARTESIAN_POINT('',(-324.5,-240.,230.));
#6839 = LINE('',#6840,#6841);
#6840 = CARTESIAN_POINT('',(-330.5,-240.,230.));
#6841 = VECTOR('',#6842,1.);
#6842 = DIRECTION('',(1.,0.,0.));
#6843 = ORIENTED_EDGE('',*,*,#6844,.F.);
#6844 = EDGE_CURVE('',#6813,#6837,#6845,.T.);
#6845 = LINE('',#6846,#6847);
#6846 = CARTESIAN_POINT('',(-324.5,-240.,216.));
#6847 = VECTOR('',#6848,1.);
#6848 = DIRECTION('',(0.,0.,-1.));
#6849 = PLANE('',#6850);
#6850 = AXIS2_PLACEMENT_3D('',#6851,#6852,#6853);
#6851 = CARTESIAN_POINT('',(-330.5,-240.,230.));
#6852 = DIRECTION('',(0.,-1.,0.));
#6853 = DIRECTION('',(0.,0.,1.));
#6854 = ADVANCED_FACE('',(#6855),#6873,.T.);
#6855 = FACE_BOUND('',#6856,.T.);
#6856 = EDGE_LOOP('',(#6857,#6865,#6866,#6867));
#6857 = ORIENTED_EDGE('',*,*,#6858,.F.);
#6858 = EDGE_CURVE('',#6378,#6859,#6861,.T.);
#6859 = VERTEX_POINT('',#6860);
#6860 = CARTESIAN_POINT('',(-324.5,-80.,230.));
#6861 = LINE('',#6862,#6863);
#6862 = CARTESIAN_POINT('',(-330.5,-80.,230.));
#6863 = VECTOR('',#6864,1.);
#6864 = DIRECTION('',(1.,0.,0.));
#6865 = ORIENTED_EDGE('',*,*,#6385,.T.);
#6866 = ORIENTED_EDGE('',*,*,#6836,.T.);
#6867 = ORIENTED_EDGE('',*,*,#6868,.F.);
#6868 = EDGE_CURVE('',#6859,#6837,#6869,.T.);
#6869 = LINE('',#6870,#6871);
#6870 = CARTESIAN_POINT('',(-324.5,-202.25,230.));
#6871 = VECTOR('',#6872,1.);
#6872 = DIRECTION('',(0.,-1.,0.));
#6873 = PLANE('',#6874);
#6874 = AXIS2_PLACEMENT_3D('',#6875,#6876,#6877);
#6875 = CARTESIAN_POINT('',(-330.5,-80.,230.));
#6876 = DIRECTION('',(0.,0.,1.));
#6877 = DIRECTION('',(0.,-1.,0.));
#6878 = ADVANCED_FACE('',(#6879),#6890,.T.);
#6879 = FACE_BOUND('',#6880,.T.);
#6880 = EDGE_LOOP('',(#6881,#6882,#6883,#6884));
#6881 = ORIENTED_EDGE('',*,*,#6803,.F.);
#6882 = ORIENTED_EDGE('',*,*,#6377,.T.);
#6883 = ORIENTED_EDGE('',*,*,#6858,.T.);
#6884 = ORIENTED_EDGE('',*,*,#6885,.F.);
#6885 = EDGE_CURVE('',#6804,#6859,#6886,.T.);
#6886 = LINE('',#6887,#6888);
#6887 = CARTESIAN_POINT('',(-324.5,-80.,216.));
#6888 = VECTOR('',#6889,1.);
#6889 = DIRECTION('',(0.,0.,-1.));
#6890 = PLANE('',#6891);
#6891 = AXIS2_PLACEMENT_3D('',#6892,#6893,#6894);
#6892 = CARTESIAN_POINT('',(-330.5,-80.,230.));
#6893 = DIRECTION('',(0.,-1.,0.));
#6894 = DIRECTION('',(0.,0.,1.));
#6895 = ADVANCED_FACE('',(#6896,#6902,#6936),#6970,.T.);
#6896 = FACE_BOUND('',#6897,.T.);
#6897 = EDGE_LOOP('',(#6898,#6899,#6900,#6901));
#6898 = ORIENTED_EDGE('',*,*,#6424,.F.);
#6899 = ORIENTED_EDGE('',*,*,#6566,.T.);
#6900 = ORIENTED_EDGE('',*,*,#6625,.T.);
#6901 = ORIENTED_EDGE('',*,*,#6508,.F.);
#6902 = FACE_BOUND('',#6903,.T.);
#6903 = EDGE_LOOP('',(#6904,#6914,#6922,#6930));
#6904 = ORIENTED_EDGE('',*,*,#6905,.T.);
#6905 = EDGE_CURVE('',#6906,#6908,#6910,.T.);
#6906 = VERTEX_POINT('',#6907);
#6907 = CARTESIAN_POINT('',(326.5,240.,230.));
#6908 = VERTEX_POINT('',#6909);
#6909 = CARTESIAN_POINT('',(326.5,80.,230.));
#6910 = LINE('',#6911,#6912);
#6911 = CARTESIAN_POINT('',(326.5,-123.25,230.));
#6912 = VECTOR('',#6913,1.);
#6913 = DIRECTION('',(0.,-1.,0.));
#6914 = ORIENTED_EDGE('',*,*,#6915,.T.);
#6915 = EDGE_CURVE('',#6908,#6916,#6918,.T.);
#6916 = VERTEX_POINT('',#6917);
#6917 = CARTESIAN_POINT('',(326.5,80.,370.));
#6918 = LINE('',#6919,#6920);
#6919 = CARTESIAN_POINT('',(326.5,80.,216.));
#6920 = VECTOR('',#6921,1.);
#6921 = DIRECTION('',(0.,0.,1.));
#6922 = ORIENTED_EDGE('',*,*,#6923,.F.);
#6923 = EDGE_CURVE('',#6924,#6916,#6926,.T.);
#6924 = VERTEX_POINT('',#6925);
#6925 = CARTESIAN_POINT('',(326.5,240.,370.));
#6926 = LINE('',#6927,#6928);
#6927 = CARTESIAN_POINT('',(326.5,-123.25,370.));
#6928 = VECTOR('',#6929,1.);
#6929 = DIRECTION('',(0.,-1.,0.));
#6930 = ORIENTED_EDGE('',*,*,#6931,.F.);
#6931 = EDGE_CURVE('',#6906,#6924,#6932,.T.);
#6932 = LINE('',#6933,#6934);
#6933 = CARTESIAN_POINT('',(326.5,240.,216.));
#6934 = VECTOR('',#6935,1.);
#6935 = DIRECTION('',(0.,0.,1.));
#6936 = FACE_BOUND('',#6937,.T.);
#6937 = EDGE_LOOP('',(#6938,#6948,#6956,#6964));
#6938 = ORIENTED_EDGE('',*,*,#6939,.T.);
#6939 = EDGE_CURVE('',#6940,#6942,#6944,.T.);
#6940 = VERTEX_POINT('',#6941);
#6941 = CARTESIAN_POINT('',(326.5,-80.,230.));
#6942 = VERTEX_POINT('',#6943);
#6943 = CARTESIAN_POINT('',(326.5,-240.,230.));
#6944 = LINE('',#6945,#6946);
#6945 = CARTESIAN_POINT('',(326.5,-283.25,230.));
#6946 = VECTOR('',#6947,1.);
#6947 = DIRECTION('',(0.,-1.,0.));
#6948 = ORIENTED_EDGE('',*,*,#6949,.T.);
#6949 = EDGE_CURVE('',#6942,#6950,#6952,.T.);
#6950 = VERTEX_POINT('',#6951);
#6951 = CARTESIAN_POINT('',(326.5,-240.,370.));
#6952 = LINE('',#6953,#6954);
#6953 = CARTESIAN_POINT('',(326.5,-240.,216.));
#6954 = VECTOR('',#6955,1.);
#6955 = DIRECTION('',(0.,0.,1.));
#6956 = ORIENTED_EDGE('',*,*,#6957,.F.);
#6957 = EDGE_CURVE('',#6958,#6950,#6960,.T.);
#6958 = VERTEX_POINT('',#6959);
#6959 = CARTESIAN_POINT('',(326.5,-80.,370.));
#6960 = LINE('',#6961,#6962);
#6961 = CARTESIAN_POINT('',(326.5,-283.25,370.));
#6962 = VECTOR('',#6963,1.);
#6963 = DIRECTION('',(0.,-1.,0.));
#6964 = ORIENTED_EDGE('',*,*,#6965,.F.);
#6965 = EDGE_CURVE('',#6940,#6958,#6966,.T.);
#6966 = LINE('',#6967,#6968);
#6967 = CARTESIAN_POINT('',(326.5,-80.,216.));
#6968 = VECTOR('',#6969,1.);
#6969 = DIRECTION('',(0.,0.,1.));
#6970 = PLANE('',#6971);
#6971 = AXIS2_PLACEMENT_3D('',#6972,#6973,#6974);
#6972 = CARTESIAN_POINT('',(326.5,-326.5,202.));
#6973 = DIRECTION('',(1.,0.,0.));
#6974 = DIRECTION('',(0.,0.,1.));
#6975 = ADVANCED_FACE('',(#6976),#7001,.F.);
#6976 = FACE_BOUND('',#6977,.F.);
#6977 = EDGE_LOOP('',(#6978,#6986,#6987,#6995));
#6978 = ORIENTED_EDGE('',*,*,#6979,.F.);
#6979 = EDGE_CURVE('',#6433,#6980,#6982,.T.);
#6980 = VERTEX_POINT('',#6981);
#6981 = CARTESIAN_POINT('',(-240.,-324.5,370.));
#6982 = LINE('',#6983,#6984);
#6983 = CARTESIAN_POINT('',(-240.,-330.5,370.));
#6984 = VECTOR('',#6985,1.);
#6985 = DIRECTION('',(0.,1.,0.));
#6986 = ORIENTED_EDGE('',*,*,#6432,.T.);
#6987 = ORIENTED_EDGE('',*,*,#6988,.T.);
#6988 = EDGE_CURVE('',#6435,#6989,#6991,.T.);
#6989 = VERTEX_POINT('',#6990);
#6990 = CARTESIAN_POINT('',(-80.,-324.5,370.));
#6991 = LINE('',#6992,#6993);
#6992 = CARTESIAN_POINT('',(-80.,-330.5,370.));
#6993 = VECTOR('',#6994,1.);
#6994 = DIRECTION('',(0.,1.,0.));
#6995 = ORIENTED_EDGE('',*,*,#6996,.F.);
#6996 = EDGE_CURVE('',#6980,#6989,#6997,.T.);
#6997 = LINE('',#6998,#6999);
#6998 = CARTESIAN_POINT('',(-282.25,-324.5,370.));
#6999 = VECTOR('',#7000,1.);
#7000 = DIRECTION('',(1.,0.,0.));
#7001 = PLANE('',#7002);
#7002 = AXIS2_PLACEMENT_3D('',#7003,#7004,#7005);
#7003 = CARTESIAN_POINT('',(-240.,-330.5,370.));
#7004 = DIRECTION('',(0.,0.,1.));
#7005 = DIRECTION('',(1.,0.,0.));
#7006 = ADVANCED_FACE('',(#7007),#7025,.T.);
#7007 = FACE_BOUND('',#7008,.T.);
#7008 = EDGE_LOOP('',(#7009,#7010,#7011,#7019));
#7009 = ORIENTED_EDGE('',*,*,#6979,.F.);
#7010 = ORIENTED_EDGE('',*,*,#6442,.T.);
#7011 = ORIENTED_EDGE('',*,*,#7012,.T.);
#7012 = EDGE_CURVE('',#6443,#7013,#7015,.T.);
#7013 = VERTEX_POINT('',#7014);
#7014 = CARTESIAN_POINT('',(-240.,-324.5,230.));
#7015 = LINE('',#7016,#7017);
#7016 = CARTESIAN_POINT('',(-240.,-330.5,230.));
#7017 = VECTOR('',#7018,1.);
#7018 = DIRECTION('',(0.,1.,0.));
#7019 = ORIENTED_EDGE('',*,*,#7020,.F.);
#7020 = EDGE_CURVE('',#6980,#7013,#7021,.T.);
#7021 = LINE('',#7022,#7023);
#7022 = CARTESIAN_POINT('',(-240.,-324.5,216.));
#7023 = VECTOR('',#7024,1.);
#7024 = DIRECTION('',(0.,0.,-1.));
#7025 = PLANE('',#7026);
#7026 = AXIS2_PLACEMENT_3D('',#7027,#7028,#7029);
#7027 = CARTESIAN_POINT('',(-240.,-330.5,230.));
#7028 = DIRECTION('',(1.,0.,0.));
#7029 = DIRECTION('',(0.,0.,1.));
#7030 = ADVANCED_FACE('',(#7031),#7049,.F.);
#7031 = FACE_BOUND('',#7032,.F.);
#7032 = EDGE_LOOP('',(#7033,#7034,#7035,#7043));
#7033 = ORIENTED_EDGE('',*,*,#6988,.F.);
#7034 = ORIENTED_EDGE('',*,*,#6458,.T.);
#7035 = ORIENTED_EDGE('',*,*,#7036,.T.);
#7036 = EDGE_CURVE('',#6451,#7037,#7039,.T.);
#7037 = VERTEX_POINT('',#7038);
#7038 = CARTESIAN_POINT('',(-80.,-324.5,230.));
#7039 = LINE('',#7040,#7041);
#7040 = CARTESIAN_POINT('',(-80.,-330.5,230.));
#7041 = VECTOR('',#7042,1.);
#7042 = DIRECTION('',(0.,1.,0.));
#7043 = ORIENTED_EDGE('',*,*,#7044,.F.);
#7044 = EDGE_CURVE('',#6989,#7037,#7045,.T.);
#7045 = LINE('',#7046,#7047);
#7046 = CARTESIAN_POINT('',(-80.,-324.5,216.));
#7047 = VECTOR('',#7048,1.);
#7048 = DIRECTION('',(0.,0.,-1.));
#7049 = PLANE('',#7050);
#7050 = AXIS2_PLACEMENT_3D('',#7051,#7052,#7053);
#7051 = CARTESIAN_POINT('',(-80.,-330.5,230.));
#7052 = DIRECTION('',(1.,0.,0.));
#7053 = DIRECTION('',(0.,0.,1.));
#7054 = ADVANCED_FACE('',(#7055),#7066,.T.);
#7055 = FACE_BOUND('',#7056,.T.);
#7056 = EDGE_LOOP('',(#7057,#7058,#7059,#7060));
#7057 = ORIENTED_EDGE('',*,*,#7012,.F.);
#7058 = ORIENTED_EDGE('',*,*,#6450,.T.);
#7059 = ORIENTED_EDGE('',*,*,#7036,.T.);
#7060 = ORIENTED_EDGE('',*,*,#7061,.F.);
#7061 = EDGE_CURVE('',#7013,#7037,#7062,.T.);
#7062 = LINE('',#7063,#7064);
#7063 = CARTESIAN_POINT('',(-282.25,-324.5,230.));
#7064 = VECTOR('',#7065,1.);
#7065 = DIRECTION('',(1.,0.,0.));
#7066 = PLANE('',#7067);
#7067 = AXIS2_PLACEMENT_3D('',#7068,#7069,#7070);
#7068 = CARTESIAN_POINT('',(-240.,-330.5,230.));
#7069 = DIRECTION('',(0.,0.,1.));
#7070 = DIRECTION('',(1.,0.,0.));
#7071 = ADVANCED_FACE('',(#7072),#7097,.F.);
#7072 = FACE_BOUND('',#7073,.F.);
#7073 = EDGE_LOOP('',(#7074,#7082,#7083,#7091));
#7074 = ORIENTED_EDGE('',*,*,#7075,.F.);
#7075 = EDGE_CURVE('',#6467,#7076,#7078,.T.);
#7076 = VERTEX_POINT('',#7077);
#7077 = CARTESIAN_POINT('',(80.,-324.5,370.));
#7078 = LINE('',#7079,#7080);
#7079 = CARTESIAN_POINT('',(80.,-330.5,370.));
#7080 = VECTOR('',#7081,1.);
#7081 = DIRECTION('',(0.,1.,0.));
#7082 = ORIENTED_EDGE('',*,*,#6466,.T.);
#7083 = ORIENTED_EDGE('',*,*,#7084,.T.);
#7084 = EDGE_CURVE('',#6469,#7085,#7087,.T.);
#7085 = VERTEX_POINT('',#7086);
#7086 = CARTESIAN_POINT('',(240.,-324.5,370.));
#7087 = LINE('',#7088,#7089);
#7088 = CARTESIAN_POINT('',(240.,-330.5,370.));
#7089 = VECTOR('',#7090,1.);
#7090 = DIRECTION('',(0.,1.,0.));
#7091 = ORIENTED_EDGE('',*,*,#7092,.F.);
#7092 = EDGE_CURVE('',#7076,#7085,#7093,.T.);
#7093 = LINE('',#7094,#7095);
#7094 = CARTESIAN_POINT('',(-122.25,-324.5,370.));
#7095 = VECTOR('',#7096,1.);
#7096 = DIRECTION('',(1.,0.,0.));
#7097 = PLANE('',#7098);
#7098 = AXIS2_PLACEMENT_3D('',#7099,#7100,#7101);
#7099 = CARTESIAN_POINT('',(80.,-330.5,370.));
#7100 = DIRECTION('',(0.,0.,1.));
#7101 = DIRECTION('',(1.,0.,0.));
#7102 = ADVANCED_FACE('',(#7103),#7121,.F.);
#7103 = FACE_BOUND('',#7104,.F.);
#7104 = EDGE_LOOP('',(#7105,#7106,#7107,#7115));
#7105 = ORIENTED_EDGE('',*,*,#7084,.F.);
#7106 = ORIENTED_EDGE('',*,*,#6492,.T.);
#7107 = ORIENTED_EDGE('',*,*,#7108,.T.);
#7108 = EDGE_CURVE('',#6485,#7109,#7111,.T.);
#7109 = VERTEX_POINT('',#7110);
#7110 = CARTESIAN_POINT('',(240.,-324.5,230.));
#7111 = LINE('',#7112,#7113);
#7112 = CARTESIAN_POINT('',(240.,-330.5,230.));
#7113 = VECTOR('',#7114,1.);
#7114 = DIRECTION('',(0.,1.,0.));
#7115 = ORIENTED_EDGE('',*,*,#7116,.F.);
#7116 = EDGE_CURVE('',#7085,#7109,#7117,.T.);
#7117 = LINE('',#7118,#7119);
#7118 = CARTESIAN_POINT('',(240.,-324.5,216.));
#7119 = VECTOR('',#7120,1.);
#7120 = DIRECTION('',(0.,0.,-1.));
#7121 = PLANE('',#7122);
#7122 = AXIS2_PLACEMENT_3D('',#7123,#7124,#7125);
#7123 = CARTESIAN_POINT('',(240.,-330.5,230.));
#7124 = DIRECTION('',(1.,0.,0.));
#7125 = DIRECTION('',(0.,0.,1.));
#7126 = ADVANCED_FACE('',(#7127),#7145,.T.);
#7127 = FACE_BOUND('',#7128,.T.);
#7128 = EDGE_LOOP('',(#7129,#7137,#7138,#7139));
#7129 = ORIENTED_EDGE('',*,*,#7130,.F.);
#7130 = EDGE_CURVE('',#6477,#7131,#7133,.T.);
#7131 = VERTEX_POINT('',#7132);
#7132 = CARTESIAN_POINT('',(80.,-324.5,230.));
#7133 = LINE('',#7134,#7135);
#7134 = CARTESIAN_POINT('',(80.,-330.5,230.));
#7135 = VECTOR('',#7136,1.);
#7136 = DIRECTION('',(0.,1.,0.));
#7137 = ORIENTED_EDGE('',*,*,#6484,.T.);
#7138 = ORIENTED_EDGE('',*,*,#7108,.T.);
#7139 = ORIENTED_EDGE('',*,*,#7140,.F.);
#7140 = EDGE_CURVE('',#7131,#7109,#7141,.T.);
#7141 = LINE('',#7142,#7143);
#7142 = CARTESIAN_POINT('',(-122.25,-324.5,230.));
#7143 = VECTOR('',#7144,1.);
#7144 = DIRECTION('',(1.,0.,0.));
#7145 = PLANE('',#7146);
#7146 = AXIS2_PLACEMENT_3D('',#7147,#7148,#7149);
#7147 = CARTESIAN_POINT('',(80.,-330.5,230.));
#7148 = DIRECTION('',(0.,0.,1.));
#7149 = DIRECTION('',(1.,0.,0.));
#7150 = ADVANCED_FACE('',(#7151),#7162,.T.);
#7151 = FACE_BOUND('',#7152,.T.);
#7152 = EDGE_LOOP('',(#7153,#7154,#7155,#7156));
#7153 = ORIENTED_EDGE('',*,*,#7075,.F.);
#7154 = ORIENTED_EDGE('',*,*,#6476,.T.);
#7155 = ORIENTED_EDGE('',*,*,#7130,.T.);
#7156 = ORIENTED_EDGE('',*,*,#7157,.F.);
#7157 = EDGE_CURVE('',#7076,#7131,#7158,.T.);
#7158 = LINE('',#7159,#7160);
#7159 = CARTESIAN_POINT('',(80.,-324.5,216.));
#7160 = VECTOR('',#7161,1.);
#7161 = DIRECTION('',(0.,0.,-1.));
#7162 = PLANE('',#7163);
#7163 = AXIS2_PLACEMENT_3D('',#7164,#7165,#7166);
#7164 = CARTESIAN_POINT('',(80.,-330.5,230.));
#7165 = DIRECTION('',(1.,0.,0.));
#7166 = DIRECTION('',(0.,0.,1.));
#7167 = ADVANCED_FACE('',(#7168,#7184,#7190),#7196,.T.);
#7168 = FACE_BOUND('',#7169,.T.);
#7169 = EDGE_LOOP('',(#7170,#7171,#7177,#7178));
#7170 = ORIENTED_EDGE('',*,*,#6582,.F.);
#7171 = ORIENTED_EDGE('',*,*,#7172,.T.);
#7172 = EDGE_CURVE('',#6583,#6525,#7173,.T.);
#7173 = LINE('',#7174,#7175);
#7174 = CARTESIAN_POINT('',(-324.5,-324.5,202.));
#7175 = VECTOR('',#7176,1.);
#7176 = DIRECTION('',(0.,0.,1.));
#7177 = ORIENTED_EDGE('',*,*,#6524,.T.);
#7178 = ORIENTED_EDGE('',*,*,#7179,.F.);
#7179 = EDGE_CURVE('',#6585,#6527,#7180,.T.);
#7180 = LINE('',#7181,#7182);
#7181 = CARTESIAN_POINT('',(324.5,-324.5,202.));
#7182 = VECTOR('',#7183,1.);
#7183 = DIRECTION('',(0.,0.,1.));
#7184 = FACE_BOUND('',#7185,.T.);
#7185 = EDGE_LOOP('',(#7186,#7187,#7188,#7189));
#7186 = ORIENTED_EDGE('',*,*,#6996,.F.);
#7187 = ORIENTED_EDGE('',*,*,#7020,.T.);
#7188 = ORIENTED_EDGE('',*,*,#7061,.T.);
#7189 = ORIENTED_EDGE('',*,*,#7044,.F.);
#7190 = FACE_BOUND('',#7191,.T.);
#7191 = EDGE_LOOP('',(#7192,#7193,#7194,#7195));
#7192 = ORIENTED_EDGE('',*,*,#7092,.F.);
#7193 = ORIENTED_EDGE('',*,*,#7157,.T.);
#7194 = ORIENTED_EDGE('',*,*,#7140,.T.);
#7195 = ORIENTED_EDGE('',*,*,#7116,.F.);
#7196 = PLANE('',#7197);
#7197 = AXIS2_PLACEMENT_3D('',#7198,#7199,#7200);
#7198 = CARTESIAN_POINT('',(-324.5,-324.5,202.));
#7199 = DIRECTION('',(0.,1.,0.));
#7200 = DIRECTION('',(0.,0.,1.));
#7201 = ADVANCED_FACE('',(#7202,#7213,#7247),#7281,.F.);
#7202 = FACE_BOUND('',#7203,.F.);
#7203 = EDGE_LOOP('',(#7204,#7205,#7206,#7212));
#7204 = ORIENTED_EDGE('',*,*,#7179,.F.);
#7205 = ORIENTED_EDGE('',*,*,#6608,.T.);
#7206 = ORIENTED_EDGE('',*,*,#7207,.T.);
#7207 = EDGE_CURVE('',#6601,#6543,#7208,.T.);
#7208 = LINE('',#7209,#7210);
#7209 = CARTESIAN_POINT('',(324.5,324.5,202.));
#7210 = VECTOR('',#7211,1.);
#7211 = DIRECTION('',(0.,0.,1.));
#7212 = ORIENTED_EDGE('',*,*,#6550,.F.);
#7213 = FACE_BOUND('',#7214,.F.);
#7214 = EDGE_LOOP('',(#7215,#7225,#7233,#7241));
#7215 = ORIENTED_EDGE('',*,*,#7216,.T.);
#7216 = EDGE_CURVE('',#7217,#7219,#7221,.T.);
#7217 = VERTEX_POINT('',#7218);
#7218 = CARTESIAN_POINT('',(324.5,240.,230.));
#7219 = VERTEX_POINT('',#7220);
#7220 = CARTESIAN_POINT('',(324.5,80.,230.));
#7221 = LINE('',#7222,#7223);
#7222 = CARTESIAN_POINT('',(324.5,-122.25,230.));
#7223 = VECTOR('',#7224,1.);
#7224 = DIRECTION('',(0.,-1.,0.));
#7225 = ORIENTED_EDGE('',*,*,#7226,.T.);
#7226 = EDGE_CURVE('',#7219,#7227,#7229,.T.);
#7227 = VERTEX_POINT('',#7228);
#7228 = CARTESIAN_POINT('',(324.5,80.,370.));
#7229 = LINE('',#7230,#7231);
#7230 = CARTESIAN_POINT('',(324.5,80.,216.));
#7231 = VECTOR('',#7232,1.);
#7232 = DIRECTION('',(0.,0.,1.));
#7233 = ORIENTED_EDGE('',*,*,#7234,.F.);
#7234 = EDGE_CURVE('',#7235,#7227,#7237,.T.);
#7235 = VERTEX_POINT('',#7236);
#7236 = CARTESIAN_POINT('',(324.5,240.,370.));
#7237 = LINE('',#7238,#7239);
#7238 = CARTESIAN_POINT('',(324.5,-122.25,370.));
#7239 = VECTOR('',#7240,1.);
#7240 = DIRECTION('',(0.,-1.,0.));
#7241 = ORIENTED_EDGE('',*,*,#7242,.F.);
#7242 = EDGE_CURVE('',#7217,#7235,#7243,.T.);
#7243 = LINE('',#7244,#7245);
#7244 = CARTESIAN_POINT('',(324.5,240.,216.));
#7245 = VECTOR('',#7246,1.);
#7246 = DIRECTION('',(0.,0.,1.));
#7247 = FACE_BOUND('',#7248,.F.);
#7248 = EDGE_LOOP('',(#7249,#7259,#7267,#7275));
#7249 = ORIENTED_EDGE('',*,*,#7250,.T.);
#7250 = EDGE_CURVE('',#7251,#7253,#7255,.T.);
#7251 = VERTEX_POINT('',#7252);
#7252 = CARTESIAN_POINT('',(324.5,-80.,230.));
#7253 = VERTEX_POINT('',#7254);
#7254 = CARTESIAN_POINT('',(324.5,-240.,230.));
#7255 = LINE('',#7256,#7257);
#7256 = CARTESIAN_POINT('',(324.5,-282.25,230.));
#7257 = VECTOR('',#7258,1.);
#7258 = DIRECTION('',(0.,-1.,0.));
#7259 = ORIENTED_EDGE('',*,*,#7260,.T.);
#7260 = EDGE_CURVE('',#7253,#7261,#7263,.T.);
#7261 = VERTEX_POINT('',#7262);
#7262 = CARTESIAN_POINT('',(324.5,-240.,370.));
#7263 = LINE('',#7264,#7265);
#7264 = CARTESIAN_POINT('',(324.5,-240.,216.));
#7265 = VECTOR('',#7266,1.);
#7266 = DIRECTION('',(0.,0.,1.));
#7267 = ORIENTED_EDGE('',*,*,#7268,.F.);
#7268 = EDGE_CURVE('',#7269,#7261,#7271,.T.);
#7269 = VERTEX_POINT('',#7270);
#7270 = CARTESIAN_POINT('',(324.5,-80.,370.));
#7271 = LINE('',#7272,#7273);
#7272 = CARTESIAN_POINT('',(324.5,-282.25,370.));
#7273 = VECTOR('',#7274,1.);
#7274 = DIRECTION('',(0.,-1.,0.));
#7275 = ORIENTED_EDGE('',*,*,#7276,.F.);
#7276 = EDGE_CURVE('',#7251,#7269,#7277,.T.);
#7277 = LINE('',#7278,#7279);
#7278 = CARTESIAN_POINT('',(324.5,-80.,216.));
#7279 = VECTOR('',#7280,1.);
#7280 = DIRECTION('',(0.,0.,1.));
#7281 = PLANE('',#7282);
#7282 = AXIS2_PLACEMENT_3D('',#7283,#7284,#7285);
#7283 = CARTESIAN_POINT('',(324.5,-324.5,202.));
#7284 = DIRECTION('',(1.,0.,0.));
#7285 = DIRECTION('',(0.,0.,1.));
#7286 = ADVANCED_FACE('',(#7287,#7298,#7332),#7366,.F.);
#7287 = FACE_BOUND('',#7288,.F.);
#7288 = EDGE_LOOP('',(#7289,#7290,#7296,#7297));
#7289 = ORIENTED_EDGE('',*,*,#6600,.F.);
#7290 = ORIENTED_EDGE('',*,*,#7291,.T.);
#7291 = EDGE_CURVE('',#6593,#6535,#7292,.T.);
#7292 = LINE('',#7293,#7294);
#7293 = CARTESIAN_POINT('',(-324.5,324.5,202.));
#7294 = VECTOR('',#7295,1.);
#7295 = DIRECTION('',(0.,0.,1.));
#7296 = ORIENTED_EDGE('',*,*,#6542,.T.);
#7297 = ORIENTED_EDGE('',*,*,#7207,.F.);
#7298 = FACE_BOUND('',#7299,.F.);
#7299 = EDGE_LOOP('',(#7300,#7310,#7318,#7326));
#7300 = ORIENTED_EDGE('',*,*,#7301,.T.);
#7301 = EDGE_CURVE('',#7302,#7304,#7306,.T.);
#7302 = VERTEX_POINT('',#7303);
#7303 = CARTESIAN_POINT('',(-240.,324.5,230.));
#7304 = VERTEX_POINT('',#7305);
#7305 = CARTESIAN_POINT('',(-80.,324.5,230.));
#7306 = LINE('',#7307,#7308);
#7307 = CARTESIAN_POINT('',(-202.25,324.5,230.));
#7308 = VECTOR('',#7309,1.);
#7309 = DIRECTION('',(1.,0.,0.));
#7310 = ORIENTED_EDGE('',*,*,#7311,.T.);
#7311 = EDGE_CURVE('',#7304,#7312,#7314,.T.);
#7312 = VERTEX_POINT('',#7313);
#7313 = CARTESIAN_POINT('',(-80.,324.5,370.));
#7314 = LINE('',#7315,#7316);
#7315 = CARTESIAN_POINT('',(-80.,324.5,216.));
#7316 = VECTOR('',#7317,1.);
#7317 = DIRECTION('',(0.,0.,1.));
#7318 = ORIENTED_EDGE('',*,*,#7319,.F.);
#7319 = EDGE_CURVE('',#7320,#7312,#7322,.T.);
#7320 = VERTEX_POINT('',#7321);
#7321 = CARTESIAN_POINT('',(-240.,324.5,370.));
#7322 = LINE('',#7323,#7324);
#7323 = CARTESIAN_POINT('',(-202.25,324.5,370.));
#7324 = VECTOR('',#7325,1.);
#7325 = DIRECTION('',(1.,0.,0.));
#7326 = ORIENTED_EDGE('',*,*,#7327,.F.);
#7327 = EDGE_CURVE('',#7302,#7320,#7328,.T.);
#7328 = LINE('',#7329,#7330);
#7329 = CARTESIAN_POINT('',(-240.,324.5,216.));
#7330 = VECTOR('',#7331,1.);
#7331 = DIRECTION('',(0.,0.,1.));
#7332 = FACE_BOUND('',#7333,.F.);
#7333 = EDGE_LOOP('',(#7334,#7344,#7352,#7360));
#7334 = ORIENTED_EDGE('',*,*,#7335,.T.);
#7335 = EDGE_CURVE('',#7336,#7338,#7340,.T.);
#7336 = VERTEX_POINT('',#7337);
#7337 = CARTESIAN_POINT('',(80.,324.5,230.));
#7338 = VERTEX_POINT('',#7339);
#7339 = CARTESIAN_POINT('',(240.,324.5,230.));
#7340 = LINE('',#7341,#7342);
#7341 = CARTESIAN_POINT('',(-42.25,324.5,230.));
#7342 = VECTOR('',#7343,1.);
#7343 = DIRECTION('',(1.,0.,0.));
#7344 = ORIENTED_EDGE('',*,*,#7345,.T.);
#7345 = EDGE_CURVE('',#7338,#7346,#7348,.T.);
#7346 = VERTEX_POINT('',#7347);
#7347 = CARTESIAN_POINT('',(240.,324.5,370.));
#7348 = LINE('',#7349,#7350);
#7349 = CARTESIAN_POINT('',(240.,324.5,216.));
#7350 = VECTOR('',#7351,1.);
#7351 = DIRECTION('',(0.,0.,1.));
#7352 = ORIENTED_EDGE('',*,*,#7353,.F.);
#7353 = EDGE_CURVE('',#7354,#7346,#7356,.T.);
#7354 = VERTEX_POINT('',#7355);
#7355 = CARTESIAN_POINT('',(80.,324.5,370.));
#7356 = LINE('',#7357,#7358);
#7357 = CARTESIAN_POINT('',(-42.25,324.5,370.));
#7358 = VECTOR('',#7359,1.);
#7359 = DIRECTION('',(1.,0.,0.));
#7360 = ORIENTED_EDGE('',*,*,#7361,.F.);
#7361 = EDGE_CURVE('',#7336,#7354,#7362,.T.);
#7362 = LINE('',#7363,#7364);
#7363 = CARTESIAN_POINT('',(80.,324.5,216.));
#7364 = VECTOR('',#7365,1.);
#7365 = DIRECTION('',(0.,0.,1.));
#7366 = PLANE('',#7367);
#7367 = AXIS2_PLACEMENT_3D('',#7368,#7369,#7370);
#7368 = CARTESIAN_POINT('',(-324.5,324.5,202.));
#7369 = DIRECTION('',(0.,1.,0.));
#7370 = DIRECTION('',(0.,0.,1.));
#7371 = ADVANCED_FACE('',(#7372,#7378,#7384),#7390,.T.);
#7372 = FACE_BOUND('',#7373,.T.);
#7373 = EDGE_LOOP('',(#7374,#7375,#7376,#7377));
#7374 = ORIENTED_EDGE('',*,*,#7172,.F.);
#7375 = ORIENTED_EDGE('',*,*,#6592,.T.);
#7376 = ORIENTED_EDGE('',*,*,#7291,.T.);
#7377 = ORIENTED_EDGE('',*,*,#6534,.F.);
#7378 = FACE_BOUND('',#7379,.T.);
#7379 = EDGE_LOOP('',(#7380,#7381,#7382,#7383));
#7380 = ORIENTED_EDGE('',*,*,#6724,.F.);
#7381 = ORIENTED_EDGE('',*,*,#6748,.T.);
#7382 = ORIENTED_EDGE('',*,*,#6789,.T.);
#7383 = ORIENTED_EDGE('',*,*,#6772,.F.);
#7384 = FACE_BOUND('',#7385,.T.);
#7385 = EDGE_LOOP('',(#7386,#7387,#7388,#7389));
#7386 = ORIENTED_EDGE('',*,*,#6820,.F.);
#7387 = ORIENTED_EDGE('',*,*,#6885,.T.);
#7388 = ORIENTED_EDGE('',*,*,#6868,.T.);
#7389 = ORIENTED_EDGE('',*,*,#6844,.F.);
#7390 = PLANE('',#7391);
#7391 = AXIS2_PLACEMENT_3D('',#7392,#7393,#7394);
#7392 = CARTESIAN_POINT('',(-324.5,-324.5,202.));
#7393 = DIRECTION('',(1.,0.,0.));
#7394 = DIRECTION('',(0.,0.,1.));
#7395 = ADVANCED_FACE('',(#7396),#7412,.T.);
#7396 = FACE_BOUND('',#7397,.T.);
#7397 = EDGE_LOOP('',(#7398,#7404,#7405,#7411));
#7398 = ORIENTED_EDGE('',*,*,#7399,.F.);
#7399 = EDGE_CURVE('',#6636,#7304,#7400,.T.);
#7400 = LINE('',#7401,#7402);
#7401 = CARTESIAN_POINT('',(-80.,330.5,230.));
#7402 = VECTOR('',#7403,1.);
#7403 = DIRECTION('',(0.,-1.,0.));
#7404 = ORIENTED_EDGE('',*,*,#6633,.F.);
#7405 = ORIENTED_EDGE('',*,*,#7406,.T.);
#7406 = EDGE_CURVE('',#6634,#7302,#7407,.T.);
#7407 = LINE('',#7408,#7409);
#7408 = CARTESIAN_POINT('',(-240.,330.5,230.));
#7409 = VECTOR('',#7410,1.);
#7410 = DIRECTION('',(0.,-1.,0.));
#7411 = ORIENTED_EDGE('',*,*,#7301,.T.);
#7412 = PLANE('',#7413);
#7413 = AXIS2_PLACEMENT_3D('',#7414,#7415,#7416);
#7414 = CARTESIAN_POINT('',(-80.,330.5,230.));
#7415 = DIRECTION('',(0.,0.,1.));
#7416 = DIRECTION('',(-1.,0.,0.));
#7417 = ADVANCED_FACE('',(#7418),#7429,.F.);
#7418 = FACE_BOUND('',#7419,.F.);
#7419 = EDGE_LOOP('',(#7420,#7426,#7427,#7428));
#7420 = ORIENTED_EDGE('',*,*,#7421,.F.);
#7421 = EDGE_CURVE('',#6652,#7320,#7422,.T.);
#7422 = LINE('',#7423,#7424);
#7423 = CARTESIAN_POINT('',(-240.,330.5,370.));
#7424 = VECTOR('',#7425,1.);
#7425 = DIRECTION('',(0.,-1.,0.));
#7426 = ORIENTED_EDGE('',*,*,#6659,.F.);
#7427 = ORIENTED_EDGE('',*,*,#7406,.T.);
#7428 = ORIENTED_EDGE('',*,*,#7327,.T.);
#7429 = PLANE('',#7430);
#7430 = AXIS2_PLACEMENT_3D('',#7431,#7432,#7433);
#7431 = CARTESIAN_POINT('',(-240.,330.5,230.));
#7432 = DIRECTION('',(-1.,0.,0.));
#7433 = DIRECTION('',(0.,0.,1.));
#7434 = ADVANCED_FACE('',(#7435),#7446,.F.);
#7435 = FACE_BOUND('',#7436,.F.);
#7436 = EDGE_LOOP('',(#7437,#7443,#7444,#7445));
#7437 = ORIENTED_EDGE('',*,*,#7438,.F.);
#7438 = EDGE_CURVE('',#6644,#7312,#7439,.T.);
#7439 = LINE('',#7440,#7441);
#7440 = CARTESIAN_POINT('',(-80.,330.5,370.));
#7441 = VECTOR('',#7442,1.);
#7442 = DIRECTION('',(0.,-1.,0.));
#7443 = ORIENTED_EDGE('',*,*,#6651,.F.);
#7444 = ORIENTED_EDGE('',*,*,#7421,.T.);
#7445 = ORIENTED_EDGE('',*,*,#7319,.T.);
#7446 = PLANE('',#7447);
#7447 = AXIS2_PLACEMENT_3D('',#7448,#7449,#7450);
#7448 = CARTESIAN_POINT('',(-80.,330.5,370.));
#7449 = DIRECTION('',(0.,0.,1.));
#7450 = DIRECTION('',(-1.,0.,0.));
#7451 = ADVANCED_FACE('',(#7452),#7458,.T.);
#7452 = FACE_BOUND('',#7453,.T.);
#7453 = EDGE_LOOP('',(#7454,#7455,#7456,#7457));
#7454 = ORIENTED_EDGE('',*,*,#7438,.F.);
#7455 = ORIENTED_EDGE('',*,*,#6643,.F.);
#7456 = ORIENTED_EDGE('',*,*,#7399,.T.);
#7457 = ORIENTED_EDGE('',*,*,#7311,.T.);
#7458 = PLANE('',#7459);
#7459 = AXIS2_PLACEMENT_3D('',#7460,#7461,#7462);
#7460 = CARTESIAN_POINT('',(-80.,330.5,230.));
#7461 = DIRECTION('',(-1.,0.,0.));
#7462 = DIRECTION('',(0.,0.,1.));
#7463 = ADVANCED_FACE('',(#7464),#7480,.T.);
#7464 = FACE_BOUND('',#7465,.T.);
#7465 = EDGE_LOOP('',(#7466,#7472,#7473,#7479));
#7466 = ORIENTED_EDGE('',*,*,#7467,.F.);
#7467 = EDGE_CURVE('',#6670,#7338,#7468,.T.);
#7468 = LINE('',#7469,#7470);
#7469 = CARTESIAN_POINT('',(240.,330.5,230.));
#7470 = VECTOR('',#7471,1.);
#7471 = DIRECTION('',(0.,-1.,0.));
#7472 = ORIENTED_EDGE('',*,*,#6667,.F.);
#7473 = ORIENTED_EDGE('',*,*,#7474,.T.);
#7474 = EDGE_CURVE('',#6668,#7336,#7475,.T.);
#7475 = LINE('',#7476,#7477);
#7476 = CARTESIAN_POINT('',(80.,330.5,230.));
#7477 = VECTOR('',#7478,1.);
#7478 = DIRECTION('',(0.,-1.,0.));
#7479 = ORIENTED_EDGE('',*,*,#7335,.T.);
#7480 = PLANE('',#7481);
#7481 = AXIS2_PLACEMENT_3D('',#7482,#7483,#7484);
#7482 = CARTESIAN_POINT('',(240.,330.5,230.));
#7483 = DIRECTION('',(0.,0.,1.));
#7484 = DIRECTION('',(-1.,0.,0.));
#7485 = ADVANCED_FACE('',(#7486),#7497,.F.);
#7486 = FACE_BOUND('',#7487,.F.);
#7487 = EDGE_LOOP('',(#7488,#7494,#7495,#7496));
#7488 = ORIENTED_EDGE('',*,*,#7489,.F.);
#7489 = EDGE_CURVE('',#6686,#7354,#7490,.T.);
#7490 = LINE('',#7491,#7492);
#7491 = CARTESIAN_POINT('',(80.,330.5,370.));
#7492 = VECTOR('',#7493,1.);
#7493 = DIRECTION('',(0.,-1.,0.));
#7494 = ORIENTED_EDGE('',*,*,#6693,.F.);
#7495 = ORIENTED_EDGE('',*,*,#7474,.T.);
#7496 = ORIENTED_EDGE('',*,*,#7361,.T.);
#7497 = PLANE('',#7498);
#7498 = AXIS2_PLACEMENT_3D('',#7499,#7500,#7501);
#7499 = CARTESIAN_POINT('',(80.,330.5,230.));
#7500 = DIRECTION('',(-1.,0.,0.));
#7501 = DIRECTION('',(0.,0.,1.));
#7502 = ADVANCED_FACE('',(#7503),#7514,.T.);
#7503 = FACE_BOUND('',#7504,.T.);
#7504 = EDGE_LOOP('',(#7505,#7511,#7512,#7513));
#7505 = ORIENTED_EDGE('',*,*,#7506,.F.);
#7506 = EDGE_CURVE('',#6678,#7346,#7507,.T.);
#7507 = LINE('',#7508,#7509);
#7508 = CARTESIAN_POINT('',(240.,330.5,370.));
#7509 = VECTOR('',#7510,1.);
#7510 = DIRECTION('',(0.,-1.,0.));
#7511 = ORIENTED_EDGE('',*,*,#6677,.F.);
#7512 = ORIENTED_EDGE('',*,*,#7467,.T.);
#7513 = ORIENTED_EDGE('',*,*,#7345,.T.);
#7514 = PLANE('',#7515);
#7515 = AXIS2_PLACEMENT_3D('',#7516,#7517,#7518);
#7516 = CARTESIAN_POINT('',(240.,330.5,230.));
#7517 = DIRECTION('',(-1.,0.,0.));
#7518 = DIRECTION('',(0.,0.,1.));
#7519 = ADVANCED_FACE('',(#7520),#7526,.F.);
#7520 = FACE_BOUND('',#7521,.F.);
#7521 = EDGE_LOOP('',(#7522,#7523,#7524,#7525));
#7522 = ORIENTED_EDGE('',*,*,#7506,.F.);
#7523 = ORIENTED_EDGE('',*,*,#6685,.F.);
#7524 = ORIENTED_EDGE('',*,*,#7489,.T.);
#7525 = ORIENTED_EDGE('',*,*,#7353,.T.);
#7526 = PLANE('',#7527);
#7527 = AXIS2_PLACEMENT_3D('',#7528,#7529,#7530);
#7528 = CARTESIAN_POINT('',(240.,330.5,370.));
#7529 = DIRECTION('',(0.,0.,1.));
#7530 = DIRECTION('',(-1.,0.,0.));
#7531 = ADVANCED_FACE('',(#7532),#7548,.T.);
#7532 = FACE_BOUND('',#7533,.T.);
#7533 = EDGE_LOOP('',(#7534,#7540,#7541,#7547));
#7534 = ORIENTED_EDGE('',*,*,#7535,.F.);
#7535 = EDGE_CURVE('',#6908,#7219,#7536,.T.);
#7536 = LINE('',#7537,#7538);
#7537 = CARTESIAN_POINT('',(330.5,80.,230.));
#7538 = VECTOR('',#7539,1.);
#7539 = DIRECTION('',(-1.,0.,0.));
#7540 = ORIENTED_EDGE('',*,*,#6905,.F.);
#7541 = ORIENTED_EDGE('',*,*,#7542,.T.);
#7542 = EDGE_CURVE('',#6906,#7217,#7543,.T.);
#7543 = LINE('',#7544,#7545);
#7544 = CARTESIAN_POINT('',(330.5,240.,230.));
#7545 = VECTOR('',#7546,1.);
#7546 = DIRECTION('',(-1.,0.,0.));
#7547 = ORIENTED_EDGE('',*,*,#7216,.T.);
#7548 = PLANE('',#7549);
#7549 = AXIS2_PLACEMENT_3D('',#7550,#7551,#7552);
#7550 = CARTESIAN_POINT('',(330.5,80.,230.));
#7551 = DIRECTION('',(0.,0.,1.));
#7552 = DIRECTION('',(0.,1.,0.));
#7553 = ADVANCED_FACE('',(#7554),#7565,.F.);
#7554 = FACE_BOUND('',#7555,.F.);
#7555 = EDGE_LOOP('',(#7556,#7562,#7563,#7564));
#7556 = ORIENTED_EDGE('',*,*,#7557,.F.);
#7557 = EDGE_CURVE('',#6924,#7235,#7558,.T.);
#7558 = LINE('',#7559,#7560);
#7559 = CARTESIAN_POINT('',(330.5,240.,370.));
#7560 = VECTOR('',#7561,1.);
#7561 = DIRECTION('',(-1.,0.,0.));
#7562 = ORIENTED_EDGE('',*,*,#6931,.F.);
#7563 = ORIENTED_EDGE('',*,*,#7542,.T.);
#7564 = ORIENTED_EDGE('',*,*,#7242,.T.);
#7565 = PLANE('',#7566);
#7566 = AXIS2_PLACEMENT_3D('',#7567,#7568,#7569);
#7567 = CARTESIAN_POINT('',(330.5,240.,230.));
#7568 = DIRECTION('',(0.,1.,0.));
#7569 = DIRECTION('',(0.,0.,1.));
#7570 = ADVANCED_FACE('',(#7571),#7582,.F.);
#7571 = FACE_BOUND('',#7572,.F.);
#7572 = EDGE_LOOP('',(#7573,#7579,#7580,#7581));
#7573 = ORIENTED_EDGE('',*,*,#7574,.F.);
#7574 = EDGE_CURVE('',#6916,#7227,#7575,.T.);
#7575 = LINE('',#7576,#7577);
#7576 = CARTESIAN_POINT('',(330.5,80.,370.));
#7577 = VECTOR('',#7578,1.);
#7578 = DIRECTION('',(-1.,0.,0.));
#7579 = ORIENTED_EDGE('',*,*,#6923,.F.);
#7580 = ORIENTED_EDGE('',*,*,#7557,.T.);
#7581 = ORIENTED_EDGE('',*,*,#7234,.T.);
#7582 = PLANE('',#7583);
#7583 = AXIS2_PLACEMENT_3D('',#7584,#7585,#7586);
#7584 = CARTESIAN_POINT('',(330.5,80.,370.));
#7585 = DIRECTION('',(0.,0.,1.));
#7586 = DIRECTION('',(0.,1.,0.));
#7587 = ADVANCED_FACE('',(#7588),#7594,.T.);
#7588 = FACE_BOUND('',#7589,.T.);
#7589 = EDGE_LOOP('',(#7590,#7591,#7592,#7593));
#7590 = ORIENTED_EDGE('',*,*,#7574,.F.);
#7591 = ORIENTED_EDGE('',*,*,#6915,.F.);
#7592 = ORIENTED_EDGE('',*,*,#7535,.T.);
#7593 = ORIENTED_EDGE('',*,*,#7226,.T.);
#7594 = PLANE('',#7595);
#7595 = AXIS2_PLACEMENT_3D('',#7596,#7597,#7598);
#7596 = CARTESIAN_POINT('',(330.5,80.,230.));
#7597 = DIRECTION('',(0.,1.,0.));
#7598 = DIRECTION('',(0.,0.,1.));
#7599 = ADVANCED_FACE('',(#7600),#7616,.T.);
#7600 = FACE_BOUND('',#7601,.T.);
#7601 = EDGE_LOOP('',(#7602,#7608,#7609,#7615));
#7602 = ORIENTED_EDGE('',*,*,#7603,.F.);
#7603 = EDGE_CURVE('',#6942,#7253,#7604,.T.);
#7604 = LINE('',#7605,#7606);
#7605 = CARTESIAN_POINT('',(330.5,-240.,230.));
#7606 = VECTOR('',#7607,1.);
#7607 = DIRECTION('',(-1.,0.,0.));
#7608 = ORIENTED_EDGE('',*,*,#6939,.F.);
#7609 = ORIENTED_EDGE('',*,*,#7610,.T.);
#7610 = EDGE_CURVE('',#6940,#7251,#7611,.T.);
#7611 = LINE('',#7612,#7613);
#7612 = CARTESIAN_POINT('',(330.5,-80.,230.));
#7613 = VECTOR('',#7614,1.);
#7614 = DIRECTION('',(-1.,0.,0.));
#7615 = ORIENTED_EDGE('',*,*,#7250,.T.);
#7616 = PLANE('',#7617);
#7617 = AXIS2_PLACEMENT_3D('',#7618,#7619,#7620);
#7618 = CARTESIAN_POINT('',(330.5,-240.,230.));
#7619 = DIRECTION('',(0.,0.,1.));
#7620 = DIRECTION('',(0.,1.,0.));
#7621 = ADVANCED_FACE('',(#7622),#7633,.F.);
#7622 = FACE_BOUND('',#7623,.F.);
#7623 = EDGE_LOOP('',(#7624,#7630,#7631,#7632));
#7624 = ORIENTED_EDGE('',*,*,#7625,.F.);
#7625 = EDGE_CURVE('',#6958,#7269,#7626,.T.);
#7626 = LINE('',#7627,#7628);
#7627 = CARTESIAN_POINT('',(330.5,-80.,370.));
#7628 = VECTOR('',#7629,1.);
#7629 = DIRECTION('',(-1.,0.,0.));
#7630 = ORIENTED_EDGE('',*,*,#6965,.F.);
#7631 = ORIENTED_EDGE('',*,*,#7610,.T.);
#7632 = ORIENTED_EDGE('',*,*,#7276,.T.);
#7633 = PLANE('',#7634);
#7634 = AXIS2_PLACEMENT_3D('',#7635,#7636,#7637);
#7635 = CARTESIAN_POINT('',(330.5,-80.,230.));
#7636 = DIRECTION('',(0.,1.,0.));
#7637 = DIRECTION('',(0.,0.,1.));
#7638 = ADVANCED_FACE('',(#7639),#7650,.T.);
#7639 = FACE_BOUND('',#7640,.T.);
#7640 = EDGE_LOOP('',(#7641,#7647,#7648,#7649));
#7641 = ORIENTED_EDGE('',*,*,#7642,.F.);
#7642 = EDGE_CURVE('',#6950,#7261,#7643,.T.);
#7643 = LINE('',#7644,#7645);
#7644 = CARTESIAN_POINT('',(330.5,-240.,370.));
#7645 = VECTOR('',#7646,1.);
#7646 = DIRECTION('',(-1.,0.,0.));
#7647 = ORIENTED_EDGE('',*,*,#6949,.F.);
#7648 = ORIENTED_EDGE('',*,*,#7603,.T.);
#7649 = ORIENTED_EDGE('',*,*,#7260,.T.);
#7650 = PLANE('',#7651);
#7651 = AXIS2_PLACEMENT_3D('',#7652,#7653,#7654);
#7652 = CARTESIAN_POINT('',(330.5,-240.,230.));
#7653 = DIRECTION('',(0.,1.,0.));
#7654 = DIRECTION('',(0.,0.,1.));
#7655 = ADVANCED_FACE('',(#7656),#7662,.F.);
#7656 = FACE_BOUND('',#7657,.F.);
#7657 = EDGE_LOOP('',(#7658,#7659,#7660,#7661));
#7658 = ORIENTED_EDGE('',*,*,#7642,.F.);
#7659 = ORIENTED_EDGE('',*,*,#6957,.F.);
#7660 = ORIENTED_EDGE('',*,*,#7625,.T.);
#7661 = ORIENTED_EDGE('',*,*,#7268,.T.);
#7662 = PLANE('',#7663);
#7663 = AXIS2_PLACEMENT_3D('',#7664,#7665,#7666);
#7664 = CARTESIAN_POINT('',(330.5,-240.,370.));
#7665 = DIRECTION('',(0.,0.,1.));
#7666 = DIRECTION('',(0.,1.,0.));
#7667 = MANIFOLD_SOLID_BREP('',#7668);
#7668 = CLOSED_SHELL('',(#7669,#7709,#7740,#7771,#7802,#7842,#7873,#7904
    ,#7944,#7975,#8006,#8037,#8059,#8090,#8121,#8161,#8192,#8223,#8245,
    #8267,#8289,#8351,#8382,#8406,#8430,#8447));
#7669 = ADVANCED_FACE('',(#7670),#7704,.T.);
#7670 = FACE_BOUND('',#7671,.T.);
#7671 = EDGE_LOOP('',(#7672,#7682,#7690,#7698));
#7672 = ORIENTED_EDGE('',*,*,#7673,.F.);
#7673 = EDGE_CURVE('',#7674,#7676,#7678,.T.);
#7674 = VERTEX_POINT('',#7675);
#7675 = CARTESIAN_POINT('',(326.5,-82.5,450.));
#7676 = VERTEX_POINT('',#7677);
#7677 = CARTESIAN_POINT('',(326.5,82.5,450.));
#7678 = LINE('',#7679,#7680);
#7679 = CARTESIAN_POINT('',(326.5,-326.5,450.));
#7680 = VECTOR('',#7681,1.);
#7681 = DIRECTION('',(0.,1.,0.));
#7682 = ORIENTED_EDGE('',*,*,#7683,.F.);
#7683 = EDGE_CURVE('',#7684,#7674,#7686,.T.);
#7684 = VERTEX_POINT('',#7685);
#7685 = CARTESIAN_POINT('',(326.5,-82.5,445.));
#7686 = LINE('',#7687,#7688);
#7687 = CARTESIAN_POINT('',(326.5,-82.5,445.));
#7688 = VECTOR('',#7689,1.);
#7689 = DIRECTION('',(0.,0.,1.));
#7690 = ORIENTED_EDGE('',*,*,#7691,.T.);
#7691 = EDGE_CURVE('',#7684,#7692,#7694,.T.);
#7692 = VERTEX_POINT('',#7693);
#7693 = CARTESIAN_POINT('',(326.5,82.5,445.));
#7694 = LINE('',#7695,#7696);
#7695 = CARTESIAN_POINT('',(326.5,-326.5,445.));
#7696 = VECTOR('',#7697,1.);
#7697 = DIRECTION('',(0.,1.,0.));
#7698 = ORIENTED_EDGE('',*,*,#7699,.T.);
#7699 = EDGE_CURVE('',#7692,#7676,#7700,.T.);
#7700 = LINE('',#7701,#7702);
#7701 = CARTESIAN_POINT('',(326.5,82.5,445.));
#7702 = VECTOR('',#7703,1.);
#7703 = DIRECTION('',(0.,0.,1.));
#7704 = PLANE('',#7705);
#7705 = AXIS2_PLACEMENT_3D('',#7706,#7707,#7708);
#7706 = CARTESIAN_POINT('',(326.5,-326.5,445.));
#7707 = DIRECTION('',(1.,0.,0.));
#7708 = DIRECTION('',(0.,0.,1.));
#7709 = ADVANCED_FACE('',(#7710),#7735,.F.);
#7710 = FACE_BOUND('',#7711,.F.);
#7711 = EDGE_LOOP('',(#7712,#7720,#7721,#7729));
#7712 = ORIENTED_EDGE('',*,*,#7713,.F.);
#7713 = EDGE_CURVE('',#7692,#7714,#7716,.T.);
#7714 = VERTEX_POINT('',#7715);
#7715 = CARTESIAN_POINT('',(367.5,82.5,445.));
#7716 = LINE('',#7717,#7718);
#7717 = CARTESIAN_POINT('',(324.5,82.5,445.));
#7718 = VECTOR('',#7719,1.);
#7719 = DIRECTION('',(1.,0.,0.));
#7720 = ORIENTED_EDGE('',*,*,#7699,.T.);
#7721 = ORIENTED_EDGE('',*,*,#7722,.T.);
#7722 = EDGE_CURVE('',#7676,#7723,#7725,.T.);
#7723 = VERTEX_POINT('',#7724);
#7724 = CARTESIAN_POINT('',(367.5,82.5,450.));
#7725 = LINE('',#7726,#7727);
#7726 = CARTESIAN_POINT('',(324.5,82.5,450.));
#7727 = VECTOR('',#7728,1.);
#7728 = DIRECTION('',(1.,0.,0.));
#7729 = ORIENTED_EDGE('',*,*,#7730,.F.);
#7730 = EDGE_CURVE('',#7714,#7723,#7731,.T.);
#7731 = LINE('',#7732,#7733);
#7732 = CARTESIAN_POINT('',(367.5,82.5,445.));
#7733 = VECTOR('',#7734,1.);
#7734 = DIRECTION('',(0.,0.,1.));
#7735 = PLANE('',#7736);
#7736 = AXIS2_PLACEMENT_3D('',#7737,#7738,#7739);
#7737 = CARTESIAN_POINT('',(324.5,82.5,445.));
#7738 = DIRECTION('',(0.,1.,0.));
#7739 = DIRECTION('',(0.,0.,1.));
#7740 = ADVANCED_FACE('',(#7741),#7766,.T.);
#7741 = FACE_BOUND('',#7742,.T.);
#7742 = EDGE_LOOP('',(#7743,#7751,#7752,#7760));
#7743 = ORIENTED_EDGE('',*,*,#7744,.F.);
#7744 = EDGE_CURVE('',#7684,#7745,#7747,.T.);
#7745 = VERTEX_POINT('',#7746);
#7746 = CARTESIAN_POINT('',(367.5,-82.5,445.));
#7747 = LINE('',#7748,#7749);
#7748 = CARTESIAN_POINT('',(324.5,-82.5,445.));
#7749 = VECTOR('',#7750,1.);
#7750 = DIRECTION('',(1.,0.,0.));
#7751 = ORIENTED_EDGE('',*,*,#7683,.T.);
#7752 = ORIENTED_EDGE('',*,*,#7753,.T.);
#7753 = EDGE_CURVE('',#7674,#7754,#7756,.T.);
#7754 = VERTEX_POINT('',#7755);
#7755 = CARTESIAN_POINT('',(367.5,-82.5,450.));
#7756 = LINE('',#7757,#7758);
#7757 = CARTESIAN_POINT('',(324.5,-82.5,450.));
#7758 = VECTOR('',#7759,1.);
#7759 = DIRECTION('',(1.,0.,0.));
#7760 = ORIENTED_EDGE('',*,*,#7761,.F.);
#7761 = EDGE_CURVE('',#7745,#7754,#7762,.T.);
#7762 = LINE('',#7763,#7764);
#7763 = CARTESIAN_POINT('',(367.5,-82.5,445.));
#7764 = VECTOR('',#7765,1.);
#7765 = DIRECTION('',(0.,0.,1.));
#7766 = PLANE('',#7767);
#7767 = AXIS2_PLACEMENT_3D('',#7768,#7769,#7770);
#7768 = CARTESIAN_POINT('',(324.5,-82.5,445.));
#7769 = DIRECTION('',(0.,1.,0.));
#7770 = DIRECTION('',(0.,0.,1.));
#7771 = ADVANCED_FACE('',(#7772),#7797,.T.);
#7772 = FACE_BOUND('',#7773,.T.);
#7773 = EDGE_LOOP('',(#7774,#7775,#7783,#7791));
#7774 = ORIENTED_EDGE('',*,*,#7730,.F.);
#7775 = ORIENTED_EDGE('',*,*,#7776,.T.);
#7776 = EDGE_CURVE('',#7714,#7777,#7779,.T.);
#7777 = VERTEX_POINT('',#7778);
#7778 = CARTESIAN_POINT('',(367.5,117.5,445.));
#7779 = LINE('',#7780,#7781);
#7780 = CARTESIAN_POINT('',(367.5,82.5,445.));
#7781 = VECTOR('',#7782,1.);
#7782 = DIRECTION('',(0.,1.,0.));
#7783 = ORIENTED_EDGE('',*,*,#7784,.T.);
#7784 = EDGE_CURVE('',#7777,#7785,#7787,.T.);
#7785 = VERTEX_POINT('',#7786);
#7786 = CARTESIAN_POINT('',(367.5,117.5,450.));
#7787 = LINE('',#7788,#7789);
#7788 = CARTESIAN_POINT('',(367.5,117.5,445.));
#7789 = VECTOR('',#7790,1.);
#7790 = DIRECTION('',(0.,0.,1.));
#7791 = ORIENTED_EDGE('',*,*,#7792,.F.);
#7792 = EDGE_CURVE('',#7723,#7785,#7793,.T.);
#7793 = LINE('',#7794,#7795);
#7794 = CARTESIAN_POINT('',(367.5,82.5,450.));
#7795 = VECTOR('',#7796,1.);
#7796 = DIRECTION('',(0.,1.,0.));
#7797 = PLANE('',#7798);
#7798 = AXIS2_PLACEMENT_3D('',#7799,#7800,#7801);
#7799 = CARTESIAN_POINT('',(367.5,82.5,445.));
#7800 = DIRECTION('',(1.,0.,0.));
#7801 = DIRECTION('',(0.,0.,1.));
#7802 = ADVANCED_FACE('',(#7803),#7837,.F.);
#7803 = FACE_BOUND('',#7804,.F.);
#7804 = EDGE_LOOP('',(#7805,#7815,#7823,#7831));
#7805 = ORIENTED_EDGE('',*,*,#7806,.F.);
#7806 = EDGE_CURVE('',#7807,#7809,#7811,.T.);
#7807 = VERTEX_POINT('',#7808);
#7808 = CARTESIAN_POINT('',(-326.5,-82.5,450.));
#7809 = VERTEX_POINT('',#7810);
#7810 = CARTESIAN_POINT('',(-326.5,82.5,450.));
#7811 = LINE('',#7812,#7813);
#7812 = CARTESIAN_POINT('',(-326.5,-326.5,450.));
#7813 = VECTOR('',#7814,1.);
#7814 = DIRECTION('',(0.,1.,0.));
#7815 = ORIENTED_EDGE('',*,*,#7816,.F.);
#7816 = EDGE_CURVE('',#7817,#7807,#7819,.T.);
#7817 = VERTEX_POINT('',#7818);
#7818 = CARTESIAN_POINT('',(-326.5,-82.5,445.));
#7819 = LINE('',#7820,#7821);
#7820 = CARTESIAN_POINT('',(-326.5,-82.5,445.));
#7821 = VECTOR('',#7822,1.);
#7822 = DIRECTION('',(0.,0.,1.));
#7823 = ORIENTED_EDGE('',*,*,#7824,.T.);
#7824 = EDGE_CURVE('',#7817,#7825,#7827,.T.);
#7825 = VERTEX_POINT('',#7826);
#7826 = CARTESIAN_POINT('',(-326.5,82.5,445.));
#7827 = LINE('',#7828,#7829);
#7828 = CARTESIAN_POINT('',(-326.5,-326.5,445.));
#7829 = VECTOR('',#7830,1.);
#7830 = DIRECTION('',(0.,1.,0.));
#7831 = ORIENTED_EDGE('',*,*,#7832,.T.);
#7832 = EDGE_CURVE('',#7825,#7809,#7833,.T.);
#7833 = LINE('',#7834,#7835);
#7834 = CARTESIAN_POINT('',(-326.5,82.5,445.));
#7835 = VECTOR('',#7836,1.);
#7836 = DIRECTION('',(0.,0.,1.));
#7837 = PLANE('',#7838);
#7838 = AXIS2_PLACEMENT_3D('',#7839,#7840,#7841);
#7839 = CARTESIAN_POINT('',(-326.5,-326.5,445.));
#7840 = DIRECTION('',(1.,0.,0.));
#7841 = DIRECTION('',(0.,0.,1.));
#7842 = ADVANCED_FACE('',(#7843),#7868,.F.);
#7843 = FACE_BOUND('',#7844,.F.);
#7844 = EDGE_LOOP('',(#7845,#7853,#7861,#7867));
#7845 = ORIENTED_EDGE('',*,*,#7846,.F.);
#7846 = EDGE_CURVE('',#7847,#7825,#7849,.T.);
#7847 = VERTEX_POINT('',#7848);
#7848 = CARTESIAN_POINT('',(-367.5,82.5,445.));
#7849 = LINE('',#7850,#7851);
#7850 = CARTESIAN_POINT('',(-367.5,82.5,445.));
#7851 = VECTOR('',#7852,1.);
#7852 = DIRECTION('',(1.,0.,0.));
#7853 = ORIENTED_EDGE('',*,*,#7854,.T.);
#7854 = EDGE_CURVE('',#7847,#7855,#7857,.T.);
#7855 = VERTEX_POINT('',#7856);
#7856 = CARTESIAN_POINT('',(-367.5,82.5,450.));
#7857 = LINE('',#7858,#7859);
#7858 = CARTESIAN_POINT('',(-367.5,82.5,445.));
#7859 = VECTOR('',#7860,1.);
#7860 = DIRECTION('',(0.,0.,1.));
#7861 = ORIENTED_EDGE('',*,*,#7862,.T.);
#7862 = EDGE_CURVE('',#7855,#7809,#7863,.T.);
#7863 = LINE('',#7864,#7865);
#7864 = CARTESIAN_POINT('',(-367.5,82.5,450.));
#7865 = VECTOR('',#7866,1.);
#7866 = DIRECTION('',(1.,0.,0.));
#7867 = ORIENTED_EDGE('',*,*,#7832,.F.);
#7868 = PLANE('',#7869);
#7869 = AXIS2_PLACEMENT_3D('',#7870,#7871,#7872);
#7870 = CARTESIAN_POINT('',(-367.5,82.5,445.));
#7871 = DIRECTION('',(0.,1.,0.));
#7872 = DIRECTION('',(0.,0.,1.));
#7873 = ADVANCED_FACE('',(#7874),#7899,.T.);
#7874 = FACE_BOUND('',#7875,.T.);
#7875 = EDGE_LOOP('',(#7876,#7884,#7892,#7898));
#7876 = ORIENTED_EDGE('',*,*,#7877,.F.);
#7877 = EDGE_CURVE('',#7878,#7817,#7880,.T.);
#7878 = VERTEX_POINT('',#7879);
#7879 = CARTESIAN_POINT('',(-367.5,-82.5,445.));
#7880 = LINE('',#7881,#7882);
#7881 = CARTESIAN_POINT('',(-367.5,-82.5,445.));
#7882 = VECTOR('',#7883,1.);
#7883 = DIRECTION('',(1.,0.,0.));
#7884 = ORIENTED_EDGE('',*,*,#7885,.T.);
#7885 = EDGE_CURVE('',#7878,#7886,#7888,.T.);
#7886 = VERTEX_POINT('',#7887);
#7887 = CARTESIAN_POINT('',(-367.5,-82.5,450.));
#7888 = LINE('',#7889,#7890);
#7889 = CARTESIAN_POINT('',(-367.5,-82.5,445.));
#7890 = VECTOR('',#7891,1.);
#7891 = DIRECTION('',(0.,0.,1.));
#7892 = ORIENTED_EDGE('',*,*,#7893,.T.);
#7893 = EDGE_CURVE('',#7886,#7807,#7894,.T.);
#7894 = LINE('',#7895,#7896);
#7895 = CARTESIAN_POINT('',(-367.5,-82.5,450.));
#7896 = VECTOR('',#7897,1.);
#7897 = DIRECTION('',(1.,0.,0.));
#7898 = ORIENTED_EDGE('',*,*,#7816,.F.);
#7899 = PLANE('',#7900);
#7900 = AXIS2_PLACEMENT_3D('',#7901,#7902,#7903);
#7901 = CARTESIAN_POINT('',(-367.5,-82.5,445.));
#7902 = DIRECTION('',(0.,1.,0.));
#7903 = DIRECTION('',(0.,0.,1.));
#7904 = ADVANCED_FACE('',(#7905),#7939,.F.);
#7905 = FACE_BOUND('',#7906,.F.);
#7906 = EDGE_LOOP('',(#7907,#7917,#7925,#7933));
#7907 = ORIENTED_EDGE('',*,*,#7908,.F.);
#7908 = EDGE_CURVE('',#7909,#7911,#7913,.T.);
#7909 = VERTEX_POINT('',#7910);
#7910 = CARTESIAN_POINT('',(-326.5,-326.5,450.));
#7911 = VERTEX_POINT('',#7912);
#7912 = CARTESIAN_POINT('',(-326.5,-117.5,450.));
#7913 = LINE('',#7914,#7915);
#7914 = CARTESIAN_POINT('',(-326.5,-326.5,450.));
#7915 = VECTOR('',#7916,1.);
#7916 = DIRECTION('',(0.,1.,0.));
#7917 = ORIENTED_EDGE('',*,*,#7918,.F.);
#7918 = EDGE_CURVE('',#7919,#7909,#7921,.T.);
#7919 = VERTEX_POINT('',#7920);
#7920 = CARTESIAN_POINT('',(-326.5,-326.5,445.));
#7921 = LINE('',#7922,#7923);
#7922 = CARTESIAN_POINT('',(-326.5,-326.5,445.));
#7923 = VECTOR('',#7924,1.);
#7924 = DIRECTION('',(0.,0.,1.));
#7925 = ORIENTED_EDGE('',*,*,#7926,.T.);
#7926 = EDGE_CURVE('',#7919,#7927,#7929,.T.);
#7927 = VERTEX_POINT('',#7928);
#7928 = CARTESIAN_POINT('',(-326.5,-117.5,445.));
#7929 = LINE('',#7930,#7931);
#7930 = CARTESIAN_POINT('',(-326.5,-326.5,445.));
#7931 = VECTOR('',#7932,1.);
#7932 = DIRECTION('',(0.,1.,0.));
#7933 = ORIENTED_EDGE('',*,*,#7934,.T.);
#7934 = EDGE_CURVE('',#7927,#7911,#7935,.T.);
#7935 = LINE('',#7936,#7937);
#7936 = CARTESIAN_POINT('',(-326.5,-117.5,445.));
#7937 = VECTOR('',#7938,1.);
#7938 = DIRECTION('',(0.,0.,1.));
#7939 = PLANE('',#7940);
#7940 = AXIS2_PLACEMENT_3D('',#7941,#7942,#7943);
#7941 = CARTESIAN_POINT('',(-326.5,-326.5,445.));
#7942 = DIRECTION('',(1.,0.,0.));
#7943 = DIRECTION('',(0.,0.,1.));
#7944 = ADVANCED_FACE('',(#7945),#7970,.F.);
#7945 = FACE_BOUND('',#7946,.F.);
#7946 = EDGE_LOOP('',(#7947,#7955,#7963,#7969));
#7947 = ORIENTED_EDGE('',*,*,#7948,.F.);
#7948 = EDGE_CURVE('',#7949,#7927,#7951,.T.);
#7949 = VERTEX_POINT('',#7950);
#7950 = CARTESIAN_POINT('',(-367.5,-117.5,445.));
#7951 = LINE('',#7952,#7953);
#7952 = CARTESIAN_POINT('',(-367.5,-117.5,445.));
#7953 = VECTOR('',#7954,1.);
#7954 = DIRECTION('',(1.,0.,0.));
#7955 = ORIENTED_EDGE('',*,*,#7956,.T.);
#7956 = EDGE_CURVE('',#7949,#7957,#7959,.T.);
#7957 = VERTEX_POINT('',#7958);
#7958 = CARTESIAN_POINT('',(-367.5,-117.5,450.));
#7959 = LINE('',#7960,#7961);
#7960 = CARTESIAN_POINT('',(-367.5,-117.5,445.));
#7961 = VECTOR('',#7962,1.);
#7962 = DIRECTION('',(0.,0.,1.));
#7963 = ORIENTED_EDGE('',*,*,#7964,.T.);
#7964 = EDGE_CURVE('',#7957,#7911,#7965,.T.);
#7965 = LINE('',#7966,#7967);
#7966 = CARTESIAN_POINT('',(-367.5,-117.5,450.));
#7967 = VECTOR('',#7968,1.);
#7968 = DIRECTION('',(1.,0.,0.));
#7969 = ORIENTED_EDGE('',*,*,#7934,.F.);
#7970 = PLANE('',#7971);
#7971 = AXIS2_PLACEMENT_3D('',#7972,#7973,#7974);
#7972 = CARTESIAN_POINT('',(-367.5,-117.5,445.));
#7973 = DIRECTION('',(0.,1.,0.));
#7974 = DIRECTION('',(0.,0.,1.));
#7975 = ADVANCED_FACE('',(#7976),#8001,.F.);
#7976 = FACE_BOUND('',#7977,.F.);
#7977 = EDGE_LOOP('',(#7978,#7986,#7987,#7995));
#7978 = ORIENTED_EDGE('',*,*,#7979,.F.);
#7979 = EDGE_CURVE('',#7919,#7980,#7982,.T.);
#7980 = VERTEX_POINT('',#7981);
#7981 = CARTESIAN_POINT('',(326.5,-326.5,445.));
#7982 = LINE('',#7983,#7984);
#7983 = CARTESIAN_POINT('',(-326.5,-326.5,445.));
#7984 = VECTOR('',#7985,1.);
#7985 = DIRECTION('',(1.,0.,0.));
#7986 = ORIENTED_EDGE('',*,*,#7918,.T.);
#7987 = ORIENTED_EDGE('',*,*,#7988,.T.);
#7988 = EDGE_CURVE('',#7909,#7989,#7991,.T.);
#7989 = VERTEX_POINT('',#7990);
#7990 = CARTESIAN_POINT('',(326.5,-326.5,450.));
#7991 = LINE('',#7992,#7993);
#7992 = CARTESIAN_POINT('',(-326.5,-326.5,450.));
#7993 = VECTOR('',#7994,1.);
#7994 = DIRECTION('',(1.,0.,0.));
#7995 = ORIENTED_EDGE('',*,*,#7996,.F.);
#7996 = EDGE_CURVE('',#7980,#7989,#7997,.T.);
#7997 = LINE('',#7998,#7999);
#7998 = CARTESIAN_POINT('',(326.5,-326.5,445.));
#7999 = VECTOR('',#8000,1.);
#8000 = DIRECTION('',(0.,0.,1.));
#8001 = PLANE('',#8002);
#8002 = AXIS2_PLACEMENT_3D('',#8003,#8004,#8005);
#8003 = CARTESIAN_POINT('',(-326.5,-326.5,445.));
#8004 = DIRECTION('',(0.,1.,0.));
#8005 = DIRECTION('',(0.,0.,1.));
#8006 = ADVANCED_FACE('',(#8007),#8032,.T.);
#8007 = FACE_BOUND('',#8008,.T.);
#8008 = EDGE_LOOP('',(#8009,#8017,#8018,#8026));
#8009 = ORIENTED_EDGE('',*,*,#8010,.F.);
#8010 = EDGE_CURVE('',#7989,#8011,#8013,.T.);
#8011 = VERTEX_POINT('',#8012);
#8012 = CARTESIAN_POINT('',(326.5,-117.5,450.));
#8013 = LINE('',#8014,#8015);
#8014 = CARTESIAN_POINT('',(326.5,-326.5,450.));
#8015 = VECTOR('',#8016,1.);
#8016 = DIRECTION('',(0.,1.,0.));
#8017 = ORIENTED_EDGE('',*,*,#7996,.F.);
#8018 = ORIENTED_EDGE('',*,*,#8019,.T.);
#8019 = EDGE_CURVE('',#7980,#8020,#8022,.T.);
#8020 = VERTEX_POINT('',#8021);
#8021 = CARTESIAN_POINT('',(326.5,-117.5,445.));
#8022 = LINE('',#8023,#8024);
#8023 = CARTESIAN_POINT('',(326.5,-326.5,445.));
#8024 = VECTOR('',#8025,1.);
#8025 = DIRECTION('',(0.,1.,0.));
#8026 = ORIENTED_EDGE('',*,*,#8027,.T.);
#8027 = EDGE_CURVE('',#8020,#8011,#8028,.T.);
#8028 = LINE('',#8029,#8030);
#8029 = CARTESIAN_POINT('',(326.5,-117.5,445.));
#8030 = VECTOR('',#8031,1.);
#8031 = DIRECTION('',(0.,0.,1.));
#8032 = PLANE('',#8033);
#8033 = AXIS2_PLACEMENT_3D('',#8034,#8035,#8036);
#8034 = CARTESIAN_POINT('',(326.5,-326.5,445.));
#8035 = DIRECTION('',(1.,0.,0.));
#8036 = DIRECTION('',(0.,0.,1.));
#8037 = ADVANCED_FACE('',(#8038),#8054,.F.);
#8038 = FACE_BOUND('',#8039,.F.);
#8039 = EDGE_LOOP('',(#8040,#8041,#8047,#8048));
#8040 = ORIENTED_EDGE('',*,*,#7956,.F.);
#8041 = ORIENTED_EDGE('',*,*,#8042,.T.);
#8042 = EDGE_CURVE('',#7949,#7878,#8043,.T.);
#8043 = LINE('',#8044,#8045);
#8044 = CARTESIAN_POINT('',(-367.5,-117.5,445.));
#8045 = VECTOR('',#8046,1.);
#8046 = DIRECTION('',(0.,1.,0.));
#8047 = ORIENTED_EDGE('',*,*,#7885,.T.);
#8048 = ORIENTED_EDGE('',*,*,#8049,.F.);
#8049 = EDGE_CURVE('',#7957,#7886,#8050,.T.);
#8050 = LINE('',#8051,#8052);
#8051 = CARTESIAN_POINT('',(-367.5,-117.5,450.));
#8052 = VECTOR('',#8053,1.);
#8053 = DIRECTION('',(0.,1.,0.));
#8054 = PLANE('',#8055);
#8055 = AXIS2_PLACEMENT_3D('',#8056,#8057,#8058);
#8056 = CARTESIAN_POINT('',(-367.5,-117.5,445.));
#8057 = DIRECTION('',(1.,0.,0.));
#8058 = DIRECTION('',(0.,0.,1.));
#8059 = ADVANCED_FACE('',(#8060),#8085,.F.);
#8060 = FACE_BOUND('',#8061,.F.);
#8061 = EDGE_LOOP('',(#8062,#8070,#8071,#8079));
#8062 = ORIENTED_EDGE('',*,*,#8063,.F.);
#8063 = EDGE_CURVE('',#8020,#8064,#8066,.T.);
#8064 = VERTEX_POINT('',#8065);
#8065 = CARTESIAN_POINT('',(367.5,-117.5,445.));
#8066 = LINE('',#8067,#8068);
#8067 = CARTESIAN_POINT('',(324.5,-117.5,445.));
#8068 = VECTOR('',#8069,1.);
#8069 = DIRECTION('',(1.,0.,0.));
#8070 = ORIENTED_EDGE('',*,*,#8027,.T.);
#8071 = ORIENTED_EDGE('',*,*,#8072,.T.);
#8072 = EDGE_CURVE('',#8011,#8073,#8075,.T.);
#8073 = VERTEX_POINT('',#8074);
#8074 = CARTESIAN_POINT('',(367.5,-117.5,450.));
#8075 = LINE('',#8076,#8077);
#8076 = CARTESIAN_POINT('',(324.5,-117.5,450.));
#8077 = VECTOR('',#8078,1.);
#8078 = DIRECTION('',(1.,0.,0.));
#8079 = ORIENTED_EDGE('',*,*,#8080,.F.);
#8080 = EDGE_CURVE('',#8064,#8073,#8081,.T.);
#8081 = LINE('',#8082,#8083);
#8082 = CARTESIAN_POINT('',(367.5,-117.5,445.));
#8083 = VECTOR('',#8084,1.);
#8084 = DIRECTION('',(0.,0.,1.));
#8085 = PLANE('',#8086);
#8086 = AXIS2_PLACEMENT_3D('',#8087,#8088,#8089);
#8087 = CARTESIAN_POINT('',(324.5,-117.5,445.));
#8088 = DIRECTION('',(0.,1.,0.));
#8089 = DIRECTION('',(0.,0.,1.));
#8090 = ADVANCED_FACE('',(#8091),#8116,.F.);
#8091 = FACE_BOUND('',#8092,.F.);
#8092 = EDGE_LOOP('',(#8093,#8094,#8102,#8110));
#8093 = ORIENTED_EDGE('',*,*,#7854,.F.);
#8094 = ORIENTED_EDGE('',*,*,#8095,.T.);
#8095 = EDGE_CURVE('',#7847,#8096,#8098,.T.);
#8096 = VERTEX_POINT('',#8097);
#8097 = CARTESIAN_POINT('',(-367.5,117.5,445.));
#8098 = LINE('',#8099,#8100);
#8099 = CARTESIAN_POINT('',(-367.5,82.5,445.));
#8100 = VECTOR('',#8101,1.);
#8101 = DIRECTION('',(0.,1.,0.));
#8102 = ORIENTED_EDGE('',*,*,#8103,.T.);
#8103 = EDGE_CURVE('',#8096,#8104,#8106,.T.);
#8104 = VERTEX_POINT('',#8105);
#8105 = CARTESIAN_POINT('',(-367.5,117.5,450.));
#8106 = LINE('',#8107,#8108);
#8107 = CARTESIAN_POINT('',(-367.5,117.5,445.));
#8108 = VECTOR('',#8109,1.);
#8109 = DIRECTION('',(0.,0.,1.));
#8110 = ORIENTED_EDGE('',*,*,#8111,.F.);
#8111 = EDGE_CURVE('',#7855,#8104,#8112,.T.);
#8112 = LINE('',#8113,#8114);
#8113 = CARTESIAN_POINT('',(-367.5,82.5,450.));
#8114 = VECTOR('',#8115,1.);
#8115 = DIRECTION('',(0.,1.,0.));
#8116 = PLANE('',#8117);
#8117 = AXIS2_PLACEMENT_3D('',#8118,#8119,#8120);
#8118 = CARTESIAN_POINT('',(-367.5,82.5,445.));
#8119 = DIRECTION('',(1.,0.,0.));
#8120 = DIRECTION('',(0.,0.,1.));
#8121 = ADVANCED_FACE('',(#8122),#8156,.F.);
#8122 = FACE_BOUND('',#8123,.F.);
#8123 = EDGE_LOOP('',(#8124,#8134,#8142,#8150));
#8124 = ORIENTED_EDGE('',*,*,#8125,.F.);
#8125 = EDGE_CURVE('',#8126,#8128,#8130,.T.);
#8126 = VERTEX_POINT('',#8127);
#8127 = CARTESIAN_POINT('',(-326.5,117.5,450.));
#8128 = VERTEX_POINT('',#8129);
#8129 = CARTESIAN_POINT('',(-326.5,326.5,450.));
#8130 = LINE('',#8131,#8132);
#8131 = CARTESIAN_POINT('',(-326.5,-326.5,450.));
#8132 = VECTOR('',#8133,1.);
#8133 = DIRECTION('',(0.,1.,0.));
#8134 = ORIENTED_EDGE('',*,*,#8135,.F.);
#8135 = EDGE_CURVE('',#8136,#8126,#8138,.T.);
#8136 = VERTEX_POINT('',#8137);
#8137 = CARTESIAN_POINT('',(-326.5,117.5,445.));
#8138 = LINE('',#8139,#8140);
#8139 = CARTESIAN_POINT('',(-326.5,117.5,445.));
#8140 = VECTOR('',#8141,1.);
#8141 = DIRECTION('',(0.,0.,1.));
#8142 = ORIENTED_EDGE('',*,*,#8143,.T.);
#8143 = EDGE_CURVE('',#8136,#8144,#8146,.T.);
#8144 = VERTEX_POINT('',#8145);
#8145 = CARTESIAN_POINT('',(-326.5,326.5,445.));
#8146 = LINE('',#8147,#8148);
#8147 = CARTESIAN_POINT('',(-326.5,-326.5,445.));
#8148 = VECTOR('',#8149,1.);
#8149 = DIRECTION('',(0.,1.,0.));
#8150 = ORIENTED_EDGE('',*,*,#8151,.T.);
#8151 = EDGE_CURVE('',#8144,#8128,#8152,.T.);
#8152 = LINE('',#8153,#8154);
#8153 = CARTESIAN_POINT('',(-326.5,326.5,445.));
#8154 = VECTOR('',#8155,1.);
#8155 = DIRECTION('',(0.,0.,1.));
#8156 = PLANE('',#8157);
#8157 = AXIS2_PLACEMENT_3D('',#8158,#8159,#8160);
#8158 = CARTESIAN_POINT('',(-326.5,-326.5,445.));
#8159 = DIRECTION('',(1.,0.,0.));
#8160 = DIRECTION('',(0.,0.,1.));
#8161 = ADVANCED_FACE('',(#8162),#8187,.T.);
#8162 = FACE_BOUND('',#8163,.T.);
#8163 = EDGE_LOOP('',(#8164,#8172,#8173,#8181));
#8164 = ORIENTED_EDGE('',*,*,#8165,.F.);
#8165 = EDGE_CURVE('',#8144,#8166,#8168,.T.);
#8166 = VERTEX_POINT('',#8167);
#8167 = CARTESIAN_POINT('',(326.5,326.5,445.));
#8168 = LINE('',#8169,#8170);
#8169 = CARTESIAN_POINT('',(-326.5,326.5,445.));
#8170 = VECTOR('',#8171,1.);
#8171 = DIRECTION('',(1.,0.,0.));
#8172 = ORIENTED_EDGE('',*,*,#8151,.T.);
#8173 = ORIENTED_EDGE('',*,*,#8174,.T.);
#8174 = EDGE_CURVE('',#8128,#8175,#8177,.T.);
#8175 = VERTEX_POINT('',#8176);
#8176 = CARTESIAN_POINT('',(326.5,326.5,450.));
#8177 = LINE('',#8178,#8179);
#8178 = CARTESIAN_POINT('',(-326.5,326.5,450.));
#8179 = VECTOR('',#8180,1.);
#8180 = DIRECTION('',(1.,0.,0.));
#8181 = ORIENTED_EDGE('',*,*,#8182,.F.);
#8182 = EDGE_CURVE('',#8166,#8175,#8183,.T.);
#8183 = LINE('',#8184,#8185);
#8184 = CARTESIAN_POINT('',(326.5,326.5,445.));
#8185 = VECTOR('',#8186,1.);
#8186 = DIRECTION('',(0.,0.,1.));
#8187 = PLANE('',#8188);
#8188 = AXIS2_PLACEMENT_3D('',#8189,#8190,#8191);
#8189 = CARTESIAN_POINT('',(-326.5,326.5,445.));
#8190 = DIRECTION('',(0.,1.,0.));
#8191 = DIRECTION('',(0.,0.,1.));
#8192 = ADVANCED_FACE('',(#8193),#8218,.T.);
#8193 = FACE_BOUND('',#8194,.T.);
#8194 = EDGE_LOOP('',(#8195,#8203,#8211,#8217));
#8195 = ORIENTED_EDGE('',*,*,#8196,.F.);
#8196 = EDGE_CURVE('',#8197,#8175,#8199,.T.);
#8197 = VERTEX_POINT('',#8198);
#8198 = CARTESIAN_POINT('',(326.5,117.5,450.));
#8199 = LINE('',#8200,#8201);
#8200 = CARTESIAN_POINT('',(326.5,-326.5,450.));
#8201 = VECTOR('',#8202,1.);
#8202 = DIRECTION('',(0.,1.,0.));
#8203 = ORIENTED_EDGE('',*,*,#8204,.F.);
#8204 = EDGE_CURVE('',#8205,#8197,#8207,.T.);
#8205 = VERTEX_POINT('',#8206);
#8206 = CARTESIAN_POINT('',(326.5,117.5,445.));
#8207 = LINE('',#8208,#8209);
#8208 = CARTESIAN_POINT('',(326.5,117.5,445.));
#8209 = VECTOR('',#8210,1.);
#8210 = DIRECTION('',(0.,0.,1.));
#8211 = ORIENTED_EDGE('',*,*,#8212,.T.);
#8212 = EDGE_CURVE('',#8205,#8166,#8213,.T.);
#8213 = LINE('',#8214,#8215);
#8214 = CARTESIAN_POINT('',(326.5,-326.5,445.));
#8215 = VECTOR('',#8216,1.);
#8216 = DIRECTION('',(0.,1.,0.));
#8217 = ORIENTED_EDGE('',*,*,#8182,.T.);
#8218 = PLANE('',#8219);
#8219 = AXIS2_PLACEMENT_3D('',#8220,#8221,#8222);
#8220 = CARTESIAN_POINT('',(326.5,-326.5,445.));
#8221 = DIRECTION('',(1.,0.,0.));
#8222 = DIRECTION('',(0.,0.,1.));
#8223 = ADVANCED_FACE('',(#8224),#8240,.T.);
#8224 = FACE_BOUND('',#8225,.T.);
#8225 = EDGE_LOOP('',(#8226,#8232,#8233,#8239));
#8226 = ORIENTED_EDGE('',*,*,#8227,.F.);
#8227 = EDGE_CURVE('',#8096,#8136,#8228,.T.);
#8228 = LINE('',#8229,#8230);
#8229 = CARTESIAN_POINT('',(-367.5,117.5,445.));
#8230 = VECTOR('',#8231,1.);
#8231 = DIRECTION('',(1.,0.,0.));
#8232 = ORIENTED_EDGE('',*,*,#8103,.T.);
#8233 = ORIENTED_EDGE('',*,*,#8234,.T.);
#8234 = EDGE_CURVE('',#8104,#8126,#8235,.T.);
#8235 = LINE('',#8236,#8237);
#8236 = CARTESIAN_POINT('',(-367.5,117.5,450.));
#8237 = VECTOR('',#8238,1.);
#8238 = DIRECTION('',(1.,0.,0.));
#8239 = ORIENTED_EDGE('',*,*,#8135,.F.);
#8240 = PLANE('',#8241);
#8241 = AXIS2_PLACEMENT_3D('',#8242,#8243,#8244);
#8242 = CARTESIAN_POINT('',(-367.5,117.5,445.));
#8243 = DIRECTION('',(0.,1.,0.));
#8244 = DIRECTION('',(0.,0.,1.));
#8245 = ADVANCED_FACE('',(#8246),#8262,.T.);
#8246 = FACE_BOUND('',#8247,.T.);
#8247 = EDGE_LOOP('',(#8248,#8254,#8255,#8261));
#8248 = ORIENTED_EDGE('',*,*,#8249,.F.);
#8249 = EDGE_CURVE('',#8205,#7777,#8250,.T.);
#8250 = LINE('',#8251,#8252);
#8251 = CARTESIAN_POINT('',(324.5,117.5,445.));
#8252 = VECTOR('',#8253,1.);
#8253 = DIRECTION('',(1.,0.,0.));
#8254 = ORIENTED_EDGE('',*,*,#8204,.T.);
#8255 = ORIENTED_EDGE('',*,*,#8256,.T.);
#8256 = EDGE_CURVE('',#8197,#7785,#8257,.T.);
#8257 = LINE('',#8258,#8259);
#8258 = CARTESIAN_POINT('',(324.5,117.5,450.));
#8259 = VECTOR('',#8260,1.);
#8260 = DIRECTION('',(1.,0.,0.));
#8261 = ORIENTED_EDGE('',*,*,#7784,.F.);
#8262 = PLANE('',#8263);
#8263 = AXIS2_PLACEMENT_3D('',#8264,#8265,#8266);
#8264 = CARTESIAN_POINT('',(324.5,117.5,445.));
#8265 = DIRECTION('',(0.,1.,0.));
#8266 = DIRECTION('',(0.,0.,1.));
#8267 = ADVANCED_FACE('',(#8268),#8284,.T.);
#8268 = FACE_BOUND('',#8269,.T.);
#8269 = EDGE_LOOP('',(#8270,#8271,#8277,#8278));
#8270 = ORIENTED_EDGE('',*,*,#8080,.F.);
#8271 = ORIENTED_EDGE('',*,*,#8272,.T.);
#8272 = EDGE_CURVE('',#8064,#7745,#8273,.T.);
#8273 = LINE('',#8274,#8275);
#8274 = CARTESIAN_POINT('',(367.5,-117.5,445.));
#8275 = VECTOR('',#8276,1.);
#8276 = DIRECTION('',(0.,1.,0.));
#8277 = ORIENTED_EDGE('',*,*,#7761,.T.);
#8278 = ORIENTED_EDGE('',*,*,#8279,.F.);
#8279 = EDGE_CURVE('',#8073,#7754,#8280,.T.);
#8280 = LINE('',#8281,#8282);
#8281 = CARTESIAN_POINT('',(367.5,-117.5,450.));
#8282 = VECTOR('',#8283,1.);
#8283 = DIRECTION('',(0.,1.,0.));
#8284 = PLANE('',#8285);
#8285 = AXIS2_PLACEMENT_3D('',#8286,#8287,#8288);
#8286 = CARTESIAN_POINT('',(367.5,-117.5,445.));
#8287 = DIRECTION('',(1.,0.,0.));
#8288 = DIRECTION('',(0.,0.,1.));
#8289 = ADVANCED_FACE('',(#8290,#8312),#8346,.T.);
#8290 = FACE_BOUND('',#8291,.T.);
#8291 = EDGE_LOOP('',(#8292,#8293,#8294,#8295,#8296,#8297,#8298,#8299,
    #8300,#8301,#8302,#8303,#8304,#8305,#8306,#8307,#8308,#8309,#8310,
    #8311));
#8292 = ORIENTED_EDGE('',*,*,#7908,.F.);
#8293 = ORIENTED_EDGE('',*,*,#7988,.T.);
#8294 = ORIENTED_EDGE('',*,*,#8010,.T.);
#8295 = ORIENTED_EDGE('',*,*,#8072,.T.);
#8296 = ORIENTED_EDGE('',*,*,#8279,.T.);
#8297 = ORIENTED_EDGE('',*,*,#7753,.F.);
#8298 = ORIENTED_EDGE('',*,*,#7673,.T.);
#8299 = ORIENTED_EDGE('',*,*,#7722,.T.);
#8300 = ORIENTED_EDGE('',*,*,#7792,.T.);
#8301 = ORIENTED_EDGE('',*,*,#8256,.F.);
#8302 = ORIENTED_EDGE('',*,*,#8196,.T.);
#8303 = ORIENTED_EDGE('',*,*,#8174,.F.);
#8304 = ORIENTED_EDGE('',*,*,#8125,.F.);
#8305 = ORIENTED_EDGE('',*,*,#8234,.F.);
#8306 = ORIENTED_EDGE('',*,*,#8111,.F.);
#8307 = ORIENTED_EDGE('',*,*,#7862,.T.);
#8308 = ORIENTED_EDGE('',*,*,#7806,.F.);
#8309 = ORIENTED_EDGE('',*,*,#7893,.F.);
#8310 = ORIENTED_EDGE('',*,*,#8049,.F.);
#8311 = ORIENTED_EDGE('',*,*,#7964,.T.);
#8312 = FACE_BOUND('',#8313,.T.);
#8313 = EDGE_LOOP('',(#8314,#8324,#8332,#8340));
#8314 = ORIENTED_EDGE('',*,*,#8315,.F.);
#8315 = EDGE_CURVE('',#8316,#8318,#8320,.T.);
#8316 = VERTEX_POINT('',#8317);
#8317 = CARTESIAN_POINT('',(-281.,-281.,450.));
#8318 = VERTEX_POINT('',#8319);
#8319 = CARTESIAN_POINT('',(281.,-281.,450.));
#8320 = LINE('',#8321,#8322);
#8321 = CARTESIAN_POINT('',(-281.,-281.,450.));
#8322 = VECTOR('',#8323,1.);
#8323 = DIRECTION('',(1.,0.,0.));
#8324 = ORIENTED_EDGE('',*,*,#8325,.T.);
#8325 = EDGE_CURVE('',#8316,#8326,#8328,.T.);
#8326 = VERTEX_POINT('',#8327);
#8327 = CARTESIAN_POINT('',(-281.,281.,450.));
#8328 = LINE('',#8329,#8330);
#8329 = CARTESIAN_POINT('',(-281.,-281.,450.));
#8330 = VECTOR('',#8331,1.);
#8331 = DIRECTION('',(0.,1.,0.));
#8332 = ORIENTED_EDGE('',*,*,#8333,.T.);
#8333 = EDGE_CURVE('',#8326,#8334,#8336,.T.);
#8334 = VERTEX_POINT('',#8335);
#8335 = CARTESIAN_POINT('',(281.,281.,450.));
#8336 = LINE('',#8337,#8338);
#8337 = CARTESIAN_POINT('',(-281.,281.,450.));
#8338 = VECTOR('',#8339,1.);
#8339 = DIRECTION('',(1.,0.,0.));
#8340 = ORIENTED_EDGE('',*,*,#8341,.F.);
#8341 = EDGE_CURVE('',#8318,#8334,#8342,.T.);
#8342 = LINE('',#8343,#8344);
#8343 = CARTESIAN_POINT('',(281.,-281.,450.));
#8344 = VECTOR('',#8345,1.);
#8345 = DIRECTION('',(0.,1.,0.));
#8346 = PLANE('',#8347);
#8347 = AXIS2_PLACEMENT_3D('',#8348,#8349,#8350);
#8348 = CARTESIAN_POINT('',(0.,0.,450.));
#8349 = DIRECTION('',(0.,0.,1.));
#8350 = DIRECTION('',(1.,0.,0.));
#8351 = ADVANCED_FACE('',(#8352),#8377,.T.);
#8352 = FACE_BOUND('',#8353,.T.);
#8353 = EDGE_LOOP('',(#8354,#8364,#8370,#8371));
#8354 = ORIENTED_EDGE('',*,*,#8355,.F.);
#8355 = EDGE_CURVE('',#8356,#8358,#8360,.T.);
#8356 = VERTEX_POINT('',#8357);
#8357 = CARTESIAN_POINT('',(-281.,-281.,445.));
#8358 = VERTEX_POINT('',#8359);
#8359 = CARTESIAN_POINT('',(281.,-281.,445.));
#8360 = LINE('',#8361,#8362);
#8361 = CARTESIAN_POINT('',(-281.,-281.,445.));
#8362 = VECTOR('',#8363,1.);
#8363 = DIRECTION('',(1.,0.,0.));
#8364 = ORIENTED_EDGE('',*,*,#8365,.T.);
#8365 = EDGE_CURVE('',#8356,#8316,#8366,.T.);
#8366 = LINE('',#8367,#8368);
#8367 = CARTESIAN_POINT('',(-281.,-281.,445.));
#8368 = VECTOR('',#8369,1.);
#8369 = DIRECTION('',(0.,0.,1.));
#8370 = ORIENTED_EDGE('',*,*,#8315,.T.);
#8371 = ORIENTED_EDGE('',*,*,#8372,.F.);
#8372 = EDGE_CURVE('',#8358,#8318,#8373,.T.);
#8373 = LINE('',#8374,#8375);
#8374 = CARTESIAN_POINT('',(281.,-281.,445.));
#8375 = VECTOR('',#8376,1.);
#8376 = DIRECTION('',(0.,0.,1.));
#8377 = PLANE('',#8378);
#8378 = AXIS2_PLACEMENT_3D('',#8379,#8380,#8381);
#8379 = CARTESIAN_POINT('',(-281.,-281.,445.));
#8380 = DIRECTION('',(0.,1.,0.));
#8381 = DIRECTION('',(0.,0.,1.));
#8382 = ADVANCED_FACE('',(#8383),#8401,.T.);
#8383 = FACE_BOUND('',#8384,.T.);
#8384 = EDGE_LOOP('',(#8385,#8386,#8394,#8400));
#8385 = ORIENTED_EDGE('',*,*,#8365,.F.);
#8386 = ORIENTED_EDGE('',*,*,#8387,.T.);
#8387 = EDGE_CURVE('',#8356,#8388,#8390,.T.);
#8388 = VERTEX_POINT('',#8389);
#8389 = CARTESIAN_POINT('',(-281.,281.,445.));
#8390 = LINE('',#8391,#8392);
#8391 = CARTESIAN_POINT('',(-281.,-281.,445.));
#8392 = VECTOR('',#8393,1.);
#8393 = DIRECTION('',(0.,1.,0.));
#8394 = ORIENTED_EDGE('',*,*,#8395,.T.);
#8395 = EDGE_CURVE('',#8388,#8326,#8396,.T.);
#8396 = LINE('',#8397,#8398);
#8397 = CARTESIAN_POINT('',(-281.,281.,445.));
#8398 = VECTOR('',#8399,1.);
#8399 = DIRECTION('',(0.,0.,1.));
#8400 = ORIENTED_EDGE('',*,*,#8325,.F.);
#8401 = PLANE('',#8402);
#8402 = AXIS2_PLACEMENT_3D('',#8403,#8404,#8405);
#8403 = CARTESIAN_POINT('',(-281.,-281.,445.));
#8404 = DIRECTION('',(1.,0.,0.));
#8405 = DIRECTION('',(0.,0.,1.));
#8406 = ADVANCED_FACE('',(#8407),#8425,.F.);
#8407 = FACE_BOUND('',#8408,.F.);
#8408 = EDGE_LOOP('',(#8409,#8410,#8418,#8424));
#8409 = ORIENTED_EDGE('',*,*,#8372,.F.);
#8410 = ORIENTED_EDGE('',*,*,#8411,.T.);
#8411 = EDGE_CURVE('',#8358,#8412,#8414,.T.);
#8412 = VERTEX_POINT('',#8413);
#8413 = CARTESIAN_POINT('',(281.,281.,445.));
#8414 = LINE('',#8415,#8416);
#8415 = CARTESIAN_POINT('',(281.,-281.,445.));
#8416 = VECTOR('',#8417,1.);
#8417 = DIRECTION('',(0.,1.,0.));
#8418 = ORIENTED_EDGE('',*,*,#8419,.T.);
#8419 = EDGE_CURVE('',#8412,#8334,#8420,.T.);
#8420 = LINE('',#8421,#8422);
#8421 = CARTESIAN_POINT('',(281.,281.,445.));
#8422 = VECTOR('',#8423,1.);
#8423 = DIRECTION('',(0.,0.,1.));
#8424 = ORIENTED_EDGE('',*,*,#8341,.F.);
#8425 = PLANE('',#8426);
#8426 = AXIS2_PLACEMENT_3D('',#8427,#8428,#8429);
#8427 = CARTESIAN_POINT('',(281.,-281.,445.));
#8428 = DIRECTION('',(1.,0.,0.));
#8429 = DIRECTION('',(0.,0.,1.));
#8430 = ADVANCED_FACE('',(#8431),#8442,.F.);
#8431 = FACE_BOUND('',#8432,.F.);
#8432 = EDGE_LOOP('',(#8433,#8439,#8440,#8441));
#8433 = ORIENTED_EDGE('',*,*,#8434,.F.);
#8434 = EDGE_CURVE('',#8388,#8412,#8435,.T.);
#8435 = LINE('',#8436,#8437);
#8436 = CARTESIAN_POINT('',(-281.,281.,445.));
#8437 = VECTOR('',#8438,1.);
#8438 = DIRECTION('',(1.,0.,0.));
#8439 = ORIENTED_EDGE('',*,*,#8395,.T.);
#8440 = ORIENTED_EDGE('',*,*,#8333,.T.);
#8441 = ORIENTED_EDGE('',*,*,#8419,.F.);
#8442 = PLANE('',#8443);
#8443 = AXIS2_PLACEMENT_3D('',#8444,#8445,#8446);
#8444 = CARTESIAN_POINT('',(-281.,281.,445.));
#8445 = DIRECTION('',(0.,1.,0.));
#8446 = DIRECTION('',(0.,0.,1.));
#8447 = ADVANCED_FACE('',(#8448,#8470),#8476,.T.);
#8448 = FACE_BOUND('',#8449,.T.);
#8449 = EDGE_LOOP('',(#8450,#8451,#8452,#8453,#8454,#8455,#8456,#8457,
    #8458,#8459,#8460,#8461,#8462,#8463,#8464,#8465,#8466,#8467,#8468,
    #8469));
#8450 = ORIENTED_EDGE('',*,*,#7926,.T.);
#8451 = ORIENTED_EDGE('',*,*,#7948,.F.);
#8452 = ORIENTED_EDGE('',*,*,#8042,.T.);
#8453 = ORIENTED_EDGE('',*,*,#7877,.T.);
#8454 = ORIENTED_EDGE('',*,*,#7824,.T.);
#8455 = ORIENTED_EDGE('',*,*,#7846,.F.);
#8456 = ORIENTED_EDGE('',*,*,#8095,.T.);
#8457 = ORIENTED_EDGE('',*,*,#8227,.T.);
#8458 = ORIENTED_EDGE('',*,*,#8143,.T.);
#8459 = ORIENTED_EDGE('',*,*,#8165,.T.);
#8460 = ORIENTED_EDGE('',*,*,#8212,.F.);
#8461 = ORIENTED_EDGE('',*,*,#8249,.T.);
#8462 = ORIENTED_EDGE('',*,*,#7776,.F.);
#8463 = ORIENTED_EDGE('',*,*,#7713,.F.);
#8464 = ORIENTED_EDGE('',*,*,#7691,.F.);
#8465 = ORIENTED_EDGE('',*,*,#7744,.T.);
#8466 = ORIENTED_EDGE('',*,*,#8272,.F.);
#8467 = ORIENTED_EDGE('',*,*,#8063,.F.);
#8468 = ORIENTED_EDGE('',*,*,#8019,.F.);
#8469 = ORIENTED_EDGE('',*,*,#7979,.F.);
#8470 = FACE_BOUND('',#8471,.T.);
#8471 = EDGE_LOOP('',(#8472,#8473,#8474,#8475));
#8472 = ORIENTED_EDGE('',*,*,#8355,.T.);
#8473 = ORIENTED_EDGE('',*,*,#8411,.T.);
#8474 = ORIENTED_EDGE('',*,*,#8434,.F.);
#8475 = ORIENTED_EDGE('',*,*,#8387,.F.);
#8476 = PLANE('',#8477);
#8477 = AXIS2_PLACEMENT_3D('',#8478,#8479,#8480);
#8478 = CARTESIAN_POINT('',(0.,0.,445.));
#8479 = DIRECTION('',(-0.,-0.,-1.));
#8480 = DIRECTION('',(-1.,0.,0.));
#8481 = MANIFOLD_SOLID_BREP('',#8482);
#8482 = CLOSED_SHELL('',(#8483,#8523,#8554,#8585,#8616,#8656,#8687,#8718
    ,#8758,#8789,#8820,#8851,#8873,#8904,#8935,#8975,#9006,#9037,#9059,
    #9081,#9103,#9165,#9196,#9220,#9244,#9261));
#8483 = ADVANCED_FACE('',(#8484),#8518,.T.);
#8484 = FACE_BOUND('',#8485,.T.);
#8485 = EDGE_LOOP('',(#8486,#8496,#8504,#8512));
#8486 = ORIENTED_EDGE('',*,*,#8487,.F.);
#8487 = EDGE_CURVE('',#8488,#8490,#8492,.T.);
#8488 = VERTEX_POINT('',#8489);
#8489 = CARTESIAN_POINT('',(326.5,-82.5,645.));
#8490 = VERTEX_POINT('',#8491);
#8491 = CARTESIAN_POINT('',(326.5,82.5,645.));
#8492 = LINE('',#8493,#8494);
#8493 = CARTESIAN_POINT('',(326.5,-326.5,645.));
#8494 = VECTOR('',#8495,1.);
#8495 = DIRECTION('',(0.,1.,0.));
#8496 = ORIENTED_EDGE('',*,*,#8497,.F.);
#8497 = EDGE_CURVE('',#8498,#8488,#8500,.T.);
#8498 = VERTEX_POINT('',#8499);
#8499 = CARTESIAN_POINT('',(326.5,-82.5,640.));
#8500 = LINE('',#8501,#8502);
#8501 = CARTESIAN_POINT('',(326.5,-82.5,640.));
#8502 = VECTOR('',#8503,1.);
#8503 = DIRECTION('',(0.,0.,1.));
#8504 = ORIENTED_EDGE('',*,*,#8505,.T.);
#8505 = EDGE_CURVE('',#8498,#8506,#8508,.T.);
#8506 = VERTEX_POINT('',#8507);
#8507 = CARTESIAN_POINT('',(326.5,82.5,640.));
#8508 = LINE('',#8509,#8510);
#8509 = CARTESIAN_POINT('',(326.5,-326.5,640.));
#8510 = VECTOR('',#8511,1.);
#8511 = DIRECTION('',(0.,1.,0.));
#8512 = ORIENTED_EDGE('',*,*,#8513,.T.);
#8513 = EDGE_CURVE('',#8506,#8490,#8514,.T.);
#8514 = LINE('',#8515,#8516);
#8515 = CARTESIAN_POINT('',(326.5,82.5,640.));
#8516 = VECTOR('',#8517,1.);
#8517 = DIRECTION('',(0.,0.,1.));
#8518 = PLANE('',#8519);
#8519 = AXIS2_PLACEMENT_3D('',#8520,#8521,#8522);
#8520 = CARTESIAN_POINT('',(326.5,-326.5,640.));
#8521 = DIRECTION('',(1.,0.,0.));
#8522 = DIRECTION('',(0.,0.,1.));
#8523 = ADVANCED_FACE('',(#8524),#8549,.F.);
#8524 = FACE_BOUND('',#8525,.F.);
#8525 = EDGE_LOOP('',(#8526,#8534,#8535,#8543));
#8526 = ORIENTED_EDGE('',*,*,#8527,.F.);
#8527 = EDGE_CURVE('',#8506,#8528,#8530,.T.);
#8528 = VERTEX_POINT('',#8529);
#8529 = CARTESIAN_POINT('',(367.5,82.5,640.));
#8530 = LINE('',#8531,#8532);
#8531 = CARTESIAN_POINT('',(324.5,82.5,640.));
#8532 = VECTOR('',#8533,1.);
#8533 = DIRECTION('',(1.,0.,0.));
#8534 = ORIENTED_EDGE('',*,*,#8513,.T.);
#8535 = ORIENTED_EDGE('',*,*,#8536,.T.);
#8536 = EDGE_CURVE('',#8490,#8537,#8539,.T.);
#8537 = VERTEX_POINT('',#8538);
#8538 = CARTESIAN_POINT('',(367.5,82.5,645.));
#8539 = LINE('',#8540,#8541);
#8540 = CARTESIAN_POINT('',(324.5,82.5,645.));
#8541 = VECTOR('',#8542,1.);
#8542 = DIRECTION('',(1.,0.,0.));
#8543 = ORIENTED_EDGE('',*,*,#8544,.F.);
#8544 = EDGE_CURVE('',#8528,#8537,#8545,.T.);
#8545 = LINE('',#8546,#8547);
#8546 = CARTESIAN_POINT('',(367.5,82.5,640.));
#8547 = VECTOR('',#8548,1.);
#8548 = DIRECTION('',(0.,0.,1.));
#8549 = PLANE('',#8550);
#8550 = AXIS2_PLACEMENT_3D('',#8551,#8552,#8553);
#8551 = CARTESIAN_POINT('',(324.5,82.5,640.));
#8552 = DIRECTION('',(0.,1.,0.));
#8553 = DIRECTION('',(0.,0.,1.));
#8554 = ADVANCED_FACE('',(#8555),#8580,.T.);
#8555 = FACE_BOUND('',#8556,.T.);
#8556 = EDGE_LOOP('',(#8557,#8565,#8566,#8574));
#8557 = ORIENTED_EDGE('',*,*,#8558,.F.);
#8558 = EDGE_CURVE('',#8498,#8559,#8561,.T.);
#8559 = VERTEX_POINT('',#8560);
#8560 = CARTESIAN_POINT('',(367.5,-82.5,640.));
#8561 = LINE('',#8562,#8563);
#8562 = CARTESIAN_POINT('',(324.5,-82.5,640.));
#8563 = VECTOR('',#8564,1.);
#8564 = DIRECTION('',(1.,0.,0.));
#8565 = ORIENTED_EDGE('',*,*,#8497,.T.);
#8566 = ORIENTED_EDGE('',*,*,#8567,.T.);
#8567 = EDGE_CURVE('',#8488,#8568,#8570,.T.);
#8568 = VERTEX_POINT('',#8569);
#8569 = CARTESIAN_POINT('',(367.5,-82.5,645.));
#8570 = LINE('',#8571,#8572);
#8571 = CARTESIAN_POINT('',(324.5,-82.5,645.));
#8572 = VECTOR('',#8573,1.);
#8573 = DIRECTION('',(1.,0.,0.));
#8574 = ORIENTED_EDGE('',*,*,#8575,.F.);
#8575 = EDGE_CURVE('',#8559,#8568,#8576,.T.);
#8576 = LINE('',#8577,#8578);
#8577 = CARTESIAN_POINT('',(367.5,-82.5,640.));
#8578 = VECTOR('',#8579,1.);
#8579 = DIRECTION('',(0.,0.,1.));
#8580 = PLANE('',#8581);
#8581 = AXIS2_PLACEMENT_3D('',#8582,#8583,#8584);
#8582 = CARTESIAN_POINT('',(324.5,-82.5,640.));
#8583 = DIRECTION('',(0.,1.,0.));
#8584 = DIRECTION('',(0.,0.,1.));
#8585 = ADVANCED_FACE('',(#8586),#8611,.T.);
#8586 = FACE_BOUND('',#8587,.T.);
#8587 = EDGE_LOOP('',(#8588,#8589,#8597,#8605));
#8588 = ORIENTED_EDGE('',*,*,#8544,.F.);
#8589 = ORIENTED_EDGE('',*,*,#8590,.T.);
#8590 = EDGE_CURVE('',#8528,#8591,#8593,.T.);
#8591 = VERTEX_POINT('',#8592);
#8592 = CARTESIAN_POINT('',(367.5,117.5,640.));
#8593 = LINE('',#8594,#8595);
#8594 = CARTESIAN_POINT('',(367.5,82.5,640.));
#8595 = VECTOR('',#8596,1.);
#8596 = DIRECTION('',(0.,1.,0.));
#8597 = ORIENTED_EDGE('',*,*,#8598,.T.);
#8598 = EDGE_CURVE('',#8591,#8599,#8601,.T.);
#8599 = VERTEX_POINT('',#8600);
#8600 = CARTESIAN_POINT('',(367.5,117.5,645.));
#8601 = LINE('',#8602,#8603);
#8602 = CARTESIAN_POINT('',(367.5,117.5,640.));
#8603 = VECTOR('',#8604,1.);
#8604 = DIRECTION('',(0.,0.,1.));
#8605 = ORIENTED_EDGE('',*,*,#8606,.F.);
#8606 = EDGE_CURVE('',#8537,#8599,#8607,.T.);
#8607 = LINE('',#8608,#8609);
#8608 = CARTESIAN_POINT('',(367.5,82.5,645.));
#8609 = VECTOR('',#8610,1.);
#8610 = DIRECTION('',(0.,1.,0.));
#8611 = PLANE('',#8612);
#8612 = AXIS2_PLACEMENT_3D('',#8613,#8614,#8615);
#8613 = CARTESIAN_POINT('',(367.5,82.5,640.));
#8614 = DIRECTION('',(1.,0.,0.));
#8615 = DIRECTION('',(0.,0.,1.));
#8616 = ADVANCED_FACE('',(#8617),#8651,.F.);
#8617 = FACE_BOUND('',#8618,.F.);
#8618 = EDGE_LOOP('',(#8619,#8629,#8637,#8645));
#8619 = ORIENTED_EDGE('',*,*,#8620,.F.);
#8620 = EDGE_CURVE('',#8621,#8623,#8625,.T.);
#8621 = VERTEX_POINT('',#8622);
#8622 = CARTESIAN_POINT('',(-326.5,-82.5,645.));
#8623 = VERTEX_POINT('',#8624);
#8624 = CARTESIAN_POINT('',(-326.5,82.5,645.));
#8625 = LINE('',#8626,#8627);
#8626 = CARTESIAN_POINT('',(-326.5,-326.5,645.));
#8627 = VECTOR('',#8628,1.);
#8628 = DIRECTION('',(0.,1.,0.));
#8629 = ORIENTED_EDGE('',*,*,#8630,.F.);
#8630 = EDGE_CURVE('',#8631,#8621,#8633,.T.);
#8631 = VERTEX_POINT('',#8632);
#8632 = CARTESIAN_POINT('',(-326.5,-82.5,640.));
#8633 = LINE('',#8634,#8635);
#8634 = CARTESIAN_POINT('',(-326.5,-82.5,640.));
#8635 = VECTOR('',#8636,1.);
#8636 = DIRECTION('',(0.,0.,1.));
#8637 = ORIENTED_EDGE('',*,*,#8638,.T.);
#8638 = EDGE_CURVE('',#8631,#8639,#8641,.T.);
#8639 = VERTEX_POINT('',#8640);
#8640 = CARTESIAN_POINT('',(-326.5,82.5,640.));
#8641 = LINE('',#8642,#8643);
#8642 = CARTESIAN_POINT('',(-326.5,-326.5,640.));
#8643 = VECTOR('',#8644,1.);
#8644 = DIRECTION('',(0.,1.,0.));
#8645 = ORIENTED_EDGE('',*,*,#8646,.T.);
#8646 = EDGE_CURVE('',#8639,#8623,#8647,.T.);
#8647 = LINE('',#8648,#8649);
#8648 = CARTESIAN_POINT('',(-326.5,82.5,640.));
#8649 = VECTOR('',#8650,1.);
#8650 = DIRECTION('',(0.,0.,1.));
#8651 = PLANE('',#8652);
#8652 = AXIS2_PLACEMENT_3D('',#8653,#8654,#8655);
#8653 = CARTESIAN_POINT('',(-326.5,-326.5,640.));
#8654 = DIRECTION('',(1.,0.,0.));
#8655 = DIRECTION('',(0.,0.,1.));
#8656 = ADVANCED_FACE('',(#8657),#8682,.F.);
#8657 = FACE_BOUND('',#8658,.F.);
#8658 = EDGE_LOOP('',(#8659,#8667,#8675,#8681));
#8659 = ORIENTED_EDGE('',*,*,#8660,.F.);
#8660 = EDGE_CURVE('',#8661,#8639,#8663,.T.);
#8661 = VERTEX_POINT('',#8662);
#8662 = CARTESIAN_POINT('',(-367.5,82.5,640.));
#8663 = LINE('',#8664,#8665);
#8664 = CARTESIAN_POINT('',(-367.5,82.5,640.));
#8665 = VECTOR('',#8666,1.);
#8666 = DIRECTION('',(1.,0.,0.));
#8667 = ORIENTED_EDGE('',*,*,#8668,.T.);
#8668 = EDGE_CURVE('',#8661,#8669,#8671,.T.);
#8669 = VERTEX_POINT('',#8670);
#8670 = CARTESIAN_POINT('',(-367.5,82.5,645.));
#8671 = LINE('',#8672,#8673);
#8672 = CARTESIAN_POINT('',(-367.5,82.5,640.));
#8673 = VECTOR('',#8674,1.);
#8674 = DIRECTION('',(0.,0.,1.));
#8675 = ORIENTED_EDGE('',*,*,#8676,.T.);
#8676 = EDGE_CURVE('',#8669,#8623,#8677,.T.);
#8677 = LINE('',#8678,#8679);
#8678 = CARTESIAN_POINT('',(-367.5,82.5,645.));
#8679 = VECTOR('',#8680,1.);
#8680 = DIRECTION('',(1.,0.,0.));
#8681 = ORIENTED_EDGE('',*,*,#8646,.F.);
#8682 = PLANE('',#8683);
#8683 = AXIS2_PLACEMENT_3D('',#8684,#8685,#8686);
#8684 = CARTESIAN_POINT('',(-367.5,82.5,640.));
#8685 = DIRECTION('',(0.,1.,0.));
#8686 = DIRECTION('',(0.,0.,1.));
#8687 = ADVANCED_FACE('',(#8688),#8713,.T.);
#8688 = FACE_BOUND('',#8689,.T.);
#8689 = EDGE_LOOP('',(#8690,#8698,#8706,#8712));
#8690 = ORIENTED_EDGE('',*,*,#8691,.F.);
#8691 = EDGE_CURVE('',#8692,#8631,#8694,.T.);
#8692 = VERTEX_POINT('',#8693);
#8693 = CARTESIAN_POINT('',(-367.5,-82.5,640.));
#8694 = LINE('',#8695,#8696);
#8695 = CARTESIAN_POINT('',(-367.5,-82.5,640.));
#8696 = VECTOR('',#8697,1.);
#8697 = DIRECTION('',(1.,0.,0.));
#8698 = ORIENTED_EDGE('',*,*,#8699,.T.);
#8699 = EDGE_CURVE('',#8692,#8700,#8702,.T.);
#8700 = VERTEX_POINT('',#8701);
#8701 = CARTESIAN_POINT('',(-367.5,-82.5,645.));
#8702 = LINE('',#8703,#8704);
#8703 = CARTESIAN_POINT('',(-367.5,-82.5,640.));
#8704 = VECTOR('',#8705,1.);
#8705 = DIRECTION('',(0.,0.,1.));
#8706 = ORIENTED_EDGE('',*,*,#8707,.T.);
#8707 = EDGE_CURVE('',#8700,#8621,#8708,.T.);
#8708 = LINE('',#8709,#8710);
#8709 = CARTESIAN_POINT('',(-367.5,-82.5,645.));
#8710 = VECTOR('',#8711,1.);
#8711 = DIRECTION('',(1.,0.,0.));
#8712 = ORIENTED_EDGE('',*,*,#8630,.F.);
#8713 = PLANE('',#8714);
#8714 = AXIS2_PLACEMENT_3D('',#8715,#8716,#8717);
#8715 = CARTESIAN_POINT('',(-367.5,-82.5,640.));
#8716 = DIRECTION('',(0.,1.,0.));
#8717 = DIRECTION('',(0.,0.,1.));
#8718 = ADVANCED_FACE('',(#8719),#8753,.F.);
#8719 = FACE_BOUND('',#8720,.F.);
#8720 = EDGE_LOOP('',(#8721,#8731,#8739,#8747));
#8721 = ORIENTED_EDGE('',*,*,#8722,.F.);
#8722 = EDGE_CURVE('',#8723,#8725,#8727,.T.);
#8723 = VERTEX_POINT('',#8724);
#8724 = CARTESIAN_POINT('',(-326.5,-326.5,645.));
#8725 = VERTEX_POINT('',#8726);
#8726 = CARTESIAN_POINT('',(-326.5,-117.5,645.));
#8727 = LINE('',#8728,#8729);
#8728 = CARTESIAN_POINT('',(-326.5,-326.5,645.));
#8729 = VECTOR('',#8730,1.);
#8730 = DIRECTION('',(0.,1.,0.));
#8731 = ORIENTED_EDGE('',*,*,#8732,.F.);
#8732 = EDGE_CURVE('',#8733,#8723,#8735,.T.);
#8733 = VERTEX_POINT('',#8734);
#8734 = CARTESIAN_POINT('',(-326.5,-326.5,640.));
#8735 = LINE('',#8736,#8737);
#8736 = CARTESIAN_POINT('',(-326.5,-326.5,640.));
#8737 = VECTOR('',#8738,1.);
#8738 = DIRECTION('',(0.,0.,1.));
#8739 = ORIENTED_EDGE('',*,*,#8740,.T.);
#8740 = EDGE_CURVE('',#8733,#8741,#8743,.T.);
#8741 = VERTEX_POINT('',#8742);
#8742 = CARTESIAN_POINT('',(-326.5,-117.5,640.));
#8743 = LINE('',#8744,#8745);
#8744 = CARTESIAN_POINT('',(-326.5,-326.5,640.));
#8745 = VECTOR('',#8746,1.);
#8746 = DIRECTION('',(0.,1.,0.));
#8747 = ORIENTED_EDGE('',*,*,#8748,.T.);
#8748 = EDGE_CURVE('',#8741,#8725,#8749,.T.);
#8749 = LINE('',#8750,#8751);
#8750 = CARTESIAN_POINT('',(-326.5,-117.5,640.));
#8751 = VECTOR('',#8752,1.);
#8752 = DIRECTION('',(0.,0.,1.));
#8753 = PLANE('',#8754);
#8754 = AXIS2_PLACEMENT_3D('',#8755,#8756,#8757);
#8755 = CARTESIAN_POINT('',(-326.5,-326.5,640.));
#8756 = DIRECTION('',(1.,0.,0.));
#8757 = DIRECTION('',(0.,0.,1.));
#8758 = ADVANCED_FACE('',(#8759),#8784,.F.);
#8759 = FACE_BOUND('',#8760,.F.);
#8760 = EDGE_LOOP('',(#8761,#8769,#8777,#8783));
#8761 = ORIENTED_EDGE('',*,*,#8762,.F.);
#8762 = EDGE_CURVE('',#8763,#8741,#8765,.T.);
#8763 = VERTEX_POINT('',#8764);
#8764 = CARTESIAN_POINT('',(-367.5,-117.5,640.));
#8765 = LINE('',#8766,#8767);
#8766 = CARTESIAN_POINT('',(-367.5,-117.5,640.));
#8767 = VECTOR('',#8768,1.);
#8768 = DIRECTION('',(1.,0.,0.));
#8769 = ORIENTED_EDGE('',*,*,#8770,.T.);
#8770 = EDGE_CURVE('',#8763,#8771,#8773,.T.);
#8771 = VERTEX_POINT('',#8772);
#8772 = CARTESIAN_POINT('',(-367.5,-117.5,645.));
#8773 = LINE('',#8774,#8775);
#8774 = CARTESIAN_POINT('',(-367.5,-117.5,640.));
#8775 = VECTOR('',#8776,1.);
#8776 = DIRECTION('',(0.,0.,1.));
#8777 = ORIENTED_EDGE('',*,*,#8778,.T.);
#8778 = EDGE_CURVE('',#8771,#8725,#8779,.T.);
#8779 = LINE('',#8780,#8781);
#8780 = CARTESIAN_POINT('',(-367.5,-117.5,645.));
#8781 = VECTOR('',#8782,1.);
#8782 = DIRECTION('',(1.,0.,0.));
#8783 = ORIENTED_EDGE('',*,*,#8748,.F.);
#8784 = PLANE('',#8785);
#8785 = AXIS2_PLACEMENT_3D('',#8786,#8787,#8788);
#8786 = CARTESIAN_POINT('',(-367.5,-117.5,640.));
#8787 = DIRECTION('',(0.,1.,0.));
#8788 = DIRECTION('',(0.,0.,1.));
#8789 = ADVANCED_FACE('',(#8790),#8815,.F.);
#8790 = FACE_BOUND('',#8791,.F.);
#8791 = EDGE_LOOP('',(#8792,#8800,#8801,#8809));
#8792 = ORIENTED_EDGE('',*,*,#8793,.F.);
#8793 = EDGE_CURVE('',#8733,#8794,#8796,.T.);
#8794 = VERTEX_POINT('',#8795);
#8795 = CARTESIAN_POINT('',(326.5,-326.5,640.));
#8796 = LINE('',#8797,#8798);
#8797 = CARTESIAN_POINT('',(-326.5,-326.5,640.));
#8798 = VECTOR('',#8799,1.);
#8799 = DIRECTION('',(1.,0.,0.));
#8800 = ORIENTED_EDGE('',*,*,#8732,.T.);
#8801 = ORIENTED_EDGE('',*,*,#8802,.T.);
#8802 = EDGE_CURVE('',#8723,#8803,#8805,.T.);
#8803 = VERTEX_POINT('',#8804);
#8804 = CARTESIAN_POINT('',(326.5,-326.5,645.));
#8805 = LINE('',#8806,#8807);
#8806 = CARTESIAN_POINT('',(-326.5,-326.5,645.));
#8807 = VECTOR('',#8808,1.);
#8808 = DIRECTION('',(1.,0.,0.));
#8809 = ORIENTED_EDGE('',*,*,#8810,.F.);
#8810 = EDGE_CURVE('',#8794,#8803,#8811,.T.);
#8811 = LINE('',#8812,#8813);
#8812 = CARTESIAN_POINT('',(326.5,-326.5,640.));
#8813 = VECTOR('',#8814,1.);
#8814 = DIRECTION('',(0.,0.,1.));
#8815 = PLANE('',#8816);
#8816 = AXIS2_PLACEMENT_3D('',#8817,#8818,#8819);
#8817 = CARTESIAN_POINT('',(-326.5,-326.5,640.));
#8818 = DIRECTION('',(0.,1.,0.));
#8819 = DIRECTION('',(0.,0.,1.));
#8820 = ADVANCED_FACE('',(#8821),#8846,.T.);
#8821 = FACE_BOUND('',#8822,.T.);
#8822 = EDGE_LOOP('',(#8823,#8831,#8832,#8840));
#8823 = ORIENTED_EDGE('',*,*,#8824,.F.);
#8824 = EDGE_CURVE('',#8803,#8825,#8827,.T.);
#8825 = VERTEX_POINT('',#8826);
#8826 = CARTESIAN_POINT('',(326.5,-117.5,645.));
#8827 = LINE('',#8828,#8829);
#8828 = CARTESIAN_POINT('',(326.5,-326.5,645.));
#8829 = VECTOR('',#8830,1.);
#8830 = DIRECTION('',(0.,1.,0.));
#8831 = ORIENTED_EDGE('',*,*,#8810,.F.);
#8832 = ORIENTED_EDGE('',*,*,#8833,.T.);
#8833 = EDGE_CURVE('',#8794,#8834,#8836,.T.);
#8834 = VERTEX_POINT('',#8835);
#8835 = CARTESIAN_POINT('',(326.5,-117.5,640.));
#8836 = LINE('',#8837,#8838);
#8837 = CARTESIAN_POINT('',(326.5,-326.5,640.));
#8838 = VECTOR('',#8839,1.);
#8839 = DIRECTION('',(0.,1.,0.));
#8840 = ORIENTED_EDGE('',*,*,#8841,.T.);
#8841 = EDGE_CURVE('',#8834,#8825,#8842,.T.);
#8842 = LINE('',#8843,#8844);
#8843 = CARTESIAN_POINT('',(326.5,-117.5,640.));
#8844 = VECTOR('',#8845,1.);
#8845 = DIRECTION('',(0.,0.,1.));
#8846 = PLANE('',#8847);
#8847 = AXIS2_PLACEMENT_3D('',#8848,#8849,#8850);
#8848 = CARTESIAN_POINT('',(326.5,-326.5,640.));
#8849 = DIRECTION('',(1.,0.,0.));
#8850 = DIRECTION('',(0.,0.,1.));
#8851 = ADVANCED_FACE('',(#8852),#8868,.F.);
#8852 = FACE_BOUND('',#8853,.F.);
#8853 = EDGE_LOOP('',(#8854,#8855,#8861,#8862));
#8854 = ORIENTED_EDGE('',*,*,#8770,.F.);
#8855 = ORIENTED_EDGE('',*,*,#8856,.T.);
#8856 = EDGE_CURVE('',#8763,#8692,#8857,.T.);
#8857 = LINE('',#8858,#8859);
#8858 = CARTESIAN_POINT('',(-367.5,-117.5,640.));
#8859 = VECTOR('',#8860,1.);
#8860 = DIRECTION('',(0.,1.,0.));
#8861 = ORIENTED_EDGE('',*,*,#8699,.T.);
#8862 = ORIENTED_EDGE('',*,*,#8863,.F.);
#8863 = EDGE_CURVE('',#8771,#8700,#8864,.T.);
#8864 = LINE('',#8865,#8866);
#8865 = CARTESIAN_POINT('',(-367.5,-117.5,645.));
#8866 = VECTOR('',#8867,1.);
#8867 = DIRECTION('',(0.,1.,0.));
#8868 = PLANE('',#8869);
#8869 = AXIS2_PLACEMENT_3D('',#8870,#8871,#8872);
#8870 = CARTESIAN_POINT('',(-367.5,-117.5,640.));
#8871 = DIRECTION('',(1.,0.,0.));
#8872 = DIRECTION('',(0.,0.,1.));
#8873 = ADVANCED_FACE('',(#8874),#8899,.F.);
#8874 = FACE_BOUND('',#8875,.F.);
#8875 = EDGE_LOOP('',(#8876,#8884,#8885,#8893));
#8876 = ORIENTED_EDGE('',*,*,#8877,.F.);
#8877 = EDGE_CURVE('',#8834,#8878,#8880,.T.);
#8878 = VERTEX_POINT('',#8879);
#8879 = CARTESIAN_POINT('',(367.5,-117.5,640.));
#8880 = LINE('',#8881,#8882);
#8881 = CARTESIAN_POINT('',(324.5,-117.5,640.));
#8882 = VECTOR('',#8883,1.);
#8883 = DIRECTION('',(1.,0.,0.));
#8884 = ORIENTED_EDGE('',*,*,#8841,.T.);
#8885 = ORIENTED_EDGE('',*,*,#8886,.T.);
#8886 = EDGE_CURVE('',#8825,#8887,#8889,.T.);
#8887 = VERTEX_POINT('',#8888);
#8888 = CARTESIAN_POINT('',(367.5,-117.5,645.));
#8889 = LINE('',#8890,#8891);
#8890 = CARTESIAN_POINT('',(324.5,-117.5,645.));
#8891 = VECTOR('',#8892,1.);
#8892 = DIRECTION('',(1.,0.,0.));
#8893 = ORIENTED_EDGE('',*,*,#8894,.F.);
#8894 = EDGE_CURVE('',#8878,#8887,#8895,.T.);
#8895 = LINE('',#8896,#8897);
#8896 = CARTESIAN_POINT('',(367.5,-117.5,640.));
#8897 = VECTOR('',#8898,1.);
#8898 = DIRECTION('',(0.,0.,1.));
#8899 = PLANE('',#8900);
#8900 = AXIS2_PLACEMENT_3D('',#8901,#8902,#8903);
#8901 = CARTESIAN_POINT('',(324.5,-117.5,640.));
#8902 = DIRECTION('',(0.,1.,0.));
#8903 = DIRECTION('',(0.,0.,1.));
#8904 = ADVANCED_FACE('',(#8905),#8930,.F.);
#8905 = FACE_BOUND('',#8906,.F.);
#8906 = EDGE_LOOP('',(#8907,#8908,#8916,#8924));
#8907 = ORIENTED_EDGE('',*,*,#8668,.F.);
#8908 = ORIENTED_EDGE('',*,*,#8909,.T.);
#8909 = EDGE_CURVE('',#8661,#8910,#8912,.T.);
#8910 = VERTEX_POINT('',#8911);
#8911 = CARTESIAN_POINT('',(-367.5,117.5,640.));
#8912 = LINE('',#8913,#8914);
#8913 = CARTESIAN_POINT('',(-367.5,82.5,640.));
#8914 = VECTOR('',#8915,1.);
#8915 = DIRECTION('',(0.,1.,0.));
#8916 = ORIENTED_EDGE('',*,*,#8917,.T.);
#8917 = EDGE_CURVE('',#8910,#8918,#8920,.T.);
#8918 = VERTEX_POINT('',#8919);
#8919 = CARTESIAN_POINT('',(-367.5,117.5,645.));
#8920 = LINE('',#8921,#8922);
#8921 = CARTESIAN_POINT('',(-367.5,117.5,640.));
#8922 = VECTOR('',#8923,1.);
#8923 = DIRECTION('',(0.,0.,1.));
#8924 = ORIENTED_EDGE('',*,*,#8925,.F.);
#8925 = EDGE_CURVE('',#8669,#8918,#8926,.T.);
#8926 = LINE('',#8927,#8928);
#8927 = CARTESIAN_POINT('',(-367.5,82.5,645.));
#8928 = VECTOR('',#8929,1.);
#8929 = DIRECTION('',(0.,1.,0.));
#8930 = PLANE('',#8931);
#8931 = AXIS2_PLACEMENT_3D('',#8932,#8933,#8934);
#8932 = CARTESIAN_POINT('',(-367.5,82.5,640.));
#8933 = DIRECTION('',(1.,0.,0.));
#8934 = DIRECTION('',(0.,0.,1.));
#8935 = ADVANCED_FACE('',(#8936),#8970,.F.);
#8936 = FACE_BOUND('',#8937,.F.);
#8937 = EDGE_LOOP('',(#8938,#8948,#8956,#8964));
#8938 = ORIENTED_EDGE('',*,*,#8939,.F.);
#8939 = EDGE_CURVE('',#8940,#8942,#8944,.T.);
#8940 = VERTEX_POINT('',#8941);
#8941 = CARTESIAN_POINT('',(-326.5,117.5,645.));
#8942 = VERTEX_POINT('',#8943);
#8943 = CARTESIAN_POINT('',(-326.5,326.5,645.));
#8944 = LINE('',#8945,#8946);
#8945 = CARTESIAN_POINT('',(-326.5,-326.5,645.));
#8946 = VECTOR('',#8947,1.);
#8947 = DIRECTION('',(0.,1.,0.));
#8948 = ORIENTED_EDGE('',*,*,#8949,.F.);
#8949 = EDGE_CURVE('',#8950,#8940,#8952,.T.);
#8950 = VERTEX_POINT('',#8951);
#8951 = CARTESIAN_POINT('',(-326.5,117.5,640.));
#8952 = LINE('',#8953,#8954);
#8953 = CARTESIAN_POINT('',(-326.5,117.5,640.));
#8954 = VECTOR('',#8955,1.);
#8955 = DIRECTION('',(0.,0.,1.));
#8956 = ORIENTED_EDGE('',*,*,#8957,.T.);
#8957 = EDGE_CURVE('',#8950,#8958,#8960,.T.);
#8958 = VERTEX_POINT('',#8959);
#8959 = CARTESIAN_POINT('',(-326.5,326.5,640.));
#8960 = LINE('',#8961,#8962);
#8961 = CARTESIAN_POINT('',(-326.5,-326.5,640.));
#8962 = VECTOR('',#8963,1.);
#8963 = DIRECTION('',(0.,1.,0.));
#8964 = ORIENTED_EDGE('',*,*,#8965,.T.);
#8965 = EDGE_CURVE('',#8958,#8942,#8966,.T.);
#8966 = LINE('',#8967,#8968);
#8967 = CARTESIAN_POINT('',(-326.5,326.5,640.));
#8968 = VECTOR('',#8969,1.);
#8969 = DIRECTION('',(0.,0.,1.));
#8970 = PLANE('',#8971);
#8971 = AXIS2_PLACEMENT_3D('',#8972,#8973,#8974);
#8972 = CARTESIAN_POINT('',(-326.5,-326.5,640.));
#8973 = DIRECTION('',(1.,0.,0.));
#8974 = DIRECTION('',(0.,0.,1.));
#8975 = ADVANCED_FACE('',(#8976),#9001,.T.);
#8976 = FACE_BOUND('',#8977,.T.);
#8977 = EDGE_LOOP('',(#8978,#8986,#8987,#8995));
#8978 = ORIENTED_EDGE('',*,*,#8979,.F.);
#8979 = EDGE_CURVE('',#8958,#8980,#8982,.T.);
#8980 = VERTEX_POINT('',#8981);
#8981 = CARTESIAN_POINT('',(326.5,326.5,640.));
#8982 = LINE('',#8983,#8984);
#8983 = CARTESIAN_POINT('',(-326.5,326.5,640.));
#8984 = VECTOR('',#8985,1.);
#8985 = DIRECTION('',(1.,0.,0.));
#8986 = ORIENTED_EDGE('',*,*,#8965,.T.);
#8987 = ORIENTED_EDGE('',*,*,#8988,.T.);
#8988 = EDGE_CURVE('',#8942,#8989,#8991,.T.);
#8989 = VERTEX_POINT('',#8990);
#8990 = CARTESIAN_POINT('',(326.5,326.5,645.));
#8991 = LINE('',#8992,#8993);
#8992 = CARTESIAN_POINT('',(-326.5,326.5,645.));
#8993 = VECTOR('',#8994,1.);
#8994 = DIRECTION('',(1.,0.,0.));
#8995 = ORIENTED_EDGE('',*,*,#8996,.F.);
#8996 = EDGE_CURVE('',#8980,#8989,#8997,.T.);
#8997 = LINE('',#8998,#8999);
#8998 = CARTESIAN_POINT('',(326.5,326.5,640.));
#8999 = VECTOR('',#9000,1.);
#9000 = DIRECTION('',(0.,0.,1.));
#9001 = PLANE('',#9002);
#9002 = AXIS2_PLACEMENT_3D('',#9003,#9004,#9005);
#9003 = CARTESIAN_POINT('',(-326.5,326.5,640.));
#9004 = DIRECTION('',(0.,1.,0.));
#9005 = DIRECTION('',(0.,0.,1.));
#9006 = ADVANCED_FACE('',(#9007),#9032,.T.);
#9007 = FACE_BOUND('',#9008,.T.);
#9008 = EDGE_LOOP('',(#9009,#9017,#9025,#9031));
#9009 = ORIENTED_EDGE('',*,*,#9010,.F.);
#9010 = EDGE_CURVE('',#9011,#8989,#9013,.T.);
#9011 = VERTEX_POINT('',#9012);
#9012 = CARTESIAN_POINT('',(326.5,117.5,645.));
#9013 = LINE('',#9014,#9015);
#9014 = CARTESIAN_POINT('',(326.5,-326.5,645.));
#9015 = VECTOR('',#9016,1.);
#9016 = DIRECTION('',(0.,1.,0.));
#9017 = ORIENTED_EDGE('',*,*,#9018,.F.);
#9018 = EDGE_CURVE('',#9019,#9011,#9021,.T.);
#9019 = VERTEX_POINT('',#9020);
#9020 = CARTESIAN_POINT('',(326.5,117.5,640.));
#9021 = LINE('',#9022,#9023);
#9022 = CARTESIAN_POINT('',(326.5,117.5,640.));
#9023 = VECTOR('',#9024,1.);
#9024 = DIRECTION('',(0.,0.,1.));
#9025 = ORIENTED_EDGE('',*,*,#9026,.T.);
#9026 = EDGE_CURVE('',#9019,#8980,#9027,.T.);
#9027 = LINE('',#9028,#9029);
#9028 = CARTESIAN_POINT('',(326.5,-326.5,640.));
#9029 = VECTOR('',#9030,1.);
#9030 = DIRECTION('',(0.,1.,0.));
#9031 = ORIENTED_EDGE('',*,*,#8996,.T.);
#9032 = PLANE('',#9033);
#9033 = AXIS2_PLACEMENT_3D('',#9034,#9035,#9036);
#9034 = CARTESIAN_POINT('',(326.5,-326.5,640.));
#9035 = DIRECTION('',(1.,0.,0.));
#9036 = DIRECTION('',(0.,0.,1.));
#9037 = ADVANCED_FACE('',(#9038),#9054,.T.);
#9038 = FACE_BOUND('',#9039,.T.);
#9039 = EDGE_LOOP('',(#9040,#9046,#9047,#9053));
#9040 = ORIENTED_EDGE('',*,*,#9041,.F.);
#9041 = EDGE_CURVE('',#8910,#8950,#9042,.T.);
#9042 = LINE('',#9043,#9044);
#9043 = CARTESIAN_POINT('',(-367.5,117.5,640.));
#9044 = VECTOR('',#9045,1.);
#9045 = DIRECTION('',(1.,0.,0.));
#9046 = ORIENTED_EDGE('',*,*,#8917,.T.);
#9047 = ORIENTED_EDGE('',*,*,#9048,.T.);
#9048 = EDGE_CURVE('',#8918,#8940,#9049,.T.);
#9049 = LINE('',#9050,#9051);
#9050 = CARTESIAN_POINT('',(-367.5,117.5,645.));
#9051 = VECTOR('',#9052,1.);
#9052 = DIRECTION('',(1.,0.,0.));
#9053 = ORIENTED_EDGE('',*,*,#8949,.F.);
#9054 = PLANE('',#9055);
#9055 = AXIS2_PLACEMENT_3D('',#9056,#9057,#9058);
#9056 = CARTESIAN_POINT('',(-367.5,117.5,640.));
#9057 = DIRECTION('',(0.,1.,0.));
#9058 = DIRECTION('',(0.,0.,1.));
#9059 = ADVANCED_FACE('',(#9060),#9076,.T.);
#9060 = FACE_BOUND('',#9061,.T.);
#9061 = EDGE_LOOP('',(#9062,#9068,#9069,#9075));
#9062 = ORIENTED_EDGE('',*,*,#9063,.F.);
#9063 = EDGE_CURVE('',#9019,#8591,#9064,.T.);
#9064 = LINE('',#9065,#9066);
#9065 = CARTESIAN_POINT('',(324.5,117.5,640.));
#9066 = VECTOR('',#9067,1.);
#9067 = DIRECTION('',(1.,0.,0.));
#9068 = ORIENTED_EDGE('',*,*,#9018,.T.);
#9069 = ORIENTED_EDGE('',*,*,#9070,.T.);
#9070 = EDGE_CURVE('',#9011,#8599,#9071,.T.);
#9071 = LINE('',#9072,#9073);
#9072 = CARTESIAN_POINT('',(324.5,117.5,645.));
#9073 = VECTOR('',#9074,1.);
#9074 = DIRECTION('',(1.,0.,0.));
#9075 = ORIENTED_EDGE('',*,*,#8598,.F.);
#9076 = PLANE('',#9077);
#9077 = AXIS2_PLACEMENT_3D('',#9078,#9079,#9080);
#9078 = CARTESIAN_POINT('',(324.5,117.5,640.));
#9079 = DIRECTION('',(0.,1.,0.));
#9080 = DIRECTION('',(0.,0.,1.));
#9081 = ADVANCED_FACE('',(#9082),#9098,.T.);
#9082 = FACE_BOUND('',#9083,.T.);
#9083 = EDGE_LOOP('',(#9084,#9085,#9091,#9092));
#9084 = ORIENTED_EDGE('',*,*,#8894,.F.);
#9085 = ORIENTED_EDGE('',*,*,#9086,.T.);
#9086 = EDGE_CURVE('',#8878,#8559,#9087,.T.);
#9087 = LINE('',#9088,#9089);
#9088 = CARTESIAN_POINT('',(367.5,-117.5,640.));
#9089 = VECTOR('',#9090,1.);
#9090 = DIRECTION('',(0.,1.,0.));
#9091 = ORIENTED_EDGE('',*,*,#8575,.T.);
#9092 = ORIENTED_EDGE('',*,*,#9093,.F.);
#9093 = EDGE_CURVE('',#8887,#8568,#9094,.T.);
#9094 = LINE('',#9095,#9096);
#9095 = CARTESIAN_POINT('',(367.5,-117.5,645.));
#9096 = VECTOR('',#9097,1.);
#9097 = DIRECTION('',(0.,1.,0.));
#9098 = PLANE('',#9099);
#9099 = AXIS2_PLACEMENT_3D('',#9100,#9101,#9102);
#9100 = CARTESIAN_POINT('',(367.5,-117.5,640.));
#9101 = DIRECTION('',(1.,0.,0.));
#9102 = DIRECTION('',(0.,0.,1.));
#9103 = ADVANCED_FACE('',(#9104,#9126),#9160,.T.);
#9104 = FACE_BOUND('',#9105,.T.);
#9105 = EDGE_LOOP('',(#9106,#9107,#9108,#9109,#9110,#9111,#9112,#9113,
    #9114,#9115,#9116,#9117,#9118,#9119,#9120,#9121,#9122,#9123,#9124,
    #9125));
#9106 = ORIENTED_EDGE('',*,*,#8722,.F.);
#9107 = ORIENTED_EDGE('',*,*,#8802,.T.);
#9108 = ORIENTED_EDGE('',*,*,#8824,.T.);
#9109 = ORIENTED_EDGE('',*,*,#8886,.T.);
#9110 = ORIENTED_EDGE('',*,*,#9093,.T.);
#9111 = ORIENTED_EDGE('',*,*,#8567,.F.);
#9112 = ORIENTED_EDGE('',*,*,#8487,.T.);
#9113 = ORIENTED_EDGE('',*,*,#8536,.T.);
#9114 = ORIENTED_EDGE('',*,*,#8606,.T.);
#9115 = ORIENTED_EDGE('',*,*,#9070,.F.);
#9116 = ORIENTED_EDGE('',*,*,#9010,.T.);
#9117 = ORIENTED_EDGE('',*,*,#8988,.F.);
#9118 = ORIENTED_EDGE('',*,*,#8939,.F.);
#9119 = ORIENTED_EDGE('',*,*,#9048,.F.);
#9120 = ORIENTED_EDGE('',*,*,#8925,.F.);
#9121 = ORIENTED_EDGE('',*,*,#8676,.T.);
#9122 = ORIENTED_EDGE('',*,*,#8620,.F.);
#9123 = ORIENTED_EDGE('',*,*,#8707,.F.);
#9124 = ORIENTED_EDGE('',*,*,#8863,.F.);
#9125 = ORIENTED_EDGE('',*,*,#8778,.T.);
#9126 = FACE_BOUND('',#9127,.T.);
#9127 = EDGE_LOOP('',(#9128,#9138,#9146,#9154));
#9128 = ORIENTED_EDGE('',*,*,#9129,.F.);
#9129 = EDGE_CURVE('',#9130,#9132,#9134,.T.);
#9130 = VERTEX_POINT('',#9131);
#9131 = CARTESIAN_POINT('',(-281.5,-281.5,645.));
#9132 = VERTEX_POINT('',#9133);
#9133 = CARTESIAN_POINT('',(281.5,-281.5,645.));
#9134 = LINE('',#9135,#9136);
#9135 = CARTESIAN_POINT('',(-281.5,-281.5,645.));
#9136 = VECTOR('',#9137,1.);
#9137 = DIRECTION('',(1.,0.,0.));
#9138 = ORIENTED_EDGE('',*,*,#9139,.T.);
#9139 = EDGE_CURVE('',#9130,#9140,#9142,.T.);
#9140 = VERTEX_POINT('',#9141);
#9141 = CARTESIAN_POINT('',(-281.5,281.5,645.));
#9142 = LINE('',#9143,#9144);
#9143 = CARTESIAN_POINT('',(-281.5,-281.5,645.));
#9144 = VECTOR('',#9145,1.);
#9145 = DIRECTION('',(0.,1.,0.));
#9146 = ORIENTED_EDGE('',*,*,#9147,.T.);
#9147 = EDGE_CURVE('',#9140,#9148,#9150,.T.);
#9148 = VERTEX_POINT('',#9149);
#9149 = CARTESIAN_POINT('',(281.5,281.5,645.));
#9150 = LINE('',#9151,#9152);
#9151 = CARTESIAN_POINT('',(-281.5,281.5,645.));
#9152 = VECTOR('',#9153,1.);
#9153 = DIRECTION('',(1.,0.,0.));
#9154 = ORIENTED_EDGE('',*,*,#9155,.F.);
#9155 = EDGE_CURVE('',#9132,#9148,#9156,.T.);
#9156 = LINE('',#9157,#9158);
#9157 = CARTESIAN_POINT('',(281.5,-281.5,645.));
#9158 = VECTOR('',#9159,1.);
#9159 = DIRECTION('',(0.,1.,0.));
#9160 = PLANE('',#9161);
#9161 = AXIS2_PLACEMENT_3D('',#9162,#9163,#9164);
#9162 = CARTESIAN_POINT('',(0.,0.,645.));
#9163 = DIRECTION('',(0.,0.,1.));
#9164 = DIRECTION('',(1.,0.,0.));
#9165 = ADVANCED_FACE('',(#9166),#9191,.T.);
#9166 = FACE_BOUND('',#9167,.T.);
#9167 = EDGE_LOOP('',(#9168,#9178,#9184,#9185));
#9168 = ORIENTED_EDGE('',*,*,#9169,.F.);
#9169 = EDGE_CURVE('',#9170,#9172,#9174,.T.);
#9170 = VERTEX_POINT('',#9171);
#9171 = CARTESIAN_POINT('',(-281.5,-281.5,640.));
#9172 = VERTEX_POINT('',#9173);
#9173 = CARTESIAN_POINT('',(281.5,-281.5,640.));
#9174 = LINE('',#9175,#9176);
#9175 = CARTESIAN_POINT('',(-281.5,-281.5,640.));
#9176 = VECTOR('',#9177,1.);
#9177 = DIRECTION('',(1.,0.,0.));
#9178 = ORIENTED_EDGE('',*,*,#9179,.T.);
#9179 = EDGE_CURVE('',#9170,#9130,#9180,.T.);
#9180 = LINE('',#9181,#9182);
#9181 = CARTESIAN_POINT('',(-281.5,-281.5,640.));
#9182 = VECTOR('',#9183,1.);
#9183 = DIRECTION('',(0.,0.,1.));
#9184 = ORIENTED_EDGE('',*,*,#9129,.T.);
#9185 = ORIENTED_EDGE('',*,*,#9186,.F.);
#9186 = EDGE_CURVE('',#9172,#9132,#9187,.T.);
#9187 = LINE('',#9188,#9189);
#9188 = CARTESIAN_POINT('',(281.5,-281.5,640.));
#9189 = VECTOR('',#9190,1.);
#9190 = DIRECTION('',(0.,0.,1.));
#9191 = PLANE('',#9192);
#9192 = AXIS2_PLACEMENT_3D('',#9193,#9194,#9195);
#9193 = CARTESIAN_POINT('',(-281.5,-281.5,640.));
#9194 = DIRECTION('',(0.,1.,0.));
#9195 = DIRECTION('',(0.,0.,1.));
#9196 = ADVANCED_FACE('',(#9197),#9215,.T.);
#9197 = FACE_BOUND('',#9198,.T.);
#9198 = EDGE_LOOP('',(#9199,#9200,#9208,#9214));
#9199 = ORIENTED_EDGE('',*,*,#9179,.F.);
#9200 = ORIENTED_EDGE('',*,*,#9201,.T.);
#9201 = EDGE_CURVE('',#9170,#9202,#9204,.T.);
#9202 = VERTEX_POINT('',#9203);
#9203 = CARTESIAN_POINT('',(-281.5,281.5,640.));
#9204 = LINE('',#9205,#9206);
#9205 = CARTESIAN_POINT('',(-281.5,-281.5,640.));
#9206 = VECTOR('',#9207,1.);
#9207 = DIRECTION('',(0.,1.,0.));
#9208 = ORIENTED_EDGE('',*,*,#9209,.T.);
#9209 = EDGE_CURVE('',#9202,#9140,#9210,.T.);
#9210 = LINE('',#9211,#9212);
#9211 = CARTESIAN_POINT('',(-281.5,281.5,640.));
#9212 = VECTOR('',#9213,1.);
#9213 = DIRECTION('',(0.,0.,1.));
#9214 = ORIENTED_EDGE('',*,*,#9139,.F.);
#9215 = PLANE('',#9216);
#9216 = AXIS2_PLACEMENT_3D('',#9217,#9218,#9219);
#9217 = CARTESIAN_POINT('',(-281.5,-281.5,640.));
#9218 = DIRECTION('',(1.,0.,0.));
#9219 = DIRECTION('',(0.,0.,1.));
#9220 = ADVANCED_FACE('',(#9221),#9239,.F.);
#9221 = FACE_BOUND('',#9222,.F.);
#9222 = EDGE_LOOP('',(#9223,#9224,#9232,#9238));
#9223 = ORIENTED_EDGE('',*,*,#9186,.F.);
#9224 = ORIENTED_EDGE('',*,*,#9225,.T.);
#9225 = EDGE_CURVE('',#9172,#9226,#9228,.T.);
#9226 = VERTEX_POINT('',#9227);
#9227 = CARTESIAN_POINT('',(281.5,281.5,640.));
#9228 = LINE('',#9229,#9230);
#9229 = CARTESIAN_POINT('',(281.5,-281.5,640.));
#9230 = VECTOR('',#9231,1.);
#9231 = DIRECTION('',(0.,1.,0.));
#9232 = ORIENTED_EDGE('',*,*,#9233,.T.);
#9233 = EDGE_CURVE('',#9226,#9148,#9234,.T.);
#9234 = LINE('',#9235,#9236);
#9235 = CARTESIAN_POINT('',(281.5,281.5,640.));
#9236 = VECTOR('',#9237,1.);
#9237 = DIRECTION('',(0.,0.,1.));
#9238 = ORIENTED_EDGE('',*,*,#9155,.F.);
#9239 = PLANE('',#9240);
#9240 = AXIS2_PLACEMENT_3D('',#9241,#9242,#9243);
#9241 = CARTESIAN_POINT('',(281.5,-281.5,640.));
#9242 = DIRECTION('',(1.,0.,0.));
#9243 = DIRECTION('',(0.,0.,1.));
#9244 = ADVANCED_FACE('',(#9245),#9256,.F.);
#9245 = FACE_BOUND('',#9246,.F.);
#9246 = EDGE_LOOP('',(#9247,#9253,#9254,#9255));
#9247 = ORIENTED_EDGE('',*,*,#9248,.F.);
#9248 = EDGE_CURVE('',#9202,#9226,#9249,.T.);
#9249 = LINE('',#9250,#9251);
#9250 = CARTESIAN_POINT('',(-281.5,281.5,640.));
#9251 = VECTOR('',#9252,1.);
#9252 = DIRECTION('',(1.,0.,0.));
#9253 = ORIENTED_EDGE('',*,*,#9209,.T.);
#9254 = ORIENTED_EDGE('',*,*,#9147,.T.);
#9255 = ORIENTED_EDGE('',*,*,#9233,.F.);
#9256 = PLANE('',#9257);
#9257 = AXIS2_PLACEMENT_3D('',#9258,#9259,#9260);
#9258 = CARTESIAN_POINT('',(-281.5,281.5,640.));
#9259 = DIRECTION('',(0.,1.,0.));
#9260 = DIRECTION('',(0.,0.,1.));
#9261 = ADVANCED_FACE('',(#9262,#9284),#9290,.T.);
#9262 = FACE_BOUND('',#9263,.T.);
#9263 = EDGE_LOOP('',(#9264,#9265,#9266,#9267,#9268,#9269,#9270,#9271,
    #9272,#9273,#9274,#9275,#9276,#9277,#9278,#9279,#9280,#9281,#9282,
    #9283));
#9264 = ORIENTED_EDGE('',*,*,#8740,.T.);
#9265 = ORIENTED_EDGE('',*,*,#8762,.F.);
#9266 = ORIENTED_EDGE('',*,*,#8856,.T.);
#9267 = ORIENTED_EDGE('',*,*,#8691,.T.);
#9268 = ORIENTED_EDGE('',*,*,#8638,.T.);
#9269 = ORIENTED_EDGE('',*,*,#8660,.F.);
#9270 = ORIENTED_EDGE('',*,*,#8909,.T.);
#9271 = ORIENTED_EDGE('',*,*,#9041,.T.);
#9272 = ORIENTED_EDGE('',*,*,#8957,.T.);
#9273 = ORIENTED_EDGE('',*,*,#8979,.T.);
#9274 = ORIENTED_EDGE('',*,*,#9026,.F.);
#9275 = ORIENTED_EDGE('',*,*,#9063,.T.);
#9276 = ORIENTED_EDGE('',*,*,#8590,.F.);
#9277 = ORIENTED_EDGE('',*,*,#8527,.F.);
#9278 = ORIENTED_EDGE('',*,*,#8505,.F.);
#9279 = ORIENTED_EDGE('',*,*,#8558,.T.);
#9280 = ORIENTED_EDGE('',*,*,#9086,.F.);
#9281 = ORIENTED_EDGE('',*,*,#8877,.F.);
#9282 = ORIENTED_EDGE('',*,*,#8833,.F.);
#9283 = ORIENTED_EDGE('',*,*,#8793,.F.);
#9284 = FACE_BOUND('',#9285,.T.);
#9285 = EDGE_LOOP('',(#9286,#9287,#9288,#9289));
#9286 = ORIENTED_EDGE('',*,*,#9169,.T.);
#9287 = ORIENTED_EDGE('',*,*,#9225,.T.);
#9288 = ORIENTED_EDGE('',*,*,#9248,.F.);
#9289 = ORIENTED_EDGE('',*,*,#9201,.F.);
#9290 = PLANE('',#9291);
#9291 = AXIS2_PLACEMENT_3D('',#9292,#9293,#9294);
#9292 = CARTESIAN_POINT('',(0.,0.,640.));
#9293 = DIRECTION('',(-0.,-0.,-1.));
#9294 = DIRECTION('',(-1.,0.,0.));
#9295 = MANIFOLD_SOLID_BREP('',#9296);
#9296 = CLOSED_SHELL('',(#9297,#9337,#9402,#9460,#9484,#9535,#9547,#9578
    ,#9602,#9626,#9643,#9671,#9688,#9705));
#9297 = ADVANCED_FACE('',(#9298),#9332,.F.);
#9298 = FACE_BOUND('',#9299,.F.);
#9299 = EDGE_LOOP('',(#9300,#9310,#9318,#9326));
#9300 = ORIENTED_EDGE('',*,*,#9301,.F.);
#9301 = EDGE_CURVE('',#9302,#9304,#9306,.T.);
#9302 = VERTEX_POINT('',#9303);
#9303 = CARTESIAN_POINT('',(-326.5,-326.5,450.));
#9304 = VERTEX_POINT('',#9305);
#9305 = CARTESIAN_POINT('',(-326.5,-326.5,640.));
#9306 = LINE('',#9307,#9308);
#9307 = CARTESIAN_POINT('',(-326.5,-326.5,450.));
#9308 = VECTOR('',#9309,1.);
#9309 = DIRECTION('',(0.,0.,1.));
#9310 = ORIENTED_EDGE('',*,*,#9311,.T.);
#9311 = EDGE_CURVE('',#9302,#9312,#9314,.T.);
#9312 = VERTEX_POINT('',#9313);
#9313 = CARTESIAN_POINT('',(-326.5,326.5,450.));
#9314 = LINE('',#9315,#9316);
#9315 = CARTESIAN_POINT('',(-326.5,-326.5,450.));
#9316 = VECTOR('',#9317,1.);
#9317 = DIRECTION('',(0.,1.,0.));
#9318 = ORIENTED_EDGE('',*,*,#9319,.T.);
#9319 = EDGE_CURVE('',#9312,#9320,#9322,.T.);
#9320 = VERTEX_POINT('',#9321);
#9321 = CARTESIAN_POINT('',(-326.5,326.5,640.));
#9322 = LINE('',#9323,#9324);
#9323 = CARTESIAN_POINT('',(-326.5,326.5,450.));
#9324 = VECTOR('',#9325,1.);
#9325 = DIRECTION('',(0.,0.,1.));
#9326 = ORIENTED_EDGE('',*,*,#9327,.F.);
#9327 = EDGE_CURVE('',#9304,#9320,#9328,.T.);
#9328 = LINE('',#9329,#9330);
#9329 = CARTESIAN_POINT('',(-326.5,-326.5,640.));
#9330 = VECTOR('',#9331,1.);
#9331 = DIRECTION('',(0.,1.,0.));
#9332 = PLANE('',#9333);
#9333 = AXIS2_PLACEMENT_3D('',#9334,#9335,#9336);
#9334 = CARTESIAN_POINT('',(-326.5,-326.5,450.));
#9335 = DIRECTION('',(1.,0.,0.));
#9336 = DIRECTION('',(0.,0.,1.));
#9337 = ADVANCED_FACE('',(#9338,#9363),#9397,.F.);
#9338 = FACE_BOUND('',#9339,.F.);
#9339 = EDGE_LOOP('',(#9340,#9348,#9349,#9357));
#9340 = ORIENTED_EDGE('',*,*,#9341,.F.);
#9341 = EDGE_CURVE('',#9302,#9342,#9344,.T.);
#9342 = VERTEX_POINT('',#9343);
#9343 = CARTESIAN_POINT('',(326.5,-326.5,450.));
#9344 = LINE('',#9345,#9346);
#9345 = CARTESIAN_POINT('',(-326.5,-326.5,450.));
#9346 = VECTOR('',#9347,1.);
#9347 = DIRECTION('',(1.,0.,0.));
#9348 = ORIENTED_EDGE('',*,*,#9301,.T.);
#9349 = ORIENTED_EDGE('',*,*,#9350,.T.);
#9350 = EDGE_CURVE('',#9304,#9351,#9353,.T.);
#9351 = VERTEX_POINT('',#9352);
#9352 = CARTESIAN_POINT('',(326.5,-326.5,640.));
#9353 = LINE('',#9354,#9355);
#9354 = CARTESIAN_POINT('',(-326.5,-326.5,640.));
#9355 = VECTOR('',#9356,1.);
#9356 = DIRECTION('',(1.,0.,0.));
#9357 = ORIENTED_EDGE('',*,*,#9358,.F.);
#9358 = EDGE_CURVE('',#9342,#9351,#9359,.T.);
#9359 = LINE('',#9360,#9361);
#9360 = CARTESIAN_POINT('',(326.5,-326.5,450.));
#9361 = VECTOR('',#9362,1.);
#9362 = DIRECTION('',(0.,0.,1.));
#9363 = FACE_BOUND('',#9364,.F.);
#9364 = EDGE_LOOP('',(#9365,#9375,#9383,#9391));
#9365 = ORIENTED_EDGE('',*,*,#9366,.F.);
#9366 = EDGE_CURVE('',#9367,#9369,#9371,.T.);
#9367 = VERTEX_POINT('',#9368);
#9368 = CARTESIAN_POINT('',(-317.5,-326.5,518.));
#9369 = VERTEX_POINT('',#9370);
#9370 = CARTESIAN_POINT('',(317.5,-326.5,518.));
#9371 = LINE('',#9372,#9373);
#9372 = CARTESIAN_POINT('',(-322.,-326.5,518.));
#9373 = VECTOR('',#9374,1.);
#9374 = DIRECTION('',(1.,0.,0.));
#9375 = ORIENTED_EDGE('',*,*,#9376,.T.);
#9376 = EDGE_CURVE('',#9367,#9377,#9379,.T.);
#9377 = VERTEX_POINT('',#9378);
#9378 = CARTESIAN_POINT('',(-317.5,-326.5,453.));
#9379 = LINE('',#9380,#9381);
#9380 = CARTESIAN_POINT('',(-317.5,-326.5,451.5));
#9381 = VECTOR('',#9382,1.);
#9382 = DIRECTION('',(0.,0.,-1.));
#9383 = ORIENTED_EDGE('',*,*,#9384,.T.);
#9384 = EDGE_CURVE('',#9377,#9385,#9387,.T.);
#9385 = VERTEX_POINT('',#9386);
#9386 = CARTESIAN_POINT('',(317.5,-326.5,453.));
#9387 = LINE('',#9388,#9389);
#9388 = CARTESIAN_POINT('',(-322.,-326.5,453.));
#9389 = VECTOR('',#9390,1.);
#9390 = DIRECTION('',(1.,0.,0.));
#9391 = ORIENTED_EDGE('',*,*,#9392,.F.);
#9392 = EDGE_CURVE('',#9369,#9385,#9393,.T.);
#9393 = LINE('',#9394,#9395);
#9394 = CARTESIAN_POINT('',(317.5,-326.5,451.5));
#9395 = VECTOR('',#9396,1.);
#9396 = DIRECTION('',(0.,0.,-1.));
#9397 = PLANE('',#9398);
#9398 = AXIS2_PLACEMENT_3D('',#9399,#9400,#9401);
#9399 = CARTESIAN_POINT('',(-326.5,-326.5,450.));
#9400 = DIRECTION('',(0.,1.,0.));
#9401 = DIRECTION('',(0.,0.,1.));
#9402 = ADVANCED_FACE('',(#9403,#9421),#9455,.T.);
#9403 = FACE_BOUND('',#9404,.T.);
#9404 = EDGE_LOOP('',(#9405,#9406,#9407,#9415));
#9405 = ORIENTED_EDGE('',*,*,#9327,.F.);
#9406 = ORIENTED_EDGE('',*,*,#9350,.T.);
#9407 = ORIENTED_EDGE('',*,*,#9408,.T.);
#9408 = EDGE_CURVE('',#9351,#9409,#9411,.T.);
#9409 = VERTEX_POINT('',#9410);
#9410 = CARTESIAN_POINT('',(326.5,326.5,640.));
#9411 = LINE('',#9412,#9413);
#9412 = CARTESIAN_POINT('',(326.5,-326.5,640.));
#9413 = VECTOR('',#9414,1.);
#9414 = DIRECTION('',(0.,1.,0.));
#9415 = ORIENTED_EDGE('',*,*,#9416,.F.);
#9416 = EDGE_CURVE('',#9320,#9409,#9417,.T.);
#9417 = LINE('',#9418,#9419);
#9418 = CARTESIAN_POINT('',(-326.5,326.5,640.));
#9419 = VECTOR('',#9420,1.);
#9420 = DIRECTION('',(1.,0.,0.));
#9421 = FACE_BOUND('',#9422,.T.);
#9422 = EDGE_LOOP('',(#9423,#9433,#9441,#9449));
#9423 = ORIENTED_EDGE('',*,*,#9424,.F.);
#9424 = EDGE_CURVE('',#9425,#9427,#9429,.T.);
#9425 = VERTEX_POINT('',#9426);
#9426 = CARTESIAN_POINT('',(-324.5,-324.5,640.));
#9427 = VERTEX_POINT('',#9428);
#9428 = CARTESIAN_POINT('',(324.5,-324.5,640.));
#9429 = LINE('',#9430,#9431);
#9430 = CARTESIAN_POINT('',(-324.5,-324.5,640.));
#9431 = VECTOR('',#9432,1.);
#9432 = DIRECTION('',(1.,0.,0.));
#9433 = ORIENTED_EDGE('',*,*,#9434,.T.);
#9434 = EDGE_CURVE('',#9425,#9435,#9437,.T.);
#9435 = VERTEX_POINT('',#9436);
#9436 = CARTESIAN_POINT('',(-324.5,324.5,640.));
#9437 = LINE('',#9438,#9439);
#9438 = CARTESIAN_POINT('',(-324.5,-324.5,640.));
#9439 = VECTOR('',#9440,1.);
#9440 = DIRECTION('',(0.,1.,0.));
#9441 = ORIENTED_EDGE('',*,*,#9442,.T.);
#9442 = EDGE_CURVE('',#9435,#9443,#9445,.T.);
#9443 = VERTEX_POINT('',#9444);
#9444 = CARTESIAN_POINT('',(324.5,324.5,640.));
#9445 = LINE('',#9446,#9447);
#9446 = CARTESIAN_POINT('',(-324.5,324.5,640.));
#9447 = VECTOR('',#9448,1.);
#9448 = DIRECTION('',(1.,0.,0.));
#9449 = ORIENTED_EDGE('',*,*,#9450,.F.);
#9450 = EDGE_CURVE('',#9427,#9443,#9451,.T.);
#9451 = LINE('',#9452,#9453);
#9452 = CARTESIAN_POINT('',(324.5,-324.5,640.));
#9453 = VECTOR('',#9454,1.);
#9454 = DIRECTION('',(0.,1.,0.));
#9455 = PLANE('',#9456);
#9456 = AXIS2_PLACEMENT_3D('',#9457,#9458,#9459);
#9457 = CARTESIAN_POINT('',(-326.5,-326.5,640.));
#9458 = DIRECTION('',(0.,0.,1.));
#9459 = DIRECTION('',(1.,0.,0.));
#9460 = ADVANCED_FACE('',(#9461),#9479,.T.);
#9461 = FACE_BOUND('',#9462,.T.);
#9462 = EDGE_LOOP('',(#9463,#9471,#9472,#9473));
#9463 = ORIENTED_EDGE('',*,*,#9464,.F.);
#9464 = EDGE_CURVE('',#9312,#9465,#9467,.T.);
#9465 = VERTEX_POINT('',#9466);
#9466 = CARTESIAN_POINT('',(326.5,326.5,450.));
#9467 = LINE('',#9468,#9469);
#9468 = CARTESIAN_POINT('',(-326.5,326.5,450.));
#9469 = VECTOR('',#9470,1.);
#9470 = DIRECTION('',(1.,0.,0.));
#9471 = ORIENTED_EDGE('',*,*,#9319,.T.);
#9472 = ORIENTED_EDGE('',*,*,#9416,.T.);
#9473 = ORIENTED_EDGE('',*,*,#9474,.F.);
#9474 = EDGE_CURVE('',#9465,#9409,#9475,.T.);
#9475 = LINE('',#9476,#9477);
#9476 = CARTESIAN_POINT('',(326.5,326.5,450.));
#9477 = VECTOR('',#9478,1.);
#9478 = DIRECTION('',(0.,0.,1.));
#9479 = PLANE('',#9480);
#9480 = AXIS2_PLACEMENT_3D('',#9481,#9482,#9483);
#9481 = CARTESIAN_POINT('',(-326.5,326.5,450.));
#9482 = DIRECTION('',(0.,1.,0.));
#9483 = DIRECTION('',(0.,0.,1.));
#9484 = ADVANCED_FACE('',(#9485,#9496),#9530,.F.);
#9485 = FACE_BOUND('',#9486,.F.);
#9486 = EDGE_LOOP('',(#9487,#9488,#9489,#9495));
#9487 = ORIENTED_EDGE('',*,*,#9311,.F.);
#9488 = ORIENTED_EDGE('',*,*,#9341,.T.);
#9489 = ORIENTED_EDGE('',*,*,#9490,.T.);
#9490 = EDGE_CURVE('',#9342,#9465,#9491,.T.);
#9491 = LINE('',#9492,#9493);
#9492 = CARTESIAN_POINT('',(326.5,-326.5,450.));
#9493 = VECTOR('',#9494,1.);
#9494 = DIRECTION('',(0.,1.,0.));
#9495 = ORIENTED_EDGE('',*,*,#9464,.F.);
#9496 = FACE_BOUND('',#9497,.F.);
#9497 = EDGE_LOOP('',(#9498,#9508,#9516,#9524));
#9498 = ORIENTED_EDGE('',*,*,#9499,.F.);
#9499 = EDGE_CURVE('',#9500,#9502,#9504,.T.);
#9500 = VERTEX_POINT('',#9501);
#9501 = CARTESIAN_POINT('',(-324.5,-324.5,450.));
#9502 = VERTEX_POINT('',#9503);
#9503 = CARTESIAN_POINT('',(324.5,-324.5,450.));
#9504 = LINE('',#9505,#9506);
#9505 = CARTESIAN_POINT('',(-324.5,-324.5,450.));
#9506 = VECTOR('',#9507,1.);
#9507 = DIRECTION('',(1.,0.,0.));
#9508 = ORIENTED_EDGE('',*,*,#9509,.T.);
#9509 = EDGE_CURVE('',#9500,#9510,#9512,.T.);
#9510 = VERTEX_POINT('',#9511);
#9511 = CARTESIAN_POINT('',(-324.5,324.5,450.));
#9512 = LINE('',#9513,#9514);
#9513 = CARTESIAN_POINT('',(-324.5,-324.5,450.));
#9514 = VECTOR('',#9515,1.);
#9515 = DIRECTION('',(0.,1.,0.));
#9516 = ORIENTED_EDGE('',*,*,#9517,.T.);
#9517 = EDGE_CURVE('',#9510,#9518,#9520,.T.);
#9518 = VERTEX_POINT('',#9519);
#9519 = CARTESIAN_POINT('',(324.5,324.5,450.));
#9520 = LINE('',#9521,#9522);
#9521 = CARTESIAN_POINT('',(-324.5,324.5,450.));
#9522 = VECTOR('',#9523,1.);
#9523 = DIRECTION('',(1.,0.,0.));
#9524 = ORIENTED_EDGE('',*,*,#9525,.F.);
#9525 = EDGE_CURVE('',#9502,#9518,#9526,.T.);
#9526 = LINE('',#9527,#9528);
#9527 = CARTESIAN_POINT('',(324.5,-324.5,450.));
#9528 = VECTOR('',#9529,1.);
#9529 = DIRECTION('',(0.,1.,0.));
#9530 = PLANE('',#9531);
#9531 = AXIS2_PLACEMENT_3D('',#9532,#9533,#9534);
#9532 = CARTESIAN_POINT('',(-326.5,-326.5,450.));
#9533 = DIRECTION('',(0.,0.,1.));
#9534 = DIRECTION('',(1.,0.,0.));
#9535 = ADVANCED_FACE('',(#9536),#9542,.T.);
#9536 = FACE_BOUND('',#9537,.T.);
#9537 = EDGE_LOOP('',(#9538,#9539,#9540,#9541));
#9538 = ORIENTED_EDGE('',*,*,#9358,.F.);
#9539 = ORIENTED_EDGE('',*,*,#9490,.T.);
#9540 = ORIENTED_EDGE('',*,*,#9474,.T.);
#9541 = ORIENTED_EDGE('',*,*,#9408,.F.);
#9542 = PLANE('',#9543);
#9543 = AXIS2_PLACEMENT_3D('',#9544,#9545,#9546);
#9544 = CARTESIAN_POINT('',(326.5,-326.5,450.));
#9545 = DIRECTION('',(1.,0.,0.));
#9546 = DIRECTION('',(0.,0.,1.));
#9547 = ADVANCED_FACE('',(#9548),#9573,.F.);
#9548 = FACE_BOUND('',#9549,.F.);
#9549 = EDGE_LOOP('',(#9550,#9558,#9559,#9567));
#9550 = ORIENTED_EDGE('',*,*,#9551,.F.);
#9551 = EDGE_CURVE('',#9367,#9552,#9554,.T.);
#9552 = VERTEX_POINT('',#9553);
#9553 = CARTESIAN_POINT('',(-317.5,-324.5,518.));
#9554 = LINE('',#9555,#9556);
#9555 = CARTESIAN_POINT('',(-317.5,-330.5,518.));
#9556 = VECTOR('',#9557,1.);
#9557 = DIRECTION('',(0.,1.,0.));
#9558 = ORIENTED_EDGE('',*,*,#9366,.T.);
#9559 = ORIENTED_EDGE('',*,*,#9560,.T.);
#9560 = EDGE_CURVE('',#9369,#9561,#9563,.T.);
#9561 = VERTEX_POINT('',#9562);
#9562 = CARTESIAN_POINT('',(317.5,-324.5,518.));
#9563 = LINE('',#9564,#9565);
#9564 = CARTESIAN_POINT('',(317.5,-330.5,518.));
#9565 = VECTOR('',#9566,1.);
#9566 = DIRECTION('',(0.,1.,0.));
#9567 = ORIENTED_EDGE('',*,*,#9568,.F.);
#9568 = EDGE_CURVE('',#9552,#9561,#9569,.T.);
#9569 = LINE('',#9570,#9571);
#9570 = CARTESIAN_POINT('',(-321.,-324.5,518.));
#9571 = VECTOR('',#9572,1.);
#9572 = DIRECTION('',(1.,0.,0.));
#9573 = PLANE('',#9574);
#9574 = AXIS2_PLACEMENT_3D('',#9575,#9576,#9577);
#9575 = CARTESIAN_POINT('',(-317.5,-330.5,518.));
#9576 = DIRECTION('',(0.,0.,1.));
#9577 = DIRECTION('',(1.,0.,0.));
#9578 = ADVANCED_FACE('',(#9579),#9597,.F.);
#9579 = FACE_BOUND('',#9580,.F.);
#9580 = EDGE_LOOP('',(#9581,#9582,#9583,#9591));
#9581 = ORIENTED_EDGE('',*,*,#9560,.F.);
#9582 = ORIENTED_EDGE('',*,*,#9392,.T.);
#9583 = ORIENTED_EDGE('',*,*,#9584,.T.);
#9584 = EDGE_CURVE('',#9385,#9585,#9587,.T.);
#9585 = VERTEX_POINT('',#9586);
#9586 = CARTESIAN_POINT('',(317.5,-324.5,453.));
#9587 = LINE('',#9588,#9589);
#9588 = CARTESIAN_POINT('',(317.5,-330.5,453.));
#9589 = VECTOR('',#9590,1.);
#9590 = DIRECTION('',(0.,1.,0.));
#9591 = ORIENTED_EDGE('',*,*,#9592,.F.);
#9592 = EDGE_CURVE('',#9561,#9585,#9593,.T.);
#9593 = LINE('',#9594,#9595);
#9594 = CARTESIAN_POINT('',(317.5,-324.5,451.5));
#9595 = VECTOR('',#9596,1.);
#9596 = DIRECTION('',(0.,0.,-1.));
#9597 = PLANE('',#9598);
#9598 = AXIS2_PLACEMENT_3D('',#9599,#9600,#9601);
#9599 = CARTESIAN_POINT('',(317.5,-330.5,453.));
#9600 = DIRECTION('',(1.,0.,0.));
#9601 = DIRECTION('',(0.,0.,1.));
#9602 = ADVANCED_FACE('',(#9603),#9621,.T.);
#9603 = FACE_BOUND('',#9604,.T.);
#9604 = EDGE_LOOP('',(#9605,#9613,#9614,#9615));
#9605 = ORIENTED_EDGE('',*,*,#9606,.F.);
#9606 = EDGE_CURVE('',#9377,#9607,#9609,.T.);
#9607 = VERTEX_POINT('',#9608);
#9608 = CARTESIAN_POINT('',(-317.5,-324.5,453.));
#9609 = LINE('',#9610,#9611);
#9610 = CARTESIAN_POINT('',(-317.5,-330.5,453.));
#9611 = VECTOR('',#9612,1.);
#9612 = DIRECTION('',(0.,1.,0.));
#9613 = ORIENTED_EDGE('',*,*,#9384,.T.);
#9614 = ORIENTED_EDGE('',*,*,#9584,.T.);
#9615 = ORIENTED_EDGE('',*,*,#9616,.F.);
#9616 = EDGE_CURVE('',#9607,#9585,#9617,.T.);
#9617 = LINE('',#9618,#9619);
#9618 = CARTESIAN_POINT('',(-321.,-324.5,453.));
#9619 = VECTOR('',#9620,1.);
#9620 = DIRECTION('',(1.,0.,0.));
#9621 = PLANE('',#9622);
#9622 = AXIS2_PLACEMENT_3D('',#9623,#9624,#9625);
#9623 = CARTESIAN_POINT('',(-317.5,-330.5,453.));
#9624 = DIRECTION('',(0.,0.,1.));
#9625 = DIRECTION('',(1.,0.,0.));
#9626 = ADVANCED_FACE('',(#9627),#9638,.T.);
#9627 = FACE_BOUND('',#9628,.T.);
#9628 = EDGE_LOOP('',(#9629,#9630,#9631,#9632));
#9629 = ORIENTED_EDGE('',*,*,#9551,.F.);
#9630 = ORIENTED_EDGE('',*,*,#9376,.T.);
#9631 = ORIENTED_EDGE('',*,*,#9606,.T.);
#9632 = ORIENTED_EDGE('',*,*,#9633,.F.);
#9633 = EDGE_CURVE('',#9552,#9607,#9634,.T.);
#9634 = LINE('',#9635,#9636);
#9635 = CARTESIAN_POINT('',(-317.5,-324.5,451.5));
#9636 = VECTOR('',#9637,1.);
#9637 = DIRECTION('',(0.,0.,-1.));
#9638 = PLANE('',#9639);
#9639 = AXIS2_PLACEMENT_3D('',#9640,#9641,#9642);
#9640 = CARTESIAN_POINT('',(-317.5,-330.5,453.));
#9641 = DIRECTION('',(1.,0.,0.));
#9642 = DIRECTION('',(0.,0.,1.));
#9643 = ADVANCED_FACE('',(#9644,#9660),#9666,.T.);
#9644 = FACE_BOUND('',#9645,.T.);
#9645 = EDGE_LOOP('',(#9646,#9647,#9653,#9654));
#9646 = ORIENTED_EDGE('',*,*,#9499,.F.);
#9647 = ORIENTED_EDGE('',*,*,#9648,.T.);
#9648 = EDGE_CURVE('',#9500,#9425,#9649,.T.);
#9649 = LINE('',#9650,#9651);
#9650 = CARTESIAN_POINT('',(-324.5,-324.5,450.));
#9651 = VECTOR('',#9652,1.);
#9652 = DIRECTION('',(0.,0.,1.));
#9653 = ORIENTED_EDGE('',*,*,#9424,.T.);
#9654 = ORIENTED_EDGE('',*,*,#9655,.F.);
#9655 = EDGE_CURVE('',#9502,#9427,#9656,.T.);
#9656 = LINE('',#9657,#9658);
#9657 = CARTESIAN_POINT('',(324.5,-324.5,450.));
#9658 = VECTOR('',#9659,1.);
#9659 = DIRECTION('',(0.,0.,1.));
#9660 = FACE_BOUND('',#9661,.T.);
#9661 = EDGE_LOOP('',(#9662,#9663,#9664,#9665));
#9662 = ORIENTED_EDGE('',*,*,#9568,.F.);
#9663 = ORIENTED_EDGE('',*,*,#9633,.T.);
#9664 = ORIENTED_EDGE('',*,*,#9616,.T.);
#9665 = ORIENTED_EDGE('',*,*,#9592,.F.);
#9666 = PLANE('',#9667);
#9667 = AXIS2_PLACEMENT_3D('',#9668,#9669,#9670);
#9668 = CARTESIAN_POINT('',(-324.5,-324.5,450.));
#9669 = DIRECTION('',(0.,1.,0.));
#9670 = DIRECTION('',(0.,0.,1.));
#9671 = ADVANCED_FACE('',(#9672),#9683,.F.);
#9672 = FACE_BOUND('',#9673,.F.);
#9673 = EDGE_LOOP('',(#9674,#9675,#9676,#9682));
#9674 = ORIENTED_EDGE('',*,*,#9655,.F.);
#9675 = ORIENTED_EDGE('',*,*,#9525,.T.);
#9676 = ORIENTED_EDGE('',*,*,#9677,.T.);
#9677 = EDGE_CURVE('',#9518,#9443,#9678,.T.);
#9678 = LINE('',#9679,#9680);
#9679 = CARTESIAN_POINT('',(324.5,324.5,450.));
#9680 = VECTOR('',#9681,1.);
#9681 = DIRECTION('',(0.,0.,1.));
#9682 = ORIENTED_EDGE('',*,*,#9450,.F.);
#9683 = PLANE('',#9684);
#9684 = AXIS2_PLACEMENT_3D('',#9685,#9686,#9687);
#9685 = CARTESIAN_POINT('',(324.5,-324.5,450.));
#9686 = DIRECTION('',(1.,0.,0.));
#9687 = DIRECTION('',(0.,0.,1.));
#9688 = ADVANCED_FACE('',(#9689),#9700,.F.);
#9689 = FACE_BOUND('',#9690,.F.);
#9690 = EDGE_LOOP('',(#9691,#9692,#9698,#9699));
#9691 = ORIENTED_EDGE('',*,*,#9517,.F.);
#9692 = ORIENTED_EDGE('',*,*,#9693,.T.);
#9693 = EDGE_CURVE('',#9510,#9435,#9694,.T.);
#9694 = LINE('',#9695,#9696);
#9695 = CARTESIAN_POINT('',(-324.5,324.5,450.));
#9696 = VECTOR('',#9697,1.);
#9697 = DIRECTION('',(0.,0.,1.));
#9698 = ORIENTED_EDGE('',*,*,#9442,.T.);
#9699 = ORIENTED_EDGE('',*,*,#9677,.F.);
#9700 = PLANE('',#9701);
#9701 = AXIS2_PLACEMENT_3D('',#9702,#9703,#9704);
#9702 = CARTESIAN_POINT('',(-324.5,324.5,450.));
#9703 = DIRECTION('',(0.,1.,0.));
#9704 = DIRECTION('',(0.,0.,1.));
#9705 = ADVANCED_FACE('',(#9706),#9712,.T.);
#9706 = FACE_BOUND('',#9707,.T.);
#9707 = EDGE_LOOP('',(#9708,#9709,#9710,#9711));
#9708 = ORIENTED_EDGE('',*,*,#9648,.F.);
#9709 = ORIENTED_EDGE('',*,*,#9509,.T.);
#9710 = ORIENTED_EDGE('',*,*,#9693,.T.);
#9711 = ORIENTED_EDGE('',*,*,#9434,.F.);
#9712 = PLANE('',#9713);
#9713 = AXIS2_PLACEMENT_3D('',#9714,#9715,#9716);
#9714 = CARTESIAN_POINT('',(-324.5,-324.5,450.));
#9715 = DIRECTION('',(1.,0.,0.));
#9716 = DIRECTION('',(0.,0.,1.));
#9717 = MANIFOLD_SOLID_BREP('',#9718);
#9718 = CLOSED_SHELL('',(#9719,#9759,#9790,#9814,#9838,#9855));
#9719 = ADVANCED_FACE('',(#9720),#9754,.F.);
#9720 = FACE_BOUND('',#9721,.F.);
#9721 = EDGE_LOOP('',(#9722,#9732,#9740,#9748));
#9722 = ORIENTED_EDGE('',*,*,#9723,.F.);
#9723 = EDGE_CURVE('',#9724,#9726,#9728,.T.);
#9724 = VERTEX_POINT('',#9725);
#9725 = CARTESIAN_POINT('',(-317.5,-326.5,518.));
#9726 = VERTEX_POINT('',#9727);
#9727 = CARTESIAN_POINT('',(-317.5,-326.5,453.));
#9728 = LINE('',#9729,#9730);
#9729 = CARTESIAN_POINT('',(-317.5,-326.5,451.5));
#9730 = VECTOR('',#9731,1.);
#9731 = DIRECTION('',(0.,0.,-1.));
#9732 = ORIENTED_EDGE('',*,*,#9733,.T.);
#9733 = EDGE_CURVE('',#9724,#9734,#9736,.T.);
#9734 = VERTEX_POINT('',#9735);
#9735 = CARTESIAN_POINT('',(317.5,-326.5,518.));
#9736 = LINE('',#9737,#9738);
#9737 = CARTESIAN_POINT('',(-322.,-326.5,518.));
#9738 = VECTOR('',#9739,1.);
#9739 = DIRECTION('',(1.,0.,0.));
#9740 = ORIENTED_EDGE('',*,*,#9741,.T.);
#9741 = EDGE_CURVE('',#9734,#9742,#9744,.T.);
#9742 = VERTEX_POINT('',#9743);
#9743 = CARTESIAN_POINT('',(317.5,-326.5,453.));
#9744 = LINE('',#9745,#9746);
#9745 = CARTESIAN_POINT('',(317.5,-326.5,451.5));
#9746 = VECTOR('',#9747,1.);
#9747 = DIRECTION('',(0.,0.,-1.));
#9748 = ORIENTED_EDGE('',*,*,#9749,.F.);
#9749 = EDGE_CURVE('',#9726,#9742,#9750,.T.);
#9750 = LINE('',#9751,#9752);
#9751 = CARTESIAN_POINT('',(-322.,-326.5,453.));
#9752 = VECTOR('',#9753,1.);
#9753 = DIRECTION('',(1.,0.,0.));
#9754 = PLANE('',#9755);
#9755 = AXIS2_PLACEMENT_3D('',#9756,#9757,#9758);
#9756 = CARTESIAN_POINT('',(-326.5,-326.5,450.));
#9757 = DIRECTION('',(0.,1.,0.));
#9758 = DIRECTION('',(0.,0.,1.));
#9759 = ADVANCED_FACE('',(#9760),#9785,.F.);
#9760 = FACE_BOUND('',#9761,.F.);
#9761 = EDGE_LOOP('',(#9762,#9770,#9771,#9779));
#9762 = ORIENTED_EDGE('',*,*,#9763,.F.);
#9763 = EDGE_CURVE('',#9724,#9764,#9766,.T.);
#9764 = VERTEX_POINT('',#9765);
#9765 = CARTESIAN_POINT('',(-317.5,-324.5,518.));
#9766 = LINE('',#9767,#9768);
#9767 = CARTESIAN_POINT('',(-317.5,-330.5,518.));
#9768 = VECTOR('',#9769,1.);
#9769 = DIRECTION('',(0.,1.,0.));
#9770 = ORIENTED_EDGE('',*,*,#9723,.T.);
#9771 = ORIENTED_EDGE('',*,*,#9772,.T.);
#9772 = EDGE_CURVE('',#9726,#9773,#9775,.T.);
#9773 = VERTEX_POINT('',#9774);
#9774 = CARTESIAN_POINT('',(-317.5,-324.5,453.));
#9775 = LINE('',#9776,#9777);
#9776 = CARTESIAN_POINT('',(-317.5,-330.5,453.));
#9777 = VECTOR('',#9778,1.);
#9778 = DIRECTION('',(0.,1.,0.));
#9779 = ORIENTED_EDGE('',*,*,#9780,.F.);
#9780 = EDGE_CURVE('',#9764,#9773,#9781,.T.);
#9781 = LINE('',#9782,#9783);
#9782 = CARTESIAN_POINT('',(-317.5,-324.5,451.5));
#9783 = VECTOR('',#9784,1.);
#9784 = DIRECTION('',(0.,0.,-1.));
#9785 = PLANE('',#9786);
#9786 = AXIS2_PLACEMENT_3D('',#9787,#9788,#9789);
#9787 = CARTESIAN_POINT('',(-317.5,-330.5,453.));
#9788 = DIRECTION('',(1.,0.,0.));
#9789 = DIRECTION('',(0.,0.,1.));
#9790 = ADVANCED_FACE('',(#9791),#9809,.F.);
#9791 = FACE_BOUND('',#9792,.F.);
#9792 = EDGE_LOOP('',(#9793,#9794,#9795,#9803));
#9793 = ORIENTED_EDGE('',*,*,#9772,.F.);
#9794 = ORIENTED_EDGE('',*,*,#9749,.T.);
#9795 = ORIENTED_EDGE('',*,*,#9796,.T.);
#9796 = EDGE_CURVE('',#9742,#9797,#9799,.T.);
#9797 = VERTEX_POINT('',#9798);
#9798 = CARTESIAN_POINT('',(317.5,-324.5,453.));
#9799 = LINE('',#9800,#9801);
#9800 = CARTESIAN_POINT('',(317.5,-330.5,453.));
#9801 = VECTOR('',#9802,1.);
#9802 = DIRECTION('',(0.,1.,0.));
#9803 = ORIENTED_EDGE('',*,*,#9804,.F.);
#9804 = EDGE_CURVE('',#9773,#9797,#9805,.T.);
#9805 = LINE('',#9806,#9807);
#9806 = CARTESIAN_POINT('',(-321.,-324.5,453.));
#9807 = VECTOR('',#9808,1.);
#9808 = DIRECTION('',(1.,0.,0.));
#9809 = PLANE('',#9810);
#9810 = AXIS2_PLACEMENT_3D('',#9811,#9812,#9813);
#9811 = CARTESIAN_POINT('',(-317.5,-330.5,453.));
#9812 = DIRECTION('',(0.,0.,1.));
#9813 = DIRECTION('',(1.,0.,0.));
#9814 = ADVANCED_FACE('',(#9815),#9833,.T.);
#9815 = FACE_BOUND('',#9816,.T.);
#9816 = EDGE_LOOP('',(#9817,#9825,#9826,#9827));
#9817 = ORIENTED_EDGE('',*,*,#9818,.F.);
#9818 = EDGE_CURVE('',#9734,#9819,#9821,.T.);
#9819 = VERTEX_POINT('',#9820);
#9820 = CARTESIAN_POINT('',(317.5,-324.5,518.));
#9821 = LINE('',#9822,#9823);
#9822 = CARTESIAN_POINT('',(317.5,-330.5,518.));
#9823 = VECTOR('',#9824,1.);
#9824 = DIRECTION('',(0.,1.,0.));
#9825 = ORIENTED_EDGE('',*,*,#9741,.T.);
#9826 = ORIENTED_EDGE('',*,*,#9796,.T.);
#9827 = ORIENTED_EDGE('',*,*,#9828,.F.);
#9828 = EDGE_CURVE('',#9819,#9797,#9829,.T.);
#9829 = LINE('',#9830,#9831);
#9830 = CARTESIAN_POINT('',(317.5,-324.5,451.5));
#9831 = VECTOR('',#9832,1.);
#9832 = DIRECTION('',(0.,0.,-1.));
#9833 = PLANE('',#9834);
#9834 = AXIS2_PLACEMENT_3D('',#9835,#9836,#9837);
#9835 = CARTESIAN_POINT('',(317.5,-330.5,453.));
#9836 = DIRECTION('',(1.,0.,0.));
#9837 = DIRECTION('',(0.,0.,1.));
#9838 = ADVANCED_FACE('',(#9839),#9850,.T.);
#9839 = FACE_BOUND('',#9840,.T.);
#9840 = EDGE_LOOP('',(#9841,#9842,#9843,#9844));
#9841 = ORIENTED_EDGE('',*,*,#9763,.F.);
#9842 = ORIENTED_EDGE('',*,*,#9733,.T.);
#9843 = ORIENTED_EDGE('',*,*,#9818,.T.);
#9844 = ORIENTED_EDGE('',*,*,#9845,.F.);
#9845 = EDGE_CURVE('',#9764,#9819,#9846,.T.);
#9846 = LINE('',#9847,#9848);
#9847 = CARTESIAN_POINT('',(-321.,-324.5,518.));
#9848 = VECTOR('',#9849,1.);
#9849 = DIRECTION('',(1.,0.,0.));
#9850 = PLANE('',#9851);
#9851 = AXIS2_PLACEMENT_3D('',#9852,#9853,#9854);
#9852 = CARTESIAN_POINT('',(-317.5,-330.5,518.));
#9853 = DIRECTION('',(0.,0.,1.));
#9854 = DIRECTION('',(1.,0.,0.));
#9855 = ADVANCED_FACE('',(#9856),#9862,.T.);
#9856 = FACE_BOUND('',#9857,.T.);
#9857 = EDGE_LOOP('',(#9858,#9859,#9860,#9861));
#9858 = ORIENTED_EDGE('',*,*,#9780,.F.);
#9859 = ORIENTED_EDGE('',*,*,#9845,.T.);
#9860 = ORIENTED_EDGE('',*,*,#9828,.T.);
#9861 = ORIENTED_EDGE('',*,*,#9804,.F.);
#9862 = PLANE('',#9863);
#9863 = AXIS2_PLACEMENT_3D('',#9864,#9865,#9866);
#9864 = CARTESIAN_POINT('',(-324.5,-324.5,450.));
#9865 = DIRECTION('',(0.,1.,0.));
#9866 = DIRECTION('',(0.,0.,1.));
#9867 = MANIFOLD_SOLID_BREP('',#9868);
#9868 = CLOSED_SHELL('',(#9869,#9909,#9949,#9971,#9993,#10005));
#9869 = ADVANCED_FACE('',(#9870),#9904,.F.);
#9870 = FACE_BOUND('',#9871,.F.);
#9871 = EDGE_LOOP('',(#9872,#9882,#9890,#9898));
#9872 = ORIENTED_EDGE('',*,*,#9873,.F.);
#9873 = EDGE_CURVE('',#9874,#9876,#9878,.T.);
#9874 = VERTEX_POINT('',#9875);
#9875 = CARTESIAN_POINT('',(-326.5,-326.5,200.));
#9876 = VERTEX_POINT('',#9877);
#9877 = CARTESIAN_POINT('',(-326.5,-326.5,202.));
#9878 = LINE('',#9879,#9880);
#9879 = CARTESIAN_POINT('',(-326.5,-326.5,200.));
#9880 = VECTOR('',#9881,1.);
#9881 = DIRECTION('',(0.,0.,1.));
#9882 = ORIENTED_EDGE('',*,*,#9883,.T.);
#9883 = EDGE_CURVE('',#9874,#9884,#9886,.T.);
#9884 = VERTEX_POINT('',#9885);
#9885 = CARTESIAN_POINT('',(-326.5,326.5,200.));
#9886 = LINE('',#9887,#9888);
#9887 = CARTESIAN_POINT('',(-326.5,-326.5,200.));
#9888 = VECTOR('',#9889,1.);
#9889 = DIRECTION('',(0.,1.,0.));
#9890 = ORIENTED_EDGE('',*,*,#9891,.T.);
#9891 = EDGE_CURVE('',#9884,#9892,#9894,.T.);
#9892 = VERTEX_POINT('',#9893);
#9893 = CARTESIAN_POINT('',(-326.5,326.5,202.));
#9894 = LINE('',#9895,#9896);
#9895 = CARTESIAN_POINT('',(-326.5,326.5,200.));
#9896 = VECTOR('',#9897,1.);
#9897 = DIRECTION('',(0.,0.,1.));
#9898 = ORIENTED_EDGE('',*,*,#9899,.F.);
#9899 = EDGE_CURVE('',#9876,#9892,#9900,.T.);
#9900 = LINE('',#9901,#9902);
#9901 = CARTESIAN_POINT('',(-326.5,-326.5,202.));
#9902 = VECTOR('',#9903,1.);
#9903 = DIRECTION('',(0.,1.,0.));
#9904 = PLANE('',#9905);
#9905 = AXIS2_PLACEMENT_3D('',#9906,#9907,#9908);
#9906 = CARTESIAN_POINT('',(-326.5,-326.5,200.));
#9907 = DIRECTION('',(1.,0.,0.));
#9908 = DIRECTION('',(0.,0.,1.));
#9909 = ADVANCED_FACE('',(#9910),#9944,.T.);
#9910 = FACE_BOUND('',#9911,.T.);
#9911 = EDGE_LOOP('',(#9912,#9922,#9930,#9938));
#9912 = ORIENTED_EDGE('',*,*,#9913,.F.);
#9913 = EDGE_CURVE('',#9914,#9916,#9918,.T.);
#9914 = VERTEX_POINT('',#9915);
#9915 = CARTESIAN_POINT('',(326.5,-326.5,200.));
#9916 = VERTEX_POINT('',#9917);
#9917 = CARTESIAN_POINT('',(326.5,-326.5,202.));
#9918 = LINE('',#9919,#9920);
#9919 = CARTESIAN_POINT('',(326.5,-326.5,200.));
#9920 = VECTOR('',#9921,1.);
#9921 = DIRECTION('',(0.,0.,1.));
#9922 = ORIENTED_EDGE('',*,*,#9923,.T.);
#9923 = EDGE_CURVE('',#9914,#9924,#9926,.T.);
#9924 = VERTEX_POINT('',#9925);
#9925 = CARTESIAN_POINT('',(326.5,326.5,200.));
#9926 = LINE('',#9927,#9928);
#9927 = CARTESIAN_POINT('',(326.5,-326.5,200.));
#9928 = VECTOR('',#9929,1.);
#9929 = DIRECTION('',(0.,1.,0.));
#9930 = ORIENTED_EDGE('',*,*,#9931,.T.);
#9931 = EDGE_CURVE('',#9924,#9932,#9934,.T.);
#9932 = VERTEX_POINT('',#9933);
#9933 = CARTESIAN_POINT('',(326.5,326.5,202.));
#9934 = LINE('',#9935,#9936);
#9935 = CARTESIAN_POINT('',(326.5,326.5,200.));
#9936 = VECTOR('',#9937,1.);
#9937 = DIRECTION('',(0.,0.,1.));
#9938 = ORIENTED_EDGE('',*,*,#9939,.F.);
#9939 = EDGE_CURVE('',#9916,#9932,#9940,.T.);
#9940 = LINE('',#9941,#9942);
#9941 = CARTESIAN_POINT('',(326.5,-326.5,202.));
#9942 = VECTOR('',#9943,1.);
#9943 = DIRECTION('',(0.,1.,0.));
#9944 = PLANE('',#9945);
#9945 = AXIS2_PLACEMENT_3D('',#9946,#9947,#9948);
#9946 = CARTESIAN_POINT('',(326.5,-326.5,200.));
#9947 = DIRECTION('',(1.,0.,0.));
#9948 = DIRECTION('',(0.,0.,1.));
#9949 = ADVANCED_FACE('',(#9950),#9966,.F.);
#9950 = FACE_BOUND('',#9951,.F.);
#9951 = EDGE_LOOP('',(#9952,#9958,#9959,#9965));
#9952 = ORIENTED_EDGE('',*,*,#9953,.F.);
#9953 = EDGE_CURVE('',#9874,#9914,#9954,.T.);
#9954 = LINE('',#9955,#9956);
#9955 = CARTESIAN_POINT('',(-326.5,-326.5,200.));
#9956 = VECTOR('',#9957,1.);
#9957 = DIRECTION('',(1.,0.,0.));
#9958 = ORIENTED_EDGE('',*,*,#9873,.T.);
#9959 = ORIENTED_EDGE('',*,*,#9960,.T.);
#9960 = EDGE_CURVE('',#9876,#9916,#9961,.T.);
#9961 = LINE('',#9962,#9963);
#9962 = CARTESIAN_POINT('',(-326.5,-326.5,202.));
#9963 = VECTOR('',#9964,1.);
#9964 = DIRECTION('',(1.,0.,0.));
#9965 = ORIENTED_EDGE('',*,*,#9913,.F.);
#9966 = PLANE('',#9967);
#9967 = AXIS2_PLACEMENT_3D('',#9968,#9969,#9970);
#9968 = CARTESIAN_POINT('',(-326.5,-326.5,200.));
#9969 = DIRECTION('',(0.,1.,0.));
#9970 = DIRECTION('',(0.,0.,1.));
#9971 = ADVANCED_FACE('',(#9972),#9988,.T.);
#9972 = FACE_BOUND('',#9973,.T.);
#9973 = EDGE_LOOP('',(#9974,#9980,#9981,#9987));
#9974 = ORIENTED_EDGE('',*,*,#9975,.F.);
#9975 = EDGE_CURVE('',#9884,#9924,#9976,.T.);
#9976 = LINE('',#9977,#9978);
#9977 = CARTESIAN_POINT('',(-326.5,326.5,200.));
#9978 = VECTOR('',#9979,1.);
#9979 = DIRECTION('',(1.,0.,0.));
#9980 = ORIENTED_EDGE('',*,*,#9891,.T.);
#9981 = ORIENTED_EDGE('',*,*,#9982,.T.);
#9982 = EDGE_CURVE('',#9892,#9932,#9983,.T.);
#9983 = LINE('',#9984,#9985);
#9984 = CARTESIAN_POINT('',(-326.5,326.5,202.));
#9985 = VECTOR('',#9986,1.);
#9986 = DIRECTION('',(1.,0.,0.));
#9987 = ORIENTED_EDGE('',*,*,#9931,.F.);
#9988 = PLANE('',#9989);
#9989 = AXIS2_PLACEMENT_3D('',#9990,#9991,#9992);
#9990 = CARTESIAN_POINT('',(-326.5,326.5,200.));
#9991 = DIRECTION('',(0.,1.,0.));
#9992 = DIRECTION('',(0.,0.,1.));
#9993 = ADVANCED_FACE('',(#9994),#10000,.F.);
#9994 = FACE_BOUND('',#9995,.F.);
#9995 = EDGE_LOOP('',(#9996,#9997,#9998,#9999));
#9996 = ORIENTED_EDGE('',*,*,#9883,.F.);
#9997 = ORIENTED_EDGE('',*,*,#9953,.T.);
#9998 = ORIENTED_EDGE('',*,*,#9923,.T.);
#9999 = ORIENTED_EDGE('',*,*,#9975,.F.);
#10000 = PLANE('',#10001);
#10001 = AXIS2_PLACEMENT_3D('',#10002,#10003,#10004);
#10002 = CARTESIAN_POINT('',(-326.5,-326.5,200.));
#10003 = DIRECTION('',(0.,0.,1.));
#10004 = DIRECTION('',(1.,0.,0.));
#10005 = ADVANCED_FACE('',(#10006),#10012,.T.);
#10006 = FACE_BOUND('',#10007,.T.);
#10007 = EDGE_LOOP('',(#10008,#10009,#10010,#10011));
#10008 = ORIENTED_EDGE('',*,*,#9899,.F.);
#10009 = ORIENTED_EDGE('',*,*,#9960,.T.);
#10010 = ORIENTED_EDGE('',*,*,#9939,.T.);
#10011 = ORIENTED_EDGE('',*,*,#9982,.F.);
#10012 = PLANE('',#10013);
#10013 = AXIS2_PLACEMENT_3D('',#10014,#10015,#10016);
#10014 = CARTESIAN_POINT('',(-326.5,-326.5,202.));
#10015 = DIRECTION('',(0.,0.,1.));
#10016 = DIRECTION('',(1.,0.,0.));
#10017 = MANIFOLD_SOLID_BREP('',#10018);
#10018 = CLOSED_SHELL('',(#10019,#10059,#10090,#10148,#10172,#10223,
    #10235,#10257,#10274,#10291));
#10019 = ADVANCED_FACE('',(#10020),#10054,.F.);
#10020 = FACE_BOUND('',#10021,.F.);
#10021 = EDGE_LOOP('',(#10022,#10032,#10040,#10048));
#10022 = ORIENTED_EDGE('',*,*,#10023,.F.);
#10023 = EDGE_CURVE('',#10024,#10026,#10028,.T.);
#10024 = VERTEX_POINT('',#10025);
#10025 = CARTESIAN_POINT('',(-326.5,-326.5,963.));
#10026 = VERTEX_POINT('',#10027);
#10027 = CARTESIAN_POINT('',(-326.5,-326.5,965.));
#10028 = LINE('',#10029,#10030);
#10029 = CARTESIAN_POINT('',(-326.5,-326.5,963.));
#10030 = VECTOR('',#10031,1.);
#10031 = DIRECTION('',(0.,0.,1.));
#10032 = ORIENTED_EDGE('',*,*,#10033,.T.);
#10033 = EDGE_CURVE('',#10024,#10034,#10036,.T.);
#10034 = VERTEX_POINT('',#10035);
#10035 = CARTESIAN_POINT('',(-326.5,326.5,963.));
#10036 = LINE('',#10037,#10038);
#10037 = CARTESIAN_POINT('',(-326.5,-326.5,963.));
#10038 = VECTOR('',#10039,1.);
#10039 = DIRECTION('',(0.,1.,0.));
#10040 = ORIENTED_EDGE('',*,*,#10041,.T.);
#10041 = EDGE_CURVE('',#10034,#10042,#10044,.T.);
#10042 = VERTEX_POINT('',#10043);
#10043 = CARTESIAN_POINT('',(-326.5,326.5,965.));
#10044 = LINE('',#10045,#10046);
#10045 = CARTESIAN_POINT('',(-326.5,326.5,963.));
#10046 = VECTOR('',#10047,1.);
#10047 = DIRECTION('',(0.,0.,1.));
#10048 = ORIENTED_EDGE('',*,*,#10049,.F.);
#10049 = EDGE_CURVE('',#10026,#10042,#10050,.T.);
#10050 = LINE('',#10051,#10052);
#10051 = CARTESIAN_POINT('',(-326.5,-326.5,965.));
#10052 = VECTOR('',#10053,1.);
#10053 = DIRECTION('',(0.,1.,0.));
#10054 = PLANE('',#10055);
#10055 = AXIS2_PLACEMENT_3D('',#10056,#10057,#10058);
#10056 = CARTESIAN_POINT('',(-326.5,-326.5,963.));
#10057 = DIRECTION('',(1.,0.,0.));
#10058 = DIRECTION('',(0.,0.,1.));
#10059 = ADVANCED_FACE('',(#10060),#10085,.F.);
#10060 = FACE_BOUND('',#10061,.F.);
#10061 = EDGE_LOOP('',(#10062,#10070,#10071,#10079));
#10062 = ORIENTED_EDGE('',*,*,#10063,.F.);
#10063 = EDGE_CURVE('',#10024,#10064,#10066,.T.);
#10064 = VERTEX_POINT('',#10065);
#10065 = CARTESIAN_POINT('',(326.5,-326.5,963.));
#10066 = LINE('',#10067,#10068);
#10067 = CARTESIAN_POINT('',(-326.5,-326.5,963.));
#10068 = VECTOR('',#10069,1.);
#10069 = DIRECTION('',(1.,0.,0.));
#10070 = ORIENTED_EDGE('',*,*,#10023,.T.);
#10071 = ORIENTED_EDGE('',*,*,#10072,.T.);
#10072 = EDGE_CURVE('',#10026,#10073,#10075,.T.);
#10073 = VERTEX_POINT('',#10074);
#10074 = CARTESIAN_POINT('',(326.5,-326.5,965.));
#10075 = LINE('',#10076,#10077);
#10076 = CARTESIAN_POINT('',(-326.5,-326.5,965.));
#10077 = VECTOR('',#10078,1.);
#10078 = DIRECTION('',(1.,0.,0.));
#10079 = ORIENTED_EDGE('',*,*,#10080,.F.);
#10080 = EDGE_CURVE('',#10064,#10073,#10081,.T.);
#10081 = LINE('',#10082,#10083);
#10082 = CARTESIAN_POINT('',(326.5,-326.5,963.));
#10083 = VECTOR('',#10084,1.);
#10084 = DIRECTION('',(0.,0.,1.));
#10085 = PLANE('',#10086);
#10086 = AXIS2_PLACEMENT_3D('',#10087,#10088,#10089);
#10087 = CARTESIAN_POINT('',(-326.5,-326.5,963.));
#10088 = DIRECTION('',(0.,1.,0.));
#10089 = DIRECTION('',(0.,0.,1.));
#10090 = ADVANCED_FACE('',(#10091,#10109),#10143,.T.);
#10091 = FACE_BOUND('',#10092,.T.);
#10092 = EDGE_LOOP('',(#10093,#10094,#10095,#10103));
#10093 = ORIENTED_EDGE('',*,*,#10049,.F.);
#10094 = ORIENTED_EDGE('',*,*,#10072,.T.);
#10095 = ORIENTED_EDGE('',*,*,#10096,.T.);
#10096 = EDGE_CURVE('',#10073,#10097,#10099,.T.);
#10097 = VERTEX_POINT('',#10098);
#10098 = CARTESIAN_POINT('',(326.5,326.5,965.));
#10099 = LINE('',#10100,#10101);
#10100 = CARTESIAN_POINT('',(326.5,-326.5,965.));
#10101 = VECTOR('',#10102,1.);
#10102 = DIRECTION('',(0.,1.,0.));
#10103 = ORIENTED_EDGE('',*,*,#10104,.F.);
#10104 = EDGE_CURVE('',#10042,#10097,#10105,.T.);
#10105 = LINE('',#10106,#10107);
#10106 = CARTESIAN_POINT('',(-326.5,326.5,965.));
#10107 = VECTOR('',#10108,1.);
#10108 = DIRECTION('',(1.,0.,0.));
#10109 = FACE_BOUND('',#10110,.T.);
#10110 = EDGE_LOOP('',(#10111,#10121,#10129,#10137));
#10111 = ORIENTED_EDGE('',*,*,#10112,.F.);
#10112 = EDGE_CURVE('',#10113,#10115,#10117,.T.);
#10113 = VERTEX_POINT('',#10114);
#10114 = CARTESIAN_POINT('',(-281.5,-281.5,965.));
#10115 = VERTEX_POINT('',#10116);
#10116 = CARTESIAN_POINT('',(281.5,-281.5,965.));
#10117 = LINE('',#10118,#10119);
#10118 = CARTESIAN_POINT('',(-281.5,-281.5,965.));
#10119 = VECTOR('',#10120,1.);
#10120 = DIRECTION('',(1.,0.,0.));
#10121 = ORIENTED_EDGE('',*,*,#10122,.T.);
#10122 = EDGE_CURVE('',#10113,#10123,#10125,.T.);
#10123 = VERTEX_POINT('',#10124);
#10124 = CARTESIAN_POINT('',(-281.5,281.5,965.));
#10125 = LINE('',#10126,#10127);
#10126 = CARTESIAN_POINT('',(-281.5,-281.5,965.));
#10127 = VECTOR('',#10128,1.);
#10128 = DIRECTION('',(0.,1.,0.));
#10129 = ORIENTED_EDGE('',*,*,#10130,.T.);
#10130 = EDGE_CURVE('',#10123,#10131,#10133,.T.);
#10131 = VERTEX_POINT('',#10132);
#10132 = CARTESIAN_POINT('',(281.5,281.5,965.));
#10133 = LINE('',#10134,#10135);
#10134 = CARTESIAN_POINT('',(-281.5,281.5,965.));
#10135 = VECTOR('',#10136,1.);
#10136 = DIRECTION('',(1.,0.,0.));
#10137 = ORIENTED_EDGE('',*,*,#10138,.F.);
#10138 = EDGE_CURVE('',#10115,#10131,#10139,.T.);
#10139 = LINE('',#10140,#10141);
#10140 = CARTESIAN_POINT('',(281.5,-281.5,965.));
#10141 = VECTOR('',#10142,1.);
#10142 = DIRECTION('',(0.,1.,0.));
#10143 = PLANE('',#10144);
#10144 = AXIS2_PLACEMENT_3D('',#10145,#10146,#10147);
#10145 = CARTESIAN_POINT('',(-326.5,-326.5,965.));
#10146 = DIRECTION('',(0.,0.,1.));
#10147 = DIRECTION('',(1.,0.,0.));
#10148 = ADVANCED_FACE('',(#10149),#10167,.T.);
#10149 = FACE_BOUND('',#10150,.T.);
#10150 = EDGE_LOOP('',(#10151,#10159,#10160,#10161));
#10151 = ORIENTED_EDGE('',*,*,#10152,.F.);
#10152 = EDGE_CURVE('',#10034,#10153,#10155,.T.);
#10153 = VERTEX_POINT('',#10154);
#10154 = CARTESIAN_POINT('',(326.5,326.5,963.));
#10155 = LINE('',#10156,#10157);
#10156 = CARTESIAN_POINT('',(-326.5,326.5,963.));
#10157 = VECTOR('',#10158,1.);
#10158 = DIRECTION('',(1.,0.,0.));
#10159 = ORIENTED_EDGE('',*,*,#10041,.T.);
#10160 = ORIENTED_EDGE('',*,*,#10104,.T.);
#10161 = ORIENTED_EDGE('',*,*,#10162,.F.);
#10162 = EDGE_CURVE('',#10153,#10097,#10163,.T.);
#10163 = LINE('',#10164,#10165);
#10164 = CARTESIAN_POINT('',(326.5,326.5,963.));
#10165 = VECTOR('',#10166,1.);
#10166 = DIRECTION('',(0.,0.,1.));
#10167 = PLANE('',#10168);
#10168 = AXIS2_PLACEMENT_3D('',#10169,#10170,#10171);
#10169 = CARTESIAN_POINT('',(-326.5,326.5,963.));
#10170 = DIRECTION('',(0.,1.,0.));
#10171 = DIRECTION('',(0.,0.,1.));
#10172 = ADVANCED_FACE('',(#10173,#10184),#10218,.F.);
#10173 = FACE_BOUND('',#10174,.F.);
#10174 = EDGE_LOOP('',(#10175,#10176,#10177,#10183));
#10175 = ORIENTED_EDGE('',*,*,#10033,.F.);
#10176 = ORIENTED_EDGE('',*,*,#10063,.T.);
#10177 = ORIENTED_EDGE('',*,*,#10178,.T.);
#10178 = EDGE_CURVE('',#10064,#10153,#10179,.T.);
#10179 = LINE('',#10180,#10181);
#10180 = CARTESIAN_POINT('',(326.5,-326.5,963.));
#10181 = VECTOR('',#10182,1.);
#10182 = DIRECTION('',(0.,1.,0.));
#10183 = ORIENTED_EDGE('',*,*,#10152,.F.);
#10184 = FACE_BOUND('',#10185,.F.);
#10185 = EDGE_LOOP('',(#10186,#10196,#10204,#10212));
#10186 = ORIENTED_EDGE('',*,*,#10187,.F.);
#10187 = EDGE_CURVE('',#10188,#10190,#10192,.T.);
#10188 = VERTEX_POINT('',#10189);
#10189 = CARTESIAN_POINT('',(-281.5,-281.5,963.));
#10190 = VERTEX_POINT('',#10191);
#10191 = CARTESIAN_POINT('',(281.5,-281.5,963.));
#10192 = LINE('',#10193,#10194);
#10193 = CARTESIAN_POINT('',(-281.5,-281.5,963.));
#10194 = VECTOR('',#10195,1.);
#10195 = DIRECTION('',(1.,0.,0.));
#10196 = ORIENTED_EDGE('',*,*,#10197,.T.);
#10197 = EDGE_CURVE('',#10188,#10198,#10200,.T.);
#10198 = VERTEX_POINT('',#10199);
#10199 = CARTESIAN_POINT('',(-281.5,281.5,963.));
#10200 = LINE('',#10201,#10202);
#10201 = CARTESIAN_POINT('',(-281.5,-281.5,963.));
#10202 = VECTOR('',#10203,1.);
#10203 = DIRECTION('',(0.,1.,0.));
#10204 = ORIENTED_EDGE('',*,*,#10205,.T.);
#10205 = EDGE_CURVE('',#10198,#10206,#10208,.T.);
#10206 = VERTEX_POINT('',#10207);
#10207 = CARTESIAN_POINT('',(281.5,281.5,963.));
#10208 = LINE('',#10209,#10210);
#10209 = CARTESIAN_POINT('',(-281.5,281.5,963.));
#10210 = VECTOR('',#10211,1.);
#10211 = DIRECTION('',(1.,0.,0.));
#10212 = ORIENTED_EDGE('',*,*,#10213,.F.);
#10213 = EDGE_CURVE('',#10190,#10206,#10214,.T.);
#10214 = LINE('',#10215,#10216);
#10215 = CARTESIAN_POINT('',(281.5,-281.5,963.));
#10216 = VECTOR('',#10217,1.);
#10217 = DIRECTION('',(0.,1.,0.));
#10218 = PLANE('',#10219);
#10219 = AXIS2_PLACEMENT_3D('',#10220,#10221,#10222);
#10220 = CARTESIAN_POINT('',(-326.5,-326.5,963.));
#10221 = DIRECTION('',(0.,0.,1.));
#10222 = DIRECTION('',(1.,0.,0.));
#10223 = ADVANCED_FACE('',(#10224),#10230,.T.);
#10224 = FACE_BOUND('',#10225,.T.);
#10225 = EDGE_LOOP('',(#10226,#10227,#10228,#10229));
#10226 = ORIENTED_EDGE('',*,*,#10080,.F.);
#10227 = ORIENTED_EDGE('',*,*,#10178,.T.);
#10228 = ORIENTED_EDGE('',*,*,#10162,.T.);
#10229 = ORIENTED_EDGE('',*,*,#10096,.F.);
#10230 = PLANE('',#10231);
#10231 = AXIS2_PLACEMENT_3D('',#10232,#10233,#10234);
#10232 = CARTESIAN_POINT('',(326.5,-326.5,963.));
#10233 = DIRECTION('',(1.,0.,0.));
#10234 = DIRECTION('',(0.,0.,1.));
#10235 = ADVANCED_FACE('',(#10236),#10252,.T.);
#10236 = FACE_BOUND('',#10237,.T.);
#10237 = EDGE_LOOP('',(#10238,#10239,#10245,#10246));
#10238 = ORIENTED_EDGE('',*,*,#10187,.F.);
#10239 = ORIENTED_EDGE('',*,*,#10240,.T.);
#10240 = EDGE_CURVE('',#10188,#10113,#10241,.T.);
#10241 = LINE('',#10242,#10243);
#10242 = CARTESIAN_POINT('',(-281.5,-281.5,963.));
#10243 = VECTOR('',#10244,1.);
#10244 = DIRECTION('',(0.,0.,1.));
#10245 = ORIENTED_EDGE('',*,*,#10112,.T.);
#10246 = ORIENTED_EDGE('',*,*,#10247,.F.);
#10247 = EDGE_CURVE('',#10190,#10115,#10248,.T.);
#10248 = LINE('',#10249,#10250);
#10249 = CARTESIAN_POINT('',(281.5,-281.5,963.));
#10250 = VECTOR('',#10251,1.);
#10251 = DIRECTION('',(0.,0.,1.));
#10252 = PLANE('',#10253);
#10253 = AXIS2_PLACEMENT_3D('',#10254,#10255,#10256);
#10254 = CARTESIAN_POINT('',(-281.5,-281.5,963.));
#10255 = DIRECTION('',(0.,1.,0.));
#10256 = DIRECTION('',(0.,0.,1.));
#10257 = ADVANCED_FACE('',(#10258),#10269,.F.);
#10258 = FACE_BOUND('',#10259,.F.);
#10259 = EDGE_LOOP('',(#10260,#10261,#10262,#10268));
#10260 = ORIENTED_EDGE('',*,*,#10247,.F.);
#10261 = ORIENTED_EDGE('',*,*,#10213,.T.);
#10262 = ORIENTED_EDGE('',*,*,#10263,.T.);
#10263 = EDGE_CURVE('',#10206,#10131,#10264,.T.);
#10264 = LINE('',#10265,#10266);
#10265 = CARTESIAN_POINT('',(281.5,281.5,963.));
#10266 = VECTOR('',#10267,1.);
#10267 = DIRECTION('',(0.,0.,1.));
#10268 = ORIENTED_EDGE('',*,*,#10138,.F.);
#10269 = PLANE('',#10270);
#10270 = AXIS2_PLACEMENT_3D('',#10271,#10272,#10273);
#10271 = CARTESIAN_POINT('',(281.5,-281.5,963.));
#10272 = DIRECTION('',(1.,0.,0.));
#10273 = DIRECTION('',(0.,0.,1.));
#10274 = ADVANCED_FACE('',(#10275),#10286,.F.);
#10275 = FACE_BOUND('',#10276,.F.);
#10276 = EDGE_LOOP('',(#10277,#10278,#10284,#10285));
#10277 = ORIENTED_EDGE('',*,*,#10205,.F.);
#10278 = ORIENTED_EDGE('',*,*,#10279,.T.);
#10279 = EDGE_CURVE('',#10198,#10123,#10280,.T.);
#10280 = LINE('',#10281,#10282);
#10281 = CARTESIAN_POINT('',(-281.5,281.5,963.));
#10282 = VECTOR('',#10283,1.);
#10283 = DIRECTION('',(0.,0.,1.));
#10284 = ORIENTED_EDGE('',*,*,#10130,.T.);
#10285 = ORIENTED_EDGE('',*,*,#10263,.F.);
#10286 = PLANE('',#10287);
#10287 = AXIS2_PLACEMENT_3D('',#10288,#10289,#10290);
#10288 = CARTESIAN_POINT('',(-281.5,281.5,963.));
#10289 = DIRECTION('',(0.,1.,0.));
#10290 = DIRECTION('',(0.,0.,1.));
#10291 = ADVANCED_FACE('',(#10292),#10298,.T.);
#10292 = FACE_BOUND('',#10293,.T.);
#10293 = EDGE_LOOP('',(#10294,#10295,#10296,#10297));
#10294 = ORIENTED_EDGE('',*,*,#10240,.F.);
#10295 = ORIENTED_EDGE('',*,*,#10197,.T.);
#10296 = ORIENTED_EDGE('',*,*,#10279,.T.);
#10297 = ORIENTED_EDGE('',*,*,#10122,.F.);
#10298 = PLANE('',#10299);
#10299 = AXIS2_PLACEMENT_3D('',#10300,#10301,#10302);
#10300 = CARTESIAN_POINT('',(-281.5,-281.5,963.));
#10301 = DIRECTION('',(1.,0.,0.));
#10302 = DIRECTION('',(0.,0.,1.));
#10303 = MANIFOLD_SOLID_BREP('',#10304);
#10304 = CLOSED_SHELL('',(#10305,#10721,#10763,#10787,#10822,#10842,
    #10859,#10879,#10911,#10935,#10960,#10977,#11009,#11033,#11057,
    #11075,#11107,#11131,#11155,#11173,#11205,#11229,#11253,#11271,
    #11303,#11327,#11351,#11369,#11401,#11425,#11449,#11467,#11499,
    #11523,#11547,#11565,#11597,#11621,#11645,#11663,#11695,#11719,
    #11743,#11761));
#10305 = ADVANCED_FACE('',(#10306,#10392,#10428,#10464,#10500,#10536,
    #10572,#10608,#10644,#10680),#10716,.T.);
#10306 = FACE_BOUND('',#10307,.F.);
#10307 = EDGE_LOOP('',(#10308,#10318,#10325,#10326,#10335,#10343,#10352,
    #10360,#10367,#10368,#10377,#10385));
#10308 = ORIENTED_EDGE('',*,*,#10309,.F.);
#10309 = EDGE_CURVE('',#10310,#10312,#10314,.T.);
#10310 = VERTEX_POINT('',#10311);
#10311 = CARTESIAN_POINT('',(492.,-1.205052450361E-13,150.));
#10312 = VERTEX_POINT('',#10313);
#10313 = CARTESIAN_POINT('',(492.,-1.205052450361E-13,230.));
#10314 = LINE('',#10315,#10316);
#10315 = CARTESIAN_POINT('',(492.,-1.205052450361E-13,150.));
#10316 = VECTOR('',#10317,1.);
#10317 = DIRECTION('',(0.,0.,1.));
#10318 = ORIENTED_EDGE('',*,*,#10319,.F.);
#10319 = EDGE_CURVE('',#10310,#10310,#10320,.T.);
#10320 = CIRCLE('',#10321,492.);
#10321 = AXIS2_PLACEMENT_3D('',#10322,#10323,#10324);
#10322 = CARTESIAN_POINT('',(0.,0.,150.));
#10323 = DIRECTION('',(0.,0.,1.));
#10324 = DIRECTION('',(1.,0.,0.));
#10325 = ORIENTED_EDGE('',*,*,#10309,.T.);
#10326 = ORIENTED_EDGE('',*,*,#10327,.F.);
#10327 = EDGE_CURVE('',#10328,#10312,#10330,.T.);
#10328 = VERTEX_POINT('',#10329);
#10329 = CARTESIAN_POINT('',(485.45236635534,80.,230.));
#10330 = CIRCLE('',#10331,492.);
#10331 = AXIS2_PLACEMENT_3D('',#10332,#10333,#10334);
#10332 = CARTESIAN_POINT('',(0.,0.,230.));
#10333 = DIRECTION('',(0.,0.,-1.));
#10334 = DIRECTION('',(1.,0.,0.));
#10335 = ORIENTED_EDGE('',*,*,#10336,.F.);
#10336 = EDGE_CURVE('',#10337,#10328,#10339,.T.);
#10337 = VERTEX_POINT('',#10338);
#10338 = CARTESIAN_POINT('',(485.45236635534,80.,370.));
#10339 = LINE('',#10340,#10341);
#10340 = CARTESIAN_POINT('',(485.45236635534,80.,150.));
#10341 = VECTOR('',#10342,1.);
#10342 = DIRECTION('',(-0.,-0.,-1.));
#10343 = ORIENTED_EDGE('',*,*,#10344,.T.);
#10344 = EDGE_CURVE('',#10337,#10345,#10347,.T.);
#10345 = VERTEX_POINT('',#10346);
#10346 = CARTESIAN_POINT('',(492.,-1.205052450361E-13,370.));
#10347 = CIRCLE('',#10348,492.);
#10348 = AXIS2_PLACEMENT_3D('',#10349,#10350,#10351);
#10349 = CARTESIAN_POINT('',(0.,0.,370.));
#10350 = DIRECTION('',(0.,0.,-1.));
#10351 = DIRECTION('',(1.,0.,0.));
#10352 = ORIENTED_EDGE('',*,*,#10353,.T.);
#10353 = EDGE_CURVE('',#10345,#10354,#10356,.T.);
#10354 = VERTEX_POINT('',#10355);
#10355 = CARTESIAN_POINT('',(492.,-1.205052450361E-13,2.215E+03));
#10356 = LINE('',#10357,#10358);
#10357 = CARTESIAN_POINT('',(492.,-1.205052450361E-13,150.));
#10358 = VECTOR('',#10359,1.);
#10359 = DIRECTION('',(0.,0.,1.));
#10360 = ORIENTED_EDGE('',*,*,#10361,.T.);
#10361 = EDGE_CURVE('',#10354,#10354,#10362,.T.);
#10362 = CIRCLE('',#10363,492.);
#10363 = AXIS2_PLACEMENT_3D('',#10364,#10365,#10366);
#10364 = CARTESIAN_POINT('',(0.,0.,2.215E+03));
#10365 = DIRECTION('',(0.,0.,1.));
#10366 = DIRECTION('',(1.,0.,0.));
#10367 = ORIENTED_EDGE('',*,*,#10353,.F.);
#10368 = ORIENTED_EDGE('',*,*,#10369,.T.);
#10369 = EDGE_CURVE('',#10345,#10370,#10372,.T.);
#10370 = VERTEX_POINT('',#10371);
#10371 = CARTESIAN_POINT('',(485.45236635534,-80.,370.));
#10372 = CIRCLE('',#10373,492.);
#10373 = AXIS2_PLACEMENT_3D('',#10374,#10375,#10376);
#10374 = CARTESIAN_POINT('',(0.,0.,370.));
#10375 = DIRECTION('',(0.,0.,-1.));
#10376 = DIRECTION('',(1.,0.,0.));
#10377 = ORIENTED_EDGE('',*,*,#10378,.T.);
#10378 = EDGE_CURVE('',#10370,#10379,#10381,.T.);
#10379 = VERTEX_POINT('',#10380);
#10380 = CARTESIAN_POINT('',(485.45236635534,-80.,230.));
#10381 = LINE('',#10382,#10383);
#10382 = CARTESIAN_POINT('',(485.45236635534,-80.,150.));
#10383 = VECTOR('',#10384,1.);
#10384 = DIRECTION('',(-0.,-0.,-1.));
#10385 = ORIENTED_EDGE('',*,*,#10386,.F.);
#10386 = EDGE_CURVE('',#10312,#10379,#10387,.T.);
#10387 = CIRCLE('',#10388,492.);
#10388 = AXIS2_PLACEMENT_3D('',#10389,#10390,#10391);
#10389 = CARTESIAN_POINT('',(0.,0.,230.));
#10390 = DIRECTION('',(0.,0.,-1.));
#10391 = DIRECTION('',(1.,0.,0.));
#10392 = FACE_BOUND('',#10393,.F.);
#10393 = EDGE_LOOP('',(#10394,#10405,#10413,#10422));
#10394 = ORIENTED_EDGE('',*,*,#10395,.T.);
#10395 = EDGE_CURVE('',#10396,#10398,#10400,.T.);
#10396 = VERTEX_POINT('',#10397);
#10397 = CARTESIAN_POINT('',(350.,-345.7802770546,995.));
#10398 = VERTEX_POINT('',#10399);
#10399 = CARTESIAN_POINT('',(-350.,-345.7802770546,995.));
#10400 = CIRCLE('',#10401,492.);
#10401 = AXIS2_PLACEMENT_3D('',#10402,#10403,#10404);
#10402 = CARTESIAN_POINT('',(0.,0.,995.));
#10403 = DIRECTION('',(0.,0.,-1.));
#10404 = DIRECTION('',(1.,0.,0.));
#10405 = ORIENTED_EDGE('',*,*,#10406,.T.);
#10406 = EDGE_CURVE('',#10398,#10407,#10409,.T.);
#10407 = VERTEX_POINT('',#10408);
#10408 = CARTESIAN_POINT('',(-350.,-345.7802770546,615.));
#10409 = LINE('',#10410,#10411);
#10410 = CARTESIAN_POINT('',(-350.,-345.7802770546,150.));
#10411 = VECTOR('',#10412,1.);
#10412 = DIRECTION('',(-0.,-0.,-1.));
#10413 = ORIENTED_EDGE('',*,*,#10414,.F.);
#10414 = EDGE_CURVE('',#10415,#10407,#10417,.T.);
#10415 = VERTEX_POINT('',#10416);
#10416 = CARTESIAN_POINT('',(350.,-345.7802770546,615.));
#10417 = CIRCLE('',#10418,492.);
#10418 = AXIS2_PLACEMENT_3D('',#10419,#10420,#10421);
#10419 = CARTESIAN_POINT('',(0.,0.,615.));
#10420 = DIRECTION('',(0.,0.,-1.));
#10421 = DIRECTION('',(1.,0.,0.));
#10422 = ORIENTED_EDGE('',*,*,#10423,.F.);
#10423 = EDGE_CURVE('',#10396,#10415,#10424,.T.);
#10424 = LINE('',#10425,#10426);
#10425 = CARTESIAN_POINT('',(350.,-345.7802770546,150.));
#10426 = VECTOR('',#10427,1.);
#10427 = DIRECTION('',(-0.,-0.,-1.));
#10428 = FACE_BOUND('',#10429,.F.);
#10429 = EDGE_LOOP('',(#10430,#10441,#10449,#10458));
#10430 = ORIENTED_EDGE('',*,*,#10431,.T.);
#10431 = EDGE_CURVE('',#10432,#10434,#10436,.T.);
#10432 = VERTEX_POINT('',#10433);
#10433 = CARTESIAN_POINT('',(286.69811769799,399.83520268784,370.));
#10434 = VERTEX_POINT('',#10435);
#10435 = CARTESIAN_POINT('',(399.83520268784,286.69811769799,370.));
#10436 = CIRCLE('',#10437,492.);
#10437 = AXIS2_PLACEMENT_3D('',#10438,#10439,#10440);
#10438 = CARTESIAN_POINT('',(0.,0.,370.));
#10439 = DIRECTION('',(0.,0.,-1.));
#10440 = DIRECTION('',(1.,0.,0.));
#10441 = ORIENTED_EDGE('',*,*,#10442,.T.);
#10442 = EDGE_CURVE('',#10434,#10443,#10445,.T.);
#10443 = VERTEX_POINT('',#10444);
#10444 = CARTESIAN_POINT('',(399.83520268784,286.69811769799,230.));
#10445 = LINE('',#10446,#10447);
#10446 = CARTESIAN_POINT('',(399.83520268784,286.69811769799,150.));
#10447 = VECTOR('',#10448,1.);
#10448 = DIRECTION('',(-0.,-0.,-1.));
#10449 = ORIENTED_EDGE('',*,*,#10450,.F.);
#10450 = EDGE_CURVE('',#10451,#10443,#10453,.T.);
#10451 = VERTEX_POINT('',#10452);
#10452 = CARTESIAN_POINT('',(286.69811769799,399.83520268784,230.));
#10453 = CIRCLE('',#10454,492.);
#10454 = AXIS2_PLACEMENT_3D('',#10455,#10456,#10457);
#10455 = CARTESIAN_POINT('',(0.,0.,230.));
#10456 = DIRECTION('',(0.,0.,-1.));
#10457 = DIRECTION('',(1.,0.,0.));
#10458 = ORIENTED_EDGE('',*,*,#10459,.F.);
#10459 = EDGE_CURVE('',#10432,#10451,#10460,.T.);
#10460 = LINE('',#10461,#10462);
#10461 = CARTESIAN_POINT('',(286.69811769799,399.83520268784,150.));
#10462 = VECTOR('',#10463,1.);
#10463 = DIRECTION('',(-0.,-0.,-1.));
#10464 = FACE_BOUND('',#10465,.F.);
#10465 = EDGE_LOOP('',(#10466,#10477,#10485,#10494));
#10466 = ORIENTED_EDGE('',*,*,#10467,.T.);
#10467 = EDGE_CURVE('',#10468,#10470,#10472,.T.);
#10468 = VERTEX_POINT('',#10469);
#10469 = CARTESIAN_POINT('',(-80.,485.45236635534,370.));
#10470 = VERTEX_POINT('',#10471);
#10471 = CARTESIAN_POINT('',(80.,485.45236635534,370.));
#10472 = CIRCLE('',#10473,492.);
#10473 = AXIS2_PLACEMENT_3D('',#10474,#10475,#10476);
#10474 = CARTESIAN_POINT('',(0.,0.,370.));
#10475 = DIRECTION('',(0.,0.,-1.));
#10476 = DIRECTION('',(1.,0.,0.));
#10477 = ORIENTED_EDGE('',*,*,#10478,.T.);
#10478 = EDGE_CURVE('',#10470,#10479,#10481,.T.);
#10479 = VERTEX_POINT('',#10480);
#10480 = CARTESIAN_POINT('',(80.,485.45236635534,230.));
#10481 = LINE('',#10482,#10483);
#10482 = CARTESIAN_POINT('',(80.,485.45236635534,150.));
#10483 = VECTOR('',#10484,1.);
#10484 = DIRECTION('',(-0.,-0.,-1.));
#10485 = ORIENTED_EDGE('',*,*,#10486,.F.);
#10486 = EDGE_CURVE('',#10487,#10479,#10489,.T.);
#10487 = VERTEX_POINT('',#10488);
#10488 = CARTESIAN_POINT('',(-80.,485.45236635534,230.));
#10489 = CIRCLE('',#10490,492.);
#10490 = AXIS2_PLACEMENT_3D('',#10491,#10492,#10493);
#10491 = CARTESIAN_POINT('',(0.,0.,230.));
#10492 = DIRECTION('',(0.,0.,-1.));
#10493 = DIRECTION('',(1.,0.,0.));
#10494 = ORIENTED_EDGE('',*,*,#10495,.F.);
#10495 = EDGE_CURVE('',#10468,#10487,#10496,.T.);
#10496 = LINE('',#10497,#10498);
#10497 = CARTESIAN_POINT('',(-80.,485.45236635534,150.));
#10498 = VECTOR('',#10499,1.);
#10499 = DIRECTION('',(-0.,-0.,-1.));
#10500 = FACE_BOUND('',#10501,.F.);
#10501 = EDGE_LOOP('',(#10502,#10513,#10521,#10530));
#10502 = ORIENTED_EDGE('',*,*,#10503,.T.);
#10503 = EDGE_CURVE('',#10504,#10506,#10508,.T.);
#10504 = VERTEX_POINT('',#10505);
#10505 = CARTESIAN_POINT('',(-399.8352026878,286.69811769799,370.));
#10506 = VERTEX_POINT('',#10507);
#10507 = CARTESIAN_POINT('',(-286.6981176979,399.83520268784,370.));
#10508 = CIRCLE('',#10509,492.);
#10509 = AXIS2_PLACEMENT_3D('',#10510,#10511,#10512);
#10510 = CARTESIAN_POINT('',(0.,0.,370.));
#10511 = DIRECTION('',(0.,0.,-1.));
#10512 = DIRECTION('',(1.,0.,0.));
#10513 = ORIENTED_EDGE('',*,*,#10514,.T.);
#10514 = EDGE_CURVE('',#10506,#10515,#10517,.T.);
#10515 = VERTEX_POINT('',#10516);
#10516 = CARTESIAN_POINT('',(-286.6981176979,399.83520268784,230.));
#10517 = LINE('',#10518,#10519);
#10518 = CARTESIAN_POINT('',(-286.6981176979,399.83520268784,150.));
#10519 = VECTOR('',#10520,1.);
#10520 = DIRECTION('',(-0.,-0.,-1.));
#10521 = ORIENTED_EDGE('',*,*,#10522,.F.);
#10522 = EDGE_CURVE('',#10523,#10515,#10525,.T.);
#10523 = VERTEX_POINT('',#10524);
#10524 = CARTESIAN_POINT('',(-399.8352026878,286.69811769799,230.));
#10525 = CIRCLE('',#10526,492.);
#10526 = AXIS2_PLACEMENT_3D('',#10527,#10528,#10529);
#10527 = CARTESIAN_POINT('',(0.,0.,230.));
#10528 = DIRECTION('',(0.,0.,-1.));
#10529 = DIRECTION('',(1.,0.,0.));
#10530 = ORIENTED_EDGE('',*,*,#10531,.F.);
#10531 = EDGE_CURVE('',#10504,#10523,#10532,.T.);
#10532 = LINE('',#10533,#10534);
#10533 = CARTESIAN_POINT('',(-399.8352026878,286.69811769799,150.));
#10534 = VECTOR('',#10535,1.);
#10535 = DIRECTION('',(-0.,-0.,-1.));
#10536 = FACE_BOUND('',#10537,.F.);
#10537 = EDGE_LOOP('',(#10538,#10549,#10557,#10566));
#10538 = ORIENTED_EDGE('',*,*,#10539,.T.);
#10539 = EDGE_CURVE('',#10540,#10542,#10544,.T.);
#10540 = VERTEX_POINT('',#10541);
#10541 = CARTESIAN_POINT('',(325.,-369.3765016889,520.));
#10542 = VERTEX_POINT('',#10543);
#10543 = CARTESIAN_POINT('',(-325.,-369.3765016889,520.));
#10544 = CIRCLE('',#10545,492.);
#10545 = AXIS2_PLACEMENT_3D('',#10546,#10547,#10548);
#10546 = CARTESIAN_POINT('',(0.,0.,520.));
#10547 = DIRECTION('',(0.,0.,-1.));
#10548 = DIRECTION('',(1.,0.,0.));
#10549 = ORIENTED_EDGE('',*,*,#10550,.T.);
#10550 = EDGE_CURVE('',#10542,#10551,#10553,.T.);
#10551 = VERTEX_POINT('',#10552);
#10552 = CARTESIAN_POINT('',(-325.,-369.3765016889,430.));
#10553 = LINE('',#10554,#10555);
#10554 = CARTESIAN_POINT('',(-325.,-369.3765016889,150.));
#10555 = VECTOR('',#10556,1.);
#10556 = DIRECTION('',(-0.,-0.,-1.));
#10557 = ORIENTED_EDGE('',*,*,#10558,.F.);
#10558 = EDGE_CURVE('',#10559,#10551,#10561,.T.);
#10559 = VERTEX_POINT('',#10560);
#10560 = CARTESIAN_POINT('',(325.,-369.3765016889,430.));
#10561 = CIRCLE('',#10562,492.);
#10562 = AXIS2_PLACEMENT_3D('',#10563,#10564,#10565);
#10563 = CARTESIAN_POINT('',(0.,0.,430.));
#10564 = DIRECTION('',(0.,0.,-1.));
#10565 = DIRECTION('',(1.,0.,0.));
#10566 = ORIENTED_EDGE('',*,*,#10567,.F.);
#10567 = EDGE_CURVE('',#10540,#10559,#10568,.T.);
#10568 = LINE('',#10569,#10570);
#10569 = CARTESIAN_POINT('',(325.,-369.3765016889,150.));
#10570 = VECTOR('',#10571,1.);
#10571 = DIRECTION('',(-0.,-0.,-1.));
#10572 = FACE_BOUND('',#10573,.F.);
#10573 = EDGE_LOOP('',(#10574,#10585,#10593,#10602));
#10574 = ORIENTED_EDGE('',*,*,#10575,.T.);
#10575 = EDGE_CURVE('',#10576,#10578,#10580,.T.);
#10576 = VERTEX_POINT('',#10577);
#10577 = CARTESIAN_POINT('',(-485.4523663553,-80.,370.));
#10578 = VERTEX_POINT('',#10579);
#10579 = CARTESIAN_POINT('',(-485.4523663553,80.,370.));
#10580 = CIRCLE('',#10581,492.);
#10581 = AXIS2_PLACEMENT_3D('',#10582,#10583,#10584);
#10582 = CARTESIAN_POINT('',(0.,0.,370.));
#10583 = DIRECTION('',(0.,0.,-1.));
#10584 = DIRECTION('',(1.,0.,0.));
#10585 = ORIENTED_EDGE('',*,*,#10586,.T.);
#10586 = EDGE_CURVE('',#10578,#10587,#10589,.T.);
#10587 = VERTEX_POINT('',#10588);
#10588 = CARTESIAN_POINT('',(-485.4523663553,80.,230.));
#10589 = LINE('',#10590,#10591);
#10590 = CARTESIAN_POINT('',(-485.4523663553,80.,150.));
#10591 = VECTOR('',#10592,1.);
#10592 = DIRECTION('',(-0.,-0.,-1.));
#10593 = ORIENTED_EDGE('',*,*,#10594,.F.);
#10594 = EDGE_CURVE('',#10595,#10587,#10597,.T.);
#10595 = VERTEX_POINT('',#10596);
#10596 = CARTESIAN_POINT('',(-485.4523663553,-80.,230.));
#10597 = CIRCLE('',#10598,492.);
#10598 = AXIS2_PLACEMENT_3D('',#10599,#10600,#10601);
#10599 = CARTESIAN_POINT('',(0.,0.,230.));
#10600 = DIRECTION('',(0.,0.,-1.));
#10601 = DIRECTION('',(1.,0.,0.));
#10602 = ORIENTED_EDGE('',*,*,#10603,.F.);
#10603 = EDGE_CURVE('',#10576,#10595,#10604,.T.);
#10604 = LINE('',#10605,#10606);
#10605 = CARTESIAN_POINT('',(-485.4523663553,-80.,150.));
#10606 = VECTOR('',#10607,1.);
#10607 = DIRECTION('',(-0.,-0.,-1.));
#10608 = FACE_BOUND('',#10609,.F.);
#10609 = EDGE_LOOP('',(#10610,#10621,#10629,#10638));
#10610 = ORIENTED_EDGE('',*,*,#10611,.T.);
#10611 = EDGE_CURVE('',#10612,#10614,#10616,.T.);
#10612 = VERTEX_POINT('',#10613);
#10613 = CARTESIAN_POINT('',(-286.6981176979,-399.8352026878,370.));
#10614 = VERTEX_POINT('',#10615);
#10615 = CARTESIAN_POINT('',(-399.8352026878,-286.6981176979,370.));
#10616 = CIRCLE('',#10617,492.);
#10617 = AXIS2_PLACEMENT_3D('',#10618,#10619,#10620);
#10618 = CARTESIAN_POINT('',(0.,0.,370.));
#10619 = DIRECTION('',(0.,0.,-1.));
#10620 = DIRECTION('',(1.,0.,0.));
#10621 = ORIENTED_EDGE('',*,*,#10622,.T.);
#10622 = EDGE_CURVE('',#10614,#10623,#10625,.T.);
#10623 = VERTEX_POINT('',#10624);
#10624 = CARTESIAN_POINT('',(-399.8352026878,-286.6981176979,230.));
#10625 = LINE('',#10626,#10627);
#10626 = CARTESIAN_POINT('',(-399.8352026878,-286.6981176979,150.));
#10627 = VECTOR('',#10628,1.);
#10628 = DIRECTION('',(-0.,-0.,-1.));
#10629 = ORIENTED_EDGE('',*,*,#10630,.F.);
#10630 = EDGE_CURVE('',#10631,#10623,#10633,.T.);
#10631 = VERTEX_POINT('',#10632);
#10632 = CARTESIAN_POINT('',(-286.6981176979,-399.8352026878,230.));
#10633 = CIRCLE('',#10634,492.);
#10634 = AXIS2_PLACEMENT_3D('',#10635,#10636,#10637);
#10635 = CARTESIAN_POINT('',(0.,0.,230.));
#10636 = DIRECTION('',(0.,0.,-1.));
#10637 = DIRECTION('',(1.,0.,0.));
#10638 = ORIENTED_EDGE('',*,*,#10639,.F.);
#10639 = EDGE_CURVE('',#10612,#10631,#10640,.T.);
#10640 = LINE('',#10641,#10642);
#10641 = CARTESIAN_POINT('',(-286.6981176979,-399.8352026878,150.));
#10642 = VECTOR('',#10643,1.);
#10643 = DIRECTION('',(-0.,-0.,-1.));
#10644 = FACE_BOUND('',#10645,.F.);
#10645 = EDGE_LOOP('',(#10646,#10657,#10665,#10674));
#10646 = ORIENTED_EDGE('',*,*,#10647,.T.);
#10647 = EDGE_CURVE('',#10648,#10650,#10652,.T.);
#10648 = VERTEX_POINT('',#10649);
#10649 = CARTESIAN_POINT('',(80.,-485.4523663553,370.));
#10650 = VERTEX_POINT('',#10651);
#10651 = CARTESIAN_POINT('',(-80.,-485.4523663553,370.));
#10652 = CIRCLE('',#10653,492.);
#10653 = AXIS2_PLACEMENT_3D('',#10654,#10655,#10656);
#10654 = CARTESIAN_POINT('',(0.,0.,370.));
#10655 = DIRECTION('',(0.,0.,-1.));
#10656 = DIRECTION('',(1.,0.,0.));
#10657 = ORIENTED_EDGE('',*,*,#10658,.T.);
#10658 = EDGE_CURVE('',#10650,#10659,#10661,.T.);
#10659 = VERTEX_POINT('',#10660);
#10660 = CARTESIAN_POINT('',(-80.,-485.4523663553,230.));
#10661 = LINE('',#10662,#10663);
#10662 = CARTESIAN_POINT('',(-80.,-485.4523663553,150.));
#10663 = VECTOR('',#10664,1.);
#10664 = DIRECTION('',(-0.,-0.,-1.));
#10665 = ORIENTED_EDGE('',*,*,#10666,.F.);
#10666 = EDGE_CURVE('',#10667,#10659,#10669,.T.);
#10667 = VERTEX_POINT('',#10668);
#10668 = CARTESIAN_POINT('',(80.,-485.4523663553,230.));
#10669 = CIRCLE('',#10670,492.);
#10670 = AXIS2_PLACEMENT_3D('',#10671,#10672,#10673);
#10671 = CARTESIAN_POINT('',(0.,0.,230.));
#10672 = DIRECTION('',(0.,0.,-1.));
#10673 = DIRECTION('',(1.,0.,0.));
#10674 = ORIENTED_EDGE('',*,*,#10675,.F.);
#10675 = EDGE_CURVE('',#10648,#10667,#10676,.T.);
#10676 = LINE('',#10677,#10678);
#10677 = CARTESIAN_POINT('',(80.,-485.4523663553,150.));
#10678 = VECTOR('',#10679,1.);
#10679 = DIRECTION('',(-0.,-0.,-1.));
#10680 = FACE_BOUND('',#10681,.F.);
#10681 = EDGE_LOOP('',(#10682,#10693,#10701,#10710));
#10682 = ORIENTED_EDGE('',*,*,#10683,.T.);
#10683 = EDGE_CURVE('',#10684,#10686,#10688,.T.);
#10684 = VERTEX_POINT('',#10685);
#10685 = CARTESIAN_POINT('',(399.83520268784,-286.6981176979,370.));
#10686 = VERTEX_POINT('',#10687);
#10687 = CARTESIAN_POINT('',(286.69811769799,-399.8352026878,370.));
#10688 = CIRCLE('',#10689,492.);
#10689 = AXIS2_PLACEMENT_3D('',#10690,#10691,#10692);
#10690 = CARTESIAN_POINT('',(0.,0.,370.));
#10691 = DIRECTION('',(0.,0.,-1.));
#10692 = DIRECTION('',(1.,0.,0.));
#10693 = ORIENTED_EDGE('',*,*,#10694,.T.);
#10694 = EDGE_CURVE('',#10686,#10695,#10697,.T.);
#10695 = VERTEX_POINT('',#10696);
#10696 = CARTESIAN_POINT('',(286.69811769799,-399.8352026878,230.));
#10697 = LINE('',#10698,#10699);
#10698 = CARTESIAN_POINT('',(286.69811769799,-399.8352026878,150.));
#10699 = VECTOR('',#10700,1.);
#10700 = DIRECTION('',(-0.,-0.,-1.));
#10701 = ORIENTED_EDGE('',*,*,#10702,.F.);
#10702 = EDGE_CURVE('',#10703,#10695,#10705,.T.);
#10703 = VERTEX_POINT('',#10704);
#10704 = CARTESIAN_POINT('',(399.83520268784,-286.6981176979,230.));
#10705 = CIRCLE('',#10706,492.);
#10706 = AXIS2_PLACEMENT_3D('',#10707,#10708,#10709);
#10707 = CARTESIAN_POINT('',(0.,0.,230.));
#10708 = DIRECTION('',(0.,0.,-1.));
#10709 = DIRECTION('',(1.,0.,0.));
#10710 = ORIENTED_EDGE('',*,*,#10711,.F.);
#10711 = EDGE_CURVE('',#10684,#10703,#10712,.T.);
#10712 = LINE('',#10713,#10714);
#10713 = CARTESIAN_POINT('',(399.83520268784,-286.6981176979,150.));
#10714 = VECTOR('',#10715,1.);
#10715 = DIRECTION('',(-0.,-0.,-1.));
#10716 = CYLINDRICAL_SURFACE('',#10717,492.);
#10717 = AXIS2_PLACEMENT_3D('',#10718,#10719,#10720);
#10718 = CARTESIAN_POINT('',(0.,0.,150.));
#10719 = DIRECTION('',(-0.,-0.,-1.));
#10720 = DIRECTION('',(1.,0.,0.));
#10721 = ADVANCED_FACE('',(#10722),#10758,.T.);
#10722 = FACE_BOUND('',#10723,.T.);
#10723 = EDGE_LOOP('',(#10724,#10732,#10741,#10750,#10756,#10757));
#10724 = ORIENTED_EDGE('',*,*,#10725,.F.);
#10725 = EDGE_CURVE('',#10726,#10328,#10728,.T.);
#10726 = VERTEX_POINT('',#10727);
#10727 = CARTESIAN_POINT('',(483.42527861087,80.,230.));
#10728 = LINE('',#10729,#10730);
#10729 = CARTESIAN_POINT('',(450.,80.,230.));
#10730 = VECTOR('',#10731,1.);
#10731 = DIRECTION('',(1.,0.,0.));
#10732 = ORIENTED_EDGE('',*,*,#10733,.T.);
#10733 = EDGE_CURVE('',#10726,#10734,#10736,.T.);
#10734 = VERTEX_POINT('',#10735);
#10735 = CARTESIAN_POINT('',(490.,-1.200153863164E-13,230.));
#10736 = CIRCLE('',#10737,490.);
#10737 = AXIS2_PLACEMENT_3D('',#10738,#10739,#10740);
#10738 = CARTESIAN_POINT('',(0.,0.,230.));
#10739 = DIRECTION('',(0.,0.,-1.));
#10740 = DIRECTION('',(1.,0.,0.));
#10741 = ORIENTED_EDGE('',*,*,#10742,.T.);
#10742 = EDGE_CURVE('',#10734,#10743,#10745,.T.);
#10743 = VERTEX_POINT('',#10744);
#10744 = CARTESIAN_POINT('',(483.42527861087,-80.,230.));
#10745 = CIRCLE('',#10746,490.);
#10746 = AXIS2_PLACEMENT_3D('',#10747,#10748,#10749);
#10747 = CARTESIAN_POINT('',(0.,0.,230.));
#10748 = DIRECTION('',(0.,0.,-1.));
#10749 = DIRECTION('',(1.,0.,0.));
#10750 = ORIENTED_EDGE('',*,*,#10751,.T.);
#10751 = EDGE_CURVE('',#10743,#10379,#10752,.T.);
#10752 = LINE('',#10753,#10754);
#10753 = CARTESIAN_POINT('',(450.,-80.,230.));
#10754 = VECTOR('',#10755,1.);
#10755 = DIRECTION('',(1.,0.,0.));
#10756 = ORIENTED_EDGE('',*,*,#10386,.F.);
#10757 = ORIENTED_EDGE('',*,*,#10327,.F.);
#10758 = PLANE('',#10759);
#10759 = AXIS2_PLACEMENT_3D('',#10760,#10761,#10762);
#10760 = CARTESIAN_POINT('',(450.,-80.,230.));
#10761 = DIRECTION('',(0.,0.,1.));
#10762 = DIRECTION('',(1.,0.,0.));
#10763 = ADVANCED_FACE('',(#10764),#10782,.T.);
#10764 = FACE_BOUND('',#10765,.T.);
#10765 = EDGE_LOOP('',(#10766,#10767,#10775,#10781));
#10766 = ORIENTED_EDGE('',*,*,#10751,.F.);
#10767 = ORIENTED_EDGE('',*,*,#10768,.F.);
#10768 = EDGE_CURVE('',#10769,#10743,#10771,.T.);
#10769 = VERTEX_POINT('',#10770);
#10770 = CARTESIAN_POINT('',(483.42527861087,-80.,370.));
#10771 = LINE('',#10772,#10773);
#10772 = CARTESIAN_POINT('',(483.42527861087,-80.,150.));
#10773 = VECTOR('',#10774,1.);
#10774 = DIRECTION('',(-0.,-0.,-1.));
#10775 = ORIENTED_EDGE('',*,*,#10776,.T.);
#10776 = EDGE_CURVE('',#10769,#10370,#10777,.T.);
#10777 = LINE('',#10778,#10779);
#10778 = CARTESIAN_POINT('',(450.,-80.,370.));
#10779 = VECTOR('',#10780,1.);
#10780 = DIRECTION('',(1.,0.,0.));
#10781 = ORIENTED_EDGE('',*,*,#10378,.T.);
#10782 = PLANE('',#10783);
#10783 = AXIS2_PLACEMENT_3D('',#10784,#10785,#10786);
#10784 = CARTESIAN_POINT('',(450.,-80.,230.));
#10785 = DIRECTION('',(0.,1.,0.));
#10786 = DIRECTION('',(0.,0.,1.));
#10787 = ADVANCED_FACE('',(#10788),#10817,.F.);
#10788 = FACE_BOUND('',#10789,.F.);
#10789 = EDGE_LOOP('',(#10790,#10798,#10807,#10814,#10815,#10816));
#10790 = ORIENTED_EDGE('',*,*,#10791,.F.);
#10791 = EDGE_CURVE('',#10792,#10337,#10794,.T.);
#10792 = VERTEX_POINT('',#10793);
#10793 = CARTESIAN_POINT('',(483.42527861087,80.,370.));
#10794 = LINE('',#10795,#10796);
#10795 = CARTESIAN_POINT('',(450.,80.,370.));
#10796 = VECTOR('',#10797,1.);
#10797 = DIRECTION('',(1.,0.,0.));
#10798 = ORIENTED_EDGE('',*,*,#10799,.T.);
#10799 = EDGE_CURVE('',#10792,#10800,#10802,.T.);
#10800 = VERTEX_POINT('',#10801);
#10801 = CARTESIAN_POINT('',(490.,-1.200153863164E-13,370.));
#10802 = CIRCLE('',#10803,490.);
#10803 = AXIS2_PLACEMENT_3D('',#10804,#10805,#10806);
#10804 = CARTESIAN_POINT('',(0.,0.,370.));
#10805 = DIRECTION('',(0.,0.,-1.));
#10806 = DIRECTION('',(1.,0.,0.));
#10807 = ORIENTED_EDGE('',*,*,#10808,.T.);
#10808 = EDGE_CURVE('',#10800,#10769,#10809,.T.);
#10809 = CIRCLE('',#10810,490.);
#10810 = AXIS2_PLACEMENT_3D('',#10811,#10812,#10813);
#10811 = CARTESIAN_POINT('',(0.,0.,370.));
#10812 = DIRECTION('',(0.,0.,-1.));
#10813 = DIRECTION('',(1.,0.,0.));
#10814 = ORIENTED_EDGE('',*,*,#10776,.T.);
#10815 = ORIENTED_EDGE('',*,*,#10369,.F.);
#10816 = ORIENTED_EDGE('',*,*,#10344,.F.);
#10817 = PLANE('',#10818);
#10818 = AXIS2_PLACEMENT_3D('',#10819,#10820,#10821);
#10819 = CARTESIAN_POINT('',(450.,-80.,370.));
#10820 = DIRECTION('',(0.,0.,1.));
#10821 = DIRECTION('',(1.,0.,0.));
#10822 = ADVANCED_FACE('',(#10823,#10826),#10837,.T.);
#10823 = FACE_BOUND('',#10824,.T.);
#10824 = EDGE_LOOP('',(#10825));
#10825 = ORIENTED_EDGE('',*,*,#10361,.T.);
#10826 = FACE_BOUND('',#10827,.T.);
#10827 = EDGE_LOOP('',(#10828));
#10828 = ORIENTED_EDGE('',*,*,#10829,.F.);
#10829 = EDGE_CURVE('',#10830,#10830,#10832,.T.);
#10830 = VERTEX_POINT('',#10831);
#10831 = CARTESIAN_POINT('',(490.,-1.200153863164E-13,2.215E+03));
#10832 = CIRCLE('',#10833,490.);
#10833 = AXIS2_PLACEMENT_3D('',#10834,#10835,#10836);
#10834 = CARTESIAN_POINT('',(0.,0.,2.215E+03));
#10835 = DIRECTION('',(0.,0.,1.));
#10836 = DIRECTION('',(1.,0.,0.));
#10837 = PLANE('',#10838);
#10838 = AXIS2_PLACEMENT_3D('',#10839,#10840,#10841);
#10839 = CARTESIAN_POINT('',(0.,0.,2.215E+03));
#10840 = DIRECTION('',(0.,0.,1.));
#10841 = DIRECTION('',(1.,0.,0.));
#10842 = ADVANCED_FACE('',(#10843),#10854,.F.);
#10843 = FACE_BOUND('',#10844,.F.);
#10844 = EDGE_LOOP('',(#10845,#10846,#10852,#10853));
#10845 = ORIENTED_EDGE('',*,*,#10725,.F.);
#10846 = ORIENTED_EDGE('',*,*,#10847,.F.);
#10847 = EDGE_CURVE('',#10792,#10726,#10848,.T.);
#10848 = LINE('',#10849,#10850);
#10849 = CARTESIAN_POINT('',(483.42527861087,80.,150.));
#10850 = VECTOR('',#10851,1.);
#10851 = DIRECTION('',(-0.,-0.,-1.));
#10852 = ORIENTED_EDGE('',*,*,#10791,.T.);
#10853 = ORIENTED_EDGE('',*,*,#10336,.T.);
#10854 = PLANE('',#10855);
#10855 = AXIS2_PLACEMENT_3D('',#10856,#10857,#10858);
#10856 = CARTESIAN_POINT('',(450.,80.,230.));
#10857 = DIRECTION('',(0.,1.,0.));
#10858 = DIRECTION('',(0.,0.,1.));
#10859 = ADVANCED_FACE('',(#10860,#10863),#10874,.F.);
#10860 = FACE_BOUND('',#10861,.F.);
#10861 = EDGE_LOOP('',(#10862));
#10862 = ORIENTED_EDGE('',*,*,#10319,.T.);
#10863 = FACE_BOUND('',#10864,.F.);
#10864 = EDGE_LOOP('',(#10865));
#10865 = ORIENTED_EDGE('',*,*,#10866,.F.);
#10866 = EDGE_CURVE('',#10867,#10867,#10869,.T.);
#10867 = VERTEX_POINT('',#10868);
#10868 = CARTESIAN_POINT('',(490.,-1.200153863164E-13,150.));
#10869 = CIRCLE('',#10870,490.);
#10870 = AXIS2_PLACEMENT_3D('',#10871,#10872,#10873);
#10871 = CARTESIAN_POINT('',(0.,0.,150.));
#10872 = DIRECTION('',(0.,0.,1.));
#10873 = DIRECTION('',(1.,0.,0.));
#10874 = PLANE('',#10875);
#10875 = AXIS2_PLACEMENT_3D('',#10876,#10877,#10878);
#10876 = CARTESIAN_POINT('',(0.,0.,150.));
#10877 = DIRECTION('',(0.,0.,1.));
#10878 = DIRECTION('',(1.,0.,0.));
#10879 = ADVANCED_FACE('',(#10880),#10906,.F.);
#10880 = FACE_BOUND('',#10881,.F.);
#10881 = EDGE_LOOP('',(#10882,#10890,#10891,#10899));
#10882 = ORIENTED_EDGE('',*,*,#10883,.F.);
#10883 = EDGE_CURVE('',#10398,#10884,#10886,.T.);
#10884 = VERTEX_POINT('',#10885);
#10885 = CARTESIAN_POINT('',(-350.,-342.9285639896,995.));
#10886 = LINE('',#10887,#10888);
#10887 = CARTESIAN_POINT('',(-350.,-1.E+03,995.));
#10888 = VECTOR('',#10889,1.);
#10889 = DIRECTION('',(0.,1.,0.));
#10890 = ORIENTED_EDGE('',*,*,#10395,.F.);
#10891 = ORIENTED_EDGE('',*,*,#10892,.T.);
#10892 = EDGE_CURVE('',#10396,#10893,#10895,.T.);
#10893 = VERTEX_POINT('',#10894);
#10894 = CARTESIAN_POINT('',(350.,-342.9285639896,995.));
#10895 = LINE('',#10896,#10897);
#10896 = CARTESIAN_POINT('',(350.,-1.E+03,995.));
#10897 = VECTOR('',#10898,1.);
#10898 = DIRECTION('',(0.,1.,0.));
#10899 = ORIENTED_EDGE('',*,*,#10900,.T.);
#10900 = EDGE_CURVE('',#10893,#10884,#10901,.T.);
#10901 = CIRCLE('',#10902,490.);
#10902 = AXIS2_PLACEMENT_3D('',#10903,#10904,#10905);
#10903 = CARTESIAN_POINT('',(0.,0.,995.));
#10904 = DIRECTION('',(0.,0.,-1.));
#10905 = DIRECTION('',(1.,0.,0.));
#10906 = PLANE('',#10907);
#10907 = AXIS2_PLACEMENT_3D('',#10908,#10909,#10910);
#10908 = CARTESIAN_POINT('',(-350.,-1.E+03,995.));
#10909 = DIRECTION('',(0.,0.,1.));
#10910 = DIRECTION('',(1.,0.,0.));
#10911 = ADVANCED_FACE('',(#10912),#10930,.F.);
#10912 = FACE_BOUND('',#10913,.F.);
#10913 = EDGE_LOOP('',(#10914,#10915,#10916,#10924));
#10914 = ORIENTED_EDGE('',*,*,#10892,.F.);
#10915 = ORIENTED_EDGE('',*,*,#10423,.T.);
#10916 = ORIENTED_EDGE('',*,*,#10917,.T.);
#10917 = EDGE_CURVE('',#10415,#10918,#10920,.T.);
#10918 = VERTEX_POINT('',#10919);
#10919 = CARTESIAN_POINT('',(350.,-342.9285639896,615.));
#10920 = LINE('',#10921,#10922);
#10921 = CARTESIAN_POINT('',(350.,-1.E+03,615.));
#10922 = VECTOR('',#10923,1.);
#10923 = DIRECTION('',(0.,1.,0.));
#10924 = ORIENTED_EDGE('',*,*,#10925,.F.);
#10925 = EDGE_CURVE('',#10893,#10918,#10926,.T.);
#10926 = LINE('',#10927,#10928);
#10927 = CARTESIAN_POINT('',(350.,-342.9285639896,150.));
#10928 = VECTOR('',#10929,1.);
#10929 = DIRECTION('',(-0.,-0.,-1.));
#10930 = PLANE('',#10931);
#10931 = AXIS2_PLACEMENT_3D('',#10932,#10933,#10934);
#10932 = CARTESIAN_POINT('',(350.,-1.E+03,615.));
#10933 = DIRECTION('',(1.,0.,0.));
#10934 = DIRECTION('',(0.,0.,1.));
#10935 = ADVANCED_FACE('',(#10936),#10955,.T.);
#10936 = FACE_BOUND('',#10937,.T.);
#10937 = EDGE_LOOP('',(#10938,#10946,#10947,#10948));
#10938 = ORIENTED_EDGE('',*,*,#10939,.F.);
#10939 = EDGE_CURVE('',#10407,#10940,#10942,.T.);
#10940 = VERTEX_POINT('',#10941);
#10941 = CARTESIAN_POINT('',(-350.,-342.9285639896,615.));
#10942 = LINE('',#10943,#10944);
#10943 = CARTESIAN_POINT('',(-350.,-1.E+03,615.));
#10944 = VECTOR('',#10945,1.);
#10945 = DIRECTION('',(0.,1.,0.));
#10946 = ORIENTED_EDGE('',*,*,#10414,.F.);
#10947 = ORIENTED_EDGE('',*,*,#10917,.T.);
#10948 = ORIENTED_EDGE('',*,*,#10949,.T.);
#10949 = EDGE_CURVE('',#10918,#10940,#10950,.T.);
#10950 = CIRCLE('',#10951,490.);
#10951 = AXIS2_PLACEMENT_3D('',#10952,#10953,#10954);
#10952 = CARTESIAN_POINT('',(0.,0.,615.));
#10953 = DIRECTION('',(0.,0.,-1.));
#10954 = DIRECTION('',(1.,0.,0.));
#10955 = PLANE('',#10956);
#10956 = AXIS2_PLACEMENT_3D('',#10957,#10958,#10959);
#10957 = CARTESIAN_POINT('',(-350.,-1.E+03,615.));
#10958 = DIRECTION('',(0.,0.,1.));
#10959 = DIRECTION('',(1.,0.,0.));
#10960 = ADVANCED_FACE('',(#10961),#10972,.T.);
#10961 = FACE_BOUND('',#10962,.T.);
#10962 = EDGE_LOOP('',(#10963,#10964,#10965,#10966));
#10963 = ORIENTED_EDGE('',*,*,#10883,.F.);
#10964 = ORIENTED_EDGE('',*,*,#10406,.T.);
#10965 = ORIENTED_EDGE('',*,*,#10939,.T.);
#10966 = ORIENTED_EDGE('',*,*,#10967,.F.);
#10967 = EDGE_CURVE('',#10884,#10940,#10968,.T.);
#10968 = LINE('',#10969,#10970);
#10969 = CARTESIAN_POINT('',(-350.,-342.9285639896,150.));
#10970 = VECTOR('',#10971,1.);
#10971 = DIRECTION('',(-0.,-0.,-1.));
#10972 = PLANE('',#10973);
#10973 = AXIS2_PLACEMENT_3D('',#10974,#10975,#10976);
#10974 = CARTESIAN_POINT('',(-350.,-1.E+03,615.));
#10975 = DIRECTION('',(1.,0.,0.));
#10976 = DIRECTION('',(0.,0.,1.));
#10977 = ADVANCED_FACE('',(#10978),#11004,.F.);
#10978 = FACE_BOUND('',#10979,.F.);
#10979 = EDGE_LOOP('',(#10980,#10988,#10997,#11003));
#10980 = ORIENTED_EDGE('',*,*,#10981,.F.);
#10981 = EDGE_CURVE('',#10982,#10432,#10984,.T.);
#10982 = VERTEX_POINT('',#10983);
#10983 = CARTESIAN_POINT('',(285.26475020782,398.40183519766,370.));
#10984 = LINE('',#10985,#10986);
#10985 = CARTESIAN_POINT('',(261.62950903902,374.76659402887,370.));
#10986 = VECTOR('',#10987,1.);
#10987 = DIRECTION('',(0.707106781187,0.707106781187,0.));
#10988 = ORIENTED_EDGE('',*,*,#10989,.T.);
#10989 = EDGE_CURVE('',#10982,#10990,#10992,.T.);
#10990 = VERTEX_POINT('',#10991);
#10991 = CARTESIAN_POINT('',(398.40183519766,285.26475020782,370.));
#10992 = CIRCLE('',#10993,490.);
#10993 = AXIS2_PLACEMENT_3D('',#10994,#10995,#10996);
#10994 = CARTESIAN_POINT('',(0.,0.,370.));
#10995 = DIRECTION('',(0.,0.,-1.));
#10996 = DIRECTION('',(1.,0.,0.));
#10997 = ORIENTED_EDGE('',*,*,#10998,.T.);
#10998 = EDGE_CURVE('',#10990,#10434,#10999,.T.);
#10999 = LINE('',#11000,#11001);
#11000 = CARTESIAN_POINT('',(374.76659402887,261.62950903902,370.));
#11001 = VECTOR('',#11002,1.);
#11002 = DIRECTION('',(0.707106781187,0.707106781187,0.));
#11003 = ORIENTED_EDGE('',*,*,#10431,.F.);
#11004 = PLANE('',#11005);
#11005 = AXIS2_PLACEMENT_3D('',#11006,#11007,#11008);
#11006 = CARTESIAN_POINT('',(374.76659402887,261.62950903902,370.));
#11007 = DIRECTION('',(0.,0.,1.));
#11008 = DIRECTION('',(0.707106781187,0.707106781187,0.));
#11009 = ADVANCED_FACE('',(#11010),#11028,.F.);
#11010 = FACE_BOUND('',#11011,.F.);
#11011 = EDGE_LOOP('',(#11012,#11020,#11026,#11027));
#11012 = ORIENTED_EDGE('',*,*,#11013,.F.);
#11013 = EDGE_CURVE('',#11014,#10451,#11016,.T.);
#11014 = VERTEX_POINT('',#11015);
#11015 = CARTESIAN_POINT('',(285.26475020782,398.40183519766,230.));
#11016 = LINE('',#11017,#11018);
#11017 = CARTESIAN_POINT('',(261.62950903902,374.76659402887,230.));
#11018 = VECTOR('',#11019,1.);
#11019 = DIRECTION('',(0.707106781187,0.707106781187,0.));
#11020 = ORIENTED_EDGE('',*,*,#11021,.F.);
#11021 = EDGE_CURVE('',#10982,#11014,#11022,.T.);
#11022 = LINE('',#11023,#11024);
#11023 = CARTESIAN_POINT('',(285.26475020782,398.40183519766,150.));
#11024 = VECTOR('',#11025,1.);
#11025 = DIRECTION('',(-0.,-0.,-1.));
#11026 = ORIENTED_EDGE('',*,*,#10981,.T.);
#11027 = ORIENTED_EDGE('',*,*,#10459,.T.);
#11028 = PLANE('',#11029);
#11029 = AXIS2_PLACEMENT_3D('',#11030,#11031,#11032);
#11030 = CARTESIAN_POINT('',(261.62950903902,374.76659402887,230.));
#11031 = DIRECTION('',(-0.707106781187,0.707106781187,0.));
#11032 = DIRECTION('',(0.,0.,1.));
#11033 = ADVANCED_FACE('',(#11034),#11052,.T.);
#11034 = FACE_BOUND('',#11035,.T.);
#11035 = EDGE_LOOP('',(#11036,#11044,#11050,#11051));
#11036 = ORIENTED_EDGE('',*,*,#11037,.F.);
#11037 = EDGE_CURVE('',#11038,#10443,#11040,.T.);
#11038 = VERTEX_POINT('',#11039);
#11039 = CARTESIAN_POINT('',(398.40183519766,285.26475020782,230.));
#11040 = LINE('',#11041,#11042);
#11041 = CARTESIAN_POINT('',(374.76659402887,261.62950903902,230.));
#11042 = VECTOR('',#11043,1.);
#11043 = DIRECTION('',(0.707106781187,0.707106781187,0.));
#11044 = ORIENTED_EDGE('',*,*,#11045,.F.);
#11045 = EDGE_CURVE('',#10990,#11038,#11046,.T.);
#11046 = LINE('',#11047,#11048);
#11047 = CARTESIAN_POINT('',(398.40183519766,285.26475020782,150.));
#11048 = VECTOR('',#11049,1.);
#11049 = DIRECTION('',(-0.,-0.,-1.));
#11050 = ORIENTED_EDGE('',*,*,#10998,.T.);
#11051 = ORIENTED_EDGE('',*,*,#10442,.T.);
#11052 = PLANE('',#11053);
#11053 = AXIS2_PLACEMENT_3D('',#11054,#11055,#11056);
#11054 = CARTESIAN_POINT('',(374.76659402887,261.62950903902,230.));
#11055 = DIRECTION('',(-0.707106781187,0.707106781187,0.));
#11056 = DIRECTION('',(0.,0.,1.));
#11057 = ADVANCED_FACE('',(#11058),#11070,.T.);
#11058 = FACE_BOUND('',#11059,.T.);
#11059 = EDGE_LOOP('',(#11060,#11061,#11068,#11069));
#11060 = ORIENTED_EDGE('',*,*,#11013,.F.);
#11061 = ORIENTED_EDGE('',*,*,#11062,.T.);
#11062 = EDGE_CURVE('',#11014,#11038,#11063,.T.);
#11063 = CIRCLE('',#11064,490.);
#11064 = AXIS2_PLACEMENT_3D('',#11065,#11066,#11067);
#11065 = CARTESIAN_POINT('',(0.,0.,230.));
#11066 = DIRECTION('',(0.,0.,-1.));
#11067 = DIRECTION('',(1.,0.,0.));
#11068 = ORIENTED_EDGE('',*,*,#11037,.T.);
#11069 = ORIENTED_EDGE('',*,*,#10450,.F.);
#11070 = PLANE('',#11071);
#11071 = AXIS2_PLACEMENT_3D('',#11072,#11073,#11074);
#11072 = CARTESIAN_POINT('',(374.76659402887,261.62950903902,230.));
#11073 = DIRECTION('',(0.,0.,1.));
#11074 = DIRECTION('',(0.707106781187,0.707106781187,0.));
#11075 = ADVANCED_FACE('',(#11076),#11102,.F.);
#11076 = FACE_BOUND('',#11077,.F.);
#11077 = EDGE_LOOP('',(#11078,#11086,#11095,#11101));
#11078 = ORIENTED_EDGE('',*,*,#11079,.F.);
#11079 = EDGE_CURVE('',#11080,#10468,#11082,.T.);
#11080 = VERTEX_POINT('',#11081);
#11081 = CARTESIAN_POINT('',(-80.,483.42527861087,370.));
#11082 = LINE('',#11083,#11084);
#11083 = CARTESIAN_POINT('',(-80.,450.,370.));
#11084 = VECTOR('',#11085,1.);
#11085 = DIRECTION('',(-2.22044604925E-16,1.,0.));
#11086 = ORIENTED_EDGE('',*,*,#11087,.T.);
#11087 = EDGE_CURVE('',#11080,#11088,#11090,.T.);
#11088 = VERTEX_POINT('',#11089);
#11089 = CARTESIAN_POINT('',(80.,483.42527861087,370.));
#11090 = CIRCLE('',#11091,490.);
#11091 = AXIS2_PLACEMENT_3D('',#11092,#11093,#11094);
#11092 = CARTESIAN_POINT('',(0.,0.,370.));
#11093 = DIRECTION('',(0.,0.,-1.));
#11094 = DIRECTION('',(1.,0.,0.));
#11095 = ORIENTED_EDGE('',*,*,#11096,.T.);
#11096 = EDGE_CURVE('',#11088,#10470,#11097,.T.);
#11097 = LINE('',#11098,#11099);
#11098 = CARTESIAN_POINT('',(80.,450.,370.));
#11099 = VECTOR('',#11100,1.);
#11100 = DIRECTION('',(-2.22044604925E-16,1.,0.));
#11101 = ORIENTED_EDGE('',*,*,#10467,.F.);
#11102 = PLANE('',#11103);
#11103 = AXIS2_PLACEMENT_3D('',#11104,#11105,#11106);
#11104 = CARTESIAN_POINT('',(80.,450.,370.));
#11105 = DIRECTION('',(0.,0.,1.));
#11106 = DIRECTION('',(-2.22044604925E-16,1.,0.));
#11107 = ADVANCED_FACE('',(#11108),#11126,.F.);
#11108 = FACE_BOUND('',#11109,.F.);
#11109 = EDGE_LOOP('',(#11110,#11118,#11124,#11125));
#11110 = ORIENTED_EDGE('',*,*,#11111,.F.);
#11111 = EDGE_CURVE('',#11112,#10487,#11114,.T.);
#11112 = VERTEX_POINT('',#11113);
#11113 = CARTESIAN_POINT('',(-80.,483.42527861087,230.));
#11114 = LINE('',#11115,#11116);
#11115 = CARTESIAN_POINT('',(-80.,450.,230.));
#11116 = VECTOR('',#11117,1.);
#11117 = DIRECTION('',(-2.22044604925E-16,1.,0.));
#11118 = ORIENTED_EDGE('',*,*,#11119,.F.);
#11119 = EDGE_CURVE('',#11080,#11112,#11120,.T.);
#11120 = LINE('',#11121,#11122);
#11121 = CARTESIAN_POINT('',(-80.,483.42527861087,150.));
#11122 = VECTOR('',#11123,1.);
#11123 = DIRECTION('',(-0.,-0.,-1.));
#11124 = ORIENTED_EDGE('',*,*,#11079,.T.);
#11125 = ORIENTED_EDGE('',*,*,#10495,.T.);
#11126 = PLANE('',#11127);
#11127 = AXIS2_PLACEMENT_3D('',#11128,#11129,#11130);
#11128 = CARTESIAN_POINT('',(-80.,450.,230.));
#11129 = DIRECTION('',(-1.,-2.22044604925E-16,0.));
#11130 = DIRECTION('',(0.,0.,1.));
#11131 = ADVANCED_FACE('',(#11132),#11150,.T.);
#11132 = FACE_BOUND('',#11133,.T.);
#11133 = EDGE_LOOP('',(#11134,#11142,#11148,#11149));
#11134 = ORIENTED_EDGE('',*,*,#11135,.F.);
#11135 = EDGE_CURVE('',#11136,#10479,#11138,.T.);
#11136 = VERTEX_POINT('',#11137);
#11137 = CARTESIAN_POINT('',(80.,483.42527861087,230.));
#11138 = LINE('',#11139,#11140);
#11139 = CARTESIAN_POINT('',(80.,450.,230.));
#11140 = VECTOR('',#11141,1.);
#11141 = DIRECTION('',(-2.22044604925E-16,1.,0.));
#11142 = ORIENTED_EDGE('',*,*,#11143,.F.);
#11143 = EDGE_CURVE('',#11088,#11136,#11144,.T.);
#11144 = LINE('',#11145,#11146);
#11145 = CARTESIAN_POINT('',(80.,483.42527861087,150.));
#11146 = VECTOR('',#11147,1.);
#11147 = DIRECTION('',(-0.,-0.,-1.));
#11148 = ORIENTED_EDGE('',*,*,#11096,.T.);
#11149 = ORIENTED_EDGE('',*,*,#10478,.T.);
#11150 = PLANE('',#11151);
#11151 = AXIS2_PLACEMENT_3D('',#11152,#11153,#11154);
#11152 = CARTESIAN_POINT('',(80.,450.,230.));
#11153 = DIRECTION('',(-1.,-2.22044604925E-16,0.));
#11154 = DIRECTION('',(0.,0.,1.));
#11155 = ADVANCED_FACE('',(#11156),#11168,.T.);
#11156 = FACE_BOUND('',#11157,.T.);
#11157 = EDGE_LOOP('',(#11158,#11159,#11166,#11167));
#11158 = ORIENTED_EDGE('',*,*,#11111,.F.);
#11159 = ORIENTED_EDGE('',*,*,#11160,.T.);
#11160 = EDGE_CURVE('',#11112,#11136,#11161,.T.);
#11161 = CIRCLE('',#11162,490.);
#11162 = AXIS2_PLACEMENT_3D('',#11163,#11164,#11165);
#11163 = CARTESIAN_POINT('',(0.,0.,230.));
#11164 = DIRECTION('',(0.,0.,-1.));
#11165 = DIRECTION('',(1.,0.,0.));
#11166 = ORIENTED_EDGE('',*,*,#11135,.T.);
#11167 = ORIENTED_EDGE('',*,*,#10486,.F.);
#11168 = PLANE('',#11169);
#11169 = AXIS2_PLACEMENT_3D('',#11170,#11171,#11172);
#11170 = CARTESIAN_POINT('',(80.,450.,230.));
#11171 = DIRECTION('',(0.,0.,1.));
#11172 = DIRECTION('',(-2.22044604925E-16,1.,0.));
#11173 = ADVANCED_FACE('',(#11174),#11200,.F.);
#11174 = FACE_BOUND('',#11175,.F.);
#11175 = EDGE_LOOP('',(#11176,#11184,#11193,#11199));
#11176 = ORIENTED_EDGE('',*,*,#11177,.F.);
#11177 = EDGE_CURVE('',#11178,#10504,#11180,.T.);
#11178 = VERTEX_POINT('',#11179);
#11179 = CARTESIAN_POINT('',(-398.4018351976,285.26475020782,370.));
#11180 = LINE('',#11181,#11182);
#11181 = CARTESIAN_POINT('',(-374.7665940288,261.62950903902,370.));
#11182 = VECTOR('',#11183,1.);
#11183 = DIRECTION('',(-0.707106781187,0.707106781187,0.));
#11184 = ORIENTED_EDGE('',*,*,#11185,.T.);
#11185 = EDGE_CURVE('',#11178,#11186,#11188,.T.);
#11186 = VERTEX_POINT('',#11187);
#11187 = CARTESIAN_POINT('',(-285.2647502078,398.40183519766,370.));
#11188 = CIRCLE('',#11189,490.);
#11189 = AXIS2_PLACEMENT_3D('',#11190,#11191,#11192);
#11190 = CARTESIAN_POINT('',(0.,0.,370.));
#11191 = DIRECTION('',(0.,0.,-1.));
#11192 = DIRECTION('',(1.,0.,0.));
#11193 = ORIENTED_EDGE('',*,*,#11194,.T.);
#11194 = EDGE_CURVE('',#11186,#10506,#11195,.T.);
#11195 = LINE('',#11196,#11197);
#11196 = CARTESIAN_POINT('',(-261.629509039,374.76659402887,370.));
#11197 = VECTOR('',#11198,1.);
#11198 = DIRECTION('',(-0.707106781187,0.707106781187,0.));
#11199 = ORIENTED_EDGE('',*,*,#10503,.F.);
#11200 = PLANE('',#11201);
#11201 = AXIS2_PLACEMENT_3D('',#11202,#11203,#11204);
#11202 = CARTESIAN_POINT('',(-261.629509039,374.76659402887,370.));
#11203 = DIRECTION('',(0.,0.,1.));
#11204 = DIRECTION('',(-0.707106781187,0.707106781187,0.));
#11205 = ADVANCED_FACE('',(#11206),#11224,.F.);
#11206 = FACE_BOUND('',#11207,.F.);
#11207 = EDGE_LOOP('',(#11208,#11216,#11222,#11223));
#11208 = ORIENTED_EDGE('',*,*,#11209,.F.);
#11209 = EDGE_CURVE('',#11210,#10523,#11212,.T.);
#11210 = VERTEX_POINT('',#11211);
#11211 = CARTESIAN_POINT('',(-398.4018351976,285.26475020782,230.));
#11212 = LINE('',#11213,#11214);
#11213 = CARTESIAN_POINT('',(-374.7665940288,261.62950903902,230.));
#11214 = VECTOR('',#11215,1.);
#11215 = DIRECTION('',(-0.707106781187,0.707106781187,0.));
#11216 = ORIENTED_EDGE('',*,*,#11217,.F.);
#11217 = EDGE_CURVE('',#11178,#11210,#11218,.T.);
#11218 = LINE('',#11219,#11220);
#11219 = CARTESIAN_POINT('',(-398.4018351976,285.26475020782,150.));
#11220 = VECTOR('',#11221,1.);
#11221 = DIRECTION('',(-0.,-0.,-1.));
#11222 = ORIENTED_EDGE('',*,*,#11177,.T.);
#11223 = ORIENTED_EDGE('',*,*,#10531,.T.);
#11224 = PLANE('',#11225);
#11225 = AXIS2_PLACEMENT_3D('',#11226,#11227,#11228);
#11226 = CARTESIAN_POINT('',(-374.7665940288,261.62950903902,230.));
#11227 = DIRECTION('',(-0.707106781187,-0.707106781187,0.));
#11228 = DIRECTION('',(0.,0.,1.));
#11229 = ADVANCED_FACE('',(#11230),#11248,.T.);
#11230 = FACE_BOUND('',#11231,.T.);
#11231 = EDGE_LOOP('',(#11232,#11240,#11246,#11247));
#11232 = ORIENTED_EDGE('',*,*,#11233,.F.);
#11233 = EDGE_CURVE('',#11234,#10515,#11236,.T.);
#11234 = VERTEX_POINT('',#11235);
#11235 = CARTESIAN_POINT('',(-285.2647502078,398.40183519766,230.));
#11236 = LINE('',#11237,#11238);
#11237 = CARTESIAN_POINT('',(-261.629509039,374.76659402887,230.));
#11238 = VECTOR('',#11239,1.);
#11239 = DIRECTION('',(-0.707106781187,0.707106781187,0.));
#11240 = ORIENTED_EDGE('',*,*,#11241,.F.);
#11241 = EDGE_CURVE('',#11186,#11234,#11242,.T.);
#11242 = LINE('',#11243,#11244);
#11243 = CARTESIAN_POINT('',(-285.2647502078,398.40183519766,150.));
#11244 = VECTOR('',#11245,1.);
#11245 = DIRECTION('',(-0.,-0.,-1.));
#11246 = ORIENTED_EDGE('',*,*,#11194,.T.);
#11247 = ORIENTED_EDGE('',*,*,#10514,.T.);
#11248 = PLANE('',#11249);
#11249 = AXIS2_PLACEMENT_3D('',#11250,#11251,#11252);
#11250 = CARTESIAN_POINT('',(-261.629509039,374.76659402887,230.));
#11251 = DIRECTION('',(-0.707106781187,-0.707106781187,0.));
#11252 = DIRECTION('',(0.,0.,1.));
#11253 = ADVANCED_FACE('',(#11254),#11266,.T.);
#11254 = FACE_BOUND('',#11255,.T.);
#11255 = EDGE_LOOP('',(#11256,#11257,#11264,#11265));
#11256 = ORIENTED_EDGE('',*,*,#11209,.F.);
#11257 = ORIENTED_EDGE('',*,*,#11258,.T.);
#11258 = EDGE_CURVE('',#11210,#11234,#11259,.T.);
#11259 = CIRCLE('',#11260,490.);
#11260 = AXIS2_PLACEMENT_3D('',#11261,#11262,#11263);
#11261 = CARTESIAN_POINT('',(0.,0.,230.));
#11262 = DIRECTION('',(0.,0.,-1.));
#11263 = DIRECTION('',(1.,0.,0.));
#11264 = ORIENTED_EDGE('',*,*,#11233,.T.);
#11265 = ORIENTED_EDGE('',*,*,#10522,.F.);
#11266 = PLANE('',#11267);
#11267 = AXIS2_PLACEMENT_3D('',#11268,#11269,#11270);
#11268 = CARTESIAN_POINT('',(-261.629509039,374.76659402887,230.));
#11269 = DIRECTION('',(0.,0.,1.));
#11270 = DIRECTION('',(-0.707106781187,0.707106781187,0.));
#11271 = ADVANCED_FACE('',(#11272),#11298,.F.);
#11272 = FACE_BOUND('',#11273,.F.);
#11273 = EDGE_LOOP('',(#11274,#11282,#11283,#11291));
#11274 = ORIENTED_EDGE('',*,*,#11275,.F.);
#11275 = EDGE_CURVE('',#10542,#11276,#11278,.T.);
#11276 = VERTEX_POINT('',#11277);
#11277 = CARTESIAN_POINT('',(-325.,-366.7083309661,520.));
#11278 = LINE('',#11279,#11280);
#11279 = CARTESIAN_POINT('',(-325.,-980.,520.));
#11280 = VECTOR('',#11281,1.);
#11281 = DIRECTION('',(0.,1.,0.));
#11282 = ORIENTED_EDGE('',*,*,#10539,.F.);
#11283 = ORIENTED_EDGE('',*,*,#11284,.T.);
#11284 = EDGE_CURVE('',#10540,#11285,#11287,.T.);
#11285 = VERTEX_POINT('',#11286);
#11286 = CARTESIAN_POINT('',(325.,-366.7083309661,520.));
#11287 = LINE('',#11288,#11289);
#11288 = CARTESIAN_POINT('',(325.,-980.,520.));
#11289 = VECTOR('',#11290,1.);
#11290 = DIRECTION('',(0.,1.,0.));
#11291 = ORIENTED_EDGE('',*,*,#11292,.T.);
#11292 = EDGE_CURVE('',#11285,#11276,#11293,.T.);
#11293 = CIRCLE('',#11294,490.);
#11294 = AXIS2_PLACEMENT_3D('',#11295,#11296,#11297);
#11295 = CARTESIAN_POINT('',(0.,0.,520.));
#11296 = DIRECTION('',(0.,0.,-1.));
#11297 = DIRECTION('',(1.,0.,0.));
#11298 = PLANE('',#11299);
#11299 = AXIS2_PLACEMENT_3D('',#11300,#11301,#11302);
#11300 = CARTESIAN_POINT('',(-325.,-980.,520.));
#11301 = DIRECTION('',(0.,0.,1.));
#11302 = DIRECTION('',(1.,0.,0.));
#11303 = ADVANCED_FACE('',(#11304),#11322,.F.);
#11304 = FACE_BOUND('',#11305,.F.);
#11305 = EDGE_LOOP('',(#11306,#11307,#11308,#11316));
#11306 = ORIENTED_EDGE('',*,*,#11284,.F.);
#11307 = ORIENTED_EDGE('',*,*,#10567,.T.);
#11308 = ORIENTED_EDGE('',*,*,#11309,.T.);
#11309 = EDGE_CURVE('',#10559,#11310,#11312,.T.);
#11310 = VERTEX_POINT('',#11311);
#11311 = CARTESIAN_POINT('',(325.,-366.7083309661,430.));
#11312 = LINE('',#11313,#11314);
#11313 = CARTESIAN_POINT('',(325.,-980.,430.));
#11314 = VECTOR('',#11315,1.);
#11315 = DIRECTION('',(0.,1.,0.));
#11316 = ORIENTED_EDGE('',*,*,#11317,.F.);
#11317 = EDGE_CURVE('',#11285,#11310,#11318,.T.);
#11318 = LINE('',#11319,#11320);
#11319 = CARTESIAN_POINT('',(325.,-366.7083309661,150.));
#11320 = VECTOR('',#11321,1.);
#11321 = DIRECTION('',(-0.,-0.,-1.));
#11322 = PLANE('',#11323);
#11323 = AXIS2_PLACEMENT_3D('',#11324,#11325,#11326);
#11324 = CARTESIAN_POINT('',(325.,-980.,430.));
#11325 = DIRECTION('',(1.,0.,0.));
#11326 = DIRECTION('',(0.,0.,1.));
#11327 = ADVANCED_FACE('',(#11328),#11346,.T.);
#11328 = FACE_BOUND('',#11329,.T.);
#11329 = EDGE_LOOP('',(#11330,#11331,#11332,#11340));
#11330 = ORIENTED_EDGE('',*,*,#11275,.F.);
#11331 = ORIENTED_EDGE('',*,*,#10550,.T.);
#11332 = ORIENTED_EDGE('',*,*,#11333,.T.);
#11333 = EDGE_CURVE('',#10551,#11334,#11336,.T.);
#11334 = VERTEX_POINT('',#11335);
#11335 = CARTESIAN_POINT('',(-325.,-366.7083309661,430.));
#11336 = LINE('',#11337,#11338);
#11337 = CARTESIAN_POINT('',(-325.,-980.,430.));
#11338 = VECTOR('',#11339,1.);
#11339 = DIRECTION('',(0.,1.,0.));
#11340 = ORIENTED_EDGE('',*,*,#11341,.F.);
#11341 = EDGE_CURVE('',#11276,#11334,#11342,.T.);
#11342 = LINE('',#11343,#11344);
#11343 = CARTESIAN_POINT('',(-325.,-366.7083309661,150.));
#11344 = VECTOR('',#11345,1.);
#11345 = DIRECTION('',(-0.,-0.,-1.));
#11346 = PLANE('',#11347);
#11347 = AXIS2_PLACEMENT_3D('',#11348,#11349,#11350);
#11348 = CARTESIAN_POINT('',(-325.,-980.,430.));
#11349 = DIRECTION('',(1.,0.,0.));
#11350 = DIRECTION('',(0.,0.,1.));
#11351 = ADVANCED_FACE('',(#11352),#11364,.T.);
#11352 = FACE_BOUND('',#11353,.T.);
#11353 = EDGE_LOOP('',(#11354,#11355,#11356,#11357));
#11354 = ORIENTED_EDGE('',*,*,#11333,.F.);
#11355 = ORIENTED_EDGE('',*,*,#10558,.F.);
#11356 = ORIENTED_EDGE('',*,*,#11309,.T.);
#11357 = ORIENTED_EDGE('',*,*,#11358,.T.);
#11358 = EDGE_CURVE('',#11310,#11334,#11359,.T.);
#11359 = CIRCLE('',#11360,490.);
#11360 = AXIS2_PLACEMENT_3D('',#11361,#11362,#11363);
#11361 = CARTESIAN_POINT('',(0.,0.,430.));
#11362 = DIRECTION('',(0.,0.,-1.));
#11363 = DIRECTION('',(1.,0.,0.));
#11364 = PLANE('',#11365);
#11365 = AXIS2_PLACEMENT_3D('',#11366,#11367,#11368);
#11366 = CARTESIAN_POINT('',(-325.,-980.,430.));
#11367 = DIRECTION('',(0.,0.,1.));
#11368 = DIRECTION('',(1.,0.,0.));
#11369 = ADVANCED_FACE('',(#11370),#11396,.F.);
#11370 = FACE_BOUND('',#11371,.F.);
#11371 = EDGE_LOOP('',(#11372,#11380,#11389,#11395));
#11372 = ORIENTED_EDGE('',*,*,#11373,.F.);
#11373 = EDGE_CURVE('',#11374,#10576,#11376,.T.);
#11374 = VERTEX_POINT('',#11375);
#11375 = CARTESIAN_POINT('',(-483.4252786108,-80.,370.));
#11376 = LINE('',#11377,#11378);
#11377 = CARTESIAN_POINT('',(-450.,-80.,370.));
#11378 = VECTOR('',#11379,1.);
#11379 = DIRECTION('',(-1.,1.224646799147E-16,0.));
#11380 = ORIENTED_EDGE('',*,*,#11381,.T.);
#11381 = EDGE_CURVE('',#11374,#11382,#11384,.T.);
#11382 = VERTEX_POINT('',#11383);
#11383 = CARTESIAN_POINT('',(-483.4252786108,80.,370.));
#11384 = CIRCLE('',#11385,490.);
#11385 = AXIS2_PLACEMENT_3D('',#11386,#11387,#11388);
#11386 = CARTESIAN_POINT('',(0.,0.,370.));
#11387 = DIRECTION('',(0.,0.,-1.));
#11388 = DIRECTION('',(1.,0.,0.));
#11389 = ORIENTED_EDGE('',*,*,#11390,.T.);
#11390 = EDGE_CURVE('',#11382,#10578,#11391,.T.);
#11391 = LINE('',#11392,#11393);
#11392 = CARTESIAN_POINT('',(-450.,80.,370.));
#11393 = VECTOR('',#11394,1.);
#11394 = DIRECTION('',(-1.,1.224646799147E-16,0.));
#11395 = ORIENTED_EDGE('',*,*,#10575,.F.);
#11396 = PLANE('',#11397);
#11397 = AXIS2_PLACEMENT_3D('',#11398,#11399,#11400);
#11398 = CARTESIAN_POINT('',(-450.,80.,370.));
#11399 = DIRECTION('',(0.,0.,1.));
#11400 = DIRECTION('',(-1.,1.224646799147E-16,0.));
#11401 = ADVANCED_FACE('',(#11402),#11420,.F.);
#11402 = FACE_BOUND('',#11403,.F.);
#11403 = EDGE_LOOP('',(#11404,#11412,#11418,#11419));
#11404 = ORIENTED_EDGE('',*,*,#11405,.F.);
#11405 = EDGE_CURVE('',#11406,#10595,#11408,.T.);
#11406 = VERTEX_POINT('',#11407);
#11407 = CARTESIAN_POINT('',(-483.4252786108,-80.,230.));
#11408 = LINE('',#11409,#11410);
#11409 = CARTESIAN_POINT('',(-450.,-80.,230.));
#11410 = VECTOR('',#11411,1.);
#11411 = DIRECTION('',(-1.,1.224646799147E-16,0.));
#11412 = ORIENTED_EDGE('',*,*,#11413,.F.);
#11413 = EDGE_CURVE('',#11374,#11406,#11414,.T.);
#11414 = LINE('',#11415,#11416);
#11415 = CARTESIAN_POINT('',(-483.4252786108,-80.,150.));
#11416 = VECTOR('',#11417,1.);
#11417 = DIRECTION('',(-0.,-0.,-1.));
#11418 = ORIENTED_EDGE('',*,*,#11373,.T.);
#11419 = ORIENTED_EDGE('',*,*,#10603,.T.);
#11420 = PLANE('',#11421);
#11421 = AXIS2_PLACEMENT_3D('',#11422,#11423,#11424);
#11422 = CARTESIAN_POINT('',(-450.,-80.,230.));
#11423 = DIRECTION('',(-1.224646799147E-16,-1.,0.));
#11424 = DIRECTION('',(0.,0.,1.));
#11425 = ADVANCED_FACE('',(#11426),#11444,.T.);
#11426 = FACE_BOUND('',#11427,.T.);
#11427 = EDGE_LOOP('',(#11428,#11436,#11442,#11443));
#11428 = ORIENTED_EDGE('',*,*,#11429,.F.);
#11429 = EDGE_CURVE('',#11430,#10587,#11432,.T.);
#11430 = VERTEX_POINT('',#11431);
#11431 = CARTESIAN_POINT('',(-483.4252786108,80.,230.));
#11432 = LINE('',#11433,#11434);
#11433 = CARTESIAN_POINT('',(-450.,80.,230.));
#11434 = VECTOR('',#11435,1.);
#11435 = DIRECTION('',(-1.,1.224646799147E-16,0.));
#11436 = ORIENTED_EDGE('',*,*,#11437,.F.);
#11437 = EDGE_CURVE('',#11382,#11430,#11438,.T.);
#11438 = LINE('',#11439,#11440);
#11439 = CARTESIAN_POINT('',(-483.4252786108,80.,150.));
#11440 = VECTOR('',#11441,1.);
#11441 = DIRECTION('',(-0.,-0.,-1.));
#11442 = ORIENTED_EDGE('',*,*,#11390,.T.);
#11443 = ORIENTED_EDGE('',*,*,#10586,.T.);
#11444 = PLANE('',#11445);
#11445 = AXIS2_PLACEMENT_3D('',#11446,#11447,#11448);
#11446 = CARTESIAN_POINT('',(-450.,80.,230.));
#11447 = DIRECTION('',(-1.224646799147E-16,-1.,0.));
#11448 = DIRECTION('',(0.,0.,1.));
#11449 = ADVANCED_FACE('',(#11450),#11462,.T.);
#11450 = FACE_BOUND('',#11451,.T.);
#11451 = EDGE_LOOP('',(#11452,#11453,#11460,#11461));
#11452 = ORIENTED_EDGE('',*,*,#11405,.F.);
#11453 = ORIENTED_EDGE('',*,*,#11454,.T.);
#11454 = EDGE_CURVE('',#11406,#11430,#11455,.T.);
#11455 = CIRCLE('',#11456,490.);
#11456 = AXIS2_PLACEMENT_3D('',#11457,#11458,#11459);
#11457 = CARTESIAN_POINT('',(0.,0.,230.));
#11458 = DIRECTION('',(0.,0.,-1.));
#11459 = DIRECTION('',(1.,0.,0.));
#11460 = ORIENTED_EDGE('',*,*,#11429,.T.);
#11461 = ORIENTED_EDGE('',*,*,#10594,.F.);
#11462 = PLANE('',#11463);
#11463 = AXIS2_PLACEMENT_3D('',#11464,#11465,#11466);
#11464 = CARTESIAN_POINT('',(-450.,80.,230.));
#11465 = DIRECTION('',(0.,0.,1.));
#11466 = DIRECTION('',(-1.,1.224646799147E-16,0.));
#11467 = ADVANCED_FACE('',(#11468),#11494,.F.);
#11468 = FACE_BOUND('',#11469,.F.);
#11469 = EDGE_LOOP('',(#11470,#11478,#11487,#11493));
#11470 = ORIENTED_EDGE('',*,*,#11471,.F.);
#11471 = EDGE_CURVE('',#11472,#10612,#11474,.T.);
#11472 = VERTEX_POINT('',#11473);
#11473 = CARTESIAN_POINT('',(-285.2647502078,-398.4018351976,370.));
#11474 = LINE('',#11475,#11476);
#11475 = CARTESIAN_POINT('',(-261.629509039,-374.7665940288,370.));
#11476 = VECTOR('',#11477,1.);
#11477 = DIRECTION('',(-0.707106781187,-0.707106781187,0.));
#11478 = ORIENTED_EDGE('',*,*,#11479,.T.);
#11479 = EDGE_CURVE('',#11472,#11480,#11482,.T.);
#11480 = VERTEX_POINT('',#11481);
#11481 = CARTESIAN_POINT('',(-398.4018351976,-285.2647502078,370.));
#11482 = CIRCLE('',#11483,490.);
#11483 = AXIS2_PLACEMENT_3D('',#11484,#11485,#11486);
#11484 = CARTESIAN_POINT('',(0.,0.,370.));
#11485 = DIRECTION('',(0.,0.,-1.));
#11486 = DIRECTION('',(1.,0.,0.));
#11487 = ORIENTED_EDGE('',*,*,#11488,.T.);
#11488 = EDGE_CURVE('',#11480,#10614,#11489,.T.);
#11489 = LINE('',#11490,#11491);
#11490 = CARTESIAN_POINT('',(-374.7665940288,-261.629509039,370.));
#11491 = VECTOR('',#11492,1.);
#11492 = DIRECTION('',(-0.707106781187,-0.707106781187,0.));
#11493 = ORIENTED_EDGE('',*,*,#10611,.F.);
#11494 = PLANE('',#11495);
#11495 = AXIS2_PLACEMENT_3D('',#11496,#11497,#11498);
#11496 = CARTESIAN_POINT('',(-374.7665940288,-261.629509039,370.));
#11497 = DIRECTION('',(0.,0.,1.));
#11498 = DIRECTION('',(-0.707106781187,-0.707106781187,0.));
#11499 = ADVANCED_FACE('',(#11500),#11518,.F.);
#11500 = FACE_BOUND('',#11501,.F.);
#11501 = EDGE_LOOP('',(#11502,#11510,#11516,#11517));
#11502 = ORIENTED_EDGE('',*,*,#11503,.F.);
#11503 = EDGE_CURVE('',#11504,#10631,#11506,.T.);
#11504 = VERTEX_POINT('',#11505);
#11505 = CARTESIAN_POINT('',(-285.2647502078,-398.4018351976,230.));
#11506 = LINE('',#11507,#11508);
#11507 = CARTESIAN_POINT('',(-261.629509039,-374.7665940288,230.));
#11508 = VECTOR('',#11509,1.);
#11509 = DIRECTION('',(-0.707106781187,-0.707106781187,0.));
#11510 = ORIENTED_EDGE('',*,*,#11511,.F.);
#11511 = EDGE_CURVE('',#11472,#11504,#11512,.T.);
#11512 = LINE('',#11513,#11514);
#11513 = CARTESIAN_POINT('',(-285.2647502078,-398.4018351976,150.));
#11514 = VECTOR('',#11515,1.);
#11515 = DIRECTION('',(-0.,-0.,-1.));
#11516 = ORIENTED_EDGE('',*,*,#11471,.T.);
#11517 = ORIENTED_EDGE('',*,*,#10639,.T.);
#11518 = PLANE('',#11519);
#11519 = AXIS2_PLACEMENT_3D('',#11520,#11521,#11522);
#11520 = CARTESIAN_POINT('',(-261.629509039,-374.7665940288,230.));
#11521 = DIRECTION('',(0.707106781187,-0.707106781187,0.));
#11522 = DIRECTION('',(0.,0.,1.));
#11523 = ADVANCED_FACE('',(#11524),#11542,.T.);
#11524 = FACE_BOUND('',#11525,.T.);
#11525 = EDGE_LOOP('',(#11526,#11534,#11540,#11541));
#11526 = ORIENTED_EDGE('',*,*,#11527,.F.);
#11527 = EDGE_CURVE('',#11528,#10623,#11530,.T.);
#11528 = VERTEX_POINT('',#11529);
#11529 = CARTESIAN_POINT('',(-398.4018351976,-285.2647502078,230.));
#11530 = LINE('',#11531,#11532);
#11531 = CARTESIAN_POINT('',(-374.7665940288,-261.629509039,230.));
#11532 = VECTOR('',#11533,1.);
#11533 = DIRECTION('',(-0.707106781187,-0.707106781187,0.));
#11534 = ORIENTED_EDGE('',*,*,#11535,.F.);
#11535 = EDGE_CURVE('',#11480,#11528,#11536,.T.);
#11536 = LINE('',#11537,#11538);
#11537 = CARTESIAN_POINT('',(-398.4018351976,-285.2647502078,150.));
#11538 = VECTOR('',#11539,1.);
#11539 = DIRECTION('',(-0.,-0.,-1.));
#11540 = ORIENTED_EDGE('',*,*,#11488,.T.);
#11541 = ORIENTED_EDGE('',*,*,#10622,.T.);
#11542 = PLANE('',#11543);
#11543 = AXIS2_PLACEMENT_3D('',#11544,#11545,#11546);
#11544 = CARTESIAN_POINT('',(-374.7665940288,-261.629509039,230.));
#11545 = DIRECTION('',(0.707106781187,-0.707106781187,0.));
#11546 = DIRECTION('',(0.,0.,1.));
#11547 = ADVANCED_FACE('',(#11548),#11560,.T.);
#11548 = FACE_BOUND('',#11549,.T.);
#11549 = EDGE_LOOP('',(#11550,#11551,#11558,#11559));
#11550 = ORIENTED_EDGE('',*,*,#11503,.F.);
#11551 = ORIENTED_EDGE('',*,*,#11552,.T.);
#11552 = EDGE_CURVE('',#11504,#11528,#11553,.T.);
#11553 = CIRCLE('',#11554,490.);
#11554 = AXIS2_PLACEMENT_3D('',#11555,#11556,#11557);
#11555 = CARTESIAN_POINT('',(0.,0.,230.));
#11556 = DIRECTION('',(0.,0.,-1.));
#11557 = DIRECTION('',(1.,0.,0.));
#11558 = ORIENTED_EDGE('',*,*,#11527,.T.);
#11559 = ORIENTED_EDGE('',*,*,#10630,.F.);
#11560 = PLANE('',#11561);
#11561 = AXIS2_PLACEMENT_3D('',#11562,#11563,#11564);
#11562 = CARTESIAN_POINT('',(-374.7665940288,-261.629509039,230.));
#11563 = DIRECTION('',(0.,0.,1.));
#11564 = DIRECTION('',(-0.707106781187,-0.707106781187,0.));
#11565 = ADVANCED_FACE('',(#11566),#11592,.F.);
#11566 = FACE_BOUND('',#11567,.F.);
#11567 = EDGE_LOOP('',(#11568,#11576,#11585,#11591));
#11568 = ORIENTED_EDGE('',*,*,#11569,.F.);
#11569 = EDGE_CURVE('',#11570,#10648,#11572,.T.);
#11570 = VERTEX_POINT('',#11571);
#11571 = CARTESIAN_POINT('',(80.,-483.4252786108,370.));
#11572 = LINE('',#11573,#11574);
#11573 = CARTESIAN_POINT('',(80.,-450.,370.));
#11574 = VECTOR('',#11575,1.);
#11575 = DIRECTION('',(-2.22044604925E-16,-1.,0.));
#11576 = ORIENTED_EDGE('',*,*,#11577,.T.);
#11577 = EDGE_CURVE('',#11570,#11578,#11580,.T.);
#11578 = VERTEX_POINT('',#11579);
#11579 = CARTESIAN_POINT('',(-80.,-483.4252786108,370.));
#11580 = CIRCLE('',#11581,490.);
#11581 = AXIS2_PLACEMENT_3D('',#11582,#11583,#11584);
#11582 = CARTESIAN_POINT('',(0.,0.,370.));
#11583 = DIRECTION('',(0.,0.,-1.));
#11584 = DIRECTION('',(1.,0.,0.));
#11585 = ORIENTED_EDGE('',*,*,#11586,.T.);
#11586 = EDGE_CURVE('',#11578,#10650,#11587,.T.);
#11587 = LINE('',#11588,#11589);
#11588 = CARTESIAN_POINT('',(-80.,-450.,370.));
#11589 = VECTOR('',#11590,1.);
#11590 = DIRECTION('',(-2.22044604925E-16,-1.,0.));
#11591 = ORIENTED_EDGE('',*,*,#10647,.F.);
#11592 = PLANE('',#11593);
#11593 = AXIS2_PLACEMENT_3D('',#11594,#11595,#11596);
#11594 = CARTESIAN_POINT('',(-80.,-450.,370.));
#11595 = DIRECTION('',(0.,0.,1.));
#11596 = DIRECTION('',(-2.22044604925E-16,-1.,0.));
#11597 = ADVANCED_FACE('',(#11598),#11616,.F.);
#11598 = FACE_BOUND('',#11599,.F.);
#11599 = EDGE_LOOP('',(#11600,#11608,#11614,#11615));
#11600 = ORIENTED_EDGE('',*,*,#11601,.F.);
#11601 = EDGE_CURVE('',#11602,#10667,#11604,.T.);
#11602 = VERTEX_POINT('',#11603);
#11603 = CARTESIAN_POINT('',(80.,-483.4252786108,230.));
#11604 = LINE('',#11605,#11606);
#11605 = CARTESIAN_POINT('',(80.,-450.,230.));
#11606 = VECTOR('',#11607,1.);
#11607 = DIRECTION('',(-2.22044604925E-16,-1.,0.));
#11608 = ORIENTED_EDGE('',*,*,#11609,.F.);
#11609 = EDGE_CURVE('',#11570,#11602,#11610,.T.);
#11610 = LINE('',#11611,#11612);
#11611 = CARTESIAN_POINT('',(80.,-483.4252786108,150.));
#11612 = VECTOR('',#11613,1.);
#11613 = DIRECTION('',(-0.,-0.,-1.));
#11614 = ORIENTED_EDGE('',*,*,#11569,.T.);
#11615 = ORIENTED_EDGE('',*,*,#10675,.T.);
#11616 = PLANE('',#11617);
#11617 = AXIS2_PLACEMENT_3D('',#11618,#11619,#11620);
#11618 = CARTESIAN_POINT('',(80.,-450.,230.));
#11619 = DIRECTION('',(1.,-2.22044604925E-16,0.));
#11620 = DIRECTION('',(0.,0.,1.));
#11621 = ADVANCED_FACE('',(#11622),#11640,.T.);
#11622 = FACE_BOUND('',#11623,.T.);
#11623 = EDGE_LOOP('',(#11624,#11632,#11638,#11639));
#11624 = ORIENTED_EDGE('',*,*,#11625,.F.);
#11625 = EDGE_CURVE('',#11626,#10659,#11628,.T.);
#11626 = VERTEX_POINT('',#11627);
#11627 = CARTESIAN_POINT('',(-80.,-483.4252786108,230.));
#11628 = LINE('',#11629,#11630);
#11629 = CARTESIAN_POINT('',(-80.,-450.,230.));
#11630 = VECTOR('',#11631,1.);
#11631 = DIRECTION('',(-2.22044604925E-16,-1.,0.));
#11632 = ORIENTED_EDGE('',*,*,#11633,.F.);
#11633 = EDGE_CURVE('',#11578,#11626,#11634,.T.);
#11634 = LINE('',#11635,#11636);
#11635 = CARTESIAN_POINT('',(-80.,-483.4252786108,150.));
#11636 = VECTOR('',#11637,1.);
#11637 = DIRECTION('',(-0.,-0.,-1.));
#11638 = ORIENTED_EDGE('',*,*,#11586,.T.);
#11639 = ORIENTED_EDGE('',*,*,#10658,.T.);
#11640 = PLANE('',#11641);
#11641 = AXIS2_PLACEMENT_3D('',#11642,#11643,#11644);
#11642 = CARTESIAN_POINT('',(-80.,-450.,230.));
#11643 = DIRECTION('',(1.,-2.22044604925E-16,0.));
#11644 = DIRECTION('',(0.,0.,1.));
#11645 = ADVANCED_FACE('',(#11646),#11658,.T.);
#11646 = FACE_BOUND('',#11647,.T.);
#11647 = EDGE_LOOP('',(#11648,#11649,#11656,#11657));
#11648 = ORIENTED_EDGE('',*,*,#11601,.F.);
#11649 = ORIENTED_EDGE('',*,*,#11650,.T.);
#11650 = EDGE_CURVE('',#11602,#11626,#11651,.T.);
#11651 = CIRCLE('',#11652,490.);
#11652 = AXIS2_PLACEMENT_3D('',#11653,#11654,#11655);
#11653 = CARTESIAN_POINT('',(0.,0.,230.));
#11654 = DIRECTION('',(0.,0.,-1.));
#11655 = DIRECTION('',(1.,0.,0.));
#11656 = ORIENTED_EDGE('',*,*,#11625,.T.);
#11657 = ORIENTED_EDGE('',*,*,#10666,.F.);
#11658 = PLANE('',#11659);
#11659 = AXIS2_PLACEMENT_3D('',#11660,#11661,#11662);
#11660 = CARTESIAN_POINT('',(-80.,-450.,230.));
#11661 = DIRECTION('',(0.,0.,1.));
#11662 = DIRECTION('',(-2.22044604925E-16,-1.,0.));
#11663 = ADVANCED_FACE('',(#11664),#11690,.F.);
#11664 = FACE_BOUND('',#11665,.F.);
#11665 = EDGE_LOOP('',(#11666,#11674,#11683,#11689));
#11666 = ORIENTED_EDGE('',*,*,#11667,.F.);
#11667 = EDGE_CURVE('',#11668,#10684,#11670,.T.);
#11668 = VERTEX_POINT('',#11669);
#11669 = CARTESIAN_POINT('',(398.40183519766,-285.2647502078,370.));
#11670 = LINE('',#11671,#11672);
#11671 = CARTESIAN_POINT('',(374.76659402887,-261.629509039,370.));
#11672 = VECTOR('',#11673,1.);
#11673 = DIRECTION('',(0.707106781187,-0.707106781187,0.));
#11674 = ORIENTED_EDGE('',*,*,#11675,.T.);
#11675 = EDGE_CURVE('',#11668,#11676,#11678,.T.);
#11676 = VERTEX_POINT('',#11677);
#11677 = CARTESIAN_POINT('',(285.26475020782,-398.4018351976,370.));
#11678 = CIRCLE('',#11679,490.);
#11679 = AXIS2_PLACEMENT_3D('',#11680,#11681,#11682);
#11680 = CARTESIAN_POINT('',(0.,0.,370.));
#11681 = DIRECTION('',(0.,0.,-1.));
#11682 = DIRECTION('',(1.,0.,0.));
#11683 = ORIENTED_EDGE('',*,*,#11684,.T.);
#11684 = EDGE_CURVE('',#11676,#10686,#11685,.T.);
#11685 = LINE('',#11686,#11687);
#11686 = CARTESIAN_POINT('',(261.62950903902,-374.7665940288,370.));
#11687 = VECTOR('',#11688,1.);
#11688 = DIRECTION('',(0.707106781187,-0.707106781187,0.));
#11689 = ORIENTED_EDGE('',*,*,#10683,.F.);
#11690 = PLANE('',#11691);
#11691 = AXIS2_PLACEMENT_3D('',#11692,#11693,#11694);
#11692 = CARTESIAN_POINT('',(261.62950903902,-374.7665940288,370.));
#11693 = DIRECTION('',(0.,0.,1.));
#11694 = DIRECTION('',(0.707106781187,-0.707106781187,0.));
#11695 = ADVANCED_FACE('',(#11696),#11714,.F.);
#11696 = FACE_BOUND('',#11697,.F.);
#11697 = EDGE_LOOP('',(#11698,#11706,#11712,#11713));
#11698 = ORIENTED_EDGE('',*,*,#11699,.F.);
#11699 = EDGE_CURVE('',#11700,#10703,#11702,.T.);
#11700 = VERTEX_POINT('',#11701);
#11701 = CARTESIAN_POINT('',(398.40183519766,-285.2647502078,230.));
#11702 = LINE('',#11703,#11704);
#11703 = CARTESIAN_POINT('',(374.76659402887,-261.629509039,230.));
#11704 = VECTOR('',#11705,1.);
#11705 = DIRECTION('',(0.707106781187,-0.707106781187,0.));
#11706 = ORIENTED_EDGE('',*,*,#11707,.F.);
#11707 = EDGE_CURVE('',#11668,#11700,#11708,.T.);
#11708 = LINE('',#11709,#11710);
#11709 = CARTESIAN_POINT('',(398.40183519766,-285.2647502078,150.));
#11710 = VECTOR('',#11711,1.);
#11711 = DIRECTION('',(-0.,-0.,-1.));
#11712 = ORIENTED_EDGE('',*,*,#11667,.T.);
#11713 = ORIENTED_EDGE('',*,*,#10711,.T.);
#11714 = PLANE('',#11715);
#11715 = AXIS2_PLACEMENT_3D('',#11716,#11717,#11718);
#11716 = CARTESIAN_POINT('',(374.76659402887,-261.629509039,230.));
#11717 = DIRECTION('',(0.707106781187,0.707106781187,0.));
#11718 = DIRECTION('',(0.,0.,1.));
#11719 = ADVANCED_FACE('',(#11720),#11738,.T.);
#11720 = FACE_BOUND('',#11721,.T.);
#11721 = EDGE_LOOP('',(#11722,#11730,#11736,#11737));
#11722 = ORIENTED_EDGE('',*,*,#11723,.F.);
#11723 = EDGE_CURVE('',#11724,#10695,#11726,.T.);
#11724 = VERTEX_POINT('',#11725);
#11725 = CARTESIAN_POINT('',(285.26475020782,-398.4018351976,230.));
#11726 = LINE('',#11727,#11728);
#11727 = CARTESIAN_POINT('',(261.62950903902,-374.7665940288,230.));
#11728 = VECTOR('',#11729,1.);
#11729 = DIRECTION('',(0.707106781187,-0.707106781187,0.));
#11730 = ORIENTED_EDGE('',*,*,#11731,.F.);
#11731 = EDGE_CURVE('',#11676,#11724,#11732,.T.);
#11732 = LINE('',#11733,#11734);
#11733 = CARTESIAN_POINT('',(285.26475020782,-398.4018351976,150.));
#11734 = VECTOR('',#11735,1.);
#11735 = DIRECTION('',(-0.,-0.,-1.));
#11736 = ORIENTED_EDGE('',*,*,#11684,.T.);
#11737 = ORIENTED_EDGE('',*,*,#10694,.T.);
#11738 = PLANE('',#11739);
#11739 = AXIS2_PLACEMENT_3D('',#11740,#11741,#11742);
#11740 = CARTESIAN_POINT('',(261.62950903902,-374.7665940288,230.));
#11741 = DIRECTION('',(0.707106781187,0.707106781187,0.));
#11742 = DIRECTION('',(0.,0.,1.));
#11743 = ADVANCED_FACE('',(#11744),#11756,.T.);
#11744 = FACE_BOUND('',#11745,.T.);
#11745 = EDGE_LOOP('',(#11746,#11747,#11754,#11755));
#11746 = ORIENTED_EDGE('',*,*,#11699,.F.);
#11747 = ORIENTED_EDGE('',*,*,#11748,.T.);
#11748 = EDGE_CURVE('',#11700,#11724,#11749,.T.);
#11749 = CIRCLE('',#11750,490.);
#11750 = AXIS2_PLACEMENT_3D('',#11751,#11752,#11753);
#11751 = CARTESIAN_POINT('',(0.,0.,230.));
#11752 = DIRECTION('',(0.,0.,-1.));
#11753 = DIRECTION('',(1.,0.,0.));
#11754 = ORIENTED_EDGE('',*,*,#11723,.T.);
#11755 = ORIENTED_EDGE('',*,*,#10702,.F.);
#11756 = PLANE('',#11757);
#11757 = AXIS2_PLACEMENT_3D('',#11758,#11759,#11760);
#11758 = CARTESIAN_POINT('',(261.62950903902,-374.7665940288,230.));
#11759 = DIRECTION('',(0.,0.,1.));
#11760 = DIRECTION('',(0.707106781187,-0.707106781187,0.));
#11761 = ADVANCED_FACE('',(#11762,#11786,#11792,#11798,#11804,#11810,
    #11816,#11822,#11828,#11834),#11840,.F.);
#11762 = FACE_BOUND('',#11763,.T.);
#11763 = EDGE_LOOP('',(#11764,#11770,#11771,#11772,#11773,#11774,#11775,
    #11781,#11782,#11783,#11784,#11785));
#11764 = ORIENTED_EDGE('',*,*,#11765,.F.);
#11765 = EDGE_CURVE('',#10867,#10734,#11766,.T.);
#11766 = LINE('',#11767,#11768);
#11767 = CARTESIAN_POINT('',(490.,-1.200153863164E-13,150.));
#11768 = VECTOR('',#11769,1.);
#11769 = DIRECTION('',(0.,0.,1.));
#11770 = ORIENTED_EDGE('',*,*,#10866,.F.);
#11771 = ORIENTED_EDGE('',*,*,#11765,.T.);
#11772 = ORIENTED_EDGE('',*,*,#10733,.F.);
#11773 = ORIENTED_EDGE('',*,*,#10847,.F.);
#11774 = ORIENTED_EDGE('',*,*,#10799,.T.);
#11775 = ORIENTED_EDGE('',*,*,#11776,.T.);
#11776 = EDGE_CURVE('',#10800,#10830,#11777,.T.);
#11777 = LINE('',#11778,#11779);
#11778 = CARTESIAN_POINT('',(490.,-1.200153863164E-13,150.));
#11779 = VECTOR('',#11780,1.);
#11780 = DIRECTION('',(0.,0.,1.));
#11781 = ORIENTED_EDGE('',*,*,#10829,.T.);
#11782 = ORIENTED_EDGE('',*,*,#11776,.F.);
#11783 = ORIENTED_EDGE('',*,*,#10808,.T.);
#11784 = ORIENTED_EDGE('',*,*,#10768,.T.);
#11785 = ORIENTED_EDGE('',*,*,#10742,.F.);
#11786 = FACE_BOUND('',#11787,.T.);
#11787 = EDGE_LOOP('',(#11788,#11789,#11790,#11791));
#11788 = ORIENTED_EDGE('',*,*,#10900,.T.);
#11789 = ORIENTED_EDGE('',*,*,#10967,.T.);
#11790 = ORIENTED_EDGE('',*,*,#10949,.F.);
#11791 = ORIENTED_EDGE('',*,*,#10925,.F.);
#11792 = FACE_BOUND('',#11793,.T.);
#11793 = EDGE_LOOP('',(#11794,#11795,#11796,#11797));
#11794 = ORIENTED_EDGE('',*,*,#10989,.T.);
#11795 = ORIENTED_EDGE('',*,*,#11045,.T.);
#11796 = ORIENTED_EDGE('',*,*,#11062,.F.);
#11797 = ORIENTED_EDGE('',*,*,#11021,.F.);
#11798 = FACE_BOUND('',#11799,.T.);
#11799 = EDGE_LOOP('',(#11800,#11801,#11802,#11803));
#11800 = ORIENTED_EDGE('',*,*,#11087,.T.);
#11801 = ORIENTED_EDGE('',*,*,#11143,.T.);
#11802 = ORIENTED_EDGE('',*,*,#11160,.F.);
#11803 = ORIENTED_EDGE('',*,*,#11119,.F.);
#11804 = FACE_BOUND('',#11805,.T.);
#11805 = EDGE_LOOP('',(#11806,#11807,#11808,#11809));
#11806 = ORIENTED_EDGE('',*,*,#11185,.T.);
#11807 = ORIENTED_EDGE('',*,*,#11241,.T.);
#11808 = ORIENTED_EDGE('',*,*,#11258,.F.);
#11809 = ORIENTED_EDGE('',*,*,#11217,.F.);
#11810 = FACE_BOUND('',#11811,.T.);
#11811 = EDGE_LOOP('',(#11812,#11813,#11814,#11815));
#11812 = ORIENTED_EDGE('',*,*,#11292,.T.);
#11813 = ORIENTED_EDGE('',*,*,#11341,.T.);
#11814 = ORIENTED_EDGE('',*,*,#11358,.F.);
#11815 = ORIENTED_EDGE('',*,*,#11317,.F.);
#11816 = FACE_BOUND('',#11817,.T.);
#11817 = EDGE_LOOP('',(#11818,#11819,#11820,#11821));
#11818 = ORIENTED_EDGE('',*,*,#11381,.T.);
#11819 = ORIENTED_EDGE('',*,*,#11437,.T.);
#11820 = ORIENTED_EDGE('',*,*,#11454,.F.);
#11821 = ORIENTED_EDGE('',*,*,#11413,.F.);
#11822 = FACE_BOUND('',#11823,.T.);
#11823 = EDGE_LOOP('',(#11824,#11825,#11826,#11827));
#11824 = ORIENTED_EDGE('',*,*,#11479,.T.);
#11825 = ORIENTED_EDGE('',*,*,#11535,.T.);
#11826 = ORIENTED_EDGE('',*,*,#11552,.F.);
#11827 = ORIENTED_EDGE('',*,*,#11511,.F.);
#11828 = FACE_BOUND('',#11829,.T.);
#11829 = EDGE_LOOP('',(#11830,#11831,#11832,#11833));
#11830 = ORIENTED_EDGE('',*,*,#11577,.T.);
#11831 = ORIENTED_EDGE('',*,*,#11633,.T.);
#11832 = ORIENTED_EDGE('',*,*,#11650,.F.);
#11833 = ORIENTED_EDGE('',*,*,#11609,.F.);
#11834 = FACE_BOUND('',#11835,.T.);
#11835 = EDGE_LOOP('',(#11836,#11837,#11838,#11839));
#11836 = ORIENTED_EDGE('',*,*,#11675,.T.);
#11837 = ORIENTED_EDGE('',*,*,#11731,.T.);
#11838 = ORIENTED_EDGE('',*,*,#11748,.F.);
#11839 = ORIENTED_EDGE('',*,*,#11707,.F.);
#11840 = CYLINDRICAL_SURFACE('',#11841,490.);
#11841 = AXIS2_PLACEMENT_3D('',#11842,#11843,#11844);
#11842 = CARTESIAN_POINT('',(0.,0.,150.));
#11843 = DIRECTION('',(-0.,-0.,-1.));
#11844 = DIRECTION('',(1.,0.,0.));
#11845 = MANIFOLD_SOLID_BREP('',#11846);
#11846 = CLOSED_SHELL('',(#11847,#11889,#11920,#11945,#11969,#11987));
#11847 = ADVANCED_FACE('',(#11848),#11884,.T.);
#11848 = FACE_BOUND('',#11849,.F.);
#11849 = EDGE_LOOP('',(#11850,#11860,#11869,#11877));
#11850 = ORIENTED_EDGE('',*,*,#11851,.F.);
#11851 = EDGE_CURVE('',#11852,#11854,#11856,.T.);
#11852 = VERTEX_POINT('',#11853);
#11853 = CARTESIAN_POINT('',(-350.,-345.7802770546,995.));
#11854 = VERTEX_POINT('',#11855);
#11855 = CARTESIAN_POINT('',(-350.,-345.7802770546,615.));
#11856 = LINE('',#11857,#11858);
#11857 = CARTESIAN_POINT('',(-350.,-345.7802770546,150.));
#11858 = VECTOR('',#11859,1.);
#11859 = DIRECTION('',(-0.,-0.,-1.));
#11860 = ORIENTED_EDGE('',*,*,#11861,.F.);
#11861 = EDGE_CURVE('',#11862,#11852,#11864,.T.);
#11862 = VERTEX_POINT('',#11863);
#11863 = CARTESIAN_POINT('',(350.,-345.7802770546,995.));
#11864 = CIRCLE('',#11865,492.);
#11865 = AXIS2_PLACEMENT_3D('',#11866,#11867,#11868);
#11866 = CARTESIAN_POINT('',(0.,0.,995.));
#11867 = DIRECTION('',(0.,0.,-1.));
#11868 = DIRECTION('',(1.,0.,0.));
#11869 = ORIENTED_EDGE('',*,*,#11870,.T.);
#11870 = EDGE_CURVE('',#11862,#11871,#11873,.T.);
#11871 = VERTEX_POINT('',#11872);
#11872 = CARTESIAN_POINT('',(350.,-345.7802770546,615.));
#11873 = LINE('',#11874,#11875);
#11874 = CARTESIAN_POINT('',(350.,-345.7802770546,150.));
#11875 = VECTOR('',#11876,1.);
#11876 = DIRECTION('',(-0.,-0.,-1.));
#11877 = ORIENTED_EDGE('',*,*,#11878,.T.);
#11878 = EDGE_CURVE('',#11871,#11854,#11879,.T.);
#11879 = CIRCLE('',#11880,492.);
#11880 = AXIS2_PLACEMENT_3D('',#11881,#11882,#11883);
#11881 = CARTESIAN_POINT('',(0.,0.,615.));
#11882 = DIRECTION('',(0.,0.,-1.));
#11883 = DIRECTION('',(1.,0.,0.));
#11884 = CYLINDRICAL_SURFACE('',#11885,492.);
#11885 = AXIS2_PLACEMENT_3D('',#11886,#11887,#11888);
#11886 = CARTESIAN_POINT('',(0.,0.,150.));
#11887 = DIRECTION('',(-0.,-0.,-1.));
#11888 = DIRECTION('',(1.,0.,0.));
#11889 = ADVANCED_FACE('',(#11890),#11915,.F.);
#11890 = FACE_BOUND('',#11891,.F.);
#11891 = EDGE_LOOP('',(#11892,#11900,#11901,#11909));
#11892 = ORIENTED_EDGE('',*,*,#11893,.F.);
#11893 = EDGE_CURVE('',#11852,#11894,#11896,.T.);
#11894 = VERTEX_POINT('',#11895);
#11895 = CARTESIAN_POINT('',(-350.,-342.9285639896,995.));
#11896 = LINE('',#11897,#11898);
#11897 = CARTESIAN_POINT('',(-350.,-1.E+03,995.));
#11898 = VECTOR('',#11899,1.);
#11899 = DIRECTION('',(0.,1.,0.));
#11900 = ORIENTED_EDGE('',*,*,#11851,.T.);
#11901 = ORIENTED_EDGE('',*,*,#11902,.T.);
#11902 = EDGE_CURVE('',#11854,#11903,#11905,.T.);
#11903 = VERTEX_POINT('',#11904);
#11904 = CARTESIAN_POINT('',(-350.,-342.9285639896,615.));
#11905 = LINE('',#11906,#11907);
#11906 = CARTESIAN_POINT('',(-350.,-1.E+03,615.));
#11907 = VECTOR('',#11908,1.);
#11908 = DIRECTION('',(0.,1.,0.));
#11909 = ORIENTED_EDGE('',*,*,#11910,.F.);
#11910 = EDGE_CURVE('',#11894,#11903,#11911,.T.);
#11911 = LINE('',#11912,#11913);
#11912 = CARTESIAN_POINT('',(-350.,-342.9285639896,150.));
#11913 = VECTOR('',#11914,1.);
#11914 = DIRECTION('',(-0.,-0.,-1.));
#11915 = PLANE('',#11916);
#11916 = AXIS2_PLACEMENT_3D('',#11917,#11918,#11919);
#11917 = CARTESIAN_POINT('',(-350.,-1.E+03,615.));
#11918 = DIRECTION('',(1.,0.,0.));
#11919 = DIRECTION('',(0.,0.,1.));
#11920 = ADVANCED_FACE('',(#11921),#11940,.F.);
#11921 = FACE_BOUND('',#11922,.F.);
#11922 = EDGE_LOOP('',(#11923,#11924,#11925,#11933));
#11923 = ORIENTED_EDGE('',*,*,#11902,.F.);
#11924 = ORIENTED_EDGE('',*,*,#11878,.F.);
#11925 = ORIENTED_EDGE('',*,*,#11926,.T.);
#11926 = EDGE_CURVE('',#11871,#11927,#11929,.T.);
#11927 = VERTEX_POINT('',#11928);
#11928 = CARTESIAN_POINT('',(350.,-342.9285639896,615.));
#11929 = LINE('',#11930,#11931);
#11930 = CARTESIAN_POINT('',(350.,-1.E+03,615.));
#11931 = VECTOR('',#11932,1.);
#11932 = DIRECTION('',(0.,1.,0.));
#11933 = ORIENTED_EDGE('',*,*,#11934,.T.);
#11934 = EDGE_CURVE('',#11927,#11903,#11935,.T.);
#11935 = CIRCLE('',#11936,490.);
#11936 = AXIS2_PLACEMENT_3D('',#11937,#11938,#11939);
#11937 = CARTESIAN_POINT('',(0.,0.,615.));
#11938 = DIRECTION('',(0.,0.,-1.));
#11939 = DIRECTION('',(1.,0.,0.));
#11940 = PLANE('',#11941);
#11941 = AXIS2_PLACEMENT_3D('',#11942,#11943,#11944);
#11942 = CARTESIAN_POINT('',(-350.,-1.E+03,615.));
#11943 = DIRECTION('',(0.,0.,1.));
#11944 = DIRECTION('',(1.,0.,0.));
#11945 = ADVANCED_FACE('',(#11946),#11964,.T.);
#11946 = FACE_BOUND('',#11947,.T.);
#11947 = EDGE_LOOP('',(#11948,#11956,#11957,#11958));
#11948 = ORIENTED_EDGE('',*,*,#11949,.F.);
#11949 = EDGE_CURVE('',#11862,#11950,#11952,.T.);
#11950 = VERTEX_POINT('',#11951);
#11951 = CARTESIAN_POINT('',(350.,-342.9285639896,995.));
#11952 = LINE('',#11953,#11954);
#11953 = CARTESIAN_POINT('',(350.,-1.E+03,995.));
#11954 = VECTOR('',#11955,1.);
#11955 = DIRECTION('',(0.,1.,0.));
#11956 = ORIENTED_EDGE('',*,*,#11870,.T.);
#11957 = ORIENTED_EDGE('',*,*,#11926,.T.);
#11958 = ORIENTED_EDGE('',*,*,#11959,.F.);
#11959 = EDGE_CURVE('',#11950,#11927,#11960,.T.);
#11960 = LINE('',#11961,#11962);
#11961 = CARTESIAN_POINT('',(350.,-342.9285639896,150.));
#11962 = VECTOR('',#11963,1.);
#11963 = DIRECTION('',(-0.,-0.,-1.));
#11964 = PLANE('',#11965);
#11965 = AXIS2_PLACEMENT_3D('',#11966,#11967,#11968);
#11966 = CARTESIAN_POINT('',(350.,-1.E+03,615.));
#11967 = DIRECTION('',(1.,0.,0.));
#11968 = DIRECTION('',(0.,0.,1.));
#11969 = ADVANCED_FACE('',(#11970),#11982,.T.);
#11970 = FACE_BOUND('',#11971,.T.);
#11971 = EDGE_LOOP('',(#11972,#11973,#11974,#11975));
#11972 = ORIENTED_EDGE('',*,*,#11893,.F.);
#11973 = ORIENTED_EDGE('',*,*,#11861,.F.);
#11974 = ORIENTED_EDGE('',*,*,#11949,.T.);
#11975 = ORIENTED_EDGE('',*,*,#11976,.T.);
#11976 = EDGE_CURVE('',#11950,#11894,#11977,.T.);
#11977 = CIRCLE('',#11978,490.);
#11978 = AXIS2_PLACEMENT_3D('',#11979,#11980,#11981);
#11979 = CARTESIAN_POINT('',(0.,0.,995.));
#11980 = DIRECTION('',(0.,0.,-1.));
#11981 = DIRECTION('',(1.,0.,0.));
#11982 = PLANE('',#11983);
#11983 = AXIS2_PLACEMENT_3D('',#11984,#11985,#11986);
#11984 = CARTESIAN_POINT('',(-350.,-1.E+03,995.));
#11985 = DIRECTION('',(0.,0.,1.));
#11986 = DIRECTION('',(1.,0.,0.));
#11987 = ADVANCED_FACE('',(#11988),#11994,.F.);
#11988 = FACE_BOUND('',#11989,.T.);
#11989 = EDGE_LOOP('',(#11990,#11991,#11992,#11993));
#11990 = ORIENTED_EDGE('',*,*,#11910,.F.);
#11991 = ORIENTED_EDGE('',*,*,#11976,.F.);
#11992 = ORIENTED_EDGE('',*,*,#11959,.T.);
#11993 = ORIENTED_EDGE('',*,*,#11934,.T.);
#11994 = CYLINDRICAL_SURFACE('',#11995,490.);
#11995 = AXIS2_PLACEMENT_3D('',#11996,#11997,#11998);
#11996 = CARTESIAN_POINT('',(0.,0.,150.));
#11997 = DIRECTION('',(-0.,-0.,-1.));
#11998 = DIRECTION('',(1.,0.,0.));
#11999 = MANIFOLD_SOLID_BREP('',#12000);
#12000 = CLOSED_SHELL('',(#12001,#12043,#12074,#12099,#12123,#12141));
#12001 = ADVANCED_FACE('',(#12002),#12038,.T.);
#12002 = FACE_BOUND('',#12003,.F.);
#12003 = EDGE_LOOP('',(#12004,#12014,#12023,#12031));
#12004 = ORIENTED_EDGE('',*,*,#12005,.F.);
#12005 = EDGE_CURVE('',#12006,#12008,#12010,.T.);
#12006 = VERTEX_POINT('',#12007);
#12007 = CARTESIAN_POINT('',(-325.,-369.3765016889,520.));
#12008 = VERTEX_POINT('',#12009);
#12009 = CARTESIAN_POINT('',(-325.,-369.3765016889,430.));
#12010 = LINE('',#12011,#12012);
#12011 = CARTESIAN_POINT('',(-325.,-369.3765016889,150.));
#12012 = VECTOR('',#12013,1.);
#12013 = DIRECTION('',(-0.,-0.,-1.));
#12014 = ORIENTED_EDGE('',*,*,#12015,.F.);
#12015 = EDGE_CURVE('',#12016,#12006,#12018,.T.);
#12016 = VERTEX_POINT('',#12017);
#12017 = CARTESIAN_POINT('',(325.,-369.3765016889,520.));
#12018 = CIRCLE('',#12019,492.);
#12019 = AXIS2_PLACEMENT_3D('',#12020,#12021,#12022);
#12020 = CARTESIAN_POINT('',(0.,0.,520.));
#12021 = DIRECTION('',(0.,0.,-1.));
#12022 = DIRECTION('',(1.,0.,0.));
#12023 = ORIENTED_EDGE('',*,*,#12024,.T.);
#12024 = EDGE_CURVE('',#12016,#12025,#12027,.T.);
#12025 = VERTEX_POINT('',#12026);
#12026 = CARTESIAN_POINT('',(325.,-369.3765016889,430.));
#12027 = LINE('',#12028,#12029);
#12028 = CARTESIAN_POINT('',(325.,-369.3765016889,150.));
#12029 = VECTOR('',#12030,1.);
#12030 = DIRECTION('',(-0.,-0.,-1.));
#12031 = ORIENTED_EDGE('',*,*,#12032,.T.);
#12032 = EDGE_CURVE('',#12025,#12008,#12033,.T.);
#12033 = CIRCLE('',#12034,492.);
#12034 = AXIS2_PLACEMENT_3D('',#12035,#12036,#12037);
#12035 = CARTESIAN_POINT('',(0.,0.,430.));
#12036 = DIRECTION('',(0.,0.,-1.));
#12037 = DIRECTION('',(1.,0.,0.));
#12038 = CYLINDRICAL_SURFACE('',#12039,492.);
#12039 = AXIS2_PLACEMENT_3D('',#12040,#12041,#12042);
#12040 = CARTESIAN_POINT('',(0.,0.,150.));
#12041 = DIRECTION('',(-0.,-0.,-1.));
#12042 = DIRECTION('',(1.,0.,0.));
#12043 = ADVANCED_FACE('',(#12044),#12069,.F.);
#12044 = FACE_BOUND('',#12045,.F.);
#12045 = EDGE_LOOP('',(#12046,#12054,#12055,#12063));
#12046 = ORIENTED_EDGE('',*,*,#12047,.F.);
#12047 = EDGE_CURVE('',#12006,#12048,#12050,.T.);
#12048 = VERTEX_POINT('',#12049);
#12049 = CARTESIAN_POINT('',(-325.,-366.7083309661,520.));
#12050 = LINE('',#12051,#12052);
#12051 = CARTESIAN_POINT('',(-325.,-980.,520.));
#12052 = VECTOR('',#12053,1.);
#12053 = DIRECTION('',(0.,1.,0.));
#12054 = ORIENTED_EDGE('',*,*,#12005,.T.);
#12055 = ORIENTED_EDGE('',*,*,#12056,.T.);
#12056 = EDGE_CURVE('',#12008,#12057,#12059,.T.);
#12057 = VERTEX_POINT('',#12058);
#12058 = CARTESIAN_POINT('',(-325.,-366.7083309661,430.));
#12059 = LINE('',#12060,#12061);
#12060 = CARTESIAN_POINT('',(-325.,-980.,430.));
#12061 = VECTOR('',#12062,1.);
#12062 = DIRECTION('',(0.,1.,0.));
#12063 = ORIENTED_EDGE('',*,*,#12064,.F.);
#12064 = EDGE_CURVE('',#12048,#12057,#12065,.T.);
#12065 = LINE('',#12066,#12067);
#12066 = CARTESIAN_POINT('',(-325.,-366.7083309661,150.));
#12067 = VECTOR('',#12068,1.);
#12068 = DIRECTION('',(-0.,-0.,-1.));
#12069 = PLANE('',#12070);
#12070 = AXIS2_PLACEMENT_3D('',#12071,#12072,#12073);
#12071 = CARTESIAN_POINT('',(-325.,-980.,430.));
#12072 = DIRECTION('',(1.,0.,0.));
#12073 = DIRECTION('',(0.,0.,1.));
#12074 = ADVANCED_FACE('',(#12075),#12094,.F.);
#12075 = FACE_BOUND('',#12076,.F.);
#12076 = EDGE_LOOP('',(#12077,#12078,#12079,#12087));
#12077 = ORIENTED_EDGE('',*,*,#12056,.F.);
#12078 = ORIENTED_EDGE('',*,*,#12032,.F.);
#12079 = ORIENTED_EDGE('',*,*,#12080,.T.);
#12080 = EDGE_CURVE('',#12025,#12081,#12083,.T.);
#12081 = VERTEX_POINT('',#12082);
#12082 = CARTESIAN_POINT('',(325.,-366.7083309661,430.));
#12083 = LINE('',#12084,#12085);
#12084 = CARTESIAN_POINT('',(325.,-980.,430.));
#12085 = VECTOR('',#12086,1.);
#12086 = DIRECTION('',(0.,1.,0.));
#12087 = ORIENTED_EDGE('',*,*,#12088,.T.);
#12088 = EDGE_CURVE('',#12081,#12057,#12089,.T.);
#12089 = CIRCLE('',#12090,490.);
#12090 = AXIS2_PLACEMENT_3D('',#12091,#12092,#12093);
#12091 = CARTESIAN_POINT('',(0.,0.,430.));
#12092 = DIRECTION('',(0.,0.,-1.));
#12093 = DIRECTION('',(1.,0.,0.));
#12094 = PLANE('',#12095);
#12095 = AXIS2_PLACEMENT_3D('',#12096,#12097,#12098);
#12096 = CARTESIAN_POINT('',(-325.,-980.,430.));
#12097 = DIRECTION('',(0.,0.,1.));
#12098 = DIRECTION('',(1.,0.,0.));
#12099 = ADVANCED_FACE('',(#12100),#12118,.T.);
#12100 = FACE_BOUND('',#12101,.T.);
#12101 = EDGE_LOOP('',(#12102,#12110,#12111,#12112));
#12102 = ORIENTED_EDGE('',*,*,#12103,.F.);
#12103 = EDGE_CURVE('',#12016,#12104,#12106,.T.);
#12104 = VERTEX_POINT('',#12105);
#12105 = CARTESIAN_POINT('',(325.,-366.7083309661,520.));
#12106 = LINE('',#12107,#12108);
#12107 = CARTESIAN_POINT('',(325.,-980.,520.));
#12108 = VECTOR('',#12109,1.);
#12109 = DIRECTION('',(0.,1.,0.));
#12110 = ORIENTED_EDGE('',*,*,#12024,.T.);
#12111 = ORIENTED_EDGE('',*,*,#12080,.T.);
#12112 = ORIENTED_EDGE('',*,*,#12113,.F.);
#12113 = EDGE_CURVE('',#12104,#12081,#12114,.T.);
#12114 = LINE('',#12115,#12116);
#12115 = CARTESIAN_POINT('',(325.,-366.7083309661,150.));
#12116 = VECTOR('',#12117,1.);
#12117 = DIRECTION('',(-0.,-0.,-1.));
#12118 = PLANE('',#12119);
#12119 = AXIS2_PLACEMENT_3D('',#12120,#12121,#12122);
#12120 = CARTESIAN_POINT('',(325.,-980.,430.));
#12121 = DIRECTION('',(1.,0.,0.));
#12122 = DIRECTION('',(0.,0.,1.));
#12123 = ADVANCED_FACE('',(#12124),#12136,.T.);
#12124 = FACE_BOUND('',#12125,.T.);
#12125 = EDGE_LOOP('',(#12126,#12127,#12128,#12129));
#12126 = ORIENTED_EDGE('',*,*,#12047,.F.);
#12127 = ORIENTED_EDGE('',*,*,#12015,.F.);
#12128 = ORIENTED_EDGE('',*,*,#12103,.T.);
#12129 = ORIENTED_EDGE('',*,*,#12130,.T.);
#12130 = EDGE_CURVE('',#12104,#12048,#12131,.T.);
#12131 = CIRCLE('',#12132,490.);
#12132 = AXIS2_PLACEMENT_3D('',#12133,#12134,#12135);
#12133 = CARTESIAN_POINT('',(0.,0.,520.));
#12134 = DIRECTION('',(0.,0.,-1.));
#12135 = DIRECTION('',(1.,0.,0.));
#12136 = PLANE('',#12137);
#12137 = AXIS2_PLACEMENT_3D('',#12138,#12139,#12140);
#12138 = CARTESIAN_POINT('',(-325.,-980.,520.));
#12139 = DIRECTION('',(0.,0.,1.));
#12140 = DIRECTION('',(1.,0.,0.));
#12141 = ADVANCED_FACE('',(#12142),#12148,.F.);
#12142 = FACE_BOUND('',#12143,.T.);
#12143 = EDGE_LOOP('',(#12144,#12145,#12146,#12147));
#12144 = ORIENTED_EDGE('',*,*,#12064,.F.);
#12145 = ORIENTED_EDGE('',*,*,#12130,.F.);
#12146 = ORIENTED_EDGE('',*,*,#12113,.T.);
#12147 = ORIENTED_EDGE('',*,*,#12088,.T.);
#12148 = CYLINDRICAL_SURFACE('',#12149,490.);
#12149 = AXIS2_PLACEMENT_3D('',#12150,#12151,#12152);
#12150 = CARTESIAN_POINT('',(0.,0.,150.));
#12151 = DIRECTION('',(-0.,-0.,-1.));
#12152 = DIRECTION('',(1.,0.,0.));
#12153 = MANIFOLD_SOLID_BREP('',#12154);
#12154 = CLOSED_SHELL('',(#12155,#12195,#12260,#12318,#12342,#12393,
    #12405,#12436,#12460,#12484,#12501,#12529,#12546,#12563));
#12155 = ADVANCED_FACE('',(#12156),#12190,.F.);
#12156 = FACE_BOUND('',#12157,.F.);
#12157 = EDGE_LOOP('',(#12158,#12168,#12176,#12184));
#12158 = ORIENTED_EDGE('',*,*,#12159,.F.);
#12159 = EDGE_CURVE('',#12160,#12162,#12164,.T.);
#12160 = VERTEX_POINT('',#12161);
#12161 = CARTESIAN_POINT('',(-326.5,-326.5,645.));
#12162 = VERTEX_POINT('',#12163);
#12163 = CARTESIAN_POINT('',(-326.5,-326.5,963.));
#12164 = LINE('',#12165,#12166);
#12165 = CARTESIAN_POINT('',(-326.5,-326.5,645.));
#12166 = VECTOR('',#12167,1.);
#12167 = DIRECTION('',(0.,0.,1.));
#12168 = ORIENTED_EDGE('',*,*,#12169,.T.);
#12169 = EDGE_CURVE('',#12160,#12170,#12172,.T.);
#12170 = VERTEX_POINT('',#12171);
#12171 = CARTESIAN_POINT('',(-326.5,326.5,645.));
#12172 = LINE('',#12173,#12174);
#12173 = CARTESIAN_POINT('',(-326.5,-326.5,645.));
#12174 = VECTOR('',#12175,1.);
#12175 = DIRECTION('',(0.,1.,0.));
#12176 = ORIENTED_EDGE('',*,*,#12177,.T.);
#12177 = EDGE_CURVE('',#12170,#12178,#12180,.T.);
#12178 = VERTEX_POINT('',#12179);
#12179 = CARTESIAN_POINT('',(-326.5,326.5,963.));
#12180 = LINE('',#12181,#12182);
#12181 = CARTESIAN_POINT('',(-326.5,326.5,645.));
#12182 = VECTOR('',#12183,1.);
#12183 = DIRECTION('',(0.,0.,1.));
#12184 = ORIENTED_EDGE('',*,*,#12185,.F.);
#12185 = EDGE_CURVE('',#12162,#12178,#12186,.T.);
#12186 = LINE('',#12187,#12188);
#12187 = CARTESIAN_POINT('',(-326.5,-326.5,963.));
#12188 = VECTOR('',#12189,1.);
#12189 = DIRECTION('',(0.,1.,0.));
#12190 = PLANE('',#12191);
#12191 = AXIS2_PLACEMENT_3D('',#12192,#12193,#12194);
#12192 = CARTESIAN_POINT('',(-326.5,-326.5,645.));
#12193 = DIRECTION('',(1.,0.,0.));
#12194 = DIRECTION('',(0.,0.,1.));
#12195 = ADVANCED_FACE('',(#12196,#12221),#12255,.F.);
#12196 = FACE_BOUND('',#12197,.F.);
#12197 = EDGE_LOOP('',(#12198,#12206,#12207,#12215));
#12198 = ORIENTED_EDGE('',*,*,#12199,.F.);
#12199 = EDGE_CURVE('',#12160,#12200,#12202,.T.);
#12200 = VERTEX_POINT('',#12201);
#12201 = CARTESIAN_POINT('',(326.5,-326.5,645.));
#12202 = LINE('',#12203,#12204);
#12203 = CARTESIAN_POINT('',(-326.5,-326.5,645.));
#12204 = VECTOR('',#12205,1.);
#12205 = DIRECTION('',(1.,0.,0.));
#12206 = ORIENTED_EDGE('',*,*,#12159,.T.);
#12207 = ORIENTED_EDGE('',*,*,#12208,.T.);
#12208 = EDGE_CURVE('',#12162,#12209,#12211,.T.);
#12209 = VERTEX_POINT('',#12210);
#12210 = CARTESIAN_POINT('',(326.5,-326.5,963.));
#12211 = LINE('',#12212,#12213);
#12212 = CARTESIAN_POINT('',(-326.5,-326.5,963.));
#12213 = VECTOR('',#12214,1.);
#12214 = DIRECTION('',(1.,0.,0.));
#12215 = ORIENTED_EDGE('',*,*,#12216,.F.);
#12216 = EDGE_CURVE('',#12200,#12209,#12217,.T.);
#12217 = LINE('',#12218,#12219);
#12218 = CARTESIAN_POINT('',(326.5,-326.5,645.));
#12219 = VECTOR('',#12220,1.);
#12220 = DIRECTION('',(0.,0.,1.));
#12221 = FACE_BOUND('',#12222,.F.);
#12222 = EDGE_LOOP('',(#12223,#12233,#12241,#12249));
#12223 = ORIENTED_EDGE('',*,*,#12224,.F.);
#12224 = EDGE_CURVE('',#12225,#12227,#12229,.T.);
#12225 = VERTEX_POINT('',#12226);
#12226 = CARTESIAN_POINT('',(-322.5,-326.5,960.));
#12227 = VERTEX_POINT('',#12228);
#12228 = CARTESIAN_POINT('',(322.5,-326.5,960.));
#12229 = LINE('',#12230,#12231);
#12230 = CARTESIAN_POINT('',(-324.5,-326.5,960.));
#12231 = VECTOR('',#12232,1.);
#12232 = DIRECTION('',(1.,0.,0.));
#12233 = ORIENTED_EDGE('',*,*,#12234,.T.);
#12234 = EDGE_CURVE('',#12225,#12235,#12237,.T.);
#12235 = VERTEX_POINT('',#12236);
#12236 = CARTESIAN_POINT('',(-322.5,-326.5,650.));
#12237 = LINE('',#12238,#12239);
#12238 = CARTESIAN_POINT('',(-322.5,-326.5,647.5));
#12239 = VECTOR('',#12240,1.);
#12240 = DIRECTION('',(0.,0.,-1.));
#12241 = ORIENTED_EDGE('',*,*,#12242,.T.);
#12242 = EDGE_CURVE('',#12235,#12243,#12245,.T.);
#12243 = VERTEX_POINT('',#12244);
#12244 = CARTESIAN_POINT('',(322.5,-326.5,650.));
#12245 = LINE('',#12246,#12247);
#12246 = CARTESIAN_POINT('',(-324.5,-326.5,650.));
#12247 = VECTOR('',#12248,1.);
#12248 = DIRECTION('',(1.,0.,0.));
#12249 = ORIENTED_EDGE('',*,*,#12250,.F.);
#12250 = EDGE_CURVE('',#12227,#12243,#12251,.T.);
#12251 = LINE('',#12252,#12253);
#12252 = CARTESIAN_POINT('',(322.5,-326.5,647.5));
#12253 = VECTOR('',#12254,1.);
#12254 = DIRECTION('',(0.,0.,-1.));
#12255 = PLANE('',#12256);
#12256 = AXIS2_PLACEMENT_3D('',#12257,#12258,#12259);
#12257 = CARTESIAN_POINT('',(-326.5,-326.5,645.));
#12258 = DIRECTION('',(0.,1.,0.));
#12259 = DIRECTION('',(0.,0.,1.));
#12260 = ADVANCED_FACE('',(#12261,#12279),#12313,.T.);
#12261 = FACE_BOUND('',#12262,.T.);
#12262 = EDGE_LOOP('',(#12263,#12264,#12265,#12273));
#12263 = ORIENTED_EDGE('',*,*,#12185,.F.);
#12264 = ORIENTED_EDGE('',*,*,#12208,.T.);
#12265 = ORIENTED_EDGE('',*,*,#12266,.T.);
#12266 = EDGE_CURVE('',#12209,#12267,#12269,.T.);
#12267 = VERTEX_POINT('',#12268);
#12268 = CARTESIAN_POINT('',(326.5,326.5,963.));
#12269 = LINE('',#12270,#12271);
#12270 = CARTESIAN_POINT('',(326.5,-326.5,963.));
#12271 = VECTOR('',#12272,1.);
#12272 = DIRECTION('',(0.,1.,0.));
#12273 = ORIENTED_EDGE('',*,*,#12274,.F.);
#12274 = EDGE_CURVE('',#12178,#12267,#12275,.T.);
#12275 = LINE('',#12276,#12277);
#12276 = CARTESIAN_POINT('',(-326.5,326.5,963.));
#12277 = VECTOR('',#12278,1.);
#12278 = DIRECTION('',(1.,0.,0.));
#12279 = FACE_BOUND('',#12280,.T.);
#12280 = EDGE_LOOP('',(#12281,#12291,#12299,#12307));
#12281 = ORIENTED_EDGE('',*,*,#12282,.F.);
#12282 = EDGE_CURVE('',#12283,#12285,#12287,.T.);
#12283 = VERTEX_POINT('',#12284);
#12284 = CARTESIAN_POINT('',(-324.5,-324.5,963.));
#12285 = VERTEX_POINT('',#12286);
#12286 = CARTESIAN_POINT('',(324.5,-324.5,963.));
#12287 = LINE('',#12288,#12289);
#12288 = CARTESIAN_POINT('',(-324.5,-324.5,963.));
#12289 = VECTOR('',#12290,1.);
#12290 = DIRECTION('',(1.,0.,0.));
#12291 = ORIENTED_EDGE('',*,*,#12292,.T.);
#12292 = EDGE_CURVE('',#12283,#12293,#12295,.T.);
#12293 = VERTEX_POINT('',#12294);
#12294 = CARTESIAN_POINT('',(-324.5,324.5,963.));
#12295 = LINE('',#12296,#12297);
#12296 = CARTESIAN_POINT('',(-324.5,-324.5,963.));
#12297 = VECTOR('',#12298,1.);
#12298 = DIRECTION('',(0.,1.,0.));
#12299 = ORIENTED_EDGE('',*,*,#12300,.T.);
#12300 = EDGE_CURVE('',#12293,#12301,#12303,.T.);
#12301 = VERTEX_POINT('',#12302);
#12302 = CARTESIAN_POINT('',(324.5,324.5,963.));
#12303 = LINE('',#12304,#12305);
#12304 = CARTESIAN_POINT('',(-324.5,324.5,963.));
#12305 = VECTOR('',#12306,1.);
#12306 = DIRECTION('',(1.,0.,0.));
#12307 = ORIENTED_EDGE('',*,*,#12308,.F.);
#12308 = EDGE_CURVE('',#12285,#12301,#12309,.T.);
#12309 = LINE('',#12310,#12311);
#12310 = CARTESIAN_POINT('',(324.5,-324.5,963.));
#12311 = VECTOR('',#12312,1.);
#12312 = DIRECTION('',(0.,1.,0.));
#12313 = PLANE('',#12314);
#12314 = AXIS2_PLACEMENT_3D('',#12315,#12316,#12317);
#12315 = CARTESIAN_POINT('',(-326.5,-326.5,963.));
#12316 = DIRECTION('',(0.,0.,1.));
#12317 = DIRECTION('',(1.,0.,0.));
#12318 = ADVANCED_FACE('',(#12319),#12337,.T.);
#12319 = FACE_BOUND('',#12320,.T.);
#12320 = EDGE_LOOP('',(#12321,#12329,#12330,#12331));
#12321 = ORIENTED_EDGE('',*,*,#12322,.F.);
#12322 = EDGE_CURVE('',#12170,#12323,#12325,.T.);
#12323 = VERTEX_POINT('',#12324);
#12324 = CARTESIAN_POINT('',(326.5,326.5,645.));
#12325 = LINE('',#12326,#12327);
#12326 = CARTESIAN_POINT('',(-326.5,326.5,645.));
#12327 = VECTOR('',#12328,1.);
#12328 = DIRECTION('',(1.,0.,0.));
#12329 = ORIENTED_EDGE('',*,*,#12177,.T.);
#12330 = ORIENTED_EDGE('',*,*,#12274,.T.);
#12331 = ORIENTED_EDGE('',*,*,#12332,.F.);
#12332 = EDGE_CURVE('',#12323,#12267,#12333,.T.);
#12333 = LINE('',#12334,#12335);
#12334 = CARTESIAN_POINT('',(326.5,326.5,645.));
#12335 = VECTOR('',#12336,1.);
#12336 = DIRECTION('',(0.,0.,1.));
#12337 = PLANE('',#12338);
#12338 = AXIS2_PLACEMENT_3D('',#12339,#12340,#12341);
#12339 = CARTESIAN_POINT('',(-326.5,326.5,645.));
#12340 = DIRECTION('',(0.,1.,0.));
#12341 = DIRECTION('',(0.,0.,1.));
#12342 = ADVANCED_FACE('',(#12343,#12354),#12388,.F.);
#12343 = FACE_BOUND('',#12344,.F.);
#12344 = EDGE_LOOP('',(#12345,#12346,#12347,#12353));
#12345 = ORIENTED_EDGE('',*,*,#12169,.F.);
#12346 = ORIENTED_EDGE('',*,*,#12199,.T.);
#12347 = ORIENTED_EDGE('',*,*,#12348,.T.);
#12348 = EDGE_CURVE('',#12200,#12323,#12349,.T.);
#12349 = LINE('',#12350,#12351);
#12350 = CARTESIAN_POINT('',(326.5,-326.5,645.));
#12351 = VECTOR('',#12352,1.);
#12352 = DIRECTION('',(0.,1.,0.));
#12353 = ORIENTED_EDGE('',*,*,#12322,.F.);
#12354 = FACE_BOUND('',#12355,.F.);
#12355 = EDGE_LOOP('',(#12356,#12366,#12374,#12382));
#12356 = ORIENTED_EDGE('',*,*,#12357,.F.);
#12357 = EDGE_CURVE('',#12358,#12360,#12362,.T.);
#12358 = VERTEX_POINT('',#12359);
#12359 = CARTESIAN_POINT('',(-324.5,-324.5,645.));
#12360 = VERTEX_POINT('',#12361);
#12361 = CARTESIAN_POINT('',(324.5,-324.5,645.));
#12362 = LINE('',#12363,#12364);
#12363 = CARTESIAN_POINT('',(-324.5,-324.5,645.));
#12364 = VECTOR('',#12365,1.);
#12365 = DIRECTION('',(1.,0.,0.));
#12366 = ORIENTED_EDGE('',*,*,#12367,.T.);
#12367 = EDGE_CURVE('',#12358,#12368,#12370,.T.);
#12368 = VERTEX_POINT('',#12369);
#12369 = CARTESIAN_POINT('',(-324.5,324.5,645.));
#12370 = LINE('',#12371,#12372);
#12371 = CARTESIAN_POINT('',(-324.5,-324.5,645.));
#12372 = VECTOR('',#12373,1.);
#12373 = DIRECTION('',(0.,1.,0.));
#12374 = ORIENTED_EDGE('',*,*,#12375,.T.);
#12375 = EDGE_CURVE('',#12368,#12376,#12378,.T.);
#12376 = VERTEX_POINT('',#12377);
#12377 = CARTESIAN_POINT('',(324.5,324.5,645.));
#12378 = LINE('',#12379,#12380);
#12379 = CARTESIAN_POINT('',(-324.5,324.5,645.));
#12380 = VECTOR('',#12381,1.);
#12381 = DIRECTION('',(1.,0.,0.));
#12382 = ORIENTED_EDGE('',*,*,#12383,.F.);
#12383 = EDGE_CURVE('',#12360,#12376,#12384,.T.);
#12384 = LINE('',#12385,#12386);
#12385 = CARTESIAN_POINT('',(324.5,-324.5,645.));
#12386 = VECTOR('',#12387,1.);
#12387 = DIRECTION('',(0.,1.,0.));
#12388 = PLANE('',#12389);
#12389 = AXIS2_PLACEMENT_3D('',#12390,#12391,#12392);
#12390 = CARTESIAN_POINT('',(-326.5,-326.5,645.));
#12391 = DIRECTION('',(0.,0.,1.));
#12392 = DIRECTION('',(1.,0.,0.));
#12393 = ADVANCED_FACE('',(#12394),#12400,.T.);
#12394 = FACE_BOUND('',#12395,.T.);
#12395 = EDGE_LOOP('',(#12396,#12397,#12398,#12399));
#12396 = ORIENTED_EDGE('',*,*,#12216,.F.);
#12397 = ORIENTED_EDGE('',*,*,#12348,.T.);
#12398 = ORIENTED_EDGE('',*,*,#12332,.T.);
#12399 = ORIENTED_EDGE('',*,*,#12266,.F.);
#12400 = PLANE('',#12401);
#12401 = AXIS2_PLACEMENT_3D('',#12402,#12403,#12404);
#12402 = CARTESIAN_POINT('',(326.5,-326.5,645.));
#12403 = DIRECTION('',(1.,0.,0.));
#12404 = DIRECTION('',(0.,0.,1.));
#12405 = ADVANCED_FACE('',(#12406),#12431,.F.);
#12406 = FACE_BOUND('',#12407,.F.);
#12407 = EDGE_LOOP('',(#12408,#12416,#12417,#12425));
#12408 = ORIENTED_EDGE('',*,*,#12409,.F.);
#12409 = EDGE_CURVE('',#12225,#12410,#12412,.T.);
#12410 = VERTEX_POINT('',#12411);
#12411 = CARTESIAN_POINT('',(-322.5,-324.5,960.));
#12412 = LINE('',#12413,#12414);
#12413 = CARTESIAN_POINT('',(-322.5,-332.5,960.));
#12414 = VECTOR('',#12415,1.);
#12415 = DIRECTION('',(0.,1.,0.));
#12416 = ORIENTED_EDGE('',*,*,#12224,.T.);
#12417 = ORIENTED_EDGE('',*,*,#12418,.T.);
#12418 = EDGE_CURVE('',#12227,#12419,#12421,.T.);
#12419 = VERTEX_POINT('',#12420);
#12420 = CARTESIAN_POINT('',(322.5,-324.5,960.));
#12421 = LINE('',#12422,#12423);
#12422 = CARTESIAN_POINT('',(322.5,-332.5,960.));
#12423 = VECTOR('',#12424,1.);
#12424 = DIRECTION('',(0.,1.,0.));
#12425 = ORIENTED_EDGE('',*,*,#12426,.F.);
#12426 = EDGE_CURVE('',#12410,#12419,#12427,.T.);
#12427 = LINE('',#12428,#12429);
#12428 = CARTESIAN_POINT('',(-323.5,-324.5,960.));
#12429 = VECTOR('',#12430,1.);
#12430 = DIRECTION('',(1.,0.,0.));
#12431 = PLANE('',#12432);
#12432 = AXIS2_PLACEMENT_3D('',#12433,#12434,#12435);
#12433 = CARTESIAN_POINT('',(-322.5,-332.5,960.));
#12434 = DIRECTION('',(0.,0.,1.));
#12435 = DIRECTION('',(1.,0.,0.));
#12436 = ADVANCED_FACE('',(#12437),#12455,.F.);
#12437 = FACE_BOUND('',#12438,.F.);
#12438 = EDGE_LOOP('',(#12439,#12440,#12441,#12449));
#12439 = ORIENTED_EDGE('',*,*,#12418,.F.);
#12440 = ORIENTED_EDGE('',*,*,#12250,.T.);
#12441 = ORIENTED_EDGE('',*,*,#12442,.T.);
#12442 = EDGE_CURVE('',#12243,#12443,#12445,.T.);
#12443 = VERTEX_POINT('',#12444);
#12444 = CARTESIAN_POINT('',(322.5,-324.5,650.));
#12445 = LINE('',#12446,#12447);
#12446 = CARTESIAN_POINT('',(322.5,-332.5,650.));
#12447 = VECTOR('',#12448,1.);
#12448 = DIRECTION('',(0.,1.,0.));
#12449 = ORIENTED_EDGE('',*,*,#12450,.F.);
#12450 = EDGE_CURVE('',#12419,#12443,#12451,.T.);
#12451 = LINE('',#12452,#12453);
#12452 = CARTESIAN_POINT('',(322.5,-324.5,647.5));
#12453 = VECTOR('',#12454,1.);
#12454 = DIRECTION('',(0.,0.,-1.));
#12455 = PLANE('',#12456);
#12456 = AXIS2_PLACEMENT_3D('',#12457,#12458,#12459);
#12457 = CARTESIAN_POINT('',(322.5,-332.5,650.));
#12458 = DIRECTION('',(1.,0.,0.));
#12459 = DIRECTION('',(0.,0.,1.));
#12460 = ADVANCED_FACE('',(#12461),#12479,.T.);
#12461 = FACE_BOUND('',#12462,.T.);
#12462 = EDGE_LOOP('',(#12463,#12471,#12472,#12473));
#12463 = ORIENTED_EDGE('',*,*,#12464,.F.);
#12464 = EDGE_CURVE('',#12235,#12465,#12467,.T.);
#12465 = VERTEX_POINT('',#12466);
#12466 = CARTESIAN_POINT('',(-322.5,-324.5,650.));
#12467 = LINE('',#12468,#12469);
#12468 = CARTESIAN_POINT('',(-322.5,-332.5,650.));
#12469 = VECTOR('',#12470,1.);
#12470 = DIRECTION('',(0.,1.,0.));
#12471 = ORIENTED_EDGE('',*,*,#12242,.T.);
#12472 = ORIENTED_EDGE('',*,*,#12442,.T.);
#12473 = ORIENTED_EDGE('',*,*,#12474,.F.);
#12474 = EDGE_CURVE('',#12465,#12443,#12475,.T.);
#12475 = LINE('',#12476,#12477);
#12476 = CARTESIAN_POINT('',(-323.5,-324.5,650.));
#12477 = VECTOR('',#12478,1.);
#12478 = DIRECTION('',(1.,0.,0.));
#12479 = PLANE('',#12480);
#12480 = AXIS2_PLACEMENT_3D('',#12481,#12482,#12483);
#12481 = CARTESIAN_POINT('',(-322.5,-332.5,650.));
#12482 = DIRECTION('',(0.,0.,1.));
#12483 = DIRECTION('',(1.,0.,0.));
#12484 = ADVANCED_FACE('',(#12485),#12496,.T.);
#12485 = FACE_BOUND('',#12486,.T.);
#12486 = EDGE_LOOP('',(#12487,#12488,#12489,#12490));
#12487 = ORIENTED_EDGE('',*,*,#12409,.F.);
#12488 = ORIENTED_EDGE('',*,*,#12234,.T.);
#12489 = ORIENTED_EDGE('',*,*,#12464,.T.);
#12490 = ORIENTED_EDGE('',*,*,#12491,.F.);
#12491 = EDGE_CURVE('',#12410,#12465,#12492,.T.);
#12492 = LINE('',#12493,#12494);
#12493 = CARTESIAN_POINT('',(-322.5,-324.5,647.5));
#12494 = VECTOR('',#12495,1.);
#12495 = DIRECTION('',(0.,0.,-1.));
#12496 = PLANE('',#12497);
#12497 = AXIS2_PLACEMENT_3D('',#12498,#12499,#12500);
#12498 = CARTESIAN_POINT('',(-322.5,-332.5,650.));
#12499 = DIRECTION('',(1.,0.,0.));
#12500 = DIRECTION('',(0.,0.,1.));
#12501 = ADVANCED_FACE('',(#12502,#12518),#12524,.T.);
#12502 = FACE_BOUND('',#12503,.T.);
#12503 = EDGE_LOOP('',(#12504,#12505,#12511,#12512));
#12504 = ORIENTED_EDGE('',*,*,#12357,.F.);
#12505 = ORIENTED_EDGE('',*,*,#12506,.T.);
#12506 = EDGE_CURVE('',#12358,#12283,#12507,.T.);
#12507 = LINE('',#12508,#12509);
#12508 = CARTESIAN_POINT('',(-324.5,-324.5,645.));
#12509 = VECTOR('',#12510,1.);
#12510 = DIRECTION('',(0.,0.,1.));
#12511 = ORIENTED_EDGE('',*,*,#12282,.T.);
#12512 = ORIENTED_EDGE('',*,*,#12513,.F.);
#12513 = EDGE_CURVE('',#12360,#12285,#12514,.T.);
#12514 = LINE('',#12515,#12516);
#12515 = CARTESIAN_POINT('',(324.5,-324.5,645.));
#12516 = VECTOR('',#12517,1.);
#12517 = DIRECTION('',(0.,0.,1.));
#12518 = FACE_BOUND('',#12519,.T.);
#12519 = EDGE_LOOP('',(#12520,#12521,#12522,#12523));
#12520 = ORIENTED_EDGE('',*,*,#12426,.F.);
#12521 = ORIENTED_EDGE('',*,*,#12491,.T.);
#12522 = ORIENTED_EDGE('',*,*,#12474,.T.);
#12523 = ORIENTED_EDGE('',*,*,#12450,.F.);
#12524 = PLANE('',#12525);
#12525 = AXIS2_PLACEMENT_3D('',#12526,#12527,#12528);
#12526 = CARTESIAN_POINT('',(-324.5,-324.5,645.));
#12527 = DIRECTION('',(0.,1.,0.));
#12528 = DIRECTION('',(0.,0.,1.));
#12529 = ADVANCED_FACE('',(#12530),#12541,.F.);
#12530 = FACE_BOUND('',#12531,.F.);
#12531 = EDGE_LOOP('',(#12532,#12533,#12534,#12540));
#12532 = ORIENTED_EDGE('',*,*,#12513,.F.);
#12533 = ORIENTED_EDGE('',*,*,#12383,.T.);
#12534 = ORIENTED_EDGE('',*,*,#12535,.T.);
#12535 = EDGE_CURVE('',#12376,#12301,#12536,.T.);
#12536 = LINE('',#12537,#12538);
#12537 = CARTESIAN_POINT('',(324.5,324.5,645.));
#12538 = VECTOR('',#12539,1.);
#12539 = DIRECTION('',(0.,0.,1.));
#12540 = ORIENTED_EDGE('',*,*,#12308,.F.);
#12541 = PLANE('',#12542);
#12542 = AXIS2_PLACEMENT_3D('',#12543,#12544,#12545);
#12543 = CARTESIAN_POINT('',(324.5,-324.5,645.));
#12544 = DIRECTION('',(1.,0.,0.));
#12545 = DIRECTION('',(0.,0.,1.));
#12546 = ADVANCED_FACE('',(#12547),#12558,.F.);
#12547 = FACE_BOUND('',#12548,.F.);
#12548 = EDGE_LOOP('',(#12549,#12550,#12556,#12557));
#12549 = ORIENTED_EDGE('',*,*,#12375,.F.);
#12550 = ORIENTED_EDGE('',*,*,#12551,.T.);
#12551 = EDGE_CURVE('',#12368,#12293,#12552,.T.);
#12552 = LINE('',#12553,#12554);
#12553 = CARTESIAN_POINT('',(-324.5,324.5,645.));
#12554 = VECTOR('',#12555,1.);
#12555 = DIRECTION('',(0.,0.,1.));
#12556 = ORIENTED_EDGE('',*,*,#12300,.T.);
#12557 = ORIENTED_EDGE('',*,*,#12535,.F.);
#12558 = PLANE('',#12559);
#12559 = AXIS2_PLACEMENT_3D('',#12560,#12561,#12562);
#12560 = CARTESIAN_POINT('',(-324.5,324.5,645.));
#12561 = DIRECTION('',(0.,1.,0.));
#12562 = DIRECTION('',(0.,0.,1.));
#12563 = ADVANCED_FACE('',(#12564),#12570,.T.);
#12564 = FACE_BOUND('',#12565,.T.);
#12565 = EDGE_LOOP('',(#12566,#12567,#12568,#12569));
#12566 = ORIENTED_EDGE('',*,*,#12506,.F.);
#12567 = ORIENTED_EDGE('',*,*,#12367,.T.);
#12568 = ORIENTED_EDGE('',*,*,#12551,.T.);
#12569 = ORIENTED_EDGE('',*,*,#12292,.F.);
#12570 = PLANE('',#12571);
#12571 = AXIS2_PLACEMENT_3D('',#12572,#12573,#12574);
#12572 = CARTESIAN_POINT('',(-324.5,-324.5,645.));
#12573 = DIRECTION('',(1.,0.,0.));
#12574 = DIRECTION('',(0.,0.,1.));
#12575 = MANIFOLD_SOLID_BREP('',#12576);
#12576 = CLOSED_SHELL('',(#12577,#12617,#12682,#12706,#12764,#12781,
    #12793,#12815,#12832,#12849));
#12577 = ADVANCED_FACE('',(#12578),#12612,.F.);
#12578 = FACE_BOUND('',#12579,.F.);
#12579 = EDGE_LOOP('',(#12580,#12590,#12598,#12606));
#12580 = ORIENTED_EDGE('',*,*,#12581,.F.);
#12581 = EDGE_CURVE('',#12582,#12584,#12586,.T.);
#12582 = VERTEX_POINT('',#12583);
#12583 = CARTESIAN_POINT('',(-337.5,-329.5,635.));
#12584 = VERTEX_POINT('',#12585);
#12585 = CARTESIAN_POINT('',(-337.5,-329.5,975.));
#12586 = LINE('',#12587,#12588);
#12587 = CARTESIAN_POINT('',(-337.5,-329.5,635.));
#12588 = VECTOR('',#12589,1.);
#12589 = DIRECTION('',(0.,0.,1.));
#12590 = ORIENTED_EDGE('',*,*,#12591,.T.);
#12591 = EDGE_CURVE('',#12582,#12592,#12594,.T.);
#12592 = VERTEX_POINT('',#12593);
#12593 = CARTESIAN_POINT('',(-337.5,-326.5,635.));
#12594 = LINE('',#12595,#12596);
#12595 = CARTESIAN_POINT('',(-337.5,-329.5,635.));
#12596 = VECTOR('',#12597,1.);
#12597 = DIRECTION('',(0.,1.,0.));
#12598 = ORIENTED_EDGE('',*,*,#12599,.T.);
#12599 = EDGE_CURVE('',#12592,#12600,#12602,.T.);
#12600 = VERTEX_POINT('',#12601);
#12601 = CARTESIAN_POINT('',(-337.5,-326.5,975.));
#12602 = LINE('',#12603,#12604);
#12603 = CARTESIAN_POINT('',(-337.5,-326.5,635.));
#12604 = VECTOR('',#12605,1.);
#12605 = DIRECTION('',(0.,0.,1.));
#12606 = ORIENTED_EDGE('',*,*,#12607,.F.);
#12607 = EDGE_CURVE('',#12584,#12600,#12608,.T.);
#12608 = LINE('',#12609,#12610);
#12609 = CARTESIAN_POINT('',(-337.5,-329.5,975.));
#12610 = VECTOR('',#12611,1.);
#12611 = DIRECTION('',(0.,1.,0.));
#12612 = PLANE('',#12613);
#12613 = AXIS2_PLACEMENT_3D('',#12614,#12615,#12616);
#12614 = CARTESIAN_POINT('',(-337.5,-329.5,635.));
#12615 = DIRECTION('',(1.,0.,0.));
#12616 = DIRECTION('',(0.,0.,1.));
#12617 = ADVANCED_FACE('',(#12618,#12643),#12677,.F.);
#12618 = FACE_BOUND('',#12619,.F.);
#12619 = EDGE_LOOP('',(#12620,#12628,#12629,#12637));
#12620 = ORIENTED_EDGE('',*,*,#12621,.F.);
#12621 = EDGE_CURVE('',#12582,#12622,#12624,.T.);
#12622 = VERTEX_POINT('',#12623);
#12623 = CARTESIAN_POINT('',(337.5,-329.5,635.));
#12624 = LINE('',#12625,#12626);
#12625 = CARTESIAN_POINT('',(-337.5,-329.5,635.));
#12626 = VECTOR('',#12627,1.);
#12627 = DIRECTION('',(1.,0.,0.));
#12628 = ORIENTED_EDGE('',*,*,#12581,.T.);
#12629 = ORIENTED_EDGE('',*,*,#12630,.T.);
#12630 = EDGE_CURVE('',#12584,#12631,#12633,.T.);
#12631 = VERTEX_POINT('',#12632);
#12632 = CARTESIAN_POINT('',(337.5,-329.5,975.));
#12633 = LINE('',#12634,#12635);
#12634 = CARTESIAN_POINT('',(-337.5,-329.5,975.));
#12635 = VECTOR('',#12636,1.);
#12636 = DIRECTION('',(1.,0.,0.));
#12637 = ORIENTED_EDGE('',*,*,#12638,.F.);
#12638 = EDGE_CURVE('',#12622,#12631,#12639,.T.);
#12639 = LINE('',#12640,#12641);
#12640 = CARTESIAN_POINT('',(337.5,-329.5,635.));
#12641 = VECTOR('',#12642,1.);
#12642 = DIRECTION('',(0.,0.,1.));
#12643 = FACE_BOUND('',#12644,.F.);
#12644 = EDGE_LOOP('',(#12645,#12655,#12663,#12671));
#12645 = ORIENTED_EDGE('',*,*,#12646,.F.);
#12646 = EDGE_CURVE('',#12647,#12649,#12651,.T.);
#12647 = VERTEX_POINT('',#12648);
#12648 = CARTESIAN_POINT('',(-322.5,-329.5,650.));
#12649 = VERTEX_POINT('',#12650);
#12650 = CARTESIAN_POINT('',(-322.5,-329.5,960.));
#12651 = LINE('',#12652,#12653);
#12652 = CARTESIAN_POINT('',(-322.5,-329.5,650.));
#12653 = VECTOR('',#12654,1.);
#12654 = DIRECTION('',(0.,0.,1.));
#12655 = ORIENTED_EDGE('',*,*,#12656,.T.);
#12656 = EDGE_CURVE('',#12647,#12657,#12659,.T.);
#12657 = VERTEX_POINT('',#12658);
#12658 = CARTESIAN_POINT('',(322.5,-329.5,650.));
#12659 = LINE('',#12660,#12661);
#12660 = CARTESIAN_POINT('',(-322.5,-329.5,650.));
#12661 = VECTOR('',#12662,1.);
#12662 = DIRECTION('',(1.,0.,0.));
#12663 = ORIENTED_EDGE('',*,*,#12664,.T.);
#12664 = EDGE_CURVE('',#12657,#12665,#12667,.T.);
#12665 = VERTEX_POINT('',#12666);
#12666 = CARTESIAN_POINT('',(322.5,-329.5,960.));
#12667 = LINE('',#12668,#12669);
#12668 = CARTESIAN_POINT('',(322.5,-329.5,650.));
#12669 = VECTOR('',#12670,1.);
#12670 = DIRECTION('',(0.,0.,1.));
#12671 = ORIENTED_EDGE('',*,*,#12672,.F.);
#12672 = EDGE_CURVE('',#12649,#12665,#12673,.T.);
#12673 = LINE('',#12674,#12675);
#12674 = CARTESIAN_POINT('',(-322.5,-329.5,960.));
#12675 = VECTOR('',#12676,1.);
#12676 = DIRECTION('',(1.,0.,0.));
#12677 = PLANE('',#12678);
#12678 = AXIS2_PLACEMENT_3D('',#12679,#12680,#12681);
#12679 = CARTESIAN_POINT('',(-337.5,-329.5,635.));
#12680 = DIRECTION('',(0.,1.,0.));
#12681 = DIRECTION('',(0.,0.,1.));
#12682 = ADVANCED_FACE('',(#12683),#12701,.T.);
#12683 = FACE_BOUND('',#12684,.T.);
#12684 = EDGE_LOOP('',(#12685,#12686,#12687,#12695));
#12685 = ORIENTED_EDGE('',*,*,#12607,.F.);
#12686 = ORIENTED_EDGE('',*,*,#12630,.T.);
#12687 = ORIENTED_EDGE('',*,*,#12688,.T.);
#12688 = EDGE_CURVE('',#12631,#12689,#12691,.T.);
#12689 = VERTEX_POINT('',#12690);
#12690 = CARTESIAN_POINT('',(337.5,-326.5,975.));
#12691 = LINE('',#12692,#12693);
#12692 = CARTESIAN_POINT('',(337.5,-329.5,975.));
#12693 = VECTOR('',#12694,1.);
#12694 = DIRECTION('',(0.,1.,0.));
#12695 = ORIENTED_EDGE('',*,*,#12696,.F.);
#12696 = EDGE_CURVE('',#12600,#12689,#12697,.T.);
#12697 = LINE('',#12698,#12699);
#12698 = CARTESIAN_POINT('',(-337.5,-326.5,975.));
#12699 = VECTOR('',#12700,1.);
#12700 = DIRECTION('',(1.,0.,0.));
#12701 = PLANE('',#12702);
#12702 = AXIS2_PLACEMENT_3D('',#12703,#12704,#12705);
#12703 = CARTESIAN_POINT('',(-337.5,-329.5,975.));
#12704 = DIRECTION('',(0.,0.,1.));
#12705 = DIRECTION('',(1.,0.,0.));
#12706 = ADVANCED_FACE('',(#12707,#12725),#12759,.T.);
#12707 = FACE_BOUND('',#12708,.T.);
#12708 = EDGE_LOOP('',(#12709,#12717,#12718,#12719));
#12709 = ORIENTED_EDGE('',*,*,#12710,.F.);
#12710 = EDGE_CURVE('',#12592,#12711,#12713,.T.);
#12711 = VERTEX_POINT('',#12712);
#12712 = CARTESIAN_POINT('',(337.5,-326.5,635.));
#12713 = LINE('',#12714,#12715);
#12714 = CARTESIAN_POINT('',(-337.5,-326.5,635.));
#12715 = VECTOR('',#12716,1.);
#12716 = DIRECTION('',(1.,0.,0.));
#12717 = ORIENTED_EDGE('',*,*,#12599,.T.);
#12718 = ORIENTED_EDGE('',*,*,#12696,.T.);
#12719 = ORIENTED_EDGE('',*,*,#12720,.F.);
#12720 = EDGE_CURVE('',#12711,#12689,#12721,.T.);
#12721 = LINE('',#12722,#12723);
#12722 = CARTESIAN_POINT('',(337.5,-326.5,635.));
#12723 = VECTOR('',#12724,1.);
#12724 = DIRECTION('',(0.,0.,1.));
#12725 = FACE_BOUND('',#12726,.T.);
#12726 = EDGE_LOOP('',(#12727,#12737,#12745,#12753));
#12727 = ORIENTED_EDGE('',*,*,#12728,.F.);
#12728 = EDGE_CURVE('',#12729,#12731,#12733,.T.);
#12729 = VERTEX_POINT('',#12730);
#12730 = CARTESIAN_POINT('',(-322.5,-326.5,650.));
#12731 = VERTEX_POINT('',#12732);
#12732 = CARTESIAN_POINT('',(-322.5,-326.5,960.));
#12733 = LINE('',#12734,#12735);
#12734 = CARTESIAN_POINT('',(-322.5,-326.5,650.));
#12735 = VECTOR('',#12736,1.);
#12736 = DIRECTION('',(0.,0.,1.));
#12737 = ORIENTED_EDGE('',*,*,#12738,.T.);
#12738 = EDGE_CURVE('',#12729,#12739,#12741,.T.);
#12739 = VERTEX_POINT('',#12740);
#12740 = CARTESIAN_POINT('',(322.5,-326.5,650.));
#12741 = LINE('',#12742,#12743);
#12742 = CARTESIAN_POINT('',(-322.5,-326.5,650.));
#12743 = VECTOR('',#12744,1.);
#12744 = DIRECTION('',(1.,0.,0.));
#12745 = ORIENTED_EDGE('',*,*,#12746,.T.);
#12746 = EDGE_CURVE('',#12739,#12747,#12749,.T.);
#12747 = VERTEX_POINT('',#12748);
#12748 = CARTESIAN_POINT('',(322.5,-326.5,960.));
#12749 = LINE('',#12750,#12751);
#12750 = CARTESIAN_POINT('',(322.5,-326.5,650.));
#12751 = VECTOR('',#12752,1.);
#12752 = DIRECTION('',(0.,0.,1.));
#12753 = ORIENTED_EDGE('',*,*,#12754,.F.);
#12754 = EDGE_CURVE('',#12731,#12747,#12755,.T.);
#12755 = LINE('',#12756,#12757);
#12756 = CARTESIAN_POINT('',(-322.5,-326.5,960.));
#12757 = VECTOR('',#12758,1.);
#12758 = DIRECTION('',(1.,0.,0.));
#12759 = PLANE('',#12760);
#12760 = AXIS2_PLACEMENT_3D('',#12761,#12762,#12763);
#12761 = CARTESIAN_POINT('',(-337.5,-326.5,635.));
#12762 = DIRECTION('',(0.,1.,0.));
#12763 = DIRECTION('',(0.,0.,1.));
#12764 = ADVANCED_FACE('',(#12765),#12776,.F.);
#12765 = FACE_BOUND('',#12766,.F.);
#12766 = EDGE_LOOP('',(#12767,#12768,#12769,#12775));
#12767 = ORIENTED_EDGE('',*,*,#12591,.F.);
#12768 = ORIENTED_EDGE('',*,*,#12621,.T.);
#12769 = ORIENTED_EDGE('',*,*,#12770,.T.);
#12770 = EDGE_CURVE('',#12622,#12711,#12771,.T.);
#12771 = LINE('',#12772,#12773);
#12772 = CARTESIAN_POINT('',(337.5,-329.5,635.));
#12773 = VECTOR('',#12774,1.);
#12774 = DIRECTION('',(0.,1.,0.));
#12775 = ORIENTED_EDGE('',*,*,#12710,.F.);
#12776 = PLANE('',#12777);
#12777 = AXIS2_PLACEMENT_3D('',#12778,#12779,#12780);
#12778 = CARTESIAN_POINT('',(-337.5,-329.5,635.));
#12779 = DIRECTION('',(0.,0.,1.));
#12780 = DIRECTION('',(1.,0.,0.));
#12781 = ADVANCED_FACE('',(#12782),#12788,.T.);
#12782 = FACE_BOUND('',#12783,.T.);
#12783 = EDGE_LOOP('',(#12784,#12785,#12786,#12787));
#12784 = ORIENTED_EDGE('',*,*,#12638,.F.);
#12785 = ORIENTED_EDGE('',*,*,#12770,.T.);
#12786 = ORIENTED_EDGE('',*,*,#12720,.T.);
#12787 = ORIENTED_EDGE('',*,*,#12688,.F.);
#12788 = PLANE('',#12789);
#12789 = AXIS2_PLACEMENT_3D('',#12790,#12791,#12792);
#12790 = CARTESIAN_POINT('',(337.5,-329.5,635.));
#12791 = DIRECTION('',(1.,0.,0.));
#12792 = DIRECTION('',(0.,0.,1.));
#12793 = ADVANCED_FACE('',(#12794),#12810,.T.);
#12794 = FACE_BOUND('',#12795,.T.);
#12795 = EDGE_LOOP('',(#12796,#12797,#12803,#12804));
#12796 = ORIENTED_EDGE('',*,*,#12646,.F.);
#12797 = ORIENTED_EDGE('',*,*,#12798,.T.);
#12798 = EDGE_CURVE('',#12647,#12729,#12799,.T.);
#12799 = LINE('',#12800,#12801);
#12800 = CARTESIAN_POINT('',(-322.5,-329.5,650.));
#12801 = VECTOR('',#12802,1.);
#12802 = DIRECTION('',(0.,1.,0.));
#12803 = ORIENTED_EDGE('',*,*,#12728,.T.);
#12804 = ORIENTED_EDGE('',*,*,#12805,.F.);
#12805 = EDGE_CURVE('',#12649,#12731,#12806,.T.);
#12806 = LINE('',#12807,#12808);
#12807 = CARTESIAN_POINT('',(-322.5,-329.5,960.));
#12808 = VECTOR('',#12809,1.);
#12809 = DIRECTION('',(0.,1.,0.));
#12810 = PLANE('',#12811);
#12811 = AXIS2_PLACEMENT_3D('',#12812,#12813,#12814);
#12812 = CARTESIAN_POINT('',(-322.5,-329.5,650.));
#12813 = DIRECTION('',(1.,0.,0.));
#12814 = DIRECTION('',(0.,0.,1.));
#12815 = ADVANCED_FACE('',(#12816),#12827,.F.);
#12816 = FACE_BOUND('',#12817,.F.);
#12817 = EDGE_LOOP('',(#12818,#12819,#12820,#12826));
#12818 = ORIENTED_EDGE('',*,*,#12805,.F.);
#12819 = ORIENTED_EDGE('',*,*,#12672,.T.);
#12820 = ORIENTED_EDGE('',*,*,#12821,.T.);
#12821 = EDGE_CURVE('',#12665,#12747,#12822,.T.);
#12822 = LINE('',#12823,#12824);
#12823 = CARTESIAN_POINT('',(322.5,-329.5,960.));
#12824 = VECTOR('',#12825,1.);
#12825 = DIRECTION('',(0.,1.,0.));
#12826 = ORIENTED_EDGE('',*,*,#12754,.F.);
#12827 = PLANE('',#12828);
#12828 = AXIS2_PLACEMENT_3D('',#12829,#12830,#12831);
#12829 = CARTESIAN_POINT('',(-322.5,-329.5,960.));
#12830 = DIRECTION('',(0.,0.,1.));
#12831 = DIRECTION('',(1.,0.,0.));
#12832 = ADVANCED_FACE('',(#12833),#12844,.F.);
#12833 = FACE_BOUND('',#12834,.F.);
#12834 = EDGE_LOOP('',(#12835,#12836,#12842,#12843));
#12835 = ORIENTED_EDGE('',*,*,#12664,.F.);
#12836 = ORIENTED_EDGE('',*,*,#12837,.T.);
#12837 = EDGE_CURVE('',#12657,#12739,#12838,.T.);
#12838 = LINE('',#12839,#12840);
#12839 = CARTESIAN_POINT('',(322.5,-329.5,650.));
#12840 = VECTOR('',#12841,1.);
#12841 = DIRECTION('',(0.,1.,0.));
#12842 = ORIENTED_EDGE('',*,*,#12746,.T.);
#12843 = ORIENTED_EDGE('',*,*,#12821,.F.);
#12844 = PLANE('',#12845);
#12845 = AXIS2_PLACEMENT_3D('',#12846,#12847,#12848);
#12846 = CARTESIAN_POINT('',(322.5,-329.5,650.));
#12847 = DIRECTION('',(1.,0.,0.));
#12848 = DIRECTION('',(0.,0.,1.));
#12849 = ADVANCED_FACE('',(#12850),#12856,.T.);
#12850 = FACE_BOUND('',#12851,.T.);
#12851 = EDGE_LOOP('',(#12852,#12853,#12854,#12855));
#12852 = ORIENTED_EDGE('',*,*,#12798,.F.);
#12853 = ORIENTED_EDGE('',*,*,#12656,.T.);
#12854 = ORIENTED_EDGE('',*,*,#12837,.T.);
#12855 = ORIENTED_EDGE('',*,*,#12738,.F.);
#12856 = PLANE('',#12857);
#12857 = AXIS2_PLACEMENT_3D('',#12858,#12859,#12860);
#12858 = CARTESIAN_POINT('',(-322.5,-329.5,650.));
#12859 = DIRECTION('',(0.,0.,1.));
#12860 = DIRECTION('',(1.,0.,0.));
#12861 = MANIFOLD_SOLID_BREP('',#12862);
#12862 = CLOSED_SHELL('',(#12863,#12903,#12968,#12992,#13050,#13067,
    #13079,#13101,#13118,#13135));
#12863 = ADVANCED_FACE('',(#12864),#12898,.F.);
#12864 = FACE_BOUND('',#12865,.F.);
#12865 = EDGE_LOOP('',(#12866,#12876,#12884,#12892));
#12866 = ORIENTED_EDGE('',*,*,#12867,.F.);
#12867 = EDGE_CURVE('',#12868,#12870,#12872,.T.);
#12868 = VERTEX_POINT('',#12869);
#12869 = CARTESIAN_POINT('',(-332.5,-332.5,640.));
#12870 = VERTEX_POINT('',#12871);
#12871 = CARTESIAN_POINT('',(-332.5,-332.5,970.));
#12872 = LINE('',#12873,#12874);
#12873 = CARTESIAN_POINT('',(-332.5,-332.5,640.));
#12874 = VECTOR('',#12875,1.);
#12875 = DIRECTION('',(0.,0.,1.));
#12876 = ORIENTED_EDGE('',*,*,#12877,.T.);
#12877 = EDGE_CURVE('',#12868,#12878,#12880,.T.);
#12878 = VERTEX_POINT('',#12879);
#12879 = CARTESIAN_POINT('',(-332.5,-329.5,640.));
#12880 = LINE('',#12881,#12882);
#12881 = CARTESIAN_POINT('',(-332.5,-332.5,640.));
#12882 = VECTOR('',#12883,1.);
#12883 = DIRECTION('',(0.,1.,0.));
#12884 = ORIENTED_EDGE('',*,*,#12885,.T.);
#12885 = EDGE_CURVE('',#12878,#12886,#12888,.T.);
#12886 = VERTEX_POINT('',#12887);
#12887 = CARTESIAN_POINT('',(-332.5,-329.5,970.));
#12888 = LINE('',#12889,#12890);
#12889 = CARTESIAN_POINT('',(-332.5,-329.5,640.));
#12890 = VECTOR('',#12891,1.);
#12891 = DIRECTION('',(0.,0.,1.));
#12892 = ORIENTED_EDGE('',*,*,#12893,.F.);
#12893 = EDGE_CURVE('',#12870,#12886,#12894,.T.);
#12894 = LINE('',#12895,#12896);
#12895 = CARTESIAN_POINT('',(-332.5,-332.5,970.));
#12896 = VECTOR('',#12897,1.);
#12897 = DIRECTION('',(0.,1.,0.));
#12898 = PLANE('',#12899);
#12899 = AXIS2_PLACEMENT_3D('',#12900,#12901,#12902);
#12900 = CARTESIAN_POINT('',(-332.5,-332.5,640.));
#12901 = DIRECTION('',(1.,0.,0.));
#12902 = DIRECTION('',(0.,0.,1.));
#12903 = ADVANCED_FACE('',(#12904,#12929),#12963,.F.);
#12904 = FACE_BOUND('',#12905,.F.);
#12905 = EDGE_LOOP('',(#12906,#12914,#12915,#12923));
#12906 = ORIENTED_EDGE('',*,*,#12907,.F.);
#12907 = EDGE_CURVE('',#12868,#12908,#12910,.T.);
#12908 = VERTEX_POINT('',#12909);
#12909 = CARTESIAN_POINT('',(332.5,-332.5,640.));
#12910 = LINE('',#12911,#12912);
#12911 = CARTESIAN_POINT('',(-332.5,-332.5,640.));
#12912 = VECTOR('',#12913,1.);
#12913 = DIRECTION('',(1.,0.,0.));
#12914 = ORIENTED_EDGE('',*,*,#12867,.T.);
#12915 = ORIENTED_EDGE('',*,*,#12916,.T.);
#12916 = EDGE_CURVE('',#12870,#12917,#12919,.T.);
#12917 = VERTEX_POINT('',#12918);
#12918 = CARTESIAN_POINT('',(332.5,-332.5,970.));
#12919 = LINE('',#12920,#12921);
#12920 = CARTESIAN_POINT('',(-332.5,-332.5,970.));
#12921 = VECTOR('',#12922,1.);
#12922 = DIRECTION('',(1.,0.,0.));
#12923 = ORIENTED_EDGE('',*,*,#12924,.F.);
#12924 = EDGE_CURVE('',#12908,#12917,#12925,.T.);
#12925 = LINE('',#12926,#12927);
#12926 = CARTESIAN_POINT('',(332.5,-332.5,640.));
#12927 = VECTOR('',#12928,1.);
#12928 = DIRECTION('',(0.,0.,1.));
#12929 = FACE_BOUND('',#12930,.F.);
#12930 = EDGE_LOOP('',(#12931,#12941,#12949,#12957));
#12931 = ORIENTED_EDGE('',*,*,#12932,.F.);
#12932 = EDGE_CURVE('',#12933,#12935,#12937,.T.);
#12933 = VERTEX_POINT('',#12934);
#12934 = CARTESIAN_POINT('',(-322.5,-332.5,650.));
#12935 = VERTEX_POINT('',#12936);
#12936 = CARTESIAN_POINT('',(-322.5,-332.5,960.));
#12937 = LINE('',#12938,#12939);
#12938 = CARTESIAN_POINT('',(-322.5,-332.5,650.));
#12939 = VECTOR('',#12940,1.);
#12940 = DIRECTION('',(0.,0.,1.));
#12941 = ORIENTED_EDGE('',*,*,#12942,.T.);
#12942 = EDGE_CURVE('',#12933,#12943,#12945,.T.);
#12943 = VERTEX_POINT('',#12944);
#12944 = CARTESIAN_POINT('',(322.5,-332.5,650.));
#12945 = LINE('',#12946,#12947);
#12946 = CARTESIAN_POINT('',(-322.5,-332.5,650.));
#12947 = VECTOR('',#12948,1.);
#12948 = DIRECTION('',(1.,0.,0.));
#12949 = ORIENTED_EDGE('',*,*,#12950,.T.);
#12950 = EDGE_CURVE('',#12943,#12951,#12953,.T.);
#12951 = VERTEX_POINT('',#12952);
#12952 = CARTESIAN_POINT('',(322.5,-332.5,960.));
#12953 = LINE('',#12954,#12955);
#12954 = CARTESIAN_POINT('',(322.5,-332.5,650.));
#12955 = VECTOR('',#12956,1.);
#12956 = DIRECTION('',(0.,0.,1.));
#12957 = ORIENTED_EDGE('',*,*,#12958,.F.);
#12958 = EDGE_CURVE('',#12935,#12951,#12959,.T.);
#12959 = LINE('',#12960,#12961);
#12960 = CARTESIAN_POINT('',(-322.5,-332.5,960.));
#12961 = VECTOR('',#12962,1.);
#12962 = DIRECTION('',(1.,0.,0.));
#12963 = PLANE('',#12964);
#12964 = AXIS2_PLACEMENT_3D('',#12965,#12966,#12967);
#12965 = CARTESIAN_POINT('',(-332.5,-332.5,640.));
#12966 = DIRECTION('',(0.,1.,0.));
#12967 = DIRECTION('',(0.,0.,1.));
#12968 = ADVANCED_FACE('',(#12969),#12987,.T.);
#12969 = FACE_BOUND('',#12970,.T.);
#12970 = EDGE_LOOP('',(#12971,#12972,#12973,#12981));
#12971 = ORIENTED_EDGE('',*,*,#12893,.F.);
#12972 = ORIENTED_EDGE('',*,*,#12916,.T.);
#12973 = ORIENTED_EDGE('',*,*,#12974,.T.);
#12974 = EDGE_CURVE('',#12917,#12975,#12977,.T.);
#12975 = VERTEX_POINT('',#12976);
#12976 = CARTESIAN_POINT('',(332.5,-329.5,970.));
#12977 = LINE('',#12978,#12979);
#12978 = CARTESIAN_POINT('',(332.5,-332.5,970.));
#12979 = VECTOR('',#12980,1.);
#12980 = DIRECTION('',(0.,1.,0.));
#12981 = ORIENTED_EDGE('',*,*,#12982,.F.);
#12982 = EDGE_CURVE('',#12886,#12975,#12983,.T.);
#12983 = LINE('',#12984,#12985);
#12984 = CARTESIAN_POINT('',(-332.5,-329.5,970.));
#12985 = VECTOR('',#12986,1.);
#12986 = DIRECTION('',(1.,0.,0.));
#12987 = PLANE('',#12988);
#12988 = AXIS2_PLACEMENT_3D('',#12989,#12990,#12991);
#12989 = CARTESIAN_POINT('',(-332.5,-332.5,970.));
#12990 = DIRECTION('',(0.,0.,1.));
#12991 = DIRECTION('',(1.,0.,0.));
#12992 = ADVANCED_FACE('',(#12993,#13011),#13045,.T.);
#12993 = FACE_BOUND('',#12994,.T.);
#12994 = EDGE_LOOP('',(#12995,#13003,#13004,#13005));
#12995 = ORIENTED_EDGE('',*,*,#12996,.F.);
#12996 = EDGE_CURVE('',#12878,#12997,#12999,.T.);
#12997 = VERTEX_POINT('',#12998);
#12998 = CARTESIAN_POINT('',(332.5,-329.5,640.));
#12999 = LINE('',#13000,#13001);
#13000 = CARTESIAN_POINT('',(-332.5,-329.5,640.));
#13001 = VECTOR('',#13002,1.);
#13002 = DIRECTION('',(1.,0.,0.));
#13003 = ORIENTED_EDGE('',*,*,#12885,.T.);
#13004 = ORIENTED_EDGE('',*,*,#12982,.T.);
#13005 = ORIENTED_EDGE('',*,*,#13006,.F.);
#13006 = EDGE_CURVE('',#12997,#12975,#13007,.T.);
#13007 = LINE('',#13008,#13009);
#13008 = CARTESIAN_POINT('',(332.5,-329.5,640.));
#13009 = VECTOR('',#13010,1.);
#13010 = DIRECTION('',(0.,0.,1.));
#13011 = FACE_BOUND('',#13012,.T.);
#13012 = EDGE_LOOP('',(#13013,#13023,#13031,#13039));
#13013 = ORIENTED_EDGE('',*,*,#13014,.F.);
#13014 = EDGE_CURVE('',#13015,#13017,#13019,.T.);
#13015 = VERTEX_POINT('',#13016);
#13016 = CARTESIAN_POINT('',(-322.5,-329.5,650.));
#13017 = VERTEX_POINT('',#13018);
#13018 = CARTESIAN_POINT('',(-322.5,-329.5,960.));
#13019 = LINE('',#13020,#13021);
#13020 = CARTESIAN_POINT('',(-322.5,-329.5,650.));
#13021 = VECTOR('',#13022,1.);
#13022 = DIRECTION('',(0.,0.,1.));
#13023 = ORIENTED_EDGE('',*,*,#13024,.T.);
#13024 = EDGE_CURVE('',#13015,#13025,#13027,.T.);
#13025 = VERTEX_POINT('',#13026);
#13026 = CARTESIAN_POINT('',(322.5,-329.5,650.));
#13027 = LINE('',#13028,#13029);
#13028 = CARTESIAN_POINT('',(-322.5,-329.5,650.));
#13029 = VECTOR('',#13030,1.);
#13030 = DIRECTION('',(1.,0.,0.));
#13031 = ORIENTED_EDGE('',*,*,#13032,.T.);
#13032 = EDGE_CURVE('',#13025,#13033,#13035,.T.);
#13033 = VERTEX_POINT('',#13034);
#13034 = CARTESIAN_POINT('',(322.5,-329.5,960.));
#13035 = LINE('',#13036,#13037);
#13036 = CARTESIAN_POINT('',(322.5,-329.5,650.));
#13037 = VECTOR('',#13038,1.);
#13038 = DIRECTION('',(0.,0.,1.));
#13039 = ORIENTED_EDGE('',*,*,#13040,.F.);
#13040 = EDGE_CURVE('',#13017,#13033,#13041,.T.);
#13041 = LINE('',#13042,#13043);
#13042 = CARTESIAN_POINT('',(-322.5,-329.5,960.));
#13043 = VECTOR('',#13044,1.);
#13044 = DIRECTION('',(1.,0.,0.));
#13045 = PLANE('',#13046);
#13046 = AXIS2_PLACEMENT_3D('',#13047,#13048,#13049);
#13047 = CARTESIAN_POINT('',(-332.5,-329.5,640.));
#13048 = DIRECTION('',(0.,1.,0.));
#13049 = DIRECTION('',(0.,0.,1.));
#13050 = ADVANCED_FACE('',(#13051),#13062,.F.);
#13051 = FACE_BOUND('',#13052,.F.);
#13052 = EDGE_LOOP('',(#13053,#13054,#13055,#13061));
#13053 = ORIENTED_EDGE('',*,*,#12877,.F.);
#13054 = ORIENTED_EDGE('',*,*,#12907,.T.);
#13055 = ORIENTED_EDGE('',*,*,#13056,.T.);
#13056 = EDGE_CURVE('',#12908,#12997,#13057,.T.);
#13057 = LINE('',#13058,#13059);
#13058 = CARTESIAN_POINT('',(332.5,-332.5,640.));
#13059 = VECTOR('',#13060,1.);
#13060 = DIRECTION('',(0.,1.,0.));
#13061 = ORIENTED_EDGE('',*,*,#12996,.F.);
#13062 = PLANE('',#13063);
#13063 = AXIS2_PLACEMENT_3D('',#13064,#13065,#13066);
#13064 = CARTESIAN_POINT('',(-332.5,-332.5,640.));
#13065 = DIRECTION('',(0.,0.,1.));
#13066 = DIRECTION('',(1.,0.,0.));
#13067 = ADVANCED_FACE('',(#13068),#13074,.T.);
#13068 = FACE_BOUND('',#13069,.T.);
#13069 = EDGE_LOOP('',(#13070,#13071,#13072,#13073));
#13070 = ORIENTED_EDGE('',*,*,#12924,.F.);
#13071 = ORIENTED_EDGE('',*,*,#13056,.T.);
#13072 = ORIENTED_EDGE('',*,*,#13006,.T.);
#13073 = ORIENTED_EDGE('',*,*,#12974,.F.);
#13074 = PLANE('',#13075);
#13075 = AXIS2_PLACEMENT_3D('',#13076,#13077,#13078);
#13076 = CARTESIAN_POINT('',(332.5,-332.5,640.));
#13077 = DIRECTION('',(1.,0.,0.));
#13078 = DIRECTION('',(0.,0.,1.));
#13079 = ADVANCED_FACE('',(#13080),#13096,.T.);
#13080 = FACE_BOUND('',#13081,.T.);
#13081 = EDGE_LOOP('',(#13082,#13083,#13089,#13090));
#13082 = ORIENTED_EDGE('',*,*,#12932,.F.);
#13083 = ORIENTED_EDGE('',*,*,#13084,.T.);
#13084 = EDGE_CURVE('',#12933,#13015,#13085,.T.);
#13085 = LINE('',#13086,#13087);
#13086 = CARTESIAN_POINT('',(-322.5,-332.5,650.));
#13087 = VECTOR('',#13088,1.);
#13088 = DIRECTION('',(0.,1.,0.));
#13089 = ORIENTED_EDGE('',*,*,#13014,.T.);
#13090 = ORIENTED_EDGE('',*,*,#13091,.F.);
#13091 = EDGE_CURVE('',#12935,#13017,#13092,.T.);
#13092 = LINE('',#13093,#13094);
#13093 = CARTESIAN_POINT('',(-322.5,-332.5,960.));
#13094 = VECTOR('',#13095,1.);
#13095 = DIRECTION('',(0.,1.,0.));
#13096 = PLANE('',#13097);
#13097 = AXIS2_PLACEMENT_3D('',#13098,#13099,#13100);
#13098 = CARTESIAN_POINT('',(-322.5,-332.5,650.));
#13099 = DIRECTION('',(1.,0.,0.));
#13100 = DIRECTION('',(0.,0.,1.));
#13101 = ADVANCED_FACE('',(#13102),#13113,.F.);
#13102 = FACE_BOUND('',#13103,.F.);
#13103 = EDGE_LOOP('',(#13104,#13105,#13106,#13112));
#13104 = ORIENTED_EDGE('',*,*,#13091,.F.);
#13105 = ORIENTED_EDGE('',*,*,#12958,.T.);
#13106 = ORIENTED_EDGE('',*,*,#13107,.T.);
#13107 = EDGE_CURVE('',#12951,#13033,#13108,.T.);
#13108 = LINE('',#13109,#13110);
#13109 = CARTESIAN_POINT('',(322.5,-332.5,960.));
#13110 = VECTOR('',#13111,1.);
#13111 = DIRECTION('',(0.,1.,0.));
#13112 = ORIENTED_EDGE('',*,*,#13040,.F.);
#13113 = PLANE('',#13114);
#13114 = AXIS2_PLACEMENT_3D('',#13115,#13116,#13117);
#13115 = CARTESIAN_POINT('',(-322.5,-332.5,960.));
#13116 = DIRECTION('',(0.,0.,1.));
#13117 = DIRECTION('',(1.,0.,0.));
#13118 = ADVANCED_FACE('',(#13119),#13130,.F.);
#13119 = FACE_BOUND('',#13120,.F.);
#13120 = EDGE_LOOP('',(#13121,#13122,#13128,#13129));
#13121 = ORIENTED_EDGE('',*,*,#12950,.F.);
#13122 = ORIENTED_EDGE('',*,*,#13123,.T.);
#13123 = EDGE_CURVE('',#12943,#13025,#13124,.T.);
#13124 = LINE('',#13125,#13126);
#13125 = CARTESIAN_POINT('',(322.5,-332.5,650.));
#13126 = VECTOR('',#13127,1.);
#13127 = DIRECTION('',(0.,1.,0.));
#13128 = ORIENTED_EDGE('',*,*,#13032,.T.);
#13129 = ORIENTED_EDGE('',*,*,#13107,.F.);
#13130 = PLANE('',#13131);
#13131 = AXIS2_PLACEMENT_3D('',#13132,#13133,#13134);
#13132 = CARTESIAN_POINT('',(322.5,-332.5,650.));
#13133 = DIRECTION('',(1.,0.,0.));
#13134 = DIRECTION('',(0.,0.,1.));
#13135 = ADVANCED_FACE('',(#13136),#13142,.T.);
#13136 = FACE_BOUND('',#13137,.T.);
#13137 = EDGE_LOOP('',(#13138,#13139,#13140,#13141));
#13138 = ORIENTED_EDGE('',*,*,#13084,.F.);
#13139 = ORIENTED_EDGE('',*,*,#12942,.T.);
#13140 = ORIENTED_EDGE('',*,*,#13123,.T.);
#13141 = ORIENTED_EDGE('',*,*,#13024,.F.);
#13142 = PLANE('',#13143);
#13143 = AXIS2_PLACEMENT_3D('',#13144,#13145,#13146);
#13144 = CARTESIAN_POINT('',(-322.5,-332.5,650.));
#13145 = DIRECTION('',(0.,0.,1.));
#13146 = DIRECTION('',(1.,0.,0.));
#13147 = MANIFOLD_SOLID_BREP('',#13148);
#13148 = CLOSED_SHELL('',(#13149,#13189,#13229,#13251,#13273,#13285));
#13149 = ADVANCED_FACE('',(#13150),#13184,.F.);
#13150 = FACE_BOUND('',#13151,.F.);
#13151 = EDGE_LOOP('',(#13152,#13162,#13170,#13178));
#13152 = ORIENTED_EDGE('',*,*,#13153,.F.);
#13153 = EDGE_CURVE('',#13154,#13156,#13158,.T.);
#13154 = VERTEX_POINT('',#13155);
#13155 = CARTESIAN_POINT('',(-337.5,-334.5,635.));
#13156 = VERTEX_POINT('',#13157);
#13157 = CARTESIAN_POINT('',(-337.5,-334.5,975.));
#13158 = LINE('',#13159,#13160);
#13159 = CARTESIAN_POINT('',(-337.5,-334.5,635.));
#13160 = VECTOR('',#13161,1.);
#13161 = DIRECTION('',(0.,0.,1.));
#13162 = ORIENTED_EDGE('',*,*,#13163,.T.);
#13163 = EDGE_CURVE('',#13154,#13164,#13166,.T.);
#13164 = VERTEX_POINT('',#13165);
#13165 = CARTESIAN_POINT('',(-337.5,-332.5,635.));
#13166 = LINE('',#13167,#13168);
#13167 = CARTESIAN_POINT('',(-337.5,-334.5,635.));
#13168 = VECTOR('',#13169,1.);
#13169 = DIRECTION('',(0.,1.,0.));
#13170 = ORIENTED_EDGE('',*,*,#13171,.T.);
#13171 = EDGE_CURVE('',#13164,#13172,#13174,.T.);
#13172 = VERTEX_POINT('',#13173);
#13173 = CARTESIAN_POINT('',(-337.5,-332.5,975.));
#13174 = LINE('',#13175,#13176);
#13175 = CARTESIAN_POINT('',(-337.5,-332.5,635.));
#13176 = VECTOR('',#13177,1.);
#13177 = DIRECTION('',(0.,0.,1.));
#13178 = ORIENTED_EDGE('',*,*,#13179,.F.);
#13179 = EDGE_CURVE('',#13156,#13172,#13180,.T.);
#13180 = LINE('',#13181,#13182);
#13181 = CARTESIAN_POINT('',(-337.5,-334.5,975.));
#13182 = VECTOR('',#13183,1.);
#13183 = DIRECTION('',(0.,1.,0.));
#13184 = PLANE('',#13185);
#13185 = AXIS2_PLACEMENT_3D('',#13186,#13187,#13188);
#13186 = CARTESIAN_POINT('',(-337.5,-334.5,635.));
#13187 = DIRECTION('',(1.,0.,0.));
#13188 = DIRECTION('',(0.,0.,1.));
#13189 = ADVANCED_FACE('',(#13190),#13224,.T.);
#13190 = FACE_BOUND('',#13191,.T.);
#13191 = EDGE_LOOP('',(#13192,#13202,#13210,#13218));
#13192 = ORIENTED_EDGE('',*,*,#13193,.F.);
#13193 = EDGE_CURVE('',#13194,#13196,#13198,.T.);
#13194 = VERTEX_POINT('',#13195);
#13195 = CARTESIAN_POINT('',(337.5,-334.5,635.));
#13196 = VERTEX_POINT('',#13197);
#13197 = CARTESIAN_POINT('',(337.5,-334.5,975.));
#13198 = LINE('',#13199,#13200);
#13199 = CARTESIAN_POINT('',(337.5,-334.5,635.));
#13200 = VECTOR('',#13201,1.);
#13201 = DIRECTION('',(0.,0.,1.));
#13202 = ORIENTED_EDGE('',*,*,#13203,.T.);
#13203 = EDGE_CURVE('',#13194,#13204,#13206,.T.);
#13204 = VERTEX_POINT('',#13205);
#13205 = CARTESIAN_POINT('',(337.5,-332.5,635.));
#13206 = LINE('',#13207,#13208);
#13207 = CARTESIAN_POINT('',(337.5,-334.5,635.));
#13208 = VECTOR('',#13209,1.);
#13209 = DIRECTION('',(0.,1.,0.));
#13210 = ORIENTED_EDGE('',*,*,#13211,.T.);
#13211 = EDGE_CURVE('',#13204,#13212,#13214,.T.);
#13212 = VERTEX_POINT('',#13213);
#13213 = CARTESIAN_POINT('',(337.5,-332.5,975.));
#13214 = LINE('',#13215,#13216);
#13215 = CARTESIAN_POINT('',(337.5,-332.5,635.));
#13216 = VECTOR('',#13217,1.);
#13217 = DIRECTION('',(0.,0.,1.));
#13218 = ORIENTED_EDGE('',*,*,#13219,.F.);
#13219 = EDGE_CURVE('',#13196,#13212,#13220,.T.);
#13220 = LINE('',#13221,#13222);
#13221 = CARTESIAN_POINT('',(337.5,-334.5,975.));
#13222 = VECTOR('',#13223,1.);
#13223 = DIRECTION('',(0.,1.,0.));
#13224 = PLANE('',#13225);
#13225 = AXIS2_PLACEMENT_3D('',#13226,#13227,#13228);
#13226 = CARTESIAN_POINT('',(337.5,-334.5,635.));
#13227 = DIRECTION('',(1.,0.,0.));
#13228 = DIRECTION('',(0.,0.,1.));
#13229 = ADVANCED_FACE('',(#13230),#13246,.F.);
#13230 = FACE_BOUND('',#13231,.F.);
#13231 = EDGE_LOOP('',(#13232,#13238,#13239,#13245));
#13232 = ORIENTED_EDGE('',*,*,#13233,.F.);
#13233 = EDGE_CURVE('',#13154,#13194,#13234,.T.);
#13234 = LINE('',#13235,#13236);
#13235 = CARTESIAN_POINT('',(-337.5,-334.5,635.));
#13236 = VECTOR('',#13237,1.);
#13237 = DIRECTION('',(1.,0.,0.));
#13238 = ORIENTED_EDGE('',*,*,#13153,.T.);
#13239 = ORIENTED_EDGE('',*,*,#13240,.T.);
#13240 = EDGE_CURVE('',#13156,#13196,#13241,.T.);
#13241 = LINE('',#13242,#13243);
#13242 = CARTESIAN_POINT('',(-337.5,-334.5,975.));
#13243 = VECTOR('',#13244,1.);
#13244 = DIRECTION('',(1.,0.,0.));
#13245 = ORIENTED_EDGE('',*,*,#13193,.F.);
#13246 = PLANE('',#13247);
#13247 = AXIS2_PLACEMENT_3D('',#13248,#13249,#13250);
#13248 = CARTESIAN_POINT('',(-337.5,-334.5,635.));
#13249 = DIRECTION('',(0.,1.,0.));
#13250 = DIRECTION('',(0.,0.,1.));
#13251 = ADVANCED_FACE('',(#13252),#13268,.T.);
#13252 = FACE_BOUND('',#13253,.T.);
#13253 = EDGE_LOOP('',(#13254,#13260,#13261,#13267));
#13254 = ORIENTED_EDGE('',*,*,#13255,.F.);
#13255 = EDGE_CURVE('',#13164,#13204,#13256,.T.);
#13256 = LINE('',#13257,#13258);
#13257 = CARTESIAN_POINT('',(-337.5,-332.5,635.));
#13258 = VECTOR('',#13259,1.);
#13259 = DIRECTION('',(1.,0.,0.));
#13260 = ORIENTED_EDGE('',*,*,#13171,.T.);
#13261 = ORIENTED_EDGE('',*,*,#13262,.T.);
#13262 = EDGE_CURVE('',#13172,#13212,#13263,.T.);
#13263 = LINE('',#13264,#13265);
#13264 = CARTESIAN_POINT('',(-337.5,-332.5,975.));
#13265 = VECTOR('',#13266,1.);
#13266 = DIRECTION('',(1.,0.,0.));
#13267 = ORIENTED_EDGE('',*,*,#13211,.F.);
#13268 = PLANE('',#13269);
#13269 = AXIS2_PLACEMENT_3D('',#13270,#13271,#13272);
#13270 = CARTESIAN_POINT('',(-337.5,-332.5,635.));
#13271 = DIRECTION('',(0.,1.,0.));
#13272 = DIRECTION('',(0.,0.,1.));
#13273 = ADVANCED_FACE('',(#13274),#13280,.F.);
#13274 = FACE_BOUND('',#13275,.F.);
#13275 = EDGE_LOOP('',(#13276,#13277,#13278,#13279));
#13276 = ORIENTED_EDGE('',*,*,#13163,.F.);
#13277 = ORIENTED_EDGE('',*,*,#13233,.T.);
#13278 = ORIENTED_EDGE('',*,*,#13203,.T.);
#13279 = ORIENTED_EDGE('',*,*,#13255,.F.);
#13280 = PLANE('',#13281);
#13281 = AXIS2_PLACEMENT_3D('',#13282,#13283,#13284);
#13282 = CARTESIAN_POINT('',(-337.5,-334.5,635.));
#13283 = DIRECTION('',(0.,0.,1.));
#13284 = DIRECTION('',(1.,0.,0.));
#13285 = ADVANCED_FACE('',(#13286),#13292,.T.);
#13286 = FACE_BOUND('',#13287,.T.);
#13287 = EDGE_LOOP('',(#13288,#13289,#13290,#13291));
#13288 = ORIENTED_EDGE('',*,*,#13179,.F.);
#13289 = ORIENTED_EDGE('',*,*,#13240,.T.);
#13290 = ORIENTED_EDGE('',*,*,#13219,.T.);
#13291 = ORIENTED_EDGE('',*,*,#13262,.F.);
#13292 = PLANE('',#13293);
#13293 = AXIS2_PLACEMENT_3D('',#13294,#13295,#13296);
#13294 = CARTESIAN_POINT('',(-337.5,-334.5,975.));
#13295 = DIRECTION('',(0.,0.,1.));
#13296 = DIRECTION('',(1.,0.,0.));
#13297 = MANIFOLD_SOLID_BREP('',#13298);
#13298 = CLOSED_SHELL('',(#13299,#13339,#13379,#13401,#13423,#13435));
#13299 = ADVANCED_FACE('',(#13300),#13334,.F.);
#13300 = FACE_BOUND('',#13301,.F.);
#13301 = EDGE_LOOP('',(#13302,#13312,#13320,#13328));
#13302 = ORIENTED_EDGE('',*,*,#13303,.F.);
#13303 = EDGE_CURVE('',#13304,#13306,#13308,.T.);
#13304 = VERTEX_POINT('',#13305);
#13305 = CARTESIAN_POINT('',(-255.,-342.5,636.5));
#13306 = VERTEX_POINT('',#13307);
#13307 = CARTESIAN_POINT('',(-255.,-342.5,648.5));
#13308 = LINE('',#13309,#13310);
#13309 = CARTESIAN_POINT('',(-255.,-342.5,636.5));
#13310 = VECTOR('',#13311,1.);
#13311 = DIRECTION('',(0.,0.,1.));
#13312 = ORIENTED_EDGE('',*,*,#13313,.T.);
#13313 = EDGE_CURVE('',#13304,#13314,#13316,.T.);
#13314 = VERTEX_POINT('',#13315);
#13315 = CARTESIAN_POINT('',(-255.,-334.5,636.5));
#13316 = LINE('',#13317,#13318);
#13317 = CARTESIAN_POINT('',(-255.,-342.5,636.5));
#13318 = VECTOR('',#13319,1.);
#13319 = DIRECTION('',(0.,1.,0.));
#13320 = ORIENTED_EDGE('',*,*,#13321,.T.);
#13321 = EDGE_CURVE('',#13314,#13322,#13324,.T.);
#13322 = VERTEX_POINT('',#13323);
#13323 = CARTESIAN_POINT('',(-255.,-334.5,648.5));
#13324 = LINE('',#13325,#13326);
#13325 = CARTESIAN_POINT('',(-255.,-334.5,636.5));
#13326 = VECTOR('',#13327,1.);
#13327 = DIRECTION('',(0.,0.,1.));
#13328 = ORIENTED_EDGE('',*,*,#13329,.F.);
#13329 = EDGE_CURVE('',#13306,#13322,#13330,.T.);
#13330 = LINE('',#13331,#13332);
#13331 = CARTESIAN_POINT('',(-255.,-342.5,648.5));
#13332 = VECTOR('',#13333,1.);
#13333 = DIRECTION('',(0.,1.,0.));
#13334 = PLANE('',#13335);
#13335 = AXIS2_PLACEMENT_3D('',#13336,#13337,#13338);
#13336 = CARTESIAN_POINT('',(-255.,-342.5,636.5));
#13337 = DIRECTION('',(1.,0.,0.));
#13338 = DIRECTION('',(0.,0.,1.));
#13339 = ADVANCED_FACE('',(#13340),#13374,.T.);
#13340 = FACE_BOUND('',#13341,.T.);
#13341 = EDGE_LOOP('',(#13342,#13352,#13360,#13368));
#13342 = ORIENTED_EDGE('',*,*,#13343,.F.);
#13343 = EDGE_CURVE('',#13344,#13346,#13348,.T.);
#13344 = VERTEX_POINT('',#13345);
#13345 = CARTESIAN_POINT('',(-225.,-342.5,636.5));
#13346 = VERTEX_POINT('',#13347);
#13347 = CARTESIAN_POINT('',(-225.,-342.5,648.5));
#13348 = LINE('',#13349,#13350);
#13349 = CARTESIAN_POINT('',(-225.,-342.5,636.5));
#13350 = VECTOR('',#13351,1.);
#13351 = DIRECTION('',(0.,0.,1.));
#13352 = ORIENTED_EDGE('',*,*,#13353,.T.);
#13353 = EDGE_CURVE('',#13344,#13354,#13356,.T.);
#13354 = VERTEX_POINT('',#13355);
#13355 = CARTESIAN_POINT('',(-225.,-334.5,636.5));
#13356 = LINE('',#13357,#13358);
#13357 = CARTESIAN_POINT('',(-225.,-342.5,636.5));
#13358 = VECTOR('',#13359,1.);
#13359 = DIRECTION('',(0.,1.,0.));
#13360 = ORIENTED_EDGE('',*,*,#13361,.T.);
#13361 = EDGE_CURVE('',#13354,#13362,#13364,.T.);
#13362 = VERTEX_POINT('',#13363);
#13363 = CARTESIAN_POINT('',(-225.,-334.5,648.5));
#13364 = LINE('',#13365,#13366);
#13365 = CARTESIAN_POINT('',(-225.,-334.5,636.5));
#13366 = VECTOR('',#13367,1.);
#13367 = DIRECTION('',(0.,0.,1.));
#13368 = ORIENTED_EDGE('',*,*,#13369,.F.);
#13369 = EDGE_CURVE('',#13346,#13362,#13370,.T.);
#13370 = LINE('',#13371,#13372);
#13371 = CARTESIAN_POINT('',(-225.,-342.5,648.5));
#13372 = VECTOR('',#13373,1.);
#13373 = DIRECTION('',(0.,1.,0.));
#13374 = PLANE('',#13375);
#13375 = AXIS2_PLACEMENT_3D('',#13376,#13377,#13378);
#13376 = CARTESIAN_POINT('',(-225.,-342.5,636.5));
#13377 = DIRECTION('',(1.,0.,0.));
#13378 = DIRECTION('',(0.,0.,1.));
#13379 = ADVANCED_FACE('',(#13380),#13396,.F.);
#13380 = FACE_BOUND('',#13381,.F.);
#13381 = EDGE_LOOP('',(#13382,#13388,#13389,#13395));
#13382 = ORIENTED_EDGE('',*,*,#13383,.F.);
#13383 = EDGE_CURVE('',#13304,#13344,#13384,.T.);
#13384 = LINE('',#13385,#13386);
#13385 = CARTESIAN_POINT('',(-255.,-342.5,636.5));
#13386 = VECTOR('',#13387,1.);
#13387 = DIRECTION('',(1.,0.,0.));
#13388 = ORIENTED_EDGE('',*,*,#13303,.T.);
#13389 = ORIENTED_EDGE('',*,*,#13390,.T.);
#13390 = EDGE_CURVE('',#13306,#13346,#13391,.T.);
#13391 = LINE('',#13392,#13393);
#13392 = CARTESIAN_POINT('',(-255.,-342.5,648.5));
#13393 = VECTOR('',#13394,1.);
#13394 = DIRECTION('',(1.,0.,0.));
#13395 = ORIENTED_EDGE('',*,*,#13343,.F.);
#13396 = PLANE('',#13397);
#13397 = AXIS2_PLACEMENT_3D('',#13398,#13399,#13400);
#13398 = CARTESIAN_POINT('',(-255.,-342.5,636.5));
#13399 = DIRECTION('',(0.,1.,0.));
#13400 = DIRECTION('',(0.,0.,1.));
#13401 = ADVANCED_FACE('',(#13402),#13418,.T.);
#13402 = FACE_BOUND('',#13403,.T.);
#13403 = EDGE_LOOP('',(#13404,#13410,#13411,#13417));
#13404 = ORIENTED_EDGE('',*,*,#13405,.F.);
#13405 = EDGE_CURVE('',#13314,#13354,#13406,.T.);
#13406 = LINE('',#13407,#13408);
#13407 = CARTESIAN_POINT('',(-255.,-334.5,636.5));
#13408 = VECTOR('',#13409,1.);
#13409 = DIRECTION('',(1.,0.,0.));
#13410 = ORIENTED_EDGE('',*,*,#13321,.T.);
#13411 = ORIENTED_EDGE('',*,*,#13412,.T.);
#13412 = EDGE_CURVE('',#13322,#13362,#13413,.T.);
#13413 = LINE('',#13414,#13415);
#13414 = CARTESIAN_POINT('',(-255.,-334.5,648.5));
#13415 = VECTOR('',#13416,1.);
#13416 = DIRECTION('',(1.,0.,0.));
#13417 = ORIENTED_EDGE('',*,*,#13361,.F.);
#13418 = PLANE('',#13419);
#13419 = AXIS2_PLACEMENT_3D('',#13420,#13421,#13422);
#13420 = CARTESIAN_POINT('',(-255.,-334.5,636.5));
#13421 = DIRECTION('',(0.,1.,0.));
#13422 = DIRECTION('',(0.,0.,1.));
#13423 = ADVANCED_FACE('',(#13424),#13430,.F.);
#13424 = FACE_BOUND('',#13425,.F.);
#13425 = EDGE_LOOP('',(#13426,#13427,#13428,#13429));
#13426 = ORIENTED_EDGE('',*,*,#13313,.F.);
#13427 = ORIENTED_EDGE('',*,*,#13383,.T.);
#13428 = ORIENTED_EDGE('',*,*,#13353,.T.);
#13429 = ORIENTED_EDGE('',*,*,#13405,.F.);
#13430 = PLANE('',#13431);
#13431 = AXIS2_PLACEMENT_3D('',#13432,#13433,#13434);
#13432 = CARTESIAN_POINT('',(-255.,-342.5,636.5));
#13433 = DIRECTION('',(0.,0.,1.));
#13434 = DIRECTION('',(1.,0.,0.));
#13435 = ADVANCED_FACE('',(#13436),#13442,.T.);
#13436 = FACE_BOUND('',#13437,.T.);
#13437 = EDGE_LOOP('',(#13438,#13439,#13440,#13441));
#13438 = ORIENTED_EDGE('',*,*,#13329,.F.);
#13439 = ORIENTED_EDGE('',*,*,#13390,.T.);
#13440 = ORIENTED_EDGE('',*,*,#13369,.T.);
#13441 = ORIENTED_EDGE('',*,*,#13412,.F.);
#13442 = PLANE('',#13443);
#13443 = AXIS2_PLACEMENT_3D('',#13444,#13445,#13446);
#13444 = CARTESIAN_POINT('',(-255.,-342.5,648.5));
#13445 = DIRECTION('',(0.,0.,1.));
#13446 = DIRECTION('',(1.,0.,0.));
#13447 = MANIFOLD_SOLID_BREP('',#13448);
#13448 = CLOSED_SHELL('',(#13449,#13489,#13529,#13551,#13573,#13585));
#13449 = ADVANCED_FACE('',(#13450),#13484,.F.);
#13450 = FACE_BOUND('',#13451,.F.);
#13451 = EDGE_LOOP('',(#13452,#13462,#13470,#13478));
#13452 = ORIENTED_EDGE('',*,*,#13453,.F.);
#13453 = EDGE_CURVE('',#13454,#13456,#13458,.T.);
#13454 = VERTEX_POINT('',#13455);
#13455 = CARTESIAN_POINT('',(-95.,-342.5,636.5));
#13456 = VERTEX_POINT('',#13457);
#13457 = CARTESIAN_POINT('',(-95.,-342.5,648.5));
#13458 = LINE('',#13459,#13460);
#13459 = CARTESIAN_POINT('',(-95.,-342.5,636.5));
#13460 = VECTOR('',#13461,1.);
#13461 = DIRECTION('',(0.,0.,1.));
#13462 = ORIENTED_EDGE('',*,*,#13463,.T.);
#13463 = EDGE_CURVE('',#13454,#13464,#13466,.T.);
#13464 = VERTEX_POINT('',#13465);
#13465 = CARTESIAN_POINT('',(-95.,-334.5,636.5));
#13466 = LINE('',#13467,#13468);
#13467 = CARTESIAN_POINT('',(-95.,-342.5,636.5));
#13468 = VECTOR('',#13469,1.);
#13469 = DIRECTION('',(0.,1.,0.));
#13470 = ORIENTED_EDGE('',*,*,#13471,.T.);
#13471 = EDGE_CURVE('',#13464,#13472,#13474,.T.);
#13472 = VERTEX_POINT('',#13473);
#13473 = CARTESIAN_POINT('',(-95.,-334.5,648.5));
#13474 = LINE('',#13475,#13476);
#13475 = CARTESIAN_POINT('',(-95.,-334.5,636.5));
#13476 = VECTOR('',#13477,1.);
#13477 = DIRECTION('',(0.,0.,1.));
#13478 = ORIENTED_EDGE('',*,*,#13479,.F.);
#13479 = EDGE_CURVE('',#13456,#13472,#13480,.T.);
#13480 = LINE('',#13481,#13482);
#13481 = CARTESIAN_POINT('',(-95.,-342.5,648.5));
#13482 = VECTOR('',#13483,1.);
#13483 = DIRECTION('',(0.,1.,0.));
#13484 = PLANE('',#13485);
#13485 = AXIS2_PLACEMENT_3D('',#13486,#13487,#13488);
#13486 = CARTESIAN_POINT('',(-95.,-342.5,636.5));
#13487 = DIRECTION('',(1.,0.,0.));
#13488 = DIRECTION('',(0.,0.,1.));
#13489 = ADVANCED_FACE('',(#13490),#13524,.T.);
#13490 = FACE_BOUND('',#13491,.T.);
#13491 = EDGE_LOOP('',(#13492,#13502,#13510,#13518));
#13492 = ORIENTED_EDGE('',*,*,#13493,.F.);
#13493 = EDGE_CURVE('',#13494,#13496,#13498,.T.);
#13494 = VERTEX_POINT('',#13495);
#13495 = CARTESIAN_POINT('',(-65.,-342.5,636.5));
#13496 = VERTEX_POINT('',#13497);
#13497 = CARTESIAN_POINT('',(-65.,-342.5,648.5));
#13498 = LINE('',#13499,#13500);
#13499 = CARTESIAN_POINT('',(-65.,-342.5,636.5));
#13500 = VECTOR('',#13501,1.);
#13501 = DIRECTION('',(0.,0.,1.));
#13502 = ORIENTED_EDGE('',*,*,#13503,.T.);
#13503 = EDGE_CURVE('',#13494,#13504,#13506,.T.);
#13504 = VERTEX_POINT('',#13505);
#13505 = CARTESIAN_POINT('',(-65.,-334.5,636.5));
#13506 = LINE('',#13507,#13508);
#13507 = CARTESIAN_POINT('',(-65.,-342.5,636.5));
#13508 = VECTOR('',#13509,1.);
#13509 = DIRECTION('',(0.,1.,0.));
#13510 = ORIENTED_EDGE('',*,*,#13511,.T.);
#13511 = EDGE_CURVE('',#13504,#13512,#13514,.T.);
#13512 = VERTEX_POINT('',#13513);
#13513 = CARTESIAN_POINT('',(-65.,-334.5,648.5));
#13514 = LINE('',#13515,#13516);
#13515 = CARTESIAN_POINT('',(-65.,-334.5,636.5));
#13516 = VECTOR('',#13517,1.);
#13517 = DIRECTION('',(0.,0.,1.));
#13518 = ORIENTED_EDGE('',*,*,#13519,.F.);
#13519 = EDGE_CURVE('',#13496,#13512,#13520,.T.);
#13520 = LINE('',#13521,#13522);
#13521 = CARTESIAN_POINT('',(-65.,-342.5,648.5));
#13522 = VECTOR('',#13523,1.);
#13523 = DIRECTION('',(0.,1.,0.));
#13524 = PLANE('',#13525);
#13525 = AXIS2_PLACEMENT_3D('',#13526,#13527,#13528);
#13526 = CARTESIAN_POINT('',(-65.,-342.5,636.5));
#13527 = DIRECTION('',(1.,0.,0.));
#13528 = DIRECTION('',(0.,0.,1.));
#13529 = ADVANCED_FACE('',(#13530),#13546,.F.);
#13530 = FACE_BOUND('',#13531,.F.);
#13531 = EDGE_LOOP('',(#13532,#13538,#13539,#13545));
#13532 = ORIENTED_EDGE('',*,*,#13533,.F.);
#13533 = EDGE_CURVE('',#13454,#13494,#13534,.T.);
#13534 = LINE('',#13535,#13536);
#13535 = CARTESIAN_POINT('',(-95.,-342.5,636.5));
#13536 = VECTOR('',#13537,1.);
#13537 = DIRECTION('',(1.,0.,0.));
#13538 = ORIENTED_EDGE('',*,*,#13453,.T.);
#13539 = ORIENTED_EDGE('',*,*,#13540,.T.);
#13540 = EDGE_CURVE('',#13456,#13496,#13541,.T.);
#13541 = LINE('',#13542,#13543);
#13542 = CARTESIAN_POINT('',(-95.,-342.5,648.5));
#13543 = VECTOR('',#13544,1.);
#13544 = DIRECTION('',(1.,0.,0.));
#13545 = ORIENTED_EDGE('',*,*,#13493,.F.);
#13546 = PLANE('',#13547);
#13547 = AXIS2_PLACEMENT_3D('',#13548,#13549,#13550);
#13548 = CARTESIAN_POINT('',(-95.,-342.5,636.5));
#13549 = DIRECTION('',(0.,1.,0.));
#13550 = DIRECTION('',(0.,0.,1.));
#13551 = ADVANCED_FACE('',(#13552),#13568,.T.);
#13552 = FACE_BOUND('',#13553,.T.);
#13553 = EDGE_LOOP('',(#13554,#13560,#13561,#13567));
#13554 = ORIENTED_EDGE('',*,*,#13555,.F.);
#13555 = EDGE_CURVE('',#13464,#13504,#13556,.T.);
#13556 = LINE('',#13557,#13558);
#13557 = CARTESIAN_POINT('',(-95.,-334.5,636.5));
#13558 = VECTOR('',#13559,1.);
#13559 = DIRECTION('',(1.,0.,0.));
#13560 = ORIENTED_EDGE('',*,*,#13471,.T.);
#13561 = ORIENTED_EDGE('',*,*,#13562,.T.);
#13562 = EDGE_CURVE('',#13472,#13512,#13563,.T.);
#13563 = LINE('',#13564,#13565);
#13564 = CARTESIAN_POINT('',(-95.,-334.5,648.5));
#13565 = VECTOR('',#13566,1.);
#13566 = DIRECTION('',(1.,0.,0.));
#13567 = ORIENTED_EDGE('',*,*,#13511,.F.);
#13568 = PLANE('',#13569);
#13569 = AXIS2_PLACEMENT_3D('',#13570,#13571,#13572);
#13570 = CARTESIAN_POINT('',(-95.,-334.5,636.5));
#13571 = DIRECTION('',(0.,1.,0.));
#13572 = DIRECTION('',(0.,0.,1.));
#13573 = ADVANCED_FACE('',(#13574),#13580,.F.);
#13574 = FACE_BOUND('',#13575,.F.);
#13575 = EDGE_LOOP('',(#13576,#13577,#13578,#13579));
#13576 = ORIENTED_EDGE('',*,*,#13463,.F.);
#13577 = ORIENTED_EDGE('',*,*,#13533,.T.);
#13578 = ORIENTED_EDGE('',*,*,#13503,.T.);
#13579 = ORIENTED_EDGE('',*,*,#13555,.F.);
#13580 = PLANE('',#13581);
#13581 = AXIS2_PLACEMENT_3D('',#13582,#13583,#13584);
#13582 = CARTESIAN_POINT('',(-95.,-342.5,636.5));
#13583 = DIRECTION('',(0.,0.,1.));
#13584 = DIRECTION('',(1.,0.,0.));
#13585 = ADVANCED_FACE('',(#13586),#13592,.T.);
#13586 = FACE_BOUND('',#13587,.T.);
#13587 = EDGE_LOOP('',(#13588,#13589,#13590,#13591));
#13588 = ORIENTED_EDGE('',*,*,#13479,.F.);
#13589 = ORIENTED_EDGE('',*,*,#13540,.T.);
#13590 = ORIENTED_EDGE('',*,*,#13519,.T.);
#13591 = ORIENTED_EDGE('',*,*,#13562,.F.);
#13592 = PLANE('',#13593);
#13593 = AXIS2_PLACEMENT_3D('',#13594,#13595,#13596);
#13594 = CARTESIAN_POINT('',(-95.,-342.5,648.5));
#13595 = DIRECTION('',(0.,0.,1.));
#13596 = DIRECTION('',(1.,0.,0.));
#13597 = MANIFOLD_SOLID_BREP('',#13598);
#13598 = CLOSED_SHELL('',(#13599,#13639,#13679,#13701,#13723,#13735));
#13599 = ADVANCED_FACE('',(#13600),#13634,.F.);
#13600 = FACE_BOUND('',#13601,.F.);
#13601 = EDGE_LOOP('',(#13602,#13612,#13620,#13628));
#13602 = ORIENTED_EDGE('',*,*,#13603,.F.);
#13603 = EDGE_CURVE('',#13604,#13606,#13608,.T.);
#13604 = VERTEX_POINT('',#13605);
#13605 = CARTESIAN_POINT('',(65.,-342.5,636.5));
#13606 = VERTEX_POINT('',#13607);
#13607 = CARTESIAN_POINT('',(65.,-342.5,648.5));
#13608 = LINE('',#13609,#13610);
#13609 = CARTESIAN_POINT('',(65.,-342.5,636.5));
#13610 = VECTOR('',#13611,1.);
#13611 = DIRECTION('',(0.,0.,1.));
#13612 = ORIENTED_EDGE('',*,*,#13613,.T.);
#13613 = EDGE_CURVE('',#13604,#13614,#13616,.T.);
#13614 = VERTEX_POINT('',#13615);
#13615 = CARTESIAN_POINT('',(65.,-334.5,636.5));
#13616 = LINE('',#13617,#13618);
#13617 = CARTESIAN_POINT('',(65.,-342.5,636.5));
#13618 = VECTOR('',#13619,1.);
#13619 = DIRECTION('',(0.,1.,0.));
#13620 = ORIENTED_EDGE('',*,*,#13621,.T.);
#13621 = EDGE_CURVE('',#13614,#13622,#13624,.T.);
#13622 = VERTEX_POINT('',#13623);
#13623 = CARTESIAN_POINT('',(65.,-334.5,648.5));
#13624 = LINE('',#13625,#13626);
#13625 = CARTESIAN_POINT('',(65.,-334.5,636.5));
#13626 = VECTOR('',#13627,1.);
#13627 = DIRECTION('',(0.,0.,1.));
#13628 = ORIENTED_EDGE('',*,*,#13629,.F.);
#13629 = EDGE_CURVE('',#13606,#13622,#13630,.T.);
#13630 = LINE('',#13631,#13632);
#13631 = CARTESIAN_POINT('',(65.,-342.5,648.5));
#13632 = VECTOR('',#13633,1.);
#13633 = DIRECTION('',(0.,1.,0.));
#13634 = PLANE('',#13635);
#13635 = AXIS2_PLACEMENT_3D('',#13636,#13637,#13638);
#13636 = CARTESIAN_POINT('',(65.,-342.5,636.5));
#13637 = DIRECTION('',(1.,0.,0.));
#13638 = DIRECTION('',(0.,0.,1.));
#13639 = ADVANCED_FACE('',(#13640),#13674,.T.);
#13640 = FACE_BOUND('',#13641,.T.);
#13641 = EDGE_LOOP('',(#13642,#13652,#13660,#13668));
#13642 = ORIENTED_EDGE('',*,*,#13643,.F.);
#13643 = EDGE_CURVE('',#13644,#13646,#13648,.T.);
#13644 = VERTEX_POINT('',#13645);
#13645 = CARTESIAN_POINT('',(95.,-342.5,636.5));
#13646 = VERTEX_POINT('',#13647);
#13647 = CARTESIAN_POINT('',(95.,-342.5,648.5));
#13648 = LINE('',#13649,#13650);
#13649 = CARTESIAN_POINT('',(95.,-342.5,636.5));
#13650 = VECTOR('',#13651,1.);
#13651 = DIRECTION('',(0.,0.,1.));
#13652 = ORIENTED_EDGE('',*,*,#13653,.T.);
#13653 = EDGE_CURVE('',#13644,#13654,#13656,.T.);
#13654 = VERTEX_POINT('',#13655);
#13655 = CARTESIAN_POINT('',(95.,-334.5,636.5));
#13656 = LINE('',#13657,#13658);
#13657 = CARTESIAN_POINT('',(95.,-342.5,636.5));
#13658 = VECTOR('',#13659,1.);
#13659 = DIRECTION('',(0.,1.,0.));
#13660 = ORIENTED_EDGE('',*,*,#13661,.T.);
#13661 = EDGE_CURVE('',#13654,#13662,#13664,.T.);
#13662 = VERTEX_POINT('',#13663);
#13663 = CARTESIAN_POINT('',(95.,-334.5,648.5));
#13664 = LINE('',#13665,#13666);
#13665 = CARTESIAN_POINT('',(95.,-334.5,636.5));
#13666 = VECTOR('',#13667,1.);
#13667 = DIRECTION('',(0.,0.,1.));
#13668 = ORIENTED_EDGE('',*,*,#13669,.F.);
#13669 = EDGE_CURVE('',#13646,#13662,#13670,.T.);
#13670 = LINE('',#13671,#13672);
#13671 = CARTESIAN_POINT('',(95.,-342.5,648.5));
#13672 = VECTOR('',#13673,1.);
#13673 = DIRECTION('',(0.,1.,0.));
#13674 = PLANE('',#13675);
#13675 = AXIS2_PLACEMENT_3D('',#13676,#13677,#13678);
#13676 = CARTESIAN_POINT('',(95.,-342.5,636.5));
#13677 = DIRECTION('',(1.,0.,0.));
#13678 = DIRECTION('',(0.,0.,1.));
#13679 = ADVANCED_FACE('',(#13680),#13696,.F.);
#13680 = FACE_BOUND('',#13681,.F.);
#13681 = EDGE_LOOP('',(#13682,#13688,#13689,#13695));
#13682 = ORIENTED_EDGE('',*,*,#13683,.F.);
#13683 = EDGE_CURVE('',#13604,#13644,#13684,.T.);
#13684 = LINE('',#13685,#13686);
#13685 = CARTESIAN_POINT('',(65.,-342.5,636.5));
#13686 = VECTOR('',#13687,1.);
#13687 = DIRECTION('',(1.,0.,0.));
#13688 = ORIENTED_EDGE('',*,*,#13603,.T.);
#13689 = ORIENTED_EDGE('',*,*,#13690,.T.);
#13690 = EDGE_CURVE('',#13606,#13646,#13691,.T.);
#13691 = LINE('',#13692,#13693);
#13692 = CARTESIAN_POINT('',(65.,-342.5,648.5));
#13693 = VECTOR('',#13694,1.);
#13694 = DIRECTION('',(1.,0.,0.));
#13695 = ORIENTED_EDGE('',*,*,#13643,.F.);
#13696 = PLANE('',#13697);
#13697 = AXIS2_PLACEMENT_3D('',#13698,#13699,#13700);
#13698 = CARTESIAN_POINT('',(65.,-342.5,636.5));
#13699 = DIRECTION('',(0.,1.,0.));
#13700 = DIRECTION('',(0.,0.,1.));
#13701 = ADVANCED_FACE('',(#13702),#13718,.T.);
#13702 = FACE_BOUND('',#13703,.T.);
#13703 = EDGE_LOOP('',(#13704,#13710,#13711,#13717));
#13704 = ORIENTED_EDGE('',*,*,#13705,.F.);
#13705 = EDGE_CURVE('',#13614,#13654,#13706,.T.);
#13706 = LINE('',#13707,#13708);
#13707 = CARTESIAN_POINT('',(65.,-334.5,636.5));
#13708 = VECTOR('',#13709,1.);
#13709 = DIRECTION('',(1.,0.,0.));
#13710 = ORIENTED_EDGE('',*,*,#13621,.T.);
#13711 = ORIENTED_EDGE('',*,*,#13712,.T.);
#13712 = EDGE_CURVE('',#13622,#13662,#13713,.T.);
#13713 = LINE('',#13714,#13715);
#13714 = CARTESIAN_POINT('',(65.,-334.5,648.5));
#13715 = VECTOR('',#13716,1.);
#13716 = DIRECTION('',(1.,0.,0.));
#13717 = ORIENTED_EDGE('',*,*,#13661,.F.);
#13718 = PLANE('',#13719);
#13719 = AXIS2_PLACEMENT_3D('',#13720,#13721,#13722);
#13720 = CARTESIAN_POINT('',(65.,-334.5,636.5));
#13721 = DIRECTION('',(0.,1.,0.));
#13722 = DIRECTION('',(0.,0.,1.));
#13723 = ADVANCED_FACE('',(#13724),#13730,.F.);
#13724 = FACE_BOUND('',#13725,.F.);
#13725 = EDGE_LOOP('',(#13726,#13727,#13728,#13729));
#13726 = ORIENTED_EDGE('',*,*,#13613,.F.);
#13727 = ORIENTED_EDGE('',*,*,#13683,.T.);
#13728 = ORIENTED_EDGE('',*,*,#13653,.T.);
#13729 = ORIENTED_EDGE('',*,*,#13705,.F.);
#13730 = PLANE('',#13731);
#13731 = AXIS2_PLACEMENT_3D('',#13732,#13733,#13734);
#13732 = CARTESIAN_POINT('',(65.,-342.5,636.5));
#13733 = DIRECTION('',(0.,0.,1.));
#13734 = DIRECTION('',(1.,0.,0.));
#13735 = ADVANCED_FACE('',(#13736),#13742,.T.);
#13736 = FACE_BOUND('',#13737,.T.);
#13737 = EDGE_LOOP('',(#13738,#13739,#13740,#13741));
#13738 = ORIENTED_EDGE('',*,*,#13629,.F.);
#13739 = ORIENTED_EDGE('',*,*,#13690,.T.);
#13740 = ORIENTED_EDGE('',*,*,#13669,.T.);
#13741 = ORIENTED_EDGE('',*,*,#13712,.F.);
#13742 = PLANE('',#13743);
#13743 = AXIS2_PLACEMENT_3D('',#13744,#13745,#13746);
#13744 = CARTESIAN_POINT('',(65.,-342.5,648.5));
#13745 = DIRECTION('',(0.,0.,1.));
#13746 = DIRECTION('',(1.,0.,0.));
#13747 = MANIFOLD_SOLID_BREP('',#13748);
#13748 = CLOSED_SHELL('',(#13749,#13789,#13829,#13851,#13873,#13885));
#13749 = ADVANCED_FACE('',(#13750),#13784,.F.);
#13750 = FACE_BOUND('',#13751,.F.);
#13751 = EDGE_LOOP('',(#13752,#13762,#13770,#13778));
#13752 = ORIENTED_EDGE('',*,*,#13753,.F.);
#13753 = EDGE_CURVE('',#13754,#13756,#13758,.T.);
#13754 = VERTEX_POINT('',#13755);
#13755 = CARTESIAN_POINT('',(225.,-342.5,636.5));
#13756 = VERTEX_POINT('',#13757);
#13757 = CARTESIAN_POINT('',(225.,-342.5,648.5));
#13758 = LINE('',#13759,#13760);
#13759 = CARTESIAN_POINT('',(225.,-342.5,636.5));
#13760 = VECTOR('',#13761,1.);
#13761 = DIRECTION('',(0.,0.,1.));
#13762 = ORIENTED_EDGE('',*,*,#13763,.T.);
#13763 = EDGE_CURVE('',#13754,#13764,#13766,.T.);
#13764 = VERTEX_POINT('',#13765);
#13765 = CARTESIAN_POINT('',(225.,-334.5,636.5));
#13766 = LINE('',#13767,#13768);
#13767 = CARTESIAN_POINT('',(225.,-342.5,636.5));
#13768 = VECTOR('',#13769,1.);
#13769 = DIRECTION('',(0.,1.,0.));
#13770 = ORIENTED_EDGE('',*,*,#13771,.T.);
#13771 = EDGE_CURVE('',#13764,#13772,#13774,.T.);
#13772 = VERTEX_POINT('',#13773);
#13773 = CARTESIAN_POINT('',(225.,-334.5,648.5));
#13774 = LINE('',#13775,#13776);
#13775 = CARTESIAN_POINT('',(225.,-334.5,636.5));
#13776 = VECTOR('',#13777,1.);
#13777 = DIRECTION('',(0.,0.,1.));
#13778 = ORIENTED_EDGE('',*,*,#13779,.F.);
#13779 = EDGE_CURVE('',#13756,#13772,#13780,.T.);
#13780 = LINE('',#13781,#13782);
#13781 = CARTESIAN_POINT('',(225.,-342.5,648.5));
#13782 = VECTOR('',#13783,1.);
#13783 = DIRECTION('',(0.,1.,0.));
#13784 = PLANE('',#13785);
#13785 = AXIS2_PLACEMENT_3D('',#13786,#13787,#13788);
#13786 = CARTESIAN_POINT('',(225.,-342.5,636.5));
#13787 = DIRECTION('',(1.,0.,0.));
#13788 = DIRECTION('',(0.,0.,1.));
#13789 = ADVANCED_FACE('',(#13790),#13824,.T.);
#13790 = FACE_BOUND('',#13791,.T.);
#13791 = EDGE_LOOP('',(#13792,#13802,#13810,#13818));
#13792 = ORIENTED_EDGE('',*,*,#13793,.F.);
#13793 = EDGE_CURVE('',#13794,#13796,#13798,.T.);
#13794 = VERTEX_POINT('',#13795);
#13795 = CARTESIAN_POINT('',(255.,-342.5,636.5));
#13796 = VERTEX_POINT('',#13797);
#13797 = CARTESIAN_POINT('',(255.,-342.5,648.5));
#13798 = LINE('',#13799,#13800);
#13799 = CARTESIAN_POINT('',(255.,-342.5,636.5));
#13800 = VECTOR('',#13801,1.);
#13801 = DIRECTION('',(0.,0.,1.));
#13802 = ORIENTED_EDGE('',*,*,#13803,.T.);
#13803 = EDGE_CURVE('',#13794,#13804,#13806,.T.);
#13804 = VERTEX_POINT('',#13805);
#13805 = CARTESIAN_POINT('',(255.,-334.5,636.5));
#13806 = LINE('',#13807,#13808);
#13807 = CARTESIAN_POINT('',(255.,-342.5,636.5));
#13808 = VECTOR('',#13809,1.);
#13809 = DIRECTION('',(0.,1.,0.));
#13810 = ORIENTED_EDGE('',*,*,#13811,.T.);
#13811 = EDGE_CURVE('',#13804,#13812,#13814,.T.);
#13812 = VERTEX_POINT('',#13813);
#13813 = CARTESIAN_POINT('',(255.,-334.5,648.5));
#13814 = LINE('',#13815,#13816);
#13815 = CARTESIAN_POINT('',(255.,-334.5,636.5));
#13816 = VECTOR('',#13817,1.);
#13817 = DIRECTION('',(0.,0.,1.));
#13818 = ORIENTED_EDGE('',*,*,#13819,.F.);
#13819 = EDGE_CURVE('',#13796,#13812,#13820,.T.);
#13820 = LINE('',#13821,#13822);
#13821 = CARTESIAN_POINT('',(255.,-342.5,648.5));
#13822 = VECTOR('',#13823,1.);
#13823 = DIRECTION('',(0.,1.,0.));
#13824 = PLANE('',#13825);
#13825 = AXIS2_PLACEMENT_3D('',#13826,#13827,#13828);
#13826 = CARTESIAN_POINT('',(255.,-342.5,636.5));
#13827 = DIRECTION('',(1.,0.,0.));
#13828 = DIRECTION('',(0.,0.,1.));
#13829 = ADVANCED_FACE('',(#13830),#13846,.F.);
#13830 = FACE_BOUND('',#13831,.F.);
#13831 = EDGE_LOOP('',(#13832,#13838,#13839,#13845));
#13832 = ORIENTED_EDGE('',*,*,#13833,.F.);
#13833 = EDGE_CURVE('',#13754,#13794,#13834,.T.);
#13834 = LINE('',#13835,#13836);
#13835 = CARTESIAN_POINT('',(225.,-342.5,636.5));
#13836 = VECTOR('',#13837,1.);
#13837 = DIRECTION('',(1.,0.,0.));
#13838 = ORIENTED_EDGE('',*,*,#13753,.T.);
#13839 = ORIENTED_EDGE('',*,*,#13840,.T.);
#13840 = EDGE_CURVE('',#13756,#13796,#13841,.T.);
#13841 = LINE('',#13842,#13843);
#13842 = CARTESIAN_POINT('',(225.,-342.5,648.5));
#13843 = VECTOR('',#13844,1.);
#13844 = DIRECTION('',(1.,0.,0.));
#13845 = ORIENTED_EDGE('',*,*,#13793,.F.);
#13846 = PLANE('',#13847);
#13847 = AXIS2_PLACEMENT_3D('',#13848,#13849,#13850);
#13848 = CARTESIAN_POINT('',(225.,-342.5,636.5));
#13849 = DIRECTION('',(0.,1.,0.));
#13850 = DIRECTION('',(0.,0.,1.));
#13851 = ADVANCED_FACE('',(#13852),#13868,.T.);
#13852 = FACE_BOUND('',#13853,.T.);
#13853 = EDGE_LOOP('',(#13854,#13860,#13861,#13867));
#13854 = ORIENTED_EDGE('',*,*,#13855,.F.);
#13855 = EDGE_CURVE('',#13764,#13804,#13856,.T.);
#13856 = LINE('',#13857,#13858);
#13857 = CARTESIAN_POINT('',(225.,-334.5,636.5));
#13858 = VECTOR('',#13859,1.);
#13859 = DIRECTION('',(1.,0.,0.));
#13860 = ORIENTED_EDGE('',*,*,#13771,.T.);
#13861 = ORIENTED_EDGE('',*,*,#13862,.T.);
#13862 = EDGE_CURVE('',#13772,#13812,#13863,.T.);
#13863 = LINE('',#13864,#13865);
#13864 = CARTESIAN_POINT('',(225.,-334.5,648.5));
#13865 = VECTOR('',#13866,1.);
#13866 = DIRECTION('',(1.,0.,0.));
#13867 = ORIENTED_EDGE('',*,*,#13811,.F.);
#13868 = PLANE('',#13869);
#13869 = AXIS2_PLACEMENT_3D('',#13870,#13871,#13872);
#13870 = CARTESIAN_POINT('',(225.,-334.5,636.5));
#13871 = DIRECTION('',(0.,1.,0.));
#13872 = DIRECTION('',(0.,0.,1.));
#13873 = ADVANCED_FACE('',(#13874),#13880,.F.);
#13874 = FACE_BOUND('',#13875,.F.);
#13875 = EDGE_LOOP('',(#13876,#13877,#13878,#13879));
#13876 = ORIENTED_EDGE('',*,*,#13763,.F.);
#13877 = ORIENTED_EDGE('',*,*,#13833,.T.);
#13878 = ORIENTED_EDGE('',*,*,#13803,.T.);
#13879 = ORIENTED_EDGE('',*,*,#13855,.F.);
#13880 = PLANE('',#13881);
#13881 = AXIS2_PLACEMENT_3D('',#13882,#13883,#13884);
#13882 = CARTESIAN_POINT('',(225.,-342.5,636.5));
#13883 = DIRECTION('',(0.,0.,1.));
#13884 = DIRECTION('',(1.,0.,0.));
#13885 = ADVANCED_FACE('',(#13886),#13892,.T.);
#13886 = FACE_BOUND('',#13887,.T.);
#13887 = EDGE_LOOP('',(#13888,#13889,#13890,#13891));
#13888 = ORIENTED_EDGE('',*,*,#13779,.F.);
#13889 = ORIENTED_EDGE('',*,*,#13840,.T.);
#13890 = ORIENTED_EDGE('',*,*,#13819,.T.);
#13891 = ORIENTED_EDGE('',*,*,#13862,.F.);
#13892 = PLANE('',#13893);
#13893 = AXIS2_PLACEMENT_3D('',#13894,#13895,#13896);
#13894 = CARTESIAN_POINT('',(225.,-342.5,648.5));
#13895 = DIRECTION('',(0.,0.,1.));
#13896 = DIRECTION('',(1.,0.,0.));
#13897 = MANIFOLD_SOLID_BREP('',#13898);
#13898 = CLOSED_SHELL('',(#13899,#13939,#13979,#14001,#14023,#14035));
#13899 = ADVANCED_FACE('',(#13900),#13934,.F.);
#13900 = FACE_BOUND('',#13901,.F.);
#13901 = EDGE_LOOP('',(#13902,#13912,#13920,#13928));
#13902 = ORIENTED_EDGE('',*,*,#13903,.F.);
#13903 = EDGE_CURVE('',#13904,#13906,#13908,.T.);
#13904 = VERTEX_POINT('',#13905);
#13905 = CARTESIAN_POINT('',(-255.,-342.5,961.5));
#13906 = VERTEX_POINT('',#13907);
#13907 = CARTESIAN_POINT('',(-255.,-342.5,973.5));
#13908 = LINE('',#13909,#13910);
#13909 = CARTESIAN_POINT('',(-255.,-342.5,961.5));
#13910 = VECTOR('',#13911,1.);
#13911 = DIRECTION('',(0.,0.,1.));
#13912 = ORIENTED_EDGE('',*,*,#13913,.T.);
#13913 = EDGE_CURVE('',#13904,#13914,#13916,.T.);
#13914 = VERTEX_POINT('',#13915);
#13915 = CARTESIAN_POINT('',(-255.,-334.5,961.5));
#13916 = LINE('',#13917,#13918);
#13917 = CARTESIAN_POINT('',(-255.,-342.5,961.5));
#13918 = VECTOR('',#13919,1.);
#13919 = DIRECTION('',(0.,1.,0.));
#13920 = ORIENTED_EDGE('',*,*,#13921,.T.);
#13921 = EDGE_CURVE('',#13914,#13922,#13924,.T.);
#13922 = VERTEX_POINT('',#13923);
#13923 = CARTESIAN_POINT('',(-255.,-334.5,973.5));
#13924 = LINE('',#13925,#13926);
#13925 = CARTESIAN_POINT('',(-255.,-334.5,961.5));
#13926 = VECTOR('',#13927,1.);
#13927 = DIRECTION('',(0.,0.,1.));
#13928 = ORIENTED_EDGE('',*,*,#13929,.F.);
#13929 = EDGE_CURVE('',#13906,#13922,#13930,.T.);
#13930 = LINE('',#13931,#13932);
#13931 = CARTESIAN_POINT('',(-255.,-342.5,973.5));
#13932 = VECTOR('',#13933,1.);
#13933 = DIRECTION('',(0.,1.,0.));
#13934 = PLANE('',#13935);
#13935 = AXIS2_PLACEMENT_3D('',#13936,#13937,#13938);
#13936 = CARTESIAN_POINT('',(-255.,-342.5,961.5));
#13937 = DIRECTION('',(1.,0.,0.));
#13938 = DIRECTION('',(0.,0.,1.));
#13939 = ADVANCED_FACE('',(#13940),#13974,.T.);
#13940 = FACE_BOUND('',#13941,.T.);
#13941 = EDGE_LOOP('',(#13942,#13952,#13960,#13968));
#13942 = ORIENTED_EDGE('',*,*,#13943,.F.);
#13943 = EDGE_CURVE('',#13944,#13946,#13948,.T.);
#13944 = VERTEX_POINT('',#13945);
#13945 = CARTESIAN_POINT('',(-225.,-342.5,961.5));
#13946 = VERTEX_POINT('',#13947);
#13947 = CARTESIAN_POINT('',(-225.,-342.5,973.5));
#13948 = LINE('',#13949,#13950);
#13949 = CARTESIAN_POINT('',(-225.,-342.5,961.5));
#13950 = VECTOR('',#13951,1.);
#13951 = DIRECTION('',(0.,0.,1.));
#13952 = ORIENTED_EDGE('',*,*,#13953,.T.);
#13953 = EDGE_CURVE('',#13944,#13954,#13956,.T.);
#13954 = VERTEX_POINT('',#13955);
#13955 = CARTESIAN_POINT('',(-225.,-334.5,961.5));
#13956 = LINE('',#13957,#13958);
#13957 = CARTESIAN_POINT('',(-225.,-342.5,961.5));
#13958 = VECTOR('',#13959,1.);
#13959 = DIRECTION('',(0.,1.,0.));
#13960 = ORIENTED_EDGE('',*,*,#13961,.T.);
#13961 = EDGE_CURVE('',#13954,#13962,#13964,.T.);
#13962 = VERTEX_POINT('',#13963);
#13963 = CARTESIAN_POINT('',(-225.,-334.5,973.5));
#13964 = LINE('',#13965,#13966);
#13965 = CARTESIAN_POINT('',(-225.,-334.5,961.5));
#13966 = VECTOR('',#13967,1.);
#13967 = DIRECTION('',(0.,0.,1.));
#13968 = ORIENTED_EDGE('',*,*,#13969,.F.);
#13969 = EDGE_CURVE('',#13946,#13962,#13970,.T.);
#13970 = LINE('',#13971,#13972);
#13971 = CARTESIAN_POINT('',(-225.,-342.5,973.5));
#13972 = VECTOR('',#13973,1.);
#13973 = DIRECTION('',(0.,1.,0.));
#13974 = PLANE('',#13975);
#13975 = AXIS2_PLACEMENT_3D('',#13976,#13977,#13978);
#13976 = CARTESIAN_POINT('',(-225.,-342.5,961.5));
#13977 = DIRECTION('',(1.,0.,0.));
#13978 = DIRECTION('',(0.,0.,1.));
#13979 = ADVANCED_FACE('',(#13980),#13996,.F.);
#13980 = FACE_BOUND('',#13981,.F.);
#13981 = EDGE_LOOP('',(#13982,#13988,#13989,#13995));
#13982 = ORIENTED_EDGE('',*,*,#13983,.F.);
#13983 = EDGE_CURVE('',#13904,#13944,#13984,.T.);
#13984 = LINE('',#13985,#13986);
#13985 = CARTESIAN_POINT('',(-255.,-342.5,961.5));
#13986 = VECTOR('',#13987,1.);
#13987 = DIRECTION('',(1.,0.,0.));
#13988 = ORIENTED_EDGE('',*,*,#13903,.T.);
#13989 = ORIENTED_EDGE('',*,*,#13990,.T.);
#13990 = EDGE_CURVE('',#13906,#13946,#13991,.T.);
#13991 = LINE('',#13992,#13993);
#13992 = CARTESIAN_POINT('',(-255.,-342.5,973.5));
#13993 = VECTOR('',#13994,1.);
#13994 = DIRECTION('',(1.,0.,0.));
#13995 = ORIENTED_EDGE('',*,*,#13943,.F.);
#13996 = PLANE('',#13997);
#13997 = AXIS2_PLACEMENT_3D('',#13998,#13999,#14000);
#13998 = CARTESIAN_POINT('',(-255.,-342.5,961.5));
#13999 = DIRECTION('',(0.,1.,0.));
#14000 = DIRECTION('',(0.,0.,1.));
#14001 = ADVANCED_FACE('',(#14002),#14018,.T.);
#14002 = FACE_BOUND('',#14003,.T.);
#14003 = EDGE_LOOP('',(#14004,#14010,#14011,#14017));
#14004 = ORIENTED_EDGE('',*,*,#14005,.F.);
#14005 = EDGE_CURVE('',#13914,#13954,#14006,.T.);
#14006 = LINE('',#14007,#14008);
#14007 = CARTESIAN_POINT('',(-255.,-334.5,961.5));
#14008 = VECTOR('',#14009,1.);
#14009 = DIRECTION('',(1.,0.,0.));
#14010 = ORIENTED_EDGE('',*,*,#13921,.T.);
#14011 = ORIENTED_EDGE('',*,*,#14012,.T.);
#14012 = EDGE_CURVE('',#13922,#13962,#14013,.T.);
#14013 = LINE('',#14014,#14015);
#14014 = CARTESIAN_POINT('',(-255.,-334.5,973.5));
#14015 = VECTOR('',#14016,1.);
#14016 = DIRECTION('',(1.,0.,0.));
#14017 = ORIENTED_EDGE('',*,*,#13961,.F.);
#14018 = PLANE('',#14019);
#14019 = AXIS2_PLACEMENT_3D('',#14020,#14021,#14022);
#14020 = CARTESIAN_POINT('',(-255.,-334.5,961.5));
#14021 = DIRECTION('',(0.,1.,0.));
#14022 = DIRECTION('',(0.,0.,1.));
#14023 = ADVANCED_FACE('',(#14024),#14030,.F.);
#14024 = FACE_BOUND('',#14025,.F.);
#14025 = EDGE_LOOP('',(#14026,#14027,#14028,#14029));
#14026 = ORIENTED_EDGE('',*,*,#13913,.F.);
#14027 = ORIENTED_EDGE('',*,*,#13983,.T.);
#14028 = ORIENTED_EDGE('',*,*,#13953,.T.);
#14029 = ORIENTED_EDGE('',*,*,#14005,.F.);
#14030 = PLANE('',#14031);
#14031 = AXIS2_PLACEMENT_3D('',#14032,#14033,#14034);
#14032 = CARTESIAN_POINT('',(-255.,-342.5,961.5));
#14033 = DIRECTION('',(0.,0.,1.));
#14034 = DIRECTION('',(1.,0.,0.));
#14035 = ADVANCED_FACE('',(#14036),#14042,.T.);
#14036 = FACE_BOUND('',#14037,.T.);
#14037 = EDGE_LOOP('',(#14038,#14039,#14040,#14041));
#14038 = ORIENTED_EDGE('',*,*,#13929,.F.);
#14039 = ORIENTED_EDGE('',*,*,#13990,.T.);
#14040 = ORIENTED_EDGE('',*,*,#13969,.T.);
#14041 = ORIENTED_EDGE('',*,*,#14012,.F.);
#14042 = PLANE('',#14043);
#14043 = AXIS2_PLACEMENT_3D('',#14044,#14045,#14046);
#14044 = CARTESIAN_POINT('',(-255.,-342.5,973.5));
#14045 = DIRECTION('',(0.,0.,1.));
#14046 = DIRECTION('',(1.,0.,0.));
#14047 = MANIFOLD_SOLID_BREP('',#14048);
#14048 = CLOSED_SHELL('',(#14049,#14089,#14129,#14151,#14173,#14185));
#14049 = ADVANCED_FACE('',(#14050),#14084,.F.);
#14050 = FACE_BOUND('',#14051,.F.);
#14051 = EDGE_LOOP('',(#14052,#14062,#14070,#14078));
#14052 = ORIENTED_EDGE('',*,*,#14053,.F.);
#14053 = EDGE_CURVE('',#14054,#14056,#14058,.T.);
#14054 = VERTEX_POINT('',#14055);
#14055 = CARTESIAN_POINT('',(-95.,-342.5,961.5));
#14056 = VERTEX_POINT('',#14057);
#14057 = CARTESIAN_POINT('',(-95.,-342.5,973.5));
#14058 = LINE('',#14059,#14060);
#14059 = CARTESIAN_POINT('',(-95.,-342.5,961.5));
#14060 = VECTOR('',#14061,1.);
#14061 = DIRECTION('',(0.,0.,1.));
#14062 = ORIENTED_EDGE('',*,*,#14063,.T.);
#14063 = EDGE_CURVE('',#14054,#14064,#14066,.T.);
#14064 = VERTEX_POINT('',#14065);
#14065 = CARTESIAN_POINT('',(-95.,-334.5,961.5));
#14066 = LINE('',#14067,#14068);
#14067 = CARTESIAN_POINT('',(-95.,-342.5,961.5));
#14068 = VECTOR('',#14069,1.);
#14069 = DIRECTION('',(0.,1.,0.));
#14070 = ORIENTED_EDGE('',*,*,#14071,.T.);
#14071 = EDGE_CURVE('',#14064,#14072,#14074,.T.);
#14072 = VERTEX_POINT('',#14073);
#14073 = CARTESIAN_POINT('',(-95.,-334.5,973.5));
#14074 = LINE('',#14075,#14076);
#14075 = CARTESIAN_POINT('',(-95.,-334.5,961.5));
#14076 = VECTOR('',#14077,1.);
#14077 = DIRECTION('',(0.,0.,1.));
#14078 = ORIENTED_EDGE('',*,*,#14079,.F.);
#14079 = EDGE_CURVE('',#14056,#14072,#14080,.T.);
#14080 = LINE('',#14081,#14082);
#14081 = CARTESIAN_POINT('',(-95.,-342.5,973.5));
#14082 = VECTOR('',#14083,1.);
#14083 = DIRECTION('',(0.,1.,0.));
#14084 = PLANE('',#14085);
#14085 = AXIS2_PLACEMENT_3D('',#14086,#14087,#14088);
#14086 = CARTESIAN_POINT('',(-95.,-342.5,961.5));
#14087 = DIRECTION('',(1.,0.,0.));
#14088 = DIRECTION('',(0.,0.,1.));
#14089 = ADVANCED_FACE('',(#14090),#14124,.T.);
#14090 = FACE_BOUND('',#14091,.T.);
#14091 = EDGE_LOOP('',(#14092,#14102,#14110,#14118));
#14092 = ORIENTED_EDGE('',*,*,#14093,.F.);
#14093 = EDGE_CURVE('',#14094,#14096,#14098,.T.);
#14094 = VERTEX_POINT('',#14095);
#14095 = CARTESIAN_POINT('',(-65.,-342.5,961.5));
#14096 = VERTEX_POINT('',#14097);
#14097 = CARTESIAN_POINT('',(-65.,-342.5,973.5));
#14098 = LINE('',#14099,#14100);
#14099 = CARTESIAN_POINT('',(-65.,-342.5,961.5));
#14100 = VECTOR('',#14101,1.);
#14101 = DIRECTION('',(0.,0.,1.));
#14102 = ORIENTED_EDGE('',*,*,#14103,.T.);
#14103 = EDGE_CURVE('',#14094,#14104,#14106,.T.);
#14104 = VERTEX_POINT('',#14105);
#14105 = CARTESIAN_POINT('',(-65.,-334.5,961.5));
#14106 = LINE('',#14107,#14108);
#14107 = CARTESIAN_POINT('',(-65.,-342.5,961.5));
#14108 = VECTOR('',#14109,1.);
#14109 = DIRECTION('',(0.,1.,0.));
#14110 = ORIENTED_EDGE('',*,*,#14111,.T.);
#14111 = EDGE_CURVE('',#14104,#14112,#14114,.T.);
#14112 = VERTEX_POINT('',#14113);
#14113 = CARTESIAN_POINT('',(-65.,-334.5,973.5));
#14114 = LINE('',#14115,#14116);
#14115 = CARTESIAN_POINT('',(-65.,-334.5,961.5));
#14116 = VECTOR('',#14117,1.);
#14117 = DIRECTION('',(0.,0.,1.));
#14118 = ORIENTED_EDGE('',*,*,#14119,.F.);
#14119 = EDGE_CURVE('',#14096,#14112,#14120,.T.);
#14120 = LINE('',#14121,#14122);
#14121 = CARTESIAN_POINT('',(-65.,-342.5,973.5));
#14122 = VECTOR('',#14123,1.);
#14123 = DIRECTION('',(0.,1.,0.));
#14124 = PLANE('',#14125);
#14125 = AXIS2_PLACEMENT_3D('',#14126,#14127,#14128);
#14126 = CARTESIAN_POINT('',(-65.,-342.5,961.5));
#14127 = DIRECTION('',(1.,0.,0.));
#14128 = DIRECTION('',(0.,0.,1.));
#14129 = ADVANCED_FACE('',(#14130),#14146,.F.);
#14130 = FACE_BOUND('',#14131,.F.);
#14131 = EDGE_LOOP('',(#14132,#14138,#14139,#14145));
#14132 = ORIENTED_EDGE('',*,*,#14133,.F.);
#14133 = EDGE_CURVE('',#14054,#14094,#14134,.T.);
#14134 = LINE('',#14135,#14136);
#14135 = CARTESIAN_POINT('',(-95.,-342.5,961.5));
#14136 = VECTOR('',#14137,1.);
#14137 = DIRECTION('',(1.,0.,0.));
#14138 = ORIENTED_EDGE('',*,*,#14053,.T.);
#14139 = ORIENTED_EDGE('',*,*,#14140,.T.);
#14140 = EDGE_CURVE('',#14056,#14096,#14141,.T.);
#14141 = LINE('',#14142,#14143);
#14142 = CARTESIAN_POINT('',(-95.,-342.5,973.5));
#14143 = VECTOR('',#14144,1.);
#14144 = DIRECTION('',(1.,0.,0.));
#14145 = ORIENTED_EDGE('',*,*,#14093,.F.);
#14146 = PLANE('',#14147);
#14147 = AXIS2_PLACEMENT_3D('',#14148,#14149,#14150);
#14148 = CARTESIAN_POINT('',(-95.,-342.5,961.5));
#14149 = DIRECTION('',(0.,1.,0.));
#14150 = DIRECTION('',(0.,0.,1.));
#14151 = ADVANCED_FACE('',(#14152),#14168,.T.);
#14152 = FACE_BOUND('',#14153,.T.);
#14153 = EDGE_LOOP('',(#14154,#14160,#14161,#14167));
#14154 = ORIENTED_EDGE('',*,*,#14155,.F.);
#14155 = EDGE_CURVE('',#14064,#14104,#14156,.T.);
#14156 = LINE('',#14157,#14158);
#14157 = CARTESIAN_POINT('',(-95.,-334.5,961.5));
#14158 = VECTOR('',#14159,1.);
#14159 = DIRECTION('',(1.,0.,0.));
#14160 = ORIENTED_EDGE('',*,*,#14071,.T.);
#14161 = ORIENTED_EDGE('',*,*,#14162,.T.);
#14162 = EDGE_CURVE('',#14072,#14112,#14163,.T.);
#14163 = LINE('',#14164,#14165);
#14164 = CARTESIAN_POINT('',(-95.,-334.5,973.5));
#14165 = VECTOR('',#14166,1.);
#14166 = DIRECTION('',(1.,0.,0.));
#14167 = ORIENTED_EDGE('',*,*,#14111,.F.);
#14168 = PLANE('',#14169);
#14169 = AXIS2_PLACEMENT_3D('',#14170,#14171,#14172);
#14170 = CARTESIAN_POINT('',(-95.,-334.5,961.5));
#14171 = DIRECTION('',(0.,1.,0.));
#14172 = DIRECTION('',(0.,0.,1.));
#14173 = ADVANCED_FACE('',(#14174),#14180,.F.);
#14174 = FACE_BOUND('',#14175,.F.);
#14175 = EDGE_LOOP('',(#14176,#14177,#14178,#14179));
#14176 = ORIENTED_EDGE('',*,*,#14063,.F.);
#14177 = ORIENTED_EDGE('',*,*,#14133,.T.);
#14178 = ORIENTED_EDGE('',*,*,#14103,.T.);
#14179 = ORIENTED_EDGE('',*,*,#14155,.F.);
#14180 = PLANE('',#14181);
#14181 = AXIS2_PLACEMENT_3D('',#14182,#14183,#14184);
#14182 = CARTESIAN_POINT('',(-95.,-342.5,961.5));
#14183 = DIRECTION('',(0.,0.,1.));
#14184 = DIRECTION('',(1.,0.,0.));
#14185 = ADVANCED_FACE('',(#14186),#14192,.T.);
#14186 = FACE_BOUND('',#14187,.T.);
#14187 = EDGE_LOOP('',(#14188,#14189,#14190,#14191));
#14188 = ORIENTED_EDGE('',*,*,#14079,.F.);
#14189 = ORIENTED_EDGE('',*,*,#14140,.T.);
#14190 = ORIENTED_EDGE('',*,*,#14119,.T.);
#14191 = ORIENTED_EDGE('',*,*,#14162,.F.);
#14192 = PLANE('',#14193);
#14193 = AXIS2_PLACEMENT_3D('',#14194,#14195,#14196);
#14194 = CARTESIAN_POINT('',(-95.,-342.5,973.5));
#14195 = DIRECTION('',(0.,0.,1.));
#14196 = DIRECTION('',(1.,0.,0.));
#14197 = MANIFOLD_SOLID_BREP('',#14198);
#14198 = CLOSED_SHELL('',(#14199,#14239,#14279,#14301,#14323,#14335));
#14199 = ADVANCED_FACE('',(#14200),#14234,.F.);
#14200 = FACE_BOUND('',#14201,.F.);
#14201 = EDGE_LOOP('',(#14202,#14212,#14220,#14228));
#14202 = ORIENTED_EDGE('',*,*,#14203,.F.);
#14203 = EDGE_CURVE('',#14204,#14206,#14208,.T.);
#14204 = VERTEX_POINT('',#14205);
#14205 = CARTESIAN_POINT('',(65.,-342.5,961.5));
#14206 = VERTEX_POINT('',#14207);
#14207 = CARTESIAN_POINT('',(65.,-342.5,973.5));
#14208 = LINE('',#14209,#14210);
#14209 = CARTESIAN_POINT('',(65.,-342.5,961.5));
#14210 = VECTOR('',#14211,1.);
#14211 = DIRECTION('',(0.,0.,1.));
#14212 = ORIENTED_EDGE('',*,*,#14213,.T.);
#14213 = EDGE_CURVE('',#14204,#14214,#14216,.T.);
#14214 = VERTEX_POINT('',#14215);
#14215 = CARTESIAN_POINT('',(65.,-334.5,961.5));
#14216 = LINE('',#14217,#14218);
#14217 = CARTESIAN_POINT('',(65.,-342.5,961.5));
#14218 = VECTOR('',#14219,1.);
#14219 = DIRECTION('',(0.,1.,0.));
#14220 = ORIENTED_EDGE('',*,*,#14221,.T.);
#14221 = EDGE_CURVE('',#14214,#14222,#14224,.T.);
#14222 = VERTEX_POINT('',#14223);
#14223 = CARTESIAN_POINT('',(65.,-334.5,973.5));
#14224 = LINE('',#14225,#14226);
#14225 = CARTESIAN_POINT('',(65.,-334.5,961.5));
#14226 = VECTOR('',#14227,1.);
#14227 = DIRECTION('',(0.,0.,1.));
#14228 = ORIENTED_EDGE('',*,*,#14229,.F.);
#14229 = EDGE_CURVE('',#14206,#14222,#14230,.T.);
#14230 = LINE('',#14231,#14232);
#14231 = CARTESIAN_POINT('',(65.,-342.5,973.5));
#14232 = VECTOR('',#14233,1.);
#14233 = DIRECTION('',(0.,1.,0.));
#14234 = PLANE('',#14235);
#14235 = AXIS2_PLACEMENT_3D('',#14236,#14237,#14238);
#14236 = CARTESIAN_POINT('',(65.,-342.5,961.5));
#14237 = DIRECTION('',(1.,0.,0.));
#14238 = DIRECTION('',(0.,0.,1.));
#14239 = ADVANCED_FACE('',(#14240),#14274,.T.);
#14240 = FACE_BOUND('',#14241,.T.);
#14241 = EDGE_LOOP('',(#14242,#14252,#14260,#14268));
#14242 = ORIENTED_EDGE('',*,*,#14243,.F.);
#14243 = EDGE_CURVE('',#14244,#14246,#14248,.T.);
#14244 = VERTEX_POINT('',#14245);
#14245 = CARTESIAN_POINT('',(95.,-342.5,961.5));
#14246 = VERTEX_POINT('',#14247);
#14247 = CARTESIAN_POINT('',(95.,-342.5,973.5));
#14248 = LINE('',#14249,#14250);
#14249 = CARTESIAN_POINT('',(95.,-342.5,961.5));
#14250 = VECTOR('',#14251,1.);
#14251 = DIRECTION('',(0.,0.,1.));
#14252 = ORIENTED_EDGE('',*,*,#14253,.T.);
#14253 = EDGE_CURVE('',#14244,#14254,#14256,.T.);
#14254 = VERTEX_POINT('',#14255);
#14255 = CARTESIAN_POINT('',(95.,-334.5,961.5));
#14256 = LINE('',#14257,#14258);
#14257 = CARTESIAN_POINT('',(95.,-342.5,961.5));
#14258 = VECTOR('',#14259,1.);
#14259 = DIRECTION('',(0.,1.,0.));
#14260 = ORIENTED_EDGE('',*,*,#14261,.T.);
#14261 = EDGE_CURVE('',#14254,#14262,#14264,.T.);
#14262 = VERTEX_POINT('',#14263);
#14263 = CARTESIAN_POINT('',(95.,-334.5,973.5));
#14264 = LINE('',#14265,#14266);
#14265 = CARTESIAN_POINT('',(95.,-334.5,961.5));
#14266 = VECTOR('',#14267,1.);
#14267 = DIRECTION('',(0.,0.,1.));
#14268 = ORIENTED_EDGE('',*,*,#14269,.F.);
#14269 = EDGE_CURVE('',#14246,#14262,#14270,.T.);
#14270 = LINE('',#14271,#14272);
#14271 = CARTESIAN_POINT('',(95.,-342.5,973.5));
#14272 = VECTOR('',#14273,1.);
#14273 = DIRECTION('',(0.,1.,0.));
#14274 = PLANE('',#14275);
#14275 = AXIS2_PLACEMENT_3D('',#14276,#14277,#14278);
#14276 = CARTESIAN_POINT('',(95.,-342.5,961.5));
#14277 = DIRECTION('',(1.,0.,0.));
#14278 = DIRECTION('',(0.,0.,1.));
#14279 = ADVANCED_FACE('',(#14280),#14296,.F.);
#14280 = FACE_BOUND('',#14281,.F.);
#14281 = EDGE_LOOP('',(#14282,#14288,#14289,#14295));
#14282 = ORIENTED_EDGE('',*,*,#14283,.F.);
#14283 = EDGE_CURVE('',#14204,#14244,#14284,.T.);
#14284 = LINE('',#14285,#14286);
#14285 = CARTESIAN_POINT('',(65.,-342.5,961.5));
#14286 = VECTOR('',#14287,1.);
#14287 = DIRECTION('',(1.,0.,0.));
#14288 = ORIENTED_EDGE('',*,*,#14203,.T.);
#14289 = ORIENTED_EDGE('',*,*,#14290,.T.);
#14290 = EDGE_CURVE('',#14206,#14246,#14291,.T.);
#14291 = LINE('',#14292,#14293);
#14292 = CARTESIAN_POINT('',(65.,-342.5,973.5));
#14293 = VECTOR('',#14294,1.);
#14294 = DIRECTION('',(1.,0.,0.));
#14295 = ORIENTED_EDGE('',*,*,#14243,.F.);
#14296 = PLANE('',#14297);
#14297 = AXIS2_PLACEMENT_3D('',#14298,#14299,#14300);
#14298 = CARTESIAN_POINT('',(65.,-342.5,961.5));
#14299 = DIRECTION('',(0.,1.,0.));
#14300 = DIRECTION('',(0.,0.,1.));
#14301 = ADVANCED_FACE('',(#14302),#14318,.T.);
#14302 = FACE_BOUND('',#14303,.T.);
#14303 = EDGE_LOOP('',(#14304,#14310,#14311,#14317));
#14304 = ORIENTED_EDGE('',*,*,#14305,.F.);
#14305 = EDGE_CURVE('',#14214,#14254,#14306,.T.);
#14306 = LINE('',#14307,#14308);
#14307 = CARTESIAN_POINT('',(65.,-334.5,961.5));
#14308 = VECTOR('',#14309,1.);
#14309 = DIRECTION('',(1.,0.,0.));
#14310 = ORIENTED_EDGE('',*,*,#14221,.T.);
#14311 = ORIENTED_EDGE('',*,*,#14312,.T.);
#14312 = EDGE_CURVE('',#14222,#14262,#14313,.T.);
#14313 = LINE('',#14314,#14315);
#14314 = CARTESIAN_POINT('',(65.,-334.5,973.5));
#14315 = VECTOR('',#14316,1.);
#14316 = DIRECTION('',(1.,0.,0.));
#14317 = ORIENTED_EDGE('',*,*,#14261,.F.);
#14318 = PLANE('',#14319);
#14319 = AXIS2_PLACEMENT_3D('',#14320,#14321,#14322);
#14320 = CARTESIAN_POINT('',(65.,-334.5,961.5));
#14321 = DIRECTION('',(0.,1.,0.));
#14322 = DIRECTION('',(0.,0.,1.));
#14323 = ADVANCED_FACE('',(#14324),#14330,.F.);
#14324 = FACE_BOUND('',#14325,.F.);
#14325 = EDGE_LOOP('',(#14326,#14327,#14328,#14329));
#14326 = ORIENTED_EDGE('',*,*,#14213,.F.);
#14327 = ORIENTED_EDGE('',*,*,#14283,.T.);
#14328 = ORIENTED_EDGE('',*,*,#14253,.T.);
#14329 = ORIENTED_EDGE('',*,*,#14305,.F.);
#14330 = PLANE('',#14331);
#14331 = AXIS2_PLACEMENT_3D('',#14332,#14333,#14334);
#14332 = CARTESIAN_POINT('',(65.,-342.5,961.5));
#14333 = DIRECTION('',(0.,0.,1.));
#14334 = DIRECTION('',(1.,0.,0.));
#14335 = ADVANCED_FACE('',(#14336),#14342,.T.);
#14336 = FACE_BOUND('',#14337,.T.);
#14337 = EDGE_LOOP('',(#14338,#14339,#14340,#14341));
#14338 = ORIENTED_EDGE('',*,*,#14229,.F.);
#14339 = ORIENTED_EDGE('',*,*,#14290,.T.);
#14340 = ORIENTED_EDGE('',*,*,#14269,.T.);
#14341 = ORIENTED_EDGE('',*,*,#14312,.F.);
#14342 = PLANE('',#14343);
#14343 = AXIS2_PLACEMENT_3D('',#14344,#14345,#14346);
#14344 = CARTESIAN_POINT('',(65.,-342.5,973.5));
#14345 = DIRECTION('',(0.,0.,1.));
#14346 = DIRECTION('',(1.,0.,0.));
#14347 = MANIFOLD_SOLID_BREP('',#14348);
#14348 = CLOSED_SHELL('',(#14349,#14389,#14429,#14451,#14473,#14485));
#14349 = ADVANCED_FACE('',(#14350),#14384,.F.);
#14350 = FACE_BOUND('',#14351,.F.);
#14351 = EDGE_LOOP('',(#14352,#14362,#14370,#14378));
#14352 = ORIENTED_EDGE('',*,*,#14353,.F.);
#14353 = EDGE_CURVE('',#14354,#14356,#14358,.T.);
#14354 = VERTEX_POINT('',#14355);
#14355 = CARTESIAN_POINT('',(225.,-342.5,961.5));
#14356 = VERTEX_POINT('',#14357);
#14357 = CARTESIAN_POINT('',(225.,-342.5,973.5));
#14358 = LINE('',#14359,#14360);
#14359 = CARTESIAN_POINT('',(225.,-342.5,961.5));
#14360 = VECTOR('',#14361,1.);
#14361 = DIRECTION('',(0.,0.,1.));
#14362 = ORIENTED_EDGE('',*,*,#14363,.T.);
#14363 = EDGE_CURVE('',#14354,#14364,#14366,.T.);
#14364 = VERTEX_POINT('',#14365);
#14365 = CARTESIAN_POINT('',(225.,-334.5,961.5));
#14366 = LINE('',#14367,#14368);
#14367 = CARTESIAN_POINT('',(225.,-342.5,961.5));
#14368 = VECTOR('',#14369,1.);
#14369 = DIRECTION('',(0.,1.,0.));
#14370 = ORIENTED_EDGE('',*,*,#14371,.T.);
#14371 = EDGE_CURVE('',#14364,#14372,#14374,.T.);
#14372 = VERTEX_POINT('',#14373);
#14373 = CARTESIAN_POINT('',(225.,-334.5,973.5));
#14374 = LINE('',#14375,#14376);
#14375 = CARTESIAN_POINT('',(225.,-334.5,961.5));
#14376 = VECTOR('',#14377,1.);
#14377 = DIRECTION('',(0.,0.,1.));
#14378 = ORIENTED_EDGE('',*,*,#14379,.F.);
#14379 = EDGE_CURVE('',#14356,#14372,#14380,.T.);
#14380 = LINE('',#14381,#14382);
#14381 = CARTESIAN_POINT('',(225.,-342.5,973.5));
#14382 = VECTOR('',#14383,1.);
#14383 = DIRECTION('',(0.,1.,0.));
#14384 = PLANE('',#14385);
#14385 = AXIS2_PLACEMENT_3D('',#14386,#14387,#14388);
#14386 = CARTESIAN_POINT('',(225.,-342.5,961.5));
#14387 = DIRECTION('',(1.,0.,0.));
#14388 = DIRECTION('',(0.,0.,1.));
#14389 = ADVANCED_FACE('',(#14390),#14424,.T.);
#14390 = FACE_BOUND('',#14391,.T.);
#14391 = EDGE_LOOP('',(#14392,#14402,#14410,#14418));
#14392 = ORIENTED_EDGE('',*,*,#14393,.F.);
#14393 = EDGE_CURVE('',#14394,#14396,#14398,.T.);
#14394 = VERTEX_POINT('',#14395);
#14395 = CARTESIAN_POINT('',(255.,-342.5,961.5));
#14396 = VERTEX_POINT('',#14397);
#14397 = CARTESIAN_POINT('',(255.,-342.5,973.5));
#14398 = LINE('',#14399,#14400);
#14399 = CARTESIAN_POINT('',(255.,-342.5,961.5));
#14400 = VECTOR('',#14401,1.);
#14401 = DIRECTION('',(0.,0.,1.));
#14402 = ORIENTED_EDGE('',*,*,#14403,.T.);
#14403 = EDGE_CURVE('',#14394,#14404,#14406,.T.);
#14404 = VERTEX_POINT('',#14405);
#14405 = CARTESIAN_POINT('',(255.,-334.5,961.5));
#14406 = LINE('',#14407,#14408);
#14407 = CARTESIAN_POINT('',(255.,-342.5,961.5));
#14408 = VECTOR('',#14409,1.);
#14409 = DIRECTION('',(0.,1.,0.));
#14410 = ORIENTED_EDGE('',*,*,#14411,.T.);
#14411 = EDGE_CURVE('',#14404,#14412,#14414,.T.);
#14412 = VERTEX_POINT('',#14413);
#14413 = CARTESIAN_POINT('',(255.,-334.5,973.5));
#14414 = LINE('',#14415,#14416);
#14415 = CARTESIAN_POINT('',(255.,-334.5,961.5));
#14416 = VECTOR('',#14417,1.);
#14417 = DIRECTION('',(0.,0.,1.));
#14418 = ORIENTED_EDGE('',*,*,#14419,.F.);
#14419 = EDGE_CURVE('',#14396,#14412,#14420,.T.);
#14420 = LINE('',#14421,#14422);
#14421 = CARTESIAN_POINT('',(255.,-342.5,973.5));
#14422 = VECTOR('',#14423,1.);
#14423 = DIRECTION('',(0.,1.,0.));
#14424 = PLANE('',#14425);
#14425 = AXIS2_PLACEMENT_3D('',#14426,#14427,#14428);
#14426 = CARTESIAN_POINT('',(255.,-342.5,961.5));
#14427 = DIRECTION('',(1.,0.,0.));
#14428 = DIRECTION('',(0.,0.,1.));
#14429 = ADVANCED_FACE('',(#14430),#14446,.F.);
#14430 = FACE_BOUND('',#14431,.F.);
#14431 = EDGE_LOOP('',(#14432,#14438,#14439,#14445));
#14432 = ORIENTED_EDGE('',*,*,#14433,.F.);
#14433 = EDGE_CURVE('',#14354,#14394,#14434,.T.);
#14434 = LINE('',#14435,#14436);
#14435 = CARTESIAN_POINT('',(225.,-342.5,961.5));
#14436 = VECTOR('',#14437,1.);
#14437 = DIRECTION('',(1.,0.,0.));
#14438 = ORIENTED_EDGE('',*,*,#14353,.T.);
#14439 = ORIENTED_EDGE('',*,*,#14440,.T.);
#14440 = EDGE_CURVE('',#14356,#14396,#14441,.T.);
#14441 = LINE('',#14442,#14443);
#14442 = CARTESIAN_POINT('',(225.,-342.5,973.5));
#14443 = VECTOR('',#14444,1.);
#14444 = DIRECTION('',(1.,0.,0.));
#14445 = ORIENTED_EDGE('',*,*,#14393,.F.);
#14446 = PLANE('',#14447);
#14447 = AXIS2_PLACEMENT_3D('',#14448,#14449,#14450);
#14448 = CARTESIAN_POINT('',(225.,-342.5,961.5));
#14449 = DIRECTION('',(0.,1.,0.));
#14450 = DIRECTION('',(0.,0.,1.));
#14451 = ADVANCED_FACE('',(#14452),#14468,.T.);
#14452 = FACE_BOUND('',#14453,.T.);
#14453 = EDGE_LOOP('',(#14454,#14460,#14461,#14467));
#14454 = ORIENTED_EDGE('',*,*,#14455,.F.);
#14455 = EDGE_CURVE('',#14364,#14404,#14456,.T.);
#14456 = LINE('',#14457,#14458);
#14457 = CARTESIAN_POINT('',(225.,-334.5,961.5));
#14458 = VECTOR('',#14459,1.);
#14459 = DIRECTION('',(1.,0.,0.));
#14460 = ORIENTED_EDGE('',*,*,#14371,.T.);
#14461 = ORIENTED_EDGE('',*,*,#14462,.T.);
#14462 = EDGE_CURVE('',#14372,#14412,#14463,.T.);
#14463 = LINE('',#14464,#14465);
#14464 = CARTESIAN_POINT('',(225.,-334.5,973.5));
#14465 = VECTOR('',#14466,1.);
#14466 = DIRECTION('',(1.,0.,0.));
#14467 = ORIENTED_EDGE('',*,*,#14411,.F.);
#14468 = PLANE('',#14469);
#14469 = AXIS2_PLACEMENT_3D('',#14470,#14471,#14472);
#14470 = CARTESIAN_POINT('',(225.,-334.5,961.5));
#14471 = DIRECTION('',(0.,1.,0.));
#14472 = DIRECTION('',(0.,0.,1.));
#14473 = ADVANCED_FACE('',(#14474),#14480,.F.);
#14474 = FACE_BOUND('',#14475,.F.);
#14475 = EDGE_LOOP('',(#14476,#14477,#14478,#14479));
#14476 = ORIENTED_EDGE('',*,*,#14363,.F.);
#14477 = ORIENTED_EDGE('',*,*,#14433,.T.);
#14478 = ORIENTED_EDGE('',*,*,#14403,.T.);
#14479 = ORIENTED_EDGE('',*,*,#14455,.F.);
#14480 = PLANE('',#14481);
#14481 = AXIS2_PLACEMENT_3D('',#14482,#14483,#14484);
#14482 = CARTESIAN_POINT('',(225.,-342.5,961.5));
#14483 = DIRECTION('',(0.,0.,1.));
#14484 = DIRECTION('',(1.,0.,0.));
#14485 = ADVANCED_FACE('',(#14486),#14492,.T.);
#14486 = FACE_BOUND('',#14487,.T.);
#14487 = EDGE_LOOP('',(#14488,#14489,#14490,#14491));
#14488 = ORIENTED_EDGE('',*,*,#14379,.F.);
#14489 = ORIENTED_EDGE('',*,*,#14440,.T.);
#14490 = ORIENTED_EDGE('',*,*,#14419,.T.);
#14491 = ORIENTED_EDGE('',*,*,#14462,.F.);
#14492 = PLANE('',#14493);
#14493 = AXIS2_PLACEMENT_3D('',#14494,#14495,#14496);
#14494 = CARTESIAN_POINT('',(225.,-342.5,973.5));
#14495 = DIRECTION('',(0.,0.,1.));
#14496 = DIRECTION('',(1.,0.,0.));
#14497 = MANIFOLD_SOLID_BREP('',#14498);
#14498 = CLOSED_SHELL('',(#14499,#14539,#14579,#14601,#14623,#14635));
#14499 = ADVANCED_FACE('',(#14500),#14534,.F.);
#14500 = FACE_BOUND('',#14501,.F.);
#14501 = EDGE_LOOP('',(#14502,#14512,#14520,#14528));
#14502 = ORIENTED_EDGE('',*,*,#14503,.F.);
#14503 = EDGE_CURVE('',#14504,#14506,#14508,.T.);
#14504 = VERTEX_POINT('',#14505);
#14505 = CARTESIAN_POINT('',(-110.,-374.5,790.));
#14506 = VERTEX_POINT('',#14507);
#14507 = CARTESIAN_POINT('',(-110.,-374.5,820.));
#14508 = LINE('',#14509,#14510);
#14509 = CARTESIAN_POINT('',(-110.,-374.5,790.));
#14510 = VECTOR('',#14511,1.);
#14511 = DIRECTION('',(0.,0.,1.));
#14512 = ORIENTED_EDGE('',*,*,#14513,.T.);
#14513 = EDGE_CURVE('',#14504,#14514,#14516,.T.);
#14514 = VERTEX_POINT('',#14515);
#14515 = CARTESIAN_POINT('',(-110.,-334.5,790.));
#14516 = LINE('',#14517,#14518);
#14517 = CARTESIAN_POINT('',(-110.,-374.5,790.));
#14518 = VECTOR('',#14519,1.);
#14519 = DIRECTION('',(0.,1.,0.));
#14520 = ORIENTED_EDGE('',*,*,#14521,.T.);
#14521 = EDGE_CURVE('',#14514,#14522,#14524,.T.);
#14522 = VERTEX_POINT('',#14523);
#14523 = CARTESIAN_POINT('',(-110.,-334.5,820.));
#14524 = LINE('',#14525,#14526);
#14525 = CARTESIAN_POINT('',(-110.,-334.5,790.));
#14526 = VECTOR('',#14527,1.);
#14527 = DIRECTION('',(0.,0.,1.));
#14528 = ORIENTED_EDGE('',*,*,#14529,.F.);
#14529 = EDGE_CURVE('',#14506,#14522,#14530,.T.);
#14530 = LINE('',#14531,#14532);
#14531 = CARTESIAN_POINT('',(-110.,-374.5,820.));
#14532 = VECTOR('',#14533,1.);
#14533 = DIRECTION('',(0.,1.,0.));
#14534 = PLANE('',#14535);
#14535 = AXIS2_PLACEMENT_3D('',#14536,#14537,#14538);
#14536 = CARTESIAN_POINT('',(-110.,-374.5,790.));
#14537 = DIRECTION('',(1.,0.,0.));
#14538 = DIRECTION('',(0.,0.,1.));
#14539 = ADVANCED_FACE('',(#14540),#14574,.T.);
#14540 = FACE_BOUND('',#14541,.T.);
#14541 = EDGE_LOOP('',(#14542,#14552,#14560,#14568));
#14542 = ORIENTED_EDGE('',*,*,#14543,.F.);
#14543 = EDGE_CURVE('',#14544,#14546,#14548,.T.);
#14544 = VERTEX_POINT('',#14545);
#14545 = CARTESIAN_POINT('',(-90.,-374.5,790.));
#14546 = VERTEX_POINT('',#14547);
#14547 = CARTESIAN_POINT('',(-90.,-374.5,820.));
#14548 = LINE('',#14549,#14550);
#14549 = CARTESIAN_POINT('',(-90.,-374.5,790.));
#14550 = VECTOR('',#14551,1.);
#14551 = DIRECTION('',(0.,0.,1.));
#14552 = ORIENTED_EDGE('',*,*,#14553,.T.);
#14553 = EDGE_CURVE('',#14544,#14554,#14556,.T.);
#14554 = VERTEX_POINT('',#14555);
#14555 = CARTESIAN_POINT('',(-90.,-334.5,790.));
#14556 = LINE('',#14557,#14558);
#14557 = CARTESIAN_POINT('',(-90.,-374.5,790.));
#14558 = VECTOR('',#14559,1.);
#14559 = DIRECTION('',(0.,1.,0.));
#14560 = ORIENTED_EDGE('',*,*,#14561,.T.);
#14561 = EDGE_CURVE('',#14554,#14562,#14564,.T.);
#14562 = VERTEX_POINT('',#14563);
#14563 = CARTESIAN_POINT('',(-90.,-334.5,820.));
#14564 = LINE('',#14565,#14566);
#14565 = CARTESIAN_POINT('',(-90.,-334.5,790.));
#14566 = VECTOR('',#14567,1.);
#14567 = DIRECTION('',(0.,0.,1.));
#14568 = ORIENTED_EDGE('',*,*,#14569,.F.);
#14569 = EDGE_CURVE('',#14546,#14562,#14570,.T.);
#14570 = LINE('',#14571,#14572);
#14571 = CARTESIAN_POINT('',(-90.,-374.5,820.));
#14572 = VECTOR('',#14573,1.);
#14573 = DIRECTION('',(0.,1.,0.));
#14574 = PLANE('',#14575);
#14575 = AXIS2_PLACEMENT_3D('',#14576,#14577,#14578);
#14576 = CARTESIAN_POINT('',(-90.,-374.5,790.));
#14577 = DIRECTION('',(1.,0.,0.));
#14578 = DIRECTION('',(0.,0.,1.));
#14579 = ADVANCED_FACE('',(#14580),#14596,.F.);
#14580 = FACE_BOUND('',#14581,.F.);
#14581 = EDGE_LOOP('',(#14582,#14588,#14589,#14595));
#14582 = ORIENTED_EDGE('',*,*,#14583,.F.);
#14583 = EDGE_CURVE('',#14504,#14544,#14584,.T.);
#14584 = LINE('',#14585,#14586);
#14585 = CARTESIAN_POINT('',(-110.,-374.5,790.));
#14586 = VECTOR('',#14587,1.);
#14587 = DIRECTION('',(1.,0.,0.));
#14588 = ORIENTED_EDGE('',*,*,#14503,.T.);
#14589 = ORIENTED_EDGE('',*,*,#14590,.T.);
#14590 = EDGE_CURVE('',#14506,#14546,#14591,.T.);
#14591 = LINE('',#14592,#14593);
#14592 = CARTESIAN_POINT('',(-110.,-374.5,820.));
#14593 = VECTOR('',#14594,1.);
#14594 = DIRECTION('',(1.,0.,0.));
#14595 = ORIENTED_EDGE('',*,*,#14543,.F.);
#14596 = PLANE('',#14597);
#14597 = AXIS2_PLACEMENT_3D('',#14598,#14599,#14600);
#14598 = CARTESIAN_POINT('',(-110.,-374.5,790.));
#14599 = DIRECTION('',(0.,1.,0.));
#14600 = DIRECTION('',(0.,0.,1.));
#14601 = ADVANCED_FACE('',(#14602),#14618,.T.);
#14602 = FACE_BOUND('',#14603,.T.);
#14603 = EDGE_LOOP('',(#14604,#14610,#14611,#14617));
#14604 = ORIENTED_EDGE('',*,*,#14605,.F.);
#14605 = EDGE_CURVE('',#14514,#14554,#14606,.T.);
#14606 = LINE('',#14607,#14608);
#14607 = CARTESIAN_POINT('',(-110.,-334.5,790.));
#14608 = VECTOR('',#14609,1.);
#14609 = DIRECTION('',(1.,0.,0.));
#14610 = ORIENTED_EDGE('',*,*,#14521,.T.);
#14611 = ORIENTED_EDGE('',*,*,#14612,.T.);
#14612 = EDGE_CURVE('',#14522,#14562,#14613,.T.);
#14613 = LINE('',#14614,#14615);
#14614 = CARTESIAN_POINT('',(-110.,-334.5,820.));
#14615 = VECTOR('',#14616,1.);
#14616 = DIRECTION('',(1.,0.,0.));
#14617 = ORIENTED_EDGE('',*,*,#14561,.F.);
#14618 = PLANE('',#14619);
#14619 = AXIS2_PLACEMENT_3D('',#14620,#14621,#14622);
#14620 = CARTESIAN_POINT('',(-110.,-334.5,790.));
#14621 = DIRECTION('',(0.,1.,0.));
#14622 = DIRECTION('',(0.,0.,1.));
#14623 = ADVANCED_FACE('',(#14624),#14630,.F.);
#14624 = FACE_BOUND('',#14625,.F.);
#14625 = EDGE_LOOP('',(#14626,#14627,#14628,#14629));
#14626 = ORIENTED_EDGE('',*,*,#14513,.F.);
#14627 = ORIENTED_EDGE('',*,*,#14583,.T.);
#14628 = ORIENTED_EDGE('',*,*,#14553,.T.);
#14629 = ORIENTED_EDGE('',*,*,#14605,.F.);
#14630 = PLANE('',#14631);
#14631 = AXIS2_PLACEMENT_3D('',#14632,#14633,#14634);
#14632 = CARTESIAN_POINT('',(-110.,-374.5,790.));
#14633 = DIRECTION('',(0.,0.,1.));
#14634 = DIRECTION('',(1.,0.,0.));
#14635 = ADVANCED_FACE('',(#14636),#14642,.T.);
#14636 = FACE_BOUND('',#14637,.T.);
#14637 = EDGE_LOOP('',(#14638,#14639,#14640,#14641));
#14638 = ORIENTED_EDGE('',*,*,#14529,.F.);
#14639 = ORIENTED_EDGE('',*,*,#14590,.T.);
#14640 = ORIENTED_EDGE('',*,*,#14569,.T.);
#14641 = ORIENTED_EDGE('',*,*,#14612,.F.);
#14642 = PLANE('',#14643);
#14643 = AXIS2_PLACEMENT_3D('',#14644,#14645,#14646);
#14644 = CARTESIAN_POINT('',(-110.,-374.5,820.));
#14645 = DIRECTION('',(0.,0.,1.));
#14646 = DIRECTION('',(1.,0.,0.));
#14647 = MANIFOLD_SOLID_BREP('',#14648);
#14648 = CLOSED_SHELL('',(#14649,#14689,#14729,#14751,#14773,#14785));
#14649 = ADVANCED_FACE('',(#14650),#14684,.F.);
#14650 = FACE_BOUND('',#14651,.F.);
#14651 = EDGE_LOOP('',(#14652,#14662,#14670,#14678));
#14652 = ORIENTED_EDGE('',*,*,#14653,.F.);
#14653 = EDGE_CURVE('',#14654,#14656,#14658,.T.);
#14654 = VERTEX_POINT('',#14655);
#14655 = CARTESIAN_POINT('',(90.,-374.5,790.));
#14656 = VERTEX_POINT('',#14657);
#14657 = CARTESIAN_POINT('',(90.,-374.5,820.));
#14658 = LINE('',#14659,#14660);
#14659 = CARTESIAN_POINT('',(90.,-374.5,790.));
#14660 = VECTOR('',#14661,1.);
#14661 = DIRECTION('',(0.,0.,1.));
#14662 = ORIENTED_EDGE('',*,*,#14663,.T.);
#14663 = EDGE_CURVE('',#14654,#14664,#14666,.T.);
#14664 = VERTEX_POINT('',#14665);
#14665 = CARTESIAN_POINT('',(90.,-334.5,790.));
#14666 = LINE('',#14667,#14668);
#14667 = CARTESIAN_POINT('',(90.,-374.5,790.));
#14668 = VECTOR('',#14669,1.);
#14669 = DIRECTION('',(0.,1.,0.));
#14670 = ORIENTED_EDGE('',*,*,#14671,.T.);
#14671 = EDGE_CURVE('',#14664,#14672,#14674,.T.);
#14672 = VERTEX_POINT('',#14673);
#14673 = CARTESIAN_POINT('',(90.,-334.5,820.));
#14674 = LINE('',#14675,#14676);
#14675 = CARTESIAN_POINT('',(90.,-334.5,790.));
#14676 = VECTOR('',#14677,1.);
#14677 = DIRECTION('',(0.,0.,1.));
#14678 = ORIENTED_EDGE('',*,*,#14679,.F.);
#14679 = EDGE_CURVE('',#14656,#14672,#14680,.T.);
#14680 = LINE('',#14681,#14682);
#14681 = CARTESIAN_POINT('',(90.,-374.5,820.));
#14682 = VECTOR('',#14683,1.);
#14683 = DIRECTION('',(0.,1.,0.));
#14684 = PLANE('',#14685);
#14685 = AXIS2_PLACEMENT_3D('',#14686,#14687,#14688);
#14686 = CARTESIAN_POINT('',(90.,-374.5,790.));
#14687 = DIRECTION('',(1.,0.,0.));
#14688 = DIRECTION('',(0.,0.,1.));
#14689 = ADVANCED_FACE('',(#14690),#14724,.T.);
#14690 = FACE_BOUND('',#14691,.T.);
#14691 = EDGE_LOOP('',(#14692,#14702,#14710,#14718));
#14692 = ORIENTED_EDGE('',*,*,#14693,.F.);
#14693 = EDGE_CURVE('',#14694,#14696,#14698,.T.);
#14694 = VERTEX_POINT('',#14695);
#14695 = CARTESIAN_POINT('',(110.,-374.5,790.));
#14696 = VERTEX_POINT('',#14697);
#14697 = CARTESIAN_POINT('',(110.,-374.5,820.));
#14698 = LINE('',#14699,#14700);
#14699 = CARTESIAN_POINT('',(110.,-374.5,790.));
#14700 = VECTOR('',#14701,1.);
#14701 = DIRECTION('',(0.,0.,1.));
#14702 = ORIENTED_EDGE('',*,*,#14703,.T.);
#14703 = EDGE_CURVE('',#14694,#14704,#14706,.T.);
#14704 = VERTEX_POINT('',#14705);
#14705 = CARTESIAN_POINT('',(110.,-334.5,790.));
#14706 = LINE('',#14707,#14708);
#14707 = CARTESIAN_POINT('',(110.,-374.5,790.));
#14708 = VECTOR('',#14709,1.);
#14709 = DIRECTION('',(0.,1.,0.));
#14710 = ORIENTED_EDGE('',*,*,#14711,.T.);
#14711 = EDGE_CURVE('',#14704,#14712,#14714,.T.);
#14712 = VERTEX_POINT('',#14713);
#14713 = CARTESIAN_POINT('',(110.,-334.5,820.));
#14714 = LINE('',#14715,#14716);
#14715 = CARTESIAN_POINT('',(110.,-334.5,790.));
#14716 = VECTOR('',#14717,1.);
#14717 = DIRECTION('',(0.,0.,1.));
#14718 = ORIENTED_EDGE('',*,*,#14719,.F.);
#14719 = EDGE_CURVE('',#14696,#14712,#14720,.T.);
#14720 = LINE('',#14721,#14722);
#14721 = CARTESIAN_POINT('',(110.,-374.5,820.));
#14722 = VECTOR('',#14723,1.);
#14723 = DIRECTION('',(0.,1.,0.));
#14724 = PLANE('',#14725);
#14725 = AXIS2_PLACEMENT_3D('',#14726,#14727,#14728);
#14726 = CARTESIAN_POINT('',(110.,-374.5,790.));
#14727 = DIRECTION('',(1.,0.,0.));
#14728 = DIRECTION('',(0.,0.,1.));
#14729 = ADVANCED_FACE('',(#14730),#14746,.F.);
#14730 = FACE_BOUND('',#14731,.F.);
#14731 = EDGE_LOOP('',(#14732,#14738,#14739,#14745));
#14732 = ORIENTED_EDGE('',*,*,#14733,.F.);
#14733 = EDGE_CURVE('',#14654,#14694,#14734,.T.);
#14734 = LINE('',#14735,#14736);
#14735 = CARTESIAN_POINT('',(90.,-374.5,790.));
#14736 = VECTOR('',#14737,1.);
#14737 = DIRECTION('',(1.,0.,0.));
#14738 = ORIENTED_EDGE('',*,*,#14653,.T.);
#14739 = ORIENTED_EDGE('',*,*,#14740,.T.);
#14740 = EDGE_CURVE('',#14656,#14696,#14741,.T.);
#14741 = LINE('',#14742,#14743);
#14742 = CARTESIAN_POINT('',(90.,-374.5,820.));
#14743 = VECTOR('',#14744,1.);
#14744 = DIRECTION('',(1.,0.,0.));
#14745 = ORIENTED_EDGE('',*,*,#14693,.F.);
#14746 = PLANE('',#14747);
#14747 = AXIS2_PLACEMENT_3D('',#14748,#14749,#14750);
#14748 = CARTESIAN_POINT('',(90.,-374.5,790.));
#14749 = DIRECTION('',(0.,1.,0.));
#14750 = DIRECTION('',(0.,0.,1.));
#14751 = ADVANCED_FACE('',(#14752),#14768,.T.);
#14752 = FACE_BOUND('',#14753,.T.);
#14753 = EDGE_LOOP('',(#14754,#14760,#14761,#14767));
#14754 = ORIENTED_EDGE('',*,*,#14755,.F.);
#14755 = EDGE_CURVE('',#14664,#14704,#14756,.T.);
#14756 = LINE('',#14757,#14758);
#14757 = CARTESIAN_POINT('',(90.,-334.5,790.));
#14758 = VECTOR('',#14759,1.);
#14759 = DIRECTION('',(1.,0.,0.));
#14760 = ORIENTED_EDGE('',*,*,#14671,.T.);
#14761 = ORIENTED_EDGE('',*,*,#14762,.T.);
#14762 = EDGE_CURVE('',#14672,#14712,#14763,.T.);
#14763 = LINE('',#14764,#14765);
#14764 = CARTESIAN_POINT('',(90.,-334.5,820.));
#14765 = VECTOR('',#14766,1.);
#14766 = DIRECTION('',(1.,0.,0.));
#14767 = ORIENTED_EDGE('',*,*,#14711,.F.);
#14768 = PLANE('',#14769);
#14769 = AXIS2_PLACEMENT_3D('',#14770,#14771,#14772);
#14770 = CARTESIAN_POINT('',(90.,-334.5,790.));
#14771 = DIRECTION('',(0.,1.,0.));
#14772 = DIRECTION('',(0.,0.,1.));
#14773 = ADVANCED_FACE('',(#14774),#14780,.F.);
#14774 = FACE_BOUND('',#14775,.F.);
#14775 = EDGE_LOOP('',(#14776,#14777,#14778,#14779));
#14776 = ORIENTED_EDGE('',*,*,#14663,.F.);
#14777 = ORIENTED_EDGE('',*,*,#14733,.T.);
#14778 = ORIENTED_EDGE('',*,*,#14703,.T.);
#14779 = ORIENTED_EDGE('',*,*,#14755,.F.);
#14780 = PLANE('',#14781);
#14781 = AXIS2_PLACEMENT_3D('',#14782,#14783,#14784);
#14782 = CARTESIAN_POINT('',(90.,-374.5,790.));
#14783 = DIRECTION('',(0.,0.,1.));
#14784 = DIRECTION('',(1.,0.,0.));
#14785 = ADVANCED_FACE('',(#14786),#14792,.T.);
#14786 = FACE_BOUND('',#14787,.T.);
#14787 = EDGE_LOOP('',(#14788,#14789,#14790,#14791));
#14788 = ORIENTED_EDGE('',*,*,#14679,.F.);
#14789 = ORIENTED_EDGE('',*,*,#14740,.T.);
#14790 = ORIENTED_EDGE('',*,*,#14719,.T.);
#14791 = ORIENTED_EDGE('',*,*,#14762,.F.);
#14792 = PLANE('',#14793);
#14793 = AXIS2_PLACEMENT_3D('',#14794,#14795,#14796);
#14794 = CARTESIAN_POINT('',(90.,-374.5,820.));
#14795 = DIRECTION('',(0.,0.,1.));
#14796 = DIRECTION('',(1.,0.,0.));
#14797 = ( GEOMETRIC_REPRESENTATION_CONTEXT(3) 
GLOBAL_UNCERTAINTY_ASSIGNED_CONTEXT((#14801)) 
GLOBAL_UNIT_ASSIGNED_CONTEXT((#14798,#14799,#14800)) 
REPRESENTATION_CONTEXT('Context #1',
  '3D Context with UNIT and UNCERTAINTY') );
#14798 = ( LENGTH_UNIT() NAMED_UNIT(*) SI_UNIT(.MILLI.,.METRE.) );
#14799 = ( NAMED_UNIT(*) PLANE_ANGLE_UNIT() SI_UNIT($,.RADIAN.) );
#14800 = ( NAMED_UNIT(*) SI_UNIT($,.STERADIAN.) SOLID_ANGLE_UNIT() );
#14801 = UNCERTAINTY_MEASURE_WITH_UNIT(LENGTH_MEASURE(1.E-07),#14798,
  'distance_accuracy_value','confusion accuracy');
#14802 = PRODUCT_RELATED_PRODUCT_CATEGORY('part',$,(#7));
ENDSEC;
END-ISO-10303-21;
