ISO-10303-21;
HEADER;
FILE_DESCRIPTION(('FreeCAD Model'),'2;1');
FILE_NAME('Open CASCADE Shape Model','2026-10-02T23:00:03',('FreeCAD'),(
    'FreeCAD'),'Open CASCADE STEP processor 7.8','FreeCAD','Unknown');
FILE_SCHEMA(('AUTOMOTIVE_DESIGN { 1 0 10303 214 1 1 1 1 }'));
ENDSEC;
DATA;
#1 = APPLICATION_PROTOCOL_DEFINITION('international standard',
  'automotive_design',2000,#2);
#2 = APPLICATION_CONTEXT(
  'core data for automotive mechanical design processes');
#3 = SHAPE_DEFINITION_REPRESENTATION(#4,#10);
#4 = PRODUCT_DEFINITION_SHAPE('','',#5);
#5 = PRODUCT_DEFINITION('design','',#6,#9);
#6 = PRODUCT_DEFINITION_FORMATION('','',#7);
#7 = PRODUCT('Open CASCADE STEP translator 7.8 1',
  'Open CASCADE STEP translator 7.8 1','',(#8));
#8 = PRODUCT_CONTEXT('',#2,'mechanical');
#9 = PRODUCT_DEFINITION_CONTEXT('part definition',#2,'design');
#10 = SHAPE_REPRESENTATION('',(#11,#15,#1557,#1711,#1865,#2015,#2165,
    #2451,#2737,#2887,#3383,#3475,#3567,#3853,#4139,#4425,#4711,#4997,
    #5283,#5569,#5855,#6141,#6427,#6713,#6999,#7285,#7571,#7857,#8143,
    #9517,#10331,#11145,#11567,#11717,#12139,#12289,#12439),#12725);
#11 = AXIS2_PLACEMENT_3D('',#12,#13,#14);
#12 = CARTESIAN_POINT('',(0.,0.,0.));
#13 = DIRECTION('',(0.,0.,1.));
#14 = DIRECTION('',(1.,0.,-0.));
#15 = MANIFOLD_SOLID_BREP('',#16);
#16 = CLOSED_SHELL('',(#17,#433,#453,#495,#519,#554,#574,#591,#623,#647,
    #671,#689,#721,#745,#770,#787,#819,#843,#868,#885,#917,#941,#966,
    #983,#1015,#1039,#1064,#1081,#1113,#1137,#1161,#1179,#1211,#1235,
    #1260,#1277,#1309,#1333,#1358,#1375,#1407,#1431,#1456,#1473));
#17 = ADVANCED_FACE('',(#18,#104,#140,#176,#212,#248,#284,#320,#356,#392
    ),#428,.T.);
#18 = FACE_BOUND('',#19,.F.);
#19 = EDGE_LOOP('',(#20,#29,#37,#46,#54,#63,#71,#78,#79,#88,#96,#103));
#20 = ORIENTED_EDGE('',*,*,#21,.F.);
#21 = EDGE_CURVE('',#22,#22,#24,.T.);
#22 = VERTEX_POINT('',#23);
#23 = CARTESIAN_POINT('',(477.,-1.17E-13,150.));
#24 = CIRCLE('',#25,477.);
#25 = AXIS2_PLACEMENT_3D('',#26,#27,#28);
#26 = CARTESIAN_POINT('',(0.,0.,150.));
#27 = DIRECTION('',(0.,0.,1.));
#28 = DIRECTION('',(1.,0.,0.));
#29 = ORIENTED_EDGE('',*,*,#30,.T.);
#30 = EDGE_CURVE('',#22,#31,#33,.T.);
#31 = VERTEX_POINT('',#32);
#32 = CARTESIAN_POINT('',(477.,-1.17E-13,230.));
#33 = LINE('',#34,#35);
#34 = CARTESIAN_POINT('',(477.,-1.1683E-13,150.));
#35 = VECTOR('',#36,1.);
#36 = DIRECTION('',(0.,0.,1.));
#37 = ORIENTED_EDGE('',*,*,#38,.F.);
#38 = EDGE_CURVE('',#39,#31,#41,.T.);
#39 = VERTEX_POINT('',#40);
#40 = CARTESIAN_POINT('',(470.24355391647,80.,230.));
#41 = CIRCLE('',#42,477.);
#42 = AXIS2_PLACEMENT_3D('',#43,#44,#45);
#43 = CARTESIAN_POINT('',(0.,0.,230.));
#44 = DIRECTION('',(0.,0.,-1.));
#45 = DIRECTION('',(1.,0.,0.));
#46 = ORIENTED_EDGE('',*,*,#47,.F.);
#47 = EDGE_CURVE('',#48,#39,#50,.T.);
#48 = VERTEX_POINT('',#49);
#49 = CARTESIAN_POINT('',(470.24355391647,80.,370.));
#50 = LINE('',#51,#52);
#51 = CARTESIAN_POINT('',(470.24355391647,80.,150.));
#52 = VECTOR('',#53,1.);
#53 = DIRECTION('',(-0.,-0.,-1.));
#54 = ORIENTED_EDGE('',*,*,#55,.T.);
#55 = EDGE_CURVE('',#48,#56,#58,.T.);
#56 = VERTEX_POINT('',#57);
#57 = CARTESIAN_POINT('',(477.,-1.17E-13,370.));
#58 = CIRCLE('',#59,477.);
#59 = AXIS2_PLACEMENT_3D('',#60,#61,#62);
#60 = CARTESIAN_POINT('',(0.,0.,370.));
#61 = DIRECTION('',(0.,0.,-1.));
#62 = DIRECTION('',(1.,0.,0.));
#63 = ORIENTED_EDGE('',*,*,#64,.T.);
#64 = EDGE_CURVE('',#56,#65,#67,.T.);
#65 = VERTEX_POINT('',#66);
#66 = CARTESIAN_POINT('',(477.,-1.17E-13,2.215E+03));
#67 = LINE('',#68,#69);
#68 = CARTESIAN_POINT('',(477.,-1.1683E-13,150.));
#69 = VECTOR('',#70,1.);
#70 = DIRECTION('',(0.,0.,1.));
#71 = ORIENTED_EDGE('',*,*,#72,.T.);
#72 = EDGE_CURVE('',#65,#65,#73,.T.);
#73 = CIRCLE('',#74,477.);
#74 = AXIS2_PLACEMENT_3D('',#75,#76,#77);
#75 = CARTESIAN_POINT('',(0.,0.,2.215E+03));
#76 = DIRECTION('',(0.,0.,1.));
#77 = DIRECTION('',(1.,0.,0.));
#78 = ORIENTED_EDGE('',*,*,#64,.F.);
#79 = ORIENTED_EDGE('',*,*,#80,.T.);
#80 = EDGE_CURVE('',#56,#81,#83,.T.);
#81 = VERTEX_POINT('',#82);
#82 = CARTESIAN_POINT('',(470.24355391647,-80.,370.));
#83 = CIRCLE('',#84,477.);
#84 = AXIS2_PLACEMENT_3D('',#85,#86,#87);
#85 = CARTESIAN_POINT('',(0.,0.,370.));
#86 = DIRECTION('',(0.,0.,-1.));
#87 = DIRECTION('',(1.,0.,0.));
#88 = ORIENTED_EDGE('',*,*,#89,.T.);
#89 = EDGE_CURVE('',#81,#90,#92,.T.);
#90 = VERTEX_POINT('',#91);
#91 = CARTESIAN_POINT('',(470.24355391647,-80.,230.));
#92 = LINE('',#93,#94);
#93 = CARTESIAN_POINT('',(470.24355391647,-80.,150.));
#94 = VECTOR('',#95,1.);
#95 = DIRECTION('',(-0.,-0.,-1.));
#96 = ORIENTED_EDGE('',*,*,#97,.F.);
#97 = EDGE_CURVE('',#31,#90,#98,.T.);
#98 = CIRCLE('',#99,477.);
#99 = AXIS2_PLACEMENT_3D('',#100,#101,#102);
#100 = CARTESIAN_POINT('',(0.,0.,230.));
#101 = DIRECTION('',(0.,0.,-1.));
#102 = DIRECTION('',(1.,0.,0.));
#103 = ORIENTED_EDGE('',*,*,#30,.F.);
#104 = FACE_BOUND('',#105,.F.);
#105 = EDGE_LOOP('',(#106,#117,#125,#134));
#106 = ORIENTED_EDGE('',*,*,#107,.T.);
#107 = EDGE_CURVE('',#108,#110,#112,.T.);
#108 = VERTEX_POINT('',#109);
#109 = CARTESIAN_POINT('',(325.,-349.1475332864,965.));
#110 = VERTEX_POINT('',#111);
#111 = CARTESIAN_POINT('',(-325.,-349.1475332864,965.));
#112 = CIRCLE('',#113,477.);
#113 = AXIS2_PLACEMENT_3D('',#114,#115,#116);
#114 = CARTESIAN_POINT('',(0.,0.,965.));
#115 = DIRECTION('',(0.,0.,-1.));
#116 = DIRECTION('',(1.,0.,0.));
#117 = ORIENTED_EDGE('',*,*,#118,.T.);
#118 = EDGE_CURVE('',#110,#119,#121,.T.);
#119 = VERTEX_POINT('',#120);
#120 = CARTESIAN_POINT('',(-325.,-349.1475332864,625.));
#121 = LINE('',#122,#123);
#122 = CARTESIAN_POINT('',(-325.,-349.1475332864,150.));
#123 = VECTOR('',#124,1.);
#124 = DIRECTION('',(-0.,-0.,-1.));
#125 = ORIENTED_EDGE('',*,*,#126,.F.);
#126 = EDGE_CURVE('',#127,#119,#129,.T.);
#127 = VERTEX_POINT('',#128);
#128 = CARTESIAN_POINT('',(325.,-349.1475332864,625.));
#129 = CIRCLE('',#130,477.);
#130 = AXIS2_PLACEMENT_3D('',#131,#132,#133);
#131 = CARTESIAN_POINT('',(0.,0.,625.));
#132 = DIRECTION('',(0.,0.,-1.));
#133 = DIRECTION('',(1.,0.,0.));
#134 = ORIENTED_EDGE('',*,*,#135,.F.);
#135 = EDGE_CURVE('',#108,#127,#136,.T.);
#136 = LINE('',#137,#138);
#137 = CARTESIAN_POINT('',(325.,-349.1475332864,150.));
#138 = VECTOR('',#139,1.);
#139 = DIRECTION('',(-0.,-0.,-1.));
#140 = FACE_BOUND('',#141,.F.);
#141 = EDGE_LOOP('',(#142,#153,#161,#170));
#142 = ORIENTED_EDGE('',*,*,#143,.T.);
#143 = EDGE_CURVE('',#144,#146,#148,.T.);
#144 = VERTEX_POINT('',#145);
#145 = CARTESIAN_POINT('',(275.94386328868,389.08094827852,370.));
#146 = VERTEX_POINT('',#147);
#147 = CARTESIAN_POINT('',(389.08094827852,275.94386328868,370.));
#148 = CIRCLE('',#149,477.);
#149 = AXIS2_PLACEMENT_3D('',#150,#151,#152);
#150 = CARTESIAN_POINT('',(0.,0.,370.));
#151 = DIRECTION('',(0.,0.,-1.));
#152 = DIRECTION('',(1.,0.,0.));
#153 = ORIENTED_EDGE('',*,*,#154,.T.);
#154 = EDGE_CURVE('',#146,#155,#157,.T.);
#155 = VERTEX_POINT('',#156);
#156 = CARTESIAN_POINT('',(389.08094827852,275.94386328868,230.));
#157 = LINE('',#158,#159);
#158 = CARTESIAN_POINT('',(389.08094827852,275.94386328868,150.));
#159 = VECTOR('',#160,1.);
#160 = DIRECTION('',(-0.,-0.,-1.));
#161 = ORIENTED_EDGE('',*,*,#162,.F.);
#162 = EDGE_CURVE('',#163,#155,#165,.T.);
#163 = VERTEX_POINT('',#164);
#164 = CARTESIAN_POINT('',(275.94386328868,389.08094827852,230.));
#165 = CIRCLE('',#166,477.);
#166 = AXIS2_PLACEMENT_3D('',#167,#168,#169);
#167 = CARTESIAN_POINT('',(0.,0.,230.));
#168 = DIRECTION('',(0.,0.,-1.));
#169 = DIRECTION('',(1.,0.,0.));
#170 = ORIENTED_EDGE('',*,*,#171,.F.);
#171 = EDGE_CURVE('',#144,#163,#172,.T.);
#172 = LINE('',#173,#174);
#173 = CARTESIAN_POINT('',(275.94386328868,389.08094827852,150.));
#174 = VECTOR('',#175,1.);
#175 = DIRECTION('',(-0.,-0.,-1.));
#176 = FACE_BOUND('',#177,.F.);
#177 = EDGE_LOOP('',(#178,#189,#197,#206));
#178 = ORIENTED_EDGE('',*,*,#179,.T.);
#179 = EDGE_CURVE('',#180,#182,#184,.T.);
#180 = VERTEX_POINT('',#181);
#181 = CARTESIAN_POINT('',(-80.,470.24355391647,370.));
#182 = VERTEX_POINT('',#183);
#183 = CARTESIAN_POINT('',(80.,470.24355391647,370.));
#184 = CIRCLE('',#185,477.);
#185 = AXIS2_PLACEMENT_3D('',#186,#187,#188);
#186 = CARTESIAN_POINT('',(0.,0.,370.));
#187 = DIRECTION('',(0.,0.,-1.));
#188 = DIRECTION('',(1.,0.,0.));
#189 = ORIENTED_EDGE('',*,*,#190,.T.);
#190 = EDGE_CURVE('',#182,#191,#193,.T.);
#191 = VERTEX_POINT('',#192);
#192 = CARTESIAN_POINT('',(80.,470.24355391647,230.));
#193 = LINE('',#194,#195);
#194 = CARTESIAN_POINT('',(80.,470.24355391647,150.));
#195 = VECTOR('',#196,1.);
#196 = DIRECTION('',(-0.,-0.,-1.));
#197 = ORIENTED_EDGE('',*,*,#198,.F.);
#198 = EDGE_CURVE('',#199,#191,#201,.T.);
#199 = VERTEX_POINT('',#200);
#200 = CARTESIAN_POINT('',(-80.,470.24355391647,230.));
#201 = CIRCLE('',#202,477.);
#202 = AXIS2_PLACEMENT_3D('',#203,#204,#205);
#203 = CARTESIAN_POINT('',(0.,0.,230.));
#204 = DIRECTION('',(0.,0.,-1.));
#205 = DIRECTION('',(1.,0.,0.));
#206 = ORIENTED_EDGE('',*,*,#207,.F.);
#207 = EDGE_CURVE('',#180,#199,#208,.T.);
#208 = LINE('',#209,#210);
#209 = CARTESIAN_POINT('',(-80.,470.24355391647,150.));
#210 = VECTOR('',#211,1.);
#211 = DIRECTION('',(-0.,-0.,-1.));
#212 = FACE_BOUND('',#213,.F.);
#213 = EDGE_LOOP('',(#214,#225,#233,#242));
#214 = ORIENTED_EDGE('',*,*,#215,.T.);
#215 = EDGE_CURVE('',#216,#218,#220,.T.);
#216 = VERTEX_POINT('',#217);
#217 = CARTESIAN_POINT('',(-389.0809482785,275.94386328868,370.));
#218 = VERTEX_POINT('',#219);
#219 = CARTESIAN_POINT('',(-275.9438632886,389.08094827852,370.));
#220 = CIRCLE('',#221,477.);
#221 = AXIS2_PLACEMENT_3D('',#222,#223,#224);
#222 = CARTESIAN_POINT('',(0.,0.,370.));
#223 = DIRECTION('',(0.,0.,-1.));
#224 = DIRECTION('',(1.,0.,0.));
#225 = ORIENTED_EDGE('',*,*,#226,.T.);
#226 = EDGE_CURVE('',#218,#227,#229,.T.);
#227 = VERTEX_POINT('',#228);
#228 = CARTESIAN_POINT('',(-275.9438632886,389.08094827852,230.));
#229 = LINE('',#230,#231);
#230 = CARTESIAN_POINT('',(-275.9438632886,389.08094827852,150.));
#231 = VECTOR('',#232,1.);
#232 = DIRECTION('',(-0.,-0.,-1.));
#233 = ORIENTED_EDGE('',*,*,#234,.F.);
#234 = EDGE_CURVE('',#235,#227,#237,.T.);
#235 = VERTEX_POINT('',#236);
#236 = CARTESIAN_POINT('',(-389.0809482785,275.94386328868,230.));
#237 = CIRCLE('',#238,477.);
#238 = AXIS2_PLACEMENT_3D('',#239,#240,#241);
#239 = CARTESIAN_POINT('',(0.,0.,230.));
#240 = DIRECTION('',(0.,0.,-1.));
#241 = DIRECTION('',(1.,0.,0.));
#242 = ORIENTED_EDGE('',*,*,#243,.F.);
#243 = EDGE_CURVE('',#216,#235,#244,.T.);
#244 = LINE('',#245,#246);
#245 = CARTESIAN_POINT('',(-389.0809482785,275.94386328868,150.));
#246 = VECTOR('',#247,1.);
#247 = DIRECTION('',(-0.,-0.,-1.));
#248 = FACE_BOUND('',#249,.F.);
#249 = EDGE_LOOP('',(#250,#261,#269,#278));
#250 = ORIENTED_EDGE('',*,*,#251,.T.);
#251 = EDGE_CURVE('',#252,#254,#256,.T.);
#252 = VERTEX_POINT('',#253);
#253 = CARTESIAN_POINT('',(-470.2435539164,-80.,370.));
#254 = VERTEX_POINT('',#255);
#255 = CARTESIAN_POINT('',(-470.2435539164,80.,370.));
#256 = CIRCLE('',#257,477.);
#257 = AXIS2_PLACEMENT_3D('',#258,#259,#260);
#258 = CARTESIAN_POINT('',(0.,0.,370.));
#259 = DIRECTION('',(0.,0.,-1.));
#260 = DIRECTION('',(1.,0.,0.));
#261 = ORIENTED_EDGE('',*,*,#262,.T.);
#262 = EDGE_CURVE('',#254,#263,#265,.T.);
#263 = VERTEX_POINT('',#264);
#264 = CARTESIAN_POINT('',(-470.2435539164,80.,230.));
#265 = LINE('',#266,#267);
#266 = CARTESIAN_POINT('',(-470.2435539164,80.,150.));
#267 = VECTOR('',#268,1.);
#268 = DIRECTION('',(-0.,-0.,-1.));
#269 = ORIENTED_EDGE('',*,*,#270,.F.);
#270 = EDGE_CURVE('',#271,#263,#273,.T.);
#271 = VERTEX_POINT('',#272);
#272 = CARTESIAN_POINT('',(-470.2435539164,-80.,230.));
#273 = CIRCLE('',#274,477.);
#274 = AXIS2_PLACEMENT_3D('',#275,#276,#277);
#275 = CARTESIAN_POINT('',(0.,0.,230.));
#276 = DIRECTION('',(0.,0.,-1.));
#277 = DIRECTION('',(1.,0.,0.));
#278 = ORIENTED_EDGE('',*,*,#279,.F.);
#279 = EDGE_CURVE('',#252,#271,#280,.T.);
#280 = LINE('',#281,#282);
#281 = CARTESIAN_POINT('',(-470.2435539164,-80.,150.));
#282 = VECTOR('',#283,1.);
#283 = DIRECTION('',(-0.,-0.,-1.));
#284 = FACE_BOUND('',#285,.F.);
#285 = EDGE_LOOP('',(#286,#297,#305,#314));
#286 = ORIENTED_EDGE('',*,*,#287,.T.);
#287 = EDGE_CURVE('',#288,#290,#292,.T.);
#288 = VERTEX_POINT('',#289);
#289 = CARTESIAN_POINT('',(325.,-349.1475332864,520.));
#290 = VERTEX_POINT('',#291);
#291 = CARTESIAN_POINT('',(-325.,-349.1475332864,520.));
#292 = CIRCLE('',#293,477.);
#293 = AXIS2_PLACEMENT_3D('',#294,#295,#296);
#294 = CARTESIAN_POINT('',(0.,0.,520.));
#295 = DIRECTION('',(0.,0.,-1.));
#296 = DIRECTION('',(1.,0.,0.));
#297 = ORIENTED_EDGE('',*,*,#298,.T.);
#298 = EDGE_CURVE('',#290,#299,#301,.T.);
#299 = VERTEX_POINT('',#300);
#300 = CARTESIAN_POINT('',(-325.,-349.1475332864,430.));
#301 = LINE('',#302,#303);
#302 = CARTESIAN_POINT('',(-325.,-349.1475332864,150.));
#303 = VECTOR('',#304,1.);
#304 = DIRECTION('',(-0.,-0.,-1.));
#305 = ORIENTED_EDGE('',*,*,#306,.F.);
#306 = EDGE_CURVE('',#307,#299,#309,.T.);
#307 = VERTEX_POINT('',#308);
#308 = CARTESIAN_POINT('',(325.,-349.1475332864,430.));
#309 = CIRCLE('',#310,477.);
#310 = AXIS2_PLACEMENT_3D('',#311,#312,#313);
#311 = CARTESIAN_POINT('',(0.,0.,430.));
#312 = DIRECTION('',(0.,0.,-1.));
#313 = DIRECTION('',(1.,0.,0.));
#314 = ORIENTED_EDGE('',*,*,#315,.F.);
#315 = EDGE_CURVE('',#288,#307,#316,.T.);
#316 = LINE('',#317,#318);
#317 = CARTESIAN_POINT('',(325.,-349.1475332864,150.));
#318 = VECTOR('',#319,1.);
#319 = DIRECTION('',(-0.,-0.,-1.));
#320 = FACE_BOUND('',#321,.F.);
#321 = EDGE_LOOP('',(#322,#333,#341,#350));
#322 = ORIENTED_EDGE('',*,*,#323,.T.);
#323 = EDGE_CURVE('',#324,#326,#328,.T.);
#324 = VERTEX_POINT('',#325);
#325 = CARTESIAN_POINT('',(-275.9438632886,-389.0809482785,370.));
#326 = VERTEX_POINT('',#327);
#327 = CARTESIAN_POINT('',(-389.0809482785,-275.9438632886,370.));
#328 = CIRCLE('',#329,477.);
#329 = AXIS2_PLACEMENT_3D('',#330,#331,#332);
#330 = CARTESIAN_POINT('',(0.,0.,370.));
#331 = DIRECTION('',(0.,0.,-1.));
#332 = DIRECTION('',(1.,0.,0.));
#333 = ORIENTED_EDGE('',*,*,#334,.T.);
#334 = EDGE_CURVE('',#326,#335,#337,.T.);
#335 = VERTEX_POINT('',#336);
#336 = CARTESIAN_POINT('',(-389.0809482785,-275.9438632886,230.));
#337 = LINE('',#338,#339);
#338 = CARTESIAN_POINT('',(-389.0809482785,-275.9438632886,150.));
#339 = VECTOR('',#340,1.);
#340 = DIRECTION('',(-0.,-0.,-1.));
#341 = ORIENTED_EDGE('',*,*,#342,.F.);
#342 = EDGE_CURVE('',#343,#335,#345,.T.);
#343 = VERTEX_POINT('',#344);
#344 = CARTESIAN_POINT('',(-275.9438632886,-389.0809482785,230.));
#345 = CIRCLE('',#346,477.);
#346 = AXIS2_PLACEMENT_3D('',#347,#348,#349);
#347 = CARTESIAN_POINT('',(0.,0.,230.));
#348 = DIRECTION('',(0.,0.,-1.));
#349 = DIRECTION('',(1.,0.,0.));
#350 = ORIENTED_EDGE('',*,*,#351,.F.);
#351 = EDGE_CURVE('',#324,#343,#352,.T.);
#352 = LINE('',#353,#354);
#353 = CARTESIAN_POINT('',(-275.9438632886,-389.0809482785,150.));
#354 = VECTOR('',#355,1.);
#355 = DIRECTION('',(-0.,-0.,-1.));
#356 = FACE_BOUND('',#357,.F.);
#357 = EDGE_LOOP('',(#358,#369,#377,#386));
#358 = ORIENTED_EDGE('',*,*,#359,.T.);
#359 = EDGE_CURVE('',#360,#362,#364,.T.);
#360 = VERTEX_POINT('',#361);
#361 = CARTESIAN_POINT('',(80.,-470.2435539164,370.));
#362 = VERTEX_POINT('',#363);
#363 = CARTESIAN_POINT('',(-80.,-470.2435539164,370.));
#364 = CIRCLE('',#365,477.);
#365 = AXIS2_PLACEMENT_3D('',#366,#367,#368);
#366 = CARTESIAN_POINT('',(0.,0.,370.));
#367 = DIRECTION('',(0.,0.,-1.));
#368 = DIRECTION('',(1.,0.,0.));
#369 = ORIENTED_EDGE('',*,*,#370,.T.);
#370 = EDGE_CURVE('',#362,#371,#373,.T.);
#371 = VERTEX_POINT('',#372);
#372 = CARTESIAN_POINT('',(-80.,-470.2435539164,230.));
#373 = LINE('',#374,#375);
#374 = CARTESIAN_POINT('',(-80.,-470.2435539164,150.));
#375 = VECTOR('',#376,1.);
#376 = DIRECTION('',(-0.,-0.,-1.));
#377 = ORIENTED_EDGE('',*,*,#378,.F.);
#378 = EDGE_CURVE('',#379,#371,#381,.T.);
#379 = VERTEX_POINT('',#380);
#380 = CARTESIAN_POINT('',(80.,-470.2435539164,230.));
#381 = CIRCLE('',#382,477.);
#382 = AXIS2_PLACEMENT_3D('',#383,#384,#385);
#383 = CARTESIAN_POINT('',(0.,0.,230.));
#384 = DIRECTION('',(0.,0.,-1.));
#385 = DIRECTION('',(1.,0.,0.));
#386 = ORIENTED_EDGE('',*,*,#387,.F.);
#387 = EDGE_CURVE('',#360,#379,#388,.T.);
#388 = LINE('',#389,#390);
#389 = CARTESIAN_POINT('',(80.,-470.2435539164,150.));
#390 = VECTOR('',#391,1.);
#391 = DIRECTION('',(-0.,-0.,-1.));
#392 = FACE_BOUND('',#393,.F.);
#393 = EDGE_LOOP('',(#394,#405,#413,#422));
#394 = ORIENTED_EDGE('',*,*,#395,.T.);
#395 = EDGE_CURVE('',#396,#398,#400,.T.);
#396 = VERTEX_POINT('',#397);
#397 = CARTESIAN_POINT('',(389.08094827852,-275.9438632886,370.));
#398 = VERTEX_POINT('',#399);
#399 = CARTESIAN_POINT('',(275.94386328868,-389.0809482785,370.));
#400 = CIRCLE('',#401,477.);
#401 = AXIS2_PLACEMENT_3D('',#402,#403,#404);
#402 = CARTESIAN_POINT('',(0.,0.,370.));
#403 = DIRECTION('',(0.,0.,-1.));
#404 = DIRECTION('',(1.,0.,0.));
#405 = ORIENTED_EDGE('',*,*,#406,.T.);
#406 = EDGE_CURVE('',#398,#407,#409,.T.);
#407 = VERTEX_POINT('',#408);
#408 = CARTESIAN_POINT('',(275.94386328868,-389.0809482785,230.));
#409 = LINE('',#410,#411);
#410 = CARTESIAN_POINT('',(275.94386328868,-389.0809482785,150.));
#411 = VECTOR('',#412,1.);
#412 = DIRECTION('',(-0.,-0.,-1.));
#413 = ORIENTED_EDGE('',*,*,#414,.F.);
#414 = EDGE_CURVE('',#415,#407,#417,.T.);
#415 = VERTEX_POINT('',#416);
#416 = CARTESIAN_POINT('',(389.08094827852,-275.9438632886,230.));
#417 = CIRCLE('',#418,477.);
#418 = AXIS2_PLACEMENT_3D('',#419,#420,#421);
#419 = CARTESIAN_POINT('',(0.,0.,230.));
#420 = DIRECTION('',(0.,0.,-1.));
#421 = DIRECTION('',(1.,0.,0.));
#422 = ORIENTED_EDGE('',*,*,#423,.F.);
#423 = EDGE_CURVE('',#396,#415,#424,.T.);
#424 = LINE('',#425,#426);
#425 = CARTESIAN_POINT('',(389.08094827852,-275.9438632886,150.));
#426 = VECTOR('',#427,1.);
#427 = DIRECTION('',(-0.,-0.,-1.));
#428 = CYLINDRICAL_SURFACE('',#429,477.);
#429 = AXIS2_PLACEMENT_3D('',#430,#431,#432);
#430 = CARTESIAN_POINT('',(0.,0.,150.));
#431 = DIRECTION('',(-0.,-0.,-1.));
#432 = DIRECTION('',(1.,0.,0.));
#433 = ADVANCED_FACE('',(#434,#437),#448,.F.);
#434 = FACE_BOUND('',#435,.F.);
#435 = EDGE_LOOP('',(#436));
#436 = ORIENTED_EDGE('',*,*,#21,.T.);
#437 = FACE_BOUND('',#438,.F.);
#438 = EDGE_LOOP('',(#439));
#439 = ORIENTED_EDGE('',*,*,#440,.F.);
#440 = EDGE_CURVE('',#441,#441,#443,.T.);
#441 = VERTEX_POINT('',#442);
#442 = CARTESIAN_POINT('',(475.,-1.16E-13,150.));
#443 = CIRCLE('',#444,475.);
#444 = AXIS2_PLACEMENT_3D('',#445,#446,#447);
#445 = CARTESIAN_POINT('',(0.,0.,150.));
#446 = DIRECTION('',(0.,0.,1.));
#447 = DIRECTION('',(1.,0.,0.));
#448 = PLANE('',#449);
#449 = AXIS2_PLACEMENT_3D('',#450,#451,#452);
#450 = CARTESIAN_POINT('',(0.,0.,150.));
#451 = DIRECTION('',(0.,0.,1.));
#452 = DIRECTION('',(1.,0.,0.));
#453 = ADVANCED_FACE('',(#454),#490,.T.);
#454 = FACE_BOUND('',#455,.T.);
#455 = EDGE_LOOP('',(#456,#464,#473,#482,#488,#489));
#456 = ORIENTED_EDGE('',*,*,#457,.F.);
#457 = EDGE_CURVE('',#458,#39,#460,.T.);
#458 = VERTEX_POINT('',#459);
#459 = CARTESIAN_POINT('',(468.21469434437,80.,230.));
#460 = LINE('',#461,#462);
#461 = CARTESIAN_POINT('',(435.,80.,230.));
#462 = VECTOR('',#463,1.);
#463 = DIRECTION('',(1.,0.,0.));
#464 = ORIENTED_EDGE('',*,*,#465,.T.);
#465 = EDGE_CURVE('',#458,#466,#468,.T.);
#466 = VERTEX_POINT('',#467);
#467 = CARTESIAN_POINT('',(475.,-1.16E-13,230.));
#468 = CIRCLE('',#469,475.);
#469 = AXIS2_PLACEMENT_3D('',#470,#471,#472);
#470 = CARTESIAN_POINT('',(0.,0.,230.));
#471 = DIRECTION('',(0.,0.,-1.));
#472 = DIRECTION('',(1.,0.,0.));
#473 = ORIENTED_EDGE('',*,*,#474,.T.);
#474 = EDGE_CURVE('',#466,#475,#477,.T.);
#475 = VERTEX_POINT('',#476);
#476 = CARTESIAN_POINT('',(468.21469434437,-80.,230.));
#477 = CIRCLE('',#478,475.);
#478 = AXIS2_PLACEMENT_3D('',#479,#480,#481);
#479 = CARTESIAN_POINT('',(0.,0.,230.));
#480 = DIRECTION('',(0.,0.,-1.));
#481 = DIRECTION('',(1.,0.,0.));
#482 = ORIENTED_EDGE('',*,*,#483,.T.);
#483 = EDGE_CURVE('',#475,#90,#484,.T.);
#484 = LINE('',#485,#486);
#485 = CARTESIAN_POINT('',(435.,-80.,230.));
#486 = VECTOR('',#487,1.);
#487 = DIRECTION('',(1.,0.,0.));
#488 = ORIENTED_EDGE('',*,*,#97,.F.);
#489 = ORIENTED_EDGE('',*,*,#38,.F.);
#490 = PLANE('',#491);
#491 = AXIS2_PLACEMENT_3D('',#492,#493,#494);
#492 = CARTESIAN_POINT('',(435.,-80.,230.));
#493 = DIRECTION('',(0.,0.,1.));
#494 = DIRECTION('',(1.,0.,0.));
#495 = ADVANCED_FACE('',(#496),#514,.T.);
#496 = FACE_BOUND('',#497,.T.);
#497 = EDGE_LOOP('',(#498,#499,#507,#513));
#498 = ORIENTED_EDGE('',*,*,#483,.F.);
#499 = ORIENTED_EDGE('',*,*,#500,.F.);
#500 = EDGE_CURVE('',#501,#475,#503,.T.);
#501 = VERTEX_POINT('',#502);
#502 = CARTESIAN_POINT('',(468.21469434437,-80.,370.));
#503 = LINE('',#504,#505);
#504 = CARTESIAN_POINT('',(468.21469434437,-80.,150.));
#505 = VECTOR('',#506,1.);
#506 = DIRECTION('',(-0.,-0.,-1.));
#507 = ORIENTED_EDGE('',*,*,#508,.T.);
#508 = EDGE_CURVE('',#501,#81,#509,.T.);
#509 = LINE('',#510,#511);
#510 = CARTESIAN_POINT('',(435.,-80.,370.));
#511 = VECTOR('',#512,1.);
#512 = DIRECTION('',(1.,0.,0.));
#513 = ORIENTED_EDGE('',*,*,#89,.T.);
#514 = PLANE('',#515);
#515 = AXIS2_PLACEMENT_3D('',#516,#517,#518);
#516 = CARTESIAN_POINT('',(435.,-80.,230.));
#517 = DIRECTION('',(0.,1.,0.));
#518 = DIRECTION('',(0.,0.,1.));
#519 = ADVANCED_FACE('',(#520),#549,.F.);
#520 = FACE_BOUND('',#521,.F.);
#521 = EDGE_LOOP('',(#522,#530,#539,#546,#547,#548));
#522 = ORIENTED_EDGE('',*,*,#523,.F.);
#523 = EDGE_CURVE('',#524,#48,#526,.T.);
#524 = VERTEX_POINT('',#525);
#525 = CARTESIAN_POINT('',(468.21469434437,80.,370.));
#526 = LINE('',#527,#528);
#527 = CARTESIAN_POINT('',(435.,80.,370.));
#528 = VECTOR('',#529,1.);
#529 = DIRECTION('',(1.,0.,0.));
#530 = ORIENTED_EDGE('',*,*,#531,.T.);
#531 = EDGE_CURVE('',#524,#532,#534,.T.);
#532 = VERTEX_POINT('',#533);
#533 = CARTESIAN_POINT('',(475.,-1.16E-13,370.));
#534 = CIRCLE('',#535,475.);
#535 = AXIS2_PLACEMENT_3D('',#536,#537,#538);
#536 = CARTESIAN_POINT('',(0.,0.,370.));
#537 = DIRECTION('',(0.,0.,-1.));
#538 = DIRECTION('',(1.,0.,0.));
#539 = ORIENTED_EDGE('',*,*,#540,.T.);
#540 = EDGE_CURVE('',#532,#501,#541,.T.);
#541 = CIRCLE('',#542,475.);
#542 = AXIS2_PLACEMENT_3D('',#543,#544,#545);
#543 = CARTESIAN_POINT('',(0.,0.,370.));
#544 = DIRECTION('',(0.,0.,-1.));
#545 = DIRECTION('',(1.,0.,0.));
#546 = ORIENTED_EDGE('',*,*,#508,.T.);
#547 = ORIENTED_EDGE('',*,*,#80,.F.);
#548 = ORIENTED_EDGE('',*,*,#55,.F.);
#549 = PLANE('',#550);
#550 = AXIS2_PLACEMENT_3D('',#551,#552,#553);
#551 = CARTESIAN_POINT('',(435.,-80.,370.));
#552 = DIRECTION('',(0.,0.,1.));
#553 = DIRECTION('',(1.,0.,0.));
#554 = ADVANCED_FACE('',(#555,#558),#569,.T.);
#555 = FACE_BOUND('',#556,.T.);
#556 = EDGE_LOOP('',(#557));
#557 = ORIENTED_EDGE('',*,*,#72,.T.);
#558 = FACE_BOUND('',#559,.T.);
#559 = EDGE_LOOP('',(#560));
#560 = ORIENTED_EDGE('',*,*,#561,.F.);
#561 = EDGE_CURVE('',#562,#562,#564,.T.);
#562 = VERTEX_POINT('',#563);
#563 = CARTESIAN_POINT('',(475.,-1.16E-13,2.215E+03));
#564 = CIRCLE('',#565,475.);
#565 = AXIS2_PLACEMENT_3D('',#566,#567,#568);
#566 = CARTESIAN_POINT('',(0.,0.,2.215E+03));
#567 = DIRECTION('',(0.,0.,1.));
#568 = DIRECTION('',(1.,0.,0.));
#569 = PLANE('',#570);
#570 = AXIS2_PLACEMENT_3D('',#571,#572,#573);
#571 = CARTESIAN_POINT('',(0.,0.,2.215E+03));
#572 = DIRECTION('',(0.,0.,1.));
#573 = DIRECTION('',(1.,0.,0.));
#574 = ADVANCED_FACE('',(#575),#586,.F.);
#575 = FACE_BOUND('',#576,.F.);
#576 = EDGE_LOOP('',(#577,#578,#584,#585));
#577 = ORIENTED_EDGE('',*,*,#457,.F.);
#578 = ORIENTED_EDGE('',*,*,#579,.F.);
#579 = EDGE_CURVE('',#524,#458,#580,.T.);
#580 = LINE('',#581,#582);
#581 = CARTESIAN_POINT('',(468.21469434437,80.,150.));
#582 = VECTOR('',#583,1.);
#583 = DIRECTION('',(-0.,-0.,-1.));
#584 = ORIENTED_EDGE('',*,*,#523,.T.);
#585 = ORIENTED_EDGE('',*,*,#47,.T.);
#586 = PLANE('',#587);
#587 = AXIS2_PLACEMENT_3D('',#588,#589,#590);
#588 = CARTESIAN_POINT('',(435.,80.,230.));
#589 = DIRECTION('',(0.,1.,0.));
#590 = DIRECTION('',(0.,0.,1.));
#591 = ADVANCED_FACE('',(#592),#618,.F.);
#592 = FACE_BOUND('',#593,.F.);
#593 = EDGE_LOOP('',(#594,#602,#603,#611));
#594 = ORIENTED_EDGE('',*,*,#595,.F.);
#595 = EDGE_CURVE('',#110,#596,#598,.T.);
#596 = VERTEX_POINT('',#597);
#597 = CARTESIAN_POINT('',(-325.,-346.4101615137,965.));
#598 = LINE('',#599,#600);
#599 = CARTESIAN_POINT('',(-325.,-950.,965.));
#600 = VECTOR('',#601,1.);
#601 = DIRECTION('',(0.,1.,0.));
#602 = ORIENTED_EDGE('',*,*,#107,.F.);
#603 = ORIENTED_EDGE('',*,*,#604,.T.);
#604 = EDGE_CURVE('',#108,#605,#607,.T.);
#605 = VERTEX_POINT('',#606);
#606 = CARTESIAN_POINT('',(325.,-346.4101615137,965.));
#607 = LINE('',#608,#609);
#608 = CARTESIAN_POINT('',(325.,-950.,965.));
#609 = VECTOR('',#610,1.);
#610 = DIRECTION('',(0.,1.,0.));
#611 = ORIENTED_EDGE('',*,*,#612,.T.);
#612 = EDGE_CURVE('',#605,#596,#613,.T.);
#613 = CIRCLE('',#614,475.);
#614 = AXIS2_PLACEMENT_3D('',#615,#616,#617);
#615 = CARTESIAN_POINT('',(0.,0.,965.));
#616 = DIRECTION('',(0.,0.,-1.));
#617 = DIRECTION('',(1.,0.,0.));
#618 = PLANE('',#619);
#619 = AXIS2_PLACEMENT_3D('',#620,#621,#622);
#620 = CARTESIAN_POINT('',(-325.,-950.,965.));
#621 = DIRECTION('',(0.,0.,1.));
#622 = DIRECTION('',(1.,0.,0.));
#623 = ADVANCED_FACE('',(#624),#642,.F.);
#624 = FACE_BOUND('',#625,.F.);
#625 = EDGE_LOOP('',(#626,#627,#628,#636));
#626 = ORIENTED_EDGE('',*,*,#604,.F.);
#627 = ORIENTED_EDGE('',*,*,#135,.T.);
#628 = ORIENTED_EDGE('',*,*,#629,.T.);
#629 = EDGE_CURVE('',#127,#630,#632,.T.);
#630 = VERTEX_POINT('',#631);
#631 = CARTESIAN_POINT('',(325.,-346.4101615137,625.));
#632 = LINE('',#633,#634);
#633 = CARTESIAN_POINT('',(325.,-950.,625.));
#634 = VECTOR('',#635,1.);
#635 = DIRECTION('',(0.,1.,0.));
#636 = ORIENTED_EDGE('',*,*,#637,.F.);
#637 = EDGE_CURVE('',#605,#630,#638,.T.);
#638 = LINE('',#639,#640);
#639 = CARTESIAN_POINT('',(325.,-346.4101615137,150.));
#640 = VECTOR('',#641,1.);
#641 = DIRECTION('',(-0.,-0.,-1.));
#642 = PLANE('',#643);
#643 = AXIS2_PLACEMENT_3D('',#644,#645,#646);
#644 = CARTESIAN_POINT('',(325.,-950.,625.));
#645 = DIRECTION('',(1.,0.,0.));
#646 = DIRECTION('',(0.,0.,1.));
#647 = ADVANCED_FACE('',(#648),#666,.T.);
#648 = FACE_BOUND('',#649,.T.);
#649 = EDGE_LOOP('',(#650,#651,#652,#660));
#650 = ORIENTED_EDGE('',*,*,#595,.F.);
#651 = ORIENTED_EDGE('',*,*,#118,.T.);
#652 = ORIENTED_EDGE('',*,*,#653,.T.);
#653 = EDGE_CURVE('',#119,#654,#656,.T.);
#654 = VERTEX_POINT('',#655);
#655 = CARTESIAN_POINT('',(-325.,-346.4101615137,625.));
#656 = LINE('',#657,#658);
#657 = CARTESIAN_POINT('',(-325.,-950.,625.));
#658 = VECTOR('',#659,1.);
#659 = DIRECTION('',(0.,1.,0.));
#660 = ORIENTED_EDGE('',*,*,#661,.F.);
#661 = EDGE_CURVE('',#596,#654,#662,.T.);
#662 = LINE('',#663,#664);
#663 = CARTESIAN_POINT('',(-325.,-346.4101615137,150.));
#664 = VECTOR('',#665,1.);
#665 = DIRECTION('',(-0.,-0.,-1.));
#666 = PLANE('',#667);
#667 = AXIS2_PLACEMENT_3D('',#668,#669,#670);
#668 = CARTESIAN_POINT('',(-325.,-950.,625.));
#669 = DIRECTION('',(1.,0.,0.));
#670 = DIRECTION('',(0.,0.,1.));
#671 = ADVANCED_FACE('',(#672),#684,.T.);
#672 = FACE_BOUND('',#673,.T.);
#673 = EDGE_LOOP('',(#674,#675,#676,#677));
#674 = ORIENTED_EDGE('',*,*,#653,.F.);
#675 = ORIENTED_EDGE('',*,*,#126,.F.);
#676 = ORIENTED_EDGE('',*,*,#629,.T.);
#677 = ORIENTED_EDGE('',*,*,#678,.T.);
#678 = EDGE_CURVE('',#630,#654,#679,.T.);
#679 = CIRCLE('',#680,475.);
#680 = AXIS2_PLACEMENT_3D('',#681,#682,#683);
#681 = CARTESIAN_POINT('',(0.,0.,625.));
#682 = DIRECTION('',(0.,0.,-1.));
#683 = DIRECTION('',(1.,0.,0.));
#684 = PLANE('',#685);
#685 = AXIS2_PLACEMENT_3D('',#686,#687,#688);
#686 = CARTESIAN_POINT('',(-325.,-950.,625.));
#687 = DIRECTION('',(0.,0.,1.));
#688 = DIRECTION('',(1.,0.,0.));
#689 = ADVANCED_FACE('',(#690),#716,.F.);
#690 = FACE_BOUND('',#691,.F.);
#691 = EDGE_LOOP('',(#692,#700,#709,#715));
#692 = ORIENTED_EDGE('',*,*,#693,.F.);
#693 = EDGE_CURVE('',#694,#144,#696,.T.);
#694 = VERTEX_POINT('',#695);
#695 = CARTESIAN_POINT('',(274.50924292717,387.64632791702,370.));
#696 = LINE('',#697,#698);
#697 = CARTESIAN_POINT('',(251.02290732122,364.15999231107,370.));
#698 = VECTOR('',#699,1.);
#699 = DIRECTION('',(0.707106781187,0.707106781187,0.));
#700 = ORIENTED_EDGE('',*,*,#701,.T.);
#701 = EDGE_CURVE('',#694,#702,#704,.T.);
#702 = VERTEX_POINT('',#703);
#703 = CARTESIAN_POINT('',(387.64632791702,274.50924292717,370.));
#704 = CIRCLE('',#705,475.);
#705 = AXIS2_PLACEMENT_3D('',#706,#707,#708);
#706 = CARTESIAN_POINT('',(0.,0.,370.));
#707 = DIRECTION('',(0.,0.,-1.));
#708 = DIRECTION('',(1.,0.,0.));
#709 = ORIENTED_EDGE('',*,*,#710,.T.);
#710 = EDGE_CURVE('',#702,#146,#711,.T.);
#711 = LINE('',#712,#713);
#712 = CARTESIAN_POINT('',(364.15999231107,251.02290732122,370.));
#713 = VECTOR('',#714,1.);
#714 = DIRECTION('',(0.707106781187,0.707106781187,0.));
#715 = ORIENTED_EDGE('',*,*,#143,.F.);
#716 = PLANE('',#717);
#717 = AXIS2_PLACEMENT_3D('',#718,#719,#720);
#718 = CARTESIAN_POINT('',(364.15999231107,251.02290732122,370.));
#719 = DIRECTION('',(0.,0.,1.));
#720 = DIRECTION('',(0.707106781187,0.707106781187,0.));
#721 = ADVANCED_FACE('',(#722),#740,.F.);
#722 = FACE_BOUND('',#723,.F.);
#723 = EDGE_LOOP('',(#724,#732,#738,#739));
#724 = ORIENTED_EDGE('',*,*,#725,.F.);
#725 = EDGE_CURVE('',#726,#163,#728,.T.);
#726 = VERTEX_POINT('',#727);
#727 = CARTESIAN_POINT('',(274.50924292717,387.64632791702,230.));
#728 = LINE('',#729,#730);
#729 = CARTESIAN_POINT('',(251.02290732122,364.15999231107,230.));
#730 = VECTOR('',#731,1.);
#731 = DIRECTION('',(0.707106781187,0.707106781187,0.));
#732 = ORIENTED_EDGE('',*,*,#733,.F.);
#733 = EDGE_CURVE('',#694,#726,#734,.T.);
#734 = LINE('',#735,#736);
#735 = CARTESIAN_POINT('',(274.50924292717,387.64632791702,150.));
#736 = VECTOR('',#737,1.);
#737 = DIRECTION('',(-0.,-0.,-1.));
#738 = ORIENTED_EDGE('',*,*,#693,.T.);
#739 = ORIENTED_EDGE('',*,*,#171,.T.);
#740 = PLANE('',#741);
#741 = AXIS2_PLACEMENT_3D('',#742,#743,#744);
#742 = CARTESIAN_POINT('',(251.02290732122,364.15999231107,230.));
#743 = DIRECTION('',(-0.707106781187,0.707106781187,0.));
#744 = DIRECTION('',(0.,0.,1.));
#745 = ADVANCED_FACE('',(#746),#765,.T.);
#746 = FACE_BOUND('',#747,.T.);
#747 = EDGE_LOOP('',(#748,#749,#758,#764));
#748 = ORIENTED_EDGE('',*,*,#725,.F.);
#749 = ORIENTED_EDGE('',*,*,#750,.T.);
#750 = EDGE_CURVE('',#726,#751,#753,.T.);
#751 = VERTEX_POINT('',#752);
#752 = CARTESIAN_POINT('',(387.64632791702,274.50924292717,230.));
#753 = CIRCLE('',#754,475.);
#754 = AXIS2_PLACEMENT_3D('',#755,#756,#757);
#755 = CARTESIAN_POINT('',(0.,0.,230.));
#756 = DIRECTION('',(0.,0.,-1.));
#757 = DIRECTION('',(1.,0.,0.));
#758 = ORIENTED_EDGE('',*,*,#759,.T.);
#759 = EDGE_CURVE('',#751,#155,#760,.T.);
#760 = LINE('',#761,#762);
#761 = CARTESIAN_POINT('',(364.15999231107,251.02290732122,230.));
#762 = VECTOR('',#763,1.);
#763 = DIRECTION('',(0.707106781187,0.707106781187,0.));
#764 = ORIENTED_EDGE('',*,*,#162,.F.);
#765 = PLANE('',#766);
#766 = AXIS2_PLACEMENT_3D('',#767,#768,#769);
#767 = CARTESIAN_POINT('',(364.15999231107,251.02290732122,230.));
#768 = DIRECTION('',(0.,0.,1.));
#769 = DIRECTION('',(0.707106781187,0.707106781187,0.));
#770 = ADVANCED_FACE('',(#771),#782,.T.);
#771 = FACE_BOUND('',#772,.T.);
#772 = EDGE_LOOP('',(#773,#774,#780,#781));
#773 = ORIENTED_EDGE('',*,*,#759,.F.);
#774 = ORIENTED_EDGE('',*,*,#775,.F.);
#775 = EDGE_CURVE('',#702,#751,#776,.T.);
#776 = LINE('',#777,#778);
#777 = CARTESIAN_POINT('',(387.64632791702,274.50924292717,150.));
#778 = VECTOR('',#779,1.);
#779 = DIRECTION('',(-0.,-0.,-1.));
#780 = ORIENTED_EDGE('',*,*,#710,.T.);
#781 = ORIENTED_EDGE('',*,*,#154,.T.);
#782 = PLANE('',#783);
#783 = AXIS2_PLACEMENT_3D('',#784,#785,#786);
#784 = CARTESIAN_POINT('',(364.15999231107,251.02290732122,230.));
#785 = DIRECTION('',(-0.707106781187,0.707106781187,0.));
#786 = DIRECTION('',(0.,0.,1.));
#787 = ADVANCED_FACE('',(#788),#814,.F.);
#788 = FACE_BOUND('',#789,.F.);
#789 = EDGE_LOOP('',(#790,#798,#807,#813));
#790 = ORIENTED_EDGE('',*,*,#791,.F.);
#791 = EDGE_CURVE('',#792,#180,#794,.T.);
#792 = VERTEX_POINT('',#793);
#793 = CARTESIAN_POINT('',(-80.,468.21469434437,370.));
#794 = LINE('',#795,#796);
#795 = CARTESIAN_POINT('',(-80.,435.,370.));
#796 = VECTOR('',#797,1.);
#797 = DIRECTION('',(0.,1.,0.));
#798 = ORIENTED_EDGE('',*,*,#799,.T.);
#799 = EDGE_CURVE('',#792,#800,#802,.T.);
#800 = VERTEX_POINT('',#801);
#801 = CARTESIAN_POINT('',(80.,468.21469434437,370.));
#802 = CIRCLE('',#803,475.);
#803 = AXIS2_PLACEMENT_3D('',#804,#805,#806);
#804 = CARTESIAN_POINT('',(0.,0.,370.));
#805 = DIRECTION('',(0.,0.,-1.));
#806 = DIRECTION('',(1.,0.,0.));
#807 = ORIENTED_EDGE('',*,*,#808,.T.);
#808 = EDGE_CURVE('',#800,#182,#809,.T.);
#809 = LINE('',#810,#811);
#810 = CARTESIAN_POINT('',(80.,435.,370.));
#811 = VECTOR('',#812,1.);
#812 = DIRECTION('',(0.,1.,0.));
#813 = ORIENTED_EDGE('',*,*,#179,.F.);
#814 = PLANE('',#815);
#815 = AXIS2_PLACEMENT_3D('',#816,#817,#818);
#816 = CARTESIAN_POINT('',(80.,435.,370.));
#817 = DIRECTION('',(0.,0.,1.));
#818 = DIRECTION('',(0.,1.,0.));
#819 = ADVANCED_FACE('',(#820),#838,.F.);
#820 = FACE_BOUND('',#821,.F.);
#821 = EDGE_LOOP('',(#822,#830,#836,#837));
#822 = ORIENTED_EDGE('',*,*,#823,.F.);
#823 = EDGE_CURVE('',#824,#199,#826,.T.);
#824 = VERTEX_POINT('',#825);
#825 = CARTESIAN_POINT('',(-80.,468.21469434437,230.));
#826 = LINE('',#827,#828);
#827 = CARTESIAN_POINT('',(-80.,435.,230.));
#828 = VECTOR('',#829,1.);
#829 = DIRECTION('',(0.,1.,0.));
#830 = ORIENTED_EDGE('',*,*,#831,.F.);
#831 = EDGE_CURVE('',#792,#824,#832,.T.);
#832 = LINE('',#833,#834);
#833 = CARTESIAN_POINT('',(-80.,468.21469434437,150.));
#834 = VECTOR('',#835,1.);
#835 = DIRECTION('',(-0.,-0.,-1.));
#836 = ORIENTED_EDGE('',*,*,#791,.T.);
#837 = ORIENTED_EDGE('',*,*,#207,.T.);
#838 = PLANE('',#839);
#839 = AXIS2_PLACEMENT_3D('',#840,#841,#842);
#840 = CARTESIAN_POINT('',(-80.,435.,230.));
#841 = DIRECTION('',(-1.,0.,0.));
#842 = DIRECTION('',(0.,0.,1.));
#843 = ADVANCED_FACE('',(#844),#863,.T.);
#844 = FACE_BOUND('',#845,.T.);
#845 = EDGE_LOOP('',(#846,#847,#856,#862));
#846 = ORIENTED_EDGE('',*,*,#823,.F.);
#847 = ORIENTED_EDGE('',*,*,#848,.T.);
#848 = EDGE_CURVE('',#824,#849,#851,.T.);
#849 = VERTEX_POINT('',#850);
#850 = CARTESIAN_POINT('',(80.,468.21469434437,230.));
#851 = CIRCLE('',#852,475.);
#852 = AXIS2_PLACEMENT_3D('',#853,#854,#855);
#853 = CARTESIAN_POINT('',(0.,0.,230.));
#854 = DIRECTION('',(0.,0.,-1.));
#855 = DIRECTION('',(1.,0.,0.));
#856 = ORIENTED_EDGE('',*,*,#857,.T.);
#857 = EDGE_CURVE('',#849,#191,#858,.T.);
#858 = LINE('',#859,#860);
#859 = CARTESIAN_POINT('',(80.,435.,230.));
#860 = VECTOR('',#861,1.);
#861 = DIRECTION('',(0.,1.,0.));
#862 = ORIENTED_EDGE('',*,*,#198,.F.);
#863 = PLANE('',#864);
#864 = AXIS2_PLACEMENT_3D('',#865,#866,#867);
#865 = CARTESIAN_POINT('',(80.,435.,230.));
#866 = DIRECTION('',(0.,0.,1.));
#867 = DIRECTION('',(0.,1.,0.));
#868 = ADVANCED_FACE('',(#869),#880,.T.);
#869 = FACE_BOUND('',#870,.T.);
#870 = EDGE_LOOP('',(#871,#872,#878,#879));
#871 = ORIENTED_EDGE('',*,*,#857,.F.);
#872 = ORIENTED_EDGE('',*,*,#873,.F.);
#873 = EDGE_CURVE('',#800,#849,#874,.T.);
#874 = LINE('',#875,#876);
#875 = CARTESIAN_POINT('',(80.,468.21469434437,150.));
#876 = VECTOR('',#877,1.);
#877 = DIRECTION('',(-0.,-0.,-1.));
#878 = ORIENTED_EDGE('',*,*,#808,.T.);
#879 = ORIENTED_EDGE('',*,*,#190,.T.);
#880 = PLANE('',#881);
#881 = AXIS2_PLACEMENT_3D('',#882,#883,#884);
#882 = CARTESIAN_POINT('',(80.,435.,230.));
#883 = DIRECTION('',(-1.,0.,0.));
#884 = DIRECTION('',(0.,0.,1.));
#885 = ADVANCED_FACE('',(#886),#912,.F.);
#886 = FACE_BOUND('',#887,.F.);
#887 = EDGE_LOOP('',(#888,#896,#905,#911));
#888 = ORIENTED_EDGE('',*,*,#889,.F.);
#889 = EDGE_CURVE('',#890,#216,#892,.T.);
#890 = VERTEX_POINT('',#891);
#891 = CARTESIAN_POINT('',(-387.646327917,274.50924292717,370.));
#892 = LINE('',#893,#894);
#893 = CARTESIAN_POINT('',(-364.159992311,251.02290732122,370.));
#894 = VECTOR('',#895,1.);
#895 = DIRECTION('',(-0.707106781187,0.707106781187,0.));
#896 = ORIENTED_EDGE('',*,*,#897,.T.);
#897 = EDGE_CURVE('',#890,#898,#900,.T.);
#898 = VERTEX_POINT('',#899);
#899 = CARTESIAN_POINT('',(-274.5092429271,387.64632791702,370.));
#900 = CIRCLE('',#901,475.);
#901 = AXIS2_PLACEMENT_3D('',#902,#903,#904);
#902 = CARTESIAN_POINT('',(0.,0.,370.));
#903 = DIRECTION('',(0.,0.,-1.));
#904 = DIRECTION('',(1.,0.,0.));
#905 = ORIENTED_EDGE('',*,*,#906,.T.);
#906 = EDGE_CURVE('',#898,#218,#907,.T.);
#907 = LINE('',#908,#909);
#908 = CARTESIAN_POINT('',(-251.0229073212,364.15999231107,370.));
#909 = VECTOR('',#910,1.);
#910 = DIRECTION('',(-0.707106781187,0.707106781187,0.));
#911 = ORIENTED_EDGE('',*,*,#215,.F.);
#912 = PLANE('',#913);
#913 = AXIS2_PLACEMENT_3D('',#914,#915,#916);
#914 = CARTESIAN_POINT('',(-251.0229073212,364.15999231107,370.));
#915 = DIRECTION('',(0.,0.,1.));
#916 = DIRECTION('',(-0.707106781187,0.707106781187,0.));
#917 = ADVANCED_FACE('',(#918),#936,.F.);
#918 = FACE_BOUND('',#919,.F.);
#919 = EDGE_LOOP('',(#920,#928,#934,#935));
#920 = ORIENTED_EDGE('',*,*,#921,.F.);
#921 = EDGE_CURVE('',#922,#235,#924,.T.);
#922 = VERTEX_POINT('',#923);
#923 = CARTESIAN_POINT('',(-387.646327917,274.50924292717,230.));
#924 = LINE('',#925,#926);
#925 = CARTESIAN_POINT('',(-364.159992311,251.02290732122,230.));
#926 = VECTOR('',#927,1.);
#927 = DIRECTION('',(-0.707106781187,0.707106781187,0.));
#928 = ORIENTED_EDGE('',*,*,#929,.F.);
#929 = EDGE_CURVE('',#890,#922,#930,.T.);
#930 = LINE('',#931,#932);
#931 = CARTESIAN_POINT('',(-387.646327917,274.50924292717,150.));
#932 = VECTOR('',#933,1.);
#933 = DIRECTION('',(-0.,-0.,-1.));
#934 = ORIENTED_EDGE('',*,*,#889,.T.);
#935 = ORIENTED_EDGE('',*,*,#243,.T.);
#936 = PLANE('',#937);
#937 = AXIS2_PLACEMENT_3D('',#938,#939,#940);
#938 = CARTESIAN_POINT('',(-364.159992311,251.02290732122,230.));
#939 = DIRECTION('',(-0.707106781187,-0.707106781187,0.));
#940 = DIRECTION('',(0.,0.,1.));
#941 = ADVANCED_FACE('',(#942),#961,.T.);
#942 = FACE_BOUND('',#943,.T.);
#943 = EDGE_LOOP('',(#944,#945,#954,#960));
#944 = ORIENTED_EDGE('',*,*,#921,.F.);
#945 = ORIENTED_EDGE('',*,*,#946,.T.);
#946 = EDGE_CURVE('',#922,#947,#949,.T.);
#947 = VERTEX_POINT('',#948);
#948 = CARTESIAN_POINT('',(-274.5092429271,387.64632791702,230.));
#949 = CIRCLE('',#950,475.);
#950 = AXIS2_PLACEMENT_3D('',#951,#952,#953);
#951 = CARTESIAN_POINT('',(0.,0.,230.));
#952 = DIRECTION('',(0.,0.,-1.));
#953 = DIRECTION('',(1.,0.,0.));
#954 = ORIENTED_EDGE('',*,*,#955,.T.);
#955 = EDGE_CURVE('',#947,#227,#956,.T.);
#956 = LINE('',#957,#958);
#957 = CARTESIAN_POINT('',(-251.0229073212,364.15999231107,230.));
#958 = VECTOR('',#959,1.);
#959 = DIRECTION('',(-0.707106781187,0.707106781187,0.));
#960 = ORIENTED_EDGE('',*,*,#234,.F.);
#961 = PLANE('',#962);
#962 = AXIS2_PLACEMENT_3D('',#963,#964,#965);
#963 = CARTESIAN_POINT('',(-251.0229073212,364.15999231107,230.));
#964 = DIRECTION('',(0.,0.,1.));
#965 = DIRECTION('',(-0.707106781187,0.707106781187,0.));
#966 = ADVANCED_FACE('',(#967),#978,.T.);
#967 = FACE_BOUND('',#968,.T.);
#968 = EDGE_LOOP('',(#969,#970,#976,#977));
#969 = ORIENTED_EDGE('',*,*,#955,.F.);
#970 = ORIENTED_EDGE('',*,*,#971,.F.);
#971 = EDGE_CURVE('',#898,#947,#972,.T.);
#972 = LINE('',#973,#974);
#973 = CARTESIAN_POINT('',(-274.5092429271,387.64632791702,150.));
#974 = VECTOR('',#975,1.);
#975 = DIRECTION('',(-0.,-0.,-1.));
#976 = ORIENTED_EDGE('',*,*,#906,.T.);
#977 = ORIENTED_EDGE('',*,*,#226,.T.);
#978 = PLANE('',#979);
#979 = AXIS2_PLACEMENT_3D('',#980,#981,#982);
#980 = CARTESIAN_POINT('',(-251.0229073212,364.15999231107,230.));
#981 = DIRECTION('',(-0.707106781187,-0.707106781187,0.));
#982 = DIRECTION('',(0.,0.,1.));
#983 = ADVANCED_FACE('',(#984),#1010,.F.);
#984 = FACE_BOUND('',#985,.F.);
#985 = EDGE_LOOP('',(#986,#994,#1003,#1009));
#986 = ORIENTED_EDGE('',*,*,#987,.F.);
#987 = EDGE_CURVE('',#988,#252,#990,.T.);
#988 = VERTEX_POINT('',#989);
#989 = CARTESIAN_POINT('',(-468.2146943443,-80.,370.));
#990 = LINE('',#991,#992);
#991 = CARTESIAN_POINT('',(-435.,-80.,370.));
#992 = VECTOR('',#993,1.);
#993 = DIRECTION('',(-1.,0.,0.));
#994 = ORIENTED_EDGE('',*,*,#995,.T.);
#995 = EDGE_CURVE('',#988,#996,#998,.T.);
#996 = VERTEX_POINT('',#997);
#997 = CARTESIAN_POINT('',(-468.2146943443,80.,370.));
#998 = CIRCLE('',#999,475.);
#999 = AXIS2_PLACEMENT_3D('',#1000,#1001,#1002);
#1000 = CARTESIAN_POINT('',(0.,0.,370.));
#1001 = DIRECTION('',(0.,0.,-1.));
#1002 = DIRECTION('',(1.,0.,0.));
#1003 = ORIENTED_EDGE('',*,*,#1004,.T.);
#1004 = EDGE_CURVE('',#996,#254,#1005,.T.);
#1005 = LINE('',#1006,#1007);
#1006 = CARTESIAN_POINT('',(-435.,80.,370.));
#1007 = VECTOR('',#1008,1.);
#1008 = DIRECTION('',(-1.,0.,0.));
#1009 = ORIENTED_EDGE('',*,*,#251,.F.);
#1010 = PLANE('',#1011);
#1011 = AXIS2_PLACEMENT_3D('',#1012,#1013,#1014);
#1012 = CARTESIAN_POINT('',(-435.,80.,370.));
#1013 = DIRECTION('',(0.,0.,1.));
#1014 = DIRECTION('',(-1.,0.,0.));
#1015 = ADVANCED_FACE('',(#1016),#1034,.F.);
#1016 = FACE_BOUND('',#1017,.F.);
#1017 = EDGE_LOOP('',(#1018,#1026,#1032,#1033));
#1018 = ORIENTED_EDGE('',*,*,#1019,.F.);
#1019 = EDGE_CURVE('',#1020,#271,#1022,.T.);
#1020 = VERTEX_POINT('',#1021);
#1021 = CARTESIAN_POINT('',(-468.2146943443,-80.,230.));
#1022 = LINE('',#1023,#1024);
#1023 = CARTESIAN_POINT('',(-435.,-80.,230.));
#1024 = VECTOR('',#1025,1.);
#1025 = DIRECTION('',(-1.,0.,0.));
#1026 = ORIENTED_EDGE('',*,*,#1027,.F.);
#1027 = EDGE_CURVE('',#988,#1020,#1028,.T.);
#1028 = LINE('',#1029,#1030);
#1029 = CARTESIAN_POINT('',(-468.2146943443,-80.,150.));
#1030 = VECTOR('',#1031,1.);
#1031 = DIRECTION('',(-0.,-0.,-1.));
#1032 = ORIENTED_EDGE('',*,*,#987,.T.);
#1033 = ORIENTED_EDGE('',*,*,#279,.T.);
#1034 = PLANE('',#1035);
#1035 = AXIS2_PLACEMENT_3D('',#1036,#1037,#1038);
#1036 = CARTESIAN_POINT('',(-435.,-80.,230.));
#1037 = DIRECTION('',(0.,-1.,0.));
#1038 = DIRECTION('',(0.,0.,1.));
#1039 = ADVANCED_FACE('',(#1040),#1059,.T.);
#1040 = FACE_BOUND('',#1041,.T.);
#1041 = EDGE_LOOP('',(#1042,#1043,#1052,#1058));
#1042 = ORIENTED_EDGE('',*,*,#1019,.F.);
#1043 = ORIENTED_EDGE('',*,*,#1044,.T.);
#1044 = EDGE_CURVE('',#1020,#1045,#1047,.T.);
#1045 = VERTEX_POINT('',#1046);
#1046 = CARTESIAN_POINT('',(-468.2146943443,80.,230.));
#1047 = CIRCLE('',#1048,475.);
#1048 = AXIS2_PLACEMENT_3D('',#1049,#1050,#1051);
#1049 = CARTESIAN_POINT('',(0.,0.,230.));
#1050 = DIRECTION('',(0.,0.,-1.));
#1051 = DIRECTION('',(1.,0.,0.));
#1052 = ORIENTED_EDGE('',*,*,#1053,.T.);
#1053 = EDGE_CURVE('',#1045,#263,#1054,.T.);
#1054 = LINE('',#1055,#1056);
#1055 = CARTESIAN_POINT('',(-435.,80.,230.));
#1056 = VECTOR('',#1057,1.);
#1057 = DIRECTION('',(-1.,0.,0.));
#1058 = ORIENTED_EDGE('',*,*,#270,.F.);
#1059 = PLANE('',#1060);
#1060 = AXIS2_PLACEMENT_3D('',#1061,#1062,#1063);
#1061 = CARTESIAN_POINT('',(-435.,80.,230.));
#1062 = DIRECTION('',(0.,0.,1.));
#1063 = DIRECTION('',(-1.,0.,0.));
#1064 = ADVANCED_FACE('',(#1065),#1076,.T.);
#1065 = FACE_BOUND('',#1066,.T.);
#1066 = EDGE_LOOP('',(#1067,#1068,#1074,#1075));
#1067 = ORIENTED_EDGE('',*,*,#1053,.F.);
#1068 = ORIENTED_EDGE('',*,*,#1069,.F.);
#1069 = EDGE_CURVE('',#996,#1045,#1070,.T.);
#1070 = LINE('',#1071,#1072);
#1071 = CARTESIAN_POINT('',(-468.2146943443,80.,150.));
#1072 = VECTOR('',#1073,1.);
#1073 = DIRECTION('',(-0.,-0.,-1.));
#1074 = ORIENTED_EDGE('',*,*,#1004,.T.);
#1075 = ORIENTED_EDGE('',*,*,#262,.T.);
#1076 = PLANE('',#1077);
#1077 = AXIS2_PLACEMENT_3D('',#1078,#1079,#1080);
#1078 = CARTESIAN_POINT('',(-435.,80.,230.));
#1079 = DIRECTION('',(0.,-1.,0.));
#1080 = DIRECTION('',(0.,0.,1.));
#1081 = ADVANCED_FACE('',(#1082),#1108,.F.);
#1082 = FACE_BOUND('',#1083,.F.);
#1083 = EDGE_LOOP('',(#1084,#1092,#1093,#1101));
#1084 = ORIENTED_EDGE('',*,*,#1085,.F.);
#1085 = EDGE_CURVE('',#290,#1086,#1088,.T.);
#1086 = VERTEX_POINT('',#1087);
#1087 = CARTESIAN_POINT('',(-325.,-346.4101615137,520.));
#1088 = LINE('',#1089,#1090);
#1089 = CARTESIAN_POINT('',(-325.,-950.,520.));
#1090 = VECTOR('',#1091,1.);
#1091 = DIRECTION('',(0.,1.,0.));
#1092 = ORIENTED_EDGE('',*,*,#287,.F.);
#1093 = ORIENTED_EDGE('',*,*,#1094,.T.);
#1094 = EDGE_CURVE('',#288,#1095,#1097,.T.);
#1095 = VERTEX_POINT('',#1096);
#1096 = CARTESIAN_POINT('',(325.,-346.4101615137,520.));
#1097 = LINE('',#1098,#1099);
#1098 = CARTESIAN_POINT('',(325.,-950.,520.));
#1099 = VECTOR('',#1100,1.);
#1100 = DIRECTION('',(0.,1.,0.));
#1101 = ORIENTED_EDGE('',*,*,#1102,.T.);
#1102 = EDGE_CURVE('',#1095,#1086,#1103,.T.);
#1103 = CIRCLE('',#1104,475.);
#1104 = AXIS2_PLACEMENT_3D('',#1105,#1106,#1107);
#1105 = CARTESIAN_POINT('',(0.,0.,520.));
#1106 = DIRECTION('',(0.,0.,-1.));
#1107 = DIRECTION('',(1.,0.,0.));
#1108 = PLANE('',#1109);
#1109 = AXIS2_PLACEMENT_3D('',#1110,#1111,#1112);
#1110 = CARTESIAN_POINT('',(-325.,-950.,520.));
#1111 = DIRECTION('',(0.,0.,1.));
#1112 = DIRECTION('',(1.,0.,0.));
#1113 = ADVANCED_FACE('',(#1114),#1132,.F.);
#1114 = FACE_BOUND('',#1115,.F.);
#1115 = EDGE_LOOP('',(#1116,#1117,#1118,#1126));
#1116 = ORIENTED_EDGE('',*,*,#1094,.F.);
#1117 = ORIENTED_EDGE('',*,*,#315,.T.);
#1118 = ORIENTED_EDGE('',*,*,#1119,.T.);
#1119 = EDGE_CURVE('',#307,#1120,#1122,.T.);
#1120 = VERTEX_POINT('',#1121);
#1121 = CARTESIAN_POINT('',(325.,-346.4101615137,430.));
#1122 = LINE('',#1123,#1124);
#1123 = CARTESIAN_POINT('',(325.,-950.,430.));
#1124 = VECTOR('',#1125,1.);
#1125 = DIRECTION('',(0.,1.,0.));
#1126 = ORIENTED_EDGE('',*,*,#1127,.F.);
#1127 = EDGE_CURVE('',#1095,#1120,#1128,.T.);
#1128 = LINE('',#1129,#1130);
#1129 = CARTESIAN_POINT('',(325.,-346.4101615137,150.));
#1130 = VECTOR('',#1131,1.);
#1131 = DIRECTION('',(-0.,-0.,-1.));
#1132 = PLANE('',#1133);
#1133 = AXIS2_PLACEMENT_3D('',#1134,#1135,#1136);
#1134 = CARTESIAN_POINT('',(325.,-950.,430.));
#1135 = DIRECTION('',(1.,0.,0.));
#1136 = DIRECTION('',(0.,0.,1.));
#1137 = ADVANCED_FACE('',(#1138),#1156,.T.);
#1138 = FACE_BOUND('',#1139,.T.);
#1139 = EDGE_LOOP('',(#1140,#1141,#1142,#1150));
#1140 = ORIENTED_EDGE('',*,*,#1085,.F.);
#1141 = ORIENTED_EDGE('',*,*,#298,.T.);
#1142 = ORIENTED_EDGE('',*,*,#1143,.T.);
#1143 = EDGE_CURVE('',#299,#1144,#1146,.T.);
#1144 = VERTEX_POINT('',#1145);
#1145 = CARTESIAN_POINT('',(-325.,-346.4101615137,430.));
#1146 = LINE('',#1147,#1148);
#1147 = CARTESIAN_POINT('',(-325.,-950.,430.));
#1148 = VECTOR('',#1149,1.);
#1149 = DIRECTION('',(0.,1.,0.));
#1150 = ORIENTED_EDGE('',*,*,#1151,.F.);
#1151 = EDGE_CURVE('',#1086,#1144,#1152,.T.);
#1152 = LINE('',#1153,#1154);
#1153 = CARTESIAN_POINT('',(-325.,-346.4101615137,150.));
#1154 = VECTOR('',#1155,1.);
#1155 = DIRECTION('',(-0.,-0.,-1.));
#1156 = PLANE('',#1157);
#1157 = AXIS2_PLACEMENT_3D('',#1158,#1159,#1160);
#1158 = CARTESIAN_POINT('',(-325.,-950.,430.));
#1159 = DIRECTION('',(1.,0.,0.));
#1160 = DIRECTION('',(0.,0.,1.));
#1161 = ADVANCED_FACE('',(#1162),#1174,.T.);
#1162 = FACE_BOUND('',#1163,.T.);
#1163 = EDGE_LOOP('',(#1164,#1165,#1166,#1167));
#1164 = ORIENTED_EDGE('',*,*,#1143,.F.);
#1165 = ORIENTED_EDGE('',*,*,#306,.F.);
#1166 = ORIENTED_EDGE('',*,*,#1119,.T.);
#1167 = ORIENTED_EDGE('',*,*,#1168,.T.);
#1168 = EDGE_CURVE('',#1120,#1144,#1169,.T.);
#1169 = CIRCLE('',#1170,475.);
#1170 = AXIS2_PLACEMENT_3D('',#1171,#1172,#1173);
#1171 = CARTESIAN_POINT('',(0.,0.,430.));
#1172 = DIRECTION('',(0.,0.,-1.));
#1173 = DIRECTION('',(1.,0.,0.));
#1174 = PLANE('',#1175);
#1175 = AXIS2_PLACEMENT_3D('',#1176,#1177,#1178);
#1176 = CARTESIAN_POINT('',(-325.,-950.,430.));
#1177 = DIRECTION('',(0.,0.,1.));
#1178 = DIRECTION('',(1.,0.,0.));
#1179 = ADVANCED_FACE('',(#1180),#1206,.F.);
#1180 = FACE_BOUND('',#1181,.F.);
#1181 = EDGE_LOOP('',(#1182,#1190,#1199,#1205));
#1182 = ORIENTED_EDGE('',*,*,#1183,.F.);
#1183 = EDGE_CURVE('',#1184,#324,#1186,.T.);
#1184 = VERTEX_POINT('',#1185);
#1185 = CARTESIAN_POINT('',(-274.5092429271,-387.646327917,370.));
#1186 = LINE('',#1187,#1188);
#1187 = CARTESIAN_POINT('',(-251.0229073212,-364.159992311,370.));
#1188 = VECTOR('',#1189,1.);
#1189 = DIRECTION('',(-0.707106781187,-0.707106781187,0.));
#1190 = ORIENTED_EDGE('',*,*,#1191,.T.);
#1191 = EDGE_CURVE('',#1184,#1192,#1194,.T.);
#1192 = VERTEX_POINT('',#1193);
#1193 = CARTESIAN_POINT('',(-387.646327917,-274.5092429271,370.));
#1194 = CIRCLE('',#1195,475.);
#1195 = AXIS2_PLACEMENT_3D('',#1196,#1197,#1198);
#1196 = CARTESIAN_POINT('',(0.,0.,370.));
#1197 = DIRECTION('',(0.,0.,-1.));
#1198 = DIRECTION('',(1.,0.,0.));
#1199 = ORIENTED_EDGE('',*,*,#1200,.T.);
#1200 = EDGE_CURVE('',#1192,#326,#1201,.T.);
#1201 = LINE('',#1202,#1203);
#1202 = CARTESIAN_POINT('',(-364.159992311,-251.0229073212,370.));
#1203 = VECTOR('',#1204,1.);
#1204 = DIRECTION('',(-0.707106781187,-0.707106781187,0.));
#1205 = ORIENTED_EDGE('',*,*,#323,.F.);
#1206 = PLANE('',#1207);
#1207 = AXIS2_PLACEMENT_3D('',#1208,#1209,#1210);
#1208 = CARTESIAN_POINT('',(-364.159992311,-251.0229073212,370.));
#1209 = DIRECTION('',(0.,0.,1.));
#1210 = DIRECTION('',(-0.707106781187,-0.707106781187,0.));
#1211 = ADVANCED_FACE('',(#1212),#1230,.F.);
#1212 = FACE_BOUND('',#1213,.F.);
#1213 = EDGE_LOOP('',(#1214,#1222,#1228,#1229));
#1214 = ORIENTED_EDGE('',*,*,#1215,.F.);
#1215 = EDGE_CURVE('',#1216,#343,#1218,.T.);
#1216 = VERTEX_POINT('',#1217);
#1217 = CARTESIAN_POINT('',(-274.5092429271,-387.646327917,230.));
#1218 = LINE('',#1219,#1220);
#1219 = CARTESIAN_POINT('',(-251.0229073212,-364.159992311,230.));
#1220 = VECTOR('',#1221,1.);
#1221 = DIRECTION('',(-0.707106781187,-0.707106781187,0.));
#1222 = ORIENTED_EDGE('',*,*,#1223,.F.);
#1223 = EDGE_CURVE('',#1184,#1216,#1224,.T.);
#1224 = LINE('',#1225,#1226);
#1225 = CARTESIAN_POINT('',(-274.5092429271,-387.646327917,150.));
#1226 = VECTOR('',#1227,1.);
#1227 = DIRECTION('',(-0.,-0.,-1.));
#1228 = ORIENTED_EDGE('',*,*,#1183,.T.);
#1229 = ORIENTED_EDGE('',*,*,#351,.T.);
#1230 = PLANE('',#1231);
#1231 = AXIS2_PLACEMENT_3D('',#1232,#1233,#1234);
#1232 = CARTESIAN_POINT('',(-251.0229073212,-364.159992311,230.));
#1233 = DIRECTION('',(0.707106781187,-0.707106781187,0.));
#1234 = DIRECTION('',(0.,0.,1.));
#1235 = ADVANCED_FACE('',(#1236),#1255,.T.);
#1236 = FACE_BOUND('',#1237,.T.);
#1237 = EDGE_LOOP('',(#1238,#1239,#1248,#1254));
#1238 = ORIENTED_EDGE('',*,*,#1215,.F.);
#1239 = ORIENTED_EDGE('',*,*,#1240,.T.);
#1240 = EDGE_CURVE('',#1216,#1241,#1243,.T.);
#1241 = VERTEX_POINT('',#1242);
#1242 = CARTESIAN_POINT('',(-387.646327917,-274.5092429271,230.));
#1243 = CIRCLE('',#1244,475.);
#1244 = AXIS2_PLACEMENT_3D('',#1245,#1246,#1247);
#1245 = CARTESIAN_POINT('',(0.,0.,230.));
#1246 = DIRECTION('',(0.,0.,-1.));
#1247 = DIRECTION('',(1.,0.,0.));
#1248 = ORIENTED_EDGE('',*,*,#1249,.T.);
#1249 = EDGE_CURVE('',#1241,#335,#1250,.T.);
#1250 = LINE('',#1251,#1252);
#1251 = CARTESIAN_POINT('',(-364.159992311,-251.0229073212,230.));
#1252 = VECTOR('',#1253,1.);
#1253 = DIRECTION('',(-0.707106781187,-0.707106781187,0.));
#1254 = ORIENTED_EDGE('',*,*,#342,.F.);
#1255 = PLANE('',#1256);
#1256 = AXIS2_PLACEMENT_3D('',#1257,#1258,#1259);
#1257 = CARTESIAN_POINT('',(-364.159992311,-251.0229073212,230.));
#1258 = DIRECTION('',(0.,0.,1.));
#1259 = DIRECTION('',(-0.707106781187,-0.707106781187,0.));
#1260 = ADVANCED_FACE('',(#1261),#1272,.T.);
#1261 = FACE_BOUND('',#1262,.T.);
#1262 = EDGE_LOOP('',(#1263,#1264,#1270,#1271));
#1263 = ORIENTED_EDGE('',*,*,#1249,.F.);
#1264 = ORIENTED_EDGE('',*,*,#1265,.F.);
#1265 = EDGE_CURVE('',#1192,#1241,#1266,.T.);
#1266 = LINE('',#1267,#1268);
#1267 = CARTESIAN_POINT('',(-387.646327917,-274.5092429271,150.));
#1268 = VECTOR('',#1269,1.);
#1269 = DIRECTION('',(-0.,-0.,-1.));
#1270 = ORIENTED_EDGE('',*,*,#1200,.T.);
#1271 = ORIENTED_EDGE('',*,*,#334,.T.);
#1272 = PLANE('',#1273);
#1273 = AXIS2_PLACEMENT_3D('',#1274,#1275,#1276);
#1274 = CARTESIAN_POINT('',(-364.159992311,-251.0229073212,230.));
#1275 = DIRECTION('',(0.707106781187,-0.707106781187,0.));
#1276 = DIRECTION('',(0.,0.,1.));
#1277 = ADVANCED_FACE('',(#1278),#1304,.F.);
#1278 = FACE_BOUND('',#1279,.F.);
#1279 = EDGE_LOOP('',(#1280,#1288,#1297,#1303));
#1280 = ORIENTED_EDGE('',*,*,#1281,.F.);
#1281 = EDGE_CURVE('',#1282,#360,#1284,.T.);
#1282 = VERTEX_POINT('',#1283);
#1283 = CARTESIAN_POINT('',(80.,-468.2146943443,370.));
#1284 = LINE('',#1285,#1286);
#1285 = CARTESIAN_POINT('',(80.,-435.,370.));
#1286 = VECTOR('',#1287,1.);
#1287 = DIRECTION('',(0.,-1.,0.));
#1288 = ORIENTED_EDGE('',*,*,#1289,.T.);
#1289 = EDGE_CURVE('',#1282,#1290,#1292,.T.);
#1290 = VERTEX_POINT('',#1291);
#1291 = CARTESIAN_POINT('',(-80.,-468.2146943443,370.));
#1292 = CIRCLE('',#1293,475.);
#1293 = AXIS2_PLACEMENT_3D('',#1294,#1295,#1296);
#1294 = CARTESIAN_POINT('',(0.,0.,370.));
#1295 = DIRECTION('',(0.,0.,-1.));
#1296 = DIRECTION('',(1.,0.,0.));
#1297 = ORIENTED_EDGE('',*,*,#1298,.T.);
#1298 = EDGE_CURVE('',#1290,#362,#1299,.T.);
#1299 = LINE('',#1300,#1301);
#1300 = CARTESIAN_POINT('',(-80.,-435.,370.));
#1301 = VECTOR('',#1302,1.);
#1302 = DIRECTION('',(0.,-1.,0.));
#1303 = ORIENTED_EDGE('',*,*,#359,.F.);
#1304 = PLANE('',#1305);
#1305 = AXIS2_PLACEMENT_3D('',#1306,#1307,#1308);
#1306 = CARTESIAN_POINT('',(-80.,-435.,370.));
#1307 = DIRECTION('',(0.,0.,1.));
#1308 = DIRECTION('',(0.,-1.,0.));
#1309 = ADVANCED_FACE('',(#1310),#1328,.F.);
#1310 = FACE_BOUND('',#1311,.F.);
#1311 = EDGE_LOOP('',(#1312,#1320,#1326,#1327));
#1312 = ORIENTED_EDGE('',*,*,#1313,.F.);
#1313 = EDGE_CURVE('',#1314,#379,#1316,.T.);
#1314 = VERTEX_POINT('',#1315);
#1315 = CARTESIAN_POINT('',(80.,-468.2146943443,230.));
#1316 = LINE('',#1317,#1318);
#1317 = CARTESIAN_POINT('',(80.,-435.,230.));
#1318 = VECTOR('',#1319,1.);
#1319 = DIRECTION('',(0.,-1.,0.));
#1320 = ORIENTED_EDGE('',*,*,#1321,.F.);
#1321 = EDGE_CURVE('',#1282,#1314,#1322,.T.);
#1322 = LINE('',#1323,#1324);
#1323 = CARTESIAN_POINT('',(80.,-468.2146943443,150.));
#1324 = VECTOR('',#1325,1.);
#1325 = DIRECTION('',(-0.,-0.,-1.));
#1326 = ORIENTED_EDGE('',*,*,#1281,.T.);
#1327 = ORIENTED_EDGE('',*,*,#387,.T.);
#1328 = PLANE('',#1329);
#1329 = AXIS2_PLACEMENT_3D('',#1330,#1331,#1332);
#1330 = CARTESIAN_POINT('',(80.,-435.,230.));
#1331 = DIRECTION('',(1.,0.,0.));
#1332 = DIRECTION('',(0.,0.,1.));
#1333 = ADVANCED_FACE('',(#1334),#1353,.T.);
#1334 = FACE_BOUND('',#1335,.T.);
#1335 = EDGE_LOOP('',(#1336,#1337,#1346,#1352));
#1336 = ORIENTED_EDGE('',*,*,#1313,.F.);
#1337 = ORIENTED_EDGE('',*,*,#1338,.T.);
#1338 = EDGE_CURVE('',#1314,#1339,#1341,.T.);
#1339 = VERTEX_POINT('',#1340);
#1340 = CARTESIAN_POINT('',(-80.,-468.2146943443,230.));
#1341 = CIRCLE('',#1342,475.);
#1342 = AXIS2_PLACEMENT_3D('',#1343,#1344,#1345);
#1343 = CARTESIAN_POINT('',(0.,0.,230.));
#1344 = DIRECTION('',(0.,0.,-1.));
#1345 = DIRECTION('',(1.,0.,0.));
#1346 = ORIENTED_EDGE('',*,*,#1347,.T.);
#1347 = EDGE_CURVE('',#1339,#371,#1348,.T.);
#1348 = LINE('',#1349,#1350);
#1349 = CARTESIAN_POINT('',(-80.,-435.,230.));
#1350 = VECTOR('',#1351,1.);
#1351 = DIRECTION('',(0.,-1.,0.));
#1352 = ORIENTED_EDGE('',*,*,#378,.F.);
#1353 = PLANE('',#1354);
#1354 = AXIS2_PLACEMENT_3D('',#1355,#1356,#1357);
#1355 = CARTESIAN_POINT('',(-80.,-435.,230.));
#1356 = DIRECTION('',(0.,0.,1.));
#1357 = DIRECTION('',(0.,-1.,0.));
#1358 = ADVANCED_FACE('',(#1359),#1370,.T.);
#1359 = FACE_BOUND('',#1360,.T.);
#1360 = EDGE_LOOP('',(#1361,#1362,#1368,#1369));
#1361 = ORIENTED_EDGE('',*,*,#1347,.F.);
#1362 = ORIENTED_EDGE('',*,*,#1363,.F.);
#1363 = EDGE_CURVE('',#1290,#1339,#1364,.T.);
#1364 = LINE('',#1365,#1366);
#1365 = CARTESIAN_POINT('',(-80.,-468.2146943443,150.));
#1366 = VECTOR('',#1367,1.);
#1367 = DIRECTION('',(-0.,-0.,-1.));
#1368 = ORIENTED_EDGE('',*,*,#1298,.T.);
#1369 = ORIENTED_EDGE('',*,*,#370,.T.);
#1370 = PLANE('',#1371);
#1371 = AXIS2_PLACEMENT_3D('',#1372,#1373,#1374);
#1372 = CARTESIAN_POINT('',(-80.,-435.,230.));
#1373 = DIRECTION('',(1.,0.,0.));
#1374 = DIRECTION('',(0.,0.,1.));
#1375 = ADVANCED_FACE('',(#1376),#1402,.F.);
#1376 = FACE_BOUND('',#1377,.F.);
#1377 = EDGE_LOOP('',(#1378,#1386,#1395,#1401));
#1378 = ORIENTED_EDGE('',*,*,#1379,.F.);
#1379 = EDGE_CURVE('',#1380,#396,#1382,.T.);
#1380 = VERTEX_POINT('',#1381);
#1381 = CARTESIAN_POINT('',(387.64632791702,-274.5092429271,370.));
#1382 = LINE('',#1383,#1384);
#1383 = CARTESIAN_POINT('',(364.15999231107,-251.0229073212,370.));
#1384 = VECTOR('',#1385,1.);
#1385 = DIRECTION('',(0.707106781187,-0.707106781187,0.));
#1386 = ORIENTED_EDGE('',*,*,#1387,.T.);
#1387 = EDGE_CURVE('',#1380,#1388,#1390,.T.);
#1388 = VERTEX_POINT('',#1389);
#1389 = CARTESIAN_POINT('',(274.50924292717,-387.646327917,370.));
#1390 = CIRCLE('',#1391,475.);
#1391 = AXIS2_PLACEMENT_3D('',#1392,#1393,#1394);
#1392 = CARTESIAN_POINT('',(0.,0.,370.));
#1393 = DIRECTION('',(0.,0.,-1.));
#1394 = DIRECTION('',(1.,0.,0.));
#1395 = ORIENTED_EDGE('',*,*,#1396,.T.);
#1396 = EDGE_CURVE('',#1388,#398,#1397,.T.);
#1397 = LINE('',#1398,#1399);
#1398 = CARTESIAN_POINT('',(251.02290732122,-364.159992311,370.));
#1399 = VECTOR('',#1400,1.);
#1400 = DIRECTION('',(0.707106781187,-0.707106781187,0.));
#1401 = ORIENTED_EDGE('',*,*,#395,.F.);
#1402 = PLANE('',#1403);
#1403 = AXIS2_PLACEMENT_3D('',#1404,#1405,#1406);
#1404 = CARTESIAN_POINT('',(251.02290732122,-364.159992311,370.));
#1405 = DIRECTION('',(0.,0.,1.));
#1406 = DIRECTION('',(0.707106781187,-0.707106781187,0.));
#1407 = ADVANCED_FACE('',(#1408),#1426,.F.);
#1408 = FACE_BOUND('',#1409,.F.);
#1409 = EDGE_LOOP('',(#1410,#1418,#1424,#1425));
#1410 = ORIENTED_EDGE('',*,*,#1411,.F.);
#1411 = EDGE_CURVE('',#1412,#415,#1414,.T.);
#1412 = VERTEX_POINT('',#1413);
#1413 = CARTESIAN_POINT('',(387.64632791702,-274.5092429271,230.));
#1414 = LINE('',#1415,#1416);
#1415 = CARTESIAN_POINT('',(364.15999231107,-251.0229073212,230.));
#1416 = VECTOR('',#1417,1.);
#1417 = DIRECTION('',(0.707106781187,-0.707106781187,0.));
#1418 = ORIENTED_EDGE('',*,*,#1419,.F.);
#1419 = EDGE_CURVE('',#1380,#1412,#1420,.T.);
#1420 = LINE('',#1421,#1422);
#1421 = CARTESIAN_POINT('',(387.64632791702,-274.5092429271,150.));
#1422 = VECTOR('',#1423,1.);
#1423 = DIRECTION('',(-0.,-0.,-1.));
#1424 = ORIENTED_EDGE('',*,*,#1379,.T.);
#1425 = ORIENTED_EDGE('',*,*,#423,.T.);
#1426 = PLANE('',#1427);
#1427 = AXIS2_PLACEMENT_3D('',#1428,#1429,#1430);
#1428 = CARTESIAN_POINT('',(364.15999231107,-251.0229073212,230.));
#1429 = DIRECTION('',(0.707106781187,0.707106781187,0.));
#1430 = DIRECTION('',(0.,0.,1.));
#1431 = ADVANCED_FACE('',(#1432),#1451,.T.);
#1432 = FACE_BOUND('',#1433,.T.);
#1433 = EDGE_LOOP('',(#1434,#1435,#1444,#1450));
#1434 = ORIENTED_EDGE('',*,*,#1411,.F.);
#1435 = ORIENTED_EDGE('',*,*,#1436,.T.);
#1436 = EDGE_CURVE('',#1412,#1437,#1439,.T.);
#1437 = VERTEX_POINT('',#1438);
#1438 = CARTESIAN_POINT('',(274.50924292717,-387.646327917,230.));
#1439 = CIRCLE('',#1440,475.);
#1440 = AXIS2_PLACEMENT_3D('',#1441,#1442,#1443);
#1441 = CARTESIAN_POINT('',(0.,0.,230.));
#1442 = DIRECTION('',(0.,0.,-1.));
#1443 = DIRECTION('',(1.,0.,0.));
#1444 = ORIENTED_EDGE('',*,*,#1445,.T.);
#1445 = EDGE_CURVE('',#1437,#407,#1446,.T.);
#1446 = LINE('',#1447,#1448);
#1447 = CARTESIAN_POINT('',(251.02290732122,-364.159992311,230.));
#1448 = VECTOR('',#1449,1.);
#1449 = DIRECTION('',(0.707106781187,-0.707106781187,0.));
#1450 = ORIENTED_EDGE('',*,*,#414,.F.);
#1451 = PLANE('',#1452);
#1452 = AXIS2_PLACEMENT_3D('',#1453,#1454,#1455);
#1453 = CARTESIAN_POINT('',(251.02290732122,-364.159992311,230.));
#1454 = DIRECTION('',(0.,0.,1.));
#1455 = DIRECTION('',(0.707106781187,-0.707106781187,0.));
#1456 = ADVANCED_FACE('',(#1457),#1468,.T.);
#1457 = FACE_BOUND('',#1458,.T.);
#1458 = EDGE_LOOP('',(#1459,#1460,#1466,#1467));
#1459 = ORIENTED_EDGE('',*,*,#1445,.F.);
#1460 = ORIENTED_EDGE('',*,*,#1461,.F.);
#1461 = EDGE_CURVE('',#1388,#1437,#1462,.T.);
#1462 = LINE('',#1463,#1464);
#1463 = CARTESIAN_POINT('',(274.50924292717,-387.646327917,150.));
#1464 = VECTOR('',#1465,1.);
#1465 = DIRECTION('',(-0.,-0.,-1.));
#1466 = ORIENTED_EDGE('',*,*,#1396,.T.);
#1467 = ORIENTED_EDGE('',*,*,#406,.T.);
#1468 = PLANE('',#1469);
#1469 = AXIS2_PLACEMENT_3D('',#1470,#1471,#1472);
#1470 = CARTESIAN_POINT('',(251.02290732122,-364.159992311,230.));
#1471 = DIRECTION('',(0.707106781187,0.707106781187,0.));
#1472 = DIRECTION('',(0.,0.,1.));
#1473 = ADVANCED_FACE('',(#1474,#1498,#1504,#1510,#1516,#1522,#1528,
    #1534,#1540,#1546),#1552,.F.);
#1474 = FACE_BOUND('',#1475,.T.);
#1475 = EDGE_LOOP('',(#1476,#1477,#1483,#1484,#1485,#1486,#1492,#1493,
    #1494,#1495,#1496,#1497));
#1476 = ORIENTED_EDGE('',*,*,#440,.F.);
#1477 = ORIENTED_EDGE('',*,*,#1478,.T.);
#1478 = EDGE_CURVE('',#441,#466,#1479,.T.);
#1479 = LINE('',#1480,#1481);
#1480 = CARTESIAN_POINT('',(475.,-1.1634E-13,150.));
#1481 = VECTOR('',#1482,1.);
#1482 = DIRECTION('',(0.,0.,1.));
#1483 = ORIENTED_EDGE('',*,*,#465,.F.);
#1484 = ORIENTED_EDGE('',*,*,#579,.F.);
#1485 = ORIENTED_EDGE('',*,*,#531,.T.);
#1486 = ORIENTED_EDGE('',*,*,#1487,.T.);
#1487 = EDGE_CURVE('',#532,#562,#1488,.T.);
#1488 = LINE('',#1489,#1490);
#1489 = CARTESIAN_POINT('',(475.,-1.1634E-13,150.));
#1490 = VECTOR('',#1491,1.);
#1491 = DIRECTION('',(0.,0.,1.));
#1492 = ORIENTED_EDGE('',*,*,#561,.T.);
#1493 = ORIENTED_EDGE('',*,*,#1487,.F.);
#1494 = ORIENTED_EDGE('',*,*,#540,.T.);
#1495 = ORIENTED_EDGE('',*,*,#500,.T.);
#1496 = ORIENTED_EDGE('',*,*,#474,.F.);
#1497 = ORIENTED_EDGE('',*,*,#1478,.F.);
#1498 = FACE_BOUND('',#1499,.T.);
#1499 = EDGE_LOOP('',(#1500,#1501,#1502,#1503));
#1500 = ORIENTED_EDGE('',*,*,#612,.T.);
#1501 = ORIENTED_EDGE('',*,*,#661,.T.);
#1502 = ORIENTED_EDGE('',*,*,#678,.F.);
#1503 = ORIENTED_EDGE('',*,*,#637,.F.);
#1504 = FACE_BOUND('',#1505,.T.);
#1505 = EDGE_LOOP('',(#1506,#1507,#1508,#1509));
#1506 = ORIENTED_EDGE('',*,*,#701,.T.);
#1507 = ORIENTED_EDGE('',*,*,#775,.T.);
#1508 = ORIENTED_EDGE('',*,*,#750,.F.);
#1509 = ORIENTED_EDGE('',*,*,#733,.F.);
#1510 = FACE_BOUND('',#1511,.T.);
#1511 = EDGE_LOOP('',(#1512,#1513,#1514,#1515));
#1512 = ORIENTED_EDGE('',*,*,#799,.T.);
#1513 = ORIENTED_EDGE('',*,*,#873,.T.);
#1514 = ORIENTED_EDGE('',*,*,#848,.F.);
#1515 = ORIENTED_EDGE('',*,*,#831,.F.);
#1516 = FACE_BOUND('',#1517,.T.);
#1517 = EDGE_LOOP('',(#1518,#1519,#1520,#1521));
#1518 = ORIENTED_EDGE('',*,*,#897,.T.);
#1519 = ORIENTED_EDGE('',*,*,#971,.T.);
#1520 = ORIENTED_EDGE('',*,*,#946,.F.);
#1521 = ORIENTED_EDGE('',*,*,#929,.F.);
#1522 = FACE_BOUND('',#1523,.T.);
#1523 = EDGE_LOOP('',(#1524,#1525,#1526,#1527));
#1524 = ORIENTED_EDGE('',*,*,#1102,.T.);
#1525 = ORIENTED_EDGE('',*,*,#1151,.T.);
#1526 = ORIENTED_EDGE('',*,*,#1168,.F.);
#1527 = ORIENTED_EDGE('',*,*,#1127,.F.);
#1528 = FACE_BOUND('',#1529,.T.);
#1529 = EDGE_LOOP('',(#1530,#1531,#1532,#1533));
#1530 = ORIENTED_EDGE('',*,*,#995,.T.);
#1531 = ORIENTED_EDGE('',*,*,#1069,.T.);
#1532 = ORIENTED_EDGE('',*,*,#1044,.F.);
#1533 = ORIENTED_EDGE('',*,*,#1027,.F.);
#1534 = FACE_BOUND('',#1535,.T.);
#1535 = EDGE_LOOP('',(#1536,#1537,#1538,#1539));
#1536 = ORIENTED_EDGE('',*,*,#1191,.T.);
#1537 = ORIENTED_EDGE('',*,*,#1265,.T.);
#1538 = ORIENTED_EDGE('',*,*,#1240,.F.);
#1539 = ORIENTED_EDGE('',*,*,#1223,.F.);
#1540 = FACE_BOUND('',#1541,.T.);
#1541 = EDGE_LOOP('',(#1542,#1543,#1544,#1545));
#1542 = ORIENTED_EDGE('',*,*,#1289,.T.);
#1543 = ORIENTED_EDGE('',*,*,#1363,.T.);
#1544 = ORIENTED_EDGE('',*,*,#1338,.F.);
#1545 = ORIENTED_EDGE('',*,*,#1321,.F.);
#1546 = FACE_BOUND('',#1547,.T.);
#1547 = EDGE_LOOP('',(#1548,#1549,#1550,#1551));
#1548 = ORIENTED_EDGE('',*,*,#1387,.T.);
#1549 = ORIENTED_EDGE('',*,*,#1461,.T.);
#1550 = ORIENTED_EDGE('',*,*,#1436,.F.);
#1551 = ORIENTED_EDGE('',*,*,#1419,.F.);
#1552 = CYLINDRICAL_SURFACE('',#1553,475.);
#1553 = AXIS2_PLACEMENT_3D('',#1554,#1555,#1556);
#1554 = CARTESIAN_POINT('',(0.,0.,150.));
#1555 = DIRECTION('',(-0.,-0.,-1.));
#1556 = DIRECTION('',(1.,0.,0.));
#1557 = MANIFOLD_SOLID_BREP('',#1558);
#1558 = CLOSED_SHELL('',(#1559,#1601,#1632,#1657,#1681,#1699));
#1559 = ADVANCED_FACE('',(#1560),#1596,.T.);
#1560 = FACE_BOUND('',#1561,.F.);
#1561 = EDGE_LOOP('',(#1562,#1572,#1581,#1589));
#1562 = ORIENTED_EDGE('',*,*,#1563,.F.);
#1563 = EDGE_CURVE('',#1564,#1566,#1568,.T.);
#1564 = VERTEX_POINT('',#1565);
#1565 = CARTESIAN_POINT('',(-325.,-349.1475332864,965.));
#1566 = VERTEX_POINT('',#1567);
#1567 = CARTESIAN_POINT('',(-325.,-349.1475332864,625.));
#1568 = LINE('',#1569,#1570);
#1569 = CARTESIAN_POINT('',(-325.,-349.1475332864,150.));
#1570 = VECTOR('',#1571,1.);
#1571 = DIRECTION('',(-0.,-0.,-1.));
#1572 = ORIENTED_EDGE('',*,*,#1573,.F.);
#1573 = EDGE_CURVE('',#1574,#1564,#1576,.T.);
#1574 = VERTEX_POINT('',#1575);
#1575 = CARTESIAN_POINT('',(325.,-349.1475332864,965.));
#1576 = CIRCLE('',#1577,477.);
#1577 = AXIS2_PLACEMENT_3D('',#1578,#1579,#1580);
#1578 = CARTESIAN_POINT('',(0.,0.,965.));
#1579 = DIRECTION('',(0.,0.,-1.));
#1580 = DIRECTION('',(1.,0.,0.));
#1581 = ORIENTED_EDGE('',*,*,#1582,.T.);
#1582 = EDGE_CURVE('',#1574,#1583,#1585,.T.);
#1583 = VERTEX_POINT('',#1584);
#1584 = CARTESIAN_POINT('',(325.,-349.1475332864,625.));
#1585 = LINE('',#1586,#1587);
#1586 = CARTESIAN_POINT('',(325.,-349.1475332864,150.));
#1587 = VECTOR('',#1588,1.);
#1588 = DIRECTION('',(-0.,-0.,-1.));
#1589 = ORIENTED_EDGE('',*,*,#1590,.T.);
#1590 = EDGE_CURVE('',#1583,#1566,#1591,.T.);
#1591 = CIRCLE('',#1592,477.);
#1592 = AXIS2_PLACEMENT_3D('',#1593,#1594,#1595);
#1593 = CARTESIAN_POINT('',(0.,0.,625.));
#1594 = DIRECTION('',(0.,0.,-1.));
#1595 = DIRECTION('',(1.,0.,0.));
#1596 = CYLINDRICAL_SURFACE('',#1597,477.);
#1597 = AXIS2_PLACEMENT_3D('',#1598,#1599,#1600);
#1598 = CARTESIAN_POINT('',(0.,0.,150.));
#1599 = DIRECTION('',(-0.,-0.,-1.));
#1600 = DIRECTION('',(1.,0.,0.));
#1601 = ADVANCED_FACE('',(#1602),#1627,.F.);
#1602 = FACE_BOUND('',#1603,.F.);
#1603 = EDGE_LOOP('',(#1604,#1612,#1613,#1621));
#1604 = ORIENTED_EDGE('',*,*,#1605,.F.);
#1605 = EDGE_CURVE('',#1564,#1606,#1608,.T.);
#1606 = VERTEX_POINT('',#1607);
#1607 = CARTESIAN_POINT('',(-325.,-346.4101615137,965.));
#1608 = LINE('',#1609,#1610);
#1609 = CARTESIAN_POINT('',(-325.,-950.,965.));
#1610 = VECTOR('',#1611,1.);
#1611 = DIRECTION('',(0.,1.,0.));
#1612 = ORIENTED_EDGE('',*,*,#1563,.T.);
#1613 = ORIENTED_EDGE('',*,*,#1614,.T.);
#1614 = EDGE_CURVE('',#1566,#1615,#1617,.T.);
#1615 = VERTEX_POINT('',#1616);
#1616 = CARTESIAN_POINT('',(-325.,-346.4101615137,625.));
#1617 = LINE('',#1618,#1619);
#1618 = CARTESIAN_POINT('',(-325.,-950.,625.));
#1619 = VECTOR('',#1620,1.);
#1620 = DIRECTION('',(0.,1.,0.));
#1621 = ORIENTED_EDGE('',*,*,#1622,.F.);
#1622 = EDGE_CURVE('',#1606,#1615,#1623,.T.);
#1623 = LINE('',#1624,#1625);
#1624 = CARTESIAN_POINT('',(-325.,-346.4101615137,150.));
#1625 = VECTOR('',#1626,1.);
#1626 = DIRECTION('',(-0.,-0.,-1.));
#1627 = PLANE('',#1628);
#1628 = AXIS2_PLACEMENT_3D('',#1629,#1630,#1631);
#1629 = CARTESIAN_POINT('',(-325.,-950.,625.));
#1630 = DIRECTION('',(1.,0.,0.));
#1631 = DIRECTION('',(0.,0.,1.));
#1632 = ADVANCED_FACE('',(#1633),#1652,.F.);
#1633 = FACE_BOUND('',#1634,.F.);
#1634 = EDGE_LOOP('',(#1635,#1636,#1637,#1645));
#1635 = ORIENTED_EDGE('',*,*,#1614,.F.);
#1636 = ORIENTED_EDGE('',*,*,#1590,.F.);
#1637 = ORIENTED_EDGE('',*,*,#1638,.T.);
#1638 = EDGE_CURVE('',#1583,#1639,#1641,.T.);
#1639 = VERTEX_POINT('',#1640);
#1640 = CARTESIAN_POINT('',(325.,-346.4101615137,625.));
#1641 = LINE('',#1642,#1643);
#1642 = CARTESIAN_POINT('',(325.,-950.,625.));
#1643 = VECTOR('',#1644,1.);
#1644 = DIRECTION('',(0.,1.,0.));
#1645 = ORIENTED_EDGE('',*,*,#1646,.T.);
#1646 = EDGE_CURVE('',#1639,#1615,#1647,.T.);
#1647 = CIRCLE('',#1648,475.);
#1648 = AXIS2_PLACEMENT_3D('',#1649,#1650,#1651);
#1649 = CARTESIAN_POINT('',(0.,0.,625.));
#1650 = DIRECTION('',(0.,0.,-1.));
#1651 = DIRECTION('',(1.,0.,0.));
#1652 = PLANE('',#1653);
#1653 = AXIS2_PLACEMENT_3D('',#1654,#1655,#1656);
#1654 = CARTESIAN_POINT('',(-325.,-950.,625.));
#1655 = DIRECTION('',(0.,0.,1.));
#1656 = DIRECTION('',(1.,0.,0.));
#1657 = ADVANCED_FACE('',(#1658),#1676,.T.);
#1658 = FACE_BOUND('',#1659,.T.);
#1659 = EDGE_LOOP('',(#1660,#1668,#1669,#1670));
#1660 = ORIENTED_EDGE('',*,*,#1661,.F.);
#1661 = EDGE_CURVE('',#1574,#1662,#1664,.T.);
#1662 = VERTEX_POINT('',#1663);
#1663 = CARTESIAN_POINT('',(325.,-346.4101615137,965.));
#1664 = LINE('',#1665,#1666);
#1665 = CARTESIAN_POINT('',(325.,-950.,965.));
#1666 = VECTOR('',#1667,1.);
#1667 = DIRECTION('',(0.,1.,0.));
#1668 = ORIENTED_EDGE('',*,*,#1582,.T.);
#1669 = ORIENTED_EDGE('',*,*,#1638,.T.);
#1670 = ORIENTED_EDGE('',*,*,#1671,.F.);
#1671 = EDGE_CURVE('',#1662,#1639,#1672,.T.);
#1672 = LINE('',#1673,#1674);
#1673 = CARTESIAN_POINT('',(325.,-346.4101615137,150.));
#1674 = VECTOR('',#1675,1.);
#1675 = DIRECTION('',(-0.,-0.,-1.));
#1676 = PLANE('',#1677);
#1677 = AXIS2_PLACEMENT_3D('',#1678,#1679,#1680);
#1678 = CARTESIAN_POINT('',(325.,-950.,625.));
#1679 = DIRECTION('',(1.,0.,0.));
#1680 = DIRECTION('',(0.,0.,1.));
#1681 = ADVANCED_FACE('',(#1682),#1694,.T.);
#1682 = FACE_BOUND('',#1683,.T.);
#1683 = EDGE_LOOP('',(#1684,#1685,#1686,#1687));
#1684 = ORIENTED_EDGE('',*,*,#1605,.F.);
#1685 = ORIENTED_EDGE('',*,*,#1573,.F.);
#1686 = ORIENTED_EDGE('',*,*,#1661,.T.);
#1687 = ORIENTED_EDGE('',*,*,#1688,.T.);
#1688 = EDGE_CURVE('',#1662,#1606,#1689,.T.);
#1689 = CIRCLE('',#1690,475.);
#1690 = AXIS2_PLACEMENT_3D('',#1691,#1692,#1693);
#1691 = CARTESIAN_POINT('',(0.,0.,965.));
#1692 = DIRECTION('',(0.,0.,-1.));
#1693 = DIRECTION('',(1.,0.,0.));
#1694 = PLANE('',#1695);
#1695 = AXIS2_PLACEMENT_3D('',#1696,#1697,#1698);
#1696 = CARTESIAN_POINT('',(-325.,-950.,965.));
#1697 = DIRECTION('',(0.,0.,1.));
#1698 = DIRECTION('',(1.,0.,0.));
#1699 = ADVANCED_FACE('',(#1700),#1706,.F.);
#1700 = FACE_BOUND('',#1701,.T.);
#1701 = EDGE_LOOP('',(#1702,#1703,#1704,#1705));
#1702 = ORIENTED_EDGE('',*,*,#1622,.F.);
#1703 = ORIENTED_EDGE('',*,*,#1688,.F.);
#1704 = ORIENTED_EDGE('',*,*,#1671,.T.);
#1705 = ORIENTED_EDGE('',*,*,#1646,.T.);
#1706 = CYLINDRICAL_SURFACE('',#1707,475.);
#1707 = AXIS2_PLACEMENT_3D('',#1708,#1709,#1710);
#1708 = CARTESIAN_POINT('',(0.,0.,150.));
#1709 = DIRECTION('',(-0.,-0.,-1.));
#1710 = DIRECTION('',(1.,0.,0.));
#1711 = MANIFOLD_SOLID_BREP('',#1712);
#1712 = CLOSED_SHELL('',(#1713,#1755,#1786,#1811,#1835,#1853));
#1713 = ADVANCED_FACE('',(#1714),#1750,.T.);
#1714 = FACE_BOUND('',#1715,.F.);
#1715 = EDGE_LOOP('',(#1716,#1726,#1735,#1743));
#1716 = ORIENTED_EDGE('',*,*,#1717,.F.);
#1717 = EDGE_CURVE('',#1718,#1720,#1722,.T.);
#1718 = VERTEX_POINT('',#1719);
#1719 = CARTESIAN_POINT('',(-325.,-349.1475332864,520.));
#1720 = VERTEX_POINT('',#1721);
#1721 = CARTESIAN_POINT('',(-325.,-349.1475332864,430.));
#1722 = LINE('',#1723,#1724);
#1723 = CARTESIAN_POINT('',(-325.,-349.1475332864,150.));
#1724 = VECTOR('',#1725,1.);
#1725 = DIRECTION('',(-0.,-0.,-1.));
#1726 = ORIENTED_EDGE('',*,*,#1727,.F.);
#1727 = EDGE_CURVE('',#1728,#1718,#1730,.T.);
#1728 = VERTEX_POINT('',#1729);
#1729 = CARTESIAN_POINT('',(325.,-349.1475332864,520.));
#1730 = CIRCLE('',#1731,477.);
#1731 = AXIS2_PLACEMENT_3D('',#1732,#1733,#1734);
#1732 = CARTESIAN_POINT('',(0.,0.,520.));
#1733 = DIRECTION('',(0.,0.,-1.));
#1734 = DIRECTION('',(1.,0.,0.));
#1735 = ORIENTED_EDGE('',*,*,#1736,.T.);
#1736 = EDGE_CURVE('',#1728,#1737,#1739,.T.);
#1737 = VERTEX_POINT('',#1738);
#1738 = CARTESIAN_POINT('',(325.,-349.1475332864,430.));
#1739 = LINE('',#1740,#1741);
#1740 = CARTESIAN_POINT('',(325.,-349.1475332864,150.));
#1741 = VECTOR('',#1742,1.);
#1742 = DIRECTION('',(-0.,-0.,-1.));
#1743 = ORIENTED_EDGE('',*,*,#1744,.T.);
#1744 = EDGE_CURVE('',#1737,#1720,#1745,.T.);
#1745 = CIRCLE('',#1746,477.);
#1746 = AXIS2_PLACEMENT_3D('',#1747,#1748,#1749);
#1747 = CARTESIAN_POINT('',(0.,0.,430.));
#1748 = DIRECTION('',(0.,0.,-1.));
#1749 = DIRECTION('',(1.,0.,0.));
#1750 = CYLINDRICAL_SURFACE('',#1751,477.);
#1751 = AXIS2_PLACEMENT_3D('',#1752,#1753,#1754);
#1752 = CARTESIAN_POINT('',(0.,0.,150.));
#1753 = DIRECTION('',(-0.,-0.,-1.));
#1754 = DIRECTION('',(1.,0.,0.));
#1755 = ADVANCED_FACE('',(#1756),#1781,.F.);
#1756 = FACE_BOUND('',#1757,.F.);
#1757 = EDGE_LOOP('',(#1758,#1766,#1767,#1775));
#1758 = ORIENTED_EDGE('',*,*,#1759,.F.);
#1759 = EDGE_CURVE('',#1718,#1760,#1762,.T.);
#1760 = VERTEX_POINT('',#1761);
#1761 = CARTESIAN_POINT('',(-325.,-346.4101615137,520.));
#1762 = LINE('',#1763,#1764);
#1763 = CARTESIAN_POINT('',(-325.,-950.,520.));
#1764 = VECTOR('',#1765,1.);
#1765 = DIRECTION('',(0.,1.,0.));
#1766 = ORIENTED_EDGE('',*,*,#1717,.T.);
#1767 = ORIENTED_EDGE('',*,*,#1768,.T.);
#1768 = EDGE_CURVE('',#1720,#1769,#1771,.T.);
#1769 = VERTEX_POINT('',#1770);
#1770 = CARTESIAN_POINT('',(-325.,-346.4101615137,430.));
#1771 = LINE('',#1772,#1773);
#1772 = CARTESIAN_POINT('',(-325.,-950.,430.));
#1773 = VECTOR('',#1774,1.);
#1774 = DIRECTION('',(0.,1.,0.));
#1775 = ORIENTED_EDGE('',*,*,#1776,.F.);
#1776 = EDGE_CURVE('',#1760,#1769,#1777,.T.);
#1777 = LINE('',#1778,#1779);
#1778 = CARTESIAN_POINT('',(-325.,-346.4101615137,150.));
#1779 = VECTOR('',#1780,1.);
#1780 = DIRECTION('',(-0.,-0.,-1.));
#1781 = PLANE('',#1782);
#1782 = AXIS2_PLACEMENT_3D('',#1783,#1784,#1785);
#1783 = CARTESIAN_POINT('',(-325.,-950.,430.));
#1784 = DIRECTION('',(1.,0.,0.));
#1785 = DIRECTION('',(0.,0.,1.));
#1786 = ADVANCED_FACE('',(#1787),#1806,.F.);
#1787 = FACE_BOUND('',#1788,.F.);
#1788 = EDGE_LOOP('',(#1789,#1790,#1791,#1799));
#1789 = ORIENTED_EDGE('',*,*,#1768,.F.);
#1790 = ORIENTED_EDGE('',*,*,#1744,.F.);
#1791 = ORIENTED_EDGE('',*,*,#1792,.T.);
#1792 = EDGE_CURVE('',#1737,#1793,#1795,.T.);
#1793 = VERTEX_POINT('',#1794);
#1794 = CARTESIAN_POINT('',(325.,-346.4101615137,430.));
#1795 = LINE('',#1796,#1797);
#1796 = CARTESIAN_POINT('',(325.,-950.,430.));
#1797 = VECTOR('',#1798,1.);
#1798 = DIRECTION('',(0.,1.,0.));
#1799 = ORIENTED_EDGE('',*,*,#1800,.T.);
#1800 = EDGE_CURVE('',#1793,#1769,#1801,.T.);
#1801 = CIRCLE('',#1802,475.);
#1802 = AXIS2_PLACEMENT_3D('',#1803,#1804,#1805);
#1803 = CARTESIAN_POINT('',(0.,0.,430.));
#1804 = DIRECTION('',(0.,0.,-1.));
#1805 = DIRECTION('',(1.,0.,0.));
#1806 = PLANE('',#1807);
#1807 = AXIS2_PLACEMENT_3D('',#1808,#1809,#1810);
#1808 = CARTESIAN_POINT('',(-325.,-950.,430.));
#1809 = DIRECTION('',(0.,0.,1.));
#1810 = DIRECTION('',(1.,0.,0.));
#1811 = ADVANCED_FACE('',(#1812),#1830,.T.);
#1812 = FACE_BOUND('',#1813,.T.);
#1813 = EDGE_LOOP('',(#1814,#1822,#1823,#1824));
#1814 = ORIENTED_EDGE('',*,*,#1815,.F.);
#1815 = EDGE_CURVE('',#1728,#1816,#1818,.T.);
#1816 = VERTEX_POINT('',#1817);
#1817 = CARTESIAN_POINT('',(325.,-346.4101615137,520.));
#1818 = LINE('',#1819,#1820);
#1819 = CARTESIAN_POINT('',(325.,-950.,520.));
#1820 = VECTOR('',#1821,1.);
#1821 = DIRECTION('',(0.,1.,0.));
#1822 = ORIENTED_EDGE('',*,*,#1736,.T.);
#1823 = ORIENTED_EDGE('',*,*,#1792,.T.);
#1824 = ORIENTED_EDGE('',*,*,#1825,.F.);
#1825 = EDGE_CURVE('',#1816,#1793,#1826,.T.);
#1826 = LINE('',#1827,#1828);
#1827 = CARTESIAN_POINT('',(325.,-346.4101615137,150.));
#1828 = VECTOR('',#1829,1.);
#1829 = DIRECTION('',(-0.,-0.,-1.));
#1830 = PLANE('',#1831);
#1831 = AXIS2_PLACEMENT_3D('',#1832,#1833,#1834);
#1832 = CARTESIAN_POINT('',(325.,-950.,430.));
#1833 = DIRECTION('',(1.,0.,0.));
#1834 = DIRECTION('',(0.,0.,1.));
#1835 = ADVANCED_FACE('',(#1836),#1848,.T.);
#1836 = FACE_BOUND('',#1837,.T.);
#1837 = EDGE_LOOP('',(#1838,#1839,#1840,#1841));
#1838 = ORIENTED_EDGE('',*,*,#1759,.F.);
#1839 = ORIENTED_EDGE('',*,*,#1727,.F.);
#1840 = ORIENTED_EDGE('',*,*,#1815,.T.);
#1841 = ORIENTED_EDGE('',*,*,#1842,.T.);
#1842 = EDGE_CURVE('',#1816,#1760,#1843,.T.);
#1843 = CIRCLE('',#1844,475.);
#1844 = AXIS2_PLACEMENT_3D('',#1845,#1846,#1847);
#1845 = CARTESIAN_POINT('',(0.,0.,520.));
#1846 = DIRECTION('',(0.,0.,-1.));
#1847 = DIRECTION('',(1.,0.,0.));
#1848 = PLANE('',#1849);
#1849 = AXIS2_PLACEMENT_3D('',#1850,#1851,#1852);
#1850 = CARTESIAN_POINT('',(-325.,-950.,520.));
#1851 = DIRECTION('',(0.,0.,1.));
#1852 = DIRECTION('',(1.,0.,0.));
#1853 = ADVANCED_FACE('',(#1854),#1860,.F.);
#1854 = FACE_BOUND('',#1855,.T.);
#1855 = EDGE_LOOP('',(#1856,#1857,#1858,#1859));
#1856 = ORIENTED_EDGE('',*,*,#1776,.F.);
#1857 = ORIENTED_EDGE('',*,*,#1842,.F.);
#1858 = ORIENTED_EDGE('',*,*,#1825,.T.);
#1859 = ORIENTED_EDGE('',*,*,#1800,.T.);
#1860 = CYLINDRICAL_SURFACE('',#1861,475.);
#1861 = AXIS2_PLACEMENT_3D('',#1862,#1863,#1864);
#1862 = CARTESIAN_POINT('',(0.,0.,150.));
#1863 = DIRECTION('',(-0.,-0.,-1.));
#1864 = DIRECTION('',(1.,0.,0.));
#1865 = MANIFOLD_SOLID_BREP('',#1866);
#1866 = CLOSED_SHELL('',(#1867,#1907,#1947,#1969,#1991,#2003));
#1867 = ADVANCED_FACE('',(#1868),#1902,.F.);
#1868 = FACE_BOUND('',#1869,.F.);
#1869 = EDGE_LOOP('',(#1870,#1880,#1888,#1896));
#1870 = ORIENTED_EDGE('',*,*,#1871,.F.);
#1871 = EDGE_CURVE('',#1872,#1874,#1876,.T.);
#1872 = VERTEX_POINT('',#1873);
#1873 = CARTESIAN_POINT('',(-296.5,-296.5,648.));
#1874 = VERTEX_POINT('',#1875);
#1875 = CARTESIAN_POINT('',(-296.5,-296.5,940.));
#1876 = LINE('',#1877,#1878);
#1877 = CARTESIAN_POINT('',(-296.5,-296.5,648.));
#1878 = VECTOR('',#1879,1.);
#1879 = DIRECTION('',(0.,0.,1.));
#1880 = ORIENTED_EDGE('',*,*,#1881,.T.);
#1881 = EDGE_CURVE('',#1872,#1882,#1884,.T.);
#1882 = VERTEX_POINT('',#1883);
#1883 = CARTESIAN_POINT('',(-296.5,296.5,648.));
#1884 = LINE('',#1885,#1886);
#1885 = CARTESIAN_POINT('',(-296.5,-296.5,648.));
#1886 = VECTOR('',#1887,1.);
#1887 = DIRECTION('',(0.,1.,0.));
#1888 = ORIENTED_EDGE('',*,*,#1889,.T.);
#1889 = EDGE_CURVE('',#1882,#1890,#1892,.T.);
#1890 = VERTEX_POINT('',#1891);
#1891 = CARTESIAN_POINT('',(-296.5,296.5,940.));
#1892 = LINE('',#1893,#1894);
#1893 = CARTESIAN_POINT('',(-296.5,296.5,648.));
#1894 = VECTOR('',#1895,1.);
#1895 = DIRECTION('',(0.,0.,1.));
#1896 = ORIENTED_EDGE('',*,*,#1897,.F.);
#1897 = EDGE_CURVE('',#1874,#1890,#1898,.T.);
#1898 = LINE('',#1899,#1900);
#1899 = CARTESIAN_POINT('',(-296.5,-296.5,940.));
#1900 = VECTOR('',#1901,1.);
#1901 = DIRECTION('',(0.,1.,0.));
#1902 = PLANE('',#1903);
#1903 = AXIS2_PLACEMENT_3D('',#1904,#1905,#1906);
#1904 = CARTESIAN_POINT('',(-296.5,-296.5,648.));
#1905 = DIRECTION('',(1.,0.,0.));
#1906 = DIRECTION('',(0.,0.,1.));
#1907 = ADVANCED_FACE('',(#1908),#1942,.T.);
#1908 = FACE_BOUND('',#1909,.T.);
#1909 = EDGE_LOOP('',(#1910,#1920,#1928,#1936));
#1910 = ORIENTED_EDGE('',*,*,#1911,.F.);
#1911 = EDGE_CURVE('',#1912,#1914,#1916,.T.);
#1912 = VERTEX_POINT('',#1913);
#1913 = CARTESIAN_POINT('',(296.5,-296.5,648.));
#1914 = VERTEX_POINT('',#1915);
#1915 = CARTESIAN_POINT('',(296.5,-296.5,940.));
#1916 = LINE('',#1917,#1918);
#1917 = CARTESIAN_POINT('',(296.5,-296.5,648.));
#1918 = VECTOR('',#1919,1.);
#1919 = DIRECTION('',(0.,0.,1.));
#1920 = ORIENTED_EDGE('',*,*,#1921,.T.);
#1921 = EDGE_CURVE('',#1912,#1922,#1924,.T.);
#1922 = VERTEX_POINT('',#1923);
#1923 = CARTESIAN_POINT('',(296.5,296.5,648.));
#1924 = LINE('',#1925,#1926);
#1925 = CARTESIAN_POINT('',(296.5,-296.5,648.));
#1926 = VECTOR('',#1927,1.);
#1927 = DIRECTION('',(0.,1.,0.));
#1928 = ORIENTED_EDGE('',*,*,#1929,.T.);
#1929 = EDGE_CURVE('',#1922,#1930,#1932,.T.);
#1930 = VERTEX_POINT('',#1931);
#1931 = CARTESIAN_POINT('',(296.5,296.5,940.));
#1932 = LINE('',#1933,#1934);
#1933 = CARTESIAN_POINT('',(296.5,296.5,648.));
#1934 = VECTOR('',#1935,1.);
#1935 = DIRECTION('',(0.,0.,1.));
#1936 = ORIENTED_EDGE('',*,*,#1937,.F.);
#1937 = EDGE_CURVE('',#1914,#1930,#1938,.T.);
#1938 = LINE('',#1939,#1940);
#1939 = CARTESIAN_POINT('',(296.5,-296.5,940.));
#1940 = VECTOR('',#1941,1.);
#1941 = DIRECTION('',(0.,1.,0.));
#1942 = PLANE('',#1943);
#1943 = AXIS2_PLACEMENT_3D('',#1944,#1945,#1946);
#1944 = CARTESIAN_POINT('',(296.5,-296.5,648.));
#1945 = DIRECTION('',(1.,0.,0.));
#1946 = DIRECTION('',(0.,0.,1.));
#1947 = ADVANCED_FACE('',(#1948),#1964,.F.);
#1948 = FACE_BOUND('',#1949,.F.);
#1949 = EDGE_LOOP('',(#1950,#1956,#1957,#1963));
#1950 = ORIENTED_EDGE('',*,*,#1951,.F.);
#1951 = EDGE_CURVE('',#1872,#1912,#1952,.T.);
#1952 = LINE('',#1953,#1954);
#1953 = CARTESIAN_POINT('',(-296.5,-296.5,648.));
#1954 = VECTOR('',#1955,1.);
#1955 = DIRECTION('',(1.,0.,0.));
#1956 = ORIENTED_EDGE('',*,*,#1871,.T.);
#1957 = ORIENTED_EDGE('',*,*,#1958,.T.);
#1958 = EDGE_CURVE('',#1874,#1914,#1959,.T.);
#1959 = LINE('',#1960,#1961);
#1960 = CARTESIAN_POINT('',(-296.5,-296.5,940.));
#1961 = VECTOR('',#1962,1.);
#1962 = DIRECTION('',(1.,0.,0.));
#1963 = ORIENTED_EDGE('',*,*,#1911,.F.);
#1964 = PLANE('',#1965);
#1965 = AXIS2_PLACEMENT_3D('',#1966,#1967,#1968);
#1966 = CARTESIAN_POINT('',(-296.5,-296.5,648.));
#1967 = DIRECTION('',(0.,1.,0.));
#1968 = DIRECTION('',(0.,0.,1.));
#1969 = ADVANCED_FACE('',(#1970),#1986,.T.);
#1970 = FACE_BOUND('',#1971,.T.);
#1971 = EDGE_LOOP('',(#1972,#1978,#1979,#1985));
#1972 = ORIENTED_EDGE('',*,*,#1973,.F.);
#1973 = EDGE_CURVE('',#1882,#1922,#1974,.T.);
#1974 = LINE('',#1975,#1976);
#1975 = CARTESIAN_POINT('',(-296.5,296.5,648.));
#1976 = VECTOR('',#1977,1.);
#1977 = DIRECTION('',(1.,0.,0.));
#1978 = ORIENTED_EDGE('',*,*,#1889,.T.);
#1979 = ORIENTED_EDGE('',*,*,#1980,.T.);
#1980 = EDGE_CURVE('',#1890,#1930,#1981,.T.);
#1981 = LINE('',#1982,#1983);
#1982 = CARTESIAN_POINT('',(-296.5,296.5,940.));
#1983 = VECTOR('',#1984,1.);
#1984 = DIRECTION('',(1.,0.,0.));
#1985 = ORIENTED_EDGE('',*,*,#1929,.F.);
#1986 = PLANE('',#1987);
#1987 = AXIS2_PLACEMENT_3D('',#1988,#1989,#1990);
#1988 = CARTESIAN_POINT('',(-296.5,296.5,648.));
#1989 = DIRECTION('',(0.,1.,0.));
#1990 = DIRECTION('',(0.,0.,1.));
#1991 = ADVANCED_FACE('',(#1992),#1998,.F.);
#1992 = FACE_BOUND('',#1993,.F.);
#1993 = EDGE_LOOP('',(#1994,#1995,#1996,#1997));
#1994 = ORIENTED_EDGE('',*,*,#1881,.F.);
#1995 = ORIENTED_EDGE('',*,*,#1951,.T.);
#1996 = ORIENTED_EDGE('',*,*,#1921,.T.);
#1997 = ORIENTED_EDGE('',*,*,#1973,.F.);
#1998 = PLANE('',#1999);
#1999 = AXIS2_PLACEMENT_3D('',#2000,#2001,#2002);
#2000 = CARTESIAN_POINT('',(-296.5,-296.5,648.));
#2001 = DIRECTION('',(0.,0.,1.));
#2002 = DIRECTION('',(1.,0.,0.));
#2003 = ADVANCED_FACE('',(#2004),#2010,.T.);
#2004 = FACE_BOUND('',#2005,.T.);
#2005 = EDGE_LOOP('',(#2006,#2007,#2008,#2009));
#2006 = ORIENTED_EDGE('',*,*,#1897,.F.);
#2007 = ORIENTED_EDGE('',*,*,#1958,.T.);
#2008 = ORIENTED_EDGE('',*,*,#1937,.T.);
#2009 = ORIENTED_EDGE('',*,*,#1980,.F.);
#2010 = PLANE('',#2011);
#2011 = AXIS2_PLACEMENT_3D('',#2012,#2013,#2014);
#2012 = CARTESIAN_POINT('',(-296.5,-296.5,940.));
#2013 = DIRECTION('',(0.,0.,1.));
#2014 = DIRECTION('',(1.,0.,0.));
#2015 = MANIFOLD_SOLID_BREP('',#2016);
#2016 = CLOSED_SHELL('',(#2017,#2057,#2097,#2119,#2141,#2153));
#2017 = ADVANCED_FACE('',(#2018),#2052,.F.);
#2018 = FACE_BOUND('',#2019,.F.);
#2019 = EDGE_LOOP('',(#2020,#2030,#2038,#2046));
#2020 = ORIENTED_EDGE('',*,*,#2021,.F.);
#2021 = EDGE_CURVE('',#2022,#2024,#2026,.T.);
#2022 = VERTEX_POINT('',#2023);
#2023 = CARTESIAN_POINT('',(-296.,-296.,450.));
#2024 = VERTEX_POINT('',#2025);
#2025 = CARTESIAN_POINT('',(-296.,-296.,498.));
#2026 = LINE('',#2027,#2028);
#2027 = CARTESIAN_POINT('',(-296.,-296.,450.));
#2028 = VECTOR('',#2029,1.);
#2029 = DIRECTION('',(0.,0.,1.));
#2030 = ORIENTED_EDGE('',*,*,#2031,.T.);
#2031 = EDGE_CURVE('',#2022,#2032,#2034,.T.);
#2032 = VERTEX_POINT('',#2033);
#2033 = CARTESIAN_POINT('',(-296.,296.,450.));
#2034 = LINE('',#2035,#2036);
#2035 = CARTESIAN_POINT('',(-296.,-296.,450.));
#2036 = VECTOR('',#2037,1.);
#2037 = DIRECTION('',(0.,1.,0.));
#2038 = ORIENTED_EDGE('',*,*,#2039,.T.);
#2039 = EDGE_CURVE('',#2032,#2040,#2042,.T.);
#2040 = VERTEX_POINT('',#2041);
#2041 = CARTESIAN_POINT('',(-296.,296.,498.));
#2042 = LINE('',#2043,#2044);
#2043 = CARTESIAN_POINT('',(-296.,296.,450.));
#2044 = VECTOR('',#2045,1.);
#2045 = DIRECTION('',(0.,0.,1.));
#2046 = ORIENTED_EDGE('',*,*,#2047,.F.);
#2047 = EDGE_CURVE('',#2024,#2040,#2048,.T.);
#2048 = LINE('',#2049,#2050);
#2049 = CARTESIAN_POINT('',(-296.,-296.,498.));
#2050 = VECTOR('',#2051,1.);
#2051 = DIRECTION('',(0.,1.,0.));
#2052 = PLANE('',#2053);
#2053 = AXIS2_PLACEMENT_3D('',#2054,#2055,#2056);
#2054 = CARTESIAN_POINT('',(-296.,-296.,450.));
#2055 = DIRECTION('',(1.,0.,0.));
#2056 = DIRECTION('',(0.,0.,1.));
#2057 = ADVANCED_FACE('',(#2058),#2092,.T.);
#2058 = FACE_BOUND('',#2059,.T.);
#2059 = EDGE_LOOP('',(#2060,#2070,#2078,#2086));
#2060 = ORIENTED_EDGE('',*,*,#2061,.F.);
#2061 = EDGE_CURVE('',#2062,#2064,#2066,.T.);
#2062 = VERTEX_POINT('',#2063);
#2063 = CARTESIAN_POINT('',(296.,-296.,450.));
#2064 = VERTEX_POINT('',#2065);
#2065 = CARTESIAN_POINT('',(296.,-296.,498.));
#2066 = LINE('',#2067,#2068);
#2067 = CARTESIAN_POINT('',(296.,-296.,450.));
#2068 = VECTOR('',#2069,1.);
#2069 = DIRECTION('',(0.,0.,1.));
#2070 = ORIENTED_EDGE('',*,*,#2071,.T.);
#2071 = EDGE_CURVE('',#2062,#2072,#2074,.T.);
#2072 = VERTEX_POINT('',#2073);
#2073 = CARTESIAN_POINT('',(296.,296.,450.));
#2074 = LINE('',#2075,#2076);
#2075 = CARTESIAN_POINT('',(296.,-296.,450.));
#2076 = VECTOR('',#2077,1.);
#2077 = DIRECTION('',(0.,1.,0.));
#2078 = ORIENTED_EDGE('',*,*,#2079,.T.);
#2079 = EDGE_CURVE('',#2072,#2080,#2082,.T.);
#2080 = VERTEX_POINT('',#2081);
#2081 = CARTESIAN_POINT('',(296.,296.,498.));
#2082 = LINE('',#2083,#2084);
#2083 = CARTESIAN_POINT('',(296.,296.,450.));
#2084 = VECTOR('',#2085,1.);
#2085 = DIRECTION('',(0.,0.,1.));
#2086 = ORIENTED_EDGE('',*,*,#2087,.F.);
#2087 = EDGE_CURVE('',#2064,#2080,#2088,.T.);
#2088 = LINE('',#2089,#2090);
#2089 = CARTESIAN_POINT('',(296.,-296.,498.));
#2090 = VECTOR('',#2091,1.);
#2091 = DIRECTION('',(0.,1.,0.));
#2092 = PLANE('',#2093);
#2093 = AXIS2_PLACEMENT_3D('',#2094,#2095,#2096);
#2094 = CARTESIAN_POINT('',(296.,-296.,450.));
#2095 = DIRECTION('',(1.,0.,0.));
#2096 = DIRECTION('',(0.,0.,1.));
#2097 = ADVANCED_FACE('',(#2098),#2114,.F.);
#2098 = FACE_BOUND('',#2099,.F.);
#2099 = EDGE_LOOP('',(#2100,#2106,#2107,#2113));
#2100 = ORIENTED_EDGE('',*,*,#2101,.F.);
#2101 = EDGE_CURVE('',#2022,#2062,#2102,.T.);
#2102 = LINE('',#2103,#2104);
#2103 = CARTESIAN_POINT('',(-296.,-296.,450.));
#2104 = VECTOR('',#2105,1.);
#2105 = DIRECTION('',(1.,0.,0.));
#2106 = ORIENTED_EDGE('',*,*,#2021,.T.);
#2107 = ORIENTED_EDGE('',*,*,#2108,.T.);
#2108 = EDGE_CURVE('',#2024,#2064,#2109,.T.);
#2109 = LINE('',#2110,#2111);
#2110 = CARTESIAN_POINT('',(-296.,-296.,498.));
#2111 = VECTOR('',#2112,1.);
#2112 = DIRECTION('',(1.,0.,0.));
#2113 = ORIENTED_EDGE('',*,*,#2061,.F.);
#2114 = PLANE('',#2115);
#2115 = AXIS2_PLACEMENT_3D('',#2116,#2117,#2118);
#2116 = CARTESIAN_POINT('',(-296.,-296.,450.));
#2117 = DIRECTION('',(0.,1.,0.));
#2118 = DIRECTION('',(0.,0.,1.));
#2119 = ADVANCED_FACE('',(#2120),#2136,.T.);
#2120 = FACE_BOUND('',#2121,.T.);
#2121 = EDGE_LOOP('',(#2122,#2128,#2129,#2135));
#2122 = ORIENTED_EDGE('',*,*,#2123,.F.);
#2123 = EDGE_CURVE('',#2032,#2072,#2124,.T.);
#2124 = LINE('',#2125,#2126);
#2125 = CARTESIAN_POINT('',(-296.,296.,450.));
#2126 = VECTOR('',#2127,1.);
#2127 = DIRECTION('',(1.,0.,0.));
#2128 = ORIENTED_EDGE('',*,*,#2039,.T.);
#2129 = ORIENTED_EDGE('',*,*,#2130,.T.);
#2130 = EDGE_CURVE('',#2040,#2080,#2131,.T.);
#2131 = LINE('',#2132,#2133);
#2132 = CARTESIAN_POINT('',(-296.,296.,498.));
#2133 = VECTOR('',#2134,1.);
#2134 = DIRECTION('',(1.,0.,0.));
#2135 = ORIENTED_EDGE('',*,*,#2079,.F.);
#2136 = PLANE('',#2137);
#2137 = AXIS2_PLACEMENT_3D('',#2138,#2139,#2140);
#2138 = CARTESIAN_POINT('',(-296.,296.,450.));
#2139 = DIRECTION('',(0.,1.,0.));
#2140 = DIRECTION('',(0.,0.,1.));
#2141 = ADVANCED_FACE('',(#2142),#2148,.F.);
#2142 = FACE_BOUND('',#2143,.F.);
#2143 = EDGE_LOOP('',(#2144,#2145,#2146,#2147));
#2144 = ORIENTED_EDGE('',*,*,#2031,.F.);
#2145 = ORIENTED_EDGE('',*,*,#2101,.T.);
#2146 = ORIENTED_EDGE('',*,*,#2071,.T.);
#2147 = ORIENTED_EDGE('',*,*,#2123,.F.);
#2148 = PLANE('',#2149);
#2149 = AXIS2_PLACEMENT_3D('',#2150,#2151,#2152);
#2150 = CARTESIAN_POINT('',(-296.,-296.,450.));
#2151 = DIRECTION('',(0.,0.,1.));
#2152 = DIRECTION('',(1.,0.,0.));
#2153 = ADVANCED_FACE('',(#2154),#2160,.T.);
#2154 = FACE_BOUND('',#2155,.T.);
#2155 = EDGE_LOOP('',(#2156,#2157,#2158,#2159));
#2156 = ORIENTED_EDGE('',*,*,#2047,.F.);
#2157 = ORIENTED_EDGE('',*,*,#2108,.T.);
#2158 = ORIENTED_EDGE('',*,*,#2087,.T.);
#2159 = ORIENTED_EDGE('',*,*,#2130,.F.);
#2160 = PLANE('',#2161);
#2161 = AXIS2_PLACEMENT_3D('',#2162,#2163,#2164);
#2162 = CARTESIAN_POINT('',(-296.,-296.,498.));
#2163 = DIRECTION('',(0.,0.,1.));
#2164 = DIRECTION('',(1.,0.,0.));
#2165 = MANIFOLD_SOLID_BREP('',#2166);
#2166 = CLOSED_SHELL('',(#2167,#2207,#2238,#2296,#2320,#2371,#2383,#2405
    ,#2422,#2439));
#2167 = ADVANCED_FACE('',(#2168),#2202,.F.);
#2168 = FACE_BOUND('',#2169,.F.);
#2169 = EDGE_LOOP('',(#2170,#2180,#2188,#2196));
#2170 = ORIENTED_EDGE('',*,*,#2171,.F.);
#2171 = EDGE_CURVE('',#2172,#2174,#2176,.T.);
#2172 = VERTEX_POINT('',#2173);
#2173 = CARTESIAN_POINT('',(-291.5,-291.5,645.));
#2174 = VERTEX_POINT('',#2175);
#2175 = CARTESIAN_POINT('',(-291.5,-291.5,648.));
#2176 = LINE('',#2177,#2178);
#2177 = CARTESIAN_POINT('',(-291.5,-291.5,645.));
#2178 = VECTOR('',#2179,1.);
#2179 = DIRECTION('',(0.,0.,1.));
#2180 = ORIENTED_EDGE('',*,*,#2181,.T.);
#2181 = EDGE_CURVE('',#2172,#2182,#2184,.T.);
#2182 = VERTEX_POINT('',#2183);
#2183 = CARTESIAN_POINT('',(-291.5,291.5,645.));
#2184 = LINE('',#2185,#2186);
#2185 = CARTESIAN_POINT('',(-291.5,-291.5,645.));
#2186 = VECTOR('',#2187,1.);
#2187 = DIRECTION('',(0.,1.,0.));
#2188 = ORIENTED_EDGE('',*,*,#2189,.T.);
#2189 = EDGE_CURVE('',#2182,#2190,#2192,.T.);
#2190 = VERTEX_POINT('',#2191);
#2191 = CARTESIAN_POINT('',(-291.5,291.5,648.));
#2192 = LINE('',#2193,#2194);
#2193 = CARTESIAN_POINT('',(-291.5,291.5,645.));
#2194 = VECTOR('',#2195,1.);
#2195 = DIRECTION('',(0.,0.,1.));
#2196 = ORIENTED_EDGE('',*,*,#2197,.F.);
#2197 = EDGE_CURVE('',#2174,#2190,#2198,.T.);
#2198 = LINE('',#2199,#2200);
#2199 = CARTESIAN_POINT('',(-291.5,-291.5,648.));
#2200 = VECTOR('',#2201,1.);
#2201 = DIRECTION('',(0.,1.,0.));
#2202 = PLANE('',#2203);
#2203 = AXIS2_PLACEMENT_3D('',#2204,#2205,#2206);
#2204 = CARTESIAN_POINT('',(-291.5,-291.5,645.));
#2205 = DIRECTION('',(1.,0.,0.));
#2206 = DIRECTION('',(0.,0.,1.));
#2207 = ADVANCED_FACE('',(#2208),#2233,.F.);
#2208 = FACE_BOUND('',#2209,.F.);
#2209 = EDGE_LOOP('',(#2210,#2218,#2219,#2227));
#2210 = ORIENTED_EDGE('',*,*,#2211,.F.);
#2211 = EDGE_CURVE('',#2172,#2212,#2214,.T.);
#2212 = VERTEX_POINT('',#2213);
#2213 = CARTESIAN_POINT('',(291.5,-291.5,645.));
#2214 = LINE('',#2215,#2216);
#2215 = CARTESIAN_POINT('',(-291.5,-291.5,645.));
#2216 = VECTOR('',#2217,1.);
#2217 = DIRECTION('',(1.,0.,0.));
#2218 = ORIENTED_EDGE('',*,*,#2171,.T.);
#2219 = ORIENTED_EDGE('',*,*,#2220,.T.);
#2220 = EDGE_CURVE('',#2174,#2221,#2223,.T.);
#2221 = VERTEX_POINT('',#2222);
#2222 = CARTESIAN_POINT('',(291.5,-291.5,648.));
#2223 = LINE('',#2224,#2225);
#2224 = CARTESIAN_POINT('',(-291.5,-291.5,648.));
#2225 = VECTOR('',#2226,1.);
#2226 = DIRECTION('',(1.,0.,0.));
#2227 = ORIENTED_EDGE('',*,*,#2228,.F.);
#2228 = EDGE_CURVE('',#2212,#2221,#2229,.T.);
#2229 = LINE('',#2230,#2231);
#2230 = CARTESIAN_POINT('',(291.5,-291.5,645.));
#2231 = VECTOR('',#2232,1.);
#2232 = DIRECTION('',(0.,0.,1.));
#2233 = PLANE('',#2234);
#2234 = AXIS2_PLACEMENT_3D('',#2235,#2236,#2237);
#2235 = CARTESIAN_POINT('',(-291.5,-291.5,645.));
#2236 = DIRECTION('',(0.,1.,0.));
#2237 = DIRECTION('',(0.,0.,1.));
#2238 = ADVANCED_FACE('',(#2239,#2257),#2291,.T.);
#2239 = FACE_BOUND('',#2240,.T.);
#2240 = EDGE_LOOP('',(#2241,#2242,#2243,#2251));
#2241 = ORIENTED_EDGE('',*,*,#2197,.F.);
#2242 = ORIENTED_EDGE('',*,*,#2220,.T.);
#2243 = ORIENTED_EDGE('',*,*,#2244,.T.);
#2244 = EDGE_CURVE('',#2221,#2245,#2247,.T.);
#2245 = VERTEX_POINT('',#2246);
#2246 = CARTESIAN_POINT('',(291.5,291.5,648.));
#2247 = LINE('',#2248,#2249);
#2248 = CARTESIAN_POINT('',(291.5,-291.5,648.));
#2249 = VECTOR('',#2250,1.);
#2250 = DIRECTION('',(0.,1.,0.));
#2251 = ORIENTED_EDGE('',*,*,#2252,.F.);
#2252 = EDGE_CURVE('',#2190,#2245,#2253,.T.);
#2253 = LINE('',#2254,#2255);
#2254 = CARTESIAN_POINT('',(-291.5,291.5,648.));
#2255 = VECTOR('',#2256,1.);
#2256 = DIRECTION('',(1.,0.,0.));
#2257 = FACE_BOUND('',#2258,.T.);
#2258 = EDGE_LOOP('',(#2259,#2269,#2277,#2285));
#2259 = ORIENTED_EDGE('',*,*,#2260,.F.);
#2260 = EDGE_CURVE('',#2261,#2263,#2265,.T.);
#2261 = VERTEX_POINT('',#2262);
#2262 = CARTESIAN_POINT('',(-281.5,-281.5,648.));
#2263 = VERTEX_POINT('',#2264);
#2264 = CARTESIAN_POINT('',(281.5,-281.5,648.));
#2265 = LINE('',#2266,#2267);
#2266 = CARTESIAN_POINT('',(-281.5,-281.5,648.));
#2267 = VECTOR('',#2268,1.);
#2268 = DIRECTION('',(1.,0.,0.));
#2269 = ORIENTED_EDGE('',*,*,#2270,.T.);
#2270 = EDGE_CURVE('',#2261,#2271,#2273,.T.);
#2271 = VERTEX_POINT('',#2272);
#2272 = CARTESIAN_POINT('',(-281.5,281.5,648.));
#2273 = LINE('',#2274,#2275);
#2274 = CARTESIAN_POINT('',(-281.5,-281.5,648.));
#2275 = VECTOR('',#2276,1.);
#2276 = DIRECTION('',(0.,1.,0.));
#2277 = ORIENTED_EDGE('',*,*,#2278,.T.);
#2278 = EDGE_CURVE('',#2271,#2279,#2281,.T.);
#2279 = VERTEX_POINT('',#2280);
#2280 = CARTESIAN_POINT('',(281.5,281.5,648.));
#2281 = LINE('',#2282,#2283);
#2282 = CARTESIAN_POINT('',(-281.5,281.5,648.));
#2283 = VECTOR('',#2284,1.);
#2284 = DIRECTION('',(1.,0.,0.));
#2285 = ORIENTED_EDGE('',*,*,#2286,.F.);
#2286 = EDGE_CURVE('',#2263,#2279,#2287,.T.);
#2287 = LINE('',#2288,#2289);
#2288 = CARTESIAN_POINT('',(281.5,-281.5,648.));
#2289 = VECTOR('',#2290,1.);
#2290 = DIRECTION('',(0.,1.,0.));
#2291 = PLANE('',#2292);
#2292 = AXIS2_PLACEMENT_3D('',#2293,#2294,#2295);
#2293 = CARTESIAN_POINT('',(-291.5,-291.5,648.));
#2294 = DIRECTION('',(0.,0.,1.));
#2295 = DIRECTION('',(1.,0.,0.));
#2296 = ADVANCED_FACE('',(#2297),#2315,.T.);
#2297 = FACE_BOUND('',#2298,.T.);
#2298 = EDGE_LOOP('',(#2299,#2307,#2308,#2309));
#2299 = ORIENTED_EDGE('',*,*,#2300,.F.);
#2300 = EDGE_CURVE('',#2182,#2301,#2303,.T.);
#2301 = VERTEX_POINT('',#2302);
#2302 = CARTESIAN_POINT('',(291.5,291.5,645.));
#2303 = LINE('',#2304,#2305);
#2304 = CARTESIAN_POINT('',(-291.5,291.5,645.));
#2305 = VECTOR('',#2306,1.);
#2306 = DIRECTION('',(1.,0.,0.));
#2307 = ORIENTED_EDGE('',*,*,#2189,.T.);
#2308 = ORIENTED_EDGE('',*,*,#2252,.T.);
#2309 = ORIENTED_EDGE('',*,*,#2310,.F.);
#2310 = EDGE_CURVE('',#2301,#2245,#2311,.T.);
#2311 = LINE('',#2312,#2313);
#2312 = CARTESIAN_POINT('',(291.5,291.5,645.));
#2313 = VECTOR('',#2314,1.);
#2314 = DIRECTION('',(0.,0.,1.));
#2315 = PLANE('',#2316);
#2316 = AXIS2_PLACEMENT_3D('',#2317,#2318,#2319);
#2317 = CARTESIAN_POINT('',(-291.5,291.5,645.));
#2318 = DIRECTION('',(0.,1.,0.));
#2319 = DIRECTION('',(0.,0.,1.));
#2320 = ADVANCED_FACE('',(#2321,#2332),#2366,.F.);
#2321 = FACE_BOUND('',#2322,.F.);
#2322 = EDGE_LOOP('',(#2323,#2324,#2325,#2331));
#2323 = ORIENTED_EDGE('',*,*,#2181,.F.);
#2324 = ORIENTED_EDGE('',*,*,#2211,.T.);
#2325 = ORIENTED_EDGE('',*,*,#2326,.T.);
#2326 = EDGE_CURVE('',#2212,#2301,#2327,.T.);
#2327 = LINE('',#2328,#2329);
#2328 = CARTESIAN_POINT('',(291.5,-291.5,645.));
#2329 = VECTOR('',#2330,1.);
#2330 = DIRECTION('',(0.,1.,0.));
#2331 = ORIENTED_EDGE('',*,*,#2300,.F.);
#2332 = FACE_BOUND('',#2333,.F.);
#2333 = EDGE_LOOP('',(#2334,#2344,#2352,#2360));
#2334 = ORIENTED_EDGE('',*,*,#2335,.F.);
#2335 = EDGE_CURVE('',#2336,#2338,#2340,.T.);
#2336 = VERTEX_POINT('',#2337);
#2337 = CARTESIAN_POINT('',(-281.5,-281.5,645.));
#2338 = VERTEX_POINT('',#2339);
#2339 = CARTESIAN_POINT('',(281.5,-281.5,645.));
#2340 = LINE('',#2341,#2342);
#2341 = CARTESIAN_POINT('',(-281.5,-281.5,645.));
#2342 = VECTOR('',#2343,1.);
#2343 = DIRECTION('',(1.,0.,0.));
#2344 = ORIENTED_EDGE('',*,*,#2345,.T.);
#2345 = EDGE_CURVE('',#2336,#2346,#2348,.T.);
#2346 = VERTEX_POINT('',#2347);
#2347 = CARTESIAN_POINT('',(-281.5,281.5,645.));
#2348 = LINE('',#2349,#2350);
#2349 = CARTESIAN_POINT('',(-281.5,-281.5,645.));
#2350 = VECTOR('',#2351,1.);
#2351 = DIRECTION('',(0.,1.,0.));
#2352 = ORIENTED_EDGE('',*,*,#2353,.T.);
#2353 = EDGE_CURVE('',#2346,#2354,#2356,.T.);
#2354 = VERTEX_POINT('',#2355);
#2355 = CARTESIAN_POINT('',(281.5,281.5,645.));
#2356 = LINE('',#2357,#2358);
#2357 = CARTESIAN_POINT('',(-281.5,281.5,645.));
#2358 = VECTOR('',#2359,1.);
#2359 = DIRECTION('',(1.,0.,0.));
#2360 = ORIENTED_EDGE('',*,*,#2361,.F.);
#2361 = EDGE_CURVE('',#2338,#2354,#2362,.T.);
#2362 = LINE('',#2363,#2364);
#2363 = CARTESIAN_POINT('',(281.5,-281.5,645.));
#2364 = VECTOR('',#2365,1.);
#2365 = DIRECTION('',(0.,1.,0.));
#2366 = PLANE('',#2367);
#2367 = AXIS2_PLACEMENT_3D('',#2368,#2369,#2370);
#2368 = CARTESIAN_POINT('',(-291.5,-291.5,645.));
#2369 = DIRECTION('',(0.,0.,1.));
#2370 = DIRECTION('',(1.,0.,0.));
#2371 = ADVANCED_FACE('',(#2372),#2378,.T.);
#2372 = FACE_BOUND('',#2373,.T.);
#2373 = EDGE_LOOP('',(#2374,#2375,#2376,#2377));
#2374 = ORIENTED_EDGE('',*,*,#2228,.F.);
#2375 = ORIENTED_EDGE('',*,*,#2326,.T.);
#2376 = ORIENTED_EDGE('',*,*,#2310,.T.);
#2377 = ORIENTED_EDGE('',*,*,#2244,.F.);
#2378 = PLANE('',#2379);
#2379 = AXIS2_PLACEMENT_3D('',#2380,#2381,#2382);
#2380 = CARTESIAN_POINT('',(291.5,-291.5,645.));
#2381 = DIRECTION('',(1.,0.,0.));
#2382 = DIRECTION('',(0.,0.,1.));
#2383 = ADVANCED_FACE('',(#2384),#2400,.T.);
#2384 = FACE_BOUND('',#2385,.T.);
#2385 = EDGE_LOOP('',(#2386,#2387,#2393,#2394));
#2386 = ORIENTED_EDGE('',*,*,#2335,.F.);
#2387 = ORIENTED_EDGE('',*,*,#2388,.T.);
#2388 = EDGE_CURVE('',#2336,#2261,#2389,.T.);
#2389 = LINE('',#2390,#2391);
#2390 = CARTESIAN_POINT('',(-281.5,-281.5,645.));
#2391 = VECTOR('',#2392,1.);
#2392 = DIRECTION('',(0.,0.,1.));
#2393 = ORIENTED_EDGE('',*,*,#2260,.T.);
#2394 = ORIENTED_EDGE('',*,*,#2395,.F.);
#2395 = EDGE_CURVE('',#2338,#2263,#2396,.T.);
#2396 = LINE('',#2397,#2398);
#2397 = CARTESIAN_POINT('',(281.5,-281.5,645.));
#2398 = VECTOR('',#2399,1.);
#2399 = DIRECTION('',(0.,0.,1.));
#2400 = PLANE('',#2401);
#2401 = AXIS2_PLACEMENT_3D('',#2402,#2403,#2404);
#2402 = CARTESIAN_POINT('',(-281.5,-281.5,645.));
#2403 = DIRECTION('',(0.,1.,0.));
#2404 = DIRECTION('',(0.,0.,1.));
#2405 = ADVANCED_FACE('',(#2406),#2417,.F.);
#2406 = FACE_BOUND('',#2407,.F.);
#2407 = EDGE_LOOP('',(#2408,#2409,#2410,#2416));
#2408 = ORIENTED_EDGE('',*,*,#2395,.F.);
#2409 = ORIENTED_EDGE('',*,*,#2361,.T.);
#2410 = ORIENTED_EDGE('',*,*,#2411,.T.);
#2411 = EDGE_CURVE('',#2354,#2279,#2412,.T.);
#2412 = LINE('',#2413,#2414);
#2413 = CARTESIAN_POINT('',(281.5,281.5,645.));
#2414 = VECTOR('',#2415,1.);
#2415 = DIRECTION('',(0.,0.,1.));
#2416 = ORIENTED_EDGE('',*,*,#2286,.F.);
#2417 = PLANE('',#2418);
#2418 = AXIS2_PLACEMENT_3D('',#2419,#2420,#2421);
#2419 = CARTESIAN_POINT('',(281.5,-281.5,645.));
#2420 = DIRECTION('',(1.,0.,0.));
#2421 = DIRECTION('',(0.,0.,1.));
#2422 = ADVANCED_FACE('',(#2423),#2434,.F.);
#2423 = FACE_BOUND('',#2424,.F.);
#2424 = EDGE_LOOP('',(#2425,#2426,#2432,#2433));
#2425 = ORIENTED_EDGE('',*,*,#2353,.F.);
#2426 = ORIENTED_EDGE('',*,*,#2427,.T.);
#2427 = EDGE_CURVE('',#2346,#2271,#2428,.T.);
#2428 = LINE('',#2429,#2430);
#2429 = CARTESIAN_POINT('',(-281.5,281.5,645.));
#2430 = VECTOR('',#2431,1.);
#2431 = DIRECTION('',(0.,0.,1.));
#2432 = ORIENTED_EDGE('',*,*,#2278,.T.);
#2433 = ORIENTED_EDGE('',*,*,#2411,.F.);
#2434 = PLANE('',#2435);
#2435 = AXIS2_PLACEMENT_3D('',#2436,#2437,#2438);
#2436 = CARTESIAN_POINT('',(-281.5,281.5,645.));
#2437 = DIRECTION('',(0.,1.,0.));
#2438 = DIRECTION('',(0.,0.,1.));
#2439 = ADVANCED_FACE('',(#2440),#2446,.T.);
#2440 = FACE_BOUND('',#2441,.T.);
#2441 = EDGE_LOOP('',(#2442,#2443,#2444,#2445));
#2442 = ORIENTED_EDGE('',*,*,#2388,.F.);
#2443 = ORIENTED_EDGE('',*,*,#2345,.T.);
#2444 = ORIENTED_EDGE('',*,*,#2427,.T.);
#2445 = ORIENTED_EDGE('',*,*,#2270,.F.);
#2446 = PLANE('',#2447);
#2447 = AXIS2_PLACEMENT_3D('',#2448,#2449,#2450);
#2448 = CARTESIAN_POINT('',(-281.5,-281.5,645.));
#2449 = DIRECTION('',(1.,0.,0.));
#2450 = DIRECTION('',(0.,0.,1.));
#2451 = MANIFOLD_SOLID_BREP('',#2452);
#2452 = CLOSED_SHELL('',(#2453,#2493,#2524,#2582,#2606,#2657,#2669,#2691
    ,#2708,#2725));
#2453 = ADVANCED_FACE('',(#2454),#2488,.F.);
#2454 = FACE_BOUND('',#2455,.F.);
#2455 = EDGE_LOOP('',(#2456,#2466,#2474,#2482));
#2456 = ORIENTED_EDGE('',*,*,#2457,.F.);
#2457 = EDGE_CURVE('',#2458,#2460,#2462,.T.);
#2458 = VERTEX_POINT('',#2459);
#2459 = CARTESIAN_POINT('',(-316.5,-316.5,940.));
#2460 = VERTEX_POINT('',#2461);
#2461 = CARTESIAN_POINT('',(-316.5,-316.5,945.));
#2462 = LINE('',#2463,#2464);
#2463 = CARTESIAN_POINT('',(-316.5,-316.5,940.));
#2464 = VECTOR('',#2465,1.);
#2465 = DIRECTION('',(0.,0.,1.));
#2466 = ORIENTED_EDGE('',*,*,#2467,.T.);
#2467 = EDGE_CURVE('',#2458,#2468,#2470,.T.);
#2468 = VERTEX_POINT('',#2469);
#2469 = CARTESIAN_POINT('',(-316.5,316.5,940.));
#2470 = LINE('',#2471,#2472);
#2471 = CARTESIAN_POINT('',(-316.5,-316.5,940.));
#2472 = VECTOR('',#2473,1.);
#2473 = DIRECTION('',(0.,1.,0.));
#2474 = ORIENTED_EDGE('',*,*,#2475,.T.);
#2475 = EDGE_CURVE('',#2468,#2476,#2478,.T.);
#2476 = VERTEX_POINT('',#2477);
#2477 = CARTESIAN_POINT('',(-316.5,316.5,945.));
#2478 = LINE('',#2479,#2480);
#2479 = CARTESIAN_POINT('',(-316.5,316.5,940.));
#2480 = VECTOR('',#2481,1.);
#2481 = DIRECTION('',(0.,0.,1.));
#2482 = ORIENTED_EDGE('',*,*,#2483,.F.);
#2483 = EDGE_CURVE('',#2460,#2476,#2484,.T.);
#2484 = LINE('',#2485,#2486);
#2485 = CARTESIAN_POINT('',(-316.5,-316.5,945.));
#2486 = VECTOR('',#2487,1.);
#2487 = DIRECTION('',(0.,1.,0.));
#2488 = PLANE('',#2489);
#2489 = AXIS2_PLACEMENT_3D('',#2490,#2491,#2492);
#2490 = CARTESIAN_POINT('',(-316.5,-316.5,940.));
#2491 = DIRECTION('',(1.,0.,0.));
#2492 = DIRECTION('',(0.,0.,1.));
#2493 = ADVANCED_FACE('',(#2494),#2519,.F.);
#2494 = FACE_BOUND('',#2495,.F.);
#2495 = EDGE_LOOP('',(#2496,#2504,#2505,#2513));
#2496 = ORIENTED_EDGE('',*,*,#2497,.F.);
#2497 = EDGE_CURVE('',#2458,#2498,#2500,.T.);
#2498 = VERTEX_POINT('',#2499);
#2499 = CARTESIAN_POINT('',(316.5,-316.5,940.));
#2500 = LINE('',#2501,#2502);
#2501 = CARTESIAN_POINT('',(-316.5,-316.5,940.));
#2502 = VECTOR('',#2503,1.);
#2503 = DIRECTION('',(1.,0.,0.));
#2504 = ORIENTED_EDGE('',*,*,#2457,.T.);
#2505 = ORIENTED_EDGE('',*,*,#2506,.T.);
#2506 = EDGE_CURVE('',#2460,#2507,#2509,.T.);
#2507 = VERTEX_POINT('',#2508);
#2508 = CARTESIAN_POINT('',(316.5,-316.5,945.));
#2509 = LINE('',#2510,#2511);
#2510 = CARTESIAN_POINT('',(-316.5,-316.5,945.));
#2511 = VECTOR('',#2512,1.);
#2512 = DIRECTION('',(1.,0.,0.));
#2513 = ORIENTED_EDGE('',*,*,#2514,.F.);
#2514 = EDGE_CURVE('',#2498,#2507,#2515,.T.);
#2515 = LINE('',#2516,#2517);
#2516 = CARTESIAN_POINT('',(316.5,-316.5,940.));
#2517 = VECTOR('',#2518,1.);
#2518 = DIRECTION('',(0.,0.,1.));
#2519 = PLANE('',#2520);
#2520 = AXIS2_PLACEMENT_3D('',#2521,#2522,#2523);
#2521 = CARTESIAN_POINT('',(-316.5,-316.5,940.));
#2522 = DIRECTION('',(0.,1.,0.));
#2523 = DIRECTION('',(0.,0.,1.));
#2524 = ADVANCED_FACE('',(#2525,#2543),#2577,.T.);
#2525 = FACE_BOUND('',#2526,.T.);
#2526 = EDGE_LOOP('',(#2527,#2528,#2529,#2537));
#2527 = ORIENTED_EDGE('',*,*,#2483,.F.);
#2528 = ORIENTED_EDGE('',*,*,#2506,.T.);
#2529 = ORIENTED_EDGE('',*,*,#2530,.T.);
#2530 = EDGE_CURVE('',#2507,#2531,#2533,.T.);
#2531 = VERTEX_POINT('',#2532);
#2532 = CARTESIAN_POINT('',(316.5,316.5,945.));
#2533 = LINE('',#2534,#2535);
#2534 = CARTESIAN_POINT('',(316.5,-316.5,945.));
#2535 = VECTOR('',#2536,1.);
#2536 = DIRECTION('',(0.,1.,0.));
#2537 = ORIENTED_EDGE('',*,*,#2538,.F.);
#2538 = EDGE_CURVE('',#2476,#2531,#2539,.T.);
#2539 = LINE('',#2540,#2541);
#2540 = CARTESIAN_POINT('',(-316.5,316.5,945.));
#2541 = VECTOR('',#2542,1.);
#2542 = DIRECTION('',(1.,0.,0.));
#2543 = FACE_BOUND('',#2544,.T.);
#2544 = EDGE_LOOP('',(#2545,#2555,#2563,#2571));
#2545 = ORIENTED_EDGE('',*,*,#2546,.F.);
#2546 = EDGE_CURVE('',#2547,#2549,#2551,.T.);
#2547 = VERTEX_POINT('',#2548);
#2548 = CARTESIAN_POINT('',(-281.5,-281.5,945.));
#2549 = VERTEX_POINT('',#2550);
#2550 = CARTESIAN_POINT('',(281.5,-281.5,945.));
#2551 = LINE('',#2552,#2553);
#2552 = CARTESIAN_POINT('',(-281.5,-281.5,945.));
#2553 = VECTOR('',#2554,1.);
#2554 = DIRECTION('',(1.,0.,0.));
#2555 = ORIENTED_EDGE('',*,*,#2556,.T.);
#2556 = EDGE_CURVE('',#2547,#2557,#2559,.T.);
#2557 = VERTEX_POINT('',#2558);
#2558 = CARTESIAN_POINT('',(-281.5,281.5,945.));
#2559 = LINE('',#2560,#2561);
#2560 = CARTESIAN_POINT('',(-281.5,-281.5,945.));
#2561 = VECTOR('',#2562,1.);
#2562 = DIRECTION('',(0.,1.,0.));
#2563 = ORIENTED_EDGE('',*,*,#2564,.T.);
#2564 = EDGE_CURVE('',#2557,#2565,#2567,.T.);
#2565 = VERTEX_POINT('',#2566);
#2566 = CARTESIAN_POINT('',(281.5,281.5,945.));
#2567 = LINE('',#2568,#2569);
#2568 = CARTESIAN_POINT('',(-281.5,281.5,945.));
#2569 = VECTOR('',#2570,1.);
#2570 = DIRECTION('',(1.,0.,0.));
#2571 = ORIENTED_EDGE('',*,*,#2572,.F.);
#2572 = EDGE_CURVE('',#2549,#2565,#2573,.T.);
#2573 = LINE('',#2574,#2575);
#2574 = CARTESIAN_POINT('',(281.5,-281.5,945.));
#2575 = VECTOR('',#2576,1.);
#2576 = DIRECTION('',(0.,1.,0.));
#2577 = PLANE('',#2578);
#2578 = AXIS2_PLACEMENT_3D('',#2579,#2580,#2581);
#2579 = CARTESIAN_POINT('',(-316.5,-316.5,945.));
#2580 = DIRECTION('',(0.,0.,1.));
#2581 = DIRECTION('',(1.,0.,0.));
#2582 = ADVANCED_FACE('',(#2583),#2601,.T.);
#2583 = FACE_BOUND('',#2584,.T.);
#2584 = EDGE_LOOP('',(#2585,#2593,#2594,#2595));
#2585 = ORIENTED_EDGE('',*,*,#2586,.F.);
#2586 = EDGE_CURVE('',#2468,#2587,#2589,.T.);
#2587 = VERTEX_POINT('',#2588);
#2588 = CARTESIAN_POINT('',(316.5,316.5,940.));
#2589 = LINE('',#2590,#2591);
#2590 = CARTESIAN_POINT('',(-316.5,316.5,940.));
#2591 = VECTOR('',#2592,1.);
#2592 = DIRECTION('',(1.,0.,0.));
#2593 = ORIENTED_EDGE('',*,*,#2475,.T.);
#2594 = ORIENTED_EDGE('',*,*,#2538,.T.);
#2595 = ORIENTED_EDGE('',*,*,#2596,.F.);
#2596 = EDGE_CURVE('',#2587,#2531,#2597,.T.);
#2597 = LINE('',#2598,#2599);
#2598 = CARTESIAN_POINT('',(316.5,316.5,940.));
#2599 = VECTOR('',#2600,1.);
#2600 = DIRECTION('',(0.,0.,1.));
#2601 = PLANE('',#2602);
#2602 = AXIS2_PLACEMENT_3D('',#2603,#2604,#2605);
#2603 = CARTESIAN_POINT('',(-316.5,316.5,940.));
#2604 = DIRECTION('',(0.,1.,0.));
#2605 = DIRECTION('',(0.,0.,1.));
#2606 = ADVANCED_FACE('',(#2607,#2618),#2652,.F.);
#2607 = FACE_BOUND('',#2608,.F.);
#2608 = EDGE_LOOP('',(#2609,#2610,#2611,#2617));
#2609 = ORIENTED_EDGE('',*,*,#2467,.F.);
#2610 = ORIENTED_EDGE('',*,*,#2497,.T.);
#2611 = ORIENTED_EDGE('',*,*,#2612,.T.);
#2612 = EDGE_CURVE('',#2498,#2587,#2613,.T.);
#2613 = LINE('',#2614,#2615);
#2614 = CARTESIAN_POINT('',(316.5,-316.5,940.));
#2615 = VECTOR('',#2616,1.);
#2616 = DIRECTION('',(0.,1.,0.));
#2617 = ORIENTED_EDGE('',*,*,#2586,.F.);
#2618 = FACE_BOUND('',#2619,.F.);
#2619 = EDGE_LOOP('',(#2620,#2630,#2638,#2646));
#2620 = ORIENTED_EDGE('',*,*,#2621,.F.);
#2621 = EDGE_CURVE('',#2622,#2624,#2626,.T.);
#2622 = VERTEX_POINT('',#2623);
#2623 = CARTESIAN_POINT('',(-281.5,-281.5,940.));
#2624 = VERTEX_POINT('',#2625);
#2625 = CARTESIAN_POINT('',(281.5,-281.5,940.));
#2626 = LINE('',#2627,#2628);
#2627 = CARTESIAN_POINT('',(-281.5,-281.5,940.));
#2628 = VECTOR('',#2629,1.);
#2629 = DIRECTION('',(1.,0.,0.));
#2630 = ORIENTED_EDGE('',*,*,#2631,.T.);
#2631 = EDGE_CURVE('',#2622,#2632,#2634,.T.);
#2632 = VERTEX_POINT('',#2633);
#2633 = CARTESIAN_POINT('',(-281.5,281.5,940.));
#2634 = LINE('',#2635,#2636);
#2635 = CARTESIAN_POINT('',(-281.5,-281.5,940.));
#2636 = VECTOR('',#2637,1.);
#2637 = DIRECTION('',(0.,1.,0.));
#2638 = ORIENTED_EDGE('',*,*,#2639,.T.);
#2639 = EDGE_CURVE('',#2632,#2640,#2642,.T.);
#2640 = VERTEX_POINT('',#2641);
#2641 = CARTESIAN_POINT('',(281.5,281.5,940.));
#2642 = LINE('',#2643,#2644);
#2643 = CARTESIAN_POINT('',(-281.5,281.5,940.));
#2644 = VECTOR('',#2645,1.);
#2645 = DIRECTION('',(1.,0.,0.));
#2646 = ORIENTED_EDGE('',*,*,#2647,.F.);
#2647 = EDGE_CURVE('',#2624,#2640,#2648,.T.);
#2648 = LINE('',#2649,#2650);
#2649 = CARTESIAN_POINT('',(281.5,-281.5,940.));
#2650 = VECTOR('',#2651,1.);
#2651 = DIRECTION('',(0.,1.,0.));
#2652 = PLANE('',#2653);
#2653 = AXIS2_PLACEMENT_3D('',#2654,#2655,#2656);
#2654 = CARTESIAN_POINT('',(-316.5,-316.5,940.));
#2655 = DIRECTION('',(0.,0.,1.));
#2656 = DIRECTION('',(1.,0.,0.));
#2657 = ADVANCED_FACE('',(#2658),#2664,.T.);
#2658 = FACE_BOUND('',#2659,.T.);
#2659 = EDGE_LOOP('',(#2660,#2661,#2662,#2663));
#2660 = ORIENTED_EDGE('',*,*,#2514,.F.);
#2661 = ORIENTED_EDGE('',*,*,#2612,.T.);
#2662 = ORIENTED_EDGE('',*,*,#2596,.T.);
#2663 = ORIENTED_EDGE('',*,*,#2530,.F.);
#2664 = PLANE('',#2665);
#2665 = AXIS2_PLACEMENT_3D('',#2666,#2667,#2668);
#2666 = CARTESIAN_POINT('',(316.5,-316.5,940.));
#2667 = DIRECTION('',(1.,0.,0.));
#2668 = DIRECTION('',(0.,0.,1.));
#2669 = ADVANCED_FACE('',(#2670),#2686,.T.);
#2670 = FACE_BOUND('',#2671,.T.);
#2671 = EDGE_LOOP('',(#2672,#2673,#2679,#2680));
#2672 = ORIENTED_EDGE('',*,*,#2621,.F.);
#2673 = ORIENTED_EDGE('',*,*,#2674,.T.);
#2674 = EDGE_CURVE('',#2622,#2547,#2675,.T.);
#2675 = LINE('',#2676,#2677);
#2676 = CARTESIAN_POINT('',(-281.5,-281.5,940.));
#2677 = VECTOR('',#2678,1.);
#2678 = DIRECTION('',(0.,0.,1.));
#2679 = ORIENTED_EDGE('',*,*,#2546,.T.);
#2680 = ORIENTED_EDGE('',*,*,#2681,.F.);
#2681 = EDGE_CURVE('',#2624,#2549,#2682,.T.);
#2682 = LINE('',#2683,#2684);
#2683 = CARTESIAN_POINT('',(281.5,-281.5,940.));
#2684 = VECTOR('',#2685,1.);
#2685 = DIRECTION('',(0.,0.,1.));
#2686 = PLANE('',#2687);
#2687 = AXIS2_PLACEMENT_3D('',#2688,#2689,#2690);
#2688 = CARTESIAN_POINT('',(-281.5,-281.5,940.));
#2689 = DIRECTION('',(0.,1.,0.));
#2690 = DIRECTION('',(0.,0.,1.));
#2691 = ADVANCED_FACE('',(#2692),#2703,.F.);
#2692 = FACE_BOUND('',#2693,.F.);
#2693 = EDGE_LOOP('',(#2694,#2695,#2696,#2702));
#2694 = ORIENTED_EDGE('',*,*,#2681,.F.);
#2695 = ORIENTED_EDGE('',*,*,#2647,.T.);
#2696 = ORIENTED_EDGE('',*,*,#2697,.T.);
#2697 = EDGE_CURVE('',#2640,#2565,#2698,.T.);
#2698 = LINE('',#2699,#2700);
#2699 = CARTESIAN_POINT('',(281.5,281.5,940.));
#2700 = VECTOR('',#2701,1.);
#2701 = DIRECTION('',(0.,0.,1.));
#2702 = ORIENTED_EDGE('',*,*,#2572,.F.);
#2703 = PLANE('',#2704);
#2704 = AXIS2_PLACEMENT_3D('',#2705,#2706,#2707);
#2705 = CARTESIAN_POINT('',(281.5,-281.5,940.));
#2706 = DIRECTION('',(1.,0.,0.));
#2707 = DIRECTION('',(0.,0.,1.));
#2708 = ADVANCED_FACE('',(#2709),#2720,.F.);
#2709 = FACE_BOUND('',#2710,.F.);
#2710 = EDGE_LOOP('',(#2711,#2712,#2718,#2719));
#2711 = ORIENTED_EDGE('',*,*,#2639,.F.);
#2712 = ORIENTED_EDGE('',*,*,#2713,.T.);
#2713 = EDGE_CURVE('',#2632,#2557,#2714,.T.);
#2714 = LINE('',#2715,#2716);
#2715 = CARTESIAN_POINT('',(-281.5,281.5,940.));
#2716 = VECTOR('',#2717,1.);
#2717 = DIRECTION('',(0.,0.,1.));
#2718 = ORIENTED_EDGE('',*,*,#2564,.T.);
#2719 = ORIENTED_EDGE('',*,*,#2697,.F.);
#2720 = PLANE('',#2721);
#2721 = AXIS2_PLACEMENT_3D('',#2722,#2723,#2724);
#2722 = CARTESIAN_POINT('',(-281.5,281.5,940.));
#2723 = DIRECTION('',(0.,1.,0.));
#2724 = DIRECTION('',(0.,0.,1.));
#2725 = ADVANCED_FACE('',(#2726),#2732,.T.);
#2726 = FACE_BOUND('',#2727,.T.);
#2727 = EDGE_LOOP('',(#2728,#2729,#2730,#2731));
#2728 = ORIENTED_EDGE('',*,*,#2674,.F.);
#2729 = ORIENTED_EDGE('',*,*,#2631,.T.);
#2730 = ORIENTED_EDGE('',*,*,#2713,.T.);
#2731 = ORIENTED_EDGE('',*,*,#2556,.F.);
#2732 = PLANE('',#2733);
#2733 = AXIS2_PLACEMENT_3D('',#2734,#2735,#2736);
#2734 = CARTESIAN_POINT('',(-281.5,-281.5,940.));
#2735 = DIRECTION('',(1.,0.,0.));
#2736 = DIRECTION('',(0.,0.,1.));
#2737 = MANIFOLD_SOLID_BREP('',#2738);
#2738 = CLOSED_SHELL('',(#2739,#2779,#2819,#2841,#2863,#2875));
#2739 = ADVANCED_FACE('',(#2740),#2774,.F.);
#2740 = FACE_BOUND('',#2741,.F.);
#2741 = EDGE_LOOP('',(#2742,#2752,#2760,#2768));
#2742 = ORIENTED_EDGE('',*,*,#2743,.F.);
#2743 = EDGE_CURVE('',#2744,#2746,#2748,.T.);
#2744 = VERTEX_POINT('',#2745);
#2745 = CARTESIAN_POINT('',(-216.,-186.5,1.19E+03));
#2746 = VERTEX_POINT('',#2747);
#2747 = CARTESIAN_POINT('',(-216.,-186.5,2.015E+03));
#2748 = LINE('',#2749,#2750);
#2749 = CARTESIAN_POINT('',(-216.,-186.5,1.19E+03));
#2750 = VECTOR('',#2751,1.);
#2751 = DIRECTION('',(0.,0.,1.));
#2752 = ORIENTED_EDGE('',*,*,#2753,.T.);
#2753 = EDGE_CURVE('',#2744,#2754,#2756,.T.);
#2754 = VERTEX_POINT('',#2755);
#2755 = CARTESIAN_POINT('',(-216.,186.5,1.19E+03));
#2756 = LINE('',#2757,#2758);
#2757 = CARTESIAN_POINT('',(-216.,-186.5,1.19E+03));
#2758 = VECTOR('',#2759,1.);
#2759 = DIRECTION('',(0.,1.,0.));
#2760 = ORIENTED_EDGE('',*,*,#2761,.T.);
#2761 = EDGE_CURVE('',#2754,#2762,#2764,.T.);
#2762 = VERTEX_POINT('',#2763);
#2763 = CARTESIAN_POINT('',(-216.,186.5,2.015E+03));
#2764 = LINE('',#2765,#2766);
#2765 = CARTESIAN_POINT('',(-216.,186.5,1.19E+03));
#2766 = VECTOR('',#2767,1.);
#2767 = DIRECTION('',(0.,0.,1.));
#2768 = ORIENTED_EDGE('',*,*,#2769,.F.);
#2769 = EDGE_CURVE('',#2746,#2762,#2770,.T.);
#2770 = LINE('',#2771,#2772);
#2771 = CARTESIAN_POINT('',(-216.,-186.5,2.015E+03));
#2772 = VECTOR('',#2773,1.);
#2773 = DIRECTION('',(0.,1.,0.));
#2774 = PLANE('',#2775);
#2775 = AXIS2_PLACEMENT_3D('',#2776,#2777,#2778);
#2776 = CARTESIAN_POINT('',(-216.,-186.5,1.19E+03));
#2777 = DIRECTION('',(1.,0.,0.));
#2778 = DIRECTION('',(0.,0.,1.));
#2779 = ADVANCED_FACE('',(#2780),#2814,.T.);
#2780 = FACE_BOUND('',#2781,.T.);
#2781 = EDGE_LOOP('',(#2782,#2792,#2800,#2808));
#2782 = ORIENTED_EDGE('',*,*,#2783,.F.);
#2783 = EDGE_CURVE('',#2784,#2786,#2788,.T.);
#2784 = VERTEX_POINT('',#2785);
#2785 = CARTESIAN_POINT('',(216.,-186.5,1.19E+03));
#2786 = VERTEX_POINT('',#2787);
#2787 = CARTESIAN_POINT('',(216.,-186.5,2.015E+03));
#2788 = LINE('',#2789,#2790);
#2789 = CARTESIAN_POINT('',(216.,-186.5,1.19E+03));
#2790 = VECTOR('',#2791,1.);
#2791 = DIRECTION('',(0.,0.,1.));
#2792 = ORIENTED_EDGE('',*,*,#2793,.T.);
#2793 = EDGE_CURVE('',#2784,#2794,#2796,.T.);
#2794 = VERTEX_POINT('',#2795);
#2795 = CARTESIAN_POINT('',(216.,186.5,1.19E+03));
#2796 = LINE('',#2797,#2798);
#2797 = CARTESIAN_POINT('',(216.,-186.5,1.19E+03));
#2798 = VECTOR('',#2799,1.);
#2799 = DIRECTION('',(0.,1.,0.));
#2800 = ORIENTED_EDGE('',*,*,#2801,.T.);
#2801 = EDGE_CURVE('',#2794,#2802,#2804,.T.);
#2802 = VERTEX_POINT('',#2803);
#2803 = CARTESIAN_POINT('',(216.,186.5,2.015E+03));
#2804 = LINE('',#2805,#2806);
#2805 = CARTESIAN_POINT('',(216.,186.5,1.19E+03));
#2806 = VECTOR('',#2807,1.);
#2807 = DIRECTION('',(0.,0.,1.));
#2808 = ORIENTED_EDGE('',*,*,#2809,.F.);
#2809 = EDGE_CURVE('',#2786,#2802,#2810,.T.);
#2810 = LINE('',#2811,#2812);
#2811 = CARTESIAN_POINT('',(216.,-186.5,2.015E+03));
#2812 = VECTOR('',#2813,1.);
#2813 = DIRECTION('',(0.,1.,0.));
#2814 = PLANE('',#2815);
#2815 = AXIS2_PLACEMENT_3D('',#2816,#2817,#2818);
#2816 = CARTESIAN_POINT('',(216.,-186.5,1.19E+03));
#2817 = DIRECTION('',(1.,0.,0.));
#2818 = DIRECTION('',(0.,0.,1.));
#2819 = ADVANCED_FACE('',(#2820),#2836,.F.);
#2820 = FACE_BOUND('',#2821,.F.);
#2821 = EDGE_LOOP('',(#2822,#2828,#2829,#2835));
#2822 = ORIENTED_EDGE('',*,*,#2823,.F.);
#2823 = EDGE_CURVE('',#2744,#2784,#2824,.T.);
#2824 = LINE('',#2825,#2826);
#2825 = CARTESIAN_POINT('',(-216.,-186.5,1.19E+03));
#2826 = VECTOR('',#2827,1.);
#2827 = DIRECTION('',(1.,0.,0.));
#2828 = ORIENTED_EDGE('',*,*,#2743,.T.);
#2829 = ORIENTED_EDGE('',*,*,#2830,.T.);
#2830 = EDGE_CURVE('',#2746,#2786,#2831,.T.);
#2831 = LINE('',#2832,#2833);
#2832 = CARTESIAN_POINT('',(-216.,-186.5,2.015E+03));
#2833 = VECTOR('',#2834,1.);
#2834 = DIRECTION('',(1.,0.,0.));
#2835 = ORIENTED_EDGE('',*,*,#2783,.F.);
#2836 = PLANE('',#2837);
#2837 = AXIS2_PLACEMENT_3D('',#2838,#2839,#2840);
#2838 = CARTESIAN_POINT('',(-216.,-186.5,1.19E+03));
#2839 = DIRECTION('',(0.,1.,0.));
#2840 = DIRECTION('',(0.,0.,1.));
#2841 = ADVANCED_FACE('',(#2842),#2858,.T.);
#2842 = FACE_BOUND('',#2843,.T.);
#2843 = EDGE_LOOP('',(#2844,#2850,#2851,#2857));
#2844 = ORIENTED_EDGE('',*,*,#2845,.F.);
#2845 = EDGE_CURVE('',#2754,#2794,#2846,.T.);
#2846 = LINE('',#2847,#2848);
#2847 = CARTESIAN_POINT('',(-216.,186.5,1.19E+03));
#2848 = VECTOR('',#2849,1.);
#2849 = DIRECTION('',(1.,0.,0.));
#2850 = ORIENTED_EDGE('',*,*,#2761,.T.);
#2851 = ORIENTED_EDGE('',*,*,#2852,.T.);
#2852 = EDGE_CURVE('',#2762,#2802,#2853,.T.);
#2853 = LINE('',#2854,#2855);
#2854 = CARTESIAN_POINT('',(-216.,186.5,2.015E+03));
#2855 = VECTOR('',#2856,1.);
#2856 = DIRECTION('',(1.,0.,0.));
#2857 = ORIENTED_EDGE('',*,*,#2801,.F.);
#2858 = PLANE('',#2859);
#2859 = AXIS2_PLACEMENT_3D('',#2860,#2861,#2862);
#2860 = CARTESIAN_POINT('',(-216.,186.5,1.19E+03));
#2861 = DIRECTION('',(0.,1.,0.));
#2862 = DIRECTION('',(0.,0.,1.));
#2863 = ADVANCED_FACE('',(#2864),#2870,.F.);
#2864 = FACE_BOUND('',#2865,.F.);
#2865 = EDGE_LOOP('',(#2866,#2867,#2868,#2869));
#2866 = ORIENTED_EDGE('',*,*,#2753,.F.);
#2867 = ORIENTED_EDGE('',*,*,#2823,.T.);
#2868 = ORIENTED_EDGE('',*,*,#2793,.T.);
#2869 = ORIENTED_EDGE('',*,*,#2845,.F.);
#2870 = PLANE('',#2871);
#2871 = AXIS2_PLACEMENT_3D('',#2872,#2873,#2874);
#2872 = CARTESIAN_POINT('',(-216.,-186.5,1.19E+03));
#2873 = DIRECTION('',(0.,0.,1.));
#2874 = DIRECTION('',(1.,0.,0.));
#2875 = ADVANCED_FACE('',(#2876),#2882,.T.);
#2876 = FACE_BOUND('',#2877,.T.);
#2877 = EDGE_LOOP('',(#2878,#2879,#2880,#2881));
#2878 = ORIENTED_EDGE('',*,*,#2769,.F.);
#2879 = ORIENTED_EDGE('',*,*,#2830,.T.);
#2880 = ORIENTED_EDGE('',*,*,#2809,.T.);
#2881 = ORIENTED_EDGE('',*,*,#2852,.F.);
#2882 = PLANE('',#2883);
#2883 = AXIS2_PLACEMENT_3D('',#2884,#2885,#2886);
#2884 = CARTESIAN_POINT('',(-216.,-186.5,2.015E+03));
#2885 = DIRECTION('',(0.,0.,1.));
#2886 = DIRECTION('',(1.,0.,0.));
#2887 = MANIFOLD_SOLID_BREP('',#2888);
#2888 = CLOSED_SHELL('',(#2889,#2944,#3025,#3061,#3143,#3175,#3207,#3231
    ,#3267,#3299,#3327,#3355));
#2889 = ADVANCED_FACE('',(#2890),#2923,.T.);
#2890 = FACE_BOUND('',#2891,.T.);
#2891 = EDGE_LOOP('',(#2892,#2902,#2909,#2918));
#2892 = ORIENTED_EDGE('',*,*,#2893,.T.);
#2893 = EDGE_CURVE('',#2894,#2896,#2898,.T.);
#2894 = VERTEX_POINT('',#2895);
#2895 = CARTESIAN_POINT('',(-283.5,-283.5,965.));
#2896 = VERTEX_POINT('',#2897);
#2897 = CARTESIAN_POINT('',(283.5,-283.5,965.));
#2898 = LINE('',#2899,#2900);
#2899 = CARTESIAN_POINT('',(-283.5,-283.5,965.));
#2900 = VECTOR('',#2901,1.);
#2901 = DIRECTION('',(1.,0.,0.));
#2902 = ORIENTED_EDGE('',*,*,#2903,.T.);
#2903 = EDGE_CURVE('',#2896,#2904,#2906,.T.);
#2904 = VERTEX_POINT('',#2905);
#2905 = CARTESIAN_POINT('',(112.78353159925,-112.7835315992,1.18E+03));
#2906 = B_SPLINE_CURVE_WITH_KNOTS('',1,(#2907,#2908),.UNSPECIFIED.,.F.,
  .F.,(2,2),(0.,1.),.PIECEWISE_BEZIER_KNOTS.);
#2907 = CARTESIAN_POINT('',(283.5,-283.5,965.));
#2908 = CARTESIAN_POINT('',(112.78353159925,-112.7835315992,1.18E+03));
#2909 = ORIENTED_EDGE('',*,*,#2910,.F.);
#2910 = EDGE_CURVE('',#2911,#2904,#2913,.T.);
#2911 = VERTEX_POINT('',#2912);
#2912 = CARTESIAN_POINT('',(-112.7835315992,-112.7835315992,1.18E+03));
#2913 = CIRCLE('',#2914,159.5);
#2914 = AXIS2_PLACEMENT_3D('',#2915,#2916,#2917);
#2915 = CARTESIAN_POINT('',(0.,0.,1.18E+03));
#2916 = DIRECTION('',(0.,0.,1.));
#2917 = DIRECTION('',(1.,0.,0.));
#2918 = ORIENTED_EDGE('',*,*,#2919,.F.);
#2919 = EDGE_CURVE('',#2894,#2911,#2920,.T.);
#2920 = B_SPLINE_CURVE_WITH_KNOTS('',1,(#2921,#2922),.UNSPECIFIED.,.F.,
  .F.,(2,2),(0.,1.),.PIECEWISE_BEZIER_KNOTS.);
#2921 = CARTESIAN_POINT('',(-283.5,-283.5,965.));
#2922 = CARTESIAN_POINT('',(-112.7835315992,-112.7835315992,1.18E+03));
#2923 = B_SPLINE_SURFACE_WITH_KNOTS('',9,1,(
    (#2924,#2925)
    ,(#2926,#2927)
    ,(#2928,#2929)
    ,(#2930,#2931)
    ,(#2932,#2933)
    ,(#2934,#2935)
    ,(#2936,#2937)
    ,(#2938,#2939)
    ,(#2940,#2941)
    ,(#2942,#2943
    )),.UNSPECIFIED.,.F.,.F.,.F.,(10,10),(2,2),(0.,567.),(0.,1.),
  .PIECEWISE_BEZIER_KNOTS.);
#2924 = CARTESIAN_POINT('',(-283.5,-283.5,965.));
#2925 = CARTESIAN_POINT('',(-112.7835315992,-112.7835315992,1.18E+03));
#2926 = CARTESIAN_POINT('',(-220.5,-283.5,965.));
#2927 = CARTESIAN_POINT('',(-93.09909191491,-132.4679712835,1.18E+03));
#2928 = CARTESIAN_POINT('',(-157.5,-283.5,965.));
#2929 = CARTESIAN_POINT('',(-69.54962156705,-148.2873808685,1.18E+03));
#2930 = CARTESIAN_POINT('',(-94.5,-283.5,965.));
#2931 = CARTESIAN_POINT('',(-43.0024310978,-159.374444404,1.18E+03));
#2932 = CARTESIAN_POINT('',(-31.5,-283.5,965.));
#2933 = CARTESIAN_POINT('',(-14.5518945476,-165.0889339886,1.18E+03));
#2934 = CARTESIAN_POINT('',(31.5,-283.5,965.));
#2935 = CARTESIAN_POINT('',(14.551894547604,-165.0889339887,1.18E+03));
#2936 = CARTESIAN_POINT('',(94.5,-283.5,965.));
#2937 = CARTESIAN_POINT('',(43.002431097806,-159.374444404,1.18E+03));
#2938 = CARTESIAN_POINT('',(157.5,-283.5,965.));
#2939 = CARTESIAN_POINT('',(69.549621567054,-148.2873808685,1.18E+03));
#2940 = CARTESIAN_POINT('',(220.5,-283.5,965.));
#2941 = CARTESIAN_POINT('',(93.099091914914,-132.4679712835,1.18E+03));
#2942 = CARTESIAN_POINT('',(283.5,-283.5,965.));
#2943 = CARTESIAN_POINT('',(112.78353159925,-112.7835315992,1.18E+03));
#2944 = ADVANCED_FACE('',(#2945,#2978),#3020,.T.);
#2945 = FACE_BOUND('',#2946,.T.);
#2946 = EDGE_LOOP('',(#2947,#2948,#2956,#2964,#2972));
#2947 = ORIENTED_EDGE('',*,*,#2893,.F.);
#2948 = ORIENTED_EDGE('',*,*,#2949,.F.);
#2949 = EDGE_CURVE('',#2950,#2894,#2952,.T.);
#2950 = VERTEX_POINT('',#2951);
#2951 = CARTESIAN_POINT('',(-283.5,283.5,965.));
#2952 = LINE('',#2953,#2954);
#2953 = CARTESIAN_POINT('',(-283.5,283.5,965.));
#2954 = VECTOR('',#2955,1.);
#2955 = DIRECTION('',(0.,-1.,0.));
#2956 = ORIENTED_EDGE('',*,*,#2957,.F.);
#2957 = EDGE_CURVE('',#2958,#2950,#2960,.T.);
#2958 = VERTEX_POINT('',#2959);
#2959 = CARTESIAN_POINT('',(283.5,283.5,965.));
#2960 = LINE('',#2961,#2962);
#2961 = CARTESIAN_POINT('',(283.5,283.5,965.));
#2962 = VECTOR('',#2963,1.);
#2963 = DIRECTION('',(-1.,0.,0.));
#2964 = ORIENTED_EDGE('',*,*,#2965,.F.);
#2965 = EDGE_CURVE('',#2966,#2958,#2968,.T.);
#2966 = VERTEX_POINT('',#2967);
#2967 = CARTESIAN_POINT('',(283.5,0.,965.));
#2968 = LINE('',#2969,#2970);
#2969 = CARTESIAN_POINT('',(283.5,-283.5,965.));
#2970 = VECTOR('',#2971,1.);
#2971 = DIRECTION('',(0.,1.,0.));
#2972 = ORIENTED_EDGE('',*,*,#2973,.F.);
#2973 = EDGE_CURVE('',#2896,#2966,#2974,.T.);
#2974 = LINE('',#2975,#2976);
#2975 = CARTESIAN_POINT('',(283.5,-283.5,965.));
#2976 = VECTOR('',#2977,1.);
#2977 = DIRECTION('',(0.,1.,0.));
#2978 = FACE_BOUND('',#2979,.T.);
#2979 = EDGE_LOOP('',(#2980,#2990,#2998,#3006,#3014));
#2980 = ORIENTED_EDGE('',*,*,#2981,.T.);
#2981 = EDGE_CURVE('',#2982,#2984,#2986,.T.);
#2982 = VERTEX_POINT('',#2983);
#2983 = CARTESIAN_POINT('',(-281.5,281.5,965.));
#2984 = VERTEX_POINT('',#2985);
#2985 = CARTESIAN_POINT('',(-281.5,-281.5,965.));
#2986 = LINE('',#2987,#2988);
#2987 = CARTESIAN_POINT('',(-281.5,281.5,965.));
#2988 = VECTOR('',#2989,1.);
#2989 = DIRECTION('',(0.,-1.,0.));
#2990 = ORIENTED_EDGE('',*,*,#2991,.T.);
#2991 = EDGE_CURVE('',#2984,#2992,#2994,.T.);
#2992 = VERTEX_POINT('',#2993);
#2993 = CARTESIAN_POINT('',(281.5,-281.5,965.));
#2994 = LINE('',#2995,#2996);
#2995 = CARTESIAN_POINT('',(-281.5,-281.5,965.));
#2996 = VECTOR('',#2997,1.);
#2997 = DIRECTION('',(1.,0.,0.));
#2998 = ORIENTED_EDGE('',*,*,#2999,.T.);
#2999 = EDGE_CURVE('',#2992,#3000,#3002,.T.);
#3000 = VERTEX_POINT('',#3001);
#3001 = CARTESIAN_POINT('',(281.5,0.,965.));
#3002 = LINE('',#3003,#3004);
#3003 = CARTESIAN_POINT('',(281.5,-281.5,965.));
#3004 = VECTOR('',#3005,1.);
#3005 = DIRECTION('',(0.,1.,0.));
#3006 = ORIENTED_EDGE('',*,*,#3007,.T.);
#3007 = EDGE_CURVE('',#3000,#3008,#3010,.T.);
#3008 = VERTEX_POINT('',#3009);
#3009 = CARTESIAN_POINT('',(281.5,281.5,965.));
#3010 = LINE('',#3011,#3012);
#3011 = CARTESIAN_POINT('',(281.5,-281.5,965.));
#3012 = VECTOR('',#3013,1.);
#3013 = DIRECTION('',(0.,1.,0.));
#3014 = ORIENTED_EDGE('',*,*,#3015,.T.);
#3015 = EDGE_CURVE('',#3008,#2982,#3016,.T.);
#3016 = LINE('',#3017,#3018);
#3017 = CARTESIAN_POINT('',(281.5,281.5,965.));
#3018 = VECTOR('',#3019,1.);
#3019 = DIRECTION('',(-1.,0.,0.));
#3020 = PLANE('',#3021);
#3021 = AXIS2_PLACEMENT_3D('',#3022,#3023,#3024);
#3022 = CARTESIAN_POINT('',(-283.5,-283.5,965.));
#3023 = DIRECTION('',(0.,0.,-1.));
#3024 = DIRECTION('',(0.707106781187,0.707106781187,0.));
#3025 = ADVANCED_FACE('',(#3026),#3044,.T.);
#3026 = FACE_BOUND('',#3027,.T.);
#3027 = EDGE_LOOP('',(#3028,#3029,#3036,#3043));
#3028 = ORIENTED_EDGE('',*,*,#2973,.T.);
#3029 = ORIENTED_EDGE('',*,*,#3030,.T.);
#3030 = EDGE_CURVE('',#2966,#3031,#3033,.T.);
#3031 = VERTEX_POINT('',#3032);
#3032 = CARTESIAN_POINT('',(159.5,0.,1.18E+03));
#3033 = B_SPLINE_CURVE_WITH_KNOTS('',1,(#3034,#3035),.UNSPECIFIED.,.F.,
  .F.,(2,2),(0.,1.),.PIECEWISE_BEZIER_KNOTS.);
#3034 = CARTESIAN_POINT('',(283.5,0.,965.));
#3035 = CARTESIAN_POINT('',(159.5,-3.553E-14,1.18E+03));
#3036 = ORIENTED_EDGE('',*,*,#3037,.F.);
#3037 = EDGE_CURVE('',#2904,#3031,#3038,.T.);
#3038 = CIRCLE('',#3039,159.5);
#3039 = AXIS2_PLACEMENT_3D('',#3040,#3041,#3042);
#3040 = CARTESIAN_POINT('',(0.,0.,1.18E+03));
#3041 = DIRECTION('',(0.,0.,1.));
#3042 = DIRECTION('',(1.,0.,0.));
#3043 = ORIENTED_EDGE('',*,*,#2903,.F.);
#3044 = B_SPLINE_SURFACE_WITH_KNOTS('',7,1,(
    (#3045,#3046)
    ,(#3047,#3048)
    ,(#3049,#3050)
    ,(#3051,#3052)
    ,(#3053,#3054)
    ,(#3055,#3056)
    ,(#3057,#3058)
    ,(#3059,#3060
    )),.UNSPECIFIED.,.F.,.F.,.F.,(8,8),(2,2),(0.,283.5),(0.,1.),
  .PIECEWISE_BEZIER_KNOTS.);
#3045 = CARTESIAN_POINT('',(283.5,-283.5,965.));
#3046 = CARTESIAN_POINT('',(112.78353159925,-112.7835315992,1.18E+03));
#3047 = CARTESIAN_POINT('',(283.5,-243.,965.));
#3048 = CARTESIAN_POINT('',(125.43781425347,-100.129248945,1.18E+03));
#3049 = CARTESIAN_POINT('',(283.5,-202.5,965.));
#3050 = CARTESIAN_POINT('',(136.43565423148,-85.81852413355,1.18E+03));
#3051 = CARTESIAN_POINT('',(283.5,-162.,965.));
#3052 = CARTESIAN_POINT('',(145.51686531228,-70.1115536992,1.18E+03));
#3053 = CARTESIAN_POINT('',(283.5,-121.5,965.));
#3054 = CARTESIAN_POINT('',(152.47231729956,-53.31960717909,1.18E+03));
#3055 = CARTESIAN_POINT('',(283.5,-81.,965.));
#3056 = CARTESIAN_POINT('',(157.15743666896,-35.79171593644,1.18E+03));
#3057 = CARTESIAN_POINT('',(283.5,-40.5,965.));
#3058 = CARTESIAN_POINT('',(159.5,-17.89585815169,1.18E+03));
#3059 = CARTESIAN_POINT('',(283.5,0.,965.));
#3060 = CARTESIAN_POINT('',(159.5,-3.553E-14,1.18E+03));
#3061 = ADVANCED_FACE('',(#3062,#3091),#3138,.T.);
#3062 = FACE_BOUND('',#3063,.T.);
#3063 = EDGE_LOOP('',(#3064,#3065,#3066,#3075,#3084));
#3064 = ORIENTED_EDGE('',*,*,#2910,.T.);
#3065 = ORIENTED_EDGE('',*,*,#3037,.T.);
#3066 = ORIENTED_EDGE('',*,*,#3067,.T.);
#3067 = EDGE_CURVE('',#3031,#3068,#3070,.T.);
#3068 = VERTEX_POINT('',#3069);
#3069 = CARTESIAN_POINT('',(112.78353159925,112.78353159925,1.18E+03));
#3070 = CIRCLE('',#3071,159.5);
#3071 = AXIS2_PLACEMENT_3D('',#3072,#3073,#3074);
#3072 = CARTESIAN_POINT('',(0.,0.,1.18E+03));
#3073 = DIRECTION('',(0.,0.,1.));
#3074 = DIRECTION('',(1.,0.,0.));
#3075 = ORIENTED_EDGE('',*,*,#3076,.T.);
#3076 = EDGE_CURVE('',#3068,#3077,#3079,.T.);
#3077 = VERTEX_POINT('',#3078);
#3078 = CARTESIAN_POINT('',(-112.7835315992,112.78353159925,1.18E+03));
#3079 = CIRCLE('',#3080,159.5);
#3080 = AXIS2_PLACEMENT_3D('',#3081,#3082,#3083);
#3081 = CARTESIAN_POINT('',(0.,0.,1.18E+03));
#3082 = DIRECTION('',(0.,0.,1.));
#3083 = DIRECTION('',(1.,0.,0.));
#3084 = ORIENTED_EDGE('',*,*,#3085,.T.);
#3085 = EDGE_CURVE('',#3077,#2911,#3086,.T.);
#3086 = CIRCLE('',#3087,159.5);
#3087 = AXIS2_PLACEMENT_3D('',#3088,#3089,#3090);
#3088 = CARTESIAN_POINT('',(0.,0.,1.18E+03));
#3089 = DIRECTION('',(0.,0.,1.));
#3090 = DIRECTION('',(1.,0.,0.));
#3091 = FACE_BOUND('',#3092,.T.);
#3092 = EDGE_LOOP('',(#3093,#3104,#3113,#3122,#3131));
#3093 = ORIENTED_EDGE('',*,*,#3094,.F.);
#3094 = EDGE_CURVE('',#3095,#3097,#3099,.T.);
#3095 = VERTEX_POINT('',#3096);
#3096 = CARTESIAN_POINT('',(-111.3693180368,-111.3693180368,1.18E+03));
#3097 = VERTEX_POINT('',#3098);
#3098 = CARTESIAN_POINT('',(111.36931803688,-111.3693180368,1.18E+03));
#3099 = CIRCLE('',#3100,157.5);
#3100 = AXIS2_PLACEMENT_3D('',#3101,#3102,#3103);
#3101 = CARTESIAN_POINT('',(0.,0.,1.18E+03));
#3102 = DIRECTION('',(0.,0.,1.));
#3103 = DIRECTION('',(1.,0.,0.));
#3104 = ORIENTED_EDGE('',*,*,#3105,.F.);
#3105 = EDGE_CURVE('',#3106,#3095,#3108,.T.);
#3106 = VERTEX_POINT('',#3107);
#3107 = CARTESIAN_POINT('',(-111.3693180368,111.36931803688,1.18E+03));
#3108 = CIRCLE('',#3109,157.5);
#3109 = AXIS2_PLACEMENT_3D('',#3110,#3111,#3112);
#3110 = CARTESIAN_POINT('',(0.,0.,1.18E+03));
#3111 = DIRECTION('',(0.,0.,1.));
#3112 = DIRECTION('',(1.,0.,0.));
#3113 = ORIENTED_EDGE('',*,*,#3114,.F.);
#3114 = EDGE_CURVE('',#3115,#3106,#3117,.T.);
#3115 = VERTEX_POINT('',#3116);
#3116 = CARTESIAN_POINT('',(111.36931803688,111.36931803688,1.18E+03));
#3117 = CIRCLE('',#3118,157.5);
#3118 = AXIS2_PLACEMENT_3D('',#3119,#3120,#3121);
#3119 = CARTESIAN_POINT('',(0.,0.,1.18E+03));
#3120 = DIRECTION('',(0.,0.,1.));
#3121 = DIRECTION('',(1.,0.,0.));
#3122 = ORIENTED_EDGE('',*,*,#3123,.F.);
#3123 = EDGE_CURVE('',#3124,#3115,#3126,.T.);
#3124 = VERTEX_POINT('',#3125);
#3125 = CARTESIAN_POINT('',(157.5,0.,1.18E+03));
#3126 = CIRCLE('',#3127,157.5);
#3127 = AXIS2_PLACEMENT_3D('',#3128,#3129,#3130);
#3128 = CARTESIAN_POINT('',(0.,0.,1.18E+03));
#3129 = DIRECTION('',(0.,0.,1.));
#3130 = DIRECTION('',(1.,0.,0.));
#3131 = ORIENTED_EDGE('',*,*,#3132,.F.);
#3132 = EDGE_CURVE('',#3097,#3124,#3133,.T.);
#3133 = CIRCLE('',#3134,157.5);
#3134 = AXIS2_PLACEMENT_3D('',#3135,#3136,#3137);
#3135 = CARTESIAN_POINT('',(0.,0.,1.18E+03));
#3136 = DIRECTION('',(0.,0.,1.));
#3137 = DIRECTION('',(1.,0.,0.));
#3138 = PLANE('',#3139);
#3139 = AXIS2_PLACEMENT_3D('',#3140,#3141,#3142);
#3140 = CARTESIAN_POINT('',(0.,0.,1.18E+03));
#3141 = DIRECTION('',(0.,0.,1.));
#3142 = DIRECTION('',(1.,0.,0.));
#3143 = ADVANCED_FACE('',(#3144),#3154,.T.);
#3144 = FACE_BOUND('',#3145,.T.);
#3145 = EDGE_LOOP('',(#3146,#3147,#3148,#3149));
#3146 = ORIENTED_EDGE('',*,*,#2949,.T.);
#3147 = ORIENTED_EDGE('',*,*,#2919,.T.);
#3148 = ORIENTED_EDGE('',*,*,#3085,.F.);
#3149 = ORIENTED_EDGE('',*,*,#3150,.F.);
#3150 = EDGE_CURVE('',#2950,#3077,#3151,.T.);
#3151 = B_SPLINE_CURVE_WITH_KNOTS('',1,(#3152,#3153),.UNSPECIFIED.,.F.,
  .F.,(2,2),(0.,1.),.PIECEWISE_BEZIER_KNOTS.);
#3152 = CARTESIAN_POINT('',(-283.5,283.5,965.));
#3153 = CARTESIAN_POINT('',(-112.7835315992,112.78353159925,1.18E+03));
#3154 = B_SPLINE_SURFACE_WITH_KNOTS('',9,1,(
    (#3155,#3156)
    ,(#3157,#3158)
    ,(#3159,#3160)
    ,(#3161,#3162)
    ,(#3163,#3164)
    ,(#3165,#3166)
    ,(#3167,#3168)
    ,(#3169,#3170)
    ,(#3171,#3172)
    ,(#3173,#3174
    )),.UNSPECIFIED.,.F.,.F.,.F.,(10,10),(2,2),(0.,567.),(0.,1.),
  .PIECEWISE_BEZIER_KNOTS.);
#3155 = CARTESIAN_POINT('',(-283.5,283.5,965.));
#3156 = CARTESIAN_POINT('',(-112.7835315992,112.78353159925,1.18E+03));
#3157 = CARTESIAN_POINT('',(-283.5,220.5,965.));
#3158 = CARTESIAN_POINT('',(-132.4679712835,93.099091914912,1.18E+03));
#3159 = CARTESIAN_POINT('',(-283.5,157.5,965.));
#3160 = CARTESIAN_POINT('',(-148.2873808686,69.549621567059,1.18E+03));
#3161 = CARTESIAN_POINT('',(-283.5,94.5,965.));
#3162 = CARTESIAN_POINT('',(-159.3744444039,43.002431097797,1.18E+03));
#3163 = CARTESIAN_POINT('',(-283.5,31.5,965.));
#3164 = CARTESIAN_POINT('',(-165.0889339887,14.551894547615,1.18E+03));
#3165 = CARTESIAN_POINT('',(-283.5,-31.5,965.));
#3166 = CARTESIAN_POINT('',(-165.0889339886,-14.55189454761,1.18E+03));
#3167 = CARTESIAN_POINT('',(-283.5,-94.5,965.));
#3168 = CARTESIAN_POINT('',(-159.374444404,-43.00243109779,1.18E+03));
#3169 = CARTESIAN_POINT('',(-283.5,-157.5,965.));
#3170 = CARTESIAN_POINT('',(-148.2873808685,-69.54962156705,1.18E+03));
#3171 = CARTESIAN_POINT('',(-283.5,-220.5,965.));
#3172 = CARTESIAN_POINT('',(-132.4679712835,-93.09909191491,1.18E+03));
#3173 = CARTESIAN_POINT('',(-283.5,-283.5,965.));
#3174 = CARTESIAN_POINT('',(-112.7835315992,-112.7835315992,1.18E+03));
#3175 = ADVANCED_FACE('',(#3176),#3186,.T.);
#3176 = FACE_BOUND('',#3177,.T.);
#3177 = EDGE_LOOP('',(#3178,#3179,#3180,#3181));
#3178 = ORIENTED_EDGE('',*,*,#2957,.T.);
#3179 = ORIENTED_EDGE('',*,*,#3150,.T.);
#3180 = ORIENTED_EDGE('',*,*,#3076,.F.);
#3181 = ORIENTED_EDGE('',*,*,#3182,.F.);
#3182 = EDGE_CURVE('',#2958,#3068,#3183,.T.);
#3183 = B_SPLINE_CURVE_WITH_KNOTS('',1,(#3184,#3185),.UNSPECIFIED.,.F.,
  .F.,(2,2),(0.,1.),.PIECEWISE_BEZIER_KNOTS.);
#3184 = CARTESIAN_POINT('',(283.5,283.5,965.));
#3185 = CARTESIAN_POINT('',(112.78353159925,112.78353159925,1.18E+03));
#3186 = B_SPLINE_SURFACE_WITH_KNOTS('',9,1,(
    (#3187,#3188)
    ,(#3189,#3190)
    ,(#3191,#3192)
    ,(#3193,#3194)
    ,(#3195,#3196)
    ,(#3197,#3198)
    ,(#3199,#3200)
    ,(#3201,#3202)
    ,(#3203,#3204)
    ,(#3205,#3206
    )),.UNSPECIFIED.,.F.,.F.,.F.,(10,10),(2,2),(0.,567.),(0.,1.),
  .PIECEWISE_BEZIER_KNOTS.);
#3187 = CARTESIAN_POINT('',(283.5,283.5,965.));
#3188 = CARTESIAN_POINT('',(112.78353159925,112.78353159925,1.18E+03));
#3189 = CARTESIAN_POINT('',(220.5,283.5,965.));
#3190 = CARTESIAN_POINT('',(93.099091914913,132.46797128359,1.18E+03));
#3191 = CARTESIAN_POINT('',(157.5,283.5,965.));
#3192 = CARTESIAN_POINT('',(69.549621567058,148.28738086858,1.18E+03));
#3193 = CARTESIAN_POINT('',(94.5,283.5,965.));
#3194 = CARTESIAN_POINT('',(43.002431097801,159.37444440401,1.18E+03));
#3195 = CARTESIAN_POINT('',(31.5,283.5,965.));
#3196 = CARTESIAN_POINT('',(14.551894547608,165.08893398867,1.18E+03));
#3197 = CARTESIAN_POINT('',(-31.5,283.5,965.));
#3198 = CARTESIAN_POINT('',(-14.5518945476,165.0889339887,1.18E+03));
#3199 = CARTESIAN_POINT('',(-94.5,283.5,965.));
#3200 = CARTESIAN_POINT('',(-43.0024310978,159.37444440399,1.18E+03));
#3201 = CARTESIAN_POINT('',(-157.5,283.5,965.));
#3202 = CARTESIAN_POINT('',(-69.54962156705,148.28738086859,1.18E+03));
#3203 = CARTESIAN_POINT('',(-220.5,283.5,965.));
#3204 = CARTESIAN_POINT('',(-93.09909191491,132.46797128359,1.18E+03));
#3205 = CARTESIAN_POINT('',(-283.5,283.5,965.));
#3206 = CARTESIAN_POINT('',(-112.7835315992,112.78353159925,1.18E+03));
#3207 = ADVANCED_FACE('',(#3208),#3214,.T.);
#3208 = FACE_BOUND('',#3209,.T.);
#3209 = EDGE_LOOP('',(#3210,#3211,#3212,#3213));
#3210 = ORIENTED_EDGE('',*,*,#2965,.T.);
#3211 = ORIENTED_EDGE('',*,*,#3182,.T.);
#3212 = ORIENTED_EDGE('',*,*,#3067,.F.);
#3213 = ORIENTED_EDGE('',*,*,#3030,.F.);
#3214 = B_SPLINE_SURFACE_WITH_KNOTS('',7,1,(
    (#3215,#3216)
    ,(#3217,#3218)
    ,(#3219,#3220)
    ,(#3221,#3222)
    ,(#3223,#3224)
    ,(#3225,#3226)
    ,(#3227,#3228)
    ,(#3229,#3230
    )),.UNSPECIFIED.,.F.,.F.,.F.,(8,8),(2,2),(283.5,567.),(0.,1.),
  .PIECEWISE_BEZIER_KNOTS.);
#3215 = CARTESIAN_POINT('',(283.5,0.,965.));
#3216 = CARTESIAN_POINT('',(159.5,7.11E-15,1.18E+03));
#3217 = CARTESIAN_POINT('',(283.5,40.5,965.));
#3218 = CARTESIAN_POINT('',(159.5,17.895858151699,1.18E+03));
#3219 = CARTESIAN_POINT('',(283.5,81.,965.));
#3220 = CARTESIAN_POINT('',(157.15743666896,35.791715936448,1.18E+03));
#3221 = CARTESIAN_POINT('',(283.5,121.5,965.));
#3222 = CARTESIAN_POINT('',(152.47231729957,53.319607179097,1.18E+03));
#3223 = CARTESIAN_POINT('',(283.5,162.,965.));
#3224 = CARTESIAN_POINT('',(145.51686531228,70.111553699207,1.18E+03));
#3225 = CARTESIAN_POINT('',(283.5,202.5,965.));
#3226 = CARTESIAN_POINT('',(136.43565423149,85.818524133558,1.18E+03));
#3227 = CARTESIAN_POINT('',(283.5,243.,965.));
#3228 = CARTESIAN_POINT('',(125.43781425347,100.12924894503,1.18E+03));
#3229 = CARTESIAN_POINT('',(283.5,283.5,965.));
#3230 = CARTESIAN_POINT('',(112.78353159925,112.78353159925,1.18E+03));
#3231 = ADVANCED_FACE('',(#3232),#3246,.F.);
#3232 = FACE_BOUND('',#3233,.F.);
#3233 = EDGE_LOOP('',(#3234,#3235,#3240,#3241));
#3234 = ORIENTED_EDGE('',*,*,#2981,.T.);
#3235 = ORIENTED_EDGE('',*,*,#3236,.T.);
#3236 = EDGE_CURVE('',#2984,#3095,#3237,.T.);
#3237 = B_SPLINE_CURVE_WITH_KNOTS('',1,(#3238,#3239),.UNSPECIFIED.,.F.,
  .F.,(2,2),(0.,1.),.PIECEWISE_BEZIER_KNOTS.);
#3238 = CARTESIAN_POINT('',(-281.5,-281.5,965.));
#3239 = CARTESIAN_POINT('',(-111.3693180368,-111.3693180368,1.18E+03));
#3240 = ORIENTED_EDGE('',*,*,#3105,.F.);
#3241 = ORIENTED_EDGE('',*,*,#3242,.F.);
#3242 = EDGE_CURVE('',#2982,#3106,#3243,.T.);
#3243 = B_SPLINE_CURVE_WITH_KNOTS('',1,(#3244,#3245),.UNSPECIFIED.,.F.,
  .F.,(2,2),(0.,1.),.PIECEWISE_BEZIER_KNOTS.);
#3244 = CARTESIAN_POINT('',(-281.5,281.5,965.));
#3245 = CARTESIAN_POINT('',(-111.3693180368,111.36931803688,1.18E+03));
#3246 = B_SPLINE_SURFACE_WITH_KNOTS('',9,1,(
    (#3247,#3248)
    ,(#3249,#3250)
    ,(#3251,#3252)
    ,(#3253,#3254)
    ,(#3255,#3256)
    ,(#3257,#3258)
    ,(#3259,#3260)
    ,(#3261,#3262)
    ,(#3263,#3264)
    ,(#3265,#3266
    )),.UNSPECIFIED.,.F.,.F.,.F.,(10,10),(2,2),(0.,563.),(0.,1.),
  .PIECEWISE_BEZIER_KNOTS.);
#3247 = CARTESIAN_POINT('',(-281.5,281.5,965.));
#3248 = CARTESIAN_POINT('',(-111.3693180368,111.36931803688,1.18E+03));
#3249 = CARTESIAN_POINT('',(-281.5,218.94444444444,965.));
#3250 = CARTESIAN_POINT('',(-130.8069308913,91.931705182437,1.18E+03));
#3251 = CARTESIAN_POINT('',(-281.5,156.38888888888,965.));
#3252 = CARTESIAN_POINT('',(-146.4279779736,68.677525998821,1.18E+03));
#3253 = CARTESIAN_POINT('',(-281.5,93.833333333333,965.));
#3254 = CARTESIAN_POINT('',(-157.3760187688,42.463215660833,1.18E+03));
#3255 = CARTESIAN_POINT('',(-281.5,31.277777777778,965.));
#3256 = CARTESIAN_POINT('',(-163.0188533117,14.369425650466,1.18E+03));
#3257 = CARTESIAN_POINT('',(-281.5,-31.27777777777,965.));
#3258 = CARTESIAN_POINT('',(-163.0188533116,-14.36942565046,1.18E+03));
#3259 = CARTESIAN_POINT('',(-281.5,-93.83333333333,965.));
#3260 = CARTESIAN_POINT('',(-157.3760187688,-42.46321566083,1.18E+03));
#3261 = CARTESIAN_POINT('',(-281.5,-156.3888888888,965.));
#3262 = CARTESIAN_POINT('',(-146.4279779736,-68.67752599881,1.18E+03));
#3263 = CARTESIAN_POINT('',(-281.5,-218.9444444444,965.));
#3264 = CARTESIAN_POINT('',(-130.8069308913,-91.93170518243,1.18E+03));
#3265 = CARTESIAN_POINT('',(-281.5,-281.5,965.));
#3266 = CARTESIAN_POINT('',(-111.3693180368,-111.3693180368,1.18E+03));
#3267 = ADVANCED_FACE('',(#3268),#3278,.F.);
#3268 = FACE_BOUND('',#3269,.F.);
#3269 = EDGE_LOOP('',(#3270,#3271,#3272,#3273));
#3270 = ORIENTED_EDGE('',*,*,#3015,.T.);
#3271 = ORIENTED_EDGE('',*,*,#3242,.T.);
#3272 = ORIENTED_EDGE('',*,*,#3114,.F.);
#3273 = ORIENTED_EDGE('',*,*,#3274,.F.);
#3274 = EDGE_CURVE('',#3008,#3115,#3275,.T.);
#3275 = B_SPLINE_CURVE_WITH_KNOTS('',1,(#3276,#3277),.UNSPECIFIED.,.F.,
  .F.,(2,2),(0.,1.),.PIECEWISE_BEZIER_KNOTS.);
#3276 = CARTESIAN_POINT('',(281.5,281.5,965.));
#3277 = CARTESIAN_POINT('',(111.36931803688,111.36931803688,1.18E+03));
#3278 = B_SPLINE_SURFACE_WITH_KNOTS('',9,1,(
    (#3279,#3280)
    ,(#3281,#3282)
    ,(#3283,#3284)
    ,(#3285,#3286)
    ,(#3287,#3288)
    ,(#3289,#3290)
    ,(#3291,#3292)
    ,(#3293,#3294)
    ,(#3295,#3296)
    ,(#3297,#3298
    )),.UNSPECIFIED.,.F.,.F.,.F.,(10,10),(2,2),(0.,563.),(0.,1.),
  .PIECEWISE_BEZIER_KNOTS.);
#3279 = CARTESIAN_POINT('',(281.5,281.5,965.));
#3280 = CARTESIAN_POINT('',(111.36931803688,111.36931803688,1.18E+03));
#3281 = CARTESIAN_POINT('',(218.94444444444,281.5,965.));
#3282 = CARTESIAN_POINT('',(91.931705182437,130.80693089132,1.18E+03));
#3283 = CARTESIAN_POINT('',(156.38888888888,281.5,965.));
#3284 = CARTESIAN_POINT('',(68.677525998819,146.42797797368,1.18E+03));
#3285 = CARTESIAN_POINT('',(93.833333333333,281.5,965.));
#3286 = CARTESIAN_POINT('',(42.463215660837,157.37601876883,1.18E+03));
#3287 = CARTESIAN_POINT('',(31.277777777778,281.5,965.));
#3288 = CARTESIAN_POINT('',(14.36942565046,163.01885331172,1.18E+03));
#3289 = CARTESIAN_POINT('',(-31.27777777777,281.5,965.));
#3290 = CARTESIAN_POINT('',(-14.36942565045,163.0188533117,1.18E+03));
#3291 = CARTESIAN_POINT('',(-93.83333333333,281.5,965.));
#3292 = CARTESIAN_POINT('',(-42.46321566084,157.37601876885,1.18E+03));
#3293 = CARTESIAN_POINT('',(-156.3888888888,281.5,965.));
#3294 = CARTESIAN_POINT('',(-68.67752599881,146.42797797367,1.18E+03));
#3295 = CARTESIAN_POINT('',(-218.9444444444,281.5,965.));
#3296 = CARTESIAN_POINT('',(-91.93170518243,130.80693089132,1.18E+03));
#3297 = CARTESIAN_POINT('',(-281.5,281.5,965.));
#3298 = CARTESIAN_POINT('',(-111.3693180368,111.36931803688,1.18E+03));
#3299 = ADVANCED_FACE('',(#3300),#3310,.F.);
#3300 = FACE_BOUND('',#3301,.F.);
#3301 = EDGE_LOOP('',(#3302,#3303,#3304,#3305));
#3302 = ORIENTED_EDGE('',*,*,#3007,.T.);
#3303 = ORIENTED_EDGE('',*,*,#3274,.T.);
#3304 = ORIENTED_EDGE('',*,*,#3123,.F.);
#3305 = ORIENTED_EDGE('',*,*,#3306,.F.);
#3306 = EDGE_CURVE('',#3000,#3124,#3307,.T.);
#3307 = B_SPLINE_CURVE_WITH_KNOTS('',1,(#3308,#3309),.UNSPECIFIED.,.F.,
  .F.,(2,2),(0.,1.),.PIECEWISE_BEZIER_KNOTS.);
#3308 = CARTESIAN_POINT('',(281.5,0.,965.));
#3309 = CARTESIAN_POINT('',(157.5,-3.553E-14,1.18E+03));
#3310 = B_SPLINE_SURFACE_WITH_KNOTS('',7,1,(
    (#3311,#3312)
    ,(#3313,#3314)
    ,(#3315,#3316)
    ,(#3317,#3318)
    ,(#3319,#3320)
    ,(#3321,#3322)
    ,(#3323,#3324)
    ,(#3325,#3326
    )),.UNSPECIFIED.,.F.,.F.,.F.,(8,8),(2,2),(281.5,563.),(0.,1.),
  .PIECEWISE_BEZIER_KNOTS.);
#3311 = CARTESIAN_POINT('',(281.5,0.,965.));
#3312 = CARTESIAN_POINT('',(157.5,1.421E-14,1.18E+03));
#3313 = CARTESIAN_POINT('',(281.5,40.214285714286,965.));
#3314 = CARTESIAN_POINT('',(157.5,17.671458676443,1.18E+03));
#3315 = CARTESIAN_POINT('',(281.5,80.428571428571,965.));
#3316 = CARTESIAN_POINT('',(155.18681050383,35.342916990536,1.18E+03));
#3317 = CARTESIAN_POINT('',(281.5,120.64285714285,965.));
#3318 = CARTESIAN_POINT('',(150.56043871274,52.651022763058,1.18E+03));
#3319 = CARTESIAN_POINT('',(281.5,160.85714285714,965.));
#3320 = CARTESIAN_POINT('',(143.69220242435,69.232411960031,1.18E+03));
#3321 = CARTESIAN_POINT('',(281.5,201.07142857142,965.));
#3322 = CARTESIAN_POINT('',(134.7248623289,84.742429787056,1.18E+03));
#3323 = CARTESIAN_POINT('',(281.5,241.28571428571,965.));
#3324 = CARTESIAN_POINT('',(123.86492630045,98.87370977331,1.18E+03));
#3325 = CARTESIAN_POINT('',(281.5,281.5,965.));
#3326 = CARTESIAN_POINT('',(111.36931803688,111.36931803688,1.18E+03));
#3327 = ADVANCED_FACE('',(#3328),#3338,.F.);
#3328 = FACE_BOUND('',#3329,.F.);
#3329 = EDGE_LOOP('',(#3330,#3331,#3332,#3333));
#3330 = ORIENTED_EDGE('',*,*,#2999,.T.);
#3331 = ORIENTED_EDGE('',*,*,#3306,.T.);
#3332 = ORIENTED_EDGE('',*,*,#3132,.F.);
#3333 = ORIENTED_EDGE('',*,*,#3334,.F.);
#3334 = EDGE_CURVE('',#2992,#3097,#3335,.T.);
#3335 = B_SPLINE_CURVE_WITH_KNOTS('',1,(#3336,#3337),.UNSPECIFIED.,.F.,
  .F.,(2,2),(0.,1.),.PIECEWISE_BEZIER_KNOTS.);
#3336 = CARTESIAN_POINT('',(281.5,-281.5,965.));
#3337 = CARTESIAN_POINT('',(111.36931803688,-111.3693180368,1.18E+03));
#3338 = B_SPLINE_SURFACE_WITH_KNOTS('',7,1,(
    (#3339,#3340)
    ,(#3341,#3342)
    ,(#3343,#3344)
    ,(#3345,#3346)
    ,(#3347,#3348)
    ,(#3349,#3350)
    ,(#3351,#3352)
    ,(#3353,#3354
    )),.UNSPECIFIED.,.F.,.F.,.F.,(8,8),(2,2),(0.,281.5),(0.,1.),
  .PIECEWISE_BEZIER_KNOTS.);
#3339 = CARTESIAN_POINT('',(281.5,-281.5,965.));
#3340 = CARTESIAN_POINT('',(111.36931803688,-111.3693180368,1.18E+03));
#3341 = CARTESIAN_POINT('',(281.5,-241.2857142857,965.));
#3342 = CARTESIAN_POINT('',(123.86492630045,-98.87370977331,1.18E+03));
#3343 = CARTESIAN_POINT('',(281.5,-201.0714285714,965.));
#3344 = CARTESIAN_POINT('',(134.7248623289,-84.74242978705,1.18E+03));
#3345 = CARTESIAN_POINT('',(281.5,-160.8571428571,965.));
#3346 = CARTESIAN_POINT('',(143.69220242436,-69.23241196003,1.18E+03));
#3347 = CARTESIAN_POINT('',(281.5,-120.6428571428,965.));
#3348 = CARTESIAN_POINT('',(150.56043871273,-52.65102276305,1.18E+03));
#3349 = CARTESIAN_POINT('',(281.5,-80.42857142857,965.));
#3350 = CARTESIAN_POINT('',(155.18681050383,-35.34291699053,1.18E+03));
#3351 = CARTESIAN_POINT('',(281.5,-40.21428571428,965.));
#3352 = CARTESIAN_POINT('',(157.5,-17.67145867644,1.18E+03));
#3353 = CARTESIAN_POINT('',(281.5,0.,965.));
#3354 = CARTESIAN_POINT('',(157.5,-3.553E-14,1.18E+03));
#3355 = ADVANCED_FACE('',(#3356),#3362,.F.);
#3356 = FACE_BOUND('',#3357,.F.);
#3357 = EDGE_LOOP('',(#3358,#3359,#3360,#3361));
#3358 = ORIENTED_EDGE('',*,*,#2991,.T.);
#3359 = ORIENTED_EDGE('',*,*,#3334,.T.);
#3360 = ORIENTED_EDGE('',*,*,#3094,.F.);
#3361 = ORIENTED_EDGE('',*,*,#3236,.F.);
#3362 = B_SPLINE_SURFACE_WITH_KNOTS('',9,1,(
    (#3363,#3364)
    ,(#3365,#3366)
    ,(#3367,#3368)
    ,(#3369,#3370)
    ,(#3371,#3372)
    ,(#3373,#3374)
    ,(#3375,#3376)
    ,(#3377,#3378)
    ,(#3379,#3380)
    ,(#3381,#3382
    )),.UNSPECIFIED.,.F.,.F.,.F.,(10,10),(2,2),(0.,563.),(0.,1.),
  .PIECEWISE_BEZIER_KNOTS.);
#3363 = CARTESIAN_POINT('',(-281.5,-281.5,965.));
#3364 = CARTESIAN_POINT('',(-111.3693180368,-111.3693180368,1.18E+03));
#3365 = CARTESIAN_POINT('',(-218.9444444444,-281.5,965.));
#3366 = CARTESIAN_POINT('',(-91.93170518243,-130.8069308913,1.18E+03));
#3367 = CARTESIAN_POINT('',(-156.3888888888,-281.5,965.));
#3368 = CARTESIAN_POINT('',(-68.67752599881,-146.4279779736,1.18E+03));
#3369 = CARTESIAN_POINT('',(-93.83333333333,-281.5,965.));
#3370 = CARTESIAN_POINT('',(-42.46321566084,-157.3760187688,1.18E+03));
#3371 = CARTESIAN_POINT('',(-31.27777777777,-281.5,965.));
#3372 = CARTESIAN_POINT('',(-14.36942565045,-163.0188533117,1.18E+03));
#3373 = CARTESIAN_POINT('',(31.277777777778,-281.5,965.));
#3374 = CARTESIAN_POINT('',(14.369425650454,-163.0188533117,1.18E+03));
#3375 = CARTESIAN_POINT('',(93.833333333333,-281.5,965.));
#3376 = CARTESIAN_POINT('',(42.463215660844,-157.3760187688,1.18E+03));
#3377 = CARTESIAN_POINT('',(156.38888888888,-281.5,965.));
#3378 = CARTESIAN_POINT('',(68.677525998815,-146.4279779736,1.18E+03));
#3379 = CARTESIAN_POINT('',(218.94444444444,-281.5,965.));
#3380 = CARTESIAN_POINT('',(91.931705182439,-130.8069308913,1.18E+03));
#3381 = CARTESIAN_POINT('',(281.5,-281.5,965.));
#3382 = CARTESIAN_POINT('',(111.36931803688,-111.3693180368,1.18E+03));
#3383 = MANIFOLD_SOLID_BREP('',#3384);
#3384 = CLOSED_SHELL('',(#3385,#3418,#3438,#3458));
#3385 = ADVANCED_FACE('',(#3386),#3413,.T.);
#3386 = FACE_BOUND('',#3387,.T.);
#3387 = EDGE_LOOP('',(#3388,#3397,#3405,#3412));
#3388 = ORIENTED_EDGE('',*,*,#3389,.F.);
#3389 = EDGE_CURVE('',#3390,#3390,#3392,.T.);
#3390 = VERTEX_POINT('',#3391);
#3391 = CARTESIAN_POINT('',(159.5,-3.9E-14,1.19E+03));
#3392 = CIRCLE('',#3393,159.5);
#3393 = AXIS2_PLACEMENT_3D('',#3394,#3395,#3396);
#3394 = CARTESIAN_POINT('',(0.,0.,1.19E+03));
#3395 = DIRECTION('',(0.,0.,1.));
#3396 = DIRECTION('',(1.,0.,0.));
#3397 = ORIENTED_EDGE('',*,*,#3398,.F.);
#3398 = EDGE_CURVE('',#3399,#3390,#3401,.T.);
#3399 = VERTEX_POINT('',#3400);
#3400 = CARTESIAN_POINT('',(159.5,-3.9E-14,1.18E+03));
#3401 = LINE('',#3402,#3403);
#3402 = CARTESIAN_POINT('',(159.5,-3.907E-14,1.18E+03));
#3403 = VECTOR('',#3404,1.);
#3404 = DIRECTION('',(0.,0.,1.));
#3405 = ORIENTED_EDGE('',*,*,#3406,.T.);
#3406 = EDGE_CURVE('',#3399,#3399,#3407,.T.);
#3407 = CIRCLE('',#3408,159.5);
#3408 = AXIS2_PLACEMENT_3D('',#3409,#3410,#3411);
#3409 = CARTESIAN_POINT('',(0.,0.,1.18E+03));
#3410 = DIRECTION('',(0.,0.,1.));
#3411 = DIRECTION('',(1.,0.,0.));
#3412 = ORIENTED_EDGE('',*,*,#3398,.T.);
#3413 = CYLINDRICAL_SURFACE('',#3414,159.5);
#3414 = AXIS2_PLACEMENT_3D('',#3415,#3416,#3417);
#3415 = CARTESIAN_POINT('',(0.,0.,1.18E+03));
#3416 = DIRECTION('',(0.,0.,1.));
#3417 = DIRECTION('',(1.,0.,0.));
#3418 = ADVANCED_FACE('',(#3419,#3422),#3433,.T.);
#3419 = FACE_BOUND('',#3420,.T.);
#3420 = EDGE_LOOP('',(#3421));
#3421 = ORIENTED_EDGE('',*,*,#3389,.T.);
#3422 = FACE_BOUND('',#3423,.T.);
#3423 = EDGE_LOOP('',(#3424));
#3424 = ORIENTED_EDGE('',*,*,#3425,.F.);
#3425 = EDGE_CURVE('',#3426,#3426,#3428,.T.);
#3426 = VERTEX_POINT('',#3427);
#3427 = CARTESIAN_POINT('',(157.5,-3.9E-14,1.19E+03));
#3428 = CIRCLE('',#3429,157.5);
#3429 = AXIS2_PLACEMENT_3D('',#3430,#3431,#3432);
#3430 = CARTESIAN_POINT('',(0.,0.,1.19E+03));
#3431 = DIRECTION('',(0.,0.,1.));
#3432 = DIRECTION('',(1.,0.,0.));
#3433 = PLANE('',#3434);
#3434 = AXIS2_PLACEMENT_3D('',#3435,#3436,#3437);
#3435 = CARTESIAN_POINT('',(0.,0.,1.19E+03));
#3436 = DIRECTION('',(0.,0.,1.));
#3437 = DIRECTION('',(1.,0.,0.));
#3438 = ADVANCED_FACE('',(#3439,#3442),#3453,.F.);
#3439 = FACE_BOUND('',#3440,.F.);
#3440 = EDGE_LOOP('',(#3441));
#3441 = ORIENTED_EDGE('',*,*,#3406,.T.);
#3442 = FACE_BOUND('',#3443,.F.);
#3443 = EDGE_LOOP('',(#3444));
#3444 = ORIENTED_EDGE('',*,*,#3445,.F.);
#3445 = EDGE_CURVE('',#3446,#3446,#3448,.T.);
#3446 = VERTEX_POINT('',#3447);
#3447 = CARTESIAN_POINT('',(157.5,-3.9E-14,1.18E+03));
#3448 = CIRCLE('',#3449,157.5);
#3449 = AXIS2_PLACEMENT_3D('',#3450,#3451,#3452);
#3450 = CARTESIAN_POINT('',(0.,0.,1.18E+03));
#3451 = DIRECTION('',(0.,0.,1.));
#3452 = DIRECTION('',(1.,0.,0.));
#3453 = PLANE('',#3454);
#3454 = AXIS2_PLACEMENT_3D('',#3455,#3456,#3457);
#3455 = CARTESIAN_POINT('',(0.,0.,1.18E+03));
#3456 = DIRECTION('',(0.,0.,1.));
#3457 = DIRECTION('',(1.,0.,0.));
#3458 = ADVANCED_FACE('',(#3459),#3470,.F.);
#3459 = FACE_BOUND('',#3460,.F.);
#3460 = EDGE_LOOP('',(#3461,#3462,#3468,#3469));
#3461 = ORIENTED_EDGE('',*,*,#3425,.F.);
#3462 = ORIENTED_EDGE('',*,*,#3463,.F.);
#3463 = EDGE_CURVE('',#3446,#3426,#3464,.T.);
#3464 = LINE('',#3465,#3466);
#3465 = CARTESIAN_POINT('',(157.5,-3.858E-14,1.18E+03));
#3466 = VECTOR('',#3467,1.);
#3467 = DIRECTION('',(0.,0.,1.));
#3468 = ORIENTED_EDGE('',*,*,#3445,.T.);
#3469 = ORIENTED_EDGE('',*,*,#3463,.T.);
#3470 = CYLINDRICAL_SURFACE('',#3471,157.5);
#3471 = AXIS2_PLACEMENT_3D('',#3472,#3473,#3474);
#3472 = CARTESIAN_POINT('',(0.,0.,1.18E+03));
#3473 = DIRECTION('',(0.,0.,1.));
#3474 = DIRECTION('',(1.,0.,0.));
#3475 = MANIFOLD_SOLID_BREP('',#3476);
#3476 = CLOSED_SHELL('',(#3477,#3510,#3530,#3550));
#3477 = ADVANCED_FACE('',(#3478),#3505,.T.);
#3478 = FACE_BOUND('',#3479,.T.);
#3479 = EDGE_LOOP('',(#3480,#3489,#3497,#3504));
#3480 = ORIENTED_EDGE('',*,*,#3481,.F.);
#3481 = EDGE_CURVE('',#3482,#3482,#3484,.T.);
#3482 = VERTEX_POINT('',#3483);
#3483 = CARTESIAN_POINT('',(159.5,-3.9E-14,2.215E+03));
#3484 = CIRCLE('',#3485,159.5);
#3485 = AXIS2_PLACEMENT_3D('',#3486,#3487,#3488);
#3486 = CARTESIAN_POINT('',(0.,0.,2.215E+03));
#3487 = DIRECTION('',(0.,0.,1.));
#3488 = DIRECTION('',(1.,0.,0.));
#3489 = ORIENTED_EDGE('',*,*,#3490,.F.);
#3490 = EDGE_CURVE('',#3491,#3482,#3493,.T.);
#3491 = VERTEX_POINT('',#3492);
#3492 = CARTESIAN_POINT('',(159.5,-3.9E-14,2.015E+03));
#3493 = LINE('',#3494,#3495);
#3494 = CARTESIAN_POINT('',(159.5,-3.907E-14,2.015E+03));
#3495 = VECTOR('',#3496,1.);
#3496 = DIRECTION('',(0.,0.,1.));
#3497 = ORIENTED_EDGE('',*,*,#3498,.T.);
#3498 = EDGE_CURVE('',#3491,#3491,#3499,.T.);
#3499 = CIRCLE('',#3500,159.5);
#3500 = AXIS2_PLACEMENT_3D('',#3501,#3502,#3503);
#3501 = CARTESIAN_POINT('',(0.,0.,2.015E+03));
#3502 = DIRECTION('',(0.,0.,1.));
#3503 = DIRECTION('',(1.,0.,0.));
#3504 = ORIENTED_EDGE('',*,*,#3490,.T.);
#3505 = CYLINDRICAL_SURFACE('',#3506,159.5);
#3506 = AXIS2_PLACEMENT_3D('',#3507,#3508,#3509);
#3507 = CARTESIAN_POINT('',(0.,0.,2.015E+03));
#3508 = DIRECTION('',(0.,0.,1.));
#3509 = DIRECTION('',(1.,0.,0.));
#3510 = ADVANCED_FACE('',(#3511,#3514),#3525,.T.);
#3511 = FACE_BOUND('',#3512,.T.);
#3512 = EDGE_LOOP('',(#3513));
#3513 = ORIENTED_EDGE('',*,*,#3481,.T.);
#3514 = FACE_BOUND('',#3515,.T.);
#3515 = EDGE_LOOP('',(#3516));
#3516 = ORIENTED_EDGE('',*,*,#3517,.F.);
#3517 = EDGE_CURVE('',#3518,#3518,#3520,.T.);
#3518 = VERTEX_POINT('',#3519);
#3519 = CARTESIAN_POINT('',(157.5,-3.9E-14,2.215E+03));
#3520 = CIRCLE('',#3521,157.5);
#3521 = AXIS2_PLACEMENT_3D('',#3522,#3523,#3524);
#3522 = CARTESIAN_POINT('',(0.,0.,2.215E+03));
#3523 = DIRECTION('',(0.,0.,1.));
#3524 = DIRECTION('',(1.,0.,0.));
#3525 = PLANE('',#3526);
#3526 = AXIS2_PLACEMENT_3D('',#3527,#3528,#3529);
#3527 = CARTESIAN_POINT('',(0.,0.,2.215E+03));
#3528 = DIRECTION('',(0.,0.,1.));
#3529 = DIRECTION('',(1.,0.,0.));
#3530 = ADVANCED_FACE('',(#3531,#3534),#3545,.F.);
#3531 = FACE_BOUND('',#3532,.F.);
#3532 = EDGE_LOOP('',(#3533));
#3533 = ORIENTED_EDGE('',*,*,#3498,.T.);
#3534 = FACE_BOUND('',#3535,.F.);
#3535 = EDGE_LOOP('',(#3536));
#3536 = ORIENTED_EDGE('',*,*,#3537,.F.);
#3537 = EDGE_CURVE('',#3538,#3538,#3540,.T.);
#3538 = VERTEX_POINT('',#3539);
#3539 = CARTESIAN_POINT('',(157.5,-3.9E-14,2.015E+03));
#3540 = CIRCLE('',#3541,157.5);
#3541 = AXIS2_PLACEMENT_3D('',#3542,#3543,#3544);
#3542 = CARTESIAN_POINT('',(0.,0.,2.015E+03));
#3543 = DIRECTION('',(0.,0.,1.));
#3544 = DIRECTION('',(1.,0.,0.));
#3545 = PLANE('',#3546);
#3546 = AXIS2_PLACEMENT_3D('',#3547,#3548,#3549);
#3547 = CARTESIAN_POINT('',(0.,0.,2.015E+03));
#3548 = DIRECTION('',(0.,0.,1.));
#3549 = DIRECTION('',(1.,0.,0.));
#3550 = ADVANCED_FACE('',(#3551),#3562,.F.);
#3551 = FACE_BOUND('',#3552,.F.);
#3552 = EDGE_LOOP('',(#3553,#3554,#3560,#3561));
#3553 = ORIENTED_EDGE('',*,*,#3517,.F.);
#3554 = ORIENTED_EDGE('',*,*,#3555,.F.);
#3555 = EDGE_CURVE('',#3538,#3518,#3556,.T.);
#3556 = LINE('',#3557,#3558);
#3557 = CARTESIAN_POINT('',(157.5,-3.858E-14,2.015E+03));
#3558 = VECTOR('',#3559,1.);
#3559 = DIRECTION('',(0.,0.,1.));
#3560 = ORIENTED_EDGE('',*,*,#3537,.T.);
#3561 = ORIENTED_EDGE('',*,*,#3555,.T.);
#3562 = CYLINDRICAL_SURFACE('',#3563,157.5);
#3563 = AXIS2_PLACEMENT_3D('',#3564,#3565,#3566);
#3564 = CARTESIAN_POINT('',(0.,0.,2.015E+03));
#3565 = DIRECTION('',(0.,0.,1.));
#3566 = DIRECTION('',(1.,0.,0.));
#3567 = MANIFOLD_SOLID_BREP('',#3568);
#3568 = CLOSED_SHELL('',(#3569,#3609,#3640,#3698,#3722,#3773,#3785,#3807
    ,#3824,#3841));
#3569 = ADVANCED_FACE('',(#3570),#3604,.F.);
#3570 = FACE_BOUND('',#3571,.F.);
#3571 = EDGE_LOOP('',(#3572,#3582,#3590,#3598));
#3572 = ORIENTED_EDGE('',*,*,#3573,.F.);
#3573 = EDGE_CURVE('',#3574,#3576,#3578,.T.);
#3574 = VERTEX_POINT('',#3575);
#3575 = CARTESIAN_POINT('',(332.5,182.5,150.));
#3576 = VERTEX_POINT('',#3577);
#3577 = CARTESIAN_POINT('',(332.5,182.5,2.05E+03));
#3578 = LINE('',#3579,#3580);
#3579 = CARTESIAN_POINT('',(332.5,182.5,150.));
#3580 = VECTOR('',#3581,1.);
#3581 = DIRECTION('',(0.,0.,1.));
#3582 = ORIENTED_EDGE('',*,*,#3583,.T.);
#3583 = EDGE_CURVE('',#3574,#3584,#3586,.T.);
#3584 = VERTEX_POINT('',#3585);
#3585 = CARTESIAN_POINT('',(332.5,217.5,150.));
#3586 = LINE('',#3587,#3588);
#3587 = CARTESIAN_POINT('',(332.5,182.5,150.));
#3588 = VECTOR('',#3589,1.);
#3589 = DIRECTION('',(0.,1.,0.));
#3590 = ORIENTED_EDGE('',*,*,#3591,.T.);
#3591 = EDGE_CURVE('',#3584,#3592,#3594,.T.);
#3592 = VERTEX_POINT('',#3593);
#3593 = CARTESIAN_POINT('',(332.5,217.5,2.05E+03));
#3594 = LINE('',#3595,#3596);
#3595 = CARTESIAN_POINT('',(332.5,217.5,150.));
#3596 = VECTOR('',#3597,1.);
#3597 = DIRECTION('',(0.,0.,1.));
#3598 = ORIENTED_EDGE('',*,*,#3599,.F.);
#3599 = EDGE_CURVE('',#3576,#3592,#3600,.T.);
#3600 = LINE('',#3601,#3602);
#3601 = CARTESIAN_POINT('',(332.5,182.5,2.05E+03));
#3602 = VECTOR('',#3603,1.);
#3603 = DIRECTION('',(0.,1.,0.));
#3604 = PLANE('',#3605);
#3605 = AXIS2_PLACEMENT_3D('',#3606,#3607,#3608);
#3606 = CARTESIAN_POINT('',(332.5,182.5,150.));
#3607 = DIRECTION('',(1.,0.,0.));
#3608 = DIRECTION('',(0.,0.,1.));
#3609 = ADVANCED_FACE('',(#3610),#3635,.F.);
#3610 = FACE_BOUND('',#3611,.F.);
#3611 = EDGE_LOOP('',(#3612,#3620,#3621,#3629));
#3612 = ORIENTED_EDGE('',*,*,#3613,.F.);
#3613 = EDGE_CURVE('',#3574,#3614,#3616,.T.);
#3614 = VERTEX_POINT('',#3615);
#3615 = CARTESIAN_POINT('',(367.5,182.5,150.));
#3616 = LINE('',#3617,#3618);
#3617 = CARTESIAN_POINT('',(332.5,182.5,150.));
#3618 = VECTOR('',#3619,1.);
#3619 = DIRECTION('',(1.,0.,0.));
#3620 = ORIENTED_EDGE('',*,*,#3573,.T.);
#3621 = ORIENTED_EDGE('',*,*,#3622,.T.);
#3622 = EDGE_CURVE('',#3576,#3623,#3625,.T.);
#3623 = VERTEX_POINT('',#3624);
#3624 = CARTESIAN_POINT('',(367.5,182.5,2.05E+03));
#3625 = LINE('',#3626,#3627);
#3626 = CARTESIAN_POINT('',(332.5,182.5,2.05E+03));
#3627 = VECTOR('',#3628,1.);
#3628 = DIRECTION('',(1.,0.,0.));
#3629 = ORIENTED_EDGE('',*,*,#3630,.F.);
#3630 = EDGE_CURVE('',#3614,#3623,#3631,.T.);
#3631 = LINE('',#3632,#3633);
#3632 = CARTESIAN_POINT('',(367.5,182.5,150.));
#3633 = VECTOR('',#3634,1.);
#3634 = DIRECTION('',(0.,0.,1.));
#3635 = PLANE('',#3636);
#3636 = AXIS2_PLACEMENT_3D('',#3637,#3638,#3639);
#3637 = CARTESIAN_POINT('',(332.5,182.5,150.));
#3638 = DIRECTION('',(0.,1.,0.));
#3639 = DIRECTION('',(0.,0.,1.));
#3640 = ADVANCED_FACE('',(#3641,#3659),#3693,.T.);
#3641 = FACE_BOUND('',#3642,.T.);
#3642 = EDGE_LOOP('',(#3643,#3644,#3645,#3653));
#3643 = ORIENTED_EDGE('',*,*,#3599,.F.);
#3644 = ORIENTED_EDGE('',*,*,#3622,.T.);
#3645 = ORIENTED_EDGE('',*,*,#3646,.T.);
#3646 = EDGE_CURVE('',#3623,#3647,#3649,.T.);
#3647 = VERTEX_POINT('',#3648);
#3648 = CARTESIAN_POINT('',(367.5,217.5,2.05E+03));
#3649 = LINE('',#3650,#3651);
#3650 = CARTESIAN_POINT('',(367.5,182.5,2.05E+03));
#3651 = VECTOR('',#3652,1.);
#3652 = DIRECTION('',(0.,1.,0.));
#3653 = ORIENTED_EDGE('',*,*,#3654,.F.);
#3654 = EDGE_CURVE('',#3592,#3647,#3655,.T.);
#3655 = LINE('',#3656,#3657);
#3656 = CARTESIAN_POINT('',(332.5,217.5,2.05E+03));
#3657 = VECTOR('',#3658,1.);
#3658 = DIRECTION('',(1.,0.,0.));
#3659 = FACE_BOUND('',#3660,.T.);
#3660 = EDGE_LOOP('',(#3661,#3671,#3679,#3687));
#3661 = ORIENTED_EDGE('',*,*,#3662,.F.);
#3662 = EDGE_CURVE('',#3663,#3665,#3667,.T.);
#3663 = VERTEX_POINT('',#3664);
#3664 = CARTESIAN_POINT('',(335.5,185.5,2.05E+03));
#3665 = VERTEX_POINT('',#3666);
#3666 = CARTESIAN_POINT('',(364.5,185.5,2.05E+03));
#3667 = LINE('',#3668,#3669);
#3668 = CARTESIAN_POINT('',(335.5,185.5,2.05E+03));
#3669 = VECTOR('',#3670,1.);
#3670 = DIRECTION('',(1.,0.,0.));
#3671 = ORIENTED_EDGE('',*,*,#3672,.T.);
#3672 = EDGE_CURVE('',#3663,#3673,#3675,.T.);
#3673 = VERTEX_POINT('',#3674);
#3674 = CARTESIAN_POINT('',(335.5,214.5,2.05E+03));
#3675 = LINE('',#3676,#3677);
#3676 = CARTESIAN_POINT('',(335.5,185.5,2.05E+03));
#3677 = VECTOR('',#3678,1.);
#3678 = DIRECTION('',(0.,1.,0.));
#3679 = ORIENTED_EDGE('',*,*,#3680,.T.);
#3680 = EDGE_CURVE('',#3673,#3681,#3683,.T.);
#3681 = VERTEX_POINT('',#3682);
#3682 = CARTESIAN_POINT('',(364.5,214.5,2.05E+03));
#3683 = LINE('',#3684,#3685);
#3684 = CARTESIAN_POINT('',(335.5,214.5,2.05E+03));
#3685 = VECTOR('',#3686,1.);
#3686 = DIRECTION('',(1.,0.,0.));
#3687 = ORIENTED_EDGE('',*,*,#3688,.F.);
#3688 = EDGE_CURVE('',#3665,#3681,#3689,.T.);
#3689 = LINE('',#3690,#3691);
#3690 = CARTESIAN_POINT('',(364.5,185.5,2.05E+03));
#3691 = VECTOR('',#3692,1.);
#3692 = DIRECTION('',(0.,1.,0.));
#3693 = PLANE('',#3694);
#3694 = AXIS2_PLACEMENT_3D('',#3695,#3696,#3697);
#3695 = CARTESIAN_POINT('',(332.5,182.5,2.05E+03));
#3696 = DIRECTION('',(0.,0.,1.));
#3697 = DIRECTION('',(1.,0.,0.));
#3698 = ADVANCED_FACE('',(#3699),#3717,.T.);
#3699 = FACE_BOUND('',#3700,.T.);
#3700 = EDGE_LOOP('',(#3701,#3709,#3710,#3711));
#3701 = ORIENTED_EDGE('',*,*,#3702,.F.);
#3702 = EDGE_CURVE('',#3584,#3703,#3705,.T.);
#3703 = VERTEX_POINT('',#3704);
#3704 = CARTESIAN_POINT('',(367.5,217.5,150.));
#3705 = LINE('',#3706,#3707);
#3706 = CARTESIAN_POINT('',(332.5,217.5,150.));
#3707 = VECTOR('',#3708,1.);
#3708 = DIRECTION('',(1.,0.,0.));
#3709 = ORIENTED_EDGE('',*,*,#3591,.T.);
#3710 = ORIENTED_EDGE('',*,*,#3654,.T.);
#3711 = ORIENTED_EDGE('',*,*,#3712,.F.);
#3712 = EDGE_CURVE('',#3703,#3647,#3713,.T.);
#3713 = LINE('',#3714,#3715);
#3714 = CARTESIAN_POINT('',(367.5,217.5,150.));
#3715 = VECTOR('',#3716,1.);
#3716 = DIRECTION('',(0.,0.,1.));
#3717 = PLANE('',#3718);
#3718 = AXIS2_PLACEMENT_3D('',#3719,#3720,#3721);
#3719 = CARTESIAN_POINT('',(332.5,217.5,150.));
#3720 = DIRECTION('',(0.,1.,0.));
#3721 = DIRECTION('',(0.,0.,1.));
#3722 = ADVANCED_FACE('',(#3723,#3734),#3768,.F.);
#3723 = FACE_BOUND('',#3724,.F.);
#3724 = EDGE_LOOP('',(#3725,#3726,#3727,#3733));
#3725 = ORIENTED_EDGE('',*,*,#3583,.F.);
#3726 = ORIENTED_EDGE('',*,*,#3613,.T.);
#3727 = ORIENTED_EDGE('',*,*,#3728,.T.);
#3728 = EDGE_CURVE('',#3614,#3703,#3729,.T.);
#3729 = LINE('',#3730,#3731);
#3730 = CARTESIAN_POINT('',(367.5,182.5,150.));
#3731 = VECTOR('',#3732,1.);
#3732 = DIRECTION('',(0.,1.,0.));
#3733 = ORIENTED_EDGE('',*,*,#3702,.F.);
#3734 = FACE_BOUND('',#3735,.F.);
#3735 = EDGE_LOOP('',(#3736,#3746,#3754,#3762));
#3736 = ORIENTED_EDGE('',*,*,#3737,.F.);
#3737 = EDGE_CURVE('',#3738,#3740,#3742,.T.);
#3738 = VERTEX_POINT('',#3739);
#3739 = CARTESIAN_POINT('',(335.5,185.5,150.));
#3740 = VERTEX_POINT('',#3741);
#3741 = CARTESIAN_POINT('',(364.5,185.5,150.));
#3742 = LINE('',#3743,#3744);
#3743 = CARTESIAN_POINT('',(335.5,185.5,150.));
#3744 = VECTOR('',#3745,1.);
#3745 = DIRECTION('',(1.,0.,0.));
#3746 = ORIENTED_EDGE('',*,*,#3747,.T.);
#3747 = EDGE_CURVE('',#3738,#3748,#3750,.T.);
#3748 = VERTEX_POINT('',#3749);
#3749 = CARTESIAN_POINT('',(335.5,214.5,150.));
#3750 = LINE('',#3751,#3752);
#3751 = CARTESIAN_POINT('',(335.5,185.5,150.));
#3752 = VECTOR('',#3753,1.);
#3753 = DIRECTION('',(0.,1.,0.));
#3754 = ORIENTED_EDGE('',*,*,#3755,.T.);
#3755 = EDGE_CURVE('',#3748,#3756,#3758,.T.);
#3756 = VERTEX_POINT('',#3757);
#3757 = CARTESIAN_POINT('',(364.5,214.5,150.));
#3758 = LINE('',#3759,#3760);
#3759 = CARTESIAN_POINT('',(335.5,214.5,150.));
#3760 = VECTOR('',#3761,1.);
#3761 = DIRECTION('',(1.,0.,0.));
#3762 = ORIENTED_EDGE('',*,*,#3763,.F.);
#3763 = EDGE_CURVE('',#3740,#3756,#3764,.T.);
#3764 = LINE('',#3765,#3766);
#3765 = CARTESIAN_POINT('',(364.5,185.5,150.));
#3766 = VECTOR('',#3767,1.);
#3767 = DIRECTION('',(0.,1.,0.));
#3768 = PLANE('',#3769);
#3769 = AXIS2_PLACEMENT_3D('',#3770,#3771,#3772);
#3770 = CARTESIAN_POINT('',(332.5,182.5,150.));
#3771 = DIRECTION('',(0.,0.,1.));
#3772 = DIRECTION('',(1.,0.,0.));
#3773 = ADVANCED_FACE('',(#3774),#3780,.T.);
#3774 = FACE_BOUND('',#3775,.T.);
#3775 = EDGE_LOOP('',(#3776,#3777,#3778,#3779));
#3776 = ORIENTED_EDGE('',*,*,#3630,.F.);
#3777 = ORIENTED_EDGE('',*,*,#3728,.T.);
#3778 = ORIENTED_EDGE('',*,*,#3712,.T.);
#3779 = ORIENTED_EDGE('',*,*,#3646,.F.);
#3780 = PLANE('',#3781);
#3781 = AXIS2_PLACEMENT_3D('',#3782,#3783,#3784);
#3782 = CARTESIAN_POINT('',(367.5,182.5,150.));
#3783 = DIRECTION('',(1.,0.,0.));
#3784 = DIRECTION('',(0.,0.,1.));
#3785 = ADVANCED_FACE('',(#3786),#3802,.T.);
#3786 = FACE_BOUND('',#3787,.T.);
#3787 = EDGE_LOOP('',(#3788,#3789,#3795,#3796));
#3788 = ORIENTED_EDGE('',*,*,#3737,.F.);
#3789 = ORIENTED_EDGE('',*,*,#3790,.T.);
#3790 = EDGE_CURVE('',#3738,#3663,#3791,.T.);
#3791 = LINE('',#3792,#3793);
#3792 = CARTESIAN_POINT('',(335.5,185.5,150.));
#3793 = VECTOR('',#3794,1.);
#3794 = DIRECTION('',(0.,0.,1.));
#3795 = ORIENTED_EDGE('',*,*,#3662,.T.);
#3796 = ORIENTED_EDGE('',*,*,#3797,.F.);
#3797 = EDGE_CURVE('',#3740,#3665,#3798,.T.);
#3798 = LINE('',#3799,#3800);
#3799 = CARTESIAN_POINT('',(364.5,185.5,150.));
#3800 = VECTOR('',#3801,1.);
#3801 = DIRECTION('',(0.,0.,1.));
#3802 = PLANE('',#3803);
#3803 = AXIS2_PLACEMENT_3D('',#3804,#3805,#3806);
#3804 = CARTESIAN_POINT('',(335.5,185.5,150.));
#3805 = DIRECTION('',(0.,1.,0.));
#3806 = DIRECTION('',(0.,0.,1.));
#3807 = ADVANCED_FACE('',(#3808),#3819,.F.);
#3808 = FACE_BOUND('',#3809,.F.);
#3809 = EDGE_LOOP('',(#3810,#3811,#3812,#3818));
#3810 = ORIENTED_EDGE('',*,*,#3797,.F.);
#3811 = ORIENTED_EDGE('',*,*,#3763,.T.);
#3812 = ORIENTED_EDGE('',*,*,#3813,.T.);
#3813 = EDGE_CURVE('',#3756,#3681,#3814,.T.);
#3814 = LINE('',#3815,#3816);
#3815 = CARTESIAN_POINT('',(364.5,214.5,150.));
#3816 = VECTOR('',#3817,1.);
#3817 = DIRECTION('',(0.,0.,1.));
#3818 = ORIENTED_EDGE('',*,*,#3688,.F.);
#3819 = PLANE('',#3820);
#3820 = AXIS2_PLACEMENT_3D('',#3821,#3822,#3823);
#3821 = CARTESIAN_POINT('',(364.5,185.5,150.));
#3822 = DIRECTION('',(1.,0.,0.));
#3823 = DIRECTION('',(0.,0.,1.));
#3824 = ADVANCED_FACE('',(#3825),#3836,.F.);
#3825 = FACE_BOUND('',#3826,.F.);
#3826 = EDGE_LOOP('',(#3827,#3828,#3834,#3835));
#3827 = ORIENTED_EDGE('',*,*,#3755,.F.);
#3828 = ORIENTED_EDGE('',*,*,#3829,.T.);
#3829 = EDGE_CURVE('',#3748,#3673,#3830,.T.);
#3830 = LINE('',#3831,#3832);
#3831 = CARTESIAN_POINT('',(335.5,214.5,150.));
#3832 = VECTOR('',#3833,1.);
#3833 = DIRECTION('',(0.,0.,1.));
#3834 = ORIENTED_EDGE('',*,*,#3680,.T.);
#3835 = ORIENTED_EDGE('',*,*,#3813,.F.);
#3836 = PLANE('',#3837);
#3837 = AXIS2_PLACEMENT_3D('',#3838,#3839,#3840);
#3838 = CARTESIAN_POINT('',(335.5,214.5,150.));
#3839 = DIRECTION('',(0.,1.,0.));
#3840 = DIRECTION('',(0.,0.,1.));
#3841 = ADVANCED_FACE('',(#3842),#3848,.T.);
#3842 = FACE_BOUND('',#3843,.T.);
#3843 = EDGE_LOOP('',(#3844,#3845,#3846,#3847));
#3844 = ORIENTED_EDGE('',*,*,#3790,.F.);
#3845 = ORIENTED_EDGE('',*,*,#3747,.T.);
#3846 = ORIENTED_EDGE('',*,*,#3829,.T.);
#3847 = ORIENTED_EDGE('',*,*,#3672,.F.);
#3848 = PLANE('',#3849);
#3849 = AXIS2_PLACEMENT_3D('',#3850,#3851,#3852);
#3850 = CARTESIAN_POINT('',(335.5,185.5,150.));
#3851 = DIRECTION('',(1.,0.,0.));
#3852 = DIRECTION('',(0.,0.,1.));
#3853 = MANIFOLD_SOLID_BREP('',#3854);
#3854 = CLOSED_SHELL('',(#3855,#3895,#3926,#3984,#4008,#4059,#4071,#4093
    ,#4110,#4127));
#3855 = ADVANCED_FACE('',(#3856),#3890,.F.);
#3856 = FACE_BOUND('',#3857,.F.);
#3857 = EDGE_LOOP('',(#3858,#3868,#3876,#3884));
#3858 = ORIENTED_EDGE('',*,*,#3859,.F.);
#3859 = EDGE_CURVE('',#3860,#3862,#3864,.T.);
#3860 = VERTEX_POINT('',#3861);
#3861 = CARTESIAN_POINT('',(-367.5,182.5,150.));
#3862 = VERTEX_POINT('',#3863);
#3863 = CARTESIAN_POINT('',(-367.5,182.5,2.05E+03));
#3864 = LINE('',#3865,#3866);
#3865 = CARTESIAN_POINT('',(-367.5,182.5,150.));
#3866 = VECTOR('',#3867,1.);
#3867 = DIRECTION('',(0.,0.,1.));
#3868 = ORIENTED_EDGE('',*,*,#3869,.T.);
#3869 = EDGE_CURVE('',#3860,#3870,#3872,.T.);
#3870 = VERTEX_POINT('',#3871);
#3871 = CARTESIAN_POINT('',(-367.5,217.5,150.));
#3872 = LINE('',#3873,#3874);
#3873 = CARTESIAN_POINT('',(-367.5,182.5,150.));
#3874 = VECTOR('',#3875,1.);
#3875 = DIRECTION('',(0.,1.,0.));
#3876 = ORIENTED_EDGE('',*,*,#3877,.T.);
#3877 = EDGE_CURVE('',#3870,#3878,#3880,.T.);
#3878 = VERTEX_POINT('',#3879);
#3879 = CARTESIAN_POINT('',(-367.5,217.5,2.05E+03));
#3880 = LINE('',#3881,#3882);
#3881 = CARTESIAN_POINT('',(-367.5,217.5,150.));
#3882 = VECTOR('',#3883,1.);
#3883 = DIRECTION('',(0.,0.,1.));
#3884 = ORIENTED_EDGE('',*,*,#3885,.F.);
#3885 = EDGE_CURVE('',#3862,#3878,#3886,.T.);
#3886 = LINE('',#3887,#3888);
#3887 = CARTESIAN_POINT('',(-367.5,182.5,2.05E+03));
#3888 = VECTOR('',#3889,1.);
#3889 = DIRECTION('',(0.,1.,0.));
#3890 = PLANE('',#3891);
#3891 = AXIS2_PLACEMENT_3D('',#3892,#3893,#3894);
#3892 = CARTESIAN_POINT('',(-367.5,182.5,150.));
#3893 = DIRECTION('',(1.,0.,0.));
#3894 = DIRECTION('',(0.,0.,1.));
#3895 = ADVANCED_FACE('',(#3896),#3921,.F.);
#3896 = FACE_BOUND('',#3897,.F.);
#3897 = EDGE_LOOP('',(#3898,#3906,#3907,#3915));
#3898 = ORIENTED_EDGE('',*,*,#3899,.F.);
#3899 = EDGE_CURVE('',#3860,#3900,#3902,.T.);
#3900 = VERTEX_POINT('',#3901);
#3901 = CARTESIAN_POINT('',(-332.5,182.5,150.));
#3902 = LINE('',#3903,#3904);
#3903 = CARTESIAN_POINT('',(-367.5,182.5,150.));
#3904 = VECTOR('',#3905,1.);
#3905 = DIRECTION('',(1.,0.,0.));
#3906 = ORIENTED_EDGE('',*,*,#3859,.T.);
#3907 = ORIENTED_EDGE('',*,*,#3908,.T.);
#3908 = EDGE_CURVE('',#3862,#3909,#3911,.T.);
#3909 = VERTEX_POINT('',#3910);
#3910 = CARTESIAN_POINT('',(-332.5,182.5,2.05E+03));
#3911 = LINE('',#3912,#3913);
#3912 = CARTESIAN_POINT('',(-367.5,182.5,2.05E+03));
#3913 = VECTOR('',#3914,1.);
#3914 = DIRECTION('',(1.,0.,0.));
#3915 = ORIENTED_EDGE('',*,*,#3916,.F.);
#3916 = EDGE_CURVE('',#3900,#3909,#3917,.T.);
#3917 = LINE('',#3918,#3919);
#3918 = CARTESIAN_POINT('',(-332.5,182.5,150.));
#3919 = VECTOR('',#3920,1.);
#3920 = DIRECTION('',(0.,0.,1.));
#3921 = PLANE('',#3922);
#3922 = AXIS2_PLACEMENT_3D('',#3923,#3924,#3925);
#3923 = CARTESIAN_POINT('',(-367.5,182.5,150.));
#3924 = DIRECTION('',(0.,1.,0.));
#3925 = DIRECTION('',(0.,0.,1.));
#3926 = ADVANCED_FACE('',(#3927,#3945),#3979,.T.);
#3927 = FACE_BOUND('',#3928,.T.);
#3928 = EDGE_LOOP('',(#3929,#3930,#3931,#3939));
#3929 = ORIENTED_EDGE('',*,*,#3885,.F.);
#3930 = ORIENTED_EDGE('',*,*,#3908,.T.);
#3931 = ORIENTED_EDGE('',*,*,#3932,.T.);
#3932 = EDGE_CURVE('',#3909,#3933,#3935,.T.);
#3933 = VERTEX_POINT('',#3934);
#3934 = CARTESIAN_POINT('',(-332.5,217.5,2.05E+03));
#3935 = LINE('',#3936,#3937);
#3936 = CARTESIAN_POINT('',(-332.5,182.5,2.05E+03));
#3937 = VECTOR('',#3938,1.);
#3938 = DIRECTION('',(0.,1.,0.));
#3939 = ORIENTED_EDGE('',*,*,#3940,.F.);
#3940 = EDGE_CURVE('',#3878,#3933,#3941,.T.);
#3941 = LINE('',#3942,#3943);
#3942 = CARTESIAN_POINT('',(-367.5,217.5,2.05E+03));
#3943 = VECTOR('',#3944,1.);
#3944 = DIRECTION('',(1.,0.,0.));
#3945 = FACE_BOUND('',#3946,.T.);
#3946 = EDGE_LOOP('',(#3947,#3957,#3965,#3973));
#3947 = ORIENTED_EDGE('',*,*,#3948,.F.);
#3948 = EDGE_CURVE('',#3949,#3951,#3953,.T.);
#3949 = VERTEX_POINT('',#3950);
#3950 = CARTESIAN_POINT('',(-364.5,185.5,2.05E+03));
#3951 = VERTEX_POINT('',#3952);
#3952 = CARTESIAN_POINT('',(-335.5,185.5,2.05E+03));
#3953 = LINE('',#3954,#3955);
#3954 = CARTESIAN_POINT('',(-364.5,185.5,2.05E+03));
#3955 = VECTOR('',#3956,1.);
#3956 = DIRECTION('',(1.,0.,0.));
#3957 = ORIENTED_EDGE('',*,*,#3958,.T.);
#3958 = EDGE_CURVE('',#3949,#3959,#3961,.T.);
#3959 = VERTEX_POINT('',#3960);
#3960 = CARTESIAN_POINT('',(-364.5,214.5,2.05E+03));
#3961 = LINE('',#3962,#3963);
#3962 = CARTESIAN_POINT('',(-364.5,185.5,2.05E+03));
#3963 = VECTOR('',#3964,1.);
#3964 = DIRECTION('',(0.,1.,0.));
#3965 = ORIENTED_EDGE('',*,*,#3966,.T.);
#3966 = EDGE_CURVE('',#3959,#3967,#3969,.T.);
#3967 = VERTEX_POINT('',#3968);
#3968 = CARTESIAN_POINT('',(-335.5,214.5,2.05E+03));
#3969 = LINE('',#3970,#3971);
#3970 = CARTESIAN_POINT('',(-364.5,214.5,2.05E+03));
#3971 = VECTOR('',#3972,1.);
#3972 = DIRECTION('',(1.,0.,0.));
#3973 = ORIENTED_EDGE('',*,*,#3974,.F.);
#3974 = EDGE_CURVE('',#3951,#3967,#3975,.T.);
#3975 = LINE('',#3976,#3977);
#3976 = CARTESIAN_POINT('',(-335.5,185.5,2.05E+03));
#3977 = VECTOR('',#3978,1.);
#3978 = DIRECTION('',(0.,1.,0.));
#3979 = PLANE('',#3980);
#3980 = AXIS2_PLACEMENT_3D('',#3981,#3982,#3983);
#3981 = CARTESIAN_POINT('',(-367.5,182.5,2.05E+03));
#3982 = DIRECTION('',(0.,0.,1.));
#3983 = DIRECTION('',(1.,0.,0.));
#3984 = ADVANCED_FACE('',(#3985),#4003,.T.);
#3985 = FACE_BOUND('',#3986,.T.);
#3986 = EDGE_LOOP('',(#3987,#3995,#3996,#3997));
#3987 = ORIENTED_EDGE('',*,*,#3988,.F.);
#3988 = EDGE_CURVE('',#3870,#3989,#3991,.T.);
#3989 = VERTEX_POINT('',#3990);
#3990 = CARTESIAN_POINT('',(-332.5,217.5,150.));
#3991 = LINE('',#3992,#3993);
#3992 = CARTESIAN_POINT('',(-367.5,217.5,150.));
#3993 = VECTOR('',#3994,1.);
#3994 = DIRECTION('',(1.,0.,0.));
#3995 = ORIENTED_EDGE('',*,*,#3877,.T.);
#3996 = ORIENTED_EDGE('',*,*,#3940,.T.);
#3997 = ORIENTED_EDGE('',*,*,#3998,.F.);
#3998 = EDGE_CURVE('',#3989,#3933,#3999,.T.);
#3999 = LINE('',#4000,#4001);
#4000 = CARTESIAN_POINT('',(-332.5,217.5,150.));
#4001 = VECTOR('',#4002,1.);
#4002 = DIRECTION('',(0.,0.,1.));
#4003 = PLANE('',#4004);
#4004 = AXIS2_PLACEMENT_3D('',#4005,#4006,#4007);
#4005 = CARTESIAN_POINT('',(-367.5,217.5,150.));
#4006 = DIRECTION('',(0.,1.,0.));
#4007 = DIRECTION('',(0.,0.,1.));
#4008 = ADVANCED_FACE('',(#4009,#4020),#4054,.F.);
#4009 = FACE_BOUND('',#4010,.F.);
#4010 = EDGE_LOOP('',(#4011,#4012,#4013,#4019));
#4011 = ORIENTED_EDGE('',*,*,#3869,.F.);
#4012 = ORIENTED_EDGE('',*,*,#3899,.T.);
#4013 = ORIENTED_EDGE('',*,*,#4014,.T.);
#4014 = EDGE_CURVE('',#3900,#3989,#4015,.T.);
#4015 = LINE('',#4016,#4017);
#4016 = CARTESIAN_POINT('',(-332.5,182.5,150.));
#4017 = VECTOR('',#4018,1.);
#4018 = DIRECTION('',(0.,1.,0.));
#4019 = ORIENTED_EDGE('',*,*,#3988,.F.);
#4020 = FACE_BOUND('',#4021,.F.);
#4021 = EDGE_LOOP('',(#4022,#4032,#4040,#4048));
#4022 = ORIENTED_EDGE('',*,*,#4023,.F.);
#4023 = EDGE_CURVE('',#4024,#4026,#4028,.T.);
#4024 = VERTEX_POINT('',#4025);
#4025 = CARTESIAN_POINT('',(-364.5,185.5,150.));
#4026 = VERTEX_POINT('',#4027);
#4027 = CARTESIAN_POINT('',(-335.5,185.5,150.));
#4028 = LINE('',#4029,#4030);
#4029 = CARTESIAN_POINT('',(-364.5,185.5,150.));
#4030 = VECTOR('',#4031,1.);
#4031 = DIRECTION('',(1.,0.,0.));
#4032 = ORIENTED_EDGE('',*,*,#4033,.T.);
#4033 = EDGE_CURVE('',#4024,#4034,#4036,.T.);
#4034 = VERTEX_POINT('',#4035);
#4035 = CARTESIAN_POINT('',(-364.5,214.5,150.));
#4036 = LINE('',#4037,#4038);
#4037 = CARTESIAN_POINT('',(-364.5,185.5,150.));
#4038 = VECTOR('',#4039,1.);
#4039 = DIRECTION('',(0.,1.,0.));
#4040 = ORIENTED_EDGE('',*,*,#4041,.T.);
#4041 = EDGE_CURVE('',#4034,#4042,#4044,.T.);
#4042 = VERTEX_POINT('',#4043);
#4043 = CARTESIAN_POINT('',(-335.5,214.5,150.));
#4044 = LINE('',#4045,#4046);
#4045 = CARTESIAN_POINT('',(-364.5,214.5,150.));
#4046 = VECTOR('',#4047,1.);
#4047 = DIRECTION('',(1.,0.,0.));
#4048 = ORIENTED_EDGE('',*,*,#4049,.F.);
#4049 = EDGE_CURVE('',#4026,#4042,#4050,.T.);
#4050 = LINE('',#4051,#4052);
#4051 = CARTESIAN_POINT('',(-335.5,185.5,150.));
#4052 = VECTOR('',#4053,1.);
#4053 = DIRECTION('',(0.,1.,0.));
#4054 = PLANE('',#4055);
#4055 = AXIS2_PLACEMENT_3D('',#4056,#4057,#4058);
#4056 = CARTESIAN_POINT('',(-367.5,182.5,150.));
#4057 = DIRECTION('',(0.,0.,1.));
#4058 = DIRECTION('',(1.,0.,0.));
#4059 = ADVANCED_FACE('',(#4060),#4066,.T.);
#4060 = FACE_BOUND('',#4061,.T.);
#4061 = EDGE_LOOP('',(#4062,#4063,#4064,#4065));
#4062 = ORIENTED_EDGE('',*,*,#3916,.F.);
#4063 = ORIENTED_EDGE('',*,*,#4014,.T.);
#4064 = ORIENTED_EDGE('',*,*,#3998,.T.);
#4065 = ORIENTED_EDGE('',*,*,#3932,.F.);
#4066 = PLANE('',#4067);
#4067 = AXIS2_PLACEMENT_3D('',#4068,#4069,#4070);
#4068 = CARTESIAN_POINT('',(-332.5,182.5,150.));
#4069 = DIRECTION('',(1.,0.,0.));
#4070 = DIRECTION('',(0.,0.,1.));
#4071 = ADVANCED_FACE('',(#4072),#4088,.T.);
#4072 = FACE_BOUND('',#4073,.T.);
#4073 = EDGE_LOOP('',(#4074,#4075,#4081,#4082));
#4074 = ORIENTED_EDGE('',*,*,#4023,.F.);
#4075 = ORIENTED_EDGE('',*,*,#4076,.T.);
#4076 = EDGE_CURVE('',#4024,#3949,#4077,.T.);
#4077 = LINE('',#4078,#4079);
#4078 = CARTESIAN_POINT('',(-364.5,185.5,150.));
#4079 = VECTOR('',#4080,1.);
#4080 = DIRECTION('',(0.,0.,1.));
#4081 = ORIENTED_EDGE('',*,*,#3948,.T.);
#4082 = ORIENTED_EDGE('',*,*,#4083,.F.);
#4083 = EDGE_CURVE('',#4026,#3951,#4084,.T.);
#4084 = LINE('',#4085,#4086);
#4085 = CARTESIAN_POINT('',(-335.5,185.5,150.));
#4086 = VECTOR('',#4087,1.);
#4087 = DIRECTION('',(0.,0.,1.));
#4088 = PLANE('',#4089);
#4089 = AXIS2_PLACEMENT_3D('',#4090,#4091,#4092);
#4090 = CARTESIAN_POINT('',(-364.5,185.5,150.));
#4091 = DIRECTION('',(0.,1.,0.));
#4092 = DIRECTION('',(0.,0.,1.));
#4093 = ADVANCED_FACE('',(#4094),#4105,.F.);
#4094 = FACE_BOUND('',#4095,.F.);
#4095 = EDGE_LOOP('',(#4096,#4097,#4098,#4104));
#4096 = ORIENTED_EDGE('',*,*,#4083,.F.);
#4097 = ORIENTED_EDGE('',*,*,#4049,.T.);
#4098 = ORIENTED_EDGE('',*,*,#4099,.T.);
#4099 = EDGE_CURVE('',#4042,#3967,#4100,.T.);
#4100 = LINE('',#4101,#4102);
#4101 = CARTESIAN_POINT('',(-335.5,214.5,150.));
#4102 = VECTOR('',#4103,1.);
#4103 = DIRECTION('',(0.,0.,1.));
#4104 = ORIENTED_EDGE('',*,*,#3974,.F.);
#4105 = PLANE('',#4106);
#4106 = AXIS2_PLACEMENT_3D('',#4107,#4108,#4109);
#4107 = CARTESIAN_POINT('',(-335.5,185.5,150.));
#4108 = DIRECTION('',(1.,0.,0.));
#4109 = DIRECTION('',(0.,0.,1.));
#4110 = ADVANCED_FACE('',(#4111),#4122,.F.);
#4111 = FACE_BOUND('',#4112,.F.);
#4112 = EDGE_LOOP('',(#4113,#4114,#4120,#4121));
#4113 = ORIENTED_EDGE('',*,*,#4041,.F.);
#4114 = ORIENTED_EDGE('',*,*,#4115,.T.);
#4115 = EDGE_CURVE('',#4034,#3959,#4116,.T.);
#4116 = LINE('',#4117,#4118);
#4117 = CARTESIAN_POINT('',(-364.5,214.5,150.));
#4118 = VECTOR('',#4119,1.);
#4119 = DIRECTION('',(0.,0.,1.));
#4120 = ORIENTED_EDGE('',*,*,#3966,.T.);
#4121 = ORIENTED_EDGE('',*,*,#4099,.F.);
#4122 = PLANE('',#4123);
#4123 = AXIS2_PLACEMENT_3D('',#4124,#4125,#4126);
#4124 = CARTESIAN_POINT('',(-364.5,214.5,150.));
#4125 = DIRECTION('',(0.,1.,0.));
#4126 = DIRECTION('',(0.,0.,1.));
#4127 = ADVANCED_FACE('',(#4128),#4134,.T.);
#4128 = FACE_BOUND('',#4129,.T.);
#4129 = EDGE_LOOP('',(#4130,#4131,#4132,#4133));
#4130 = ORIENTED_EDGE('',*,*,#4076,.F.);
#4131 = ORIENTED_EDGE('',*,*,#4033,.T.);
#4132 = ORIENTED_EDGE('',*,*,#4115,.T.);
#4133 = ORIENTED_EDGE('',*,*,#3958,.F.);
#4134 = PLANE('',#4135);
#4135 = AXIS2_PLACEMENT_3D('',#4136,#4137,#4138);
#4136 = CARTESIAN_POINT('',(-364.5,185.5,150.));
#4137 = DIRECTION('',(1.,0.,0.));
#4138 = DIRECTION('',(0.,0.,1.));
#4139 = MANIFOLD_SOLID_BREP('',#4140);
#4140 = CLOSED_SHELL('',(#4141,#4181,#4212,#4270,#4294,#4345,#4357,#4379
    ,#4396,#4413));
#4141 = ADVANCED_FACE('',(#4142),#4176,.F.);
#4142 = FACE_BOUND('',#4143,.F.);
#4143 = EDGE_LOOP('',(#4144,#4154,#4162,#4170));
#4144 = ORIENTED_EDGE('',*,*,#4145,.F.);
#4145 = EDGE_CURVE('',#4146,#4148,#4150,.T.);
#4146 = VERTEX_POINT('',#4147);
#4147 = CARTESIAN_POINT('',(-367.5,-217.5,150.));
#4148 = VERTEX_POINT('',#4149);
#4149 = CARTESIAN_POINT('',(-367.5,-217.5,2.05E+03));
#4150 = LINE('',#4151,#4152);
#4151 = CARTESIAN_POINT('',(-367.5,-217.5,150.));
#4152 = VECTOR('',#4153,1.);
#4153 = DIRECTION('',(0.,0.,1.));
#4154 = ORIENTED_EDGE('',*,*,#4155,.T.);
#4155 = EDGE_CURVE('',#4146,#4156,#4158,.T.);
#4156 = VERTEX_POINT('',#4157);
#4157 = CARTESIAN_POINT('',(-367.5,-182.5,150.));
#4158 = LINE('',#4159,#4160);
#4159 = CARTESIAN_POINT('',(-367.5,-217.5,150.));
#4160 = VECTOR('',#4161,1.);
#4161 = DIRECTION('',(0.,1.,0.));
#4162 = ORIENTED_EDGE('',*,*,#4163,.T.);
#4163 = EDGE_CURVE('',#4156,#4164,#4166,.T.);
#4164 = VERTEX_POINT('',#4165);
#4165 = CARTESIAN_POINT('',(-367.5,-182.5,2.05E+03));
#4166 = LINE('',#4167,#4168);
#4167 = CARTESIAN_POINT('',(-367.5,-182.5,150.));
#4168 = VECTOR('',#4169,1.);
#4169 = DIRECTION('',(0.,0.,1.));
#4170 = ORIENTED_EDGE('',*,*,#4171,.F.);
#4171 = EDGE_CURVE('',#4148,#4164,#4172,.T.);
#4172 = LINE('',#4173,#4174);
#4173 = CARTESIAN_POINT('',(-367.5,-217.5,2.05E+03));
#4174 = VECTOR('',#4175,1.);
#4175 = DIRECTION('',(0.,1.,0.));
#4176 = PLANE('',#4177);
#4177 = AXIS2_PLACEMENT_3D('',#4178,#4179,#4180);
#4178 = CARTESIAN_POINT('',(-367.5,-217.5,150.));
#4179 = DIRECTION('',(1.,0.,0.));
#4180 = DIRECTION('',(0.,0.,1.));
#4181 = ADVANCED_FACE('',(#4182),#4207,.F.);
#4182 = FACE_BOUND('',#4183,.F.);
#4183 = EDGE_LOOP('',(#4184,#4192,#4193,#4201));
#4184 = ORIENTED_EDGE('',*,*,#4185,.F.);
#4185 = EDGE_CURVE('',#4146,#4186,#4188,.T.);
#4186 = VERTEX_POINT('',#4187);
#4187 = CARTESIAN_POINT('',(-332.5,-217.5,150.));
#4188 = LINE('',#4189,#4190);
#4189 = CARTESIAN_POINT('',(-367.5,-217.5,150.));
#4190 = VECTOR('',#4191,1.);
#4191 = DIRECTION('',(1.,0.,0.));
#4192 = ORIENTED_EDGE('',*,*,#4145,.T.);
#4193 = ORIENTED_EDGE('',*,*,#4194,.T.);
#4194 = EDGE_CURVE('',#4148,#4195,#4197,.T.);
#4195 = VERTEX_POINT('',#4196);
#4196 = CARTESIAN_POINT('',(-332.5,-217.5,2.05E+03));
#4197 = LINE('',#4198,#4199);
#4198 = CARTESIAN_POINT('',(-367.5,-217.5,2.05E+03));
#4199 = VECTOR('',#4200,1.);
#4200 = DIRECTION('',(1.,0.,0.));
#4201 = ORIENTED_EDGE('',*,*,#4202,.F.);
#4202 = EDGE_CURVE('',#4186,#4195,#4203,.T.);
#4203 = LINE('',#4204,#4205);
#4204 = CARTESIAN_POINT('',(-332.5,-217.5,150.));
#4205 = VECTOR('',#4206,1.);
#4206 = DIRECTION('',(0.,0.,1.));
#4207 = PLANE('',#4208);
#4208 = AXIS2_PLACEMENT_3D('',#4209,#4210,#4211);
#4209 = CARTESIAN_POINT('',(-367.5,-217.5,150.));
#4210 = DIRECTION('',(0.,1.,0.));
#4211 = DIRECTION('',(0.,0.,1.));
#4212 = ADVANCED_FACE('',(#4213,#4231),#4265,.T.);
#4213 = FACE_BOUND('',#4214,.T.);
#4214 = EDGE_LOOP('',(#4215,#4216,#4217,#4225));
#4215 = ORIENTED_EDGE('',*,*,#4171,.F.);
#4216 = ORIENTED_EDGE('',*,*,#4194,.T.);
#4217 = ORIENTED_EDGE('',*,*,#4218,.T.);
#4218 = EDGE_CURVE('',#4195,#4219,#4221,.T.);
#4219 = VERTEX_POINT('',#4220);
#4220 = CARTESIAN_POINT('',(-332.5,-182.5,2.05E+03));
#4221 = LINE('',#4222,#4223);
#4222 = CARTESIAN_POINT('',(-332.5,-217.5,2.05E+03));
#4223 = VECTOR('',#4224,1.);
#4224 = DIRECTION('',(0.,1.,0.));
#4225 = ORIENTED_EDGE('',*,*,#4226,.F.);
#4226 = EDGE_CURVE('',#4164,#4219,#4227,.T.);
#4227 = LINE('',#4228,#4229);
#4228 = CARTESIAN_POINT('',(-367.5,-182.5,2.05E+03));
#4229 = VECTOR('',#4230,1.);
#4230 = DIRECTION('',(1.,0.,0.));
#4231 = FACE_BOUND('',#4232,.T.);
#4232 = EDGE_LOOP('',(#4233,#4243,#4251,#4259));
#4233 = ORIENTED_EDGE('',*,*,#4234,.F.);
#4234 = EDGE_CURVE('',#4235,#4237,#4239,.T.);
#4235 = VERTEX_POINT('',#4236);
#4236 = CARTESIAN_POINT('',(-364.5,-214.5,2.05E+03));
#4237 = VERTEX_POINT('',#4238);
#4238 = CARTESIAN_POINT('',(-335.5,-214.5,2.05E+03));
#4239 = LINE('',#4240,#4241);
#4240 = CARTESIAN_POINT('',(-364.5,-214.5,2.05E+03));
#4241 = VECTOR('',#4242,1.);
#4242 = DIRECTION('',(1.,0.,0.));
#4243 = ORIENTED_EDGE('',*,*,#4244,.T.);
#4244 = EDGE_CURVE('',#4235,#4245,#4247,.T.);
#4245 = VERTEX_POINT('',#4246);
#4246 = CARTESIAN_POINT('',(-364.5,-185.5,2.05E+03));
#4247 = LINE('',#4248,#4249);
#4248 = CARTESIAN_POINT('',(-364.5,-214.5,2.05E+03));
#4249 = VECTOR('',#4250,1.);
#4250 = DIRECTION('',(0.,1.,0.));
#4251 = ORIENTED_EDGE('',*,*,#4252,.T.);
#4252 = EDGE_CURVE('',#4245,#4253,#4255,.T.);
#4253 = VERTEX_POINT('',#4254);
#4254 = CARTESIAN_POINT('',(-335.5,-185.5,2.05E+03));
#4255 = LINE('',#4256,#4257);
#4256 = CARTESIAN_POINT('',(-364.5,-185.5,2.05E+03));
#4257 = VECTOR('',#4258,1.);
#4258 = DIRECTION('',(1.,0.,0.));
#4259 = ORIENTED_EDGE('',*,*,#4260,.F.);
#4260 = EDGE_CURVE('',#4237,#4253,#4261,.T.);
#4261 = LINE('',#4262,#4263);
#4262 = CARTESIAN_POINT('',(-335.5,-214.5,2.05E+03));
#4263 = VECTOR('',#4264,1.);
#4264 = DIRECTION('',(0.,1.,0.));
#4265 = PLANE('',#4266);
#4266 = AXIS2_PLACEMENT_3D('',#4267,#4268,#4269);
#4267 = CARTESIAN_POINT('',(-367.5,-217.5,2.05E+03));
#4268 = DIRECTION('',(0.,0.,1.));
#4269 = DIRECTION('',(1.,0.,0.));
#4270 = ADVANCED_FACE('',(#4271),#4289,.T.);
#4271 = FACE_BOUND('',#4272,.T.);
#4272 = EDGE_LOOP('',(#4273,#4281,#4282,#4283));
#4273 = ORIENTED_EDGE('',*,*,#4274,.F.);
#4274 = EDGE_CURVE('',#4156,#4275,#4277,.T.);
#4275 = VERTEX_POINT('',#4276);
#4276 = CARTESIAN_POINT('',(-332.5,-182.5,150.));
#4277 = LINE('',#4278,#4279);
#4278 = CARTESIAN_POINT('',(-367.5,-182.5,150.));
#4279 = VECTOR('',#4280,1.);
#4280 = DIRECTION('',(1.,0.,0.));
#4281 = ORIENTED_EDGE('',*,*,#4163,.T.);
#4282 = ORIENTED_EDGE('',*,*,#4226,.T.);
#4283 = ORIENTED_EDGE('',*,*,#4284,.F.);
#4284 = EDGE_CURVE('',#4275,#4219,#4285,.T.);
#4285 = LINE('',#4286,#4287);
#4286 = CARTESIAN_POINT('',(-332.5,-182.5,150.));
#4287 = VECTOR('',#4288,1.);
#4288 = DIRECTION('',(0.,0.,1.));
#4289 = PLANE('',#4290);
#4290 = AXIS2_PLACEMENT_3D('',#4291,#4292,#4293);
#4291 = CARTESIAN_POINT('',(-367.5,-182.5,150.));
#4292 = DIRECTION('',(0.,1.,0.));
#4293 = DIRECTION('',(0.,0.,1.));
#4294 = ADVANCED_FACE('',(#4295,#4306),#4340,.F.);
#4295 = FACE_BOUND('',#4296,.F.);
#4296 = EDGE_LOOP('',(#4297,#4298,#4299,#4305));
#4297 = ORIENTED_EDGE('',*,*,#4155,.F.);
#4298 = ORIENTED_EDGE('',*,*,#4185,.T.);
#4299 = ORIENTED_EDGE('',*,*,#4300,.T.);
#4300 = EDGE_CURVE('',#4186,#4275,#4301,.T.);
#4301 = LINE('',#4302,#4303);
#4302 = CARTESIAN_POINT('',(-332.5,-217.5,150.));
#4303 = VECTOR('',#4304,1.);
#4304 = DIRECTION('',(0.,1.,0.));
#4305 = ORIENTED_EDGE('',*,*,#4274,.F.);
#4306 = FACE_BOUND('',#4307,.F.);
#4307 = EDGE_LOOP('',(#4308,#4318,#4326,#4334));
#4308 = ORIENTED_EDGE('',*,*,#4309,.F.);
#4309 = EDGE_CURVE('',#4310,#4312,#4314,.T.);
#4310 = VERTEX_POINT('',#4311);
#4311 = CARTESIAN_POINT('',(-364.5,-214.5,150.));
#4312 = VERTEX_POINT('',#4313);
#4313 = CARTESIAN_POINT('',(-335.5,-214.5,150.));
#4314 = LINE('',#4315,#4316);
#4315 = CARTESIAN_POINT('',(-364.5,-214.5,150.));
#4316 = VECTOR('',#4317,1.);
#4317 = DIRECTION('',(1.,0.,0.));
#4318 = ORIENTED_EDGE('',*,*,#4319,.T.);
#4319 = EDGE_CURVE('',#4310,#4320,#4322,.T.);
#4320 = VERTEX_POINT('',#4321);
#4321 = CARTESIAN_POINT('',(-364.5,-185.5,150.));
#4322 = LINE('',#4323,#4324);
#4323 = CARTESIAN_POINT('',(-364.5,-214.5,150.));
#4324 = VECTOR('',#4325,1.);
#4325 = DIRECTION('',(0.,1.,0.));
#4326 = ORIENTED_EDGE('',*,*,#4327,.T.);
#4327 = EDGE_CURVE('',#4320,#4328,#4330,.T.);
#4328 = VERTEX_POINT('',#4329);
#4329 = CARTESIAN_POINT('',(-335.5,-185.5,150.));
#4330 = LINE('',#4331,#4332);
#4331 = CARTESIAN_POINT('',(-364.5,-185.5,150.));
#4332 = VECTOR('',#4333,1.);
#4333 = DIRECTION('',(1.,0.,0.));
#4334 = ORIENTED_EDGE('',*,*,#4335,.F.);
#4335 = EDGE_CURVE('',#4312,#4328,#4336,.T.);
#4336 = LINE('',#4337,#4338);
#4337 = CARTESIAN_POINT('',(-335.5,-214.5,150.));
#4338 = VECTOR('',#4339,1.);
#4339 = DIRECTION('',(0.,1.,0.));
#4340 = PLANE('',#4341);
#4341 = AXIS2_PLACEMENT_3D('',#4342,#4343,#4344);
#4342 = CARTESIAN_POINT('',(-367.5,-217.5,150.));
#4343 = DIRECTION('',(0.,0.,1.));
#4344 = DIRECTION('',(1.,0.,0.));
#4345 = ADVANCED_FACE('',(#4346),#4352,.T.);
#4346 = FACE_BOUND('',#4347,.T.);
#4347 = EDGE_LOOP('',(#4348,#4349,#4350,#4351));
#4348 = ORIENTED_EDGE('',*,*,#4202,.F.);
#4349 = ORIENTED_EDGE('',*,*,#4300,.T.);
#4350 = ORIENTED_EDGE('',*,*,#4284,.T.);
#4351 = ORIENTED_EDGE('',*,*,#4218,.F.);
#4352 = PLANE('',#4353);
#4353 = AXIS2_PLACEMENT_3D('',#4354,#4355,#4356);
#4354 = CARTESIAN_POINT('',(-332.5,-217.5,150.));
#4355 = DIRECTION('',(1.,0.,0.));
#4356 = DIRECTION('',(0.,0.,1.));
#4357 = ADVANCED_FACE('',(#4358),#4374,.T.);
#4358 = FACE_BOUND('',#4359,.T.);
#4359 = EDGE_LOOP('',(#4360,#4361,#4367,#4368));
#4360 = ORIENTED_EDGE('',*,*,#4309,.F.);
#4361 = ORIENTED_EDGE('',*,*,#4362,.T.);
#4362 = EDGE_CURVE('',#4310,#4235,#4363,.T.);
#4363 = LINE('',#4364,#4365);
#4364 = CARTESIAN_POINT('',(-364.5,-214.5,150.));
#4365 = VECTOR('',#4366,1.);
#4366 = DIRECTION('',(0.,0.,1.));
#4367 = ORIENTED_EDGE('',*,*,#4234,.T.);
#4368 = ORIENTED_EDGE('',*,*,#4369,.F.);
#4369 = EDGE_CURVE('',#4312,#4237,#4370,.T.);
#4370 = LINE('',#4371,#4372);
#4371 = CARTESIAN_POINT('',(-335.5,-214.5,150.));
#4372 = VECTOR('',#4373,1.);
#4373 = DIRECTION('',(0.,0.,1.));
#4374 = PLANE('',#4375);
#4375 = AXIS2_PLACEMENT_3D('',#4376,#4377,#4378);
#4376 = CARTESIAN_POINT('',(-364.5,-214.5,150.));
#4377 = DIRECTION('',(0.,1.,0.));
#4378 = DIRECTION('',(0.,0.,1.));
#4379 = ADVANCED_FACE('',(#4380),#4391,.F.);
#4380 = FACE_BOUND('',#4381,.F.);
#4381 = EDGE_LOOP('',(#4382,#4383,#4384,#4390));
#4382 = ORIENTED_EDGE('',*,*,#4369,.F.);
#4383 = ORIENTED_EDGE('',*,*,#4335,.T.);
#4384 = ORIENTED_EDGE('',*,*,#4385,.T.);
#4385 = EDGE_CURVE('',#4328,#4253,#4386,.T.);
#4386 = LINE('',#4387,#4388);
#4387 = CARTESIAN_POINT('',(-335.5,-185.5,150.));
#4388 = VECTOR('',#4389,1.);
#4389 = DIRECTION('',(0.,0.,1.));
#4390 = ORIENTED_EDGE('',*,*,#4260,.F.);
#4391 = PLANE('',#4392);
#4392 = AXIS2_PLACEMENT_3D('',#4393,#4394,#4395);
#4393 = CARTESIAN_POINT('',(-335.5,-214.5,150.));
#4394 = DIRECTION('',(1.,0.,0.));
#4395 = DIRECTION('',(0.,0.,1.));
#4396 = ADVANCED_FACE('',(#4397),#4408,.F.);
#4397 = FACE_BOUND('',#4398,.F.);
#4398 = EDGE_LOOP('',(#4399,#4400,#4406,#4407));
#4399 = ORIENTED_EDGE('',*,*,#4327,.F.);
#4400 = ORIENTED_EDGE('',*,*,#4401,.T.);
#4401 = EDGE_CURVE('',#4320,#4245,#4402,.T.);
#4402 = LINE('',#4403,#4404);
#4403 = CARTESIAN_POINT('',(-364.5,-185.5,150.));
#4404 = VECTOR('',#4405,1.);
#4405 = DIRECTION('',(0.,0.,1.));
#4406 = ORIENTED_EDGE('',*,*,#4252,.T.);
#4407 = ORIENTED_EDGE('',*,*,#4385,.F.);
#4408 = PLANE('',#4409);
#4409 = AXIS2_PLACEMENT_3D('',#4410,#4411,#4412);
#4410 = CARTESIAN_POINT('',(-364.5,-185.5,150.));
#4411 = DIRECTION('',(0.,1.,0.));
#4412 = DIRECTION('',(0.,0.,1.));
#4413 = ADVANCED_FACE('',(#4414),#4420,.T.);
#4414 = FACE_BOUND('',#4415,.T.);
#4415 = EDGE_LOOP('',(#4416,#4417,#4418,#4419));
#4416 = ORIENTED_EDGE('',*,*,#4362,.F.);
#4417 = ORIENTED_EDGE('',*,*,#4319,.T.);
#4418 = ORIENTED_EDGE('',*,*,#4401,.T.);
#4419 = ORIENTED_EDGE('',*,*,#4244,.F.);
#4420 = PLANE('',#4421);
#4421 = AXIS2_PLACEMENT_3D('',#4422,#4423,#4424);
#4422 = CARTESIAN_POINT('',(-364.5,-214.5,150.));
#4423 = DIRECTION('',(1.,0.,0.));
#4424 = DIRECTION('',(0.,0.,1.));
#4425 = MANIFOLD_SOLID_BREP('',#4426);
#4426 = CLOSED_SHELL('',(#4427,#4467,#4498,#4556,#4580,#4631,#4643,#4665
    ,#4682,#4699));
#4427 = ADVANCED_FACE('',(#4428),#4462,.F.);
#4428 = FACE_BOUND('',#4429,.F.);
#4429 = EDGE_LOOP('',(#4430,#4440,#4448,#4456));
#4430 = ORIENTED_EDGE('',*,*,#4431,.F.);
#4431 = EDGE_CURVE('',#4432,#4434,#4436,.T.);
#4432 = VERTEX_POINT('',#4433);
#4433 = CARTESIAN_POINT('',(332.5,-217.5,150.));
#4434 = VERTEX_POINT('',#4435);
#4435 = CARTESIAN_POINT('',(332.5,-217.5,2.05E+03));
#4436 = LINE('',#4437,#4438);
#4437 = CARTESIAN_POINT('',(332.5,-217.5,150.));
#4438 = VECTOR('',#4439,1.);
#4439 = DIRECTION('',(0.,0.,1.));
#4440 = ORIENTED_EDGE('',*,*,#4441,.T.);
#4441 = EDGE_CURVE('',#4432,#4442,#4444,.T.);
#4442 = VERTEX_POINT('',#4443);
#4443 = CARTESIAN_POINT('',(332.5,-182.5,150.));
#4444 = LINE('',#4445,#4446);
#4445 = CARTESIAN_POINT('',(332.5,-217.5,150.));
#4446 = VECTOR('',#4447,1.);
#4447 = DIRECTION('',(0.,1.,0.));
#4448 = ORIENTED_EDGE('',*,*,#4449,.T.);
#4449 = EDGE_CURVE('',#4442,#4450,#4452,.T.);
#4450 = VERTEX_POINT('',#4451);
#4451 = CARTESIAN_POINT('',(332.5,-182.5,2.05E+03));
#4452 = LINE('',#4453,#4454);
#4453 = CARTESIAN_POINT('',(332.5,-182.5,150.));
#4454 = VECTOR('',#4455,1.);
#4455 = DIRECTION('',(0.,0.,1.));
#4456 = ORIENTED_EDGE('',*,*,#4457,.F.);
#4457 = EDGE_CURVE('',#4434,#4450,#4458,.T.);
#4458 = LINE('',#4459,#4460);
#4459 = CARTESIAN_POINT('',(332.5,-217.5,2.05E+03));
#4460 = VECTOR('',#4461,1.);
#4461 = DIRECTION('',(0.,1.,0.));
#4462 = PLANE('',#4463);
#4463 = AXIS2_PLACEMENT_3D('',#4464,#4465,#4466);
#4464 = CARTESIAN_POINT('',(332.5,-217.5,150.));
#4465 = DIRECTION('',(1.,0.,0.));
#4466 = DIRECTION('',(0.,0.,1.));
#4467 = ADVANCED_FACE('',(#4468),#4493,.F.);
#4468 = FACE_BOUND('',#4469,.F.);
#4469 = EDGE_LOOP('',(#4470,#4478,#4479,#4487));
#4470 = ORIENTED_EDGE('',*,*,#4471,.F.);
#4471 = EDGE_CURVE('',#4432,#4472,#4474,.T.);
#4472 = VERTEX_POINT('',#4473);
#4473 = CARTESIAN_POINT('',(367.5,-217.5,150.));
#4474 = LINE('',#4475,#4476);
#4475 = CARTESIAN_POINT('',(332.5,-217.5,150.));
#4476 = VECTOR('',#4477,1.);
#4477 = DIRECTION('',(1.,0.,0.));
#4478 = ORIENTED_EDGE('',*,*,#4431,.T.);
#4479 = ORIENTED_EDGE('',*,*,#4480,.T.);
#4480 = EDGE_CURVE('',#4434,#4481,#4483,.T.);
#4481 = VERTEX_POINT('',#4482);
#4482 = CARTESIAN_POINT('',(367.5,-217.5,2.05E+03));
#4483 = LINE('',#4484,#4485);
#4484 = CARTESIAN_POINT('',(332.5,-217.5,2.05E+03));
#4485 = VECTOR('',#4486,1.);
#4486 = DIRECTION('',(1.,0.,0.));
#4487 = ORIENTED_EDGE('',*,*,#4488,.F.);
#4488 = EDGE_CURVE('',#4472,#4481,#4489,.T.);
#4489 = LINE('',#4490,#4491);
#4490 = CARTESIAN_POINT('',(367.5,-217.5,150.));
#4491 = VECTOR('',#4492,1.);
#4492 = DIRECTION('',(0.,0.,1.));
#4493 = PLANE('',#4494);
#4494 = AXIS2_PLACEMENT_3D('',#4495,#4496,#4497);
#4495 = CARTESIAN_POINT('',(332.5,-217.5,150.));
#4496 = DIRECTION('',(0.,1.,0.));
#4497 = DIRECTION('',(0.,0.,1.));
#4498 = ADVANCED_FACE('',(#4499,#4517),#4551,.T.);
#4499 = FACE_BOUND('',#4500,.T.);
#4500 = EDGE_LOOP('',(#4501,#4502,#4503,#4511));
#4501 = ORIENTED_EDGE('',*,*,#4457,.F.);
#4502 = ORIENTED_EDGE('',*,*,#4480,.T.);
#4503 = ORIENTED_EDGE('',*,*,#4504,.T.);
#4504 = EDGE_CURVE('',#4481,#4505,#4507,.T.);
#4505 = VERTEX_POINT('',#4506);
#4506 = CARTESIAN_POINT('',(367.5,-182.5,2.05E+03));
#4507 = LINE('',#4508,#4509);
#4508 = CARTESIAN_POINT('',(367.5,-217.5,2.05E+03));
#4509 = VECTOR('',#4510,1.);
#4510 = DIRECTION('',(0.,1.,0.));
#4511 = ORIENTED_EDGE('',*,*,#4512,.F.);
#4512 = EDGE_CURVE('',#4450,#4505,#4513,.T.);
#4513 = LINE('',#4514,#4515);
#4514 = CARTESIAN_POINT('',(332.5,-182.5,2.05E+03));
#4515 = VECTOR('',#4516,1.);
#4516 = DIRECTION('',(1.,0.,0.));
#4517 = FACE_BOUND('',#4518,.T.);
#4518 = EDGE_LOOP('',(#4519,#4529,#4537,#4545));
#4519 = ORIENTED_EDGE('',*,*,#4520,.F.);
#4520 = EDGE_CURVE('',#4521,#4523,#4525,.T.);
#4521 = VERTEX_POINT('',#4522);
#4522 = CARTESIAN_POINT('',(335.5,-214.5,2.05E+03));
#4523 = VERTEX_POINT('',#4524);
#4524 = CARTESIAN_POINT('',(364.5,-214.5,2.05E+03));
#4525 = LINE('',#4526,#4527);
#4526 = CARTESIAN_POINT('',(335.5,-214.5,2.05E+03));
#4527 = VECTOR('',#4528,1.);
#4528 = DIRECTION('',(1.,0.,0.));
#4529 = ORIENTED_EDGE('',*,*,#4530,.T.);
#4530 = EDGE_CURVE('',#4521,#4531,#4533,.T.);
#4531 = VERTEX_POINT('',#4532);
#4532 = CARTESIAN_POINT('',(335.5,-185.5,2.05E+03));
#4533 = LINE('',#4534,#4535);
#4534 = CARTESIAN_POINT('',(335.5,-214.5,2.05E+03));
#4535 = VECTOR('',#4536,1.);
#4536 = DIRECTION('',(0.,1.,0.));
#4537 = ORIENTED_EDGE('',*,*,#4538,.T.);
#4538 = EDGE_CURVE('',#4531,#4539,#4541,.T.);
#4539 = VERTEX_POINT('',#4540);
#4540 = CARTESIAN_POINT('',(364.5,-185.5,2.05E+03));
#4541 = LINE('',#4542,#4543);
#4542 = CARTESIAN_POINT('',(335.5,-185.5,2.05E+03));
#4543 = VECTOR('',#4544,1.);
#4544 = DIRECTION('',(1.,0.,0.));
#4545 = ORIENTED_EDGE('',*,*,#4546,.F.);
#4546 = EDGE_CURVE('',#4523,#4539,#4547,.T.);
#4547 = LINE('',#4548,#4549);
#4548 = CARTESIAN_POINT('',(364.5,-214.5,2.05E+03));
#4549 = VECTOR('',#4550,1.);
#4550 = DIRECTION('',(0.,1.,0.));
#4551 = PLANE('',#4552);
#4552 = AXIS2_PLACEMENT_3D('',#4553,#4554,#4555);
#4553 = CARTESIAN_POINT('',(332.5,-217.5,2.05E+03));
#4554 = DIRECTION('',(0.,0.,1.));
#4555 = DIRECTION('',(1.,0.,0.));
#4556 = ADVANCED_FACE('',(#4557),#4575,.T.);
#4557 = FACE_BOUND('',#4558,.T.);
#4558 = EDGE_LOOP('',(#4559,#4567,#4568,#4569));
#4559 = ORIENTED_EDGE('',*,*,#4560,.F.);
#4560 = EDGE_CURVE('',#4442,#4561,#4563,.T.);
#4561 = VERTEX_POINT('',#4562);
#4562 = CARTESIAN_POINT('',(367.5,-182.5,150.));
#4563 = LINE('',#4564,#4565);
#4564 = CARTESIAN_POINT('',(332.5,-182.5,150.));
#4565 = VECTOR('',#4566,1.);
#4566 = DIRECTION('',(1.,0.,0.));
#4567 = ORIENTED_EDGE('',*,*,#4449,.T.);
#4568 = ORIENTED_EDGE('',*,*,#4512,.T.);
#4569 = ORIENTED_EDGE('',*,*,#4570,.F.);
#4570 = EDGE_CURVE('',#4561,#4505,#4571,.T.);
#4571 = LINE('',#4572,#4573);
#4572 = CARTESIAN_POINT('',(367.5,-182.5,150.));
#4573 = VECTOR('',#4574,1.);
#4574 = DIRECTION('',(0.,0.,1.));
#4575 = PLANE('',#4576);
#4576 = AXIS2_PLACEMENT_3D('',#4577,#4578,#4579);
#4577 = CARTESIAN_POINT('',(332.5,-182.5,150.));
#4578 = DIRECTION('',(0.,1.,0.));
#4579 = DIRECTION('',(0.,0.,1.));
#4580 = ADVANCED_FACE('',(#4581,#4592),#4626,.F.);
#4581 = FACE_BOUND('',#4582,.F.);
#4582 = EDGE_LOOP('',(#4583,#4584,#4585,#4591));
#4583 = ORIENTED_EDGE('',*,*,#4441,.F.);
#4584 = ORIENTED_EDGE('',*,*,#4471,.T.);
#4585 = ORIENTED_EDGE('',*,*,#4586,.T.);
#4586 = EDGE_CURVE('',#4472,#4561,#4587,.T.);
#4587 = LINE('',#4588,#4589);
#4588 = CARTESIAN_POINT('',(367.5,-217.5,150.));
#4589 = VECTOR('',#4590,1.);
#4590 = DIRECTION('',(0.,1.,0.));
#4591 = ORIENTED_EDGE('',*,*,#4560,.F.);
#4592 = FACE_BOUND('',#4593,.F.);
#4593 = EDGE_LOOP('',(#4594,#4604,#4612,#4620));
#4594 = ORIENTED_EDGE('',*,*,#4595,.F.);
#4595 = EDGE_CURVE('',#4596,#4598,#4600,.T.);
#4596 = VERTEX_POINT('',#4597);
#4597 = CARTESIAN_POINT('',(335.5,-214.5,150.));
#4598 = VERTEX_POINT('',#4599);
#4599 = CARTESIAN_POINT('',(364.5,-214.5,150.));
#4600 = LINE('',#4601,#4602);
#4601 = CARTESIAN_POINT('',(335.5,-214.5,150.));
#4602 = VECTOR('',#4603,1.);
#4603 = DIRECTION('',(1.,0.,0.));
#4604 = ORIENTED_EDGE('',*,*,#4605,.T.);
#4605 = EDGE_CURVE('',#4596,#4606,#4608,.T.);
#4606 = VERTEX_POINT('',#4607);
#4607 = CARTESIAN_POINT('',(335.5,-185.5,150.));
#4608 = LINE('',#4609,#4610);
#4609 = CARTESIAN_POINT('',(335.5,-214.5,150.));
#4610 = VECTOR('',#4611,1.);
#4611 = DIRECTION('',(0.,1.,0.));
#4612 = ORIENTED_EDGE('',*,*,#4613,.T.);
#4613 = EDGE_CURVE('',#4606,#4614,#4616,.T.);
#4614 = VERTEX_POINT('',#4615);
#4615 = CARTESIAN_POINT('',(364.5,-185.5,150.));
#4616 = LINE('',#4617,#4618);
#4617 = CARTESIAN_POINT('',(335.5,-185.5,150.));
#4618 = VECTOR('',#4619,1.);
#4619 = DIRECTION('',(1.,0.,0.));
#4620 = ORIENTED_EDGE('',*,*,#4621,.F.);
#4621 = EDGE_CURVE('',#4598,#4614,#4622,.T.);
#4622 = LINE('',#4623,#4624);
#4623 = CARTESIAN_POINT('',(364.5,-214.5,150.));
#4624 = VECTOR('',#4625,1.);
#4625 = DIRECTION('',(0.,1.,0.));
#4626 = PLANE('',#4627);
#4627 = AXIS2_PLACEMENT_3D('',#4628,#4629,#4630);
#4628 = CARTESIAN_POINT('',(332.5,-217.5,150.));
#4629 = DIRECTION('',(0.,0.,1.));
#4630 = DIRECTION('',(1.,0.,0.));
#4631 = ADVANCED_FACE('',(#4632),#4638,.T.);
#4632 = FACE_BOUND('',#4633,.T.);
#4633 = EDGE_LOOP('',(#4634,#4635,#4636,#4637));
#4634 = ORIENTED_EDGE('',*,*,#4488,.F.);
#4635 = ORIENTED_EDGE('',*,*,#4586,.T.);
#4636 = ORIENTED_EDGE('',*,*,#4570,.T.);
#4637 = ORIENTED_EDGE('',*,*,#4504,.F.);
#4638 = PLANE('',#4639);
#4639 = AXIS2_PLACEMENT_3D('',#4640,#4641,#4642);
#4640 = CARTESIAN_POINT('',(367.5,-217.5,150.));
#4641 = DIRECTION('',(1.,0.,0.));
#4642 = DIRECTION('',(0.,0.,1.));
#4643 = ADVANCED_FACE('',(#4644),#4660,.T.);
#4644 = FACE_BOUND('',#4645,.T.);
#4645 = EDGE_LOOP('',(#4646,#4647,#4653,#4654));
#4646 = ORIENTED_EDGE('',*,*,#4595,.F.);
#4647 = ORIENTED_EDGE('',*,*,#4648,.T.);
#4648 = EDGE_CURVE('',#4596,#4521,#4649,.T.);
#4649 = LINE('',#4650,#4651);
#4650 = CARTESIAN_POINT('',(335.5,-214.5,150.));
#4651 = VECTOR('',#4652,1.);
#4652 = DIRECTION('',(0.,0.,1.));
#4653 = ORIENTED_EDGE('',*,*,#4520,.T.);
#4654 = ORIENTED_EDGE('',*,*,#4655,.F.);
#4655 = EDGE_CURVE('',#4598,#4523,#4656,.T.);
#4656 = LINE('',#4657,#4658);
#4657 = CARTESIAN_POINT('',(364.5,-214.5,150.));
#4658 = VECTOR('',#4659,1.);
#4659 = DIRECTION('',(0.,0.,1.));
#4660 = PLANE('',#4661);
#4661 = AXIS2_PLACEMENT_3D('',#4662,#4663,#4664);
#4662 = CARTESIAN_POINT('',(335.5,-214.5,150.));
#4663 = DIRECTION('',(0.,1.,0.));
#4664 = DIRECTION('',(0.,0.,1.));
#4665 = ADVANCED_FACE('',(#4666),#4677,.F.);
#4666 = FACE_BOUND('',#4667,.F.);
#4667 = EDGE_LOOP('',(#4668,#4669,#4670,#4676));
#4668 = ORIENTED_EDGE('',*,*,#4655,.F.);
#4669 = ORIENTED_EDGE('',*,*,#4621,.T.);
#4670 = ORIENTED_EDGE('',*,*,#4671,.T.);
#4671 = EDGE_CURVE('',#4614,#4539,#4672,.T.);
#4672 = LINE('',#4673,#4674);
#4673 = CARTESIAN_POINT('',(364.5,-185.5,150.));
#4674 = VECTOR('',#4675,1.);
#4675 = DIRECTION('',(0.,0.,1.));
#4676 = ORIENTED_EDGE('',*,*,#4546,.F.);
#4677 = PLANE('',#4678);
#4678 = AXIS2_PLACEMENT_3D('',#4679,#4680,#4681);
#4679 = CARTESIAN_POINT('',(364.5,-214.5,150.));
#4680 = DIRECTION('',(1.,0.,0.));
#4681 = DIRECTION('',(0.,0.,1.));
#4682 = ADVANCED_FACE('',(#4683),#4694,.F.);
#4683 = FACE_BOUND('',#4684,.F.);
#4684 = EDGE_LOOP('',(#4685,#4686,#4692,#4693));
#4685 = ORIENTED_EDGE('',*,*,#4613,.F.);
#4686 = ORIENTED_EDGE('',*,*,#4687,.T.);
#4687 = EDGE_CURVE('',#4606,#4531,#4688,.T.);
#4688 = LINE('',#4689,#4690);
#4689 = CARTESIAN_POINT('',(335.5,-185.5,150.));
#4690 = VECTOR('',#4691,1.);
#4691 = DIRECTION('',(0.,0.,1.));
#4692 = ORIENTED_EDGE('',*,*,#4538,.T.);
#4693 = ORIENTED_EDGE('',*,*,#4671,.F.);
#4694 = PLANE('',#4695);
#4695 = AXIS2_PLACEMENT_3D('',#4696,#4697,#4698);
#4696 = CARTESIAN_POINT('',(335.5,-185.5,150.));
#4697 = DIRECTION('',(0.,1.,0.));
#4698 = DIRECTION('',(0.,0.,1.));
#4699 = ADVANCED_FACE('',(#4700),#4706,.T.);
#4700 = FACE_BOUND('',#4701,.T.);
#4701 = EDGE_LOOP('',(#4702,#4703,#4704,#4705));
#4702 = ORIENTED_EDGE('',*,*,#4648,.F.);
#4703 = ORIENTED_EDGE('',*,*,#4605,.T.);
#4704 = ORIENTED_EDGE('',*,*,#4687,.T.);
#4705 = ORIENTED_EDGE('',*,*,#4530,.F.);
#4706 = PLANE('',#4707);
#4707 = AXIS2_PLACEMENT_3D('',#4708,#4709,#4710);
#4708 = CARTESIAN_POINT('',(335.5,-214.5,150.));
#4709 = DIRECTION('',(1.,0.,0.));
#4710 = DIRECTION('',(0.,0.,1.));
#4711 = MANIFOLD_SOLID_BREP('',#4712);
#4712 = CLOSED_SHELL('',(#4713,#4787,#4818,#4842,#4866,#4883,#4914,#4938
    ,#4962,#4979));
#4713 = ADVANCED_FACE('',(#4714,#4748),#4782,.F.);
#4714 = FACE_BOUND('',#4715,.F.);
#4715 = EDGE_LOOP('',(#4716,#4726,#4734,#4742));
#4716 = ORIENTED_EDGE('',*,*,#4717,.F.);
#4717 = EDGE_CURVE('',#4718,#4720,#4722,.T.);
#4718 = VERTEX_POINT('',#4719);
#4719 = CARTESIAN_POINT('',(-332.5,-217.5,150.));
#4720 = VERTEX_POINT('',#4721);
#4721 = CARTESIAN_POINT('',(-332.5,-217.5,185.));
#4722 = LINE('',#4723,#4724);
#4723 = CARTESIAN_POINT('',(-332.5,-217.5,150.));
#4724 = VECTOR('',#4725,1.);
#4725 = DIRECTION('',(0.,0.,1.));
#4726 = ORIENTED_EDGE('',*,*,#4727,.T.);
#4727 = EDGE_CURVE('',#4718,#4728,#4730,.T.);
#4728 = VERTEX_POINT('',#4729);
#4729 = CARTESIAN_POINT('',(-332.5,-182.5,150.));
#4730 = LINE('',#4731,#4732);
#4731 = CARTESIAN_POINT('',(-332.5,-217.5,150.));
#4732 = VECTOR('',#4733,1.);
#4733 = DIRECTION('',(0.,1.,0.));
#4734 = ORIENTED_EDGE('',*,*,#4735,.T.);
#4735 = EDGE_CURVE('',#4728,#4736,#4738,.T.);
#4736 = VERTEX_POINT('',#4737);
#4737 = CARTESIAN_POINT('',(-332.5,-182.5,185.));
#4738 = LINE('',#4739,#4740);
#4739 = CARTESIAN_POINT('',(-332.5,-182.5,150.));
#4740 = VECTOR('',#4741,1.);
#4741 = DIRECTION('',(0.,0.,1.));
#4742 = ORIENTED_EDGE('',*,*,#4743,.F.);
#4743 = EDGE_CURVE('',#4720,#4736,#4744,.T.);
#4744 = LINE('',#4745,#4746);
#4745 = CARTESIAN_POINT('',(-332.5,-217.5,185.));
#4746 = VECTOR('',#4747,1.);
#4747 = DIRECTION('',(0.,1.,0.));
#4748 = FACE_BOUND('',#4749,.F.);
#4749 = EDGE_LOOP('',(#4750,#4760,#4768,#4776));
#4750 = ORIENTED_EDGE('',*,*,#4751,.F.);
#4751 = EDGE_CURVE('',#4752,#4754,#4756,.T.);
#4752 = VERTEX_POINT('',#4753);
#4753 = CARTESIAN_POINT('',(-332.5,-214.5,153.));
#4754 = VERTEX_POINT('',#4755);
#4755 = CARTESIAN_POINT('',(-332.5,-185.5,153.));
#4756 = LINE('',#4757,#4758);
#4757 = CARTESIAN_POINT('',(-332.5,-214.5,153.));
#4758 = VECTOR('',#4759,1.);
#4759 = DIRECTION('',(0.,1.,0.));
#4760 = ORIENTED_EDGE('',*,*,#4761,.T.);
#4761 = EDGE_CURVE('',#4752,#4762,#4764,.T.);
#4762 = VERTEX_POINT('',#4763);
#4763 = CARTESIAN_POINT('',(-332.5,-214.5,182.));
#4764 = LINE('',#4765,#4766);
#4765 = CARTESIAN_POINT('',(-332.5,-214.5,153.));
#4766 = VECTOR('',#4767,1.);
#4767 = DIRECTION('',(0.,0.,1.));
#4768 = ORIENTED_EDGE('',*,*,#4769,.T.);
#4769 = EDGE_CURVE('',#4762,#4770,#4772,.T.);
#4770 = VERTEX_POINT('',#4771);
#4771 = CARTESIAN_POINT('',(-332.5,-185.5,182.));
#4772 = LINE('',#4773,#4774);
#4773 = CARTESIAN_POINT('',(-332.5,-214.5,182.));
#4774 = VECTOR('',#4775,1.);
#4775 = DIRECTION('',(0.,1.,0.));
#4776 = ORIENTED_EDGE('',*,*,#4777,.F.);
#4777 = EDGE_CURVE('',#4754,#4770,#4778,.T.);
#4778 = LINE('',#4779,#4780);
#4779 = CARTESIAN_POINT('',(-332.5,-185.5,153.));
#4780 = VECTOR('',#4781,1.);
#4781 = DIRECTION('',(0.,0.,1.));
#4782 = PLANE('',#4783);
#4783 = AXIS2_PLACEMENT_3D('',#4784,#4785,#4786);
#4784 = CARTESIAN_POINT('',(-332.5,-217.5,150.));
#4785 = DIRECTION('',(1.,0.,0.));
#4786 = DIRECTION('',(0.,0.,1.));
#4787 = ADVANCED_FACE('',(#4788),#4813,.F.);
#4788 = FACE_BOUND('',#4789,.F.);
#4789 = EDGE_LOOP('',(#4790,#4798,#4799,#4807));
#4790 = ORIENTED_EDGE('',*,*,#4791,.F.);
#4791 = EDGE_CURVE('',#4718,#4792,#4794,.T.);
#4792 = VERTEX_POINT('',#4793);
#4793 = CARTESIAN_POINT('',(332.5,-217.5,150.));
#4794 = LINE('',#4795,#4796);
#4795 = CARTESIAN_POINT('',(-332.5,-217.5,150.));
#4796 = VECTOR('',#4797,1.);
#4797 = DIRECTION('',(1.,0.,0.));
#4798 = ORIENTED_EDGE('',*,*,#4717,.T.);
#4799 = ORIENTED_EDGE('',*,*,#4800,.T.);
#4800 = EDGE_CURVE('',#4720,#4801,#4803,.T.);
#4801 = VERTEX_POINT('',#4802);
#4802 = CARTESIAN_POINT('',(332.5,-217.5,185.));
#4803 = LINE('',#4804,#4805);
#4804 = CARTESIAN_POINT('',(-332.5,-217.5,185.));
#4805 = VECTOR('',#4806,1.);
#4806 = DIRECTION('',(1.,0.,0.));
#4807 = ORIENTED_EDGE('',*,*,#4808,.F.);
#4808 = EDGE_CURVE('',#4792,#4801,#4809,.T.);
#4809 = LINE('',#4810,#4811);
#4810 = CARTESIAN_POINT('',(332.5,-217.5,150.));
#4811 = VECTOR('',#4812,1.);
#4812 = DIRECTION('',(0.,0.,1.));
#4813 = PLANE('',#4814);
#4814 = AXIS2_PLACEMENT_3D('',#4815,#4816,#4817);
#4815 = CARTESIAN_POINT('',(-332.5,-217.5,150.));
#4816 = DIRECTION('',(0.,1.,0.));
#4817 = DIRECTION('',(0.,0.,1.));
#4818 = ADVANCED_FACE('',(#4819),#4837,.T.);
#4819 = FACE_BOUND('',#4820,.T.);
#4820 = EDGE_LOOP('',(#4821,#4822,#4823,#4831));
#4821 = ORIENTED_EDGE('',*,*,#4743,.F.);
#4822 = ORIENTED_EDGE('',*,*,#4800,.T.);
#4823 = ORIENTED_EDGE('',*,*,#4824,.T.);
#4824 = EDGE_CURVE('',#4801,#4825,#4827,.T.);
#4825 = VERTEX_POINT('',#4826);
#4826 = CARTESIAN_POINT('',(332.5,-182.5,185.));
#4827 = LINE('',#4828,#4829);
#4828 = CARTESIAN_POINT('',(332.5,-217.5,185.));
#4829 = VECTOR('',#4830,1.);
#4830 = DIRECTION('',(0.,1.,0.));
#4831 = ORIENTED_EDGE('',*,*,#4832,.F.);
#4832 = EDGE_CURVE('',#4736,#4825,#4833,.T.);
#4833 = LINE('',#4834,#4835);
#4834 = CARTESIAN_POINT('',(-332.5,-182.5,185.));
#4835 = VECTOR('',#4836,1.);
#4836 = DIRECTION('',(1.,0.,0.));
#4837 = PLANE('',#4838);
#4838 = AXIS2_PLACEMENT_3D('',#4839,#4840,#4841);
#4839 = CARTESIAN_POINT('',(-332.5,-217.5,185.));
#4840 = DIRECTION('',(0.,0.,1.));
#4841 = DIRECTION('',(1.,0.,0.));
#4842 = ADVANCED_FACE('',(#4843),#4861,.F.);
#4843 = FACE_BOUND('',#4844,.F.);
#4844 = EDGE_LOOP('',(#4845,#4846,#4847,#4855));
#4845 = ORIENTED_EDGE('',*,*,#4727,.F.);
#4846 = ORIENTED_EDGE('',*,*,#4791,.T.);
#4847 = ORIENTED_EDGE('',*,*,#4848,.T.);
#4848 = EDGE_CURVE('',#4792,#4849,#4851,.T.);
#4849 = VERTEX_POINT('',#4850);
#4850 = CARTESIAN_POINT('',(332.5,-182.5,150.));
#4851 = LINE('',#4852,#4853);
#4852 = CARTESIAN_POINT('',(332.5,-217.5,150.));
#4853 = VECTOR('',#4854,1.);
#4854 = DIRECTION('',(0.,1.,0.));
#4855 = ORIENTED_EDGE('',*,*,#4856,.F.);
#4856 = EDGE_CURVE('',#4728,#4849,#4857,.T.);
#4857 = LINE('',#4858,#4859);
#4858 = CARTESIAN_POINT('',(-332.5,-182.5,150.));
#4859 = VECTOR('',#4860,1.);
#4860 = DIRECTION('',(1.,0.,0.));
#4861 = PLANE('',#4862);
#4862 = AXIS2_PLACEMENT_3D('',#4863,#4864,#4865);
#4863 = CARTESIAN_POINT('',(-332.5,-217.5,150.));
#4864 = DIRECTION('',(0.,0.,1.));
#4865 = DIRECTION('',(1.,0.,0.));
#4866 = ADVANCED_FACE('',(#4867),#4878,.T.);
#4867 = FACE_BOUND('',#4868,.T.);
#4868 = EDGE_LOOP('',(#4869,#4870,#4871,#4872));
#4869 = ORIENTED_EDGE('',*,*,#4856,.F.);
#4870 = ORIENTED_EDGE('',*,*,#4735,.T.);
#4871 = ORIENTED_EDGE('',*,*,#4832,.T.);
#4872 = ORIENTED_EDGE('',*,*,#4873,.F.);
#4873 = EDGE_CURVE('',#4849,#4825,#4874,.T.);
#4874 = LINE('',#4875,#4876);
#4875 = CARTESIAN_POINT('',(332.5,-182.5,150.));
#4876 = VECTOR('',#4877,1.);
#4877 = DIRECTION('',(0.,0.,1.));
#4878 = PLANE('',#4879);
#4879 = AXIS2_PLACEMENT_3D('',#4880,#4881,#4882);
#4880 = CARTESIAN_POINT('',(-332.5,-182.5,150.));
#4881 = DIRECTION('',(0.,1.,0.));
#4882 = DIRECTION('',(0.,0.,1.));
#4883 = ADVANCED_FACE('',(#4884),#4909,.T.);
#4884 = FACE_BOUND('',#4885,.T.);
#4885 = EDGE_LOOP('',(#4886,#4887,#4895,#4903));
#4886 = ORIENTED_EDGE('',*,*,#4751,.F.);
#4887 = ORIENTED_EDGE('',*,*,#4888,.T.);
#4888 = EDGE_CURVE('',#4752,#4889,#4891,.T.);
#4889 = VERTEX_POINT('',#4890);
#4890 = CARTESIAN_POINT('',(332.5,-214.5,153.));
#4891 = LINE('',#4892,#4893);
#4892 = CARTESIAN_POINT('',(-332.5,-214.5,153.));
#4893 = VECTOR('',#4894,1.);
#4894 = DIRECTION('',(1.,0.,0.));
#4895 = ORIENTED_EDGE('',*,*,#4896,.T.);
#4896 = EDGE_CURVE('',#4889,#4897,#4899,.T.);
#4897 = VERTEX_POINT('',#4898);
#4898 = CARTESIAN_POINT('',(332.5,-185.5,153.));
#4899 = LINE('',#4900,#4901);
#4900 = CARTESIAN_POINT('',(332.5,-214.5,153.));
#4901 = VECTOR('',#4902,1.);
#4902 = DIRECTION('',(0.,1.,0.));
#4903 = ORIENTED_EDGE('',*,*,#4904,.F.);
#4904 = EDGE_CURVE('',#4754,#4897,#4905,.T.);
#4905 = LINE('',#4906,#4907);
#4906 = CARTESIAN_POINT('',(-332.5,-185.5,153.));
#4907 = VECTOR('',#4908,1.);
#4908 = DIRECTION('',(1.,0.,0.));
#4909 = PLANE('',#4910);
#4910 = AXIS2_PLACEMENT_3D('',#4911,#4912,#4913);
#4911 = CARTESIAN_POINT('',(-332.5,-214.5,153.));
#4912 = DIRECTION('',(0.,0.,1.));
#4913 = DIRECTION('',(1.,0.,0.));
#4914 = ADVANCED_FACE('',(#4915),#4933,.F.);
#4915 = FACE_BOUND('',#4916,.F.);
#4916 = EDGE_LOOP('',(#4917,#4918,#4919,#4927));
#4917 = ORIENTED_EDGE('',*,*,#4904,.F.);
#4918 = ORIENTED_EDGE('',*,*,#4777,.T.);
#4919 = ORIENTED_EDGE('',*,*,#4920,.T.);
#4920 = EDGE_CURVE('',#4770,#4921,#4923,.T.);
#4921 = VERTEX_POINT('',#4922);
#4922 = CARTESIAN_POINT('',(332.5,-185.5,182.));
#4923 = LINE('',#4924,#4925);
#4924 = CARTESIAN_POINT('',(-332.5,-185.5,182.));
#4925 = VECTOR('',#4926,1.);
#4926 = DIRECTION('',(1.,0.,0.));
#4927 = ORIENTED_EDGE('',*,*,#4928,.F.);
#4928 = EDGE_CURVE('',#4897,#4921,#4929,.T.);
#4929 = LINE('',#4930,#4931);
#4930 = CARTESIAN_POINT('',(332.5,-185.5,153.));
#4931 = VECTOR('',#4932,1.);
#4932 = DIRECTION('',(0.,0.,1.));
#4933 = PLANE('',#4934);
#4934 = AXIS2_PLACEMENT_3D('',#4935,#4936,#4937);
#4935 = CARTESIAN_POINT('',(-332.5,-185.5,153.));
#4936 = DIRECTION('',(0.,1.,0.));
#4937 = DIRECTION('',(0.,0.,1.));
#4938 = ADVANCED_FACE('',(#4939),#4957,.F.);
#4939 = FACE_BOUND('',#4940,.F.);
#4940 = EDGE_LOOP('',(#4941,#4942,#4950,#4956));
#4941 = ORIENTED_EDGE('',*,*,#4769,.F.);
#4942 = ORIENTED_EDGE('',*,*,#4943,.T.);
#4943 = EDGE_CURVE('',#4762,#4944,#4946,.T.);
#4944 = VERTEX_POINT('',#4945);
#4945 = CARTESIAN_POINT('',(332.5,-214.5,182.));
#4946 = LINE('',#4947,#4948);
#4947 = CARTESIAN_POINT('',(-332.5,-214.5,182.));
#4948 = VECTOR('',#4949,1.);
#4949 = DIRECTION('',(1.,0.,0.));
#4950 = ORIENTED_EDGE('',*,*,#4951,.T.);
#4951 = EDGE_CURVE('',#4944,#4921,#4952,.T.);
#4952 = LINE('',#4953,#4954);
#4953 = CARTESIAN_POINT('',(332.5,-214.5,182.));
#4954 = VECTOR('',#4955,1.);
#4955 = DIRECTION('',(0.,1.,0.));
#4956 = ORIENTED_EDGE('',*,*,#4920,.F.);
#4957 = PLANE('',#4958);
#4958 = AXIS2_PLACEMENT_3D('',#4959,#4960,#4961);
#4959 = CARTESIAN_POINT('',(-332.5,-214.5,182.));
#4960 = DIRECTION('',(0.,0.,1.));
#4961 = DIRECTION('',(1.,0.,0.));
#4962 = ADVANCED_FACE('',(#4963),#4974,.T.);
#4963 = FACE_BOUND('',#4964,.T.);
#4964 = EDGE_LOOP('',(#4965,#4966,#4967,#4968));
#4965 = ORIENTED_EDGE('',*,*,#4888,.F.);
#4966 = ORIENTED_EDGE('',*,*,#4761,.T.);
#4967 = ORIENTED_EDGE('',*,*,#4943,.T.);
#4968 = ORIENTED_EDGE('',*,*,#4969,.F.);
#4969 = EDGE_CURVE('',#4889,#4944,#4970,.T.);
#4970 = LINE('',#4971,#4972);
#4971 = CARTESIAN_POINT('',(332.5,-214.5,153.));
#4972 = VECTOR('',#4973,1.);
#4973 = DIRECTION('',(0.,0.,1.));
#4974 = PLANE('',#4975);
#4975 = AXIS2_PLACEMENT_3D('',#4976,#4977,#4978);
#4976 = CARTESIAN_POINT('',(-332.5,-214.5,153.));
#4977 = DIRECTION('',(0.,1.,0.));
#4978 = DIRECTION('',(0.,0.,1.));
#4979 = ADVANCED_FACE('',(#4980,#4986),#4992,.T.);
#4980 = FACE_BOUND('',#4981,.T.);
#4981 = EDGE_LOOP('',(#4982,#4983,#4984,#4985));
#4982 = ORIENTED_EDGE('',*,*,#4808,.F.);
#4983 = ORIENTED_EDGE('',*,*,#4848,.T.);
#4984 = ORIENTED_EDGE('',*,*,#4873,.T.);
#4985 = ORIENTED_EDGE('',*,*,#4824,.F.);
#4986 = FACE_BOUND('',#4987,.T.);
#4987 = EDGE_LOOP('',(#4988,#4989,#4990,#4991));
#4988 = ORIENTED_EDGE('',*,*,#4896,.F.);
#4989 = ORIENTED_EDGE('',*,*,#4969,.T.);
#4990 = ORIENTED_EDGE('',*,*,#4951,.T.);
#4991 = ORIENTED_EDGE('',*,*,#4928,.F.);
#4992 = PLANE('',#4993);
#4993 = AXIS2_PLACEMENT_3D('',#4994,#4995,#4996);
#4994 = CARTESIAN_POINT('',(332.5,-217.5,150.));
#4995 = DIRECTION('',(1.,0.,0.));
#4996 = DIRECTION('',(0.,0.,1.));
#4997 = MANIFOLD_SOLID_BREP('',#4998);
#4998 = CLOSED_SHELL('',(#4999,#5039,#5104,#5128,#5186,#5203,#5215,#5237
    ,#5254,#5271));
#4999 = ADVANCED_FACE('',(#5000),#5034,.F.);
#5000 = FACE_BOUND('',#5001,.F.);
#5001 = EDGE_LOOP('',(#5002,#5012,#5020,#5028));
#5002 = ORIENTED_EDGE('',*,*,#5003,.F.);
#5003 = EDGE_CURVE('',#5004,#5006,#5008,.T.);
#5004 = VERTEX_POINT('',#5005);
#5005 = CARTESIAN_POINT('',(-367.5,-182.5,150.));
#5006 = VERTEX_POINT('',#5007);
#5007 = CARTESIAN_POINT('',(-367.5,-182.5,185.));
#5008 = LINE('',#5009,#5010);
#5009 = CARTESIAN_POINT('',(-367.5,-182.5,150.));
#5010 = VECTOR('',#5011,1.);
#5011 = DIRECTION('',(0.,0.,1.));
#5012 = ORIENTED_EDGE('',*,*,#5013,.T.);
#5013 = EDGE_CURVE('',#5004,#5014,#5016,.T.);
#5014 = VERTEX_POINT('',#5015);
#5015 = CARTESIAN_POINT('',(-367.5,182.5,150.));
#5016 = LINE('',#5017,#5018);
#5017 = CARTESIAN_POINT('',(-367.5,-182.5,150.));
#5018 = VECTOR('',#5019,1.);
#5019 = DIRECTION('',(0.,1.,0.));
#5020 = ORIENTED_EDGE('',*,*,#5021,.T.);
#5021 = EDGE_CURVE('',#5014,#5022,#5024,.T.);
#5022 = VERTEX_POINT('',#5023);
#5023 = CARTESIAN_POINT('',(-367.5,182.5,185.));
#5024 = LINE('',#5025,#5026);
#5025 = CARTESIAN_POINT('',(-367.5,182.5,150.));
#5026 = VECTOR('',#5027,1.);
#5027 = DIRECTION('',(0.,0.,1.));
#5028 = ORIENTED_EDGE('',*,*,#5029,.F.);
#5029 = EDGE_CURVE('',#5006,#5022,#5030,.T.);
#5030 = LINE('',#5031,#5032);
#5031 = CARTESIAN_POINT('',(-367.5,-182.5,185.));
#5032 = VECTOR('',#5033,1.);
#5033 = DIRECTION('',(0.,1.,0.));
#5034 = PLANE('',#5035);
#5035 = AXIS2_PLACEMENT_3D('',#5036,#5037,#5038);
#5036 = CARTESIAN_POINT('',(-367.5,-182.5,150.));
#5037 = DIRECTION('',(1.,0.,0.));
#5038 = DIRECTION('',(0.,0.,1.));
#5039 = ADVANCED_FACE('',(#5040,#5065),#5099,.F.);
#5040 = FACE_BOUND('',#5041,.F.);
#5041 = EDGE_LOOP('',(#5042,#5050,#5051,#5059));
#5042 = ORIENTED_EDGE('',*,*,#5043,.F.);
#5043 = EDGE_CURVE('',#5004,#5044,#5046,.T.);
#5044 = VERTEX_POINT('',#5045);
#5045 = CARTESIAN_POINT('',(-332.5,-182.5,150.));
#5046 = LINE('',#5047,#5048);
#5047 = CARTESIAN_POINT('',(-367.5,-182.5,150.));
#5048 = VECTOR('',#5049,1.);
#5049 = DIRECTION('',(1.,0.,0.));
#5050 = ORIENTED_EDGE('',*,*,#5003,.T.);
#5051 = ORIENTED_EDGE('',*,*,#5052,.T.);
#5052 = EDGE_CURVE('',#5006,#5053,#5055,.T.);
#5053 = VERTEX_POINT('',#5054);
#5054 = CARTESIAN_POINT('',(-332.5,-182.5,185.));
#5055 = LINE('',#5056,#5057);
#5056 = CARTESIAN_POINT('',(-367.5,-182.5,185.));
#5057 = VECTOR('',#5058,1.);
#5058 = DIRECTION('',(1.,0.,0.));
#5059 = ORIENTED_EDGE('',*,*,#5060,.F.);
#5060 = EDGE_CURVE('',#5044,#5053,#5061,.T.);
#5061 = LINE('',#5062,#5063);
#5062 = CARTESIAN_POINT('',(-332.5,-182.5,150.));
#5063 = VECTOR('',#5064,1.);
#5064 = DIRECTION('',(0.,0.,1.));
#5065 = FACE_BOUND('',#5066,.F.);
#5066 = EDGE_LOOP('',(#5067,#5077,#5085,#5093));
#5067 = ORIENTED_EDGE('',*,*,#5068,.F.);
#5068 = EDGE_CURVE('',#5069,#5071,#5073,.T.);
#5069 = VERTEX_POINT('',#5070);
#5070 = CARTESIAN_POINT('',(-364.5,-182.5,153.));
#5071 = VERTEX_POINT('',#5072);
#5072 = CARTESIAN_POINT('',(-364.5,-182.5,182.));
#5073 = LINE('',#5074,#5075);
#5074 = CARTESIAN_POINT('',(-364.5,-182.5,153.));
#5075 = VECTOR('',#5076,1.);
#5076 = DIRECTION('',(0.,0.,1.));
#5077 = ORIENTED_EDGE('',*,*,#5078,.T.);
#5078 = EDGE_CURVE('',#5069,#5079,#5081,.T.);
#5079 = VERTEX_POINT('',#5080);
#5080 = CARTESIAN_POINT('',(-335.5,-182.5,153.));
#5081 = LINE('',#5082,#5083);
#5082 = CARTESIAN_POINT('',(-364.5,-182.5,153.));
#5083 = VECTOR('',#5084,1.);
#5084 = DIRECTION('',(1.,0.,0.));
#5085 = ORIENTED_EDGE('',*,*,#5086,.T.);
#5086 = EDGE_CURVE('',#5079,#5087,#5089,.T.);
#5087 = VERTEX_POINT('',#5088);
#5088 = CARTESIAN_POINT('',(-335.5,-182.5,182.));
#5089 = LINE('',#5090,#5091);
#5090 = CARTESIAN_POINT('',(-335.5,-182.5,153.));
#5091 = VECTOR('',#5092,1.);
#5092 = DIRECTION('',(0.,0.,1.));
#5093 = ORIENTED_EDGE('',*,*,#5094,.F.);
#5094 = EDGE_CURVE('',#5071,#5087,#5095,.T.);
#5095 = LINE('',#5096,#5097);
#5096 = CARTESIAN_POINT('',(-364.5,-182.5,182.));
#5097 = VECTOR('',#5098,1.);
#5098 = DIRECTION('',(1.,0.,0.));
#5099 = PLANE('',#5100);
#5100 = AXIS2_PLACEMENT_3D('',#5101,#5102,#5103);
#5101 = CARTESIAN_POINT('',(-367.5,-182.5,150.));
#5102 = DIRECTION('',(0.,1.,0.));
#5103 = DIRECTION('',(0.,0.,1.));
#5104 = ADVANCED_FACE('',(#5105),#5123,.T.);
#5105 = FACE_BOUND('',#5106,.T.);
#5106 = EDGE_LOOP('',(#5107,#5108,#5109,#5117));
#5107 = ORIENTED_EDGE('',*,*,#5029,.F.);
#5108 = ORIENTED_EDGE('',*,*,#5052,.T.);
#5109 = ORIENTED_EDGE('',*,*,#5110,.T.);
#5110 = EDGE_CURVE('',#5053,#5111,#5113,.T.);
#5111 = VERTEX_POINT('',#5112);
#5112 = CARTESIAN_POINT('',(-332.5,182.5,185.));
#5113 = LINE('',#5114,#5115);
#5114 = CARTESIAN_POINT('',(-332.5,-182.5,185.));
#5115 = VECTOR('',#5116,1.);
#5116 = DIRECTION('',(0.,1.,0.));
#5117 = ORIENTED_EDGE('',*,*,#5118,.F.);
#5118 = EDGE_CURVE('',#5022,#5111,#5119,.T.);
#5119 = LINE('',#5120,#5121);
#5120 = CARTESIAN_POINT('',(-367.5,182.5,185.));
#5121 = VECTOR('',#5122,1.);
#5122 = DIRECTION('',(1.,0.,0.));
#5123 = PLANE('',#5124);
#5124 = AXIS2_PLACEMENT_3D('',#5125,#5126,#5127);
#5125 = CARTESIAN_POINT('',(-367.5,-182.5,185.));
#5126 = DIRECTION('',(0.,0.,1.));
#5127 = DIRECTION('',(1.,0.,0.));
#5128 = ADVANCED_FACE('',(#5129,#5147),#5181,.T.);
#5129 = FACE_BOUND('',#5130,.T.);
#5130 = EDGE_LOOP('',(#5131,#5139,#5140,#5141));
#5131 = ORIENTED_EDGE('',*,*,#5132,.F.);
#5132 = EDGE_CURVE('',#5014,#5133,#5135,.T.);
#5133 = VERTEX_POINT('',#5134);
#5134 = CARTESIAN_POINT('',(-332.5,182.5,150.));
#5135 = LINE('',#5136,#5137);
#5136 = CARTESIAN_POINT('',(-367.5,182.5,150.));
#5137 = VECTOR('',#5138,1.);
#5138 = DIRECTION('',(1.,0.,0.));
#5139 = ORIENTED_EDGE('',*,*,#5021,.T.);
#5140 = ORIENTED_EDGE('',*,*,#5118,.T.);
#5141 = ORIENTED_EDGE('',*,*,#5142,.F.);
#5142 = EDGE_CURVE('',#5133,#5111,#5143,.T.);
#5143 = LINE('',#5144,#5145);
#5144 = CARTESIAN_POINT('',(-332.5,182.5,150.));
#5145 = VECTOR('',#5146,1.);
#5146 = DIRECTION('',(0.,0.,1.));
#5147 = FACE_BOUND('',#5148,.T.);
#5148 = EDGE_LOOP('',(#5149,#5159,#5167,#5175));
#5149 = ORIENTED_EDGE('',*,*,#5150,.F.);
#5150 = EDGE_CURVE('',#5151,#5153,#5155,.T.);
#5151 = VERTEX_POINT('',#5152);
#5152 = CARTESIAN_POINT('',(-364.5,182.5,153.));
#5153 = VERTEX_POINT('',#5154);
#5154 = CARTESIAN_POINT('',(-364.5,182.5,182.));
#5155 = LINE('',#5156,#5157);
#5156 = CARTESIAN_POINT('',(-364.5,182.5,153.));
#5157 = VECTOR('',#5158,1.);
#5158 = DIRECTION('',(0.,0.,1.));
#5159 = ORIENTED_EDGE('',*,*,#5160,.T.);
#5160 = EDGE_CURVE('',#5151,#5161,#5163,.T.);
#5161 = VERTEX_POINT('',#5162);
#5162 = CARTESIAN_POINT('',(-335.5,182.5,153.));
#5163 = LINE('',#5164,#5165);
#5164 = CARTESIAN_POINT('',(-364.5,182.5,153.));
#5165 = VECTOR('',#5166,1.);
#5166 = DIRECTION('',(1.,0.,0.));
#5167 = ORIENTED_EDGE('',*,*,#5168,.T.);
#5168 = EDGE_CURVE('',#5161,#5169,#5171,.T.);
#5169 = VERTEX_POINT('',#5170);
#5170 = CARTESIAN_POINT('',(-335.5,182.5,182.));
#5171 = LINE('',#5172,#5173);
#5172 = CARTESIAN_POINT('',(-335.5,182.5,153.));
#5173 = VECTOR('',#5174,1.);
#5174 = DIRECTION('',(0.,0.,1.));
#5175 = ORIENTED_EDGE('',*,*,#5176,.F.);
#5176 = EDGE_CURVE('',#5153,#5169,#5177,.T.);
#5177 = LINE('',#5178,#5179);
#5178 = CARTESIAN_POINT('',(-364.5,182.5,182.));
#5179 = VECTOR('',#5180,1.);
#5180 = DIRECTION('',(1.,0.,0.));
#5181 = PLANE('',#5182);
#5182 = AXIS2_PLACEMENT_3D('',#5183,#5184,#5185);
#5183 = CARTESIAN_POINT('',(-367.5,182.5,150.));
#5184 = DIRECTION('',(0.,1.,0.));
#5185 = DIRECTION('',(0.,0.,1.));
#5186 = ADVANCED_FACE('',(#5187),#5198,.F.);
#5187 = FACE_BOUND('',#5188,.F.);
#5188 = EDGE_LOOP('',(#5189,#5190,#5191,#5197));
#5189 = ORIENTED_EDGE('',*,*,#5013,.F.);
#5190 = ORIENTED_EDGE('',*,*,#5043,.T.);
#5191 = ORIENTED_EDGE('',*,*,#5192,.T.);
#5192 = EDGE_CURVE('',#5044,#5133,#5193,.T.);
#5193 = LINE('',#5194,#5195);
#5194 = CARTESIAN_POINT('',(-332.5,-182.5,150.));
#5195 = VECTOR('',#5196,1.);
#5196 = DIRECTION('',(0.,1.,0.));
#5197 = ORIENTED_EDGE('',*,*,#5132,.F.);
#5198 = PLANE('',#5199);
#5199 = AXIS2_PLACEMENT_3D('',#5200,#5201,#5202);
#5200 = CARTESIAN_POINT('',(-367.5,-182.5,150.));
#5201 = DIRECTION('',(0.,0.,1.));
#5202 = DIRECTION('',(1.,0.,0.));
#5203 = ADVANCED_FACE('',(#5204),#5210,.T.);
#5204 = FACE_BOUND('',#5205,.T.);
#5205 = EDGE_LOOP('',(#5206,#5207,#5208,#5209));
#5206 = ORIENTED_EDGE('',*,*,#5060,.F.);
#5207 = ORIENTED_EDGE('',*,*,#5192,.T.);
#5208 = ORIENTED_EDGE('',*,*,#5142,.T.);
#5209 = ORIENTED_EDGE('',*,*,#5110,.F.);
#5210 = PLANE('',#5211);
#5211 = AXIS2_PLACEMENT_3D('',#5212,#5213,#5214);
#5212 = CARTESIAN_POINT('',(-332.5,-182.5,150.));
#5213 = DIRECTION('',(1.,0.,0.));
#5214 = DIRECTION('',(0.,0.,1.));
#5215 = ADVANCED_FACE('',(#5216),#5232,.T.);
#5216 = FACE_BOUND('',#5217,.T.);
#5217 = EDGE_LOOP('',(#5218,#5219,#5225,#5226));
#5218 = ORIENTED_EDGE('',*,*,#5068,.F.);
#5219 = ORIENTED_EDGE('',*,*,#5220,.T.);
#5220 = EDGE_CURVE('',#5069,#5151,#5221,.T.);
#5221 = LINE('',#5222,#5223);
#5222 = CARTESIAN_POINT('',(-364.5,-182.5,153.));
#5223 = VECTOR('',#5224,1.);
#5224 = DIRECTION('',(0.,1.,0.));
#5225 = ORIENTED_EDGE('',*,*,#5150,.T.);
#5226 = ORIENTED_EDGE('',*,*,#5227,.F.);
#5227 = EDGE_CURVE('',#5071,#5153,#5228,.T.);
#5228 = LINE('',#5229,#5230);
#5229 = CARTESIAN_POINT('',(-364.5,-182.5,182.));
#5230 = VECTOR('',#5231,1.);
#5231 = DIRECTION('',(0.,1.,0.));
#5232 = PLANE('',#5233);
#5233 = AXIS2_PLACEMENT_3D('',#5234,#5235,#5236);
#5234 = CARTESIAN_POINT('',(-364.5,-182.5,153.));
#5235 = DIRECTION('',(1.,0.,0.));
#5236 = DIRECTION('',(0.,0.,1.));
#5237 = ADVANCED_FACE('',(#5238),#5249,.F.);
#5238 = FACE_BOUND('',#5239,.F.);
#5239 = EDGE_LOOP('',(#5240,#5241,#5242,#5248));
#5240 = ORIENTED_EDGE('',*,*,#5227,.F.);
#5241 = ORIENTED_EDGE('',*,*,#5094,.T.);
#5242 = ORIENTED_EDGE('',*,*,#5243,.T.);
#5243 = EDGE_CURVE('',#5087,#5169,#5244,.T.);
#5244 = LINE('',#5245,#5246);
#5245 = CARTESIAN_POINT('',(-335.5,-182.5,182.));
#5246 = VECTOR('',#5247,1.);
#5247 = DIRECTION('',(0.,1.,0.));
#5248 = ORIENTED_EDGE('',*,*,#5176,.F.);
#5249 = PLANE('',#5250);
#5250 = AXIS2_PLACEMENT_3D('',#5251,#5252,#5253);
#5251 = CARTESIAN_POINT('',(-364.5,-182.5,182.));
#5252 = DIRECTION('',(0.,0.,1.));
#5253 = DIRECTION('',(1.,0.,0.));
#5254 = ADVANCED_FACE('',(#5255),#5266,.F.);
#5255 = FACE_BOUND('',#5256,.F.);
#5256 = EDGE_LOOP('',(#5257,#5258,#5264,#5265));
#5257 = ORIENTED_EDGE('',*,*,#5086,.F.);
#5258 = ORIENTED_EDGE('',*,*,#5259,.T.);
#5259 = EDGE_CURVE('',#5079,#5161,#5260,.T.);
#5260 = LINE('',#5261,#5262);
#5261 = CARTESIAN_POINT('',(-335.5,-182.5,153.));
#5262 = VECTOR('',#5263,1.);
#5263 = DIRECTION('',(0.,1.,0.));
#5264 = ORIENTED_EDGE('',*,*,#5168,.T.);
#5265 = ORIENTED_EDGE('',*,*,#5243,.F.);
#5266 = PLANE('',#5267);
#5267 = AXIS2_PLACEMENT_3D('',#5268,#5269,#5270);
#5268 = CARTESIAN_POINT('',(-335.5,-182.5,153.));
#5269 = DIRECTION('',(1.,0.,0.));
#5270 = DIRECTION('',(0.,0.,1.));
#5271 = ADVANCED_FACE('',(#5272),#5278,.T.);
#5272 = FACE_BOUND('',#5273,.T.);
#5273 = EDGE_LOOP('',(#5274,#5275,#5276,#5277));
#5274 = ORIENTED_EDGE('',*,*,#5220,.F.);
#5275 = ORIENTED_EDGE('',*,*,#5078,.T.);
#5276 = ORIENTED_EDGE('',*,*,#5259,.T.);
#5277 = ORIENTED_EDGE('',*,*,#5160,.F.);
#5278 = PLANE('',#5279);
#5279 = AXIS2_PLACEMENT_3D('',#5280,#5281,#5282);
#5280 = CARTESIAN_POINT('',(-364.5,-182.5,153.));
#5281 = DIRECTION('',(0.,0.,1.));
#5282 = DIRECTION('',(1.,0.,0.));
#5283 = MANIFOLD_SOLID_BREP('',#5284);
#5284 = CLOSED_SHELL('',(#5285,#5359,#5390,#5414,#5438,#5455,#5486,#5510
    ,#5534,#5551));
#5285 = ADVANCED_FACE('',(#5286,#5320),#5354,.F.);
#5286 = FACE_BOUND('',#5287,.F.);
#5287 = EDGE_LOOP('',(#5288,#5298,#5306,#5314));
#5288 = ORIENTED_EDGE('',*,*,#5289,.F.);
#5289 = EDGE_CURVE('',#5290,#5292,#5294,.T.);
#5290 = VERTEX_POINT('',#5291);
#5291 = CARTESIAN_POINT('',(-332.5,182.5,150.));
#5292 = VERTEX_POINT('',#5293);
#5293 = CARTESIAN_POINT('',(-332.5,182.5,185.));
#5294 = LINE('',#5295,#5296);
#5295 = CARTESIAN_POINT('',(-332.5,182.5,150.));
#5296 = VECTOR('',#5297,1.);
#5297 = DIRECTION('',(0.,0.,1.));
#5298 = ORIENTED_EDGE('',*,*,#5299,.T.);
#5299 = EDGE_CURVE('',#5290,#5300,#5302,.T.);
#5300 = VERTEX_POINT('',#5301);
#5301 = CARTESIAN_POINT('',(-332.5,217.5,150.));
#5302 = LINE('',#5303,#5304);
#5303 = CARTESIAN_POINT('',(-332.5,182.5,150.));
#5304 = VECTOR('',#5305,1.);
#5305 = DIRECTION('',(0.,1.,0.));
#5306 = ORIENTED_EDGE('',*,*,#5307,.T.);
#5307 = EDGE_CURVE('',#5300,#5308,#5310,.T.);
#5308 = VERTEX_POINT('',#5309);
#5309 = CARTESIAN_POINT('',(-332.5,217.5,185.));
#5310 = LINE('',#5311,#5312);
#5311 = CARTESIAN_POINT('',(-332.5,217.5,150.));
#5312 = VECTOR('',#5313,1.);
#5313 = DIRECTION('',(0.,0.,1.));
#5314 = ORIENTED_EDGE('',*,*,#5315,.F.);
#5315 = EDGE_CURVE('',#5292,#5308,#5316,.T.);
#5316 = LINE('',#5317,#5318);
#5317 = CARTESIAN_POINT('',(-332.5,182.5,185.));
#5318 = VECTOR('',#5319,1.);
#5319 = DIRECTION('',(0.,1.,0.));
#5320 = FACE_BOUND('',#5321,.F.);
#5321 = EDGE_LOOP('',(#5322,#5332,#5340,#5348));
#5322 = ORIENTED_EDGE('',*,*,#5323,.F.);
#5323 = EDGE_CURVE('',#5324,#5326,#5328,.T.);
#5324 = VERTEX_POINT('',#5325);
#5325 = CARTESIAN_POINT('',(-332.5,185.5,153.));
#5326 = VERTEX_POINT('',#5327);
#5327 = CARTESIAN_POINT('',(-332.5,214.5,153.));
#5328 = LINE('',#5329,#5330);
#5329 = CARTESIAN_POINT('',(-332.5,185.5,153.));
#5330 = VECTOR('',#5331,1.);
#5331 = DIRECTION('',(0.,1.,0.));
#5332 = ORIENTED_EDGE('',*,*,#5333,.T.);
#5333 = EDGE_CURVE('',#5324,#5334,#5336,.T.);
#5334 = VERTEX_POINT('',#5335);
#5335 = CARTESIAN_POINT('',(-332.5,185.5,182.));
#5336 = LINE('',#5337,#5338);
#5337 = CARTESIAN_POINT('',(-332.5,185.5,153.));
#5338 = VECTOR('',#5339,1.);
#5339 = DIRECTION('',(0.,0.,1.));
#5340 = ORIENTED_EDGE('',*,*,#5341,.T.);
#5341 = EDGE_CURVE('',#5334,#5342,#5344,.T.);
#5342 = VERTEX_POINT('',#5343);
#5343 = CARTESIAN_POINT('',(-332.5,214.5,182.));
#5344 = LINE('',#5345,#5346);
#5345 = CARTESIAN_POINT('',(-332.5,185.5,182.));
#5346 = VECTOR('',#5347,1.);
#5347 = DIRECTION('',(0.,1.,0.));
#5348 = ORIENTED_EDGE('',*,*,#5349,.F.);
#5349 = EDGE_CURVE('',#5326,#5342,#5350,.T.);
#5350 = LINE('',#5351,#5352);
#5351 = CARTESIAN_POINT('',(-332.5,214.5,153.));
#5352 = VECTOR('',#5353,1.);
#5353 = DIRECTION('',(0.,0.,1.));
#5354 = PLANE('',#5355);
#5355 = AXIS2_PLACEMENT_3D('',#5356,#5357,#5358);
#5356 = CARTESIAN_POINT('',(-332.5,182.5,150.));
#5357 = DIRECTION('',(1.,0.,0.));
#5358 = DIRECTION('',(0.,0.,1.));
#5359 = ADVANCED_FACE('',(#5360),#5385,.F.);
#5360 = FACE_BOUND('',#5361,.F.);
#5361 = EDGE_LOOP('',(#5362,#5370,#5371,#5379));
#5362 = ORIENTED_EDGE('',*,*,#5363,.F.);
#5363 = EDGE_CURVE('',#5290,#5364,#5366,.T.);
#5364 = VERTEX_POINT('',#5365);
#5365 = CARTESIAN_POINT('',(332.5,182.5,150.));
#5366 = LINE('',#5367,#5368);
#5367 = CARTESIAN_POINT('',(-332.5,182.5,150.));
#5368 = VECTOR('',#5369,1.);
#5369 = DIRECTION('',(1.,0.,0.));
#5370 = ORIENTED_EDGE('',*,*,#5289,.T.);
#5371 = ORIENTED_EDGE('',*,*,#5372,.T.);
#5372 = EDGE_CURVE('',#5292,#5373,#5375,.T.);
#5373 = VERTEX_POINT('',#5374);
#5374 = CARTESIAN_POINT('',(332.5,182.5,185.));
#5375 = LINE('',#5376,#5377);
#5376 = CARTESIAN_POINT('',(-332.5,182.5,185.));
#5377 = VECTOR('',#5378,1.);
#5378 = DIRECTION('',(1.,0.,0.));
#5379 = ORIENTED_EDGE('',*,*,#5380,.F.);
#5380 = EDGE_CURVE('',#5364,#5373,#5381,.T.);
#5381 = LINE('',#5382,#5383);
#5382 = CARTESIAN_POINT('',(332.5,182.5,150.));
#5383 = VECTOR('',#5384,1.);
#5384 = DIRECTION('',(0.,0.,1.));
#5385 = PLANE('',#5386);
#5386 = AXIS2_PLACEMENT_3D('',#5387,#5388,#5389);
#5387 = CARTESIAN_POINT('',(-332.5,182.5,150.));
#5388 = DIRECTION('',(0.,1.,0.));
#5389 = DIRECTION('',(0.,0.,1.));
#5390 = ADVANCED_FACE('',(#5391),#5409,.T.);
#5391 = FACE_BOUND('',#5392,.T.);
#5392 = EDGE_LOOP('',(#5393,#5394,#5395,#5403));
#5393 = ORIENTED_EDGE('',*,*,#5315,.F.);
#5394 = ORIENTED_EDGE('',*,*,#5372,.T.);
#5395 = ORIENTED_EDGE('',*,*,#5396,.T.);
#5396 = EDGE_CURVE('',#5373,#5397,#5399,.T.);
#5397 = VERTEX_POINT('',#5398);
#5398 = CARTESIAN_POINT('',(332.5,217.5,185.));
#5399 = LINE('',#5400,#5401);
#5400 = CARTESIAN_POINT('',(332.5,182.5,185.));
#5401 = VECTOR('',#5402,1.);
#5402 = DIRECTION('',(0.,1.,0.));
#5403 = ORIENTED_EDGE('',*,*,#5404,.F.);
#5404 = EDGE_CURVE('',#5308,#5397,#5405,.T.);
#5405 = LINE('',#5406,#5407);
#5406 = CARTESIAN_POINT('',(-332.5,217.5,185.));
#5407 = VECTOR('',#5408,1.);
#5408 = DIRECTION('',(1.,0.,0.));
#5409 = PLANE('',#5410);
#5410 = AXIS2_PLACEMENT_3D('',#5411,#5412,#5413);
#5411 = CARTESIAN_POINT('',(-332.5,182.5,185.));
#5412 = DIRECTION('',(0.,0.,1.));
#5413 = DIRECTION('',(1.,0.,0.));
#5414 = ADVANCED_FACE('',(#5415),#5433,.F.);
#5415 = FACE_BOUND('',#5416,.F.);
#5416 = EDGE_LOOP('',(#5417,#5418,#5419,#5427));
#5417 = ORIENTED_EDGE('',*,*,#5299,.F.);
#5418 = ORIENTED_EDGE('',*,*,#5363,.T.);
#5419 = ORIENTED_EDGE('',*,*,#5420,.T.);
#5420 = EDGE_CURVE('',#5364,#5421,#5423,.T.);
#5421 = VERTEX_POINT('',#5422);
#5422 = CARTESIAN_POINT('',(332.5,217.5,150.));
#5423 = LINE('',#5424,#5425);
#5424 = CARTESIAN_POINT('',(332.5,182.5,150.));
#5425 = VECTOR('',#5426,1.);
#5426 = DIRECTION('',(0.,1.,0.));
#5427 = ORIENTED_EDGE('',*,*,#5428,.F.);
#5428 = EDGE_CURVE('',#5300,#5421,#5429,.T.);
#5429 = LINE('',#5430,#5431);
#5430 = CARTESIAN_POINT('',(-332.5,217.5,150.));
#5431 = VECTOR('',#5432,1.);
#5432 = DIRECTION('',(1.,0.,0.));
#5433 = PLANE('',#5434);
#5434 = AXIS2_PLACEMENT_3D('',#5435,#5436,#5437);
#5435 = CARTESIAN_POINT('',(-332.5,182.5,150.));
#5436 = DIRECTION('',(0.,0.,1.));
#5437 = DIRECTION('',(1.,0.,0.));
#5438 = ADVANCED_FACE('',(#5439),#5450,.T.);
#5439 = FACE_BOUND('',#5440,.T.);
#5440 = EDGE_LOOP('',(#5441,#5442,#5443,#5444));
#5441 = ORIENTED_EDGE('',*,*,#5428,.F.);
#5442 = ORIENTED_EDGE('',*,*,#5307,.T.);
#5443 = ORIENTED_EDGE('',*,*,#5404,.T.);
#5444 = ORIENTED_EDGE('',*,*,#5445,.F.);
#5445 = EDGE_CURVE('',#5421,#5397,#5446,.T.);
#5446 = LINE('',#5447,#5448);
#5447 = CARTESIAN_POINT('',(332.5,217.5,150.));
#5448 = VECTOR('',#5449,1.);
#5449 = DIRECTION('',(0.,0.,1.));
#5450 = PLANE('',#5451);
#5451 = AXIS2_PLACEMENT_3D('',#5452,#5453,#5454);
#5452 = CARTESIAN_POINT('',(-332.5,217.5,150.));
#5453 = DIRECTION('',(0.,1.,0.));
#5454 = DIRECTION('',(0.,0.,1.));
#5455 = ADVANCED_FACE('',(#5456),#5481,.T.);
#5456 = FACE_BOUND('',#5457,.T.);
#5457 = EDGE_LOOP('',(#5458,#5459,#5467,#5475));
#5458 = ORIENTED_EDGE('',*,*,#5323,.F.);
#5459 = ORIENTED_EDGE('',*,*,#5460,.T.);
#5460 = EDGE_CURVE('',#5324,#5461,#5463,.T.);
#5461 = VERTEX_POINT('',#5462);
#5462 = CARTESIAN_POINT('',(332.5,185.5,153.));
#5463 = LINE('',#5464,#5465);
#5464 = CARTESIAN_POINT('',(-332.5,185.5,153.));
#5465 = VECTOR('',#5466,1.);
#5466 = DIRECTION('',(1.,0.,0.));
#5467 = ORIENTED_EDGE('',*,*,#5468,.T.);
#5468 = EDGE_CURVE('',#5461,#5469,#5471,.T.);
#5469 = VERTEX_POINT('',#5470);
#5470 = CARTESIAN_POINT('',(332.5,214.5,153.));
#5471 = LINE('',#5472,#5473);
#5472 = CARTESIAN_POINT('',(332.5,185.5,153.));
#5473 = VECTOR('',#5474,1.);
#5474 = DIRECTION('',(0.,1.,0.));
#5475 = ORIENTED_EDGE('',*,*,#5476,.F.);
#5476 = EDGE_CURVE('',#5326,#5469,#5477,.T.);
#5477 = LINE('',#5478,#5479);
#5478 = CARTESIAN_POINT('',(-332.5,214.5,153.));
#5479 = VECTOR('',#5480,1.);
#5480 = DIRECTION('',(1.,0.,0.));
#5481 = PLANE('',#5482);
#5482 = AXIS2_PLACEMENT_3D('',#5483,#5484,#5485);
#5483 = CARTESIAN_POINT('',(-332.5,185.5,153.));
#5484 = DIRECTION('',(0.,0.,1.));
#5485 = DIRECTION('',(1.,0.,0.));
#5486 = ADVANCED_FACE('',(#5487),#5505,.F.);
#5487 = FACE_BOUND('',#5488,.F.);
#5488 = EDGE_LOOP('',(#5489,#5490,#5491,#5499));
#5489 = ORIENTED_EDGE('',*,*,#5476,.F.);
#5490 = ORIENTED_EDGE('',*,*,#5349,.T.);
#5491 = ORIENTED_EDGE('',*,*,#5492,.T.);
#5492 = EDGE_CURVE('',#5342,#5493,#5495,.T.);
#5493 = VERTEX_POINT('',#5494);
#5494 = CARTESIAN_POINT('',(332.5,214.5,182.));
#5495 = LINE('',#5496,#5497);
#5496 = CARTESIAN_POINT('',(-332.5,214.5,182.));
#5497 = VECTOR('',#5498,1.);
#5498 = DIRECTION('',(1.,0.,0.));
#5499 = ORIENTED_EDGE('',*,*,#5500,.F.);
#5500 = EDGE_CURVE('',#5469,#5493,#5501,.T.);
#5501 = LINE('',#5502,#5503);
#5502 = CARTESIAN_POINT('',(332.5,214.5,153.));
#5503 = VECTOR('',#5504,1.);
#5504 = DIRECTION('',(0.,0.,1.));
#5505 = PLANE('',#5506);
#5506 = AXIS2_PLACEMENT_3D('',#5507,#5508,#5509);
#5507 = CARTESIAN_POINT('',(-332.5,214.5,153.));
#5508 = DIRECTION('',(0.,1.,0.));
#5509 = DIRECTION('',(0.,0.,1.));
#5510 = ADVANCED_FACE('',(#5511),#5529,.F.);
#5511 = FACE_BOUND('',#5512,.F.);
#5512 = EDGE_LOOP('',(#5513,#5514,#5522,#5528));
#5513 = ORIENTED_EDGE('',*,*,#5341,.F.);
#5514 = ORIENTED_EDGE('',*,*,#5515,.T.);
#5515 = EDGE_CURVE('',#5334,#5516,#5518,.T.);
#5516 = VERTEX_POINT('',#5517);
#5517 = CARTESIAN_POINT('',(332.5,185.5,182.));
#5518 = LINE('',#5519,#5520);
#5519 = CARTESIAN_POINT('',(-332.5,185.5,182.));
#5520 = VECTOR('',#5521,1.);
#5521 = DIRECTION('',(1.,0.,0.));
#5522 = ORIENTED_EDGE('',*,*,#5523,.T.);
#5523 = EDGE_CURVE('',#5516,#5493,#5524,.T.);
#5524 = LINE('',#5525,#5526);
#5525 = CARTESIAN_POINT('',(332.5,185.5,182.));
#5526 = VECTOR('',#5527,1.);
#5527 = DIRECTION('',(0.,1.,0.));
#5528 = ORIENTED_EDGE('',*,*,#5492,.F.);
#5529 = PLANE('',#5530);
#5530 = AXIS2_PLACEMENT_3D('',#5531,#5532,#5533);
#5531 = CARTESIAN_POINT('',(-332.5,185.5,182.));
#5532 = DIRECTION('',(0.,0.,1.));
#5533 = DIRECTION('',(1.,0.,0.));
#5534 = ADVANCED_FACE('',(#5535),#5546,.T.);
#5535 = FACE_BOUND('',#5536,.T.);
#5536 = EDGE_LOOP('',(#5537,#5538,#5539,#5540));
#5537 = ORIENTED_EDGE('',*,*,#5460,.F.);
#5538 = ORIENTED_EDGE('',*,*,#5333,.T.);
#5539 = ORIENTED_EDGE('',*,*,#5515,.T.);
#5540 = ORIENTED_EDGE('',*,*,#5541,.F.);
#5541 = EDGE_CURVE('',#5461,#5516,#5542,.T.);
#5542 = LINE('',#5543,#5544);
#5543 = CARTESIAN_POINT('',(332.5,185.5,153.));
#5544 = VECTOR('',#5545,1.);
#5545 = DIRECTION('',(0.,0.,1.));
#5546 = PLANE('',#5547);
#5547 = AXIS2_PLACEMENT_3D('',#5548,#5549,#5550);
#5548 = CARTESIAN_POINT('',(-332.5,185.5,153.));
#5549 = DIRECTION('',(0.,1.,0.));
#5550 = DIRECTION('',(0.,0.,1.));
#5551 = ADVANCED_FACE('',(#5552,#5558),#5564,.T.);
#5552 = FACE_BOUND('',#5553,.T.);
#5553 = EDGE_LOOP('',(#5554,#5555,#5556,#5557));
#5554 = ORIENTED_EDGE('',*,*,#5380,.F.);
#5555 = ORIENTED_EDGE('',*,*,#5420,.T.);
#5556 = ORIENTED_EDGE('',*,*,#5445,.T.);
#5557 = ORIENTED_EDGE('',*,*,#5396,.F.);
#5558 = FACE_BOUND('',#5559,.T.);
#5559 = EDGE_LOOP('',(#5560,#5561,#5562,#5563));
#5560 = ORIENTED_EDGE('',*,*,#5468,.F.);
#5561 = ORIENTED_EDGE('',*,*,#5541,.T.);
#5562 = ORIENTED_EDGE('',*,*,#5523,.T.);
#5563 = ORIENTED_EDGE('',*,*,#5500,.F.);
#5564 = PLANE('',#5565);
#5565 = AXIS2_PLACEMENT_3D('',#5566,#5567,#5568);
#5566 = CARTESIAN_POINT('',(332.5,182.5,150.));
#5567 = DIRECTION('',(1.,0.,0.));
#5568 = DIRECTION('',(0.,0.,1.));
#5569 = MANIFOLD_SOLID_BREP('',#5570);
#5570 = CLOSED_SHELL('',(#5571,#5611,#5676,#5700,#5758,#5775,#5787,#5809
    ,#5826,#5843));
#5571 = ADVANCED_FACE('',(#5572),#5606,.F.);
#5572 = FACE_BOUND('',#5573,.F.);
#5573 = EDGE_LOOP('',(#5574,#5584,#5592,#5600));
#5574 = ORIENTED_EDGE('',*,*,#5575,.F.);
#5575 = EDGE_CURVE('',#5576,#5578,#5580,.T.);
#5576 = VERTEX_POINT('',#5577);
#5577 = CARTESIAN_POINT('',(332.5,-182.5,150.));
#5578 = VERTEX_POINT('',#5579);
#5579 = CARTESIAN_POINT('',(332.5,-182.5,185.));
#5580 = LINE('',#5581,#5582);
#5581 = CARTESIAN_POINT('',(332.5,-182.5,150.));
#5582 = VECTOR('',#5583,1.);
#5583 = DIRECTION('',(0.,0.,1.));
#5584 = ORIENTED_EDGE('',*,*,#5585,.T.);
#5585 = EDGE_CURVE('',#5576,#5586,#5588,.T.);
#5586 = VERTEX_POINT('',#5587);
#5587 = CARTESIAN_POINT('',(332.5,182.5,150.));
#5588 = LINE('',#5589,#5590);
#5589 = CARTESIAN_POINT('',(332.5,-182.5,150.));
#5590 = VECTOR('',#5591,1.);
#5591 = DIRECTION('',(0.,1.,0.));
#5592 = ORIENTED_EDGE('',*,*,#5593,.T.);
#5593 = EDGE_CURVE('',#5586,#5594,#5596,.T.);
#5594 = VERTEX_POINT('',#5595);
#5595 = CARTESIAN_POINT('',(332.5,182.5,185.));
#5596 = LINE('',#5597,#5598);
#5597 = CARTESIAN_POINT('',(332.5,182.5,150.));
#5598 = VECTOR('',#5599,1.);
#5599 = DIRECTION('',(0.,0.,1.));
#5600 = ORIENTED_EDGE('',*,*,#5601,.F.);
#5601 = EDGE_CURVE('',#5578,#5594,#5602,.T.);
#5602 = LINE('',#5603,#5604);
#5603 = CARTESIAN_POINT('',(332.5,-182.5,185.));
#5604 = VECTOR('',#5605,1.);
#5605 = DIRECTION('',(0.,1.,0.));
#5606 = PLANE('',#5607);
#5607 = AXIS2_PLACEMENT_3D('',#5608,#5609,#5610);
#5608 = CARTESIAN_POINT('',(332.5,-182.5,150.));
#5609 = DIRECTION('',(1.,0.,0.));
#5610 = DIRECTION('',(0.,0.,1.));
#5611 = ADVANCED_FACE('',(#5612,#5637),#5671,.F.);
#5612 = FACE_BOUND('',#5613,.F.);
#5613 = EDGE_LOOP('',(#5614,#5622,#5623,#5631));
#5614 = ORIENTED_EDGE('',*,*,#5615,.F.);
#5615 = EDGE_CURVE('',#5576,#5616,#5618,.T.);
#5616 = VERTEX_POINT('',#5617);
#5617 = CARTESIAN_POINT('',(367.5,-182.5,150.));
#5618 = LINE('',#5619,#5620);
#5619 = CARTESIAN_POINT('',(332.5,-182.5,150.));
#5620 = VECTOR('',#5621,1.);
#5621 = DIRECTION('',(1.,0.,0.));
#5622 = ORIENTED_EDGE('',*,*,#5575,.T.);
#5623 = ORIENTED_EDGE('',*,*,#5624,.T.);
#5624 = EDGE_CURVE('',#5578,#5625,#5627,.T.);
#5625 = VERTEX_POINT('',#5626);
#5626 = CARTESIAN_POINT('',(367.5,-182.5,185.));
#5627 = LINE('',#5628,#5629);
#5628 = CARTESIAN_POINT('',(332.5,-182.5,185.));
#5629 = VECTOR('',#5630,1.);
#5630 = DIRECTION('',(1.,0.,0.));
#5631 = ORIENTED_EDGE('',*,*,#5632,.F.);
#5632 = EDGE_CURVE('',#5616,#5625,#5633,.T.);
#5633 = LINE('',#5634,#5635);
#5634 = CARTESIAN_POINT('',(367.5,-182.5,150.));
#5635 = VECTOR('',#5636,1.);
#5636 = DIRECTION('',(0.,0.,1.));
#5637 = FACE_BOUND('',#5638,.F.);
#5638 = EDGE_LOOP('',(#5639,#5649,#5657,#5665));
#5639 = ORIENTED_EDGE('',*,*,#5640,.F.);
#5640 = EDGE_CURVE('',#5641,#5643,#5645,.T.);
#5641 = VERTEX_POINT('',#5642);
#5642 = CARTESIAN_POINT('',(335.5,-182.5,153.));
#5643 = VERTEX_POINT('',#5644);
#5644 = CARTESIAN_POINT('',(335.5,-182.5,182.));
#5645 = LINE('',#5646,#5647);
#5646 = CARTESIAN_POINT('',(335.5,-182.5,153.));
#5647 = VECTOR('',#5648,1.);
#5648 = DIRECTION('',(0.,0.,1.));
#5649 = ORIENTED_EDGE('',*,*,#5650,.T.);
#5650 = EDGE_CURVE('',#5641,#5651,#5653,.T.);
#5651 = VERTEX_POINT('',#5652);
#5652 = CARTESIAN_POINT('',(364.5,-182.5,153.));
#5653 = LINE('',#5654,#5655);
#5654 = CARTESIAN_POINT('',(335.5,-182.5,153.));
#5655 = VECTOR('',#5656,1.);
#5656 = DIRECTION('',(1.,0.,0.));
#5657 = ORIENTED_EDGE('',*,*,#5658,.T.);
#5658 = EDGE_CURVE('',#5651,#5659,#5661,.T.);
#5659 = VERTEX_POINT('',#5660);
#5660 = CARTESIAN_POINT('',(364.5,-182.5,182.));
#5661 = LINE('',#5662,#5663);
#5662 = CARTESIAN_POINT('',(364.5,-182.5,153.));
#5663 = VECTOR('',#5664,1.);
#5664 = DIRECTION('',(0.,0.,1.));
#5665 = ORIENTED_EDGE('',*,*,#5666,.F.);
#5666 = EDGE_CURVE('',#5643,#5659,#5667,.T.);
#5667 = LINE('',#5668,#5669);
#5668 = CARTESIAN_POINT('',(335.5,-182.5,182.));
#5669 = VECTOR('',#5670,1.);
#5670 = DIRECTION('',(1.,0.,0.));
#5671 = PLANE('',#5672);
#5672 = AXIS2_PLACEMENT_3D('',#5673,#5674,#5675);
#5673 = CARTESIAN_POINT('',(332.5,-182.5,150.));
#5674 = DIRECTION('',(0.,1.,0.));
#5675 = DIRECTION('',(0.,0.,1.));
#5676 = ADVANCED_FACE('',(#5677),#5695,.T.);
#5677 = FACE_BOUND('',#5678,.T.);
#5678 = EDGE_LOOP('',(#5679,#5680,#5681,#5689));
#5679 = ORIENTED_EDGE('',*,*,#5601,.F.);
#5680 = ORIENTED_EDGE('',*,*,#5624,.T.);
#5681 = ORIENTED_EDGE('',*,*,#5682,.T.);
#5682 = EDGE_CURVE('',#5625,#5683,#5685,.T.);
#5683 = VERTEX_POINT('',#5684);
#5684 = CARTESIAN_POINT('',(367.5,182.5,185.));
#5685 = LINE('',#5686,#5687);
#5686 = CARTESIAN_POINT('',(367.5,-182.5,185.));
#5687 = VECTOR('',#5688,1.);
#5688 = DIRECTION('',(0.,1.,0.));
#5689 = ORIENTED_EDGE('',*,*,#5690,.F.);
#5690 = EDGE_CURVE('',#5594,#5683,#5691,.T.);
#5691 = LINE('',#5692,#5693);
#5692 = CARTESIAN_POINT('',(332.5,182.5,185.));
#5693 = VECTOR('',#5694,1.);
#5694 = DIRECTION('',(1.,0.,0.));
#5695 = PLANE('',#5696);
#5696 = AXIS2_PLACEMENT_3D('',#5697,#5698,#5699);
#5697 = CARTESIAN_POINT('',(332.5,-182.5,185.));
#5698 = DIRECTION('',(0.,0.,1.));
#5699 = DIRECTION('',(1.,0.,0.));
#5700 = ADVANCED_FACE('',(#5701,#5719),#5753,.T.);
#5701 = FACE_BOUND('',#5702,.T.);
#5702 = EDGE_LOOP('',(#5703,#5711,#5712,#5713));
#5703 = ORIENTED_EDGE('',*,*,#5704,.F.);
#5704 = EDGE_CURVE('',#5586,#5705,#5707,.T.);
#5705 = VERTEX_POINT('',#5706);
#5706 = CARTESIAN_POINT('',(367.5,182.5,150.));
#5707 = LINE('',#5708,#5709);
#5708 = CARTESIAN_POINT('',(332.5,182.5,150.));
#5709 = VECTOR('',#5710,1.);
#5710 = DIRECTION('',(1.,0.,0.));
#5711 = ORIENTED_EDGE('',*,*,#5593,.T.);
#5712 = ORIENTED_EDGE('',*,*,#5690,.T.);
#5713 = ORIENTED_EDGE('',*,*,#5714,.F.);
#5714 = EDGE_CURVE('',#5705,#5683,#5715,.T.);
#5715 = LINE('',#5716,#5717);
#5716 = CARTESIAN_POINT('',(367.5,182.5,150.));
#5717 = VECTOR('',#5718,1.);
#5718 = DIRECTION('',(0.,0.,1.));
#5719 = FACE_BOUND('',#5720,.T.);
#5720 = EDGE_LOOP('',(#5721,#5731,#5739,#5747));
#5721 = ORIENTED_EDGE('',*,*,#5722,.F.);
#5722 = EDGE_CURVE('',#5723,#5725,#5727,.T.);
#5723 = VERTEX_POINT('',#5724);
#5724 = CARTESIAN_POINT('',(335.5,182.5,153.));
#5725 = VERTEX_POINT('',#5726);
#5726 = CARTESIAN_POINT('',(335.5,182.5,182.));
#5727 = LINE('',#5728,#5729);
#5728 = CARTESIAN_POINT('',(335.5,182.5,153.));
#5729 = VECTOR('',#5730,1.);
#5730 = DIRECTION('',(0.,0.,1.));
#5731 = ORIENTED_EDGE('',*,*,#5732,.T.);
#5732 = EDGE_CURVE('',#5723,#5733,#5735,.T.);
#5733 = VERTEX_POINT('',#5734);
#5734 = CARTESIAN_POINT('',(364.5,182.5,153.));
#5735 = LINE('',#5736,#5737);
#5736 = CARTESIAN_POINT('',(335.5,182.5,153.));
#5737 = VECTOR('',#5738,1.);
#5738 = DIRECTION('',(1.,0.,0.));
#5739 = ORIENTED_EDGE('',*,*,#5740,.T.);
#5740 = EDGE_CURVE('',#5733,#5741,#5743,.T.);
#5741 = VERTEX_POINT('',#5742);
#5742 = CARTESIAN_POINT('',(364.5,182.5,182.));
#5743 = LINE('',#5744,#5745);
#5744 = CARTESIAN_POINT('',(364.5,182.5,153.));
#5745 = VECTOR('',#5746,1.);
#5746 = DIRECTION('',(0.,0.,1.));
#5747 = ORIENTED_EDGE('',*,*,#5748,.F.);
#5748 = EDGE_CURVE('',#5725,#5741,#5749,.T.);
#5749 = LINE('',#5750,#5751);
#5750 = CARTESIAN_POINT('',(335.5,182.5,182.));
#5751 = VECTOR('',#5752,1.);
#5752 = DIRECTION('',(1.,0.,0.));
#5753 = PLANE('',#5754);
#5754 = AXIS2_PLACEMENT_3D('',#5755,#5756,#5757);
#5755 = CARTESIAN_POINT('',(332.5,182.5,150.));
#5756 = DIRECTION('',(0.,1.,0.));
#5757 = DIRECTION('',(0.,0.,1.));
#5758 = ADVANCED_FACE('',(#5759),#5770,.F.);
#5759 = FACE_BOUND('',#5760,.F.);
#5760 = EDGE_LOOP('',(#5761,#5762,#5763,#5769));
#5761 = ORIENTED_EDGE('',*,*,#5585,.F.);
#5762 = ORIENTED_EDGE('',*,*,#5615,.T.);
#5763 = ORIENTED_EDGE('',*,*,#5764,.T.);
#5764 = EDGE_CURVE('',#5616,#5705,#5765,.T.);
#5765 = LINE('',#5766,#5767);
#5766 = CARTESIAN_POINT('',(367.5,-182.5,150.));
#5767 = VECTOR('',#5768,1.);
#5768 = DIRECTION('',(0.,1.,0.));
#5769 = ORIENTED_EDGE('',*,*,#5704,.F.);
#5770 = PLANE('',#5771);
#5771 = AXIS2_PLACEMENT_3D('',#5772,#5773,#5774);
#5772 = CARTESIAN_POINT('',(332.5,-182.5,150.));
#5773 = DIRECTION('',(0.,0.,1.));
#5774 = DIRECTION('',(1.,0.,0.));
#5775 = ADVANCED_FACE('',(#5776),#5782,.T.);
#5776 = FACE_BOUND('',#5777,.T.);
#5777 = EDGE_LOOP('',(#5778,#5779,#5780,#5781));
#5778 = ORIENTED_EDGE('',*,*,#5632,.F.);
#5779 = ORIENTED_EDGE('',*,*,#5764,.T.);
#5780 = ORIENTED_EDGE('',*,*,#5714,.T.);
#5781 = ORIENTED_EDGE('',*,*,#5682,.F.);
#5782 = PLANE('',#5783);
#5783 = AXIS2_PLACEMENT_3D('',#5784,#5785,#5786);
#5784 = CARTESIAN_POINT('',(367.5,-182.5,150.));
#5785 = DIRECTION('',(1.,0.,0.));
#5786 = DIRECTION('',(0.,0.,1.));
#5787 = ADVANCED_FACE('',(#5788),#5804,.T.);
#5788 = FACE_BOUND('',#5789,.T.);
#5789 = EDGE_LOOP('',(#5790,#5791,#5797,#5798));
#5790 = ORIENTED_EDGE('',*,*,#5640,.F.);
#5791 = ORIENTED_EDGE('',*,*,#5792,.T.);
#5792 = EDGE_CURVE('',#5641,#5723,#5793,.T.);
#5793 = LINE('',#5794,#5795);
#5794 = CARTESIAN_POINT('',(335.5,-182.5,153.));
#5795 = VECTOR('',#5796,1.);
#5796 = DIRECTION('',(0.,1.,0.));
#5797 = ORIENTED_EDGE('',*,*,#5722,.T.);
#5798 = ORIENTED_EDGE('',*,*,#5799,.F.);
#5799 = EDGE_CURVE('',#5643,#5725,#5800,.T.);
#5800 = LINE('',#5801,#5802);
#5801 = CARTESIAN_POINT('',(335.5,-182.5,182.));
#5802 = VECTOR('',#5803,1.);
#5803 = DIRECTION('',(0.,1.,0.));
#5804 = PLANE('',#5805);
#5805 = AXIS2_PLACEMENT_3D('',#5806,#5807,#5808);
#5806 = CARTESIAN_POINT('',(335.5,-182.5,153.));
#5807 = DIRECTION('',(1.,0.,0.));
#5808 = DIRECTION('',(0.,0.,1.));
#5809 = ADVANCED_FACE('',(#5810),#5821,.F.);
#5810 = FACE_BOUND('',#5811,.F.);
#5811 = EDGE_LOOP('',(#5812,#5813,#5814,#5820));
#5812 = ORIENTED_EDGE('',*,*,#5799,.F.);
#5813 = ORIENTED_EDGE('',*,*,#5666,.T.);
#5814 = ORIENTED_EDGE('',*,*,#5815,.T.);
#5815 = EDGE_CURVE('',#5659,#5741,#5816,.T.);
#5816 = LINE('',#5817,#5818);
#5817 = CARTESIAN_POINT('',(364.5,-182.5,182.));
#5818 = VECTOR('',#5819,1.);
#5819 = DIRECTION('',(0.,1.,0.));
#5820 = ORIENTED_EDGE('',*,*,#5748,.F.);
#5821 = PLANE('',#5822);
#5822 = AXIS2_PLACEMENT_3D('',#5823,#5824,#5825);
#5823 = CARTESIAN_POINT('',(335.5,-182.5,182.));
#5824 = DIRECTION('',(0.,0.,1.));
#5825 = DIRECTION('',(1.,0.,0.));
#5826 = ADVANCED_FACE('',(#5827),#5838,.F.);
#5827 = FACE_BOUND('',#5828,.F.);
#5828 = EDGE_LOOP('',(#5829,#5830,#5836,#5837));
#5829 = ORIENTED_EDGE('',*,*,#5658,.F.);
#5830 = ORIENTED_EDGE('',*,*,#5831,.T.);
#5831 = EDGE_CURVE('',#5651,#5733,#5832,.T.);
#5832 = LINE('',#5833,#5834);
#5833 = CARTESIAN_POINT('',(364.5,-182.5,153.));
#5834 = VECTOR('',#5835,1.);
#5835 = DIRECTION('',(0.,1.,0.));
#5836 = ORIENTED_EDGE('',*,*,#5740,.T.);
#5837 = ORIENTED_EDGE('',*,*,#5815,.F.);
#5838 = PLANE('',#5839);
#5839 = AXIS2_PLACEMENT_3D('',#5840,#5841,#5842);
#5840 = CARTESIAN_POINT('',(364.5,-182.5,153.));
#5841 = DIRECTION('',(1.,0.,0.));
#5842 = DIRECTION('',(0.,0.,1.));
#5843 = ADVANCED_FACE('',(#5844),#5850,.T.);
#5844 = FACE_BOUND('',#5845,.T.);
#5845 = EDGE_LOOP('',(#5846,#5847,#5848,#5849));
#5846 = ORIENTED_EDGE('',*,*,#5792,.F.);
#5847 = ORIENTED_EDGE('',*,*,#5650,.T.);
#5848 = ORIENTED_EDGE('',*,*,#5831,.T.);
#5849 = ORIENTED_EDGE('',*,*,#5732,.F.);
#5850 = PLANE('',#5851);
#5851 = AXIS2_PLACEMENT_3D('',#5852,#5853,#5854);
#5852 = CARTESIAN_POINT('',(335.5,-182.5,153.));
#5853 = DIRECTION('',(0.,0.,1.));
#5854 = DIRECTION('',(1.,0.,0.));
#5855 = MANIFOLD_SOLID_BREP('',#5856);
#5856 = CLOSED_SHELL('',(#5857,#5897,#5962,#5986,#6044,#6061,#6073,#6095
    ,#6112,#6129));
#5857 = ADVANCED_FACE('',(#5858),#5892,.F.);
#5858 = FACE_BOUND('',#5859,.F.);
#5859 = EDGE_LOOP('',(#5860,#5870,#5878,#5886));
#5860 = ORIENTED_EDGE('',*,*,#5861,.F.);
#5861 = EDGE_CURVE('',#5862,#5864,#5866,.T.);
#5862 = VERTEX_POINT('',#5863);
#5863 = CARTESIAN_POINT('',(-367.5,-182.5,410.));
#5864 = VERTEX_POINT('',#5865);
#5865 = CARTESIAN_POINT('',(-367.5,-182.5,445.));
#5866 = LINE('',#5867,#5868);
#5867 = CARTESIAN_POINT('',(-367.5,-182.5,410.));
#5868 = VECTOR('',#5869,1.);
#5869 = DIRECTION('',(0.,0.,1.));
#5870 = ORIENTED_EDGE('',*,*,#5871,.T.);
#5871 = EDGE_CURVE('',#5862,#5872,#5874,.T.);
#5872 = VERTEX_POINT('',#5873);
#5873 = CARTESIAN_POINT('',(-367.5,182.5,410.));
#5874 = LINE('',#5875,#5876);
#5875 = CARTESIAN_POINT('',(-367.5,-182.5,410.));
#5876 = VECTOR('',#5877,1.);
#5877 = DIRECTION('',(0.,1.,0.));
#5878 = ORIENTED_EDGE('',*,*,#5879,.T.);
#5879 = EDGE_CURVE('',#5872,#5880,#5882,.T.);
#5880 = VERTEX_POINT('',#5881);
#5881 = CARTESIAN_POINT('',(-367.5,182.5,445.));
#5882 = LINE('',#5883,#5884);
#5883 = CARTESIAN_POINT('',(-367.5,182.5,410.));
#5884 = VECTOR('',#5885,1.);
#5885 = DIRECTION('',(0.,0.,1.));
#5886 = ORIENTED_EDGE('',*,*,#5887,.F.);
#5887 = EDGE_CURVE('',#5864,#5880,#5888,.T.);
#5888 = LINE('',#5889,#5890);
#5889 = CARTESIAN_POINT('',(-367.5,-182.5,445.));
#5890 = VECTOR('',#5891,1.);
#5891 = DIRECTION('',(0.,1.,0.));
#5892 = PLANE('',#5893);
#5893 = AXIS2_PLACEMENT_3D('',#5894,#5895,#5896);
#5894 = CARTESIAN_POINT('',(-367.5,-182.5,410.));
#5895 = DIRECTION('',(1.,0.,0.));
#5896 = DIRECTION('',(0.,0.,1.));
#5897 = ADVANCED_FACE('',(#5898,#5923),#5957,.F.);
#5898 = FACE_BOUND('',#5899,.F.);
#5899 = EDGE_LOOP('',(#5900,#5908,#5909,#5917));
#5900 = ORIENTED_EDGE('',*,*,#5901,.F.);
#5901 = EDGE_CURVE('',#5862,#5902,#5904,.T.);
#5902 = VERTEX_POINT('',#5903);
#5903 = CARTESIAN_POINT('',(-332.5,-182.5,410.));
#5904 = LINE('',#5905,#5906);
#5905 = CARTESIAN_POINT('',(-367.5,-182.5,410.));
#5906 = VECTOR('',#5907,1.);
#5907 = DIRECTION('',(1.,0.,0.));
#5908 = ORIENTED_EDGE('',*,*,#5861,.T.);
#5909 = ORIENTED_EDGE('',*,*,#5910,.T.);
#5910 = EDGE_CURVE('',#5864,#5911,#5913,.T.);
#5911 = VERTEX_POINT('',#5912);
#5912 = CARTESIAN_POINT('',(-332.5,-182.5,445.));
#5913 = LINE('',#5914,#5915);
#5914 = CARTESIAN_POINT('',(-367.5,-182.5,445.));
#5915 = VECTOR('',#5916,1.);
#5916 = DIRECTION('',(1.,0.,0.));
#5917 = ORIENTED_EDGE('',*,*,#5918,.F.);
#5918 = EDGE_CURVE('',#5902,#5911,#5919,.T.);
#5919 = LINE('',#5920,#5921);
#5920 = CARTESIAN_POINT('',(-332.5,-182.5,410.));
#5921 = VECTOR('',#5922,1.);
#5922 = DIRECTION('',(0.,0.,1.));
#5923 = FACE_BOUND('',#5924,.F.);
#5924 = EDGE_LOOP('',(#5925,#5935,#5943,#5951));
#5925 = ORIENTED_EDGE('',*,*,#5926,.F.);
#5926 = EDGE_CURVE('',#5927,#5929,#5931,.T.);
#5927 = VERTEX_POINT('',#5928);
#5928 = CARTESIAN_POINT('',(-364.5,-182.5,413.));
#5929 = VERTEX_POINT('',#5930);
#5930 = CARTESIAN_POINT('',(-364.5,-182.5,442.));
#5931 = LINE('',#5932,#5933);
#5932 = CARTESIAN_POINT('',(-364.5,-182.5,413.));
#5933 = VECTOR('',#5934,1.);
#5934 = DIRECTION('',(0.,0.,1.));
#5935 = ORIENTED_EDGE('',*,*,#5936,.T.);
#5936 = EDGE_CURVE('',#5927,#5937,#5939,.T.);
#5937 = VERTEX_POINT('',#5938);
#5938 = CARTESIAN_POINT('',(-335.5,-182.5,413.));
#5939 = LINE('',#5940,#5941);
#5940 = CARTESIAN_POINT('',(-364.5,-182.5,413.));
#5941 = VECTOR('',#5942,1.);
#5942 = DIRECTION('',(1.,0.,0.));
#5943 = ORIENTED_EDGE('',*,*,#5944,.T.);
#5944 = EDGE_CURVE('',#5937,#5945,#5947,.T.);
#5945 = VERTEX_POINT('',#5946);
#5946 = CARTESIAN_POINT('',(-335.5,-182.5,442.));
#5947 = LINE('',#5948,#5949);
#5948 = CARTESIAN_POINT('',(-335.5,-182.5,413.));
#5949 = VECTOR('',#5950,1.);
#5950 = DIRECTION('',(0.,0.,1.));
#5951 = ORIENTED_EDGE('',*,*,#5952,.F.);
#5952 = EDGE_CURVE('',#5929,#5945,#5953,.T.);
#5953 = LINE('',#5954,#5955);
#5954 = CARTESIAN_POINT('',(-364.5,-182.5,442.));
#5955 = VECTOR('',#5956,1.);
#5956 = DIRECTION('',(1.,0.,0.));
#5957 = PLANE('',#5958);
#5958 = AXIS2_PLACEMENT_3D('',#5959,#5960,#5961);
#5959 = CARTESIAN_POINT('',(-367.5,-182.5,410.));
#5960 = DIRECTION('',(0.,1.,0.));
#5961 = DIRECTION('',(0.,0.,1.));
#5962 = ADVANCED_FACE('',(#5963),#5981,.T.);
#5963 = FACE_BOUND('',#5964,.T.);
#5964 = EDGE_LOOP('',(#5965,#5966,#5967,#5975));
#5965 = ORIENTED_EDGE('',*,*,#5887,.F.);
#5966 = ORIENTED_EDGE('',*,*,#5910,.T.);
#5967 = ORIENTED_EDGE('',*,*,#5968,.T.);
#5968 = EDGE_CURVE('',#5911,#5969,#5971,.T.);
#5969 = VERTEX_POINT('',#5970);
#5970 = CARTESIAN_POINT('',(-332.5,182.5,445.));
#5971 = LINE('',#5972,#5973);
#5972 = CARTESIAN_POINT('',(-332.5,-182.5,445.));
#5973 = VECTOR('',#5974,1.);
#5974 = DIRECTION('',(0.,1.,0.));
#5975 = ORIENTED_EDGE('',*,*,#5976,.F.);
#5976 = EDGE_CURVE('',#5880,#5969,#5977,.T.);
#5977 = LINE('',#5978,#5979);
#5978 = CARTESIAN_POINT('',(-367.5,182.5,445.));
#5979 = VECTOR('',#5980,1.);
#5980 = DIRECTION('',(1.,0.,0.));
#5981 = PLANE('',#5982);
#5982 = AXIS2_PLACEMENT_3D('',#5983,#5984,#5985);
#5983 = CARTESIAN_POINT('',(-367.5,-182.5,445.));
#5984 = DIRECTION('',(0.,0.,1.));
#5985 = DIRECTION('',(1.,0.,0.));
#5986 = ADVANCED_FACE('',(#5987,#6005),#6039,.T.);
#5987 = FACE_BOUND('',#5988,.T.);
#5988 = EDGE_LOOP('',(#5989,#5997,#5998,#5999));
#5989 = ORIENTED_EDGE('',*,*,#5990,.F.);
#5990 = EDGE_CURVE('',#5872,#5991,#5993,.T.);
#5991 = VERTEX_POINT('',#5992);
#5992 = CARTESIAN_POINT('',(-332.5,182.5,410.));
#5993 = LINE('',#5994,#5995);
#5994 = CARTESIAN_POINT('',(-367.5,182.5,410.));
#5995 = VECTOR('',#5996,1.);
#5996 = DIRECTION('',(1.,0.,0.));
#5997 = ORIENTED_EDGE('',*,*,#5879,.T.);
#5998 = ORIENTED_EDGE('',*,*,#5976,.T.);
#5999 = ORIENTED_EDGE('',*,*,#6000,.F.);
#6000 = EDGE_CURVE('',#5991,#5969,#6001,.T.);
#6001 = LINE('',#6002,#6003);
#6002 = CARTESIAN_POINT('',(-332.5,182.5,410.));
#6003 = VECTOR('',#6004,1.);
#6004 = DIRECTION('',(0.,0.,1.));
#6005 = FACE_BOUND('',#6006,.T.);
#6006 = EDGE_LOOP('',(#6007,#6017,#6025,#6033));
#6007 = ORIENTED_EDGE('',*,*,#6008,.F.);
#6008 = EDGE_CURVE('',#6009,#6011,#6013,.T.);
#6009 = VERTEX_POINT('',#6010);
#6010 = CARTESIAN_POINT('',(-364.5,182.5,413.));
#6011 = VERTEX_POINT('',#6012);
#6012 = CARTESIAN_POINT('',(-364.5,182.5,442.));
#6013 = LINE('',#6014,#6015);
#6014 = CARTESIAN_POINT('',(-364.5,182.5,413.));
#6015 = VECTOR('',#6016,1.);
#6016 = DIRECTION('',(0.,0.,1.));
#6017 = ORIENTED_EDGE('',*,*,#6018,.T.);
#6018 = EDGE_CURVE('',#6009,#6019,#6021,.T.);
#6019 = VERTEX_POINT('',#6020);
#6020 = CARTESIAN_POINT('',(-335.5,182.5,413.));
#6021 = LINE('',#6022,#6023);
#6022 = CARTESIAN_POINT('',(-364.5,182.5,413.));
#6023 = VECTOR('',#6024,1.);
#6024 = DIRECTION('',(1.,0.,0.));
#6025 = ORIENTED_EDGE('',*,*,#6026,.T.);
#6026 = EDGE_CURVE('',#6019,#6027,#6029,.T.);
#6027 = VERTEX_POINT('',#6028);
#6028 = CARTESIAN_POINT('',(-335.5,182.5,442.));
#6029 = LINE('',#6030,#6031);
#6030 = CARTESIAN_POINT('',(-335.5,182.5,413.));
#6031 = VECTOR('',#6032,1.);
#6032 = DIRECTION('',(0.,0.,1.));
#6033 = ORIENTED_EDGE('',*,*,#6034,.F.);
#6034 = EDGE_CURVE('',#6011,#6027,#6035,.T.);
#6035 = LINE('',#6036,#6037);
#6036 = CARTESIAN_POINT('',(-364.5,182.5,442.));
#6037 = VECTOR('',#6038,1.);
#6038 = DIRECTION('',(1.,0.,0.));
#6039 = PLANE('',#6040);
#6040 = AXIS2_PLACEMENT_3D('',#6041,#6042,#6043);
#6041 = CARTESIAN_POINT('',(-367.5,182.5,410.));
#6042 = DIRECTION('',(0.,1.,0.));
#6043 = DIRECTION('',(0.,0.,1.));
#6044 = ADVANCED_FACE('',(#6045),#6056,.F.);
#6045 = FACE_BOUND('',#6046,.F.);
#6046 = EDGE_LOOP('',(#6047,#6048,#6049,#6055));
#6047 = ORIENTED_EDGE('',*,*,#5871,.F.);
#6048 = ORIENTED_EDGE('',*,*,#5901,.T.);
#6049 = ORIENTED_EDGE('',*,*,#6050,.T.);
#6050 = EDGE_CURVE('',#5902,#5991,#6051,.T.);
#6051 = LINE('',#6052,#6053);
#6052 = CARTESIAN_POINT('',(-332.5,-182.5,410.));
#6053 = VECTOR('',#6054,1.);
#6054 = DIRECTION('',(0.,1.,0.));
#6055 = ORIENTED_EDGE('',*,*,#5990,.F.);
#6056 = PLANE('',#6057);
#6057 = AXIS2_PLACEMENT_3D('',#6058,#6059,#6060);
#6058 = CARTESIAN_POINT('',(-367.5,-182.5,410.));
#6059 = DIRECTION('',(0.,0.,1.));
#6060 = DIRECTION('',(1.,0.,0.));
#6061 = ADVANCED_FACE('',(#6062),#6068,.T.);
#6062 = FACE_BOUND('',#6063,.T.);
#6063 = EDGE_LOOP('',(#6064,#6065,#6066,#6067));
#6064 = ORIENTED_EDGE('',*,*,#5918,.F.);
#6065 = ORIENTED_EDGE('',*,*,#6050,.T.);
#6066 = ORIENTED_EDGE('',*,*,#6000,.T.);
#6067 = ORIENTED_EDGE('',*,*,#5968,.F.);
#6068 = PLANE('',#6069);
#6069 = AXIS2_PLACEMENT_3D('',#6070,#6071,#6072);
#6070 = CARTESIAN_POINT('',(-332.5,-182.5,410.));
#6071 = DIRECTION('',(1.,0.,0.));
#6072 = DIRECTION('',(0.,0.,1.));
#6073 = ADVANCED_FACE('',(#6074),#6090,.T.);
#6074 = FACE_BOUND('',#6075,.T.);
#6075 = EDGE_LOOP('',(#6076,#6077,#6083,#6084));
#6076 = ORIENTED_EDGE('',*,*,#5926,.F.);
#6077 = ORIENTED_EDGE('',*,*,#6078,.T.);
#6078 = EDGE_CURVE('',#5927,#6009,#6079,.T.);
#6079 = LINE('',#6080,#6081);
#6080 = CARTESIAN_POINT('',(-364.5,-182.5,413.));
#6081 = VECTOR('',#6082,1.);
#6082 = DIRECTION('',(0.,1.,0.));
#6083 = ORIENTED_EDGE('',*,*,#6008,.T.);
#6084 = ORIENTED_EDGE('',*,*,#6085,.F.);
#6085 = EDGE_CURVE('',#5929,#6011,#6086,.T.);
#6086 = LINE('',#6087,#6088);
#6087 = CARTESIAN_POINT('',(-364.5,-182.5,442.));
#6088 = VECTOR('',#6089,1.);
#6089 = DIRECTION('',(0.,1.,0.));
#6090 = PLANE('',#6091);
#6091 = AXIS2_PLACEMENT_3D('',#6092,#6093,#6094);
#6092 = CARTESIAN_POINT('',(-364.5,-182.5,413.));
#6093 = DIRECTION('',(1.,0.,0.));
#6094 = DIRECTION('',(0.,0.,1.));
#6095 = ADVANCED_FACE('',(#6096),#6107,.F.);
#6096 = FACE_BOUND('',#6097,.F.);
#6097 = EDGE_LOOP('',(#6098,#6099,#6100,#6106));
#6098 = ORIENTED_EDGE('',*,*,#6085,.F.);
#6099 = ORIENTED_EDGE('',*,*,#5952,.T.);
#6100 = ORIENTED_EDGE('',*,*,#6101,.T.);
#6101 = EDGE_CURVE('',#5945,#6027,#6102,.T.);
#6102 = LINE('',#6103,#6104);
#6103 = CARTESIAN_POINT('',(-335.5,-182.5,442.));
#6104 = VECTOR('',#6105,1.);
#6105 = DIRECTION('',(0.,1.,0.));
#6106 = ORIENTED_EDGE('',*,*,#6034,.F.);
#6107 = PLANE('',#6108);
#6108 = AXIS2_PLACEMENT_3D('',#6109,#6110,#6111);
#6109 = CARTESIAN_POINT('',(-364.5,-182.5,442.));
#6110 = DIRECTION('',(0.,0.,1.));
#6111 = DIRECTION('',(1.,0.,0.));
#6112 = ADVANCED_FACE('',(#6113),#6124,.F.);
#6113 = FACE_BOUND('',#6114,.F.);
#6114 = EDGE_LOOP('',(#6115,#6116,#6122,#6123));
#6115 = ORIENTED_EDGE('',*,*,#5944,.F.);
#6116 = ORIENTED_EDGE('',*,*,#6117,.T.);
#6117 = EDGE_CURVE('',#5937,#6019,#6118,.T.);
#6118 = LINE('',#6119,#6120);
#6119 = CARTESIAN_POINT('',(-335.5,-182.5,413.));
#6120 = VECTOR('',#6121,1.);
#6121 = DIRECTION('',(0.,1.,0.));
#6122 = ORIENTED_EDGE('',*,*,#6026,.T.);
#6123 = ORIENTED_EDGE('',*,*,#6101,.F.);
#6124 = PLANE('',#6125);
#6125 = AXIS2_PLACEMENT_3D('',#6126,#6127,#6128);
#6126 = CARTESIAN_POINT('',(-335.5,-182.5,413.));
#6127 = DIRECTION('',(1.,0.,0.));
#6128 = DIRECTION('',(0.,0.,1.));
#6129 = ADVANCED_FACE('',(#6130),#6136,.T.);
#6130 = FACE_BOUND('',#6131,.T.);
#6131 = EDGE_LOOP('',(#6132,#6133,#6134,#6135));
#6132 = ORIENTED_EDGE('',*,*,#6078,.F.);
#6133 = ORIENTED_EDGE('',*,*,#5936,.T.);
#6134 = ORIENTED_EDGE('',*,*,#6117,.T.);
#6135 = ORIENTED_EDGE('',*,*,#6018,.F.);
#6136 = PLANE('',#6137);
#6137 = AXIS2_PLACEMENT_3D('',#6138,#6139,#6140);
#6138 = CARTESIAN_POINT('',(-364.5,-182.5,413.));
#6139 = DIRECTION('',(0.,0.,1.));
#6140 = DIRECTION('',(1.,0.,0.));
#6141 = MANIFOLD_SOLID_BREP('',#6142);
#6142 = CLOSED_SHELL('',(#6143,#6183,#6248,#6272,#6330,#6347,#6359,#6381
    ,#6398,#6415));
#6143 = ADVANCED_FACE('',(#6144),#6178,.F.);
#6144 = FACE_BOUND('',#6145,.F.);
#6145 = EDGE_LOOP('',(#6146,#6156,#6164,#6172));
#6146 = ORIENTED_EDGE('',*,*,#6147,.F.);
#6147 = EDGE_CURVE('',#6148,#6150,#6152,.T.);
#6148 = VERTEX_POINT('',#6149);
#6149 = CARTESIAN_POINT('',(332.5,-182.5,410.));
#6150 = VERTEX_POINT('',#6151);
#6151 = CARTESIAN_POINT('',(332.5,-182.5,445.));
#6152 = LINE('',#6153,#6154);
#6153 = CARTESIAN_POINT('',(332.5,-182.5,410.));
#6154 = VECTOR('',#6155,1.);
#6155 = DIRECTION('',(0.,0.,1.));
#6156 = ORIENTED_EDGE('',*,*,#6157,.T.);
#6157 = EDGE_CURVE('',#6148,#6158,#6160,.T.);
#6158 = VERTEX_POINT('',#6159);
#6159 = CARTESIAN_POINT('',(332.5,182.5,410.));
#6160 = LINE('',#6161,#6162);
#6161 = CARTESIAN_POINT('',(332.5,-182.5,410.));
#6162 = VECTOR('',#6163,1.);
#6163 = DIRECTION('',(0.,1.,0.));
#6164 = ORIENTED_EDGE('',*,*,#6165,.T.);
#6165 = EDGE_CURVE('',#6158,#6166,#6168,.T.);
#6166 = VERTEX_POINT('',#6167);
#6167 = CARTESIAN_POINT('',(332.5,182.5,445.));
#6168 = LINE('',#6169,#6170);
#6169 = CARTESIAN_POINT('',(332.5,182.5,410.));
#6170 = VECTOR('',#6171,1.);
#6171 = DIRECTION('',(0.,0.,1.));
#6172 = ORIENTED_EDGE('',*,*,#6173,.F.);
#6173 = EDGE_CURVE('',#6150,#6166,#6174,.T.);
#6174 = LINE('',#6175,#6176);
#6175 = CARTESIAN_POINT('',(332.5,-182.5,445.));
#6176 = VECTOR('',#6177,1.);
#6177 = DIRECTION('',(0.,1.,0.));
#6178 = PLANE('',#6179);
#6179 = AXIS2_PLACEMENT_3D('',#6180,#6181,#6182);
#6180 = CARTESIAN_POINT('',(332.5,-182.5,410.));
#6181 = DIRECTION('',(1.,0.,0.));
#6182 = DIRECTION('',(0.,0.,1.));
#6183 = ADVANCED_FACE('',(#6184,#6209),#6243,.F.);
#6184 = FACE_BOUND('',#6185,.F.);
#6185 = EDGE_LOOP('',(#6186,#6194,#6195,#6203));
#6186 = ORIENTED_EDGE('',*,*,#6187,.F.);
#6187 = EDGE_CURVE('',#6148,#6188,#6190,.T.);
#6188 = VERTEX_POINT('',#6189);
#6189 = CARTESIAN_POINT('',(367.5,-182.5,410.));
#6190 = LINE('',#6191,#6192);
#6191 = CARTESIAN_POINT('',(332.5,-182.5,410.));
#6192 = VECTOR('',#6193,1.);
#6193 = DIRECTION('',(1.,0.,0.));
#6194 = ORIENTED_EDGE('',*,*,#6147,.T.);
#6195 = ORIENTED_EDGE('',*,*,#6196,.T.);
#6196 = EDGE_CURVE('',#6150,#6197,#6199,.T.);
#6197 = VERTEX_POINT('',#6198);
#6198 = CARTESIAN_POINT('',(367.5,-182.5,445.));
#6199 = LINE('',#6200,#6201);
#6200 = CARTESIAN_POINT('',(332.5,-182.5,445.));
#6201 = VECTOR('',#6202,1.);
#6202 = DIRECTION('',(1.,0.,0.));
#6203 = ORIENTED_EDGE('',*,*,#6204,.F.);
#6204 = EDGE_CURVE('',#6188,#6197,#6205,.T.);
#6205 = LINE('',#6206,#6207);
#6206 = CARTESIAN_POINT('',(367.5,-182.5,410.));
#6207 = VECTOR('',#6208,1.);
#6208 = DIRECTION('',(0.,0.,1.));
#6209 = FACE_BOUND('',#6210,.F.);
#6210 = EDGE_LOOP('',(#6211,#6221,#6229,#6237));
#6211 = ORIENTED_EDGE('',*,*,#6212,.F.);
#6212 = EDGE_CURVE('',#6213,#6215,#6217,.T.);
#6213 = VERTEX_POINT('',#6214);
#6214 = CARTESIAN_POINT('',(335.5,-182.5,413.));
#6215 = VERTEX_POINT('',#6216);
#6216 = CARTESIAN_POINT('',(335.5,-182.5,442.));
#6217 = LINE('',#6218,#6219);
#6218 = CARTESIAN_POINT('',(335.5,-182.5,413.));
#6219 = VECTOR('',#6220,1.);
#6220 = DIRECTION('',(0.,0.,1.));
#6221 = ORIENTED_EDGE('',*,*,#6222,.T.);
#6222 = EDGE_CURVE('',#6213,#6223,#6225,.T.);
#6223 = VERTEX_POINT('',#6224);
#6224 = CARTESIAN_POINT('',(364.5,-182.5,413.));
#6225 = LINE('',#6226,#6227);
#6226 = CARTESIAN_POINT('',(335.5,-182.5,413.));
#6227 = VECTOR('',#6228,1.);
#6228 = DIRECTION('',(1.,0.,0.));
#6229 = ORIENTED_EDGE('',*,*,#6230,.T.);
#6230 = EDGE_CURVE('',#6223,#6231,#6233,.T.);
#6231 = VERTEX_POINT('',#6232);
#6232 = CARTESIAN_POINT('',(364.5,-182.5,442.));
#6233 = LINE('',#6234,#6235);
#6234 = CARTESIAN_POINT('',(364.5,-182.5,413.));
#6235 = VECTOR('',#6236,1.);
#6236 = DIRECTION('',(0.,0.,1.));
#6237 = ORIENTED_EDGE('',*,*,#6238,.F.);
#6238 = EDGE_CURVE('',#6215,#6231,#6239,.T.);
#6239 = LINE('',#6240,#6241);
#6240 = CARTESIAN_POINT('',(335.5,-182.5,442.));
#6241 = VECTOR('',#6242,1.);
#6242 = DIRECTION('',(1.,0.,0.));
#6243 = PLANE('',#6244);
#6244 = AXIS2_PLACEMENT_3D('',#6245,#6246,#6247);
#6245 = CARTESIAN_POINT('',(332.5,-182.5,410.));
#6246 = DIRECTION('',(0.,1.,0.));
#6247 = DIRECTION('',(0.,0.,1.));
#6248 = ADVANCED_FACE('',(#6249),#6267,.T.);
#6249 = FACE_BOUND('',#6250,.T.);
#6250 = EDGE_LOOP('',(#6251,#6252,#6253,#6261));
#6251 = ORIENTED_EDGE('',*,*,#6173,.F.);
#6252 = ORIENTED_EDGE('',*,*,#6196,.T.);
#6253 = ORIENTED_EDGE('',*,*,#6254,.T.);
#6254 = EDGE_CURVE('',#6197,#6255,#6257,.T.);
#6255 = VERTEX_POINT('',#6256);
#6256 = CARTESIAN_POINT('',(367.5,182.5,445.));
#6257 = LINE('',#6258,#6259);
#6258 = CARTESIAN_POINT('',(367.5,-182.5,445.));
#6259 = VECTOR('',#6260,1.);
#6260 = DIRECTION('',(0.,1.,0.));
#6261 = ORIENTED_EDGE('',*,*,#6262,.F.);
#6262 = EDGE_CURVE('',#6166,#6255,#6263,.T.);
#6263 = LINE('',#6264,#6265);
#6264 = CARTESIAN_POINT('',(332.5,182.5,445.));
#6265 = VECTOR('',#6266,1.);
#6266 = DIRECTION('',(1.,0.,0.));
#6267 = PLANE('',#6268);
#6268 = AXIS2_PLACEMENT_3D('',#6269,#6270,#6271);
#6269 = CARTESIAN_POINT('',(332.5,-182.5,445.));
#6270 = DIRECTION('',(0.,0.,1.));
#6271 = DIRECTION('',(1.,0.,0.));
#6272 = ADVANCED_FACE('',(#6273,#6291),#6325,.T.);
#6273 = FACE_BOUND('',#6274,.T.);
#6274 = EDGE_LOOP('',(#6275,#6283,#6284,#6285));
#6275 = ORIENTED_EDGE('',*,*,#6276,.F.);
#6276 = EDGE_CURVE('',#6158,#6277,#6279,.T.);
#6277 = VERTEX_POINT('',#6278);
#6278 = CARTESIAN_POINT('',(367.5,182.5,410.));
#6279 = LINE('',#6280,#6281);
#6280 = CARTESIAN_POINT('',(332.5,182.5,410.));
#6281 = VECTOR('',#6282,1.);
#6282 = DIRECTION('',(1.,0.,0.));
#6283 = ORIENTED_EDGE('',*,*,#6165,.T.);
#6284 = ORIENTED_EDGE('',*,*,#6262,.T.);
#6285 = ORIENTED_EDGE('',*,*,#6286,.F.);
#6286 = EDGE_CURVE('',#6277,#6255,#6287,.T.);
#6287 = LINE('',#6288,#6289);
#6288 = CARTESIAN_POINT('',(367.5,182.5,410.));
#6289 = VECTOR('',#6290,1.);
#6290 = DIRECTION('',(0.,0.,1.));
#6291 = FACE_BOUND('',#6292,.T.);
#6292 = EDGE_LOOP('',(#6293,#6303,#6311,#6319));
#6293 = ORIENTED_EDGE('',*,*,#6294,.F.);
#6294 = EDGE_CURVE('',#6295,#6297,#6299,.T.);
#6295 = VERTEX_POINT('',#6296);
#6296 = CARTESIAN_POINT('',(335.5,182.5,413.));
#6297 = VERTEX_POINT('',#6298);
#6298 = CARTESIAN_POINT('',(335.5,182.5,442.));
#6299 = LINE('',#6300,#6301);
#6300 = CARTESIAN_POINT('',(335.5,182.5,413.));
#6301 = VECTOR('',#6302,1.);
#6302 = DIRECTION('',(0.,0.,1.));
#6303 = ORIENTED_EDGE('',*,*,#6304,.T.);
#6304 = EDGE_CURVE('',#6295,#6305,#6307,.T.);
#6305 = VERTEX_POINT('',#6306);
#6306 = CARTESIAN_POINT('',(364.5,182.5,413.));
#6307 = LINE('',#6308,#6309);
#6308 = CARTESIAN_POINT('',(335.5,182.5,413.));
#6309 = VECTOR('',#6310,1.);
#6310 = DIRECTION('',(1.,0.,0.));
#6311 = ORIENTED_EDGE('',*,*,#6312,.T.);
#6312 = EDGE_CURVE('',#6305,#6313,#6315,.T.);
#6313 = VERTEX_POINT('',#6314);
#6314 = CARTESIAN_POINT('',(364.5,182.5,442.));
#6315 = LINE('',#6316,#6317);
#6316 = CARTESIAN_POINT('',(364.5,182.5,413.));
#6317 = VECTOR('',#6318,1.);
#6318 = DIRECTION('',(0.,0.,1.));
#6319 = ORIENTED_EDGE('',*,*,#6320,.F.);
#6320 = EDGE_CURVE('',#6297,#6313,#6321,.T.);
#6321 = LINE('',#6322,#6323);
#6322 = CARTESIAN_POINT('',(335.5,182.5,442.));
#6323 = VECTOR('',#6324,1.);
#6324 = DIRECTION('',(1.,0.,0.));
#6325 = PLANE('',#6326);
#6326 = AXIS2_PLACEMENT_3D('',#6327,#6328,#6329);
#6327 = CARTESIAN_POINT('',(332.5,182.5,410.));
#6328 = DIRECTION('',(0.,1.,0.));
#6329 = DIRECTION('',(0.,0.,1.));
#6330 = ADVANCED_FACE('',(#6331),#6342,.F.);
#6331 = FACE_BOUND('',#6332,.F.);
#6332 = EDGE_LOOP('',(#6333,#6334,#6335,#6341));
#6333 = ORIENTED_EDGE('',*,*,#6157,.F.);
#6334 = ORIENTED_EDGE('',*,*,#6187,.T.);
#6335 = ORIENTED_EDGE('',*,*,#6336,.T.);
#6336 = EDGE_CURVE('',#6188,#6277,#6337,.T.);
#6337 = LINE('',#6338,#6339);
#6338 = CARTESIAN_POINT('',(367.5,-182.5,410.));
#6339 = VECTOR('',#6340,1.);
#6340 = DIRECTION('',(0.,1.,0.));
#6341 = ORIENTED_EDGE('',*,*,#6276,.F.);
#6342 = PLANE('',#6343);
#6343 = AXIS2_PLACEMENT_3D('',#6344,#6345,#6346);
#6344 = CARTESIAN_POINT('',(332.5,-182.5,410.));
#6345 = DIRECTION('',(0.,0.,1.));
#6346 = DIRECTION('',(1.,0.,0.));
#6347 = ADVANCED_FACE('',(#6348),#6354,.T.);
#6348 = FACE_BOUND('',#6349,.T.);
#6349 = EDGE_LOOP('',(#6350,#6351,#6352,#6353));
#6350 = ORIENTED_EDGE('',*,*,#6204,.F.);
#6351 = ORIENTED_EDGE('',*,*,#6336,.T.);
#6352 = ORIENTED_EDGE('',*,*,#6286,.T.);
#6353 = ORIENTED_EDGE('',*,*,#6254,.F.);
#6354 = PLANE('',#6355);
#6355 = AXIS2_PLACEMENT_3D('',#6356,#6357,#6358);
#6356 = CARTESIAN_POINT('',(367.5,-182.5,410.));
#6357 = DIRECTION('',(1.,0.,0.));
#6358 = DIRECTION('',(0.,0.,1.));
#6359 = ADVANCED_FACE('',(#6360),#6376,.T.);
#6360 = FACE_BOUND('',#6361,.T.);
#6361 = EDGE_LOOP('',(#6362,#6363,#6369,#6370));
#6362 = ORIENTED_EDGE('',*,*,#6212,.F.);
#6363 = ORIENTED_EDGE('',*,*,#6364,.T.);
#6364 = EDGE_CURVE('',#6213,#6295,#6365,.T.);
#6365 = LINE('',#6366,#6367);
#6366 = CARTESIAN_POINT('',(335.5,-182.5,413.));
#6367 = VECTOR('',#6368,1.);
#6368 = DIRECTION('',(0.,1.,0.));
#6369 = ORIENTED_EDGE('',*,*,#6294,.T.);
#6370 = ORIENTED_EDGE('',*,*,#6371,.F.);
#6371 = EDGE_CURVE('',#6215,#6297,#6372,.T.);
#6372 = LINE('',#6373,#6374);
#6373 = CARTESIAN_POINT('',(335.5,-182.5,442.));
#6374 = VECTOR('',#6375,1.);
#6375 = DIRECTION('',(0.,1.,0.));
#6376 = PLANE('',#6377);
#6377 = AXIS2_PLACEMENT_3D('',#6378,#6379,#6380);
#6378 = CARTESIAN_POINT('',(335.5,-182.5,413.));
#6379 = DIRECTION('',(1.,0.,0.));
#6380 = DIRECTION('',(0.,0.,1.));
#6381 = ADVANCED_FACE('',(#6382),#6393,.F.);
#6382 = FACE_BOUND('',#6383,.F.);
#6383 = EDGE_LOOP('',(#6384,#6385,#6386,#6392));
#6384 = ORIENTED_EDGE('',*,*,#6371,.F.);
#6385 = ORIENTED_EDGE('',*,*,#6238,.T.);
#6386 = ORIENTED_EDGE('',*,*,#6387,.T.);
#6387 = EDGE_CURVE('',#6231,#6313,#6388,.T.);
#6388 = LINE('',#6389,#6390);
#6389 = CARTESIAN_POINT('',(364.5,-182.5,442.));
#6390 = VECTOR('',#6391,1.);
#6391 = DIRECTION('',(0.,1.,0.));
#6392 = ORIENTED_EDGE('',*,*,#6320,.F.);
#6393 = PLANE('',#6394);
#6394 = AXIS2_PLACEMENT_3D('',#6395,#6396,#6397);
#6395 = CARTESIAN_POINT('',(335.5,-182.5,442.));
#6396 = DIRECTION('',(0.,0.,1.));
#6397 = DIRECTION('',(1.,0.,0.));
#6398 = ADVANCED_FACE('',(#6399),#6410,.F.);
#6399 = FACE_BOUND('',#6400,.F.);
#6400 = EDGE_LOOP('',(#6401,#6402,#6408,#6409));
#6401 = ORIENTED_EDGE('',*,*,#6230,.F.);
#6402 = ORIENTED_EDGE('',*,*,#6403,.T.);
#6403 = EDGE_CURVE('',#6223,#6305,#6404,.T.);
#6404 = LINE('',#6405,#6406);
#6405 = CARTESIAN_POINT('',(364.5,-182.5,413.));
#6406 = VECTOR('',#6407,1.);
#6407 = DIRECTION('',(0.,1.,0.));
#6408 = ORIENTED_EDGE('',*,*,#6312,.T.);
#6409 = ORIENTED_EDGE('',*,*,#6387,.F.);
#6410 = PLANE('',#6411);
#6411 = AXIS2_PLACEMENT_3D('',#6412,#6413,#6414);
#6412 = CARTESIAN_POINT('',(364.5,-182.5,413.));
#6413 = DIRECTION('',(1.,0.,0.));
#6414 = DIRECTION('',(0.,0.,1.));
#6415 = ADVANCED_FACE('',(#6416),#6422,.T.);
#6416 = FACE_BOUND('',#6417,.T.);
#6417 = EDGE_LOOP('',(#6418,#6419,#6420,#6421));
#6418 = ORIENTED_EDGE('',*,*,#6364,.F.);
#6419 = ORIENTED_EDGE('',*,*,#6222,.T.);
#6420 = ORIENTED_EDGE('',*,*,#6403,.T.);
#6421 = ORIENTED_EDGE('',*,*,#6304,.F.);
#6422 = PLANE('',#6423);
#6423 = AXIS2_PLACEMENT_3D('',#6424,#6425,#6426);
#6424 = CARTESIAN_POINT('',(335.5,-182.5,413.));
#6425 = DIRECTION('',(0.,0.,1.));
#6426 = DIRECTION('',(1.,0.,0.));
#6427 = MANIFOLD_SOLID_BREP('',#6428);
#6428 = CLOSED_SHELL('',(#6429,#6469,#6534,#6558,#6616,#6633,#6645,#6667
    ,#6684,#6701));
#6429 = ADVANCED_FACE('',(#6430),#6464,.F.);
#6430 = FACE_BOUND('',#6431,.F.);
#6431 = EDGE_LOOP('',(#6432,#6442,#6450,#6458));
#6432 = ORIENTED_EDGE('',*,*,#6433,.F.);
#6433 = EDGE_CURVE('',#6434,#6436,#6438,.T.);
#6434 = VERTEX_POINT('',#6435);
#6435 = CARTESIAN_POINT('',(-367.5,-182.5,605.));
#6436 = VERTEX_POINT('',#6437);
#6437 = CARTESIAN_POINT('',(-367.5,-182.5,640.));
#6438 = LINE('',#6439,#6440);
#6439 = CARTESIAN_POINT('',(-367.5,-182.5,605.));
#6440 = VECTOR('',#6441,1.);
#6441 = DIRECTION('',(0.,0.,1.));
#6442 = ORIENTED_EDGE('',*,*,#6443,.T.);
#6443 = EDGE_CURVE('',#6434,#6444,#6446,.T.);
#6444 = VERTEX_POINT('',#6445);
#6445 = CARTESIAN_POINT('',(-367.5,182.5,605.));
#6446 = LINE('',#6447,#6448);
#6447 = CARTESIAN_POINT('',(-367.5,-182.5,605.));
#6448 = VECTOR('',#6449,1.);
#6449 = DIRECTION('',(0.,1.,0.));
#6450 = ORIENTED_EDGE('',*,*,#6451,.T.);
#6451 = EDGE_CURVE('',#6444,#6452,#6454,.T.);
#6452 = VERTEX_POINT('',#6453);
#6453 = CARTESIAN_POINT('',(-367.5,182.5,640.));
#6454 = LINE('',#6455,#6456);
#6455 = CARTESIAN_POINT('',(-367.5,182.5,605.));
#6456 = VECTOR('',#6457,1.);
#6457 = DIRECTION('',(0.,0.,1.));
#6458 = ORIENTED_EDGE('',*,*,#6459,.F.);
#6459 = EDGE_CURVE('',#6436,#6452,#6460,.T.);
#6460 = LINE('',#6461,#6462);
#6461 = CARTESIAN_POINT('',(-367.5,-182.5,640.));
#6462 = VECTOR('',#6463,1.);
#6463 = DIRECTION('',(0.,1.,0.));
#6464 = PLANE('',#6465);
#6465 = AXIS2_PLACEMENT_3D('',#6466,#6467,#6468);
#6466 = CARTESIAN_POINT('',(-367.5,-182.5,605.));
#6467 = DIRECTION('',(1.,0.,0.));
#6468 = DIRECTION('',(0.,0.,1.));
#6469 = ADVANCED_FACE('',(#6470,#6495),#6529,.F.);
#6470 = FACE_BOUND('',#6471,.F.);
#6471 = EDGE_LOOP('',(#6472,#6480,#6481,#6489));
#6472 = ORIENTED_EDGE('',*,*,#6473,.F.);
#6473 = EDGE_CURVE('',#6434,#6474,#6476,.T.);
#6474 = VERTEX_POINT('',#6475);
#6475 = CARTESIAN_POINT('',(-332.5,-182.5,605.));
#6476 = LINE('',#6477,#6478);
#6477 = CARTESIAN_POINT('',(-367.5,-182.5,605.));
#6478 = VECTOR('',#6479,1.);
#6479 = DIRECTION('',(1.,0.,0.));
#6480 = ORIENTED_EDGE('',*,*,#6433,.T.);
#6481 = ORIENTED_EDGE('',*,*,#6482,.T.);
#6482 = EDGE_CURVE('',#6436,#6483,#6485,.T.);
#6483 = VERTEX_POINT('',#6484);
#6484 = CARTESIAN_POINT('',(-332.5,-182.5,640.));
#6485 = LINE('',#6486,#6487);
#6486 = CARTESIAN_POINT('',(-367.5,-182.5,640.));
#6487 = VECTOR('',#6488,1.);
#6488 = DIRECTION('',(1.,0.,0.));
#6489 = ORIENTED_EDGE('',*,*,#6490,.F.);
#6490 = EDGE_CURVE('',#6474,#6483,#6491,.T.);
#6491 = LINE('',#6492,#6493);
#6492 = CARTESIAN_POINT('',(-332.5,-182.5,605.));
#6493 = VECTOR('',#6494,1.);
#6494 = DIRECTION('',(0.,0.,1.));
#6495 = FACE_BOUND('',#6496,.F.);
#6496 = EDGE_LOOP('',(#6497,#6507,#6515,#6523));
#6497 = ORIENTED_EDGE('',*,*,#6498,.F.);
#6498 = EDGE_CURVE('',#6499,#6501,#6503,.T.);
#6499 = VERTEX_POINT('',#6500);
#6500 = CARTESIAN_POINT('',(-364.5,-182.5,608.));
#6501 = VERTEX_POINT('',#6502);
#6502 = CARTESIAN_POINT('',(-364.5,-182.5,637.));
#6503 = LINE('',#6504,#6505);
#6504 = CARTESIAN_POINT('',(-364.5,-182.5,608.));
#6505 = VECTOR('',#6506,1.);
#6506 = DIRECTION('',(0.,0.,1.));
#6507 = ORIENTED_EDGE('',*,*,#6508,.T.);
#6508 = EDGE_CURVE('',#6499,#6509,#6511,.T.);
#6509 = VERTEX_POINT('',#6510);
#6510 = CARTESIAN_POINT('',(-335.5,-182.5,608.));
#6511 = LINE('',#6512,#6513);
#6512 = CARTESIAN_POINT('',(-364.5,-182.5,608.));
#6513 = VECTOR('',#6514,1.);
#6514 = DIRECTION('',(1.,0.,0.));
#6515 = ORIENTED_EDGE('',*,*,#6516,.T.);
#6516 = EDGE_CURVE('',#6509,#6517,#6519,.T.);
#6517 = VERTEX_POINT('',#6518);
#6518 = CARTESIAN_POINT('',(-335.5,-182.5,637.));
#6519 = LINE('',#6520,#6521);
#6520 = CARTESIAN_POINT('',(-335.5,-182.5,608.));
#6521 = VECTOR('',#6522,1.);
#6522 = DIRECTION('',(0.,0.,1.));
#6523 = ORIENTED_EDGE('',*,*,#6524,.F.);
#6524 = EDGE_CURVE('',#6501,#6517,#6525,.T.);
#6525 = LINE('',#6526,#6527);
#6526 = CARTESIAN_POINT('',(-364.5,-182.5,637.));
#6527 = VECTOR('',#6528,1.);
#6528 = DIRECTION('',(1.,0.,0.));
#6529 = PLANE('',#6530);
#6530 = AXIS2_PLACEMENT_3D('',#6531,#6532,#6533);
#6531 = CARTESIAN_POINT('',(-367.5,-182.5,605.));
#6532 = DIRECTION('',(0.,1.,0.));
#6533 = DIRECTION('',(0.,0.,1.));
#6534 = ADVANCED_FACE('',(#6535),#6553,.T.);
#6535 = FACE_BOUND('',#6536,.T.);
#6536 = EDGE_LOOP('',(#6537,#6538,#6539,#6547));
#6537 = ORIENTED_EDGE('',*,*,#6459,.F.);
#6538 = ORIENTED_EDGE('',*,*,#6482,.T.);
#6539 = ORIENTED_EDGE('',*,*,#6540,.T.);
#6540 = EDGE_CURVE('',#6483,#6541,#6543,.T.);
#6541 = VERTEX_POINT('',#6542);
#6542 = CARTESIAN_POINT('',(-332.5,182.5,640.));
#6543 = LINE('',#6544,#6545);
#6544 = CARTESIAN_POINT('',(-332.5,-182.5,640.));
#6545 = VECTOR('',#6546,1.);
#6546 = DIRECTION('',(0.,1.,0.));
#6547 = ORIENTED_EDGE('',*,*,#6548,.F.);
#6548 = EDGE_CURVE('',#6452,#6541,#6549,.T.);
#6549 = LINE('',#6550,#6551);
#6550 = CARTESIAN_POINT('',(-367.5,182.5,640.));
#6551 = VECTOR('',#6552,1.);
#6552 = DIRECTION('',(1.,0.,0.));
#6553 = PLANE('',#6554);
#6554 = AXIS2_PLACEMENT_3D('',#6555,#6556,#6557);
#6555 = CARTESIAN_POINT('',(-367.5,-182.5,640.));
#6556 = DIRECTION('',(0.,0.,1.));
#6557 = DIRECTION('',(1.,0.,0.));
#6558 = ADVANCED_FACE('',(#6559,#6577),#6611,.T.);
#6559 = FACE_BOUND('',#6560,.T.);
#6560 = EDGE_LOOP('',(#6561,#6569,#6570,#6571));
#6561 = ORIENTED_EDGE('',*,*,#6562,.F.);
#6562 = EDGE_CURVE('',#6444,#6563,#6565,.T.);
#6563 = VERTEX_POINT('',#6564);
#6564 = CARTESIAN_POINT('',(-332.5,182.5,605.));
#6565 = LINE('',#6566,#6567);
#6566 = CARTESIAN_POINT('',(-367.5,182.5,605.));
#6567 = VECTOR('',#6568,1.);
#6568 = DIRECTION('',(1.,0.,0.));
#6569 = ORIENTED_EDGE('',*,*,#6451,.T.);
#6570 = ORIENTED_EDGE('',*,*,#6548,.T.);
#6571 = ORIENTED_EDGE('',*,*,#6572,.F.);
#6572 = EDGE_CURVE('',#6563,#6541,#6573,.T.);
#6573 = LINE('',#6574,#6575);
#6574 = CARTESIAN_POINT('',(-332.5,182.5,605.));
#6575 = VECTOR('',#6576,1.);
#6576 = DIRECTION('',(0.,0.,1.));
#6577 = FACE_BOUND('',#6578,.T.);
#6578 = EDGE_LOOP('',(#6579,#6589,#6597,#6605));
#6579 = ORIENTED_EDGE('',*,*,#6580,.F.);
#6580 = EDGE_CURVE('',#6581,#6583,#6585,.T.);
#6581 = VERTEX_POINT('',#6582);
#6582 = CARTESIAN_POINT('',(-364.5,182.5,608.));
#6583 = VERTEX_POINT('',#6584);
#6584 = CARTESIAN_POINT('',(-364.5,182.5,637.));
#6585 = LINE('',#6586,#6587);
#6586 = CARTESIAN_POINT('',(-364.5,182.5,608.));
#6587 = VECTOR('',#6588,1.);
#6588 = DIRECTION('',(0.,0.,1.));
#6589 = ORIENTED_EDGE('',*,*,#6590,.T.);
#6590 = EDGE_CURVE('',#6581,#6591,#6593,.T.);
#6591 = VERTEX_POINT('',#6592);
#6592 = CARTESIAN_POINT('',(-335.5,182.5,608.));
#6593 = LINE('',#6594,#6595);
#6594 = CARTESIAN_POINT('',(-364.5,182.5,608.));
#6595 = VECTOR('',#6596,1.);
#6596 = DIRECTION('',(1.,0.,0.));
#6597 = ORIENTED_EDGE('',*,*,#6598,.T.);
#6598 = EDGE_CURVE('',#6591,#6599,#6601,.T.);
#6599 = VERTEX_POINT('',#6600);
#6600 = CARTESIAN_POINT('',(-335.5,182.5,637.));
#6601 = LINE('',#6602,#6603);
#6602 = CARTESIAN_POINT('',(-335.5,182.5,608.));
#6603 = VECTOR('',#6604,1.);
#6604 = DIRECTION('',(0.,0.,1.));
#6605 = ORIENTED_EDGE('',*,*,#6606,.F.);
#6606 = EDGE_CURVE('',#6583,#6599,#6607,.T.);
#6607 = LINE('',#6608,#6609);
#6608 = CARTESIAN_POINT('',(-364.5,182.5,637.));
#6609 = VECTOR('',#6610,1.);
#6610 = DIRECTION('',(1.,0.,0.));
#6611 = PLANE('',#6612);
#6612 = AXIS2_PLACEMENT_3D('',#6613,#6614,#6615);
#6613 = CARTESIAN_POINT('',(-367.5,182.5,605.));
#6614 = DIRECTION('',(0.,1.,0.));
#6615 = DIRECTION('',(0.,0.,1.));
#6616 = ADVANCED_FACE('',(#6617),#6628,.F.);
#6617 = FACE_BOUND('',#6618,.F.);
#6618 = EDGE_LOOP('',(#6619,#6620,#6621,#6627));
#6619 = ORIENTED_EDGE('',*,*,#6443,.F.);
#6620 = ORIENTED_EDGE('',*,*,#6473,.T.);
#6621 = ORIENTED_EDGE('',*,*,#6622,.T.);
#6622 = EDGE_CURVE('',#6474,#6563,#6623,.T.);
#6623 = LINE('',#6624,#6625);
#6624 = CARTESIAN_POINT('',(-332.5,-182.5,605.));
#6625 = VECTOR('',#6626,1.);
#6626 = DIRECTION('',(0.,1.,0.));
#6627 = ORIENTED_EDGE('',*,*,#6562,.F.);
#6628 = PLANE('',#6629);
#6629 = AXIS2_PLACEMENT_3D('',#6630,#6631,#6632);
#6630 = CARTESIAN_POINT('',(-367.5,-182.5,605.));
#6631 = DIRECTION('',(0.,0.,1.));
#6632 = DIRECTION('',(1.,0.,0.));
#6633 = ADVANCED_FACE('',(#6634),#6640,.T.);
#6634 = FACE_BOUND('',#6635,.T.);
#6635 = EDGE_LOOP('',(#6636,#6637,#6638,#6639));
#6636 = ORIENTED_EDGE('',*,*,#6490,.F.);
#6637 = ORIENTED_EDGE('',*,*,#6622,.T.);
#6638 = ORIENTED_EDGE('',*,*,#6572,.T.);
#6639 = ORIENTED_EDGE('',*,*,#6540,.F.);
#6640 = PLANE('',#6641);
#6641 = AXIS2_PLACEMENT_3D('',#6642,#6643,#6644);
#6642 = CARTESIAN_POINT('',(-332.5,-182.5,605.));
#6643 = DIRECTION('',(1.,0.,0.));
#6644 = DIRECTION('',(0.,0.,1.));
#6645 = ADVANCED_FACE('',(#6646),#6662,.T.);
#6646 = FACE_BOUND('',#6647,.T.);
#6647 = EDGE_LOOP('',(#6648,#6649,#6655,#6656));
#6648 = ORIENTED_EDGE('',*,*,#6498,.F.);
#6649 = ORIENTED_EDGE('',*,*,#6650,.T.);
#6650 = EDGE_CURVE('',#6499,#6581,#6651,.T.);
#6651 = LINE('',#6652,#6653);
#6652 = CARTESIAN_POINT('',(-364.5,-182.5,608.));
#6653 = VECTOR('',#6654,1.);
#6654 = DIRECTION('',(0.,1.,0.));
#6655 = ORIENTED_EDGE('',*,*,#6580,.T.);
#6656 = ORIENTED_EDGE('',*,*,#6657,.F.);
#6657 = EDGE_CURVE('',#6501,#6583,#6658,.T.);
#6658 = LINE('',#6659,#6660);
#6659 = CARTESIAN_POINT('',(-364.5,-182.5,637.));
#6660 = VECTOR('',#6661,1.);
#6661 = DIRECTION('',(0.,1.,0.));
#6662 = PLANE('',#6663);
#6663 = AXIS2_PLACEMENT_3D('',#6664,#6665,#6666);
#6664 = CARTESIAN_POINT('',(-364.5,-182.5,608.));
#6665 = DIRECTION('',(1.,0.,0.));
#6666 = DIRECTION('',(0.,0.,1.));
#6667 = ADVANCED_FACE('',(#6668),#6679,.F.);
#6668 = FACE_BOUND('',#6669,.F.);
#6669 = EDGE_LOOP('',(#6670,#6671,#6672,#6678));
#6670 = ORIENTED_EDGE('',*,*,#6657,.F.);
#6671 = ORIENTED_EDGE('',*,*,#6524,.T.);
#6672 = ORIENTED_EDGE('',*,*,#6673,.T.);
#6673 = EDGE_CURVE('',#6517,#6599,#6674,.T.);
#6674 = LINE('',#6675,#6676);
#6675 = CARTESIAN_POINT('',(-335.5,-182.5,637.));
#6676 = VECTOR('',#6677,1.);
#6677 = DIRECTION('',(0.,1.,0.));
#6678 = ORIENTED_EDGE('',*,*,#6606,.F.);
#6679 = PLANE('',#6680);
#6680 = AXIS2_PLACEMENT_3D('',#6681,#6682,#6683);
#6681 = CARTESIAN_POINT('',(-364.5,-182.5,637.));
#6682 = DIRECTION('',(0.,0.,1.));
#6683 = DIRECTION('',(1.,0.,0.));
#6684 = ADVANCED_FACE('',(#6685),#6696,.F.);
#6685 = FACE_BOUND('',#6686,.F.);
#6686 = EDGE_LOOP('',(#6687,#6688,#6694,#6695));
#6687 = ORIENTED_EDGE('',*,*,#6516,.F.);
#6688 = ORIENTED_EDGE('',*,*,#6689,.T.);
#6689 = EDGE_CURVE('',#6509,#6591,#6690,.T.);
#6690 = LINE('',#6691,#6692);
#6691 = CARTESIAN_POINT('',(-335.5,-182.5,608.));
#6692 = VECTOR('',#6693,1.);
#6693 = DIRECTION('',(0.,1.,0.));
#6694 = ORIENTED_EDGE('',*,*,#6598,.T.);
#6695 = ORIENTED_EDGE('',*,*,#6673,.F.);
#6696 = PLANE('',#6697);
#6697 = AXIS2_PLACEMENT_3D('',#6698,#6699,#6700);
#6698 = CARTESIAN_POINT('',(-335.5,-182.5,608.));
#6699 = DIRECTION('',(1.,0.,0.));
#6700 = DIRECTION('',(0.,0.,1.));
#6701 = ADVANCED_FACE('',(#6702),#6708,.T.);
#6702 = FACE_BOUND('',#6703,.T.);
#6703 = EDGE_LOOP('',(#6704,#6705,#6706,#6707));
#6704 = ORIENTED_EDGE('',*,*,#6650,.F.);
#6705 = ORIENTED_EDGE('',*,*,#6508,.T.);
#6706 = ORIENTED_EDGE('',*,*,#6689,.T.);
#6707 = ORIENTED_EDGE('',*,*,#6590,.F.);
#6708 = PLANE('',#6709);
#6709 = AXIS2_PLACEMENT_3D('',#6710,#6711,#6712);
#6710 = CARTESIAN_POINT('',(-364.5,-182.5,608.));
#6711 = DIRECTION('',(0.,0.,1.));
#6712 = DIRECTION('',(1.,0.,0.));
#6713 = MANIFOLD_SOLID_BREP('',#6714);
#6714 = CLOSED_SHELL('',(#6715,#6755,#6820,#6844,#6902,#6919,#6931,#6953
    ,#6970,#6987));
#6715 = ADVANCED_FACE('',(#6716),#6750,.F.);
#6716 = FACE_BOUND('',#6717,.F.);
#6717 = EDGE_LOOP('',(#6718,#6728,#6736,#6744));
#6718 = ORIENTED_EDGE('',*,*,#6719,.F.);
#6719 = EDGE_CURVE('',#6720,#6722,#6724,.T.);
#6720 = VERTEX_POINT('',#6721);
#6721 = CARTESIAN_POINT('',(332.5,-182.5,605.));
#6722 = VERTEX_POINT('',#6723);
#6723 = CARTESIAN_POINT('',(332.5,-182.5,640.));
#6724 = LINE('',#6725,#6726);
#6725 = CARTESIAN_POINT('',(332.5,-182.5,605.));
#6726 = VECTOR('',#6727,1.);
#6727 = DIRECTION('',(0.,0.,1.));
#6728 = ORIENTED_EDGE('',*,*,#6729,.T.);
#6729 = EDGE_CURVE('',#6720,#6730,#6732,.T.);
#6730 = VERTEX_POINT('',#6731);
#6731 = CARTESIAN_POINT('',(332.5,182.5,605.));
#6732 = LINE('',#6733,#6734);
#6733 = CARTESIAN_POINT('',(332.5,-182.5,605.));
#6734 = VECTOR('',#6735,1.);
#6735 = DIRECTION('',(0.,1.,0.));
#6736 = ORIENTED_EDGE('',*,*,#6737,.T.);
#6737 = EDGE_CURVE('',#6730,#6738,#6740,.T.);
#6738 = VERTEX_POINT('',#6739);
#6739 = CARTESIAN_POINT('',(332.5,182.5,640.));
#6740 = LINE('',#6741,#6742);
#6741 = CARTESIAN_POINT('',(332.5,182.5,605.));
#6742 = VECTOR('',#6743,1.);
#6743 = DIRECTION('',(0.,0.,1.));
#6744 = ORIENTED_EDGE('',*,*,#6745,.F.);
#6745 = EDGE_CURVE('',#6722,#6738,#6746,.T.);
#6746 = LINE('',#6747,#6748);
#6747 = CARTESIAN_POINT('',(332.5,-182.5,640.));
#6748 = VECTOR('',#6749,1.);
#6749 = DIRECTION('',(0.,1.,0.));
#6750 = PLANE('',#6751);
#6751 = AXIS2_PLACEMENT_3D('',#6752,#6753,#6754);
#6752 = CARTESIAN_POINT('',(332.5,-182.5,605.));
#6753 = DIRECTION('',(1.,0.,0.));
#6754 = DIRECTION('',(0.,0.,1.));
#6755 = ADVANCED_FACE('',(#6756,#6781),#6815,.F.);
#6756 = FACE_BOUND('',#6757,.F.);
#6757 = EDGE_LOOP('',(#6758,#6766,#6767,#6775));
#6758 = ORIENTED_EDGE('',*,*,#6759,.F.);
#6759 = EDGE_CURVE('',#6720,#6760,#6762,.T.);
#6760 = VERTEX_POINT('',#6761);
#6761 = CARTESIAN_POINT('',(367.5,-182.5,605.));
#6762 = LINE('',#6763,#6764);
#6763 = CARTESIAN_POINT('',(332.5,-182.5,605.));
#6764 = VECTOR('',#6765,1.);
#6765 = DIRECTION('',(1.,0.,0.));
#6766 = ORIENTED_EDGE('',*,*,#6719,.T.);
#6767 = ORIENTED_EDGE('',*,*,#6768,.T.);
#6768 = EDGE_CURVE('',#6722,#6769,#6771,.T.);
#6769 = VERTEX_POINT('',#6770);
#6770 = CARTESIAN_POINT('',(367.5,-182.5,640.));
#6771 = LINE('',#6772,#6773);
#6772 = CARTESIAN_POINT('',(332.5,-182.5,640.));
#6773 = VECTOR('',#6774,1.);
#6774 = DIRECTION('',(1.,0.,0.));
#6775 = ORIENTED_EDGE('',*,*,#6776,.F.);
#6776 = EDGE_CURVE('',#6760,#6769,#6777,.T.);
#6777 = LINE('',#6778,#6779);
#6778 = CARTESIAN_POINT('',(367.5,-182.5,605.));
#6779 = VECTOR('',#6780,1.);
#6780 = DIRECTION('',(0.,0.,1.));
#6781 = FACE_BOUND('',#6782,.F.);
#6782 = EDGE_LOOP('',(#6783,#6793,#6801,#6809));
#6783 = ORIENTED_EDGE('',*,*,#6784,.F.);
#6784 = EDGE_CURVE('',#6785,#6787,#6789,.T.);
#6785 = VERTEX_POINT('',#6786);
#6786 = CARTESIAN_POINT('',(335.5,-182.5,608.));
#6787 = VERTEX_POINT('',#6788);
#6788 = CARTESIAN_POINT('',(335.5,-182.5,637.));
#6789 = LINE('',#6790,#6791);
#6790 = CARTESIAN_POINT('',(335.5,-182.5,608.));
#6791 = VECTOR('',#6792,1.);
#6792 = DIRECTION('',(0.,0.,1.));
#6793 = ORIENTED_EDGE('',*,*,#6794,.T.);
#6794 = EDGE_CURVE('',#6785,#6795,#6797,.T.);
#6795 = VERTEX_POINT('',#6796);
#6796 = CARTESIAN_POINT('',(364.5,-182.5,608.));
#6797 = LINE('',#6798,#6799);
#6798 = CARTESIAN_POINT('',(335.5,-182.5,608.));
#6799 = VECTOR('',#6800,1.);
#6800 = DIRECTION('',(1.,0.,0.));
#6801 = ORIENTED_EDGE('',*,*,#6802,.T.);
#6802 = EDGE_CURVE('',#6795,#6803,#6805,.T.);
#6803 = VERTEX_POINT('',#6804);
#6804 = CARTESIAN_POINT('',(364.5,-182.5,637.));
#6805 = LINE('',#6806,#6807);
#6806 = CARTESIAN_POINT('',(364.5,-182.5,608.));
#6807 = VECTOR('',#6808,1.);
#6808 = DIRECTION('',(0.,0.,1.));
#6809 = ORIENTED_EDGE('',*,*,#6810,.F.);
#6810 = EDGE_CURVE('',#6787,#6803,#6811,.T.);
#6811 = LINE('',#6812,#6813);
#6812 = CARTESIAN_POINT('',(335.5,-182.5,637.));
#6813 = VECTOR('',#6814,1.);
#6814 = DIRECTION('',(1.,0.,0.));
#6815 = PLANE('',#6816);
#6816 = AXIS2_PLACEMENT_3D('',#6817,#6818,#6819);
#6817 = CARTESIAN_POINT('',(332.5,-182.5,605.));
#6818 = DIRECTION('',(0.,1.,0.));
#6819 = DIRECTION('',(0.,0.,1.));
#6820 = ADVANCED_FACE('',(#6821),#6839,.T.);
#6821 = FACE_BOUND('',#6822,.T.);
#6822 = EDGE_LOOP('',(#6823,#6824,#6825,#6833));
#6823 = ORIENTED_EDGE('',*,*,#6745,.F.);
#6824 = ORIENTED_EDGE('',*,*,#6768,.T.);
#6825 = ORIENTED_EDGE('',*,*,#6826,.T.);
#6826 = EDGE_CURVE('',#6769,#6827,#6829,.T.);
#6827 = VERTEX_POINT('',#6828);
#6828 = CARTESIAN_POINT('',(367.5,182.5,640.));
#6829 = LINE('',#6830,#6831);
#6830 = CARTESIAN_POINT('',(367.5,-182.5,640.));
#6831 = VECTOR('',#6832,1.);
#6832 = DIRECTION('',(0.,1.,0.));
#6833 = ORIENTED_EDGE('',*,*,#6834,.F.);
#6834 = EDGE_CURVE('',#6738,#6827,#6835,.T.);
#6835 = LINE('',#6836,#6837);
#6836 = CARTESIAN_POINT('',(332.5,182.5,640.));
#6837 = VECTOR('',#6838,1.);
#6838 = DIRECTION('',(1.,0.,0.));
#6839 = PLANE('',#6840);
#6840 = AXIS2_PLACEMENT_3D('',#6841,#6842,#6843);
#6841 = CARTESIAN_POINT('',(332.5,-182.5,640.));
#6842 = DIRECTION('',(0.,0.,1.));
#6843 = DIRECTION('',(1.,0.,0.));
#6844 = ADVANCED_FACE('',(#6845,#6863),#6897,.T.);
#6845 = FACE_BOUND('',#6846,.T.);
#6846 = EDGE_LOOP('',(#6847,#6855,#6856,#6857));
#6847 = ORIENTED_EDGE('',*,*,#6848,.F.);
#6848 = EDGE_CURVE('',#6730,#6849,#6851,.T.);
#6849 = VERTEX_POINT('',#6850);
#6850 = CARTESIAN_POINT('',(367.5,182.5,605.));
#6851 = LINE('',#6852,#6853);
#6852 = CARTESIAN_POINT('',(332.5,182.5,605.));
#6853 = VECTOR('',#6854,1.);
#6854 = DIRECTION('',(1.,0.,0.));
#6855 = ORIENTED_EDGE('',*,*,#6737,.T.);
#6856 = ORIENTED_EDGE('',*,*,#6834,.T.);
#6857 = ORIENTED_EDGE('',*,*,#6858,.F.);
#6858 = EDGE_CURVE('',#6849,#6827,#6859,.T.);
#6859 = LINE('',#6860,#6861);
#6860 = CARTESIAN_POINT('',(367.5,182.5,605.));
#6861 = VECTOR('',#6862,1.);
#6862 = DIRECTION('',(0.,0.,1.));
#6863 = FACE_BOUND('',#6864,.T.);
#6864 = EDGE_LOOP('',(#6865,#6875,#6883,#6891));
#6865 = ORIENTED_EDGE('',*,*,#6866,.F.);
#6866 = EDGE_CURVE('',#6867,#6869,#6871,.T.);
#6867 = VERTEX_POINT('',#6868);
#6868 = CARTESIAN_POINT('',(335.5,182.5,608.));
#6869 = VERTEX_POINT('',#6870);
#6870 = CARTESIAN_POINT('',(335.5,182.5,637.));
#6871 = LINE('',#6872,#6873);
#6872 = CARTESIAN_POINT('',(335.5,182.5,608.));
#6873 = VECTOR('',#6874,1.);
#6874 = DIRECTION('',(0.,0.,1.));
#6875 = ORIENTED_EDGE('',*,*,#6876,.T.);
#6876 = EDGE_CURVE('',#6867,#6877,#6879,.T.);
#6877 = VERTEX_POINT('',#6878);
#6878 = CARTESIAN_POINT('',(364.5,182.5,608.));
#6879 = LINE('',#6880,#6881);
#6880 = CARTESIAN_POINT('',(335.5,182.5,608.));
#6881 = VECTOR('',#6882,1.);
#6882 = DIRECTION('',(1.,0.,0.));
#6883 = ORIENTED_EDGE('',*,*,#6884,.T.);
#6884 = EDGE_CURVE('',#6877,#6885,#6887,.T.);
#6885 = VERTEX_POINT('',#6886);
#6886 = CARTESIAN_POINT('',(364.5,182.5,637.));
#6887 = LINE('',#6888,#6889);
#6888 = CARTESIAN_POINT('',(364.5,182.5,608.));
#6889 = VECTOR('',#6890,1.);
#6890 = DIRECTION('',(0.,0.,1.));
#6891 = ORIENTED_EDGE('',*,*,#6892,.F.);
#6892 = EDGE_CURVE('',#6869,#6885,#6893,.T.);
#6893 = LINE('',#6894,#6895);
#6894 = CARTESIAN_POINT('',(335.5,182.5,637.));
#6895 = VECTOR('',#6896,1.);
#6896 = DIRECTION('',(1.,0.,0.));
#6897 = PLANE('',#6898);
#6898 = AXIS2_PLACEMENT_3D('',#6899,#6900,#6901);
#6899 = CARTESIAN_POINT('',(332.5,182.5,605.));
#6900 = DIRECTION('',(0.,1.,0.));
#6901 = DIRECTION('',(0.,0.,1.));
#6902 = ADVANCED_FACE('',(#6903),#6914,.F.);
#6903 = FACE_BOUND('',#6904,.F.);
#6904 = EDGE_LOOP('',(#6905,#6906,#6907,#6913));
#6905 = ORIENTED_EDGE('',*,*,#6729,.F.);
#6906 = ORIENTED_EDGE('',*,*,#6759,.T.);
#6907 = ORIENTED_EDGE('',*,*,#6908,.T.);
#6908 = EDGE_CURVE('',#6760,#6849,#6909,.T.);
#6909 = LINE('',#6910,#6911);
#6910 = CARTESIAN_POINT('',(367.5,-182.5,605.));
#6911 = VECTOR('',#6912,1.);
#6912 = DIRECTION('',(0.,1.,0.));
#6913 = ORIENTED_EDGE('',*,*,#6848,.F.);
#6914 = PLANE('',#6915);
#6915 = AXIS2_PLACEMENT_3D('',#6916,#6917,#6918);
#6916 = CARTESIAN_POINT('',(332.5,-182.5,605.));
#6917 = DIRECTION('',(0.,0.,1.));
#6918 = DIRECTION('',(1.,0.,0.));
#6919 = ADVANCED_FACE('',(#6920),#6926,.T.);
#6920 = FACE_BOUND('',#6921,.T.);
#6921 = EDGE_LOOP('',(#6922,#6923,#6924,#6925));
#6922 = ORIENTED_EDGE('',*,*,#6776,.F.);
#6923 = ORIENTED_EDGE('',*,*,#6908,.T.);
#6924 = ORIENTED_EDGE('',*,*,#6858,.T.);
#6925 = ORIENTED_EDGE('',*,*,#6826,.F.);
#6926 = PLANE('',#6927);
#6927 = AXIS2_PLACEMENT_3D('',#6928,#6929,#6930);
#6928 = CARTESIAN_POINT('',(367.5,-182.5,605.));
#6929 = DIRECTION('',(1.,0.,0.));
#6930 = DIRECTION('',(0.,0.,1.));
#6931 = ADVANCED_FACE('',(#6932),#6948,.T.);
#6932 = FACE_BOUND('',#6933,.T.);
#6933 = EDGE_LOOP('',(#6934,#6935,#6941,#6942));
#6934 = ORIENTED_EDGE('',*,*,#6784,.F.);
#6935 = ORIENTED_EDGE('',*,*,#6936,.T.);
#6936 = EDGE_CURVE('',#6785,#6867,#6937,.T.);
#6937 = LINE('',#6938,#6939);
#6938 = CARTESIAN_POINT('',(335.5,-182.5,608.));
#6939 = VECTOR('',#6940,1.);
#6940 = DIRECTION('',(0.,1.,0.));
#6941 = ORIENTED_EDGE('',*,*,#6866,.T.);
#6942 = ORIENTED_EDGE('',*,*,#6943,.F.);
#6943 = EDGE_CURVE('',#6787,#6869,#6944,.T.);
#6944 = LINE('',#6945,#6946);
#6945 = CARTESIAN_POINT('',(335.5,-182.5,637.));
#6946 = VECTOR('',#6947,1.);
#6947 = DIRECTION('',(0.,1.,0.));
#6948 = PLANE('',#6949);
#6949 = AXIS2_PLACEMENT_3D('',#6950,#6951,#6952);
#6950 = CARTESIAN_POINT('',(335.5,-182.5,608.));
#6951 = DIRECTION('',(1.,0.,0.));
#6952 = DIRECTION('',(0.,0.,1.));
#6953 = ADVANCED_FACE('',(#6954),#6965,.F.);
#6954 = FACE_BOUND('',#6955,.F.);
#6955 = EDGE_LOOP('',(#6956,#6957,#6958,#6964));
#6956 = ORIENTED_EDGE('',*,*,#6943,.F.);
#6957 = ORIENTED_EDGE('',*,*,#6810,.T.);
#6958 = ORIENTED_EDGE('',*,*,#6959,.T.);
#6959 = EDGE_CURVE('',#6803,#6885,#6960,.T.);
#6960 = LINE('',#6961,#6962);
#6961 = CARTESIAN_POINT('',(364.5,-182.5,637.));
#6962 = VECTOR('',#6963,1.);
#6963 = DIRECTION('',(0.,1.,0.));
#6964 = ORIENTED_EDGE('',*,*,#6892,.F.);
#6965 = PLANE('',#6966);
#6966 = AXIS2_PLACEMENT_3D('',#6967,#6968,#6969);
#6967 = CARTESIAN_POINT('',(335.5,-182.5,637.));
#6968 = DIRECTION('',(0.,0.,1.));
#6969 = DIRECTION('',(1.,0.,0.));
#6970 = ADVANCED_FACE('',(#6971),#6982,.F.);
#6971 = FACE_BOUND('',#6972,.F.);
#6972 = EDGE_LOOP('',(#6973,#6974,#6980,#6981));
#6973 = ORIENTED_EDGE('',*,*,#6802,.F.);
#6974 = ORIENTED_EDGE('',*,*,#6975,.T.);
#6975 = EDGE_CURVE('',#6795,#6877,#6976,.T.);
#6976 = LINE('',#6977,#6978);
#6977 = CARTESIAN_POINT('',(364.5,-182.5,608.));
#6978 = VECTOR('',#6979,1.);
#6979 = DIRECTION('',(0.,1.,0.));
#6980 = ORIENTED_EDGE('',*,*,#6884,.T.);
#6981 = ORIENTED_EDGE('',*,*,#6959,.F.);
#6982 = PLANE('',#6983);
#6983 = AXIS2_PLACEMENT_3D('',#6984,#6985,#6986);
#6984 = CARTESIAN_POINT('',(364.5,-182.5,608.));
#6985 = DIRECTION('',(1.,0.,0.));
#6986 = DIRECTION('',(0.,0.,1.));
#6987 = ADVANCED_FACE('',(#6988),#6994,.T.);
#6988 = FACE_BOUND('',#6989,.T.);
#6989 = EDGE_LOOP('',(#6990,#6991,#6992,#6993));
#6990 = ORIENTED_EDGE('',*,*,#6936,.F.);
#6991 = ORIENTED_EDGE('',*,*,#6794,.T.);
#6992 = ORIENTED_EDGE('',*,*,#6975,.T.);
#6993 = ORIENTED_EDGE('',*,*,#6876,.F.);
#6994 = PLANE('',#6995);
#6995 = AXIS2_PLACEMENT_3D('',#6996,#6997,#6998);
#6996 = CARTESIAN_POINT('',(335.5,-182.5,608.));
#6997 = DIRECTION('',(0.,0.,1.));
#6998 = DIRECTION('',(1.,0.,0.));
#6999 = MANIFOLD_SOLID_BREP('',#7000);
#7000 = CLOSED_SHELL('',(#7001,#7075,#7106,#7130,#7154,#7171,#7202,#7226
    ,#7250,#7267));
#7001 = ADVANCED_FACE('',(#7002,#7036),#7070,.F.);
#7002 = FACE_BOUND('',#7003,.F.);
#7003 = EDGE_LOOP('',(#7004,#7014,#7022,#7030));
#7004 = ORIENTED_EDGE('',*,*,#7005,.F.);
#7005 = EDGE_CURVE('',#7006,#7008,#7010,.T.);
#7006 = VERTEX_POINT('',#7007);
#7007 = CARTESIAN_POINT('',(-332.5,-217.5,1.155E+03));
#7008 = VERTEX_POINT('',#7009);
#7009 = CARTESIAN_POINT('',(-332.5,-217.5,1.19E+03));
#7010 = LINE('',#7011,#7012);
#7011 = CARTESIAN_POINT('',(-332.5,-217.5,1.155E+03));
#7012 = VECTOR('',#7013,1.);
#7013 = DIRECTION('',(0.,0.,1.));
#7014 = ORIENTED_EDGE('',*,*,#7015,.T.);
#7015 = EDGE_CURVE('',#7006,#7016,#7018,.T.);
#7016 = VERTEX_POINT('',#7017);
#7017 = CARTESIAN_POINT('',(-332.5,-182.5,1.155E+03));
#7018 = LINE('',#7019,#7020);
#7019 = CARTESIAN_POINT('',(-332.5,-217.5,1.155E+03));
#7020 = VECTOR('',#7021,1.);
#7021 = DIRECTION('',(0.,1.,0.));
#7022 = ORIENTED_EDGE('',*,*,#7023,.T.);
#7023 = EDGE_CURVE('',#7016,#7024,#7026,.T.);
#7024 = VERTEX_POINT('',#7025);
#7025 = CARTESIAN_POINT('',(-332.5,-182.5,1.19E+03));
#7026 = LINE('',#7027,#7028);
#7027 = CARTESIAN_POINT('',(-332.5,-182.5,1.155E+03));
#7028 = VECTOR('',#7029,1.);
#7029 = DIRECTION('',(0.,0.,1.));
#7030 = ORIENTED_EDGE('',*,*,#7031,.F.);
#7031 = EDGE_CURVE('',#7008,#7024,#7032,.T.);
#7032 = LINE('',#7033,#7034);
#7033 = CARTESIAN_POINT('',(-332.5,-217.5,1.19E+03));
#7034 = VECTOR('',#7035,1.);
#7035 = DIRECTION('',(0.,1.,0.));
#7036 = FACE_BOUND('',#7037,.F.);
#7037 = EDGE_LOOP('',(#7038,#7048,#7056,#7064));
#7038 = ORIENTED_EDGE('',*,*,#7039,.F.);
#7039 = EDGE_CURVE('',#7040,#7042,#7044,.T.);
#7040 = VERTEX_POINT('',#7041);
#7041 = CARTESIAN_POINT('',(-332.5,-214.5,1.158E+03));
#7042 = VERTEX_POINT('',#7043);
#7043 = CARTESIAN_POINT('',(-332.5,-185.5,1.158E+03));
#7044 = LINE('',#7045,#7046);
#7045 = CARTESIAN_POINT('',(-332.5,-214.5,1.158E+03));
#7046 = VECTOR('',#7047,1.);
#7047 = DIRECTION('',(0.,1.,0.));
#7048 = ORIENTED_EDGE('',*,*,#7049,.T.);
#7049 = EDGE_CURVE('',#7040,#7050,#7052,.T.);
#7050 = VERTEX_POINT('',#7051);
#7051 = CARTESIAN_POINT('',(-332.5,-214.5,1.187E+03));
#7052 = LINE('',#7053,#7054);
#7053 = CARTESIAN_POINT('',(-332.5,-214.5,1.158E+03));
#7054 = VECTOR('',#7055,1.);
#7055 = DIRECTION('',(0.,0.,1.));
#7056 = ORIENTED_EDGE('',*,*,#7057,.T.);
#7057 = EDGE_CURVE('',#7050,#7058,#7060,.T.);
#7058 = VERTEX_POINT('',#7059);
#7059 = CARTESIAN_POINT('',(-332.5,-185.5,1.187E+03));
#7060 = LINE('',#7061,#7062);
#7061 = CARTESIAN_POINT('',(-332.5,-214.5,1.187E+03));
#7062 = VECTOR('',#7063,1.);
#7063 = DIRECTION('',(0.,1.,0.));
#7064 = ORIENTED_EDGE('',*,*,#7065,.F.);
#7065 = EDGE_CURVE('',#7042,#7058,#7066,.T.);
#7066 = LINE('',#7067,#7068);
#7067 = CARTESIAN_POINT('',(-332.5,-185.5,1.158E+03));
#7068 = VECTOR('',#7069,1.);
#7069 = DIRECTION('',(0.,0.,1.));
#7070 = PLANE('',#7071);
#7071 = AXIS2_PLACEMENT_3D('',#7072,#7073,#7074);
#7072 = CARTESIAN_POINT('',(-332.5,-217.5,1.155E+03));
#7073 = DIRECTION('',(1.,0.,0.));
#7074 = DIRECTION('',(0.,0.,1.));
#7075 = ADVANCED_FACE('',(#7076),#7101,.F.);
#7076 = FACE_BOUND('',#7077,.F.);
#7077 = EDGE_LOOP('',(#7078,#7086,#7087,#7095));
#7078 = ORIENTED_EDGE('',*,*,#7079,.F.);
#7079 = EDGE_CURVE('',#7006,#7080,#7082,.T.);
#7080 = VERTEX_POINT('',#7081);
#7081 = CARTESIAN_POINT('',(332.5,-217.5,1.155E+03));
#7082 = LINE('',#7083,#7084);
#7083 = CARTESIAN_POINT('',(-332.5,-217.5,1.155E+03));
#7084 = VECTOR('',#7085,1.);
#7085 = DIRECTION('',(1.,0.,0.));
#7086 = ORIENTED_EDGE('',*,*,#7005,.T.);
#7087 = ORIENTED_EDGE('',*,*,#7088,.T.);
#7088 = EDGE_CURVE('',#7008,#7089,#7091,.T.);
#7089 = VERTEX_POINT('',#7090);
#7090 = CARTESIAN_POINT('',(332.5,-217.5,1.19E+03));
#7091 = LINE('',#7092,#7093);
#7092 = CARTESIAN_POINT('',(-332.5,-217.5,1.19E+03));
#7093 = VECTOR('',#7094,1.);
#7094 = DIRECTION('',(1.,0.,0.));
#7095 = ORIENTED_EDGE('',*,*,#7096,.F.);
#7096 = EDGE_CURVE('',#7080,#7089,#7097,.T.);
#7097 = LINE('',#7098,#7099);
#7098 = CARTESIAN_POINT('',(332.5,-217.5,1.155E+03));
#7099 = VECTOR('',#7100,1.);
#7100 = DIRECTION('',(0.,0.,1.));
#7101 = PLANE('',#7102);
#7102 = AXIS2_PLACEMENT_3D('',#7103,#7104,#7105);
#7103 = CARTESIAN_POINT('',(-332.5,-217.5,1.155E+03));
#7104 = DIRECTION('',(0.,1.,0.));
#7105 = DIRECTION('',(0.,0.,1.));
#7106 = ADVANCED_FACE('',(#7107),#7125,.T.);
#7107 = FACE_BOUND('',#7108,.T.);
#7108 = EDGE_LOOP('',(#7109,#7110,#7111,#7119));
#7109 = ORIENTED_EDGE('',*,*,#7031,.F.);
#7110 = ORIENTED_EDGE('',*,*,#7088,.T.);
#7111 = ORIENTED_EDGE('',*,*,#7112,.T.);
#7112 = EDGE_CURVE('',#7089,#7113,#7115,.T.);
#7113 = VERTEX_POINT('',#7114);
#7114 = CARTESIAN_POINT('',(332.5,-182.5,1.19E+03));
#7115 = LINE('',#7116,#7117);
#7116 = CARTESIAN_POINT('',(332.5,-217.5,1.19E+03));
#7117 = VECTOR('',#7118,1.);
#7118 = DIRECTION('',(0.,1.,0.));
#7119 = ORIENTED_EDGE('',*,*,#7120,.F.);
#7120 = EDGE_CURVE('',#7024,#7113,#7121,.T.);
#7121 = LINE('',#7122,#7123);
#7122 = CARTESIAN_POINT('',(-332.5,-182.5,1.19E+03));
#7123 = VECTOR('',#7124,1.);
#7124 = DIRECTION('',(1.,0.,0.));
#7125 = PLANE('',#7126);
#7126 = AXIS2_PLACEMENT_3D('',#7127,#7128,#7129);
#7127 = CARTESIAN_POINT('',(-332.5,-217.5,1.19E+03));
#7128 = DIRECTION('',(0.,0.,1.));
#7129 = DIRECTION('',(1.,0.,0.));
#7130 = ADVANCED_FACE('',(#7131),#7149,.F.);
#7131 = FACE_BOUND('',#7132,.F.);
#7132 = EDGE_LOOP('',(#7133,#7134,#7135,#7143));
#7133 = ORIENTED_EDGE('',*,*,#7015,.F.);
#7134 = ORIENTED_EDGE('',*,*,#7079,.T.);
#7135 = ORIENTED_EDGE('',*,*,#7136,.T.);
#7136 = EDGE_CURVE('',#7080,#7137,#7139,.T.);
#7137 = VERTEX_POINT('',#7138);
#7138 = CARTESIAN_POINT('',(332.5,-182.5,1.155E+03));
#7139 = LINE('',#7140,#7141);
#7140 = CARTESIAN_POINT('',(332.5,-217.5,1.155E+03));
#7141 = VECTOR('',#7142,1.);
#7142 = DIRECTION('',(0.,1.,0.));
#7143 = ORIENTED_EDGE('',*,*,#7144,.F.);
#7144 = EDGE_CURVE('',#7016,#7137,#7145,.T.);
#7145 = LINE('',#7146,#7147);
#7146 = CARTESIAN_POINT('',(-332.5,-182.5,1.155E+03));
#7147 = VECTOR('',#7148,1.);
#7148 = DIRECTION('',(1.,0.,0.));
#7149 = PLANE('',#7150);
#7150 = AXIS2_PLACEMENT_3D('',#7151,#7152,#7153);
#7151 = CARTESIAN_POINT('',(-332.5,-217.5,1.155E+03));
#7152 = DIRECTION('',(0.,0.,1.));
#7153 = DIRECTION('',(1.,0.,0.));
#7154 = ADVANCED_FACE('',(#7155),#7166,.T.);
#7155 = FACE_BOUND('',#7156,.T.);
#7156 = EDGE_LOOP('',(#7157,#7158,#7159,#7160));
#7157 = ORIENTED_EDGE('',*,*,#7144,.F.);
#7158 = ORIENTED_EDGE('',*,*,#7023,.T.);
#7159 = ORIENTED_EDGE('',*,*,#7120,.T.);
#7160 = ORIENTED_EDGE('',*,*,#7161,.F.);
#7161 = EDGE_CURVE('',#7137,#7113,#7162,.T.);
#7162 = LINE('',#7163,#7164);
#7163 = CARTESIAN_POINT('',(332.5,-182.5,1.155E+03));
#7164 = VECTOR('',#7165,1.);
#7165 = DIRECTION('',(0.,0.,1.));
#7166 = PLANE('',#7167);
#7167 = AXIS2_PLACEMENT_3D('',#7168,#7169,#7170);
#7168 = CARTESIAN_POINT('',(-332.5,-182.5,1.155E+03));
#7169 = DIRECTION('',(0.,1.,0.));
#7170 = DIRECTION('',(0.,0.,1.));
#7171 = ADVANCED_FACE('',(#7172),#7197,.T.);
#7172 = FACE_BOUND('',#7173,.T.);
#7173 = EDGE_LOOP('',(#7174,#7175,#7183,#7191));
#7174 = ORIENTED_EDGE('',*,*,#7039,.F.);
#7175 = ORIENTED_EDGE('',*,*,#7176,.T.);
#7176 = EDGE_CURVE('',#7040,#7177,#7179,.T.);
#7177 = VERTEX_POINT('',#7178);
#7178 = CARTESIAN_POINT('',(332.5,-214.5,1.158E+03));
#7179 = LINE('',#7180,#7181);
#7180 = CARTESIAN_POINT('',(-332.5,-214.5,1.158E+03));
#7181 = VECTOR('',#7182,1.);
#7182 = DIRECTION('',(1.,0.,0.));
#7183 = ORIENTED_EDGE('',*,*,#7184,.T.);
#7184 = EDGE_CURVE('',#7177,#7185,#7187,.T.);
#7185 = VERTEX_POINT('',#7186);
#7186 = CARTESIAN_POINT('',(332.5,-185.5,1.158E+03));
#7187 = LINE('',#7188,#7189);
#7188 = CARTESIAN_POINT('',(332.5,-214.5,1.158E+03));
#7189 = VECTOR('',#7190,1.);
#7190 = DIRECTION('',(0.,1.,0.));
#7191 = ORIENTED_EDGE('',*,*,#7192,.F.);
#7192 = EDGE_CURVE('',#7042,#7185,#7193,.T.);
#7193 = LINE('',#7194,#7195);
#7194 = CARTESIAN_POINT('',(-332.5,-185.5,1.158E+03));
#7195 = VECTOR('',#7196,1.);
#7196 = DIRECTION('',(1.,0.,0.));
#7197 = PLANE('',#7198);
#7198 = AXIS2_PLACEMENT_3D('',#7199,#7200,#7201);
#7199 = CARTESIAN_POINT('',(-332.5,-214.5,1.158E+03));
#7200 = DIRECTION('',(0.,0.,1.));
#7201 = DIRECTION('',(1.,0.,0.));
#7202 = ADVANCED_FACE('',(#7203),#7221,.F.);
#7203 = FACE_BOUND('',#7204,.F.);
#7204 = EDGE_LOOP('',(#7205,#7206,#7207,#7215));
#7205 = ORIENTED_EDGE('',*,*,#7192,.F.);
#7206 = ORIENTED_EDGE('',*,*,#7065,.T.);
#7207 = ORIENTED_EDGE('',*,*,#7208,.T.);
#7208 = EDGE_CURVE('',#7058,#7209,#7211,.T.);
#7209 = VERTEX_POINT('',#7210);
#7210 = CARTESIAN_POINT('',(332.5,-185.5,1.187E+03));
#7211 = LINE('',#7212,#7213);
#7212 = CARTESIAN_POINT('',(-332.5,-185.5,1.187E+03));
#7213 = VECTOR('',#7214,1.);
#7214 = DIRECTION('',(1.,0.,0.));
#7215 = ORIENTED_EDGE('',*,*,#7216,.F.);
#7216 = EDGE_CURVE('',#7185,#7209,#7217,.T.);
#7217 = LINE('',#7218,#7219);
#7218 = CARTESIAN_POINT('',(332.5,-185.5,1.158E+03));
#7219 = VECTOR('',#7220,1.);
#7220 = DIRECTION('',(0.,0.,1.));
#7221 = PLANE('',#7222);
#7222 = AXIS2_PLACEMENT_3D('',#7223,#7224,#7225);
#7223 = CARTESIAN_POINT('',(-332.5,-185.5,1.158E+03));
#7224 = DIRECTION('',(0.,1.,0.));
#7225 = DIRECTION('',(0.,0.,1.));
#7226 = ADVANCED_FACE('',(#7227),#7245,.F.);
#7227 = FACE_BOUND('',#7228,.F.);
#7228 = EDGE_LOOP('',(#7229,#7230,#7238,#7244));
#7229 = ORIENTED_EDGE('',*,*,#7057,.F.);
#7230 = ORIENTED_EDGE('',*,*,#7231,.T.);
#7231 = EDGE_CURVE('',#7050,#7232,#7234,.T.);
#7232 = VERTEX_POINT('',#7233);
#7233 = CARTESIAN_POINT('',(332.5,-214.5,1.187E+03));
#7234 = LINE('',#7235,#7236);
#7235 = CARTESIAN_POINT('',(-332.5,-214.5,1.187E+03));
#7236 = VECTOR('',#7237,1.);
#7237 = DIRECTION('',(1.,0.,0.));
#7238 = ORIENTED_EDGE('',*,*,#7239,.T.);
#7239 = EDGE_CURVE('',#7232,#7209,#7240,.T.);
#7240 = LINE('',#7241,#7242);
#7241 = CARTESIAN_POINT('',(332.5,-214.5,1.187E+03));
#7242 = VECTOR('',#7243,1.);
#7243 = DIRECTION('',(0.,1.,0.));
#7244 = ORIENTED_EDGE('',*,*,#7208,.F.);
#7245 = PLANE('',#7246);
#7246 = AXIS2_PLACEMENT_3D('',#7247,#7248,#7249);
#7247 = CARTESIAN_POINT('',(-332.5,-214.5,1.187E+03));
#7248 = DIRECTION('',(0.,0.,1.));
#7249 = DIRECTION('',(1.,0.,0.));
#7250 = ADVANCED_FACE('',(#7251),#7262,.T.);
#7251 = FACE_BOUND('',#7252,.T.);
#7252 = EDGE_LOOP('',(#7253,#7254,#7255,#7256));
#7253 = ORIENTED_EDGE('',*,*,#7176,.F.);
#7254 = ORIENTED_EDGE('',*,*,#7049,.T.);
#7255 = ORIENTED_EDGE('',*,*,#7231,.T.);
#7256 = ORIENTED_EDGE('',*,*,#7257,.F.);
#7257 = EDGE_CURVE('',#7177,#7232,#7258,.T.);
#7258 = LINE('',#7259,#7260);
#7259 = CARTESIAN_POINT('',(332.5,-214.5,1.158E+03));
#7260 = VECTOR('',#7261,1.);
#7261 = DIRECTION('',(0.,0.,1.));
#7262 = PLANE('',#7263);
#7263 = AXIS2_PLACEMENT_3D('',#7264,#7265,#7266);
#7264 = CARTESIAN_POINT('',(-332.5,-214.5,1.158E+03));
#7265 = DIRECTION('',(0.,1.,0.));
#7266 = DIRECTION('',(0.,0.,1.));
#7267 = ADVANCED_FACE('',(#7268,#7274),#7280,.T.);
#7268 = FACE_BOUND('',#7269,.T.);
#7269 = EDGE_LOOP('',(#7270,#7271,#7272,#7273));
#7270 = ORIENTED_EDGE('',*,*,#7096,.F.);
#7271 = ORIENTED_EDGE('',*,*,#7136,.T.);
#7272 = ORIENTED_EDGE('',*,*,#7161,.T.);
#7273 = ORIENTED_EDGE('',*,*,#7112,.F.);
#7274 = FACE_BOUND('',#7275,.T.);
#7275 = EDGE_LOOP('',(#7276,#7277,#7278,#7279));
#7276 = ORIENTED_EDGE('',*,*,#7184,.F.);
#7277 = ORIENTED_EDGE('',*,*,#7257,.T.);
#7278 = ORIENTED_EDGE('',*,*,#7239,.T.);
#7279 = ORIENTED_EDGE('',*,*,#7216,.F.);
#7280 = PLANE('',#7281);
#7281 = AXIS2_PLACEMENT_3D('',#7282,#7283,#7284);
#7282 = CARTESIAN_POINT('',(332.5,-217.5,1.155E+03));
#7283 = DIRECTION('',(1.,0.,0.));
#7284 = DIRECTION('',(0.,0.,1.));
#7285 = MANIFOLD_SOLID_BREP('',#7286);
#7286 = CLOSED_SHELL('',(#7287,#7327,#7392,#7416,#7474,#7491,#7503,#7525
    ,#7542,#7559));
#7287 = ADVANCED_FACE('',(#7288),#7322,.F.);
#7288 = FACE_BOUND('',#7289,.F.);
#7289 = EDGE_LOOP('',(#7290,#7300,#7308,#7316));
#7290 = ORIENTED_EDGE('',*,*,#7291,.F.);
#7291 = EDGE_CURVE('',#7292,#7294,#7296,.T.);
#7292 = VERTEX_POINT('',#7293);
#7293 = CARTESIAN_POINT('',(-367.5,-182.5,1.155E+03));
#7294 = VERTEX_POINT('',#7295);
#7295 = CARTESIAN_POINT('',(-367.5,-182.5,1.19E+03));
#7296 = LINE('',#7297,#7298);
#7297 = CARTESIAN_POINT('',(-367.5,-182.5,1.155E+03));
#7298 = VECTOR('',#7299,1.);
#7299 = DIRECTION('',(0.,0.,1.));
#7300 = ORIENTED_EDGE('',*,*,#7301,.T.);
#7301 = EDGE_CURVE('',#7292,#7302,#7304,.T.);
#7302 = VERTEX_POINT('',#7303);
#7303 = CARTESIAN_POINT('',(-367.5,182.5,1.155E+03));
#7304 = LINE('',#7305,#7306);
#7305 = CARTESIAN_POINT('',(-367.5,-182.5,1.155E+03));
#7306 = VECTOR('',#7307,1.);
#7307 = DIRECTION('',(0.,1.,0.));
#7308 = ORIENTED_EDGE('',*,*,#7309,.T.);
#7309 = EDGE_CURVE('',#7302,#7310,#7312,.T.);
#7310 = VERTEX_POINT('',#7311);
#7311 = CARTESIAN_POINT('',(-367.5,182.5,1.19E+03));
#7312 = LINE('',#7313,#7314);
#7313 = CARTESIAN_POINT('',(-367.5,182.5,1.155E+03));
#7314 = VECTOR('',#7315,1.);
#7315 = DIRECTION('',(0.,0.,1.));
#7316 = ORIENTED_EDGE('',*,*,#7317,.F.);
#7317 = EDGE_CURVE('',#7294,#7310,#7318,.T.);
#7318 = LINE('',#7319,#7320);
#7319 = CARTESIAN_POINT('',(-367.5,-182.5,1.19E+03));
#7320 = VECTOR('',#7321,1.);
#7321 = DIRECTION('',(0.,1.,0.));
#7322 = PLANE('',#7323);
#7323 = AXIS2_PLACEMENT_3D('',#7324,#7325,#7326);
#7324 = CARTESIAN_POINT('',(-367.5,-182.5,1.155E+03));
#7325 = DIRECTION('',(1.,0.,0.));
#7326 = DIRECTION('',(0.,0.,1.));
#7327 = ADVANCED_FACE('',(#7328,#7353),#7387,.F.);
#7328 = FACE_BOUND('',#7329,.F.);
#7329 = EDGE_LOOP('',(#7330,#7338,#7339,#7347));
#7330 = ORIENTED_EDGE('',*,*,#7331,.F.);
#7331 = EDGE_CURVE('',#7292,#7332,#7334,.T.);
#7332 = VERTEX_POINT('',#7333);
#7333 = CARTESIAN_POINT('',(-332.5,-182.5,1.155E+03));
#7334 = LINE('',#7335,#7336);
#7335 = CARTESIAN_POINT('',(-367.5,-182.5,1.155E+03));
#7336 = VECTOR('',#7337,1.);
#7337 = DIRECTION('',(1.,0.,0.));
#7338 = ORIENTED_EDGE('',*,*,#7291,.T.);
#7339 = ORIENTED_EDGE('',*,*,#7340,.T.);
#7340 = EDGE_CURVE('',#7294,#7341,#7343,.T.);
#7341 = VERTEX_POINT('',#7342);
#7342 = CARTESIAN_POINT('',(-332.5,-182.5,1.19E+03));
#7343 = LINE('',#7344,#7345);
#7344 = CARTESIAN_POINT('',(-367.5,-182.5,1.19E+03));
#7345 = VECTOR('',#7346,1.);
#7346 = DIRECTION('',(1.,0.,0.));
#7347 = ORIENTED_EDGE('',*,*,#7348,.F.);
#7348 = EDGE_CURVE('',#7332,#7341,#7349,.T.);
#7349 = LINE('',#7350,#7351);
#7350 = CARTESIAN_POINT('',(-332.5,-182.5,1.155E+03));
#7351 = VECTOR('',#7352,1.);
#7352 = DIRECTION('',(0.,0.,1.));
#7353 = FACE_BOUND('',#7354,.F.);
#7354 = EDGE_LOOP('',(#7355,#7365,#7373,#7381));
#7355 = ORIENTED_EDGE('',*,*,#7356,.F.);
#7356 = EDGE_CURVE('',#7357,#7359,#7361,.T.);
#7357 = VERTEX_POINT('',#7358);
#7358 = CARTESIAN_POINT('',(-364.5,-182.5,1.158E+03));
#7359 = VERTEX_POINT('',#7360);
#7360 = CARTESIAN_POINT('',(-364.5,-182.5,1.187E+03));
#7361 = LINE('',#7362,#7363);
#7362 = CARTESIAN_POINT('',(-364.5,-182.5,1.158E+03));
#7363 = VECTOR('',#7364,1.);
#7364 = DIRECTION('',(0.,0.,1.));
#7365 = ORIENTED_EDGE('',*,*,#7366,.T.);
#7366 = EDGE_CURVE('',#7357,#7367,#7369,.T.);
#7367 = VERTEX_POINT('',#7368);
#7368 = CARTESIAN_POINT('',(-335.5,-182.5,1.158E+03));
#7369 = LINE('',#7370,#7371);
#7370 = CARTESIAN_POINT('',(-364.5,-182.5,1.158E+03));
#7371 = VECTOR('',#7372,1.);
#7372 = DIRECTION('',(1.,0.,0.));
#7373 = ORIENTED_EDGE('',*,*,#7374,.T.);
#7374 = EDGE_CURVE('',#7367,#7375,#7377,.T.);
#7375 = VERTEX_POINT('',#7376);
#7376 = CARTESIAN_POINT('',(-335.5,-182.5,1.187E+03));
#7377 = LINE('',#7378,#7379);
#7378 = CARTESIAN_POINT('',(-335.5,-182.5,1.158E+03));
#7379 = VECTOR('',#7380,1.);
#7380 = DIRECTION('',(0.,0.,1.));
#7381 = ORIENTED_EDGE('',*,*,#7382,.F.);
#7382 = EDGE_CURVE('',#7359,#7375,#7383,.T.);
#7383 = LINE('',#7384,#7385);
#7384 = CARTESIAN_POINT('',(-364.5,-182.5,1.187E+03));
#7385 = VECTOR('',#7386,1.);
#7386 = DIRECTION('',(1.,0.,0.));
#7387 = PLANE('',#7388);
#7388 = AXIS2_PLACEMENT_3D('',#7389,#7390,#7391);
#7389 = CARTESIAN_POINT('',(-367.5,-182.5,1.155E+03));
#7390 = DIRECTION('',(0.,1.,0.));
#7391 = DIRECTION('',(0.,0.,1.));
#7392 = ADVANCED_FACE('',(#7393),#7411,.T.);
#7393 = FACE_BOUND('',#7394,.T.);
#7394 = EDGE_LOOP('',(#7395,#7396,#7397,#7405));
#7395 = ORIENTED_EDGE('',*,*,#7317,.F.);
#7396 = ORIENTED_EDGE('',*,*,#7340,.T.);
#7397 = ORIENTED_EDGE('',*,*,#7398,.T.);
#7398 = EDGE_CURVE('',#7341,#7399,#7401,.T.);
#7399 = VERTEX_POINT('',#7400);
#7400 = CARTESIAN_POINT('',(-332.5,182.5,1.19E+03));
#7401 = LINE('',#7402,#7403);
#7402 = CARTESIAN_POINT('',(-332.5,-182.5,1.19E+03));
#7403 = VECTOR('',#7404,1.);
#7404 = DIRECTION('',(0.,1.,0.));
#7405 = ORIENTED_EDGE('',*,*,#7406,.F.);
#7406 = EDGE_CURVE('',#7310,#7399,#7407,.T.);
#7407 = LINE('',#7408,#7409);
#7408 = CARTESIAN_POINT('',(-367.5,182.5,1.19E+03));
#7409 = VECTOR('',#7410,1.);
#7410 = DIRECTION('',(1.,0.,0.));
#7411 = PLANE('',#7412);
#7412 = AXIS2_PLACEMENT_3D('',#7413,#7414,#7415);
#7413 = CARTESIAN_POINT('',(-367.5,-182.5,1.19E+03));
#7414 = DIRECTION('',(0.,0.,1.));
#7415 = DIRECTION('',(1.,0.,0.));
#7416 = ADVANCED_FACE('',(#7417,#7435),#7469,.T.);
#7417 = FACE_BOUND('',#7418,.T.);
#7418 = EDGE_LOOP('',(#7419,#7427,#7428,#7429));
#7419 = ORIENTED_EDGE('',*,*,#7420,.F.);
#7420 = EDGE_CURVE('',#7302,#7421,#7423,.T.);
#7421 = VERTEX_POINT('',#7422);
#7422 = CARTESIAN_POINT('',(-332.5,182.5,1.155E+03));
#7423 = LINE('',#7424,#7425);
#7424 = CARTESIAN_POINT('',(-367.5,182.5,1.155E+03));
#7425 = VECTOR('',#7426,1.);
#7426 = DIRECTION('',(1.,0.,0.));
#7427 = ORIENTED_EDGE('',*,*,#7309,.T.);
#7428 = ORIENTED_EDGE('',*,*,#7406,.T.);
#7429 = ORIENTED_EDGE('',*,*,#7430,.F.);
#7430 = EDGE_CURVE('',#7421,#7399,#7431,.T.);
#7431 = LINE('',#7432,#7433);
#7432 = CARTESIAN_POINT('',(-332.5,182.5,1.155E+03));
#7433 = VECTOR('',#7434,1.);
#7434 = DIRECTION('',(0.,0.,1.));
#7435 = FACE_BOUND('',#7436,.T.);
#7436 = EDGE_LOOP('',(#7437,#7447,#7455,#7463));
#7437 = ORIENTED_EDGE('',*,*,#7438,.F.);
#7438 = EDGE_CURVE('',#7439,#7441,#7443,.T.);
#7439 = VERTEX_POINT('',#7440);
#7440 = CARTESIAN_POINT('',(-364.5,182.5,1.158E+03));
#7441 = VERTEX_POINT('',#7442);
#7442 = CARTESIAN_POINT('',(-364.5,182.5,1.187E+03));
#7443 = LINE('',#7444,#7445);
#7444 = CARTESIAN_POINT('',(-364.5,182.5,1.158E+03));
#7445 = VECTOR('',#7446,1.);
#7446 = DIRECTION('',(0.,0.,1.));
#7447 = ORIENTED_EDGE('',*,*,#7448,.T.);
#7448 = EDGE_CURVE('',#7439,#7449,#7451,.T.);
#7449 = VERTEX_POINT('',#7450);
#7450 = CARTESIAN_POINT('',(-335.5,182.5,1.158E+03));
#7451 = LINE('',#7452,#7453);
#7452 = CARTESIAN_POINT('',(-364.5,182.5,1.158E+03));
#7453 = VECTOR('',#7454,1.);
#7454 = DIRECTION('',(1.,0.,0.));
#7455 = ORIENTED_EDGE('',*,*,#7456,.T.);
#7456 = EDGE_CURVE('',#7449,#7457,#7459,.T.);
#7457 = VERTEX_POINT('',#7458);
#7458 = CARTESIAN_POINT('',(-335.5,182.5,1.187E+03));
#7459 = LINE('',#7460,#7461);
#7460 = CARTESIAN_POINT('',(-335.5,182.5,1.158E+03));
#7461 = VECTOR('',#7462,1.);
#7462 = DIRECTION('',(0.,0.,1.));
#7463 = ORIENTED_EDGE('',*,*,#7464,.F.);
#7464 = EDGE_CURVE('',#7441,#7457,#7465,.T.);
#7465 = LINE('',#7466,#7467);
#7466 = CARTESIAN_POINT('',(-364.5,182.5,1.187E+03));
#7467 = VECTOR('',#7468,1.);
#7468 = DIRECTION('',(1.,0.,0.));
#7469 = PLANE('',#7470);
#7470 = AXIS2_PLACEMENT_3D('',#7471,#7472,#7473);
#7471 = CARTESIAN_POINT('',(-367.5,182.5,1.155E+03));
#7472 = DIRECTION('',(0.,1.,0.));
#7473 = DIRECTION('',(0.,0.,1.));
#7474 = ADVANCED_FACE('',(#7475),#7486,.F.);
#7475 = FACE_BOUND('',#7476,.F.);
#7476 = EDGE_LOOP('',(#7477,#7478,#7479,#7485));
#7477 = ORIENTED_EDGE('',*,*,#7301,.F.);
#7478 = ORIENTED_EDGE('',*,*,#7331,.T.);
#7479 = ORIENTED_EDGE('',*,*,#7480,.T.);
#7480 = EDGE_CURVE('',#7332,#7421,#7481,.T.);
#7481 = LINE('',#7482,#7483);
#7482 = CARTESIAN_POINT('',(-332.5,-182.5,1.155E+03));
#7483 = VECTOR('',#7484,1.);
#7484 = DIRECTION('',(0.,1.,0.));
#7485 = ORIENTED_EDGE('',*,*,#7420,.F.);
#7486 = PLANE('',#7487);
#7487 = AXIS2_PLACEMENT_3D('',#7488,#7489,#7490);
#7488 = CARTESIAN_POINT('',(-367.5,-182.5,1.155E+03));
#7489 = DIRECTION('',(0.,0.,1.));
#7490 = DIRECTION('',(1.,0.,0.));
#7491 = ADVANCED_FACE('',(#7492),#7498,.T.);
#7492 = FACE_BOUND('',#7493,.T.);
#7493 = EDGE_LOOP('',(#7494,#7495,#7496,#7497));
#7494 = ORIENTED_EDGE('',*,*,#7348,.F.);
#7495 = ORIENTED_EDGE('',*,*,#7480,.T.);
#7496 = ORIENTED_EDGE('',*,*,#7430,.T.);
#7497 = ORIENTED_EDGE('',*,*,#7398,.F.);
#7498 = PLANE('',#7499);
#7499 = AXIS2_PLACEMENT_3D('',#7500,#7501,#7502);
#7500 = CARTESIAN_POINT('',(-332.5,-182.5,1.155E+03));
#7501 = DIRECTION('',(1.,0.,0.));
#7502 = DIRECTION('',(0.,0.,1.));
#7503 = ADVANCED_FACE('',(#7504),#7520,.T.);
#7504 = FACE_BOUND('',#7505,.T.);
#7505 = EDGE_LOOP('',(#7506,#7507,#7513,#7514));
#7506 = ORIENTED_EDGE('',*,*,#7356,.F.);
#7507 = ORIENTED_EDGE('',*,*,#7508,.T.);
#7508 = EDGE_CURVE('',#7357,#7439,#7509,.T.);
#7509 = LINE('',#7510,#7511);
#7510 = CARTESIAN_POINT('',(-364.5,-182.5,1.158E+03));
#7511 = VECTOR('',#7512,1.);
#7512 = DIRECTION('',(0.,1.,0.));
#7513 = ORIENTED_EDGE('',*,*,#7438,.T.);
#7514 = ORIENTED_EDGE('',*,*,#7515,.F.);
#7515 = EDGE_CURVE('',#7359,#7441,#7516,.T.);
#7516 = LINE('',#7517,#7518);
#7517 = CARTESIAN_POINT('',(-364.5,-182.5,1.187E+03));
#7518 = VECTOR('',#7519,1.);
#7519 = DIRECTION('',(0.,1.,0.));
#7520 = PLANE('',#7521);
#7521 = AXIS2_PLACEMENT_3D('',#7522,#7523,#7524);
#7522 = CARTESIAN_POINT('',(-364.5,-182.5,1.158E+03));
#7523 = DIRECTION('',(1.,0.,0.));
#7524 = DIRECTION('',(0.,0.,1.));
#7525 = ADVANCED_FACE('',(#7526),#7537,.F.);
#7526 = FACE_BOUND('',#7527,.F.);
#7527 = EDGE_LOOP('',(#7528,#7529,#7530,#7536));
#7528 = ORIENTED_EDGE('',*,*,#7515,.F.);
#7529 = ORIENTED_EDGE('',*,*,#7382,.T.);
#7530 = ORIENTED_EDGE('',*,*,#7531,.T.);
#7531 = EDGE_CURVE('',#7375,#7457,#7532,.T.);
#7532 = LINE('',#7533,#7534);
#7533 = CARTESIAN_POINT('',(-335.5,-182.5,1.187E+03));
#7534 = VECTOR('',#7535,1.);
#7535 = DIRECTION('',(0.,1.,0.));
#7536 = ORIENTED_EDGE('',*,*,#7464,.F.);
#7537 = PLANE('',#7538);
#7538 = AXIS2_PLACEMENT_3D('',#7539,#7540,#7541);
#7539 = CARTESIAN_POINT('',(-364.5,-182.5,1.187E+03));
#7540 = DIRECTION('',(0.,0.,1.));
#7541 = DIRECTION('',(1.,0.,0.));
#7542 = ADVANCED_FACE('',(#7543),#7554,.F.);
#7543 = FACE_BOUND('',#7544,.F.);
#7544 = EDGE_LOOP('',(#7545,#7546,#7552,#7553));
#7545 = ORIENTED_EDGE('',*,*,#7374,.F.);
#7546 = ORIENTED_EDGE('',*,*,#7547,.T.);
#7547 = EDGE_CURVE('',#7367,#7449,#7548,.T.);
#7548 = LINE('',#7549,#7550);
#7549 = CARTESIAN_POINT('',(-335.5,-182.5,1.158E+03));
#7550 = VECTOR('',#7551,1.);
#7551 = DIRECTION('',(0.,1.,0.));
#7552 = ORIENTED_EDGE('',*,*,#7456,.T.);
#7553 = ORIENTED_EDGE('',*,*,#7531,.F.);
#7554 = PLANE('',#7555);
#7555 = AXIS2_PLACEMENT_3D('',#7556,#7557,#7558);
#7556 = CARTESIAN_POINT('',(-335.5,-182.5,1.158E+03));
#7557 = DIRECTION('',(1.,0.,0.));
#7558 = DIRECTION('',(0.,0.,1.));
#7559 = ADVANCED_FACE('',(#7560),#7566,.T.);
#7560 = FACE_BOUND('',#7561,.T.);
#7561 = EDGE_LOOP('',(#7562,#7563,#7564,#7565));
#7562 = ORIENTED_EDGE('',*,*,#7508,.F.);
#7563 = ORIENTED_EDGE('',*,*,#7366,.T.);
#7564 = ORIENTED_EDGE('',*,*,#7547,.T.);
#7565 = ORIENTED_EDGE('',*,*,#7448,.F.);
#7566 = PLANE('',#7567);
#7567 = AXIS2_PLACEMENT_3D('',#7568,#7569,#7570);
#7568 = CARTESIAN_POINT('',(-364.5,-182.5,1.158E+03));
#7569 = DIRECTION('',(0.,0.,1.));
#7570 = DIRECTION('',(1.,0.,0.));
#7571 = MANIFOLD_SOLID_BREP('',#7572);
#7572 = CLOSED_SHELL('',(#7573,#7647,#7678,#7702,#7726,#7743,#7774,#7798
    ,#7822,#7839));
#7573 = ADVANCED_FACE('',(#7574,#7608),#7642,.F.);
#7574 = FACE_BOUND('',#7575,.F.);
#7575 = EDGE_LOOP('',(#7576,#7586,#7594,#7602));
#7576 = ORIENTED_EDGE('',*,*,#7577,.F.);
#7577 = EDGE_CURVE('',#7578,#7580,#7582,.T.);
#7578 = VERTEX_POINT('',#7579);
#7579 = CARTESIAN_POINT('',(-332.5,182.5,1.155E+03));
#7580 = VERTEX_POINT('',#7581);
#7581 = CARTESIAN_POINT('',(-332.5,182.5,1.19E+03));
#7582 = LINE('',#7583,#7584);
#7583 = CARTESIAN_POINT('',(-332.5,182.5,1.155E+03));
#7584 = VECTOR('',#7585,1.);
#7585 = DIRECTION('',(0.,0.,1.));
#7586 = ORIENTED_EDGE('',*,*,#7587,.T.);
#7587 = EDGE_CURVE('',#7578,#7588,#7590,.T.);
#7588 = VERTEX_POINT('',#7589);
#7589 = CARTESIAN_POINT('',(-332.5,217.5,1.155E+03));
#7590 = LINE('',#7591,#7592);
#7591 = CARTESIAN_POINT('',(-332.5,182.5,1.155E+03));
#7592 = VECTOR('',#7593,1.);
#7593 = DIRECTION('',(0.,1.,0.));
#7594 = ORIENTED_EDGE('',*,*,#7595,.T.);
#7595 = EDGE_CURVE('',#7588,#7596,#7598,.T.);
#7596 = VERTEX_POINT('',#7597);
#7597 = CARTESIAN_POINT('',(-332.5,217.5,1.19E+03));
#7598 = LINE('',#7599,#7600);
#7599 = CARTESIAN_POINT('',(-332.5,217.5,1.155E+03));
#7600 = VECTOR('',#7601,1.);
#7601 = DIRECTION('',(0.,0.,1.));
#7602 = ORIENTED_EDGE('',*,*,#7603,.F.);
#7603 = EDGE_CURVE('',#7580,#7596,#7604,.T.);
#7604 = LINE('',#7605,#7606);
#7605 = CARTESIAN_POINT('',(-332.5,182.5,1.19E+03));
#7606 = VECTOR('',#7607,1.);
#7607 = DIRECTION('',(0.,1.,0.));
#7608 = FACE_BOUND('',#7609,.F.);
#7609 = EDGE_LOOP('',(#7610,#7620,#7628,#7636));
#7610 = ORIENTED_EDGE('',*,*,#7611,.F.);
#7611 = EDGE_CURVE('',#7612,#7614,#7616,.T.);
#7612 = VERTEX_POINT('',#7613);
#7613 = CARTESIAN_POINT('',(-332.5,185.5,1.158E+03));
#7614 = VERTEX_POINT('',#7615);
#7615 = CARTESIAN_POINT('',(-332.5,214.5,1.158E+03));
#7616 = LINE('',#7617,#7618);
#7617 = CARTESIAN_POINT('',(-332.5,185.5,1.158E+03));
#7618 = VECTOR('',#7619,1.);
#7619 = DIRECTION('',(0.,1.,0.));
#7620 = ORIENTED_EDGE('',*,*,#7621,.T.);
#7621 = EDGE_CURVE('',#7612,#7622,#7624,.T.);
#7622 = VERTEX_POINT('',#7623);
#7623 = CARTESIAN_POINT('',(-332.5,185.5,1.187E+03));
#7624 = LINE('',#7625,#7626);
#7625 = CARTESIAN_POINT('',(-332.5,185.5,1.158E+03));
#7626 = VECTOR('',#7627,1.);
#7627 = DIRECTION('',(0.,0.,1.));
#7628 = ORIENTED_EDGE('',*,*,#7629,.T.);
#7629 = EDGE_CURVE('',#7622,#7630,#7632,.T.);
#7630 = VERTEX_POINT('',#7631);
#7631 = CARTESIAN_POINT('',(-332.5,214.5,1.187E+03));
#7632 = LINE('',#7633,#7634);
#7633 = CARTESIAN_POINT('',(-332.5,185.5,1.187E+03));
#7634 = VECTOR('',#7635,1.);
#7635 = DIRECTION('',(0.,1.,0.));
#7636 = ORIENTED_EDGE('',*,*,#7637,.F.);
#7637 = EDGE_CURVE('',#7614,#7630,#7638,.T.);
#7638 = LINE('',#7639,#7640);
#7639 = CARTESIAN_POINT('',(-332.5,214.5,1.158E+03));
#7640 = VECTOR('',#7641,1.);
#7641 = DIRECTION('',(0.,0.,1.));
#7642 = PLANE('',#7643);
#7643 = AXIS2_PLACEMENT_3D('',#7644,#7645,#7646);
#7644 = CARTESIAN_POINT('',(-332.5,182.5,1.155E+03));
#7645 = DIRECTION('',(1.,0.,0.));
#7646 = DIRECTION('',(0.,0.,1.));
#7647 = ADVANCED_FACE('',(#7648),#7673,.F.);
#7648 = FACE_BOUND('',#7649,.F.);
#7649 = EDGE_LOOP('',(#7650,#7658,#7659,#7667));
#7650 = ORIENTED_EDGE('',*,*,#7651,.F.);
#7651 = EDGE_CURVE('',#7578,#7652,#7654,.T.);
#7652 = VERTEX_POINT('',#7653);
#7653 = CARTESIAN_POINT('',(332.5,182.5,1.155E+03));
#7654 = LINE('',#7655,#7656);
#7655 = CARTESIAN_POINT('',(-332.5,182.5,1.155E+03));
#7656 = VECTOR('',#7657,1.);
#7657 = DIRECTION('',(1.,0.,0.));
#7658 = ORIENTED_EDGE('',*,*,#7577,.T.);
#7659 = ORIENTED_EDGE('',*,*,#7660,.T.);
#7660 = EDGE_CURVE('',#7580,#7661,#7663,.T.);
#7661 = VERTEX_POINT('',#7662);
#7662 = CARTESIAN_POINT('',(332.5,182.5,1.19E+03));
#7663 = LINE('',#7664,#7665);
#7664 = CARTESIAN_POINT('',(-332.5,182.5,1.19E+03));
#7665 = VECTOR('',#7666,1.);
#7666 = DIRECTION('',(1.,0.,0.));
#7667 = ORIENTED_EDGE('',*,*,#7668,.F.);
#7668 = EDGE_CURVE('',#7652,#7661,#7669,.T.);
#7669 = LINE('',#7670,#7671);
#7670 = CARTESIAN_POINT('',(332.5,182.5,1.155E+03));
#7671 = VECTOR('',#7672,1.);
#7672 = DIRECTION('',(0.,0.,1.));
#7673 = PLANE('',#7674);
#7674 = AXIS2_PLACEMENT_3D('',#7675,#7676,#7677);
#7675 = CARTESIAN_POINT('',(-332.5,182.5,1.155E+03));
#7676 = DIRECTION('',(0.,1.,0.));
#7677 = DIRECTION('',(0.,0.,1.));
#7678 = ADVANCED_FACE('',(#7679),#7697,.T.);
#7679 = FACE_BOUND('',#7680,.T.);
#7680 = EDGE_LOOP('',(#7681,#7682,#7683,#7691));
#7681 = ORIENTED_EDGE('',*,*,#7603,.F.);
#7682 = ORIENTED_EDGE('',*,*,#7660,.T.);
#7683 = ORIENTED_EDGE('',*,*,#7684,.T.);
#7684 = EDGE_CURVE('',#7661,#7685,#7687,.T.);
#7685 = VERTEX_POINT('',#7686);
#7686 = CARTESIAN_POINT('',(332.5,217.5,1.19E+03));
#7687 = LINE('',#7688,#7689);
#7688 = CARTESIAN_POINT('',(332.5,182.5,1.19E+03));
#7689 = VECTOR('',#7690,1.);
#7690 = DIRECTION('',(0.,1.,0.));
#7691 = ORIENTED_EDGE('',*,*,#7692,.F.);
#7692 = EDGE_CURVE('',#7596,#7685,#7693,.T.);
#7693 = LINE('',#7694,#7695);
#7694 = CARTESIAN_POINT('',(-332.5,217.5,1.19E+03));
#7695 = VECTOR('',#7696,1.);
#7696 = DIRECTION('',(1.,0.,0.));
#7697 = PLANE('',#7698);
#7698 = AXIS2_PLACEMENT_3D('',#7699,#7700,#7701);
#7699 = CARTESIAN_POINT('',(-332.5,182.5,1.19E+03));
#7700 = DIRECTION('',(0.,0.,1.));
#7701 = DIRECTION('',(1.,0.,0.));
#7702 = ADVANCED_FACE('',(#7703),#7721,.F.);
#7703 = FACE_BOUND('',#7704,.F.);
#7704 = EDGE_LOOP('',(#7705,#7706,#7707,#7715));
#7705 = ORIENTED_EDGE('',*,*,#7587,.F.);
#7706 = ORIENTED_EDGE('',*,*,#7651,.T.);
#7707 = ORIENTED_EDGE('',*,*,#7708,.T.);
#7708 = EDGE_CURVE('',#7652,#7709,#7711,.T.);
#7709 = VERTEX_POINT('',#7710);
#7710 = CARTESIAN_POINT('',(332.5,217.5,1.155E+03));
#7711 = LINE('',#7712,#7713);
#7712 = CARTESIAN_POINT('',(332.5,182.5,1.155E+03));
#7713 = VECTOR('',#7714,1.);
#7714 = DIRECTION('',(0.,1.,0.));
#7715 = ORIENTED_EDGE('',*,*,#7716,.F.);
#7716 = EDGE_CURVE('',#7588,#7709,#7717,.T.);
#7717 = LINE('',#7718,#7719);
#7718 = CARTESIAN_POINT('',(-332.5,217.5,1.155E+03));
#7719 = VECTOR('',#7720,1.);
#7720 = DIRECTION('',(1.,0.,0.));
#7721 = PLANE('',#7722);
#7722 = AXIS2_PLACEMENT_3D('',#7723,#7724,#7725);
#7723 = CARTESIAN_POINT('',(-332.5,182.5,1.155E+03));
#7724 = DIRECTION('',(0.,0.,1.));
#7725 = DIRECTION('',(1.,0.,0.));
#7726 = ADVANCED_FACE('',(#7727),#7738,.T.);
#7727 = FACE_BOUND('',#7728,.T.);
#7728 = EDGE_LOOP('',(#7729,#7730,#7731,#7732));
#7729 = ORIENTED_EDGE('',*,*,#7716,.F.);
#7730 = ORIENTED_EDGE('',*,*,#7595,.T.);
#7731 = ORIENTED_EDGE('',*,*,#7692,.T.);
#7732 = ORIENTED_EDGE('',*,*,#7733,.F.);
#7733 = EDGE_CURVE('',#7709,#7685,#7734,.T.);
#7734 = LINE('',#7735,#7736);
#7735 = CARTESIAN_POINT('',(332.5,217.5,1.155E+03));
#7736 = VECTOR('',#7737,1.);
#7737 = DIRECTION('',(0.,0.,1.));
#7738 = PLANE('',#7739);
#7739 = AXIS2_PLACEMENT_3D('',#7740,#7741,#7742);
#7740 = CARTESIAN_POINT('',(-332.5,217.5,1.155E+03));
#7741 = DIRECTION('',(0.,1.,0.));
#7742 = DIRECTION('',(0.,0.,1.));
#7743 = ADVANCED_FACE('',(#7744),#7769,.T.);
#7744 = FACE_BOUND('',#7745,.T.);
#7745 = EDGE_LOOP('',(#7746,#7747,#7755,#7763));
#7746 = ORIENTED_EDGE('',*,*,#7611,.F.);
#7747 = ORIENTED_EDGE('',*,*,#7748,.T.);
#7748 = EDGE_CURVE('',#7612,#7749,#7751,.T.);
#7749 = VERTEX_POINT('',#7750);
#7750 = CARTESIAN_POINT('',(332.5,185.5,1.158E+03));
#7751 = LINE('',#7752,#7753);
#7752 = CARTESIAN_POINT('',(-332.5,185.5,1.158E+03));
#7753 = VECTOR('',#7754,1.);
#7754 = DIRECTION('',(1.,0.,0.));
#7755 = ORIENTED_EDGE('',*,*,#7756,.T.);
#7756 = EDGE_CURVE('',#7749,#7757,#7759,.T.);
#7757 = VERTEX_POINT('',#7758);
#7758 = CARTESIAN_POINT('',(332.5,214.5,1.158E+03));
#7759 = LINE('',#7760,#7761);
#7760 = CARTESIAN_POINT('',(332.5,185.5,1.158E+03));
#7761 = VECTOR('',#7762,1.);
#7762 = DIRECTION('',(0.,1.,0.));
#7763 = ORIENTED_EDGE('',*,*,#7764,.F.);
#7764 = EDGE_CURVE('',#7614,#7757,#7765,.T.);
#7765 = LINE('',#7766,#7767);
#7766 = CARTESIAN_POINT('',(-332.5,214.5,1.158E+03));
#7767 = VECTOR('',#7768,1.);
#7768 = DIRECTION('',(1.,0.,0.));
#7769 = PLANE('',#7770);
#7770 = AXIS2_PLACEMENT_3D('',#7771,#7772,#7773);
#7771 = CARTESIAN_POINT('',(-332.5,185.5,1.158E+03));
#7772 = DIRECTION('',(0.,0.,1.));
#7773 = DIRECTION('',(1.,0.,0.));
#7774 = ADVANCED_FACE('',(#7775),#7793,.F.);
#7775 = FACE_BOUND('',#7776,.F.);
#7776 = EDGE_LOOP('',(#7777,#7778,#7779,#7787));
#7777 = ORIENTED_EDGE('',*,*,#7764,.F.);
#7778 = ORIENTED_EDGE('',*,*,#7637,.T.);
#7779 = ORIENTED_EDGE('',*,*,#7780,.T.);
#7780 = EDGE_CURVE('',#7630,#7781,#7783,.T.);
#7781 = VERTEX_POINT('',#7782);
#7782 = CARTESIAN_POINT('',(332.5,214.5,1.187E+03));
#7783 = LINE('',#7784,#7785);
#7784 = CARTESIAN_POINT('',(-332.5,214.5,1.187E+03));
#7785 = VECTOR('',#7786,1.);
#7786 = DIRECTION('',(1.,0.,0.));
#7787 = ORIENTED_EDGE('',*,*,#7788,.F.);
#7788 = EDGE_CURVE('',#7757,#7781,#7789,.T.);
#7789 = LINE('',#7790,#7791);
#7790 = CARTESIAN_POINT('',(332.5,214.5,1.158E+03));
#7791 = VECTOR('',#7792,1.);
#7792 = DIRECTION('',(0.,0.,1.));
#7793 = PLANE('',#7794);
#7794 = AXIS2_PLACEMENT_3D('',#7795,#7796,#7797);
#7795 = CARTESIAN_POINT('',(-332.5,214.5,1.158E+03));
#7796 = DIRECTION('',(0.,1.,0.));
#7797 = DIRECTION('',(0.,0.,1.));
#7798 = ADVANCED_FACE('',(#7799),#7817,.F.);
#7799 = FACE_BOUND('',#7800,.F.);
#7800 = EDGE_LOOP('',(#7801,#7802,#7810,#7816));
#7801 = ORIENTED_EDGE('',*,*,#7629,.F.);
#7802 = ORIENTED_EDGE('',*,*,#7803,.T.);
#7803 = EDGE_CURVE('',#7622,#7804,#7806,.T.);
#7804 = VERTEX_POINT('',#7805);
#7805 = CARTESIAN_POINT('',(332.5,185.5,1.187E+03));
#7806 = LINE('',#7807,#7808);
#7807 = CARTESIAN_POINT('',(-332.5,185.5,1.187E+03));
#7808 = VECTOR('',#7809,1.);
#7809 = DIRECTION('',(1.,0.,0.));
#7810 = ORIENTED_EDGE('',*,*,#7811,.T.);
#7811 = EDGE_CURVE('',#7804,#7781,#7812,.T.);
#7812 = LINE('',#7813,#7814);
#7813 = CARTESIAN_POINT('',(332.5,185.5,1.187E+03));
#7814 = VECTOR('',#7815,1.);
#7815 = DIRECTION('',(0.,1.,0.));
#7816 = ORIENTED_EDGE('',*,*,#7780,.F.);
#7817 = PLANE('',#7818);
#7818 = AXIS2_PLACEMENT_3D('',#7819,#7820,#7821);
#7819 = CARTESIAN_POINT('',(-332.5,185.5,1.187E+03));
#7820 = DIRECTION('',(0.,0.,1.));
#7821 = DIRECTION('',(1.,0.,0.));
#7822 = ADVANCED_FACE('',(#7823),#7834,.T.);
#7823 = FACE_BOUND('',#7824,.T.);
#7824 = EDGE_LOOP('',(#7825,#7826,#7827,#7828));
#7825 = ORIENTED_EDGE('',*,*,#7748,.F.);
#7826 = ORIENTED_EDGE('',*,*,#7621,.T.);
#7827 = ORIENTED_EDGE('',*,*,#7803,.T.);
#7828 = ORIENTED_EDGE('',*,*,#7829,.F.);
#7829 = EDGE_CURVE('',#7749,#7804,#7830,.T.);
#7830 = LINE('',#7831,#7832);
#7831 = CARTESIAN_POINT('',(332.5,185.5,1.158E+03));
#7832 = VECTOR('',#7833,1.);
#7833 = DIRECTION('',(0.,0.,1.));
#7834 = PLANE('',#7835);
#7835 = AXIS2_PLACEMENT_3D('',#7836,#7837,#7838);
#7836 = CARTESIAN_POINT('',(-332.5,185.5,1.158E+03));
#7837 = DIRECTION('',(0.,1.,0.));
#7838 = DIRECTION('',(0.,0.,1.));
#7839 = ADVANCED_FACE('',(#7840,#7846),#7852,.T.);
#7840 = FACE_BOUND('',#7841,.T.);
#7841 = EDGE_LOOP('',(#7842,#7843,#7844,#7845));
#7842 = ORIENTED_EDGE('',*,*,#7668,.F.);
#7843 = ORIENTED_EDGE('',*,*,#7708,.T.);
#7844 = ORIENTED_EDGE('',*,*,#7733,.T.);
#7845 = ORIENTED_EDGE('',*,*,#7684,.F.);
#7846 = FACE_BOUND('',#7847,.T.);
#7847 = EDGE_LOOP('',(#7848,#7849,#7850,#7851));
#7848 = ORIENTED_EDGE('',*,*,#7756,.F.);
#7849 = ORIENTED_EDGE('',*,*,#7829,.T.);
#7850 = ORIENTED_EDGE('',*,*,#7811,.T.);
#7851 = ORIENTED_EDGE('',*,*,#7788,.F.);
#7852 = PLANE('',#7853);
#7853 = AXIS2_PLACEMENT_3D('',#7854,#7855,#7856);
#7854 = CARTESIAN_POINT('',(332.5,182.5,1.155E+03));
#7855 = DIRECTION('',(1.,0.,0.));
#7856 = DIRECTION('',(0.,0.,1.));
#7857 = MANIFOLD_SOLID_BREP('',#7858);
#7858 = CLOSED_SHELL('',(#7859,#7899,#7964,#7988,#8046,#8063,#8075,#8097
    ,#8114,#8131));
#7859 = ADVANCED_FACE('',(#7860),#7894,.F.);
#7860 = FACE_BOUND('',#7861,.F.);
#7861 = EDGE_LOOP('',(#7862,#7872,#7880,#7888));
#7862 = ORIENTED_EDGE('',*,*,#7863,.F.);
#7863 = EDGE_CURVE('',#7864,#7866,#7868,.T.);
#7864 = VERTEX_POINT('',#7865);
#7865 = CARTESIAN_POINT('',(332.5,-182.5,1.155E+03));
#7866 = VERTEX_POINT('',#7867);
#7867 = CARTESIAN_POINT('',(332.5,-182.5,1.19E+03));
#7868 = LINE('',#7869,#7870);
#7869 = CARTESIAN_POINT('',(332.5,-182.5,1.155E+03));
#7870 = VECTOR('',#7871,1.);
#7871 = DIRECTION('',(0.,0.,1.));
#7872 = ORIENTED_EDGE('',*,*,#7873,.T.);
#7873 = EDGE_CURVE('',#7864,#7874,#7876,.T.);
#7874 = VERTEX_POINT('',#7875);
#7875 = CARTESIAN_POINT('',(332.5,182.5,1.155E+03));
#7876 = LINE('',#7877,#7878);
#7877 = CARTESIAN_POINT('',(332.5,-182.5,1.155E+03));
#7878 = VECTOR('',#7879,1.);
#7879 = DIRECTION('',(0.,1.,0.));
#7880 = ORIENTED_EDGE('',*,*,#7881,.T.);
#7881 = EDGE_CURVE('',#7874,#7882,#7884,.T.);
#7882 = VERTEX_POINT('',#7883);
#7883 = CARTESIAN_POINT('',(332.5,182.5,1.19E+03));
#7884 = LINE('',#7885,#7886);
#7885 = CARTESIAN_POINT('',(332.5,182.5,1.155E+03));
#7886 = VECTOR('',#7887,1.);
#7887 = DIRECTION('',(0.,0.,1.));
#7888 = ORIENTED_EDGE('',*,*,#7889,.F.);
#7889 = EDGE_CURVE('',#7866,#7882,#7890,.T.);
#7890 = LINE('',#7891,#7892);
#7891 = CARTESIAN_POINT('',(332.5,-182.5,1.19E+03));
#7892 = VECTOR('',#7893,1.);
#7893 = DIRECTION('',(0.,1.,0.));
#7894 = PLANE('',#7895);
#7895 = AXIS2_PLACEMENT_3D('',#7896,#7897,#7898);
#7896 = CARTESIAN_POINT('',(332.5,-182.5,1.155E+03));
#7897 = DIRECTION('',(1.,0.,0.));
#7898 = DIRECTION('',(0.,0.,1.));
#7899 = ADVANCED_FACE('',(#7900,#7925),#7959,.F.);
#7900 = FACE_BOUND('',#7901,.F.);
#7901 = EDGE_LOOP('',(#7902,#7910,#7911,#7919));
#7902 = ORIENTED_EDGE('',*,*,#7903,.F.);
#7903 = EDGE_CURVE('',#7864,#7904,#7906,.T.);
#7904 = VERTEX_POINT('',#7905);
#7905 = CARTESIAN_POINT('',(367.5,-182.5,1.155E+03));
#7906 = LINE('',#7907,#7908);
#7907 = CARTESIAN_POINT('',(332.5,-182.5,1.155E+03));
#7908 = VECTOR('',#7909,1.);
#7909 = DIRECTION('',(1.,0.,0.));
#7910 = ORIENTED_EDGE('',*,*,#7863,.T.);
#7911 = ORIENTED_EDGE('',*,*,#7912,.T.);
#7912 = EDGE_CURVE('',#7866,#7913,#7915,.T.);
#7913 = VERTEX_POINT('',#7914);
#7914 = CARTESIAN_POINT('',(367.5,-182.5,1.19E+03));
#7915 = LINE('',#7916,#7917);
#7916 = CARTESIAN_POINT('',(332.5,-182.5,1.19E+03));
#7917 = VECTOR('',#7918,1.);
#7918 = DIRECTION('',(1.,0.,0.));
#7919 = ORIENTED_EDGE('',*,*,#7920,.F.);
#7920 = EDGE_CURVE('',#7904,#7913,#7921,.T.);
#7921 = LINE('',#7922,#7923);
#7922 = CARTESIAN_POINT('',(367.5,-182.5,1.155E+03));
#7923 = VECTOR('',#7924,1.);
#7924 = DIRECTION('',(0.,0.,1.));
#7925 = FACE_BOUND('',#7926,.F.);
#7926 = EDGE_LOOP('',(#7927,#7937,#7945,#7953));
#7927 = ORIENTED_EDGE('',*,*,#7928,.F.);
#7928 = EDGE_CURVE('',#7929,#7931,#7933,.T.);
#7929 = VERTEX_POINT('',#7930);
#7930 = CARTESIAN_POINT('',(335.5,-182.5,1.158E+03));
#7931 = VERTEX_POINT('',#7932);
#7932 = CARTESIAN_POINT('',(335.5,-182.5,1.187E+03));
#7933 = LINE('',#7934,#7935);
#7934 = CARTESIAN_POINT('',(335.5,-182.5,1.158E+03));
#7935 = VECTOR('',#7936,1.);
#7936 = DIRECTION('',(0.,0.,1.));
#7937 = ORIENTED_EDGE('',*,*,#7938,.T.);
#7938 = EDGE_CURVE('',#7929,#7939,#7941,.T.);
#7939 = VERTEX_POINT('',#7940);
#7940 = CARTESIAN_POINT('',(364.5,-182.5,1.158E+03));
#7941 = LINE('',#7942,#7943);
#7942 = CARTESIAN_POINT('',(335.5,-182.5,1.158E+03));
#7943 = VECTOR('',#7944,1.);
#7944 = DIRECTION('',(1.,0.,0.));
#7945 = ORIENTED_EDGE('',*,*,#7946,.T.);
#7946 = EDGE_CURVE('',#7939,#7947,#7949,.T.);
#7947 = VERTEX_POINT('',#7948);
#7948 = CARTESIAN_POINT('',(364.5,-182.5,1.187E+03));
#7949 = LINE('',#7950,#7951);
#7950 = CARTESIAN_POINT('',(364.5,-182.5,1.158E+03));
#7951 = VECTOR('',#7952,1.);
#7952 = DIRECTION('',(0.,0.,1.));
#7953 = ORIENTED_EDGE('',*,*,#7954,.F.);
#7954 = EDGE_CURVE('',#7931,#7947,#7955,.T.);
#7955 = LINE('',#7956,#7957);
#7956 = CARTESIAN_POINT('',(335.5,-182.5,1.187E+03));
#7957 = VECTOR('',#7958,1.);
#7958 = DIRECTION('',(1.,0.,0.));
#7959 = PLANE('',#7960);
#7960 = AXIS2_PLACEMENT_3D('',#7961,#7962,#7963);
#7961 = CARTESIAN_POINT('',(332.5,-182.5,1.155E+03));
#7962 = DIRECTION('',(0.,1.,0.));
#7963 = DIRECTION('',(0.,0.,1.));
#7964 = ADVANCED_FACE('',(#7965),#7983,.T.);
#7965 = FACE_BOUND('',#7966,.T.);
#7966 = EDGE_LOOP('',(#7967,#7968,#7969,#7977));
#7967 = ORIENTED_EDGE('',*,*,#7889,.F.);
#7968 = ORIENTED_EDGE('',*,*,#7912,.T.);
#7969 = ORIENTED_EDGE('',*,*,#7970,.T.);
#7970 = EDGE_CURVE('',#7913,#7971,#7973,.T.);
#7971 = VERTEX_POINT('',#7972);
#7972 = CARTESIAN_POINT('',(367.5,182.5,1.19E+03));
#7973 = LINE('',#7974,#7975);
#7974 = CARTESIAN_POINT('',(367.5,-182.5,1.19E+03));
#7975 = VECTOR('',#7976,1.);
#7976 = DIRECTION('',(0.,1.,0.));
#7977 = ORIENTED_EDGE('',*,*,#7978,.F.);
#7978 = EDGE_CURVE('',#7882,#7971,#7979,.T.);
#7979 = LINE('',#7980,#7981);
#7980 = CARTESIAN_POINT('',(332.5,182.5,1.19E+03));
#7981 = VECTOR('',#7982,1.);
#7982 = DIRECTION('',(1.,0.,0.));
#7983 = PLANE('',#7984);
#7984 = AXIS2_PLACEMENT_3D('',#7985,#7986,#7987);
#7985 = CARTESIAN_POINT('',(332.5,-182.5,1.19E+03));
#7986 = DIRECTION('',(0.,0.,1.));
#7987 = DIRECTION('',(1.,0.,0.));
#7988 = ADVANCED_FACE('',(#7989,#8007),#8041,.T.);
#7989 = FACE_BOUND('',#7990,.T.);
#7990 = EDGE_LOOP('',(#7991,#7999,#8000,#8001));
#7991 = ORIENTED_EDGE('',*,*,#7992,.F.);
#7992 = EDGE_CURVE('',#7874,#7993,#7995,.T.);
#7993 = VERTEX_POINT('',#7994);
#7994 = CARTESIAN_POINT('',(367.5,182.5,1.155E+03));
#7995 = LINE('',#7996,#7997);
#7996 = CARTESIAN_POINT('',(332.5,182.5,1.155E+03));
#7997 = VECTOR('',#7998,1.);
#7998 = DIRECTION('',(1.,0.,0.));
#7999 = ORIENTED_EDGE('',*,*,#7881,.T.);
#8000 = ORIENTED_EDGE('',*,*,#7978,.T.);
#8001 = ORIENTED_EDGE('',*,*,#8002,.F.);
#8002 = EDGE_CURVE('',#7993,#7971,#8003,.T.);
#8003 = LINE('',#8004,#8005);
#8004 = CARTESIAN_POINT('',(367.5,182.5,1.155E+03));
#8005 = VECTOR('',#8006,1.);
#8006 = DIRECTION('',(0.,0.,1.));
#8007 = FACE_BOUND('',#8008,.T.);
#8008 = EDGE_LOOP('',(#8009,#8019,#8027,#8035));
#8009 = ORIENTED_EDGE('',*,*,#8010,.F.);
#8010 = EDGE_CURVE('',#8011,#8013,#8015,.T.);
#8011 = VERTEX_POINT('',#8012);
#8012 = CARTESIAN_POINT('',(335.5,182.5,1.158E+03));
#8013 = VERTEX_POINT('',#8014);
#8014 = CARTESIAN_POINT('',(335.5,182.5,1.187E+03));
#8015 = LINE('',#8016,#8017);
#8016 = CARTESIAN_POINT('',(335.5,182.5,1.158E+03));
#8017 = VECTOR('',#8018,1.);
#8018 = DIRECTION('',(0.,0.,1.));
#8019 = ORIENTED_EDGE('',*,*,#8020,.T.);
#8020 = EDGE_CURVE('',#8011,#8021,#8023,.T.);
#8021 = VERTEX_POINT('',#8022);
#8022 = CARTESIAN_POINT('',(364.5,182.5,1.158E+03));
#8023 = LINE('',#8024,#8025);
#8024 = CARTESIAN_POINT('',(335.5,182.5,1.158E+03));
#8025 = VECTOR('',#8026,1.);
#8026 = DIRECTION('',(1.,0.,0.));
#8027 = ORIENTED_EDGE('',*,*,#8028,.T.);
#8028 = EDGE_CURVE('',#8021,#8029,#8031,.T.);
#8029 = VERTEX_POINT('',#8030);
#8030 = CARTESIAN_POINT('',(364.5,182.5,1.187E+03));
#8031 = LINE('',#8032,#8033);
#8032 = CARTESIAN_POINT('',(364.5,182.5,1.158E+03));
#8033 = VECTOR('',#8034,1.);
#8034 = DIRECTION('',(0.,0.,1.));
#8035 = ORIENTED_EDGE('',*,*,#8036,.F.);
#8036 = EDGE_CURVE('',#8013,#8029,#8037,.T.);
#8037 = LINE('',#8038,#8039);
#8038 = CARTESIAN_POINT('',(335.5,182.5,1.187E+03));
#8039 = VECTOR('',#8040,1.);
#8040 = DIRECTION('',(1.,0.,0.));
#8041 = PLANE('',#8042);
#8042 = AXIS2_PLACEMENT_3D('',#8043,#8044,#8045);
#8043 = CARTESIAN_POINT('',(332.5,182.5,1.155E+03));
#8044 = DIRECTION('',(0.,1.,0.));
#8045 = DIRECTION('',(0.,0.,1.));
#8046 = ADVANCED_FACE('',(#8047),#8058,.F.);
#8047 = FACE_BOUND('',#8048,.F.);
#8048 = EDGE_LOOP('',(#8049,#8050,#8051,#8057));
#8049 = ORIENTED_EDGE('',*,*,#7873,.F.);
#8050 = ORIENTED_EDGE('',*,*,#7903,.T.);
#8051 = ORIENTED_EDGE('',*,*,#8052,.T.);
#8052 = EDGE_CURVE('',#7904,#7993,#8053,.T.);
#8053 = LINE('',#8054,#8055);
#8054 = CARTESIAN_POINT('',(367.5,-182.5,1.155E+03));
#8055 = VECTOR('',#8056,1.);
#8056 = DIRECTION('',(0.,1.,0.));
#8057 = ORIENTED_EDGE('',*,*,#7992,.F.);
#8058 = PLANE('',#8059);
#8059 = AXIS2_PLACEMENT_3D('',#8060,#8061,#8062);
#8060 = CARTESIAN_POINT('',(332.5,-182.5,1.155E+03));
#8061 = DIRECTION('',(0.,0.,1.));
#8062 = DIRECTION('',(1.,0.,0.));
#8063 = ADVANCED_FACE('',(#8064),#8070,.T.);
#8064 = FACE_BOUND('',#8065,.T.);
#8065 = EDGE_LOOP('',(#8066,#8067,#8068,#8069));
#8066 = ORIENTED_EDGE('',*,*,#7920,.F.);
#8067 = ORIENTED_EDGE('',*,*,#8052,.T.);
#8068 = ORIENTED_EDGE('',*,*,#8002,.T.);
#8069 = ORIENTED_EDGE('',*,*,#7970,.F.);
#8070 = PLANE('',#8071);
#8071 = AXIS2_PLACEMENT_3D('',#8072,#8073,#8074);
#8072 = CARTESIAN_POINT('',(367.5,-182.5,1.155E+03));
#8073 = DIRECTION('',(1.,0.,0.));
#8074 = DIRECTION('',(0.,0.,1.));
#8075 = ADVANCED_FACE('',(#8076),#8092,.T.);
#8076 = FACE_BOUND('',#8077,.T.);
#8077 = EDGE_LOOP('',(#8078,#8079,#8085,#8086));
#8078 = ORIENTED_EDGE('',*,*,#7928,.F.);
#8079 = ORIENTED_EDGE('',*,*,#8080,.T.);
#8080 = EDGE_CURVE('',#7929,#8011,#8081,.T.);
#8081 = LINE('',#8082,#8083);
#8082 = CARTESIAN_POINT('',(335.5,-182.5,1.158E+03));
#8083 = VECTOR('',#8084,1.);
#8084 = DIRECTION('',(0.,1.,0.));
#8085 = ORIENTED_EDGE('',*,*,#8010,.T.);
#8086 = ORIENTED_EDGE('',*,*,#8087,.F.);
#8087 = EDGE_CURVE('',#7931,#8013,#8088,.T.);
#8088 = LINE('',#8089,#8090);
#8089 = CARTESIAN_POINT('',(335.5,-182.5,1.187E+03));
#8090 = VECTOR('',#8091,1.);
#8091 = DIRECTION('',(0.,1.,0.));
#8092 = PLANE('',#8093);
#8093 = AXIS2_PLACEMENT_3D('',#8094,#8095,#8096);
#8094 = CARTESIAN_POINT('',(335.5,-182.5,1.158E+03));
#8095 = DIRECTION('',(1.,0.,0.));
#8096 = DIRECTION('',(0.,0.,1.));
#8097 = ADVANCED_FACE('',(#8098),#8109,.F.);
#8098 = FACE_BOUND('',#8099,.F.);
#8099 = EDGE_LOOP('',(#8100,#8101,#8102,#8108));
#8100 = ORIENTED_EDGE('',*,*,#8087,.F.);
#8101 = ORIENTED_EDGE('',*,*,#7954,.T.);
#8102 = ORIENTED_EDGE('',*,*,#8103,.T.);
#8103 = EDGE_CURVE('',#7947,#8029,#8104,.T.);
#8104 = LINE('',#8105,#8106);
#8105 = CARTESIAN_POINT('',(364.5,-182.5,1.187E+03));
#8106 = VECTOR('',#8107,1.);
#8107 = DIRECTION('',(0.,1.,0.));
#8108 = ORIENTED_EDGE('',*,*,#8036,.F.);
#8109 = PLANE('',#8110);
#8110 = AXIS2_PLACEMENT_3D('',#8111,#8112,#8113);
#8111 = CARTESIAN_POINT('',(335.5,-182.5,1.187E+03));
#8112 = DIRECTION('',(0.,0.,1.));
#8113 = DIRECTION('',(1.,0.,0.));
#8114 = ADVANCED_FACE('',(#8115),#8126,.F.);
#8115 = FACE_BOUND('',#8116,.F.);
#8116 = EDGE_LOOP('',(#8117,#8118,#8124,#8125));
#8117 = ORIENTED_EDGE('',*,*,#7946,.F.);
#8118 = ORIENTED_EDGE('',*,*,#8119,.T.);
#8119 = EDGE_CURVE('',#7939,#8021,#8120,.T.);
#8120 = LINE('',#8121,#8122);
#8121 = CARTESIAN_POINT('',(364.5,-182.5,1.158E+03));
#8122 = VECTOR('',#8123,1.);
#8123 = DIRECTION('',(0.,1.,0.));
#8124 = ORIENTED_EDGE('',*,*,#8028,.T.);
#8125 = ORIENTED_EDGE('',*,*,#8103,.F.);
#8126 = PLANE('',#8127);
#8127 = AXIS2_PLACEMENT_3D('',#8128,#8129,#8130);
#8128 = CARTESIAN_POINT('',(364.5,-182.5,1.158E+03));
#8129 = DIRECTION('',(1.,0.,0.));
#8130 = DIRECTION('',(0.,0.,1.));
#8131 = ADVANCED_FACE('',(#8132),#8138,.T.);
#8132 = FACE_BOUND('',#8133,.T.);
#8133 = EDGE_LOOP('',(#8134,#8135,#8136,#8137));
#8134 = ORIENTED_EDGE('',*,*,#8080,.F.);
#8135 = ORIENTED_EDGE('',*,*,#7938,.T.);
#8136 = ORIENTED_EDGE('',*,*,#8119,.T.);
#8137 = ORIENTED_EDGE('',*,*,#8020,.F.);
#8138 = PLANE('',#8139);
#8139 = AXIS2_PLACEMENT_3D('',#8140,#8141,#8142);
#8140 = CARTESIAN_POINT('',(335.5,-182.5,1.158E+03));
#8141 = DIRECTION('',(0.,0.,1.));
#8142 = DIRECTION('',(1.,0.,0.));
#8143 = MANIFOLD_SOLID_BREP('',#8144);
#8144 = CLOSED_SHELL('',(#8145,#8253,#8352,#8410,#8468,#8553,#8584,#8608
    ,#8632,#8649,#8680,#8704,#8728,#8745,#8825,#8856,#8880,#8904,#8921,
    #8952,#8976,#9000,#9017,#9051,#9136,#9221,#9245,#9267,#9284,#9301,
    #9313,#9335,#9352,#9369,#9381,#9403,#9420,#9437,#9449,#9471,#9488,
    #9505));
#8145 = ADVANCED_FACE('',(#8146,#8180,#8214),#8248,.F.);
#8146 = FACE_BOUND('',#8147,.F.);
#8147 = EDGE_LOOP('',(#8148,#8158,#8166,#8174));
#8148 = ORIENTED_EDGE('',*,*,#8149,.F.);
#8149 = EDGE_CURVE('',#8150,#8152,#8154,.T.);
#8150 = VERTEX_POINT('',#8151);
#8151 = CARTESIAN_POINT('',(-326.5,-326.5,202.));
#8152 = VERTEX_POINT('',#8153);
#8153 = CARTESIAN_POINT('',(-326.5,-326.5,445.));
#8154 = LINE('',#8155,#8156);
#8155 = CARTESIAN_POINT('',(-326.5,-326.5,202.));
#8156 = VECTOR('',#8157,1.);
#8157 = DIRECTION('',(0.,0.,1.));
#8158 = ORIENTED_EDGE('',*,*,#8159,.T.);
#8159 = EDGE_CURVE('',#8150,#8160,#8162,.T.);
#8160 = VERTEX_POINT('',#8161);
#8161 = CARTESIAN_POINT('',(-326.5,326.5,202.));
#8162 = LINE('',#8163,#8164);
#8163 = CARTESIAN_POINT('',(-326.5,-326.5,202.));
#8164 = VECTOR('',#8165,1.);
#8165 = DIRECTION('',(0.,1.,0.));
#8166 = ORIENTED_EDGE('',*,*,#8167,.T.);
#8167 = EDGE_CURVE('',#8160,#8168,#8170,.T.);
#8168 = VERTEX_POINT('',#8169);
#8169 = CARTESIAN_POINT('',(-326.5,326.5,445.));
#8170 = LINE('',#8171,#8172);
#8171 = CARTESIAN_POINT('',(-326.5,326.5,202.));
#8172 = VECTOR('',#8173,1.);
#8173 = DIRECTION('',(0.,0.,1.));
#8174 = ORIENTED_EDGE('',*,*,#8175,.F.);
#8175 = EDGE_CURVE('',#8152,#8168,#8176,.T.);
#8176 = LINE('',#8177,#8178);
#8177 = CARTESIAN_POINT('',(-326.5,-326.5,445.));
#8178 = VECTOR('',#8179,1.);
#8179 = DIRECTION('',(0.,1.,0.));
#8180 = FACE_BOUND('',#8181,.F.);
#8181 = EDGE_LOOP('',(#8182,#8192,#8200,#8208));
#8182 = ORIENTED_EDGE('',*,*,#8183,.F.);
#8183 = EDGE_CURVE('',#8184,#8186,#8188,.T.);
#8184 = VERTEX_POINT('',#8185);
#8185 = CARTESIAN_POINT('',(-326.5,240.,370.));
#8186 = VERTEX_POINT('',#8187);
#8187 = CARTESIAN_POINT('',(-326.5,80.,370.));
#8188 = LINE('',#8189,#8190);
#8189 = CARTESIAN_POINT('',(-326.5,-43.25,370.));
#8190 = VECTOR('',#8191,1.);
#8191 = DIRECTION('',(0.,-1.,0.));
#8192 = ORIENTED_EDGE('',*,*,#8193,.T.);
#8193 = EDGE_CURVE('',#8184,#8194,#8196,.T.);
#8194 = VERTEX_POINT('',#8195);
#8195 = CARTESIAN_POINT('',(-326.5,240.,230.));
#8196 = LINE('',#8197,#8198);
#8197 = CARTESIAN_POINT('',(-326.5,240.,216.));
#8198 = VECTOR('',#8199,1.);
#8199 = DIRECTION('',(0.,0.,-1.));
#8200 = ORIENTED_EDGE('',*,*,#8201,.T.);
#8201 = EDGE_CURVE('',#8194,#8202,#8204,.T.);
#8202 = VERTEX_POINT('',#8203);
#8203 = CARTESIAN_POINT('',(-326.5,80.,230.));
#8204 = LINE('',#8205,#8206);
#8205 = CARTESIAN_POINT('',(-326.5,-43.25,230.));
#8206 = VECTOR('',#8207,1.);
#8207 = DIRECTION('',(0.,-1.,0.));
#8208 = ORIENTED_EDGE('',*,*,#8209,.F.);
#8209 = EDGE_CURVE('',#8186,#8202,#8210,.T.);
#8210 = LINE('',#8211,#8212);
#8211 = CARTESIAN_POINT('',(-326.5,80.,216.));
#8212 = VECTOR('',#8213,1.);
#8213 = DIRECTION('',(0.,0.,-1.));
#8214 = FACE_BOUND('',#8215,.F.);
#8215 = EDGE_LOOP('',(#8216,#8226,#8234,#8242));
#8216 = ORIENTED_EDGE('',*,*,#8217,.F.);
#8217 = EDGE_CURVE('',#8218,#8220,#8222,.T.);
#8218 = VERTEX_POINT('',#8219);
#8219 = CARTESIAN_POINT('',(-326.5,-80.,370.));
#8220 = VERTEX_POINT('',#8221);
#8221 = CARTESIAN_POINT('',(-326.5,-240.,370.));
#8222 = LINE('',#8223,#8224);
#8223 = CARTESIAN_POINT('',(-326.5,-203.25,370.));
#8224 = VECTOR('',#8225,1.);
#8225 = DIRECTION('',(0.,-1.,0.));
#8226 = ORIENTED_EDGE('',*,*,#8227,.T.);
#8227 = EDGE_CURVE('',#8218,#8228,#8230,.T.);
#8228 = VERTEX_POINT('',#8229);
#8229 = CARTESIAN_POINT('',(-326.5,-80.,230.));
#8230 = LINE('',#8231,#8232);
#8231 = CARTESIAN_POINT('',(-326.5,-80.,216.));
#8232 = VECTOR('',#8233,1.);
#8233 = DIRECTION('',(0.,0.,-1.));
#8234 = ORIENTED_EDGE('',*,*,#8235,.T.);
#8235 = EDGE_CURVE('',#8228,#8236,#8238,.T.);
#8236 = VERTEX_POINT('',#8237);
#8237 = CARTESIAN_POINT('',(-326.5,-240.,230.));
#8238 = LINE('',#8239,#8240);
#8239 = CARTESIAN_POINT('',(-326.5,-203.25,230.));
#8240 = VECTOR('',#8241,1.);
#8241 = DIRECTION('',(0.,-1.,0.));
#8242 = ORIENTED_EDGE('',*,*,#8243,.F.);
#8243 = EDGE_CURVE('',#8220,#8236,#8244,.T.);
#8244 = LINE('',#8245,#8246);
#8245 = CARTESIAN_POINT('',(-326.5,-240.,216.));
#8246 = VECTOR('',#8247,1.);
#8247 = DIRECTION('',(0.,0.,-1.));
#8248 = PLANE('',#8249);
#8249 = AXIS2_PLACEMENT_3D('',#8250,#8251,#8252);
#8250 = CARTESIAN_POINT('',(-326.5,-326.5,202.));
#8251 = DIRECTION('',(1.,0.,0.));
#8252 = DIRECTION('',(0.,0.,1.));
#8253 = ADVANCED_FACE('',(#8254,#8279,#8313),#8347,.F.);
#8254 = FACE_BOUND('',#8255,.F.);
#8255 = EDGE_LOOP('',(#8256,#8264,#8265,#8273));
#8256 = ORIENTED_EDGE('',*,*,#8257,.F.);
#8257 = EDGE_CURVE('',#8150,#8258,#8260,.T.);
#8258 = VERTEX_POINT('',#8259);
#8259 = CARTESIAN_POINT('',(326.5,-326.5,202.));
#8260 = LINE('',#8261,#8262);
#8261 = CARTESIAN_POINT('',(-326.5,-326.5,202.));
#8262 = VECTOR('',#8263,1.);
#8263 = DIRECTION('',(1.,0.,0.));
#8264 = ORIENTED_EDGE('',*,*,#8149,.T.);
#8265 = ORIENTED_EDGE('',*,*,#8266,.T.);
#8266 = EDGE_CURVE('',#8152,#8267,#8269,.T.);
#8267 = VERTEX_POINT('',#8268);
#8268 = CARTESIAN_POINT('',(326.5,-326.5,445.));
#8269 = LINE('',#8270,#8271);
#8270 = CARTESIAN_POINT('',(-326.5,-326.5,445.));
#8271 = VECTOR('',#8272,1.);
#8272 = DIRECTION('',(1.,0.,0.));
#8273 = ORIENTED_EDGE('',*,*,#8274,.F.);
#8274 = EDGE_CURVE('',#8258,#8267,#8275,.T.);
#8275 = LINE('',#8276,#8277);
#8276 = CARTESIAN_POINT('',(326.5,-326.5,202.));
#8277 = VECTOR('',#8278,1.);
#8278 = DIRECTION('',(0.,0.,1.));
#8279 = FACE_BOUND('',#8280,.F.);
#8280 = EDGE_LOOP('',(#8281,#8291,#8299,#8307));
#8281 = ORIENTED_EDGE('',*,*,#8282,.F.);
#8282 = EDGE_CURVE('',#8283,#8285,#8287,.T.);
#8283 = VERTEX_POINT('',#8284);
#8284 = CARTESIAN_POINT('',(-240.,-326.5,370.));
#8285 = VERTEX_POINT('',#8286);
#8286 = CARTESIAN_POINT('',(-80.,-326.5,370.));
#8287 = LINE('',#8288,#8289);
#8288 = CARTESIAN_POINT('',(-283.25,-326.5,370.));
#8289 = VECTOR('',#8290,1.);
#8290 = DIRECTION('',(1.,0.,0.));
#8291 = ORIENTED_EDGE('',*,*,#8292,.T.);
#8292 = EDGE_CURVE('',#8283,#8293,#8295,.T.);
#8293 = VERTEX_POINT('',#8294);
#8294 = CARTESIAN_POINT('',(-240.,-326.5,230.));
#8295 = LINE('',#8296,#8297);
#8296 = CARTESIAN_POINT('',(-240.,-326.5,216.));
#8297 = VECTOR('',#8298,1.);
#8298 = DIRECTION('',(0.,0.,-1.));
#8299 = ORIENTED_EDGE('',*,*,#8300,.T.);
#8300 = EDGE_CURVE('',#8293,#8301,#8303,.T.);
#8301 = VERTEX_POINT('',#8302);
#8302 = CARTESIAN_POINT('',(-80.,-326.5,230.));
#8303 = LINE('',#8304,#8305);
#8304 = CARTESIAN_POINT('',(-283.25,-326.5,230.));
#8305 = VECTOR('',#8306,1.);
#8306 = DIRECTION('',(1.,0.,0.));
#8307 = ORIENTED_EDGE('',*,*,#8308,.F.);
#8308 = EDGE_CURVE('',#8285,#8301,#8309,.T.);
#8309 = LINE('',#8310,#8311);
#8310 = CARTESIAN_POINT('',(-80.,-326.5,216.));
#8311 = VECTOR('',#8312,1.);
#8312 = DIRECTION('',(0.,0.,-1.));
#8313 = FACE_BOUND('',#8314,.F.);
#8314 = EDGE_LOOP('',(#8315,#8325,#8333,#8341));
#8315 = ORIENTED_EDGE('',*,*,#8316,.F.);
#8316 = EDGE_CURVE('',#8317,#8319,#8321,.T.);
#8317 = VERTEX_POINT('',#8318);
#8318 = CARTESIAN_POINT('',(80.,-326.5,370.));
#8319 = VERTEX_POINT('',#8320);
#8320 = CARTESIAN_POINT('',(240.,-326.5,370.));
#8321 = LINE('',#8322,#8323);
#8322 = CARTESIAN_POINT('',(-123.25,-326.5,370.));
#8323 = VECTOR('',#8324,1.);
#8324 = DIRECTION('',(1.,0.,0.));
#8325 = ORIENTED_EDGE('',*,*,#8326,.T.);
#8326 = EDGE_CURVE('',#8317,#8327,#8329,.T.);
#8327 = VERTEX_POINT('',#8328);
#8328 = CARTESIAN_POINT('',(80.,-326.5,230.));
#8329 = LINE('',#8330,#8331);
#8330 = CARTESIAN_POINT('',(80.,-326.5,216.));
#8331 = VECTOR('',#8332,1.);
#8332 = DIRECTION('',(0.,0.,-1.));
#8333 = ORIENTED_EDGE('',*,*,#8334,.T.);
#8334 = EDGE_CURVE('',#8327,#8335,#8337,.T.);
#8335 = VERTEX_POINT('',#8336);
#8336 = CARTESIAN_POINT('',(240.,-326.5,230.));
#8337 = LINE('',#8338,#8339);
#8338 = CARTESIAN_POINT('',(-123.25,-326.5,230.));
#8339 = VECTOR('',#8340,1.);
#8340 = DIRECTION('',(1.,0.,0.));
#8341 = ORIENTED_EDGE('',*,*,#8342,.F.);
#8342 = EDGE_CURVE('',#8319,#8335,#8343,.T.);
#8343 = LINE('',#8344,#8345);
#8344 = CARTESIAN_POINT('',(240.,-326.5,216.));
#8345 = VECTOR('',#8346,1.);
#8346 = DIRECTION('',(0.,0.,-1.));
#8347 = PLANE('',#8348);
#8348 = AXIS2_PLACEMENT_3D('',#8349,#8350,#8351);
#8349 = CARTESIAN_POINT('',(-326.5,-326.5,202.));
#8350 = DIRECTION('',(0.,1.,0.));
#8351 = DIRECTION('',(0.,0.,1.));
#8352 = ADVANCED_FACE('',(#8353,#8371),#8405,.T.);
#8353 = FACE_BOUND('',#8354,.T.);
#8354 = EDGE_LOOP('',(#8355,#8356,#8357,#8365));
#8355 = ORIENTED_EDGE('',*,*,#8175,.F.);
#8356 = ORIENTED_EDGE('',*,*,#8266,.T.);
#8357 = ORIENTED_EDGE('',*,*,#8358,.T.);
#8358 = EDGE_CURVE('',#8267,#8359,#8361,.T.);
#8359 = VERTEX_POINT('',#8360);
#8360 = CARTESIAN_POINT('',(326.5,326.5,445.));
#8361 = LINE('',#8362,#8363);
#8362 = CARTESIAN_POINT('',(326.5,-326.5,445.));
#8363 = VECTOR('',#8364,1.);
#8364 = DIRECTION('',(0.,1.,0.));
#8365 = ORIENTED_EDGE('',*,*,#8366,.F.);
#8366 = EDGE_CURVE('',#8168,#8359,#8367,.T.);
#8367 = LINE('',#8368,#8369);
#8368 = CARTESIAN_POINT('',(-326.5,326.5,445.));
#8369 = VECTOR('',#8370,1.);
#8370 = DIRECTION('',(1.,0.,0.));
#8371 = FACE_BOUND('',#8372,.T.);
#8372 = EDGE_LOOP('',(#8373,#8383,#8391,#8399));
#8373 = ORIENTED_EDGE('',*,*,#8374,.F.);
#8374 = EDGE_CURVE('',#8375,#8377,#8379,.T.);
#8375 = VERTEX_POINT('',#8376);
#8376 = CARTESIAN_POINT('',(-324.5,-324.5,445.));
#8377 = VERTEX_POINT('',#8378);
#8378 = CARTESIAN_POINT('',(324.5,-324.5,445.));
#8379 = LINE('',#8380,#8381);
#8380 = CARTESIAN_POINT('',(-324.5,-324.5,445.));
#8381 = VECTOR('',#8382,1.);
#8382 = DIRECTION('',(1.,0.,0.));
#8383 = ORIENTED_EDGE('',*,*,#8384,.T.);
#8384 = EDGE_CURVE('',#8375,#8385,#8387,.T.);
#8385 = VERTEX_POINT('',#8386);
#8386 = CARTESIAN_POINT('',(-324.5,324.5,445.));
#8387 = LINE('',#8388,#8389);
#8388 = CARTESIAN_POINT('',(-324.5,-324.5,445.));
#8389 = VECTOR('',#8390,1.);
#8390 = DIRECTION('',(0.,1.,0.));
#8391 = ORIENTED_EDGE('',*,*,#8392,.T.);
#8392 = EDGE_CURVE('',#8385,#8393,#8395,.T.);
#8393 = VERTEX_POINT('',#8394);
#8394 = CARTESIAN_POINT('',(324.5,324.5,445.));
#8395 = LINE('',#8396,#8397);
#8396 = CARTESIAN_POINT('',(-324.5,324.5,445.));
#8397 = VECTOR('',#8398,1.);
#8398 = DIRECTION('',(1.,0.,0.));
#8399 = ORIENTED_EDGE('',*,*,#8400,.F.);
#8400 = EDGE_CURVE('',#8377,#8393,#8401,.T.);
#8401 = LINE('',#8402,#8403);
#8402 = CARTESIAN_POINT('',(324.5,-324.5,445.));
#8403 = VECTOR('',#8404,1.);
#8404 = DIRECTION('',(0.,1.,0.));
#8405 = PLANE('',#8406);
#8406 = AXIS2_PLACEMENT_3D('',#8407,#8408,#8409);
#8407 = CARTESIAN_POINT('',(-326.5,-326.5,445.));
#8408 = DIRECTION('',(0.,0.,1.));
#8409 = DIRECTION('',(1.,0.,0.));
#8410 = ADVANCED_FACE('',(#8411,#8429),#8463,.F.);
#8411 = FACE_BOUND('',#8412,.F.);
#8412 = EDGE_LOOP('',(#8413,#8414,#8415,#8423));
#8413 = ORIENTED_EDGE('',*,*,#8159,.F.);
#8414 = ORIENTED_EDGE('',*,*,#8257,.T.);
#8415 = ORIENTED_EDGE('',*,*,#8416,.T.);
#8416 = EDGE_CURVE('',#8258,#8417,#8419,.T.);
#8417 = VERTEX_POINT('',#8418);
#8418 = CARTESIAN_POINT('',(326.5,326.5,202.));
#8419 = LINE('',#8420,#8421);
#8420 = CARTESIAN_POINT('',(326.5,-326.5,202.));
#8421 = VECTOR('',#8422,1.);
#8422 = DIRECTION('',(0.,1.,0.));
#8423 = ORIENTED_EDGE('',*,*,#8424,.F.);
#8424 = EDGE_CURVE('',#8160,#8417,#8425,.T.);
#8425 = LINE('',#8426,#8427);
#8426 = CARTESIAN_POINT('',(-326.5,326.5,202.));
#8427 = VECTOR('',#8428,1.);
#8428 = DIRECTION('',(1.,0.,0.));
#8429 = FACE_BOUND('',#8430,.F.);
#8430 = EDGE_LOOP('',(#8431,#8441,#8449,#8457));
#8431 = ORIENTED_EDGE('',*,*,#8432,.F.);
#8432 = EDGE_CURVE('',#8433,#8435,#8437,.T.);
#8433 = VERTEX_POINT('',#8434);
#8434 = CARTESIAN_POINT('',(-324.5,-324.5,202.));
#8435 = VERTEX_POINT('',#8436);
#8436 = CARTESIAN_POINT('',(324.5,-324.5,202.));
#8437 = LINE('',#8438,#8439);
#8438 = CARTESIAN_POINT('',(-324.5,-324.5,202.));
#8439 = VECTOR('',#8440,1.);
#8440 = DIRECTION('',(1.,0.,0.));
#8441 = ORIENTED_EDGE('',*,*,#8442,.T.);
#8442 = EDGE_CURVE('',#8433,#8443,#8445,.T.);
#8443 = VERTEX_POINT('',#8444);
#8444 = CARTESIAN_POINT('',(-324.5,324.5,202.));
#8445 = LINE('',#8446,#8447);
#8446 = CARTESIAN_POINT('',(-324.5,-324.5,202.));
#8447 = VECTOR('',#8448,1.);
#8448 = DIRECTION('',(0.,1.,0.));
#8449 = ORIENTED_EDGE('',*,*,#8450,.T.);
#8450 = EDGE_CURVE('',#8443,#8451,#8453,.T.);
#8451 = VERTEX_POINT('',#8452);
#8452 = CARTESIAN_POINT('',(324.5,324.5,202.));
#8453 = LINE('',#8454,#8455);
#8454 = CARTESIAN_POINT('',(-324.5,324.5,202.));
#8455 = VECTOR('',#8456,1.);
#8456 = DIRECTION('',(1.,0.,0.));
#8457 = ORIENTED_EDGE('',*,*,#8458,.F.);
#8458 = EDGE_CURVE('',#8435,#8451,#8459,.T.);
#8459 = LINE('',#8460,#8461);
#8460 = CARTESIAN_POINT('',(324.5,-324.5,202.));
#8461 = VECTOR('',#8462,1.);
#8462 = DIRECTION('',(0.,1.,0.));
#8463 = PLANE('',#8464);
#8464 = AXIS2_PLACEMENT_3D('',#8465,#8466,#8467);
#8465 = CARTESIAN_POINT('',(-326.5,-326.5,202.));
#8466 = DIRECTION('',(0.,0.,1.));
#8467 = DIRECTION('',(1.,0.,0.));
#8468 = ADVANCED_FACE('',(#8469,#8480,#8514),#8548,.T.);
#8469 = FACE_BOUND('',#8470,.T.);
#8470 = EDGE_LOOP('',(#8471,#8472,#8473,#8474));
#8471 = ORIENTED_EDGE('',*,*,#8424,.F.);
#8472 = ORIENTED_EDGE('',*,*,#8167,.T.);
#8473 = ORIENTED_EDGE('',*,*,#8366,.T.);
#8474 = ORIENTED_EDGE('',*,*,#8475,.F.);
#8475 = EDGE_CURVE('',#8417,#8359,#8476,.T.);
#8476 = LINE('',#8477,#8478);
#8477 = CARTESIAN_POINT('',(326.5,326.5,202.));
#8478 = VECTOR('',#8479,1.);
#8479 = DIRECTION('',(0.,0.,1.));
#8480 = FACE_BOUND('',#8481,.T.);
#8481 = EDGE_LOOP('',(#8482,#8492,#8500,#8508));
#8482 = ORIENTED_EDGE('',*,*,#8483,.T.);
#8483 = EDGE_CURVE('',#8484,#8486,#8488,.T.);
#8484 = VERTEX_POINT('',#8485);
#8485 = CARTESIAN_POINT('',(-240.,326.5,230.));
#8486 = VERTEX_POINT('',#8487);
#8487 = CARTESIAN_POINT('',(-80.,326.5,230.));
#8488 = LINE('',#8489,#8490);
#8489 = CARTESIAN_POINT('',(-203.25,326.5,230.));
#8490 = VECTOR('',#8491,1.);
#8491 = DIRECTION('',(1.,0.,0.));
#8492 = ORIENTED_EDGE('',*,*,#8493,.T.);
#8493 = EDGE_CURVE('',#8486,#8494,#8496,.T.);
#8494 = VERTEX_POINT('',#8495);
#8495 = CARTESIAN_POINT('',(-80.,326.5,370.));
#8496 = LINE('',#8497,#8498);
#8497 = CARTESIAN_POINT('',(-80.,326.5,216.));
#8498 = VECTOR('',#8499,1.);
#8499 = DIRECTION('',(0.,0.,1.));
#8500 = ORIENTED_EDGE('',*,*,#8501,.F.);
#8501 = EDGE_CURVE('',#8502,#8494,#8504,.T.);
#8502 = VERTEX_POINT('',#8503);
#8503 = CARTESIAN_POINT('',(-240.,326.5,370.));
#8504 = LINE('',#8505,#8506);
#8505 = CARTESIAN_POINT('',(-203.25,326.5,370.));
#8506 = VECTOR('',#8507,1.);
#8507 = DIRECTION('',(1.,0.,0.));
#8508 = ORIENTED_EDGE('',*,*,#8509,.F.);
#8509 = EDGE_CURVE('',#8484,#8502,#8510,.T.);
#8510 = LINE('',#8511,#8512);
#8511 = CARTESIAN_POINT('',(-240.,326.5,216.));
#8512 = VECTOR('',#8513,1.);
#8513 = DIRECTION('',(0.,0.,1.));
#8514 = FACE_BOUND('',#8515,.T.);
#8515 = EDGE_LOOP('',(#8516,#8526,#8534,#8542));
#8516 = ORIENTED_EDGE('',*,*,#8517,.T.);
#8517 = EDGE_CURVE('',#8518,#8520,#8522,.T.);
#8518 = VERTEX_POINT('',#8519);
#8519 = CARTESIAN_POINT('',(80.,326.5,230.));
#8520 = VERTEX_POINT('',#8521);
#8521 = CARTESIAN_POINT('',(240.,326.5,230.));
#8522 = LINE('',#8523,#8524);
#8523 = CARTESIAN_POINT('',(-43.25,326.5,230.));
#8524 = VECTOR('',#8525,1.);
#8525 = DIRECTION('',(1.,0.,0.));
#8526 = ORIENTED_EDGE('',*,*,#8527,.T.);
#8527 = EDGE_CURVE('',#8520,#8528,#8530,.T.);
#8528 = VERTEX_POINT('',#8529);
#8529 = CARTESIAN_POINT('',(240.,326.5,370.));
#8530 = LINE('',#8531,#8532);
#8531 = CARTESIAN_POINT('',(240.,326.5,216.));
#8532 = VECTOR('',#8533,1.);
#8533 = DIRECTION('',(0.,0.,1.));
#8534 = ORIENTED_EDGE('',*,*,#8535,.F.);
#8535 = EDGE_CURVE('',#8536,#8528,#8538,.T.);
#8536 = VERTEX_POINT('',#8537);
#8537 = CARTESIAN_POINT('',(80.,326.5,370.));
#8538 = LINE('',#8539,#8540);
#8539 = CARTESIAN_POINT('',(-43.25,326.5,370.));
#8540 = VECTOR('',#8541,1.);
#8541 = DIRECTION('',(1.,0.,0.));
#8542 = ORIENTED_EDGE('',*,*,#8543,.F.);
#8543 = EDGE_CURVE('',#8518,#8536,#8544,.T.);
#8544 = LINE('',#8545,#8546);
#8545 = CARTESIAN_POINT('',(80.,326.5,216.));
#8546 = VECTOR('',#8547,1.);
#8547 = DIRECTION('',(0.,0.,1.));
#8548 = PLANE('',#8549);
#8549 = AXIS2_PLACEMENT_3D('',#8550,#8551,#8552);
#8550 = CARTESIAN_POINT('',(-326.5,326.5,202.));
#8551 = DIRECTION('',(0.,1.,0.));
#8552 = DIRECTION('',(0.,0.,1.));
#8553 = ADVANCED_FACE('',(#8554),#8579,.F.);
#8554 = FACE_BOUND('',#8555,.F.);
#8555 = EDGE_LOOP('',(#8556,#8564,#8565,#8573));
#8556 = ORIENTED_EDGE('',*,*,#8557,.F.);
#8557 = EDGE_CURVE('',#8184,#8558,#8560,.T.);
#8558 = VERTEX_POINT('',#8559);
#8559 = CARTESIAN_POINT('',(-324.5,240.,370.));
#8560 = LINE('',#8561,#8562);
#8561 = CARTESIAN_POINT('',(-330.5,240.,370.));
#8562 = VECTOR('',#8563,1.);
#8563 = DIRECTION('',(1.,-2.22044604925E-16,0.));
#8564 = ORIENTED_EDGE('',*,*,#8183,.T.);
#8565 = ORIENTED_EDGE('',*,*,#8566,.T.);
#8566 = EDGE_CURVE('',#8186,#8567,#8569,.T.);
#8567 = VERTEX_POINT('',#8568);
#8568 = CARTESIAN_POINT('',(-324.5,80.,370.));
#8569 = LINE('',#8570,#8571);
#8570 = CARTESIAN_POINT('',(-330.5,80.,370.));
#8571 = VECTOR('',#8572,1.);
#8572 = DIRECTION('',(1.,-2.22044604925E-16,0.));
#8573 = ORIENTED_EDGE('',*,*,#8574,.F.);
#8574 = EDGE_CURVE('',#8558,#8567,#8575,.T.);
#8575 = LINE('',#8576,#8577);
#8576 = CARTESIAN_POINT('',(-324.5,-42.25,370.));
#8577 = VECTOR('',#8578,1.);
#8578 = DIRECTION('',(0.,-1.,0.));
#8579 = PLANE('',#8580);
#8580 = AXIS2_PLACEMENT_3D('',#8581,#8582,#8583);
#8581 = CARTESIAN_POINT('',(-330.5,240.,370.));
#8582 = DIRECTION('',(0.,0.,1.));
#8583 = DIRECTION('',(-2.22044604925E-16,-1.,0.));
#8584 = ADVANCED_FACE('',(#8585),#8603,.T.);
#8585 = FACE_BOUND('',#8586,.T.);
#8586 = EDGE_LOOP('',(#8587,#8588,#8589,#8597));
#8587 = ORIENTED_EDGE('',*,*,#8557,.F.);
#8588 = ORIENTED_EDGE('',*,*,#8193,.T.);
#8589 = ORIENTED_EDGE('',*,*,#8590,.T.);
#8590 = EDGE_CURVE('',#8194,#8591,#8593,.T.);
#8591 = VERTEX_POINT('',#8592);
#8592 = CARTESIAN_POINT('',(-324.5,240.,230.));
#8593 = LINE('',#8594,#8595);
#8594 = CARTESIAN_POINT('',(-330.5,240.,230.));
#8595 = VECTOR('',#8596,1.);
#8596 = DIRECTION('',(1.,-2.22044604925E-16,0.));
#8597 = ORIENTED_EDGE('',*,*,#8598,.F.);
#8598 = EDGE_CURVE('',#8558,#8591,#8599,.T.);
#8599 = LINE('',#8600,#8601);
#8600 = CARTESIAN_POINT('',(-324.5,240.,216.));
#8601 = VECTOR('',#8602,1.);
#8602 = DIRECTION('',(0.,0.,-1.));
#8603 = PLANE('',#8604);
#8604 = AXIS2_PLACEMENT_3D('',#8605,#8606,#8607);
#8605 = CARTESIAN_POINT('',(-330.5,240.,230.));
#8606 = DIRECTION('',(-2.22044604925E-16,-1.,0.));
#8607 = DIRECTION('',(0.,0.,1.));
#8608 = ADVANCED_FACE('',(#8609),#8627,.F.);
#8609 = FACE_BOUND('',#8610,.F.);
#8610 = EDGE_LOOP('',(#8611,#8612,#8613,#8621));
#8611 = ORIENTED_EDGE('',*,*,#8566,.F.);
#8612 = ORIENTED_EDGE('',*,*,#8209,.T.);
#8613 = ORIENTED_EDGE('',*,*,#8614,.T.);
#8614 = EDGE_CURVE('',#8202,#8615,#8617,.T.);
#8615 = VERTEX_POINT('',#8616);
#8616 = CARTESIAN_POINT('',(-324.5,80.,230.));
#8617 = LINE('',#8618,#8619);
#8618 = CARTESIAN_POINT('',(-330.5,80.,230.));
#8619 = VECTOR('',#8620,1.);
#8620 = DIRECTION('',(1.,-2.22044604925E-16,0.));
#8621 = ORIENTED_EDGE('',*,*,#8622,.F.);
#8622 = EDGE_CURVE('',#8567,#8615,#8623,.T.);
#8623 = LINE('',#8624,#8625);
#8624 = CARTESIAN_POINT('',(-324.5,80.,216.));
#8625 = VECTOR('',#8626,1.);
#8626 = DIRECTION('',(0.,0.,-1.));
#8627 = PLANE('',#8628);
#8628 = AXIS2_PLACEMENT_3D('',#8629,#8630,#8631);
#8629 = CARTESIAN_POINT('',(-330.5,80.,230.));
#8630 = DIRECTION('',(-2.22044604925E-16,-1.,0.));
#8631 = DIRECTION('',(0.,0.,1.));
#8632 = ADVANCED_FACE('',(#8633),#8644,.T.);
#8633 = FACE_BOUND('',#8634,.T.);
#8634 = EDGE_LOOP('',(#8635,#8636,#8637,#8638));
#8635 = ORIENTED_EDGE('',*,*,#8590,.F.);
#8636 = ORIENTED_EDGE('',*,*,#8201,.T.);
#8637 = ORIENTED_EDGE('',*,*,#8614,.T.);
#8638 = ORIENTED_EDGE('',*,*,#8639,.F.);
#8639 = EDGE_CURVE('',#8591,#8615,#8640,.T.);
#8640 = LINE('',#8641,#8642);
#8641 = CARTESIAN_POINT('',(-324.5,-42.25,230.));
#8642 = VECTOR('',#8643,1.);
#8643 = DIRECTION('',(0.,-1.,0.));
#8644 = PLANE('',#8645);
#8645 = AXIS2_PLACEMENT_3D('',#8646,#8647,#8648);
#8646 = CARTESIAN_POINT('',(-330.5,240.,230.));
#8647 = DIRECTION('',(0.,0.,1.));
#8648 = DIRECTION('',(-2.22044604925E-16,-1.,0.));
#8649 = ADVANCED_FACE('',(#8650),#8675,.F.);
#8650 = FACE_BOUND('',#8651,.F.);
#8651 = EDGE_LOOP('',(#8652,#8660,#8661,#8669));
#8652 = ORIENTED_EDGE('',*,*,#8653,.F.);
#8653 = EDGE_CURVE('',#8218,#8654,#8656,.T.);
#8654 = VERTEX_POINT('',#8655);
#8655 = CARTESIAN_POINT('',(-324.5,-80.,370.));
#8656 = LINE('',#8657,#8658);
#8657 = CARTESIAN_POINT('',(-330.5,-80.,370.));
#8658 = VECTOR('',#8659,1.);
#8659 = DIRECTION('',(1.,-2.22044604925E-16,0.));
#8660 = ORIENTED_EDGE('',*,*,#8217,.T.);
#8661 = ORIENTED_EDGE('',*,*,#8662,.T.);
#8662 = EDGE_CURVE('',#8220,#8663,#8665,.T.);
#8663 = VERTEX_POINT('',#8664);
#8664 = CARTESIAN_POINT('',(-324.5,-240.,370.));
#8665 = LINE('',#8666,#8667);
#8666 = CARTESIAN_POINT('',(-330.5,-240.,370.));
#8667 = VECTOR('',#8668,1.);
#8668 = DIRECTION('',(1.,-2.22044604925E-16,0.));
#8669 = ORIENTED_EDGE('',*,*,#8670,.F.);
#8670 = EDGE_CURVE('',#8654,#8663,#8671,.T.);
#8671 = LINE('',#8672,#8673);
#8672 = CARTESIAN_POINT('',(-324.5,-202.25,370.));
#8673 = VECTOR('',#8674,1.);
#8674 = DIRECTION('',(0.,-1.,0.));
#8675 = PLANE('',#8676);
#8676 = AXIS2_PLACEMENT_3D('',#8677,#8678,#8679);
#8677 = CARTESIAN_POINT('',(-330.5,-80.,370.));
#8678 = DIRECTION('',(0.,0.,1.));
#8679 = DIRECTION('',(-2.22044604925E-16,-1.,0.));
#8680 = ADVANCED_FACE('',(#8681),#8699,.F.);
#8681 = FACE_BOUND('',#8682,.F.);
#8682 = EDGE_LOOP('',(#8683,#8684,#8685,#8693));
#8683 = ORIENTED_EDGE('',*,*,#8662,.F.);
#8684 = ORIENTED_EDGE('',*,*,#8243,.T.);
#8685 = ORIENTED_EDGE('',*,*,#8686,.T.);
#8686 = EDGE_CURVE('',#8236,#8687,#8689,.T.);
#8687 = VERTEX_POINT('',#8688);
#8688 = CARTESIAN_POINT('',(-324.5,-240.,230.));
#8689 = LINE('',#8690,#8691);
#8690 = CARTESIAN_POINT('',(-330.5,-240.,230.));
#8691 = VECTOR('',#8692,1.);
#8692 = DIRECTION('',(1.,-2.22044604925E-16,0.));
#8693 = ORIENTED_EDGE('',*,*,#8694,.F.);
#8694 = EDGE_CURVE('',#8663,#8687,#8695,.T.);
#8695 = LINE('',#8696,#8697);
#8696 = CARTESIAN_POINT('',(-324.5,-240.,216.));
#8697 = VECTOR('',#8698,1.);
#8698 = DIRECTION('',(0.,0.,-1.));
#8699 = PLANE('',#8700);
#8700 = AXIS2_PLACEMENT_3D('',#8701,#8702,#8703);
#8701 = CARTESIAN_POINT('',(-330.5,-240.,230.));
#8702 = DIRECTION('',(-2.22044604925E-16,-1.,0.));
#8703 = DIRECTION('',(0.,0.,1.));
#8704 = ADVANCED_FACE('',(#8705),#8723,.T.);
#8705 = FACE_BOUND('',#8706,.T.);
#8706 = EDGE_LOOP('',(#8707,#8715,#8716,#8717));
#8707 = ORIENTED_EDGE('',*,*,#8708,.F.);
#8708 = EDGE_CURVE('',#8228,#8709,#8711,.T.);
#8709 = VERTEX_POINT('',#8710);
#8710 = CARTESIAN_POINT('',(-324.5,-80.,230.));
#8711 = LINE('',#8712,#8713);
#8712 = CARTESIAN_POINT('',(-330.5,-80.,230.));
#8713 = VECTOR('',#8714,1.);
#8714 = DIRECTION('',(1.,-2.22044604925E-16,0.));
#8715 = ORIENTED_EDGE('',*,*,#8235,.T.);
#8716 = ORIENTED_EDGE('',*,*,#8686,.T.);
#8717 = ORIENTED_EDGE('',*,*,#8718,.F.);
#8718 = EDGE_CURVE('',#8709,#8687,#8719,.T.);
#8719 = LINE('',#8720,#8721);
#8720 = CARTESIAN_POINT('',(-324.5,-202.25,230.));
#8721 = VECTOR('',#8722,1.);
#8722 = DIRECTION('',(0.,-1.,0.));
#8723 = PLANE('',#8724);
#8724 = AXIS2_PLACEMENT_3D('',#8725,#8726,#8727);
#8725 = CARTESIAN_POINT('',(-330.5,-80.,230.));
#8726 = DIRECTION('',(0.,0.,1.));
#8727 = DIRECTION('',(-2.22044604925E-16,-1.,0.));
#8728 = ADVANCED_FACE('',(#8729),#8740,.T.);
#8729 = FACE_BOUND('',#8730,.T.);
#8730 = EDGE_LOOP('',(#8731,#8732,#8733,#8734));
#8731 = ORIENTED_EDGE('',*,*,#8653,.F.);
#8732 = ORIENTED_EDGE('',*,*,#8227,.T.);
#8733 = ORIENTED_EDGE('',*,*,#8708,.T.);
#8734 = ORIENTED_EDGE('',*,*,#8735,.F.);
#8735 = EDGE_CURVE('',#8654,#8709,#8736,.T.);
#8736 = LINE('',#8737,#8738);
#8737 = CARTESIAN_POINT('',(-324.5,-80.,216.));
#8738 = VECTOR('',#8739,1.);
#8739 = DIRECTION('',(0.,0.,-1.));
#8740 = PLANE('',#8741);
#8741 = AXIS2_PLACEMENT_3D('',#8742,#8743,#8744);
#8742 = CARTESIAN_POINT('',(-330.5,-80.,230.));
#8743 = DIRECTION('',(-2.22044604925E-16,-1.,0.));
#8744 = DIRECTION('',(0.,0.,1.));
#8745 = ADVANCED_FACE('',(#8746,#8752,#8786),#8820,.T.);
#8746 = FACE_BOUND('',#8747,.T.);
#8747 = EDGE_LOOP('',(#8748,#8749,#8750,#8751));
#8748 = ORIENTED_EDGE('',*,*,#8274,.F.);
#8749 = ORIENTED_EDGE('',*,*,#8416,.T.);
#8750 = ORIENTED_EDGE('',*,*,#8475,.T.);
#8751 = ORIENTED_EDGE('',*,*,#8358,.F.);
#8752 = FACE_BOUND('',#8753,.T.);
#8753 = EDGE_LOOP('',(#8754,#8764,#8772,#8780));
#8754 = ORIENTED_EDGE('',*,*,#8755,.T.);
#8755 = EDGE_CURVE('',#8756,#8758,#8760,.T.);
#8756 = VERTEX_POINT('',#8757);
#8757 = CARTESIAN_POINT('',(326.5,240.,230.));
#8758 = VERTEX_POINT('',#8759);
#8759 = CARTESIAN_POINT('',(326.5,80.,230.));
#8760 = LINE('',#8761,#8762);
#8761 = CARTESIAN_POINT('',(326.5,-123.25,230.));
#8762 = VECTOR('',#8763,1.);
#8763 = DIRECTION('',(0.,-1.,0.));
#8764 = ORIENTED_EDGE('',*,*,#8765,.T.);
#8765 = EDGE_CURVE('',#8758,#8766,#8768,.T.);
#8766 = VERTEX_POINT('',#8767);
#8767 = CARTESIAN_POINT('',(326.5,80.,370.));
#8768 = LINE('',#8769,#8770);
#8769 = CARTESIAN_POINT('',(326.5,80.,216.));
#8770 = VECTOR('',#8771,1.);
#8771 = DIRECTION('',(0.,0.,1.));
#8772 = ORIENTED_EDGE('',*,*,#8773,.F.);
#8773 = EDGE_CURVE('',#8774,#8766,#8776,.T.);
#8774 = VERTEX_POINT('',#8775);
#8775 = CARTESIAN_POINT('',(326.5,240.,370.));
#8776 = LINE('',#8777,#8778);
#8777 = CARTESIAN_POINT('',(326.5,-123.25,370.));
#8778 = VECTOR('',#8779,1.);
#8779 = DIRECTION('',(0.,-1.,0.));
#8780 = ORIENTED_EDGE('',*,*,#8781,.F.);
#8781 = EDGE_CURVE('',#8756,#8774,#8782,.T.);
#8782 = LINE('',#8783,#8784);
#8783 = CARTESIAN_POINT('',(326.5,240.,216.));
#8784 = VECTOR('',#8785,1.);
#8785 = DIRECTION('',(0.,0.,1.));
#8786 = FACE_BOUND('',#8787,.T.);
#8787 = EDGE_LOOP('',(#8788,#8798,#8806,#8814));
#8788 = ORIENTED_EDGE('',*,*,#8789,.T.);
#8789 = EDGE_CURVE('',#8790,#8792,#8794,.T.);
#8790 = VERTEX_POINT('',#8791);
#8791 = CARTESIAN_POINT('',(326.5,-80.,230.));
#8792 = VERTEX_POINT('',#8793);
#8793 = CARTESIAN_POINT('',(326.5,-240.,230.));
#8794 = LINE('',#8795,#8796);
#8795 = CARTESIAN_POINT('',(326.5,-283.25,230.));
#8796 = VECTOR('',#8797,1.);
#8797 = DIRECTION('',(0.,-1.,0.));
#8798 = ORIENTED_EDGE('',*,*,#8799,.T.);
#8799 = EDGE_CURVE('',#8792,#8800,#8802,.T.);
#8800 = VERTEX_POINT('',#8801);
#8801 = CARTESIAN_POINT('',(326.5,-240.,370.));
#8802 = LINE('',#8803,#8804);
#8803 = CARTESIAN_POINT('',(326.5,-240.,216.));
#8804 = VECTOR('',#8805,1.);
#8805 = DIRECTION('',(0.,0.,1.));
#8806 = ORIENTED_EDGE('',*,*,#8807,.F.);
#8807 = EDGE_CURVE('',#8808,#8800,#8810,.T.);
#8808 = VERTEX_POINT('',#8809);
#8809 = CARTESIAN_POINT('',(326.5,-80.,370.));
#8810 = LINE('',#8811,#8812);
#8811 = CARTESIAN_POINT('',(326.5,-283.25,370.));
#8812 = VECTOR('',#8813,1.);
#8813 = DIRECTION('',(0.,-1.,0.));
#8814 = ORIENTED_EDGE('',*,*,#8815,.F.);
#8815 = EDGE_CURVE('',#8790,#8808,#8816,.T.);
#8816 = LINE('',#8817,#8818);
#8817 = CARTESIAN_POINT('',(326.5,-80.,216.));
#8818 = VECTOR('',#8819,1.);
#8819 = DIRECTION('',(0.,0.,1.));
#8820 = PLANE('',#8821);
#8821 = AXIS2_PLACEMENT_3D('',#8822,#8823,#8824);
#8822 = CARTESIAN_POINT('',(326.5,-326.5,202.));
#8823 = DIRECTION('',(1.,0.,0.));
#8824 = DIRECTION('',(0.,0.,1.));
#8825 = ADVANCED_FACE('',(#8826),#8851,.F.);
#8826 = FACE_BOUND('',#8827,.F.);
#8827 = EDGE_LOOP('',(#8828,#8836,#8837,#8845));
#8828 = ORIENTED_EDGE('',*,*,#8829,.F.);
#8829 = EDGE_CURVE('',#8283,#8830,#8832,.T.);
#8830 = VERTEX_POINT('',#8831);
#8831 = CARTESIAN_POINT('',(-240.,-324.5,370.));
#8832 = LINE('',#8833,#8834);
#8833 = CARTESIAN_POINT('',(-240.,-330.5,370.));
#8834 = VECTOR('',#8835,1.);
#8835 = DIRECTION('',(0.,1.,0.));
#8836 = ORIENTED_EDGE('',*,*,#8282,.T.);
#8837 = ORIENTED_EDGE('',*,*,#8838,.T.);
#8838 = EDGE_CURVE('',#8285,#8839,#8841,.T.);
#8839 = VERTEX_POINT('',#8840);
#8840 = CARTESIAN_POINT('',(-80.,-324.5,370.));
#8841 = LINE('',#8842,#8843);
#8842 = CARTESIAN_POINT('',(-80.,-330.5,370.));
#8843 = VECTOR('',#8844,1.);
#8844 = DIRECTION('',(0.,1.,0.));
#8845 = ORIENTED_EDGE('',*,*,#8846,.F.);
#8846 = EDGE_CURVE('',#8830,#8839,#8847,.T.);
#8847 = LINE('',#8848,#8849);
#8848 = CARTESIAN_POINT('',(-282.25,-324.5,370.));
#8849 = VECTOR('',#8850,1.);
#8850 = DIRECTION('',(1.,0.,0.));
#8851 = PLANE('',#8852);
#8852 = AXIS2_PLACEMENT_3D('',#8853,#8854,#8855);
#8853 = CARTESIAN_POINT('',(-240.,-330.5,370.));
#8854 = DIRECTION('',(0.,0.,1.));
#8855 = DIRECTION('',(1.,0.,0.));
#8856 = ADVANCED_FACE('',(#8857),#8875,.T.);
#8857 = FACE_BOUND('',#8858,.T.);
#8858 = EDGE_LOOP('',(#8859,#8860,#8861,#8869));
#8859 = ORIENTED_EDGE('',*,*,#8829,.F.);
#8860 = ORIENTED_EDGE('',*,*,#8292,.T.);
#8861 = ORIENTED_EDGE('',*,*,#8862,.T.);
#8862 = EDGE_CURVE('',#8293,#8863,#8865,.T.);
#8863 = VERTEX_POINT('',#8864);
#8864 = CARTESIAN_POINT('',(-240.,-324.5,230.));
#8865 = LINE('',#8866,#8867);
#8866 = CARTESIAN_POINT('',(-240.,-330.5,230.));
#8867 = VECTOR('',#8868,1.);
#8868 = DIRECTION('',(0.,1.,0.));
#8869 = ORIENTED_EDGE('',*,*,#8870,.F.);
#8870 = EDGE_CURVE('',#8830,#8863,#8871,.T.);
#8871 = LINE('',#8872,#8873);
#8872 = CARTESIAN_POINT('',(-240.,-324.5,216.));
#8873 = VECTOR('',#8874,1.);
#8874 = DIRECTION('',(0.,0.,-1.));
#8875 = PLANE('',#8876);
#8876 = AXIS2_PLACEMENT_3D('',#8877,#8878,#8879);
#8877 = CARTESIAN_POINT('',(-240.,-330.5,230.));
#8878 = DIRECTION('',(1.,0.,0.));
#8879 = DIRECTION('',(0.,0.,1.));
#8880 = ADVANCED_FACE('',(#8881),#8899,.F.);
#8881 = FACE_BOUND('',#8882,.F.);
#8882 = EDGE_LOOP('',(#8883,#8884,#8885,#8893));
#8883 = ORIENTED_EDGE('',*,*,#8838,.F.);
#8884 = ORIENTED_EDGE('',*,*,#8308,.T.);
#8885 = ORIENTED_EDGE('',*,*,#8886,.T.);
#8886 = EDGE_CURVE('',#8301,#8887,#8889,.T.);
#8887 = VERTEX_POINT('',#8888);
#8888 = CARTESIAN_POINT('',(-80.,-324.5,230.));
#8889 = LINE('',#8890,#8891);
#8890 = CARTESIAN_POINT('',(-80.,-330.5,230.));
#8891 = VECTOR('',#8892,1.);
#8892 = DIRECTION('',(0.,1.,0.));
#8893 = ORIENTED_EDGE('',*,*,#8894,.F.);
#8894 = EDGE_CURVE('',#8839,#8887,#8895,.T.);
#8895 = LINE('',#8896,#8897);
#8896 = CARTESIAN_POINT('',(-80.,-324.5,216.));
#8897 = VECTOR('',#8898,1.);
#8898 = DIRECTION('',(0.,0.,-1.));
#8899 = PLANE('',#8900);
#8900 = AXIS2_PLACEMENT_3D('',#8901,#8902,#8903);
#8901 = CARTESIAN_POINT('',(-80.,-330.5,230.));
#8902 = DIRECTION('',(1.,0.,0.));
#8903 = DIRECTION('',(0.,0.,1.));
#8904 = ADVANCED_FACE('',(#8905),#8916,.T.);
#8905 = FACE_BOUND('',#8906,.T.);
#8906 = EDGE_LOOP('',(#8907,#8908,#8909,#8910));
#8907 = ORIENTED_EDGE('',*,*,#8862,.F.);
#8908 = ORIENTED_EDGE('',*,*,#8300,.T.);
#8909 = ORIENTED_EDGE('',*,*,#8886,.T.);
#8910 = ORIENTED_EDGE('',*,*,#8911,.F.);
#8911 = EDGE_CURVE('',#8863,#8887,#8912,.T.);
#8912 = LINE('',#8913,#8914);
#8913 = CARTESIAN_POINT('',(-282.25,-324.5,230.));
#8914 = VECTOR('',#8915,1.);
#8915 = DIRECTION('',(1.,0.,0.));
#8916 = PLANE('',#8917);
#8917 = AXIS2_PLACEMENT_3D('',#8918,#8919,#8920);
#8918 = CARTESIAN_POINT('',(-240.,-330.5,230.));
#8919 = DIRECTION('',(0.,0.,1.));
#8920 = DIRECTION('',(1.,0.,0.));
#8921 = ADVANCED_FACE('',(#8922),#8947,.F.);
#8922 = FACE_BOUND('',#8923,.F.);
#8923 = EDGE_LOOP('',(#8924,#8932,#8933,#8941));
#8924 = ORIENTED_EDGE('',*,*,#8925,.F.);
#8925 = EDGE_CURVE('',#8317,#8926,#8928,.T.);
#8926 = VERTEX_POINT('',#8927);
#8927 = CARTESIAN_POINT('',(80.,-324.5,370.));
#8928 = LINE('',#8929,#8930);
#8929 = CARTESIAN_POINT('',(80.,-330.5,370.));
#8930 = VECTOR('',#8931,1.);
#8931 = DIRECTION('',(0.,1.,0.));
#8932 = ORIENTED_EDGE('',*,*,#8316,.T.);
#8933 = ORIENTED_EDGE('',*,*,#8934,.T.);
#8934 = EDGE_CURVE('',#8319,#8935,#8937,.T.);
#8935 = VERTEX_POINT('',#8936);
#8936 = CARTESIAN_POINT('',(240.,-324.5,370.));
#8937 = LINE('',#8938,#8939);
#8938 = CARTESIAN_POINT('',(240.,-330.5,370.));
#8939 = VECTOR('',#8940,1.);
#8940 = DIRECTION('',(0.,1.,0.));
#8941 = ORIENTED_EDGE('',*,*,#8942,.F.);
#8942 = EDGE_CURVE('',#8926,#8935,#8943,.T.);
#8943 = LINE('',#8944,#8945);
#8944 = CARTESIAN_POINT('',(-122.25,-324.5,370.));
#8945 = VECTOR('',#8946,1.);
#8946 = DIRECTION('',(1.,0.,0.));
#8947 = PLANE('',#8948);
#8948 = AXIS2_PLACEMENT_3D('',#8949,#8950,#8951);
#8949 = CARTESIAN_POINT('',(80.,-330.5,370.));
#8950 = DIRECTION('',(0.,0.,1.));
#8951 = DIRECTION('',(1.,0.,0.));
#8952 = ADVANCED_FACE('',(#8953),#8971,.F.);
#8953 = FACE_BOUND('',#8954,.F.);
#8954 = EDGE_LOOP('',(#8955,#8956,#8957,#8965));
#8955 = ORIENTED_EDGE('',*,*,#8934,.F.);
#8956 = ORIENTED_EDGE('',*,*,#8342,.T.);
#8957 = ORIENTED_EDGE('',*,*,#8958,.T.);
#8958 = EDGE_CURVE('',#8335,#8959,#8961,.T.);
#8959 = VERTEX_POINT('',#8960);
#8960 = CARTESIAN_POINT('',(240.,-324.5,230.));
#8961 = LINE('',#8962,#8963);
#8962 = CARTESIAN_POINT('',(240.,-330.5,230.));
#8963 = VECTOR('',#8964,1.);
#8964 = DIRECTION('',(0.,1.,0.));
#8965 = ORIENTED_EDGE('',*,*,#8966,.F.);
#8966 = EDGE_CURVE('',#8935,#8959,#8967,.T.);
#8967 = LINE('',#8968,#8969);
#8968 = CARTESIAN_POINT('',(240.,-324.5,216.));
#8969 = VECTOR('',#8970,1.);
#8970 = DIRECTION('',(0.,0.,-1.));
#8971 = PLANE('',#8972);
#8972 = AXIS2_PLACEMENT_3D('',#8973,#8974,#8975);
#8973 = CARTESIAN_POINT('',(240.,-330.5,230.));
#8974 = DIRECTION('',(1.,0.,0.));
#8975 = DIRECTION('',(0.,0.,1.));
#8976 = ADVANCED_FACE('',(#8977),#8995,.T.);
#8977 = FACE_BOUND('',#8978,.T.);
#8978 = EDGE_LOOP('',(#8979,#8987,#8988,#8989));
#8979 = ORIENTED_EDGE('',*,*,#8980,.F.);
#8980 = EDGE_CURVE('',#8327,#8981,#8983,.T.);
#8981 = VERTEX_POINT('',#8982);
#8982 = CARTESIAN_POINT('',(80.,-324.5,230.));
#8983 = LINE('',#8984,#8985);
#8984 = CARTESIAN_POINT('',(80.,-330.5,230.));
#8985 = VECTOR('',#8986,1.);
#8986 = DIRECTION('',(0.,1.,0.));
#8987 = ORIENTED_EDGE('',*,*,#8334,.T.);
#8988 = ORIENTED_EDGE('',*,*,#8958,.T.);
#8989 = ORIENTED_EDGE('',*,*,#8990,.F.);
#8990 = EDGE_CURVE('',#8981,#8959,#8991,.T.);
#8991 = LINE('',#8992,#8993);
#8992 = CARTESIAN_POINT('',(-122.25,-324.5,230.));
#8993 = VECTOR('',#8994,1.);
#8994 = DIRECTION('',(1.,0.,0.));
#8995 = PLANE('',#8996);
#8996 = AXIS2_PLACEMENT_3D('',#8997,#8998,#8999);
#8997 = CARTESIAN_POINT('',(80.,-330.5,230.));
#8998 = DIRECTION('',(0.,0.,1.));
#8999 = DIRECTION('',(1.,0.,0.));
#9000 = ADVANCED_FACE('',(#9001),#9012,.T.);
#9001 = FACE_BOUND('',#9002,.T.);
#9002 = EDGE_LOOP('',(#9003,#9004,#9005,#9006));
#9003 = ORIENTED_EDGE('',*,*,#8925,.F.);
#9004 = ORIENTED_EDGE('',*,*,#8326,.T.);
#9005 = ORIENTED_EDGE('',*,*,#8980,.T.);
#9006 = ORIENTED_EDGE('',*,*,#9007,.F.);
#9007 = EDGE_CURVE('',#8926,#8981,#9008,.T.);
#9008 = LINE('',#9009,#9010);
#9009 = CARTESIAN_POINT('',(80.,-324.5,216.));
#9010 = VECTOR('',#9011,1.);
#9011 = DIRECTION('',(0.,0.,-1.));
#9012 = PLANE('',#9013);
#9013 = AXIS2_PLACEMENT_3D('',#9014,#9015,#9016);
#9014 = CARTESIAN_POINT('',(80.,-330.5,230.));
#9015 = DIRECTION('',(1.,0.,0.));
#9016 = DIRECTION('',(0.,0.,1.));
#9017 = ADVANCED_FACE('',(#9018,#9034,#9040),#9046,.T.);
#9018 = FACE_BOUND('',#9019,.T.);
#9019 = EDGE_LOOP('',(#9020,#9021,#9027,#9028));
#9020 = ORIENTED_EDGE('',*,*,#8432,.F.);
#9021 = ORIENTED_EDGE('',*,*,#9022,.T.);
#9022 = EDGE_CURVE('',#8433,#8375,#9023,.T.);
#9023 = LINE('',#9024,#9025);
#9024 = CARTESIAN_POINT('',(-324.5,-324.5,202.));
#9025 = VECTOR('',#9026,1.);
#9026 = DIRECTION('',(0.,0.,1.));
#9027 = ORIENTED_EDGE('',*,*,#8374,.T.);
#9028 = ORIENTED_EDGE('',*,*,#9029,.F.);
#9029 = EDGE_CURVE('',#8435,#8377,#9030,.T.);
#9030 = LINE('',#9031,#9032);
#9031 = CARTESIAN_POINT('',(324.5,-324.5,202.));
#9032 = VECTOR('',#9033,1.);
#9033 = DIRECTION('',(0.,0.,1.));
#9034 = FACE_BOUND('',#9035,.T.);
#9035 = EDGE_LOOP('',(#9036,#9037,#9038,#9039));
#9036 = ORIENTED_EDGE('',*,*,#8846,.F.);
#9037 = ORIENTED_EDGE('',*,*,#8870,.T.);
#9038 = ORIENTED_EDGE('',*,*,#8911,.T.);
#9039 = ORIENTED_EDGE('',*,*,#8894,.F.);
#9040 = FACE_BOUND('',#9041,.T.);
#9041 = EDGE_LOOP('',(#9042,#9043,#9044,#9045));
#9042 = ORIENTED_EDGE('',*,*,#8942,.F.);
#9043 = ORIENTED_EDGE('',*,*,#9007,.T.);
#9044 = ORIENTED_EDGE('',*,*,#8990,.T.);
#9045 = ORIENTED_EDGE('',*,*,#8966,.F.);
#9046 = PLANE('',#9047);
#9047 = AXIS2_PLACEMENT_3D('',#9048,#9049,#9050);
#9048 = CARTESIAN_POINT('',(-324.5,-324.5,202.));
#9049 = DIRECTION('',(0.,1.,0.));
#9050 = DIRECTION('',(0.,0.,1.));
#9051 = ADVANCED_FACE('',(#9052,#9063,#9097),#9131,.F.);
#9052 = FACE_BOUND('',#9053,.F.);
#9053 = EDGE_LOOP('',(#9054,#9055,#9056,#9062));
#9054 = ORIENTED_EDGE('',*,*,#9029,.F.);
#9055 = ORIENTED_EDGE('',*,*,#8458,.T.);
#9056 = ORIENTED_EDGE('',*,*,#9057,.T.);
#9057 = EDGE_CURVE('',#8451,#8393,#9058,.T.);
#9058 = LINE('',#9059,#9060);
#9059 = CARTESIAN_POINT('',(324.5,324.5,202.));
#9060 = VECTOR('',#9061,1.);
#9061 = DIRECTION('',(0.,0.,1.));
#9062 = ORIENTED_EDGE('',*,*,#8400,.F.);
#9063 = FACE_BOUND('',#9064,.F.);
#9064 = EDGE_LOOP('',(#9065,#9075,#9083,#9091));
#9065 = ORIENTED_EDGE('',*,*,#9066,.T.);
#9066 = EDGE_CURVE('',#9067,#9069,#9071,.T.);
#9067 = VERTEX_POINT('',#9068);
#9068 = CARTESIAN_POINT('',(324.5,240.,230.));
#9069 = VERTEX_POINT('',#9070);
#9070 = CARTESIAN_POINT('',(324.5,80.,230.));
#9071 = LINE('',#9072,#9073);
#9072 = CARTESIAN_POINT('',(324.5,-122.25,230.));
#9073 = VECTOR('',#9074,1.);
#9074 = DIRECTION('',(0.,-1.,0.));
#9075 = ORIENTED_EDGE('',*,*,#9076,.T.);
#9076 = EDGE_CURVE('',#9069,#9077,#9079,.T.);
#9077 = VERTEX_POINT('',#9078);
#9078 = CARTESIAN_POINT('',(324.5,80.,370.));
#9079 = LINE('',#9080,#9081);
#9080 = CARTESIAN_POINT('',(324.5,80.,216.));
#9081 = VECTOR('',#9082,1.);
#9082 = DIRECTION('',(0.,0.,1.));
#9083 = ORIENTED_EDGE('',*,*,#9084,.F.);
#9084 = EDGE_CURVE('',#9085,#9077,#9087,.T.);
#9085 = VERTEX_POINT('',#9086);
#9086 = CARTESIAN_POINT('',(324.5,240.,370.));
#9087 = LINE('',#9088,#9089);
#9088 = CARTESIAN_POINT('',(324.5,-122.25,370.));
#9089 = VECTOR('',#9090,1.);
#9090 = DIRECTION('',(0.,-1.,0.));
#9091 = ORIENTED_EDGE('',*,*,#9092,.F.);
#9092 = EDGE_CURVE('',#9067,#9085,#9093,.T.);
#9093 = LINE('',#9094,#9095);
#9094 = CARTESIAN_POINT('',(324.5,240.,216.));
#9095 = VECTOR('',#9096,1.);
#9096 = DIRECTION('',(0.,0.,1.));
#9097 = FACE_BOUND('',#9098,.F.);
#9098 = EDGE_LOOP('',(#9099,#9109,#9117,#9125));
#9099 = ORIENTED_EDGE('',*,*,#9100,.T.);
#9100 = EDGE_CURVE('',#9101,#9103,#9105,.T.);
#9101 = VERTEX_POINT('',#9102);
#9102 = CARTESIAN_POINT('',(324.5,-80.,230.));
#9103 = VERTEX_POINT('',#9104);
#9104 = CARTESIAN_POINT('',(324.5,-240.,230.));
#9105 = LINE('',#9106,#9107);
#9106 = CARTESIAN_POINT('',(324.5,-282.25,230.));
#9107 = VECTOR('',#9108,1.);
#9108 = DIRECTION('',(0.,-1.,0.));
#9109 = ORIENTED_EDGE('',*,*,#9110,.T.);
#9110 = EDGE_CURVE('',#9103,#9111,#9113,.T.);
#9111 = VERTEX_POINT('',#9112);
#9112 = CARTESIAN_POINT('',(324.5,-240.,370.));
#9113 = LINE('',#9114,#9115);
#9114 = CARTESIAN_POINT('',(324.5,-240.,216.));
#9115 = VECTOR('',#9116,1.);
#9116 = DIRECTION('',(0.,0.,1.));
#9117 = ORIENTED_EDGE('',*,*,#9118,.F.);
#9118 = EDGE_CURVE('',#9119,#9111,#9121,.T.);
#9119 = VERTEX_POINT('',#9120);
#9120 = CARTESIAN_POINT('',(324.5,-80.,370.));
#9121 = LINE('',#9122,#9123);
#9122 = CARTESIAN_POINT('',(324.5,-282.25,370.));
#9123 = VECTOR('',#9124,1.);
#9124 = DIRECTION('',(0.,-1.,0.));
#9125 = ORIENTED_EDGE('',*,*,#9126,.F.);
#9126 = EDGE_CURVE('',#9101,#9119,#9127,.T.);
#9127 = LINE('',#9128,#9129);
#9128 = CARTESIAN_POINT('',(324.5,-80.,216.));
#9129 = VECTOR('',#9130,1.);
#9130 = DIRECTION('',(0.,0.,1.));
#9131 = PLANE('',#9132);
#9132 = AXIS2_PLACEMENT_3D('',#9133,#9134,#9135);
#9133 = CARTESIAN_POINT('',(324.5,-324.5,202.));
#9134 = DIRECTION('',(1.,0.,0.));
#9135 = DIRECTION('',(0.,0.,1.));
#9136 = ADVANCED_FACE('',(#9137,#9148,#9182),#9216,.F.);
#9137 = FACE_BOUND('',#9138,.F.);
#9138 = EDGE_LOOP('',(#9139,#9140,#9146,#9147));
#9139 = ORIENTED_EDGE('',*,*,#8450,.F.);
#9140 = ORIENTED_EDGE('',*,*,#9141,.T.);
#9141 = EDGE_CURVE('',#8443,#8385,#9142,.T.);
#9142 = LINE('',#9143,#9144);
#9143 = CARTESIAN_POINT('',(-324.5,324.5,202.));
#9144 = VECTOR('',#9145,1.);
#9145 = DIRECTION('',(0.,0.,1.));
#9146 = ORIENTED_EDGE('',*,*,#8392,.T.);
#9147 = ORIENTED_EDGE('',*,*,#9057,.F.);
#9148 = FACE_BOUND('',#9149,.F.);
#9149 = EDGE_LOOP('',(#9150,#9160,#9168,#9176));
#9150 = ORIENTED_EDGE('',*,*,#9151,.T.);
#9151 = EDGE_CURVE('',#9152,#9154,#9156,.T.);
#9152 = VERTEX_POINT('',#9153);
#9153 = CARTESIAN_POINT('',(-240.,324.5,230.));
#9154 = VERTEX_POINT('',#9155);
#9155 = CARTESIAN_POINT('',(-80.,324.5,230.));
#9156 = LINE('',#9157,#9158);
#9157 = CARTESIAN_POINT('',(-202.25,324.5,230.));
#9158 = VECTOR('',#9159,1.);
#9159 = DIRECTION('',(1.,0.,0.));
#9160 = ORIENTED_EDGE('',*,*,#9161,.T.);
#9161 = EDGE_CURVE('',#9154,#9162,#9164,.T.);
#9162 = VERTEX_POINT('',#9163);
#9163 = CARTESIAN_POINT('',(-80.,324.5,370.));
#9164 = LINE('',#9165,#9166);
#9165 = CARTESIAN_POINT('',(-80.,324.5,216.));
#9166 = VECTOR('',#9167,1.);
#9167 = DIRECTION('',(0.,0.,1.));
#9168 = ORIENTED_EDGE('',*,*,#9169,.F.);
#9169 = EDGE_CURVE('',#9170,#9162,#9172,.T.);
#9170 = VERTEX_POINT('',#9171);
#9171 = CARTESIAN_POINT('',(-240.,324.5,370.));
#9172 = LINE('',#9173,#9174);
#9173 = CARTESIAN_POINT('',(-202.25,324.5,370.));
#9174 = VECTOR('',#9175,1.);
#9175 = DIRECTION('',(1.,0.,0.));
#9176 = ORIENTED_EDGE('',*,*,#9177,.F.);
#9177 = EDGE_CURVE('',#9152,#9170,#9178,.T.);
#9178 = LINE('',#9179,#9180);
#9179 = CARTESIAN_POINT('',(-240.,324.5,216.));
#9180 = VECTOR('',#9181,1.);
#9181 = DIRECTION('',(0.,0.,1.));
#9182 = FACE_BOUND('',#9183,.F.);
#9183 = EDGE_LOOP('',(#9184,#9194,#9202,#9210));
#9184 = ORIENTED_EDGE('',*,*,#9185,.T.);
#9185 = EDGE_CURVE('',#9186,#9188,#9190,.T.);
#9186 = VERTEX_POINT('',#9187);
#9187 = CARTESIAN_POINT('',(80.,324.5,230.));
#9188 = VERTEX_POINT('',#9189);
#9189 = CARTESIAN_POINT('',(240.,324.5,230.));
#9190 = LINE('',#9191,#9192);
#9191 = CARTESIAN_POINT('',(-42.25,324.5,230.));
#9192 = VECTOR('',#9193,1.);
#9193 = DIRECTION('',(1.,0.,0.));
#9194 = ORIENTED_EDGE('',*,*,#9195,.T.);
#9195 = EDGE_CURVE('',#9188,#9196,#9198,.T.);
#9196 = VERTEX_POINT('',#9197);
#9197 = CARTESIAN_POINT('',(240.,324.5,370.));
#9198 = LINE('',#9199,#9200);
#9199 = CARTESIAN_POINT('',(240.,324.5,216.));
#9200 = VECTOR('',#9201,1.);
#9201 = DIRECTION('',(0.,0.,1.));
#9202 = ORIENTED_EDGE('',*,*,#9203,.F.);
#9203 = EDGE_CURVE('',#9204,#9196,#9206,.T.);
#9204 = VERTEX_POINT('',#9205);
#9205 = CARTESIAN_POINT('',(80.,324.5,370.));
#9206 = LINE('',#9207,#9208);
#9207 = CARTESIAN_POINT('',(-42.25,324.5,370.));
#9208 = VECTOR('',#9209,1.);
#9209 = DIRECTION('',(1.,0.,0.));
#9210 = ORIENTED_EDGE('',*,*,#9211,.F.);
#9211 = EDGE_CURVE('',#9186,#9204,#9212,.T.);
#9212 = LINE('',#9213,#9214);
#9213 = CARTESIAN_POINT('',(80.,324.5,216.));
#9214 = VECTOR('',#9215,1.);
#9215 = DIRECTION('',(0.,0.,1.));
#9216 = PLANE('',#9217);
#9217 = AXIS2_PLACEMENT_3D('',#9218,#9219,#9220);
#9218 = CARTESIAN_POINT('',(-324.5,324.5,202.));
#9219 = DIRECTION('',(0.,1.,0.));
#9220 = DIRECTION('',(0.,0.,1.));
#9221 = ADVANCED_FACE('',(#9222,#9228,#9234),#9240,.T.);
#9222 = FACE_BOUND('',#9223,.T.);
#9223 = EDGE_LOOP('',(#9224,#9225,#9226,#9227));
#9224 = ORIENTED_EDGE('',*,*,#9022,.F.);
#9225 = ORIENTED_EDGE('',*,*,#8442,.T.);
#9226 = ORIENTED_EDGE('',*,*,#9141,.T.);
#9227 = ORIENTED_EDGE('',*,*,#8384,.F.);
#9228 = FACE_BOUND('',#9229,.T.);
#9229 = EDGE_LOOP('',(#9230,#9231,#9232,#9233));
#9230 = ORIENTED_EDGE('',*,*,#8574,.F.);
#9231 = ORIENTED_EDGE('',*,*,#8598,.T.);
#9232 = ORIENTED_EDGE('',*,*,#8639,.T.);
#9233 = ORIENTED_EDGE('',*,*,#8622,.F.);
#9234 = FACE_BOUND('',#9235,.T.);
#9235 = EDGE_LOOP('',(#9236,#9237,#9238,#9239));
#9236 = ORIENTED_EDGE('',*,*,#8670,.F.);
#9237 = ORIENTED_EDGE('',*,*,#8735,.T.);
#9238 = ORIENTED_EDGE('',*,*,#8718,.T.);
#9239 = ORIENTED_EDGE('',*,*,#8694,.F.);
#9240 = PLANE('',#9241);
#9241 = AXIS2_PLACEMENT_3D('',#9242,#9243,#9244);
#9242 = CARTESIAN_POINT('',(-324.5,-324.5,202.));
#9243 = DIRECTION('',(1.,0.,0.));
#9244 = DIRECTION('',(0.,0.,1.));
#9245 = ADVANCED_FACE('',(#9246),#9262,.T.);
#9246 = FACE_BOUND('',#9247,.T.);
#9247 = EDGE_LOOP('',(#9248,#9254,#9255,#9261));
#9248 = ORIENTED_EDGE('',*,*,#9249,.F.);
#9249 = EDGE_CURVE('',#8486,#9154,#9250,.T.);
#9250 = LINE('',#9251,#9252);
#9251 = CARTESIAN_POINT('',(-80.,330.5,230.));
#9252 = VECTOR('',#9253,1.);
#9253 = DIRECTION('',(-1.224646799147E-16,-1.,0.));
#9254 = ORIENTED_EDGE('',*,*,#8483,.F.);
#9255 = ORIENTED_EDGE('',*,*,#9256,.T.);
#9256 = EDGE_CURVE('',#8484,#9152,#9257,.T.);
#9257 = LINE('',#9258,#9259);
#9258 = CARTESIAN_POINT('',(-240.,330.5,230.));
#9259 = VECTOR('',#9260,1.);
#9260 = DIRECTION('',(-1.224646799147E-16,-1.,0.));
#9261 = ORIENTED_EDGE('',*,*,#9151,.T.);
#9262 = PLANE('',#9263);
#9263 = AXIS2_PLACEMENT_3D('',#9264,#9265,#9266);
#9264 = CARTESIAN_POINT('',(-80.,330.5,230.));
#9265 = DIRECTION('',(0.,0.,1.));
#9266 = DIRECTION('',(-1.,1.224646799147E-16,0.));
#9267 = ADVANCED_FACE('',(#9268),#9279,.F.);
#9268 = FACE_BOUND('',#9269,.F.);
#9269 = EDGE_LOOP('',(#9270,#9276,#9277,#9278));
#9270 = ORIENTED_EDGE('',*,*,#9271,.F.);
#9271 = EDGE_CURVE('',#8502,#9170,#9272,.T.);
#9272 = LINE('',#9273,#9274);
#9273 = CARTESIAN_POINT('',(-240.,330.5,370.));
#9274 = VECTOR('',#9275,1.);
#9275 = DIRECTION('',(-1.224646799147E-16,-1.,0.));
#9276 = ORIENTED_EDGE('',*,*,#8509,.F.);
#9277 = ORIENTED_EDGE('',*,*,#9256,.T.);
#9278 = ORIENTED_EDGE('',*,*,#9177,.T.);
#9279 = PLANE('',#9280);
#9280 = AXIS2_PLACEMENT_3D('',#9281,#9282,#9283);
#9281 = CARTESIAN_POINT('',(-240.,330.5,230.));
#9282 = DIRECTION('',(-1.,1.224646799147E-16,0.));
#9283 = DIRECTION('',(0.,0.,1.));
#9284 = ADVANCED_FACE('',(#9285),#9296,.F.);
#9285 = FACE_BOUND('',#9286,.F.);
#9286 = EDGE_LOOP('',(#9287,#9293,#9294,#9295));
#9287 = ORIENTED_EDGE('',*,*,#9288,.F.);
#9288 = EDGE_CURVE('',#8494,#9162,#9289,.T.);
#9289 = LINE('',#9290,#9291);
#9290 = CARTESIAN_POINT('',(-80.,330.5,370.));
#9291 = VECTOR('',#9292,1.);
#9292 = DIRECTION('',(-1.224646799147E-16,-1.,0.));
#9293 = ORIENTED_EDGE('',*,*,#8501,.F.);
#9294 = ORIENTED_EDGE('',*,*,#9271,.T.);
#9295 = ORIENTED_EDGE('',*,*,#9169,.T.);
#9296 = PLANE('',#9297);
#9297 = AXIS2_PLACEMENT_3D('',#9298,#9299,#9300);
#9298 = CARTESIAN_POINT('',(-80.,330.5,370.));
#9299 = DIRECTION('',(0.,0.,1.));
#9300 = DIRECTION('',(-1.,1.224646799147E-16,0.));
#9301 = ADVANCED_FACE('',(#9302),#9308,.T.);
#9302 = FACE_BOUND('',#9303,.T.);
#9303 = EDGE_LOOP('',(#9304,#9305,#9306,#9307));
#9304 = ORIENTED_EDGE('',*,*,#9288,.F.);
#9305 = ORIENTED_EDGE('',*,*,#8493,.F.);
#9306 = ORIENTED_EDGE('',*,*,#9249,.T.);
#9307 = ORIENTED_EDGE('',*,*,#9161,.T.);
#9308 = PLANE('',#9309);
#9309 = AXIS2_PLACEMENT_3D('',#9310,#9311,#9312);
#9310 = CARTESIAN_POINT('',(-80.,330.5,230.));
#9311 = DIRECTION('',(-1.,1.224646799147E-16,0.));
#9312 = DIRECTION('',(0.,0.,1.));
#9313 = ADVANCED_FACE('',(#9314),#9330,.T.);
#9314 = FACE_BOUND('',#9315,.T.);
#9315 = EDGE_LOOP('',(#9316,#9322,#9323,#9329));
#9316 = ORIENTED_EDGE('',*,*,#9317,.F.);
#9317 = EDGE_CURVE('',#8520,#9188,#9318,.T.);
#9318 = LINE('',#9319,#9320);
#9319 = CARTESIAN_POINT('',(240.,330.5,230.));
#9320 = VECTOR('',#9321,1.);
#9321 = DIRECTION('',(-1.224646799147E-16,-1.,0.));
#9322 = ORIENTED_EDGE('',*,*,#8517,.F.);
#9323 = ORIENTED_EDGE('',*,*,#9324,.T.);
#9324 = EDGE_CURVE('',#8518,#9186,#9325,.T.);
#9325 = LINE('',#9326,#9327);
#9326 = CARTESIAN_POINT('',(80.,330.5,230.));
#9327 = VECTOR('',#9328,1.);
#9328 = DIRECTION('',(-1.224646799147E-16,-1.,0.));
#9329 = ORIENTED_EDGE('',*,*,#9185,.T.);
#9330 = PLANE('',#9331);
#9331 = AXIS2_PLACEMENT_3D('',#9332,#9333,#9334);
#9332 = CARTESIAN_POINT('',(240.,330.5,230.));
#9333 = DIRECTION('',(0.,0.,1.));
#9334 = DIRECTION('',(-1.,1.224646799147E-16,0.));
#9335 = ADVANCED_FACE('',(#9336),#9347,.F.);
#9336 = FACE_BOUND('',#9337,.F.);
#9337 = EDGE_LOOP('',(#9338,#9344,#9345,#9346));
#9338 = ORIENTED_EDGE('',*,*,#9339,.F.);
#9339 = EDGE_CURVE('',#8536,#9204,#9340,.T.);
#9340 = LINE('',#9341,#9342);
#9341 = CARTESIAN_POINT('',(80.,330.5,370.));
#9342 = VECTOR('',#9343,1.);
#9343 = DIRECTION('',(-1.224646799147E-16,-1.,0.));
#9344 = ORIENTED_EDGE('',*,*,#8543,.F.);
#9345 = ORIENTED_EDGE('',*,*,#9324,.T.);
#9346 = ORIENTED_EDGE('',*,*,#9211,.T.);
#9347 = PLANE('',#9348);
#9348 = AXIS2_PLACEMENT_3D('',#9349,#9350,#9351);
#9349 = CARTESIAN_POINT('',(80.,330.5,230.));
#9350 = DIRECTION('',(-1.,1.224646799147E-16,0.));
#9351 = DIRECTION('',(0.,0.,1.));
#9352 = ADVANCED_FACE('',(#9353),#9364,.T.);
#9353 = FACE_BOUND('',#9354,.T.);
#9354 = EDGE_LOOP('',(#9355,#9361,#9362,#9363));
#9355 = ORIENTED_EDGE('',*,*,#9356,.F.);
#9356 = EDGE_CURVE('',#8528,#9196,#9357,.T.);
#9357 = LINE('',#9358,#9359);
#9358 = CARTESIAN_POINT('',(240.,330.5,370.));
#9359 = VECTOR('',#9360,1.);
#9360 = DIRECTION('',(-1.224646799147E-16,-1.,0.));
#9361 = ORIENTED_EDGE('',*,*,#8527,.F.);
#9362 = ORIENTED_EDGE('',*,*,#9317,.T.);
#9363 = ORIENTED_EDGE('',*,*,#9195,.T.);
#9364 = PLANE('',#9365);
#9365 = AXIS2_PLACEMENT_3D('',#9366,#9367,#9368);
#9366 = CARTESIAN_POINT('',(240.,330.5,230.));
#9367 = DIRECTION('',(-1.,1.224646799147E-16,0.));
#9368 = DIRECTION('',(0.,0.,1.));
#9369 = ADVANCED_FACE('',(#9370),#9376,.F.);
#9370 = FACE_BOUND('',#9371,.F.);
#9371 = EDGE_LOOP('',(#9372,#9373,#9374,#9375));
#9372 = ORIENTED_EDGE('',*,*,#9356,.F.);
#9373 = ORIENTED_EDGE('',*,*,#8535,.F.);
#9374 = ORIENTED_EDGE('',*,*,#9339,.T.);
#9375 = ORIENTED_EDGE('',*,*,#9203,.T.);
#9376 = PLANE('',#9377);
#9377 = AXIS2_PLACEMENT_3D('',#9378,#9379,#9380);
#9378 = CARTESIAN_POINT('',(240.,330.5,370.));
#9379 = DIRECTION('',(0.,0.,1.));
#9380 = DIRECTION('',(-1.,1.224646799147E-16,0.));
#9381 = ADVANCED_FACE('',(#9382),#9398,.T.);
#9382 = FACE_BOUND('',#9383,.T.);
#9383 = EDGE_LOOP('',(#9384,#9390,#9391,#9397));
#9384 = ORIENTED_EDGE('',*,*,#9385,.F.);
#9385 = EDGE_CURVE('',#8758,#9069,#9386,.T.);
#9386 = LINE('',#9387,#9388);
#9387 = CARTESIAN_POINT('',(330.5,80.,230.));
#9388 = VECTOR('',#9389,1.);
#9389 = DIRECTION('',(-1.,1.110223024625E-16,0.));
#9390 = ORIENTED_EDGE('',*,*,#8755,.F.);
#9391 = ORIENTED_EDGE('',*,*,#9392,.T.);
#9392 = EDGE_CURVE('',#8756,#9067,#9393,.T.);
#9393 = LINE('',#9394,#9395);
#9394 = CARTESIAN_POINT('',(330.5,240.,230.));
#9395 = VECTOR('',#9396,1.);
#9396 = DIRECTION('',(-1.,1.110223024625E-16,0.));
#9397 = ORIENTED_EDGE('',*,*,#9066,.T.);
#9398 = PLANE('',#9399);
#9399 = AXIS2_PLACEMENT_3D('',#9400,#9401,#9402);
#9400 = CARTESIAN_POINT('',(330.5,80.,230.));
#9401 = DIRECTION('',(0.,0.,1.));
#9402 = DIRECTION('',(1.110223024625E-16,1.,0.));
#9403 = ADVANCED_FACE('',(#9404),#9415,.F.);
#9404 = FACE_BOUND('',#9405,.F.);
#9405 = EDGE_LOOP('',(#9406,#9412,#9413,#9414));
#9406 = ORIENTED_EDGE('',*,*,#9407,.F.);
#9407 = EDGE_CURVE('',#8774,#9085,#9408,.T.);
#9408 = LINE('',#9409,#9410);
#9409 = CARTESIAN_POINT('',(330.5,240.,370.));
#9410 = VECTOR('',#9411,1.);
#9411 = DIRECTION('',(-1.,1.110223024625E-16,0.));
#9412 = ORIENTED_EDGE('',*,*,#8781,.F.);
#9413 = ORIENTED_EDGE('',*,*,#9392,.T.);
#9414 = ORIENTED_EDGE('',*,*,#9092,.T.);
#9415 = PLANE('',#9416);
#9416 = AXIS2_PLACEMENT_3D('',#9417,#9418,#9419);
#9417 = CARTESIAN_POINT('',(330.5,240.,230.));
#9418 = DIRECTION('',(1.110223024625E-16,1.,0.));
#9419 = DIRECTION('',(0.,0.,1.));
#9420 = ADVANCED_FACE('',(#9421),#9432,.F.);
#9421 = FACE_BOUND('',#9422,.F.);
#9422 = EDGE_LOOP('',(#9423,#9429,#9430,#9431));
#9423 = ORIENTED_EDGE('',*,*,#9424,.F.);
#9424 = EDGE_CURVE('',#8766,#9077,#9425,.T.);
#9425 = LINE('',#9426,#9427);
#9426 = CARTESIAN_POINT('',(330.5,80.,370.));
#9427 = VECTOR('',#9428,1.);
#9428 = DIRECTION('',(-1.,1.110223024625E-16,0.));
#9429 = ORIENTED_EDGE('',*,*,#8773,.F.);
#9430 = ORIENTED_EDGE('',*,*,#9407,.T.);
#9431 = ORIENTED_EDGE('',*,*,#9084,.T.);
#9432 = PLANE('',#9433);
#9433 = AXIS2_PLACEMENT_3D('',#9434,#9435,#9436);
#9434 = CARTESIAN_POINT('',(330.5,80.,370.));
#9435 = DIRECTION('',(0.,0.,1.));
#9436 = DIRECTION('',(1.110223024625E-16,1.,0.));
#9437 = ADVANCED_FACE('',(#9438),#9444,.T.);
#9438 = FACE_BOUND('',#9439,.T.);
#9439 = EDGE_LOOP('',(#9440,#9441,#9442,#9443));
#9440 = ORIENTED_EDGE('',*,*,#9424,.F.);
#9441 = ORIENTED_EDGE('',*,*,#8765,.F.);
#9442 = ORIENTED_EDGE('',*,*,#9385,.T.);
#9443 = ORIENTED_EDGE('',*,*,#9076,.T.);
#9444 = PLANE('',#9445);
#9445 = AXIS2_PLACEMENT_3D('',#9446,#9447,#9448);
#9446 = CARTESIAN_POINT('',(330.5,80.,230.));
#9447 = DIRECTION('',(1.110223024625E-16,1.,0.));
#9448 = DIRECTION('',(0.,0.,1.));
#9449 = ADVANCED_FACE('',(#9450),#9466,.T.);
#9450 = FACE_BOUND('',#9451,.T.);
#9451 = EDGE_LOOP('',(#9452,#9458,#9459,#9465));
#9452 = ORIENTED_EDGE('',*,*,#9453,.F.);
#9453 = EDGE_CURVE('',#8792,#9103,#9454,.T.);
#9454 = LINE('',#9455,#9456);
#9455 = CARTESIAN_POINT('',(330.5,-240.,230.));
#9456 = VECTOR('',#9457,1.);
#9457 = DIRECTION('',(-1.,1.110223024625E-16,0.));
#9458 = ORIENTED_EDGE('',*,*,#8789,.F.);
#9459 = ORIENTED_EDGE('',*,*,#9460,.T.);
#9460 = EDGE_CURVE('',#8790,#9101,#9461,.T.);
#9461 = LINE('',#9462,#9463);
#9462 = CARTESIAN_POINT('',(330.5,-80.,230.));
#9463 = VECTOR('',#9464,1.);
#9464 = DIRECTION('',(-1.,1.110223024625E-16,0.));
#9465 = ORIENTED_EDGE('',*,*,#9100,.T.);
#9466 = PLANE('',#9467);
#9467 = AXIS2_PLACEMENT_3D('',#9468,#9469,#9470);
#9468 = CARTESIAN_POINT('',(330.5,-240.,230.));
#9469 = DIRECTION('',(0.,0.,1.));
#9470 = DIRECTION('',(1.110223024625E-16,1.,0.));
#9471 = ADVANCED_FACE('',(#9472),#9483,.F.);
#9472 = FACE_BOUND('',#9473,.F.);
#9473 = EDGE_LOOP('',(#9474,#9480,#9481,#9482));
#9474 = ORIENTED_EDGE('',*,*,#9475,.F.);
#9475 = EDGE_CURVE('',#8808,#9119,#9476,.T.);
#9476 = LINE('',#9477,#9478);
#9477 = CARTESIAN_POINT('',(330.5,-80.,370.));
#9478 = VECTOR('',#9479,1.);
#9479 = DIRECTION('',(-1.,1.110223024625E-16,0.));
#9480 = ORIENTED_EDGE('',*,*,#8815,.F.);
#9481 = ORIENTED_EDGE('',*,*,#9460,.T.);
#9482 = ORIENTED_EDGE('',*,*,#9126,.T.);
#9483 = PLANE('',#9484);
#9484 = AXIS2_PLACEMENT_3D('',#9485,#9486,#9487);
#9485 = CARTESIAN_POINT('',(330.5,-80.,230.));
#9486 = DIRECTION('',(1.110223024625E-16,1.,0.));
#9487 = DIRECTION('',(0.,0.,1.));
#9488 = ADVANCED_FACE('',(#9489),#9500,.T.);
#9489 = FACE_BOUND('',#9490,.T.);
#9490 = EDGE_LOOP('',(#9491,#9497,#9498,#9499));
#9491 = ORIENTED_EDGE('',*,*,#9492,.F.);
#9492 = EDGE_CURVE('',#8800,#9111,#9493,.T.);
#9493 = LINE('',#9494,#9495);
#9494 = CARTESIAN_POINT('',(330.5,-240.,370.));
#9495 = VECTOR('',#9496,1.);
#9496 = DIRECTION('',(-1.,1.110223024625E-16,0.));
#9497 = ORIENTED_EDGE('',*,*,#8799,.F.);
#9498 = ORIENTED_EDGE('',*,*,#9453,.T.);
#9499 = ORIENTED_EDGE('',*,*,#9110,.T.);
#9500 = PLANE('',#9501);
#9501 = AXIS2_PLACEMENT_3D('',#9502,#9503,#9504);
#9502 = CARTESIAN_POINT('',(330.5,-240.,230.));
#9503 = DIRECTION('',(1.110223024625E-16,1.,0.));
#9504 = DIRECTION('',(0.,0.,1.));
#9505 = ADVANCED_FACE('',(#9506),#9512,.F.);
#9506 = FACE_BOUND('',#9507,.F.);
#9507 = EDGE_LOOP('',(#9508,#9509,#9510,#9511));
#9508 = ORIENTED_EDGE('',*,*,#9492,.F.);
#9509 = ORIENTED_EDGE('',*,*,#8807,.F.);
#9510 = ORIENTED_EDGE('',*,*,#9475,.T.);
#9511 = ORIENTED_EDGE('',*,*,#9118,.T.);
#9512 = PLANE('',#9513);
#9513 = AXIS2_PLACEMENT_3D('',#9514,#9515,#9516);
#9514 = CARTESIAN_POINT('',(330.5,-240.,370.));
#9515 = DIRECTION('',(0.,0.,1.));
#9516 = DIRECTION('',(1.110223024625E-16,1.,0.));
#9517 = MANIFOLD_SOLID_BREP('',#9518);
#9518 = CLOSED_SHELL('',(#9519,#9559,#9590,#9621,#9652,#9692,#9723,#9754
    ,#9794,#9825,#9856,#9887,#9909,#9940,#9971,#10011,#10042,#10073,
    #10095,#10117,#10139,#10201,#10232,#10256,#10280,#10297));
#9519 = ADVANCED_FACE('',(#9520),#9554,.T.);
#9520 = FACE_BOUND('',#9521,.T.);
#9521 = EDGE_LOOP('',(#9522,#9532,#9540,#9548));
#9522 = ORIENTED_EDGE('',*,*,#9523,.F.);
#9523 = EDGE_CURVE('',#9524,#9526,#9528,.T.);
#9524 = VERTEX_POINT('',#9525);
#9525 = CARTESIAN_POINT('',(326.5,-82.5,450.));
#9526 = VERTEX_POINT('',#9527);
#9527 = CARTESIAN_POINT('',(326.5,82.5,450.));
#9528 = LINE('',#9529,#9530);
#9529 = CARTESIAN_POINT('',(326.5,-326.5,450.));
#9530 = VECTOR('',#9531,1.);
#9531 = DIRECTION('',(0.,1.,0.));
#9532 = ORIENTED_EDGE('',*,*,#9533,.F.);
#9533 = EDGE_CURVE('',#9534,#9524,#9536,.T.);
#9534 = VERTEX_POINT('',#9535);
#9535 = CARTESIAN_POINT('',(326.5,-82.5,445.));
#9536 = LINE('',#9537,#9538);
#9537 = CARTESIAN_POINT('',(326.5,-82.5,445.));
#9538 = VECTOR('',#9539,1.);
#9539 = DIRECTION('',(0.,0.,1.));
#9540 = ORIENTED_EDGE('',*,*,#9541,.T.);
#9541 = EDGE_CURVE('',#9534,#9542,#9544,.T.);
#9542 = VERTEX_POINT('',#9543);
#9543 = CARTESIAN_POINT('',(326.5,82.5,445.));
#9544 = LINE('',#9545,#9546);
#9545 = CARTESIAN_POINT('',(326.5,-326.5,445.));
#9546 = VECTOR('',#9547,1.);
#9547 = DIRECTION('',(0.,1.,0.));
#9548 = ORIENTED_EDGE('',*,*,#9549,.T.);
#9549 = EDGE_CURVE('',#9542,#9526,#9550,.T.);
#9550 = LINE('',#9551,#9552);
#9551 = CARTESIAN_POINT('',(326.5,82.5,445.));
#9552 = VECTOR('',#9553,1.);
#9553 = DIRECTION('',(0.,0.,1.));
#9554 = PLANE('',#9555);
#9555 = AXIS2_PLACEMENT_3D('',#9556,#9557,#9558);
#9556 = CARTESIAN_POINT('',(326.5,-326.5,445.));
#9557 = DIRECTION('',(1.,0.,0.));
#9558 = DIRECTION('',(0.,0.,1.));
#9559 = ADVANCED_FACE('',(#9560),#9585,.F.);
#9560 = FACE_BOUND('',#9561,.F.);
#9561 = EDGE_LOOP('',(#9562,#9570,#9571,#9579));
#9562 = ORIENTED_EDGE('',*,*,#9563,.F.);
#9563 = EDGE_CURVE('',#9542,#9564,#9566,.T.);
#9564 = VERTEX_POINT('',#9565);
#9565 = CARTESIAN_POINT('',(367.5,82.5,445.));
#9566 = LINE('',#9567,#9568);
#9567 = CARTESIAN_POINT('',(324.5,82.5,445.));
#9568 = VECTOR('',#9569,1.);
#9569 = DIRECTION('',(1.,0.,0.));
#9570 = ORIENTED_EDGE('',*,*,#9549,.T.);
#9571 = ORIENTED_EDGE('',*,*,#9572,.T.);
#9572 = EDGE_CURVE('',#9526,#9573,#9575,.T.);
#9573 = VERTEX_POINT('',#9574);
#9574 = CARTESIAN_POINT('',(367.5,82.5,450.));
#9575 = LINE('',#9576,#9577);
#9576 = CARTESIAN_POINT('',(324.5,82.5,450.));
#9577 = VECTOR('',#9578,1.);
#9578 = DIRECTION('',(1.,0.,0.));
#9579 = ORIENTED_EDGE('',*,*,#9580,.F.);
#9580 = EDGE_CURVE('',#9564,#9573,#9581,.T.);
#9581 = LINE('',#9582,#9583);
#9582 = CARTESIAN_POINT('',(367.5,82.5,445.));
#9583 = VECTOR('',#9584,1.);
#9584 = DIRECTION('',(0.,0.,1.));
#9585 = PLANE('',#9586);
#9586 = AXIS2_PLACEMENT_3D('',#9587,#9588,#9589);
#9587 = CARTESIAN_POINT('',(324.5,82.5,445.));
#9588 = DIRECTION('',(0.,1.,0.));
#9589 = DIRECTION('',(0.,0.,1.));
#9590 = ADVANCED_FACE('',(#9591),#9616,.T.);
#9591 = FACE_BOUND('',#9592,.T.);
#9592 = EDGE_LOOP('',(#9593,#9601,#9602,#9610));
#9593 = ORIENTED_EDGE('',*,*,#9594,.F.);
#9594 = EDGE_CURVE('',#9534,#9595,#9597,.T.);
#9595 = VERTEX_POINT('',#9596);
#9596 = CARTESIAN_POINT('',(367.5,-82.5,445.));
#9597 = LINE('',#9598,#9599);
#9598 = CARTESIAN_POINT('',(324.5,-82.5,445.));
#9599 = VECTOR('',#9600,1.);
#9600 = DIRECTION('',(1.,0.,0.));
#9601 = ORIENTED_EDGE('',*,*,#9533,.T.);
#9602 = ORIENTED_EDGE('',*,*,#9603,.T.);
#9603 = EDGE_CURVE('',#9524,#9604,#9606,.T.);
#9604 = VERTEX_POINT('',#9605);
#9605 = CARTESIAN_POINT('',(367.5,-82.5,450.));
#9606 = LINE('',#9607,#9608);
#9607 = CARTESIAN_POINT('',(324.5,-82.5,450.));
#9608 = VECTOR('',#9609,1.);
#9609 = DIRECTION('',(1.,0.,0.));
#9610 = ORIENTED_EDGE('',*,*,#9611,.F.);
#9611 = EDGE_CURVE('',#9595,#9604,#9612,.T.);
#9612 = LINE('',#9613,#9614);
#9613 = CARTESIAN_POINT('',(367.5,-82.5,445.));
#9614 = VECTOR('',#9615,1.);
#9615 = DIRECTION('',(0.,0.,1.));
#9616 = PLANE('',#9617);
#9617 = AXIS2_PLACEMENT_3D('',#9618,#9619,#9620);
#9618 = CARTESIAN_POINT('',(324.5,-82.5,445.));
#9619 = DIRECTION('',(0.,1.,0.));
#9620 = DIRECTION('',(0.,0.,1.));
#9621 = ADVANCED_FACE('',(#9622),#9647,.T.);
#9622 = FACE_BOUND('',#9623,.T.);
#9623 = EDGE_LOOP('',(#9624,#9625,#9633,#9641));
#9624 = ORIENTED_EDGE('',*,*,#9580,.F.);
#9625 = ORIENTED_EDGE('',*,*,#9626,.T.);
#9626 = EDGE_CURVE('',#9564,#9627,#9629,.T.);
#9627 = VERTEX_POINT('',#9628);
#9628 = CARTESIAN_POINT('',(367.5,117.5,445.));
#9629 = LINE('',#9630,#9631);
#9630 = CARTESIAN_POINT('',(367.5,82.5,445.));
#9631 = VECTOR('',#9632,1.);
#9632 = DIRECTION('',(0.,1.,0.));
#9633 = ORIENTED_EDGE('',*,*,#9634,.T.);
#9634 = EDGE_CURVE('',#9627,#9635,#9637,.T.);
#9635 = VERTEX_POINT('',#9636);
#9636 = CARTESIAN_POINT('',(367.5,117.5,450.));
#9637 = LINE('',#9638,#9639);
#9638 = CARTESIAN_POINT('',(367.5,117.5,445.));
#9639 = VECTOR('',#9640,1.);
#9640 = DIRECTION('',(0.,0.,1.));
#9641 = ORIENTED_EDGE('',*,*,#9642,.F.);
#9642 = EDGE_CURVE('',#9573,#9635,#9643,.T.);
#9643 = LINE('',#9644,#9645);
#9644 = CARTESIAN_POINT('',(367.5,82.5,450.));
#9645 = VECTOR('',#9646,1.);
#9646 = DIRECTION('',(0.,1.,0.));
#9647 = PLANE('',#9648);
#9648 = AXIS2_PLACEMENT_3D('',#9649,#9650,#9651);
#9649 = CARTESIAN_POINT('',(367.5,82.5,445.));
#9650 = DIRECTION('',(1.,0.,0.));
#9651 = DIRECTION('',(0.,0.,1.));
#9652 = ADVANCED_FACE('',(#9653),#9687,.F.);
#9653 = FACE_BOUND('',#9654,.F.);
#9654 = EDGE_LOOP('',(#9655,#9665,#9673,#9681));
#9655 = ORIENTED_EDGE('',*,*,#9656,.F.);
#9656 = EDGE_CURVE('',#9657,#9659,#9661,.T.);
#9657 = VERTEX_POINT('',#9658);
#9658 = CARTESIAN_POINT('',(-326.5,-82.5,450.));
#9659 = VERTEX_POINT('',#9660);
#9660 = CARTESIAN_POINT('',(-326.5,82.5,450.));
#9661 = LINE('',#9662,#9663);
#9662 = CARTESIAN_POINT('',(-326.5,-326.5,450.));
#9663 = VECTOR('',#9664,1.);
#9664 = DIRECTION('',(0.,1.,0.));
#9665 = ORIENTED_EDGE('',*,*,#9666,.F.);
#9666 = EDGE_CURVE('',#9667,#9657,#9669,.T.);
#9667 = VERTEX_POINT('',#9668);
#9668 = CARTESIAN_POINT('',(-326.5,-82.5,445.));
#9669 = LINE('',#9670,#9671);
#9670 = CARTESIAN_POINT('',(-326.5,-82.5,445.));
#9671 = VECTOR('',#9672,1.);
#9672 = DIRECTION('',(0.,0.,1.));
#9673 = ORIENTED_EDGE('',*,*,#9674,.T.);
#9674 = EDGE_CURVE('',#9667,#9675,#9677,.T.);
#9675 = VERTEX_POINT('',#9676);
#9676 = CARTESIAN_POINT('',(-326.5,82.5,445.));
#9677 = LINE('',#9678,#9679);
#9678 = CARTESIAN_POINT('',(-326.5,-326.5,445.));
#9679 = VECTOR('',#9680,1.);
#9680 = DIRECTION('',(0.,1.,0.));
#9681 = ORIENTED_EDGE('',*,*,#9682,.T.);
#9682 = EDGE_CURVE('',#9675,#9659,#9683,.T.);
#9683 = LINE('',#9684,#9685);
#9684 = CARTESIAN_POINT('',(-326.5,82.5,445.));
#9685 = VECTOR('',#9686,1.);
#9686 = DIRECTION('',(0.,0.,1.));
#9687 = PLANE('',#9688);
#9688 = AXIS2_PLACEMENT_3D('',#9689,#9690,#9691);
#9689 = CARTESIAN_POINT('',(-326.5,-326.5,445.));
#9690 = DIRECTION('',(1.,0.,0.));
#9691 = DIRECTION('',(0.,0.,1.));
#9692 = ADVANCED_FACE('',(#9693),#9718,.F.);
#9693 = FACE_BOUND('',#9694,.F.);
#9694 = EDGE_LOOP('',(#9695,#9703,#9711,#9717));
#9695 = ORIENTED_EDGE('',*,*,#9696,.F.);
#9696 = EDGE_CURVE('',#9697,#9675,#9699,.T.);
#9697 = VERTEX_POINT('',#9698);
#9698 = CARTESIAN_POINT('',(-367.5,82.5,445.));
#9699 = LINE('',#9700,#9701);
#9700 = CARTESIAN_POINT('',(-367.5,82.5,445.));
#9701 = VECTOR('',#9702,1.);
#9702 = DIRECTION('',(1.,0.,0.));
#9703 = ORIENTED_EDGE('',*,*,#9704,.T.);
#9704 = EDGE_CURVE('',#9697,#9705,#9707,.T.);
#9705 = VERTEX_POINT('',#9706);
#9706 = CARTESIAN_POINT('',(-367.5,82.5,450.));
#9707 = LINE('',#9708,#9709);
#9708 = CARTESIAN_POINT('',(-367.5,82.5,445.));
#9709 = VECTOR('',#9710,1.);
#9710 = DIRECTION('',(0.,0.,1.));
#9711 = ORIENTED_EDGE('',*,*,#9712,.T.);
#9712 = EDGE_CURVE('',#9705,#9659,#9713,.T.);
#9713 = LINE('',#9714,#9715);
#9714 = CARTESIAN_POINT('',(-367.5,82.5,450.));
#9715 = VECTOR('',#9716,1.);
#9716 = DIRECTION('',(1.,0.,0.));
#9717 = ORIENTED_EDGE('',*,*,#9682,.F.);
#9718 = PLANE('',#9719);
#9719 = AXIS2_PLACEMENT_3D('',#9720,#9721,#9722);
#9720 = CARTESIAN_POINT('',(-367.5,82.5,445.));
#9721 = DIRECTION('',(0.,1.,0.));
#9722 = DIRECTION('',(0.,0.,1.));
#9723 = ADVANCED_FACE('',(#9724),#9749,.T.);
#9724 = FACE_BOUND('',#9725,.T.);
#9725 = EDGE_LOOP('',(#9726,#9734,#9742,#9748));
#9726 = ORIENTED_EDGE('',*,*,#9727,.F.);
#9727 = EDGE_CURVE('',#9728,#9667,#9730,.T.);
#9728 = VERTEX_POINT('',#9729);
#9729 = CARTESIAN_POINT('',(-367.5,-82.5,445.));
#9730 = LINE('',#9731,#9732);
#9731 = CARTESIAN_POINT('',(-367.5,-82.5,445.));
#9732 = VECTOR('',#9733,1.);
#9733 = DIRECTION('',(1.,0.,0.));
#9734 = ORIENTED_EDGE('',*,*,#9735,.T.);
#9735 = EDGE_CURVE('',#9728,#9736,#9738,.T.);
#9736 = VERTEX_POINT('',#9737);
#9737 = CARTESIAN_POINT('',(-367.5,-82.5,450.));
#9738 = LINE('',#9739,#9740);
#9739 = CARTESIAN_POINT('',(-367.5,-82.5,445.));
#9740 = VECTOR('',#9741,1.);
#9741 = DIRECTION('',(0.,0.,1.));
#9742 = ORIENTED_EDGE('',*,*,#9743,.T.);
#9743 = EDGE_CURVE('',#9736,#9657,#9744,.T.);
#9744 = LINE('',#9745,#9746);
#9745 = CARTESIAN_POINT('',(-367.5,-82.5,450.));
#9746 = VECTOR('',#9747,1.);
#9747 = DIRECTION('',(1.,0.,0.));
#9748 = ORIENTED_EDGE('',*,*,#9666,.F.);
#9749 = PLANE('',#9750);
#9750 = AXIS2_PLACEMENT_3D('',#9751,#9752,#9753);
#9751 = CARTESIAN_POINT('',(-367.5,-82.5,445.));
#9752 = DIRECTION('',(0.,1.,0.));
#9753 = DIRECTION('',(0.,0.,1.));
#9754 = ADVANCED_FACE('',(#9755),#9789,.F.);
#9755 = FACE_BOUND('',#9756,.F.);
#9756 = EDGE_LOOP('',(#9757,#9767,#9775,#9783));
#9757 = ORIENTED_EDGE('',*,*,#9758,.F.);
#9758 = EDGE_CURVE('',#9759,#9761,#9763,.T.);
#9759 = VERTEX_POINT('',#9760);
#9760 = CARTESIAN_POINT('',(-326.5,-326.5,450.));
#9761 = VERTEX_POINT('',#9762);
#9762 = CARTESIAN_POINT('',(-326.5,-117.5,450.));
#9763 = LINE('',#9764,#9765);
#9764 = CARTESIAN_POINT('',(-326.5,-326.5,450.));
#9765 = VECTOR('',#9766,1.);
#9766 = DIRECTION('',(0.,1.,0.));
#9767 = ORIENTED_EDGE('',*,*,#9768,.F.);
#9768 = EDGE_CURVE('',#9769,#9759,#9771,.T.);
#9769 = VERTEX_POINT('',#9770);
#9770 = CARTESIAN_POINT('',(-326.5,-326.5,445.));
#9771 = LINE('',#9772,#9773);
#9772 = CARTESIAN_POINT('',(-326.5,-326.5,445.));
#9773 = VECTOR('',#9774,1.);
#9774 = DIRECTION('',(0.,0.,1.));
#9775 = ORIENTED_EDGE('',*,*,#9776,.T.);
#9776 = EDGE_CURVE('',#9769,#9777,#9779,.T.);
#9777 = VERTEX_POINT('',#9778);
#9778 = CARTESIAN_POINT('',(-326.5,-117.5,445.));
#9779 = LINE('',#9780,#9781);
#9780 = CARTESIAN_POINT('',(-326.5,-326.5,445.));
#9781 = VECTOR('',#9782,1.);
#9782 = DIRECTION('',(0.,1.,0.));
#9783 = ORIENTED_EDGE('',*,*,#9784,.T.);
#9784 = EDGE_CURVE('',#9777,#9761,#9785,.T.);
#9785 = LINE('',#9786,#9787);
#9786 = CARTESIAN_POINT('',(-326.5,-117.5,445.));
#9787 = VECTOR('',#9788,1.);
#9788 = DIRECTION('',(0.,0.,1.));
#9789 = PLANE('',#9790);
#9790 = AXIS2_PLACEMENT_3D('',#9791,#9792,#9793);
#9791 = CARTESIAN_POINT('',(-326.5,-326.5,445.));
#9792 = DIRECTION('',(1.,0.,0.));
#9793 = DIRECTION('',(0.,0.,1.));
#9794 = ADVANCED_FACE('',(#9795),#9820,.F.);
#9795 = FACE_BOUND('',#9796,.F.);
#9796 = EDGE_LOOP('',(#9797,#9805,#9813,#9819));
#9797 = ORIENTED_EDGE('',*,*,#9798,.F.);
#9798 = EDGE_CURVE('',#9799,#9777,#9801,.T.);
#9799 = VERTEX_POINT('',#9800);
#9800 = CARTESIAN_POINT('',(-367.5,-117.5,445.));
#9801 = LINE('',#9802,#9803);
#9802 = CARTESIAN_POINT('',(-367.5,-117.5,445.));
#9803 = VECTOR('',#9804,1.);
#9804 = DIRECTION('',(1.,0.,0.));
#9805 = ORIENTED_EDGE('',*,*,#9806,.T.);
#9806 = EDGE_CURVE('',#9799,#9807,#9809,.T.);
#9807 = VERTEX_POINT('',#9808);
#9808 = CARTESIAN_POINT('',(-367.5,-117.5,450.));
#9809 = LINE('',#9810,#9811);
#9810 = CARTESIAN_POINT('',(-367.5,-117.5,445.));
#9811 = VECTOR('',#9812,1.);
#9812 = DIRECTION('',(0.,0.,1.));
#9813 = ORIENTED_EDGE('',*,*,#9814,.T.);
#9814 = EDGE_CURVE('',#9807,#9761,#9815,.T.);
#9815 = LINE('',#9816,#9817);
#9816 = CARTESIAN_POINT('',(-367.5,-117.5,450.));
#9817 = VECTOR('',#9818,1.);
#9818 = DIRECTION('',(1.,0.,0.));
#9819 = ORIENTED_EDGE('',*,*,#9784,.F.);
#9820 = PLANE('',#9821);
#9821 = AXIS2_PLACEMENT_3D('',#9822,#9823,#9824);
#9822 = CARTESIAN_POINT('',(-367.5,-117.5,445.));
#9823 = DIRECTION('',(0.,1.,0.));
#9824 = DIRECTION('',(0.,0.,1.));
#9825 = ADVANCED_FACE('',(#9826),#9851,.F.);
#9826 = FACE_BOUND('',#9827,.F.);
#9827 = EDGE_LOOP('',(#9828,#9836,#9837,#9845));
#9828 = ORIENTED_EDGE('',*,*,#9829,.F.);
#9829 = EDGE_CURVE('',#9769,#9830,#9832,.T.);
#9830 = VERTEX_POINT('',#9831);
#9831 = CARTESIAN_POINT('',(326.5,-326.5,445.));
#9832 = LINE('',#9833,#9834);
#9833 = CARTESIAN_POINT('',(-326.5,-326.5,445.));
#9834 = VECTOR('',#9835,1.);
#9835 = DIRECTION('',(1.,0.,0.));
#9836 = ORIENTED_EDGE('',*,*,#9768,.T.);
#9837 = ORIENTED_EDGE('',*,*,#9838,.T.);
#9838 = EDGE_CURVE('',#9759,#9839,#9841,.T.);
#9839 = VERTEX_POINT('',#9840);
#9840 = CARTESIAN_POINT('',(326.5,-326.5,450.));
#9841 = LINE('',#9842,#9843);
#9842 = CARTESIAN_POINT('',(-326.5,-326.5,450.));
#9843 = VECTOR('',#9844,1.);
#9844 = DIRECTION('',(1.,0.,0.));
#9845 = ORIENTED_EDGE('',*,*,#9846,.F.);
#9846 = EDGE_CURVE('',#9830,#9839,#9847,.T.);
#9847 = LINE('',#9848,#9849);
#9848 = CARTESIAN_POINT('',(326.5,-326.5,445.));
#9849 = VECTOR('',#9850,1.);
#9850 = DIRECTION('',(0.,0.,1.));
#9851 = PLANE('',#9852);
#9852 = AXIS2_PLACEMENT_3D('',#9853,#9854,#9855);
#9853 = CARTESIAN_POINT('',(-326.5,-326.5,445.));
#9854 = DIRECTION('',(0.,1.,0.));
#9855 = DIRECTION('',(0.,0.,1.));
#9856 = ADVANCED_FACE('',(#9857),#9882,.T.);
#9857 = FACE_BOUND('',#9858,.T.);
#9858 = EDGE_LOOP('',(#9859,#9867,#9868,#9876));
#9859 = ORIENTED_EDGE('',*,*,#9860,.F.);
#9860 = EDGE_CURVE('',#9839,#9861,#9863,.T.);
#9861 = VERTEX_POINT('',#9862);
#9862 = CARTESIAN_POINT('',(326.5,-117.5,450.));
#9863 = LINE('',#9864,#9865);
#9864 = CARTESIAN_POINT('',(326.5,-326.5,450.));
#9865 = VECTOR('',#9866,1.);
#9866 = DIRECTION('',(0.,1.,0.));
#9867 = ORIENTED_EDGE('',*,*,#9846,.F.);
#9868 = ORIENTED_EDGE('',*,*,#9869,.T.);
#9869 = EDGE_CURVE('',#9830,#9870,#9872,.T.);
#9870 = VERTEX_POINT('',#9871);
#9871 = CARTESIAN_POINT('',(326.5,-117.5,445.));
#9872 = LINE('',#9873,#9874);
#9873 = CARTESIAN_POINT('',(326.5,-326.5,445.));
#9874 = VECTOR('',#9875,1.);
#9875 = DIRECTION('',(0.,1.,0.));
#9876 = ORIENTED_EDGE('',*,*,#9877,.T.);
#9877 = EDGE_CURVE('',#9870,#9861,#9878,.T.);
#9878 = LINE('',#9879,#9880);
#9879 = CARTESIAN_POINT('',(326.5,-117.5,445.));
#9880 = VECTOR('',#9881,1.);
#9881 = DIRECTION('',(0.,0.,1.));
#9882 = PLANE('',#9883);
#9883 = AXIS2_PLACEMENT_3D('',#9884,#9885,#9886);
#9884 = CARTESIAN_POINT('',(326.5,-326.5,445.));
#9885 = DIRECTION('',(1.,0.,0.));
#9886 = DIRECTION('',(0.,0.,1.));
#9887 = ADVANCED_FACE('',(#9888),#9904,.F.);
#9888 = FACE_BOUND('',#9889,.F.);
#9889 = EDGE_LOOP('',(#9890,#9891,#9897,#9898));
#9890 = ORIENTED_EDGE('',*,*,#9806,.F.);
#9891 = ORIENTED_EDGE('',*,*,#9892,.T.);
#9892 = EDGE_CURVE('',#9799,#9728,#9893,.T.);
#9893 = LINE('',#9894,#9895);
#9894 = CARTESIAN_POINT('',(-367.5,-117.5,445.));
#9895 = VECTOR('',#9896,1.);
#9896 = DIRECTION('',(0.,1.,0.));
#9897 = ORIENTED_EDGE('',*,*,#9735,.T.);
#9898 = ORIENTED_EDGE('',*,*,#9899,.F.);
#9899 = EDGE_CURVE('',#9807,#9736,#9900,.T.);
#9900 = LINE('',#9901,#9902);
#9901 = CARTESIAN_POINT('',(-367.5,-117.5,450.));
#9902 = VECTOR('',#9903,1.);
#9903 = DIRECTION('',(0.,1.,0.));
#9904 = PLANE('',#9905);
#9905 = AXIS2_PLACEMENT_3D('',#9906,#9907,#9908);
#9906 = CARTESIAN_POINT('',(-367.5,-117.5,445.));
#9907 = DIRECTION('',(1.,0.,0.));
#9908 = DIRECTION('',(0.,0.,1.));
#9909 = ADVANCED_FACE('',(#9910),#9935,.F.);
#9910 = FACE_BOUND('',#9911,.F.);
#9911 = EDGE_LOOP('',(#9912,#9920,#9921,#9929));
#9912 = ORIENTED_EDGE('',*,*,#9913,.F.);
#9913 = EDGE_CURVE('',#9870,#9914,#9916,.T.);
#9914 = VERTEX_POINT('',#9915);
#9915 = CARTESIAN_POINT('',(367.5,-117.5,445.));
#9916 = LINE('',#9917,#9918);
#9917 = CARTESIAN_POINT('',(324.5,-117.5,445.));
#9918 = VECTOR('',#9919,1.);
#9919 = DIRECTION('',(1.,0.,0.));
#9920 = ORIENTED_EDGE('',*,*,#9877,.T.);
#9921 = ORIENTED_EDGE('',*,*,#9922,.T.);
#9922 = EDGE_CURVE('',#9861,#9923,#9925,.T.);
#9923 = VERTEX_POINT('',#9924);
#9924 = CARTESIAN_POINT('',(367.5,-117.5,450.));
#9925 = LINE('',#9926,#9927);
#9926 = CARTESIAN_POINT('',(324.5,-117.5,450.));
#9927 = VECTOR('',#9928,1.);
#9928 = DIRECTION('',(1.,0.,0.));
#9929 = ORIENTED_EDGE('',*,*,#9930,.F.);
#9930 = EDGE_CURVE('',#9914,#9923,#9931,.T.);
#9931 = LINE('',#9932,#9933);
#9932 = CARTESIAN_POINT('',(367.5,-117.5,445.));
#9933 = VECTOR('',#9934,1.);
#9934 = DIRECTION('',(0.,0.,1.));
#9935 = PLANE('',#9936);
#9936 = AXIS2_PLACEMENT_3D('',#9937,#9938,#9939);
#9937 = CARTESIAN_POINT('',(324.5,-117.5,445.));
#9938 = DIRECTION('',(0.,1.,0.));
#9939 = DIRECTION('',(0.,0.,1.));
#9940 = ADVANCED_FACE('',(#9941),#9966,.F.);
#9941 = FACE_BOUND('',#9942,.F.);
#9942 = EDGE_LOOP('',(#9943,#9944,#9952,#9960));
#9943 = ORIENTED_EDGE('',*,*,#9704,.F.);
#9944 = ORIENTED_EDGE('',*,*,#9945,.T.);
#9945 = EDGE_CURVE('',#9697,#9946,#9948,.T.);
#9946 = VERTEX_POINT('',#9947);
#9947 = CARTESIAN_POINT('',(-367.5,117.5,445.));
#9948 = LINE('',#9949,#9950);
#9949 = CARTESIAN_POINT('',(-367.5,82.5,445.));
#9950 = VECTOR('',#9951,1.);
#9951 = DIRECTION('',(0.,1.,0.));
#9952 = ORIENTED_EDGE('',*,*,#9953,.T.);
#9953 = EDGE_CURVE('',#9946,#9954,#9956,.T.);
#9954 = VERTEX_POINT('',#9955);
#9955 = CARTESIAN_POINT('',(-367.5,117.5,450.));
#9956 = LINE('',#9957,#9958);
#9957 = CARTESIAN_POINT('',(-367.5,117.5,445.));
#9958 = VECTOR('',#9959,1.);
#9959 = DIRECTION('',(0.,0.,1.));
#9960 = ORIENTED_EDGE('',*,*,#9961,.F.);
#9961 = EDGE_CURVE('',#9705,#9954,#9962,.T.);
#9962 = LINE('',#9963,#9964);
#9963 = CARTESIAN_POINT('',(-367.5,82.5,450.));
#9964 = VECTOR('',#9965,1.);
#9965 = DIRECTION('',(0.,1.,0.));
#9966 = PLANE('',#9967);
#9967 = AXIS2_PLACEMENT_3D('',#9968,#9969,#9970);
#9968 = CARTESIAN_POINT('',(-367.5,82.5,445.));
#9969 = DIRECTION('',(1.,0.,0.));
#9970 = DIRECTION('',(0.,0.,1.));
#9971 = ADVANCED_FACE('',(#9972),#10006,.F.);
#9972 = FACE_BOUND('',#9973,.F.);
#9973 = EDGE_LOOP('',(#9974,#9984,#9992,#10000));
#9974 = ORIENTED_EDGE('',*,*,#9975,.F.);
#9975 = EDGE_CURVE('',#9976,#9978,#9980,.T.);
#9976 = VERTEX_POINT('',#9977);
#9977 = CARTESIAN_POINT('',(-326.5,117.5,450.));
#9978 = VERTEX_POINT('',#9979);
#9979 = CARTESIAN_POINT('',(-326.5,326.5,450.));
#9980 = LINE('',#9981,#9982);
#9981 = CARTESIAN_POINT('',(-326.5,-326.5,450.));
#9982 = VECTOR('',#9983,1.);
#9983 = DIRECTION('',(0.,1.,0.));
#9984 = ORIENTED_EDGE('',*,*,#9985,.F.);
#9985 = EDGE_CURVE('',#9986,#9976,#9988,.T.);
#9986 = VERTEX_POINT('',#9987);
#9987 = CARTESIAN_POINT('',(-326.5,117.5,445.));
#9988 = LINE('',#9989,#9990);
#9989 = CARTESIAN_POINT('',(-326.5,117.5,445.));
#9990 = VECTOR('',#9991,1.);
#9991 = DIRECTION('',(0.,0.,1.));
#9992 = ORIENTED_EDGE('',*,*,#9993,.T.);
#9993 = EDGE_CURVE('',#9986,#9994,#9996,.T.);
#9994 = VERTEX_POINT('',#9995);
#9995 = CARTESIAN_POINT('',(-326.5,326.5,445.));
#9996 = LINE('',#9997,#9998);
#9997 = CARTESIAN_POINT('',(-326.5,-326.5,445.));
#9998 = VECTOR('',#9999,1.);
#9999 = DIRECTION('',(0.,1.,0.));
#10000 = ORIENTED_EDGE('',*,*,#10001,.T.);
#10001 = EDGE_CURVE('',#9994,#9978,#10002,.T.);
#10002 = LINE('',#10003,#10004);
#10003 = CARTESIAN_POINT('',(-326.5,326.5,445.));
#10004 = VECTOR('',#10005,1.);
#10005 = DIRECTION('',(0.,0.,1.));
#10006 = PLANE('',#10007);
#10007 = AXIS2_PLACEMENT_3D('',#10008,#10009,#10010);
#10008 = CARTESIAN_POINT('',(-326.5,-326.5,445.));
#10009 = DIRECTION('',(1.,0.,0.));
#10010 = DIRECTION('',(0.,0.,1.));
#10011 = ADVANCED_FACE('',(#10012),#10037,.T.);
#10012 = FACE_BOUND('',#10013,.T.);
#10013 = EDGE_LOOP('',(#10014,#10022,#10023,#10031));
#10014 = ORIENTED_EDGE('',*,*,#10015,.F.);
#10015 = EDGE_CURVE('',#9994,#10016,#10018,.T.);
#10016 = VERTEX_POINT('',#10017);
#10017 = CARTESIAN_POINT('',(326.5,326.5,445.));
#10018 = LINE('',#10019,#10020);
#10019 = CARTESIAN_POINT('',(-326.5,326.5,445.));
#10020 = VECTOR('',#10021,1.);
#10021 = DIRECTION('',(1.,0.,0.));
#10022 = ORIENTED_EDGE('',*,*,#10001,.T.);
#10023 = ORIENTED_EDGE('',*,*,#10024,.T.);
#10024 = EDGE_CURVE('',#9978,#10025,#10027,.T.);
#10025 = VERTEX_POINT('',#10026);
#10026 = CARTESIAN_POINT('',(326.5,326.5,450.));
#10027 = LINE('',#10028,#10029);
#10028 = CARTESIAN_POINT('',(-326.5,326.5,450.));
#10029 = VECTOR('',#10030,1.);
#10030 = DIRECTION('',(1.,0.,0.));
#10031 = ORIENTED_EDGE('',*,*,#10032,.F.);
#10032 = EDGE_CURVE('',#10016,#10025,#10033,.T.);
#10033 = LINE('',#10034,#10035);
#10034 = CARTESIAN_POINT('',(326.5,326.5,445.));
#10035 = VECTOR('',#10036,1.);
#10036 = DIRECTION('',(0.,0.,1.));
#10037 = PLANE('',#10038);
#10038 = AXIS2_PLACEMENT_3D('',#10039,#10040,#10041);
#10039 = CARTESIAN_POINT('',(-326.5,326.5,445.));
#10040 = DIRECTION('',(0.,1.,0.));
#10041 = DIRECTION('',(0.,0.,1.));
#10042 = ADVANCED_FACE('',(#10043),#10068,.T.);
#10043 = FACE_BOUND('',#10044,.T.);
#10044 = EDGE_LOOP('',(#10045,#10053,#10061,#10067));
#10045 = ORIENTED_EDGE('',*,*,#10046,.F.);
#10046 = EDGE_CURVE('',#10047,#10025,#10049,.T.);
#10047 = VERTEX_POINT('',#10048);
#10048 = CARTESIAN_POINT('',(326.5,117.5,450.));
#10049 = LINE('',#10050,#10051);
#10050 = CARTESIAN_POINT('',(326.5,-326.5,450.));
#10051 = VECTOR('',#10052,1.);
#10052 = DIRECTION('',(0.,1.,0.));
#10053 = ORIENTED_EDGE('',*,*,#10054,.F.);
#10054 = EDGE_CURVE('',#10055,#10047,#10057,.T.);
#10055 = VERTEX_POINT('',#10056);
#10056 = CARTESIAN_POINT('',(326.5,117.5,445.));
#10057 = LINE('',#10058,#10059);
#10058 = CARTESIAN_POINT('',(326.5,117.5,445.));
#10059 = VECTOR('',#10060,1.);
#10060 = DIRECTION('',(0.,0.,1.));
#10061 = ORIENTED_EDGE('',*,*,#10062,.T.);
#10062 = EDGE_CURVE('',#10055,#10016,#10063,.T.);
#10063 = LINE('',#10064,#10065);
#10064 = CARTESIAN_POINT('',(326.5,-326.5,445.));
#10065 = VECTOR('',#10066,1.);
#10066 = DIRECTION('',(0.,1.,0.));
#10067 = ORIENTED_EDGE('',*,*,#10032,.T.);
#10068 = PLANE('',#10069);
#10069 = AXIS2_PLACEMENT_3D('',#10070,#10071,#10072);
#10070 = CARTESIAN_POINT('',(326.5,-326.5,445.));
#10071 = DIRECTION('',(1.,0.,0.));
#10072 = DIRECTION('',(0.,0.,1.));
#10073 = ADVANCED_FACE('',(#10074),#10090,.T.);
#10074 = FACE_BOUND('',#10075,.T.);
#10075 = EDGE_LOOP('',(#10076,#10082,#10083,#10089));
#10076 = ORIENTED_EDGE('',*,*,#10077,.F.);
#10077 = EDGE_CURVE('',#9946,#9986,#10078,.T.);
#10078 = LINE('',#10079,#10080);
#10079 = CARTESIAN_POINT('',(-367.5,117.5,445.));
#10080 = VECTOR('',#10081,1.);
#10081 = DIRECTION('',(1.,0.,0.));
#10082 = ORIENTED_EDGE('',*,*,#9953,.T.);
#10083 = ORIENTED_EDGE('',*,*,#10084,.T.);
#10084 = EDGE_CURVE('',#9954,#9976,#10085,.T.);
#10085 = LINE('',#10086,#10087);
#10086 = CARTESIAN_POINT('',(-367.5,117.5,450.));
#10087 = VECTOR('',#10088,1.);
#10088 = DIRECTION('',(1.,0.,0.));
#10089 = ORIENTED_EDGE('',*,*,#9985,.F.);
#10090 = PLANE('',#10091);
#10091 = AXIS2_PLACEMENT_3D('',#10092,#10093,#10094);
#10092 = CARTESIAN_POINT('',(-367.5,117.5,445.));
#10093 = DIRECTION('',(0.,1.,0.));
#10094 = DIRECTION('',(0.,0.,1.));
#10095 = ADVANCED_FACE('',(#10096),#10112,.T.);
#10096 = FACE_BOUND('',#10097,.T.);
#10097 = EDGE_LOOP('',(#10098,#10104,#10105,#10111));
#10098 = ORIENTED_EDGE('',*,*,#10099,.F.);
#10099 = EDGE_CURVE('',#10055,#9627,#10100,.T.);
#10100 = LINE('',#10101,#10102);
#10101 = CARTESIAN_POINT('',(324.5,117.5,445.));
#10102 = VECTOR('',#10103,1.);
#10103 = DIRECTION('',(1.,0.,0.));
#10104 = ORIENTED_EDGE('',*,*,#10054,.T.);
#10105 = ORIENTED_EDGE('',*,*,#10106,.T.);
#10106 = EDGE_CURVE('',#10047,#9635,#10107,.T.);
#10107 = LINE('',#10108,#10109);
#10108 = CARTESIAN_POINT('',(324.5,117.5,450.));
#10109 = VECTOR('',#10110,1.);
#10110 = DIRECTION('',(1.,0.,0.));
#10111 = ORIENTED_EDGE('',*,*,#9634,.F.);
#10112 = PLANE('',#10113);
#10113 = AXIS2_PLACEMENT_3D('',#10114,#10115,#10116);
#10114 = CARTESIAN_POINT('',(324.5,117.5,445.));
#10115 = DIRECTION('',(0.,1.,0.));
#10116 = DIRECTION('',(0.,0.,1.));
#10117 = ADVANCED_FACE('',(#10118),#10134,.T.);
#10118 = FACE_BOUND('',#10119,.T.);
#10119 = EDGE_LOOP('',(#10120,#10121,#10127,#10128));
#10120 = ORIENTED_EDGE('',*,*,#9930,.F.);
#10121 = ORIENTED_EDGE('',*,*,#10122,.T.);
#10122 = EDGE_CURVE('',#9914,#9595,#10123,.T.);
#10123 = LINE('',#10124,#10125);
#10124 = CARTESIAN_POINT('',(367.5,-117.5,445.));
#10125 = VECTOR('',#10126,1.);
#10126 = DIRECTION('',(0.,1.,0.));
#10127 = ORIENTED_EDGE('',*,*,#9611,.T.);
#10128 = ORIENTED_EDGE('',*,*,#10129,.F.);
#10129 = EDGE_CURVE('',#9923,#9604,#10130,.T.);
#10130 = LINE('',#10131,#10132);
#10131 = CARTESIAN_POINT('',(367.5,-117.5,450.));
#10132 = VECTOR('',#10133,1.);
#10133 = DIRECTION('',(0.,1.,0.));
#10134 = PLANE('',#10135);
#10135 = AXIS2_PLACEMENT_3D('',#10136,#10137,#10138);
#10136 = CARTESIAN_POINT('',(367.5,-117.5,445.));
#10137 = DIRECTION('',(1.,0.,0.));
#10138 = DIRECTION('',(0.,0.,1.));
#10139 = ADVANCED_FACE('',(#10140,#10162),#10196,.T.);
#10140 = FACE_BOUND('',#10141,.T.);
#10141 = EDGE_LOOP('',(#10142,#10143,#10144,#10145,#10146,#10147,#10148,
    #10149,#10150,#10151,#10152,#10153,#10154,#10155,#10156,#10157,
    #10158,#10159,#10160,#10161));
#10142 = ORIENTED_EDGE('',*,*,#9758,.F.);
#10143 = ORIENTED_EDGE('',*,*,#9838,.T.);
#10144 = ORIENTED_EDGE('',*,*,#9860,.T.);
#10145 = ORIENTED_EDGE('',*,*,#9922,.T.);
#10146 = ORIENTED_EDGE('',*,*,#10129,.T.);
#10147 = ORIENTED_EDGE('',*,*,#9603,.F.);
#10148 = ORIENTED_EDGE('',*,*,#9523,.T.);
#10149 = ORIENTED_EDGE('',*,*,#9572,.T.);
#10150 = ORIENTED_EDGE('',*,*,#9642,.T.);
#10151 = ORIENTED_EDGE('',*,*,#10106,.F.);
#10152 = ORIENTED_EDGE('',*,*,#10046,.T.);
#10153 = ORIENTED_EDGE('',*,*,#10024,.F.);
#10154 = ORIENTED_EDGE('',*,*,#9975,.F.);
#10155 = ORIENTED_EDGE('',*,*,#10084,.F.);
#10156 = ORIENTED_EDGE('',*,*,#9961,.F.);
#10157 = ORIENTED_EDGE('',*,*,#9712,.T.);
#10158 = ORIENTED_EDGE('',*,*,#9656,.F.);
#10159 = ORIENTED_EDGE('',*,*,#9743,.F.);
#10160 = ORIENTED_EDGE('',*,*,#9899,.F.);
#10161 = ORIENTED_EDGE('',*,*,#9814,.T.);
#10162 = FACE_BOUND('',#10163,.T.);
#10163 = EDGE_LOOP('',(#10164,#10174,#10182,#10190));
#10164 = ORIENTED_EDGE('',*,*,#10165,.F.);
#10165 = EDGE_CURVE('',#10166,#10168,#10170,.T.);
#10166 = VERTEX_POINT('',#10167);
#10167 = CARTESIAN_POINT('',(-281.,-281.,450.));
#10168 = VERTEX_POINT('',#10169);
#10169 = CARTESIAN_POINT('',(281.,-281.,450.));
#10170 = LINE('',#10171,#10172);
#10171 = CARTESIAN_POINT('',(-281.,-281.,450.));
#10172 = VECTOR('',#10173,1.);
#10173 = DIRECTION('',(1.,0.,0.));
#10174 = ORIENTED_EDGE('',*,*,#10175,.T.);
#10175 = EDGE_CURVE('',#10166,#10176,#10178,.T.);
#10176 = VERTEX_POINT('',#10177);
#10177 = CARTESIAN_POINT('',(-281.,281.,450.));
#10178 = LINE('',#10179,#10180);
#10179 = CARTESIAN_POINT('',(-281.,-281.,450.));
#10180 = VECTOR('',#10181,1.);
#10181 = DIRECTION('',(0.,1.,0.));
#10182 = ORIENTED_EDGE('',*,*,#10183,.T.);
#10183 = EDGE_CURVE('',#10176,#10184,#10186,.T.);
#10184 = VERTEX_POINT('',#10185);
#10185 = CARTESIAN_POINT('',(281.,281.,450.));
#10186 = LINE('',#10187,#10188);
#10187 = CARTESIAN_POINT('',(-281.,281.,450.));
#10188 = VECTOR('',#10189,1.);
#10189 = DIRECTION('',(1.,0.,0.));
#10190 = ORIENTED_EDGE('',*,*,#10191,.F.);
#10191 = EDGE_CURVE('',#10168,#10184,#10192,.T.);
#10192 = LINE('',#10193,#10194);
#10193 = CARTESIAN_POINT('',(281.,-281.,450.));
#10194 = VECTOR('',#10195,1.);
#10195 = DIRECTION('',(0.,1.,0.));
#10196 = PLANE('',#10197);
#10197 = AXIS2_PLACEMENT_3D('',#10198,#10199,#10200);
#10198 = CARTESIAN_POINT('',(0.,0.,450.));
#10199 = DIRECTION('',(0.,0.,1.));
#10200 = DIRECTION('',(1.,0.,0.));
#10201 = ADVANCED_FACE('',(#10202),#10227,.T.);
#10202 = FACE_BOUND('',#10203,.T.);
#10203 = EDGE_LOOP('',(#10204,#10214,#10220,#10221));
#10204 = ORIENTED_EDGE('',*,*,#10205,.F.);
#10205 = EDGE_CURVE('',#10206,#10208,#10210,.T.);
#10206 = VERTEX_POINT('',#10207);
#10207 = CARTESIAN_POINT('',(-281.,-281.,445.));
#10208 = VERTEX_POINT('',#10209);
#10209 = CARTESIAN_POINT('',(281.,-281.,445.));
#10210 = LINE('',#10211,#10212);
#10211 = CARTESIAN_POINT('',(-281.,-281.,445.));
#10212 = VECTOR('',#10213,1.);
#10213 = DIRECTION('',(1.,0.,0.));
#10214 = ORIENTED_EDGE('',*,*,#10215,.T.);
#10215 = EDGE_CURVE('',#10206,#10166,#10216,.T.);
#10216 = LINE('',#10217,#10218);
#10217 = CARTESIAN_POINT('',(-281.,-281.,445.));
#10218 = VECTOR('',#10219,1.);
#10219 = DIRECTION('',(0.,0.,1.));
#10220 = ORIENTED_EDGE('',*,*,#10165,.T.);
#10221 = ORIENTED_EDGE('',*,*,#10222,.F.);
#10222 = EDGE_CURVE('',#10208,#10168,#10223,.T.);
#10223 = LINE('',#10224,#10225);
#10224 = CARTESIAN_POINT('',(281.,-281.,445.));
#10225 = VECTOR('',#10226,1.);
#10226 = DIRECTION('',(0.,0.,1.));
#10227 = PLANE('',#10228);
#10228 = AXIS2_PLACEMENT_3D('',#10229,#10230,#10231);
#10229 = CARTESIAN_POINT('',(-281.,-281.,445.));
#10230 = DIRECTION('',(0.,1.,0.));
#10231 = DIRECTION('',(0.,0.,1.));
#10232 = ADVANCED_FACE('',(#10233),#10251,.T.);
#10233 = FACE_BOUND('',#10234,.T.);
#10234 = EDGE_LOOP('',(#10235,#10236,#10244,#10250));
#10235 = ORIENTED_EDGE('',*,*,#10215,.F.);
#10236 = ORIENTED_EDGE('',*,*,#10237,.T.);
#10237 = EDGE_CURVE('',#10206,#10238,#10240,.T.);
#10238 = VERTEX_POINT('',#10239);
#10239 = CARTESIAN_POINT('',(-281.,281.,445.));
#10240 = LINE('',#10241,#10242);
#10241 = CARTESIAN_POINT('',(-281.,-281.,445.));
#10242 = VECTOR('',#10243,1.);
#10243 = DIRECTION('',(0.,1.,0.));
#10244 = ORIENTED_EDGE('',*,*,#10245,.T.);
#10245 = EDGE_CURVE('',#10238,#10176,#10246,.T.);
#10246 = LINE('',#10247,#10248);
#10247 = CARTESIAN_POINT('',(-281.,281.,445.));
#10248 = VECTOR('',#10249,1.);
#10249 = DIRECTION('',(0.,0.,1.));
#10250 = ORIENTED_EDGE('',*,*,#10175,.F.);
#10251 = PLANE('',#10252);
#10252 = AXIS2_PLACEMENT_3D('',#10253,#10254,#10255);
#10253 = CARTESIAN_POINT('',(-281.,-281.,445.));
#10254 = DIRECTION('',(1.,0.,0.));
#10255 = DIRECTION('',(0.,0.,1.));
#10256 = ADVANCED_FACE('',(#10257),#10275,.F.);
#10257 = FACE_BOUND('',#10258,.F.);
#10258 = EDGE_LOOP('',(#10259,#10260,#10268,#10274));
#10259 = ORIENTED_EDGE('',*,*,#10222,.F.);
#10260 = ORIENTED_EDGE('',*,*,#10261,.T.);
#10261 = EDGE_CURVE('',#10208,#10262,#10264,.T.);
#10262 = VERTEX_POINT('',#10263);
#10263 = CARTESIAN_POINT('',(281.,281.,445.));
#10264 = LINE('',#10265,#10266);
#10265 = CARTESIAN_POINT('',(281.,-281.,445.));
#10266 = VECTOR('',#10267,1.);
#10267 = DIRECTION('',(0.,1.,0.));
#10268 = ORIENTED_EDGE('',*,*,#10269,.T.);
#10269 = EDGE_CURVE('',#10262,#10184,#10270,.T.);
#10270 = LINE('',#10271,#10272);
#10271 = CARTESIAN_POINT('',(281.,281.,445.));
#10272 = VECTOR('',#10273,1.);
#10273 = DIRECTION('',(0.,0.,1.));
#10274 = ORIENTED_EDGE('',*,*,#10191,.F.);
#10275 = PLANE('',#10276);
#10276 = AXIS2_PLACEMENT_3D('',#10277,#10278,#10279);
#10277 = CARTESIAN_POINT('',(281.,-281.,445.));
#10278 = DIRECTION('',(1.,0.,0.));
#10279 = DIRECTION('',(0.,0.,1.));
#10280 = ADVANCED_FACE('',(#10281),#10292,.F.);
#10281 = FACE_BOUND('',#10282,.F.);
#10282 = EDGE_LOOP('',(#10283,#10289,#10290,#10291));
#10283 = ORIENTED_EDGE('',*,*,#10284,.F.);
#10284 = EDGE_CURVE('',#10238,#10262,#10285,.T.);
#10285 = LINE('',#10286,#10287);
#10286 = CARTESIAN_POINT('',(-281.,281.,445.));
#10287 = VECTOR('',#10288,1.);
#10288 = DIRECTION('',(1.,0.,0.));
#10289 = ORIENTED_EDGE('',*,*,#10245,.T.);
#10290 = ORIENTED_EDGE('',*,*,#10183,.T.);
#10291 = ORIENTED_EDGE('',*,*,#10269,.F.);
#10292 = PLANE('',#10293);
#10293 = AXIS2_PLACEMENT_3D('',#10294,#10295,#10296);
#10294 = CARTESIAN_POINT('',(-281.,281.,445.));
#10295 = DIRECTION('',(0.,1.,0.));
#10296 = DIRECTION('',(0.,0.,1.));
#10297 = ADVANCED_FACE('',(#10298,#10320),#10326,.T.);
#10298 = FACE_BOUND('',#10299,.T.);
#10299 = EDGE_LOOP('',(#10300,#10301,#10302,#10303,#10304,#10305,#10306,
    #10307,#10308,#10309,#10310,#10311,#10312,#10313,#10314,#10315,
    #10316,#10317,#10318,#10319));
#10300 = ORIENTED_EDGE('',*,*,#9776,.T.);
#10301 = ORIENTED_EDGE('',*,*,#9798,.F.);
#10302 = ORIENTED_EDGE('',*,*,#9892,.T.);
#10303 = ORIENTED_EDGE('',*,*,#9727,.T.);
#10304 = ORIENTED_EDGE('',*,*,#9674,.T.);
#10305 = ORIENTED_EDGE('',*,*,#9696,.F.);
#10306 = ORIENTED_EDGE('',*,*,#9945,.T.);
#10307 = ORIENTED_EDGE('',*,*,#10077,.T.);
#10308 = ORIENTED_EDGE('',*,*,#9993,.T.);
#10309 = ORIENTED_EDGE('',*,*,#10015,.T.);
#10310 = ORIENTED_EDGE('',*,*,#10062,.F.);
#10311 = ORIENTED_EDGE('',*,*,#10099,.T.);
#10312 = ORIENTED_EDGE('',*,*,#9626,.F.);
#10313 = ORIENTED_EDGE('',*,*,#9563,.F.);
#10314 = ORIENTED_EDGE('',*,*,#9541,.F.);
#10315 = ORIENTED_EDGE('',*,*,#9594,.T.);
#10316 = ORIENTED_EDGE('',*,*,#10122,.F.);
#10317 = ORIENTED_EDGE('',*,*,#9913,.F.);
#10318 = ORIENTED_EDGE('',*,*,#9869,.F.);
#10319 = ORIENTED_EDGE('',*,*,#9829,.F.);
#10320 = FACE_BOUND('',#10321,.T.);
#10321 = EDGE_LOOP('',(#10322,#10323,#10324,#10325));
#10322 = ORIENTED_EDGE('',*,*,#10205,.T.);
#10323 = ORIENTED_EDGE('',*,*,#10261,.T.);
#10324 = ORIENTED_EDGE('',*,*,#10284,.F.);
#10325 = ORIENTED_EDGE('',*,*,#10237,.F.);
#10326 = PLANE('',#10327);
#10327 = AXIS2_PLACEMENT_3D('',#10328,#10329,#10330);
#10328 = CARTESIAN_POINT('',(0.,0.,445.));
#10329 = DIRECTION('',(-0.,-0.,-1.));
#10330 = DIRECTION('',(-1.,0.,0.));
#10331 = MANIFOLD_SOLID_BREP('',#10332);
#10332 = CLOSED_SHELL('',(#10333,#10373,#10404,#10435,#10466,#10506,
    #10537,#10568,#10608,#10639,#10670,#10701,#10723,#10754,#10785,
    #10825,#10856,#10887,#10909,#10931,#10953,#11015,#11046,#11070,
    #11094,#11111));
#10333 = ADVANCED_FACE('',(#10334),#10368,.T.);
#10334 = FACE_BOUND('',#10335,.T.);
#10335 = EDGE_LOOP('',(#10336,#10346,#10354,#10362));
#10336 = ORIENTED_EDGE('',*,*,#10337,.F.);
#10337 = EDGE_CURVE('',#10338,#10340,#10342,.T.);
#10338 = VERTEX_POINT('',#10339);
#10339 = CARTESIAN_POINT('',(326.5,-82.5,645.));
#10340 = VERTEX_POINT('',#10341);
#10341 = CARTESIAN_POINT('',(326.5,82.5,645.));
#10342 = LINE('',#10343,#10344);
#10343 = CARTESIAN_POINT('',(326.5,-326.5,645.));
#10344 = VECTOR('',#10345,1.);
#10345 = DIRECTION('',(0.,1.,0.));
#10346 = ORIENTED_EDGE('',*,*,#10347,.F.);
#10347 = EDGE_CURVE('',#10348,#10338,#10350,.T.);
#10348 = VERTEX_POINT('',#10349);
#10349 = CARTESIAN_POINT('',(326.5,-82.5,640.));
#10350 = LINE('',#10351,#10352);
#10351 = CARTESIAN_POINT('',(326.5,-82.5,640.));
#10352 = VECTOR('',#10353,1.);
#10353 = DIRECTION('',(0.,0.,1.));
#10354 = ORIENTED_EDGE('',*,*,#10355,.T.);
#10355 = EDGE_CURVE('',#10348,#10356,#10358,.T.);
#10356 = VERTEX_POINT('',#10357);
#10357 = CARTESIAN_POINT('',(326.5,82.5,640.));
#10358 = LINE('',#10359,#10360);
#10359 = CARTESIAN_POINT('',(326.5,-326.5,640.));
#10360 = VECTOR('',#10361,1.);
#10361 = DIRECTION('',(0.,1.,0.));
#10362 = ORIENTED_EDGE('',*,*,#10363,.T.);
#10363 = EDGE_CURVE('',#10356,#10340,#10364,.T.);
#10364 = LINE('',#10365,#10366);
#10365 = CARTESIAN_POINT('',(326.5,82.5,640.));
#10366 = VECTOR('',#10367,1.);
#10367 = DIRECTION('',(0.,0.,1.));
#10368 = PLANE('',#10369);
#10369 = AXIS2_PLACEMENT_3D('',#10370,#10371,#10372);
#10370 = CARTESIAN_POINT('',(326.5,-326.5,640.));
#10371 = DIRECTION('',(1.,0.,0.));
#10372 = DIRECTION('',(0.,0.,1.));
#10373 = ADVANCED_FACE('',(#10374),#10399,.F.);
#10374 = FACE_BOUND('',#10375,.F.);
#10375 = EDGE_LOOP('',(#10376,#10384,#10385,#10393));
#10376 = ORIENTED_EDGE('',*,*,#10377,.F.);
#10377 = EDGE_CURVE('',#10356,#10378,#10380,.T.);
#10378 = VERTEX_POINT('',#10379);
#10379 = CARTESIAN_POINT('',(367.5,82.5,640.));
#10380 = LINE('',#10381,#10382);
#10381 = CARTESIAN_POINT('',(324.5,82.5,640.));
#10382 = VECTOR('',#10383,1.);
#10383 = DIRECTION('',(1.,0.,0.));
#10384 = ORIENTED_EDGE('',*,*,#10363,.T.);
#10385 = ORIENTED_EDGE('',*,*,#10386,.T.);
#10386 = EDGE_CURVE('',#10340,#10387,#10389,.T.);
#10387 = VERTEX_POINT('',#10388);
#10388 = CARTESIAN_POINT('',(367.5,82.5,645.));
#10389 = LINE('',#10390,#10391);
#10390 = CARTESIAN_POINT('',(324.5,82.5,645.));
#10391 = VECTOR('',#10392,1.);
#10392 = DIRECTION('',(1.,0.,0.));
#10393 = ORIENTED_EDGE('',*,*,#10394,.F.);
#10394 = EDGE_CURVE('',#10378,#10387,#10395,.T.);
#10395 = LINE('',#10396,#10397);
#10396 = CARTESIAN_POINT('',(367.5,82.5,640.));
#10397 = VECTOR('',#10398,1.);
#10398 = DIRECTION('',(0.,0.,1.));
#10399 = PLANE('',#10400);
#10400 = AXIS2_PLACEMENT_3D('',#10401,#10402,#10403);
#10401 = CARTESIAN_POINT('',(324.5,82.5,640.));
#10402 = DIRECTION('',(0.,1.,0.));
#10403 = DIRECTION('',(0.,0.,1.));
#10404 = ADVANCED_FACE('',(#10405),#10430,.T.);
#10405 = FACE_BOUND('',#10406,.T.);
#10406 = EDGE_LOOP('',(#10407,#10415,#10416,#10424));
#10407 = ORIENTED_EDGE('',*,*,#10408,.F.);
#10408 = EDGE_CURVE('',#10348,#10409,#10411,.T.);
#10409 = VERTEX_POINT('',#10410);
#10410 = CARTESIAN_POINT('',(367.5,-82.5,640.));
#10411 = LINE('',#10412,#10413);
#10412 = CARTESIAN_POINT('',(324.5,-82.5,640.));
#10413 = VECTOR('',#10414,1.);
#10414 = DIRECTION('',(1.,0.,0.));
#10415 = ORIENTED_EDGE('',*,*,#10347,.T.);
#10416 = ORIENTED_EDGE('',*,*,#10417,.T.);
#10417 = EDGE_CURVE('',#10338,#10418,#10420,.T.);
#10418 = VERTEX_POINT('',#10419);
#10419 = CARTESIAN_POINT('',(367.5,-82.5,645.));
#10420 = LINE('',#10421,#10422);
#10421 = CARTESIAN_POINT('',(324.5,-82.5,645.));
#10422 = VECTOR('',#10423,1.);
#10423 = DIRECTION('',(1.,0.,0.));
#10424 = ORIENTED_EDGE('',*,*,#10425,.F.);
#10425 = EDGE_CURVE('',#10409,#10418,#10426,.T.);
#10426 = LINE('',#10427,#10428);
#10427 = CARTESIAN_POINT('',(367.5,-82.5,640.));
#10428 = VECTOR('',#10429,1.);
#10429 = DIRECTION('',(0.,0.,1.));
#10430 = PLANE('',#10431);
#10431 = AXIS2_PLACEMENT_3D('',#10432,#10433,#10434);
#10432 = CARTESIAN_POINT('',(324.5,-82.5,640.));
#10433 = DIRECTION('',(0.,1.,0.));
#10434 = DIRECTION('',(0.,0.,1.));
#10435 = ADVANCED_FACE('',(#10436),#10461,.T.);
#10436 = FACE_BOUND('',#10437,.T.);
#10437 = EDGE_LOOP('',(#10438,#10439,#10447,#10455));
#10438 = ORIENTED_EDGE('',*,*,#10394,.F.);
#10439 = ORIENTED_EDGE('',*,*,#10440,.T.);
#10440 = EDGE_CURVE('',#10378,#10441,#10443,.T.);
#10441 = VERTEX_POINT('',#10442);
#10442 = CARTESIAN_POINT('',(367.5,117.5,640.));
#10443 = LINE('',#10444,#10445);
#10444 = CARTESIAN_POINT('',(367.5,82.5,640.));
#10445 = VECTOR('',#10446,1.);
#10446 = DIRECTION('',(0.,1.,0.));
#10447 = ORIENTED_EDGE('',*,*,#10448,.T.);
#10448 = EDGE_CURVE('',#10441,#10449,#10451,.T.);
#10449 = VERTEX_POINT('',#10450);
#10450 = CARTESIAN_POINT('',(367.5,117.5,645.));
#10451 = LINE('',#10452,#10453);
#10452 = CARTESIAN_POINT('',(367.5,117.5,640.));
#10453 = VECTOR('',#10454,1.);
#10454 = DIRECTION('',(0.,0.,1.));
#10455 = ORIENTED_EDGE('',*,*,#10456,.F.);
#10456 = EDGE_CURVE('',#10387,#10449,#10457,.T.);
#10457 = LINE('',#10458,#10459);
#10458 = CARTESIAN_POINT('',(367.5,82.5,645.));
#10459 = VECTOR('',#10460,1.);
#10460 = DIRECTION('',(0.,1.,0.));
#10461 = PLANE('',#10462);
#10462 = AXIS2_PLACEMENT_3D('',#10463,#10464,#10465);
#10463 = CARTESIAN_POINT('',(367.5,82.5,640.));
#10464 = DIRECTION('',(1.,0.,0.));
#10465 = DIRECTION('',(0.,0.,1.));
#10466 = ADVANCED_FACE('',(#10467),#10501,.F.);
#10467 = FACE_BOUND('',#10468,.F.);
#10468 = EDGE_LOOP('',(#10469,#10479,#10487,#10495));
#10469 = ORIENTED_EDGE('',*,*,#10470,.F.);
#10470 = EDGE_CURVE('',#10471,#10473,#10475,.T.);
#10471 = VERTEX_POINT('',#10472);
#10472 = CARTESIAN_POINT('',(-326.5,-82.5,645.));
#10473 = VERTEX_POINT('',#10474);
#10474 = CARTESIAN_POINT('',(-326.5,82.5,645.));
#10475 = LINE('',#10476,#10477);
#10476 = CARTESIAN_POINT('',(-326.5,-326.5,645.));
#10477 = VECTOR('',#10478,1.);
#10478 = DIRECTION('',(0.,1.,0.));
#10479 = ORIENTED_EDGE('',*,*,#10480,.F.);
#10480 = EDGE_CURVE('',#10481,#10471,#10483,.T.);
#10481 = VERTEX_POINT('',#10482);
#10482 = CARTESIAN_POINT('',(-326.5,-82.5,640.));
#10483 = LINE('',#10484,#10485);
#10484 = CARTESIAN_POINT('',(-326.5,-82.5,640.));
#10485 = VECTOR('',#10486,1.);
#10486 = DIRECTION('',(0.,0.,1.));
#10487 = ORIENTED_EDGE('',*,*,#10488,.T.);
#10488 = EDGE_CURVE('',#10481,#10489,#10491,.T.);
#10489 = VERTEX_POINT('',#10490);
#10490 = CARTESIAN_POINT('',(-326.5,82.5,640.));
#10491 = LINE('',#10492,#10493);
#10492 = CARTESIAN_POINT('',(-326.5,-326.5,640.));
#10493 = VECTOR('',#10494,1.);
#10494 = DIRECTION('',(0.,1.,0.));
#10495 = ORIENTED_EDGE('',*,*,#10496,.T.);
#10496 = EDGE_CURVE('',#10489,#10473,#10497,.T.);
#10497 = LINE('',#10498,#10499);
#10498 = CARTESIAN_POINT('',(-326.5,82.5,640.));
#10499 = VECTOR('',#10500,1.);
#10500 = DIRECTION('',(0.,0.,1.));
#10501 = PLANE('',#10502);
#10502 = AXIS2_PLACEMENT_3D('',#10503,#10504,#10505);
#10503 = CARTESIAN_POINT('',(-326.5,-326.5,640.));
#10504 = DIRECTION('',(1.,0.,0.));
#10505 = DIRECTION('',(0.,0.,1.));
#10506 = ADVANCED_FACE('',(#10507),#10532,.F.);
#10507 = FACE_BOUND('',#10508,.F.);
#10508 = EDGE_LOOP('',(#10509,#10517,#10525,#10531));
#10509 = ORIENTED_EDGE('',*,*,#10510,.F.);
#10510 = EDGE_CURVE('',#10511,#10489,#10513,.T.);
#10511 = VERTEX_POINT('',#10512);
#10512 = CARTESIAN_POINT('',(-367.5,82.5,640.));
#10513 = LINE('',#10514,#10515);
#10514 = CARTESIAN_POINT('',(-367.5,82.5,640.));
#10515 = VECTOR('',#10516,1.);
#10516 = DIRECTION('',(1.,0.,0.));
#10517 = ORIENTED_EDGE('',*,*,#10518,.T.);
#10518 = EDGE_CURVE('',#10511,#10519,#10521,.T.);
#10519 = VERTEX_POINT('',#10520);
#10520 = CARTESIAN_POINT('',(-367.5,82.5,645.));
#10521 = LINE('',#10522,#10523);
#10522 = CARTESIAN_POINT('',(-367.5,82.5,640.));
#10523 = VECTOR('',#10524,1.);
#10524 = DIRECTION('',(0.,0.,1.));
#10525 = ORIENTED_EDGE('',*,*,#10526,.T.);
#10526 = EDGE_CURVE('',#10519,#10473,#10527,.T.);
#10527 = LINE('',#10528,#10529);
#10528 = CARTESIAN_POINT('',(-367.5,82.5,645.));
#10529 = VECTOR('',#10530,1.);
#10530 = DIRECTION('',(1.,0.,0.));
#10531 = ORIENTED_EDGE('',*,*,#10496,.F.);
#10532 = PLANE('',#10533);
#10533 = AXIS2_PLACEMENT_3D('',#10534,#10535,#10536);
#10534 = CARTESIAN_POINT('',(-367.5,82.5,640.));
#10535 = DIRECTION('',(0.,1.,0.));
#10536 = DIRECTION('',(0.,0.,1.));
#10537 = ADVANCED_FACE('',(#10538),#10563,.T.);
#10538 = FACE_BOUND('',#10539,.T.);
#10539 = EDGE_LOOP('',(#10540,#10548,#10556,#10562));
#10540 = ORIENTED_EDGE('',*,*,#10541,.F.);
#10541 = EDGE_CURVE('',#10542,#10481,#10544,.T.);
#10542 = VERTEX_POINT('',#10543);
#10543 = CARTESIAN_POINT('',(-367.5,-82.5,640.));
#10544 = LINE('',#10545,#10546);
#10545 = CARTESIAN_POINT('',(-367.5,-82.5,640.));
#10546 = VECTOR('',#10547,1.);
#10547 = DIRECTION('',(1.,0.,0.));
#10548 = ORIENTED_EDGE('',*,*,#10549,.T.);
#10549 = EDGE_CURVE('',#10542,#10550,#10552,.T.);
#10550 = VERTEX_POINT('',#10551);
#10551 = CARTESIAN_POINT('',(-367.5,-82.5,645.));
#10552 = LINE('',#10553,#10554);
#10553 = CARTESIAN_POINT('',(-367.5,-82.5,640.));
#10554 = VECTOR('',#10555,1.);
#10555 = DIRECTION('',(0.,0.,1.));
#10556 = ORIENTED_EDGE('',*,*,#10557,.T.);
#10557 = EDGE_CURVE('',#10550,#10471,#10558,.T.);
#10558 = LINE('',#10559,#10560);
#10559 = CARTESIAN_POINT('',(-367.5,-82.5,645.));
#10560 = VECTOR('',#10561,1.);
#10561 = DIRECTION('',(1.,0.,0.));
#10562 = ORIENTED_EDGE('',*,*,#10480,.F.);
#10563 = PLANE('',#10564);
#10564 = AXIS2_PLACEMENT_3D('',#10565,#10566,#10567);
#10565 = CARTESIAN_POINT('',(-367.5,-82.5,640.));
#10566 = DIRECTION('',(0.,1.,0.));
#10567 = DIRECTION('',(0.,0.,1.));
#10568 = ADVANCED_FACE('',(#10569),#10603,.F.);
#10569 = FACE_BOUND('',#10570,.F.);
#10570 = EDGE_LOOP('',(#10571,#10581,#10589,#10597));
#10571 = ORIENTED_EDGE('',*,*,#10572,.F.);
#10572 = EDGE_CURVE('',#10573,#10575,#10577,.T.);
#10573 = VERTEX_POINT('',#10574);
#10574 = CARTESIAN_POINT('',(-326.5,-326.5,645.));
#10575 = VERTEX_POINT('',#10576);
#10576 = CARTESIAN_POINT('',(-326.5,-117.5,645.));
#10577 = LINE('',#10578,#10579);
#10578 = CARTESIAN_POINT('',(-326.5,-326.5,645.));
#10579 = VECTOR('',#10580,1.);
#10580 = DIRECTION('',(0.,1.,0.));
#10581 = ORIENTED_EDGE('',*,*,#10582,.F.);
#10582 = EDGE_CURVE('',#10583,#10573,#10585,.T.);
#10583 = VERTEX_POINT('',#10584);
#10584 = CARTESIAN_POINT('',(-326.5,-326.5,640.));
#10585 = LINE('',#10586,#10587);
#10586 = CARTESIAN_POINT('',(-326.5,-326.5,640.));
#10587 = VECTOR('',#10588,1.);
#10588 = DIRECTION('',(0.,0.,1.));
#10589 = ORIENTED_EDGE('',*,*,#10590,.T.);
#10590 = EDGE_CURVE('',#10583,#10591,#10593,.T.);
#10591 = VERTEX_POINT('',#10592);
#10592 = CARTESIAN_POINT('',(-326.5,-117.5,640.));
#10593 = LINE('',#10594,#10595);
#10594 = CARTESIAN_POINT('',(-326.5,-326.5,640.));
#10595 = VECTOR('',#10596,1.);
#10596 = DIRECTION('',(0.,1.,0.));
#10597 = ORIENTED_EDGE('',*,*,#10598,.T.);
#10598 = EDGE_CURVE('',#10591,#10575,#10599,.T.);
#10599 = LINE('',#10600,#10601);
#10600 = CARTESIAN_POINT('',(-326.5,-117.5,640.));
#10601 = VECTOR('',#10602,1.);
#10602 = DIRECTION('',(0.,0.,1.));
#10603 = PLANE('',#10604);
#10604 = AXIS2_PLACEMENT_3D('',#10605,#10606,#10607);
#10605 = CARTESIAN_POINT('',(-326.5,-326.5,640.));
#10606 = DIRECTION('',(1.,0.,0.));
#10607 = DIRECTION('',(0.,0.,1.));
#10608 = ADVANCED_FACE('',(#10609),#10634,.F.);
#10609 = FACE_BOUND('',#10610,.F.);
#10610 = EDGE_LOOP('',(#10611,#10619,#10627,#10633));
#10611 = ORIENTED_EDGE('',*,*,#10612,.F.);
#10612 = EDGE_CURVE('',#10613,#10591,#10615,.T.);
#10613 = VERTEX_POINT('',#10614);
#10614 = CARTESIAN_POINT('',(-367.5,-117.5,640.));
#10615 = LINE('',#10616,#10617);
#10616 = CARTESIAN_POINT('',(-367.5,-117.5,640.));
#10617 = VECTOR('',#10618,1.);
#10618 = DIRECTION('',(1.,0.,0.));
#10619 = ORIENTED_EDGE('',*,*,#10620,.T.);
#10620 = EDGE_CURVE('',#10613,#10621,#10623,.T.);
#10621 = VERTEX_POINT('',#10622);
#10622 = CARTESIAN_POINT('',(-367.5,-117.5,645.));
#10623 = LINE('',#10624,#10625);
#10624 = CARTESIAN_POINT('',(-367.5,-117.5,640.));
#10625 = VECTOR('',#10626,1.);
#10626 = DIRECTION('',(0.,0.,1.));
#10627 = ORIENTED_EDGE('',*,*,#10628,.T.);
#10628 = EDGE_CURVE('',#10621,#10575,#10629,.T.);
#10629 = LINE('',#10630,#10631);
#10630 = CARTESIAN_POINT('',(-367.5,-117.5,645.));
#10631 = VECTOR('',#10632,1.);
#10632 = DIRECTION('',(1.,0.,0.));
#10633 = ORIENTED_EDGE('',*,*,#10598,.F.);
#10634 = PLANE('',#10635);
#10635 = AXIS2_PLACEMENT_3D('',#10636,#10637,#10638);
#10636 = CARTESIAN_POINT('',(-367.5,-117.5,640.));
#10637 = DIRECTION('',(0.,1.,0.));
#10638 = DIRECTION('',(0.,0.,1.));
#10639 = ADVANCED_FACE('',(#10640),#10665,.F.);
#10640 = FACE_BOUND('',#10641,.F.);
#10641 = EDGE_LOOP('',(#10642,#10650,#10651,#10659));
#10642 = ORIENTED_EDGE('',*,*,#10643,.F.);
#10643 = EDGE_CURVE('',#10583,#10644,#10646,.T.);
#10644 = VERTEX_POINT('',#10645);
#10645 = CARTESIAN_POINT('',(326.5,-326.5,640.));
#10646 = LINE('',#10647,#10648);
#10647 = CARTESIAN_POINT('',(-326.5,-326.5,640.));
#10648 = VECTOR('',#10649,1.);
#10649 = DIRECTION('',(1.,0.,0.));
#10650 = ORIENTED_EDGE('',*,*,#10582,.T.);
#10651 = ORIENTED_EDGE('',*,*,#10652,.T.);
#10652 = EDGE_CURVE('',#10573,#10653,#10655,.T.);
#10653 = VERTEX_POINT('',#10654);
#10654 = CARTESIAN_POINT('',(326.5,-326.5,645.));
#10655 = LINE('',#10656,#10657);
#10656 = CARTESIAN_POINT('',(-326.5,-326.5,645.));
#10657 = VECTOR('',#10658,1.);
#10658 = DIRECTION('',(1.,0.,0.));
#10659 = ORIENTED_EDGE('',*,*,#10660,.F.);
#10660 = EDGE_CURVE('',#10644,#10653,#10661,.T.);
#10661 = LINE('',#10662,#10663);
#10662 = CARTESIAN_POINT('',(326.5,-326.5,640.));
#10663 = VECTOR('',#10664,1.);
#10664 = DIRECTION('',(0.,0.,1.));
#10665 = PLANE('',#10666);
#10666 = AXIS2_PLACEMENT_3D('',#10667,#10668,#10669);
#10667 = CARTESIAN_POINT('',(-326.5,-326.5,640.));
#10668 = DIRECTION('',(0.,1.,0.));
#10669 = DIRECTION('',(0.,0.,1.));
#10670 = ADVANCED_FACE('',(#10671),#10696,.T.);
#10671 = FACE_BOUND('',#10672,.T.);
#10672 = EDGE_LOOP('',(#10673,#10681,#10682,#10690));
#10673 = ORIENTED_EDGE('',*,*,#10674,.F.);
#10674 = EDGE_CURVE('',#10653,#10675,#10677,.T.);
#10675 = VERTEX_POINT('',#10676);
#10676 = CARTESIAN_POINT('',(326.5,-117.5,645.));
#10677 = LINE('',#10678,#10679);
#10678 = CARTESIAN_POINT('',(326.5,-326.5,645.));
#10679 = VECTOR('',#10680,1.);
#10680 = DIRECTION('',(0.,1.,0.));
#10681 = ORIENTED_EDGE('',*,*,#10660,.F.);
#10682 = ORIENTED_EDGE('',*,*,#10683,.T.);
#10683 = EDGE_CURVE('',#10644,#10684,#10686,.T.);
#10684 = VERTEX_POINT('',#10685);
#10685 = CARTESIAN_POINT('',(326.5,-117.5,640.));
#10686 = LINE('',#10687,#10688);
#10687 = CARTESIAN_POINT('',(326.5,-326.5,640.));
#10688 = VECTOR('',#10689,1.);
#10689 = DIRECTION('',(0.,1.,0.));
#10690 = ORIENTED_EDGE('',*,*,#10691,.T.);
#10691 = EDGE_CURVE('',#10684,#10675,#10692,.T.);
#10692 = LINE('',#10693,#10694);
#10693 = CARTESIAN_POINT('',(326.5,-117.5,640.));
#10694 = VECTOR('',#10695,1.);
#10695 = DIRECTION('',(0.,0.,1.));
#10696 = PLANE('',#10697);
#10697 = AXIS2_PLACEMENT_3D('',#10698,#10699,#10700);
#10698 = CARTESIAN_POINT('',(326.5,-326.5,640.));
#10699 = DIRECTION('',(1.,0.,0.));
#10700 = DIRECTION('',(0.,0.,1.));
#10701 = ADVANCED_FACE('',(#10702),#10718,.F.);
#10702 = FACE_BOUND('',#10703,.F.);
#10703 = EDGE_LOOP('',(#10704,#10705,#10711,#10712));
#10704 = ORIENTED_EDGE('',*,*,#10620,.F.);
#10705 = ORIENTED_EDGE('',*,*,#10706,.T.);
#10706 = EDGE_CURVE('',#10613,#10542,#10707,.T.);
#10707 = LINE('',#10708,#10709);
#10708 = CARTESIAN_POINT('',(-367.5,-117.5,640.));
#10709 = VECTOR('',#10710,1.);
#10710 = DIRECTION('',(0.,1.,0.));
#10711 = ORIENTED_EDGE('',*,*,#10549,.T.);
#10712 = ORIENTED_EDGE('',*,*,#10713,.F.);
#10713 = EDGE_CURVE('',#10621,#10550,#10714,.T.);
#10714 = LINE('',#10715,#10716);
#10715 = CARTESIAN_POINT('',(-367.5,-117.5,645.));
#10716 = VECTOR('',#10717,1.);
#10717 = DIRECTION('',(0.,1.,0.));
#10718 = PLANE('',#10719);
#10719 = AXIS2_PLACEMENT_3D('',#10720,#10721,#10722);
#10720 = CARTESIAN_POINT('',(-367.5,-117.5,640.));
#10721 = DIRECTION('',(1.,0.,0.));
#10722 = DIRECTION('',(0.,0.,1.));
#10723 = ADVANCED_FACE('',(#10724),#10749,.F.);
#10724 = FACE_BOUND('',#10725,.F.);
#10725 = EDGE_LOOP('',(#10726,#10734,#10735,#10743));
#10726 = ORIENTED_EDGE('',*,*,#10727,.F.);
#10727 = EDGE_CURVE('',#10684,#10728,#10730,.T.);
#10728 = VERTEX_POINT('',#10729);
#10729 = CARTESIAN_POINT('',(367.5,-117.5,640.));
#10730 = LINE('',#10731,#10732);
#10731 = CARTESIAN_POINT('',(324.5,-117.5,640.));
#10732 = VECTOR('',#10733,1.);
#10733 = DIRECTION('',(1.,0.,0.));
#10734 = ORIENTED_EDGE('',*,*,#10691,.T.);
#10735 = ORIENTED_EDGE('',*,*,#10736,.T.);
#10736 = EDGE_CURVE('',#10675,#10737,#10739,.T.);
#10737 = VERTEX_POINT('',#10738);
#10738 = CARTESIAN_POINT('',(367.5,-117.5,645.));
#10739 = LINE('',#10740,#10741);
#10740 = CARTESIAN_POINT('',(324.5,-117.5,645.));
#10741 = VECTOR('',#10742,1.);
#10742 = DIRECTION('',(1.,0.,0.));
#10743 = ORIENTED_EDGE('',*,*,#10744,.F.);
#10744 = EDGE_CURVE('',#10728,#10737,#10745,.T.);
#10745 = LINE('',#10746,#10747);
#10746 = CARTESIAN_POINT('',(367.5,-117.5,640.));
#10747 = VECTOR('',#10748,1.);
#10748 = DIRECTION('',(0.,0.,1.));
#10749 = PLANE('',#10750);
#10750 = AXIS2_PLACEMENT_3D('',#10751,#10752,#10753);
#10751 = CARTESIAN_POINT('',(324.5,-117.5,640.));
#10752 = DIRECTION('',(0.,1.,0.));
#10753 = DIRECTION('',(0.,0.,1.));
#10754 = ADVANCED_FACE('',(#10755),#10780,.F.);
#10755 = FACE_BOUND('',#10756,.F.);
#10756 = EDGE_LOOP('',(#10757,#10758,#10766,#10774));
#10757 = ORIENTED_EDGE('',*,*,#10518,.F.);
#10758 = ORIENTED_EDGE('',*,*,#10759,.T.);
#10759 = EDGE_CURVE('',#10511,#10760,#10762,.T.);
#10760 = VERTEX_POINT('',#10761);
#10761 = CARTESIAN_POINT('',(-367.5,117.5,640.));
#10762 = LINE('',#10763,#10764);
#10763 = CARTESIAN_POINT('',(-367.5,82.5,640.));
#10764 = VECTOR('',#10765,1.);
#10765 = DIRECTION('',(0.,1.,0.));
#10766 = ORIENTED_EDGE('',*,*,#10767,.T.);
#10767 = EDGE_CURVE('',#10760,#10768,#10770,.T.);
#10768 = VERTEX_POINT('',#10769);
#10769 = CARTESIAN_POINT('',(-367.5,117.5,645.));
#10770 = LINE('',#10771,#10772);
#10771 = CARTESIAN_POINT('',(-367.5,117.5,640.));
#10772 = VECTOR('',#10773,1.);
#10773 = DIRECTION('',(0.,0.,1.));
#10774 = ORIENTED_EDGE('',*,*,#10775,.F.);
#10775 = EDGE_CURVE('',#10519,#10768,#10776,.T.);
#10776 = LINE('',#10777,#10778);
#10777 = CARTESIAN_POINT('',(-367.5,82.5,645.));
#10778 = VECTOR('',#10779,1.);
#10779 = DIRECTION('',(0.,1.,0.));
#10780 = PLANE('',#10781);
#10781 = AXIS2_PLACEMENT_3D('',#10782,#10783,#10784);
#10782 = CARTESIAN_POINT('',(-367.5,82.5,640.));
#10783 = DIRECTION('',(1.,0.,0.));
#10784 = DIRECTION('',(0.,0.,1.));
#10785 = ADVANCED_FACE('',(#10786),#10820,.F.);
#10786 = FACE_BOUND('',#10787,.F.);
#10787 = EDGE_LOOP('',(#10788,#10798,#10806,#10814));
#10788 = ORIENTED_EDGE('',*,*,#10789,.F.);
#10789 = EDGE_CURVE('',#10790,#10792,#10794,.T.);
#10790 = VERTEX_POINT('',#10791);
#10791 = CARTESIAN_POINT('',(-326.5,117.5,645.));
#10792 = VERTEX_POINT('',#10793);
#10793 = CARTESIAN_POINT('',(-326.5,326.5,645.));
#10794 = LINE('',#10795,#10796);
#10795 = CARTESIAN_POINT('',(-326.5,-326.5,645.));
#10796 = VECTOR('',#10797,1.);
#10797 = DIRECTION('',(0.,1.,0.));
#10798 = ORIENTED_EDGE('',*,*,#10799,.F.);
#10799 = EDGE_CURVE('',#10800,#10790,#10802,.T.);
#10800 = VERTEX_POINT('',#10801);
#10801 = CARTESIAN_POINT('',(-326.5,117.5,640.));
#10802 = LINE('',#10803,#10804);
#10803 = CARTESIAN_POINT('',(-326.5,117.5,640.));
#10804 = VECTOR('',#10805,1.);
#10805 = DIRECTION('',(0.,0.,1.));
#10806 = ORIENTED_EDGE('',*,*,#10807,.T.);
#10807 = EDGE_CURVE('',#10800,#10808,#10810,.T.);
#10808 = VERTEX_POINT('',#10809);
#10809 = CARTESIAN_POINT('',(-326.5,326.5,640.));
#10810 = LINE('',#10811,#10812);
#10811 = CARTESIAN_POINT('',(-326.5,-326.5,640.));
#10812 = VECTOR('',#10813,1.);
#10813 = DIRECTION('',(0.,1.,0.));
#10814 = ORIENTED_EDGE('',*,*,#10815,.T.);
#10815 = EDGE_CURVE('',#10808,#10792,#10816,.T.);
#10816 = LINE('',#10817,#10818);
#10817 = CARTESIAN_POINT('',(-326.5,326.5,640.));
#10818 = VECTOR('',#10819,1.);
#10819 = DIRECTION('',(0.,0.,1.));
#10820 = PLANE('',#10821);
#10821 = AXIS2_PLACEMENT_3D('',#10822,#10823,#10824);
#10822 = CARTESIAN_POINT('',(-326.5,-326.5,640.));
#10823 = DIRECTION('',(1.,0.,0.));
#10824 = DIRECTION('',(0.,0.,1.));
#10825 = ADVANCED_FACE('',(#10826),#10851,.T.);
#10826 = FACE_BOUND('',#10827,.T.);
#10827 = EDGE_LOOP('',(#10828,#10836,#10837,#10845));
#10828 = ORIENTED_EDGE('',*,*,#10829,.F.);
#10829 = EDGE_CURVE('',#10808,#10830,#10832,.T.);
#10830 = VERTEX_POINT('',#10831);
#10831 = CARTESIAN_POINT('',(326.5,326.5,640.));
#10832 = LINE('',#10833,#10834);
#10833 = CARTESIAN_POINT('',(-326.5,326.5,640.));
#10834 = VECTOR('',#10835,1.);
#10835 = DIRECTION('',(1.,0.,0.));
#10836 = ORIENTED_EDGE('',*,*,#10815,.T.);
#10837 = ORIENTED_EDGE('',*,*,#10838,.T.);
#10838 = EDGE_CURVE('',#10792,#10839,#10841,.T.);
#10839 = VERTEX_POINT('',#10840);
#10840 = CARTESIAN_POINT('',(326.5,326.5,645.));
#10841 = LINE('',#10842,#10843);
#10842 = CARTESIAN_POINT('',(-326.5,326.5,645.));
#10843 = VECTOR('',#10844,1.);
#10844 = DIRECTION('',(1.,0.,0.));
#10845 = ORIENTED_EDGE('',*,*,#10846,.F.);
#10846 = EDGE_CURVE('',#10830,#10839,#10847,.T.);
#10847 = LINE('',#10848,#10849);
#10848 = CARTESIAN_POINT('',(326.5,326.5,640.));
#10849 = VECTOR('',#10850,1.);
#10850 = DIRECTION('',(0.,0.,1.));
#10851 = PLANE('',#10852);
#10852 = AXIS2_PLACEMENT_3D('',#10853,#10854,#10855);
#10853 = CARTESIAN_POINT('',(-326.5,326.5,640.));
#10854 = DIRECTION('',(0.,1.,0.));
#10855 = DIRECTION('',(0.,0.,1.));
#10856 = ADVANCED_FACE('',(#10857),#10882,.T.);
#10857 = FACE_BOUND('',#10858,.T.);
#10858 = EDGE_LOOP('',(#10859,#10867,#10875,#10881));
#10859 = ORIENTED_EDGE('',*,*,#10860,.F.);
#10860 = EDGE_CURVE('',#10861,#10839,#10863,.T.);
#10861 = VERTEX_POINT('',#10862);
#10862 = CARTESIAN_POINT('',(326.5,117.5,645.));
#10863 = LINE('',#10864,#10865);
#10864 = CARTESIAN_POINT('',(326.5,-326.5,645.));
#10865 = VECTOR('',#10866,1.);
#10866 = DIRECTION('',(0.,1.,0.));
#10867 = ORIENTED_EDGE('',*,*,#10868,.F.);
#10868 = EDGE_CURVE('',#10869,#10861,#10871,.T.);
#10869 = VERTEX_POINT('',#10870);
#10870 = CARTESIAN_POINT('',(326.5,117.5,640.));
#10871 = LINE('',#10872,#10873);
#10872 = CARTESIAN_POINT('',(326.5,117.5,640.));
#10873 = VECTOR('',#10874,1.);
#10874 = DIRECTION('',(0.,0.,1.));
#10875 = ORIENTED_EDGE('',*,*,#10876,.T.);
#10876 = EDGE_CURVE('',#10869,#10830,#10877,.T.);
#10877 = LINE('',#10878,#10879);
#10878 = CARTESIAN_POINT('',(326.5,-326.5,640.));
#10879 = VECTOR('',#10880,1.);
#10880 = DIRECTION('',(0.,1.,0.));
#10881 = ORIENTED_EDGE('',*,*,#10846,.T.);
#10882 = PLANE('',#10883);
#10883 = AXIS2_PLACEMENT_3D('',#10884,#10885,#10886);
#10884 = CARTESIAN_POINT('',(326.5,-326.5,640.));
#10885 = DIRECTION('',(1.,0.,0.));
#10886 = DIRECTION('',(0.,0.,1.));
#10887 = ADVANCED_FACE('',(#10888),#10904,.T.);
#10888 = FACE_BOUND('',#10889,.T.);
#10889 = EDGE_LOOP('',(#10890,#10896,#10897,#10903));
#10890 = ORIENTED_EDGE('',*,*,#10891,.F.);
#10891 = EDGE_CURVE('',#10760,#10800,#10892,.T.);
#10892 = LINE('',#10893,#10894);
#10893 = CARTESIAN_POINT('',(-367.5,117.5,640.));
#10894 = VECTOR('',#10895,1.);
#10895 = DIRECTION('',(1.,0.,0.));
#10896 = ORIENTED_EDGE('',*,*,#10767,.T.);
#10897 = ORIENTED_EDGE('',*,*,#10898,.T.);
#10898 = EDGE_CURVE('',#10768,#10790,#10899,.T.);
#10899 = LINE('',#10900,#10901);
#10900 = CARTESIAN_POINT('',(-367.5,117.5,645.));
#10901 = VECTOR('',#10902,1.);
#10902 = DIRECTION('',(1.,0.,0.));
#10903 = ORIENTED_EDGE('',*,*,#10799,.F.);
#10904 = PLANE('',#10905);
#10905 = AXIS2_PLACEMENT_3D('',#10906,#10907,#10908);
#10906 = CARTESIAN_POINT('',(-367.5,117.5,640.));
#10907 = DIRECTION('',(0.,1.,0.));
#10908 = DIRECTION('',(0.,0.,1.));
#10909 = ADVANCED_FACE('',(#10910),#10926,.T.);
#10910 = FACE_BOUND('',#10911,.T.);
#10911 = EDGE_LOOP('',(#10912,#10918,#10919,#10925));
#10912 = ORIENTED_EDGE('',*,*,#10913,.F.);
#10913 = EDGE_CURVE('',#10869,#10441,#10914,.T.);
#10914 = LINE('',#10915,#10916);
#10915 = CARTESIAN_POINT('',(324.5,117.5,640.));
#10916 = VECTOR('',#10917,1.);
#10917 = DIRECTION('',(1.,0.,0.));
#10918 = ORIENTED_EDGE('',*,*,#10868,.T.);
#10919 = ORIENTED_EDGE('',*,*,#10920,.T.);
#10920 = EDGE_CURVE('',#10861,#10449,#10921,.T.);
#10921 = LINE('',#10922,#10923);
#10922 = CARTESIAN_POINT('',(324.5,117.5,645.));
#10923 = VECTOR('',#10924,1.);
#10924 = DIRECTION('',(1.,0.,0.));
#10925 = ORIENTED_EDGE('',*,*,#10448,.F.);
#10926 = PLANE('',#10927);
#10927 = AXIS2_PLACEMENT_3D('',#10928,#10929,#10930);
#10928 = CARTESIAN_POINT('',(324.5,117.5,640.));
#10929 = DIRECTION('',(0.,1.,0.));
#10930 = DIRECTION('',(0.,0.,1.));
#10931 = ADVANCED_FACE('',(#10932),#10948,.T.);
#10932 = FACE_BOUND('',#10933,.T.);
#10933 = EDGE_LOOP('',(#10934,#10935,#10941,#10942));
#10934 = ORIENTED_EDGE('',*,*,#10744,.F.);
#10935 = ORIENTED_EDGE('',*,*,#10936,.T.);
#10936 = EDGE_CURVE('',#10728,#10409,#10937,.T.);
#10937 = LINE('',#10938,#10939);
#10938 = CARTESIAN_POINT('',(367.5,-117.5,640.));
#10939 = VECTOR('',#10940,1.);
#10940 = DIRECTION('',(0.,1.,0.));
#10941 = ORIENTED_EDGE('',*,*,#10425,.T.);
#10942 = ORIENTED_EDGE('',*,*,#10943,.F.);
#10943 = EDGE_CURVE('',#10737,#10418,#10944,.T.);
#10944 = LINE('',#10945,#10946);
#10945 = CARTESIAN_POINT('',(367.5,-117.5,645.));
#10946 = VECTOR('',#10947,1.);
#10947 = DIRECTION('',(0.,1.,0.));
#10948 = PLANE('',#10949);
#10949 = AXIS2_PLACEMENT_3D('',#10950,#10951,#10952);
#10950 = CARTESIAN_POINT('',(367.5,-117.5,640.));
#10951 = DIRECTION('',(1.,0.,0.));
#10952 = DIRECTION('',(0.,0.,1.));
#10953 = ADVANCED_FACE('',(#10954,#10976),#11010,.T.);
#10954 = FACE_BOUND('',#10955,.T.);
#10955 = EDGE_LOOP('',(#10956,#10957,#10958,#10959,#10960,#10961,#10962,
    #10963,#10964,#10965,#10966,#10967,#10968,#10969,#10970,#10971,
    #10972,#10973,#10974,#10975));
#10956 = ORIENTED_EDGE('',*,*,#10572,.F.);
#10957 = ORIENTED_EDGE('',*,*,#10652,.T.);
#10958 = ORIENTED_EDGE('',*,*,#10674,.T.);
#10959 = ORIENTED_EDGE('',*,*,#10736,.T.);
#10960 = ORIENTED_EDGE('',*,*,#10943,.T.);
#10961 = ORIENTED_EDGE('',*,*,#10417,.F.);
#10962 = ORIENTED_EDGE('',*,*,#10337,.T.);
#10963 = ORIENTED_EDGE('',*,*,#10386,.T.);
#10964 = ORIENTED_EDGE('',*,*,#10456,.T.);
#10965 = ORIENTED_EDGE('',*,*,#10920,.F.);
#10966 = ORIENTED_EDGE('',*,*,#10860,.T.);
#10967 = ORIENTED_EDGE('',*,*,#10838,.F.);
#10968 = ORIENTED_EDGE('',*,*,#10789,.F.);
#10969 = ORIENTED_EDGE('',*,*,#10898,.F.);
#10970 = ORIENTED_EDGE('',*,*,#10775,.F.);
#10971 = ORIENTED_EDGE('',*,*,#10526,.T.);
#10972 = ORIENTED_EDGE('',*,*,#10470,.F.);
#10973 = ORIENTED_EDGE('',*,*,#10557,.F.);
#10974 = ORIENTED_EDGE('',*,*,#10713,.F.);
#10975 = ORIENTED_EDGE('',*,*,#10628,.T.);
#10976 = FACE_BOUND('',#10977,.T.);
#10977 = EDGE_LOOP('',(#10978,#10988,#10996,#11004));
#10978 = ORIENTED_EDGE('',*,*,#10979,.F.);
#10979 = EDGE_CURVE('',#10980,#10982,#10984,.T.);
#10980 = VERTEX_POINT('',#10981);
#10981 = CARTESIAN_POINT('',(-281.5,-281.5,645.));
#10982 = VERTEX_POINT('',#10983);
#10983 = CARTESIAN_POINT('',(281.5,-281.5,645.));
#10984 = LINE('',#10985,#10986);
#10985 = CARTESIAN_POINT('',(-281.5,-281.5,645.));
#10986 = VECTOR('',#10987,1.);
#10987 = DIRECTION('',(1.,0.,0.));
#10988 = ORIENTED_EDGE('',*,*,#10989,.T.);
#10989 = EDGE_CURVE('',#10980,#10990,#10992,.T.);
#10990 = VERTEX_POINT('',#10991);
#10991 = CARTESIAN_POINT('',(-281.5,281.5,645.));
#10992 = LINE('',#10993,#10994);
#10993 = CARTESIAN_POINT('',(-281.5,-281.5,645.));
#10994 = VECTOR('',#10995,1.);
#10995 = DIRECTION('',(0.,1.,0.));
#10996 = ORIENTED_EDGE('',*,*,#10997,.T.);
#10997 = EDGE_CURVE('',#10990,#10998,#11000,.T.);
#10998 = VERTEX_POINT('',#10999);
#10999 = CARTESIAN_POINT('',(281.5,281.5,645.));
#11000 = LINE('',#11001,#11002);
#11001 = CARTESIAN_POINT('',(-281.5,281.5,645.));
#11002 = VECTOR('',#11003,1.);
#11003 = DIRECTION('',(1.,0.,0.));
#11004 = ORIENTED_EDGE('',*,*,#11005,.F.);
#11005 = EDGE_CURVE('',#10982,#10998,#11006,.T.);
#11006 = LINE('',#11007,#11008);
#11007 = CARTESIAN_POINT('',(281.5,-281.5,645.));
#11008 = VECTOR('',#11009,1.);
#11009 = DIRECTION('',(0.,1.,0.));
#11010 = PLANE('',#11011);
#11011 = AXIS2_PLACEMENT_3D('',#11012,#11013,#11014);
#11012 = CARTESIAN_POINT('',(0.,0.,645.));
#11013 = DIRECTION('',(0.,0.,1.));
#11014 = DIRECTION('',(1.,0.,0.));
#11015 = ADVANCED_FACE('',(#11016),#11041,.T.);
#11016 = FACE_BOUND('',#11017,.T.);
#11017 = EDGE_LOOP('',(#11018,#11028,#11034,#11035));
#11018 = ORIENTED_EDGE('',*,*,#11019,.F.);
#11019 = EDGE_CURVE('',#11020,#11022,#11024,.T.);
#11020 = VERTEX_POINT('',#11021);
#11021 = CARTESIAN_POINT('',(-281.5,-281.5,640.));
#11022 = VERTEX_POINT('',#11023);
#11023 = CARTESIAN_POINT('',(281.5,-281.5,640.));
#11024 = LINE('',#11025,#11026);
#11025 = CARTESIAN_POINT('',(-281.5,-281.5,640.));
#11026 = VECTOR('',#11027,1.);
#11027 = DIRECTION('',(1.,0.,0.));
#11028 = ORIENTED_EDGE('',*,*,#11029,.T.);
#11029 = EDGE_CURVE('',#11020,#10980,#11030,.T.);
#11030 = LINE('',#11031,#11032);
#11031 = CARTESIAN_POINT('',(-281.5,-281.5,640.));
#11032 = VECTOR('',#11033,1.);
#11033 = DIRECTION('',(0.,0.,1.));
#11034 = ORIENTED_EDGE('',*,*,#10979,.T.);
#11035 = ORIENTED_EDGE('',*,*,#11036,.F.);
#11036 = EDGE_CURVE('',#11022,#10982,#11037,.T.);
#11037 = LINE('',#11038,#11039);
#11038 = CARTESIAN_POINT('',(281.5,-281.5,640.));
#11039 = VECTOR('',#11040,1.);
#11040 = DIRECTION('',(0.,0.,1.));
#11041 = PLANE('',#11042);
#11042 = AXIS2_PLACEMENT_3D('',#11043,#11044,#11045);
#11043 = CARTESIAN_POINT('',(-281.5,-281.5,640.));
#11044 = DIRECTION('',(0.,1.,0.));
#11045 = DIRECTION('',(0.,0.,1.));
#11046 = ADVANCED_FACE('',(#11047),#11065,.T.);
#11047 = FACE_BOUND('',#11048,.T.);
#11048 = EDGE_LOOP('',(#11049,#11050,#11058,#11064));
#11049 = ORIENTED_EDGE('',*,*,#11029,.F.);
#11050 = ORIENTED_EDGE('',*,*,#11051,.T.);
#11051 = EDGE_CURVE('',#11020,#11052,#11054,.T.);
#11052 = VERTEX_POINT('',#11053);
#11053 = CARTESIAN_POINT('',(-281.5,281.5,640.));
#11054 = LINE('',#11055,#11056);
#11055 = CARTESIAN_POINT('',(-281.5,-281.5,640.));
#11056 = VECTOR('',#11057,1.);
#11057 = DIRECTION('',(0.,1.,0.));
#11058 = ORIENTED_EDGE('',*,*,#11059,.T.);
#11059 = EDGE_CURVE('',#11052,#10990,#11060,.T.);
#11060 = LINE('',#11061,#11062);
#11061 = CARTESIAN_POINT('',(-281.5,281.5,640.));
#11062 = VECTOR('',#11063,1.);
#11063 = DIRECTION('',(0.,0.,1.));
#11064 = ORIENTED_EDGE('',*,*,#10989,.F.);
#11065 = PLANE('',#11066);
#11066 = AXIS2_PLACEMENT_3D('',#11067,#11068,#11069);
#11067 = CARTESIAN_POINT('',(-281.5,-281.5,640.));
#11068 = DIRECTION('',(1.,0.,0.));
#11069 = DIRECTION('',(0.,0.,1.));
#11070 = ADVANCED_FACE('',(#11071),#11089,.F.);
#11071 = FACE_BOUND('',#11072,.F.);
#11072 = EDGE_LOOP('',(#11073,#11074,#11082,#11088));
#11073 = ORIENTED_EDGE('',*,*,#11036,.F.);
#11074 = ORIENTED_EDGE('',*,*,#11075,.T.);
#11075 = EDGE_CURVE('',#11022,#11076,#11078,.T.);
#11076 = VERTEX_POINT('',#11077);
#11077 = CARTESIAN_POINT('',(281.5,281.5,640.));
#11078 = LINE('',#11079,#11080);
#11079 = CARTESIAN_POINT('',(281.5,-281.5,640.));
#11080 = VECTOR('',#11081,1.);
#11081 = DIRECTION('',(0.,1.,0.));
#11082 = ORIENTED_EDGE('',*,*,#11083,.T.);
#11083 = EDGE_CURVE('',#11076,#10998,#11084,.T.);
#11084 = LINE('',#11085,#11086);
#11085 = CARTESIAN_POINT('',(281.5,281.5,640.));
#11086 = VECTOR('',#11087,1.);
#11087 = DIRECTION('',(0.,0.,1.));
#11088 = ORIENTED_EDGE('',*,*,#11005,.F.);
#11089 = PLANE('',#11090);
#11090 = AXIS2_PLACEMENT_3D('',#11091,#11092,#11093);
#11091 = CARTESIAN_POINT('',(281.5,-281.5,640.));
#11092 = DIRECTION('',(1.,0.,0.));
#11093 = DIRECTION('',(0.,0.,1.));
#11094 = ADVANCED_FACE('',(#11095),#11106,.F.);
#11095 = FACE_BOUND('',#11096,.F.);
#11096 = EDGE_LOOP('',(#11097,#11103,#11104,#11105));
#11097 = ORIENTED_EDGE('',*,*,#11098,.F.);
#11098 = EDGE_CURVE('',#11052,#11076,#11099,.T.);
#11099 = LINE('',#11100,#11101);
#11100 = CARTESIAN_POINT('',(-281.5,281.5,640.));
#11101 = VECTOR('',#11102,1.);
#11102 = DIRECTION('',(1.,0.,0.));
#11103 = ORIENTED_EDGE('',*,*,#11059,.T.);
#11104 = ORIENTED_EDGE('',*,*,#10997,.T.);
#11105 = ORIENTED_EDGE('',*,*,#11083,.F.);
#11106 = PLANE('',#11107);
#11107 = AXIS2_PLACEMENT_3D('',#11108,#11109,#11110);
#11108 = CARTESIAN_POINT('',(-281.5,281.5,640.));
#11109 = DIRECTION('',(0.,1.,0.));
#11110 = DIRECTION('',(0.,0.,1.));
#11111 = ADVANCED_FACE('',(#11112,#11134),#11140,.T.);
#11112 = FACE_BOUND('',#11113,.T.);
#11113 = EDGE_LOOP('',(#11114,#11115,#11116,#11117,#11118,#11119,#11120,
    #11121,#11122,#11123,#11124,#11125,#11126,#11127,#11128,#11129,
    #11130,#11131,#11132,#11133));
#11114 = ORIENTED_EDGE('',*,*,#10590,.T.);
#11115 = ORIENTED_EDGE('',*,*,#10612,.F.);
#11116 = ORIENTED_EDGE('',*,*,#10706,.T.);
#11117 = ORIENTED_EDGE('',*,*,#10541,.T.);
#11118 = ORIENTED_EDGE('',*,*,#10488,.T.);
#11119 = ORIENTED_EDGE('',*,*,#10510,.F.);
#11120 = ORIENTED_EDGE('',*,*,#10759,.T.);
#11121 = ORIENTED_EDGE('',*,*,#10891,.T.);
#11122 = ORIENTED_EDGE('',*,*,#10807,.T.);
#11123 = ORIENTED_EDGE('',*,*,#10829,.T.);
#11124 = ORIENTED_EDGE('',*,*,#10876,.F.);
#11125 = ORIENTED_EDGE('',*,*,#10913,.T.);
#11126 = ORIENTED_EDGE('',*,*,#10440,.F.);
#11127 = ORIENTED_EDGE('',*,*,#10377,.F.);
#11128 = ORIENTED_EDGE('',*,*,#10355,.F.);
#11129 = ORIENTED_EDGE('',*,*,#10408,.T.);
#11130 = ORIENTED_EDGE('',*,*,#10936,.F.);
#11131 = ORIENTED_EDGE('',*,*,#10727,.F.);
#11132 = ORIENTED_EDGE('',*,*,#10683,.F.);
#11133 = ORIENTED_EDGE('',*,*,#10643,.F.);
#11134 = FACE_BOUND('',#11135,.T.);
#11135 = EDGE_LOOP('',(#11136,#11137,#11138,#11139));
#11136 = ORIENTED_EDGE('',*,*,#11019,.T.);
#11137 = ORIENTED_EDGE('',*,*,#11075,.T.);
#11138 = ORIENTED_EDGE('',*,*,#11098,.F.);
#11139 = ORIENTED_EDGE('',*,*,#11051,.F.);
#11140 = PLANE('',#11141);
#11141 = AXIS2_PLACEMENT_3D('',#11142,#11143,#11144);
#11142 = CARTESIAN_POINT('',(0.,0.,640.));
#11143 = DIRECTION('',(-0.,-0.,-1.));
#11144 = DIRECTION('',(-1.,0.,0.));
#11145 = MANIFOLD_SOLID_BREP('',#11146);
#11146 = CLOSED_SHELL('',(#11147,#11187,#11252,#11310,#11334,#11385,
    #11397,#11428,#11452,#11476,#11493,#11521,#11538,#11555));
#11147 = ADVANCED_FACE('',(#11148),#11182,.F.);
#11148 = FACE_BOUND('',#11149,.F.);
#11149 = EDGE_LOOP('',(#11150,#11160,#11168,#11176));
#11150 = ORIENTED_EDGE('',*,*,#11151,.F.);
#11151 = EDGE_CURVE('',#11152,#11154,#11156,.T.);
#11152 = VERTEX_POINT('',#11153);
#11153 = CARTESIAN_POINT('',(-326.5,-326.5,450.));
#11154 = VERTEX_POINT('',#11155);
#11155 = CARTESIAN_POINT('',(-326.5,-326.5,640.));
#11156 = LINE('',#11157,#11158);
#11157 = CARTESIAN_POINT('',(-326.5,-326.5,450.));
#11158 = VECTOR('',#11159,1.);
#11159 = DIRECTION('',(0.,0.,1.));
#11160 = ORIENTED_EDGE('',*,*,#11161,.T.);
#11161 = EDGE_CURVE('',#11152,#11162,#11164,.T.);
#11162 = VERTEX_POINT('',#11163);
#11163 = CARTESIAN_POINT('',(-326.5,326.5,450.));
#11164 = LINE('',#11165,#11166);
#11165 = CARTESIAN_POINT('',(-326.5,-326.5,450.));
#11166 = VECTOR('',#11167,1.);
#11167 = DIRECTION('',(0.,1.,0.));
#11168 = ORIENTED_EDGE('',*,*,#11169,.T.);
#11169 = EDGE_CURVE('',#11162,#11170,#11172,.T.);
#11170 = VERTEX_POINT('',#11171);
#11171 = CARTESIAN_POINT('',(-326.5,326.5,640.));
#11172 = LINE('',#11173,#11174);
#11173 = CARTESIAN_POINT('',(-326.5,326.5,450.));
#11174 = VECTOR('',#11175,1.);
#11175 = DIRECTION('',(0.,0.,1.));
#11176 = ORIENTED_EDGE('',*,*,#11177,.F.);
#11177 = EDGE_CURVE('',#11154,#11170,#11178,.T.);
#11178 = LINE('',#11179,#11180);
#11179 = CARTESIAN_POINT('',(-326.5,-326.5,640.));
#11180 = VECTOR('',#11181,1.);
#11181 = DIRECTION('',(0.,1.,0.));
#11182 = PLANE('',#11183);
#11183 = AXIS2_PLACEMENT_3D('',#11184,#11185,#11186);
#11184 = CARTESIAN_POINT('',(-326.5,-326.5,450.));
#11185 = DIRECTION('',(1.,0.,0.));
#11186 = DIRECTION('',(0.,0.,1.));
#11187 = ADVANCED_FACE('',(#11188,#11213),#11247,.F.);
#11188 = FACE_BOUND('',#11189,.F.);
#11189 = EDGE_LOOP('',(#11190,#11198,#11199,#11207));
#11190 = ORIENTED_EDGE('',*,*,#11191,.F.);
#11191 = EDGE_CURVE('',#11152,#11192,#11194,.T.);
#11192 = VERTEX_POINT('',#11193);
#11193 = CARTESIAN_POINT('',(326.5,-326.5,450.));
#11194 = LINE('',#11195,#11196);
#11195 = CARTESIAN_POINT('',(-326.5,-326.5,450.));
#11196 = VECTOR('',#11197,1.);
#11197 = DIRECTION('',(1.,0.,0.));
#11198 = ORIENTED_EDGE('',*,*,#11151,.T.);
#11199 = ORIENTED_EDGE('',*,*,#11200,.T.);
#11200 = EDGE_CURVE('',#11154,#11201,#11203,.T.);
#11201 = VERTEX_POINT('',#11202);
#11202 = CARTESIAN_POINT('',(326.5,-326.5,640.));
#11203 = LINE('',#11204,#11205);
#11204 = CARTESIAN_POINT('',(-326.5,-326.5,640.));
#11205 = VECTOR('',#11206,1.);
#11206 = DIRECTION('',(1.,0.,0.));
#11207 = ORIENTED_EDGE('',*,*,#11208,.F.);
#11208 = EDGE_CURVE('',#11192,#11201,#11209,.T.);
#11209 = LINE('',#11210,#11211);
#11210 = CARTESIAN_POINT('',(326.5,-326.5,450.));
#11211 = VECTOR('',#11212,1.);
#11212 = DIRECTION('',(0.,0.,1.));
#11213 = FACE_BOUND('',#11214,.F.);
#11214 = EDGE_LOOP('',(#11215,#11225,#11233,#11241));
#11215 = ORIENTED_EDGE('',*,*,#11216,.F.);
#11216 = EDGE_CURVE('',#11217,#11219,#11221,.T.);
#11217 = VERTEX_POINT('',#11218);
#11218 = CARTESIAN_POINT('',(-317.5,-326.5,518.));
#11219 = VERTEX_POINT('',#11220);
#11220 = CARTESIAN_POINT('',(317.5,-326.5,518.));
#11221 = LINE('',#11222,#11223);
#11222 = CARTESIAN_POINT('',(-322.,-326.5,518.));
#11223 = VECTOR('',#11224,1.);
#11224 = DIRECTION('',(1.,0.,0.));
#11225 = ORIENTED_EDGE('',*,*,#11226,.T.);
#11226 = EDGE_CURVE('',#11217,#11227,#11229,.T.);
#11227 = VERTEX_POINT('',#11228);
#11228 = CARTESIAN_POINT('',(-317.5,-326.5,453.));
#11229 = LINE('',#11230,#11231);
#11230 = CARTESIAN_POINT('',(-317.5,-326.5,451.5));
#11231 = VECTOR('',#11232,1.);
#11232 = DIRECTION('',(0.,0.,-1.));
#11233 = ORIENTED_EDGE('',*,*,#11234,.T.);
#11234 = EDGE_CURVE('',#11227,#11235,#11237,.T.);
#11235 = VERTEX_POINT('',#11236);
#11236 = CARTESIAN_POINT('',(317.5,-326.5,453.));
#11237 = LINE('',#11238,#11239);
#11238 = CARTESIAN_POINT('',(-322.,-326.5,453.));
#11239 = VECTOR('',#11240,1.);
#11240 = DIRECTION('',(1.,0.,0.));
#11241 = ORIENTED_EDGE('',*,*,#11242,.F.);
#11242 = EDGE_CURVE('',#11219,#11235,#11243,.T.);
#11243 = LINE('',#11244,#11245);
#11244 = CARTESIAN_POINT('',(317.5,-326.5,451.5));
#11245 = VECTOR('',#11246,1.);
#11246 = DIRECTION('',(0.,0.,-1.));
#11247 = PLANE('',#11248);
#11248 = AXIS2_PLACEMENT_3D('',#11249,#11250,#11251);
#11249 = CARTESIAN_POINT('',(-326.5,-326.5,450.));
#11250 = DIRECTION('',(0.,1.,0.));
#11251 = DIRECTION('',(0.,0.,1.));
#11252 = ADVANCED_FACE('',(#11253,#11271),#11305,.T.);
#11253 = FACE_BOUND('',#11254,.T.);
#11254 = EDGE_LOOP('',(#11255,#11256,#11257,#11265));
#11255 = ORIENTED_EDGE('',*,*,#11177,.F.);
#11256 = ORIENTED_EDGE('',*,*,#11200,.T.);
#11257 = ORIENTED_EDGE('',*,*,#11258,.T.);
#11258 = EDGE_CURVE('',#11201,#11259,#11261,.T.);
#11259 = VERTEX_POINT('',#11260);
#11260 = CARTESIAN_POINT('',(326.5,326.5,640.));
#11261 = LINE('',#11262,#11263);
#11262 = CARTESIAN_POINT('',(326.5,-326.5,640.));
#11263 = VECTOR('',#11264,1.);
#11264 = DIRECTION('',(0.,1.,0.));
#11265 = ORIENTED_EDGE('',*,*,#11266,.F.);
#11266 = EDGE_CURVE('',#11170,#11259,#11267,.T.);
#11267 = LINE('',#11268,#11269);
#11268 = CARTESIAN_POINT('',(-326.5,326.5,640.));
#11269 = VECTOR('',#11270,1.);
#11270 = DIRECTION('',(1.,0.,0.));
#11271 = FACE_BOUND('',#11272,.T.);
#11272 = EDGE_LOOP('',(#11273,#11283,#11291,#11299));
#11273 = ORIENTED_EDGE('',*,*,#11274,.F.);
#11274 = EDGE_CURVE('',#11275,#11277,#11279,.T.);
#11275 = VERTEX_POINT('',#11276);
#11276 = CARTESIAN_POINT('',(-324.5,-324.5,640.));
#11277 = VERTEX_POINT('',#11278);
#11278 = CARTESIAN_POINT('',(324.5,-324.5,640.));
#11279 = LINE('',#11280,#11281);
#11280 = CARTESIAN_POINT('',(-324.5,-324.5,640.));
#11281 = VECTOR('',#11282,1.);
#11282 = DIRECTION('',(1.,0.,0.));
#11283 = ORIENTED_EDGE('',*,*,#11284,.T.);
#11284 = EDGE_CURVE('',#11275,#11285,#11287,.T.);
#11285 = VERTEX_POINT('',#11286);
#11286 = CARTESIAN_POINT('',(-324.5,324.5,640.));
#11287 = LINE('',#11288,#11289);
#11288 = CARTESIAN_POINT('',(-324.5,-324.5,640.));
#11289 = VECTOR('',#11290,1.);
#11290 = DIRECTION('',(0.,1.,0.));
#11291 = ORIENTED_EDGE('',*,*,#11292,.T.);
#11292 = EDGE_CURVE('',#11285,#11293,#11295,.T.);
#11293 = VERTEX_POINT('',#11294);
#11294 = CARTESIAN_POINT('',(324.5,324.5,640.));
#11295 = LINE('',#11296,#11297);
#11296 = CARTESIAN_POINT('',(-324.5,324.5,640.));
#11297 = VECTOR('',#11298,1.);
#11298 = DIRECTION('',(1.,0.,0.));
#11299 = ORIENTED_EDGE('',*,*,#11300,.F.);
#11300 = EDGE_CURVE('',#11277,#11293,#11301,.T.);
#11301 = LINE('',#11302,#11303);
#11302 = CARTESIAN_POINT('',(324.5,-324.5,640.));
#11303 = VECTOR('',#11304,1.);
#11304 = DIRECTION('',(0.,1.,0.));
#11305 = PLANE('',#11306);
#11306 = AXIS2_PLACEMENT_3D('',#11307,#11308,#11309);
#11307 = CARTESIAN_POINT('',(-326.5,-326.5,640.));
#11308 = DIRECTION('',(0.,0.,1.));
#11309 = DIRECTION('',(1.,0.,0.));
#11310 = ADVANCED_FACE('',(#11311),#11329,.T.);
#11311 = FACE_BOUND('',#11312,.T.);
#11312 = EDGE_LOOP('',(#11313,#11321,#11322,#11323));
#11313 = ORIENTED_EDGE('',*,*,#11314,.F.);
#11314 = EDGE_CURVE('',#11162,#11315,#11317,.T.);
#11315 = VERTEX_POINT('',#11316);
#11316 = CARTESIAN_POINT('',(326.5,326.5,450.));
#11317 = LINE('',#11318,#11319);
#11318 = CARTESIAN_POINT('',(-326.5,326.5,450.));
#11319 = VECTOR('',#11320,1.);
#11320 = DIRECTION('',(1.,0.,0.));
#11321 = ORIENTED_EDGE('',*,*,#11169,.T.);
#11322 = ORIENTED_EDGE('',*,*,#11266,.T.);
#11323 = ORIENTED_EDGE('',*,*,#11324,.F.);
#11324 = EDGE_CURVE('',#11315,#11259,#11325,.T.);
#11325 = LINE('',#11326,#11327);
#11326 = CARTESIAN_POINT('',(326.5,326.5,450.));
#11327 = VECTOR('',#11328,1.);
#11328 = DIRECTION('',(0.,0.,1.));
#11329 = PLANE('',#11330);
#11330 = AXIS2_PLACEMENT_3D('',#11331,#11332,#11333);
#11331 = CARTESIAN_POINT('',(-326.5,326.5,450.));
#11332 = DIRECTION('',(0.,1.,0.));
#11333 = DIRECTION('',(0.,0.,1.));
#11334 = ADVANCED_FACE('',(#11335,#11346),#11380,.F.);
#11335 = FACE_BOUND('',#11336,.F.);
#11336 = EDGE_LOOP('',(#11337,#11338,#11339,#11345));
#11337 = ORIENTED_EDGE('',*,*,#11161,.F.);
#11338 = ORIENTED_EDGE('',*,*,#11191,.T.);
#11339 = ORIENTED_EDGE('',*,*,#11340,.T.);
#11340 = EDGE_CURVE('',#11192,#11315,#11341,.T.);
#11341 = LINE('',#11342,#11343);
#11342 = CARTESIAN_POINT('',(326.5,-326.5,450.));
#11343 = VECTOR('',#11344,1.);
#11344 = DIRECTION('',(0.,1.,0.));
#11345 = ORIENTED_EDGE('',*,*,#11314,.F.);
#11346 = FACE_BOUND('',#11347,.F.);
#11347 = EDGE_LOOP('',(#11348,#11358,#11366,#11374));
#11348 = ORIENTED_EDGE('',*,*,#11349,.F.);
#11349 = EDGE_CURVE('',#11350,#11352,#11354,.T.);
#11350 = VERTEX_POINT('',#11351);
#11351 = CARTESIAN_POINT('',(-324.5,-324.5,450.));
#11352 = VERTEX_POINT('',#11353);
#11353 = CARTESIAN_POINT('',(324.5,-324.5,450.));
#11354 = LINE('',#11355,#11356);
#11355 = CARTESIAN_POINT('',(-324.5,-324.5,450.));
#11356 = VECTOR('',#11357,1.);
#11357 = DIRECTION('',(1.,0.,0.));
#11358 = ORIENTED_EDGE('',*,*,#11359,.T.);
#11359 = EDGE_CURVE('',#11350,#11360,#11362,.T.);
#11360 = VERTEX_POINT('',#11361);
#11361 = CARTESIAN_POINT('',(-324.5,324.5,450.));
#11362 = LINE('',#11363,#11364);
#11363 = CARTESIAN_POINT('',(-324.5,-324.5,450.));
#11364 = VECTOR('',#11365,1.);
#11365 = DIRECTION('',(0.,1.,0.));
#11366 = ORIENTED_EDGE('',*,*,#11367,.T.);
#11367 = EDGE_CURVE('',#11360,#11368,#11370,.T.);
#11368 = VERTEX_POINT('',#11369);
#11369 = CARTESIAN_POINT('',(324.5,324.5,450.));
#11370 = LINE('',#11371,#11372);
#11371 = CARTESIAN_POINT('',(-324.5,324.5,450.));
#11372 = VECTOR('',#11373,1.);
#11373 = DIRECTION('',(1.,0.,0.));
#11374 = ORIENTED_EDGE('',*,*,#11375,.F.);
#11375 = EDGE_CURVE('',#11352,#11368,#11376,.T.);
#11376 = LINE('',#11377,#11378);
#11377 = CARTESIAN_POINT('',(324.5,-324.5,450.));
#11378 = VECTOR('',#11379,1.);
#11379 = DIRECTION('',(0.,1.,0.));
#11380 = PLANE('',#11381);
#11381 = AXIS2_PLACEMENT_3D('',#11382,#11383,#11384);
#11382 = CARTESIAN_POINT('',(-326.5,-326.5,450.));
#11383 = DIRECTION('',(0.,0.,1.));
#11384 = DIRECTION('',(1.,0.,0.));
#11385 = ADVANCED_FACE('',(#11386),#11392,.T.);
#11386 = FACE_BOUND('',#11387,.T.);
#11387 = EDGE_LOOP('',(#11388,#11389,#11390,#11391));
#11388 = ORIENTED_EDGE('',*,*,#11208,.F.);
#11389 = ORIENTED_EDGE('',*,*,#11340,.T.);
#11390 = ORIENTED_EDGE('',*,*,#11324,.T.);
#11391 = ORIENTED_EDGE('',*,*,#11258,.F.);
#11392 = PLANE('',#11393);
#11393 = AXIS2_PLACEMENT_3D('',#11394,#11395,#11396);
#11394 = CARTESIAN_POINT('',(326.5,-326.5,450.));
#11395 = DIRECTION('',(1.,0.,0.));
#11396 = DIRECTION('',(0.,0.,1.));
#11397 = ADVANCED_FACE('',(#11398),#11423,.F.);
#11398 = FACE_BOUND('',#11399,.F.);
#11399 = EDGE_LOOP('',(#11400,#11408,#11409,#11417));
#11400 = ORIENTED_EDGE('',*,*,#11401,.F.);
#11401 = EDGE_CURVE('',#11217,#11402,#11404,.T.);
#11402 = VERTEX_POINT('',#11403);
#11403 = CARTESIAN_POINT('',(-317.5,-324.5,518.));
#11404 = LINE('',#11405,#11406);
#11405 = CARTESIAN_POINT('',(-317.5,-330.5,518.));
#11406 = VECTOR('',#11407,1.);
#11407 = DIRECTION('',(0.,1.,0.));
#11408 = ORIENTED_EDGE('',*,*,#11216,.T.);
#11409 = ORIENTED_EDGE('',*,*,#11410,.T.);
#11410 = EDGE_CURVE('',#11219,#11411,#11413,.T.);
#11411 = VERTEX_POINT('',#11412);
#11412 = CARTESIAN_POINT('',(317.5,-324.5,518.));
#11413 = LINE('',#11414,#11415);
#11414 = CARTESIAN_POINT('',(317.5,-330.5,518.));
#11415 = VECTOR('',#11416,1.);
#11416 = DIRECTION('',(0.,1.,0.));
#11417 = ORIENTED_EDGE('',*,*,#11418,.F.);
#11418 = EDGE_CURVE('',#11402,#11411,#11419,.T.);
#11419 = LINE('',#11420,#11421);
#11420 = CARTESIAN_POINT('',(-321.,-324.5,518.));
#11421 = VECTOR('',#11422,1.);
#11422 = DIRECTION('',(1.,0.,0.));
#11423 = PLANE('',#11424);
#11424 = AXIS2_PLACEMENT_3D('',#11425,#11426,#11427);
#11425 = CARTESIAN_POINT('',(-317.5,-330.5,518.));
#11426 = DIRECTION('',(0.,0.,1.));
#11427 = DIRECTION('',(1.,0.,0.));
#11428 = ADVANCED_FACE('',(#11429),#11447,.F.);
#11429 = FACE_BOUND('',#11430,.F.);
#11430 = EDGE_LOOP('',(#11431,#11432,#11433,#11441));
#11431 = ORIENTED_EDGE('',*,*,#11410,.F.);
#11432 = ORIENTED_EDGE('',*,*,#11242,.T.);
#11433 = ORIENTED_EDGE('',*,*,#11434,.T.);
#11434 = EDGE_CURVE('',#11235,#11435,#11437,.T.);
#11435 = VERTEX_POINT('',#11436);
#11436 = CARTESIAN_POINT('',(317.5,-324.5,453.));
#11437 = LINE('',#11438,#11439);
#11438 = CARTESIAN_POINT('',(317.5,-330.5,453.));
#11439 = VECTOR('',#11440,1.);
#11440 = DIRECTION('',(0.,1.,0.));
#11441 = ORIENTED_EDGE('',*,*,#11442,.F.);
#11442 = EDGE_CURVE('',#11411,#11435,#11443,.T.);
#11443 = LINE('',#11444,#11445);
#11444 = CARTESIAN_POINT('',(317.5,-324.5,451.5));
#11445 = VECTOR('',#11446,1.);
#11446 = DIRECTION('',(0.,0.,-1.));
#11447 = PLANE('',#11448);
#11448 = AXIS2_PLACEMENT_3D('',#11449,#11450,#11451);
#11449 = CARTESIAN_POINT('',(317.5,-330.5,453.));
#11450 = DIRECTION('',(1.,0.,0.));
#11451 = DIRECTION('',(0.,0.,1.));
#11452 = ADVANCED_FACE('',(#11453),#11471,.T.);
#11453 = FACE_BOUND('',#11454,.T.);
#11454 = EDGE_LOOP('',(#11455,#11463,#11464,#11465));
#11455 = ORIENTED_EDGE('',*,*,#11456,.F.);
#11456 = EDGE_CURVE('',#11227,#11457,#11459,.T.);
#11457 = VERTEX_POINT('',#11458);
#11458 = CARTESIAN_POINT('',(-317.5,-324.5,453.));
#11459 = LINE('',#11460,#11461);
#11460 = CARTESIAN_POINT('',(-317.5,-330.5,453.));
#11461 = VECTOR('',#11462,1.);
#11462 = DIRECTION('',(0.,1.,0.));
#11463 = ORIENTED_EDGE('',*,*,#11234,.T.);
#11464 = ORIENTED_EDGE('',*,*,#11434,.T.);
#11465 = ORIENTED_EDGE('',*,*,#11466,.F.);
#11466 = EDGE_CURVE('',#11457,#11435,#11467,.T.);
#11467 = LINE('',#11468,#11469);
#11468 = CARTESIAN_POINT('',(-321.,-324.5,453.));
#11469 = VECTOR('',#11470,1.);
#11470 = DIRECTION('',(1.,0.,0.));
#11471 = PLANE('',#11472);
#11472 = AXIS2_PLACEMENT_3D('',#11473,#11474,#11475);
#11473 = CARTESIAN_POINT('',(-317.5,-330.5,453.));
#11474 = DIRECTION('',(0.,0.,1.));
#11475 = DIRECTION('',(1.,0.,0.));
#11476 = ADVANCED_FACE('',(#11477),#11488,.T.);
#11477 = FACE_BOUND('',#11478,.T.);
#11478 = EDGE_LOOP('',(#11479,#11480,#11481,#11482));
#11479 = ORIENTED_EDGE('',*,*,#11401,.F.);
#11480 = ORIENTED_EDGE('',*,*,#11226,.T.);
#11481 = ORIENTED_EDGE('',*,*,#11456,.T.);
#11482 = ORIENTED_EDGE('',*,*,#11483,.F.);
#11483 = EDGE_CURVE('',#11402,#11457,#11484,.T.);
#11484 = LINE('',#11485,#11486);
#11485 = CARTESIAN_POINT('',(-317.5,-324.5,451.5));
#11486 = VECTOR('',#11487,1.);
#11487 = DIRECTION('',(0.,0.,-1.));
#11488 = PLANE('',#11489);
#11489 = AXIS2_PLACEMENT_3D('',#11490,#11491,#11492);
#11490 = CARTESIAN_POINT('',(-317.5,-330.5,453.));
#11491 = DIRECTION('',(1.,0.,0.));
#11492 = DIRECTION('',(0.,0.,1.));
#11493 = ADVANCED_FACE('',(#11494,#11510),#11516,.T.);
#11494 = FACE_BOUND('',#11495,.T.);
#11495 = EDGE_LOOP('',(#11496,#11497,#11503,#11504));
#11496 = ORIENTED_EDGE('',*,*,#11349,.F.);
#11497 = ORIENTED_EDGE('',*,*,#11498,.T.);
#11498 = EDGE_CURVE('',#11350,#11275,#11499,.T.);
#11499 = LINE('',#11500,#11501);
#11500 = CARTESIAN_POINT('',(-324.5,-324.5,450.));
#11501 = VECTOR('',#11502,1.);
#11502 = DIRECTION('',(0.,0.,1.));
#11503 = ORIENTED_EDGE('',*,*,#11274,.T.);
#11504 = ORIENTED_EDGE('',*,*,#11505,.F.);
#11505 = EDGE_CURVE('',#11352,#11277,#11506,.T.);
#11506 = LINE('',#11507,#11508);
#11507 = CARTESIAN_POINT('',(324.5,-324.5,450.));
#11508 = VECTOR('',#11509,1.);
#11509 = DIRECTION('',(0.,0.,1.));
#11510 = FACE_BOUND('',#11511,.T.);
#11511 = EDGE_LOOP('',(#11512,#11513,#11514,#11515));
#11512 = ORIENTED_EDGE('',*,*,#11418,.F.);
#11513 = ORIENTED_EDGE('',*,*,#11483,.T.);
#11514 = ORIENTED_EDGE('',*,*,#11466,.T.);
#11515 = ORIENTED_EDGE('',*,*,#11442,.F.);
#11516 = PLANE('',#11517);
#11517 = AXIS2_PLACEMENT_3D('',#11518,#11519,#11520);
#11518 = CARTESIAN_POINT('',(-324.5,-324.5,450.));
#11519 = DIRECTION('',(0.,1.,0.));
#11520 = DIRECTION('',(0.,0.,1.));
#11521 = ADVANCED_FACE('',(#11522),#11533,.F.);
#11522 = FACE_BOUND('',#11523,.F.);
#11523 = EDGE_LOOP('',(#11524,#11525,#11526,#11532));
#11524 = ORIENTED_EDGE('',*,*,#11505,.F.);
#11525 = ORIENTED_EDGE('',*,*,#11375,.T.);
#11526 = ORIENTED_EDGE('',*,*,#11527,.T.);
#11527 = EDGE_CURVE('',#11368,#11293,#11528,.T.);
#11528 = LINE('',#11529,#11530);
#11529 = CARTESIAN_POINT('',(324.5,324.5,450.));
#11530 = VECTOR('',#11531,1.);
#11531 = DIRECTION('',(0.,0.,1.));
#11532 = ORIENTED_EDGE('',*,*,#11300,.F.);
#11533 = PLANE('',#11534);
#11534 = AXIS2_PLACEMENT_3D('',#11535,#11536,#11537);
#11535 = CARTESIAN_POINT('',(324.5,-324.5,450.));
#11536 = DIRECTION('',(1.,0.,0.));
#11537 = DIRECTION('',(0.,0.,1.));
#11538 = ADVANCED_FACE('',(#11539),#11550,.F.);
#11539 = FACE_BOUND('',#11540,.F.);
#11540 = EDGE_LOOP('',(#11541,#11542,#11548,#11549));
#11541 = ORIENTED_EDGE('',*,*,#11367,.F.);
#11542 = ORIENTED_EDGE('',*,*,#11543,.T.);
#11543 = EDGE_CURVE('',#11360,#11285,#11544,.T.);
#11544 = LINE('',#11545,#11546);
#11545 = CARTESIAN_POINT('',(-324.5,324.5,450.));
#11546 = VECTOR('',#11547,1.);
#11547 = DIRECTION('',(0.,0.,1.));
#11548 = ORIENTED_EDGE('',*,*,#11292,.T.);
#11549 = ORIENTED_EDGE('',*,*,#11527,.F.);
#11550 = PLANE('',#11551);
#11551 = AXIS2_PLACEMENT_3D('',#11552,#11553,#11554);
#11552 = CARTESIAN_POINT('',(-324.5,324.5,450.));
#11553 = DIRECTION('',(0.,1.,0.));
#11554 = DIRECTION('',(0.,0.,1.));
#11555 = ADVANCED_FACE('',(#11556),#11562,.T.);
#11556 = FACE_BOUND('',#11557,.T.);
#11557 = EDGE_LOOP('',(#11558,#11559,#11560,#11561));
#11558 = ORIENTED_EDGE('',*,*,#11498,.F.);
#11559 = ORIENTED_EDGE('',*,*,#11359,.T.);
#11560 = ORIENTED_EDGE('',*,*,#11543,.T.);
#11561 = ORIENTED_EDGE('',*,*,#11284,.F.);
#11562 = PLANE('',#11563);
#11563 = AXIS2_PLACEMENT_3D('',#11564,#11565,#11566);
#11564 = CARTESIAN_POINT('',(-324.5,-324.5,450.));
#11565 = DIRECTION('',(1.,0.,0.));
#11566 = DIRECTION('',(0.,0.,1.));
#11567 = MANIFOLD_SOLID_BREP('',#11568);
#11568 = CLOSED_SHELL('',(#11569,#11609,#11640,#11664,#11688,#11705));
#11569 = ADVANCED_FACE('',(#11570),#11604,.F.);
#11570 = FACE_BOUND('',#11571,.F.);
#11571 = EDGE_LOOP('',(#11572,#11582,#11590,#11598));
#11572 = ORIENTED_EDGE('',*,*,#11573,.F.);
#11573 = EDGE_CURVE('',#11574,#11576,#11578,.T.);
#11574 = VERTEX_POINT('',#11575);
#11575 = CARTESIAN_POINT('',(-317.5,-326.5,518.));
#11576 = VERTEX_POINT('',#11577);
#11577 = CARTESIAN_POINT('',(-317.5,-326.5,453.));
#11578 = LINE('',#11579,#11580);
#11579 = CARTESIAN_POINT('',(-317.5,-326.5,451.5));
#11580 = VECTOR('',#11581,1.);
#11581 = DIRECTION('',(0.,0.,-1.));
#11582 = ORIENTED_EDGE('',*,*,#11583,.T.);
#11583 = EDGE_CURVE('',#11574,#11584,#11586,.T.);
#11584 = VERTEX_POINT('',#11585);
#11585 = CARTESIAN_POINT('',(317.5,-326.5,518.));
#11586 = LINE('',#11587,#11588);
#11587 = CARTESIAN_POINT('',(-322.,-326.5,518.));
#11588 = VECTOR('',#11589,1.);
#11589 = DIRECTION('',(1.,0.,0.));
#11590 = ORIENTED_EDGE('',*,*,#11591,.T.);
#11591 = EDGE_CURVE('',#11584,#11592,#11594,.T.);
#11592 = VERTEX_POINT('',#11593);
#11593 = CARTESIAN_POINT('',(317.5,-326.5,453.));
#11594 = LINE('',#11595,#11596);
#11595 = CARTESIAN_POINT('',(317.5,-326.5,451.5));
#11596 = VECTOR('',#11597,1.);
#11597 = DIRECTION('',(0.,0.,-1.));
#11598 = ORIENTED_EDGE('',*,*,#11599,.F.);
#11599 = EDGE_CURVE('',#11576,#11592,#11600,.T.);
#11600 = LINE('',#11601,#11602);
#11601 = CARTESIAN_POINT('',(-322.,-326.5,453.));
#11602 = VECTOR('',#11603,1.);
#11603 = DIRECTION('',(1.,0.,0.));
#11604 = PLANE('',#11605);
#11605 = AXIS2_PLACEMENT_3D('',#11606,#11607,#11608);
#11606 = CARTESIAN_POINT('',(-326.5,-326.5,450.));
#11607 = DIRECTION('',(0.,1.,0.));
#11608 = DIRECTION('',(0.,0.,1.));
#11609 = ADVANCED_FACE('',(#11610),#11635,.F.);
#11610 = FACE_BOUND('',#11611,.F.);
#11611 = EDGE_LOOP('',(#11612,#11620,#11621,#11629));
#11612 = ORIENTED_EDGE('',*,*,#11613,.F.);
#11613 = EDGE_CURVE('',#11574,#11614,#11616,.T.);
#11614 = VERTEX_POINT('',#11615);
#11615 = CARTESIAN_POINT('',(-317.5,-324.5,518.));
#11616 = LINE('',#11617,#11618);
#11617 = CARTESIAN_POINT('',(-317.5,-330.5,518.));
#11618 = VECTOR('',#11619,1.);
#11619 = DIRECTION('',(0.,1.,0.));
#11620 = ORIENTED_EDGE('',*,*,#11573,.T.);
#11621 = ORIENTED_EDGE('',*,*,#11622,.T.);
#11622 = EDGE_CURVE('',#11576,#11623,#11625,.T.);
#11623 = VERTEX_POINT('',#11624);
#11624 = CARTESIAN_POINT('',(-317.5,-324.5,453.));
#11625 = LINE('',#11626,#11627);
#11626 = CARTESIAN_POINT('',(-317.5,-330.5,453.));
#11627 = VECTOR('',#11628,1.);
#11628 = DIRECTION('',(0.,1.,0.));
#11629 = ORIENTED_EDGE('',*,*,#11630,.F.);
#11630 = EDGE_CURVE('',#11614,#11623,#11631,.T.);
#11631 = LINE('',#11632,#11633);
#11632 = CARTESIAN_POINT('',(-317.5,-324.5,451.5));
#11633 = VECTOR('',#11634,1.);
#11634 = DIRECTION('',(0.,0.,-1.));
#11635 = PLANE('',#11636);
#11636 = AXIS2_PLACEMENT_3D('',#11637,#11638,#11639);
#11637 = CARTESIAN_POINT('',(-317.5,-330.5,453.));
#11638 = DIRECTION('',(1.,0.,0.));
#11639 = DIRECTION('',(0.,0.,1.));
#11640 = ADVANCED_FACE('',(#11641),#11659,.F.);
#11641 = FACE_BOUND('',#11642,.F.);
#11642 = EDGE_LOOP('',(#11643,#11644,#11645,#11653));
#11643 = ORIENTED_EDGE('',*,*,#11622,.F.);
#11644 = ORIENTED_EDGE('',*,*,#11599,.T.);
#11645 = ORIENTED_EDGE('',*,*,#11646,.T.);
#11646 = EDGE_CURVE('',#11592,#11647,#11649,.T.);
#11647 = VERTEX_POINT('',#11648);
#11648 = CARTESIAN_POINT('',(317.5,-324.5,453.));
#11649 = LINE('',#11650,#11651);
#11650 = CARTESIAN_POINT('',(317.5,-330.5,453.));
#11651 = VECTOR('',#11652,1.);
#11652 = DIRECTION('',(0.,1.,0.));
#11653 = ORIENTED_EDGE('',*,*,#11654,.F.);
#11654 = EDGE_CURVE('',#11623,#11647,#11655,.T.);
#11655 = LINE('',#11656,#11657);
#11656 = CARTESIAN_POINT('',(-321.,-324.5,453.));
#11657 = VECTOR('',#11658,1.);
#11658 = DIRECTION('',(1.,0.,0.));
#11659 = PLANE('',#11660);
#11660 = AXIS2_PLACEMENT_3D('',#11661,#11662,#11663);
#11661 = CARTESIAN_POINT('',(-317.5,-330.5,453.));
#11662 = DIRECTION('',(0.,0.,1.));
#11663 = DIRECTION('',(1.,0.,0.));
#11664 = ADVANCED_FACE('',(#11665),#11683,.T.);
#11665 = FACE_BOUND('',#11666,.T.);
#11666 = EDGE_LOOP('',(#11667,#11675,#11676,#11677));
#11667 = ORIENTED_EDGE('',*,*,#11668,.F.);
#11668 = EDGE_CURVE('',#11584,#11669,#11671,.T.);
#11669 = VERTEX_POINT('',#11670);
#11670 = CARTESIAN_POINT('',(317.5,-324.5,518.));
#11671 = LINE('',#11672,#11673);
#11672 = CARTESIAN_POINT('',(317.5,-330.5,518.));
#11673 = VECTOR('',#11674,1.);
#11674 = DIRECTION('',(0.,1.,0.));
#11675 = ORIENTED_EDGE('',*,*,#11591,.T.);
#11676 = ORIENTED_EDGE('',*,*,#11646,.T.);
#11677 = ORIENTED_EDGE('',*,*,#11678,.F.);
#11678 = EDGE_CURVE('',#11669,#11647,#11679,.T.);
#11679 = LINE('',#11680,#11681);
#11680 = CARTESIAN_POINT('',(317.5,-324.5,451.5));
#11681 = VECTOR('',#11682,1.);
#11682 = DIRECTION('',(0.,0.,-1.));
#11683 = PLANE('',#11684);
#11684 = AXIS2_PLACEMENT_3D('',#11685,#11686,#11687);
#11685 = CARTESIAN_POINT('',(317.5,-330.5,453.));
#11686 = DIRECTION('',(1.,0.,0.));
#11687 = DIRECTION('',(0.,0.,1.));
#11688 = ADVANCED_FACE('',(#11689),#11700,.T.);
#11689 = FACE_BOUND('',#11690,.T.);
#11690 = EDGE_LOOP('',(#11691,#11692,#11693,#11694));
#11691 = ORIENTED_EDGE('',*,*,#11613,.F.);
#11692 = ORIENTED_EDGE('',*,*,#11583,.T.);
#11693 = ORIENTED_EDGE('',*,*,#11668,.T.);
#11694 = ORIENTED_EDGE('',*,*,#11695,.F.);
#11695 = EDGE_CURVE('',#11614,#11669,#11696,.T.);
#11696 = LINE('',#11697,#11698);
#11697 = CARTESIAN_POINT('',(-321.,-324.5,518.));
#11698 = VECTOR('',#11699,1.);
#11699 = DIRECTION('',(1.,0.,0.));
#11700 = PLANE('',#11701);
#11701 = AXIS2_PLACEMENT_3D('',#11702,#11703,#11704);
#11702 = CARTESIAN_POINT('',(-317.5,-330.5,518.));
#11703 = DIRECTION('',(0.,0.,1.));
#11704 = DIRECTION('',(1.,0.,0.));
#11705 = ADVANCED_FACE('',(#11706),#11712,.T.);
#11706 = FACE_BOUND('',#11707,.T.);
#11707 = EDGE_LOOP('',(#11708,#11709,#11710,#11711));
#11708 = ORIENTED_EDGE('',*,*,#11630,.F.);
#11709 = ORIENTED_EDGE('',*,*,#11695,.T.);
#11710 = ORIENTED_EDGE('',*,*,#11678,.T.);
#11711 = ORIENTED_EDGE('',*,*,#11654,.F.);
#11712 = PLANE('',#11713);
#11713 = AXIS2_PLACEMENT_3D('',#11714,#11715,#11716);
#11714 = CARTESIAN_POINT('',(-324.5,-324.5,450.));
#11715 = DIRECTION('',(0.,1.,0.));
#11716 = DIRECTION('',(0.,0.,1.));
#11717 = MANIFOLD_SOLID_BREP('',#11718);
#11718 = CLOSED_SHELL('',(#11719,#11759,#11824,#11882,#11906,#11957,
    #11969,#12000,#12024,#12048,#12065,#12093,#12110,#12127));
#11719 = ADVANCED_FACE('',(#11720),#11754,.F.);
#11720 = FACE_BOUND('',#11721,.F.);
#11721 = EDGE_LOOP('',(#11722,#11732,#11740,#11748));
#11722 = ORIENTED_EDGE('',*,*,#11723,.F.);
#11723 = EDGE_CURVE('',#11724,#11726,#11728,.T.);
#11724 = VERTEX_POINT('',#11725);
#11725 = CARTESIAN_POINT('',(-326.5,-326.5,645.));
#11726 = VERTEX_POINT('',#11727);
#11727 = CARTESIAN_POINT('',(-326.5,-326.5,963.));
#11728 = LINE('',#11729,#11730);
#11729 = CARTESIAN_POINT('',(-326.5,-326.5,645.));
#11730 = VECTOR('',#11731,1.);
#11731 = DIRECTION('',(0.,0.,1.));
#11732 = ORIENTED_EDGE('',*,*,#11733,.T.);
#11733 = EDGE_CURVE('',#11724,#11734,#11736,.T.);
#11734 = VERTEX_POINT('',#11735);
#11735 = CARTESIAN_POINT('',(-326.5,326.5,645.));
#11736 = LINE('',#11737,#11738);
#11737 = CARTESIAN_POINT('',(-326.5,-326.5,645.));
#11738 = VECTOR('',#11739,1.);
#11739 = DIRECTION('',(0.,1.,0.));
#11740 = ORIENTED_EDGE('',*,*,#11741,.T.);
#11741 = EDGE_CURVE('',#11734,#11742,#11744,.T.);
#11742 = VERTEX_POINT('',#11743);
#11743 = CARTESIAN_POINT('',(-326.5,326.5,963.));
#11744 = LINE('',#11745,#11746);
#11745 = CARTESIAN_POINT('',(-326.5,326.5,645.));
#11746 = VECTOR('',#11747,1.);
#11747 = DIRECTION('',(0.,0.,1.));
#11748 = ORIENTED_EDGE('',*,*,#11749,.F.);
#11749 = EDGE_CURVE('',#11726,#11742,#11750,.T.);
#11750 = LINE('',#11751,#11752);
#11751 = CARTESIAN_POINT('',(-326.5,-326.5,963.));
#11752 = VECTOR('',#11753,1.);
#11753 = DIRECTION('',(0.,1.,0.));
#11754 = PLANE('',#11755);
#11755 = AXIS2_PLACEMENT_3D('',#11756,#11757,#11758);
#11756 = CARTESIAN_POINT('',(-326.5,-326.5,645.));
#11757 = DIRECTION('',(1.,0.,0.));
#11758 = DIRECTION('',(0.,0.,1.));
#11759 = ADVANCED_FACE('',(#11760,#11785),#11819,.F.);
#11760 = FACE_BOUND('',#11761,.F.);
#11761 = EDGE_LOOP('',(#11762,#11770,#11771,#11779));
#11762 = ORIENTED_EDGE('',*,*,#11763,.F.);
#11763 = EDGE_CURVE('',#11724,#11764,#11766,.T.);
#11764 = VERTEX_POINT('',#11765);
#11765 = CARTESIAN_POINT('',(326.5,-326.5,645.));
#11766 = LINE('',#11767,#11768);
#11767 = CARTESIAN_POINT('',(-326.5,-326.5,645.));
#11768 = VECTOR('',#11769,1.);
#11769 = DIRECTION('',(1.,0.,0.));
#11770 = ORIENTED_EDGE('',*,*,#11723,.T.);
#11771 = ORIENTED_EDGE('',*,*,#11772,.T.);
#11772 = EDGE_CURVE('',#11726,#11773,#11775,.T.);
#11773 = VERTEX_POINT('',#11774);
#11774 = CARTESIAN_POINT('',(326.5,-326.5,963.));
#11775 = LINE('',#11776,#11777);
#11776 = CARTESIAN_POINT('',(-326.5,-326.5,963.));
#11777 = VECTOR('',#11778,1.);
#11778 = DIRECTION('',(1.,0.,0.));
#11779 = ORIENTED_EDGE('',*,*,#11780,.F.);
#11780 = EDGE_CURVE('',#11764,#11773,#11781,.T.);
#11781 = LINE('',#11782,#11783);
#11782 = CARTESIAN_POINT('',(326.5,-326.5,645.));
#11783 = VECTOR('',#11784,1.);
#11784 = DIRECTION('',(0.,0.,1.));
#11785 = FACE_BOUND('',#11786,.F.);
#11786 = EDGE_LOOP('',(#11787,#11797,#11805,#11813));
#11787 = ORIENTED_EDGE('',*,*,#11788,.F.);
#11788 = EDGE_CURVE('',#11789,#11791,#11793,.T.);
#11789 = VERTEX_POINT('',#11790);
#11790 = CARTESIAN_POINT('',(-317.5,-326.5,960.));
#11791 = VERTEX_POINT('',#11792);
#11792 = CARTESIAN_POINT('',(317.5,-326.5,960.));
#11793 = LINE('',#11794,#11795);
#11794 = CARTESIAN_POINT('',(-322.,-326.5,960.));
#11795 = VECTOR('',#11796,1.);
#11796 = DIRECTION('',(1.,0.,0.));
#11797 = ORIENTED_EDGE('',*,*,#11798,.T.);
#11798 = EDGE_CURVE('',#11789,#11799,#11801,.T.);
#11799 = VERTEX_POINT('',#11800);
#11800 = CARTESIAN_POINT('',(-317.5,-326.5,650.));
#11801 = LINE('',#11802,#11803);
#11802 = CARTESIAN_POINT('',(-317.5,-326.5,647.5));
#11803 = VECTOR('',#11804,1.);
#11804 = DIRECTION('',(0.,0.,-1.));
#11805 = ORIENTED_EDGE('',*,*,#11806,.T.);
#11806 = EDGE_CURVE('',#11799,#11807,#11809,.T.);
#11807 = VERTEX_POINT('',#11808);
#11808 = CARTESIAN_POINT('',(317.5,-326.5,650.));
#11809 = LINE('',#11810,#11811);
#11810 = CARTESIAN_POINT('',(-322.,-326.5,650.));
#11811 = VECTOR('',#11812,1.);
#11812 = DIRECTION('',(1.,0.,0.));
#11813 = ORIENTED_EDGE('',*,*,#11814,.F.);
#11814 = EDGE_CURVE('',#11791,#11807,#11815,.T.);
#11815 = LINE('',#11816,#11817);
#11816 = CARTESIAN_POINT('',(317.5,-326.5,647.5));
#11817 = VECTOR('',#11818,1.);
#11818 = DIRECTION('',(0.,0.,-1.));
#11819 = PLANE('',#11820);
#11820 = AXIS2_PLACEMENT_3D('',#11821,#11822,#11823);
#11821 = CARTESIAN_POINT('',(-326.5,-326.5,645.));
#11822 = DIRECTION('',(0.,1.,0.));
#11823 = DIRECTION('',(0.,0.,1.));
#11824 = ADVANCED_FACE('',(#11825,#11843),#11877,.T.);
#11825 = FACE_BOUND('',#11826,.T.);
#11826 = EDGE_LOOP('',(#11827,#11828,#11829,#11837));
#11827 = ORIENTED_EDGE('',*,*,#11749,.F.);
#11828 = ORIENTED_EDGE('',*,*,#11772,.T.);
#11829 = ORIENTED_EDGE('',*,*,#11830,.T.);
#11830 = EDGE_CURVE('',#11773,#11831,#11833,.T.);
#11831 = VERTEX_POINT('',#11832);
#11832 = CARTESIAN_POINT('',(326.5,326.5,963.));
#11833 = LINE('',#11834,#11835);
#11834 = CARTESIAN_POINT('',(326.5,-326.5,963.));
#11835 = VECTOR('',#11836,1.);
#11836 = DIRECTION('',(0.,1.,0.));
#11837 = ORIENTED_EDGE('',*,*,#11838,.F.);
#11838 = EDGE_CURVE('',#11742,#11831,#11839,.T.);
#11839 = LINE('',#11840,#11841);
#11840 = CARTESIAN_POINT('',(-326.5,326.5,963.));
#11841 = VECTOR('',#11842,1.);
#11842 = DIRECTION('',(1.,0.,0.));
#11843 = FACE_BOUND('',#11844,.T.);
#11844 = EDGE_LOOP('',(#11845,#11855,#11863,#11871));
#11845 = ORIENTED_EDGE('',*,*,#11846,.F.);
#11846 = EDGE_CURVE('',#11847,#11849,#11851,.T.);
#11847 = VERTEX_POINT('',#11848);
#11848 = CARTESIAN_POINT('',(-324.5,-324.5,963.));
#11849 = VERTEX_POINT('',#11850);
#11850 = CARTESIAN_POINT('',(324.5,-324.5,963.));
#11851 = LINE('',#11852,#11853);
#11852 = CARTESIAN_POINT('',(-324.5,-324.5,963.));
#11853 = VECTOR('',#11854,1.);
#11854 = DIRECTION('',(1.,0.,0.));
#11855 = ORIENTED_EDGE('',*,*,#11856,.T.);
#11856 = EDGE_CURVE('',#11847,#11857,#11859,.T.);
#11857 = VERTEX_POINT('',#11858);
#11858 = CARTESIAN_POINT('',(-324.5,324.5,963.));
#11859 = LINE('',#11860,#11861);
#11860 = CARTESIAN_POINT('',(-324.5,-324.5,963.));
#11861 = VECTOR('',#11862,1.);
#11862 = DIRECTION('',(0.,1.,0.));
#11863 = ORIENTED_EDGE('',*,*,#11864,.T.);
#11864 = EDGE_CURVE('',#11857,#11865,#11867,.T.);
#11865 = VERTEX_POINT('',#11866);
#11866 = CARTESIAN_POINT('',(324.5,324.5,963.));
#11867 = LINE('',#11868,#11869);
#11868 = CARTESIAN_POINT('',(-324.5,324.5,963.));
#11869 = VECTOR('',#11870,1.);
#11870 = DIRECTION('',(1.,0.,0.));
#11871 = ORIENTED_EDGE('',*,*,#11872,.F.);
#11872 = EDGE_CURVE('',#11849,#11865,#11873,.T.);
#11873 = LINE('',#11874,#11875);
#11874 = CARTESIAN_POINT('',(324.5,-324.5,963.));
#11875 = VECTOR('',#11876,1.);
#11876 = DIRECTION('',(0.,1.,0.));
#11877 = PLANE('',#11878);
#11878 = AXIS2_PLACEMENT_3D('',#11879,#11880,#11881);
#11879 = CARTESIAN_POINT('',(-326.5,-326.5,963.));
#11880 = DIRECTION('',(0.,0.,1.));
#11881 = DIRECTION('',(1.,0.,0.));
#11882 = ADVANCED_FACE('',(#11883),#11901,.T.);
#11883 = FACE_BOUND('',#11884,.T.);
#11884 = EDGE_LOOP('',(#11885,#11893,#11894,#11895));
#11885 = ORIENTED_EDGE('',*,*,#11886,.F.);
#11886 = EDGE_CURVE('',#11734,#11887,#11889,.T.);
#11887 = VERTEX_POINT('',#11888);
#11888 = CARTESIAN_POINT('',(326.5,326.5,645.));
#11889 = LINE('',#11890,#11891);
#11890 = CARTESIAN_POINT('',(-326.5,326.5,645.));
#11891 = VECTOR('',#11892,1.);
#11892 = DIRECTION('',(1.,0.,0.));
#11893 = ORIENTED_EDGE('',*,*,#11741,.T.);
#11894 = ORIENTED_EDGE('',*,*,#11838,.T.);
#11895 = ORIENTED_EDGE('',*,*,#11896,.F.);
#11896 = EDGE_CURVE('',#11887,#11831,#11897,.T.);
#11897 = LINE('',#11898,#11899);
#11898 = CARTESIAN_POINT('',(326.5,326.5,645.));
#11899 = VECTOR('',#11900,1.);
#11900 = DIRECTION('',(0.,0.,1.));
#11901 = PLANE('',#11902);
#11902 = AXIS2_PLACEMENT_3D('',#11903,#11904,#11905);
#11903 = CARTESIAN_POINT('',(-326.5,326.5,645.));
#11904 = DIRECTION('',(0.,1.,0.));
#11905 = DIRECTION('',(0.,0.,1.));
#11906 = ADVANCED_FACE('',(#11907,#11918),#11952,.F.);
#11907 = FACE_BOUND('',#11908,.F.);
#11908 = EDGE_LOOP('',(#11909,#11910,#11911,#11917));
#11909 = ORIENTED_EDGE('',*,*,#11733,.F.);
#11910 = ORIENTED_EDGE('',*,*,#11763,.T.);
#11911 = ORIENTED_EDGE('',*,*,#11912,.T.);
#11912 = EDGE_CURVE('',#11764,#11887,#11913,.T.);
#11913 = LINE('',#11914,#11915);
#11914 = CARTESIAN_POINT('',(326.5,-326.5,645.));
#11915 = VECTOR('',#11916,1.);
#11916 = DIRECTION('',(0.,1.,0.));
#11917 = ORIENTED_EDGE('',*,*,#11886,.F.);
#11918 = FACE_BOUND('',#11919,.F.);
#11919 = EDGE_LOOP('',(#11920,#11930,#11938,#11946));
#11920 = ORIENTED_EDGE('',*,*,#11921,.F.);
#11921 = EDGE_CURVE('',#11922,#11924,#11926,.T.);
#11922 = VERTEX_POINT('',#11923);
#11923 = CARTESIAN_POINT('',(-324.5,-324.5,645.));
#11924 = VERTEX_POINT('',#11925);
#11925 = CARTESIAN_POINT('',(324.5,-324.5,645.));
#11926 = LINE('',#11927,#11928);
#11927 = CARTESIAN_POINT('',(-324.5,-324.5,645.));
#11928 = VECTOR('',#11929,1.);
#11929 = DIRECTION('',(1.,0.,0.));
#11930 = ORIENTED_EDGE('',*,*,#11931,.T.);
#11931 = EDGE_CURVE('',#11922,#11932,#11934,.T.);
#11932 = VERTEX_POINT('',#11933);
#11933 = CARTESIAN_POINT('',(-324.5,324.5,645.));
#11934 = LINE('',#11935,#11936);
#11935 = CARTESIAN_POINT('',(-324.5,-324.5,645.));
#11936 = VECTOR('',#11937,1.);
#11937 = DIRECTION('',(0.,1.,0.));
#11938 = ORIENTED_EDGE('',*,*,#11939,.T.);
#11939 = EDGE_CURVE('',#11932,#11940,#11942,.T.);
#11940 = VERTEX_POINT('',#11941);
#11941 = CARTESIAN_POINT('',(324.5,324.5,645.));
#11942 = LINE('',#11943,#11944);
#11943 = CARTESIAN_POINT('',(-324.5,324.5,645.));
#11944 = VECTOR('',#11945,1.);
#11945 = DIRECTION('',(1.,0.,0.));
#11946 = ORIENTED_EDGE('',*,*,#11947,.F.);
#11947 = EDGE_CURVE('',#11924,#11940,#11948,.T.);
#11948 = LINE('',#11949,#11950);
#11949 = CARTESIAN_POINT('',(324.5,-324.5,645.));
#11950 = VECTOR('',#11951,1.);
#11951 = DIRECTION('',(0.,1.,0.));
#11952 = PLANE('',#11953);
#11953 = AXIS2_PLACEMENT_3D('',#11954,#11955,#11956);
#11954 = CARTESIAN_POINT('',(-326.5,-326.5,645.));
#11955 = DIRECTION('',(0.,0.,1.));
#11956 = DIRECTION('',(1.,0.,0.));
#11957 = ADVANCED_FACE('',(#11958),#11964,.T.);
#11958 = FACE_BOUND('',#11959,.T.);
#11959 = EDGE_LOOP('',(#11960,#11961,#11962,#11963));
#11960 = ORIENTED_EDGE('',*,*,#11780,.F.);
#11961 = ORIENTED_EDGE('',*,*,#11912,.T.);
#11962 = ORIENTED_EDGE('',*,*,#11896,.T.);
#11963 = ORIENTED_EDGE('',*,*,#11830,.F.);
#11964 = PLANE('',#11965);
#11965 = AXIS2_PLACEMENT_3D('',#11966,#11967,#11968);
#11966 = CARTESIAN_POINT('',(326.5,-326.5,645.));
#11967 = DIRECTION('',(1.,0.,0.));
#11968 = DIRECTION('',(0.,0.,1.));
#11969 = ADVANCED_FACE('',(#11970),#11995,.F.);
#11970 = FACE_BOUND('',#11971,.F.);
#11971 = EDGE_LOOP('',(#11972,#11980,#11981,#11989));
#11972 = ORIENTED_EDGE('',*,*,#11973,.F.);
#11973 = EDGE_CURVE('',#11789,#11974,#11976,.T.);
#11974 = VERTEX_POINT('',#11975);
#11975 = CARTESIAN_POINT('',(-317.5,-324.5,960.));
#11976 = LINE('',#11977,#11978);
#11977 = CARTESIAN_POINT('',(-317.5,-330.5,960.));
#11978 = VECTOR('',#11979,1.);
#11979 = DIRECTION('',(0.,1.,0.));
#11980 = ORIENTED_EDGE('',*,*,#11788,.T.);
#11981 = ORIENTED_EDGE('',*,*,#11982,.T.);
#11982 = EDGE_CURVE('',#11791,#11983,#11985,.T.);
#11983 = VERTEX_POINT('',#11984);
#11984 = CARTESIAN_POINT('',(317.5,-324.5,960.));
#11985 = LINE('',#11986,#11987);
#11986 = CARTESIAN_POINT('',(317.5,-330.5,960.));
#11987 = VECTOR('',#11988,1.);
#11988 = DIRECTION('',(0.,1.,0.));
#11989 = ORIENTED_EDGE('',*,*,#11990,.F.);
#11990 = EDGE_CURVE('',#11974,#11983,#11991,.T.);
#11991 = LINE('',#11992,#11993);
#11992 = CARTESIAN_POINT('',(-321.,-324.5,960.));
#11993 = VECTOR('',#11994,1.);
#11994 = DIRECTION('',(1.,0.,0.));
#11995 = PLANE('',#11996);
#11996 = AXIS2_PLACEMENT_3D('',#11997,#11998,#11999);
#11997 = CARTESIAN_POINT('',(-317.5,-330.5,960.));
#11998 = DIRECTION('',(0.,0.,1.));
#11999 = DIRECTION('',(1.,0.,0.));
#12000 = ADVANCED_FACE('',(#12001),#12019,.F.);
#12001 = FACE_BOUND('',#12002,.F.);
#12002 = EDGE_LOOP('',(#12003,#12004,#12005,#12013));
#12003 = ORIENTED_EDGE('',*,*,#11982,.F.);
#12004 = ORIENTED_EDGE('',*,*,#11814,.T.);
#12005 = ORIENTED_EDGE('',*,*,#12006,.T.);
#12006 = EDGE_CURVE('',#11807,#12007,#12009,.T.);
#12007 = VERTEX_POINT('',#12008);
#12008 = CARTESIAN_POINT('',(317.5,-324.5,650.));
#12009 = LINE('',#12010,#12011);
#12010 = CARTESIAN_POINT('',(317.5,-330.5,650.));
#12011 = VECTOR('',#12012,1.);
#12012 = DIRECTION('',(0.,1.,0.));
#12013 = ORIENTED_EDGE('',*,*,#12014,.F.);
#12014 = EDGE_CURVE('',#11983,#12007,#12015,.T.);
#12015 = LINE('',#12016,#12017);
#12016 = CARTESIAN_POINT('',(317.5,-324.5,647.5));
#12017 = VECTOR('',#12018,1.);
#12018 = DIRECTION('',(0.,0.,-1.));
#12019 = PLANE('',#12020);
#12020 = AXIS2_PLACEMENT_3D('',#12021,#12022,#12023);
#12021 = CARTESIAN_POINT('',(317.5,-330.5,650.));
#12022 = DIRECTION('',(1.,0.,0.));
#12023 = DIRECTION('',(0.,0.,1.));
#12024 = ADVANCED_FACE('',(#12025),#12043,.T.);
#12025 = FACE_BOUND('',#12026,.T.);
#12026 = EDGE_LOOP('',(#12027,#12035,#12036,#12037));
#12027 = ORIENTED_EDGE('',*,*,#12028,.F.);
#12028 = EDGE_CURVE('',#11799,#12029,#12031,.T.);
#12029 = VERTEX_POINT('',#12030);
#12030 = CARTESIAN_POINT('',(-317.5,-324.5,650.));
#12031 = LINE('',#12032,#12033);
#12032 = CARTESIAN_POINT('',(-317.5,-330.5,650.));
#12033 = VECTOR('',#12034,1.);
#12034 = DIRECTION('',(0.,1.,0.));
#12035 = ORIENTED_EDGE('',*,*,#11806,.T.);
#12036 = ORIENTED_EDGE('',*,*,#12006,.T.);
#12037 = ORIENTED_EDGE('',*,*,#12038,.F.);
#12038 = EDGE_CURVE('',#12029,#12007,#12039,.T.);
#12039 = LINE('',#12040,#12041);
#12040 = CARTESIAN_POINT('',(-321.,-324.5,650.));
#12041 = VECTOR('',#12042,1.);
#12042 = DIRECTION('',(1.,0.,0.));
#12043 = PLANE('',#12044);
#12044 = AXIS2_PLACEMENT_3D('',#12045,#12046,#12047);
#12045 = CARTESIAN_POINT('',(-317.5,-330.5,650.));
#12046 = DIRECTION('',(0.,0.,1.));
#12047 = DIRECTION('',(1.,0.,0.));
#12048 = ADVANCED_FACE('',(#12049),#12060,.T.);
#12049 = FACE_BOUND('',#12050,.T.);
#12050 = EDGE_LOOP('',(#12051,#12052,#12053,#12054));
#12051 = ORIENTED_EDGE('',*,*,#11973,.F.);
#12052 = ORIENTED_EDGE('',*,*,#11798,.T.);
#12053 = ORIENTED_EDGE('',*,*,#12028,.T.);
#12054 = ORIENTED_EDGE('',*,*,#12055,.F.);
#12055 = EDGE_CURVE('',#11974,#12029,#12056,.T.);
#12056 = LINE('',#12057,#12058);
#12057 = CARTESIAN_POINT('',(-317.5,-324.5,647.5));
#12058 = VECTOR('',#12059,1.);
#12059 = DIRECTION('',(0.,0.,-1.));
#12060 = PLANE('',#12061);
#12061 = AXIS2_PLACEMENT_3D('',#12062,#12063,#12064);
#12062 = CARTESIAN_POINT('',(-317.5,-330.5,650.));
#12063 = DIRECTION('',(1.,0.,0.));
#12064 = DIRECTION('',(0.,0.,1.));
#12065 = ADVANCED_FACE('',(#12066,#12082),#12088,.T.);
#12066 = FACE_BOUND('',#12067,.T.);
#12067 = EDGE_LOOP('',(#12068,#12069,#12075,#12076));
#12068 = ORIENTED_EDGE('',*,*,#11921,.F.);
#12069 = ORIENTED_EDGE('',*,*,#12070,.T.);
#12070 = EDGE_CURVE('',#11922,#11847,#12071,.T.);
#12071 = LINE('',#12072,#12073);
#12072 = CARTESIAN_POINT('',(-324.5,-324.5,645.));
#12073 = VECTOR('',#12074,1.);
#12074 = DIRECTION('',(0.,0.,1.));
#12075 = ORIENTED_EDGE('',*,*,#11846,.T.);
#12076 = ORIENTED_EDGE('',*,*,#12077,.F.);
#12077 = EDGE_CURVE('',#11924,#11849,#12078,.T.);
#12078 = LINE('',#12079,#12080);
#12079 = CARTESIAN_POINT('',(324.5,-324.5,645.));
#12080 = VECTOR('',#12081,1.);
#12081 = DIRECTION('',(0.,0.,1.));
#12082 = FACE_BOUND('',#12083,.T.);
#12083 = EDGE_LOOP('',(#12084,#12085,#12086,#12087));
#12084 = ORIENTED_EDGE('',*,*,#11990,.F.);
#12085 = ORIENTED_EDGE('',*,*,#12055,.T.);
#12086 = ORIENTED_EDGE('',*,*,#12038,.T.);
#12087 = ORIENTED_EDGE('',*,*,#12014,.F.);
#12088 = PLANE('',#12089);
#12089 = AXIS2_PLACEMENT_3D('',#12090,#12091,#12092);
#12090 = CARTESIAN_POINT('',(-324.5,-324.5,645.));
#12091 = DIRECTION('',(0.,1.,0.));
#12092 = DIRECTION('',(0.,0.,1.));
#12093 = ADVANCED_FACE('',(#12094),#12105,.F.);
#12094 = FACE_BOUND('',#12095,.F.);
#12095 = EDGE_LOOP('',(#12096,#12097,#12098,#12104));
#12096 = ORIENTED_EDGE('',*,*,#12077,.F.);
#12097 = ORIENTED_EDGE('',*,*,#11947,.T.);
#12098 = ORIENTED_EDGE('',*,*,#12099,.T.);
#12099 = EDGE_CURVE('',#11940,#11865,#12100,.T.);
#12100 = LINE('',#12101,#12102);
#12101 = CARTESIAN_POINT('',(324.5,324.5,645.));
#12102 = VECTOR('',#12103,1.);
#12103 = DIRECTION('',(0.,0.,1.));
#12104 = ORIENTED_EDGE('',*,*,#11872,.F.);
#12105 = PLANE('',#12106);
#12106 = AXIS2_PLACEMENT_3D('',#12107,#12108,#12109);
#12107 = CARTESIAN_POINT('',(324.5,-324.5,645.));
#12108 = DIRECTION('',(1.,0.,0.));
#12109 = DIRECTION('',(0.,0.,1.));
#12110 = ADVANCED_FACE('',(#12111),#12122,.F.);
#12111 = FACE_BOUND('',#12112,.F.);
#12112 = EDGE_LOOP('',(#12113,#12114,#12120,#12121));
#12113 = ORIENTED_EDGE('',*,*,#11939,.F.);
#12114 = ORIENTED_EDGE('',*,*,#12115,.T.);
#12115 = EDGE_CURVE('',#11932,#11857,#12116,.T.);
#12116 = LINE('',#12117,#12118);
#12117 = CARTESIAN_POINT('',(-324.5,324.5,645.));
#12118 = VECTOR('',#12119,1.);
#12119 = DIRECTION('',(0.,0.,1.));
#12120 = ORIENTED_EDGE('',*,*,#11864,.T.);
#12121 = ORIENTED_EDGE('',*,*,#12099,.F.);
#12122 = PLANE('',#12123);
#12123 = AXIS2_PLACEMENT_3D('',#12124,#12125,#12126);
#12124 = CARTESIAN_POINT('',(-324.5,324.5,645.));
#12125 = DIRECTION('',(0.,1.,0.));
#12126 = DIRECTION('',(0.,0.,1.));
#12127 = ADVANCED_FACE('',(#12128),#12134,.T.);
#12128 = FACE_BOUND('',#12129,.T.);
#12129 = EDGE_LOOP('',(#12130,#12131,#12132,#12133));
#12130 = ORIENTED_EDGE('',*,*,#12070,.F.);
#12131 = ORIENTED_EDGE('',*,*,#11931,.T.);
#12132 = ORIENTED_EDGE('',*,*,#12115,.T.);
#12133 = ORIENTED_EDGE('',*,*,#11856,.F.);
#12134 = PLANE('',#12135);
#12135 = AXIS2_PLACEMENT_3D('',#12136,#12137,#12138);
#12136 = CARTESIAN_POINT('',(-324.5,-324.5,645.));
#12137 = DIRECTION('',(1.,0.,0.));
#12138 = DIRECTION('',(0.,0.,1.));
#12139 = MANIFOLD_SOLID_BREP('',#12140);
#12140 = CLOSED_SHELL('',(#12141,#12181,#12212,#12236,#12260,#12277));
#12141 = ADVANCED_FACE('',(#12142),#12176,.F.);
#12142 = FACE_BOUND('',#12143,.F.);
#12143 = EDGE_LOOP('',(#12144,#12154,#12162,#12170));
#12144 = ORIENTED_EDGE('',*,*,#12145,.F.);
#12145 = EDGE_CURVE('',#12146,#12148,#12150,.T.);
#12146 = VERTEX_POINT('',#12147);
#12147 = CARTESIAN_POINT('',(-317.5,-326.5,960.));
#12148 = VERTEX_POINT('',#12149);
#12149 = CARTESIAN_POINT('',(-317.5,-326.5,650.));
#12150 = LINE('',#12151,#12152);
#12151 = CARTESIAN_POINT('',(-317.5,-326.5,647.5));
#12152 = VECTOR('',#12153,1.);
#12153 = DIRECTION('',(0.,0.,-1.));
#12154 = ORIENTED_EDGE('',*,*,#12155,.T.);
#12155 = EDGE_CURVE('',#12146,#12156,#12158,.T.);
#12156 = VERTEX_POINT('',#12157);
#12157 = CARTESIAN_POINT('',(317.5,-326.5,960.));
#12158 = LINE('',#12159,#12160);
#12159 = CARTESIAN_POINT('',(-322.,-326.5,960.));
#12160 = VECTOR('',#12161,1.);
#12161 = DIRECTION('',(1.,0.,0.));
#12162 = ORIENTED_EDGE('',*,*,#12163,.T.);
#12163 = EDGE_CURVE('',#12156,#12164,#12166,.T.);
#12164 = VERTEX_POINT('',#12165);
#12165 = CARTESIAN_POINT('',(317.5,-326.5,650.));
#12166 = LINE('',#12167,#12168);
#12167 = CARTESIAN_POINT('',(317.5,-326.5,647.5));
#12168 = VECTOR('',#12169,1.);
#12169 = DIRECTION('',(0.,0.,-1.));
#12170 = ORIENTED_EDGE('',*,*,#12171,.F.);
#12171 = EDGE_CURVE('',#12148,#12164,#12172,.T.);
#12172 = LINE('',#12173,#12174);
#12173 = CARTESIAN_POINT('',(-322.,-326.5,650.));
#12174 = VECTOR('',#12175,1.);
#12175 = DIRECTION('',(1.,0.,0.));
#12176 = PLANE('',#12177);
#12177 = AXIS2_PLACEMENT_3D('',#12178,#12179,#12180);
#12178 = CARTESIAN_POINT('',(-326.5,-326.5,645.));
#12179 = DIRECTION('',(0.,1.,0.));
#12180 = DIRECTION('',(0.,0.,1.));
#12181 = ADVANCED_FACE('',(#12182),#12207,.F.);
#12182 = FACE_BOUND('',#12183,.F.);
#12183 = EDGE_LOOP('',(#12184,#12192,#12193,#12201));
#12184 = ORIENTED_EDGE('',*,*,#12185,.F.);
#12185 = EDGE_CURVE('',#12146,#12186,#12188,.T.);
#12186 = VERTEX_POINT('',#12187);
#12187 = CARTESIAN_POINT('',(-317.5,-324.5,960.));
#12188 = LINE('',#12189,#12190);
#12189 = CARTESIAN_POINT('',(-317.5,-330.5,960.));
#12190 = VECTOR('',#12191,1.);
#12191 = DIRECTION('',(0.,1.,0.));
#12192 = ORIENTED_EDGE('',*,*,#12145,.T.);
#12193 = ORIENTED_EDGE('',*,*,#12194,.T.);
#12194 = EDGE_CURVE('',#12148,#12195,#12197,.T.);
#12195 = VERTEX_POINT('',#12196);
#12196 = CARTESIAN_POINT('',(-317.5,-324.5,650.));
#12197 = LINE('',#12198,#12199);
#12198 = CARTESIAN_POINT('',(-317.5,-330.5,650.));
#12199 = VECTOR('',#12200,1.);
#12200 = DIRECTION('',(0.,1.,0.));
#12201 = ORIENTED_EDGE('',*,*,#12202,.F.);
#12202 = EDGE_CURVE('',#12186,#12195,#12203,.T.);
#12203 = LINE('',#12204,#12205);
#12204 = CARTESIAN_POINT('',(-317.5,-324.5,647.5));
#12205 = VECTOR('',#12206,1.);
#12206 = DIRECTION('',(0.,0.,-1.));
#12207 = PLANE('',#12208);
#12208 = AXIS2_PLACEMENT_3D('',#12209,#12210,#12211);
#12209 = CARTESIAN_POINT('',(-317.5,-330.5,650.));
#12210 = DIRECTION('',(1.,0.,0.));
#12211 = DIRECTION('',(0.,0.,1.));
#12212 = ADVANCED_FACE('',(#12213),#12231,.F.);
#12213 = FACE_BOUND('',#12214,.F.);
#12214 = EDGE_LOOP('',(#12215,#12216,#12217,#12225));
#12215 = ORIENTED_EDGE('',*,*,#12194,.F.);
#12216 = ORIENTED_EDGE('',*,*,#12171,.T.);
#12217 = ORIENTED_EDGE('',*,*,#12218,.T.);
#12218 = EDGE_CURVE('',#12164,#12219,#12221,.T.);
#12219 = VERTEX_POINT('',#12220);
#12220 = CARTESIAN_POINT('',(317.5,-324.5,650.));
#12221 = LINE('',#12222,#12223);
#12222 = CARTESIAN_POINT('',(317.5,-330.5,650.));
#12223 = VECTOR('',#12224,1.);
#12224 = DIRECTION('',(0.,1.,0.));
#12225 = ORIENTED_EDGE('',*,*,#12226,.F.);
#12226 = EDGE_CURVE('',#12195,#12219,#12227,.T.);
#12227 = LINE('',#12228,#12229);
#12228 = CARTESIAN_POINT('',(-321.,-324.5,650.));
#12229 = VECTOR('',#12230,1.);
#12230 = DIRECTION('',(1.,0.,0.));
#12231 = PLANE('',#12232);
#12232 = AXIS2_PLACEMENT_3D('',#12233,#12234,#12235);
#12233 = CARTESIAN_POINT('',(-317.5,-330.5,650.));
#12234 = DIRECTION('',(0.,0.,1.));
#12235 = DIRECTION('',(1.,0.,0.));
#12236 = ADVANCED_FACE('',(#12237),#12255,.T.);
#12237 = FACE_BOUND('',#12238,.T.);
#12238 = EDGE_LOOP('',(#12239,#12247,#12248,#12249));
#12239 = ORIENTED_EDGE('',*,*,#12240,.F.);
#12240 = EDGE_CURVE('',#12156,#12241,#12243,.T.);
#12241 = VERTEX_POINT('',#12242);
#12242 = CARTESIAN_POINT('',(317.5,-324.5,960.));
#12243 = LINE('',#12244,#12245);
#12244 = CARTESIAN_POINT('',(317.5,-330.5,960.));
#12245 = VECTOR('',#12246,1.);
#12246 = DIRECTION('',(0.,1.,0.));
#12247 = ORIENTED_EDGE('',*,*,#12163,.T.);
#12248 = ORIENTED_EDGE('',*,*,#12218,.T.);
#12249 = ORIENTED_EDGE('',*,*,#12250,.F.);
#12250 = EDGE_CURVE('',#12241,#12219,#12251,.T.);
#12251 = LINE('',#12252,#12253);
#12252 = CARTESIAN_POINT('',(317.5,-324.5,647.5));
#12253 = VECTOR('',#12254,1.);
#12254 = DIRECTION('',(0.,0.,-1.));
#12255 = PLANE('',#12256);
#12256 = AXIS2_PLACEMENT_3D('',#12257,#12258,#12259);
#12257 = CARTESIAN_POINT('',(317.5,-330.5,650.));
#12258 = DIRECTION('',(1.,0.,0.));
#12259 = DIRECTION('',(0.,0.,1.));
#12260 = ADVANCED_FACE('',(#12261),#12272,.T.);
#12261 = FACE_BOUND('',#12262,.T.);
#12262 = EDGE_LOOP('',(#12263,#12264,#12265,#12266));
#12263 = ORIENTED_EDGE('',*,*,#12185,.F.);
#12264 = ORIENTED_EDGE('',*,*,#12155,.T.);
#12265 = ORIENTED_EDGE('',*,*,#12240,.T.);
#12266 = ORIENTED_EDGE('',*,*,#12267,.F.);
#12267 = EDGE_CURVE('',#12186,#12241,#12268,.T.);
#12268 = LINE('',#12269,#12270);
#12269 = CARTESIAN_POINT('',(-321.,-324.5,960.));
#12270 = VECTOR('',#12271,1.);
#12271 = DIRECTION('',(1.,0.,0.));
#12272 = PLANE('',#12273);
#12273 = AXIS2_PLACEMENT_3D('',#12274,#12275,#12276);
#12274 = CARTESIAN_POINT('',(-317.5,-330.5,960.));
#12275 = DIRECTION('',(0.,0.,1.));
#12276 = DIRECTION('',(1.,0.,0.));
#12277 = ADVANCED_FACE('',(#12278),#12284,.T.);
#12278 = FACE_BOUND('',#12279,.T.);
#12279 = EDGE_LOOP('',(#12280,#12281,#12282,#12283));
#12280 = ORIENTED_EDGE('',*,*,#12202,.F.);
#12281 = ORIENTED_EDGE('',*,*,#12267,.T.);
#12282 = ORIENTED_EDGE('',*,*,#12250,.T.);
#12283 = ORIENTED_EDGE('',*,*,#12226,.F.);
#12284 = PLANE('',#12285);
#12285 = AXIS2_PLACEMENT_3D('',#12286,#12287,#12288);
#12286 = CARTESIAN_POINT('',(-324.5,-324.5,645.));
#12287 = DIRECTION('',(0.,1.,0.));
#12288 = DIRECTION('',(0.,0.,1.));
#12289 = MANIFOLD_SOLID_BREP('',#12290);
#12290 = CLOSED_SHELL('',(#12291,#12331,#12371,#12393,#12415,#12427));
#12291 = ADVANCED_FACE('',(#12292),#12326,.F.);
#12292 = FACE_BOUND('',#12293,.F.);
#12293 = EDGE_LOOP('',(#12294,#12304,#12312,#12320));
#12294 = ORIENTED_EDGE('',*,*,#12295,.F.);
#12295 = EDGE_CURVE('',#12296,#12298,#12300,.T.);
#12296 = VERTEX_POINT('',#12297);
#12297 = CARTESIAN_POINT('',(-326.5,-326.5,200.));
#12298 = VERTEX_POINT('',#12299);
#12299 = CARTESIAN_POINT('',(-326.5,-326.5,202.));
#12300 = LINE('',#12301,#12302);
#12301 = CARTESIAN_POINT('',(-326.5,-326.5,200.));
#12302 = VECTOR('',#12303,1.);
#12303 = DIRECTION('',(0.,0.,1.));
#12304 = ORIENTED_EDGE('',*,*,#12305,.T.);
#12305 = EDGE_CURVE('',#12296,#12306,#12308,.T.);
#12306 = VERTEX_POINT('',#12307);
#12307 = CARTESIAN_POINT('',(-326.5,326.5,200.));
#12308 = LINE('',#12309,#12310);
#12309 = CARTESIAN_POINT('',(-326.5,-326.5,200.));
#12310 = VECTOR('',#12311,1.);
#12311 = DIRECTION('',(0.,1.,0.));
#12312 = ORIENTED_EDGE('',*,*,#12313,.T.);
#12313 = EDGE_CURVE('',#12306,#12314,#12316,.T.);
#12314 = VERTEX_POINT('',#12315);
#12315 = CARTESIAN_POINT('',(-326.5,326.5,202.));
#12316 = LINE('',#12317,#12318);
#12317 = CARTESIAN_POINT('',(-326.5,326.5,200.));
#12318 = VECTOR('',#12319,1.);
#12319 = DIRECTION('',(0.,0.,1.));
#12320 = ORIENTED_EDGE('',*,*,#12321,.F.);
#12321 = EDGE_CURVE('',#12298,#12314,#12322,.T.);
#12322 = LINE('',#12323,#12324);
#12323 = CARTESIAN_POINT('',(-326.5,-326.5,202.));
#12324 = VECTOR('',#12325,1.);
#12325 = DIRECTION('',(0.,1.,0.));
#12326 = PLANE('',#12327);
#12327 = AXIS2_PLACEMENT_3D('',#12328,#12329,#12330);
#12328 = CARTESIAN_POINT('',(-326.5,-326.5,200.));
#12329 = DIRECTION('',(1.,0.,0.));
#12330 = DIRECTION('',(0.,0.,1.));
#12331 = ADVANCED_FACE('',(#12332),#12366,.T.);
#12332 = FACE_BOUND('',#12333,.T.);
#12333 = EDGE_LOOP('',(#12334,#12344,#12352,#12360));
#12334 = ORIENTED_EDGE('',*,*,#12335,.F.);
#12335 = EDGE_CURVE('',#12336,#12338,#12340,.T.);
#12336 = VERTEX_POINT('',#12337);
#12337 = CARTESIAN_POINT('',(326.5,-326.5,200.));
#12338 = VERTEX_POINT('',#12339);
#12339 = CARTESIAN_POINT('',(326.5,-326.5,202.));
#12340 = LINE('',#12341,#12342);
#12341 = CARTESIAN_POINT('',(326.5,-326.5,200.));
#12342 = VECTOR('',#12343,1.);
#12343 = DIRECTION('',(0.,0.,1.));
#12344 = ORIENTED_EDGE('',*,*,#12345,.T.);
#12345 = EDGE_CURVE('',#12336,#12346,#12348,.T.);
#12346 = VERTEX_POINT('',#12347);
#12347 = CARTESIAN_POINT('',(326.5,326.5,200.));
#12348 = LINE('',#12349,#12350);
#12349 = CARTESIAN_POINT('',(326.5,-326.5,200.));
#12350 = VECTOR('',#12351,1.);
#12351 = DIRECTION('',(0.,1.,0.));
#12352 = ORIENTED_EDGE('',*,*,#12353,.T.);
#12353 = EDGE_CURVE('',#12346,#12354,#12356,.T.);
#12354 = VERTEX_POINT('',#12355);
#12355 = CARTESIAN_POINT('',(326.5,326.5,202.));
#12356 = LINE('',#12357,#12358);
#12357 = CARTESIAN_POINT('',(326.5,326.5,200.));
#12358 = VECTOR('',#12359,1.);
#12359 = DIRECTION('',(0.,0.,1.));
#12360 = ORIENTED_EDGE('',*,*,#12361,.F.);
#12361 = EDGE_CURVE('',#12338,#12354,#12362,.T.);
#12362 = LINE('',#12363,#12364);
#12363 = CARTESIAN_POINT('',(326.5,-326.5,202.));
#12364 = VECTOR('',#12365,1.);
#12365 = DIRECTION('',(0.,1.,0.));
#12366 = PLANE('',#12367);
#12367 = AXIS2_PLACEMENT_3D('',#12368,#12369,#12370);
#12368 = CARTESIAN_POINT('',(326.5,-326.5,200.));
#12369 = DIRECTION('',(1.,0.,0.));
#12370 = DIRECTION('',(0.,0.,1.));
#12371 = ADVANCED_FACE('',(#12372),#12388,.F.);
#12372 = FACE_BOUND('',#12373,.F.);
#12373 = EDGE_LOOP('',(#12374,#12380,#12381,#12387));
#12374 = ORIENTED_EDGE('',*,*,#12375,.F.);
#12375 = EDGE_CURVE('',#12296,#12336,#12376,.T.);
#12376 = LINE('',#12377,#12378);
#12377 = CARTESIAN_POINT('',(-326.5,-326.5,200.));
#12378 = VECTOR('',#12379,1.);
#12379 = DIRECTION('',(1.,0.,0.));
#12380 = ORIENTED_EDGE('',*,*,#12295,.T.);
#12381 = ORIENTED_EDGE('',*,*,#12382,.T.);
#12382 = EDGE_CURVE('',#12298,#12338,#12383,.T.);
#12383 = LINE('',#12384,#12385);
#12384 = CARTESIAN_POINT('',(-326.5,-326.5,202.));
#12385 = VECTOR('',#12386,1.);
#12386 = DIRECTION('',(1.,0.,0.));
#12387 = ORIENTED_EDGE('',*,*,#12335,.F.);
#12388 = PLANE('',#12389);
#12389 = AXIS2_PLACEMENT_3D('',#12390,#12391,#12392);
#12390 = CARTESIAN_POINT('',(-326.5,-326.5,200.));
#12391 = DIRECTION('',(0.,1.,0.));
#12392 = DIRECTION('',(0.,0.,1.));
#12393 = ADVANCED_FACE('',(#12394),#12410,.T.);
#12394 = FACE_BOUND('',#12395,.T.);
#12395 = EDGE_LOOP('',(#12396,#12402,#12403,#12409));
#12396 = ORIENTED_EDGE('',*,*,#12397,.F.);
#12397 = EDGE_CURVE('',#12306,#12346,#12398,.T.);
#12398 = LINE('',#12399,#12400);
#12399 = CARTESIAN_POINT('',(-326.5,326.5,200.));
#12400 = VECTOR('',#12401,1.);
#12401 = DIRECTION('',(1.,0.,0.));
#12402 = ORIENTED_EDGE('',*,*,#12313,.T.);
#12403 = ORIENTED_EDGE('',*,*,#12404,.T.);
#12404 = EDGE_CURVE('',#12314,#12354,#12405,.T.);
#12405 = LINE('',#12406,#12407);
#12406 = CARTESIAN_POINT('',(-326.5,326.5,202.));
#12407 = VECTOR('',#12408,1.);
#12408 = DIRECTION('',(1.,0.,0.));
#12409 = ORIENTED_EDGE('',*,*,#12353,.F.);
#12410 = PLANE('',#12411);
#12411 = AXIS2_PLACEMENT_3D('',#12412,#12413,#12414);
#12412 = CARTESIAN_POINT('',(-326.5,326.5,200.));
#12413 = DIRECTION('',(0.,1.,0.));
#12414 = DIRECTION('',(0.,0.,1.));
#12415 = ADVANCED_FACE('',(#12416),#12422,.F.);
#12416 = FACE_BOUND('',#12417,.F.);
#12417 = EDGE_LOOP('',(#12418,#12419,#12420,#12421));
#12418 = ORIENTED_EDGE('',*,*,#12305,.F.);
#12419 = ORIENTED_EDGE('',*,*,#12375,.T.);
#12420 = ORIENTED_EDGE('',*,*,#12345,.T.);
#12421 = ORIENTED_EDGE('',*,*,#12397,.F.);
#12422 = PLANE('',#12423);
#12423 = AXIS2_PLACEMENT_3D('',#12424,#12425,#12426);
#12424 = CARTESIAN_POINT('',(-326.5,-326.5,200.));
#12425 = DIRECTION('',(0.,0.,1.));
#12426 = DIRECTION('',(1.,0.,0.));
#12427 = ADVANCED_FACE('',(#12428),#12434,.T.);
#12428 = FACE_BOUND('',#12429,.T.);
#12429 = EDGE_LOOP('',(#12430,#12431,#12432,#12433));
#12430 = ORIENTED_EDGE('',*,*,#12321,.F.);
#12431 = ORIENTED_EDGE('',*,*,#12382,.T.);
#12432 = ORIENTED_EDGE('',*,*,#12361,.T.);
#12433 = ORIENTED_EDGE('',*,*,#12404,.F.);
#12434 = PLANE('',#12435);
#12435 = AXIS2_PLACEMENT_3D('',#12436,#12437,#12438);
#12436 = CARTESIAN_POINT('',(-326.5,-326.5,202.));
#12437 = DIRECTION('',(0.,0.,1.));
#12438 = DIRECTION('',(1.,0.,0.));
#12439 = MANIFOLD_SOLID_BREP('',#12440);
#12440 = CLOSED_SHELL('',(#12441,#12481,#12512,#12570,#12594,#12645,
    #12657,#12679,#12696,#12713));
#12441 = ADVANCED_FACE('',(#12442),#12476,.F.);
#12442 = FACE_BOUND('',#12443,.F.);
#12443 = EDGE_LOOP('',(#12444,#12454,#12462,#12470));
#12444 = ORIENTED_EDGE('',*,*,#12445,.F.);
#12445 = EDGE_CURVE('',#12446,#12448,#12450,.T.);
#12446 = VERTEX_POINT('',#12447);
#12447 = CARTESIAN_POINT('',(-326.5,-326.5,963.));
#12448 = VERTEX_POINT('',#12449);
#12449 = CARTESIAN_POINT('',(-326.5,-326.5,965.));
#12450 = LINE('',#12451,#12452);
#12451 = CARTESIAN_POINT('',(-326.5,-326.5,963.));
#12452 = VECTOR('',#12453,1.);
#12453 = DIRECTION('',(0.,0.,1.));
#12454 = ORIENTED_EDGE('',*,*,#12455,.T.);
#12455 = EDGE_CURVE('',#12446,#12456,#12458,.T.);
#12456 = VERTEX_POINT('',#12457);
#12457 = CARTESIAN_POINT('',(-326.5,326.5,963.));
#12458 = LINE('',#12459,#12460);
#12459 = CARTESIAN_POINT('',(-326.5,-326.5,963.));
#12460 = VECTOR('',#12461,1.);
#12461 = DIRECTION('',(0.,1.,0.));
#12462 = ORIENTED_EDGE('',*,*,#12463,.T.);
#12463 = EDGE_CURVE('',#12456,#12464,#12466,.T.);
#12464 = VERTEX_POINT('',#12465);
#12465 = CARTESIAN_POINT('',(-326.5,326.5,965.));
#12466 = LINE('',#12467,#12468);
#12467 = CARTESIAN_POINT('',(-326.5,326.5,963.));
#12468 = VECTOR('',#12469,1.);
#12469 = DIRECTION('',(0.,0.,1.));
#12470 = ORIENTED_EDGE('',*,*,#12471,.F.);
#12471 = EDGE_CURVE('',#12448,#12464,#12472,.T.);
#12472 = LINE('',#12473,#12474);
#12473 = CARTESIAN_POINT('',(-326.5,-326.5,965.));
#12474 = VECTOR('',#12475,1.);
#12475 = DIRECTION('',(0.,1.,0.));
#12476 = PLANE('',#12477);
#12477 = AXIS2_PLACEMENT_3D('',#12478,#12479,#12480);
#12478 = CARTESIAN_POINT('',(-326.5,-326.5,963.));
#12479 = DIRECTION('',(1.,0.,0.));
#12480 = DIRECTION('',(0.,0.,1.));
#12481 = ADVANCED_FACE('',(#12482),#12507,.F.);
#12482 = FACE_BOUND('',#12483,.F.);
#12483 = EDGE_LOOP('',(#12484,#12492,#12493,#12501));
#12484 = ORIENTED_EDGE('',*,*,#12485,.F.);
#12485 = EDGE_CURVE('',#12446,#12486,#12488,.T.);
#12486 = VERTEX_POINT('',#12487);
#12487 = CARTESIAN_POINT('',(326.5,-326.5,963.));
#12488 = LINE('',#12489,#12490);
#12489 = CARTESIAN_POINT('',(-326.5,-326.5,963.));
#12490 = VECTOR('',#12491,1.);
#12491 = DIRECTION('',(1.,0.,0.));
#12492 = ORIENTED_EDGE('',*,*,#12445,.T.);
#12493 = ORIENTED_EDGE('',*,*,#12494,.T.);
#12494 = EDGE_CURVE('',#12448,#12495,#12497,.T.);
#12495 = VERTEX_POINT('',#12496);
#12496 = CARTESIAN_POINT('',(326.5,-326.5,965.));
#12497 = LINE('',#12498,#12499);
#12498 = CARTESIAN_POINT('',(-326.5,-326.5,965.));
#12499 = VECTOR('',#12500,1.);
#12500 = DIRECTION('',(1.,0.,0.));
#12501 = ORIENTED_EDGE('',*,*,#12502,.F.);
#12502 = EDGE_CURVE('',#12486,#12495,#12503,.T.);
#12503 = LINE('',#12504,#12505);
#12504 = CARTESIAN_POINT('',(326.5,-326.5,963.));
#12505 = VECTOR('',#12506,1.);
#12506 = DIRECTION('',(0.,0.,1.));
#12507 = PLANE('',#12508);
#12508 = AXIS2_PLACEMENT_3D('',#12509,#12510,#12511);
#12509 = CARTESIAN_POINT('',(-326.5,-326.5,963.));
#12510 = DIRECTION('',(0.,1.,0.));
#12511 = DIRECTION('',(0.,0.,1.));
#12512 = ADVANCED_FACE('',(#12513,#12531),#12565,.T.);
#12513 = FACE_BOUND('',#12514,.T.);
#12514 = EDGE_LOOP('',(#12515,#12516,#12517,#12525));
#12515 = ORIENTED_EDGE('',*,*,#12471,.F.);
#12516 = ORIENTED_EDGE('',*,*,#12494,.T.);
#12517 = ORIENTED_EDGE('',*,*,#12518,.T.);
#12518 = EDGE_CURVE('',#12495,#12519,#12521,.T.);
#12519 = VERTEX_POINT('',#12520);
#12520 = CARTESIAN_POINT('',(326.5,326.5,965.));
#12521 = LINE('',#12522,#12523);
#12522 = CARTESIAN_POINT('',(326.5,-326.5,965.));
#12523 = VECTOR('',#12524,1.);
#12524 = DIRECTION('',(0.,1.,0.));
#12525 = ORIENTED_EDGE('',*,*,#12526,.F.);
#12526 = EDGE_CURVE('',#12464,#12519,#12527,.T.);
#12527 = LINE('',#12528,#12529);
#12528 = CARTESIAN_POINT('',(-326.5,326.5,965.));
#12529 = VECTOR('',#12530,1.);
#12530 = DIRECTION('',(1.,0.,0.));
#12531 = FACE_BOUND('',#12532,.T.);
#12532 = EDGE_LOOP('',(#12533,#12543,#12551,#12559));
#12533 = ORIENTED_EDGE('',*,*,#12534,.F.);
#12534 = EDGE_CURVE('',#12535,#12537,#12539,.T.);
#12535 = VERTEX_POINT('',#12536);
#12536 = CARTESIAN_POINT('',(-281.5,-281.5,965.));
#12537 = VERTEX_POINT('',#12538);
#12538 = CARTESIAN_POINT('',(281.5,-281.5,965.));
#12539 = LINE('',#12540,#12541);
#12540 = CARTESIAN_POINT('',(-281.5,-281.5,965.));
#12541 = VECTOR('',#12542,1.);
#12542 = DIRECTION('',(1.,0.,0.));
#12543 = ORIENTED_EDGE('',*,*,#12544,.T.);
#12544 = EDGE_CURVE('',#12535,#12545,#12547,.T.);
#12545 = VERTEX_POINT('',#12546);
#12546 = CARTESIAN_POINT('',(-281.5,281.5,965.));
#12547 = LINE('',#12548,#12549);
#12548 = CARTESIAN_POINT('',(-281.5,-281.5,965.));
#12549 = VECTOR('',#12550,1.);
#12550 = DIRECTION('',(0.,1.,0.));
#12551 = ORIENTED_EDGE('',*,*,#12552,.T.);
#12552 = EDGE_CURVE('',#12545,#12553,#12555,.T.);
#12553 = VERTEX_POINT('',#12554);
#12554 = CARTESIAN_POINT('',(281.5,281.5,965.));
#12555 = LINE('',#12556,#12557);
#12556 = CARTESIAN_POINT('',(-281.5,281.5,965.));
#12557 = VECTOR('',#12558,1.);
#12558 = DIRECTION('',(1.,0.,0.));
#12559 = ORIENTED_EDGE('',*,*,#12560,.F.);
#12560 = EDGE_CURVE('',#12537,#12553,#12561,.T.);
#12561 = LINE('',#12562,#12563);
#12562 = CARTESIAN_POINT('',(281.5,-281.5,965.));
#12563 = VECTOR('',#12564,1.);
#12564 = DIRECTION('',(0.,1.,0.));
#12565 = PLANE('',#12566);
#12566 = AXIS2_PLACEMENT_3D('',#12567,#12568,#12569);
#12567 = CARTESIAN_POINT('',(-326.5,-326.5,965.));
#12568 = DIRECTION('',(0.,0.,1.));
#12569 = DIRECTION('',(1.,0.,0.));
#12570 = ADVANCED_FACE('',(#12571),#12589,.T.);
#12571 = FACE_BOUND('',#12572,.T.);
#12572 = EDGE_LOOP('',(#12573,#12581,#12582,#12583));
#12573 = ORIENTED_EDGE('',*,*,#12574,.F.);
#12574 = EDGE_CURVE('',#12456,#12575,#12577,.T.);
#12575 = VERTEX_POINT('',#12576);
#12576 = CARTESIAN_POINT('',(326.5,326.5,963.));
#12577 = LINE('',#12578,#12579);
#12578 = CARTESIAN_POINT('',(-326.5,326.5,963.));
#12579 = VECTOR('',#12580,1.);
#12580 = DIRECTION('',(1.,0.,0.));
#12581 = ORIENTED_EDGE('',*,*,#12463,.T.);
#12582 = ORIENTED_EDGE('',*,*,#12526,.T.);
#12583 = ORIENTED_EDGE('',*,*,#12584,.F.);
#12584 = EDGE_CURVE('',#12575,#12519,#12585,.T.);
#12585 = LINE('',#12586,#12587);
#12586 = CARTESIAN_POINT('',(326.5,326.5,963.));
#12587 = VECTOR('',#12588,1.);
#12588 = DIRECTION('',(0.,0.,1.));
#12589 = PLANE('',#12590);
#12590 = AXIS2_PLACEMENT_3D('',#12591,#12592,#12593);
#12591 = CARTESIAN_POINT('',(-326.5,326.5,963.));
#12592 = DIRECTION('',(0.,1.,0.));
#12593 = DIRECTION('',(0.,0.,1.));
#12594 = ADVANCED_FACE('',(#12595,#12606),#12640,.F.);
#12595 = FACE_BOUND('',#12596,.F.);
#12596 = EDGE_LOOP('',(#12597,#12598,#12599,#12605));
#12597 = ORIENTED_EDGE('',*,*,#12455,.F.);
#12598 = ORIENTED_EDGE('',*,*,#12485,.T.);
#12599 = ORIENTED_EDGE('',*,*,#12600,.T.);
#12600 = EDGE_CURVE('',#12486,#12575,#12601,.T.);
#12601 = LINE('',#12602,#12603);
#12602 = CARTESIAN_POINT('',(326.5,-326.5,963.));
#12603 = VECTOR('',#12604,1.);
#12604 = DIRECTION('',(0.,1.,0.));
#12605 = ORIENTED_EDGE('',*,*,#12574,.F.);
#12606 = FACE_BOUND('',#12607,.F.);
#12607 = EDGE_LOOP('',(#12608,#12618,#12626,#12634));
#12608 = ORIENTED_EDGE('',*,*,#12609,.F.);
#12609 = EDGE_CURVE('',#12610,#12612,#12614,.T.);
#12610 = VERTEX_POINT('',#12611);
#12611 = CARTESIAN_POINT('',(-281.5,-281.5,963.));
#12612 = VERTEX_POINT('',#12613);
#12613 = CARTESIAN_POINT('',(281.5,-281.5,963.));
#12614 = LINE('',#12615,#12616);
#12615 = CARTESIAN_POINT('',(-281.5,-281.5,963.));
#12616 = VECTOR('',#12617,1.);
#12617 = DIRECTION('',(1.,0.,0.));
#12618 = ORIENTED_EDGE('',*,*,#12619,.T.);
#12619 = EDGE_CURVE('',#12610,#12620,#12622,.T.);
#12620 = VERTEX_POINT('',#12621);
#12621 = CARTESIAN_POINT('',(-281.5,281.5,963.));
#12622 = LINE('',#12623,#12624);
#12623 = CARTESIAN_POINT('',(-281.5,-281.5,963.));
#12624 = VECTOR('',#12625,1.);
#12625 = DIRECTION('',(0.,1.,0.));
#12626 = ORIENTED_EDGE('',*,*,#12627,.T.);
#12627 = EDGE_CURVE('',#12620,#12628,#12630,.T.);
#12628 = VERTEX_POINT('',#12629);
#12629 = CARTESIAN_POINT('',(281.5,281.5,963.));
#12630 = LINE('',#12631,#12632);
#12631 = CARTESIAN_POINT('',(-281.5,281.5,963.));
#12632 = VECTOR('',#12633,1.);
#12633 = DIRECTION('',(1.,0.,0.));
#12634 = ORIENTED_EDGE('',*,*,#12635,.F.);
#12635 = EDGE_CURVE('',#12612,#12628,#12636,.T.);
#12636 = LINE('',#12637,#12638);
#12637 = CARTESIAN_POINT('',(281.5,-281.5,963.));
#12638 = VECTOR('',#12639,1.);
#12639 = DIRECTION('',(0.,1.,0.));
#12640 = PLANE('',#12641);
#12641 = AXIS2_PLACEMENT_3D('',#12642,#12643,#12644);
#12642 = CARTESIAN_POINT('',(-326.5,-326.5,963.));
#12643 = DIRECTION('',(0.,0.,1.));
#12644 = DIRECTION('',(1.,0.,0.));
#12645 = ADVANCED_FACE('',(#12646),#12652,.T.);
#12646 = FACE_BOUND('',#12647,.T.);
#12647 = EDGE_LOOP('',(#12648,#12649,#12650,#12651));
#12648 = ORIENTED_EDGE('',*,*,#12502,.F.);
#12649 = ORIENTED_EDGE('',*,*,#12600,.T.);
#12650 = ORIENTED_EDGE('',*,*,#12584,.T.);
#12651 = ORIENTED_EDGE('',*,*,#12518,.F.);
#12652 = PLANE('',#12653);
#12653 = AXIS2_PLACEMENT_3D('',#12654,#12655,#12656);
#12654 = CARTESIAN_POINT('',(326.5,-326.5,963.));
#12655 = DIRECTION('',(1.,0.,0.));
#12656 = DIRECTION('',(0.,0.,1.));
#12657 = ADVANCED_FACE('',(#12658),#12674,.T.);
#12658 = FACE_BOUND('',#12659,.T.);
#12659 = EDGE_LOOP('',(#12660,#12661,#12667,#12668));
#12660 = ORIENTED_EDGE('',*,*,#12609,.F.);
#12661 = ORIENTED_EDGE('',*,*,#12662,.T.);
#12662 = EDGE_CURVE('',#12610,#12535,#12663,.T.);
#12663 = LINE('',#12664,#12665);
#12664 = CARTESIAN_POINT('',(-281.5,-281.5,963.));
#12665 = VECTOR('',#12666,1.);
#12666 = DIRECTION('',(0.,0.,1.));
#12667 = ORIENTED_EDGE('',*,*,#12534,.T.);
#12668 = ORIENTED_EDGE('',*,*,#12669,.F.);
#12669 = EDGE_CURVE('',#12612,#12537,#12670,.T.);
#12670 = LINE('',#12671,#12672);
#12671 = CARTESIAN_POINT('',(281.5,-281.5,963.));
#12672 = VECTOR('',#12673,1.);
#12673 = DIRECTION('',(0.,0.,1.));
#12674 = PLANE('',#12675);
#12675 = AXIS2_PLACEMENT_3D('',#12676,#12677,#12678);
#12676 = CARTESIAN_POINT('',(-281.5,-281.5,963.));
#12677 = DIRECTION('',(0.,1.,0.));
#12678 = DIRECTION('',(0.,0.,1.));
#12679 = ADVANCED_FACE('',(#12680),#12691,.F.);
#12680 = FACE_BOUND('',#12681,.F.);
#12681 = EDGE_LOOP('',(#12682,#12683,#12684,#12690));
#12682 = ORIENTED_EDGE('',*,*,#12669,.F.);
#12683 = ORIENTED_EDGE('',*,*,#12635,.T.);
#12684 = ORIENTED_EDGE('',*,*,#12685,.T.);
#12685 = EDGE_CURVE('',#12628,#12553,#12686,.T.);
#12686 = LINE('',#12687,#12688);
#12687 = CARTESIAN_POINT('',(281.5,281.5,963.));
#12688 = VECTOR('',#12689,1.);
#12689 = DIRECTION('',(0.,0.,1.));
#12690 = ORIENTED_EDGE('',*,*,#12560,.F.);
#12691 = PLANE('',#12692);
#12692 = AXIS2_PLACEMENT_3D('',#12693,#12694,#12695);
#12693 = CARTESIAN_POINT('',(281.5,-281.5,963.));
#12694 = DIRECTION('',(1.,0.,0.));
#12695 = DIRECTION('',(0.,0.,1.));
#12696 = ADVANCED_FACE('',(#12697),#12708,.F.);
#12697 = FACE_BOUND('',#12698,.F.);
#12698 = EDGE_LOOP('',(#12699,#12700,#12706,#12707));
#12699 = ORIENTED_EDGE('',*,*,#12627,.F.);
#12700 = ORIENTED_EDGE('',*,*,#12701,.T.);
#12701 = EDGE_CURVE('',#12620,#12545,#12702,.T.);
#12702 = LINE('',#12703,#12704);
#12703 = CARTESIAN_POINT('',(-281.5,281.5,963.));
#12704 = VECTOR('',#12705,1.);
#12705 = DIRECTION('',(0.,0.,1.));
#12706 = ORIENTED_EDGE('',*,*,#12552,.T.);
#12707 = ORIENTED_EDGE('',*,*,#12685,.F.);
#12708 = PLANE('',#12709);
#12709 = AXIS2_PLACEMENT_3D('',#12710,#12711,#12712);
#12710 = CARTESIAN_POINT('',(-281.5,281.5,963.));
#12711 = DIRECTION('',(0.,1.,0.));
#12712 = DIRECTION('',(0.,0.,1.));
#12713 = ADVANCED_FACE('',(#12714),#12720,.T.);
#12714 = FACE_BOUND('',#12715,.T.);
#12715 = EDGE_LOOP('',(#12716,#12717,#12718,#12719));
#12716 = ORIENTED_EDGE('',*,*,#12662,.F.);
#12717 = ORIENTED_EDGE('',*,*,#12619,.T.);
#12718 = ORIENTED_EDGE('',*,*,#12701,.T.);
#12719 = ORIENTED_EDGE('',*,*,#12544,.F.);
#12720 = PLANE('',#12721);
#12721 = AXIS2_PLACEMENT_3D('',#12722,#12723,#12724);
#12722 = CARTESIAN_POINT('',(-281.5,-281.5,963.));
#12723 = DIRECTION('',(1.,0.,0.));
#12724 = DIRECTION('',(0.,0.,1.));
#12725 = ( GEOMETRIC_REPRESENTATION_CONTEXT(3) 
GLOBAL_UNCERTAINTY_ASSIGNED_CONTEXT((#12729)) 
GLOBAL_UNIT_ASSIGNED_CONTEXT((#12726,#12727,#12728)) 
REPRESENTATION_CONTEXT('Context #1',
  '3D Context with UNIT and UNCERTAINTY') );
#12726 = ( LENGTH_UNIT() NAMED_UNIT(*) SI_UNIT(.MILLI.,.METRE.) );
#12727 = ( NAMED_UNIT(*) PLANE_ANGLE_UNIT() SI_UNIT($,.RADIAN.) );
#12728 = ( NAMED_UNIT(*) SI_UNIT($,.STERADIAN.) SOLID_ANGLE_UNIT() );
#12729 = UNCERTAINTY_MEASURE_WITH_UNIT(LENGTH_MEASURE(1.E-07),#12726,
  'distance_accuracy_value','confusion accuracy');
#12730 = PRODUCT_RELATED_PRODUCT_CATEGORY('part',$,(#7));
ENDSEC;
END-ISO-10303-21;
