ISO-10303-21;
HEADER;
FILE_DESCRIPTION(('FreeCAD Model'),'2;1');
FILE_NAME('Open CASCADE Shape Model','2026-10-02T22:36:16',('FreeCAD'),(
    'FreeCAD'),'Open CASCADE STEP processor 7.8','FreeCAD','Unknown');
FILE_SCHEMA(('AUTOMOTIVE_DESIGN { 1 0 10303 214 1 1 1 1 }'));
ENDSEC;
DATA;
#1 = APPLICATION_PROTOCOL_DEFINITION('international standard',
  'automotive_design',2000,#2);
#2 = APPLICATION_CONTEXT(
  'core data for automotive mechanical design processes');
#3 = SHAPE_DEFINITION_REPRESENTATION(#4,#10);
#4 = PRODUCT_DEFINITION_SHAPE('','',#5);
#5 = PRODUCT_DEFINITION('design','',#6,#9);
#6 = PRODUCT_DEFINITION_FORMATION('','',#7);
#7 = PRODUCT('Open CASCADE STEP translator 7.8 2',
  'Open CASCADE STEP translator 7.8 2','',(#8));
#8 = PRODUCT_CONTEXT('',#2,'mechanical');
#9 = PRODUCT_DEFINITION_CONTEXT('part definition',#2,'design');
#10 = SHAPE_REPRESENTATION('',(#11,#15,#1557,#1711,#1865,#2015,#2165,
    #2354,#2543,#2829,#3115,#3265,#3761,#3853,#3945,#4245,#4545,#4845,
    #5145,#5445,#5745,#6045,#6345,#6645,#6945,#7245,#7545,#7831,#8117,
    #8403,#8689,#8975,#9261,#9547,#9833,#10119,#10405,#10691,#10977,
    #11263,#11549,#11835),#12121);
#11 = AXIS2_PLACEMENT_3D('',#12,#13,#14);
#12 = CARTESIAN_POINT('',(0.,0.,0.));
#13 = DIRECTION('',(0.,0.,1.));
#14 = DIRECTION('',(1.,0.,-0.));
#15 = MANIFOLD_SOLID_BREP('',#16);
#16 = CLOSED_SHELL('',(#17,#433,#453,#495,#519,#554,#574,#591,#623,#647,
    #671,#689,#721,#745,#770,#787,#819,#843,#868,#885,#917,#941,#966,
    #983,#1015,#1039,#1064,#1081,#1113,#1137,#1161,#1179,#1211,#1235,
    #1260,#1277,#1309,#1333,#1358,#1375,#1407,#1431,#1456,#1473));
#17 = ADVANCED_FACE('',(#18,#104,#140,#176,#212,#248,#284,#320,#356,#392
    ),#428,.T.);
#18 = FACE_BOUND('',#19,.F.);
#19 = EDGE_LOOP('',(#20,#29,#37,#46,#54,#63,#71,#78,#79,#88,#96,#103));
#20 = ORIENTED_EDGE('',*,*,#21,.F.);
#21 = EDGE_CURVE('',#22,#22,#24,.T.);
#22 = VERTEX_POINT('',#23);
#23 = CARTESIAN_POINT('',(477.,-1.17E-13,150.));
#24 = CIRCLE('',#25,477.);
#25 = AXIS2_PLACEMENT_3D('',#26,#27,#28);
#26 = CARTESIAN_POINT('',(0.,0.,150.));
#27 = DIRECTION('',(0.,0.,1.));
#28 = DIRECTION('',(1.,0.,0.));
#29 = ORIENTED_EDGE('',*,*,#30,.T.);
#30 = EDGE_CURVE('',#22,#31,#33,.T.);
#31 = VERTEX_POINT('',#32);
#32 = CARTESIAN_POINT('',(477.,-1.17E-13,230.));
#33 = LINE('',#34,#35);
#34 = CARTESIAN_POINT('',(477.,-1.1683E-13,150.));
#35 = VECTOR('',#36,1.);
#36 = DIRECTION('',(0.,0.,1.));
#37 = ORIENTED_EDGE('',*,*,#38,.F.);
#38 = EDGE_CURVE('',#39,#31,#41,.T.);
#39 = VERTEX_POINT('',#40);
#40 = CARTESIAN_POINT('',(470.24355391647,80.,230.));
#41 = CIRCLE('',#42,477.);
#42 = AXIS2_PLACEMENT_3D('',#43,#44,#45);
#43 = CARTESIAN_POINT('',(0.,0.,230.));
#44 = DIRECTION('',(0.,0.,-1.));
#45 = DIRECTION('',(1.,0.,0.));
#46 = ORIENTED_EDGE('',*,*,#47,.F.);
#47 = EDGE_CURVE('',#48,#39,#50,.T.);
#48 = VERTEX_POINT('',#49);
#49 = CARTESIAN_POINT('',(470.24355391647,80.,370.));
#50 = LINE('',#51,#52);
#51 = CARTESIAN_POINT('',(470.24355391647,80.,150.));
#52 = VECTOR('',#53,1.);
#53 = DIRECTION('',(-0.,-0.,-1.));
#54 = ORIENTED_EDGE('',*,*,#55,.T.);
#55 = EDGE_CURVE('',#48,#56,#58,.T.);
#56 = VERTEX_POINT('',#57);
#57 = CARTESIAN_POINT('',(477.,-1.17E-13,370.));
#58 = CIRCLE('',#59,477.);
#59 = AXIS2_PLACEMENT_3D('',#60,#61,#62);
#60 = CARTESIAN_POINT('',(0.,0.,370.));
#61 = DIRECTION('',(0.,0.,-1.));
#62 = DIRECTION('',(1.,0.,0.));
#63 = ORIENTED_EDGE('',*,*,#64,.T.);
#64 = EDGE_CURVE('',#56,#65,#67,.T.);
#65 = VERTEX_POINT('',#66);
#66 = CARTESIAN_POINT('',(477.,-1.17E-13,2.215E+03));
#67 = LINE('',#68,#69);
#68 = CARTESIAN_POINT('',(477.,-1.1683E-13,150.));
#69 = VECTOR('',#70,1.);
#70 = DIRECTION('',(0.,0.,1.));
#71 = ORIENTED_EDGE('',*,*,#72,.T.);
#72 = EDGE_CURVE('',#65,#65,#73,.T.);
#73 = CIRCLE('',#74,477.);
#74 = AXIS2_PLACEMENT_3D('',#75,#76,#77);
#75 = CARTESIAN_POINT('',(0.,0.,2.215E+03));
#76 = DIRECTION('',(0.,0.,1.));
#77 = DIRECTION('',(1.,0.,0.));
#78 = ORIENTED_EDGE('',*,*,#64,.F.);
#79 = ORIENTED_EDGE('',*,*,#80,.T.);
#80 = EDGE_CURVE('',#56,#81,#83,.T.);
#81 = VERTEX_POINT('',#82);
#82 = CARTESIAN_POINT('',(470.24355391647,-80.,370.));
#83 = CIRCLE('',#84,477.);
#84 = AXIS2_PLACEMENT_3D('',#85,#86,#87);
#85 = CARTESIAN_POINT('',(0.,0.,370.));
#86 = DIRECTION('',(0.,0.,-1.));
#87 = DIRECTION('',(1.,0.,0.));
#88 = ORIENTED_EDGE('',*,*,#89,.T.);
#89 = EDGE_CURVE('',#81,#90,#92,.T.);
#90 = VERTEX_POINT('',#91);
#91 = CARTESIAN_POINT('',(470.24355391647,-80.,230.));
#92 = LINE('',#93,#94);
#93 = CARTESIAN_POINT('',(470.24355391647,-80.,150.));
#94 = VECTOR('',#95,1.);
#95 = DIRECTION('',(-0.,-0.,-1.));
#96 = ORIENTED_EDGE('',*,*,#97,.F.);
#97 = EDGE_CURVE('',#31,#90,#98,.T.);
#98 = CIRCLE('',#99,477.);
#99 = AXIS2_PLACEMENT_3D('',#100,#101,#102);
#100 = CARTESIAN_POINT('',(0.,0.,230.));
#101 = DIRECTION('',(0.,0.,-1.));
#102 = DIRECTION('',(1.,0.,0.));
#103 = ORIENTED_EDGE('',*,*,#30,.F.);
#104 = FACE_BOUND('',#105,.F.);
#105 = EDGE_LOOP('',(#106,#117,#125,#134));
#106 = ORIENTED_EDGE('',*,*,#107,.T.);
#107 = EDGE_CURVE('',#108,#110,#112,.T.);
#108 = VERTEX_POINT('',#109);
#109 = CARTESIAN_POINT('',(325.,-349.1475332864,965.));
#110 = VERTEX_POINT('',#111);
#111 = CARTESIAN_POINT('',(-325.,-349.1475332864,965.));
#112 = CIRCLE('',#113,477.);
#113 = AXIS2_PLACEMENT_3D('',#114,#115,#116);
#114 = CARTESIAN_POINT('',(0.,0.,965.));
#115 = DIRECTION('',(0.,0.,-1.));
#116 = DIRECTION('',(1.,0.,0.));
#117 = ORIENTED_EDGE('',*,*,#118,.T.);
#118 = EDGE_CURVE('',#110,#119,#121,.T.);
#119 = VERTEX_POINT('',#120);
#120 = CARTESIAN_POINT('',(-325.,-349.1475332864,625.));
#121 = LINE('',#122,#123);
#122 = CARTESIAN_POINT('',(-325.,-349.1475332864,150.));
#123 = VECTOR('',#124,1.);
#124 = DIRECTION('',(-0.,-0.,-1.));
#125 = ORIENTED_EDGE('',*,*,#126,.F.);
#126 = EDGE_CURVE('',#127,#119,#129,.T.);
#127 = VERTEX_POINT('',#128);
#128 = CARTESIAN_POINT('',(325.,-349.1475332864,625.));
#129 = CIRCLE('',#130,477.);
#130 = AXIS2_PLACEMENT_3D('',#131,#132,#133);
#131 = CARTESIAN_POINT('',(0.,0.,625.));
#132 = DIRECTION('',(0.,0.,-1.));
#133 = DIRECTION('',(1.,0.,0.));
#134 = ORIENTED_EDGE('',*,*,#135,.F.);
#135 = EDGE_CURVE('',#108,#127,#136,.T.);
#136 = LINE('',#137,#138);
#137 = CARTESIAN_POINT('',(325.,-349.1475332864,150.));
#138 = VECTOR('',#139,1.);
#139 = DIRECTION('',(-0.,-0.,-1.));
#140 = FACE_BOUND('',#141,.F.);
#141 = EDGE_LOOP('',(#142,#153,#161,#170));
#142 = ORIENTED_EDGE('',*,*,#143,.T.);
#143 = EDGE_CURVE('',#144,#146,#148,.T.);
#144 = VERTEX_POINT('',#145);
#145 = CARTESIAN_POINT('',(275.94386328868,389.08094827852,370.));
#146 = VERTEX_POINT('',#147);
#147 = CARTESIAN_POINT('',(389.08094827852,275.94386328868,370.));
#148 = CIRCLE('',#149,477.);
#149 = AXIS2_PLACEMENT_3D('',#150,#151,#152);
#150 = CARTESIAN_POINT('',(0.,0.,370.));
#151 = DIRECTION('',(0.,0.,-1.));
#152 = DIRECTION('',(1.,0.,0.));
#153 = ORIENTED_EDGE('',*,*,#154,.T.);
#154 = EDGE_CURVE('',#146,#155,#157,.T.);
#155 = VERTEX_POINT('',#156);
#156 = CARTESIAN_POINT('',(389.08094827852,275.94386328868,230.));
#157 = LINE('',#158,#159);
#158 = CARTESIAN_POINT('',(389.08094827852,275.94386328868,150.));
#159 = VECTOR('',#160,1.);
#160 = DIRECTION('',(-0.,-0.,-1.));
#161 = ORIENTED_EDGE('',*,*,#162,.F.);
#162 = EDGE_CURVE('',#163,#155,#165,.T.);
#163 = VERTEX_POINT('',#164);
#164 = CARTESIAN_POINT('',(275.94386328868,389.08094827852,230.));
#165 = CIRCLE('',#166,477.);
#166 = AXIS2_PLACEMENT_3D('',#167,#168,#169);
#167 = CARTESIAN_POINT('',(0.,0.,230.));
#168 = DIRECTION('',(0.,0.,-1.));
#169 = DIRECTION('',(1.,0.,0.));
#170 = ORIENTED_EDGE('',*,*,#171,.F.);
#171 = EDGE_CURVE('',#144,#163,#172,.T.);
#172 = LINE('',#173,#174);
#173 = CARTESIAN_POINT('',(275.94386328868,389.08094827852,150.));
#174 = VECTOR('',#175,1.);
#175 = DIRECTION('',(-0.,-0.,-1.));
#176 = FACE_BOUND('',#177,.F.);
#177 = EDGE_LOOP('',(#178,#189,#197,#206));
#178 = ORIENTED_EDGE('',*,*,#179,.T.);
#179 = EDGE_CURVE('',#180,#182,#184,.T.);
#180 = VERTEX_POINT('',#181);
#181 = CARTESIAN_POINT('',(-80.,470.24355391647,370.));
#182 = VERTEX_POINT('',#183);
#183 = CARTESIAN_POINT('',(80.,470.24355391647,370.));
#184 = CIRCLE('',#185,477.);
#185 = AXIS2_PLACEMENT_3D('',#186,#187,#188);
#186 = CARTESIAN_POINT('',(0.,0.,370.));
#187 = DIRECTION('',(0.,0.,-1.));
#188 = DIRECTION('',(1.,0.,0.));
#189 = ORIENTED_EDGE('',*,*,#190,.T.);
#190 = EDGE_CURVE('',#182,#191,#193,.T.);
#191 = VERTEX_POINT('',#192);
#192 = CARTESIAN_POINT('',(80.,470.24355391647,230.));
#193 = LINE('',#194,#195);
#194 = CARTESIAN_POINT('',(80.,470.24355391647,150.));
#195 = VECTOR('',#196,1.);
#196 = DIRECTION('',(-0.,-0.,-1.));
#197 = ORIENTED_EDGE('',*,*,#198,.F.);
#198 = EDGE_CURVE('',#199,#191,#201,.T.);
#199 = VERTEX_POINT('',#200);
#200 = CARTESIAN_POINT('',(-80.,470.24355391647,230.));
#201 = CIRCLE('',#202,477.);
#202 = AXIS2_PLACEMENT_3D('',#203,#204,#205);
#203 = CARTESIAN_POINT('',(0.,0.,230.));
#204 = DIRECTION('',(0.,0.,-1.));
#205 = DIRECTION('',(1.,0.,0.));
#206 = ORIENTED_EDGE('',*,*,#207,.F.);
#207 = EDGE_CURVE('',#180,#199,#208,.T.);
#208 = LINE('',#209,#210);
#209 = CARTESIAN_POINT('',(-80.,470.24355391647,150.));
#210 = VECTOR('',#211,1.);
#211 = DIRECTION('',(-0.,-0.,-1.));
#212 = FACE_BOUND('',#213,.F.);
#213 = EDGE_LOOP('',(#214,#225,#233,#242));
#214 = ORIENTED_EDGE('',*,*,#215,.T.);
#215 = EDGE_CURVE('',#216,#218,#220,.T.);
#216 = VERTEX_POINT('',#217);
#217 = CARTESIAN_POINT('',(-389.0809482785,275.94386328868,370.));
#218 = VERTEX_POINT('',#219);
#219 = CARTESIAN_POINT('',(-275.9438632886,389.08094827852,370.));
#220 = CIRCLE('',#221,477.);
#221 = AXIS2_PLACEMENT_3D('',#222,#223,#224);
#222 = CARTESIAN_POINT('',(0.,0.,370.));
#223 = DIRECTION('',(0.,0.,-1.));
#224 = DIRECTION('',(1.,0.,0.));
#225 = ORIENTED_EDGE('',*,*,#226,.T.);
#226 = EDGE_CURVE('',#218,#227,#229,.T.);
#227 = VERTEX_POINT('',#228);
#228 = CARTESIAN_POINT('',(-275.9438632886,389.08094827852,230.));
#229 = LINE('',#230,#231);
#230 = CARTESIAN_POINT('',(-275.9438632886,389.08094827852,150.));
#231 = VECTOR('',#232,1.);
#232 = DIRECTION('',(-0.,-0.,-1.));
#233 = ORIENTED_EDGE('',*,*,#234,.F.);
#234 = EDGE_CURVE('',#235,#227,#237,.T.);
#235 = VERTEX_POINT('',#236);
#236 = CARTESIAN_POINT('',(-389.0809482785,275.94386328868,230.));
#237 = CIRCLE('',#238,477.);
#238 = AXIS2_PLACEMENT_3D('',#239,#240,#241);
#239 = CARTESIAN_POINT('',(0.,0.,230.));
#240 = DIRECTION('',(0.,0.,-1.));
#241 = DIRECTION('',(1.,0.,0.));
#242 = ORIENTED_EDGE('',*,*,#243,.F.);
#243 = EDGE_CURVE('',#216,#235,#244,.T.);
#244 = LINE('',#245,#246);
#245 = CARTESIAN_POINT('',(-389.0809482785,275.94386328868,150.));
#246 = VECTOR('',#247,1.);
#247 = DIRECTION('',(-0.,-0.,-1.));
#248 = FACE_BOUND('',#249,.F.);
#249 = EDGE_LOOP('',(#250,#261,#269,#278));
#250 = ORIENTED_EDGE('',*,*,#251,.T.);
#251 = EDGE_CURVE('',#252,#254,#256,.T.);
#252 = VERTEX_POINT('',#253);
#253 = CARTESIAN_POINT('',(-470.2435539164,-80.,370.));
#254 = VERTEX_POINT('',#255);
#255 = CARTESIAN_POINT('',(-470.2435539164,80.,370.));
#256 = CIRCLE('',#257,477.);
#257 = AXIS2_PLACEMENT_3D('',#258,#259,#260);
#258 = CARTESIAN_POINT('',(0.,0.,370.));
#259 = DIRECTION('',(0.,0.,-1.));
#260 = DIRECTION('',(1.,0.,0.));
#261 = ORIENTED_EDGE('',*,*,#262,.T.);
#262 = EDGE_CURVE('',#254,#263,#265,.T.);
#263 = VERTEX_POINT('',#264);
#264 = CARTESIAN_POINT('',(-470.2435539164,80.,230.));
#265 = LINE('',#266,#267);
#266 = CARTESIAN_POINT('',(-470.2435539164,80.,150.));
#267 = VECTOR('',#268,1.);
#268 = DIRECTION('',(-0.,-0.,-1.));
#269 = ORIENTED_EDGE('',*,*,#270,.F.);
#270 = EDGE_CURVE('',#271,#263,#273,.T.);
#271 = VERTEX_POINT('',#272);
#272 = CARTESIAN_POINT('',(-470.2435539164,-80.,230.));
#273 = CIRCLE('',#274,477.);
#274 = AXIS2_PLACEMENT_3D('',#275,#276,#277);
#275 = CARTESIAN_POINT('',(0.,0.,230.));
#276 = DIRECTION('',(0.,0.,-1.));
#277 = DIRECTION('',(1.,0.,0.));
#278 = ORIENTED_EDGE('',*,*,#279,.F.);
#279 = EDGE_CURVE('',#252,#271,#280,.T.);
#280 = LINE('',#281,#282);
#281 = CARTESIAN_POINT('',(-470.2435539164,-80.,150.));
#282 = VECTOR('',#283,1.);
#283 = DIRECTION('',(-0.,-0.,-1.));
#284 = FACE_BOUND('',#285,.F.);
#285 = EDGE_LOOP('',(#286,#297,#305,#314));
#286 = ORIENTED_EDGE('',*,*,#287,.T.);
#287 = EDGE_CURVE('',#288,#290,#292,.T.);
#288 = VERTEX_POINT('',#289);
#289 = CARTESIAN_POINT('',(325.,-349.1475332864,520.));
#290 = VERTEX_POINT('',#291);
#291 = CARTESIAN_POINT('',(-325.,-349.1475332864,520.));
#292 = CIRCLE('',#293,477.);
#293 = AXIS2_PLACEMENT_3D('',#294,#295,#296);
#294 = CARTESIAN_POINT('',(0.,0.,520.));
#295 = DIRECTION('',(0.,0.,-1.));
#296 = DIRECTION('',(1.,0.,0.));
#297 = ORIENTED_EDGE('',*,*,#298,.T.);
#298 = EDGE_CURVE('',#290,#299,#301,.T.);
#299 = VERTEX_POINT('',#300);
#300 = CARTESIAN_POINT('',(-325.,-349.1475332864,430.));
#301 = LINE('',#302,#303);
#302 = CARTESIAN_POINT('',(-325.,-349.1475332864,150.));
#303 = VECTOR('',#304,1.);
#304 = DIRECTION('',(-0.,-0.,-1.));
#305 = ORIENTED_EDGE('',*,*,#306,.F.);
#306 = EDGE_CURVE('',#307,#299,#309,.T.);
#307 = VERTEX_POINT('',#308);
#308 = CARTESIAN_POINT('',(325.,-349.1475332864,430.));
#309 = CIRCLE('',#310,477.);
#310 = AXIS2_PLACEMENT_3D('',#311,#312,#313);
#311 = CARTESIAN_POINT('',(0.,0.,430.));
#312 = DIRECTION('',(0.,0.,-1.));
#313 = DIRECTION('',(1.,0.,0.));
#314 = ORIENTED_EDGE('',*,*,#315,.F.);
#315 = EDGE_CURVE('',#288,#307,#316,.T.);
#316 = LINE('',#317,#318);
#317 = CARTESIAN_POINT('',(325.,-349.1475332864,150.));
#318 = VECTOR('',#319,1.);
#319 = DIRECTION('',(-0.,-0.,-1.));
#320 = FACE_BOUND('',#321,.F.);
#321 = EDGE_LOOP('',(#322,#333,#341,#350));
#322 = ORIENTED_EDGE('',*,*,#323,.T.);
#323 = EDGE_CURVE('',#324,#326,#328,.T.);
#324 = VERTEX_POINT('',#325);
#325 = CARTESIAN_POINT('',(-275.9438632886,-389.0809482785,370.));
#326 = VERTEX_POINT('',#327);
#327 = CARTESIAN_POINT('',(-389.0809482785,-275.9438632886,370.));
#328 = CIRCLE('',#329,477.);
#329 = AXIS2_PLACEMENT_3D('',#330,#331,#332);
#330 = CARTESIAN_POINT('',(0.,0.,370.));
#331 = DIRECTION('',(0.,0.,-1.));
#332 = DIRECTION('',(1.,0.,0.));
#333 = ORIENTED_EDGE('',*,*,#334,.T.);
#334 = EDGE_CURVE('',#326,#335,#337,.T.);
#335 = VERTEX_POINT('',#336);
#336 = CARTESIAN_POINT('',(-389.0809482785,-275.9438632886,230.));
#337 = LINE('',#338,#339);
#338 = CARTESIAN_POINT('',(-389.0809482785,-275.9438632886,150.));
#339 = VECTOR('',#340,1.);
#340 = DIRECTION('',(-0.,-0.,-1.));
#341 = ORIENTED_EDGE('',*,*,#342,.F.);
#342 = EDGE_CURVE('',#343,#335,#345,.T.);
#343 = VERTEX_POINT('',#344);
#344 = CARTESIAN_POINT('',(-275.9438632886,-389.0809482785,230.));
#345 = CIRCLE('',#346,477.);
#346 = AXIS2_PLACEMENT_3D('',#347,#348,#349);
#347 = CARTESIAN_POINT('',(0.,0.,230.));
#348 = DIRECTION('',(0.,0.,-1.));
#349 = DIRECTION('',(1.,0.,0.));
#350 = ORIENTED_EDGE('',*,*,#351,.F.);
#351 = EDGE_CURVE('',#324,#343,#352,.T.);
#352 = LINE('',#353,#354);
#353 = CARTESIAN_POINT('',(-275.9438632886,-389.0809482785,150.));
#354 = VECTOR('',#355,1.);
#355 = DIRECTION('',(-0.,-0.,-1.));
#356 = FACE_BOUND('',#357,.F.);
#357 = EDGE_LOOP('',(#358,#369,#377,#386));
#358 = ORIENTED_EDGE('',*,*,#359,.T.);
#359 = EDGE_CURVE('',#360,#362,#364,.T.);
#360 = VERTEX_POINT('',#361);
#361 = CARTESIAN_POINT('',(80.,-470.2435539164,370.));
#362 = VERTEX_POINT('',#363);
#363 = CARTESIAN_POINT('',(-80.,-470.2435539164,370.));
#364 = CIRCLE('',#365,477.);
#365 = AXIS2_PLACEMENT_3D('',#366,#367,#368);
#366 = CARTESIAN_POINT('',(0.,0.,370.));
#367 = DIRECTION('',(0.,0.,-1.));
#368 = DIRECTION('',(1.,0.,0.));
#369 = ORIENTED_EDGE('',*,*,#370,.T.);
#370 = EDGE_CURVE('',#362,#371,#373,.T.);
#371 = VERTEX_POINT('',#372);
#372 = CARTESIAN_POINT('',(-80.,-470.2435539164,230.));
#373 = LINE('',#374,#375);
#374 = CARTESIAN_POINT('',(-80.,-470.2435539164,150.));
#375 = VECTOR('',#376,1.);
#376 = DIRECTION('',(-0.,-0.,-1.));
#377 = ORIENTED_EDGE('',*,*,#378,.F.);
#378 = EDGE_CURVE('',#379,#371,#381,.T.);
#379 = VERTEX_POINT('',#380);
#380 = CARTESIAN_POINT('',(80.,-470.2435539164,230.));
#381 = CIRCLE('',#382,477.);
#382 = AXIS2_PLACEMENT_3D('',#383,#384,#385);
#383 = CARTESIAN_POINT('',(0.,0.,230.));
#384 = DIRECTION('',(0.,0.,-1.));
#385 = DIRECTION('',(1.,0.,0.));
#386 = ORIENTED_EDGE('',*,*,#387,.F.);
#387 = EDGE_CURVE('',#360,#379,#388,.T.);
#388 = LINE('',#389,#390);
#389 = CARTESIAN_POINT('',(80.,-470.2435539164,150.));
#390 = VECTOR('',#391,1.);
#391 = DIRECTION('',(-0.,-0.,-1.));
#392 = FACE_BOUND('',#393,.F.);
#393 = EDGE_LOOP('',(#394,#405,#413,#422));
#394 = ORIENTED_EDGE('',*,*,#395,.T.);
#395 = EDGE_CURVE('',#396,#398,#400,.T.);
#396 = VERTEX_POINT('',#397);
#397 = CARTESIAN_POINT('',(389.08094827852,-275.9438632886,370.));
#398 = VERTEX_POINT('',#399);
#399 = CARTESIAN_POINT('',(275.94386328868,-389.0809482785,370.));
#400 = CIRCLE('',#401,477.);
#401 = AXIS2_PLACEMENT_3D('',#402,#403,#404);
#402 = CARTESIAN_POINT('',(0.,0.,370.));
#403 = DIRECTION('',(0.,0.,-1.));
#404 = DIRECTION('',(1.,0.,0.));
#405 = ORIENTED_EDGE('',*,*,#406,.T.);
#406 = EDGE_CURVE('',#398,#407,#409,.T.);
#407 = VERTEX_POINT('',#408);
#408 = CARTESIAN_POINT('',(275.94386328868,-389.0809482785,230.));
#409 = LINE('',#410,#411);
#410 = CARTESIAN_POINT('',(275.94386328868,-389.0809482785,150.));
#411 = VECTOR('',#412,1.);
#412 = DIRECTION('',(-0.,-0.,-1.));
#413 = ORIENTED_EDGE('',*,*,#414,.F.);
#414 = EDGE_CURVE('',#415,#407,#417,.T.);
#415 = VERTEX_POINT('',#416);
#416 = CARTESIAN_POINT('',(389.08094827852,-275.9438632886,230.));
#417 = CIRCLE('',#418,477.);
#418 = AXIS2_PLACEMENT_3D('',#419,#420,#421);
#419 = CARTESIAN_POINT('',(0.,0.,230.));
#420 = DIRECTION('',(0.,0.,-1.));
#421 = DIRECTION('',(1.,0.,0.));
#422 = ORIENTED_EDGE('',*,*,#423,.F.);
#423 = EDGE_CURVE('',#396,#415,#424,.T.);
#424 = LINE('',#425,#426);
#425 = CARTESIAN_POINT('',(389.08094827852,-275.9438632886,150.));
#426 = VECTOR('',#427,1.);
#427 = DIRECTION('',(-0.,-0.,-1.));
#428 = CYLINDRICAL_SURFACE('',#429,477.);
#429 = AXIS2_PLACEMENT_3D('',#430,#431,#432);
#430 = CARTESIAN_POINT('',(0.,0.,150.));
#431 = DIRECTION('',(-0.,-0.,-1.));
#432 = DIRECTION('',(1.,0.,0.));
#433 = ADVANCED_FACE('',(#434,#437),#448,.F.);
#434 = FACE_BOUND('',#435,.F.);
#435 = EDGE_LOOP('',(#436));
#436 = ORIENTED_EDGE('',*,*,#21,.T.);
#437 = FACE_BOUND('',#438,.F.);
#438 = EDGE_LOOP('',(#439));
#439 = ORIENTED_EDGE('',*,*,#440,.F.);
#440 = EDGE_CURVE('',#441,#441,#443,.T.);
#441 = VERTEX_POINT('',#442);
#442 = CARTESIAN_POINT('',(475.,-1.16E-13,150.));
#443 = CIRCLE('',#444,475.);
#444 = AXIS2_PLACEMENT_3D('',#445,#446,#447);
#445 = CARTESIAN_POINT('',(0.,0.,150.));
#446 = DIRECTION('',(0.,0.,1.));
#447 = DIRECTION('',(1.,0.,0.));
#448 = PLANE('',#449);
#449 = AXIS2_PLACEMENT_3D('',#450,#451,#452);
#450 = CARTESIAN_POINT('',(0.,0.,150.));
#451 = DIRECTION('',(0.,0.,1.));
#452 = DIRECTION('',(1.,0.,0.));
#453 = ADVANCED_FACE('',(#454),#490,.T.);
#454 = FACE_BOUND('',#455,.T.);
#455 = EDGE_LOOP('',(#456,#464,#473,#482,#488,#489));
#456 = ORIENTED_EDGE('',*,*,#457,.F.);
#457 = EDGE_CURVE('',#458,#39,#460,.T.);
#458 = VERTEX_POINT('',#459);
#459 = CARTESIAN_POINT('',(468.21469434437,80.,230.));
#460 = LINE('',#461,#462);
#461 = CARTESIAN_POINT('',(435.,80.,230.));
#462 = VECTOR('',#463,1.);
#463 = DIRECTION('',(1.,0.,0.));
#464 = ORIENTED_EDGE('',*,*,#465,.T.);
#465 = EDGE_CURVE('',#458,#466,#468,.T.);
#466 = VERTEX_POINT('',#467);
#467 = CARTESIAN_POINT('',(475.,-1.16E-13,230.));
#468 = CIRCLE('',#469,475.);
#469 = AXIS2_PLACEMENT_3D('',#470,#471,#472);
#470 = CARTESIAN_POINT('',(0.,0.,230.));
#471 = DIRECTION('',(0.,0.,-1.));
#472 = DIRECTION('',(1.,0.,0.));
#473 = ORIENTED_EDGE('',*,*,#474,.T.);
#474 = EDGE_CURVE('',#466,#475,#477,.T.);
#475 = VERTEX_POINT('',#476);
#476 = CARTESIAN_POINT('',(468.21469434437,-80.,230.));
#477 = CIRCLE('',#478,475.);
#478 = AXIS2_PLACEMENT_3D('',#479,#480,#481);
#479 = CARTESIAN_POINT('',(0.,0.,230.));
#480 = DIRECTION('',(0.,0.,-1.));
#481 = DIRECTION('',(1.,0.,0.));
#482 = ORIENTED_EDGE('',*,*,#483,.T.);
#483 = EDGE_CURVE('',#475,#90,#484,.T.);
#484 = LINE('',#485,#486);
#485 = CARTESIAN_POINT('',(435.,-80.,230.));
#486 = VECTOR('',#487,1.);
#487 = DIRECTION('',(1.,0.,0.));
#488 = ORIENTED_EDGE('',*,*,#97,.F.);
#489 = ORIENTED_EDGE('',*,*,#38,.F.);
#490 = PLANE('',#491);
#491 = AXIS2_PLACEMENT_3D('',#492,#493,#494);
#492 = CARTESIAN_POINT('',(435.,-80.,230.));
#493 = DIRECTION('',(0.,0.,1.));
#494 = DIRECTION('',(1.,0.,0.));
#495 = ADVANCED_FACE('',(#496),#514,.T.);
#496 = FACE_BOUND('',#497,.T.);
#497 = EDGE_LOOP('',(#498,#499,#507,#513));
#498 = ORIENTED_EDGE('',*,*,#483,.F.);
#499 = ORIENTED_EDGE('',*,*,#500,.F.);
#500 = EDGE_CURVE('',#501,#475,#503,.T.);
#501 = VERTEX_POINT('',#502);
#502 = CARTESIAN_POINT('',(468.21469434437,-80.,370.));
#503 = LINE('',#504,#505);
#504 = CARTESIAN_POINT('',(468.21469434437,-80.,150.));
#505 = VECTOR('',#506,1.);
#506 = DIRECTION('',(-0.,-0.,-1.));
#507 = ORIENTED_EDGE('',*,*,#508,.T.);
#508 = EDGE_CURVE('',#501,#81,#509,.T.);
#509 = LINE('',#510,#511);
#510 = CARTESIAN_POINT('',(435.,-80.,370.));
#511 = VECTOR('',#512,1.);
#512 = DIRECTION('',(1.,0.,0.));
#513 = ORIENTED_EDGE('',*,*,#89,.T.);
#514 = PLANE('',#515);
#515 = AXIS2_PLACEMENT_3D('',#516,#517,#518);
#516 = CARTESIAN_POINT('',(435.,-80.,230.));
#517 = DIRECTION('',(0.,1.,0.));
#518 = DIRECTION('',(0.,0.,1.));
#519 = ADVANCED_FACE('',(#520),#549,.F.);
#520 = FACE_BOUND('',#521,.F.);
#521 = EDGE_LOOP('',(#522,#530,#539,#546,#547,#548));
#522 = ORIENTED_EDGE('',*,*,#523,.F.);
#523 = EDGE_CURVE('',#524,#48,#526,.T.);
#524 = VERTEX_POINT('',#525);
#525 = CARTESIAN_POINT('',(468.21469434437,80.,370.));
#526 = LINE('',#527,#528);
#527 = CARTESIAN_POINT('',(435.,80.,370.));
#528 = VECTOR('',#529,1.);
#529 = DIRECTION('',(1.,0.,0.));
#530 = ORIENTED_EDGE('',*,*,#531,.T.);
#531 = EDGE_CURVE('',#524,#532,#534,.T.);
#532 = VERTEX_POINT('',#533);
#533 = CARTESIAN_POINT('',(475.,-1.16E-13,370.));
#534 = CIRCLE('',#535,475.);
#535 = AXIS2_PLACEMENT_3D('',#536,#537,#538);
#536 = CARTESIAN_POINT('',(0.,0.,370.));
#537 = DIRECTION('',(0.,0.,-1.));
#538 = DIRECTION('',(1.,0.,0.));
#539 = ORIENTED_EDGE('',*,*,#540,.T.);
#540 = EDGE_CURVE('',#532,#501,#541,.T.);
#541 = CIRCLE('',#542,475.);
#542 = AXIS2_PLACEMENT_3D('',#543,#544,#545);
#543 = CARTESIAN_POINT('',(0.,0.,370.));
#544 = DIRECTION('',(0.,0.,-1.));
#545 = DIRECTION('',(1.,0.,0.));
#546 = ORIENTED_EDGE('',*,*,#508,.T.);
#547 = ORIENTED_EDGE('',*,*,#80,.F.);
#548 = ORIENTED_EDGE('',*,*,#55,.F.);
#549 = PLANE('',#550);
#550 = AXIS2_PLACEMENT_3D('',#551,#552,#553);
#551 = CARTESIAN_POINT('',(435.,-80.,370.));
#552 = DIRECTION('',(0.,0.,1.));
#553 = DIRECTION('',(1.,0.,0.));
#554 = ADVANCED_FACE('',(#555,#558),#569,.T.);
#555 = FACE_BOUND('',#556,.T.);
#556 = EDGE_LOOP('',(#557));
#557 = ORIENTED_EDGE('',*,*,#72,.T.);
#558 = FACE_BOUND('',#559,.T.);
#559 = EDGE_LOOP('',(#560));
#560 = ORIENTED_EDGE('',*,*,#561,.F.);
#561 = EDGE_CURVE('',#562,#562,#564,.T.);
#562 = VERTEX_POINT('',#563);
#563 = CARTESIAN_POINT('',(475.,-1.16E-13,2.215E+03));
#564 = CIRCLE('',#565,475.);
#565 = AXIS2_PLACEMENT_3D('',#566,#567,#568);
#566 = CARTESIAN_POINT('',(0.,0.,2.215E+03));
#567 = DIRECTION('',(0.,0.,1.));
#568 = DIRECTION('',(1.,0.,0.));
#569 = PLANE('',#570);
#570 = AXIS2_PLACEMENT_3D('',#571,#572,#573);
#571 = CARTESIAN_POINT('',(0.,0.,2.215E+03));
#572 = DIRECTION('',(0.,0.,1.));
#573 = DIRECTION('',(1.,0.,0.));
#574 = ADVANCED_FACE('',(#575),#586,.F.);
#575 = FACE_BOUND('',#576,.F.);
#576 = EDGE_LOOP('',(#577,#578,#584,#585));
#577 = ORIENTED_EDGE('',*,*,#457,.F.);
#578 = ORIENTED_EDGE('',*,*,#579,.F.);
#579 = EDGE_CURVE('',#524,#458,#580,.T.);
#580 = LINE('',#581,#582);
#581 = CARTESIAN_POINT('',(468.21469434437,80.,150.));
#582 = VECTOR('',#583,1.);
#583 = DIRECTION('',(-0.,-0.,-1.));
#584 = ORIENTED_EDGE('',*,*,#523,.T.);
#585 = ORIENTED_EDGE('',*,*,#47,.T.);
#586 = PLANE('',#587);
#587 = AXIS2_PLACEMENT_3D('',#588,#589,#590);
#588 = CARTESIAN_POINT('',(435.,80.,230.));
#589 = DIRECTION('',(0.,1.,0.));
#590 = DIRECTION('',(0.,0.,1.));
#591 = ADVANCED_FACE('',(#592),#618,.F.);
#592 = FACE_BOUND('',#593,.F.);
#593 = EDGE_LOOP('',(#594,#602,#603,#611));
#594 = ORIENTED_EDGE('',*,*,#595,.F.);
#595 = EDGE_CURVE('',#110,#596,#598,.T.);
#596 = VERTEX_POINT('',#597);
#597 = CARTESIAN_POINT('',(-325.,-346.4101615137,965.));
#598 = LINE('',#599,#600);
#599 = CARTESIAN_POINT('',(-325.,-950.,965.));
#600 = VECTOR('',#601,1.);
#601 = DIRECTION('',(0.,1.,0.));
#602 = ORIENTED_EDGE('',*,*,#107,.F.);
#603 = ORIENTED_EDGE('',*,*,#604,.T.);
#604 = EDGE_CURVE('',#108,#605,#607,.T.);
#605 = VERTEX_POINT('',#606);
#606 = CARTESIAN_POINT('',(325.,-346.4101615137,965.));
#607 = LINE('',#608,#609);
#608 = CARTESIAN_POINT('',(325.,-950.,965.));
#609 = VECTOR('',#610,1.);
#610 = DIRECTION('',(0.,1.,0.));
#611 = ORIENTED_EDGE('',*,*,#612,.T.);
#612 = EDGE_CURVE('',#605,#596,#613,.T.);
#613 = CIRCLE('',#614,475.);
#614 = AXIS2_PLACEMENT_3D('',#615,#616,#617);
#615 = CARTESIAN_POINT('',(0.,0.,965.));
#616 = DIRECTION('',(0.,0.,-1.));
#617 = DIRECTION('',(1.,0.,0.));
#618 = PLANE('',#619);
#619 = AXIS2_PLACEMENT_3D('',#620,#621,#622);
#620 = CARTESIAN_POINT('',(-325.,-950.,965.));
#621 = DIRECTION('',(0.,0.,1.));
#622 = DIRECTION('',(1.,0.,0.));
#623 = ADVANCED_FACE('',(#624),#642,.F.);
#624 = FACE_BOUND('',#625,.F.);
#625 = EDGE_LOOP('',(#626,#627,#628,#636));
#626 = ORIENTED_EDGE('',*,*,#604,.F.);
#627 = ORIENTED_EDGE('',*,*,#135,.T.);
#628 = ORIENTED_EDGE('',*,*,#629,.T.);
#629 = EDGE_CURVE('',#127,#630,#632,.T.);
#630 = VERTEX_POINT('',#631);
#631 = CARTESIAN_POINT('',(325.,-346.4101615137,625.));
#632 = LINE('',#633,#634);
#633 = CARTESIAN_POINT('',(325.,-950.,625.));
#634 = VECTOR('',#635,1.);
#635 = DIRECTION('',(0.,1.,0.));
#636 = ORIENTED_EDGE('',*,*,#637,.F.);
#637 = EDGE_CURVE('',#605,#630,#638,.T.);
#638 = LINE('',#639,#640);
#639 = CARTESIAN_POINT('',(325.,-346.4101615137,150.));
#640 = VECTOR('',#641,1.);
#641 = DIRECTION('',(-0.,-0.,-1.));
#642 = PLANE('',#643);
#643 = AXIS2_PLACEMENT_3D('',#644,#645,#646);
#644 = CARTESIAN_POINT('',(325.,-950.,625.));
#645 = DIRECTION('',(1.,0.,0.));
#646 = DIRECTION('',(0.,0.,1.));
#647 = ADVANCED_FACE('',(#648),#666,.T.);
#648 = FACE_BOUND('',#649,.T.);
#649 = EDGE_LOOP('',(#650,#651,#652,#660));
#650 = ORIENTED_EDGE('',*,*,#595,.F.);
#651 = ORIENTED_EDGE('',*,*,#118,.T.);
#652 = ORIENTED_EDGE('',*,*,#653,.T.);
#653 = EDGE_CURVE('',#119,#654,#656,.T.);
#654 = VERTEX_POINT('',#655);
#655 = CARTESIAN_POINT('',(-325.,-346.4101615137,625.));
#656 = LINE('',#657,#658);
#657 = CARTESIAN_POINT('',(-325.,-950.,625.));
#658 = VECTOR('',#659,1.);
#659 = DIRECTION('',(0.,1.,0.));
#660 = ORIENTED_EDGE('',*,*,#661,.F.);
#661 = EDGE_CURVE('',#596,#654,#662,.T.);
#662 = LINE('',#663,#664);
#663 = CARTESIAN_POINT('',(-325.,-346.4101615137,150.));
#664 = VECTOR('',#665,1.);
#665 = DIRECTION('',(-0.,-0.,-1.));
#666 = PLANE('',#667);
#667 = AXIS2_PLACEMENT_3D('',#668,#669,#670);
#668 = CARTESIAN_POINT('',(-325.,-950.,625.));
#669 = DIRECTION('',(1.,0.,0.));
#670 = DIRECTION('',(0.,0.,1.));
#671 = ADVANCED_FACE('',(#672),#684,.T.);
#672 = FACE_BOUND('',#673,.T.);
#673 = EDGE_LOOP('',(#674,#675,#676,#677));
#674 = ORIENTED_EDGE('',*,*,#653,.F.);
#675 = ORIENTED_EDGE('',*,*,#126,.F.);
#676 = ORIENTED_EDGE('',*,*,#629,.T.);
#677 = ORIENTED_EDGE('',*,*,#678,.T.);
#678 = EDGE_CURVE('',#630,#654,#679,.T.);
#679 = CIRCLE('',#680,475.);
#680 = AXIS2_PLACEMENT_3D('',#681,#682,#683);
#681 = CARTESIAN_POINT('',(0.,0.,625.));
#682 = DIRECTION('',(0.,0.,-1.));
#683 = DIRECTION('',(1.,0.,0.));
#684 = PLANE('',#685);
#685 = AXIS2_PLACEMENT_3D('',#686,#687,#688);
#686 = CARTESIAN_POINT('',(-325.,-950.,625.));
#687 = DIRECTION('',(0.,0.,1.));
#688 = DIRECTION('',(1.,0.,0.));
#689 = ADVANCED_FACE('',(#690),#716,.F.);
#690 = FACE_BOUND('',#691,.F.);
#691 = EDGE_LOOP('',(#692,#700,#709,#715));
#692 = ORIENTED_EDGE('',*,*,#693,.F.);
#693 = EDGE_CURVE('',#694,#144,#696,.T.);
#694 = VERTEX_POINT('',#695);
#695 = CARTESIAN_POINT('',(274.50924292717,387.64632791702,370.));
#696 = LINE('',#697,#698);
#697 = CARTESIAN_POINT('',(251.02290732122,364.15999231107,370.));
#698 = VECTOR('',#699,1.);
#699 = DIRECTION('',(0.707106781187,0.707106781187,0.));
#700 = ORIENTED_EDGE('',*,*,#701,.T.);
#701 = EDGE_CURVE('',#694,#702,#704,.T.);
#702 = VERTEX_POINT('',#703);
#703 = CARTESIAN_POINT('',(387.64632791702,274.50924292717,370.));
#704 = CIRCLE('',#705,475.);
#705 = AXIS2_PLACEMENT_3D('',#706,#707,#708);
#706 = CARTESIAN_POINT('',(0.,0.,370.));
#707 = DIRECTION('',(0.,0.,-1.));
#708 = DIRECTION('',(1.,0.,0.));
#709 = ORIENTED_EDGE('',*,*,#710,.T.);
#710 = EDGE_CURVE('',#702,#146,#711,.T.);
#711 = LINE('',#712,#713);
#712 = CARTESIAN_POINT('',(364.15999231107,251.02290732122,370.));
#713 = VECTOR('',#714,1.);
#714 = DIRECTION('',(0.707106781187,0.707106781187,0.));
#715 = ORIENTED_EDGE('',*,*,#143,.F.);
#716 = PLANE('',#717);
#717 = AXIS2_PLACEMENT_3D('',#718,#719,#720);
#718 = CARTESIAN_POINT('',(364.15999231107,251.02290732122,370.));
#719 = DIRECTION('',(0.,0.,1.));
#720 = DIRECTION('',(0.707106781187,0.707106781187,0.));
#721 = ADVANCED_FACE('',(#722),#740,.F.);
#722 = FACE_BOUND('',#723,.F.);
#723 = EDGE_LOOP('',(#724,#732,#738,#739));
#724 = ORIENTED_EDGE('',*,*,#725,.F.);
#725 = EDGE_CURVE('',#726,#163,#728,.T.);
#726 = VERTEX_POINT('',#727);
#727 = CARTESIAN_POINT('',(274.50924292717,387.64632791702,230.));
#728 = LINE('',#729,#730);
#729 = CARTESIAN_POINT('',(251.02290732122,364.15999231107,230.));
#730 = VECTOR('',#731,1.);
#731 = DIRECTION('',(0.707106781187,0.707106781187,0.));
#732 = ORIENTED_EDGE('',*,*,#733,.F.);
#733 = EDGE_CURVE('',#694,#726,#734,.T.);
#734 = LINE('',#735,#736);
#735 = CARTESIAN_POINT('',(274.50924292717,387.64632791702,150.));
#736 = VECTOR('',#737,1.);
#737 = DIRECTION('',(-0.,-0.,-1.));
#738 = ORIENTED_EDGE('',*,*,#693,.T.);
#739 = ORIENTED_EDGE('',*,*,#171,.T.);
#740 = PLANE('',#741);
#741 = AXIS2_PLACEMENT_3D('',#742,#743,#744);
#742 = CARTESIAN_POINT('',(251.02290732122,364.15999231107,230.));
#743 = DIRECTION('',(-0.707106781187,0.707106781187,0.));
#744 = DIRECTION('',(0.,0.,1.));
#745 = ADVANCED_FACE('',(#746),#765,.T.);
#746 = FACE_BOUND('',#747,.T.);
#747 = EDGE_LOOP('',(#748,#749,#758,#764));
#748 = ORIENTED_EDGE('',*,*,#725,.F.);
#749 = ORIENTED_EDGE('',*,*,#750,.T.);
#750 = EDGE_CURVE('',#726,#751,#753,.T.);
#751 = VERTEX_POINT('',#752);
#752 = CARTESIAN_POINT('',(387.64632791702,274.50924292717,230.));
#753 = CIRCLE('',#754,475.);
#754 = AXIS2_PLACEMENT_3D('',#755,#756,#757);
#755 = CARTESIAN_POINT('',(0.,0.,230.));
#756 = DIRECTION('',(0.,0.,-1.));
#757 = DIRECTION('',(1.,0.,0.));
#758 = ORIENTED_EDGE('',*,*,#759,.T.);
#759 = EDGE_CURVE('',#751,#155,#760,.T.);
#760 = LINE('',#761,#762);
#761 = CARTESIAN_POINT('',(364.15999231107,251.02290732122,230.));
#762 = VECTOR('',#763,1.);
#763 = DIRECTION('',(0.707106781187,0.707106781187,0.));
#764 = ORIENTED_EDGE('',*,*,#162,.F.);
#765 = PLANE('',#766);
#766 = AXIS2_PLACEMENT_3D('',#767,#768,#769);
#767 = CARTESIAN_POINT('',(364.15999231107,251.02290732122,230.));
#768 = DIRECTION('',(0.,0.,1.));
#769 = DIRECTION('',(0.707106781187,0.707106781187,0.));
#770 = ADVANCED_FACE('',(#771),#782,.T.);
#771 = FACE_BOUND('',#772,.T.);
#772 = EDGE_LOOP('',(#773,#774,#780,#781));
#773 = ORIENTED_EDGE('',*,*,#759,.F.);
#774 = ORIENTED_EDGE('',*,*,#775,.F.);
#775 = EDGE_CURVE('',#702,#751,#776,.T.);
#776 = LINE('',#777,#778);
#777 = CARTESIAN_POINT('',(387.64632791702,274.50924292717,150.));
#778 = VECTOR('',#779,1.);
#779 = DIRECTION('',(-0.,-0.,-1.));
#780 = ORIENTED_EDGE('',*,*,#710,.T.);
#781 = ORIENTED_EDGE('',*,*,#154,.T.);
#782 = PLANE('',#783);
#783 = AXIS2_PLACEMENT_3D('',#784,#785,#786);
#784 = CARTESIAN_POINT('',(364.15999231107,251.02290732122,230.));
#785 = DIRECTION('',(-0.707106781187,0.707106781187,0.));
#786 = DIRECTION('',(0.,0.,1.));
#787 = ADVANCED_FACE('',(#788),#814,.F.);
#788 = FACE_BOUND('',#789,.F.);
#789 = EDGE_LOOP('',(#790,#798,#807,#813));
#790 = ORIENTED_EDGE('',*,*,#791,.F.);
#791 = EDGE_CURVE('',#792,#180,#794,.T.);
#792 = VERTEX_POINT('',#793);
#793 = CARTESIAN_POINT('',(-80.,468.21469434437,370.));
#794 = LINE('',#795,#796);
#795 = CARTESIAN_POINT('',(-80.,435.,370.));
#796 = VECTOR('',#797,1.);
#797 = DIRECTION('',(0.,1.,0.));
#798 = ORIENTED_EDGE('',*,*,#799,.T.);
#799 = EDGE_CURVE('',#792,#800,#802,.T.);
#800 = VERTEX_POINT('',#801);
#801 = CARTESIAN_POINT('',(80.,468.21469434437,370.));
#802 = CIRCLE('',#803,475.);
#803 = AXIS2_PLACEMENT_3D('',#804,#805,#806);
#804 = CARTESIAN_POINT('',(0.,0.,370.));
#805 = DIRECTION('',(0.,0.,-1.));
#806 = DIRECTION('',(1.,0.,0.));
#807 = ORIENTED_EDGE('',*,*,#808,.T.);
#808 = EDGE_CURVE('',#800,#182,#809,.T.);
#809 = LINE('',#810,#811);
#810 = CARTESIAN_POINT('',(80.,435.,370.));
#811 = VECTOR('',#812,1.);
#812 = DIRECTION('',(0.,1.,0.));
#813 = ORIENTED_EDGE('',*,*,#179,.F.);
#814 = PLANE('',#815);
#815 = AXIS2_PLACEMENT_3D('',#816,#817,#818);
#816 = CARTESIAN_POINT('',(80.,435.,370.));
#817 = DIRECTION('',(0.,0.,1.));
#818 = DIRECTION('',(0.,1.,0.));
#819 = ADVANCED_FACE('',(#820),#838,.F.);
#820 = FACE_BOUND('',#821,.F.);
#821 = EDGE_LOOP('',(#822,#830,#836,#837));
#822 = ORIENTED_EDGE('',*,*,#823,.F.);
#823 = EDGE_CURVE('',#824,#199,#826,.T.);
#824 = VERTEX_POINT('',#825);
#825 = CARTESIAN_POINT('',(-80.,468.21469434437,230.));
#826 = LINE('',#827,#828);
#827 = CARTESIAN_POINT('',(-80.,435.,230.));
#828 = VECTOR('',#829,1.);
#829 = DIRECTION('',(0.,1.,0.));
#830 = ORIENTED_EDGE('',*,*,#831,.F.);
#831 = EDGE_CURVE('',#792,#824,#832,.T.);
#832 = LINE('',#833,#834);
#833 = CARTESIAN_POINT('',(-80.,468.21469434437,150.));
#834 = VECTOR('',#835,1.);
#835 = DIRECTION('',(-0.,-0.,-1.));
#836 = ORIENTED_EDGE('',*,*,#791,.T.);
#837 = ORIENTED_EDGE('',*,*,#207,.T.);
#838 = PLANE('',#839);
#839 = AXIS2_PLACEMENT_3D('',#840,#841,#842);
#840 = CARTESIAN_POINT('',(-80.,435.,230.));
#841 = DIRECTION('',(-1.,0.,0.));
#842 = DIRECTION('',(0.,0.,1.));
#843 = ADVANCED_FACE('',(#844),#863,.T.);
#844 = FACE_BOUND('',#845,.T.);
#845 = EDGE_LOOP('',(#846,#847,#856,#862));
#846 = ORIENTED_EDGE('',*,*,#823,.F.);
#847 = ORIENTED_EDGE('',*,*,#848,.T.);
#848 = EDGE_CURVE('',#824,#849,#851,.T.);
#849 = VERTEX_POINT('',#850);
#850 = CARTESIAN_POINT('',(80.,468.21469434437,230.));
#851 = CIRCLE('',#852,475.);
#852 = AXIS2_PLACEMENT_3D('',#853,#854,#855);
#853 = CARTESIAN_POINT('',(0.,0.,230.));
#854 = DIRECTION('',(0.,0.,-1.));
#855 = DIRECTION('',(1.,0.,0.));
#856 = ORIENTED_EDGE('',*,*,#857,.T.);
#857 = EDGE_CURVE('',#849,#191,#858,.T.);
#858 = LINE('',#859,#860);
#859 = CARTESIAN_POINT('',(80.,435.,230.));
#860 = VECTOR('',#861,1.);
#861 = DIRECTION('',(0.,1.,0.));
#862 = ORIENTED_EDGE('',*,*,#198,.F.);
#863 = PLANE('',#864);
#864 = AXIS2_PLACEMENT_3D('',#865,#866,#867);
#865 = CARTESIAN_POINT('',(80.,435.,230.));
#866 = DIRECTION('',(0.,0.,1.));
#867 = DIRECTION('',(0.,1.,0.));
#868 = ADVANCED_FACE('',(#869),#880,.T.);
#869 = FACE_BOUND('',#870,.T.);
#870 = EDGE_LOOP('',(#871,#872,#878,#879));
#871 = ORIENTED_EDGE('',*,*,#857,.F.);
#872 = ORIENTED_EDGE('',*,*,#873,.F.);
#873 = EDGE_CURVE('',#800,#849,#874,.T.);
#874 = LINE('',#875,#876);
#875 = CARTESIAN_POINT('',(80.,468.21469434437,150.));
#876 = VECTOR('',#877,1.);
#877 = DIRECTION('',(-0.,-0.,-1.));
#878 = ORIENTED_EDGE('',*,*,#808,.T.);
#879 = ORIENTED_EDGE('',*,*,#190,.T.);
#880 = PLANE('',#881);
#881 = AXIS2_PLACEMENT_3D('',#882,#883,#884);
#882 = CARTESIAN_POINT('',(80.,435.,230.));
#883 = DIRECTION('',(-1.,0.,0.));
#884 = DIRECTION('',(0.,0.,1.));
#885 = ADVANCED_FACE('',(#886),#912,.F.);
#886 = FACE_BOUND('',#887,.F.);
#887 = EDGE_LOOP('',(#888,#896,#905,#911));
#888 = ORIENTED_EDGE('',*,*,#889,.F.);
#889 = EDGE_CURVE('',#890,#216,#892,.T.);
#890 = VERTEX_POINT('',#891);
#891 = CARTESIAN_POINT('',(-387.646327917,274.50924292717,370.));
#892 = LINE('',#893,#894);
#893 = CARTESIAN_POINT('',(-364.159992311,251.02290732122,370.));
#894 = VECTOR('',#895,1.);
#895 = DIRECTION('',(-0.707106781187,0.707106781187,0.));
#896 = ORIENTED_EDGE('',*,*,#897,.T.);
#897 = EDGE_CURVE('',#890,#898,#900,.T.);
#898 = VERTEX_POINT('',#899);
#899 = CARTESIAN_POINT('',(-274.5092429271,387.64632791702,370.));
#900 = CIRCLE('',#901,475.);
#901 = AXIS2_PLACEMENT_3D('',#902,#903,#904);
#902 = CARTESIAN_POINT('',(0.,0.,370.));
#903 = DIRECTION('',(0.,0.,-1.));
#904 = DIRECTION('',(1.,0.,0.));
#905 = ORIENTED_EDGE('',*,*,#906,.T.);
#906 = EDGE_CURVE('',#898,#218,#907,.T.);
#907 = LINE('',#908,#909);
#908 = CARTESIAN_POINT('',(-251.0229073212,364.15999231107,370.));
#909 = VECTOR('',#910,1.);
#910 = DIRECTION('',(-0.707106781187,0.707106781187,0.));
#911 = ORIENTED_EDGE('',*,*,#215,.F.);
#912 = PLANE('',#913);
#913 = AXIS2_PLACEMENT_3D('',#914,#915,#916);
#914 = CARTESIAN_POINT('',(-251.0229073212,364.15999231107,370.));
#915 = DIRECTION('',(0.,0.,1.));
#916 = DIRECTION('',(-0.707106781187,0.707106781187,0.));
#917 = ADVANCED_FACE('',(#918),#936,.F.);
#918 = FACE_BOUND('',#919,.F.);
#919 = EDGE_LOOP('',(#920,#928,#934,#935));
#920 = ORIENTED_EDGE('',*,*,#921,.F.);
#921 = EDGE_CURVE('',#922,#235,#924,.T.);
#922 = VERTEX_POINT('',#923);
#923 = CARTESIAN_POINT('',(-387.646327917,274.50924292717,230.));
#924 = LINE('',#925,#926);
#925 = CARTESIAN_POINT('',(-364.159992311,251.02290732122,230.));
#926 = VECTOR('',#927,1.);
#927 = DIRECTION('',(-0.707106781187,0.707106781187,0.));
#928 = ORIENTED_EDGE('',*,*,#929,.F.);
#929 = EDGE_CURVE('',#890,#922,#930,.T.);
#930 = LINE('',#931,#932);
#931 = CARTESIAN_POINT('',(-387.646327917,274.50924292717,150.));
#932 = VECTOR('',#933,1.);
#933 = DIRECTION('',(-0.,-0.,-1.));
#934 = ORIENTED_EDGE('',*,*,#889,.T.);
#935 = ORIENTED_EDGE('',*,*,#243,.T.);
#936 = PLANE('',#937);
#937 = AXIS2_PLACEMENT_3D('',#938,#939,#940);
#938 = CARTESIAN_POINT('',(-364.159992311,251.02290732122,230.));
#939 = DIRECTION('',(-0.707106781187,-0.707106781187,0.));
#940 = DIRECTION('',(0.,0.,1.));
#941 = ADVANCED_FACE('',(#942),#961,.T.);
#942 = FACE_BOUND('',#943,.T.);
#943 = EDGE_LOOP('',(#944,#945,#954,#960));
#944 = ORIENTED_EDGE('',*,*,#921,.F.);
#945 = ORIENTED_EDGE('',*,*,#946,.T.);
#946 = EDGE_CURVE('',#922,#947,#949,.T.);
#947 = VERTEX_POINT('',#948);
#948 = CARTESIAN_POINT('',(-274.5092429271,387.64632791702,230.));
#949 = CIRCLE('',#950,475.);
#950 = AXIS2_PLACEMENT_3D('',#951,#952,#953);
#951 = CARTESIAN_POINT('',(0.,0.,230.));
#952 = DIRECTION('',(0.,0.,-1.));
#953 = DIRECTION('',(1.,0.,0.));
#954 = ORIENTED_EDGE('',*,*,#955,.T.);
#955 = EDGE_CURVE('',#947,#227,#956,.T.);
#956 = LINE('',#957,#958);
#957 = CARTESIAN_POINT('',(-251.0229073212,364.15999231107,230.));
#958 = VECTOR('',#959,1.);
#959 = DIRECTION('',(-0.707106781187,0.707106781187,0.));
#960 = ORIENTED_EDGE('',*,*,#234,.F.);
#961 = PLANE('',#962);
#962 = AXIS2_PLACEMENT_3D('',#963,#964,#965);
#963 = CARTESIAN_POINT('',(-251.0229073212,364.15999231107,230.));
#964 = DIRECTION('',(0.,0.,1.));
#965 = DIRECTION('',(-0.707106781187,0.707106781187,0.));
#966 = ADVANCED_FACE('',(#967),#978,.T.);
#967 = FACE_BOUND('',#968,.T.);
#968 = EDGE_LOOP('',(#969,#970,#976,#977));
#969 = ORIENTED_EDGE('',*,*,#955,.F.);
#970 = ORIENTED_EDGE('',*,*,#971,.F.);
#971 = EDGE_CURVE('',#898,#947,#972,.T.);
#972 = LINE('',#973,#974);
#973 = CARTESIAN_POINT('',(-274.5092429271,387.64632791702,150.));
#974 = VECTOR('',#975,1.);
#975 = DIRECTION('',(-0.,-0.,-1.));
#976 = ORIENTED_EDGE('',*,*,#906,.T.);
#977 = ORIENTED_EDGE('',*,*,#226,.T.);
#978 = PLANE('',#979);
#979 = AXIS2_PLACEMENT_3D('',#980,#981,#982);
#980 = CARTESIAN_POINT('',(-251.0229073212,364.15999231107,230.));
#981 = DIRECTION('',(-0.707106781187,-0.707106781187,0.));
#982 = DIRECTION('',(0.,0.,1.));
#983 = ADVANCED_FACE('',(#984),#1010,.F.);
#984 = FACE_BOUND('',#985,.F.);
#985 = EDGE_LOOP('',(#986,#994,#1003,#1009));
#986 = ORIENTED_EDGE('',*,*,#987,.F.);
#987 = EDGE_CURVE('',#988,#252,#990,.T.);
#988 = VERTEX_POINT('',#989);
#989 = CARTESIAN_POINT('',(-468.2146943443,-80.,370.));
#990 = LINE('',#991,#992);
#991 = CARTESIAN_POINT('',(-435.,-80.,370.));
#992 = VECTOR('',#993,1.);
#993 = DIRECTION('',(-1.,0.,0.));
#994 = ORIENTED_EDGE('',*,*,#995,.T.);
#995 = EDGE_CURVE('',#988,#996,#998,.T.);
#996 = VERTEX_POINT('',#997);
#997 = CARTESIAN_POINT('',(-468.2146943443,80.,370.));
#998 = CIRCLE('',#999,475.);
#999 = AXIS2_PLACEMENT_3D('',#1000,#1001,#1002);
#1000 = CARTESIAN_POINT('',(0.,0.,370.));
#1001 = DIRECTION('',(0.,0.,-1.));
#1002 = DIRECTION('',(1.,0.,0.));
#1003 = ORIENTED_EDGE('',*,*,#1004,.T.);
#1004 = EDGE_CURVE('',#996,#254,#1005,.T.);
#1005 = LINE('',#1006,#1007);
#1006 = CARTESIAN_POINT('',(-435.,80.,370.));
#1007 = VECTOR('',#1008,1.);
#1008 = DIRECTION('',(-1.,0.,0.));
#1009 = ORIENTED_EDGE('',*,*,#251,.F.);
#1010 = PLANE('',#1011);
#1011 = AXIS2_PLACEMENT_3D('',#1012,#1013,#1014);
#1012 = CARTESIAN_POINT('',(-435.,80.,370.));
#1013 = DIRECTION('',(0.,0.,1.));
#1014 = DIRECTION('',(-1.,0.,0.));
#1015 = ADVANCED_FACE('',(#1016),#1034,.F.);
#1016 = FACE_BOUND('',#1017,.F.);
#1017 = EDGE_LOOP('',(#1018,#1026,#1032,#1033));
#1018 = ORIENTED_EDGE('',*,*,#1019,.F.);
#1019 = EDGE_CURVE('',#1020,#271,#1022,.T.);
#1020 = VERTEX_POINT('',#1021);
#1021 = CARTESIAN_POINT('',(-468.2146943443,-80.,230.));
#1022 = LINE('',#1023,#1024);
#1023 = CARTESIAN_POINT('',(-435.,-80.,230.));
#1024 = VECTOR('',#1025,1.);
#1025 = DIRECTION('',(-1.,0.,0.));
#1026 = ORIENTED_EDGE('',*,*,#1027,.F.);
#1027 = EDGE_CURVE('',#988,#1020,#1028,.T.);
#1028 = LINE('',#1029,#1030);
#1029 = CARTESIAN_POINT('',(-468.2146943443,-80.,150.));
#1030 = VECTOR('',#1031,1.);
#1031 = DIRECTION('',(-0.,-0.,-1.));
#1032 = ORIENTED_EDGE('',*,*,#987,.T.);
#1033 = ORIENTED_EDGE('',*,*,#279,.T.);
#1034 = PLANE('',#1035);
#1035 = AXIS2_PLACEMENT_3D('',#1036,#1037,#1038);
#1036 = CARTESIAN_POINT('',(-435.,-80.,230.));
#1037 = DIRECTION('',(0.,-1.,0.));
#1038 = DIRECTION('',(0.,0.,1.));
#1039 = ADVANCED_FACE('',(#1040),#1059,.T.);
#1040 = FACE_BOUND('',#1041,.T.);
#1041 = EDGE_LOOP('',(#1042,#1043,#1052,#1058));
#1042 = ORIENTED_EDGE('',*,*,#1019,.F.);
#1043 = ORIENTED_EDGE('',*,*,#1044,.T.);
#1044 = EDGE_CURVE('',#1020,#1045,#1047,.T.);
#1045 = VERTEX_POINT('',#1046);
#1046 = CARTESIAN_POINT('',(-468.2146943443,80.,230.));
#1047 = CIRCLE('',#1048,475.);
#1048 = AXIS2_PLACEMENT_3D('',#1049,#1050,#1051);
#1049 = CARTESIAN_POINT('',(0.,0.,230.));
#1050 = DIRECTION('',(0.,0.,-1.));
#1051 = DIRECTION('',(1.,0.,0.));
#1052 = ORIENTED_EDGE('',*,*,#1053,.T.);
#1053 = EDGE_CURVE('',#1045,#263,#1054,.T.);
#1054 = LINE('',#1055,#1056);
#1055 = CARTESIAN_POINT('',(-435.,80.,230.));
#1056 = VECTOR('',#1057,1.);
#1057 = DIRECTION('',(-1.,0.,0.));
#1058 = ORIENTED_EDGE('',*,*,#270,.F.);
#1059 = PLANE('',#1060);
#1060 = AXIS2_PLACEMENT_3D('',#1061,#1062,#1063);
#1061 = CARTESIAN_POINT('',(-435.,80.,230.));
#1062 = DIRECTION('',(0.,0.,1.));
#1063 = DIRECTION('',(-1.,0.,0.));
#1064 = ADVANCED_FACE('',(#1065),#1076,.T.);
#1065 = FACE_BOUND('',#1066,.T.);
#1066 = EDGE_LOOP('',(#1067,#1068,#1074,#1075));
#1067 = ORIENTED_EDGE('',*,*,#1053,.F.);
#1068 = ORIENTED_EDGE('',*,*,#1069,.F.);
#1069 = EDGE_CURVE('',#996,#1045,#1070,.T.);
#1070 = LINE('',#1071,#1072);
#1071 = CARTESIAN_POINT('',(-468.2146943443,80.,150.));
#1072 = VECTOR('',#1073,1.);
#1073 = DIRECTION('',(-0.,-0.,-1.));
#1074 = ORIENTED_EDGE('',*,*,#1004,.T.);
#1075 = ORIENTED_EDGE('',*,*,#262,.T.);
#1076 = PLANE('',#1077);
#1077 = AXIS2_PLACEMENT_3D('',#1078,#1079,#1080);
#1078 = CARTESIAN_POINT('',(-435.,80.,230.));
#1079 = DIRECTION('',(0.,-1.,0.));
#1080 = DIRECTION('',(0.,0.,1.));
#1081 = ADVANCED_FACE('',(#1082),#1108,.F.);
#1082 = FACE_BOUND('',#1083,.F.);
#1083 = EDGE_LOOP('',(#1084,#1092,#1093,#1101));
#1084 = ORIENTED_EDGE('',*,*,#1085,.F.);
#1085 = EDGE_CURVE('',#290,#1086,#1088,.T.);
#1086 = VERTEX_POINT('',#1087);
#1087 = CARTESIAN_POINT('',(-325.,-346.4101615137,520.));
#1088 = LINE('',#1089,#1090);
#1089 = CARTESIAN_POINT('',(-325.,-950.,520.));
#1090 = VECTOR('',#1091,1.);
#1091 = DIRECTION('',(0.,1.,0.));
#1092 = ORIENTED_EDGE('',*,*,#287,.F.);
#1093 = ORIENTED_EDGE('',*,*,#1094,.T.);
#1094 = EDGE_CURVE('',#288,#1095,#1097,.T.);
#1095 = VERTEX_POINT('',#1096);
#1096 = CARTESIAN_POINT('',(325.,-346.4101615137,520.));
#1097 = LINE('',#1098,#1099);
#1098 = CARTESIAN_POINT('',(325.,-950.,520.));
#1099 = VECTOR('',#1100,1.);
#1100 = DIRECTION('',(0.,1.,0.));
#1101 = ORIENTED_EDGE('',*,*,#1102,.T.);
#1102 = EDGE_CURVE('',#1095,#1086,#1103,.T.);
#1103 = CIRCLE('',#1104,475.);
#1104 = AXIS2_PLACEMENT_3D('',#1105,#1106,#1107);
#1105 = CARTESIAN_POINT('',(0.,0.,520.));
#1106 = DIRECTION('',(0.,0.,-1.));
#1107 = DIRECTION('',(1.,0.,0.));
#1108 = PLANE('',#1109);
#1109 = AXIS2_PLACEMENT_3D('',#1110,#1111,#1112);
#1110 = CARTESIAN_POINT('',(-325.,-950.,520.));
#1111 = DIRECTION('',(0.,0.,1.));
#1112 = DIRECTION('',(1.,0.,0.));
#1113 = ADVANCED_FACE('',(#1114),#1132,.F.);
#1114 = FACE_BOUND('',#1115,.F.);
#1115 = EDGE_LOOP('',(#1116,#1117,#1118,#1126));
#1116 = ORIENTED_EDGE('',*,*,#1094,.F.);
#1117 = ORIENTED_EDGE('',*,*,#315,.T.);
#1118 = ORIENTED_EDGE('',*,*,#1119,.T.);
#1119 = EDGE_CURVE('',#307,#1120,#1122,.T.);
#1120 = VERTEX_POINT('',#1121);
#1121 = CARTESIAN_POINT('',(325.,-346.4101615137,430.));
#1122 = LINE('',#1123,#1124);
#1123 = CARTESIAN_POINT('',(325.,-950.,430.));
#1124 = VECTOR('',#1125,1.);
#1125 = DIRECTION('',(0.,1.,0.));
#1126 = ORIENTED_EDGE('',*,*,#1127,.F.);
#1127 = EDGE_CURVE('',#1095,#1120,#1128,.T.);
#1128 = LINE('',#1129,#1130);
#1129 = CARTESIAN_POINT('',(325.,-346.4101615137,150.));
#1130 = VECTOR('',#1131,1.);
#1131 = DIRECTION('',(-0.,-0.,-1.));
#1132 = PLANE('',#1133);
#1133 = AXIS2_PLACEMENT_3D('',#1134,#1135,#1136);
#1134 = CARTESIAN_POINT('',(325.,-950.,430.));
#1135 = DIRECTION('',(1.,0.,0.));
#1136 = DIRECTION('',(0.,0.,1.));
#1137 = ADVANCED_FACE('',(#1138),#1156,.T.);
#1138 = FACE_BOUND('',#1139,.T.);
#1139 = EDGE_LOOP('',(#1140,#1141,#1142,#1150));
#1140 = ORIENTED_EDGE('',*,*,#1085,.F.);
#1141 = ORIENTED_EDGE('',*,*,#298,.T.);
#1142 = ORIENTED_EDGE('',*,*,#1143,.T.);
#1143 = EDGE_CURVE('',#299,#1144,#1146,.T.);
#1144 = VERTEX_POINT('',#1145);
#1145 = CARTESIAN_POINT('',(-325.,-346.4101615137,430.));
#1146 = LINE('',#1147,#1148);
#1147 = CARTESIAN_POINT('',(-325.,-950.,430.));
#1148 = VECTOR('',#1149,1.);
#1149 = DIRECTION('',(0.,1.,0.));
#1150 = ORIENTED_EDGE('',*,*,#1151,.F.);
#1151 = EDGE_CURVE('',#1086,#1144,#1152,.T.);
#1152 = LINE('',#1153,#1154);
#1153 = CARTESIAN_POINT('',(-325.,-346.4101615137,150.));
#1154 = VECTOR('',#1155,1.);
#1155 = DIRECTION('',(-0.,-0.,-1.));
#1156 = PLANE('',#1157);
#1157 = AXIS2_PLACEMENT_3D('',#1158,#1159,#1160);
#1158 = CARTESIAN_POINT('',(-325.,-950.,430.));
#1159 = DIRECTION('',(1.,0.,0.));
#1160 = DIRECTION('',(0.,0.,1.));
#1161 = ADVANCED_FACE('',(#1162),#1174,.T.);
#1162 = FACE_BOUND('',#1163,.T.);
#1163 = EDGE_LOOP('',(#1164,#1165,#1166,#1167));
#1164 = ORIENTED_EDGE('',*,*,#1143,.F.);
#1165 = ORIENTED_EDGE('',*,*,#306,.F.);
#1166 = ORIENTED_EDGE('',*,*,#1119,.T.);
#1167 = ORIENTED_EDGE('',*,*,#1168,.T.);
#1168 = EDGE_CURVE('',#1120,#1144,#1169,.T.);
#1169 = CIRCLE('',#1170,475.);
#1170 = AXIS2_PLACEMENT_3D('',#1171,#1172,#1173);
#1171 = CARTESIAN_POINT('',(0.,0.,430.));
#1172 = DIRECTION('',(0.,0.,-1.));
#1173 = DIRECTION('',(1.,0.,0.));
#1174 = PLANE('',#1175);
#1175 = AXIS2_PLACEMENT_3D('',#1176,#1177,#1178);
#1176 = CARTESIAN_POINT('',(-325.,-950.,430.));
#1177 = DIRECTION('',(0.,0.,1.));
#1178 = DIRECTION('',(1.,0.,0.));
#1179 = ADVANCED_FACE('',(#1180),#1206,.F.);
#1180 = FACE_BOUND('',#1181,.F.);
#1181 = EDGE_LOOP('',(#1182,#1190,#1199,#1205));
#1182 = ORIENTED_EDGE('',*,*,#1183,.F.);
#1183 = EDGE_CURVE('',#1184,#324,#1186,.T.);
#1184 = VERTEX_POINT('',#1185);
#1185 = CARTESIAN_POINT('',(-274.5092429271,-387.646327917,370.));
#1186 = LINE('',#1187,#1188);
#1187 = CARTESIAN_POINT('',(-251.0229073212,-364.159992311,370.));
#1188 = VECTOR('',#1189,1.);
#1189 = DIRECTION('',(-0.707106781187,-0.707106781187,0.));
#1190 = ORIENTED_EDGE('',*,*,#1191,.T.);
#1191 = EDGE_CURVE('',#1184,#1192,#1194,.T.);
#1192 = VERTEX_POINT('',#1193);
#1193 = CARTESIAN_POINT('',(-387.646327917,-274.5092429271,370.));
#1194 = CIRCLE('',#1195,475.);
#1195 = AXIS2_PLACEMENT_3D('',#1196,#1197,#1198);
#1196 = CARTESIAN_POINT('',(0.,0.,370.));
#1197 = DIRECTION('',(0.,0.,-1.));
#1198 = DIRECTION('',(1.,0.,0.));
#1199 = ORIENTED_EDGE('',*,*,#1200,.T.);
#1200 = EDGE_CURVE('',#1192,#326,#1201,.T.);
#1201 = LINE('',#1202,#1203);
#1202 = CARTESIAN_POINT('',(-364.159992311,-251.0229073212,370.));
#1203 = VECTOR('',#1204,1.);
#1204 = DIRECTION('',(-0.707106781187,-0.707106781187,0.));
#1205 = ORIENTED_EDGE('',*,*,#323,.F.);
#1206 = PLANE('',#1207);
#1207 = AXIS2_PLACEMENT_3D('',#1208,#1209,#1210);
#1208 = CARTESIAN_POINT('',(-364.159992311,-251.0229073212,370.));
#1209 = DIRECTION('',(0.,0.,1.));
#1210 = DIRECTION('',(-0.707106781187,-0.707106781187,0.));
#1211 = ADVANCED_FACE('',(#1212),#1230,.F.);
#1212 = FACE_BOUND('',#1213,.F.);
#1213 = EDGE_LOOP('',(#1214,#1222,#1228,#1229));
#1214 = ORIENTED_EDGE('',*,*,#1215,.F.);
#1215 = EDGE_CURVE('',#1216,#343,#1218,.T.);
#1216 = VERTEX_POINT('',#1217);
#1217 = CARTESIAN_POINT('',(-274.5092429271,-387.646327917,230.));
#1218 = LINE('',#1219,#1220);
#1219 = CARTESIAN_POINT('',(-251.0229073212,-364.159992311,230.));
#1220 = VECTOR('',#1221,1.);
#1221 = DIRECTION('',(-0.707106781187,-0.707106781187,0.));
#1222 = ORIENTED_EDGE('',*,*,#1223,.F.);
#1223 = EDGE_CURVE('',#1184,#1216,#1224,.T.);
#1224 = LINE('',#1225,#1226);
#1225 = CARTESIAN_POINT('',(-274.5092429271,-387.646327917,150.));
#1226 = VECTOR('',#1227,1.);
#1227 = DIRECTION('',(-0.,-0.,-1.));
#1228 = ORIENTED_EDGE('',*,*,#1183,.T.);
#1229 = ORIENTED_EDGE('',*,*,#351,.T.);
#1230 = PLANE('',#1231);
#1231 = AXIS2_PLACEMENT_3D('',#1232,#1233,#1234);
#1232 = CARTESIAN_POINT('',(-251.0229073212,-364.159992311,230.));
#1233 = DIRECTION('',(0.707106781187,-0.707106781187,0.));
#1234 = DIRECTION('',(0.,0.,1.));
#1235 = ADVANCED_FACE('',(#1236),#1255,.T.);
#1236 = FACE_BOUND('',#1237,.T.);
#1237 = EDGE_LOOP('',(#1238,#1239,#1248,#1254));
#1238 = ORIENTED_EDGE('',*,*,#1215,.F.);
#1239 = ORIENTED_EDGE('',*,*,#1240,.T.);
#1240 = EDGE_CURVE('',#1216,#1241,#1243,.T.);
#1241 = VERTEX_POINT('',#1242);
#1242 = CARTESIAN_POINT('',(-387.646327917,-274.5092429271,230.));
#1243 = CIRCLE('',#1244,475.);
#1244 = AXIS2_PLACEMENT_3D('',#1245,#1246,#1247);
#1245 = CARTESIAN_POINT('',(0.,0.,230.));
#1246 = DIRECTION('',(0.,0.,-1.));
#1247 = DIRECTION('',(1.,0.,0.));
#1248 = ORIENTED_EDGE('',*,*,#1249,.T.);
#1249 = EDGE_CURVE('',#1241,#335,#1250,.T.);
#1250 = LINE('',#1251,#1252);
#1251 = CARTESIAN_POINT('',(-364.159992311,-251.0229073212,230.));
#1252 = VECTOR('',#1253,1.);
#1253 = DIRECTION('',(-0.707106781187,-0.707106781187,0.));
#1254 = ORIENTED_EDGE('',*,*,#342,.F.);
#1255 = PLANE('',#1256);
#1256 = AXIS2_PLACEMENT_3D('',#1257,#1258,#1259);
#1257 = CARTESIAN_POINT('',(-364.159992311,-251.0229073212,230.));
#1258 = DIRECTION('',(0.,0.,1.));
#1259 = DIRECTION('',(-0.707106781187,-0.707106781187,0.));
#1260 = ADVANCED_FACE('',(#1261),#1272,.T.);
#1261 = FACE_BOUND('',#1262,.T.);
#1262 = EDGE_LOOP('',(#1263,#1264,#1270,#1271));
#1263 = ORIENTED_EDGE('',*,*,#1249,.F.);
#1264 = ORIENTED_EDGE('',*,*,#1265,.F.);
#1265 = EDGE_CURVE('',#1192,#1241,#1266,.T.);
#1266 = LINE('',#1267,#1268);
#1267 = CARTESIAN_POINT('',(-387.646327917,-274.5092429271,150.));
#1268 = VECTOR('',#1269,1.);
#1269 = DIRECTION('',(-0.,-0.,-1.));
#1270 = ORIENTED_EDGE('',*,*,#1200,.T.);
#1271 = ORIENTED_EDGE('',*,*,#334,.T.);
#1272 = PLANE('',#1273);
#1273 = AXIS2_PLACEMENT_3D('',#1274,#1275,#1276);
#1274 = CARTESIAN_POINT('',(-364.159992311,-251.0229073212,230.));
#1275 = DIRECTION('',(0.707106781187,-0.707106781187,0.));
#1276 = DIRECTION('',(0.,0.,1.));
#1277 = ADVANCED_FACE('',(#1278),#1304,.F.);
#1278 = FACE_BOUND('',#1279,.F.);
#1279 = EDGE_LOOP('',(#1280,#1288,#1297,#1303));
#1280 = ORIENTED_EDGE('',*,*,#1281,.F.);
#1281 = EDGE_CURVE('',#1282,#360,#1284,.T.);
#1282 = VERTEX_POINT('',#1283);
#1283 = CARTESIAN_POINT('',(80.,-468.2146943443,370.));
#1284 = LINE('',#1285,#1286);
#1285 = CARTESIAN_POINT('',(80.,-435.,370.));
#1286 = VECTOR('',#1287,1.);
#1287 = DIRECTION('',(0.,-1.,0.));
#1288 = ORIENTED_EDGE('',*,*,#1289,.T.);
#1289 = EDGE_CURVE('',#1282,#1290,#1292,.T.);
#1290 = VERTEX_POINT('',#1291);
#1291 = CARTESIAN_POINT('',(-80.,-468.2146943443,370.));
#1292 = CIRCLE('',#1293,475.);
#1293 = AXIS2_PLACEMENT_3D('',#1294,#1295,#1296);
#1294 = CARTESIAN_POINT('',(0.,0.,370.));
#1295 = DIRECTION('',(0.,0.,-1.));
#1296 = DIRECTION('',(1.,0.,0.));
#1297 = ORIENTED_EDGE('',*,*,#1298,.T.);
#1298 = EDGE_CURVE('',#1290,#362,#1299,.T.);
#1299 = LINE('',#1300,#1301);
#1300 = CARTESIAN_POINT('',(-80.,-435.,370.));
#1301 = VECTOR('',#1302,1.);
#1302 = DIRECTION('',(0.,-1.,0.));
#1303 = ORIENTED_EDGE('',*,*,#359,.F.);
#1304 = PLANE('',#1305);
#1305 = AXIS2_PLACEMENT_3D('',#1306,#1307,#1308);
#1306 = CARTESIAN_POINT('',(-80.,-435.,370.));
#1307 = DIRECTION('',(0.,0.,1.));
#1308 = DIRECTION('',(0.,-1.,0.));
#1309 = ADVANCED_FACE('',(#1310),#1328,.F.);
#1310 = FACE_BOUND('',#1311,.F.);
#1311 = EDGE_LOOP('',(#1312,#1320,#1326,#1327));
#1312 = ORIENTED_EDGE('',*,*,#1313,.F.);
#1313 = EDGE_CURVE('',#1314,#379,#1316,.T.);
#1314 = VERTEX_POINT('',#1315);
#1315 = CARTESIAN_POINT('',(80.,-468.2146943443,230.));
#1316 = LINE('',#1317,#1318);
#1317 = CARTESIAN_POINT('',(80.,-435.,230.));
#1318 = VECTOR('',#1319,1.);
#1319 = DIRECTION('',(0.,-1.,0.));
#1320 = ORIENTED_EDGE('',*,*,#1321,.F.);
#1321 = EDGE_CURVE('',#1282,#1314,#1322,.T.);
#1322 = LINE('',#1323,#1324);
#1323 = CARTESIAN_POINT('',(80.,-468.2146943443,150.));
#1324 = VECTOR('',#1325,1.);
#1325 = DIRECTION('',(-0.,-0.,-1.));
#1326 = ORIENTED_EDGE('',*,*,#1281,.T.);
#1327 = ORIENTED_EDGE('',*,*,#387,.T.);
#1328 = PLANE('',#1329);
#1329 = AXIS2_PLACEMENT_3D('',#1330,#1331,#1332);
#1330 = CARTESIAN_POINT('',(80.,-435.,230.));
#1331 = DIRECTION('',(1.,0.,0.));
#1332 = DIRECTION('',(0.,0.,1.));
#1333 = ADVANCED_FACE('',(#1334),#1353,.T.);
#1334 = FACE_BOUND('',#1335,.T.);
#1335 = EDGE_LOOP('',(#1336,#1337,#1346,#1352));
#1336 = ORIENTED_EDGE('',*,*,#1313,.F.);
#1337 = ORIENTED_EDGE('',*,*,#1338,.T.);
#1338 = EDGE_CURVE('',#1314,#1339,#1341,.T.);
#1339 = VERTEX_POINT('',#1340);
#1340 = CARTESIAN_POINT('',(-80.,-468.2146943443,230.));
#1341 = CIRCLE('',#1342,475.);
#1342 = AXIS2_PLACEMENT_3D('',#1343,#1344,#1345);
#1343 = CARTESIAN_POINT('',(0.,0.,230.));
#1344 = DIRECTION('',(0.,0.,-1.));
#1345 = DIRECTION('',(1.,0.,0.));
#1346 = ORIENTED_EDGE('',*,*,#1347,.T.);
#1347 = EDGE_CURVE('',#1339,#371,#1348,.T.);
#1348 = LINE('',#1349,#1350);
#1349 = CARTESIAN_POINT('',(-80.,-435.,230.));
#1350 = VECTOR('',#1351,1.);
#1351 = DIRECTION('',(0.,-1.,0.));
#1352 = ORIENTED_EDGE('',*,*,#378,.F.);
#1353 = PLANE('',#1354);
#1354 = AXIS2_PLACEMENT_3D('',#1355,#1356,#1357);
#1355 = CARTESIAN_POINT('',(-80.,-435.,230.));
#1356 = DIRECTION('',(0.,0.,1.));
#1357 = DIRECTION('',(0.,-1.,0.));
#1358 = ADVANCED_FACE('',(#1359),#1370,.T.);
#1359 = FACE_BOUND('',#1360,.T.);
#1360 = EDGE_LOOP('',(#1361,#1362,#1368,#1369));
#1361 = ORIENTED_EDGE('',*,*,#1347,.F.);
#1362 = ORIENTED_EDGE('',*,*,#1363,.F.);
#1363 = EDGE_CURVE('',#1290,#1339,#1364,.T.);
#1364 = LINE('',#1365,#1366);
#1365 = CARTESIAN_POINT('',(-80.,-468.2146943443,150.));
#1366 = VECTOR('',#1367,1.);
#1367 = DIRECTION('',(-0.,-0.,-1.));
#1368 = ORIENTED_EDGE('',*,*,#1298,.T.);
#1369 = ORIENTED_EDGE('',*,*,#370,.T.);
#1370 = PLANE('',#1371);
#1371 = AXIS2_PLACEMENT_3D('',#1372,#1373,#1374);
#1372 = CARTESIAN_POINT('',(-80.,-435.,230.));
#1373 = DIRECTION('',(1.,0.,0.));
#1374 = DIRECTION('',(0.,0.,1.));
#1375 = ADVANCED_FACE('',(#1376),#1402,.F.);
#1376 = FACE_BOUND('',#1377,.F.);
#1377 = EDGE_LOOP('',(#1378,#1386,#1395,#1401));
#1378 = ORIENTED_EDGE('',*,*,#1379,.F.);
#1379 = EDGE_CURVE('',#1380,#396,#1382,.T.);
#1380 = VERTEX_POINT('',#1381);
#1381 = CARTESIAN_POINT('',(387.64632791702,-274.5092429271,370.));
#1382 = LINE('',#1383,#1384);
#1383 = CARTESIAN_POINT('',(364.15999231107,-251.0229073212,370.));
#1384 = VECTOR('',#1385,1.);
#1385 = DIRECTION('',(0.707106781187,-0.707106781187,0.));
#1386 = ORIENTED_EDGE('',*,*,#1387,.T.);
#1387 = EDGE_CURVE('',#1380,#1388,#1390,.T.);
#1388 = VERTEX_POINT('',#1389);
#1389 = CARTESIAN_POINT('',(274.50924292717,-387.646327917,370.));
#1390 = CIRCLE('',#1391,475.);
#1391 = AXIS2_PLACEMENT_3D('',#1392,#1393,#1394);
#1392 = CARTESIAN_POINT('',(0.,0.,370.));
#1393 = DIRECTION('',(0.,0.,-1.));
#1394 = DIRECTION('',(1.,0.,0.));
#1395 = ORIENTED_EDGE('',*,*,#1396,.T.);
#1396 = EDGE_CURVE('',#1388,#398,#1397,.T.);
#1397 = LINE('',#1398,#1399);
#1398 = CARTESIAN_POINT('',(251.02290732122,-364.159992311,370.));
#1399 = VECTOR('',#1400,1.);
#1400 = DIRECTION('',(0.707106781187,-0.707106781187,0.));
#1401 = ORIENTED_EDGE('',*,*,#395,.F.);
#1402 = PLANE('',#1403);
#1403 = AXIS2_PLACEMENT_3D('',#1404,#1405,#1406);
#1404 = CARTESIAN_POINT('',(251.02290732122,-364.159992311,370.));
#1405 = DIRECTION('',(0.,0.,1.));
#1406 = DIRECTION('',(0.707106781187,-0.707106781187,0.));
#1407 = ADVANCED_FACE('',(#1408),#1426,.F.);
#1408 = FACE_BOUND('',#1409,.F.);
#1409 = EDGE_LOOP('',(#1410,#1418,#1424,#1425));
#1410 = ORIENTED_EDGE('',*,*,#1411,.F.);
#1411 = EDGE_CURVE('',#1412,#415,#1414,.T.);
#1412 = VERTEX_POINT('',#1413);
#1413 = CARTESIAN_POINT('',(387.64632791702,-274.5092429271,230.));
#1414 = LINE('',#1415,#1416);
#1415 = CARTESIAN_POINT('',(364.15999231107,-251.0229073212,230.));
#1416 = VECTOR('',#1417,1.);
#1417 = DIRECTION('',(0.707106781187,-0.707106781187,0.));
#1418 = ORIENTED_EDGE('',*,*,#1419,.F.);
#1419 = EDGE_CURVE('',#1380,#1412,#1420,.T.);
#1420 = LINE('',#1421,#1422);
#1421 = CARTESIAN_POINT('',(387.64632791702,-274.5092429271,150.));
#1422 = VECTOR('',#1423,1.);
#1423 = DIRECTION('',(-0.,-0.,-1.));
#1424 = ORIENTED_EDGE('',*,*,#1379,.T.);
#1425 = ORIENTED_EDGE('',*,*,#423,.T.);
#1426 = PLANE('',#1427);
#1427 = AXIS2_PLACEMENT_3D('',#1428,#1429,#1430);
#1428 = CARTESIAN_POINT('',(364.15999231107,-251.0229073212,230.));
#1429 = DIRECTION('',(0.707106781187,0.707106781187,0.));
#1430 = DIRECTION('',(0.,0.,1.));
#1431 = ADVANCED_FACE('',(#1432),#1451,.T.);
#1432 = FACE_BOUND('',#1433,.T.);
#1433 = EDGE_LOOP('',(#1434,#1435,#1444,#1450));
#1434 = ORIENTED_EDGE('',*,*,#1411,.F.);
#1435 = ORIENTED_EDGE('',*,*,#1436,.T.);
#1436 = EDGE_CURVE('',#1412,#1437,#1439,.T.);
#1437 = VERTEX_POINT('',#1438);
#1438 = CARTESIAN_POINT('',(274.50924292717,-387.646327917,230.));
#1439 = CIRCLE('',#1440,475.);
#1440 = AXIS2_PLACEMENT_3D('',#1441,#1442,#1443);
#1441 = CARTESIAN_POINT('',(0.,0.,230.));
#1442 = DIRECTION('',(0.,0.,-1.));
#1443 = DIRECTION('',(1.,0.,0.));
#1444 = ORIENTED_EDGE('',*,*,#1445,.T.);
#1445 = EDGE_CURVE('',#1437,#407,#1446,.T.);
#1446 = LINE('',#1447,#1448);
#1447 = CARTESIAN_POINT('',(251.02290732122,-364.159992311,230.));
#1448 = VECTOR('',#1449,1.);
#1449 = DIRECTION('',(0.707106781187,-0.707106781187,0.));
#1450 = ORIENTED_EDGE('',*,*,#414,.F.);
#1451 = PLANE('',#1452);
#1452 = AXIS2_PLACEMENT_3D('',#1453,#1454,#1455);
#1453 = CARTESIAN_POINT('',(251.02290732122,-364.159992311,230.));
#1454 = DIRECTION('',(0.,0.,1.));
#1455 = DIRECTION('',(0.707106781187,-0.707106781187,0.));
#1456 = ADVANCED_FACE('',(#1457),#1468,.T.);
#1457 = FACE_BOUND('',#1458,.T.);
#1458 = EDGE_LOOP('',(#1459,#1460,#1466,#1467));
#1459 = ORIENTED_EDGE('',*,*,#1445,.F.);
#1460 = ORIENTED_EDGE('',*,*,#1461,.F.);
#1461 = EDGE_CURVE('',#1388,#1437,#1462,.T.);
#1462 = LINE('',#1463,#1464);
#1463 = CARTESIAN_POINT('',(274.50924292717,-387.646327917,150.));
#1464 = VECTOR('',#1465,1.);
#1465 = DIRECTION('',(-0.,-0.,-1.));
#1466 = ORIENTED_EDGE('',*,*,#1396,.T.);
#1467 = ORIENTED_EDGE('',*,*,#406,.T.);
#1468 = PLANE('',#1469);
#1469 = AXIS2_PLACEMENT_3D('',#1470,#1471,#1472);
#1470 = CARTESIAN_POINT('',(251.02290732122,-364.159992311,230.));
#1471 = DIRECTION('',(0.707106781187,0.707106781187,0.));
#1472 = DIRECTION('',(0.,0.,1.));
#1473 = ADVANCED_FACE('',(#1474,#1498,#1504,#1510,#1516,#1522,#1528,
    #1534,#1540,#1546),#1552,.F.);
#1474 = FACE_BOUND('',#1475,.T.);
#1475 = EDGE_LOOP('',(#1476,#1477,#1483,#1484,#1485,#1486,#1492,#1493,
    #1494,#1495,#1496,#1497));
#1476 = ORIENTED_EDGE('',*,*,#440,.F.);
#1477 = ORIENTED_EDGE('',*,*,#1478,.T.);
#1478 = EDGE_CURVE('',#441,#466,#1479,.T.);
#1479 = LINE('',#1480,#1481);
#1480 = CARTESIAN_POINT('',(475.,-1.1634E-13,150.));
#1481 = VECTOR('',#1482,1.);
#1482 = DIRECTION('',(0.,0.,1.));
#1483 = ORIENTED_EDGE('',*,*,#465,.F.);
#1484 = ORIENTED_EDGE('',*,*,#579,.F.);
#1485 = ORIENTED_EDGE('',*,*,#531,.T.);
#1486 = ORIENTED_EDGE('',*,*,#1487,.T.);
#1487 = EDGE_CURVE('',#532,#562,#1488,.T.);
#1488 = LINE('',#1489,#1490);
#1489 = CARTESIAN_POINT('',(475.,-1.1634E-13,150.));
#1490 = VECTOR('',#1491,1.);
#1491 = DIRECTION('',(0.,0.,1.));
#1492 = ORIENTED_EDGE('',*,*,#561,.T.);
#1493 = ORIENTED_EDGE('',*,*,#1487,.F.);
#1494 = ORIENTED_EDGE('',*,*,#540,.T.);
#1495 = ORIENTED_EDGE('',*,*,#500,.T.);
#1496 = ORIENTED_EDGE('',*,*,#474,.F.);
#1497 = ORIENTED_EDGE('',*,*,#1478,.F.);
#1498 = FACE_BOUND('',#1499,.T.);
#1499 = EDGE_LOOP('',(#1500,#1501,#1502,#1503));
#1500 = ORIENTED_EDGE('',*,*,#612,.T.);
#1501 = ORIENTED_EDGE('',*,*,#661,.T.);
#1502 = ORIENTED_EDGE('',*,*,#678,.F.);
#1503 = ORIENTED_EDGE('',*,*,#637,.F.);
#1504 = FACE_BOUND('',#1505,.T.);
#1505 = EDGE_LOOP('',(#1506,#1507,#1508,#1509));
#1506 = ORIENTED_EDGE('',*,*,#701,.T.);
#1507 = ORIENTED_EDGE('',*,*,#775,.T.);
#1508 = ORIENTED_EDGE('',*,*,#750,.F.);
#1509 = ORIENTED_EDGE('',*,*,#733,.F.);
#1510 = FACE_BOUND('',#1511,.T.);
#1511 = EDGE_LOOP('',(#1512,#1513,#1514,#1515));
#1512 = ORIENTED_EDGE('',*,*,#799,.T.);
#1513 = ORIENTED_EDGE('',*,*,#873,.T.);
#1514 = ORIENTED_EDGE('',*,*,#848,.F.);
#1515 = ORIENTED_EDGE('',*,*,#831,.F.);
#1516 = FACE_BOUND('',#1517,.T.);
#1517 = EDGE_LOOP('',(#1518,#1519,#1520,#1521));
#1518 = ORIENTED_EDGE('',*,*,#897,.T.);
#1519 = ORIENTED_EDGE('',*,*,#971,.T.);
#1520 = ORIENTED_EDGE('',*,*,#946,.F.);
#1521 = ORIENTED_EDGE('',*,*,#929,.F.);
#1522 = FACE_BOUND('',#1523,.T.);
#1523 = EDGE_LOOP('',(#1524,#1525,#1526,#1527));
#1524 = ORIENTED_EDGE('',*,*,#1102,.T.);
#1525 = ORIENTED_EDGE('',*,*,#1151,.T.);
#1526 = ORIENTED_EDGE('',*,*,#1168,.F.);
#1527 = ORIENTED_EDGE('',*,*,#1127,.F.);
#1528 = FACE_BOUND('',#1529,.T.);
#1529 = EDGE_LOOP('',(#1530,#1531,#1532,#1533));
#1530 = ORIENTED_EDGE('',*,*,#995,.T.);
#1531 = ORIENTED_EDGE('',*,*,#1069,.T.);
#1532 = ORIENTED_EDGE('',*,*,#1044,.F.);
#1533 = ORIENTED_EDGE('',*,*,#1027,.F.);
#1534 = FACE_BOUND('',#1535,.T.);
#1535 = EDGE_LOOP('',(#1536,#1537,#1538,#1539));
#1536 = ORIENTED_EDGE('',*,*,#1191,.T.);
#1537 = ORIENTED_EDGE('',*,*,#1265,.T.);
#1538 = ORIENTED_EDGE('',*,*,#1240,.F.);
#1539 = ORIENTED_EDGE('',*,*,#1223,.F.);
#1540 = FACE_BOUND('',#1541,.T.);
#1541 = EDGE_LOOP('',(#1542,#1543,#1544,#1545));
#1542 = ORIENTED_EDGE('',*,*,#1289,.T.);
#1543 = ORIENTED_EDGE('',*,*,#1363,.T.);
#1544 = ORIENTED_EDGE('',*,*,#1338,.F.);
#1545 = ORIENTED_EDGE('',*,*,#1321,.F.);
#1546 = FACE_BOUND('',#1547,.T.);
#1547 = EDGE_LOOP('',(#1548,#1549,#1550,#1551));
#1548 = ORIENTED_EDGE('',*,*,#1387,.T.);
#1549 = ORIENTED_EDGE('',*,*,#1461,.T.);
#1550 = ORIENTED_EDGE('',*,*,#1436,.F.);
#1551 = ORIENTED_EDGE('',*,*,#1419,.F.);
#1552 = CYLINDRICAL_SURFACE('',#1553,475.);
#1553 = AXIS2_PLACEMENT_3D('',#1554,#1555,#1556);
#1554 = CARTESIAN_POINT('',(0.,0.,150.));
#1555 = DIRECTION('',(-0.,-0.,-1.));
#1556 = DIRECTION('',(1.,0.,0.));
#1557 = MANIFOLD_SOLID_BREP('',#1558);
#1558 = CLOSED_SHELL('',(#1559,#1601,#1632,#1657,#1681,#1699));
#1559 = ADVANCED_FACE('',(#1560),#1596,.T.);
#1560 = FACE_BOUND('',#1561,.F.);
#1561 = EDGE_LOOP('',(#1562,#1572,#1581,#1589));
#1562 = ORIENTED_EDGE('',*,*,#1563,.F.);
#1563 = EDGE_CURVE('',#1564,#1566,#1568,.T.);
#1564 = VERTEX_POINT('',#1565);
#1565 = CARTESIAN_POINT('',(-325.,-349.1475332864,965.));
#1566 = VERTEX_POINT('',#1567);
#1567 = CARTESIAN_POINT('',(-325.,-349.1475332864,625.));
#1568 = LINE('',#1569,#1570);
#1569 = CARTESIAN_POINT('',(-325.,-349.1475332864,150.));
#1570 = VECTOR('',#1571,1.);
#1571 = DIRECTION('',(-0.,-0.,-1.));
#1572 = ORIENTED_EDGE('',*,*,#1573,.F.);
#1573 = EDGE_CURVE('',#1574,#1564,#1576,.T.);
#1574 = VERTEX_POINT('',#1575);
#1575 = CARTESIAN_POINT('',(325.,-349.1475332864,965.));
#1576 = CIRCLE('',#1577,477.);
#1577 = AXIS2_PLACEMENT_3D('',#1578,#1579,#1580);
#1578 = CARTESIAN_POINT('',(0.,0.,965.));
#1579 = DIRECTION('',(0.,0.,-1.));
#1580 = DIRECTION('',(1.,0.,0.));
#1581 = ORIENTED_EDGE('',*,*,#1582,.T.);
#1582 = EDGE_CURVE('',#1574,#1583,#1585,.T.);
#1583 = VERTEX_POINT('',#1584);
#1584 = CARTESIAN_POINT('',(325.,-349.1475332864,625.));
#1585 = LINE('',#1586,#1587);
#1586 = CARTESIAN_POINT('',(325.,-349.1475332864,150.));
#1587 = VECTOR('',#1588,1.);
#1588 = DIRECTION('',(-0.,-0.,-1.));
#1589 = ORIENTED_EDGE('',*,*,#1590,.T.);
#1590 = EDGE_CURVE('',#1583,#1566,#1591,.T.);
#1591 = CIRCLE('',#1592,477.);
#1592 = AXIS2_PLACEMENT_3D('',#1593,#1594,#1595);
#1593 = CARTESIAN_POINT('',(0.,0.,625.));
#1594 = DIRECTION('',(0.,0.,-1.));
#1595 = DIRECTION('',(1.,0.,0.));
#1596 = CYLINDRICAL_SURFACE('',#1597,477.);
#1597 = AXIS2_PLACEMENT_3D('',#1598,#1599,#1600);
#1598 = CARTESIAN_POINT('',(0.,0.,150.));
#1599 = DIRECTION('',(-0.,-0.,-1.));
#1600 = DIRECTION('',(1.,0.,0.));
#1601 = ADVANCED_FACE('',(#1602),#1627,.F.);
#1602 = FACE_BOUND('',#1603,.F.);
#1603 = EDGE_LOOP('',(#1604,#1612,#1613,#1621));
#1604 = ORIENTED_EDGE('',*,*,#1605,.F.);
#1605 = EDGE_CURVE('',#1564,#1606,#1608,.T.);
#1606 = VERTEX_POINT('',#1607);
#1607 = CARTESIAN_POINT('',(-325.,-346.4101615137,965.));
#1608 = LINE('',#1609,#1610);
#1609 = CARTESIAN_POINT('',(-325.,-950.,965.));
#1610 = VECTOR('',#1611,1.);
#1611 = DIRECTION('',(0.,1.,0.));
#1612 = ORIENTED_EDGE('',*,*,#1563,.T.);
#1613 = ORIENTED_EDGE('',*,*,#1614,.T.);
#1614 = EDGE_CURVE('',#1566,#1615,#1617,.T.);
#1615 = VERTEX_POINT('',#1616);
#1616 = CARTESIAN_POINT('',(-325.,-346.4101615137,625.));
#1617 = LINE('',#1618,#1619);
#1618 = CARTESIAN_POINT('',(-325.,-950.,625.));
#1619 = VECTOR('',#1620,1.);
#1620 = DIRECTION('',(0.,1.,0.));
#1621 = ORIENTED_EDGE('',*,*,#1622,.F.);
#1622 = EDGE_CURVE('',#1606,#1615,#1623,.T.);
#1623 = LINE('',#1624,#1625);
#1624 = CARTESIAN_POINT('',(-325.,-346.4101615137,150.));
#1625 = VECTOR('',#1626,1.);
#1626 = DIRECTION('',(-0.,-0.,-1.));
#1627 = PLANE('',#1628);
#1628 = AXIS2_PLACEMENT_3D('',#1629,#1630,#1631);
#1629 = CARTESIAN_POINT('',(-325.,-950.,625.));
#1630 = DIRECTION('',(1.,0.,0.));
#1631 = DIRECTION('',(0.,0.,1.));
#1632 = ADVANCED_FACE('',(#1633),#1652,.F.);
#1633 = FACE_BOUND('',#1634,.F.);
#1634 = EDGE_LOOP('',(#1635,#1636,#1637,#1645));
#1635 = ORIENTED_EDGE('',*,*,#1614,.F.);
#1636 = ORIENTED_EDGE('',*,*,#1590,.F.);
#1637 = ORIENTED_EDGE('',*,*,#1638,.T.);
#1638 = EDGE_CURVE('',#1583,#1639,#1641,.T.);
#1639 = VERTEX_POINT('',#1640);
#1640 = CARTESIAN_POINT('',(325.,-346.4101615137,625.));
#1641 = LINE('',#1642,#1643);
#1642 = CARTESIAN_POINT('',(325.,-950.,625.));
#1643 = VECTOR('',#1644,1.);
#1644 = DIRECTION('',(0.,1.,0.));
#1645 = ORIENTED_EDGE('',*,*,#1646,.T.);
#1646 = EDGE_CURVE('',#1639,#1615,#1647,.T.);
#1647 = CIRCLE('',#1648,475.);
#1648 = AXIS2_PLACEMENT_3D('',#1649,#1650,#1651);
#1649 = CARTESIAN_POINT('',(0.,0.,625.));
#1650 = DIRECTION('',(0.,0.,-1.));
#1651 = DIRECTION('',(1.,0.,0.));
#1652 = PLANE('',#1653);
#1653 = AXIS2_PLACEMENT_3D('',#1654,#1655,#1656);
#1654 = CARTESIAN_POINT('',(-325.,-950.,625.));
#1655 = DIRECTION('',(0.,0.,1.));
#1656 = DIRECTION('',(1.,0.,0.));
#1657 = ADVANCED_FACE('',(#1658),#1676,.T.);
#1658 = FACE_BOUND('',#1659,.T.);
#1659 = EDGE_LOOP('',(#1660,#1668,#1669,#1670));
#1660 = ORIENTED_EDGE('',*,*,#1661,.F.);
#1661 = EDGE_CURVE('',#1574,#1662,#1664,.T.);
#1662 = VERTEX_POINT('',#1663);
#1663 = CARTESIAN_POINT('',(325.,-346.4101615137,965.));
#1664 = LINE('',#1665,#1666);
#1665 = CARTESIAN_POINT('',(325.,-950.,965.));
#1666 = VECTOR('',#1667,1.);
#1667 = DIRECTION('',(0.,1.,0.));
#1668 = ORIENTED_EDGE('',*,*,#1582,.T.);
#1669 = ORIENTED_EDGE('',*,*,#1638,.T.);
#1670 = ORIENTED_EDGE('',*,*,#1671,.F.);
#1671 = EDGE_CURVE('',#1662,#1639,#1672,.T.);
#1672 = LINE('',#1673,#1674);
#1673 = CARTESIAN_POINT('',(325.,-346.4101615137,150.));
#1674 = VECTOR('',#1675,1.);
#1675 = DIRECTION('',(-0.,-0.,-1.));
#1676 = PLANE('',#1677);
#1677 = AXIS2_PLACEMENT_3D('',#1678,#1679,#1680);
#1678 = CARTESIAN_POINT('',(325.,-950.,625.));
#1679 = DIRECTION('',(1.,0.,0.));
#1680 = DIRECTION('',(0.,0.,1.));
#1681 = ADVANCED_FACE('',(#1682),#1694,.T.);
#1682 = FACE_BOUND('',#1683,.T.);
#1683 = EDGE_LOOP('',(#1684,#1685,#1686,#1687));
#1684 = ORIENTED_EDGE('',*,*,#1605,.F.);
#1685 = ORIENTED_EDGE('',*,*,#1573,.F.);
#1686 = ORIENTED_EDGE('',*,*,#1661,.T.);
#1687 = ORIENTED_EDGE('',*,*,#1688,.T.);
#1688 = EDGE_CURVE('',#1662,#1606,#1689,.T.);
#1689 = CIRCLE('',#1690,475.);
#1690 = AXIS2_PLACEMENT_3D('',#1691,#1692,#1693);
#1691 = CARTESIAN_POINT('',(0.,0.,965.));
#1692 = DIRECTION('',(0.,0.,-1.));
#1693 = DIRECTION('',(1.,0.,0.));
#1694 = PLANE('',#1695);
#1695 = AXIS2_PLACEMENT_3D('',#1696,#1697,#1698);
#1696 = CARTESIAN_POINT('',(-325.,-950.,965.));
#1697 = DIRECTION('',(0.,0.,1.));
#1698 = DIRECTION('',(1.,0.,0.));
#1699 = ADVANCED_FACE('',(#1700),#1706,.F.);
#1700 = FACE_BOUND('',#1701,.T.);
#1701 = EDGE_LOOP('',(#1702,#1703,#1704,#1705));
#1702 = ORIENTED_EDGE('',*,*,#1622,.F.);
#1703 = ORIENTED_EDGE('',*,*,#1688,.F.);
#1704 = ORIENTED_EDGE('',*,*,#1671,.T.);
#1705 = ORIENTED_EDGE('',*,*,#1646,.T.);
#1706 = CYLINDRICAL_SURFACE('',#1707,475.);
#1707 = AXIS2_PLACEMENT_3D('',#1708,#1709,#1710);
#1708 = CARTESIAN_POINT('',(0.,0.,150.));
#1709 = DIRECTION('',(-0.,-0.,-1.));
#1710 = DIRECTION('',(1.,0.,0.));
#1711 = MANIFOLD_SOLID_BREP('',#1712);
#1712 = CLOSED_SHELL('',(#1713,#1755,#1786,#1811,#1835,#1853));
#1713 = ADVANCED_FACE('',(#1714),#1750,.T.);
#1714 = FACE_BOUND('',#1715,.F.);
#1715 = EDGE_LOOP('',(#1716,#1726,#1735,#1743));
#1716 = ORIENTED_EDGE('',*,*,#1717,.F.);
#1717 = EDGE_CURVE('',#1718,#1720,#1722,.T.);
#1718 = VERTEX_POINT('',#1719);
#1719 = CARTESIAN_POINT('',(-325.,-349.1475332864,520.));
#1720 = VERTEX_POINT('',#1721);
#1721 = CARTESIAN_POINT('',(-325.,-349.1475332864,430.));
#1722 = LINE('',#1723,#1724);
#1723 = CARTESIAN_POINT('',(-325.,-349.1475332864,150.));
#1724 = VECTOR('',#1725,1.);
#1725 = DIRECTION('',(-0.,-0.,-1.));
#1726 = ORIENTED_EDGE('',*,*,#1727,.F.);
#1727 = EDGE_CURVE('',#1728,#1718,#1730,.T.);
#1728 = VERTEX_POINT('',#1729);
#1729 = CARTESIAN_POINT('',(325.,-349.1475332864,520.));
#1730 = CIRCLE('',#1731,477.);
#1731 = AXIS2_PLACEMENT_3D('',#1732,#1733,#1734);
#1732 = CARTESIAN_POINT('',(0.,0.,520.));
#1733 = DIRECTION('',(0.,0.,-1.));
#1734 = DIRECTION('',(1.,0.,0.));
#1735 = ORIENTED_EDGE('',*,*,#1736,.T.);
#1736 = EDGE_CURVE('',#1728,#1737,#1739,.T.);
#1737 = VERTEX_POINT('',#1738);
#1738 = CARTESIAN_POINT('',(325.,-349.1475332864,430.));
#1739 = LINE('',#1740,#1741);
#1740 = CARTESIAN_POINT('',(325.,-349.1475332864,150.));
#1741 = VECTOR('',#1742,1.);
#1742 = DIRECTION('',(-0.,-0.,-1.));
#1743 = ORIENTED_EDGE('',*,*,#1744,.T.);
#1744 = EDGE_CURVE('',#1737,#1720,#1745,.T.);
#1745 = CIRCLE('',#1746,477.);
#1746 = AXIS2_PLACEMENT_3D('',#1747,#1748,#1749);
#1747 = CARTESIAN_POINT('',(0.,0.,430.));
#1748 = DIRECTION('',(0.,0.,-1.));
#1749 = DIRECTION('',(1.,0.,0.));
#1750 = CYLINDRICAL_SURFACE('',#1751,477.);
#1751 = AXIS2_PLACEMENT_3D('',#1752,#1753,#1754);
#1752 = CARTESIAN_POINT('',(0.,0.,150.));
#1753 = DIRECTION('',(-0.,-0.,-1.));
#1754 = DIRECTION('',(1.,0.,0.));
#1755 = ADVANCED_FACE('',(#1756),#1781,.F.);
#1756 = FACE_BOUND('',#1757,.F.);
#1757 = EDGE_LOOP('',(#1758,#1766,#1767,#1775));
#1758 = ORIENTED_EDGE('',*,*,#1759,.F.);
#1759 = EDGE_CURVE('',#1718,#1760,#1762,.T.);
#1760 = VERTEX_POINT('',#1761);
#1761 = CARTESIAN_POINT('',(-325.,-346.4101615137,520.));
#1762 = LINE('',#1763,#1764);
#1763 = CARTESIAN_POINT('',(-325.,-950.,520.));
#1764 = VECTOR('',#1765,1.);
#1765 = DIRECTION('',(0.,1.,0.));
#1766 = ORIENTED_EDGE('',*,*,#1717,.T.);
#1767 = ORIENTED_EDGE('',*,*,#1768,.T.);
#1768 = EDGE_CURVE('',#1720,#1769,#1771,.T.);
#1769 = VERTEX_POINT('',#1770);
#1770 = CARTESIAN_POINT('',(-325.,-346.4101615137,430.));
#1771 = LINE('',#1772,#1773);
#1772 = CARTESIAN_POINT('',(-325.,-950.,430.));
#1773 = VECTOR('',#1774,1.);
#1774 = DIRECTION('',(0.,1.,0.));
#1775 = ORIENTED_EDGE('',*,*,#1776,.F.);
#1776 = EDGE_CURVE('',#1760,#1769,#1777,.T.);
#1777 = LINE('',#1778,#1779);
#1778 = CARTESIAN_POINT('',(-325.,-346.4101615137,150.));
#1779 = VECTOR('',#1780,1.);
#1780 = DIRECTION('',(-0.,-0.,-1.));
#1781 = PLANE('',#1782);
#1782 = AXIS2_PLACEMENT_3D('',#1783,#1784,#1785);
#1783 = CARTESIAN_POINT('',(-325.,-950.,430.));
#1784 = DIRECTION('',(1.,0.,0.));
#1785 = DIRECTION('',(0.,0.,1.));
#1786 = ADVANCED_FACE('',(#1787),#1806,.F.);
#1787 = FACE_BOUND('',#1788,.F.);
#1788 = EDGE_LOOP('',(#1789,#1790,#1791,#1799));
#1789 = ORIENTED_EDGE('',*,*,#1768,.F.);
#1790 = ORIENTED_EDGE('',*,*,#1744,.F.);
#1791 = ORIENTED_EDGE('',*,*,#1792,.T.);
#1792 = EDGE_CURVE('',#1737,#1793,#1795,.T.);
#1793 = VERTEX_POINT('',#1794);
#1794 = CARTESIAN_POINT('',(325.,-346.4101615137,430.));
#1795 = LINE('',#1796,#1797);
#1796 = CARTESIAN_POINT('',(325.,-950.,430.));
#1797 = VECTOR('',#1798,1.);
#1798 = DIRECTION('',(0.,1.,0.));
#1799 = ORIENTED_EDGE('',*,*,#1800,.T.);
#1800 = EDGE_CURVE('',#1793,#1769,#1801,.T.);
#1801 = CIRCLE('',#1802,475.);
#1802 = AXIS2_PLACEMENT_3D('',#1803,#1804,#1805);
#1803 = CARTESIAN_POINT('',(0.,0.,430.));
#1804 = DIRECTION('',(0.,0.,-1.));
#1805 = DIRECTION('',(1.,0.,0.));
#1806 = PLANE('',#1807);
#1807 = AXIS2_PLACEMENT_3D('',#1808,#1809,#1810);
#1808 = CARTESIAN_POINT('',(-325.,-950.,430.));
#1809 = DIRECTION('',(0.,0.,1.));
#1810 = DIRECTION('',(1.,0.,0.));
#1811 = ADVANCED_FACE('',(#1812),#1830,.T.);
#1812 = FACE_BOUND('',#1813,.T.);
#1813 = EDGE_LOOP('',(#1814,#1822,#1823,#1824));
#1814 = ORIENTED_EDGE('',*,*,#1815,.F.);
#1815 = EDGE_CURVE('',#1728,#1816,#1818,.T.);
#1816 = VERTEX_POINT('',#1817);
#1817 = CARTESIAN_POINT('',(325.,-346.4101615137,520.));
#1818 = LINE('',#1819,#1820);
#1819 = CARTESIAN_POINT('',(325.,-950.,520.));
#1820 = VECTOR('',#1821,1.);
#1821 = DIRECTION('',(0.,1.,0.));
#1822 = ORIENTED_EDGE('',*,*,#1736,.T.);
#1823 = ORIENTED_EDGE('',*,*,#1792,.T.);
#1824 = ORIENTED_EDGE('',*,*,#1825,.F.);
#1825 = EDGE_CURVE('',#1816,#1793,#1826,.T.);
#1826 = LINE('',#1827,#1828);
#1827 = CARTESIAN_POINT('',(325.,-346.4101615137,150.));
#1828 = VECTOR('',#1829,1.);
#1829 = DIRECTION('',(-0.,-0.,-1.));
#1830 = PLANE('',#1831);
#1831 = AXIS2_PLACEMENT_3D('',#1832,#1833,#1834);
#1832 = CARTESIAN_POINT('',(325.,-950.,430.));
#1833 = DIRECTION('',(1.,0.,0.));
#1834 = DIRECTION('',(0.,0.,1.));
#1835 = ADVANCED_FACE('',(#1836),#1848,.T.);
#1836 = FACE_BOUND('',#1837,.T.);
#1837 = EDGE_LOOP('',(#1838,#1839,#1840,#1841));
#1838 = ORIENTED_EDGE('',*,*,#1759,.F.);
#1839 = ORIENTED_EDGE('',*,*,#1727,.F.);
#1840 = ORIENTED_EDGE('',*,*,#1815,.T.);
#1841 = ORIENTED_EDGE('',*,*,#1842,.T.);
#1842 = EDGE_CURVE('',#1816,#1760,#1843,.T.);
#1843 = CIRCLE('',#1844,475.);
#1844 = AXIS2_PLACEMENT_3D('',#1845,#1846,#1847);
#1845 = CARTESIAN_POINT('',(0.,0.,520.));
#1846 = DIRECTION('',(0.,0.,-1.));
#1847 = DIRECTION('',(1.,0.,0.));
#1848 = PLANE('',#1849);
#1849 = AXIS2_PLACEMENT_3D('',#1850,#1851,#1852);
#1850 = CARTESIAN_POINT('',(-325.,-950.,520.));
#1851 = DIRECTION('',(0.,0.,1.));
#1852 = DIRECTION('',(1.,0.,0.));
#1853 = ADVANCED_FACE('',(#1854),#1860,.F.);
#1854 = FACE_BOUND('',#1855,.T.);
#1855 = EDGE_LOOP('',(#1856,#1857,#1858,#1859));
#1856 = ORIENTED_EDGE('',*,*,#1776,.F.);
#1857 = ORIENTED_EDGE('',*,*,#1842,.F.);
#1858 = ORIENTED_EDGE('',*,*,#1825,.T.);
#1859 = ORIENTED_EDGE('',*,*,#1800,.T.);
#1860 = CYLINDRICAL_SURFACE('',#1861,475.);
#1861 = AXIS2_PLACEMENT_3D('',#1862,#1863,#1864);
#1862 = CARTESIAN_POINT('',(0.,0.,150.));
#1863 = DIRECTION('',(-0.,-0.,-1.));
#1864 = DIRECTION('',(1.,0.,0.));
#1865 = MANIFOLD_SOLID_BREP('',#1866);
#1866 = CLOSED_SHELL('',(#1867,#1907,#1947,#1969,#1991,#2003));
#1867 = ADVANCED_FACE('',(#1868),#1902,.F.);
#1868 = FACE_BOUND('',#1869,.F.);
#1869 = EDGE_LOOP('',(#1870,#1880,#1888,#1896));
#1870 = ORIENTED_EDGE('',*,*,#1871,.F.);
#1871 = EDGE_CURVE('',#1872,#1874,#1876,.T.);
#1872 = VERTEX_POINT('',#1873);
#1873 = CARTESIAN_POINT('',(-296.5,-296.5,648.));
#1874 = VERTEX_POINT('',#1875);
#1875 = CARTESIAN_POINT('',(-296.5,-296.5,940.));
#1876 = LINE('',#1877,#1878);
#1877 = CARTESIAN_POINT('',(-296.5,-296.5,648.));
#1878 = VECTOR('',#1879,1.);
#1879 = DIRECTION('',(0.,0.,1.));
#1880 = ORIENTED_EDGE('',*,*,#1881,.T.);
#1881 = EDGE_CURVE('',#1872,#1882,#1884,.T.);
#1882 = VERTEX_POINT('',#1883);
#1883 = CARTESIAN_POINT('',(-296.5,296.5,648.));
#1884 = LINE('',#1885,#1886);
#1885 = CARTESIAN_POINT('',(-296.5,-296.5,648.));
#1886 = VECTOR('',#1887,1.);
#1887 = DIRECTION('',(0.,1.,0.));
#1888 = ORIENTED_EDGE('',*,*,#1889,.T.);
#1889 = EDGE_CURVE('',#1882,#1890,#1892,.T.);
#1890 = VERTEX_POINT('',#1891);
#1891 = CARTESIAN_POINT('',(-296.5,296.5,940.));
#1892 = LINE('',#1893,#1894);
#1893 = CARTESIAN_POINT('',(-296.5,296.5,648.));
#1894 = VECTOR('',#1895,1.);
#1895 = DIRECTION('',(0.,0.,1.));
#1896 = ORIENTED_EDGE('',*,*,#1897,.F.);
#1897 = EDGE_CURVE('',#1874,#1890,#1898,.T.);
#1898 = LINE('',#1899,#1900);
#1899 = CARTESIAN_POINT('',(-296.5,-296.5,940.));
#1900 = VECTOR('',#1901,1.);
#1901 = DIRECTION('',(0.,1.,0.));
#1902 = PLANE('',#1903);
#1903 = AXIS2_PLACEMENT_3D('',#1904,#1905,#1906);
#1904 = CARTESIAN_POINT('',(-296.5,-296.5,648.));
#1905 = DIRECTION('',(1.,0.,0.));
#1906 = DIRECTION('',(0.,0.,1.));
#1907 = ADVANCED_FACE('',(#1908),#1942,.T.);
#1908 = FACE_BOUND('',#1909,.T.);
#1909 = EDGE_LOOP('',(#1910,#1920,#1928,#1936));
#1910 = ORIENTED_EDGE('',*,*,#1911,.F.);
#1911 = EDGE_CURVE('',#1912,#1914,#1916,.T.);
#1912 = VERTEX_POINT('',#1913);
#1913 = CARTESIAN_POINT('',(296.5,-296.5,648.));
#1914 = VERTEX_POINT('',#1915);
#1915 = CARTESIAN_POINT('',(296.5,-296.5,940.));
#1916 = LINE('',#1917,#1918);
#1917 = CARTESIAN_POINT('',(296.5,-296.5,648.));
#1918 = VECTOR('',#1919,1.);
#1919 = DIRECTION('',(0.,0.,1.));
#1920 = ORIENTED_EDGE('',*,*,#1921,.T.);
#1921 = EDGE_CURVE('',#1912,#1922,#1924,.T.);
#1922 = VERTEX_POINT('',#1923);
#1923 = CARTESIAN_POINT('',(296.5,296.5,648.));
#1924 = LINE('',#1925,#1926);
#1925 = CARTESIAN_POINT('',(296.5,-296.5,648.));
#1926 = VECTOR('',#1927,1.);
#1927 = DIRECTION('',(0.,1.,0.));
#1928 = ORIENTED_EDGE('',*,*,#1929,.T.);
#1929 = EDGE_CURVE('',#1922,#1930,#1932,.T.);
#1930 = VERTEX_POINT('',#1931);
#1931 = CARTESIAN_POINT('',(296.5,296.5,940.));
#1932 = LINE('',#1933,#1934);
#1933 = CARTESIAN_POINT('',(296.5,296.5,648.));
#1934 = VECTOR('',#1935,1.);
#1935 = DIRECTION('',(0.,0.,1.));
#1936 = ORIENTED_EDGE('',*,*,#1937,.F.);
#1937 = EDGE_CURVE('',#1914,#1930,#1938,.T.);
#1938 = LINE('',#1939,#1940);
#1939 = CARTESIAN_POINT('',(296.5,-296.5,940.));
#1940 = VECTOR('',#1941,1.);
#1941 = DIRECTION('',(0.,1.,0.));
#1942 = PLANE('',#1943);
#1943 = AXIS2_PLACEMENT_3D('',#1944,#1945,#1946);
#1944 = CARTESIAN_POINT('',(296.5,-296.5,648.));
#1945 = DIRECTION('',(1.,0.,0.));
#1946 = DIRECTION('',(0.,0.,1.));
#1947 = ADVANCED_FACE('',(#1948),#1964,.F.);
#1948 = FACE_BOUND('',#1949,.F.);
#1949 = EDGE_LOOP('',(#1950,#1956,#1957,#1963));
#1950 = ORIENTED_EDGE('',*,*,#1951,.F.);
#1951 = EDGE_CURVE('',#1872,#1912,#1952,.T.);
#1952 = LINE('',#1953,#1954);
#1953 = CARTESIAN_POINT('',(-296.5,-296.5,648.));
#1954 = VECTOR('',#1955,1.);
#1955 = DIRECTION('',(1.,0.,0.));
#1956 = ORIENTED_EDGE('',*,*,#1871,.T.);
#1957 = ORIENTED_EDGE('',*,*,#1958,.T.);
#1958 = EDGE_CURVE('',#1874,#1914,#1959,.T.);
#1959 = LINE('',#1960,#1961);
#1960 = CARTESIAN_POINT('',(-296.5,-296.5,940.));
#1961 = VECTOR('',#1962,1.);
#1962 = DIRECTION('',(1.,0.,0.));
#1963 = ORIENTED_EDGE('',*,*,#1911,.F.);
#1964 = PLANE('',#1965);
#1965 = AXIS2_PLACEMENT_3D('',#1966,#1967,#1968);
#1966 = CARTESIAN_POINT('',(-296.5,-296.5,648.));
#1967 = DIRECTION('',(0.,1.,0.));
#1968 = DIRECTION('',(0.,0.,1.));
#1969 = ADVANCED_FACE('',(#1970),#1986,.T.);
#1970 = FACE_BOUND('',#1971,.T.);
#1971 = EDGE_LOOP('',(#1972,#1978,#1979,#1985));
#1972 = ORIENTED_EDGE('',*,*,#1973,.F.);
#1973 = EDGE_CURVE('',#1882,#1922,#1974,.T.);
#1974 = LINE('',#1975,#1976);
#1975 = CARTESIAN_POINT('',(-296.5,296.5,648.));
#1976 = VECTOR('',#1977,1.);
#1977 = DIRECTION('',(1.,0.,0.));
#1978 = ORIENTED_EDGE('',*,*,#1889,.T.);
#1979 = ORIENTED_EDGE('',*,*,#1980,.T.);
#1980 = EDGE_CURVE('',#1890,#1930,#1981,.T.);
#1981 = LINE('',#1982,#1983);
#1982 = CARTESIAN_POINT('',(-296.5,296.5,940.));
#1983 = VECTOR('',#1984,1.);
#1984 = DIRECTION('',(1.,0.,0.));
#1985 = ORIENTED_EDGE('',*,*,#1929,.F.);
#1986 = PLANE('',#1987);
#1987 = AXIS2_PLACEMENT_3D('',#1988,#1989,#1990);
#1988 = CARTESIAN_POINT('',(-296.5,296.5,648.));
#1989 = DIRECTION('',(0.,1.,0.));
#1990 = DIRECTION('',(0.,0.,1.));
#1991 = ADVANCED_FACE('',(#1992),#1998,.F.);
#1992 = FACE_BOUND('',#1993,.F.);
#1993 = EDGE_LOOP('',(#1994,#1995,#1996,#1997));
#1994 = ORIENTED_EDGE('',*,*,#1881,.F.);
#1995 = ORIENTED_EDGE('',*,*,#1951,.T.);
#1996 = ORIENTED_EDGE('',*,*,#1921,.T.);
#1997 = ORIENTED_EDGE('',*,*,#1973,.F.);
#1998 = PLANE('',#1999);
#1999 = AXIS2_PLACEMENT_3D('',#2000,#2001,#2002);
#2000 = CARTESIAN_POINT('',(-296.5,-296.5,648.));
#2001 = DIRECTION('',(0.,0.,1.));
#2002 = DIRECTION('',(1.,0.,0.));
#2003 = ADVANCED_FACE('',(#2004),#2010,.T.);
#2004 = FACE_BOUND('',#2005,.T.);
#2005 = EDGE_LOOP('',(#2006,#2007,#2008,#2009));
#2006 = ORIENTED_EDGE('',*,*,#1897,.F.);
#2007 = ORIENTED_EDGE('',*,*,#1958,.T.);
#2008 = ORIENTED_EDGE('',*,*,#1937,.T.);
#2009 = ORIENTED_EDGE('',*,*,#1980,.F.);
#2010 = PLANE('',#2011);
#2011 = AXIS2_PLACEMENT_3D('',#2012,#2013,#2014);
#2012 = CARTESIAN_POINT('',(-296.5,-296.5,940.));
#2013 = DIRECTION('',(0.,0.,1.));
#2014 = DIRECTION('',(1.,0.,0.));
#2015 = MANIFOLD_SOLID_BREP('',#2016);
#2016 = CLOSED_SHELL('',(#2017,#2057,#2097,#2119,#2141,#2153));
#2017 = ADVANCED_FACE('',(#2018),#2052,.F.);
#2018 = FACE_BOUND('',#2019,.F.);
#2019 = EDGE_LOOP('',(#2020,#2030,#2038,#2046));
#2020 = ORIENTED_EDGE('',*,*,#2021,.F.);
#2021 = EDGE_CURVE('',#2022,#2024,#2026,.T.);
#2022 = VERTEX_POINT('',#2023);
#2023 = CARTESIAN_POINT('',(-296.,-296.,450.));
#2024 = VERTEX_POINT('',#2025);
#2025 = CARTESIAN_POINT('',(-296.,-296.,498.));
#2026 = LINE('',#2027,#2028);
#2027 = CARTESIAN_POINT('',(-296.,-296.,450.));
#2028 = VECTOR('',#2029,1.);
#2029 = DIRECTION('',(0.,0.,1.));
#2030 = ORIENTED_EDGE('',*,*,#2031,.T.);
#2031 = EDGE_CURVE('',#2022,#2032,#2034,.T.);
#2032 = VERTEX_POINT('',#2033);
#2033 = CARTESIAN_POINT('',(-296.,296.,450.));
#2034 = LINE('',#2035,#2036);
#2035 = CARTESIAN_POINT('',(-296.,-296.,450.));
#2036 = VECTOR('',#2037,1.);
#2037 = DIRECTION('',(0.,1.,0.));
#2038 = ORIENTED_EDGE('',*,*,#2039,.T.);
#2039 = EDGE_CURVE('',#2032,#2040,#2042,.T.);
#2040 = VERTEX_POINT('',#2041);
#2041 = CARTESIAN_POINT('',(-296.,296.,498.));
#2042 = LINE('',#2043,#2044);
#2043 = CARTESIAN_POINT('',(-296.,296.,450.));
#2044 = VECTOR('',#2045,1.);
#2045 = DIRECTION('',(0.,0.,1.));
#2046 = ORIENTED_EDGE('',*,*,#2047,.F.);
#2047 = EDGE_CURVE('',#2024,#2040,#2048,.T.);
#2048 = LINE('',#2049,#2050);
#2049 = CARTESIAN_POINT('',(-296.,-296.,498.));
#2050 = VECTOR('',#2051,1.);
#2051 = DIRECTION('',(0.,1.,0.));
#2052 = PLANE('',#2053);
#2053 = AXIS2_PLACEMENT_3D('',#2054,#2055,#2056);
#2054 = CARTESIAN_POINT('',(-296.,-296.,450.));
#2055 = DIRECTION('',(1.,0.,0.));
#2056 = DIRECTION('',(0.,0.,1.));
#2057 = ADVANCED_FACE('',(#2058),#2092,.T.);
#2058 = FACE_BOUND('',#2059,.T.);
#2059 = EDGE_LOOP('',(#2060,#2070,#2078,#2086));
#2060 = ORIENTED_EDGE('',*,*,#2061,.F.);
#2061 = EDGE_CURVE('',#2062,#2064,#2066,.T.);
#2062 = VERTEX_POINT('',#2063);
#2063 = CARTESIAN_POINT('',(296.,-296.,450.));
#2064 = VERTEX_POINT('',#2065);
#2065 = CARTESIAN_POINT('',(296.,-296.,498.));
#2066 = LINE('',#2067,#2068);
#2067 = CARTESIAN_POINT('',(296.,-296.,450.));
#2068 = VECTOR('',#2069,1.);
#2069 = DIRECTION('',(0.,0.,1.));
#2070 = ORIENTED_EDGE('',*,*,#2071,.T.);
#2071 = EDGE_CURVE('',#2062,#2072,#2074,.T.);
#2072 = VERTEX_POINT('',#2073);
#2073 = CARTESIAN_POINT('',(296.,296.,450.));
#2074 = LINE('',#2075,#2076);
#2075 = CARTESIAN_POINT('',(296.,-296.,450.));
#2076 = VECTOR('',#2077,1.);
#2077 = DIRECTION('',(0.,1.,0.));
#2078 = ORIENTED_EDGE('',*,*,#2079,.T.);
#2079 = EDGE_CURVE('',#2072,#2080,#2082,.T.);
#2080 = VERTEX_POINT('',#2081);
#2081 = CARTESIAN_POINT('',(296.,296.,498.));
#2082 = LINE('',#2083,#2084);
#2083 = CARTESIAN_POINT('',(296.,296.,450.));
#2084 = VECTOR('',#2085,1.);
#2085 = DIRECTION('',(0.,0.,1.));
#2086 = ORIENTED_EDGE('',*,*,#2087,.F.);
#2087 = EDGE_CURVE('',#2064,#2080,#2088,.T.);
#2088 = LINE('',#2089,#2090);
#2089 = CARTESIAN_POINT('',(296.,-296.,498.));
#2090 = VECTOR('',#2091,1.);
#2091 = DIRECTION('',(0.,1.,0.));
#2092 = PLANE('',#2093);
#2093 = AXIS2_PLACEMENT_3D('',#2094,#2095,#2096);
#2094 = CARTESIAN_POINT('',(296.,-296.,450.));
#2095 = DIRECTION('',(1.,0.,0.));
#2096 = DIRECTION('',(0.,0.,1.));
#2097 = ADVANCED_FACE('',(#2098),#2114,.F.);
#2098 = FACE_BOUND('',#2099,.F.);
#2099 = EDGE_LOOP('',(#2100,#2106,#2107,#2113));
#2100 = ORIENTED_EDGE('',*,*,#2101,.F.);
#2101 = EDGE_CURVE('',#2022,#2062,#2102,.T.);
#2102 = LINE('',#2103,#2104);
#2103 = CARTESIAN_POINT('',(-296.,-296.,450.));
#2104 = VECTOR('',#2105,1.);
#2105 = DIRECTION('',(1.,0.,0.));
#2106 = ORIENTED_EDGE('',*,*,#2021,.T.);
#2107 = ORIENTED_EDGE('',*,*,#2108,.T.);
#2108 = EDGE_CURVE('',#2024,#2064,#2109,.T.);
#2109 = LINE('',#2110,#2111);
#2110 = CARTESIAN_POINT('',(-296.,-296.,498.));
#2111 = VECTOR('',#2112,1.);
#2112 = DIRECTION('',(1.,0.,0.));
#2113 = ORIENTED_EDGE('',*,*,#2061,.F.);
#2114 = PLANE('',#2115);
#2115 = AXIS2_PLACEMENT_3D('',#2116,#2117,#2118);
#2116 = CARTESIAN_POINT('',(-296.,-296.,450.));
#2117 = DIRECTION('',(0.,1.,0.));
#2118 = DIRECTION('',(0.,0.,1.));
#2119 = ADVANCED_FACE('',(#2120),#2136,.T.);
#2120 = FACE_BOUND('',#2121,.T.);
#2121 = EDGE_LOOP('',(#2122,#2128,#2129,#2135));
#2122 = ORIENTED_EDGE('',*,*,#2123,.F.);
#2123 = EDGE_CURVE('',#2032,#2072,#2124,.T.);
#2124 = LINE('',#2125,#2126);
#2125 = CARTESIAN_POINT('',(-296.,296.,450.));
#2126 = VECTOR('',#2127,1.);
#2127 = DIRECTION('',(1.,0.,0.));
#2128 = ORIENTED_EDGE('',*,*,#2039,.T.);
#2129 = ORIENTED_EDGE('',*,*,#2130,.T.);
#2130 = EDGE_CURVE('',#2040,#2080,#2131,.T.);
#2131 = LINE('',#2132,#2133);
#2132 = CARTESIAN_POINT('',(-296.,296.,498.));
#2133 = VECTOR('',#2134,1.);
#2134 = DIRECTION('',(1.,0.,0.));
#2135 = ORIENTED_EDGE('',*,*,#2079,.F.);
#2136 = PLANE('',#2137);
#2137 = AXIS2_PLACEMENT_3D('',#2138,#2139,#2140);
#2138 = CARTESIAN_POINT('',(-296.,296.,450.));
#2139 = DIRECTION('',(0.,1.,0.));
#2140 = DIRECTION('',(0.,0.,1.));
#2141 = ADVANCED_FACE('',(#2142),#2148,.F.);
#2142 = FACE_BOUND('',#2143,.F.);
#2143 = EDGE_LOOP('',(#2144,#2145,#2146,#2147));
#2144 = ORIENTED_EDGE('',*,*,#2031,.F.);
#2145 = ORIENTED_EDGE('',*,*,#2101,.T.);
#2146 = ORIENTED_EDGE('',*,*,#2071,.T.);
#2147 = ORIENTED_EDGE('',*,*,#2123,.F.);
#2148 = PLANE('',#2149);
#2149 = AXIS2_PLACEMENT_3D('',#2150,#2151,#2152);
#2150 = CARTESIAN_POINT('',(-296.,-296.,450.));
#2151 = DIRECTION('',(0.,0.,1.));
#2152 = DIRECTION('',(1.,0.,0.));
#2153 = ADVANCED_FACE('',(#2154),#2160,.T.);
#2154 = FACE_BOUND('',#2155,.T.);
#2155 = EDGE_LOOP('',(#2156,#2157,#2158,#2159));
#2156 = ORIENTED_EDGE('',*,*,#2047,.F.);
#2157 = ORIENTED_EDGE('',*,*,#2108,.T.);
#2158 = ORIENTED_EDGE('',*,*,#2087,.T.);
#2159 = ORIENTED_EDGE('',*,*,#2130,.F.);
#2160 = PLANE('',#2161);
#2161 = AXIS2_PLACEMENT_3D('',#2162,#2163,#2164);
#2162 = CARTESIAN_POINT('',(-296.,-296.,498.));
#2163 = DIRECTION('',(0.,0.,1.));
#2164 = DIRECTION('',(1.,0.,0.));
#2165 = MANIFOLD_SOLID_BREP('',#2166);
#2166 = CLOSED_SHELL('',(#2167,#2200,#2243,#2286,#2308,#2325,#2342));
#2167 = ADVANCED_FACE('',(#2168),#2195,.T.);
#2168 = FACE_BOUND('',#2169,.F.);
#2169 = EDGE_LOOP('',(#2170,#2180,#2187,#2188));
#2170 = ORIENTED_EDGE('',*,*,#2171,.T.);
#2171 = EDGE_CURVE('',#2172,#2174,#2176,.T.);
#2172 = VERTEX_POINT('',#2173);
#2173 = CARTESIAN_POINT('',(475.,-1.16E-13,640.));
#2174 = VERTEX_POINT('',#2175);
#2175 = CARTESIAN_POINT('',(475.,-1.16E-13,645.));
#2176 = LINE('',#2177,#2178);
#2177 = CARTESIAN_POINT('',(475.,-1.1634E-13,640.));
#2178 = VECTOR('',#2179,1.);
#2179 = DIRECTION('',(0.,0.,1.));
#2180 = ORIENTED_EDGE('',*,*,#2181,.T.);
#2181 = EDGE_CURVE('',#2174,#2174,#2182,.T.);
#2182 = CIRCLE('',#2183,475.);
#2183 = AXIS2_PLACEMENT_3D('',#2184,#2185,#2186);
#2184 = CARTESIAN_POINT('',(0.,0.,645.));
#2185 = DIRECTION('',(0.,0.,1.));
#2186 = DIRECTION('',(1.,0.,0.));
#2187 = ORIENTED_EDGE('',*,*,#2171,.F.);
#2188 = ORIENTED_EDGE('',*,*,#2189,.F.);
#2189 = EDGE_CURVE('',#2172,#2172,#2190,.T.);
#2190 = CIRCLE('',#2191,475.);
#2191 = AXIS2_PLACEMENT_3D('',#2192,#2193,#2194);
#2192 = CARTESIAN_POINT('',(0.,0.,640.));
#2193 = DIRECTION('',(0.,0.,1.));
#2194 = DIRECTION('',(1.,0.,0.));
#2195 = CYLINDRICAL_SURFACE('',#2196,475.);
#2196 = AXIS2_PLACEMENT_3D('',#2197,#2198,#2199);
#2197 = CARTESIAN_POINT('',(0.,0.,640.));
#2198 = DIRECTION('',(-0.,-0.,-1.));
#2199 = DIRECTION('',(1.,0.,0.));
#2200 = ADVANCED_FACE('',(#2201,#2204),#2238,.F.);
#2201 = FACE_BOUND('',#2202,.F.);
#2202 = EDGE_LOOP('',(#2203));
#2203 = ORIENTED_EDGE('',*,*,#2189,.T.);
#2204 = FACE_BOUND('',#2205,.F.);
#2205 = EDGE_LOOP('',(#2206,#2216,#2224,#2232));
#2206 = ORIENTED_EDGE('',*,*,#2207,.F.);
#2207 = EDGE_CURVE('',#2208,#2210,#2212,.T.);
#2208 = VERTEX_POINT('',#2209);
#2209 = CARTESIAN_POINT('',(-281.5,-281.5,640.));
#2210 = VERTEX_POINT('',#2211);
#2211 = CARTESIAN_POINT('',(281.5,-281.5,640.));
#2212 = LINE('',#2213,#2214);
#2213 = CARTESIAN_POINT('',(-281.5,-281.5,640.));
#2214 = VECTOR('',#2215,1.);
#2215 = DIRECTION('',(1.,0.,0.));
#2216 = ORIENTED_EDGE('',*,*,#2217,.T.);
#2217 = EDGE_CURVE('',#2208,#2218,#2220,.T.);
#2218 = VERTEX_POINT('',#2219);
#2219 = CARTESIAN_POINT('',(-281.5,281.5,640.));
#2220 = LINE('',#2221,#2222);
#2221 = CARTESIAN_POINT('',(-281.5,-281.5,640.));
#2222 = VECTOR('',#2223,1.);
#2223 = DIRECTION('',(0.,1.,0.));
#2224 = ORIENTED_EDGE('',*,*,#2225,.T.);
#2225 = EDGE_CURVE('',#2218,#2226,#2228,.T.);
#2226 = VERTEX_POINT('',#2227);
#2227 = CARTESIAN_POINT('',(281.5,281.5,640.));
#2228 = LINE('',#2229,#2230);
#2229 = CARTESIAN_POINT('',(-281.5,281.5,640.));
#2230 = VECTOR('',#2231,1.);
#2231 = DIRECTION('',(1.,0.,0.));
#2232 = ORIENTED_EDGE('',*,*,#2233,.F.);
#2233 = EDGE_CURVE('',#2210,#2226,#2234,.T.);
#2234 = LINE('',#2235,#2236);
#2235 = CARTESIAN_POINT('',(281.5,-281.5,640.));
#2236 = VECTOR('',#2237,1.);
#2237 = DIRECTION('',(0.,1.,0.));
#2238 = PLANE('',#2239);
#2239 = AXIS2_PLACEMENT_3D('',#2240,#2241,#2242);
#2240 = CARTESIAN_POINT('',(0.,0.,640.));
#2241 = DIRECTION('',(0.,0.,1.));
#2242 = DIRECTION('',(1.,0.,0.));
#2243 = ADVANCED_FACE('',(#2244,#2247),#2281,.T.);
#2244 = FACE_BOUND('',#2245,.T.);
#2245 = EDGE_LOOP('',(#2246));
#2246 = ORIENTED_EDGE('',*,*,#2181,.T.);
#2247 = FACE_BOUND('',#2248,.T.);
#2248 = EDGE_LOOP('',(#2249,#2259,#2267,#2275));
#2249 = ORIENTED_EDGE('',*,*,#2250,.F.);
#2250 = EDGE_CURVE('',#2251,#2253,#2255,.T.);
#2251 = VERTEX_POINT('',#2252);
#2252 = CARTESIAN_POINT('',(-281.5,-281.5,645.));
#2253 = VERTEX_POINT('',#2254);
#2254 = CARTESIAN_POINT('',(281.5,-281.5,645.));
#2255 = LINE('',#2256,#2257);
#2256 = CARTESIAN_POINT('',(-281.5,-281.5,645.));
#2257 = VECTOR('',#2258,1.);
#2258 = DIRECTION('',(1.,0.,0.));
#2259 = ORIENTED_EDGE('',*,*,#2260,.T.);
#2260 = EDGE_CURVE('',#2251,#2261,#2263,.T.);
#2261 = VERTEX_POINT('',#2262);
#2262 = CARTESIAN_POINT('',(-281.5,281.5,645.));
#2263 = LINE('',#2264,#2265);
#2264 = CARTESIAN_POINT('',(-281.5,-281.5,645.));
#2265 = VECTOR('',#2266,1.);
#2266 = DIRECTION('',(0.,1.,0.));
#2267 = ORIENTED_EDGE('',*,*,#2268,.T.);
#2268 = EDGE_CURVE('',#2261,#2269,#2271,.T.);
#2269 = VERTEX_POINT('',#2270);
#2270 = CARTESIAN_POINT('',(281.5,281.5,645.));
#2271 = LINE('',#2272,#2273);
#2272 = CARTESIAN_POINT('',(-281.5,281.5,645.));
#2273 = VECTOR('',#2274,1.);
#2274 = DIRECTION('',(1.,0.,0.));
#2275 = ORIENTED_EDGE('',*,*,#2276,.F.);
#2276 = EDGE_CURVE('',#2253,#2269,#2277,.T.);
#2277 = LINE('',#2278,#2279);
#2278 = CARTESIAN_POINT('',(281.5,-281.5,645.));
#2279 = VECTOR('',#2280,1.);
#2280 = DIRECTION('',(0.,1.,0.));
#2281 = PLANE('',#2282);
#2282 = AXIS2_PLACEMENT_3D('',#2283,#2284,#2285);
#2283 = CARTESIAN_POINT('',(0.,0.,645.));
#2284 = DIRECTION('',(0.,0.,1.));
#2285 = DIRECTION('',(1.,0.,0.));
#2286 = ADVANCED_FACE('',(#2287),#2303,.T.);
#2287 = FACE_BOUND('',#2288,.T.);
#2288 = EDGE_LOOP('',(#2289,#2290,#2296,#2297));
#2289 = ORIENTED_EDGE('',*,*,#2207,.F.);
#2290 = ORIENTED_EDGE('',*,*,#2291,.T.);
#2291 = EDGE_CURVE('',#2208,#2251,#2292,.T.);
#2292 = LINE('',#2293,#2294);
#2293 = CARTESIAN_POINT('',(-281.5,-281.5,640.));
#2294 = VECTOR('',#2295,1.);
#2295 = DIRECTION('',(0.,0.,1.));
#2296 = ORIENTED_EDGE('',*,*,#2250,.T.);
#2297 = ORIENTED_EDGE('',*,*,#2298,.F.);
#2298 = EDGE_CURVE('',#2210,#2253,#2299,.T.);
#2299 = LINE('',#2300,#2301);
#2300 = CARTESIAN_POINT('',(281.5,-281.5,640.));
#2301 = VECTOR('',#2302,1.);
#2302 = DIRECTION('',(0.,0.,1.));
#2303 = PLANE('',#2304);
#2304 = AXIS2_PLACEMENT_3D('',#2305,#2306,#2307);
#2305 = CARTESIAN_POINT('',(-281.5,-281.5,640.));
#2306 = DIRECTION('',(0.,1.,0.));
#2307 = DIRECTION('',(0.,0.,1.));
#2308 = ADVANCED_FACE('',(#2309),#2320,.F.);
#2309 = FACE_BOUND('',#2310,.F.);
#2310 = EDGE_LOOP('',(#2311,#2312,#2313,#2319));
#2311 = ORIENTED_EDGE('',*,*,#2298,.F.);
#2312 = ORIENTED_EDGE('',*,*,#2233,.T.);
#2313 = ORIENTED_EDGE('',*,*,#2314,.T.);
#2314 = EDGE_CURVE('',#2226,#2269,#2315,.T.);
#2315 = LINE('',#2316,#2317);
#2316 = CARTESIAN_POINT('',(281.5,281.5,640.));
#2317 = VECTOR('',#2318,1.);
#2318 = DIRECTION('',(0.,0.,1.));
#2319 = ORIENTED_EDGE('',*,*,#2276,.F.);
#2320 = PLANE('',#2321);
#2321 = AXIS2_PLACEMENT_3D('',#2322,#2323,#2324);
#2322 = CARTESIAN_POINT('',(281.5,-281.5,640.));
#2323 = DIRECTION('',(1.,0.,0.));
#2324 = DIRECTION('',(0.,0.,1.));
#2325 = ADVANCED_FACE('',(#2326),#2337,.F.);
#2326 = FACE_BOUND('',#2327,.F.);
#2327 = EDGE_LOOP('',(#2328,#2329,#2335,#2336));
#2328 = ORIENTED_EDGE('',*,*,#2225,.F.);
#2329 = ORIENTED_EDGE('',*,*,#2330,.T.);
#2330 = EDGE_CURVE('',#2218,#2261,#2331,.T.);
#2331 = LINE('',#2332,#2333);
#2332 = CARTESIAN_POINT('',(-281.5,281.5,640.));
#2333 = VECTOR('',#2334,1.);
#2334 = DIRECTION('',(0.,0.,1.));
#2335 = ORIENTED_EDGE('',*,*,#2268,.T.);
#2336 = ORIENTED_EDGE('',*,*,#2314,.F.);
#2337 = PLANE('',#2338);
#2338 = AXIS2_PLACEMENT_3D('',#2339,#2340,#2341);
#2339 = CARTESIAN_POINT('',(-281.5,281.5,640.));
#2340 = DIRECTION('',(0.,1.,0.));
#2341 = DIRECTION('',(0.,0.,1.));
#2342 = ADVANCED_FACE('',(#2343),#2349,.T.);
#2343 = FACE_BOUND('',#2344,.T.);
#2344 = EDGE_LOOP('',(#2345,#2346,#2347,#2348));
#2345 = ORIENTED_EDGE('',*,*,#2291,.F.);
#2346 = ORIENTED_EDGE('',*,*,#2217,.T.);
#2347 = ORIENTED_EDGE('',*,*,#2330,.T.);
#2348 = ORIENTED_EDGE('',*,*,#2260,.F.);
#2349 = PLANE('',#2350);
#2350 = AXIS2_PLACEMENT_3D('',#2351,#2352,#2353);
#2351 = CARTESIAN_POINT('',(-281.5,-281.5,640.));
#2352 = DIRECTION('',(1.,0.,0.));
#2353 = DIRECTION('',(0.,0.,1.));
#2354 = MANIFOLD_SOLID_BREP('',#2355);
#2355 = CLOSED_SHELL('',(#2356,#2389,#2432,#2475,#2497,#2514,#2531));
#2356 = ADVANCED_FACE('',(#2357),#2384,.T.);
#2357 = FACE_BOUND('',#2358,.F.);
#2358 = EDGE_LOOP('',(#2359,#2369,#2376,#2377));
#2359 = ORIENTED_EDGE('',*,*,#2360,.T.);
#2360 = EDGE_CURVE('',#2361,#2363,#2365,.T.);
#2361 = VERTEX_POINT('',#2362);
#2362 = CARTESIAN_POINT('',(475.,-1.16E-13,445.));
#2363 = VERTEX_POINT('',#2364);
#2364 = CARTESIAN_POINT('',(475.,-1.16E-13,450.));
#2365 = LINE('',#2366,#2367);
#2366 = CARTESIAN_POINT('',(475.,-1.1634E-13,445.));
#2367 = VECTOR('',#2368,1.);
#2368 = DIRECTION('',(0.,0.,1.));
#2369 = ORIENTED_EDGE('',*,*,#2370,.T.);
#2370 = EDGE_CURVE('',#2363,#2363,#2371,.T.);
#2371 = CIRCLE('',#2372,475.);
#2372 = AXIS2_PLACEMENT_3D('',#2373,#2374,#2375);
#2373 = CARTESIAN_POINT('',(0.,0.,450.));
#2374 = DIRECTION('',(0.,0.,1.));
#2375 = DIRECTION('',(1.,0.,0.));
#2376 = ORIENTED_EDGE('',*,*,#2360,.F.);
#2377 = ORIENTED_EDGE('',*,*,#2378,.F.);
#2378 = EDGE_CURVE('',#2361,#2361,#2379,.T.);
#2379 = CIRCLE('',#2380,475.);
#2380 = AXIS2_PLACEMENT_3D('',#2381,#2382,#2383);
#2381 = CARTESIAN_POINT('',(0.,0.,445.));
#2382 = DIRECTION('',(0.,0.,1.));
#2383 = DIRECTION('',(1.,0.,0.));
#2384 = CYLINDRICAL_SURFACE('',#2385,475.);
#2385 = AXIS2_PLACEMENT_3D('',#2386,#2387,#2388);
#2386 = CARTESIAN_POINT('',(0.,0.,445.));
#2387 = DIRECTION('',(-0.,-0.,-1.));
#2388 = DIRECTION('',(1.,0.,0.));
#2389 = ADVANCED_FACE('',(#2390,#2393),#2427,.F.);
#2390 = FACE_BOUND('',#2391,.F.);
#2391 = EDGE_LOOP('',(#2392));
#2392 = ORIENTED_EDGE('',*,*,#2378,.T.);
#2393 = FACE_BOUND('',#2394,.F.);
#2394 = EDGE_LOOP('',(#2395,#2405,#2413,#2421));
#2395 = ORIENTED_EDGE('',*,*,#2396,.F.);
#2396 = EDGE_CURVE('',#2397,#2399,#2401,.T.);
#2397 = VERTEX_POINT('',#2398);
#2398 = CARTESIAN_POINT('',(-296.,-296.,445.));
#2399 = VERTEX_POINT('',#2400);
#2400 = CARTESIAN_POINT('',(296.,-296.,445.));
#2401 = LINE('',#2402,#2403);
#2402 = CARTESIAN_POINT('',(-296.,-296.,445.));
#2403 = VECTOR('',#2404,1.);
#2404 = DIRECTION('',(1.,0.,0.));
#2405 = ORIENTED_EDGE('',*,*,#2406,.T.);
#2406 = EDGE_CURVE('',#2397,#2407,#2409,.T.);
#2407 = VERTEX_POINT('',#2408);
#2408 = CARTESIAN_POINT('',(-296.,296.,445.));
#2409 = LINE('',#2410,#2411);
#2410 = CARTESIAN_POINT('',(-296.,-296.,445.));
#2411 = VECTOR('',#2412,1.);
#2412 = DIRECTION('',(0.,1.,0.));
#2413 = ORIENTED_EDGE('',*,*,#2414,.T.);
#2414 = EDGE_CURVE('',#2407,#2415,#2417,.T.);
#2415 = VERTEX_POINT('',#2416);
#2416 = CARTESIAN_POINT('',(296.,296.,445.));
#2417 = LINE('',#2418,#2419);
#2418 = CARTESIAN_POINT('',(-296.,296.,445.));
#2419 = VECTOR('',#2420,1.);
#2420 = DIRECTION('',(1.,0.,0.));
#2421 = ORIENTED_EDGE('',*,*,#2422,.F.);
#2422 = EDGE_CURVE('',#2399,#2415,#2423,.T.);
#2423 = LINE('',#2424,#2425);
#2424 = CARTESIAN_POINT('',(296.,-296.,445.));
#2425 = VECTOR('',#2426,1.);
#2426 = DIRECTION('',(0.,1.,0.));
#2427 = PLANE('',#2428);
#2428 = AXIS2_PLACEMENT_3D('',#2429,#2430,#2431);
#2429 = CARTESIAN_POINT('',(0.,0.,445.));
#2430 = DIRECTION('',(0.,0.,1.));
#2431 = DIRECTION('',(1.,0.,0.));
#2432 = ADVANCED_FACE('',(#2433,#2436),#2470,.T.);
#2433 = FACE_BOUND('',#2434,.T.);
#2434 = EDGE_LOOP('',(#2435));
#2435 = ORIENTED_EDGE('',*,*,#2370,.T.);
#2436 = FACE_BOUND('',#2437,.T.);
#2437 = EDGE_LOOP('',(#2438,#2448,#2456,#2464));
#2438 = ORIENTED_EDGE('',*,*,#2439,.F.);
#2439 = EDGE_CURVE('',#2440,#2442,#2444,.T.);
#2440 = VERTEX_POINT('',#2441);
#2441 = CARTESIAN_POINT('',(-296.,-296.,450.));
#2442 = VERTEX_POINT('',#2443);
#2443 = CARTESIAN_POINT('',(296.,-296.,450.));
#2444 = LINE('',#2445,#2446);
#2445 = CARTESIAN_POINT('',(-296.,-296.,450.));
#2446 = VECTOR('',#2447,1.);
#2447 = DIRECTION('',(1.,0.,0.));
#2448 = ORIENTED_EDGE('',*,*,#2449,.T.);
#2449 = EDGE_CURVE('',#2440,#2450,#2452,.T.);
#2450 = VERTEX_POINT('',#2451);
#2451 = CARTESIAN_POINT('',(-296.,296.,450.));
#2452 = LINE('',#2453,#2454);
#2453 = CARTESIAN_POINT('',(-296.,-296.,450.));
#2454 = VECTOR('',#2455,1.);
#2455 = DIRECTION('',(0.,1.,0.));
#2456 = ORIENTED_EDGE('',*,*,#2457,.T.);
#2457 = EDGE_CURVE('',#2450,#2458,#2460,.T.);
#2458 = VERTEX_POINT('',#2459);
#2459 = CARTESIAN_POINT('',(296.,296.,450.));
#2460 = LINE('',#2461,#2462);
#2461 = CARTESIAN_POINT('',(-296.,296.,450.));
#2462 = VECTOR('',#2463,1.);
#2463 = DIRECTION('',(1.,0.,0.));
#2464 = ORIENTED_EDGE('',*,*,#2465,.F.);
#2465 = EDGE_CURVE('',#2442,#2458,#2466,.T.);
#2466 = LINE('',#2467,#2468);
#2467 = CARTESIAN_POINT('',(296.,-296.,450.));
#2468 = VECTOR('',#2469,1.);
#2469 = DIRECTION('',(0.,1.,0.));
#2470 = PLANE('',#2471);
#2471 = AXIS2_PLACEMENT_3D('',#2472,#2473,#2474);
#2472 = CARTESIAN_POINT('',(0.,0.,450.));
#2473 = DIRECTION('',(0.,0.,1.));
#2474 = DIRECTION('',(1.,0.,0.));
#2475 = ADVANCED_FACE('',(#2476),#2492,.T.);
#2476 = FACE_BOUND('',#2477,.T.);
#2477 = EDGE_LOOP('',(#2478,#2479,#2485,#2486));
#2478 = ORIENTED_EDGE('',*,*,#2396,.F.);
#2479 = ORIENTED_EDGE('',*,*,#2480,.T.);
#2480 = EDGE_CURVE('',#2397,#2440,#2481,.T.);
#2481 = LINE('',#2482,#2483);
#2482 = CARTESIAN_POINT('',(-296.,-296.,445.));
#2483 = VECTOR('',#2484,1.);
#2484 = DIRECTION('',(0.,0.,1.));
#2485 = ORIENTED_EDGE('',*,*,#2439,.T.);
#2486 = ORIENTED_EDGE('',*,*,#2487,.F.);
#2487 = EDGE_CURVE('',#2399,#2442,#2488,.T.);
#2488 = LINE('',#2489,#2490);
#2489 = CARTESIAN_POINT('',(296.,-296.,445.));
#2490 = VECTOR('',#2491,1.);
#2491 = DIRECTION('',(0.,0.,1.));
#2492 = PLANE('',#2493);
#2493 = AXIS2_PLACEMENT_3D('',#2494,#2495,#2496);
#2494 = CARTESIAN_POINT('',(-296.,-296.,445.));
#2495 = DIRECTION('',(0.,1.,0.));
#2496 = DIRECTION('',(0.,0.,1.));
#2497 = ADVANCED_FACE('',(#2498),#2509,.F.);
#2498 = FACE_BOUND('',#2499,.F.);
#2499 = EDGE_LOOP('',(#2500,#2501,#2502,#2508));
#2500 = ORIENTED_EDGE('',*,*,#2487,.F.);
#2501 = ORIENTED_EDGE('',*,*,#2422,.T.);
#2502 = ORIENTED_EDGE('',*,*,#2503,.T.);
#2503 = EDGE_CURVE('',#2415,#2458,#2504,.T.);
#2504 = LINE('',#2505,#2506);
#2505 = CARTESIAN_POINT('',(296.,296.,445.));
#2506 = VECTOR('',#2507,1.);
#2507 = DIRECTION('',(0.,0.,1.));
#2508 = ORIENTED_EDGE('',*,*,#2465,.F.);
#2509 = PLANE('',#2510);
#2510 = AXIS2_PLACEMENT_3D('',#2511,#2512,#2513);
#2511 = CARTESIAN_POINT('',(296.,-296.,445.));
#2512 = DIRECTION('',(1.,0.,0.));
#2513 = DIRECTION('',(0.,0.,1.));
#2514 = ADVANCED_FACE('',(#2515),#2526,.F.);
#2515 = FACE_BOUND('',#2516,.F.);
#2516 = EDGE_LOOP('',(#2517,#2518,#2524,#2525));
#2517 = ORIENTED_EDGE('',*,*,#2414,.F.);
#2518 = ORIENTED_EDGE('',*,*,#2519,.T.);
#2519 = EDGE_CURVE('',#2407,#2450,#2520,.T.);
#2520 = LINE('',#2521,#2522);
#2521 = CARTESIAN_POINT('',(-296.,296.,445.));
#2522 = VECTOR('',#2523,1.);
#2523 = DIRECTION('',(0.,0.,1.));
#2524 = ORIENTED_EDGE('',*,*,#2457,.T.);
#2525 = ORIENTED_EDGE('',*,*,#2503,.F.);
#2526 = PLANE('',#2527);
#2527 = AXIS2_PLACEMENT_3D('',#2528,#2529,#2530);
#2528 = CARTESIAN_POINT('',(-296.,296.,445.));
#2529 = DIRECTION('',(0.,1.,0.));
#2530 = DIRECTION('',(0.,0.,1.));
#2531 = ADVANCED_FACE('',(#2532),#2538,.T.);
#2532 = FACE_BOUND('',#2533,.T.);
#2533 = EDGE_LOOP('',(#2534,#2535,#2536,#2537));
#2534 = ORIENTED_EDGE('',*,*,#2480,.F.);
#2535 = ORIENTED_EDGE('',*,*,#2406,.T.);
#2536 = ORIENTED_EDGE('',*,*,#2519,.T.);
#2537 = ORIENTED_EDGE('',*,*,#2449,.F.);
#2538 = PLANE('',#2539);
#2539 = AXIS2_PLACEMENT_3D('',#2540,#2541,#2542);
#2540 = CARTESIAN_POINT('',(-296.,-296.,445.));
#2541 = DIRECTION('',(1.,0.,0.));
#2542 = DIRECTION('',(0.,0.,1.));
#2543 = MANIFOLD_SOLID_BREP('',#2544);
#2544 = CLOSED_SHELL('',(#2545,#2585,#2616,#2674,#2698,#2749,#2761,#2783
    ,#2800,#2817));
#2545 = ADVANCED_FACE('',(#2546),#2580,.F.);
#2546 = FACE_BOUND('',#2547,.F.);
#2547 = EDGE_LOOP('',(#2548,#2558,#2566,#2574));
#2548 = ORIENTED_EDGE('',*,*,#2549,.F.);
#2549 = EDGE_CURVE('',#2550,#2552,#2554,.T.);
#2550 = VERTEX_POINT('',#2551);
#2551 = CARTESIAN_POINT('',(-291.5,-291.5,645.));
#2552 = VERTEX_POINT('',#2553);
#2553 = CARTESIAN_POINT('',(-291.5,-291.5,648.));
#2554 = LINE('',#2555,#2556);
#2555 = CARTESIAN_POINT('',(-291.5,-291.5,645.));
#2556 = VECTOR('',#2557,1.);
#2557 = DIRECTION('',(0.,0.,1.));
#2558 = ORIENTED_EDGE('',*,*,#2559,.T.);
#2559 = EDGE_CURVE('',#2550,#2560,#2562,.T.);
#2560 = VERTEX_POINT('',#2561);
#2561 = CARTESIAN_POINT('',(-291.5,291.5,645.));
#2562 = LINE('',#2563,#2564);
#2563 = CARTESIAN_POINT('',(-291.5,-291.5,645.));
#2564 = VECTOR('',#2565,1.);
#2565 = DIRECTION('',(0.,1.,0.));
#2566 = ORIENTED_EDGE('',*,*,#2567,.T.);
#2567 = EDGE_CURVE('',#2560,#2568,#2570,.T.);
#2568 = VERTEX_POINT('',#2569);
#2569 = CARTESIAN_POINT('',(-291.5,291.5,648.));
#2570 = LINE('',#2571,#2572);
#2571 = CARTESIAN_POINT('',(-291.5,291.5,645.));
#2572 = VECTOR('',#2573,1.);
#2573 = DIRECTION('',(0.,0.,1.));
#2574 = ORIENTED_EDGE('',*,*,#2575,.F.);
#2575 = EDGE_CURVE('',#2552,#2568,#2576,.T.);
#2576 = LINE('',#2577,#2578);
#2577 = CARTESIAN_POINT('',(-291.5,-291.5,648.));
#2578 = VECTOR('',#2579,1.);
#2579 = DIRECTION('',(0.,1.,0.));
#2580 = PLANE('',#2581);
#2581 = AXIS2_PLACEMENT_3D('',#2582,#2583,#2584);
#2582 = CARTESIAN_POINT('',(-291.5,-291.5,645.));
#2583 = DIRECTION('',(1.,0.,0.));
#2584 = DIRECTION('',(0.,0.,1.));
#2585 = ADVANCED_FACE('',(#2586),#2611,.F.);
#2586 = FACE_BOUND('',#2587,.F.);
#2587 = EDGE_LOOP('',(#2588,#2596,#2597,#2605));
#2588 = ORIENTED_EDGE('',*,*,#2589,.F.);
#2589 = EDGE_CURVE('',#2550,#2590,#2592,.T.);
#2590 = VERTEX_POINT('',#2591);
#2591 = CARTESIAN_POINT('',(291.5,-291.5,645.));
#2592 = LINE('',#2593,#2594);
#2593 = CARTESIAN_POINT('',(-291.5,-291.5,645.));
#2594 = VECTOR('',#2595,1.);
#2595 = DIRECTION('',(1.,0.,0.));
#2596 = ORIENTED_EDGE('',*,*,#2549,.T.);
#2597 = ORIENTED_EDGE('',*,*,#2598,.T.);
#2598 = EDGE_CURVE('',#2552,#2599,#2601,.T.);
#2599 = VERTEX_POINT('',#2600);
#2600 = CARTESIAN_POINT('',(291.5,-291.5,648.));
#2601 = LINE('',#2602,#2603);
#2602 = CARTESIAN_POINT('',(-291.5,-291.5,648.));
#2603 = VECTOR('',#2604,1.);
#2604 = DIRECTION('',(1.,0.,0.));
#2605 = ORIENTED_EDGE('',*,*,#2606,.F.);
#2606 = EDGE_CURVE('',#2590,#2599,#2607,.T.);
#2607 = LINE('',#2608,#2609);
#2608 = CARTESIAN_POINT('',(291.5,-291.5,645.));
#2609 = VECTOR('',#2610,1.);
#2610 = DIRECTION('',(0.,0.,1.));
#2611 = PLANE('',#2612);
#2612 = AXIS2_PLACEMENT_3D('',#2613,#2614,#2615);
#2613 = CARTESIAN_POINT('',(-291.5,-291.5,645.));
#2614 = DIRECTION('',(0.,1.,0.));
#2615 = DIRECTION('',(0.,0.,1.));
#2616 = ADVANCED_FACE('',(#2617,#2635),#2669,.T.);
#2617 = FACE_BOUND('',#2618,.T.);
#2618 = EDGE_LOOP('',(#2619,#2620,#2621,#2629));
#2619 = ORIENTED_EDGE('',*,*,#2575,.F.);
#2620 = ORIENTED_EDGE('',*,*,#2598,.T.);
#2621 = ORIENTED_EDGE('',*,*,#2622,.T.);
#2622 = EDGE_CURVE('',#2599,#2623,#2625,.T.);
#2623 = VERTEX_POINT('',#2624);
#2624 = CARTESIAN_POINT('',(291.5,291.5,648.));
#2625 = LINE('',#2626,#2627);
#2626 = CARTESIAN_POINT('',(291.5,-291.5,648.));
#2627 = VECTOR('',#2628,1.);
#2628 = DIRECTION('',(0.,1.,0.));
#2629 = ORIENTED_EDGE('',*,*,#2630,.F.);
#2630 = EDGE_CURVE('',#2568,#2623,#2631,.T.);
#2631 = LINE('',#2632,#2633);
#2632 = CARTESIAN_POINT('',(-291.5,291.5,648.));
#2633 = VECTOR('',#2634,1.);
#2634 = DIRECTION('',(1.,0.,0.));
#2635 = FACE_BOUND('',#2636,.T.);
#2636 = EDGE_LOOP('',(#2637,#2647,#2655,#2663));
#2637 = ORIENTED_EDGE('',*,*,#2638,.F.);
#2638 = EDGE_CURVE('',#2639,#2641,#2643,.T.);
#2639 = VERTEX_POINT('',#2640);
#2640 = CARTESIAN_POINT('',(-281.5,-281.5,648.));
#2641 = VERTEX_POINT('',#2642);
#2642 = CARTESIAN_POINT('',(281.5,-281.5,648.));
#2643 = LINE('',#2644,#2645);
#2644 = CARTESIAN_POINT('',(-281.5,-281.5,648.));
#2645 = VECTOR('',#2646,1.);
#2646 = DIRECTION('',(1.,0.,0.));
#2647 = ORIENTED_EDGE('',*,*,#2648,.T.);
#2648 = EDGE_CURVE('',#2639,#2649,#2651,.T.);
#2649 = VERTEX_POINT('',#2650);
#2650 = CARTESIAN_POINT('',(-281.5,281.5,648.));
#2651 = LINE('',#2652,#2653);
#2652 = CARTESIAN_POINT('',(-281.5,-281.5,648.));
#2653 = VECTOR('',#2654,1.);
#2654 = DIRECTION('',(0.,1.,0.));
#2655 = ORIENTED_EDGE('',*,*,#2656,.T.);
#2656 = EDGE_CURVE('',#2649,#2657,#2659,.T.);
#2657 = VERTEX_POINT('',#2658);
#2658 = CARTESIAN_POINT('',(281.5,281.5,648.));
#2659 = LINE('',#2660,#2661);
#2660 = CARTESIAN_POINT('',(-281.5,281.5,648.));
#2661 = VECTOR('',#2662,1.);
#2662 = DIRECTION('',(1.,0.,0.));
#2663 = ORIENTED_EDGE('',*,*,#2664,.F.);
#2664 = EDGE_CURVE('',#2641,#2657,#2665,.T.);
#2665 = LINE('',#2666,#2667);
#2666 = CARTESIAN_POINT('',(281.5,-281.5,648.));
#2667 = VECTOR('',#2668,1.);
#2668 = DIRECTION('',(0.,1.,0.));
#2669 = PLANE('',#2670);
#2670 = AXIS2_PLACEMENT_3D('',#2671,#2672,#2673);
#2671 = CARTESIAN_POINT('',(-291.5,-291.5,648.));
#2672 = DIRECTION('',(0.,0.,1.));
#2673 = DIRECTION('',(1.,0.,0.));
#2674 = ADVANCED_FACE('',(#2675),#2693,.T.);
#2675 = FACE_BOUND('',#2676,.T.);
#2676 = EDGE_LOOP('',(#2677,#2685,#2686,#2687));
#2677 = ORIENTED_EDGE('',*,*,#2678,.F.);
#2678 = EDGE_CURVE('',#2560,#2679,#2681,.T.);
#2679 = VERTEX_POINT('',#2680);
#2680 = CARTESIAN_POINT('',(291.5,291.5,645.));
#2681 = LINE('',#2682,#2683);
#2682 = CARTESIAN_POINT('',(-291.5,291.5,645.));
#2683 = VECTOR('',#2684,1.);
#2684 = DIRECTION('',(1.,0.,0.));
#2685 = ORIENTED_EDGE('',*,*,#2567,.T.);
#2686 = ORIENTED_EDGE('',*,*,#2630,.T.);
#2687 = ORIENTED_EDGE('',*,*,#2688,.F.);
#2688 = EDGE_CURVE('',#2679,#2623,#2689,.T.);
#2689 = LINE('',#2690,#2691);
#2690 = CARTESIAN_POINT('',(291.5,291.5,645.));
#2691 = VECTOR('',#2692,1.);
#2692 = DIRECTION('',(0.,0.,1.));
#2693 = PLANE('',#2694);
#2694 = AXIS2_PLACEMENT_3D('',#2695,#2696,#2697);
#2695 = CARTESIAN_POINT('',(-291.5,291.5,645.));
#2696 = DIRECTION('',(0.,1.,0.));
#2697 = DIRECTION('',(0.,0.,1.));
#2698 = ADVANCED_FACE('',(#2699,#2710),#2744,.F.);
#2699 = FACE_BOUND('',#2700,.F.);
#2700 = EDGE_LOOP('',(#2701,#2702,#2703,#2709));
#2701 = ORIENTED_EDGE('',*,*,#2559,.F.);
#2702 = ORIENTED_EDGE('',*,*,#2589,.T.);
#2703 = ORIENTED_EDGE('',*,*,#2704,.T.);
#2704 = EDGE_CURVE('',#2590,#2679,#2705,.T.);
#2705 = LINE('',#2706,#2707);
#2706 = CARTESIAN_POINT('',(291.5,-291.5,645.));
#2707 = VECTOR('',#2708,1.);
#2708 = DIRECTION('',(0.,1.,0.));
#2709 = ORIENTED_EDGE('',*,*,#2678,.F.);
#2710 = FACE_BOUND('',#2711,.F.);
#2711 = EDGE_LOOP('',(#2712,#2722,#2730,#2738));
#2712 = ORIENTED_EDGE('',*,*,#2713,.F.);
#2713 = EDGE_CURVE('',#2714,#2716,#2718,.T.);
#2714 = VERTEX_POINT('',#2715);
#2715 = CARTESIAN_POINT('',(-281.5,-281.5,645.));
#2716 = VERTEX_POINT('',#2717);
#2717 = CARTESIAN_POINT('',(281.5,-281.5,645.));
#2718 = LINE('',#2719,#2720);
#2719 = CARTESIAN_POINT('',(-281.5,-281.5,645.));
#2720 = VECTOR('',#2721,1.);
#2721 = DIRECTION('',(1.,0.,0.));
#2722 = ORIENTED_EDGE('',*,*,#2723,.T.);
#2723 = EDGE_CURVE('',#2714,#2724,#2726,.T.);
#2724 = VERTEX_POINT('',#2725);
#2725 = CARTESIAN_POINT('',(-281.5,281.5,645.));
#2726 = LINE('',#2727,#2728);
#2727 = CARTESIAN_POINT('',(-281.5,-281.5,645.));
#2728 = VECTOR('',#2729,1.);
#2729 = DIRECTION('',(0.,1.,0.));
#2730 = ORIENTED_EDGE('',*,*,#2731,.T.);
#2731 = EDGE_CURVE('',#2724,#2732,#2734,.T.);
#2732 = VERTEX_POINT('',#2733);
#2733 = CARTESIAN_POINT('',(281.5,281.5,645.));
#2734 = LINE('',#2735,#2736);
#2735 = CARTESIAN_POINT('',(-281.5,281.5,645.));
#2736 = VECTOR('',#2737,1.);
#2737 = DIRECTION('',(1.,0.,0.));
#2738 = ORIENTED_EDGE('',*,*,#2739,.F.);
#2739 = EDGE_CURVE('',#2716,#2732,#2740,.T.);
#2740 = LINE('',#2741,#2742);
#2741 = CARTESIAN_POINT('',(281.5,-281.5,645.));
#2742 = VECTOR('',#2743,1.);
#2743 = DIRECTION('',(0.,1.,0.));
#2744 = PLANE('',#2745);
#2745 = AXIS2_PLACEMENT_3D('',#2746,#2747,#2748);
#2746 = CARTESIAN_POINT('',(-291.5,-291.5,645.));
#2747 = DIRECTION('',(0.,0.,1.));
#2748 = DIRECTION('',(1.,0.,0.));
#2749 = ADVANCED_FACE('',(#2750),#2756,.T.);
#2750 = FACE_BOUND('',#2751,.T.);
#2751 = EDGE_LOOP('',(#2752,#2753,#2754,#2755));
#2752 = ORIENTED_EDGE('',*,*,#2606,.F.);
#2753 = ORIENTED_EDGE('',*,*,#2704,.T.);
#2754 = ORIENTED_EDGE('',*,*,#2688,.T.);
#2755 = ORIENTED_EDGE('',*,*,#2622,.F.);
#2756 = PLANE('',#2757);
#2757 = AXIS2_PLACEMENT_3D('',#2758,#2759,#2760);
#2758 = CARTESIAN_POINT('',(291.5,-291.5,645.));
#2759 = DIRECTION('',(1.,0.,0.));
#2760 = DIRECTION('',(0.,0.,1.));
#2761 = ADVANCED_FACE('',(#2762),#2778,.T.);
#2762 = FACE_BOUND('',#2763,.T.);
#2763 = EDGE_LOOP('',(#2764,#2765,#2771,#2772));
#2764 = ORIENTED_EDGE('',*,*,#2713,.F.);
#2765 = ORIENTED_EDGE('',*,*,#2766,.T.);
#2766 = EDGE_CURVE('',#2714,#2639,#2767,.T.);
#2767 = LINE('',#2768,#2769);
#2768 = CARTESIAN_POINT('',(-281.5,-281.5,645.));
#2769 = VECTOR('',#2770,1.);
#2770 = DIRECTION('',(0.,0.,1.));
#2771 = ORIENTED_EDGE('',*,*,#2638,.T.);
#2772 = ORIENTED_EDGE('',*,*,#2773,.F.);
#2773 = EDGE_CURVE('',#2716,#2641,#2774,.T.);
#2774 = LINE('',#2775,#2776);
#2775 = CARTESIAN_POINT('',(281.5,-281.5,645.));
#2776 = VECTOR('',#2777,1.);
#2777 = DIRECTION('',(0.,0.,1.));
#2778 = PLANE('',#2779);
#2779 = AXIS2_PLACEMENT_3D('',#2780,#2781,#2782);
#2780 = CARTESIAN_POINT('',(-281.5,-281.5,645.));
#2781 = DIRECTION('',(0.,1.,0.));
#2782 = DIRECTION('',(0.,0.,1.));
#2783 = ADVANCED_FACE('',(#2784),#2795,.F.);
#2784 = FACE_BOUND('',#2785,.F.);
#2785 = EDGE_LOOP('',(#2786,#2787,#2788,#2794));
#2786 = ORIENTED_EDGE('',*,*,#2773,.F.);
#2787 = ORIENTED_EDGE('',*,*,#2739,.T.);
#2788 = ORIENTED_EDGE('',*,*,#2789,.T.);
#2789 = EDGE_CURVE('',#2732,#2657,#2790,.T.);
#2790 = LINE('',#2791,#2792);
#2791 = CARTESIAN_POINT('',(281.5,281.5,645.));
#2792 = VECTOR('',#2793,1.);
#2793 = DIRECTION('',(0.,0.,1.));
#2794 = ORIENTED_EDGE('',*,*,#2664,.F.);
#2795 = PLANE('',#2796);
#2796 = AXIS2_PLACEMENT_3D('',#2797,#2798,#2799);
#2797 = CARTESIAN_POINT('',(281.5,-281.5,645.));
#2798 = DIRECTION('',(1.,0.,0.));
#2799 = DIRECTION('',(0.,0.,1.));
#2800 = ADVANCED_FACE('',(#2801),#2812,.F.);
#2801 = FACE_BOUND('',#2802,.F.);
#2802 = EDGE_LOOP('',(#2803,#2804,#2810,#2811));
#2803 = ORIENTED_EDGE('',*,*,#2731,.F.);
#2804 = ORIENTED_EDGE('',*,*,#2805,.T.);
#2805 = EDGE_CURVE('',#2724,#2649,#2806,.T.);
#2806 = LINE('',#2807,#2808);
#2807 = CARTESIAN_POINT('',(-281.5,281.5,645.));
#2808 = VECTOR('',#2809,1.);
#2809 = DIRECTION('',(0.,0.,1.));
#2810 = ORIENTED_EDGE('',*,*,#2656,.T.);
#2811 = ORIENTED_EDGE('',*,*,#2789,.F.);
#2812 = PLANE('',#2813);
#2813 = AXIS2_PLACEMENT_3D('',#2814,#2815,#2816);
#2814 = CARTESIAN_POINT('',(-281.5,281.5,645.));
#2815 = DIRECTION('',(0.,1.,0.));
#2816 = DIRECTION('',(0.,0.,1.));
#2817 = ADVANCED_FACE('',(#2818),#2824,.T.);
#2818 = FACE_BOUND('',#2819,.T.);
#2819 = EDGE_LOOP('',(#2820,#2821,#2822,#2823));
#2820 = ORIENTED_EDGE('',*,*,#2766,.F.);
#2821 = ORIENTED_EDGE('',*,*,#2723,.T.);
#2822 = ORIENTED_EDGE('',*,*,#2805,.T.);
#2823 = ORIENTED_EDGE('',*,*,#2648,.F.);
#2824 = PLANE('',#2825);
#2825 = AXIS2_PLACEMENT_3D('',#2826,#2827,#2828);
#2826 = CARTESIAN_POINT('',(-281.5,-281.5,645.));
#2827 = DIRECTION('',(1.,0.,0.));
#2828 = DIRECTION('',(0.,0.,1.));
#2829 = MANIFOLD_SOLID_BREP('',#2830);
#2830 = CLOSED_SHELL('',(#2831,#2871,#2902,#2960,#2984,#3035,#3047,#3069
    ,#3086,#3103));
#2831 = ADVANCED_FACE('',(#2832),#2866,.F.);
#2832 = FACE_BOUND('',#2833,.F.);
#2833 = EDGE_LOOP('',(#2834,#2844,#2852,#2860));
#2834 = ORIENTED_EDGE('',*,*,#2835,.F.);
#2835 = EDGE_CURVE('',#2836,#2838,#2840,.T.);
#2836 = VERTEX_POINT('',#2837);
#2837 = CARTESIAN_POINT('',(-316.5,-316.5,940.));
#2838 = VERTEX_POINT('',#2839);
#2839 = CARTESIAN_POINT('',(-316.5,-316.5,945.));
#2840 = LINE('',#2841,#2842);
#2841 = CARTESIAN_POINT('',(-316.5,-316.5,940.));
#2842 = VECTOR('',#2843,1.);
#2843 = DIRECTION('',(0.,0.,1.));
#2844 = ORIENTED_EDGE('',*,*,#2845,.T.);
#2845 = EDGE_CURVE('',#2836,#2846,#2848,.T.);
#2846 = VERTEX_POINT('',#2847);
#2847 = CARTESIAN_POINT('',(-316.5,316.5,940.));
#2848 = LINE('',#2849,#2850);
#2849 = CARTESIAN_POINT('',(-316.5,-316.5,940.));
#2850 = VECTOR('',#2851,1.);
#2851 = DIRECTION('',(0.,1.,0.));
#2852 = ORIENTED_EDGE('',*,*,#2853,.T.);
#2853 = EDGE_CURVE('',#2846,#2854,#2856,.T.);
#2854 = VERTEX_POINT('',#2855);
#2855 = CARTESIAN_POINT('',(-316.5,316.5,945.));
#2856 = LINE('',#2857,#2858);
#2857 = CARTESIAN_POINT('',(-316.5,316.5,940.));
#2858 = VECTOR('',#2859,1.);
#2859 = DIRECTION('',(0.,0.,1.));
#2860 = ORIENTED_EDGE('',*,*,#2861,.F.);
#2861 = EDGE_CURVE('',#2838,#2854,#2862,.T.);
#2862 = LINE('',#2863,#2864);
#2863 = CARTESIAN_POINT('',(-316.5,-316.5,945.));
#2864 = VECTOR('',#2865,1.);
#2865 = DIRECTION('',(0.,1.,0.));
#2866 = PLANE('',#2867);
#2867 = AXIS2_PLACEMENT_3D('',#2868,#2869,#2870);
#2868 = CARTESIAN_POINT('',(-316.5,-316.5,940.));
#2869 = DIRECTION('',(1.,0.,0.));
#2870 = DIRECTION('',(0.,0.,1.));
#2871 = ADVANCED_FACE('',(#2872),#2897,.F.);
#2872 = FACE_BOUND('',#2873,.F.);
#2873 = EDGE_LOOP('',(#2874,#2882,#2883,#2891));
#2874 = ORIENTED_EDGE('',*,*,#2875,.F.);
#2875 = EDGE_CURVE('',#2836,#2876,#2878,.T.);
#2876 = VERTEX_POINT('',#2877);
#2877 = CARTESIAN_POINT('',(316.5,-316.5,940.));
#2878 = LINE('',#2879,#2880);
#2879 = CARTESIAN_POINT('',(-316.5,-316.5,940.));
#2880 = VECTOR('',#2881,1.);
#2881 = DIRECTION('',(1.,0.,0.));
#2882 = ORIENTED_EDGE('',*,*,#2835,.T.);
#2883 = ORIENTED_EDGE('',*,*,#2884,.T.);
#2884 = EDGE_CURVE('',#2838,#2885,#2887,.T.);
#2885 = VERTEX_POINT('',#2886);
#2886 = CARTESIAN_POINT('',(316.5,-316.5,945.));
#2887 = LINE('',#2888,#2889);
#2888 = CARTESIAN_POINT('',(-316.5,-316.5,945.));
#2889 = VECTOR('',#2890,1.);
#2890 = DIRECTION('',(1.,0.,0.));
#2891 = ORIENTED_EDGE('',*,*,#2892,.F.);
#2892 = EDGE_CURVE('',#2876,#2885,#2893,.T.);
#2893 = LINE('',#2894,#2895);
#2894 = CARTESIAN_POINT('',(316.5,-316.5,940.));
#2895 = VECTOR('',#2896,1.);
#2896 = DIRECTION('',(0.,0.,1.));
#2897 = PLANE('',#2898);
#2898 = AXIS2_PLACEMENT_3D('',#2899,#2900,#2901);
#2899 = CARTESIAN_POINT('',(-316.5,-316.5,940.));
#2900 = DIRECTION('',(0.,1.,0.));
#2901 = DIRECTION('',(0.,0.,1.));
#2902 = ADVANCED_FACE('',(#2903,#2921),#2955,.T.);
#2903 = FACE_BOUND('',#2904,.T.);
#2904 = EDGE_LOOP('',(#2905,#2906,#2907,#2915));
#2905 = ORIENTED_EDGE('',*,*,#2861,.F.);
#2906 = ORIENTED_EDGE('',*,*,#2884,.T.);
#2907 = ORIENTED_EDGE('',*,*,#2908,.T.);
#2908 = EDGE_CURVE('',#2885,#2909,#2911,.T.);
#2909 = VERTEX_POINT('',#2910);
#2910 = CARTESIAN_POINT('',(316.5,316.5,945.));
#2911 = LINE('',#2912,#2913);
#2912 = CARTESIAN_POINT('',(316.5,-316.5,945.));
#2913 = VECTOR('',#2914,1.);
#2914 = DIRECTION('',(0.,1.,0.));
#2915 = ORIENTED_EDGE('',*,*,#2916,.F.);
#2916 = EDGE_CURVE('',#2854,#2909,#2917,.T.);
#2917 = LINE('',#2918,#2919);
#2918 = CARTESIAN_POINT('',(-316.5,316.5,945.));
#2919 = VECTOR('',#2920,1.);
#2920 = DIRECTION('',(1.,0.,0.));
#2921 = FACE_BOUND('',#2922,.T.);
#2922 = EDGE_LOOP('',(#2923,#2933,#2941,#2949));
#2923 = ORIENTED_EDGE('',*,*,#2924,.F.);
#2924 = EDGE_CURVE('',#2925,#2927,#2929,.T.);
#2925 = VERTEX_POINT('',#2926);
#2926 = CARTESIAN_POINT('',(-281.5,-281.5,945.));
#2927 = VERTEX_POINT('',#2928);
#2928 = CARTESIAN_POINT('',(281.5,-281.5,945.));
#2929 = LINE('',#2930,#2931);
#2930 = CARTESIAN_POINT('',(-281.5,-281.5,945.));
#2931 = VECTOR('',#2932,1.);
#2932 = DIRECTION('',(1.,0.,0.));
#2933 = ORIENTED_EDGE('',*,*,#2934,.T.);
#2934 = EDGE_CURVE('',#2925,#2935,#2937,.T.);
#2935 = VERTEX_POINT('',#2936);
#2936 = CARTESIAN_POINT('',(-281.5,281.5,945.));
#2937 = LINE('',#2938,#2939);
#2938 = CARTESIAN_POINT('',(-281.5,-281.5,945.));
#2939 = VECTOR('',#2940,1.);
#2940 = DIRECTION('',(0.,1.,0.));
#2941 = ORIENTED_EDGE('',*,*,#2942,.T.);
#2942 = EDGE_CURVE('',#2935,#2943,#2945,.T.);
#2943 = VERTEX_POINT('',#2944);
#2944 = CARTESIAN_POINT('',(281.5,281.5,945.));
#2945 = LINE('',#2946,#2947);
#2946 = CARTESIAN_POINT('',(-281.5,281.5,945.));
#2947 = VECTOR('',#2948,1.);
#2948 = DIRECTION('',(1.,0.,0.));
#2949 = ORIENTED_EDGE('',*,*,#2950,.F.);
#2950 = EDGE_CURVE('',#2927,#2943,#2951,.T.);
#2951 = LINE('',#2952,#2953);
#2952 = CARTESIAN_POINT('',(281.5,-281.5,945.));
#2953 = VECTOR('',#2954,1.);
#2954 = DIRECTION('',(0.,1.,0.));
#2955 = PLANE('',#2956);
#2956 = AXIS2_PLACEMENT_3D('',#2957,#2958,#2959);
#2957 = CARTESIAN_POINT('',(-316.5,-316.5,945.));
#2958 = DIRECTION('',(0.,0.,1.));
#2959 = DIRECTION('',(1.,0.,0.));
#2960 = ADVANCED_FACE('',(#2961),#2979,.T.);
#2961 = FACE_BOUND('',#2962,.T.);
#2962 = EDGE_LOOP('',(#2963,#2971,#2972,#2973));
#2963 = ORIENTED_EDGE('',*,*,#2964,.F.);
#2964 = EDGE_CURVE('',#2846,#2965,#2967,.T.);
#2965 = VERTEX_POINT('',#2966);
#2966 = CARTESIAN_POINT('',(316.5,316.5,940.));
#2967 = LINE('',#2968,#2969);
#2968 = CARTESIAN_POINT('',(-316.5,316.5,940.));
#2969 = VECTOR('',#2970,1.);
#2970 = DIRECTION('',(1.,0.,0.));
#2971 = ORIENTED_EDGE('',*,*,#2853,.T.);
#2972 = ORIENTED_EDGE('',*,*,#2916,.T.);
#2973 = ORIENTED_EDGE('',*,*,#2974,.F.);
#2974 = EDGE_CURVE('',#2965,#2909,#2975,.T.);
#2975 = LINE('',#2976,#2977);
#2976 = CARTESIAN_POINT('',(316.5,316.5,940.));
#2977 = VECTOR('',#2978,1.);
#2978 = DIRECTION('',(0.,0.,1.));
#2979 = PLANE('',#2980);
#2980 = AXIS2_PLACEMENT_3D('',#2981,#2982,#2983);
#2981 = CARTESIAN_POINT('',(-316.5,316.5,940.));
#2982 = DIRECTION('',(0.,1.,0.));
#2983 = DIRECTION('',(0.,0.,1.));
#2984 = ADVANCED_FACE('',(#2985,#2996),#3030,.F.);
#2985 = FACE_BOUND('',#2986,.F.);
#2986 = EDGE_LOOP('',(#2987,#2988,#2989,#2995));
#2987 = ORIENTED_EDGE('',*,*,#2845,.F.);
#2988 = ORIENTED_EDGE('',*,*,#2875,.T.);
#2989 = ORIENTED_EDGE('',*,*,#2990,.T.);
#2990 = EDGE_CURVE('',#2876,#2965,#2991,.T.);
#2991 = LINE('',#2992,#2993);
#2992 = CARTESIAN_POINT('',(316.5,-316.5,940.));
#2993 = VECTOR('',#2994,1.);
#2994 = DIRECTION('',(0.,1.,0.));
#2995 = ORIENTED_EDGE('',*,*,#2964,.F.);
#2996 = FACE_BOUND('',#2997,.F.);
#2997 = EDGE_LOOP('',(#2998,#3008,#3016,#3024));
#2998 = ORIENTED_EDGE('',*,*,#2999,.F.);
#2999 = EDGE_CURVE('',#3000,#3002,#3004,.T.);
#3000 = VERTEX_POINT('',#3001);
#3001 = CARTESIAN_POINT('',(-281.5,-281.5,940.));
#3002 = VERTEX_POINT('',#3003);
#3003 = CARTESIAN_POINT('',(281.5,-281.5,940.));
#3004 = LINE('',#3005,#3006);
#3005 = CARTESIAN_POINT('',(-281.5,-281.5,940.));
#3006 = VECTOR('',#3007,1.);
#3007 = DIRECTION('',(1.,0.,0.));
#3008 = ORIENTED_EDGE('',*,*,#3009,.T.);
#3009 = EDGE_CURVE('',#3000,#3010,#3012,.T.);
#3010 = VERTEX_POINT('',#3011);
#3011 = CARTESIAN_POINT('',(-281.5,281.5,940.));
#3012 = LINE('',#3013,#3014);
#3013 = CARTESIAN_POINT('',(-281.5,-281.5,940.));
#3014 = VECTOR('',#3015,1.);
#3015 = DIRECTION('',(0.,1.,0.));
#3016 = ORIENTED_EDGE('',*,*,#3017,.T.);
#3017 = EDGE_CURVE('',#3010,#3018,#3020,.T.);
#3018 = VERTEX_POINT('',#3019);
#3019 = CARTESIAN_POINT('',(281.5,281.5,940.));
#3020 = LINE('',#3021,#3022);
#3021 = CARTESIAN_POINT('',(-281.5,281.5,940.));
#3022 = VECTOR('',#3023,1.);
#3023 = DIRECTION('',(1.,0.,0.));
#3024 = ORIENTED_EDGE('',*,*,#3025,.F.);
#3025 = EDGE_CURVE('',#3002,#3018,#3026,.T.);
#3026 = LINE('',#3027,#3028);
#3027 = CARTESIAN_POINT('',(281.5,-281.5,940.));
#3028 = VECTOR('',#3029,1.);
#3029 = DIRECTION('',(0.,1.,0.));
#3030 = PLANE('',#3031);
#3031 = AXIS2_PLACEMENT_3D('',#3032,#3033,#3034);
#3032 = CARTESIAN_POINT('',(-316.5,-316.5,940.));
#3033 = DIRECTION('',(0.,0.,1.));
#3034 = DIRECTION('',(1.,0.,0.));
#3035 = ADVANCED_FACE('',(#3036),#3042,.T.);
#3036 = FACE_BOUND('',#3037,.T.);
#3037 = EDGE_LOOP('',(#3038,#3039,#3040,#3041));
#3038 = ORIENTED_EDGE('',*,*,#2892,.F.);
#3039 = ORIENTED_EDGE('',*,*,#2990,.T.);
#3040 = ORIENTED_EDGE('',*,*,#2974,.T.);
#3041 = ORIENTED_EDGE('',*,*,#2908,.F.);
#3042 = PLANE('',#3043);
#3043 = AXIS2_PLACEMENT_3D('',#3044,#3045,#3046);
#3044 = CARTESIAN_POINT('',(316.5,-316.5,940.));
#3045 = DIRECTION('',(1.,0.,0.));
#3046 = DIRECTION('',(0.,0.,1.));
#3047 = ADVANCED_FACE('',(#3048),#3064,.T.);
#3048 = FACE_BOUND('',#3049,.T.);
#3049 = EDGE_LOOP('',(#3050,#3051,#3057,#3058));
#3050 = ORIENTED_EDGE('',*,*,#2999,.F.);
#3051 = ORIENTED_EDGE('',*,*,#3052,.T.);
#3052 = EDGE_CURVE('',#3000,#2925,#3053,.T.);
#3053 = LINE('',#3054,#3055);
#3054 = CARTESIAN_POINT('',(-281.5,-281.5,940.));
#3055 = VECTOR('',#3056,1.);
#3056 = DIRECTION('',(0.,0.,1.));
#3057 = ORIENTED_EDGE('',*,*,#2924,.T.);
#3058 = ORIENTED_EDGE('',*,*,#3059,.F.);
#3059 = EDGE_CURVE('',#3002,#2927,#3060,.T.);
#3060 = LINE('',#3061,#3062);
#3061 = CARTESIAN_POINT('',(281.5,-281.5,940.));
#3062 = VECTOR('',#3063,1.);
#3063 = DIRECTION('',(0.,0.,1.));
#3064 = PLANE('',#3065);
#3065 = AXIS2_PLACEMENT_3D('',#3066,#3067,#3068);
#3066 = CARTESIAN_POINT('',(-281.5,-281.5,940.));
#3067 = DIRECTION('',(0.,1.,0.));
#3068 = DIRECTION('',(0.,0.,1.));
#3069 = ADVANCED_FACE('',(#3070),#3081,.F.);
#3070 = FACE_BOUND('',#3071,.F.);
#3071 = EDGE_LOOP('',(#3072,#3073,#3074,#3080));
#3072 = ORIENTED_EDGE('',*,*,#3059,.F.);
#3073 = ORIENTED_EDGE('',*,*,#3025,.T.);
#3074 = ORIENTED_EDGE('',*,*,#3075,.T.);
#3075 = EDGE_CURVE('',#3018,#2943,#3076,.T.);
#3076 = LINE('',#3077,#3078);
#3077 = CARTESIAN_POINT('',(281.5,281.5,940.));
#3078 = VECTOR('',#3079,1.);
#3079 = DIRECTION('',(0.,0.,1.));
#3080 = ORIENTED_EDGE('',*,*,#2950,.F.);
#3081 = PLANE('',#3082);
#3082 = AXIS2_PLACEMENT_3D('',#3083,#3084,#3085);
#3083 = CARTESIAN_POINT('',(281.5,-281.5,940.));
#3084 = DIRECTION('',(1.,0.,0.));
#3085 = DIRECTION('',(0.,0.,1.));
#3086 = ADVANCED_FACE('',(#3087),#3098,.F.);
#3087 = FACE_BOUND('',#3088,.F.);
#3088 = EDGE_LOOP('',(#3089,#3090,#3096,#3097));
#3089 = ORIENTED_EDGE('',*,*,#3017,.F.);
#3090 = ORIENTED_EDGE('',*,*,#3091,.T.);
#3091 = EDGE_CURVE('',#3010,#2935,#3092,.T.);
#3092 = LINE('',#3093,#3094);
#3093 = CARTESIAN_POINT('',(-281.5,281.5,940.));
#3094 = VECTOR('',#3095,1.);
#3095 = DIRECTION('',(0.,0.,1.));
#3096 = ORIENTED_EDGE('',*,*,#2942,.T.);
#3097 = ORIENTED_EDGE('',*,*,#3075,.F.);
#3098 = PLANE('',#3099);
#3099 = AXIS2_PLACEMENT_3D('',#3100,#3101,#3102);
#3100 = CARTESIAN_POINT('',(-281.5,281.5,940.));
#3101 = DIRECTION('',(0.,1.,0.));
#3102 = DIRECTION('',(0.,0.,1.));
#3103 = ADVANCED_FACE('',(#3104),#3110,.T.);
#3104 = FACE_BOUND('',#3105,.T.);
#3105 = EDGE_LOOP('',(#3106,#3107,#3108,#3109));
#3106 = ORIENTED_EDGE('',*,*,#3052,.F.);
#3107 = ORIENTED_EDGE('',*,*,#3009,.T.);
#3108 = ORIENTED_EDGE('',*,*,#3091,.T.);
#3109 = ORIENTED_EDGE('',*,*,#2934,.F.);
#3110 = PLANE('',#3111);
#3111 = AXIS2_PLACEMENT_3D('',#3112,#3113,#3114);
#3112 = CARTESIAN_POINT('',(-281.5,-281.5,940.));
#3113 = DIRECTION('',(1.,0.,0.));
#3114 = DIRECTION('',(0.,0.,1.));
#3115 = MANIFOLD_SOLID_BREP('',#3116);
#3116 = CLOSED_SHELL('',(#3117,#3157,#3197,#3219,#3241,#3253));
#3117 = ADVANCED_FACE('',(#3118),#3152,.F.);
#3118 = FACE_BOUND('',#3119,.F.);
#3119 = EDGE_LOOP('',(#3120,#3130,#3138,#3146));
#3120 = ORIENTED_EDGE('',*,*,#3121,.F.);
#3121 = EDGE_CURVE('',#3122,#3124,#3126,.T.);
#3122 = VERTEX_POINT('',#3123);
#3123 = CARTESIAN_POINT('',(-216.,-186.5,1.19E+03));
#3124 = VERTEX_POINT('',#3125);
#3125 = CARTESIAN_POINT('',(-216.,-186.5,2.015E+03));
#3126 = LINE('',#3127,#3128);
#3127 = CARTESIAN_POINT('',(-216.,-186.5,1.19E+03));
#3128 = VECTOR('',#3129,1.);
#3129 = DIRECTION('',(0.,0.,1.));
#3130 = ORIENTED_EDGE('',*,*,#3131,.T.);
#3131 = EDGE_CURVE('',#3122,#3132,#3134,.T.);
#3132 = VERTEX_POINT('',#3133);
#3133 = CARTESIAN_POINT('',(-216.,186.5,1.19E+03));
#3134 = LINE('',#3135,#3136);
#3135 = CARTESIAN_POINT('',(-216.,-186.5,1.19E+03));
#3136 = VECTOR('',#3137,1.);
#3137 = DIRECTION('',(0.,1.,0.));
#3138 = ORIENTED_EDGE('',*,*,#3139,.T.);
#3139 = EDGE_CURVE('',#3132,#3140,#3142,.T.);
#3140 = VERTEX_POINT('',#3141);
#3141 = CARTESIAN_POINT('',(-216.,186.5,2.015E+03));
#3142 = LINE('',#3143,#3144);
#3143 = CARTESIAN_POINT('',(-216.,186.5,1.19E+03));
#3144 = VECTOR('',#3145,1.);
#3145 = DIRECTION('',(0.,0.,1.));
#3146 = ORIENTED_EDGE('',*,*,#3147,.F.);
#3147 = EDGE_CURVE('',#3124,#3140,#3148,.T.);
#3148 = LINE('',#3149,#3150);
#3149 = CARTESIAN_POINT('',(-216.,-186.5,2.015E+03));
#3150 = VECTOR('',#3151,1.);
#3151 = DIRECTION('',(0.,1.,0.));
#3152 = PLANE('',#3153);
#3153 = AXIS2_PLACEMENT_3D('',#3154,#3155,#3156);
#3154 = CARTESIAN_POINT('',(-216.,-186.5,1.19E+03));
#3155 = DIRECTION('',(1.,0.,0.));
#3156 = DIRECTION('',(0.,0.,1.));
#3157 = ADVANCED_FACE('',(#3158),#3192,.T.);
#3158 = FACE_BOUND('',#3159,.T.);
#3159 = EDGE_LOOP('',(#3160,#3170,#3178,#3186));
#3160 = ORIENTED_EDGE('',*,*,#3161,.F.);
#3161 = EDGE_CURVE('',#3162,#3164,#3166,.T.);
#3162 = VERTEX_POINT('',#3163);
#3163 = CARTESIAN_POINT('',(216.,-186.5,1.19E+03));
#3164 = VERTEX_POINT('',#3165);
#3165 = CARTESIAN_POINT('',(216.,-186.5,2.015E+03));
#3166 = LINE('',#3167,#3168);
#3167 = CARTESIAN_POINT('',(216.,-186.5,1.19E+03));
#3168 = VECTOR('',#3169,1.);
#3169 = DIRECTION('',(0.,0.,1.));
#3170 = ORIENTED_EDGE('',*,*,#3171,.T.);
#3171 = EDGE_CURVE('',#3162,#3172,#3174,.T.);
#3172 = VERTEX_POINT('',#3173);
#3173 = CARTESIAN_POINT('',(216.,186.5,1.19E+03));
#3174 = LINE('',#3175,#3176);
#3175 = CARTESIAN_POINT('',(216.,-186.5,1.19E+03));
#3176 = VECTOR('',#3177,1.);
#3177 = DIRECTION('',(0.,1.,0.));
#3178 = ORIENTED_EDGE('',*,*,#3179,.T.);
#3179 = EDGE_CURVE('',#3172,#3180,#3182,.T.);
#3180 = VERTEX_POINT('',#3181);
#3181 = CARTESIAN_POINT('',(216.,186.5,2.015E+03));
#3182 = LINE('',#3183,#3184);
#3183 = CARTESIAN_POINT('',(216.,186.5,1.19E+03));
#3184 = VECTOR('',#3185,1.);
#3185 = DIRECTION('',(0.,0.,1.));
#3186 = ORIENTED_EDGE('',*,*,#3187,.F.);
#3187 = EDGE_CURVE('',#3164,#3180,#3188,.T.);
#3188 = LINE('',#3189,#3190);
#3189 = CARTESIAN_POINT('',(216.,-186.5,2.015E+03));
#3190 = VECTOR('',#3191,1.);
#3191 = DIRECTION('',(0.,1.,0.));
#3192 = PLANE('',#3193);
#3193 = AXIS2_PLACEMENT_3D('',#3194,#3195,#3196);
#3194 = CARTESIAN_POINT('',(216.,-186.5,1.19E+03));
#3195 = DIRECTION('',(1.,0.,0.));
#3196 = DIRECTION('',(0.,0.,1.));
#3197 = ADVANCED_FACE('',(#3198),#3214,.F.);
#3198 = FACE_BOUND('',#3199,.F.);
#3199 = EDGE_LOOP('',(#3200,#3206,#3207,#3213));
#3200 = ORIENTED_EDGE('',*,*,#3201,.F.);
#3201 = EDGE_CURVE('',#3122,#3162,#3202,.T.);
#3202 = LINE('',#3203,#3204);
#3203 = CARTESIAN_POINT('',(-216.,-186.5,1.19E+03));
#3204 = VECTOR('',#3205,1.);
#3205 = DIRECTION('',(1.,0.,0.));
#3206 = ORIENTED_EDGE('',*,*,#3121,.T.);
#3207 = ORIENTED_EDGE('',*,*,#3208,.T.);
#3208 = EDGE_CURVE('',#3124,#3164,#3209,.T.);
#3209 = LINE('',#3210,#3211);
#3210 = CARTESIAN_POINT('',(-216.,-186.5,2.015E+03));
#3211 = VECTOR('',#3212,1.);
#3212 = DIRECTION('',(1.,0.,0.));
#3213 = ORIENTED_EDGE('',*,*,#3161,.F.);
#3214 = PLANE('',#3215);
#3215 = AXIS2_PLACEMENT_3D('',#3216,#3217,#3218);
#3216 = CARTESIAN_POINT('',(-216.,-186.5,1.19E+03));
#3217 = DIRECTION('',(0.,1.,0.));
#3218 = DIRECTION('',(0.,0.,1.));
#3219 = ADVANCED_FACE('',(#3220),#3236,.T.);
#3220 = FACE_BOUND('',#3221,.T.);
#3221 = EDGE_LOOP('',(#3222,#3228,#3229,#3235));
#3222 = ORIENTED_EDGE('',*,*,#3223,.F.);
#3223 = EDGE_CURVE('',#3132,#3172,#3224,.T.);
#3224 = LINE('',#3225,#3226);
#3225 = CARTESIAN_POINT('',(-216.,186.5,1.19E+03));
#3226 = VECTOR('',#3227,1.);
#3227 = DIRECTION('',(1.,0.,0.));
#3228 = ORIENTED_EDGE('',*,*,#3139,.T.);
#3229 = ORIENTED_EDGE('',*,*,#3230,.T.);
#3230 = EDGE_CURVE('',#3140,#3180,#3231,.T.);
#3231 = LINE('',#3232,#3233);
#3232 = CARTESIAN_POINT('',(-216.,186.5,2.015E+03));
#3233 = VECTOR('',#3234,1.);
#3234 = DIRECTION('',(1.,0.,0.));
#3235 = ORIENTED_EDGE('',*,*,#3179,.F.);
#3236 = PLANE('',#3237);
#3237 = AXIS2_PLACEMENT_3D('',#3238,#3239,#3240);
#3238 = CARTESIAN_POINT('',(-216.,186.5,1.19E+03));
#3239 = DIRECTION('',(0.,1.,0.));
#3240 = DIRECTION('',(0.,0.,1.));
#3241 = ADVANCED_FACE('',(#3242),#3248,.F.);
#3242 = FACE_BOUND('',#3243,.F.);
#3243 = EDGE_LOOP('',(#3244,#3245,#3246,#3247));
#3244 = ORIENTED_EDGE('',*,*,#3131,.F.);
#3245 = ORIENTED_EDGE('',*,*,#3201,.T.);
#3246 = ORIENTED_EDGE('',*,*,#3171,.T.);
#3247 = ORIENTED_EDGE('',*,*,#3223,.F.);
#3248 = PLANE('',#3249);
#3249 = AXIS2_PLACEMENT_3D('',#3250,#3251,#3252);
#3250 = CARTESIAN_POINT('',(-216.,-186.5,1.19E+03));
#3251 = DIRECTION('',(0.,0.,1.));
#3252 = DIRECTION('',(1.,0.,0.));
#3253 = ADVANCED_FACE('',(#3254),#3260,.T.);
#3254 = FACE_BOUND('',#3255,.T.);
#3255 = EDGE_LOOP('',(#3256,#3257,#3258,#3259));
#3256 = ORIENTED_EDGE('',*,*,#3147,.F.);
#3257 = ORIENTED_EDGE('',*,*,#3208,.T.);
#3258 = ORIENTED_EDGE('',*,*,#3187,.T.);
#3259 = ORIENTED_EDGE('',*,*,#3230,.F.);
#3260 = PLANE('',#3261);
#3261 = AXIS2_PLACEMENT_3D('',#3262,#3263,#3264);
#3262 = CARTESIAN_POINT('',(-216.,-186.5,2.015E+03));
#3263 = DIRECTION('',(0.,0.,1.));
#3264 = DIRECTION('',(1.,0.,0.));
#3265 = MANIFOLD_SOLID_BREP('',#3266);
#3266 = CLOSED_SHELL('',(#3267,#3322,#3403,#3439,#3521,#3553,#3585,#3609
    ,#3645,#3677,#3705,#3733));
#3267 = ADVANCED_FACE('',(#3268),#3301,.T.);
#3268 = FACE_BOUND('',#3269,.T.);
#3269 = EDGE_LOOP('',(#3270,#3280,#3287,#3296));
#3270 = ORIENTED_EDGE('',*,*,#3271,.T.);
#3271 = EDGE_CURVE('',#3272,#3274,#3276,.T.);
#3272 = VERTEX_POINT('',#3273);
#3273 = CARTESIAN_POINT('',(-283.5,-283.5,965.));
#3274 = VERTEX_POINT('',#3275);
#3275 = CARTESIAN_POINT('',(283.5,-283.5,965.));
#3276 = LINE('',#3277,#3278);
#3277 = CARTESIAN_POINT('',(-283.5,-283.5,965.));
#3278 = VECTOR('',#3279,1.);
#3279 = DIRECTION('',(1.,0.,0.));
#3280 = ORIENTED_EDGE('',*,*,#3281,.T.);
#3281 = EDGE_CURVE('',#3274,#3282,#3284,.T.);
#3282 = VERTEX_POINT('',#3283);
#3283 = CARTESIAN_POINT('',(112.78353159925,-112.7835315992,1.18E+03));
#3284 = B_SPLINE_CURVE_WITH_KNOTS('',1,(#3285,#3286),.UNSPECIFIED.,.F.,
  .F.,(2,2),(0.,1.),.PIECEWISE_BEZIER_KNOTS.);
#3285 = CARTESIAN_POINT('',(283.5,-283.5,965.));
#3286 = CARTESIAN_POINT('',(112.78353159925,-112.7835315992,1.18E+03));
#3287 = ORIENTED_EDGE('',*,*,#3288,.F.);
#3288 = EDGE_CURVE('',#3289,#3282,#3291,.T.);
#3289 = VERTEX_POINT('',#3290);
#3290 = CARTESIAN_POINT('',(-112.7835315992,-112.7835315992,1.18E+03));
#3291 = CIRCLE('',#3292,159.5);
#3292 = AXIS2_PLACEMENT_3D('',#3293,#3294,#3295);
#3293 = CARTESIAN_POINT('',(0.,0.,1.18E+03));
#3294 = DIRECTION('',(0.,0.,1.));
#3295 = DIRECTION('',(1.,0.,0.));
#3296 = ORIENTED_EDGE('',*,*,#3297,.F.);
#3297 = EDGE_CURVE('',#3272,#3289,#3298,.T.);
#3298 = B_SPLINE_CURVE_WITH_KNOTS('',1,(#3299,#3300),.UNSPECIFIED.,.F.,
  .F.,(2,2),(0.,1.),.PIECEWISE_BEZIER_KNOTS.);
#3299 = CARTESIAN_POINT('',(-283.5,-283.5,965.));
#3300 = CARTESIAN_POINT('',(-112.7835315992,-112.7835315992,1.18E+03));
#3301 = B_SPLINE_SURFACE_WITH_KNOTS('',9,1,(
    (#3302,#3303)
    ,(#3304,#3305)
    ,(#3306,#3307)
    ,(#3308,#3309)
    ,(#3310,#3311)
    ,(#3312,#3313)
    ,(#3314,#3315)
    ,(#3316,#3317)
    ,(#3318,#3319)
    ,(#3320,#3321
    )),.UNSPECIFIED.,.F.,.F.,.F.,(10,10),(2,2),(0.,567.),(0.,1.),
  .PIECEWISE_BEZIER_KNOTS.);
#3302 = CARTESIAN_POINT('',(-283.5,-283.5,965.));
#3303 = CARTESIAN_POINT('',(-112.7835315992,-112.7835315992,1.18E+03));
#3304 = CARTESIAN_POINT('',(-220.5,-283.5,965.));
#3305 = CARTESIAN_POINT('',(-93.09909191491,-132.4679712835,1.18E+03));
#3306 = CARTESIAN_POINT('',(-157.5,-283.5,965.));
#3307 = CARTESIAN_POINT('',(-69.54962156705,-148.2873808685,1.18E+03));
#3308 = CARTESIAN_POINT('',(-94.5,-283.5,965.));
#3309 = CARTESIAN_POINT('',(-43.0024310978,-159.374444404,1.18E+03));
#3310 = CARTESIAN_POINT('',(-31.5,-283.5,965.));
#3311 = CARTESIAN_POINT('',(-14.5518945476,-165.0889339886,1.18E+03));
#3312 = CARTESIAN_POINT('',(31.5,-283.5,965.));
#3313 = CARTESIAN_POINT('',(14.551894547604,-165.0889339887,1.18E+03));
#3314 = CARTESIAN_POINT('',(94.5,-283.5,965.));
#3315 = CARTESIAN_POINT('',(43.002431097806,-159.374444404,1.18E+03));
#3316 = CARTESIAN_POINT('',(157.5,-283.5,965.));
#3317 = CARTESIAN_POINT('',(69.549621567054,-148.2873808685,1.18E+03));
#3318 = CARTESIAN_POINT('',(220.5,-283.5,965.));
#3319 = CARTESIAN_POINT('',(93.099091914914,-132.4679712835,1.18E+03));
#3320 = CARTESIAN_POINT('',(283.5,-283.5,965.));
#3321 = CARTESIAN_POINT('',(112.78353159925,-112.7835315992,1.18E+03));
#3322 = ADVANCED_FACE('',(#3323,#3356),#3398,.T.);
#3323 = FACE_BOUND('',#3324,.T.);
#3324 = EDGE_LOOP('',(#3325,#3326,#3334,#3342,#3350));
#3325 = ORIENTED_EDGE('',*,*,#3271,.F.);
#3326 = ORIENTED_EDGE('',*,*,#3327,.F.);
#3327 = EDGE_CURVE('',#3328,#3272,#3330,.T.);
#3328 = VERTEX_POINT('',#3329);
#3329 = CARTESIAN_POINT('',(-283.5,283.5,965.));
#3330 = LINE('',#3331,#3332);
#3331 = CARTESIAN_POINT('',(-283.5,283.5,965.));
#3332 = VECTOR('',#3333,1.);
#3333 = DIRECTION('',(0.,-1.,0.));
#3334 = ORIENTED_EDGE('',*,*,#3335,.F.);
#3335 = EDGE_CURVE('',#3336,#3328,#3338,.T.);
#3336 = VERTEX_POINT('',#3337);
#3337 = CARTESIAN_POINT('',(283.5,283.5,965.));
#3338 = LINE('',#3339,#3340);
#3339 = CARTESIAN_POINT('',(283.5,283.5,965.));
#3340 = VECTOR('',#3341,1.);
#3341 = DIRECTION('',(-1.,0.,0.));
#3342 = ORIENTED_EDGE('',*,*,#3343,.F.);
#3343 = EDGE_CURVE('',#3344,#3336,#3346,.T.);
#3344 = VERTEX_POINT('',#3345);
#3345 = CARTESIAN_POINT('',(283.5,0.,965.));
#3346 = LINE('',#3347,#3348);
#3347 = CARTESIAN_POINT('',(283.5,-283.5,965.));
#3348 = VECTOR('',#3349,1.);
#3349 = DIRECTION('',(0.,1.,0.));
#3350 = ORIENTED_EDGE('',*,*,#3351,.F.);
#3351 = EDGE_CURVE('',#3274,#3344,#3352,.T.);
#3352 = LINE('',#3353,#3354);
#3353 = CARTESIAN_POINT('',(283.5,-283.5,965.));
#3354 = VECTOR('',#3355,1.);
#3355 = DIRECTION('',(0.,1.,0.));
#3356 = FACE_BOUND('',#3357,.T.);
#3357 = EDGE_LOOP('',(#3358,#3368,#3376,#3384,#3392));
#3358 = ORIENTED_EDGE('',*,*,#3359,.T.);
#3359 = EDGE_CURVE('',#3360,#3362,#3364,.T.);
#3360 = VERTEX_POINT('',#3361);
#3361 = CARTESIAN_POINT('',(-281.5,281.5,965.));
#3362 = VERTEX_POINT('',#3363);
#3363 = CARTESIAN_POINT('',(-281.5,-281.5,965.));
#3364 = LINE('',#3365,#3366);
#3365 = CARTESIAN_POINT('',(-281.5,281.5,965.));
#3366 = VECTOR('',#3367,1.);
#3367 = DIRECTION('',(0.,-1.,0.));
#3368 = ORIENTED_EDGE('',*,*,#3369,.T.);
#3369 = EDGE_CURVE('',#3362,#3370,#3372,.T.);
#3370 = VERTEX_POINT('',#3371);
#3371 = CARTESIAN_POINT('',(281.5,-281.5,965.));
#3372 = LINE('',#3373,#3374);
#3373 = CARTESIAN_POINT('',(-281.5,-281.5,965.));
#3374 = VECTOR('',#3375,1.);
#3375 = DIRECTION('',(1.,0.,0.));
#3376 = ORIENTED_EDGE('',*,*,#3377,.T.);
#3377 = EDGE_CURVE('',#3370,#3378,#3380,.T.);
#3378 = VERTEX_POINT('',#3379);
#3379 = CARTESIAN_POINT('',(281.5,0.,965.));
#3380 = LINE('',#3381,#3382);
#3381 = CARTESIAN_POINT('',(281.5,-281.5,965.));
#3382 = VECTOR('',#3383,1.);
#3383 = DIRECTION('',(0.,1.,0.));
#3384 = ORIENTED_EDGE('',*,*,#3385,.T.);
#3385 = EDGE_CURVE('',#3378,#3386,#3388,.T.);
#3386 = VERTEX_POINT('',#3387);
#3387 = CARTESIAN_POINT('',(281.5,281.5,965.));
#3388 = LINE('',#3389,#3390);
#3389 = CARTESIAN_POINT('',(281.5,-281.5,965.));
#3390 = VECTOR('',#3391,1.);
#3391 = DIRECTION('',(0.,1.,0.));
#3392 = ORIENTED_EDGE('',*,*,#3393,.T.);
#3393 = EDGE_CURVE('',#3386,#3360,#3394,.T.);
#3394 = LINE('',#3395,#3396);
#3395 = CARTESIAN_POINT('',(281.5,281.5,965.));
#3396 = VECTOR('',#3397,1.);
#3397 = DIRECTION('',(-1.,0.,0.));
#3398 = PLANE('',#3399);
#3399 = AXIS2_PLACEMENT_3D('',#3400,#3401,#3402);
#3400 = CARTESIAN_POINT('',(-283.5,-283.5,965.));
#3401 = DIRECTION('',(0.,0.,-1.));
#3402 = DIRECTION('',(0.707106781187,0.707106781187,0.));
#3403 = ADVANCED_FACE('',(#3404),#3422,.T.);
#3404 = FACE_BOUND('',#3405,.T.);
#3405 = EDGE_LOOP('',(#3406,#3407,#3414,#3421));
#3406 = ORIENTED_EDGE('',*,*,#3351,.T.);
#3407 = ORIENTED_EDGE('',*,*,#3408,.T.);
#3408 = EDGE_CURVE('',#3344,#3409,#3411,.T.);
#3409 = VERTEX_POINT('',#3410);
#3410 = CARTESIAN_POINT('',(159.5,0.,1.18E+03));
#3411 = B_SPLINE_CURVE_WITH_KNOTS('',1,(#3412,#3413),.UNSPECIFIED.,.F.,
  .F.,(2,2),(0.,1.),.PIECEWISE_BEZIER_KNOTS.);
#3412 = CARTESIAN_POINT('',(283.5,0.,965.));
#3413 = CARTESIAN_POINT('',(159.5,-3.553E-14,1.18E+03));
#3414 = ORIENTED_EDGE('',*,*,#3415,.F.);
#3415 = EDGE_CURVE('',#3282,#3409,#3416,.T.);
#3416 = CIRCLE('',#3417,159.5);
#3417 = AXIS2_PLACEMENT_3D('',#3418,#3419,#3420);
#3418 = CARTESIAN_POINT('',(0.,0.,1.18E+03));
#3419 = DIRECTION('',(0.,0.,1.));
#3420 = DIRECTION('',(1.,0.,0.));
#3421 = ORIENTED_EDGE('',*,*,#3281,.F.);
#3422 = B_SPLINE_SURFACE_WITH_KNOTS('',7,1,(
    (#3423,#3424)
    ,(#3425,#3426)
    ,(#3427,#3428)
    ,(#3429,#3430)
    ,(#3431,#3432)
    ,(#3433,#3434)
    ,(#3435,#3436)
    ,(#3437,#3438
    )),.UNSPECIFIED.,.F.,.F.,.F.,(8,8),(2,2),(0.,283.5),(0.,1.),
  .PIECEWISE_BEZIER_KNOTS.);
#3423 = CARTESIAN_POINT('',(283.5,-283.5,965.));
#3424 = CARTESIAN_POINT('',(112.78353159925,-112.7835315992,1.18E+03));
#3425 = CARTESIAN_POINT('',(283.5,-243.,965.));
#3426 = CARTESIAN_POINT('',(125.43781425347,-100.129248945,1.18E+03));
#3427 = CARTESIAN_POINT('',(283.5,-202.5,965.));
#3428 = CARTESIAN_POINT('',(136.43565423148,-85.81852413355,1.18E+03));
#3429 = CARTESIAN_POINT('',(283.5,-162.,965.));
#3430 = CARTESIAN_POINT('',(145.51686531228,-70.1115536992,1.18E+03));
#3431 = CARTESIAN_POINT('',(283.5,-121.5,965.));
#3432 = CARTESIAN_POINT('',(152.47231729956,-53.31960717909,1.18E+03));
#3433 = CARTESIAN_POINT('',(283.5,-81.,965.));
#3434 = CARTESIAN_POINT('',(157.15743666896,-35.79171593644,1.18E+03));
#3435 = CARTESIAN_POINT('',(283.5,-40.5,965.));
#3436 = CARTESIAN_POINT('',(159.5,-17.89585815169,1.18E+03));
#3437 = CARTESIAN_POINT('',(283.5,0.,965.));
#3438 = CARTESIAN_POINT('',(159.5,-3.553E-14,1.18E+03));
#3439 = ADVANCED_FACE('',(#3440,#3469),#3516,.T.);
#3440 = FACE_BOUND('',#3441,.T.);
#3441 = EDGE_LOOP('',(#3442,#3443,#3444,#3453,#3462));
#3442 = ORIENTED_EDGE('',*,*,#3288,.T.);
#3443 = ORIENTED_EDGE('',*,*,#3415,.T.);
#3444 = ORIENTED_EDGE('',*,*,#3445,.T.);
#3445 = EDGE_CURVE('',#3409,#3446,#3448,.T.);
#3446 = VERTEX_POINT('',#3447);
#3447 = CARTESIAN_POINT('',(112.78353159925,112.78353159925,1.18E+03));
#3448 = CIRCLE('',#3449,159.5);
#3449 = AXIS2_PLACEMENT_3D('',#3450,#3451,#3452);
#3450 = CARTESIAN_POINT('',(0.,0.,1.18E+03));
#3451 = DIRECTION('',(0.,0.,1.));
#3452 = DIRECTION('',(1.,0.,0.));
#3453 = ORIENTED_EDGE('',*,*,#3454,.T.);
#3454 = EDGE_CURVE('',#3446,#3455,#3457,.T.);
#3455 = VERTEX_POINT('',#3456);
#3456 = CARTESIAN_POINT('',(-112.7835315992,112.78353159925,1.18E+03));
#3457 = CIRCLE('',#3458,159.5);
#3458 = AXIS2_PLACEMENT_3D('',#3459,#3460,#3461);
#3459 = CARTESIAN_POINT('',(0.,0.,1.18E+03));
#3460 = DIRECTION('',(0.,0.,1.));
#3461 = DIRECTION('',(1.,0.,0.));
#3462 = ORIENTED_EDGE('',*,*,#3463,.T.);
#3463 = EDGE_CURVE('',#3455,#3289,#3464,.T.);
#3464 = CIRCLE('',#3465,159.5);
#3465 = AXIS2_PLACEMENT_3D('',#3466,#3467,#3468);
#3466 = CARTESIAN_POINT('',(0.,0.,1.18E+03));
#3467 = DIRECTION('',(0.,0.,1.));
#3468 = DIRECTION('',(1.,0.,0.));
#3469 = FACE_BOUND('',#3470,.T.);
#3470 = EDGE_LOOP('',(#3471,#3482,#3491,#3500,#3509));
#3471 = ORIENTED_EDGE('',*,*,#3472,.F.);
#3472 = EDGE_CURVE('',#3473,#3475,#3477,.T.);
#3473 = VERTEX_POINT('',#3474);
#3474 = CARTESIAN_POINT('',(-111.3693180368,-111.3693180368,1.18E+03));
#3475 = VERTEX_POINT('',#3476);
#3476 = CARTESIAN_POINT('',(111.36931803688,-111.3693180368,1.18E+03));
#3477 = CIRCLE('',#3478,157.5);
#3478 = AXIS2_PLACEMENT_3D('',#3479,#3480,#3481);
#3479 = CARTESIAN_POINT('',(0.,0.,1.18E+03));
#3480 = DIRECTION('',(0.,0.,1.));
#3481 = DIRECTION('',(1.,0.,0.));
#3482 = ORIENTED_EDGE('',*,*,#3483,.F.);
#3483 = EDGE_CURVE('',#3484,#3473,#3486,.T.);
#3484 = VERTEX_POINT('',#3485);
#3485 = CARTESIAN_POINT('',(-111.3693180368,111.36931803688,1.18E+03));
#3486 = CIRCLE('',#3487,157.5);
#3487 = AXIS2_PLACEMENT_3D('',#3488,#3489,#3490);
#3488 = CARTESIAN_POINT('',(0.,0.,1.18E+03));
#3489 = DIRECTION('',(0.,0.,1.));
#3490 = DIRECTION('',(1.,0.,0.));
#3491 = ORIENTED_EDGE('',*,*,#3492,.F.);
#3492 = EDGE_CURVE('',#3493,#3484,#3495,.T.);
#3493 = VERTEX_POINT('',#3494);
#3494 = CARTESIAN_POINT('',(111.36931803688,111.36931803688,1.18E+03));
#3495 = CIRCLE('',#3496,157.5);
#3496 = AXIS2_PLACEMENT_3D('',#3497,#3498,#3499);
#3497 = CARTESIAN_POINT('',(0.,0.,1.18E+03));
#3498 = DIRECTION('',(0.,0.,1.));
#3499 = DIRECTION('',(1.,0.,0.));
#3500 = ORIENTED_EDGE('',*,*,#3501,.F.);
#3501 = EDGE_CURVE('',#3502,#3493,#3504,.T.);
#3502 = VERTEX_POINT('',#3503);
#3503 = CARTESIAN_POINT('',(157.5,0.,1.18E+03));
#3504 = CIRCLE('',#3505,157.5);
#3505 = AXIS2_PLACEMENT_3D('',#3506,#3507,#3508);
#3506 = CARTESIAN_POINT('',(0.,0.,1.18E+03));
#3507 = DIRECTION('',(0.,0.,1.));
#3508 = DIRECTION('',(1.,0.,0.));
#3509 = ORIENTED_EDGE('',*,*,#3510,.F.);
#3510 = EDGE_CURVE('',#3475,#3502,#3511,.T.);
#3511 = CIRCLE('',#3512,157.5);
#3512 = AXIS2_PLACEMENT_3D('',#3513,#3514,#3515);
#3513 = CARTESIAN_POINT('',(0.,0.,1.18E+03));
#3514 = DIRECTION('',(0.,0.,1.));
#3515 = DIRECTION('',(1.,0.,0.));
#3516 = PLANE('',#3517);
#3517 = AXIS2_PLACEMENT_3D('',#3518,#3519,#3520);
#3518 = CARTESIAN_POINT('',(0.,0.,1.18E+03));
#3519 = DIRECTION('',(0.,0.,1.));
#3520 = DIRECTION('',(1.,0.,0.));
#3521 = ADVANCED_FACE('',(#3522),#3532,.T.);
#3522 = FACE_BOUND('',#3523,.T.);
#3523 = EDGE_LOOP('',(#3524,#3525,#3526,#3527));
#3524 = ORIENTED_EDGE('',*,*,#3327,.T.);
#3525 = ORIENTED_EDGE('',*,*,#3297,.T.);
#3526 = ORIENTED_EDGE('',*,*,#3463,.F.);
#3527 = ORIENTED_EDGE('',*,*,#3528,.F.);
#3528 = EDGE_CURVE('',#3328,#3455,#3529,.T.);
#3529 = B_SPLINE_CURVE_WITH_KNOTS('',1,(#3530,#3531),.UNSPECIFIED.,.F.,
  .F.,(2,2),(0.,1.),.PIECEWISE_BEZIER_KNOTS.);
#3530 = CARTESIAN_POINT('',(-283.5,283.5,965.));
#3531 = CARTESIAN_POINT('',(-112.7835315992,112.78353159925,1.18E+03));
#3532 = B_SPLINE_SURFACE_WITH_KNOTS('',9,1,(
    (#3533,#3534)
    ,(#3535,#3536)
    ,(#3537,#3538)
    ,(#3539,#3540)
    ,(#3541,#3542)
    ,(#3543,#3544)
    ,(#3545,#3546)
    ,(#3547,#3548)
    ,(#3549,#3550)
    ,(#3551,#3552
    )),.UNSPECIFIED.,.F.,.F.,.F.,(10,10),(2,2),(0.,567.),(0.,1.),
  .PIECEWISE_BEZIER_KNOTS.);
#3533 = CARTESIAN_POINT('',(-283.5,283.5,965.));
#3534 = CARTESIAN_POINT('',(-112.7835315992,112.78353159925,1.18E+03));
#3535 = CARTESIAN_POINT('',(-283.5,220.5,965.));
#3536 = CARTESIAN_POINT('',(-132.4679712835,93.099091914912,1.18E+03));
#3537 = CARTESIAN_POINT('',(-283.5,157.5,965.));
#3538 = CARTESIAN_POINT('',(-148.2873808686,69.549621567059,1.18E+03));
#3539 = CARTESIAN_POINT('',(-283.5,94.5,965.));
#3540 = CARTESIAN_POINT('',(-159.3744444039,43.002431097797,1.18E+03));
#3541 = CARTESIAN_POINT('',(-283.5,31.5,965.));
#3542 = CARTESIAN_POINT('',(-165.0889339887,14.551894547615,1.18E+03));
#3543 = CARTESIAN_POINT('',(-283.5,-31.5,965.));
#3544 = CARTESIAN_POINT('',(-165.0889339886,-14.55189454761,1.18E+03));
#3545 = CARTESIAN_POINT('',(-283.5,-94.5,965.));
#3546 = CARTESIAN_POINT('',(-159.374444404,-43.00243109779,1.18E+03));
#3547 = CARTESIAN_POINT('',(-283.5,-157.5,965.));
#3548 = CARTESIAN_POINT('',(-148.2873808685,-69.54962156705,1.18E+03));
#3549 = CARTESIAN_POINT('',(-283.5,-220.5,965.));
#3550 = CARTESIAN_POINT('',(-132.4679712835,-93.09909191491,1.18E+03));
#3551 = CARTESIAN_POINT('',(-283.5,-283.5,965.));
#3552 = CARTESIAN_POINT('',(-112.7835315992,-112.7835315992,1.18E+03));
#3553 = ADVANCED_FACE('',(#3554),#3564,.T.);
#3554 = FACE_BOUND('',#3555,.T.);
#3555 = EDGE_LOOP('',(#3556,#3557,#3558,#3559));
#3556 = ORIENTED_EDGE('',*,*,#3335,.T.);
#3557 = ORIENTED_EDGE('',*,*,#3528,.T.);
#3558 = ORIENTED_EDGE('',*,*,#3454,.F.);
#3559 = ORIENTED_EDGE('',*,*,#3560,.F.);
#3560 = EDGE_CURVE('',#3336,#3446,#3561,.T.);
#3561 = B_SPLINE_CURVE_WITH_KNOTS('',1,(#3562,#3563),.UNSPECIFIED.,.F.,
  .F.,(2,2),(0.,1.),.PIECEWISE_BEZIER_KNOTS.);
#3562 = CARTESIAN_POINT('',(283.5,283.5,965.));
#3563 = CARTESIAN_POINT('',(112.78353159925,112.78353159925,1.18E+03));
#3564 = B_SPLINE_SURFACE_WITH_KNOTS('',9,1,(
    (#3565,#3566)
    ,(#3567,#3568)
    ,(#3569,#3570)
    ,(#3571,#3572)
    ,(#3573,#3574)
    ,(#3575,#3576)
    ,(#3577,#3578)
    ,(#3579,#3580)
    ,(#3581,#3582)
    ,(#3583,#3584
    )),.UNSPECIFIED.,.F.,.F.,.F.,(10,10),(2,2),(0.,567.),(0.,1.),
  .PIECEWISE_BEZIER_KNOTS.);
#3565 = CARTESIAN_POINT('',(283.5,283.5,965.));
#3566 = CARTESIAN_POINT('',(112.78353159925,112.78353159925,1.18E+03));
#3567 = CARTESIAN_POINT('',(220.5,283.5,965.));
#3568 = CARTESIAN_POINT('',(93.099091914913,132.46797128359,1.18E+03));
#3569 = CARTESIAN_POINT('',(157.5,283.5,965.));
#3570 = CARTESIAN_POINT('',(69.549621567058,148.28738086858,1.18E+03));
#3571 = CARTESIAN_POINT('',(94.5,283.5,965.));
#3572 = CARTESIAN_POINT('',(43.002431097801,159.37444440401,1.18E+03));
#3573 = CARTESIAN_POINT('',(31.5,283.5,965.));
#3574 = CARTESIAN_POINT('',(14.551894547608,165.08893398867,1.18E+03));
#3575 = CARTESIAN_POINT('',(-31.5,283.5,965.));
#3576 = CARTESIAN_POINT('',(-14.5518945476,165.0889339887,1.18E+03));
#3577 = CARTESIAN_POINT('',(-94.5,283.5,965.));
#3578 = CARTESIAN_POINT('',(-43.0024310978,159.37444440399,1.18E+03));
#3579 = CARTESIAN_POINT('',(-157.5,283.5,965.));
#3580 = CARTESIAN_POINT('',(-69.54962156705,148.28738086859,1.18E+03));
#3581 = CARTESIAN_POINT('',(-220.5,283.5,965.));
#3582 = CARTESIAN_POINT('',(-93.09909191491,132.46797128359,1.18E+03));
#3583 = CARTESIAN_POINT('',(-283.5,283.5,965.));
#3584 = CARTESIAN_POINT('',(-112.7835315992,112.78353159925,1.18E+03));
#3585 = ADVANCED_FACE('',(#3586),#3592,.T.);
#3586 = FACE_BOUND('',#3587,.T.);
#3587 = EDGE_LOOP('',(#3588,#3589,#3590,#3591));
#3588 = ORIENTED_EDGE('',*,*,#3343,.T.);
#3589 = ORIENTED_EDGE('',*,*,#3560,.T.);
#3590 = ORIENTED_EDGE('',*,*,#3445,.F.);
#3591 = ORIENTED_EDGE('',*,*,#3408,.F.);
#3592 = B_SPLINE_SURFACE_WITH_KNOTS('',7,1,(
    (#3593,#3594)
    ,(#3595,#3596)
    ,(#3597,#3598)
    ,(#3599,#3600)
    ,(#3601,#3602)
    ,(#3603,#3604)
    ,(#3605,#3606)
    ,(#3607,#3608
    )),.UNSPECIFIED.,.F.,.F.,.F.,(8,8),(2,2),(283.5,567.),(0.,1.),
  .PIECEWISE_BEZIER_KNOTS.);
#3593 = CARTESIAN_POINT('',(283.5,0.,965.));
#3594 = CARTESIAN_POINT('',(159.5,7.11E-15,1.18E+03));
#3595 = CARTESIAN_POINT('',(283.5,40.5,965.));
#3596 = CARTESIAN_POINT('',(159.5,17.895858151699,1.18E+03));
#3597 = CARTESIAN_POINT('',(283.5,81.,965.));
#3598 = CARTESIAN_POINT('',(157.15743666896,35.791715936448,1.18E+03));
#3599 = CARTESIAN_POINT('',(283.5,121.5,965.));
#3600 = CARTESIAN_POINT('',(152.47231729957,53.319607179097,1.18E+03));
#3601 = CARTESIAN_POINT('',(283.5,162.,965.));
#3602 = CARTESIAN_POINT('',(145.51686531228,70.111553699207,1.18E+03));
#3603 = CARTESIAN_POINT('',(283.5,202.5,965.));
#3604 = CARTESIAN_POINT('',(136.43565423149,85.818524133558,1.18E+03));
#3605 = CARTESIAN_POINT('',(283.5,243.,965.));
#3606 = CARTESIAN_POINT('',(125.43781425347,100.12924894503,1.18E+03));
#3607 = CARTESIAN_POINT('',(283.5,283.5,965.));
#3608 = CARTESIAN_POINT('',(112.78353159925,112.78353159925,1.18E+03));
#3609 = ADVANCED_FACE('',(#3610),#3624,.F.);
#3610 = FACE_BOUND('',#3611,.F.);
#3611 = EDGE_LOOP('',(#3612,#3613,#3618,#3619));
#3612 = ORIENTED_EDGE('',*,*,#3359,.T.);
#3613 = ORIENTED_EDGE('',*,*,#3614,.T.);
#3614 = EDGE_CURVE('',#3362,#3473,#3615,.T.);
#3615 = B_SPLINE_CURVE_WITH_KNOTS('',1,(#3616,#3617),.UNSPECIFIED.,.F.,
  .F.,(2,2),(0.,1.),.PIECEWISE_BEZIER_KNOTS.);
#3616 = CARTESIAN_POINT('',(-281.5,-281.5,965.));
#3617 = CARTESIAN_POINT('',(-111.3693180368,-111.3693180368,1.18E+03));
#3618 = ORIENTED_EDGE('',*,*,#3483,.F.);
#3619 = ORIENTED_EDGE('',*,*,#3620,.F.);
#3620 = EDGE_CURVE('',#3360,#3484,#3621,.T.);
#3621 = B_SPLINE_CURVE_WITH_KNOTS('',1,(#3622,#3623),.UNSPECIFIED.,.F.,
  .F.,(2,2),(0.,1.),.PIECEWISE_BEZIER_KNOTS.);
#3622 = CARTESIAN_POINT('',(-281.5,281.5,965.));
#3623 = CARTESIAN_POINT('',(-111.3693180368,111.36931803688,1.18E+03));
#3624 = B_SPLINE_SURFACE_WITH_KNOTS('',9,1,(
    (#3625,#3626)
    ,(#3627,#3628)
    ,(#3629,#3630)
    ,(#3631,#3632)
    ,(#3633,#3634)
    ,(#3635,#3636)
    ,(#3637,#3638)
    ,(#3639,#3640)
    ,(#3641,#3642)
    ,(#3643,#3644
    )),.UNSPECIFIED.,.F.,.F.,.F.,(10,10),(2,2),(0.,563.),(0.,1.),
  .PIECEWISE_BEZIER_KNOTS.);
#3625 = CARTESIAN_POINT('',(-281.5,281.5,965.));
#3626 = CARTESIAN_POINT('',(-111.3693180368,111.36931803688,1.18E+03));
#3627 = CARTESIAN_POINT('',(-281.5,218.94444444444,965.));
#3628 = CARTESIAN_POINT('',(-130.8069308913,91.931705182437,1.18E+03));
#3629 = CARTESIAN_POINT('',(-281.5,156.38888888888,965.));
#3630 = CARTESIAN_POINT('',(-146.4279779736,68.677525998821,1.18E+03));
#3631 = CARTESIAN_POINT('',(-281.5,93.833333333333,965.));
#3632 = CARTESIAN_POINT('',(-157.3760187688,42.463215660833,1.18E+03));
#3633 = CARTESIAN_POINT('',(-281.5,31.277777777778,965.));
#3634 = CARTESIAN_POINT('',(-163.0188533117,14.369425650466,1.18E+03));
#3635 = CARTESIAN_POINT('',(-281.5,-31.27777777777,965.));
#3636 = CARTESIAN_POINT('',(-163.0188533116,-14.36942565046,1.18E+03));
#3637 = CARTESIAN_POINT('',(-281.5,-93.83333333333,965.));
#3638 = CARTESIAN_POINT('',(-157.3760187688,-42.46321566083,1.18E+03));
#3639 = CARTESIAN_POINT('',(-281.5,-156.3888888888,965.));
#3640 = CARTESIAN_POINT('',(-146.4279779736,-68.67752599881,1.18E+03));
#3641 = CARTESIAN_POINT('',(-281.5,-218.9444444444,965.));
#3642 = CARTESIAN_POINT('',(-130.8069308913,-91.93170518243,1.18E+03));
#3643 = CARTESIAN_POINT('',(-281.5,-281.5,965.));
#3644 = CARTESIAN_POINT('',(-111.3693180368,-111.3693180368,1.18E+03));
#3645 = ADVANCED_FACE('',(#3646),#3656,.F.);
#3646 = FACE_BOUND('',#3647,.F.);
#3647 = EDGE_LOOP('',(#3648,#3649,#3650,#3651));
#3648 = ORIENTED_EDGE('',*,*,#3393,.T.);
#3649 = ORIENTED_EDGE('',*,*,#3620,.T.);
#3650 = ORIENTED_EDGE('',*,*,#3492,.F.);
#3651 = ORIENTED_EDGE('',*,*,#3652,.F.);
#3652 = EDGE_CURVE('',#3386,#3493,#3653,.T.);
#3653 = B_SPLINE_CURVE_WITH_KNOTS('',1,(#3654,#3655),.UNSPECIFIED.,.F.,
  .F.,(2,2),(0.,1.),.PIECEWISE_BEZIER_KNOTS.);
#3654 = CARTESIAN_POINT('',(281.5,281.5,965.));
#3655 = CARTESIAN_POINT('',(111.36931803688,111.36931803688,1.18E+03));
#3656 = B_SPLINE_SURFACE_WITH_KNOTS('',9,1,(
    (#3657,#3658)
    ,(#3659,#3660)
    ,(#3661,#3662)
    ,(#3663,#3664)
    ,(#3665,#3666)
    ,(#3667,#3668)
    ,(#3669,#3670)
    ,(#3671,#3672)
    ,(#3673,#3674)
    ,(#3675,#3676
    )),.UNSPECIFIED.,.F.,.F.,.F.,(10,10),(2,2),(0.,563.),(0.,1.),
  .PIECEWISE_BEZIER_KNOTS.);
#3657 = CARTESIAN_POINT('',(281.5,281.5,965.));
#3658 = CARTESIAN_POINT('',(111.36931803688,111.36931803688,1.18E+03));
#3659 = CARTESIAN_POINT('',(218.94444444444,281.5,965.));
#3660 = CARTESIAN_POINT('',(91.931705182437,130.80693089132,1.18E+03));
#3661 = CARTESIAN_POINT('',(156.38888888888,281.5,965.));
#3662 = CARTESIAN_POINT('',(68.677525998819,146.42797797368,1.18E+03));
#3663 = CARTESIAN_POINT('',(93.833333333333,281.5,965.));
#3664 = CARTESIAN_POINT('',(42.463215660837,157.37601876883,1.18E+03));
#3665 = CARTESIAN_POINT('',(31.277777777778,281.5,965.));
#3666 = CARTESIAN_POINT('',(14.36942565046,163.01885331172,1.18E+03));
#3667 = CARTESIAN_POINT('',(-31.27777777777,281.5,965.));
#3668 = CARTESIAN_POINT('',(-14.36942565045,163.0188533117,1.18E+03));
#3669 = CARTESIAN_POINT('',(-93.83333333333,281.5,965.));
#3670 = CARTESIAN_POINT('',(-42.46321566084,157.37601876885,1.18E+03));
#3671 = CARTESIAN_POINT('',(-156.3888888888,281.5,965.));
#3672 = CARTESIAN_POINT('',(-68.67752599881,146.42797797367,1.18E+03));
#3673 = CARTESIAN_POINT('',(-218.9444444444,281.5,965.));
#3674 = CARTESIAN_POINT('',(-91.93170518243,130.80693089132,1.18E+03));
#3675 = CARTESIAN_POINT('',(-281.5,281.5,965.));
#3676 = CARTESIAN_POINT('',(-111.3693180368,111.36931803688,1.18E+03));
#3677 = ADVANCED_FACE('',(#3678),#3688,.F.);
#3678 = FACE_BOUND('',#3679,.F.);
#3679 = EDGE_LOOP('',(#3680,#3681,#3682,#3683));
#3680 = ORIENTED_EDGE('',*,*,#3385,.T.);
#3681 = ORIENTED_EDGE('',*,*,#3652,.T.);
#3682 = ORIENTED_EDGE('',*,*,#3501,.F.);
#3683 = ORIENTED_EDGE('',*,*,#3684,.F.);
#3684 = EDGE_CURVE('',#3378,#3502,#3685,.T.);
#3685 = B_SPLINE_CURVE_WITH_KNOTS('',1,(#3686,#3687),.UNSPECIFIED.,.F.,
  .F.,(2,2),(0.,1.),.PIECEWISE_BEZIER_KNOTS.);
#3686 = CARTESIAN_POINT('',(281.5,0.,965.));
#3687 = CARTESIAN_POINT('',(157.5,-3.553E-14,1.18E+03));
#3688 = B_SPLINE_SURFACE_WITH_KNOTS('',7,1,(
    (#3689,#3690)
    ,(#3691,#3692)
    ,(#3693,#3694)
    ,(#3695,#3696)
    ,(#3697,#3698)
    ,(#3699,#3700)
    ,(#3701,#3702)
    ,(#3703,#3704
    )),.UNSPECIFIED.,.F.,.F.,.F.,(8,8),(2,2),(281.5,563.),(0.,1.),
  .PIECEWISE_BEZIER_KNOTS.);
#3689 = CARTESIAN_POINT('',(281.5,0.,965.));
#3690 = CARTESIAN_POINT('',(157.5,1.421E-14,1.18E+03));
#3691 = CARTESIAN_POINT('',(281.5,40.214285714286,965.));
#3692 = CARTESIAN_POINT('',(157.5,17.671458676443,1.18E+03));
#3693 = CARTESIAN_POINT('',(281.5,80.428571428571,965.));
#3694 = CARTESIAN_POINT('',(155.18681050383,35.342916990536,1.18E+03));
#3695 = CARTESIAN_POINT('',(281.5,120.64285714285,965.));
#3696 = CARTESIAN_POINT('',(150.56043871274,52.651022763058,1.18E+03));
#3697 = CARTESIAN_POINT('',(281.5,160.85714285714,965.));
#3698 = CARTESIAN_POINT('',(143.69220242435,69.232411960031,1.18E+03));
#3699 = CARTESIAN_POINT('',(281.5,201.07142857142,965.));
#3700 = CARTESIAN_POINT('',(134.7248623289,84.742429787056,1.18E+03));
#3701 = CARTESIAN_POINT('',(281.5,241.28571428571,965.));
#3702 = CARTESIAN_POINT('',(123.86492630045,98.87370977331,1.18E+03));
#3703 = CARTESIAN_POINT('',(281.5,281.5,965.));
#3704 = CARTESIAN_POINT('',(111.36931803688,111.36931803688,1.18E+03));
#3705 = ADVANCED_FACE('',(#3706),#3716,.F.);
#3706 = FACE_BOUND('',#3707,.F.);
#3707 = EDGE_LOOP('',(#3708,#3709,#3710,#3711));
#3708 = ORIENTED_EDGE('',*,*,#3377,.T.);
#3709 = ORIENTED_EDGE('',*,*,#3684,.T.);
#3710 = ORIENTED_EDGE('',*,*,#3510,.F.);
#3711 = ORIENTED_EDGE('',*,*,#3712,.F.);
#3712 = EDGE_CURVE('',#3370,#3475,#3713,.T.);
#3713 = B_SPLINE_CURVE_WITH_KNOTS('',1,(#3714,#3715),.UNSPECIFIED.,.F.,
  .F.,(2,2),(0.,1.),.PIECEWISE_BEZIER_KNOTS.);
#3714 = CARTESIAN_POINT('',(281.5,-281.5,965.));
#3715 = CARTESIAN_POINT('',(111.36931803688,-111.3693180368,1.18E+03));
#3716 = B_SPLINE_SURFACE_WITH_KNOTS('',7,1,(
    (#3717,#3718)
    ,(#3719,#3720)
    ,(#3721,#3722)
    ,(#3723,#3724)
    ,(#3725,#3726)
    ,(#3727,#3728)
    ,(#3729,#3730)
    ,(#3731,#3732
    )),.UNSPECIFIED.,.F.,.F.,.F.,(8,8),(2,2),(0.,281.5),(0.,1.),
  .PIECEWISE_BEZIER_KNOTS.);
#3717 = CARTESIAN_POINT('',(281.5,-281.5,965.));
#3718 = CARTESIAN_POINT('',(111.36931803688,-111.3693180368,1.18E+03));
#3719 = CARTESIAN_POINT('',(281.5,-241.2857142857,965.));
#3720 = CARTESIAN_POINT('',(123.86492630045,-98.87370977331,1.18E+03));
#3721 = CARTESIAN_POINT('',(281.5,-201.0714285714,965.));
#3722 = CARTESIAN_POINT('',(134.7248623289,-84.74242978705,1.18E+03));
#3723 = CARTESIAN_POINT('',(281.5,-160.8571428571,965.));
#3724 = CARTESIAN_POINT('',(143.69220242436,-69.23241196003,1.18E+03));
#3725 = CARTESIAN_POINT('',(281.5,-120.6428571428,965.));
#3726 = CARTESIAN_POINT('',(150.56043871273,-52.65102276305,1.18E+03));
#3727 = CARTESIAN_POINT('',(281.5,-80.42857142857,965.));
#3728 = CARTESIAN_POINT('',(155.18681050383,-35.34291699053,1.18E+03));
#3729 = CARTESIAN_POINT('',(281.5,-40.21428571428,965.));
#3730 = CARTESIAN_POINT('',(157.5,-17.67145867644,1.18E+03));
#3731 = CARTESIAN_POINT('',(281.5,0.,965.));
#3732 = CARTESIAN_POINT('',(157.5,-3.553E-14,1.18E+03));
#3733 = ADVANCED_FACE('',(#3734),#3740,.F.);
#3734 = FACE_BOUND('',#3735,.F.);
#3735 = EDGE_LOOP('',(#3736,#3737,#3738,#3739));
#3736 = ORIENTED_EDGE('',*,*,#3369,.T.);
#3737 = ORIENTED_EDGE('',*,*,#3712,.T.);
#3738 = ORIENTED_EDGE('',*,*,#3472,.F.);
#3739 = ORIENTED_EDGE('',*,*,#3614,.F.);
#3740 = B_SPLINE_SURFACE_WITH_KNOTS('',9,1,(
    (#3741,#3742)
    ,(#3743,#3744)
    ,(#3745,#3746)
    ,(#3747,#3748)
    ,(#3749,#3750)
    ,(#3751,#3752)
    ,(#3753,#3754)
    ,(#3755,#3756)
    ,(#3757,#3758)
    ,(#3759,#3760
    )),.UNSPECIFIED.,.F.,.F.,.F.,(10,10),(2,2),(0.,563.),(0.,1.),
  .PIECEWISE_BEZIER_KNOTS.);
#3741 = CARTESIAN_POINT('',(-281.5,-281.5,965.));
#3742 = CARTESIAN_POINT('',(-111.3693180368,-111.3693180368,1.18E+03));
#3743 = CARTESIAN_POINT('',(-218.9444444444,-281.5,965.));
#3744 = CARTESIAN_POINT('',(-91.93170518243,-130.8069308913,1.18E+03));
#3745 = CARTESIAN_POINT('',(-156.3888888888,-281.5,965.));
#3746 = CARTESIAN_POINT('',(-68.67752599881,-146.4279779736,1.18E+03));
#3747 = CARTESIAN_POINT('',(-93.83333333333,-281.5,965.));
#3748 = CARTESIAN_POINT('',(-42.46321566084,-157.3760187688,1.18E+03));
#3749 = CARTESIAN_POINT('',(-31.27777777777,-281.5,965.));
#3750 = CARTESIAN_POINT('',(-14.36942565045,-163.0188533117,1.18E+03));
#3751 = CARTESIAN_POINT('',(31.277777777778,-281.5,965.));
#3752 = CARTESIAN_POINT('',(14.369425650454,-163.0188533117,1.18E+03));
#3753 = CARTESIAN_POINT('',(93.833333333333,-281.5,965.));
#3754 = CARTESIAN_POINT('',(42.463215660844,-157.3760187688,1.18E+03));
#3755 = CARTESIAN_POINT('',(156.38888888888,-281.5,965.));
#3756 = CARTESIAN_POINT('',(68.677525998815,-146.4279779736,1.18E+03));
#3757 = CARTESIAN_POINT('',(218.94444444444,-281.5,965.));
#3758 = CARTESIAN_POINT('',(91.931705182439,-130.8069308913,1.18E+03));
#3759 = CARTESIAN_POINT('',(281.5,-281.5,965.));
#3760 = CARTESIAN_POINT('',(111.36931803688,-111.3693180368,1.18E+03));
#3761 = MANIFOLD_SOLID_BREP('',#3762);
#3762 = CLOSED_SHELL('',(#3763,#3796,#3816,#3836));
#3763 = ADVANCED_FACE('',(#3764),#3791,.T.);
#3764 = FACE_BOUND('',#3765,.T.);
#3765 = EDGE_LOOP('',(#3766,#3775,#3783,#3790));
#3766 = ORIENTED_EDGE('',*,*,#3767,.F.);
#3767 = EDGE_CURVE('',#3768,#3768,#3770,.T.);
#3768 = VERTEX_POINT('',#3769);
#3769 = CARTESIAN_POINT('',(159.5,-3.9E-14,1.19E+03));
#3770 = CIRCLE('',#3771,159.5);
#3771 = AXIS2_PLACEMENT_3D('',#3772,#3773,#3774);
#3772 = CARTESIAN_POINT('',(0.,0.,1.19E+03));
#3773 = DIRECTION('',(0.,0.,1.));
#3774 = DIRECTION('',(1.,0.,0.));
#3775 = ORIENTED_EDGE('',*,*,#3776,.F.);
#3776 = EDGE_CURVE('',#3777,#3768,#3779,.T.);
#3777 = VERTEX_POINT('',#3778);
#3778 = CARTESIAN_POINT('',(159.5,-3.9E-14,1.18E+03));
#3779 = LINE('',#3780,#3781);
#3780 = CARTESIAN_POINT('',(159.5,-3.907E-14,1.18E+03));
#3781 = VECTOR('',#3782,1.);
#3782 = DIRECTION('',(0.,0.,1.));
#3783 = ORIENTED_EDGE('',*,*,#3784,.T.);
#3784 = EDGE_CURVE('',#3777,#3777,#3785,.T.);
#3785 = CIRCLE('',#3786,159.5);
#3786 = AXIS2_PLACEMENT_3D('',#3787,#3788,#3789);
#3787 = CARTESIAN_POINT('',(0.,0.,1.18E+03));
#3788 = DIRECTION('',(0.,0.,1.));
#3789 = DIRECTION('',(1.,0.,0.));
#3790 = ORIENTED_EDGE('',*,*,#3776,.T.);
#3791 = CYLINDRICAL_SURFACE('',#3792,159.5);
#3792 = AXIS2_PLACEMENT_3D('',#3793,#3794,#3795);
#3793 = CARTESIAN_POINT('',(0.,0.,1.18E+03));
#3794 = DIRECTION('',(0.,0.,1.));
#3795 = DIRECTION('',(1.,0.,0.));
#3796 = ADVANCED_FACE('',(#3797,#3800),#3811,.T.);
#3797 = FACE_BOUND('',#3798,.T.);
#3798 = EDGE_LOOP('',(#3799));
#3799 = ORIENTED_EDGE('',*,*,#3767,.T.);
#3800 = FACE_BOUND('',#3801,.T.);
#3801 = EDGE_LOOP('',(#3802));
#3802 = ORIENTED_EDGE('',*,*,#3803,.F.);
#3803 = EDGE_CURVE('',#3804,#3804,#3806,.T.);
#3804 = VERTEX_POINT('',#3805);
#3805 = CARTESIAN_POINT('',(157.5,-3.9E-14,1.19E+03));
#3806 = CIRCLE('',#3807,157.5);
#3807 = AXIS2_PLACEMENT_3D('',#3808,#3809,#3810);
#3808 = CARTESIAN_POINT('',(0.,0.,1.19E+03));
#3809 = DIRECTION('',(0.,0.,1.));
#3810 = DIRECTION('',(1.,0.,0.));
#3811 = PLANE('',#3812);
#3812 = AXIS2_PLACEMENT_3D('',#3813,#3814,#3815);
#3813 = CARTESIAN_POINT('',(0.,0.,1.19E+03));
#3814 = DIRECTION('',(0.,0.,1.));
#3815 = DIRECTION('',(1.,0.,0.));
#3816 = ADVANCED_FACE('',(#3817,#3820),#3831,.F.);
#3817 = FACE_BOUND('',#3818,.F.);
#3818 = EDGE_LOOP('',(#3819));
#3819 = ORIENTED_EDGE('',*,*,#3784,.T.);
#3820 = FACE_BOUND('',#3821,.F.);
#3821 = EDGE_LOOP('',(#3822));
#3822 = ORIENTED_EDGE('',*,*,#3823,.F.);
#3823 = EDGE_CURVE('',#3824,#3824,#3826,.T.);
#3824 = VERTEX_POINT('',#3825);
#3825 = CARTESIAN_POINT('',(157.5,-3.9E-14,1.18E+03));
#3826 = CIRCLE('',#3827,157.5);
#3827 = AXIS2_PLACEMENT_3D('',#3828,#3829,#3830);
#3828 = CARTESIAN_POINT('',(0.,0.,1.18E+03));
#3829 = DIRECTION('',(0.,0.,1.));
#3830 = DIRECTION('',(1.,0.,0.));
#3831 = PLANE('',#3832);
#3832 = AXIS2_PLACEMENT_3D('',#3833,#3834,#3835);
#3833 = CARTESIAN_POINT('',(0.,0.,1.18E+03));
#3834 = DIRECTION('',(0.,0.,1.));
#3835 = DIRECTION('',(1.,0.,0.));
#3836 = ADVANCED_FACE('',(#3837),#3848,.F.);
#3837 = FACE_BOUND('',#3838,.F.);
#3838 = EDGE_LOOP('',(#3839,#3840,#3846,#3847));
#3839 = ORIENTED_EDGE('',*,*,#3803,.F.);
#3840 = ORIENTED_EDGE('',*,*,#3841,.F.);
#3841 = EDGE_CURVE('',#3824,#3804,#3842,.T.);
#3842 = LINE('',#3843,#3844);
#3843 = CARTESIAN_POINT('',(157.5,-3.858E-14,1.18E+03));
#3844 = VECTOR('',#3845,1.);
#3845 = DIRECTION('',(0.,0.,1.));
#3846 = ORIENTED_EDGE('',*,*,#3823,.T.);
#3847 = ORIENTED_EDGE('',*,*,#3841,.T.);
#3848 = CYLINDRICAL_SURFACE('',#3849,157.5);
#3849 = AXIS2_PLACEMENT_3D('',#3850,#3851,#3852);
#3850 = CARTESIAN_POINT('',(0.,0.,1.18E+03));
#3851 = DIRECTION('',(0.,0.,1.));
#3852 = DIRECTION('',(1.,0.,0.));
#3853 = MANIFOLD_SOLID_BREP('',#3854);
#3854 = CLOSED_SHELL('',(#3855,#3888,#3908,#3928));
#3855 = ADVANCED_FACE('',(#3856),#3883,.T.);
#3856 = FACE_BOUND('',#3857,.T.);
#3857 = EDGE_LOOP('',(#3858,#3867,#3875,#3882));
#3858 = ORIENTED_EDGE('',*,*,#3859,.F.);
#3859 = EDGE_CURVE('',#3860,#3860,#3862,.T.);
#3860 = VERTEX_POINT('',#3861);
#3861 = CARTESIAN_POINT('',(159.5,-3.9E-14,2.215E+03));
#3862 = CIRCLE('',#3863,159.5);
#3863 = AXIS2_PLACEMENT_3D('',#3864,#3865,#3866);
#3864 = CARTESIAN_POINT('',(0.,0.,2.215E+03));
#3865 = DIRECTION('',(0.,0.,1.));
#3866 = DIRECTION('',(1.,0.,0.));
#3867 = ORIENTED_EDGE('',*,*,#3868,.F.);
#3868 = EDGE_CURVE('',#3869,#3860,#3871,.T.);
#3869 = VERTEX_POINT('',#3870);
#3870 = CARTESIAN_POINT('',(159.5,-3.9E-14,2.015E+03));
#3871 = LINE('',#3872,#3873);
#3872 = CARTESIAN_POINT('',(159.5,-3.907E-14,2.015E+03));
#3873 = VECTOR('',#3874,1.);
#3874 = DIRECTION('',(0.,0.,1.));
#3875 = ORIENTED_EDGE('',*,*,#3876,.T.);
#3876 = EDGE_CURVE('',#3869,#3869,#3877,.T.);
#3877 = CIRCLE('',#3878,159.5);
#3878 = AXIS2_PLACEMENT_3D('',#3879,#3880,#3881);
#3879 = CARTESIAN_POINT('',(0.,0.,2.015E+03));
#3880 = DIRECTION('',(0.,0.,1.));
#3881 = DIRECTION('',(1.,0.,0.));
#3882 = ORIENTED_EDGE('',*,*,#3868,.T.);
#3883 = CYLINDRICAL_SURFACE('',#3884,159.5);
#3884 = AXIS2_PLACEMENT_3D('',#3885,#3886,#3887);
#3885 = CARTESIAN_POINT('',(0.,0.,2.015E+03));
#3886 = DIRECTION('',(0.,0.,1.));
#3887 = DIRECTION('',(1.,0.,0.));
#3888 = ADVANCED_FACE('',(#3889,#3892),#3903,.T.);
#3889 = FACE_BOUND('',#3890,.T.);
#3890 = EDGE_LOOP('',(#3891));
#3891 = ORIENTED_EDGE('',*,*,#3859,.T.);
#3892 = FACE_BOUND('',#3893,.T.);
#3893 = EDGE_LOOP('',(#3894));
#3894 = ORIENTED_EDGE('',*,*,#3895,.F.);
#3895 = EDGE_CURVE('',#3896,#3896,#3898,.T.);
#3896 = VERTEX_POINT('',#3897);
#3897 = CARTESIAN_POINT('',(157.5,-3.9E-14,2.215E+03));
#3898 = CIRCLE('',#3899,157.5);
#3899 = AXIS2_PLACEMENT_3D('',#3900,#3901,#3902);
#3900 = CARTESIAN_POINT('',(0.,0.,2.215E+03));
#3901 = DIRECTION('',(0.,0.,1.));
#3902 = DIRECTION('',(1.,0.,0.));
#3903 = PLANE('',#3904);
#3904 = AXIS2_PLACEMENT_3D('',#3905,#3906,#3907);
#3905 = CARTESIAN_POINT('',(0.,0.,2.215E+03));
#3906 = DIRECTION('',(0.,0.,1.));
#3907 = DIRECTION('',(1.,0.,0.));
#3908 = ADVANCED_FACE('',(#3909,#3912),#3923,.F.);
#3909 = FACE_BOUND('',#3910,.F.);
#3910 = EDGE_LOOP('',(#3911));
#3911 = ORIENTED_EDGE('',*,*,#3876,.T.);
#3912 = FACE_BOUND('',#3913,.F.);
#3913 = EDGE_LOOP('',(#3914));
#3914 = ORIENTED_EDGE('',*,*,#3915,.F.);
#3915 = EDGE_CURVE('',#3916,#3916,#3918,.T.);
#3916 = VERTEX_POINT('',#3917);
#3917 = CARTESIAN_POINT('',(157.5,-3.9E-14,2.015E+03));
#3918 = CIRCLE('',#3919,157.5);
#3919 = AXIS2_PLACEMENT_3D('',#3920,#3921,#3922);
#3920 = CARTESIAN_POINT('',(0.,0.,2.015E+03));
#3921 = DIRECTION('',(0.,0.,1.));
#3922 = DIRECTION('',(1.,0.,0.));
#3923 = PLANE('',#3924);
#3924 = AXIS2_PLACEMENT_3D('',#3925,#3926,#3927);
#3925 = CARTESIAN_POINT('',(0.,0.,2.015E+03));
#3926 = DIRECTION('',(0.,0.,1.));
#3927 = DIRECTION('',(1.,0.,0.));
#3928 = ADVANCED_FACE('',(#3929),#3940,.F.);
#3929 = FACE_BOUND('',#3930,.F.);
#3930 = EDGE_LOOP('',(#3931,#3932,#3938,#3939));
#3931 = ORIENTED_EDGE('',*,*,#3895,.F.);
#3932 = ORIENTED_EDGE('',*,*,#3933,.F.);
#3933 = EDGE_CURVE('',#3916,#3896,#3934,.T.);
#3934 = LINE('',#3935,#3936);
#3935 = CARTESIAN_POINT('',(157.5,-3.858E-14,2.015E+03));
#3936 = VECTOR('',#3937,1.);
#3937 = DIRECTION('',(0.,0.,1.));
#3938 = ORIENTED_EDGE('',*,*,#3915,.T.);
#3939 = ORIENTED_EDGE('',*,*,#3933,.T.);
#3940 = CYLINDRICAL_SURFACE('',#3941,157.5);
#3941 = AXIS2_PLACEMENT_3D('',#3942,#3943,#3944);
#3942 = CARTESIAN_POINT('',(0.,0.,2.015E+03));
#3943 = DIRECTION('',(0.,0.,1.));
#3944 = DIRECTION('',(1.,0.,0.));
#3945 = BREP_WITH_VOIDS('',#3946,(#4095));
#3946 = CLOSED_SHELL('',(#3947,#3987,#4018,#4042,#4066,#4083));
#3947 = ADVANCED_FACE('',(#3948),#3982,.F.);
#3948 = FACE_BOUND('',#3949,.F.);
#3949 = EDGE_LOOP('',(#3950,#3960,#3968,#3976));
#3950 = ORIENTED_EDGE('',*,*,#3951,.F.);
#3951 = EDGE_CURVE('',#3952,#3954,#3956,.T.);
#3952 = VERTEX_POINT('',#3953);
#3953 = CARTESIAN_POINT('',(332.5,182.5,150.));
#3954 = VERTEX_POINT('',#3955);
#3955 = CARTESIAN_POINT('',(332.5,182.5,445.));
#3956 = LINE('',#3957,#3958);
#3957 = CARTESIAN_POINT('',(332.5,182.5,150.));
#3958 = VECTOR('',#3959,1.);
#3959 = DIRECTION('',(0.,0.,1.));
#3960 = ORIENTED_EDGE('',*,*,#3961,.T.);
#3961 = EDGE_CURVE('',#3952,#3962,#3964,.T.);
#3962 = VERTEX_POINT('',#3963);
#3963 = CARTESIAN_POINT('',(332.5,217.5,150.));
#3964 = LINE('',#3965,#3966);
#3965 = CARTESIAN_POINT('',(332.5,182.5,150.));
#3966 = VECTOR('',#3967,1.);
#3967 = DIRECTION('',(0.,1.,0.));
#3968 = ORIENTED_EDGE('',*,*,#3969,.T.);
#3969 = EDGE_CURVE('',#3962,#3970,#3972,.T.);
#3970 = VERTEX_POINT('',#3971);
#3971 = CARTESIAN_POINT('',(332.5,217.5,445.));
#3972 = LINE('',#3973,#3974);
#3973 = CARTESIAN_POINT('',(332.5,217.5,150.));
#3974 = VECTOR('',#3975,1.);
#3975 = DIRECTION('',(0.,0.,1.));
#3976 = ORIENTED_EDGE('',*,*,#3977,.F.);
#3977 = EDGE_CURVE('',#3954,#3970,#3978,.T.);
#3978 = LINE('',#3979,#3980);
#3979 = CARTESIAN_POINT('',(332.5,182.5,445.));
#3980 = VECTOR('',#3981,1.);
#3981 = DIRECTION('',(0.,1.,0.));
#3982 = PLANE('',#3983);
#3983 = AXIS2_PLACEMENT_3D('',#3984,#3985,#3986);
#3984 = CARTESIAN_POINT('',(332.5,182.5,150.));
#3985 = DIRECTION('',(1.,0.,0.));
#3986 = DIRECTION('',(0.,0.,1.));
#3987 = ADVANCED_FACE('',(#3988),#4013,.F.);
#3988 = FACE_BOUND('',#3989,.F.);
#3989 = EDGE_LOOP('',(#3990,#3998,#3999,#4007));
#3990 = ORIENTED_EDGE('',*,*,#3991,.F.);
#3991 = EDGE_CURVE('',#3952,#3992,#3994,.T.);
#3992 = VERTEX_POINT('',#3993);
#3993 = CARTESIAN_POINT('',(367.5,182.5,150.));
#3994 = LINE('',#3995,#3996);
#3995 = CARTESIAN_POINT('',(332.5,182.5,150.));
#3996 = VECTOR('',#3997,1.);
#3997 = DIRECTION('',(1.,0.,0.));
#3998 = ORIENTED_EDGE('',*,*,#3951,.T.);
#3999 = ORIENTED_EDGE('',*,*,#4000,.T.);
#4000 = EDGE_CURVE('',#3954,#4001,#4003,.T.);
#4001 = VERTEX_POINT('',#4002);
#4002 = CARTESIAN_POINT('',(367.5,182.5,445.));
#4003 = LINE('',#4004,#4005);
#4004 = CARTESIAN_POINT('',(332.5,182.5,445.));
#4005 = VECTOR('',#4006,1.);
#4006 = DIRECTION('',(1.,0.,0.));
#4007 = ORIENTED_EDGE('',*,*,#4008,.F.);
#4008 = EDGE_CURVE('',#3992,#4001,#4009,.T.);
#4009 = LINE('',#4010,#4011);
#4010 = CARTESIAN_POINT('',(367.5,182.5,150.));
#4011 = VECTOR('',#4012,1.);
#4012 = DIRECTION('',(0.,0.,1.));
#4013 = PLANE('',#4014);
#4014 = AXIS2_PLACEMENT_3D('',#4015,#4016,#4017);
#4015 = CARTESIAN_POINT('',(332.5,182.5,150.));
#4016 = DIRECTION('',(0.,1.,0.));
#4017 = DIRECTION('',(0.,0.,1.));
#4018 = ADVANCED_FACE('',(#4019),#4037,.T.);
#4019 = FACE_BOUND('',#4020,.T.);
#4020 = EDGE_LOOP('',(#4021,#4022,#4023,#4031));
#4021 = ORIENTED_EDGE('',*,*,#3977,.F.);
#4022 = ORIENTED_EDGE('',*,*,#4000,.T.);
#4023 = ORIENTED_EDGE('',*,*,#4024,.T.);
#4024 = EDGE_CURVE('',#4001,#4025,#4027,.T.);
#4025 = VERTEX_POINT('',#4026);
#4026 = CARTESIAN_POINT('',(367.5,217.5,445.));
#4027 = LINE('',#4028,#4029);
#4028 = CARTESIAN_POINT('',(367.5,182.5,445.));
#4029 = VECTOR('',#4030,1.);
#4030 = DIRECTION('',(0.,1.,0.));
#4031 = ORIENTED_EDGE('',*,*,#4032,.F.);
#4032 = EDGE_CURVE('',#3970,#4025,#4033,.T.);
#4033 = LINE('',#4034,#4035);
#4034 = CARTESIAN_POINT('',(332.5,217.5,445.));
#4035 = VECTOR('',#4036,1.);
#4036 = DIRECTION('',(1.,0.,0.));
#4037 = PLANE('',#4038);
#4038 = AXIS2_PLACEMENT_3D('',#4039,#4040,#4041);
#4039 = CARTESIAN_POINT('',(332.5,182.5,445.));
#4040 = DIRECTION('',(0.,0.,1.));
#4041 = DIRECTION('',(1.,0.,0.));
#4042 = ADVANCED_FACE('',(#4043),#4061,.T.);
#4043 = FACE_BOUND('',#4044,.T.);
#4044 = EDGE_LOOP('',(#4045,#4053,#4054,#4055));
#4045 = ORIENTED_EDGE('',*,*,#4046,.F.);
#4046 = EDGE_CURVE('',#3962,#4047,#4049,.T.);
#4047 = VERTEX_POINT('',#4048);
#4048 = CARTESIAN_POINT('',(367.5,217.5,150.));
#4049 = LINE('',#4050,#4051);
#4050 = CARTESIAN_POINT('',(332.5,217.5,150.));
#4051 = VECTOR('',#4052,1.);
#4052 = DIRECTION('',(1.,0.,0.));
#4053 = ORIENTED_EDGE('',*,*,#3969,.T.);
#4054 = ORIENTED_EDGE('',*,*,#4032,.T.);
#4055 = ORIENTED_EDGE('',*,*,#4056,.F.);
#4056 = EDGE_CURVE('',#4047,#4025,#4057,.T.);
#4057 = LINE('',#4058,#4059);
#4058 = CARTESIAN_POINT('',(367.5,217.5,150.));
#4059 = VECTOR('',#4060,1.);
#4060 = DIRECTION('',(0.,0.,1.));
#4061 = PLANE('',#4062);
#4062 = AXIS2_PLACEMENT_3D('',#4063,#4064,#4065);
#4063 = CARTESIAN_POINT('',(332.5,217.5,150.));
#4064 = DIRECTION('',(0.,1.,0.));
#4065 = DIRECTION('',(0.,0.,1.));
#4066 = ADVANCED_FACE('',(#4067),#4078,.F.);
#4067 = FACE_BOUND('',#4068,.F.);
#4068 = EDGE_LOOP('',(#4069,#4070,#4071,#4077));
#4069 = ORIENTED_EDGE('',*,*,#3961,.F.);
#4070 = ORIENTED_EDGE('',*,*,#3991,.T.);
#4071 = ORIENTED_EDGE('',*,*,#4072,.T.);
#4072 = EDGE_CURVE('',#3992,#4047,#4073,.T.);
#4073 = LINE('',#4074,#4075);
#4074 = CARTESIAN_POINT('',(367.5,182.5,150.));
#4075 = VECTOR('',#4076,1.);
#4076 = DIRECTION('',(0.,1.,0.));
#4077 = ORIENTED_EDGE('',*,*,#4046,.F.);
#4078 = PLANE('',#4079);
#4079 = AXIS2_PLACEMENT_3D('',#4080,#4081,#4082);
#4080 = CARTESIAN_POINT('',(332.5,182.5,150.));
#4081 = DIRECTION('',(0.,0.,1.));
#4082 = DIRECTION('',(1.,0.,0.));
#4083 = ADVANCED_FACE('',(#4084),#4090,.T.);
#4084 = FACE_BOUND('',#4085,.T.);
#4085 = EDGE_LOOP('',(#4086,#4087,#4088,#4089));
#4086 = ORIENTED_EDGE('',*,*,#4008,.F.);
#4087 = ORIENTED_EDGE('',*,*,#4072,.T.);
#4088 = ORIENTED_EDGE('',*,*,#4056,.T.);
#4089 = ORIENTED_EDGE('',*,*,#4024,.F.);
#4090 = PLANE('',#4091);
#4091 = AXIS2_PLACEMENT_3D('',#4092,#4093,#4094);
#4092 = CARTESIAN_POINT('',(367.5,182.5,150.));
#4093 = DIRECTION('',(1.,0.,0.));
#4094 = DIRECTION('',(0.,0.,1.));
#4095 = ORIENTED_CLOSED_SHELL('',*,#4096,.F.);
#4096 = CLOSED_SHELL('',(#4097,#4137,#4168,#4192,#4216,#4233));
#4097 = ADVANCED_FACE('',(#4098),#4132,.F.);
#4098 = FACE_BOUND('',#4099,.F.);
#4099 = EDGE_LOOP('',(#4100,#4110,#4118,#4126));
#4100 = ORIENTED_EDGE('',*,*,#4101,.F.);
#4101 = EDGE_CURVE('',#4102,#4104,#4106,.T.);
#4102 = VERTEX_POINT('',#4103);
#4103 = CARTESIAN_POINT('',(335.5,185.5,153.));
#4104 = VERTEX_POINT('',#4105);
#4105 = CARTESIAN_POINT('',(335.5,185.5,442.));
#4106 = LINE('',#4107,#4108);
#4107 = CARTESIAN_POINT('',(335.5,185.5,153.));
#4108 = VECTOR('',#4109,1.);
#4109 = DIRECTION('',(0.,0.,1.));
#4110 = ORIENTED_EDGE('',*,*,#4111,.T.);
#4111 = EDGE_CURVE('',#4102,#4112,#4114,.T.);
#4112 = VERTEX_POINT('',#4113);
#4113 = CARTESIAN_POINT('',(335.5,214.5,153.));
#4114 = LINE('',#4115,#4116);
#4115 = CARTESIAN_POINT('',(335.5,185.5,153.));
#4116 = VECTOR('',#4117,1.);
#4117 = DIRECTION('',(0.,1.,0.));
#4118 = ORIENTED_EDGE('',*,*,#4119,.T.);
#4119 = EDGE_CURVE('',#4112,#4120,#4122,.T.);
#4120 = VERTEX_POINT('',#4121);
#4121 = CARTESIAN_POINT('',(335.5,214.5,442.));
#4122 = LINE('',#4123,#4124);
#4123 = CARTESIAN_POINT('',(335.5,214.5,153.));
#4124 = VECTOR('',#4125,1.);
#4125 = DIRECTION('',(0.,0.,1.));
#4126 = ORIENTED_EDGE('',*,*,#4127,.F.);
#4127 = EDGE_CURVE('',#4104,#4120,#4128,.T.);
#4128 = LINE('',#4129,#4130);
#4129 = CARTESIAN_POINT('',(335.5,185.5,442.));
#4130 = VECTOR('',#4131,1.);
#4131 = DIRECTION('',(0.,1.,0.));
#4132 = PLANE('',#4133);
#4133 = AXIS2_PLACEMENT_3D('',#4134,#4135,#4136);
#4134 = CARTESIAN_POINT('',(335.5,185.5,153.));
#4135 = DIRECTION('',(1.,0.,0.));
#4136 = DIRECTION('',(0.,0.,1.));
#4137 = ADVANCED_FACE('',(#4138),#4163,.F.);
#4138 = FACE_BOUND('',#4139,.F.);
#4139 = EDGE_LOOP('',(#4140,#4148,#4149,#4157));
#4140 = ORIENTED_EDGE('',*,*,#4141,.F.);
#4141 = EDGE_CURVE('',#4102,#4142,#4144,.T.);
#4142 = VERTEX_POINT('',#4143);
#4143 = CARTESIAN_POINT('',(364.5,185.5,153.));
#4144 = LINE('',#4145,#4146);
#4145 = CARTESIAN_POINT('',(335.5,185.5,153.));
#4146 = VECTOR('',#4147,1.);
#4147 = DIRECTION('',(1.,0.,0.));
#4148 = ORIENTED_EDGE('',*,*,#4101,.T.);
#4149 = ORIENTED_EDGE('',*,*,#4150,.T.);
#4150 = EDGE_CURVE('',#4104,#4151,#4153,.T.);
#4151 = VERTEX_POINT('',#4152);
#4152 = CARTESIAN_POINT('',(364.5,185.5,442.));
#4153 = LINE('',#4154,#4155);
#4154 = CARTESIAN_POINT('',(335.5,185.5,442.));
#4155 = VECTOR('',#4156,1.);
#4156 = DIRECTION('',(1.,0.,0.));
#4157 = ORIENTED_EDGE('',*,*,#4158,.F.);
#4158 = EDGE_CURVE('',#4142,#4151,#4159,.T.);
#4159 = LINE('',#4160,#4161);
#4160 = CARTESIAN_POINT('',(364.5,185.5,153.));
#4161 = VECTOR('',#4162,1.);
#4162 = DIRECTION('',(0.,0.,1.));
#4163 = PLANE('',#4164);
#4164 = AXIS2_PLACEMENT_3D('',#4165,#4166,#4167);
#4165 = CARTESIAN_POINT('',(335.5,185.5,153.));
#4166 = DIRECTION('',(0.,1.,0.));
#4167 = DIRECTION('',(0.,0.,1.));
#4168 = ADVANCED_FACE('',(#4169),#4187,.T.);
#4169 = FACE_BOUND('',#4170,.T.);
#4170 = EDGE_LOOP('',(#4171,#4172,#4173,#4181));
#4171 = ORIENTED_EDGE('',*,*,#4127,.F.);
#4172 = ORIENTED_EDGE('',*,*,#4150,.T.);
#4173 = ORIENTED_EDGE('',*,*,#4174,.T.);
#4174 = EDGE_CURVE('',#4151,#4175,#4177,.T.);
#4175 = VERTEX_POINT('',#4176);
#4176 = CARTESIAN_POINT('',(364.5,214.5,442.));
#4177 = LINE('',#4178,#4179);
#4178 = CARTESIAN_POINT('',(364.5,185.5,442.));
#4179 = VECTOR('',#4180,1.);
#4180 = DIRECTION('',(0.,1.,0.));
#4181 = ORIENTED_EDGE('',*,*,#4182,.F.);
#4182 = EDGE_CURVE('',#4120,#4175,#4183,.T.);
#4183 = LINE('',#4184,#4185);
#4184 = CARTESIAN_POINT('',(335.5,214.5,442.));
#4185 = VECTOR('',#4186,1.);
#4186 = DIRECTION('',(1.,0.,0.));
#4187 = PLANE('',#4188);
#4188 = AXIS2_PLACEMENT_3D('',#4189,#4190,#4191);
#4189 = CARTESIAN_POINT('',(335.5,185.5,442.));
#4190 = DIRECTION('',(0.,0.,1.));
#4191 = DIRECTION('',(1.,0.,0.));
#4192 = ADVANCED_FACE('',(#4193),#4211,.T.);
#4193 = FACE_BOUND('',#4194,.T.);
#4194 = EDGE_LOOP('',(#4195,#4203,#4204,#4205));
#4195 = ORIENTED_EDGE('',*,*,#4196,.F.);
#4196 = EDGE_CURVE('',#4112,#4197,#4199,.T.);
#4197 = VERTEX_POINT('',#4198);
#4198 = CARTESIAN_POINT('',(364.5,214.5,153.));
#4199 = LINE('',#4200,#4201);
#4200 = CARTESIAN_POINT('',(335.5,214.5,153.));
#4201 = VECTOR('',#4202,1.);
#4202 = DIRECTION('',(1.,0.,0.));
#4203 = ORIENTED_EDGE('',*,*,#4119,.T.);
#4204 = ORIENTED_EDGE('',*,*,#4182,.T.);
#4205 = ORIENTED_EDGE('',*,*,#4206,.F.);
#4206 = EDGE_CURVE('',#4197,#4175,#4207,.T.);
#4207 = LINE('',#4208,#4209);
#4208 = CARTESIAN_POINT('',(364.5,214.5,153.));
#4209 = VECTOR('',#4210,1.);
#4210 = DIRECTION('',(0.,0.,1.));
#4211 = PLANE('',#4212);
#4212 = AXIS2_PLACEMENT_3D('',#4213,#4214,#4215);
#4213 = CARTESIAN_POINT('',(335.5,214.5,153.));
#4214 = DIRECTION('',(0.,1.,0.));
#4215 = DIRECTION('',(0.,0.,1.));
#4216 = ADVANCED_FACE('',(#4217),#4228,.F.);
#4217 = FACE_BOUND('',#4218,.F.);
#4218 = EDGE_LOOP('',(#4219,#4220,#4221,#4227));
#4219 = ORIENTED_EDGE('',*,*,#4111,.F.);
#4220 = ORIENTED_EDGE('',*,*,#4141,.T.);
#4221 = ORIENTED_EDGE('',*,*,#4222,.T.);
#4222 = EDGE_CURVE('',#4142,#4197,#4223,.T.);
#4223 = LINE('',#4224,#4225);
#4224 = CARTESIAN_POINT('',(364.5,185.5,153.));
#4225 = VECTOR('',#4226,1.);
#4226 = DIRECTION('',(0.,1.,0.));
#4227 = ORIENTED_EDGE('',*,*,#4196,.F.);
#4228 = PLANE('',#4229);
#4229 = AXIS2_PLACEMENT_3D('',#4230,#4231,#4232);
#4230 = CARTESIAN_POINT('',(335.5,185.5,153.));
#4231 = DIRECTION('',(0.,0.,1.));
#4232 = DIRECTION('',(1.,0.,0.));
#4233 = ADVANCED_FACE('',(#4234),#4240,.T.);
#4234 = FACE_BOUND('',#4235,.T.);
#4235 = EDGE_LOOP('',(#4236,#4237,#4238,#4239));
#4236 = ORIENTED_EDGE('',*,*,#4158,.F.);
#4237 = ORIENTED_EDGE('',*,*,#4222,.T.);
#4238 = ORIENTED_EDGE('',*,*,#4206,.T.);
#4239 = ORIENTED_EDGE('',*,*,#4174,.F.);
#4240 = PLANE('',#4241);
#4241 = AXIS2_PLACEMENT_3D('',#4242,#4243,#4244);
#4242 = CARTESIAN_POINT('',(364.5,185.5,153.));
#4243 = DIRECTION('',(1.,0.,0.));
#4244 = DIRECTION('',(0.,0.,1.));
#4245 = BREP_WITH_VOIDS('',#4246,(#4395));
#4246 = CLOSED_SHELL('',(#4247,#4287,#4318,#4342,#4366,#4383));
#4247 = ADVANCED_FACE('',(#4248),#4282,.F.);
#4248 = FACE_BOUND('',#4249,.F.);
#4249 = EDGE_LOOP('',(#4250,#4260,#4268,#4276));
#4250 = ORIENTED_EDGE('',*,*,#4251,.F.);
#4251 = EDGE_CURVE('',#4252,#4254,#4256,.T.);
#4252 = VERTEX_POINT('',#4253);
#4253 = CARTESIAN_POINT('',(332.5,182.5,450.));
#4254 = VERTEX_POINT('',#4255);
#4255 = CARTESIAN_POINT('',(332.5,182.5,640.));
#4256 = LINE('',#4257,#4258);
#4257 = CARTESIAN_POINT('',(332.5,182.5,450.));
#4258 = VECTOR('',#4259,1.);
#4259 = DIRECTION('',(0.,0.,1.));
#4260 = ORIENTED_EDGE('',*,*,#4261,.T.);
#4261 = EDGE_CURVE('',#4252,#4262,#4264,.T.);
#4262 = VERTEX_POINT('',#4263);
#4263 = CARTESIAN_POINT('',(332.5,217.5,450.));
#4264 = LINE('',#4265,#4266);
#4265 = CARTESIAN_POINT('',(332.5,182.5,450.));
#4266 = VECTOR('',#4267,1.);
#4267 = DIRECTION('',(0.,1.,0.));
#4268 = ORIENTED_EDGE('',*,*,#4269,.T.);
#4269 = EDGE_CURVE('',#4262,#4270,#4272,.T.);
#4270 = VERTEX_POINT('',#4271);
#4271 = CARTESIAN_POINT('',(332.5,217.5,640.));
#4272 = LINE('',#4273,#4274);
#4273 = CARTESIAN_POINT('',(332.5,217.5,450.));
#4274 = VECTOR('',#4275,1.);
#4275 = DIRECTION('',(0.,0.,1.));
#4276 = ORIENTED_EDGE('',*,*,#4277,.F.);
#4277 = EDGE_CURVE('',#4254,#4270,#4278,.T.);
#4278 = LINE('',#4279,#4280);
#4279 = CARTESIAN_POINT('',(332.5,182.5,640.));
#4280 = VECTOR('',#4281,1.);
#4281 = DIRECTION('',(0.,1.,0.));
#4282 = PLANE('',#4283);
#4283 = AXIS2_PLACEMENT_3D('',#4284,#4285,#4286);
#4284 = CARTESIAN_POINT('',(332.5,182.5,450.));
#4285 = DIRECTION('',(1.,0.,0.));
#4286 = DIRECTION('',(0.,0.,1.));
#4287 = ADVANCED_FACE('',(#4288),#4313,.F.);
#4288 = FACE_BOUND('',#4289,.F.);
#4289 = EDGE_LOOP('',(#4290,#4298,#4299,#4307));
#4290 = ORIENTED_EDGE('',*,*,#4291,.F.);
#4291 = EDGE_CURVE('',#4252,#4292,#4294,.T.);
#4292 = VERTEX_POINT('',#4293);
#4293 = CARTESIAN_POINT('',(367.5,182.5,450.));
#4294 = LINE('',#4295,#4296);
#4295 = CARTESIAN_POINT('',(332.5,182.5,450.));
#4296 = VECTOR('',#4297,1.);
#4297 = DIRECTION('',(1.,0.,0.));
#4298 = ORIENTED_EDGE('',*,*,#4251,.T.);
#4299 = ORIENTED_EDGE('',*,*,#4300,.T.);
#4300 = EDGE_CURVE('',#4254,#4301,#4303,.T.);
#4301 = VERTEX_POINT('',#4302);
#4302 = CARTESIAN_POINT('',(367.5,182.5,640.));
#4303 = LINE('',#4304,#4305);
#4304 = CARTESIAN_POINT('',(332.5,182.5,640.));
#4305 = VECTOR('',#4306,1.);
#4306 = DIRECTION('',(1.,0.,0.));
#4307 = ORIENTED_EDGE('',*,*,#4308,.F.);
#4308 = EDGE_CURVE('',#4292,#4301,#4309,.T.);
#4309 = LINE('',#4310,#4311);
#4310 = CARTESIAN_POINT('',(367.5,182.5,450.));
#4311 = VECTOR('',#4312,1.);
#4312 = DIRECTION('',(0.,0.,1.));
#4313 = PLANE('',#4314);
#4314 = AXIS2_PLACEMENT_3D('',#4315,#4316,#4317);
#4315 = CARTESIAN_POINT('',(332.5,182.5,450.));
#4316 = DIRECTION('',(0.,1.,0.));
#4317 = DIRECTION('',(0.,0.,1.));
#4318 = ADVANCED_FACE('',(#4319),#4337,.T.);
#4319 = FACE_BOUND('',#4320,.T.);
#4320 = EDGE_LOOP('',(#4321,#4322,#4323,#4331));
#4321 = ORIENTED_EDGE('',*,*,#4277,.F.);
#4322 = ORIENTED_EDGE('',*,*,#4300,.T.);
#4323 = ORIENTED_EDGE('',*,*,#4324,.T.);
#4324 = EDGE_CURVE('',#4301,#4325,#4327,.T.);
#4325 = VERTEX_POINT('',#4326);
#4326 = CARTESIAN_POINT('',(367.5,217.5,640.));
#4327 = LINE('',#4328,#4329);
#4328 = CARTESIAN_POINT('',(367.5,182.5,640.));
#4329 = VECTOR('',#4330,1.);
#4330 = DIRECTION('',(0.,1.,0.));
#4331 = ORIENTED_EDGE('',*,*,#4332,.F.);
#4332 = EDGE_CURVE('',#4270,#4325,#4333,.T.);
#4333 = LINE('',#4334,#4335);
#4334 = CARTESIAN_POINT('',(332.5,217.5,640.));
#4335 = VECTOR('',#4336,1.);
#4336 = DIRECTION('',(1.,0.,0.));
#4337 = PLANE('',#4338);
#4338 = AXIS2_PLACEMENT_3D('',#4339,#4340,#4341);
#4339 = CARTESIAN_POINT('',(332.5,182.5,640.));
#4340 = DIRECTION('',(0.,0.,1.));
#4341 = DIRECTION('',(1.,0.,0.));
#4342 = ADVANCED_FACE('',(#4343),#4361,.T.);
#4343 = FACE_BOUND('',#4344,.T.);
#4344 = EDGE_LOOP('',(#4345,#4353,#4354,#4355));
#4345 = ORIENTED_EDGE('',*,*,#4346,.F.);
#4346 = EDGE_CURVE('',#4262,#4347,#4349,.T.);
#4347 = VERTEX_POINT('',#4348);
#4348 = CARTESIAN_POINT('',(367.5,217.5,450.));
#4349 = LINE('',#4350,#4351);
#4350 = CARTESIAN_POINT('',(332.5,217.5,450.));
#4351 = VECTOR('',#4352,1.);
#4352 = DIRECTION('',(1.,0.,0.));
#4353 = ORIENTED_EDGE('',*,*,#4269,.T.);
#4354 = ORIENTED_EDGE('',*,*,#4332,.T.);
#4355 = ORIENTED_EDGE('',*,*,#4356,.F.);
#4356 = EDGE_CURVE('',#4347,#4325,#4357,.T.);
#4357 = LINE('',#4358,#4359);
#4358 = CARTESIAN_POINT('',(367.5,217.5,450.));
#4359 = VECTOR('',#4360,1.);
#4360 = DIRECTION('',(0.,0.,1.));
#4361 = PLANE('',#4362);
#4362 = AXIS2_PLACEMENT_3D('',#4363,#4364,#4365);
#4363 = CARTESIAN_POINT('',(332.5,217.5,450.));
#4364 = DIRECTION('',(0.,1.,0.));
#4365 = DIRECTION('',(0.,0.,1.));
#4366 = ADVANCED_FACE('',(#4367),#4378,.F.);
#4367 = FACE_BOUND('',#4368,.F.);
#4368 = EDGE_LOOP('',(#4369,#4370,#4371,#4377));
#4369 = ORIENTED_EDGE('',*,*,#4261,.F.);
#4370 = ORIENTED_EDGE('',*,*,#4291,.T.);
#4371 = ORIENTED_EDGE('',*,*,#4372,.T.);
#4372 = EDGE_CURVE('',#4292,#4347,#4373,.T.);
#4373 = LINE('',#4374,#4375);
#4374 = CARTESIAN_POINT('',(367.5,182.5,450.));
#4375 = VECTOR('',#4376,1.);
#4376 = DIRECTION('',(0.,1.,0.));
#4377 = ORIENTED_EDGE('',*,*,#4346,.F.);
#4378 = PLANE('',#4379);
#4379 = AXIS2_PLACEMENT_3D('',#4380,#4381,#4382);
#4380 = CARTESIAN_POINT('',(332.5,182.5,450.));
#4381 = DIRECTION('',(0.,0.,1.));
#4382 = DIRECTION('',(1.,0.,0.));
#4383 = ADVANCED_FACE('',(#4384),#4390,.T.);
#4384 = FACE_BOUND('',#4385,.T.);
#4385 = EDGE_LOOP('',(#4386,#4387,#4388,#4389));
#4386 = ORIENTED_EDGE('',*,*,#4308,.F.);
#4387 = ORIENTED_EDGE('',*,*,#4372,.T.);
#4388 = ORIENTED_EDGE('',*,*,#4356,.T.);
#4389 = ORIENTED_EDGE('',*,*,#4324,.F.);
#4390 = PLANE('',#4391);
#4391 = AXIS2_PLACEMENT_3D('',#4392,#4393,#4394);
#4392 = CARTESIAN_POINT('',(367.5,182.5,450.));
#4393 = DIRECTION('',(1.,0.,0.));
#4394 = DIRECTION('',(0.,0.,1.));
#4395 = ORIENTED_CLOSED_SHELL('',*,#4396,.F.);
#4396 = CLOSED_SHELL('',(#4397,#4437,#4468,#4492,#4516,#4533));
#4397 = ADVANCED_FACE('',(#4398),#4432,.F.);
#4398 = FACE_BOUND('',#4399,.F.);
#4399 = EDGE_LOOP('',(#4400,#4410,#4418,#4426));
#4400 = ORIENTED_EDGE('',*,*,#4401,.F.);
#4401 = EDGE_CURVE('',#4402,#4404,#4406,.T.);
#4402 = VERTEX_POINT('',#4403);
#4403 = CARTESIAN_POINT('',(335.5,185.5,453.));
#4404 = VERTEX_POINT('',#4405);
#4405 = CARTESIAN_POINT('',(335.5,185.5,637.));
#4406 = LINE('',#4407,#4408);
#4407 = CARTESIAN_POINT('',(335.5,185.5,453.));
#4408 = VECTOR('',#4409,1.);
#4409 = DIRECTION('',(0.,0.,1.));
#4410 = ORIENTED_EDGE('',*,*,#4411,.T.);
#4411 = EDGE_CURVE('',#4402,#4412,#4414,.T.);
#4412 = VERTEX_POINT('',#4413);
#4413 = CARTESIAN_POINT('',(335.5,214.5,453.));
#4414 = LINE('',#4415,#4416);
#4415 = CARTESIAN_POINT('',(335.5,185.5,453.));
#4416 = VECTOR('',#4417,1.);
#4417 = DIRECTION('',(0.,1.,0.));
#4418 = ORIENTED_EDGE('',*,*,#4419,.T.);
#4419 = EDGE_CURVE('',#4412,#4420,#4422,.T.);
#4420 = VERTEX_POINT('',#4421);
#4421 = CARTESIAN_POINT('',(335.5,214.5,637.));
#4422 = LINE('',#4423,#4424);
#4423 = CARTESIAN_POINT('',(335.5,214.5,453.));
#4424 = VECTOR('',#4425,1.);
#4425 = DIRECTION('',(0.,0.,1.));
#4426 = ORIENTED_EDGE('',*,*,#4427,.F.);
#4427 = EDGE_CURVE('',#4404,#4420,#4428,.T.);
#4428 = LINE('',#4429,#4430);
#4429 = CARTESIAN_POINT('',(335.5,185.5,637.));
#4430 = VECTOR('',#4431,1.);
#4431 = DIRECTION('',(0.,1.,0.));
#4432 = PLANE('',#4433);
#4433 = AXIS2_PLACEMENT_3D('',#4434,#4435,#4436);
#4434 = CARTESIAN_POINT('',(335.5,185.5,453.));
#4435 = DIRECTION('',(1.,0.,0.));
#4436 = DIRECTION('',(0.,0.,1.));
#4437 = ADVANCED_FACE('',(#4438),#4463,.F.);
#4438 = FACE_BOUND('',#4439,.F.);
#4439 = EDGE_LOOP('',(#4440,#4448,#4449,#4457));
#4440 = ORIENTED_EDGE('',*,*,#4441,.F.);
#4441 = EDGE_CURVE('',#4402,#4442,#4444,.T.);
#4442 = VERTEX_POINT('',#4443);
#4443 = CARTESIAN_POINT('',(364.5,185.5,453.));
#4444 = LINE('',#4445,#4446);
#4445 = CARTESIAN_POINT('',(335.5,185.5,453.));
#4446 = VECTOR('',#4447,1.);
#4447 = DIRECTION('',(1.,0.,0.));
#4448 = ORIENTED_EDGE('',*,*,#4401,.T.);
#4449 = ORIENTED_EDGE('',*,*,#4450,.T.);
#4450 = EDGE_CURVE('',#4404,#4451,#4453,.T.);
#4451 = VERTEX_POINT('',#4452);
#4452 = CARTESIAN_POINT('',(364.5,185.5,637.));
#4453 = LINE('',#4454,#4455);
#4454 = CARTESIAN_POINT('',(335.5,185.5,637.));
#4455 = VECTOR('',#4456,1.);
#4456 = DIRECTION('',(1.,0.,0.));
#4457 = ORIENTED_EDGE('',*,*,#4458,.F.);
#4458 = EDGE_CURVE('',#4442,#4451,#4459,.T.);
#4459 = LINE('',#4460,#4461);
#4460 = CARTESIAN_POINT('',(364.5,185.5,453.));
#4461 = VECTOR('',#4462,1.);
#4462 = DIRECTION('',(0.,0.,1.));
#4463 = PLANE('',#4464);
#4464 = AXIS2_PLACEMENT_3D('',#4465,#4466,#4467);
#4465 = CARTESIAN_POINT('',(335.5,185.5,453.));
#4466 = DIRECTION('',(0.,1.,0.));
#4467 = DIRECTION('',(0.,0.,1.));
#4468 = ADVANCED_FACE('',(#4469),#4487,.T.);
#4469 = FACE_BOUND('',#4470,.T.);
#4470 = EDGE_LOOP('',(#4471,#4472,#4473,#4481));
#4471 = ORIENTED_EDGE('',*,*,#4427,.F.);
#4472 = ORIENTED_EDGE('',*,*,#4450,.T.);
#4473 = ORIENTED_EDGE('',*,*,#4474,.T.);
#4474 = EDGE_CURVE('',#4451,#4475,#4477,.T.);
#4475 = VERTEX_POINT('',#4476);
#4476 = CARTESIAN_POINT('',(364.5,214.5,637.));
#4477 = LINE('',#4478,#4479);
#4478 = CARTESIAN_POINT('',(364.5,185.5,637.));
#4479 = VECTOR('',#4480,1.);
#4480 = DIRECTION('',(0.,1.,0.));
#4481 = ORIENTED_EDGE('',*,*,#4482,.F.);
#4482 = EDGE_CURVE('',#4420,#4475,#4483,.T.);
#4483 = LINE('',#4484,#4485);
#4484 = CARTESIAN_POINT('',(335.5,214.5,637.));
#4485 = VECTOR('',#4486,1.);
#4486 = DIRECTION('',(1.,0.,0.));
#4487 = PLANE('',#4488);
#4488 = AXIS2_PLACEMENT_3D('',#4489,#4490,#4491);
#4489 = CARTESIAN_POINT('',(335.5,185.5,637.));
#4490 = DIRECTION('',(0.,0.,1.));
#4491 = DIRECTION('',(1.,0.,0.));
#4492 = ADVANCED_FACE('',(#4493),#4511,.T.);
#4493 = FACE_BOUND('',#4494,.T.);
#4494 = EDGE_LOOP('',(#4495,#4503,#4504,#4505));
#4495 = ORIENTED_EDGE('',*,*,#4496,.F.);
#4496 = EDGE_CURVE('',#4412,#4497,#4499,.T.);
#4497 = VERTEX_POINT('',#4498);
#4498 = CARTESIAN_POINT('',(364.5,214.5,453.));
#4499 = LINE('',#4500,#4501);
#4500 = CARTESIAN_POINT('',(335.5,214.5,453.));
#4501 = VECTOR('',#4502,1.);
#4502 = DIRECTION('',(1.,0.,0.));
#4503 = ORIENTED_EDGE('',*,*,#4419,.T.);
#4504 = ORIENTED_EDGE('',*,*,#4482,.T.);
#4505 = ORIENTED_EDGE('',*,*,#4506,.F.);
#4506 = EDGE_CURVE('',#4497,#4475,#4507,.T.);
#4507 = LINE('',#4508,#4509);
#4508 = CARTESIAN_POINT('',(364.5,214.5,453.));
#4509 = VECTOR('',#4510,1.);
#4510 = DIRECTION('',(0.,0.,1.));
#4511 = PLANE('',#4512);
#4512 = AXIS2_PLACEMENT_3D('',#4513,#4514,#4515);
#4513 = CARTESIAN_POINT('',(335.5,214.5,453.));
#4514 = DIRECTION('',(0.,1.,0.));
#4515 = DIRECTION('',(0.,0.,1.));
#4516 = ADVANCED_FACE('',(#4517),#4528,.F.);
#4517 = FACE_BOUND('',#4518,.F.);
#4518 = EDGE_LOOP('',(#4519,#4520,#4521,#4527));
#4519 = ORIENTED_EDGE('',*,*,#4411,.F.);
#4520 = ORIENTED_EDGE('',*,*,#4441,.T.);
#4521 = ORIENTED_EDGE('',*,*,#4522,.T.);
#4522 = EDGE_CURVE('',#4442,#4497,#4523,.T.);
#4523 = LINE('',#4524,#4525);
#4524 = CARTESIAN_POINT('',(364.5,185.5,453.));
#4525 = VECTOR('',#4526,1.);
#4526 = DIRECTION('',(0.,1.,0.));
#4527 = ORIENTED_EDGE('',*,*,#4496,.F.);
#4528 = PLANE('',#4529);
#4529 = AXIS2_PLACEMENT_3D('',#4530,#4531,#4532);
#4530 = CARTESIAN_POINT('',(335.5,185.5,453.));
#4531 = DIRECTION('',(0.,0.,1.));
#4532 = DIRECTION('',(1.,0.,0.));
#4533 = ADVANCED_FACE('',(#4534),#4540,.T.);
#4534 = FACE_BOUND('',#4535,.T.);
#4535 = EDGE_LOOP('',(#4536,#4537,#4538,#4539));
#4536 = ORIENTED_EDGE('',*,*,#4458,.F.);
#4537 = ORIENTED_EDGE('',*,*,#4522,.T.);
#4538 = ORIENTED_EDGE('',*,*,#4506,.T.);
#4539 = ORIENTED_EDGE('',*,*,#4474,.F.);
#4540 = PLANE('',#4541);
#4541 = AXIS2_PLACEMENT_3D('',#4542,#4543,#4544);
#4542 = CARTESIAN_POINT('',(364.5,185.5,453.));
#4543 = DIRECTION('',(1.,0.,0.));
#4544 = DIRECTION('',(0.,0.,1.));
#4545 = BREP_WITH_VOIDS('',#4546,(#4695));
#4546 = CLOSED_SHELL('',(#4547,#4587,#4618,#4642,#4666,#4683));
#4547 = ADVANCED_FACE('',(#4548),#4582,.F.);
#4548 = FACE_BOUND('',#4549,.F.);
#4549 = EDGE_LOOP('',(#4550,#4560,#4568,#4576));
#4550 = ORIENTED_EDGE('',*,*,#4551,.F.);
#4551 = EDGE_CURVE('',#4552,#4554,#4556,.T.);
#4552 = VERTEX_POINT('',#4553);
#4553 = CARTESIAN_POINT('',(332.5,182.5,645.));
#4554 = VERTEX_POINT('',#4555);
#4555 = CARTESIAN_POINT('',(332.5,182.5,2.05E+03));
#4556 = LINE('',#4557,#4558);
#4557 = CARTESIAN_POINT('',(332.5,182.5,645.));
#4558 = VECTOR('',#4559,1.);
#4559 = DIRECTION('',(0.,0.,1.));
#4560 = ORIENTED_EDGE('',*,*,#4561,.T.);
#4561 = EDGE_CURVE('',#4552,#4562,#4564,.T.);
#4562 = VERTEX_POINT('',#4563);
#4563 = CARTESIAN_POINT('',(332.5,217.5,645.));
#4564 = LINE('',#4565,#4566);
#4565 = CARTESIAN_POINT('',(332.5,182.5,645.));
#4566 = VECTOR('',#4567,1.);
#4567 = DIRECTION('',(0.,1.,0.));
#4568 = ORIENTED_EDGE('',*,*,#4569,.T.);
#4569 = EDGE_CURVE('',#4562,#4570,#4572,.T.);
#4570 = VERTEX_POINT('',#4571);
#4571 = CARTESIAN_POINT('',(332.5,217.5,2.05E+03));
#4572 = LINE('',#4573,#4574);
#4573 = CARTESIAN_POINT('',(332.5,217.5,645.));
#4574 = VECTOR('',#4575,1.);
#4575 = DIRECTION('',(0.,0.,1.));
#4576 = ORIENTED_EDGE('',*,*,#4577,.F.);
#4577 = EDGE_CURVE('',#4554,#4570,#4578,.T.);
#4578 = LINE('',#4579,#4580);
#4579 = CARTESIAN_POINT('',(332.5,182.5,2.05E+03));
#4580 = VECTOR('',#4581,1.);
#4581 = DIRECTION('',(0.,1.,0.));
#4582 = PLANE('',#4583);
#4583 = AXIS2_PLACEMENT_3D('',#4584,#4585,#4586);
#4584 = CARTESIAN_POINT('',(332.5,182.5,645.));
#4585 = DIRECTION('',(1.,0.,0.));
#4586 = DIRECTION('',(0.,0.,1.));
#4587 = ADVANCED_FACE('',(#4588),#4613,.F.);
#4588 = FACE_BOUND('',#4589,.F.);
#4589 = EDGE_LOOP('',(#4590,#4598,#4599,#4607));
#4590 = ORIENTED_EDGE('',*,*,#4591,.F.);
#4591 = EDGE_CURVE('',#4552,#4592,#4594,.T.);
#4592 = VERTEX_POINT('',#4593);
#4593 = CARTESIAN_POINT('',(367.5,182.5,645.));
#4594 = LINE('',#4595,#4596);
#4595 = CARTESIAN_POINT('',(332.5,182.5,645.));
#4596 = VECTOR('',#4597,1.);
#4597 = DIRECTION('',(1.,0.,0.));
#4598 = ORIENTED_EDGE('',*,*,#4551,.T.);
#4599 = ORIENTED_EDGE('',*,*,#4600,.T.);
#4600 = EDGE_CURVE('',#4554,#4601,#4603,.T.);
#4601 = VERTEX_POINT('',#4602);
#4602 = CARTESIAN_POINT('',(367.5,182.5,2.05E+03));
#4603 = LINE('',#4604,#4605);
#4604 = CARTESIAN_POINT('',(332.5,182.5,2.05E+03));
#4605 = VECTOR('',#4606,1.);
#4606 = DIRECTION('',(1.,0.,0.));
#4607 = ORIENTED_EDGE('',*,*,#4608,.F.);
#4608 = EDGE_CURVE('',#4592,#4601,#4609,.T.);
#4609 = LINE('',#4610,#4611);
#4610 = CARTESIAN_POINT('',(367.5,182.5,645.));
#4611 = VECTOR('',#4612,1.);
#4612 = DIRECTION('',(0.,0.,1.));
#4613 = PLANE('',#4614);
#4614 = AXIS2_PLACEMENT_3D('',#4615,#4616,#4617);
#4615 = CARTESIAN_POINT('',(332.5,182.5,645.));
#4616 = DIRECTION('',(0.,1.,0.));
#4617 = DIRECTION('',(0.,0.,1.));
#4618 = ADVANCED_FACE('',(#4619),#4637,.T.);
#4619 = FACE_BOUND('',#4620,.T.);
#4620 = EDGE_LOOP('',(#4621,#4622,#4623,#4631));
#4621 = ORIENTED_EDGE('',*,*,#4577,.F.);
#4622 = ORIENTED_EDGE('',*,*,#4600,.T.);
#4623 = ORIENTED_EDGE('',*,*,#4624,.T.);
#4624 = EDGE_CURVE('',#4601,#4625,#4627,.T.);
#4625 = VERTEX_POINT('',#4626);
#4626 = CARTESIAN_POINT('',(367.5,217.5,2.05E+03));
#4627 = LINE('',#4628,#4629);
#4628 = CARTESIAN_POINT('',(367.5,182.5,2.05E+03));
#4629 = VECTOR('',#4630,1.);
#4630 = DIRECTION('',(0.,1.,0.));
#4631 = ORIENTED_EDGE('',*,*,#4632,.F.);
#4632 = EDGE_CURVE('',#4570,#4625,#4633,.T.);
#4633 = LINE('',#4634,#4635);
#4634 = CARTESIAN_POINT('',(332.5,217.5,2.05E+03));
#4635 = VECTOR('',#4636,1.);
#4636 = DIRECTION('',(1.,0.,0.));
#4637 = PLANE('',#4638);
#4638 = AXIS2_PLACEMENT_3D('',#4639,#4640,#4641);
#4639 = CARTESIAN_POINT('',(332.5,182.5,2.05E+03));
#4640 = DIRECTION('',(0.,0.,1.));
#4641 = DIRECTION('',(1.,0.,0.));
#4642 = ADVANCED_FACE('',(#4643),#4661,.T.);
#4643 = FACE_BOUND('',#4644,.T.);
#4644 = EDGE_LOOP('',(#4645,#4653,#4654,#4655));
#4645 = ORIENTED_EDGE('',*,*,#4646,.F.);
#4646 = EDGE_CURVE('',#4562,#4647,#4649,.T.);
#4647 = VERTEX_POINT('',#4648);
#4648 = CARTESIAN_POINT('',(367.5,217.5,645.));
#4649 = LINE('',#4650,#4651);
#4650 = CARTESIAN_POINT('',(332.5,217.5,645.));
#4651 = VECTOR('',#4652,1.);
#4652 = DIRECTION('',(1.,0.,0.));
#4653 = ORIENTED_EDGE('',*,*,#4569,.T.);
#4654 = ORIENTED_EDGE('',*,*,#4632,.T.);
#4655 = ORIENTED_EDGE('',*,*,#4656,.F.);
#4656 = EDGE_CURVE('',#4647,#4625,#4657,.T.);
#4657 = LINE('',#4658,#4659);
#4658 = CARTESIAN_POINT('',(367.5,217.5,645.));
#4659 = VECTOR('',#4660,1.);
#4660 = DIRECTION('',(0.,0.,1.));
#4661 = PLANE('',#4662);
#4662 = AXIS2_PLACEMENT_3D('',#4663,#4664,#4665);
#4663 = CARTESIAN_POINT('',(332.5,217.5,645.));
#4664 = DIRECTION('',(0.,1.,0.));
#4665 = DIRECTION('',(0.,0.,1.));
#4666 = ADVANCED_FACE('',(#4667),#4678,.F.);
#4667 = FACE_BOUND('',#4668,.F.);
#4668 = EDGE_LOOP('',(#4669,#4670,#4671,#4677));
#4669 = ORIENTED_EDGE('',*,*,#4561,.F.);
#4670 = ORIENTED_EDGE('',*,*,#4591,.T.);
#4671 = ORIENTED_EDGE('',*,*,#4672,.T.);
#4672 = EDGE_CURVE('',#4592,#4647,#4673,.T.);
#4673 = LINE('',#4674,#4675);
#4674 = CARTESIAN_POINT('',(367.5,182.5,645.));
#4675 = VECTOR('',#4676,1.);
#4676 = DIRECTION('',(0.,1.,0.));
#4677 = ORIENTED_EDGE('',*,*,#4646,.F.);
#4678 = PLANE('',#4679);
#4679 = AXIS2_PLACEMENT_3D('',#4680,#4681,#4682);
#4680 = CARTESIAN_POINT('',(332.5,182.5,645.));
#4681 = DIRECTION('',(0.,0.,1.));
#4682 = DIRECTION('',(1.,0.,0.));
#4683 = ADVANCED_FACE('',(#4684),#4690,.T.);
#4684 = FACE_BOUND('',#4685,.T.);
#4685 = EDGE_LOOP('',(#4686,#4687,#4688,#4689));
#4686 = ORIENTED_EDGE('',*,*,#4608,.F.);
#4687 = ORIENTED_EDGE('',*,*,#4672,.T.);
#4688 = ORIENTED_EDGE('',*,*,#4656,.T.);
#4689 = ORIENTED_EDGE('',*,*,#4624,.F.);
#4690 = PLANE('',#4691);
#4691 = AXIS2_PLACEMENT_3D('',#4692,#4693,#4694);
#4692 = CARTESIAN_POINT('',(367.5,182.5,645.));
#4693 = DIRECTION('',(1.,0.,0.));
#4694 = DIRECTION('',(0.,0.,1.));
#4695 = ORIENTED_CLOSED_SHELL('',*,#4696,.F.);
#4696 = CLOSED_SHELL('',(#4697,#4737,#4768,#4792,#4816,#4833));
#4697 = ADVANCED_FACE('',(#4698),#4732,.F.);
#4698 = FACE_BOUND('',#4699,.F.);
#4699 = EDGE_LOOP('',(#4700,#4710,#4718,#4726));
#4700 = ORIENTED_EDGE('',*,*,#4701,.F.);
#4701 = EDGE_CURVE('',#4702,#4704,#4706,.T.);
#4702 = VERTEX_POINT('',#4703);
#4703 = CARTESIAN_POINT('',(335.5,185.5,648.));
#4704 = VERTEX_POINT('',#4705);
#4705 = CARTESIAN_POINT('',(335.5,185.5,2.047E+03));
#4706 = LINE('',#4707,#4708);
#4707 = CARTESIAN_POINT('',(335.5,185.5,648.));
#4708 = VECTOR('',#4709,1.);
#4709 = DIRECTION('',(0.,0.,1.));
#4710 = ORIENTED_EDGE('',*,*,#4711,.T.);
#4711 = EDGE_CURVE('',#4702,#4712,#4714,.T.);
#4712 = VERTEX_POINT('',#4713);
#4713 = CARTESIAN_POINT('',(335.5,214.5,648.));
#4714 = LINE('',#4715,#4716);
#4715 = CARTESIAN_POINT('',(335.5,185.5,648.));
#4716 = VECTOR('',#4717,1.);
#4717 = DIRECTION('',(0.,1.,0.));
#4718 = ORIENTED_EDGE('',*,*,#4719,.T.);
#4719 = EDGE_CURVE('',#4712,#4720,#4722,.T.);
#4720 = VERTEX_POINT('',#4721);
#4721 = CARTESIAN_POINT('',(335.5,214.5,2.047E+03));
#4722 = LINE('',#4723,#4724);
#4723 = CARTESIAN_POINT('',(335.5,214.5,648.));
#4724 = VECTOR('',#4725,1.);
#4725 = DIRECTION('',(0.,0.,1.));
#4726 = ORIENTED_EDGE('',*,*,#4727,.F.);
#4727 = EDGE_CURVE('',#4704,#4720,#4728,.T.);
#4728 = LINE('',#4729,#4730);
#4729 = CARTESIAN_POINT('',(335.5,185.5,2.047E+03));
#4730 = VECTOR('',#4731,1.);
#4731 = DIRECTION('',(0.,1.,0.));
#4732 = PLANE('',#4733);
#4733 = AXIS2_PLACEMENT_3D('',#4734,#4735,#4736);
#4734 = CARTESIAN_POINT('',(335.5,185.5,648.));
#4735 = DIRECTION('',(1.,0.,0.));
#4736 = DIRECTION('',(0.,0.,1.));
#4737 = ADVANCED_FACE('',(#4738),#4763,.F.);
#4738 = FACE_BOUND('',#4739,.F.);
#4739 = EDGE_LOOP('',(#4740,#4748,#4749,#4757));
#4740 = ORIENTED_EDGE('',*,*,#4741,.F.);
#4741 = EDGE_CURVE('',#4702,#4742,#4744,.T.);
#4742 = VERTEX_POINT('',#4743);
#4743 = CARTESIAN_POINT('',(364.5,185.5,648.));
#4744 = LINE('',#4745,#4746);
#4745 = CARTESIAN_POINT('',(335.5,185.5,648.));
#4746 = VECTOR('',#4747,1.);
#4747 = DIRECTION('',(1.,0.,0.));
#4748 = ORIENTED_EDGE('',*,*,#4701,.T.);
#4749 = ORIENTED_EDGE('',*,*,#4750,.T.);
#4750 = EDGE_CURVE('',#4704,#4751,#4753,.T.);
#4751 = VERTEX_POINT('',#4752);
#4752 = CARTESIAN_POINT('',(364.5,185.5,2.047E+03));
#4753 = LINE('',#4754,#4755);
#4754 = CARTESIAN_POINT('',(335.5,185.5,2.047E+03));
#4755 = VECTOR('',#4756,1.);
#4756 = DIRECTION('',(1.,0.,0.));
#4757 = ORIENTED_EDGE('',*,*,#4758,.F.);
#4758 = EDGE_CURVE('',#4742,#4751,#4759,.T.);
#4759 = LINE('',#4760,#4761);
#4760 = CARTESIAN_POINT('',(364.5,185.5,648.));
#4761 = VECTOR('',#4762,1.);
#4762 = DIRECTION('',(0.,0.,1.));
#4763 = PLANE('',#4764);
#4764 = AXIS2_PLACEMENT_3D('',#4765,#4766,#4767);
#4765 = CARTESIAN_POINT('',(335.5,185.5,648.));
#4766 = DIRECTION('',(0.,1.,0.));
#4767 = DIRECTION('',(0.,0.,1.));
#4768 = ADVANCED_FACE('',(#4769),#4787,.T.);
#4769 = FACE_BOUND('',#4770,.T.);
#4770 = EDGE_LOOP('',(#4771,#4772,#4773,#4781));
#4771 = ORIENTED_EDGE('',*,*,#4727,.F.);
#4772 = ORIENTED_EDGE('',*,*,#4750,.T.);
#4773 = ORIENTED_EDGE('',*,*,#4774,.T.);
#4774 = EDGE_CURVE('',#4751,#4775,#4777,.T.);
#4775 = VERTEX_POINT('',#4776);
#4776 = CARTESIAN_POINT('',(364.5,214.5,2.047E+03));
#4777 = LINE('',#4778,#4779);
#4778 = CARTESIAN_POINT('',(364.5,185.5,2.047E+03));
#4779 = VECTOR('',#4780,1.);
#4780 = DIRECTION('',(0.,1.,0.));
#4781 = ORIENTED_EDGE('',*,*,#4782,.F.);
#4782 = EDGE_CURVE('',#4720,#4775,#4783,.T.);
#4783 = LINE('',#4784,#4785);
#4784 = CARTESIAN_POINT('',(335.5,214.5,2.047E+03));
#4785 = VECTOR('',#4786,1.);
#4786 = DIRECTION('',(1.,0.,0.));
#4787 = PLANE('',#4788);
#4788 = AXIS2_PLACEMENT_3D('',#4789,#4790,#4791);
#4789 = CARTESIAN_POINT('',(335.5,185.5,2.047E+03));
#4790 = DIRECTION('',(0.,0.,1.));
#4791 = DIRECTION('',(1.,0.,0.));
#4792 = ADVANCED_FACE('',(#4793),#4811,.T.);
#4793 = FACE_BOUND('',#4794,.T.);
#4794 = EDGE_LOOP('',(#4795,#4803,#4804,#4805));
#4795 = ORIENTED_EDGE('',*,*,#4796,.F.);
#4796 = EDGE_CURVE('',#4712,#4797,#4799,.T.);
#4797 = VERTEX_POINT('',#4798);
#4798 = CARTESIAN_POINT('',(364.5,214.5,648.));
#4799 = LINE('',#4800,#4801);
#4800 = CARTESIAN_POINT('',(335.5,214.5,648.));
#4801 = VECTOR('',#4802,1.);
#4802 = DIRECTION('',(1.,0.,0.));
#4803 = ORIENTED_EDGE('',*,*,#4719,.T.);
#4804 = ORIENTED_EDGE('',*,*,#4782,.T.);
#4805 = ORIENTED_EDGE('',*,*,#4806,.F.);
#4806 = EDGE_CURVE('',#4797,#4775,#4807,.T.);
#4807 = LINE('',#4808,#4809);
#4808 = CARTESIAN_POINT('',(364.5,214.5,648.));
#4809 = VECTOR('',#4810,1.);
#4810 = DIRECTION('',(0.,0.,1.));
#4811 = PLANE('',#4812);
#4812 = AXIS2_PLACEMENT_3D('',#4813,#4814,#4815);
#4813 = CARTESIAN_POINT('',(335.5,214.5,648.));
#4814 = DIRECTION('',(0.,1.,0.));
#4815 = DIRECTION('',(0.,0.,1.));
#4816 = ADVANCED_FACE('',(#4817),#4828,.F.);
#4817 = FACE_BOUND('',#4818,.F.);
#4818 = EDGE_LOOP('',(#4819,#4820,#4821,#4827));
#4819 = ORIENTED_EDGE('',*,*,#4711,.F.);
#4820 = ORIENTED_EDGE('',*,*,#4741,.T.);
#4821 = ORIENTED_EDGE('',*,*,#4822,.T.);
#4822 = EDGE_CURVE('',#4742,#4797,#4823,.T.);
#4823 = LINE('',#4824,#4825);
#4824 = CARTESIAN_POINT('',(364.5,185.5,648.));
#4825 = VECTOR('',#4826,1.);
#4826 = DIRECTION('',(0.,1.,0.));
#4827 = ORIENTED_EDGE('',*,*,#4796,.F.);
#4828 = PLANE('',#4829);
#4829 = AXIS2_PLACEMENT_3D('',#4830,#4831,#4832);
#4830 = CARTESIAN_POINT('',(335.5,185.5,648.));
#4831 = DIRECTION('',(0.,0.,1.));
#4832 = DIRECTION('',(1.,0.,0.));
#4833 = ADVANCED_FACE('',(#4834),#4840,.T.);
#4834 = FACE_BOUND('',#4835,.T.);
#4835 = EDGE_LOOP('',(#4836,#4837,#4838,#4839));
#4836 = ORIENTED_EDGE('',*,*,#4758,.F.);
#4837 = ORIENTED_EDGE('',*,*,#4822,.T.);
#4838 = ORIENTED_EDGE('',*,*,#4806,.T.);
#4839 = ORIENTED_EDGE('',*,*,#4774,.F.);
#4840 = PLANE('',#4841);
#4841 = AXIS2_PLACEMENT_3D('',#4842,#4843,#4844);
#4842 = CARTESIAN_POINT('',(364.5,185.5,648.));
#4843 = DIRECTION('',(1.,0.,0.));
#4844 = DIRECTION('',(0.,0.,1.));
#4845 = BREP_WITH_VOIDS('',#4846,(#4995));
#4846 = CLOSED_SHELL('',(#4847,#4887,#4918,#4942,#4966,#4983));
#4847 = ADVANCED_FACE('',(#4848),#4882,.F.);
#4848 = FACE_BOUND('',#4849,.F.);
#4849 = EDGE_LOOP('',(#4850,#4860,#4868,#4876));
#4850 = ORIENTED_EDGE('',*,*,#4851,.F.);
#4851 = EDGE_CURVE('',#4852,#4854,#4856,.T.);
#4852 = VERTEX_POINT('',#4853);
#4853 = CARTESIAN_POINT('',(-367.5,182.5,150.));
#4854 = VERTEX_POINT('',#4855);
#4855 = CARTESIAN_POINT('',(-367.5,182.5,445.));
#4856 = LINE('',#4857,#4858);
#4857 = CARTESIAN_POINT('',(-367.5,182.5,150.));
#4858 = VECTOR('',#4859,1.);
#4859 = DIRECTION('',(0.,0.,1.));
#4860 = ORIENTED_EDGE('',*,*,#4861,.T.);
#4861 = EDGE_CURVE('',#4852,#4862,#4864,.T.);
#4862 = VERTEX_POINT('',#4863);
#4863 = CARTESIAN_POINT('',(-367.5,217.5,150.));
#4864 = LINE('',#4865,#4866);
#4865 = CARTESIAN_POINT('',(-367.5,182.5,150.));
#4866 = VECTOR('',#4867,1.);
#4867 = DIRECTION('',(0.,1.,0.));
#4868 = ORIENTED_EDGE('',*,*,#4869,.T.);
#4869 = EDGE_CURVE('',#4862,#4870,#4872,.T.);
#4870 = VERTEX_POINT('',#4871);
#4871 = CARTESIAN_POINT('',(-367.5,217.5,445.));
#4872 = LINE('',#4873,#4874);
#4873 = CARTESIAN_POINT('',(-367.5,217.5,150.));
#4874 = VECTOR('',#4875,1.);
#4875 = DIRECTION('',(0.,0.,1.));
#4876 = ORIENTED_EDGE('',*,*,#4877,.F.);
#4877 = EDGE_CURVE('',#4854,#4870,#4878,.T.);
#4878 = LINE('',#4879,#4880);
#4879 = CARTESIAN_POINT('',(-367.5,182.5,445.));
#4880 = VECTOR('',#4881,1.);
#4881 = DIRECTION('',(0.,1.,0.));
#4882 = PLANE('',#4883);
#4883 = AXIS2_PLACEMENT_3D('',#4884,#4885,#4886);
#4884 = CARTESIAN_POINT('',(-367.5,182.5,150.));
#4885 = DIRECTION('',(1.,0.,0.));
#4886 = DIRECTION('',(0.,0.,1.));
#4887 = ADVANCED_FACE('',(#4888),#4913,.F.);
#4888 = FACE_BOUND('',#4889,.F.);
#4889 = EDGE_LOOP('',(#4890,#4898,#4899,#4907));
#4890 = ORIENTED_EDGE('',*,*,#4891,.F.);
#4891 = EDGE_CURVE('',#4852,#4892,#4894,.T.);
#4892 = VERTEX_POINT('',#4893);
#4893 = CARTESIAN_POINT('',(-332.5,182.5,150.));
#4894 = LINE('',#4895,#4896);
#4895 = CARTESIAN_POINT('',(-367.5,182.5,150.));
#4896 = VECTOR('',#4897,1.);
#4897 = DIRECTION('',(1.,0.,0.));
#4898 = ORIENTED_EDGE('',*,*,#4851,.T.);
#4899 = ORIENTED_EDGE('',*,*,#4900,.T.);
#4900 = EDGE_CURVE('',#4854,#4901,#4903,.T.);
#4901 = VERTEX_POINT('',#4902);
#4902 = CARTESIAN_POINT('',(-332.5,182.5,445.));
#4903 = LINE('',#4904,#4905);
#4904 = CARTESIAN_POINT('',(-367.5,182.5,445.));
#4905 = VECTOR('',#4906,1.);
#4906 = DIRECTION('',(1.,0.,0.));
#4907 = ORIENTED_EDGE('',*,*,#4908,.F.);
#4908 = EDGE_CURVE('',#4892,#4901,#4909,.T.);
#4909 = LINE('',#4910,#4911);
#4910 = CARTESIAN_POINT('',(-332.5,182.5,150.));
#4911 = VECTOR('',#4912,1.);
#4912 = DIRECTION('',(0.,0.,1.));
#4913 = PLANE('',#4914);
#4914 = AXIS2_PLACEMENT_3D('',#4915,#4916,#4917);
#4915 = CARTESIAN_POINT('',(-367.5,182.5,150.));
#4916 = DIRECTION('',(0.,1.,0.));
#4917 = DIRECTION('',(0.,0.,1.));
#4918 = ADVANCED_FACE('',(#4919),#4937,.T.);
#4919 = FACE_BOUND('',#4920,.T.);
#4920 = EDGE_LOOP('',(#4921,#4922,#4923,#4931));
#4921 = ORIENTED_EDGE('',*,*,#4877,.F.);
#4922 = ORIENTED_EDGE('',*,*,#4900,.T.);
#4923 = ORIENTED_EDGE('',*,*,#4924,.T.);
#4924 = EDGE_CURVE('',#4901,#4925,#4927,.T.);
#4925 = VERTEX_POINT('',#4926);
#4926 = CARTESIAN_POINT('',(-332.5,217.5,445.));
#4927 = LINE('',#4928,#4929);
#4928 = CARTESIAN_POINT('',(-332.5,182.5,445.));
#4929 = VECTOR('',#4930,1.);
#4930 = DIRECTION('',(0.,1.,0.));
#4931 = ORIENTED_EDGE('',*,*,#4932,.F.);
#4932 = EDGE_CURVE('',#4870,#4925,#4933,.T.);
#4933 = LINE('',#4934,#4935);
#4934 = CARTESIAN_POINT('',(-367.5,217.5,445.));
#4935 = VECTOR('',#4936,1.);
#4936 = DIRECTION('',(1.,0.,0.));
#4937 = PLANE('',#4938);
#4938 = AXIS2_PLACEMENT_3D('',#4939,#4940,#4941);
#4939 = CARTESIAN_POINT('',(-367.5,182.5,445.));
#4940 = DIRECTION('',(0.,0.,1.));
#4941 = DIRECTION('',(1.,0.,0.));
#4942 = ADVANCED_FACE('',(#4943),#4961,.T.);
#4943 = FACE_BOUND('',#4944,.T.);
#4944 = EDGE_LOOP('',(#4945,#4953,#4954,#4955));
#4945 = ORIENTED_EDGE('',*,*,#4946,.F.);
#4946 = EDGE_CURVE('',#4862,#4947,#4949,.T.);
#4947 = VERTEX_POINT('',#4948);
#4948 = CARTESIAN_POINT('',(-332.5,217.5,150.));
#4949 = LINE('',#4950,#4951);
#4950 = CARTESIAN_POINT('',(-367.5,217.5,150.));
#4951 = VECTOR('',#4952,1.);
#4952 = DIRECTION('',(1.,0.,0.));
#4953 = ORIENTED_EDGE('',*,*,#4869,.T.);
#4954 = ORIENTED_EDGE('',*,*,#4932,.T.);
#4955 = ORIENTED_EDGE('',*,*,#4956,.F.);
#4956 = EDGE_CURVE('',#4947,#4925,#4957,.T.);
#4957 = LINE('',#4958,#4959);
#4958 = CARTESIAN_POINT('',(-332.5,217.5,150.));
#4959 = VECTOR('',#4960,1.);
#4960 = DIRECTION('',(0.,0.,1.));
#4961 = PLANE('',#4962);
#4962 = AXIS2_PLACEMENT_3D('',#4963,#4964,#4965);
#4963 = CARTESIAN_POINT('',(-367.5,217.5,150.));
#4964 = DIRECTION('',(0.,1.,0.));
#4965 = DIRECTION('',(0.,0.,1.));
#4966 = ADVANCED_FACE('',(#4967),#4978,.F.);
#4967 = FACE_BOUND('',#4968,.F.);
#4968 = EDGE_LOOP('',(#4969,#4970,#4971,#4977));
#4969 = ORIENTED_EDGE('',*,*,#4861,.F.);
#4970 = ORIENTED_EDGE('',*,*,#4891,.T.);
#4971 = ORIENTED_EDGE('',*,*,#4972,.T.);
#4972 = EDGE_CURVE('',#4892,#4947,#4973,.T.);
#4973 = LINE('',#4974,#4975);
#4974 = CARTESIAN_POINT('',(-332.5,182.5,150.));
#4975 = VECTOR('',#4976,1.);
#4976 = DIRECTION('',(0.,1.,0.));
#4977 = ORIENTED_EDGE('',*,*,#4946,.F.);
#4978 = PLANE('',#4979);
#4979 = AXIS2_PLACEMENT_3D('',#4980,#4981,#4982);
#4980 = CARTESIAN_POINT('',(-367.5,182.5,150.));
#4981 = DIRECTION('',(0.,0.,1.));
#4982 = DIRECTION('',(1.,0.,0.));
#4983 = ADVANCED_FACE('',(#4984),#4990,.T.);
#4984 = FACE_BOUND('',#4985,.T.);
#4985 = EDGE_LOOP('',(#4986,#4987,#4988,#4989));
#4986 = ORIENTED_EDGE('',*,*,#4908,.F.);
#4987 = ORIENTED_EDGE('',*,*,#4972,.T.);
#4988 = ORIENTED_EDGE('',*,*,#4956,.T.);
#4989 = ORIENTED_EDGE('',*,*,#4924,.F.);
#4990 = PLANE('',#4991);
#4991 = AXIS2_PLACEMENT_3D('',#4992,#4993,#4994);
#4992 = CARTESIAN_POINT('',(-332.5,182.5,150.));
#4993 = DIRECTION('',(1.,0.,0.));
#4994 = DIRECTION('',(0.,0.,1.));
#4995 = ORIENTED_CLOSED_SHELL('',*,#4996,.F.);
#4996 = CLOSED_SHELL('',(#4997,#5037,#5068,#5092,#5116,#5133));
#4997 = ADVANCED_FACE('',(#4998),#5032,.F.);
#4998 = FACE_BOUND('',#4999,.F.);
#4999 = EDGE_LOOP('',(#5000,#5010,#5018,#5026));
#5000 = ORIENTED_EDGE('',*,*,#5001,.F.);
#5001 = EDGE_CURVE('',#5002,#5004,#5006,.T.);
#5002 = VERTEX_POINT('',#5003);
#5003 = CARTESIAN_POINT('',(-364.5,185.5,153.));
#5004 = VERTEX_POINT('',#5005);
#5005 = CARTESIAN_POINT('',(-364.5,185.5,442.));
#5006 = LINE('',#5007,#5008);
#5007 = CARTESIAN_POINT('',(-364.5,185.5,153.));
#5008 = VECTOR('',#5009,1.);
#5009 = DIRECTION('',(0.,0.,1.));
#5010 = ORIENTED_EDGE('',*,*,#5011,.T.);
#5011 = EDGE_CURVE('',#5002,#5012,#5014,.T.);
#5012 = VERTEX_POINT('',#5013);
#5013 = CARTESIAN_POINT('',(-364.5,214.5,153.));
#5014 = LINE('',#5015,#5016);
#5015 = CARTESIAN_POINT('',(-364.5,185.5,153.));
#5016 = VECTOR('',#5017,1.);
#5017 = DIRECTION('',(0.,1.,0.));
#5018 = ORIENTED_EDGE('',*,*,#5019,.T.);
#5019 = EDGE_CURVE('',#5012,#5020,#5022,.T.);
#5020 = VERTEX_POINT('',#5021);
#5021 = CARTESIAN_POINT('',(-364.5,214.5,442.));
#5022 = LINE('',#5023,#5024);
#5023 = CARTESIAN_POINT('',(-364.5,214.5,153.));
#5024 = VECTOR('',#5025,1.);
#5025 = DIRECTION('',(0.,0.,1.));
#5026 = ORIENTED_EDGE('',*,*,#5027,.F.);
#5027 = EDGE_CURVE('',#5004,#5020,#5028,.T.);
#5028 = LINE('',#5029,#5030);
#5029 = CARTESIAN_POINT('',(-364.5,185.5,442.));
#5030 = VECTOR('',#5031,1.);
#5031 = DIRECTION('',(0.,1.,0.));
#5032 = PLANE('',#5033);
#5033 = AXIS2_PLACEMENT_3D('',#5034,#5035,#5036);
#5034 = CARTESIAN_POINT('',(-364.5,185.5,153.));
#5035 = DIRECTION('',(1.,0.,0.));
#5036 = DIRECTION('',(0.,0.,1.));
#5037 = ADVANCED_FACE('',(#5038),#5063,.F.);
#5038 = FACE_BOUND('',#5039,.F.);
#5039 = EDGE_LOOP('',(#5040,#5048,#5049,#5057));
#5040 = ORIENTED_EDGE('',*,*,#5041,.F.);
#5041 = EDGE_CURVE('',#5002,#5042,#5044,.T.);
#5042 = VERTEX_POINT('',#5043);
#5043 = CARTESIAN_POINT('',(-335.5,185.5,153.));
#5044 = LINE('',#5045,#5046);
#5045 = CARTESIAN_POINT('',(-364.5,185.5,153.));
#5046 = VECTOR('',#5047,1.);
#5047 = DIRECTION('',(1.,0.,0.));
#5048 = ORIENTED_EDGE('',*,*,#5001,.T.);
#5049 = ORIENTED_EDGE('',*,*,#5050,.T.);
#5050 = EDGE_CURVE('',#5004,#5051,#5053,.T.);
#5051 = VERTEX_POINT('',#5052);
#5052 = CARTESIAN_POINT('',(-335.5,185.5,442.));
#5053 = LINE('',#5054,#5055);
#5054 = CARTESIAN_POINT('',(-364.5,185.5,442.));
#5055 = VECTOR('',#5056,1.);
#5056 = DIRECTION('',(1.,0.,0.));
#5057 = ORIENTED_EDGE('',*,*,#5058,.F.);
#5058 = EDGE_CURVE('',#5042,#5051,#5059,.T.);
#5059 = LINE('',#5060,#5061);
#5060 = CARTESIAN_POINT('',(-335.5,185.5,153.));
#5061 = VECTOR('',#5062,1.);
#5062 = DIRECTION('',(0.,0.,1.));
#5063 = PLANE('',#5064);
#5064 = AXIS2_PLACEMENT_3D('',#5065,#5066,#5067);
#5065 = CARTESIAN_POINT('',(-364.5,185.5,153.));
#5066 = DIRECTION('',(0.,1.,0.));
#5067 = DIRECTION('',(0.,0.,1.));
#5068 = ADVANCED_FACE('',(#5069),#5087,.T.);
#5069 = FACE_BOUND('',#5070,.T.);
#5070 = EDGE_LOOP('',(#5071,#5072,#5073,#5081));
#5071 = ORIENTED_EDGE('',*,*,#5027,.F.);
#5072 = ORIENTED_EDGE('',*,*,#5050,.T.);
#5073 = ORIENTED_EDGE('',*,*,#5074,.T.);
#5074 = EDGE_CURVE('',#5051,#5075,#5077,.T.);
#5075 = VERTEX_POINT('',#5076);
#5076 = CARTESIAN_POINT('',(-335.5,214.5,442.));
#5077 = LINE('',#5078,#5079);
#5078 = CARTESIAN_POINT('',(-335.5,185.5,442.));
#5079 = VECTOR('',#5080,1.);
#5080 = DIRECTION('',(0.,1.,0.));
#5081 = ORIENTED_EDGE('',*,*,#5082,.F.);
#5082 = EDGE_CURVE('',#5020,#5075,#5083,.T.);
#5083 = LINE('',#5084,#5085);
#5084 = CARTESIAN_POINT('',(-364.5,214.5,442.));
#5085 = VECTOR('',#5086,1.);
#5086 = DIRECTION('',(1.,0.,0.));
#5087 = PLANE('',#5088);
#5088 = AXIS2_PLACEMENT_3D('',#5089,#5090,#5091);
#5089 = CARTESIAN_POINT('',(-364.5,185.5,442.));
#5090 = DIRECTION('',(0.,0.,1.));
#5091 = DIRECTION('',(1.,0.,0.));
#5092 = ADVANCED_FACE('',(#5093),#5111,.T.);
#5093 = FACE_BOUND('',#5094,.T.);
#5094 = EDGE_LOOP('',(#5095,#5103,#5104,#5105));
#5095 = ORIENTED_EDGE('',*,*,#5096,.F.);
#5096 = EDGE_CURVE('',#5012,#5097,#5099,.T.);
#5097 = VERTEX_POINT('',#5098);
#5098 = CARTESIAN_POINT('',(-335.5,214.5,153.));
#5099 = LINE('',#5100,#5101);
#5100 = CARTESIAN_POINT('',(-364.5,214.5,153.));
#5101 = VECTOR('',#5102,1.);
#5102 = DIRECTION('',(1.,0.,0.));
#5103 = ORIENTED_EDGE('',*,*,#5019,.T.);
#5104 = ORIENTED_EDGE('',*,*,#5082,.T.);
#5105 = ORIENTED_EDGE('',*,*,#5106,.F.);
#5106 = EDGE_CURVE('',#5097,#5075,#5107,.T.);
#5107 = LINE('',#5108,#5109);
#5108 = CARTESIAN_POINT('',(-335.5,214.5,153.));
#5109 = VECTOR('',#5110,1.);
#5110 = DIRECTION('',(0.,0.,1.));
#5111 = PLANE('',#5112);
#5112 = AXIS2_PLACEMENT_3D('',#5113,#5114,#5115);
#5113 = CARTESIAN_POINT('',(-364.5,214.5,153.));
#5114 = DIRECTION('',(0.,1.,0.));
#5115 = DIRECTION('',(0.,0.,1.));
#5116 = ADVANCED_FACE('',(#5117),#5128,.F.);
#5117 = FACE_BOUND('',#5118,.F.);
#5118 = EDGE_LOOP('',(#5119,#5120,#5121,#5127));
#5119 = ORIENTED_EDGE('',*,*,#5011,.F.);
#5120 = ORIENTED_EDGE('',*,*,#5041,.T.);
#5121 = ORIENTED_EDGE('',*,*,#5122,.T.);
#5122 = EDGE_CURVE('',#5042,#5097,#5123,.T.);
#5123 = LINE('',#5124,#5125);
#5124 = CARTESIAN_POINT('',(-335.5,185.5,153.));
#5125 = VECTOR('',#5126,1.);
#5126 = DIRECTION('',(0.,1.,0.));
#5127 = ORIENTED_EDGE('',*,*,#5096,.F.);
#5128 = PLANE('',#5129);
#5129 = AXIS2_PLACEMENT_3D('',#5130,#5131,#5132);
#5130 = CARTESIAN_POINT('',(-364.5,185.5,153.));
#5131 = DIRECTION('',(0.,0.,1.));
#5132 = DIRECTION('',(1.,0.,0.));
#5133 = ADVANCED_FACE('',(#5134),#5140,.T.);
#5134 = FACE_BOUND('',#5135,.T.);
#5135 = EDGE_LOOP('',(#5136,#5137,#5138,#5139));
#5136 = ORIENTED_EDGE('',*,*,#5058,.F.);
#5137 = ORIENTED_EDGE('',*,*,#5122,.T.);
#5138 = ORIENTED_EDGE('',*,*,#5106,.T.);
#5139 = ORIENTED_EDGE('',*,*,#5074,.F.);
#5140 = PLANE('',#5141);
#5141 = AXIS2_PLACEMENT_3D('',#5142,#5143,#5144);
#5142 = CARTESIAN_POINT('',(-335.5,185.5,153.));
#5143 = DIRECTION('',(1.,0.,0.));
#5144 = DIRECTION('',(0.,0.,1.));
#5145 = BREP_WITH_VOIDS('',#5146,(#5295));
#5146 = CLOSED_SHELL('',(#5147,#5187,#5218,#5242,#5266,#5283));
#5147 = ADVANCED_FACE('',(#5148),#5182,.F.);
#5148 = FACE_BOUND('',#5149,.F.);
#5149 = EDGE_LOOP('',(#5150,#5160,#5168,#5176));
#5150 = ORIENTED_EDGE('',*,*,#5151,.F.);
#5151 = EDGE_CURVE('',#5152,#5154,#5156,.T.);
#5152 = VERTEX_POINT('',#5153);
#5153 = CARTESIAN_POINT('',(-367.5,182.5,450.));
#5154 = VERTEX_POINT('',#5155);
#5155 = CARTESIAN_POINT('',(-367.5,182.5,640.));
#5156 = LINE('',#5157,#5158);
#5157 = CARTESIAN_POINT('',(-367.5,182.5,450.));
#5158 = VECTOR('',#5159,1.);
#5159 = DIRECTION('',(0.,0.,1.));
#5160 = ORIENTED_EDGE('',*,*,#5161,.T.);
#5161 = EDGE_CURVE('',#5152,#5162,#5164,.T.);
#5162 = VERTEX_POINT('',#5163);
#5163 = CARTESIAN_POINT('',(-367.5,217.5,450.));
#5164 = LINE('',#5165,#5166);
#5165 = CARTESIAN_POINT('',(-367.5,182.5,450.));
#5166 = VECTOR('',#5167,1.);
#5167 = DIRECTION('',(0.,1.,0.));
#5168 = ORIENTED_EDGE('',*,*,#5169,.T.);
#5169 = EDGE_CURVE('',#5162,#5170,#5172,.T.);
#5170 = VERTEX_POINT('',#5171);
#5171 = CARTESIAN_POINT('',(-367.5,217.5,640.));
#5172 = LINE('',#5173,#5174);
#5173 = CARTESIAN_POINT('',(-367.5,217.5,450.));
#5174 = VECTOR('',#5175,1.);
#5175 = DIRECTION('',(0.,0.,1.));
#5176 = ORIENTED_EDGE('',*,*,#5177,.F.);
#5177 = EDGE_CURVE('',#5154,#5170,#5178,.T.);
#5178 = LINE('',#5179,#5180);
#5179 = CARTESIAN_POINT('',(-367.5,182.5,640.));
#5180 = VECTOR('',#5181,1.);
#5181 = DIRECTION('',(0.,1.,0.));
#5182 = PLANE('',#5183);
#5183 = AXIS2_PLACEMENT_3D('',#5184,#5185,#5186);
#5184 = CARTESIAN_POINT('',(-367.5,182.5,450.));
#5185 = DIRECTION('',(1.,0.,0.));
#5186 = DIRECTION('',(0.,0.,1.));
#5187 = ADVANCED_FACE('',(#5188),#5213,.F.);
#5188 = FACE_BOUND('',#5189,.F.);
#5189 = EDGE_LOOP('',(#5190,#5198,#5199,#5207));
#5190 = ORIENTED_EDGE('',*,*,#5191,.F.);
#5191 = EDGE_CURVE('',#5152,#5192,#5194,.T.);
#5192 = VERTEX_POINT('',#5193);
#5193 = CARTESIAN_POINT('',(-332.5,182.5,450.));
#5194 = LINE('',#5195,#5196);
#5195 = CARTESIAN_POINT('',(-367.5,182.5,450.));
#5196 = VECTOR('',#5197,1.);
#5197 = DIRECTION('',(1.,0.,0.));
#5198 = ORIENTED_EDGE('',*,*,#5151,.T.);
#5199 = ORIENTED_EDGE('',*,*,#5200,.T.);
#5200 = EDGE_CURVE('',#5154,#5201,#5203,.T.);
#5201 = VERTEX_POINT('',#5202);
#5202 = CARTESIAN_POINT('',(-332.5,182.5,640.));
#5203 = LINE('',#5204,#5205);
#5204 = CARTESIAN_POINT('',(-367.5,182.5,640.));
#5205 = VECTOR('',#5206,1.);
#5206 = DIRECTION('',(1.,0.,0.));
#5207 = ORIENTED_EDGE('',*,*,#5208,.F.);
#5208 = EDGE_CURVE('',#5192,#5201,#5209,.T.);
#5209 = LINE('',#5210,#5211);
#5210 = CARTESIAN_POINT('',(-332.5,182.5,450.));
#5211 = VECTOR('',#5212,1.);
#5212 = DIRECTION('',(0.,0.,1.));
#5213 = PLANE('',#5214);
#5214 = AXIS2_PLACEMENT_3D('',#5215,#5216,#5217);
#5215 = CARTESIAN_POINT('',(-367.5,182.5,450.));
#5216 = DIRECTION('',(0.,1.,0.));
#5217 = DIRECTION('',(0.,0.,1.));
#5218 = ADVANCED_FACE('',(#5219),#5237,.T.);
#5219 = FACE_BOUND('',#5220,.T.);
#5220 = EDGE_LOOP('',(#5221,#5222,#5223,#5231));
#5221 = ORIENTED_EDGE('',*,*,#5177,.F.);
#5222 = ORIENTED_EDGE('',*,*,#5200,.T.);
#5223 = ORIENTED_EDGE('',*,*,#5224,.T.);
#5224 = EDGE_CURVE('',#5201,#5225,#5227,.T.);
#5225 = VERTEX_POINT('',#5226);
#5226 = CARTESIAN_POINT('',(-332.5,217.5,640.));
#5227 = LINE('',#5228,#5229);
#5228 = CARTESIAN_POINT('',(-332.5,182.5,640.));
#5229 = VECTOR('',#5230,1.);
#5230 = DIRECTION('',(0.,1.,0.));
#5231 = ORIENTED_EDGE('',*,*,#5232,.F.);
#5232 = EDGE_CURVE('',#5170,#5225,#5233,.T.);
#5233 = LINE('',#5234,#5235);
#5234 = CARTESIAN_POINT('',(-367.5,217.5,640.));
#5235 = VECTOR('',#5236,1.);
#5236 = DIRECTION('',(1.,0.,0.));
#5237 = PLANE('',#5238);
#5238 = AXIS2_PLACEMENT_3D('',#5239,#5240,#5241);
#5239 = CARTESIAN_POINT('',(-367.5,182.5,640.));
#5240 = DIRECTION('',(0.,0.,1.));
#5241 = DIRECTION('',(1.,0.,0.));
#5242 = ADVANCED_FACE('',(#5243),#5261,.T.);
#5243 = FACE_BOUND('',#5244,.T.);
#5244 = EDGE_LOOP('',(#5245,#5253,#5254,#5255));
#5245 = ORIENTED_EDGE('',*,*,#5246,.F.);
#5246 = EDGE_CURVE('',#5162,#5247,#5249,.T.);
#5247 = VERTEX_POINT('',#5248);
#5248 = CARTESIAN_POINT('',(-332.5,217.5,450.));
#5249 = LINE('',#5250,#5251);
#5250 = CARTESIAN_POINT('',(-367.5,217.5,450.));
#5251 = VECTOR('',#5252,1.);
#5252 = DIRECTION('',(1.,0.,0.));
#5253 = ORIENTED_EDGE('',*,*,#5169,.T.);
#5254 = ORIENTED_EDGE('',*,*,#5232,.T.);
#5255 = ORIENTED_EDGE('',*,*,#5256,.F.);
#5256 = EDGE_CURVE('',#5247,#5225,#5257,.T.);
#5257 = LINE('',#5258,#5259);
#5258 = CARTESIAN_POINT('',(-332.5,217.5,450.));
#5259 = VECTOR('',#5260,1.);
#5260 = DIRECTION('',(0.,0.,1.));
#5261 = PLANE('',#5262);
#5262 = AXIS2_PLACEMENT_3D('',#5263,#5264,#5265);
#5263 = CARTESIAN_POINT('',(-367.5,217.5,450.));
#5264 = DIRECTION('',(0.,1.,0.));
#5265 = DIRECTION('',(0.,0.,1.));
#5266 = ADVANCED_FACE('',(#5267),#5278,.F.);
#5267 = FACE_BOUND('',#5268,.F.);
#5268 = EDGE_LOOP('',(#5269,#5270,#5271,#5277));
#5269 = ORIENTED_EDGE('',*,*,#5161,.F.);
#5270 = ORIENTED_EDGE('',*,*,#5191,.T.);
#5271 = ORIENTED_EDGE('',*,*,#5272,.T.);
#5272 = EDGE_CURVE('',#5192,#5247,#5273,.T.);
#5273 = LINE('',#5274,#5275);
#5274 = CARTESIAN_POINT('',(-332.5,182.5,450.));
#5275 = VECTOR('',#5276,1.);
#5276 = DIRECTION('',(0.,1.,0.));
#5277 = ORIENTED_EDGE('',*,*,#5246,.F.);
#5278 = PLANE('',#5279);
#5279 = AXIS2_PLACEMENT_3D('',#5280,#5281,#5282);
#5280 = CARTESIAN_POINT('',(-367.5,182.5,450.));
#5281 = DIRECTION('',(0.,0.,1.));
#5282 = DIRECTION('',(1.,0.,0.));
#5283 = ADVANCED_FACE('',(#5284),#5290,.T.);
#5284 = FACE_BOUND('',#5285,.T.);
#5285 = EDGE_LOOP('',(#5286,#5287,#5288,#5289));
#5286 = ORIENTED_EDGE('',*,*,#5208,.F.);
#5287 = ORIENTED_EDGE('',*,*,#5272,.T.);
#5288 = ORIENTED_EDGE('',*,*,#5256,.T.);
#5289 = ORIENTED_EDGE('',*,*,#5224,.F.);
#5290 = PLANE('',#5291);
#5291 = AXIS2_PLACEMENT_3D('',#5292,#5293,#5294);
#5292 = CARTESIAN_POINT('',(-332.5,182.5,450.));
#5293 = DIRECTION('',(1.,0.,0.));
#5294 = DIRECTION('',(0.,0.,1.));
#5295 = ORIENTED_CLOSED_SHELL('',*,#5296,.F.);
#5296 = CLOSED_SHELL('',(#5297,#5337,#5368,#5392,#5416,#5433));
#5297 = ADVANCED_FACE('',(#5298),#5332,.F.);
#5298 = FACE_BOUND('',#5299,.F.);
#5299 = EDGE_LOOP('',(#5300,#5310,#5318,#5326));
#5300 = ORIENTED_EDGE('',*,*,#5301,.F.);
#5301 = EDGE_CURVE('',#5302,#5304,#5306,.T.);
#5302 = VERTEX_POINT('',#5303);
#5303 = CARTESIAN_POINT('',(-364.5,185.5,453.));
#5304 = VERTEX_POINT('',#5305);
#5305 = CARTESIAN_POINT('',(-364.5,185.5,637.));
#5306 = LINE('',#5307,#5308);
#5307 = CARTESIAN_POINT('',(-364.5,185.5,453.));
#5308 = VECTOR('',#5309,1.);
#5309 = DIRECTION('',(0.,0.,1.));
#5310 = ORIENTED_EDGE('',*,*,#5311,.T.);
#5311 = EDGE_CURVE('',#5302,#5312,#5314,.T.);
#5312 = VERTEX_POINT('',#5313);
#5313 = CARTESIAN_POINT('',(-364.5,214.5,453.));
#5314 = LINE('',#5315,#5316);
#5315 = CARTESIAN_POINT('',(-364.5,185.5,453.));
#5316 = VECTOR('',#5317,1.);
#5317 = DIRECTION('',(0.,1.,0.));
#5318 = ORIENTED_EDGE('',*,*,#5319,.T.);
#5319 = EDGE_CURVE('',#5312,#5320,#5322,.T.);
#5320 = VERTEX_POINT('',#5321);
#5321 = CARTESIAN_POINT('',(-364.5,214.5,637.));
#5322 = LINE('',#5323,#5324);
#5323 = CARTESIAN_POINT('',(-364.5,214.5,453.));
#5324 = VECTOR('',#5325,1.);
#5325 = DIRECTION('',(0.,0.,1.));
#5326 = ORIENTED_EDGE('',*,*,#5327,.F.);
#5327 = EDGE_CURVE('',#5304,#5320,#5328,.T.);
#5328 = LINE('',#5329,#5330);
#5329 = CARTESIAN_POINT('',(-364.5,185.5,637.));
#5330 = VECTOR('',#5331,1.);
#5331 = DIRECTION('',(0.,1.,0.));
#5332 = PLANE('',#5333);
#5333 = AXIS2_PLACEMENT_3D('',#5334,#5335,#5336);
#5334 = CARTESIAN_POINT('',(-364.5,185.5,453.));
#5335 = DIRECTION('',(1.,0.,0.));
#5336 = DIRECTION('',(0.,0.,1.));
#5337 = ADVANCED_FACE('',(#5338),#5363,.F.);
#5338 = FACE_BOUND('',#5339,.F.);
#5339 = EDGE_LOOP('',(#5340,#5348,#5349,#5357));
#5340 = ORIENTED_EDGE('',*,*,#5341,.F.);
#5341 = EDGE_CURVE('',#5302,#5342,#5344,.T.);
#5342 = VERTEX_POINT('',#5343);
#5343 = CARTESIAN_POINT('',(-335.5,185.5,453.));
#5344 = LINE('',#5345,#5346);
#5345 = CARTESIAN_POINT('',(-364.5,185.5,453.));
#5346 = VECTOR('',#5347,1.);
#5347 = DIRECTION('',(1.,0.,0.));
#5348 = ORIENTED_EDGE('',*,*,#5301,.T.);
#5349 = ORIENTED_EDGE('',*,*,#5350,.T.);
#5350 = EDGE_CURVE('',#5304,#5351,#5353,.T.);
#5351 = VERTEX_POINT('',#5352);
#5352 = CARTESIAN_POINT('',(-335.5,185.5,637.));
#5353 = LINE('',#5354,#5355);
#5354 = CARTESIAN_POINT('',(-364.5,185.5,637.));
#5355 = VECTOR('',#5356,1.);
#5356 = DIRECTION('',(1.,0.,0.));
#5357 = ORIENTED_EDGE('',*,*,#5358,.F.);
#5358 = EDGE_CURVE('',#5342,#5351,#5359,.T.);
#5359 = LINE('',#5360,#5361);
#5360 = CARTESIAN_POINT('',(-335.5,185.5,453.));
#5361 = VECTOR('',#5362,1.);
#5362 = DIRECTION('',(0.,0.,1.));
#5363 = PLANE('',#5364);
#5364 = AXIS2_PLACEMENT_3D('',#5365,#5366,#5367);
#5365 = CARTESIAN_POINT('',(-364.5,185.5,453.));
#5366 = DIRECTION('',(0.,1.,0.));
#5367 = DIRECTION('',(0.,0.,1.));
#5368 = ADVANCED_FACE('',(#5369),#5387,.T.);
#5369 = FACE_BOUND('',#5370,.T.);
#5370 = EDGE_LOOP('',(#5371,#5372,#5373,#5381));
#5371 = ORIENTED_EDGE('',*,*,#5327,.F.);
#5372 = ORIENTED_EDGE('',*,*,#5350,.T.);
#5373 = ORIENTED_EDGE('',*,*,#5374,.T.);
#5374 = EDGE_CURVE('',#5351,#5375,#5377,.T.);
#5375 = VERTEX_POINT('',#5376);
#5376 = CARTESIAN_POINT('',(-335.5,214.5,637.));
#5377 = LINE('',#5378,#5379);
#5378 = CARTESIAN_POINT('',(-335.5,185.5,637.));
#5379 = VECTOR('',#5380,1.);
#5380 = DIRECTION('',(0.,1.,0.));
#5381 = ORIENTED_EDGE('',*,*,#5382,.F.);
#5382 = EDGE_CURVE('',#5320,#5375,#5383,.T.);
#5383 = LINE('',#5384,#5385);
#5384 = CARTESIAN_POINT('',(-364.5,214.5,637.));
#5385 = VECTOR('',#5386,1.);
#5386 = DIRECTION('',(1.,0.,0.));
#5387 = PLANE('',#5388);
#5388 = AXIS2_PLACEMENT_3D('',#5389,#5390,#5391);
#5389 = CARTESIAN_POINT('',(-364.5,185.5,637.));
#5390 = DIRECTION('',(0.,0.,1.));
#5391 = DIRECTION('',(1.,0.,0.));
#5392 = ADVANCED_FACE('',(#5393),#5411,.T.);
#5393 = FACE_BOUND('',#5394,.T.);
#5394 = EDGE_LOOP('',(#5395,#5403,#5404,#5405));
#5395 = ORIENTED_EDGE('',*,*,#5396,.F.);
#5396 = EDGE_CURVE('',#5312,#5397,#5399,.T.);
#5397 = VERTEX_POINT('',#5398);
#5398 = CARTESIAN_POINT('',(-335.5,214.5,453.));
#5399 = LINE('',#5400,#5401);
#5400 = CARTESIAN_POINT('',(-364.5,214.5,453.));
#5401 = VECTOR('',#5402,1.);
#5402 = DIRECTION('',(1.,0.,0.));
#5403 = ORIENTED_EDGE('',*,*,#5319,.T.);
#5404 = ORIENTED_EDGE('',*,*,#5382,.T.);
#5405 = ORIENTED_EDGE('',*,*,#5406,.F.);
#5406 = EDGE_CURVE('',#5397,#5375,#5407,.T.);
#5407 = LINE('',#5408,#5409);
#5408 = CARTESIAN_POINT('',(-335.5,214.5,453.));
#5409 = VECTOR('',#5410,1.);
#5410 = DIRECTION('',(0.,0.,1.));
#5411 = PLANE('',#5412);
#5412 = AXIS2_PLACEMENT_3D('',#5413,#5414,#5415);
#5413 = CARTESIAN_POINT('',(-364.5,214.5,453.));
#5414 = DIRECTION('',(0.,1.,0.));
#5415 = DIRECTION('',(0.,0.,1.));
#5416 = ADVANCED_FACE('',(#5417),#5428,.F.);
#5417 = FACE_BOUND('',#5418,.F.);
#5418 = EDGE_LOOP('',(#5419,#5420,#5421,#5427));
#5419 = ORIENTED_EDGE('',*,*,#5311,.F.);
#5420 = ORIENTED_EDGE('',*,*,#5341,.T.);
#5421 = ORIENTED_EDGE('',*,*,#5422,.T.);
#5422 = EDGE_CURVE('',#5342,#5397,#5423,.T.);
#5423 = LINE('',#5424,#5425);
#5424 = CARTESIAN_POINT('',(-335.5,185.5,453.));
#5425 = VECTOR('',#5426,1.);
#5426 = DIRECTION('',(0.,1.,0.));
#5427 = ORIENTED_EDGE('',*,*,#5396,.F.);
#5428 = PLANE('',#5429);
#5429 = AXIS2_PLACEMENT_3D('',#5430,#5431,#5432);
#5430 = CARTESIAN_POINT('',(-364.5,185.5,453.));
#5431 = DIRECTION('',(0.,0.,1.));
#5432 = DIRECTION('',(1.,0.,0.));
#5433 = ADVANCED_FACE('',(#5434),#5440,.T.);
#5434 = FACE_BOUND('',#5435,.T.);
#5435 = EDGE_LOOP('',(#5436,#5437,#5438,#5439));
#5436 = ORIENTED_EDGE('',*,*,#5358,.F.);
#5437 = ORIENTED_EDGE('',*,*,#5422,.T.);
#5438 = ORIENTED_EDGE('',*,*,#5406,.T.);
#5439 = ORIENTED_EDGE('',*,*,#5374,.F.);
#5440 = PLANE('',#5441);
#5441 = AXIS2_PLACEMENT_3D('',#5442,#5443,#5444);
#5442 = CARTESIAN_POINT('',(-335.5,185.5,453.));
#5443 = DIRECTION('',(1.,0.,0.));
#5444 = DIRECTION('',(0.,0.,1.));
#5445 = BREP_WITH_VOIDS('',#5446,(#5595));
#5446 = CLOSED_SHELL('',(#5447,#5487,#5518,#5542,#5566,#5583));
#5447 = ADVANCED_FACE('',(#5448),#5482,.F.);
#5448 = FACE_BOUND('',#5449,.F.);
#5449 = EDGE_LOOP('',(#5450,#5460,#5468,#5476));
#5450 = ORIENTED_EDGE('',*,*,#5451,.F.);
#5451 = EDGE_CURVE('',#5452,#5454,#5456,.T.);
#5452 = VERTEX_POINT('',#5453);
#5453 = CARTESIAN_POINT('',(-367.5,182.5,645.));
#5454 = VERTEX_POINT('',#5455);
#5455 = CARTESIAN_POINT('',(-367.5,182.5,2.05E+03));
#5456 = LINE('',#5457,#5458);
#5457 = CARTESIAN_POINT('',(-367.5,182.5,645.));
#5458 = VECTOR('',#5459,1.);
#5459 = DIRECTION('',(0.,0.,1.));
#5460 = ORIENTED_EDGE('',*,*,#5461,.T.);
#5461 = EDGE_CURVE('',#5452,#5462,#5464,.T.);
#5462 = VERTEX_POINT('',#5463);
#5463 = CARTESIAN_POINT('',(-367.5,217.5,645.));
#5464 = LINE('',#5465,#5466);
#5465 = CARTESIAN_POINT('',(-367.5,182.5,645.));
#5466 = VECTOR('',#5467,1.);
#5467 = DIRECTION('',(0.,1.,0.));
#5468 = ORIENTED_EDGE('',*,*,#5469,.T.);
#5469 = EDGE_CURVE('',#5462,#5470,#5472,.T.);
#5470 = VERTEX_POINT('',#5471);
#5471 = CARTESIAN_POINT('',(-367.5,217.5,2.05E+03));
#5472 = LINE('',#5473,#5474);
#5473 = CARTESIAN_POINT('',(-367.5,217.5,645.));
#5474 = VECTOR('',#5475,1.);
#5475 = DIRECTION('',(0.,0.,1.));
#5476 = ORIENTED_EDGE('',*,*,#5477,.F.);
#5477 = EDGE_CURVE('',#5454,#5470,#5478,.T.);
#5478 = LINE('',#5479,#5480);
#5479 = CARTESIAN_POINT('',(-367.5,182.5,2.05E+03));
#5480 = VECTOR('',#5481,1.);
#5481 = DIRECTION('',(0.,1.,0.));
#5482 = PLANE('',#5483);
#5483 = AXIS2_PLACEMENT_3D('',#5484,#5485,#5486);
#5484 = CARTESIAN_POINT('',(-367.5,182.5,645.));
#5485 = DIRECTION('',(1.,0.,0.));
#5486 = DIRECTION('',(0.,0.,1.));
#5487 = ADVANCED_FACE('',(#5488),#5513,.F.);
#5488 = FACE_BOUND('',#5489,.F.);
#5489 = EDGE_LOOP('',(#5490,#5498,#5499,#5507));
#5490 = ORIENTED_EDGE('',*,*,#5491,.F.);
#5491 = EDGE_CURVE('',#5452,#5492,#5494,.T.);
#5492 = VERTEX_POINT('',#5493);
#5493 = CARTESIAN_POINT('',(-332.5,182.5,645.));
#5494 = LINE('',#5495,#5496);
#5495 = CARTESIAN_POINT('',(-367.5,182.5,645.));
#5496 = VECTOR('',#5497,1.);
#5497 = DIRECTION('',(1.,0.,0.));
#5498 = ORIENTED_EDGE('',*,*,#5451,.T.);
#5499 = ORIENTED_EDGE('',*,*,#5500,.T.);
#5500 = EDGE_CURVE('',#5454,#5501,#5503,.T.);
#5501 = VERTEX_POINT('',#5502);
#5502 = CARTESIAN_POINT('',(-332.5,182.5,2.05E+03));
#5503 = LINE('',#5504,#5505);
#5504 = CARTESIAN_POINT('',(-367.5,182.5,2.05E+03));
#5505 = VECTOR('',#5506,1.);
#5506 = DIRECTION('',(1.,0.,0.));
#5507 = ORIENTED_EDGE('',*,*,#5508,.F.);
#5508 = EDGE_CURVE('',#5492,#5501,#5509,.T.);
#5509 = LINE('',#5510,#5511);
#5510 = CARTESIAN_POINT('',(-332.5,182.5,645.));
#5511 = VECTOR('',#5512,1.);
#5512 = DIRECTION('',(0.,0.,1.));
#5513 = PLANE('',#5514);
#5514 = AXIS2_PLACEMENT_3D('',#5515,#5516,#5517);
#5515 = CARTESIAN_POINT('',(-367.5,182.5,645.));
#5516 = DIRECTION('',(0.,1.,0.));
#5517 = DIRECTION('',(0.,0.,1.));
#5518 = ADVANCED_FACE('',(#5519),#5537,.T.);
#5519 = FACE_BOUND('',#5520,.T.);
#5520 = EDGE_LOOP('',(#5521,#5522,#5523,#5531));
#5521 = ORIENTED_EDGE('',*,*,#5477,.F.);
#5522 = ORIENTED_EDGE('',*,*,#5500,.T.);
#5523 = ORIENTED_EDGE('',*,*,#5524,.T.);
#5524 = EDGE_CURVE('',#5501,#5525,#5527,.T.);
#5525 = VERTEX_POINT('',#5526);
#5526 = CARTESIAN_POINT('',(-332.5,217.5,2.05E+03));
#5527 = LINE('',#5528,#5529);
#5528 = CARTESIAN_POINT('',(-332.5,182.5,2.05E+03));
#5529 = VECTOR('',#5530,1.);
#5530 = DIRECTION('',(0.,1.,0.));
#5531 = ORIENTED_EDGE('',*,*,#5532,.F.);
#5532 = EDGE_CURVE('',#5470,#5525,#5533,.T.);
#5533 = LINE('',#5534,#5535);
#5534 = CARTESIAN_POINT('',(-367.5,217.5,2.05E+03));
#5535 = VECTOR('',#5536,1.);
#5536 = DIRECTION('',(1.,0.,0.));
#5537 = PLANE('',#5538);
#5538 = AXIS2_PLACEMENT_3D('',#5539,#5540,#5541);
#5539 = CARTESIAN_POINT('',(-367.5,182.5,2.05E+03));
#5540 = DIRECTION('',(0.,0.,1.));
#5541 = DIRECTION('',(1.,0.,0.));
#5542 = ADVANCED_FACE('',(#5543),#5561,.T.);
#5543 = FACE_BOUND('',#5544,.T.);
#5544 = EDGE_LOOP('',(#5545,#5553,#5554,#5555));
#5545 = ORIENTED_EDGE('',*,*,#5546,.F.);
#5546 = EDGE_CURVE('',#5462,#5547,#5549,.T.);
#5547 = VERTEX_POINT('',#5548);
#5548 = CARTESIAN_POINT('',(-332.5,217.5,645.));
#5549 = LINE('',#5550,#5551);
#5550 = CARTESIAN_POINT('',(-367.5,217.5,645.));
#5551 = VECTOR('',#5552,1.);
#5552 = DIRECTION('',(1.,0.,0.));
#5553 = ORIENTED_EDGE('',*,*,#5469,.T.);
#5554 = ORIENTED_EDGE('',*,*,#5532,.T.);
#5555 = ORIENTED_EDGE('',*,*,#5556,.F.);
#5556 = EDGE_CURVE('',#5547,#5525,#5557,.T.);
#5557 = LINE('',#5558,#5559);
#5558 = CARTESIAN_POINT('',(-332.5,217.5,645.));
#5559 = VECTOR('',#5560,1.);
#5560 = DIRECTION('',(0.,0.,1.));
#5561 = PLANE('',#5562);
#5562 = AXIS2_PLACEMENT_3D('',#5563,#5564,#5565);
#5563 = CARTESIAN_POINT('',(-367.5,217.5,645.));
#5564 = DIRECTION('',(0.,1.,0.));
#5565 = DIRECTION('',(0.,0.,1.));
#5566 = ADVANCED_FACE('',(#5567),#5578,.F.);
#5567 = FACE_BOUND('',#5568,.F.);
#5568 = EDGE_LOOP('',(#5569,#5570,#5571,#5577));
#5569 = ORIENTED_EDGE('',*,*,#5461,.F.);
#5570 = ORIENTED_EDGE('',*,*,#5491,.T.);
#5571 = ORIENTED_EDGE('',*,*,#5572,.T.);
#5572 = EDGE_CURVE('',#5492,#5547,#5573,.T.);
#5573 = LINE('',#5574,#5575);
#5574 = CARTESIAN_POINT('',(-332.5,182.5,645.));
#5575 = VECTOR('',#5576,1.);
#5576 = DIRECTION('',(0.,1.,0.));
#5577 = ORIENTED_EDGE('',*,*,#5546,.F.);
#5578 = PLANE('',#5579);
#5579 = AXIS2_PLACEMENT_3D('',#5580,#5581,#5582);
#5580 = CARTESIAN_POINT('',(-367.5,182.5,645.));
#5581 = DIRECTION('',(0.,0.,1.));
#5582 = DIRECTION('',(1.,0.,0.));
#5583 = ADVANCED_FACE('',(#5584),#5590,.T.);
#5584 = FACE_BOUND('',#5585,.T.);
#5585 = EDGE_LOOP('',(#5586,#5587,#5588,#5589));
#5586 = ORIENTED_EDGE('',*,*,#5508,.F.);
#5587 = ORIENTED_EDGE('',*,*,#5572,.T.);
#5588 = ORIENTED_EDGE('',*,*,#5556,.T.);
#5589 = ORIENTED_EDGE('',*,*,#5524,.F.);
#5590 = PLANE('',#5591);
#5591 = AXIS2_PLACEMENT_3D('',#5592,#5593,#5594);
#5592 = CARTESIAN_POINT('',(-332.5,182.5,645.));
#5593 = DIRECTION('',(1.,0.,0.));
#5594 = DIRECTION('',(0.,0.,1.));
#5595 = ORIENTED_CLOSED_SHELL('',*,#5596,.F.);
#5596 = CLOSED_SHELL('',(#5597,#5637,#5668,#5692,#5716,#5733));
#5597 = ADVANCED_FACE('',(#5598),#5632,.F.);
#5598 = FACE_BOUND('',#5599,.F.);
#5599 = EDGE_LOOP('',(#5600,#5610,#5618,#5626));
#5600 = ORIENTED_EDGE('',*,*,#5601,.F.);
#5601 = EDGE_CURVE('',#5602,#5604,#5606,.T.);
#5602 = VERTEX_POINT('',#5603);
#5603 = CARTESIAN_POINT('',(-364.5,185.5,648.));
#5604 = VERTEX_POINT('',#5605);
#5605 = CARTESIAN_POINT('',(-364.5,185.5,2.047E+03));
#5606 = LINE('',#5607,#5608);
#5607 = CARTESIAN_POINT('',(-364.5,185.5,648.));
#5608 = VECTOR('',#5609,1.);
#5609 = DIRECTION('',(0.,0.,1.));
#5610 = ORIENTED_EDGE('',*,*,#5611,.T.);
#5611 = EDGE_CURVE('',#5602,#5612,#5614,.T.);
#5612 = VERTEX_POINT('',#5613);
#5613 = CARTESIAN_POINT('',(-364.5,214.5,648.));
#5614 = LINE('',#5615,#5616);
#5615 = CARTESIAN_POINT('',(-364.5,185.5,648.));
#5616 = VECTOR('',#5617,1.);
#5617 = DIRECTION('',(0.,1.,0.));
#5618 = ORIENTED_EDGE('',*,*,#5619,.T.);
#5619 = EDGE_CURVE('',#5612,#5620,#5622,.T.);
#5620 = VERTEX_POINT('',#5621);
#5621 = CARTESIAN_POINT('',(-364.5,214.5,2.047E+03));
#5622 = LINE('',#5623,#5624);
#5623 = CARTESIAN_POINT('',(-364.5,214.5,648.));
#5624 = VECTOR('',#5625,1.);
#5625 = DIRECTION('',(0.,0.,1.));
#5626 = ORIENTED_EDGE('',*,*,#5627,.F.);
#5627 = EDGE_CURVE('',#5604,#5620,#5628,.T.);
#5628 = LINE('',#5629,#5630);
#5629 = CARTESIAN_POINT('',(-364.5,185.5,2.047E+03));
#5630 = VECTOR('',#5631,1.);
#5631 = DIRECTION('',(0.,1.,0.));
#5632 = PLANE('',#5633);
#5633 = AXIS2_PLACEMENT_3D('',#5634,#5635,#5636);
#5634 = CARTESIAN_POINT('',(-364.5,185.5,648.));
#5635 = DIRECTION('',(1.,0.,0.));
#5636 = DIRECTION('',(0.,0.,1.));
#5637 = ADVANCED_FACE('',(#5638),#5663,.F.);
#5638 = FACE_BOUND('',#5639,.F.);
#5639 = EDGE_LOOP('',(#5640,#5648,#5649,#5657));
#5640 = ORIENTED_EDGE('',*,*,#5641,.F.);
#5641 = EDGE_CURVE('',#5602,#5642,#5644,.T.);
#5642 = VERTEX_POINT('',#5643);
#5643 = CARTESIAN_POINT('',(-335.5,185.5,648.));
#5644 = LINE('',#5645,#5646);
#5645 = CARTESIAN_POINT('',(-364.5,185.5,648.));
#5646 = VECTOR('',#5647,1.);
#5647 = DIRECTION('',(1.,0.,0.));
#5648 = ORIENTED_EDGE('',*,*,#5601,.T.);
#5649 = ORIENTED_EDGE('',*,*,#5650,.T.);
#5650 = EDGE_CURVE('',#5604,#5651,#5653,.T.);
#5651 = VERTEX_POINT('',#5652);
#5652 = CARTESIAN_POINT('',(-335.5,185.5,2.047E+03));
#5653 = LINE('',#5654,#5655);
#5654 = CARTESIAN_POINT('',(-364.5,185.5,2.047E+03));
#5655 = VECTOR('',#5656,1.);
#5656 = DIRECTION('',(1.,0.,0.));
#5657 = ORIENTED_EDGE('',*,*,#5658,.F.);
#5658 = EDGE_CURVE('',#5642,#5651,#5659,.T.);
#5659 = LINE('',#5660,#5661);
#5660 = CARTESIAN_POINT('',(-335.5,185.5,648.));
#5661 = VECTOR('',#5662,1.);
#5662 = DIRECTION('',(0.,0.,1.));
#5663 = PLANE('',#5664);
#5664 = AXIS2_PLACEMENT_3D('',#5665,#5666,#5667);
#5665 = CARTESIAN_POINT('',(-364.5,185.5,648.));
#5666 = DIRECTION('',(0.,1.,0.));
#5667 = DIRECTION('',(0.,0.,1.));
#5668 = ADVANCED_FACE('',(#5669),#5687,.T.);
#5669 = FACE_BOUND('',#5670,.T.);
#5670 = EDGE_LOOP('',(#5671,#5672,#5673,#5681));
#5671 = ORIENTED_EDGE('',*,*,#5627,.F.);
#5672 = ORIENTED_EDGE('',*,*,#5650,.T.);
#5673 = ORIENTED_EDGE('',*,*,#5674,.T.);
#5674 = EDGE_CURVE('',#5651,#5675,#5677,.T.);
#5675 = VERTEX_POINT('',#5676);
#5676 = CARTESIAN_POINT('',(-335.5,214.5,2.047E+03));
#5677 = LINE('',#5678,#5679);
#5678 = CARTESIAN_POINT('',(-335.5,185.5,2.047E+03));
#5679 = VECTOR('',#5680,1.);
#5680 = DIRECTION('',(0.,1.,0.));
#5681 = ORIENTED_EDGE('',*,*,#5682,.F.);
#5682 = EDGE_CURVE('',#5620,#5675,#5683,.T.);
#5683 = LINE('',#5684,#5685);
#5684 = CARTESIAN_POINT('',(-364.5,214.5,2.047E+03));
#5685 = VECTOR('',#5686,1.);
#5686 = DIRECTION('',(1.,0.,0.));
#5687 = PLANE('',#5688);
#5688 = AXIS2_PLACEMENT_3D('',#5689,#5690,#5691);
#5689 = CARTESIAN_POINT('',(-364.5,185.5,2.047E+03));
#5690 = DIRECTION('',(0.,0.,1.));
#5691 = DIRECTION('',(1.,0.,0.));
#5692 = ADVANCED_FACE('',(#5693),#5711,.T.);
#5693 = FACE_BOUND('',#5694,.T.);
#5694 = EDGE_LOOP('',(#5695,#5703,#5704,#5705));
#5695 = ORIENTED_EDGE('',*,*,#5696,.F.);
#5696 = EDGE_CURVE('',#5612,#5697,#5699,.T.);
#5697 = VERTEX_POINT('',#5698);
#5698 = CARTESIAN_POINT('',(-335.5,214.5,648.));
#5699 = LINE('',#5700,#5701);
#5700 = CARTESIAN_POINT('',(-364.5,214.5,648.));
#5701 = VECTOR('',#5702,1.);
#5702 = DIRECTION('',(1.,0.,0.));
#5703 = ORIENTED_EDGE('',*,*,#5619,.T.);
#5704 = ORIENTED_EDGE('',*,*,#5682,.T.);
#5705 = ORIENTED_EDGE('',*,*,#5706,.F.);
#5706 = EDGE_CURVE('',#5697,#5675,#5707,.T.);
#5707 = LINE('',#5708,#5709);
#5708 = CARTESIAN_POINT('',(-335.5,214.5,648.));
#5709 = VECTOR('',#5710,1.);
#5710 = DIRECTION('',(0.,0.,1.));
#5711 = PLANE('',#5712);
#5712 = AXIS2_PLACEMENT_3D('',#5713,#5714,#5715);
#5713 = CARTESIAN_POINT('',(-364.5,214.5,648.));
#5714 = DIRECTION('',(0.,1.,0.));
#5715 = DIRECTION('',(0.,0.,1.));
#5716 = ADVANCED_FACE('',(#5717),#5728,.F.);
#5717 = FACE_BOUND('',#5718,.F.);
#5718 = EDGE_LOOP('',(#5719,#5720,#5721,#5727));
#5719 = ORIENTED_EDGE('',*,*,#5611,.F.);
#5720 = ORIENTED_EDGE('',*,*,#5641,.T.);
#5721 = ORIENTED_EDGE('',*,*,#5722,.T.);
#5722 = EDGE_CURVE('',#5642,#5697,#5723,.T.);
#5723 = LINE('',#5724,#5725);
#5724 = CARTESIAN_POINT('',(-335.5,185.5,648.));
#5725 = VECTOR('',#5726,1.);
#5726 = DIRECTION('',(0.,1.,0.));
#5727 = ORIENTED_EDGE('',*,*,#5696,.F.);
#5728 = PLANE('',#5729);
#5729 = AXIS2_PLACEMENT_3D('',#5730,#5731,#5732);
#5730 = CARTESIAN_POINT('',(-364.5,185.5,648.));
#5731 = DIRECTION('',(0.,0.,1.));
#5732 = DIRECTION('',(1.,0.,0.));
#5733 = ADVANCED_FACE('',(#5734),#5740,.T.);
#5734 = FACE_BOUND('',#5735,.T.);
#5735 = EDGE_LOOP('',(#5736,#5737,#5738,#5739));
#5736 = ORIENTED_EDGE('',*,*,#5658,.F.);
#5737 = ORIENTED_EDGE('',*,*,#5722,.T.);
#5738 = ORIENTED_EDGE('',*,*,#5706,.T.);
#5739 = ORIENTED_EDGE('',*,*,#5674,.F.);
#5740 = PLANE('',#5741);
#5741 = AXIS2_PLACEMENT_3D('',#5742,#5743,#5744);
#5742 = CARTESIAN_POINT('',(-335.5,185.5,648.));
#5743 = DIRECTION('',(1.,0.,0.));
#5744 = DIRECTION('',(0.,0.,1.));
#5745 = BREP_WITH_VOIDS('',#5746,(#5895));
#5746 = CLOSED_SHELL('',(#5747,#5787,#5818,#5842,#5866,#5883));
#5747 = ADVANCED_FACE('',(#5748),#5782,.F.);
#5748 = FACE_BOUND('',#5749,.F.);
#5749 = EDGE_LOOP('',(#5750,#5760,#5768,#5776));
#5750 = ORIENTED_EDGE('',*,*,#5751,.F.);
#5751 = EDGE_CURVE('',#5752,#5754,#5756,.T.);
#5752 = VERTEX_POINT('',#5753);
#5753 = CARTESIAN_POINT('',(-367.5,-217.5,150.));
#5754 = VERTEX_POINT('',#5755);
#5755 = CARTESIAN_POINT('',(-367.5,-217.5,445.));
#5756 = LINE('',#5757,#5758);
#5757 = CARTESIAN_POINT('',(-367.5,-217.5,150.));
#5758 = VECTOR('',#5759,1.);
#5759 = DIRECTION('',(0.,0.,1.));
#5760 = ORIENTED_EDGE('',*,*,#5761,.T.);
#5761 = EDGE_CURVE('',#5752,#5762,#5764,.T.);
#5762 = VERTEX_POINT('',#5763);
#5763 = CARTESIAN_POINT('',(-367.5,-182.5,150.));
#5764 = LINE('',#5765,#5766);
#5765 = CARTESIAN_POINT('',(-367.5,-217.5,150.));
#5766 = VECTOR('',#5767,1.);
#5767 = DIRECTION('',(0.,1.,0.));
#5768 = ORIENTED_EDGE('',*,*,#5769,.T.);
#5769 = EDGE_CURVE('',#5762,#5770,#5772,.T.);
#5770 = VERTEX_POINT('',#5771);
#5771 = CARTESIAN_POINT('',(-367.5,-182.5,445.));
#5772 = LINE('',#5773,#5774);
#5773 = CARTESIAN_POINT('',(-367.5,-182.5,150.));
#5774 = VECTOR('',#5775,1.);
#5775 = DIRECTION('',(0.,0.,1.));
#5776 = ORIENTED_EDGE('',*,*,#5777,.F.);
#5777 = EDGE_CURVE('',#5754,#5770,#5778,.T.);
#5778 = LINE('',#5779,#5780);
#5779 = CARTESIAN_POINT('',(-367.5,-217.5,445.));
#5780 = VECTOR('',#5781,1.);
#5781 = DIRECTION('',(0.,1.,0.));
#5782 = PLANE('',#5783);
#5783 = AXIS2_PLACEMENT_3D('',#5784,#5785,#5786);
#5784 = CARTESIAN_POINT('',(-367.5,-217.5,150.));
#5785 = DIRECTION('',(1.,0.,0.));
#5786 = DIRECTION('',(0.,0.,1.));
#5787 = ADVANCED_FACE('',(#5788),#5813,.F.);
#5788 = FACE_BOUND('',#5789,.F.);
#5789 = EDGE_LOOP('',(#5790,#5798,#5799,#5807));
#5790 = ORIENTED_EDGE('',*,*,#5791,.F.);
#5791 = EDGE_CURVE('',#5752,#5792,#5794,.T.);
#5792 = VERTEX_POINT('',#5793);
#5793 = CARTESIAN_POINT('',(-332.5,-217.5,150.));
#5794 = LINE('',#5795,#5796);
#5795 = CARTESIAN_POINT('',(-367.5,-217.5,150.));
#5796 = VECTOR('',#5797,1.);
#5797 = DIRECTION('',(1.,0.,0.));
#5798 = ORIENTED_EDGE('',*,*,#5751,.T.);
#5799 = ORIENTED_EDGE('',*,*,#5800,.T.);
#5800 = EDGE_CURVE('',#5754,#5801,#5803,.T.);
#5801 = VERTEX_POINT('',#5802);
#5802 = CARTESIAN_POINT('',(-332.5,-217.5,445.));
#5803 = LINE('',#5804,#5805);
#5804 = CARTESIAN_POINT('',(-367.5,-217.5,445.));
#5805 = VECTOR('',#5806,1.);
#5806 = DIRECTION('',(1.,0.,0.));
#5807 = ORIENTED_EDGE('',*,*,#5808,.F.);
#5808 = EDGE_CURVE('',#5792,#5801,#5809,.T.);
#5809 = LINE('',#5810,#5811);
#5810 = CARTESIAN_POINT('',(-332.5,-217.5,150.));
#5811 = VECTOR('',#5812,1.);
#5812 = DIRECTION('',(0.,0.,1.));
#5813 = PLANE('',#5814);
#5814 = AXIS2_PLACEMENT_3D('',#5815,#5816,#5817);
#5815 = CARTESIAN_POINT('',(-367.5,-217.5,150.));
#5816 = DIRECTION('',(0.,1.,0.));
#5817 = DIRECTION('',(0.,0.,1.));
#5818 = ADVANCED_FACE('',(#5819),#5837,.T.);
#5819 = FACE_BOUND('',#5820,.T.);
#5820 = EDGE_LOOP('',(#5821,#5822,#5823,#5831));
#5821 = ORIENTED_EDGE('',*,*,#5777,.F.);
#5822 = ORIENTED_EDGE('',*,*,#5800,.T.);
#5823 = ORIENTED_EDGE('',*,*,#5824,.T.);
#5824 = EDGE_CURVE('',#5801,#5825,#5827,.T.);
#5825 = VERTEX_POINT('',#5826);
#5826 = CARTESIAN_POINT('',(-332.5,-182.5,445.));
#5827 = LINE('',#5828,#5829);
#5828 = CARTESIAN_POINT('',(-332.5,-217.5,445.));
#5829 = VECTOR('',#5830,1.);
#5830 = DIRECTION('',(0.,1.,0.));
#5831 = ORIENTED_EDGE('',*,*,#5832,.F.);
#5832 = EDGE_CURVE('',#5770,#5825,#5833,.T.);
#5833 = LINE('',#5834,#5835);
#5834 = CARTESIAN_POINT('',(-367.5,-182.5,445.));
#5835 = VECTOR('',#5836,1.);
#5836 = DIRECTION('',(1.,0.,0.));
#5837 = PLANE('',#5838);
#5838 = AXIS2_PLACEMENT_3D('',#5839,#5840,#5841);
#5839 = CARTESIAN_POINT('',(-367.5,-217.5,445.));
#5840 = DIRECTION('',(0.,0.,1.));
#5841 = DIRECTION('',(1.,0.,0.));
#5842 = ADVANCED_FACE('',(#5843),#5861,.T.);
#5843 = FACE_BOUND('',#5844,.T.);
#5844 = EDGE_LOOP('',(#5845,#5853,#5854,#5855));
#5845 = ORIENTED_EDGE('',*,*,#5846,.F.);
#5846 = EDGE_CURVE('',#5762,#5847,#5849,.T.);
#5847 = VERTEX_POINT('',#5848);
#5848 = CARTESIAN_POINT('',(-332.5,-182.5,150.));
#5849 = LINE('',#5850,#5851);
#5850 = CARTESIAN_POINT('',(-367.5,-182.5,150.));
#5851 = VECTOR('',#5852,1.);
#5852 = DIRECTION('',(1.,0.,0.));
#5853 = ORIENTED_EDGE('',*,*,#5769,.T.);
#5854 = ORIENTED_EDGE('',*,*,#5832,.T.);
#5855 = ORIENTED_EDGE('',*,*,#5856,.F.);
#5856 = EDGE_CURVE('',#5847,#5825,#5857,.T.);
#5857 = LINE('',#5858,#5859);
#5858 = CARTESIAN_POINT('',(-332.5,-182.5,150.));
#5859 = VECTOR('',#5860,1.);
#5860 = DIRECTION('',(0.,0.,1.));
#5861 = PLANE('',#5862);
#5862 = AXIS2_PLACEMENT_3D('',#5863,#5864,#5865);
#5863 = CARTESIAN_POINT('',(-367.5,-182.5,150.));
#5864 = DIRECTION('',(0.,1.,0.));
#5865 = DIRECTION('',(0.,0.,1.));
#5866 = ADVANCED_FACE('',(#5867),#5878,.F.);
#5867 = FACE_BOUND('',#5868,.F.);
#5868 = EDGE_LOOP('',(#5869,#5870,#5871,#5877));
#5869 = ORIENTED_EDGE('',*,*,#5761,.F.);
#5870 = ORIENTED_EDGE('',*,*,#5791,.T.);
#5871 = ORIENTED_EDGE('',*,*,#5872,.T.);
#5872 = EDGE_CURVE('',#5792,#5847,#5873,.T.);
#5873 = LINE('',#5874,#5875);
#5874 = CARTESIAN_POINT('',(-332.5,-217.5,150.));
#5875 = VECTOR('',#5876,1.);
#5876 = DIRECTION('',(0.,1.,0.));
#5877 = ORIENTED_EDGE('',*,*,#5846,.F.);
#5878 = PLANE('',#5879);
#5879 = AXIS2_PLACEMENT_3D('',#5880,#5881,#5882);
#5880 = CARTESIAN_POINT('',(-367.5,-217.5,150.));
#5881 = DIRECTION('',(0.,0.,1.));
#5882 = DIRECTION('',(1.,0.,0.));
#5883 = ADVANCED_FACE('',(#5884),#5890,.T.);
#5884 = FACE_BOUND('',#5885,.T.);
#5885 = EDGE_LOOP('',(#5886,#5887,#5888,#5889));
#5886 = ORIENTED_EDGE('',*,*,#5808,.F.);
#5887 = ORIENTED_EDGE('',*,*,#5872,.T.);
#5888 = ORIENTED_EDGE('',*,*,#5856,.T.);
#5889 = ORIENTED_EDGE('',*,*,#5824,.F.);
#5890 = PLANE('',#5891);
#5891 = AXIS2_PLACEMENT_3D('',#5892,#5893,#5894);
#5892 = CARTESIAN_POINT('',(-332.5,-217.5,150.));
#5893 = DIRECTION('',(1.,0.,0.));
#5894 = DIRECTION('',(0.,0.,1.));
#5895 = ORIENTED_CLOSED_SHELL('',*,#5896,.F.);
#5896 = CLOSED_SHELL('',(#5897,#5937,#5968,#5992,#6016,#6033));
#5897 = ADVANCED_FACE('',(#5898),#5932,.F.);
#5898 = FACE_BOUND('',#5899,.F.);
#5899 = EDGE_LOOP('',(#5900,#5910,#5918,#5926));
#5900 = ORIENTED_EDGE('',*,*,#5901,.F.);
#5901 = EDGE_CURVE('',#5902,#5904,#5906,.T.);
#5902 = VERTEX_POINT('',#5903);
#5903 = CARTESIAN_POINT('',(-364.5,-214.5,153.));
#5904 = VERTEX_POINT('',#5905);
#5905 = CARTESIAN_POINT('',(-364.5,-214.5,442.));
#5906 = LINE('',#5907,#5908);
#5907 = CARTESIAN_POINT('',(-364.5,-214.5,153.));
#5908 = VECTOR('',#5909,1.);
#5909 = DIRECTION('',(0.,0.,1.));
#5910 = ORIENTED_EDGE('',*,*,#5911,.T.);
#5911 = EDGE_CURVE('',#5902,#5912,#5914,.T.);
#5912 = VERTEX_POINT('',#5913);
#5913 = CARTESIAN_POINT('',(-364.5,-185.5,153.));
#5914 = LINE('',#5915,#5916);
#5915 = CARTESIAN_POINT('',(-364.5,-214.5,153.));
#5916 = VECTOR('',#5917,1.);
#5917 = DIRECTION('',(0.,1.,0.));
#5918 = ORIENTED_EDGE('',*,*,#5919,.T.);
#5919 = EDGE_CURVE('',#5912,#5920,#5922,.T.);
#5920 = VERTEX_POINT('',#5921);
#5921 = CARTESIAN_POINT('',(-364.5,-185.5,442.));
#5922 = LINE('',#5923,#5924);
#5923 = CARTESIAN_POINT('',(-364.5,-185.5,153.));
#5924 = VECTOR('',#5925,1.);
#5925 = DIRECTION('',(0.,0.,1.));
#5926 = ORIENTED_EDGE('',*,*,#5927,.F.);
#5927 = EDGE_CURVE('',#5904,#5920,#5928,.T.);
#5928 = LINE('',#5929,#5930);
#5929 = CARTESIAN_POINT('',(-364.5,-214.5,442.));
#5930 = VECTOR('',#5931,1.);
#5931 = DIRECTION('',(0.,1.,0.));
#5932 = PLANE('',#5933);
#5933 = AXIS2_PLACEMENT_3D('',#5934,#5935,#5936);
#5934 = CARTESIAN_POINT('',(-364.5,-214.5,153.));
#5935 = DIRECTION('',(1.,0.,0.));
#5936 = DIRECTION('',(0.,0.,1.));
#5937 = ADVANCED_FACE('',(#5938),#5963,.F.);
#5938 = FACE_BOUND('',#5939,.F.);
#5939 = EDGE_LOOP('',(#5940,#5948,#5949,#5957));
#5940 = ORIENTED_EDGE('',*,*,#5941,.F.);
#5941 = EDGE_CURVE('',#5902,#5942,#5944,.T.);
#5942 = VERTEX_POINT('',#5943);
#5943 = CARTESIAN_POINT('',(-335.5,-214.5,153.));
#5944 = LINE('',#5945,#5946);
#5945 = CARTESIAN_POINT('',(-364.5,-214.5,153.));
#5946 = VECTOR('',#5947,1.);
#5947 = DIRECTION('',(1.,0.,0.));
#5948 = ORIENTED_EDGE('',*,*,#5901,.T.);
#5949 = ORIENTED_EDGE('',*,*,#5950,.T.);
#5950 = EDGE_CURVE('',#5904,#5951,#5953,.T.);
#5951 = VERTEX_POINT('',#5952);
#5952 = CARTESIAN_POINT('',(-335.5,-214.5,442.));
#5953 = LINE('',#5954,#5955);
#5954 = CARTESIAN_POINT('',(-364.5,-214.5,442.));
#5955 = VECTOR('',#5956,1.);
#5956 = DIRECTION('',(1.,0.,0.));
#5957 = ORIENTED_EDGE('',*,*,#5958,.F.);
#5958 = EDGE_CURVE('',#5942,#5951,#5959,.T.);
#5959 = LINE('',#5960,#5961);
#5960 = CARTESIAN_POINT('',(-335.5,-214.5,153.));
#5961 = VECTOR('',#5962,1.);
#5962 = DIRECTION('',(0.,0.,1.));
#5963 = PLANE('',#5964);
#5964 = AXIS2_PLACEMENT_3D('',#5965,#5966,#5967);
#5965 = CARTESIAN_POINT('',(-364.5,-214.5,153.));
#5966 = DIRECTION('',(0.,1.,0.));
#5967 = DIRECTION('',(0.,0.,1.));
#5968 = ADVANCED_FACE('',(#5969),#5987,.T.);
#5969 = FACE_BOUND('',#5970,.T.);
#5970 = EDGE_LOOP('',(#5971,#5972,#5973,#5981));
#5971 = ORIENTED_EDGE('',*,*,#5927,.F.);
#5972 = ORIENTED_EDGE('',*,*,#5950,.T.);
#5973 = ORIENTED_EDGE('',*,*,#5974,.T.);
#5974 = EDGE_CURVE('',#5951,#5975,#5977,.T.);
#5975 = VERTEX_POINT('',#5976);
#5976 = CARTESIAN_POINT('',(-335.5,-185.5,442.));
#5977 = LINE('',#5978,#5979);
#5978 = CARTESIAN_POINT('',(-335.5,-214.5,442.));
#5979 = VECTOR('',#5980,1.);
#5980 = DIRECTION('',(0.,1.,0.));
#5981 = ORIENTED_EDGE('',*,*,#5982,.F.);
#5982 = EDGE_CURVE('',#5920,#5975,#5983,.T.);
#5983 = LINE('',#5984,#5985);
#5984 = CARTESIAN_POINT('',(-364.5,-185.5,442.));
#5985 = VECTOR('',#5986,1.);
#5986 = DIRECTION('',(1.,0.,0.));
#5987 = PLANE('',#5988);
#5988 = AXIS2_PLACEMENT_3D('',#5989,#5990,#5991);
#5989 = CARTESIAN_POINT('',(-364.5,-214.5,442.));
#5990 = DIRECTION('',(0.,0.,1.));
#5991 = DIRECTION('',(1.,0.,0.));
#5992 = ADVANCED_FACE('',(#5993),#6011,.T.);
#5993 = FACE_BOUND('',#5994,.T.);
#5994 = EDGE_LOOP('',(#5995,#6003,#6004,#6005));
#5995 = ORIENTED_EDGE('',*,*,#5996,.F.);
#5996 = EDGE_CURVE('',#5912,#5997,#5999,.T.);
#5997 = VERTEX_POINT('',#5998);
#5998 = CARTESIAN_POINT('',(-335.5,-185.5,153.));
#5999 = LINE('',#6000,#6001);
#6000 = CARTESIAN_POINT('',(-364.5,-185.5,153.));
#6001 = VECTOR('',#6002,1.);
#6002 = DIRECTION('',(1.,0.,0.));
#6003 = ORIENTED_EDGE('',*,*,#5919,.T.);
#6004 = ORIENTED_EDGE('',*,*,#5982,.T.);
#6005 = ORIENTED_EDGE('',*,*,#6006,.F.);
#6006 = EDGE_CURVE('',#5997,#5975,#6007,.T.);
#6007 = LINE('',#6008,#6009);
#6008 = CARTESIAN_POINT('',(-335.5,-185.5,153.));
#6009 = VECTOR('',#6010,1.);
#6010 = DIRECTION('',(0.,0.,1.));
#6011 = PLANE('',#6012);
#6012 = AXIS2_PLACEMENT_3D('',#6013,#6014,#6015);
#6013 = CARTESIAN_POINT('',(-364.5,-185.5,153.));
#6014 = DIRECTION('',(0.,1.,0.));
#6015 = DIRECTION('',(0.,0.,1.));
#6016 = ADVANCED_FACE('',(#6017),#6028,.F.);
#6017 = FACE_BOUND('',#6018,.F.);
#6018 = EDGE_LOOP('',(#6019,#6020,#6021,#6027));
#6019 = ORIENTED_EDGE('',*,*,#5911,.F.);
#6020 = ORIENTED_EDGE('',*,*,#5941,.T.);
#6021 = ORIENTED_EDGE('',*,*,#6022,.T.);
#6022 = EDGE_CURVE('',#5942,#5997,#6023,.T.);
#6023 = LINE('',#6024,#6025);
#6024 = CARTESIAN_POINT('',(-335.5,-214.5,153.));
#6025 = VECTOR('',#6026,1.);
#6026 = DIRECTION('',(0.,1.,0.));
#6027 = ORIENTED_EDGE('',*,*,#5996,.F.);
#6028 = PLANE('',#6029);
#6029 = AXIS2_PLACEMENT_3D('',#6030,#6031,#6032);
#6030 = CARTESIAN_POINT('',(-364.5,-214.5,153.));
#6031 = DIRECTION('',(0.,0.,1.));
#6032 = DIRECTION('',(1.,0.,0.));
#6033 = ADVANCED_FACE('',(#6034),#6040,.T.);
#6034 = FACE_BOUND('',#6035,.T.);
#6035 = EDGE_LOOP('',(#6036,#6037,#6038,#6039));
#6036 = ORIENTED_EDGE('',*,*,#5958,.F.);
#6037 = ORIENTED_EDGE('',*,*,#6022,.T.);
#6038 = ORIENTED_EDGE('',*,*,#6006,.T.);
#6039 = ORIENTED_EDGE('',*,*,#5974,.F.);
#6040 = PLANE('',#6041);
#6041 = AXIS2_PLACEMENT_3D('',#6042,#6043,#6044);
#6042 = CARTESIAN_POINT('',(-335.5,-214.5,153.));
#6043 = DIRECTION('',(1.,0.,0.));
#6044 = DIRECTION('',(0.,0.,1.));
#6045 = BREP_WITH_VOIDS('',#6046,(#6195));
#6046 = CLOSED_SHELL('',(#6047,#6087,#6118,#6142,#6166,#6183));
#6047 = ADVANCED_FACE('',(#6048),#6082,.F.);
#6048 = FACE_BOUND('',#6049,.F.);
#6049 = EDGE_LOOP('',(#6050,#6060,#6068,#6076));
#6050 = ORIENTED_EDGE('',*,*,#6051,.F.);
#6051 = EDGE_CURVE('',#6052,#6054,#6056,.T.);
#6052 = VERTEX_POINT('',#6053);
#6053 = CARTESIAN_POINT('',(-367.5,-217.5,450.));
#6054 = VERTEX_POINT('',#6055);
#6055 = CARTESIAN_POINT('',(-367.5,-217.5,640.));
#6056 = LINE('',#6057,#6058);
#6057 = CARTESIAN_POINT('',(-367.5,-217.5,450.));
#6058 = VECTOR('',#6059,1.);
#6059 = DIRECTION('',(0.,0.,1.));
#6060 = ORIENTED_EDGE('',*,*,#6061,.T.);
#6061 = EDGE_CURVE('',#6052,#6062,#6064,.T.);
#6062 = VERTEX_POINT('',#6063);
#6063 = CARTESIAN_POINT('',(-367.5,-182.5,450.));
#6064 = LINE('',#6065,#6066);
#6065 = CARTESIAN_POINT('',(-367.5,-217.5,450.));
#6066 = VECTOR('',#6067,1.);
#6067 = DIRECTION('',(0.,1.,0.));
#6068 = ORIENTED_EDGE('',*,*,#6069,.T.);
#6069 = EDGE_CURVE('',#6062,#6070,#6072,.T.);
#6070 = VERTEX_POINT('',#6071);
#6071 = CARTESIAN_POINT('',(-367.5,-182.5,640.));
#6072 = LINE('',#6073,#6074);
#6073 = CARTESIAN_POINT('',(-367.5,-182.5,450.));
#6074 = VECTOR('',#6075,1.);
#6075 = DIRECTION('',(0.,0.,1.));
#6076 = ORIENTED_EDGE('',*,*,#6077,.F.);
#6077 = EDGE_CURVE('',#6054,#6070,#6078,.T.);
#6078 = LINE('',#6079,#6080);
#6079 = CARTESIAN_POINT('',(-367.5,-217.5,640.));
#6080 = VECTOR('',#6081,1.);
#6081 = DIRECTION('',(0.,1.,0.));
#6082 = PLANE('',#6083);
#6083 = AXIS2_PLACEMENT_3D('',#6084,#6085,#6086);
#6084 = CARTESIAN_POINT('',(-367.5,-217.5,450.));
#6085 = DIRECTION('',(1.,0.,0.));
#6086 = DIRECTION('',(0.,0.,1.));
#6087 = ADVANCED_FACE('',(#6088),#6113,.F.);
#6088 = FACE_BOUND('',#6089,.F.);
#6089 = EDGE_LOOP('',(#6090,#6098,#6099,#6107));
#6090 = ORIENTED_EDGE('',*,*,#6091,.F.);
#6091 = EDGE_CURVE('',#6052,#6092,#6094,.T.);
#6092 = VERTEX_POINT('',#6093);
#6093 = CARTESIAN_POINT('',(-332.5,-217.5,450.));
#6094 = LINE('',#6095,#6096);
#6095 = CARTESIAN_POINT('',(-367.5,-217.5,450.));
#6096 = VECTOR('',#6097,1.);
#6097 = DIRECTION('',(1.,0.,0.));
#6098 = ORIENTED_EDGE('',*,*,#6051,.T.);
#6099 = ORIENTED_EDGE('',*,*,#6100,.T.);
#6100 = EDGE_CURVE('',#6054,#6101,#6103,.T.);
#6101 = VERTEX_POINT('',#6102);
#6102 = CARTESIAN_POINT('',(-332.5,-217.5,640.));
#6103 = LINE('',#6104,#6105);
#6104 = CARTESIAN_POINT('',(-367.5,-217.5,640.));
#6105 = VECTOR('',#6106,1.);
#6106 = DIRECTION('',(1.,0.,0.));
#6107 = ORIENTED_EDGE('',*,*,#6108,.F.);
#6108 = EDGE_CURVE('',#6092,#6101,#6109,.T.);
#6109 = LINE('',#6110,#6111);
#6110 = CARTESIAN_POINT('',(-332.5,-217.5,450.));
#6111 = VECTOR('',#6112,1.);
#6112 = DIRECTION('',(0.,0.,1.));
#6113 = PLANE('',#6114);
#6114 = AXIS2_PLACEMENT_3D('',#6115,#6116,#6117);
#6115 = CARTESIAN_POINT('',(-367.5,-217.5,450.));
#6116 = DIRECTION('',(0.,1.,0.));
#6117 = DIRECTION('',(0.,0.,1.));
#6118 = ADVANCED_FACE('',(#6119),#6137,.T.);
#6119 = FACE_BOUND('',#6120,.T.);
#6120 = EDGE_LOOP('',(#6121,#6122,#6123,#6131));
#6121 = ORIENTED_EDGE('',*,*,#6077,.F.);
#6122 = ORIENTED_EDGE('',*,*,#6100,.T.);
#6123 = ORIENTED_EDGE('',*,*,#6124,.T.);
#6124 = EDGE_CURVE('',#6101,#6125,#6127,.T.);
#6125 = VERTEX_POINT('',#6126);
#6126 = CARTESIAN_POINT('',(-332.5,-182.5,640.));
#6127 = LINE('',#6128,#6129);
#6128 = CARTESIAN_POINT('',(-332.5,-217.5,640.));
#6129 = VECTOR('',#6130,1.);
#6130 = DIRECTION('',(0.,1.,0.));
#6131 = ORIENTED_EDGE('',*,*,#6132,.F.);
#6132 = EDGE_CURVE('',#6070,#6125,#6133,.T.);
#6133 = LINE('',#6134,#6135);
#6134 = CARTESIAN_POINT('',(-367.5,-182.5,640.));
#6135 = VECTOR('',#6136,1.);
#6136 = DIRECTION('',(1.,0.,0.));
#6137 = PLANE('',#6138);
#6138 = AXIS2_PLACEMENT_3D('',#6139,#6140,#6141);
#6139 = CARTESIAN_POINT('',(-367.5,-217.5,640.));
#6140 = DIRECTION('',(0.,0.,1.));
#6141 = DIRECTION('',(1.,0.,0.));
#6142 = ADVANCED_FACE('',(#6143),#6161,.T.);
#6143 = FACE_BOUND('',#6144,.T.);
#6144 = EDGE_LOOP('',(#6145,#6153,#6154,#6155));
#6145 = ORIENTED_EDGE('',*,*,#6146,.F.);
#6146 = EDGE_CURVE('',#6062,#6147,#6149,.T.);
#6147 = VERTEX_POINT('',#6148);
#6148 = CARTESIAN_POINT('',(-332.5,-182.5,450.));
#6149 = LINE('',#6150,#6151);
#6150 = CARTESIAN_POINT('',(-367.5,-182.5,450.));
#6151 = VECTOR('',#6152,1.);
#6152 = DIRECTION('',(1.,0.,0.));
#6153 = ORIENTED_EDGE('',*,*,#6069,.T.);
#6154 = ORIENTED_EDGE('',*,*,#6132,.T.);
#6155 = ORIENTED_EDGE('',*,*,#6156,.F.);
#6156 = EDGE_CURVE('',#6147,#6125,#6157,.T.);
#6157 = LINE('',#6158,#6159);
#6158 = CARTESIAN_POINT('',(-332.5,-182.5,450.));
#6159 = VECTOR('',#6160,1.);
#6160 = DIRECTION('',(0.,0.,1.));
#6161 = PLANE('',#6162);
#6162 = AXIS2_PLACEMENT_3D('',#6163,#6164,#6165);
#6163 = CARTESIAN_POINT('',(-367.5,-182.5,450.));
#6164 = DIRECTION('',(0.,1.,0.));
#6165 = DIRECTION('',(0.,0.,1.));
#6166 = ADVANCED_FACE('',(#6167),#6178,.F.);
#6167 = FACE_BOUND('',#6168,.F.);
#6168 = EDGE_LOOP('',(#6169,#6170,#6171,#6177));
#6169 = ORIENTED_EDGE('',*,*,#6061,.F.);
#6170 = ORIENTED_EDGE('',*,*,#6091,.T.);
#6171 = ORIENTED_EDGE('',*,*,#6172,.T.);
#6172 = EDGE_CURVE('',#6092,#6147,#6173,.T.);
#6173 = LINE('',#6174,#6175);
#6174 = CARTESIAN_POINT('',(-332.5,-217.5,450.));
#6175 = VECTOR('',#6176,1.);
#6176 = DIRECTION('',(0.,1.,0.));
#6177 = ORIENTED_EDGE('',*,*,#6146,.F.);
#6178 = PLANE('',#6179);
#6179 = AXIS2_PLACEMENT_3D('',#6180,#6181,#6182);
#6180 = CARTESIAN_POINT('',(-367.5,-217.5,450.));
#6181 = DIRECTION('',(0.,0.,1.));
#6182 = DIRECTION('',(1.,0.,0.));
#6183 = ADVANCED_FACE('',(#6184),#6190,.T.);
#6184 = FACE_BOUND('',#6185,.T.);
#6185 = EDGE_LOOP('',(#6186,#6187,#6188,#6189));
#6186 = ORIENTED_EDGE('',*,*,#6108,.F.);
#6187 = ORIENTED_EDGE('',*,*,#6172,.T.);
#6188 = ORIENTED_EDGE('',*,*,#6156,.T.);
#6189 = ORIENTED_EDGE('',*,*,#6124,.F.);
#6190 = PLANE('',#6191);
#6191 = AXIS2_PLACEMENT_3D('',#6192,#6193,#6194);
#6192 = CARTESIAN_POINT('',(-332.5,-217.5,450.));
#6193 = DIRECTION('',(1.,0.,0.));
#6194 = DIRECTION('',(0.,0.,1.));
#6195 = ORIENTED_CLOSED_SHELL('',*,#6196,.F.);
#6196 = CLOSED_SHELL('',(#6197,#6237,#6268,#6292,#6316,#6333));
#6197 = ADVANCED_FACE('',(#6198),#6232,.F.);
#6198 = FACE_BOUND('',#6199,.F.);
#6199 = EDGE_LOOP('',(#6200,#6210,#6218,#6226));
#6200 = ORIENTED_EDGE('',*,*,#6201,.F.);
#6201 = EDGE_CURVE('',#6202,#6204,#6206,.T.);
#6202 = VERTEX_POINT('',#6203);
#6203 = CARTESIAN_POINT('',(-364.5,-214.5,453.));
#6204 = VERTEX_POINT('',#6205);
#6205 = CARTESIAN_POINT('',(-364.5,-214.5,637.));
#6206 = LINE('',#6207,#6208);
#6207 = CARTESIAN_POINT('',(-364.5,-214.5,453.));
#6208 = VECTOR('',#6209,1.);
#6209 = DIRECTION('',(0.,0.,1.));
#6210 = ORIENTED_EDGE('',*,*,#6211,.T.);
#6211 = EDGE_CURVE('',#6202,#6212,#6214,.T.);
#6212 = VERTEX_POINT('',#6213);
#6213 = CARTESIAN_POINT('',(-364.5,-185.5,453.));
#6214 = LINE('',#6215,#6216);
#6215 = CARTESIAN_POINT('',(-364.5,-214.5,453.));
#6216 = VECTOR('',#6217,1.);
#6217 = DIRECTION('',(0.,1.,0.));
#6218 = ORIENTED_EDGE('',*,*,#6219,.T.);
#6219 = EDGE_CURVE('',#6212,#6220,#6222,.T.);
#6220 = VERTEX_POINT('',#6221);
#6221 = CARTESIAN_POINT('',(-364.5,-185.5,637.));
#6222 = LINE('',#6223,#6224);
#6223 = CARTESIAN_POINT('',(-364.5,-185.5,453.));
#6224 = VECTOR('',#6225,1.);
#6225 = DIRECTION('',(0.,0.,1.));
#6226 = ORIENTED_EDGE('',*,*,#6227,.F.);
#6227 = EDGE_CURVE('',#6204,#6220,#6228,.T.);
#6228 = LINE('',#6229,#6230);
#6229 = CARTESIAN_POINT('',(-364.5,-214.5,637.));
#6230 = VECTOR('',#6231,1.);
#6231 = DIRECTION('',(0.,1.,0.));
#6232 = PLANE('',#6233);
#6233 = AXIS2_PLACEMENT_3D('',#6234,#6235,#6236);
#6234 = CARTESIAN_POINT('',(-364.5,-214.5,453.));
#6235 = DIRECTION('',(1.,0.,0.));
#6236 = DIRECTION('',(0.,0.,1.));
#6237 = ADVANCED_FACE('',(#6238),#6263,.F.);
#6238 = FACE_BOUND('',#6239,.F.);
#6239 = EDGE_LOOP('',(#6240,#6248,#6249,#6257));
#6240 = ORIENTED_EDGE('',*,*,#6241,.F.);
#6241 = EDGE_CURVE('',#6202,#6242,#6244,.T.);
#6242 = VERTEX_POINT('',#6243);
#6243 = CARTESIAN_POINT('',(-335.5,-214.5,453.));
#6244 = LINE('',#6245,#6246);
#6245 = CARTESIAN_POINT('',(-364.5,-214.5,453.));
#6246 = VECTOR('',#6247,1.);
#6247 = DIRECTION('',(1.,0.,0.));
#6248 = ORIENTED_EDGE('',*,*,#6201,.T.);
#6249 = ORIENTED_EDGE('',*,*,#6250,.T.);
#6250 = EDGE_CURVE('',#6204,#6251,#6253,.T.);
#6251 = VERTEX_POINT('',#6252);
#6252 = CARTESIAN_POINT('',(-335.5,-214.5,637.));
#6253 = LINE('',#6254,#6255);
#6254 = CARTESIAN_POINT('',(-364.5,-214.5,637.));
#6255 = VECTOR('',#6256,1.);
#6256 = DIRECTION('',(1.,0.,0.));
#6257 = ORIENTED_EDGE('',*,*,#6258,.F.);
#6258 = EDGE_CURVE('',#6242,#6251,#6259,.T.);
#6259 = LINE('',#6260,#6261);
#6260 = CARTESIAN_POINT('',(-335.5,-214.5,453.));
#6261 = VECTOR('',#6262,1.);
#6262 = DIRECTION('',(0.,0.,1.));
#6263 = PLANE('',#6264);
#6264 = AXIS2_PLACEMENT_3D('',#6265,#6266,#6267);
#6265 = CARTESIAN_POINT('',(-364.5,-214.5,453.));
#6266 = DIRECTION('',(0.,1.,0.));
#6267 = DIRECTION('',(0.,0.,1.));
#6268 = ADVANCED_FACE('',(#6269),#6287,.T.);
#6269 = FACE_BOUND('',#6270,.T.);
#6270 = EDGE_LOOP('',(#6271,#6272,#6273,#6281));
#6271 = ORIENTED_EDGE('',*,*,#6227,.F.);
#6272 = ORIENTED_EDGE('',*,*,#6250,.T.);
#6273 = ORIENTED_EDGE('',*,*,#6274,.T.);
#6274 = EDGE_CURVE('',#6251,#6275,#6277,.T.);
#6275 = VERTEX_POINT('',#6276);
#6276 = CARTESIAN_POINT('',(-335.5,-185.5,637.));
#6277 = LINE('',#6278,#6279);
#6278 = CARTESIAN_POINT('',(-335.5,-214.5,637.));
#6279 = VECTOR('',#6280,1.);
#6280 = DIRECTION('',(0.,1.,0.));
#6281 = ORIENTED_EDGE('',*,*,#6282,.F.);
#6282 = EDGE_CURVE('',#6220,#6275,#6283,.T.);
#6283 = LINE('',#6284,#6285);
#6284 = CARTESIAN_POINT('',(-364.5,-185.5,637.));
#6285 = VECTOR('',#6286,1.);
#6286 = DIRECTION('',(1.,0.,0.));
#6287 = PLANE('',#6288);
#6288 = AXIS2_PLACEMENT_3D('',#6289,#6290,#6291);
#6289 = CARTESIAN_POINT('',(-364.5,-214.5,637.));
#6290 = DIRECTION('',(0.,0.,1.));
#6291 = DIRECTION('',(1.,0.,0.));
#6292 = ADVANCED_FACE('',(#6293),#6311,.T.);
#6293 = FACE_BOUND('',#6294,.T.);
#6294 = EDGE_LOOP('',(#6295,#6303,#6304,#6305));
#6295 = ORIENTED_EDGE('',*,*,#6296,.F.);
#6296 = EDGE_CURVE('',#6212,#6297,#6299,.T.);
#6297 = VERTEX_POINT('',#6298);
#6298 = CARTESIAN_POINT('',(-335.5,-185.5,453.));
#6299 = LINE('',#6300,#6301);
#6300 = CARTESIAN_POINT('',(-364.5,-185.5,453.));
#6301 = VECTOR('',#6302,1.);
#6302 = DIRECTION('',(1.,0.,0.));
#6303 = ORIENTED_EDGE('',*,*,#6219,.T.);
#6304 = ORIENTED_EDGE('',*,*,#6282,.T.);
#6305 = ORIENTED_EDGE('',*,*,#6306,.F.);
#6306 = EDGE_CURVE('',#6297,#6275,#6307,.T.);
#6307 = LINE('',#6308,#6309);
#6308 = CARTESIAN_POINT('',(-335.5,-185.5,453.));
#6309 = VECTOR('',#6310,1.);
#6310 = DIRECTION('',(0.,0.,1.));
#6311 = PLANE('',#6312);
#6312 = AXIS2_PLACEMENT_3D('',#6313,#6314,#6315);
#6313 = CARTESIAN_POINT('',(-364.5,-185.5,453.));
#6314 = DIRECTION('',(0.,1.,0.));
#6315 = DIRECTION('',(0.,0.,1.));
#6316 = ADVANCED_FACE('',(#6317),#6328,.F.);
#6317 = FACE_BOUND('',#6318,.F.);
#6318 = EDGE_LOOP('',(#6319,#6320,#6321,#6327));
#6319 = ORIENTED_EDGE('',*,*,#6211,.F.);
#6320 = ORIENTED_EDGE('',*,*,#6241,.T.);
#6321 = ORIENTED_EDGE('',*,*,#6322,.T.);
#6322 = EDGE_CURVE('',#6242,#6297,#6323,.T.);
#6323 = LINE('',#6324,#6325);
#6324 = CARTESIAN_POINT('',(-335.5,-214.5,453.));
#6325 = VECTOR('',#6326,1.);
#6326 = DIRECTION('',(0.,1.,0.));
#6327 = ORIENTED_EDGE('',*,*,#6296,.F.);
#6328 = PLANE('',#6329);
#6329 = AXIS2_PLACEMENT_3D('',#6330,#6331,#6332);
#6330 = CARTESIAN_POINT('',(-364.5,-214.5,453.));
#6331 = DIRECTION('',(0.,0.,1.));
#6332 = DIRECTION('',(1.,0.,0.));
#6333 = ADVANCED_FACE('',(#6334),#6340,.T.);
#6334 = FACE_BOUND('',#6335,.T.);
#6335 = EDGE_LOOP('',(#6336,#6337,#6338,#6339));
#6336 = ORIENTED_EDGE('',*,*,#6258,.F.);
#6337 = ORIENTED_EDGE('',*,*,#6322,.T.);
#6338 = ORIENTED_EDGE('',*,*,#6306,.T.);
#6339 = ORIENTED_EDGE('',*,*,#6274,.F.);
#6340 = PLANE('',#6341);
#6341 = AXIS2_PLACEMENT_3D('',#6342,#6343,#6344);
#6342 = CARTESIAN_POINT('',(-335.5,-214.5,453.));
#6343 = DIRECTION('',(1.,0.,0.));
#6344 = DIRECTION('',(0.,0.,1.));
#6345 = BREP_WITH_VOIDS('',#6346,(#6495));
#6346 = CLOSED_SHELL('',(#6347,#6387,#6418,#6442,#6466,#6483));
#6347 = ADVANCED_FACE('',(#6348),#6382,.F.);
#6348 = FACE_BOUND('',#6349,.F.);
#6349 = EDGE_LOOP('',(#6350,#6360,#6368,#6376));
#6350 = ORIENTED_EDGE('',*,*,#6351,.F.);
#6351 = EDGE_CURVE('',#6352,#6354,#6356,.T.);
#6352 = VERTEX_POINT('',#6353);
#6353 = CARTESIAN_POINT('',(-367.5,-217.5,645.));
#6354 = VERTEX_POINT('',#6355);
#6355 = CARTESIAN_POINT('',(-367.5,-217.5,2.05E+03));
#6356 = LINE('',#6357,#6358);
#6357 = CARTESIAN_POINT('',(-367.5,-217.5,645.));
#6358 = VECTOR('',#6359,1.);
#6359 = DIRECTION('',(0.,0.,1.));
#6360 = ORIENTED_EDGE('',*,*,#6361,.T.);
#6361 = EDGE_CURVE('',#6352,#6362,#6364,.T.);
#6362 = VERTEX_POINT('',#6363);
#6363 = CARTESIAN_POINT('',(-367.5,-182.5,645.));
#6364 = LINE('',#6365,#6366);
#6365 = CARTESIAN_POINT('',(-367.5,-217.5,645.));
#6366 = VECTOR('',#6367,1.);
#6367 = DIRECTION('',(0.,1.,0.));
#6368 = ORIENTED_EDGE('',*,*,#6369,.T.);
#6369 = EDGE_CURVE('',#6362,#6370,#6372,.T.);
#6370 = VERTEX_POINT('',#6371);
#6371 = CARTESIAN_POINT('',(-367.5,-182.5,2.05E+03));
#6372 = LINE('',#6373,#6374);
#6373 = CARTESIAN_POINT('',(-367.5,-182.5,645.));
#6374 = VECTOR('',#6375,1.);
#6375 = DIRECTION('',(0.,0.,1.));
#6376 = ORIENTED_EDGE('',*,*,#6377,.F.);
#6377 = EDGE_CURVE('',#6354,#6370,#6378,.T.);
#6378 = LINE('',#6379,#6380);
#6379 = CARTESIAN_POINT('',(-367.5,-217.5,2.05E+03));
#6380 = VECTOR('',#6381,1.);
#6381 = DIRECTION('',(0.,1.,0.));
#6382 = PLANE('',#6383);
#6383 = AXIS2_PLACEMENT_3D('',#6384,#6385,#6386);
#6384 = CARTESIAN_POINT('',(-367.5,-217.5,645.));
#6385 = DIRECTION('',(1.,0.,0.));
#6386 = DIRECTION('',(0.,0.,1.));
#6387 = ADVANCED_FACE('',(#6388),#6413,.F.);
#6388 = FACE_BOUND('',#6389,.F.);
#6389 = EDGE_LOOP('',(#6390,#6398,#6399,#6407));
#6390 = ORIENTED_EDGE('',*,*,#6391,.F.);
#6391 = EDGE_CURVE('',#6352,#6392,#6394,.T.);
#6392 = VERTEX_POINT('',#6393);
#6393 = CARTESIAN_POINT('',(-332.5,-217.5,645.));
#6394 = LINE('',#6395,#6396);
#6395 = CARTESIAN_POINT('',(-367.5,-217.5,645.));
#6396 = VECTOR('',#6397,1.);
#6397 = DIRECTION('',(1.,0.,0.));
#6398 = ORIENTED_EDGE('',*,*,#6351,.T.);
#6399 = ORIENTED_EDGE('',*,*,#6400,.T.);
#6400 = EDGE_CURVE('',#6354,#6401,#6403,.T.);
#6401 = VERTEX_POINT('',#6402);
#6402 = CARTESIAN_POINT('',(-332.5,-217.5,2.05E+03));
#6403 = LINE('',#6404,#6405);
#6404 = CARTESIAN_POINT('',(-367.5,-217.5,2.05E+03));
#6405 = VECTOR('',#6406,1.);
#6406 = DIRECTION('',(1.,0.,0.));
#6407 = ORIENTED_EDGE('',*,*,#6408,.F.);
#6408 = EDGE_CURVE('',#6392,#6401,#6409,.T.);
#6409 = LINE('',#6410,#6411);
#6410 = CARTESIAN_POINT('',(-332.5,-217.5,645.));
#6411 = VECTOR('',#6412,1.);
#6412 = DIRECTION('',(0.,0.,1.));
#6413 = PLANE('',#6414);
#6414 = AXIS2_PLACEMENT_3D('',#6415,#6416,#6417);
#6415 = CARTESIAN_POINT('',(-367.5,-217.5,645.));
#6416 = DIRECTION('',(0.,1.,0.));
#6417 = DIRECTION('',(0.,0.,1.));
#6418 = ADVANCED_FACE('',(#6419),#6437,.T.);
#6419 = FACE_BOUND('',#6420,.T.);
#6420 = EDGE_LOOP('',(#6421,#6422,#6423,#6431));
#6421 = ORIENTED_EDGE('',*,*,#6377,.F.);
#6422 = ORIENTED_EDGE('',*,*,#6400,.T.);
#6423 = ORIENTED_EDGE('',*,*,#6424,.T.);
#6424 = EDGE_CURVE('',#6401,#6425,#6427,.T.);
#6425 = VERTEX_POINT('',#6426);
#6426 = CARTESIAN_POINT('',(-332.5,-182.5,2.05E+03));
#6427 = LINE('',#6428,#6429);
#6428 = CARTESIAN_POINT('',(-332.5,-217.5,2.05E+03));
#6429 = VECTOR('',#6430,1.);
#6430 = DIRECTION('',(0.,1.,0.));
#6431 = ORIENTED_EDGE('',*,*,#6432,.F.);
#6432 = EDGE_CURVE('',#6370,#6425,#6433,.T.);
#6433 = LINE('',#6434,#6435);
#6434 = CARTESIAN_POINT('',(-367.5,-182.5,2.05E+03));
#6435 = VECTOR('',#6436,1.);
#6436 = DIRECTION('',(1.,0.,0.));
#6437 = PLANE('',#6438);
#6438 = AXIS2_PLACEMENT_3D('',#6439,#6440,#6441);
#6439 = CARTESIAN_POINT('',(-367.5,-217.5,2.05E+03));
#6440 = DIRECTION('',(0.,0.,1.));
#6441 = DIRECTION('',(1.,0.,0.));
#6442 = ADVANCED_FACE('',(#6443),#6461,.T.);
#6443 = FACE_BOUND('',#6444,.T.);
#6444 = EDGE_LOOP('',(#6445,#6453,#6454,#6455));
#6445 = ORIENTED_EDGE('',*,*,#6446,.F.);
#6446 = EDGE_CURVE('',#6362,#6447,#6449,.T.);
#6447 = VERTEX_POINT('',#6448);
#6448 = CARTESIAN_POINT('',(-332.5,-182.5,645.));
#6449 = LINE('',#6450,#6451);
#6450 = CARTESIAN_POINT('',(-367.5,-182.5,645.));
#6451 = VECTOR('',#6452,1.);
#6452 = DIRECTION('',(1.,0.,0.));
#6453 = ORIENTED_EDGE('',*,*,#6369,.T.);
#6454 = ORIENTED_EDGE('',*,*,#6432,.T.);
#6455 = ORIENTED_EDGE('',*,*,#6456,.F.);
#6456 = EDGE_CURVE('',#6447,#6425,#6457,.T.);
#6457 = LINE('',#6458,#6459);
#6458 = CARTESIAN_POINT('',(-332.5,-182.5,645.));
#6459 = VECTOR('',#6460,1.);
#6460 = DIRECTION('',(0.,0.,1.));
#6461 = PLANE('',#6462);
#6462 = AXIS2_PLACEMENT_3D('',#6463,#6464,#6465);
#6463 = CARTESIAN_POINT('',(-367.5,-182.5,645.));
#6464 = DIRECTION('',(0.,1.,0.));
#6465 = DIRECTION('',(0.,0.,1.));
#6466 = ADVANCED_FACE('',(#6467),#6478,.F.);
#6467 = FACE_BOUND('',#6468,.F.);
#6468 = EDGE_LOOP('',(#6469,#6470,#6471,#6477));
#6469 = ORIENTED_EDGE('',*,*,#6361,.F.);
#6470 = ORIENTED_EDGE('',*,*,#6391,.T.);
#6471 = ORIENTED_EDGE('',*,*,#6472,.T.);
#6472 = EDGE_CURVE('',#6392,#6447,#6473,.T.);
#6473 = LINE('',#6474,#6475);
#6474 = CARTESIAN_POINT('',(-332.5,-217.5,645.));
#6475 = VECTOR('',#6476,1.);
#6476 = DIRECTION('',(0.,1.,0.));
#6477 = ORIENTED_EDGE('',*,*,#6446,.F.);
#6478 = PLANE('',#6479);
#6479 = AXIS2_PLACEMENT_3D('',#6480,#6481,#6482);
#6480 = CARTESIAN_POINT('',(-367.5,-217.5,645.));
#6481 = DIRECTION('',(0.,0.,1.));
#6482 = DIRECTION('',(1.,0.,0.));
#6483 = ADVANCED_FACE('',(#6484),#6490,.T.);
#6484 = FACE_BOUND('',#6485,.T.);
#6485 = EDGE_LOOP('',(#6486,#6487,#6488,#6489));
#6486 = ORIENTED_EDGE('',*,*,#6408,.F.);
#6487 = ORIENTED_EDGE('',*,*,#6472,.T.);
#6488 = ORIENTED_EDGE('',*,*,#6456,.T.);
#6489 = ORIENTED_EDGE('',*,*,#6424,.F.);
#6490 = PLANE('',#6491);
#6491 = AXIS2_PLACEMENT_3D('',#6492,#6493,#6494);
#6492 = CARTESIAN_POINT('',(-332.5,-217.5,645.));
#6493 = DIRECTION('',(1.,0.,0.));
#6494 = DIRECTION('',(0.,0.,1.));
#6495 = ORIENTED_CLOSED_SHELL('',*,#6496,.F.);
#6496 = CLOSED_SHELL('',(#6497,#6537,#6568,#6592,#6616,#6633));
#6497 = ADVANCED_FACE('',(#6498),#6532,.F.);
#6498 = FACE_BOUND('',#6499,.F.);
#6499 = EDGE_LOOP('',(#6500,#6510,#6518,#6526));
#6500 = ORIENTED_EDGE('',*,*,#6501,.F.);
#6501 = EDGE_CURVE('',#6502,#6504,#6506,.T.);
#6502 = VERTEX_POINT('',#6503);
#6503 = CARTESIAN_POINT('',(-364.5,-214.5,648.));
#6504 = VERTEX_POINT('',#6505);
#6505 = CARTESIAN_POINT('',(-364.5,-214.5,2.047E+03));
#6506 = LINE('',#6507,#6508);
#6507 = CARTESIAN_POINT('',(-364.5,-214.5,648.));
#6508 = VECTOR('',#6509,1.);
#6509 = DIRECTION('',(0.,0.,1.));
#6510 = ORIENTED_EDGE('',*,*,#6511,.T.);
#6511 = EDGE_CURVE('',#6502,#6512,#6514,.T.);
#6512 = VERTEX_POINT('',#6513);
#6513 = CARTESIAN_POINT('',(-364.5,-185.5,648.));
#6514 = LINE('',#6515,#6516);
#6515 = CARTESIAN_POINT('',(-364.5,-214.5,648.));
#6516 = VECTOR('',#6517,1.);
#6517 = DIRECTION('',(0.,1.,0.));
#6518 = ORIENTED_EDGE('',*,*,#6519,.T.);
#6519 = EDGE_CURVE('',#6512,#6520,#6522,.T.);
#6520 = VERTEX_POINT('',#6521);
#6521 = CARTESIAN_POINT('',(-364.5,-185.5,2.047E+03));
#6522 = LINE('',#6523,#6524);
#6523 = CARTESIAN_POINT('',(-364.5,-185.5,648.));
#6524 = VECTOR('',#6525,1.);
#6525 = DIRECTION('',(0.,0.,1.));
#6526 = ORIENTED_EDGE('',*,*,#6527,.F.);
#6527 = EDGE_CURVE('',#6504,#6520,#6528,.T.);
#6528 = LINE('',#6529,#6530);
#6529 = CARTESIAN_POINT('',(-364.5,-214.5,2.047E+03));
#6530 = VECTOR('',#6531,1.);
#6531 = DIRECTION('',(0.,1.,0.));
#6532 = PLANE('',#6533);
#6533 = AXIS2_PLACEMENT_3D('',#6534,#6535,#6536);
#6534 = CARTESIAN_POINT('',(-364.5,-214.5,648.));
#6535 = DIRECTION('',(1.,0.,0.));
#6536 = DIRECTION('',(0.,0.,1.));
#6537 = ADVANCED_FACE('',(#6538),#6563,.F.);
#6538 = FACE_BOUND('',#6539,.F.);
#6539 = EDGE_LOOP('',(#6540,#6548,#6549,#6557));
#6540 = ORIENTED_EDGE('',*,*,#6541,.F.);
#6541 = EDGE_CURVE('',#6502,#6542,#6544,.T.);
#6542 = VERTEX_POINT('',#6543);
#6543 = CARTESIAN_POINT('',(-335.5,-214.5,648.));
#6544 = LINE('',#6545,#6546);
#6545 = CARTESIAN_POINT('',(-364.5,-214.5,648.));
#6546 = VECTOR('',#6547,1.);
#6547 = DIRECTION('',(1.,0.,0.));
#6548 = ORIENTED_EDGE('',*,*,#6501,.T.);
#6549 = ORIENTED_EDGE('',*,*,#6550,.T.);
#6550 = EDGE_CURVE('',#6504,#6551,#6553,.T.);
#6551 = VERTEX_POINT('',#6552);
#6552 = CARTESIAN_POINT('',(-335.5,-214.5,2.047E+03));
#6553 = LINE('',#6554,#6555);
#6554 = CARTESIAN_POINT('',(-364.5,-214.5,2.047E+03));
#6555 = VECTOR('',#6556,1.);
#6556 = DIRECTION('',(1.,0.,0.));
#6557 = ORIENTED_EDGE('',*,*,#6558,.F.);
#6558 = EDGE_CURVE('',#6542,#6551,#6559,.T.);
#6559 = LINE('',#6560,#6561);
#6560 = CARTESIAN_POINT('',(-335.5,-214.5,648.));
#6561 = VECTOR('',#6562,1.);
#6562 = DIRECTION('',(0.,0.,1.));
#6563 = PLANE('',#6564);
#6564 = AXIS2_PLACEMENT_3D('',#6565,#6566,#6567);
#6565 = CARTESIAN_POINT('',(-364.5,-214.5,648.));
#6566 = DIRECTION('',(0.,1.,0.));
#6567 = DIRECTION('',(0.,0.,1.));
#6568 = ADVANCED_FACE('',(#6569),#6587,.T.);
#6569 = FACE_BOUND('',#6570,.T.);
#6570 = EDGE_LOOP('',(#6571,#6572,#6573,#6581));
#6571 = ORIENTED_EDGE('',*,*,#6527,.F.);
#6572 = ORIENTED_EDGE('',*,*,#6550,.T.);
#6573 = ORIENTED_EDGE('',*,*,#6574,.T.);
#6574 = EDGE_CURVE('',#6551,#6575,#6577,.T.);
#6575 = VERTEX_POINT('',#6576);
#6576 = CARTESIAN_POINT('',(-335.5,-185.5,2.047E+03));
#6577 = LINE('',#6578,#6579);
#6578 = CARTESIAN_POINT('',(-335.5,-214.5,2.047E+03));
#6579 = VECTOR('',#6580,1.);
#6580 = DIRECTION('',(0.,1.,0.));
#6581 = ORIENTED_EDGE('',*,*,#6582,.F.);
#6582 = EDGE_CURVE('',#6520,#6575,#6583,.T.);
#6583 = LINE('',#6584,#6585);
#6584 = CARTESIAN_POINT('',(-364.5,-185.5,2.047E+03));
#6585 = VECTOR('',#6586,1.);
#6586 = DIRECTION('',(1.,0.,0.));
#6587 = PLANE('',#6588);
#6588 = AXIS2_PLACEMENT_3D('',#6589,#6590,#6591);
#6589 = CARTESIAN_POINT('',(-364.5,-214.5,2.047E+03));
#6590 = DIRECTION('',(0.,0.,1.));
#6591 = DIRECTION('',(1.,0.,0.));
#6592 = ADVANCED_FACE('',(#6593),#6611,.T.);
#6593 = FACE_BOUND('',#6594,.T.);
#6594 = EDGE_LOOP('',(#6595,#6603,#6604,#6605));
#6595 = ORIENTED_EDGE('',*,*,#6596,.F.);
#6596 = EDGE_CURVE('',#6512,#6597,#6599,.T.);
#6597 = VERTEX_POINT('',#6598);
#6598 = CARTESIAN_POINT('',(-335.5,-185.5,648.));
#6599 = LINE('',#6600,#6601);
#6600 = CARTESIAN_POINT('',(-364.5,-185.5,648.));
#6601 = VECTOR('',#6602,1.);
#6602 = DIRECTION('',(1.,0.,0.));
#6603 = ORIENTED_EDGE('',*,*,#6519,.T.);
#6604 = ORIENTED_EDGE('',*,*,#6582,.T.);
#6605 = ORIENTED_EDGE('',*,*,#6606,.F.);
#6606 = EDGE_CURVE('',#6597,#6575,#6607,.T.);
#6607 = LINE('',#6608,#6609);
#6608 = CARTESIAN_POINT('',(-335.5,-185.5,648.));
#6609 = VECTOR('',#6610,1.);
#6610 = DIRECTION('',(0.,0.,1.));
#6611 = PLANE('',#6612);
#6612 = AXIS2_PLACEMENT_3D('',#6613,#6614,#6615);
#6613 = CARTESIAN_POINT('',(-364.5,-185.5,648.));
#6614 = DIRECTION('',(0.,1.,0.));
#6615 = DIRECTION('',(0.,0.,1.));
#6616 = ADVANCED_FACE('',(#6617),#6628,.F.);
#6617 = FACE_BOUND('',#6618,.F.);
#6618 = EDGE_LOOP('',(#6619,#6620,#6621,#6627));
#6619 = ORIENTED_EDGE('',*,*,#6511,.F.);
#6620 = ORIENTED_EDGE('',*,*,#6541,.T.);
#6621 = ORIENTED_EDGE('',*,*,#6622,.T.);
#6622 = EDGE_CURVE('',#6542,#6597,#6623,.T.);
#6623 = LINE('',#6624,#6625);
#6624 = CARTESIAN_POINT('',(-335.5,-214.5,648.));
#6625 = VECTOR('',#6626,1.);
#6626 = DIRECTION('',(0.,1.,0.));
#6627 = ORIENTED_EDGE('',*,*,#6596,.F.);
#6628 = PLANE('',#6629);
#6629 = AXIS2_PLACEMENT_3D('',#6630,#6631,#6632);
#6630 = CARTESIAN_POINT('',(-364.5,-214.5,648.));
#6631 = DIRECTION('',(0.,0.,1.));
#6632 = DIRECTION('',(1.,0.,0.));
#6633 = ADVANCED_FACE('',(#6634),#6640,.T.);
#6634 = FACE_BOUND('',#6635,.T.);
#6635 = EDGE_LOOP('',(#6636,#6637,#6638,#6639));
#6636 = ORIENTED_EDGE('',*,*,#6558,.F.);
#6637 = ORIENTED_EDGE('',*,*,#6622,.T.);
#6638 = ORIENTED_EDGE('',*,*,#6606,.T.);
#6639 = ORIENTED_EDGE('',*,*,#6574,.F.);
#6640 = PLANE('',#6641);
#6641 = AXIS2_PLACEMENT_3D('',#6642,#6643,#6644);
#6642 = CARTESIAN_POINT('',(-335.5,-214.5,648.));
#6643 = DIRECTION('',(1.,0.,0.));
#6644 = DIRECTION('',(0.,0.,1.));
#6645 = BREP_WITH_VOIDS('',#6646,(#6795));
#6646 = CLOSED_SHELL('',(#6647,#6687,#6718,#6742,#6766,#6783));
#6647 = ADVANCED_FACE('',(#6648),#6682,.F.);
#6648 = FACE_BOUND('',#6649,.F.);
#6649 = EDGE_LOOP('',(#6650,#6660,#6668,#6676));
#6650 = ORIENTED_EDGE('',*,*,#6651,.F.);
#6651 = EDGE_CURVE('',#6652,#6654,#6656,.T.);
#6652 = VERTEX_POINT('',#6653);
#6653 = CARTESIAN_POINT('',(332.5,-217.5,150.));
#6654 = VERTEX_POINT('',#6655);
#6655 = CARTESIAN_POINT('',(332.5,-217.5,445.));
#6656 = LINE('',#6657,#6658);
#6657 = CARTESIAN_POINT('',(332.5,-217.5,150.));
#6658 = VECTOR('',#6659,1.);
#6659 = DIRECTION('',(0.,0.,1.));
#6660 = ORIENTED_EDGE('',*,*,#6661,.T.);
#6661 = EDGE_CURVE('',#6652,#6662,#6664,.T.);
#6662 = VERTEX_POINT('',#6663);
#6663 = CARTESIAN_POINT('',(332.5,-182.5,150.));
#6664 = LINE('',#6665,#6666);
#6665 = CARTESIAN_POINT('',(332.5,-217.5,150.));
#6666 = VECTOR('',#6667,1.);
#6667 = DIRECTION('',(0.,1.,0.));
#6668 = ORIENTED_EDGE('',*,*,#6669,.T.);
#6669 = EDGE_CURVE('',#6662,#6670,#6672,.T.);
#6670 = VERTEX_POINT('',#6671);
#6671 = CARTESIAN_POINT('',(332.5,-182.5,445.));
#6672 = LINE('',#6673,#6674);
#6673 = CARTESIAN_POINT('',(332.5,-182.5,150.));
#6674 = VECTOR('',#6675,1.);
#6675 = DIRECTION('',(0.,0.,1.));
#6676 = ORIENTED_EDGE('',*,*,#6677,.F.);
#6677 = EDGE_CURVE('',#6654,#6670,#6678,.T.);
#6678 = LINE('',#6679,#6680);
#6679 = CARTESIAN_POINT('',(332.5,-217.5,445.));
#6680 = VECTOR('',#6681,1.);
#6681 = DIRECTION('',(0.,1.,0.));
#6682 = PLANE('',#6683);
#6683 = AXIS2_PLACEMENT_3D('',#6684,#6685,#6686);
#6684 = CARTESIAN_POINT('',(332.5,-217.5,150.));
#6685 = DIRECTION('',(1.,0.,0.));
#6686 = DIRECTION('',(0.,0.,1.));
#6687 = ADVANCED_FACE('',(#6688),#6713,.F.);
#6688 = FACE_BOUND('',#6689,.F.);
#6689 = EDGE_LOOP('',(#6690,#6698,#6699,#6707));
#6690 = ORIENTED_EDGE('',*,*,#6691,.F.);
#6691 = EDGE_CURVE('',#6652,#6692,#6694,.T.);
#6692 = VERTEX_POINT('',#6693);
#6693 = CARTESIAN_POINT('',(367.5,-217.5,150.));
#6694 = LINE('',#6695,#6696);
#6695 = CARTESIAN_POINT('',(332.5,-217.5,150.));
#6696 = VECTOR('',#6697,1.);
#6697 = DIRECTION('',(1.,0.,0.));
#6698 = ORIENTED_EDGE('',*,*,#6651,.T.);
#6699 = ORIENTED_EDGE('',*,*,#6700,.T.);
#6700 = EDGE_CURVE('',#6654,#6701,#6703,.T.);
#6701 = VERTEX_POINT('',#6702);
#6702 = CARTESIAN_POINT('',(367.5,-217.5,445.));
#6703 = LINE('',#6704,#6705);
#6704 = CARTESIAN_POINT('',(332.5,-217.5,445.));
#6705 = VECTOR('',#6706,1.);
#6706 = DIRECTION('',(1.,0.,0.));
#6707 = ORIENTED_EDGE('',*,*,#6708,.F.);
#6708 = EDGE_CURVE('',#6692,#6701,#6709,.T.);
#6709 = LINE('',#6710,#6711);
#6710 = CARTESIAN_POINT('',(367.5,-217.5,150.));
#6711 = VECTOR('',#6712,1.);
#6712 = DIRECTION('',(0.,0.,1.));
#6713 = PLANE('',#6714);
#6714 = AXIS2_PLACEMENT_3D('',#6715,#6716,#6717);
#6715 = CARTESIAN_POINT('',(332.5,-217.5,150.));
#6716 = DIRECTION('',(0.,1.,0.));
#6717 = DIRECTION('',(0.,0.,1.));
#6718 = ADVANCED_FACE('',(#6719),#6737,.T.);
#6719 = FACE_BOUND('',#6720,.T.);
#6720 = EDGE_LOOP('',(#6721,#6722,#6723,#6731));
#6721 = ORIENTED_EDGE('',*,*,#6677,.F.);
#6722 = ORIENTED_EDGE('',*,*,#6700,.T.);
#6723 = ORIENTED_EDGE('',*,*,#6724,.T.);
#6724 = EDGE_CURVE('',#6701,#6725,#6727,.T.);
#6725 = VERTEX_POINT('',#6726);
#6726 = CARTESIAN_POINT('',(367.5,-182.5,445.));
#6727 = LINE('',#6728,#6729);
#6728 = CARTESIAN_POINT('',(367.5,-217.5,445.));
#6729 = VECTOR('',#6730,1.);
#6730 = DIRECTION('',(0.,1.,0.));
#6731 = ORIENTED_EDGE('',*,*,#6732,.F.);
#6732 = EDGE_CURVE('',#6670,#6725,#6733,.T.);
#6733 = LINE('',#6734,#6735);
#6734 = CARTESIAN_POINT('',(332.5,-182.5,445.));
#6735 = VECTOR('',#6736,1.);
#6736 = DIRECTION('',(1.,0.,0.));
#6737 = PLANE('',#6738);
#6738 = AXIS2_PLACEMENT_3D('',#6739,#6740,#6741);
#6739 = CARTESIAN_POINT('',(332.5,-217.5,445.));
#6740 = DIRECTION('',(0.,0.,1.));
#6741 = DIRECTION('',(1.,0.,0.));
#6742 = ADVANCED_FACE('',(#6743),#6761,.T.);
#6743 = FACE_BOUND('',#6744,.T.);
#6744 = EDGE_LOOP('',(#6745,#6753,#6754,#6755));
#6745 = ORIENTED_EDGE('',*,*,#6746,.F.);
#6746 = EDGE_CURVE('',#6662,#6747,#6749,.T.);
#6747 = VERTEX_POINT('',#6748);
#6748 = CARTESIAN_POINT('',(367.5,-182.5,150.));
#6749 = LINE('',#6750,#6751);
#6750 = CARTESIAN_POINT('',(332.5,-182.5,150.));
#6751 = VECTOR('',#6752,1.);
#6752 = DIRECTION('',(1.,0.,0.));
#6753 = ORIENTED_EDGE('',*,*,#6669,.T.);
#6754 = ORIENTED_EDGE('',*,*,#6732,.T.);
#6755 = ORIENTED_EDGE('',*,*,#6756,.F.);
#6756 = EDGE_CURVE('',#6747,#6725,#6757,.T.);
#6757 = LINE('',#6758,#6759);
#6758 = CARTESIAN_POINT('',(367.5,-182.5,150.));
#6759 = VECTOR('',#6760,1.);
#6760 = DIRECTION('',(0.,0.,1.));
#6761 = PLANE('',#6762);
#6762 = AXIS2_PLACEMENT_3D('',#6763,#6764,#6765);
#6763 = CARTESIAN_POINT('',(332.5,-182.5,150.));
#6764 = DIRECTION('',(0.,1.,0.));
#6765 = DIRECTION('',(0.,0.,1.));
#6766 = ADVANCED_FACE('',(#6767),#6778,.F.);
#6767 = FACE_BOUND('',#6768,.F.);
#6768 = EDGE_LOOP('',(#6769,#6770,#6771,#6777));
#6769 = ORIENTED_EDGE('',*,*,#6661,.F.);
#6770 = ORIENTED_EDGE('',*,*,#6691,.T.);
#6771 = ORIENTED_EDGE('',*,*,#6772,.T.);
#6772 = EDGE_CURVE('',#6692,#6747,#6773,.T.);
#6773 = LINE('',#6774,#6775);
#6774 = CARTESIAN_POINT('',(367.5,-217.5,150.));
#6775 = VECTOR('',#6776,1.);
#6776 = DIRECTION('',(0.,1.,0.));
#6777 = ORIENTED_EDGE('',*,*,#6746,.F.);
#6778 = PLANE('',#6779);
#6779 = AXIS2_PLACEMENT_3D('',#6780,#6781,#6782);
#6780 = CARTESIAN_POINT('',(332.5,-217.5,150.));
#6781 = DIRECTION('',(0.,0.,1.));
#6782 = DIRECTION('',(1.,0.,0.));
#6783 = ADVANCED_FACE('',(#6784),#6790,.T.);
#6784 = FACE_BOUND('',#6785,.T.);
#6785 = EDGE_LOOP('',(#6786,#6787,#6788,#6789));
#6786 = ORIENTED_EDGE('',*,*,#6708,.F.);
#6787 = ORIENTED_EDGE('',*,*,#6772,.T.);
#6788 = ORIENTED_EDGE('',*,*,#6756,.T.);
#6789 = ORIENTED_EDGE('',*,*,#6724,.F.);
#6790 = PLANE('',#6791);
#6791 = AXIS2_PLACEMENT_3D('',#6792,#6793,#6794);
#6792 = CARTESIAN_POINT('',(367.5,-217.5,150.));
#6793 = DIRECTION('',(1.,0.,0.));
#6794 = DIRECTION('',(0.,0.,1.));
#6795 = ORIENTED_CLOSED_SHELL('',*,#6796,.F.);
#6796 = CLOSED_SHELL('',(#6797,#6837,#6868,#6892,#6916,#6933));
#6797 = ADVANCED_FACE('',(#6798),#6832,.F.);
#6798 = FACE_BOUND('',#6799,.F.);
#6799 = EDGE_LOOP('',(#6800,#6810,#6818,#6826));
#6800 = ORIENTED_EDGE('',*,*,#6801,.F.);
#6801 = EDGE_CURVE('',#6802,#6804,#6806,.T.);
#6802 = VERTEX_POINT('',#6803);
#6803 = CARTESIAN_POINT('',(335.5,-214.5,153.));
#6804 = VERTEX_POINT('',#6805);
#6805 = CARTESIAN_POINT('',(335.5,-214.5,442.));
#6806 = LINE('',#6807,#6808);
#6807 = CARTESIAN_POINT('',(335.5,-214.5,153.));
#6808 = VECTOR('',#6809,1.);
#6809 = DIRECTION('',(0.,0.,1.));
#6810 = ORIENTED_EDGE('',*,*,#6811,.T.);
#6811 = EDGE_CURVE('',#6802,#6812,#6814,.T.);
#6812 = VERTEX_POINT('',#6813);
#6813 = CARTESIAN_POINT('',(335.5,-185.5,153.));
#6814 = LINE('',#6815,#6816);
#6815 = CARTESIAN_POINT('',(335.5,-214.5,153.));
#6816 = VECTOR('',#6817,1.);
#6817 = DIRECTION('',(0.,1.,0.));
#6818 = ORIENTED_EDGE('',*,*,#6819,.T.);
#6819 = EDGE_CURVE('',#6812,#6820,#6822,.T.);
#6820 = VERTEX_POINT('',#6821);
#6821 = CARTESIAN_POINT('',(335.5,-185.5,442.));
#6822 = LINE('',#6823,#6824);
#6823 = CARTESIAN_POINT('',(335.5,-185.5,153.));
#6824 = VECTOR('',#6825,1.);
#6825 = DIRECTION('',(0.,0.,1.));
#6826 = ORIENTED_EDGE('',*,*,#6827,.F.);
#6827 = EDGE_CURVE('',#6804,#6820,#6828,.T.);
#6828 = LINE('',#6829,#6830);
#6829 = CARTESIAN_POINT('',(335.5,-214.5,442.));
#6830 = VECTOR('',#6831,1.);
#6831 = DIRECTION('',(0.,1.,0.));
#6832 = PLANE('',#6833);
#6833 = AXIS2_PLACEMENT_3D('',#6834,#6835,#6836);
#6834 = CARTESIAN_POINT('',(335.5,-214.5,153.));
#6835 = DIRECTION('',(1.,0.,0.));
#6836 = DIRECTION('',(0.,0.,1.));
#6837 = ADVANCED_FACE('',(#6838),#6863,.F.);
#6838 = FACE_BOUND('',#6839,.F.);
#6839 = EDGE_LOOP('',(#6840,#6848,#6849,#6857));
#6840 = ORIENTED_EDGE('',*,*,#6841,.F.);
#6841 = EDGE_CURVE('',#6802,#6842,#6844,.T.);
#6842 = VERTEX_POINT('',#6843);
#6843 = CARTESIAN_POINT('',(364.5,-214.5,153.));
#6844 = LINE('',#6845,#6846);
#6845 = CARTESIAN_POINT('',(335.5,-214.5,153.));
#6846 = VECTOR('',#6847,1.);
#6847 = DIRECTION('',(1.,0.,0.));
#6848 = ORIENTED_EDGE('',*,*,#6801,.T.);
#6849 = ORIENTED_EDGE('',*,*,#6850,.T.);
#6850 = EDGE_CURVE('',#6804,#6851,#6853,.T.);
#6851 = VERTEX_POINT('',#6852);
#6852 = CARTESIAN_POINT('',(364.5,-214.5,442.));
#6853 = LINE('',#6854,#6855);
#6854 = CARTESIAN_POINT('',(335.5,-214.5,442.));
#6855 = VECTOR('',#6856,1.);
#6856 = DIRECTION('',(1.,0.,0.));
#6857 = ORIENTED_EDGE('',*,*,#6858,.F.);
#6858 = EDGE_CURVE('',#6842,#6851,#6859,.T.);
#6859 = LINE('',#6860,#6861);
#6860 = CARTESIAN_POINT('',(364.5,-214.5,153.));
#6861 = VECTOR('',#6862,1.);
#6862 = DIRECTION('',(0.,0.,1.));
#6863 = PLANE('',#6864);
#6864 = AXIS2_PLACEMENT_3D('',#6865,#6866,#6867);
#6865 = CARTESIAN_POINT('',(335.5,-214.5,153.));
#6866 = DIRECTION('',(0.,1.,0.));
#6867 = DIRECTION('',(0.,0.,1.));
#6868 = ADVANCED_FACE('',(#6869),#6887,.T.);
#6869 = FACE_BOUND('',#6870,.T.);
#6870 = EDGE_LOOP('',(#6871,#6872,#6873,#6881));
#6871 = ORIENTED_EDGE('',*,*,#6827,.F.);
#6872 = ORIENTED_EDGE('',*,*,#6850,.T.);
#6873 = ORIENTED_EDGE('',*,*,#6874,.T.);
#6874 = EDGE_CURVE('',#6851,#6875,#6877,.T.);
#6875 = VERTEX_POINT('',#6876);
#6876 = CARTESIAN_POINT('',(364.5,-185.5,442.));
#6877 = LINE('',#6878,#6879);
#6878 = CARTESIAN_POINT('',(364.5,-214.5,442.));
#6879 = VECTOR('',#6880,1.);
#6880 = DIRECTION('',(0.,1.,0.));
#6881 = ORIENTED_EDGE('',*,*,#6882,.F.);
#6882 = EDGE_CURVE('',#6820,#6875,#6883,.T.);
#6883 = LINE('',#6884,#6885);
#6884 = CARTESIAN_POINT('',(335.5,-185.5,442.));
#6885 = VECTOR('',#6886,1.);
#6886 = DIRECTION('',(1.,0.,0.));
#6887 = PLANE('',#6888);
#6888 = AXIS2_PLACEMENT_3D('',#6889,#6890,#6891);
#6889 = CARTESIAN_POINT('',(335.5,-214.5,442.));
#6890 = DIRECTION('',(0.,0.,1.));
#6891 = DIRECTION('',(1.,0.,0.));
#6892 = ADVANCED_FACE('',(#6893),#6911,.T.);
#6893 = FACE_BOUND('',#6894,.T.);
#6894 = EDGE_LOOP('',(#6895,#6903,#6904,#6905));
#6895 = ORIENTED_EDGE('',*,*,#6896,.F.);
#6896 = EDGE_CURVE('',#6812,#6897,#6899,.T.);
#6897 = VERTEX_POINT('',#6898);
#6898 = CARTESIAN_POINT('',(364.5,-185.5,153.));
#6899 = LINE('',#6900,#6901);
#6900 = CARTESIAN_POINT('',(335.5,-185.5,153.));
#6901 = VECTOR('',#6902,1.);
#6902 = DIRECTION('',(1.,0.,0.));
#6903 = ORIENTED_EDGE('',*,*,#6819,.T.);
#6904 = ORIENTED_EDGE('',*,*,#6882,.T.);
#6905 = ORIENTED_EDGE('',*,*,#6906,.F.);
#6906 = EDGE_CURVE('',#6897,#6875,#6907,.T.);
#6907 = LINE('',#6908,#6909);
#6908 = CARTESIAN_POINT('',(364.5,-185.5,153.));
#6909 = VECTOR('',#6910,1.);
#6910 = DIRECTION('',(0.,0.,1.));
#6911 = PLANE('',#6912);
#6912 = AXIS2_PLACEMENT_3D('',#6913,#6914,#6915);
#6913 = CARTESIAN_POINT('',(335.5,-185.5,153.));
#6914 = DIRECTION('',(0.,1.,0.));
#6915 = DIRECTION('',(0.,0.,1.));
#6916 = ADVANCED_FACE('',(#6917),#6928,.F.);
#6917 = FACE_BOUND('',#6918,.F.);
#6918 = EDGE_LOOP('',(#6919,#6920,#6921,#6927));
#6919 = ORIENTED_EDGE('',*,*,#6811,.F.);
#6920 = ORIENTED_EDGE('',*,*,#6841,.T.);
#6921 = ORIENTED_EDGE('',*,*,#6922,.T.);
#6922 = EDGE_CURVE('',#6842,#6897,#6923,.T.);
#6923 = LINE('',#6924,#6925);
#6924 = CARTESIAN_POINT('',(364.5,-214.5,153.));
#6925 = VECTOR('',#6926,1.);
#6926 = DIRECTION('',(0.,1.,0.));
#6927 = ORIENTED_EDGE('',*,*,#6896,.F.);
#6928 = PLANE('',#6929);
#6929 = AXIS2_PLACEMENT_3D('',#6930,#6931,#6932);
#6930 = CARTESIAN_POINT('',(335.5,-214.5,153.));
#6931 = DIRECTION('',(0.,0.,1.));
#6932 = DIRECTION('',(1.,0.,0.));
#6933 = ADVANCED_FACE('',(#6934),#6940,.T.);
#6934 = FACE_BOUND('',#6935,.T.);
#6935 = EDGE_LOOP('',(#6936,#6937,#6938,#6939));
#6936 = ORIENTED_EDGE('',*,*,#6858,.F.);
#6937 = ORIENTED_EDGE('',*,*,#6922,.T.);
#6938 = ORIENTED_EDGE('',*,*,#6906,.T.);
#6939 = ORIENTED_EDGE('',*,*,#6874,.F.);
#6940 = PLANE('',#6941);
#6941 = AXIS2_PLACEMENT_3D('',#6942,#6943,#6944);
#6942 = CARTESIAN_POINT('',(364.5,-214.5,153.));
#6943 = DIRECTION('',(1.,0.,0.));
#6944 = DIRECTION('',(0.,0.,1.));
#6945 = BREP_WITH_VOIDS('',#6946,(#7095));
#6946 = CLOSED_SHELL('',(#6947,#6987,#7018,#7042,#7066,#7083));
#6947 = ADVANCED_FACE('',(#6948),#6982,.F.);
#6948 = FACE_BOUND('',#6949,.F.);
#6949 = EDGE_LOOP('',(#6950,#6960,#6968,#6976));
#6950 = ORIENTED_EDGE('',*,*,#6951,.F.);
#6951 = EDGE_CURVE('',#6952,#6954,#6956,.T.);
#6952 = VERTEX_POINT('',#6953);
#6953 = CARTESIAN_POINT('',(332.5,-217.5,450.));
#6954 = VERTEX_POINT('',#6955);
#6955 = CARTESIAN_POINT('',(332.5,-217.5,640.));
#6956 = LINE('',#6957,#6958);
#6957 = CARTESIAN_POINT('',(332.5,-217.5,450.));
#6958 = VECTOR('',#6959,1.);
#6959 = DIRECTION('',(0.,0.,1.));
#6960 = ORIENTED_EDGE('',*,*,#6961,.T.);
#6961 = EDGE_CURVE('',#6952,#6962,#6964,.T.);
#6962 = VERTEX_POINT('',#6963);
#6963 = CARTESIAN_POINT('',(332.5,-182.5,450.));
#6964 = LINE('',#6965,#6966);
#6965 = CARTESIAN_POINT('',(332.5,-217.5,450.));
#6966 = VECTOR('',#6967,1.);
#6967 = DIRECTION('',(0.,1.,0.));
#6968 = ORIENTED_EDGE('',*,*,#6969,.T.);
#6969 = EDGE_CURVE('',#6962,#6970,#6972,.T.);
#6970 = VERTEX_POINT('',#6971);
#6971 = CARTESIAN_POINT('',(332.5,-182.5,640.));
#6972 = LINE('',#6973,#6974);
#6973 = CARTESIAN_POINT('',(332.5,-182.5,450.));
#6974 = VECTOR('',#6975,1.);
#6975 = DIRECTION('',(0.,0.,1.));
#6976 = ORIENTED_EDGE('',*,*,#6977,.F.);
#6977 = EDGE_CURVE('',#6954,#6970,#6978,.T.);
#6978 = LINE('',#6979,#6980);
#6979 = CARTESIAN_POINT('',(332.5,-217.5,640.));
#6980 = VECTOR('',#6981,1.);
#6981 = DIRECTION('',(0.,1.,0.));
#6982 = PLANE('',#6983);
#6983 = AXIS2_PLACEMENT_3D('',#6984,#6985,#6986);
#6984 = CARTESIAN_POINT('',(332.5,-217.5,450.));
#6985 = DIRECTION('',(1.,0.,0.));
#6986 = DIRECTION('',(0.,0.,1.));
#6987 = ADVANCED_FACE('',(#6988),#7013,.F.);
#6988 = FACE_BOUND('',#6989,.F.);
#6989 = EDGE_LOOP('',(#6990,#6998,#6999,#7007));
#6990 = ORIENTED_EDGE('',*,*,#6991,.F.);
#6991 = EDGE_CURVE('',#6952,#6992,#6994,.T.);
#6992 = VERTEX_POINT('',#6993);
#6993 = CARTESIAN_POINT('',(367.5,-217.5,450.));
#6994 = LINE('',#6995,#6996);
#6995 = CARTESIAN_POINT('',(332.5,-217.5,450.));
#6996 = VECTOR('',#6997,1.);
#6997 = DIRECTION('',(1.,0.,0.));
#6998 = ORIENTED_EDGE('',*,*,#6951,.T.);
#6999 = ORIENTED_EDGE('',*,*,#7000,.T.);
#7000 = EDGE_CURVE('',#6954,#7001,#7003,.T.);
#7001 = VERTEX_POINT('',#7002);
#7002 = CARTESIAN_POINT('',(367.5,-217.5,640.));
#7003 = LINE('',#7004,#7005);
#7004 = CARTESIAN_POINT('',(332.5,-217.5,640.));
#7005 = VECTOR('',#7006,1.);
#7006 = DIRECTION('',(1.,0.,0.));
#7007 = ORIENTED_EDGE('',*,*,#7008,.F.);
#7008 = EDGE_CURVE('',#6992,#7001,#7009,.T.);
#7009 = LINE('',#7010,#7011);
#7010 = CARTESIAN_POINT('',(367.5,-217.5,450.));
#7011 = VECTOR('',#7012,1.);
#7012 = DIRECTION('',(0.,0.,1.));
#7013 = PLANE('',#7014);
#7014 = AXIS2_PLACEMENT_3D('',#7015,#7016,#7017);
#7015 = CARTESIAN_POINT('',(332.5,-217.5,450.));
#7016 = DIRECTION('',(0.,1.,0.));
#7017 = DIRECTION('',(0.,0.,1.));
#7018 = ADVANCED_FACE('',(#7019),#7037,.T.);
#7019 = FACE_BOUND('',#7020,.T.);
#7020 = EDGE_LOOP('',(#7021,#7022,#7023,#7031));
#7021 = ORIENTED_EDGE('',*,*,#6977,.F.);
#7022 = ORIENTED_EDGE('',*,*,#7000,.T.);
#7023 = ORIENTED_EDGE('',*,*,#7024,.T.);
#7024 = EDGE_CURVE('',#7001,#7025,#7027,.T.);
#7025 = VERTEX_POINT('',#7026);
#7026 = CARTESIAN_POINT('',(367.5,-182.5,640.));
#7027 = LINE('',#7028,#7029);
#7028 = CARTESIAN_POINT('',(367.5,-217.5,640.));
#7029 = VECTOR('',#7030,1.);
#7030 = DIRECTION('',(0.,1.,0.));
#7031 = ORIENTED_EDGE('',*,*,#7032,.F.);
#7032 = EDGE_CURVE('',#6970,#7025,#7033,.T.);
#7033 = LINE('',#7034,#7035);
#7034 = CARTESIAN_POINT('',(332.5,-182.5,640.));
#7035 = VECTOR('',#7036,1.);
#7036 = DIRECTION('',(1.,0.,0.));
#7037 = PLANE('',#7038);
#7038 = AXIS2_PLACEMENT_3D('',#7039,#7040,#7041);
#7039 = CARTESIAN_POINT('',(332.5,-217.5,640.));
#7040 = DIRECTION('',(0.,0.,1.));
#7041 = DIRECTION('',(1.,0.,0.));
#7042 = ADVANCED_FACE('',(#7043),#7061,.T.);
#7043 = FACE_BOUND('',#7044,.T.);
#7044 = EDGE_LOOP('',(#7045,#7053,#7054,#7055));
#7045 = ORIENTED_EDGE('',*,*,#7046,.F.);
#7046 = EDGE_CURVE('',#6962,#7047,#7049,.T.);
#7047 = VERTEX_POINT('',#7048);
#7048 = CARTESIAN_POINT('',(367.5,-182.5,450.));
#7049 = LINE('',#7050,#7051);
#7050 = CARTESIAN_POINT('',(332.5,-182.5,450.));
#7051 = VECTOR('',#7052,1.);
#7052 = DIRECTION('',(1.,0.,0.));
#7053 = ORIENTED_EDGE('',*,*,#6969,.T.);
#7054 = ORIENTED_EDGE('',*,*,#7032,.T.);
#7055 = ORIENTED_EDGE('',*,*,#7056,.F.);
#7056 = EDGE_CURVE('',#7047,#7025,#7057,.T.);
#7057 = LINE('',#7058,#7059);
#7058 = CARTESIAN_POINT('',(367.5,-182.5,450.));
#7059 = VECTOR('',#7060,1.);
#7060 = DIRECTION('',(0.,0.,1.));
#7061 = PLANE('',#7062);
#7062 = AXIS2_PLACEMENT_3D('',#7063,#7064,#7065);
#7063 = CARTESIAN_POINT('',(332.5,-182.5,450.));
#7064 = DIRECTION('',(0.,1.,0.));
#7065 = DIRECTION('',(0.,0.,1.));
#7066 = ADVANCED_FACE('',(#7067),#7078,.F.);
#7067 = FACE_BOUND('',#7068,.F.);
#7068 = EDGE_LOOP('',(#7069,#7070,#7071,#7077));
#7069 = ORIENTED_EDGE('',*,*,#6961,.F.);
#7070 = ORIENTED_EDGE('',*,*,#6991,.T.);
#7071 = ORIENTED_EDGE('',*,*,#7072,.T.);
#7072 = EDGE_CURVE('',#6992,#7047,#7073,.T.);
#7073 = LINE('',#7074,#7075);
#7074 = CARTESIAN_POINT('',(367.5,-217.5,450.));
#7075 = VECTOR('',#7076,1.);
#7076 = DIRECTION('',(0.,1.,0.));
#7077 = ORIENTED_EDGE('',*,*,#7046,.F.);
#7078 = PLANE('',#7079);
#7079 = AXIS2_PLACEMENT_3D('',#7080,#7081,#7082);
#7080 = CARTESIAN_POINT('',(332.5,-217.5,450.));
#7081 = DIRECTION('',(0.,0.,1.));
#7082 = DIRECTION('',(1.,0.,0.));
#7083 = ADVANCED_FACE('',(#7084),#7090,.T.);
#7084 = FACE_BOUND('',#7085,.T.);
#7085 = EDGE_LOOP('',(#7086,#7087,#7088,#7089));
#7086 = ORIENTED_EDGE('',*,*,#7008,.F.);
#7087 = ORIENTED_EDGE('',*,*,#7072,.T.);
#7088 = ORIENTED_EDGE('',*,*,#7056,.T.);
#7089 = ORIENTED_EDGE('',*,*,#7024,.F.);
#7090 = PLANE('',#7091);
#7091 = AXIS2_PLACEMENT_3D('',#7092,#7093,#7094);
#7092 = CARTESIAN_POINT('',(367.5,-217.5,450.));
#7093 = DIRECTION('',(1.,0.,0.));
#7094 = DIRECTION('',(0.,0.,1.));
#7095 = ORIENTED_CLOSED_SHELL('',*,#7096,.F.);
#7096 = CLOSED_SHELL('',(#7097,#7137,#7168,#7192,#7216,#7233));
#7097 = ADVANCED_FACE('',(#7098),#7132,.F.);
#7098 = FACE_BOUND('',#7099,.F.);
#7099 = EDGE_LOOP('',(#7100,#7110,#7118,#7126));
#7100 = ORIENTED_EDGE('',*,*,#7101,.F.);
#7101 = EDGE_CURVE('',#7102,#7104,#7106,.T.);
#7102 = VERTEX_POINT('',#7103);
#7103 = CARTESIAN_POINT('',(335.5,-214.5,453.));
#7104 = VERTEX_POINT('',#7105);
#7105 = CARTESIAN_POINT('',(335.5,-214.5,637.));
#7106 = LINE('',#7107,#7108);
#7107 = CARTESIAN_POINT('',(335.5,-214.5,453.));
#7108 = VECTOR('',#7109,1.);
#7109 = DIRECTION('',(0.,0.,1.));
#7110 = ORIENTED_EDGE('',*,*,#7111,.T.);
#7111 = EDGE_CURVE('',#7102,#7112,#7114,.T.);
#7112 = VERTEX_POINT('',#7113);
#7113 = CARTESIAN_POINT('',(335.5,-185.5,453.));
#7114 = LINE('',#7115,#7116);
#7115 = CARTESIAN_POINT('',(335.5,-214.5,453.));
#7116 = VECTOR('',#7117,1.);
#7117 = DIRECTION('',(0.,1.,0.));
#7118 = ORIENTED_EDGE('',*,*,#7119,.T.);
#7119 = EDGE_CURVE('',#7112,#7120,#7122,.T.);
#7120 = VERTEX_POINT('',#7121);
#7121 = CARTESIAN_POINT('',(335.5,-185.5,637.));
#7122 = LINE('',#7123,#7124);
#7123 = CARTESIAN_POINT('',(335.5,-185.5,453.));
#7124 = VECTOR('',#7125,1.);
#7125 = DIRECTION('',(0.,0.,1.));
#7126 = ORIENTED_EDGE('',*,*,#7127,.F.);
#7127 = EDGE_CURVE('',#7104,#7120,#7128,.T.);
#7128 = LINE('',#7129,#7130);
#7129 = CARTESIAN_POINT('',(335.5,-214.5,637.));
#7130 = VECTOR('',#7131,1.);
#7131 = DIRECTION('',(0.,1.,0.));
#7132 = PLANE('',#7133);
#7133 = AXIS2_PLACEMENT_3D('',#7134,#7135,#7136);
#7134 = CARTESIAN_POINT('',(335.5,-214.5,453.));
#7135 = DIRECTION('',(1.,0.,0.));
#7136 = DIRECTION('',(0.,0.,1.));
#7137 = ADVANCED_FACE('',(#7138),#7163,.F.);
#7138 = FACE_BOUND('',#7139,.F.);
#7139 = EDGE_LOOP('',(#7140,#7148,#7149,#7157));
#7140 = ORIENTED_EDGE('',*,*,#7141,.F.);
#7141 = EDGE_CURVE('',#7102,#7142,#7144,.T.);
#7142 = VERTEX_POINT('',#7143);
#7143 = CARTESIAN_POINT('',(364.5,-214.5,453.));
#7144 = LINE('',#7145,#7146);
#7145 = CARTESIAN_POINT('',(335.5,-214.5,453.));
#7146 = VECTOR('',#7147,1.);
#7147 = DIRECTION('',(1.,0.,0.));
#7148 = ORIENTED_EDGE('',*,*,#7101,.T.);
#7149 = ORIENTED_EDGE('',*,*,#7150,.T.);
#7150 = EDGE_CURVE('',#7104,#7151,#7153,.T.);
#7151 = VERTEX_POINT('',#7152);
#7152 = CARTESIAN_POINT('',(364.5,-214.5,637.));
#7153 = LINE('',#7154,#7155);
#7154 = CARTESIAN_POINT('',(335.5,-214.5,637.));
#7155 = VECTOR('',#7156,1.);
#7156 = DIRECTION('',(1.,0.,0.));
#7157 = ORIENTED_EDGE('',*,*,#7158,.F.);
#7158 = EDGE_CURVE('',#7142,#7151,#7159,.T.);
#7159 = LINE('',#7160,#7161);
#7160 = CARTESIAN_POINT('',(364.5,-214.5,453.));
#7161 = VECTOR('',#7162,1.);
#7162 = DIRECTION('',(0.,0.,1.));
#7163 = PLANE('',#7164);
#7164 = AXIS2_PLACEMENT_3D('',#7165,#7166,#7167);
#7165 = CARTESIAN_POINT('',(335.5,-214.5,453.));
#7166 = DIRECTION('',(0.,1.,0.));
#7167 = DIRECTION('',(0.,0.,1.));
#7168 = ADVANCED_FACE('',(#7169),#7187,.T.);
#7169 = FACE_BOUND('',#7170,.T.);
#7170 = EDGE_LOOP('',(#7171,#7172,#7173,#7181));
#7171 = ORIENTED_EDGE('',*,*,#7127,.F.);
#7172 = ORIENTED_EDGE('',*,*,#7150,.T.);
#7173 = ORIENTED_EDGE('',*,*,#7174,.T.);
#7174 = EDGE_CURVE('',#7151,#7175,#7177,.T.);
#7175 = VERTEX_POINT('',#7176);
#7176 = CARTESIAN_POINT('',(364.5,-185.5,637.));
#7177 = LINE('',#7178,#7179);
#7178 = CARTESIAN_POINT('',(364.5,-214.5,637.));
#7179 = VECTOR('',#7180,1.);
#7180 = DIRECTION('',(0.,1.,0.));
#7181 = ORIENTED_EDGE('',*,*,#7182,.F.);
#7182 = EDGE_CURVE('',#7120,#7175,#7183,.T.);
#7183 = LINE('',#7184,#7185);
#7184 = CARTESIAN_POINT('',(335.5,-185.5,637.));
#7185 = VECTOR('',#7186,1.);
#7186 = DIRECTION('',(1.,0.,0.));
#7187 = PLANE('',#7188);
#7188 = AXIS2_PLACEMENT_3D('',#7189,#7190,#7191);
#7189 = CARTESIAN_POINT('',(335.5,-214.5,637.));
#7190 = DIRECTION('',(0.,0.,1.));
#7191 = DIRECTION('',(1.,0.,0.));
#7192 = ADVANCED_FACE('',(#7193),#7211,.T.);
#7193 = FACE_BOUND('',#7194,.T.);
#7194 = EDGE_LOOP('',(#7195,#7203,#7204,#7205));
#7195 = ORIENTED_EDGE('',*,*,#7196,.F.);
#7196 = EDGE_CURVE('',#7112,#7197,#7199,.T.);
#7197 = VERTEX_POINT('',#7198);
#7198 = CARTESIAN_POINT('',(364.5,-185.5,453.));
#7199 = LINE('',#7200,#7201);
#7200 = CARTESIAN_POINT('',(335.5,-185.5,453.));
#7201 = VECTOR('',#7202,1.);
#7202 = DIRECTION('',(1.,0.,0.));
#7203 = ORIENTED_EDGE('',*,*,#7119,.T.);
#7204 = ORIENTED_EDGE('',*,*,#7182,.T.);
#7205 = ORIENTED_EDGE('',*,*,#7206,.F.);
#7206 = EDGE_CURVE('',#7197,#7175,#7207,.T.);
#7207 = LINE('',#7208,#7209);
#7208 = CARTESIAN_POINT('',(364.5,-185.5,453.));
#7209 = VECTOR('',#7210,1.);
#7210 = DIRECTION('',(0.,0.,1.));
#7211 = PLANE('',#7212);
#7212 = AXIS2_PLACEMENT_3D('',#7213,#7214,#7215);
#7213 = CARTESIAN_POINT('',(335.5,-185.5,453.));
#7214 = DIRECTION('',(0.,1.,0.));
#7215 = DIRECTION('',(0.,0.,1.));
#7216 = ADVANCED_FACE('',(#7217),#7228,.F.);
#7217 = FACE_BOUND('',#7218,.F.);
#7218 = EDGE_LOOP('',(#7219,#7220,#7221,#7227));
#7219 = ORIENTED_EDGE('',*,*,#7111,.F.);
#7220 = ORIENTED_EDGE('',*,*,#7141,.T.);
#7221 = ORIENTED_EDGE('',*,*,#7222,.T.);
#7222 = EDGE_CURVE('',#7142,#7197,#7223,.T.);
#7223 = LINE('',#7224,#7225);
#7224 = CARTESIAN_POINT('',(364.5,-214.5,453.));
#7225 = VECTOR('',#7226,1.);
#7226 = DIRECTION('',(0.,1.,0.));
#7227 = ORIENTED_EDGE('',*,*,#7196,.F.);
#7228 = PLANE('',#7229);
#7229 = AXIS2_PLACEMENT_3D('',#7230,#7231,#7232);
#7230 = CARTESIAN_POINT('',(335.5,-214.5,453.));
#7231 = DIRECTION('',(0.,0.,1.));
#7232 = DIRECTION('',(1.,0.,0.));
#7233 = ADVANCED_FACE('',(#7234),#7240,.T.);
#7234 = FACE_BOUND('',#7235,.T.);
#7235 = EDGE_LOOP('',(#7236,#7237,#7238,#7239));
#7236 = ORIENTED_EDGE('',*,*,#7158,.F.);
#7237 = ORIENTED_EDGE('',*,*,#7222,.T.);
#7238 = ORIENTED_EDGE('',*,*,#7206,.T.);
#7239 = ORIENTED_EDGE('',*,*,#7174,.F.);
#7240 = PLANE('',#7241);
#7241 = AXIS2_PLACEMENT_3D('',#7242,#7243,#7244);
#7242 = CARTESIAN_POINT('',(364.5,-214.5,453.));
#7243 = DIRECTION('',(1.,0.,0.));
#7244 = DIRECTION('',(0.,0.,1.));
#7245 = BREP_WITH_VOIDS('',#7246,(#7395));
#7246 = CLOSED_SHELL('',(#7247,#7287,#7318,#7342,#7366,#7383));
#7247 = ADVANCED_FACE('',(#7248),#7282,.F.);
#7248 = FACE_BOUND('',#7249,.F.);
#7249 = EDGE_LOOP('',(#7250,#7260,#7268,#7276));
#7250 = ORIENTED_EDGE('',*,*,#7251,.F.);
#7251 = EDGE_CURVE('',#7252,#7254,#7256,.T.);
#7252 = VERTEX_POINT('',#7253);
#7253 = CARTESIAN_POINT('',(332.5,-217.5,645.));
#7254 = VERTEX_POINT('',#7255);
#7255 = CARTESIAN_POINT('',(332.5,-217.5,2.05E+03));
#7256 = LINE('',#7257,#7258);
#7257 = CARTESIAN_POINT('',(332.5,-217.5,645.));
#7258 = VECTOR('',#7259,1.);
#7259 = DIRECTION('',(0.,0.,1.));
#7260 = ORIENTED_EDGE('',*,*,#7261,.T.);
#7261 = EDGE_CURVE('',#7252,#7262,#7264,.T.);
#7262 = VERTEX_POINT('',#7263);
#7263 = CARTESIAN_POINT('',(332.5,-182.5,645.));
#7264 = LINE('',#7265,#7266);
#7265 = CARTESIAN_POINT('',(332.5,-217.5,645.));
#7266 = VECTOR('',#7267,1.);
#7267 = DIRECTION('',(0.,1.,0.));
#7268 = ORIENTED_EDGE('',*,*,#7269,.T.);
#7269 = EDGE_CURVE('',#7262,#7270,#7272,.T.);
#7270 = VERTEX_POINT('',#7271);
#7271 = CARTESIAN_POINT('',(332.5,-182.5,2.05E+03));
#7272 = LINE('',#7273,#7274);
#7273 = CARTESIAN_POINT('',(332.5,-182.5,645.));
#7274 = VECTOR('',#7275,1.);
#7275 = DIRECTION('',(0.,0.,1.));
#7276 = ORIENTED_EDGE('',*,*,#7277,.F.);
#7277 = EDGE_CURVE('',#7254,#7270,#7278,.T.);
#7278 = LINE('',#7279,#7280);
#7279 = CARTESIAN_POINT('',(332.5,-217.5,2.05E+03));
#7280 = VECTOR('',#7281,1.);
#7281 = DIRECTION('',(0.,1.,0.));
#7282 = PLANE('',#7283);
#7283 = AXIS2_PLACEMENT_3D('',#7284,#7285,#7286);
#7284 = CARTESIAN_POINT('',(332.5,-217.5,645.));
#7285 = DIRECTION('',(1.,0.,0.));
#7286 = DIRECTION('',(0.,0.,1.));
#7287 = ADVANCED_FACE('',(#7288),#7313,.F.);
#7288 = FACE_BOUND('',#7289,.F.);
#7289 = EDGE_LOOP('',(#7290,#7298,#7299,#7307));
#7290 = ORIENTED_EDGE('',*,*,#7291,.F.);
#7291 = EDGE_CURVE('',#7252,#7292,#7294,.T.);
#7292 = VERTEX_POINT('',#7293);
#7293 = CARTESIAN_POINT('',(367.5,-217.5,645.));
#7294 = LINE('',#7295,#7296);
#7295 = CARTESIAN_POINT('',(332.5,-217.5,645.));
#7296 = VECTOR('',#7297,1.);
#7297 = DIRECTION('',(1.,0.,0.));
#7298 = ORIENTED_EDGE('',*,*,#7251,.T.);
#7299 = ORIENTED_EDGE('',*,*,#7300,.T.);
#7300 = EDGE_CURVE('',#7254,#7301,#7303,.T.);
#7301 = VERTEX_POINT('',#7302);
#7302 = CARTESIAN_POINT('',(367.5,-217.5,2.05E+03));
#7303 = LINE('',#7304,#7305);
#7304 = CARTESIAN_POINT('',(332.5,-217.5,2.05E+03));
#7305 = VECTOR('',#7306,1.);
#7306 = DIRECTION('',(1.,0.,0.));
#7307 = ORIENTED_EDGE('',*,*,#7308,.F.);
#7308 = EDGE_CURVE('',#7292,#7301,#7309,.T.);
#7309 = LINE('',#7310,#7311);
#7310 = CARTESIAN_POINT('',(367.5,-217.5,645.));
#7311 = VECTOR('',#7312,1.);
#7312 = DIRECTION('',(0.,0.,1.));
#7313 = PLANE('',#7314);
#7314 = AXIS2_PLACEMENT_3D('',#7315,#7316,#7317);
#7315 = CARTESIAN_POINT('',(332.5,-217.5,645.));
#7316 = DIRECTION('',(0.,1.,0.));
#7317 = DIRECTION('',(0.,0.,1.));
#7318 = ADVANCED_FACE('',(#7319),#7337,.T.);
#7319 = FACE_BOUND('',#7320,.T.);
#7320 = EDGE_LOOP('',(#7321,#7322,#7323,#7331));
#7321 = ORIENTED_EDGE('',*,*,#7277,.F.);
#7322 = ORIENTED_EDGE('',*,*,#7300,.T.);
#7323 = ORIENTED_EDGE('',*,*,#7324,.T.);
#7324 = EDGE_CURVE('',#7301,#7325,#7327,.T.);
#7325 = VERTEX_POINT('',#7326);
#7326 = CARTESIAN_POINT('',(367.5,-182.5,2.05E+03));
#7327 = LINE('',#7328,#7329);
#7328 = CARTESIAN_POINT('',(367.5,-217.5,2.05E+03));
#7329 = VECTOR('',#7330,1.);
#7330 = DIRECTION('',(0.,1.,0.));
#7331 = ORIENTED_EDGE('',*,*,#7332,.F.);
#7332 = EDGE_CURVE('',#7270,#7325,#7333,.T.);
#7333 = LINE('',#7334,#7335);
#7334 = CARTESIAN_POINT('',(332.5,-182.5,2.05E+03));
#7335 = VECTOR('',#7336,1.);
#7336 = DIRECTION('',(1.,0.,0.));
#7337 = PLANE('',#7338);
#7338 = AXIS2_PLACEMENT_3D('',#7339,#7340,#7341);
#7339 = CARTESIAN_POINT('',(332.5,-217.5,2.05E+03));
#7340 = DIRECTION('',(0.,0.,1.));
#7341 = DIRECTION('',(1.,0.,0.));
#7342 = ADVANCED_FACE('',(#7343),#7361,.T.);
#7343 = FACE_BOUND('',#7344,.T.);
#7344 = EDGE_LOOP('',(#7345,#7353,#7354,#7355));
#7345 = ORIENTED_EDGE('',*,*,#7346,.F.);
#7346 = EDGE_CURVE('',#7262,#7347,#7349,.T.);
#7347 = VERTEX_POINT('',#7348);
#7348 = CARTESIAN_POINT('',(367.5,-182.5,645.));
#7349 = LINE('',#7350,#7351);
#7350 = CARTESIAN_POINT('',(332.5,-182.5,645.));
#7351 = VECTOR('',#7352,1.);
#7352 = DIRECTION('',(1.,0.,0.));
#7353 = ORIENTED_EDGE('',*,*,#7269,.T.);
#7354 = ORIENTED_EDGE('',*,*,#7332,.T.);
#7355 = ORIENTED_EDGE('',*,*,#7356,.F.);
#7356 = EDGE_CURVE('',#7347,#7325,#7357,.T.);
#7357 = LINE('',#7358,#7359);
#7358 = CARTESIAN_POINT('',(367.5,-182.5,645.));
#7359 = VECTOR('',#7360,1.);
#7360 = DIRECTION('',(0.,0.,1.));
#7361 = PLANE('',#7362);
#7362 = AXIS2_PLACEMENT_3D('',#7363,#7364,#7365);
#7363 = CARTESIAN_POINT('',(332.5,-182.5,645.));
#7364 = DIRECTION('',(0.,1.,0.));
#7365 = DIRECTION('',(0.,0.,1.));
#7366 = ADVANCED_FACE('',(#7367),#7378,.F.);
#7367 = FACE_BOUND('',#7368,.F.);
#7368 = EDGE_LOOP('',(#7369,#7370,#7371,#7377));
#7369 = ORIENTED_EDGE('',*,*,#7261,.F.);
#7370 = ORIENTED_EDGE('',*,*,#7291,.T.);
#7371 = ORIENTED_EDGE('',*,*,#7372,.T.);
#7372 = EDGE_CURVE('',#7292,#7347,#7373,.T.);
#7373 = LINE('',#7374,#7375);
#7374 = CARTESIAN_POINT('',(367.5,-217.5,645.));
#7375 = VECTOR('',#7376,1.);
#7376 = DIRECTION('',(0.,1.,0.));
#7377 = ORIENTED_EDGE('',*,*,#7346,.F.);
#7378 = PLANE('',#7379);
#7379 = AXIS2_PLACEMENT_3D('',#7380,#7381,#7382);
#7380 = CARTESIAN_POINT('',(332.5,-217.5,645.));
#7381 = DIRECTION('',(0.,0.,1.));
#7382 = DIRECTION('',(1.,0.,0.));
#7383 = ADVANCED_FACE('',(#7384),#7390,.T.);
#7384 = FACE_BOUND('',#7385,.T.);
#7385 = EDGE_LOOP('',(#7386,#7387,#7388,#7389));
#7386 = ORIENTED_EDGE('',*,*,#7308,.F.);
#7387 = ORIENTED_EDGE('',*,*,#7372,.T.);
#7388 = ORIENTED_EDGE('',*,*,#7356,.T.);
#7389 = ORIENTED_EDGE('',*,*,#7324,.F.);
#7390 = PLANE('',#7391);
#7391 = AXIS2_PLACEMENT_3D('',#7392,#7393,#7394);
#7392 = CARTESIAN_POINT('',(367.5,-217.5,645.));
#7393 = DIRECTION('',(1.,0.,0.));
#7394 = DIRECTION('',(0.,0.,1.));
#7395 = ORIENTED_CLOSED_SHELL('',*,#7396,.F.);
#7396 = CLOSED_SHELL('',(#7397,#7437,#7468,#7492,#7516,#7533));
#7397 = ADVANCED_FACE('',(#7398),#7432,.F.);
#7398 = FACE_BOUND('',#7399,.F.);
#7399 = EDGE_LOOP('',(#7400,#7410,#7418,#7426));
#7400 = ORIENTED_EDGE('',*,*,#7401,.F.);
#7401 = EDGE_CURVE('',#7402,#7404,#7406,.T.);
#7402 = VERTEX_POINT('',#7403);
#7403 = CARTESIAN_POINT('',(335.5,-214.5,648.));
#7404 = VERTEX_POINT('',#7405);
#7405 = CARTESIAN_POINT('',(335.5,-214.5,2.047E+03));
#7406 = LINE('',#7407,#7408);
#7407 = CARTESIAN_POINT('',(335.5,-214.5,648.));
#7408 = VECTOR('',#7409,1.);
#7409 = DIRECTION('',(0.,0.,1.));
#7410 = ORIENTED_EDGE('',*,*,#7411,.T.);
#7411 = EDGE_CURVE('',#7402,#7412,#7414,.T.);
#7412 = VERTEX_POINT('',#7413);
#7413 = CARTESIAN_POINT('',(335.5,-185.5,648.));
#7414 = LINE('',#7415,#7416);
#7415 = CARTESIAN_POINT('',(335.5,-214.5,648.));
#7416 = VECTOR('',#7417,1.);
#7417 = DIRECTION('',(0.,1.,0.));
#7418 = ORIENTED_EDGE('',*,*,#7419,.T.);
#7419 = EDGE_CURVE('',#7412,#7420,#7422,.T.);
#7420 = VERTEX_POINT('',#7421);
#7421 = CARTESIAN_POINT('',(335.5,-185.5,2.047E+03));
#7422 = LINE('',#7423,#7424);
#7423 = CARTESIAN_POINT('',(335.5,-185.5,648.));
#7424 = VECTOR('',#7425,1.);
#7425 = DIRECTION('',(0.,0.,1.));
#7426 = ORIENTED_EDGE('',*,*,#7427,.F.);
#7427 = EDGE_CURVE('',#7404,#7420,#7428,.T.);
#7428 = LINE('',#7429,#7430);
#7429 = CARTESIAN_POINT('',(335.5,-214.5,2.047E+03));
#7430 = VECTOR('',#7431,1.);
#7431 = DIRECTION('',(0.,1.,0.));
#7432 = PLANE('',#7433);
#7433 = AXIS2_PLACEMENT_3D('',#7434,#7435,#7436);
#7434 = CARTESIAN_POINT('',(335.5,-214.5,648.));
#7435 = DIRECTION('',(1.,0.,0.));
#7436 = DIRECTION('',(0.,0.,1.));
#7437 = ADVANCED_FACE('',(#7438),#7463,.F.);
#7438 = FACE_BOUND('',#7439,.F.);
#7439 = EDGE_LOOP('',(#7440,#7448,#7449,#7457));
#7440 = ORIENTED_EDGE('',*,*,#7441,.F.);
#7441 = EDGE_CURVE('',#7402,#7442,#7444,.T.);
#7442 = VERTEX_POINT('',#7443);
#7443 = CARTESIAN_POINT('',(364.5,-214.5,648.));
#7444 = LINE('',#7445,#7446);
#7445 = CARTESIAN_POINT('',(335.5,-214.5,648.));
#7446 = VECTOR('',#7447,1.);
#7447 = DIRECTION('',(1.,0.,0.));
#7448 = ORIENTED_EDGE('',*,*,#7401,.T.);
#7449 = ORIENTED_EDGE('',*,*,#7450,.T.);
#7450 = EDGE_CURVE('',#7404,#7451,#7453,.T.);
#7451 = VERTEX_POINT('',#7452);
#7452 = CARTESIAN_POINT('',(364.5,-214.5,2.047E+03));
#7453 = LINE('',#7454,#7455);
#7454 = CARTESIAN_POINT('',(335.5,-214.5,2.047E+03));
#7455 = VECTOR('',#7456,1.);
#7456 = DIRECTION('',(1.,0.,0.));
#7457 = ORIENTED_EDGE('',*,*,#7458,.F.);
#7458 = EDGE_CURVE('',#7442,#7451,#7459,.T.);
#7459 = LINE('',#7460,#7461);
#7460 = CARTESIAN_POINT('',(364.5,-214.5,648.));
#7461 = VECTOR('',#7462,1.);
#7462 = DIRECTION('',(0.,0.,1.));
#7463 = PLANE('',#7464);
#7464 = AXIS2_PLACEMENT_3D('',#7465,#7466,#7467);
#7465 = CARTESIAN_POINT('',(335.5,-214.5,648.));
#7466 = DIRECTION('',(0.,1.,0.));
#7467 = DIRECTION('',(0.,0.,1.));
#7468 = ADVANCED_FACE('',(#7469),#7487,.T.);
#7469 = FACE_BOUND('',#7470,.T.);
#7470 = EDGE_LOOP('',(#7471,#7472,#7473,#7481));
#7471 = ORIENTED_EDGE('',*,*,#7427,.F.);
#7472 = ORIENTED_EDGE('',*,*,#7450,.T.);
#7473 = ORIENTED_EDGE('',*,*,#7474,.T.);
#7474 = EDGE_CURVE('',#7451,#7475,#7477,.T.);
#7475 = VERTEX_POINT('',#7476);
#7476 = CARTESIAN_POINT('',(364.5,-185.5,2.047E+03));
#7477 = LINE('',#7478,#7479);
#7478 = CARTESIAN_POINT('',(364.5,-214.5,2.047E+03));
#7479 = VECTOR('',#7480,1.);
#7480 = DIRECTION('',(0.,1.,0.));
#7481 = ORIENTED_EDGE('',*,*,#7482,.F.);
#7482 = EDGE_CURVE('',#7420,#7475,#7483,.T.);
#7483 = LINE('',#7484,#7485);
#7484 = CARTESIAN_POINT('',(335.5,-185.5,2.047E+03));
#7485 = VECTOR('',#7486,1.);
#7486 = DIRECTION('',(1.,0.,0.));
#7487 = PLANE('',#7488);
#7488 = AXIS2_PLACEMENT_3D('',#7489,#7490,#7491);
#7489 = CARTESIAN_POINT('',(335.5,-214.5,2.047E+03));
#7490 = DIRECTION('',(0.,0.,1.));
#7491 = DIRECTION('',(1.,0.,0.));
#7492 = ADVANCED_FACE('',(#7493),#7511,.T.);
#7493 = FACE_BOUND('',#7494,.T.);
#7494 = EDGE_LOOP('',(#7495,#7503,#7504,#7505));
#7495 = ORIENTED_EDGE('',*,*,#7496,.F.);
#7496 = EDGE_CURVE('',#7412,#7497,#7499,.T.);
#7497 = VERTEX_POINT('',#7498);
#7498 = CARTESIAN_POINT('',(364.5,-185.5,648.));
#7499 = LINE('',#7500,#7501);
#7500 = CARTESIAN_POINT('',(335.5,-185.5,648.));
#7501 = VECTOR('',#7502,1.);
#7502 = DIRECTION('',(1.,0.,0.));
#7503 = ORIENTED_EDGE('',*,*,#7419,.T.);
#7504 = ORIENTED_EDGE('',*,*,#7482,.T.);
#7505 = ORIENTED_EDGE('',*,*,#7506,.F.);
#7506 = EDGE_CURVE('',#7497,#7475,#7507,.T.);
#7507 = LINE('',#7508,#7509);
#7508 = CARTESIAN_POINT('',(364.5,-185.5,648.));
#7509 = VECTOR('',#7510,1.);
#7510 = DIRECTION('',(0.,0.,1.));
#7511 = PLANE('',#7512);
#7512 = AXIS2_PLACEMENT_3D('',#7513,#7514,#7515);
#7513 = CARTESIAN_POINT('',(335.5,-185.5,648.));
#7514 = DIRECTION('',(0.,1.,0.));
#7515 = DIRECTION('',(0.,0.,1.));
#7516 = ADVANCED_FACE('',(#7517),#7528,.F.);
#7517 = FACE_BOUND('',#7518,.F.);
#7518 = EDGE_LOOP('',(#7519,#7520,#7521,#7527));
#7519 = ORIENTED_EDGE('',*,*,#7411,.F.);
#7520 = ORIENTED_EDGE('',*,*,#7441,.T.);
#7521 = ORIENTED_EDGE('',*,*,#7522,.T.);
#7522 = EDGE_CURVE('',#7442,#7497,#7523,.T.);
#7523 = LINE('',#7524,#7525);
#7524 = CARTESIAN_POINT('',(364.5,-214.5,648.));
#7525 = VECTOR('',#7526,1.);
#7526 = DIRECTION('',(0.,1.,0.));
#7527 = ORIENTED_EDGE('',*,*,#7496,.F.);
#7528 = PLANE('',#7529);
#7529 = AXIS2_PLACEMENT_3D('',#7530,#7531,#7532);
#7530 = CARTESIAN_POINT('',(335.5,-214.5,648.));
#7531 = DIRECTION('',(0.,0.,1.));
#7532 = DIRECTION('',(1.,0.,0.));
#7533 = ADVANCED_FACE('',(#7534),#7540,.T.);
#7534 = FACE_BOUND('',#7535,.T.);
#7535 = EDGE_LOOP('',(#7536,#7537,#7538,#7539));
#7536 = ORIENTED_EDGE('',*,*,#7458,.F.);
#7537 = ORIENTED_EDGE('',*,*,#7522,.T.);
#7538 = ORIENTED_EDGE('',*,*,#7506,.T.);
#7539 = ORIENTED_EDGE('',*,*,#7474,.F.);
#7540 = PLANE('',#7541);
#7541 = AXIS2_PLACEMENT_3D('',#7542,#7543,#7544);
#7542 = CARTESIAN_POINT('',(364.5,-214.5,648.));
#7543 = DIRECTION('',(1.,0.,0.));
#7544 = DIRECTION('',(0.,0.,1.));
#7545 = MANIFOLD_SOLID_BREP('',#7546);
#7546 = CLOSED_SHELL('',(#7547,#7621,#7652,#7676,#7700,#7717,#7748,#7772
    ,#7796,#7813));
#7547 = ADVANCED_FACE('',(#7548,#7582),#7616,.F.);
#7548 = FACE_BOUND('',#7549,.F.);
#7549 = EDGE_LOOP('',(#7550,#7560,#7568,#7576));
#7550 = ORIENTED_EDGE('',*,*,#7551,.F.);
#7551 = EDGE_CURVE('',#7552,#7554,#7556,.T.);
#7552 = VERTEX_POINT('',#7553);
#7553 = CARTESIAN_POINT('',(-332.5,-217.5,150.));
#7554 = VERTEX_POINT('',#7555);
#7555 = CARTESIAN_POINT('',(-332.5,-217.5,185.));
#7556 = LINE('',#7557,#7558);
#7557 = CARTESIAN_POINT('',(-332.5,-217.5,150.));
#7558 = VECTOR('',#7559,1.);
#7559 = DIRECTION('',(0.,0.,1.));
#7560 = ORIENTED_EDGE('',*,*,#7561,.T.);
#7561 = EDGE_CURVE('',#7552,#7562,#7564,.T.);
#7562 = VERTEX_POINT('',#7563);
#7563 = CARTESIAN_POINT('',(-332.5,-182.5,150.));
#7564 = LINE('',#7565,#7566);
#7565 = CARTESIAN_POINT('',(-332.5,-217.5,150.));
#7566 = VECTOR('',#7567,1.);
#7567 = DIRECTION('',(0.,1.,0.));
#7568 = ORIENTED_EDGE('',*,*,#7569,.T.);
#7569 = EDGE_CURVE('',#7562,#7570,#7572,.T.);
#7570 = VERTEX_POINT('',#7571);
#7571 = CARTESIAN_POINT('',(-332.5,-182.5,185.));
#7572 = LINE('',#7573,#7574);
#7573 = CARTESIAN_POINT('',(-332.5,-182.5,150.));
#7574 = VECTOR('',#7575,1.);
#7575 = DIRECTION('',(0.,0.,1.));
#7576 = ORIENTED_EDGE('',*,*,#7577,.F.);
#7577 = EDGE_CURVE('',#7554,#7570,#7578,.T.);
#7578 = LINE('',#7579,#7580);
#7579 = CARTESIAN_POINT('',(-332.5,-217.5,185.));
#7580 = VECTOR('',#7581,1.);
#7581 = DIRECTION('',(0.,1.,0.));
#7582 = FACE_BOUND('',#7583,.F.);
#7583 = EDGE_LOOP('',(#7584,#7594,#7602,#7610));
#7584 = ORIENTED_EDGE('',*,*,#7585,.F.);
#7585 = EDGE_CURVE('',#7586,#7588,#7590,.T.);
#7586 = VERTEX_POINT('',#7587);
#7587 = CARTESIAN_POINT('',(-332.5,-214.5,153.));
#7588 = VERTEX_POINT('',#7589);
#7589 = CARTESIAN_POINT('',(-332.5,-185.5,153.));
#7590 = LINE('',#7591,#7592);
#7591 = CARTESIAN_POINT('',(-332.5,-214.5,153.));
#7592 = VECTOR('',#7593,1.);
#7593 = DIRECTION('',(0.,1.,0.));
#7594 = ORIENTED_EDGE('',*,*,#7595,.T.);
#7595 = EDGE_CURVE('',#7586,#7596,#7598,.T.);
#7596 = VERTEX_POINT('',#7597);
#7597 = CARTESIAN_POINT('',(-332.5,-214.5,182.));
#7598 = LINE('',#7599,#7600);
#7599 = CARTESIAN_POINT('',(-332.5,-214.5,153.));
#7600 = VECTOR('',#7601,1.);
#7601 = DIRECTION('',(0.,0.,1.));
#7602 = ORIENTED_EDGE('',*,*,#7603,.T.);
#7603 = EDGE_CURVE('',#7596,#7604,#7606,.T.);
#7604 = VERTEX_POINT('',#7605);
#7605 = CARTESIAN_POINT('',(-332.5,-185.5,182.));
#7606 = LINE('',#7607,#7608);
#7607 = CARTESIAN_POINT('',(-332.5,-214.5,182.));
#7608 = VECTOR('',#7609,1.);
#7609 = DIRECTION('',(0.,1.,0.));
#7610 = ORIENTED_EDGE('',*,*,#7611,.F.);
#7611 = EDGE_CURVE('',#7588,#7604,#7612,.T.);
#7612 = LINE('',#7613,#7614);
#7613 = CARTESIAN_POINT('',(-332.5,-185.5,153.));
#7614 = VECTOR('',#7615,1.);
#7615 = DIRECTION('',(0.,0.,1.));
#7616 = PLANE('',#7617);
#7617 = AXIS2_PLACEMENT_3D('',#7618,#7619,#7620);
#7618 = CARTESIAN_POINT('',(-332.5,-217.5,150.));
#7619 = DIRECTION('',(1.,0.,0.));
#7620 = DIRECTION('',(0.,0.,1.));
#7621 = ADVANCED_FACE('',(#7622),#7647,.F.);
#7622 = FACE_BOUND('',#7623,.F.);
#7623 = EDGE_LOOP('',(#7624,#7632,#7633,#7641));
#7624 = ORIENTED_EDGE('',*,*,#7625,.F.);
#7625 = EDGE_CURVE('',#7552,#7626,#7628,.T.);
#7626 = VERTEX_POINT('',#7627);
#7627 = CARTESIAN_POINT('',(332.5,-217.5,150.));
#7628 = LINE('',#7629,#7630);
#7629 = CARTESIAN_POINT('',(-332.5,-217.5,150.));
#7630 = VECTOR('',#7631,1.);
#7631 = DIRECTION('',(1.,0.,0.));
#7632 = ORIENTED_EDGE('',*,*,#7551,.T.);
#7633 = ORIENTED_EDGE('',*,*,#7634,.T.);
#7634 = EDGE_CURVE('',#7554,#7635,#7637,.T.);
#7635 = VERTEX_POINT('',#7636);
#7636 = CARTESIAN_POINT('',(332.5,-217.5,185.));
#7637 = LINE('',#7638,#7639);
#7638 = CARTESIAN_POINT('',(-332.5,-217.5,185.));
#7639 = VECTOR('',#7640,1.);
#7640 = DIRECTION('',(1.,0.,0.));
#7641 = ORIENTED_EDGE('',*,*,#7642,.F.);
#7642 = EDGE_CURVE('',#7626,#7635,#7643,.T.);
#7643 = LINE('',#7644,#7645);
#7644 = CARTESIAN_POINT('',(332.5,-217.5,150.));
#7645 = VECTOR('',#7646,1.);
#7646 = DIRECTION('',(0.,0.,1.));
#7647 = PLANE('',#7648);
#7648 = AXIS2_PLACEMENT_3D('',#7649,#7650,#7651);
#7649 = CARTESIAN_POINT('',(-332.5,-217.5,150.));
#7650 = DIRECTION('',(0.,1.,0.));
#7651 = DIRECTION('',(0.,0.,1.));
#7652 = ADVANCED_FACE('',(#7653),#7671,.T.);
#7653 = FACE_BOUND('',#7654,.T.);
#7654 = EDGE_LOOP('',(#7655,#7656,#7657,#7665));
#7655 = ORIENTED_EDGE('',*,*,#7577,.F.);
#7656 = ORIENTED_EDGE('',*,*,#7634,.T.);
#7657 = ORIENTED_EDGE('',*,*,#7658,.T.);
#7658 = EDGE_CURVE('',#7635,#7659,#7661,.T.);
#7659 = VERTEX_POINT('',#7660);
#7660 = CARTESIAN_POINT('',(332.5,-182.5,185.));
#7661 = LINE('',#7662,#7663);
#7662 = CARTESIAN_POINT('',(332.5,-217.5,185.));
#7663 = VECTOR('',#7664,1.);
#7664 = DIRECTION('',(0.,1.,0.));
#7665 = ORIENTED_EDGE('',*,*,#7666,.F.);
#7666 = EDGE_CURVE('',#7570,#7659,#7667,.T.);
#7667 = LINE('',#7668,#7669);
#7668 = CARTESIAN_POINT('',(-332.5,-182.5,185.));
#7669 = VECTOR('',#7670,1.);
#7670 = DIRECTION('',(1.,0.,0.));
#7671 = PLANE('',#7672);
#7672 = AXIS2_PLACEMENT_3D('',#7673,#7674,#7675);
#7673 = CARTESIAN_POINT('',(-332.5,-217.5,185.));
#7674 = DIRECTION('',(0.,0.,1.));
#7675 = DIRECTION('',(1.,0.,0.));
#7676 = ADVANCED_FACE('',(#7677),#7695,.F.);
#7677 = FACE_BOUND('',#7678,.F.);
#7678 = EDGE_LOOP('',(#7679,#7680,#7681,#7689));
#7679 = ORIENTED_EDGE('',*,*,#7561,.F.);
#7680 = ORIENTED_EDGE('',*,*,#7625,.T.);
#7681 = ORIENTED_EDGE('',*,*,#7682,.T.);
#7682 = EDGE_CURVE('',#7626,#7683,#7685,.T.);
#7683 = VERTEX_POINT('',#7684);
#7684 = CARTESIAN_POINT('',(332.5,-182.5,150.));
#7685 = LINE('',#7686,#7687);
#7686 = CARTESIAN_POINT('',(332.5,-217.5,150.));
#7687 = VECTOR('',#7688,1.);
#7688 = DIRECTION('',(0.,1.,0.));
#7689 = ORIENTED_EDGE('',*,*,#7690,.F.);
#7690 = EDGE_CURVE('',#7562,#7683,#7691,.T.);
#7691 = LINE('',#7692,#7693);
#7692 = CARTESIAN_POINT('',(-332.5,-182.5,150.));
#7693 = VECTOR('',#7694,1.);
#7694 = DIRECTION('',(1.,0.,0.));
#7695 = PLANE('',#7696);
#7696 = AXIS2_PLACEMENT_3D('',#7697,#7698,#7699);
#7697 = CARTESIAN_POINT('',(-332.5,-217.5,150.));
#7698 = DIRECTION('',(0.,0.,1.));
#7699 = DIRECTION('',(1.,0.,0.));
#7700 = ADVANCED_FACE('',(#7701),#7712,.T.);
#7701 = FACE_BOUND('',#7702,.T.);
#7702 = EDGE_LOOP('',(#7703,#7704,#7705,#7706));
#7703 = ORIENTED_EDGE('',*,*,#7690,.F.);
#7704 = ORIENTED_EDGE('',*,*,#7569,.T.);
#7705 = ORIENTED_EDGE('',*,*,#7666,.T.);
#7706 = ORIENTED_EDGE('',*,*,#7707,.F.);
#7707 = EDGE_CURVE('',#7683,#7659,#7708,.T.);
#7708 = LINE('',#7709,#7710);
#7709 = CARTESIAN_POINT('',(332.5,-182.5,150.));
#7710 = VECTOR('',#7711,1.);
#7711 = DIRECTION('',(0.,0.,1.));
#7712 = PLANE('',#7713);
#7713 = AXIS2_PLACEMENT_3D('',#7714,#7715,#7716);
#7714 = CARTESIAN_POINT('',(-332.5,-182.5,150.));
#7715 = DIRECTION('',(0.,1.,0.));
#7716 = DIRECTION('',(0.,0.,1.));
#7717 = ADVANCED_FACE('',(#7718),#7743,.T.);
#7718 = FACE_BOUND('',#7719,.T.);
#7719 = EDGE_LOOP('',(#7720,#7721,#7729,#7737));
#7720 = ORIENTED_EDGE('',*,*,#7585,.F.);
#7721 = ORIENTED_EDGE('',*,*,#7722,.T.);
#7722 = EDGE_CURVE('',#7586,#7723,#7725,.T.);
#7723 = VERTEX_POINT('',#7724);
#7724 = CARTESIAN_POINT('',(332.5,-214.5,153.));
#7725 = LINE('',#7726,#7727);
#7726 = CARTESIAN_POINT('',(-332.5,-214.5,153.));
#7727 = VECTOR('',#7728,1.);
#7728 = DIRECTION('',(1.,0.,0.));
#7729 = ORIENTED_EDGE('',*,*,#7730,.T.);
#7730 = EDGE_CURVE('',#7723,#7731,#7733,.T.);
#7731 = VERTEX_POINT('',#7732);
#7732 = CARTESIAN_POINT('',(332.5,-185.5,153.));
#7733 = LINE('',#7734,#7735);
#7734 = CARTESIAN_POINT('',(332.5,-214.5,153.));
#7735 = VECTOR('',#7736,1.);
#7736 = DIRECTION('',(0.,1.,0.));
#7737 = ORIENTED_EDGE('',*,*,#7738,.F.);
#7738 = EDGE_CURVE('',#7588,#7731,#7739,.T.);
#7739 = LINE('',#7740,#7741);
#7740 = CARTESIAN_POINT('',(-332.5,-185.5,153.));
#7741 = VECTOR('',#7742,1.);
#7742 = DIRECTION('',(1.,0.,0.));
#7743 = PLANE('',#7744);
#7744 = AXIS2_PLACEMENT_3D('',#7745,#7746,#7747);
#7745 = CARTESIAN_POINT('',(-332.5,-214.5,153.));
#7746 = DIRECTION('',(0.,0.,1.));
#7747 = DIRECTION('',(1.,0.,0.));
#7748 = ADVANCED_FACE('',(#7749),#7767,.F.);
#7749 = FACE_BOUND('',#7750,.F.);
#7750 = EDGE_LOOP('',(#7751,#7752,#7753,#7761));
#7751 = ORIENTED_EDGE('',*,*,#7738,.F.);
#7752 = ORIENTED_EDGE('',*,*,#7611,.T.);
#7753 = ORIENTED_EDGE('',*,*,#7754,.T.);
#7754 = EDGE_CURVE('',#7604,#7755,#7757,.T.);
#7755 = VERTEX_POINT('',#7756);
#7756 = CARTESIAN_POINT('',(332.5,-185.5,182.));
#7757 = LINE('',#7758,#7759);
#7758 = CARTESIAN_POINT('',(-332.5,-185.5,182.));
#7759 = VECTOR('',#7760,1.);
#7760 = DIRECTION('',(1.,0.,0.));
#7761 = ORIENTED_EDGE('',*,*,#7762,.F.);
#7762 = EDGE_CURVE('',#7731,#7755,#7763,.T.);
#7763 = LINE('',#7764,#7765);
#7764 = CARTESIAN_POINT('',(332.5,-185.5,153.));
#7765 = VECTOR('',#7766,1.);
#7766 = DIRECTION('',(0.,0.,1.));
#7767 = PLANE('',#7768);
#7768 = AXIS2_PLACEMENT_3D('',#7769,#7770,#7771);
#7769 = CARTESIAN_POINT('',(-332.5,-185.5,153.));
#7770 = DIRECTION('',(0.,1.,0.));
#7771 = DIRECTION('',(0.,0.,1.));
#7772 = ADVANCED_FACE('',(#7773),#7791,.F.);
#7773 = FACE_BOUND('',#7774,.F.);
#7774 = EDGE_LOOP('',(#7775,#7776,#7784,#7790));
#7775 = ORIENTED_EDGE('',*,*,#7603,.F.);
#7776 = ORIENTED_EDGE('',*,*,#7777,.T.);
#7777 = EDGE_CURVE('',#7596,#7778,#7780,.T.);
#7778 = VERTEX_POINT('',#7779);
#7779 = CARTESIAN_POINT('',(332.5,-214.5,182.));
#7780 = LINE('',#7781,#7782);
#7781 = CARTESIAN_POINT('',(-332.5,-214.5,182.));
#7782 = VECTOR('',#7783,1.);
#7783 = DIRECTION('',(1.,0.,0.));
#7784 = ORIENTED_EDGE('',*,*,#7785,.T.);
#7785 = EDGE_CURVE('',#7778,#7755,#7786,.T.);
#7786 = LINE('',#7787,#7788);
#7787 = CARTESIAN_POINT('',(332.5,-214.5,182.));
#7788 = VECTOR('',#7789,1.);
#7789 = DIRECTION('',(0.,1.,0.));
#7790 = ORIENTED_EDGE('',*,*,#7754,.F.);
#7791 = PLANE('',#7792);
#7792 = AXIS2_PLACEMENT_3D('',#7793,#7794,#7795);
#7793 = CARTESIAN_POINT('',(-332.5,-214.5,182.));
#7794 = DIRECTION('',(0.,0.,1.));
#7795 = DIRECTION('',(1.,0.,0.));
#7796 = ADVANCED_FACE('',(#7797),#7808,.T.);
#7797 = FACE_BOUND('',#7798,.T.);
#7798 = EDGE_LOOP('',(#7799,#7800,#7801,#7802));
#7799 = ORIENTED_EDGE('',*,*,#7722,.F.);
#7800 = ORIENTED_EDGE('',*,*,#7595,.T.);
#7801 = ORIENTED_EDGE('',*,*,#7777,.T.);
#7802 = ORIENTED_EDGE('',*,*,#7803,.F.);
#7803 = EDGE_CURVE('',#7723,#7778,#7804,.T.);
#7804 = LINE('',#7805,#7806);
#7805 = CARTESIAN_POINT('',(332.5,-214.5,153.));
#7806 = VECTOR('',#7807,1.);
#7807 = DIRECTION('',(0.,0.,1.));
#7808 = PLANE('',#7809);
#7809 = AXIS2_PLACEMENT_3D('',#7810,#7811,#7812);
#7810 = CARTESIAN_POINT('',(-332.5,-214.5,153.));
#7811 = DIRECTION('',(0.,1.,0.));
#7812 = DIRECTION('',(0.,0.,1.));
#7813 = ADVANCED_FACE('',(#7814,#7820),#7826,.T.);
#7814 = FACE_BOUND('',#7815,.T.);
#7815 = EDGE_LOOP('',(#7816,#7817,#7818,#7819));
#7816 = ORIENTED_EDGE('',*,*,#7642,.F.);
#7817 = ORIENTED_EDGE('',*,*,#7682,.T.);
#7818 = ORIENTED_EDGE('',*,*,#7707,.T.);
#7819 = ORIENTED_EDGE('',*,*,#7658,.F.);
#7820 = FACE_BOUND('',#7821,.T.);
#7821 = EDGE_LOOP('',(#7822,#7823,#7824,#7825));
#7822 = ORIENTED_EDGE('',*,*,#7730,.F.);
#7823 = ORIENTED_EDGE('',*,*,#7803,.T.);
#7824 = ORIENTED_EDGE('',*,*,#7785,.T.);
#7825 = ORIENTED_EDGE('',*,*,#7762,.F.);
#7826 = PLANE('',#7827);
#7827 = AXIS2_PLACEMENT_3D('',#7828,#7829,#7830);
#7828 = CARTESIAN_POINT('',(332.5,-217.5,150.));
#7829 = DIRECTION('',(1.,0.,0.));
#7830 = DIRECTION('',(0.,0.,1.));
#7831 = MANIFOLD_SOLID_BREP('',#7832);
#7832 = CLOSED_SHELL('',(#7833,#7873,#7938,#7962,#8020,#8037,#8049,#8071
    ,#8088,#8105));
#7833 = ADVANCED_FACE('',(#7834),#7868,.F.);
#7834 = FACE_BOUND('',#7835,.F.);
#7835 = EDGE_LOOP('',(#7836,#7846,#7854,#7862));
#7836 = ORIENTED_EDGE('',*,*,#7837,.F.);
#7837 = EDGE_CURVE('',#7838,#7840,#7842,.T.);
#7838 = VERTEX_POINT('',#7839);
#7839 = CARTESIAN_POINT('',(-367.5,-182.5,150.));
#7840 = VERTEX_POINT('',#7841);
#7841 = CARTESIAN_POINT('',(-367.5,-182.5,185.));
#7842 = LINE('',#7843,#7844);
#7843 = CARTESIAN_POINT('',(-367.5,-182.5,150.));
#7844 = VECTOR('',#7845,1.);
#7845 = DIRECTION('',(0.,0.,1.));
#7846 = ORIENTED_EDGE('',*,*,#7847,.T.);
#7847 = EDGE_CURVE('',#7838,#7848,#7850,.T.);
#7848 = VERTEX_POINT('',#7849);
#7849 = CARTESIAN_POINT('',(-367.5,182.5,150.));
#7850 = LINE('',#7851,#7852);
#7851 = CARTESIAN_POINT('',(-367.5,-182.5,150.));
#7852 = VECTOR('',#7853,1.);
#7853 = DIRECTION('',(0.,1.,0.));
#7854 = ORIENTED_EDGE('',*,*,#7855,.T.);
#7855 = EDGE_CURVE('',#7848,#7856,#7858,.T.);
#7856 = VERTEX_POINT('',#7857);
#7857 = CARTESIAN_POINT('',(-367.5,182.5,185.));
#7858 = LINE('',#7859,#7860);
#7859 = CARTESIAN_POINT('',(-367.5,182.5,150.));
#7860 = VECTOR('',#7861,1.);
#7861 = DIRECTION('',(0.,0.,1.));
#7862 = ORIENTED_EDGE('',*,*,#7863,.F.);
#7863 = EDGE_CURVE('',#7840,#7856,#7864,.T.);
#7864 = LINE('',#7865,#7866);
#7865 = CARTESIAN_POINT('',(-367.5,-182.5,185.));
#7866 = VECTOR('',#7867,1.);
#7867 = DIRECTION('',(0.,1.,0.));
#7868 = PLANE('',#7869);
#7869 = AXIS2_PLACEMENT_3D('',#7870,#7871,#7872);
#7870 = CARTESIAN_POINT('',(-367.5,-182.5,150.));
#7871 = DIRECTION('',(1.,0.,0.));
#7872 = DIRECTION('',(0.,0.,1.));
#7873 = ADVANCED_FACE('',(#7874,#7899),#7933,.F.);
#7874 = FACE_BOUND('',#7875,.F.);
#7875 = EDGE_LOOP('',(#7876,#7884,#7885,#7893));
#7876 = ORIENTED_EDGE('',*,*,#7877,.F.);
#7877 = EDGE_CURVE('',#7838,#7878,#7880,.T.);
#7878 = VERTEX_POINT('',#7879);
#7879 = CARTESIAN_POINT('',(-332.5,-182.5,150.));
#7880 = LINE('',#7881,#7882);
#7881 = CARTESIAN_POINT('',(-367.5,-182.5,150.));
#7882 = VECTOR('',#7883,1.);
#7883 = DIRECTION('',(1.,0.,0.));
#7884 = ORIENTED_EDGE('',*,*,#7837,.T.);
#7885 = ORIENTED_EDGE('',*,*,#7886,.T.);
#7886 = EDGE_CURVE('',#7840,#7887,#7889,.T.);
#7887 = VERTEX_POINT('',#7888);
#7888 = CARTESIAN_POINT('',(-332.5,-182.5,185.));
#7889 = LINE('',#7890,#7891);
#7890 = CARTESIAN_POINT('',(-367.5,-182.5,185.));
#7891 = VECTOR('',#7892,1.);
#7892 = DIRECTION('',(1.,0.,0.));
#7893 = ORIENTED_EDGE('',*,*,#7894,.F.);
#7894 = EDGE_CURVE('',#7878,#7887,#7895,.T.);
#7895 = LINE('',#7896,#7897);
#7896 = CARTESIAN_POINT('',(-332.5,-182.5,150.));
#7897 = VECTOR('',#7898,1.);
#7898 = DIRECTION('',(0.,0.,1.));
#7899 = FACE_BOUND('',#7900,.F.);
#7900 = EDGE_LOOP('',(#7901,#7911,#7919,#7927));
#7901 = ORIENTED_EDGE('',*,*,#7902,.F.);
#7902 = EDGE_CURVE('',#7903,#7905,#7907,.T.);
#7903 = VERTEX_POINT('',#7904);
#7904 = CARTESIAN_POINT('',(-364.5,-182.5,153.));
#7905 = VERTEX_POINT('',#7906);
#7906 = CARTESIAN_POINT('',(-364.5,-182.5,182.));
#7907 = LINE('',#7908,#7909);
#7908 = CARTESIAN_POINT('',(-364.5,-182.5,153.));
#7909 = VECTOR('',#7910,1.);
#7910 = DIRECTION('',(0.,0.,1.));
#7911 = ORIENTED_EDGE('',*,*,#7912,.T.);
#7912 = EDGE_CURVE('',#7903,#7913,#7915,.T.);
#7913 = VERTEX_POINT('',#7914);
#7914 = CARTESIAN_POINT('',(-335.5,-182.5,153.));
#7915 = LINE('',#7916,#7917);
#7916 = CARTESIAN_POINT('',(-364.5,-182.5,153.));
#7917 = VECTOR('',#7918,1.);
#7918 = DIRECTION('',(1.,0.,0.));
#7919 = ORIENTED_EDGE('',*,*,#7920,.T.);
#7920 = EDGE_CURVE('',#7913,#7921,#7923,.T.);
#7921 = VERTEX_POINT('',#7922);
#7922 = CARTESIAN_POINT('',(-335.5,-182.5,182.));
#7923 = LINE('',#7924,#7925);
#7924 = CARTESIAN_POINT('',(-335.5,-182.5,153.));
#7925 = VECTOR('',#7926,1.);
#7926 = DIRECTION('',(0.,0.,1.));
#7927 = ORIENTED_EDGE('',*,*,#7928,.F.);
#7928 = EDGE_CURVE('',#7905,#7921,#7929,.T.);
#7929 = LINE('',#7930,#7931);
#7930 = CARTESIAN_POINT('',(-364.5,-182.5,182.));
#7931 = VECTOR('',#7932,1.);
#7932 = DIRECTION('',(1.,0.,0.));
#7933 = PLANE('',#7934);
#7934 = AXIS2_PLACEMENT_3D('',#7935,#7936,#7937);
#7935 = CARTESIAN_POINT('',(-367.5,-182.5,150.));
#7936 = DIRECTION('',(0.,1.,0.));
#7937 = DIRECTION('',(0.,0.,1.));
#7938 = ADVANCED_FACE('',(#7939),#7957,.T.);
#7939 = FACE_BOUND('',#7940,.T.);
#7940 = EDGE_LOOP('',(#7941,#7942,#7943,#7951));
#7941 = ORIENTED_EDGE('',*,*,#7863,.F.);
#7942 = ORIENTED_EDGE('',*,*,#7886,.T.);
#7943 = ORIENTED_EDGE('',*,*,#7944,.T.);
#7944 = EDGE_CURVE('',#7887,#7945,#7947,.T.);
#7945 = VERTEX_POINT('',#7946);
#7946 = CARTESIAN_POINT('',(-332.5,182.5,185.));
#7947 = LINE('',#7948,#7949);
#7948 = CARTESIAN_POINT('',(-332.5,-182.5,185.));
#7949 = VECTOR('',#7950,1.);
#7950 = DIRECTION('',(0.,1.,0.));
#7951 = ORIENTED_EDGE('',*,*,#7952,.F.);
#7952 = EDGE_CURVE('',#7856,#7945,#7953,.T.);
#7953 = LINE('',#7954,#7955);
#7954 = CARTESIAN_POINT('',(-367.5,182.5,185.));
#7955 = VECTOR('',#7956,1.);
#7956 = DIRECTION('',(1.,0.,0.));
#7957 = PLANE('',#7958);
#7958 = AXIS2_PLACEMENT_3D('',#7959,#7960,#7961);
#7959 = CARTESIAN_POINT('',(-367.5,-182.5,185.));
#7960 = DIRECTION('',(0.,0.,1.));
#7961 = DIRECTION('',(1.,0.,0.));
#7962 = ADVANCED_FACE('',(#7963,#7981),#8015,.T.);
#7963 = FACE_BOUND('',#7964,.T.);
#7964 = EDGE_LOOP('',(#7965,#7973,#7974,#7975));
#7965 = ORIENTED_EDGE('',*,*,#7966,.F.);
#7966 = EDGE_CURVE('',#7848,#7967,#7969,.T.);
#7967 = VERTEX_POINT('',#7968);
#7968 = CARTESIAN_POINT('',(-332.5,182.5,150.));
#7969 = LINE('',#7970,#7971);
#7970 = CARTESIAN_POINT('',(-367.5,182.5,150.));
#7971 = VECTOR('',#7972,1.);
#7972 = DIRECTION('',(1.,0.,0.));
#7973 = ORIENTED_EDGE('',*,*,#7855,.T.);
#7974 = ORIENTED_EDGE('',*,*,#7952,.T.);
#7975 = ORIENTED_EDGE('',*,*,#7976,.F.);
#7976 = EDGE_CURVE('',#7967,#7945,#7977,.T.);
#7977 = LINE('',#7978,#7979);
#7978 = CARTESIAN_POINT('',(-332.5,182.5,150.));
#7979 = VECTOR('',#7980,1.);
#7980 = DIRECTION('',(0.,0.,1.));
#7981 = FACE_BOUND('',#7982,.T.);
#7982 = EDGE_LOOP('',(#7983,#7993,#8001,#8009));
#7983 = ORIENTED_EDGE('',*,*,#7984,.F.);
#7984 = EDGE_CURVE('',#7985,#7987,#7989,.T.);
#7985 = VERTEX_POINT('',#7986);
#7986 = CARTESIAN_POINT('',(-364.5,182.5,153.));
#7987 = VERTEX_POINT('',#7988);
#7988 = CARTESIAN_POINT('',(-364.5,182.5,182.));
#7989 = LINE('',#7990,#7991);
#7990 = CARTESIAN_POINT('',(-364.5,182.5,153.));
#7991 = VECTOR('',#7992,1.);
#7992 = DIRECTION('',(0.,0.,1.));
#7993 = ORIENTED_EDGE('',*,*,#7994,.T.);
#7994 = EDGE_CURVE('',#7985,#7995,#7997,.T.);
#7995 = VERTEX_POINT('',#7996);
#7996 = CARTESIAN_POINT('',(-335.5,182.5,153.));
#7997 = LINE('',#7998,#7999);
#7998 = CARTESIAN_POINT('',(-364.5,182.5,153.));
#7999 = VECTOR('',#8000,1.);
#8000 = DIRECTION('',(1.,0.,0.));
#8001 = ORIENTED_EDGE('',*,*,#8002,.T.);
#8002 = EDGE_CURVE('',#7995,#8003,#8005,.T.);
#8003 = VERTEX_POINT('',#8004);
#8004 = CARTESIAN_POINT('',(-335.5,182.5,182.));
#8005 = LINE('',#8006,#8007);
#8006 = CARTESIAN_POINT('',(-335.5,182.5,153.));
#8007 = VECTOR('',#8008,1.);
#8008 = DIRECTION('',(0.,0.,1.));
#8009 = ORIENTED_EDGE('',*,*,#8010,.F.);
#8010 = EDGE_CURVE('',#7987,#8003,#8011,.T.);
#8011 = LINE('',#8012,#8013);
#8012 = CARTESIAN_POINT('',(-364.5,182.5,182.));
#8013 = VECTOR('',#8014,1.);
#8014 = DIRECTION('',(1.,0.,0.));
#8015 = PLANE('',#8016);
#8016 = AXIS2_PLACEMENT_3D('',#8017,#8018,#8019);
#8017 = CARTESIAN_POINT('',(-367.5,182.5,150.));
#8018 = DIRECTION('',(0.,1.,0.));
#8019 = DIRECTION('',(0.,0.,1.));
#8020 = ADVANCED_FACE('',(#8021),#8032,.F.);
#8021 = FACE_BOUND('',#8022,.F.);
#8022 = EDGE_LOOP('',(#8023,#8024,#8025,#8031));
#8023 = ORIENTED_EDGE('',*,*,#7847,.F.);
#8024 = ORIENTED_EDGE('',*,*,#7877,.T.);
#8025 = ORIENTED_EDGE('',*,*,#8026,.T.);
#8026 = EDGE_CURVE('',#7878,#7967,#8027,.T.);
#8027 = LINE('',#8028,#8029);
#8028 = CARTESIAN_POINT('',(-332.5,-182.5,150.));
#8029 = VECTOR('',#8030,1.);
#8030 = DIRECTION('',(0.,1.,0.));
#8031 = ORIENTED_EDGE('',*,*,#7966,.F.);
#8032 = PLANE('',#8033);
#8033 = AXIS2_PLACEMENT_3D('',#8034,#8035,#8036);
#8034 = CARTESIAN_POINT('',(-367.5,-182.5,150.));
#8035 = DIRECTION('',(0.,0.,1.));
#8036 = DIRECTION('',(1.,0.,0.));
#8037 = ADVANCED_FACE('',(#8038),#8044,.T.);
#8038 = FACE_BOUND('',#8039,.T.);
#8039 = EDGE_LOOP('',(#8040,#8041,#8042,#8043));
#8040 = ORIENTED_EDGE('',*,*,#7894,.F.);
#8041 = ORIENTED_EDGE('',*,*,#8026,.T.);
#8042 = ORIENTED_EDGE('',*,*,#7976,.T.);
#8043 = ORIENTED_EDGE('',*,*,#7944,.F.);
#8044 = PLANE('',#8045);
#8045 = AXIS2_PLACEMENT_3D('',#8046,#8047,#8048);
#8046 = CARTESIAN_POINT('',(-332.5,-182.5,150.));
#8047 = DIRECTION('',(1.,0.,0.));
#8048 = DIRECTION('',(0.,0.,1.));
#8049 = ADVANCED_FACE('',(#8050),#8066,.T.);
#8050 = FACE_BOUND('',#8051,.T.);
#8051 = EDGE_LOOP('',(#8052,#8053,#8059,#8060));
#8052 = ORIENTED_EDGE('',*,*,#7902,.F.);
#8053 = ORIENTED_EDGE('',*,*,#8054,.T.);
#8054 = EDGE_CURVE('',#7903,#7985,#8055,.T.);
#8055 = LINE('',#8056,#8057);
#8056 = CARTESIAN_POINT('',(-364.5,-182.5,153.));
#8057 = VECTOR('',#8058,1.);
#8058 = DIRECTION('',(0.,1.,0.));
#8059 = ORIENTED_EDGE('',*,*,#7984,.T.);
#8060 = ORIENTED_EDGE('',*,*,#8061,.F.);
#8061 = EDGE_CURVE('',#7905,#7987,#8062,.T.);
#8062 = LINE('',#8063,#8064);
#8063 = CARTESIAN_POINT('',(-364.5,-182.5,182.));
#8064 = VECTOR('',#8065,1.);
#8065 = DIRECTION('',(0.,1.,0.));
#8066 = PLANE('',#8067);
#8067 = AXIS2_PLACEMENT_3D('',#8068,#8069,#8070);
#8068 = CARTESIAN_POINT('',(-364.5,-182.5,153.));
#8069 = DIRECTION('',(1.,0.,0.));
#8070 = DIRECTION('',(0.,0.,1.));
#8071 = ADVANCED_FACE('',(#8072),#8083,.F.);
#8072 = FACE_BOUND('',#8073,.F.);
#8073 = EDGE_LOOP('',(#8074,#8075,#8076,#8082));
#8074 = ORIENTED_EDGE('',*,*,#8061,.F.);
#8075 = ORIENTED_EDGE('',*,*,#7928,.T.);
#8076 = ORIENTED_EDGE('',*,*,#8077,.T.);
#8077 = EDGE_CURVE('',#7921,#8003,#8078,.T.);
#8078 = LINE('',#8079,#8080);
#8079 = CARTESIAN_POINT('',(-335.5,-182.5,182.));
#8080 = VECTOR('',#8081,1.);
#8081 = DIRECTION('',(0.,1.,0.));
#8082 = ORIENTED_EDGE('',*,*,#8010,.F.);
#8083 = PLANE('',#8084);
#8084 = AXIS2_PLACEMENT_3D('',#8085,#8086,#8087);
#8085 = CARTESIAN_POINT('',(-364.5,-182.5,182.));
#8086 = DIRECTION('',(0.,0.,1.));
#8087 = DIRECTION('',(1.,0.,0.));
#8088 = ADVANCED_FACE('',(#8089),#8100,.F.);
#8089 = FACE_BOUND('',#8090,.F.);
#8090 = EDGE_LOOP('',(#8091,#8092,#8098,#8099));
#8091 = ORIENTED_EDGE('',*,*,#7920,.F.);
#8092 = ORIENTED_EDGE('',*,*,#8093,.T.);
#8093 = EDGE_CURVE('',#7913,#7995,#8094,.T.);
#8094 = LINE('',#8095,#8096);
#8095 = CARTESIAN_POINT('',(-335.5,-182.5,153.));
#8096 = VECTOR('',#8097,1.);
#8097 = DIRECTION('',(0.,1.,0.));
#8098 = ORIENTED_EDGE('',*,*,#8002,.T.);
#8099 = ORIENTED_EDGE('',*,*,#8077,.F.);
#8100 = PLANE('',#8101);
#8101 = AXIS2_PLACEMENT_3D('',#8102,#8103,#8104);
#8102 = CARTESIAN_POINT('',(-335.5,-182.5,153.));
#8103 = DIRECTION('',(1.,0.,0.));
#8104 = DIRECTION('',(0.,0.,1.));
#8105 = ADVANCED_FACE('',(#8106),#8112,.T.);
#8106 = FACE_BOUND('',#8107,.T.);
#8107 = EDGE_LOOP('',(#8108,#8109,#8110,#8111));
#8108 = ORIENTED_EDGE('',*,*,#8054,.F.);
#8109 = ORIENTED_EDGE('',*,*,#7912,.T.);
#8110 = ORIENTED_EDGE('',*,*,#8093,.T.);
#8111 = ORIENTED_EDGE('',*,*,#7994,.F.);
#8112 = PLANE('',#8113);
#8113 = AXIS2_PLACEMENT_3D('',#8114,#8115,#8116);
#8114 = CARTESIAN_POINT('',(-364.5,-182.5,153.));
#8115 = DIRECTION('',(0.,0.,1.));
#8116 = DIRECTION('',(1.,0.,0.));
#8117 = MANIFOLD_SOLID_BREP('',#8118);
#8118 = CLOSED_SHELL('',(#8119,#8193,#8224,#8248,#8272,#8289,#8320,#8344
    ,#8368,#8385));
#8119 = ADVANCED_FACE('',(#8120,#8154),#8188,.F.);
#8120 = FACE_BOUND('',#8121,.F.);
#8121 = EDGE_LOOP('',(#8122,#8132,#8140,#8148));
#8122 = ORIENTED_EDGE('',*,*,#8123,.F.);
#8123 = EDGE_CURVE('',#8124,#8126,#8128,.T.);
#8124 = VERTEX_POINT('',#8125);
#8125 = CARTESIAN_POINT('',(-332.5,182.5,150.));
#8126 = VERTEX_POINT('',#8127);
#8127 = CARTESIAN_POINT('',(-332.5,182.5,185.));
#8128 = LINE('',#8129,#8130);
#8129 = CARTESIAN_POINT('',(-332.5,182.5,150.));
#8130 = VECTOR('',#8131,1.);
#8131 = DIRECTION('',(0.,0.,1.));
#8132 = ORIENTED_EDGE('',*,*,#8133,.T.);
#8133 = EDGE_CURVE('',#8124,#8134,#8136,.T.);
#8134 = VERTEX_POINT('',#8135);
#8135 = CARTESIAN_POINT('',(-332.5,217.5,150.));
#8136 = LINE('',#8137,#8138);
#8137 = CARTESIAN_POINT('',(-332.5,182.5,150.));
#8138 = VECTOR('',#8139,1.);
#8139 = DIRECTION('',(0.,1.,0.));
#8140 = ORIENTED_EDGE('',*,*,#8141,.T.);
#8141 = EDGE_CURVE('',#8134,#8142,#8144,.T.);
#8142 = VERTEX_POINT('',#8143);
#8143 = CARTESIAN_POINT('',(-332.5,217.5,185.));
#8144 = LINE('',#8145,#8146);
#8145 = CARTESIAN_POINT('',(-332.5,217.5,150.));
#8146 = VECTOR('',#8147,1.);
#8147 = DIRECTION('',(0.,0.,1.));
#8148 = ORIENTED_EDGE('',*,*,#8149,.F.);
#8149 = EDGE_CURVE('',#8126,#8142,#8150,.T.);
#8150 = LINE('',#8151,#8152);
#8151 = CARTESIAN_POINT('',(-332.5,182.5,185.));
#8152 = VECTOR('',#8153,1.);
#8153 = DIRECTION('',(0.,1.,0.));
#8154 = FACE_BOUND('',#8155,.F.);
#8155 = EDGE_LOOP('',(#8156,#8166,#8174,#8182));
#8156 = ORIENTED_EDGE('',*,*,#8157,.F.);
#8157 = EDGE_CURVE('',#8158,#8160,#8162,.T.);
#8158 = VERTEX_POINT('',#8159);
#8159 = CARTESIAN_POINT('',(-332.5,185.5,153.));
#8160 = VERTEX_POINT('',#8161);
#8161 = CARTESIAN_POINT('',(-332.5,214.5,153.));
#8162 = LINE('',#8163,#8164);
#8163 = CARTESIAN_POINT('',(-332.5,185.5,153.));
#8164 = VECTOR('',#8165,1.);
#8165 = DIRECTION('',(0.,1.,0.));
#8166 = ORIENTED_EDGE('',*,*,#8167,.T.);
#8167 = EDGE_CURVE('',#8158,#8168,#8170,.T.);
#8168 = VERTEX_POINT('',#8169);
#8169 = CARTESIAN_POINT('',(-332.5,185.5,182.));
#8170 = LINE('',#8171,#8172);
#8171 = CARTESIAN_POINT('',(-332.5,185.5,153.));
#8172 = VECTOR('',#8173,1.);
#8173 = DIRECTION('',(0.,0.,1.));
#8174 = ORIENTED_EDGE('',*,*,#8175,.T.);
#8175 = EDGE_CURVE('',#8168,#8176,#8178,.T.);
#8176 = VERTEX_POINT('',#8177);
#8177 = CARTESIAN_POINT('',(-332.5,214.5,182.));
#8178 = LINE('',#8179,#8180);
#8179 = CARTESIAN_POINT('',(-332.5,185.5,182.));
#8180 = VECTOR('',#8181,1.);
#8181 = DIRECTION('',(0.,1.,0.));
#8182 = ORIENTED_EDGE('',*,*,#8183,.F.);
#8183 = EDGE_CURVE('',#8160,#8176,#8184,.T.);
#8184 = LINE('',#8185,#8186);
#8185 = CARTESIAN_POINT('',(-332.5,214.5,153.));
#8186 = VECTOR('',#8187,1.);
#8187 = DIRECTION('',(0.,0.,1.));
#8188 = PLANE('',#8189);
#8189 = AXIS2_PLACEMENT_3D('',#8190,#8191,#8192);
#8190 = CARTESIAN_POINT('',(-332.5,182.5,150.));
#8191 = DIRECTION('',(1.,0.,0.));
#8192 = DIRECTION('',(0.,0.,1.));
#8193 = ADVANCED_FACE('',(#8194),#8219,.F.);
#8194 = FACE_BOUND('',#8195,.F.);
#8195 = EDGE_LOOP('',(#8196,#8204,#8205,#8213));
#8196 = ORIENTED_EDGE('',*,*,#8197,.F.);
#8197 = EDGE_CURVE('',#8124,#8198,#8200,.T.);
#8198 = VERTEX_POINT('',#8199);
#8199 = CARTESIAN_POINT('',(332.5,182.5,150.));
#8200 = LINE('',#8201,#8202);
#8201 = CARTESIAN_POINT('',(-332.5,182.5,150.));
#8202 = VECTOR('',#8203,1.);
#8203 = DIRECTION('',(1.,0.,0.));
#8204 = ORIENTED_EDGE('',*,*,#8123,.T.);
#8205 = ORIENTED_EDGE('',*,*,#8206,.T.);
#8206 = EDGE_CURVE('',#8126,#8207,#8209,.T.);
#8207 = VERTEX_POINT('',#8208);
#8208 = CARTESIAN_POINT('',(332.5,182.5,185.));
#8209 = LINE('',#8210,#8211);
#8210 = CARTESIAN_POINT('',(-332.5,182.5,185.));
#8211 = VECTOR('',#8212,1.);
#8212 = DIRECTION('',(1.,0.,0.));
#8213 = ORIENTED_EDGE('',*,*,#8214,.F.);
#8214 = EDGE_CURVE('',#8198,#8207,#8215,.T.);
#8215 = LINE('',#8216,#8217);
#8216 = CARTESIAN_POINT('',(332.5,182.5,150.));
#8217 = VECTOR('',#8218,1.);
#8218 = DIRECTION('',(0.,0.,1.));
#8219 = PLANE('',#8220);
#8220 = AXIS2_PLACEMENT_3D('',#8221,#8222,#8223);
#8221 = CARTESIAN_POINT('',(-332.5,182.5,150.));
#8222 = DIRECTION('',(0.,1.,0.));
#8223 = DIRECTION('',(0.,0.,1.));
#8224 = ADVANCED_FACE('',(#8225),#8243,.T.);
#8225 = FACE_BOUND('',#8226,.T.);
#8226 = EDGE_LOOP('',(#8227,#8228,#8229,#8237));
#8227 = ORIENTED_EDGE('',*,*,#8149,.F.);
#8228 = ORIENTED_EDGE('',*,*,#8206,.T.);
#8229 = ORIENTED_EDGE('',*,*,#8230,.T.);
#8230 = EDGE_CURVE('',#8207,#8231,#8233,.T.);
#8231 = VERTEX_POINT('',#8232);
#8232 = CARTESIAN_POINT('',(332.5,217.5,185.));
#8233 = LINE('',#8234,#8235);
#8234 = CARTESIAN_POINT('',(332.5,182.5,185.));
#8235 = VECTOR('',#8236,1.);
#8236 = DIRECTION('',(0.,1.,0.));
#8237 = ORIENTED_EDGE('',*,*,#8238,.F.);
#8238 = EDGE_CURVE('',#8142,#8231,#8239,.T.);
#8239 = LINE('',#8240,#8241);
#8240 = CARTESIAN_POINT('',(-332.5,217.5,185.));
#8241 = VECTOR('',#8242,1.);
#8242 = DIRECTION('',(1.,0.,0.));
#8243 = PLANE('',#8244);
#8244 = AXIS2_PLACEMENT_3D('',#8245,#8246,#8247);
#8245 = CARTESIAN_POINT('',(-332.5,182.5,185.));
#8246 = DIRECTION('',(0.,0.,1.));
#8247 = DIRECTION('',(1.,0.,0.));
#8248 = ADVANCED_FACE('',(#8249),#8267,.F.);
#8249 = FACE_BOUND('',#8250,.F.);
#8250 = EDGE_LOOP('',(#8251,#8252,#8253,#8261));
#8251 = ORIENTED_EDGE('',*,*,#8133,.F.);
#8252 = ORIENTED_EDGE('',*,*,#8197,.T.);
#8253 = ORIENTED_EDGE('',*,*,#8254,.T.);
#8254 = EDGE_CURVE('',#8198,#8255,#8257,.T.);
#8255 = VERTEX_POINT('',#8256);
#8256 = CARTESIAN_POINT('',(332.5,217.5,150.));
#8257 = LINE('',#8258,#8259);
#8258 = CARTESIAN_POINT('',(332.5,182.5,150.));
#8259 = VECTOR('',#8260,1.);
#8260 = DIRECTION('',(0.,1.,0.));
#8261 = ORIENTED_EDGE('',*,*,#8262,.F.);
#8262 = EDGE_CURVE('',#8134,#8255,#8263,.T.);
#8263 = LINE('',#8264,#8265);
#8264 = CARTESIAN_POINT('',(-332.5,217.5,150.));
#8265 = VECTOR('',#8266,1.);
#8266 = DIRECTION('',(1.,0.,0.));
#8267 = PLANE('',#8268);
#8268 = AXIS2_PLACEMENT_3D('',#8269,#8270,#8271);
#8269 = CARTESIAN_POINT('',(-332.5,182.5,150.));
#8270 = DIRECTION('',(0.,0.,1.));
#8271 = DIRECTION('',(1.,0.,0.));
#8272 = ADVANCED_FACE('',(#8273),#8284,.T.);
#8273 = FACE_BOUND('',#8274,.T.);
#8274 = EDGE_LOOP('',(#8275,#8276,#8277,#8278));
#8275 = ORIENTED_EDGE('',*,*,#8262,.F.);
#8276 = ORIENTED_EDGE('',*,*,#8141,.T.);
#8277 = ORIENTED_EDGE('',*,*,#8238,.T.);
#8278 = ORIENTED_EDGE('',*,*,#8279,.F.);
#8279 = EDGE_CURVE('',#8255,#8231,#8280,.T.);
#8280 = LINE('',#8281,#8282);
#8281 = CARTESIAN_POINT('',(332.5,217.5,150.));
#8282 = VECTOR('',#8283,1.);
#8283 = DIRECTION('',(0.,0.,1.));
#8284 = PLANE('',#8285);
#8285 = AXIS2_PLACEMENT_3D('',#8286,#8287,#8288);
#8286 = CARTESIAN_POINT('',(-332.5,217.5,150.));
#8287 = DIRECTION('',(0.,1.,0.));
#8288 = DIRECTION('',(0.,0.,1.));
#8289 = ADVANCED_FACE('',(#8290),#8315,.T.);
#8290 = FACE_BOUND('',#8291,.T.);
#8291 = EDGE_LOOP('',(#8292,#8293,#8301,#8309));
#8292 = ORIENTED_EDGE('',*,*,#8157,.F.);
#8293 = ORIENTED_EDGE('',*,*,#8294,.T.);
#8294 = EDGE_CURVE('',#8158,#8295,#8297,.T.);
#8295 = VERTEX_POINT('',#8296);
#8296 = CARTESIAN_POINT('',(332.5,185.5,153.));
#8297 = LINE('',#8298,#8299);
#8298 = CARTESIAN_POINT('',(-332.5,185.5,153.));
#8299 = VECTOR('',#8300,1.);
#8300 = DIRECTION('',(1.,0.,0.));
#8301 = ORIENTED_EDGE('',*,*,#8302,.T.);
#8302 = EDGE_CURVE('',#8295,#8303,#8305,.T.);
#8303 = VERTEX_POINT('',#8304);
#8304 = CARTESIAN_POINT('',(332.5,214.5,153.));
#8305 = LINE('',#8306,#8307);
#8306 = CARTESIAN_POINT('',(332.5,185.5,153.));
#8307 = VECTOR('',#8308,1.);
#8308 = DIRECTION('',(0.,1.,0.));
#8309 = ORIENTED_EDGE('',*,*,#8310,.F.);
#8310 = EDGE_CURVE('',#8160,#8303,#8311,.T.);
#8311 = LINE('',#8312,#8313);
#8312 = CARTESIAN_POINT('',(-332.5,214.5,153.));
#8313 = VECTOR('',#8314,1.);
#8314 = DIRECTION('',(1.,0.,0.));
#8315 = PLANE('',#8316);
#8316 = AXIS2_PLACEMENT_3D('',#8317,#8318,#8319);
#8317 = CARTESIAN_POINT('',(-332.5,185.5,153.));
#8318 = DIRECTION('',(0.,0.,1.));
#8319 = DIRECTION('',(1.,0.,0.));
#8320 = ADVANCED_FACE('',(#8321),#8339,.F.);
#8321 = FACE_BOUND('',#8322,.F.);
#8322 = EDGE_LOOP('',(#8323,#8324,#8325,#8333));
#8323 = ORIENTED_EDGE('',*,*,#8310,.F.);
#8324 = ORIENTED_EDGE('',*,*,#8183,.T.);
#8325 = ORIENTED_EDGE('',*,*,#8326,.T.);
#8326 = EDGE_CURVE('',#8176,#8327,#8329,.T.);
#8327 = VERTEX_POINT('',#8328);
#8328 = CARTESIAN_POINT('',(332.5,214.5,182.));
#8329 = LINE('',#8330,#8331);
#8330 = CARTESIAN_POINT('',(-332.5,214.5,182.));
#8331 = VECTOR('',#8332,1.);
#8332 = DIRECTION('',(1.,0.,0.));
#8333 = ORIENTED_EDGE('',*,*,#8334,.F.);
#8334 = EDGE_CURVE('',#8303,#8327,#8335,.T.);
#8335 = LINE('',#8336,#8337);
#8336 = CARTESIAN_POINT('',(332.5,214.5,153.));
#8337 = VECTOR('',#8338,1.);
#8338 = DIRECTION('',(0.,0.,1.));
#8339 = PLANE('',#8340);
#8340 = AXIS2_PLACEMENT_3D('',#8341,#8342,#8343);
#8341 = CARTESIAN_POINT('',(-332.5,214.5,153.));
#8342 = DIRECTION('',(0.,1.,0.));
#8343 = DIRECTION('',(0.,0.,1.));
#8344 = ADVANCED_FACE('',(#8345),#8363,.F.);
#8345 = FACE_BOUND('',#8346,.F.);
#8346 = EDGE_LOOP('',(#8347,#8348,#8356,#8362));
#8347 = ORIENTED_EDGE('',*,*,#8175,.F.);
#8348 = ORIENTED_EDGE('',*,*,#8349,.T.);
#8349 = EDGE_CURVE('',#8168,#8350,#8352,.T.);
#8350 = VERTEX_POINT('',#8351);
#8351 = CARTESIAN_POINT('',(332.5,185.5,182.));
#8352 = LINE('',#8353,#8354);
#8353 = CARTESIAN_POINT('',(-332.5,185.5,182.));
#8354 = VECTOR('',#8355,1.);
#8355 = DIRECTION('',(1.,0.,0.));
#8356 = ORIENTED_EDGE('',*,*,#8357,.T.);
#8357 = EDGE_CURVE('',#8350,#8327,#8358,.T.);
#8358 = LINE('',#8359,#8360);
#8359 = CARTESIAN_POINT('',(332.5,185.5,182.));
#8360 = VECTOR('',#8361,1.);
#8361 = DIRECTION('',(0.,1.,0.));
#8362 = ORIENTED_EDGE('',*,*,#8326,.F.);
#8363 = PLANE('',#8364);
#8364 = AXIS2_PLACEMENT_3D('',#8365,#8366,#8367);
#8365 = CARTESIAN_POINT('',(-332.5,185.5,182.));
#8366 = DIRECTION('',(0.,0.,1.));
#8367 = DIRECTION('',(1.,0.,0.));
#8368 = ADVANCED_FACE('',(#8369),#8380,.T.);
#8369 = FACE_BOUND('',#8370,.T.);
#8370 = EDGE_LOOP('',(#8371,#8372,#8373,#8374));
#8371 = ORIENTED_EDGE('',*,*,#8294,.F.);
#8372 = ORIENTED_EDGE('',*,*,#8167,.T.);
#8373 = ORIENTED_EDGE('',*,*,#8349,.T.);
#8374 = ORIENTED_EDGE('',*,*,#8375,.F.);
#8375 = EDGE_CURVE('',#8295,#8350,#8376,.T.);
#8376 = LINE('',#8377,#8378);
#8377 = CARTESIAN_POINT('',(332.5,185.5,153.));
#8378 = VECTOR('',#8379,1.);
#8379 = DIRECTION('',(0.,0.,1.));
#8380 = PLANE('',#8381);
#8381 = AXIS2_PLACEMENT_3D('',#8382,#8383,#8384);
#8382 = CARTESIAN_POINT('',(-332.5,185.5,153.));
#8383 = DIRECTION('',(0.,1.,0.));
#8384 = DIRECTION('',(0.,0.,1.));
#8385 = ADVANCED_FACE('',(#8386,#8392),#8398,.T.);
#8386 = FACE_BOUND('',#8387,.T.);
#8387 = EDGE_LOOP('',(#8388,#8389,#8390,#8391));
#8388 = ORIENTED_EDGE('',*,*,#8214,.F.);
#8389 = ORIENTED_EDGE('',*,*,#8254,.T.);
#8390 = ORIENTED_EDGE('',*,*,#8279,.T.);
#8391 = ORIENTED_EDGE('',*,*,#8230,.F.);
#8392 = FACE_BOUND('',#8393,.T.);
#8393 = EDGE_LOOP('',(#8394,#8395,#8396,#8397));
#8394 = ORIENTED_EDGE('',*,*,#8302,.F.);
#8395 = ORIENTED_EDGE('',*,*,#8375,.T.);
#8396 = ORIENTED_EDGE('',*,*,#8357,.T.);
#8397 = ORIENTED_EDGE('',*,*,#8334,.F.);
#8398 = PLANE('',#8399);
#8399 = AXIS2_PLACEMENT_3D('',#8400,#8401,#8402);
#8400 = CARTESIAN_POINT('',(332.5,182.5,150.));
#8401 = DIRECTION('',(1.,0.,0.));
#8402 = DIRECTION('',(0.,0.,1.));
#8403 = MANIFOLD_SOLID_BREP('',#8404);
#8404 = CLOSED_SHELL('',(#8405,#8445,#8510,#8534,#8592,#8609,#8621,#8643
    ,#8660,#8677));
#8405 = ADVANCED_FACE('',(#8406),#8440,.F.);
#8406 = FACE_BOUND('',#8407,.F.);
#8407 = EDGE_LOOP('',(#8408,#8418,#8426,#8434));
#8408 = ORIENTED_EDGE('',*,*,#8409,.F.);
#8409 = EDGE_CURVE('',#8410,#8412,#8414,.T.);
#8410 = VERTEX_POINT('',#8411);
#8411 = CARTESIAN_POINT('',(332.5,-182.5,150.));
#8412 = VERTEX_POINT('',#8413);
#8413 = CARTESIAN_POINT('',(332.5,-182.5,185.));
#8414 = LINE('',#8415,#8416);
#8415 = CARTESIAN_POINT('',(332.5,-182.5,150.));
#8416 = VECTOR('',#8417,1.);
#8417 = DIRECTION('',(0.,0.,1.));
#8418 = ORIENTED_EDGE('',*,*,#8419,.T.);
#8419 = EDGE_CURVE('',#8410,#8420,#8422,.T.);
#8420 = VERTEX_POINT('',#8421);
#8421 = CARTESIAN_POINT('',(332.5,182.5,150.));
#8422 = LINE('',#8423,#8424);
#8423 = CARTESIAN_POINT('',(332.5,-182.5,150.));
#8424 = VECTOR('',#8425,1.);
#8425 = DIRECTION('',(0.,1.,0.));
#8426 = ORIENTED_EDGE('',*,*,#8427,.T.);
#8427 = EDGE_CURVE('',#8420,#8428,#8430,.T.);
#8428 = VERTEX_POINT('',#8429);
#8429 = CARTESIAN_POINT('',(332.5,182.5,185.));
#8430 = LINE('',#8431,#8432);
#8431 = CARTESIAN_POINT('',(332.5,182.5,150.));
#8432 = VECTOR('',#8433,1.);
#8433 = DIRECTION('',(0.,0.,1.));
#8434 = ORIENTED_EDGE('',*,*,#8435,.F.);
#8435 = EDGE_CURVE('',#8412,#8428,#8436,.T.);
#8436 = LINE('',#8437,#8438);
#8437 = CARTESIAN_POINT('',(332.5,-182.5,185.));
#8438 = VECTOR('',#8439,1.);
#8439 = DIRECTION('',(0.,1.,0.));
#8440 = PLANE('',#8441);
#8441 = AXIS2_PLACEMENT_3D('',#8442,#8443,#8444);
#8442 = CARTESIAN_POINT('',(332.5,-182.5,150.));
#8443 = DIRECTION('',(1.,0.,0.));
#8444 = DIRECTION('',(0.,0.,1.));
#8445 = ADVANCED_FACE('',(#8446,#8471),#8505,.F.);
#8446 = FACE_BOUND('',#8447,.F.);
#8447 = EDGE_LOOP('',(#8448,#8456,#8457,#8465));
#8448 = ORIENTED_EDGE('',*,*,#8449,.F.);
#8449 = EDGE_CURVE('',#8410,#8450,#8452,.T.);
#8450 = VERTEX_POINT('',#8451);
#8451 = CARTESIAN_POINT('',(367.5,-182.5,150.));
#8452 = LINE('',#8453,#8454);
#8453 = CARTESIAN_POINT('',(332.5,-182.5,150.));
#8454 = VECTOR('',#8455,1.);
#8455 = DIRECTION('',(1.,0.,0.));
#8456 = ORIENTED_EDGE('',*,*,#8409,.T.);
#8457 = ORIENTED_EDGE('',*,*,#8458,.T.);
#8458 = EDGE_CURVE('',#8412,#8459,#8461,.T.);
#8459 = VERTEX_POINT('',#8460);
#8460 = CARTESIAN_POINT('',(367.5,-182.5,185.));
#8461 = LINE('',#8462,#8463);
#8462 = CARTESIAN_POINT('',(332.5,-182.5,185.));
#8463 = VECTOR('',#8464,1.);
#8464 = DIRECTION('',(1.,0.,0.));
#8465 = ORIENTED_EDGE('',*,*,#8466,.F.);
#8466 = EDGE_CURVE('',#8450,#8459,#8467,.T.);
#8467 = LINE('',#8468,#8469);
#8468 = CARTESIAN_POINT('',(367.5,-182.5,150.));
#8469 = VECTOR('',#8470,1.);
#8470 = DIRECTION('',(0.,0.,1.));
#8471 = FACE_BOUND('',#8472,.F.);
#8472 = EDGE_LOOP('',(#8473,#8483,#8491,#8499));
#8473 = ORIENTED_EDGE('',*,*,#8474,.F.);
#8474 = EDGE_CURVE('',#8475,#8477,#8479,.T.);
#8475 = VERTEX_POINT('',#8476);
#8476 = CARTESIAN_POINT('',(335.5,-182.5,153.));
#8477 = VERTEX_POINT('',#8478);
#8478 = CARTESIAN_POINT('',(335.5,-182.5,182.));
#8479 = LINE('',#8480,#8481);
#8480 = CARTESIAN_POINT('',(335.5,-182.5,153.));
#8481 = VECTOR('',#8482,1.);
#8482 = DIRECTION('',(0.,0.,1.));
#8483 = ORIENTED_EDGE('',*,*,#8484,.T.);
#8484 = EDGE_CURVE('',#8475,#8485,#8487,.T.);
#8485 = VERTEX_POINT('',#8486);
#8486 = CARTESIAN_POINT('',(364.5,-182.5,153.));
#8487 = LINE('',#8488,#8489);
#8488 = CARTESIAN_POINT('',(335.5,-182.5,153.));
#8489 = VECTOR('',#8490,1.);
#8490 = DIRECTION('',(1.,0.,0.));
#8491 = ORIENTED_EDGE('',*,*,#8492,.T.);
#8492 = EDGE_CURVE('',#8485,#8493,#8495,.T.);
#8493 = VERTEX_POINT('',#8494);
#8494 = CARTESIAN_POINT('',(364.5,-182.5,182.));
#8495 = LINE('',#8496,#8497);
#8496 = CARTESIAN_POINT('',(364.5,-182.5,153.));
#8497 = VECTOR('',#8498,1.);
#8498 = DIRECTION('',(0.,0.,1.));
#8499 = ORIENTED_EDGE('',*,*,#8500,.F.);
#8500 = EDGE_CURVE('',#8477,#8493,#8501,.T.);
#8501 = LINE('',#8502,#8503);
#8502 = CARTESIAN_POINT('',(335.5,-182.5,182.));
#8503 = VECTOR('',#8504,1.);
#8504 = DIRECTION('',(1.,0.,0.));
#8505 = PLANE('',#8506);
#8506 = AXIS2_PLACEMENT_3D('',#8507,#8508,#8509);
#8507 = CARTESIAN_POINT('',(332.5,-182.5,150.));
#8508 = DIRECTION('',(0.,1.,0.));
#8509 = DIRECTION('',(0.,0.,1.));
#8510 = ADVANCED_FACE('',(#8511),#8529,.T.);
#8511 = FACE_BOUND('',#8512,.T.);
#8512 = EDGE_LOOP('',(#8513,#8514,#8515,#8523));
#8513 = ORIENTED_EDGE('',*,*,#8435,.F.);
#8514 = ORIENTED_EDGE('',*,*,#8458,.T.);
#8515 = ORIENTED_EDGE('',*,*,#8516,.T.);
#8516 = EDGE_CURVE('',#8459,#8517,#8519,.T.);
#8517 = VERTEX_POINT('',#8518);
#8518 = CARTESIAN_POINT('',(367.5,182.5,185.));
#8519 = LINE('',#8520,#8521);
#8520 = CARTESIAN_POINT('',(367.5,-182.5,185.));
#8521 = VECTOR('',#8522,1.);
#8522 = DIRECTION('',(0.,1.,0.));
#8523 = ORIENTED_EDGE('',*,*,#8524,.F.);
#8524 = EDGE_CURVE('',#8428,#8517,#8525,.T.);
#8525 = LINE('',#8526,#8527);
#8526 = CARTESIAN_POINT('',(332.5,182.5,185.));
#8527 = VECTOR('',#8528,1.);
#8528 = DIRECTION('',(1.,0.,0.));
#8529 = PLANE('',#8530);
#8530 = AXIS2_PLACEMENT_3D('',#8531,#8532,#8533);
#8531 = CARTESIAN_POINT('',(332.5,-182.5,185.));
#8532 = DIRECTION('',(0.,0.,1.));
#8533 = DIRECTION('',(1.,0.,0.));
#8534 = ADVANCED_FACE('',(#8535,#8553),#8587,.T.);
#8535 = FACE_BOUND('',#8536,.T.);
#8536 = EDGE_LOOP('',(#8537,#8545,#8546,#8547));
#8537 = ORIENTED_EDGE('',*,*,#8538,.F.);
#8538 = EDGE_CURVE('',#8420,#8539,#8541,.T.);
#8539 = VERTEX_POINT('',#8540);
#8540 = CARTESIAN_POINT('',(367.5,182.5,150.));
#8541 = LINE('',#8542,#8543);
#8542 = CARTESIAN_POINT('',(332.5,182.5,150.));
#8543 = VECTOR('',#8544,1.);
#8544 = DIRECTION('',(1.,0.,0.));
#8545 = ORIENTED_EDGE('',*,*,#8427,.T.);
#8546 = ORIENTED_EDGE('',*,*,#8524,.T.);
#8547 = ORIENTED_EDGE('',*,*,#8548,.F.);
#8548 = EDGE_CURVE('',#8539,#8517,#8549,.T.);
#8549 = LINE('',#8550,#8551);
#8550 = CARTESIAN_POINT('',(367.5,182.5,150.));
#8551 = VECTOR('',#8552,1.);
#8552 = DIRECTION('',(0.,0.,1.));
#8553 = FACE_BOUND('',#8554,.T.);
#8554 = EDGE_LOOP('',(#8555,#8565,#8573,#8581));
#8555 = ORIENTED_EDGE('',*,*,#8556,.F.);
#8556 = EDGE_CURVE('',#8557,#8559,#8561,.T.);
#8557 = VERTEX_POINT('',#8558);
#8558 = CARTESIAN_POINT('',(335.5,182.5,153.));
#8559 = VERTEX_POINT('',#8560);
#8560 = CARTESIAN_POINT('',(335.5,182.5,182.));
#8561 = LINE('',#8562,#8563);
#8562 = CARTESIAN_POINT('',(335.5,182.5,153.));
#8563 = VECTOR('',#8564,1.);
#8564 = DIRECTION('',(0.,0.,1.));
#8565 = ORIENTED_EDGE('',*,*,#8566,.T.);
#8566 = EDGE_CURVE('',#8557,#8567,#8569,.T.);
#8567 = VERTEX_POINT('',#8568);
#8568 = CARTESIAN_POINT('',(364.5,182.5,153.));
#8569 = LINE('',#8570,#8571);
#8570 = CARTESIAN_POINT('',(335.5,182.5,153.));
#8571 = VECTOR('',#8572,1.);
#8572 = DIRECTION('',(1.,0.,0.));
#8573 = ORIENTED_EDGE('',*,*,#8574,.T.);
#8574 = EDGE_CURVE('',#8567,#8575,#8577,.T.);
#8575 = VERTEX_POINT('',#8576);
#8576 = CARTESIAN_POINT('',(364.5,182.5,182.));
#8577 = LINE('',#8578,#8579);
#8578 = CARTESIAN_POINT('',(364.5,182.5,153.));
#8579 = VECTOR('',#8580,1.);
#8580 = DIRECTION('',(0.,0.,1.));
#8581 = ORIENTED_EDGE('',*,*,#8582,.F.);
#8582 = EDGE_CURVE('',#8559,#8575,#8583,.T.);
#8583 = LINE('',#8584,#8585);
#8584 = CARTESIAN_POINT('',(335.5,182.5,182.));
#8585 = VECTOR('',#8586,1.);
#8586 = DIRECTION('',(1.,0.,0.));
#8587 = PLANE('',#8588);
#8588 = AXIS2_PLACEMENT_3D('',#8589,#8590,#8591);
#8589 = CARTESIAN_POINT('',(332.5,182.5,150.));
#8590 = DIRECTION('',(0.,1.,0.));
#8591 = DIRECTION('',(0.,0.,1.));
#8592 = ADVANCED_FACE('',(#8593),#8604,.F.);
#8593 = FACE_BOUND('',#8594,.F.);
#8594 = EDGE_LOOP('',(#8595,#8596,#8597,#8603));
#8595 = ORIENTED_EDGE('',*,*,#8419,.F.);
#8596 = ORIENTED_EDGE('',*,*,#8449,.T.);
#8597 = ORIENTED_EDGE('',*,*,#8598,.T.);
#8598 = EDGE_CURVE('',#8450,#8539,#8599,.T.);
#8599 = LINE('',#8600,#8601);
#8600 = CARTESIAN_POINT('',(367.5,-182.5,150.));
#8601 = VECTOR('',#8602,1.);
#8602 = DIRECTION('',(0.,1.,0.));
#8603 = ORIENTED_EDGE('',*,*,#8538,.F.);
#8604 = PLANE('',#8605);
#8605 = AXIS2_PLACEMENT_3D('',#8606,#8607,#8608);
#8606 = CARTESIAN_POINT('',(332.5,-182.5,150.));
#8607 = DIRECTION('',(0.,0.,1.));
#8608 = DIRECTION('',(1.,0.,0.));
#8609 = ADVANCED_FACE('',(#8610),#8616,.T.);
#8610 = FACE_BOUND('',#8611,.T.);
#8611 = EDGE_LOOP('',(#8612,#8613,#8614,#8615));
#8612 = ORIENTED_EDGE('',*,*,#8466,.F.);
#8613 = ORIENTED_EDGE('',*,*,#8598,.T.);
#8614 = ORIENTED_EDGE('',*,*,#8548,.T.);
#8615 = ORIENTED_EDGE('',*,*,#8516,.F.);
#8616 = PLANE('',#8617);
#8617 = AXIS2_PLACEMENT_3D('',#8618,#8619,#8620);
#8618 = CARTESIAN_POINT('',(367.5,-182.5,150.));
#8619 = DIRECTION('',(1.,0.,0.));
#8620 = DIRECTION('',(0.,0.,1.));
#8621 = ADVANCED_FACE('',(#8622),#8638,.T.);
#8622 = FACE_BOUND('',#8623,.T.);
#8623 = EDGE_LOOP('',(#8624,#8625,#8631,#8632));
#8624 = ORIENTED_EDGE('',*,*,#8474,.F.);
#8625 = ORIENTED_EDGE('',*,*,#8626,.T.);
#8626 = EDGE_CURVE('',#8475,#8557,#8627,.T.);
#8627 = LINE('',#8628,#8629);
#8628 = CARTESIAN_POINT('',(335.5,-182.5,153.));
#8629 = VECTOR('',#8630,1.);
#8630 = DIRECTION('',(0.,1.,0.));
#8631 = ORIENTED_EDGE('',*,*,#8556,.T.);
#8632 = ORIENTED_EDGE('',*,*,#8633,.F.);
#8633 = EDGE_CURVE('',#8477,#8559,#8634,.T.);
#8634 = LINE('',#8635,#8636);
#8635 = CARTESIAN_POINT('',(335.5,-182.5,182.));
#8636 = VECTOR('',#8637,1.);
#8637 = DIRECTION('',(0.,1.,0.));
#8638 = PLANE('',#8639);
#8639 = AXIS2_PLACEMENT_3D('',#8640,#8641,#8642);
#8640 = CARTESIAN_POINT('',(335.5,-182.5,153.));
#8641 = DIRECTION('',(1.,0.,0.));
#8642 = DIRECTION('',(0.,0.,1.));
#8643 = ADVANCED_FACE('',(#8644),#8655,.F.);
#8644 = FACE_BOUND('',#8645,.F.);
#8645 = EDGE_LOOP('',(#8646,#8647,#8648,#8654));
#8646 = ORIENTED_EDGE('',*,*,#8633,.F.);
#8647 = ORIENTED_EDGE('',*,*,#8500,.T.);
#8648 = ORIENTED_EDGE('',*,*,#8649,.T.);
#8649 = EDGE_CURVE('',#8493,#8575,#8650,.T.);
#8650 = LINE('',#8651,#8652);
#8651 = CARTESIAN_POINT('',(364.5,-182.5,182.));
#8652 = VECTOR('',#8653,1.);
#8653 = DIRECTION('',(0.,1.,0.));
#8654 = ORIENTED_EDGE('',*,*,#8582,.F.);
#8655 = PLANE('',#8656);
#8656 = AXIS2_PLACEMENT_3D('',#8657,#8658,#8659);
#8657 = CARTESIAN_POINT('',(335.5,-182.5,182.));
#8658 = DIRECTION('',(0.,0.,1.));
#8659 = DIRECTION('',(1.,0.,0.));
#8660 = ADVANCED_FACE('',(#8661),#8672,.F.);
#8661 = FACE_BOUND('',#8662,.F.);
#8662 = EDGE_LOOP('',(#8663,#8664,#8670,#8671));
#8663 = ORIENTED_EDGE('',*,*,#8492,.F.);
#8664 = ORIENTED_EDGE('',*,*,#8665,.T.);
#8665 = EDGE_CURVE('',#8485,#8567,#8666,.T.);
#8666 = LINE('',#8667,#8668);
#8667 = CARTESIAN_POINT('',(364.5,-182.5,153.));
#8668 = VECTOR('',#8669,1.);
#8669 = DIRECTION('',(0.,1.,0.));
#8670 = ORIENTED_EDGE('',*,*,#8574,.T.);
#8671 = ORIENTED_EDGE('',*,*,#8649,.F.);
#8672 = PLANE('',#8673);
#8673 = AXIS2_PLACEMENT_3D('',#8674,#8675,#8676);
#8674 = CARTESIAN_POINT('',(364.5,-182.5,153.));
#8675 = DIRECTION('',(1.,0.,0.));
#8676 = DIRECTION('',(0.,0.,1.));
#8677 = ADVANCED_FACE('',(#8678),#8684,.T.);
#8678 = FACE_BOUND('',#8679,.T.);
#8679 = EDGE_LOOP('',(#8680,#8681,#8682,#8683));
#8680 = ORIENTED_EDGE('',*,*,#8626,.F.);
#8681 = ORIENTED_EDGE('',*,*,#8484,.T.);
#8682 = ORIENTED_EDGE('',*,*,#8665,.T.);
#8683 = ORIENTED_EDGE('',*,*,#8566,.F.);
#8684 = PLANE('',#8685);
#8685 = AXIS2_PLACEMENT_3D('',#8686,#8687,#8688);
#8686 = CARTESIAN_POINT('',(335.5,-182.5,153.));
#8687 = DIRECTION('',(0.,0.,1.));
#8688 = DIRECTION('',(1.,0.,0.));
#8689 = MANIFOLD_SOLID_BREP('',#8690);
#8690 = CLOSED_SHELL('',(#8691,#8765,#8796,#8820,#8844,#8861,#8892,#8916
    ,#8940,#8957));
#8691 = ADVANCED_FACE('',(#8692,#8726),#8760,.F.);
#8692 = FACE_BOUND('',#8693,.F.);
#8693 = EDGE_LOOP('',(#8694,#8704,#8712,#8720));
#8694 = ORIENTED_EDGE('',*,*,#8695,.F.);
#8695 = EDGE_CURVE('',#8696,#8698,#8700,.T.);
#8696 = VERTEX_POINT('',#8697);
#8697 = CARTESIAN_POINT('',(-332.5,-217.5,410.));
#8698 = VERTEX_POINT('',#8699);
#8699 = CARTESIAN_POINT('',(-332.5,-217.5,445.));
#8700 = LINE('',#8701,#8702);
#8701 = CARTESIAN_POINT('',(-332.5,-217.5,410.));
#8702 = VECTOR('',#8703,1.);
#8703 = DIRECTION('',(0.,0.,1.));
#8704 = ORIENTED_EDGE('',*,*,#8705,.T.);
#8705 = EDGE_CURVE('',#8696,#8706,#8708,.T.);
#8706 = VERTEX_POINT('',#8707);
#8707 = CARTESIAN_POINT('',(-332.5,-182.5,410.));
#8708 = LINE('',#8709,#8710);
#8709 = CARTESIAN_POINT('',(-332.5,-217.5,410.));
#8710 = VECTOR('',#8711,1.);
#8711 = DIRECTION('',(0.,1.,0.));
#8712 = ORIENTED_EDGE('',*,*,#8713,.T.);
#8713 = EDGE_CURVE('',#8706,#8714,#8716,.T.);
#8714 = VERTEX_POINT('',#8715);
#8715 = CARTESIAN_POINT('',(-332.5,-182.5,445.));
#8716 = LINE('',#8717,#8718);
#8717 = CARTESIAN_POINT('',(-332.5,-182.5,410.));
#8718 = VECTOR('',#8719,1.);
#8719 = DIRECTION('',(0.,0.,1.));
#8720 = ORIENTED_EDGE('',*,*,#8721,.F.);
#8721 = EDGE_CURVE('',#8698,#8714,#8722,.T.);
#8722 = LINE('',#8723,#8724);
#8723 = CARTESIAN_POINT('',(-332.5,-217.5,445.));
#8724 = VECTOR('',#8725,1.);
#8725 = DIRECTION('',(0.,1.,0.));
#8726 = FACE_BOUND('',#8727,.F.);
#8727 = EDGE_LOOP('',(#8728,#8738,#8746,#8754));
#8728 = ORIENTED_EDGE('',*,*,#8729,.F.);
#8729 = EDGE_CURVE('',#8730,#8732,#8734,.T.);
#8730 = VERTEX_POINT('',#8731);
#8731 = CARTESIAN_POINT('',(-332.5,-214.5,413.));
#8732 = VERTEX_POINT('',#8733);
#8733 = CARTESIAN_POINT('',(-332.5,-185.5,413.));
#8734 = LINE('',#8735,#8736);
#8735 = CARTESIAN_POINT('',(-332.5,-214.5,413.));
#8736 = VECTOR('',#8737,1.);
#8737 = DIRECTION('',(0.,1.,0.));
#8738 = ORIENTED_EDGE('',*,*,#8739,.T.);
#8739 = EDGE_CURVE('',#8730,#8740,#8742,.T.);
#8740 = VERTEX_POINT('',#8741);
#8741 = CARTESIAN_POINT('',(-332.5,-214.5,442.));
#8742 = LINE('',#8743,#8744);
#8743 = CARTESIAN_POINT('',(-332.5,-214.5,413.));
#8744 = VECTOR('',#8745,1.);
#8745 = DIRECTION('',(0.,0.,1.));
#8746 = ORIENTED_EDGE('',*,*,#8747,.T.);
#8747 = EDGE_CURVE('',#8740,#8748,#8750,.T.);
#8748 = VERTEX_POINT('',#8749);
#8749 = CARTESIAN_POINT('',(-332.5,-185.5,442.));
#8750 = LINE('',#8751,#8752);
#8751 = CARTESIAN_POINT('',(-332.5,-214.5,442.));
#8752 = VECTOR('',#8753,1.);
#8753 = DIRECTION('',(0.,1.,0.));
#8754 = ORIENTED_EDGE('',*,*,#8755,.F.);
#8755 = EDGE_CURVE('',#8732,#8748,#8756,.T.);
#8756 = LINE('',#8757,#8758);
#8757 = CARTESIAN_POINT('',(-332.5,-185.5,413.));
#8758 = VECTOR('',#8759,1.);
#8759 = DIRECTION('',(0.,0.,1.));
#8760 = PLANE('',#8761);
#8761 = AXIS2_PLACEMENT_3D('',#8762,#8763,#8764);
#8762 = CARTESIAN_POINT('',(-332.5,-217.5,410.));
#8763 = DIRECTION('',(1.,0.,0.));
#8764 = DIRECTION('',(0.,0.,1.));
#8765 = ADVANCED_FACE('',(#8766),#8791,.F.);
#8766 = FACE_BOUND('',#8767,.F.);
#8767 = EDGE_LOOP('',(#8768,#8776,#8777,#8785));
#8768 = ORIENTED_EDGE('',*,*,#8769,.F.);
#8769 = EDGE_CURVE('',#8696,#8770,#8772,.T.);
#8770 = VERTEX_POINT('',#8771);
#8771 = CARTESIAN_POINT('',(332.5,-217.5,410.));
#8772 = LINE('',#8773,#8774);
#8773 = CARTESIAN_POINT('',(-332.5,-217.5,410.));
#8774 = VECTOR('',#8775,1.);
#8775 = DIRECTION('',(1.,0.,0.));
#8776 = ORIENTED_EDGE('',*,*,#8695,.T.);
#8777 = ORIENTED_EDGE('',*,*,#8778,.T.);
#8778 = EDGE_CURVE('',#8698,#8779,#8781,.T.);
#8779 = VERTEX_POINT('',#8780);
#8780 = CARTESIAN_POINT('',(332.5,-217.5,445.));
#8781 = LINE('',#8782,#8783);
#8782 = CARTESIAN_POINT('',(-332.5,-217.5,445.));
#8783 = VECTOR('',#8784,1.);
#8784 = DIRECTION('',(1.,0.,0.));
#8785 = ORIENTED_EDGE('',*,*,#8786,.F.);
#8786 = EDGE_CURVE('',#8770,#8779,#8787,.T.);
#8787 = LINE('',#8788,#8789);
#8788 = CARTESIAN_POINT('',(332.5,-217.5,410.));
#8789 = VECTOR('',#8790,1.);
#8790 = DIRECTION('',(0.,0.,1.));
#8791 = PLANE('',#8792);
#8792 = AXIS2_PLACEMENT_3D('',#8793,#8794,#8795);
#8793 = CARTESIAN_POINT('',(-332.5,-217.5,410.));
#8794 = DIRECTION('',(0.,1.,0.));
#8795 = DIRECTION('',(0.,0.,1.));
#8796 = ADVANCED_FACE('',(#8797),#8815,.T.);
#8797 = FACE_BOUND('',#8798,.T.);
#8798 = EDGE_LOOP('',(#8799,#8800,#8801,#8809));
#8799 = ORIENTED_EDGE('',*,*,#8721,.F.);
#8800 = ORIENTED_EDGE('',*,*,#8778,.T.);
#8801 = ORIENTED_EDGE('',*,*,#8802,.T.);
#8802 = EDGE_CURVE('',#8779,#8803,#8805,.T.);
#8803 = VERTEX_POINT('',#8804);
#8804 = CARTESIAN_POINT('',(332.5,-182.5,445.));
#8805 = LINE('',#8806,#8807);
#8806 = CARTESIAN_POINT('',(332.5,-217.5,445.));
#8807 = VECTOR('',#8808,1.);
#8808 = DIRECTION('',(0.,1.,0.));
#8809 = ORIENTED_EDGE('',*,*,#8810,.F.);
#8810 = EDGE_CURVE('',#8714,#8803,#8811,.T.);
#8811 = LINE('',#8812,#8813);
#8812 = CARTESIAN_POINT('',(-332.5,-182.5,445.));
#8813 = VECTOR('',#8814,1.);
#8814 = DIRECTION('',(1.,0.,0.));
#8815 = PLANE('',#8816);
#8816 = AXIS2_PLACEMENT_3D('',#8817,#8818,#8819);
#8817 = CARTESIAN_POINT('',(-332.5,-217.5,445.));
#8818 = DIRECTION('',(0.,0.,1.));
#8819 = DIRECTION('',(1.,0.,0.));
#8820 = ADVANCED_FACE('',(#8821),#8839,.F.);
#8821 = FACE_BOUND('',#8822,.F.);
#8822 = EDGE_LOOP('',(#8823,#8824,#8825,#8833));
#8823 = ORIENTED_EDGE('',*,*,#8705,.F.);
#8824 = ORIENTED_EDGE('',*,*,#8769,.T.);
#8825 = ORIENTED_EDGE('',*,*,#8826,.T.);
#8826 = EDGE_CURVE('',#8770,#8827,#8829,.T.);
#8827 = VERTEX_POINT('',#8828);
#8828 = CARTESIAN_POINT('',(332.5,-182.5,410.));
#8829 = LINE('',#8830,#8831);
#8830 = CARTESIAN_POINT('',(332.5,-217.5,410.));
#8831 = VECTOR('',#8832,1.);
#8832 = DIRECTION('',(0.,1.,0.));
#8833 = ORIENTED_EDGE('',*,*,#8834,.F.);
#8834 = EDGE_CURVE('',#8706,#8827,#8835,.T.);
#8835 = LINE('',#8836,#8837);
#8836 = CARTESIAN_POINT('',(-332.5,-182.5,410.));
#8837 = VECTOR('',#8838,1.);
#8838 = DIRECTION('',(1.,0.,0.));
#8839 = PLANE('',#8840);
#8840 = AXIS2_PLACEMENT_3D('',#8841,#8842,#8843);
#8841 = CARTESIAN_POINT('',(-332.5,-217.5,410.));
#8842 = DIRECTION('',(0.,0.,1.));
#8843 = DIRECTION('',(1.,0.,0.));
#8844 = ADVANCED_FACE('',(#8845),#8856,.T.);
#8845 = FACE_BOUND('',#8846,.T.);
#8846 = EDGE_LOOP('',(#8847,#8848,#8849,#8850));
#8847 = ORIENTED_EDGE('',*,*,#8834,.F.);
#8848 = ORIENTED_EDGE('',*,*,#8713,.T.);
#8849 = ORIENTED_EDGE('',*,*,#8810,.T.);
#8850 = ORIENTED_EDGE('',*,*,#8851,.F.);
#8851 = EDGE_CURVE('',#8827,#8803,#8852,.T.);
#8852 = LINE('',#8853,#8854);
#8853 = CARTESIAN_POINT('',(332.5,-182.5,410.));
#8854 = VECTOR('',#8855,1.);
#8855 = DIRECTION('',(0.,0.,1.));
#8856 = PLANE('',#8857);
#8857 = AXIS2_PLACEMENT_3D('',#8858,#8859,#8860);
#8858 = CARTESIAN_POINT('',(-332.5,-182.5,410.));
#8859 = DIRECTION('',(0.,1.,0.));
#8860 = DIRECTION('',(0.,0.,1.));
#8861 = ADVANCED_FACE('',(#8862),#8887,.T.);
#8862 = FACE_BOUND('',#8863,.T.);
#8863 = EDGE_LOOP('',(#8864,#8865,#8873,#8881));
#8864 = ORIENTED_EDGE('',*,*,#8729,.F.);
#8865 = ORIENTED_EDGE('',*,*,#8866,.T.);
#8866 = EDGE_CURVE('',#8730,#8867,#8869,.T.);
#8867 = VERTEX_POINT('',#8868);
#8868 = CARTESIAN_POINT('',(332.5,-214.5,413.));
#8869 = LINE('',#8870,#8871);
#8870 = CARTESIAN_POINT('',(-332.5,-214.5,413.));
#8871 = VECTOR('',#8872,1.);
#8872 = DIRECTION('',(1.,0.,0.));
#8873 = ORIENTED_EDGE('',*,*,#8874,.T.);
#8874 = EDGE_CURVE('',#8867,#8875,#8877,.T.);
#8875 = VERTEX_POINT('',#8876);
#8876 = CARTESIAN_POINT('',(332.5,-185.5,413.));
#8877 = LINE('',#8878,#8879);
#8878 = CARTESIAN_POINT('',(332.5,-214.5,413.));
#8879 = VECTOR('',#8880,1.);
#8880 = DIRECTION('',(0.,1.,0.));
#8881 = ORIENTED_EDGE('',*,*,#8882,.F.);
#8882 = EDGE_CURVE('',#8732,#8875,#8883,.T.);
#8883 = LINE('',#8884,#8885);
#8884 = CARTESIAN_POINT('',(-332.5,-185.5,413.));
#8885 = VECTOR('',#8886,1.);
#8886 = DIRECTION('',(1.,0.,0.));
#8887 = PLANE('',#8888);
#8888 = AXIS2_PLACEMENT_3D('',#8889,#8890,#8891);
#8889 = CARTESIAN_POINT('',(-332.5,-214.5,413.));
#8890 = DIRECTION('',(0.,0.,1.));
#8891 = DIRECTION('',(1.,0.,0.));
#8892 = ADVANCED_FACE('',(#8893),#8911,.F.);
#8893 = FACE_BOUND('',#8894,.F.);
#8894 = EDGE_LOOP('',(#8895,#8896,#8897,#8905));
#8895 = ORIENTED_EDGE('',*,*,#8882,.F.);
#8896 = ORIENTED_EDGE('',*,*,#8755,.T.);
#8897 = ORIENTED_EDGE('',*,*,#8898,.T.);
#8898 = EDGE_CURVE('',#8748,#8899,#8901,.T.);
#8899 = VERTEX_POINT('',#8900);
#8900 = CARTESIAN_POINT('',(332.5,-185.5,442.));
#8901 = LINE('',#8902,#8903);
#8902 = CARTESIAN_POINT('',(-332.5,-185.5,442.));
#8903 = VECTOR('',#8904,1.);
#8904 = DIRECTION('',(1.,0.,0.));
#8905 = ORIENTED_EDGE('',*,*,#8906,.F.);
#8906 = EDGE_CURVE('',#8875,#8899,#8907,.T.);
#8907 = LINE('',#8908,#8909);
#8908 = CARTESIAN_POINT('',(332.5,-185.5,413.));
#8909 = VECTOR('',#8910,1.);
#8910 = DIRECTION('',(0.,0.,1.));
#8911 = PLANE('',#8912);
#8912 = AXIS2_PLACEMENT_3D('',#8913,#8914,#8915);
#8913 = CARTESIAN_POINT('',(-332.5,-185.5,413.));
#8914 = DIRECTION('',(0.,1.,0.));
#8915 = DIRECTION('',(0.,0.,1.));
#8916 = ADVANCED_FACE('',(#8917),#8935,.F.);
#8917 = FACE_BOUND('',#8918,.F.);
#8918 = EDGE_LOOP('',(#8919,#8920,#8928,#8934));
#8919 = ORIENTED_EDGE('',*,*,#8747,.F.);
#8920 = ORIENTED_EDGE('',*,*,#8921,.T.);
#8921 = EDGE_CURVE('',#8740,#8922,#8924,.T.);
#8922 = VERTEX_POINT('',#8923);
#8923 = CARTESIAN_POINT('',(332.5,-214.5,442.));
#8924 = LINE('',#8925,#8926);
#8925 = CARTESIAN_POINT('',(-332.5,-214.5,442.));
#8926 = VECTOR('',#8927,1.);
#8927 = DIRECTION('',(1.,0.,0.));
#8928 = ORIENTED_EDGE('',*,*,#8929,.T.);
#8929 = EDGE_CURVE('',#8922,#8899,#8930,.T.);
#8930 = LINE('',#8931,#8932);
#8931 = CARTESIAN_POINT('',(332.5,-214.5,442.));
#8932 = VECTOR('',#8933,1.);
#8933 = DIRECTION('',(0.,1.,0.));
#8934 = ORIENTED_EDGE('',*,*,#8898,.F.);
#8935 = PLANE('',#8936);
#8936 = AXIS2_PLACEMENT_3D('',#8937,#8938,#8939);
#8937 = CARTESIAN_POINT('',(-332.5,-214.5,442.));
#8938 = DIRECTION('',(0.,0.,1.));
#8939 = DIRECTION('',(1.,0.,0.));
#8940 = ADVANCED_FACE('',(#8941),#8952,.T.);
#8941 = FACE_BOUND('',#8942,.T.);
#8942 = EDGE_LOOP('',(#8943,#8944,#8945,#8946));
#8943 = ORIENTED_EDGE('',*,*,#8866,.F.);
#8944 = ORIENTED_EDGE('',*,*,#8739,.T.);
#8945 = ORIENTED_EDGE('',*,*,#8921,.T.);
#8946 = ORIENTED_EDGE('',*,*,#8947,.F.);
#8947 = EDGE_CURVE('',#8867,#8922,#8948,.T.);
#8948 = LINE('',#8949,#8950);
#8949 = CARTESIAN_POINT('',(332.5,-214.5,413.));
#8950 = VECTOR('',#8951,1.);
#8951 = DIRECTION('',(0.,0.,1.));
#8952 = PLANE('',#8953);
#8953 = AXIS2_PLACEMENT_3D('',#8954,#8955,#8956);
#8954 = CARTESIAN_POINT('',(-332.5,-214.5,413.));
#8955 = DIRECTION('',(0.,1.,0.));
#8956 = DIRECTION('',(0.,0.,1.));
#8957 = ADVANCED_FACE('',(#8958,#8964),#8970,.T.);
#8958 = FACE_BOUND('',#8959,.T.);
#8959 = EDGE_LOOP('',(#8960,#8961,#8962,#8963));
#8960 = ORIENTED_EDGE('',*,*,#8786,.F.);
#8961 = ORIENTED_EDGE('',*,*,#8826,.T.);
#8962 = ORIENTED_EDGE('',*,*,#8851,.T.);
#8963 = ORIENTED_EDGE('',*,*,#8802,.F.);
#8964 = FACE_BOUND('',#8965,.T.);
#8965 = EDGE_LOOP('',(#8966,#8967,#8968,#8969));
#8966 = ORIENTED_EDGE('',*,*,#8874,.F.);
#8967 = ORIENTED_EDGE('',*,*,#8947,.T.);
#8968 = ORIENTED_EDGE('',*,*,#8929,.T.);
#8969 = ORIENTED_EDGE('',*,*,#8906,.F.);
#8970 = PLANE('',#8971);
#8971 = AXIS2_PLACEMENT_3D('',#8972,#8973,#8974);
#8972 = CARTESIAN_POINT('',(332.5,-217.5,410.));
#8973 = DIRECTION('',(1.,0.,0.));
#8974 = DIRECTION('',(0.,0.,1.));
#8975 = MANIFOLD_SOLID_BREP('',#8976);
#8976 = CLOSED_SHELL('',(#8977,#9017,#9082,#9106,#9164,#9181,#9193,#9215
    ,#9232,#9249));
#8977 = ADVANCED_FACE('',(#8978),#9012,.F.);
#8978 = FACE_BOUND('',#8979,.F.);
#8979 = EDGE_LOOP('',(#8980,#8990,#8998,#9006));
#8980 = ORIENTED_EDGE('',*,*,#8981,.F.);
#8981 = EDGE_CURVE('',#8982,#8984,#8986,.T.);
#8982 = VERTEX_POINT('',#8983);
#8983 = CARTESIAN_POINT('',(-367.5,-182.5,410.));
#8984 = VERTEX_POINT('',#8985);
#8985 = CARTESIAN_POINT('',(-367.5,-182.5,445.));
#8986 = LINE('',#8987,#8988);
#8987 = CARTESIAN_POINT('',(-367.5,-182.5,410.));
#8988 = VECTOR('',#8989,1.);
#8989 = DIRECTION('',(0.,0.,1.));
#8990 = ORIENTED_EDGE('',*,*,#8991,.T.);
#8991 = EDGE_CURVE('',#8982,#8992,#8994,.T.);
#8992 = VERTEX_POINT('',#8993);
#8993 = CARTESIAN_POINT('',(-367.5,182.5,410.));
#8994 = LINE('',#8995,#8996);
#8995 = CARTESIAN_POINT('',(-367.5,-182.5,410.));
#8996 = VECTOR('',#8997,1.);
#8997 = DIRECTION('',(0.,1.,0.));
#8998 = ORIENTED_EDGE('',*,*,#8999,.T.);
#8999 = EDGE_CURVE('',#8992,#9000,#9002,.T.);
#9000 = VERTEX_POINT('',#9001);
#9001 = CARTESIAN_POINT('',(-367.5,182.5,445.));
#9002 = LINE('',#9003,#9004);
#9003 = CARTESIAN_POINT('',(-367.5,182.5,410.));
#9004 = VECTOR('',#9005,1.);
#9005 = DIRECTION('',(0.,0.,1.));
#9006 = ORIENTED_EDGE('',*,*,#9007,.F.);
#9007 = EDGE_CURVE('',#8984,#9000,#9008,.T.);
#9008 = LINE('',#9009,#9010);
#9009 = CARTESIAN_POINT('',(-367.5,-182.5,445.));
#9010 = VECTOR('',#9011,1.);
#9011 = DIRECTION('',(0.,1.,0.));
#9012 = PLANE('',#9013);
#9013 = AXIS2_PLACEMENT_3D('',#9014,#9015,#9016);
#9014 = CARTESIAN_POINT('',(-367.5,-182.5,410.));
#9015 = DIRECTION('',(1.,0.,0.));
#9016 = DIRECTION('',(0.,0.,1.));
#9017 = ADVANCED_FACE('',(#9018,#9043),#9077,.F.);
#9018 = FACE_BOUND('',#9019,.F.);
#9019 = EDGE_LOOP('',(#9020,#9028,#9029,#9037));
#9020 = ORIENTED_EDGE('',*,*,#9021,.F.);
#9021 = EDGE_CURVE('',#8982,#9022,#9024,.T.);
#9022 = VERTEX_POINT('',#9023);
#9023 = CARTESIAN_POINT('',(-332.5,-182.5,410.));
#9024 = LINE('',#9025,#9026);
#9025 = CARTESIAN_POINT('',(-367.5,-182.5,410.));
#9026 = VECTOR('',#9027,1.);
#9027 = DIRECTION('',(1.,0.,0.));
#9028 = ORIENTED_EDGE('',*,*,#8981,.T.);
#9029 = ORIENTED_EDGE('',*,*,#9030,.T.);
#9030 = EDGE_CURVE('',#8984,#9031,#9033,.T.);
#9031 = VERTEX_POINT('',#9032);
#9032 = CARTESIAN_POINT('',(-332.5,-182.5,445.));
#9033 = LINE('',#9034,#9035);
#9034 = CARTESIAN_POINT('',(-367.5,-182.5,445.));
#9035 = VECTOR('',#9036,1.);
#9036 = DIRECTION('',(1.,0.,0.));
#9037 = ORIENTED_EDGE('',*,*,#9038,.F.);
#9038 = EDGE_CURVE('',#9022,#9031,#9039,.T.);
#9039 = LINE('',#9040,#9041);
#9040 = CARTESIAN_POINT('',(-332.5,-182.5,410.));
#9041 = VECTOR('',#9042,1.);
#9042 = DIRECTION('',(0.,0.,1.));
#9043 = FACE_BOUND('',#9044,.F.);
#9044 = EDGE_LOOP('',(#9045,#9055,#9063,#9071));
#9045 = ORIENTED_EDGE('',*,*,#9046,.F.);
#9046 = EDGE_CURVE('',#9047,#9049,#9051,.T.);
#9047 = VERTEX_POINT('',#9048);
#9048 = CARTESIAN_POINT('',(-364.5,-182.5,413.));
#9049 = VERTEX_POINT('',#9050);
#9050 = CARTESIAN_POINT('',(-364.5,-182.5,442.));
#9051 = LINE('',#9052,#9053);
#9052 = CARTESIAN_POINT('',(-364.5,-182.5,413.));
#9053 = VECTOR('',#9054,1.);
#9054 = DIRECTION('',(0.,0.,1.));
#9055 = ORIENTED_EDGE('',*,*,#9056,.T.);
#9056 = EDGE_CURVE('',#9047,#9057,#9059,.T.);
#9057 = VERTEX_POINT('',#9058);
#9058 = CARTESIAN_POINT('',(-335.5,-182.5,413.));
#9059 = LINE('',#9060,#9061);
#9060 = CARTESIAN_POINT('',(-364.5,-182.5,413.));
#9061 = VECTOR('',#9062,1.);
#9062 = DIRECTION('',(1.,0.,0.));
#9063 = ORIENTED_EDGE('',*,*,#9064,.T.);
#9064 = EDGE_CURVE('',#9057,#9065,#9067,.T.);
#9065 = VERTEX_POINT('',#9066);
#9066 = CARTESIAN_POINT('',(-335.5,-182.5,442.));
#9067 = LINE('',#9068,#9069);
#9068 = CARTESIAN_POINT('',(-335.5,-182.5,413.));
#9069 = VECTOR('',#9070,1.);
#9070 = DIRECTION('',(0.,0.,1.));
#9071 = ORIENTED_EDGE('',*,*,#9072,.F.);
#9072 = EDGE_CURVE('',#9049,#9065,#9073,.T.);
#9073 = LINE('',#9074,#9075);
#9074 = CARTESIAN_POINT('',(-364.5,-182.5,442.));
#9075 = VECTOR('',#9076,1.);
#9076 = DIRECTION('',(1.,0.,0.));
#9077 = PLANE('',#9078);
#9078 = AXIS2_PLACEMENT_3D('',#9079,#9080,#9081);
#9079 = CARTESIAN_POINT('',(-367.5,-182.5,410.));
#9080 = DIRECTION('',(0.,1.,0.));
#9081 = DIRECTION('',(0.,0.,1.));
#9082 = ADVANCED_FACE('',(#9083),#9101,.T.);
#9083 = FACE_BOUND('',#9084,.T.);
#9084 = EDGE_LOOP('',(#9085,#9086,#9087,#9095));
#9085 = ORIENTED_EDGE('',*,*,#9007,.F.);
#9086 = ORIENTED_EDGE('',*,*,#9030,.T.);
#9087 = ORIENTED_EDGE('',*,*,#9088,.T.);
#9088 = EDGE_CURVE('',#9031,#9089,#9091,.T.);
#9089 = VERTEX_POINT('',#9090);
#9090 = CARTESIAN_POINT('',(-332.5,182.5,445.));
#9091 = LINE('',#9092,#9093);
#9092 = CARTESIAN_POINT('',(-332.5,-182.5,445.));
#9093 = VECTOR('',#9094,1.);
#9094 = DIRECTION('',(0.,1.,0.));
#9095 = ORIENTED_EDGE('',*,*,#9096,.F.);
#9096 = EDGE_CURVE('',#9000,#9089,#9097,.T.);
#9097 = LINE('',#9098,#9099);
#9098 = CARTESIAN_POINT('',(-367.5,182.5,445.));
#9099 = VECTOR('',#9100,1.);
#9100 = DIRECTION('',(1.,0.,0.));
#9101 = PLANE('',#9102);
#9102 = AXIS2_PLACEMENT_3D('',#9103,#9104,#9105);
#9103 = CARTESIAN_POINT('',(-367.5,-182.5,445.));
#9104 = DIRECTION('',(0.,0.,1.));
#9105 = DIRECTION('',(1.,0.,0.));
#9106 = ADVANCED_FACE('',(#9107,#9125),#9159,.T.);
#9107 = FACE_BOUND('',#9108,.T.);
#9108 = EDGE_LOOP('',(#9109,#9117,#9118,#9119));
#9109 = ORIENTED_EDGE('',*,*,#9110,.F.);
#9110 = EDGE_CURVE('',#8992,#9111,#9113,.T.);
#9111 = VERTEX_POINT('',#9112);
#9112 = CARTESIAN_POINT('',(-332.5,182.5,410.));
#9113 = LINE('',#9114,#9115);
#9114 = CARTESIAN_POINT('',(-367.5,182.5,410.));
#9115 = VECTOR('',#9116,1.);
#9116 = DIRECTION('',(1.,0.,0.));
#9117 = ORIENTED_EDGE('',*,*,#8999,.T.);
#9118 = ORIENTED_EDGE('',*,*,#9096,.T.);
#9119 = ORIENTED_EDGE('',*,*,#9120,.F.);
#9120 = EDGE_CURVE('',#9111,#9089,#9121,.T.);
#9121 = LINE('',#9122,#9123);
#9122 = CARTESIAN_POINT('',(-332.5,182.5,410.));
#9123 = VECTOR('',#9124,1.);
#9124 = DIRECTION('',(0.,0.,1.));
#9125 = FACE_BOUND('',#9126,.T.);
#9126 = EDGE_LOOP('',(#9127,#9137,#9145,#9153));
#9127 = ORIENTED_EDGE('',*,*,#9128,.F.);
#9128 = EDGE_CURVE('',#9129,#9131,#9133,.T.);
#9129 = VERTEX_POINT('',#9130);
#9130 = CARTESIAN_POINT('',(-364.5,182.5,413.));
#9131 = VERTEX_POINT('',#9132);
#9132 = CARTESIAN_POINT('',(-364.5,182.5,442.));
#9133 = LINE('',#9134,#9135);
#9134 = CARTESIAN_POINT('',(-364.5,182.5,413.));
#9135 = VECTOR('',#9136,1.);
#9136 = DIRECTION('',(0.,0.,1.));
#9137 = ORIENTED_EDGE('',*,*,#9138,.T.);
#9138 = EDGE_CURVE('',#9129,#9139,#9141,.T.);
#9139 = VERTEX_POINT('',#9140);
#9140 = CARTESIAN_POINT('',(-335.5,182.5,413.));
#9141 = LINE('',#9142,#9143);
#9142 = CARTESIAN_POINT('',(-364.5,182.5,413.));
#9143 = VECTOR('',#9144,1.);
#9144 = DIRECTION('',(1.,0.,0.));
#9145 = ORIENTED_EDGE('',*,*,#9146,.T.);
#9146 = EDGE_CURVE('',#9139,#9147,#9149,.T.);
#9147 = VERTEX_POINT('',#9148);
#9148 = CARTESIAN_POINT('',(-335.5,182.5,442.));
#9149 = LINE('',#9150,#9151);
#9150 = CARTESIAN_POINT('',(-335.5,182.5,413.));
#9151 = VECTOR('',#9152,1.);
#9152 = DIRECTION('',(0.,0.,1.));
#9153 = ORIENTED_EDGE('',*,*,#9154,.F.);
#9154 = EDGE_CURVE('',#9131,#9147,#9155,.T.);
#9155 = LINE('',#9156,#9157);
#9156 = CARTESIAN_POINT('',(-364.5,182.5,442.));
#9157 = VECTOR('',#9158,1.);
#9158 = DIRECTION('',(1.,0.,0.));
#9159 = PLANE('',#9160);
#9160 = AXIS2_PLACEMENT_3D('',#9161,#9162,#9163);
#9161 = CARTESIAN_POINT('',(-367.5,182.5,410.));
#9162 = DIRECTION('',(0.,1.,0.));
#9163 = DIRECTION('',(0.,0.,1.));
#9164 = ADVANCED_FACE('',(#9165),#9176,.F.);
#9165 = FACE_BOUND('',#9166,.F.);
#9166 = EDGE_LOOP('',(#9167,#9168,#9169,#9175));
#9167 = ORIENTED_EDGE('',*,*,#8991,.F.);
#9168 = ORIENTED_EDGE('',*,*,#9021,.T.);
#9169 = ORIENTED_EDGE('',*,*,#9170,.T.);
#9170 = EDGE_CURVE('',#9022,#9111,#9171,.T.);
#9171 = LINE('',#9172,#9173);
#9172 = CARTESIAN_POINT('',(-332.5,-182.5,410.));
#9173 = VECTOR('',#9174,1.);
#9174 = DIRECTION('',(0.,1.,0.));
#9175 = ORIENTED_EDGE('',*,*,#9110,.F.);
#9176 = PLANE('',#9177);
#9177 = AXIS2_PLACEMENT_3D('',#9178,#9179,#9180);
#9178 = CARTESIAN_POINT('',(-367.5,-182.5,410.));
#9179 = DIRECTION('',(0.,0.,1.));
#9180 = DIRECTION('',(1.,0.,0.));
#9181 = ADVANCED_FACE('',(#9182),#9188,.T.);
#9182 = FACE_BOUND('',#9183,.T.);
#9183 = EDGE_LOOP('',(#9184,#9185,#9186,#9187));
#9184 = ORIENTED_EDGE('',*,*,#9038,.F.);
#9185 = ORIENTED_EDGE('',*,*,#9170,.T.);
#9186 = ORIENTED_EDGE('',*,*,#9120,.T.);
#9187 = ORIENTED_EDGE('',*,*,#9088,.F.);
#9188 = PLANE('',#9189);
#9189 = AXIS2_PLACEMENT_3D('',#9190,#9191,#9192);
#9190 = CARTESIAN_POINT('',(-332.5,-182.5,410.));
#9191 = DIRECTION('',(1.,0.,0.));
#9192 = DIRECTION('',(0.,0.,1.));
#9193 = ADVANCED_FACE('',(#9194),#9210,.T.);
#9194 = FACE_BOUND('',#9195,.T.);
#9195 = EDGE_LOOP('',(#9196,#9197,#9203,#9204));
#9196 = ORIENTED_EDGE('',*,*,#9046,.F.);
#9197 = ORIENTED_EDGE('',*,*,#9198,.T.);
#9198 = EDGE_CURVE('',#9047,#9129,#9199,.T.);
#9199 = LINE('',#9200,#9201);
#9200 = CARTESIAN_POINT('',(-364.5,-182.5,413.));
#9201 = VECTOR('',#9202,1.);
#9202 = DIRECTION('',(0.,1.,0.));
#9203 = ORIENTED_EDGE('',*,*,#9128,.T.);
#9204 = ORIENTED_EDGE('',*,*,#9205,.F.);
#9205 = EDGE_CURVE('',#9049,#9131,#9206,.T.);
#9206 = LINE('',#9207,#9208);
#9207 = CARTESIAN_POINT('',(-364.5,-182.5,442.));
#9208 = VECTOR('',#9209,1.);
#9209 = DIRECTION('',(0.,1.,0.));
#9210 = PLANE('',#9211);
#9211 = AXIS2_PLACEMENT_3D('',#9212,#9213,#9214);
#9212 = CARTESIAN_POINT('',(-364.5,-182.5,413.));
#9213 = DIRECTION('',(1.,0.,0.));
#9214 = DIRECTION('',(0.,0.,1.));
#9215 = ADVANCED_FACE('',(#9216),#9227,.F.);
#9216 = FACE_BOUND('',#9217,.F.);
#9217 = EDGE_LOOP('',(#9218,#9219,#9220,#9226));
#9218 = ORIENTED_EDGE('',*,*,#9205,.F.);
#9219 = ORIENTED_EDGE('',*,*,#9072,.T.);
#9220 = ORIENTED_EDGE('',*,*,#9221,.T.);
#9221 = EDGE_CURVE('',#9065,#9147,#9222,.T.);
#9222 = LINE('',#9223,#9224);
#9223 = CARTESIAN_POINT('',(-335.5,-182.5,442.));
#9224 = VECTOR('',#9225,1.);
#9225 = DIRECTION('',(0.,1.,0.));
#9226 = ORIENTED_EDGE('',*,*,#9154,.F.);
#9227 = PLANE('',#9228);
#9228 = AXIS2_PLACEMENT_3D('',#9229,#9230,#9231);
#9229 = CARTESIAN_POINT('',(-364.5,-182.5,442.));
#9230 = DIRECTION('',(0.,0.,1.));
#9231 = DIRECTION('',(1.,0.,0.));
#9232 = ADVANCED_FACE('',(#9233),#9244,.F.);
#9233 = FACE_BOUND('',#9234,.F.);
#9234 = EDGE_LOOP('',(#9235,#9236,#9242,#9243));
#9235 = ORIENTED_EDGE('',*,*,#9064,.F.);
#9236 = ORIENTED_EDGE('',*,*,#9237,.T.);
#9237 = EDGE_CURVE('',#9057,#9139,#9238,.T.);
#9238 = LINE('',#9239,#9240);
#9239 = CARTESIAN_POINT('',(-335.5,-182.5,413.));
#9240 = VECTOR('',#9241,1.);
#9241 = DIRECTION('',(0.,1.,0.));
#9242 = ORIENTED_EDGE('',*,*,#9146,.T.);
#9243 = ORIENTED_EDGE('',*,*,#9221,.F.);
#9244 = PLANE('',#9245);
#9245 = AXIS2_PLACEMENT_3D('',#9246,#9247,#9248);
#9246 = CARTESIAN_POINT('',(-335.5,-182.5,413.));
#9247 = DIRECTION('',(1.,0.,0.));
#9248 = DIRECTION('',(0.,0.,1.));
#9249 = ADVANCED_FACE('',(#9250),#9256,.T.);
#9250 = FACE_BOUND('',#9251,.T.);
#9251 = EDGE_LOOP('',(#9252,#9253,#9254,#9255));
#9252 = ORIENTED_EDGE('',*,*,#9198,.F.);
#9253 = ORIENTED_EDGE('',*,*,#9056,.T.);
#9254 = ORIENTED_EDGE('',*,*,#9237,.T.);
#9255 = ORIENTED_EDGE('',*,*,#9138,.F.);
#9256 = PLANE('',#9257);
#9257 = AXIS2_PLACEMENT_3D('',#9258,#9259,#9260);
#9258 = CARTESIAN_POINT('',(-364.5,-182.5,413.));
#9259 = DIRECTION('',(0.,0.,1.));
#9260 = DIRECTION('',(1.,0.,0.));
#9261 = MANIFOLD_SOLID_BREP('',#9262);
#9262 = CLOSED_SHELL('',(#9263,#9337,#9368,#9392,#9416,#9433,#9464,#9488
    ,#9512,#9529));
#9263 = ADVANCED_FACE('',(#9264,#9298),#9332,.F.);
#9264 = FACE_BOUND('',#9265,.F.);
#9265 = EDGE_LOOP('',(#9266,#9276,#9284,#9292));
#9266 = ORIENTED_EDGE('',*,*,#9267,.F.);
#9267 = EDGE_CURVE('',#9268,#9270,#9272,.T.);
#9268 = VERTEX_POINT('',#9269);
#9269 = CARTESIAN_POINT('',(-332.5,182.5,410.));
#9270 = VERTEX_POINT('',#9271);
#9271 = CARTESIAN_POINT('',(-332.5,182.5,445.));
#9272 = LINE('',#9273,#9274);
#9273 = CARTESIAN_POINT('',(-332.5,182.5,410.));
#9274 = VECTOR('',#9275,1.);
#9275 = DIRECTION('',(0.,0.,1.));
#9276 = ORIENTED_EDGE('',*,*,#9277,.T.);
#9277 = EDGE_CURVE('',#9268,#9278,#9280,.T.);
#9278 = VERTEX_POINT('',#9279);
#9279 = CARTESIAN_POINT('',(-332.5,217.5,410.));
#9280 = LINE('',#9281,#9282);
#9281 = CARTESIAN_POINT('',(-332.5,182.5,410.));
#9282 = VECTOR('',#9283,1.);
#9283 = DIRECTION('',(0.,1.,0.));
#9284 = ORIENTED_EDGE('',*,*,#9285,.T.);
#9285 = EDGE_CURVE('',#9278,#9286,#9288,.T.);
#9286 = VERTEX_POINT('',#9287);
#9287 = CARTESIAN_POINT('',(-332.5,217.5,445.));
#9288 = LINE('',#9289,#9290);
#9289 = CARTESIAN_POINT('',(-332.5,217.5,410.));
#9290 = VECTOR('',#9291,1.);
#9291 = DIRECTION('',(0.,0.,1.));
#9292 = ORIENTED_EDGE('',*,*,#9293,.F.);
#9293 = EDGE_CURVE('',#9270,#9286,#9294,.T.);
#9294 = LINE('',#9295,#9296);
#9295 = CARTESIAN_POINT('',(-332.5,182.5,445.));
#9296 = VECTOR('',#9297,1.);
#9297 = DIRECTION('',(0.,1.,0.));
#9298 = FACE_BOUND('',#9299,.F.);
#9299 = EDGE_LOOP('',(#9300,#9310,#9318,#9326));
#9300 = ORIENTED_EDGE('',*,*,#9301,.F.);
#9301 = EDGE_CURVE('',#9302,#9304,#9306,.T.);
#9302 = VERTEX_POINT('',#9303);
#9303 = CARTESIAN_POINT('',(-332.5,185.5,413.));
#9304 = VERTEX_POINT('',#9305);
#9305 = CARTESIAN_POINT('',(-332.5,214.5,413.));
#9306 = LINE('',#9307,#9308);
#9307 = CARTESIAN_POINT('',(-332.5,185.5,413.));
#9308 = VECTOR('',#9309,1.);
#9309 = DIRECTION('',(0.,1.,0.));
#9310 = ORIENTED_EDGE('',*,*,#9311,.T.);
#9311 = EDGE_CURVE('',#9302,#9312,#9314,.T.);
#9312 = VERTEX_POINT('',#9313);
#9313 = CARTESIAN_POINT('',(-332.5,185.5,442.));
#9314 = LINE('',#9315,#9316);
#9315 = CARTESIAN_POINT('',(-332.5,185.5,413.));
#9316 = VECTOR('',#9317,1.);
#9317 = DIRECTION('',(0.,0.,1.));
#9318 = ORIENTED_EDGE('',*,*,#9319,.T.);
#9319 = EDGE_CURVE('',#9312,#9320,#9322,.T.);
#9320 = VERTEX_POINT('',#9321);
#9321 = CARTESIAN_POINT('',(-332.5,214.5,442.));
#9322 = LINE('',#9323,#9324);
#9323 = CARTESIAN_POINT('',(-332.5,185.5,442.));
#9324 = VECTOR('',#9325,1.);
#9325 = DIRECTION('',(0.,1.,0.));
#9326 = ORIENTED_EDGE('',*,*,#9327,.F.);
#9327 = EDGE_CURVE('',#9304,#9320,#9328,.T.);
#9328 = LINE('',#9329,#9330);
#9329 = CARTESIAN_POINT('',(-332.5,214.5,413.));
#9330 = VECTOR('',#9331,1.);
#9331 = DIRECTION('',(0.,0.,1.));
#9332 = PLANE('',#9333);
#9333 = AXIS2_PLACEMENT_3D('',#9334,#9335,#9336);
#9334 = CARTESIAN_POINT('',(-332.5,182.5,410.));
#9335 = DIRECTION('',(1.,0.,0.));
#9336 = DIRECTION('',(0.,0.,1.));
#9337 = ADVANCED_FACE('',(#9338),#9363,.F.);
#9338 = FACE_BOUND('',#9339,.F.);
#9339 = EDGE_LOOP('',(#9340,#9348,#9349,#9357));
#9340 = ORIENTED_EDGE('',*,*,#9341,.F.);
#9341 = EDGE_CURVE('',#9268,#9342,#9344,.T.);
#9342 = VERTEX_POINT('',#9343);
#9343 = CARTESIAN_POINT('',(332.5,182.5,410.));
#9344 = LINE('',#9345,#9346);
#9345 = CARTESIAN_POINT('',(-332.5,182.5,410.));
#9346 = VECTOR('',#9347,1.);
#9347 = DIRECTION('',(1.,0.,0.));
#9348 = ORIENTED_EDGE('',*,*,#9267,.T.);
#9349 = ORIENTED_EDGE('',*,*,#9350,.T.);
#9350 = EDGE_CURVE('',#9270,#9351,#9353,.T.);
#9351 = VERTEX_POINT('',#9352);
#9352 = CARTESIAN_POINT('',(332.5,182.5,445.));
#9353 = LINE('',#9354,#9355);
#9354 = CARTESIAN_POINT('',(-332.5,182.5,445.));
#9355 = VECTOR('',#9356,1.);
#9356 = DIRECTION('',(1.,0.,0.));
#9357 = ORIENTED_EDGE('',*,*,#9358,.F.);
#9358 = EDGE_CURVE('',#9342,#9351,#9359,.T.);
#9359 = LINE('',#9360,#9361);
#9360 = CARTESIAN_POINT('',(332.5,182.5,410.));
#9361 = VECTOR('',#9362,1.);
#9362 = DIRECTION('',(0.,0.,1.));
#9363 = PLANE('',#9364);
#9364 = AXIS2_PLACEMENT_3D('',#9365,#9366,#9367);
#9365 = CARTESIAN_POINT('',(-332.5,182.5,410.));
#9366 = DIRECTION('',(0.,1.,0.));
#9367 = DIRECTION('',(0.,0.,1.));
#9368 = ADVANCED_FACE('',(#9369),#9387,.T.);
#9369 = FACE_BOUND('',#9370,.T.);
#9370 = EDGE_LOOP('',(#9371,#9372,#9373,#9381));
#9371 = ORIENTED_EDGE('',*,*,#9293,.F.);
#9372 = ORIENTED_EDGE('',*,*,#9350,.T.);
#9373 = ORIENTED_EDGE('',*,*,#9374,.T.);
#9374 = EDGE_CURVE('',#9351,#9375,#9377,.T.);
#9375 = VERTEX_POINT('',#9376);
#9376 = CARTESIAN_POINT('',(332.5,217.5,445.));
#9377 = LINE('',#9378,#9379);
#9378 = CARTESIAN_POINT('',(332.5,182.5,445.));
#9379 = VECTOR('',#9380,1.);
#9380 = DIRECTION('',(0.,1.,0.));
#9381 = ORIENTED_EDGE('',*,*,#9382,.F.);
#9382 = EDGE_CURVE('',#9286,#9375,#9383,.T.);
#9383 = LINE('',#9384,#9385);
#9384 = CARTESIAN_POINT('',(-332.5,217.5,445.));
#9385 = VECTOR('',#9386,1.);
#9386 = DIRECTION('',(1.,0.,0.));
#9387 = PLANE('',#9388);
#9388 = AXIS2_PLACEMENT_3D('',#9389,#9390,#9391);
#9389 = CARTESIAN_POINT('',(-332.5,182.5,445.));
#9390 = DIRECTION('',(0.,0.,1.));
#9391 = DIRECTION('',(1.,0.,0.));
#9392 = ADVANCED_FACE('',(#9393),#9411,.F.);
#9393 = FACE_BOUND('',#9394,.F.);
#9394 = EDGE_LOOP('',(#9395,#9396,#9397,#9405));
#9395 = ORIENTED_EDGE('',*,*,#9277,.F.);
#9396 = ORIENTED_EDGE('',*,*,#9341,.T.);
#9397 = ORIENTED_EDGE('',*,*,#9398,.T.);
#9398 = EDGE_CURVE('',#9342,#9399,#9401,.T.);
#9399 = VERTEX_POINT('',#9400);
#9400 = CARTESIAN_POINT('',(332.5,217.5,410.));
#9401 = LINE('',#9402,#9403);
#9402 = CARTESIAN_POINT('',(332.5,182.5,410.));
#9403 = VECTOR('',#9404,1.);
#9404 = DIRECTION('',(0.,1.,0.));
#9405 = ORIENTED_EDGE('',*,*,#9406,.F.);
#9406 = EDGE_CURVE('',#9278,#9399,#9407,.T.);
#9407 = LINE('',#9408,#9409);
#9408 = CARTESIAN_POINT('',(-332.5,217.5,410.));
#9409 = VECTOR('',#9410,1.);
#9410 = DIRECTION('',(1.,0.,0.));
#9411 = PLANE('',#9412);
#9412 = AXIS2_PLACEMENT_3D('',#9413,#9414,#9415);
#9413 = CARTESIAN_POINT('',(-332.5,182.5,410.));
#9414 = DIRECTION('',(0.,0.,1.));
#9415 = DIRECTION('',(1.,0.,0.));
#9416 = ADVANCED_FACE('',(#9417),#9428,.T.);
#9417 = FACE_BOUND('',#9418,.T.);
#9418 = EDGE_LOOP('',(#9419,#9420,#9421,#9422));
#9419 = ORIENTED_EDGE('',*,*,#9406,.F.);
#9420 = ORIENTED_EDGE('',*,*,#9285,.T.);
#9421 = ORIENTED_EDGE('',*,*,#9382,.T.);
#9422 = ORIENTED_EDGE('',*,*,#9423,.F.);
#9423 = EDGE_CURVE('',#9399,#9375,#9424,.T.);
#9424 = LINE('',#9425,#9426);
#9425 = CARTESIAN_POINT('',(332.5,217.5,410.));
#9426 = VECTOR('',#9427,1.);
#9427 = DIRECTION('',(0.,0.,1.));
#9428 = PLANE('',#9429);
#9429 = AXIS2_PLACEMENT_3D('',#9430,#9431,#9432);
#9430 = CARTESIAN_POINT('',(-332.5,217.5,410.));
#9431 = DIRECTION('',(0.,1.,0.));
#9432 = DIRECTION('',(0.,0.,1.));
#9433 = ADVANCED_FACE('',(#9434),#9459,.T.);
#9434 = FACE_BOUND('',#9435,.T.);
#9435 = EDGE_LOOP('',(#9436,#9437,#9445,#9453));
#9436 = ORIENTED_EDGE('',*,*,#9301,.F.);
#9437 = ORIENTED_EDGE('',*,*,#9438,.T.);
#9438 = EDGE_CURVE('',#9302,#9439,#9441,.T.);
#9439 = VERTEX_POINT('',#9440);
#9440 = CARTESIAN_POINT('',(332.5,185.5,413.));
#9441 = LINE('',#9442,#9443);
#9442 = CARTESIAN_POINT('',(-332.5,185.5,413.));
#9443 = VECTOR('',#9444,1.);
#9444 = DIRECTION('',(1.,0.,0.));
#9445 = ORIENTED_EDGE('',*,*,#9446,.T.);
#9446 = EDGE_CURVE('',#9439,#9447,#9449,.T.);
#9447 = VERTEX_POINT('',#9448);
#9448 = CARTESIAN_POINT('',(332.5,214.5,413.));
#9449 = LINE('',#9450,#9451);
#9450 = CARTESIAN_POINT('',(332.5,185.5,413.));
#9451 = VECTOR('',#9452,1.);
#9452 = DIRECTION('',(0.,1.,0.));
#9453 = ORIENTED_EDGE('',*,*,#9454,.F.);
#9454 = EDGE_CURVE('',#9304,#9447,#9455,.T.);
#9455 = LINE('',#9456,#9457);
#9456 = CARTESIAN_POINT('',(-332.5,214.5,413.));
#9457 = VECTOR('',#9458,1.);
#9458 = DIRECTION('',(1.,0.,0.));
#9459 = PLANE('',#9460);
#9460 = AXIS2_PLACEMENT_3D('',#9461,#9462,#9463);
#9461 = CARTESIAN_POINT('',(-332.5,185.5,413.));
#9462 = DIRECTION('',(0.,0.,1.));
#9463 = DIRECTION('',(1.,0.,0.));
#9464 = ADVANCED_FACE('',(#9465),#9483,.F.);
#9465 = FACE_BOUND('',#9466,.F.);
#9466 = EDGE_LOOP('',(#9467,#9468,#9469,#9477));
#9467 = ORIENTED_EDGE('',*,*,#9454,.F.);
#9468 = ORIENTED_EDGE('',*,*,#9327,.T.);
#9469 = ORIENTED_EDGE('',*,*,#9470,.T.);
#9470 = EDGE_CURVE('',#9320,#9471,#9473,.T.);
#9471 = VERTEX_POINT('',#9472);
#9472 = CARTESIAN_POINT('',(332.5,214.5,442.));
#9473 = LINE('',#9474,#9475);
#9474 = CARTESIAN_POINT('',(-332.5,214.5,442.));
#9475 = VECTOR('',#9476,1.);
#9476 = DIRECTION('',(1.,0.,0.));
#9477 = ORIENTED_EDGE('',*,*,#9478,.F.);
#9478 = EDGE_CURVE('',#9447,#9471,#9479,.T.);
#9479 = LINE('',#9480,#9481);
#9480 = CARTESIAN_POINT('',(332.5,214.5,413.));
#9481 = VECTOR('',#9482,1.);
#9482 = DIRECTION('',(0.,0.,1.));
#9483 = PLANE('',#9484);
#9484 = AXIS2_PLACEMENT_3D('',#9485,#9486,#9487);
#9485 = CARTESIAN_POINT('',(-332.5,214.5,413.));
#9486 = DIRECTION('',(0.,1.,0.));
#9487 = DIRECTION('',(0.,0.,1.));
#9488 = ADVANCED_FACE('',(#9489),#9507,.F.);
#9489 = FACE_BOUND('',#9490,.F.);
#9490 = EDGE_LOOP('',(#9491,#9492,#9500,#9506));
#9491 = ORIENTED_EDGE('',*,*,#9319,.F.);
#9492 = ORIENTED_EDGE('',*,*,#9493,.T.);
#9493 = EDGE_CURVE('',#9312,#9494,#9496,.T.);
#9494 = VERTEX_POINT('',#9495);
#9495 = CARTESIAN_POINT('',(332.5,185.5,442.));
#9496 = LINE('',#9497,#9498);
#9497 = CARTESIAN_POINT('',(-332.5,185.5,442.));
#9498 = VECTOR('',#9499,1.);
#9499 = DIRECTION('',(1.,0.,0.));
#9500 = ORIENTED_EDGE('',*,*,#9501,.T.);
#9501 = EDGE_CURVE('',#9494,#9471,#9502,.T.);
#9502 = LINE('',#9503,#9504);
#9503 = CARTESIAN_POINT('',(332.5,185.5,442.));
#9504 = VECTOR('',#9505,1.);
#9505 = DIRECTION('',(0.,1.,0.));
#9506 = ORIENTED_EDGE('',*,*,#9470,.F.);
#9507 = PLANE('',#9508);
#9508 = AXIS2_PLACEMENT_3D('',#9509,#9510,#9511);
#9509 = CARTESIAN_POINT('',(-332.5,185.5,442.));
#9510 = DIRECTION('',(0.,0.,1.));
#9511 = DIRECTION('',(1.,0.,0.));
#9512 = ADVANCED_FACE('',(#9513),#9524,.T.);
#9513 = FACE_BOUND('',#9514,.T.);
#9514 = EDGE_LOOP('',(#9515,#9516,#9517,#9518));
#9515 = ORIENTED_EDGE('',*,*,#9438,.F.);
#9516 = ORIENTED_EDGE('',*,*,#9311,.T.);
#9517 = ORIENTED_EDGE('',*,*,#9493,.T.);
#9518 = ORIENTED_EDGE('',*,*,#9519,.F.);
#9519 = EDGE_CURVE('',#9439,#9494,#9520,.T.);
#9520 = LINE('',#9521,#9522);
#9521 = CARTESIAN_POINT('',(332.5,185.5,413.));
#9522 = VECTOR('',#9523,1.);
#9523 = DIRECTION('',(0.,0.,1.));
#9524 = PLANE('',#9525);
#9525 = AXIS2_PLACEMENT_3D('',#9526,#9527,#9528);
#9526 = CARTESIAN_POINT('',(-332.5,185.5,413.));
#9527 = DIRECTION('',(0.,1.,0.));
#9528 = DIRECTION('',(0.,0.,1.));
#9529 = ADVANCED_FACE('',(#9530,#9536),#9542,.T.);
#9530 = FACE_BOUND('',#9531,.T.);
#9531 = EDGE_LOOP('',(#9532,#9533,#9534,#9535));
#9532 = ORIENTED_EDGE('',*,*,#9358,.F.);
#9533 = ORIENTED_EDGE('',*,*,#9398,.T.);
#9534 = ORIENTED_EDGE('',*,*,#9423,.T.);
#9535 = ORIENTED_EDGE('',*,*,#9374,.F.);
#9536 = FACE_BOUND('',#9537,.T.);
#9537 = EDGE_LOOP('',(#9538,#9539,#9540,#9541));
#9538 = ORIENTED_EDGE('',*,*,#9446,.F.);
#9539 = ORIENTED_EDGE('',*,*,#9519,.T.);
#9540 = ORIENTED_EDGE('',*,*,#9501,.T.);
#9541 = ORIENTED_EDGE('',*,*,#9478,.F.);
#9542 = PLANE('',#9543);
#9543 = AXIS2_PLACEMENT_3D('',#9544,#9545,#9546);
#9544 = CARTESIAN_POINT('',(332.5,182.5,410.));
#9545 = DIRECTION('',(1.,0.,0.));
#9546 = DIRECTION('',(0.,0.,1.));
#9547 = MANIFOLD_SOLID_BREP('',#9548);
#9548 = CLOSED_SHELL('',(#9549,#9589,#9654,#9678,#9736,#9753,#9765,#9787
    ,#9804,#9821));
#9549 = ADVANCED_FACE('',(#9550),#9584,.F.);
#9550 = FACE_BOUND('',#9551,.F.);
#9551 = EDGE_LOOP('',(#9552,#9562,#9570,#9578));
#9552 = ORIENTED_EDGE('',*,*,#9553,.F.);
#9553 = EDGE_CURVE('',#9554,#9556,#9558,.T.);
#9554 = VERTEX_POINT('',#9555);
#9555 = CARTESIAN_POINT('',(332.5,-182.5,410.));
#9556 = VERTEX_POINT('',#9557);
#9557 = CARTESIAN_POINT('',(332.5,-182.5,445.));
#9558 = LINE('',#9559,#9560);
#9559 = CARTESIAN_POINT('',(332.5,-182.5,410.));
#9560 = VECTOR('',#9561,1.);
#9561 = DIRECTION('',(0.,0.,1.));
#9562 = ORIENTED_EDGE('',*,*,#9563,.T.);
#9563 = EDGE_CURVE('',#9554,#9564,#9566,.T.);
#9564 = VERTEX_POINT('',#9565);
#9565 = CARTESIAN_POINT('',(332.5,182.5,410.));
#9566 = LINE('',#9567,#9568);
#9567 = CARTESIAN_POINT('',(332.5,-182.5,410.));
#9568 = VECTOR('',#9569,1.);
#9569 = DIRECTION('',(0.,1.,0.));
#9570 = ORIENTED_EDGE('',*,*,#9571,.T.);
#9571 = EDGE_CURVE('',#9564,#9572,#9574,.T.);
#9572 = VERTEX_POINT('',#9573);
#9573 = CARTESIAN_POINT('',(332.5,182.5,445.));
#9574 = LINE('',#9575,#9576);
#9575 = CARTESIAN_POINT('',(332.5,182.5,410.));
#9576 = VECTOR('',#9577,1.);
#9577 = DIRECTION('',(0.,0.,1.));
#9578 = ORIENTED_EDGE('',*,*,#9579,.F.);
#9579 = EDGE_CURVE('',#9556,#9572,#9580,.T.);
#9580 = LINE('',#9581,#9582);
#9581 = CARTESIAN_POINT('',(332.5,-182.5,445.));
#9582 = VECTOR('',#9583,1.);
#9583 = DIRECTION('',(0.,1.,0.));
#9584 = PLANE('',#9585);
#9585 = AXIS2_PLACEMENT_3D('',#9586,#9587,#9588);
#9586 = CARTESIAN_POINT('',(332.5,-182.5,410.));
#9587 = DIRECTION('',(1.,0.,0.));
#9588 = DIRECTION('',(0.,0.,1.));
#9589 = ADVANCED_FACE('',(#9590,#9615),#9649,.F.);
#9590 = FACE_BOUND('',#9591,.F.);
#9591 = EDGE_LOOP('',(#9592,#9600,#9601,#9609));
#9592 = ORIENTED_EDGE('',*,*,#9593,.F.);
#9593 = EDGE_CURVE('',#9554,#9594,#9596,.T.);
#9594 = VERTEX_POINT('',#9595);
#9595 = CARTESIAN_POINT('',(367.5,-182.5,410.));
#9596 = LINE('',#9597,#9598);
#9597 = CARTESIAN_POINT('',(332.5,-182.5,410.));
#9598 = VECTOR('',#9599,1.);
#9599 = DIRECTION('',(1.,0.,0.));
#9600 = ORIENTED_EDGE('',*,*,#9553,.T.);
#9601 = ORIENTED_EDGE('',*,*,#9602,.T.);
#9602 = EDGE_CURVE('',#9556,#9603,#9605,.T.);
#9603 = VERTEX_POINT('',#9604);
#9604 = CARTESIAN_POINT('',(367.5,-182.5,445.));
#9605 = LINE('',#9606,#9607);
#9606 = CARTESIAN_POINT('',(332.5,-182.5,445.));
#9607 = VECTOR('',#9608,1.);
#9608 = DIRECTION('',(1.,0.,0.));
#9609 = ORIENTED_EDGE('',*,*,#9610,.F.);
#9610 = EDGE_CURVE('',#9594,#9603,#9611,.T.);
#9611 = LINE('',#9612,#9613);
#9612 = CARTESIAN_POINT('',(367.5,-182.5,410.));
#9613 = VECTOR('',#9614,1.);
#9614 = DIRECTION('',(0.,0.,1.));
#9615 = FACE_BOUND('',#9616,.F.);
#9616 = EDGE_LOOP('',(#9617,#9627,#9635,#9643));
#9617 = ORIENTED_EDGE('',*,*,#9618,.F.);
#9618 = EDGE_CURVE('',#9619,#9621,#9623,.T.);
#9619 = VERTEX_POINT('',#9620);
#9620 = CARTESIAN_POINT('',(335.5,-182.5,413.));
#9621 = VERTEX_POINT('',#9622);
#9622 = CARTESIAN_POINT('',(335.5,-182.5,442.));
#9623 = LINE('',#9624,#9625);
#9624 = CARTESIAN_POINT('',(335.5,-182.5,413.));
#9625 = VECTOR('',#9626,1.);
#9626 = DIRECTION('',(0.,0.,1.));
#9627 = ORIENTED_EDGE('',*,*,#9628,.T.);
#9628 = EDGE_CURVE('',#9619,#9629,#9631,.T.);
#9629 = VERTEX_POINT('',#9630);
#9630 = CARTESIAN_POINT('',(364.5,-182.5,413.));
#9631 = LINE('',#9632,#9633);
#9632 = CARTESIAN_POINT('',(335.5,-182.5,413.));
#9633 = VECTOR('',#9634,1.);
#9634 = DIRECTION('',(1.,0.,0.));
#9635 = ORIENTED_EDGE('',*,*,#9636,.T.);
#9636 = EDGE_CURVE('',#9629,#9637,#9639,.T.);
#9637 = VERTEX_POINT('',#9638);
#9638 = CARTESIAN_POINT('',(364.5,-182.5,442.));
#9639 = LINE('',#9640,#9641);
#9640 = CARTESIAN_POINT('',(364.5,-182.5,413.));
#9641 = VECTOR('',#9642,1.);
#9642 = DIRECTION('',(0.,0.,1.));
#9643 = ORIENTED_EDGE('',*,*,#9644,.F.);
#9644 = EDGE_CURVE('',#9621,#9637,#9645,.T.);
#9645 = LINE('',#9646,#9647);
#9646 = CARTESIAN_POINT('',(335.5,-182.5,442.));
#9647 = VECTOR('',#9648,1.);
#9648 = DIRECTION('',(1.,0.,0.));
#9649 = PLANE('',#9650);
#9650 = AXIS2_PLACEMENT_3D('',#9651,#9652,#9653);
#9651 = CARTESIAN_POINT('',(332.5,-182.5,410.));
#9652 = DIRECTION('',(0.,1.,0.));
#9653 = DIRECTION('',(0.,0.,1.));
#9654 = ADVANCED_FACE('',(#9655),#9673,.T.);
#9655 = FACE_BOUND('',#9656,.T.);
#9656 = EDGE_LOOP('',(#9657,#9658,#9659,#9667));
#9657 = ORIENTED_EDGE('',*,*,#9579,.F.);
#9658 = ORIENTED_EDGE('',*,*,#9602,.T.);
#9659 = ORIENTED_EDGE('',*,*,#9660,.T.);
#9660 = EDGE_CURVE('',#9603,#9661,#9663,.T.);
#9661 = VERTEX_POINT('',#9662);
#9662 = CARTESIAN_POINT('',(367.5,182.5,445.));
#9663 = LINE('',#9664,#9665);
#9664 = CARTESIAN_POINT('',(367.5,-182.5,445.));
#9665 = VECTOR('',#9666,1.);
#9666 = DIRECTION('',(0.,1.,0.));
#9667 = ORIENTED_EDGE('',*,*,#9668,.F.);
#9668 = EDGE_CURVE('',#9572,#9661,#9669,.T.);
#9669 = LINE('',#9670,#9671);
#9670 = CARTESIAN_POINT('',(332.5,182.5,445.));
#9671 = VECTOR('',#9672,1.);
#9672 = DIRECTION('',(1.,0.,0.));
#9673 = PLANE('',#9674);
#9674 = AXIS2_PLACEMENT_3D('',#9675,#9676,#9677);
#9675 = CARTESIAN_POINT('',(332.5,-182.5,445.));
#9676 = DIRECTION('',(0.,0.,1.));
#9677 = DIRECTION('',(1.,0.,0.));
#9678 = ADVANCED_FACE('',(#9679,#9697),#9731,.T.);
#9679 = FACE_BOUND('',#9680,.T.);
#9680 = EDGE_LOOP('',(#9681,#9689,#9690,#9691));
#9681 = ORIENTED_EDGE('',*,*,#9682,.F.);
#9682 = EDGE_CURVE('',#9564,#9683,#9685,.T.);
#9683 = VERTEX_POINT('',#9684);
#9684 = CARTESIAN_POINT('',(367.5,182.5,410.));
#9685 = LINE('',#9686,#9687);
#9686 = CARTESIAN_POINT('',(332.5,182.5,410.));
#9687 = VECTOR('',#9688,1.);
#9688 = DIRECTION('',(1.,0.,0.));
#9689 = ORIENTED_EDGE('',*,*,#9571,.T.);
#9690 = ORIENTED_EDGE('',*,*,#9668,.T.);
#9691 = ORIENTED_EDGE('',*,*,#9692,.F.);
#9692 = EDGE_CURVE('',#9683,#9661,#9693,.T.);
#9693 = LINE('',#9694,#9695);
#9694 = CARTESIAN_POINT('',(367.5,182.5,410.));
#9695 = VECTOR('',#9696,1.);
#9696 = DIRECTION('',(0.,0.,1.));
#9697 = FACE_BOUND('',#9698,.T.);
#9698 = EDGE_LOOP('',(#9699,#9709,#9717,#9725));
#9699 = ORIENTED_EDGE('',*,*,#9700,.F.);
#9700 = EDGE_CURVE('',#9701,#9703,#9705,.T.);
#9701 = VERTEX_POINT('',#9702);
#9702 = CARTESIAN_POINT('',(335.5,182.5,413.));
#9703 = VERTEX_POINT('',#9704);
#9704 = CARTESIAN_POINT('',(335.5,182.5,442.));
#9705 = LINE('',#9706,#9707);
#9706 = CARTESIAN_POINT('',(335.5,182.5,413.));
#9707 = VECTOR('',#9708,1.);
#9708 = DIRECTION('',(0.,0.,1.));
#9709 = ORIENTED_EDGE('',*,*,#9710,.T.);
#9710 = EDGE_CURVE('',#9701,#9711,#9713,.T.);
#9711 = VERTEX_POINT('',#9712);
#9712 = CARTESIAN_POINT('',(364.5,182.5,413.));
#9713 = LINE('',#9714,#9715);
#9714 = CARTESIAN_POINT('',(335.5,182.5,413.));
#9715 = VECTOR('',#9716,1.);
#9716 = DIRECTION('',(1.,0.,0.));
#9717 = ORIENTED_EDGE('',*,*,#9718,.T.);
#9718 = EDGE_CURVE('',#9711,#9719,#9721,.T.);
#9719 = VERTEX_POINT('',#9720);
#9720 = CARTESIAN_POINT('',(364.5,182.5,442.));
#9721 = LINE('',#9722,#9723);
#9722 = CARTESIAN_POINT('',(364.5,182.5,413.));
#9723 = VECTOR('',#9724,1.);
#9724 = DIRECTION('',(0.,0.,1.));
#9725 = ORIENTED_EDGE('',*,*,#9726,.F.);
#9726 = EDGE_CURVE('',#9703,#9719,#9727,.T.);
#9727 = LINE('',#9728,#9729);
#9728 = CARTESIAN_POINT('',(335.5,182.5,442.));
#9729 = VECTOR('',#9730,1.);
#9730 = DIRECTION('',(1.,0.,0.));
#9731 = PLANE('',#9732);
#9732 = AXIS2_PLACEMENT_3D('',#9733,#9734,#9735);
#9733 = CARTESIAN_POINT('',(332.5,182.5,410.));
#9734 = DIRECTION('',(0.,1.,0.));
#9735 = DIRECTION('',(0.,0.,1.));
#9736 = ADVANCED_FACE('',(#9737),#9748,.F.);
#9737 = FACE_BOUND('',#9738,.F.);
#9738 = EDGE_LOOP('',(#9739,#9740,#9741,#9747));
#9739 = ORIENTED_EDGE('',*,*,#9563,.F.);
#9740 = ORIENTED_EDGE('',*,*,#9593,.T.);
#9741 = ORIENTED_EDGE('',*,*,#9742,.T.);
#9742 = EDGE_CURVE('',#9594,#9683,#9743,.T.);
#9743 = LINE('',#9744,#9745);
#9744 = CARTESIAN_POINT('',(367.5,-182.5,410.));
#9745 = VECTOR('',#9746,1.);
#9746 = DIRECTION('',(0.,1.,0.));
#9747 = ORIENTED_EDGE('',*,*,#9682,.F.);
#9748 = PLANE('',#9749);
#9749 = AXIS2_PLACEMENT_3D('',#9750,#9751,#9752);
#9750 = CARTESIAN_POINT('',(332.5,-182.5,410.));
#9751 = DIRECTION('',(0.,0.,1.));
#9752 = DIRECTION('',(1.,0.,0.));
#9753 = ADVANCED_FACE('',(#9754),#9760,.T.);
#9754 = FACE_BOUND('',#9755,.T.);
#9755 = EDGE_LOOP('',(#9756,#9757,#9758,#9759));
#9756 = ORIENTED_EDGE('',*,*,#9610,.F.);
#9757 = ORIENTED_EDGE('',*,*,#9742,.T.);
#9758 = ORIENTED_EDGE('',*,*,#9692,.T.);
#9759 = ORIENTED_EDGE('',*,*,#9660,.F.);
#9760 = PLANE('',#9761);
#9761 = AXIS2_PLACEMENT_3D('',#9762,#9763,#9764);
#9762 = CARTESIAN_POINT('',(367.5,-182.5,410.));
#9763 = DIRECTION('',(1.,0.,0.));
#9764 = DIRECTION('',(0.,0.,1.));
#9765 = ADVANCED_FACE('',(#9766),#9782,.T.);
#9766 = FACE_BOUND('',#9767,.T.);
#9767 = EDGE_LOOP('',(#9768,#9769,#9775,#9776));
#9768 = ORIENTED_EDGE('',*,*,#9618,.F.);
#9769 = ORIENTED_EDGE('',*,*,#9770,.T.);
#9770 = EDGE_CURVE('',#9619,#9701,#9771,.T.);
#9771 = LINE('',#9772,#9773);
#9772 = CARTESIAN_POINT('',(335.5,-182.5,413.));
#9773 = VECTOR('',#9774,1.);
#9774 = DIRECTION('',(0.,1.,0.));
#9775 = ORIENTED_EDGE('',*,*,#9700,.T.);
#9776 = ORIENTED_EDGE('',*,*,#9777,.F.);
#9777 = EDGE_CURVE('',#9621,#9703,#9778,.T.);
#9778 = LINE('',#9779,#9780);
#9779 = CARTESIAN_POINT('',(335.5,-182.5,442.));
#9780 = VECTOR('',#9781,1.);
#9781 = DIRECTION('',(0.,1.,0.));
#9782 = PLANE('',#9783);
#9783 = AXIS2_PLACEMENT_3D('',#9784,#9785,#9786);
#9784 = CARTESIAN_POINT('',(335.5,-182.5,413.));
#9785 = DIRECTION('',(1.,0.,0.));
#9786 = DIRECTION('',(0.,0.,1.));
#9787 = ADVANCED_FACE('',(#9788),#9799,.F.);
#9788 = FACE_BOUND('',#9789,.F.);
#9789 = EDGE_LOOP('',(#9790,#9791,#9792,#9798));
#9790 = ORIENTED_EDGE('',*,*,#9777,.F.);
#9791 = ORIENTED_EDGE('',*,*,#9644,.T.);
#9792 = ORIENTED_EDGE('',*,*,#9793,.T.);
#9793 = EDGE_CURVE('',#9637,#9719,#9794,.T.);
#9794 = LINE('',#9795,#9796);
#9795 = CARTESIAN_POINT('',(364.5,-182.5,442.));
#9796 = VECTOR('',#9797,1.);
#9797 = DIRECTION('',(0.,1.,0.));
#9798 = ORIENTED_EDGE('',*,*,#9726,.F.);
#9799 = PLANE('',#9800);
#9800 = AXIS2_PLACEMENT_3D('',#9801,#9802,#9803);
#9801 = CARTESIAN_POINT('',(335.5,-182.5,442.));
#9802 = DIRECTION('',(0.,0.,1.));
#9803 = DIRECTION('',(1.,0.,0.));
#9804 = ADVANCED_FACE('',(#9805),#9816,.F.);
#9805 = FACE_BOUND('',#9806,.F.);
#9806 = EDGE_LOOP('',(#9807,#9808,#9814,#9815));
#9807 = ORIENTED_EDGE('',*,*,#9636,.F.);
#9808 = ORIENTED_EDGE('',*,*,#9809,.T.);
#9809 = EDGE_CURVE('',#9629,#9711,#9810,.T.);
#9810 = LINE('',#9811,#9812);
#9811 = CARTESIAN_POINT('',(364.5,-182.5,413.));
#9812 = VECTOR('',#9813,1.);
#9813 = DIRECTION('',(0.,1.,0.));
#9814 = ORIENTED_EDGE('',*,*,#9718,.T.);
#9815 = ORIENTED_EDGE('',*,*,#9793,.F.);
#9816 = PLANE('',#9817);
#9817 = AXIS2_PLACEMENT_3D('',#9818,#9819,#9820);
#9818 = CARTESIAN_POINT('',(364.5,-182.5,413.));
#9819 = DIRECTION('',(1.,0.,0.));
#9820 = DIRECTION('',(0.,0.,1.));
#9821 = ADVANCED_FACE('',(#9822),#9828,.T.);
#9822 = FACE_BOUND('',#9823,.T.);
#9823 = EDGE_LOOP('',(#9824,#9825,#9826,#9827));
#9824 = ORIENTED_EDGE('',*,*,#9770,.F.);
#9825 = ORIENTED_EDGE('',*,*,#9628,.T.);
#9826 = ORIENTED_EDGE('',*,*,#9809,.T.);
#9827 = ORIENTED_EDGE('',*,*,#9710,.F.);
#9828 = PLANE('',#9829);
#9829 = AXIS2_PLACEMENT_3D('',#9830,#9831,#9832);
#9830 = CARTESIAN_POINT('',(335.5,-182.5,413.));
#9831 = DIRECTION('',(0.,0.,1.));
#9832 = DIRECTION('',(1.,0.,0.));
#9833 = MANIFOLD_SOLID_BREP('',#9834);
#9834 = CLOSED_SHELL('',(#9835,#9909,#9940,#9964,#9988,#10005,#10036,
    #10060,#10084,#10101));
#9835 = ADVANCED_FACE('',(#9836,#9870),#9904,.F.);
#9836 = FACE_BOUND('',#9837,.F.);
#9837 = EDGE_LOOP('',(#9838,#9848,#9856,#9864));
#9838 = ORIENTED_EDGE('',*,*,#9839,.F.);
#9839 = EDGE_CURVE('',#9840,#9842,#9844,.T.);
#9840 = VERTEX_POINT('',#9841);
#9841 = CARTESIAN_POINT('',(-332.5,-217.5,605.));
#9842 = VERTEX_POINT('',#9843);
#9843 = CARTESIAN_POINT('',(-332.5,-217.5,640.));
#9844 = LINE('',#9845,#9846);
#9845 = CARTESIAN_POINT('',(-332.5,-217.5,605.));
#9846 = VECTOR('',#9847,1.);
#9847 = DIRECTION('',(0.,0.,1.));
#9848 = ORIENTED_EDGE('',*,*,#9849,.T.);
#9849 = EDGE_CURVE('',#9840,#9850,#9852,.T.);
#9850 = VERTEX_POINT('',#9851);
#9851 = CARTESIAN_POINT('',(-332.5,-182.5,605.));
#9852 = LINE('',#9853,#9854);
#9853 = CARTESIAN_POINT('',(-332.5,-217.5,605.));
#9854 = VECTOR('',#9855,1.);
#9855 = DIRECTION('',(0.,1.,0.));
#9856 = ORIENTED_EDGE('',*,*,#9857,.T.);
#9857 = EDGE_CURVE('',#9850,#9858,#9860,.T.);
#9858 = VERTEX_POINT('',#9859);
#9859 = CARTESIAN_POINT('',(-332.5,-182.5,640.));
#9860 = LINE('',#9861,#9862);
#9861 = CARTESIAN_POINT('',(-332.5,-182.5,605.));
#9862 = VECTOR('',#9863,1.);
#9863 = DIRECTION('',(0.,0.,1.));
#9864 = ORIENTED_EDGE('',*,*,#9865,.F.);
#9865 = EDGE_CURVE('',#9842,#9858,#9866,.T.);
#9866 = LINE('',#9867,#9868);
#9867 = CARTESIAN_POINT('',(-332.5,-217.5,640.));
#9868 = VECTOR('',#9869,1.);
#9869 = DIRECTION('',(0.,1.,0.));
#9870 = FACE_BOUND('',#9871,.F.);
#9871 = EDGE_LOOP('',(#9872,#9882,#9890,#9898));
#9872 = ORIENTED_EDGE('',*,*,#9873,.F.);
#9873 = EDGE_CURVE('',#9874,#9876,#9878,.T.);
#9874 = VERTEX_POINT('',#9875);
#9875 = CARTESIAN_POINT('',(-332.5,-214.5,608.));
#9876 = VERTEX_POINT('',#9877);
#9877 = CARTESIAN_POINT('',(-332.5,-185.5,608.));
#9878 = LINE('',#9879,#9880);
#9879 = CARTESIAN_POINT('',(-332.5,-214.5,608.));
#9880 = VECTOR('',#9881,1.);
#9881 = DIRECTION('',(0.,1.,0.));
#9882 = ORIENTED_EDGE('',*,*,#9883,.T.);
#9883 = EDGE_CURVE('',#9874,#9884,#9886,.T.);
#9884 = VERTEX_POINT('',#9885);
#9885 = CARTESIAN_POINT('',(-332.5,-214.5,637.));
#9886 = LINE('',#9887,#9888);
#9887 = CARTESIAN_POINT('',(-332.5,-214.5,608.));
#9888 = VECTOR('',#9889,1.);
#9889 = DIRECTION('',(0.,0.,1.));
#9890 = ORIENTED_EDGE('',*,*,#9891,.T.);
#9891 = EDGE_CURVE('',#9884,#9892,#9894,.T.);
#9892 = VERTEX_POINT('',#9893);
#9893 = CARTESIAN_POINT('',(-332.5,-185.5,637.));
#9894 = LINE('',#9895,#9896);
#9895 = CARTESIAN_POINT('',(-332.5,-214.5,637.));
#9896 = VECTOR('',#9897,1.);
#9897 = DIRECTION('',(0.,1.,0.));
#9898 = ORIENTED_EDGE('',*,*,#9899,.F.);
#9899 = EDGE_CURVE('',#9876,#9892,#9900,.T.);
#9900 = LINE('',#9901,#9902);
#9901 = CARTESIAN_POINT('',(-332.5,-185.5,608.));
#9902 = VECTOR('',#9903,1.);
#9903 = DIRECTION('',(0.,0.,1.));
#9904 = PLANE('',#9905);
#9905 = AXIS2_PLACEMENT_3D('',#9906,#9907,#9908);
#9906 = CARTESIAN_POINT('',(-332.5,-217.5,605.));
#9907 = DIRECTION('',(1.,0.,0.));
#9908 = DIRECTION('',(0.,0.,1.));
#9909 = ADVANCED_FACE('',(#9910),#9935,.F.);
#9910 = FACE_BOUND('',#9911,.F.);
#9911 = EDGE_LOOP('',(#9912,#9920,#9921,#9929));
#9912 = ORIENTED_EDGE('',*,*,#9913,.F.);
#9913 = EDGE_CURVE('',#9840,#9914,#9916,.T.);
#9914 = VERTEX_POINT('',#9915);
#9915 = CARTESIAN_POINT('',(332.5,-217.5,605.));
#9916 = LINE('',#9917,#9918);
#9917 = CARTESIAN_POINT('',(-332.5,-217.5,605.));
#9918 = VECTOR('',#9919,1.);
#9919 = DIRECTION('',(1.,0.,0.));
#9920 = ORIENTED_EDGE('',*,*,#9839,.T.);
#9921 = ORIENTED_EDGE('',*,*,#9922,.T.);
#9922 = EDGE_CURVE('',#9842,#9923,#9925,.T.);
#9923 = VERTEX_POINT('',#9924);
#9924 = CARTESIAN_POINT('',(332.5,-217.5,640.));
#9925 = LINE('',#9926,#9927);
#9926 = CARTESIAN_POINT('',(-332.5,-217.5,640.));
#9927 = VECTOR('',#9928,1.);
#9928 = DIRECTION('',(1.,0.,0.));
#9929 = ORIENTED_EDGE('',*,*,#9930,.F.);
#9930 = EDGE_CURVE('',#9914,#9923,#9931,.T.);
#9931 = LINE('',#9932,#9933);
#9932 = CARTESIAN_POINT('',(332.5,-217.5,605.));
#9933 = VECTOR('',#9934,1.);
#9934 = DIRECTION('',(0.,0.,1.));
#9935 = PLANE('',#9936);
#9936 = AXIS2_PLACEMENT_3D('',#9937,#9938,#9939);
#9937 = CARTESIAN_POINT('',(-332.5,-217.5,605.));
#9938 = DIRECTION('',(0.,1.,0.));
#9939 = DIRECTION('',(0.,0.,1.));
#9940 = ADVANCED_FACE('',(#9941),#9959,.T.);
#9941 = FACE_BOUND('',#9942,.T.);
#9942 = EDGE_LOOP('',(#9943,#9944,#9945,#9953));
#9943 = ORIENTED_EDGE('',*,*,#9865,.F.);
#9944 = ORIENTED_EDGE('',*,*,#9922,.T.);
#9945 = ORIENTED_EDGE('',*,*,#9946,.T.);
#9946 = EDGE_CURVE('',#9923,#9947,#9949,.T.);
#9947 = VERTEX_POINT('',#9948);
#9948 = CARTESIAN_POINT('',(332.5,-182.5,640.));
#9949 = LINE('',#9950,#9951);
#9950 = CARTESIAN_POINT('',(332.5,-217.5,640.));
#9951 = VECTOR('',#9952,1.);
#9952 = DIRECTION('',(0.,1.,0.));
#9953 = ORIENTED_EDGE('',*,*,#9954,.F.);
#9954 = EDGE_CURVE('',#9858,#9947,#9955,.T.);
#9955 = LINE('',#9956,#9957);
#9956 = CARTESIAN_POINT('',(-332.5,-182.5,640.));
#9957 = VECTOR('',#9958,1.);
#9958 = DIRECTION('',(1.,0.,0.));
#9959 = PLANE('',#9960);
#9960 = AXIS2_PLACEMENT_3D('',#9961,#9962,#9963);
#9961 = CARTESIAN_POINT('',(-332.5,-217.5,640.));
#9962 = DIRECTION('',(0.,0.,1.));
#9963 = DIRECTION('',(1.,0.,0.));
#9964 = ADVANCED_FACE('',(#9965),#9983,.F.);
#9965 = FACE_BOUND('',#9966,.F.);
#9966 = EDGE_LOOP('',(#9967,#9968,#9969,#9977));
#9967 = ORIENTED_EDGE('',*,*,#9849,.F.);
#9968 = ORIENTED_EDGE('',*,*,#9913,.T.);
#9969 = ORIENTED_EDGE('',*,*,#9970,.T.);
#9970 = EDGE_CURVE('',#9914,#9971,#9973,.T.);
#9971 = VERTEX_POINT('',#9972);
#9972 = CARTESIAN_POINT('',(332.5,-182.5,605.));
#9973 = LINE('',#9974,#9975);
#9974 = CARTESIAN_POINT('',(332.5,-217.5,605.));
#9975 = VECTOR('',#9976,1.);
#9976 = DIRECTION('',(0.,1.,0.));
#9977 = ORIENTED_EDGE('',*,*,#9978,.F.);
#9978 = EDGE_CURVE('',#9850,#9971,#9979,.T.);
#9979 = LINE('',#9980,#9981);
#9980 = CARTESIAN_POINT('',(-332.5,-182.5,605.));
#9981 = VECTOR('',#9982,1.);
#9982 = DIRECTION('',(1.,0.,0.));
#9983 = PLANE('',#9984);
#9984 = AXIS2_PLACEMENT_3D('',#9985,#9986,#9987);
#9985 = CARTESIAN_POINT('',(-332.5,-217.5,605.));
#9986 = DIRECTION('',(0.,0.,1.));
#9987 = DIRECTION('',(1.,0.,0.));
#9988 = ADVANCED_FACE('',(#9989),#10000,.T.);
#9989 = FACE_BOUND('',#9990,.T.);
#9990 = EDGE_LOOP('',(#9991,#9992,#9993,#9994));
#9991 = ORIENTED_EDGE('',*,*,#9978,.F.);
#9992 = ORIENTED_EDGE('',*,*,#9857,.T.);
#9993 = ORIENTED_EDGE('',*,*,#9954,.T.);
#9994 = ORIENTED_EDGE('',*,*,#9995,.F.);
#9995 = EDGE_CURVE('',#9971,#9947,#9996,.T.);
#9996 = LINE('',#9997,#9998);
#9997 = CARTESIAN_POINT('',(332.5,-182.5,605.));
#9998 = VECTOR('',#9999,1.);
#9999 = DIRECTION('',(0.,0.,1.));
#10000 = PLANE('',#10001);
#10001 = AXIS2_PLACEMENT_3D('',#10002,#10003,#10004);
#10002 = CARTESIAN_POINT('',(-332.5,-182.5,605.));
#10003 = DIRECTION('',(0.,1.,0.));
#10004 = DIRECTION('',(0.,0.,1.));
#10005 = ADVANCED_FACE('',(#10006),#10031,.T.);
#10006 = FACE_BOUND('',#10007,.T.);
#10007 = EDGE_LOOP('',(#10008,#10009,#10017,#10025));
#10008 = ORIENTED_EDGE('',*,*,#9873,.F.);
#10009 = ORIENTED_EDGE('',*,*,#10010,.T.);
#10010 = EDGE_CURVE('',#9874,#10011,#10013,.T.);
#10011 = VERTEX_POINT('',#10012);
#10012 = CARTESIAN_POINT('',(332.5,-214.5,608.));
#10013 = LINE('',#10014,#10015);
#10014 = CARTESIAN_POINT('',(-332.5,-214.5,608.));
#10015 = VECTOR('',#10016,1.);
#10016 = DIRECTION('',(1.,0.,0.));
#10017 = ORIENTED_EDGE('',*,*,#10018,.T.);
#10018 = EDGE_CURVE('',#10011,#10019,#10021,.T.);
#10019 = VERTEX_POINT('',#10020);
#10020 = CARTESIAN_POINT('',(332.5,-185.5,608.));
#10021 = LINE('',#10022,#10023);
#10022 = CARTESIAN_POINT('',(332.5,-214.5,608.));
#10023 = VECTOR('',#10024,1.);
#10024 = DIRECTION('',(0.,1.,0.));
#10025 = ORIENTED_EDGE('',*,*,#10026,.F.);
#10026 = EDGE_CURVE('',#9876,#10019,#10027,.T.);
#10027 = LINE('',#10028,#10029);
#10028 = CARTESIAN_POINT('',(-332.5,-185.5,608.));
#10029 = VECTOR('',#10030,1.);
#10030 = DIRECTION('',(1.,0.,0.));
#10031 = PLANE('',#10032);
#10032 = AXIS2_PLACEMENT_3D('',#10033,#10034,#10035);
#10033 = CARTESIAN_POINT('',(-332.5,-214.5,608.));
#10034 = DIRECTION('',(0.,0.,1.));
#10035 = DIRECTION('',(1.,0.,0.));
#10036 = ADVANCED_FACE('',(#10037),#10055,.F.);
#10037 = FACE_BOUND('',#10038,.F.);
#10038 = EDGE_LOOP('',(#10039,#10040,#10041,#10049));
#10039 = ORIENTED_EDGE('',*,*,#10026,.F.);
#10040 = ORIENTED_EDGE('',*,*,#9899,.T.);
#10041 = ORIENTED_EDGE('',*,*,#10042,.T.);
#10042 = EDGE_CURVE('',#9892,#10043,#10045,.T.);
#10043 = VERTEX_POINT('',#10044);
#10044 = CARTESIAN_POINT('',(332.5,-185.5,637.));
#10045 = LINE('',#10046,#10047);
#10046 = CARTESIAN_POINT('',(-332.5,-185.5,637.));
#10047 = VECTOR('',#10048,1.);
#10048 = DIRECTION('',(1.,0.,0.));
#10049 = ORIENTED_EDGE('',*,*,#10050,.F.);
#10050 = EDGE_CURVE('',#10019,#10043,#10051,.T.);
#10051 = LINE('',#10052,#10053);
#10052 = CARTESIAN_POINT('',(332.5,-185.5,608.));
#10053 = VECTOR('',#10054,1.);
#10054 = DIRECTION('',(0.,0.,1.));
#10055 = PLANE('',#10056);
#10056 = AXIS2_PLACEMENT_3D('',#10057,#10058,#10059);
#10057 = CARTESIAN_POINT('',(-332.5,-185.5,608.));
#10058 = DIRECTION('',(0.,1.,0.));
#10059 = DIRECTION('',(0.,0.,1.));
#10060 = ADVANCED_FACE('',(#10061),#10079,.F.);
#10061 = FACE_BOUND('',#10062,.F.);
#10062 = EDGE_LOOP('',(#10063,#10064,#10072,#10078));
#10063 = ORIENTED_EDGE('',*,*,#9891,.F.);
#10064 = ORIENTED_EDGE('',*,*,#10065,.T.);
#10065 = EDGE_CURVE('',#9884,#10066,#10068,.T.);
#10066 = VERTEX_POINT('',#10067);
#10067 = CARTESIAN_POINT('',(332.5,-214.5,637.));
#10068 = LINE('',#10069,#10070);
#10069 = CARTESIAN_POINT('',(-332.5,-214.5,637.));
#10070 = VECTOR('',#10071,1.);
#10071 = DIRECTION('',(1.,0.,0.));
#10072 = ORIENTED_EDGE('',*,*,#10073,.T.);
#10073 = EDGE_CURVE('',#10066,#10043,#10074,.T.);
#10074 = LINE('',#10075,#10076);
#10075 = CARTESIAN_POINT('',(332.5,-214.5,637.));
#10076 = VECTOR('',#10077,1.);
#10077 = DIRECTION('',(0.,1.,0.));
#10078 = ORIENTED_EDGE('',*,*,#10042,.F.);
#10079 = PLANE('',#10080);
#10080 = AXIS2_PLACEMENT_3D('',#10081,#10082,#10083);
#10081 = CARTESIAN_POINT('',(-332.5,-214.5,637.));
#10082 = DIRECTION('',(0.,0.,1.));
#10083 = DIRECTION('',(1.,0.,0.));
#10084 = ADVANCED_FACE('',(#10085),#10096,.T.);
#10085 = FACE_BOUND('',#10086,.T.);
#10086 = EDGE_LOOP('',(#10087,#10088,#10089,#10090));
#10087 = ORIENTED_EDGE('',*,*,#10010,.F.);
#10088 = ORIENTED_EDGE('',*,*,#9883,.T.);
#10089 = ORIENTED_EDGE('',*,*,#10065,.T.);
#10090 = ORIENTED_EDGE('',*,*,#10091,.F.);
#10091 = EDGE_CURVE('',#10011,#10066,#10092,.T.);
#10092 = LINE('',#10093,#10094);
#10093 = CARTESIAN_POINT('',(332.5,-214.5,608.));
#10094 = VECTOR('',#10095,1.);
#10095 = DIRECTION('',(0.,0.,1.));
#10096 = PLANE('',#10097);
#10097 = AXIS2_PLACEMENT_3D('',#10098,#10099,#10100);
#10098 = CARTESIAN_POINT('',(-332.5,-214.5,608.));
#10099 = DIRECTION('',(0.,1.,0.));
#10100 = DIRECTION('',(0.,0.,1.));
#10101 = ADVANCED_FACE('',(#10102,#10108),#10114,.T.);
#10102 = FACE_BOUND('',#10103,.T.);
#10103 = EDGE_LOOP('',(#10104,#10105,#10106,#10107));
#10104 = ORIENTED_EDGE('',*,*,#9930,.F.);
#10105 = ORIENTED_EDGE('',*,*,#9970,.T.);
#10106 = ORIENTED_EDGE('',*,*,#9995,.T.);
#10107 = ORIENTED_EDGE('',*,*,#9946,.F.);
#10108 = FACE_BOUND('',#10109,.T.);
#10109 = EDGE_LOOP('',(#10110,#10111,#10112,#10113));
#10110 = ORIENTED_EDGE('',*,*,#10018,.F.);
#10111 = ORIENTED_EDGE('',*,*,#10091,.T.);
#10112 = ORIENTED_EDGE('',*,*,#10073,.T.);
#10113 = ORIENTED_EDGE('',*,*,#10050,.F.);
#10114 = PLANE('',#10115);
#10115 = AXIS2_PLACEMENT_3D('',#10116,#10117,#10118);
#10116 = CARTESIAN_POINT('',(332.5,-217.5,605.));
#10117 = DIRECTION('',(1.,0.,0.));
#10118 = DIRECTION('',(0.,0.,1.));
#10119 = MANIFOLD_SOLID_BREP('',#10120);
#10120 = CLOSED_SHELL('',(#10121,#10161,#10226,#10250,#10308,#10325,
    #10337,#10359,#10376,#10393));
#10121 = ADVANCED_FACE('',(#10122),#10156,.F.);
#10122 = FACE_BOUND('',#10123,.F.);
#10123 = EDGE_LOOP('',(#10124,#10134,#10142,#10150));
#10124 = ORIENTED_EDGE('',*,*,#10125,.F.);
#10125 = EDGE_CURVE('',#10126,#10128,#10130,.T.);
#10126 = VERTEX_POINT('',#10127);
#10127 = CARTESIAN_POINT('',(-367.5,-182.5,605.));
#10128 = VERTEX_POINT('',#10129);
#10129 = CARTESIAN_POINT('',(-367.5,-182.5,640.));
#10130 = LINE('',#10131,#10132);
#10131 = CARTESIAN_POINT('',(-367.5,-182.5,605.));
#10132 = VECTOR('',#10133,1.);
#10133 = DIRECTION('',(0.,0.,1.));
#10134 = ORIENTED_EDGE('',*,*,#10135,.T.);
#10135 = EDGE_CURVE('',#10126,#10136,#10138,.T.);
#10136 = VERTEX_POINT('',#10137);
#10137 = CARTESIAN_POINT('',(-367.5,182.5,605.));
#10138 = LINE('',#10139,#10140);
#10139 = CARTESIAN_POINT('',(-367.5,-182.5,605.));
#10140 = VECTOR('',#10141,1.);
#10141 = DIRECTION('',(0.,1.,0.));
#10142 = ORIENTED_EDGE('',*,*,#10143,.T.);
#10143 = EDGE_CURVE('',#10136,#10144,#10146,.T.);
#10144 = VERTEX_POINT('',#10145);
#10145 = CARTESIAN_POINT('',(-367.5,182.5,640.));
#10146 = LINE('',#10147,#10148);
#10147 = CARTESIAN_POINT('',(-367.5,182.5,605.));
#10148 = VECTOR('',#10149,1.);
#10149 = DIRECTION('',(0.,0.,1.));
#10150 = ORIENTED_EDGE('',*,*,#10151,.F.);
#10151 = EDGE_CURVE('',#10128,#10144,#10152,.T.);
#10152 = LINE('',#10153,#10154);
#10153 = CARTESIAN_POINT('',(-367.5,-182.5,640.));
#10154 = VECTOR('',#10155,1.);
#10155 = DIRECTION('',(0.,1.,0.));
#10156 = PLANE('',#10157);
#10157 = AXIS2_PLACEMENT_3D('',#10158,#10159,#10160);
#10158 = CARTESIAN_POINT('',(-367.5,-182.5,605.));
#10159 = DIRECTION('',(1.,0.,0.));
#10160 = DIRECTION('',(0.,0.,1.));
#10161 = ADVANCED_FACE('',(#10162,#10187),#10221,.F.);
#10162 = FACE_BOUND('',#10163,.F.);
#10163 = EDGE_LOOP('',(#10164,#10172,#10173,#10181));
#10164 = ORIENTED_EDGE('',*,*,#10165,.F.);
#10165 = EDGE_CURVE('',#10126,#10166,#10168,.T.);
#10166 = VERTEX_POINT('',#10167);
#10167 = CARTESIAN_POINT('',(-332.5,-182.5,605.));
#10168 = LINE('',#10169,#10170);
#10169 = CARTESIAN_POINT('',(-367.5,-182.5,605.));
#10170 = VECTOR('',#10171,1.);
#10171 = DIRECTION('',(1.,0.,0.));
#10172 = ORIENTED_EDGE('',*,*,#10125,.T.);
#10173 = ORIENTED_EDGE('',*,*,#10174,.T.);
#10174 = EDGE_CURVE('',#10128,#10175,#10177,.T.);
#10175 = VERTEX_POINT('',#10176);
#10176 = CARTESIAN_POINT('',(-332.5,-182.5,640.));
#10177 = LINE('',#10178,#10179);
#10178 = CARTESIAN_POINT('',(-367.5,-182.5,640.));
#10179 = VECTOR('',#10180,1.);
#10180 = DIRECTION('',(1.,0.,0.));
#10181 = ORIENTED_EDGE('',*,*,#10182,.F.);
#10182 = EDGE_CURVE('',#10166,#10175,#10183,.T.);
#10183 = LINE('',#10184,#10185);
#10184 = CARTESIAN_POINT('',(-332.5,-182.5,605.));
#10185 = VECTOR('',#10186,1.);
#10186 = DIRECTION('',(0.,0.,1.));
#10187 = FACE_BOUND('',#10188,.F.);
#10188 = EDGE_LOOP('',(#10189,#10199,#10207,#10215));
#10189 = ORIENTED_EDGE('',*,*,#10190,.F.);
#10190 = EDGE_CURVE('',#10191,#10193,#10195,.T.);
#10191 = VERTEX_POINT('',#10192);
#10192 = CARTESIAN_POINT('',(-364.5,-182.5,608.));
#10193 = VERTEX_POINT('',#10194);
#10194 = CARTESIAN_POINT('',(-364.5,-182.5,637.));
#10195 = LINE('',#10196,#10197);
#10196 = CARTESIAN_POINT('',(-364.5,-182.5,608.));
#10197 = VECTOR('',#10198,1.);
#10198 = DIRECTION('',(0.,0.,1.));
#10199 = ORIENTED_EDGE('',*,*,#10200,.T.);
#10200 = EDGE_CURVE('',#10191,#10201,#10203,.T.);
#10201 = VERTEX_POINT('',#10202);
#10202 = CARTESIAN_POINT('',(-335.5,-182.5,608.));
#10203 = LINE('',#10204,#10205);
#10204 = CARTESIAN_POINT('',(-364.5,-182.5,608.));
#10205 = VECTOR('',#10206,1.);
#10206 = DIRECTION('',(1.,0.,0.));
#10207 = ORIENTED_EDGE('',*,*,#10208,.T.);
#10208 = EDGE_CURVE('',#10201,#10209,#10211,.T.);
#10209 = VERTEX_POINT('',#10210);
#10210 = CARTESIAN_POINT('',(-335.5,-182.5,637.));
#10211 = LINE('',#10212,#10213);
#10212 = CARTESIAN_POINT('',(-335.5,-182.5,608.));
#10213 = VECTOR('',#10214,1.);
#10214 = DIRECTION('',(0.,0.,1.));
#10215 = ORIENTED_EDGE('',*,*,#10216,.F.);
#10216 = EDGE_CURVE('',#10193,#10209,#10217,.T.);
#10217 = LINE('',#10218,#10219);
#10218 = CARTESIAN_POINT('',(-364.5,-182.5,637.));
#10219 = VECTOR('',#10220,1.);
#10220 = DIRECTION('',(1.,0.,0.));
#10221 = PLANE('',#10222);
#10222 = AXIS2_PLACEMENT_3D('',#10223,#10224,#10225);
#10223 = CARTESIAN_POINT('',(-367.5,-182.5,605.));
#10224 = DIRECTION('',(0.,1.,0.));
#10225 = DIRECTION('',(0.,0.,1.));
#10226 = ADVANCED_FACE('',(#10227),#10245,.T.);
#10227 = FACE_BOUND('',#10228,.T.);
#10228 = EDGE_LOOP('',(#10229,#10230,#10231,#10239));
#10229 = ORIENTED_EDGE('',*,*,#10151,.F.);
#10230 = ORIENTED_EDGE('',*,*,#10174,.T.);
#10231 = ORIENTED_EDGE('',*,*,#10232,.T.);
#10232 = EDGE_CURVE('',#10175,#10233,#10235,.T.);
#10233 = VERTEX_POINT('',#10234);
#10234 = CARTESIAN_POINT('',(-332.5,182.5,640.));
#10235 = LINE('',#10236,#10237);
#10236 = CARTESIAN_POINT('',(-332.5,-182.5,640.));
#10237 = VECTOR('',#10238,1.);
#10238 = DIRECTION('',(0.,1.,0.));
#10239 = ORIENTED_EDGE('',*,*,#10240,.F.);
#10240 = EDGE_CURVE('',#10144,#10233,#10241,.T.);
#10241 = LINE('',#10242,#10243);
#10242 = CARTESIAN_POINT('',(-367.5,182.5,640.));
#10243 = VECTOR('',#10244,1.);
#10244 = DIRECTION('',(1.,0.,0.));
#10245 = PLANE('',#10246);
#10246 = AXIS2_PLACEMENT_3D('',#10247,#10248,#10249);
#10247 = CARTESIAN_POINT('',(-367.5,-182.5,640.));
#10248 = DIRECTION('',(0.,0.,1.));
#10249 = DIRECTION('',(1.,0.,0.));
#10250 = ADVANCED_FACE('',(#10251,#10269),#10303,.T.);
#10251 = FACE_BOUND('',#10252,.T.);
#10252 = EDGE_LOOP('',(#10253,#10261,#10262,#10263));
#10253 = ORIENTED_EDGE('',*,*,#10254,.F.);
#10254 = EDGE_CURVE('',#10136,#10255,#10257,.T.);
#10255 = VERTEX_POINT('',#10256);
#10256 = CARTESIAN_POINT('',(-332.5,182.5,605.));
#10257 = LINE('',#10258,#10259);
#10258 = CARTESIAN_POINT('',(-367.5,182.5,605.));
#10259 = VECTOR('',#10260,1.);
#10260 = DIRECTION('',(1.,0.,0.));
#10261 = ORIENTED_EDGE('',*,*,#10143,.T.);
#10262 = ORIENTED_EDGE('',*,*,#10240,.T.);
#10263 = ORIENTED_EDGE('',*,*,#10264,.F.);
#10264 = EDGE_CURVE('',#10255,#10233,#10265,.T.);
#10265 = LINE('',#10266,#10267);
#10266 = CARTESIAN_POINT('',(-332.5,182.5,605.));
#10267 = VECTOR('',#10268,1.);
#10268 = DIRECTION('',(0.,0.,1.));
#10269 = FACE_BOUND('',#10270,.T.);
#10270 = EDGE_LOOP('',(#10271,#10281,#10289,#10297));
#10271 = ORIENTED_EDGE('',*,*,#10272,.F.);
#10272 = EDGE_CURVE('',#10273,#10275,#10277,.T.);
#10273 = VERTEX_POINT('',#10274);
#10274 = CARTESIAN_POINT('',(-364.5,182.5,608.));
#10275 = VERTEX_POINT('',#10276);
#10276 = CARTESIAN_POINT('',(-364.5,182.5,637.));
#10277 = LINE('',#10278,#10279);
#10278 = CARTESIAN_POINT('',(-364.5,182.5,608.));
#10279 = VECTOR('',#10280,1.);
#10280 = DIRECTION('',(0.,0.,1.));
#10281 = ORIENTED_EDGE('',*,*,#10282,.T.);
#10282 = EDGE_CURVE('',#10273,#10283,#10285,.T.);
#10283 = VERTEX_POINT('',#10284);
#10284 = CARTESIAN_POINT('',(-335.5,182.5,608.));
#10285 = LINE('',#10286,#10287);
#10286 = CARTESIAN_POINT('',(-364.5,182.5,608.));
#10287 = VECTOR('',#10288,1.);
#10288 = DIRECTION('',(1.,0.,0.));
#10289 = ORIENTED_EDGE('',*,*,#10290,.T.);
#10290 = EDGE_CURVE('',#10283,#10291,#10293,.T.);
#10291 = VERTEX_POINT('',#10292);
#10292 = CARTESIAN_POINT('',(-335.5,182.5,637.));
#10293 = LINE('',#10294,#10295);
#10294 = CARTESIAN_POINT('',(-335.5,182.5,608.));
#10295 = VECTOR('',#10296,1.);
#10296 = DIRECTION('',(0.,0.,1.));
#10297 = ORIENTED_EDGE('',*,*,#10298,.F.);
#10298 = EDGE_CURVE('',#10275,#10291,#10299,.T.);
#10299 = LINE('',#10300,#10301);
#10300 = CARTESIAN_POINT('',(-364.5,182.5,637.));
#10301 = VECTOR('',#10302,1.);
#10302 = DIRECTION('',(1.,0.,0.));
#10303 = PLANE('',#10304);
#10304 = AXIS2_PLACEMENT_3D('',#10305,#10306,#10307);
#10305 = CARTESIAN_POINT('',(-367.5,182.5,605.));
#10306 = DIRECTION('',(0.,1.,0.));
#10307 = DIRECTION('',(0.,0.,1.));
#10308 = ADVANCED_FACE('',(#10309),#10320,.F.);
#10309 = FACE_BOUND('',#10310,.F.);
#10310 = EDGE_LOOP('',(#10311,#10312,#10313,#10319));
#10311 = ORIENTED_EDGE('',*,*,#10135,.F.);
#10312 = ORIENTED_EDGE('',*,*,#10165,.T.);
#10313 = ORIENTED_EDGE('',*,*,#10314,.T.);
#10314 = EDGE_CURVE('',#10166,#10255,#10315,.T.);
#10315 = LINE('',#10316,#10317);
#10316 = CARTESIAN_POINT('',(-332.5,-182.5,605.));
#10317 = VECTOR('',#10318,1.);
#10318 = DIRECTION('',(0.,1.,0.));
#10319 = ORIENTED_EDGE('',*,*,#10254,.F.);
#10320 = PLANE('',#10321);
#10321 = AXIS2_PLACEMENT_3D('',#10322,#10323,#10324);
#10322 = CARTESIAN_POINT('',(-367.5,-182.5,605.));
#10323 = DIRECTION('',(0.,0.,1.));
#10324 = DIRECTION('',(1.,0.,0.));
#10325 = ADVANCED_FACE('',(#10326),#10332,.T.);
#10326 = FACE_BOUND('',#10327,.T.);
#10327 = EDGE_LOOP('',(#10328,#10329,#10330,#10331));
#10328 = ORIENTED_EDGE('',*,*,#10182,.F.);
#10329 = ORIENTED_EDGE('',*,*,#10314,.T.);
#10330 = ORIENTED_EDGE('',*,*,#10264,.T.);
#10331 = ORIENTED_EDGE('',*,*,#10232,.F.);
#10332 = PLANE('',#10333);
#10333 = AXIS2_PLACEMENT_3D('',#10334,#10335,#10336);
#10334 = CARTESIAN_POINT('',(-332.5,-182.5,605.));
#10335 = DIRECTION('',(1.,0.,0.));
#10336 = DIRECTION('',(0.,0.,1.));
#10337 = ADVANCED_FACE('',(#10338),#10354,.T.);
#10338 = FACE_BOUND('',#10339,.T.);
#10339 = EDGE_LOOP('',(#10340,#10341,#10347,#10348));
#10340 = ORIENTED_EDGE('',*,*,#10190,.F.);
#10341 = ORIENTED_EDGE('',*,*,#10342,.T.);
#10342 = EDGE_CURVE('',#10191,#10273,#10343,.T.);
#10343 = LINE('',#10344,#10345);
#10344 = CARTESIAN_POINT('',(-364.5,-182.5,608.));
#10345 = VECTOR('',#10346,1.);
#10346 = DIRECTION('',(0.,1.,0.));
#10347 = ORIENTED_EDGE('',*,*,#10272,.T.);
#10348 = ORIENTED_EDGE('',*,*,#10349,.F.);
#10349 = EDGE_CURVE('',#10193,#10275,#10350,.T.);
#10350 = LINE('',#10351,#10352);
#10351 = CARTESIAN_POINT('',(-364.5,-182.5,637.));
#10352 = VECTOR('',#10353,1.);
#10353 = DIRECTION('',(0.,1.,0.));
#10354 = PLANE('',#10355);
#10355 = AXIS2_PLACEMENT_3D('',#10356,#10357,#10358);
#10356 = CARTESIAN_POINT('',(-364.5,-182.5,608.));
#10357 = DIRECTION('',(1.,0.,0.));
#10358 = DIRECTION('',(0.,0.,1.));
#10359 = ADVANCED_FACE('',(#10360),#10371,.F.);
#10360 = FACE_BOUND('',#10361,.F.);
#10361 = EDGE_LOOP('',(#10362,#10363,#10364,#10370));
#10362 = ORIENTED_EDGE('',*,*,#10349,.F.);
#10363 = ORIENTED_EDGE('',*,*,#10216,.T.);
#10364 = ORIENTED_EDGE('',*,*,#10365,.T.);
#10365 = EDGE_CURVE('',#10209,#10291,#10366,.T.);
#10366 = LINE('',#10367,#10368);
#10367 = CARTESIAN_POINT('',(-335.5,-182.5,637.));
#10368 = VECTOR('',#10369,1.);
#10369 = DIRECTION('',(0.,1.,0.));
#10370 = ORIENTED_EDGE('',*,*,#10298,.F.);
#10371 = PLANE('',#10372);
#10372 = AXIS2_PLACEMENT_3D('',#10373,#10374,#10375);
#10373 = CARTESIAN_POINT('',(-364.5,-182.5,637.));
#10374 = DIRECTION('',(0.,0.,1.));
#10375 = DIRECTION('',(1.,0.,0.));
#10376 = ADVANCED_FACE('',(#10377),#10388,.F.);
#10377 = FACE_BOUND('',#10378,.F.);
#10378 = EDGE_LOOP('',(#10379,#10380,#10386,#10387));
#10379 = ORIENTED_EDGE('',*,*,#10208,.F.);
#10380 = ORIENTED_EDGE('',*,*,#10381,.T.);
#10381 = EDGE_CURVE('',#10201,#10283,#10382,.T.);
#10382 = LINE('',#10383,#10384);
#10383 = CARTESIAN_POINT('',(-335.5,-182.5,608.));
#10384 = VECTOR('',#10385,1.);
#10385 = DIRECTION('',(0.,1.,0.));
#10386 = ORIENTED_EDGE('',*,*,#10290,.T.);
#10387 = ORIENTED_EDGE('',*,*,#10365,.F.);
#10388 = PLANE('',#10389);
#10389 = AXIS2_PLACEMENT_3D('',#10390,#10391,#10392);
#10390 = CARTESIAN_POINT('',(-335.5,-182.5,608.));
#10391 = DIRECTION('',(1.,0.,0.));
#10392 = DIRECTION('',(0.,0.,1.));
#10393 = ADVANCED_FACE('',(#10394),#10400,.T.);
#10394 = FACE_BOUND('',#10395,.T.);
#10395 = EDGE_LOOP('',(#10396,#10397,#10398,#10399));
#10396 = ORIENTED_EDGE('',*,*,#10342,.F.);
#10397 = ORIENTED_EDGE('',*,*,#10200,.T.);
#10398 = ORIENTED_EDGE('',*,*,#10381,.T.);
#10399 = ORIENTED_EDGE('',*,*,#10282,.F.);
#10400 = PLANE('',#10401);
#10401 = AXIS2_PLACEMENT_3D('',#10402,#10403,#10404);
#10402 = CARTESIAN_POINT('',(-364.5,-182.5,608.));
#10403 = DIRECTION('',(0.,0.,1.));
#10404 = DIRECTION('',(1.,0.,0.));
#10405 = MANIFOLD_SOLID_BREP('',#10406);
#10406 = CLOSED_SHELL('',(#10407,#10481,#10512,#10536,#10560,#10577,
    #10608,#10632,#10656,#10673));
#10407 = ADVANCED_FACE('',(#10408,#10442),#10476,.F.);
#10408 = FACE_BOUND('',#10409,.F.);
#10409 = EDGE_LOOP('',(#10410,#10420,#10428,#10436));
#10410 = ORIENTED_EDGE('',*,*,#10411,.F.);
#10411 = EDGE_CURVE('',#10412,#10414,#10416,.T.);
#10412 = VERTEX_POINT('',#10413);
#10413 = CARTESIAN_POINT('',(-332.5,182.5,605.));
#10414 = VERTEX_POINT('',#10415);
#10415 = CARTESIAN_POINT('',(-332.5,182.5,640.));
#10416 = LINE('',#10417,#10418);
#10417 = CARTESIAN_POINT('',(-332.5,182.5,605.));
#10418 = VECTOR('',#10419,1.);
#10419 = DIRECTION('',(0.,0.,1.));
#10420 = ORIENTED_EDGE('',*,*,#10421,.T.);
#10421 = EDGE_CURVE('',#10412,#10422,#10424,.T.);
#10422 = VERTEX_POINT('',#10423);
#10423 = CARTESIAN_POINT('',(-332.5,217.5,605.));
#10424 = LINE('',#10425,#10426);
#10425 = CARTESIAN_POINT('',(-332.5,182.5,605.));
#10426 = VECTOR('',#10427,1.);
#10427 = DIRECTION('',(0.,1.,0.));
#10428 = ORIENTED_EDGE('',*,*,#10429,.T.);
#10429 = EDGE_CURVE('',#10422,#10430,#10432,.T.);
#10430 = VERTEX_POINT('',#10431);
#10431 = CARTESIAN_POINT('',(-332.5,217.5,640.));
#10432 = LINE('',#10433,#10434);
#10433 = CARTESIAN_POINT('',(-332.5,217.5,605.));
#10434 = VECTOR('',#10435,1.);
#10435 = DIRECTION('',(0.,0.,1.));
#10436 = ORIENTED_EDGE('',*,*,#10437,.F.);
#10437 = EDGE_CURVE('',#10414,#10430,#10438,.T.);
#10438 = LINE('',#10439,#10440);
#10439 = CARTESIAN_POINT('',(-332.5,182.5,640.));
#10440 = VECTOR('',#10441,1.);
#10441 = DIRECTION('',(0.,1.,0.));
#10442 = FACE_BOUND('',#10443,.F.);
#10443 = EDGE_LOOP('',(#10444,#10454,#10462,#10470));
#10444 = ORIENTED_EDGE('',*,*,#10445,.F.);
#10445 = EDGE_CURVE('',#10446,#10448,#10450,.T.);
#10446 = VERTEX_POINT('',#10447);
#10447 = CARTESIAN_POINT('',(-332.5,185.5,608.));
#10448 = VERTEX_POINT('',#10449);
#10449 = CARTESIAN_POINT('',(-332.5,214.5,608.));
#10450 = LINE('',#10451,#10452);
#10451 = CARTESIAN_POINT('',(-332.5,185.5,608.));
#10452 = VECTOR('',#10453,1.);
#10453 = DIRECTION('',(0.,1.,0.));
#10454 = ORIENTED_EDGE('',*,*,#10455,.T.);
#10455 = EDGE_CURVE('',#10446,#10456,#10458,.T.);
#10456 = VERTEX_POINT('',#10457);
#10457 = CARTESIAN_POINT('',(-332.5,185.5,637.));
#10458 = LINE('',#10459,#10460);
#10459 = CARTESIAN_POINT('',(-332.5,185.5,608.));
#10460 = VECTOR('',#10461,1.);
#10461 = DIRECTION('',(0.,0.,1.));
#10462 = ORIENTED_EDGE('',*,*,#10463,.T.);
#10463 = EDGE_CURVE('',#10456,#10464,#10466,.T.);
#10464 = VERTEX_POINT('',#10465);
#10465 = CARTESIAN_POINT('',(-332.5,214.5,637.));
#10466 = LINE('',#10467,#10468);
#10467 = CARTESIAN_POINT('',(-332.5,185.5,637.));
#10468 = VECTOR('',#10469,1.);
#10469 = DIRECTION('',(0.,1.,0.));
#10470 = ORIENTED_EDGE('',*,*,#10471,.F.);
#10471 = EDGE_CURVE('',#10448,#10464,#10472,.T.);
#10472 = LINE('',#10473,#10474);
#10473 = CARTESIAN_POINT('',(-332.5,214.5,608.));
#10474 = VECTOR('',#10475,1.);
#10475 = DIRECTION('',(0.,0.,1.));
#10476 = PLANE('',#10477);
#10477 = AXIS2_PLACEMENT_3D('',#10478,#10479,#10480);
#10478 = CARTESIAN_POINT('',(-332.5,182.5,605.));
#10479 = DIRECTION('',(1.,0.,0.));
#10480 = DIRECTION('',(0.,0.,1.));
#10481 = ADVANCED_FACE('',(#10482),#10507,.F.);
#10482 = FACE_BOUND('',#10483,.F.);
#10483 = EDGE_LOOP('',(#10484,#10492,#10493,#10501));
#10484 = ORIENTED_EDGE('',*,*,#10485,.F.);
#10485 = EDGE_CURVE('',#10412,#10486,#10488,.T.);
#10486 = VERTEX_POINT('',#10487);
#10487 = CARTESIAN_POINT('',(332.5,182.5,605.));
#10488 = LINE('',#10489,#10490);
#10489 = CARTESIAN_POINT('',(-332.5,182.5,605.));
#10490 = VECTOR('',#10491,1.);
#10491 = DIRECTION('',(1.,0.,0.));
#10492 = ORIENTED_EDGE('',*,*,#10411,.T.);
#10493 = ORIENTED_EDGE('',*,*,#10494,.T.);
#10494 = EDGE_CURVE('',#10414,#10495,#10497,.T.);
#10495 = VERTEX_POINT('',#10496);
#10496 = CARTESIAN_POINT('',(332.5,182.5,640.));
#10497 = LINE('',#10498,#10499);
#10498 = CARTESIAN_POINT('',(-332.5,182.5,640.));
#10499 = VECTOR('',#10500,1.);
#10500 = DIRECTION('',(1.,0.,0.));
#10501 = ORIENTED_EDGE('',*,*,#10502,.F.);
#10502 = EDGE_CURVE('',#10486,#10495,#10503,.T.);
#10503 = LINE('',#10504,#10505);
#10504 = CARTESIAN_POINT('',(332.5,182.5,605.));
#10505 = VECTOR('',#10506,1.);
#10506 = DIRECTION('',(0.,0.,1.));
#10507 = PLANE('',#10508);
#10508 = AXIS2_PLACEMENT_3D('',#10509,#10510,#10511);
#10509 = CARTESIAN_POINT('',(-332.5,182.5,605.));
#10510 = DIRECTION('',(0.,1.,0.));
#10511 = DIRECTION('',(0.,0.,1.));
#10512 = ADVANCED_FACE('',(#10513),#10531,.T.);
#10513 = FACE_BOUND('',#10514,.T.);
#10514 = EDGE_LOOP('',(#10515,#10516,#10517,#10525));
#10515 = ORIENTED_EDGE('',*,*,#10437,.F.);
#10516 = ORIENTED_EDGE('',*,*,#10494,.T.);
#10517 = ORIENTED_EDGE('',*,*,#10518,.T.);
#10518 = EDGE_CURVE('',#10495,#10519,#10521,.T.);
#10519 = VERTEX_POINT('',#10520);
#10520 = CARTESIAN_POINT('',(332.5,217.5,640.));
#10521 = LINE('',#10522,#10523);
#10522 = CARTESIAN_POINT('',(332.5,182.5,640.));
#10523 = VECTOR('',#10524,1.);
#10524 = DIRECTION('',(0.,1.,0.));
#10525 = ORIENTED_EDGE('',*,*,#10526,.F.);
#10526 = EDGE_CURVE('',#10430,#10519,#10527,.T.);
#10527 = LINE('',#10528,#10529);
#10528 = CARTESIAN_POINT('',(-332.5,217.5,640.));
#10529 = VECTOR('',#10530,1.);
#10530 = DIRECTION('',(1.,0.,0.));
#10531 = PLANE('',#10532);
#10532 = AXIS2_PLACEMENT_3D('',#10533,#10534,#10535);
#10533 = CARTESIAN_POINT('',(-332.5,182.5,640.));
#10534 = DIRECTION('',(0.,0.,1.));
#10535 = DIRECTION('',(1.,0.,0.));
#10536 = ADVANCED_FACE('',(#10537),#10555,.F.);
#10537 = FACE_BOUND('',#10538,.F.);
#10538 = EDGE_LOOP('',(#10539,#10540,#10541,#10549));
#10539 = ORIENTED_EDGE('',*,*,#10421,.F.);
#10540 = ORIENTED_EDGE('',*,*,#10485,.T.);
#10541 = ORIENTED_EDGE('',*,*,#10542,.T.);
#10542 = EDGE_CURVE('',#10486,#10543,#10545,.T.);
#10543 = VERTEX_POINT('',#10544);
#10544 = CARTESIAN_POINT('',(332.5,217.5,605.));
#10545 = LINE('',#10546,#10547);
#10546 = CARTESIAN_POINT('',(332.5,182.5,605.));
#10547 = VECTOR('',#10548,1.);
#10548 = DIRECTION('',(0.,1.,0.));
#10549 = ORIENTED_EDGE('',*,*,#10550,.F.);
#10550 = EDGE_CURVE('',#10422,#10543,#10551,.T.);
#10551 = LINE('',#10552,#10553);
#10552 = CARTESIAN_POINT('',(-332.5,217.5,605.));
#10553 = VECTOR('',#10554,1.);
#10554 = DIRECTION('',(1.,0.,0.));
#10555 = PLANE('',#10556);
#10556 = AXIS2_PLACEMENT_3D('',#10557,#10558,#10559);
#10557 = CARTESIAN_POINT('',(-332.5,182.5,605.));
#10558 = DIRECTION('',(0.,0.,1.));
#10559 = DIRECTION('',(1.,0.,0.));
#10560 = ADVANCED_FACE('',(#10561),#10572,.T.);
#10561 = FACE_BOUND('',#10562,.T.);
#10562 = EDGE_LOOP('',(#10563,#10564,#10565,#10566));
#10563 = ORIENTED_EDGE('',*,*,#10550,.F.);
#10564 = ORIENTED_EDGE('',*,*,#10429,.T.);
#10565 = ORIENTED_EDGE('',*,*,#10526,.T.);
#10566 = ORIENTED_EDGE('',*,*,#10567,.F.);
#10567 = EDGE_CURVE('',#10543,#10519,#10568,.T.);
#10568 = LINE('',#10569,#10570);
#10569 = CARTESIAN_POINT('',(332.5,217.5,605.));
#10570 = VECTOR('',#10571,1.);
#10571 = DIRECTION('',(0.,0.,1.));
#10572 = PLANE('',#10573);
#10573 = AXIS2_PLACEMENT_3D('',#10574,#10575,#10576);
#10574 = CARTESIAN_POINT('',(-332.5,217.5,605.));
#10575 = DIRECTION('',(0.,1.,0.));
#10576 = DIRECTION('',(0.,0.,1.));
#10577 = ADVANCED_FACE('',(#10578),#10603,.T.);
#10578 = FACE_BOUND('',#10579,.T.);
#10579 = EDGE_LOOP('',(#10580,#10581,#10589,#10597));
#10580 = ORIENTED_EDGE('',*,*,#10445,.F.);
#10581 = ORIENTED_EDGE('',*,*,#10582,.T.);
#10582 = EDGE_CURVE('',#10446,#10583,#10585,.T.);
#10583 = VERTEX_POINT('',#10584);
#10584 = CARTESIAN_POINT('',(332.5,185.5,608.));
#10585 = LINE('',#10586,#10587);
#10586 = CARTESIAN_POINT('',(-332.5,185.5,608.));
#10587 = VECTOR('',#10588,1.);
#10588 = DIRECTION('',(1.,0.,0.));
#10589 = ORIENTED_EDGE('',*,*,#10590,.T.);
#10590 = EDGE_CURVE('',#10583,#10591,#10593,.T.);
#10591 = VERTEX_POINT('',#10592);
#10592 = CARTESIAN_POINT('',(332.5,214.5,608.));
#10593 = LINE('',#10594,#10595);
#10594 = CARTESIAN_POINT('',(332.5,185.5,608.));
#10595 = VECTOR('',#10596,1.);
#10596 = DIRECTION('',(0.,1.,0.));
#10597 = ORIENTED_EDGE('',*,*,#10598,.F.);
#10598 = EDGE_CURVE('',#10448,#10591,#10599,.T.);
#10599 = LINE('',#10600,#10601);
#10600 = CARTESIAN_POINT('',(-332.5,214.5,608.));
#10601 = VECTOR('',#10602,1.);
#10602 = DIRECTION('',(1.,0.,0.));
#10603 = PLANE('',#10604);
#10604 = AXIS2_PLACEMENT_3D('',#10605,#10606,#10607);
#10605 = CARTESIAN_POINT('',(-332.5,185.5,608.));
#10606 = DIRECTION('',(0.,0.,1.));
#10607 = DIRECTION('',(1.,0.,0.));
#10608 = ADVANCED_FACE('',(#10609),#10627,.F.);
#10609 = FACE_BOUND('',#10610,.F.);
#10610 = EDGE_LOOP('',(#10611,#10612,#10613,#10621));
#10611 = ORIENTED_EDGE('',*,*,#10598,.F.);
#10612 = ORIENTED_EDGE('',*,*,#10471,.T.);
#10613 = ORIENTED_EDGE('',*,*,#10614,.T.);
#10614 = EDGE_CURVE('',#10464,#10615,#10617,.T.);
#10615 = VERTEX_POINT('',#10616);
#10616 = CARTESIAN_POINT('',(332.5,214.5,637.));
#10617 = LINE('',#10618,#10619);
#10618 = CARTESIAN_POINT('',(-332.5,214.5,637.));
#10619 = VECTOR('',#10620,1.);
#10620 = DIRECTION('',(1.,0.,0.));
#10621 = ORIENTED_EDGE('',*,*,#10622,.F.);
#10622 = EDGE_CURVE('',#10591,#10615,#10623,.T.);
#10623 = LINE('',#10624,#10625);
#10624 = CARTESIAN_POINT('',(332.5,214.5,608.));
#10625 = VECTOR('',#10626,1.);
#10626 = DIRECTION('',(0.,0.,1.));
#10627 = PLANE('',#10628);
#10628 = AXIS2_PLACEMENT_3D('',#10629,#10630,#10631);
#10629 = CARTESIAN_POINT('',(-332.5,214.5,608.));
#10630 = DIRECTION('',(0.,1.,0.));
#10631 = DIRECTION('',(0.,0.,1.));
#10632 = ADVANCED_FACE('',(#10633),#10651,.F.);
#10633 = FACE_BOUND('',#10634,.F.);
#10634 = EDGE_LOOP('',(#10635,#10636,#10644,#10650));
#10635 = ORIENTED_EDGE('',*,*,#10463,.F.);
#10636 = ORIENTED_EDGE('',*,*,#10637,.T.);
#10637 = EDGE_CURVE('',#10456,#10638,#10640,.T.);
#10638 = VERTEX_POINT('',#10639);
#10639 = CARTESIAN_POINT('',(332.5,185.5,637.));
#10640 = LINE('',#10641,#10642);
#10641 = CARTESIAN_POINT('',(-332.5,185.5,637.));
#10642 = VECTOR('',#10643,1.);
#10643 = DIRECTION('',(1.,0.,0.));
#10644 = ORIENTED_EDGE('',*,*,#10645,.T.);
#10645 = EDGE_CURVE('',#10638,#10615,#10646,.T.);
#10646 = LINE('',#10647,#10648);
#10647 = CARTESIAN_POINT('',(332.5,185.5,637.));
#10648 = VECTOR('',#10649,1.);
#10649 = DIRECTION('',(0.,1.,0.));
#10650 = ORIENTED_EDGE('',*,*,#10614,.F.);
#10651 = PLANE('',#10652);
#10652 = AXIS2_PLACEMENT_3D('',#10653,#10654,#10655);
#10653 = CARTESIAN_POINT('',(-332.5,185.5,637.));
#10654 = DIRECTION('',(0.,0.,1.));
#10655 = DIRECTION('',(1.,0.,0.));
#10656 = ADVANCED_FACE('',(#10657),#10668,.T.);
#10657 = FACE_BOUND('',#10658,.T.);
#10658 = EDGE_LOOP('',(#10659,#10660,#10661,#10662));
#10659 = ORIENTED_EDGE('',*,*,#10582,.F.);
#10660 = ORIENTED_EDGE('',*,*,#10455,.T.);
#10661 = ORIENTED_EDGE('',*,*,#10637,.T.);
#10662 = ORIENTED_EDGE('',*,*,#10663,.F.);
#10663 = EDGE_CURVE('',#10583,#10638,#10664,.T.);
#10664 = LINE('',#10665,#10666);
#10665 = CARTESIAN_POINT('',(332.5,185.5,608.));
#10666 = VECTOR('',#10667,1.);
#10667 = DIRECTION('',(0.,0.,1.));
#10668 = PLANE('',#10669);
#10669 = AXIS2_PLACEMENT_3D('',#10670,#10671,#10672);
#10670 = CARTESIAN_POINT('',(-332.5,185.5,608.));
#10671 = DIRECTION('',(0.,1.,0.));
#10672 = DIRECTION('',(0.,0.,1.));
#10673 = ADVANCED_FACE('',(#10674,#10680),#10686,.T.);
#10674 = FACE_BOUND('',#10675,.T.);
#10675 = EDGE_LOOP('',(#10676,#10677,#10678,#10679));
#10676 = ORIENTED_EDGE('',*,*,#10502,.F.);
#10677 = ORIENTED_EDGE('',*,*,#10542,.T.);
#10678 = ORIENTED_EDGE('',*,*,#10567,.T.);
#10679 = ORIENTED_EDGE('',*,*,#10518,.F.);
#10680 = FACE_BOUND('',#10681,.T.);
#10681 = EDGE_LOOP('',(#10682,#10683,#10684,#10685));
#10682 = ORIENTED_EDGE('',*,*,#10590,.F.);
#10683 = ORIENTED_EDGE('',*,*,#10663,.T.);
#10684 = ORIENTED_EDGE('',*,*,#10645,.T.);
#10685 = ORIENTED_EDGE('',*,*,#10622,.F.);
#10686 = PLANE('',#10687);
#10687 = AXIS2_PLACEMENT_3D('',#10688,#10689,#10690);
#10688 = CARTESIAN_POINT('',(332.5,182.5,605.));
#10689 = DIRECTION('',(1.,0.,0.));
#10690 = DIRECTION('',(0.,0.,1.));
#10691 = MANIFOLD_SOLID_BREP('',#10692);
#10692 = CLOSED_SHELL('',(#10693,#10733,#10798,#10822,#10880,#10897,
    #10909,#10931,#10948,#10965));
#10693 = ADVANCED_FACE('',(#10694),#10728,.F.);
#10694 = FACE_BOUND('',#10695,.F.);
#10695 = EDGE_LOOP('',(#10696,#10706,#10714,#10722));
#10696 = ORIENTED_EDGE('',*,*,#10697,.F.);
#10697 = EDGE_CURVE('',#10698,#10700,#10702,.T.);
#10698 = VERTEX_POINT('',#10699);
#10699 = CARTESIAN_POINT('',(332.5,-182.5,605.));
#10700 = VERTEX_POINT('',#10701);
#10701 = CARTESIAN_POINT('',(332.5,-182.5,640.));
#10702 = LINE('',#10703,#10704);
#10703 = CARTESIAN_POINT('',(332.5,-182.5,605.));
#10704 = VECTOR('',#10705,1.);
#10705 = DIRECTION('',(0.,0.,1.));
#10706 = ORIENTED_EDGE('',*,*,#10707,.T.);
#10707 = EDGE_CURVE('',#10698,#10708,#10710,.T.);
#10708 = VERTEX_POINT('',#10709);
#10709 = CARTESIAN_POINT('',(332.5,182.5,605.));
#10710 = LINE('',#10711,#10712);
#10711 = CARTESIAN_POINT('',(332.5,-182.5,605.));
#10712 = VECTOR('',#10713,1.);
#10713 = DIRECTION('',(0.,1.,0.));
#10714 = ORIENTED_EDGE('',*,*,#10715,.T.);
#10715 = EDGE_CURVE('',#10708,#10716,#10718,.T.);
#10716 = VERTEX_POINT('',#10717);
#10717 = CARTESIAN_POINT('',(332.5,182.5,640.));
#10718 = LINE('',#10719,#10720);
#10719 = CARTESIAN_POINT('',(332.5,182.5,605.));
#10720 = VECTOR('',#10721,1.);
#10721 = DIRECTION('',(0.,0.,1.));
#10722 = ORIENTED_EDGE('',*,*,#10723,.F.);
#10723 = EDGE_CURVE('',#10700,#10716,#10724,.T.);
#10724 = LINE('',#10725,#10726);
#10725 = CARTESIAN_POINT('',(332.5,-182.5,640.));
#10726 = VECTOR('',#10727,1.);
#10727 = DIRECTION('',(0.,1.,0.));
#10728 = PLANE('',#10729);
#10729 = AXIS2_PLACEMENT_3D('',#10730,#10731,#10732);
#10730 = CARTESIAN_POINT('',(332.5,-182.5,605.));
#10731 = DIRECTION('',(1.,0.,0.));
#10732 = DIRECTION('',(0.,0.,1.));
#10733 = ADVANCED_FACE('',(#10734,#10759),#10793,.F.);
#10734 = FACE_BOUND('',#10735,.F.);
#10735 = EDGE_LOOP('',(#10736,#10744,#10745,#10753));
#10736 = ORIENTED_EDGE('',*,*,#10737,.F.);
#10737 = EDGE_CURVE('',#10698,#10738,#10740,.T.);
#10738 = VERTEX_POINT('',#10739);
#10739 = CARTESIAN_POINT('',(367.5,-182.5,605.));
#10740 = LINE('',#10741,#10742);
#10741 = CARTESIAN_POINT('',(332.5,-182.5,605.));
#10742 = VECTOR('',#10743,1.);
#10743 = DIRECTION('',(1.,0.,0.));
#10744 = ORIENTED_EDGE('',*,*,#10697,.T.);
#10745 = ORIENTED_EDGE('',*,*,#10746,.T.);
#10746 = EDGE_CURVE('',#10700,#10747,#10749,.T.);
#10747 = VERTEX_POINT('',#10748);
#10748 = CARTESIAN_POINT('',(367.5,-182.5,640.));
#10749 = LINE('',#10750,#10751);
#10750 = CARTESIAN_POINT('',(332.5,-182.5,640.));
#10751 = VECTOR('',#10752,1.);
#10752 = DIRECTION('',(1.,0.,0.));
#10753 = ORIENTED_EDGE('',*,*,#10754,.F.);
#10754 = EDGE_CURVE('',#10738,#10747,#10755,.T.);
#10755 = LINE('',#10756,#10757);
#10756 = CARTESIAN_POINT('',(367.5,-182.5,605.));
#10757 = VECTOR('',#10758,1.);
#10758 = DIRECTION('',(0.,0.,1.));
#10759 = FACE_BOUND('',#10760,.F.);
#10760 = EDGE_LOOP('',(#10761,#10771,#10779,#10787));
#10761 = ORIENTED_EDGE('',*,*,#10762,.F.);
#10762 = EDGE_CURVE('',#10763,#10765,#10767,.T.);
#10763 = VERTEX_POINT('',#10764);
#10764 = CARTESIAN_POINT('',(335.5,-182.5,608.));
#10765 = VERTEX_POINT('',#10766);
#10766 = CARTESIAN_POINT('',(335.5,-182.5,637.));
#10767 = LINE('',#10768,#10769);
#10768 = CARTESIAN_POINT('',(335.5,-182.5,608.));
#10769 = VECTOR('',#10770,1.);
#10770 = DIRECTION('',(0.,0.,1.));
#10771 = ORIENTED_EDGE('',*,*,#10772,.T.);
#10772 = EDGE_CURVE('',#10763,#10773,#10775,.T.);
#10773 = VERTEX_POINT('',#10774);
#10774 = CARTESIAN_POINT('',(364.5,-182.5,608.));
#10775 = LINE('',#10776,#10777);
#10776 = CARTESIAN_POINT('',(335.5,-182.5,608.));
#10777 = VECTOR('',#10778,1.);
#10778 = DIRECTION('',(1.,0.,0.));
#10779 = ORIENTED_EDGE('',*,*,#10780,.T.);
#10780 = EDGE_CURVE('',#10773,#10781,#10783,.T.);
#10781 = VERTEX_POINT('',#10782);
#10782 = CARTESIAN_POINT('',(364.5,-182.5,637.));
#10783 = LINE('',#10784,#10785);
#10784 = CARTESIAN_POINT('',(364.5,-182.5,608.));
#10785 = VECTOR('',#10786,1.);
#10786 = DIRECTION('',(0.,0.,1.));
#10787 = ORIENTED_EDGE('',*,*,#10788,.F.);
#10788 = EDGE_CURVE('',#10765,#10781,#10789,.T.);
#10789 = LINE('',#10790,#10791);
#10790 = CARTESIAN_POINT('',(335.5,-182.5,637.));
#10791 = VECTOR('',#10792,1.);
#10792 = DIRECTION('',(1.,0.,0.));
#10793 = PLANE('',#10794);
#10794 = AXIS2_PLACEMENT_3D('',#10795,#10796,#10797);
#10795 = CARTESIAN_POINT('',(332.5,-182.5,605.));
#10796 = DIRECTION('',(0.,1.,0.));
#10797 = DIRECTION('',(0.,0.,1.));
#10798 = ADVANCED_FACE('',(#10799),#10817,.T.);
#10799 = FACE_BOUND('',#10800,.T.);
#10800 = EDGE_LOOP('',(#10801,#10802,#10803,#10811));
#10801 = ORIENTED_EDGE('',*,*,#10723,.F.);
#10802 = ORIENTED_EDGE('',*,*,#10746,.T.);
#10803 = ORIENTED_EDGE('',*,*,#10804,.T.);
#10804 = EDGE_CURVE('',#10747,#10805,#10807,.T.);
#10805 = VERTEX_POINT('',#10806);
#10806 = CARTESIAN_POINT('',(367.5,182.5,640.));
#10807 = LINE('',#10808,#10809);
#10808 = CARTESIAN_POINT('',(367.5,-182.5,640.));
#10809 = VECTOR('',#10810,1.);
#10810 = DIRECTION('',(0.,1.,0.));
#10811 = ORIENTED_EDGE('',*,*,#10812,.F.);
#10812 = EDGE_CURVE('',#10716,#10805,#10813,.T.);
#10813 = LINE('',#10814,#10815);
#10814 = CARTESIAN_POINT('',(332.5,182.5,640.));
#10815 = VECTOR('',#10816,1.);
#10816 = DIRECTION('',(1.,0.,0.));
#10817 = PLANE('',#10818);
#10818 = AXIS2_PLACEMENT_3D('',#10819,#10820,#10821);
#10819 = CARTESIAN_POINT('',(332.5,-182.5,640.));
#10820 = DIRECTION('',(0.,0.,1.));
#10821 = DIRECTION('',(1.,0.,0.));
#10822 = ADVANCED_FACE('',(#10823,#10841),#10875,.T.);
#10823 = FACE_BOUND('',#10824,.T.);
#10824 = EDGE_LOOP('',(#10825,#10833,#10834,#10835));
#10825 = ORIENTED_EDGE('',*,*,#10826,.F.);
#10826 = EDGE_CURVE('',#10708,#10827,#10829,.T.);
#10827 = VERTEX_POINT('',#10828);
#10828 = CARTESIAN_POINT('',(367.5,182.5,605.));
#10829 = LINE('',#10830,#10831);
#10830 = CARTESIAN_POINT('',(332.5,182.5,605.));
#10831 = VECTOR('',#10832,1.);
#10832 = DIRECTION('',(1.,0.,0.));
#10833 = ORIENTED_EDGE('',*,*,#10715,.T.);
#10834 = ORIENTED_EDGE('',*,*,#10812,.T.);
#10835 = ORIENTED_EDGE('',*,*,#10836,.F.);
#10836 = EDGE_CURVE('',#10827,#10805,#10837,.T.);
#10837 = LINE('',#10838,#10839);
#10838 = CARTESIAN_POINT('',(367.5,182.5,605.));
#10839 = VECTOR('',#10840,1.);
#10840 = DIRECTION('',(0.,0.,1.));
#10841 = FACE_BOUND('',#10842,.T.);
#10842 = EDGE_LOOP('',(#10843,#10853,#10861,#10869));
#10843 = ORIENTED_EDGE('',*,*,#10844,.F.);
#10844 = EDGE_CURVE('',#10845,#10847,#10849,.T.);
#10845 = VERTEX_POINT('',#10846);
#10846 = CARTESIAN_POINT('',(335.5,182.5,608.));
#10847 = VERTEX_POINT('',#10848);
#10848 = CARTESIAN_POINT('',(335.5,182.5,637.));
#10849 = LINE('',#10850,#10851);
#10850 = CARTESIAN_POINT('',(335.5,182.5,608.));
#10851 = VECTOR('',#10852,1.);
#10852 = DIRECTION('',(0.,0.,1.));
#10853 = ORIENTED_EDGE('',*,*,#10854,.T.);
#10854 = EDGE_CURVE('',#10845,#10855,#10857,.T.);
#10855 = VERTEX_POINT('',#10856);
#10856 = CARTESIAN_POINT('',(364.5,182.5,608.));
#10857 = LINE('',#10858,#10859);
#10858 = CARTESIAN_POINT('',(335.5,182.5,608.));
#10859 = VECTOR('',#10860,1.);
#10860 = DIRECTION('',(1.,0.,0.));
#10861 = ORIENTED_EDGE('',*,*,#10862,.T.);
#10862 = EDGE_CURVE('',#10855,#10863,#10865,.T.);
#10863 = VERTEX_POINT('',#10864);
#10864 = CARTESIAN_POINT('',(364.5,182.5,637.));
#10865 = LINE('',#10866,#10867);
#10866 = CARTESIAN_POINT('',(364.5,182.5,608.));
#10867 = VECTOR('',#10868,1.);
#10868 = DIRECTION('',(0.,0.,1.));
#10869 = ORIENTED_EDGE('',*,*,#10870,.F.);
#10870 = EDGE_CURVE('',#10847,#10863,#10871,.T.);
#10871 = LINE('',#10872,#10873);
#10872 = CARTESIAN_POINT('',(335.5,182.5,637.));
#10873 = VECTOR('',#10874,1.);
#10874 = DIRECTION('',(1.,0.,0.));
#10875 = PLANE('',#10876);
#10876 = AXIS2_PLACEMENT_3D('',#10877,#10878,#10879);
#10877 = CARTESIAN_POINT('',(332.5,182.5,605.));
#10878 = DIRECTION('',(0.,1.,0.));
#10879 = DIRECTION('',(0.,0.,1.));
#10880 = ADVANCED_FACE('',(#10881),#10892,.F.);
#10881 = FACE_BOUND('',#10882,.F.);
#10882 = EDGE_LOOP('',(#10883,#10884,#10885,#10891));
#10883 = ORIENTED_EDGE('',*,*,#10707,.F.);
#10884 = ORIENTED_EDGE('',*,*,#10737,.T.);
#10885 = ORIENTED_EDGE('',*,*,#10886,.T.);
#10886 = EDGE_CURVE('',#10738,#10827,#10887,.T.);
#10887 = LINE('',#10888,#10889);
#10888 = CARTESIAN_POINT('',(367.5,-182.5,605.));
#10889 = VECTOR('',#10890,1.);
#10890 = DIRECTION('',(0.,1.,0.));
#10891 = ORIENTED_EDGE('',*,*,#10826,.F.);
#10892 = PLANE('',#10893);
#10893 = AXIS2_PLACEMENT_3D('',#10894,#10895,#10896);
#10894 = CARTESIAN_POINT('',(332.5,-182.5,605.));
#10895 = DIRECTION('',(0.,0.,1.));
#10896 = DIRECTION('',(1.,0.,0.));
#10897 = ADVANCED_FACE('',(#10898),#10904,.T.);
#10898 = FACE_BOUND('',#10899,.T.);
#10899 = EDGE_LOOP('',(#10900,#10901,#10902,#10903));
#10900 = ORIENTED_EDGE('',*,*,#10754,.F.);
#10901 = ORIENTED_EDGE('',*,*,#10886,.T.);
#10902 = ORIENTED_EDGE('',*,*,#10836,.T.);
#10903 = ORIENTED_EDGE('',*,*,#10804,.F.);
#10904 = PLANE('',#10905);
#10905 = AXIS2_PLACEMENT_3D('',#10906,#10907,#10908);
#10906 = CARTESIAN_POINT('',(367.5,-182.5,605.));
#10907 = DIRECTION('',(1.,0.,0.));
#10908 = DIRECTION('',(0.,0.,1.));
#10909 = ADVANCED_FACE('',(#10910),#10926,.T.);
#10910 = FACE_BOUND('',#10911,.T.);
#10911 = EDGE_LOOP('',(#10912,#10913,#10919,#10920));
#10912 = ORIENTED_EDGE('',*,*,#10762,.F.);
#10913 = ORIENTED_EDGE('',*,*,#10914,.T.);
#10914 = EDGE_CURVE('',#10763,#10845,#10915,.T.);
#10915 = LINE('',#10916,#10917);
#10916 = CARTESIAN_POINT('',(335.5,-182.5,608.));
#10917 = VECTOR('',#10918,1.);
#10918 = DIRECTION('',(0.,1.,0.));
#10919 = ORIENTED_EDGE('',*,*,#10844,.T.);
#10920 = ORIENTED_EDGE('',*,*,#10921,.F.);
#10921 = EDGE_CURVE('',#10765,#10847,#10922,.T.);
#10922 = LINE('',#10923,#10924);
#10923 = CARTESIAN_POINT('',(335.5,-182.5,637.));
#10924 = VECTOR('',#10925,1.);
#10925 = DIRECTION('',(0.,1.,0.));
#10926 = PLANE('',#10927);
#10927 = AXIS2_PLACEMENT_3D('',#10928,#10929,#10930);
#10928 = CARTESIAN_POINT('',(335.5,-182.5,608.));
#10929 = DIRECTION('',(1.,0.,0.));
#10930 = DIRECTION('',(0.,0.,1.));
#10931 = ADVANCED_FACE('',(#10932),#10943,.F.);
#10932 = FACE_BOUND('',#10933,.F.);
#10933 = EDGE_LOOP('',(#10934,#10935,#10936,#10942));
#10934 = ORIENTED_EDGE('',*,*,#10921,.F.);
#10935 = ORIENTED_EDGE('',*,*,#10788,.T.);
#10936 = ORIENTED_EDGE('',*,*,#10937,.T.);
#10937 = EDGE_CURVE('',#10781,#10863,#10938,.T.);
#10938 = LINE('',#10939,#10940);
#10939 = CARTESIAN_POINT('',(364.5,-182.5,637.));
#10940 = VECTOR('',#10941,1.);
#10941 = DIRECTION('',(0.,1.,0.));
#10942 = ORIENTED_EDGE('',*,*,#10870,.F.);
#10943 = PLANE('',#10944);
#10944 = AXIS2_PLACEMENT_3D('',#10945,#10946,#10947);
#10945 = CARTESIAN_POINT('',(335.5,-182.5,637.));
#10946 = DIRECTION('',(0.,0.,1.));
#10947 = DIRECTION('',(1.,0.,0.));
#10948 = ADVANCED_FACE('',(#10949),#10960,.F.);
#10949 = FACE_BOUND('',#10950,.F.);
#10950 = EDGE_LOOP('',(#10951,#10952,#10958,#10959));
#10951 = ORIENTED_EDGE('',*,*,#10780,.F.);
#10952 = ORIENTED_EDGE('',*,*,#10953,.T.);
#10953 = EDGE_CURVE('',#10773,#10855,#10954,.T.);
#10954 = LINE('',#10955,#10956);
#10955 = CARTESIAN_POINT('',(364.5,-182.5,608.));
#10956 = VECTOR('',#10957,1.);
#10957 = DIRECTION('',(0.,1.,0.));
#10958 = ORIENTED_EDGE('',*,*,#10862,.T.);
#10959 = ORIENTED_EDGE('',*,*,#10937,.F.);
#10960 = PLANE('',#10961);
#10961 = AXIS2_PLACEMENT_3D('',#10962,#10963,#10964);
#10962 = CARTESIAN_POINT('',(364.5,-182.5,608.));
#10963 = DIRECTION('',(1.,0.,0.));
#10964 = DIRECTION('',(0.,0.,1.));
#10965 = ADVANCED_FACE('',(#10966),#10972,.T.);
#10966 = FACE_BOUND('',#10967,.T.);
#10967 = EDGE_LOOP('',(#10968,#10969,#10970,#10971));
#10968 = ORIENTED_EDGE('',*,*,#10914,.F.);
#10969 = ORIENTED_EDGE('',*,*,#10772,.T.);
#10970 = ORIENTED_EDGE('',*,*,#10953,.T.);
#10971 = ORIENTED_EDGE('',*,*,#10854,.F.);
#10972 = PLANE('',#10973);
#10973 = AXIS2_PLACEMENT_3D('',#10974,#10975,#10976);
#10974 = CARTESIAN_POINT('',(335.5,-182.5,608.));
#10975 = DIRECTION('',(0.,0.,1.));
#10976 = DIRECTION('',(1.,0.,0.));
#10977 = MANIFOLD_SOLID_BREP('',#10978);
#10978 = CLOSED_SHELL('',(#10979,#11053,#11084,#11108,#11132,#11149,
    #11180,#11204,#11228,#11245));
#10979 = ADVANCED_FACE('',(#10980,#11014),#11048,.F.);
#10980 = FACE_BOUND('',#10981,.F.);
#10981 = EDGE_LOOP('',(#10982,#10992,#11000,#11008));
#10982 = ORIENTED_EDGE('',*,*,#10983,.F.);
#10983 = EDGE_CURVE('',#10984,#10986,#10988,.T.);
#10984 = VERTEX_POINT('',#10985);
#10985 = CARTESIAN_POINT('',(-332.5,-217.5,1.155E+03));
#10986 = VERTEX_POINT('',#10987);
#10987 = CARTESIAN_POINT('',(-332.5,-217.5,1.19E+03));
#10988 = LINE('',#10989,#10990);
#10989 = CARTESIAN_POINT('',(-332.5,-217.5,1.155E+03));
#10990 = VECTOR('',#10991,1.);
#10991 = DIRECTION('',(0.,0.,1.));
#10992 = ORIENTED_EDGE('',*,*,#10993,.T.);
#10993 = EDGE_CURVE('',#10984,#10994,#10996,.T.);
#10994 = VERTEX_POINT('',#10995);
#10995 = CARTESIAN_POINT('',(-332.5,-182.5,1.155E+03));
#10996 = LINE('',#10997,#10998);
#10997 = CARTESIAN_POINT('',(-332.5,-217.5,1.155E+03));
#10998 = VECTOR('',#10999,1.);
#10999 = DIRECTION('',(0.,1.,0.));
#11000 = ORIENTED_EDGE('',*,*,#11001,.T.);
#11001 = EDGE_CURVE('',#10994,#11002,#11004,.T.);
#11002 = VERTEX_POINT('',#11003);
#11003 = CARTESIAN_POINT('',(-332.5,-182.5,1.19E+03));
#11004 = LINE('',#11005,#11006);
#11005 = CARTESIAN_POINT('',(-332.5,-182.5,1.155E+03));
#11006 = VECTOR('',#11007,1.);
#11007 = DIRECTION('',(0.,0.,1.));
#11008 = ORIENTED_EDGE('',*,*,#11009,.F.);
#11009 = EDGE_CURVE('',#10986,#11002,#11010,.T.);
#11010 = LINE('',#11011,#11012);
#11011 = CARTESIAN_POINT('',(-332.5,-217.5,1.19E+03));
#11012 = VECTOR('',#11013,1.);
#11013 = DIRECTION('',(0.,1.,0.));
#11014 = FACE_BOUND('',#11015,.F.);
#11015 = EDGE_LOOP('',(#11016,#11026,#11034,#11042));
#11016 = ORIENTED_EDGE('',*,*,#11017,.F.);
#11017 = EDGE_CURVE('',#11018,#11020,#11022,.T.);
#11018 = VERTEX_POINT('',#11019);
#11019 = CARTESIAN_POINT('',(-332.5,-214.5,1.158E+03));
#11020 = VERTEX_POINT('',#11021);
#11021 = CARTESIAN_POINT('',(-332.5,-185.5,1.158E+03));
#11022 = LINE('',#11023,#11024);
#11023 = CARTESIAN_POINT('',(-332.5,-214.5,1.158E+03));
#11024 = VECTOR('',#11025,1.);
#11025 = DIRECTION('',(0.,1.,0.));
#11026 = ORIENTED_EDGE('',*,*,#11027,.T.);
#11027 = EDGE_CURVE('',#11018,#11028,#11030,.T.);
#11028 = VERTEX_POINT('',#11029);
#11029 = CARTESIAN_POINT('',(-332.5,-214.5,1.187E+03));
#11030 = LINE('',#11031,#11032);
#11031 = CARTESIAN_POINT('',(-332.5,-214.5,1.158E+03));
#11032 = VECTOR('',#11033,1.);
#11033 = DIRECTION('',(0.,0.,1.));
#11034 = ORIENTED_EDGE('',*,*,#11035,.T.);
#11035 = EDGE_CURVE('',#11028,#11036,#11038,.T.);
#11036 = VERTEX_POINT('',#11037);
#11037 = CARTESIAN_POINT('',(-332.5,-185.5,1.187E+03));
#11038 = LINE('',#11039,#11040);
#11039 = CARTESIAN_POINT('',(-332.5,-214.5,1.187E+03));
#11040 = VECTOR('',#11041,1.);
#11041 = DIRECTION('',(0.,1.,0.));
#11042 = ORIENTED_EDGE('',*,*,#11043,.F.);
#11043 = EDGE_CURVE('',#11020,#11036,#11044,.T.);
#11044 = LINE('',#11045,#11046);
#11045 = CARTESIAN_POINT('',(-332.5,-185.5,1.158E+03));
#11046 = VECTOR('',#11047,1.);
#11047 = DIRECTION('',(0.,0.,1.));
#11048 = PLANE('',#11049);
#11049 = AXIS2_PLACEMENT_3D('',#11050,#11051,#11052);
#11050 = CARTESIAN_POINT('',(-332.5,-217.5,1.155E+03));
#11051 = DIRECTION('',(1.,0.,0.));
#11052 = DIRECTION('',(0.,0.,1.));
#11053 = ADVANCED_FACE('',(#11054),#11079,.F.);
#11054 = FACE_BOUND('',#11055,.F.);
#11055 = EDGE_LOOP('',(#11056,#11064,#11065,#11073));
#11056 = ORIENTED_EDGE('',*,*,#11057,.F.);
#11057 = EDGE_CURVE('',#10984,#11058,#11060,.T.);
#11058 = VERTEX_POINT('',#11059);
#11059 = CARTESIAN_POINT('',(332.5,-217.5,1.155E+03));
#11060 = LINE('',#11061,#11062);
#11061 = CARTESIAN_POINT('',(-332.5,-217.5,1.155E+03));
#11062 = VECTOR('',#11063,1.);
#11063 = DIRECTION('',(1.,0.,0.));
#11064 = ORIENTED_EDGE('',*,*,#10983,.T.);
#11065 = ORIENTED_EDGE('',*,*,#11066,.T.);
#11066 = EDGE_CURVE('',#10986,#11067,#11069,.T.);
#11067 = VERTEX_POINT('',#11068);
#11068 = CARTESIAN_POINT('',(332.5,-217.5,1.19E+03));
#11069 = LINE('',#11070,#11071);
#11070 = CARTESIAN_POINT('',(-332.5,-217.5,1.19E+03));
#11071 = VECTOR('',#11072,1.);
#11072 = DIRECTION('',(1.,0.,0.));
#11073 = ORIENTED_EDGE('',*,*,#11074,.F.);
#11074 = EDGE_CURVE('',#11058,#11067,#11075,.T.);
#11075 = LINE('',#11076,#11077);
#11076 = CARTESIAN_POINT('',(332.5,-217.5,1.155E+03));
#11077 = VECTOR('',#11078,1.);
#11078 = DIRECTION('',(0.,0.,1.));
#11079 = PLANE('',#11080);
#11080 = AXIS2_PLACEMENT_3D('',#11081,#11082,#11083);
#11081 = CARTESIAN_POINT('',(-332.5,-217.5,1.155E+03));
#11082 = DIRECTION('',(0.,1.,0.));
#11083 = DIRECTION('',(0.,0.,1.));
#11084 = ADVANCED_FACE('',(#11085),#11103,.T.);
#11085 = FACE_BOUND('',#11086,.T.);
#11086 = EDGE_LOOP('',(#11087,#11088,#11089,#11097));
#11087 = ORIENTED_EDGE('',*,*,#11009,.F.);
#11088 = ORIENTED_EDGE('',*,*,#11066,.T.);
#11089 = ORIENTED_EDGE('',*,*,#11090,.T.);
#11090 = EDGE_CURVE('',#11067,#11091,#11093,.T.);
#11091 = VERTEX_POINT('',#11092);
#11092 = CARTESIAN_POINT('',(332.5,-182.5,1.19E+03));
#11093 = LINE('',#11094,#11095);
#11094 = CARTESIAN_POINT('',(332.5,-217.5,1.19E+03));
#11095 = VECTOR('',#11096,1.);
#11096 = DIRECTION('',(0.,1.,0.));
#11097 = ORIENTED_EDGE('',*,*,#11098,.F.);
#11098 = EDGE_CURVE('',#11002,#11091,#11099,.T.);
#11099 = LINE('',#11100,#11101);
#11100 = CARTESIAN_POINT('',(-332.5,-182.5,1.19E+03));
#11101 = VECTOR('',#11102,1.);
#11102 = DIRECTION('',(1.,0.,0.));
#11103 = PLANE('',#11104);
#11104 = AXIS2_PLACEMENT_3D('',#11105,#11106,#11107);
#11105 = CARTESIAN_POINT('',(-332.5,-217.5,1.19E+03));
#11106 = DIRECTION('',(0.,0.,1.));
#11107 = DIRECTION('',(1.,0.,0.));
#11108 = ADVANCED_FACE('',(#11109),#11127,.F.);
#11109 = FACE_BOUND('',#11110,.F.);
#11110 = EDGE_LOOP('',(#11111,#11112,#11113,#11121));
#11111 = ORIENTED_EDGE('',*,*,#10993,.F.);
#11112 = ORIENTED_EDGE('',*,*,#11057,.T.);
#11113 = ORIENTED_EDGE('',*,*,#11114,.T.);
#11114 = EDGE_CURVE('',#11058,#11115,#11117,.T.);
#11115 = VERTEX_POINT('',#11116);
#11116 = CARTESIAN_POINT('',(332.5,-182.5,1.155E+03));
#11117 = LINE('',#11118,#11119);
#11118 = CARTESIAN_POINT('',(332.5,-217.5,1.155E+03));
#11119 = VECTOR('',#11120,1.);
#11120 = DIRECTION('',(0.,1.,0.));
#11121 = ORIENTED_EDGE('',*,*,#11122,.F.);
#11122 = EDGE_CURVE('',#10994,#11115,#11123,.T.);
#11123 = LINE('',#11124,#11125);
#11124 = CARTESIAN_POINT('',(-332.5,-182.5,1.155E+03));
#11125 = VECTOR('',#11126,1.);
#11126 = DIRECTION('',(1.,0.,0.));
#11127 = PLANE('',#11128);
#11128 = AXIS2_PLACEMENT_3D('',#11129,#11130,#11131);
#11129 = CARTESIAN_POINT('',(-332.5,-217.5,1.155E+03));
#11130 = DIRECTION('',(0.,0.,1.));
#11131 = DIRECTION('',(1.,0.,0.));
#11132 = ADVANCED_FACE('',(#11133),#11144,.T.);
#11133 = FACE_BOUND('',#11134,.T.);
#11134 = EDGE_LOOP('',(#11135,#11136,#11137,#11138));
#11135 = ORIENTED_EDGE('',*,*,#11122,.F.);
#11136 = ORIENTED_EDGE('',*,*,#11001,.T.);
#11137 = ORIENTED_EDGE('',*,*,#11098,.T.);
#11138 = ORIENTED_EDGE('',*,*,#11139,.F.);
#11139 = EDGE_CURVE('',#11115,#11091,#11140,.T.);
#11140 = LINE('',#11141,#11142);
#11141 = CARTESIAN_POINT('',(332.5,-182.5,1.155E+03));
#11142 = VECTOR('',#11143,1.);
#11143 = DIRECTION('',(0.,0.,1.));
#11144 = PLANE('',#11145);
#11145 = AXIS2_PLACEMENT_3D('',#11146,#11147,#11148);
#11146 = CARTESIAN_POINT('',(-332.5,-182.5,1.155E+03));
#11147 = DIRECTION('',(0.,1.,0.));
#11148 = DIRECTION('',(0.,0.,1.));
#11149 = ADVANCED_FACE('',(#11150),#11175,.T.);
#11150 = FACE_BOUND('',#11151,.T.);
#11151 = EDGE_LOOP('',(#11152,#11153,#11161,#11169));
#11152 = ORIENTED_EDGE('',*,*,#11017,.F.);
#11153 = ORIENTED_EDGE('',*,*,#11154,.T.);
#11154 = EDGE_CURVE('',#11018,#11155,#11157,.T.);
#11155 = VERTEX_POINT('',#11156);
#11156 = CARTESIAN_POINT('',(332.5,-214.5,1.158E+03));
#11157 = LINE('',#11158,#11159);
#11158 = CARTESIAN_POINT('',(-332.5,-214.5,1.158E+03));
#11159 = VECTOR('',#11160,1.);
#11160 = DIRECTION('',(1.,0.,0.));
#11161 = ORIENTED_EDGE('',*,*,#11162,.T.);
#11162 = EDGE_CURVE('',#11155,#11163,#11165,.T.);
#11163 = VERTEX_POINT('',#11164);
#11164 = CARTESIAN_POINT('',(332.5,-185.5,1.158E+03));
#11165 = LINE('',#11166,#11167);
#11166 = CARTESIAN_POINT('',(332.5,-214.5,1.158E+03));
#11167 = VECTOR('',#11168,1.);
#11168 = DIRECTION('',(0.,1.,0.));
#11169 = ORIENTED_EDGE('',*,*,#11170,.F.);
#11170 = EDGE_CURVE('',#11020,#11163,#11171,.T.);
#11171 = LINE('',#11172,#11173);
#11172 = CARTESIAN_POINT('',(-332.5,-185.5,1.158E+03));
#11173 = VECTOR('',#11174,1.);
#11174 = DIRECTION('',(1.,0.,0.));
#11175 = PLANE('',#11176);
#11176 = AXIS2_PLACEMENT_3D('',#11177,#11178,#11179);
#11177 = CARTESIAN_POINT('',(-332.5,-214.5,1.158E+03));
#11178 = DIRECTION('',(0.,0.,1.));
#11179 = DIRECTION('',(1.,0.,0.));
#11180 = ADVANCED_FACE('',(#11181),#11199,.F.);
#11181 = FACE_BOUND('',#11182,.F.);
#11182 = EDGE_LOOP('',(#11183,#11184,#11185,#11193));
#11183 = ORIENTED_EDGE('',*,*,#11170,.F.);
#11184 = ORIENTED_EDGE('',*,*,#11043,.T.);
#11185 = ORIENTED_EDGE('',*,*,#11186,.T.);
#11186 = EDGE_CURVE('',#11036,#11187,#11189,.T.);
#11187 = VERTEX_POINT('',#11188);
#11188 = CARTESIAN_POINT('',(332.5,-185.5,1.187E+03));
#11189 = LINE('',#11190,#11191);
#11190 = CARTESIAN_POINT('',(-332.5,-185.5,1.187E+03));
#11191 = VECTOR('',#11192,1.);
#11192 = DIRECTION('',(1.,0.,0.));
#11193 = ORIENTED_EDGE('',*,*,#11194,.F.);
#11194 = EDGE_CURVE('',#11163,#11187,#11195,.T.);
#11195 = LINE('',#11196,#11197);
#11196 = CARTESIAN_POINT('',(332.5,-185.5,1.158E+03));
#11197 = VECTOR('',#11198,1.);
#11198 = DIRECTION('',(0.,0.,1.));
#11199 = PLANE('',#11200);
#11200 = AXIS2_PLACEMENT_3D('',#11201,#11202,#11203);
#11201 = CARTESIAN_POINT('',(-332.5,-185.5,1.158E+03));
#11202 = DIRECTION('',(0.,1.,0.));
#11203 = DIRECTION('',(0.,0.,1.));
#11204 = ADVANCED_FACE('',(#11205),#11223,.F.);
#11205 = FACE_BOUND('',#11206,.F.);
#11206 = EDGE_LOOP('',(#11207,#11208,#11216,#11222));
#11207 = ORIENTED_EDGE('',*,*,#11035,.F.);
#11208 = ORIENTED_EDGE('',*,*,#11209,.T.);
#11209 = EDGE_CURVE('',#11028,#11210,#11212,.T.);
#11210 = VERTEX_POINT('',#11211);
#11211 = CARTESIAN_POINT('',(332.5,-214.5,1.187E+03));
#11212 = LINE('',#11213,#11214);
#11213 = CARTESIAN_POINT('',(-332.5,-214.5,1.187E+03));
#11214 = VECTOR('',#11215,1.);
#11215 = DIRECTION('',(1.,0.,0.));
#11216 = ORIENTED_EDGE('',*,*,#11217,.T.);
#11217 = EDGE_CURVE('',#11210,#11187,#11218,.T.);
#11218 = LINE('',#11219,#11220);
#11219 = CARTESIAN_POINT('',(332.5,-214.5,1.187E+03));
#11220 = VECTOR('',#11221,1.);
#11221 = DIRECTION('',(0.,1.,0.));
#11222 = ORIENTED_EDGE('',*,*,#11186,.F.);
#11223 = PLANE('',#11224);
#11224 = AXIS2_PLACEMENT_3D('',#11225,#11226,#11227);
#11225 = CARTESIAN_POINT('',(-332.5,-214.5,1.187E+03));
#11226 = DIRECTION('',(0.,0.,1.));
#11227 = DIRECTION('',(1.,0.,0.));
#11228 = ADVANCED_FACE('',(#11229),#11240,.T.);
#11229 = FACE_BOUND('',#11230,.T.);
#11230 = EDGE_LOOP('',(#11231,#11232,#11233,#11234));
#11231 = ORIENTED_EDGE('',*,*,#11154,.F.);
#11232 = ORIENTED_EDGE('',*,*,#11027,.T.);
#11233 = ORIENTED_EDGE('',*,*,#11209,.T.);
#11234 = ORIENTED_EDGE('',*,*,#11235,.F.);
#11235 = EDGE_CURVE('',#11155,#11210,#11236,.T.);
#11236 = LINE('',#11237,#11238);
#11237 = CARTESIAN_POINT('',(332.5,-214.5,1.158E+03));
#11238 = VECTOR('',#11239,1.);
#11239 = DIRECTION('',(0.,0.,1.));
#11240 = PLANE('',#11241);
#11241 = AXIS2_PLACEMENT_3D('',#11242,#11243,#11244);
#11242 = CARTESIAN_POINT('',(-332.5,-214.5,1.158E+03));
#11243 = DIRECTION('',(0.,1.,0.));
#11244 = DIRECTION('',(0.,0.,1.));
#11245 = ADVANCED_FACE('',(#11246,#11252),#11258,.T.);
#11246 = FACE_BOUND('',#11247,.T.);
#11247 = EDGE_LOOP('',(#11248,#11249,#11250,#11251));
#11248 = ORIENTED_EDGE('',*,*,#11074,.F.);
#11249 = ORIENTED_EDGE('',*,*,#11114,.T.);
#11250 = ORIENTED_EDGE('',*,*,#11139,.T.);
#11251 = ORIENTED_EDGE('',*,*,#11090,.F.);
#11252 = FACE_BOUND('',#11253,.T.);
#11253 = EDGE_LOOP('',(#11254,#11255,#11256,#11257));
#11254 = ORIENTED_EDGE('',*,*,#11162,.F.);
#11255 = ORIENTED_EDGE('',*,*,#11235,.T.);
#11256 = ORIENTED_EDGE('',*,*,#11217,.T.);
#11257 = ORIENTED_EDGE('',*,*,#11194,.F.);
#11258 = PLANE('',#11259);
#11259 = AXIS2_PLACEMENT_3D('',#11260,#11261,#11262);
#11260 = CARTESIAN_POINT('',(332.5,-217.5,1.155E+03));
#11261 = DIRECTION('',(1.,0.,0.));
#11262 = DIRECTION('',(0.,0.,1.));
#11263 = MANIFOLD_SOLID_BREP('',#11264);
#11264 = CLOSED_SHELL('',(#11265,#11305,#11370,#11394,#11452,#11469,
    #11481,#11503,#11520,#11537));
#11265 = ADVANCED_FACE('',(#11266),#11300,.F.);
#11266 = FACE_BOUND('',#11267,.F.);
#11267 = EDGE_LOOP('',(#11268,#11278,#11286,#11294));
#11268 = ORIENTED_EDGE('',*,*,#11269,.F.);
#11269 = EDGE_CURVE('',#11270,#11272,#11274,.T.);
#11270 = VERTEX_POINT('',#11271);
#11271 = CARTESIAN_POINT('',(-367.5,-182.5,1.155E+03));
#11272 = VERTEX_POINT('',#11273);
#11273 = CARTESIAN_POINT('',(-367.5,-182.5,1.19E+03));
#11274 = LINE('',#11275,#11276);
#11275 = CARTESIAN_POINT('',(-367.5,-182.5,1.155E+03));
#11276 = VECTOR('',#11277,1.);
#11277 = DIRECTION('',(0.,0.,1.));
#11278 = ORIENTED_EDGE('',*,*,#11279,.T.);
#11279 = EDGE_CURVE('',#11270,#11280,#11282,.T.);
#11280 = VERTEX_POINT('',#11281);
#11281 = CARTESIAN_POINT('',(-367.5,182.5,1.155E+03));
#11282 = LINE('',#11283,#11284);
#11283 = CARTESIAN_POINT('',(-367.5,-182.5,1.155E+03));
#11284 = VECTOR('',#11285,1.);
#11285 = DIRECTION('',(0.,1.,0.));
#11286 = ORIENTED_EDGE('',*,*,#11287,.T.);
#11287 = EDGE_CURVE('',#11280,#11288,#11290,.T.);
#11288 = VERTEX_POINT('',#11289);
#11289 = CARTESIAN_POINT('',(-367.5,182.5,1.19E+03));
#11290 = LINE('',#11291,#11292);
#11291 = CARTESIAN_POINT('',(-367.5,182.5,1.155E+03));
#11292 = VECTOR('',#11293,1.);
#11293 = DIRECTION('',(0.,0.,1.));
#11294 = ORIENTED_EDGE('',*,*,#11295,.F.);
#11295 = EDGE_CURVE('',#11272,#11288,#11296,.T.);
#11296 = LINE('',#11297,#11298);
#11297 = CARTESIAN_POINT('',(-367.5,-182.5,1.19E+03));
#11298 = VECTOR('',#11299,1.);
#11299 = DIRECTION('',(0.,1.,0.));
#11300 = PLANE('',#11301);
#11301 = AXIS2_PLACEMENT_3D('',#11302,#11303,#11304);
#11302 = CARTESIAN_POINT('',(-367.5,-182.5,1.155E+03));
#11303 = DIRECTION('',(1.,0.,0.));
#11304 = DIRECTION('',(0.,0.,1.));
#11305 = ADVANCED_FACE('',(#11306,#11331),#11365,.F.);
#11306 = FACE_BOUND('',#11307,.F.);
#11307 = EDGE_LOOP('',(#11308,#11316,#11317,#11325));
#11308 = ORIENTED_EDGE('',*,*,#11309,.F.);
#11309 = EDGE_CURVE('',#11270,#11310,#11312,.T.);
#11310 = VERTEX_POINT('',#11311);
#11311 = CARTESIAN_POINT('',(-332.5,-182.5,1.155E+03));
#11312 = LINE('',#11313,#11314);
#11313 = CARTESIAN_POINT('',(-367.5,-182.5,1.155E+03));
#11314 = VECTOR('',#11315,1.);
#11315 = DIRECTION('',(1.,0.,0.));
#11316 = ORIENTED_EDGE('',*,*,#11269,.T.);
#11317 = ORIENTED_EDGE('',*,*,#11318,.T.);
#11318 = EDGE_CURVE('',#11272,#11319,#11321,.T.);
#11319 = VERTEX_POINT('',#11320);
#11320 = CARTESIAN_POINT('',(-332.5,-182.5,1.19E+03));
#11321 = LINE('',#11322,#11323);
#11322 = CARTESIAN_POINT('',(-367.5,-182.5,1.19E+03));
#11323 = VECTOR('',#11324,1.);
#11324 = DIRECTION('',(1.,0.,0.));
#11325 = ORIENTED_EDGE('',*,*,#11326,.F.);
#11326 = EDGE_CURVE('',#11310,#11319,#11327,.T.);
#11327 = LINE('',#11328,#11329);
#11328 = CARTESIAN_POINT('',(-332.5,-182.5,1.155E+03));
#11329 = VECTOR('',#11330,1.);
#11330 = DIRECTION('',(0.,0.,1.));
#11331 = FACE_BOUND('',#11332,.F.);
#11332 = EDGE_LOOP('',(#11333,#11343,#11351,#11359));
#11333 = ORIENTED_EDGE('',*,*,#11334,.F.);
#11334 = EDGE_CURVE('',#11335,#11337,#11339,.T.);
#11335 = VERTEX_POINT('',#11336);
#11336 = CARTESIAN_POINT('',(-364.5,-182.5,1.158E+03));
#11337 = VERTEX_POINT('',#11338);
#11338 = CARTESIAN_POINT('',(-364.5,-182.5,1.187E+03));
#11339 = LINE('',#11340,#11341);
#11340 = CARTESIAN_POINT('',(-364.5,-182.5,1.158E+03));
#11341 = VECTOR('',#11342,1.);
#11342 = DIRECTION('',(0.,0.,1.));
#11343 = ORIENTED_EDGE('',*,*,#11344,.T.);
#11344 = EDGE_CURVE('',#11335,#11345,#11347,.T.);
#11345 = VERTEX_POINT('',#11346);
#11346 = CARTESIAN_POINT('',(-335.5,-182.5,1.158E+03));
#11347 = LINE('',#11348,#11349);
#11348 = CARTESIAN_POINT('',(-364.5,-182.5,1.158E+03));
#11349 = VECTOR('',#11350,1.);
#11350 = DIRECTION('',(1.,0.,0.));
#11351 = ORIENTED_EDGE('',*,*,#11352,.T.);
#11352 = EDGE_CURVE('',#11345,#11353,#11355,.T.);
#11353 = VERTEX_POINT('',#11354);
#11354 = CARTESIAN_POINT('',(-335.5,-182.5,1.187E+03));
#11355 = LINE('',#11356,#11357);
#11356 = CARTESIAN_POINT('',(-335.5,-182.5,1.158E+03));
#11357 = VECTOR('',#11358,1.);
#11358 = DIRECTION('',(0.,0.,1.));
#11359 = ORIENTED_EDGE('',*,*,#11360,.F.);
#11360 = EDGE_CURVE('',#11337,#11353,#11361,.T.);
#11361 = LINE('',#11362,#11363);
#11362 = CARTESIAN_POINT('',(-364.5,-182.5,1.187E+03));
#11363 = VECTOR('',#11364,1.);
#11364 = DIRECTION('',(1.,0.,0.));
#11365 = PLANE('',#11366);
#11366 = AXIS2_PLACEMENT_3D('',#11367,#11368,#11369);
#11367 = CARTESIAN_POINT('',(-367.5,-182.5,1.155E+03));
#11368 = DIRECTION('',(0.,1.,0.));
#11369 = DIRECTION('',(0.,0.,1.));
#11370 = ADVANCED_FACE('',(#11371),#11389,.T.);
#11371 = FACE_BOUND('',#11372,.T.);
#11372 = EDGE_LOOP('',(#11373,#11374,#11375,#11383));
#11373 = ORIENTED_EDGE('',*,*,#11295,.F.);
#11374 = ORIENTED_EDGE('',*,*,#11318,.T.);
#11375 = ORIENTED_EDGE('',*,*,#11376,.T.);
#11376 = EDGE_CURVE('',#11319,#11377,#11379,.T.);
#11377 = VERTEX_POINT('',#11378);
#11378 = CARTESIAN_POINT('',(-332.5,182.5,1.19E+03));
#11379 = LINE('',#11380,#11381);
#11380 = CARTESIAN_POINT('',(-332.5,-182.5,1.19E+03));
#11381 = VECTOR('',#11382,1.);
#11382 = DIRECTION('',(0.,1.,0.));
#11383 = ORIENTED_EDGE('',*,*,#11384,.F.);
#11384 = EDGE_CURVE('',#11288,#11377,#11385,.T.);
#11385 = LINE('',#11386,#11387);
#11386 = CARTESIAN_POINT('',(-367.5,182.5,1.19E+03));
#11387 = VECTOR('',#11388,1.);
#11388 = DIRECTION('',(1.,0.,0.));
#11389 = PLANE('',#11390);
#11390 = AXIS2_PLACEMENT_3D('',#11391,#11392,#11393);
#11391 = CARTESIAN_POINT('',(-367.5,-182.5,1.19E+03));
#11392 = DIRECTION('',(0.,0.,1.));
#11393 = DIRECTION('',(1.,0.,0.));
#11394 = ADVANCED_FACE('',(#11395,#11413),#11447,.T.);
#11395 = FACE_BOUND('',#11396,.T.);
#11396 = EDGE_LOOP('',(#11397,#11405,#11406,#11407));
#11397 = ORIENTED_EDGE('',*,*,#11398,.F.);
#11398 = EDGE_CURVE('',#11280,#11399,#11401,.T.);
#11399 = VERTEX_POINT('',#11400);
#11400 = CARTESIAN_POINT('',(-332.5,182.5,1.155E+03));
#11401 = LINE('',#11402,#11403);
#11402 = CARTESIAN_POINT('',(-367.5,182.5,1.155E+03));
#11403 = VECTOR('',#11404,1.);
#11404 = DIRECTION('',(1.,0.,0.));
#11405 = ORIENTED_EDGE('',*,*,#11287,.T.);
#11406 = ORIENTED_EDGE('',*,*,#11384,.T.);
#11407 = ORIENTED_EDGE('',*,*,#11408,.F.);
#11408 = EDGE_CURVE('',#11399,#11377,#11409,.T.);
#11409 = LINE('',#11410,#11411);
#11410 = CARTESIAN_POINT('',(-332.5,182.5,1.155E+03));
#11411 = VECTOR('',#11412,1.);
#11412 = DIRECTION('',(0.,0.,1.));
#11413 = FACE_BOUND('',#11414,.T.);
#11414 = EDGE_LOOP('',(#11415,#11425,#11433,#11441));
#11415 = ORIENTED_EDGE('',*,*,#11416,.F.);
#11416 = EDGE_CURVE('',#11417,#11419,#11421,.T.);
#11417 = VERTEX_POINT('',#11418);
#11418 = CARTESIAN_POINT('',(-364.5,182.5,1.158E+03));
#11419 = VERTEX_POINT('',#11420);
#11420 = CARTESIAN_POINT('',(-364.5,182.5,1.187E+03));
#11421 = LINE('',#11422,#11423);
#11422 = CARTESIAN_POINT('',(-364.5,182.5,1.158E+03));
#11423 = VECTOR('',#11424,1.);
#11424 = DIRECTION('',(0.,0.,1.));
#11425 = ORIENTED_EDGE('',*,*,#11426,.T.);
#11426 = EDGE_CURVE('',#11417,#11427,#11429,.T.);
#11427 = VERTEX_POINT('',#11428);
#11428 = CARTESIAN_POINT('',(-335.5,182.5,1.158E+03));
#11429 = LINE('',#11430,#11431);
#11430 = CARTESIAN_POINT('',(-364.5,182.5,1.158E+03));
#11431 = VECTOR('',#11432,1.);
#11432 = DIRECTION('',(1.,0.,0.));
#11433 = ORIENTED_EDGE('',*,*,#11434,.T.);
#11434 = EDGE_CURVE('',#11427,#11435,#11437,.T.);
#11435 = VERTEX_POINT('',#11436);
#11436 = CARTESIAN_POINT('',(-335.5,182.5,1.187E+03));
#11437 = LINE('',#11438,#11439);
#11438 = CARTESIAN_POINT('',(-335.5,182.5,1.158E+03));
#11439 = VECTOR('',#11440,1.);
#11440 = DIRECTION('',(0.,0.,1.));
#11441 = ORIENTED_EDGE('',*,*,#11442,.F.);
#11442 = EDGE_CURVE('',#11419,#11435,#11443,.T.);
#11443 = LINE('',#11444,#11445);
#11444 = CARTESIAN_POINT('',(-364.5,182.5,1.187E+03));
#11445 = VECTOR('',#11446,1.);
#11446 = DIRECTION('',(1.,0.,0.));
#11447 = PLANE('',#11448);
#11448 = AXIS2_PLACEMENT_3D('',#11449,#11450,#11451);
#11449 = CARTESIAN_POINT('',(-367.5,182.5,1.155E+03));
#11450 = DIRECTION('',(0.,1.,0.));
#11451 = DIRECTION('',(0.,0.,1.));
#11452 = ADVANCED_FACE('',(#11453),#11464,.F.);
#11453 = FACE_BOUND('',#11454,.F.);
#11454 = EDGE_LOOP('',(#11455,#11456,#11457,#11463));
#11455 = ORIENTED_EDGE('',*,*,#11279,.F.);
#11456 = ORIENTED_EDGE('',*,*,#11309,.T.);
#11457 = ORIENTED_EDGE('',*,*,#11458,.T.);
#11458 = EDGE_CURVE('',#11310,#11399,#11459,.T.);
#11459 = LINE('',#11460,#11461);
#11460 = CARTESIAN_POINT('',(-332.5,-182.5,1.155E+03));
#11461 = VECTOR('',#11462,1.);
#11462 = DIRECTION('',(0.,1.,0.));
#11463 = ORIENTED_EDGE('',*,*,#11398,.F.);
#11464 = PLANE('',#11465);
#11465 = AXIS2_PLACEMENT_3D('',#11466,#11467,#11468);
#11466 = CARTESIAN_POINT('',(-367.5,-182.5,1.155E+03));
#11467 = DIRECTION('',(0.,0.,1.));
#11468 = DIRECTION('',(1.,0.,0.));
#11469 = ADVANCED_FACE('',(#11470),#11476,.T.);
#11470 = FACE_BOUND('',#11471,.T.);
#11471 = EDGE_LOOP('',(#11472,#11473,#11474,#11475));
#11472 = ORIENTED_EDGE('',*,*,#11326,.F.);
#11473 = ORIENTED_EDGE('',*,*,#11458,.T.);
#11474 = ORIENTED_EDGE('',*,*,#11408,.T.);
#11475 = ORIENTED_EDGE('',*,*,#11376,.F.);
#11476 = PLANE('',#11477);
#11477 = AXIS2_PLACEMENT_3D('',#11478,#11479,#11480);
#11478 = CARTESIAN_POINT('',(-332.5,-182.5,1.155E+03));
#11479 = DIRECTION('',(1.,0.,0.));
#11480 = DIRECTION('',(0.,0.,1.));
#11481 = ADVANCED_FACE('',(#11482),#11498,.T.);
#11482 = FACE_BOUND('',#11483,.T.);
#11483 = EDGE_LOOP('',(#11484,#11485,#11491,#11492));
#11484 = ORIENTED_EDGE('',*,*,#11334,.F.);
#11485 = ORIENTED_EDGE('',*,*,#11486,.T.);
#11486 = EDGE_CURVE('',#11335,#11417,#11487,.T.);
#11487 = LINE('',#11488,#11489);
#11488 = CARTESIAN_POINT('',(-364.5,-182.5,1.158E+03));
#11489 = VECTOR('',#11490,1.);
#11490 = DIRECTION('',(0.,1.,0.));
#11491 = ORIENTED_EDGE('',*,*,#11416,.T.);
#11492 = ORIENTED_EDGE('',*,*,#11493,.F.);
#11493 = EDGE_CURVE('',#11337,#11419,#11494,.T.);
#11494 = LINE('',#11495,#11496);
#11495 = CARTESIAN_POINT('',(-364.5,-182.5,1.187E+03));
#11496 = VECTOR('',#11497,1.);
#11497 = DIRECTION('',(0.,1.,0.));
#11498 = PLANE('',#11499);
#11499 = AXIS2_PLACEMENT_3D('',#11500,#11501,#11502);
#11500 = CARTESIAN_POINT('',(-364.5,-182.5,1.158E+03));
#11501 = DIRECTION('',(1.,0.,0.));
#11502 = DIRECTION('',(0.,0.,1.));
#11503 = ADVANCED_FACE('',(#11504),#11515,.F.);
#11504 = FACE_BOUND('',#11505,.F.);
#11505 = EDGE_LOOP('',(#11506,#11507,#11508,#11514));
#11506 = ORIENTED_EDGE('',*,*,#11493,.F.);
#11507 = ORIENTED_EDGE('',*,*,#11360,.T.);
#11508 = ORIENTED_EDGE('',*,*,#11509,.T.);
#11509 = EDGE_CURVE('',#11353,#11435,#11510,.T.);
#11510 = LINE('',#11511,#11512);
#11511 = CARTESIAN_POINT('',(-335.5,-182.5,1.187E+03));
#11512 = VECTOR('',#11513,1.);
#11513 = DIRECTION('',(0.,1.,0.));
#11514 = ORIENTED_EDGE('',*,*,#11442,.F.);
#11515 = PLANE('',#11516);
#11516 = AXIS2_PLACEMENT_3D('',#11517,#11518,#11519);
#11517 = CARTESIAN_POINT('',(-364.5,-182.5,1.187E+03));
#11518 = DIRECTION('',(0.,0.,1.));
#11519 = DIRECTION('',(1.,0.,0.));
#11520 = ADVANCED_FACE('',(#11521),#11532,.F.);
#11521 = FACE_BOUND('',#11522,.F.);
#11522 = EDGE_LOOP('',(#11523,#11524,#11530,#11531));
#11523 = ORIENTED_EDGE('',*,*,#11352,.F.);
#11524 = ORIENTED_EDGE('',*,*,#11525,.T.);
#11525 = EDGE_CURVE('',#11345,#11427,#11526,.T.);
#11526 = LINE('',#11527,#11528);
#11527 = CARTESIAN_POINT('',(-335.5,-182.5,1.158E+03));
#11528 = VECTOR('',#11529,1.);
#11529 = DIRECTION('',(0.,1.,0.));
#11530 = ORIENTED_EDGE('',*,*,#11434,.T.);
#11531 = ORIENTED_EDGE('',*,*,#11509,.F.);
#11532 = PLANE('',#11533);
#11533 = AXIS2_PLACEMENT_3D('',#11534,#11535,#11536);
#11534 = CARTESIAN_POINT('',(-335.5,-182.5,1.158E+03));
#11535 = DIRECTION('',(1.,0.,0.));
#11536 = DIRECTION('',(0.,0.,1.));
#11537 = ADVANCED_FACE('',(#11538),#11544,.T.);
#11538 = FACE_BOUND('',#11539,.T.);
#11539 = EDGE_LOOP('',(#11540,#11541,#11542,#11543));
#11540 = ORIENTED_EDGE('',*,*,#11486,.F.);
#11541 = ORIENTED_EDGE('',*,*,#11344,.T.);
#11542 = ORIENTED_EDGE('',*,*,#11525,.T.);
#11543 = ORIENTED_EDGE('',*,*,#11426,.F.);
#11544 = PLANE('',#11545);
#11545 = AXIS2_PLACEMENT_3D('',#11546,#11547,#11548);
#11546 = CARTESIAN_POINT('',(-364.5,-182.5,1.158E+03));
#11547 = DIRECTION('',(0.,0.,1.));
#11548 = DIRECTION('',(1.,0.,0.));
#11549 = MANIFOLD_SOLID_BREP('',#11550);
#11550 = CLOSED_SHELL('',(#11551,#11625,#11656,#11680,#11704,#11721,
    #11752,#11776,#11800,#11817));
#11551 = ADVANCED_FACE('',(#11552,#11586),#11620,.F.);
#11552 = FACE_BOUND('',#11553,.F.);
#11553 = EDGE_LOOP('',(#11554,#11564,#11572,#11580));
#11554 = ORIENTED_EDGE('',*,*,#11555,.F.);
#11555 = EDGE_CURVE('',#11556,#11558,#11560,.T.);
#11556 = VERTEX_POINT('',#11557);
#11557 = CARTESIAN_POINT('',(-332.5,182.5,1.155E+03));
#11558 = VERTEX_POINT('',#11559);
#11559 = CARTESIAN_POINT('',(-332.5,182.5,1.19E+03));
#11560 = LINE('',#11561,#11562);
#11561 = CARTESIAN_POINT('',(-332.5,182.5,1.155E+03));
#11562 = VECTOR('',#11563,1.);
#11563 = DIRECTION('',(0.,0.,1.));
#11564 = ORIENTED_EDGE('',*,*,#11565,.T.);
#11565 = EDGE_CURVE('',#11556,#11566,#11568,.T.);
#11566 = VERTEX_POINT('',#11567);
#11567 = CARTESIAN_POINT('',(-332.5,217.5,1.155E+03));
#11568 = LINE('',#11569,#11570);
#11569 = CARTESIAN_POINT('',(-332.5,182.5,1.155E+03));
#11570 = VECTOR('',#11571,1.);
#11571 = DIRECTION('',(0.,1.,0.));
#11572 = ORIENTED_EDGE('',*,*,#11573,.T.);
#11573 = EDGE_CURVE('',#11566,#11574,#11576,.T.);
#11574 = VERTEX_POINT('',#11575);
#11575 = CARTESIAN_POINT('',(-332.5,217.5,1.19E+03));
#11576 = LINE('',#11577,#11578);
#11577 = CARTESIAN_POINT('',(-332.5,217.5,1.155E+03));
#11578 = VECTOR('',#11579,1.);
#11579 = DIRECTION('',(0.,0.,1.));
#11580 = ORIENTED_EDGE('',*,*,#11581,.F.);
#11581 = EDGE_CURVE('',#11558,#11574,#11582,.T.);
#11582 = LINE('',#11583,#11584);
#11583 = CARTESIAN_POINT('',(-332.5,182.5,1.19E+03));
#11584 = VECTOR('',#11585,1.);
#11585 = DIRECTION('',(0.,1.,0.));
#11586 = FACE_BOUND('',#11587,.F.);
#11587 = EDGE_LOOP('',(#11588,#11598,#11606,#11614));
#11588 = ORIENTED_EDGE('',*,*,#11589,.F.);
#11589 = EDGE_CURVE('',#11590,#11592,#11594,.T.);
#11590 = VERTEX_POINT('',#11591);
#11591 = CARTESIAN_POINT('',(-332.5,185.5,1.158E+03));
#11592 = VERTEX_POINT('',#11593);
#11593 = CARTESIAN_POINT('',(-332.5,214.5,1.158E+03));
#11594 = LINE('',#11595,#11596);
#11595 = CARTESIAN_POINT('',(-332.5,185.5,1.158E+03));
#11596 = VECTOR('',#11597,1.);
#11597 = DIRECTION('',(0.,1.,0.));
#11598 = ORIENTED_EDGE('',*,*,#11599,.T.);
#11599 = EDGE_CURVE('',#11590,#11600,#11602,.T.);
#11600 = VERTEX_POINT('',#11601);
#11601 = CARTESIAN_POINT('',(-332.5,185.5,1.187E+03));
#11602 = LINE('',#11603,#11604);
#11603 = CARTESIAN_POINT('',(-332.5,185.5,1.158E+03));
#11604 = VECTOR('',#11605,1.);
#11605 = DIRECTION('',(0.,0.,1.));
#11606 = ORIENTED_EDGE('',*,*,#11607,.T.);
#11607 = EDGE_CURVE('',#11600,#11608,#11610,.T.);
#11608 = VERTEX_POINT('',#11609);
#11609 = CARTESIAN_POINT('',(-332.5,214.5,1.187E+03));
#11610 = LINE('',#11611,#11612);
#11611 = CARTESIAN_POINT('',(-332.5,185.5,1.187E+03));
#11612 = VECTOR('',#11613,1.);
#11613 = DIRECTION('',(0.,1.,0.));
#11614 = ORIENTED_EDGE('',*,*,#11615,.F.);
#11615 = EDGE_CURVE('',#11592,#11608,#11616,.T.);
#11616 = LINE('',#11617,#11618);
#11617 = CARTESIAN_POINT('',(-332.5,214.5,1.158E+03));
#11618 = VECTOR('',#11619,1.);
#11619 = DIRECTION('',(0.,0.,1.));
#11620 = PLANE('',#11621);
#11621 = AXIS2_PLACEMENT_3D('',#11622,#11623,#11624);
#11622 = CARTESIAN_POINT('',(-332.5,182.5,1.155E+03));
#11623 = DIRECTION('',(1.,0.,0.));
#11624 = DIRECTION('',(0.,0.,1.));
#11625 = ADVANCED_FACE('',(#11626),#11651,.F.);
#11626 = FACE_BOUND('',#11627,.F.);
#11627 = EDGE_LOOP('',(#11628,#11636,#11637,#11645));
#11628 = ORIENTED_EDGE('',*,*,#11629,.F.);
#11629 = EDGE_CURVE('',#11556,#11630,#11632,.T.);
#11630 = VERTEX_POINT('',#11631);
#11631 = CARTESIAN_POINT('',(332.5,182.5,1.155E+03));
#11632 = LINE('',#11633,#11634);
#11633 = CARTESIAN_POINT('',(-332.5,182.5,1.155E+03));
#11634 = VECTOR('',#11635,1.);
#11635 = DIRECTION('',(1.,0.,0.));
#11636 = ORIENTED_EDGE('',*,*,#11555,.T.);
#11637 = ORIENTED_EDGE('',*,*,#11638,.T.);
#11638 = EDGE_CURVE('',#11558,#11639,#11641,.T.);
#11639 = VERTEX_POINT('',#11640);
#11640 = CARTESIAN_POINT('',(332.5,182.5,1.19E+03));
#11641 = LINE('',#11642,#11643);
#11642 = CARTESIAN_POINT('',(-332.5,182.5,1.19E+03));
#11643 = VECTOR('',#11644,1.);
#11644 = DIRECTION('',(1.,0.,0.));
#11645 = ORIENTED_EDGE('',*,*,#11646,.F.);
#11646 = EDGE_CURVE('',#11630,#11639,#11647,.T.);
#11647 = LINE('',#11648,#11649);
#11648 = CARTESIAN_POINT('',(332.5,182.5,1.155E+03));
#11649 = VECTOR('',#11650,1.);
#11650 = DIRECTION('',(0.,0.,1.));
#11651 = PLANE('',#11652);
#11652 = AXIS2_PLACEMENT_3D('',#11653,#11654,#11655);
#11653 = CARTESIAN_POINT('',(-332.5,182.5,1.155E+03));
#11654 = DIRECTION('',(0.,1.,0.));
#11655 = DIRECTION('',(0.,0.,1.));
#11656 = ADVANCED_FACE('',(#11657),#11675,.T.);
#11657 = FACE_BOUND('',#11658,.T.);
#11658 = EDGE_LOOP('',(#11659,#11660,#11661,#11669));
#11659 = ORIENTED_EDGE('',*,*,#11581,.F.);
#11660 = ORIENTED_EDGE('',*,*,#11638,.T.);
#11661 = ORIENTED_EDGE('',*,*,#11662,.T.);
#11662 = EDGE_CURVE('',#11639,#11663,#11665,.T.);
#11663 = VERTEX_POINT('',#11664);
#11664 = CARTESIAN_POINT('',(332.5,217.5,1.19E+03));
#11665 = LINE('',#11666,#11667);
#11666 = CARTESIAN_POINT('',(332.5,182.5,1.19E+03));
#11667 = VECTOR('',#11668,1.);
#11668 = DIRECTION('',(0.,1.,0.));
#11669 = ORIENTED_EDGE('',*,*,#11670,.F.);
#11670 = EDGE_CURVE('',#11574,#11663,#11671,.T.);
#11671 = LINE('',#11672,#11673);
#11672 = CARTESIAN_POINT('',(-332.5,217.5,1.19E+03));
#11673 = VECTOR('',#11674,1.);
#11674 = DIRECTION('',(1.,0.,0.));
#11675 = PLANE('',#11676);
#11676 = AXIS2_PLACEMENT_3D('',#11677,#11678,#11679);
#11677 = CARTESIAN_POINT('',(-332.5,182.5,1.19E+03));
#11678 = DIRECTION('',(0.,0.,1.));
#11679 = DIRECTION('',(1.,0.,0.));
#11680 = ADVANCED_FACE('',(#11681),#11699,.F.);
#11681 = FACE_BOUND('',#11682,.F.);
#11682 = EDGE_LOOP('',(#11683,#11684,#11685,#11693));
#11683 = ORIENTED_EDGE('',*,*,#11565,.F.);
#11684 = ORIENTED_EDGE('',*,*,#11629,.T.);
#11685 = ORIENTED_EDGE('',*,*,#11686,.T.);
#11686 = EDGE_CURVE('',#11630,#11687,#11689,.T.);
#11687 = VERTEX_POINT('',#11688);
#11688 = CARTESIAN_POINT('',(332.5,217.5,1.155E+03));
#11689 = LINE('',#11690,#11691);
#11690 = CARTESIAN_POINT('',(332.5,182.5,1.155E+03));
#11691 = VECTOR('',#11692,1.);
#11692 = DIRECTION('',(0.,1.,0.));
#11693 = ORIENTED_EDGE('',*,*,#11694,.F.);
#11694 = EDGE_CURVE('',#11566,#11687,#11695,.T.);
#11695 = LINE('',#11696,#11697);
#11696 = CARTESIAN_POINT('',(-332.5,217.5,1.155E+03));
#11697 = VECTOR('',#11698,1.);
#11698 = DIRECTION('',(1.,0.,0.));
#11699 = PLANE('',#11700);
#11700 = AXIS2_PLACEMENT_3D('',#11701,#11702,#11703);
#11701 = CARTESIAN_POINT('',(-332.5,182.5,1.155E+03));
#11702 = DIRECTION('',(0.,0.,1.));
#11703 = DIRECTION('',(1.,0.,0.));
#11704 = ADVANCED_FACE('',(#11705),#11716,.T.);
#11705 = FACE_BOUND('',#11706,.T.);
#11706 = EDGE_LOOP('',(#11707,#11708,#11709,#11710));
#11707 = ORIENTED_EDGE('',*,*,#11694,.F.);
#11708 = ORIENTED_EDGE('',*,*,#11573,.T.);
#11709 = ORIENTED_EDGE('',*,*,#11670,.T.);
#11710 = ORIENTED_EDGE('',*,*,#11711,.F.);
#11711 = EDGE_CURVE('',#11687,#11663,#11712,.T.);
#11712 = LINE('',#11713,#11714);
#11713 = CARTESIAN_POINT('',(332.5,217.5,1.155E+03));
#11714 = VECTOR('',#11715,1.);
#11715 = DIRECTION('',(0.,0.,1.));
#11716 = PLANE('',#11717);
#11717 = AXIS2_PLACEMENT_3D('',#11718,#11719,#11720);
#11718 = CARTESIAN_POINT('',(-332.5,217.5,1.155E+03));
#11719 = DIRECTION('',(0.,1.,0.));
#11720 = DIRECTION('',(0.,0.,1.));
#11721 = ADVANCED_FACE('',(#11722),#11747,.T.);
#11722 = FACE_BOUND('',#11723,.T.);
#11723 = EDGE_LOOP('',(#11724,#11725,#11733,#11741));
#11724 = ORIENTED_EDGE('',*,*,#11589,.F.);
#11725 = ORIENTED_EDGE('',*,*,#11726,.T.);
#11726 = EDGE_CURVE('',#11590,#11727,#11729,.T.);
#11727 = VERTEX_POINT('',#11728);
#11728 = CARTESIAN_POINT('',(332.5,185.5,1.158E+03));
#11729 = LINE('',#11730,#11731);
#11730 = CARTESIAN_POINT('',(-332.5,185.5,1.158E+03));
#11731 = VECTOR('',#11732,1.);
#11732 = DIRECTION('',(1.,0.,0.));
#11733 = ORIENTED_EDGE('',*,*,#11734,.T.);
#11734 = EDGE_CURVE('',#11727,#11735,#11737,.T.);
#11735 = VERTEX_POINT('',#11736);
#11736 = CARTESIAN_POINT('',(332.5,214.5,1.158E+03));
#11737 = LINE('',#11738,#11739);
#11738 = CARTESIAN_POINT('',(332.5,185.5,1.158E+03));
#11739 = VECTOR('',#11740,1.);
#11740 = DIRECTION('',(0.,1.,0.));
#11741 = ORIENTED_EDGE('',*,*,#11742,.F.);
#11742 = EDGE_CURVE('',#11592,#11735,#11743,.T.);
#11743 = LINE('',#11744,#11745);
#11744 = CARTESIAN_POINT('',(-332.5,214.5,1.158E+03));
#11745 = VECTOR('',#11746,1.);
#11746 = DIRECTION('',(1.,0.,0.));
#11747 = PLANE('',#11748);
#11748 = AXIS2_PLACEMENT_3D('',#11749,#11750,#11751);
#11749 = CARTESIAN_POINT('',(-332.5,185.5,1.158E+03));
#11750 = DIRECTION('',(0.,0.,1.));
#11751 = DIRECTION('',(1.,0.,0.));
#11752 = ADVANCED_FACE('',(#11753),#11771,.F.);
#11753 = FACE_BOUND('',#11754,.F.);
#11754 = EDGE_LOOP('',(#11755,#11756,#11757,#11765));
#11755 = ORIENTED_EDGE('',*,*,#11742,.F.);
#11756 = ORIENTED_EDGE('',*,*,#11615,.T.);
#11757 = ORIENTED_EDGE('',*,*,#11758,.T.);
#11758 = EDGE_CURVE('',#11608,#11759,#11761,.T.);
#11759 = VERTEX_POINT('',#11760);
#11760 = CARTESIAN_POINT('',(332.5,214.5,1.187E+03));
#11761 = LINE('',#11762,#11763);
#11762 = CARTESIAN_POINT('',(-332.5,214.5,1.187E+03));
#11763 = VECTOR('',#11764,1.);
#11764 = DIRECTION('',(1.,0.,0.));
#11765 = ORIENTED_EDGE('',*,*,#11766,.F.);
#11766 = EDGE_CURVE('',#11735,#11759,#11767,.T.);
#11767 = LINE('',#11768,#11769);
#11768 = CARTESIAN_POINT('',(332.5,214.5,1.158E+03));
#11769 = VECTOR('',#11770,1.);
#11770 = DIRECTION('',(0.,0.,1.));
#11771 = PLANE('',#11772);
#11772 = AXIS2_PLACEMENT_3D('',#11773,#11774,#11775);
#11773 = CARTESIAN_POINT('',(-332.5,214.5,1.158E+03));
#11774 = DIRECTION('',(0.,1.,0.));
#11775 = DIRECTION('',(0.,0.,1.));
#11776 = ADVANCED_FACE('',(#11777),#11795,.F.);
#11777 = FACE_BOUND('',#11778,.F.);
#11778 = EDGE_LOOP('',(#11779,#11780,#11788,#11794));
#11779 = ORIENTED_EDGE('',*,*,#11607,.F.);
#11780 = ORIENTED_EDGE('',*,*,#11781,.T.);
#11781 = EDGE_CURVE('',#11600,#11782,#11784,.T.);
#11782 = VERTEX_POINT('',#11783);
#11783 = CARTESIAN_POINT('',(332.5,185.5,1.187E+03));
#11784 = LINE('',#11785,#11786);
#11785 = CARTESIAN_POINT('',(-332.5,185.5,1.187E+03));
#11786 = VECTOR('',#11787,1.);
#11787 = DIRECTION('',(1.,0.,0.));
#11788 = ORIENTED_EDGE('',*,*,#11789,.T.);
#11789 = EDGE_CURVE('',#11782,#11759,#11790,.T.);
#11790 = LINE('',#11791,#11792);
#11791 = CARTESIAN_POINT('',(332.5,185.5,1.187E+03));
#11792 = VECTOR('',#11793,1.);
#11793 = DIRECTION('',(0.,1.,0.));
#11794 = ORIENTED_EDGE('',*,*,#11758,.F.);
#11795 = PLANE('',#11796);
#11796 = AXIS2_PLACEMENT_3D('',#11797,#11798,#11799);
#11797 = CARTESIAN_POINT('',(-332.5,185.5,1.187E+03));
#11798 = DIRECTION('',(0.,0.,1.));
#11799 = DIRECTION('',(1.,0.,0.));
#11800 = ADVANCED_FACE('',(#11801),#11812,.T.);
#11801 = FACE_BOUND('',#11802,.T.);
#11802 = EDGE_LOOP('',(#11803,#11804,#11805,#11806));
#11803 = ORIENTED_EDGE('',*,*,#11726,.F.);
#11804 = ORIENTED_EDGE('',*,*,#11599,.T.);
#11805 = ORIENTED_EDGE('',*,*,#11781,.T.);
#11806 = ORIENTED_EDGE('',*,*,#11807,.F.);
#11807 = EDGE_CURVE('',#11727,#11782,#11808,.T.);
#11808 = LINE('',#11809,#11810);
#11809 = CARTESIAN_POINT('',(332.5,185.5,1.158E+03));
#11810 = VECTOR('',#11811,1.);
#11811 = DIRECTION('',(0.,0.,1.));
#11812 = PLANE('',#11813);
#11813 = AXIS2_PLACEMENT_3D('',#11814,#11815,#11816);
#11814 = CARTESIAN_POINT('',(-332.5,185.5,1.158E+03));
#11815 = DIRECTION('',(0.,1.,0.));
#11816 = DIRECTION('',(0.,0.,1.));
#11817 = ADVANCED_FACE('',(#11818,#11824),#11830,.T.);
#11818 = FACE_BOUND('',#11819,.T.);
#11819 = EDGE_LOOP('',(#11820,#11821,#11822,#11823));
#11820 = ORIENTED_EDGE('',*,*,#11646,.F.);
#11821 = ORIENTED_EDGE('',*,*,#11686,.T.);
#11822 = ORIENTED_EDGE('',*,*,#11711,.T.);
#11823 = ORIENTED_EDGE('',*,*,#11662,.F.);
#11824 = FACE_BOUND('',#11825,.T.);
#11825 = EDGE_LOOP('',(#11826,#11827,#11828,#11829));
#11826 = ORIENTED_EDGE('',*,*,#11734,.F.);
#11827 = ORIENTED_EDGE('',*,*,#11807,.T.);
#11828 = ORIENTED_EDGE('',*,*,#11789,.T.);
#11829 = ORIENTED_EDGE('',*,*,#11766,.F.);
#11830 = PLANE('',#11831);
#11831 = AXIS2_PLACEMENT_3D('',#11832,#11833,#11834);
#11832 = CARTESIAN_POINT('',(332.5,182.5,1.155E+03));
#11833 = DIRECTION('',(1.,0.,0.));
#11834 = DIRECTION('',(0.,0.,1.));
#11835 = MANIFOLD_SOLID_BREP('',#11836);
#11836 = CLOSED_SHELL('',(#11837,#11877,#11942,#11966,#12024,#12041,
    #12053,#12075,#12092,#12109));
#11837 = ADVANCED_FACE('',(#11838),#11872,.F.);
#11838 = FACE_BOUND('',#11839,.F.);
#11839 = EDGE_LOOP('',(#11840,#11850,#11858,#11866));
#11840 = ORIENTED_EDGE('',*,*,#11841,.F.);
#11841 = EDGE_CURVE('',#11842,#11844,#11846,.T.);
#11842 = VERTEX_POINT('',#11843);
#11843 = CARTESIAN_POINT('',(332.5,-182.5,1.155E+03));
#11844 = VERTEX_POINT('',#11845);
#11845 = CARTESIAN_POINT('',(332.5,-182.5,1.19E+03));
#11846 = LINE('',#11847,#11848);
#11847 = CARTESIAN_POINT('',(332.5,-182.5,1.155E+03));
#11848 = VECTOR('',#11849,1.);
#11849 = DIRECTION('',(0.,0.,1.));
#11850 = ORIENTED_EDGE('',*,*,#11851,.T.);
#11851 = EDGE_CURVE('',#11842,#11852,#11854,.T.);
#11852 = VERTEX_POINT('',#11853);
#11853 = CARTESIAN_POINT('',(332.5,182.5,1.155E+03));
#11854 = LINE('',#11855,#11856);
#11855 = CARTESIAN_POINT('',(332.5,-182.5,1.155E+03));
#11856 = VECTOR('',#11857,1.);
#11857 = DIRECTION('',(0.,1.,0.));
#11858 = ORIENTED_EDGE('',*,*,#11859,.T.);
#11859 = EDGE_CURVE('',#11852,#11860,#11862,.T.);
#11860 = VERTEX_POINT('',#11861);
#11861 = CARTESIAN_POINT('',(332.5,182.5,1.19E+03));
#11862 = LINE('',#11863,#11864);
#11863 = CARTESIAN_POINT('',(332.5,182.5,1.155E+03));
#11864 = VECTOR('',#11865,1.);
#11865 = DIRECTION('',(0.,0.,1.));
#11866 = ORIENTED_EDGE('',*,*,#11867,.F.);
#11867 = EDGE_CURVE('',#11844,#11860,#11868,.T.);
#11868 = LINE('',#11869,#11870);
#11869 = CARTESIAN_POINT('',(332.5,-182.5,1.19E+03));
#11870 = VECTOR('',#11871,1.);
#11871 = DIRECTION('',(0.,1.,0.));
#11872 = PLANE('',#11873);
#11873 = AXIS2_PLACEMENT_3D('',#11874,#11875,#11876);
#11874 = CARTESIAN_POINT('',(332.5,-182.5,1.155E+03));
#11875 = DIRECTION('',(1.,0.,0.));
#11876 = DIRECTION('',(0.,0.,1.));
#11877 = ADVANCED_FACE('',(#11878,#11903),#11937,.F.);
#11878 = FACE_BOUND('',#11879,.F.);
#11879 = EDGE_LOOP('',(#11880,#11888,#11889,#11897));
#11880 = ORIENTED_EDGE('',*,*,#11881,.F.);
#11881 = EDGE_CURVE('',#11842,#11882,#11884,.T.);
#11882 = VERTEX_POINT('',#11883);
#11883 = CARTESIAN_POINT('',(367.5,-182.5,1.155E+03));
#11884 = LINE('',#11885,#11886);
#11885 = CARTESIAN_POINT('',(332.5,-182.5,1.155E+03));
#11886 = VECTOR('',#11887,1.);
#11887 = DIRECTION('',(1.,0.,0.));
#11888 = ORIENTED_EDGE('',*,*,#11841,.T.);
#11889 = ORIENTED_EDGE('',*,*,#11890,.T.);
#11890 = EDGE_CURVE('',#11844,#11891,#11893,.T.);
#11891 = VERTEX_POINT('',#11892);
#11892 = CARTESIAN_POINT('',(367.5,-182.5,1.19E+03));
#11893 = LINE('',#11894,#11895);
#11894 = CARTESIAN_POINT('',(332.5,-182.5,1.19E+03));
#11895 = VECTOR('',#11896,1.);
#11896 = DIRECTION('',(1.,0.,0.));
#11897 = ORIENTED_EDGE('',*,*,#11898,.F.);
#11898 = EDGE_CURVE('',#11882,#11891,#11899,.T.);
#11899 = LINE('',#11900,#11901);
#11900 = CARTESIAN_POINT('',(367.5,-182.5,1.155E+03));
#11901 = VECTOR('',#11902,1.);
#11902 = DIRECTION('',(0.,0.,1.));
#11903 = FACE_BOUND('',#11904,.F.);
#11904 = EDGE_LOOP('',(#11905,#11915,#11923,#11931));
#11905 = ORIENTED_EDGE('',*,*,#11906,.F.);
#11906 = EDGE_CURVE('',#11907,#11909,#11911,.T.);
#11907 = VERTEX_POINT('',#11908);
#11908 = CARTESIAN_POINT('',(335.5,-182.5,1.158E+03));
#11909 = VERTEX_POINT('',#11910);
#11910 = CARTESIAN_POINT('',(335.5,-182.5,1.187E+03));
#11911 = LINE('',#11912,#11913);
#11912 = CARTESIAN_POINT('',(335.5,-182.5,1.158E+03));
#11913 = VECTOR('',#11914,1.);
#11914 = DIRECTION('',(0.,0.,1.));
#11915 = ORIENTED_EDGE('',*,*,#11916,.T.);
#11916 = EDGE_CURVE('',#11907,#11917,#11919,.T.);
#11917 = VERTEX_POINT('',#11918);
#11918 = CARTESIAN_POINT('',(364.5,-182.5,1.158E+03));
#11919 = LINE('',#11920,#11921);
#11920 = CARTESIAN_POINT('',(335.5,-182.5,1.158E+03));
#11921 = VECTOR('',#11922,1.);
#11922 = DIRECTION('',(1.,0.,0.));
#11923 = ORIENTED_EDGE('',*,*,#11924,.T.);
#11924 = EDGE_CURVE('',#11917,#11925,#11927,.T.);
#11925 = VERTEX_POINT('',#11926);
#11926 = CARTESIAN_POINT('',(364.5,-182.5,1.187E+03));
#11927 = LINE('',#11928,#11929);
#11928 = CARTESIAN_POINT('',(364.5,-182.5,1.158E+03));
#11929 = VECTOR('',#11930,1.);
#11930 = DIRECTION('',(0.,0.,1.));
#11931 = ORIENTED_EDGE('',*,*,#11932,.F.);
#11932 = EDGE_CURVE('',#11909,#11925,#11933,.T.);
#11933 = LINE('',#11934,#11935);
#11934 = CARTESIAN_POINT('',(335.5,-182.5,1.187E+03));
#11935 = VECTOR('',#11936,1.);
#11936 = DIRECTION('',(1.,0.,0.));
#11937 = PLANE('',#11938);
#11938 = AXIS2_PLACEMENT_3D('',#11939,#11940,#11941);
#11939 = CARTESIAN_POINT('',(332.5,-182.5,1.155E+03));
#11940 = DIRECTION('',(0.,1.,0.));
#11941 = DIRECTION('',(0.,0.,1.));
#11942 = ADVANCED_FACE('',(#11943),#11961,.T.);
#11943 = FACE_BOUND('',#11944,.T.);
#11944 = EDGE_LOOP('',(#11945,#11946,#11947,#11955));
#11945 = ORIENTED_EDGE('',*,*,#11867,.F.);
#11946 = ORIENTED_EDGE('',*,*,#11890,.T.);
#11947 = ORIENTED_EDGE('',*,*,#11948,.T.);
#11948 = EDGE_CURVE('',#11891,#11949,#11951,.T.);
#11949 = VERTEX_POINT('',#11950);
#11950 = CARTESIAN_POINT('',(367.5,182.5,1.19E+03));
#11951 = LINE('',#11952,#11953);
#11952 = CARTESIAN_POINT('',(367.5,-182.5,1.19E+03));
#11953 = VECTOR('',#11954,1.);
#11954 = DIRECTION('',(0.,1.,0.));
#11955 = ORIENTED_EDGE('',*,*,#11956,.F.);
#11956 = EDGE_CURVE('',#11860,#11949,#11957,.T.);
#11957 = LINE('',#11958,#11959);
#11958 = CARTESIAN_POINT('',(332.5,182.5,1.19E+03));
#11959 = VECTOR('',#11960,1.);
#11960 = DIRECTION('',(1.,0.,0.));
#11961 = PLANE('',#11962);
#11962 = AXIS2_PLACEMENT_3D('',#11963,#11964,#11965);
#11963 = CARTESIAN_POINT('',(332.5,-182.5,1.19E+03));
#11964 = DIRECTION('',(0.,0.,1.));
#11965 = DIRECTION('',(1.,0.,0.));
#11966 = ADVANCED_FACE('',(#11967,#11985),#12019,.T.);
#11967 = FACE_BOUND('',#11968,.T.);
#11968 = EDGE_LOOP('',(#11969,#11977,#11978,#11979));
#11969 = ORIENTED_EDGE('',*,*,#11970,.F.);
#11970 = EDGE_CURVE('',#11852,#11971,#11973,.T.);
#11971 = VERTEX_POINT('',#11972);
#11972 = CARTESIAN_POINT('',(367.5,182.5,1.155E+03));
#11973 = LINE('',#11974,#11975);
#11974 = CARTESIAN_POINT('',(332.5,182.5,1.155E+03));
#11975 = VECTOR('',#11976,1.);
#11976 = DIRECTION('',(1.,0.,0.));
#11977 = ORIENTED_EDGE('',*,*,#11859,.T.);
#11978 = ORIENTED_EDGE('',*,*,#11956,.T.);
#11979 = ORIENTED_EDGE('',*,*,#11980,.F.);
#11980 = EDGE_CURVE('',#11971,#11949,#11981,.T.);
#11981 = LINE('',#11982,#11983);
#11982 = CARTESIAN_POINT('',(367.5,182.5,1.155E+03));
#11983 = VECTOR('',#11984,1.);
#11984 = DIRECTION('',(0.,0.,1.));
#11985 = FACE_BOUND('',#11986,.T.);
#11986 = EDGE_LOOP('',(#11987,#11997,#12005,#12013));
#11987 = ORIENTED_EDGE('',*,*,#11988,.F.);
#11988 = EDGE_CURVE('',#11989,#11991,#11993,.T.);
#11989 = VERTEX_POINT('',#11990);
#11990 = CARTESIAN_POINT('',(335.5,182.5,1.158E+03));
#11991 = VERTEX_POINT('',#11992);
#11992 = CARTESIAN_POINT('',(335.5,182.5,1.187E+03));
#11993 = LINE('',#11994,#11995);
#11994 = CARTESIAN_POINT('',(335.5,182.5,1.158E+03));
#11995 = VECTOR('',#11996,1.);
#11996 = DIRECTION('',(0.,0.,1.));
#11997 = ORIENTED_EDGE('',*,*,#11998,.T.);
#11998 = EDGE_CURVE('',#11989,#11999,#12001,.T.);
#11999 = VERTEX_POINT('',#12000);
#12000 = CARTESIAN_POINT('',(364.5,182.5,1.158E+03));
#12001 = LINE('',#12002,#12003);
#12002 = CARTESIAN_POINT('',(335.5,182.5,1.158E+03));
#12003 = VECTOR('',#12004,1.);
#12004 = DIRECTION('',(1.,0.,0.));
#12005 = ORIENTED_EDGE('',*,*,#12006,.T.);
#12006 = EDGE_CURVE('',#11999,#12007,#12009,.T.);
#12007 = VERTEX_POINT('',#12008);
#12008 = CARTESIAN_POINT('',(364.5,182.5,1.187E+03));
#12009 = LINE('',#12010,#12011);
#12010 = CARTESIAN_POINT('',(364.5,182.5,1.158E+03));
#12011 = VECTOR('',#12012,1.);
#12012 = DIRECTION('',(0.,0.,1.));
#12013 = ORIENTED_EDGE('',*,*,#12014,.F.);
#12014 = EDGE_CURVE('',#11991,#12007,#12015,.T.);
#12015 = LINE('',#12016,#12017);
#12016 = CARTESIAN_POINT('',(335.5,182.5,1.187E+03));
#12017 = VECTOR('',#12018,1.);
#12018 = DIRECTION('',(1.,0.,0.));
#12019 = PLANE('',#12020);
#12020 = AXIS2_PLACEMENT_3D('',#12021,#12022,#12023);
#12021 = CARTESIAN_POINT('',(332.5,182.5,1.155E+03));
#12022 = DIRECTION('',(0.,1.,0.));
#12023 = DIRECTION('',(0.,0.,1.));
#12024 = ADVANCED_FACE('',(#12025),#12036,.F.);
#12025 = FACE_BOUND('',#12026,.F.);
#12026 = EDGE_LOOP('',(#12027,#12028,#12029,#12035));
#12027 = ORIENTED_EDGE('',*,*,#11851,.F.);
#12028 = ORIENTED_EDGE('',*,*,#11881,.T.);
#12029 = ORIENTED_EDGE('',*,*,#12030,.T.);
#12030 = EDGE_CURVE('',#11882,#11971,#12031,.T.);
#12031 = LINE('',#12032,#12033);
#12032 = CARTESIAN_POINT('',(367.5,-182.5,1.155E+03));
#12033 = VECTOR('',#12034,1.);
#12034 = DIRECTION('',(0.,1.,0.));
#12035 = ORIENTED_EDGE('',*,*,#11970,.F.);
#12036 = PLANE('',#12037);
#12037 = AXIS2_PLACEMENT_3D('',#12038,#12039,#12040);
#12038 = CARTESIAN_POINT('',(332.5,-182.5,1.155E+03));
#12039 = DIRECTION('',(0.,0.,1.));
#12040 = DIRECTION('',(1.,0.,0.));
#12041 = ADVANCED_FACE('',(#12042),#12048,.T.);
#12042 = FACE_BOUND('',#12043,.T.);
#12043 = EDGE_LOOP('',(#12044,#12045,#12046,#12047));
#12044 = ORIENTED_EDGE('',*,*,#11898,.F.);
#12045 = ORIENTED_EDGE('',*,*,#12030,.T.);
#12046 = ORIENTED_EDGE('',*,*,#11980,.T.);
#12047 = ORIENTED_EDGE('',*,*,#11948,.F.);
#12048 = PLANE('',#12049);
#12049 = AXIS2_PLACEMENT_3D('',#12050,#12051,#12052);
#12050 = CARTESIAN_POINT('',(367.5,-182.5,1.155E+03));
#12051 = DIRECTION('',(1.,0.,0.));
#12052 = DIRECTION('',(0.,0.,1.));
#12053 = ADVANCED_FACE('',(#12054),#12070,.T.);
#12054 = FACE_BOUND('',#12055,.T.);
#12055 = EDGE_LOOP('',(#12056,#12057,#12063,#12064));
#12056 = ORIENTED_EDGE('',*,*,#11906,.F.);
#12057 = ORIENTED_EDGE('',*,*,#12058,.T.);
#12058 = EDGE_CURVE('',#11907,#11989,#12059,.T.);
#12059 = LINE('',#12060,#12061);
#12060 = CARTESIAN_POINT('',(335.5,-182.5,1.158E+03));
#12061 = VECTOR('',#12062,1.);
#12062 = DIRECTION('',(0.,1.,0.));
#12063 = ORIENTED_EDGE('',*,*,#11988,.T.);
#12064 = ORIENTED_EDGE('',*,*,#12065,.F.);
#12065 = EDGE_CURVE('',#11909,#11991,#12066,.T.);
#12066 = LINE('',#12067,#12068);
#12067 = CARTESIAN_POINT('',(335.5,-182.5,1.187E+03));
#12068 = VECTOR('',#12069,1.);
#12069 = DIRECTION('',(0.,1.,0.));
#12070 = PLANE('',#12071);
#12071 = AXIS2_PLACEMENT_3D('',#12072,#12073,#12074);
#12072 = CARTESIAN_POINT('',(335.5,-182.5,1.158E+03));
#12073 = DIRECTION('',(1.,0.,0.));
#12074 = DIRECTION('',(0.,0.,1.));
#12075 = ADVANCED_FACE('',(#12076),#12087,.F.);
#12076 = FACE_BOUND('',#12077,.F.);
#12077 = EDGE_LOOP('',(#12078,#12079,#12080,#12086));
#12078 = ORIENTED_EDGE('',*,*,#12065,.F.);
#12079 = ORIENTED_EDGE('',*,*,#11932,.T.);
#12080 = ORIENTED_EDGE('',*,*,#12081,.T.);
#12081 = EDGE_CURVE('',#11925,#12007,#12082,.T.);
#12082 = LINE('',#12083,#12084);
#12083 = CARTESIAN_POINT('',(364.5,-182.5,1.187E+03));
#12084 = VECTOR('',#12085,1.);
#12085 = DIRECTION('',(0.,1.,0.));
#12086 = ORIENTED_EDGE('',*,*,#12014,.F.);
#12087 = PLANE('',#12088);
#12088 = AXIS2_PLACEMENT_3D('',#12089,#12090,#12091);
#12089 = CARTESIAN_POINT('',(335.5,-182.5,1.187E+03));
#12090 = DIRECTION('',(0.,0.,1.));
#12091 = DIRECTION('',(1.,0.,0.));
#12092 = ADVANCED_FACE('',(#12093),#12104,.F.);
#12093 = FACE_BOUND('',#12094,.F.);
#12094 = EDGE_LOOP('',(#12095,#12096,#12102,#12103));
#12095 = ORIENTED_EDGE('',*,*,#11924,.F.);
#12096 = ORIENTED_EDGE('',*,*,#12097,.T.);
#12097 = EDGE_CURVE('',#11917,#11999,#12098,.T.);
#12098 = LINE('',#12099,#12100);
#12099 = CARTESIAN_POINT('',(364.5,-182.5,1.158E+03));
#12100 = VECTOR('',#12101,1.);
#12101 = DIRECTION('',(0.,1.,0.));
#12102 = ORIENTED_EDGE('',*,*,#12006,.T.);
#12103 = ORIENTED_EDGE('',*,*,#12081,.F.);
#12104 = PLANE('',#12105);
#12105 = AXIS2_PLACEMENT_3D('',#12106,#12107,#12108);
#12106 = CARTESIAN_POINT('',(364.5,-182.5,1.158E+03));
#12107 = DIRECTION('',(1.,0.,0.));
#12108 = DIRECTION('',(0.,0.,1.));
#12109 = ADVANCED_FACE('',(#12110),#12116,.T.);
#12110 = FACE_BOUND('',#12111,.T.);
#12111 = EDGE_LOOP('',(#12112,#12113,#12114,#12115));
#12112 = ORIENTED_EDGE('',*,*,#12058,.F.);
#12113 = ORIENTED_EDGE('',*,*,#11916,.T.);
#12114 = ORIENTED_EDGE('',*,*,#12097,.T.);
#12115 = ORIENTED_EDGE('',*,*,#11998,.F.);
#12116 = PLANE('',#12117);
#12117 = AXIS2_PLACEMENT_3D('',#12118,#12119,#12120);
#12118 = CARTESIAN_POINT('',(335.5,-182.5,1.158E+03));
#12119 = DIRECTION('',(0.,0.,1.));
#12120 = DIRECTION('',(1.,0.,0.));
#12121 = ( GEOMETRIC_REPRESENTATION_CONTEXT(3) 
GLOBAL_UNCERTAINTY_ASSIGNED_CONTEXT((#12125)) 
GLOBAL_UNIT_ASSIGNED_CONTEXT((#12122,#12123,#12124)) 
REPRESENTATION_CONTEXT('Context #1',
  '3D Context with UNIT and UNCERTAINTY') );
#12122 = ( LENGTH_UNIT() NAMED_UNIT(*) SI_UNIT(.MILLI.,.METRE.) );
#12123 = ( NAMED_UNIT(*) PLANE_ANGLE_UNIT() SI_UNIT($,.RADIAN.) );
#12124 = ( NAMED_UNIT(*) SI_UNIT($,.STERADIAN.) SOLID_ANGLE_UNIT() );
#12125 = UNCERTAINTY_MEASURE_WITH_UNIT(LENGTH_MEASURE(1.E-07),#12122,
  'distance_accuracy_value','confusion accuracy');
#12126 = PRODUCT_RELATED_PRODUCT_CATEGORY('part',$,(#7));
ENDSEC;
END-ISO-10303-21;
