iteration,Ux_initial,Ux_linear_final,Uy_initial,Uy_linear_final,Uz_initial,Uz_linear_final,p_initial,p_linear_final,epsilon_initial,epsilon_linear_final,k_initial,k_linear_final,continuity_local,continuity_global,continuity_cumulative
1.0,1.0,0.02981813611,1.0,0.04178836935,1.0,0.02855410021,1.0,0.03759945575,0.3899398007,0.01532145338,1.0,0.03743808038,1.227248025,0.01881454167,0.01881454167
2.0,0.3009159774,0.007273739652,0.4670424479,0.007684005095,0.2157702924,0.007664193623,0.7667501132,0.02224193779,0.5438883234,0.004849468721,0.5092126073,0.005269233132,0.639196862,0.09682751604,0.1156420577
3.0,0.2016493805,0.003081712181,0.4186065873,0.007306087883,0.2001007268,0.00467568248,0.5844482075,0.02078100354,0.1105902568,0.0009584537758,0.1395646656,0.001589469676,0.4345099364,0.0145086923,0.13015075
4.0,0.1685134881,0.002427968842,0.2187439868,0.006531367145,0.1385711943,0.002734812947,0.4138567739,0.01931209132,0.08177920618,0.000535873795,0.0987568131,0.004825887655,0.5122356674,0.05699294033,0.1871436903
5.0,0.2437469539,0.004128964714,0.1656578383,0.003080174841,0.1277526784,0.002894206866,0.2889606759,0.01032028019,0.08291167142,0.000540940928,0.08560876714,0.0003994715696,0.3030796309,-0.02561748774,0.1615262026
6.0,0.2329768103,0.00414129053,0.1278825321,0.003127787626,0.09300247628,0.002265513576,0.2911759881,0.006513783427,0.05863511767,0.0003927233366,0.07048797212,0.0003671752539,0.1956248866,-0.02436243237,0.1371637702
7.0,0.1578716409,0.002588173392,0.1376277975,0.003404291908,0.06619292776,0.00171058352,0.2552732727,0.006075463146,0.05283038013,0.0002446127265,0.0753135884,0.0003783581476,0.1713792608,-0.01529793221,0.121865838
8.0,0.07012553021,0.00299257692,0.1345231239,0.003008393234,0.04315014679,0.00120637422,0.2461592673,0.007327861194,0.03457717123,0.0001828917867,0.06709136003,0.0003455184781,0.2067418391,-0.02705744612,0.09480839191
9.0,0.07080421358,0.003085256157,0.1103986068,0.003377280908,0.03005609985,0.0009607330603,0.187679275,0.003743307365,0.05076825598,0.002267384809,0.07027298187,0.0003736823011,0.124483404,-0.0150456644,0.07976272751
10.0,0.09564195091,0.001411064453,0.09462576553,0.003169073194,0.02870489298,0.0009116174828,0.1608360046,0.005890952637,0.04205291631,0.0001404969436,0.07381306365,0.0003945106481,0.2332490885,-0.01780779341,0.0619549341
11.0,0.08560705808,0.001329448875,0.08168384653,0.002792718417,0.02699961945,0.0008767525986,0.1695200493,0.00562374044,0.05678779346,0.002636755149,0.07617392499,0.0003945242721,0.175092293,-0.02249332146,0.03946161264
12.0,0.06199694149,0.0009411602342,0.06136552833,0.002179856087,0.02388273891,0.0008078592365,0.1753069211,0.004410116657,0.06765136973,0.003084539341,0.07689394471,0.0003941546658,0.12654983,0.01114405512,0.05060566776
13.0,0.03735530245,0.0005204729344,0.05322124069,0.001882551295,0.02004298886,0.0007115482293,0.1712321192,0.004035798628,0.07267225942,0.003216332205,0.07488201909,0.0003879115545,0.1100323554,0.01029727029,0.06090293805
14.0,0.02151776924,0.0008898412489,0.05495294215,0.002237351765,0.0173743176,0.0006533634178,0.1628997747,0.006325374493,0.07279511641,0.003183902375,0.07140783465,0.0003713317925,0.1905911396,-0.003539596051,0.057363342
15.0,0.02777702405,0.0003617573103,0.05318347102,0.002309314468,0.01614809138,0.0006179103064,0.1597549234,0.003997818088,0.07072301941,0.003037439714,0.06714653622,0.0003485325229,0.1095704218,0.004982675012,0.06234601701
16.0,0.03136498113,0.0004435402804,0.0469591819,0.002011084248,0.01543882027,0.0005874217503,0.1490608289,0.004295768289,0.06717282462,0.00284992556,0.06249741858,0.0003231872626,0.1115455507,0.006170967441,0.06851698445
17.0,0.02878546612,0.0004119192031,0.0392401556,0.001593002178,0.014420804,0.0005575869561,0.1409460722,0.00613859517,0.0629407993,0.002643462216,0.05786530991,0.0002958964837,0.153979456,0.02012310609,0.08864009054
18.0,0.02494644103,0.0003478130344,0.03256014741,0.0012150985,0.01326225511,0.0005307663915,0.1260142116,0.002951399986,0.05806728213,0.002446513902,0.05342766645,0.0002709891151,0.08023559096,-0.007672844597,0.08096724595
19.0,0.02017353528,0.0009939591139,0.03317778662,0.001339485446,0.01253520505,0.0005305647985,0.1267609153,0.003312993013,0.05343209806,0.002223245982,0.04940892403,0.0002460465561,0.07803100437,-0.01291130554,0.06805594041
20.0,0.01727530426,0.0007852655794,0.03614135214,0.001617560069,0.01214223975,0.0005290787232,0.1119504428,0.002343442753,0.04885417532,0.002048049238,0.04569876931,0.0002235730632,0.05883899044,-0.009449404544,0.05860653586
21.0,0.01789933817,0.0002311747548,0.03640814875,0.001674603176,0.01196850875,0.0005356512961,0.1022910103,0.003662928506,0.04470101768,0.001884299961,0.0423494517,0.0002036967147,0.09731364312,-0.004524523724,0.05408201214
22.0,0.01764996574,0.0002397768446,0.03342003061,0.001539593916,0.0116507071,0.0005321647675,0.09051870418,0.002208223463,0.04089222685,0.001716547075,0.03945439276,0.0001870896898,0.06379771767,-0.01020976657,0.04387224557
23.0,0.01570048071,0.0002096043512,0.02986330483,0.001339715172,0.01124751646,0.0005229304967,0.1008663373,0.002778190331,0.03747677811,0.00157672399,0.03692135019,0.0001717068125,0.06553086721,-0.008848540453,0.03502370512
24.0,0.01329653878,0.0001643623921,0.02663402342,0.001160952781,0.01083300318,0.0005114176836,0.09976028274,0.002770525234,0.03445821634,0.001465505854,0.03468697721,0.0001584185683,0.06154803063,-0.005668110074,0.02935559504
25.0,0.01233471508,0.0006144187202,0.02483348343,0.001077068785,0.01049903284,0.000504339005,0.08838518946,0.002413259136,0.03196662019,0.001384308289,0.0327170888,0.0001474516171,0.05723971178,-0.003702727757,0.02565286729
26.0,0.01392573054,0.00018962157,0.02392519313,0.001061395876,0.01029387847,0.0005014485494,0.08988934007,0.002305251872,0.02989530101,0.001296127279,0.03096517559,0.0001380384313,0.04911672967,0.001808357465,0.02746122475
27.0,0.01514026478,0.0002181451092,0.02294879963,0.001032577159,0.01013270262,0.0004998355285,0.08302627655,0.002223296569,0.02814743464,0.001224756935,0.02938129693,0.0001294485636,0.048497711,0.004434448521,0.03189567327
28.0,0.01556614156,0.0002305119245,0.02165429937,0.0009724157956,0.009990615565,0.0004988286927,0.08433894463,0.00248023812,0.02668485973,0.001163407967,0.02783505109,0.000121432258,0.05027640292,0.003403996291,0.03529966956
29.0,0.01532160171,0.0002285261429,0.02101952761,0.0009573229769,0.00987665252,0.0001208484076,0.07823372528,0.002413479453,0.02529067353,0.001109045261,0.026400281,0.0001145110206,0.05050023564,0.004373706831,0.0396733764
30.0,0.01465074462,0.0002180021326,0.02108013291,0.000998948961,0.009783023298,0.0001227113061,0.07768152625,0.002437391306,0.02405397072,0.001056198307,0.02514482792,0.0001084932059,0.04871971386,0.003764215175,0.04343759157
31.0,0.01378250774,0.0002035253047,0.0211547792,0.001037033462,0.009754352527,0.0001256280631,0.07236223517,0.002203985484,0.02296144822,0.001014169853,0.02399421312,0.0001027692945,0.0448805856,0.003809058525,0.0472466501
32.0,0.01296779363,0.0001897485721,0.02092474766,0.00104585298,0.00977279583,0.0001288653733,0.06994102482,0.002058543972,0.02205227937,0.0009694789581,0.02292115571,9.819035467e-05,0.0410272791,0.002661152871,0.04990780297
33.0,0.01235080626,0.0001797115505,0.02031814493,0.0002515612376,0.009785303771,0.0001315299709,0.06723354949,0.001921074946,0.02118671329,0.0009342555471,0.02200259521,9.378757852e-05,0.03788738511,0.001696144135,0.0516039471
34.0,0.01197172371,0.000175106966,0.01945234752,0.0002406078416,0.009785096674,0.0001333955006,0.0612116133,0.001704059985,0.0203529399,0.000894811815,0.02112274316,8.981324238e-05,0.03540057518,0.001541796791,0.05314574389
35.0,0.01182286147,0.0001757405667,0.01861016313,0.000228605042,0.009766256993,0.0001345938743,0.06081004455,0.001681676135,0.01958524021,0.0008624574737,0.02033627988,8.633192862e-05,0.03360987067,0.0007080714057,0.0538538153
36.0,0.01185292937,0.0001799083856,0.01791571059,0.0008955649282,0.009746589954,0.0001354818882,0.05475877022,0.001546940627,0.01886922691,0.0008291266934,0.01960682963,8.300895548e-05,0.03125605181,0.0004090001735,0.05426281547
37.0,0.01193451222,0.0001847988331,0.01750568129,0.0002136559836,0.009720065505,0.0001360625315,0.03997604449,0.001278757589,0.01819431277,0.0007984513414,0.01893032653,8.008370437e-05,0.02534495652,0.000285737922,0.05454855339
38.0,0.01175366232,0.0001846701025,0.01724125175,0.0002113464417,0.009598163012,0.000134808804,0.05638539106,0.002805687358,0.01755782661,0.0007710695025,0.01828679261,7.704982681e-05,0.05669186339,-0.004557307602,0.04999124579
39.0,0.01089735756,0.0001709499412,0.01700619541,0.0002099395277,0.009390826161,0.0001317710653,0.06810896662,0.003256910028,0.0169837357,0.0007421416909,0.01769001122,7.401049363e-05,0.06931867984,-0.005060072303,0.04493117349
40.0,0.009945189277,0.0001544915838,0.01700806323,0.0002122738129,0.009043878642,0.0001257210895,0.07713622512,0.003849575332,0.01647865761,0.0007148127155,0.01714313502,7.131490471e-05,0.08475048475,-0.004062931351,0.04086824214
41.0,0.009093899975,0.0001383585443,0.01712159106,0.0002159066342,0.008626761096,0.0001181782969,0.08265738986,0.001667332889,0.01600329793,0.0006879663171,0.01664633196,6.858259288e-05,0.0377822206,0.004315958223,0.04518420036
42.0,0.008717469499,0.0001311346565,0.0171386776,0.0002160245886,0.008202644914,0.0001102294394,0.07973797963,0.003650507806,0.01550951287,0.0006628410421,0.01614770728,6.594943085e-05,0.09473029197,-0.004434503665,0.0407496967
43.0,0.008047905995,0.0001126766234,0.0172109185,0.0002174360688,0.007890134185,0.0001034784645,0.07902683048,0.00376718782,0.01506784061,0.0006368771279,0.01571055242,6.34797951e-05,0.09638531779,-0.001384529495,0.0393651672
44.0,0.00769941041,0.0001010110834,0.01719861607,0.0002166698645,0.007678322227,9.862733074e-05,0.07060421657,0.003516293052,0.01465786623,0.000617270938,0.01529288509,6.105500568e-05,0.09268461107,-0.0005592789571,0.03880588824
45.0,0.007625011373,9.638121792e-05,0.01709167674,0.0002137783074,0.007531172072,9.546985018e-05,0.05972268301,0.001068602707,0.01428549432,0.0005957732978,0.01491793626,5.89193373e-05,0.02948585721,0.003483782233,0.04228967048
46.0,0.00768219755,9.82113861e-05,0.01694392847,0.0002096745997,0.007496761729,9.510287169e-05,0.05309611808,0.002600216107,0.01387438318,0.000571863301,0.01451432665,5.674619815e-05,0.07430234609,-0.003829876094,0.03845979438
47.0,0.007860935985,0.0001005928804,0.01682461348,0.0002070695458,0.007444287089,9.514477572e-05,0.04377094439,0.001033767105,0.01345548113,0.0005485578655,0.01414696187,5.478482188e-05,0.02889084487,0.001802960588,0.04026275497
48.0,0.007870045965,0.0001017465212,0.01682549883,0.0002069690779,0.007348297731,9.503228552e-05,0.03165428488,0.0009071686484,0.01300158929,0.000526773202,0.01376469577,5.278716789e-05,0.02820329234,-0.001861041035,0.03840171394
49.0,0.007846935838,0.0001020276885,0.01677357879,0.0002068889761,0.007167231849,9.337267039e-05,0.02604042663,0.0008387505859,0.01254137214,0.0005029799375,0.0133959487,5.080325956e-05,0.02392933325,-0.003270438297,0.03513127564
50.0,0.007700889303,0.0001004981001,0.01667873927,0.0002065425925,0.006908498582,9.012902914e-05,0.02041559556,0.000590525248,0.01206691001,0.0004791308898,0.01302159774,4.893078534e-05,0.01596678836,-0.0009152964804,0.03421597916
51.0,0.007461222373,9.73515683e-05,0.01652159485,0.0002053629403,0.006581997929,8.555492113e-05,0.02601525307,0.0006287093843,0.01157653621,0.0004566602231,0.01264462122,4.713458541e-05,0.01651849792,-0.0007349682146,0.03348101094
52.0,0.007204637894,9.377343524e-05,0.01626203537,0.0002029260985,0.006203184635,7.980340335e-05,0.03099245256,0.0006721870987,0.01107278128,0.0004304877209,0.01226399634,4.526855077e-05,0.01741954398,0.001020961394,0.03450197234
53.0,0.006942168009,9.00153306e-05,0.01591865513,0.0001992846839,0.005812376587,7.354836023e-05,0.03449222271,0.0007723438594,0.01056368848,0.000407135727,0.011878308,4.357121194e-05,0.01958627771,0.002765695384,0.03726766772
54.0,0.006692646638,8.669728816e-05,0.01551380418,0.0001949243963,0.005463938088,6.7887676e-05,0.03583875133,0.0008101757716,0.01008155362,0.0003829546142,0.01150033078,4.187731946e-05,0.02020229165,0.00333628953,0.04060395725
55.0,0.006516564212,8.470786973e-05,0.01508558534,0.0001902417228,0.005197538021,6.384286335e-05,0.03496374611,0.0007840767326,0.009626894619,0.0003608308181,0.0111263175,4.028252472e-05,0.01924640287,0.003403809958,0.04400776721
56.0,0.006397275401,8.413005443e-05,0.01465523031,0.0001855397221,0.005022429149,6.192616835e-05,0.03236253641,0.0007202310551,0.009196537337,0.000341423985,0.01076504524,0.0005364143818,0.01749065211,0.003001882133,0.04700964934
57.0,0.006316709041,8.451036436e-05,0.01426248357,0.0001810652106,0.004907360463,6.144064853e-05,0.02811018569,0.0006454902474,0.008773378917,0.0003208526272,0.01042052932,0.0005174440389,0.01549557947,0.002109686062,0.04911933541
58.0,0.006246277053,8.478686304e-05,0.01392046054,0.0001771654341,0.004806505852,6.125031691e-05,0.02280376874,0.0005469673257,0.008384156921,0.0003042707054,0.01010250749,0.0004998428296,0.01307256251,0.0004082523766,0.04952758778
59.0,0.006149742388,8.429983759e-05,0.01363291068,0.0001739767345,0.004679685415,6.053671086e-05,0.01778658138,0.0004698489688,0.008015020035,0.0002880327736,0.009807272337,0.0004845197096,0.01125872772,0.0007231449846,0.05025073277
60.0,0.0060224136,8.337896736e-05,0.01336849309,0.0001713572001,0.004512215367,5.888029696e-05,0.02241251115,0.001059389509,0.007674028532,0.0002729034264,0.00952297692,0.0004701326478,0.02555284278,-0.001965641566,0.0482850912
61.0,0.005751046076,7.923287949e-05,0.01306671322,0.0001684523801,0.004329514345,5.692016196e-05,0.02641897985,0.0005941347466,0.007359333897,0.0002588315598,0.009264874859,0.0004570213027,0.01444565491,-0.001806825185,0.04647826602
62.0,0.005600181176,7.714221406e-05,0.01288970299,0.0001669711881,0.004100530623,5.357319166e-05,0.02935340607,0.000650096067,0.007068988645,0.0002465189384,0.009027311745,0.0004444536943,0.01602375531,-0.0024059969,0.04407226912
63.0,0.005450547308,7.44750035e-05,0.01270811019,0.0001654098326,0.003881819468,5.044290507e-05,0.03059519311,0.001516803665,0.006808527952,0.0002356369547,0.008805000791,0.0004344692691,0.03787604548,0.001515454606,0.04558772372
64.0,0.005288146408,7.073013923e-05,0.01249921557,0.0001631651343,0.003699825749,4.806586187e-05,0.02898630131,0.0006327277849,0.006589799243,0.0002278534109,0.008614158053,0.000426259028,0.01602948919,-0.002558133864,0.04302958986
65.0,0.005236594464,6.993680593e-05,0.01234279256,0.0001615399725,0.003515943622,4.556649244e-05,0.02844071942,0.0005990872067,0.006406222655,0.000221175073,0.008447623231,0.0004188446913,0.01534984594,-0.002285105453,0.0407444844
66.0,0.005213475472,6.998632819e-05,0.01218485181,0.0001596908833,0.003386321132,4.398028718e-05,0.0264676513,0.0005435014045,0.006251596512,0.000216313592,0.008281828493,0.0004124585632,0.01404577512,-0.001684066303,0.0390604181
67.0,0.005204953004,7.056818149e-05,0.01202716,0.0001575615133,0.003295451089,4.310209028e-05,0.02367958154,0.0004844926394,0.006102635377,0.0002121528446,0.008135904574,0.0004056927581,0.01263252131,-0.0007562793592,0.03830413874
68.0,0.005197868696,7.115457439e-05,0.01185494601,0.0001551428993,0.003231183067,4.289508185e-05,0.02034830406,0.0004337915599,0.005974708937,0.0002076993935,0.007976080464,2.851759597e-05,0.01140725371,-0.0001420935629,0.03816204518
69.0,0.005167095785,7.132564383e-05,0.01167730313,0.0001525260012,0.003182700568,4.287906857e-05,0.01688746581,0.0004008055769,0.005873096287,0.000204519966,0.00783083118,2.804018315e-05,0.01053269083,0.0001730952944,0.03833514047
70.0,0.005093564719,7.085702929e-05,0.01149401947,0.0001497845522,0.003122191566,4.253655373e-05,0.01369614271,0.0003426507005,0.005766113409,0.0002009721869,0.007685764795,2.768523019e-05,0.009014137785,3.90689802e-05,0.03837420945
71.0,0.004981068802,6.971838283e-05,0.01129950367,0.0001469306011,0.003053292076,4.183762811e-05,0.01250691569,0.0002999659429,0.005661004005,0.0001973752249,0.007537334547,2.71751544e-05,0.007898919737,0.000295710675,0.03866992013
72.0,0.004840866277,6.809864286e-05,0.01109526095,0.0001439728184,0.002975419541,4.082085679e-05,0.01465876159,0.0003682974642,0.005556517383,0.0001936370592,0.0073787989,2.673198185e-05,0.009647444921,0.0009882418239,0.03965816195
73.0,0.004675104864,6.604352916e-05,0.01086962046,0.0001408495783,0.002891843405,3.957804236e-05,0.01622350463,0.0004168971628,0.005453189069,0.0001895748373,0.007213350997,2.620332896e-05,0.01087556063,0.001819991567,0.04147815352
74.0,0.004501813756,6.37815506e-05,0.01062736861,0.0001375281214,0.002809933009,3.821714399e-05,0.01715508443,0.0004433749884,0.005353429802,0.0001870390345,0.007047521444,2.576381064e-05,0.01150945463,0.002148616979,0.0436267705
75.0,0.004335190599,6.154533751e-05,0.0103704594,0.0001340752256,0.00273796392,3.68605405e-05,0.01741965684,0.0004472044007,0.00525516039,0.0001841476445,0.006874631272,2.544735149e-05,0.0115449714,0.002144122528,0.04577089303
76.0,0.004180991202,5.957638049e-05,0.01011139156,0.000130518889,0.002673559632,3.560969706e-05,0.01707482883,0.0004330412709,0.005159005678,0.0001819345454,0.006707315617,2.476995473e-05,0.01111793079,0.00189816128,0.04766905431
77.0,0.00406617499,5.809300832e-05,0.00984952279,0.000126913967,0.002617991378,3.455084018e-05,0.01621987041,0.0004047957498,0.005057461699,0.0001796049192,0.00653544897,2.444880424e-05,0.01034193773,0.001455212162,0.04912426647
78.0,0.003972405349,5.718944836e-05,0.00958806386,0.0001234014514,0.002571884894,3.370719256e-05,0.01494726549,0.0003677383382,0.004958625125,0.0001767159009,0.006368396872,2.379612418e-05,0.009357158456,0.0008150299858,0.04993929646
79.0,0.003894733828,5.658749081e-05,0.009329956866,0.000120007195,0.00253286846,3.305953845e-05,0.01338886287,0.0003271232669,0.004847121841,0.0001735441625,0.006195569964,2.345336208e-05,0.008299534616,0.0004409339026,0.05038023036
80.0,0.00382135202,5.608442883e-05,0.009076803146,0.0001168770676,0.002497388204,3.256507684e-05,0.0117429628,0.0002970172854,0.00473319042,0.0001708581763,0.006022823805,2.300693915e-05,0.007523340584,0.0003288325104,0.05070906287
81.0,0.003748044501,5.550711471e-05,0.008838020247,0.0001139662742,0.002462151389,3.215414036e-05,0.0102058205,0.0002659741663,0.004615374227,0.0001677353663,0.005846158338,2.252623776e-05,0.006733212609,0.0005478582046,0.05125692107
82.0,0.003671013991,5.477761695e-05,0.008611094855,0.0001113615078,0.002426762733,3.176715166e-05,0.008967991925,0.0002228928537,0.004490746612,0.0001643867263,0.005677961655,2.211571359e-05,0.005643451583,0.0005676067532,0.05182452783
83.0,0.003588289712,5.384918834e-05,0.008402918145,0.0001090249152,0.00239178489,3.140275347e-05,0.008242314301,0.0001893853707,0.004357250798,0.0001609322584,0.005508517065,2.165158296e-05,0.004797443324,0.0003897446008,0.05221427243
84.0,0.003502086658,5.277962848e-05,0.008208863746,0.0001069467451,0.002357461879,3.108330866e-05,0.008460006117,0.0001902729535,0.004222462112,0.0001564335378,0.005343139896,2.124129984e-05,0.004824057094,0.0001107422675,0.05232501469
85.0,0.003413166711,5.16528069e-05,0.008029384595,0.0001050473565,0.002326902679,3.085617079e-05,0.008660104579,0.0002008391522,0.004082469689,0.0001530820472,0.005181891563,2.085574513e-05,0.005097586907,-0.0002076139753,0.05211740072
86.0,0.003326255205,5.051908023e-05,0.007869075595,0.0001033342528,0.002302013579,3.073013732e-05,0.008674945753,0.0002086607086,0.00394871082,0.000148846414,0.005022998352,2.060704786e-05,0.005301909629,-0.0004749485407,0.05164245218
87.0,0.003244320484,4.941483982e-05,0.007725173292,0.0001017515999,0.002283513734,3.068786641e-05,0.008454304285,0.0002054957674,0.003816955083,0.0001450403633,0.004875720761,2.022185933e-05,0.005226063122,-0.0005451099244,0.05109734225
88.0,0.00317047498,4.838744414e-05,0.007599155791,0.0001003718955,0.002266463907,3.068747465e-05,0.008013890986,0.0001898054432,0.003689777804,0.0001414361736,0.004733527922,1.993953252e-05,0.004829441279,-0.0004203330587,0.0506770092
89.0,0.003100924886,4.743393398e-05,0.00749378823,9.918026411e-05,0.002248260428,3.068099419e-05,0.007439125911,0.0001680899624,0.003569316668,0.0001377092491,0.004597465301,1.970805475e-05,0.004276652674,-0.000162036856,0.05051497234
90.0,0.003035957038,4.653138115e-05,0.007407205707,9.823501993e-05,0.002226521504,3.061421445e-05,0.007654454155,0.0001640149597,0.003453350385,0.0001350533403,0.004469244722,1.944479899e-05,0.004169738375,0.0003068695362,0.05082184188
91.0,0.002973696606,4.567036572e-05,0.007334815445,9.747684564e-05,0.00219958935,3.043725832e-05,0.008302641483,0.0001814571994,0.003342321859,0.0001313908413,0.004346698508,1.930231049e-05,0.004606103836,0.000395978758,0.05121782063
92.0,0.002912731475,4.48213248e-05,0.007275498404,9.694231774e-05,0.002167650325,3.012258056e-05,0.008914953617,0.0001973984422,0.003239697172,0.000128907549,0.004233472318,1.910028465e-05,0.00499854656,0.0005366860818,0.05175450672
93.0,0.002854368324,4.39964207e-05,0.007227564113,9.660496118e-05,0.002130102919,2.967438929e-05,0.009400695473,0.0002133933392,0.003150214296,0.0001254696746,0.0041285358,1.893565171e-05,0.005387702495,0.0007702783003,0.05252478502
94.0,0.002800707099,4.322395412e-05,0.007188091424,9.642599066e-05,0.002088246696,2.912033311e-05,0.009733850555,0.0002272700781,0.0030625934,0.0001227018023,0.004030719098,1.868861815e-05,0.005719299825,0.0009706731057,0.05349545812
95.0,0.002752375636,4.252349833e-05,0.00715160729,9.637836804e-05,0.002044356594,2.848584576e-05,0.009908982238,0.0002363715112,0.002979228857,0.0001197189095,0.00393573131,1.848914504e-05,0.005927453578,0.001119732827,0.05461519095
96.0,0.002709982532,4.191333979e-05,0.007121219469,9.642319645e-05,0.00200082976,2.782257327e-05,0.009921851752,0.0002396176099,0.002899543837,0.0001170610914,0.003845539394,1.828940028e-05,0.00598729454,0.00111287072,0.05572806167
97.0,0.00267286739,4.136354477e-05,0.007095001585,9.645837027e-05,0.001958864967,2.714693663e-05,0.009762655038,0.0002361936482,0.002827169145,0.0001141646851,0.003759368293,1.813325025e-05,0.005880563723,0.00104423438,0.05677229605
98.0,0.002638179457,4.084847713e-05,0.007067786138,9.645737481e-05,0.001918560126,2.649582631e-05,0.009455059997,0.0002275990048,0.002760061652,0.0001115549069,0.00367498125,1.796234099e-05,0.005647200036,0.0009308196838,0.05770311573
99.0,0.002606053168,4.033318156e-05,0.007032492251,9.638421663e-05,0.001880028894,2.587623604e-05,0.009042443477,0.0002153843905,0.002697484063,0.0001092724005,0.00359278188,1.77709468e-05,0.005338341095,0.0007958266594,0.05849894239
100.0,0.00257369644,3.979438365e-05,0.006994914443,9.614544921e-05,0.001843198208,2.529884346e-05,0.008554790109,0.0002007745923,0.002636427481,0.0001065079826,0.003514203073,1.75868623e-05,0.00496130647,0.0006393978672,0.05913834026
101.0,0.002538463657,3.921145954e-05,0.006944669875,9.573271559e-05,0.001804455454,2.475466258e-05,0.008026721388,0.0001849525328,0.002577162441,0.0001042233483,0.00343696793,1.738697021e-05,0.004549057583,0.0004795938574,0.05961793412
102.0,0.002501532429,3.858426169e-05,0.006888255509,9.513501022e-05,0.001765662773,2.424084506e-05,0.007529552651,0.0001692210829,0.002519231706,0.000101638955,0.003362434899,1.71680776e-05,0.004162714625,0.0003324769182,0.05995041103
103.0,0.002461690837,3.788122103e-05,0.006824839228,9.435572733e-05,0.001728620479,2.374831418e-05,0.007102035248,0.0001540620644,0.002464408562,9.979389534e-05,0.003289128288,1.695252184e-05,0.003782797957,0.0002432561235,0.06019366716
104.0,0.002417449546,3.712548933e-05,0.006752270611,9.341668133e-05,0.001690844599,2.327901257e-05,0.006736443616,0.0003341168111,0.002410122759,9.761831598e-05,0.003215439895,1.670711448e-05,0.008173697729,0.0002163156417,0.0604099828
105.0,0.002367547481,3.629522462e-05,0.00665172939,9.179526956e-05,0.001654341387,2.287099479e-05,0.006484819991,0.0001396328546,0.002360172754,9.584746825e-05,0.003146054092,1.65033936e-05,0.003419481108,0.0001443016659,0.06055428447
106.0,0.002322198398,3.553471129e-05,0.006586665894,9.083877288e-05,0.001618110299,2.237021771e-05,0.006258753785,0.0001321219877,0.002313264501,9.422651598e-05,0.003077790332,1.627585408e-05,0.003231270947,7.228156662e-05,0.06062656603
107.0,0.002275021835,3.473576085e-05,0.00650899866,8.95996439e-05,0.001580898666,2.190179588e-05,0.006172115794,0.0001260698401,0.002268730648,9.240987878e-05,0.003011193208,1.603711974e-05,0.003073851754,5.644280597e-05,0.06068300884
108.0,0.002227604636,3.393128005e-05,0.006424175711,8.818445081e-05,0.001544430269,2.143403196e-05,0.006129093479,0.0001214656285,0.002225279601,9.079591885e-05,0.002946419585,1.579196411e-05,0.002965804953,6.046035167e-05,0.06074346919
109.0,0.00217947512,3.31109137e-05,0.006332828131,8.660257728e-05,0.001509736936,2.097158585e-05,0.006064715149,0.0002998582929,0.002181149984,8.892356783e-05,0.002883182058,1.552807453e-05,0.007315412388,-1.175923829e-05,0.06073170995
110.0,0.002124767085,3.222197166e-05,0.006213233215,8.454323679e-05,0.001475254953,2.056039195e-05,0.006073516709,0.0001241263544,0.002139975773,8.715366327e-05,0.002822797546,1.526582933e-05,0.003019887113,1.414829704e-06,0.06073312478
111.0,0.002076947657,3.145694984e-05,0.006117775183,8.298060199e-05,0.001437614637,2.005625713e-05,0.005915972736,0.0001175792292,0.00209723168,8.536982721e-05,0.002764580891,1.501388268e-05,0.002863908341,-3.845865696e-06,0.06072927892
112.0,0.002029603506,3.069910756e-05,0.006014913739,8.128738852e-05,0.001402010668,1.95637816e-05,0.00576826002,0.0002852301617,0.002056489639,8.34046141e-05,0.002707037677,1.475024182e-05,0.00694062965,-0.0001261247084,0.06060315421
113.0,0.001980282132,2.993163127e-05,0.005887380794,7.922323066e-05,0.001366509576,1.911913292e-05,0.005725206997,0.0001135913494,0.002015910811,8.180549393e-05,0.002653143873,1.44938278e-05,0.002756265992,-6.52622031e-05,0.060537892
114.0,0.001935216668,2.92233336e-05,0.005783008332,7.761473474e-05,0.00132952796,1.859313654e-05,0.005566947724,0.0002733156118,0.00197499339,8.013412948e-05,0.002599891272,1.42405582e-05,0.006638449176,-0.0001787327922,0.06035915921
115.0,0.001890217103,2.853333669e-05,0.005656293242,7.567434003e-05,0.001295240356,1.813188885e-05,0.005495002444,0.0002745957591,0.001935707921,7.85607021e-05,0.002548836054,1.397738583e-05,0.006663995934,-0.0001932981107,0.0601658611
116.0,0.001845786342,2.786945907e-05,0.005533106035,7.390120079e-05,0.001259336461,1.764775628e-05,0.005409391871,0.0001092611102,0.001898482498,7.711972704e-05,0.002500622356,1.37232426e-05,0.002648754695,-0.0001907470986,0.059975114
117.0,0.001803366122,2.719726548e-05,0.005430928785,7.252007481e-05,0.001225803757,1.712249291e-05,0.005388219479,0.0002562296641,0.001861774654,7.549356875e-05,0.002453049705,1.347042016e-05,0.006203200274,-0.0002893542709,0.05968575973
118.0,0.001762213166,2.660719151e-05,0.005309399931,7.087488374e-05,0.00119144996,1.666219533e-05,0.005213586082,0.0002499209663,0.001828284162,7.40241183e-05,0.002405749621,1.321020938e-05,0.006033585113,-0.0002587090047,0.05942705073
119.0,0.001724437339,2.603268799e-05,0.005191271725,6.93921693e-05,0.001157909053,1.619722626e-05,0.005098850004,0.0002479808027,0.001793877828,7.25386496e-05,0.00236022122,1.295929512e-05,0.005994552014,-0.000256136891,0.05917091384
120.0,0.001685796823,2.544690391e-05,0.005079186616,6.804849082e-05,0.001125646368,1.57476006e-05,0.005002504174,0.0002443941536,0.001761241232,7.104872223e-05,0.002314745065,1.270730777e-05,0.005913990535,-0.0002755744086,0.05889533943
121.0,0.001648785943,2.487409068e-05,0.004971529686,6.682635257e-05,0.001095365646,1.53111748e-05,0.004917771072,0.0002394296474,0.00172985956,6.950613583e-05,0.002271064097,1.246135351e-05,0.00576444363,-0.0002768550553,0.05861848437
122.0,0.001611440527,2.432478388e-05,0.004861859607,6.567354679e-05,0.001063417949,1.488525824e-05,0.004813089546,0.0002347736734,0.001700178948,6.812225724e-05,0.002228819793,1.221408993e-05,0.005649115438,-0.0002946765668,0.0583238078
123.0,0.001577483289,2.379252193e-05,0.00475653248,6.459207002e-05,0.001034524402,1.44721033e-05,0.004697488232,0.0002288229435,0.001671583538,6.675538298e-05,0.002187469757,1.195794676e-05,0.005525122887,-0.0003403782428,0.05798342956
124.0,0.001543171969,2.328625667e-05,0.004655514248,6.358497046e-05,0.001005124004,1.406960854e-05,0.004574049549,0.0002202986689,0.001643523375,6.548233651e-05,0.002147079448,1.172108866e-05,0.005302483133,-0.0003495861308,0.05763384343
125.0,0.001511365897,2.281547558e-05,0.004556430604,6.26129846e-05,0.0009769225406,1.367605289e-05,0.004462344495,0.0002126914229,0.001615130168,6.415253941e-05,0.002107594362,1.147952592e-05,0.005116017732,-0.000364133642,0.05726970979
126.0,0.001479707368,2.237636424e-05,0.004458361882,6.165112291e-05,0.0009489578361,1.329730497e-05,0.004347209764,0.0002042593989,0.00158752317,6.286456704e-05,0.002069507274,1.125016773e-05,0.004899761806,-0.0003602943527,0.05690941544
127.0,0.001450549029,2.196585965e-05,0.004362342113,6.068103054e-05,0.0009223793545,1.293115406e-05,0.004221231181,0.0001955955586,0.001559429315,6.160860643e-05,0.002031860605,1.10438782e-05,0.004708747822,-0.0003882317434,0.05652118369
128.0,0.001421211782,2.157270914e-05,0.00426953445,5.972308151e-05,0.0008962305593,1.257512869e-05,0.004097925878,0.0001851309277,0.001531581513,6.034526714e-05,0.001994706357,1.083334383e-05,0.004443032908,-0.000361069324,0.05616011437
129.0,0.00139464371,2.122188218e-05,0.004178451887,5.872898347e-05,0.0008719219625,1.223013173e-05,0.003989865984,0.000176129104,0.001503482082,5.918110738e-05,0.001958953786,1.063089163e-05,0.00422443429,-0.0003426744026,0.05581743997
130.0,0.001368683479,2.089435155e-05,0.00408745346,5.769274498e-05,0.0008471406753,1.189620326e-05,0.003880023781,0.0001669746961,0.00147524814,5.804919608e-05,0.001923127908,1.044271835e-05,0.003993968099,-0.0003084092376,0.05550903073
131.0,0.001345021478,2.05830704e-05,0.00399818259,5.661087496e-05,0.0008241735951,1.157409314e-05,0.003772609462,0.0001590629727,0.00144704534,5.69748027e-05,0.001887297602,1.025813153e-05,0.003818374665,-0.0003330190864,0.05517601164
132.0,0.001321514247,2.02879627e-05,0.003910431734,5.549198394e-05,0.0008013768851,1.126044297e-05,0.003677863402,0.0001510251581,0.001418719156,5.58171675e-05,0.001852515041,1.008224689e-05,0.003614206629,-0.0003201916932,0.05485581995
133.0,0.001300035796,2.000405661e-05,0.003823233708,5.433031919e-05,0.0007798946529,1.09550806e-05,0.003596965024,0.0001456066568,0.001389300917,5.476964045e-05,0.001818156149,9.912374654e-06,0.003475168121,-0.0003070667646,0.05454875318
134.0,0.001279313654,1.972695509e-05,0.003738841475,5.314769589e-05,0.0007586044805,1.066055616e-05,0.003514262013,0.0001424710605,0.001359541095,5.366734287e-05,0.001784052613,9.745167023e-06,0.003405758992,-0.0003334206466,0.05421533254
135.0,0.001259783047,1.945053789e-05,0.003656355606,5.192561428e-05,0.000738736637,1.038060318e-05,0.003446612174,0.0001396180575,0.001329481842,5.258937024e-05,0.001750217052,9.583029225e-06,0.00333509066,-0.0003408577736,0.05387447476
136.0,0.001237872086,1.917375223e-05,0.003574317204,5.069526111e-05,0.0007173744648,1.011194804e-05,0.003369822597,0.0001359353465,0.001298854387,5.154626433e-05,0.001716695651,9.426762975e-06,0.00324457835,-0.0003394015188,0.05353507325
137.0,0.001218388955,1.889316112e-05,0.00349702028,4.947161681e-05,0.0006996867185,9.863476143e-06,0.0033104674,0.0001325068281,0.001267865859,5.048450896e-05,0.001683617359,9.268346619e-06,0.003160972663,-0.0003300950976,0.05320497815
138.0,0.00119736407,1.860965108e-05,0.003418817641,4.824559213e-05,0.0006805277345,9.634480772e-06,0.003229809583,0.0001269259367,0.001236625962,4.94442905e-05,0.001650833707,9.112916343e-06,0.003019862838,-0.0003058856254,0.05289909252
139.0,0.001176471908,1.832040549e-05,0.00334378433,4.704311282e-05,0.0006623944711,9.419040233e-06,0.003157104526,0.0001253262536,0.001205594946,4.846892937e-05,0.001618114143,8.956426151e-06,0.002986868776,-0.0003197140685,0.05257937845
140.0,0.001156699269,1.802297273e-05,0.003268103064,4.583706116e-05,0.0006462067292,9.217090547e-06,0.003104792274,0.0001223519188,0.001174447797,4.748704273e-05,0.001586095053,8.80908365e-06,0.002914306649,-0.0003361031216,0.05224327533
141.0,0.001135143314,1.772323585e-05,0.003192137384,4.463625276e-05,0.00062980814,9.030429581e-06,0.003039762575,0.0001177570503,0.00114353314,4.656966083e-05,0.001554373614,8.668158507e-06,0.002797351252,-0.0003441710043,0.05189910433
142.0,0.00111426168,1.742008256e-05,0.003120028698,4.347349411e-05,0.0006150243305,8.855621509e-06,0.002977605716,0.0001185108026,0.001113683186,4.567276628e-05,0.001522702428,8.54417455e-06,0.00282014841,-0.0003583225502,0.05154078178
143.0,0.001094335547,1.710744851e-05,0.003046071028,4.230073878e-05,0.0006022519192,8.696990461e-06,0.002937169104,0.0001167698083,0.001085629194,4.485769054e-05,0.0014913843,8.424597391e-06,0.002777274609,-0.0003597391621,0.05118104262
144.0,0.001072900262,1.679389101e-05,0.002972460559,4.115202206e-05,0.0005892224691,8.555444068e-06,0.002881247945,0.0001150285732,0.0010591079,4.400780064e-05,0.001460726255,8.31255619e-06,0.002728660912,-0.0003959125909,0.05078513002
145.0,0.001052270171,1.647868298e-05,0.002900814681,4.002355231e-05,0.0005779245749,8.425546584e-06,0.002833903815,0.0001165119192,0.001033290203,4.322733122e-05,0.001430622846,8.195262817e-06,0.002768763471,-0.0003724632609,0.05041266676
146.0,0.001032251469,1.616070206e-05,0.002827158042,3.889371953e-05,0.0005690633972,8.306209892e-06,0.002802830987,0.0001171804203,0.00100815851,4.245253703e-05,0.001401141848,8.086716944e-06,0.002783297039,-0.0003880827767,0.05002458399
147.0,0.001011350667,1.584403696e-05,0.002753084831,3.7771611e-05,0.0005599400263,8.197221393e-06,0.002752058844,0.0001177811861,0.0009838715834,4.173528527e-05,0.001372064521,7.975589346e-06,0.002790189371,-0.0004457338099,0.04957885018
148.0,0.0009914022713,1.553463734e-05,0.002681644974,3.669408489e-05,0.000551849417,8.093875475e-06,0.002706548715,0.0001183222926,0.0009606480435,4.106534603e-05,0.001343469553,7.866525905e-06,0.002808079567,-0.0004022492711,0.04917660091
149.0,0.0009728838055,1.52295707e-05,0.002609341256,3.560187967e-05,0.0005456462408,8.002477821e-06,0.002680441783,0.0001203045995,0.0009384640458,4.0383429e-05,0.001314992541,7.750821158e-06,0.002853769352,-0.000425010611,0.0487515903
150.0,0.0009533801674,1.49242983e-05,0.002536102779,3.4530115e-05,0.0005387457856,7.920909046e-06,0.002630899891,0.0001223511829,0.0009175586171,3.975023907e-05,0.001287396893,7.638592016e-06,0.002894601923,-0.0004902170377,0.04826137326
151.0,0.0009346863389,1.462786198e-05,0.002465753158,3.349138839e-05,0.000532613715,7.846706457e-06,0.002589849822,0.0001227611285,0.0008980910623,3.913822095e-05,0.001260340054,7.524221456e-06,0.002909587882,-0.0004465911967,0.04781478206
152.0,0.0009174157396,1.433256468e-05,0.00239529463,3.246578373e-05,0.0005284650348,7.782898008e-06,0.002567155272,0.0001248734391,0.0008798274552,3.856679062e-05,0.001233925477,7.408056647e-06,0.002958176755,-0.0004673161192,0.04734746594
153.0,0.0008988036133,1.403847948e-05,0.002325322136,3.147132036e-05,0.0005235568447,7.728259422e-06,0.002522784982,6.787035972e-05,0.0008618305963,3.795855701e-05,0.001207381792,7.29161153e-06,0.001603472731,0.0004503014786,0.04779776742
154.0,0.0008861191371,1.383788175e-05,0.002266623562,3.061091707e-05,0.0005185635104,7.655400073e-06,0.002587012009,6.499308721e-05,0.000845324165,3.744385507e-05,0.001182360886,7.175378955e-06,0.001538677061,0.0003823747173,0.04818014214
155.0,0.000875660607,1.365034354e-05,0.002204913829,2.97396254e-05,0.0005152202995,7.60146028e-06,0.00262572214,5.697493695e-05,0.0008293881539,3.6915318e-05,0.001157853046,7.056937349e-06,0.001347709362,3.541907219e-05,0.04821556121
156.0,0.0008596578518,1.34390445e-05,0.00214345722,2.887222291e-05,0.0005114698769,7.564155296e-06,0.002604562077,5.081982521e-05,0.0008147217807,3.642054779e-05,0.001133947323,6.940375715e-06,0.001198331753,-0.0002115514863,0.04800400972
157.0,0.0008448622499,1.318997822e-05,0.002084067416,2.802322456e-05,0.0005088217836,7.545037395e-06,0.002565112461,0.0001237096169,0.0008012062109,3.597155275e-05,0.001111109388,6.830074598e-06,0.002921539522,3.730521161e-05,0.04804131494
158.0,0.0008248908879,1.28191511e-05,0.002016318111,2.705559778e-05,0.0005085369323,7.559850792e-06,0.002465526346,4.931592287e-05,0.0007876264052,3.549196023e-05,0.001088316438,6.718758055e-06,0.001161631335,-7.592816626e-06,0.04803372212
159.0,0.0008082987189,1.256380565e-05,0.00196865543,2.63669884e-05,0.0005065097067,7.554282836e-06,0.002446130612,4.725334471e-05,0.0007753643676,3.507612977e-05,0.001066521212,6.611135294e-06,0.001114847234,-2.82408997e-05,0.04800548122
160.0,0.0007947137899,1.229735709e-05,0.001921148261,2.568740165e-05,0.0005065012241,7.556675685e-06,0.002390558439,4.567190735e-05,0.0007638403442,3.466760798e-05,0.001045214223,6.504724714e-06,0.001076854379,8.535611779e-06,0.04801401683
161.0,0.000779342649,1.203132524e-05,0.001877098285,2.506450626e-05,0.000505135803,7.566432143e-06,0.002313401197,4.497601461e-05,0.0007529501534,3.426064862e-05,0.001024340063,6.398340542e-06,0.001057546605,7.28072315e-05,0.04808682406
162.0,0.0007639770555,1.177485722e-05,0.001836297245,2.447646231e-05,0.0005032446144,7.580408072e-06,0.002250599288,4.356941709e-05,0.000742497864,3.388721821e-05,0.001004173112,6.297512214e-06,0.001024203746,4.052276738e-05,0.04812734683
163.0,0.0007515190326,1.152341374e-05,0.001799898795,2.390580988e-05,0.0005047214184,7.598286334e-06,0.002224796822,4.186636349e-05,0.0007325996996,3.351185942e-05,0.0009847408811,6.197716229e-06,0.000988052937,-6.000029722e-05,0.04806734653
164.0,0.0007392516765,1.126867638e-05,0.001762763824,2.336190333e-05,0.0005060257534,7.621753625e-06,0.00215918487,4.284826366e-05,0.0007229402789,3.316681329e-05,0.0009653133813,6.098528036e-06,0.001006065477,5.065948785e-05,0.04811800602
165.0,0.0007250024471,1.103480677e-05,0.00172983499,2.286006019e-05,0.0005043000454,7.646191411e-06,0.002117126134,4.221869965e-05,0.0007137313698,3.282710941e-05,0.0009467229675,6.005598626e-06,0.0009911011663,2.242482515e-05,0.04814043085
166.0,0.000713473548,1.080964693e-05,0.001699867662,2.2390634e-05,0.0005049486332,7.670850163e-06,0.002105975287,4.104461644e-05,0.0007048308327,3.249685283e-05,0.0009290932683,5.916285072e-06,0.0009654300522,-4.855890099e-05,0.04809187194
167.0,0.0007031241516,1.058430361e-05,0.001673678266,2.197636125e-05,0.000507306748,7.69737217e-06,0.002099648271,4.099821537e-05,0.0006961050525,3.214978677e-05,0.0009120292905,5.827919877e-06,0.000963769141,-2.814589224e-05,0.04806372605
168.0,0.0006921520315,1.037067332e-05,0.001648671838,2.159278253e-05,0.0005079881478,7.725747677e-06,0.002086295918,4.128785114e-05,0.0006876710791,3.180561346e-05,0.0008954554532,5.745386024e-06,0.0009680197629,1.41555893e-05,0.04807788164
169.0,0.0006816520933,1.01696068e-05,0.001626924829,2.123663725e-05,0.0005086659861,7.753875915e-06,0.002101980221,4.046698493e-05,0.0006795802149,3.145544638e-05,0.0008796042659,5.666776738e-06,0.0009506279504,-5.582112552e-05,0.04802206052
170.0,0.0006723811321,9.974772355e-06,0.001606638732,2.093088891e-05,0.000509797509,7.782663454e-06,0.002107231288,4.110785827e-05,0.0006717061298,3.112208154e-05,0.0008643088189,5.593885177e-06,0.0009630877089,1.611319726e-06,0.04802367184
171.0,0.0006630076876,9.795150037e-06,0.001588144301,2.063714861e-05,0.000511128964,7.811833356e-06,0.002137711619,4.103261994e-05,0.0006641630867,3.077959859e-05,0.0008498536413,5.521913492e-06,0.0009630711399,-6.287673695e-05,0.0479607951
172.0,0.0006559039122,9.625775906e-06,0.001570283343,2.037073949e-05,0.0005136136354,7.841406605e-06,0.002162086686,4.14684991e-05,0.0006569400298,3.046335928e-05,0.0008360518663,5.452560677e-06,0.0009727377659,-3.997215705e-05,0.04792082294
173.0,0.0006478684617,9.472134413e-06,0.001552428235,2.013812096e-05,0.0005143473088,7.870281323e-06,0.002173360441,4.27944217e-05,0.0006499552228,3.012081524e-05,0.0008228133794,5.386724132e-06,0.001001097127,1.807797976e-05,0.04793890092
174.0,0.0006397639058,9.33493153e-06,0.001533947025,1.990669011e-05,0.00051420261,7.897180234e-06,0.002193389447,4.324539972e-05,0.0006431827108,2.981443588e-05,0.0008104909846,5.32462535e-06,0.001011340038,-9.101433373e-06,0.04792979949
175.0,0.0006344594999,9.208121323e-06,0.001518561509,1.969345734e-05,0.0005169698731,7.924150664e-06,0.002240613157,4.342841892e-05,0.0006366521118,2.948383254e-05,0.0007988092123,5.267775723e-06,0.001019565965,-8.369059434e-05,0.04784610889
176.0,0.0006299056702,9.087897931e-06,0.00150119061,1.951590796e-05,0.0005193536988,7.953481164e-06,0.002236173779,4.469941131e-05,0.0006303047057,2.918332514e-05,0.0007872920847,5.213028754e-06,0.001043918922,1.512029144e-05,0.04786122918
177.0,0.0006231858002,8.984889292e-06,0.001484045836,1.933376603e-05,0.000518500379,7.977646336e-06,0.002244911378,4.465107936e-05,0.0006242566844,2.887192412e-05,0.0007764800895,5.161528882e-06,0.001042441914,-1.501292135e-05,0.04784621626
178.0,0.0006200381481,8.892481605e-06,0.00146952175,1.91660005e-05,0.0005206766475,8.000139409e-06,0.002280091038,4.411659336e-05,0.0006183597533,2.858486706e-05,0.0007662339892,5.113432458e-06,0.001034073713,-9.866444939e-05,0.04774755181
179.0,0.0006171815078,8.802919476e-06,0.00145324465,1.901971488e-05,0.0005227320471,8.024832179e-06,0.002263515012,4.443737328e-05,0.0006127299291,2.828565646e-05,0.0007561908166,5.068241731e-06,0.001036135904,-1.399356068e-05,0.04773355825
180.0,0.000612691951,8.730969679e-06,0.001438684363,1.887261772e-05,0.0005218756819,8.043977929e-06,0.002264763519,4.380502863e-05,0.0006074273697,2.800822106e-05,0.000746831987,5.026639911e-06,0.001021050954,-7.764383062e-05,0.04765591442
181.0,0.0006113974955,8.666682028e-06,0.001425745855,1.87277561e-05,0.0005240027143,8.062217052e-06,0.002288570258,4.3324264e-05,0.0006023014064,2.774200036e-05,0.0007384583236,4.988002247e-06,0.001013863929,-0.0001336506334,0.04752226379
182.0,0.0006098820154,8.601901344e-06,0.001410198945,1.85874622e-05,0.0005259939311,8.084411856e-06,0.002266547578,4.277983018e-05,0.0005973347512,2.74848819e-05,0.0007303757625,4.952329119e-06,0.0009959241767,-3.745250728e-05,0.04748481128
183.0,0.0006069036315,8.559421521e-06,0.001397450817,1.844831485e-05,0.0005250112443,8.10061138e-06,0.002264848375,4.237427981e-05,0.0005927787144,2.724262007e-05,0.0007231052576,4.920979542e-06,0.0009861811472,-8.927163262e-05,0.04739553965
184.0,0.0006068307217,8.52279066e-06,0.001385738534,1.830516185e-05,0.0005269442627,8.116446026e-06,0.002288783164,4.255596101e-05,0.0005886578273,2.699567526e-05,0.0007164151056,4.893700713e-06,0.0009943682896,-0.0001392573864,0.04725628226
185.0,0.0006059395606,8.477773445e-06,0.001370383445,1.815108151e-05,0.0005287026451,8.136379273e-06,0.002270413399,4.17593276e-05,0.0005849108417,2.676411384e-05,0.0007097182445,4.867051543e-06,0.0009707152568,-8.553766719e-05,0.0471707446
186.0,0.0006038940472,8.457707407e-06,0.001358539586,1.800838137e-05,0.0005275462334,8.149656223e-06,0.002269097484,4.136499587e-05,0.0005814285811,2.654886072e-05,0.0007036936152,4.843716645e-06,0.0009612518029,-9.438661251e-05,0.04707635798
187.0,0.000604748809,8.441502849e-06,0.001347271349,1.785970167e-05,0.0005294624053,8.161681264e-06,0.002298411183,4.208360445e-05,0.0005782165972,2.635219575e-05,0.0006983761367,4.821466757e-06,0.0009818827213,-0.000138686309,0.04693767167
188.0,0.0006044784643,8.412700682e-06,0.001331644666,1.769560182e-05,0.0005311673477,8.17773995e-06,0.002286029719,4.114928333e-05,0.0005754156109,2.618696851e-05,0.0006932814638,4.800143229e-06,0.0009551415217,-8.953676586e-05,0.04684813491
189.0,0.0006029008649,8.408082071e-06,0.001319738981,1.755037934e-05,0.0005299660138,8.186337241e-06,0.002288972464,4.0939122e-05,0.0005731625229,2.603369413e-05,0.0006888922568,4.781191984e-06,0.0009499676801,-9.523164922e-05,0.04675290326
190.0,0.0006040051212,8.404242822e-06,0.001308381705,1.739392921e-05,0.0005318353772,8.19365556e-06,0.002321631679,4.18993305e-05,0.0005712863263,2.590904709e-05,0.0006850029536,4.762792445e-06,0.0009761484597,-0.0001388726833,0.04661403058
191.0,0.0006036099585,8.380748151e-06,0.00129255079,1.721339083e-05,0.0005333682199,8.204663787e-06,0.00231211629,4.097430435e-05,0.0005696920499,2.579511098e-05,0.0006814772839,4.745743895e-06,0.0009496956769,-8.881737759e-05,0.0465252132
192.0,0.0006019065104,8.380580575e-06,0.001280899956,1.706297131e-05,0.0005319200461,8.207098102e-06,0.002314938164,4.087451461e-05,0.000568482073,2.569428966e-05,0.0006784741301,4.731126159e-06,0.0009470811988,-9.303882202e-05,0.04643217438
193.0,0.0006028068447,8.374648835e-06,0.001270084048,1.690598361e-05,0.0005334496948,8.206986539e-06,0.002347543203,4.185622728e-05,0.000567599572,2.561892739e-05,0.0006760775496,4.718369353e-06,0.0009736954022,-0.0001398241459,0.04629235023
194.0,0.0006020515721,8.344628781e-06,0.001254546032,1.671827497e-05,0.0005346220473,8.209837477e-06,0.002334312382,4.109616088e-05,0.0005671916716,2.555612561e-05,0.0006738881225,4.705370689e-06,0.0009511010772,-8.49679473e-05,0.04620738228
195.0,0.0005997434767,8.334238669e-06,0.001243574641,1.656188049e-05,0.0005327782691,8.20264624e-06,0.002335822351,4.107137478e-05,0.0005671096445,2.54957262e-05,0.0006722880455,4.694796289e-06,0.0009502064543,-8.894238933e-05,0.04611843989
196.0,0.0005997280416,8.316794805e-06,0.001233469439,1.640060318e-05,0.0005338358908,8.192127094e-06,0.002364929966,0.0001181306718,0.0005673109286,2.54709605e-05,0.0006712667305,4.686843846e-06,0.002743808789,5.204313714e-05,0.04617048303
197.0,0.0005944279069,8.207769839e-06,0.001212130788,1.611465714e-05,0.0005350013125,8.203680255e-06,0.002340669852,4.674020498e-05,0.0005674778597,2.542237148e-05,0.0006700595341,4.6746438e-06,0.001080188709,-9.13697122e-06,0.04616134606
198.0,0.0005922444863,8.217930407e-06,0.0012044796,1.599242978e-05,0.0005322226769,8.172660127e-06,0.002340654742,4.651941374e-05,0.0005680286337,2.53799164e-05,0.0006695459034,4.666948109e-06,0.00107466705,-3.013643728e-05,0.04613120962
199.0,0.0005932184502,8.215556824e-06,0.001196143776,1.586198861e-05,0.0005321226326,8.139913693e-06,0.002361424168,4.520614055e-05,0.0005686558045,2.536062142e-05,0.0006695455275,4.660984738e-06,0.001048428571,-0.000104901693,0.04602630793
200.0,0.0005920831901,8.181781254e-06,0.001182193183,1.569076558e-05,0.0005317265316,8.113203748e-06,0.002334985425,4.330229574e-05,0.0005696468754,2.538434326e-05,0.0006696796146,4.654992441e-06,0.000999114117,-6.816055438e-05,0.04595814738
201.0,0.000588555727,8.152390963e-06,0.001171761576,1.554279949e-05,0.000528440388,8.081502909e-06,0.002328196439,4.153788028e-05,0.0005708250516,2.538443724e-05,0.000670014356,4.651069438e-06,0.0009580472895,-9.148061049e-05,0.04586666676
202.0,0.0005866502919,8.107014487e-06,0.001161264167,1.537760602e-05,0.0005280795672,8.050264035e-06,0.00234929958,0.0001158274981,0.0005722868556,2.541297805e-05,0.0006710351388,4.650618848e-06,0.002681874564,5.292812871e-05,0.04591959489
203.0,0.0005798362504,7.979952877e-06,0.001139398151,1.508958176e-05,0.0005278953807,8.043909094e-06,0.002317925189,4.570162524e-05,0.0005738479588,2.542927428e-05,0.000671530826,4.645095475e-06,0.001052897274,-1.610812171e-05,0.04590348677
204.0,0.0005751215154,7.949014225e-06,0.001130357466,1.493943065e-05,0.0005238221189,7.994010235e-06,0.002309100198,4.546064066e-05,0.0005756828238,2.545173776e-05,0.0006726877235,4.644732705e-06,0.001046914217,-2.553284738e-05,0.04587795392
205.0,0.0005738142524,7.908713357e-06,0.001120996437,1.479053965e-05,0.0005224831515,7.942986346e-06,0.002322991261,4.469734892e-05,0.0005775965512,2.551541412e-05,0.0006741660731,4.645021129e-06,0.001033343544,-8.551367335e-05,0.04579244025
206.0,0.0005709686183,7.845708698e-06,0.001106130176,1.460104047e-05,0.0005207568207,7.896736235e-06,0.002290176505,4.323459349e-05,0.0005797422544,2.55513486e-05,0.000675825857,4.646028362e-06,0.000994440822,-4.482526958e-05,0.04574761498
207.0,0.000566025466,7.789770965e-06,0.001095396274,1.444458349e-05,0.0005162179097,7.844435698e-06,0.002275634228,4.192172454e-05,0.0005819859692,2.561574286e-05,0.0006777594081,4.648785508e-06,0.0009639060966,-6.072514067e-05,0.04568688984
208.0,0.0005631782887,7.724795037e-06,0.001085376883,1.427785728e-05,0.0005145458612,7.792443783e-06,0.002289233076,4.190892846e-05,0.0005843202511,2.567158913e-05,0.0006800161536,4.652394449e-06,0.0009673516614,-0.0001106856911,0.04557620415
209.0,0.0005590327839,7.642701231e-06,0.001070159093,1.406942988e-05,0.0005124467517,7.744214609e-06,0.002256049232,4.077769811e-05,0.0005869508955,2.576425792e-05,0.0006823218805,4.657429403e-06,0.0009364904197,-5.722479866e-05,0.04551897935
210.0,0.000553049456,7.571735249e-06,0.001059577097,1.390585273e-05,0.0005074248173,7.687717565e-06,0.002239153684,4.05907526e-05,0.0005896915422,2.58329025e-05,0.0006848869701,4.663137066e-06,0.0009318909481,-5.54377526e-05,0.0454635416
211.0,0.000549594993,7.498661497e-06,0.001050452261,1.374703736e-05,0.0005051964226,7.629077472e-06,0.0022485763,4.143838281e-05,0.0005924888849,2.592722824e-05,0.0006876753772,4.669957046e-06,0.0009550584674,-8.768567864e-05,0.04537585592
212.0,0.0005452321885,7.415772243e-06,0.001036871806,1.355830494e-05,0.000502512025,7.572379151e-06,0.002214286735,4.108364738e-05,0.0005954792985,2.602284011e-05,0.0006904835979,4.677822657e-06,0.0009421606754,-3.475002095e-05,0.0453411059
213.0,0.0005392155084,7.343794365e-06,0.001028415064,1.342436524e-05,0.0004969207929,7.507541283e-06,0.002191389417,4.110951414e-05,0.000598654511,2.611995172e-05,0.0006934274622,4.687083786e-06,0.0009424719552,-3.111169197e-05,0.04530999421
214.0,0.0005357583431,7.270090825e-06,0.001021908118,1.330299228e-05,0.0004941209233,7.441076144e-06,0.002196889292,4.172995356e-05,0.0006018373378,2.622198292e-05,0.0006965966822,4.696370245e-06,0.0009604364581,-6.446158849e-05,0.04524553262
215.0,0.0005314302158,7.188959708e-06,0.00101144166,1.315980572e-05,0.0004909235082,7.377304852e-06,0.002163175989,4.122850709e-05,0.0006052169796,2.634746382e-05,0.0006997720996,4.706851918e-06,0.0009442151914,-2.078582162e-05,0.0452247468
216.0,0.0005261754008,7.115159964e-06,0.001006664243,1.307252529e-05,0.0004855183985,7.306635931e-06,0.002161420549,4.136968607e-05,0.0006086242825,2.645204436e-05,0.000703042538,4.718362688e-06,0.0009512198662,-5.564692727e-05,0.04516909987
217.0,0.000522026961,7.03639065e-06,0.0009995618724,1.297085006e-05,0.000482297748,7.239265414e-06,0.002131147322,4.061127933e-05,0.0006121255986,2.656497398e-05,0.0007063879046,4.729305706e-06,0.0009292479851,-1.737882674e-05,0.04515172104
218.0,0.0005171004323,6.960939675e-06,0.0009969350527,1.291935337e-05,0.0004773556145,7.166381917e-06,0.002129855467,4.06420962e-05,0.0006155869354,2.666860968e-05,0.0007097902457,4.741334642e-06,0.0009337057449,-5.282019606e-05,0.04509890085
219.0,0.0005127329596,6.88110293e-06,0.0009908093603,1.284011345e-05,0.0004737394918,7.097658538e-06,0.002104860693,3.983750313e-05,0.0006189248371,2.679337917e-05,0.0007132330308,4.752830629e-06,0.0009108043247,-1.648724378e-05,0.0450824136
220.0,0.0005076231872,6.803252687e-06,0.0009890215207,1.280753514e-05,0.0004686891691,7.023592751e-06,0.00210563335,3.998738505e-05,0.0006224933133,2.692053811e-05,0.0007166852047,4.76538679e-06,0.0009178986862,-4.943068103e-05,0.04503298292
221.0,0.000503370144,6.723602479e-06,0.0009836755785,1.274524967e-05,0.0004650984162,6.953483413e-06,0.002081259846,3.928834648e-05,0.0006260096772,2.703384198e-05,0.0007201202049,4.778961778e-06,0.0008975342805,-1.319960636e-05,0.04501978332
222.0,0.0004981285155,6.64505579e-06,0.0009826081735,1.272576229e-05,0.0004599109527,6.87796609e-06,0.002080243795,3.952245705e-05,0.0006294726437,2.717120959e-05,0.0007234762421,4.791382607e-06,0.0009065050781,-4.483160604e-05,0.04497495171
223.0,0.0004931571243,6.567053718e-06,0.000977270549,1.267635055e-05,0.0004554669153,6.806308514e-06,0.002062851186,3.905926801e-05,0.0006330263367,2.731042301e-05,0.0007268662972,4.803006078e-06,0.0008934202114,-1.186481175e-05,0.0449630869
224.0,0.0004891485098,6.489789115e-06,0.000976731041,1.265603747e-05,0.0004516885617,6.731582776e-06,0.002051827424,3.874117834e-05,0.0006365799463,2.746528309e-05,0.0007301310975,4.813681542e-06,0.0008859039594,-1.091029388e-05,0.0449521766
225.0,0.0004839749071,6.413490869e-06,0.0009736899202,1.263755505e-05,0.0004462898344,6.655532628e-06,0.002038055077,3.882981918e-05,0.0006401883353,2.759952322e-05,0.0007332673866,4.824427207e-06,0.0008894662591,-1.729887634e-05,0.04493487773
226.0,0.0004795170485,6.339561497e-06,0.0009706080444,1.260419327e-05,0.0004421903967,6.582597612e-06,0.00201969566,3.849830906e-05,0.000643828372,2.773001655e-05,0.000736536409,4.834111847e-06,0.0008795519128,-5.718692537e-06,0.04492915903
227.0,0.0004756494658,6.265152552e-06,0.0009701507362,1.259689464e-05,0.0004381884531,6.507906113e-06,0.001998390337,3.789186871e-05,0.0006473261332,2.784158732e-05,0.0007395093057,4.843319345e-06,0.0008655538021,-6.536261034e-06,0.04492262277
228.0,0.0004703344121,6.191845049e-06,0.0009670737258,1.25839733e-05,0.0004325179762,6.433159371e-06,0.00197756812,3.789651334e-05,0.0006505963152,2.798410275e-05,0.0007423362955,4.850241957e-06,0.0008671460416,-3.272612857e-05,0.04488989665
229.0,0.0004661919432,6.123078775e-06,0.00096319432,1.254626795e-05,0.0004284838133,6.362000928e-06,0.001953088401,3.698911127e-05,0.0006536737417,2.809417729e-05,0.0007451254678,4.86027844e-06,0.0008441808718,-5.038957687e-06,0.04488485769
230.0,0.0004626153939,6.052980624e-06,0.0009618641712,1.253012786e-05,0.0004246419828,6.289304957e-06,0.001927718279,3.62308987e-05,0.0006565449252,2.822735531e-05,0.0007476869886,4.863328598e-06,0.0008267545913,-6.630544927e-06,0.04487822714
231.0,0.000457626908,5.984544184e-06,0.0009577790753,1.250869627e-05,0.0004191722501,6.216660576e-06,0.001904130529,3.619377807e-05,0.0006592169202,2.831200764e-05,0.0007501224174,4.87180373e-06,0.0008273380598,-3.203658007e-05,0.04484619056
232.0,0.0004537260064,5.921576543e-06,0.0009528915692,1.245794351e-05,0.0004153154226,6.148099544e-06,0.00188067234,3.523972677e-05,0.0006617628659,2.842987018e-05,0.000752573109,4.875282033e-06,0.0008034661104,-5.793719032e-06,0.04484039684
233.0,0.0004504228579,5.856165923e-06,0.0009506027995,1.24279393e-05,0.0004116547063,6.078199119e-06,0.00185560164,3.460164573e-05,0.0006641693569,2.853449533e-05,0.0007547293868,4.879620215e-06,0.000788825711,-9.609693108e-06,0.04483078715
234.0,0.0004457060681,5.792340677e-06,0.0009460191114,1.239449891e-05,0.0004063873643,6.0084401e-06,0.001831362602,3.468997199e-05,0.0006663988835,2.862715552e-05,0.0007567435652,4.884897361e-06,0.0007922198358,-3.041165533e-05,0.0448003755
235.0,0.0004420991954,5.734682867e-06,0.0009404680459,1.232961269e-05,0.00040275129,5.942695632e-06,0.001810868499,3.377364244e-05,0.0006685749476,2.870202707e-05,0.0007588871022,4.887099755e-06,0.0007693528613,-4.682046963e-06,0.04479569345
236.0,0.0004391532325,5.673215697e-06,0.0009376600447,1.228713361e-05,0.0003993680656,5.875562447e-06,0.001789219448,3.324149955e-05,0.0006705887732,2.880868497e-05,0.0007607070881,4.891554757e-06,0.0007571620758,-9.440132802e-06,0.04478625332
237.0,0.0004348492235,5.613049871e-06,0.0009328778089,1.224271141e-05,0.0003943906563,5.808886907e-06,0.001766528944,3.338572811e-05,0.0006725475566,2.886985323e-05,0.0007624634888,4.891463643e-06,0.0007617891935,-2.755920689e-05,0.04475869411
238.0,0.0004316625002,5.560305659e-06,0.0009268828552,1.21668292e-05,0.0003909769053,5.74635169e-06,0.001751715371,3.2497938e-05,0.0006743721777,2.894409875e-05,0.0007641833933,4.89302017e-06,0.0007396918424,-6.998941349e-06,0.04475169517
239.0,0.0004289988365,5.502360811e-06,0.0009235693921,1.211140702e-05,0.0003877984534,5.682729695e-06,0.001731723638,3.192787417e-05,0.0006759716718,2.900194464e-05,0.000765653212,4.894752452e-06,0.0007266679499,-9.100216684e-06,0.04474259495
240.0,0.000424891496,5.446388718e-06,0.0009181112633,1.20551803e-05,0.0003830507604,5.619772121e-06,0.001712315147,3.204238789e-05,0.0006774807008,2.907385143e-05,0.0007671636562,4.893518886e-06,0.0007305713184,-2.449028443e-05,0.04471810467
241.0,0.0004219806174,5.398228243e-06,0.0009115853416,1.196704619e-05,0.0003798710224,5.561123553e-06,0.001701267477,3.120954326e-05,0.0006788581367,2.910582959e-05,0.0007686857887,4.891669219e-06,0.0007098447492,-6.782567305e-06,0.0447113221
242.0,0.0004196234181,5.344859249e-06,0.0009076987506,1.19000485e-05,0.0003769094683,5.501724592e-06,0.001683472893,3.081104984e-05,0.0006801504613,2.915531038e-05,0.0007700388337,4.887604558e-06,0.0007007465442,-2.294829032e-05,0.04468837381
243.0,0.0004157395777,5.293767418e-06,0.000901805836,1.183478237e-05,0.0003724373552,5.443267881e-06,0.001665712441,3.065951169e-05,0.0006813348359,2.918155914e-05,0.0007712807234,4.885886661e-06,0.0006985480092,-2.163192994e-05,0.04466674188
244.0,0.0004131258498,5.25163344e-06,0.0008949449361,1.17375842e-05,0.0003695925652,5.388956452e-06,0.001656996914,8.269584101e-05,0.000682459799,2.922653049e-05,0.0007727130998,4.882015724e-06,0.00187962405,8.978213741e-06,0.04467572009
245.0,0.0004106950922,5.195309179e-06,0.0008875610591,1.161863001e-05,0.0003672821283,5.353497072e-06,0.001632565027,3.142399269e-05,0.0006830652259,2.927047079e-05,0.0007734057351,4.875403793e-06,0.0007142573163,7.700611726e-06,0.0446834207
246.0,0.0004068789797,5.160552432e-06,0.0008824844659,1.155794116e-05,0.0003628618746,5.285468031e-06,0.001622673938,3.157867846e-05,0.0006839039372,2.929009802e-05,0.0007743496897,4.870830563e-06,0.0007190681549,-5.306558499e-07,0.04468289005
247.0,0.0004048886919,5.126486454e-06,0.0008767587106,1.147210581e-05,0.0003601456271,5.228479819e-06,0.00161861928,3.058560994e-05,0.0006847293098,2.930964639e-05,0.0007753063729,4.865111494e-06,0.0006948027282,8.613030563e-06,0.04469150308
248.0,0.0004025839966,5.087808876e-06,0.0008722976652,1.140328211e-05,0.0003564823278,5.172686303e-06,0.00160144649,2.964303684e-05,0.0006853760776,2.933969164e-05,0.0007761486814,4.859377091e-06,0.0006747031963,-1.036120706e-05,0.04468114187
249.0,0.0004004777737,5.05637164e-06,0.0008666625508,1.131489454e-05,0.0003543021956,5.121767823e-06,0.001598985734,7.897106645e-05,0.0006862297682,2.936028872e-05,0.0007771552176,4.849889189e-06,0.001793241162,1.143638005e-05,0.04469257825
250.0,0.0003982003448,5.010391028e-06,0.0008589225812,1.120193814e-05,0.0003513536768,5.090511769e-06,0.001573467911,2.981459547e-05,0.0006864822957,2.934574999e-05,0.0007775451227,4.840546949e-06,0.0006783746867,-4.768402203e-06,0.04468780985
251.0,0.0003958715567,4.99097446e-06,0.0008533899977,1.111394724e-05,0.0003489835461,5.031745432e-06,0.001580915138,2.948687054e-05,0.0006869890639,2.937833446e-05,0.0007782675723,4.828642755e-06,0.0006693414221,-8.987610666e-06,0.04467882224
252.0,0.0003941238398,4.958262915e-06,0.0008492390024,1.104606114e-05,0.0003457722105,4.979927547e-06,0.001567745662,2.86678891e-05,0.0006874493036,2.936561748e-05,0.0007789241893,4.821113721e-06,0.0006520367689,-1.068410353e-05,0.04466813814
253.0,0.0003926179292,4.935599173e-06,0.0008436917608,1.095735161e-05,0.0003437192301,4.932274037e-06,0.001569504671,7.730476299e-05,0.0006879984934,2.937945602e-05,0.0007797015373,4.812420818e-06,0.001754192842,2.036807595e-05,0.04468850621
254.0,0.0003908616236,4.90178388e-06,0.0008363224407,1.084589033e-05,0.0003409221676,4.904170383e-06,0.001547243813,2.912530166e-05,0.0006879364287,2.93542268e-05,0.0007799177707,4.800761877e-06,0.0006622346131,-4.304314046e-06,0.0446842019
255.0,0.0003892439168,4.892368748e-06,0.0008309776009,1.075908614e-05,0.0003387151009,4.847936181e-06,0.001554824198,2.885782197e-05,0.0006882665516,2.934522905e-05,0.0007803707743,4.791343994e-06,0.0006546345415,-1.032243392e-05,0.04467387946
256.0,0.0003881544441,4.87035005e-06,0.0008271056988,1.069311773e-05,0.0003357215106,4.799347429e-06,0.001538514015,7.687981104e-05,0.0006887430359,2.935412244e-05,0.0007808883643,4.783240552e-06,0.001747455431,4.188128371e-05,0.04471576075
257.0,0.0003863451562,4.848533821e-06,0.0008192125339,1.057602113e-05,0.0003328719095,4.774071971e-06,0.001539427508,2.943228729e-05,0.0006887007148,2.93229121e-05,0.0007809785043,4.767092458e-06,0.0006687932096,3.632053351e-06,0.0447193928
258.0,0.0003849364302,4.84259105e-06,0.0008142265232,1.050372601e-05,0.0003297046266,4.71749692e-06,0.001530811688,2.865203755e-05,0.0006888958563,2.931281896e-05,0.0007813007917,4.757571584e-06,0.0006509349861,5.686200755e-07,0.04471996142
259.0,0.00038430343,4.82983386e-06,0.0008106001186,1.043602728e-05,0.0003272510077,4.67190194e-06,0.001519921859,7.566061147e-05,0.0006891177663,2.929867674e-05,0.0007818718239,4.74546838e-06,0.001718665315,4.163894883e-05,0.04476160037
260.0,0.0003833182955,4.812579912e-06,0.000804648872,1.032844656e-05,0.0003251122116,4.649031652e-06,0.001512801782,2.86001379e-05,0.0006888393376,2.926291268e-05,0.0007818385935,4.732801748e-06,0.0006495883482,2.299515488e-06,0.04476389988
261.0,0.0003823104938,4.810591484e-06,0.000800499491,1.026620617e-05,0.0003225310901,4.595845026e-06,0.001504557069,2.769580828e-05,0.0006888937012,2.923030574e-05,0.0007822052477,4.72086712e-06,0.0006289534544,-1.199011787e-06,0.04476270087
262.0,0.0003819516939,4.802883536e-06,0.0007970736875,1.020140519e-05,0.0003204400104,4.554167893e-06,0.00149605929,7.355737423e-05,0.0006890867573,2.922431615e-05,0.0007827896905,4.7084835e-06,0.001670222189,4.640730509e-05,0.04480910818
263.0,0.0003815124351,4.791602063e-06,0.0007912360814,1.009213377e-05,0.0003187430424,4.534862411e-06,0.001493439782,2.764124336e-05,0.0006888740072,2.916268669e-05,0.0007828283517,4.691481408e-06,0.0006275704709,1.101516973e-06,0.04481020969
264.0,0.000380909007,4.792022925e-06,0.0007870858525,1.002986895e-05,0.0003165174488,4.485494398e-06,0.001484745305,7.386736087e-05,0.0006892021028,2.914665482e-05,0.0007832800436,4.681364715e-06,0.001676866183,4.590466372e-05,0.04485611436
265.0,0.0003807169763,4.782316222e-06,0.000781741056,9.926495331e-06,0.0003150060744,4.467737572e-06,0.00148415888,2.780520262e-05,0.0006892485227,2.910636771e-05,0.0007832826635,4.671532975e-06,0.0006311512357,7.048079854e-06,0.04486316244
266.0,0.000380448387,4.783778166e-06,0.0007779107623,9.87029351e-06,0.0003129693578,4.418658312e-06,0.001474139016,7.35853236e-05,0.0006898488084,2.911666836e-05,0.0007838676433,4.657272227e-06,0.001670116742,4.294177711e-05,0.04490610422
267.0,0.0003803955324,4.775689093e-06,0.0007727275639,9.770156204e-06,0.0003115975058,4.403176914e-06,0.001471955179,2.76068396e-05,0.0006899908308,2.907515302e-05,0.0007838896676,4.641968128e-06,0.0006265225421,1.160997369e-05,0.04491771419
268.0,0.000380096261,4.779154796e-06,0.0007690366961,9.719185443e-06,0.0003096671388,4.355141493e-06,0.001462733125,7.256387798e-05,0.0006906972834,2.909414757e-05,0.000784403367,4.625852964e-06,0.001646628295,3.970838203e-05,0.04495742257
269.0,0.0003800952922,4.77299404e-06,0.000764078057,9.622766744e-06,0.0003084815091,4.342431926e-06,0.001462802613,2.70689942e-05,0.0006911849105,2.906615713e-05,0.0007842858328,4.609585512e-06,0.0006142047923,1.508232118e-05,0.04497250489
270.0,0.0003799139805,4.778950436e-06,0.0007603531604,9.576942999e-06,0.000306778057,4.297357032e-06,0.001450640752,7.13231832e-05,0.0006920960716,2.906602232e-05,0.0007847880424,4.59516062e-06,0.001618203824,3.729412447e-05,0.04500979902
271.0,0.0003799758492,4.775736109e-06,0.0007554332686,9.484167257e-06,0.0003058003749,4.287680767e-06,0.001451989204,7.251461259e-05,0.0006928477861,2.904078827e-05,0.0007848158104,4.581536935e-06,0.00164510633,3.57136024e-05,0.04504551262
272.0,0.0003795053696,4.777699189e-06,0.0007501919837,9.404133981e-06,0.0003045437836,4.269803509e-06,0.001453092879,2.743686491e-05,0.0006936234156,2.902012847e-05,0.0007847556197,4.563088302e-06,0.0006223930723,2.698660763e-05,0.04507249923
273.0,0.0003793373073,4.783080227e-06,0.0007471002889,9.37253875e-06,0.0003032363654,4.22570301e-06,0.001437851023,7.088594567e-05,0.0006949542937,2.903980972e-05,0.0007851841543,4.551547969e-06,0.001607931611,3.222055287e-05,0.04510471978
274.0,0.0003795678926,4.779996274e-06,0.0007430206914,9.291707654e-06,0.0003026462861,4.220866504e-06,0.001439308791,7.156811169e-05,0.000696022316,2.902952468e-05,0.0007851199017,4.536014052e-06,0.001623282656,3.030400088e-05,0.04513502378
275.0,0.0003792489755,4.783693868e-06,0.0007382935414,9.223615155e-06,0.0003017193497,4.207853821e-06,0.001438328151,2.739294118e-05,0.0006972106368,2.903408315e-05,0.0007848846653,4.51804376e-06,0.0006212703517,3.713737267e-05,0.04517216115
276.0,0.0003792113744,4.793610076e-06,0.0007354396374,9.20241096e-06,0.0003007379642,4.16821008e-06,0.00141832032,6.904230389e-05,0.0006988716277,2.905673839e-05,0.0007851386824,4.500655428e-06,0.001565847662,2.988376823e-05,0.04520204492
277.0,0.0003797062064,4.794629468e-06,0.0007317985047,9.129849627e-06,0.0003004655874,4.168894256e-06,0.00141976456,6.959114168e-05,0.0007002046009,2.908325894e-05,0.0007848284283,4.484313988e-06,0.001578202209,3.037669559e-05,0.04523242162
278.0,0.0003795854389,4.803434357e-06,0.0007276675599,9.072234757e-06,0.0002997907745,4.161970552e-06,0.001418682477,7.022486251e-05,0.0007016163054,2.909366234e-05,0.0007844280114,4.465246613e-06,0.001592483528,3.084651731e-05,0.04526326813
279.0,0.0003795174686,4.81035559e-06,0.0007241757637,9.024179889e-06,0.0002992878209,4.155829463e-06,0.001414669428,7.059861152e-05,0.0007031274056,2.911189778e-05,0.0007840000697,4.443322848e-06,0.001600885043,3.18109522e-05,0.04529507909
280.0,0.0003794203827,4.816754393e-06,0.0007213029993,8.985516995e-06,0.0002989290177,4.150159747e-06,0.001410508094,2.863747217e-05,0.0007047740475,2.914432248e-05,0.0007832278966,4.422257469e-06,0.0006493578189,3.906897262e-05,0.04533414806
281.0,0.0003799880559,4.836901027e-06,0.0007195303246,8.991325289e-06,0.00029857989,4.115697748e-06,0.001389126449,6.687633577e-05,0.0007069051577,2.91512317e-05,0.0007829264834,4.403947323e-06,0.001516506948,4.730577594e-05,0.04538145384
282.0,0.0003811939018,4.845819587e-06,0.0007173389642,8.938957718e-06,0.0002988843752,4.124073449e-06,0.001383673917,6.684612205e-05,0.0007085816351,2.920230561e-05,0.0007821707265,4.38158814e-06,0.001515802461,4.533182904e-05,0.04542678566
283.0,0.0003813660203,4.86363804e-06,0.0007146042461,8.903900613e-06,0.0002986009172,4.125656346e-06,0.001380115934,6.710432015e-05,0.0007103589581,2.922233278e-05,0.0007810477102,4.359589233e-06,0.001521631706,4.825588353e-05,0.04547504155
284.0,0.0003817082231,4.882245881e-06,0.0007122075854,8.876680404e-06,0.0002984592389,4.128413434e-06,0.001372991368,6.725327811e-05,0.0007119395052,2.926866044e-05,0.0007798770791,4.337776013e-06,0.001525004324,5.348589568e-05,0.04552852744
285.0,0.000382111974,4.900891338e-06,0.0007103685874,8.856372657e-06,0.0002985089618,4.131997567e-06,0.001365534083,6.722379165e-05,0.0007135590089,2.927026983e-05,0.0007784834685,4.314558217e-06,0.00152433575,6.015193103e-05,0.04558867937
286.0,0.0003825909822,4.920549866e-06,0.0007089691414,8.843813334e-06,0.0002986809064,4.13619014e-06,0.001356279386,6.696557515e-05,0.000715266777,2.932784011e-05,0.0007769508296,4.287969941e-06,0.001518508112,6.932402152e-05,0.0456580034
287.0,0.0003831802582,4.941940489e-06,0.0007080540795,8.837896524e-06,0.0002989930511,4.14099467e-06,0.001347696886,6.650727776e-05,0.0007168752096,2.939004563e-05,0.0007752199232,4.264146982e-06,0.001508143974,8.059180067e-05,0.0457385952
288.0,0.0003839678368,4.965896202e-06,0.0007073815796,8.837300386e-06,0.0002993679932,4.146642359e-06,0.00133819729,6.613076826e-05,0.0007185884358,2.945152312e-05,0.0007733645844,4.239946017e-06,0.001499656734,0.0001169154246,0.04585551062
289.0,0.0003849515881,4.993297344e-06,0.0007069727124,8.840180069e-06,0.0002997499693,4.154051444e-06,0.001330804283,6.55753425e-05,0.0007200941843,2.949620983e-05,0.0007712741603,4.210565275e-06,0.001487129508,0.0001240678723,0.04597957849
290.0,0.0003860015459,5.023063656e-06,0.0007066624754,8.847399899e-06,0.0003000969839,4.162720037e-06,0.001323554128,6.523945882e-05,0.0007215962893,2.957926929e-05,0.0007689793575,4.189505057e-06,0.001479587327,0.0001311777205,0.04611075621
291.0,0.0003869613119,5.055443276e-06,0.000706515336,8.858226278e-06,0.0003004251424,4.173049794e-06,0.001318286124,6.516845914e-05,0.0007230063016,2.963053302e-05,0.0007665368416,4.160578565e-06,0.001478072101,0.0001355546474,0.04624631086
292.0,0.0003880779518,5.088582744e-06,0.0007067940562,8.872638488e-06,0.0003008443064,4.185052649e-06,0.001314334331,6.541004646e-05,0.0007243627301,2.968661258e-05,0.0007637557464,4.129671484e-06,0.001483651315,0.0001362550635,0.04638256593
293.0,0.0003891958356,5.121943927e-06,0.000707267096,8.890398128e-06,0.0003013695835,4.198886024e-06,0.001312715744,3.829813669e-05,0.000725578919,2.975133825e-05,0.0007606524756,4.101454266e-06,0.0008687531363,-0.0001983673724,0.04618419855
294.0,0.0003918831089,5.179549825e-06,0.0007093791846,8.957415158e-06,0.0003019435299,4.192914159e-06,0.001351744753,3.949629013e-05,0.0007270703175,2.979201952e-05,0.0007578820813,4.067071928e-06,0.0008959605526,-0.0002287744785,0.04595542407
295.0,0.0003957763858,5.2300921e-06,0.0007116883438,8.997089534e-06,0.0003029905145,4.207064894e-06,0.001362518398,3.397504094e-05,0.0007281415709,2.984446183e-05,0.0007547685756,4.034943005e-06,0.0007708354672,-0.0001389365542,0.04581648752
296.0,0.0003974893965,5.273385105e-06,0.0007138576464,9.032981461e-06,0.0003040536129,4.227713109e-06,0.001355319308,2.919575915e-05,0.0007287073,2.991334214e-05,0.0007513337715,4.002591321e-06,0.0006625381403,-3.119172227e-05,0.0457852958
297.0,0.0003991059854,5.312302825e-06,0.000716042682,9.062022982e-06,0.0003050396113,4.252397801e-06,0.001336505812,2.601389859e-05,0.0007289819987,2.996701111e-05,0.0007476241913,3.966243529e-06,0.000590442297,3.482584903e-05,0.04582012165
298.0,0.0004010294967,5.343088374e-06,0.0007183585064,9.08839185e-06,0.0003060122995,4.27962018e-06,0.001313578144,2.380987617e-05,0.0007290147441,2.997336823e-05,0.0007437535986,3.936452574e-06,0.0005404936034,4.29398338e-05,0.04586306148
299.0,0.0004019629134,5.361660148e-06,0.0007211716903,9.118903338e-06,0.0003070698278,4.307991544e-06,0.001295293332,6.471541577e-05,0.0007291546753,3.00515127e-05,0.000739697948,3.903687022e-06,0.00146921371,3.299114192e-05,0.04589605262
300.0,0.0004010302382,5.349012528e-06,0.0007223155789,9.108858102e-06,0.0003083391214,4.346685671e-06,0.001274592529,2.644337407e-05,0.0007289345769,3.002238399e-05,0.0007353159848,3.865996745e-06,0.0006003571106,-5.458078257e-05,0.04584147184
301.0,0.000399586323,5.356329702e-06,0.0007268931218,9.190237344e-06,0.0003090738169,4.366531256e-06,0.001270197619,2.787216283e-05,0.0007289475972,3.007717338e-05,0.0007311433068,3.833336212e-06,0.0006328330766,-7.421515474e-05,0.04576725669
302.0,0.0003995451341,5.365889462e-06,0.0007324195186,9.264515954e-06,0.0003102285057,4.390387046e-06,0.001265979771,2.866763843e-05,0.0007290653705,3.009532711e-05,0.0007269694944,3.798066158e-06,0.0006509575113,-8.497730367e-05,0.04568227938
303.0,0.0004002075723,5.382468378e-06,0.0007381546012,9.340476249e-06,0.0003113688852,4.413200211e-06,0.001261139929,2.91367304e-05,0.00072919338,3.014921686e-05,0.0007228012259,3.764251044e-06,0.0006616786385,-8.892763556e-05,0.04559335175
304.0,0.0004011353453,5.405353101e-06,0.0007436153143,9.41363742e-06,0.0003124034068,4.435319638e-06,0.001263226763,2.929910972e-05,0.0007292697185,3.013836084e-05,0.0007185890617,3.727610181e-06,0.0006654382661,-8.566166918e-05,0.04550769008
305.0,0.0004021315867,5.430881732e-06,0.0007488917379,9.48376335e-06,0.0003134147509,4.457551122e-06,0.00127025557,2.904488934e-05,0.0007291928597,3.019710937e-05,0.0007144433714,3.694987305e-06,0.000659743509,-7.569612627e-05,0.04543199395
306.0,0.0004033170634,5.457113341e-06,0.0007539478989,9.550296143e-06,0.0003144527144,4.480391187e-06,0.001277619873,2.844127265e-05,0.0007289978049,3.019943991e-05,0.0007102288689,3.658425012e-06,0.0006461156858,-6.198327055e-05,0.04537001068
307.0,0.0004045817434,5.482480178e-06,0.0007588135202,9.612507369e-06,0.0003155088356,4.503756193e-06,0.001286510564,2.776699856e-05,0.0007287326167,3.030082607e-05,0.0007060030975,3.626195751e-06,0.0006308833541,-4.932120192e-05,0.04532068948
308.0,0.0004057772405,5.505049257e-06,0.0007635183025,9.669148095e-06,0.0003165744536,4.527509889e-06,0.001297552445,2.727116781e-05,0.0007284613966,3.031287721e-05,0.0007016550054,3.591659468e-06,0.000619708135,-4.112127068e-05,0.04527956821
309.0,0.0004067671745,5.522858896e-06,0.0007679545246,9.720975773e-06,0.0003176793352,4.551632952e-06,0.001308069448,2.705020721e-05,0.0007280810767,3.035481113e-05,0.0006972642865,3.560344259e-06,0.000614782595,-3.725411118e-05,0.0452423141
310.0,0.0004073416829,5.536273539e-06,0.0007721029525,9.769433498e-06,0.000318767331,4.576486901e-06,0.001318857033,2.716208131e-05,0.0007276655343,3.036842862e-05,0.0006928586323,3.523232656e-06,0.0006174284227,-3.676570144e-05,0.04520554839
311.0,0.0004076568986,5.546598235e-06,0.0007759001656,9.814224908e-06,0.0003198759404,4.601676226e-06,0.001329287525,2.750349817e-05,0.0007270972609,3.04259307e-05,0.0006883987597,3.490860508e-06,0.0006252991061,-3.775764174e-05,0.04516779075
312.0,0.000407935017,5.55563591e-06,0.0007792938148,9.854059857e-06,0.0003209935707,4.627275758e-06,0.001336651749,2.800779778e-05,0.0007264190274,3.042807396e-05,0.0006839274297,3.455431901e-06,0.0006368855197,-3.925952159e-05,0.04512853123
313.0,0.0004082232089,5.565334653e-06,0.0007822560019,9.889065104e-06,0.0003221112801,4.65361901e-06,0.001341993859,2.863233862e-05,0.0007257451603,3.047511009e-05,0.0006794050688,3.419995113e-06,0.0006512140366,-4.141163646e-05,0.04508711959
314.0,0.0004085686216,5.576646203e-06,0.0007846894052,9.918324368e-06,0.0003232630481,4.680575348e-06,0.001347194948,2.925771196e-05,0.0007247611568,3.047845594e-05,0.0006747080872,3.388600041e-06,0.0006655713254,-4.340118005e-05,0.04504371841
315.0,0.0004091549626,5.589602414e-06,0.0007868006404,9.942626805e-06,0.0003244482013,4.707721189e-06,0.001349994129,2.977330119e-05,0.0007237733802,3.048223827e-05,0.0006699288676,3.355537786e-06,0.0006774434374,-4.450037601e-05,0.04499921804
316.0,0.0004097500191,5.604551821e-06,0.0007883335717,9.960418908e-06,0.000325607368,4.734991973e-06,0.001349269999,3.017832728e-05,0.0007226618966,3.04837909e-05,0.0006650636821,3.322168739e-06,0.0006868090383,-4.521218028e-05,0.04495400586
317.0,0.0004103317384,5.620741154e-06,0.0007890302014,9.970848555e-06,0.0003267440206,4.762130965e-06,0.001349183357,3.039045882e-05,0.0007211172457,3.050716554e-05,0.0006600772646,3.291084357e-06,0.0006917858841,-4.460778935e-05,0.04490939807
318.0,0.0004110198637,5.637414459e-06,0.0007894116637,9.973360168e-06,0.0003279299681,4.789562837e-06,0.001347669332,3.042204845e-05,0.0007194528904,3.046886708e-05,0.0006550552774,3.260955567e-06,0.0006926562799,-4.289889476e-05,0.04486649917
319.0,0.0004116709026,5.654456564e-06,0.000789370579,9.969005594e-06,0.0003291322627,4.817053936e-06,0.001340201116,3.038829152e-05,0.0007176346477,3.046029641e-05,0.0006499083949,3.229029631e-06,0.0006920463957,-4.159444689e-05,0.04482490473
320.0,0.0004121980844,5.670781407e-06,0.0007887950324,9.957597748e-06,0.0003303413923,4.844821976e-06,0.001335609565,3.028547051e-05,0.0007153028214,3.041681222e-05,0.0006447735363,3.199730577e-06,0.0006898582745,-4.010518482e-05,0.04478479954
321.0,0.0004126496532,5.685778799e-06,0.000787737469,9.938079166e-06,0.0003315703515,4.873379464e-06,0.001329982746,3.013358852e-05,0.0007128403725,3.039168259e-05,0.0006396574014,3.170153663e-06,0.0006865560124,-3.798943973e-05,0.0447468101
322.0,0.0004129879039,5.699988519e-06,0.0007861698352,9.911282784e-06,0.0003328410485,4.902864183e-06,0.001320284345,3.004082317e-05,0.0007100183166,3.03033663e-05,0.0006344468298,3.13982645e-06,0.0006845922111,-3.674085323e-05,0.04471006925
323.0,0.0004131918986,5.713444805e-06,0.0007839207163,9.876365924e-06,0.0003341149179,4.933086824e-06,0.001315023294,2.998559438e-05,0.0007071640224,3.025753885e-05,0.0006292225762,3.114105531e-06,0.0006834928207,-3.549792538e-05,0.04467457132
324.0,0.0004134794416,5.726662021e-06,0.000781207522,9.833178539e-06,0.0003354575577,4.964010071e-06,0.001307353907,2.994107431e-05,0.000704326759,3.018125464e-05,0.0006240042331,3.084456008e-06,0.000682632925,-3.411215913e-05,0.04464045917
325.0,0.0004137271946,5.74039424e-06,0.000777809921,9.781671924e-06,0.0003368456532,4.995889151e-06,0.001298283804,2.996418983e-05,0.0007012664026,3.011004577e-05,0.0006188334875,3.059073206e-06,0.0006833107515,-3.330193739e-05,0.04460715723
326.0,0.0004140268399,5.754837018e-06,0.0007739070399,9.72225027e-06,0.0003382682249,5.028859248e-06,0.001293605334,2.999700956e-05,0.0006979833506,2.997216904e-05,0.0006136641064,3.029293323e-06,0.000684216267,-3.250126322e-05,0.04457465596
327.0,0.0004143953733,5.770011243e-06,0.0007695898784,9.655561279e-06,0.0003397063718,5.062838074e-06,0.00128676918,3.009991103e-05,0.0006946085585,2.987659222e-05,0.0006085416509,3.006934575e-06,0.0006867185241,-3.268122485e-05,0.04454197474
328.0,0.0004147376287,5.78646782e-06,0.0007646388999,9.58114422e-06,0.0003411476912,5.097590421e-06,0.001281604218,3.021303956e-05,0.0006910552588,2.9804997e-05,0.0006035350488,2.980788685e-06,0.0006894536449,-3.303280898e-05,0.04450894193
329.0,0.0004151530537,5.803636961e-06,0.0007590966244,9.498967518e-06,0.0003426042908,5.13260793e-06,0.001277834314,3.031917627e-05,0.0006874312815,2.967068872e-05,0.0005986278535,2.955312449e-06,0.0006920374102,-3.327090957e-05,0.04447567102
330.0,0.000415571136,5.821915651e-06,0.0007531222478,9.409644033e-06,0.0003440995594,5.167819341e-06,0.001277144774,3.046087519e-05,0.0006836384907,2.960594427e-05,0.0005937708172,2.93224467e-06,0.0006954343166,-3.421846966e-05,0.04444145255
331.0,0.0004159925543,5.840852524e-06,0.0007466218719,9.313215581e-06,0.0003456259698,5.20299036e-06,0.001271546551,3.063642717e-05,0.0006798477854,2.947420231e-05,0.000589053102,2.908173832e-06,0.0006995997433,-3.577055515e-05,0.044405682
332.0,0.0004163985966,5.860012472e-06,0.0007397257739,9.210583831e-06,0.0003472100945,5.238048554e-06,0.001271900358,3.081913063e-05,0.0006760450075,2.940544869e-05,0.000584405041,2.88409616e-06,0.0007039399398,-3.742488769e-05,0.04436825711
333.0,0.0004168417735,5.878844369e-06,0.0007324195625,9.102182728e-06,0.0003488147289,5.273137026e-06,0.001270428799,3.097571082e-05,0.0006722802088,2.926668463e-05,0.000579852133,2.862821856e-06,0.0007076844933,-3.831967863e-05,0.04432993743
334.0,0.0004172258763,5.897568006e-06,0.0007246511482,8.987782074e-06,0.0003504522093,5.308426883e-06,0.001271391068,3.114805044e-05,0.0006684383099,2.919188504e-05,0.0005754590451,2.839520181e-06,0.0007117924407,-3.978806062e-05,0.04429014937
335.0,0.0004176684821,5.915842944e-06,0.0007166457334,8.867671625e-06,0.0003521176382,5.344099108e-06,0.001269468867,3.132897395e-05,0.00066474381,2.905597136e-05,0.0005711397253,2.819167974e-06,0.0007160981971,-4.130532662e-05,0.04424884404
336.0,0.0004180511039,5.933409095e-06,0.000708287832,8.743230068e-06,0.000353791322,5.380228208e-06,0.001271878161,3.148171774e-05,0.000661014706,2.89786948e-05,0.0005668968499,2.800263716e-06,0.0007197614399,-4.262862268e-05,0.04420621542
337.0,0.000418494293,5.950009963e-06,0.0006996956526,8.614295398e-06,0.0003554594164,5.416350375e-06,0.001271827917,3.158236316e-05,0.00065740738,2.887100203e-05,0.0005628311119,2.778459813e-06,0.0007222412663,-4.264180742e-05,0.04416357361
338.0,0.0004189415307,5.965998627e-06,0.0006908123377,8.481459509e-06,0.0003571351964,5.452148845e-06,0.001274863494,3.168065442e-05,0.0006539949447,2.879446294e-05,0.0005588132828,2.763306316e-06,0.0007246666358,-4.292759335e-05,0.04412064602
339.0,0.0004193856514,5.981057902e-06,0.0006816855736,8.345617324e-06,0.0003588177228,5.487588096e-06,0.001274468094,3.175987745e-05,0.0006507425114,2.871408573e-05,0.0005548403982,2.743064384e-06,0.0007266568004,-4.333725884e-05,0.04407730876
340.0,0.0004197826287,5.995333263e-06,0.0006725180975,8.207386204e-06,0.0003605004808,5.522456234e-06,0.001279519219,3.181017125e-05,0.0006475922706,2.862369924e-05,0.0005509411607,2.723902435e-06,0.0007279879285,-4.328598961e-05,0.04403402277
341.0,0.0004202215224,6.008773983e-06,0.0006631690746,8.067198525e-06,0.0003621697379,5.556701018e-06,0.001279794304,3.180732283e-05,0.0006445362144,2.85497312e-05,0.0005471058867,2.705816657e-06,0.0007281035977,-4.179573525e-05,0.04399222704
342.0,0.0004205759034,6.021582383e-06,0.0006536490638,7.926466775e-06,0.000363822452,5.59034011e-06,0.001283573224,3.178752825e-05,0.0006415876153,2.845757659e-05,0.0005433370947,2.685865347e-06,0.0007278312978,-4.072466647e-05,0.04395150237
343.0,0.0004209833113,6.033336544e-06,0.0006441031154,7.785445424e-06,0.0003654634536,5.62329796e-06,0.001282870716,3.176959373e-05,0.000638737989,2.840250808e-05,0.0005396004323,2.666595248e-06,0.000727600255,-4.008054131e-05,0.04391142183
344.0,0.0004212888363,6.044068912e-06,0.0006344846426,7.644989541e-06,0.000367045559,5.655593148e-06,0.001285911487,3.174540674e-05,0.0006360706674,2.832993906e-05,0.0005358304565,2.648281805e-06,0.0007272264046,-3.896595951e-05,0.04387245587
345.0,0.0004216090888,6.053705979e-06,0.0006249709682,7.505570877e-06,0.0003685787684,5.687101664e-06,0.001285373929,3.16797322e-05,0.0006334219296,2.82600141e-05,0.0005320645756,2.6288093e-06,0.0007259061076,-3.700587915e-05,0.04383544999
346.0,0.0004218712934,6.062603688e-06,0.0006156177445,7.368867362e-06,0.0003700782269,5.717770079e-06,0.00128767746,3.160499743e-05,0.0006309375645,2.82052479e-05,0.0005282969558,2.610326519e-06,0.0007243735316,-3.531926028e-05,0.04380013073
347.0,0.0004221911776,6.070737098e-06,0.0006064661172,7.234759219e-06,0.0003715352624,5.747639928e-06,0.001285867295,3.156204286e-05,0.0006283797944,2.812478239e-05,0.0005245646119,2.590089434e-06,0.0007235661481,-3.388921439e-05,0.04376624151
348.0,0.0004223991982,6.078253942e-06,0.0005974672401,7.105383119e-06,0.0003729549325,5.776599539e-06,0.001285470133,3.148752041e-05,0.0006260288691,2.805451333e-05,0.0005207238822,2.573060005e-06,0.000722043143,-3.194858625e-05,0.04373429293
349.0,0.0004226228042,6.084929414e-06,0.0005888381676,2.943360791e-05,0.000374338424,5.804686943e-06,0.001284862569,3.142842559e-05,0.0006237576794,2.800447628e-05,0.0005169243615,2.554789076e-06,0.0007208665689,-3.098172651e-05,0.0437033112
350.0,0.0004226976373,6.090685955e-06,0.0005830904047,2.910218194e-05,0.0003756724593,5.83184807e-06,0.001283079983,3.131828777e-05,0.0006216228454,2.794295812e-05,0.0005130465853,2.53521983e-06,0.000718522047,-2.856500215e-05,0.0436747462
351.0,0.0004226820281,6.095935521e-06,0.0005780053465,2.882261798e-05,0.0003769599386,5.858363286e-06,0.001281473316,3.120905513e-05,0.0006193933431,2.789006293e-05,0.000509154496,2.516827387e-06,0.0007161993127,-2.649308691e-05,0.04364825311
352.0,0.0004227192379,6.100955998e-06,0.0005730298807,2.855358493e-05,0.0003782506346,5.884138097e-06,0.001279144537,3.100943793e-05,0.0006173314562,2.782621421e-05,0.0005052596289,2.496619193e-06,0.0007117968569,3.620727956e-07,0.04364861519
353.0,0.0004226963309,6.10523744e-06,0.0005677343763,2.826863095e-05,0.0003795420682,5.909330341e-06,0.00127635111,3.067633516e-05,0.0006152855469,2.775517636e-05,0.0005014077113,2.476821657e-06,0.0007043391075,1.780954457e-06,0.04365039614
354.0,0.0004226365726,6.108251224e-06,0.0005621605414,2.796480026e-05,0.0003807996868,5.933582143e-06,0.001271278473,3.035823848e-05,0.0006132714339,2.767704681e-05,0.0004974647629,2.45891566e-06,0.000697217578,3.715677344e-06,0.04365411182
355.0,0.000422362878,6.109432491e-06,0.0005563726217,2.765254963e-05,0.0003819752956,5.956930568e-06,0.001269716739,3.013638304e-05,0.0006112599727,2.758142123e-05,0.0004934970766,2.436515953e-06,0.0006923041382,4.936548997e-06,0.04365904837
356.0,0.0004220444034,6.108421182e-06,0.0005506149719,2.734398133e-05,0.0003831290741,5.979300037e-06,0.001266014772,3.000235872e-05,0.0006093063616,2.749544961e-05,0.0004894908483,2.418846657e-06,0.0006894030607,5.597504017e-06,0.04366464587
357.0,0.0004215689994,6.105157871e-06,0.000545100464,2.705296596e-05,0.0003842043987,6.000537523e-06,0.001262088168,2.990336247e-05,0.0006072826423,2.741335024e-05,0.0004854136654,2.398024589e-06,0.0006873119284,6.517448372e-06,0.04367116332
358.0,0.0004210289916,6.099810654e-06,0.0005401359715,2.679230953e-05,0.000385252998,6.020755689e-06,0.001257682084,2.987190657e-05,0.000605275628,2.73113881e-05,0.0004813412649,2.374385881e-06,0.0006867748992,6.649553556e-06,0.04367781287
359.0,0.0004203681542,6.092381563e-06,0.0005357892574,2.656741396e-05,0.0003862546271,6.039847648e-06,0.001252697844,2.979717131e-05,0.0006031062733,2.722099254e-05,0.0004772102261,2.353826019e-06,0.0006852424888,7.583709115e-06,0.04368539658
360.0,0.0004195921506,6.083266505e-06,0.0005319329958,2.637448613e-05,0.000387226823,6.057786013e-06,0.001247046663,2.971012019e-05,0.0006009577864,2.711407797e-05,0.0004731154303,2.331953251e-06,0.0006834263864,8.154164062e-06,0.04369355075
361.0,0.000418766224,6.072523186e-06,0.0005284767321,2.62128727e-05,0.0003881445768,6.074561022e-06,0.001241041361,2.958620797e-05,0.0005986314156,2.701495707e-05,0.0004690194722,2.307954287e-06,0.0006807624726,8.921690955e-06,0.04370247244
362.0,0.000417848884,6.060509153e-06,0.0005254981626,2.607977763e-05,0.0003890172554,6.09019386e-06,0.001235618628,2.943390261e-05,0.0005963420252,2.689231156e-05,0.000464895391,2.287911339e-06,0.0006774450257,9.845932476e-06,0.04371231837
363.0,0.0004168795071,6.047190605e-06,0.0005231106981,2.59746796e-05,0.0003898514742,6.104751256e-06,0.00122699959,2.922721341e-05,0.0005939302429,2.679205935e-05,0.0004606850283,2.265027226e-06,0.0006728814563,1.140920908e-05,0.04372372758
364.0,0.0004157634186,6.03220895e-06,0.0005212179752,2.589776413e-05,0.0003906264644,6.118284626e-06,0.001221318463,2.900282431e-05,0.0005915767036,2.66824661e-05,0.0004565086626,2.242388134e-06,0.000667901108,1.276249254e-05,0.04373649007
365.0,0.0004145792935,6.015790733e-06,0.0005196824137,2.584086725e-05,0.0003913446654,6.130757562e-06,0.001214435823,2.879630466e-05,0.0005891261782,2.656757752e-05,0.0004522351675,2.221001369e-06,0.00066333392,1.379299798e-05,0.04375028307
366.0,0.0004132529166,5.997764985e-06,0.0005185171422,2.580570176e-05,0.0003920058953,6.142039051e-06,0.001208803212,2.86105433e-05,0.0005866102286,2.644682269e-05,0.000448000459,2.197409951e-06,0.000659245317,1.469177607e-05,0.04376497484
367.0,0.0004118671628,5.977970577e-06,0.0005176619971,2.579246645e-05,0.0003926099956,6.152052791e-06,0.001203082373,2.841476425e-05,0.0005841252941,2.632083408e-05,0.0004436504892,2.176161632e-06,0.000654926488,1.596189224e-05,0.04378093674
368.0,0.0004103255512,5.956323602e-06,0.0005170799646,2.580175984e-05,0.0003931585125,6.160890578e-06,0.001197766432,2.825739995e-05,0.0005815999498,2.619699461e-05,0.0004393607038,2.15265452e-06,0.0006514896022,1.681983661e-05,0.04379775657
369.0,0.0004087301354,5.933062313e-06,0.0005169341442,2.583243281e-05,0.0003936527224,6.168340404e-06,0.001191798876,2.813548456e-05,0.0005789401038,2.606826274e-05,0.0004349797365,2.130845149e-06,0.0006488719221,1.735544328e-05,0.04381511202
370.0,0.0004070221473,5.908315381e-06,0.0005171713419,6.134215439e-06,0.000394098281,6.174470297e-06,0.001188979526,2.803548696e-05,0.0005762267473,2.593269259e-05,0.0004306234262,2.108573014e-06,0.0006467617087,1.789865843e-05,0.04383301068
371.0,0.0004052920608,5.880945257e-06,0.0005155586253,6.123708873e-06,0.0003945075834,6.179376347e-06,0.001184694505,2.792525544e-05,0.0005734571356,2.577999432e-05,0.0004262121196,2.086673985e-06,0.0006444145859,1.905462574e-05,0.0438520653
372.0,0.0004034224212,5.851556023e-06,0.0005140523838,6.115402013e-06,0.0003948425884,6.182914103e-06,0.001181961925,2.78611055e-05,0.0005706263451,2.563583331e-05,0.0004218340993,2.062947812e-06,0.0006431290799,1.957735509e-05,0.04387164266
373.0,0.0004014869668,5.82098965e-06,0.0005132432765,6.117608123e-06,0.000395072789,6.184975333e-06,0.001180474899,2.779155612e-05,0.0005676905468,2.549495492e-05,0.0004173858605,2.041885964e-06,0.0006417255638,2.047145645e-05,0.04389211411
374.0,0.0003994707765,5.789608834e-06,0.0005133215974,6.135556917e-06,0.0003952096475,6.185559442e-06,0.001178014377,2.776043155e-05,0.0005646771872,2.533785543e-05,0.000412975452,2.01874299e-06,0.000641207538,4.801386222e-05,0.04394012797
375.0,0.0003974236532,5.755669401e-06,0.0005143286113,6.168297542e-06,0.0003952658343,6.184703726e-06,0.001174689963,2.751002239e-05,0.0005614833522,2.518146062e-05,0.0004085993946,1.995321195e-06,0.0006356307139,4.959881844e-05,0.04398972679
376.0,0.0003953480651,5.722588772e-06,0.0005161529648,6.214822159e-06,0.0003952271805,6.182048048e-06,0.001173276999,2.728419363e-05,0.000558203734,2.502194632e-05,0.0004042715485,1.973458406e-06,0.0006306169528,5.16489655e-05,0.04404137576
377.0,0.0003932016194,5.6896276e-06,0.0005186118739,6.272526152e-06,0.0003950979493,6.177766174e-06,0.001172398973,2.716060702e-05,0.000554744359,2.486829231e-05,0.0003998111509,1.950169663e-06,0.0006279605397,5.305175293e-05,0.04409442751
378.0,0.0003909757146,5.656526975e-06,0.000521549028,6.337047321e-06,0.0003948892212,6.172058245e-06,0.001173248922,2.710482104e-05,0.0005512050132,2.472457132e-05,0.0003953967128,1.92738306e-06,0.0006268721225,5.507502539e-05,0.04414950254
379.0,0.0003886952393,5.622650505e-06,0.0005247961079,6.405412164e-06,0.0003945788389,6.164916256e-06,0.001172231252,2.714545027e-05,0.0005475128678,2.45712101e-05,0.0003909896056,1.9044882e-06,0.0006280225156,5.641394425e-05,0.04420591648
380.0,0.0003863221277,5.587848875e-06,0.0005282031757,6.475846063e-06,0.0003941900751,6.156504636e-06,0.001172051655,2.723390844e-05,0.0005439008456,2.440398446e-05,0.0003866302766,1.881479715e-06,0.0006302751673,5.767643832e-05,0.04426359292
381.0,0.000383937853,5.552024331e-06,0.0005317503315,6.547470643e-06,0.0003937088029,6.146785778e-06,0.001171879759,2.73239423e-05,0.0005401198048,2.423332588e-05,0.000382234786,1.859064893e-06,0.0006325709627,5.915632128e-05,0.04432274924
382.0,0.0003814638889,5.515332633e-06,0.0005352626662,6.620735342e-06,0.0003931399155,6.13562906e-06,0.001170387115,2.743016028e-05,0.0005363133496,2.406828001e-05,0.0003779042409,1.835989619e-06,0.000635243212,5.997309993e-05,0.04438272234
383.0,0.0003789289728,5.478108985e-06,0.0005387265979,6.69513115e-06,0.000392484539,6.122922353e-06,0.001169514544,2.750095375e-05,0.0005324633841,2.389651549e-05,0.0003735984208,1.812517654e-06,0.0006370972136,6.096843892e-05,0.04444369078
384.0,0.0003764053246,5.440519854e-06,0.0005422719343,6.769965424e-06,0.0003917556209,6.108770793e-06,0.001166591609,2.753553544e-05,0.000528552109,2.372493297e-05,0.000369303159,1.789564076e-06,0.0006381142299,6.16572278e-05,0.04450534801
385.0,0.0003738311169,5.40302058e-06,0.0005458645442,6.843869894e-06,0.000390930752,6.093112778e-06,0.001163010051,2.755257058e-05,0.0005246234024,2.354796586e-05,0.0003650207451,1.766490996e-06,0.0006387242434,6.228249806e-05,0.04456763051
386.0,0.0003712458359,5.365827173e-06,0.0005493990661,6.918686023e-06,0.00039001773,6.07586752e-06,0.001160030346,2.753129526e-05,0.0005205711507,2.338698374e-05,0.0003607256022,1.743178029e-06,0.0006384489948,6.318652508e-05,0.04463081703
387.0,0.0003687226086,5.328953408e-06,0.0005530053525,6.994581244e-06,0.0003890124893,6.057082887e-06,0.001154145792,2.75013724e-05,0.0005163455223,2.319674851e-05,0.0003564362738,1.720755132e-06,0.0006379705535,6.351310764e-05,0.04469433014
388.0,0.000366164708,5.292530887e-06,0.0005565197217,7.070015122e-06,0.0003878983653,6.036831315e-06,0.001148253275,2.748212559e-05,0.0005120086767,2.302080086e-05,0.0003521615059,1.698505651e-06,0.0006377427334,6.365565585e-05,0.04475798579
389.0,0.0003636330305,5.255940707e-06,0.0005599321944,7.144713219e-06,0.0003867075566,6.015145257e-06,0.001142942894,2.743127623e-05,0.000507552267,2.282964415e-05,0.0003478980607,1.676175107e-06,0.0006367763288,6.4093746e-05,0.04482207954
390.0,0.0003610931603,5.219465644e-06,0.0005634808306,7.219128994e-06,0.0003854325098,5.992051775e-06,0.001135420637,2.740739264e-05,0.0005031149897,2.264647638e-05,0.0003436716664,1.653903473e-06,0.0006364344395,6.379839462e-05,0.04488587793
391.0,0.0003585010142,5.182373964e-06,0.0005669391652,7.291676836e-06,0.0003840584848,5.967524607e-06,0.001129236907,2.737685757e-05,0.0004986532045,2.246019453e-05,0.000339426699,1.631607008e-06,0.0006359398621,6.37109017e-05,0.04494958884
392.0,0.0003559198075,5.144863454e-06,0.0005703100291,7.361335793e-06,0.000382599924,5.941782349e-06,0.001122155047,2.734885025e-05,0.0004941401088,2.22678792e-05,0.0003352240571,1.608725134e-06,0.0006355035268,6.31409001e-05,0.04501272974
393.0,0.0003532671174,5.106782077e-06,0.0005736293276,7.429752853e-06,0.0003810498584,5.914991547e-06,0.001113017846,2.731377878e-05,0.0004895773819,2.206285687e-05,0.0003309510083,1.586284479e-06,0.0006348934538,6.254605716e-05,0.04507527579
394.0,0.0003505945825,5.067884034e-06,0.0005768466022,7.495171867e-06,0.0003794058677,5.88721276e-06,0.001106101634,2.725475882e-05,0.0004848878274,2.18635295e-05,0.0003266981744,1.564670032e-06,0.0006337367042,6.218431616e-05,0.04513746011
395.0,0.0003478926678,5.028766033e-06,0.0005797790648,7.556913166e-06,0.0003776758612,5.858219837e-06,0.001094980764,2.719814281e-05,0.0004801704194,2.165342186e-05,0.0003224337651,1.541586847e-06,0.0006326244299,6.130287654e-05,0.04519876299
396.0,0.0003451337783,4.989265646e-06,0.0005824310211,7.613475263e-06,0.0003758649238,5.827975214e-06,0.001088296781,2.712306965e-05,0.0004754622061,2.144996714e-05,0.0003181760788,1.519006057e-06,0.0006310853882,6.068289816e-05,0.04525944588
397.0,0.0003424091777,4.949590683e-06,0.0005848002274,7.667059305e-06,0.0003739920389,5.796563139e-06,0.001077883633,2.70293283e-05,0.0004707529933,2.124541658e-05,0.0003139117115,1.497010515e-06,0.0006291066983,5.971435908e-05,0.04531916024
398.0,0.0003396190947,4.909754831e-06,0.0005868327072,7.717205872e-06,0.0003720394375,5.763959301e-06,0.00107036261,2.693019303e-05,0.0004658863428,2.10374151e-05,0.0003096258211,1.474845431e-06,0.0006269991835,5.869555747e-05,0.0453778558
399.0,0.0003368538787,4.869583001e-06,0.0005885563666,7.762544351e-06,0.0003700098102,5.730193018e-06,0.001060086339,2.682699346e-05,0.0004610696578,2.083186076e-05,0.0003053551706,1.452293361e-06,0.0006247965396,5.786638854e-05,0.04543572219
400.0,0.0003340335576,4.829347925e-06,0.0005899259554,7.802935023e-06,0.0003679050544,5.695305016e-06,0.001051800758,2.671045441e-05,0.000456022479,2.063346859e-05,0.0003010917308,1.430166657e-06,0.0006222746229,5.685206815e-05,0.04549257426
401.0,0.0003312436686,4.788913823e-06,0.0005909146987,7.839134167e-06,0.000365732017,5.659386111e-06,0.001040833468,2.659360371e-05,0.0004508818274,2.041043347e-05,0.000296841711,1.407997168e-06,0.0006197476779,5.554228491e-05,0.04554811654
402.0,0.0003284128074,4.748692245e-06,0.0005916387769,7.871929038e-06,0.000363504986,5.622398418e-06,0.001034216757,2.647906361e-05,0.0004457835163,2.018822864e-05,0.0002925672108,1.385883155e-06,0.0006172660754,5.42192328e-05,0.04560233578
403.0,0.0003255510114,4.7079805e-06,0.0005920374399,7.89887814e-06,0.0003611928157,5.584360547e-06,0.001025068836,2.633653918e-05,0.000440595672,1.996224741e-05,0.0002882929466,1.363808818e-06,0.0006141289787,5.329944164e-05,0.04565563522
404.0,0.0003226327702,4.666959535e-06,0.0005920677755,7.921023337e-06,0.000358798819,5.545609646e-06,0.001017439465,2.619768883e-05,0.0004354304181,1.973369654e-05,0.000284030677,1.342207561e-06,0.0006110742777,5.206989644e-05,0.04570770511
405.0,0.0003197128963,4.625216063e-06,0.0005917944064,7.938581024e-06,0.0003563362731,5.506191716e-06,0.001008889317,2.605309328e-05,0.0004302029102,1.95142617e-05,0.0002797780337,1.320454638e-06,0.0006078791093,5.058681317e-05,0.04575829193
406.0,0.0003167427105,4.583219577e-06,0.00059123162,7.951755616e-06,0.000353801559,5.466012971e-06,0.001001087915,2.589874661e-05,0.0004250899241,1.928895173e-05,0.0002755584324,1.299007924e-06,0.0006044522783,4.930445317e-05,0.04580759638
407.0,0.0003137419518,4.540644392e-06,0.0005904277602,7.960288472e-06,0.0003512008855,5.425142211e-06,0.000993277721,2.572418274e-05,0.0004197725211,1.905835393e-05,0.0002713506049,1.277871646e-06,0.0006005520277,4.836329076e-05,0.04585595967
408.0,0.0003106735978,4.497375147e-06,0.0005893381958,7.964109317e-06,0.0003485536898,5.383521457e-06,0.0009868021498,2.555262333e-05,0.000414470991,1.88242443e-05,0.000267139545,1.25692429e-06,0.000596716919,4.715892408e-05,0.04590311859
409.0,0.0003075836794,4.453528465e-06,0.0005880559103,7.963181606e-06,0.0003458550059,5.341263041e-06,0.0009785234502,2.536707871e-05,0.0004090823125,1.858538104e-05,0.0002629433308,1.236182403e-06,0.0005925476577,4.582006865e-05,0.04594893866
410.0,0.0003044482974,4.409318975e-06,0.0005864981385,7.957636821e-06,0.0003430985936,5.298319038e-06,0.0009724072714,2.518349231e-05,0.0004036677401,1.834454243e-05,0.0002587913935,1.215295412e-06,0.0005884179279,4.460315452e-05,0.04599354182
411.0,0.0003013203678,4.364182588e-06,0.0005847079232,7.948544636e-06,0.0003402983069,5.254696941e-06,0.0009659733482,2.497064661e-05,0.0003982444429,1.810336414e-05,0.0002546849799,1.194448272e-06,0.0005836060568,4.369038951e-05,0.04603723221
412.0,0.0002981107659,4.318747005e-06,0.0005826127716,7.935372953e-06,0.0003374311878,5.21034189e-06,0.0009600491731,2.476021854e-05,0.0003928230348,1.786738916e-05,0.0002505868985,1.174548694e-06,0.0005788403578,4.252258751e-05,0.04607975479
413.0,0.0002949262355,4.272942353e-06,0.0005802337491,7.918438934e-06,0.0003345179237,5.165325059e-06,0.0009522969299,2.454997967e-05,0.0003873479916,1.763213962e-05,0.0002465514262,1.154157503e-06,0.0005740752956,4.127568158e-05,0.04612103048
414.0,0.0002917290003,4.226867097e-06,0.0005777354584,7.897551445e-06,0.0003315689796,5.119650445e-06,0.000946643256,2.432704894e-05,0.0003818895155,1.74097962e-05,0.0002425690981,1.134136525e-06,0.0005690077814,4.014841679e-05,0.04616117889
415.0,0.0002885312653,4.180372177e-06,0.0005749275626,7.873224351e-06,0.0003285722622,5.073315832e-06,0.0009400797149,2.408688846e-05,0.0003764504336,1.717260671e-05,0.0002386416524,1.114454005e-06,0.0005635331696,3.930900167e-05,0.04620048789
416.0,0.0002852766929,4.133390781e-06,0.0005719366488,7.845496455e-06,0.0003255368106,5.026603615e-06,0.0009333580005,2.384935903e-05,0.0003710388119,1.693680475e-05,0.0002347473898,1.095044484e-06,0.0005581170677,3.832747947e-05,0.04623881537
417.0,0.0002820325683,4.08614271e-06,0.000568774415,7.81580881e-06,0.0003224587831,4.979518944e-06,0.000925440504,2.359863854e-05,0.0003656236775,1.669679503e-05,0.0002308959381,1.076056403e-06,0.0005523805749,3.727923813e-05,0.04627609461
418.0,0.0002787440966,4.038470571e-06,0.0005654801471,7.783913152e-06,0.0003193505654,4.932059706e-06,0.0009187269393,2.334833081e-05,0.0003602513083,1.646226157e-05,0.0002270905539,1.057581632e-06,0.0005466538659,3.626872407e-05,0.04631236334
419.0,0.0002754627485,3.990436576e-06,0.0005620960522,7.750614084e-06,0.0003162047486,4.884176588e-06,0.0009102657307,2.307654746e-05,0.0003548912378,1.62223035e-05,0.0002233702694,1.039040866e-06,0.0005404184632,3.56040948e-05,0.04634796743
420.0,0.000272127852,3.942087733e-06,0.0005585928192,7.71498739e-06,0.0003130430776,4.835874091e-06,0.0009036530306,2.280218096e-05,0.000349583742,1.598673063e-05,0.0002197490069,1.020812199e-06,0.0005341164026,3.472490541e-05,0.04638269234
421.0,0.000268775358,3.893567902e-06,0.0005549601842,7.677663611e-06,0.0003098648405,4.787247453e-06,0.0008944695859,2.253586589e-05,0.0003443631865,1.575364939e-05,0.0002161563962,1.002950579e-06,0.0005279980107,3.374731347e-05,0.04641643965
422.0,0.0002653763264,3.844725183e-06,0.0005512196012,7.63839306e-06,0.0003066756238,4.738197261e-06,0.0008865086147,2.225603256e-05,0.0003392229881,1.552889914e-05,0.000212598824,9.852076301e-07,0.0005215591293,3.290967705e-05,0.04644934933
423.0,0.0002619868977,3.795675967e-06,0.0005473595893,7.597732834e-06,0.000303464909,4.688927311e-06,0.0008776854932,2.194818072e-05,0.0003341774031,1.530236592e-05,0.0002090746514,9.67807417e-07,0.0005144598247,3.244031437e-05,0.04648178964
424.0,0.0002585678106,3.746429671e-06,0.0005435506438,7.556356105e-06,0.0003002599666,4.639409919e-06,0.0008693391403,2.164753156e-05,0.000329172549,1.508048566e-05,0.0002055950143,9.507580518e-07,0.0005075227493,3.173841489e-05,0.04651352806
425.0,0.0002551341567,3.696902751e-06,0.0005397376375,7.513246956e-06,0.0002970535357,4.589810994e-06,0.0008588308398,2.135069305e-05,0.0003241988056,1.486255045e-05,0.0002021503209,9.339287079e-07,0.0005006701259,3.095415387e-05,0.04654448221
426.0,0.0002516377302,3.647277581e-06,0.0005358638654,7.468968019e-06,0.000293836293,4.540024866e-06,0.0008491081552,2.104259484e-05,0.0003192972731,1.464648566e-05,0.0001987568043,9.18061251e-07,0.000493551784,3.033728583e-05,0.0465748195
427.0,0.0002481567542,3.597322764e-06,0.000531908584,7.423002467e-06,0.0002906000284,4.490037979e-06,0.0008381048101,2.071237185e-05,0.000314398591,1.442854616e-05,0.0001954097863,9.021784152e-07,0.0004859089454,3.007448462e-05,0.04660489398
428.0,0.000244627874,3.547016222e-06,0.0005279592204,7.376296781e-06,0.0002873644814,4.439887315e-06,0.0008281646557,2.039185028e-05,0.0003096210258,1.421635624e-05,0.000192341945,8.882749577e-07,0.0004784880436,2.960448357e-05,0.04663449846
429.0,0.0002426704449,3.496412116e-06,0.0005267609613,7.329357811e-06,0.0002867512727,4.389400056e-06,0.0008458318161,2.076370418e-05,0.0003048789633,1.400263117e-05,0.0001893442206,8.721299854e-07,0.0004854434282,2.526816822e-05,0.04665976663
430.0,0.0002400501028,3.445036365e-06,0.0005206456303,7.254581167e-06,0.0002839572156,4.340375336e-06,0.0008219638485,2.004022135e-05,0.000300213713,1.378929088e-05,0.0001860614331,8.568306831e-07,0.0004705960065,7.954380808e-06,0.04666772101
431.0,0.0002348752384,3.392884323e-06,0.0005174532818,7.233125275e-06,0.0002792175691,4.287785513e-06,0.0007958548759,1.957719287e-05,0.0002956060395,1.357864581e-05,0.000182851802,8.418618192e-07,0.0004596743851,2.409797708e-05,0.04669181899
432.0,0.0002311889039,3.341871278e-06,0.0005140961169,7.204066637e-06,0.000275228713,4.237089151e-06,0.0007799426154,1.912895763e-05,0.0002910286286,1.33683167e-05,0.0001799010379,8.287790732e-07,0.0004492182641,2.719063835e-05,0.04671900963
433.0,0.0002287264609,3.290325744e-06,0.0005126446909,7.163501075e-06,0.0002742821827,4.186335877e-06,0.000795750251,1.940819499e-05,0.0002865088453,1.316639454e-05,0.0001770243553,8.142628956e-07,0.0004540930254,2.238123845e-05,0.04674139087
434.0,0.0002259057005,3.238815923e-06,0.0005062596924,7.089469514e-06,0.0002708010754,4.136641344e-06,0.0007753881131,1.867884146e-05,0.0002820849635,1.296140294e-05,0.0001739257243,8.006975856e-07,0.0004389801277,8.140383424e-06,0.04674953125
435.0,0.0002205759786,3.184834921e-06,0.0005033351575,7.074002074e-06,0.0002658487332,4.083534002e-06,0.0007451497298,1.812016878e-05,0.0002776747097,1.27644036e-05,0.0001710852565,7.8833859e-07,0.0004257940817,2.257035654e-05,0.04677210161
436.0,0.000218272507,3.132751393e-06,0.0005025871543,7.053049958e-06,0.0002644863452,4.031942112e-06,0.0007552685913,1.827163508e-05,0.0002732552698,1.256324492e-05,0.0001683046645,7.75310377e-07,0.0004277502239,2.228290185e-05,0.04679438451
437.0,0.0002149964516,3.080838576e-06,0.0004966958249,6.990427708e-06,0.0002605620431,3.981656092e-06,0.0007370712224,1.752402006e-05,0.0002689197224,1.2363861e-05,0.0001654225706,7.629642002e-07,0.0004120646991,9.180019235e-06,0.04680356453
438.0,0.0002096035056,3.026583938e-06,0.0004945502232,6.98237667e-06,0.0002557216447,3.927923179e-06,0.0007063076361,1.703402056e-05,0.0002646124258,1.216352124e-05,0.0001628158584,7.522486791e-07,0.0004004931797,2.230351489e-05,0.04682586804
439.0,0.0002075952866,2.974264338e-06,0.0004942429872,6.967439576e-06,0.0002544262419,3.875428012e-06,0.0007162115615,1.719824639e-05,0.0002603090374,1.196341765e-05,0.000160225606,7.407578977e-07,0.0004028298368,2.02924708e-05,0.04684616051
440.0,0.0002042769962,2.92266329e-06,0.0004886324861,6.910073611e-06,0.0002505599293,3.824310965e-06,0.0007033592659,1.651749804e-05,0.00025610354,1.176448123e-05,0.0001575701852,7.300563592e-07,0.0003886050539,9.664090296e-06,0.0468558246
441.0,0.0001989835136,2.868372085e-06,0.0004869095839,6.909812576e-06,0.0002456764465,3.769808163e-06,0.0006727992578,1.604657968e-05,0.0002519356885,1.157058075e-05,0.000155219825,7.209814812e-07,0.0003774733098,2.175304274e-05,0.04687757765
442.0,0.0001970248384,2.816153396e-06,0.000487044254,6.901019402e-06,0.0002443742283,3.716835389e-06,0.0006817192791,1.625944628e-05,0.0002478104799,1.137992984e-05,0.0001528811955,7.116062481e-07,0.0003810279074,1.827212701e-05,0.04689584977
443.0,0.0001937165708,2.765066817e-06,0.0004817372945,6.848084429e-06,0.0002404890248,3.665267015e-06,0.0006731295474,1.562940496e-05,0.0002437783428,1.119129114e-05,0.000150488625,7.030209432e-07,0.000367899051,9.665607952e-06,0.04690551538
444.0,0.0001884814149,2.711234372e-06,0.0004803390484,6.851616241e-06,0.0002355591272,3.610246137e-06,0.0006434208637,1.518410812e-05,0.0002397565593,1.10101415e-05,0.0001483939549,6.958615446e-07,0.0003573643444,2.11350404e-05,0.04692665042
445.0,0.0001866394155,2.659493407e-06,0.0004807784234,6.845475547e-06,0.0002342562599,3.556694789e-06,0.0006531222409,1.540227939e-05,0.0002357640806,1.082873756e-05,0.0001462724913,6.886779711e-07,0.0003611114242,1.686629878e-05,0.04694351672
446.0,0.0001833271547,2.609213757e-06,0.0004754277812,6.793028043e-06,0.0002303427994,3.504791121e-06,0.0006463523922,1.484100877e-05,0.0002318201941,1.064851024e-05,0.0001441285639,6.823020016e-07,0.0003495115236,9.401729167e-06,0.04695291845
447.0,0.0001782296779,2.556385363e-06,0.0004742692869,6.797312679e-06,0.0002253943918,3.44932618e-06,0.0006182521823,1.438089061e-05,0.000227905703,1.047175385e-05,0.0001423023218,6.775932329e-07,0.0003386222783,2.035084757e-05,0.0469732693
448.0,0.0001765166476,2.505998145e-06,0.0004748372055,6.790734727e-06,0.0002240934293,3.395442859e-06,0.0006273147655,1.461232948e-05,0.0002240206542,1.029784884e-05,0.0001404719373,6.724753059e-07,0.0003427463395,1.572774264e-05,0.04698899704
449.0,0.0001732976706,2.457121311e-06,0.0004694986239,6.736736409e-06,0.0002201866397,3.3432555e-06,0.000625003517,1.408120091e-05,0.0002202149903,1.012546876e-05,0.000138587529,6.682476124e-07,0.0003317718778,9.72204199e-06,0.04699871908
450.0,0.0001683732258,2.406528929e-06,0.0004682703226,6.73975659e-06,0.0002152142546,3.287557784e-06,0.0005961307109,1.360261181e-05,0.0002164765105,9.96060708e-06,0.0001370071409,6.65760244e-07,0.0003204435652,1.234955305e-05,0.04701106864
451.0,0.0001669093773,2.359082299e-06,0.0004688068072,6.731761096e-06,0.0002139303554,3.233535712e-06,0.0006071037261,1.393230002e-05,0.0002127487681,9.802229829e-06,0.0001354351427,6.627381292e-07,0.0003269358444,1.434432745e-05,0.04702541296
452.0,0.0001637511177,2.31171098e-06,0.0004632858767,6.675408073e-06,0.0002100269074,3.181621728e-06,0.0006039964707,1.341612875e-05,0.000209105968,9.641907714e-06,0.0001338091938,6.605605753e-07,0.0003162438424,9.683759918e-06,0.04703509672
453.0,0.0001589680865,2.26412336e-06,0.0004619538806,6.676001893e-06,0.000205048514,3.126235768e-06,0.0005768210629,1.291476305e-05,0.0002055723956,9.491735451e-06,0.0001324802187,6.599956299e-07,0.0003043720354,1.227008071e-05,0.0470473668
454.0,0.0001576837513,2.219115544e-06,0.0004622766002,6.664569661e-06,0.0002037863895,3.072563373e-06,0.0005857612224,1.325053173e-05,0.0002020816769,9.345382485e-06,0.0001311436718,6.587628787e-07,0.0003110645761,1.303600002e-05,0.0470604028
455.0,0.0001546623717,2.17366535e-06,0.0004565305007,6.604246658e-06,0.0001998922287,3.021025456e-06,0.0005837409175,1.273635632e-05,0.0001986324831,9.199679825e-06,0.0001297495952,6.581415943e-07,0.000300347002,9.964998245e-06,0.0470703678
456.0,0.0001500662074,2.128603832e-06,0.0004549443579,6.600764057e-06,0.0001949188063,2.966045445e-06,0.0005554359273,1.221885047e-05,0.0001953389766,9.058961089e-06,0.000128645027,6.589578746e-07,0.0002880893076,1.234208525e-05,0.04708270989
457.0,0.0001489329606,2.08606819e-06,0.0004550295658,6.585130629e-06,0.000193692163,2.912878387e-06,0.0005638022799,1.257233299e-05,0.0001920370226,8.923104042e-06,0.0001275037716,6.588726183e-07,0.0002952582436,1.175025662e-05,0.04709446014
458.0,0.0001460300504,2.042580741e-06,0.0004489521406,6.520847153e-06,0.000189826342,2.861991613e-06,0.0005624776839,1.204397491e-05,0.0001888094626,8.792837053e-06,0.000126303501,6.592048057e-07,0.0002841318943,1.079819726e-05,0.04710525834
459.0,0.0001415862602,2.000314312e-06,0.0004470919452,6.512410596e-06,0.0001848893566,2.80776942e-06,0.0005349172279,1.155180616e-05,0.0001858011508,8.669147681e-06,0.000125362507,6.607699419e-07,0.0002724679357,1.230074183e-05,0.04711755908
460.0,0.0001406082115,1.960223479e-06,0.0004468912499,6.493156695e-06,0.000183722633,2.755455853e-06,0.0005419962278,1.196237233e-05,0.0001828083801,8.55372196e-06,0.0001243709821,6.613655865e-07,0.0002810346921,1.039236513e-05,0.04712795145
461.0,0.0001378543173,1.918484238e-06,0.0004406648198,6.425467253e-06,0.0001799028314,2.705749778e-06,0.0005410308838,1.141479119e-05,0.0001798624653,8.435469484e-06,0.0001233054072,6.621984097e-07,0.0002693888255,1.122404487e-05,0.04713917549
462.0,0.0001335569504,1.878944211e-06,0.0004386033532,6.413917668e-06,0.0001750010111,2.652547821e-06,0.0005128279642,1.09241327e-05,0.0001771301811,8.326365941e-06,0.0001225037931,6.6417346e-07,0.0002577557132,1.215829866e-05,0.04715133379
463.0,0.0001327228902,1.841160724e-06,0.0004383171921,6.390887545e-06,0.0001739011424,2.601264977e-06,0.0005190165755,1.139735924e-05,0.0001744002925,8.21977608e-06,0.000121631461,6.650254423e-07,0.0002678513318,9.246087182e-06,0.04716057988
464.0,0.0001300784723,1.80097675e-06,0.0004320901587,6.319471593e-06,0.0001701497729,2.552726177e-06,0.0005195135059,1.082690279e-05,0.0001716693989,8.116349686e-06,0.0001206584357,6.660093583e-07,0.0002556015116,1.149272909e-05,0.04717207261
465.0,0.0001259479403,1.764013568e-06,0.0004298477138,6.302611571e-06,0.0001653070695,2.500699526e-06,0.0004914067446,1.032786941e-05,0.0001691491752,8.018445284e-06,0.0001199157588,6.679907462e-07,0.0002437689061,1.124390393e-05,0.04718331651
466.0,0.0001253127638,1.72873432e-06,0.0004293970766,6.274349612e-06,0.0001642824783,2.450654667e-06,0.0004977059093,1.086968812e-05,0.000166608197,7.925944795e-06,0.0001190899125,6.687489202e-07,0.0002555282189,8.077248943e-06,0.04719139376
467.0,0.0001228154243,1.690321981e-06,0.0004228178555,6.19671302e-06,0.0001605812692,2.403506931e-06,0.0004965707701,1.023135208e-05,0.0001640416531,7.832158626e-06,0.0001181585217,6.694240686e-07,0.0002416170838,1.199068694e-05,0.04720338445
468.0,0.0001189101174,1.655981414e-06,0.0004201324885,6.173423304e-06,0.000155813487,2.352853448e-06,0.0004706909875,9.739741901e-06,0.0001616636575,7.74082144e-06,0.000117438768,6.711149277e-07,0.0002299559386,1.167002528e-05,0.04721505447
469.0,0.0001184207926,1.622950334e-06,0.0004192468118,6.138344553e-06,0.0001548551979,2.304152991e-06,0.0004750149878,1.036446666e-05,0.0001592621421,7.65577672e-06,0.0001166138169,6.715307135e-07,0.0002437182153,6.816962616e-06,0.04722187144
470.0,0.0001160586211,1.586735296e-06,0.0004121963174,6.053732632e-06,0.0001512191478,2.258435242e-06,0.000473635038,9.654849693e-06,0.0001568271572,7.566800041e-06,0.0001157707903,6.723640517e-07,0.0002280667031,1.151494757e-05,0.04723338638
471.0,0.0001136514899,1.555305139e-06,0.0004099082779,6.02318835e-06,0.0001478794408,2.209072318e-06,0.0004579704209,1.000333902e-05,0.0001545534974,7.48557095e-06,0.0001149004702,6.727875742e-07,0.0002353072815,9.76375118e-06,0.04724315013
472.0,0.0001114618601,1.521823815e-06,0.0004044726836,5.948353954e-06,0.000144637314,2.164166919e-06,0.0004576868598,9.213397116e-06,0.0001522010083,7.401850556e-06,0.0001141373868,6.731426871e-07,0.0002176712826,1.181621356e-05,0.04725496635
473.0,0.0001098046435,1.492729972e-06,0.0004025801782,5.916726732e-06,0.0001420867413,2.116094283e-06,0.0004424959274,9.619757822e-06,0.0001499883646,7.325766003e-06,0.000113208663,6.732759802e-07,0.0002263155388,8.701837382e-06,0.04726366819
474.0,0.0001075307409,1.460984565e-06,0.0003963753,5.836173465e-06,0.0001386275578,2.072484813e-06,0.0004429780106,8.821953738e-06,0.0001476549027,7.243356953e-06,0.0001124265971,6.730885399e-07,0.0002084564926,5.840433528e-06,0.04726950862
475.0,0.0001059382036,1.434274477e-06,0.0003939755317,5.797695779e-06,0.0001360608338,2.025749477e-06,0.0004270571321,9.302990557e-06,0.0001454708949,7.16773224e-06,0.0001114728664,6.727884014e-07,0.0002188923199,8.119402337e-06,0.04727762802
476.0,0.0001037857625,1.404364894e-06,0.0003875334216,5.711303008e-06,0.0001327228726,1.983501391e-06,0.0004306779632,8.499578687e-06,0.0001431454136,7.085102219e-06,0.0001106601072,6.721083846e-07,0.0002008676113,4.505759841e-06,0.04728213378
477.0,0.0001022659425,1.379296614e-06,0.0003847573301,5.667456207e-06,0.0001302385118,1.938095185e-06,0.0004130352956,8.981493832e-06,0.0001409783889,7.008236341e-06,0.000109673417,6.713206256e-07,0.0002113538139,7.600202703e-06,0.04728973398
478.0,0.0001001455061,1.351477266e-06,0.0003779540334,5.576531051e-06,0.0001269534628,1.897143007e-06,0.0004166931878,8.14933157e-06,0.0001386720951,6.925807022e-06,0.0001088357486,6.701680147e-07,0.0001926142296,3.680414053e-06,0.0472934144
479.0,9.874232587e-05,1.327845139e-06,0.0003749038768,5.527266173e-06,0.0001245584401,1.853058939e-06,0.0003995847244,8.641475771e-06,0.0001365222607,4.504057839e-07,0.0001076798278,6.677401298e-07,0.0002033738849,7.039989463e-06,0.04730045439
480.0,9.679717108e-05,1.302923307e-06,0.000367756934,5.431194676e-06,0.0001214120751,1.81447603e-06,0.0004055523415,7.797012354e-06,0.0001335982442,4.436558386e-07,0.0001065469707,6.641289598e-07,0.0001843069692,3.310207287e-06,0.04730376459
481.0,9.550437095e-05,1.281301643e-06,0.0003644249345,5.377769752e-06,0.0001191350935,1.772691998e-06,0.0003888074226,8.302265292e-06,0.0001309407957,4.375985909e-07,0.0001052827612,6.606651558e-07,0.0001954095602,6.534979344e-06,0.04731029957
482.0,9.364249127e-05,1.258844648e-06,0.0003571482868,5.278934816e-06,0.0001160434186,1.735271604e-06,0.0003942304428,7.450652431e-06,0.0001282434338,4.316674072e-07,0.0001042188502,6.57208396e-07,0.0001761363732,3.469152398e-06,0.04731376873
483.0,9.240680025e-05,1.238457999e-06,0.0003536266222,5.222403358e-06,0.0001138413898,1.69472429e-06,0.0003771849677,7.98345924e-06,0.0001257372131,4.261749264e-07,0.0001029972458,6.538093852e-07,0.0001879209709,6.139275017e-06,0.047319908
484.0,9.066475701e-05,1.218362296e-06,0.000346263331,5.121487121e-06,0.0001108263918,1.658574038e-06,0.0003856517361,7.125501289e-06,0.0001231887415,4.206898864e-07,0.0001019651835,6.503922412e-07,0.000168463569,4.08002262e-06,0.04732398802
485.0,8.953086756e-05,1.198961477e-06,0.0003424506208,5.06154088e-06,0.0001087123484,1.619344912e-06,0.0003684806633,7.682863924e-06,0.0001208064694,4.155284929e-07,0.0001007754997,6.468844093e-07,0.0001808577964,5.752747993e-06,0.04732974077
486.0,8.786782402e-05,1.180900185e-06,0.0003348309659,4.956917538e-06,0.0001057647816,1.584496108e-06,0.0003758425743,6.812725082e-06,0.000118358531,4.103234191e-07,9.975891188e-05,6.432803632e-07,0.0001610800823,4.994250736e-06,0.04733473502
487.0,8.680383243e-05,1.161841092e-06,0.0003308203264,4.893378074e-06,0.0001037490254,1.546659993e-06,0.0003584702417,7.38788256e-06,0.000116043167,4.054163874e-07,9.858873587e-05,6.39605955e-07,0.0001739237946,5.415789497e-06,0.04734015081
488.0,8.524302036e-05,1.145482533e-06,0.0003230948196,4.785430383e-06,0.0001008810712,1.513158011e-06,0.0003671089383,1.822094329e-05,0.0001138268634,4.00624232e-07,9.762527766e-05,6.361381733e-07,0.0004308409904,2.009351603e-05,0.04736024433
489.0,8.392665537e-05,1.124264899e-06,0.0003168885028,4.687652123e-06,9.907117511e-05,1.482731225e-06,0.0003401269296,7.033677085e-06,0.0001114852083,3.954397661e-07,9.640582317e-05,6.312991706e-07,0.0001655881585,6.136186116e-06,0.04736638051
490.0,8.189512328e-05,1.10699034e-06,0.0003101280152,4.596388776e-06,9.596774068e-05,1.44783053e-06,0.0003475157999,6.660927389e-06,0.0001092316522,3.906285713e-07,9.539763008e-05,6.27785714e-07,0.0001571736406,8.136736328e-06,0.04737451725
491.0,8.145965571e-05,1.089618946e-06,0.0003061237676,4.524484993e-06,9.454249565e-05,1.412245301e-06,0.0003477352901,6.491130777e-06,0.000107040431,3.859629873e-07,9.433019909e-05,6.232139378e-07,0.0001531621429,8.601082981e-06,0.04738311833
492.0,7.983990856e-05,1.073185546e-06,0.0003001024697,4.44033497e-06,9.196226746e-05,1.379013303e-06,0.0003341003958,6.517174168e-06,0.0001049054238,3.815142357e-07,9.319344552e-05,6.193102118e-07,0.0001534543708,9.526711875e-06,0.04739264505
493.0,7.848323505e-05,1.059531108e-06,0.0002933278428,4.339318674e-06,8.953991169e-05,1.347375825e-06,0.0003406781345,6.055149481e-06,0.0001027864983,3.770737489e-07,9.223057043e-05,6.153117547e-07,0.0001428943145,5.304327927e-06,0.04739794937
494.0,7.794826144e-05,1.041670812e-06,0.0002889234233,4.263989271e-06,8.815417371e-05,1.314413356e-06,0.0003354138602,1.663257036e-05,0.0001008539989,3.727649374e-07,9.117565686e-05,6.106109844e-07,0.0003924901241,1.574996965e-05,0.04741369934
495.0,7.566175633e-05,1.022557547e-06,0.0002809369692,4.154517923e-06,8.553617865e-05,1.288748884e-06,0.0003154674047,6.123474795e-06,9.886081479e-05,3.681936989e-07,9.000406063e-05,6.058541582e-07,0.0001441894303,7.525808747e-06,0.04742122515
496.0,7.415966087e-05,1.006313763e-06,0.0002748490589,4.062325008e-06,8.3179968e-05,1.257796658e-06,0.0003247665232,5.948777532e-06,9.690983606e-05,3.63722034e-07,8.904201139e-05,6.012755233e-07,0.0001403893417,5.279169178e-06,0.04742650432
497.0,7.365964229e-05,9.885661199e-07,0.0002708930146,3.993900899e-06,8.202611808e-05,1.226455315e-06,0.0003206968171,5.756303021e-06,9.50577643e-05,3.593651804e-07,8.793606919e-05,5.959130305e-07,0.0001358402983,6.55486038e-06,0.04743305918
498.0,7.177379853e-05,9.71692323e-07,0.0002647678621,3.910055254e-06,7.95098473e-05,1.198275926e-06,0.0003052702848,5.840839561e-06,9.325665691e-05,3.551069425e-07,8.681943606e-05,5.912677737e-07,0.0001375406075,1.021899348e-05,0.04744327817
499.0,7.029012447e-05,9.579671064e-07,0.0002581098026,3.809019448e-06,7.73979954e-05,1.171499103e-06,0.0003096472604,1.530717819e-05,9.153273408e-05,3.508630115e-07,8.591957802e-05,5.864904957e-07,0.000361263647,1.876129866e-05,0.04746203947
500.0,6.946515623e-05,9.37524414e-07,0.0002524762642,3.713218952e-06,7.65311638e-05,1.14770474e-06,0.0002944418882,5.349225971e-06,8.98158737e-05,3.462996947e-07,8.474701821e-05,5.802243964e-07,0.0001262356904,6.12700635e-06,0.04746816648
501.0,6.770405896e-05,9.206075726e-07,0.0002475433836,3.647421652e-06,7.417311093e-05,1.119912343e-06,0.0002813549,5.341420731e-06,8.809974863e-05,3.419250192e-07,8.361650509e-05,5.750975234e-07,0.0001257801002,7.887150621e-06,0.04747605363
502.0,6.630404229e-05,9.084915119e-07,0.0002415807084,3.555488137e-06,7.219985072e-05,1.094347093e-06,0.0002875132363,1.433152044e-05,8.651087464e-05,3.37650445e-07,8.271860918e-05,5.699546899e-07,0.0003382364612,1.95319298e-05,0.04749558556
503.0,6.556322733e-05,8.887629304e-07,0.0002367335113,3.470088068e-06,7.146825443e-05,1.071766624e-06,0.0002763238136,5.258309766e-06,8.495552927e-05,3.33150588e-07,8.156124528e-05,5.633914299e-07,0.0001240895846,4.341962228e-06,0.04749992752
504.0,6.383534135e-05,8.717806331e-07,0.0002323370532,3.413228109e-06,6.924759957e-05,1.045643746e-06,0.0002615188143,4.817373063e-06,8.339513669e-05,3.288156819e-07,8.043648872e-05,5.579529852e-07,0.0001134385437,9.771266904e-06,0.04750969879
505.0,6.250414222e-05,8.59792405e-07,0.000226956208,3.33083191e-06,6.740635963e-05,1.021645434e-06,0.0002689120187,1.327397438e-05,8.194729848e-05,3.245408941e-07,7.954904317e-05,5.52488158e-07,0.0003132747525,2.195491661e-05,0.04753165371
506.0,6.174318513e-05,8.399066205e-07,0.0002227643853,3.256212596e-06,6.680617747e-05,1.000532985e-06,0.0002589975058,4.991615368e-06,8.0524086e-05,3.200583443e-07,7.841261875e-05,5.45715453e-07,0.0001177951133,2.821764051e-06,0.04753447547
507.0,5.999796243e-05,8.222302826e-07,0.000218807916,3.208880805e-06,6.470903575e-05,9.760776652e-07,0.0002447189979,4.37703252e-06,7.908284838e-05,3.157358286e-07,7.730840619e-05,5.400052549e-07,0.0001030682495,8.283622711e-06,0.04754275909
508.0,5.865864571e-05,8.094491638e-07,0.0002138358222,3.133498589e-06,6.298513209e-05,9.53613429e-07,0.0002532339241,1.237562962e-05,7.773941351e-05,3.114498499e-07,7.643334011e-05,5.343204803e-07,0.0002920707971,2.130393052e-05,0.04756406302
509.0,5.791353954e-05,7.888591978e-07,0.0002101222923,3.066579501e-06,6.251694138e-05,9.33753051e-07,0.0002425345909,4.643776704e-06,7.639936719e-05,3.069485814e-07,7.53192061e-05,5.273349773e-07,0.0001095862281,2.441248682e-06,0.04756650427
510.0,5.615098696e-05,7.70685243e-07,0.0002066632735,3.027485174e-06,6.051196555e-05,9.105191385e-07,0.0002297722837,4.123960859e-06,7.503659365e-05,3.026258541e-07,7.422779347e-05,5.213784523e-07,9.710815974e-05,8.210289192e-06,0.04757471456
511.0,5.480223578e-05,7.568159012e-07,0.0002020444487,2.957196964e-06,5.888634921e-05,8.891276559e-07,0.0002392580271,1.169388985e-05,7.376719611e-05,2.982890757e-07,7.336609712e-05,5.155026629e-07,0.0002759814811,2.017265669e-05,0.04759488722
512.0,5.411025089e-05,7.357580517e-07,0.0001987854404,2.897112701e-06,5.85296739e-05,8.701615072e-07,0.000228063395,4.347475024e-06,7.249347343e-05,2.937829437e-07,7.226189098e-05,5.08325933e-07,0.0001025939383,2.684578948e-06,0.0475975718
513.0,5.237907457e-05,7.173236583e-07,0.0001958491684,2.864219401e-06,5.659684883e-05,8.477148256e-07,0.0002170393807,3.949830047e-06,7.119929152e-05,2.894194234e-07,7.118615175e-05,5.022960521e-07,9.300843331e-05,7.7414022e-06,0.0476053132
514.0,5.1055903e-05,7.028458621e-07,0.0001915298211,2.797534903e-06,5.506044076e-05,8.272065264e-07,0.0002261843946,1.110784506e-05,6.996800163e-05,2.850881682e-07,7.0340913e-05,4.962917226e-07,0.0002621514928,1.862240216e-05,0.0476239356
515.0,5.046112764e-05,6.820346975e-07,0.0001886459261,2.741324331e-06,5.478251332e-05,8.089944555e-07,0.0002149271829,4.133672103e-06,6.872086233e-05,2.805948658e-07,6.925826248e-05,4.890688872e-07,9.754901037e-05,2.484375547e-06,0.04762641998
516.0,4.874710708e-05,6.635231993e-07,0.0001859018622,2.710139197e-06,5.290993762e-05,7.874585606e-07,0.0002028395859,3.693238965e-06,6.746443147e-05,2.76277708e-07,6.819976453e-05,4.829760647e-07,8.696635551e-05,7.036470763e-06,0.04763345645
517.0,4.747319007e-05,6.48905908e-07,0.0001818138749,2.645408995e-06,5.144126776e-05,7.678395372e-07,0.0002144117477,1.053501418e-05,6.625978824e-05,2.719187746e-07,6.737745496e-05,4.769327588e-07,0.0002486328803,1.720880796e-05,0.04765066526
518.0,4.697332731e-05,6.289826595e-07,0.0001791443758,2.592143586e-06,5.123893799e-05,7.502898462e-07,0.0002048542207,3.96842747e-06,6.50537799e-05,2.674725847e-07,6.633177371e-05,4.698119874e-07,9.364976255e-05,2.346288398e-06,0.04765301154
519.0,4.529913284e-05,6.106836065e-07,0.000176476838,2.56149733e-06,4.942813694e-05,7.297596671e-07,0.0001931713282,3.389755123e-06,6.384626137e-05,2.631391436e-07,6.530245607e-05,4.637369763e-07,7.981994377e-05,6.120134927e-06,0.04765913168
520.0,4.410836419e-05,5.964549783e-07,0.0001724662353,2.498351264e-06,4.803044236e-05,7.110379673e-07,0.0002035530455,1.008899837e-05,6.267057361e-05,2.587933915e-07,6.452117359e-05,4.577859953e-07,0.0002381063501,1.768521777e-05,0.0476768169
521.0,4.369570737e-05,5.776856142e-07,0.0001699096366,2.447388833e-06,4.787573426e-05,6.941649672e-07,0.0001975516669,3.820683485e-06,6.151631247e-05,2.544157439e-07,6.351959287e-05,4.507630972e-07,9.016300444e-05,2.588499601e-06,0.0476794054
522.0,4.206986998e-05,5.602596886e-07,0.0001672355956,2.41711166e-06,4.612809293e-05,6.746952081e-07,0.0001847775345,3.139654256e-06,6.035634085e-05,2.5013501e-07,6.252068473e-05,4.448018518e-07,7.39299326e-05,5.162435278e-06,0.04768456783
523.0,4.096641024e-05,5.465451724e-07,0.0001632391771,2.355325364e-06,4.477456778e-05,6.568524862e-07,0.0001960846953,9.702721891e-06,5.921744697e-05,2.458577483e-07,6.177840568e-05,4.389584701e-07,0.0002289897047,1.771797481e-05,0.04770228581
524.0,4.063756525e-05,5.291770011e-07,0.0001608245529,2.307086982e-06,4.467573889e-05,6.406817582e-07,0.0001907360368,3.669131285e-06,5.811164946e-05,2.415890673e-07,6.081778045e-05,4.321523187e-07,8.658620836e-05,3.072567133e-06,0.04770535837
525.0,3.907081007e-05,5.129519256e-07,0.0001582274962,2.277322855e-06,4.298057614e-05,6.221917808e-07,0.0001776256316,8.844219239e-06,5.699704042e-05,2.373945199e-07,5.986091092e-05,4.262833182e-07,0.0002082557553,1.519462596e-06,0.04770687784
526.0,3.814327226e-05,5.041969702e-07,0.0001538502594,2.211262188e-06,4.174120932e-05,6.068557176e-07,0.0001907767949,3.382949043e-06,5.590356091e-05,2.333347174e-07,5.910908028e-05,4.204882935e-07,7.983897474e-05,5.934389212e-06,0.04771281223
527.0,3.78712052e-05,4.827737083e-07,0.0001530451228,2.186793673e-06,4.159055289e-05,5.877984577e-07,0.0001881266236,9.215288513e-06,5.486182566e-05,2.292343307e-07,5.822452478e-05,4.140522362e-07,0.0002174710325,1.52288755e-05,0.0477280411
528.0,3.62510035e-05,4.692952919e-07,0.0001489237833,2.134873224e-06,4.007990397e-05,5.736084017e-07,0.0001726481733,2.943981367e-06,5.382845276e-05,2.252794711e-07,5.726684613e-05,4.083132869e-07,6.932295269e-05,4.009049536e-06,0.04773205015
529.0,3.517686681e-05,4.542839802e-07,0.000145260477,2.080225517e-06,3.874852447e-05,5.560493741e-07,0.0001816936132,3.229322232e-06,5.277676046e-05,2.213640589e-07,5.658656795e-05,4.027968156e-07,7.62137589e-05,4.640301958e-06,0.04773669045
530.0,3.511006035e-05,4.383122854e-07,0.0001442133783,2.055082914e-06,3.869139822e-05,5.389227639e-07,0.0001787451956,8.600156935e-06,5.181824727e-05,2.175244263e-07,5.574768607e-05,3.965558303e-07,0.0002029544083,1.559666687e-05,0.04775228712
531.0,3.363848168e-05,4.277171948e-07,0.0001403481221,2.008132346e-06,3.723251088e-05,5.254996572e-07,0.0001650766865,8.206159222e-06,5.084368547e-05,2.136500566e-07,5.48350323e-05,3.909284459e-07,0.0001932333129,2.823929138e-06,0.04775511105
532.0,3.28302861e-05,4.199524168e-07,0.0001365570429,1.954211316e-06,3.600853774e-05,5.107276314e-07,0.0001758957421,3.196013039e-06,4.987080313e-05,2.099988116e-07,5.415238417e-05,3.855004829e-07,7.542769679e-05,5.045543132e-06,0.04776015659
533.0,3.281488017e-05,1.624063484e-06,0.0001359813148,1.937211726e-06,3.596000146e-05,4.936159352e-07,0.0001722720073,8.562936891e-06,4.896452472e-05,2.063132268e-07,5.331918977e-05,3.79352157e-07,0.0002020764292,1.542861456e-05,0.04777558521
534.0,3.15139373e-05,3.965329243e-07,0.000132454684,1.897031053e-06,3.452257444e-05,4.807093898e-07,0.0001580396583,2.794099115e-06,4.806500281e-05,2.027745452e-07,5.240562919e-05,3.739218715e-07,6.579359173e-05,3.044237494e-06,0.04777862944
535.0,3.046081256e-05,3.830937884e-07,0.0001293117474,1.852670708e-06,3.330924562e-05,4.653814546e-07,0.0001659370003,2.97533914e-06,4.714990595e-05,1.992228781e-07,5.176528408e-05,3.686635076e-07,7.02197273e-05,4.224016384e-06,0.04778285346
536.0,3.067391859e-05,1.501406268e-06,0.0001286979113,1.835480543e-06,3.338985465e-05,4.503012547e-07,0.0001625246507,7.82693198e-06,4.631788494e-05,1.957443051e-07,5.094490943e-05,3.626481006e-07,0.0001847064961,1.484889445e-05,0.04779770235
537.0,2.950818948e-05,3.679409188e-07,0.0001254711676,1.799229617e-06,3.200732284e-05,4.384667348e-07,0.0001509799176,7.393842485e-06,4.547022488e-05,1.922526417e-07,5.004896746e-05,3.572647107e-07,0.000174104573,1.693507363e-06,0.04779939586
538.0,2.869197807e-05,3.607864104e-07,0.0001223029327,1.754083613e-06,3.089992824e-05,4.25924279e-07,0.0001605765716,2.857938818e-06,4.459510258e-05,1.888895074e-07,4.938691351e-05,3.520291006e-07,6.744894281e-05,4.75717931e-06,0.04780415304
539.0,2.896535056e-05,1.415561826e-06,0.0001221591157,1.742266429e-06,3.099657408e-05,4.111964119e-07,0.0001554102989,7.649897747e-06,4.379425445e-05,1.855240572e-07,4.856384387e-05,3.460735532e-07,0.0001805290951,1.3792853e-05,0.04781794589
540.0,2.78368672e-05,3.477821164e-07,0.0001191890599,1.708441427e-06,2.964830536e-05,4.001640331e-07,0.0001424384755,2.559595768e-06,4.298440129e-05,1.821747738e-07,4.765689549e-05,3.408350502e-07,6.027118366e-05,1.241721164e-06,0.04781918762
541.0,2.676086705e-05,3.336247328e-07,0.0001164606007,1.668879358e-06,2.857123782e-05,3.876150908e-07,0.0001503477233,7.459720719e-06,4.217275979e-05,1.789164326e-07,4.703985347e-05,3.357673519e-07,0.0001760527105,1.465643038e-05,0.04783384405
542.0,2.717556366e-05,1.323927652e-06,0.0001154216656,1.642846745e-06,2.879645495e-05,3.765039327e-07,0.0001495479753,7.453412054e-06,4.139470658e-05,1.755805386e-07,4.619168634e-05,3.297830778e-07,0.0001758893491,1.969147236e-05,0.04785353552
543.0,2.629978592e-05,1.312100102e-06,0.0001131945492,1.619693274e-06,2.744905595e-05,3.655173284e-07,0.0001376589962,2.467554243e-06,4.063061242e-05,1.723988424e-07,4.529170447e-05,3.246809851e-07,5.810256014e-05,2.805690527e-06,0.04785634121
544.0,2.551798454e-05,3.174919287e-07,0.0001109913794,1.587427322e-06,2.645193329e-05,3.543492961e-07,0.0001427519344,2.640596592e-06,3.982517625e-05,1.692125538e-07,4.466384592e-05,3.196747936e-07,6.231799478e-05,2.758547419e-06,0.04785909976
545.0,2.630504476e-05,1.274777346e-06,0.0001111933388,1.579746335e-06,2.669194015e-05,3.421288277e-07,0.0001420260582,6.626117325e-06,3.909418164e-05,1.660731284e-07,4.384642272e-05,3.13944752e-07,0.0001563649029,1.426172307e-05,0.04787336148
546.0,2.542529116e-05,1.267949272e-06,0.0001085918437,1.550643471e-06,2.541740448e-05,3.327060241e-07,0.0001271195782,6.212221334e-06,3.834467317e-05,1.628571632e-07,4.295363913e-05,3.088611252e-07,0.000146275896,2.601081449e-07,0.04787362159
547.0,2.466986532e-05,3.108933952e-07,0.0001059104625,1.512318173e-06,2.441929815e-05,3.230727536e-07,0.000139996177,6.904786294e-06,3.758024716e-05,1.597695947e-07,4.231881444e-05,3.038516396e-07,0.0001629524025,1.207162584e-05,0.04788569321
548.0,2.532450297e-05,1.238066097e-06,0.0001052570899,1.49058199e-06,2.468718305e-05,3.127547168e-07,0.0001350765284,2.626853428e-06,3.682161459e-05,1.56611125e-07,4.145641461e-05,2.979669828e-07,6.198835461e-05,7.456963593e-07,0.04788643891
549.0,2.459084782e-05,1.222993889e-06,0.0001039929679,1.478379823e-06,2.341068233e-05,3.0179535e-07,0.0001217149521,2.285941303e-06,3.608444307e-05,1.535695409e-07,4.058048616e-05,2.930859179e-07,5.382502566e-05,4.928606277e-07,0.04788693177
550.0,2.361130632e-05,2.941079267e-07,0.0001013650883,1.439565566e-06,2.248506075e-05,2.924378594e-07,0.0001336971501,6.416885419e-06,3.534501859e-05,1.505651355e-07,3.997989607e-05,2.882236651e-07,0.0001514362018,1.014786796e-05,0.04789707964
551.0,2.433430542e-05,1.179112322e-06,0.0001003142525,1.414541025e-06,2.281352724e-05,1.127558273e-06,0.0001300286507,6.237998575e-06,3.459771745e-05,1.474268667e-07,3.911648379e-05,2.823298005e-07,0.0001472012796,1.497625259e-05,0.04791205589
552.0,2.345883713e-05,1.163052955e-06,9.780936316e-05,1.385347541e-06,2.162572045e-05,2.751580847e-07,0.0001218578021,5.97533441e-06,3.389944634e-05,1.44389114e-07,3.825166801e-05,2.774088104e-07,0.0001406925228,1.892736972e-06,0.04791394863
553.0,2.28638834e-05,1.142601049e-06,9.548259092e-05,1.349749724e-06,2.074189097e-05,2.672253023e-07,0.0001285233109,2.426789536e-06,3.31576576e-05,1.414923589e-07,3.76239025e-05,2.725385538e-07,5.726965036e-05,2.935617227e-06,0.04791688424
554.0,2.381205564e-05,1.144524003e-06,9.588465765e-05,1.34347456e-06,2.108244981e-05,1.021191173e-06,0.0001274982599,6.106888032e-06,3.242241928e-05,1.385323833e-07,3.681454403e-05,2.669719288e-07,0.0001441057473,1.287536487e-05,0.04792975961
555.0,2.295001051e-05,1.12911202e-06,9.276520374e-05,1.307456879e-06,1.99468109e-05,9.908431518e-07,0.0001159165821,5.762363432e-06,3.171061048e-05,1.355541945e-07,3.595837351e-05,2.620904948e-07,0.0001356762278,1.007305535e-06,0.04793076691
556.0,2.223356921e-05,1.106071466e-06,9.0094493e-05,1.26641659e-06,1.911206758e-05,2.420969942e-07,0.0001258779413,2.336026983e-06,3.099752335e-05,1.328025758e-07,3.536616673e-05,2.574148539e-07,5.512711745e-05,2.420033825e-06,0.04793318695
557.0,2.32870842e-05,1.11074764e-06,9.006730051e-05,1.25515044e-06,1.950860921e-05,9.270083742e-07,0.0001260914822,5.92368559e-06,3.028602548e-05,1.299772905e-07,3.459004474e-05,2.520148934e-07,0.0001397805435,1.123018511e-05,0.04794441713
558.0,2.250497658e-05,1.094782903e-06,8.683401235e-05,1.218561545e-06,1.840644207e-05,8.983954742e-07,0.0001131198039,5.59344821e-06,2.959754291e-05,1.27125778e-07,3.377602657e-05,2.473299893e-07,0.0001316968771,-7.168198304e-07,0.04794370031
559.0,2.175742354e-05,1.074376201e-06,8.446545262e-05,1.182262823e-06,1.761024517e-05,8.7510686e-07,0.0001229514057,6.12176975e-06,2.889200541e-05,1.244494567e-07,3.321709823e-05,2.427858269e-07,0.0001444622899,1.098494816e-05,0.04795468526
560.0,2.25398743e-05,1.06838184e-06,8.31677728e-05,1.155116157e-06,1.810465622e-05,8.472658418e-07,0.0001252759312,6.119520398e-06,2.819481514e-05,1.216772381e-07,3.245232605e-05,2.373921074e-07,0.0001443965813,1.590960234e-05,0.04797059486
561.0,2.179014752e-05,1.052623599e-06,8.087788333e-05,1.129736649e-06,1.70790715e-05,8.20905171e-07,0.0001183511029,5.68231493e-06,2.752916594e-05,1.189817803e-07,3.168522836e-05,2.329039945e-07,0.000133783223,4.361377404e-06,0.04797495624
562.0,2.129992179e-05,1.041575932e-06,7.901319489e-05,1.100749653e-06,1.636181256e-05,8.010867365e-07,0.0001173312216,2.413238418e-06,2.685153139e-05,1.165060433e-07,3.116139911e-05,2.285689245e-07,5.694569121e-05,5.081886925e-07,0.04797546443
563.0,2.218708162e-05,1.039049724e-06,7.833634007e-05,1.08351883e-06,1.692472777e-05,7.712901895e-07,0.0001173075949,5.746006259e-06,2.618776107e-05,1.139763518e-07,3.046512643e-05,2.235203849e-07,0.0001355780346,1.428550579e-05,0.04798974994
564.0,2.138604575e-05,1.025262793e-06,7.555659684e-05,1.053602602e-06,1.591189181e-05,7.482281154e-07,0.0001112427004,5.231435112e-06,2.55737052e-05,1.114927902e-07,2.97448769e-05,2.192408909e-07,0.000123164891,2.649683027e-06,0.04799239962
565.0,2.091730824e-05,1.018259205e-06,7.387894102e-05,1.025343061e-06,1.523366588e-05,7.311639577e-07,0.0001161166917,2.20997349e-06,2.496948801e-05,1.092269935e-07,2.926556143e-05,2.150754015e-07,5.214751129e-05,4.87242075e-07,0.04799288686
566.0,2.172006526e-05,1.013539562e-06,7.331441404e-05,1.009259096e-06,1.585344619e-05,7.067176159e-07,0.0001138665328,5.369488701e-06,2.437834782e-05,1.068900257e-07,2.862289897e-05,2.101831658e-07,0.0001266911105,1.220446702e-05,0.04800509133
567.0,2.084410753e-05,9.966119353e-07,7.04471123e-05,9.778013485e-07,1.488604404e-05,6.869424765e-07,0.0001060593103,5.002125697e-06,2.383403516e-05,1.045822761e-07,2.795671804e-05,2.060288557e-07,0.000117763067,-4.242999201e-07,0.04800466703
568.0,2.027921073e-05,9.883208213e-07,6.893119836e-05,9.514764087e-07,1.424027015e-05,6.727495078e-07,0.0001125536795,5.514321832e-06,2.330534872e-05,1.024494165e-07,2.751595407e-05,2.019743134e-07,0.0001301153738,1.084645443e-05,0.04801551348
569.0,2.084362925e-05,9.729077064e-07,6.780788555e-05,9.268037148e-07,1.48862886e-05,6.542718081e-07,0.0001156864852,5.488591502e-06,2.275861179e-05,1.001718012e-07,2.689003761e-05,1.97074344e-07,0.0001294961159,1.5954905e-05,0.04803146839
570.0,2.00054142e-05,9.583346234e-07,6.561686862e-05,9.030950134e-07,1.401616615e-05,6.375612414e-07,0.0001053575344,5.014496194e-06,2.226945718e-05,9.794972665e-08,2.626122498e-05,1.930530364e-07,0.0001180496266,3.324313406e-06,0.0480347927
571.0,1.956101156e-05,9.557124921e-07,6.436894412e-05,8.810753014e-07,1.342925988e-05,6.252962693e-07,0.000106552577,2.167410564e-06,2.180166638e-05,9.592908668e-08,2.584478529e-05,1.891435167e-07,5.113989184e-05,-2.580652596e-08,0.04803476689
572.0,2.017583723e-05,9.393496199e-07,6.386270212e-05,8.653966673e-07,1.417134015e-05,6.074038675e-07,0.0001042551128,5.053764383e-06,2.132354247e-05,9.380848903e-08,2.526701085e-05,1.845071001e-07,0.0001192335311,1.260379828e-05,0.04804737069
573.0,1.914472758e-05,9.173934105e-07,6.127920578e-05,8.376858915e-07,1.329954258e-05,5.933211778e-07,9.619854321e-05,4.507997857e-06,2.086951339e-05,9.168615532e-08,2.465561157e-05,1.806191479e-07,0.0001061229601,2.006217437e-09,0.0480473727
574.0,1.859334859e-05,9.113745496e-07,6.01427721e-05,8.162786727e-07,1.273518745e-05,5.828225503e-07,0.0001028908913,5.007330263e-06,2.045461723e-05,8.972797112e-08,2.425679566e-05,1.768233379e-07,0.0001181452072,1.10715387e-05,0.04805844424
575.0,1.901054626e-05,8.875574798e-07,5.929543068e-05,7.944870405e-07,1.347687419e-05,5.688510152e-07,0.0001051452592,4.89034542e-06,2.000551325e-05,8.759739046e-08,2.36738314e-05,1.722035054e-07,0.0001153750733,1.574579086e-05,0.04807419003
576.0,1.807951043e-05,8.693445614e-07,5.715530321e-05,7.72982258e-07,1.266173079e-05,5.56040761e-07,9.368940907e-05,4.299454843e-06,1.959826375e-05,8.551087522e-08,2.308120923e-05,1.684525383e-07,0.0001012103764,2.586826336e-06,0.04807677686
577.0,1.76702324e-05,8.676755909e-07,5.618105251e-05,7.557012895e-07,1.21205427e-05,5.461555982e-07,9.72408983e-05,1.969276141e-06,1.922090848e-05,8.356479676e-08,2.269314804e-05,1.647697146e-07,4.646257291e-05,1.022260759e-07,0.04807687908
578.0,1.820094282e-05,8.405060291e-07,5.600553814e-05,7.443861929e-07,1.294609124e-05,5.329033111e-07,9.531819232e-05,4.382151167e-06,1.884025143e-05,8.157611917e-08,2.215571216e-05,1.604167803e-07,0.0001033832127,1.107873019e-05,0.04808795781
579.0,1.711830557e-05,8.134554808e-07,5.363902864e-05,7.209295681e-07,1.213410377e-05,5.223305642e-07,8.584331545e-05,3.795791119e-06,1.846516269e-05,7.954968186e-08,2.158108837e-05,1.56793594e-07,8.935283422e-05,-2.709654477e-06,0.04808524816
580.0,1.656776448e-05,8.061968325e-07,5.274646901e-05,7.052483607e-07,1.159559784e-05,5.132600549e-07,9.361008679e-05,4.314553248e-06,1.812688426e-05,7.767126508e-08,2.121749954e-05,1.53245353e-07,0.000101795156,8.720947359e-06,0.0480939691
581.0,1.700036631e-05,7.780537541e-07,5.226275529e-05,6.891206147e-07,1.236169612e-05,5.012855015e-07,9.275425449e-05,4.187732218e-06,1.773540306e-05,7.565211492e-08,2.067152716e-05,1.489093313e-07,9.879481669e-05,1.312827873e-05,0.04810709738
582.0,1.603132877e-05,7.576958732e-07,5.052954131e-05,6.732484316e-07,1.158166974e-05,4.904190575e-07,8.319069605e-05,3.620093888e-06,1.737420207e-05,7.367926384e-08,2.011263434e-05,1.454361513e-07,8.521493086e-05,-1.032171306e-06,0.04810606521
583.0,1.567843623e-05,7.566268393e-07,4.987630246e-05,6.598128348e-07,1.107536404e-05,4.814592086e-07,8.975583294e-05,4.216934926e-06,1.704974187e-05,7.185992245e-08,1.976390456e-05,1.420416648e-07,9.949003291e-05,1.03551821e-05,0.04811642039
584.0,1.601097376e-05,7.226637544e-07,4.965556573e-05,6.457792539e-07,1.185558933e-05,4.691553085e-07,8.893166072e-05,4.079864724e-06,1.667529126e-05,6.991984501e-08,1.923823862e-05,1.378610684e-07,9.624851037e-05,1.540386839e-05,0.04813182426
585.0,1.509969905e-05,7.039024843e-07,4.812951501e-05,6.325774276e-07,1.107928878e-05,4.585426182e-07,7.974979335e-05,3.462455961e-06,1.632983327e-05,6.80242319e-08,1.869690388e-05,1.345578251e-07,8.15029702e-05,1.333897233e-06,0.04813315816
586.0,1.487478197e-05,7.047332213e-07,4.742239711e-05,6.177993088e-07,1.058873693e-05,4.499584757e-07,8.729694447e-05,4.114398616e-06,1.602125556e-05,6.628206249e-08,1.837121747e-05,1.313485381e-07,9.706942031e-05,1.218895899e-05,0.04814534712
587.0,1.513939909e-05,6.658885385e-07,4.750364709e-05,6.067956075e-07,1.138042655e-05,4.380943532e-07,8.450568304e-05,3.996725565e-06,1.566398913e-05,6.442180977e-08,1.787179825e-05,1.273648683e-07,9.428606446e-05,1.6494248e-05,0.04816184137
588.0,1.420637237e-05,6.462018833e-07,4.596753915e-05,5.930272481e-07,1.060833119e-05,4.279077318e-07,7.586947481e-05,3.295638562e-06,1.53302175e-05,6.260070676e-08,1.73571993e-05,1.242730478e-07,7.757601087e-05,1.366300341e-06,0.04816320767
589.0,1.397520637e-05,6.454282985e-07,4.506607577e-05,5.764833902e-07,1.012765946e-05,4.201381882e-07,8.748596898e-05,4.024364694e-06,1.502557896e-05,6.093315042e-08,1.706246269e-05,1.212860603e-07,9.494504638e-05,1.123519728e-05,0.04817444286
590.0,1.436412345e-05,6.095834362e-07,4.532592984e-05,5.672357813e-07,1.093882452e-05,4.092980156e-07,8.126831618e-05,3.906625157e-06,1.4669549e-05,5.916285393e-08,1.65956636e-05,1.17540379e-07,9.216018336e-05,1.438556055e-05,0.04818882842
591.0,1.346024792e-05,5.92173069e-07,4.37490279e-05,5.529336954e-07,1.017397822e-05,3.995917236e-07,7.238378133e-05,3.197220242e-06,1.43429164e-05,5.742919503e-08,1.611092701e-05,1.147098462e-07,7.525921891e-05,-2.180831771e-06,0.04818664759
592.0,1.318361339e-05,5.901754513e-07,4.260767763e-05,5.343056285e-07,9.714489927e-06,3.928033812e-07,8.67561305e-05,3.927016972e-06,1.404070284e-05,5.58528729e-08,1.585739554e-05,1.11988915e-07,9.264886642e-05,8.169999791e-06,0.04819481759
593.0,1.380609906e-05,5.654657475e-07,4.289373261e-05,5.251477884e-07,1.055574205e-05,3.835860421e-07,8.046552264e-05,3.768375906e-06,1.369829564e-05,5.417800017e-08,1.542981477e-05,1.085338819e-07,8.889923823e-05,1.075514978e-05,0.04820557274
594.0,1.295457585e-05,5.525832363e-07,4.133614892e-05,5.11661511e-07,9.805764288e-06,3.748103199e-07,7.150882655e-05,3.208712206e-06,1.338086359e-05,5.254446758e-08,1.498441756e-05,1.060047234e-07,7.552981688e-05,-5.893331033e-06,0.04819967941
595.0,1.271957429e-05,5.522021415e-07,4.004859077e-05,4.912727038e-07,9.369081847e-06,3.69195982e-07,8.624251523e-05,3.879611629e-06,1.307338185e-05,5.10680959e-08,1.477237754e-05,1.03596355e-07,9.15304764e-05,5.341627623e-06,0.04820502104
596.0,1.335938894e-05,5.337328136e-07,4.017506909e-05,1.976564744e-06,1.020983145e-05,3.611783695e-07,7.853208893e-05,3.74542594e-06,1.274921003e-05,4.952445465e-08,1.438983688e-05,1.004646872e-07,8.835861621e-05,8.643984992e-06,0.04821366502
597.0,1.254150958e-05,5.254802223e-07,3.882797567e-05,1.93670035e-06,9.460198602e-06,3.532347019e-07,7.084946797e-05,3.261989068e-06,1.245701386e-05,4.803680329e-08,1.398755528e-05,9.826744626e-08,7.678450764e-05,-6.495003735e-06,0.04820717002
598.0,1.240689331e-05,5.273112046e-07,3.763947412e-05,1.860736004e-06,9.034676688e-06,3.484623886e-07,8.492756586e-05,3.814342361e-06,1.216880181e-05,4.670945929e-08,1.382582628e-05,9.618545117e-08,8.999128776e-05,5.33413229e-06,0.04821250415
599.0,1.302754851e-05,5.128741895e-07,3.790762116e-05,1.834252253e-06,9.880082638e-06,3.412885401e-07,7.815415173e-05,3.754017709e-06,1.188332213e-05,4.534317209e-08,1.349352657e-05,9.338753259e-08,8.85620189e-05,9.395679628e-06,0.04822189983
600.0,1.228081303e-05,5.104637291e-07,3.661065005e-05,1.798609902e-06,9.147155016e-06,3.34338938e-07,7.001365006e-05,3.29119475e-06,1.164057455e-05,4.406013854e-08,1.31436423e-05,9.151918968e-08,7.747300718e-05,-4.907937511e-06,0.04821699189
601.0,1.217215999e-05,5.129912792e-07,3.531846063e-05,1.715171219e-06,8.748034884e-06,3.313141231e-07,8.626182219e-05,3.818793035e-06,1.139688676e-05,4.291468461e-08,1.303811256e-05,8.974819861e-08,9.009764759e-05,6.418817133e-06,0.04822341071
602.0,1.287764309e-05,5.04787492e-07,3.555146224e-05,1.684013476e-06,9.623698498e-06,3.25763313e-07,7.771877272e-05,3.79594091e-06,1.11644749e-05,4.177429237e-08,1.276110062e-05,8.724366458e-08,8.955231284e-05,1.062592915e-05,0.04823403664
603.0,1.216256125e-05,5.059236319e-07,3.422186395e-05,1.645651116e-06,8.913142235e-06,3.204225678e-07,6.853599713e-05,3.232496362e-06,1.097656585e-05,4.072490756e-08,1.245723188e-05,8.566373755e-08,7.609246445e-05,-3.3417452e-06,0.0482306949
604.0,1.19645111e-05,5.059838344e-07,3.286346077e-05,1.560182257e-06,8.546955031e-06,3.200322113e-07,8.47298189e-05,3.789361042e-06,1.078091283e-05,3.980302554e-08,1.238855685e-05,8.415407164e-08,8.940491136e-05,6.694591893e-06,0.04823738949
605.0,1.278029503e-05,5.073734659e-07,3.308747584e-05,1.532195161e-06,9.443051463e-06,3.159113231e-07,7.529231194e-05,3.752018593e-06,1.060043072e-05,3.889845271e-08,1.214051198e-05,8.191086559e-08,8.851775089e-05,1.015048086e-05,0.04824753997
606.0,1.210129125e-05,5.113914524e-07,3.189793239e-05,1.501632179e-06,8.76002705e-06,3.127368565e-07,6.644657718e-05,3.188900544e-06,1.047116373e-05,3.808278985e-08,1.186641302e-05,8.05772831e-08,7.506747313e-05,-3.771657536e-06,0.04824376831
607.0,1.176466756e-05,5.055961056e-07,3.06574758e-05,1.422175168e-06,8.42702465e-06,3.148054156e-07,8.208327876e-05,3.669119883e-06,1.03149089e-05,3.735383454e-08,1.182457538e-05,7.928141893e-08,8.656935966e-05,5.436612417e-06,0.04824920492
608.0,1.274574943e-05,5.170501765e-07,3.100395358e-05,1.405717679e-06,9.337513022e-06,3.113464833e-07,7.414720954e-05,3.623965527e-06,1.016883147e-05,3.661776486e-08,1.159301462e-05,7.724057504e-08,8.549837234e-05,8.642970537e-06,0.04825784789
609.0,1.204147439e-05,5.218823092e-07,2.995511221e-05,1.387108608e-06,8.662616808e-06,3.090928286e-07,6.573335343e-05,3.102603911e-06,1.00649347e-05,3.593868046e-08,1.132901493e-05,7.60900164e-08,7.303716265e-05,-4.634651306e-06,0.04825321324
610.0,1.162375826e-05,5.099992951e-07,2.887967494e-05,1.317491746e-06,8.343295872e-06,3.123072097e-07,7.982471589e-05,3.536339495e-06,9.922011198e-06,3.530781477e-08,1.129613326e-05,7.494690079e-08,8.343786062e-05,4.189713322e-06,0.04825740296
611.0,1.263707588e-05,5.250739865e-07,2.944962597e-05,1.315159222e-06,9.24895708e-06,3.086979391e-07,7.196359033e-05,3.489641179e-06,9.788998692e-06,3.465772139e-08,1.106913226e-05,7.304782372e-08,8.233026068e-05,7.78641827e-06,0.04826518937
612.0,1.19104726e-05,5.27347841e-07,2.866482154e-05,1.308588485e-06,8.574799373e-06,3.064136349e-07,6.336014285e-05,3.057225911e-06,9.696622084e-06,3.404472465e-08,1.081249991e-05,7.202116646e-08,7.197019367e-05,-4.725451097e-06,0.04826046392
613.0,1.144918147e-05,5.132399757e-07,2.775908753e-05,1.252238258e-06,8.257337911e-06,3.102354278e-07,7.701630871e-05,3.415490981e-06,9.556024482e-06,3.346435326e-08,1.078154627e-05,7.097693167e-08,8.058754002e-05,4.071910796e-06,0.04826453583
614.0,1.245214018e-05,5.277056144e-07,2.856600259e-05,1.264121892e-06,9.149723471e-06,3.05994138e-07,7.028691609e-05,3.378495001e-06,9.420464145e-06,3.285764296e-08,1.055638274e-05,6.916712654e-08,7.970887465e-05,8.079432023e-06,0.04827261527
615.0,1.176797921e-05,5.284449881e-07,2.794465091e-05,1.266861355e-06,8.479912587e-06,3.033846459e-07,6.312949704e-05,2.935304017e-06,9.330951024e-06,3.227538487e-08,1.030321382e-05,6.823025031e-08,6.910085644e-05,-4.152182349e-06,0.04826846308
616.0,1.133637037e-05,5.130861757e-07,2.720253277e-05,1.221657954e-06,8.165297579e-06,3.076999261e-07,7.535512968e-05,3.290846083e-06,9.192175581e-06,3.170903051e-08,1.027660515e-05,6.725192024e-08,7.764765752e-05,5.064252356e-06,0.04827352734
617.0,1.231008119e-05,5.273251274e-07,2.815560176e-05,1.24446908e-06,9.048583087e-06,3.029402539e-07,6.781026236e-05,3.268568896e-06,9.059732073e-06,3.111318242e-08,1.005561405e-05,6.550393678e-08,7.711631294e-05,9.005471792e-06,0.04828253281
618.0,1.161637218e-05,5.26720835e-07,2.761254115e-05,1.254170207e-06,8.365137065e-06,2.99540213e-07,5.960889285e-05,2.844164486e-06,8.964889594e-06,4.475972183e-07,9.815467609e-06,6.470484616e-08,6.69559862e-05,-3.869275147e-06,0.04827866353
619.0,1.112208908e-05,5.093918414e-07,2.706739878e-05,1.224354854e-06,8.055534311e-06,3.045347748e-07,7.39157563e-05,3.227873188e-06,8.866069813e-06,4.421896159e-07,9.809128838e-06,6.391346914e-08,7.616259798e-05,5.45141716e-06,0.04828411495
620.0,1.218216609e-05,5.253096202e-07,2.808839679e-05,1.25488041e-06,8.927588138e-06,2.986546706e-07,6.66025783e-05,3.179223027e-06,8.763747374e-06,4.366686458e-07,9.601478474e-06,6.233378883e-08,7.500949189e-05,9.327888615e-06,0.04829344284
621.0,1.151591683e-05,5.238055241e-07,2.755287674e-05,1.26863294e-06,8.242544755e-06,2.943202813e-07,5.816133722e-05,2.805023692e-06,8.693549306e-06,4.314868976e-07,9.368171518e-06,6.16049486e-08,6.603510785e-05,-4.218973304e-06,0.04828922387
622.0,1.095662746e-05,5.028174029e-07,2.728026973e-05,1.247559406e-06,7.940071457e-06,2.992827462e-07,7.208855428e-05,3.199136334e-06,8.57710777e-06,4.252637486e-07,9.350520115e-06,6.079017605e-08,7.54853551e-05,4.943660763e-06,0.04829416753
623.0,1.207251725e-05,5.203175188e-07,2.832051596e-05,1.276209327e-06,8.796984862e-06,2.925994078e-07,6.587671199e-05,3.124171195e-06,8.458013308e-06,4.190692912e-07,9.137497676e-06,5.920650364e-08,7.371114434e-05,8.811748262e-06,0.04830297927
624.0,1.139931685e-05,5.166495648e-07,2.771408452e-05,1.282215663e-06,8.098025291e-06,2.869685081e-07,5.656258297e-05,2.789456628e-06,8.373863592e-06,4.134769089e-07,8.904873875e-06,5.848529997e-08,6.566924186e-05,-4.881163846e-06,0.04829809811
625.0,1.083908148e-05,4.948662983e-07,2.748978335e-05,1.266441333e-06,7.796259175e-06,2.916779616e-07,7.210407851e-05,3.216169936e-06,8.242085825e-06,4.068763256e-07,8.888319351e-06,5.767859022e-08,7.588754186e-05,4.528730194e-06,0.04830262684
626.0,1.197685346e-05,5.120358035e-07,2.846970677e-05,1.288315907e-06,8.648983057e-06,2.840613533e-07,6.587045875e-05,3.100002564e-06,8.107761597e-06,4.003363803e-07,8.679018492e-06,5.612652383e-08,7.314121056e-05,8.428531594e-06,0.04831105537
627.0,1.13186476e-05,5.068789661e-07,2.771353543e-05,1.285654644e-06,7.947312269e-06,2.773833333e-07,5.868708096e-05,2.7776506e-06,8.01036443e-06,3.944059519e-07,8.45290771e-06,5.545229657e-08,6.539152462e-05,-5.353502876e-06,0.04830570187
628.0,1.079219582e-05,4.858014262e-07,2.757839534e-05,1.272754618e-06,7.62946034e-06,2.811971441e-07,7.094454221e-05,3.248323281e-06,7.874425952e-06,3.874681794e-07,8.441559368e-06,5.468805549e-08,7.664665346e-05,4.802332526e-06,0.0483105042
629.0,1.189630124e-05,5.02900608e-07,2.831760211e-05,1.286143634e-06,8.468124869e-06,2.731343612e-07,6.667806395e-05,3.128761119e-06,7.729465824e-06,3.805764554e-07,8.242225839e-06,5.319771733e-08,7.381998216e-05,8.807354677e-06,0.04831931156
630.0,1.12419648e-05,4.976338686e-07,2.743201642e-05,1.274696195e-06,7.762358215e-06,2.654466346e-07,5.752286432e-05,2.77815544e-06,7.627362036e-06,3.745206329e-07,8.029885639e-06,5.259397988e-08,6.540343776e-05,-5.373169449e-06,0.04831393839
631.0,1.077348926e-05,4.799023539e-07,2.731385853e-05,1.264705458e-06,7.431375913e-06,2.685400007e-07,7.128752635e-05,3.292196615e-06,7.493708568e-06,3.677584207e-07,8.029143392e-06,5.190830577e-08,7.768216151e-05,5.34649471e-06,0.04831928488
632.0,1.186322373e-05,4.96412587e-07,2.790074832e-05,1.267535349e-06,8.265218773e-06,2.601020457e-07,6.591252883e-05,3.155816009e-06,7.35648694e-06,3.612402732e-07,7.845611505e-06,5.049554098e-08,7.445831757e-05,9.52784192e-06,0.04832881272
633.0,1.12340506e-05,4.92360497e-07,2.687567194e-05,1.248896158e-06,7.563283111e-06,2.52192675e-07,5.833314265e-05,2.761683858e-06,7.259192521e-06,3.556641554e-07,7.651149977e-06,4.99690241e-08,6.501579821e-05,-5.134719654e-06,0.048323678
634.0,1.080258577e-05,4.770458976e-07,2.683901571e-05,1.241467907e-06,7.226562596e-06,2.548081994e-07,7.22485974e-05,3.304551648e-06,7.14209361e-06,3.499812716e-07,7.66345271e-06,4.935577032e-08,7.797340873e-05,5.600358839e-06,0.04832927836
635.0,1.189795811e-05,4.934465287e-07,2.724374028e-05,1.23642145e-06,8.064302827e-06,2.465105682e-07,6.746658537e-05,3.180944162e-06,7.016818828e-06,3.44502188e-07,7.496401839e-06,4.802549221e-08,7.505130031e-05,9.756813893e-06,0.04833903518
636.0,1.125089448e-05,4.892488841e-07,2.604772607e-05,1.209544618e-06,7.359116112e-06,2.387890776e-07,5.859288536e-05,2.733144399e-06,6.922593464e-06,3.400674367e-07,7.322004998e-06,4.757811526e-08,6.4343915e-05,-5.074293193e-06,0.04833396088
637.0,1.083203051e-05,4.764037182e-07,2.608882535e-05,1.205665905e-06,7.018482917e-06,2.412980489e-07,7.228354132e-05,3.305956119e-06,6.824564519e-06,3.357542358e-07,7.350280726e-06,4.703834553e-08,7.800648548e-05,5.607972064e-06,0.04833956886
638.0,1.191150012e-05,4.913176524e-07,2.640416347e-05,1.192748504e-06,7.862959681e-06,2.335261827e-07,6.703158405e-05,3.15285981e-06,6.713482408e-06,3.314907523e-07,7.202754663e-06,4.577943629e-08,7.438846531e-05,9.560588267e-06,0.04834912944
639.0,1.12140998e-05,4.863048947e-07,2.51272437e-05,1.162101597e-06,7.164907577e-06,2.267015482e-07,5.804232911e-05,2.703258956e-06,6.632981499e-06,3.281732853e-07,7.044748285e-06,4.539467994e-08,6.364022631e-05,-5.3384613e-06,0.04834379098
640.0,1.079645372e-05,4.751656144e-07,2.521204975e-05,1.162002944e-06,6.810200883e-06,2.29261557e-07,7.187132952e-05,3.2840888e-06,6.566849685e-06,3.251951868e-07,7.085529285e-06,4.490696324e-08,7.749056013e-05,5.749352641e-06,0.04834954034
641.0,1.1831517e-05,4.871337133e-07,2.55055422e-05,1.144636664e-06,7.685745659e-06,2.235333199e-07,6.601187044e-05,3.10762916e-06,6.485229919e-06,3.220257297e-07,6.949490153e-06,4.368417399e-08,7.332097501e-05,9.634028598e-06,0.04835917436
642.0,1.109664284e-05,4.801468812e-07,2.426562516e-05,1.112393893e-06,7.013790633e-06,2.184133051e-07,5.722891831e-05,2.601096193e-06,6.425723779e-06,3.191062485e-07,6.798251932e-06,4.331274089e-08,6.123482877e-05,-5.400992988e-06,0.04835377337
643.0,1.071537883e-05,4.714560422e-07,2.442086454e-05,1.117179791e-06,6.669048047e-06,2.212825995e-07,7.044642967e-05,3.254000967e-06,6.379285701e-06,3.165523931e-07,6.840874151e-06,4.283308775e-08,7.678025604e-05,5.958622097e-06,0.04835973199
644.0,1.164212024e-05,4.780762426e-07,2.462544001e-05,1.095283106e-06,7.56116081e-06,2.174804744e-07,6.496024546e-05,3.037445539e-06,6.299317056e-06,3.133240728e-07,6.706476966e-06,4.160655005e-08,7.166509319e-05,1.012074859e-05,0.04836985274
645.0,1.090346376e-05,4.697093876e-07,2.342471138e-05,1.062065062e-06,6.934126304e-06,2.137208077e-07,5.578222247e-05,2.494597787e-06,6.229633007e-06,3.099909715e-07,6.551679052e-06,4.121958329e-08,5.872754249e-05,-5.023196585e-06,0.04836482955
646.0,1.050952581e-05,4.628246259e-07,2.357147838e-05,1.068868868e-06,6.578385725e-06,2.166012053e-07,6.892736254e-05,3.132161622e-06,6.190659548e-06,3.067410999e-07,6.58779443e-06,4.072464866e-08,7.390532519e-05,6.210872834e-06,0.04837104042
647.0,1.13665437e-05,4.644159235e-07,2.37991397e-05,1.04426368e-06,7.501076779e-06,2.141104727e-07,6.326391683e-05,2.954932807e-06,6.116014537e-06,3.028532924e-07,6.447756164e-06,3.947027599e-08,6.97181902e-05,1.052692056e-05,0.04838156734
648.0,1.057550233e-05,4.540849689e-07,2.257234427e-05,1.012589991e-06,6.868654362e-06,2.11339971e-07,5.458966022e-05,2.361101672e-06,6.041860186e-06,2.98814347e-07,6.281536209e-06,3.904180405e-08,5.558470248e-05,-4.541488309e-06,0.04837702585
649.0,1.023437401e-05,4.488110288e-07,2.280866044e-05,1.023827137e-06,6.515129632e-06,2.138403222e-07,6.661934763e-05,3.006836215e-06,6.000609301e-06,2.950890882e-07,6.306838646e-06,3.851111432e-08,7.094798578e-05,6.506781886e-06,0.04838353263
650.0,1.105750522e-05,4.462432595e-07,2.302221605e-05,1.001005286e-06,7.449046564e-06,2.120637081e-07,6.284557068e-05,2.817637725e-06,5.92238448e-06,2.906891573e-07,6.159069067e-06,3.722420212e-08,6.647873096e-05,1.068228938e-05,0.04839421492
651.0,1.025484601e-05,4.347999303e-07,2.188043712e-05,9.732670503e-07,6.832864723e-06,2.100717574e-07,5.29863951e-05,2.245406373e-06,5.844334773e-06,2.860087286e-07,5.984974078e-06,3.674832732e-08,5.286089879e-05,-4.491920962e-06,0.048389723
652.0,9.916749682e-06,4.304455008e-07,2.216224985e-05,9.89372787e-07,6.465623962e-06,2.121098422e-07,6.556973176e-05,2.870376548e-06,5.802982375e-06,2.816818353e-07,6.007144132e-06,3.618775018e-08,6.772836754e-05,6.691894483e-06,0.04839641489
653.0,1.070914095e-05,4.244863395e-07,2.25044092e-05,9.699495578e-07,7.413470846e-06,2.105928368e-07,5.983208459e-05,2.71501325e-06,5.725384181e-06,2.767107864e-07,5.860533973e-06,3.487467907e-08,6.405742061e-05,1.068319559e-05,0.04840709809
654.0,9.850307437e-06,4.116702694e-07,2.140050627e-05,9.453591253e-07,6.784616785e-06,2.089977402e-07,5.161995828e-05,2.11611624e-06,5.641133576e-06,2.714415917e-07,5.682121593e-06,3.436613481e-08,4.981722706e-05,-4.695973578e-06,0.04840240212
655.0,9.53493344e-06,4.08125626e-07,2.170861418e-05,9.611423025e-07,6.422629596e-06,2.107358762e-07,6.375273625e-05,2.766798788e-06,5.597514176e-06,2.668705504e-07,5.697886162e-06,3.379724657e-08,6.52845564e-05,6.563971673e-06,0.04840896609
656.0,1.028951448e-05,3.988859413e-07,2.213159015e-05,9.45298224e-07,7.371970018e-06,2.089722892e-07,5.861058059e-05,2.616818926e-06,5.516675487e-06,2.616370151e-07,5.54888949e-06,3.246913479e-08,6.174075857e-05,1.07282445e-05,0.04841969433
657.0,9.434574573e-06,3.855749496e-07,2.111701725e-05,9.23591296e-07,6.745567189e-06,2.076851669e-07,4.894351983e-05,2.051034644e-06,5.424857461e-06,2.561779056e-07,5.361242261e-06,3.194877898e-08,4.828516559e-05,-4.65987552e-06,0.04841503446
658.0,9.131296629e-06,3.831119526e-07,2.13106386e-05,9.349325237e-07,6.377654915e-06,2.093200392e-07,6.214870513e-05,2.686804033e-06,5.369542232e-06,2.515438012e-07,5.373138093e-06,3.137323301e-08,6.339711028e-05,6.390140011e-06,0.0484214246
659.0,9.86453497e-06,3.716489828e-07,2.182019984e-05,9.222989415e-07,7.324605004e-06,2.070619337e-07,5.669469156e-05,2.598504125e-06,5.279305908e-06,2.462264474e-07,5.222780979e-06,3.005149911e-08,6.13090202e-05,1.070112799e-05,0.04843212573
660.0,9.028229158e-06,3.586906219e-07,2.08238622e-05,9.010134756e-07,6.699451715e-06,2.057309737e-07,4.903083978e-05,2.012216124e-06,5.173848528e-06,2.405146839e-07,5.032642113e-06,2.952519272e-08,4.737165116e-05,-4.36340945e-06,0.04842776232
661.0,8.794905778e-06,3.576045813e-07,2.087950178e-05,9.036393199e-07,6.343618366e-06,2.072761402e-07,6.136798453e-05,2.661689602e-06,5.112593566e-06,2.357747683e-07,5.047183364e-06,2.898197597e-08,6.280477761e-05,6.444344211e-06,0.04843420666
662.0,9.521056777e-06,3.454597113e-07,2.143156622e-05,8.953483684e-07,7.279320644e-06,2.044341789e-07,5.755457405e-05,2.630703566e-06,5.016659848e-06,2.302547469e-07,4.901938834e-06,2.767614568e-08,6.206904235e-05,1.065266419e-05,0.04844485932
663.0,8.703721082e-06,3.343942363e-07,2.036087263e-05,8.727114317e-07,6.646044334e-06,2.02734094e-07,4.797482604e-05,2.051655464e-06,4.911783377e-06,2.242166482e-07,4.714302313e-06,2.719110293e-08,4.830038397e-05,-4.173827123e-06,0.0484406855
664.0,8.504537015e-06,3.33853248e-07,2.022595901e-05,8.668997492e-07,6.295532318e-06,2.042341445e-07,6.133731484e-05,2.667645397e-06,4.844166049e-06,2.192956746e-07,4.744299591e-06,2.669287762e-08,6.294592589e-05,6.608821758e-06,0.04844729432
665.0,9.275398726e-06,3.242369206e-07,2.087811239e-05,8.603586216e-07,7.235887201e-06,2.007804644e-07,5.566643966e-05,2.661605626e-06,4.751103505e-06,2.137867822e-07,4.611734091e-06,2.545198361e-08,6.279846765e-05,1.060979992e-05,0.04845790412
666.0,8.469224585e-06,3.155174185e-07,1.977820943e-05,8.366508228e-07,6.594304651e-06,1.988447924e-07,4.781601594e-05,2.124410143e-06,4.644509894e-06,2.07810904e-07,4.437024283e-06,2.502415207e-08,5.001369336e-05,-4.126969309e-06,0.04845377715
667.0,8.303727449e-06,3.156362977e-07,1.949620297e-05,8.222048479e-07,6.259032561e-06,2.003715608e-07,6.257792541e-05,2.715528013e-06,4.576884896e-06,2.029993798e-07,4.484042146e-06,2.462095896e-08,6.40762321e-05,6.43311475e-06,0.04846021026
668.0,9.152994329e-06,3.112287586e-07,2.016570938e-05,8.190403689e-07,7.194654416e-06,1.965528841e-07,5.567563396e-05,2.711744488e-06,4.487409088e-06,1.977414407e-07,4.370018415e-06,2.345852075e-08,6.398228886e-05,1.040311617e-05,0.04847061338
669.0,8.372531523e-06,3.058298044e-07,1.907065768e-05,7.954076696e-07,6.551629877e-06,1.945187133e-07,4.837175844e-05,2.208029123e-06,4.390659929e-06,1.921203133e-07,4.206469908e-06,2.312982945e-08,5.198271866e-05,-4.061083217e-06,0.0484665523
670.0,8.194297866e-06,3.048786282e-07,1.866189004e-05,7.737785149e-07,6.213118847e-06,1.959880993e-07,6.135438102e-05,2.752777117e-06,4.321067105e-06,1.87798177e-07,4.27311306e-06,2.283925297e-08,6.495584579e-05,6.117342939e-06,0.04847266964
671.0,9.101030131e-06,3.075214536e-07,1.936440924e-05,7.729806803e-07,7.14701794e-06,1.923647635e-07,5.663135613e-05,2.776679525e-06,4.248098946e-06,1.836486506e-07,4.177637255e-06,2.178870267e-08,6.551505662e-05,1.010229221e-05,0.04848277193
672.0,8.36725787e-06,3.052774702e-07,1.83234387e-05,7.530710228e-07,6.496613076e-06,1.901603241e-07,4.787395078e-05,2.258553917e-06,4.177591661e-06,1.794803774e-07,4.034973781e-06,2.158737824e-08,5.317292944e-05,-3.996672011e-06,0.04847877526
673.0,8.156251475e-06,3.018707099e-07,1.781160274e-05,7.25915313e-07,6.166128739e-06,1.920652356e-07,6.161947882e-05,2.784930838e-06,4.118885258e-06,1.763145468e-07,4.126910716e-06,2.142572518e-08,6.571523413e-05,5.924672642e-06,0.04848469993
674.0,9.128114148e-06,3.10772312e-07,1.855894874e-05,7.290466246e-07,7.097686774e-06,1.88808066e-07,5.681436192e-05,2.822389023e-06,4.069664281e-06,1.738728686e-07,4.057204874e-06,2.049760744e-08,6.659442906e-05,9.962455503e-06,0.04849466239
675.0,8.405434789e-06,3.107705639e-07,1.763307916e-05,7.146045542e-07,6.448213254e-06,1.866487416e-07,4.806823988e-05,2.328170568e-06,4.035597005e-06,1.716509281e-07,3.935444005e-06,2.040989475e-08,5.481248868e-05,-4.010540556e-06,0.04849065185
676.0,8.159034936e-06,3.043148005e-07,1.707870244e-05,6.851999519e-07,6.120983167e-06,1.892140748e-07,6.312461806e-05,2.798013017e-06,4.00523528e-06,1.699036111e-07,4.046664258e-06,2.036094826e-08,6.602497554e-05,5.864934298e-06,0.04849651678
677.0,9.175608002e-06,3.166046129e-07,1.792882129e-05,6.954457944e-07,7.064454274e-06,1.863364235e-07,5.667445571e-05,2.827108567e-06,3.985530624e-06,1.689607968e-07,3.987539309e-06,1.952388151e-08,6.670642363e-05,9.905037933e-06,0.04850642182
678.0,8.45257736e-06,3.17016603e-07,1.708926146e-05,6.892875628e-07,6.411339534e-06,1.844773398e-07,4.767168193e-05,2.370519418e-06,3.98058106e-06,1.679624248e-07,3.877546664e-06,1.953623093e-08,5.581034286e-05,-3.849041546e-06,0.04850257278
679.0,8.154080888e-06,3.081202703e-07,1.656721656e-05,6.589638781e-07,6.105662284e-06,1.881893323e-07,6.283142715e-05,2.802733382e-06,3.964607496e-06,1.667320265e-07,3.999518678e-06,1.955891905e-08,6.613685893e-05,5.667695075e-06,0.04850824047
680.0,9.171344396e-06,3.21475825e-07,1.746869759e-05,6.758051372e-07,7.044065632e-06,1.854114777e-07,5.614767311e-05,1.174723087e-06,3.956260496e-06,1.658919852e-07,3.947521028e-06,1.875882669e-08,2.771842403e-05,1.13913965e-06,0.04850937961
681.0,8.707340608e-06,3.324773551e-07,1.723792857e-05,7.090254185e-07,6.445774435e-06,1.848043004e-07,4.655088177e-05,2.308726724e-06,3.966543288e-06,1.65518155e-07,3.844083557e-06,1.889098295e-08,5.435603852e-05,-6.017503356e-06,0.04850336211
682.0,8.158402199e-06,3.159178952e-07,1.655836313e-05,6.690168982e-07,6.117998623e-06,1.891626867e-07,6.166777054e-05,2.7902758e-06,3.950688183e-06,1.642617247e-07,3.967990043e-06,1.898016197e-08,6.584409079e-05,2.964600868e-06,0.04850632671
683.0,9.205374268e-06,3.296599402e-07,1.727982367e-05,6.740883988e-07,7.060792761e-06,1.862493239e-07,5.575915298e-05,2.551843712e-06,3.942409254e-06,1.637059126e-07,3.908040992e-06,1.825726415e-08,6.021310699e-05,7.625709208e-06,0.04851395242
684.0,8.376535582e-06,3.252382031e-07,1.668171762e-05,6.807982926e-07,6.406415986e-06,1.843799532e-07,4.713808019e-05,2.282072561e-06,3.950014698e-06,1.63076302e-07,3.803532053e-06,1.839812607e-08,5.372944346e-05,-5.1761417e-06,0.04850877628
685.0,7.971410278e-06,3.094032457e-07,1.615609523e-05,6.51911206e-07,6.101304808e-06,1.890356949e-07,6.003187296e-05,2.65897939e-06,3.937588839e-06,1.61918823e-07,3.921937235e-06,1.85308457e-08,6.274638223e-05,4.601952486e-06,0.04851337823
686.0,9.001753384e-06,3.253864667e-07,1.741696411e-05,6.917377523e-07,7.034364153e-06,1.859259258e-07,5.515395317e-05,2.637248962e-06,3.92689702e-06,1.61308735e-07,3.85964265e-06,1.785932167e-08,6.222910109e-05,9.588057343e-06,0.04852296629
687.0,8.207499641e-06,3.198850618e-07,1.68457064e-05,7.042820792e-07,6.376797108e-06,1.829739753e-07,4.713492704e-05,2.221128103e-06,3.93573068e-06,1.608959482e-07,3.754112273e-06,1.80350654e-08,5.229476411e-05,-3.31749021e-06,0.0485196488
688.0,7.869195553e-06,3.075887764e-07,1.644340882e-05,6.806176728e-07,6.070453154e-06,1.878651884e-07,5.821707941e-05,2.601324138e-06,3.921400584e-06,1.597589548e-07,3.870523688e-06,1.819275684e-08,6.138664979e-05,7.060736929e-06,0.04852670954
689.0,8.849164722e-06,3.217020335e-07,1.78025921e-05,7.231709852e-07,6.985936342e-06,1.840487873e-07,5.423479854e-05,2.674774404e-06,3.909642681e-06,1.594649567e-07,3.806005218e-06,1.753654284e-08,6.311495331e-05,1.150788271e-05,0.04853821742
690.0,8.129717111e-06,3.18844265e-07,1.730377596e-05,7.375069404e-07,6.318731527e-06,1.803401081e-07,4.504300179e-05,2.179157817e-06,3.921554179e-06,1.589838684e-07,3.701978254e-06,1.773877522e-08,5.130735596e-05,-2.082856356e-06,0.04853613456
691.0,7.729290184e-06,3.055207641e-07,1.701556391e-05,7.180348805e-07,6.027493786e-06,1.858951116e-07,5.800830687e-05,2.551578816e-06,3.904395998e-06,1.581331416e-07,3.813006003e-06,1.7896807e-08,6.021311348e-05,7.591715253e-06,0.04854372628
692.0,8.780299642e-06,3.220877832e-07,1.82557728e-05,7.555825848e-07,6.929006518e-06,1.813673271e-07,5.426851049e-05,2.609269025e-06,3.891509856e-06,1.577958962e-07,3.745001412e-06,1.725540008e-08,6.156999985e-05,1.140518616e-05,0.04855513146
693.0,8.094944555e-06,3.18755391e-07,1.78197413e-05,7.696297758e-07,6.268149061e-06,1.771102588e-07,4.441339306e-05,2.095199702e-06,3.898085103e-06,1.575005418e-07,3.638915935e-06,1.744926407e-08,4.933099529e-05,-2.873419082e-06,0.04855225804
694.0,7.555841371e-06,3.005102587e-07,1.758401062e-05,7.549145706e-07,5.970518064e-06,1.82688398e-07,5.657591482e-05,2.543453114e-06,3.873603333e-06,1.563768426e-07,3.745500073e-06,1.76093732e-08,6.002176804e-05,6.240256011e-06,0.0485584983
695.0,8.735946463e-06,3.204144808e-07,1.874869339e-05,7.858582854e-07,6.869925272e-06,1.776916246e-07,5.241290746e-05,2.47384104e-06,3.848564436e-06,1.560143215e-07,3.669085539e-06,1.695049817e-08,5.837460726e-05,9.853356136e-06,0.04856835166
696.0,7.987084772e-06,3.141123845e-07,1.819214479e-05,7.946241019e-07,6.186988363e-06,1.724933478e-07,4.292408184e-05,2.069381103e-06,3.847092051e-06,1.554001878e-07,3.563301713e-06,1.714503624e-08,4.872328066e-05,-4.647415406e-06,0.04856370424
697.0,7.413174602e-06,2.925086898e-07,1.805766916e-05,7.850716524e-07,5.884533534e-06,1.777939208e-07,5.751242637e-05,2.588765529e-06,3.809048467e-06,1.54076888e-07,3.665005432e-06,1.727683129e-08,6.109135995e-05,5.021795153e-06,0.04856872604
698.0,8.616414019e-06,3.121987324e-07,1.908244461e-05,8.093551818e-07,6.778200628e-06,1.72280546e-07,5.314152385e-05,2.457749632e-06,3.774717093e-06,1.532668476e-07,3.585869442e-06,1.66194249e-08,5.799519673e-05,8.985036007e-06,0.04857771107
699.0,7.856139804e-06,3.035249311e-07,1.840313801e-05,8.106877092e-07,6.092227279e-06,1.661450436e-07,4.328873291e-05,2.09418217e-06,3.761921464e-06,1.524945258e-07,3.480972067e-06,1.680771453e-08,4.930729305e-05,-5.423362365e-06,0.04857228771
700.0,7.33696119e-06,2.838354266e-07,1.833307903e-05,8.034245906e-07,5.777877207e-06,1.706976058e-07,5.680552462e-05,2.627845061e-06,3.717536572e-06,1.506306232e-07,3.581307839e-06,1.693206756e-08,6.20139446e-05,5.151127284e-06,0.04857743884
701.0,8.430354704e-06,3.003806654e-07,1.922888599e-05,8.233031555e-07,6.657700592e-06,1.649128638e-07,5.220804521e-05,2.489833789e-06,3.675659291e-06,1.495877768e-07,3.505254683e-06,1.627348898e-08,5.875228327e-05,9.782869762e-06,0.04858722171
702.0,7.724668191e-06,2.930114108e-07,1.844862549e-05,8.15591765e-07,5.976207708e-06,1.582062898e-07,4.362984267e-05,2.080900775e-06,3.660075072e-06,1.484465234e-07,3.406620221e-06,1.648462e-08,4.899469788e-05,-4.652486927e-06,0.04858256922
703.0,7.347250126e-06,2.791029288e-07,1.838804939e-05,8.10033546e-07,5.658905906e-06,1.622699763e-07,5.638735767e-05,2.635226835e-06,3.611134784e-06,1.466191705e-07,3.509973144e-06,1.660473376e-08,6.21879999e-05,6.220900429e-06,0.04858879012
704.0,8.370210226e-06,2.926584694e-07,1.918474041e-05,8.221207954e-07,6.533599693e-06,1.563689401e-07,5.237589235e-05,2.5333752e-06,3.572169247e-06,1.454409958e-07,3.438709521e-06,1.597726021e-08,5.977999359e-05,1.100093711e-05,0.04859979106
705.0,7.683423947e-06,2.873893892e-07,1.825085927e-05,8.083979185e-07,5.847804382e-06,1.495017013e-07,4.369091745e-05,2.047252102e-06,3.550932608e-06,1.444202068e-07,3.346867956e-06,1.620841979e-08,4.820245803e-05,-3.581020471e-06,0.04859621004
706.0,7.323921667e-06,2.761184724e-07,1.822327421e-05,8.051716462e-07,5.520947751e-06,1.532315581e-07,5.571218557e-05,2.653385284e-06,3.512886463e-06,1.428694169e-07,3.453255146e-06,1.635855033e-08,6.261650554e-05,7.062343161e-06,0.04860327238
707.0,8.385163768e-06,2.900255618e-07,1.886618881e-05,8.090155618e-07,6.40280212e-06,1.474962795e-07,5.201803194e-05,2.541405055e-06,3.475595931e-06,1.421488234e-07,3.389005087e-06,1.575691738e-08,5.996933754e-05,1.13354836e-05,0.04861460786
708.0,7.682281758e-06,2.847216158e-07,1.781379513e-05,7.896974077e-07,5.715907782e-06,1.406948595e-07,4.366500683e-05,2.016307636e-06,3.455562051e-06,1.415901822e-07,3.305140687e-06,1.603215768e-08,4.747393931e-05,-3.583044666e-06,0.04861102482
709.0,7.29579226e-06,2.740254486e-07,1.788450784e-05,7.895807667e-07,5.383471166e-06,1.441479419e-07,5.59866262e-05,2.678283335e-06,3.428249064e-06,1.40978219e-07,3.418516697e-06,1.619673207e-08,6.32040922e-05,6.989906122e-06,0.04861801472
710.0,8.391605978e-06,2.889904898e-07,1.841373179e-05,7.866303945e-07,6.266090058e-06,1.389758977e-07,5.282264884e-05,2.539036509e-06,3.402264745e-06,1.408410156e-07,3.365153282e-06,1.563156991e-08,5.991356142e-05,1.095492276e-05,0.04862896965
711.0,7.68497832e-06,2.827709226e-07,1.734789702e-05,7.63381609e-07,5.598718201e-06,1.326162165e-07,4.371311416e-05,1.990332919e-06,3.387815614e-06,1.410652404e-07,3.289545887e-06,1.591259469e-08,4.686225483e-05,-4.355750423e-06,0.0486246139
712.0,7.283782534e-06,2.737725657e-07,1.744753426e-05,7.665664353e-07,5.249067611e-06,1.358258226e-07,5.662349897e-05,2.688658581e-06,3.384458866e-06,1.413874042e-07,3.409625736e-06,1.609646576e-08,6.344876041e-05,6.471961776e-06,0.04863108586
713.0,8.354508449e-06,2.863575313e-07,1.790021532e-05,7.596289044e-07,6.143536306e-06,1.316082151e-07,5.211791463e-05,2.52631495e-06,3.374731175e-06,1.420864693e-07,3.3597251e-06,1.552813227e-08,5.961318903e-05,1.070092925e-05,0.04864178679
714.0,7.602139857e-06,2.791445476e-07,1.677517452e-05,7.333776735e-07,5.4819082e-06,1.262847587e-07,4.311164471e-05,1.973853678e-06,3.369486111e-06,1.426438949e-07,3.280660154e-06,1.580994608e-08,4.647406226e-05,-4.532922948e-06,0.04863725387
715.0,7.260995754e-06,2.734102568e-07,1.690402849e-05,7.397379838e-07,5.131630859e-06,1.292828204e-07,5.467262048e-05,2.659537526e-06,3.380245592e-06,1.434560224e-07,3.39853828e-06,1.597141771e-08,6.276119683e-05,6.397608622e-06,0.04864365147
716.0,8.224733949e-06,2.811788608e-07,1.739691988e-05,7.299282504e-07,6.05249574e-06,1.268194848e-07,5.20221776e-05,2.513576408e-06,3.373711621e-06,1.438906897e-07,3.347559332e-06,1.53909415e-08,5.931249516e-05,1.097987235e-05,0.04865463135
717.0,7.461139553e-06,2.729608788e-07,1.622012121e-05,7.019968481e-07,5.411962004e-06,1.224515604e-07,4.365282533e-05,1.935563458e-06,3.363810051e-06,1.440964204e-07,3.262951901e-06,1.562998198e-08,4.557239594e-05,-3.882230355e-06,0.04865074912
718.0,7.185517414e-06,2.705559771e-07,1.643687766e-05,7.1218018e-07,5.061749783e-06,1.252548465e-07,5.407587178e-05,2.601800918e-06,3.381216452e-06,1.444877455e-07,3.374809842e-06,1.577020067e-08,6.13987449e-05,7.032432248e-06,0.04865778155
719.0,8.043912269e-06,2.732351615e-07,1.684908325e-05,6.997752553e-07,5.993343903e-06,1.237170118e-07,5.122416654e-05,2.4656626e-06,3.37074738e-06,1.44411877e-07,3.315943154e-06,1.515079723e-08,5.818156435e-05,1.150445628e-05,0.048669286
720.0,7.257751675e-06,2.646662079e-07,1.571470875e-05,6.725466864e-07,5.361100356e-06,1.201357043e-07,4.233039062e-05,1.871684524e-06,3.350605889e-06,1.440197735e-07,3.219798643e-06,1.534397179e-08,4.406832771e-05,-3.283770493e-06,0.04866600223
721.0,7.004413655e-06,2.641088328e-07,1.594891988e-05,6.8548699e-07,4.999884171e-06,1.221257939e-07,5.310897131e-05,2.545789185e-06,3.363805128e-06,1.439563713e-07,3.323722599e-06,1.544092775e-08,6.007683185e-05,7.615549473e-06,0.04867361778
722.0,7.839845829e-06,2.63253995e-07,1.640655561e-05,6.741158109e-07,5.940955859e-06,1.213145207e-07,4.979809175e-05,2.408366669e-06,3.346646896e-06,1.432539351e-07,3.257406338e-06,1.478648008e-08,5.682938904e-05,1.185151286e-05,0.0486854693
723.0,7.051779855e-06,2.538367223e-07,1.528773584e-05,6.486860524e-07,5.315484831e-06,1.182036091e-07,4.147737415e-05,1.796638051e-06,3.317246908e-06,1.422103269e-07,3.152190908e-06,1.493109489e-08,4.230118327e-05,-3.286532701e-06,0.04868218276
724.0,6.797841069e-06,2.549957358e-07,1.559810146e-05,6.654702986e-07,4.943780263e-06,1.194399844e-07,5.359845762e-05,2.48867246e-06,3.326607863e-06,1.416133716e-07,3.248156316e-06,1.499612279e-08,5.872887857e-05,7.554999692e-06,0.04868973776
725.0,7.640680064e-06,2.518236981e-07,1.611557887e-05,6.569438976e-07,5.901281153e-06,1.189779848e-07,5.053394092e-05,2.369220136e-06,3.304612764e-06,1.403681828e-07,3.179378047e-06,1.431041027e-08,5.59056626e-05,1.177742604e-05,0.04870151519
726.0,6.827147788e-06,2.417802697e-07,1.508547288e-05,6.335547419e-07,5.271870749e-06,1.162351428e-07,4.021457468e-05,1.739704561e-06,3.269743016e-06,1.388020533e-07,3.067473573e-06,1.440490441e-08,4.096068153e-05,-3.556915461e-06,0.04869795827
727.0,6.568271648e-06,2.432970458e-07,1.537349025e-05,6.493841666e-07,4.884472605e-06,1.164764407e-07,5.166764292e-05,2.407903604e-06,3.275884144e-06,1.378202799e-07,3.15820907e-06,1.444089747e-08,5.682281688e-05,7.111325978e-06,0.0487050696
728.0,7.390181234e-06,2.381876215e-07,1.59692279e-05,6.443518815e-07,5.845186681e-06,1.163551426e-07,4.871906323e-05,2.310581605e-06,3.248545002e-06,1.362413015e-07,3.086424389e-06,1.371274324e-08,5.452177328e-05,1.147467863e-05,0.04871654428
729.0,6.569570134e-06,2.278639189e-07,1.48910216e-05,6.220929765e-07,5.212820373e-06,1.139654473e-07,3.916949122e-05,1.698124687e-06,3.207207341e-06,1.342267354e-07,2.96588985e-06,1.376341762e-08,3.998175598e-05,-3.594829273e-06,0.04871294945
730.0,6.368001314e-06,2.310998535e-07,1.513351343e-05,6.343587679e-07,4.821694857e-06,1.138214182e-07,5.148410046e-05,2.362508775e-06,3.208356397e-06,1.330974059e-07,3.051152705e-06,1.376909288e-08,5.575136098e-05,7.028277778e-06,0.04871997773
731.0,7.155792419e-06,2.227820038e-07,1.584409114e-05,6.324667202e-07,5.795564386e-06,1.136338974e-07,4.859474438e-05,2.277685366e-06,3.170190605e-06,1.312995509e-07,2.976467152e-06,1.300912704e-08,5.374551323e-05,1.133211802e-05,0.04873130984
732.0,6.320594775e-06,2.130279108e-07,1.474093107e-05,6.096811623e-07,5.155018455e-06,1.113155709e-07,3.957899365e-05,1.685265024e-06,3.120473427e-06,1.29018009e-07,2.847347181e-06,1.301670618e-08,3.967901612e-05,-3.457972991e-06,0.04872785187
733.0,6.16916319e-06,2.175455434e-07,1.48587721e-05,6.166362838e-07,4.760216933e-06,1.109186613e-07,5.059771171e-05,2.307046824e-06,3.116317275e-06,1.276767954e-07,2.93254609e-06,1.301671053e-08,5.444246369e-05,7.360112812e-06,0.04873521198
734.0,6.91941965e-06,2.068339843e-07,1.56024982e-05,6.173008308e-07,5.73228095e-06,1.10557046e-07,4.798585553e-05,2.291722632e-06,3.069684001e-06,1.256327393e-07,2.85645508e-06,1.223365019e-08,5.407701613e-05,1.15839767e-05,0.04874679596
735.0,6.110239238e-06,1.980619157e-07,1.45113585e-05,5.93082886e-07,5.092174661e-06,1.081138403e-07,3.850018833e-05,1.683677849e-06,3.0106653e-06,1.229313445e-07,2.722920253e-06,1.222512586e-08,3.964158655e-05,-3.34925651e-06,0.0487434467
736.0,5.96579548e-06,2.033900212e-07,1.45131144e-05,5.922054159e-07,4.696933786e-06,1.077989269e-07,4.991055946e-05,2.317085237e-06,2.998482303e-06,1.213600065e-07,2.810724433e-06,1.223053759e-08,5.467963727e-05,7.475058477e-06,0.04875092176
737.0,6.737839458e-06,1.925166804e-07,1.530910084e-05,5.95565681e-07,5.677697292e-06,1.070262823e-07,4.740052983e-05,2.285327399e-06,2.944380726e-06,1.189230284e-07,2.735944627e-06,1.144784564e-08,5.392609899e-05,1.175545019e-05,0.04876267721
738.0,5.962149748e-06,1.852365235e-07,1.418811792e-05,5.717992944e-07,5.027734176e-06,1.045043332e-07,3.852477188e-05,1.723605998e-06,2.879315308e-06,1.158483821e-07,2.601034764e-06,1.143351055e-08,4.058180435e-05,-3.253647724e-06,0.04875942357
739.0,5.842554327e-06,1.905090149e-07,1.408632686e-05,5.639207446e-07,4.654868797e-06,1.047020999e-07,5.013510601e-05,2.318819497e-06,2.862318868e-06,1.140211407e-07,2.696065419e-06,1.147058224e-08,5.472058618e-05,7.206102219e-06,0.04876662967
740.0,6.634281447e-06,1.823180405e-07,1.483507952e-05,5.683021383e-07,5.618037014e-06,1.032000139e-07,4.6915607e-05,2.334897578e-06,2.802843619e-06,1.114550937e-07,2.625000692e-06,1.069701971e-08,5.509605388e-05,1.14936763e-05,0.04877812334
741.0,5.862405503e-06,1.76041748e-07,1.371760055e-05,5.440193061e-07,4.970171386e-06,1.006201528e-07,3.778221337e-05,1.744104601e-06,2.738262137e-06,1.08290407e-07,2.492268099e-06,1.070356772e-08,4.106453733e-05,-3.273324463e-06,0.04877485002
742.0,5.725693915e-06,1.807043403e-07,1.343664236e-05,5.302206926e-07,4.603629222e-06,1.014020864e-07,5.067417024e-05,2.330209061e-06,2.71608212e-06,1.064634031e-07,2.594627891e-06,1.077728227e-08,5.498962217e-05,6.944109853e-06,0.04878179413
743.0,6.58128711e-06,1.76051361e-07,1.428300187e-05,5.369286384e-07,5.574231949e-06,9.977250437e-08,4.746826518e-05,2.33062984e-06,2.656134859e-06,1.039423976e-07,2.527495924e-06,1.003310593e-08,5.499551681e-05,1.108841561e-05,0.04879288255
744.0,5.821994452e-06,1.71488447e-07,1.322710728e-05,5.128137085e-07,4.929656299e-06,9.708285091e-08,3.903705427e-05,1.784737585e-06,2.595892608e-06,1.010979769e-07,2.39897757e-06,1.006646604e-08,4.202137158e-05,-3.420624573e-06,0.04878946192
745.0,5.656267255e-06,1.743519847e-07,1.283555789e-05,4.931258226e-07,4.572586431e-06,9.846628854e-08,4.985123094e-05,2.313927744e-06,2.56983397e-06,9.964728007e-08,2.510349605e-06,1.019638654e-08,5.460574809e-05,6.916088017e-06,0.04879637801
746.0,6.547413192e-06,1.731244015e-07,1.367933423e-05,5.02477735e-07,5.534215601e-06,9.688067879e-08,4.782703205e-05,2.364221264e-06,2.516081588e-06,9.773381845e-08,2.45099996e-06,9.487618287e-09,5.578835611e-05,1.099047918e-05,0.04880736849
747.0,5.80143729e-06,1.693913326e-07,1.270574572e-05,4.813510565e-07,4.886971489e-06,9.43435274e-08,3.818370137e-05,1.789202345e-06,2.468596454e-06,9.562898909e-08,2.33222102e-06,9.565026548e-09,4.212670901e-05,-3.536829637e-06,0.04880383166
748.0,5.618748896e-06,1.705058983e-07,1.221555228e-05,4.569321181e-07,4.536750859e-06,9.636668192e-08,4.987123688e-05,2.340679197e-06,2.447878811e-06,9.482150143e-08,2.455547989e-06,9.74082886e-09,5.523725109e-05,6.713194067e-06,0.04881054485
749.0,6.512935096e-06,1.722415042e-07,1.307435216e-05,4.690037788e-07,5.502466363e-06,9.505567121e-08,4.68393313e-05,1.064658289e-06,2.40252949e-06,9.338467853e-08,2.405999059e-06,9.052346739e-09,2.512278144e-05,1.001712295e-06,0.04881154656
750.0,6.099232562e-06,1.846372249e-07,1.26644286e-05,4.884838358e-07,4.923091619e-06,9.513748462e-08,3.635676531e-05,9.989560017e-07,2.389853401e-06,9.268173972e-08,2.300413985e-06,9.248550191e-09,2.352051274e-05,2.542132687e-07,0.04881180078
751.0,5.566928113e-06,1.676715233e-07,1.195150194e-05,4.447007087e-07,4.593210201e-06,9.775919709e-08,4.55835243e-05,9.709446691e-07,2.353736293e-06,9.15828312e-08,2.420809827e-06,9.347485873e-09,2.291316327e-05,2.840969576e-06,0.04881464175
752.0,6.683309293e-06,1.834993768e-07,1.33276903e-05,4.83579297e-07,5.581057926e-06,9.63064283e-08,4.429950476e-05,9.721336878e-07,2.349129034e-06,9.147446381e-08,2.37456475e-06,8.74294177e-09,2.293963422e-05,1.267113565e-06,0.04881590886
753.0,5.976206569e-06,1.81488575e-07,1.196815392e-05,4.385831248e-07,4.938940107e-06,9.47026669e-08,3.375981744e-05,1.017217013e-06,2.337485593e-06,9.090042917e-08,2.267660562e-06,8.942347713e-09,2.395063833e-05,7.135972393e-07,0.04881662246
754.0,5.48911166e-06,1.635212967e-07,1.124129717e-05,4.007366484e-07,4.604940889e-06,9.848076514e-08,4.62199296e-05,2.149518888e-06,2.321493013e-06,9.058009255e-08,2.387973632e-06,9.085931878e-09,5.072670678e-05,7.427331852e-06,0.04882404979
755.0,6.396349721e-06,1.72193333e-07,1.227419294e-05,4.218528443e-07,5.520325624e-06,9.600253789e-08,4.812980889e-05,2.228684518e-06,2.313225428e-06,9.004488418e-08,2.33444825e-06,8.436111657e-09,5.259086432e-05,1.190318679e-05,0.04883595298
756.0,5.65440134e-06,1.672236288e-07,1.140683686e-05,4.100689469e-07,4.860627569e-06,9.358425592e-08,3.72852372e-05,1.714288522e-06,2.306004336e-06,8.932117309e-08,2.221676171e-06,8.584859185e-09,4.036342457e-05,-2.173534294e-06,0.04883377944
757.0,5.443905335e-06,1.663795604e-07,1.091871558e-05,3.848376829e-07,4.535707907e-06,9.789129004e-08,4.906098345e-05,2.266352001e-06,2.305224625e-06,8.932588563e-08,2.351789532e-06,8.841871467e-09,5.34840002e-05,8.432963489e-06,0.04884221241
758.0,6.35328739e-06,1.728257685e-07,1.210625664e-05,4.143810236e-07,5.49664607e-06,9.6180805e-08,4.554377841e-05,1.111235405e-06,2.281159693e-06,8.836957782e-08,2.296594537e-06,8.166148224e-09,2.622224261e-05,9.645871302e-07,0.04884317699
759.0,5.909344835e-06,1.849542676e-07,1.179515232e-05,4.402869743e-07,4.902935899e-06,9.50570226e-08,3.446882511e-05,1.694531483e-06,2.273086579e-06,8.764348838e-08,2.185940471e-06,8.376798977e-09,3.989852581e-05,-5.150395442e-06,0.0488380266
760.0,5.351753616e-06,1.720870029e-07,1.116702009e-05,4.062991497e-07,4.524850307e-06,9.764926629e-08,4.985458981e-05,2.348988795e-06,2.265553673e-06,8.762346302e-08,2.316466418e-06,8.65980239e-09,5.543486964e-05,4.698798307e-06,0.0488427254
761.0,6.517364121e-06,1.85820929e-07,1.200549015e-05,4.123975968e-07,5.500471151e-06,9.637762786e-08,4.528423163e-05,2.081337929e-06,2.241076493e-06,8.65609906e-08,2.254160995e-06,8.001360603e-09,4.911455123e-05,8.913800313e-06,0.0488516392
762.0,5.68673098e-06,1.785797272e-07,1.12427557e-05,4.097479526e-07,4.824422108e-06,9.256413305e-08,3.552940977e-05,1.723392337e-06,2.234209082e-06,8.571251572e-08,2.144225147e-06,8.174560039e-09,4.057838283e-05,-5.459967489e-06,0.04884617923
763.0,5.186403602e-06,1.631796784e-07,1.07710347e-05,3.859465037e-07,4.511512106e-06,9.737574165e-08,4.724851756e-05,2.280770771e-06,2.234383941e-06,8.576918072e-08,2.277406329e-06,8.488667735e-09,5.382499833e-05,4.701267753e-06,0.0488508805
764.0,6.295534083e-06,1.781282475e-07,1.221943609e-05,4.337034813e-07,5.478207173e-06,9.649657781e-08,4.498450796e-05,2.151328647e-06,2.212658949e-06,8.48341056e-08,2.214798771e-06,7.851112099e-09,5.076626652e-05,9.541362926e-06,0.04886042186
765.0,5.452952586e-06,1.678704445e-07,1.135118669e-05,4.236303459e-07,4.800818003e-06,9.16277105e-08,3.605858617e-05,1.745294698e-06,2.211747727e-06,8.420587029e-08,2.108901748e-06,8.047139996e-09,4.109419368e-05,-4.178155296e-06,0.0488562437
766.0,5.176681094e-06,1.59994695e-07,1.106065578e-05,4.059461545e-07,4.502463836e-06,9.699937002e-08,4.729007308e-05,2.196066674e-06,2.210240533e-06,8.441651441e-08,2.2396369e-06,8.370651648e-09,5.182611129e-05,6.765128521e-06,0.04886300883
767.0,6.103625613e-06,1.689963968e-07,1.243406074e-05,4.488473958e-07,5.44064807e-06,9.499394513e-08,4.437240593e-05,1.060147283e-06,2.188832011e-06,8.358460344e-08,2.177818536e-06,7.71410898e-09,2.501700204e-05,8.010461342e-07,0.04886380988
768.0,5.59379105e-06,1.727038264e-07,1.21110013e-05,4.677039188e-07,4.834799802e-06,9.179571864e-08,3.218347492e-05,1.005466705e-06,2.183787688e-06,8.2962798e-08,2.075631287e-06,7.990060025e-09,2.367445191e-05,-6.60780478e-07,0.0488631491
769.0,5.061956037e-06,1.532940038e-07,1.169745155e-05,4.411117433e-07,4.587460718e-06,9.985585817e-08,4.371551836e-05,2.17230978e-06,2.16936206e-06,8.301845015e-08,2.199171492e-06,8.223755355e-09,5.126534198e-05,8.169791186e-06,0.04887131889
770.0,5.991546906e-06,1.613846788e-07,1.254299467e-05,4.538848952e-07,5.460358481e-06,9.539804581e-08,4.57057795e-05,2.087430716e-06,2.156710555e-06,8.240069056e-08,2.135023516e-06,7.604526229e-09,4.925856938e-05,1.25564132e-05,0.0488838753
771.0,5.292933428e-06,1.57045664e-07,1.176558331e-05,4.495038999e-07,4.783711948e-06,9.019259489e-08,3.542087224e-05,1.597721334e-06,2.151865753e-06,8.182981892e-08,2.033521357e-06,7.825111222e-09,3.76195479e-05,-2.36151691e-06,0.04888151379
772.0,5.059656719e-06,1.52516729e-07,1.164331563e-05,4.418720916e-07,4.471871557e-06,9.52261327e-08,4.662077179e-05,2.217448209e-06,2.136912672e-06,8.151511225e-08,2.158364273e-06,8.107778821e-09,5.233061168e-05,7.999196573e-06,0.04888951298
773.0,6.061606765e-06,1.650365148e-07,1.289172873e-05,4.761565732e-07,5.38712268e-06,9.18026448e-08,4.2580638e-05,1.112765147e-06,2.100569897e-06,8.019769153e-08,2.093550366e-06,7.455692913e-09,2.625887663e-05,2.530246367e-07,0.04888976601
774.0,5.584240291e-06,1.686784763e-07,1.239421612e-05,4.855531454e-07,4.748535794e-06,8.628318861e-08,3.069728316e-05,8.640423704e-07,2.08053967e-06,7.895821914e-08,1.99733973e-06,7.73546288e-09,2.034450008e-05,3.327890668e-07,0.0488900988
775.0,4.932091913e-06,1.475005437e-07,1.191937006e-05,4.571381218e-07,4.447131261e-06,9.177390456e-08,4.390956014e-05,1.064366092e-06,2.049918717e-06,7.794020892e-08,2.118584937e-06,7.899342381e-09,2.51186865e-05,3.355760388e-06,0.04889345456
776.0,6.273683721e-06,1.736457801e-07,1.385116308e-05,5.37772261e-07,5.419860326e-06,9.033200973e-08,4.243130274e-05,1.044048149e-06,2.031515564e-06,7.708093994e-08,2.060995702e-06,7.35147994e-09,2.463736073e-05,1.04154213e-06,0.0488944961
777.0,5.609042684e-06,1.682546867e-07,1.212467783e-05,4.718192766e-07,4.682008338e-06,7.982719436e-08,3.035503451e-05,9.82143496e-07,2.013549264e-06,7.610571175e-08,1.967789838e-06,7.624319889e-09,2.31254999e-05,3.204807914e-07,0.04889481658
778.0,5.022892424e-06,1.492916574e-07,1.190376359e-05,4.56768993e-07,4.347328577e-06,8.432229356e-08,4.47989046e-05,2.179334484e-06,2.001607561e-06,7.569536269e-08,2.085220261e-06,7.812277121e-09,5.143208745e-05,5.817013441e-06,0.04890063359
779.0,6.125496205e-06,1.659198862e-07,1.261737654e-05,4.648771069e-07,5.242010508e-06,8.158002082e-08,4.548956698e-05,2.132481157e-06,1.98068783e-06,7.473475419e-08,2.024717711e-06,7.214153113e-09,5.032195346e-05,1.052443943e-05,0.04891115803
780.0,5.321644485e-06,1.555233269e-07,1.148875896e-05,4.398666292e-07,4.554105413e-06,7.54130716e-08,3.610291649e-05,1.644982556e-06,1.963472046e-06,7.396798349e-08,1.935429989e-06,7.480040533e-09,3.873254642e-05,-3.703237541e-06,0.04890745479
781.0,5.092710347e-06,1.503867899e-07,1.157351674e-05,4.433942347e-07,4.234087297e-06,7.917539579e-08,4.619606471e-05,2.262350687e-06,1.964236213e-06,7.416222961e-08,2.061844862e-06,7.74076808e-09,5.339061432e-05,7.548897909e-06,0.04891500369
782.0,6.037618669e-06,1.601256034e-07,1.236532219e-05,4.551790587e-07,5.160880277e-06,7.717105534e-08,4.523735519e-05,1.171513186e-06,1.927649319e-06,7.324706607e-08,2.007879995e-06,7.158366663e-09,2.764516957e-05,2.93122557e-08,0.04891503301
783.0,5.482192785e-06,1.57758748e-07,1.198491094e-05,4.69992671e-07,4.566633281e-06,7.317883982e-08,3.370530127e-05,8.957837609e-07,1.914298543e-06,7.288976188e-08,1.933163902e-06,7.521128954e-09,2.109192072e-05,-8.698314311e-07,0.04891416317
784.0,5.108120921e-06,1.536617268e-07,1.170591368e-05,4.514660639e-07,4.253675897e-06,7.78624871e-08,4.282516307e-05,1.079431018e-06,1.901928441e-06,7.296025999e-08,2.054853818e-06,7.701131654e-09,2.547404891e-05,2.399159597e-06,0.04891656233
785.0,6.209292824e-06,1.661612801e-07,1.29128916e-05,4.91161439e-07,5.231881163e-06,7.811720814e-08,4.136453956e-05,1.055846068e-06,1.892633114e-06,7.315856083e-08,2.011944642e-06,7.2133044e-09,2.491559047e-05,8.343938867e-07,0.04891739673
786.0,5.465988536e-06,1.554502548e-07,1.125568832e-05,4.304654124e-07,4.540026781e-06,7.034416589e-08,3.288035017e-05,9.369276837e-07,1.890750831e-06,7.37308716e-08,1.942394674e-06,7.583468469e-09,2.206068325e-05,2.028754932e-07,0.0489175996
787.0,5.137862135e-06,1.551647195e-07,1.134705573e-05,4.309628876e-07,4.198024741e-06,7.377040889e-08,4.248723604e-05,1.017405748e-06,1.898051529e-06,7.424519392e-08,2.060953933e-06,7.738111408e-09,2.401034612e-05,2.465429463e-06,0.04892006503
788.0,6.174342139e-06,1.661272642e-07,1.26822946e-05,4.811273997e-07,5.190932745e-06,7.670260919e-08,4.117077776e-05,1.029970716e-06,1.89303672e-06,7.465431692e-08,2.019395606e-06,7.249587397e-09,2.430498239e-05,8.72886295e-07,0.04892093792
789.0,5.377364522e-06,1.522285333e-07,1.093966265e-05,4.105432328e-07,4.517463734e-06,6.973715548e-08,3.216994309e-05,9.518190541e-07,1.89825125e-06,7.543774944e-08,1.95073319e-06,7.615831751e-09,2.241132325e-05,-2.675248707e-07,0.04892067039
790.0,5.170343651e-06,1.582332143e-07,1.117024244e-05,4.200800177e-07,4.161402668e-06,7.231935569e-08,4.247941856e-05,2.105232268e-06,1.914497802e-06,7.617539186e-08,2.064041128e-06,7.756686081e-09,4.968250522e-05,8.144981094e-06,0.04892881537
791.0,6.022660816e-06,1.613044827e-07,1.146858462e-05,4.027271335e-07,5.064825662e-06,7.14615011e-08,4.719648509e-05,2.165238881e-06,1.897927239e-06,7.602038139e-08,2.01809339e-06,7.215619206e-09,5.109460184e-05,1.298018055e-05,0.04894179556
792.0,5.25645245e-06,1.510182324e-07,1.039863934e-05,3.784180543e-07,4.436214384e-06,6.814274968e-08,3.679509408e-05,1.660415014e-06,1.881730243e-06,7.567553011e-08,1.930115265e-06,7.499888356e-09,3.909529592e-05,-1.152488156e-06,0.04894064307
793.0,5.165625118e-06,1.57205353e-07,1.059272846e-05,3.910382376e-07,4.086448941e-06,7.05295308e-08,4.406868731e-05,1.093813725e-06,1.896543523e-06,7.589563517e-08,2.052300753e-06,7.685933146e-09,2.581327953e-05,1.891782875e-06,0.04894253485
794.0,5.97912327e-06,1.550464674e-07,1.213541994e-05,4.518198575e-07,5.137033957e-06,7.476140622e-08,4.059805571e-05,1.11732812e-06,1.892952196e-06,7.602402399e-08,2.009558771e-06,7.169136888e-09,2.636625535e-05,1.07857096e-06,0.04894361342
795.0,5.26853081e-06,1.443510874e-07,1.045446935e-05,3.854406784e-07,4.49677396e-06,6.921670697e-08,3.080641776e-05,9.179119026e-07,1.897230474e-06,7.642827618e-08,1.933732324e-06,7.504909477e-09,2.161288065e-05,-3.095268854e-07,0.04894330389
796.0,4.907759731e-06,1.479234157e-07,1.077339674e-05,3.992390656e-07,4.091345503e-06,6.843599005e-08,4.151910114e-05,2.068691671e-06,1.910445743e-06,7.630637894e-08,2.034618664e-06,7.605031521e-09,4.881993052e-05,7.256577392e-06,0.04895056047
797.0,5.853591721e-06,1.522951625e-07,1.112378302e-05,3.833380931e-07,5.002537071e-06,6.809177433e-08,4.518371363e-05,2.039502474e-06,1.889182031e-06,7.556575218e-08,1.984005152e-06,7.043473924e-09,4.812710969e-05,1.125797337e-05,0.04896181844
798.0,4.987637049e-06,1.406666902e-07,1.008685886e-05,3.636916521e-07,4.377124777e-06,6.596010997e-08,3.597035189e-05,1.586096132e-06,1.864266392e-06,7.471800632e-08,1.885879264e-06,7.279771525e-09,3.734525201e-05,-3.324110077e-06,0.04895849433
799.0,4.899915808e-06,1.487352478e-07,1.032790908e-05,3.773041445e-07,4.014936079e-06,6.71058216e-08,4.481811357e-05,2.144977904e-06,1.897182611e-06,7.505992122e-08,2.001125916e-06,7.450116089e-09,5.061991751e-05,7.314059426e-06,0.04896580839
800.0,5.629525892e-06,1.409140622e-07,1.101694123e-05,3.776256534e-07,4.980538119e-06,6.78602495e-08,4.396877952e-05,2.087096907e-06,1.875030116e-06,7.416296318e-08,1.950419983e-06,6.859250928e-09,4.924986615e-05,1.217688083e-05,0.04897798527
801.0,4.840891498e-06,1.33580301e-07,9.907743015e-06,3.539993414e-07,4.355049389e-06,6.530616746e-08,3.374435901e-05,1.576474982e-06,1.84945702e-06,7.309182341e-08,1.848981856e-06,7.063595367e-09,3.711873138e-05,-2.3049717e-06,0.0489756803
802.0,4.80698505e-06,1.442168834e-07,1.011898271e-05,3.674780722e-07,3.970932188e-06,6.526054751e-08,4.517355364e-05,2.174145255e-06,1.880907129e-06,7.33952602e-08,1.962528452e-06,7.216516562e-09,5.13080334e-05,8.590968119e-06,0.04898427127
803.0,5.502846248e-06,1.334178701e-07,1.103446115e-05,3.787358543e-07,4.959079705e-06,6.645717283e-08,4.175733359e-05,1.174851593e-06,1.84512085e-06,7.19810912e-08,1.909130434e-06,6.582964596e-09,2.772340402e-05,2.563098837e-07,0.04898452758
804.0,4.985731886e-06,1.33412768e-07,1.067590419e-05,4.03220333e-07,4.413150618e-06,6.731483491e-08,3.11722892e-05,1.51088808e-06,1.824709152e-06,7.129791616e-08,1.806567831e-06,6.807321056e-09,3.557423376e-05,-5.842193938e-06,0.04897868539
805.0,4.535796861e-06,1.296330243e-07,1.046006293e-05,3.858336972e-07,3.974506192e-06,6.477135643e-08,4.641287847e-05,2.297637297e-06,1.855191623e-06,7.168315564e-08,1.91948312e-06,6.96099039e-09,5.422253061e-05,4.320936156e-06,0.04898300632
806.0,5.500860224e-06,1.271772661e-07,1.100098902e-05,3.731805175e-07,4.961797674e-06,6.570826984e-08,4.255148411e-05,1.926013933e-06,1.824896871e-06,7.058953092e-08,1.862813012e-06,6.322796491e-09,4.544903338e-05,9.031074073e-06,0.0489920374
807.0,4.632545794e-06,1.183364755e-07,1.000722373e-05,3.52759005e-07,4.31449916e-06,6.298338969e-08,3.348755916e-05,1.544721435e-06,1.77975655e-06,6.899555016e-08,1.747056486e-06,6.477159588e-09,3.637115211e-05,-5.679773191e-06,0.04898635762
808.0,4.518707315e-06,1.268179186e-07,1.009645253e-05,3.601657115e-07,3.897452534e-06,6.160622166e-08,4.445611426e-05,2.202503422e-06,1.803749259e-06,6.913050522e-08,1.861198827e-06,6.633649024e-09,5.1977139e-05,5.036165461e-06,0.04899139379
809.0,5.376580382e-06,1.228021852e-07,1.127273783e-05,3.860035802e-07,4.934534327e-06,6.505245287e-08,4.178645467e-05,2.022310528e-06,1.763738379e-06,6.762785446e-08,1.804582801e-06,5.9916164e-09,4.772115295e-05,1.023600519e-05,0.04900162979
810.0,4.520943003e-06,1.132007139e-07,9.93487575e-06,3.502245029e-07,4.261661647e-06,6.092652288e-08,3.423110973e-05,1.559195452e-06,1.716514973e-06,6.57029454e-08,1.685644403e-06,6.127366184e-09,3.671189425e-05,-3.648990619e-06,0.0489979808
811.0,4.6085506e-06,1.287912694e-07,9.926451181e-06,3.504151291e-07,3.87947035e-06,6.056523066e-08,4.376083158e-05,2.088385914e-06,1.732401496e-06,6.553675941e-08,1.802877503e-06,6.299714035e-09,4.928423579e-05,7.712550344e-06,0.04900569335
812.0,5.271495632e-06,1.153812486e-07,1.100911096e-05,3.725136817e-07,4.889698531e-06,6.247317446e-08,4.290197359e-05,1.113925748e-06,1.683047465e-06,6.348905828e-08,1.749958671e-06,5.635645635e-09,2.628569468e-05,5.670982055e-07,0.04900626045
813.0,4.760499095e-06,1.185669889e-07,1.034437979e-05,3.75518204e-07,4.332799259e-06,6.284661297e-08,3.0242415e-05,8.700247994e-07,1.65853904e-06,6.22319513e-08,1.647036482e-06,5.867642773e-09,2.048502233e-05,-5.410996017e-07,0.04900571935
814.0,4.501975592e-06,1.22313847e-07,1.001926402e-05,3.551380746e-07,3.925444171e-06,6.112353272e-08,4.159504523e-05,1.001351215e-06,1.627599035e-06,6.05826943e-08,1.753666246e-06,5.935091792e-09,2.363110026e-05,2.657852339e-06,0.04900837721
815.0,5.434901803e-06,1.207420579e-07,1.140558939e-05,3.954692699e-07,4.974882085e-06,6.361284649e-08,3.825998782e-05,9.971812638e-07,1.605774679e-06,5.952147974e-08,1.709024198e-06,5.364403491e-09,2.353096986e-05,1.373179087e-06,0.04900975038
816.0,4.737230307e-06,1.131309082e-07,9.766824491e-06,3.369473588e-07,4.326313583e-06,6.081472793e-08,2.947251305e-05,9.528275401e-07,1.583655689e-06,5.840235793e-08,1.603398833e-06,5.584691314e-09,2.243479067e-05,8.200922402e-07,0.04901057048
817.0,4.40041145e-06,1.114425197e-07,9.514062885e-06,3.245847558e-07,3.913721634e-06,5.938920722e-08,4.078288826e-05,2.024200126e-06,1.571240706e-06,5.75474201e-08,1.71239664e-06,5.703256754e-09,4.77697582e-05,6.961600412e-06,0.04901753208
818.0,5.199735448e-06,1.097880329e-07,1.0294581e-05,3.311380331e-07,4.843083493e-06,5.80480047e-08,4.296713919e-05,2.071708161e-06,1.53702032e-06,5.631641756e-08,1.66362358e-06,5.073524223e-09,4.888717137e-05,1.149098713e-05,0.04902902306
819.0,4.434902279e-06,1.027402551e-07,9.22511447e-06,3.080580406e-07,4.177948689e-06,5.441624338e-08,3.437263152e-05,1.596421985e-06,1.501107172e-06,5.466786141e-08,1.549398684e-06,5.232986804e-09,3.758853919e-05,-2.787318249e-06,0.04902623575
820.0,4.437200883e-06,1.130619751e-07,8.944012526e-06,2.941814326e-07,3.812983167e-06,5.603376073e-08,4.480059349e-05,2.133122452e-06,1.51044758e-06,5.509596939e-08,1.682227367e-06,5.483550088e-09,5.03402259e-05,7.93451632e-06,0.04903417026
821.0,5.219680623e-06,1.079189254e-07,1.004900451e-05,3.179667902e-07,4.81174469e-06,5.66464205e-08,4.35124072e-05,1.090219603e-06,1.472179202e-06,5.359020309e-08,1.639450359e-06,4.863605291e-09,2.572655216e-05,7.562227594e-07,0.04903492649
822.0,4.787072288e-06,1.184668286e-07,9.56963013e-06,3.318306429e-07,4.247443798e-06,5.70855053e-08,3.091326771e-05,8.858813872e-07,1.465017376e-06,5.326156717e-08,1.542181265e-06,5.117256518e-09,2.085859765e-05,-3.145968009e-07,0.04903461189
823.0,4.309606672e-06,1.073887998e-07,8.991250277e-06,2.962174553e-07,3.872229536e-06,5.743587871e-08,4.060667923e-05,9.84372331e-07,1.440964948e-06,5.260550016e-08,1.671142276e-06,5.288351928e-09,2.323055889e-05,2.771547122e-06,0.04903738344
824.0,5.509208418e-06,1.242224101e-07,1.072739955e-05,3.641589922e-07,4.92462568e-06,6.038858578e-08,3.853993115e-05,9.807210742e-07,1.439510667e-06,5.27753128e-08,1.633611341e-06,4.750870639e-09,2.314267578e-05,1.189674084e-06,0.04903857311
825.0,4.817854017e-06,1.198069684e-07,8.994463679e-06,2.902013506e-07,4.263039621e-06,5.696521162e-08,2.983679443e-05,9.840453152e-07,1.435847958e-06,5.266360256e-08,1.532653662e-06,4.999802441e-09,2.317010017e-05,7.56700286e-07,0.04903932981
826.0,4.288924897e-06,1.03967033e-07,8.458269037e-06,2.660289921e-07,3.886977465e-06,5.784104243e-08,4.099693868e-05,2.028384211e-06,1.438125023e-06,5.309270989e-08,1.662456248e-06,5.214549474e-09,4.786908298e-05,6.847472995e-06,0.04904617728
827.0,5.188406765e-06,1.089890239e-07,9.504826606e-06,2.8913984e-07,4.819177258e-06,5.688782575e-08,4.370466959e-05,2.063563422e-06,1.428645871e-06,5.263670806e-08,1.619088583e-06,8.053795011e-08,4.869531924e-05,1.12727306e-05,0.04905745001
828.0,4.406807068e-06,1.017598998e-07,8.577240846e-06,2.694668931e-07,4.154967583e-06,5.355129547e-08,3.294514396e-05,1.564866534e-06,1.418767077e-06,5.188658787e-08,1.533641955e-06,4.82977556e-09,3.684583055e-05,-2.940580389e-06,0.04905450943
829.0,4.360122941e-06,1.109262762e-07,8.210176159e-06,2.533434875e-07,3.82546407e-06,5.728770835e-08,4.516177907e-05,2.100416042e-06,1.434950138e-06,5.299607192e-08,1.660541116e-06,5.135022132e-09,4.956882107e-05,7.865504786e-06,0.04906237494
830.0,5.163831868e-06,1.082402006e-07,9.399012055e-06,2.84118517e-07,4.803398309e-06,5.708051267e-08,4.115141628e-05,1.076490369e-06,1.422349812e-06,5.205794575e-08,1.613162552e-06,7.945465731e-08,2.540287277e-05,8.423472531e-07,0.04906321729
831.0,4.705442488e-06,1.205001361e-07,9.099791509e-06,3.081603727e-07,4.23062442e-06,5.720720194e-08,2.987477179e-05,9.058503653e-07,1.418114269e-06,5.163240525e-08,1.532462854e-06,4.798113619e-09,2.132898707e-05,-3.299501698e-07,0.04906288734
832.0,4.155146725e-06,1.031817101e-07,8.484344521e-06,2.710851001e-07,3.905902044e-06,6.039295837e-08,3.940204148e-05,9.733744964e-07,1.409108515e-06,5.166353762e-08,1.655275348e-06,5.029485823e-09,2.297124264e-05,2.753825755e-06,0.04906564116
833.0,5.413779614e-06,1.264241062e-07,1.035515449e-05,3.467939419e-07,4.936720573e-06,6.205610958e-08,3.871152766e-05,9.740807704e-07,1.411619029e-06,5.135169341e-08,1.60582607e-06,7.905796282e-08,2.298622728e-05,1.194775374e-06,0.04906683594
834.0,4.77393807e-06,1.250685811e-07,8.694455754e-06,2.761049369e-07,4.247926118e-06,5.670659701e-08,2.686229984e-05,9.840307294e-07,1.400824084e-06,5.079736893e-08,1.522490036e-06,4.744569624e-09,2.317001552e-05,9.621269645e-07,0.04906779806
835.0,4.12318133e-06,1.008484628e-07,8.140216998e-06,2.500733779e-07,3.912078038e-06,6.02404193e-08,4.035412702e-05,2.003759956e-06,1.407321118e-06,5.144356207e-08,1.641321869e-06,5.021795565e-09,4.728833428e-05,6.696697656e-06,0.04907449476
836.0,5.11964115e-06,1.105898898e-07,9.281736887e-06,2.814601226e-07,4.830941511e-06,5.859907552e-08,4.100422464e-05,1.965738987e-06,1.404686631e-06,5.073621638e-08,1.585031009e-06,7.823250175e-08,4.638738263e-05,1.09972393e-05,0.049085492
837.0,4.298898799e-06,1.023387179e-07,8.370543588e-06,2.635996223e-07,4.157434262e-06,5.434435094e-08,3.201693074e-05,1.499191607e-06,1.400272711e-06,5.007707976e-08,1.502403024e-06,4.650804744e-09,3.529987011e-05,-3.311749636e-06,0.04908218025
838.0,4.165248536e-06,1.040145696e-07,8.114735544e-06,2.526552066e-07,3.841271554e-06,5.90395191e-08,4.211623652e-05,2.05385564e-06,1.410111192e-06,5.10017132e-08,1.629814529e-06,5.008269144e-09,4.847060883e-05,7.619584913e-06,0.04908979984
839.0,5.048321192e-06,1.09879731e-07,9.464577765e-06,2.925292851e-07,4.801884106e-06,5.826281163e-08,4.085580427e-05,1.070190683e-06,1.397957878e-06,4.992845726e-08,1.572683379e-06,7.756715859e-08,2.525435771e-05,6.457833935e-07,0.04909044562
840.0,4.624487274e-06,1.174781745e-07,9.211375161e-06,3.155417054e-07,4.223630025e-06,5.675888188e-08,2.798876969e-05,8.973525229e-07,1.385757889e-06,4.92266532e-08,1.493246466e-06,4.671329966e-09,2.112905986e-05,-2.814921284e-07,0.04909016413
841.0,4.018545815e-06,9.812201126e-08,8.667147869e-06,2.832272267e-07,3.915422318e-06,6.115764651e-08,3.904625072e-05,9.951016004e-07,1.378965727e-06,4.929930136e-08,1.614484872e-06,4.919117735e-09,2.348421029e-05,2.665851539e-06,0.04909282998
842.0,5.287633833e-06,1.222413995e-07,1.062992706e-05,3.665324546e-07,4.917560473e-06,6.194034889e-08,3.597718171e-05,9.89197507e-07,1.373105055e-06,4.876741845e-08,1.557440946e-06,7.70861345e-08,2.334317149e-05,1.175069705e-06,0.04909400505
843.0,4.605654197e-06,1.185082384e-07,8.920412705e-06,2.947206028e-07,4.199872813e-06,5.411389172e-08,2.657075464e-05,9.646010448e-07,1.360724241e-06,4.823015425e-08,1.477223352e-06,4.64038308e-09,2.271268183e-05,6.872387782e-07,0.04909469229
844.0,4.016080711e-06,9.561995741e-08,8.565030582e-06,2.735198208e-07,3.885114414e-06,5.876345639e-08,3.803326239e-05,9.719851057e-07,1.354591411e-06,4.823937712e-08,1.594636053e-06,4.870161663e-09,2.29387791e-05,2.680248852e-06,0.04909737254
845.0,5.229721285e-06,1.202262363e-07,1.07625395e-05,3.771782423e-07,4.88378365e-06,6.058475215e-08,3.668039049e-05,9.977043303e-07,1.348541494e-06,4.782804705e-08,1.536767105e-06,7.620945892e-08,2.354407769e-05,9.420286079e-07,0.04909831456
846.0,4.524149485e-06,1.116610016e-07,8.991639111e-06,2.969293573e-07,4.178886475e-06,5.253537364e-08,2.781910089e-05,9.735375702e-07,1.338705632e-06,4.727472718e-08,1.459592967e-06,4.596951269e-09,2.292321261e-05,5.191007027e-08,0.04909836647
847.0,4.052323595e-06,9.540679055e-08,8.789768351e-06,2.862384236e-07,3.868661448e-06,5.717885633e-08,3.878823269e-05,9.67886685e-07,1.329833296e-06,4.721886977e-08,1.572745293e-06,4.802264135e-09,2.284207968e-05,2.284184185e-06,0.04910065066
848.0,5.187190682e-06,1.152332669e-07,1.045061842e-05,3.54818943e-07,4.840426846e-06,5.788067466e-08,3.728891765e-05,1.006056402e-06,1.320551931e-06,4.676463354e-08,1.515390006e-06,7.521484863e-08,2.374123456e-05,1.01860136e-06,0.04910166926
849.0,4.485096802e-06,1.078402233e-07,9.109540712e-06,3.064713316e-07,4.159195319e-06,5.101783089e-08,2.860343181e-05,9.751210449e-07,1.310971991e-06,4.622002939e-08,1.443353542e-06,4.547220669e-09,2.296042058e-05,-8.306359764e-07,0.04910083862
850.0,4.083189736e-06,9.657655872e-08,8.921352933e-06,2.969664887e-07,3.849258105e-06,5.559220893e-08,3.625024722e-05,9.7244783e-07,1.298163085e-06,4.596413589e-08,1.553585683e-06,4.746280214e-09,2.294980533e-05,2.204548379e-06,0.04910304317
851.0,5.168165247e-06,1.13018282e-07,1.02967188e-05,3.461573121e-07,4.810856117e-06,5.561952937e-08,3.874032595e-05,1.014428819e-06,1.286753121e-06,4.553454329e-08,1.496863079e-06,7.436302328e-08,2.393867104e-05,1.197106788e-06,0.04910424028
852.0,4.481391159e-06,1.049855404e-07,9.052783518e-06,3.041441001e-07,4.137961922e-06,4.892577262e-08,2.777986518e-05,9.797423024e-07,1.277775891e-06,4.506715149e-08,1.431419511e-06,4.527258085e-09,2.306919101e-05,-1.290686241e-06,0.04910294959
853.0,4.101155594e-06,9.812671066e-08,8.850031635e-06,2.936051017e-07,3.824158555e-06,5.382389598e-08,3.664272811e-05,9.746408393e-07,1.26331457e-06,4.472092778e-08,1.538578759e-06,4.710448046e-09,2.300140161e-05,2.018692449e-06,0.04910496829
854.0,5.173712335e-06,1.117195233e-07,1.023639428e-05,3.435525477e-07,4.793158766e-06,5.407438525e-08,3.857897463e-05,1.007075468e-06,1.252046284e-06,4.437894158e-08,1.48517406e-06,7.388563101e-08,2.376510315e-05,1.125144325e-06,0.04910609343
855.0,4.42819862e-06,1.01881596e-07,8.885066294e-06,2.954598664e-07,4.118511137e-06,4.719145048e-08,3.047875922e-05,9.71028879e-07,1.247824129e-06,4.432054735e-08,1.427174041e-06,4.540166135e-09,2.286394793e-05,-1.148250062e-06,0.04910494518
856.0,4.16540468e-06,9.99283674e-08,8.745790496e-06,2.877635349e-07,3.807450583e-06,5.223337652e-08,3.646870829e-05,9.743970109e-07,1.236800507e-06,4.411695747e-08,1.53436645e-06,4.724173229e-09,2.299563301e-05,2.059462365e-06,0.04910700464
857.0,5.135934394e-06,1.099844092e-07,1.010509692e-05,3.3860295e-07,4.771307953e-06,5.290458705e-08,3.857392981e-05,1.009211578e-06,1.22692146e-06,4.414629173e-08,1.48664744e-06,7.403684277e-08,2.381540194e-05,9.278861754e-07,0.04910793253
858.0,4.401758204e-06,9.92180411e-08,8.66521502e-06,2.850885256e-07,4.091397645e-06,4.580773736e-08,2.771645829e-05,9.518763071e-07,1.231653067e-06,4.450154409e-08,1.435796555e-06,4.596023369e-09,2.241297735e-05,-5.703117368e-07,0.04910736222
859.0,4.168224715e-06,1.020832392e-07,8.581627454e-06,2.808907436e-07,3.763835132e-06,5.038888799e-08,3.754749399e-05,9.885208688e-07,1.230503708e-06,4.455580677e-08,1.543930595e-06,4.766450705e-09,2.332889934e-05,2.165639566e-06,0.04910952786
860.0,5.142293383e-06,1.089932902e-07,9.93623172e-06,3.289629296e-07,4.745207494e-06,5.152164795e-08,3.71610533e-05,1.016276817e-06,1.227463044e-06,4.485112672e-08,1.500446391e-06,7.468332789e-08,2.398206344e-05,9.217370149e-07,0.04911044959
861.0,4.366629671e-06,9.771207306e-08,8.477510511e-06,2.755110139e-07,4.070575521e-06,4.484396848e-08,2.831854477e-05,9.374354204e-07,1.238549659e-06,4.546610469e-08,1.451559073e-06,4.663285221e-09,2.207284634e-05,-3.438446633e-07,0.04911010575
862.0,4.176362435e-06,1.035999853e-07,8.465427884e-06,2.746747855e-07,3.730223793e-06,4.849279886e-08,3.767131247e-05,9.929944405e-07,1.242846534e-06,4.569183789e-08,1.558884962e-06,4.822396227e-09,2.343453762e-05,2.270338885e-06,0.04911237609
863.0,5.101565474e-06,1.084670068e-07,9.77975333e-06,3.206647655e-07,4.715473482e-06,5.038870651e-08,3.814033657e-05,1.024994191e-06,1.24319709e-06,4.606757169e-08,1.516716521e-06,7.54425224e-08,2.418781029e-05,1.01161308e-06,0.0491133877
864.0,4.356677273e-06,9.650181413e-08,8.29435937e-06,2.670737779e-07,4.060748888e-06,4.465976106e-08,2.666807704e-05,9.284361786e-07,1.255417811e-06,4.665196938e-08,1.467721978e-06,4.717773548e-09,2.18609487e-05,-1.817769324e-07,0.04911320592
865.0,4.14178315e-06,1.045013677e-07,8.301227376e-06,2.680279942e-07,3.69901395e-06,4.703584872e-08,3.754490626e-05,9.969288844e-07,1.26338153e-06,4.684121037e-08,1.571493051e-06,4.861768582e-09,2.3527302e-05,2.223358596e-06,0.04911542928
866.0,5.075900148e-06,1.074545893e-07,9.605790352e-06,3.131731884e-07,4.709327139e-06,5.020257916e-08,3.73912834e-05,1.020523287e-06,1.261727237e-06,4.705733156e-08,1.527029183e-06,7.586132576e-08,2.408226152e-05,1.004755113e-06,0.04911643404
867.0,4.274394303e-06,9.459377424e-08,8.138280782e-06,2.599402929e-07,4.065904407e-06,4.536192193e-08,2.80748324e-05,9.21467645e-07,1.270280542e-06,4.754466182e-08,1.472979978e-06,4.7413465e-09,2.169694291e-05,-1.859821541e-07,0.04911624805
868.0,4.12567164e-06,1.046852972e-07,8.199017305e-06,2.610746766e-07,3.68977954e-06,4.649145595e-08,3.613681637e-05,9.943554353e-07,1.275458544e-06,4.746253341e-08,1.572854704e-06,4.867310951e-09,2.346651568e-05,2.218879128e-06,0.04911846693
869.0,4.981670754e-06,1.054786592e-07,9.474896318e-06,3.050861243e-07,4.709242281e-06,5.048621011e-08,3.695353868e-05,1.016511875e-06,1.269012521e-06,4.749278996e-08,1.525012689e-06,7.575038146e-08,2.398759781e-05,9.267492467e-07,0.04911939368
870.0,4.219370377e-06,9.239258416e-08,8.025915212e-06,2.539619667e-07,4.071878232e-06,4.632281874e-08,2.689680338e-05,9.277227766e-07,1.272079218e-06,4.768432137e-08,1.465743636e-06,4.716753966e-09,2.184410726e-05,-3.281999839e-07,0.04911906548
871.0,4.084424671e-06,1.041206948e-07,8.093915088e-06,2.563593569e-07,3.678141316e-06,4.636537468e-08,3.787732542e-05,9.947475806e-07,1.272052904e-06,4.730080461e-08,1.559771929e-06,4.821569408e-09,2.34757749e-05,2.217627467e-06,0.04912128311
872.0,4.959572561e-06,1.027413767e-07,9.403850461e-06,3.009445111e-07,4.717927812e-06,5.077710771e-08,3.713916388e-05,1.014650953e-06,1.260491622e-06,4.703604924e-08,1.509811912e-06,7.496033034e-08,2.394363431e-05,1.014569727e-06,0.04912229768
873.0,4.152407735e-06,8.9519054e-08,7.974909049e-06,2.521866859e-07,4.078337198e-06,4.698889683e-08,2.86490632e-05,9.386742973e-07,1.261365622e-06,4.700318869e-08,1.445660368e-06,4.637900894e-09,2.210195313e-05,-6.724142757e-07,0.04912162527
874.0,4.035908477e-06,1.018152489e-07,8.064075969e-06,2.550640798e-07,3.668871602e-06,4.592121416e-08,3.538518163e-05,9.832436339e-07,1.256713223e-06,4.635966115e-08,1.537945889e-06,4.726517011e-09,2.320423289e-05,2.220092071e-06,0.04912384536
875.0,4.866876069e-06,9.879030589e-08,9.387310425e-06,3.002910312e-07,4.708913276e-06,5.050907499e-08,3.822705058e-05,1.014655935e-06,1.244576338e-06,4.593637027e-08,1.488286197e-06,7.353778927e-08,2.394373072e-05,1.131505301e-06,0.04912497686
876.0,4.104504233e-06,8.61715918e-08,7.971519604e-06,2.527145843e-07,4.074605958e-06,4.705988223e-08,2.685715306e-05,9.362696083e-07,1.243690169e-06,4.576534856e-08,1.420079141e-06,4.509781288e-09,2.204527301e-05,-6.296904414e-07,0.04912434717
877.0,3.953891293e-06,9.852633926e-08,8.021433324e-06,2.537405143e-07,3.647807578e-06,4.512890293e-08,3.671465859e-05,9.735639882e-07,1.234561067e-06,4.502047326e-08,1.509706234e-06,4.586856958e-09,2.297574296e-05,2.12720526e-06,0.04912647438
878.0,4.804648388e-06,9.489820302e-08,9.436842749e-06,3.002535466e-07,4.701061983e-06,4.989116226e-08,3.701174954e-05,1.00463098e-06,1.221531691e-06,4.457848585e-08,1.459695527e-06,7.17416014e-08,2.370713795e-05,1.12990464e-06,0.04912760428
879.0,4.016948857e-06,8.272389565e-08,8.03323568e-06,2.530262253e-07,4.066398495e-06,4.655153004e-08,2.805050435e-05,9.323403761e-07,1.219910915e-06,4.435576339e-08,1.386560316e-06,4.345912784e-09,2.195277533e-05,-4.791134655e-07,0.04912712517
880.0,3.910052156e-06,9.417827125e-08,8.030755243e-06,2.528754241e-07,3.63613675e-06,4.426803497e-08,3.489586679e-05,9.66029674e-07,1.207347734e-06,4.355842061e-08,1.476955802e-06,4.41850974e-09,2.279794371e-05,2.20736154e-06,0.04912933253
881.0,4.718433538e-06,9.1032694e-08,9.43252835e-06,3.003276888e-07,4.679650328e-06,4.886478768e-08,3.710242184e-05,9.936457482e-07,1.193591393e-06,4.307997565e-08,1.427541304e-06,6.961431468e-08,2.344781723e-05,1.032066569e-06,0.0491303646
882.0,3.988217271e-06,7.995147764e-08,7.994461588e-06,2.518969911e-07,4.041509934e-06,4.570678378e-08,2.564715293e-05,9.309043476e-07,1.188552537e-06,4.277104326e-08,1.349802711e-06,4.155228252e-09,2.191898048e-05,-2.376785779e-07,0.04913012692
883.0,3.848796932e-06,9.010600173e-08,7.969220398e-06,2.498301883e-07,3.612217724e-06,4.318783272e-08,3.840476734e-05,9.668470996e-07,1.171863485e-06,4.186695785e-08,1.441089109e-06,4.234894167e-09,2.281717839e-05,2.301602007e-06,0.04913242852
884.0,4.738573889e-06,8.808363743e-08,9.421045058e-06,2.984897974e-07,4.672701041e-06,4.775288831e-08,3.621946314e-05,9.970933569e-07,1.156805493e-06,4.132673442e-08,1.391979447e-06,6.735208358e-08,2.352929854e-05,1.11419051e-06,0.04913354271
885.0,3.956327636e-06,7.819171883e-08,7.942146297e-06,2.493459311e-07,4.022787245e-06,4.449980768e-08,2.770660387e-05,9.433754177e-07,1.148642434e-06,4.083777593e-08,1.311152326e-06,3.960668896e-09,2.221254031e-05,-2.181679836e-07,0.04913332454
886.0,3.821669185e-06,8.58451094e-08,7.913203205e-06,2.439470979e-07,3.599533251e-06,4.219161392e-08,3.589703933e-05,9.588937459e-07,1.130829504e-06,3.993122982e-08,1.407071439e-06,4.050313002e-09,2.262953182e-05,2.354040773e-06,0.04913567858
887.0,4.673252178e-06,8.565338463e-08,9.353580284e-06,2.935348857e-07,4.646970393e-06,4.639415551e-08,3.703141528e-05,9.982780715e-07,1.115231685e-06,3.929014804e-08,1.359890939e-06,6.512372468e-08,2.3557266e-05,1.219580319e-06,0.04913689816
888.0,3.992290546e-06,7.784871306e-08,7.902675248e-06,2.44302404e-07,4.003272252e-06,4.314013998e-08,2.654697227e-05,9.423445019e-07,1.103706244e-06,3.867633892e-08,1.277838238e-06,3.770726056e-09,2.218834311e-05,-2.937035514e-07,0.04913660446
889.0,3.775275756e-06,8.209025825e-08,7.760175312e-06,2.373908949e-07,3.587817408e-06,4.12536632e-08,3.806461112e-05,9.481165447e-07,1.082739236e-06,3.771740861e-08,1.376872477e-06,6.87260963e-08,2.23752237e-05,2.283172234e-06,0.04913888763
890.0,4.713999219e-06,8.497911494e-08,9.258547718e-06,2.879852204e-07,4.633490651e-06,4.512063217e-08,3.685508182e-05,9.861740308e-07,1.067719457e-06,3.705763312e-08,1.367119961e-06,6.413588965e-08,2.327166386e-05,1.227799588e-06,0.04914011543
891.0,3.980794632e-06,7.788067502e-08,7.782072873e-06,2.363953541e-07,3.984038176e-06,4.162716782e-08,2.807925466e-05,9.427313935e-07,1.054526884e-06,3.642317404e-08,1.262777432e-06,3.631665555e-09,2.219743758e-05,-2.451061299e-07,0.04913987033
892.0,3.770546282e-06,7.913393646e-08,7.602662875e-06,2.283320582e-07,3.576154187e-06,4.039027308e-08,3.546026519e-05,9.448695541e-07,1.033593278e-06,3.562094384e-08,1.360440753e-06,6.713259719e-08,2.229863286e-05,2.29709781e-06,0.04914216742
893.0,4.690650554e-06,8.514251347e-08,9.141940337e-06,2.825545574e-07,4.616117991e-06,4.393710118e-08,3.765369451e-05,9.782439986e-07,1.02317578e-06,3.520537049e-08,1.353030867e-06,6.276108323e-08,2.308446514e-05,1.09989314e-06,0.04914326732
894.0,4.026165977e-06,7.946608715e-08,7.615189624e-06,2.285387746e-07,3.9638812e-06,4.037509069e-08,2.693503699e-05,9.481517217e-07,1.0132956e-06,3.479074475e-08,1.249096316e-06,6.208397683e-08,2.232515356e-05,-1.744338794e-07,0.04914309288
895.0,3.716536578e-06,7.689230969e-08,7.438299297e-06,2.201487473e-07,3.571004323e-06,4.001462493e-08,3.857547549e-05,9.411668833e-07,9.948711039e-07,3.417284695e-08,1.380085905e-06,6.713942864e-08,2.221132622e-05,2.342027188e-06,0.04914543491
896.0,4.731641546e-06,8.540147825e-08,9.037302386e-06,2.74987885e-07,4.616542672e-06,4.315483499e-08,3.658808775e-05,9.788860384e-07,9.915745489e-07,3.405480722e-08,1.361840622e-06,6.244033509e-08,2.309964273e-05,1.177360321e-06,0.04914661227
897.0,4.03213638e-06,8.165651065e-08,7.550866903e-06,2.219675126e-07,3.95584029e-06,3.945996872e-08,2.81040634e-05,9.632079835e-07,9.859133453e-07,3.387453171e-08,1.253798818e-06,6.134399575e-08,2.267967232e-05,-2.328693668e-07,0.0491463794
898.0,3.705479498e-06,7.51197854e-08,7.296996534e-06,2.129135968e-07,3.571426626e-06,3.999742571e-08,3.57917018e-05,9.370466821e-07,9.782289254e-07,3.371109338e-08,1.389426597e-06,6.69411071e-08,2.211412835e-05,2.371514604e-06,0.04914875092
899.0,4.685173909e-06,8.573864453e-08,8.917173588e-06,2.701252352e-07,4.600487915e-06,4.289086909e-08,3.772222165e-05,9.818546209e-07,9.828703801e-07,3.380998508e-08,1.368673816e-06,6.227399285e-08,2.316982991e-05,1.265137653e-06,0.04915001605
900.0,4.073429884e-06,8.384344536e-08,7.462546976e-06,2.164812925e-07,3.948230435e-06,3.908417326e-08,2.599346671e-05,9.585069458e-07,9.782147489e-07,3.367788235e-08,1.259240086e-06,6.107595449e-08,2.256905834e-05,-3.072318527e-07,0.04914970882
901.0,3.642974621e-06,7.347874693e-08,7.198079315e-06,2.073117612e-07,3.577329992e-06,4.047331497e-08,3.720115536e-05,9.326404029e-07,9.767790403e-07,3.380027136e-08,1.399420206e-06,6.701966891e-08,2.201008676e-05,2.283594439e-06,0.04915199242
902.0,4.70788046e-06,8.645791945e-08,8.834007248e-06,2.670553052e-07,4.604200124e-06,4.309784846e-08,3.651877356e-05,9.760927788e-07,9.858539829e-07,3.389405667e-08,1.377019019e-06,6.231253321e-08,2.303388421e-05,1.250416634e-06,0.04915324283
903.0,4.038385994e-06,8.491800802e-08,7.352278638e-06,2.117894543e-07,3.945779868e-06,3.907884372e-08,2.841674142e-05,9.532368219e-07,9.789124919e-07,3.361755999e-08,1.265511029e-06,6.101701456e-08,2.24451138e-05,-2.18829686e-07,0.049153024
904.0,3.658220678e-06,7.232265628e-08,7.154854251e-06,2.020955982e-07,3.599601793e-06,4.114653815e-08,3.704549936e-05,9.330964645e-07,9.80905353e-07,3.39436527e-08,1.407628851e-06,6.714012614e-08,2.202093735e-05,2.280888747e-06,0.04915530489
905.0,4.680165406e-06,8.739315498e-08,8.799874932e-06,2.653986669e-07,4.611319057e-06,4.349638109e-08,3.695662619e-05,9.700123777e-07,9.890230493e-07,3.392198546e-08,1.38235083e-06,6.236292138e-08,2.289040798e-05,1.0904456e-06,0.04915639534
906.0,4.044483506e-06,8.530641146e-08,7.299475652e-06,2.098958197e-07,3.943579664e-06,3.906915157e-08,2.668999319e-05,9.568593982e-07,9.795173383e-07,3.345429648e-08,1.268872548e-06,6.09930438e-08,2.25303689e-05,-1.347639474e-07,0.04915626057
907.0,3.586120902e-06,7.116256476e-08,7.06319122e-06,1.998715923e-07,3.602562916e-06,4.169868547e-08,3.715902907e-05,9.401982096e-07,9.816239716e-07,3.386018693e-08,1.412016303e-06,6.718173323e-08,2.218863512e-05,2.338883954e-06,0.04915859946
908.0,4.684905305e-06,8.761797962e-08,8.758137191e-06,2.653857574e-07,4.6109596e-06,4.380103175e-08,3.518904101e-05,9.732171664e-07,9.889848576e-07,3.371057073e-08,1.38424285e-06,6.238083259e-08,2.296611797e-05,1.11628904e-06,0.04915971575
909.0,4.008074147e-06,8.520133888e-08,7.305232423e-06,2.100680876e-07,3.942073618e-06,3.898419535e-08,2.754948392e-05,9.694966664e-07,9.778454239e-07,3.319809502e-08,1.269955343e-06,6.090726044e-08,2.282793136e-05,-2.221570384e-07,0.04915949359
910.0,3.570988574e-06,6.991410414e-08,7.066976498e-06,2.001977957e-07,3.60998504e-06,4.209990056e-08,3.514973472e-05,9.402894417e-07,9.805457953e-07,3.360683408e-08,1.413530579e-06,6.719017797e-08,2.219082217e-05,2.350295783e-06,0.04916184389
911.0,4.611180322e-06,8.675277329e-08,8.772204006e-06,2.670230456e-07,4.604065641e-06,4.392719597e-08,3.670980938e-05,9.823890465e-07,9.856487454e-07,3.34128957e-08,1.383598427e-06,6.227590567e-08,2.3182543e-05,1.21459888e-06,0.04916305848
912.0,4.007797412e-06,8.384132581e-08,7.341974381e-06,2.105896469e-07,3.938477837e-06,3.856163021e-08,2.627970632e-05,9.609932105e-07,9.734483937e-07,3.283733654e-08,1.268886987e-06,6.084784303e-08,2.262782726e-05,-3.341511017e-07,0.04916272433
913.0,3.515590082e-06,6.855849622e-08,7.101647934e-06,2.010551354e-07,3.609116539e-06,4.222155969e-08,3.636247842e-05,9.429477017e-07,9.754025556e-07,3.319381552e-08,1.412434491e-06,6.70858415e-08,2.225357729e-05,2.246921471e-06,0.04916497126
914.0,4.615993294e-06,8.531439819e-08,8.835771991e-06,2.695213273e-07,4.602082217e-06,4.374402204e-08,3.45020918e-05,9.787940391e-07,9.782027746e-07,3.298432932e-08,1.380496833e-06,6.220027565e-08,2.309777616e-05,1.172733713e-06,0.04916614399
915.0,3.922570124e-06,8.112628599e-08,7.369721328e-06,2.132129844e-07,3.923087553e-06,3.782424029e-08,2.690482011e-05,9.5430677e-07,9.665640261e-07,3.23999081e-08,1.267194453e-06,6.076138636e-08,2.247037065e-05,-2.965981515e-07,0.04916584739
916.0,3.526420794e-06,6.757427818e-08,7.146015921e-06,2.024269116e-07,3.609730644e-06,4.190325787e-08,3.440230029e-05,9.470533632e-07,9.668438957e-07,3.268692716e-08,1.409696134e-06,6.703502056e-08,2.235043097e-05,2.230342502e-06,0.04916807773
917.0,4.575752407e-06,8.428125049e-08,8.840599014e-06,2.705852836e-07,4.592047478e-06,4.312303694e-08,3.544030747e-05,9.781948046e-07,9.670001736e-07,3.245960833e-08,1.377010188e-06,6.211480377e-08,2.30836759e-05,1.01049013e-06,0.04916908822
918.0,3.927399095e-06,7.826856784e-08,7.410212681e-06,2.139701457e-07,3.911585173e-06,3.678465182e-08,2.633846499e-05,9.525684744e-07,9.551320661e-07,3.190062518e-08,1.265909377e-06,6.082915151e-08,2.242949104e-05,-2.426088402e-07,0.04916884561
919.0,3.509189609e-06,6.738624723e-08,7.16785833e-06,2.03395254e-07,3.593881714e-06,4.103712041e-08,3.517460232e-05,9.572571962e-07,9.533552071e-07,3.207305128e-08,1.40740218e-06,6.696939361e-08,2.259125778e-05,2.262395159e-06,0.04917110801
920.0,4.592006207e-06,8.297702878e-08,8.819485753e-06,2.702480812e-07,4.57387072e-06,4.222033339e-08,3.393047875e-05,9.862329214e-07,9.516027161e-07,3.18641336e-08,1.374161292e-06,6.208249173e-08,2.32733327e-05,1.048401091e-06,0.04917215641
921.0,3.875472725e-06,7.597313874e-08,7.364307968e-06,2.138605074e-07,3.894620177e-06,3.556999568e-08,2.662018451e-05,9.63175505e-07,9.393694155e-07,3.127789541e-08,1.266340143e-06,6.088705216e-08,2.267915834e-05,-3.377999379e-07,0.04917181861
922.0,3.551770442e-06,6.798188841e-08,7.19359612e-06,2.028569756e-07,3.579859027e-06,3.981249273e-08,3.506295311e-05,9.600469068e-07,9.366754961e-07,3.136590946e-08,1.405697864e-06,6.688440514e-08,2.26571746e-05,2.274177305e-06,0.04917409279
923.0,4.562102355e-06,8.200903615e-08,8.801209161e-06,2.684895021e-07,4.559849861e-06,4.109297779e-08,3.61167429e-05,9.990918794e-07,9.332830255e-07,3.115243625e-08,1.37242125e-06,6.196321474e-08,2.357679148e-05,1.132183843e-06,0.04917522497
924.0,3.894347704e-06,7.363993507e-08,7.358978324e-06,2.113750828e-07,3.883532887e-06,3.419921202e-08,2.57550516e-05,9.537703054e-07,9.209620384e-07,3.056211805e-08,1.267922677e-06,6.091736054e-08,2.245773129e-05,-4.55099048e-07,0.04917476987
925.0,3.542618135e-06,6.894328065e-08,7.142399924e-06,2.009976349e-07,3.56059528e-06,3.843823395e-08,3.532155295e-05,9.638469669e-07,9.177840998e-07,3.060843425e-08,1.404798298e-06,6.67395493e-08,2.274682476e-05,2.183586715e-06,0.04917695346
926.0,4.587406087e-06,8.121427e-08,8.762050222e-06,2.65721732e-07,4.54041108e-06,3.973545978e-08,3.479023029e-05,9.952767707e-07,9.139040913e-07,3.049145779e-08,1.372052589e-06,6.187379345e-08,2.348674583e-05,1.095200109e-06,0.04917804866
927.0,3.849093637e-06,7.144900644e-08,7.266953951e-06,2.07585334e-07,3.863914928e-06,1.915804825e-07,2.692910893e-05,9.402676015e-07,8.98641893e-07,2.98587905e-08,1.26857436e-06,6.090857961e-08,2.21398263e-05,-3.66444562e-07,0.04917768222
928.0,3.604078056e-06,7.041606625e-08,7.076534082e-06,1.969269854e-07,3.5486996e-06,3.729852919e-08,3.424399983e-05,9.656971541e-07,8.973146359e-07,2.997626928e-08,1.404499868e-06,6.666794258e-08,2.27904075e-05,2.175962761e-06,0.04917985818
929.0,4.568038057e-06,8.101754477e-08,8.649690372e-06,2.610179759e-07,4.527261419e-06,3.883702428e-08,3.664399139e-05,9.924948819e-07,8.950319044e-07,3.000393485e-08,1.373248744e-06,6.185261349e-08,2.34210138e-05,9.340880002e-07,0.04918079227
930.0,3.854959456e-06,6.970763355e-08,7.147006528e-06,2.013626966e-07,3.861775901e-06,1.910973986e-07,2.609291297e-05,9.369295182e-07,8.830999479e-07,2.961116843e-08,1.274374547e-06,6.11311157e-08,2.206121202e-05,-2.779463085e-07,0.04918051432
931.0,3.600236126e-06,7.254573395e-08,6.985979879e-06,1.929811914e-07,3.527907932e-06,3.622845797e-08,3.689333485e-05,9.761256146e-07,8.84665664e-07,2.979180535e-08,1.408093353e-06,6.671063337e-08,2.303650882e-05,2.222288905e-06,0.04918273661
932.0,4.593963389e-06,8.047562538e-08,8.573926745e-06,2.566092326e-07,4.515953592e-06,3.817555815e-08,3.514771457e-05,9.99110089e-07,8.834415979e-07,2.996708056e-08,1.377795378e-06,6.192820673e-08,2.357715527e-05,9.82715343e-07,0.04918371932
933.0,3.800840042e-06,6.851097293e-08,7.029700347e-06,1.959597743e-07,3.856356341e-06,1.902879571e-07,2.725773579e-05,9.478807092e-07,8.78472112e-07,2.985795111e-08,1.281748924e-06,6.141767485e-08,2.231903281e-05,-3.875105992e-07,0.04918333181
934.0,3.651607799e-06,7.453279776e-08,6.96398569e-06,1.898946036e-07,3.515524718e-06,3.523507433e-08,3.545946865e-05,9.753044458e-07,8.819148549e-07,3.00485112e-08,1.412689512e-06,6.682652924e-08,2.301707687e-05,2.229061002e-06,0.04918556087
935.0,4.559830089e-06,8.026560804e-08,8.520346175e-06,2.536927656e-07,4.507818456e-06,3.773263125e-08,3.647191971e-05,1.008231147e-06,8.825475686e-07,3.026168858e-08,1.381651762e-06,6.201797355e-08,2.37924138e-05,1.096122192e-06,0.049186657
936.0,3.821900831e-06,6.758497313e-08,6.964936617e-06,1.925074866e-07,3.855758124e-06,1.900762541e-07,2.590839898e-05,9.392797671e-07,8.825080986e-07,3.033537481e-08,1.287661217e-06,6.166417724e-08,2.211640302e-05,-4.96625669e-07,0.04918616037
937.0,3.627551627e-06,7.602531541e-08,6.888722457e-06,1.876389858e-07,3.496638785e-06,3.467276247e-08,3.627417262e-05,9.734420512e-07,8.850697916e-07,3.040628476e-08,1.414640404e-06,6.688110608e-08,2.297306489e-05,2.146203417e-06,0.04918830657
938.0,4.56755873e-06,8.004653803e-08,8.466735439e-06,2.516208071e-07,4.501317879e-06,3.776079202e-08,3.519317204e-05,1.002693714e-06,8.846812987e-07,3.054681126e-08,1.383962128e-06,6.200017276e-08,2.366171445e-05,1.083453864e-06,0.04918939003
939.0,3.770659069e-06,6.658047857e-08,6.888189142e-06,1.905039991e-07,3.855470094e-06,1.916277609e-07,2.777981419e-05,9.333567682e-07,8.870842253e-07,3.067231035e-08,1.289878071e-06,6.17687842e-08,2.197690974e-05,-4.728475806e-07,0.04918891718
940.0,3.653655091e-06,7.699837228e-08,6.834474109e-06,1.860459849e-07,3.490699098e-06,3.440584462e-08,3.458643161e-05,9.732606924e-07,8.879959437e-07,3.056722855e-08,1.414578592e-06,6.676841687e-08,2.296885019e-05,2.148445906e-06,0.04919106563
941.0,4.518103628e-06,7.952071315e-08,8.401212592e-06,2.500642288e-07,4.502573458e-06,3.783473667e-08,3.617270389e-05,9.945955062e-07,8.863196787e-07,3.058967086e-08,1.382061018e-06,6.185541318e-08,2.347046909e-05,9.502684162e-07,0.04919201589
942.0,3.764222909e-06,6.554958769e-08,6.862227548e-06,1.888048859e-07,3.864948919e-06,3.367164393e-08,2.63001996e-05,9.333390756e-07,8.928717652e-07,3.090539109e-08,1.289486234e-06,6.169748922e-08,2.197651037e-05,-3.798882304e-07,0.04919163601
943.0,3.621405124e-06,7.818372888e-08,6.833447559e-06,1.86181546e-07,3.478513237e-06,3.395966935e-08,3.614147802e-05,9.79980712e-07,8.908274103e-07,3.060024883e-08,1.410328873e-06,6.656049721e-08,2.312738661e-05,2.205731658e-06,0.04919384174
944.0,4.535299368e-06,7.910827164e-08,8.464237197e-06,2.52270288e-07,4.507579173e-06,3.790500716e-08,3.494933222e-05,9.984746726e-07,8.861828866e-07,3.048958498e-08,1.377255676e-06,6.147734815e-08,2.356198672e-05,1.004264879e-06,0.049194846
945.0,3.718621391e-06,6.500798824e-08,6.866535811e-06,1.907308056e-07,3.865848355e-06,3.377787868e-08,2.707397333e-05,9.422051388e-07,8.917646715e-07,3.074180404e-08,1.280774036e-06,6.135830918e-08,2.21851963e-05,-4.364036905e-07,0.0491944096
946.0,3.648513347e-06,7.85644672e-08,6.873136736e-06,1.882161341e-07,3.469673641e-06,3.35206095e-08,3.507076762e-05,9.729737987e-07,8.866552289e-07,3.032508358e-08,1.40026405e-06,6.600985634e-08,2.296198977e-05,2.240330756e-06,0.04919664993
947.0,4.4915241e-06,7.809101864e-08,8.497122509e-06,2.540990936e-07,4.507616661e-06,3.790505972e-08,3.592825889e-05,1.005011691e-06,8.808840838e-07,3.009722632e-08,1.365696671e-06,6.093276164e-08,2.371623434e-05,1.141246438e-06,0.04919779118
948.0,3.723221324e-06,6.413799112e-08,6.883112228e-06,1.913832178e-07,3.867004187e-06,3.399701273e-08,2.498357081e-05,9.359143419e-07,8.832852261e-07,3.026847948e-08,1.268269243e-06,6.061919967e-08,2.203703511e-05,-5.048562119e-07,0.04919728632
949.0,3.586949875e-06,7.725446315e-08,6.890817037e-06,1.892705036e-07,3.460426862e-06,3.322394373e-08,3.591181525e-05,9.655305971e-07,8.755300356e-07,2.978129609e-08,1.385925214e-06,6.530333012e-08,2.278627143e-05,2.161734952e-06,0.04919944806
950.0,4.491664148e-06,7.692600341e-08,8.518279575e-06,2.556148995e-07,4.508790588e-06,3.791485257e-08,3.478920508e-05,9.980329784e-07,8.701826469e-07,2.947543217e-08,1.353510976e-06,6.009288344e-08,2.355153687e-05,1.155643661e-06,0.0492006037
951.0,3.677994315e-06,6.312639562e-08,6.886239535e-06,1.919648539e-07,3.865274997e-06,3.412289467e-08,2.728945582e-05,9.315422493e-07,8.699991349e-07,2.955048009e-08,1.25194975e-06,5.979215758e-08,2.193410085e-05,-3.912076493e-07,0.04920021249
952.0,3.582892612e-06,7.520044393e-08,6.886498567e-06,1.888046374e-07,3.450917739e-06,3.279271941e-08,3.353610296e-05,9.626269049e-07,8.619965066e-07,2.904926084e-08,1.3709117e-06,6.437264461e-08,2.271772717e-05,2.19793883e-06,0.04920241043
953.0,4.424921111e-06,7.539026136e-08,8.523748538e-06,2.559717153e-07,4.499776394e-06,3.753422626e-08,3.539852515e-05,9.877185423e-07,8.552725063e-07,2.865704153e-08,1.338366095e-06,5.927348849e-08,2.330805739e-05,1.029556356e-06,0.04920343999
954.0,3.679834563e-06,6.252310825e-08,6.902431589e-06,1.919899055e-07,3.859025403e-06,3.389240237e-08,2.534325203e-05,9.325144934e-07,8.527163899e-07,2.861434778e-08,1.234695443e-06,5.87416815e-08,2.195702844e-05,-2.749644208e-07,0.04920316502
955.0,3.538438901e-06,7.328967537e-08,6.881969563e-06,1.879331849e-07,3.441091556e-06,3.224028342e-08,3.641734654e-05,9.63040049e-07,8.437451637e-07,2.816831776e-08,1.35456335e-06,6.350175462e-08,2.272748846e-05,2.268384129e-06,0.04920543341
956.0,4.460463404e-06,7.421692526e-08,8.548006449e-06,2.557875477e-07,4.500784563e-06,3.72344686e-08,3.432564682e-05,9.906735114e-07,8.369477348e-07,2.773780455e-08,1.324036528e-06,5.83529245e-08,2.337785e-05,1.095591617e-06,0.049206529
957.0,3.665448617e-06,6.246170915e-08,6.917480199e-06,1.920140838e-07,3.851904672e-06,1.913144923e-07,2.665190916e-05,9.456910972e-07,8.290445824e-07,2.749889525e-08,1.215897981e-06,5.769471561e-08,2.226714068e-05,-3.205569329e-07,0.04920620844
958.0,3.534755776e-06,7.071079016e-08,6.816460318e-06,1.851233516e-07,3.434566832e-06,3.188503139e-08,3.422804568e-05,9.53691163e-07,8.213421468e-07,2.712638607e-08,1.339685037e-06,6.257916069e-08,2.250689835e-05,2.321141085e-06,0.04920852958
959.0,4.404827805e-06,7.284376422e-08,8.461261891e-06,2.52387777e-07,4.485996227e-06,3.688868757e-08,3.565953326e-05,9.948090905e-07,8.158004729e-07,2.671762358e-08,1.310282937e-06,5.755569043e-08,2.347542157e-05,1.222126238e-06,0.04920975171
960.0,3.694160467e-06,6.257878294e-08,6.852862999e-06,1.876247989e-07,3.849094412e-06,1.907844599e-07,2.506304441e-05,9.386694637e-07,8.076413546e-07,2.645125571e-08,1.202291789e-06,5.672989809e-08,2.210189761e-05,-3.741760331e-07,0.04920937753
961.0,3.471496719e-06,6.782824833e-08,6.747950237e-06,1.809919775e-07,3.434408083e-06,3.161204598e-08,3.641897327e-05,9.474915179e-07,8.019626867e-07,2.623987946e-08,1.329755444e-06,6.193628736e-08,2.236049072e-05,2.234868145e-06,0.0492116124
962.0,4.441246658e-06,7.222250236e-08,8.433279461e-06,2.492836623e-07,4.48817299e-06,3.647836987e-08,3.511225719e-05,9.874904093e-07,7.985774564e-07,2.595571486e-08,1.302431177e-06,5.692438418e-08,2.330280338e-05,1.205173339e-06,0.04921281757
963.0,3.688959091e-06,6.296287721e-08,6.793632736e-06,1.834168436e-07,3.837841703e-06,1.882562576e-07,2.654947087e-05,9.361590257e-07,7.91595084e-07,2.573737018e-08,1.1936163e-06,5.609179542e-08,2.204280522e-05,-3.118826494e-07,0.04921250569
964.0,3.471299458e-06,6.528511769e-08,6.662400797e-06,1.771754589e-07,3.427295838e-06,3.119634169e-08,3.370498659e-05,9.458507111e-07,7.909144057e-07,2.580721295e-08,1.325685123e-06,6.152729767e-08,2.232182751e-05,2.254662951e-06,0.04921476035
965.0,4.417436446e-06,7.222735745e-08,8.370580505e-06,2.461317567e-07,4.477052876e-06,3.594632675e-08,3.618846016e-05,9.770825172e-07,7.904290805e-07,2.566647858e-08,1.29886851e-06,5.663477427e-08,2.305706305e-05,1.069974466e-06,0.04921583033
966.0,3.730627469e-06,6.419571689e-08,6.690670639e-06,1.792100128e-07,3.825193453e-06,1.855193441e-07,2.542505803e-05,9.403649836e-07,7.839855476e-07,2.547044147e-08,1.189862219e-06,5.565237267e-08,2.214190227e-05,-2.175560334e-07,0.04921561277
967.0,3.439417097e-06,6.35674193e-08,6.567234576e-06,1.726619426e-07,3.427595522e-06,3.101842745e-08,3.714320252e-05,9.463844307e-07,7.850616988e-07,2.57514758e-08,1.325810432e-06,6.140480459e-08,2.233447853e-05,2.315164988e-06,0.04921792794
968.0,4.460883686e-06,7.208195899e-08,8.292829121e-06,2.406622922e-07,4.479892645e-06,3.561982607e-08,3.500941038e-05,9.81580922e-07,7.876947678e-07,2.572919567e-08,1.300432329e-06,5.652263311e-08,2.316332606e-05,1.141105345e-06,0.04921906904
969.0,3.720269527e-06,6.566540952e-08,6.595770109e-06,1.736700205e-07,3.81589184e-06,1.83142447e-07,2.622681816e-05,9.55681823e-07,7.823285969e-07,2.556580286e-08,1.190875307e-06,5.550257637e-08,2.250248746e-05,-2.970441552e-07,0.049218772
970.0,3.435010795e-06,6.195800518e-08,6.492462936e-06,1.684163056e-07,3.425102154e-06,3.104270039e-08,3.479004678e-05,9.417164577e-07,7.874334891e-07,2.60412927e-08,1.330586658e-06,6.147539149e-08,2.222432353e-05,2.341172902e-06,0.04922111317
971.0,4.416309116e-06,7.183856139e-08,8.210617814e-06,2.360574461e-07,4.470589683e-06,3.545069277e-08,3.572113184e-05,9.845415099e-07,7.934707033e-07,2.611324972e-08,1.305798334e-06,5.668745173e-08,2.323325222e-05,1.251588853e-06,0.04922236476
972.0,3.768423068e-06,6.721643309e-08,6.527739029e-06,1.695186285e-07,3.809841539e-06,1.814368787e-07,2.462308073e-05,9.503015663e-07,7.878775732e-07,2.591104322e-08,1.194667276e-06,5.547750211e-08,2.237586164e-05,-3.842947194e-07,0.04922198047
973.0,3.383374648e-06,6.047285216e-08,6.445063458e-06,1.66686498e-07,3.427601177e-06,3.145405818e-08,3.607285175e-05,9.374455528e-07,7.957231242e-07,2.652333859e-08,1.336159038e-06,6.1683264e-08,2.212349316e-05,2.25144838e-06,0.04922423191
974.0,4.432378234e-06,7.206561607e-08,8.130079629e-06,2.330191179e-07,4.467123307e-06,3.553548301e-08,3.426736867e-05,9.778339124e-07,8.023890218e-07,2.658587531e-08,1.310853174e-06,5.683161318e-08,2.30750139e-05,1.23511884e-06,0.04922546703
975.0,3.739116938e-06,6.796952133e-08,6.462097238e-06,1.668718964e-07,3.8005341e-06,1.805524566e-07,2.749720566e-05,9.452518269e-07,7.943443917e-07,2.62655236e-08,1.197593582e-06,5.553243767e-08,2.225700868e-05,-3.032892643e-07,0.04922516374
976.0,3.406300938e-06,5.933921307e-08,6.41944151e-06,1.650321992e-07,3.449177609e-06,3.204777822e-08,3.563031102e-05,9.373823565e-07,8.032849279e-07,2.690114574e-08,1.339319933e-06,6.176521495e-08,2.212207926e-05,2.255843843e-06,0.04922741959
977.0,4.396457839e-06,7.240758987e-08,8.087954634e-06,2.317749442e-07,4.474584029e-06,3.588394871e-08,3.604165729e-05,9.704842725e-07,8.08474619e-07,2.686953374e-08,1.312626035e-06,5.690423659e-08,2.290158249e-05,1.067761345e-06,0.04922848735
978.0,3.754016286e-06,6.814172945e-08,6.492031136e-06,1.664712365e-07,3.807565915e-06,1.805773433e-07,2.566209256e-05,9.481920259e-07,7.982080082e-07,2.638235408e-08,1.197594238e-06,5.544361598e-08,2.232628382e-05,-2.005789053e-07,0.04922828677
979.0,3.342749091e-06,5.841576679e-08,6.399085414e-06,1.645347693e-07,3.450223418e-06,3.254814659e-08,3.654533645e-05,9.436897064e-07,8.06724572e-07,2.700314131e-08,1.338861925e-06,6.170813644e-08,2.227094725e-05,2.324012707e-06,0.04923061078
980.0,4.411124956e-06,7.249108505e-08,8.099216798e-06,2.321268069e-07,4.4743111e-06,3.613527088e-08,3.452406145e-05,9.74598391e-07,8.102190917e-07,2.686569907e-08,1.310397502e-06,5.678502487e-08,2.299872486e-05,1.110315615e-06,0.0492317211
981.0,3.719723012e-06,6.84951821e-08,6.49553775e-06,1.68784556e-07,3.800583844e-06,1.801176151e-07,2.655614149e-05,9.606255316e-07,7.977785599e-07,2.625100705e-08,1.193895431e-06,5.526490778e-08,2.261901926e-05,-2.784648766e-07,0.04923144263
982.0,3.346694846e-06,5.7609259e-08,6.398961017e-06,1.659199819e-07,3.45698056e-06,3.302613785e-08,3.450415074e-05,9.423705332e-07,8.06096885e-07,2.678898298e-08,1.333928589e-06,6.148977078e-08,2.223990786e-05,2.345274751e-06,0.04923378791
983.0,4.3543261e-06,7.189360309e-08,8.087724902e-06,2.333957265e-07,4.471016999e-06,3.631607504e-08,3.535010901e-05,9.817486958e-07,8.074343116e-07,2.657775748e-08,1.303959496e-06,5.65210402e-08,2.316742301e-05,1.204743519e-06,0.04923499265
984.0,3.716141439e-06,6.768496199e-08,6.524772961e-06,1.706201591e-07,3.796050393e-06,1.79001689e-07,2.418539006e-05,9.531663245e-07,7.925071725e-07,2.587234019e-08,1.186297417e-06,5.49237669e-08,2.244350465e-05,-3.709836663e-07,0.04923462167
985.0,3.289312954e-06,5.683413348e-08,6.408221591e-06,1.675476528e-07,3.460185959e-06,3.348633446e-08,3.585215917e-05,9.426517313e-07,8.001251218e-07,2.634329874e-08,1.325764268e-06,6.106466806e-08,2.224646893e-05,2.245774931e-06,0.04923686744
986.0,4.364716538e-06,7.139977955e-08,8.136997548e-06,2.358869416e-07,4.470759875e-06,3.630944236e-08,3.435602291e-05,9.780373596e-07,7.992771681e-07,2.610418112e-08,1.295068898e-06,5.611333895e-08,2.307993868e-05,1.179881569e-06,0.04923804732
987.0,3.665334046e-06,6.648046196e-08,6.576066773e-06,1.739893782e-07,3.790785189e-06,1.781868436e-07,2.624000576e-05,9.464925777e-07,7.843184754e-07,2.538496178e-08,1.177435643e-06,5.447391755e-08,2.228629465e-05,-3.155582757e-07,0.04923773177
988.0,3.295212344e-06,5.601170644e-08,6.451850874e-06,1.692100242e-07,3.463745358e-06,3.357073887e-08,3.361459964e-05,9.451665905e-07,7.913183619e-07,2.574576464e-08,1.315041391e-06,6.053997444e-08,2.230590517e-05,2.229750794e-06,0.04923996152
989.0,4.328091457e-06,7.13085616e-08,8.180246768e-06,2.384894654e-07,4.464544161e-06,3.617399089e-08,3.475186152e-05,9.754829947e-07,7.883617138e-07,2.552775747e-08,1.284210544e-06,5.55766487e-08,2.301965611e-05,1.02249803e-06,0.04924098402
990.0,3.661456276e-06,6.457204633e-08,6.634587561e-06,1.760525567e-07,3.786236708e-06,1.764452149e-07,2.426238093e-05,9.476967406e-07,7.737987117e-07,2.479397969e-08,1.16738313e-06,5.399868864e-08,2.231468687e-05,-2.5081372e-07,0.0492407332
991.0,3.267922178e-06,5.567341927e-08,6.46472868e-06,1.710620257e-07,3.45863169e-06,3.334947849e-08,3.520912007e-05,9.532478887e-07,7.770192018e-07,2.506537877e-08,1.302668699e-06,5.987695189e-08,2.249665682e-05,2.268154622e-06,0.04924300136
992.0,4.350310269e-06,7.06738416e-08,8.196896575e-06,2.403304983e-07,4.454860644e-06,3.569467807e-08,3.367916124e-05,9.819022898e-07,7.733262379e-07,2.484734655e-08,1.27219376e-06,5.501233031e-08,2.317111437e-05,1.05863598e-06,0.04924405999
993.0,3.61939617e-06,6.328734141e-08,6.632050853e-06,1.769298238e-07,3.777251248e-06,1.744516161e-07,2.546272945e-05,9.568505661e-07,7.598553883e-07,2.414631587e-08,1.157484519e-06,5.349663414e-08,2.253019894e-05,-3.393597104e-07,0.04924372063
994.0,3.303525629e-06,5.598423904e-08,6.517015647e-06,1.710090688e-07,3.456629108e-06,3.291625211e-08,3.42328822e-05,9.540780129e-07,7.613002618e-07,2.424126023e-08,1.2907732e-06,5.930756947e-08,2.251623821e-05,2.293704432e-06,0.04924601434
995.0,4.30747663e-06,6.991235947e-08,8.218908114e-06,2.410789067e-07,4.441732415e-06,2.219823767e-07,3.544891502e-05,9.899337437e-07,7.527766877e-07,2.392321134e-08,1.259202574e-06,5.433917165e-08,2.336063271e-05,1.113461588e-06,0.0492471278
996.0,3.630156741e-06,6.14689441e-08,6.60548589e-06,1.759285978e-07,3.759323863e-06,1.714959999e-07,2.435374182e-05,9.478467886e-07,7.40533333e-07,2.325158874e-08,1.147857956e-06,5.306252959e-08,2.231828086e-05,-4.626608549e-07,0.04924666514
997.0,3.279966826e-06,5.605994003e-08,6.454897837e-06,1.696486717e-07,3.445352818e-06,3.240098411e-08,3.533687151e-05,9.555817441e-07,7.404449597e-07,2.330962765e-08,1.280112601e-06,5.872053672e-08,2.255172919e-05,2.199018869e-06,0.04924886416
998.0,4.334112212e-06,6.893292297e-08,8.196711327e-06,2.379083009e-07,4.444100576e-06,2.21189775e-07,3.388124538e-05,9.86373171e-07,7.331268569e-07,2.307368225e-08,1.250255184e-06,5.391631344e-08,2.327663568e-05,1.102798594e-06,0.04924996695
999.0,3.576102244e-06,5.9600363e-08,6.579590589e-06,1.740210592e-07,3.750433601e-06,1.691496534e-07,2.561311298e-05,9.403984462e-07,7.226541952e-07,2.248096087e-08,1.142158289e-06,5.276125095e-08,2.214286051e-05,-3.925597692e-07,0.0492495744
1000.0,3.315696205e-06,5.688428884e-08,6.414561398e-06,1.665787149e-07,3.431730782e-06,3.175187787e-08,3.33912001e-05,9.572610453e-07,7.217651219e-07,2.245829983e-08,1.272695927e-06,5.835722717e-08,2.259130385e-05,2.184461968e-06,0.04925175886
1001.0,4.315316093e-06,6.921497818e-08,8.152314909e-06,2.372942425e-07,4.430376322e-06,2.192033982e-07,3.59844744e-05,9.831998957e-07,7.169187064e-07,2.237238538e-08,1.245197505e-06,5.364769577e-08,2.320169105e-05,9.471000616e-07,0.04925270596
1002.0,3.596229263e-06,5.803766975e-08,6.513356062e-06,1.712515147e-07,3.745407228e-06,1.674001095e-07,2.523743588e-05,9.394051886e-07,7.090663067e-07,2.194693136e-08,1.140358883e-06,5.275130672e-08,2.211953035e-05,-3.018505799e-07,0.04925240411
1003.0,3.319789658e-06,5.84147782e-08,6.36613682e-06,1.636330417e-07,3.420300422e-06,3.101081595e-08,3.542731669e-05,9.658795182e-07,7.085197417e-07,2.194045541e-08,1.270222036e-06,5.819235253e-08,2.27947186e-05,2.232532202e-06,0.04925463664
1004.0,4.339199571e-06,6.84571103e-08,8.113477978e-06,2.342581661e-07,4.420912689e-06,2.158383199e-07,3.348502251e-05,9.902518986e-07,7.066483086e-07,2.207237596e-08,1.245541325e-06,5.371310594e-08,2.336809662e-05,9.960053041e-07,0.04925563264
1005.0,3.555427359e-06,5.689762026e-08,6.420361678e-06,1.665644738e-07,3.741622747e-06,1.66331867e-07,2.597198759e-05,9.49310637e-07,7.033672088e-07,2.194303059e-08,1.144496531e-06,5.298847455e-08,2.235268715e-05,-3.888614455e-07,0.04925524378
1006.0,3.370332378e-06,5.98997749e-08,6.31027077e-06,1.60335859e-07,3.412427683e-06,3.031982244e-08,3.432146421e-05,9.650472597e-07,7.041974311e-07,2.195183253e-08,1.273778313e-06,5.839646842e-08,2.277502947e-05,2.246691039e-06,0.04925749047
1007.0,4.309264901e-06,6.808976102e-08,8.04917716e-06,2.318163565e-07,4.409961205e-06,2.137721131e-07,3.549845725e-05,9.992467843e-07,7.063402171e-07,2.231688858e-08,1.250402736e-06,5.395803844e-08,2.358040122e-05,1.098543923e-06,0.04925858902
1008.0,3.572072428e-06,5.582942938e-08,6.365623027e-06,1.62761414e-07,3.740934428e-06,1.662237829e-07,2.463583011e-05,9.405164149e-07,7.074472599e-07,2.245185162e-08,1.151986117e-06,5.34448239e-08,2.214556833e-05,-4.749737198e-07,0.04925811404
1009.0,3.359720077e-06,6.132760532e-08,6.261406461e-06,1.57150989e-07,3.404486523e-06,2.987080587e-08,3.569658323e-05,9.649161524e-07,7.078147567e-07,2.239995841e-08,1.279652832e-06,5.866805294e-08,2.277188301e-05,2.170161385e-06,0.04926028421
1010.0,4.339519486e-06,6.816027857e-08,8.02104582e-06,2.291403064e-07,4.408183797e-06,2.130175795e-07,3.436591785e-05,9.944954273e-07,7.126247911e-07,2.287548331e-08,1.256649901e-06,5.429940151e-08,2.346826003e-05,1.088102856e-06,0.04926137231
1011.0,3.524841276e-06,5.471199027e-08,6.276773702e-06,1.59952311e-07,3.740296775e-06,1.671279048e-07,2.613508469e-05,9.346033862e-07,7.171048723e-07,2.312300042e-08,1.159690052e-06,5.387868219e-08,2.200632814e-05,-4.403306611e-07,0.04926093198
1012.0,3.39205449e-06,6.254215574e-08,6.207253673e-06,1.550310392e-07,3.394198138e-06,2.951698288e-08,3.424205002e-05,9.662100614e-07,7.159179888e-07,2.294931226e-08,1.285443855e-06,5.901137061e-08,2.28024618e-05,2.160105623e-06,0.04926309208
1013.0,4.296702626e-06,6.794987393e-08,7.966511119e-06,2.265329119e-07,4.405284963e-06,2.128248182e-07,3.534243426e-05,9.89413954e-07,7.201831946e-07,2.339393695e-08,1.261344649e-06,5.455742069e-08,2.334824321e-05,9.458487484e-07,0.04926403793
1014.0,3.532081629e-06,5.408473713e-08,6.256648305e-06,1.580334141e-07,3.7505549e-06,1.691999866e-07,2.471781233e-05,9.324126054e-07,7.243801769e-07,2.364458945e-08,1.164029374e-06,5.422995285e-08,2.195473889e-05,-3.171859018e-07,0.04926372075
1015.0,3.364748602e-06,6.38310478e-08,6.184528544e-06,1.532948847e-07,3.386695636e-06,2.920393307e-08,3.536665709e-05,9.718548837e-07,7.209849863e-07,2.331381093e-08,1.28793998e-06,5.918306258e-08,2.293561972e-05,2.229978128e-06,0.04926595072
1016.0,4.308494775e-06,6.763383709e-08,7.927171677e-06,2.253202653e-07,4.404095187e-06,2.127446752e-07,3.386108981e-05,9.938474983e-07,7.240697254e-07,2.368980749e-08,1.262860476e-06,5.470811234e-08,2.345286504e-05,1.002842497e-06,0.04926695357
1017.0,3.486153906e-06,5.346599098e-08,6.198710899e-06,1.572720104e-07,3.752533105e-06,1.708994587e-07,2.560598625e-05,9.406591512e-07,7.277685613e-07,2.388100374e-08,1.164511846e-06,5.43608897e-08,2.214886052e-05,-3.883492867e-07,0.04926656522
1018.0,3.388933909e-06,6.443606878e-08,6.179976908e-06,1.533088556e-07,3.385510066e-06,2.905330439e-08,3.461864878e-05,9.678453207e-07,7.229058834e-07,2.342885393e-08,1.286859585e-06,5.924617009e-08,2.28409922e-05,2.253144036e-06,0.04926881836
1019.0,4.264515935e-06,6.720066201e-08,7.945104229e-06,2.256076599e-07,4.407343459e-06,2.130505163e-07,3.522343925e-05,1.000144024e-06,7.242950665e-07,2.367847783e-08,1.260094674e-06,5.465464559e-08,2.360142953e-05,1.117394827e-06,0.04926993576
1020.0,3.498860235e-06,5.287698121e-08,6.197805884e-06,1.579096168e-07,3.7621815e-06,1.725826101e-07,2.428636057e-05,9.345666217e-07,7.267603373e-07,2.378554874e-08,1.160262732e-06,5.428216953e-08,2.200538672e-05,-4.835588656e-07,0.0492694522
1021.0,3.350475294e-06,6.400336862e-08,6.207709579e-06,1.551871885e-07,3.381559397e-06,2.885847688e-08,3.571148327e-05,9.633311851e-07,7.192532279e-07,2.32636818e-08,1.281050536e-06,5.904202062e-08,2.273440662e-05,2.163443088e-06,0.04927161564
1022.0,4.288844609e-06,6.689967604e-08,7.951499244e-06,2.270958403e-07,4.411841424e-06,2.134657711e-07,3.358018168e-05,9.935384259e-07,7.200721448e-07,2.341692335e-08,1.253838004e-06,5.439577589e-08,2.34455223e-05,1.122737828e-06,0.04927273838
1023.0,3.449028312e-06,5.243606557e-08,6.19334295e-06,1.587861177e-07,3.760569108e-06,1.735871075e-07,2.615607257e-05,9.311053928e-07,7.207130922e-07,2.342757135e-08,1.152710994e-06,5.395361457e-08,2.192385758e-05,-4.010542672e-07,0.04927233732
1024.0,3.358860232e-06,6.344054547e-08,6.228349569e-06,1.564037501e-07,3.373574015e-06,2.86022021e-08,3.433485437e-05,9.611964126e-07,7.123128408e-07,2.290114045e-08,1.272575462e-06,5.865714738e-08,2.268404826e-05,2.17409444e-06,0.04927451142
1025.0,4.237192214e-06,6.611549223e-08,7.967326177e-06,2.285138758e-07,4.411496074e-06,2.133737167e-07,3.515713088e-05,9.857027178e-07,7.122165777e-07,2.295562928e-08,1.245348432e-06,5.397955997e-08,2.326058773e-05,9.98272539e-07,0.04927550969
1026.0,3.470053385e-06,5.217273489e-08,6.237636699e-06,1.606639127e-07,3.765924003e-06,1.739778674e-07,2.536386812e-05,9.300389376e-07,7.10529913e-07,2.290969142e-08,1.142200692e-06,5.341830793e-08,2.189877937e-05,-3.036632286e-07,0.04927520603
1027.0,3.309404557e-06,6.244869998e-08,6.259441956e-06,1.575362027e-07,3.359443986e-06,2.815425178e-08,3.442087054e-05,9.639064378e-07,7.011263987e-07,2.24271211e-08,1.261967895e-06,5.813030641e-08,2.274795613e-05,2.252000212e-06,0.04927745803
1028.0,4.247469148e-06,6.513489405e-08,7.991884595e-06,2.300625396e-07,4.406242645e-06,2.128309429e-07,3.288694812e-05,9.887168704e-07,7.00872757e-07,2.242319013e-08,1.234750417e-06,5.340341214e-08,2.333170499e-05,1.054952431e-06,0.04927851298
1029.0,3.439601025e-06,5.204334598e-08,6.277832598e-06,1.62522172e-07,3.758010085e-06,1.733813619e-07,2.588361815e-05,9.416771461e-07,6.973869466e-07,2.227925215e-08,1.129500249e-06,5.277358495e-08,2.217272537e-05,-3.673110189e-07,0.04927814567
1030.0,3.338785577e-06,6.150962097e-08,6.251374403e-06,1.584731422e-07,3.359462684e-06,2.778862063e-08,3.493679578e-05,9.576172533e-07,6.887993864e-07,2.190995482e-08,1.250348463e-06,5.751688377e-08,2.25996069e-05,2.289857611e-06,0.04928043553
1031.0,4.214220308e-06,6.427897624e-08,7.986210584e-06,2.302604657e-07,4.404019646e-06,2.1200904e-07,3.565496358e-05,9.940776076e-07,6.879606571e-07,2.183357003e-08,1.223539361e-06,5.281916312e-08,2.345820733e-05,1.177007755e-06,0.04928161253
1032.0,3.477915143e-06,5.200339459e-08,6.310081188e-06,1.625871131e-07,3.758524731e-06,1.71927285e-07,2.448951814e-05,9.365209647e-07,6.823310356e-07,2.162484143e-08,1.116952839e-06,5.205248299e-08,2.205132589e-05,-4.461509703e-07,0.04928116638
1033.0,3.268466897e-06,5.921058038e-08,6.234842678e-06,1.577640651e-07,3.341439417e-06,2.710821837e-08,3.43065185e-05,9.515797423e-07,6.742837303e-07,2.130476801e-08,1.239634493e-06,5.692955951e-08,2.245703064e-05,2.215333035e-06,0.04928338172
1034.0,4.225466123e-06,6.359823775e-08,7.967993677e-06,2.296477717e-07,4.396869071e-06,2.10525443e-07,3.377137733e-05,9.861515462e-07,6.728347061e-07,2.116718571e-08,1.214366706e-06,5.222666297e-08,2.327121795e-05,1.179626662e-06,0.04928456134
1035.0,3.449199557e-06,5.222170684e-08,6.308499606e-06,1.61731789e-07,3.744360929e-06,1.696168188e-07,2.587310573e-05,9.336291433e-07,6.660271196e-07,2.088838129e-08,1.106603594e-06,5.144836457e-08,2.198323403e-05,-3.70585035e-07,0.04928419076
1036.0,3.287155765e-06,5.752905175e-08,6.219211921e-06,1.567910235e-07,3.336024515e-06,2.652216527e-08,3.340201553e-05,9.488832231e-07,6.592524782e-07,2.06514933e-08,1.231525788e-06,5.642350531e-08,2.239344672e-05,2.216613126e-06,0.04928640737
1037.0,4.222097544e-06,6.367498065e-08,7.96414112e-06,2.288536482e-07,4.395769402e-06,2.096383156e-07,3.554636395e-05,9.773745021e-07,6.583875313e-07,2.049877295e-08,1.206987302e-06,5.1809301e-08,2.306402149e-05,1.038454857e-06,0.04928744583
1038.0,3.506841879e-06,5.299118534e-08,6.257510392e-06,1.592287536e-07,3.739976911e-06,1.674187525e-07,2.52155947e-05,9.361703492e-07,6.51186671e-07,2.021243371e-08,1.099031092e-06,5.091741609e-08,2.204317833e-05,-2.554193146e-07,0.04928719041
1039.0,3.244972302e-06,5.598889471e-08,6.148460008e-06,1.536728024e-07,3.32329438e-06,2.58837256e-08,3.472412177e-05,9.510938495e-07,6.455435053e-07,2.010292763e-08,1.226174705e-06,5.609430916e-08,2.244556213e-05,2.289986423e-06,0.04928948039
1040.0,4.25099979e-06,6.345689093e-08,7.913103001e-06,2.258831872e-07,4.390977978e-06,2.083945907e-07,3.458067648e-05,9.815863164e-07,6.461232021e-07,2.001353651e-08,1.20296179e-06,5.14911613e-08,2.316347851e-05,1.102145545e-06,0.04929058254
1041.0,3.492984578e-06,5.415585674e-08,6.188439627e-06,1.558362986e-07,3.727047532e-06,1.64700276e-07,2.579367338e-05,9.484255413e-07,6.402423422e-07,1.980614933e-08,1.094838859e-06,5.063848585e-08,2.233168106e-05,-3.189414186e-07,0.0492902636
1042.0,3.266846104e-06,5.461248277e-08,6.106751423e-06,1.513798408e-07,3.323742947e-06,2.552241815e-08,3.516376679e-05,9.464289353e-07,6.368668647e-07,1.985482684e-08,1.225449434e-06,5.595801856e-08,2.233556832e-05,2.322857175e-06,0.04929258645
1043.0,4.231035597e-06,6.352761821e-08,7.911020029e-06,2.237963631e-07,4.391297552e-06,2.082289526e-07,3.576613179e-05,9.849975881e-07,6.407475542e-07,1.990560264e-08,1.203340162e-06,5.145913991e-08,2.324395564e-05,1.209841342e-06,0.0492937963
1044.0,3.54880461e-06,5.548729946e-08,6.134593061e-06,1.523180964e-07,3.718848492e-06,1.623225207e-07,2.423770899e-05,9.458563963e-07,6.36032812e-07,1.975577256e-08,1.095422061e-06,5.05079326e-08,2.22712107e-05,-4.139375937e-07,0.04929338236
1045.0,3.220201697e-06,5.273880313e-08,6.071657985e-06,1.489177125e-07,3.320576897e-06,2.543170696e-08,3.536729479e-05,9.416084498e-07,6.365945489e-07,2.002267622e-08,1.228801282e-06,5.606532225e-08,2.222177061e-05,2.228452896e-06,0.04929561081
1046.0,4.25988573e-06,6.381924654e-08,7.824570934e-06,2.208351212e-07,4.388894129e-06,2.082070593e-07,3.43114852e-05,9.781712263e-07,6.430639283e-07,2.017668435e-08,1.207050026e-06,5.152969308e-08,2.308298764e-05,1.200717081e-06,0.04929681153
1047.0,3.514884283e-06,5.619853082e-08,6.05877229e-06,1.49068336e-07,3.706616271e-06,1.607617126e-07,2.590779532e-05,9.400922159e-07,6.382307768e-07,2.002356354e-08,1.098047253e-06,5.053919587e-08,2.21354789e-05,-3.290082823e-07,0.04929648252
1048.0,3.218617081e-06,5.15301198e-08,6.000808667e-06,1.461466632e-07,3.319229503e-06,2.56368609e-08,3.380029194e-05,9.413598695e-07,6.428647159e-07,2.045686765e-08,1.233632412e-06,5.622672299e-08,2.221591339e-05,2.247694478e-06,0.04929873021
1049.0,4.227680414e-06,6.454482626e-08,7.786917732e-06,2.193063127e-07,4.389294816e-06,2.087814445e-07,3.484288999e-05,9.715444333e-07,6.490690057e-07,2.060522654e-08,1.210737781e-06,5.17044764e-08,2.292659632e-05,1.057170756e-06,0.04929978739
1050.0,3.549928651e-06,5.698049002e-08,6.034340972e-06,1.46609966e-07,3.707445686e-06,1.599299101e-07,2.519347529e-05,9.414827463e-07,6.427198245e-07,2.034199017e-08,1.100376727e-06,5.055808621e-08,2.216829906e-05,-2.452385198e-07,0.04929954215
1051.0,3.190859752e-06,5.077344382e-08,5.989132166e-06,1.440733971e-07,3.332802314e-06,2.615899728e-08,3.597778291e-05,9.44748796e-07,6.484542339e-07,2.084536021e-08,1.237416196e-06,5.640265831e-08,2.229594156e-05,2.299317649e-06,0.04930184146
1052.0,4.256263505e-06,6.47510952e-08,7.759339051e-06,2.183321319e-07,4.394230147e-06,2.09717298e-07,3.33412452e-05,9.748357533e-07,6.542560544e-07,2.090320728e-08,1.213172677e-06,5.178233701e-08,2.300426287e-05,1.093943332e-06,0.04930293541
1053.0,3.531006825e-06,5.798375231e-08,6.018396893e-06,1.457121592e-07,3.702980757e-06,1.593983707e-07,2.577758024e-05,9.565426727e-07,6.465074593e-07,2.052247557e-08,1.100874282e-06,5.054531796e-08,2.252287618e-05,-3.172933899e-07,0.04930261811
1054.0,3.195173188e-06,5.019019543e-08,5.937196822e-06,1.433465802e-07,3.340751112e-06,2.679007229e-08,3.429061147e-05,9.432634245e-07,6.52490394e-07,2.099162736e-08,1.238384333e-06,5.644011773e-08,2.226094028e-05,2.334055475e-06,0.04930495217
1055.0,4.213354137e-06,6.470881711e-08,7.756170343e-06,2.190909363e-07,4.396436471e-06,2.109385233e-07,3.5672563e-05,9.80877622e-07,6.564866897e-07,2.095308466e-08,1.211463584e-06,5.172262051e-08,2.314687e-05,1.188532074e-06,0.0493061407
1056.0,3.55655689e-06,5.835973273e-08,6.012185585e-06,1.448920238e-07,3.703022281e-06,1.590938294e-07,2.443380005e-05,9.503246384e-07,6.466612213e-07,2.045804655e-08,1.098056697e-06,5.039770042e-08,2.237655309e-05,-4.024497605e-07,0.04930573825
1057.0,3.138143878e-06,4.949427398e-08,5.917406769e-06,1.426225583e-07,3.348315582e-06,2.738470057e-08,3.44138884e-05,9.41288435e-07,6.521834501e-07,2.088429472e-08,1.235711562e-06,5.629960343e-08,2.221425137e-05,2.235631752e-06,0.04930797388
1058.0,4.227356838e-06,6.459102088e-08,7.80298278e-06,2.204613758e-07,4.403296085e-06,2.119550307e-07,3.43154737e-05,9.750346601e-07,6.544015781e-07,2.077078906e-08,1.206612579e-06,5.149223775e-08,2.300903578e-05,1.163509658e-06,0.04930913739
1059.0,3.499033195e-06,5.771933852e-08,6.02807555e-06,1.460630301e-07,3.698313252e-06,1.586320336e-07,2.546440249e-05,9.448045002e-07,6.433374254e-07,2.021806036e-08,1.092545563e-06,5.010639994e-08,2.224657601e-05,-3.32037361e-07,0.04930880536
1060.0,3.167078433e-06,4.919837186e-08,5.951395207e-06,1.440439663e-07,3.361919608e-06,2.796810459e-08,3.393540028e-05,9.42794632e-07,6.493990157e-07,2.054121709e-08,1.230497284e-06,5.60217117e-08,2.224991827e-05,2.224650681e-06,0.04931103001
1061.0,4.204297151e-06,6.480796324e-08,7.817156654e-06,2.226957418e-07,4.398118837e-06,2.123654096e-07,3.486344147e-05,9.725087171e-07,6.495070998e-07,2.040401243e-08,1.19924027e-06,5.11085868e-08,2.294934091e-05,1.021796465e-06,0.0493120518
1062.0,3.512172024e-06,5.672763944e-08,6.066530825e-06,1.477372595e-07,3.70068608e-06,1.584259166e-07,2.390056186e-05,9.438271281e-07,6.37941429e-07,1.982157378e-08,1.085721469e-06,4.974881798e-08,2.222360013e-05,-2.518731257e-07,0.04931179993
1063.0,3.120832647e-06,4.866382417e-08,5.957023547e-06,1.457353291e-07,3.361497899e-06,2.823683979e-08,3.443548403e-05,9.491388555e-07,6.427754255e-07,2.011144177e-08,1.223098681e-06,5.557245529e-08,2.239961374e-05,2.271478226e-06,0.04931407141
1064.0,4.208796034e-06,6.429281005e-08,7.814892985e-06,2.237992793e-07,4.391790749e-06,2.116980638e-07,3.323455151e-05,9.787550995e-07,6.412399932e-07,1.997922145e-08,1.190791505e-06,5.068514775e-08,2.30968828e-05,1.06749212e-06,0.0493151389
1065.0,3.471818047e-06,5.607796333e-08,6.072158627e-06,1.491738638e-07,3.690655748e-06,1.572538991e-07,2.505687223e-05,9.546227256e-07,6.309778842e-07,1.945957761e-08,1.078234277e-06,4.931103624e-08,2.247770463e-05,-3.248008661e-07,0.0493148141
1066.0,3.153579527e-06,4.866404302e-08,6.010254966e-06,1.47699294e-07,3.367780334e-06,2.840839244e-08,3.361648334e-05,9.504286484e-07,6.342652526e-07,1.965142772e-08,1.214524338e-06,5.515778678e-08,2.243003838e-05,2.301785151e-06,0.04931711588
1067.0,4.166723243e-06,6.355515278e-08,7.851267915e-06,2.252097603e-07,4.39239211e-06,2.111739729e-07,3.410898874e-05,9.872535875e-07,6.316466708e-07,1.955957711e-08,1.181973965e-06,5.021555269e-08,2.32974178e-05,1.151191043e-06,0.04931826708
1068.0,3.493466217e-06,5.496010242e-08,6.130883449e-06,1.506565396e-07,3.690134934e-06,1.557936033e-07,2.362003522e-05,9.48441761e-07,6.223066488e-07,1.908175005e-08,1.070938798e-06,4.895827772e-08,2.233222989e-05,-4.423013105e-07,0.04931782477
1069.0,3.123363174e-06,4.831254292e-08,6.022424652e-06,1.488558578e-07,3.365831099e-06,2.826021541e-08,3.370376939e-05,9.499405376e-07,6.237206224e-07,1.918909742e-08,1.206784431e-06,5.470230074e-08,2.241852351e-05,2.209375128e-06,0.04932003415
1070.0,4.195310551e-06,6.299640181e-08,7.882263599e-06,2.259947612e-07,4.386874643e-06,2.099335663e-07,3.321429203e-05,9.835460414e-07,6.20683354e-07,1.911214341e-08,1.174664976e-06,4.985470773e-08,2.32099009e-05,1.120677608e-06,0.04932115483
1071.0,3.443285904e-06,5.32199182e-08,6.133554862e-06,1.51636256e-07,3.681649248e-06,1.544864666e-07,2.473052655e-05,9.420499238e-07,6.13245086e-07,1.868941142e-08,1.066290919e-06,4.866390297e-08,2.218174574e-05,-3.771371408e-07,0.04932077769
1072.0,3.163096511e-06,4.89339432e-08,6.022491073e-06,1.489549514e-07,3.362344507e-06,2.797546527e-08,3.277493037e-05,9.533084683e-07,6.133187764e-07,1.868176306e-08,1.201463432e-06,5.444665507e-08,2.249805388e-05,2.199036016e-06,0.04932297673
1073.0,4.191841856e-06,6.309982678e-08,7.875477681e-06,2.261103043e-07,4.379954608e-06,2.086377257e-07,3.521391676e-05,9.801008072e-07,6.107187654e-07,1.86777349e-08,1.17016262e-06,4.958078432e-08,2.312847108e-05,9.580068725e-07,0.04932393473
1074.0,3.463932952e-06,5.178418414e-08,6.139263809e-06,1.521849129e-07,3.682231937e-06,1.53251679e-07,2.381519659e-05,9.40063621e-07,6.041564674e-07,1.828791428e-08,1.064281684e-06,4.859121167e-08,2.213498442e-05,-2.843664442e-07,0.04932365037
1075.0,3.154469851e-06,5.018005137e-08,5.997378624e-06,1.483232376e-07,3.359201472e-06,2.754275482e-08,3.523594824e-05,9.607841857e-07,6.035241991e-07,1.824704698e-08,1.198903853e-06,5.424551166e-08,2.267450491e-05,2.239418196e-06,0.04932588978
1076.0,4.217965908e-06,6.246788769e-08,7.84811042e-06,2.232631853e-07,4.377487335e-06,2.064355003e-07,3.357288162e-05,9.870985132e-07,6.02309339e-07,1.833857071e-08,1.168607057e-06,4.951365778e-08,2.329368161e-05,1.006576128e-06,0.04932689636
1077.0,3.427708769e-06,5.091103877e-08,6.096610185e-06,1.502268177e-07,3.677800434e-06,1.517345534e-07,2.492818064e-05,9.492940737e-07,5.980825885e-07,1.809047739e-08,1.065835204e-06,4.865713039e-08,2.235230035e-05,-3.599316366e-07,0.04932653643
1078.0,3.212941742e-06,5.192529685e-08,5.984946751e-06,1.466335633e-07,3.353796194e-06,2.70686475e-08,3.381758055e-05,9.613213048e-07,5.97907159e-07,1.806464557e-08,1.200212396e-06,5.433601507e-08,2.26870701e-05,2.25770398e-06,0.04932879413
1079.0,4.181782558e-06,6.221142723e-08,7.803405837e-06,2.219081521e-07,4.368649461e-06,2.047305311e-07,3.507418692e-05,9.970271593e-07,5.990918585e-07,1.829228025e-08,1.171586267e-06,4.961930529e-08,2.352798955e-05,1.112211409e-06,0.04932990634
1080.0,3.466961891e-06,5.035525312e-08,6.097117233e-06,1.496505607e-07,3.676935439e-06,1.514153472e-07,2.441661166e-05,9.417380183e-07,5.978439558e-07,1.82743497e-08,1.071772003e-06,4.900120949e-08,2.217434867e-05,-4.446796078e-07,0.04932946167
1081.0,3.218821018e-06,5.345913159e-08,5.958868165e-06,1.4530222e-07,3.346781735e-06,2.684399839e-08,3.528196147e-05,9.603409917e-07,5.988662434e-07,1.829619933e-08,1.205388678e-06,5.452508887e-08,2.266391407e-05,2.176422873e-06,0.04933163809
1082.0,4.219095151e-06,6.219847516e-08,7.791155316e-06,2.196761105e-07,4.367650187e-06,2.041707647e-07,3.385356199e-05,9.913717281e-07,6.02582934e-07,1.866106492e-08,1.177477231e-06,4.99108953e-08,2.339455839e-05,1.082975505e-06,0.04933272106
1083.0,3.418252386e-06,4.951727344e-08,6.029249527e-06,1.478955892e-07,3.675940281e-06,1.514655135e-07,2.508355092e-05,9.370412776e-07,6.058680157e-07,1.883471511e-08,1.079783291e-06,4.938729018e-08,2.206376771e-05,-4.138138829e-07,0.04933230725
1084.0,3.263846706e-06,5.505484949e-08,5.890598037e-06,1.428598057e-07,3.340560412e-06,2.649613067e-08,3.35016263e-05,9.621683119e-07,6.05877245e-07,1.876420095e-08,1.211244725e-06,5.48374407e-08,2.270709078e-05,2.182088427e-06,0.04933448934
1085.0,4.196078978e-06,6.237568732e-08,7.708909332e-06,2.175278177e-07,4.361584606e-06,2.033591408e-07,3.473689524e-05,9.873905198e-07,6.103367439e-07,1.91539522e-08,1.18364564e-06,5.016156138e-08,2.330049041e-05,9.564477028e-07,0.04933544579
1086.0,3.439192327e-06,4.917919192e-08,6.028692325e-06,1.470730678e-07,3.683724739e-06,1.529457801e-07,2.416341281e-05,9.331707566e-07,6.148955231e-07,1.93957059e-08,1.087057757e-06,4.980123497e-08,2.197255859e-05,-3.055216135e-07,0.04933514026
1087.0,3.241392694e-06,5.672190009e-08,5.868890135e-06,1.41364867e-07,3.333814641e-06,2.629254626e-08,3.431609668e-05,9.683489271e-07,6.134203813e-07,1.921361527e-08,1.216054943e-06,5.503500532e-08,2.285291472e-05,2.238756786e-06,0.04933737902
1088.0,4.213079525e-06,6.234866894e-08,7.710628003e-06,2.158933054e-07,4.363966499e-06,2.035401784e-07,3.369560624e-05,9.910217857e-07,6.168250339e-07,1.955152636e-08,1.18800094e-06,5.038157195e-08,2.338625075e-05,9.977165719e-07,0.04933837674
1089.0,3.40647239e-06,4.905798385e-08,5.987562381e-06,1.46230543e-07,3.687771275e-06,1.545014342e-07,2.488354352e-05,9.431675427e-07,6.224373579e-07,1.978993796e-08,1.091167477e-06,5.003853462e-08,2.220792977e-05,-3.707176864e-07,0.04933800602
1090.0,3.283852937e-06,5.818675479e-08,5.875721989e-06,1.409005169e-07,3.333164756e-06,2.614917578e-08,3.352646428e-05,9.659114159e-07,6.192638256e-07,1.948376894e-08,1.218184302e-06,5.521452862e-08,2.279536771e-05,2.261937154e-06,0.04934026796
1091.0,4.172802144e-06,6.213315282e-08,7.6828216e-06,2.155730894e-07,4.367336415e-06,2.040959595e-07,3.449958827e-05,9.979895496e-07,6.213006872e-07,1.971927688e-08,1.189115806e-06,5.04562042e-08,2.355061934e-05,1.112314371e-06,0.04934138027
1092.0,3.428136518e-06,4.894155385e-08,5.97689542e-06,1.462029046e-07,3.696291984e-06,1.56678308e-07,2.321579539e-05,9.364549881e-07,6.255267983e-07,1.99113562e-08,1.090901985e-06,5.014410573e-08,2.204986702e-05,-4.640583036e-07,0.04934091621
1093.0,3.248299653e-06,5.856763708e-08,5.879828211e-06,1.412823256e-07,3.327912188e-06,2.601471163e-08,3.430000664e-05,9.619138619e-07,6.212125245e-07,1.952428837e-08,1.21591125e-06,5.516957976e-08,2.270097325e-05,2.172052074e-06,0.04934308827
1094.0,4.192053653e-06,6.223001761e-08,7.672409145e-06,2.161851938e-07,4.371154964e-06,2.047885013e-07,3.351918143e-05,9.921836009e-07,6.214692497e-07,1.967367839e-08,1.1864937e-06,5.03955231e-08,2.341361312e-05,1.117385482e-06,0.04934420565
1095.0,3.371702865e-06,4.863302993e-08,5.937684408e-06,1.467390903e-07,3.700726492e-06,1.588398083e-07,2.500110372e-05,9.319507924e-07,6.249907238e-07,1.978828565e-08,1.086672376e-06,5.002164547e-08,2.194380864e-05,-3.992105619e-07,0.04934380644
1096.0,3.270170887e-06,5.863923468e-08,5.891791016e-06,1.421782602e-07,3.32438456e-06,2.592839208e-08,3.268030951e-05,9.608268373e-07,6.198141229e-07,1.936761004e-08,1.210404167e-06,5.498296485e-08,2.26753009e-05,2.188188942e-06,0.04934599463
1097.0,4.159746483e-06,6.181385781e-08,7.697397864e-06,2.174721741e-07,4.372081332e-06,2.048893481e-07,3.467191601e-05,9.856515587e-07,6.199834513e-07,1.942744245e-08,1.181783803e-06,5.017656763e-08,2.325939573e-05,9.923673022e-07,0.049346987
1098.0,3.394347576e-06,4.846423055e-08,5.973133661e-06,1.478149791e-07,3.711005469e-06,1.605090966e-07,2.381474833e-05,9.312554039e-07,6.212236014e-07,1.947335026e-08,1.080915728e-06,4.972964276e-08,2.192744576e-05,-3.158938851e-07,0.0493466711
1099.0,3.229555816e-06,5.852538863e-08,5.916867614e-06,1.431109088e-07,3.314871696e-06,2.571655906e-08,3.395852072e-05,9.642566583e-07,6.161973673e-07,1.9085661e-08,1.204550506e-06,5.463634212e-08,2.275625993e-05,2.249519948e-06,0.04934892062
1100.0,4.173997763e-06,6.122084407e-08,7.728621716e-06,2.189252306e-07,4.371288434e-06,2.047067903e-07,3.252927753e-05,9.884340507e-07,6.152331422e-07,1.912830945e-08,1.176809944e-06,4.98450933e-08,2.332506143e-05,1.044737418e-06,0.04934996536
1101.0,3.373488752e-06,4.850087142e-08,6.019373362e-06,1.498118362e-07,3.711932045e-06,1.614582584e-07,2.501377824e-05,9.426571398e-07,6.153578235e-07,1.907953606e-08,1.074262261e-06,4.933321755e-08,2.219581158e-05,-3.742909583e-07,0.04934959107
1102.0,3.264530286e-06,5.819646841e-08,5.932511619e-06,1.445505202e-07,3.319276311e-06,2.556168662e-08,3.421544319e-05,9.590078676e-07,6.098965761e-07,1.878496524e-08,1.197823896e-06,5.423505495e-08,2.263241153e-05,2.28007137e-06,0.04935187114
1103.0,4.135328898e-06,6.050100407e-08,7.739216434e-06,2.204251503e-07,4.373686991e-06,2.046054255e-07,3.580571446e-05,9.941291102e-07,6.091871223e-07,1.878245924e-08,1.171166835e-06,4.949767986e-08,2.345945e-05,1.155525807e-06,0.04935302667
1104.0,3.408329302e-06,4.825335032e-08,6.043564735e-06,1.506096565e-07,3.717828445e-06,1.617651298e-07,2.402285615e-05,9.378765956e-07,6.058357097e-07,1.865681394e-08,1.06627041e-06,4.885795085e-08,2.208332068e-05,-4.44727928e-07,0.04935258194
1105.0,3.203915186e-06,5.650261119e-08,5.945325473e-06,1.447171501e-07,3.306228429e-06,2.509191725e-08,3.405419021e-05,9.535493727e-07,6.013590147e-07,1.843365006e-08,1.191082151e-06,5.381754073e-08,2.250352269e-05,2.20789106e-06,0.04935478983
1106.0,4.143749092e-06,5.973391429e-08,7.764902154e-06,2.208979027e-07,4.36935788e-06,2.034258067e-07,3.327052944e-05,9.861957318e-07,6.003647343e-07,1.84273964e-08,1.165445758e-06,4.911748597e-08,2.327228272e-05,1.15795286e-06,0.04935594778
1107.0,3.361322229e-06,4.817864089e-08,6.030866375e-06,1.497274903e-07,3.708505416e-06,1.60852697e-07,2.493444923e-05,9.337735009e-07,5.961643625e-07,1.819349421e-08,1.059349088e-06,4.842737922e-08,2.19866658e-05,-3.812193167e-07,0.04935556656
1108.0,3.231236647e-06,5.525069601e-08,5.954051427e-06,1.444281453e-07,3.302020255e-06,2.47697455e-08,3.303358158e-05,9.513851192e-07,5.918984872e-07,1.80399024e-08,1.185398168e-06,5.344943395e-08,2.245250738e-05,2.211714598e-06,0.04935777828
1109.0,4.149005141e-06,5.969800642e-08,7.805977557e-06,2.216709304e-07,4.368039234e-06,2.026889046e-07,3.502803894e-05,9.786400059e-07,5.916956636e-07,1.798098539e-08,1.161393598e-06,4.885720889e-08,2.309388707e-05,1.024813771e-06,0.04935880309
1110.0,3.417259207e-06,4.86687466e-08,6.015221128e-06,1.48864038e-07,3.709691938e-06,1.602151884e-07,2.435167603e-05,9.348829574e-07,5.848416869e-07,1.769887085e-08,1.053743021e-06,4.803398558e-08,2.201286946e-05,-2.739540006e-07,0.04935852914
1111.0,3.187882174e-06,5.39304401e-08,5.899501487e-06,1.42529952e-07,3.292107305e-06,2.428270397e-08,3.438403209e-05,9.544612723e-07,5.819408563e-07,1.760408291e-08,1.18208375e-06,5.321138541e-08,2.252504892e-05,2.284103957e-06,0.04936081324
1112.0,4.171627101e-06,5.936633142e-08,7.766435215e-06,2.198284038e-07,4.362347433e-06,2.011250268e-07,3.396195389e-05,9.819691316e-07,5.81801215e-07,1.758858514e-08,1.158820825e-06,4.865439556e-08,2.317252243e-05,1.092477436e-06,0.04936190572
1113.0,3.406250984e-06,4.961636764e-08,5.98882334e-06,1.468121686e-07,3.701604451e-06,1.586670914e-07,2.518199066e-05,9.469415943e-07,5.756363117e-07,1.727891181e-08,1.050624722e-06,4.781722755e-08,2.229673031e-05,-3.345625931e-07,0.04936157116
1114.0,3.206675581e-06,5.271916297e-08,5.880979829e-06,1.408007847e-07,3.293642946e-06,2.394991335e-08,3.361415969e-05,9.496919783e-07,5.734949889e-07,1.729975626e-08,1.180973595e-06,5.312111952e-08,2.241258068e-05,2.301492532e-06,0.04936387265
1115.0,4.137289271e-06,5.933046096e-08,7.738595726e-06,2.181318653e-07,4.359378036e-06,2.003419222e-07,3.521930819e-05,9.865406078e-07,5.758255154e-07,1.736895932e-08,1.159155789e-06,4.866434656e-08,2.328037981e-05,1.194100197e-06,0.04936506675
1116.0,3.461895595e-06,5.073787934e-08,5.946147712e-06,1.441634987e-07,3.69671788e-06,1.571033457e-07,2.380605688e-05,9.429692755e-07,5.691369805e-07,1.709041002e-08,1.050568671e-06,4.77379752e-08,2.220322396e-05,-4.157733739e-07,0.04936465098
1117.0,3.17072692e-06,5.106584239e-08,5.866826085e-06,1.392045673e-07,3.291821204e-06,2.38058803e-08,3.437423199e-05,9.44792298e-07,5.701758588e-07,1.728894006e-08,1.184263082e-06,5.325080867e-08,2.229688737e-05,2.22353098e-06,0.04936687451
1118.0,4.170197259e-06,5.956707694e-08,7.674317256e-06,2.162431565e-07,4.354951525e-06,1.996282546e-07,3.380313355e-05,9.799629764e-07,5.745388015e-07,1.751817497e-08,1.162928292e-06,4.879350813e-08,2.312522412e-05,1.188612879e-06,0.04936806312
1119.0,3.431408803e-06,5.133524735e-08,5.875366162e-06,1.413363986e-07,3.690708874e-06,1.559749684e-07,2.569905255e-05,9.38579907e-07,5.70079893e-07,1.728685796e-08,1.054084045e-06,4.783964251e-08,2.20998809e-05,-3.403691295e-07,0.04936772275
1120.0,3.177989112e-06,4.972743372e-08,5.809159237e-06,1.365550588e-07,3.289921737e-06,2.389606341e-08,3.344809014e-05,9.445967795e-07,5.746306238e-07,1.766398385e-08,1.189714207e-06,5.348952104e-08,2.229230555e-05,2.250392319e-06,0.04936997314
1121.0,4.153927778e-06,6.020979635e-08,7.653323822e-06,2.140240627e-07,4.352097531e-06,1.993381621e-07,3.435409269e-05,9.725643336e-07,5.810623743e-07,1.791210882e-08,1.168136602e-06,4.902439572e-08,2.295059715e-05,1.048118996e-06,0.04937102126
1122.0,3.473409921e-06,5.213286273e-08,5.847172962e-06,1.3847442e-07,3.689577262e-06,1.550663392e-07,2.463227319e-05,9.395768825e-07,5.744797273e-07,1.76469595e-08,1.057918829e-06,4.79494536e-08,2.212339255e-05,-2.608507716e-07,0.04937076041
1123.0,3.143996706e-06,4.87007094e-08,5.779532694e-06,1.342116194e-07,3.298482001e-06,2.416495784e-08,3.569916402e-05,9.473715619e-07,5.812277638e-07,1.809346181e-08,1.19563125e-06,5.374741608e-08,2.235782246e-05,2.293473833e-06,0.04937305388
1124.0,4.19468141e-06,6.058731861e-08,7.639602532e-06,2.126471215e-07,4.356418861e-06,1.997083836e-07,3.360090537e-05,9.754976866e-07,5.875282401e-07,1.833368514e-08,1.17262617e-06,4.921534241e-08,2.301987642e-05,1.084092483e-06,0.04937413798
1125.0,3.462043038e-06,5.322268976e-08,5.828970486e-06,1.379935091e-07,3.681955104e-06,1.541978572e-07,2.57752523e-05,9.526454832e-07,5.804216516e-07,1.795944277e-08,1.060931065e-06,4.806059562e-08,2.243104486e-05,-3.099925697e-07,0.04937382798
1126.0,3.149620971e-06,4.788827472e-08,5.741837844e-06,1.333795468e-07,3.30299144e-06,2.456468038e-08,3.419702717e-05,9.455273477e-07,5.875046024e-07,1.842052538e-08,1.199357856e-06,5.393784244e-08,2.231436429e-05,2.33417105e-06,0.04937616216
1127.0,4.140905329e-06,6.051129931e-08,7.591331545e-06,2.119188286e-07,4.349649771e-06,2.003239198e-07,3.451386762e-05,9.828916626e-07,5.939390354e-07,1.859434163e-08,1.174897624e-06,4.935904446e-08,2.319435873e-05,1.198030705e-06,0.04937736019
1128.0,3.479080702e-06,5.378950356e-08,5.804499061e-06,1.359911647e-07,3.676809103e-06,1.532235451e-07,2.368249462e-05,9.456710311e-07,5.841878695e-07,1.81175444e-08,1.061692385e-06,4.807184541e-08,2.226692286e-05,-3.961096806e-07,0.04937696408
1129.0,3.092992797e-06,4.68335564e-08,5.704262118e-06,1.317760582e-07,3.306157642e-06,2.502294542e-08,3.42766942e-05,9.425249612e-07,5.909333616e-07,1.855880871e-08,1.200474416e-06,5.401391914e-08,2.224339714e-05,2.238871283e-06,0.04937920295
1130.0,4.15747744e-06,6.072131612e-08,7.584864571e-06,2.123073006e-07,4.352775407e-06,2.007429957e-07,3.354668509e-05,9.777674946e-07,5.959619996e-07,1.866190555e-08,1.174132463e-06,4.936314317e-08,2.307348757e-05,1.1767374e-06,0.04938037968
1131.0,3.434979248e-06,5.365681305e-08,5.794087911e-06,1.358372245e-07,3.674370185e-06,1.526361474e-07,2.53210878e-05,9.416217217e-07,5.850909709e-07,1.809852964e-08,1.059840903e-06,4.799652596e-08,2.217160057e-05,-3.404760146e-07,0.04938003921
1132.0,3.107864249e-06,4.625461372e-08,5.715010539e-06,1.31864916e-07,3.316170425e-06,2.547447701e-08,3.272709754e-05,9.432157736e-07,5.917878181e-07,1.849055003e-08,1.198640052e-06,5.397158768e-08,2.225983958e-05,2.230782489e-06,0.04938226999
1133.0,4.142673808e-06,6.157117043e-08,7.624142442e-06,2.146270214e-07,4.3547258e-06,2.017021431e-07,3.499485533e-05,9.724327786e-07,5.952699835e-07,1.852733598e-08,1.170862569e-06,4.925234145e-08,2.294749581e-05,1.020091373e-06,0.04938329008
1134.0,3.457701655e-06,5.332724238e-08,5.818633937e-06,1.367341935e-07,3.674104426e-06,1.523323071e-07,2.436970803e-05,9.429690579e-07,5.829765912e-07,1.791057942e-08,1.056300884e-06,4.782584898e-08,2.220334242e-05,-2.508453477e-07,0.04938303924
1135.0,3.072727601e-06,4.576047578e-08,5.708022648e-06,1.328608965e-07,3.324337228e-06,2.588044793e-08,3.406552684e-05,9.49156703e-07,5.893100636e-07,1.825035556e-08,1.195032444e-06,5.374029106e-08,2.240007574e-05,2.283677795e-06,0.04938532292
1136.0,4.157324977e-06,6.118381172e-08,7.657652583e-06,2.150468546e-07,4.355119861e-06,2.011485888e-07,3.31800867e-05,9.775798151e-07,5.914781697e-07,1.827359355e-08,1.16590286e-06,4.902356206e-08,2.306902331e-05,1.077420969e-06,0.04938640034
1137.0,3.423972252e-06,5.293984152e-08,5.865334518e-06,1.374370852e-07,3.669030314e-06,1.511908985e-07,2.480524508e-05,9.551212174e-07,5.795310984e-07,1.768334764e-08,1.051638789e-06,4.758195244e-08,2.248948934e-05,-3.328809303e-07,0.04938606746
1138.0,3.093952699e-06,4.550491192e-08,5.764190012e-06,1.34861866e-07,3.32974484e-06,2.616250093e-08,3.258326147e-05,9.483433664e-07,5.847855677e-07,1.791447108e-08,1.189143665e-06,5.344859877e-08,2.238081131e-05,2.290857811e-06,0.04938835831
1139.0,4.117691204e-06,6.084053815e-08,7.667122701e-06,2.176395467e-07,4.35016683e-06,2.012729971e-07,3.56905108e-05,9.869720974e-07,5.85102126e-07,1.794041954e-08,1.158965898e-06,4.867982456e-08,2.329070319e-05,1.165987855e-06,0.0493895243
1140.0,3.452105436e-06,5.230592093e-08,5.899855676e-06,1.392701181e-07,3.666764788e-06,1.502087471e-07,2.373421817e-05,9.471109161e-07,5.737765321e-07,1.738115317e-08,1.045767747e-06,4.730731189e-08,2.230091282e-05,-4.171604364e-07,0.04938910714
1141.0,3.060776872e-06,4.513211329e-08,5.771117645e-06,1.364655619e-07,3.329335146e-06,2.631493976e-08,3.374618477e-05,9.481775554e-07,5.762309133e-07,1.754063557e-08,1.181629747e-06,5.303383852e-08,2.237689235e-05,2.219999876e-06,0.04939132714
1142.0,4.12860733e-06,6.016147393e-08,7.69378808e-06,2.181850913e-07,4.347002078e-06,2.002395961e-07,3.283948372e-05,9.817845485e-07,5.754353869e-07,1.755272391e-08,1.151199201e-06,4.830109809e-08,2.316831674e-05,1.14178708e-06,0.04939246893
1143.0,3.381170789e-06,5.079865562e-08,5.911844674e-06,1.408165678e-07,3.658738177e-06,1.485846136e-07,2.490019009e-05,9.428597581e-07,5.656911995e-07,1.706396585e-08,1.039510083e-06,4.697604434e-08,2.220085686e-05,-3.852079889e-07,0.04939208372
1144.0,3.090320967e-06,4.505805518e-08,5.799315283e-06,1.370785994e-07,3.330481113e-06,2.621836582e-08,3.23604749e-05,9.501758555e-07,5.662226755e-07,1.709583281e-08,1.174302349e-06,5.268420021e-08,2.242407022e-05,2.212197197e-06,0.04939429592
1145.0,4.120003569e-06,6.02682903e-08,7.6709053e-06,2.180884878e-07,4.341437972e-06,1.993118251e-07,3.457907576e-05,9.786423193e-07,5.651200379e-07,1.710789031e-08,1.144188385e-06,4.790807177e-08,2.309413827e-05,9.980913965e-07,0.04939529401
1146.0,3.404004846e-06,4.948957135e-08,5.958744923e-06,1.411148698e-07,3.659438817e-06,1.470942188e-07,2.374019317e-05,9.402145277e-07,5.563635327e-07,1.664531971e-08,1.034848079e-06,4.67230864e-08,2.213852477e-05,-2.798916354e-07,0.04939501412
1147.0,3.070692213e-06,4.569328739e-08,5.796850422e-06,1.369068788e-07,3.323213446e-06,2.588511788e-08,3.372269893e-05,9.574250054e-07,5.554315026e-07,1.660940637e-08,1.168802336e-06,5.234425576e-08,2.259516299e-05,2.258711791e-06,0.04939727283
1148.0,4.142946668e-06,5.987542277e-08,7.662030286e-06,2.174945868e-07,4.334512994e-06,1.977774381e-07,3.23669648e-05,9.837170252e-07,5.543431711e-07,1.66481805e-08,1.139355221e-06,4.764139006e-08,2.32139394e-05,1.021506484e-06,0.04939829433
1149.0,3.378538838e-06,4.884764422e-08,5.899957094e-06,1.411553695e-07,3.644065868e-06,1.45190839e-07,2.494955342e-05,9.514947072e-07,5.470023903e-07,1.624425471e-08,1.032199047e-06,4.654602328e-08,2.240408322e-05,-3.444140562e-07,0.04939794992
1150.0,3.119720536e-06,4.68373059e-08,5.781001647e-06,1.366182204e-07,3.317980753e-06,2.551111405e-08,3.274316241e-05,9.572353148e-07,5.457214199e-07,1.616652971e-08,1.165605463e-06,5.218198169e-08,2.259075465e-05,2.275043331e-06,0.04940022496
1151.0,4.107100425e-06,5.934365469e-08,7.630492649e-06,2.163483643e-07,4.329101085e-06,1.96518647e-07,3.471061592e-05,9.932578104e-07,5.456656754e-07,1.626706576e-08,1.13680454e-06,4.748146373e-08,2.34390268e-05,1.127752195e-06,0.04940135272
1152.0,3.409124265e-06,4.824274123e-08,5.922529915e-06,1.399308501e-07,3.646043287e-06,1.441657489e-07,2.370783096e-05,9.440174267e-07,5.393014939e-07,1.596658746e-08,1.032124209e-06,4.657010182e-08,2.222805817e-05,-4.54381918e-07,0.04940089833
1153.0,3.111350912e-06,4.80311142e-08,5.759535828e-06,1.352184059e-07,3.315809759e-06,2.525413097e-08,3.411388421e-05,9.569125968e-07,5.385570148e-07,1.595280319e-08,1.165478147e-06,5.213696649e-08,2.258300667e-05,2.181124661e-06,0.04940307946
1154.0,4.139740586e-06,5.918490364e-08,7.603321482e-06,2.149733625e-07,4.325935087e-06,1.955325676e-07,3.332559093e-05,9.877374677e-07,5.402009938e-07,1.614668597e-08,1.138187542e-06,4.754255324e-08,2.330881758e-05,1.10810661e-06,0.04940418757
1155.0,3.352752099e-06,4.709991692e-08,5.854532062e-06,1.388629511e-07,3.63847563e-06,1.436939351e-07,2.500042405e-05,9.37945401e-07,5.371329204e-07,1.605541951e-08,1.035835125e-06,4.674278435e-08,2.208510603e-05,-3.92668311e-07,0.0494037949
1156.0,3.153134895e-06,4.916758476e-08,5.723193764e-06,1.322269585e-07,3.309737333e-06,2.490081526e-08,3.238522709e-05,9.583567674e-07,5.383209502e-07,1.609100057e-08,1.168869249e-06,5.231629221e-08,2.261711032e-05,2.189750859e-06,0.04940598465
1157.0,4.126075879e-06,5.92053373e-08,7.585793214e-06,2.12083642e-07,4.327071452e-06,1.948842693e-07,3.461844301e-05,9.843206136e-07,5.419829009e-07,1.639790447e-08,1.142098199e-06,4.771267577e-08,2.322812105e-05,9.704701748e-07,0.04940695512
1158.0,3.378797322e-06,4.645623826e-08,5.850586338e-06,1.37734511e-07,3.644725507e-06,1.436370242e-07,2.389377426e-05,9.365772483e-07,5.425774093e-07,1.646988079e-08,1.041873668e-06,4.707846036e-08,2.205280781e-05,-3.161198687e-07,0.049406639
1159.0,3.150660839e-06,5.103839966e-08,5.673438993e-06,1.308551473e-07,3.301578684e-06,2.463297272e-08,3.466369503e-05,9.648651497e-07,5.426131924e-07,1.646906351e-08,1.173222925e-06,5.250595748e-08,2.27707045e-05,2.248178948e-06,0.04940888718
1160.0,4.147242363e-06,5.906854498e-08,7.538037967e-06,2.106242656e-07,4.323082508e-06,1.944986361e-07,3.299148976e-05,9.888583886e-07,5.468380632e-07,1.681698391e-08,1.147099693e-06,4.795432699e-08,2.333523232e-05,1.015502583e-06,0.04940990268
1161.0,3.347325458e-06,4.632873275e-08,5.790399247e-06,1.364054848e-07,3.638774579e-06,1.439340524e-07,2.488948597e-05,9.458000215e-07,5.496191373e-07,1.695200318e-08,1.047575394e-06,4.73844644e-08,2.226994219e-05,-3.677870116e-07,0.04940953489
1162.0,3.183428226e-06,5.24032882e-08,5.654737624e-06,1.289566531e-07,3.296602089e-06,2.435148293e-08,3.269755593e-05,9.627407659e-07,5.487633877e-07,1.682871228e-08,1.177321074e-06,5.274258451e-08,2.272057821e-05,2.25844613e-06,0.04941179334
1163.0,4.095914963e-06,5.869304374e-08,7.505819753e-06,2.093491233e-07,4.32604202e-06,1.949621093e-07,3.47989175e-05,9.960736266e-07,5.527488686e-07,1.714672723e-08,1.150944429e-06,4.81470752e-08,2.350549298e-05,1.10737163e-06,0.04941290071
1164.0,3.385634502e-06,4.626465433e-08,5.808981052e-06,1.360260119e-07,3.65305919e-06,1.458570281e-07,2.493346638e-05,9.383792119e-07,5.558664107e-07,1.728069028e-08,1.05148961e-06,4.763566805e-08,2.209519158e-05,-4.458046766e-07,0.04941245491
1165.0,3.170434815e-06,5.308651586e-08,5.642765309e-06,1.278603823e-07,3.296167676e-06,2.416629833e-08,3.474345955e-05,9.597865476e-07,5.534035159e-07,1.706484483e-08,1.179438399e-06,5.285282789e-08,2.265080263e-05,2.180918734e-06,0.04941463582
1166.0,4.127746275e-06,5.888244859e-08,7.530193339e-06,2.089016482e-07,4.331904732e-06,1.955854402e-07,3.32906595e-05,9.904143607e-07,5.560703359e-07,1.732575394e-08,1.152945029e-06,4.824689059e-08,2.337188081e-05,1.113607661e-06,0.04941574943
1167.0,3.311420598e-06,4.56383982e-08,5.749981186e-06,1.348207456e-07,3.648629032e-06,1.466892141e-07,2.455387505e-05,9.330350766e-07,5.588311271e-07,1.741922836e-08,1.051756426e-06,4.772490943e-08,2.196939254e-05,-3.962668779e-07,0.04941535317
1168.0,3.184374195e-06,5.356421502e-08,5.645071497e-06,1.279562724e-07,3.287165799e-06,2.397044128e-08,3.237583506e-05,9.598754805e-07,5.556845385e-07,1.710329362e-08,1.1783599e-06,5.286826327e-08,2.265291164e-05,2.182405422e-06,0.04941753557
1169.0,4.101040983e-06,5.882983961e-08,7.497559524e-06,2.100513236e-07,4.328402825e-06,1.957252014e-07,3.447782486e-05,9.842388416e-07,5.569582959e-07,1.728342644e-08,1.151117486e-06,4.821452274e-08,2.322607251e-05,9.94192748e-07,0.04941852976
1170.0,3.343952461e-06,4.561293013e-08,5.759828846e-06,1.355140459e-07,3.661046016e-06,1.485023325e-07,2.400555176e-05,9.314857784e-07,5.583755394e-07,1.731929891e-08,1.049364832e-06,4.765713228e-08,2.193290394e-05,-3.045205009e-07,0.04941822524
1171.0,3.153454688e-06,5.398308577e-08,5.635527559e-06,1.283338085e-07,3.277312955e-06,2.366357051e-08,3.372110316e-05,9.646751563e-07,5.540146173e-07,1.698690234e-08,1.174510211e-06,5.271555261e-08,2.276612696e-05,2.251612887e-06,0.04942047686
1172.0,4.110465729e-06,5.840493981e-08,7.537334679e-06,2.10622916e-07,4.329877088e-06,1.957134065e-07,3.241013111e-05,9.882504272e-07,5.548120798e-07,1.709730345e-08,1.147954143e-06,4.803555467e-08,2.332081362e-05,1.038774166e-06,0.04942151563
1173.0,3.31775978e-06,4.579361356e-08,5.784015256e-06,1.375951835e-07,3.659286639e-06,1.49765825e-07,2.507865956e-05,9.429317554e-07,5.557261424e-07,1.706699542e-08,1.044726757e-06,4.746393652e-08,2.220229266e-05,-3.737704055e-07,0.04942114186
1174.0,3.189280521e-06,5.416233006e-08,5.670177647e-06,1.300715007e-07,3.277472633e-06,2.355500696e-08,3.33273543e-05,9.596071683e-07,5.511500194e-07,1.675625003e-08,1.169577834e-06,5.247861396e-08,2.264659369e-05,2.274507589e-06,0.04942341637
1175.0,4.075227548e-06,5.778173977e-08,7.532186255e-06,2.11507493e-07,4.33245842e-06,1.960564846e-07,3.474724781e-05,9.944774174e-07,5.515680117e-07,1.680923138e-08,1.142986518e-06,4.780418125e-08,2.346774666e-05,1.145221629e-06,0.04942456159
1176.0,3.351096997e-06,4.561308284e-08,5.834873963e-06,1.381471957e-07,3.669308659e-06,1.505425854e-07,2.411177806e-05,9.38102033e-07,5.504140993e-07,1.672195167e-08,1.038607481e-06,4.712437252e-08,2.20886599e-05,-4.411787829e-07,0.04942412041
1177.0,3.145190699e-06,5.311689897e-08,5.726410618e-06,1.306769762e-07,3.272758318e-06,2.313803719e-08,3.381151898e-05,9.552493225e-07,5.453934818e-07,1.647836398e-08,1.163218272e-06,5.217300416e-08,2.254365417e-05,2.198019195e-06,0.04942631843
1178.0,4.094294364e-06,5.719377808e-08,7.571068157e-06,2.12716946e-07,4.333204491e-06,1.9592339e-07,3.363456782e-05,9.883897855e-07,5.453175227e-07,1.651429638e-08,1.137278653e-06,4.747742617e-08,2.332404938e-05,1.143765813e-06,0.0494274622
1179.0,3.308852322e-06,4.528820852e-08,5.83517984e-06,1.392924627e-07,3.668268108e-06,1.508580866e-07,2.556451899e-05,9.333995075e-07,5.423234318e-07,1.632582721e-08,1.030765374e-06,4.675408292e-08,2.197794266e-05,-3.746692408e-07,0.04942708753
1180.0,3.175753327e-06,5.245332857e-08,5.747918382e-06,1.325058632e-07,3.268285363e-06,1.633732003e-07,3.331962938e-05,9.528593447e-07,5.359977125e-07,1.608118551e-08,1.155182816e-06,5.175287779e-08,2.248729828e-05,2.202684695e-06,0.04942929021
1181.0,4.06623445e-06,5.686425602e-08,7.575346552e-06,2.13512632e-07,4.320613014e-06,1.942796621e-07,3.456033551e-05,9.809143836e-07,5.364981816e-07,1.611300357e-08,1.130034071e-06,4.716227304e-08,2.314759328e-05,1.003664676e-06,0.04943029388
1182.0,3.340605235e-06,4.527864607e-08,5.82338522e-06,1.383330581e-07,3.671259621e-06,1.507541224e-07,2.445215741e-05,9.343379078e-07,5.316974267e-07,1.587336014e-08,1.023077665e-06,4.631806428e-08,2.200001598e-05,-2.978395273e-07,0.04942999604
1183.0,3.118337327e-06,5.118036097e-08,5.707456657e-06,1.300135344e-07,3.269841002e-06,2.289915061e-08,3.409379658e-05,9.56389679e-07,5.283840276e-07,1.576023096e-08,1.150092615e-06,5.149913986e-08,2.25706553e-05,2.273186502e-06,0.04943226922
1184.0,4.095326874e-06,5.648420156e-08,7.603398192e-06,2.130542346e-07,4.329532728e-06,1.935030946e-07,3.260691778e-05,9.819487541e-07,5.289946663e-07,1.576524732e-08,1.126193046e-06,4.688479762e-08,2.317201631e-05,1.081187138e-06,0.04943335041
1185.0,3.323068198e-06,4.575986425e-08,5.82995216e-06,1.383860911e-07,3.656934407e-06,1.491901427e-07,2.497813492e-05,9.453819089e-07,5.229160925e-07,1.542467359e-08,1.017226926e-06,4.601144849e-08,2.226002057e-05,-3.356001669e-07,0.04943301481
1186.0,3.152175614e-06,5.075178916e-08,5.719090558e-06,1.315491823e-07,3.258549518e-06,1.612972097e-07,3.301898012e-05,9.510113039e-07,5.180893386e-07,1.529904801e-08,1.144910743e-06,5.117211522e-08,2.244369945e-05,2.292762483e-06,0.04943530757
1187.0,4.056082366e-06,5.599331976e-08,7.563438568e-06,2.113218266e-07,4.312695342e-06,1.92057256e-07,3.486764368e-05,9.902764128e-07,5.19688603e-07,1.534702829e-08,1.121627277e-06,4.668793244e-08,2.336859878e-05,1.167211975e-06,0.04943647478
1188.0,3.38035097e-06,4.668429519e-08,5.799557053e-06,1.367509733e-07,3.660707973e-06,1.48223906e-07,2.384759986e-05,9.404004091e-07,5.128875229e-07,1.499087687e-08,1.012935844e-06,4.572368091e-08,2.214279727e-05,-4.228280035e-07,0.04943605196
1189.0,3.10414666e-06,4.905474511e-08,5.67670278e-06,1.297059689e-07,3.259539126e-06,1.619344442e-07,3.462661599e-05,9.4537525e-07,5.09149425e-07,1.495170027e-08,1.142436113e-06,5.10551432e-08,2.231063269e-05,2.211499067e-06,0.04943826345
1190.0,4.089852267e-06,5.617764762e-08,7.559186153e-06,2.107816753e-07,4.315573123e-06,1.916374076e-07,3.366196232e-05,9.83589555e-07,5.129260348e-07,1.513471988e-08,1.120680269e-06,4.659843416e-08,2.321083077e-05,1.170381288e-06,0.04943943384
1191.0,3.336674523e-06,4.704052859e-08,5.70969345e-06,1.334570985e-07,3.650101374e-06,1.4690842e-07,2.509224586e-05,9.371311048e-07,5.065234151e-07,1.476912112e-08,1.011434276e-06,4.564551698e-08,2.206579917e-05,-3.599578607e-07,0.04943907388
1192.0,3.123732261e-06,4.775403467e-08,5.662506999e-06,1.276137579e-07,3.262680459e-06,1.618205568e-07,3.334381464e-05,9.439376822e-07,5.046919742e-07,1.48739007e-08,1.143664856e-06,5.108268248e-08,2.227679982e-05,2.21982963e-06,0.04944129371
1193.0,4.081079582e-06,5.665666099e-08,7.54113215e-06,2.08385526e-07,4.309324939e-06,1.906872009e-07,3.45172345e-05,9.755577537e-07,5.107872272e-07,1.518248347e-08,1.122489572e-06,4.670576158e-08,2.302125885e-05,1.026168652e-06,0.04944231988
1194.0,3.388545284e-06,4.784565301e-08,5.697005249e-06,1.315473358e-07,3.64973946e-06,1.460577449e-07,2.412197488e-05,9.38186651e-07,5.045772405e-07,1.484956046e-08,1.013215715e-06,4.565131364e-08,2.209069796e-05,-2.631320768e-07,0.04944205674
1195.0,3.086965335e-06,4.698985063e-08,5.63005252e-06,1.26829707e-07,3.258364022e-06,1.61848974e-07,3.464819888e-05,9.479106818e-07,5.064921458e-07,1.513074756e-08,1.147313709e-06,5.125096681e-08,2.237048631e-05,2.284353264e-06,0.0494443411
1196.0,4.107607515e-06,5.690438215e-08,7.483317063e-06,2.067179852e-07,4.304391403e-06,1.900866479e-07,3.275300444e-05,9.791694745e-07,5.144671623e-07,1.551201904e-08,1.126354822e-06,4.683945926e-08,2.310656829e-05,1.076270267e-06,0.04944541737
1197.0,3.375160461e-06,4.891314806e-08,5.654929233e-06,1.307935117e-07,3.639486297e-06,1.449796104e-07,2.546726587e-05,9.501208965e-07,5.080672594e-07,1.515366033e-08,1.01576318e-06,4.57535297e-08,2.237168509e-05,-3.133058475e-07,0.04944510406
1198.0,3.098565456e-06,4.617223985e-08,5.600148688e-06,1.258111647e-07,3.263930737e-06,1.624700056e-07,3.322538811e-05,9.447442352e-07,5.118230649e-07,1.551094795e-08,1.151552028e-06,5.14283035e-08,2.22958257e-05,2.311249928e-06,0.04944741531
1199.0,4.059183428e-06,5.686328321e-08,7.436906516e-06,2.048566146e-07,4.30107139e-06,1.899685141e-07,3.399456254e-05,9.848063792e-07,5.197104662e-07,1.585475566e-08,1.129459307e-06,4.700646167e-08,2.323957417e-05,1.174646561e-06,0.04944858996
1200.0,3.408572509e-06,4.977800841e-08,5.642740415e-06,1.290447855e-07,3.63849966e-06,1.444533268e-07,2.44579638e-05,9.431179658e-07,5.118735739e-07,1.541404183e-08,1.018047156e-06,4.580650801e-08,2.220683125e-05,-3.886513536e-07,0.04944820131
1201.0,3.073678488e-06,4.529704156e-08,5.621057651e-06,1.248374598e-07,3.279681491e-06,2.29791324e-08,3.554782459e-05,9.424165396e-07,5.189070523e-07,1.59054254e-08,1.156148473e-06,5.166040357e-08,2.224087136e-05,2.226996602e-06,0.0494504283
1202.0,4.10941122e-06,5.732261034e-08,7.461535407e-06,2.051652603e-07,4.323815611e-06,1.918360405e-07,3.323524157e-05,9.76585959e-07,5.256470806e-07,1.614580203e-08,1.132796089e-06,4.713895201e-08,2.304561994e-05,1.166760273e-06,0.04945159506
1203.0,3.371863996e-06,5.003899882e-08,5.654172156e-06,1.303231943e-07,3.635883604e-06,1.442947568e-07,2.529614745e-05,9.398329161e-07,5.15574054e-07,1.559324005e-08,1.019172028e-06,4.584386281e-08,2.212947867e-05,-3.04291454e-07,0.04945129077
1204.0,3.083349823e-06,4.493959211e-08,5.592468436e-06,1.262087254e-07,3.272813058e-06,2.30173391e-08,3.363570392e-05,9.444167018e-07,5.229895641e-07,1.607914617e-08,1.157390283e-06,5.175686483e-08,2.228815606e-05,2.24613233e-06,0.04945353691
1205.0,4.086212124e-06,5.832206874e-08,7.441517313e-06,2.054714715e-07,4.318331933e-06,1.925197337e-07,3.434636475e-05,9.717835977e-07,5.282494447e-07,1.621328586e-08,1.13225238e-06,4.71956352e-08,2.293219705e-05,1.017689947e-06,0.0494545546
1206.0,3.399392725e-06,5.029328367e-08,5.666512412e-06,1.304879237e-07,3.63760169e-06,1.43906467e-07,2.436285581e-05,9.403630933e-07,5.155749558e-07,1.55660735e-08,1.01743186e-06,4.576429487e-08,2.214204118e-05,-2.140842908e-07,0.04945434051
1207.0,3.032624619e-06,4.441877369e-08,5.575717318e-06,1.262264846e-07,3.272199704e-06,2.321983884e-08,3.424517097e-05,9.497747812e-07,5.231408976e-07,1.602251737e-08,1.155733038e-06,5.168941937e-08,2.241459243e-05,2.292901259e-06,0.04945663341
1208.0,4.108260114e-06,5.857419687e-08,7.470637557e-06,2.063807757e-07,4.320600527e-06,1.928899938e-07,3.335533803e-05,9.762046382e-07,5.271857261e-07,1.609111795e-08,1.12958613e-06,4.710794497e-08,2.303663322e-05,1.067275263e-06,0.04945770069
1209.0,3.370714283e-06,5.055530918e-08,5.685491084e-06,1.30495411e-07,3.631842709e-06,1.433368005e-07,2.514567152e-05,9.529649609e-07,5.136455205e-07,1.541583074e-08,1.014234802e-06,4.561965893e-08,2.243867928e-05,-3.039165054e-07,0.04945739677
1210.0,3.066892771e-06,4.417199404e-08,5.608663167e-06,1.267730475e-07,3.287404402e-06,2.358881434e-08,3.326339651e-05,9.482446113e-07,5.21784407e-07,1.578996594e-08,1.152588251e-06,5.154242999e-08,2.237850095e-05,2.297188413e-06,0.04945969396
1211.0,4.070440328e-06,5.842331567e-08,7.499690439e-06,2.090332452e-07,4.317494579e-06,1.92835873e-07,3.425759687e-05,9.84051149e-07,5.245128462e-07,1.584909183e-08,1.125115622e-06,4.689304439e-08,2.322179461e-05,1.164174116e-06,0.04946085813
1212.0,3.390340418e-06,5.013870382e-08,5.681194521e-06,1.313717332e-07,3.629012428e-06,1.425232065e-07,2.392390897e-05,9.460814832e-07,5.11167382e-07,1.518779686e-08,1.010504571e-06,4.544154955e-08,2.22767145e-05,-4.122633742e-07,0.04946044587
1213.0,3.018668271e-06,4.354650357e-08,5.605039882e-06,1.28488245e-07,3.285340292e-06,2.390221037e-08,3.363209505e-05,9.469807547e-07,5.17877995e-07,1.55121437e-08,1.148045635e-06,5.125451921e-08,2.234861492e-05,2.220823767e-06,0.04946266669
1214.0,4.083072223e-06,5.807645762e-08,7.527675441e-06,2.102438911e-07,4.313057217e-06,1.92313032e-07,3.253122093e-05,9.800456523e-07,5.194591576e-07,1.557025641e-08,1.120056226e-06,4.664696255e-08,2.312729703e-05,1.149063608e-06,0.04946381576
1215.0,3.334588777e-06,4.902492734e-08,5.715262731e-06,1.330702523e-07,3.623005994e-06,1.412002099e-07,2.464224095e-05,9.414325566e-07,5.078196157e-07,1.499741095e-08,1.006516019e-06,4.521398272e-08,2.21672026e-05,-3.777594676e-07,0.049463438
1216.0,3.048383171e-06,4.354359065e-08,5.636524644e-06,1.299009767e-07,3.291505165e-06,2.406871384e-08,3.295381944e-05,9.48729209e-07,5.12607062e-07,1.520173234e-08,1.142763731e-06,5.102365714e-08,2.238991635e-05,2.21493704e-06,0.04946565293
1217.0,4.073448111e-06,5.834339707e-08,7.530829511e-06,2.111811735e-07,4.311930476e-06,1.91937528e-07,3.387491381e-05,9.761928239e-07,5.130262612e-07,1.528616306e-08,1.114468238e-06,4.636647849e-08,2.303638426e-05,9.936128654e-07,0.04946664655
1218.0,3.360050371e-06,4.799510159e-08,5.776046455e-06,1.337566863e-07,3.623864353e-06,1.406214743e-07,2.362138576e-05,9.409715088e-07,5.02972418e-07,1.478544557e-08,1.002629197e-06,4.505466866e-08,2.215635989e-05,-2.691188372e-07,0.04946637743
1219.0,3.023821166e-06,4.370848377e-08,5.665219754e-06,1.302872355e-07,3.287937712e-06,2.400997118e-08,3.336947178e-05,9.54930358e-07,5.054613134e-07,1.490706532e-08,1.138218295e-06,5.076537552e-08,2.253626301e-05,2.256448783e-06,0.04946863388
1220.0,4.087838895e-06,5.798133544e-08,7.528154085e-06,2.115337058e-07,4.30357468e-06,1.910928767e-07,3.201720796e-05,9.813112417e-07,5.062555849e-07,1.500972088e-08,1.110170102e-06,4.61833398e-08,2.31571543e-05,1.027320953e-06,0.0494696612
1221.0,3.329147891e-06,4.744196743e-08,5.73865943e-06,1.342565321e-07,3.614328214e-06,1.393687396e-07,2.473185211e-05,9.512875098e-07,4.980616564e-07,1.457421134e-08,1.000615248e-06,4.492951418e-08,2.239926143e-05,-3.234124866e-07,0.04946933779
1222.0,3.07711268e-06,4.453852211e-08,5.680448811e-06,1.30556512e-07,3.293910268e-06,2.386776779e-08,3.311523764e-05,9.545557046e-07,4.99334634e-07,1.458649009e-08,1.135680642e-06,5.066393129e-08,2.252745202e-05,2.284521703e-06,0.04947162231
1223.0,4.06586123e-06,5.750296412e-08,7.536959772e-06,2.114380189e-07,4.30290638e-06,1.902831596e-07,3.342022335e-05,9.900532149e-07,5.004409941e-07,1.474489354e-08,1.1080107e-06,4.604131032e-08,2.336342887e-05,1.133323786e-06,0.04947275563
1224.0,3.348346414e-06,4.665182806e-08,5.759423353e-06,1.336032187e-07,3.614482343e-06,1.382085207e-07,2.295542768e-05,9.433159268e-07,4.933852108e-07,1.436072424e-08,1.000534582e-06,4.495459026e-08,2.221155538e-05,-4.322730802e-07,0.04947232336
1225.0,3.050197452e-06,4.516722322e-08,5.651092628e-06,1.297702935e-07,3.286781476e-06,2.377941173e-08,3.427225167e-05,9.543508148e-07,4.940404172e-07,1.438496077e-08,1.135471905e-06,5.060876447e-08,2.252253863e-05,2.181418782e-06,0.04947450478
1226.0,4.104811477e-06,5.745734152e-08,7.540252299e-06,2.113754534e-07,4.301230602e-06,1.898853654e-07,3.282203017e-05,9.854318841e-07,4.964273035e-07,1.46017028e-08,1.108481118e-06,4.607216301e-08,2.325442812e-05,1.110591988e-06,0.04947561537
1227.0,3.316390985e-06,4.573964875e-08,5.731271437e-06,1.330975379e-07,3.610925815e-06,1.38199604e-07,2.544108226e-05,9.379179015e-07,4.911641914e-07,1.435855183e-08,1.003022136e-06,4.506436898e-08,2.208444857e-05,-3.648157891e-07,0.04947525055
1228.0,3.104639438e-06,4.638034267e-08,5.646968654e-06,1.277577748e-07,3.28762388e-06,2.355364852e-08,3.326238542e-05,9.56174085e-07,4.925743472e-07,1.43838818e-08,1.137870137e-06,5.075783856e-08,2.256564612e-05,2.183353229e-06,0.04947743391
1229.0,4.085800882e-06,5.754232261e-08,7.535077017e-06,2.094733338e-07,4.30533696e-06,1.894463928e-07,3.404047466e-05,9.817199279e-07,4.964665913e-07,1.46970238e-08,1.111597891e-06,4.620656064e-08,2.316678769e-05,9.591163145e-07,0.04947839302
1230.0,3.346562092e-06,4.508208067e-08,5.752325324e-06,1.327630735e-07,3.617028536e-06,1.3807964e-07,2.415104903e-05,9.368065999e-07,4.938821412e-07,1.45974657e-08,1.008097532e-06,4.534058392e-08,2.205822357e-05,-2.841457556e-07,0.04947810888
1231.0,3.09861733e-06,4.797117548e-08,5.607790651e-06,1.270345378e-07,3.280323474e-06,2.33072935e-08,3.449392147e-05,9.622988704e-07,4.952826002e-07,1.465045374e-08,1.142440355e-06,5.094279778e-08,2.271020396e-05,2.241789754e-06,0.04948035067
1232.0,4.115531769e-06,5.752378375e-08,7.495342048e-06,2.085213275e-07,4.300682915e-06,1.891789405e-07,3.287830162e-05,9.872590147e-07,5.013341478e-07,1.502468348e-08,1.116641126e-06,4.64450142e-08,2.329746326e-05,1.007722787e-06,0.04948135839
1233.0,3.316133696e-06,4.507544159e-08,5.688078184e-06,1.316664342e-07,3.611841607e-06,1.383924033e-07,2.561834378e-05,9.455586068e-07,5.018008839e-07,1.503570133e-08,1.014491978e-06,4.563766651e-08,2.226427625e-05,-3.453544221e-07,0.04948101304
1234.0,3.153464936e-06,4.972899936e-08,5.603312369e-06,1.254207467e-07,3.281982316e-06,2.318286386e-08,3.334339152e-05,9.607457327e-07,5.02325773e-07,1.502045308e-08,1.147486581e-06,5.120854219e-08,2.267352932e-05,2.263319763e-06,0.04948327636
1235.0,4.083207293e-06,5.750209521e-08,7.471368346e-06,2.076112085e-07,4.300945097e-06,1.892583374e-07,3.417486948e-05,9.95306269e-07,5.079536584e-07,1.540572741e-08,1.12124805e-06,4.664500416e-08,2.348732118e-05,1.111018133e-06,0.04948438737
1236.0,3.337404136e-06,4.478450956e-08,5.673880034e-06,1.310373292e-07,3.614236969e-06,1.390605307e-07,2.413401531e-05,9.398186059e-07,5.094662141e-07,1.545732923e-08,1.019810849e-06,4.594867147e-08,2.2129196e-05,-4.429299957e-07,0.04948394444
1237.0,3.125821074e-06,5.057733783e-08,5.568540013e-06,1.241472464e-07,3.272658835e-06,2.310473793e-08,3.431149548e-05,9.588963804e-07,5.081185779e-07,1.534208902e-08,1.151274099e-06,5.136655034e-08,2.262983031e-05,2.180132317e-06,0.04948612458
1238.0,4.106569711e-06,5.767187344e-08,7.491519022e-06,2.071870731e-07,4.303232509e-06,1.898007401e-07,3.310009705e-05,9.899779149e-07,5.132733645e-07,1.570417702e-08,1.124960092e-06,4.680480284e-08,2.336160898e-05,1.113810621e-06,0.04948723839
1239.0,3.294574499e-06,4.444412493e-08,5.672787956e-06,1.304975549e-07,3.619550372e-06,1.404917469e-07,2.467778831e-05,9.337643908e-07,5.15284564e-07,1.57497205e-08,1.023229909e-06,4.613996745e-08,2.198657677e-05,-3.887425086e-07,0.04948684964
1240.0,3.157244865e-06,5.141514914e-08,5.570361004e-06,1.23858661e-07,3.271154872e-06,2.300442829e-08,3.294637483e-05,9.593811777e-07,5.12892021e-07,1.552314662e-08,1.153037948e-06,5.147447526e-08,2.264126848e-05,2.173575082e-06,0.04948902322
1241.0,4.081422847e-06,5.780617948e-08,7.451387364e-06,2.07285341e-07,4.306075908e-06,1.901526317e-07,3.363089756e-05,9.831522913e-07,5.166006191e-07,1.581511403e-08,1.1258735e-06,4.685702614e-08,2.320046836e-05,9.765084315e-07,0.04948999973
1242.0,3.323509806e-06,4.440062675e-08,5.661578114e-06,1.308149531e-07,3.628648108e-06,1.419573593e-07,2.400316981e-05,9.328078597e-07,5.177596912e-07,1.582653732e-08,1.023512413e-06,4.620663791e-08,2.19640579e-05,-2.891596294e-07,0.04948971057
1243.0,3.128932897e-06,5.22210434e-08,5.564719352e-06,1.239706929e-07,3.262910337e-06,1.627369835e-07,3.361012538e-05,9.626056685e-07,5.11801053e-07,1.545696971e-08,1.150435687e-06,5.136494981e-08,2.271733823e-05,2.23130905e-06,0.04949194188
1244.0,4.088671644e-06,5.751292964e-08,7.468565522e-06,2.078325625e-07,4.297343269e-06,1.897279544e-07,3.199723398e-05,9.89469141e-07,5.155481109e-07,1.572902703e-08,1.123558976e-06,4.676472948e-08,2.334955352e-05,1.009153288e-06,0.04949295103
1245.0,3.290033225e-06,4.4629752e-08,5.657493917e-06,1.316270683e-07,3.635400151e-06,1.434707366e-07,2.493513507e-05,9.446308232e-07,5.163645765e-07,1.570526305e-08,1.020448916e-06,4.612203909e-08,2.224240892e-05,-3.908829448e-07,0.04949256015
1246.0,3.161645725e-06,5.271250071e-08,5.573124503e-06,1.240387303e-07,3.272223797e-06,2.308571538e-08,3.280735214e-05,9.591899915e-07,5.120102066e-07,1.53631132e-08,1.148093174e-06,5.127651364e-08,2.263669211e-05,2.272317211e-06,0.04949483246
1247.0,4.065092168e-06,5.71340155e-08,7.467966037e-06,2.092951262e-07,4.310626947e-06,1.906503383e-07,3.374412388e-05,9.942482512e-07,5.1481124e-07,1.553451592e-08,1.120568595e-06,4.660803722e-08,2.346234833e-05,1.150415362e-06,0.04949598288
1248.0,3.316949695e-06,4.445245203e-08,5.69670144e-06,1.330669549e-07,3.637938077e-06,1.442883538e-07,2.314732418e-05,9.369146122e-07,5.14445202e-07,1.545020972e-08,1.016565425e-06,4.589497142e-08,2.20606659e-05,-4.470830177e-07,0.0494955358
1249.0,3.125835519e-06,5.242630716e-08,5.635091775e-06,1.269289937e-07,3.257118163e-06,1.623326602e-07,3.354743565e-05,9.542952966e-07,5.076827235e-07,1.508733727e-08,1.142179455e-06,5.098329268e-08,2.252115661e-05,2.17980981e-06,0.04949771561
1250.0,4.069574723e-06,5.65603076e-08,7.487686408e-06,2.092940266e-07,4.301858797e-06,1.902435539e-07,3.210571146e-05,9.895194502e-07,5.100642435e-07,1.524005943e-08,1.115455754e-06,4.630589029e-08,2.335076969e-05,1.121000625e-06,0.04949883661
1251.0,3.285312114e-06,4.436161273e-08,5.717064393e-06,1.345579289e-07,3.639608274e-06,1.452530194e-07,2.539698049e-05,9.328228509e-07,5.083432239e-07,1.510704209e-08,1.010369685e-06,4.559672598e-08,2.196430714e-05,-3.798380399e-07,0.04949845677
1252.0,3.15557237e-06,5.194055405e-08,5.64290341e-06,1.274647611e-07,3.26638861e-06,1.62973657e-07,3.37088125e-05,9.525777749e-07,5.026254845e-07,1.484551112e-08,1.136704206e-06,5.070484736e-08,2.248067911e-05,2.174763218e-06,0.04950063153
1253.0,4.054796572e-06,5.652801361e-08,7.527228664e-06,2.119494264e-07,4.307531938e-06,1.90817319e-07,3.499849822e-05,9.80556231e-07,5.048708237e-07,1.494535203e-08,1.110205715e-06,4.606349693e-08,2.313920291e-05,9.81049077e-07,0.04950161258
1254.0,3.317470452e-06,4.409527192e-08,5.741023078e-06,1.348376608e-07,3.651238235e-06,1.462793509e-07,2.403213154e-05,9.336426433e-07,5.011584429e-07,1.475932964e-08,1.004250231e-06,4.524478642e-08,2.198365049e-05,-2.73262317e-07,0.04950133932
1255.0,3.10484855e-06,5.124600136e-08,5.626780967e-06,1.27148492e-07,3.255759498e-06,1.613294489e-07,3.35283411e-05,9.562214122e-07,4.964578657e-07,1.45905292e-08,1.131192109e-06,5.04393274e-08,2.25666695e-05,2.253004136e-06,0.04950359232
1256.0,4.063411169e-06,5.575134238e-08,7.536186684e-06,2.109291184e-07,4.302224719e-06,1.898949252e-07,3.205889594e-05,9.846478897e-07,4.989321617e-07,1.468821502e-08,1.106083148e-06,4.579758617e-08,2.323573341e-05,1.054247449e-06,0.04950464657
1257.0,3.287292098e-06,4.450508688e-08,5.754972415e-06,1.356285507e-07,3.641651176e-06,1.457189555e-07,2.479672536e-05,9.438947285e-07,4.942623943e-07,1.439917801e-08,9.987013485e-07,4.498523692e-08,2.222501095e-05,-3.439447047e-07,0.04950430263
1258.0,3.137118231e-06,5.085549237e-08,5.648050222e-06,1.281587295e-07,3.254153217e-06,1.608044563e-07,3.240086163e-05,9.518871219e-07,4.912861782e-07,1.43382878e-08,1.127845412e-06,5.02403906e-08,2.246436924e-05,2.284685511e-06,0.04950658731
1259.0,4.037073082e-06,5.546242124e-08,7.534286133e-06,2.105205924e-07,4.299054597e-06,1.893765368e-07,3.387861413e-05,9.907575069e-07,4.933704998e-07,1.439839973e-08,1.103394773e-06,4.568845479e-08,2.33798845e-05,1.164352367e-06,0.04950775166
1260.0,3.334387689e-06,4.509472678e-08,5.735698943e-06,1.356720011e-07,3.641273675e-06,1.453321222e-07,2.367537825e-05,9.376245678e-07,4.873646574e-07,1.406697626e-08,9.960108522e-07,4.477519019e-08,2.207745444e-05,-4.316015926e-07,0.04950732006
1261.0,3.110947542e-06,4.988081807e-08,5.654468544e-06,1.288103294e-07,3.256353497e-06,1.61261703e-07,3.57712791e-05,9.465132461e-07,4.862232212e-07,1.411412391e-08,1.126684793e-06,5.017994531e-08,2.233750353e-05,2.18947535e-06,0.04950950954
1262.0,4.083665469e-06,5.551966415e-08,7.549667318e-06,2.098019667e-07,4.309924166e-06,1.899622148e-07,3.330169148e-05,9.833311676e-07,4.894496051e-07,1.421930465e-08,1.103826795e-06,4.564204204e-08,2.320471573e-05,1.15635953e-06,0.0495106659
1263.0,3.305158798e-06,4.527619574e-08,5.693718824e-06,1.335582722e-07,3.639768955e-06,1.445607514e-07,2.472560555e-05,9.351015139e-07,4.833067911e-07,1.387004013e-08,9.955436044e-07,4.474827678e-08,2.201798006e-05,-3.468881239e-07,0.04951031901
1264.0,3.115755178e-06,4.856788464e-08,5.636190506e-06,1.274558083e-07,3.252240797e-06,1.598188107e-07,3.346641066e-05,9.461959836e-07,4.838957457e-07,1.405579396e-08,1.128496485e-06,5.024427435e-08,2.23300747e-05,2.21622643e-06,0.04951253524
1265.0,4.057766579e-06,5.581674707e-08,7.539938649e-06,2.086500776e-07,4.305036099e-06,1.896911377e-07,3.374365758e-05,9.763172461e-07,4.891063443e-07,1.425678444e-08,1.106358926e-06,4.582367357e-08,2.30391544e-05,1.025764581e-06,0.049513561
1266.0,3.350648148e-06,4.618857031e-08,5.674656297e-06,1.322961283e-07,3.639600382e-06,1.444656153e-07,2.330206167e-05,9.357819653e-07,4.831833296e-07,1.391729381e-08,9.986591047e-07,4.483594073e-08,2.203405144e-05,-2.576761527e-07,0.04951330332
1267.0,3.088503739e-06,4.791071348e-08,5.607172991e-06,1.260784931e-07,3.248750582e-06,1.596670539e-07,3.516444041e-05,9.493141171e-07,4.868363165e-07,1.43016834e-08,1.133206448e-06,5.050915181e-08,2.240358577e-05,2.272240378e-06,0.04951557556
1268.0,4.092813367e-06,5.606475876e-08,7.486693136e-06,2.06973093e-07,4.302603716e-06,1.895972105e-07,3.247725917e-05,9.805344064e-07,4.946496415e-07,1.462248527e-08,1.112412272e-06,4.607006322e-08,2.313874698e-05,1.075081318e-06,0.04951665065
1269.0,3.347205129e-06,4.737451337e-08,5.639696629e-06,1.312286289e-07,3.637084313e-06,1.441100827e-07,2.574706092e-05,9.476952891e-07,4.895200937e-07,1.429540455e-08,1.003848206e-06,4.509020918e-08,2.231455465e-05,-3.224364159e-07,0.04951632821
1270.0,3.119329683e-06,4.717430611e-08,5.593519793e-06,1.249014037e-07,3.259723252e-06,1.606425993e-07,3.422773776e-05,9.454643462e-07,4.962497465e-07,1.478394776e-08,1.140295534e-06,5.082534656e-08,2.231280608e-05,2.300315357e-06,0.04951862852
1271.0,4.061235184e-06,5.599152952e-08,7.455428133e-06,2.049020543e-07,4.30415855e-06,1.897544399e-07,3.39120618e-05,9.857781424e-07,5.042295245e-07,1.51208437e-08,1.118564632e-06,4.641179339e-08,2.326245197e-05,1.18135536e-06,0.04951980988
1272.0,3.377930009e-06,4.811316426e-08,5.621610854e-06,1.290263898e-07,3.632892002e-06,1.432946064e-07,2.333605836e-05,9.427093677e-07,4.980107271e-07,1.475822186e-08,1.009497124e-06,4.532333647e-08,2.219717428e-05,-4.021891848e-07,0.04951940769
1273.0,3.070583354e-06,4.588412104e-08,5.594256494e-06,1.235319866e-07,3.261352926e-06,1.61812232e-07,3.487980478e-05,9.41647692e-07,5.054926834e-07,1.529235948e-08,1.146683333e-06,5.116815771e-08,2.222271912e-05,2.208234122e-06,0.04952161592
1274.0,4.103818175e-06,5.642738851e-08,7.454997043e-06,2.042248505e-07,4.308914972e-06,1.905265862e-07,3.354684839e-05,9.806139598e-07,5.134037753e-07,1.560185409e-08,1.124754494e-06,4.668371206e-08,2.314066329e-05,1.174465237e-06,0.04952279039
1275.0,3.365044886e-06,4.861092453e-08,5.61524775e-06,1.2801023e-07,3.632854655e-06,1.434475485e-07,2.547832909e-05,9.384166682e-07,5.064794749e-07,1.518115416e-08,1.014170822e-06,4.556255546e-08,2.209608173e-05,-3.459390065e-07,0.04952244445
1276.0,3.085414491e-06,4.517186451e-08,5.546936907e-06,1.227702189e-07,3.269446852e-06,1.63361741e-07,3.305852265e-05,9.418949501e-07,5.143263433e-07,1.570493421e-08,1.151891536e-06,5.142606939e-08,2.222861325e-05,2.209530248e-06,0.04952465398
1277.0,4.067607622e-06,5.71084784e-08,7.415285083e-06,2.046389479e-07,4.305171073e-06,1.907944544e-07,3.407461188e-05,9.728079761e-07,5.212868032e-07,1.594876313e-08,1.128323008e-06,4.692554925e-08,2.29563761e-05,1.016821373e-06,0.0495256708
1278.0,3.38297745e-06,4.868792834e-08,5.602374825e-06,1.273288185e-07,3.634976172e-06,1.432527402e-07,2.403946115e-05,9.396055707e-07,5.127800189e-07,1.545050617e-08,1.017072125e-06,4.567671289e-08,2.212416922e-05,-2.359490234e-07,0.04952543485
1279.0,3.045379305e-06,4.468674071e-08,5.513162514e-06,1.218060561e-07,3.273812157e-06,2.309319694e-08,3.526632808e-05,9.476504378e-07,5.219659495e-07,1.602145359e-08,1.155906081e-06,5.165739964e-08,2.236445664e-05,2.286991315e-06,0.04952772184
1280.0,4.102080042e-06,5.749287632e-08,7.443737567e-06,2.046438216e-07,4.321538133e-06,1.921689011e-07,3.333622646e-05,9.767754983e-07,5.2721674e-07,1.617373497e-08,1.130910668e-06,4.707293271e-08,2.305006595e-05,1.088592015e-06,0.04952881044
1281.0,3.366663395e-06,4.951625978e-08,5.636720888e-06,1.284905538e-07,3.63360574e-06,1.432885473e-07,2.509005611e-05,9.510220485e-07,5.170703152e-07,1.559307614e-08,1.017940904e-06,4.575446382e-08,2.239289055e-05,-2.946500037e-07,0.04952851579
1282.0,3.074423539e-06,4.481402439e-08,5.540459454e-06,1.242549027e-07,3.273699508e-06,2.320281095e-08,3.330749366e-05,9.474753261e-07,5.255706431e-07,1.608112559e-08,1.156077879e-06,5.170504003e-08,2.236032924e-05,2.324224767e-06,0.04953084001
1283.0,4.066073517e-06,5.759777667e-08,7.467293389e-06,2.059312189e-07,4.317892392e-06,1.927048612e-07,3.437388941e-05,9.83475578e-07,5.288896903e-07,1.614542049e-08,1.129330976e-06,4.707589729e-08,2.32081555e-05,1.17753064e-06,0.04953201754
1284.0,3.391956579e-06,4.997880714e-08,5.626426304e-06,1.294557419e-07,3.629544486e-06,1.429374739e-07,2.376583177e-05,9.454425955e-07,5.170295277e-07,1.551663271e-08,1.016024874e-06,4.568483708e-08,2.226165271e-05,-3.913331064e-07,0.04953162621
1285.0,3.023576521e-06,4.406218149e-08,5.538374303e-06,1.255012713e-07,3.277463338e-06,2.352939721e-08,3.440536926e-05,9.453646278e-07,5.248281567e-07,1.591611853e-08,1.153556874e-06,5.155402713e-08,2.231043468e-05,2.21990018e-06,0.04953384611
1286.0,4.095907709e-06,5.793089276e-08,7.49796224e-06,2.083160598e-07,4.320558062e-06,1.933473195e-07,3.362713498e-05,9.800154011e-07,5.2700243e-07,1.593331677e-08,1.125845827e-06,4.690082068e-08,2.31265576e-05,1.162819525e-06,0.04953500893
1287.0,3.345050673e-06,4.922270851e-08,5.64339311e-06,1.294151664e-07,3.629457482e-06,1.424322754e-07,2.480611908e-05,9.393609785e-07,5.153235771e-07,1.532709318e-08,1.012593236e-06,4.550777577e-08,2.211845233e-05,-3.340240626e-07,0.0495346749
1288.0,3.037839479e-06,4.332686964e-08,5.57556266e-06,1.257575791e-07,3.285618906e-06,2.371784067e-08,3.261703606e-05,9.470052803e-07,5.221056256e-07,1.56099254e-08,1.148919499e-06,5.130846149e-08,2.234919656e-05,2.223412693e-06,0.04953689832
1289.0,4.066207672e-06,5.819728868e-08,7.524232442e-06,2.098790867e-07,4.314261524e-06,1.926977053e-07,3.385917496e-05,9.751333244e-07,5.228116373e-07,1.56495279e-08,1.120198359e-06,4.661212871e-08,2.301137427e-05,1.003393083e-06,0.04953790171
1290.0,3.358012066e-06,4.841998356e-08,5.693095252e-06,1.308018432e-07,3.625102093e-06,1.414791869e-07,2.320108484e-05,9.413743709e-07,5.117786918e-07,1.509022783e-08,1.008202101e-06,4.527631936e-08,2.216579727e-05,-2.738056511e-07,0.0495376279
1291.0,3.013020367e-06,4.324154242e-08,5.595201139e-06,1.279058335e-07,3.282213888e-06,2.395434574e-08,3.386651794e-05,9.532276704e-07,5.155641872e-07,1.528306231e-08,1.142996791e-06,5.09454593e-08,2.249610182e-05,2.274746056e-06,0.04953990265
1292.0,4.08943567e-06,5.799501685e-08,7.537987221e-06,2.108713717e-07,4.311504221e-06,1.921368732e-07,3.249731341e-05,9.805593606e-07,5.157378132e-07,1.533029982e-08,1.114137928e-06,4.628874677e-08,2.313942564e-05,1.053210088e-06,0.04954095586
1293.0,3.328878078e-06,4.813779706e-08,5.683588807e-06,1.321253032e-07,3.617508524e-06,1.403118335e-07,2.436633713e-05,9.520707223e-07,5.067238837e-07,1.487930496e-08,1.0033102e-06,4.499972103e-08,2.241763183e-05,-3.465611118e-07,0.0495406093
1294.0,3.045731672e-06,4.334199587e-08,5.615494798e-06,1.28698488e-07,3.2891923e-06,2.400837406e-08,3.256190804e-05,9.523243388e-07,5.082376464e-07,1.492302942e-08,1.137180723e-06,5.065150697e-08,2.247481874e-05,2.286955119e-06,0.04954289626
1295.0,4.044358575e-06,5.728721714e-08,7.526529915e-06,2.120575794e-07,4.305592567e-06,1.913195902e-07,3.375942112e-05,9.877338962e-07,5.081892277e-07,1.500374062e-08,1.108225191e-06,4.596024941e-08,2.330871992e-05,1.130417891e-06,0.04954402667
1296.0,3.349896846e-06,4.736480869e-08,5.723647392e-06,1.328138228e-07,3.617181797e-06,1.392447747e-07,2.323094726e-05,9.450814635e-07,5.00963785e-07,1.459788134e-08,9.996656325e-07,4.480620276e-08,2.225312949e-05,-4.370971914e-07,0.04954358958
1297.0,3.008300826e-06,4.331241856e-08,5.605687883e-06,1.285253174e-07,3.287413527e-06,2.396271676e-08,3.339460939e-05,9.513845547e-07,5.002075707e-07,1.455116321e-08,1.133031558e-06,5.03757017e-08,2.2452571e-05,2.202000991e-06,0.04954579158
1298.0,4.090280107e-06,5.73250896e-08,7.581024747e-06,2.117405821e-07,4.31054112e-06,1.90976843e-07,3.3507475e-05,9.842775772e-07,5.006536701e-07,1.465585496e-08,1.104618728e-06,4.57513057e-08,2.322716737e-05,1.136498414e-06,0.04954692808
1299.0,3.315151383e-06,4.63545109e-08,5.727417814e-06,1.327583614e-07,3.613433069e-06,1.384946856e-07,2.446817404e-05,9.383597979e-07,4.950926812e-07,1.434128492e-08,9.982654217e-07,4.469412637e-08,2.209484086e-05,-3.733664774e-07,0.04954655471
1300.0,3.059537143e-06,4.397651938e-08,5.619898323e-06,1.284194937e-07,3.287644761e-06,2.381430893e-08,3.215354163e-05,9.535332243e-07,4.937438585e-07,1.42056128e-08,1.131162658e-06,5.027830005e-08,2.250332638e-05,2.184961582e-06,0.04954873967
1301.0,4.073978424e-06,5.737264932e-08,7.54167196e-06,2.112391723e-07,4.30184563e-06,1.900484093e-07,3.4196355e-05,9.797096931e-07,4.947715347e-07,1.437081415e-08,1.103131276e-06,4.563395705e-08,2.311933739e-05,9.726613477e-07,0.04954971233
1302.0,3.337393225e-06,4.555294225e-08,5.741891527e-06,1.328656393e-07,3.614567546e-06,1.379360157e-07,2.330986841e-05,9.380099518e-07,4.903072932e-07,1.413866009e-08,9.990554433e-07,4.475747433e-08,2.208664097e-05,-2.644577364e-07,0.04954944787
1303.0,3.055623575e-06,4.546013171e-08,5.612341786e-06,1.278820089e-07,3.281923713e-06,2.356136044e-08,3.406806998e-05,9.608279302e-07,4.890447742e-07,1.403448884e-08,1.131936998e-06,5.027420431e-08,2.267545132e-05,2.255253056e-06,0.04955170313
1304.0,4.105355493e-06,5.734429487e-08,7.509327086e-06,2.094240858e-07,4.299515217e-06,1.891922589e-07,3.273112304e-05,9.863741373e-07,4.917374377e-07,1.428160946e-08,1.105197051e-06,4.573075343e-08,2.32766407e-05,1.023912409e-06,0.04955272704
1305.0,3.313239342e-06,4.568136627e-08,5.690300073e-06,1.326086509e-07,3.609980915e-06,1.37695466e-07,2.538244949e-05,9.48180005e-07,4.902250611e-07,1.424228815e-08,1.0033869e-06,4.496324776e-08,2.232602434e-05,-3.562932936e-07,0.04955237075
1306.0,3.105272258e-06,4.693384375e-08,5.586092611e-06,1.266643792e-07,3.281617352e-06,2.347860398e-08,3.289293442e-05,9.590685684e-07,4.906448453e-07,1.418569783e-08,1.136401726e-06,5.051744141e-08,2.263395713e-05,2.276747134e-06,0.04955464749
1307.0,4.06329375e-06,5.706725573e-08,7.483174767e-06,2.079983479e-07,4.297195855e-06,1.887592631e-07,3.414056141e-05,9.939171529e-07,4.952001203e-07,1.454292173e-08,1.110154748e-06,4.594894406e-08,2.345461999e-05,1.116567926e-06,0.04955576406
1308.0,3.332135553e-06,4.495119629e-08,5.690016376e-06,1.307214769e-07,3.61332931e-06,1.37542324e-07,2.352776475e-05,9.421607299e-07,4.97129435e-07,1.467228007e-08,1.010192414e-06,4.533779184e-08,2.218434063e-05,-4.38563191e-07,0.0495553255
1309.0,3.085190996e-06,4.780840767e-08,5.55473332e-06,1.240658034e-07,3.27966935e-06,2.32899515e-08,3.411329658e-05,9.576273967e-07,4.96757917e-07,1.461248908e-08,1.142352962e-06,5.078565035e-08,2.259995315e-05,2.183451363e-06,0.04955750895
1310.0,4.101301272e-06,5.699170847e-08,7.48466023e-06,2.069644589e-07,4.301003421e-06,1.889942131e-07,3.373511435e-05,9.885399215e-07,5.022170088e-07,1.500173664e-08,1.116564617e-06,4.626093482e-08,2.332772204e-05,1.106769482e-06,0.04955861572
1311.0,3.300091008e-06,4.438348238e-08,5.659130246e-06,1.299535809e-07,3.612603034e-06,1.382322887e-07,2.481717974e-05,9.349386284e-07,5.061405458e-07,1.51976671e-08,1.017258255e-06,4.569875877e-08,2.201426411e-05,-3.7763098e-07,0.04955823809
1312.0,3.123636675e-06,4.887373912e-08,5.520486079e-06,1.228647367e-07,3.273234137e-06,2.320035018e-08,3.211743892e-05,9.584548304e-07,5.049860667e-07,1.50602881e-08,1.14819385e-06,5.111700596e-08,2.261942508e-05,2.187035213e-06,0.04956042512
1313.0,4.069017803e-06,5.707706014e-08,7.426399655e-06,2.057402229e-07,4.296815225e-06,1.890287496e-07,3.380433296e-05,9.825554378e-07,5.101163719e-07,1.541810541e-08,1.12214969e-06,4.652592659e-08,2.318642409e-05,9.673401738e-07,0.04956139246
1314.0,3.316056356e-06,4.408258974e-08,5.628018922e-06,1.290441301e-07,3.617986357e-06,1.392899816e-07,2.372980854e-05,9.348529681e-07,5.143555179e-07,1.562245984e-08,1.022950693e-06,4.603649526e-08,2.201229898e-05,-2.967685537e-07,0.04956109569
1315.0,3.105677299e-06,5.007620786e-08,5.4943064e-06,1.220576931e-07,3.268522837e-06,2.30554088e-08,3.417587266e-05,9.636592507e-07,5.120337171e-07,1.542295596e-08,1.152331622e-06,5.133209676e-08,2.274225214e-05,2.235484234e-06,0.04956333118
1316.0,4.091726968e-06,5.701695765e-08,7.438978432e-06,2.049918216e-07,4.302827996e-06,1.89639668e-07,3.263192205e-05,9.880449403e-07,5.161079235e-07,1.573150815e-08,1.126144813e-06,4.673582819e-08,2.33159675e-05,1.021102254e-06,0.04956435228
1317.0,3.281416924e-06,4.418804392e-08,5.603469977e-06,1.283321094e-07,3.623125041e-06,1.40595903e-07,2.512853213e-05,9.438623055e-07,5.198709862e-07,1.589866477e-08,1.025731047e-06,4.623944605e-08,2.222434658e-05,-3.578756401e-07,0.04956399441
1318.0,3.152615422e-06,5.119005814e-08,5.530366399e-06,1.213575111e-07,3.27562218e-06,2.297662137e-08,3.427773401e-05,9.605809476e-07,5.169507341e-07,1.562028513e-08,1.154169858e-06,5.149331502e-08,2.266958207e-05,2.267197366e-06,0.0495662616
1319.0,4.056860856e-06,5.679638724e-08,7.420760428e-06,2.053205278e-07,4.305949747e-06,1.89818368e-07,3.396715377e-05,9.94158624e-07,5.198157718e-07,1.584577813e-08,1.127141681e-06,4.683206134e-08,2.346030273e-05,1.121310617e-06,0.04956738291
1320.0,3.314195888e-06,4.404012718e-08,5.621291527e-06,1.289326216e-07,3.632422255e-06,1.418423876e-07,2.365821094e-05,9.377926171e-07,5.219767136e-07,1.593959406e-08,1.025660909e-06,4.630710056e-08,2.208139483e-05,-4.530234307e-07,0.04956692989
1321.0,3.107864829e-06,5.093097075e-08,5.508392448e-06,1.217180145e-07,3.261246471e-06,1.624428483e-07,3.373783021e-05,9.559064999e-07,5.160691584e-07,1.556431085e-08,1.151668421e-06,5.142071447e-08,2.255921489e-05,2.182496696e-06,0.04956911239
1322.0,4.066978957e-06,5.648195731e-08,7.438745391e-06,2.060636863e-07,4.29861357e-06,1.894923034e-07,3.253564164e-05,9.905422606e-07,5.187658645e-07,1.575735462e-08,1.125208192e-06,4.677082579e-08,2.337495302e-05,1.111846737e-06,0.04957022423
1323.0,3.273122784e-06,4.385421469e-08,5.614640866e-06,1.29241314e-07,3.632215904e-06,1.429652364e-07,2.536349784e-05,9.341464587e-07,5.201634508e-07,1.578499309e-08,1.022599851e-06,4.6226073e-08,2.199548154e-05,-3.985297961e-07,0.0495698257
1324.0,3.118058819e-06,5.074899275e-08,5.503913809e-06,1.216172039e-07,3.261721128e-06,2.293863131e-08,3.235168717e-05,9.561126815e-07,5.159408683e-07,1.546833757e-08,1.149267446e-06,5.134925617e-08,2.256415638e-05,2.183238627e-06,0.04957200894
1325.0,4.046558929e-06,5.645393079e-08,7.462280966e-06,2.088580264e-07,4.309341585e-06,1.906618615e-07,3.47026898e-05,9.803013908e-07,5.175985355e-07,1.556937718e-08,1.122420401e-06,4.664326475e-08,2.313317317e-05,9.82456353e-07,0.0495729914
1326.0,3.298446958e-06,4.353166679e-08,5.648853107e-06,1.312232863e-07,3.63746009e-06,1.439566074e-07,2.391236193e-05,9.328050677e-07,5.175834375e-07,1.550220564e-08,1.018439437e-06,4.598513022e-08,2.196395473e-05,-2.770161083e-07,0.04957271438
1327.0,3.09799183e-06,5.099409983e-08,5.544630802e-06,1.238537592e-07,3.25334472e-06,1.607837376e-07,3.438247131e-05,9.589611502e-07,5.106379285e-07,1.518711344e-08,1.142993997e-06,5.104205098e-08,2.263137281e-05,2.244576947e-06,0.04957495896
1328.0,4.061774208e-06,5.561926488e-08,7.486197531e-06,2.074488984e-07,4.303516296e-06,1.896465906e-07,3.283435659e-05,9.86005574e-07,5.119796462e-07,1.527682546e-08,1.116842632e-06,4.63438194e-08,2.326781278e-05,1.020942841e-06,0.0495759799
1329.0,3.268344392e-06,4.342014169e-08,5.676233637e-06,1.313904565e-07,3.641565276e-06,1.440065934e-07,2.450671213e-05,9.443465876e-07,5.104288856e-07,1.513351836e-08,1.011163704e-06,4.564919952e-08,2.223571105e-05,-3.502657397e-07,0.04957562964
1330.0,3.122187777e-06,5.048253161e-08,5.543210564e-06,1.236300504e-07,3.252660679e-06,1.606432698e-07,3.292444343e-05,9.549263764e-07,5.045610492e-07,1.490253853e-08,1.136798985e-06,5.072965394e-08,2.253609764e-05,2.271801846e-06,0.04957790144
1331.0,4.027776551e-06,5.514015989e-08,7.513274471e-06,2.094423242e-07,4.300116865e-06,1.892056352e-07,3.507034307e-05,9.932998732e-07,5.056160441e-07,1.496575485e-08,1.110723058e-06,4.607786458e-08,2.343991786e-05,1.14531046e-06,0.04957904675
1332.0,3.299389173e-06,4.340402527e-08,5.667289056e-06,1.325734019e-07,3.63789776e-06,1.441610059e-07,2.2941809e-05,9.379424851e-07,5.016355053e-07,1.474356047e-08,1.003869926e-06,4.524276473e-08,2.208493815e-05,-4.376959845e-07,0.04957860905
1333.0,3.067652261e-06,4.959183276e-08,5.535708335e-06,1.248748314e-07,3.244075145e-06,1.602183525e-07,3.387660427e-05,9.499265385e-07,4.965941116e-07,1.459164059e-08,1.13033161e-06,5.04230983e-08,2.241806109e-05,2.19542181e-06,0.04958080447
1334.0,4.035947632e-06,5.447311364e-08,7.492036094e-06,2.086245048e-07,4.297380363e-06,1.882054628e-07,3.302578362e-05,9.857999407e-07,4.974968801e-07,1.46385635e-08,1.105359957e-06,4.575217758e-08,2.32630149e-05,1.148857017e-06,0.04958195333
1335.0,3.256095208e-06,4.333720424e-08,5.650223796e-06,1.317312491e-07,3.632321996e-06,1.435151307e-07,2.445543472e-05,9.336061159e-07,4.921041178e-07,1.431043106e-08,9.969776584e-07,4.489416517e-08,2.198282389e-05,-3.711931772e-07,0.04958158214
1336.0,3.098521708e-06,4.870627471e-08,5.57419493e-06,1.250232069e-07,3.24925438e-06,1.596521246e-07,3.362086057e-05,9.485400285e-07,4.88453062e-07,1.423805561e-08,1.125152029e-06,5.011918129e-08,2.23853606e-05,2.199677614e-06,0.04958378182
1337.0,4.0296081e-06,5.440091628e-08,7.51476247e-06,2.080140696e-07,4.29901627e-06,1.87851925e-07,3.448476485e-05,9.786727703e-07,4.893813847e-07,1.425234071e-08,1.100716519e-06,4.555126325e-08,2.309476767e-05,1.005355909e-06,0.04958478717
1338.0,3.301948594e-06,4.358990245e-08,5.644992831e-06,1.313441747e-07,3.633990565e-06,1.42986459e-07,2.334915081e-05,9.341959944e-07,4.822841452e-07,1.386959814e-08,9.919558451e-07,4.457144151e-08,2.199675451e-05,-2.569654542e-07,0.04958453021
1339.0,3.062213986e-06,4.79353429e-08,5.552346137e-06,1.243983653e-07,3.235015465e-06,1.57757843e-07,3.400556392e-05,9.529189615e-07,4.79530985e-07,1.386918918e-08,1.121298871e-06,4.993681486e-08,2.248869581e-05,2.275868768e-06,0.04958680608
1340.0,4.050731018e-06,5.437417042e-08,7.467633446e-06,2.066802015e-07,4.290502868e-06,1.868225608e-07,3.226109675e-05,9.828515798e-07,4.814690303e-07,1.393662802e-08,1.098214768e-06,4.538862696e-08,2.319338661e-05,1.067355525e-06,0.04958787343
1341.0,3.28238089e-06,4.474505707e-08,5.6015442e-06,1.306165297e-07,3.625199366e-06,1.420729522e-07,2.474362879e-05,9.45544488e-07,4.743498214e-07,1.352214223e-08,9.886297259e-07,4.442595791e-08,2.226388136e-05,-3.214683396e-07,0.04958755196
1342.0,3.084624834e-06,4.716985202e-08,5.523300866e-06,1.232219427e-07,3.236052288e-06,1.57005098e-07,3.286720242e-05,9.490485803e-07,4.729360205e-07,1.363236995e-08,1.12028872e-06,4.986806384e-08,2.239743305e-05,2.306044215e-06,0.04958985801
1343.0,4.009610227e-06,5.428335804e-08,7.417074088e-06,2.047571848e-07,4.285861765e-06,1.861967297e-07,3.341505351e-05,9.880656153e-07,4.766051296e-07,1.37844485e-08,1.097850224e-06,4.542663486e-08,2.331643007e-05,1.17280419e-06,0.04959103081
1344.0,3.33109512e-06,4.545345478e-08,5.584653937e-06,1.281664219e-07,3.623561664e-06,1.413308886e-07,2.337538571e-05,9.396343957e-07,4.694097203e-07,1.338832941e-08,9.889931008e-07,4.437621861e-08,2.2124764e-05,-4.083852722e-07,0.04959062243
1345.0,3.056575861e-06,4.604313315e-08,5.535149853e-06,1.219978454e-07,3.241578937e-06,1.576556827e-07,3.520051711e-05,9.437044266e-07,4.704318693e-07,1.367091787e-08,1.122490945e-06,5.000260306e-08,2.227125739e-05,2.204795254e-06,0.04959282722
1346.0,4.057119541e-06,5.456321115e-08,7.404399658e-06,2.032624065e-07,4.29217999e-06,1.864655807e-07,3.304055194e-05,9.802335338e-07,4.768362181e-07,1.396073755e-08,1.1013875e-06,4.555716106e-08,2.313167876e-05,1.15234084e-06,0.04959397956
1347.0,3.318517168e-06,4.598578764e-08,5.573191958e-06,1.264098603e-07,3.623436131e-06,1.408006938e-07,2.514561735e-05,9.377357422e-07,4.703042218e-07,1.358613382e-08,9.915609743e-07,4.452020773e-08,2.208003223e-05,-3.341675663e-07,0.04959364539
1348.0,3.063318988e-06,4.504943083e-08,5.473343948e-06,1.208530292e-07,3.237614999e-06,1.574433209e-07,3.283295782e-05,9.439909909e-07,4.748487406e-07,1.399552696e-08,1.127062275e-06,5.021451946e-08,2.227807407e-05,2.21876545e-06,0.04959586416
1349.0,4.036682774e-06,5.510834527e-08,7.375962984e-06,2.025077395e-07,4.288688442e-06,1.864524956e-07,3.408230305e-05,9.741822365e-07,4.820106777e-07,1.431176925e-08,1.10514684e-06,4.579707112e-08,2.298881593e-05,1.014891354e-06,0.04959687905
1350.0,3.345168176e-06,4.627093434e-08,5.528600008e-06,1.244456983e-07,3.620975724e-06,1.402909689e-07,2.38312444e-05,9.381796716e-07,4.747371832e-07,1.391340941e-08,9.951920947e-07,4.465999884e-08,2.209057163e-05,-2.460990877e-07,0.04959663295
1351.0,3.015753058e-06,4.422050951e-08,5.431818602e-06,1.18668246e-07,3.236762534e-06,1.577977948e-07,3.361791218e-05,9.48387742e-07,4.802125492e-07,1.435979107e-08,1.131478185e-06,5.045443891e-08,2.238180643e-05,2.279888198e-06,0.04959891284
1352.0,4.053751657e-06,5.528410249e-08,7.369347131e-06,2.00709266e-07,4.284709422e-06,1.859593466e-07,3.279971225e-05,9.777100069e-07,4.878227621e-07,1.466339259e-08,1.109314957e-06,4.59658838e-08,2.307211164e-05,1.062052268e-06,0.04959997489
1353.0,3.32355692e-06,4.705368172e-08,5.516791619e-06,1.229039883e-07,3.61831575e-06,1.395965417e-07,2.44937463e-05,9.504896405e-07,4.802442587e-07,1.420798624e-08,9.981069703e-07,4.482400101e-08,2.238039113e-05,-3.246195018e-07,0.04959965027
1354.0,3.045850096e-06,4.3917303e-08,5.437861337e-06,1.183715811e-07,3.248168221e-06,1.593719646e-07,3.316807121e-05,9.451841249e-07,4.860934982e-07,1.465419833e-08,1.135109834e-06,5.062720326e-08,2.230625791e-05,2.306113662e-06,0.04960195639
1355.0,4.029919851e-06,5.532726792e-08,7.372641604e-06,2.010731435e-07,4.285546666e-06,1.866345302e-07,3.420261813e-05,9.847304832e-07,4.926814268e-07,1.489437549e-08,1.111290635e-06,4.612561488e-08,2.323778045e-05,1.171087618e-06,0.04960312747
1356.0,3.351781596e-06,4.750151366e-08,5.490307262e-06,1.225188883e-07,3.61310562e-06,1.390527867e-07,2.264870027e-05,9.446748142e-07,4.836497711e-07,1.437484169e-08,9.995950771e-07,4.487813197e-08,2.224351894e-05,-4.225329136e-07,0.04960270494
1357.0,2.996669651e-06,4.32193578e-08,5.40289843e-06,1.186170785e-07,3.252417107e-06,1.614215526e-07,3.438548727e-05,9.423407286e-07,4.889098635e-07,1.478783528e-08,1.136245863e-06,5.072172226e-08,2.223906179e-05,2.204822262e-06,0.04960490976
1358.0,4.0511601e-06,5.548830663e-08,7.359713642e-06,2.017297543e-07,4.288068408e-06,1.870344186e-07,3.297552473e-05,9.794670355e-07,4.943501845e-07,1.49687606e-08,1.111250309e-06,4.614265172e-08,2.311363577e-05,1.153908248e-06,0.04960606367
1359.0,3.299856934e-06,4.700531317e-08,5.46464663e-06,1.220854623e-07,3.608286813e-06,1.384165099e-07,2.424884476e-05,9.393286306e-07,4.844707576e-07,1.440044026e-08,9.984823537e-07,4.486491322e-08,2.211766833e-05,-3.456423224e-07,0.04960571803
1360.0,3.009382828e-06,4.26951723e-08,5.428095653e-06,1.182480225e-07,3.261666967e-06,1.626381153e-07,3.235386691e-05,9.433697248e-07,4.896802619e-07,1.47400124e-08,1.135049672e-06,5.068960029e-08,2.226343479e-05,2.212443156e-06,0.04960793047
1361.0,4.014669657e-06,5.604094995e-08,7.36937447e-06,2.025372192e-07,4.284420713e-06,1.871767225e-07,3.328867822e-05,9.736537949e-07,4.935225659e-07,1.485485819e-08,1.108504394e-06,4.60694994e-08,2.297640074e-05,1.000526644e-06,0.049608931
1362.0,3.321537406e-06,4.672930948e-08,5.501084701e-06,1.229396007e-07,3.610469879e-06,1.383611926e-07,2.372781483e-05,9.400466849e-07,4.828069618e-07,1.427018692e-08,9.959069555e-07,4.474125838e-08,2.21345607e-05,-2.566306397e-07,0.04960867437
1363.0,3.001293301e-06,4.262036654e-08,5.451862129e-06,1.195420535e-07,3.26967923e-06,2.288816328e-08,3.424129448e-05,9.50786332e-07,4.896762171e-07,1.46282032e-08,1.133650241e-06,5.060549899e-08,2.243848006e-05,2.281756053e-06,0.04961095612
1364.0,4.060627644e-06,5.619831312e-08,7.400932198e-06,2.035687372e-07,4.298918655e-06,1.877191277e-07,3.238881051e-05,9.779780223e-07,4.92202234e-07,1.468092849e-08,1.106198888e-06,4.594224609e-08,2.307849451e-05,1.063496437e-06,0.04961201962
1365.0,3.309720338e-06,4.721131069e-08,5.555581143e-06,1.258341661e-07,3.607667971e-06,1.381470484e-07,2.489133441e-05,9.524779508e-07,4.815819186e-07,1.411989725e-08,9.93274791e-07,4.461456227e-08,2.242721361e-05,-3.173908226e-07,0.04961170223
1366.0,3.024781179e-06,4.264160538e-08,5.480998194e-06,1.22875249e-07,3.263834908e-06,1.630858046e-07,3.214354001e-05,9.485299847e-07,4.853836151e-07,1.429204128e-08,1.128662566e-06,5.033815553e-08,2.238528139e-05,2.296407822e-06,0.04961399864
1367.0,4.015528194e-06,5.589460506e-08,7.4074843e-06,2.04994546e-07,4.285218325e-06,1.873310877e-07,3.502416472e-05,9.873883992e-07,4.87000887e-07,1.438226268e-08,1.100486015e-06,4.5674183e-08,2.330058022e-05,1.118279264e-06,0.04961511692
1368.0,3.334976881e-06,4.650911199e-08,5.581598016e-06,1.252167829e-07,3.61249911e-06,1.374268834e-07,2.42402845e-05,9.452914255e-07,4.770772189e-07,1.38776872e-08,9.888678543e-07,4.438164014e-08,2.225808543e-05,-4.116494222e-07,0.04961470527
1369.0,2.973186204e-06,4.177298796e-08,5.473675124e-06,1.213649767e-07,3.275727244e-06,2.310235928e-08,3.395267394e-05,9.490591408e-07,4.808472961e-07,1.405194287e-08,1.124500157e-06,5.008871298e-08,2.239776967e-05,2.21111356e-06,0.04961691638
1370.0,4.050741619e-06,5.588864981e-08,7.477460953e-06,2.072206318e-07,4.296082181e-06,1.87430604e-07,3.316115493e-05,9.807484424e-07,4.815594701e-07,1.412943643e-08,1.096332982e-06,4.542625051e-08,2.314380081e-05,1.142168396e-06,0.04961805855
1371.0,3.271479884e-06,4.52762018e-08,5.587270491e-06,1.265530798e-07,3.6000038e-06,1.357466848e-07,2.421885377e-05,9.390518742e-07,4.730240612e-07,1.370972279e-08,9.854010826e-07,4.418329863e-08,2.21112012e-05,-3.406520709e-07,0.0496177179
1372.0,3.004728244e-06,4.197294889e-08,5.501300773e-06,1.234593609e-07,3.264981645e-06,2.28461029e-08,3.187922763e-05,9.506288305e-07,4.750220697e-07,1.375786019e-08,1.120037535e-06,4.985759074e-08,2.243475797e-05,2.213017378e-06,0.04961993092
1373.0,4.020826372e-06,5.576700908e-08,7.41958664e-06,2.060447063e-07,4.28342949e-06,1.863997235e-07,3.367206749e-05,9.767489481e-07,4.754811399e-07,1.385577431e-08,1.091686851e-06,4.518883962e-08,2.304944989e-05,9.941354409e-07,0.04962092505
1374.0,3.299709219e-06,4.450403606e-08,5.6128709e-06,1.27476161e-07,3.599903475e-06,1.350561129e-07,2.366221513e-05,9.379451774e-07,4.678642716e-07,1.346750526e-08,9.827967151e-07,4.404394125e-08,2.20851224e-05,-2.617872735e-07,0.04962066326
1375.0,3.005254419e-06,4.268801745e-08,5.510857744e-06,1.23786616e-07,3.264356061e-06,1.628854369e-07,3.485738027e-05,9.556929093e-07,4.660966079e-07,1.337344959e-08,1.115548706e-06,4.958485636e-08,2.255426997e-05,2.234499557e-06,0.04962289776
1376.0,4.054772886e-06,5.554814007e-08,7.422385585e-06,2.060047637e-07,4.275085637e-06,1.852397009e-07,3.286067296e-05,9.848390267e-07,4.678171651e-07,1.353332271e-08,1.087832458e-06,4.498877162e-08,2.324046263e-05,1.013093604e-06,0.04962391086
1377.0,3.268751696e-06,4.406244701e-08,5.551091828e-06,1.253894264e-07,3.593704063e-06,1.338610058e-07,2.473513385e-05,9.515987027e-07,4.620487562e-07,1.324277887e-08,9.807358416e-07,4.390642385e-08,2.240655572e-05,-3.575204159e-07,0.04962355334
1378.0,3.026833941e-06,4.326653489e-08,5.462764919e-06,1.20355373e-07,3.266781859e-06,1.63070044e-07,3.247471016e-05,9.543591274e-07,4.594833557e-07,1.306622065e-08,1.113300728e-06,4.948003584e-08,2.25228612e-05,2.26346335e-06,0.0496258168
1379.0,4.004371245e-06,5.491278232e-08,7.399411824e-06,2.055534459e-07,4.267522656e-06,1.836270267e-07,3.403260248e-05,9.907782457e-07,4.621693967e-07,1.330624519e-08,1.085999255e-06,4.486007554e-08,2.338058074e-05,1.112784835e-06,0.04962692958
1380.0,3.293421202e-06,4.324832667e-08,5.570084525e-06,1.243308034e-07,3.596006437e-06,1.333042764e-07,2.338475454e-05,9.4376002e-07,4.578516051e-07,1.308800627e-08,9.808711119e-07,4.393686079e-08,2.222195981e-05,-4.762668081e-07,0.04962645332
1381.0,3.008976579e-06,4.414098067e-08,5.415977392e-06,1.189649829e-07,3.266945562e-06,2.283882817e-08,3.332661669e-05,9.541263991e-07,4.568094113e-07,1.30248952e-08,1.114581677e-06,4.950416238e-08,2.251729707e-05,2.202170616e-06,0.04962865549
1382.0,4.041080158e-06,5.479030654e-08,7.385893481e-06,2.036644322e-07,4.277213213e-06,1.836543337e-07,3.273002599e-05,9.854644871e-07,4.596894306e-07,1.328201837e-08,1.087775272e-06,4.492676501e-08,2.325516512e-05,1.133167176e-06,0.04962978866
1383.0,3.246743577e-06,4.255919486e-08,5.543877615e-06,1.248193963e-07,3.585499261e-06,1.325624545e-07,2.408388257e-05,9.358889434e-07,4.579920532e-07,1.321145358e-08,9.840143204e-07,4.408228285e-08,2.203661762e-05,-3.7702496e-07,0.04962941163
1384.0,3.05509571e-06,4.542291464e-08,5.41596908e-06,1.194819561e-07,3.252956299e-06,1.613754186e-07,3.183906839e-05,9.550204507e-07,4.561995834e-07,1.309056032e-08,1.116343816e-06,4.962370746e-08,2.253842216e-05,2.184370354e-06,0.049631596
1385.0,4.019702881e-06,5.507294181e-08,7.348715531e-06,2.025418346e-07,4.266009075e-06,1.835105573e-07,3.426619527e-05,9.825162682e-07,4.60642298e-07,1.343399504e-08,1.089941425e-06,4.504123405e-08,2.318551402e-05,9.452000983e-07,0.0496325412
1386.0,3.281180781e-06,4.231714137e-08,5.524772751e-06,1.239976979e-07,3.593246699e-06,1.329809142e-07,2.332879044e-05,9.349830066e-07,4.616819014e-07,1.350896307e-08,9.880432821e-07,4.431312723e-08,2.201534519e-05,-2.707180743e-07,0.04963227048
1387.0,3.043983308e-06,4.659259543e-08,5.366420257e-06,1.166735861e-07,3.255810285e-06,1.616212828e-07,3.485609914e-05,9.610316383e-07,4.588669718e-07,1.334991858e-08,1.119534498e-06,4.976162816e-08,2.268024045e-05,2.240799291e-06,0.04963451128
1388.0,4.046513583e-06,5.493823474e-08,7.347517847e-06,2.021338238e-07,4.267663951e-06,1.830202345e-07,3.250040329e-05,9.871638825e-07,4.647537762e-07,1.374716863e-08,1.093711722e-06,4.521292017e-08,2.32952486e-05,1.003679426e-06,0.04963551496
1389.0,3.243907308e-06,4.230732763e-08,5.480827266e-06,1.220674741e-07,3.591946701e-06,1.334509134e-07,2.448400615e-05,9.47134414e-07,4.672836908e-07,1.385510528e-08,9.919707066e-07,4.452314042e-08,2.230144487e-05,-3.507235646e-07,0.04963516424
1390.0,3.076535975e-06,4.752208391e-08,5.372639001e-06,1.153008124e-07,3.256508355e-06,1.614279302e-07,3.231867606e-05,9.582336761e-07,4.635753351e-07,1.361916384e-08,1.122395728e-06,4.993722814e-08,2.261417037e-05,2.257402464e-06,0.04963742164
1391.0,4.000858413e-06,5.462468504e-08,7.315192543e-06,2.01150151e-07,4.266391546e-06,1.828769457e-07,3.381340761e-05,9.944031417e-07,4.689728885e-07,1.39918497e-08,1.096207738e-06,4.532981324e-08,2.346610608e-05,1.120354617e-06,0.04963854199
1392.0,3.266046055e-06,4.207400952e-08,5.488926141e-06,1.220783974e-07,3.596853033e-06,1.342868661e-07,2.283209012e-05,9.395441269e-07,4.715280482e-07,1.408216733e-08,9.94573821e-07,4.469475295e-08,2.212266327e-05,-4.434776079e-07,0.04963809852
1393.0,3.047713609e-06,4.800741849e-08,5.35502847e-06,1.152831694e-07,3.250798552e-06,1.610352311e-07,3.325413436e-05,9.552391765e-07,4.669052494e-07,1.38045289e-08,1.123725834e-06,5.000024508e-08,2.254350032e-05,2.185331613e-06,0.04964028385
1394.0,4.027669345e-06,5.466039049e-08,7.309304535e-06,2.004330692e-07,4.270037227e-06,1.834471972e-07,3.261661716e-05,9.901420196e-07,4.714400257e-07,1.411784725e-08,1.097369731e-06,4.538968827e-08,2.336551745e-05,1.122588105e-06,0.04964140644
1395.0,3.226378706e-06,4.169134015e-08,5.457101546e-06,1.222611783e-07,3.598834039e-06,1.354866177e-07,2.430001814e-05,9.341962793e-07,4.735052915e-07,1.417075491e-08,9.945540801e-07,4.474405452e-08,2.199673929e-05,-4.104825368e-07,0.04964099595
1396.0,3.071057086e-06,4.824296487e-08,5.349914491e-06,1.155419737e-07,3.247738965e-06,1.605928594e-07,3.169914958e-05,9.552702036e-07,4.685777209e-07,1.384076692e-08,1.122653487e-06,5.00080275e-08,2.254426567e-05,2.188601385e-06,0.04964318456
1397.0,3.990917439e-06,5.461734721e-08,7.268291162e-06,2.008213769e-07,4.26674893e-06,1.837393154e-07,3.351876985e-05,9.820880707e-07,4.719777536e-07,1.407859862e-08,1.09587872e-06,4.534927814e-08,2.317538679e-05,9.750719805e-07,0.04964415963
1398.0,3.252231797e-06,4.159890597e-08,5.479828105e-06,1.223871604e-07,3.609410342e-06,1.36771936e-07,2.319144584e-05,9.335702212e-07,4.727670136e-07,1.407790623e-08,9.924780197e-07,4.467473098e-08,2.19820175e-05,-2.833411469e-07,0.04964387629
1399.0,3.035320664e-06,4.847078502e-08,5.336732298e-06,1.150378546e-07,3.237654457e-06,1.588450198e-07,3.282714978e-05,9.602455445e-07,4.671197177e-07,1.374592044e-08,1.119690842e-06,4.98683034e-08,2.26616679e-05,2.25104248e-06,0.04964612733
1400.0,4.010864633e-06,5.421544442e-08,7.321066829e-06,2.013166307e-07,4.270550423e-06,1.83627522e-07,3.175440194e-05,9.869135371e-07,4.701838396e-07,1.394204361e-08,1.093317185e-06,4.521319638e-08,2.328927186e-05,1.022670707e-06,0.04964715
1401.0,3.227387588e-06,4.168841404e-08,5.472029046e-06,1.237014295e-07,3.604894144e-06,1.374340702e-07,2.427583899e-05,9.428737253e-07,4.705078131e-07,1.388306707e-08,9.888063049e-07,4.45116355e-08,2.220101485e-05,-3.393329725e-07,0.04964681067
1402.0,3.087816675e-06,4.889366425e-08,5.388875463e-06,1.164003869e-07,3.242519236e-06,1.584856608e-07,3.354581934e-05,9.559469257e-07,4.651404815e-07,1.358526641e-08,1.11583993e-06,4.969102616e-08,2.256025076e-05,2.270603717e-06,0.04964908127
1403.0,3.991353676e-06,5.372868135e-08,7.32859152e-06,2.018873602e-07,4.273712112e-06,1.840107036e-07,3.395727901e-05,9.929338018e-07,4.678040738e-07,1.373171923e-08,1.089525085e-06,4.503180151e-08,2.343130983e-05,1.1316916e-06,0.04965021296
1404.0,3.251866598e-06,4.162029081e-08,5.506540753e-06,1.25045604e-07,3.610536547e-06,1.380839673e-07,2.276932734e-05,9.387850663e-07,4.662244733e-07,1.362075266e-08,9.840849645e-07,4.426378506e-08,2.210484269e-05,-4.381844044e-07,0.04964977478
1405.0,3.040956093e-06,4.819473181e-08,5.422532946e-06,1.183168977e-07,3.234712976e-06,1.578075581e-07,3.457140547e-05,9.520371954e-07,4.611093416e-07,1.341136362e-08,1.110863515e-06,4.944592844e-08,2.246783353e-05,2.186093351e-06,0.04965196087
1406.0,4.00727936e-06,5.321511901e-08,7.337025222e-06,2.021558751e-07,4.274378397e-06,1.841250455e-07,3.234340964e-05,9.866077535e-07,4.633342139e-07,1.353916571e-08,1.085319486e-06,4.479258897e-08,2.32820841e-05,1.139446932e-06,0.04965310032
1407.0,3.209050971e-06,4.123842948e-08,5.493352622e-06,1.252186963e-07,3.610057159e-06,1.38369642e-07,2.454899001e-05,9.343306011e-07,4.603583731e-07,1.333205508e-08,9.783510037e-07,4.397237024e-08,2.199993058e-05,-3.759579693e-07,0.04965272436
1408.0,3.049964811e-06,4.724259869e-08,5.417110189e-06,1.181395302e-07,3.228331066e-06,1.56081167e-07,3.218258443e-05,9.509408887e-07,4.56397446e-07,1.322381658e-08,1.105613955e-06,4.917672489e-08,2.244206079e-05,2.19424348e-06,0.0496549186
1409.0,3.969973092e-06,5.292914555e-08,7.336038452e-06,2.018177795e-07,4.273461963e-06,1.834853999e-07,3.305694771e-05,9.793536304e-07,4.583150133e-07,1.330922473e-08,1.080603446e-06,4.457064911e-08,2.311086147e-05,1.001281991e-06,0.04965591989
1410.0,3.243977103e-06,4.133073752e-08,5.53803361e-06,1.256382917e-07,3.613937335e-06,1.384251865e-07,2.363434916e-05,9.340984679e-07,4.532358627e-07,1.302960869e-08,9.729130429e-07,4.365386885e-08,2.199437518e-05,-2.865324329e-07,0.04965563335
1411.0,3.030463459e-06,4.685183768e-08,5.424957385e-06,1.183402067e-07,3.225605326e-06,1.550191393e-07,3.380014157e-05,9.540540293e-07,4.503220516e-07,1.298093812e-08,1.10109672e-06,4.892348687e-08,2.251557997e-05,2.263698973e-06,0.04965789705
1412.0,4.004971381e-06,5.265199522e-08,7.335847489e-06,2.016156372e-07,4.272426212e-06,1.828211719e-07,3.254709057e-05,9.837657004e-07,4.525252716e-07,1.307405741e-08,1.077369806e-06,4.435067713e-08,2.321497958e-05,1.058704339e-06,0.04965895576
1413.0,3.24013808e-06,4.188784683e-08,5.548003452e-06,1.258833849e-07,3.608873089e-06,1.378484209e-07,2.434625495e-05,9.460579712e-07,4.463241344e-07,1.271015078e-08,9.68443661e-07,4.340857967e-08,2.227597181e-05,-3.353362518e-07,0.04965862042
1414.0,3.051690888e-06,4.629689337e-08,5.399407231e-06,1.174845844e-07,3.220332362e-06,1.538867753e-07,3.159304664e-05,9.503962337e-07,4.446757221e-07,1.274869505e-08,1.097917253e-06,4.873198164e-08,2.242922951e-05,2.290770169e-06,0.04966091119
1415.0,3.961516439e-06,5.22815924e-08,7.301216584e-06,2.015564892e-07,4.266219567e-06,1.824881793e-07,3.416431235e-05,9.891577602e-07,4.472930245e-07,1.283804647e-08,1.074730203e-06,4.423132782e-08,2.334221569e-05,1.154280918e-06,0.04966206547
1416.0,3.271670543e-06,4.257967049e-08,5.511022287e-06,1.252079627e-07,3.606942812e-06,1.373694916e-07,2.300591114e-05,9.40407575e-07,4.398872726e-07,1.242738678e-08,9.65706381e-07,4.322100218e-08,2.214300296e-05,-4.199483212e-07,0.04966164552
1417.0,2.996492211e-06,4.519043759e-08,5.354924668e-06,1.168887105e-07,3.213799624e-06,1.535303514e-07,3.314611129e-05,9.458395937e-07,4.389294844e-07,1.253600924e-08,1.096360664e-06,4.863728588e-08,2.232166312e-05,2.212213107e-06,0.04966385774
1418.0,3.990263338e-06,5.230513154e-08,7.326890443e-06,1.997024117e-07,4.270755315e-06,1.822867685e-07,3.253805721e-05,9.826470884e-07,4.42785488e-07,1.26891663e-08,1.074256505e-06,4.415951261e-08,2.318859891e-05,1.158229881e-06,0.04966501597
1419.0,3.235070364e-06,4.269877903e-08,5.470257966e-06,1.227637899e-07,3.600573577e-06,1.363641988e-07,2.41875601e-05,9.350625445e-07,4.355323725e-07,1.226216201e-08,9.647308277e-07,4.315880686e-08,2.201714621e-05,-3.625860499e-07,0.04966465338
1420.0,3.031816883e-06,4.437353727e-08,5.362189019e-06,1.167065407e-07,3.222571325e-06,1.536916188e-07,3.334707629e-05,9.447847245e-07,4.362139398e-07,1.246970603e-08,1.096933697e-06,4.864522318e-08,2.229679985e-05,2.201029041e-06,0.04966685441
1421.0,3.993525814e-06,5.281622674e-08,7.31044086e-06,1.992426242e-07,4.27009045e-06,1.822501302e-07,3.429994749e-05,9.749126209e-07,4.414620988e-07,1.269565689e-08,1.075156959e-06,4.422803047e-08,2.300603667e-05,1.013381065e-06,0.04966786779
1422.0,3.282288579e-06,4.318691436e-08,5.46080819e-06,1.215374262e-07,3.603189233e-06,1.360634406e-07,2.297450391e-05,9.376572121e-07,4.335831832e-07,1.227495454e-08,9.656594331e-07,4.314559639e-08,2.207830438e-05,-2.49187325e-07,0.0496676186
1423.0,2.998681069e-06,4.389936499e-08,5.344707434e-06,1.153662847e-07,3.215168204e-06,1.533771263e-07,3.466509344e-05,9.50001473e-07,4.366196021e-07,1.25982915e-08,1.099127532e-06,4.874075575e-08,2.241986182e-05,2.279730159e-06,0.04966989833
1424.0,4.016338833e-06,5.309754142e-08,7.275405327e-06,1.975970656e-07,4.267484495e-06,1.820359238e-07,3.267347623e-05,9.790744179e-07,4.431964275e-07,1.290082202e-08,1.077750651e-06,4.431191852e-08,2.310436742e-05,1.054082547e-06,0.04967095242
1425.0,3.273500288e-06,4.437977487e-08,5.421121698e-06,1.207828904e-07,3.598301259e-06,1.357662491e-07,2.469750402e-05,9.503245361e-07,4.351738637e-07,1.245134019e-08,9.67142055e-07,4.321327486e-08,2.237643286e-05,-3.35314467e-07,0.0496706171
1426.0,3.029792645e-06,4.34519355e-08,5.344414422e-06,1.149153542e-07,3.225469115e-06,1.544418305e-07,3.353774064e-05,9.461955268e-07,4.404151887e-07,1.284653322e-08,1.102119048e-06,4.887077387e-08,2.233014241e-05,2.300125825e-06,0.04967291723
1427.0,3.978568013e-06,5.285763269e-08,7.2598222e-06,1.966903605e-07,4.269334354e-06,1.823435282e-07,3.454005042e-05,9.840005375e-07,4.468219288e-07,1.311746044e-08,1.079819262e-06,4.443308535e-08,2.322061623e-05,1.148697846e-06,0.04967406592
1428.0,3.305195006e-06,4.470262369e-08,5.422757513e-06,1.194196335e-07,3.601623414e-06,1.353410528e-07,2.381427437e-05,9.43978404e-07,4.376702071e-07,1.263815907e-08,9.687906533e-07,4.325176116e-08,2.222711409e-05,-4.022426978e-07,0.04967366368
1429.0,2.977754976e-06,4.24137496e-08,5.351068643e-06,1.138687901e-07,3.231296447e-06,1.555337023e-07,3.386619292e-05,9.434025726e-07,4.434798929e-07,1.304443766e-08,1.104326123e-06,4.898781808e-08,2.2264168e-05,2.213940131e-06,0.04967587762
1430.0,4.003254429e-06,5.310758352e-08,7.258733125e-06,1.969386237e-07,4.267959636e-06,1.824295217e-07,3.233819017e-05,9.796729468e-07,4.494130477e-07,1.328696266e-08,1.080973143e-06,4.448634038e-08,2.311843762e-05,1.147153232e-06,0.04967702478
1431.0,3.259820356e-06,4.467924491e-08,5.387992123e-06,1.192256707e-07,3.591119978e-06,1.344186624e-07,2.444371033e-05,9.382059082e-07,4.397878658e-07,1.276062935e-08,9.688979568e-07,4.328237051e-08,2.209121328e-05,-3.327750524e-07,0.049676692
1432.0,2.986598634e-06,4.193090805e-08,5.301232361e-06,1.139384765e-07,3.231368346e-06,1.563207386e-07,3.210366769e-05,9.438651423e-07,4.461022123e-07,1.314443282e-08,1.104973785e-06,4.904968329e-08,2.227514566e-05,2.216134141e-06,0.04967890813
1433.0,3.973066466e-06,5.376837781e-08,7.220506067e-06,1.971001164e-07,4.26199204e-06,1.822321492e-07,3.312761535e-05,9.742465981e-07,4.507910665e-07,1.332017471e-08,1.080094658e-06,4.450653205e-08,2.299035177e-05,1.018401738e-06,0.04967992654
1434.0,3.274859977e-06,4.456056651e-08,5.389145332e-06,1.183437001e-07,3.58908918e-06,1.338367303e-07,2.285964053e-05,9.388952827e-07,4.4016604e-07,1.276898866e-08,9.677522589e-07,4.322057776e-08,2.2107444e-05,-2.59227294e-07,0.04967966731
1435.0,2.956140489e-06,4.15832299e-08,5.303975562e-06,1.139729187e-07,3.23949919e-06,1.577278473e-07,3.390749585e-05,9.490834509e-07,4.460175231e-07,1.312030142e-08,1.103988365e-06,4.900972931e-08,2.239832482e-05,2.261948059e-06,0.04968192926
1436.0,4.005150137e-06,5.397937671e-08,7.236106132e-06,1.975358944e-07,4.264158624e-06,1.822176013e-07,3.17050191e-05,9.793986246e-07,4.499809942e-07,1.325507688e-08,1.078216471e-06,4.442709639e-08,2.311198348e-05,1.059435703e-06,0.04968298869
1437.0,3.256392664e-06,4.496461265e-08,5.380791729e-06,1.183289279e-07,3.583994047e-06,1.332432111e-07,2.408810377e-05,9.510474403e-07,4.396681639e-07,1.270003453e-08,9.65356836e-07,4.310910159e-08,2.239354571e-05,-3.238950984e-07,0.0496826648
1438.0,2.979022682e-06,4.133520937e-08,5.329373428e-06,1.144991826e-07,3.244505653e-06,1.587569144e-07,3.174830092e-05,9.471733653e-07,4.453724273e-07,1.297910207e-08,1.101903524e-06,4.890845065e-08,2.235323022e-05,2.291901115e-06,0.0496849567
1439.0,3.955867772e-06,5.371564778e-08,7.253694637e-06,1.990252702e-07,4.257747671e-06,1.819803863e-07,3.342174838e-05,9.869671226e-07,4.482296655e-07,1.309235206e-08,1.074700211e-06,4.427392525e-08,2.329060639e-05,1.148467805e-06,0.04968610517
1440.0,3.278168324e-06,4.474829868e-08,5.399604869e-06,1.192149895e-07,3.584081696e-06,1.328059856e-07,2.264380886e-05,9.45007323e-07,4.381832563e-07,1.256772066e-08,9.625042767e-07,4.296626207e-08,2.225137095e-05,-4.276658471e-07,0.0496856775
1441.0,2.930671876e-06,4.068699013e-08,5.290790637e-06,1.152118725e-07,3.242084364e-06,1.595152416e-07,3.306860924e-05,9.457814027e-07,4.42171827e-07,1.278063761e-08,1.098639302e-06,4.871001784e-08,2.232035695e-05,2.212934526e-06,0.04968789044
1442.0,3.991795908e-06,5.376636523e-08,7.302455268e-06,1.997856266e-07,4.262066525e-06,1.818458338e-07,3.262480474e-05,9.830208638e-07,4.445183418e-07,1.291100556e-08,1.070866915e-06,4.408000419e-08,2.319750733e-05,1.143814481e-06,0.04968903425
1443.0,3.233556052e-06,4.394882603e-08,5.42415656e-06,1.19538254e-07,3.579698445e-06,1.31945386e-07,2.37760327e-05,9.387809584e-07,4.356988805e-07,1.2451858e-08,9.592538029e-07,4.279478919e-08,2.210472295e-05,-3.589734835e-07,0.04968867528
1444.0,2.951637631e-06,4.036631562e-08,5.310952549e-06,1.158820477e-07,3.245237322e-06,1.601649666e-07,3.151005153e-05,9.474147537e-07,4.381170765e-07,1.255015826e-08,1.094695385e-06,4.852855658e-08,2.235897539e-05,2.200212109e-06,0.04969087549
1445.0,3.974140087e-06,5.418578013e-08,7.300913676e-06,2.011100334e-07,4.255416647e-06,1.817251797e-07,3.407233177e-05,9.762024786e-07,4.397733112e-07,1.27040227e-08,1.066288087e-06,4.386423922e-08,2.303650513e-05,9.730322355e-07,0.04969184852
1446.0,3.260542172e-06,4.316821089e-08,5.442240789e-06,1.207822401e-07,3.580421522e-06,1.316696521e-07,2.299625643e-05,9.394842426e-07,4.318908219e-07,1.230110107e-08,9.560492271e-07,4.264462632e-08,2.212139535e-05,-2.529758801e-07,0.04969159554
1447.0,2.936957304e-06,4.070152502e-08,5.337439655e-06,1.167475081e-07,3.246313697e-06,1.604776268e-07,3.390369992e-05,9.532090395e-07,4.321785237e-07,1.231620164e-08,1.090911971e-06,4.830122365e-08,2.249566695e-05,2.258379768e-06,0.04969385392
1448.0,3.998123414e-06,5.371061297e-08,7.301955267e-06,2.004011208e-07,4.256380827e-06,1.808539175e-07,3.236696942e-05,9.827099143e-07,4.341395156e-07,1.249088233e-08,1.062575036e-06,4.36837492e-08,2.319018079e-05,1.026706852e-06,0.04969488063
1449.0,3.226672633e-06,4.27483911e-08,5.434142097e-06,1.201740015e-07,3.578711566e-06,1.307978888e-07,2.427754142e-05,9.50415217e-07,4.277256659e-07,1.213819373e-08,9.537007981e-07,4.250790231e-08,2.237874546e-05,-3.312336408e-07,0.0496945494
1450.0,2.971390448e-06,4.095277933e-08,5.364095421e-06,1.165556933e-07,3.250784346e-06,1.600714193e-07,3.214233606e-05,9.523440741e-07,4.267763893e-07,1.204627774e-08,1.088270384e-06,4.818517503e-08,2.24752264e-05,2.273001277e-06,0.0496968224
1451.0,3.958114096e-06,5.318809298e-08,7.299092192e-06,2.003655483e-07,4.251033144e-06,1.797487722e-07,3.333062559e-05,9.8984806e-07,4.29080743e-07,1.226193781e-08,1.059809535e-06,4.353755533e-08,2.335867744e-05,1.127768777e-06,0.04969795017
1452.0,3.250373354e-06,4.232543206e-08,5.444890291e-06,1.200567076e-07,3.572965735e-06,1.297839129e-07,2.231918522e-05,9.428316412e-07,4.23029148e-07,1.193696064e-08,9.526451671e-07,4.246589963e-08,2.220012584e-05,-4.176466999e-07,0.04969753252
1453.0,2.944134308e-06,4.129376543e-08,5.324212379e-06,1.157652286e-07,3.244337932e-06,1.597341978e-07,3.309884477e-05,9.509229302e-07,4.211258346e-07,1.182213077e-08,1.086881596e-06,4.808771324e-08,2.244170338e-05,2.195707029e-06,0.04969972823
1454.0,3.997603594e-06,5.327350245e-08,7.29985566e-06,1.997182066e-07,4.251207248e-06,1.795393589e-07,3.24355453e-05,9.863255496e-07,4.241162999e-07,1.207684583e-08,1.058955792e-06,4.34952045e-08,2.327553083e-05,1.118183565e-06,0.04970084641
1455.0,3.218920915e-06,4.168115449e-08,5.433362569e-06,1.199697374e-07,3.572527349e-06,1.29735899e-07,2.448751731e-05,9.377170727e-07,4.190762628e-07,1.181388442e-08,9.527837647e-07,4.246987348e-08,2.207968795e-05,-3.819783812e-07,0.04970046443
1456.0,2.986451485e-06,4.204466887e-08,5.305264035e-06,1.151174568e-07,3.244720895e-06,1.597006611e-07,3.175207197e-05,9.521559066e-07,4.175011263e-07,1.169215473e-08,1.087009186e-06,4.813583808e-08,2.247085744e-05,2.192914275e-06,0.04970265735
1457.0,3.969149646e-06,5.352561917e-08,7.239659774e-06,1.98914836e-07,4.244306473e-06,1.79137871e-07,3.356427585e-05,9.798366267e-07,4.209307804e-07,1.198542703e-08,1.059431536e-06,4.351166418e-08,2.312234137e-05,9.6303248e-07,0.04970362038
1458.0,3.230180313e-06,4.090095274e-08,5.428706023e-06,1.188371914e-07,3.573523085e-06,1.291670447e-07,2.314652848e-05,9.372731277e-07,4.172081515e-07,1.182203317e-08,9.546782207e-07,4.258437296e-08,2.206930969e-05,-2.69306646e-07,0.04970335107
1459.0,2.963344881e-06,4.307998999e-08,5.273360087e-06,1.132473601e-07,3.236991146e-06,1.58526421e-07,3.292987637e-05,9.584248603e-07,4.153974785e-07,1.172876008e-08,1.088705022e-06,4.819447769e-08,2.261877886e-05,2.252114519e-06,0.04970560319
1460.0,3.997713371e-06,5.330323466e-08,7.262955508e-06,1.97748793e-07,4.247934851e-06,1.786292825e-07,3.210735529e-05,9.862616594e-07,4.204461265e-07,1.20667665e-08,1.061391209e-06,4.360567579e-08,2.327393403e-05,1.013106621e-06,0.04970661629
1461.0,3.209448045e-06,4.091279571e-08,5.389077058e-06,1.179470592e-07,3.570705287e-06,1.289504008e-07,2.389884636e-05,9.465432801e-07,4.193958219e-07,1.200705946e-08,9.578146581e-07,4.273418748e-08,2.228751786e-05,-3.379506784e-07,0.04970627834
1462.0,3.015672092e-06,4.431582515e-08,5.275376707e-06,1.124202769e-07,3.237994596e-06,1.580674349e-07,3.216355265e-05,9.563154811e-07,4.17341706e-07,1.188938954e-08,1.091263004e-06,4.834755079e-08,2.256901652e-05,2.2754215e-06,0.04970855377
1463.0,3.964228516e-06,5.289067596e-08,7.239342859e-06,1.976107178e-07,4.242392185e-06,1.784779375e-07,3.341947762e-05,9.930460306e-07,4.228342222e-07,1.223748983e-08,1.063646357e-06,4.370030931e-08,2.343403131e-05,1.117183188e-06,0.04970967095
1464.0,3.234406295e-06,4.08018155e-08,5.383714973e-06,1.174409041e-07,3.569510156e-06,1.293212983e-07,2.231933274e-05,9.403825662e-07,4.226735705e-07,1.221783585e-08,9.608942592e-07,4.292079167e-08,2.214248323e-05,-4.409214178e-07,0.04970923003
1465.0,2.991928598e-06,4.490517591e-08,5.272500567e-06,1.121119991e-07,3.236640374e-06,1.583762108e-07,3.381481218e-05,9.536557822e-07,4.198346973e-07,1.207792988e-08,1.093207498e-06,4.844232707e-08,2.250613722e-05,2.175030162e-06,0.04971140506
1466.0,3.995240053e-06,5.302266681e-08,7.236181049e-06,1.977873593e-07,4.246820787e-06,1.789188391e-07,3.231986145e-05,9.872608605e-07,4.249620279e-07,1.24096588e-08,1.065649193e-06,4.379829689e-08,2.329757703e-05,1.10632949e-06,0.04971251139
1467.0,3.197836235e-06,4.043216712e-08,5.361799726e-06,1.173674561e-07,3.575329858e-06,1.302389847e-07,2.513665347e-05,9.352008889e-07,4.257621244e-07,1.239971725e-08,9.628877659e-07,4.304590461e-08,2.202046418e-05,-3.690413186e-07,0.04971214235
1468.0,3.039264661e-06,4.553097052e-08,5.278510292e-06,1.108360707e-07,3.242473421e-06,1.578245712e-07,3.366930087e-05,9.536936201e-07,4.226633597e-07,1.220470148e-08,1.094367255e-06,4.853598616e-08,2.250705668e-05,2.177568837e-06,0.04971431991
1469.0,3.974404757e-06,5.321539087e-08,7.232910727e-06,1.975272387e-07,4.25324149e-06,1.793312742e-07,3.43127976e-05,9.813658192e-07,4.271366003e-07,1.249217072e-08,1.066341738e-06,4.383722787e-08,2.315845853e-05,9.606866986e-07,0.0497152806
1470.0,3.217881359e-06,4.0049411e-08,5.38170946e-06,1.170634826e-07,3.582588599e-06,1.308513609e-07,2.353403189e-05,9.357958931e-07,4.273828334e-07,1.246311444e-08,9.633846605e-07,4.310936706e-08,2.203444151e-05,-2.845359348e-07,0.04971499606
1471.0,3.008639403e-06,4.621678136e-08,5.261728608e-06,1.104670484e-07,3.22853433e-06,1.561234967e-07,3.400660656e-05,9.592838037e-07,4.235323242e-07,1.225705381e-08,1.093623936e-06,4.850744995e-08,2.263900797e-05,2.257651009e-06,0.04971725372
1472.0,3.990693843e-06,5.281387856e-08,7.256943244e-06,1.975121153e-07,4.252817936e-06,1.789894306e-07,3.263928699e-05,9.852711171e-07,4.272958423e-07,1.249490026e-08,1.065763046e-06,4.380962142e-08,2.325053356e-05,1.016746463e-06,0.04971827046
1473.0,3.197649136e-06,4.019935282e-08,5.371430666e-06,1.180324836e-07,3.580550794e-06,1.312149793e-07,2.410741427e-05,9.452714867e-07,4.27359904e-07,1.243204936e-08,9.619774241e-07,4.308085037e-08,2.225751909e-05,-3.470093978e-07,0.04971792345
1474.0,3.037224017e-06,4.666306974e-08,5.262163152e-06,1.105428152e-07,3.223826791e-06,1.551802409e-07,3.277184168e-05,9.559561485e-07,4.235930289e-07,1.22127864e-08,1.091647462e-06,4.84350123e-08,2.256052354e-05,2.274815361e-06,0.04972019827
1475.0,3.947768293e-06,5.233145301e-08,7.240622542e-06,1.985749837e-07,4.249178292e-06,1.792791713e-07,3.38358026e-05,9.920250655e-07,4.266472854e-07,1.23967356e-08,1.063615974e-06,4.371521874e-08,2.340993224e-05,1.115645687e-06,0.04972131391
1476.0,3.227440337e-06,4.024464159e-08,5.389438943e-06,1.19509367e-07,3.586555307e-06,1.326265744e-07,2.390923833e-05,9.391369652e-07,4.258260476e-07,1.229904256e-08,9.595703421e-07,4.296228577e-08,2.211308987e-05,-4.361933113e-07,0.04972087772
1477.0,2.998271824e-06,4.616122538e-08,5.269868026e-06,1.115238808e-07,3.223818142e-06,1.54691141e-07,3.414229005e-05,9.5185426e-07,4.218497473e-07,1.212044275e-08,1.088533869e-06,4.827883445e-08,2.24636023e-05,2.192250397e-06,0.04972306997
1478.0,3.981295759e-06,5.220189158e-08,7.280435653e-06,1.98807169e-07,4.256387913e-06,1.795092671e-07,3.356390737e-05,9.880007793e-07,4.241792865e-07,1.225868893e-08,1.06093494e-06,4.354046196e-08,2.331499156e-05,1.141371902e-06,0.04972421134
1479.0,3.169910843e-06,3.970237682e-08,5.380871101e-06,1.194516509e-07,3.581384129e-06,1.320633498e-07,2.38400583e-05,9.337660706e-07,4.227883637e-07,1.210839129e-08,9.557177348e-07,4.278606556e-08,2.198662661e-05,-3.829839416e-07,0.04972382836
1480.0,3.022687456e-06,4.59526589e-08,5.318030138e-06,1.127025189e-07,3.218934147e-06,1.535637141e-07,3.264813553e-05,9.514107767e-07,4.193374074e-07,1.199205583e-08,1.0844592e-06,4.808631791e-08,2.245311864e-05,2.18065581e-06,0.04972600901
1481.0,3.949576659e-06,5.194582548e-08,7.265758499e-06,1.991676213e-07,4.251802683e-06,1.790309342e-07,3.371759894e-05,9.801232611e-07,4.208027614e-07,1.206628039e-08,1.056972907e-06,4.336075614e-08,2.312904142e-05,9.989811622e-07,0.049727008
1482.0,3.209575484e-06,3.970561324e-08,5.416866257e-06,1.20614868e-07,3.587614645e-06,1.326786675e-07,2.338202269e-05,9.351469174e-07,4.176006487e-07,1.186204595e-08,9.512252113e-07,4.252335722e-08,2.201916273e-05,-2.733322063e-07,0.04972673466
1483.0,3.00289979e-06,4.589388432e-08,5.316095274e-06,1.130387287e-07,3.207810867e-06,1.521100342e-07,3.352999159e-05,9.558659049e-07,4.147887666e-07,1.181994833e-08,1.079980949e-06,4.786220985e-08,2.255828725e-05,2.25661233e-06,0.04972899128
1484.0,3.966228349e-06,5.146636157e-08,7.279149437e-06,1.989428814e-07,4.248787171e-06,1.78604812e-07,3.151358948e-05,9.844027801e-07,4.157236582e-07,1.186929512e-08,1.053472666e-06,4.31406692e-08,2.323002095e-05,1.04796944e-06,0.04973003925
1485.0,3.187426458e-06,4.020214028e-08,5.434901441e-06,1.219670063e-07,3.58108855e-06,1.325758684e-07,2.440370149e-05,9.464242381e-07,4.115351042e-07,1.158601442e-08,9.4632049e-07,4.228892174e-08,2.228461604e-05,-3.532033042e-07,0.04972968604
1486.0,3.023401162e-06,4.573715508e-08,5.314994288e-06,1.136631316e-07,3.203719354e-06,1.510519672e-07,3.179161048e-05,9.525062369e-07,4.101048984e-07,1.161405111e-08,1.076255545e-06,4.764620581e-08,2.247903198e-05,2.293843402e-06,0.04973197989
1487.0,3.934894242e-06,5.121412437e-08,7.254045091e-06,1.991812071e-07,4.248115938e-06,1.786058131e-07,3.453209351e-05,9.919621971e-07,4.109110196e-07,1.162096185e-08,1.050210418e-06,4.298989507e-08,2.340839001e-05,1.162973677e-06,0.04973314286
1488.0,3.228606571e-06,4.053455117e-08,5.431787072e-06,1.215671512e-07,3.584021958e-06,1.323569474e-07,2.320154296e-05,9.395520131e-07,4.050952231e-07,1.128324611e-08,9.426773936e-07,4.205527507e-08,2.212287945e-05,-4.345429212e-07,0.04973270832
1489.0,2.976784194e-06,4.485610107e-08,5.311078037e-06,1.131815629e-07,3.200811684e-06,1.505776178e-07,3.309908554e-05,9.48189734e-07,4.042993412e-07,1.136975248e-08,1.073224645e-06,4.74933585e-08,2.237708653e-05,2.207387197e-06,0.0497349157
1490.0,3.957395932e-06,5.111405887e-08,7.256218818e-06,1.982850635e-07,4.248142843e-06,1.783773323e-07,3.247148377e-05,9.841351681e-07,4.05417251e-07,1.138418518e-08,1.048423969e-06,4.284469343e-08,2.322376444e-05,1.149096602e-06,0.0497360648
1491.0,3.191098103e-06,4.072628515e-08,5.422189497e-06,1.204308349e-07,3.578389453e-06,1.317657734e-07,2.403290827e-05,9.352506673e-07,3.994128957e-07,1.100063935e-08,9.400188374e-07,4.193646438e-08,2.20215346e-05,-3.630515137e-07,0.04973570175
1492.0,3.012521718e-06,4.431044538e-08,5.312121765e-06,1.132606431e-07,3.202402414e-06,1.502477646e-07,3.32863101e-05,9.468996079e-07,3.996161804e-07,1.114868775e-08,1.07182169e-06,4.739547169e-08,2.234671395e-05,2.19554931e-06,0.0497378973
1493.0,3.961052062e-06,5.154094571e-08,7.2746675e-06,1.988020389e-07,4.254860028e-06,1.787857553e-07,3.467345396e-05,9.774158282e-07,4.014731556e-07,1.119531024e-08,1.047281128e-06,4.283895342e-08,2.306513396e-05,9.996882358e-07,0.04973889699
1494.0,3.245730119e-06,4.099099811e-08,5.415384793e-06,1.201086303e-07,3.586597827e-06,1.320892554e-07,2.422777494e-05,9.35405588e-07,3.947677058e-07,1.081285867e-08,9.392621767e-07,4.185282876e-08,2.202526517e-05,-2.45064638e-07,0.04973865192
1495.0,2.981697437e-06,4.376034892e-08,5.286135899e-06,1.118499885e-07,3.195874181e-06,1.493431756e-07,3.315039304e-05,9.517307037e-07,3.958333094e-07,1.10419488e-08,1.071716211e-06,4.741597723e-08,2.246067411e-05,2.26682576e-06,0.04974091875
1496.0,3.966094648e-06,5.139469451e-08,7.236475273e-06,1.969666394e-07,4.246145575e-06,1.779795736e-07,3.203261989e-05,9.809003015e-07,3.993989785e-07,1.118322273e-08,1.048422093e-06,4.285488094e-08,2.314739961e-05,1.056369036e-06,0.04974197512
1497.0,3.216309318e-06,4.181360645e-08,5.37516935e-06,1.182003531e-07,3.57744485e-06,1.311707842e-07,2.452285835e-05,9.480280331e-07,3.932212152e-07,1.080968635e-08,9.398240458e-07,4.191166422e-08,2.232240844e-05,-3.218789105e-07,0.04974165324
1498.0,3.00612612e-06,4.336319059e-08,5.260087071e-06,1.109030632e-07,3.198823768e-06,1.492954089e-07,3.252969781e-05,9.488901275e-07,3.966952154e-07,1.115043617e-08,1.073878174e-06,4.750453643e-08,2.239368558e-05,2.293515336e-06,0.04974394675
1499.0,3.946782513e-06,5.140046735e-08,7.225744397e-06,1.964351421e-07,4.247602552e-06,1.780305615e-07,3.409493074e-05,9.88233373e-07,4.009545697e-07,1.131910095e-08,1.05032617e-06,4.298946345e-08,2.332047898e-05,1.175065298e-06,0.04974512182
1500.0,3.255461563e-06,4.243072422e-08,5.357829785e-06,1.165464977e-07,3.575140517e-06,1.30411204e-07,2.257521371e-05,9.41122824e-07,3.945282626e-07,1.096528261e-08,9.41893283e-07,4.197490502e-08,2.215985875e-05,-4.213513967e-07,0.04974470047
1501.0,2.954889928e-06,4.248808975e-08,5.252745851e-06,1.107610032e-07,3.19944209e-06,1.50171637e-07,3.337084484e-05,9.447452168e-07,3.994529492e-07,1.134572064e-08,1.076496702e-06,4.76554301e-08,2.229581858e-05,2.203171364e-06,0.04974690364
1502.0,3.969470489e-06,5.17629299e-08,7.208270179e-06,1.95692046e-07,4.245501539e-06,1.77756536e-07,3.272870964e-05,9.808049338e-07,4.038554507e-07,1.153465821e-08,1.053079402e-06,4.307843209e-08,2.314518015e-05,1.15426759e-06,0.04974805791
1503.0,3.220235086e-06,4.242500181e-08,5.297860338e-06,1.149169929e-07,3.569609942e-06,1.299461956e-07,2.371118686e-05,9.370671881e-07,3.972273406e-07,1.116264522e-08,9.435012216e-07,4.208790092e-08,2.206440986e-05,-3.553638276e-07,0.04974770254
1504.0,2.970064017e-06,4.167399923e-08,5.244519605e-06,1.095497229e-07,3.205967684e-06,1.505221897e-07,3.16009958e-05,9.445362438e-07,4.029194949e-07,1.154380453e-08,1.079034451e-06,4.776599882e-08,2.229093455e-05,2.212906929e-06,0.04974991545
1505.0,3.948716412e-06,5.229919038e-08,7.202917073e-06,1.951625638e-07,4.241944401e-06,1.775580399e-07,3.316698144e-05,9.743779418e-07,4.071181848e-07,1.17008192e-08,1.05452235e-06,4.319317751e-08,2.29934897e-05,1.003006748e-06,0.04975091846
1506.0,3.249351353e-06,4.266522916e-08,5.307014567e-06,1.146684657e-07,3.571456367e-06,1.299786088e-07,2.295271451e-05,9.37672359e-07,3.997154389e-07,1.130174e-08,9.450074446e-07,4.211867758e-08,2.207865353e-05,-2.603843613e-07,0.04975065807
1507.0,2.963287628e-06,4.179073246e-08,5.245347312e-06,1.098420991e-07,3.213843698e-06,1.520787465e-07,3.558137507e-05,9.493269729e-07,4.052238489e-07,1.166451953e-08,1.080467291e-06,4.78474613e-08,2.240396802e-05,2.26080213e-06,0.04975291887
1508.0,3.993779008e-06,5.261644977e-08,7.208238299e-06,1.955751343e-07,4.246984305e-06,1.776928593e-07,3.303481158e-05,9.787632386e-07,4.090898717e-07,1.18030161e-08,1.055410944e-06,4.32160693e-08,2.309708714e-05,1.036241341e-06,0.04975395511
1509.0,3.232141234e-06,4.343631076e-08,5.306852878e-06,1.154578308e-07,3.572645303e-06,1.301886783e-07,2.519143133e-05,9.517173046e-07,4.011261056e-07,1.137346157e-08,9.446512056e-07,4.21210046e-08,2.240931113e-05,-3.333552034e-07,0.04975362176
1510.0,2.986069463e-06,4.171425497e-08,5.249384146e-06,1.104173387e-07,3.221496856e-06,1.528273559e-07,3.365079231e-05,9.471490863e-07,4.067053728e-07,1.168485911e-08,1.08048146e-06,4.784979562e-08,2.235264521e-05,2.296854066e-06,0.04975591861
1511.0,3.944785544e-06,5.226243287e-08,7.221565979e-06,1.960326527e-07,4.24824615e-06,1.775140593e-07,3.413637502e-05,9.845369199e-07,4.094870824e-07,1.177809356e-08,1.053964641e-06,4.318545971e-08,2.323332832e-05,1.137922894e-06,0.04975705654
1512.0,3.253270271e-06,4.318138913e-08,5.333287441e-06,1.143649533e-07,3.571494559e-06,1.29012275e-07,2.30171461e-05,9.447358265e-07,4.007578753e-07,1.133783604e-08,9.432857591e-07,4.201786134e-08,2.224492371e-05,-4.1780142e-07,0.04975663874
1513.0,2.934158604e-06,4.082619649e-08,5.23710026e-06,1.098121196e-07,3.220879674e-06,1.536789133e-07,3.371761432e-05,9.453055969e-07,4.057120472e-07,1.159795604e-08,1.078785471e-06,4.776537655e-08,2.230917095e-05,2.199955169e-06,0.04975883869
1514.0,3.967171611e-06,5.229865272e-08,7.244787452e-06,1.976083831e-07,4.242075111e-06,1.773650957e-07,3.22036227e-05,9.807724344e-07,4.081168585e-07,1.166064949e-08,1.051887001e-06,4.306153632e-08,2.314442038e-05,1.130571929e-06,0.04975996926
1515.0,3.213453248e-06,4.277855277e-08,5.320048697e-06,1.153085535e-07,3.560264001e-06,1.284402413e-07,2.435433286e-05,9.37644551e-07,3.994709908e-07,1.123692103e-08,9.406373592e-07,4.189752339e-08,2.207797777e-05,-3.439250379e-07,0.04975962534
1516.0,2.954555322e-06,4.060221984e-08,5.232267233e-06,1.10826974e-07,3.222481291e-06,1.545577126e-07,3.217540824e-05,9.461648596e-07,4.042428638e-07,1.140883382e-08,1.076360958e-06,4.761931891e-08,2.232946496e-05,2.208023448e-06,0.04976183336
1517.0,3.944980289e-06,5.274302645e-08,7.222102686e-06,1.982549896e-07,4.235638351e-06,1.770621534e-07,3.306634873e-05,9.750182873e-07,4.060009046e-07,1.148565956e-08,1.048534988e-06,4.29021327e-08,2.300860549e-05,9.888948998e-07,0.04976282226
1518.0,3.227377996e-06,4.202111268e-08,5.32320313e-06,1.155953008e-07,3.559264101e-06,1.275663259e-07,2.27650321e-05,9.392601647e-07,3.978265681e-07,1.107925497e-08,9.382468609e-07,4.173649035e-08,2.211609849e-05,-2.699530513e-07,0.0497625523
1519.0,2.9124046e-06,4.024025558e-08,5.21475044e-06,1.112606373e-07,3.221405697e-06,1.54881593e-07,3.339427609e-05,9.517204781e-07,4.008094127e-07,1.119460352e-08,1.073137662e-06,4.740499772e-08,2.24605486e-05,2.248969816e-06,0.04976480127
1520.0,3.965792902e-06,5.240486233e-08,7.249284183e-06,1.979461212e-07,4.236288285e-06,1.765078497e-07,3.172939925e-05,9.810894048e-07,4.027086052e-07,1.130411593e-08,1.045702552e-06,4.27223028e-08,2.315189807e-05,1.029603664e-06,0.04976583088
1521.0,3.193318569e-06,4.196063853e-08,5.313674376e-06,1.15459827e-07,3.55654538e-06,1.269152429e-07,2.364075589e-05,9.494225568e-07,3.955029118e-07,1.096384431e-08,9.357416605e-07,4.157938922e-08,2.235531959e-05,-3.258076998e-07,0.04976550507
1522.0,2.948674657e-06,4.045664012e-08,5.256993942e-06,1.112384266e-07,3.228499337e-06,1.550418011e-07,3.259196959e-05,9.501565299e-07,3.976314636e-07,1.096987641e-08,1.070438966e-06,4.724281344e-08,2.24236622e-05,2.28594583e-06,0.04976779101
1523.0,3.928182906e-06,5.177717897e-08,7.240799028e-06,1.981594402e-07,4.230318247e-06,1.757610654e-07,3.273932905e-05,9.888503369e-07,3.992825115e-07,1.113013568e-08,1.042850344e-06,4.257293649e-08,2.33350738e-05,1.128708223e-06,0.04976891972
1524.0,3.226144558e-06,4.15135085e-08,5.343032866e-06,1.159003641e-07,3.554065106e-06,1.262344938e-07,2.19611132e-05,9.426400185e-07,3.932157643e-07,1.081937539e-08,9.340345904e-07,4.147446468e-08,2.219558747e-05,-4.32093704e-07,0.04976848763
1525.0,2.919132407e-06,4.012059534e-08,5.234201766e-06,1.112746363e-07,3.223694686e-06,1.55259093e-07,3.309453085e-05,9.490566918e-07,3.939288639e-07,1.078327433e-08,1.068418407e-06,4.709756764e-08,2.239764692e-05,2.195922246e-06,0.04977068355
1526.0,3.962332105e-06,5.181984394e-08,7.25788853e-06,1.983079342e-07,4.23000785e-06,1.753656947e-07,3.190655744e-05,9.8433945e-07,3.961116824e-07,1.097420455e-08,1.0413858e-06,4.249195731e-08,2.32286462e-05,1.112420865e-06,0.04977179597
1527.0,3.192015061e-06,4.098382627e-08,5.353076419e-06,1.162673806e-07,3.551893732e-06,1.259310818e-07,2.432494921e-05,9.377874133e-07,3.909718764e-07,1.072384944e-08,9.33488768e-07,4.141805032e-08,2.208128638e-05,-3.520589095e-07,0.04977144391
1528.0,2.95938438e-06,4.080365817e-08,5.234402051e-06,1.111726242e-07,3.225612115e-06,1.552796354e-07,3.237966603e-05,9.50720534e-07,3.911976438e-07,1.063845528e-08,1.067858611e-06,4.708973216e-08,2.243700699e-05,2.186359696e-06,0.04977363027
1529.0,3.946589911e-06,5.228636503e-08,7.229183578e-06,1.987293173e-07,4.22800044e-06,1.754489822e-07,3.383423165e-05,9.785072994e-07,3.939451025e-07,1.087981407e-08,1.041013077e-06,4.247164766e-08,2.309093253e-05,9.529968708e-07,0.04977458327
1530.0,3.214063555e-06,4.016956838e-08,5.361619503e-06,1.162758182e-07,3.556083307e-06,1.259299818e-07,2.283076651e-05,9.372120885e-07,3.893708018e-07,1.06487383e-08,9.341208995e-07,4.145495701e-08,2.206781571e-05,-2.597279172e-07,0.04977432354
1531.0,2.93189048e-06,4.150435318e-08,5.213341545e-06,1.100776323e-07,3.221575006e-06,1.544187879e-07,3.33459044e-05,9.56640065e-07,3.889303297e-07,1.059519746e-08,1.068502703e-06,4.710275351e-08,2.257669415e-05,2.246645561e-06,0.04977657019
1532.0,3.965134949e-06,5.176559347e-08,7.239043936e-06,1.969174981e-07,4.228768932e-06,1.744165429e-07,3.186754559e-05,9.840684285e-07,3.926591502e-07,1.087953197e-08,1.042030343e-06,4.252426398e-08,2.32221663e-05,1.009929666e-06,0.04977758012
1533.0,3.185548502e-06,4.013536036e-08,5.336791619e-06,1.151454373e-07,3.554690941e-06,1.254272463e-07,2.396550511e-05,9.47379191e-07,3.895695387e-07,1.072659243e-08,9.35893656e-07,4.153975258e-08,2.230722499e-05,-3.379429402e-07,0.04977724217
1534.0,2.986530869e-06,4.264340365e-08,5.227199869e-06,1.09353093e-07,3.224431435e-06,1.544030335e-07,3.264600463e-05,9.548920209e-07,3.889594388e-07,1.065374972e-08,1.07029538e-06,4.722384999e-08,2.253535322e-05,2.271925069e-06,0.0497795141
1535.0,3.941762921e-06,5.159868931e-08,7.221101991e-06,1.971212638e-07,4.225571181e-06,1.744736365e-07,3.321440037e-05,9.920972052e-07,3.933751655e-07,1.096622577e-08,1.043797641e-06,4.260344503e-08,2.341165873e-05,1.122424176e-06,0.04978063652
1536.0,3.213507742e-06,4.00584726e-08,5.328004763e-06,1.153061142e-07,3.552373445e-06,1.253942525e-07,2.198561391e-05,9.400864148e-07,3.915302169e-07,1.08902316e-08,9.387637156e-07,4.16911763e-08,2.213549125e-05,-4.290695817e-07,0.04978020745
1537.0,2.952286752e-06,4.297334422e-08,5.182507089e-06,1.089220878e-07,3.215898036e-06,1.542217063e-07,3.310866145e-05,9.525506546e-07,3.899101999e-07,1.07982121e-08,1.072233859e-06,4.730208807e-08,2.248006022e-05,2.189169058e-06,0.04978239662
1538.0,3.971557142e-06,5.176372704e-08,7.21577006e-06,1.967582529e-07,4.229039602e-06,1.748431486e-07,3.220805843e-05,9.868989043e-07,3.94718656e-07,1.112014383e-08,1.046071736e-06,4.26988167e-08,2.328901872e-05,1.10582103e-06,0.04978350244
1539.0,3.174980541e-06,3.967978187e-08,5.300823588e-06,1.153556554e-07,3.553606936e-06,1.259196142e-07,2.408654481e-05,9.358696708e-07,3.943636211e-07,1.108345364e-08,9.412141291e-07,4.181660313e-08,2.203617841e-05,-3.8708419e-07,0.04978311536
1540.0,2.990461964e-06,4.374113682e-08,5.212098542e-06,1.0869679e-07,3.22043227e-06,1.540999662e-07,3.204461647e-05,9.534821954e-07,3.914314878e-07,1.092536567e-08,1.073556477e-06,4.739440574e-08,2.25020911e-05,2.188150663e-06,0.04978530351
1541.0,3.943883807e-06,5.208385048e-08,7.197320067e-06,1.965736854e-07,4.228607347e-06,1.751358516e-07,3.339462479e-05,9.819142091e-07,3.961488751e-07,1.123004124e-08,1.047210926e-06,4.275258966e-08,2.317130091e-05,9.73899032e-07,0.04978627741
1542.0,3.205538846e-06,3.950536119e-08,5.343528074e-06,1.153106108e-07,3.562150633e-06,1.266551331e-07,2.288236487e-05,9.353120116e-07,3.960984779e-07,1.119051669e-08,9.428405748e-07,4.191287318e-08,2.202305524e-05,-2.757032051e-07,0.04978600171
1543.0,2.970584426e-06,4.463299381e-08,5.18506802e-06,1.078080537e-07,3.210321377e-06,1.528717123e-07,3.277261388e-05,9.58789229e-07,3.919866512e-07,1.099871825e-08,1.073705842e-06,4.739372868e-08,2.262732779e-05,2.247730886e-06,0.04978824944
1544.0,3.966426409e-06,5.193356877e-08,7.208280811e-06,1.968313552e-07,4.228443558e-06,1.747840631e-07,3.175288498e-05,9.859276064e-07,3.965827459e-07,1.126935926e-08,1.04753794e-06,4.275534476e-08,2.326605008e-05,1.016970155e-06,0.04978926641
1545.0,3.183186456e-06,3.973703695e-08,5.320884515e-06,1.16066798e-07,3.5585378e-06,1.26875997e-07,2.386074496e-05,9.445614275e-07,3.968746544e-07,1.121545945e-08,9.426773132e-07,4.194361376e-08,2.224075402e-05,-3.44010237e-07,0.0497889224
1546.0,3.007288925e-06,4.536296463e-08,5.19928159e-06,1.081814431e-07,3.210034976e-06,1.523424053e-07,3.193609266e-05,9.558347387e-07,3.923517999e-07,1.098144295e-08,1.072734148e-06,4.737556649e-08,2.255761604e-05,2.276314342e-06,0.04979119871
1547.0,3.936439755e-06,5.167285697e-08,7.216893044e-06,1.972926416e-07,4.230169551e-06,1.750515164e-07,3.353846077e-05,9.928723683e-07,3.965889051e-07,1.121379605e-08,1.046279343e-06,4.271467898e-08,2.342989907e-05,1.125995822e-06,0.04979232471
1548.0,3.218653638e-06,3.994304845e-08,5.340202392e-06,1.175448584e-07,3.565709886e-06,1.280315632e-07,2.340779759e-05,9.388497513e-07,3.961407847e-07,1.113181689e-08,9.414789529e-07,4.190610094e-08,2.210634392e-05,-4.547896574e-07,0.04979186992
1549.0,2.994094442e-06,4.553056301e-08,5.228545625e-06,1.096225958e-07,3.215376855e-06,1.530272275e-07,3.559548346e-05,9.52477969e-07,3.91059692e-07,1.089955377e-08,1.070697963e-06,4.727115463e-08,2.247830699e-05,2.17358168e-06,0.0497940435
1550.0,3.982599856e-06,5.189639201e-08,7.251644852e-06,1.979975701e-07,4.240949032e-06,1.759862544e-07,3.328136463e-05,9.866447429e-07,3.952236267e-07,1.111488603e-08,1.0447254e-06,4.260651296e-08,2.328295456e-05,1.127632108e-06,0.04979517113
1551.0,3.173204606e-06,3.942522429e-08,5.347399723e-06,1.177665363e-07,3.568128587e-06,1.286588083e-07,2.454213681e-05,9.344779588e-07,3.944619495e-07,1.099213436e-08,9.390587909e-07,4.180487262e-08,2.200338225e-05,-3.703226598e-07,0.04979480081
1552.0,3.009636386e-06,4.530566793e-08,5.255877087e-06,1.101226349e-07,3.20700462e-06,1.515245776e-07,3.309778076e-05,9.528246007e-07,3.898801909e-07,1.079801277e-08,1.067820301e-06,4.712653532e-08,2.248654876e-05,2.196770264e-06,0.04979699758
1553.0,3.943196967e-06,5.15730675e-08,7.2660035e-06,1.979802686e-07,4.240862991e-06,1.758667359e-07,3.381513261e-05,9.794664064e-07,3.935926926e-07,1.096692464e-08,1.042105374e-06,4.249268677e-08,2.311354933e-05,9.830021437e-07,0.04979798058
1554.0,3.203905877e-06,3.938455379e-08,5.375694743e-06,1.184418518e-07,3.571547795e-06,1.289314366e-07,2.298128931e-05,9.354248435e-07,3.914783796e-07,1.08119535e-08,9.36184154e-07,4.165687898e-08,2.202567665e-05,-2.860454141e-07,0.04979769454
1555.0,2.987414479e-06,4.549083363e-08,5.253128305e-06,1.109093673e-07,3.199156038e-06,1.503159974e-07,3.416039039e-05,9.562805473e-07,3.874195869e-07,1.069883597e-08,1.064670279e-06,4.697602157e-08,2.256808826e-05,2.25954062e-06,0.04979995408
1556.0,3.969983937e-06,5.128688313e-08,7.258543716e-06,1.98222209e-07,4.238376589e-06,1.756698854e-07,3.261213542e-05,9.839588345e-07,3.908843493e-07,1.086304936e-08,1.040075693e-06,4.236437113e-08,2.321955971e-05,1.039120231e-06,0.0498009932
1557.0,3.182983029e-06,3.96663646e-08,5.377170604e-06,1.195869263e-07,3.570967058e-06,1.294195728e-07,2.44596291e-05,9.441836192e-07,3.883316351e-07,1.064275936e-08,9.331812325e-07,4.15298133e-08,2.223187881e-05,-3.274311599e-07,0.04980066576
1558.0,3.010567722e-06,4.518980075e-08,5.263226439e-06,1.10650924e-07,3.197295765e-06,1.491294978e-07,3.227131733e-05,9.531313077e-07,3.85576674e-07,1.062284823e-08,1.062287928e-06,4.68541085e-08,2.249380647e-05,2.286549442e-06,0.04980295231
1559.0,3.920714459e-06,5.072932316e-08,7.246647501e-06,1.985648772e-07,4.236122978e-06,1.7569327e-07,3.360221635e-05,9.902930865e-07,3.889734466e-07,1.075340964e-08,1.03813849e-06,4.230671518e-08,2.336903502e-05,1.14899077e-06,0.04980410131
1560.0,3.208011915e-06,3.989911768e-08,5.377058721e-06,1.196012819e-07,3.570806789e-06,1.295858595e-07,2.259579076e-05,9.387140405e-07,3.847867955e-07,1.047739041e-08,9.311188748e-07,4.141279223e-08,2.210309919e-05,-4.261215568e-07,0.04980367518
1561.0,2.978581255e-06,4.442199167e-08,5.27612443e-06,1.108756455e-07,3.196955195e-06,1.491029324e-07,3.38624942e-05,9.485707455e-07,3.831270133e-07,1.053907576e-08,1.060939867e-06,4.679354257e-08,2.238611338e-05,2.19984275e-06,0.04980587503
1562.0,3.957311017e-06,5.074986725e-08,7.265119058e-06,1.976796296e-07,4.240844576e-06,1.758749703e-07,3.207122935e-05,9.840159133e-07,3.869421136e-07,1.068794371e-08,1.038052893e-06,4.226605008e-08,2.322092641e-05,1.150081757e-06,0.04980702511
1563.0,3.183200142e-06,3.989519221e-08,5.374186099e-06,1.185324515e-07,3.571407718e-06,1.296779798e-07,2.487714746e-05,9.346488748e-07,3.820214417e-07,1.036317345e-08,9.301170574e-07,4.138302866e-08,2.200740584e-05,-3.633546893e-07,0.04980666175
1564.0,3.012328113e-06,4.408534034e-08,5.278988332e-06,1.110389793e-07,3.19665668e-06,1.48880385e-07,3.270830764e-05,9.481347149e-07,3.821150732e-07,1.050370833e-08,1.061101707e-06,4.678426762e-08,2.237585256e-05,2.195570164e-06,0.04980885732
1565.0,3.938279337e-06,5.10388182e-08,7.225235308e-06,1.975637149e-07,4.237395471e-06,1.7591821e-07,3.344604966e-05,9.769502769e-07,3.862127585e-07,1.066050493e-08,1.038528433e-06,4.232610642e-08,2.305412588e-05,1.015905151e-06,0.04980987323
1566.0,3.218353909e-06,4.023435992e-08,5.381228078e-06,1.177553066e-07,3.574419544e-06,1.297995548e-07,2.321670037e-05,9.362580867e-07,3.807188658e-07,1.031678076e-08,9.308558855e-07,4.138683774e-08,2.204533302e-05,-2.649785249e-07,0.04980960825
1567.0,2.970903028e-06,4.367742868e-08,5.26490153e-06,1.10065323e-07,3.189131831e-06,1.478995215e-07,3.311202246e-05,9.520231231e-07,3.818763426e-07,1.053117428e-08,1.062302072e-06,4.684638684e-08,2.246761256e-05,2.270542662e-06,0.04981187879
1568.0,3.964588598e-06,5.12198166e-08,7.218891599e-06,1.967162781e-07,4.236782444e-06,1.760076807e-07,3.216279465e-05,9.821822542e-07,3.872300196e-07,1.076585419e-08,1.040820164e-06,4.241310418e-08,2.317766173e-05,1.069601634e-06,0.04981294839
1569.0,3.211899392e-06,4.137878643e-08,5.362664297e-06,1.177319756e-07,3.568554265e-06,1.294696837e-07,2.488471996e-05,9.479621653e-07,3.819205886e-07,1.040933433e-08,9.326965e-07,4.148922876e-08,2.232079975e-05,-3.508195517e-07,0.04981259757
1570.0,3.003271986e-06,4.338475349e-08,5.243174459e-06,1.09958081e-07,3.194755896e-06,1.482871491e-07,3.230268819e-05,9.485595566e-07,3.85030806e-07,1.070485465e-08,1.065112043e-06,4.696298721e-08,2.238594523e-05,2.296948798e-06,0.04981489452
1571.0,3.933407009e-06,5.12478326e-08,7.190555423e-06,1.959213636e-07,4.23464629e-06,1.761422234e-07,3.366872521e-05,9.874569873e-07,3.910299165e-07,1.098400709e-08,1.043528256e-06,4.256579532e-08,2.330208091e-05,1.165155881e-06,0.04981605968
1572.0,3.241223839e-06,4.181636778e-08,5.328511624e-06,1.161106637e-07,3.568357995e-06,1.289843712e-07,2.27899206e-05,9.418240803e-07,3.846058004e-07,1.059615875e-08,9.354628469e-07,4.15792259e-08,2.217640232e-05,-4.305997871e-07,0.04981562908
1573.0,2.968437522e-06,4.257336907e-08,5.235229249e-06,1.092592894e-07,3.202329677e-06,1.498176165e-07,3.494377269e-05,9.444481193e-07,3.891959974e-07,1.094846074e-08,1.068351282e-06,4.71072983e-08,2.228881633e-05,2.195983817e-06,0.04981782506
1574.0,3.980763695e-06,5.163383288e-08,7.221048812e-06,1.953998911e-07,4.244283178e-06,1.768905812e-07,3.323994403e-05,9.809387503e-07,3.953035366e-07,1.123070819e-08,1.046785284e-06,4.267734658e-08,2.31483734e-05,1.145876185e-06,0.04981897094
1575.0,3.218579859e-06,4.184489628e-08,5.3387638e-06,1.1534545e-07,3.57055807e-06,1.292309483e-07,2.456626113e-05,9.379329061e-07,3.882736119e-07,1.080899322e-08,9.376669824e-07,4.168073447e-08,2.208475971e-05,-3.620683688e-07,0.04981860887
1576.0,2.97728409e-06,4.194255738e-08,5.218046448e-06,1.09118383e-07,3.201817756e-06,1.499578469e-07,3.210496627e-05,9.447285716e-07,3.937020608e-07,1.116274965e-08,1.071034814e-06,4.722971947e-08,2.22955182e-05,2.200577936e-06,0.04982080945
1577.0,3.952378587e-06,5.22054226e-08,7.220035206e-06,1.960942752e-07,4.242721325e-06,1.768362653e-07,3.375818174e-05,9.748460637e-07,3.991853204e-07,1.140192781e-08,1.048492188e-06,4.279003564e-08,2.300450258e-05,9.990481414e-07,0.0498218085
1578.0,3.248968795e-06,4.217808376e-08,5.314442203e-06,1.15473914e-07,3.569457891e-06,1.290396444e-07,2.329973283e-05,9.370694985e-07,3.908609554e-07,1.095073459e-08,9.390262412e-07,4.171730876e-08,2.206441166e-05,-2.453580915e-07,0.04982156314
1579.0,2.943619157e-06,4.163760448e-08,5.194192667e-06,1.086377878e-07,3.202900133e-06,1.503851617e-07,3.342531035e-05,9.494649741e-07,3.963146701e-07,1.128326695e-08,1.072500464e-06,4.729940614e-08,2.240731489e-05,2.266627334e-06,0.04982382977
1580.0,3.975899141e-06,5.236781848e-08,7.197288118e-06,1.955254204e-07,4.240806499e-06,1.76552221e-07,3.262471945e-05,9.803660602e-07,4.012772575e-07,1.149402657e-08,1.049130909e-06,4.280412423e-08,2.313482762e-05,1.058735486e-06,0.0498248885
1581.0,3.222861084e-06,4.294559017e-08,5.292323129e-06,1.147947446e-07,3.565286225e-06,1.285126768e-07,2.43187129e-05,9.488830711e-07,3.924743171e-07,1.101536978e-08,9.387646329e-07,4.170688116e-08,2.234253306e-05,-3.268847219e-07,0.04982456162
1582.0,2.971231799e-06,4.135949123e-08,5.224377961e-06,1.088859434e-07,3.212752938e-06,1.516026877e-07,3.276263969e-05,9.466525018e-07,3.978808489e-07,1.129201186e-08,1.072534911e-06,4.731398684e-08,2.234092877e-05,2.276489255e-06,0.04982683811
1583.0,3.940473021e-06,5.224732685e-08,7.223541654e-06,1.966806212e-07,4.240350861e-06,1.76664686e-07,3.326578742e-05,9.864286206e-07,4.019074657e-07,1.145455595e-08,1.047690006e-06,4.275720478e-08,2.327794365e-05,1.156896399e-06,0.049827995
1584.0,3.242741283e-06,4.306361544e-08,5.295036158e-06,1.150615651e-07,3.55975305e-06,1.276280124e-07,2.247355211e-05,9.434624227e-07,3.924260495e-07,1.096121911e-08,9.371541535e-07,4.161299018e-08,2.221499924e-05,-4.217488186e-07,0.04982757325
1585.0,2.930602877e-06,4.073822272e-08,5.229530034e-06,1.099036807e-07,3.212349452e-06,1.527669599e-07,3.307655792e-05,9.449668677e-07,3.973440975e-07,1.120118455e-08,1.071072544e-06,4.721222975e-08,2.230110387e-05,2.201337817e-06,0.04982977459
1586.0,3.966552206e-06,5.236313675e-08,7.224300843e-06,1.972043337e-07,4.236170599e-06,1.767427013e-07,3.154413499e-05,9.813399327e-07,4.006400474e-07,1.133293851e-08,1.045370868e-06,4.263023275e-08,2.315782178e-05,1.141365989e-06,0.04983091596
1587.0,3.20814086e-06,4.269594664e-08,5.296640989e-06,1.15765598e-07,3.557353329e-06,1.274918651e-07,2.455445696e-05,9.386963295e-07,3.917899031e-07,1.086028798e-08,9.346487353e-07,4.1467762e-08,2.21027368e-05,-3.696452075e-07,0.04983054631
1588.0,2.960029606e-06,4.046097609e-08,5.224210247e-06,1.110507547e-07,3.221723269e-06,1.538179707e-07,3.298317356e-05,9.455613551e-07,3.963867346e-07,1.103532799e-08,1.068749245e-06,4.708921481e-08,2.231523596e-05,2.19909143e-06,0.0498327454
1589.0,3.944913472e-06,5.280626108e-08,7.210355641e-06,1.976800878e-07,4.236799835e-06,1.769185517e-07,3.370863041e-05,9.760755781e-07,3.990092843e-07,1.117784573e-08,1.042092359e-06,4.245821731e-08,2.30335914e-05,9.94609121e-07,0.04983374001
1590.0,3.235474217e-06,4.227920996e-08,5.369635033e-06,1.158329811e-07,3.56517856e-06,1.272934828e-07,2.292348693e-05,9.392392464e-07,3.903147476e-07,1.075081565e-08,9.319825538e-07,4.131404728e-08,2.211551281e-05,-2.634566643e-07,0.04983347656
1591.0,2.915025517e-06,4.020038932e-08,5.245593197e-06,1.110046505e-07,3.219877862e-06,1.538873499e-07,3.269446911e-05,9.514626126e-07,3.933622792e-07,1.086432328e-08,1.065877631e-06,4.690156511e-08,2.245447267e-05,2.256115596e-06,0.04983573267
1592.0,3.970110918e-06,5.261281713e-08,7.247375695e-06,1.979556828e-07,4.236229864e-06,1.763532863e-07,3.219232218e-05,9.798765741e-07,3.957845523e-07,1.10289078e-08,1.039021983e-06,4.230343e-08,2.312329823e-05,1.01379988e-06,0.04983674647
1593.0,3.218820684e-06,4.203602789e-08,5.34319362e-06,1.163343616e-07,3.559827093e-06,1.266764028e-07,2.440146124e-05,9.487076309e-07,3.888174475e-07,1.069401923e-08,9.29640474e-07,4.118552709e-08,2.233848403e-05,-3.216143349e-07,0.04983642486
1594.0,2.958769076e-06,4.026043867e-08,5.271014279e-06,1.118422421e-07,3.226590923e-06,1.546051545e-07,3.219829723e-05,9.50128322e-07,3.906551222e-07,1.069315937e-08,1.063582325e-06,4.680153103e-08,2.242299688e-05,2.286138687e-06,0.049838711
1595.0,3.944165692e-06,5.227487886e-08,7.269529148e-06,1.987470534e-07,4.232341551e-06,1.764105219e-07,3.340069489e-05,9.883725252e-07,3.928993118e-07,1.089223625e-08,1.036190356e-06,4.216653519e-08,2.332375724e-05,1.130081379e-06,0.04983984108
1596.0,3.229189405e-06,4.169309788e-08,5.341074264e-06,1.165038054e-07,3.551784309e-06,1.260022424e-07,2.169230525e-05,9.426113933e-07,3.872433956e-07,1.061836351e-08,9.285333025e-07,4.115046352e-08,2.219497722e-05,-4.199551621e-07,0.04983942112
1597.0,2.918285059e-06,4.012444796e-08,5.24645786e-06,1.126350555e-07,3.22511977e-06,1.558852566e-07,3.416698081e-05,9.487330333e-07,3.870114947e-07,1.054872303e-08,1.062114437e-06,4.67085057e-08,2.238999506e-05,2.183024712e-06,0.04984160415
1598.0,3.975546653e-06,5.204598183e-08,7.267486034e-06,1.989393321e-07,4.235964074e-06,1.765325503e-07,3.257853135e-05,9.835738702e-07,3.896543398e-07,1.077292521e-08,1.035034485e-06,4.211797556e-08,2.321059175e-05,1.112953181e-06,0.0498427171
1599.0,3.192646607e-06,4.082059138e-08,5.34129195e-06,1.165078491e-07,3.556255138e-06,1.25981363e-07,2.464522926e-05,9.36530181e-07,3.859200343e-07,1.057174282e-08,9.288499648e-07,4.115262439e-08,2.205181575e-05,-3.551896904e-07,0.04984236191
1600.0,2.956586417e-06,4.030104048e-08,5.280189268e-06,1.113918877e-07,3.234696932e-06,1.558164821e-07,3.260669197e-05,9.495615734e-07,3.848443667e-07,1.043409608e-08,1.06230386e-06,4.673370996e-08,2.240955074e-05,2.184728145e-06,0.04984454664
1601.0,3.947679465e-06,5.223125599e-08,7.264373551e-06,1.97811921e-07,4.236951852e-06,1.760587719e-07,3.345173193e-05,9.794057576e-07,3.883798791e-07,1.071229173e-08,1.035316669e-06,4.212734668e-08,2.311222646e-05,9.634096956e-07,0.04984551005
1602.0,3.216792477e-06,4.036817902e-08,5.372939958e-06,1.164168506e-07,3.557901055e-06,1.256535242e-07,2.289355597e-05,9.380257374e-07,3.85270184e-07,1.056299262e-08,9.304410073e-07,4.125059158e-08,2.20869336e-05,-2.718107697e-07,0.04984523824
1603.0,2.944176116e-06,4.138691169e-08,5.233740624e-06,1.112059974e-07,3.224725098e-06,1.553567788e-07,3.368422502e-05,9.556202906e-07,3.836572826e-07,1.043295159e-08,1.063831415e-06,4.67951759e-08,2.25525708e-05,2.255676653e-06,0.04984749391
1604.0,3.98003902e-06,5.212689352e-08,7.256726392e-06,1.973935676e-07,4.234032452e-06,1.756217452e-07,3.239924185e-05,9.834114261e-07,3.881707541e-07,1.074430705e-08,1.037630544e-06,4.224027642e-08,2.320675753e-05,1.010048644e-06,0.04984850396
1605.0,3.201259664e-06,4.042339584e-08,5.35160819e-06,1.159823629e-07,3.555698098e-06,1.256039437e-07,2.437973862e-05,9.470167541e-07,3.870091346e-07,1.069291924e-08,9.333625086e-07,4.138768343e-08,2.229862712e-05,-3.330942605e-07,0.04984817087
1606.0,2.987995799e-06,4.228342088e-08,5.226466364e-06,1.101912456e-07,3.228589014e-06,1.553679355e-07,3.284084338e-05,9.54036315e-07,3.855134107e-07,1.055056887e-08,1.067058257e-06,4.698316336e-08,2.251525094e-05,2.27101405e-06,0.04985044188
1607.0,3.944547678e-06,5.1846025e-08,7.226677581e-06,1.975474706e-07,4.232687378e-06,1.757724707e-07,3.419051681e-05,9.916140155e-07,3.910608864e-07,1.089584604e-08,1.040781698e-06,4.238583795e-08,2.340026128e-05,1.103922971e-06,0.04985154581
1608.0,3.227820781e-06,4.019956005e-08,5.336030329e-06,1.156335092e-07,3.557121338e-06,1.260778535e-07,2.278843089e-05,9.404688558e-07,3.91651452e-07,1.092179085e-08,9.375378957e-07,4.159899743e-08,2.214447258e-05,-4.215437876e-07,0.04985112426
1609.0,2.95041077e-06,4.263990934e-08,5.17342353e-06,1.087191052e-07,3.223675195e-06,1.552543214e-07,3.345449092e-05,9.525428115e-07,3.89031534e-07,1.078582177e-08,1.070769767e-06,4.71465222e-08,2.247991822e-05,2.194181513e-06,0.04985331844
1610.0,3.9749692e-06,5.19243931e-08,7.243316211e-06,1.964127197e-07,4.238291291e-06,1.760938211e-07,3.315394621e-05,9.876442854e-07,3.950353253e-07,1.113216394e-08,1.044436081e-06,4.2546224e-08,2.330660943e-05,1.117309532e-06,0.04985443575
1611.0,3.178748884e-06,3.969106506e-08,5.334903678e-06,1.148201089e-07,3.556472274e-06,1.260389657e-07,2.379548395e-05,9.34529749e-07,3.968401533e-07,1.120103098e-08,9.413435879e-07,4.178604656e-08,2.200463236e-05,-3.724088511e-07,0.04985406334
1612.0,2.988118683e-06,4.323842729e-08,5.208596815e-06,1.086746175e-07,3.224711327e-06,1.551321335e-07,3.203574401e-05,9.533995599e-07,3.938492618e-07,1.10143981e-08,1.073814426e-06,4.733045853e-08,2.250008456e-05,2.18305804e-06,0.0498562464
1613.0,3.954502022e-06,5.217157179e-08,7.206634601e-06,1.965041739e-07,4.232877861e-06,1.759693304e-07,3.350041999e-05,9.810483712e-07,3.993936675e-07,1.134041018e-08,1.046974283e-06,4.267354187e-08,2.315090508e-05,9.730859291e-07,0.04985721949
1614.0,3.206813063e-06,3.958452563e-08,5.341099383e-06,1.152006439e-07,3.560275731e-06,1.266852303e-07,2.273704397e-05,9.34715961e-07,4.011798422e-07,1.1391704e-08,9.444928818e-07,4.195432253e-08,2.200902485e-05,-2.713561174e-07,0.04985694813
1615.0,2.979609755e-06,4.434491779e-08,5.2122488e-06,1.083577488e-07,3.218963163e-06,1.544448878e-07,3.33244144e-05,9.5881823e-07,3.974039806e-07,1.119051942e-08,1.075821139e-06,4.74179542e-08,2.262796611e-05,2.249885862e-06,0.04985919802
1616.0,3.97408891e-06,5.216978045e-08,7.196716816e-06,1.95988466e-07,4.232830231e-06,1.760423321e-07,3.148720312e-05,9.858216668e-07,4.024148775e-07,1.14780412e-08,1.048875372e-06,4.2763428e-08,2.326357054e-05,1.016246168e-06,0.04986021426
1617.0,3.190614511e-06,4.008946749e-08,5.314352649e-06,1.16356375e-07,3.562498272e-06,1.278364572e-07,2.518051524e-05,9.45736772e-07,4.04117113e-07,1.1511282e-08,9.457788323e-07,4.205680355e-08,2.226842055e-05,-3.57424817e-07,0.04985985684
1618.0,3.032033361e-06,4.534092886e-08,5.204977891e-06,1.089707967e-07,3.224933081e-06,1.543297568e-07,3.412516034e-05,9.552357164e-07,4.002079046e-07,1.127810493e-08,1.076441461e-06,4.74863254e-08,2.254351271e-05,2.267195003e-06,0.04986212403
1619.0,3.944461521e-06,5.196237407e-08,7.186523824e-06,1.962730053e-07,4.239338647e-06,1.765115943e-07,3.390596229e-05,9.924022875e-07,4.043323767e-07,1.15166977e-08,1.04890554e-06,4.278712179e-08,2.341885596e-05,1.115394773e-06,0.04986323943
1620.0,3.208256961e-06,3.974630399e-08,5.349610957e-06,1.159137966e-07,3.569827251e-06,1.281015492e-07,2.277953873e-05,9.397441062e-07,4.050098247e-07,1.150034507e-08,9.454288703e-07,4.206811155e-08,2.212733427e-05,-4.349365967e-07,0.04986280449
1621.0,2.980898112e-06,4.507504919e-08,5.242117898e-06,1.088808249e-07,3.219840659e-06,1.536765503e-07,3.420753302e-05,9.534107161e-07,4.004508473e-07,1.12859204e-08,1.075330344e-06,4.743958391e-08,2.250040485e-05,2.190223939e-06,0.04986499472
1622.0,3.980961057e-06,5.210842126e-08,7.24283022e-06,1.973891889e-07,4.24386986e-06,1.770194934e-07,3.316449332e-05,9.856243072e-07,4.043230858e-07,1.14797856e-08,1.04804809e-06,4.273695607e-08,2.325884532e-05,1.116662498e-06,0.04986611138
1623.0,3.179600372e-06,3.943968546e-08,5.336164644e-06,1.17232398e-07,3.567411974e-06,1.288061139e-07,2.408416554e-05,9.339958095e-07,4.042486327e-07,1.141248269e-08,9.436268163e-07,4.200832189e-08,2.199203004e-05,-3.742594013e-07,0.04986573712
1624.0,3.013593527e-06,4.518669687e-08,5.260013784e-06,1.100539292e-07,3.214543725e-06,1.530957966e-07,3.273963617e-05,9.525110818e-07,4.002030034e-07,1.121258347e-08,1.07317012e-06,4.735300998e-08,2.247912432e-05,2.186624052e-06,0.04986792374
1625.0,3.953078572e-06,5.193957876e-08,7.248771246e-06,1.978636629e-07,4.243409628e-06,1.77160423e-07,3.363431002e-05,9.790309198e-07,4.035382387e-07,1.136460906e-08,1.045890102e-06,4.264668981e-08,2.31032339e-05,9.784464726e-07,0.04986890219
1626.0,3.20451611e-06,3.923791533e-08,5.358029682e-06,1.178989443e-07,3.576377575e-06,1.296852508e-07,2.300823881e-05,9.339258542e-07,4.019133926e-07,1.124584703e-08,9.409616224e-07,4.187094451e-08,2.199039584e-05,-2.715163968e-07,0.04986863067
1627.0,2.988044921e-06,4.545883282e-08,5.246159405e-06,1.107640435e-07,3.206262623e-06,1.515755872e-07,3.41736813e-05,9.570098594e-07,3.981552128e-07,1.111739011e-08,1.070179118e-06,4.720888959e-08,2.25852889e-05,2.251312332e-06,0.04987088199
1628.0,3.967268005e-06,5.150057877e-08,7.227724729e-06,1.978883415e-07,4.239516185e-06,1.768502011e-07,3.219552223e-05,9.854183754e-07,4.009528525e-07,1.125257898e-08,1.043598012e-06,4.251550438e-08,2.325401014e-05,1.051400477e-06,0.04987193339
1629.0,3.165425572e-06,3.95932719e-08,5.337434152e-06,1.186932401e-07,3.568443844e-06,1.297471928e-07,2.403494657e-05,9.442414308e-07,3.985185748e-07,1.106130262e-08,9.377047236e-07,4.171979786e-08,2.223320594e-05,-3.382261106e-07,0.04987159516
1630.0,3.004841358e-06,4.527842108e-08,5.281157786e-06,1.106169808e-07,3.203824138e-06,1.503460983e-07,3.212260584e-05,9.53329613e-07,3.958584848e-07,1.102212679e-08,1.067210725e-06,4.706696777e-08,2.24984627e-05,2.287070714e-06,0.04987388223
1631.0,3.914892966e-06,5.090127156e-08,7.226928613e-06,1.973130745e-07,4.236449126e-06,1.763379476e-07,3.287802454e-05,9.913240417e-07,3.983807189e-07,1.111851498e-08,1.041011227e-06,4.241193128e-08,2.339336391e-05,1.155372462e-06,0.0498750376
1632.0,3.197774652e-06,3.970689211e-08,5.376428298e-06,1.193845576e-07,3.570844776e-06,1.2959385e-07,2.226241818e-05,9.401915453e-07,3.943986243e-07,1.086673789e-08,9.348096199e-07,4.155254164e-08,2.21378821e-05,-4.473826363e-07,0.04987459022
1633.0,2.980358928e-06,4.467301914e-08,5.26977107e-06,1.11517464e-07,3.197648112e-06,1.497820521e-07,3.380260573e-05,9.493904849e-07,3.927834632e-07,1.090293826e-08,1.064732032e-06,4.693942208e-08,2.240542253e-05,2.205761293e-06,0.04987679598
1634.0,3.959789895e-06,5.094685488e-08,7.247866911e-06,1.973141505e-07,4.241203337e-06,1.766370383e-07,3.22122949e-05,9.848402835e-07,3.952424305e-07,1.09981449e-08,1.0397963e-06,4.231541152e-08,2.324040432e-05,1.149679991e-06,0.04987794566
1635.0,3.176858617e-06,3.976097045e-08,5.375999015e-06,1.190351946e-07,3.568149433e-06,1.297195827e-07,2.3679707e-05,9.353143446e-07,3.902302924e-07,1.06707525e-08,9.32448984e-07,4.145291049e-08,2.202299557e-05,-3.77383401e-07,0.04987756828
1636.0,3.006644766e-06,4.438271715e-08,5.270299461e-06,1.117696388e-07,3.199047669e-06,1.496557516e-07,3.327941505e-05,9.478363297e-07,3.899848869e-07,1.078177206e-08,1.063495092e-06,4.686325431e-08,2.236886159e-05,2.184611247e-06,0.04987975289
1637.0,3.947857092e-06,5.141839717e-08,7.243306118e-06,1.985248744e-07,4.245591785e-06,1.773686541e-07,3.473148693e-05,9.770108078e-07,3.92628153e-07,1.086058274e-08,1.039113411e-06,4.230896405e-08,2.305549027e-05,9.862401439e-07,0.04988073913
1638.0,3.224194489e-06,3.984801328e-08,5.365235788e-06,1.190178735e-07,3.577932105e-06,1.303502779e-07,2.37806976e-05,9.353467909e-07,3.867212941e-07,1.0512327e-08,9.317213223e-07,4.137826606e-08,2.202382894e-05,-2.610519392e-07,0.04988047808
1639.0,2.972981444e-06,4.404805646e-08,5.239330914e-06,1.106358084e-07,3.194459439e-06,1.484552717e-07,3.341992882e-05,9.52169791e-07,3.872883482e-07,1.068438619e-08,1.063271971e-06,4.684888509e-08,2.247112014e-05,2.257580102e-06,0.04988273566
1640.0,3.956075981e-06,5.092691376e-08,7.236198377e-06,1.962113673e-07,4.24328414e-06,1.76396934e-07,3.203953826e-05,9.813118749e-07,3.90739513e-07,1.081399715e-08,1.039963227e-06,4.231923431e-08,2.315707266e-05,1.046620264e-06,0.04988378228
1641.0,3.189483853e-06,4.060299485e-08,5.352843478e-06,1.172285256e-07,3.572839958e-06,1.297117239e-07,2.390586147e-05,9.472193022e-07,3.850803195e-07,1.045099799e-08,9.32227636e-07,4.142651917e-08,2.230336092e-05,-3.320392318e-07,0.04988345024
1642.0,3.00110389e-06,4.375790019e-08,5.249656243e-06,1.098616064e-07,3.195347056e-06,1.484231208e-07,3.25460244e-05,9.486671851e-07,3.871820037e-07,1.069469669e-08,1.064766488e-06,4.691599316e-08,2.238837598e-05,2.282447531e-06,0.04988573269
1643.0,3.932766812e-06,5.080515891e-08,7.195885287e-06,1.958321429e-07,4.23996928e-06,1.764691385e-07,3.324881267e-05,9.881802204e-07,3.917628558e-07,1.088983354e-08,1.041762607e-06,4.245742358e-08,2.331922344e-05,1.168064035e-06,0.04988690075
1644.0,3.233357702e-06,4.123274346e-08,5.330565974e-06,1.163553883e-07,3.570156437e-06,1.292416838e-07,2.275031663e-05,9.393837703e-07,3.855710972e-07,1.05156911e-08,9.344144582e-07,4.150437317e-08,2.211887015e-05,-4.185955547e-07,0.04988648216
1645.0,2.977863557e-06,4.309606312e-08,5.245627291e-06,1.096378821e-07,3.199916226e-06,1.493890256e-07,3.443293286e-05,9.449097121e-07,3.894453514e-07,1.086693369e-08,1.067509765e-06,4.70643412e-08,2.229970843e-05,2.196201428e-06,0.04988867836
1646.0,3.968944233e-06,5.108983334e-08,7.191535022e-06,1.94448657e-07,4.244901096e-06,1.767775019e-07,3.241817045e-05,9.81582609e-07,3.951037991e-07,1.111558181e-08,1.045157439e-06,4.25884728e-08,2.316353561e-05,1.14790914e-06,0.04988982627
1647.0,3.208221673e-06,4.15483367e-08,5.292510607e-06,1.152960735e-07,3.570018534e-06,1.294748561e-07,2.521737884e-05,9.382135002e-07,3.88772891e-07,1.072999064e-08,9.367592953e-07,4.165348298e-08,2.209131053e-05,-3.700779063e-07,0.04988945619
1648.0,2.993247993e-06,4.250408473e-08,5.217817908e-06,1.091468091e-07,3.204679988e-06,1.499452092e-07,3.2968007e-05,9.452230195e-07,3.93993676e-07,1.110363524e-08,1.070661274e-06,4.721191265e-08,2.230717021e-05,2.205363296e-06,0.04989166155
1649.0,3.942056667e-06,5.158990702e-08,7.15367327e-06,1.942197693e-07,4.245804743e-06,1.772683529e-07,3.415256603e-05,9.743774768e-07,3.993338876e-07,1.133901629e-08,1.047531323e-06,4.275802397e-08,2.299347035e-05,1.000312917e-06,0.04989266186
1650.0,3.230418528e-06,4.142959368e-08,5.314859311e-06,1.134752834e-07,3.575084196e-06,1.291438746e-07,2.289977299e-05,9.381019559e-07,3.92164129e-07,1.094323381e-08,9.390148296e-07,4.174330463e-08,2.208871172e-05,-2.576280182e-07,0.04989240424
1651.0,2.935543078e-06,4.180234526e-08,5.187253782e-06,1.075026917e-07,3.200351306e-06,1.495583161e-07,3.273270929e-05,9.497574092e-07,3.975314704e-07,1.130187131e-08,1.072945018e-06,4.735265446e-08,2.241421643e-05,2.263779678e-06,0.04989466802
1652.0,3.956173107e-06,5.158997409e-08,7.154234524e-06,1.934660908e-07,4.237375033e-06,1.761582638e-07,3.163797932e-05,9.793859846e-07,4.025436764e-07,1.152702413e-08,1.049706148e-06,4.284666822e-08,2.311162628e-05,1.048459755e-06,0.04989571648
1653.0,3.206627072e-06,4.203423056e-08,5.247937478e-06,1.132496254e-07,3.561152431e-06,1.281956347e-07,2.407622743e-05,9.481339135e-07,3.953222552e-07,1.111650666e-08,9.401190036e-07,4.184230108e-08,2.232493041e-05,-3.202711518e-07,0.0498953962
1654.0,2.975315138e-06,4.178708057e-08,5.193832187e-06,1.079088526e-07,3.209352684e-06,1.50860107e-07,3.267746724e-05,9.475973502e-07,4.008748527e-07,1.143133855e-08,1.074641783e-06,4.74442517e-08,2.236322436e-05,2.29320109e-06,0.04989768941
1655.0,3.935098074e-06,5.170858792e-08,7.165966155e-06,1.938937134e-07,4.237504781e-06,1.765745618e-07,3.331163335e-05,9.866203374e-07,4.049093148e-07,1.161089315e-08,1.04978555e-06,4.291540534e-08,2.328231589e-05,1.157796072e-06,0.0498988472
1656.0,3.23433841e-06,4.24072562e-08,5.249474562e-06,1.131416629e-07,3.558054981e-06,1.278702585e-07,2.204299572e-05,9.4324409e-07,3.969281113e-07,1.119112336e-08,9.40305717e-07,4.184634135e-08,2.220987626e-05,-4.310453896e-07,0.04989841616
1657.0,2.92803803e-06,4.119167908e-08,5.165369052e-06,1.08898461e-07,3.208710188e-06,1.526056694e-07,3.382433368e-05,9.44715001e-07,4.018172227e-07,1.145963694e-08,1.074466218e-06,4.746713918e-08,2.22951176e-05,2.184917828e-06,0.04990060107
1658.0,3.952203025e-06,5.151082319e-08,7.15126933e-06,1.946988778e-07,4.2352729e-06,1.764430132e-07,3.237183241e-05,9.804856923e-07,4.049371619e-07,1.159253358e-08,1.049035867e-06,4.286675189e-08,2.313770384e-05,1.136461717e-06,0.04990173754
1659.0,3.184259101e-06,4.174545153e-08,5.234481265e-06,1.129600557e-07,3.55557962e-06,1.275281747e-07,2.379521814e-05,9.382555428e-07,3.97087464e-07,1.118268252e-08,9.388512794e-07,4.179890474e-08,2.209237835e-05,-3.541301897e-07,0.04990138341
1660.0,2.941031705e-06,4.0557376e-08,5.200195762e-06,1.083786647e-07,3.218223332e-06,1.529885711e-07,3.170322749e-05,9.45449306e-07,4.019270352e-07,1.137951543e-08,1.073208843e-06,4.740481205e-08,2.231247486e-05,2.19498004e-06,0.04990357839
1661.0,3.921707572e-06,5.186280934e-08,7.169074352e-06,1.947095792e-07,4.238849076e-06,1.765622598e-07,3.29873352e-05,9.765027768e-07,4.040243727e-07,1.147514083e-08,1.046504428e-06,4.277118021e-08,2.304367738e-05,9.95413676e-07,0.0499045738
1662.0,3.214031432e-06,4.142346527e-08,5.279024058e-06,1.137020177e-07,3.55842347e-06,1.270440035e-07,2.272772344e-05,9.389223057e-07,3.962391256e-07,1.109641401e-08,9.367300055e-07,4.167728776e-08,2.210804622e-05,-2.675665989e-07,0.04990430623
1663.0,2.917555819e-06,4.051537094e-08,5.178556889e-06,1.093442618e-07,3.213918075e-06,1.53267709e-07,3.292844821e-05,9.512591274e-07,3.995996153e-07,1.123283603e-08,1.070551846e-06,4.72594605e-08,2.244964278e-05,2.26045104e-06,0.04990656668
1664.0,3.947186178e-06,5.169334531e-08,7.176683521e-06,1.951051304e-07,4.229984131e-06,1.756891389e-07,3.124259756e-05,9.811834846e-07,4.01688213e-07,1.133354108e-08,1.043734807e-06,4.260959696e-08,2.315409762e-05,1.043046292e-06,0.04990760973
1665.0,3.187695095e-06,4.151814359e-08,5.281375171e-06,1.141607861e-07,3.55108901e-06,1.263000217e-07,2.335186648e-05,9.489896093e-07,3.948623177e-07,1.101188825e-08,9.339432717e-07,4.153635908e-08,2.234506505e-05,-3.302532001e-07,0.04990727948
1666.0,2.940043497e-06,4.041323021e-08,5.193503338e-06,1.095950076e-07,3.219399754e-06,1.537284053e-07,3.159954136e-05,9.494569848e-07,3.970281574e-07,1.104320095e-08,1.067713954e-06,4.710150557e-08,2.240713657e-05,2.277710956e-06,0.04990955719
1667.0,3.921048258e-06,5.160364475e-08,7.188379592e-06,1.969675064e-07,4.231041235e-06,1.759578464e-07,3.419844584e-05,9.898531029e-07,3.985255539e-07,1.11733097e-08,1.03997387e-06,4.242820711e-08,2.335866901e-05,1.129718928e-06,0.04991068691
1668.0,3.222199512e-06,4.114289467e-08,5.29828482e-06,1.151130909e-07,3.554092349e-06,1.260426713e-07,2.263868534e-05,9.432718572e-07,3.925777469e-07,1.089746609e-08,9.313809401e-07,4.138778541e-08,2.221050899e-05,-4.227307795e-07,0.04991026418
1669.0,2.898941853e-06,3.998031559e-08,5.166254721e-06,1.096568851e-07,3.218842328e-06,1.545264717e-07,3.306541338e-05,9.481386212e-07,3.926554543e-07,1.085864707e-08,1.064511146e-06,4.689296223e-08,2.237597873e-05,2.193063776e-06,0.04991245724
1670.0,3.936797257e-06,5.116335166e-08,7.224469491e-06,1.963207658e-07,4.231200722e-06,1.753159837e-07,3.192594414e-05,9.831726874e-07,3.941683058e-07,1.099917928e-08,1.036803766e-06,4.224319338e-08,2.320105318e-05,1.122826631e-06,0.04991358007
1671.0,3.160767022e-06,4.012731601e-08,5.302623723e-06,1.14303372e-07,3.548765342e-06,1.250357647e-07,2.324114218e-05,9.374913728e-07,3.895082152e-07,1.077952225e-08,9.28949711e-07,4.123762891e-08,2.207441629e-05,-3.597338366e-07,0.04991322033
1672.0,2.927867339e-06,3.985404092e-08,5.203185822e-06,1.096838397e-07,3.22303412e-06,1.544868288e-07,3.167751533e-05,9.492790897e-07,3.886192196e-07,1.063044695e-08,1.061814233e-06,4.675040844e-08,2.240286401e-05,2.184096585e-06,0.04991540443
1673.0,3.927764221e-06,5.139555505e-08,7.183989107e-06,1.963005929e-07,4.226463104e-06,1.747445202e-07,3.344259745e-05,9.790289576e-07,3.900693927e-07,1.080760199e-08,1.033900424e-06,4.208730957e-08,2.310325788e-05,9.885932574e-07,0.04991639302
1674.0,3.197617746e-06,3.965212995e-08,5.328307915e-06,1.148162698e-07,3.55157663e-06,1.249544067e-07,2.261716065e-05,9.365565759e-07,3.858687215e-07,1.061563773e-08,9.274106962e-07,4.114539342e-08,2.205237651e-05,-2.651770383e-07,0.04991612785
1675.0,2.918351232e-06,4.054978575e-08,5.204504328e-06,1.094494522e-07,3.217642223e-06,1.543586521e-07,3.334870483e-05,9.553172646e-07,3.835869798e-07,1.043215317e-08,1.059939202e-06,4.662421722e-08,2.254532971e-05,2.249644729e-06,0.04991837749
1676.0,3.949408544e-06,5.128489429e-08,7.17563127e-06,1.95592915e-07,4.220013929e-06,1.741271088e-07,3.126498246e-05,9.836269615e-07,3.856159944e-07,1.064047883e-08,1.032417859e-06,4.20100557e-08,2.32118286e-05,1.022310435e-06,0.0499193998
1677.0,3.172690221e-06,3.995612938e-08,5.295852843e-06,1.153598511e-07,3.546801568e-06,1.250701011e-07,2.480032175e-05,9.497995403e-07,3.824071016e-07,1.047794612e-08,9.266116082e-07,4.108937467e-08,2.23641226e-05,-3.529718716e-07,0.04991904683
1678.0,2.963379187e-06,4.136077267e-08,5.191578194e-06,1.094566701e-07,3.222285479e-06,1.544425415e-07,3.248338317e-05,9.530835474e-07,3.80002077e-07,1.026746222e-08,1.059385615e-06,4.661915965e-08,2.249271559e-05,2.269811988e-06,0.04992131664
1679.0,3.914429957e-06,5.084361096e-08,7.163449606e-06,1.952283965e-07,4.222987567e-06,1.738265337e-07,3.323893832e-05,9.912244074e-07,3.824935409e-07,1.051386659e-08,1.031903564e-06,4.197177678e-08,2.339111338e-05,1.121674876e-06,0.04992243832
1680.0,3.196747143e-06,3.939600679e-08,5.314210738e-06,1.135551266e-07,3.551205551e-06,1.242925953e-07,2.275237448e-05,9.405433775e-07,3.797062704e-07,1.038621493e-08,9.269859649e-07,4.111314746e-08,2.214617595e-05,-4.309914084e-07,0.04992200732
1681.0,2.932564796e-06,4.165042829e-08,5.189844975e-06,1.077516901e-07,3.222955464e-06,1.544111431e-07,3.380827227e-05,9.517733492e-07,3.768687971e-07,1.021122309e-08,1.059804108e-06,4.662380104e-08,2.246178375e-05,2.180135877e-06,0.04992418746
1682.0,3.951502813e-06,5.099869836e-08,7.191896365e-06,1.955233293e-07,4.226285879e-06,1.740110446e-07,3.238563779e-05,9.85296039e-07,3.802302509e-07,1.047565462e-08,1.032652839e-06,4.200168773e-08,2.325110924e-05,1.104209762e-06,0.04992529167
1683.0,3.164324302e-06,3.898425379e-08,5.27492292e-06,1.134428892e-07,3.54709494e-06,1.245041273e-07,2.429164117e-05,9.35270625e-07,3.788198795e-07,1.043263233e-08,9.283433298e-07,4.117195554e-08,2.202205843e-05,-3.554311113e-07,0.04992493624
1684.0,2.966103235e-06,4.23220569e-08,5.179212364e-06,1.075280488e-07,3.217799293e-06,1.538028159e-07,3.185940859e-05,9.52232322e-07,3.762120721e-07,1.023952956e-08,1.060864037e-06,4.669804665e-08,2.24726215e-05,2.188572169e-06,0.04992712481
1685.0,3.929078449e-06,5.118914849e-08,7.168954705e-06,1.952867589e-07,4.223891473e-06,1.741168566e-07,3.346958188e-05,9.805043985e-07,3.799994112e-07,1.052340924e-08,1.033557827e-06,4.20360099e-08,2.31380184e-05,9.815846472e-07,0.0499281064
1686.0,3.182048586e-06,3.863778301e-08,5.268450717e-06,1.129759096e-07,3.549042101e-06,1.244561003e-07,2.27160781e-05,9.35441817e-07,3.796231342e-07,1.051815942e-08,9.300091692e-07,4.126620076e-08,2.202614006e-05,-2.826833079e-07,0.04992782371
1687.0,2.941396786e-06,4.30457427e-08,5.141397857e-06,1.069247596e-07,3.211594424e-06,1.532282331e-07,3.373007984e-05,9.577785282e-07,3.757875877e-07,1.031773092e-08,1.061495432e-06,4.672526556e-08,2.260344909e-05,2.234141871e-06,0.04993005785
1688.0,3.954005957e-06,5.108598001e-08,7.156775829e-06,1.950546549e-07,4.223328918e-06,1.740552263e-07,3.184282043e-05,9.856672068e-07,3.802371986e-07,1.060438152e-08,1.03445643e-06,4.207470486e-08,2.325987616e-05,1.028452728e-06,0.04993108631
1689.0,3.149112769e-06,3.888747165e-08,5.221962252e-06,1.125428746e-07,3.547435775e-06,1.246446234e-07,2.381963196e-05,9.44956245e-07,3.806410236e-07,1.060251214e-08,9.3086737e-07,4.133414263e-08,2.225009484e-05,-3.395658196e-07,0.04993074674
1690.0,2.977870593e-06,4.37927834e-08,5.165338201e-06,1.05769832e-07,3.213714546e-06,1.524000166e-07,3.228443604e-05,9.549905135e-07,3.765612227e-07,1.036982007e-08,1.061598084e-06,4.676202678e-08,2.253769085e-05,2.273611306e-06,0.04993302035
1691.0,3.902685951e-06,5.070650394e-08,7.15893121e-06,1.94825464e-07,4.221158804e-06,1.736577353e-07,3.273183575e-05,9.92671283e-07,3.810519614e-07,1.06397224e-08,1.03438571e-06,4.208717717e-08,2.342517775e-05,1.134382523e-06,0.04993415474
1692.0,3.18260164e-06,3.88359289e-08,5.24441439e-06,1.132854955e-07,3.550737233e-06,1.251325053e-07,2.247540628e-05,9.383524414e-07,3.809378591e-07,1.06165222e-08,9.31062918e-07,4.136376654e-08,2.20945705e-05,-4.474081142e-07,0.04993370733
1693.0,2.966982215e-06,4.39213234e-08,5.172842479e-06,1.066022244e-07,3.212899371e-06,1.525153669e-07,3.462526083e-05,9.518201655e-07,3.764078447e-07,1.038326147e-08,1.060753251e-06,4.672514579e-08,2.246280809e-05,2.183596229e-06,0.04993589092
1694.0,3.947939092e-06,5.083745213e-08,7.175063956e-06,1.951487226e-07,4.228864363e-06,1.740835247e-07,3.216472769e-05,9.864444915e-07,3.807849946e-07,1.064196426e-08,1.033968591e-06,4.20619961e-08,2.327825144e-05,1.120123427e-06,0.04993701105
1695.0,3.153345402e-06,3.868830602e-08,5.262292913e-06,1.140786491e-07,3.553238396e-06,1.257872095e-07,2.448363265e-05,9.348821712e-07,3.803993188e-07,1.057257887e-08,9.299007452e-07,4.134256269e-08,2.201281585e-05,-3.627882874e-07,0.04993664826
1696.0,2.986665406e-06,4.410478614e-08,5.171524545e-06,1.073589302e-07,3.206005847e-06,1.514426428e-07,3.294006444e-05,9.526273056e-07,3.76079203e-07,1.034799581e-08,1.058929177e-06,4.666028541e-08,2.248194706e-05,2.188163956e-06,0.04993883642
1697.0,3.920324247e-06,5.105345905e-08,7.170504786e-06,1.964629779e-07,4.228972441e-06,1.745188278e-07,3.410125272e-05,9.788405448e-07,3.800845364e-07,1.056619189e-08,1.032245236e-06,4.200453572e-08,2.30987198e-05,9.717074858e-07,0.04993980813
1698.0,3.177332385e-06,3.830186387e-08,5.278218575e-06,1.145930712e-07,3.559698632e-06,1.264739362e-07,2.281991056e-05,9.344140928e-07,3.787636219e-07,1.046108911e-08,9.280805292e-07,4.12466447e-08,2.200186982e-05,-2.716909816e-07,0.04993953644
1699.0,2.952442059e-06,4.411473925e-08,5.160930908e-06,1.068116141e-07,3.200459505e-06,1.500841914e-07,3.376588152e-05,9.562849893e-07,3.745876979e-07,1.029933468e-08,1.056430352e-06,4.654087528e-08,2.256825831e-05,2.246248697e-06,0.04994178269
1700.0,3.939545657e-06,5.044559022e-08,7.188917495e-06,1.955453288e-07,4.230189035e-06,1.739518165e-07,3.216478888e-05,9.831781794e-07,3.781586215e-07,1.049058842e-08,1.030682435e-06,4.189399544e-08,2.320111472e-05,1.030741307e-06,0.04994281343
1701.0,3.154544611e-06,3.841941561e-08,5.306483758e-06,1.149345168e-07,3.562697665e-06,1.267328293e-07,2.43329946e-05,9.448140779e-07,3.76350168e-07,1.032562794e-08,9.254336173e-07,4.115650485e-08,2.224675071e-05,-3.387498799e-07,0.04994247468
1702.0,2.992684019e-06,4.419573629e-08,5.190312505e-06,1.073047682e-07,3.197775856e-06,1.493248037e-07,3.207084806e-05,9.532080963e-07,3.733171067e-07,1.024514365e-08,1.054120236e-06,4.643356492e-08,2.249555243e-05,2.275336708e-06,0.04994475002
1703.0,3.898538042e-06,4.999522044e-08,7.170206815e-06,1.959919284e-07,4.223965155e-06,1.737482328e-07,3.36302318e-05,9.911973561e-07,3.762624456e-07,1.038887642e-08,1.028457429e-06,4.183082429e-08,2.3390354e-05,1.154752281e-06,0.04994590477
1704.0,3.174865222e-06,3.861995661e-08,5.291991866e-06,1.157471574e-07,3.556487292e-06,1.265663585e-07,2.23658551e-05,9.383146107e-07,3.731162696e-07,1.017251761e-08,9.231378987e-07,4.102935926e-08,2.209371592e-05,-4.317253554e-07,0.04994547304
1705.0,2.948505989e-06,4.365958216e-08,5.177931828e-06,1.079998715e-07,3.189270973e-06,1.48756108e-07,3.356170626e-05,9.490861531e-07,3.708501496e-07,1.017392107e-08,1.051722858e-06,4.633771698e-08,2.239827142e-05,2.197487488e-06,0.04994767053
1706.0,3.925888393e-06,4.990878965e-08,7.186734212e-06,1.950201349e-07,4.228505488e-06,1.736735437e-07,3.188605786e-05,9.842841549e-07,3.735812595e-07,1.03012872e-08,1.027412143e-06,4.175333966e-08,2.322724529e-05,1.139170918e-06,0.0499488097
1707.0,3.145380382e-06,3.845374835e-08,5.283057276e-06,1.153909272e-07,3.557769197e-06,1.267822692e-07,2.470233233e-05,9.342689464e-07,3.696296921e-07,1.001492125e-08,9.208351503e-07,4.095994599e-08,2.199844226e-05,-3.853323125e-07,0.04994842437
1708.0,2.980574878e-06,4.332573587e-08,5.195461598e-06,1.084875192e-07,3.195077561e-06,1.48690681e-07,3.264733746e-05,9.489019643e-07,3.685989964e-07,1.008182686e-08,1.050300429e-06,4.626042551e-08,2.239397168e-05,2.199978876e-06,0.04995062435
1709.0,3.909217637e-06,5.009216485e-08,7.179152074e-06,1.951632191e-07,4.228355409e-06,1.738529223e-07,3.339364635e-05,9.775372782e-07,3.712591188e-07,1.018604931e-08,1.026283076e-06,4.174732631e-08,2.306795047e-05,1.00198599e-06,0.04995162633
1710.0,3.176670161e-06,3.859693725e-08,5.300070522e-06,1.145028174e-07,3.559840493e-06,1.267254879e-07,2.263491569e-05,9.350111526e-07,3.661720612e-07,9.873938091e-09,9.19647856e-07,4.088343233e-08,2.201596028e-05,-2.617197286e-07,0.04995136461
1711.0,2.942885963e-06,4.313210098e-08,5.184484048e-06,1.075307508e-07,3.183566559e-06,1.473544395e-07,3.351621335e-05,9.530542176e-07,3.656408267e-07,9.990882224e-09,1.049304708e-06,4.622997483e-08,2.249192311e-05,2.265059764e-06,0.04995362967
1712.0,3.93967605e-06,5.013793843e-08,7.164973788e-06,1.949930057e-07,4.226209919e-06,1.736607888e-07,3.26170714e-05,9.828773177e-07,3.686682854e-07,1.011826271e-08,1.02634069e-06,4.173180882e-08,2.319403659e-05,1.050382956e-06,0.04995468006
1713.0,3.168434522e-06,3.944421388e-08,5.258352914e-06,1.14494371e-07,3.555970255e-06,1.264791234e-07,2.446852788e-05,9.454209341e-07,3.637508567e-07,9.785725466e-09,9.191814507e-07,4.090041004e-08,2.226102058e-05,-3.281289198e-07,0.04995435193
1714.0,2.980012066e-06,4.2944497e-08,5.205651713e-06,1.072011349e-07,3.191553184e-06,1.472965892e-07,3.275880119e-05,9.501804518e-07,3.641760283e-07,9.935288072e-09,1.049615351e-06,4.623396062e-08,2.242412094e-05,2.294169335e-06,0.0499566461
1715.0,3.904282428e-06,4.99457431e-08,7.168843274e-06,1.939015169e-07,4.226923071e-06,1.73428001e-07,3.340667551e-05,9.87734651e-07,3.674803736e-07,1.00897986e-08,1.02662339e-06,4.179363991e-08,2.33086617e-05,1.155283457e-06,0.04995780138
1716.0,3.204644632e-06,4.02084782e-08,5.269133189e-06,1.135379252e-07,3.55418886e-06,1.261434511e-07,2.26956738e-05,9.413972392e-07,3.618943984e-07,9.756148243e-09,9.19940819e-07,4.091308724e-08,2.216630216e-05,-4.360173759e-07,0.04995736536
1717.0,2.949467833e-06,4.220289405e-08,5.191386176e-06,1.074485316e-07,3.190766046e-06,1.480462628e-07,3.51217366e-05,9.460349464e-07,3.632614699e-07,9.950078855e-09,1.050518049e-06,4.628366008e-08,2.232625859e-05,2.186623809e-06,0.04995955199
1718.0,3.954068986e-06,5.036285119e-08,7.179590284e-06,1.939446329e-07,4.231579052e-06,1.742586345e-07,3.293752843e-05,9.824977335e-07,3.667843863e-07,1.014841476e-08,1.028013328e-06,4.182261517e-08,2.318512594e-05,1.148700309e-06,0.04996070069
1719.0,3.178759209e-06,4.017066726e-08,5.241574162e-06,1.125506499e-07,3.552853487e-06,1.261116417e-07,2.408577608e-05,9.357591152e-07,3.612703881e-07,9.800743593e-09,9.2047618e-07,4.09535121e-08,2.203354698e-05,-3.607003922e-07,0.04996033999
1720.0,2.953274831e-06,4.14158321e-08,5.166152181e-06,1.061781584e-07,3.190469209e-06,1.475992557e-07,3.186134665e-05,9.463096931e-07,3.642225793e-07,1.002299952e-08,1.051797499e-06,4.632996099e-08,2.233279501e-05,2.209579541e-06,0.04996254957
1721.0,3.91554571e-06,5.085577939e-08,7.153090107e-06,1.935854352e-07,4.227347182e-06,1.742131894e-07,3.36319552e-05,9.754296287e-07,3.676973135e-07,1.021712398e-08,1.028767327e-06,4.188428562e-08,2.301832732e-05,9.987804361e-07,0.04996354835
1722.0,3.207843531e-06,4.045371847e-08,5.257197749e-06,1.122762264e-07,3.554968575e-06,1.259969903e-07,2.298856743e-05,9.374975516e-07,3.614248408e-07,9.860382051e-09,9.210897408e-07,4.094427899e-08,2.207446936e-05,-2.729532877e-07,0.04996327539
1723.0,2.921708512e-06,4.121612035e-08,5.129014054e-06,1.061565467e-07,3.187308806e-06,1.475164501e-07,3.335421088e-05,9.509310803e-07,3.646618496e-07,1.008694946e-08,1.052453739e-06,4.636041059e-08,2.244188492e-05,2.275034427e-06,0.04996555043
1724.0,3.938460664e-06,5.105127591e-08,7.164210452e-06,1.932182265e-07,4.224286174e-06,1.732130142e-07,3.164777025e-05,9.804323648e-07,3.681992374e-07,1.027524528e-08,1.029408786e-06,4.188401028e-08,2.313638889e-05,1.053660903e-06,0.04996660409
1725.0,3.184345366e-06,4.124961542e-08,5.23096127e-06,1.121217396e-07,3.547453102e-06,1.252120043e-07,2.40316677e-05,9.470289696e-07,3.615838473e-07,9.901638986e-09,9.205842293e-07,4.093142334e-08,2.229890234e-05,-3.238758458e-07,0.04996628021
1726.0,2.957621079e-06,4.103399285e-08,5.151101216e-06,1.060512923e-07,3.19823617e-06,1.482018319e-07,3.258606773e-05,9.476644572e-07,3.655554221e-07,1.009770399e-08,1.052710931e-06,4.637599129e-08,2.236480266e-05,2.286915586e-06,0.04996856713
1727.0,3.914763522e-06,5.099991101e-08,7.144571458e-06,1.944505027e-07,4.222954509e-06,1.733877006e-07,3.359756146e-05,9.861411656e-07,3.686491645e-07,1.026894667e-08,1.028550008e-06,4.18667648e-08,2.327111503e-05,1.136847038e-06,0.04996970398
1728.0,3.220137393e-06,4.152867168e-08,5.242044128e-06,1.121252629e-07,3.547877992e-06,1.248924364e-07,2.236253655e-05,9.423999867e-07,3.611710589e-07,9.880046061e-09,9.195146716e-07,4.085491975e-08,2.218996902e-05,-4.097486006e-07,0.04996929423
1729.0,2.908838762e-06,4.030280103e-08,5.129668141e-06,1.060436083e-07,3.19482269e-06,1.490186049e-07,3.320549371e-05,9.455175577e-07,3.64930905e-07,1.005483585e-08,1.051879797e-06,4.631619949e-08,2.231407191e-05,2.204176909e-06,0.0499714984
1730.0,3.946263688e-06,5.136043379e-08,7.189741134e-06,1.949152677e-07,4.225837879e-06,1.736710355e-07,3.257275959e-05,9.818674029e-07,3.68020138e-07,1.021434191e-08,1.027328194e-06,4.178784368e-08,2.317030866e-05,1.142840793e-06,0.04997264124
1731.0,3.183468873e-06,4.150305276e-08,5.244707067e-06,1.120861632e-07,3.544466875e-06,1.247440971e-07,2.416835384e-05,9.377913413e-07,3.606385988e-07,9.833676868e-09,9.175838632e-07,4.074969345e-08,2.208140801e-05,-3.515172549e-07,0.04997228973
1732.0,2.936933666e-06,4.005564695e-08,5.146160998e-06,1.06835077e-07,3.200222767e-06,1.498311039e-07,3.180051837e-05,9.462833332e-07,3.644366682e-07,9.953976444e-09,1.050359155e-06,4.623917055e-08,2.233221452e-05,2.195019483e-06,0.04997448475
1733.0,3.919022269e-06,5.172192834e-08,7.157386569e-06,1.956439916e-07,4.218616642e-06,1.734607993e-07,3.330931094e-05,9.757032214e-07,3.670158716e-07,1.01212862e-08,1.025104921e-06,4.167468038e-08,2.302480776e-05,9.925008523e-07,0.04997547725
1734.0,3.20101549e-06,4.102104247e-08,5.27716482e-06,1.125235285e-07,3.546180095e-06,1.243173639e-07,2.253298446e-05,9.382233668e-07,3.595940569e-07,9.758457276e-09,9.155245984e-07,4.062182787e-08,2.209162716e-05,-2.581383898e-07,0.04997521911
1735.0,2.902351062e-06,3.997151318e-08,5.16746196e-06,1.071470988e-07,3.200502511e-06,1.498336192e-07,3.274113714e-05,9.516478494e-07,3.623705417e-07,9.842064657e-09,1.048405069e-06,4.609681411e-08,2.245881849e-05,2.261265419e-06,0.04997748037
1736.0,3.946756909e-06,5.172363845e-08,7.180069738e-06,1.953310284e-07,4.218537359e-06,1.729155992e-07,3.185108396e-05,9.814818324e-07,3.651384546e-07,1.002554026e-08,1.023001415e-06,4.156392006e-08,2.316118075e-05,1.034764347e-06,0.04997851514
1737.0,3.19053846e-06,4.150652419e-08,5.263688987e-06,1.136264887e-07,3.542277897e-06,1.239738262e-07,2.455129651e-05,9.499355764e-07,3.587079769e-07,9.71751527e-09,9.136102337e-07,4.050727884e-08,2.236734848e-05,-3.461873626e-07,0.04997816895
1738.0,2.94055976e-06,4.008778873e-08,5.176781785e-06,1.083803841e-07,3.206270295e-06,1.50671426e-07,3.204525175e-05,9.493748018e-07,3.607756904e-07,9.709914238e-09,1.046804935e-06,4.602699797e-08,2.24052067e-05,2.286036959e-06,0.04998045499
1739.0,3.912733435e-06,5.134812603e-08,7.18911442e-06,1.962498545e-07,4.215884265e-06,1.72983795e-07,3.347902933e-05,9.880403012e-07,3.632546059e-07,9.925483819e-09,1.021010175e-06,4.145468076e-08,2.331593801e-05,1.126440978e-06,0.04998158143
1740.0,3.205860579e-06,4.101198204e-08,5.275818245e-06,1.132424496e-07,3.540095183e-06,1.23259678e-07,2.199127008e-05,9.43382079e-07,3.577144554e-07,9.659790131e-09,9.125731426e-07,4.045945555e-08,2.221311292e-05,-4.196598404e-07,0.04998116177
1741.0,2.895165227e-06,3.961917962e-08,5.163171794e-06,1.080720774e-07,3.206864056e-06,1.513395733e-07,3.306327003e-05,9.479768451e-07,3.581438139e-07,9.58583621e-09,1.04571038e-06,4.593764574e-08,2.237219814e-05,2.190885699e-06,0.04998335266
1742.0,3.947879664e-06,5.123999977e-08,7.205823902e-06,1.969254716e-07,4.219042265e-06,1.729337628e-07,3.281391904e-05,9.834152621e-07,3.61220605e-07,9.837111903e-09,1.020024361e-06,4.142520219e-08,2.32068189e-05,1.111584844e-06,0.04998446424
1743.0,3.17101286e-06,4.031223032e-08,5.269835015e-06,1.137557612e-07,3.539298775e-06,1.231025983e-07,2.374063952e-05,9.367881223e-07,3.571311604e-07,9.628302351e-09,9.126162407e-07,4.044518947e-08,2.205783561e-05,-3.494946069e-07,0.04998411475
1744.0,2.927881251e-06,3.980649974e-08,5.187393728e-06,1.081201464e-07,3.210349883e-06,1.518658182e-07,3.157946641e-05,9.491677304e-07,3.568247886e-07,9.481194588e-09,1.045677024e-06,4.596458933e-08,2.240026313e-05,2.193873271e-06,0.04998630862
1745.0,3.917265692e-06,5.147293758e-08,7.196265517e-06,1.963516375e-07,4.214629115e-06,1.726023494e-07,3.267482537e-05,9.778187801e-07,3.605861598e-07,9.791432018e-09,1.020158536e-06,4.143284655e-08,2.307471134e-05,9.741405718e-07,0.04998728276
1746.0,3.188645213e-06,3.985511983e-08,5.281997388e-06,1.137073508e-07,3.539176955e-06,1.228989576e-07,2.237068662e-05,9.376636405e-07,3.571439724e-07,9.613077127e-09,9.138917476e-07,4.051979688e-08,2.207848432e-05,-2.639288084e-07,0.04998701883
1747.0,2.911481046e-06,4.042964439e-08,5.15678166e-06,1.078884284e-07,3.206714113e-06,1.519354317e-07,3.317768113e-05,9.551788816e-07,3.55890948e-07,9.472584786e-09,1.047043869e-06,4.600563868e-08,2.254215942e-05,2.240992762e-06,0.04998925982
1748.0,3.956775576e-06,5.133286178e-08,7.192763674e-06,1.956770615e-07,4.218244194e-06,1.726488642e-07,3.202653567e-05,9.846890865e-07,3.608618029e-07,9.82654492e-09,1.02201607e-06,4.153900886e-08,2.32368443e-05,1.028183356e-06,0.04999028801
1749.0,3.175824892e-06,4.002056061e-08,5.272063389e-06,1.131631751e-07,3.541116225e-06,1.228512105e-07,2.381205149e-05,9.472978205e-07,3.589138106e-07,9.718964065e-09,9.162355325e-07,4.061616713e-08,2.23052511e-05,-3.363828381e-07,0.04998995162
1750.0,2.950606025e-06,4.11724434e-08,5.174633414e-06,1.070423787e-07,3.212362661e-06,1.518897508e-07,3.182203971e-05,9.53273607e-07,3.577684284e-07,9.569377147e-09,1.049732679e-06,4.617627806e-08,2.249719292e-05,2.279131743e-06,0.04999223076
1751.0,3.914916719e-06,5.106841237e-08,7.182909371e-06,1.954058767e-07,4.214057361e-06,1.72379187e-07,3.360963197e-05,9.92339294e-07,3.639105292e-07,9.969516837e-09,1.02475573e-06,4.166493073e-08,2.341735957e-05,1.118574555e-06,0.04999334933
1752.0,3.204069008e-06,3.996543237e-08,5.27453012e-06,1.135867682e-07,3.540321105e-06,1.228211558e-07,2.253158342e-05,9.42186839e-07,3.629104868e-07,9.908007491e-09,9.196148129e-07,4.079679972e-08,2.218495516e-05,-4.412950085e-07,0.04999290804
1753.0,2.925102263e-06,4.147686856e-08,5.121669056e-06,1.063274376e-07,3.207503634e-06,1.52073077e-07,3.310017385e-05,9.51510902e-07,3.608726293e-07,9.768423216e-09,1.053102198e-06,4.631641763e-08,2.245556091e-05,2.196258405e-06,0.04999510429
1754.0,3.952360058e-06,5.12331384e-08,7.203510203e-06,1.951074127e-07,4.219138703e-06,1.727259284e-07,3.254116582e-05,9.862953508e-07,3.678348228e-07,1.018060961e-08,1.028208024e-06,4.183058715e-08,2.32747484e-05,1.119752459e-06,0.04999622405
1755.0,3.170451408e-06,3.941170021e-08,5.289754525e-06,1.129736198e-07,3.543603517e-06,1.230268746e-07,2.439064354e-05,9.352457874e-07,3.681336506e-07,1.01565961e-08,9.233574895e-07,4.095688253e-08,2.202148576e-05,-3.664662425e-07,0.04999585758
1756.0,2.979405149e-06,4.231987155e-08,5.162619861e-06,1.06180559e-07,3.21651325e-06,1.52604935e-07,3.338084512e-05,9.519078625e-07,3.655266236e-07,9.983984428e-09,1.056259596e-06,4.651061689e-08,2.246494062e-05,2.175922411e-06,0.0499980335
1757.0,3.945213123e-06,5.162060364e-08,7.17720099e-06,1.959184368e-07,4.222567506e-06,1.733948221e-07,3.497014652e-05,9.803634878e-07,3.721885564e-07,1.037991669e-08,1.030893622e-06,4.19542522e-08,2.313472924e-05,9.56420578e-07,0.04999898992
1758.0,3.20568769e-06,3.920824845e-08,5.293951149e-06,1.136498836e-07,3.552115009e-06,1.242778943e-07,2.340363579e-05,9.357936875e-07,3.722377578e-07,1.035191404e-08,9.262428657e-07,4.112010958e-08,2.203441064e-05,-2.579193171e-07,0.049998732
1759.0,2.955853507e-06,4.317797968e-08,5.135650256e-06,1.055432292e-07,3.208624349e-06,1.517011064e-07,3.383150942e-05,9.579886523e-07,3.686973629e-07,1.016487671e-08,1.05830735e-06,4.659184475e-08,2.260843552e-05,2.247861991e-06,0.05000097987
1760.0,3.954048893e-06,5.12143957e-08,7.177420435e-06,1.949241279e-07,4.223466063e-06,1.730642517e-07,3.217894319e-05,9.850083833e-07,3.750219955e-07,1.052872453e-08,1.032753837e-06,4.204444507e-08,2.324436869e-05,1.021334859e-06,0.0500020012
1761.0,3.16788505e-06,3.9289153e-08,5.273191219e-06,1.132840948e-07,3.549651652e-06,1.245141851e-07,2.414148358e-05,9.470917582e-07,3.755409421e-07,1.048345604e-08,9.2802745e-07,4.12116664e-08,2.230040155e-05,-3.406317145e-07,0.05000166057
1762.0,2.98958191e-06,4.384428423e-08,5.149923854e-06,1.053210892e-07,3.208587745e-06,1.512841252e-07,3.223667667e-05,9.552584339e-07,3.718689451e-07,1.026772965e-08,1.059418681e-06,4.666872363e-08,2.254396982e-05,2.267948718e-06,0.05000392852
1763.0,3.911869593e-06,5.096841105e-08,7.14127005e-06,1.950931015e-07,4.217068211e-06,1.72934425e-07,3.3340564e-05,9.935389822e-07,3.772591127e-07,1.057574838e-08,1.033220356e-06,4.206304214e-08,2.344567647e-05,1.142280298e-06,0.0500050708
1764.0,3.188046388e-06,3.921789572e-08,5.294283275e-06,1.142084368e-07,3.552005741e-06,1.248323525e-07,2.232701278e-05,9.389900042e-07,3.770255073e-07,1.050326851e-08,9.283035282e-07,4.124462124e-08,2.210963039e-05,-4.330487024e-07,0.05000463775
1765.0,2.946096057e-06,4.372131422e-08,5.151671154e-06,1.058788181e-07,3.200219401e-06,1.50580713e-07,3.247753005e-05,9.522362409e-07,3.727143617e-07,1.028729781e-08,1.058916694e-06,4.662379439e-08,2.247259681e-05,2.195887596e-06,0.05000683364
1766.0,3.944675247e-06,5.107396929e-08,7.164147712e-06,1.952149197e-07,4.221003425e-06,1.733000291e-07,3.217313624e-05,9.879068622e-07,3.773448333e-07,1.055333299e-08,1.032705012e-06,4.202402959e-08,2.331279134e-05,1.134437015e-06,0.05000796807
1767.0,3.160017722e-06,3.896104023e-08,5.267374583e-06,1.150069875e-07,3.552073005e-06,1.256718397e-07,2.426376692e-05,9.348995674e-07,3.76897031e-07,1.043881569e-08,9.270230565e-07,4.119439125e-08,2.20132994e-05,-3.949804163e-07,0.05000757309
1768.0,2.980885373e-06,4.395239841e-08,5.168204193e-06,1.070388089e-07,3.199824881e-06,1.503083035e-07,3.1981423e-05,9.522430634e-07,3.726717612e-07,1.022680995e-08,1.057180837e-06,4.654487868e-08,2.247283062e-05,2.192759548e-06,0.05000976585
1769.0,3.916731842e-06,5.110283624e-08,7.168583858e-06,1.957743958e-07,4.222331484e-06,1.73426021e-07,3.315668844e-05,9.810093654e-07,3.768917443e-07,1.044259965e-08,1.030826859e-06,4.193253063e-08,2.31499043e-05,9.911057673e-07,0.05001075696
1770.0,3.184601097e-06,3.894068593e-08,5.320186552e-06,1.156672906e-07,3.558696871e-06,1.264688104e-07,2.300959407e-05,9.337418965e-07,3.753975438e-07,1.029786964e-08,9.248404697e-07,4.106228044e-08,2.198603115e-05,-2.718922503e-07,0.05001048507
1771.0,2.961336933e-06,4.42359295e-08,5.176696983e-06,1.071792974e-07,3.197528156e-06,1.492930663e-07,3.430654347e-05,9.561921218e-07,3.714542883e-07,1.013382998e-08,1.054709007e-06,4.640346001e-08,2.25660412e-05,2.243733289e-06,0.0500127288
1772.0,3.953622031e-06,5.086433879e-08,7.184122119e-06,1.968221992e-07,4.2274282e-06,1.737510081e-07,3.298147164e-05,9.855036672e-07,3.751352724e-07,1.032631709e-08,1.028788531e-06,4.178625015e-08,2.32560338e-05,1.032314117e-06,0.05001376111
1773.0,3.166152491e-06,3.88827552e-08,5.307761447e-06,1.165941992e-07,3.558926054e-06,1.268245832e-07,2.396265869e-05,9.442526298e-07,3.730815588e-07,1.013159449e-08,9.219785061e-07,4.090922301e-08,2.223346026e-05,-3.263710645e-07,0.05001343474
1774.0,2.987241683e-06,4.427754664e-08,5.197382872e-06,1.076557232e-07,3.192922468e-06,1.481138191e-07,3.20123293e-05,9.536171084e-07,3.700850314e-07,1.005487651e-08,1.051958466e-06,4.626086394e-08,2.250523719e-05,2.281721259e-06,0.05001571646
1775.0,3.901995151e-06,5.011119911e-08,7.191613627e-06,1.964199504e-07,4.223820626e-06,1.732792767e-07,3.315437728e-05,9.922128459e-07,3.734053773e-07,1.019462467e-08,1.02617733e-06,4.166154648e-08,2.341433475e-05,1.157143336e-06,0.05001687361
1776.0,3.183378435e-06,3.910378585e-08,5.316931799e-06,1.169781845e-07,3.556660595e-06,1.268996781e-07,2.224341716e-05,9.380713679e-07,3.700508889e-07,9.963028803e-09,9.192839411e-07,4.07402851e-08,2.208798586e-05,-4.333324339e-07,0.05001644027
1777.0,2.955252833e-06,4.381999147e-08,5.219002692e-06,1.089832649e-07,3.1857871e-06,1.480450164e-07,3.346611832e-05,9.498882626e-07,3.678318253e-07,9.961881838e-09,1.049523555e-06,4.612910247e-08,2.241717211e-05,2.185046425e-06,0.05001862532
1778.0,3.932858988e-06,5.002016186e-08,7.174314084e-06,1.962771439e-07,4.223180785e-06,1.735864064e-07,3.164943426e-05,9.853907806e-07,3.712052248e-07,1.009769601e-08,1.024839374e-06,4.154595754e-08,2.325339405e-05,1.148227054e-06,0.05001977355
1779.0,3.155409423e-06,3.889370659e-08,5.302280623e-06,1.167571979e-07,3.557970481e-06,1.274793436e-07,2.518632516e-05,9.337712273e-07,3.670401258e-07,9.794862552e-09,9.170066281e-07,4.063568066e-08,2.198672393e-05,-3.67375036e-07,0.05001940617
1780.0,2.991002374e-06,4.342427354e-08,5.224715042e-06,1.086029695e-07,3.196129656e-06,1.476806384e-07,3.323446563e-05,9.487047705e-07,3.661433629e-07,9.877864533e-09,1.048226181e-06,4.60389316e-08,2.238931886e-05,2.188398832e-06,0.05002159457
1781.0,3.910858534e-06,5.017410462e-08,7.170918309e-06,1.95959796e-07,4.229098278e-06,1.737934532e-07,3.362245514e-05,9.779496294e-07,3.696331506e-07,9.9990734e-09,1.023970339e-06,4.152605372e-08,2.307779784e-05,9.982304679e-07,0.0500225928
1782.0,3.188712272e-06,3.894281678e-08,5.33688523e-06,1.160858205e-07,3.566181055e-06,1.275303756e-07,2.307492207e-05,9.361663924e-07,3.640637608e-07,9.659797243e-09,9.161200133e-07,4.055155615e-08,2.204308707e-05,-2.741090854e-07,0.05002231869
1783.0,2.952648134e-06,4.325464658e-08,5.192940322e-06,1.080697621e-07,3.182806542e-06,1.461279159e-07,3.357700659e-05,9.532447018e-07,3.643427241e-07,9.80820926e-09,1.047747091e-06,4.602389131e-08,2.249646703e-05,2.268652912e-06,0.05002458735
1784.0,3.93353055e-06,5.020806759e-08,7.163211826e-06,1.955374985e-07,4.223573364e-06,1.734526484e-07,3.21104163e-05,9.828273487e-07,3.685937981e-07,9.972503597e-09,1.024683189e-06,4.152487363e-08,2.319289593e-05,1.060742147e-06,0.05002564809
1785.0,3.177783809e-06,3.971814417e-08,5.32471542e-06,1.159053194e-07,3.559492016e-06,1.272874559e-07,2.416002108e-05,9.460761883e-07,3.629321431e-07,9.60202763e-09,9.162887105e-07,4.059170846e-08,2.227637906e-05,-3.380580445e-07,0.05002531003
1786.0,2.982360649e-06,4.297674075e-08,5.181335235e-06,1.073406265e-07,3.184576479e-06,1.46111899e-07,3.210007818e-05,9.501011296e-07,3.644904506e-07,9.817894827e-09,1.048964537e-06,4.607317643e-08,2.242231941e-05,2.294707322e-06,0.05002760474
1787.0,3.903840146e-06,5.014101032e-08,7.145914629e-06,1.952572778e-07,4.222784874e-06,1.737949461e-07,3.375196791e-05,9.877241413e-07,3.69536307e-07,1.003244403e-08,1.025990935e-06,4.164165261e-08,2.330842882e-05,1.147912027e-06,0.05002875265
1788.0,3.216792626e-06,4.034221714e-08,5.288677008e-06,1.146501102e-07,3.560967462e-06,1.270770362e-07,2.278826124e-05,9.416763916e-07,3.63036994e-07,9.644290226e-09,9.181352084e-07,4.065326154e-08,2.217289673e-05,-4.31311131e-07,0.05002832134
1789.0,2.93347095e-06,4.201985071e-08,5.136263137e-06,1.064013226e-07,3.183045197e-06,1.465415704e-07,3.294397427e-05,9.460708307e-07,3.659785691e-07,9.93370493e-09,1.051209073e-06,4.618678863e-08,2.232711612e-05,2.207382969e-06,0.05003052872
1790.0,3.940673249e-06,5.038683211e-08,7.174891503e-06,1.940593132e-07,4.230110358e-06,1.741229909e-07,3.292018058e-05,9.831660369e-07,3.718972365e-07,1.020990871e-08,1.028782803e-06,4.173661592e-08,2.320091753e-05,1.156692795e-06,0.05003168541
1791.0,3.178703129e-06,4.036425178e-08,5.280305259e-06,1.135005848e-07,3.557309574e-06,1.26775956e-07,2.37872636e-05,9.360239065e-07,3.64944932e-07,9.789981338e-09,9.201639333e-07,4.077397179e-08,2.203979063e-05,-3.663328782e-07,0.05003131908
1792.0,2.955418646e-06,4.14787532e-08,5.145985398e-06,1.064523612e-07,3.186887273e-06,1.470665486e-07,3.149007736e-05,9.460719302e-07,3.694699231e-07,1.012087991e-08,1.0539625e-06,4.630244909e-08,2.232719685e-05,2.203477909e-06,0.05003352256
1793.0,3.923056335e-06,5.107581165e-08,7.151111293e-06,1.941297284e-07,4.222583772e-06,1.737514854e-07,3.338798943e-05,9.760828857e-07,3.750748532e-07,1.038395554e-08,1.030768799e-06,4.186958253e-08,2.303368894e-05,1.011562145e-06,0.05003453412
1794.0,3.211195731e-06,4.071474034e-08,5.275268192e-06,1.131114597e-07,3.556300577e-06,1.265966823e-07,2.25439945e-05,9.372722063e-07,3.671608119e-07,9.948375805e-09,9.222625142e-07,4.084359496e-08,2.20692168e-05,-2.638467958e-07,0.05003427027
1795.0,2.931835466e-06,4.142144224e-08,5.150104811e-06,1.06014484e-07,3.189059502e-06,1.475370926e-07,3.293936601e-05,9.50637439e-07,3.721818333e-07,1.027168852e-08,1.056055631e-06,4.640470708e-08,2.243493095e-05,2.267202544e-06,0.05003653748
1796.0,3.945065702e-06,5.132350495e-08,7.125911878e-06,1.938056985e-07,4.221513079e-06,1.736002422e-07,3.192733048e-05,9.80476397e-07,3.775344915e-07,1.052392342e-08,1.032755011e-06,4.193686254e-08,2.313750041e-05,1.049339771e-06,0.05003758682
1797.0,3.200679873e-06,4.1719392e-08,5.253386926e-06,1.137388224e-07,3.555252404e-06,1.268221256e-07,2.506071067e-05,9.489703394e-07,3.693428324e-07,1.007335696e-08,9.233029369e-07,4.09114606e-08,2.234456549e-05,-3.417433011e-07,0.05003724507
1798.0,2.975779006e-06,4.141717619e-08,5.164280136e-06,1.066144098e-07,3.203883759e-06,1.48978713e-07,3.358415158e-05,9.469794741e-07,3.748123417e-07,1.035745762e-08,1.057641863e-06,4.648323032e-08,2.234865557e-05,2.280990889e-06,0.05003952606
1799.0,3.920394884e-06,5.117694039e-08,7.159018054e-06,1.944536097e-07,4.230814627e-06,1.741016683e-07,3.408756195e-05,9.867111941e-07,3.793204234e-07,1.057004151e-08,1.032991571e-06,4.197633788e-08,2.328465679e-05,1.142665968e-06,0.05004066873
1800.0,3.225944121e-06,4.171859499e-08,5.268077761e-06,1.124156085e-07,3.55771858e-06,1.258239836e-07,2.270522798e-05,9.438233806e-07,3.70255201e-07,1.010929052e-08,9.232195341e-07,4.089586128e-08,2.222344463e-05,-4.148551022e-07,0.05004025388
1801.0,2.92977432e-06,4.071956232e-08,5.170799345e-06,1.061563425e-07,3.204833515e-06,1.494717754e-07,3.360582362e-05,9.458441793e-07,3.754414317e-07,1.036069009e-08,1.057664775e-06,4.648778715e-08,2.23218568e-05,2.198772936e-06,0.05004245265
1802.0,3.957668148e-06,5.15011225e-08,7.193595271e-06,1.9571401e-07,4.231397571e-06,1.743321325e-07,3.276401529e-05,9.802300064e-07,3.793081878e-07,1.053430461e-08,1.032222354e-06,4.193227439e-08,2.313160791e-05,1.134234821e-06,0.05004358688
1803.0,3.193190685e-06,4.14855062e-08,5.271734129e-06,1.135548548e-07,3.552036583e-06,1.255764826e-07,2.46217645e-05,9.3860332e-07,3.704428022e-07,1.008712531e-08,9.219405268e-07,4.084302955e-08,2.21005582e-05,-3.463140742e-07,0.05004324057
1804.0,2.94781387e-06,4.037834496e-08,5.16723943e-06,1.076487411e-07,3.205946452e-06,1.503648646e-07,3.201856841e-05,9.459136824e-07,3.756531306e-07,1.02817767e-08,1.056685326e-06,4.644921582e-08,2.232352333e-05,2.197300962e-06,0.05004543787
1805.0,3.917192031e-06,5.178607193e-08,7.149922385e-06,1.96027712e-07,4.21981836e-06,1.739435322e-07,3.320225719e-05,9.759966255e-07,3.786018348e-07,1.043448711e-08,1.030253009e-06,4.183846011e-08,2.303171497e-05,1.000661449e-06,0.05004643853
1806.0,3.210332122e-06,4.123339776e-08,5.294502314e-06,1.135226355e-07,3.552578366e-06,1.252817356e-07,2.26160392e-05,9.384789639e-07,3.700147942e-07,1.00133232e-08,9.202623426e-07,4.074955795e-08,2.209764909e-05,-2.616231492e-07,0.05004617691
1807.0,2.912337465e-06,4.029694692e-08,5.157561039e-06,1.077159969e-07,3.205314992e-06,1.505449142e-07,3.344075838e-05,9.517179707e-07,3.740828943e-07,1.016144734e-08,1.054928506e-06,4.633174613e-08,2.24604823e-05,2.255513567e-06,0.05004843242
1808.0,3.945973561e-06,5.167648791e-08,7.162412566e-06,1.962980251e-07,4.221279297e-06,1.737408519e-07,3.175053623e-05,9.818439083e-07,3.768693687e-07,1.03263769e-08,1.028304859e-06,4.173438141e-08,2.316975116e-05,1.046672663e-06,0.05004947909
1809.0,3.188382137e-06,4.141988934e-08,5.285481983e-06,1.138169945e-07,3.546968318e-06,1.246477008e-07,2.410733105e-05,9.48681224e-07,3.694674109e-07,9.981313664e-09,9.186796926e-07,4.065387811e-08,2.233779287e-05,-3.291287642e-07,0.05004914997
1810.0,2.937203509e-06,4.012121223e-08,5.189874641e-06,1.082174399e-07,3.209842174e-06,1.509557722e-07,3.161523505e-05,9.494029556e-07,3.725738817e-07,1.002617965e-08,1.053208436e-06,4.62708966e-08,2.240589341e-05,2.287567827e-06,0.05005143753
1811.0,3.906685986e-06,5.137016887e-08,7.181662132e-06,1.966450706e-07,4.216464054e-06,1.73600234e-07,3.34959609e-05,9.892793611e-07,3.748746851e-07,1.022400571e-08,1.026096855e-06,4.16298191e-08,2.334517646e-05,1.135697131e-06,0.05005257323
1812.0,3.217126071e-06,4.125362706e-08,5.29372843e-06,1.143052705e-07,3.544489175e-06,1.241316742e-07,2.226918911e-05,9.436336727e-07,3.68516667e-07,9.940872483e-09,9.174314465e-07,4.060739135e-08,2.221901405e-05,-4.34654569e-07,0.05005213858
1813.0,2.899916585e-06,3.973549639e-08,5.14746955e-06,1.086151719e-07,3.207144957e-06,1.516460025e-07,3.304042751e-05,9.477264929e-07,3.700878392e-07,9.923736824e-09,1.051898862e-06,4.618870115e-08,2.236628397e-05,2.199622988e-06,0.0500543382
1814.0,3.943931406e-06,5.124577833e-08,7.214461417e-06,1.966141548e-07,4.222899766e-06,1.737113547e-07,3.260552041e-05,9.845552007e-07,3.723319634e-07,1.013152467e-08,1.024806072e-06,4.158376327e-08,2.323372777e-05,1.124297681e-06,0.0500554625
1815.0,3.180382693e-06,4.050227537e-08,5.323370232e-06,1.146363956e-07,3.546842185e-06,1.237166759e-07,2.379789382e-05,9.376596079e-07,3.676596258e-07,9.916003504e-09,9.170561219e-07,4.05836256e-08,2.207833044e-05,-3.626700538e-07,0.05005509983
1816.0,2.930188141e-06,3.983049641e-08,5.170501912e-06,1.082480273e-07,3.21074379e-06,1.519034244e-07,3.138300221e-05,9.491562267e-07,3.680994857e-07,9.828759275e-09,1.051429509e-06,4.621065944e-08,2.240002591e-05,2.188759784e-06,0.05005728859
1817.0,3.923875077e-06,5.165138445e-08,7.186830202e-06,1.972913195e-07,4.216553879e-06,1.735166137e-07,3.398176688e-05,9.783022728e-07,3.707151019e-07,1.007467987e-08,1.024277721e-06,4.157993552e-08,2.308611454e-05,9.59998252e-07,0.05005824859
1818.0,3.203305434e-06,4.001432486e-08,5.324163081e-06,1.150754316e-07,3.546128286e-06,1.237929438e-07,2.274576512e-05,9.370414949e-07,3.66765166e-07,9.884093277e-09,9.177569348e-07,4.063439534e-08,2.206381436e-05,-2.549657686e-07,0.05005799362
1819.0,2.910047073e-06,4.050197836e-08,5.149550098e-06,1.079525746e-07,3.20655436e-06,1.51798473e-07,3.273623109e-05,9.551517706e-07,3.665056706e-07,9.795420699e-09,1.052099815e-06,4.623342119e-08,2.254152614e-05,2.247770919e-06,0.05006024139
1820.0,3.938191086e-06,5.11010115e-08,7.168565351e-06,1.955831854e-07,4.216461144e-06,1.727445558e-07,3.14983173e-05,9.839638399e-07,3.698571473e-07,1.007772306e-08,1.025506912e-06,4.165336989e-08,2.321976839e-05,1.020392559e-06,0.05006126178
1821.0,3.177486236e-06,3.998013641e-08,5.304742473e-06,1.144153513e-07,3.5480132e-06,1.23938497e-07,2.470114477e-05,9.479329003e-07,3.671006027e-07,9.924300208e-09,9.194124675e-07,4.071320029e-08,2.2320249e-05,-3.385586864e-07,0.05006092322
1822.0,2.967525117e-06,4.126600672e-08,5.180857773e-06,1.076549828e-07,3.218709904e-06,1.525321255e-07,3.282374637e-05,9.530767793e-07,3.670573501e-07,9.840864064e-09,1.054275665e-06,4.638404908e-08,2.249252345e-05,2.262313397e-06,0.05006318554
1823.0,3.91853645e-06,5.084713927e-08,7.154648353e-06,1.955282891e-07,4.218529099e-06,1.728500629e-07,3.395593948e-05,9.922138551e-07,3.714752881e-07,1.015840203e-08,1.02766283e-06,4.17631063e-08,2.341446081e-05,1.12919041e-06,0.05006431473
1824.0,3.205780836e-06,3.987794756e-08,5.32105411e-06,1.139486225e-07,3.547557867e-06,1.233669664e-07,2.238567823e-05,9.407226115e-07,3.692150789e-07,1.006155571e-08,9.221857936e-07,4.086267191e-08,2.215046109e-05,-4.255997084e-07,0.05006388913
1825.0,2.92320587e-06,4.14552164e-08,5.138539045e-06,1.066334256e-07,3.208942349e-06,1.521396016e-07,3.240352296e-05,9.515385605e-07,3.686117545e-07,1.000652921e-08,1.056996474e-06,4.650998027e-08,2.245620879e-05,2.193779428e-06,0.05006608291
1826.0,3.950174072e-06,5.101884614e-08,7.167161082e-06,1.948164771e-07,4.222221328e-06,1.732314556e-07,3.243259235e-05,9.857408975e-07,3.738547209e-07,1.032262687e-08,1.030723746e-06,4.190502239e-08,2.326170396e-05,1.106832597e-06,0.05006718974
1827.0,3.177481275e-06,3.948005179e-08,5.285241549e-06,1.14028756e-07,3.547749602e-06,1.239375768e-07,2.47441737e-05,9.352703117e-07,3.732116061e-07,1.028557046e-08,9.253243589e-07,4.100644947e-08,2.202207236e-05,-3.78055775e-07,0.05006681168
1828.0,2.975833593e-06,4.220178646e-08,5.157578142e-06,1.069197717e-07,3.216326271e-06,1.528479742e-07,3.240118288e-05,9.52480642e-07,3.720758346e-07,1.019759913e-08,1.059727829e-06,4.668025783e-08,2.247848517e-05,2.194606604e-06,0.05006900629
1829.0,3.926489298e-06,5.132614892e-08,7.144594141e-06,1.948762497e-07,4.220588532e-06,1.735949863e-07,3.354061755e-05,9.809369814e-07,3.77219844e-07,1.049849436e-08,1.033068202e-06,4.201558045e-08,2.314825316e-05,9.732505781e-07,0.05006997954
1830.0,3.191481465e-06,3.923366891e-08,5.305957601e-06,1.133035019e-07,3.55199303e-06,1.244351657e-07,2.28045729e-05,9.352867584e-07,3.766736672e-07,1.046786543e-08,9.280012692e-07,4.11478142e-08,2.202249212e-05,-2.588841645e-07,0.05006972066
1831.0,2.943383607e-06,4.316471396e-08,5.135988841e-06,1.058689241e-07,3.205603578e-06,1.516818407e-07,3.32003388e-05,9.578295048e-07,3.745220715e-07,1.035115212e-08,1.061488981e-06,4.676126324e-08,2.260466505e-05,2.255865285e-06,0.05007197652
1832.0,3.951857696e-06,5.124548663e-08,7.137663395e-06,1.951977123e-07,4.22189206e-06,1.736576402e-07,3.241948293e-05,9.865123867e-07,3.794081331e-07,1.0632276e-08,1.034732301e-06,4.209331727e-08,2.32798779e-05,1.024883122e-06,0.05007300141
1833.0,3.171662785e-06,3.942895667e-08,5.263345227e-06,1.137305442e-07,3.550506573e-06,1.249264359e-07,2.438290053e-05,9.449740801e-07,3.791753089e-07,1.058076907e-08,9.29424261e-07,4.12366824e-08,2.225053141e-05,-3.323750004e-07,0.05007266903
1834.0,2.981529806e-06,4.374280496e-08,5.153199006e-06,1.056225547e-07,3.209623833e-06,1.513559481e-07,3.194019027e-05,9.551500745e-07,3.767017206e-07,1.042432128e-08,1.062153857e-06,4.682196722e-08,2.254145251e-05,2.276616058e-06,0.05007494565
1835.0,3.909527169e-06,5.086967554e-08,7.146759629e-06,1.947815371e-07,4.221712326e-06,1.733721449e-07,3.315586387e-05,9.928100968e-07,3.810503709e-07,1.066678485e-08,1.034795765e-06,4.21136654e-08,2.342847597e-05,1.131556473e-06,0.0500760772
1836.0,3.194954127e-06,3.951733205e-08,5.278234465e-06,1.14199216e-07,3.550779153e-06,1.251252496e-07,2.223917263e-05,9.396980174e-07,3.802601172e-07,1.058551654e-08,9.296425055e-07,4.126501131e-08,2.212630344e-05,-4.382297202e-07,0.05007563897
1837.0,2.95122092e-06,4.378053948e-08,5.141710754e-06,1.065539294e-07,3.201958485e-06,1.512844364e-07,3.357904044e-05,9.520253524e-07,3.769059258e-07,1.0424878e-08,1.061326082e-06,4.677982117e-08,2.246764906e-05,2.178597971e-06,0.05007781757
1838.0,3.94496104e-06,5.089336025e-08,7.152324536e-06,1.954181377e-07,4.223924837e-06,1.74014161e-07,3.220477818e-05,9.867503612e-07,3.810773206e-07,1.06397735e-08,1.034342707e-06,4.207017135e-08,2.328550667e-05,1.124839213e-06,0.05007894241
1839.0,3.160644446e-06,3.902372307e-08,5.269287941e-06,1.146835459e-07,3.553614667e-06,1.261464424e-07,2.447142798e-05,9.338916648e-07,3.80043568e-07,1.051671912e-08,9.28301395e-07,4.122348076e-08,2.1989578e-05,-3.771343965e-07,0.05007856528
1840.0,2.984672608e-06,4.38099317e-08,5.167066185e-06,1.065263337e-07,3.207817322e-06,1.508753953e-07,3.277652196e-05,9.514690726e-07,3.768116084e-07,1.036278342e-08,1.059653737e-06,4.669304505e-08,2.245456833e-05,2.184214907e-06,0.05008074949
1841.0,3.91796206e-06,5.087043599e-08,7.162799903e-06,1.957991957e-07,4.230058889e-06,1.74391243e-07,3.391015964e-05,9.796626747e-07,3.80663052e-07,1.054059596e-08,1.03249723e-06,4.199403948e-08,2.311823713e-05,9.708881645e-07,0.05008172038
1842.0,3.186226584e-06,3.873205653e-08,5.306947814e-06,1.152131859e-07,3.562976917e-06,1.269243913e-07,2.300133822e-05,9.359420364e-07,3.784693682e-07,1.038481819e-08,9.262946387e-07,4.110078389e-08,2.203783037e-05,-2.858835278e-07,0.0500814345
1843.0,2.955589568e-06,4.421355493e-08,5.138803453e-06,1.068473431e-07,3.194037273e-06,1.491676944e-07,3.389424983e-05,9.570355987e-07,3.754591804e-07,1.029487867e-08,1.056807632e-06,4.655603188e-08,2.258593963e-05,2.265721007e-06,0.05008370022
1844.0,3.93450549e-06,5.043662122e-08,7.183546512e-06,1.954720278e-07,4.22843263e-06,1.736489999e-07,3.197178243e-05,9.84640492e-07,3.78882995e-07,1.045913281e-08,1.030562614e-06,4.185993975e-08,2.323567708e-05,1.040598838e-06,0.05008474082
1845.0,3.15322577e-06,3.888390712e-08,5.299950476e-06,1.158076068e-07,3.557407685e-06,1.267362283e-07,2.347624542e-05,9.451190875e-07,3.758871344e-07,1.024189918e-08,9.233092848e-07,4.098134092e-08,2.225389883e-05,-3.447711752e-07,0.05008439604
1846.0,2.983979114e-06,4.412262268e-08,5.164038242e-06,1.067955693e-07,3.194575499e-06,1.485343445e-07,3.208146951e-05,9.528365642e-07,3.739499228e-07,1.023236629e-08,1.054239141e-06,4.642278825e-08,2.248684284e-05,2.279003644e-06,0.05008667505
1847.0,3.900259099e-06,4.97753467e-08,7.146722175e-06,1.958287952e-07,4.225306948e-06,1.735966098e-07,3.404104191e-05,9.897643685e-07,3.771083191e-07,1.036634569e-08,1.027985162e-06,4.177805714e-08,2.335660627e-05,1.128327511e-06,0.05008780338
1848.0,3.193784814e-06,3.885819075e-08,5.322629796e-06,1.16233961e-07,3.564170603e-06,1.2744743e-07,2.295295172e-05,9.389492225e-07,3.725756413e-07,1.008279515e-08,9.206823795e-07,4.082636824e-08,2.210867583e-05,-4.23398625e-07,0.05008737998
1849.0,2.944990808e-06,4.334943907e-08,5.162383647e-06,1.069720732e-07,3.187828174e-06,1.478840258e-07,3.288777866e-05,9.493095606e-07,3.715767342e-07,1.015510828e-08,1.051461556e-06,4.63078167e-08,2.240351969e-05,2.201228574e-06,0.05008958121
1850.0,3.919750877e-06,4.956649321e-08,7.171124672e-06,1.952295965e-07,4.225978987e-06,1.736113153e-07,3.217903162e-05,9.848151358e-07,3.746720623e-07,1.028609421e-08,1.026603437e-06,4.168322294e-08,2.323983617e-05,1.145178973e-06,0.05009072638
1851.0,3.146598737e-06,3.878245898e-08,5.301537552e-06,1.15824766e-07,3.557772494e-06,1.275394802e-07,2.436671938e-05,9.352079549e-07,3.689382608e-07,9.923414231e-09,9.179791813e-07,4.073077288e-08,2.202053171e-05,-3.65494167e-07,0.05009036089
1852.0,2.976080258e-06,4.311119073e-08,5.17633273e-06,1.075047488e-07,3.18904604e-06,1.476698101e-07,3.206731833e-05,9.486489793e-07,3.692902958e-07,1.006303773e-08,1.049914886e-06,4.621812138e-08,2.238800706e-05,2.191310955e-06,0.0500925522
1853.0,3.903763677e-06,4.992368308e-08,7.142584263e-06,1.956120227e-07,4.224281302e-06,1.736620919e-07,3.389080752e-05,9.786536222e-07,3.723766653e-07,1.017530144e-08,1.025372126e-06,4.166295617e-08,2.309439781e-05,1.008626631e-06,0.05009356083
1854.0,3.182516829e-06,3.874226075e-08,5.318291527e-06,1.151899996e-07,3.565911491e-06,1.277785426e-07,2.291332051e-05,9.355170918e-07,3.652968141e-07,9.765989846e-09,9.166612671e-07,4.062626548e-08,2.202784285e-05,-2.727918751e-07,0.05009328804
1855.0,2.943322051e-06,4.300919999e-08,5.164193256e-06,1.063012445e-07,3.183921321e-06,1.464599946e-07,3.254240572e-05,9.532708893e-07,3.665739779e-07,9.978056063e-09,1.04887829e-06,4.617875393e-08,2.249706619e-05,2.265111629e-06,0.05009555315
1856.0,3.922295674e-06,4.986453309e-08,7.14077415e-06,1.94262557e-07,4.220990332e-06,1.730921733e-07,3.169054682e-05,9.820415433e-07,3.700090228e-07,1.011321695e-08,1.025407118e-06,4.164190133e-08,2.317434645e-05,1.051040876e-06,0.05009660419
1857.0,3.169768955e-06,3.970488616e-08,5.287062642e-06,1.153445595e-07,3.559208212e-06,1.277395639e-07,2.476871871e-05,9.476084949e-07,3.627285616e-07,9.667038474e-09,9.161509839e-07,4.06335741e-08,2.231249967e-05,-3.517070515e-07,0.05009625248
1858.0,2.978265052e-06,4.289112251e-08,5.156214653e-06,1.065206492e-07,3.185360041e-06,1.465980883e-07,3.189390077e-05,9.495471857e-07,3.653209331e-07,9.930266306e-09,1.049450001e-06,4.619386373e-08,2.24092287e-05,2.294029983e-06,0.05009854651
1859.0,3.889029744e-06,4.957170147e-08,7.113664894e-06,1.93489727e-07,4.21932504e-06,1.732987475e-07,3.313726649e-05,9.88495246e-07,3.692721864e-07,1.010340687e-08,1.026036683e-06,4.171241331e-08,2.33266518e-05,1.153569318e-06,0.05009970008
1860.0,3.199750558e-06,3.990216053e-08,5.273975115e-06,1.135391525e-07,3.560835111e-06,1.273604562e-07,2.277571021e-05,9.404427704e-07,3.613564662e-07,9.637377449e-09,9.173464143e-07,4.065913628e-08,2.214382906e-05,-4.270398101e-07,0.05009927304
1861.0,2.946666826e-06,4.210039721e-08,5.154192447e-06,1.059403564e-07,3.195418114e-06,1.477725644e-07,3.466185387e-05,9.457668384e-07,3.65518926e-07,9.976714279e-09,1.050894106e-06,4.627275477e-08,2.232000988e-05,2.191031107e-06,0.05010146407
1862.0,3.941407823e-06,4.981787441e-08,7.145086894e-06,1.936166357e-07,4.231628979e-06,1.742787567e-07,3.294756434e-05,9.813482682e-07,3.700631918e-07,1.019968406e-08,1.028092062e-06,4.177414829e-08,2.315798066e-05,1.128654339e-06,0.05010259273
1863.0,3.171013976e-06,3.980003725e-08,5.236732632e-06,1.129160842e-07,3.559823121e-06,1.272882692e-07,2.422471805e-05,9.367223819e-07,3.62210815e-07,9.727635737e-09,9.187167313e-07,4.074639986e-08,2.205624759e-05,-3.486659536e-07,0.05010224406
1864.0,2.958804719e-06,4.168367576e-08,5.160659277e-06,1.05581131e-07,3.192677878e-06,1.47537557e-07,3.25619725e-05,9.467160199e-07,3.6789105e-07,1.010673674e-08,1.053028964e-06,4.635283494e-08,2.234240499e-05,2.210126424e-06,0.05010445419
1865.0,3.908333862e-06,5.044607738e-08,7.125346713e-06,1.931585396e-07,4.223925636e-06,1.737390014e-07,3.317858935e-05,9.752540832e-07,3.726050616e-07,1.033438832e-08,1.029502856e-06,4.187488463e-08,2.301415818e-05,1.004290345e-06,0.05010545848
1866.0,3.200542743e-06,4.011391256e-08,5.242112843e-06,1.118888702e-07,3.560702553e-06,1.269131864e-07,2.261734882e-05,9.377476502e-07,3.6397623e-07,9.857149657e-09,9.202949855e-07,4.079317904e-08,2.208038736e-05,-2.668591768e-07,0.05010519162
1867.0,2.923802596e-06,4.128592308e-08,5.094604421e-06,1.046087734e-07,3.187841868e-06,1.474764897e-07,3.311430328e-05,9.506688655e-07,3.700267333e-07,1.023526317e-08,1.054535646e-06,4.643051225e-08,2.243569369e-05,2.255142974e-06,0.05010744676
1868.0,3.936666852e-06,5.050298364e-08,7.11460074e-06,1.926811957e-07,4.224948658e-06,1.736907829e-07,3.235432555e-05,9.800475331e-07,3.747309665e-07,1.045368618e-08,1.031125017e-06,4.191670154e-08,2.312734476e-05,1.050387297e-06,0.05010849715
1869.0,3.179649334e-06,4.06498014e-08,5.216094503e-06,1.110052062e-07,3.556604944e-06,1.266062427e-07,2.392438304e-05,9.487765618e-07,3.661275606e-07,9.967377799e-09,9.210558766e-07,4.08487344e-08,2.234001873e-05,-3.261997189e-07,0.05010817095
1870.0,2.953798829e-06,4.120516146e-08,5.125263448e-06,1.044564437e-07,3.197373697e-06,1.481522319e-07,3.226625249e-05,9.481595709e-07,3.72571716e-07,1.031658733e-08,1.055747398e-06,4.648520388e-08,2.237652451e-05,2.296458167e-06,0.05011046741
1871.0,3.894038871e-06,5.036755526e-08,7.107833915e-06,1.927717999e-07,4.220254087e-06,1.736297004e-07,3.357266472e-05,9.87730144e-07,3.767031245e-07,1.051133558e-08,1.031208353e-06,4.195490817e-08,2.330858555e-05,1.15471013e-06,0.05011162212
1872.0,3.210054765e-06,4.099699957e-08,5.215894316e-06,1.108553494e-07,3.553002075e-06,1.262275744e-07,2.23861725e-05,9.432253541e-07,3.675625604e-07,1.003223766e-08,9.211825893e-07,4.083904197e-08,2.220937169e-05,-4.350951843e-07,0.05011118702
1873.0,2.905826367e-06,4.040785763e-08,5.076240592e-06,1.049696342e-07,3.1949757e-06,1.490227116e-07,3.30114435e-05,9.454343224e-07,3.733710069e-07,1.033613434e-08,1.055627587e-06,4.648276584e-08,2.231216311e-05,2.209216868e-06,0.05011339624
1874.0,3.920216322e-06,5.038817636e-08,7.137666679e-06,1.932295295e-07,4.22309377e-06,1.736176589e-07,3.210739652e-05,9.81995319e-07,3.770948692e-07,1.050843868e-08,1.030703732e-06,4.190967824e-08,2.317330045e-05,1.139338586e-06,0.05011453558
1875.0,3.16683309e-06,4.058127132e-08,5.230115636e-06,1.107429268e-07,3.551214008e-06,1.255760769e-07,2.359516616e-05,9.380432681e-07,3.683373753e-07,1.005215956e-08,9.200522593e-07,4.079660042e-08,2.208735316e-05,-3.590393162e-07,0.05011417654
1876.0,2.926029796e-06,4.010827488e-08,5.100338793e-06,1.05084417e-07,3.198530421e-06,1.494862608e-07,3.12499206e-05,9.459859981e-07,3.737006574e-07,1.029024748e-08,1.054770295e-06,4.644345564e-08,2.232519634e-05,2.19827474e-06,0.05011637481
1877.0,3.907869334e-06,5.117050464e-08,7.123631486e-06,1.94775245e-07,4.218744216e-06,1.7378932e-07,3.431360044e-05,9.766117002e-07,3.767053423e-07,1.044060628e-08,1.028844473e-06,4.183610144e-08,2.30462026e-05,9.834020541e-07,0.05011735821
1878.0,3.198923192e-06,4.033183163e-08,5.241705513e-06,1.115283215e-07,3.551697292e-06,1.254597634e-07,2.280096142e-05,9.379228299e-07,3.683391514e-07,1.002372349e-08,9.18638503e-07,4.07047133e-08,2.208454561e-05,-2.573554985e-07,0.05011710086
1879.0,2.903602038e-06,4.021687155e-08,5.100203136e-06,1.056885485e-07,3.199369655e-06,1.501571303e-07,3.313257691e-05,9.514473438e-07,3.721543646e-07,1.019015786e-08,1.052854325e-06,4.631668896e-08,2.245406757e-05,2.257234478e-06,0.05011935809
1880.0,3.919782748e-06,5.067572561e-08,7.12466847e-06,1.940843452e-07,4.216847622e-06,1.729431715e-07,3.147538498e-05,9.808767455e-07,3.750934527e-07,1.0354602e-08,1.026704888e-06,4.171296376e-08,2.314692035e-05,1.033018377e-06,0.05012039111
1881.0,3.161104371e-06,4.036472932e-08,5.222193402e-06,1.113769234e-07,3.546140946e-06,1.246439037e-07,2.369765433e-05,9.506799319e-07,3.678721436e-07,1.00003078e-08,9.165484057e-07,4.060209692e-08,2.2384915e-05,-3.34983348e-07,0.05012005613
1882.0,2.92908897e-06,4.005069209e-08,5.119233546e-06,1.063074955e-07,3.203503943e-06,1.503219475e-07,3.193719983e-05,9.493325383e-07,3.703375718e-07,1.005639996e-08,1.050603657e-06,4.620262318e-08,2.240418946e-05,2.273014079e-06,0.05012232914
1883.0,3.886081129e-06,5.026183977e-08,7.119950925e-06,1.947325851e-07,4.213134469e-06,1.726720069e-07,3.34996194e-05,9.894356861e-07,3.728577666e-07,1.024353824e-08,1.023826094e-06,4.157835338e-08,2.334888977e-05,1.147781441e-06,0.05012347692
1884.0,3.194151804e-06,4.022023262e-08,5.264380555e-06,1.11964199e-07,3.544987329e-06,1.238920902e-07,2.201093887e-05,9.424311592e-07,3.664475e-07,9.942468041e-09,9.147041797e-07,4.049973005e-08,2.219064868e-05,-4.29404633e-07,0.05012304752
1885.0,2.886335623e-06,3.95709359e-08,5.118897487e-06,1.063146539e-07,3.204226455e-06,1.510303973e-07,3.222357966e-05,9.477690217e-07,3.669098891e-07,9.920369712e-09,1.048120867e-06,4.605361882e-08,2.236724609e-05,2.19712462e-06,0.05012524464
1886.0,3.914889639e-06,5.021455221e-08,7.1381853e-06,1.944962341e-07,4.212475102e-06,1.723784524e-07,3.185736614e-05,9.833991183e-07,3.694561838e-07,1.011717607e-08,1.021420118e-06,4.144639418e-08,2.320647157e-05,1.122315199e-06,0.05012636696
1887.0,3.155578964e-06,3.957330514e-08,5.253427982e-06,1.127247086e-07,3.540354997e-06,1.236464471e-07,2.383859979e-05,9.381663949e-07,3.644562641e-07,9.876809961e-09,9.128128627e-07,4.039581426e-08,2.209026719e-05,-3.846177546e-07,0.05012598234
1888.0,2.918253404e-06,3.945799235e-08,5.131797589e-06,1.067710528e-07,3.20786494e-06,1.51653052e-07,3.133307455e-05,9.488814991e-07,3.638560637e-07,9.75783061e-09,1.046285094e-06,4.597260624e-08,2.239351764e-05,2.197670394e-06,0.05012818001
1889.0,3.901590084e-06,5.067307085e-08,7.13317741e-06,1.946939984e-07,4.213114398e-06,1.725384426e-07,3.338893494e-05,9.793253122e-07,3.662660775e-07,9.973862714e-09,1.019261237e-06,4.133792205e-08,2.31102603e-05,9.831709721e-07,0.05012916318
1890.0,3.180264273e-06,3.912192162e-08,5.289203375e-06,1.123925789e-07,3.545122036e-06,1.231619999e-07,2.245628005e-05,9.374622184e-07,3.618060048e-07,9.754638352e-09,9.117392613e-07,4.033073865e-08,2.207368516e-05,-2.693683393e-07,0.05012889381
1891.0,2.892928626e-06,4.004977593e-08,5.124462709e-06,1.063764647e-07,3.203342575e-06,1.512727155e-07,3.302485119e-05,9.549098081e-07,3.59917525e-07,9.613802731e-09,1.045078222e-06,4.589119536e-08,2.253576724e-05,2.253683172e-06,0.0501311475
1892.0,3.927618396e-06,5.042538888e-08,7.132532154e-06,1.948612204e-07,4.211660481e-06,1.71938309e-07,3.182005393e-05,9.835634218e-07,3.629161949e-07,9.854364777e-09,1.018319058e-06,4.128621397e-08,2.32103154e-05,1.016416011e-06,0.05013216391
1893.0,3.154549099e-06,3.913825483e-08,5.23874128e-06,1.123174044e-07,3.536688643e-06,1.225213779e-07,2.37797484e-05,9.477273623e-07,3.591423839e-07,9.655744948e-09,9.113063593e-07,4.029075726e-08,2.231536847e-05,-3.299730493e-07,0.05013183394
1894.0,2.932259811e-06,4.068342539e-08,5.139468487e-06,1.060960339e-07,3.20690531e-06,1.511274635e-07,3.178159361e-05,9.527192688e-07,3.572555252e-07,9.500069497e-09,1.044941386e-06,4.59153592e-08,2.248410601e-05,2.27542966e-06,0.05013410937
1895.0,3.89096561e-06,4.99983793e-08,7.1451422e-06,1.943230545e-07,4.210637151e-06,1.715688544e-07,3.313022941e-05,9.912282342e-07,3.605792924e-07,9.762731557e-09,1.018119953e-06,4.127171553e-08,2.339116594e-05,1.127350079e-06,0.05013523672
1896.0,3.189370876e-06,3.912807545e-08,5.266587803e-06,1.124548662e-07,3.538878852e-06,1.224177338e-07,2.273133539e-05,9.410718172e-07,3.56964067e-07,9.578571562e-09,9.118055047e-07,4.032873904e-08,2.215866462e-05,-4.371059585e-07,0.05013479961
1897.0,2.923943183e-06,4.114040031e-08,5.128644712e-06,1.062462669e-07,3.209109149e-06,1.521662575e-07,3.443149032e-05,9.510011424e-07,3.547482702e-07,9.463244015e-09,1.045734274e-06,4.595005333e-08,2.244349198e-05,2.172766736e-06,0.05013697238
1898.0,3.938856172e-06,5.017628379e-08,7.154612169e-06,1.947780386e-07,4.216311025e-06,1.723205188e-07,3.255373078e-05,9.856166177e-07,3.586689959e-07,9.731608106e-09,1.019051949e-06,4.130670293e-08,2.325876958e-05,1.114154866e-06,0.05013808654
1899.0,3.150074671e-06,3.857739288e-08,5.253302822e-06,1.122314963e-07,3.538062682e-06,1.226035462e-07,2.401898859e-05,9.364540116e-07,3.561129051e-07,9.608294432e-09,9.131806291e-07,4.038735989e-08,2.204993172e-05,-3.708750945e-07,0.05013771566
1900.0,2.939466863e-06,4.139046983e-08,5.119397959e-06,1.049545963e-07,3.205960743e-06,1.511881345e-07,3.143303965e-05,9.51574762e-07,3.539642653e-07,9.48898606e-09,1.046821841e-06,4.603283223e-08,2.245707594e-05,2.188406761e-06,0.05013990407
1901.0,3.902691019e-06,5.042407717e-08,7.125323308e-06,1.942834636e-07,4.213558499e-06,1.72304556e-07,3.369533976e-05,9.808786217e-07,3.582173158e-07,9.757209815e-09,1.019958203e-06,4.134938747e-08,2.314692373e-05,9.74762869e-07,0.05014087883
1902.0,3.179684478e-06,3.834916787e-08,5.270148899e-06,1.122862972e-07,3.544560288e-06,1.22741454e-07,2.316807654e-05,9.363740675e-07,3.56600677e-07,9.679020012e-09,9.14943696e-07,4.048075785e-08,2.204800452e-05,-2.919989633e-07,0.05014058683
1903.0,2.925693712e-06,4.235987378e-08,5.085019389e-06,1.045440827e-07,3.198830819e-06,1.502903283e-07,3.281601162e-05,9.570383692e-07,3.534008768e-07,9.553502037e-09,1.047675498e-06,4.606797253e-08,2.258600797e-05,2.25604306e-06,0.05014284288
1904.0,3.923171158e-06,5.027087947e-08,7.137241551e-06,1.940836974e-07,4.212644761e-06,1.716747189e-07,3.16795053e-05,9.85582991e-07,3.580100543e-07,9.81053859e-09,1.020882093e-06,4.137896217e-08,2.325793004e-05,1.029335474e-06,0.05014387221
1905.0,3.146364668e-06,3.85388398e-08,5.250409492e-06,1.123647707e-07,3.537893531e-06,1.225008347e-07,2.337282722e-05,9.45969493e-07,3.573067491e-07,9.748362235e-09,9.159477845e-07,4.056076218e-08,2.22738991e-05,-3.479134289e-07,0.0501435243
1906.0,2.961520801e-06,4.302544297e-08,5.097655521e-06,1.040760547e-07,3.19851991e-06,1.498459725e-07,3.158459136e-05,9.542074048e-07,3.541378061e-07,9.590798831e-09,1.048072244e-06,4.611879084e-08,2.251922762e-05,2.274311418e-06,0.05014579861
1907.0,3.892597849e-06,4.999758803e-08,7.109771531e-06,1.947662011e-07,4.209669232e-06,1.71808994e-07,3.330122079e-05,9.919314407e-07,3.585987039e-07,9.827092172e-09,1.020824043e-06,4.139642773e-08,2.340773405e-05,1.121834772e-06,0.05014692044
1908.0,3.183753698e-06,3.854582685e-08,5.257817295e-06,1.127929747e-07,3.542839823e-06,1.230326116e-07,2.314737076e-05,9.397701501e-07,3.576520586e-07,9.760558818e-09,9.165196361e-07,4.060358e-08,2.21280022e-05,-4.396274028e-07,0.05014648082
1909.0,2.947049814e-06,4.316389293e-08,5.115143782e-06,1.040177835e-07,3.203738295e-06,1.502079834e-07,3.439422771e-05,9.512519126e-07,3.539094369e-07,9.599303944e-09,1.047630143e-06,4.609740061e-08,2.244936263e-05,2.181951315e-06,0.05014866277
1910.0,3.935369111e-06,5.022540757e-08,7.155730269e-06,1.9453107e-07,4.220479803e-06,1.723768936e-07,3.276942581e-05,9.858939299e-07,3.582381942e-07,9.823754252e-09,1.020670238e-06,4.137057346e-08,2.326524866e-05,1.130545246e-06,0.05014979331
1911.0,3.139719449e-06,3.805605174e-08,5.257259501e-06,1.129896986e-07,3.54555173e-06,1.233751819e-07,2.412971599e-05,9.362539607e-07,3.573802885e-07,9.723851656e-09,9.157868749e-07,4.060557883e-08,2.204521277e-05,-3.7804398e-07,0.05014941527
1912.0,2.972846877e-06,4.332461657e-08,5.133249025e-06,1.053057179e-07,3.198067594e-06,1.494362673e-07,3.3029032e-05,9.522720787e-07,3.538049382e-07,9.570590558e-09,1.046301323e-06,4.604678028e-08,2.247349857e-05,2.18293834e-06,0.05015159821
1913.0,3.906753519e-06,5.019997164e-08,7.132816251e-06,1.950651891e-07,4.216772235e-06,1.719431208e-07,3.348639706e-05,9.798791024e-07,3.577006251e-07,9.757208416e-09,1.019245404e-06,4.132567706e-08,2.312323914e-05,9.956757423e-07,0.05015259388
1914.0,3.170475612e-06,3.805490859e-08,5.28677936e-06,1.135656607e-07,3.550513293e-06,1.240857595e-07,2.282496578e-05,9.350269966e-07,3.561173493e-07,9.62994493e-09,9.144917077e-07,4.052756593e-08,2.201629196e-05,-2.813898544e-07,0.05015231249
1915.0,2.947734568e-06,4.361735008e-08,5.146261803e-06,1.049379614e-07,3.192018641e-06,1.481403542e-07,3.304814045e-05,9.564903516e-07,3.526279077e-07,9.527403734e-09,1.044307702e-06,4.594940725e-08,2.257303363e-05,2.255603859e-06,0.0501545681
1916.0,3.927396649e-06,5.003776867e-08,7.13746836e-06,1.949844916e-07,4.214539117e-06,1.716350656e-07,3.213702102e-05,9.839988498e-07,3.56145675e-07,9.694819436e-09,1.018103014e-06,4.124166659e-08,2.322054212e-05,1.040125829e-06,0.05015560822
1917.0,3.161567401e-06,3.858436495e-08,5.313714e-06,1.15188e-07,3.550992766e-06,1.250021008e-07,2.524314983e-05,9.462163194e-07,3.543309108e-07,9.522724955e-09,9.12489115e-07,4.04694988e-08,2.227969077e-05,-3.594145718e-07,0.05015524881
1918.0,2.983784431e-06,4.383371179e-08,5.141803488e-06,1.05894626e-07,3.188335674e-06,1.474453123e-07,3.162769542e-05,9.531161773e-07,3.519609689e-07,9.486953375e-09,1.042602736e-06,4.586896015e-08,2.249342772e-05,2.286235306e-06,0.05015753504
1919.0,3.883305704e-06,4.955799693e-08,7.124891351e-06,1.949634646e-07,4.211696556e-06,1.717035326e-07,3.369018461e-05,9.91531169e-07,3.549662783e-07,9.615592798e-09,1.016568271e-06,4.120512957e-08,2.339825467e-05,1.151528526e-06,0.05015868657
1920.0,3.173038835e-06,3.844211093e-08,5.300887748e-06,1.143579185e-07,3.551663448e-06,1.24613471e-07,2.263966453e-05,9.397810255e-07,3.521478893e-07,9.403285842e-09,9.110294699e-07,4.038122037e-08,2.212822331e-05,-4.401519338e-07,0.05015824642
1921.0,2.938344087e-06,4.319510931e-08,5.146596068e-06,1.05767155e-07,3.18587952e-06,1.468985697e-07,3.334319951e-05,9.493263818e-07,3.503557345e-07,9.443770331e-09,1.041083058e-06,4.581102048e-08,2.240398801e-05,2.195085548e-06,0.05016044151
1922.0,3.92092615e-06,4.954594313e-08,7.17639391e-06,1.952543822e-07,4.219710203e-06,1.719802657e-07,3.231712967e-05,9.843818029e-07,3.533564747e-07,9.567053996e-09,1.016336075e-06,4.117178436e-08,2.322950821e-05,1.13465023e-06,0.05016157616
1923.0,3.144924482e-06,3.8204927e-08,5.285574053e-06,1.14293012e-07,3.550200945e-06,1.248282679e-07,2.455086284e-05,9.340116475e-07,3.49988174e-07,9.298326123e-09,9.096961716e-07,4.036430435e-08,2.199238784e-05,-3.657976156e-07,0.05016121036
1924.0,2.971318485e-06,4.306435903e-08,5.161092286e-06,1.068578719e-07,3.184514492e-06,1.466656692e-07,3.25785676e-05,9.490646128e-07,3.495062738e-07,9.399520374e-09,1.040673655e-06,4.578348278e-08,2.239780861e-05,2.200796895e-06,0.05016341115
1925.0,3.908166304e-06,4.984887596e-08,7.196216573e-06,1.957381259e-07,4.218677319e-06,1.721527624e-07,3.344419967e-05,9.78063903e-07,3.525565936e-07,9.509839786e-09,1.016243387e-06,4.121655199e-08,2.308036736e-05,1.008219561e-06,0.05016441937
1926.0,3.181057931e-06,3.853470699e-08,5.289597405e-06,1.140694584e-07,3.552461764e-06,1.252516321e-07,2.29254436e-05,9.35270104e-07,3.483768484e-07,9.22189438e-09,9.097178888e-07,4.035224297e-08,2.202205319e-05,-2.727177427e-07,0.05016414666
1927.0,2.939505305e-06,4.291751284e-08,5.137608856e-06,1.062211644e-07,3.177553017e-06,1.459228534e-07,3.356733391e-05,9.529511182e-07,3.485412115e-07,9.384881167e-09,1.040883182e-06,4.580773083e-08,2.24894956e-05,2.250825085e-06,0.05016639748
1928.0,3.940781777e-06,5.009313236e-08,7.166489266e-06,1.949920045e-07,4.220509548e-06,1.725688672e-07,3.290111727e-05,9.83951326e-07,3.522889922e-07,9.533724338e-09,1.017514475e-06,4.126084153e-08,2.321940374e-05,1.059407414e-06,0.05016745689
1929.0,3.160789632e-06,3.919181159e-08,5.236295694e-06,1.12883636e-07,3.549625819e-06,1.250341709e-07,2.396967566e-05,9.459076483e-07,3.480232371e-07,9.224361233e-09,9.106653754e-07,4.043373211e-08,2.227242443e-05,-3.353297964e-07,0.05016712156
1930.0,2.971814168e-06,4.275831947e-08,5.162817681e-06,1.053443957e-07,3.184823193e-06,1.457229786e-07,3.227665328e-05,9.500843558e-07,3.494391104e-07,9.436839834e-09,1.042406017e-06,4.586511106e-08,2.242188522e-05,2.290385893e-06,0.05016941195
1931.0,3.892397845e-06,4.974276076e-08,7.153645899e-06,1.937643492e-07,4.215148571e-06,1.720435035e-07,3.311888765e-05,9.894351859e-07,3.537777724e-07,9.626817923e-09,1.019110826e-06,4.138251859e-08,2.334880754e-05,1.166583075e-06,0.05017057853
1932.0,3.191623819e-06,3.969341595e-08,5.242823837e-06,1.126719271e-07,3.547052958e-06,1.246042601e-07,2.233599705e-05,9.406012594e-07,3.4869767e-07,9.307075463e-09,9.127442122e-07,4.051147718e-08,2.214754509e-05,-4.407741602e-07,0.05017013775
1933.0,2.943458554e-06,4.202947814e-08,5.152000618e-06,1.056894298e-07,3.182398894e-06,1.462496063e-07,3.396388235e-05,9.461101791e-07,3.513573224e-07,9.563612639e-09,1.04453249e-06,4.596846432e-08,2.232802571e-05,2.203209791e-06,0.05017234096
1934.0,3.939894095e-06,5.015735508e-08,7.161516927e-06,1.932592852e-07,4.220071975e-06,1.726073675e-07,3.25028416e-05,9.836927074e-07,3.562829457e-07,9.790361082e-09,1.021778258e-06,4.147694842e-08,2.321332792e-05,1.155942253e-06,0.05017349691
1935.0,3.179325063e-06,3.992477023e-08,5.249626108e-06,1.120455959e-07,3.550588267e-06,1.248621397e-07,2.429472132e-05,9.366501389e-07,3.510271954e-07,9.452281098e-09,9.147072247e-07,4.061820033e-08,2.205448902e-05,-3.695122767e-07,0.05017312739
1936.0,2.957471037e-06,4.153028043e-08,5.121215247e-06,1.055372713e-07,3.184809828e-06,1.464434173e-07,3.20327909e-05,9.463723619e-07,3.548184503e-07,9.719194466e-09,1.046896859e-06,4.606688096e-08,2.233432842e-05,2.19775536e-06,0.05017532515
1937.0,3.915378993e-06,5.094570874e-08,7.133154211e-06,1.942714042e-07,4.217608314e-06,1.728779611e-07,3.394255349e-05,9.757156359e-07,3.594581363e-07,9.940302374e-09,1.023651274e-06,4.159362235e-08,2.302498049e-05,9.958209218e-07,0.05017632097
1938.0,3.202752893e-06,4.014109646e-08,5.242824401e-06,1.117001167e-07,3.55011169e-06,1.248954941e-07,2.302635695e-05,9.371297497e-07,3.532881971e-07,9.584303541e-09,9.164044807e-07,4.066432178e-08,2.206583422e-05,-2.630093204e-07,0.05017605796
1939.0,2.918455901e-06,4.120668245e-08,5.109555318e-06,1.048385508e-07,3.185831709e-06,1.464801255e-07,3.307198671e-05,9.508465384e-07,3.57024737e-07,9.839792171e-09,1.048372682e-06,4.613057518e-08,2.243994109e-05,2.260643631e-06,0.0501783186
1940.0,3.934885458e-06,5.091359813e-08,7.135227498e-06,1.93235827e-07,4.21662691e-06,1.720508685e-07,3.189324001e-05,9.80665464e-07,3.614439534e-07,1.005392595e-08,1.025169554e-06,4.163394577e-08,2.314185891e-05,1.049308362e-06,0.05017936791
1941.0,3.186149065e-06,4.077979911e-08,5.249323994e-06,1.111538207e-07,3.550790766e-06,1.246498941e-07,2.435403892e-05,9.480430667e-07,3.548868282e-07,9.685511314e-09,9.169705551e-07,4.070102099e-08,2.232280484e-05,-3.386007214e-07,0.05017902931
1942.0,2.966235039e-06,4.122286905e-08,5.140208686e-06,1.052975586e-07,3.196739949e-06,1.475290737e-07,3.283367103e-05,9.480434171e-07,3.590313912e-07,9.891969616e-09,1.049273161e-06,4.617335385e-08,2.237370291e-05,2.284527078e-06,0.05018131384
1943.0,3.912483784e-06,5.096981901e-08,7.155015646e-06,1.946264475e-07,4.216357972e-06,1.722913267e-07,3.393422721e-05,9.868056919e-07,3.62892442e-07,1.007871557e-08,1.025096237e-06,4.164545273e-08,2.328679041e-05,1.149677338e-06,0.05018246352
1944.0,3.214500226e-06,4.112123481e-08,5.239482884e-06,1.114511118e-07,3.547915865e-06,1.239865093e-07,2.232607262e-05,9.433386166e-07,3.5548184e-07,9.696146322e-09,9.166204311e-07,4.066259719e-08,2.221206063e-05,-4.277485467e-07,0.05018203577
1945.0,2.909823598e-06,4.053825475e-08,5.09629431e-06,1.055566139e-07,3.189208209e-06,1.480019596e-07,3.29277672e-05,9.455484596e-07,3.591639673e-07,9.868250206e-09,1.048843732e-06,4.612732148e-08,2.231482864e-05,2.207210194e-06,0.05018424298
1946.0,3.93965107e-06,5.115495444e-08,7.176063183e-06,1.947239231e-07,4.219650079e-06,1.724357585e-07,3.24945637e-05,9.827157774e-07,3.627112036e-07,1.003073395e-08,1.024107833e-06,4.15780156e-08,2.319029692e-05,1.143754004e-06,0.05018538673
1947.0,3.176257103e-06,4.095858844e-08,5.241278165e-06,1.121582859e-07,3.54444263e-06,1.238434949e-07,2.416460971e-05,9.378008279e-07,3.551854927e-07,9.650530355e-09,9.149317789e-07,4.057000374e-08,2.208164619e-05,-3.782274904e-07,0.0501850085
1948.0,2.934489541e-06,4.016192774e-08,5.114591146e-06,1.067034651e-07,3.197599887e-06,1.490560124e-07,3.18298661e-05,9.461517962e-07,3.589151964e-07,9.766007069e-09,1.047365352e-06,4.604935485e-08,2.232912567e-05,2.205626652e-06,0.05018721413
1949.0,3.913829469e-06,5.156851434e-08,7.16590911e-06,1.954055477e-07,4.214853479e-06,1.723741395e-07,3.330784257e-05,9.766680095e-07,3.618433996e-07,9.917952288e-09,1.021993067e-06,4.145865512e-08,2.30475091e-05,9.990219401e-07,0.05018821315
1950.0,3.198300742e-06,4.069707101e-08,5.274935098e-06,1.123867205e-07,3.543349518e-06,1.233096065e-07,2.23891008e-05,9.379108047e-07,3.543697846e-07,9.550079926e-09,9.128514807e-07,4.043928764e-08,2.208429049e-05,-2.612520112e-07,0.0501879519
1951.0,2.900927598e-06,4.019975744e-08,5.134153745e-06,1.069484153e-07,3.194492481e-06,1.493020467e-07,3.304908856e-05,9.512094746e-07,3.572445062e-07,9.636421651e-09,1.045369421e-06,4.589962712e-08,2.24484546e-05,2.259492683e-06,0.05019021139
1952.0,3.947681811e-06,5.165426409e-08,7.173741789e-06,1.959115653e-07,4.213076461e-06,1.722404911e-07,3.208502444e-05,9.820142353e-07,3.601449887e-07,9.803877147e-09,1.019776054e-06,4.133272496e-08,2.317374313e-05,1.038307141e-06,0.0501912497
1953.0,3.180292007e-06,4.091371431e-08,5.24334835e-06,1.131683295e-07,3.53804817e-06,1.229053477e-07,2.418891965e-05,9.491212921e-07,3.535757355e-07,9.491273847e-09,9.108925584e-07,4.030525579e-08,2.234820739e-05,-3.28244021e-07,0.05019092146
1954.0,2.936563704e-06,4.017690694e-08,5.17623673e-06,1.078326005e-07,3.205721073e-06,1.500884063e-07,3.213479046e-05,9.491008677e-07,3.558884434e-07,9.500301474e-09,1.043439223e-06,4.581483232e-08,2.239872434e-05,2.275970001e-06,0.05019319743
1955.0,3.907730775e-06,5.114569839e-08,7.207456619e-06,1.964376128e-07,4.213786685e-06,1.720391321e-07,3.294419777e-05,9.885553801e-07,3.58306535e-07,9.690594304e-09,1.017457611e-06,4.120552713e-08,2.332809725e-05,1.136571185e-06,0.050194334
1956.0,3.202693094e-06,4.085118855e-08,5.274515019e-06,1.134750538e-07,3.535539272e-06,1.221543995e-07,2.194878505e-05,9.436352789e-07,3.52682893e-07,9.431938205e-09,9.095874497e-07,4.025558161e-08,2.221904752e-05,-4.300146114e-07,0.05019390398
1957.0,2.905418837e-06,4.004320062e-08,5.163173451e-06,1.085377509e-07,3.202620848e-06,1.511644581e-07,3.370779473e-05,9.477998125e-07,3.535766387e-07,9.383487861e-09,1.042246314e-06,4.57206799e-08,2.236797176e-05,2.176172055e-06,0.05019608016
1958.0,3.94597895e-06,5.115392869e-08,7.212730589e-06,1.967940222e-07,4.215224617e-06,1.724602072e-07,3.238016775e-05,9.844200609e-07,3.562677354e-07,9.599380719e-09,1.016282934e-06,4.115920796e-08,2.323054791e-05,1.129245057e-06,0.0501972094
1959.0,3.174349453e-06,4.029681094e-08,5.286106799e-06,1.140162391e-07,3.536807003e-06,1.224860893e-07,2.439637694e-05,9.37407646e-07,3.523492142e-07,9.41022058e-09,9.094854077e-07,4.022961753e-08,2.20723908e-05,-3.644481519e-07,0.05019684495
1960.0,2.928446139e-06,3.983979524e-08,5.168093277e-06,1.07995816e-07,3.209236051e-06,1.51469837e-07,3.160229395e-05,9.486355333e-07,3.522698035e-07,9.276902193e-09,1.041963976e-06,4.573995963e-08,2.238775607e-05,2.185802715e-06,0.05019903076
1961.0,3.911826309e-06,5.120879844e-08,7.186980123e-06,1.963221673e-07,4.214574859e-06,1.722199235e-07,3.310002222e-05,9.785444599e-07,3.554983172e-07,9.541394806e-09,1.016094199e-06,4.114690323e-08,2.309187068e-05,9.707874117e-07,0.05020000154
1962.0,3.191748418e-06,3.966188203e-08,5.296621196e-06,1.141821814e-07,3.537858348e-06,1.220258464e-07,2.290559143e-05,9.382818228e-07,3.527206312e-07,9.408508051e-09,9.106609752e-07,4.030929296e-08,2.209300079e-05,-2.782027339e-07,0.05019972334
1963.0,2.905027488e-06,4.041639806e-08,5.136604273e-06,1.077809294e-07,3.202834568e-06,1.511200519e-07,3.292848893e-05,9.544509194e-07,3.515213401e-07,9.269097747e-09,1.043215941e-06,4.577735738e-08,2.252499425e-05,2.254189316e-06,0.05020197753
1964.0,3.945096185e-06,5.116905843e-08,7.200196932e-06,1.954415554e-07,4.213714558e-06,1.720086423e-07,3.199239496e-05,9.850481055e-07,3.556315143e-07,9.57305885e-09,1.017766993e-06,4.124852239e-08,2.324530404e-05,1.032641436e-06,0.05020301017
1965.0,3.170576091e-06,3.983199072e-08,5.28940364e-06,1.137684118e-07,3.536811673e-06,1.219799489e-07,2.35078166e-05,9.473188386e-07,3.548052691e-07,9.530118808e-09,9.130789285e-07,4.041643942e-08,2.230573904e-05,-3.378253591e-07,0.05020267235
1966.0,2.948347428e-06,4.108819836e-08,5.141871406e-06,1.070156125e-07,3.208067987e-06,1.514517235e-07,3.203087688e-05,9.52643114e-07,3.537640489e-07,9.369879782e-09,1.045987889e-06,4.595294884e-08,2.248235088e-05,2.271209029e-06,0.05020494355
1967.0,3.915614187e-06,5.079987647e-08,7.180110498e-06,1.958846243e-07,4.212825606e-06,1.721668343e-07,3.330308017e-05,9.913878126e-07,3.58978751e-07,9.719423861e-09,1.020611882e-06,4.13855147e-08,2.339493786e-05,1.116856286e-06,0.05020606041
1968.0,3.202993231e-06,3.970150122e-08,5.290843829e-06,1.135384126e-07,3.538345934e-06,1.221549946e-07,2.221016094e-05,9.41051203e-07,3.592634133e-07,9.73192444e-09,9.166682229e-07,4.060943396e-08,2.215817321e-05,-4.233093833e-07,0.0502056371
1969.0,2.923006432e-06,4.137030724e-08,5.127895739e-06,1.061228226e-07,3.206581736e-06,1.518784305e-07,3.298914119e-05,9.509833554e-07,3.572125871e-07,9.581993185e-09,1.049660289e-06,4.610955721e-08,2.244310649e-05,2.185877385e-06,0.05020782298
1970.0,3.94180786e-06,5.085321876e-08,7.193445825e-06,1.949762004e-07,4.216633378e-06,1.723217263e-07,3.18747164e-05,9.866343685e-07,3.633551553e-07,9.945845883e-09,1.024506197e-06,4.157102873e-08,2.328277021e-05,1.117711191e-06,0.05020894069
1971.0,3.16679378e-06,3.941454481e-08,5.278797847e-06,1.132794809e-07,3.539034632e-06,1.227095498e-07,2.482821498e-05,9.355029302e-07,3.650575476e-07,1.000116242e-08,9.207851296e-07,4.078882873e-08,2.20275128e-05,-3.629382266e-07,0.05020857775
1972.0,2.97812474e-06,4.210829817e-08,5.148128787e-06,1.06498526e-07,3.217716152e-06,1.525207172e-07,3.352074639e-05,9.516700801e-07,3.623044571e-07,9.820132896e-09,1.053340957e-06,4.632510615e-08,2.245935379e-05,2.168824957e-06,0.05021074658
1973.0,3.936816145e-06,5.127518438e-08,7.153323766e-06,1.949786012e-07,4.22076568e-06,1.726793344e-07,3.417058509e-05,9.809870681e-07,3.684147059e-07,1.017126443e-08,1.027663371e-06,4.17126722e-08,2.314947995e-05,9.754556459e-07,0.05021172203
1974.0,3.195562093e-06,3.911379898e-08,5.302019501e-06,1.131246717e-07,3.548609141e-06,1.233786655e-07,2.309097373e-05,9.358784252e-07,3.69988898e-07,1.022849704e-08,9.24165655e-07,4.096572466e-08,2.203638364e-05,-2.699043986e-07,0.05021145213
1975.0,2.949106592e-06,4.289635971e-08,5.142317867e-06,1.051475532e-07,3.208811545e-06,1.510757966e-07,3.362454255e-05,9.577043919e-07,3.662250037e-07,1.002518504e-08,1.056028579e-06,4.643664202e-08,2.260172452e-05,2.249782755e-06,0.05021370191
1976.0,3.95927438e-06,5.128905367e-08,7.178961235e-06,1.947622606e-07,4.221029671e-06,1.728093885e-07,3.244512532e-05,9.849320803e-07,3.720960969e-07,1.035178317e-08,1.030215263e-06,4.183527459e-08,2.324256682e-05,1.017840467e-06,0.05021471975
1977.0,3.177932006e-06,3.944867013e-08,5.28787074e-06,1.141836642e-07,3.548010724e-06,1.242247233e-07,2.486930922e-05,9.46845841e-07,3.740733475e-07,1.038801742e-08,9.265255899e-07,4.108551494e-08,2.229455516e-05,-3.564376014e-07,0.05021436331
1978.0,2.990064396e-06,4.374485437e-08,5.140713384e-06,1.059446503e-07,3.207376898e-06,1.511068491e-07,3.233949928e-05,9.548031519e-07,3.700165849e-07,1.015602004e-08,1.057837026e-06,4.654310074e-08,2.253328261e-05,2.278384927e-06,0.0502166417
1979.0,3.915238377e-06,5.092820224e-08,7.155411145e-06,1.950973551e-07,4.217264632e-06,1.730601625e-07,3.332717072e-05,9.932132401e-07,3.750344322e-07,1.043502932e-08,1.031172096e-06,4.188103959e-08,2.343798317e-05,1.130666988e-06,0.05021777237
1980.0,3.187171745e-06,3.912146152e-08,5.286854615e-06,1.139474639e-07,3.549530654e-06,1.244094979e-07,2.224164928e-05,9.391245778e-07,3.761464242e-07,1.044118249e-08,9.273510088e-07,4.114611356e-08,2.211279195e-05,-4.332354176e-07,0.05021733913
1981.0,2.94273052e-06,4.358082964e-08,5.137636204e-06,1.057983767e-07,3.200283851e-06,1.505730816e-07,3.30607008e-05,9.520563022e-07,3.7132953e-07,1.020119797e-08,1.057932369e-06,4.653350043e-08,2.246842224e-05,2.187683915e-06,0.05021952681
1982.0,3.950716029e-06,5.104631247e-08,7.178389456e-06,1.957829041e-07,4.223963987e-06,1.734809874e-07,3.275148348e-05,9.877441771e-07,3.757196074e-07,1.044116084e-08,1.031156872e-06,4.187307568e-08,2.330888032e-05,1.124504995e-06,0.05022065132
1983.0,3.159020452e-06,3.893017405e-08,5.268307639e-06,1.148479047e-07,3.550146393e-06,1.250086616e-07,2.409356531e-05,9.335745245e-07,3.765112795e-07,1.03989239e-08,9.265671117e-07,4.112980556e-08,2.198209851e-05,-3.683938429e-07,0.05022028293
1984.0,2.971678876e-06,4.373257616e-08,5.173517072e-06,1.068535288e-07,3.200854417e-06,1.499995653e-07,3.157064559e-05,9.521241733e-07,3.7174543e-07,1.015737371e-08,1.056642963e-06,4.64793693e-08,2.247001089e-05,2.191515716e-06,0.05022247444
1985.0,3.915235979e-06,5.106760328e-08,7.181698479e-06,1.963828241e-07,4.220015537e-06,1.731685464e-07,3.273692903e-05,9.805825628e-07,3.75777308e-07,1.035400305e-08,1.029593968e-06,4.181058741e-08,2.313983161e-05,9.924043197e-07,0.05022346685
1986.0,3.180497716e-06,3.8817549e-08,5.294905554e-06,1.155096407e-07,3.553136411e-06,1.25624192e-07,2.243733713e-05,9.349160721e-07,3.753792046e-07,1.027227592e-08,9.248542e-07,4.102758017e-08,2.201371724e-05,-2.811927782e-07,0.05022318565
1987.0,2.962535674e-06,4.420284954e-08,5.149959301e-06,1.073406585e-07,3.196703878e-06,1.495288705e-07,3.456848418e-05,9.561014975e-07,3.707414203e-07,1.0071335e-08,1.054473048e-06,4.636069318e-08,2.256388289e-05,2.232832636e-06,0.05022541848
1988.0,3.955883538e-06,5.093605819e-08,7.203304718e-06,1.966563442e-07,4.226625998e-06,1.736090402e-07,3.288809954e-05,9.85972933e-07,3.745606335e-07,1.025421141e-08,1.028029258e-06,4.16912023e-08,2.326712315e-05,1.038904268e-06,0.05022645739
1989.0,3.164832206e-06,3.889099462e-08,5.316832085e-06,1.162488497e-07,3.559094695e-06,1.2631623e-07,2.405367774e-05,9.450369291e-07,3.734144319e-07,1.011431658e-08,9.223010268e-07,4.090500038e-08,2.225191164e-05,-3.445558477e-07,0.05022611283
1990.0,2.989438478e-06,4.436219754e-08,5.201899505e-06,1.076466444e-07,3.195069528e-06,1.483996248e-07,3.23559822e-05,9.540486752e-07,3.696753222e-07,9.997333039e-09,1.052142723e-06,4.623381909e-08,2.251540835e-05,2.288748692e-06,0.05022840158
1991.0,3.899892027e-06,5.015376462e-08,7.194402678e-06,1.965248654e-07,4.222544721e-06,1.731387425e-07,3.321425965e-05,9.913366181e-07,3.731502805e-07,1.013937825e-08,1.025739157e-06,4.160370337e-08,2.339368786e-05,1.146541296e-06,0.05022954812
1992.0,3.187994929e-06,3.902518147e-08,5.315774553e-06,1.169703826e-07,3.557526379e-06,1.264593984e-07,2.261309835e-05,9.396889179e-07,3.703921925e-07,9.951423628e-09,9.198466743e-07,4.075380273e-08,2.212605384e-05,-4.489301709e-07,0.05022909919
1993.0,2.950058942e-06,4.366190846e-08,5.187422207e-06,1.08441481e-07,3.186615369e-06,1.477725045e-07,3.292416869e-05,9.500452946e-07,3.674708521e-07,9.918269621e-09,1.049763787e-06,4.612047123e-08,2.242088121e-05,2.209077876e-06,0.05023130827
1994.0,3.93070273e-06,5.013273631e-08,7.206822866e-06,1.961372782e-07,4.224824923e-06,1.733211999e-07,3.202054253e-05,9.859837633e-07,3.710543359e-07,1.006255927e-08,1.02457998e-06,4.150765308e-08,2.326736114e-05,1.144526097e-06,0.0502324528
1995.0,3.158634499e-06,3.87731162e-08,5.328016303e-06,1.167508481e-07,3.559180636e-06,1.268315069e-07,2.428533386e-05,9.331730845e-07,3.67337958e-07,9.79761612e-09,9.175442284e-07,4.067498945e-08,2.197265271e-05,-3.679967301e-07,0.0502320848
1996.0,2.991418519e-06,4.359091082e-08,5.210497207e-06,1.086929179e-07,3.193562559e-06,1.477713382e-07,3.266943563e-05,9.492246652e-07,3.658205523e-07,9.84472782e-09,1.048466881e-06,4.60459202e-08,2.240155707e-05,2.197382315e-06,0.05023428218
1997.0,3.922529521e-06,5.055267348e-08,7.212764197e-06,1.974265471e-07,4.226531764e-06,1.736639932e-07,3.39732135e-05,9.777456327e-07,3.693545016e-07,9.970833018e-09,1.023686242e-06,4.15116953e-08,2.307290864e-05,9.872287808e-07,0.05023526941
1998.0,3.190154848e-06,3.890853559e-08,5.314403692e-06,1.165985394e-07,3.56259069e-06,1.271769055e-07,2.264642942e-05,9.352379895e-07,3.641534118e-07,9.663267602e-09,9.166236335e-07,4.060024281e-08,2.202128235e-05,-2.584513747e-07,0.05023501096
1999.0,2.952389766e-06,4.342884425e-08,5.177225201e-06,1.081111344e-07,3.18209397e-06,1.465844704e-07,3.385451392e-05,9.538175226e-07,3.63984742e-07,9.783122571e-09,1.047927514e-06,4.603791305e-08,2.250991525e-05,2.269474139e-06,0.05023728043
2000.0,3.940941633e-06,5.03524854e-08,7.193229695e-06,1.960562823e-07,4.22633347e-06,1.734301964e-07,3.203626662e-05,9.829393832e-07,3.681712615e-07,9.939882545e-09,1.024354079e-06,4.151707797e-08,2.319554601e-05,1.057095186e-06,0.05023833753
2001.0,3.170809368e-06,3.977704072e-08,5.291908076e-06,1.156771274e-07,3.558014626e-06,1.272136127e-07,2.435164899e-05,9.464839018e-07,3.628173035e-07,9.600416592e-09,9.167594684e-07,4.064663315e-08,2.228601964e-05,-3.35530698e-07,0.050238002
2002.0,2.981177333e-06,4.315506623e-08,5.190489611e-06,1.07689904e-07,3.185754515e-06,1.464018664e-07,3.216024346e-05,9.500039883e-07,3.639256183e-07,9.792907357e-09,1.049099742e-06,4.608976063e-08,2.241997966e-05,2.286537289e-06,0.05024028854
2003.0,3.907221944e-06,5.021790413e-08,7.192229162e-06,1.954213802e-07,4.224633558e-06,1.735385017e-07,3.341923078e-05,9.884037152e-07,3.6876321e-07,9.986583836e-09,1.02570901e-06,4.164547166e-08,2.332448289e-05,1.155358532e-06,0.05024144389
2004.0,3.205526362e-06,4.019634566e-08,5.280561521e-06,1.148669074e-07,3.556986555e-06,1.267146746e-07,2.236832097e-05,9.413524694e-07,3.627097002e-07,9.62978159e-09,9.186972855e-07,4.071928139e-08,2.216526713e-05,-4.285728245e-07,0.05024101532
2005.0,2.94938539e-06,4.235461515e-08,5.20616744e-06,1.078103404e-07,3.187336667e-06,1.468415283e-07,3.349159322e-05,9.46460753e-07,3.654685411e-07,9.906821373e-09,1.051363583e-06,4.622782945e-08,2.233631152e-05,2.193897115e-06,0.05024320922
2006.0,3.958181585e-06,5.070462275e-08,7.187331983e-06,1.952679428e-07,4.229536165e-06,1.742767657e-07,3.281441744e-05,9.831212096e-07,3.711752155e-07,1.01656565e-08,1.028727795e-06,4.176025555e-08,2.319983669e-05,1.167509395e-06,0.05024437673
2007.0,3.182622595e-06,4.039538891e-08,5.249890067e-06,1.135987111e-07,3.55564999e-06,1.268032967e-07,2.44202116e-05,9.370879736e-07,3.649761037e-07,9.782784852e-09,9.210912008e-07,4.086340863e-08,2.206482673e-05,-3.664933415e-07,0.05024401023
2008.0,2.970551011e-06,4.190937636e-08,5.188310735e-06,1.071382637e-07,3.191870418e-06,1.47653407e-07,3.217300266e-05,9.460034788e-07,3.695337939e-07,1.011354972e-08,1.054503931e-06,4.636099725e-08,2.232557631e-05,2.199453469e-06,0.05024620969
2009.0,3.924607541e-06,5.122988757e-08,7.156975019e-06,1.943996338e-07,4.226809181e-06,1.741731629e-07,3.34273203e-05,9.759278137e-07,3.750123843e-07,1.036758421e-08,1.031201494e-06,4.192325693e-08,2.303001146e-05,1.006966199e-06,0.05024721665
2010.0,3.214818071e-06,4.070793569e-08,5.271851609e-06,1.132336751e-07,3.558368835e-06,1.267604613e-07,2.312320102e-05,9.381360715e-07,3.679152336e-07,9.971449494e-09,9.235909481e-07,4.09507065e-08,2.20895855e-05,-2.715050982e-07,0.05024694515
2011.0,2.9377457e-06,4.164280033e-08,5.182671844e-06,1.064920536e-07,3.189761953e-06,1.476020168e-07,3.297767897e-05,9.503671968e-07,3.729470906e-07,1.030416688e-08,1.05697618e-06,4.649356844e-08,2.242856468e-05,2.264979992e-06,0.05024921013
2012.0,3.943276795e-06,5.135772706e-08,7.13746433e-06,1.940976185e-07,4.219300274e-06,1.735432672e-07,3.156318301e-05,9.804381859e-07,3.78269963e-07,1.054704715e-08,1.033759051e-06,4.201585757e-08,2.313658604e-05,1.057975046e-06,0.0502502681
2013.0,3.202339966e-06,4.165642688e-08,5.27403344e-06,1.136832699e-07,3.55398506e-06,1.266321561e-07,2.498373383e-05,9.493071628e-07,3.709174246e-07,1.013300002e-08,9.251899588e-07,4.105226765e-08,2.235249983e-05,-3.448834302e-07,0.05024992322
2014.0,2.984753691e-06,4.167554961e-08,5.176113248e-06,1.070677611e-07,3.203871498e-06,1.492756545e-07,3.344878789e-05,9.472311354e-07,3.763973187e-07,1.04294841e-08,1.059206816e-06,4.65982409e-08,2.235456926e-05,2.287284957e-06,0.05025221051
2015.0,3.930140503e-06,5.139375222e-08,7.164950446e-06,1.948704099e-07,4.230550639e-06,1.744291449e-07,3.425995747e-05,9.868070529e-07,3.807797739e-07,1.063398723e-08,1.034703906e-06,4.209583332e-08,2.328687192e-05,1.154067358e-06,0.05025336457
2016.0,3.228853853e-06,4.177271305e-08,5.258342753e-06,1.127238208e-07,3.556654389e-06,1.260588361e-07,2.310670432e-05,9.44029229e-07,3.725979572e-07,1.020633836e-08,9.258023184e-07,4.106332105e-08,2.222835402e-05,-4.227131759e-07,0.05025294186
2017.0,2.929374468e-06,4.096953518e-08,5.157722586e-06,1.064799898e-07,3.202738192e-06,1.496805243e-07,3.360078984e-05,9.455643573e-07,3.776690656e-07,1.046879356e-08,1.05970446e-06,4.663186613e-08,2.231519478e-05,2.203190053e-06,0.05025514505
2018.0,3.955910516e-06,5.162302277e-08,7.209639908e-06,1.957143306e-07,4.231193439e-06,1.744415585e-07,3.274525356e-05,9.805406824e-07,3.814235041e-07,1.063529142e-08,1.034473393e-06,4.207282939e-08,2.313892368e-05,1.128531671e-06,0.05025627358
2019.0,3.195479748e-06,4.153655179e-08,5.281784856e-06,1.133102494e-07,3.556004506e-06,1.256838371e-07,2.407898977e-05,9.383772727e-07,3.732461236e-07,1.021329898e-08,9.24895134e-07,4.103759704e-08,2.209528402e-05,-3.501776011e-07,0.0502559234
2020.0,2.952146116e-06,4.07665661e-08,5.170795604e-06,1.077455138e-07,3.204631825e-06,1.504479317e-07,3.250958937e-05,9.457565267e-07,3.783378751e-07,1.0414408e-08,1.059003149e-06,4.660974927e-08,2.231981138e-05,2.194064772e-06,0.05025811747
2021.0,3.933641885e-06,5.208311181e-08,7.21275159e-06,1.966403972e-07,4.226002351e-06,1.74533131e-07,3.320108515e-05,9.764933951e-07,3.81123914e-07,1.055175833e-08,1.032713964e-06,4.199952178e-08,2.304341451e-05,9.967915792e-07,0.05025911426
2022.0,3.220610447e-06,4.147296918e-08,5.289603057e-06,1.139704237e-07,3.553127351e-06,1.256657889e-07,2.275466313e-05,9.376329152e-07,3.730120217e-07,1.014591611e-08,9.233371445e-07,4.095096051e-08,2.207769624e-05,-2.540954384e-07,0.05025886017
2023.0,2.923935737e-06,4.0623175e-08,5.16723744e-06,1.084964686e-07,3.204687953e-06,1.508067728e-07,3.37115338e-05,9.517136227e-07,3.769702034e-07,1.029774774e-08,1.057336706e-06,4.649593984e-08,2.246033773e-05,2.257224876e-06,0.05026111739
2024.0,3.957718246e-06,5.192658098e-08,7.187912673e-06,1.969489371e-07,4.222775546e-06,1.73985875e-07,3.166591745e-05,9.816141931e-07,3.796501948e-07,1.04425826e-08,1.030974057e-06,4.188916928e-08,2.316431263e-05,1.050455098e-06,0.05026216785
2025.0,3.188288756e-06,4.158035256e-08,5.254757704e-06,1.13791259e-07,3.545822859e-06,1.24966869e-07,2.40971714e-05,9.497659558e-07,3.726007397e-07,1.010402713e-08,9.216327969e-07,4.084773188e-08,2.23634099e-05,-3.280403772e-07,0.0502618398
2026.0,2.946784979e-06,4.041493356e-08,5.222175938e-06,1.089135036e-07,3.21434624e-06,1.51566629e-07,3.174140362e-05,9.493878977e-07,3.75746448e-07,1.015213304e-08,1.055537479e-06,4.640969229e-08,2.240543947e-05,2.280064812e-06,0.05026411987
2027.0,3.907873276e-06,5.145464156e-08,7.202138329e-06,1.969006269e-07,4.218878269e-06,1.736887841e-07,3.270947835e-05,9.885658385e-07,3.779192356e-07,1.033532816e-08,1.028698182e-06,4.176941974e-08,2.332836011e-05,1.137361869e-06,0.05026525723
2028.0,3.21272802e-06,4.135223464e-08,5.278604167e-06,1.145043355e-07,3.544354649e-06,1.244007658e-07,2.234542703e-05,9.442047782e-07,3.717361531e-07,1.005223025e-08,9.202685542e-07,4.077932873e-08,2.223245829e-05,-4.305803909e-07,0.05026482665
2029.0,2.909714373e-06,3.996179619e-08,5.19859505e-06,1.092915945e-07,3.209743577e-06,1.520364858e-07,3.28915028e-05,9.476003409e-07,3.733385648e-07,1.003589043e-08,1.053914358e-06,4.629901993e-08,2.23632361e-05,2.194624446e-06,0.05026702128
2030.0,3.946860322e-06,5.141076554e-08,7.219016123e-06,1.974121352e-07,4.222032385e-06,1.738069747e-07,3.219849705e-05,9.845077499e-07,3.753957661e-07,1.022798123e-08,1.027209309e-06,4.169926728e-08,2.323264953e-05,1.126741146e-06,0.05026814802
2031.0,3.187626455e-06,4.091523939e-08,5.310929184e-06,1.153555274e-07,3.544828646e-06,1.243882665e-07,2.442750724e-05,9.376398109e-07,3.709449215e-07,1.003325758e-08,9.19556375e-07,4.072838573e-08,2.207782116e-05,-3.522373644e-07,0.05026779578
2032.0,2.938134126e-06,4.000327562e-08,5.184980784e-06,1.092288189e-07,3.214281537e-06,1.525310287e-07,3.117987716e-05,9.490242435e-07,3.714840946e-07,9.928248099e-09,1.053037609e-06,4.629360125e-08,2.239692052e-05,2.189238972e-06,0.05026998502
2033.0,3.919629149e-06,5.156012194e-08,7.180977281e-06,1.977085291e-07,4.218325396e-06,1.737095661e-07,3.368648316e-05,9.787091981e-07,3.73658702e-07,1.015784916e-08,1.026240174e-06,4.166207513e-08,2.309573471e-05,9.662651459e-07,0.05027095128
2034.0,3.202610781e-06,4.014314717e-08,5.327056336e-06,1.155658246e-07,3.549138314e-06,1.241554943e-07,2.287894499e-05,9.373923632e-07,3.703183701e-07,1.000242892e-08,9.19928939e-07,4.076102328e-08,2.207205278e-05,-2.597622991e-07,0.05027069152
2035.0,2.908241441e-06,4.034443368e-08,5.170690588e-06,1.083093702e-07,3.211391707e-06,1.520522401e-07,3.259414406e-05,9.555873779e-07,3.696695509e-07,9.878547708e-09,1.05347127e-06,4.628749574e-08,2.255180382e-05,2.249393622e-06,0.05027294091
2036.0,3.952290087e-06,5.136903703e-08,7.198927825e-06,1.959303101e-07,4.220045739e-06,1.732088774e-07,3.24473343e-05,9.84616654e-07,3.725966822e-07,1.014705849e-08,1.027177395e-06,4.172302282e-08,2.323514617e-05,1.019460585e-06,0.05027396038
2037.0,3.186408672e-06,4.025263306e-08,5.317460077e-06,1.147996449e-07,3.548394551e-06,1.239048285e-07,2.411328023e-05,9.475494378e-07,3.708160503e-07,1.003585084e-08,9.214708306e-07,4.08303349e-08,2.231116349e-05,-3.418770433e-07,0.0502736185
2038.0,2.959998882e-06,4.134684881e-08,5.181432874e-06,1.084110029e-07,3.216096582e-06,1.525948418e-07,3.239299985e-05,9.535088129e-07,3.701947069e-07,9.906340032e-09,1.055354927e-06,4.642586909e-08,2.250274711e-05,2.278815212e-06,0.05027589731
2039.0,3.921759015e-06,5.096593989e-08,7.208425582e-06,1.96336626e-07,4.218444408e-06,1.733532153e-07,3.313217743e-05,9.913014976e-07,3.741347191e-07,1.021178234e-08,1.029170077e-06,4.18216594e-08,2.339289002e-05,1.119475085e-06,0.05027701679
2040.0,3.206777802e-06,4.002131654e-08,5.297815047e-06,1.143604972e-07,3.545383766e-06,1.235623861e-07,2.187678053e-05,9.414082677e-07,3.728101574e-07,1.015240275e-08,9.241250731e-07,4.099008153e-08,2.216661949e-05,-4.275987086e-07,0.05027658919
2041.0,2.930384864e-06,4.149684631e-08,5.160816381e-06,1.080833951e-07,3.216332718e-06,1.532869205e-07,3.365027851e-05,9.516398082e-07,3.718156247e-07,1.005766656e-08,1.058133865e-06,4.655076892e-08,2.245861567e-05,2.181228074e-06,0.05027877042
2042.0,3.958573997e-06,5.107675777e-08,7.186023016e-06,1.959929903e-07,4.225147164e-06,1.74086974e-07,3.22279854e-05,9.871309245e-07,3.768293324e-07,1.037526961e-08,1.032278106e-06,4.197838628e-08,2.329447521e-05,1.116687849e-06,0.05027988711
2043.0,3.168195185e-06,3.950590491e-08,5.256445601e-06,1.139213296e-07,3.544969501e-06,1.238395592e-07,2.435757334e-05,9.339442508e-07,3.768891206e-07,1.038724745e-08,9.274508709e-07,4.113490192e-08,2.199084683e-05,-3.527895362e-07,0.05027953432
2044.0,2.967390737e-06,4.210356373e-08,5.183731726e-06,1.068990797e-07,3.220722883e-06,1.531913021e-07,3.238735603e-05,9.524490512e-07,3.752593033e-07,1.025424072e-08,1.06098883e-06,4.673408795e-08,2.247769928e-05,2.191485557e-06,0.0502817258
2045.0,3.927037985e-06,5.145101523e-08,7.172545945e-06,1.951642754e-07,4.224168667e-06,1.741730619e-07,3.326072568e-05,9.808201122e-07,3.805579086e-07,1.057922923e-08,1.034983605e-06,4.210688292e-08,2.31455233e-05,9.69315986e-07,0.05028269512
2046.0,3.194824416e-06,3.945183056e-08,5.285922901e-06,1.14141275e-07,3.550405359e-06,1.244236884e-07,2.286332333e-05,9.356110048e-07,3.809205924e-07,1.059822164e-08,9.304751259e-07,4.13013429e-08,2.203010532e-05,-2.685464925e-07,0.05028242657
2047.0,2.950413416e-06,4.298514211e-08,5.151814202e-06,1.064987864e-07,3.209476512e-06,1.52176747e-07,3.306095297e-05,9.57802303e-07,3.781502844e-07,1.04371336e-08,1.063141708e-06,4.682755282e-08,2.260404119e-05,2.249157978e-06,0.05028467573
2048.0,3.950848772e-06,5.133074407e-08,7.155158283e-06,1.947667819e-07,4.222493377e-06,1.740204954e-07,3.202165481e-05,9.868820323e-07,3.834343816e-07,1.074998549e-08,1.037085188e-06,4.222456586e-08,2.328865054e-05,1.027546177e-06,0.05028570328
2049.0,3.174561331e-06,3.97117413e-08,5.281848506e-06,1.144857877e-07,3.550379449e-06,1.24958951e-07,2.433226803e-05,9.464467539e-07,3.841254584e-07,1.074704624e-08,9.323509613e-07,4.14048429e-08,2.228513102e-05,-3.486294682e-07,0.05028535465
2050.0,2.988862389e-06,4.375048016e-08,5.149843866e-06,1.068122331e-07,3.210884182e-06,1.522043223e-07,3.196244948e-05,9.553449196e-07,3.809053314e-07,1.054211609e-08,1.064184804e-06,4.692717923e-08,2.254606936e-05,2.284767496e-06,0.05028763941
2051.0,3.914560159e-06,5.106397505e-08,7.135327482e-06,1.945866891e-07,4.222745756e-06,1.744973976e-07,3.373158291e-05,9.931877577e-07,3.859080464e-07,1.082801125e-08,1.037827633e-06,4.226887294e-08,2.34373679e-05,1.128345824e-06,0.05028876776
2052.0,3.196121164e-06,3.951546234e-08,5.26974242e-06,1.143085573e-07,3.551681715e-06,1.255535374e-07,2.250608016e-05,9.394904018e-07,3.857615729e-07,1.07837478e-08,9.329302476e-07,4.14624048e-08,2.212145311e-05,-4.271898452e-07,0.05028834057
2053.0,2.943147304e-06,4.36223593e-08,5.14675754e-06,1.063279478e-07,3.205973039e-06,1.518118947e-07,3.30539941e-05,9.522191565e-07,3.817784807e-07,1.057280643e-08,1.063900995e-06,4.689893431e-08,2.247227253e-05,2.192064272e-06,0.05029053263
2054.0,3.937910966e-06,5.084524741e-08,7.155454358e-06,1.944647175e-07,4.228198505e-06,1.74670091e-07,3.194621239e-05,9.870900301e-07,3.866286978e-07,1.083964538e-08,1.037648121e-06,4.226121744e-08,2.329347002e-05,1.117444479e-06,0.05029165008
2055.0,3.162733414e-06,3.907782108e-08,5.293509816e-06,1.14739852e-07,3.558693317e-06,1.261176163e-07,2.422663301e-05,9.337970085e-07,3.860446333e-07,1.074163271e-08,9.319781072e-07,4.143729133e-08,2.19873789e-05,-3.717731372e-07,0.05029127831
2056.0,2.989722982e-06,4.395039383e-08,5.172910494e-06,1.07070175e-07,3.209991671e-06,1.514787794e-07,3.285980583e-05,9.517392069e-07,3.821354082e-07,1.053186321e-08,1.062320567e-06,4.684031033e-08,2.246091298e-05,2.183223136e-06,0.05029346153
2057.0,3.925824437e-06,5.105074344e-08,7.162117501e-06,1.959626414e-07,4.230758528e-06,1.747259679e-07,3.400483007e-05,9.802353199e-07,3.867327099e-07,1.076866105e-08,1.036126013e-06,4.220383996e-08,2.313173935e-05,9.654955566e-07,0.05029442702
2058.0,3.186320957e-06,3.881329872e-08,5.295575081e-06,1.155855316e-07,3.563902082e-06,1.270653539e-07,2.277947009e-05,9.348117006e-07,3.848207707e-07,1.062577963e-08,9.300543477e-07,4.133523868e-08,2.201123403e-05,-2.594974309e-07,0.05029416753
2059.0,2.956656273e-06,4.420471765e-08,5.147779507e-06,1.070346514e-07,3.195289509e-06,1.498860379e-07,3.367227069e-05,9.569956332e-07,3.809925414e-07,1.046889547e-08,1.059805168e-06,4.669720888e-08,2.258497946e-05,2.25811177e-06,0.05029642564
2060.0,3.933085417e-06,5.04927653e-08,7.167082803e-06,1.954015228e-07,4.229364145e-06,1.742767978e-07,3.170985256e-05,9.843941596e-07,3.853125555e-07,1.069466475e-08,1.034173571e-06,4.20812504e-08,2.322986359e-05,1.035538514e-06,0.05029746118
2061.0,3.151899581e-06,3.893656507e-08,5.286454385e-06,1.159558462e-07,3.561213627e-06,1.274566203e-07,2.417076594e-05,9.464356254e-07,3.827619524e-07,1.048884706e-08,9.272050715e-07,4.120232656e-08,2.228491107e-05,-3.493705545e-07,0.05029711181
2062.0,2.989934406e-06,4.427014867e-08,5.170847004e-06,1.074401736e-07,3.199343493e-06,1.496599955e-07,3.266941436e-05,9.529186554e-07,3.799827211e-07,1.041478031e-08,1.057100317e-06,4.656802134e-08,2.248879695e-05,2.272278404e-06,0.05029938408
2063.0,3.898979945e-06,4.986454031e-08,7.163019447e-06,1.955323677e-07,4.228239908e-06,1.741233946e-07,3.380741003e-05,9.901456608e-07,3.837407218e-07,1.059784935e-08,1.031696287e-06,4.197054842e-08,2.336559231e-05,1.133726193e-06,0.05030051781
2064.0,3.185959821e-06,3.87833001e-08,5.320425245e-06,1.16254245e-07,3.566527526e-06,1.277031743e-07,2.236988162e-05,9.393127669e-07,3.796290268e-07,1.03334417e-08,9.243837621e-07,4.10332989e-08,2.211722257e-05,-4.342115023e-07,0.0503000836
2065.0,2.941773256e-06,4.357235048e-08,5.175715065e-06,1.080633332e-07,3.189892992e-06,1.486714697e-07,3.3162084e-05,9.494586529e-07,3.776207492e-07,1.034014103e-08,1.054309294e-06,4.642432537e-08,2.240706976e-05,2.192081077e-06,0.05030227568
2066.0,3.923576914e-06,4.965760998e-08,7.172282157e-06,1.955346813e-07,4.229122969e-06,1.741006787e-07,3.212397041e-05,9.849277359e-07,3.812025846e-07,1.052137435e-08,1.029793736e-06,4.184662296e-08,2.324245453e-05,1.141965446e-06,0.05030341765
2067.0,3.14139715e-06,3.858540477e-08,5.259585986e-06,1.154618619e-07,3.556551048e-06,1.275809533e-07,2.377897053e-05,9.343895998e-07,3.758177184e-07,1.016057257e-08,9.213730377e-07,4.089404639e-08,2.200129352e-05,-3.726627685e-07,0.05030304498
2068.0,2.972211937e-06,4.327023111e-08,5.200697959e-06,1.077127857e-07,3.192425672e-06,1.482688906e-07,3.214821091e-05,9.487800499e-07,3.751791419e-07,1.02497568e-08,1.052144659e-06,4.629520311e-08,2.239109599e-05,2.200770661e-06,0.05030524575
2069.0,3.903020555e-06,4.987344016e-08,7.187970239e-06,1.957786911e-07,4.227285403e-06,1.739461185e-07,3.348169509e-05,9.786567198e-07,3.786981929e-07,1.040259969e-08,1.02797311e-06,4.178530228e-08,2.309440307e-05,1.000008403e-06,0.05030624576
2070.0,3.177823568e-06,3.87260191e-08,5.280371558e-06,1.15464247e-07,3.564131764e-06,1.280453724e-07,2.28810529e-05,9.357310891e-07,3.71560917e-07,9.990434109e-09,9.193418292e-07,4.076480354e-08,2.203293288e-05,-2.75085693e-07,0.05030597068
2071.0,2.956062529e-06,4.346488988e-08,5.189027444e-06,1.075007252e-07,3.185708752e-06,1.475740022e-07,3.367269917e-05,9.538367099e-07,3.71824187e-07,1.014065275e-08,1.050563516e-06,4.62232823e-08,2.251033975e-05,2.27008921e-06,0.05030824077
2072.0,3.926623989e-06,4.980546125e-08,7.153939558e-06,1.952153433e-07,4.223363055e-06,1.735363875e-07,3.165520846e-05,9.827832699e-07,3.755772743e-07,1.030312958e-08,1.027426959e-06,4.172526655e-08,2.319189767e-05,1.052381301e-06,0.05030929315
2073.0,3.159213428e-06,3.945389423e-08,5.262205578e-06,1.154828548e-07,3.55976671e-06,1.28329016e-07,2.44700383e-05,9.479301573e-07,3.681324883e-07,9.848440655e-09,9.181126539e-07,4.072566263e-08,2.232010116e-05,-3.461275474e-07,0.05030894702
2074.0,2.977351252e-06,4.309180181e-08,5.174051177e-06,1.069527874e-07,3.1885443e-06,1.472171208e-07,3.194788916e-05,9.499875208e-07,3.695758542e-07,1.004057918e-08,1.050344081e-06,4.619521325e-08,2.241959076e-05,2.293846325e-06,0.05031124087
2075.0,3.883473981e-06,4.939127744e-08,7.130673043e-06,1.939961858e-07,4.223010386e-06,1.731631179e-07,3.2995154e-05,9.891537361e-07,3.736154242e-07,1.022571744e-08,1.027250542e-06,4.175766528e-08,2.334219173e-05,1.157117217e-06,0.05031239798
2076.0,3.202802324e-06,3.984865899e-08,5.281075793e-06,1.141700353e-07,3.563011426e-06,1.278791983e-07,2.317598757e-05,9.408477349e-07,3.654147771e-07,9.752759335e-09,9.184448151e-07,4.071053926e-08,2.215334879e-05,-4.249627398e-07,0.05031197302
2077.0,2.950462504e-06,4.245129767e-08,5.17570918e-06,1.063213728e-07,3.194762475e-06,1.479127197e-07,3.449643125e-05,9.462076975e-07,3.677630611e-07,1.000201559e-08,1.050975127e-06,4.624262655e-08,2.233037789e-05,2.195933131e-06,0.05031416895
2078.0,3.932473764e-06,4.971321242e-08,7.153381361e-06,1.937823012e-07,4.230192497e-06,1.739330415e-07,3.258221833e-05,9.823274607e-07,3.725933251e-07,1.024369444e-08,1.028569676e-06,4.178804504e-08,2.318113429e-05,1.13857133e-06,0.05031530752
2079.0,3.1731539e-06,3.989252247e-08,5.265715268e-06,1.134728977e-07,3.560558267e-06,1.278423718e-07,2.380329112e-05,9.367145037e-07,3.643529262e-07,9.760853154e-09,9.190795624e-07,4.076731719e-08,2.205599897e-05,-3.5655319e-07,0.05031495097
2080.0,2.95970219e-06,4.18710237e-08,5.140728614e-06,1.060858339e-07,3.188704254e-06,1.476906699e-07,3.212528317e-05,9.471863142e-07,3.684469305e-07,1.006272692e-08,1.052420286e-06,4.630697968e-08,2.235351082e-05,2.212476274e-06,0.05031716345
2081.0,3.915980688e-06,5.045216312e-08,7.141605535e-06,1.943056927e-07,4.229255444e-06,1.743105739e-07,3.411751165e-05,9.750631159e-07,3.735355778e-07,1.032092461e-08,1.029431588e-06,4.187844904e-08,2.300967273e-05,9.886285706e-07,0.05031815208
2082.0,3.208396979e-06,3.999945298e-08,5.248635353e-06,1.130617102e-07,3.56543451e-06,1.279683717e-07,2.348210096e-05,9.375521684e-07,3.64771436e-07,9.838581217e-09,9.202562115e-07,4.07967643e-08,2.207580424e-05,-2.585326273e-07,0.05031789354
2083.0,2.923666951e-06,4.137856139e-08,5.101780635e-06,1.048576905e-07,3.188529871e-06,1.47573265e-07,3.2966276e-05,9.51530843e-07,3.696797024e-07,1.016316286e-08,1.053910807e-06,4.637519887e-08,2.245600082e-05,2.271009876e-06,0.05032016455
2084.0,3.928090457e-06,5.041157109e-08,7.150413723e-06,1.927201728e-07,4.226881332e-06,1.735416838e-07,3.221668789e-05,9.801233308e-07,3.749376032e-07,1.042801484e-08,1.030817996e-06,4.190844075e-08,2.312909808e-05,1.04667638e-06,0.05032121123
2085.0,3.174845372e-06,4.044997289e-08,5.239038789e-06,1.116501208e-07,3.559620903e-06,1.270185364e-07,2.352553688e-05,9.492671745e-07,3.662989382e-07,9.949793622e-09,9.209249706e-07,4.085667672e-08,2.235165946e-05,-3.25590275e-07,0.05032088564
2086.0,2.958746907e-06,4.133948423e-08,5.127192063e-06,1.051398795e-07,3.196163038e-06,1.48183282e-07,3.211965675e-05,9.48954806e-07,3.716585425e-07,1.025130737e-08,1.055116682e-06,4.643624945e-08,2.239521658e-05,2.296009203e-06,0.05032318165
2087.0,3.900966379e-06,5.025638816e-08,7.124274073e-06,1.93010346e-07,4.220207497e-06,1.732678885e-07,3.320890781e-05,9.874941693e-07,3.76466966e-07,1.048753353e-08,1.030820421e-06,4.195401575e-08,2.330303578e-05,1.157636936e-06,0.05032433929
2088.0,3.209167478e-06,4.088476384e-08,5.229330686e-06,1.116156674e-07,3.553906428e-06,1.266265849e-07,2.213997072e-05,9.424266903e-07,3.673902158e-07,1.002445106e-08,9.212555305e-07,4.086355598e-08,2.219058802e-05,-4.183385236e-07,0.05032392095
2089.0,2.907828804e-06,4.055849828e-08,5.1189237e-06,1.057429335e-07,3.195251075e-06,1.491206402e-07,3.318183558e-05,9.457185421e-07,3.723849563e-07,1.028700127e-08,1.055345112e-06,4.6453123e-08,2.231878689e-05,2.20010911e-06,0.05032612106
2090.0,3.928587054e-06,5.059725499e-08,7.13448899e-06,1.937802132e-07,4.222512184e-06,1.733997473e-07,3.224354785e-05,9.818031834e-07,3.769167252e-07,1.050049406e-08,1.030657239e-06,4.192548099e-08,2.316882152e-05,1.142627187e-06,0.05032726368
2091.0,3.169936043e-06,4.086092075e-08,5.203764154e-06,1.111678224e-07,3.549309075e-06,1.263137837e-07,2.422107361e-05,9.382263491e-07,3.681751838e-07,1.006159964e-08,9.205043108e-07,4.08425129e-08,2.209164284e-05,-3.461986313e-07,0.05032691748
2092.0,2.931093121e-06,4.017621549e-08,5.120095293e-06,1.055717916e-07,3.199423007e-06,1.496028652e-07,3.14515499e-05,9.462541198e-07,3.728169382e-07,1.026181992e-08,1.054856727e-06,4.643302632e-08,2.233152134e-05,2.207545767e-06,0.05032912503
2093.0,3.905239772e-06,5.116899711e-08,7.126630765e-06,1.940947213e-07,4.2191637e-06,1.736003216e-07,3.369203619e-05,9.770216646e-07,3.767430796e-07,1.045008336e-08,1.029006473e-06,4.186143342e-08,2.305592939e-05,9.949395299e-07,0.05033011997
2094.0,3.1931688e-06,4.046691138e-08,5.236666492e-06,1.112320423e-07,3.553993814e-06,1.258470679e-07,2.277737761e-05,9.38629947e-07,3.68255025e-07,1.004757319e-08,9.19234812e-07,4.075649896e-08,2.210118046e-05,-2.700026743e-07,0.05032984997
2095.0,2.904941887e-06,4.007426914e-08,5.144736062e-06,1.059894314e-07,3.201581112e-06,1.497661161e-07,3.280083694e-05,9.520499104e-07,3.71390041e-07,1.018269495e-08,1.053307588e-06,4.633191843e-08,2.246829248e-05,2.263936052e-06,0.0503321139
2096.0,3.931136473e-06,5.110154462e-08,7.145050101e-06,1.940121208e-07,4.217191639e-06,1.728037826e-07,3.15379225e-05,9.807661031e-07,3.752483522e-07,1.037817899e-08,1.027016915e-06,4.175510799e-08,2.314430179e-05,1.03223611e-06,0.05033314614
2097.0,3.174644857e-06,4.089174417e-08,5.231539171e-06,1.121307359e-07,3.54711671e-06,1.252787348e-07,2.438265344e-05,9.507029533e-07,3.67870304e-07,1.003074583e-08,9.17257349e-07,4.066370553e-08,2.238541011e-05,-3.449088452e-07,0.05033280123
2098.0,2.937056688e-06,4.019339362e-08,5.14955083e-06,1.071977433e-07,3.204960567e-06,1.504371279e-07,3.197853409e-05,9.490333934e-07,3.698540445e-07,1.006050121e-08,1.051397912e-06,4.623511576e-08,2.239714945e-05,2.288205853e-06,0.05033508944
2099.0,3.896445866e-06,5.073852864e-08,7.14975398e-06,1.948583339e-07,4.214221874e-06,1.729672889e-07,3.34599232e-05,9.882481054e-07,3.72957302e-07,1.027221485e-08,1.024263339e-06,4.162433182e-08,2.332084853e-05,1.134658604e-06,0.0503362241
2100.0,3.200377972e-06,4.051666581e-08,5.250018588e-06,1.119478958e-07,3.546090946e-06,1.245022238e-07,2.278260559e-05,9.427965033e-07,3.663444105e-07,9.966687905e-09,9.154860357e-07,4.056558839e-08,2.219931046e-05,-4.249858553e-07,0.05033579911
2101.0,2.895019425e-06,3.961277585e-08,5.142672286e-06,1.070026981e-07,3.208115075e-06,1.511827398e-07,3.290957785e-05,9.475012066e-07,3.666914818e-07,9.928522211e-09,1.049073153e-06,4.609507194e-08,2.236096254e-05,2.191854282e-06,0.05033799096
2102.0,3.929038959e-06,5.054982932e-08,7.171973652e-06,1.957880433e-07,4.216409342e-06,1.727229793e-07,3.223212513e-05,9.830458648e-07,3.695603985e-07,1.014199668e-08,1.02196334e-06,4.149372865e-08,2.319810584e-05,1.113787989e-06,0.05033910475
2103.0,3.156864223e-06,3.987524708e-08,5.244172226e-06,1.125946425e-07,3.540370427e-06,1.237204997e-07,2.376076769e-05,9.37532966e-07,3.642851246e-07,9.896595315e-09,9.137160849e-07,4.046209657e-08,2.207536925e-05,-3.543020402e-07,0.05033875045
2104.0,2.91777983e-06,3.95539434e-08,5.169848261e-06,1.07254044e-07,3.209145004e-06,1.515559294e-07,3.139299112e-05,9.484420755e-07,3.636694169e-07,9.769334213e-09,1.047294762e-06,4.601664867e-08,2.238314055e-05,2.193852771e-06,0.0503409443
2105.0,3.901736782e-06,5.095376721e-08,7.166209924e-06,1.95620853e-07,4.212351034e-06,1.725018887e-07,3.262324379e-05,9.778953622e-07,3.662992728e-07,9.989579616e-09,1.019823443e-06,4.13877044e-08,2.307652966e-05,9.794254233e-07,0.05034192373
2106.0,3.183635472e-06,3.951405251e-08,5.264597847e-06,1.128351421e-07,3.54216672e-06,1.234040421e-07,2.309794678e-05,9.374169032e-07,3.616863496e-07,9.77273072e-09,9.126686873e-07,4.039667797e-08,2.207266381e-05,-2.6854785e-07,0.05034165518
2107.0,2.909731436e-06,3.996561857e-08,5.155276138e-06,1.073506891e-07,3.210411701e-06,1.519497447e-07,3.381936495e-05,9.540636975e-07,3.60019279e-07,9.629782719e-09,1.04627051e-06,4.594823415e-08,2.251583808e-05,2.237211097e-06,0.05034389239
2108.0,3.942896146e-06,5.076903424e-08,7.172635252e-06,1.952006339e-07,4.216958105e-06,1.725684534e-07,3.187417071e-05,9.835809963e-07,3.630109468e-07,9.86280348e-09,1.019116993e-06,4.133982514e-08,2.321070769e-05,1.024436614e-06,0.05034491683
2109.0,3.16324336e-06,3.959104466e-08,5.255810682e-06,1.122066138e-07,3.540584755e-06,1.229064427e-07,2.382993239e-05,9.485197011e-07,3.592320073e-07,9.669947611e-09,9.123202222e-07,4.035742458e-08,2.233402154e-05,-3.337431452e-07,0.05034458308
2110.0,2.936667128e-06,4.053838538e-08,5.167161878e-06,1.065237427e-07,3.210431587e-06,1.513390332e-07,3.177640912e-05,9.523341035e-07,3.577201292e-07,9.517542599e-09,1.046383306e-06,4.597843014e-08,2.247502668e-05,2.279152949e-06,0.05034686224
2111.0,3.904099929e-06,5.045767925e-08,7.165962926e-06,1.949271325e-07,4.214227007e-06,1.723307241e-07,3.391632389e-05,9.922924237e-07,3.611179543e-07,9.773522976e-09,1.019237109e-06,4.134189015e-08,2.341629547e-05,1.128164238e-06,0.0503479904
2112.0,3.199684396e-06,3.940425415e-08,5.269379663e-06,1.125248011e-07,3.541214668e-06,1.22525775e-07,2.282255128e-05,9.42375626e-07,3.57516999e-07,9.592682652e-09,9.130895292e-07,4.039554352e-08,2.218933973e-05,-4.455640844e-07,0.05034754484
2113.0,2.913563201e-06,4.074406519e-08,5.120623363e-06,1.060592851e-07,3.206740792e-06,1.51617189e-07,3.301266527e-05,9.507397665e-07,3.561953544e-07,9.506653937e-09,1.047445535e-06,4.60311876e-08,2.243735796e-05,2.196319172e-06,0.05034974116
2114.0,3.93470127e-06,5.043484327e-08,7.181262131e-06,1.947482844e-07,4.21559201e-06,1.722755584e-07,3.24792875e-05,9.859795417e-07,3.603433508e-07,9.776424111e-09,1.020675841e-06,4.139920901e-08,2.326733375e-05,1.124765398e-06,0.05035086592
2115.0,3.153949059e-06,3.890953032e-08,5.275958855e-06,1.12206431e-07,3.537510478e-06,1.221791571e-07,2.400671493e-05,9.367701046e-07,3.575961335e-07,9.652728225e-09,9.147619376e-07,4.047214457e-08,2.205733959e-05,-3.693840165e-07,0.05035049654
2116.0,2.947042606e-06,4.132143424e-08,5.138849553e-06,1.05627429e-07,3.205176693e-06,1.51459458e-07,3.179759922e-05,9.512908361e-07,3.565972786e-07,9.57902276e-09,1.049209373e-06,4.615148228e-08,2.245037513e-05,2.181971087e-06,0.05035267851
2117.0,3.916558432e-06,5.081492153e-08,7.154981136e-06,1.956680273e-07,4.214006674e-06,1.727063064e-07,3.404712443e-05,9.795329106e-07,3.609247587e-07,9.854670308e-09,1.022213972e-06,4.147795366e-08,2.311511889e-05,9.585605107e-07,0.05035363707
2118.0,3.189415165e-06,3.872871e-08,5.266678921e-06,1.127806121e-07,3.540357175e-06,1.226232156e-07,2.398830555e-05,9.355779006e-07,3.589018943e-07,9.771818365e-09,9.170018403e-07,4.058572303e-08,2.202936409e-05,-2.580433304e-07,0.05035337903
2119.0,2.950084195e-06,4.252836374e-08,5.135399032e-06,1.053913399e-07,3.210026932e-06,1.516207931e-07,3.482107781e-05,9.562953621e-07,3.569211878e-07,9.694664285e-09,1.050812871e-06,4.622233437e-08,2.256847404e-05,2.235496706e-06,0.05035561452
2120.0,3.947120808e-06,5.057488792e-08,7.156690551e-06,1.944309392e-07,4.220657303e-06,1.725844392e-07,3.229828719e-05,9.850550134e-07,3.615515916e-07,9.963652461e-09,1.023923908e-06,4.154267347e-08,2.324544863e-05,1.019927144e-06,0.05035663445
2121.0,3.157681512e-06,3.889610743e-08,5.251591846e-06,1.12170222e-07,3.541698786e-06,1.225580216e-07,2.434050459e-05,9.476071782e-07,3.606221826e-07,9.894684506e-09,9.187021248e-07,4.067975345e-08,2.231255234e-05,-3.394647649e-07,0.05035629499
2122.0,2.984130619e-06,4.331850313e-08,5.133990113e-06,1.046114963e-07,3.207512216e-06,1.50611982e-07,3.313924339e-05,9.545791592e-07,3.584035939e-07,9.779384163e-09,1.051937771e-06,4.630196473e-08,2.252792746e-05,2.266421249e-06,0.05035856141
2123.0,3.917286545e-06,5.043314963e-08,7.152292384e-06,1.949782077e-07,4.221260363e-06,1.726923676e-07,3.392168801e-05,9.914841676e-07,3.626889429e-07,1.002361018e-08,1.024609997e-06,4.158001733e-08,2.339719901e-05,1.131996668e-06,0.0503596934
2124.0,3.18412994e-06,3.877506523e-08,5.270206038e-06,1.127144374e-07,3.542906312e-06,1.225061693e-07,2.257879668e-05,9.401025851e-07,3.614578039e-07,9.946053723e-09,9.196716626e-07,4.074163187e-08,2.213583476e-05,-4.329986849e-07,0.0503592604
2125.0,2.940348028e-06,4.327114974e-08,5.135040237e-06,1.046894184e-07,3.198287069e-06,1.500824767e-07,3.276628776e-05,9.516295151e-07,3.585215482e-07,9.817313089e-09,1.051697454e-06,4.629638414e-08,2.245827e-05,2.19239634e-06,0.0503614528
2126.0,3.928949838e-06,5.035199133e-08,7.150610461e-06,1.947437141e-07,4.215812023e-06,1.724804075e-07,3.17229764e-05,9.864002744e-07,3.626304336e-07,1.003322252e-08,1.024600147e-06,4.157045697e-08,2.327724195e-05,1.125499809e-06,0.0503625783
2127.0,3.142331852e-06,3.843617333e-08,5.233171332e-06,1.132701644e-07,3.53819162e-06,1.230678743e-07,2.418607681e-05,9.353663229e-07,3.615995026e-07,9.929512259e-09,9.192455049e-07,4.076095671e-08,2.202430363e-05,-3.919026488e-07,0.0503621864
2128.0,2.97112885e-06,4.349567433e-08,5.139502011e-06,1.052683485e-07,3.196468524e-06,1.495836946e-07,3.200373692e-05,9.518032951e-07,3.586930806e-07,9.789109786e-09,1.050724659e-06,4.626580498e-08,2.246244744e-05,2.190629456e-06,0.05036437703
2129.0,3.909803682e-06,5.055179466e-08,7.15466671e-06,1.9528883e-07,4.218779464e-06,1.726318287e-07,3.351241471e-05,9.812739536e-07,3.623275483e-07,9.969078762e-09,1.023404857e-06,4.152995494e-08,2.315614405e-05,9.938159325e-07,0.05036537084
2130.0,3.177136786e-06,3.84085628e-08,5.281052886e-06,1.136311542e-07,3.548050751e-06,1.237259003e-07,2.316256418e-05,9.337757435e-07,3.607077959e-07,9.837012347e-09,9.181974273e-07,4.069643174e-08,2.198686049e-05,-2.722755481e-07,0.05036509857
2131.0,2.940942716e-06,4.37853358e-08,5.133098622e-06,1.052485036e-07,3.18827359e-06,1.483950156e-07,3.312134291e-05,9.565558419e-07,3.574917726e-07,9.725369924e-09,1.048757095e-06,4.616972062e-08,2.257456615e-05,2.247599018e-06,0.05036734617
2132.0,3.933255433e-06,5.034640435e-08,7.161599541e-06,1.959171008e-07,4.217720731e-06,1.723786808e-07,3.182122999e-05,9.849366124e-07,3.609759882e-07,9.887836963e-09,1.02205938e-06,4.142724709e-08,2.324263841e-05,1.027236571e-06,0.0503683734
2133.0,3.147063099e-06,3.859243858e-08,5.240670853e-06,1.141141251e-07,3.541244476e-06,1.236532044e-07,2.389103125e-05,9.440074143e-07,3.593237217e-07,9.72194953e-09,9.16143625e-07,4.06207889e-08,2.222769283e-05,-3.302702884e-07,0.05036804313
2134.0,2.994064379e-06,4.429925976e-08,5.173454506e-06,1.059626575e-07,3.195750163e-06,1.482752781e-07,3.367186336e-05,9.528914921e-07,3.569578415e-07,9.665024472e-09,1.046878172e-06,4.606928694e-08,2.248814592e-05,2.268809763e-06,0.05037031194
2135.0,3.913910648e-06,5.011361154e-08,7.195512827e-06,1.958986008e-07,4.223044671e-06,1.727822693e-07,3.39388762e-05,9.921420185e-07,3.5965488e-07,9.782727928e-09,1.020159978e-06,4.136309884e-08,2.341260681e-05,1.147807064e-06,0.05037145975
2136.0,3.180060166e-06,3.861572534e-08,5.267775905e-06,1.150203242e-07,3.545194303e-06,1.244381732e-07,2.240003528e-05,9.387468352e-07,3.570961933e-07,9.582467213e-09,9.143204759e-07,4.051278116e-08,2.210392316e-05,-4.335432487e-07,0.05037102621
2137.0,2.957191695e-06,4.38624741e-08,5.201001902e-06,1.07336825e-07,3.186604645e-06,1.481780867e-07,3.415135989e-05,9.499486539e-07,3.550879814e-07,9.600811678e-09,1.044739948e-06,4.598564284e-08,2.241858535e-05,2.178374541e-06,0.05037320458
2138.0,3.931153595e-06,4.977764897e-08,7.182260979e-06,1.957765427e-07,4.221212952e-06,1.728532047e-07,3.175553697e-05,9.852916866e-07,3.576698786e-07,9.707546276e-09,1.019366581e-06,4.129432764e-08,2.325103542e-05,1.140789731e-06,0.05037434537
2139.0,3.141591065e-06,3.847954495e-08,5.258878997e-06,1.145747958e-07,3.546528622e-06,1.248399302e-07,2.440464984e-05,9.346060975e-07,3.546791577e-07,9.455668569e-09,9.123970338e-07,4.045932732e-08,2.200641201e-05,-3.67498236e-07,0.05037397787
2140.0,2.976399367e-06,4.340227486e-08,5.192473809e-06,1.06631208e-07,3.186859441e-06,1.467700374e-07,3.185276578e-05,9.498081978e-07,3.539432825e-07,9.544035663e-09,1.043558687e-06,4.591937726e-08,2.241530041e-05,2.193793914e-06,0.05037617167
2141.0,3.896890757e-06,4.989582404e-08,7.159921757e-06,1.953662867e-07,4.220267343e-06,1.72372016e-07,3.270962544e-05,9.787295759e-07,3.56591907e-07,9.627560279e-09,1.018662469e-06,4.131843108e-08,2.309618319e-05,1.002204113e-06,0.05037717387
2142.0,3.177896868e-06,3.862275163e-08,5.287372081e-06,1.142555157e-07,3.552537123e-06,1.251950083e-07,2.330070952e-05,9.341354952e-07,3.524245697e-07,9.340201068e-09,9.118314199e-07,4.041142205e-08,2.199525749e-05,-2.804519192e-07,0.05037689342
2143.0,2.967015016e-06,4.369715541e-08,5.183884174e-06,1.068773714e-07,3.187084822e-06,1.464724222e-07,3.481885545e-05,9.53241435e-07,3.526284744e-07,9.498508165e-09,1.043370722e-06,4.593245665e-08,2.249635653e-05,2.25794823e-06,0.05037915137
2144.0,3.941637213e-06,4.995019891e-08,7.183618034e-06,1.951950115e-07,4.222572573e-06,1.724787171e-07,3.224974957e-05,9.818697756e-07,3.558670937e-07,9.622176235e-09,1.019777443e-06,4.134994255e-08,2.317028915e-05,1.04746105e-06,0.05038019883
2145.0,3.164443302e-06,3.923808115e-08,5.267447298e-06,1.142495686e-07,3.549147455e-06,1.251621151e-07,2.418484417e-05,9.465207799e-07,3.515632837e-07,9.300730611e-09,9.121193844e-07,4.047293957e-08,2.228690191e-05,-3.315503954e-07,0.05037986728
2146.0,2.987807798e-06,4.345412959e-08,5.174194528e-06,1.060289996e-07,3.183892895e-06,1.457813061e-07,3.305967388e-05,9.503575598e-07,3.531698608e-07,9.528836891e-09,1.044645174e-06,4.598519508e-08,2.242836018e-05,2.286762911e-06,0.05038215404
2147.0,3.905494988e-06,4.979735554e-08,7.158973459e-06,1.948859102e-07,4.221395524e-06,1.728414899e-07,3.317503456e-05,9.884318685e-07,3.571661808e-07,9.698785058e-09,1.021118688e-06,4.147942906e-08,2.33251013e-05,1.151558911e-06,0.0503833056
2148.0,3.200202802e-06,3.977800263e-08,5.252709087e-06,1.135721135e-07,3.5495188e-06,1.254860828e-07,2.24410473e-05,9.398591323e-07,3.520979211e-07,9.359953925e-09,9.140871075e-07,4.055724469e-08,2.213006019e-05,-4.235819899e-07,0.05038288202
2149.0,2.93940177e-06,4.250874396e-08,5.14036781e-06,1.056246188e-07,3.180559395e-06,1.461998408e-07,3.325273034e-05,9.466699095e-07,3.548666659e-07,9.652865689e-09,1.046781483e-06,4.610730563e-08,2.234124663e-05,2.201973213e-06,0.05038508399
2150.0,3.930807569e-06,4.990935776e-08,7.15370113e-06,1.936223774e-07,4.22208833e-06,1.727363072e-07,3.226638379e-05,9.830149679e-07,3.598498635e-07,9.870993665e-09,1.02414379e-06,4.159357915e-08,2.319734617e-05,1.15491425e-06,0.05038623891
2151.0,3.158355792e-06,3.975528707e-08,5.21601803e-06,1.117344247e-07,3.545850292e-06,1.251171657e-07,2.359213084e-05,9.35137606e-07,3.546664102e-07,9.522855068e-09,9.164896765e-07,4.070735183e-08,2.201891934e-05,-3.621504768e-07,0.05038587675
2152.0,2.960654198e-06,4.187850943e-08,5.16559918e-06,1.052725701e-07,3.186578483e-06,1.463623949e-07,3.166853125e-05,9.464498826e-07,3.591345223e-07,9.848600653e-09,1.049887727e-06,4.622977789e-08,2.233604725e-05,2.19417272e-06,0.05038807093
2153.0,3.916245048e-06,5.05790976e-08,7.130965809e-06,1.933392361e-07,4.220898297e-06,1.726361244e-07,3.313986928e-05,9.769245867e-07,3.643878206e-07,1.008478872e-08,1.026897481e-06,4.17683342e-08,2.305357095e-05,1.020000137e-06,0.05038909093
2154.0,3.204118341e-06,4.019901526e-08,5.227272045e-06,1.113847265e-07,3.550289771e-06,1.253015403e-07,2.291248617e-05,9.366796123e-07,3.582052559e-07,9.72179667e-09,9.193789357e-07,4.080988271e-08,2.205525789e-05,-2.642626337e-07,0.05038882667
2155.0,2.937992119e-06,4.170411839e-08,5.134625435e-06,1.047440018e-07,3.183888006e-06,1.46625215e-07,3.291856817e-05,9.509614203e-07,3.630783842e-07,1.005152652e-08,1.052405208e-06,4.635508723e-08,2.244252866e-05,2.260192512e-06,0.05039108686
2156.0,3.943770803e-06,5.087516984e-08,7.127117259e-06,1.924550778e-07,4.216661985e-06,1.725206988e-07,3.126457384e-05,9.80554848e-07,3.685465846e-07,1.029876792e-08,1.029828772e-06,4.187562179e-08,2.313927891e-05,1.054982195e-06,0.05039214184
2157.0,3.190018595e-06,4.119484522e-08,5.222153707e-06,1.116932311e-07,3.547482564e-06,1.255644524e-07,2.449281908e-05,9.492947614e-07,3.619054786e-07,9.909886823e-09,9.212272607e-07,4.091568598e-08,2.235220952e-05,-3.458873306e-07,0.05039179595
2158.0,2.968649036e-06,4.16440919e-08,5.13260748e-06,1.0539429e-07,3.191424935e-06,1.473853231e-07,3.213542861e-05,9.474544455e-07,3.671144925e-07,1.021082598e-08,1.054710964e-06,4.645232164e-08,2.235984889e-05,2.28619227e-06,0.05039408214
2159.0,3.91262232e-06,5.090076088e-08,7.127040768e-06,1.930988027e-07,4.219644296e-06,1.728530609e-07,3.355043027e-05,9.867902179e-07,3.719895451e-07,1.043950428e-08,1.031303647e-06,4.196522753e-08,2.328643831e-05,1.149832858e-06,0.05039523198
2160.0,3.218560387e-06,4.122118783e-08,5.218809743e-06,1.109283043e-07,3.549769913e-06,1.251876223e-07,2.308946364e-05,9.419784226e-07,3.643459606e-07,1.002907213e-08,9.226087689e-07,4.094650165e-08,2.218001441e-05,-4.214729696e-07,0.0503948105
2161.0,2.936403848e-06,4.107394299e-08,5.139184095e-06,1.052296166e-07,3.201718892e-06,1.489880149e-07,3.461519401e-05,9.449347218e-07,3.6917611e-07,1.028904196e-08,1.055809104e-06,4.648773296e-08,2.230035719e-05,2.188995398e-06,0.0503969995
2162.0,3.946581789e-06,5.096503139e-08,7.169748269e-06,1.941542416e-07,4.22599167e-06,1.73098774e-07,3.248564474e-05,9.79960532e-07,3.737182835e-07,1.049457338e-08,1.031879069e-06,4.196166495e-08,2.312525882e-05,1.125664233e-06,0.05039812516
2163.0,3.180817671e-06,4.099752426e-08,5.222962711e-06,1.111908241e-07,3.54814788e-06,1.250499573e-07,2.452257506e-05,9.368351051e-07,3.654131769e-07,1.006862112e-08,9.222380585e-07,4.09289301e-08,2.205892597e-05,-3.427651079e-07,0.0503977824
2164.0,2.949679451e-06,4.068250463e-08,5.14406084e-06,1.056969143e-07,3.201099909e-06,1.490363664e-07,3.223245741e-05,9.458442069e-07,3.702357356e-07,1.026685797e-08,1.055317532e-06,4.646789169e-08,2.232183845e-05,2.200985891e-06,0.05039998339
2165.0,3.924737728e-06,5.15492229e-08,7.155784796e-06,1.94691074e-07,4.220100064e-06,1.727971955e-07,3.332183879e-05,9.747403971e-07,3.738806867e-07,1.043356004e-08,1.030386544e-06,4.190223723e-08,2.300201343e-05,9.944392687e-07,0.05040097782
2166.0,3.203534776e-06,4.082403935e-08,5.235995586e-06,1.116039266e-07,3.546626253e-06,1.244630948e-07,2.269686066e-05,9.382239889e-07,3.651153218e-07,9.999084486e-09,9.207091468e-07,4.0829697e-08,2.209168285e-05,-2.617508311e-07,0.05040071607
2167.0,2.916117211e-06,4.051124435e-08,5.135108263e-06,1.064637529e-07,3.198413874e-06,1.497641131e-07,3.316842316e-05,9.505883568e-07,3.691165868e-07,1.015951381e-08,1.053583955e-06,4.634701933e-08,2.243379236e-05,2.243168576e-06,0.05040295924
2168.0,3.949960302e-06,5.159533755e-08,7.164084501e-06,1.952444805e-07,4.219661184e-06,1.729209787e-07,3.246775195e-05,9.802593667e-07,3.725870572e-07,1.030941173e-08,1.028322074e-06,4.17739316e-08,2.31323605e-05,1.029349976e-06,0.05040398859
2169.0,3.183187032e-06,4.116330323e-08,5.217711901e-06,1.119904075e-07,3.545262326e-06,1.241782256e-07,2.480191153e-05,9.48309442e-07,3.645954872e-07,9.901592253e-09,9.185090353e-07,4.069143235e-08,2.232903353e-05,-3.199803087e-07,0.05040366861
2170.0,2.961554466e-06,4.080229655e-08,5.182370076e-06,1.071764435e-07,3.211971575e-06,1.508625732e-07,3.352944935e-05,9.493006144e-07,3.681231324e-07,9.99108901e-09,1.051315489e-06,4.621625377e-08,2.240340732e-05,2.289419282e-06,0.05040595803
2171.0,3.907246765e-06,5.098425405e-08,7.172002296e-06,1.954001102e-07,4.217234984e-06,1.723628878e-07,3.301006626e-05,9.879803272e-07,3.709211652e-07,1.015951786e-08,1.025396801e-06,4.160853706e-08,2.331456612e-05,1.143364751e-06,0.0504071014
2172.0,3.200401005e-06,4.085052243e-08,5.25571179e-06,1.12363076e-07,3.540147372e-06,1.231543478e-07,2.224014391e-05,9.431482087e-07,3.634818337e-07,9.797255113e-09,9.163064807e-07,4.055500281e-08,2.220755156e-05,-4.336583137e-07,0.05040666774
2173.0,2.902116716e-06,3.989812549e-08,5.144544933e-06,1.070701259e-07,3.204565122e-06,1.509931565e-07,3.300413e-05,9.469965679e-07,3.654506529e-07,9.834551163e-09,1.048773394e-06,4.604080396e-08,2.234897981e-05,2.203403634e-06,0.05040887114
2174.0,3.939876976e-06,5.109013789e-08,7.192263066e-06,1.957050324e-07,4.216327019e-06,1.725216349e-07,3.25004191e-05,9.839127359e-07,3.680328731e-07,1.001450733e-08,1.022668819e-06,4.1461573e-08,2.321853815e-05,1.13108125e-06,0.05041000222
2175.0,3.173633242e-06,4.025880081e-08,5.261108037e-06,1.129807181e-07,3.538935399e-06,1.228217647e-07,2.380491485e-05,9.371978361e-07,3.621862112e-07,9.738722922e-09,9.142567658e-07,4.042923481e-08,2.206744159e-05,-3.625318655e-07,0.05040963969
2176.0,2.927743751e-06,3.974752401e-08,5.154057551e-06,1.071398189e-07,3.207933124e-06,1.514364908e-07,3.156251562e-05,9.484463423e-07,3.632359778e-07,9.675709693e-09,1.046723565e-06,4.595030212e-08,2.238325499e-05,2.194143403e-06,0.05041183383
2177.0,3.918936018e-06,5.154320439e-08,7.182974923e-06,1.965640527e-07,4.212228309e-06,1.725846765e-07,3.354326321e-05,9.77342641e-07,3.65666107e-07,9.886927753e-09,1.020337278e-06,4.133664366e-08,2.306342309e-05,9.63811669e-07,0.05041279765
2178.0,3.189208437e-06,3.968209571e-08,5.258899212e-06,1.133497097e-07,3.537459956e-06,1.226705461e-07,2.244789472e-05,9.372877242e-07,3.609638549e-07,9.661562918e-09,9.133339417e-07,4.039451534e-08,2.206959778e-05,-2.548730924e-07,0.05041254277
2179.0,2.902648721e-06,4.02229043e-08,5.134118642e-06,1.074718493e-07,3.205667694e-06,1.51758793e-07,3.401262971e-05,9.545494308e-07,3.601383362e-07,9.546211549e-09,1.045621597e-06,4.585832564e-08,2.252726074e-05,2.251866267e-06,0.05041479464
2180.0,3.936904095e-06,5.092874445e-08,7.170460599e-06,1.953163402e-07,4.213413669e-06,1.718996346e-07,3.167766982e-05,9.829945121e-07,3.633965291e-07,9.792566897e-09,1.019371213e-06,4.129823767e-08,2.319686696e-05,1.0206884e-06,0.05041581533
2181.0,3.160107669e-06,3.963292428e-08,5.24565214e-06,1.127502036e-07,3.539337263e-06,1.22552459e-07,2.475029494e-05,9.473434305e-07,3.605144003e-07,9.636743895e-09,9.136159358e-07,4.039339938e-08,2.230637371e-05,-3.329588592e-07,0.05041548237
2182.0,2.94940574e-06,4.060602067e-08,5.171674688e-06,1.068082605e-07,3.216850881e-06,1.521260663e-07,3.302027467e-05,9.520051123e-07,3.590110881e-07,9.471791609e-09,1.045859029e-06,4.590540766e-08,2.246718321e-05,2.262592224e-06,0.05041774496
2183.0,3.905872703e-06,5.048991112e-08,7.169511268e-06,1.948574964e-07,4.214702028e-06,1.715568074e-07,3.322484367e-05,9.903447527e-07,3.628010628e-07,9.770468398e-09,1.019779372e-06,4.131653172e-08,2.337036041e-05,1.125193754e-06,0.05041887015
2184.0,3.188049741e-06,3.946976407e-08,5.252765218e-06,1.122510451e-07,3.536151809e-06,1.217923219e-07,2.248766596e-05,9.415558085e-07,3.608402131e-07,9.67568594e-09,9.150369961e-07,4.049399831e-08,2.217003879e-05,-4.209815175e-07,0.05041844917
2185.0,2.914814246e-06,4.074588051e-08,5.12464043e-06,1.05701258e-07,3.208185535e-06,1.519012839e-07,3.299214484e-05,9.508506562e-07,3.587405234e-07,9.509445608e-09,1.047410062e-06,4.596820595e-08,2.243994304e-05,2.19083503e-06,0.05042064001
2186.0,3.940007102e-06,5.063279485e-08,7.163246009e-06,1.940980339e-07,4.215955573e-06,1.719199431e-07,3.24121163e-05,9.869642821e-07,3.634501002e-07,9.836184047e-09,1.02191281e-06,4.143207736e-08,2.329054387e-05,1.134427689e-06,0.05042177444
2187.0,3.161288272e-06,3.916506163e-08,5.245643217e-06,1.123649221e-07,3.537416519e-06,1.225072603e-07,2.462280472e-05,9.360935421e-07,3.633007737e-07,9.82840411e-09,9.176995908e-07,4.061298021e-08,2.204141042e-05,-3.847391599e-07,0.0504213897
2188.0,2.95283902e-06,4.11238648e-08,5.116769336e-06,1.055902635e-07,3.212709418e-06,1.524520142e-07,3.175770258e-05,9.516821748e-07,3.60688854e-07,9.635727128e-09,1.050005976e-06,4.613313844e-08,2.245962583e-05,2.185803713e-06,0.0504235755
2189.0,3.908404304e-06,5.08224151e-08,7.103606726e-06,1.938059636e-07,4.213060759e-06,1.720853502e-07,3.309758749e-05,9.802183265e-07,3.662619425e-07,9.98996617e-09,1.024476184e-06,4.154581148e-08,2.313129822e-05,9.758308019e-07,0.05042455133
2190.0,3.176227546e-06,3.873457281e-08,5.240945721e-06,1.114830223e-07,3.541302908e-06,1.22564e-07,2.302746797e-05,9.357257973e-07,3.670230864e-07,1.002760473e-08,9.208718204e-07,4.078129717e-08,2.203282708e-05,-2.636889001e-07,0.05042428764
2191.0,2.918331585e-06,4.1876572e-08,5.087122681e-06,1.043816396e-07,3.20390578e-06,1.513513359e-07,3.257732791e-05,9.574774601e-07,3.63100149e-07,9.826237741e-09,1.052605965e-06,4.624787994e-08,2.259636637e-05,2.254445444e-06,0.05042654209
2192.0,3.931303674e-06,5.073857568e-08,7.122873407e-06,1.932006774e-07,4.213352651e-06,1.719131933e-07,3.117207468e-05,9.857515778e-07,3.691622303e-07,1.017266848e-08,1.027123312e-06,4.167409781e-08,2.326185369e-05,1.026501994e-06,0.05042756859
2193.0,3.153858619e-06,3.899549069e-08,5.21263795e-06,1.114364734e-07,3.538972729e-06,1.228961043e-07,2.417974599e-05,9.440942445e-07,3.710556112e-07,1.022978194e-08,9.237519006e-07,4.09235004e-08,2.22298116e-05,-3.306144468e-07,0.05042723797
2194.0,2.971450249e-06,4.277938071e-08,5.111279487e-06,1.043324122e-07,3.210516722e-06,1.513801867e-07,3.282961141e-05,9.545657673e-07,3.666486799e-07,9.985522628e-09,1.055002345e-06,4.639849861e-08,2.252767705e-05,2.272843894e-06,0.05042951082
2195.0,3.911364163e-06,5.058973139e-08,7.122269496e-06,1.934489719e-07,4.215682814e-06,1.72398621e-07,3.297752847e-05,9.923769845e-07,3.724052179e-07,1.030635978e-08,1.028896485e-06,4.175826189e-08,2.341820288e-05,1.130841759e-06,0.05043064166
2196.0,3.180307038e-06,3.897362073e-08,5.215162186e-06,1.114584567e-07,3.542053346e-06,1.2339167e-07,2.202981234e-05,9.396368046e-07,3.739633286e-07,1.034765689e-08,9.257333614e-07,4.104834016e-08,2.212488496e-05,-4.370606797e-07,0.0504302046
2197.0,2.938514019e-06,4.287810149e-08,5.113530003e-06,1.044735756e-07,3.205156039e-06,1.516271844e-07,3.354627198e-05,9.521133833e-07,3.688293802e-07,1.008904277e-08,1.056204588e-06,4.644852645e-08,2.246969213e-05,2.175258311e-06,0.05043237986
2198.0,3.938969766e-06,5.064961756e-08,7.118798702e-06,1.937606541e-07,4.21923819e-06,1.729460082e-07,3.20151853e-05,9.872600769e-07,3.741259048e-07,1.037477293e-08,1.029834149e-06,4.181540875e-08,2.32975177e-05,1.129605529e-06,0.05043350946
2199.0,3.1458957e-06,3.86319655e-08,5.202844342e-06,1.11648495e-07,3.545797102e-06,1.242145782e-07,2.470509414e-05,9.352090816e-07,3.75589195e-07,1.038750182e-08,9.261125831e-07,4.109675353e-08,2.202061878e-05,-3.675457184e-07,0.05043314192
2200.0,2.964162936e-06,4.288128978e-08,5.109209676e-06,1.038418152e-07,3.203511642e-06,1.506633709e-07,3.197501101e-05,9.521850605e-07,3.702900472e-07,1.011821132e-08,1.055896151e-06,4.646977464e-08,2.247144719e-05,2.182279582e-06,0.0504353242
2201.0,3.899259393e-06,5.055096901e-08,7.107771421e-06,1.931966871e-07,4.220447082e-06,1.728517312e-07,3.2619258e-05,9.807833349e-07,3.750925251e-07,1.036387783e-08,1.029268308e-06,4.181275117e-08,2.314463187e-05,9.831391842e-07,0.05043630734
2202.0,3.166502535e-06,3.827292136e-08,5.23485994e-06,1.123118263e-07,3.550773638e-06,1.246460519e-07,2.30730056e-05,9.345266338e-07,3.754811542e-07,1.033545465e-08,9.252982098e-07,4.107744951e-08,2.20045098e-05,-2.805574973e-07,0.05043602678
2203.0,2.94178468e-06,4.330935917e-08,5.108847123e-06,1.042849278e-07,3.197676448e-06,1.496427182e-07,3.37604572e-05,9.562206912e-07,3.701071574e-07,1.009314387e-08,1.0546247e-06,4.639691894e-08,2.256670244e-05,2.247635894e-06,0.05043827442
2204.0,3.932384877e-06,5.037540187e-08,7.134404618e-06,1.934326575e-07,4.221731539e-06,1.728722181e-07,3.224062747e-05,9.850295988e-07,3.746474303e-07,1.032076138e-08,1.028336291e-06,4.175608533e-08,2.324485284e-05,1.031676299e-06,0.05043930609
2205.0,3.1482041e-06,3.834952998e-08,5.229200391e-06,1.128500746e-07,3.548370095e-06,1.247599289e-07,2.411377628e-05,9.451389601e-07,3.745143461e-07,1.023193523e-08,9.234908165e-07,4.100133487e-08,2.225433301e-05,-3.41521677e-07,0.05043896457
2206.0,2.97250271e-06,4.351482373e-08,5.113410191e-06,1.041907949e-07,3.19471607e-06,1.488318792e-07,3.196464962e-05,9.53276602e-07,3.700464324e-07,1.005016325e-08,1.052618561e-06,4.631652901e-08,2.249725412e-05,2.275163397e-06,0.05044123973
2207.0,3.886106771e-06,4.965935927e-08,7.109864173e-06,1.937214062e-07,4.216797879e-06,1.726541935e-07,3.283116321e-05,9.911238027e-07,3.739639569e-07,1.023747428e-08,1.026267266e-06,4.167143676e-08,2.338863463e-05,1.134039727e-06,0.05044237377
2208.0,3.159903172e-06,3.821256497e-08,5.216645555e-06,1.133361523e-07,3.545804635e-06,1.247935127e-07,2.207116812e-05,9.388754347e-07,3.721349836e-07,1.009606295e-08,9.210204561e-07,4.087982092e-08,2.210693719e-05,-4.297091355e-07,0.05044194406
2209.0,2.924780822e-06,4.288949386e-08,5.094489307e-06,1.046386827e-07,3.18607202e-06,1.482876791e-07,3.30546726e-05,9.498104558e-07,3.683795293e-07,1.000224104e-08,1.050138861e-06,4.619567804e-08,2.241533202e-05,2.192078484e-06,0.05044413614
2210.0,3.905094806e-06,4.922648341e-08,7.119274014e-06,1.92965174e-07,4.219279144e-06,1.72535245e-07,3.180111099e-05,9.854241848e-07,3.716465633e-07,1.016810078e-08,1.024282728e-06,4.155837994e-08,2.32541633e-05,1.137662225e-06,0.0504452738
2211.0,3.121137083e-06,3.764671118e-08,5.2080238e-06,1.126366041e-07,3.547011695e-06,1.248150441e-07,2.398268371e-05,9.336222294e-07,3.689081618e-07,9.950528597e-09,9.180812885e-07,4.074588053e-08,2.198326236e-05,-3.738753034e-07,0.05044489993
2212.0,2.965131545e-06,4.273394281e-08,5.144090546e-06,1.047868685e-07,3.195377764e-06,1.480086298e-07,3.302641051e-05,9.491930824e-07,3.66405007e-07,9.941598855e-09,1.047513303e-06,4.607669965e-08,2.240081491e-05,2.174505265e-06,0.05044707443
2213.0,3.892010236e-06,4.930728591e-08,7.113384848e-06,1.931734451e-07,4.221148987e-06,1.722664153e-07,3.295852423e-05,9.778933363e-07,3.693388434e-07,1.006862572e-08,1.021925606e-06,4.146635207e-08,2.307639477e-05,9.924371614e-07,0.05044806687
2214.0,3.151191155e-06,3.759205319e-08,5.228609579e-06,1.127210525e-07,3.549400851e-06,1.249900302e-07,2.265367768e-05,9.356659081e-07,3.646958888e-07,9.785188573e-09,9.152441366e-07,4.059166183e-08,2.203135321e-05,-2.647315279e-07,0.05044780214
2215.0,2.940359678e-06,4.285614268e-08,5.121201455e-06,1.044665851e-07,3.184226874e-06,1.465667727e-07,3.323970452e-05,9.54125571e-07,3.631677216e-07,9.836760551e-09,1.045016071e-06,4.594073413e-08,2.251722123e-05,2.254959667e-06,0.0504500571
2216.0,3.910749957e-06,4.916861359e-08,7.110349023e-06,1.926803589e-07,4.216553704e-06,1.719752479e-07,3.14034839e-05,9.831249384e-07,3.661448465e-07,9.965413372e-09,1.02033717e-06,4.136690769e-08,2.319990507e-05,1.043948923e-06,0.05045110105
2217.0,3.140891106e-06,3.84318716e-08,5.233257825e-06,1.134994979e-07,3.546754479e-06,1.252216137e-07,2.450332194e-05,9.467236234e-07,3.606816794e-07,9.625359394e-09,9.128948489e-07,4.049369992e-08,2.229163714e-05,-3.541595703e-07,0.05045074689
2218.0,2.971412816e-06,4.29916289e-08,5.115388178e-06,1.049693793e-07,3.183585004e-06,1.463997663e-07,3.221642468e-05,9.509985789e-07,3.601890357e-07,9.723270813e-09,1.043413787e-06,4.585582364e-08,2.244344553e-05,2.290487631e-06,0.05045303738
2219.0,3.870622521e-06,4.885548192e-08,7.079970735e-06,1.921088081e-07,4.214258225e-06,1.720290773e-07,3.325242589e-05,9.891180271e-07,3.632507517e-07,9.846437288e-09,1.018975406e-06,4.131706213e-08,2.334132339e-05,1.142962852e-06,0.05045418034
2220.0,3.169366861e-06,3.860769285e-08,5.220445644e-06,1.122380131e-07,3.549024017e-06,1.248197721e-07,2.251975514e-05,9.408720336e-07,3.565721135e-07,9.476809566e-09,9.116127112e-07,4.041352912e-08,2.215393386e-05,-4.313518669e-07,0.05045374899
2221.0,2.917499453e-06,4.201395214e-08,5.094048069e-06,1.036868706e-07,3.180337399e-06,1.461342598e-07,3.278754824e-05,9.471011305e-07,3.565371113e-07,9.61056971e-09,1.042429789e-06,4.580023289e-08,2.235146879e-05,2.198633913e-06,0.05045594762
2222.0,3.909750825e-06,4.904746665e-08,7.109804887e-06,1.918989494e-07,4.222138479e-06,1.724660318e-07,3.229651032e-05,9.836336234e-07,3.59892915e-07,9.76070158e-09,1.018586857e-06,4.127643351e-08,2.321185594e-05,1.13814336e-06,0.05045708577
2223.0,3.141110248e-06,3.8607484e-08,5.197037605e-06,1.114793562e-07,3.544727498e-06,1.244528641e-07,2.390406131e-05,9.350094547e-07,3.531704145e-07,9.377857439e-09,9.109090104e-07,4.039193773e-08,2.201589052e-05,-3.530791414e-07,0.05045673269
2224.0,2.942604047e-06,4.170562721e-08,5.091683927e-06,1.038872932e-07,3.181180264e-06,1.461970304e-07,3.163444277e-05,9.472126462e-07,3.544634126e-07,9.540295433e-09,1.042356165e-06,4.578866144e-08,2.235409981e-05,2.208317501e-06,0.050458941
2225.0,3.888699716e-06,4.954614743e-08,7.098167469e-06,1.918700782e-07,4.214962232e-06,1.72275687e-07,3.274073501e-05,9.766319115e-07,3.581049173e-07,9.719279043e-09,1.01841899e-06,4.129226098e-08,2.304659577e-05,1.002617903e-06,0.05045994362
2226.0,3.167502662e-06,3.878265292e-08,5.180381922e-06,1.105534789e-07,3.543296654e-06,1.242361608e-07,2.204460302e-05,9.365685657e-07,3.50683255e-07,9.326394904e-09,9.111416631e-07,4.037558157e-08,2.205266248e-05,-2.661098455e-07,0.05045967751
2227.0,2.918756911e-06,4.170548066e-08,5.077224875e-06,1.037800766e-07,3.18085266e-06,1.464899369e-07,3.390814399e-05,9.517215219e-07,3.52996689e-07,9.524890565e-09,1.042925877e-06,4.580398618e-08,2.246047117e-05,2.254727542e-06,0.05046193224
2228.0,3.918277421e-06,4.961032357e-08,7.071755378e-06,1.912803164e-07,4.217389087e-06,1.724397505e-07,3.164026356e-05,9.814134613e-07,3.571965997e-07,9.751430615e-09,1.019275256e-06,4.131329342e-08,2.315954666e-05,1.048344753e-06,0.05046298058
2229.0,3.150577324e-06,3.94863484e-08,5.140535784e-06,1.097559546e-07,3.543229062e-06,1.242990996e-07,2.468672429e-05,9.468715961e-07,3.499341473e-07,9.350159209e-09,9.115027679e-07,4.039634412e-08,2.229520676e-05,-3.222097876e-07,0.05046265837
2230.0,2.959569308e-06,4.154430213e-08,5.123144167e-06,1.030371972e-07,3.197308335e-06,1.470859742e-07,3.375158095e-05,9.482304697e-07,3.535851021e-07,9.571244762e-09,1.043929492e-06,4.58525947e-08,2.237812171e-05,2.280532195e-06,0.05046493891
2231.0,3.878737276e-06,4.922841351e-08,7.081909312e-06,1.906119447e-07,4.220679382e-06,1.721927833e-07,3.309282863e-05,9.872098103e-07,3.577501087e-07,9.795036258e-09,1.019684149e-06,4.13635651e-08,2.32963694e-05,1.142976812e-06,0.05046608188
2232.0,3.183751029e-06,3.976476755e-08,5.166963854e-06,1.091558072e-07,3.542941646e-06,1.235849311e-07,2.250960363e-05,9.429182407e-07,3.499324741e-07,9.397852614e-09,9.119793983e-07,4.040994179e-08,2.220209265e-05,-4.218496874e-07,0.05046566003
2233.0,2.919593666e-06,4.08954129e-08,5.078233924e-06,1.031886426e-07,3.188704706e-06,1.470800052e-07,3.429833708e-05,9.468739668e-07,3.540960799e-07,9.621743489e-09,1.044629776e-06,4.58856717e-08,2.234610296e-05,2.211141924e-06,0.05046787118
2234.0,3.921828345e-06,4.965038854e-08,7.113510649e-06,1.909967697e-07,4.22204474e-06,1.724058585e-07,3.25089151e-05,9.822000266e-07,3.58052673e-07,9.839514508e-09,1.020241606e-06,4.13831734e-08,2.317810731e-05,1.151980592e-06,0.05046902316
2235.0,3.155439268e-06,3.966057522e-08,5.167985331e-06,1.087171619e-07,3.538432095e-06,1.232685442e-07,2.362925197e-05,9.370204198e-07,3.506791874e-07,9.458642377e-09,9.117793974e-07,4.042371663e-08,2.206321022e-05,-3.599866917e-07,0.05046866317
2236.0,2.92883637e-06,4.024483198e-08,5.072754031e-06,1.033110382e-07,3.189500841e-06,1.473566789e-07,3.152085825e-05,9.464890692e-07,3.549363767e-07,9.646274338e-09,1.044863322e-06,4.592087789e-08,2.233709182e-05,2.195181464e-06,0.05047085835
2237.0,3.897113138e-06,5.030642639e-08,7.089337305e-06,1.925341793e-07,4.217818391e-06,1.728302756e-07,3.448782866e-05,9.747308785e-07,3.583238264e-07,9.829521893e-09,1.01958743e-06,4.138519351e-08,2.300179427e-05,9.756925487e-07,0.05047183404
2238.0,3.186290552e-06,3.944672979e-08,5.171275237e-06,1.091277006e-07,3.543993659e-06,1.236567282e-07,2.305186629e-05,9.379864205e-07,3.50968454e-07,9.479277438e-09,9.112801821e-07,4.039240364e-08,2.208605185e-05,-2.446775908e-07,0.05047158937
2239.0,2.903753343e-06,4.038463484e-08,5.053505876e-06,1.035970884e-07,3.190658542e-06,1.476609299e-07,3.384224966e-05,9.520108929e-07,3.544057723e-07,9.622882236e-09,1.04441038e-06,4.588426861e-08,2.24673775e-05,2.268072327e-06,0.05047385744
2240.0,3.907692983e-06,4.991006411e-08,7.107677227e-06,1.913839068e-07,4.215185673e-06,1.716122577e-07,3.137829905e-05,9.815253238e-07,3.5759263e-07,9.803058024e-09,1.018589924e-06,4.132834592e-08,2.316216501e-05,1.05327182e-06,0.05047491071
2241.0,3.141401465e-06,3.980137374e-08,5.167095076e-06,1.08552021e-07,3.534453346e-06,1.225554612e-07,2.364495238e-05,9.482874103e-07,3.511821856e-07,9.489976613e-09,9.099327458e-07,4.03395591e-08,2.232859336e-05,-3.23881699e-07,0.05047458683
2242.0,2.928301226e-06,4.021683096e-08,5.090197091e-06,1.040149228e-07,3.193963097e-06,1.478360186e-07,3.198120003e-05,9.492282904e-07,3.537983156e-07,9.555418293e-09,1.043374702e-06,4.584933416e-08,2.240164939e-05,2.283501479e-06,0.05047687033
2243.0,3.876945324e-06,4.977939194e-08,7.074202562e-06,1.919369148e-07,4.205903496e-06,1.710013943e-07,3.290811825e-05,9.88600281e-07,3.565876735e-07,9.734818727e-09,1.016647787e-06,4.124897212e-08,2.332915518e-05,1.157199206e-06,0.05047802753
2244.0,3.172875519e-06,3.982332564e-08,5.172649962e-06,1.092341703e-07,3.531096267e-06,1.217559207e-07,2.204548276e-05,9.417031712e-07,3.504741982e-07,9.467447684e-09,9.085522196e-07,4.027131032e-08,2.217356563e-05,-4.132629858e-07,0.05047761427
2245.0,2.890315978e-06,3.963580615e-08,5.087438093e-06,1.042896123e-07,3.191437847e-06,1.484261405e-07,3.264899102e-05,9.470481261e-07,3.514742187e-07,9.463533437e-09,1.041570468e-06,4.573891308e-08,2.235016354e-05,2.200792864e-06,0.05047981506
2246.0,3.908589512e-06,4.99425163e-08,7.091290353e-06,1.920744389e-07,4.206964255e-06,1.709235896e-07,3.168646208e-05,9.836740305e-07,3.542295493e-07,9.649133196e-09,1.014604039e-06,4.114686188e-08,2.321295771e-05,1.141799149e-06,0.05048095686
2247.0,3.145325747e-06,3.960482966e-08,5.172457525e-06,1.100156775e-07,3.529810011e-06,1.218213579e-07,2.474475968e-05,9.385739302e-07,3.491249484e-07,9.431838959e-09,9.067149015e-07,4.018271716e-08,2.209982755e-05,-3.713775491e-07,0.05048058548
2248.0,2.922961334e-06,3.954717999e-08,5.087923087e-06,1.048191113e-07,3.197869662e-06,1.494170787e-07,3.181395601e-05,9.480877206e-07,3.489314229e-07,9.336526511e-09,1.039547447e-06,4.565598013e-08,2.237479708e-05,2.197191174e-06,0.05048278267
2249.0,3.879154046e-06,5.030193101e-08,7.059192904e-06,1.92462732e-07,4.205361321e-06,1.709641034e-07,3.300734969e-05,9.77496894e-07,3.514543318e-07,9.527716921e-09,1.012036367e-06,4.102416799e-08,2.306712835e-05,9.896435118e-07,0.05048377231
2250.0,3.160165188e-06,3.89827229e-08,5.217426169e-06,1.096116729e-07,3.53429723e-06,1.212812305e-07,2.26418237e-05,9.379156658e-07,3.468076574e-07,9.342747865e-09,9.048502596e-07,4.008025873e-08,2.208436196e-05,-2.637714397e-07,0.05048350854
2251.0,2.878392752e-06,3.949738624e-08,5.091465804e-06,1.041808298e-07,3.195463435e-06,1.487968232e-07,3.232435134e-05,9.53642602e-07,3.452045963e-07,9.187010435e-09,1.0375627e-06,4.552983473e-08,2.25059242e-05,2.254226099e-06,0.05048576277
2252.0,3.907901217e-06,5.021666063e-08,7.083403402e-06,1.920592894e-07,4.202639741e-06,1.701014701e-07,3.114040342e-05,9.82273847e-07,3.477239497e-07,9.396144997e-09,1.010094809e-06,4.092279202e-08,2.317981351e-05,1.029344483e-06,0.05048679211
2253.0,3.147375389e-06,3.920450986e-08,5.177308751e-06,1.100793407e-07,3.524404008e-06,1.203638219e-07,2.449083924e-05,9.46776628e-07,3.439849647e-07,9.232262658e-09,9.033063583e-07,3.998585075e-08,2.229299956e-05,-3.287003569e-07,0.05048646341
2254.0,2.934918672e-06,4.001571726e-08,5.116541801e-06,1.046098714e-07,3.205949386e-06,1.497625577e-07,3.341858041e-05,9.511472263e-07,3.420253713e-07,9.016147265e-09,1.036378435e-06,4.549459848e-08,2.244701931e-05,2.273399365e-06,0.05048873681
2255.0,3.896212068e-06,5.008261877e-08,7.109005638e-06,1.925848418e-07,4.206191955e-06,1.703472499e-07,3.348173881e-05,9.900394935e-07,3.446192101e-07,9.252856661e-09,1.008531414e-06,4.084367574e-08,2.336306901e-05,1.134475831e-06,0.05048987129
2256.0,3.172141071e-06,3.915517628e-08,5.17908134e-06,1.097973205e-07,3.525849095e-06,1.199584159e-07,2.213285088e-05,9.420100134e-07,3.409206367e-07,9.088724478e-09,9.025424508e-07,3.994954077e-08,2.218083516e-05,-4.323847238e-07,0.0504894389
2257.0,2.898566628e-06,3.998908449e-08,5.085344651e-06,1.047192074e-07,3.202193478e-06,1.506836312e-07,3.457341925e-05,9.498308086e-07,3.385559665e-07,8.882168574e-09,1.035704441e-06,4.544983483e-08,2.241586273e-05,2.178659352e-06,0.05049161756
2258.0,3.932398426e-06,5.008241272e-08,7.116909654e-06,1.927194559e-07,4.211479775e-06,1.708065941e-07,3.256453199e-05,9.837389163e-07,3.415304206e-07,9.137903924e-09,1.00818019e-06,4.082109155e-08,2.321446186e-05,1.117475465e-06,0.05049273504
2259.0,3.131464867e-06,3.850202085e-08,5.158777211e-06,1.094281739e-07,3.525044091e-06,1.197740879e-07,2.409942665e-05,9.365321636e-07,3.386727113e-07,8.996348558e-09,9.02546456e-07,3.993395841e-08,2.205181481e-05,-3.609494037e-07,0.05049237409
2260.0,2.91617728e-06,3.994971968e-08,5.098892545e-06,1.031235769e-07,3.202142214e-06,1.499396392e-07,3.171536168e-05,9.506375964e-07,3.370697483e-07,8.811508771e-09,1.035987667e-06,4.549754978e-08,2.243494784e-05,2.189961071e-06,0.05049456405
2261.0,3.882369255e-06,5.020548914e-08,7.084254385e-06,1.917263998e-07,4.204773706e-06,1.701723327e-07,3.247152728e-05,9.795551799e-07,3.401934048e-07,9.084196104e-09,1.008457108e-06,4.083432324e-08,2.311572826e-05,9.824555483e-07,0.05049554651
2262.0,3.158699201e-06,3.833684011e-08,5.187955567e-06,1.092256618e-07,3.527599304e-06,1.197774279e-07,2.272485157e-05,9.366969093e-07,3.380886605e-07,9.002826091e-09,9.036336078e-07,4.000224607e-08,2.205563082e-05,-2.722176316e-07,0.05049527429
2263.0,2.908402285e-06,4.077276338e-08,5.049991517e-06,1.028483894e-07,3.194748605e-06,1.493184755e-07,3.343315724e-05,9.563121407e-07,3.364531468e-07,8.862196862e-09,1.03722141e-06,4.555212589e-08,2.256888345e-05,2.259596044e-06,0.05049753388
2264.0,3.918760857e-06,5.01708759e-08,7.086083762e-06,1.9163535e-07,4.202577914e-06,1.697193664e-07,3.113095893e-05,9.848742229e-07,3.399868316e-07,9.138702988e-09,1.009913537e-06,4.090404227e-08,2.324123192e-05,1.04014547e-06,0.05049857403
2265.0,3.140274462e-06,3.872037956e-08,5.172456748e-06,1.090829633e-07,3.52078981e-06,1.19468508e-07,2.367327941e-05,9.463222877e-07,3.396746006e-07,9.126836807e-09,9.053121311e-07,4.008888754e-08,2.22822238e-05,-3.379634745e-07,0.05049823607
2266.0,2.932859894e-06,4.116111246e-08,5.039760075e-06,1.017414216e-07,3.194336901e-06,1.490027072e-07,3.167085706e-05,9.533138103e-07,3.381620546e-07,8.976426735e-09,1.039002256e-06,4.568478946e-08,2.249816935e-05,2.274893432e-06,0.05050051096
2267.0,3.886594421e-06,5.004866652e-08,7.071948858e-06,1.924357623e-07,4.201830909e-06,1.701270027e-07,3.370571302e-05,9.914191515e-07,3.416604229e-07,9.250674428e-09,1.01134396e-06,4.097580584e-08,2.339562834e-05,1.121744568e-06,0.0505016327
2268.0,3.169750586e-06,3.858105546e-08,5.151183905e-06,1.08967138e-07,3.525669911e-06,1.198461123e-07,2.248425941e-05,9.40801477e-07,3.418430084e-07,9.249469342e-09,9.072521018e-07,4.020061458e-08,2.215233076e-05,-4.248959877e-07,0.05050120781
2269.0,2.897655701e-06,4.117399688e-08,5.004644692e-06,1.007490173e-07,3.19216769e-06,1.491075807e-07,3.301508262e-05,9.509001238e-07,3.398393157e-07,9.113104572e-09,1.04071431e-06,4.575707985e-08,2.244114175e-05,2.190751411e-06,0.05050339856
2270.0,3.910386438e-06,4.976046375e-08,7.105892755e-06,1.917014153e-07,4.209017073e-06,1.702339755e-07,3.217642059e-05,9.865071966e-07,3.432909865e-07,9.364055086e-09,1.012883624e-06,4.103979396e-08,2.327973672e-05,1.129470575e-06,0.05050452803
2271.0,3.118554889e-06,3.794044361e-08,5.145610313e-06,1.07801648e-07,3.52599756e-06,1.195943306e-07,2.341157953e-05,9.351979968e-07,3.437544778e-07,9.365052462e-09,9.083893167e-07,4.027305822e-08,2.202040244e-05,-3.712093769e-07,0.05050415682
2272.0,2.930891337e-06,4.139274371e-08,5.029890158e-06,1.005720687e-07,3.191946603e-06,1.484972727e-07,3.142894197e-05,9.514997032e-07,3.41874688e-07,9.209639923e-09,1.04157804e-06,4.58377613e-08,2.245523772e-05,2.182942129e-06,0.05050633976
2273.0,3.885555223e-06,4.98426645e-08,7.054430892e-06,1.91877837e-07,4.200766431e-06,1.695111222e-07,3.279727862e-05,9.799859137e-07,3.449764089e-07,9.432593007e-09,1.013363597e-06,4.107744862e-08,2.312583837e-05,9.882795408e-07,0.05050732804
2274.0,3.148452354e-06,3.781744932e-08,5.160177643e-06,1.084738458e-07,3.528298002e-06,1.201891096e-07,2.242745427e-05,9.349689193e-07,3.447310419e-07,9.40775619e-09,9.089253997e-07,4.030757821e-08,2.201499254e-05,-2.678389119e-07,0.0505070602
2275.0,2.91117129e-06,4.200555061e-08,5.024399466e-06,1.004849249e-07,3.183381522e-06,1.476361268e-07,3.241661024e-05,9.565654497e-07,3.424575589e-07,9.265266257e-09,1.041574173e-06,4.582760599e-08,2.257478171e-05,2.250122843e-06,0.05050931033
2276.0,3.900797856e-06,4.969257932e-08,7.047019916e-06,1.91430619e-07,4.197094949e-06,1.691771748e-07,3.077892983e-05,9.845623272e-07,3.45260681e-07,9.460623198e-09,1.013560808e-06,4.107762331e-08,2.323390168e-05,1.032965117e-06,0.05051034329
2277.0,3.132144463e-06,3.844523289e-08,5.139549265e-06,1.097895616e-07,3.527565568e-06,1.211486103e-07,2.517771134e-05,9.469156321e-07,3.44970493e-07,9.395920706e-09,9.083465783e-07,4.02958594e-08,2.22962101e-05,-3.558138337e-07,0.05050998748
2278.0,2.967476465e-06,4.263711665e-08,5.040528921e-06,1.013771198e-07,3.194802722e-06,1.481086006e-07,3.363420408e-05,9.526489108e-07,3.429107373e-07,9.261209927e-09,1.040978767e-06,4.581342394e-08,2.248243976e-05,2.266438349e-06,0.05051225392
2279.0,3.876274773e-06,4.928225204e-08,7.041811453e-06,1.913129641e-07,4.205798364e-06,1.694982214e-07,3.372174298e-05,9.915149465e-07,3.451419049e-07,9.421644039e-09,1.012566932e-06,4.103145921e-08,2.339794651e-05,1.13194457e-06,0.05051338586
2280.0,3.150435113e-06,3.799458465e-08,5.17167534e-06,1.088022039e-07,3.535505335e-06,1.207610926e-07,2.244308894e-05,9.40225333e-07,3.441183059e-07,9.311095486e-09,9.0703286e-07,4.021215924e-08,2.213872542e-05,-4.277751835e-07,0.05051295809
2281.0,2.907513999e-06,4.203517625e-08,5.041996427e-06,1.00563287e-07,3.185851624e-06,1.468818886e-07,3.324653791e-05,9.507036835e-07,3.419008212e-07,9.213120188e-09,1.039153506e-06,4.570996903e-08,2.243651706e-05,2.192788072e-06,0.05051515087
2282.0,3.904340431e-06,4.91261706e-08,7.08792938e-06,1.917170207e-07,4.208552279e-06,1.694888736e-07,3.218972568e-05,9.841167289e-07,3.437509731e-07,9.348303382e-09,1.011193631e-06,4.09374635e-08,2.322328227e-05,1.11826402e-06,0.05051626914
2283.0,3.116875873e-06,3.755132287e-08,5.134193608e-06,1.091940364e-07,3.52890637e-06,1.20854002e-07,2.380628764e-05,9.344176139e-07,3.425831448e-07,9.189920707e-09,9.047643126e-07,4.009862501e-08,2.200199149e-05,-3.573980046e-07,0.05051591174
2284.0,2.939265891e-06,4.198931245e-08,5.059867661e-06,1.016416815e-07,3.181497942e-06,1.464984472e-07,3.209490387e-05,9.502367313e-07,3.407845052e-07,9.132812882e-09,1.036757653e-06,4.559329088e-08,2.242550181e-05,2.19695881e-06,0.0505181087
2285.0,3.871651665e-06,4.906584457e-08,7.074725879e-06,1.919708661e-07,4.201447268e-06,1.691508934e-07,3.27379622e-05,9.78432499e-07,3.421423268e-07,9.225196839e-09,1.008700713e-06,4.082910361e-08,2.308911079e-05,9.93124793e-07,0.05051910182
2286.0,3.141166316e-06,3.738776906e-08,5.148469662e-06,1.092238647e-07,3.533744404e-06,1.215606607e-07,2.300192872e-05,9.347067745e-07,3.398473034e-07,9.026159639e-09,9.021412295e-07,3.993461909e-08,2.200884549e-05,-2.669510959e-07,0.05051883487
2287.0,2.921814991e-06,4.225378042e-08,5.047333153e-06,1.020667561e-07,3.179806017e-06,1.460060723e-07,3.44113756e-05,9.545871476e-07,3.381059903e-07,9.031376114e-09,1.033811779e-06,4.543602725e-08,2.252811015e-05,2.244067784e-06,0.05052107894
2288.0,3.903644454e-06,4.877694985e-08,7.070565381e-06,1.91741471e-07,4.204467843e-06,1.69303454e-07,3.200329298e-05,9.838024707e-07,3.394485503e-07,9.111426221e-09,1.006577342e-06,4.069363501e-08,2.321593072e-05,1.045007308e-06,0.05052212395
2289.0,3.11116127e-06,3.778473769e-08,5.124614418e-06,1.092974131e-07,3.530419139e-06,1.215279389e-07,2.427430927e-05,9.465179461e-07,3.365655041e-07,8.85962359e-09,8.990307241e-07,3.978712956e-08,2.228689313e-05,-3.301747507e-07,0.05052179377
2290.0,2.943959838e-06,4.2178893e-08,5.078467698e-06,1.01295498e-07,3.182352743e-06,1.451631803e-07,3.238532082e-05,9.510686034e-07,3.357023033e-07,8.915159616e-09,1.03111528e-06,4.52784148e-08,2.244510167e-05,2.27851672e-06,0.05052407229
2291.0,3.846364371e-06,4.804477445e-08,7.061601376e-06,1.907153526e-07,4.20195459e-06,1.68724506e-07,3.242550022e-05,9.897218268e-07,3.371591157e-07,8.97881881e-09,1.004136354e-06,4.05993772e-08,2.335563967e-05,1.146918902e-06,0.05052521921
2292.0,3.145164902e-06,3.775829933e-08,5.154480522e-06,1.093331427e-07,3.533047709e-06,1.213663769e-07,2.274173666e-05,9.398624814e-07,3.327633928e-07,8.681275806e-09,8.965869614e-07,3.963612628e-08,2.213013421e-05,-4.314239403e-07,0.05052478778
2293.0,2.925482187e-06,4.180981138e-08,5.048188418e-06,1.016629466e-07,3.179199732e-06,1.451858924e-07,3.421405509e-05,9.479919464e-07,3.324028431e-07,8.780070173e-09,1.02850853e-06,4.514596219e-08,2.237248479e-05,2.19644384e-06,0.05052698423
2294.0,3.89146457e-06,4.815045119e-08,7.081329115e-06,1.908073532e-07,4.2064258e-06,1.692429077e-07,3.18125e-05,9.84066845e-07,3.340840354e-07,8.8632775e-09,1.002878912e-06,4.050549044e-08,2.322217583e-05,1.141061216e-06,0.05052812529
2295.0,3.112545234e-06,3.755449406e-08,5.14212702e-06,1.087875621e-07,3.528604126e-06,1.212894561e-07,2.359678684e-05,9.354724746e-07,3.289838638e-07,8.518906453e-09,8.942390582e-07,3.95498403e-08,2.202675696e-05,-3.591920346e-07,0.0505277661
2296.0,2.934575351e-06,4.151878845e-08,5.043526542e-06,1.016597838e-07,3.173143471e-06,1.446827008e-07,3.193498249e-05,9.48473275e-07,3.292642589e-07,8.639108931e-09,1.026720564e-06,4.504651168e-08,2.238390015e-05,2.200980302e-06,0.05052996708
2297.0,3.866693435e-06,4.874377233e-08,7.058446824e-06,1.920824214e-07,4.203994901e-06,1.698310611e-07,3.386665991e-05,9.764670716e-07,3.314884833e-07,8.74782122e-09,1.001292761e-06,4.047443128e-08,2.304273403e-05,9.869484857e-07,0.05053095403
2298.0,3.153530451e-06,3.773365838e-08,5.138871219e-06,1.088137353e-07,3.534647197e-06,1.220660292e-07,2.314376874e-05,9.361158017e-07,3.252102622e-07,8.376374776e-09,8.93030967e-07,3.947203466e-08,2.204197927e-05,-2.628415397e-07,0.05053069118
2299.0,2.901278334e-06,4.141261891e-08,4.998224963e-06,1.007777747e-07,3.170562444e-06,1.442427298e-07,3.320376351e-05,9.528466686e-07,3.260571098e-07,8.537782903e-09,1.025605744e-06,4.499470654e-08,2.248708091e-05,2.259565943e-06,0.05053295075
2300.0,3.881080998e-06,4.845826017e-08,7.067573748e-06,1.901678447e-07,4.203468234e-06,1.689878456e-07,3.136149301e-05,9.820740929e-07,3.291280235e-07,8.692305869e-09,1.00105215e-06,4.043284074e-08,2.317510047e-05,1.049036398e-06,0.05053399979
2301.0,3.115410182e-06,3.822172282e-08,5.129132725e-06,1.077733866e-07,3.528169141e-06,1.211728293e-07,2.361840536e-05,9.471057308e-07,3.22542204e-07,8.302581112e-09,8.922562657e-07,3.94611183e-08,2.230075492e-05,-3.292908709e-07,0.0505336705
2302.0,2.934778576e-06,4.136343634e-08,5.035216567e-06,1.006448709e-07,3.174165504e-06,1.441058715e-07,3.197916191e-05,9.494661549e-07,3.248366273e-07,8.509092092e-09,1.025907646e-06,4.500172065e-08,2.240724512e-05,2.280390772e-06,0.05053595089
2303.0,3.860311396e-06,4.836110367e-08,7.034511267e-06,1.902697661e-07,4.19904479e-06,1.689176517e-07,3.343676835e-05,9.898026312e-07,3.28320289e-07,8.683500976e-09,1.00107845e-06,4.046552534e-08,2.335750295e-05,1.164892262e-06,0.05053711578
2304.0,3.157724491e-06,3.855562369e-08,5.131738522e-06,1.07806969e-07,3.529187096e-06,1.209587673e-07,2.22321872e-05,9.403380142e-07,3.208617729e-07,8.281796949e-09,8.926658973e-07,3.94493817e-08,2.214139231e-05,-4.191201635e-07,0.05053669666
2305.0,2.898983386e-06,4.061355055e-08,5.030302437e-06,1.007155936e-07,3.172684648e-06,1.445566739e-07,3.271053596e-05,9.465945848e-07,3.244294099e-07,8.534188238e-09,1.026335438e-06,4.502914687e-08,2.233943279e-05,2.201404804e-06,0.05053889806
2306.0,3.884054291e-06,4.847304225e-08,7.0421699e-06,1.898403522e-07,4.198531166e-06,1.687846406e-07,3.135348984e-05,9.828742988e-07,3.278876639e-07,8.721641698e-09,1.001959927e-06,4.047657369e-08,2.319406459e-05,1.143189172e-06,0.05054004125
2307.0,3.122840848e-06,3.852735811e-08,5.106951976e-06,1.075090278e-07,3.525640487e-06,1.212242004e-07,2.467389601e-05,9.3788559e-07,3.202450125e-07,8.318560941e-09,8.927492098e-07,3.948301693e-08,2.208360706e-05,-3.668733359e-07,0.05053967438
2308.0,2.927800809e-06,4.041881565e-08,5.022211149e-06,1.01106392e-07,3.176703622e-06,1.450913927e-07,3.188059813e-05,9.469543251e-07,3.252564714e-07,8.573757096e-09,1.02708171e-06,4.506598126e-08,2.234803609e-05,2.201291194e-06,0.05054187567
2309.0,3.8567077e-06,4.892271825e-08,7.010301525e-06,1.902699222e-07,4.198131659e-06,1.690459063e-07,3.302044616e-05,9.766865539e-07,3.283265318e-07,8.746999502e-09,1.002209575e-06,4.051390139e-08,2.304799174e-05,9.984751846e-07,0.05054287415
2310.0,3.150132471e-06,3.823009308e-08,5.148146831e-06,1.066821634e-07,3.534401365e-06,1.21326738e-07,2.326048259e-05,9.36605153e-07,3.201855597e-07,8.347143638e-09,8.931828582e-07,3.947255805e-08,2.205348713e-05,-2.573945895e-07,0.05054261675
2311.0,2.900485035e-06,4.030955958e-08,5.034592223e-06,1.005045254e-07,3.182833739e-06,1.449511884e-07,3.392996036e-05,9.514745882e-07,3.253933202e-07,8.596789801e-09,1.027394213e-06,4.507970353e-08,2.245474804e-05,2.252297485e-06,0.05054486905
2312.0,3.899863638e-06,4.902008452e-08,7.051900213e-06,1.902407954e-07,4.202643877e-06,1.686235713e-07,3.210196661e-05,9.810443233e-07,3.285176849e-07,8.763171544e-09,1.002699669e-06,4.050615932e-08,2.315079628e-05,1.035807111e-06,0.05054590486
2313.0,3.134714316e-06,3.865537756e-08,5.101290451e-06,1.065865164e-07,3.525098577e-06,1.204103109e-07,2.425880362e-05,9.481318692e-07,3.205275746e-07,8.377377601e-09,8.928715943e-07,3.947837289e-08,2.23249048e-05,-3.162040256e-07,0.05054558865
2314.0,2.930572624e-06,4.049649913e-08,5.03803128e-06,1.007402678e-07,3.181293268e-06,1.448592213e-07,3.264593391e-05,9.497494373e-07,3.259240658e-07,8.596693045e-09,1.02753965e-06,4.508765047e-08,2.241401487e-05,2.290652508e-06,0.0505478793
2315.0,3.874049479e-06,4.899696179e-08,7.074747934e-06,1.908529927e-07,4.199881127e-06,1.687107956e-07,3.371592834e-05,9.87358137e-07,3.287013951e-07,8.742170551e-09,1.001927611e-06,4.049779838e-08,2.329975445e-05,1.144463587e-06,0.05054902377
2316.0,3.158693934e-06,3.876103829e-08,5.102872416e-06,1.065711217e-07,3.523952305e-06,1.201407154e-07,2.200453417e-05,9.426655032e-07,3.207577312e-07,8.388314362e-09,8.926058088e-07,3.945071378e-08,2.219627376e-05,-4.240284722e-07,0.05054859974
2317.0,2.887910115e-06,4.002369436e-08,5.009216795e-06,1.014755064e-07,3.177938664e-06,1.458956695e-07,3.364204988e-05,9.46935745e-07,3.251582889e-07,8.56554776e-09,1.026743979e-06,4.505222055e-08,2.234752706e-05,2.186692596e-06,0.05055078643
2318.0,3.887648962e-06,4.86820957e-08,7.048497582e-06,1.912249111e-07,4.194458125e-06,1.682551762e-07,3.202907969e-05,9.825725292e-07,3.279619731e-07,8.703781239e-09,1.001237269e-06,4.043998062e-08,2.318697162e-05,1.136833539e-06,0.05055192327
2319.0,3.105609008e-06,3.812035702e-08,5.077506907e-06,1.062878138e-07,3.518921597e-06,1.199283357e-07,2.386859929e-05,9.371044782e-07,3.20678448e-07,8.388484849e-09,8.916051617e-07,3.941899907e-08,2.20652906e-05,-3.527009789e-07,0.05055157056
2320.0,2.908600116e-06,3.962397356e-08,5.043106324e-06,1.006760239e-07,3.184495704e-06,1.458391416e-07,3.20382873e-05,9.478449769e-07,3.245065235e-07,8.492751489e-09,1.025777708e-06,4.499619082e-08,2.236900295e-05,2.199314529e-06,0.05055376988
2321.0,3.857453721e-06,4.901412755e-08,7.059774735e-06,1.907257922e-07,4.197235287e-06,1.680672659e-07,3.227079254e-05,9.772729009e-07,3.269127517e-07,8.634612736e-09,9.995503036e-07,4.038420054e-08,2.306186384e-05,9.930744993e-07,0.05055476295
2322.0,3.139347418e-06,3.797542786e-08,5.118574645e-06,1.066223693e-07,3.522208071e-06,1.195722807e-07,2.274811743e-05,9.384864499e-07,3.200965823e-07,8.347123388e-09,8.906796297e-07,3.934341327e-08,2.209779528e-05,-2.680542198e-07,0.0505544949
2323.0,2.88461453e-06,3.978100002e-08,5.0099485e-06,1.011125062e-07,3.177090758e-06,1.455330682e-07,3.269830073e-05,9.526103723e-07,3.223396831e-07,8.401006461e-09,1.02424417e-06,4.490566726e-08,2.248152367e-05,2.261575532e-06,0.05055675648
2324.0,3.883996395e-06,4.893717433e-08,7.051379311e-06,1.905390612e-07,4.18905888e-06,1.67352087e-07,3.100871705e-05,9.823233972e-07,3.250586525e-07,8.560456222e-09,9.982918808e-07,4.029863584e-08,2.318100999e-05,1.044424422e-06,0.0505578009
2325.0,3.119169937e-06,3.831654831e-08,5.114410744e-06,1.069022427e-07,3.515030805e-06,1.189141167e-07,2.34080738e-05,9.484732062e-07,3.190483421e-07,8.307325583e-09,8.890761407e-07,3.927367705e-08,2.233291107e-05,-3.328939806e-07,0.05055746801
2326.0,2.906552142e-06,3.98764203e-08,5.00556717e-06,1.007185787e-07,3.179426649e-06,1.454711019e-07,3.13428394e-05,9.50267673e-07,3.20660995e-07,8.29569307e-09,1.023069389e-06,4.483811664e-08,2.242625324e-05,2.278501348e-06,0.05055974651
2327.0,3.859217168e-06,4.892838961e-08,7.053270341e-06,1.918097242e-07,4.190749036e-06,1.677337207e-07,3.396911242e-05,9.903865457e-07,3.23166434e-07,8.474484595e-09,9.964202692e-07,4.022873849e-08,2.337126304e-05,1.132665223e-06,0.05056087917
2328.0,3.156854018e-06,3.822648595e-08,5.119532683e-06,1.075348021e-07,3.520558611e-06,1.188533292e-07,2.258708341e-05,9.42767181e-07,3.174201414e-07,8.228711251e-09,8.880405129e-07,3.919364593e-08,2.219862649e-05,-4.279319304e-07,0.05056045124
2329.0,2.869517916e-06,3.956103706e-08,4.971661548e-06,1.001304616e-07,3.179887208e-06,1.462158951e-07,3.277013282e-05,9.484413143e-07,3.178984046e-07,8.196062275e-09,1.021765042e-06,4.475333615e-08,2.238310244e-05,2.193731597e-06,0.05056264497
2330.0,3.878035647e-06,4.863294406e-08,7.085832469e-06,1.910851777e-07,4.192967616e-06,1.674031749e-07,3.156891319e-05,9.837958424e-07,3.207862941e-07,8.393592037e-09,9.954284976e-07,4.014976479e-08,2.32157622e-05,1.127751289e-06,0.05056377272
2331.0,3.098033029e-06,3.751012254e-08,5.116514485e-06,1.065702909e-07,3.514804166e-06,1.179442808e-07,2.320432652e-05,9.372179479e-07,3.155610231e-07,8.163060506e-09,8.868111477e-07,3.913292502e-08,2.206797763e-05,-3.653674154e-07,0.05056340736
2332.0,2.899350495e-06,3.965150967e-08,5.007916708e-06,1.003775246e-07,3.181880823e-06,1.462575822e-07,3.132833783e-05,9.492781335e-07,3.1591045e-07,8.097119509e-09,1.020974588e-06,4.472603037e-08,2.240282087e-05,2.185301346e-06,0.05056559266
2333.0,3.863919283e-06,4.897260308e-08,7.045569246e-06,1.914326509e-07,4.187084257e-06,1.669349253e-07,3.272441349e-05,9.783706496e-07,3.189206273e-07,8.317858651e-09,9.943007993e-07,4.011268471e-08,2.308773064e-05,9.888783147e-07,0.05056658154
2334.0,3.141595033e-06,3.739633534e-08,5.145193445e-06,1.074156281e-07,3.519266643e-06,1.183393511e-07,2.302930467e-05,9.359841536e-07,3.137064868e-07,8.077751511e-09,8.863628009e-07,3.90784458e-08,2.203890063e-05,-2.667801789e-07,0.05056631476
2335.0,2.898640645e-06,4.045597274e-08,5.024955899e-06,1.004916337e-07,3.183030241e-06,1.46749759e-07,3.377719615e-05,9.546822631e-07,3.134182834e-07,8.033468868e-09,1.020513273e-06,4.469718328e-08,2.253032643e-05,2.248543735e-06,0.0505685633
2336.0,3.896549406e-06,4.908228933e-08,7.053540932e-06,1.912556314e-07,4.187679649e-06,1.670626806e-07,3.114058911e-05,9.830524812e-07,3.170194479e-07,8.272746286e-09,9.94133287e-07,4.009268678e-08,2.319827863e-05,1.026794467e-06,0.05056959009
2337.0,3.122162786e-06,3.801476565e-08,5.125271043e-06,1.082915716e-07,3.514895212e-06,1.185693653e-07,2.474400182e-05,9.499357214e-07,3.123876696e-07,8.047825987e-09,8.859730587e-07,3.906280751e-08,2.236733085e-05,-3.513378659e-07,0.05056923876
2338.0,2.927996529e-06,4.091098438e-08,5.006786009e-06,1.006122472e-07,3.183418606e-06,1.464369257e-07,3.217562414e-05,9.52088376e-07,3.123609032e-07,8.004419349e-09,1.020706979e-06,4.472741596e-08,2.246921164e-05,2.273716394e-06,0.05057151247
2339.0,3.860137832e-06,4.870581616e-08,7.045025213e-06,1.914335045e-07,4.191184618e-06,1.671129285e-07,3.33290345e-05,9.915254828e-07,3.161038299e-07,8.257126056e-09,9.940102443e-07,4.008297363e-08,2.339821857e-05,1.136879601e-06,0.05057264935
2340.0,3.145269306e-06,3.761735562e-08,5.154316995e-06,1.071492465e-07,3.519880712e-06,1.176994484e-07,2.229486923e-05,9.410281804e-07,3.117180198e-07,8.048393345e-09,8.864756551e-07,3.907495144e-08,2.215758786e-05,-4.351030905e-07,0.05057221425
2341.0,2.882832817e-06,4.059850404e-08,5.005050244e-06,9.928105294e-08,3.182968658e-06,1.463692167e-07,3.25433268e-05,9.503446889e-07,3.112295307e-07,8.013520918e-09,1.020988712e-06,4.473420274e-08,2.242804585e-05,2.187773367e-06,0.05057440202
2342.0,3.88875907e-06,4.877826076e-08,7.078314993e-06,1.921716265e-07,4.191125561e-06,1.672018999e-07,3.156352102e-05,9.84933553e-07,3.152244535e-07,8.265713119e-09,9.94515659e-07,4.00835984e-08,2.324255913e-05,1.118018114e-06,0.05057552004
2343.0,3.11153435e-06,3.73050477e-08,5.116709967e-06,1.076052485e-07,3.512905971e-06,1.178833449e-07,2.402056483e-05,9.354268844e-07,3.118394999e-07,8.090795425e-09,8.870227464e-07,3.912468868e-08,2.202573903e-05,-3.60098361e-07,0.05057515994
2344.0,2.921281347e-06,4.10214408e-08,5.015997055e-06,9.99236965e-08,3.179556883e-06,1.463298668e-07,3.147658599e-05,9.505819254e-07,3.110238734e-07,8.020828051e-09,1.021251217e-06,4.475874386e-08,2.243365534e-05,2.193053868e-06,0.050577353
2345.0,3.868049918e-06,4.908160015e-08,7.066683179e-06,1.924455308e-07,4.188456328e-06,1.672090201e-07,3.256142166e-05,9.787936072e-07,3.147446208e-07,8.262143804e-09,9.943677875e-07,4.008369327e-08,2.309765957e-05,9.848221288e-07,0.05057833782
2346.0,3.137417881e-06,3.712834215e-08,5.126383652e-06,1.076499066e-07,3.516246307e-06,1.179695855e-07,2.298478083e-05,9.3576587e-07,3.118714133e-07,8.113330759e-09,8.877800074e-07,3.916136063e-08,2.203377831e-05,-2.778994736e-07,0.05057805992
2347.0,2.912375058e-06,4.172048987e-08,5.001913851e-06,1.001799994e-07,3.183855818e-06,1.464829245e-07,3.495546678e-05,9.552480288e-07,3.101888186e-07,8.028539224e-09,1.021107554e-06,4.474533903e-08,2.254372392e-05,2.231308156e-06,0.05058029123
2348.0,3.913977347e-06,4.914146314e-08,7.077639419e-06,1.924703063e-07,4.197332032e-06,1.678152277e-07,3.238941903e-05,9.845468581e-07,3.137849198e-07,8.255896144e-09,9.944700814e-07,4.006049924e-08,2.323346292e-05,1.032443059e-06,0.05058132367
2349.0,3.11275109e-06,3.745593886e-08,5.103402953e-06,1.07749519e-07,3.516601652e-06,1.180214175e-07,2.412714902e-05,9.463040994e-07,3.118474344e-07,8.119709147e-09,8.877296447e-07,3.918610873e-08,2.228184266e-05,-3.307939127e-07,0.05058099288
2350.0,2.937648102e-06,4.208202215e-08,5.028677861e-06,9.942894553e-08,3.182725439e-06,1.454339114e-07,3.273059795e-05,9.533825942e-07,3.101151387e-07,8.017557822e-09,1.020628605e-06,4.472950001e-08,2.249973034e-05,2.281808958e-06,0.05058327468
2351.0,3.861378783e-06,4.867756914e-08,7.090052959e-06,1.920760352e-07,4.194992912e-06,1.674016426e-07,3.303542696e-05,9.907573975e-07,3.133456566e-07,8.215231901e-09,9.935880549e-07,4.003497737e-08,2.338002428e-05,1.137876529e-06,0.05058441256
2352.0,3.141592784e-06,3.738384019e-08,5.129416827e-06,1.083549165e-07,3.518541939e-06,1.180308375e-07,2.196931531e-05,9.399848543e-07,3.113444277e-07,8.077300478e-09,8.875575866e-07,3.916692781e-08,2.213302005e-05,-4.380366791e-07,0.05058397452
2353.0,2.911556694e-06,4.177424487e-08,5.032058605e-06,1.004839444e-07,3.178201647e-06,1.456100678e-07,3.348192488e-05,9.503130721e-07,3.091383614e-07,7.991780075e-09,1.019654078e-06,4.468871157e-08,2.242723649e-05,2.195904481e-06,0.05058617043
2354.0,3.891479374e-06,4.864808299e-08,7.090004008e-06,1.921894553e-07,4.194549921e-06,1.675274381e-07,3.146206834e-05,9.858305198e-07,3.124060339e-07,8.169949015e-09,9.932507021e-07,3.997834465e-08,2.326378141e-05,1.134878893e-06,0.05058730531
2355.0,3.114057334e-06,3.723001749e-08,5.144530443e-06,1.088072329e-07,3.518259681e-06,1.186545725e-07,2.497053501e-05,9.346702943e-07,3.105429367e-07,8.012744725e-09,8.866101691e-07,3.915819582e-08,2.20078364e-05,-3.575756141e-07,0.05058694773
2356.0,2.943699606e-06,4.193751205e-08,5.044007223e-06,1.01199689e-07,3.177791286e-06,1.452307367e-07,3.234398324e-05,9.501763794e-07,3.088472856e-07,7.96315828e-09,1.018832893e-06,4.464983654e-08,2.242409603e-05,2.186992775e-06,0.05058913472
2357.0,3.873117897e-06,4.908639668e-08,7.079203155e-06,1.934845331e-07,4.195466675e-06,1.679738012e-07,3.393343874e-05,9.785188999e-07,3.118009869e-07,8.09633663e-09,9.921748256e-07,3.996493845e-08,2.309115771e-05,9.815247584e-07,0.05059011625
2358.0,3.140456282e-06,3.700430786e-08,5.160561115e-06,1.089581888e-07,3.524056972e-06,1.190848381e-07,2.298922918e-05,9.357459264e-07,3.092972733e-07,7.927759789e-09,8.859102619e-07,3.910561971e-08,2.203324375e-05,-2.661115815e-07,0.05058985014
2359.0,2.910523025e-06,4.208816927e-08,5.033167827e-06,1.007794474e-07,3.174658808e-06,1.443230907e-07,3.334523064e-05,9.546792005e-07,3.077902195e-07,7.947691171e-09,1.017626247e-06,4.460742254e-08,2.253035377e-05,2.250529175e-06,0.05059210067
2360.0,3.888799282e-06,4.859736364e-08,7.098502228e-06,1.921791515e-07,4.196208802e-06,1.674649639e-07,3.134997807e-05,9.828110827e-07,3.110883497e-07,8.074866358e-09,9.920964143e-07,3.993468475e-08,2.319244325e-05,1.039951223e-06,0.05059314062
2361.0,3.11564507e-06,3.728248842e-08,5.163267426e-06,1.090862935e-07,3.523118468e-06,1.191958721e-07,2.461418132e-05,9.458094725e-07,3.083674504e-07,7.873067962e-09,8.851167135e-07,3.910573025e-08,2.227021366e-05,-3.374965721e-07,0.05059280312
2362.0,2.960647951e-06,4.244290049e-08,5.069544725e-06,1.01087703e-07,3.179575453e-06,1.44555169e-07,3.319514241e-05,9.5136529e-07,3.080967013e-07,7.961129315e-09,1.017504381e-06,4.46039908e-08,2.245206744e-05,2.273189916e-06,0.05059507631
2363.0,3.866925368e-06,4.830102658e-08,7.084330402e-06,1.924230973e-07,4.196624843e-06,1.679374819e-07,3.308633277e-05,9.897877183e-07,3.115838674e-07,8.079951121e-09,9.919966676e-07,3.998476645e-08,2.335712352e-05,1.152167527e-06,0.05059622848
2364.0,3.138993263e-06,3.73610075e-08,5.157857132e-06,1.092619009e-07,3.522985166e-06,1.19224872e-07,2.202406516e-05,9.399835375e-07,3.079292941e-07,7.831337954e-09,8.852517032e-07,3.909702372e-08,2.213303373e-05,-4.23129943e-07,0.05059580535
2365.0,2.911425682e-06,4.186646823e-08,5.043692912e-06,1.018616029e-07,3.169533143e-06,1.442932919e-07,3.340921539e-05,9.486285071e-07,3.085451627e-07,7.993794732e-09,1.017582716e-06,4.463028497e-08,2.238744022e-05,2.204069568e-06,0.05059800942
2366.0,3.890735307e-06,4.831772481e-08,7.073421434e-06,1.915420463e-07,4.199022005e-06,1.68167043e-07,3.163778843e-05,9.844981028e-07,3.124810602e-07,8.136576604e-09,9.932129936e-07,4.002228273e-08,2.323231452e-05,1.14739084e-06,0.05059915681
2367.0,3.104769853e-06,3.729364941e-08,5.117732765e-06,1.087545047e-07,3.520698178e-06,1.195257162e-07,2.422509459e-05,9.357417788e-07,3.083190465e-07,7.83644321e-09,8.856934548e-07,3.915229263e-08,2.20331281e-05,-3.87096184e-07,0.05059876971
2368.0,2.934807846e-06,4.153178365e-08,5.064463716e-06,1.017081302e-07,3.173891821e-06,1.444291287e-07,3.177783969e-05,9.48577589e-07,3.104876313e-07,8.069727958e-09,1.018655992e-06,4.467839621e-08,2.238629202e-05,2.201517071e-06,0.05060097123
2369.0,3.858919529e-06,4.869953345e-08,7.050343451e-06,1.913898573e-07,4.196174044e-06,1.682026792e-07,3.253065711e-05,9.777036867e-07,3.146830163e-07,8.222573184e-09,9.943628474e-07,4.012099504e-08,2.307191212e-05,1.005632808e-06,0.05060197686
2370.0,3.140392758e-06,3.741419907e-08,5.15434235e-06,1.078388238e-07,3.526280217e-06,1.198089954e-07,2.277857365e-05,9.364816641e-07,3.091453938e-07,7.88747659e-09,8.87217842e-07,3.919754463e-08,2.205058033e-05,-2.66089764e-07,0.05060171077
2371.0,2.905305612e-06,4.147624171e-08,5.031271389e-06,1.008398128e-07,3.166114441e-06,1.435659865e-07,3.243830449e-05,9.530791466e-07,3.124206805e-07,8.173665811e-09,1.0200507e-06,4.474950441e-08,2.249254041e-05,2.260088096e-06,0.05060397086
2372.0,3.895200948e-06,4.886382386e-08,7.069126461e-06,1.915514013e-07,4.197722982e-06,1.681845003e-07,3.189609078e-05,9.830023252e-07,3.171536719e-07,8.356837699e-09,9.965781154e-07,4.019444652e-08,2.319700242e-05,1.050069553e-06,0.05060502093
2373.0,3.132251997e-06,3.798545534e-08,5.133438052e-06,1.079265247e-07,3.522778198e-06,1.196165233e-07,2.395757492e-05,9.45835286e-07,3.110601859e-07,7.996162246e-09,8.888395639e-07,3.929381748e-08,2.227072441e-05,-3.340702669e-07,0.05060468686
2374.0,2.939174533e-06,4.143823814e-08,5.038295048e-06,1.009291905e-07,3.171051924e-06,1.437607488e-07,3.184975896e-05,9.501699299e-07,3.159585796e-07,8.305614503e-09,1.022085781e-06,4.483189707e-08,2.242389973e-05,2.288093314e-06,0.05060697495
2375.0,3.865685924e-06,4.868783402e-08,7.069540049e-06,1.912195863e-07,4.197641782e-06,1.682869285e-07,3.312413136e-05,9.886855214e-07,3.205544393e-07,8.491820899e-09,9.982327587e-07,4.03043475e-08,2.333109316e-05,1.150352567e-06,0.05060812531
2376.0,3.159311159e-06,3.842681985e-08,5.115868411e-06,1.077248594e-07,3.520600191e-06,1.196362163e-07,2.218989684e-05,9.410181668e-07,3.133173135e-07,8.109690568e-09,8.908587299e-07,3.936204364e-08,2.215742735e-05,-4.381007129e-07,0.05060768721
2377.0,2.899692072e-06,4.088856277e-08,5.02295993e-06,1.015255822e-07,3.171181309e-06,1.447364369e-07,3.351347239e-05,9.468557049e-07,3.186883355e-07,8.426824949e-09,1.023681515e-06,4.490236283e-08,2.234558777e-05,2.189200505e-06,0.05060987641
2378.0,3.898962389e-06,4.89201119e-08,7.080394096e-06,1.913164501e-07,4.199789089e-06,1.687361073e-07,3.196913874e-05,9.824589697e-07,3.230437955e-07,8.61137319e-09,1.000220861e-06,4.036171971e-08,2.318420863e-05,1.136370758e-06,0.05061101278
2379.0,3.126992656e-06,3.82160201e-08,5.120718247e-06,1.071306853e-07,3.526228116e-06,1.2013709e-07,2.430203327e-05,9.357797753e-07,3.153769789e-07,8.210387294e-09,8.921456702e-07,3.94326576e-08,2.203409288e-05,-3.632648247e-07,0.05061064951
2380.0,2.936703548e-06,4.05596106e-08,5.046396493e-06,1.010660185e-07,3.184251983e-06,1.45021233e-07,3.313895848e-05,9.467014753e-07,3.213391281e-07,8.502619855e-09,1.024924287e-06,4.494785409e-08,2.234201219e-05,2.192841917e-06,0.05061284235
2381.0,3.885318532e-06,4.942577202e-08,7.098164849e-06,1.914468863e-07,4.20454033e-06,1.689314994e-07,3.332356971e-05,9.762344385e-07,3.250902294e-07,8.674164984e-09,1.001011146e-06,4.041933202e-08,2.303733199e-05,9.817360213e-07,0.05061382409
2382.0,3.159040431e-06,3.823836492e-08,5.139309103e-06,1.073187741e-07,3.529327804e-06,1.20232686e-07,2.284441176e-05,9.36912666e-07,3.166498223e-07,8.262849034e-09,8.929427078e-07,3.944023915e-08,2.206070141e-05,-2.651884326e-07,0.0506135589
2383.0,2.904899295e-06,4.068598435e-08,5.021829971e-06,1.01835683e-07,3.173446454e-06,1.443961046e-07,3.393719384e-05,9.524159584e-07,3.220531151e-07,8.52917272e-09,1.025187194e-06,4.494694389e-08,2.247690029e-05,2.26924751e-06,0.05061582815
2384.0,3.905085332e-06,4.949981221e-08,7.081885029e-06,1.916793221e-07,4.20019408e-06,1.683694354e-07,3.186210217e-05,9.810331935e-07,3.257909467e-07,8.700754689e-09,1.001365104e-06,4.040820897e-08,2.315058524e-05,1.042140056e-06,0.05061687029
2385.0,3.129427482e-06,3.880083014e-08,5.101010635e-06,1.074467258e-07,3.520543281e-06,1.19602138e-07,2.364720909e-05,9.477471357e-07,3.175149339e-07,8.290208117e-09,8.925065258e-07,3.942363508e-08,2.231580962e-05,-3.235881165e-07,0.0506165467
2386.0,2.924738623e-06,4.044615838e-08,5.040051768e-06,1.015592915e-07,3.178597727e-06,1.445652967e-07,3.187929981e-05,9.492824746e-07,3.227754727e-07,8.501234344e-09,1.024963247e-06,4.492784061e-08,2.240297742e-05,2.283244364e-06,0.05061882995
2387.0,3.865491381e-06,4.922574812e-08,7.081584868e-06,1.922237356e-07,4.197852863e-06,1.683325768e-07,3.346777799e-05,9.867128047e-07,3.260902113e-07,8.662032741e-09,1.000431602e-06,4.036949759e-08,2.328461461e-05,1.126803019e-06,0.05061995675
2388.0,3.166429217e-06,3.895966698e-08,5.121233836e-06,1.079842257e-07,3.524446353e-06,1.197447113e-07,2.305981581e-05,9.419184979e-07,3.177128003e-07,8.259242935e-09,8.916319198e-07,3.935858092e-08,2.217862916e-05,-4.139247267e-07,0.05061954282
2389.0,2.90033651e-06,3.995239834e-08,5.045856987e-06,1.016137627e-07,3.183265719e-06,1.458202831e-07,3.374688887e-05,9.468152803e-07,3.219004318e-07,8.431650272e-09,1.023934967e-06,4.48475974e-08,2.234467766e-05,2.195181744e-06,0.05062173801
2390.0,3.903900387e-06,4.933876597e-08,7.118675604e-06,1.921777513e-07,4.201645973e-06,1.685835135e-07,3.226915709e-05,9.820719102e-07,3.251749619e-07,8.588955392e-09,9.992657059e-07,4.028513105e-08,2.317511919e-05,1.141791377e-06,0.0506228798
2391.0,3.122999711e-06,3.867897387e-08,5.139737701e-06,1.080122635e-07,3.519752247e-06,1.196465361e-07,2.414076166e-05,9.380339951e-07,3.175230826e-07,8.219288392e-09,8.900749259e-07,3.926868882e-08,2.208711811e-05,-3.529398738e-07,0.05062252686
2392.0,2.919791147e-06,3.970385141e-08,5.043102123e-06,1.019088285e-07,3.182989648e-06,1.458680734e-07,3.182138849e-05,9.47243604e-07,3.211328117e-07,8.32211878e-09,1.022427244e-06,4.476844691e-08,2.235485523e-05,2.184845338e-06,0.0506247117
2393.0,3.877858841e-06,4.964832862e-08,7.071416276e-06,1.924491494e-07,4.196211976e-06,1.684650173e-07,3.373531928e-05,9.776784587e-07,3.240270985e-07,8.497058629e-09,9.972542137e-07,4.018178704e-08,2.307139844e-05,1.000735426e-06,0.05062571244
2394.0,3.153282954e-06,3.836744767e-08,5.175045828e-06,1.085798091e-07,3.525892673e-06,1.195171284e-07,2.304331387e-05,9.374879243e-07,3.168970432e-07,8.167369608e-09,8.885753914e-07,3.917188212e-08,2.207428541e-05,-2.64169081e-07,0.05062544827
2395.0,2.8885189e-06,3.979527698e-08,5.055949687e-06,1.01957399e-07,3.182686131e-06,1.459126747e-07,3.266996979e-05,9.529814587e-07,3.190732018e-07,8.219888179e-09,1.020764681e-06,4.464895589e-08,2.249025043e-05,2.258976986e-06,0.05062770725
2396.0,3.89762995e-06,4.966152905e-08,7.076375836e-06,1.915668607e-07,4.190906264e-06,1.677154848e-07,3.119459881e-05,9.820239766e-07,3.220529957e-07,8.416737729e-09,9.955390752e-07,4.009679659e-08,2.317395141e-05,1.038358374e-06,0.0506287456
2397.0,3.133530806e-06,3.899742074e-08,5.153549919e-06,1.095469981e-07,3.515748836e-06,1.189926387e-07,2.463475302e-05,9.491596715e-07,3.163684209e-07,8.149681235e-09,8.874102306e-07,3.910274208e-08,2.234906415e-05,-3.512276153e-07,0.05062839438
2398.0,2.920760257e-06,4.00373376e-08,5.05260212e-06,1.027654585e-07,3.18500316e-06,1.464677449e-07,3.19935853e-05,9.502061196e-07,3.177650849e-07,8.124310941e-09,1.019827727e-06,4.461992062e-08,2.242479206e-05,2.282687852e-06,0.05063067706
2399.0,3.874758371e-06,4.951923068e-08,7.087442513e-06,1.922947925e-07,4.192723411e-06,1.682276908e-07,3.366933729e-05,9.898980447e-07,3.207800667e-07,8.350098241e-09,9.94262e-07,4.002838636e-08,2.335974807e-05,1.140278241e-06,0.05063181734
2400.0,3.160130359e-06,3.869789851e-08,5.163704193e-06,1.08823204e-07,3.519611507e-06,1.184552408e-07,2.223317011e-05,9.426388273e-07,3.161137691e-07,8.121764744e-09,8.870755856e-07,3.909991148e-08,2.219558093e-05,-4.322172316e-07,0.05063138513
2401.0,2.878763409e-06,3.955807121e-08,5.037117262e-06,1.021815739e-07,3.186909256e-06,1.471011778e-07,3.292181692e-05,9.484389546e-07,3.160608471e-07,8.053517591e-09,1.019482995e-06,4.458061716e-08,2.238305656e-05,2.186769985e-06,0.0506335719
2402.0,3.89850519e-06,4.927748019e-08,7.094058102e-06,1.927390173e-07,4.192946602e-06,1.678972358e-07,3.199505381e-05,9.834583175e-07,3.195491105e-07,8.311492265e-09,9.940679394e-07,4.003049715e-08,2.320780611e-05,1.115984289e-06,0.05063468788
2403.0,3.116766324e-06,3.815337072e-08,5.142418237e-06,1.091000065e-07,3.513526034e-06,1.182110572e-07,2.374298606e-05,9.367463436e-07,3.164806424e-07,8.139153156e-09,8.876948468e-07,3.91226726e-08,2.205683272e-05,-3.540759349e-07,0.0506343338
2404.0,2.906511402e-06,3.973816573e-08,5.058799383e-06,1.021120598e-07,3.187543666e-06,1.472901967e-07,3.138943236e-05,9.493398083e-07,3.159586031e-07,8.028017999e-09,1.020138961e-06,4.464588501e-08,2.24042871e-05,2.190985128e-06,0.05063652479
2405.0,3.873345906e-06,4.968367286e-08,7.084283319e-06,1.923623063e-07,4.191870513e-06,1.679200917e-07,3.231922444e-05,9.781565026e-07,3.196858488e-07,8.314330049e-09,9.947129543e-07,4.006551328e-08,2.308265479e-05,9.847529426e-07,0.05063750954
2406.0,3.151261021e-06,3.801862308e-08,5.163517114e-06,1.090112566e-07,3.518968557e-06,1.185088683e-07,2.306167539e-05,9.365237389e-07,3.176438199e-07,8.194601771e-09,8.891282914e-07,3.920881639e-08,2.20516164e-05,-2.711938788e-07,0.05063723835
2407.0,2.899577112e-06,4.024275204e-08,5.039643487e-06,1.020340001e-07,3.189814859e-06,1.47654655e-07,3.372240674e-05,9.5485593e-07,3.165408509e-07,8.084133531e-09,1.021854328e-06,4.471053148e-08,2.253449499e-05,2.233874703e-06,0.05063947222
2408.0,3.920357126e-06,4.971104658e-08,7.099003682e-06,1.920874888e-07,4.197707292e-06,1.683225229e-07,3.183047522e-05,9.843022728e-07,3.208542976e-07,8.389961159e-09,9.966084807e-07,4.016939115e-08,2.322769653e-05,1.033845445e-06,0.05064050607
2409.0,3.134953322e-06,3.841513013e-08,5.158623597e-06,1.086591263e-07,3.518539314e-06,1.184518123e-07,2.395243445e-05,9.474292415e-07,3.204413252e-07,8.32749398e-09,8.913096359e-07,3.930019228e-08,2.230833019e-05,-3.392423627e-07,0.05064016683
2410.0,2.924953868e-06,4.075135343e-08,5.05408732e-06,1.012738154e-07,3.190694685e-06,1.472556496e-07,3.167088435e-05,9.526473357e-07,3.189525276e-07,8.196589444e-09,1.024194289e-06,4.485672065e-08,2.248237939e-05,2.276900626e-06,0.05064244373
2411.0,3.881533969e-06,4.960647863e-08,7.097291459e-06,1.923199509e-07,4.19656719e-06,1.684686095e-07,3.377617784e-05,9.908852642e-07,3.237528113e-07,8.509749159e-09,9.988221645e-07,4.026693207e-08,2.338302938e-05,1.124607111e-06,0.05064356833
2412.0,3.171139351e-06,3.835562777e-08,5.169621998e-06,1.092931159e-07,3.523999372e-06,1.188671979e-07,2.285852568e-05,9.410476196e-07,3.238911035e-07,8.478763002e-09,8.939969492e-07,3.944613933e-08,2.215810872e-05,-4.39352212e-07,0.05064312898
2413.0,2.906854491e-06,4.089736839e-08,5.016815765e-06,1.009891678e-07,3.189886607e-06,1.4786062e-07,3.363328448e-05,9.505078203e-07,3.213894582e-07,8.346273728e-09,1.026628048e-06,4.495707946e-08,2.243185596e-05,2.193961525e-06,0.05064532294
2414.0,3.911655435e-06,4.94999882e-08,7.115133431e-06,1.922516259e-07,4.200851972e-06,1.687286247e-07,3.195558048e-05,9.856789181e-07,3.266215013e-07,8.655311889e-09,1.001230868e-06,4.037610441e-08,2.326019589e-05,1.122431963e-06,0.05064644537
2415.0,3.123948555e-06,3.780937134e-08,5.173703979e-06,1.087784098e-07,3.522005603e-06,1.187739911e-07,2.384721e-05,9.3579333e-07,3.274378344e-07,8.641053572e-09,8.963522808e-07,3.95610903e-08,2.203436155e-05,-3.612889778e-07,0.05064608409
2416.0,2.929341068e-06,4.119790931e-08,5.041599909e-06,1.010742124e-07,3.186902717e-06,1.472894942e-07,3.167052711e-05,9.511447433e-07,3.244642439e-07,8.472031646e-09,1.02859362e-06,4.508677544e-08,2.244689804e-05,2.188667215e-06,0.05064827275
2417.0,3.895487733e-06,4.997409575e-08,7.100521159e-06,1.936896371e-07,4.199910581e-06,1.692540906e-07,3.423609084e-05,9.800048284e-07,3.295780642e-07,8.761366854e-09,1.002810071e-06,4.045320004e-08,2.312622803e-05,9.75811797e-07,0.05064924857
2418.0,3.162530386e-06,3.765728817e-08,5.184108562e-06,1.098000657e-07,3.527735425e-06,1.198021159e-07,2.310821043e-05,9.351949701e-07,3.300710668e-07,8.743727471e-09,8.982514417e-07,3.966671862e-08,2.202028993e-05,-2.656200648e-07,0.05064898294
2419.0,2.910109887e-06,4.177645856e-08,5.021533196e-06,1.009680832e-07,3.182757863e-06,1.470267636e-07,3.298205856e-05,9.563739197e-07,3.263437475e-07,8.560023206e-09,1.029926081e-06,4.512599045e-08,2.257029721e-05,2.24653318e-06,0.05065122948
2420.0,3.906061702e-06,4.95707186e-08,7.095224295e-06,1.925803269e-07,4.198493609e-06,1.686393289e-07,3.12015973e-05,9.844196759e-07,3.311437813e-07,8.831146877e-09,1.003876587e-06,4.050100269e-08,2.323045536e-05,1.031857072e-06,0.05065226134
2421.0,3.123429712e-06,3.792238546e-08,5.161578576e-06,1.095977872e-07,3.522689126e-06,1.196537073e-07,2.387344427e-05,9.471932461e-07,3.317390609e-07,8.797437083e-09,8.989724919e-07,3.972344359e-08,2.230278022e-05,-3.431183615e-07,0.05065191822
2422.0,2.94696627e-06,4.226524176e-08,5.043561889e-06,1.010514533e-07,3.185426113e-06,1.466781187e-07,3.214234456e-05,9.531926402e-07,3.279498399e-07,8.599108865e-09,1.030418108e-06,4.517539979e-08,2.24951891e-05,2.266696081e-06,0.05065418491
2423.0,3.8730421e-06,4.929086695e-08,7.072797499e-06,1.926894167e-07,4.196188099e-06,1.685461653e-07,3.294568853e-05,9.918074237e-07,3.324458329e-07,8.846200128e-09,1.003980545e-06,4.051796659e-08,2.340479356e-05,1.143970061e-06,0.05065532888
2424.0,3.154716279e-06,3.784307831e-08,5.195018194e-06,1.103721062e-07,3.527925423e-06,1.198591974e-07,2.265068021e-05,9.391961897e-07,3.321379683e-07,8.778352831e-09,8.990689148e-07,3.973695071e-08,2.211447103e-05,-4.358494504e-07,0.05065489303
2425.0,2.922351538e-06,4.217829367e-08,5.064281404e-06,1.017736092e-07,3.187022917e-06,1.469453969e-07,3.385269357e-05,9.50080771e-07,3.280308652e-07,8.593904778e-09,1.030050923e-06,4.514336859e-08,2.242170471e-05,2.185815093e-06,0.05065707885
2426.0,3.911667935e-06,4.930817497e-08,7.100505734e-06,1.926138449e-07,4.203467728e-06,1.689859333e-07,3.19366717e-05,9.849622804e-07,3.324131988e-07,8.83034098e-09,1.003788147e-06,4.049554454e-08,2.324329597e-05,1.122384577e-06,0.05065820123
2427.0,3.11877979e-06,3.739401487e-08,5.165953858e-06,1.107020258e-07,3.5262826e-06,1.202890019e-07,2.402597046e-05,9.3623726e-07,3.317030338e-07,8.709742505e-09,8.982047678e-07,3.970566369e-08,2.204479918e-05,-3.861789077e-07,0.05065781505
2428.0,2.949287306e-06,4.228380485e-08,5.076916377e-06,1.026836819e-07,3.18276054e-06,1.464344351e-07,3.291667296e-05,9.511237084e-07,3.280075059e-07,8.558997108e-09,1.028936838e-06,4.509370202e-08,2.24463985e-05,2.196793538e-06,0.05066001185
2429.0,3.886040462e-06,4.938940599e-08,7.107265848e-06,1.93034833e-07,4.205437066e-06,1.691663954e-07,3.318751552e-05,9.791112667e-07,3.320729997e-07,8.758706584e-09,1.002566159e-06,4.045003583e-08,2.310509549e-05,9.897542223e-07,0.0506610016
2430.0,3.147494262e-06,3.727371402e-08,5.206989637e-06,1.10572251e-07,3.533425699e-06,1.206638586e-07,2.271014931e-05,9.342746683e-07,3.30335232e-07,8.607659984e-09,8.969596308e-07,3.962608588e-08,2.199857029e-05,-2.663576435e-07,0.05066073524
2431.0,2.912978905e-06,4.224812672e-08,5.067342735e-06,1.02321661e-07,3.175511896e-06,1.451854751e-07,3.288476992e-05,9.552826543e-07,3.270006917e-07,8.517476253e-09,1.02742225e-06,4.500602264e-08,2.254454913e-05,2.251111169e-06,0.05066298636
2432.0,3.912171191e-06,4.918599368e-08,7.107613301e-06,1.932883038e-07,4.205310857e-06,1.690530266e-07,3.202619674e-05,9.830946423e-07,3.309154817e-07,8.705792276e-09,1.001599996e-06,4.037332099e-08,2.319914049e-05,1.025007237e-06,0.05066401136
2433.0,3.122017779e-06,3.746005144e-08,5.16393887e-06,1.108637785e-07,3.52761472e-06,1.204836441e-07,2.377586749e-05,9.449436158e-07,3.288004635e-07,8.505198887e-09,8.954046102e-07,3.955951396e-08,2.22497708e-05,-3.202314813e-07,0.05066369113
2434.0,2.958593586e-06,4.272940875e-08,5.095707743e-06,1.027814013e-07,3.179029887e-06,1.450071032e-07,3.248001082e-05,9.523923379e-07,3.265289599e-07,8.487485711e-09,1.026276325e-06,4.494450343e-08,2.247631867e-05,2.284421937e-06,0.05066597555
2435.0,3.880554044e-06,4.886271984e-08,7.118895089e-06,1.929988218e-07,4.205862538e-06,1.694381319e-07,3.355824533e-05,9.903356859e-07,3.304381368e-07,8.650454509e-09,1.000586466e-06,4.034034366e-08,2.336997418e-05,1.150942063e-06,0.0506671265
2436.0,3.151624269e-06,3.770085355e-08,5.180760616e-06,1.113153366e-07,3.528594191e-06,1.210358174e-07,2.232594817e-05,9.395772185e-07,3.269511209e-07,8.415232712e-09,8.94586028e-07,3.949844471e-08,2.212348964e-05,-4.281652293e-07,0.05066669833
2437.0,2.933677952e-06,4.243510316e-08,5.114006668e-06,1.037913369e-07,3.176679098e-06,1.456211823e-07,3.438560187e-05,9.483910867e-07,3.256444823e-07,8.465102471e-09,1.025625051e-06,4.49075858e-08,2.238182524e-05,2.179128076e-06,0.05066887746
2438.0,3.907945729e-06,4.872600098e-08,7.103239342e-06,1.92808079e-07,4.206635421e-06,1.696496133e-07,3.228102361e-05,9.845567873e-07,3.296606489e-07,8.635138721e-09,1.000838757e-06,4.032285869e-08,2.323373428e-05,1.144060245e-06,0.05067002152
2439.0,3.118421152e-06,3.751160643e-08,5.165314685e-06,1.106439106e-07,3.530340412e-06,1.21537753e-07,2.440492927e-05,9.351904836e-07,3.257295904e-07,8.359134972e-09,8.941395668e-07,3.949821694e-08,2.202013613e-05,-3.614840602e-07,0.05066966003
2440.0,2.949913948e-06,4.200234706e-08,5.096843529e-06,1.029260566e-07,3.17741696e-06,1.447809151e-07,3.189891616e-05,9.486923375e-07,3.258691681e-07,8.468853912e-09,1.025774667e-06,4.490655274e-08,2.238895972e-05,2.195324872e-06,0.05067185536
2441.0,3.870861449e-06,4.897735808e-08,7.083980848e-06,1.92213883e-07,4.206903108e-06,1.696050895e-07,3.267789087e-05,9.780316909e-07,3.300646524e-07,8.642526679e-09,1.001292022e-06,4.038022135e-08,2.307970889e-05,1.002350609e-06,0.05067285771
2442.0,3.145310508e-06,3.761512657e-08,5.18022762e-06,1.099897368e-07,3.533020051e-06,1.214870581e-07,2.282331825e-05,9.357774326e-07,3.250951674e-07,8.344181341e-09,8.949346576e-07,3.951319222e-08,2.203395051e-05,-2.754029074e-07,0.05067258231
2443.0,2.918562719e-06,4.200845959e-08,5.077422495e-06,1.028968564e-07,3.170314364e-06,1.440446726e-07,3.292022544e-05,9.529444656e-07,3.265242471e-07,8.516687383e-09,1.026707718e-06,4.496044357e-08,2.248935961e-05,2.264255826e-06,0.05067484656
2444.0,3.90255414e-06,4.917900958e-08,7.091223765e-06,1.915428772e-07,4.202731474e-06,1.693180012e-07,3.137734403e-05,9.821286056e-07,3.313408457e-07,8.73219369e-09,1.003055746e-06,4.044827053e-08,2.317633924e-05,1.054848172e-06,0.05067590141
2445.0,3.139750135e-06,3.836432499e-08,5.164565138e-06,1.100971393e-07,3.530507381e-06,1.215129418e-07,2.443269608e-05,9.455393575e-07,3.262794774e-07,8.407817272e-09,8.964298973e-07,3.961017485e-08,2.226378632e-05,-3.363028513e-07,0.05067556511
2446.0,2.969268755e-06,4.21285856e-08,5.086144148e-06,1.023738771e-07,3.182395742e-06,1.44835185e-07,3.361236803e-05,9.491425728e-07,3.291127355e-07,8.638385472e-09,1.028939054e-06,4.506381849e-08,2.239969182e-05,2.27441394e-06,0.05067783952
2447.0,3.885948901e-06,4.908328264e-08,7.0870325e-06,1.919737306e-07,4.209730567e-06,1.702378106e-07,3.334415862e-05,9.873539886e-07,3.343645013e-07,8.877085759e-09,1.004930066e-06,4.05825945e-08,2.329967745e-05,1.137296303e-06,0.05067897682
2448.0,3.17186379e-06,3.860578988e-08,5.155324116e-06,1.094735357e-07,3.533324285e-06,1.216906841e-07,2.220481526e-05,9.413552601e-07,3.281340141e-07,8.522037177e-09,8.986961844e-07,3.969757644e-08,2.216529355e-05,-4.186580325e-07,0.05067855816
2449.0,2.91866065e-06,4.143322168e-08,5.053916403e-06,1.022962606e-07,3.177088078e-06,1.45165003e-07,3.417717446e-05,9.46964541e-07,3.321239578e-07,8.801398108e-09,1.031036174e-06,4.517724147e-08,2.23482014e-05,2.2014393e-06,0.0506807596
2450.0,3.913035104e-06,4.919359273e-08,7.103325519e-06,1.911696556e-07,4.213277092e-06,1.703324585e-07,3.219173838e-05,9.821753003e-07,3.371404608e-07,9.043577278e-09,1.007355613e-06,4.067796675e-08,2.317748814e-05,1.144206711e-06,0.05068190381
2451.0,3.131429756e-06,3.84516263e-08,5.135679343e-06,1.083041634e-07,3.531615915e-06,1.214064352e-07,2.359113668e-05,9.360087239e-07,3.307475441e-07,8.674003908e-09,9.005818683e-07,3.981263114e-08,2.203945609e-05,-3.626390886e-07,0.05068154117
2452.0,2.934198439e-06,4.078995996e-08,5.081707798e-06,1.020443315e-07,3.182743147e-06,1.451523604e-07,3.156397853e-05,9.469027471e-07,3.356215491e-07,8.944418398e-09,1.033117551e-06,4.527634667e-08,2.234672951e-05,2.190487539e-06,0.05068373165
2453.0,3.886421428e-06,4.972422076e-08,7.072646117e-06,1.913048662e-07,4.20695557e-06,1.699008226e-07,3.291227351e-05,9.756199541e-07,3.398810601e-07,9.162932656e-09,1.008760594e-06,4.07852493e-08,2.302279005e-05,1.000708589e-06,0.05068473236
2454.0,3.16348613e-06,3.863530407e-08,5.157642431e-06,1.084680818e-07,3.533859699e-06,1.214621768e-07,2.248763796e-05,9.37032572e-07,3.329096553e-07,8.798013997e-09,9.022241105e-07,3.987721267e-08,2.206354326e-05,-2.572801159e-07,0.05068447508
2455.0,2.915031023e-06,4.089583768e-08,5.051864548e-06,1.018645383e-07,3.177995037e-06,1.452211314e-07,3.34402786e-05,9.518929311e-07,3.376623659e-07,9.033528609e-09,1.034483023e-06,4.534193721e-08,2.246451145e-05,2.261033056e-06,0.05068673612
2456.0,3.915150133e-06,5.000937995e-08,7.085893764e-06,1.91524529e-07,4.205080433e-06,1.699815515e-07,3.193463785e-05,9.816647291e-07,3.415848191e-07,9.239767766e-09,1.010033099e-06,4.08303202e-08,2.316550098e-05,1.044507559e-06,0.05068778062
2457.0,3.150971278e-06,3.952917197e-08,5.16073182e-06,1.092237984e-07,3.530754539e-06,1.218504627e-07,2.48277486e-05,9.482776892e-07,3.347871012e-07,8.883603106e-09,9.026704099e-07,3.992755501e-08,2.232824068e-05,-3.455069812e-07,0.05068743512
2458.0,2.946914447e-06,4.09770338e-08,5.069222856e-06,1.032042086e-07,3.185275572e-06,1.460084248e-07,3.232301534e-05,9.495940146e-07,3.394126568e-07,9.062374798e-09,1.035221424e-06,4.538880413e-08,2.241030921e-05,2.295895967e-06,0.05068973101
2459.0,3.872645075e-06,4.976450819e-08,7.068568586e-06,1.917804668e-07,4.201352386e-06,1.697300151e-07,3.333905218e-05,9.882281722e-07,3.426513741e-07,9.242618008e-09,1.009722211e-06,4.083430827e-08,2.332033824e-05,1.145089655e-06,0.0506908761
2460.0,3.170229819e-06,3.940917864e-08,5.154293862e-06,1.084642116e-07,3.529589028e-06,1.210145215e-07,2.219472318e-05,9.420051531e-07,3.356608544e-07,8.901958172e-09,9.023715525e-07,3.99012266e-08,2.218062452e-05,-4.258747986e-07,0.05069045023
2461.0,2.888747328e-06,4.005303743e-08,5.040079597e-06,1.021991884e-07,3.183466371e-06,1.463203939e-07,3.281411934e-05,9.465520351e-07,3.393075464e-07,9.038876727e-09,1.034772809e-06,4.535428799e-08,2.233849574e-05,2.198433915e-06,0.05069264866
2462.0,3.910089386e-06,4.990173982e-08,7.108840097e-06,1.926465371e-07,4.206229089e-06,1.699473687e-07,3.233219179e-05,9.824628408e-07,3.422741469e-07,9.191506867e-09,1.008828479e-06,4.077222707e-08,2.318428126e-05,1.12872929e-06,0.05069377739
2463.0,3.142878928e-06,3.929837566e-08,5.162617999e-06,1.089766354e-07,3.528296213e-06,1.210786411e-07,2.395672325e-05,9.370300812e-07,3.358277495e-07,8.887114337e-09,9.010838508e-07,3.984384229e-08,2.206347041e-05,-3.493194507e-07,0.05069342807
2464.0,2.918897528e-06,3.990542059e-08,5.064683869e-06,1.030735619e-07,3.186213449e-06,1.468530768e-07,3.165660382e-05,9.471999303e-07,3.388663281e-07,8.949461108e-09,1.033526022e-06,4.529765708e-08,2.235380491e-05,2.198967233e-06,0.05069562704
2465.0,3.887341152e-06,5.030493561e-08,7.099937632e-06,1.93230471e-07,4.200708539e-06,1.698291963e-07,3.303309508e-05,9.764131756e-07,3.413076403e-07,9.10345296e-09,1.006870553e-06,4.067666343e-08,2.304152043e-05,9.849103757e-07,0.05069661195
2466.0,3.156549875e-06,3.877055718e-08,5.182226091e-06,1.09333275e-07,3.527441587e-06,1.20613304e-07,2.213544952e-05,9.377309202e-07,3.35215856e-07,8.834057868e-09,8.995716591e-07,3.975258569e-08,2.208001811e-05,-2.645190832e-07,0.05069634743
2467.0,2.891772953e-06,3.994089935e-08,5.06255627e-06,1.035798943e-07,3.186895178e-06,1.471617163e-07,3.288309925e-05,9.525575462e-07,3.368279402e-07,8.842647496e-09,1.03167371e-06,4.517465577e-08,2.248027329e-05,2.243030886e-06,0.05069859046
2468.0,3.910488529e-06,5.009743359e-08,7.087806692e-06,1.925966224e-07,4.200158e-06,1.695085539e-07,3.09724142e-05,9.818962836e-07,3.392942378e-07,9.012182377e-09,1.00497296e-06,4.057188055e-08,2.317092475e-05,1.035158521e-06,0.05069962562
2469.0,3.134658132e-06,3.911917016e-08,5.136558287e-06,1.094077874e-07,3.522958122e-06,1.200364161e-07,2.411220185e-05,9.473969063e-07,3.345051149e-07,8.808794305e-09,8.979258176e-07,3.966269712e-08,2.230756167e-05,-3.282201804e-07,0.0506992974
2470.0,2.924912043e-06,4.008775142e-08,5.086302666e-06,1.035312393e-07,3.194045531e-06,1.475601796e-07,3.200425157e-05,9.506278757e-07,3.353906203e-07,8.727496664e-09,1.030156577e-06,4.510902654e-08,2.243472006e-05,2.281242883e-06,0.05070157864
2471.0,3.869998474e-06,4.970897697e-08,7.087394594e-06,1.927980949e-07,4.197634657e-06,1.692480272e-07,3.250231699e-05,9.893242472e-07,3.373773378e-07,8.919668525e-09,1.002978561e-06,4.046762988e-08,2.334621093e-05,1.137063637e-06,0.05070271571
2472.0,3.164506324e-06,3.907793524e-08,5.189663291e-06,1.099244831e-07,3.522436596e-06,1.194709824e-07,2.207895719e-05,9.424590413e-07,3.335206191e-07,8.762772663e-09,8.967939869e-07,3.961095905e-08,2.219132755e-05,-4.406536217e-07,0.05070227505
2473.0,2.880617481e-06,3.959969851e-08,5.064261672e-06,1.035988296e-07,3.189790643e-06,1.482339025e-07,3.264826002e-05,9.483259443e-07,3.330378773e-07,8.628259924e-09,1.029023963e-06,4.503420164e-08,2.238037781e-05,2.197342339e-06,0.05070447239
2474.0,3.906071247e-06,4.977696791e-08,7.119993036e-06,1.929290921e-07,4.198697652e-06,1.692689771e-07,3.178349914e-05,9.837455069e-07,3.350247513e-07,8.834558509e-09,1.001941935e-06,4.041267552e-08,2.321462305e-05,1.118818899e-06,0.05070559121
2475.0,3.138366318e-06,3.865730492e-08,5.192294301e-06,1.101104578e-07,3.521074452e-06,1.194881398e-07,2.393089308e-05,9.359922182e-07,3.325266127e-07,8.734840867e-09,8.965014368e-07,3.958668256e-08,2.203901813e-05,-3.630915131e-07,0.05070522812
2476.0,2.928919794e-06,3.987470954e-08,5.087810099e-06,1.037542997e-07,3.199458083e-06,1.492946485e-07,3.301964438e-05,9.489560914e-07,3.315755313e-07,8.54309926e-09,1.028906393e-06,4.505727519e-08,2.239528484e-05,2.183197313e-06,0.05070741132
2477.0,3.90916754e-06,5.052712378e-08,7.135046344e-06,1.939514647e-07,4.206131132e-06,1.702740678e-07,3.438822031e-05,9.780469927e-07,3.337032422e-07,8.774664386e-09,1.001634379e-06,4.040039391e-08,2.308005041e-05,9.574658623e-07,0.05070836878
2478.0,3.166987801e-06,3.832905681e-08,5.197693665e-06,1.105570891e-07,3.526576363e-06,1.19707945e-07,2.303159995e-05,9.369674392e-07,3.318912306e-07,8.698850014e-09,8.970343625e-07,3.962174877e-08,2.206208333e-05,-2.512386754e-07,0.05070811755
2479.0,2.900512335e-06,4.046239016e-08,5.06466196e-06,1.036908316e-07,3.194019301e-06,1.489045328e-07,3.425603719e-05,9.553148828e-07,3.302543534e-07,8.518210488e-09,1.029544364e-06,4.506630371e-08,2.254532707e-05,2.251729989e-06,0.05071036928
2480.0,3.926825441e-06,4.999950822e-08,7.126936734e-06,1.92708675e-07,4.208860775e-06,1.698260627e-07,3.224915399e-05,9.827600962e-07,3.330242678e-07,8.764083739e-09,1.002587525e-06,4.044767475e-08,2.319128318e-05,1.01602093e-06,0.0507113853
2481.0,3.137809056e-06,3.847955432e-08,5.181196739e-06,1.094804545e-07,3.52722217e-06,1.193770593e-07,2.38507412e-05,9.473514173e-07,3.32442509e-07,8.738940936e-09,8.983080636e-07,3.967744787e-08,2.230653974e-05,-3.296926197e-07,0.0507110556
2482.0,2.932378071e-06,4.080968505e-08,5.082052717e-06,1.029158536e-07,3.196507758e-06,1.487261829e-07,3.222255735e-05,9.527289542e-07,3.309206288e-07,8.563520783e-09,1.031169351e-06,4.518472383e-08,2.248425393e-05,2.269957014e-06,0.05071332556
2483.0,3.879721999e-06,4.952902401e-08,7.108655167e-06,1.926786237e-07,4.201741148e-06,1.693945296e-07,3.304637816e-05,9.910988905e-07,3.343080493e-07,8.821564427e-09,1.004229971e-06,4.052981293e-08,2.338813905e-05,1.132843956e-06,0.05071445841
2484.0,3.162664415e-06,3.845900544e-08,5.176819738e-06,1.096025703e-07,3.522859668e-06,1.192238243e-07,2.232500428e-05,9.404150627e-07,3.344494203e-07,8.851059273e-09,9.005714235e-07,3.980399025e-08,2.214317694e-05,-4.221406217e-07,0.05071403626
2485.0,2.909151608e-06,4.08417269e-08,5.076294122e-06,1.024827472e-07,3.195366387e-06,1.491704327e-07,3.335850595e-05,9.507359313e-07,3.320980549e-07,8.682573848e-09,1.033371403e-06,4.528295773e-08,2.243719587e-05,2.193330826e-06,0.0507162296
2486.0,3.918440684e-06,4.965641622e-08,7.110334118e-06,1.923078616e-07,4.205430963e-06,1.69732831e-07,3.161841951e-05,9.859199164e-07,3.358158699e-07,8.939593412e-09,1.006495903e-06,4.063993381e-08,2.326587281e-05,1.130616716e-06,0.05071736021
2487.0,3.130228428e-06,3.814387817e-08,5.171078904e-06,1.099476943e-07,3.522871429e-06,1.196812355e-07,2.449647421e-05,9.369516943e-07,3.373015248e-07,8.998401274e-09,9.028239467e-07,3.99118417e-08,2.206160985e-05,-3.871806065e-07,0.05071697303
2488.0,2.939406865e-06,4.109452837e-08,5.058352154e-06,1.023143827e-07,3.198108626e-06,1.492987889e-07,3.206606251e-05,9.509330305e-07,3.344146783e-07,8.798375624e-09,1.035317705e-06,4.541612825e-08,2.2441907e-05,2.184815281e-06,0.05071915785
2489.0,3.882678786e-06,4.977799066e-08,7.059050326e-06,1.922912543e-07,4.201147052e-06,1.698206338e-07,3.313217812e-05,9.800446676e-07,3.382606853e-07,9.05059588e-09,1.00825876e-06,4.071967133e-08,2.312718859e-05,9.821627942e-07,0.05072014001
2490.0,3.153334202e-06,3.785046947e-08,5.204161325e-06,1.092588141e-07,3.531488736e-06,1.1997355e-07,2.282808365e-05,9.358942479e-07,3.395126383e-07,9.105059749e-09,9.04600393e-07,4.000513825e-08,2.203671497e-05,-2.700193575e-07,0.05071986999
2491.0,2.902939968e-06,4.168207723e-08,5.046370793e-06,1.012827294e-07,3.188367538e-06,1.480314265e-07,3.259917349e-05,9.566730955e-07,3.359461476e-07,8.897221257e-09,1.036596674e-06,4.546639734e-08,2.25773537e-05,2.252307207e-06,0.0507221223
2492.0,3.910050651e-06,4.964224146e-08,7.077667564e-06,1.928031917e-07,4.201653808e-06,1.696097077e-07,3.171932715e-05,9.858958714e-07,3.398730105e-07,9.140601641e-09,1.009513418e-06,4.078005399e-08,2.326527464e-05,1.037272489e-06,0.05072315957
2493.0,3.140873651e-06,3.816087804e-08,5.186060158e-06,1.101361099e-07,3.524859919e-06,1.199066174e-07,2.399807329e-05,9.452427858e-07,3.412190019e-07,9.173341741e-09,9.0545797e-07,4.006215697e-08,2.225677033e-05,-3.436976688e-07,0.05072281587
2494.0,2.948250337e-06,4.232145665e-08,5.055358593e-06,1.015846933e-07,3.190085768e-06,1.479302185e-07,3.17449307e-05,9.538987917e-07,3.37817304e-07,8.954096744e-09,1.037177147e-06,4.552351615e-08,2.251192231e-05,2.27589622e-06,0.05072509177
2495.0,3.884878239e-06,4.963967427e-08,7.101690299e-06,1.931509779e-07,4.201344398e-06,1.698527856e-07,3.345058382e-05,9.922864195e-07,3.414643804e-07,9.178273796e-09,1.009690918e-06,4.080306106e-08,2.341599778e-05,1.137002195e-06,0.05072622877
2496.0,3.163990311e-06,3.828647691e-08,5.174686629e-06,1.108218974e-07,3.526113851e-06,1.20272254e-07,2.213590182e-05,9.401760978e-07,3.418799605e-07,9.172710574e-09,9.055486097e-07,4.008318807e-08,2.213759146e-05,-4.4550221e-07,0.05072578327
2497.0,2.914103125e-06,4.232661234e-08,5.053763056e-06,1.025750649e-07,3.187407175e-06,1.48453096e-07,3.368837091e-05,9.509022777e-07,3.382165184e-07,8.974081155e-09,1.036728773e-06,4.549254295e-08,2.244111226e-05,2.177536075e-06,0.0507279608
2498.0,3.909569837e-06,4.946019004e-08,7.110892955e-06,1.930217166e-07,4.206414745e-06,1.700472837e-07,3.182638492e-05,9.855475721e-07,3.416524849e-07,9.183419448e-09,1.009504834e-06,4.078033866e-08,2.325706809e-05,1.126351269e-06,0.05072908716
2499.0,3.122229826e-06,3.774147733e-08,5.176062506e-06,1.105196058e-07,3.530741397e-06,1.207127412e-07,2.431890769e-05,9.344572775e-07,3.416747875e-07,9.11928844e-09,9.047239854e-07,4.005024036e-08,2.200293557e-05,-3.700185577e-07,0.05072871714
2500.0,2.956426636e-06,4.233688628e-08,5.098802288e-06,1.024781121e-07,3.195218832e-06,1.478269725e-07,3.341843411e-05,9.505965732e-07,3.384032484e-07,8.950713112e-09,1.035559313e-06,4.544039718e-08,2.243389358e-05,2.178749604e-06,0.05073089589
2501.0,3.892310788e-06,4.950481589e-08,7.118383198e-06,1.931194064e-07,4.212459977e-06,1.700140921e-07,3.340768608e-05,9.796513891e-07,3.414131319e-07,9.127399845e-09,1.008318186e-06,4.074053425e-08,2.311794304e-05,9.795260485e-07,0.05073187541
2502.0,3.15664786e-06,3.762085039e-08,5.217229233e-06,1.113527289e-07,3.537792577e-06,1.214980156e-07,2.302111168e-05,9.344360521e-07,3.402730376e-07,9.014410522e-09,9.032290602e-07,3.995979897e-08,2.200234569e-05,-2.64018463e-07,0.05073161139
2503.0,2.93259843e-06,4.271378639e-08,5.082522806e-06,1.033518178e-07,3.181055747e-06,1.465143095e-07,3.409965708e-05,9.56245828e-07,3.373088012e-07,8.906063245e-09,1.033601377e-06,4.533934808e-08,2.256725612e-05,2.260423665e-06,0.05073387182
2504.0,3.912799989e-06,4.936505132e-08,7.119433058e-06,1.933230002e-07,4.20822575e-06,1.697494832e-07,3.179220196e-05,9.839517707e-07,3.399810677e-07,9.070169874e-09,1.007126682e-06,4.065904169e-08,2.321941217e-05,1.03815784e-06,0.05073490998
2505.0,3.131488887e-06,3.792039623e-08,5.197588285e-06,1.121104084e-07,3.534205833e-06,1.218763569e-07,2.421509879e-05,9.458409389e-07,3.38337266e-07,8.894132691e-09,9.010976092e-07,3.986858961e-08,2.227087513e-05,-3.288666474e-07,0.05073458111
2506.0,2.967345563e-06,4.282270189e-08,5.0957505e-06,1.033256245e-07,3.185359914e-06,1.464948048e-07,3.265850414e-05,9.523099271e-07,3.363572278e-07,8.860930004e-09,1.03188581e-06,4.525407493e-08,2.247440341e-05,2.275241943e-06,0.05073685635
2507.0,3.876020581e-06,4.882753757e-08,7.092250633e-06,1.933216751e-07,4.208871932e-06,1.698073849e-07,3.38305759e-05,9.896744517e-07,3.389113596e-07,8.992769285e-09,1.005617897e-06,4.061540382e-08,2.335445257e-05,1.133419441e-06,0.05073798977
2508.0,3.162147023e-06,3.783487674e-08,5.226225244e-06,1.120506989e-07,3.541142226e-06,1.223711399e-07,2.295972935e-05,9.385164754e-07,3.359106098e-07,8.77020202e-09,8.994395121e-07,3.976541361e-08,2.209846154e-05,-4.105545219e-07,0.05073757922
2509.0,2.918261683e-06,4.222025854e-08,5.089785879e-06,1.032486282e-07,3.175566894e-06,1.456137249e-07,3.302011454e-05,9.490745403e-07,3.345879436e-07,8.802785325e-09,1.030200514e-06,4.517479648e-08,2.239799918e-05,2.20319215e-06,0.05073978241
2510.0,3.896314788e-06,4.871050056e-08,7.127628494e-06,1.926188305e-07,4.209285412e-06,1.698411571e-07,3.177758924e-05,9.844414369e-07,3.37470721e-07,8.939815765e-09,1.005204173e-06,4.057209108e-08,2.32309378e-05,1.148677879e-06,0.05074093109
2511.0,3.115393422e-06,3.765205546e-08,5.180063139e-06,1.108624043e-07,3.531093829e-06,1.22107866e-07,2.359678389e-05,9.340273146e-07,3.336916445e-07,8.660919197e-09,8.979341349e-07,3.972655044e-08,2.199275831e-05,-3.636286887e-07,0.05074056746
2512.0,2.943622692e-06,4.189012928e-08,5.109694437e-06,1.036028452e-07,3.176063027e-06,1.451017639e-07,3.155177015e-05,9.488238319e-07,3.335252379e-07,8.750070119e-09,1.029431662e-06,4.512966022e-08,2.239210291e-05,2.196568693e-06,0.05074276403
2513.0,3.881145803e-06,4.908584777e-08,7.103693193e-06,1.929177566e-07,4.20434532e-06,1.695192878e-07,3.271849668e-05,9.776710021e-07,3.366452411e-07,8.88938009e-09,1.004764225e-06,4.059719271e-08,2.307111605e-05,1.009746743e-06,0.05074377377
2514.0,3.153814121e-06,3.791594609e-08,5.190984722e-06,1.107679806e-07,3.535186327e-06,1.224582431e-07,2.24949954e-05,9.352787619e-07,3.319105268e-07,8.584692199e-09,8.978347179e-07,3.969916069e-08,2.202227948e-05,-2.617391832e-07,0.05074351203
2515.0,2.930963727e-06,4.219893415e-08,5.104397911e-06,1.036175287e-07,3.173404335e-06,1.449429225e-07,3.405530444e-05,9.533825012e-07,3.325176992e-07,8.725361971e-09,1.029389287e-06,4.513485227e-08,2.249961173e-05,2.264281555e-06,0.05074577632
2516.0,3.916839097e-06,4.931483959e-08,7.097136241e-06,1.92389708e-07,4.205009689e-06,1.69818685e-07,3.131976005e-05,9.819794782e-07,3.363694408e-07,8.907277258e-09,1.005814325e-06,4.063444347e-08,2.317290563e-05,1.05126803e-06,0.05074682758
2517.0,3.142819094e-06,3.8915378e-08,5.173966526e-06,1.113878903e-07,3.535252214e-06,1.230671141e-07,2.484188481e-05,9.479057514e-07,3.314840272e-07,8.573662091e-09,8.985035984e-07,3.975943864e-08,2.231950251e-05,-3.484514605e-07,0.05074647913
2518.0,2.974215557e-06,4.215544355e-08,5.112004565e-06,1.037272618e-07,3.186187583e-06,1.456685607e-07,3.396916841e-05,9.48765495e-07,3.333529643e-07,8.767141402e-09,1.030804647e-06,4.518921636e-08,2.239075425e-05,2.273260037e-06,0.05074875239
2519.0,3.887487793e-06,4.908158358e-08,7.105251009e-06,1.917537078e-07,4.214523392e-06,1.702983893e-07,3.36803297e-05,9.882856657e-07,3.378843167e-07,8.994992855e-09,1.007194429e-06,4.073450656e-08,2.332174066e-05,1.149108288e-06,0.0507499015
2520.0,3.177799951e-06,3.889264593e-08,5.198012357e-06,1.099729986e-07,3.541719188e-06,1.226371582e-07,2.260241155e-05,9.41567626e-07,3.319874291e-07,8.631985387e-09,9.001666762e-07,3.980992949e-08,2.217026148e-05,-4.210289778e-07,0.05074948047
2521.0,2.9221895e-06,4.131047381e-08,5.102565577e-06,1.028859353e-07,3.179449132e-06,1.452197213e-07,3.337458388e-05,9.467363615e-07,3.349882295e-07,8.88250962e-09,1.032492384e-06,4.527377565e-08,2.234287144e-05,2.19320105e-06,0.05075167367
2522.0,3.910236226e-06,4.922780243e-08,7.116160674e-06,1.92056589e-07,4.209681321e-06,1.70275211e-07,3.190597524e-05,9.820967916e-07,3.399689921e-07,9.139015753e-09,1.009392558e-06,4.081002815e-08,2.317561108e-05,1.141299301e-06,0.05075281497
2523.0,3.14271955e-06,3.897371737e-08,5.163541578e-06,1.097586163e-07,3.532628093e-06,1.225491334e-07,2.388012569e-05,9.354852949e-07,3.335098291e-07,8.748981829e-09,9.016006842e-07,3.989311509e-08,2.202709423e-05,-3.560304648e-07,0.05075245894
2524.0,2.935168103e-06,4.081974764e-08,5.084348022e-06,1.029596541e-07,3.179975104e-06,1.454367522e-07,3.152546651e-05,9.467254964e-07,3.377203527e-07,9.010401217e-09,1.034359234e-06,4.535518364e-08,2.234262484e-05,2.201616357e-06,0.05075466056
2525.0,3.892499214e-06,4.996584032e-08,7.085904071e-06,1.924631609e-07,4.208074738e-06,1.704274364e-07,3.353575938e-05,9.763424612e-07,3.423011384e-07,9.249598549e-09,1.010623063e-06,4.089719752e-08,2.303981473e-05,1.008359737e-06,0.05075566892
2526.0,3.17772792e-06,3.916774843e-08,5.168641967e-06,1.092803991e-07,3.538223933e-06,1.22585317e-07,2.27089109e-05,9.366285019e-07,3.348384028e-07,8.840883848e-09,9.028769503e-07,3.992918172e-08,2.205404753e-05,-2.750317333e-07,0.05075539389
2527.0,2.90242308e-06,4.049667554e-08,5.042770057e-06,1.02714515e-07,3.18010941e-06,1.457136031e-07,3.335077397e-05,9.512855658e-07,3.392492723e-07,9.089375448e-09,1.035508834e-06,4.540167575e-08,2.245022801e-05,2.248114398e-06,0.050757642
2528.0,3.91638616e-06,5.00694359e-08,7.103094982e-06,1.918356968e-07,4.207793171e-06,1.701279912e-07,3.14635821e-05,9.81215595e-07,3.43521548e-07,9.319661881e-09,1.011718785e-06,4.092664712e-08,2.31548612e-05,1.05248166e-06,0.05075869448
2529.0,3.140067403e-06,3.973858142e-08,5.134678403e-06,1.087111e-07,3.530337531e-06,1.218705013e-07,2.356232034e-05,9.473938877e-07,3.357710638e-07,8.898658584e-09,9.031061054e-07,3.995232424e-08,2.230750444e-05,-3.236659769e-07,0.05075837082
2530.0,2.933817186e-06,4.052711486e-08,5.0909035e-06,1.027792564e-07,3.187318862e-06,1.460002119e-07,3.201716609e-05,9.484075663e-07,3.405842484e-07,9.104976215e-09,1.036087745e-06,4.543437252e-08,2.238230924e-05,2.285574068e-06,0.05076065639
2531.0,3.876383486e-06,4.980842512e-08,7.085494083e-06,1.921116388e-07,4.201611025e-06,1.696579296e-07,3.242326403e-05,9.881060799e-07,3.442704781e-07,9.311971833e-09,1.01144664e-06,4.092949971e-08,2.331747837e-05,1.152164362e-06,0.05076180855
2532.0,3.181487985e-06,3.99906344e-08,5.159138488e-06,1.090986988e-07,3.531269719e-06,1.216704616e-07,2.25005433e-05,9.408822094e-07,3.359230265e-07,8.894692971e-09,9.027133981e-07,3.992660851e-08,2.215419836e-05,-4.255017521e-07,0.05076138305
2533.0,2.916263702e-06,4.006243122e-08,5.085014281e-06,1.033554388e-07,3.190490562e-06,1.472258031e-07,3.44568749e-05,9.459410141e-07,3.404298714e-07,9.069020119e-09,1.035765409e-06,4.539608698e-08,2.232405038e-05,2.192650245e-06,0.0507635757
2534.0,3.924987575e-06,5.011827722e-08,7.12850506e-06,1.929217695e-07,4.209807061e-06,1.701884679e-07,3.23638385e-05,9.825427422e-07,3.437171693e-07,9.257184869e-09,1.010757102e-06,4.08820577e-08,2.318626384e-05,1.134175693e-06,0.05076470988
2535.0,3.156436061e-06,3.996632825e-08,5.175914836e-06,1.094406925e-07,3.531002853e-06,1.216648823e-07,2.456099803e-05,9.376278239e-07,3.36101235e-07,8.871627607e-09,9.014520689e-07,3.985558617e-08,2.207750516e-05,-3.411593289e-07,0.05076436872
2536.0,2.933953293e-06,3.996253848e-08,5.079849041e-06,1.034903498e-07,3.191098485e-06,1.472815056e-07,3.242250363e-05,9.473246808e-07,3.402372819e-07,8.983836801e-09,1.034579386e-06,4.53480087e-08,2.23568236e-05,2.192402445e-06,0.05076656112
2537.0,3.904332564e-06,5.07731953e-08,7.117744682e-06,1.942489077e-07,4.209730322e-06,1.706875056e-07,3.426041327e-05,9.755492072e-07,3.429957647e-07,9.17299692e-09,1.00892526e-06,4.078835545e-08,2.302112392e-05,9.707411468e-07,0.05076753186
2538.0,3.177715727e-06,3.932454023e-08,5.196563403e-06,1.099371682e-07,3.535172897e-06,1.215047577e-07,2.287702007e-05,9.373572112e-07,3.358444879e-07,8.833801123e-09,8.999499493e-07,3.97677167e-08,2.207121988e-05,-2.468146415e-07,0.05076728505
2539.0,2.889451613e-06,3.969564134e-08,5.073695634e-06,1.034443888e-07,3.189034038e-06,1.470505974e-07,3.307447182e-05,9.522413468e-07,3.386653035e-07,8.893953759e-09,1.033082971e-06,4.52417446e-08,2.247286877e-05,2.252427035e-06,0.05076953748
2540.0,3.911979488e-06,5.027546887e-08,7.122349239e-06,1.927982946e-07,4.203183827e-06,1.695851441e-07,3.134890448e-05,9.814962095e-07,3.413621155e-07,9.097348214e-09,1.007222333e-06,4.069311482e-08,2.31614581e-05,1.035584103e-06,0.05077057306
2541.0,3.142450499e-06,3.948391449e-08,5.173926957e-06,1.093812268e-07,3.527489281e-06,1.206558447e-07,2.38622979e-05,9.480040796e-07,3.355958945e-07,8.834294646e-09,8.985929683e-07,3.969280841e-08,2.232193235e-05,-3.240512975e-07,0.05077024901
2542.0,2.930323211e-06,3.986671529e-08,5.104342367e-06,1.038705413e-07,3.195277631e-06,1.478271853e-07,3.258501969e-05,9.503002339e-07,3.374802282e-07,8.799609002e-09,1.031974868e-06,4.520699097e-08,2.242697699e-05,2.277186426e-06,0.05077252619
2543.0,3.892690527e-06,5.012579453e-08,7.128729564e-06,1.935864351e-07,4.20166633e-06,1.697221538e-07,3.30673533e-05,9.890832378e-07,3.398663592e-07,9.024263158e-09,1.00544462e-06,4.061212675e-08,2.334051619e-05,1.145409715e-06,0.0507736716
2544.0,3.17359942e-06,3.948715735e-08,5.180571942e-06,1.100600448e-07,3.523736448e-06,1.201947585e-07,2.194551749e-05,9.415576719e-07,3.351033493e-07,8.815220354e-09,8.978824965e-07,3.966960908e-08,2.21701505e-05,-4.161505224e-07,0.05077325545
2545.0,2.885429062e-06,3.942891746e-08,5.068759746e-06,1.039790092e-07,3.189623186e-06,1.484380867e-07,3.281044736e-05,9.479621263e-07,3.354050438e-07,8.726293313e-09,1.03112065e-06,4.515465803e-08,2.23717723e-05,2.191918275e-06,0.05077544737
2546.0,3.908054523e-06,4.982666724e-08,7.107508555e-06,1.930522067e-07,4.198918268e-06,1.693011892e-07,3.166353342e-05,9.839140707e-07,3.381106864e-07,8.971412087e-09,1.004675293e-06,4.058004079e-08,2.321862514e-05,1.123483766e-06,0.05077657086
2547.0,3.130016418e-06,3.887355433e-08,5.161794761e-06,1.10086647e-07,3.522182701e-06,1.200697315e-07,2.391467109e-05,9.371659213e-07,3.346306618e-07,8.809191273e-09,8.979977604e-07,3.966804091e-08,2.20667107e-05,-3.698227794e-07,0.05077620103
2548.0,2.914572869e-06,3.944046794e-08,5.090887814e-06,1.038173436e-07,3.197737492e-06,1.489516578e-07,3.164366307e-05,9.490550704e-07,3.342210514e-07,8.668668498e-09,1.031229502e-06,4.518950058e-08,2.239758356e-05,2.190490098e-06,0.05077839152
2549.0,3.886659744e-06,5.024928203e-08,7.090608186e-06,1.927489295e-07,4.202716276e-06,1.696505157e-07,3.293705465e-05,9.795879619e-07,3.374246005e-07,8.944660919e-09,1.004759131e-06,4.059283879e-08,2.311645627e-05,9.879755561e-07,0.0507793795
2550.0,3.161326579e-06,3.857693804e-08,5.200997981e-06,1.096386374e-07,3.528446914e-06,1.199965476e-07,2.267365444e-05,9.364058706e-07,3.345480504e-07,8.807718369e-09,8.989840997e-07,3.971959485e-08,2.204882699e-05,-2.580097383e-07,0.05077912149
2551.0,2.888660425e-06,3.982445151e-08,5.062519082e-06,1.030272238e-07,3.190948487e-06,1.485627996e-07,3.242875121e-05,9.548396295e-07,3.334063409e-07,8.680874584e-09,1.032305559e-06,4.52317625e-08,2.253413036e-05,2.247143523e-06,0.05078136863
2552.0,3.91654463e-06,5.010236547e-08,7.099476902e-06,1.924432977e-07,4.199045837e-06,1.692631354e-07,3.101353259e-05,9.839278958e-07,3.375001528e-07,8.984157582e-09,1.006267156e-06,4.066813054e-08,2.321884554e-05,1.024731052e-06,0.05078239336
2553.0,3.143192739e-06,3.883120194e-08,5.173091236e-06,1.094291997e-07,3.522144754e-06,1.195973995e-07,2.356300499e-05,9.462759707e-07,3.358525958e-07,8.89444087e-09,9.006759701e-07,3.979823428e-08,2.228117875e-05,-3.268543347e-07,0.05078206651
2554.0,2.932301028e-06,4.058586129e-08,5.075169685e-06,1.030583061e-07,3.195845834e-06,1.488283484e-07,3.178386595e-05,9.526610628e-07,3.348190578e-07,8.764498379e-09,1.034472843e-06,4.537545477e-08,2.248273448e-05,2.272899848e-06,0.05078433941
2555.0,3.892599065e-06,5.005455994e-08,7.111883632e-06,1.928540107e-07,4.20141466e-06,1.696090487e-07,3.319931715e-05,9.915180791e-07,3.396720924e-07,9.080026199e-09,1.00829618e-06,4.076518765e-08,2.339794874e-05,1.127942841e-06,0.05078546735
2556.0,3.180266448e-06,3.890841743e-08,5.176476153e-06,1.094676155e-07,3.52575151e-06,1.200588137e-07,2.268787227e-05,9.39820382e-07,3.388982542e-07,9.041112806e-09,9.033712067e-07,3.993698365e-08,2.212921748e-05,-4.308741448e-07,0.05078503648
2557.0,2.922876085e-06,4.111591195e-08,5.068395387e-06,1.031685696e-07,3.201699837e-06,1.503494847e-07,3.514353262e-05,9.504536835e-07,3.368860965e-07,8.917775868e-09,1.037212916e-06,4.549908563e-08,2.243056438e-05,2.167738801e-06,0.05078720422
2558.0,3.933157024e-06,5.005545299e-08,7.119602871e-06,1.929358827e-07,4.209940367e-06,1.702330954e-07,3.280714374e-05,9.853534435e-07,3.421123676e-07,9.227994062e-09,1.010960032e-06,4.088301514e-08,2.325257063e-05,1.113021286e-06,0.05078831724
2559.0,3.136071512e-06,3.8376867e-08,5.173433109e-06,1.089746116e-07,3.528651211e-06,1.203353353e-07,2.419889356e-05,9.356255749e-07,3.423774712e-07,9.221933651e-09,9.058913343e-07,4.005339165e-08,2.203044757e-05,-3.554780044e-07,0.05078796176
2560.0,2.942618546e-06,4.118553223e-08,5.081337644e-06,1.018144772e-07,3.202104698e-06,1.493629837e-07,3.263880858e-05,9.515770434e-07,3.400958307e-07,9.067289546e-09,1.039352544e-06,4.563614116e-08,2.245706394e-05,2.186829803e-06,0.05079014859
2561.0,3.907556134e-06,5.024204826e-08,7.121406454e-06,1.928155303e-07,4.215740994e-06,1.705803156e-07,3.39776736e-05,9.798129233e-07,3.451069063e-07,9.363202901e-09,1.012749933e-06,4.097645388e-08,2.312178748e-05,9.65994014e-07,0.05079111458
2562.0,3.169222265e-06,3.814870755e-08,5.201151736e-06,1.094580052e-07,3.534625153e-06,1.207074233e-07,2.320721312e-05,9.352861102e-07,3.45151864e-07,9.351516393e-09,9.080226875e-07,4.016023963e-08,2.202243014e-05,-2.663015274e-07,0.05079084828
2563.0,2.921858189e-06,4.191876231e-08,5.057665385e-06,1.020767428e-07,3.191507732e-06,1.487552719e-07,3.296281219e-05,9.565798659e-07,3.42237718e-07,9.186525412e-09,1.040789173e-06,4.57019076e-08,2.257516718e-05,2.254216815e-06,0.0507931025
2564.0,3.918195772e-06,5.004613167e-08,7.088826213e-06,1.924960891e-07,4.203130022e-06,1.699689507e-07,3.133723149e-05,9.85762926e-07,3.471209374e-07,9.464870188e-09,1.014181946e-06,4.103836385e-08,2.32621508e-05,1.033200251e-06,0.0507941357
2565.0,3.137193468e-06,3.843912468e-08,5.163927076e-06,1.099585672e-07,3.527815375e-06,1.208665904e-07,2.363439994e-05,9.44777187e-07,3.474494413e-07,9.436958565e-09,9.090825443e-07,4.022846988e-08,2.224584315e-05,-3.341590326e-07,0.05079380154
2566.0,2.957253338e-06,4.255034671e-08,5.053179134e-06,1.018317283e-07,3.192968647e-06,1.483725115e-07,3.250365685e-05,9.546274054e-07,3.446833946e-07,9.260305113e-09,1.041646586e-06,4.575985394e-08,2.252909821e-05,2.281043066e-06,0.05079608258
2567.0,3.894468033e-06,4.987556064e-08,7.093474323e-06,1.935079512e-07,4.208620879e-06,1.704351615e-07,3.370180585e-05,9.920598235e-07,3.489097874e-07,9.501103135e-09,1.014476708e-06,4.106165288e-08,2.341076493e-05,1.129575368e-06,0.05079721216
2568.0,3.176924802e-06,3.852872387e-08,5.201936975e-06,1.105866162e-07,3.535565947e-06,1.21493608e-07,2.284456887e-05,9.402150476e-07,3.484244003e-07,9.442957116e-09,9.092635966e-07,4.024020482e-08,2.213846452e-05,-4.368305129e-07,0.05079677533
2569.0,2.911866346e-06,4.213748178e-08,5.051773445e-06,1.016385148e-07,3.188843294e-06,1.482088727e-07,3.271560027e-05,9.508899855e-07,3.451928276e-07,9.282551312e-09,1.041326917e-06,4.573499151e-08,2.24408178e-05,2.192913684e-06,0.05079896824
2570.0,3.914805724e-06,4.979151225e-08,7.121840883e-06,1.928610154e-07,4.21027466e-06,1.704799549e-07,3.190156573e-05,9.858245912e-07,3.489664789e-07,9.489285523e-09,1.014211922e-06,4.102309622e-08,2.326363007e-05,1.124069343e-06,0.05080009231
2571.0,3.125452364e-06,3.797514386e-08,5.17052765e-06,1.102271268e-07,3.528899736e-06,1.213681359e-07,2.326316461e-05,9.342722998e-07,3.481995232e-07,9.387753395e-09,9.080791576e-07,4.020527326e-08,2.199853569e-05,-3.659495639e-07,0.05079972636
2572.0,2.939714772e-06,4.225753114e-08,5.074953605e-06,1.025012171e-07,3.184953731e-06,1.475287291e-07,3.156417163e-05,9.514165514e-07,3.454186988e-07,9.246691849e-09,1.040072319e-06,4.567808801e-08,2.245329471e-05,2.191946766e-06,0.05080191831
2573.0,3.891382705e-06,4.991851042e-08,7.112258932e-06,1.93717262e-07,4.204452693e-06,1.7011706e-07,3.278063258e-05,9.798754324e-07,3.485296747e-07,9.415289876e-09,1.012597296e-06,4.09621441e-08,2.312314963e-05,9.910596751e-07,0.05080290937
2574.0,3.157359223e-06,3.785327634e-08,5.201517733e-06,1.11318062e-07,3.535617254e-06,1.221058033e-07,2.284263184e-05,9.337164449e-07,3.467563945e-07,9.274002968e-09,9.064519532e-07,4.009962903e-08,2.19854931e-05,-2.694104878e-07,0.05080263996
2575.0,2.936417638e-06,4.284975092e-08,5.090206276e-06,1.032527435e-07,3.185910815e-06,1.473231402e-07,3.468005537e-05,9.556900839e-07,3.441985123e-07,9.18985258e-09,1.037931998e-06,4.557432936e-08,2.255409095e-05,2.247583244e-06,0.05080488754
2576.0,3.920592606e-06,4.969267949e-08,7.112473246e-06,1.937219259e-07,4.21030406e-06,1.702610924e-07,3.182325863e-05,9.838653882e-07,3.469438928e-07,9.337164229e-09,1.011093624e-06,4.085495603e-08,2.321742938e-05,1.025843172e-06,0.05080591338
2577.0,3.13364626e-06,3.827812489e-08,5.190904772e-06,1.123000441e-07,3.535838777e-06,1.225968835e-07,2.435268938e-05,9.465212237e-07,3.445322569e-07,9.144968929e-09,9.039760557e-07,3.999649647e-08,2.228686412e-05,-3.439344341e-07,0.05080556945
2578.0,2.966493832e-06,4.301975568e-08,5.096299819e-06,1.038476148e-07,3.18348939e-06,1.464601658e-07,3.331105292e-05,9.531452724e-07,3.429905634e-07,9.132215453e-09,1.035806829e-06,4.546275661e-08,2.24941386e-05,2.285428114e-06,0.05080785488
2579.0,3.88055691e-06,4.916417888e-08,7.118624735e-06,1.933143482e-07,4.212000125e-06,1.706336772e-07,3.343837219e-05,9.899332924e-07,3.454869946e-07,9.245053969e-09,1.008932598e-06,4.078177493e-08,2.336056093e-05,1.134929627e-06,0.05080898981
2580.0,3.158554268e-06,3.810305243e-08,5.206398684e-06,1.116594303e-07,3.538480988e-06,1.225423445e-07,2.257135863e-05,9.401677193e-07,3.416488088e-07,8.996728423e-09,9.018027138e-07,3.985393485e-08,2.213734915e-05,-4.225974793e-07,0.05080856721
2581.0,2.929354163e-06,4.226416146e-08,5.135109401e-06,1.037187246e-07,3.184901879e-06,1.464348285e-07,3.392870349e-05,9.493725622e-07,3.408714434e-07,9.064707876e-09,1.033571074e-06,4.53658451e-08,2.240507824e-05,2.188389128e-06,0.0508107556
2582.0,3.915745427e-06,4.89550538e-08,7.14645319e-06,1.935677345e-07,4.217498656e-06,1.710054107e-07,3.273644447e-05,9.827610031e-07,3.435610193e-07,9.171154402e-09,1.007967382e-06,4.070267766e-08,2.319128604e-05,1.126506971e-06,0.05081188211
2583.0,3.134213553e-06,3.773948332e-08,5.211466453e-06,1.117649305e-07,3.542905491e-06,1.231648055e-07,2.461171102e-05,9.349248512e-07,3.388302619e-07,8.858605802e-09,8.995242782e-07,3.977250561e-08,2.201392835e-05,-3.460822351e-07,0.05081153602
2584.0,2.961168687e-06,4.21415032e-08,5.114108732e-06,1.03877193e-07,3.180637383e-06,1.454539181e-07,3.19161667e-05,9.490094235e-07,3.392446303e-07,8.983396103e-09,1.032126303e-06,4.528501924e-08,2.239647079e-05,2.197009601e-06,0.05081373303
2585.0,3.875527863e-06,4.899722243e-08,7.095606669e-06,1.933718514e-07,4.207764729e-06,1.704807536e-07,3.289998722e-05,9.778929146e-07,3.419869875e-07,9.078219516e-09,1.006883093e-06,4.069294551e-08,2.307639118e-05,1.007231797e-06,0.05081474026
2586.0,3.148418299e-06,3.781234572e-08,5.202800726e-06,1.109084309e-07,3.541410234e-06,1.232059061e-07,2.26460074e-05,9.352230748e-07,3.360192889e-07,8.722022216e-09,8.984818402e-07,3.968939593e-08,2.202092627e-05,-2.647744163e-07,0.05081447549
2587.0,2.923906021e-06,4.22118379e-08,5.092164895e-06,1.037012105e-07,3.174954841e-06,1.44972668e-07,3.347977479e-05,9.536069826e-07,3.37334556e-07,8.919896146e-09,1.031253928e-06,4.525678459e-08,2.250497146e-05,2.25867298e-06,0.05081673416
2588.0,3.905218286e-06,4.907783521e-08,7.086672693e-06,1.928239565e-07,4.207047194e-06,1.704849032e-07,3.157495528e-05,9.826155204e-07,3.406824751e-07,9.052466017e-09,1.007155137e-06,4.068856323e-08,2.31879091e-05,1.060616276e-06,0.05081779478
2589.0,3.133659333e-06,3.85615878e-08,5.176153954e-06,1.104132978e-07,3.536722816e-06,1.231600238e-07,2.401152975e-05,9.46756604e-07,3.343113752e-07,8.654309449e-09,8.983381408e-07,3.970590674e-08,2.229246804e-05,-3.318519709e-07,0.05081746293
2590.0,2.954589406e-06,4.210415726e-08,5.100997491e-06,1.028073571e-07,3.177806488e-06,1.445628942e-07,3.242818039e-05,9.500644718e-07,3.371390242e-07,8.914817073e-09,1.031940126e-06,4.527770757e-08,2.242143306e-05,2.292535414e-06,0.05081975546
2591.0,3.86921136e-06,4.889528102e-08,7.08103114e-06,1.918530103e-07,4.206957574e-06,1.704604837e-07,3.280734892e-05,9.887007099e-07,3.41158355e-07,9.088045798e-09,1.007934049e-06,4.076499114e-08,2.333146311e-05,1.158578765e-06,0.05082091404
2592.0,3.174028904e-06,3.899734796e-08,5.171146966e-06,1.101710831e-07,3.539241036e-06,1.230978008e-07,2.22479946e-05,9.413319455e-07,3.338379119e-07,8.656541909e-09,8.99583731e-07,3.974186798e-08,2.216473479e-05,-4.413020267e-07,0.05082047274
2593.0,2.91287788e-06,4.131667523e-08,5.053245727e-06,1.026737046e-07,3.174584006e-06,1.448737848e-07,3.291366472e-05,9.465007797e-07,3.379768184e-07,8.990549431e-09,1.03331919e-06,4.534393241e-08,2.233727399e-05,2.207869533e-06,0.05082268061
2594.0,3.900979508e-06,4.905837676e-08,7.093699712e-06,1.912392173e-07,4.20903915e-06,1.70554795e-07,3.184106156e-05,9.827840174e-07,3.423783718e-07,9.197082375e-09,1.009996994e-06,4.082962945e-08,2.319190363e-05,1.14809229e-06,0.0508238287
2595.0,3.136971964e-06,3.894692904e-08,5.16771478e-06,1.090686287e-07,3.535730999e-06,1.228457883e-07,2.359783723e-05,9.366863643e-07,3.350485165e-07,8.756846589e-09,9.01115486e-07,3.983531554e-08,2.205534936e-05,-3.627673768e-07,0.05082346593
2596.0,2.934649139e-06,4.099397714e-08,5.075158758e-06,1.02804691e-07,3.176678946e-06,1.450913866e-07,3.164825959e-05,9.465903037e-07,3.404677989e-07,9.110911284e-09,1.035272092e-06,4.542238422e-08,2.233941202e-05,2.19734686e-06,0.05082566328
2597.0,3.895014698e-06,4.992249339e-08,7.088300511e-06,1.925120838e-07,4.21096536e-06,1.712599199e-07,3.412577118e-05,9.765485902e-07,3.447817077e-07,9.319185238e-09,1.011546772e-06,4.093842752e-08,2.304467181e-05,9.935878667e-07,0.05082665687
2598.0,3.182521619e-06,3.912124519e-08,5.171910676e-06,1.092615557e-07,3.541988426e-06,1.233127678e-07,2.2931298e-05,9.37120768e-07,3.365097873e-07,8.869497591e-09,9.02734293e-07,3.989115114e-08,2.206564397e-05,-2.595137441e-07,0.05082639736
2599.0,2.911089333e-06,4.086995032e-08,5.05462745e-06,1.025526804e-07,3.179256964e-06,1.455359926e-07,3.29085584e-05,9.514959901e-07,3.423503591e-07,9.21458823e-09,1.036709108e-06,4.548147653e-08,2.245522742e-05,2.255249994e-06,0.05082865261
2600.0,3.907995261e-06,4.969590345e-08,7.079171164e-06,1.91007201e-07,4.2089388e-06,1.704125981e-07,3.100473791e-05,9.80714506e-07,3.466417717e-07,9.422227118e-09,1.013194744e-06,4.098652193e-08,2.314300686e-05,1.047508209e-06,0.05082970011
2601.0,3.146588395e-06,3.97084266e-08,5.14286877e-06,1.084327172e-07,3.535170323e-06,1.227040703e-07,2.369800592e-05,9.494148597e-07,3.383574231e-07,8.959810209e-09,9.035354289e-07,3.994225904e-08,2.235511798e-05,-3.314400467e-07,0.05082936867
2602.0,2.93801326e-06,4.079234553e-08,5.065930325e-06,1.027161421e-07,3.183631123e-06,1.45768806e-07,3.215694677e-05,9.485991014e-07,3.443970264e-07,9.266388256e-09,1.037818126e-06,4.553897587e-08,2.238681372e-05,2.27655314e-06,0.05083164523
2603.0,3.876844274e-06,4.964230643e-08,7.069229032e-06,1.919472487e-07,4.205678949e-06,1.704982728e-07,3.296873704e-05,9.878209775e-07,3.482135394e-07,9.456684122e-09,1.0135298e-06,4.102074248e-08,2.3310741e-05,1.157318775e-06,0.05083280255
2604.0,3.180673073e-06,3.988834551e-08,5.167082295e-06,1.087231863e-07,3.537507833e-06,1.225420282e-07,2.265281055e-05,9.414150462e-07,3.392786189e-07,8.997509711e-09,9.038006879e-07,3.994385407e-08,2.21667581e-05,-4.203255304e-07,0.05083238222
2605.0,2.911913913e-06,4.033669951e-08,5.080672833e-06,1.03148114e-07,3.192668603e-06,1.473358907e-07,3.429951817e-05,9.457931675e-07,3.448346346e-07,9.261880693e-09,1.037915098e-06,4.553047709e-08,2.232060727e-05,2.191166826e-06,0.05083457339
2606.0,3.917261876e-06,4.977736286e-08,7.112893983e-06,1.92124974e-07,4.21344725e-06,1.70816467e-07,3.237160258e-05,9.816986751e-07,3.48421801e-07,9.438577887e-09,1.013272304e-06,4.099258409e-08,2.316630129e-05,1.130830111e-06,0.05083570422
2607.0,3.14744167e-06,3.948758528e-08,5.148366943e-06,1.089976792e-07,3.536500036e-06,1.222408491e-07,2.415294609e-05,9.386356166e-07,3.398094459e-07,9.001349701e-09,9.028796917e-07,3.990157301e-08,2.210135612e-05,-3.724037607e-07,0.05083533181
2608.0,2.935035535e-06,3.999567041e-08,5.078357934e-06,1.033958036e-07,3.192764336e-06,1.473354255e-07,3.25500383e-05,9.470010207e-07,3.450562217e-07,9.198816252e-09,1.037126255e-06,4.549374629e-08,2.234911935e-05,2.199641273e-06,0.05083753145
2609.0,3.893886592e-06,5.015468752e-08,7.098520263e-06,1.923779044e-07,4.211923799e-06,1.707501049e-07,3.338058455e-05,9.761432606e-07,3.480671963e-07,9.372522554e-09,1.011822006e-06,4.092343424e-08,2.303515112e-05,9.869805789e-07,0.05083851843
2610.0,3.172765136e-06,3.924012783e-08,5.19471754e-06,1.090724749e-07,3.538748511e-06,1.219121315e-07,2.272867555e-05,9.366003524e-07,3.39828244e-07,8.971310508e-09,9.016414608e-07,3.982682143e-08,2.20533897e-05,-2.454633345e-07,0.05083827297
2611.0,2.892368423e-06,3.996984659e-08,5.071120185e-06,1.035119691e-07,3.186606692e-06,1.471439461e-07,3.350886728e-05,9.522960662e-07,3.438073063e-07,9.108451918e-09,1.035732436e-06,4.538996105e-08,2.247407738e-05,2.258009267e-06,0.05084053098
2612.0,3.914021423e-06,5.002393213e-08,7.101495233e-06,1.931308089e-07,4.205030279e-06,1.702253763e-07,3.185146645e-05,9.816960508e-07,3.467984263e-07,9.301426715e-09,1.010231057e-06,4.083637054e-08,2.316624248e-05,1.02690878e-06,0.05084155789
2613.0,3.140545935e-06,3.93730184e-08,5.13832637e-06,1.091871686e-07,3.526255825e-06,1.210163886e-07,2.402580896e-05,9.472988894e-07,3.395998987e-07,8.966162301e-09,9.002748197e-07,3.974435328e-08,2.230528647e-05,-3.080290634e-07,0.05084124986
2614.0,2.925851672e-06,4.001617498e-08,5.088729897e-06,1.036990847e-07,3.193283777e-06,1.475082994e-07,3.265393593e-05,9.502046209e-07,3.424327973e-07,9.005388622e-09,1.0341188e-06,4.532846195e-08,2.242478143e-05,2.283874121e-06,0.05084353373
2615.0,3.877646172e-06,4.964952632e-08,7.115506166e-06,1.927663716e-07,4.202239613e-06,1.697697557e-07,3.260002011e-05,9.896349831e-07,3.450634889e-07,9.214228628e-09,1.008126785e-06,4.073519224e-08,2.335351515e-05,1.146336434e-06,0.05084468007
2616.0,3.167408963e-06,3.93911261e-08,5.166456004e-06,1.094186019e-07,3.523585619e-06,1.204503913e-07,2.211514475e-05,9.41400329e-07,3.38792687e-07,8.935230708e-09,8.989555337e-07,3.969631698e-08,2.216640969e-05,-4.20314206e-07,0.05084425976
2617.0,2.890865686e-06,3.967276766e-08,5.083474014e-06,1.041008988e-07,3.191202649e-06,1.486494753e-07,3.385077745e-05,9.480986073e-07,3.399852287e-07,8.907251778e-09,1.032717384e-06,4.524639597e-08,2.237499104e-05,2.181329149e-06,0.05084644109
2618.0,3.908121913e-06,4.957743639e-08,7.109888651e-06,1.929955038e-07,4.201146034e-06,1.698231834e-07,3.20136597e-05,9.838388724e-07,3.42529147e-07,9.133904941e-09,1.00656257e-06,4.067147371e-08,2.321684863e-05,1.130206148e-06,0.05084757129
2619.0,3.129420561e-06,3.876763128e-08,5.16191429e-06,1.0938952e-07,3.522037124e-06,1.203629265e-07,2.367427138e-05,9.3672533e-07,3.375707556e-07,8.901059552e-09,8.979941447e-07,3.964422171e-08,2.205633725e-05,-3.568998831e-07,0.05084721439
2620.0,2.904018322e-06,3.923744554e-08,5.072012342e-06,1.029886819e-07,3.194193215e-06,1.483823792e-07,3.133976342e-05,9.487871712e-07,3.377604607e-07,8.805805971e-09,1.031680845e-06,4.523648137e-08,2.239125965e-05,2.189524775e-06,0.05084940392
2621.0,3.883076534e-06,4.986530662e-08,7.087538273e-06,1.923198722e-07,4.204109033e-06,1.697722475e-07,3.297806604e-05,9.791755212e-07,3.405047195e-07,9.049330503e-09,1.005281238e-06,4.062840554e-08,2.310673801e-05,9.823061465e-07,0.05085038622
2622.0,3.161433767e-06,3.836897687e-08,5.17516299e-06,1.094199101e-07,3.527407148e-06,1.200304689e-07,2.274453418e-05,9.368572956e-07,3.359869685e-07,8.829612331e-09,8.976600243e-07,3.964191995e-08,2.205940534e-05,-2.741573797e-07,0.05085011207
2623.0,2.888928142e-06,3.976732539e-08,5.044195397e-06,1.03019071e-07,3.191095382e-06,1.481241365e-07,3.293565237e-05,9.54509851e-07,3.351078693e-07,8.730067761e-09,1.03144037e-06,4.521807147e-08,2.252636378e-05,2.256782701e-06,0.05085236885
2624.0,3.905540093e-06,4.968108035e-08,7.089709321e-06,1.916416566e-07,4.198659845e-06,1.689812079e-07,3.149855903e-05,9.837859613e-07,3.386301624e-07,9.005741508e-09,1.005186805e-06,4.0634293e-08,2.321553791e-05,1.026038231e-06,0.05085339489
2625.0,3.131113604e-06,3.858316901e-08,5.165232339e-06,1.090211001e-07,3.520886192e-06,1.1950779e-07,2.32349091e-05,9.466354453e-07,3.348281952e-07,8.801624308e-09,8.978474678e-07,3.965088402e-08,2.22896078e-05,-3.29753602e-07,0.05085306513
2626.0,2.924380571e-06,4.04482265e-08,5.054323862e-06,1.027337618e-07,3.192237871e-06,1.482683051e-07,3.216572317e-05,9.529258452e-07,3.340174956e-07,8.702343442e-09,1.032043928e-06,4.529561575e-08,2.248898643e-05,2.280799417e-06,0.05085534593
2627.0,3.875280477e-06,4.930325987e-08,7.071105109e-06,1.922385371e-07,4.197790035e-06,1.692557221e-07,3.279379317e-05,9.900995001e-07,3.379776265e-07,8.993626303e-09,1.005684921e-06,4.06664439e-08,2.336452319e-05,1.117265409e-06,0.0508564632
2628.0,3.171988251e-06,3.861079915e-08,5.170737473e-06,1.092035652e-07,3.525805432e-06,1.199904282e-07,2.302701408e-05,9.403114394e-07,3.344462722e-07,8.814711552e-09,8.989720184e-07,3.971916891e-08,2.21407828e-05,-4.217218983e-07,0.05085604148
2629.0,2.906416818e-06,4.041901366e-08,5.044001418e-06,1.017556882e-07,3.198277371e-06,1.49130191e-07,3.445774482e-05,9.501548342e-07,3.329857782e-07,8.730400793e-09,1.033417613e-06,4.535300425e-08,2.242349042e-05,2.183599074e-06,0.05085822508
2630.0,3.91935822e-06,4.951569988e-08,7.104785747e-06,1.918103115e-07,4.20967209e-06,1.698493433e-07,3.257968865e-05,9.856282195e-07,3.375160894e-07,9.022014251e-09,1.007024393e-06,4.072859561e-08,2.325906126e-05,1.117482659e-06,0.05085934256
2631.0,3.126216721e-06,3.813054271e-08,5.150888204e-06,1.084463187e-07,3.523847753e-06,1.198841921e-07,2.394546022e-05,9.355948032e-07,3.353878571e-07,8.893681884e-09,9.004842081e-07,3.978707756e-08,2.202969259e-05,-3.551850093e-07,0.05085898737
2632.0,2.931874881e-06,4.083599583e-08,5.036946666e-06,1.014125139e-07,3.194765056e-06,1.486048132e-07,3.237597948e-05,9.518845325e-07,3.334463494e-07,8.790962125e-09,1.034574196e-06,4.544985075e-08,2.246436792e-05,2.189555565e-06,0.05086117693
2633.0,3.892469662e-06,4.983436132e-08,7.059750239e-06,1.91916532e-07,4.203644152e-06,1.695800636e-07,3.322810705e-05,9.79375402e-07,3.384335819e-07,9.073521807e-09,1.008015384e-06,4.077548572e-08,2.311139375e-05,9.816671877e-07,0.0508621586
2634.0,3.152385064e-06,3.782765761e-08,5.170303696e-06,1.084919204e-07,3.529262374e-06,1.202043906e-07,2.249739651e-05,9.351623514e-07,3.366453958e-07,8.977891043e-09,9.02010657e-07,3.986427974e-08,2.201951859e-05,-2.665997869e-07,0.050861892
2635.0,2.908394624e-06,4.147051656e-08,5.042383599e-06,1.008327579e-07,3.190016968e-06,1.480195355e-07,3.294076496e-05,9.569140629e-07,3.33935004e-07,8.862335104e-09,1.035411803e-06,4.548207945e-08,2.258303815e-05,2.257517468e-06,0.05086414951
2636.0,3.905689191e-06,4.972400287e-08,7.051867817e-06,1.917889323e-07,4.199517824e-06,1.693258681e-07,3.14609313e-05,9.845939756e-07,3.389058528e-07,9.13271132e-09,1.008739772e-06,4.080942239e-08,2.323466111e-05,1.027096996e-06,0.05086517661
2637.0,3.136033434e-06,3.83768924e-08,5.170224227e-06,1.0963221e-07,3.528574705e-06,1.209481174e-07,2.481688911e-05,9.470377561e-07,3.378988137e-07,9.0386779e-09,9.028048336e-07,3.992144489e-08,2.229903689e-05,-3.529403307e-07,0.05086482367
2638.0,2.947266854e-06,4.204571213e-08,5.028926493e-06,1.011864612e-07,3.188623866e-06,1.477166704e-07,3.199137248e-05,9.535320035e-07,3.351988702e-07,8.893682902e-09,1.035879503e-06,4.552857829e-08,2.250330816e-05,2.280600141e-06,0.05086710427
2639.0,3.873010169e-06,4.937559967e-08,7.04955235e-06,1.916595736e-07,4.201405468e-06,1.694983096e-07,3.361448344e-05,9.921132999e-07,3.397471563e-07,9.14629363e-09,1.008644945e-06,4.081015462e-08,2.341206551e-05,1.133522047e-06,0.05086823779
2640.0,3.16264277e-06,3.810389758e-08,5.167233667e-06,1.091024683e-07,3.532290773e-06,1.207584984e-07,2.230496621e-05,9.392545235e-07,3.384193309e-07,9.042722104e-09,9.030202606e-07,3.99430945e-08,2.211582607e-05,-4.307803904e-07,0.05086780701
2641.0,2.900205846e-06,4.164137976e-08,5.015060663e-06,1.005557115e-07,3.184942569e-06,1.473049233e-07,3.286902815e-05,9.509911993e-07,3.352291558e-07,8.904694051e-09,1.035504222e-06,4.549972479e-08,2.244325913e-05,2.193665483e-06,0.05087000068
2642.0,3.902922689e-06,4.933053191e-08,7.086482077e-06,1.920504885e-07,4.205035549e-06,1.696357228e-07,3.196070556e-05,9.852803963e-07,3.395969877e-07,9.136351851e-09,1.008364934e-06,4.077818716e-08,2.325077335e-05,1.117024525e-06,0.0508711177
2643.0,3.121297056e-06,3.777558577e-08,5.157229547e-06,1.09480635e-07,3.530000982e-06,1.210711727e-07,2.379220541e-05,9.344584978e-07,3.383008491e-07,9.007961906e-09,9.021658545e-07,3.992933475e-08,2.200295587e-05,-3.539007576e-07,0.0508707638
2644.0,2.931963629e-06,4.179333111e-08,5.051084755e-06,1.015803726e-07,3.183753261e-06,1.469073043e-07,3.168949955e-05,9.509040528e-07,3.354340844e-07,8.88729246e-09,1.034440587e-06,4.545757906e-08,2.244118658e-05,2.19624024e-06,0.05087296004
2645.0,3.878798421e-06,4.955506323e-08,7.073727772e-06,1.926457911e-07,4.199603388e-06,1.692373886e-07,3.276130575e-05,9.791653928e-07,3.392466349e-07,9.085649963e-09,1.00705057e-06,4.072912935e-08,2.31064491e-05,9.85596646e-07,0.05087394564
2646.0,3.142254731e-06,3.743405228e-08,5.161163539e-06,1.09684124e-07,3.530987103e-06,1.21247594e-07,2.297602303e-05,9.34359987e-07,3.371045938e-07,8.927046018e-09,9.009845716e-07,3.985693126e-08,2.200066389e-05,-2.71628914e-07,0.05087367401
2647.0,2.923274811e-06,4.217049387e-08,5.044585336e-06,1.018872014e-07,3.184526094e-06,1.469154011e-07,3.444805735e-05,9.550565101e-07,3.344727293e-07,8.86139773e-09,1.03271811e-06,4.536736056e-08,2.253920308e-05,2.235053274e-06,0.05087590906
2648.0,3.909336149e-06,4.923703122e-08,7.070442091e-06,1.920371025e-07,4.206034565e-06,1.694448372e-07,3.159490496e-05,9.83530889e-07,3.379043296e-07,9.036430145e-09,1.005791961e-06,4.064326305e-08,2.320948565e-05,1.031093162e-06,0.05087694016
2649.0,3.113540766e-06,3.759009309e-08,5.129311272e-06,1.09631211e-07,3.531042985e-06,1.213008204e-07,2.372151683e-05,9.462362557e-07,3.353711536e-07,8.834758252e-09,8.989662134e-07,3.977559228e-08,2.228022236e-05,-3.272240688e-07,0.05087661293
2650.0,2.948377628e-06,4.237720699e-08,5.055617236e-06,1.015303363e-07,3.180911202e-06,1.456665421e-07,3.327525301e-05,9.531725003e-07,3.336657649e-07,8.83067446e-09,1.03086707e-06,4.527803547e-08,2.24947977e-05,2.28799954e-06,0.05087890093
2651.0,3.856074072e-06,4.849517488e-08,7.05992558e-06,1.914567178e-07,4.202523643e-06,1.689891836e-07,3.280335994e-05,9.902776882e-07,3.366913577e-07,8.970863659e-09,1.003835462e-06,4.057763701e-08,2.336870864e-05,1.142536225e-06,0.05088004347
2652.0,3.14357636e-06,3.766864888e-08,5.169199399e-06,1.096391805e-07,3.533017106e-06,1.211976315e-07,2.217697042e-05,9.403318254e-07,3.328989722e-07,8.720376663e-09,8.969979064e-07,3.965724923e-08,2.214117549e-05,-4.456578753e-07,0.05087959781
2653.0,2.90200592e-06,4.155230913e-08,5.043832685e-06,1.016311305e-07,3.174634962e-06,1.452174075e-07,3.249368597e-05,9.491896372e-07,3.319023081e-07,8.785394657e-09,1.028771656e-06,4.517968008e-08,2.240073749e-05,2.202656866e-06,0.05088180047
2654.0,3.891476169e-06,4.854171253e-08,7.075052695e-06,1.912008187e-07,4.204644878e-06,1.69169434e-07,3.252475219e-05,9.834810628e-07,3.34800359e-07,8.911668223e-09,1.002712824e-06,4.049582796e-08,2.320835097e-05,1.13854455e-06,0.05088293901
2655.0,3.11381251e-06,3.729470366e-08,5.153105688e-06,1.092352166e-07,3.530583792e-06,1.213714372e-07,2.342133812e-05,9.356132991e-07,3.302592902e-07,8.601666919e-09,8.948312881e-07,3.957859676e-08,2.203008466e-05,-3.678916781e-07,0.05088257112
2656.0,2.938545414e-06,4.148674959e-08,5.056422711e-06,1.01633054e-07,3.17569954e-06,1.450411517e-07,3.200384178e-05,9.49013586e-07,3.303033808e-07,8.717375826e-09,1.027171147e-06,4.509528515e-08,2.23966173e-05,2.194176076e-06,0.05088476529
2657.0,3.880496774e-06,4.893138884e-08,7.087397902e-06,1.92180579e-07,4.207306796e-06,1.700607968e-07,3.40298167e-05,9.768030199e-07,3.329903772e-07,8.821777057e-09,1.001308008e-06,4.045953752e-08,2.305065469e-05,9.797858174e-07,0.05088574508
2658.0,3.146601619e-06,3.724940991e-08,5.147638391e-06,1.091912623e-07,3.53648104e-06,1.219422176e-07,2.260462259e-05,9.360175846e-07,3.271943308e-07,8.476469716e-09,8.935080685e-07,3.949012868e-08,2.203966566e-05,-2.524490576e-07,0.05088549263
2659.0,2.912407241e-06,4.173824691e-08,5.032646159e-06,1.016579224e-07,3.171991993e-06,1.444684782e-07,3.371351527e-05,9.53471304e-07,3.279869922e-07,8.644023394e-09,1.025865142e-06,4.502508847e-08,2.250181809e-05,2.262179478e-06,0.05088775481
2660.0,3.887073223e-06,4.844991957e-08,7.054540817e-06,1.907048819e-07,4.201691066e-06,1.69033865e-07,3.151738489e-05,9.823478961e-07,3.308570361e-07,8.758208503e-09,1.000801204e-06,4.040495805e-08,2.318157535e-05,1.050558333e-06,0.05088880537
2661.0,3.115561481e-06,3.779680438e-08,5.126306431e-06,1.085605832e-07,3.53224873e-06,1.21782006e-07,2.43086785e-05,9.460598357e-07,3.248779427e-07,8.390870509e-09,8.926802418e-07,3.946735025e-08,2.22760862e-05,-3.30053658e-07,0.05088847532
2662.0,2.947457516e-06,4.16093712e-08,5.054782889e-06,1.009745512e-07,3.178465164e-06,1.444193037e-07,3.269788787e-05,9.497912308e-07,3.267309059e-07,8.589048293e-09,1.025594327e-06,4.499593654e-08,2.241494569e-05,2.273424601e-06,0.05089074874
2663.0,3.85835109e-06,4.83031182e-08,7.051359723e-06,1.902740456e-07,4.202616763e-06,1.691898055e-07,3.294560339e-05,9.885639335e-07,3.296798332e-07,8.717968389e-09,1.00036421e-06,4.041247761e-08,2.332827393e-05,1.155800511e-06,0.05089190454
2664.0,3.147038342e-06,3.809831983e-08,5.13445967e-06,1.082992757e-07,3.531179475e-06,1.211746433e-07,2.20740778e-05,9.415600024e-07,3.228599861e-07,8.330978179e-09,8.928652876e-07,3.945326247e-08,2.217015387e-05,-4.219203853e-07,0.05089148262
2665.0,2.90310888e-06,4.094703731e-08,5.03213044e-06,1.009547979e-07,3.171458918e-06,1.443201799e-07,3.288550745e-05,9.469010227e-07,3.255483844e-07,8.568941439e-09,1.025586137e-06,4.498820328e-08,2.23466839e-05,2.19910737e-06,0.05089368173
2666.0,3.889224031e-06,4.848086587e-08,7.053242814e-06,1.89955935e-07,4.20314225e-06,1.693964762e-07,3.202450796e-05,9.836944411e-07,3.28718481e-07,8.724095897e-09,1.00093152e-06,4.040815838e-08,2.321341359e-05,1.150451315e-06,0.05089483218
2667.0,3.121337404e-06,3.816670606e-08,5.108533676e-06,1.077966769e-07,3.528679359e-06,1.215100083e-07,2.395317934e-05,9.368816968e-07,3.218526404e-07,8.331103e-09,8.929873486e-07,3.947365225e-08,2.205997661e-05,-3.853470636e-07,0.05089444683
2668.0,2.923565078e-06,4.051533233e-08,5.015386528e-06,1.009591249e-07,3.175616862e-06,1.448359471e-07,3.157703144e-05,9.469034647e-07,3.258237903e-07,8.584025533e-09,1.026088666e-06,4.500126572e-08,2.234682707e-05,2.197010675e-06,0.05089664384
2669.0,3.861186041e-06,4.897199788e-08,7.01742756e-06,1.901185122e-07,4.201310352e-06,1.694138294e-07,3.289468112e-05,9.768662363e-07,3.288163914e-07,8.747271001e-09,1.001050244e-06,4.043757776e-08,2.305215348e-05,9.992675258e-07,0.05089764311
2670.0,3.148943431e-06,3.81346172e-08,5.124995151e-06,1.070562308e-07,3.532405844e-06,1.212939919e-07,2.304381175e-05,9.358625814e-07,3.211859274e-07,8.341055411e-09,8.933021264e-07,3.946198627e-08,2.203599672e-05,-2.588049565e-07,0.05089738431
2671.0,2.887479816e-06,4.030326514e-08,5.002623952e-06,1.001419447e-07,3.173728249e-06,1.442770526e-07,3.260264885e-05,9.51797274e-07,3.257042376e-07,8.606632102e-09,1.026332838e-06,4.500055186e-08,2.246235199e-05,2.257151565e-06,0.05089964146
2672.0,3.888489119e-06,4.899983532e-08,7.052788748e-06,1.901542383e-07,4.201202691e-06,1.69034235e-07,3.15159524e-05,9.814164141e-07,3.287692104e-07,8.768000538e-09,1.001502289e-06,4.042824294e-08,2.315959003e-05,1.034774708e-06,0.05090067623
2673.0,3.132141512e-06,3.863638797e-08,5.098470876e-06,1.067129371e-07,3.526818108e-06,1.207915199e-07,2.41328521e-05,9.460350785e-07,3.212652334e-07,8.361135198e-09,8.929851726e-07,3.946212965e-08,2.227547411e-05,-3.179940049e-07,0.05090035824
2674.0,2.940804613e-06,4.058514685e-08,5.037652806e-06,1.010238795e-07,3.185353409e-06,1.453343816e-07,3.347199704e-05,9.485340203e-07,3.264208547e-07,8.60570731e-09,1.026607962e-06,4.501351696e-08,2.238531086e-05,2.275720469e-06,0.05090263396
2675.0,3.876303917e-06,4.880520374e-08,7.0653293e-06,1.906971639e-07,4.205807723e-06,1.69274109e-07,3.338456345e-05,9.887532114e-07,3.291569085e-07,8.752505679e-09,1.001062033e-06,4.042433741e-08,2.33327425e-05,1.147547669e-06,0.05090378151
2676.0,3.161165221e-06,3.887179793e-08,5.108251662e-06,1.067303459e-07,3.527197492e-06,1.204156014e-07,2.214927964e-05,9.415631784e-07,3.213172278e-07,8.367365733e-09,8.925470985e-07,3.942437419e-08,2.217025733e-05,-4.203855761e-07,0.05090336112
2677.0,2.899369107e-06,4.016239635e-08,5.03313233e-06,1.015064835e-07,3.18127333e-06,1.459057547e-07,3.417994549e-05,9.471943332e-07,3.260496544e-07,8.583997766e-09,1.026200782e-06,4.497986563e-08,2.23536131e-05,2.18885732e-06,0.05090554998
2678.0,3.902256249e-06,4.896947146e-08,7.069188657e-06,1.908829764e-07,4.20494363e-06,1.69334052e-07,3.194717025e-05,9.820979805e-07,3.287429367e-07,8.727738348e-09,1.00057932e-06,4.037938276e-08,2.317572164e-05,1.134673461e-06,0.05090668465
2679.0,3.124952783e-06,3.863584474e-08,5.099915405e-06,1.069046005e-07,3.524902429e-06,1.205314936e-07,2.458865611e-05,9.375977706e-07,3.216237347e-07,8.380218395e-09,8.915103477e-07,3.937465495e-08,2.207685849e-05,-3.492357336e-07,0.05090633542
2680.0,2.914324465e-06,3.970742524e-08,5.035417624e-06,1.011742357e-07,3.182450565e-06,1.457640445e-07,3.18424131e-05,9.474979663e-07,3.258932941e-07,8.529180652e-09,1.02533632e-06,4.49401165e-08,2.23608583e-05,2.197242726e-06,0.05090853266
2681.0,3.858791398e-06,4.918850094e-08,7.044406466e-06,1.908203649e-07,4.200521707e-06,1.692043541e-07,3.29619524e-05,9.771693498e-07,3.281940266e-07,8.680222869e-09,9.990878932e-07,4.031839483e-08,2.305942939e-05,9.91254812e-07,0.05090952391
2682.0,3.144087944e-06,3.82767411e-08,5.13551121e-06,1.070606296e-07,3.527419242e-06,1.203117513e-07,2.271827369e-05,9.379977604e-07,3.214671807e-07,8.370218722e-09,8.903820855e-07,3.929792221e-08,2.208625452e-05,-2.681016258e-07,0.05090925581
2683.0,2.886066797e-06,3.98092745e-08,5.026521246e-06,1.015343725e-07,3.181917942e-06,1.454482309e-07,3.32185736e-05,9.528012634e-07,3.243381451e-07,8.462039108e-09,1.023996353e-06,4.485705159e-08,2.24860576e-05,2.266055786e-06,0.05091152187
2684.0,3.890517808e-06,4.920511242e-08,7.054830194e-06,1.902889236e-07,4.196679591e-06,1.683421428e-07,3.101832999e-05,9.820634409e-07,3.268381574e-07,8.633524897e-09,9.978370749e-07,4.024235396e-08,2.317484976e-05,1.044709148e-06,0.05091256658
2685.0,3.125428557e-06,3.868223703e-08,5.115562703e-06,1.075350677e-07,3.517045936e-06,1.193269342e-07,2.368450974e-05,9.479465582e-07,3.211186587e-07,8.3726054e-09,8.889013219e-07,3.923000481e-08,2.232052046e-05,-3.290697519e-07,0.05091223751
2686.0,2.907893253e-06,3.976118144e-08,5.022203543e-06,1.012395651e-07,3.181687673e-06,1.456175129e-07,3.157226886e-05,9.501875717e-07,3.231692534e-07,8.384128266e-09,1.022859905e-06,4.48095839e-08,2.242435849e-05,2.282904483e-06,0.05091452041
2687.0,3.859064551e-06,4.89819607e-08,7.048901597e-06,1.911933126e-07,4.193631046e-06,1.685901886e-07,3.322554273e-05,9.886596101e-07,3.254684245e-07,8.567781885e-09,9.960359343e-07,4.016778927e-08,2.333051432e-05,1.131854297e-06,0.05091565227
2688.0,3.151638612e-06,3.851818092e-08,5.113172414e-06,1.076867795e-07,3.518312019e-06,1.190630321e-07,2.207237808e-05,9.425319889e-07,3.202703742e-07,8.344389379e-09,8.878547682e-07,3.916702664e-08,2.219309716e-05,-4.202586187e-07,0.05091523201
2689.0,2.866643132e-06,3.933245866e-08,4.982421706e-06,1.010569495e-07,3.180325284e-06,1.463167164e-07,3.277504385e-05,9.480034257e-07,3.209205357e-07,8.303082834e-09,1.021713669e-06,4.474049364e-08,2.237275622e-05,2.193938784e-06,0.05091742595
2690.0,3.885163564e-06,4.87735269e-08,7.060164197e-06,1.907611017e-07,4.196724701e-06,1.684088172e-07,3.216488298e-05,9.845483195e-07,3.232330318e-07,8.499104415e-09,9.948687028e-07,4.009845667e-08,2.323357127e-05,1.135575565e-06,0.05091856152
2691.0,3.103899811e-06,3.785577717e-08,5.100750329e-06,1.069748607e-07,3.514450542e-06,1.184588647e-07,2.330301999e-05,9.367112422e-07,3.189851979e-07,8.303986636e-09,8.869116883e-07,3.911403291e-08,2.205600763e-05,-3.657273479e-07,0.05091819579
2692.0,2.894644766e-06,3.92536508e-08,5.021317915e-06,1.008629305e-07,3.185134104e-06,1.467105501e-07,3.120877878e-05,9.491415745e-07,3.190903869e-07,8.215277161e-09,1.020944821e-06,4.4721733e-08,2.239959579e-05,2.185214035e-06,0.05092038101
2693.0,3.859079581e-06,4.91031542e-08,7.032506444e-06,1.906307753e-07,4.192354098e-06,1.679863343e-07,3.231331862e-05,9.782358808e-07,3.214394166e-07,8.426407178e-09,9.937775707e-07,4.006301836e-08,2.308455256e-05,9.915862288e-07,0.05092137259
2694.0,3.135779327e-06,3.770066448e-08,5.129217733e-06,1.07352317e-07,3.516475991e-06,1.18349992e-07,2.248857484e-05,9.372798336e-07,3.174471091e-07,8.235070708e-09,8.865973648e-07,3.908269163e-08,2.206943211e-05,-2.631024273e-07,0.05092110949
2695.0,2.877927215e-06,3.976293566e-08,5.009213611e-06,1.007144511e-07,3.180207798e-06,1.465672757e-07,3.237200898e-05,9.546814684e-07,3.169088963e-07,8.152615786e-09,1.020685993e-06,4.469731839e-08,2.25303485e-05,2.252926915e-06,0.05092336242
2696.0,3.888624317e-06,4.913161446e-08,7.034784942e-06,1.902330371e-07,4.189371836e-06,1.678173667e-07,3.079633672e-05,9.834503e-07,3.197554941e-07,8.381686729e-09,9.938446555e-07,4.005794231e-08,2.320763568e-05,1.033730519e-06,0.05092439615
2697.0,3.128649365e-06,3.835034178e-08,5.13377511e-06,1.080664692e-07,3.515481358e-06,1.186106841e-07,2.473366338e-05,9.478175975e-07,3.164034471e-07,8.193304914e-09,8.866795519e-07,3.908206544e-08,2.231745108e-05,-3.523864634e-07,0.05092404376
2698.0,2.930674911e-06,4.042661624e-08,5.015997101e-06,1.01203127e-07,3.192171678e-06,1.473738495e-07,3.323861004e-05,9.514593468e-07,3.16175384e-07,8.128438243e-09,1.021421557e-06,4.475929918e-08,2.245437813e-05,2.270828768e-06,0.05092631459
2699.0,3.875092365e-06,4.910035083e-08,7.05004885e-06,1.910323372e-07,4.199562964e-06,1.68504824e-07,3.419086569e-05,9.906410822e-07,3.192648942e-07,8.362926608e-09,9.941863041e-07,4.007258384e-08,2.337733592e-05,1.125426118e-06,0.05092744002
2700.0,3.155443707e-06,3.79402602e-08,5.136729595e-06,1.070728323e-07,3.522704571e-06,1.182702635e-07,2.266143015e-05,9.418769145e-07,3.159682634e-07,8.185541276e-09,8.873751522e-07,3.911249074e-08,2.217760803e-05,-4.225859014e-07,0.05092701743
2701.0,2.887583385e-06,4.032917983e-08,4.995903519e-06,9.957646654e-08,3.188855184e-06,1.471700602e-07,3.350104114e-05,9.504183009e-07,3.153647644e-07,8.152245913e-09,1.022290841e-06,4.47954078e-08,2.24297936e-05,2.193227512e-06,0.05092921066
2702.0,3.897743321e-06,4.891344357e-08,7.075939817e-06,1.913915745e-07,4.20089673e-06,1.68402048e-07,3.242550461e-05,9.837638702e-07,3.18733794e-07,8.375596658e-09,9.950566813e-07,4.010227331e-08,2.321500041e-05,1.111553207e-06,0.05093032221
2703.0,3.111135661e-06,3.74163645e-08,5.127177826e-06,1.071591026e-07,3.51759271e-06,1.181296713e-07,2.381449051e-05,9.358091378e-07,3.162177604e-07,8.239437702e-09,8.882858097e-07,3.91680886e-08,2.203476616e-05,-3.501948165e-07,0.05092997202
2704.0,2.913036085e-06,4.043803766e-08,5.007069367e-06,9.966870185e-08,3.184322935e-06,1.468571326e-07,3.18134967e-05,9.50496749e-07,3.156724622e-07,8.18635584e-09,1.023138286e-06,4.486867087e-08,2.243159309e-05,2.191184589e-06,0.0509321632
2705.0,3.870556538e-06,4.912828416e-08,7.052590624e-06,1.916028858e-07,4.195369656e-06,1.682694886e-07,3.277970545e-05,9.792294332e-07,3.188376299e-07,8.392554173e-09,9.954453148e-07,4.013184269e-08,2.310796844e-05,9.876885259e-07,0.05093315089
2706.0,3.136040305e-06,3.724522308e-08,5.12800513e-06,1.073205803e-07,3.518425925e-06,1.183576118e-07,2.296218169e-05,9.347319541e-07,3.167500628e-07,8.283341834e-09,8.893370311e-07,3.922374157e-08,2.20094286e-05,-2.629001402e-07,0.05093288799
2707.0,2.897175287e-06,4.093854659e-08,4.993423683e-06,9.957398259e-08,3.182761805e-06,1.468448666e-07,3.362973719e-05,9.557931259e-07,3.155181772e-07,8.21956131e-09,1.023620485e-06,4.488786461e-08,2.255659594e-05,2.238705655e-06,0.0509351267
2708.0,3.903753991e-06,4.912360724e-08,7.057314005e-06,1.91458702e-07,4.19746361e-06,1.685504451e-07,3.140269497e-05,9.842640302e-07,3.186702403e-07,8.418938978e-09,9.958817617e-07,4.014312692e-08,2.32267795e-05,1.031382036e-06,0.05093615808
2709.0,3.112224305e-06,3.754046867e-08,5.09074129e-06,1.070995585e-07,3.516323055e-06,1.182992127e-07,2.392659853e-05,9.463507342e-07,3.173394321e-07,8.320204071e-09,8.897348078e-07,3.926608937e-08,2.228291415e-05,-3.316213546e-07,0.05093582646
2710.0,2.930524309e-06,4.145108643e-08,5.006050779e-06,9.899739192e-08,3.184767666e-06,1.463156745e-07,3.202522251e-05,9.528035278e-07,3.160147068e-07,8.237969085e-09,1.023677952e-06,4.491949124e-08,2.248605694e-05,2.276551574e-06,0.05093810301
2711.0,3.857192676e-06,4.860381951e-08,7.038951941e-06,1.909422578e-07,4.193778533e-06,1.67927719e-07,3.252080262e-05,9.914330789e-07,3.191100491e-07,8.423215954e-09,9.956613548e-07,4.013708078e-08,2.339598929e-05,1.142238484e-06,0.05093924525
2712.0,3.13520583e-06,3.74378245e-08,5.119881727e-06,1.074830281e-07,3.51700281e-06,1.180568801e-07,2.209619395e-05,9.405176024e-07,3.175471245e-07,8.31404278e-09,8.898786606e-07,3.928339129e-08,2.214558689e-05,-4.449926185e-07,0.05093880025
2713.0,2.890921657e-06,4.121964637e-08,4.991245669e-06,9.944315407e-08,3.176595379e-06,1.459243081e-07,3.251672959e-05,9.501332372e-07,3.157503436e-07,8.241669213e-09,1.023244755e-06,4.4892449e-08,2.242297258e-05,2.19977862e-06,0.05094100003
2714.0,3.890944726e-06,4.867627995e-08,7.06489489e-06,1.911668973e-07,4.195506654e-06,1.680750503e-07,3.194110483e-05,9.864444008e-07,3.187360419e-07,8.423096838e-09,9.954828449e-07,4.011256925e-08,2.327827904e-05,1.138843996e-06,0.05094213888
2715.0,3.110529161e-06,3.713102374e-08,5.117046887e-06,1.077173153e-07,3.515525358e-06,1.182624088e-07,2.346724398e-05,9.353501817e-07,3.172742809e-07,8.286483879e-09,8.891572426e-07,3.927330216e-08,2.202387642e-05,-3.811745072e-07,0.0509417577
2716.0,2.920008437e-06,4.133764548e-08,5.006446645e-06,9.984790799e-08,3.175008096e-06,1.456501317e-07,3.12621125e-05,9.505353239e-07,3.157679715e-07,8.224136664e-09,1.022275028e-06,4.486528496e-08,2.243255482e-05,2.189684213e-06,0.05094394739
2717.0,3.868749718e-06,4.904530495e-08,7.064198925e-06,1.922231111e-07,4.193505742e-06,1.68190619e-07,3.329869747e-05,9.783099883e-07,3.183796622e-07,8.386223097e-09,9.944453194e-07,4.0081651e-08,2.308617956e-05,9.75409145e-07,0.0509449228
2718.0,3.136554541e-06,3.697665861e-08,5.125727083e-06,1.084257072e-07,3.519400133e-06,1.1877792e-07,2.246915409e-05,9.36022418e-07,3.162226953e-07,8.223979424e-09,8.881970002e-07,3.922167558e-08,2.203981265e-05,-2.693948797e-07,0.0509446534
2719.0,2.895634929e-06,4.177757569e-08,4.99031457e-06,1.002581982e-07,3.170576901e-06,1.450746803e-07,3.314366316e-05,9.552604583e-07,3.147173464e-07,8.202684548e-09,1.020964272e-06,4.47838049e-08,2.254402514e-05,2.249081941e-06,0.05094690248
2720.0,3.882455521e-06,4.850888383e-08,7.053321165e-06,1.911706714e-07,4.193724063e-06,1.675580213e-07,3.11808223e-05,9.8360734e-07,3.171437942e-07,8.350146022e-09,9.935432253e-07,4.001814951e-08,2.321129302e-05,1.03722442e-06,0.05094793971
2721.0,3.105388051e-06,3.720763023e-08,5.115889116e-06,1.081079602e-07,3.519442245e-06,1.188313985e-07,2.395170355e-05,9.456841703e-07,3.149545432e-07,8.156981013e-09,8.869478631e-07,3.91670923e-08,2.226723823e-05,-3.404753996e-07,0.05094759923
2722.0,2.948987644e-06,4.213221599e-08,5.03919959e-06,1.003420534e-07,3.181673476e-06,1.45237953e-07,3.342119335e-05,9.516979615e-07,3.141906413e-07,8.176216425e-09,1.019717008e-06,4.472969721e-08,2.245994495e-05,2.261872407e-06,0.0509498611
2723.0,3.863265114e-06,4.833569789e-08,7.062492407e-06,1.912531568e-07,4.198498887e-06,1.680576293e-07,3.348836858e-05,9.898214923e-07,3.16371515e-07,8.29171616e-09,9.924514862e-07,3.998408405e-08,2.335793203e-05,1.142705397e-06,0.05095100381
2724.0,3.134603609e-06,3.72240977e-08,5.123566594e-06,1.086174882e-07,3.521102739e-06,1.190189537e-07,2.209260146e-05,9.40388396e-07,3.131807982e-07,8.062379329e-09,8.858494126e-07,3.90978631e-08,2.214258305e-05,-4.19382575e-07,0.05095058443
2725.0,2.913730939e-06,4.184277529e-08,5.047711237e-06,1.010103949e-07,3.174285924e-06,1.450572243e-07,3.405157996e-05,9.495528898e-07,3.126530802e-07,8.130121068e-09,1.018323468e-06,4.464381043e-08,2.240929384e-05,2.197739647e-06,0.05095278217
2726.0,3.885991082e-06,4.810944532e-08,7.066754351e-06,1.906499233e-07,4.200247353e-06,1.681550797e-07,3.148173175e-05,9.840776026e-07,3.148891012e-07,8.244940117e-09,9.919994589e-07,3.994205775e-08,2.32224134e-05,1.134492762e-06,0.05095391666
2727.0,3.101986972e-06,3.695779725e-08,5.118074214e-06,1.085367746e-07,3.523380064e-06,1.193635929e-07,2.419973718e-05,9.365888392e-07,3.112864111e-07,7.967269824e-09,8.846020828e-07,3.905539009e-08,2.205311028e-05,-3.807673841e-07,0.05095353589
2728.0,2.938716275e-06,4.16117913e-08,5.030252859e-06,1.011437741e-07,3.174016677e-06,1.446672589e-07,3.166837024e-05,9.493226117e-07,3.116229365e-07,8.073389516e-09,1.017372734e-06,4.458962868e-08,2.240387751e-05,2.199010658e-06,0.0509557349
2729.0,3.853000953e-06,4.8348163e-08,7.016600109e-06,1.906850251e-07,4.196416064e-06,1.680698367e-07,3.315027521e-05,9.77530348e-07,3.140296231e-07,8.182745884e-09,9.913848841e-07,3.993597051e-08,2.306788137e-05,9.943417032e-07,0.05095672924
2730.0,3.127962256e-06,3.685907421e-08,5.15134345e-06,1.075799076e-07,3.529375035e-06,1.197238708e-07,2.24993355e-05,9.358808481e-07,3.093301951e-07,7.876602015e-09,8.84210083e-07,3.901427855e-08,2.203642216e-05,-2.608411163e-07,0.0509564684
2731.0,2.907489131e-06,4.177051514e-08,5.030471547e-06,1.005939617e-07,3.17004486e-06,1.438948983e-07,3.324044882e-05,9.540793826e-07,3.102306329e-07,8.022965998e-09,1.016881003e-06,4.455578154e-08,2.251614468e-05,2.266256837e-06,0.05095873466
2732.0,3.890400625e-06,4.838071925e-08,7.05730147e-06,1.909177276e-07,4.198687162e-06,1.682008239e-07,3.213327714e-05,9.812970808e-07,3.132556359e-07,8.161976466e-09,9.918324403e-07,3.993117546e-08,2.315677516e-05,1.037433702e-06,0.05095977209
2733.0,3.118565451e-06,3.748098863e-08,5.117060017e-06,1.079194382e-07,3.522881676e-06,1.196523265e-07,2.410561504e-05,9.471175476e-07,3.085254432e-07,7.836886907e-09,8.842680131e-07,3.903814657e-08,2.230099382e-05,-3.237690551e-07,0.05095944832
2734.0,2.93966894e-06,4.173038427e-08,5.034258534e-06,1.005496864e-07,3.170013619e-06,1.434269919e-07,3.219984114e-05,9.504683245e-07,3.104713531e-07,8.020878985e-09,1.017435523e-06,4.456961098e-08,2.243099226e-05,2.288694052e-06,0.05096173702
2735.0,3.85145365e-06,4.813770255e-08,7.047895889e-06,1.904970029e-07,4.193616425e-06,1.679656944e-07,3.264739952e-05,9.890818424e-07,3.141141062e-07,8.188030688e-09,9.922890802e-07,3.998366459e-08,2.334042574e-05,1.153817805e-06,0.05096289084
2736.0,3.145172694e-06,3.777919215e-08,5.108933772e-06,1.076558656e-07,3.522041008e-06,1.198629945e-07,2.244109106e-05,9.399555297e-07,3.085352833e-07,7.848655636e-09,8.853936657e-07,3.907575048e-08,2.213238826e-05,-4.301795398e-07,0.05096246066
2737.0,2.913526877e-06,4.130766446e-08,5.028797862e-06,1.015291622e-07,3.174875914e-06,1.446388774e-07,3.410521387e-05,9.470858074e-07,3.113247091e-07,8.091342511e-09,1.018404515e-06,4.462050881e-08,2.235103959e-05,2.184145889e-06,0.0509646448
2738.0,3.893163858e-06,4.829407801e-08,7.037286931e-06,1.904639097e-07,4.198983164e-06,1.683647616e-07,3.21830581e-05,9.828949038e-07,3.155042497e-07,8.280195358e-09,9.938613094e-07,4.003274521e-08,2.319454912e-05,1.140602934e-06,0.05096578541
2739.0,3.104426218e-06,3.75224235e-08,5.079582184e-06,1.066573492e-07,3.52166567e-06,1.19797801e-07,2.386159582e-05,9.362172675e-07,3.09550784e-07,7.933435559e-09,8.86498446e-07,3.914800034e-08,2.204437039e-05,-3.600148013e-07,0.05096542539
2740.0,2.921903815e-06,4.072749919e-08,5.049127464e-06,1.006122429e-07,3.175069507e-06,1.440254767e-07,3.155183352e-05,9.475032178e-07,3.134911489e-07,8.188748137e-09,1.019698667e-06,4.467385002e-08,2.236091117e-05,2.198086095e-06,0.05096762348
2741.0,3.859427203e-06,4.874045436e-08,7.049079659e-06,1.901602466e-07,4.20021762e-06,1.683430616e-07,3.286198424e-05,9.779518131e-07,3.176887503e-07,8.371462931e-09,9.949174437e-07,4.01168226e-08,2.307785842e-05,1.004923672e-06,0.0509686284
2742.0,3.144279916e-06,3.777109437e-08,5.111081101e-06,1.066479303e-07,3.52560083e-06,1.198705706e-07,2.28978616e-05,9.375668252e-07,3.109934453e-07,8.025149192e-09,8.87862867e-07,3.9190975e-08,2.207611146e-05,-2.769339452e-07,0.05096835147
2743.0,2.903681026e-06,4.084145859e-08,5.008881916e-06,1.008845547e-07,3.170292007e-06,1.439297476e-07,3.27651558e-05,9.523294369e-07,3.151566392e-07,8.270120544e-09,1.020689973e-06,4.472061813e-08,2.247486502e-05,2.264496777e-06,0.05097061596
2744.0,3.888128804e-06,4.887005239e-08,7.041856921e-06,1.897851868e-07,4.193747959e-06,1.678202374e-07,3.105473171e-05,9.82063289e-07,3.192967406e-07,8.462640927e-09,9.963925917e-07,4.015576222e-08,2.317484611e-05,1.055439734e-06,0.0509716714
2745.0,3.12350525e-06,3.841001949e-08,5.10712674e-06,1.069191244e-07,3.518240817e-06,1.194566943e-07,2.346048566e-05,9.476890449e-07,3.126693381e-07,8.117108284e-09,8.885305999e-07,3.924293753e-08,2.23144255e-05,-3.353825727e-07,0.05097133602
2746.0,2.921939983e-06,4.065682784e-08,5.007388608e-06,1.00552316e-07,3.173063715e-06,1.439324271e-07,3.139120311e-05,9.494144967e-07,3.170988622e-07,8.325401435e-09,1.021660793e-06,4.476702032e-08,2.240609917e-05,2.283894919e-06,0.05097361992
2747.0,3.858174489e-06,4.884415223e-08,7.035793992e-06,1.907272492e-07,4.194665649e-06,1.680835468e-07,3.34615784e-05,9.880238546e-07,3.206589215e-07,8.501625803e-09,9.967032925e-07,4.019227371e-08,2.331552801e-05,1.139907733e-06,0.05097475982
2748.0,3.160812904e-06,3.852295386e-08,5.099307539e-06,1.072445928e-07,3.522681818e-06,1.196341636e-07,2.300074246e-05,9.413956121e-07,3.135060937e-07,8.166610534e-09,8.891107933e-07,3.925293505e-08,2.216630756e-05,-4.252404701e-07,0.05097433458
2749.0,2.896695219e-06,4.018386446e-08,4.992539549e-06,1.003530262e-07,3.181469461e-06,1.453694914e-07,3.424321286e-05,9.464933548e-07,3.175738306e-07,8.336568895e-09,1.022027032e-06,4.476921385e-08,2.233709253e-05,2.192703942e-06,0.05097652729
2750.0,3.891375705e-06,4.878984731e-08,7.079590602e-06,1.904253998e-07,4.202071296e-06,1.682436503e-07,3.219737858e-05,9.820049945e-07,3.20759974e-07,8.500626187e-09,9.968654991e-07,4.016758586e-08,2.317353223e-05,1.13277525e-06,0.05097766006
2751.0,3.104822117e-06,3.796543848e-08,5.10059362e-06,1.062983715e-07,3.518291846e-06,1.190084387e-07,2.337623551e-05,9.373782472e-07,3.139889486e-07,8.183731328e-09,8.886683048e-07,3.923780468e-08,2.207171226e-05,-3.57919828e-07,0.05097730214
2752.0,2.914534977e-06,3.988410243e-08,5.017063952e-06,1.005479808e-07,3.17944675e-06,1.451591429e-07,3.270072004e-05,9.478222699e-07,3.177266014e-07,8.298014703e-09,1.021585114e-06,4.474869003e-08,2.236849314e-05,2.190592075e-06,0.05097949273
2753.0,3.87681234e-06,4.923432963e-08,7.052882381e-06,1.906305623e-07,4.196903224e-06,1.677687724e-07,3.321440736e-05,9.76646974e-07,3.205778338e-07,8.445906163e-09,9.956818208e-07,4.012542627e-08,2.304700519e-05,9.960990589e-07,0.05098048883
2754.0,3.149034778e-06,3.792089956e-08,5.137578638e-06,1.072249865e-07,3.522592882e-06,1.190600837e-07,2.3060911e-05,9.362211424e-07,3.138588375e-07,8.155784317e-09,8.878566446e-07,3.917359554e-08,2.204449501e-05,-2.557181256e-07,0.05098023312
2755.0,2.888060649e-06,3.985166639e-08,5.017634127e-06,1.005262654e-07,3.175047607e-06,1.451726371e-07,3.269418512e-05,9.526569467e-07,3.164765788e-07,8.222415755e-09,1.020335979e-06,4.466933461e-08,2.24825501e-05,2.25276124e-06,0.05098248588
2756.0,3.894290726e-06,4.929664731e-08,7.046135879e-06,1.905075745e-07,4.191864998e-06,1.676508204e-07,3.167172385e-05,9.810486111e-07,3.193402937e-07,8.380552757e-09,9.94416458e-07,4.004401656e-08,2.3150999e-05,1.026092339e-06,0.05098351197
2757.0,3.125140365e-06,3.848568968e-08,5.104600752e-06,1.076465837e-07,3.516825443e-06,1.188238807e-07,2.455304727e-05,9.493134592e-07,3.134849521e-07,8.127592859e-09,8.863559455e-07,3.910399117e-08,2.235263129e-05,-3.351954163e-07,0.05098317677
2758.0,2.931149722e-06,4.025295717e-08,5.00851543e-06,1.011359613e-07,3.182433456e-06,1.458224848e-07,3.28531676e-05,9.502761209e-07,3.155942493e-07,8.128984678e-09,1.019105312e-06,4.460801381e-08,2.242644729e-05,2.284055223e-06,0.05098546083
2759.0,3.857296527e-06,4.874113035e-08,7.035672182e-06,1.905613255e-07,4.192563215e-06,1.674525453e-07,3.274600425e-05,9.895823688e-07,3.180820568e-07,8.301924704e-09,9.925076476e-07,3.995452747e-08,2.335236114e-05,1.146446401e-06,0.05098660728
2760.0,3.1376469e-06,3.809271425e-08,5.127182307e-06,1.065587216e-07,3.516939919e-06,1.178973577e-07,2.237632972e-05,9.413498191e-07,3.126977559e-07,8.07794397e-09,8.850876523e-07,3.901860905e-08,2.216519719e-05,-4.23319529e-07,0.05098618396
2761.0,2.871126559e-06,3.939122353e-08,5.015132447e-06,1.002374209e-07,3.181914397e-06,1.459890432e-07,3.257665354e-05,9.482437717e-07,3.136773171e-07,8.04536146e-09,1.017882871e-06,4.452197717e-08,2.237843644e-05,2.197572844e-06,0.05098838153
2762.0,3.881379476e-06,4.883524762e-08,7.054557597e-06,1.908798148e-07,4.189460798e-06,1.672793122e-07,3.16058332e-05,9.834967261e-07,3.160676142e-07,8.225927143e-09,9.911675424e-07,3.986874556e-08,2.320866028e-05,1.127683082e-06,0.05098950921
2763.0,3.108790724e-06,3.766016534e-08,5.101193628e-06,1.069918256e-07,3.512283487e-06,1.176337207e-07,2.343588736e-05,9.364194035e-07,3.118233885e-07,8.039571118e-09,8.838133452e-07,3.895275254e-08,2.204916769e-05,-3.5744619e-07,0.05098915177
2764.0,2.898782081e-06,3.938812596e-08,5.0106649e-06,1.003595015e-07,3.180857227e-06,1.460382613e-07,3.11606712e-05,9.487155648e-07,3.124057869e-07,7.952186436e-09,1.017034057e-06,4.44879015e-08,2.238957147e-05,2.199442161e-06,0.05099135121
2765.0,3.86837848e-06,4.932929542e-08,7.042657798e-06,1.908907794e-07,4.188178439e-06,1.672432153e-07,3.279099321e-05,9.783923377e-07,3.145285107e-07,8.143404148e-09,9.897309472e-07,3.98080658e-08,2.308819745e-05,9.956048394e-07,0.05099234681
2766.0,3.137949128e-06,3.755471329e-08,5.111610481e-06,1.067504227e-07,3.515026874e-06,1.176107754e-07,2.204839791e-05,9.370997482e-07,3.108045587e-07,7.980249683e-09,8.832659621e-07,3.89123169e-08,2.206516086e-05,-2.744902827e-07,0.05099207232
2767.0,2.877609341e-06,3.982650896e-08,4.987342215e-06,1.006194243e-07,3.180461565e-06,1.46509212e-07,3.366043197e-05,9.544662322e-07,3.104793216e-07,7.888335624e-09,1.016554399e-06,4.444982102e-08,2.252526369e-05,2.243498793e-06,0.05099431582
2768.0,3.897156188e-06,4.92217612e-08,7.034862354e-06,1.907378246e-07,4.189118011e-06,1.673124516e-07,3.14040381e-05,9.830594784e-07,3.128532865e-07,8.094952856e-09,9.894165079e-07,3.978708049e-08,2.319840292e-05,1.035740587e-06,0.05099535156
2769.0,3.107430188e-06,3.792584296e-08,5.076247063e-06,1.066048401e-07,3.510333033e-06,1.175169188e-07,2.395482762e-05,9.479553511e-07,3.102297615e-07,7.959209389e-09,8.831706291e-07,3.890088779e-08,2.232074968e-05,-3.313532924e-07,0.05099502021
2770.0,2.90485073e-06,4.004308168e-08,5.023227626e-06,9.988442989e-08,3.186030084e-06,1.463624803e-07,3.180943838e-05,9.516711246e-07,3.099558248e-07,7.857223973e-09,1.016983232e-06,4.448637135e-08,2.245933122e-05,2.276962257e-06,0.05099729717
2771.0,3.847396893e-06,4.873460492e-08,7.039118416e-06,1.901787182e-07,4.188267358e-06,1.667495659e-07,3.222147561e-05,9.901918027e-07,3.125956996e-07,8.077058386e-09,9.895977317e-07,3.980103134e-08,2.336674154e-05,1.137011714e-06,0.05099843418
2772.0,3.143624505e-06,3.786918483e-08,5.102372976e-06,1.063966433e-07,3.513815429e-06,1.171539017e-07,2.246320208e-05,9.409553381e-07,3.102295341e-07,7.966640145e-09,8.839976404e-07,3.89368731e-08,2.215587939e-05,-4.381176262e-07,0.05099799606
2773.0,2.894982748e-06,4.00231349e-08,4.988704947e-06,9.959733337e-08,3.188328593e-06,1.470827115e-07,3.437329819e-05,9.494637641e-07,3.095558681e-07,7.888466142e-09,1.018064558e-06,4.453294241e-08,2.240723255e-05,2.187148473e-06,0.05100018321
2774.0,3.901559161e-06,4.89663136e-08,7.071505225e-06,1.906865125e-07,4.196435821e-06,1.674577265e-07,3.227910589e-05,9.853361389e-07,3.126841696e-07,8.110510404e-09,9.909086318e-07,3.985485292e-08,2.325214842e-05,1.126846109e-06,0.05100131006
2775.0,3.11829281e-06,3.764907184e-08,5.111885668e-06,1.06374171e-07,3.513592244e-06,1.174431685e-07,2.417191065e-05,9.362465272e-07,3.113340993e-07,8.043811565e-09,8.851608997e-07,3.900011366e-08,2.204498348e-05,-3.621188682e-07,0.05100094794
2776.0,2.915876876e-06,4.030675998e-08,4.985013469e-06,9.939266247e-08,3.183424238e-06,1.468532759e-07,3.196905346e-05,9.505670709e-07,3.105856453e-07,7.947439843e-09,1.019382038e-06,4.46241635e-08,2.243334488e-05,2.188539915e-06,0.05100313648
2777.0,3.879389984e-06,4.95542023e-08,7.043022373e-06,1.917914274e-07,4.19484125e-06,1.679523715e-07,3.402132655e-05,9.773334519e-07,3.137590083e-07,8.167876175e-09,9.918661246e-07,3.99152195e-08,2.306319029e-05,9.617760625e-07,0.05100409826
2778.0,3.144963986e-06,3.724661686e-08,5.100788613e-06,1.068910992e-07,3.5175293e-06,1.177770968e-07,2.307204923e-05,9.36772549e-07,3.127708196e-07,8.122654486e-09,8.866601581e-07,3.907011239e-08,2.205749576e-05,-2.62849285e-07,0.05100383541
2779.0,2.883062164e-06,4.068523721e-08,4.950002108e-06,9.884705912e-08,3.178277197e-06,1.462210983e-07,3.294780271e-05,9.554610902e-07,3.111215391e-07,8.018989014e-09,1.020515031e-06,4.466716348e-08,2.254879944e-05,2.251409629e-06,0.05100608682
2780.0,3.88468413e-06,4.899859635e-08,7.057292885e-06,1.904239734e-07,4.192247698e-06,1.672446294e-07,3.11604943e-05,9.839012828e-07,3.146267671e-07,8.241304028e-09,9.930779965e-07,3.995863704e-08,2.321819845e-05,1.033423031e-06,0.05100712024
2781.0,3.102810123e-06,3.751092529e-08,5.099542483e-06,1.060749155e-07,3.51475668e-06,1.176035057e-07,2.351524294e-05,9.467236457e-07,3.143672105e-07,8.200616601e-09,8.877486628e-07,3.914254536e-08,2.229177188e-05,-3.361648959e-07,0.05100678407
2782.0,2.923910808e-06,4.11590818e-08,4.976958606e-06,9.867201038e-08,3.181850394e-06,1.461576878e-07,3.250210743e-05,9.528944624e-07,3.124581505e-07,8.077236515e-09,1.02143922e-06,4.473747457e-08,2.248819156e-05,2.27479329e-06,0.05100905887
2783.0,3.861221847e-06,4.867974224e-08,7.039267176e-06,1.909896471e-07,4.190239718e-06,1.672768628e-07,3.26089691e-05,9.911293952e-07,3.15861706e-07,8.283803899e-09,9.936053344e-07,3.999297765e-08,2.338881529e-05,1.146423637e-06,0.05101020529
2784.0,3.137942335e-06,3.752685829e-08,5.101646462e-06,1.065729965e-07,3.514378382e-06,1.175577042e-07,2.190638261e-05,9.396443005e-07,3.152907041e-07,8.234876609e-09,8.885526887e-07,3.918889667e-08,2.212503075e-05,-4.279346091e-07,0.05100977736
2785.0,2.888332303e-06,4.081181252e-08,4.977775241e-06,9.866431937e-08,3.177847889e-06,1.46157948e-07,3.248615352e-05,9.499252334e-07,3.129592518e-07,8.110731704e-09,1.021557809e-06,4.474107719e-08,2.241807374e-05,2.192131435e-06,0.05101196949
2786.0,3.880264597e-06,4.860746131e-08,7.039066074e-06,1.906656859e-07,4.189840737e-06,1.67167747e-07,3.102271084e-05,9.853414243e-07,3.160780951e-07,8.303375416e-09,9.939244204e-07,3.999416073e-08,2.325224897e-05,1.129454907e-06,0.05101309894
2787.0,3.101577155e-06,3.721973768e-08,5.08550758e-06,1.069736499e-07,3.514103253e-06,1.178742889e-07,2.4409587e-05,9.370340578e-07,3.156861414e-07,8.23456945e-09,8.88395476e-07,3.920960153e-08,2.206358374e-05,-3.801624241e-07,0.05101271878
2788.0,2.920897193e-06,4.095217189e-08,4.970335951e-06,9.904776287e-08,3.177867212e-06,1.459905372e-07,3.179766809e-05,9.501508077e-07,3.136046149e-07,8.1096357e-09,1.021178647e-06,4.474406432e-08,2.242346591e-05,2.187360665e-06,0.05101490614
2789.0,3.856446199e-06,4.880039254e-08,7.010556464e-06,1.906920228e-07,4.192120826e-06,1.675215684e-07,3.294545184e-05,9.802042993e-07,3.161187658e-07,8.278504185e-09,9.932734091e-07,3.997818739e-08,2.313093489e-05,9.943120046e-07,0.05101590045
2790.0,3.129399713e-06,3.684387269e-08,5.128450308e-06,1.067830816e-07,3.522074443e-06,1.181015155e-07,2.291709681e-05,9.347220251e-07,3.15069787e-07,8.181672578e-09,8.877581287e-07,3.916987188e-08,2.200914182e-05,-2.677698938e-07,0.05101563268
2791.0,2.882773934e-06,4.106839857e-08,4.972581656e-06,9.834630851e-08,3.172133472e-06,1.449014027e-07,3.237405071e-05,9.551613289e-07,3.129738413e-07,8.095848377e-09,1.020092266e-06,4.468586723e-08,2.254169502e-05,2.248652423e-06,0.05101788134
2792.0,3.879816841e-06,4.856376763e-08,7.040443871e-06,1.908419789e-07,4.190798447e-06,1.671140693e-07,3.137742829e-05,9.83332805e-07,3.152099222e-07,8.242484382e-09,9.925594608e-07,3.992490719e-08,2.320479685e-05,1.02313611e-06,0.05101890447
2793.0,3.106688399e-06,3.701299434e-08,5.087103269e-06,1.068433229e-07,3.512918336e-06,1.175883804e-07,2.381550744e-05,9.453623842e-07,3.1410112e-07,8.109183042e-09,8.863217723e-07,3.911978818e-08,2.225962201e-05,-3.282534856e-07,0.05101857622
2794.0,2.928848546e-06,4.162972237e-08,4.996452476e-06,9.89262136e-08,3.173997435e-06,1.447304677e-07,3.185545206e-05,9.522944283e-07,3.126761804e-07,8.073064991e-09,1.018799977e-06,4.464044811e-08,2.247408751e-05,2.279088173e-06,0.05102085531
2795.0,3.848272939e-06,4.810900961e-08,7.042492448e-06,1.906949559e-07,4.187660472e-06,1.670652821e-07,3.229603784e-05,9.908390571e-07,3.144371704e-07,8.181418494e-09,9.910778752e-07,3.987746744e-08,2.338188365e-05,1.143619557e-06,0.05102199893
2796.0,3.127913092e-06,3.705471806e-08,5.083431688e-06,1.072320492e-07,3.511687893e-06,1.177370413e-07,2.204540708e-05,9.386645729e-07,3.123444269e-07,8.01497981e-09,8.85003411e-07,3.90476025e-08,2.210201264e-05,-4.347843907e-07,0.05102156414
2797.0,2.90969265e-06,4.158205279e-08,4.998868888e-06,1.001006147e-07,3.176990913e-06,1.457994405e-07,3.506914137e-05,9.489313305e-07,3.112905102e-07,8.042895715e-09,1.017362844e-06,4.456787688e-08,2.239456336e-05,2.171061365e-06,0.0510237352
2798.0,3.887702203e-06,4.797697063e-08,7.035428431e-06,1.90760859e-07,4.196617282e-06,1.677919554e-07,3.226546415e-05,9.840039703e-07,3.128762457e-07,8.131701074e-09,9.902310417e-07,3.982032868e-08,2.322068236e-05,1.124598842e-06,0.0510248598
2799.0,3.091855207e-06,3.652769071e-08,5.0728876e-06,1.068012938e-07,3.517102234e-06,1.181568679e-07,2.38545796e-05,9.354868999e-07,3.102413249e-07,7.924252485e-09,8.834471928e-07,3.898060426e-08,2.202719654e-05,-3.580551168e-07,0.05102450175
2800.0,2.923492576e-06,4.129856584e-08,5.022924078e-06,9.914280748e-08,3.176908481e-06,1.445241644e-07,3.268081983e-05,9.49747481e-07,3.101411938e-07,7.993596855e-09,1.015697248e-06,4.449206954e-08,2.241390974e-05,2.192637615e-06,0.05102669438
2801.0,3.853070376e-06,4.804465676e-08,7.052473135e-06,1.900901846e-07,4.199663866e-06,1.677114642e-07,3.259098026e-05,9.777409123e-07,3.116172223e-07,8.064918812e-09,9.889811818e-07,3.979053536e-08,2.307283506e-05,9.860754469e-07,0.05102768046
2802.0,3.121034408e-06,3.648199859e-08,5.107498664e-06,1.07023441e-07,3.519227457e-06,1.18305169e-07,2.251953741e-05,9.364044054e-07,3.076770716e-07,7.818931373e-09,8.821622612e-07,3.890647399e-08,2.204870057e-05,-2.739968424e-07,0.05102740646
2803.0,2.902805228e-06,4.146296434e-08,4.985501985e-06,9.934647302e-08,3.168040628e-06,1.435870968e-07,3.259103358e-05,9.538387604e-07,3.081101924e-07,7.928840178e-09,1.01428402e-06,4.44107464e-08,2.251051906e-05,2.256965105e-06,0.05102966343
2804.0,3.879218099e-06,4.799968326e-08,7.040860089e-06,1.899097681e-07,4.194610776e-06,1.67353614e-07,3.168554815e-05,9.82432606e-07,3.099219059e-07,8.017672877e-09,9.885924284e-07,3.975550557e-08,2.318356142e-05,1.036437032e-06,0.05103069987
2805.0,3.104092887e-06,3.686668172e-08,5.110097158e-06,1.074464417e-07,3.516616785e-06,1.18314038e-07,2.332815104e-05,9.462500518e-07,3.055831621e-07,7.736624974e-09,8.811220745e-07,3.887279831e-08,2.228052528e-05,-3.311482046e-07,0.05103036872
2806.0,2.939818611e-06,4.184645604e-08,5.000480085e-06,9.942362141e-08,3.171483469e-06,1.437068666e-07,3.235167134e-05,9.517503896e-07,3.070310332e-07,7.869184284e-09,1.013632587e-06,4.438308744e-08,2.246120016e-05,2.290325055e-06,0.05103265904
2807.0,3.854335522e-06,4.787975934e-08,7.035673693e-06,1.905864673e-07,4.197828901e-06,1.682749645e-07,3.427792114e-05,9.884714468e-07,3.091102487e-07,7.972268761e-09,9.882351765e-07,3.976049809e-08,2.332603867e-05,1.128791984e-06,0.05103378783
2808.0,3.146190003e-06,3.722021219e-08,5.114620699e-06,1.078159771e-07,3.52235195e-06,1.191017708e-07,2.275874458e-05,9.414646713e-07,3.037807595e-07,7.667861786e-09,8.8106654e-07,3.885920417e-08,2.216791267e-05,-4.237276472e-07,0.05103336411
2809.0,2.892091401e-06,4.111675164e-08,4.976070078e-06,9.921674634e-08,3.169054707e-06,1.440184478e-07,3.309248867e-05,9.476929063e-07,3.055641409e-07,7.83143386e-09,1.013512571e-06,4.435799505e-08,2.236541815e-05,2.200845594e-06,0.05103556495
2810.0,3.868451382e-06,4.770479712e-08,7.056967142e-06,1.894901161e-07,4.200810996e-06,1.681484663e-07,3.187780599e-05,9.836568849e-07,3.081795018e-07,7.965728608e-09,9.886862742e-07,3.976232595e-08,2.321244965e-05,1.137609826e-06,0.05103670256
2811.0,3.093849475e-06,3.679948119e-08,5.10066573e-06,1.06551544e-07,3.518859512e-06,1.186373499e-07,2.394487644e-05,9.346877343e-07,3.025702756e-07,7.641089953e-09,8.812807689e-07,3.888206933e-08,2.20083568e-05,-3.578765777e-07,0.05103634469
2812.0,2.92790547e-06,4.096968051e-08,5.012348622e-06,9.975353327e-08,3.174208926e-06,1.438357107e-07,3.223094438e-05,9.479317919e-07,3.054547091e-07,7.830368182e-09,1.013885554e-06,4.437427797e-08,2.237101141e-05,2.194022053e-06,0.05103853871
2813.0,3.859670141e-06,4.823099754e-08,7.030724331e-06,1.902282446e-07,4.195175347e-06,1.678270387e-07,3.299813271e-05,9.77686857e-07,3.084630043e-07,7.9862822e-09,9.891018282e-07,3.981731874e-08,2.307156552e-05,9.995501115e-07,0.05103953826
2814.0,3.127688129e-06,3.692722256e-08,5.113303435e-06,1.066199079e-07,3.520243652e-06,1.188544693e-07,2.231063302e-05,9.355920474e-07,3.018620558e-07,7.646297656e-09,8.820221343e-07,3.889615306e-08,2.202963653e-05,-2.578899179e-07,0.05103928037
2815.0,2.896593964e-06,4.101593073e-08,4.996995799e-06,9.965708941e-08,3.164611777e-06,1.432710999e-07,3.264059278e-05,9.532082621e-07,3.057143759e-07,7.87075211e-09,1.014489705e-06,4.439252831e-08,2.249552996e-05,2.26291803e-06,0.05104154329
2816.0,3.878437126e-06,4.836010981e-08,7.020195104e-06,1.898393917e-07,4.193085738e-06,1.6773148e-07,3.145075211e-05,9.830010733e-07,3.091129315e-07,8.056028662e-09,9.902777473e-07,3.986384411e-08,2.319703647e-05,1.050317117e-06,0.0510425936
2817.0,3.117278185e-06,3.788688316e-08,5.090720825e-06,1.075445988e-07,3.519115838e-06,1.19397695e-07,2.485107839e-05,9.48427625e-07,3.02399322e-07,7.703498502e-09,8.826552845e-07,3.894500762e-08,2.233178134e-05,-3.484632545e-07,0.05104224514
2818.0,2.936188225e-06,4.108003506e-08,4.996237584e-06,1.002195957e-07,3.172864638e-06,1.438448108e-07,3.223558525e-05,9.500000302e-07,3.072850025e-07,7.935106757e-09,1.01550764e-06,4.444887747e-08,2.241990135e-05,2.285922298e-06,0.05104453106
2819.0,3.839289225e-06,4.803123385e-08,6.995745789e-06,1.894670685e-07,4.192299082e-06,1.67688037e-07,3.290650875e-05,9.890654235e-07,3.106420624e-07,8.119957273e-09,9.910337263e-07,3.992387872e-08,2.334011711e-05,1.14517499e-06,0.05104567624
2820.0,3.135947131e-06,3.77597769e-08,5.113111188e-06,1.060895134e-07,3.519900552e-06,1.187148447e-07,2.207038606e-05,9.409030392e-07,3.033919022e-07,7.771891443e-09,8.836562588e-07,3.897734674e-08,2.215466088e-05,-4.212016891e-07,0.05104525504
2821.0,2.878351038e-06,4.021285786e-08,5.004707392e-06,9.96922164e-08,3.170640308e-06,1.438168433e-07,3.266582841e-05,9.473667183e-07,3.081778109e-07,7.987742763e-09,1.016360512e-06,4.448215726e-08,2.235775877e-05,2.199778554e-06,0.05104745481
2822.0,3.878068674e-06,4.826428883e-08,7.048644782e-06,1.901160905e-07,4.195211929e-06,1.677966878e-07,3.171200582e-05,9.824960243e-07,3.115543624e-07,8.18379185e-09,9.921217311e-07,3.995556538e-08,2.318503614e-05,1.127740227e-06,0.05104858255
2823.0,3.113184364e-06,3.759560702e-08,5.083557418e-06,1.063667971e-07,3.515603612e-06,1.187627776e-07,2.415521348e-05,9.348834528e-07,3.048211976e-07,7.852473997e-09,8.842688346e-07,3.902839702e-08,2.201294779e-05,-3.523545679e-07,0.0510482302
2824.0,2.926679466e-06,4.021798957e-08,5.026926076e-06,1.005101979e-07,3.179004185e-06,1.445812811e-07,3.299191118e-05,9.473075151e-07,3.092893286e-07,8.019411475e-09,1.017060488e-06,4.45211459e-08,2.235636841e-05,2.198019861e-06,0.05105042822
2825.0,3.869485819e-06,4.888518848e-08,7.05243057e-06,1.90671087e-07,4.19446559e-06,1.678377337e-07,3.306835929e-05,9.762848038e-07,3.125462929e-07,8.206356992e-09,9.921925716e-07,3.998154046e-08,2.303843437e-05,9.874699794e-07,0.05105141569
2826.0,3.132978886e-06,3.747065686e-08,5.09521877e-06,1.062765314e-07,3.517913583e-06,1.186089814e-07,2.221635579e-05,9.372210317e-07,3.057152156e-07,7.900343951e-09,8.846784639e-07,3.903265839e-08,2.206804858e-05,-2.584933577e-07,0.0510511572
2827.0,2.896952788e-06,4.048357723e-08,5.002565527e-06,1.009488163e-07,3.173459866e-06,1.445834282e-07,3.496630095e-05,9.533516163e-07,3.091195047e-07,8.017728902e-09,1.017013621e-06,4.451151677e-08,2.249896226e-05,2.257010002e-06,0.05105341421
2828.0,3.899594715e-06,4.897365564e-08,7.047640598e-06,1.906116988e-07,4.196571966e-06,1.677434257e-07,3.190806787e-05,9.813759675e-07,3.124657209e-07,8.209481382e-09,9.921704185e-07,3.996494029e-08,2.315867449e-05,1.039280671e-06,0.05105445349
2829.0,3.109857964e-06,3.795756948e-08,5.067651889e-06,1.062524802e-07,3.516704284e-06,1.184834079e-07,2.406363974e-05,9.478966695e-07,3.064747511e-07,7.930988839e-09,8.84303557e-07,3.902644453e-08,2.231936027e-05,-3.248059927e-07,0.05105412868
2830.0,2.914818292e-06,4.017578865e-08,5.035096878e-06,1.003589258e-07,3.179103372e-06,1.443941297e-07,3.204407038e-05,9.502253306e-07,3.092216432e-07,7.98492753e-09,1.016734456e-06,4.449806435e-08,2.242521192e-05,2.286150563e-06,0.05105641483
2831.0,3.845595664e-06,4.852982875e-08,7.051049264e-06,1.901764688e-07,4.192352601e-06,1.670160523e-07,3.287233077e-05,9.878200282e-07,3.121740791e-07,8.171791846e-09,9.911305064e-07,3.993095826e-08,2.331078617e-05,1.136879964e-06,0.05105755171
2832.0,3.141715438e-06,3.806717626e-08,5.101538722e-06,1.063297588e-07,3.515403021e-06,1.178856363e-07,2.184624079e-05,9.420653118e-07,3.064308862e-07,7.916051125e-09,8.838365161e-07,3.898917266e-08,2.218201999e-05,-4.258464627e-07,0.05105712586
2833.0,2.888931214e-06,3.984844104e-08,4.996012252e-06,1.003820681e-07,3.174948579e-06,1.448995178e-07,3.358004465e-05,9.481469107e-07,3.08048734e-07,7.925504776e-09,1.015908e-06,4.44441343e-08,2.237615658e-05,2.206759387e-06,0.05105933262
2834.0,3.886024142e-06,4.872038154e-08,7.073215848e-06,1.907040144e-07,4.192022327e-06,1.671341418e-07,3.160898794e-05,9.837175389e-07,3.108413443e-07,8.115017862e-09,9.90179494e-07,3.986326893e-08,2.321394314e-05,1.138228567e-06,0.05106047085
2835.0,3.108220585e-06,3.783791566e-08,5.103951868e-06,1.064981869e-07,3.509930784e-06,1.177538015e-07,2.337128605e-05,9.360029192e-07,3.058834162e-07,7.890140228e-09,8.826001242e-07,3.894052515e-08,2.203925469e-05,-3.627268727e-07,0.05106010813
2836.0,2.898888872e-06,3.95396469e-08,4.990402389e-06,1.003705502e-07,3.174325713e-06,1.451434876e-07,3.121617988e-05,9.483588112e-07,3.070184852e-07,7.84268457e-09,1.014924847e-06,4.440677892e-08,2.238122201e-05,2.196924031e-06,0.05106230505
2837.0,3.863956899e-06,4.953842028e-08,7.047101595e-06,1.919187567e-07,4.187508209e-06,1.67509e-07,3.363429068e-05,9.765353613e-07,3.094965121e-07,8.035444299e-09,9.885031029e-07,3.979213917e-08,2.304438099e-05,9.70289519e-07,0.05106327534
2838.0,3.137509831e-06,3.749757676e-08,5.109609478e-06,1.071788933e-07,3.514187033e-06,1.179887419e-07,2.259191439e-05,9.370879429e-07,3.046496471e-07,7.826649912e-09,8.814902845e-07,3.886753056e-08,2.20648925e-05,-2.611595025e-07,0.05106301418
2839.0,2.871180523e-06,3.975005924e-08,4.960808877e-06,1.001771179e-07,3.173556815e-06,1.451337406e-07,3.299440114e-05,9.535722253e-07,3.047837266e-07,7.752090791e-09,1.013875181e-06,4.432436423e-08,2.250423151e-05,2.25524788e-06,0.05106526943
2840.0,3.884761005e-06,4.919973849e-08,7.068270097e-06,1.90540059e-07,4.19144447e-06,1.666881025e-07,3.16201651e-05,9.831106991e-07,3.074818319e-07,7.959882367e-09,9.872759629e-07,3.971356276e-08,2.319958757e-05,1.037045035e-06,0.05106630647
2841.0,3.106211206e-06,3.782935746e-08,5.102394746e-06,1.064282413e-07,3.51219257e-06,1.171570103e-07,2.334574194e-05,9.475834445e-07,3.034762016e-07,7.773329374e-09,8.80188477e-07,3.880018143e-08,2.231201089e-05,-3.373712247e-07,0.0510659691
2842.0,2.910463983e-06,4.0009922e-08,5.002642629e-06,1.003632417e-07,3.179844407e-06,1.454235544e-07,3.174539804e-05,9.510668166e-07,3.035335845e-07,7.660650058e-09,1.013159692e-06,4.430712846e-08,2.244503736e-05,2.274079668e-06,0.05106824318
2843.0,3.854505139e-06,4.890189119e-08,7.037770388e-06,1.910847165e-07,4.183312687e-06,1.662365605e-07,3.27444624e-05,9.89610239e-07,3.059560384e-07,7.880675003e-09,9.860930951e-07,3.966240268e-08,2.335298964e-05,1.140123737e-06,0.0510693833
2844.0,3.138837666e-06,3.793380412e-08,5.109996482e-06,1.070086904e-07,3.507142046e-06,1.166431833e-07,2.170881577e-05,9.406472483e-07,3.024470586e-07,7.705620215e-09,8.797558555e-07,3.877083432e-08,2.214869322e-05,-4.216310873e-07,0.05106896167
2845.0,2.874326655e-06,3.967989567e-08,4.994322324e-06,1.001212076e-07,3.175531616e-06,1.458618996e-07,3.250640378e-05,9.488029127e-07,3.020446819e-07,7.600925361e-09,1.012889205e-06,4.42757676e-08,2.23915733e-05,2.194438287e-06,0.05107115611
2846.0,3.88639042e-06,4.906582035e-08,7.05540717e-06,1.909892571e-07,4.185261502e-06,1.66352595e-07,3.124910586e-05,9.840512721e-07,3.045646385e-07,7.83466213e-09,9.859864541e-07,3.96533567e-08,2.3221863e-05,1.122148969e-06,0.05107227826
2847.0,3.11531516e-06,3.788747573e-08,5.110082681e-06,1.077200134e-07,3.509683802e-06,1.172905393e-07,2.491956713e-05,9.367557479e-07,3.020616035e-07,7.699068619e-09,8.799436711e-07,3.878028076e-08,2.205700966e-05,-3.742809402e-07,0.05107190398
2848.0,2.919870099e-06,3.995288876e-08,5.000571495e-06,1.004151201e-07,3.18549103e-06,1.469110249e-07,3.252135097e-05,9.495974912e-07,3.020754484e-07,7.580854264e-09,1.013497243e-06,4.433771694e-08,2.24104255e-05,2.189630808e-06,0.05107409361
2849.0,3.868954553e-06,4.95673933e-08,7.033233852e-06,1.913601225e-07,4.18819758e-06,1.669211152e-07,3.318861772e-05,9.784145439e-07,3.045507761e-07,7.826095114e-09,9.864454477e-07,3.967426679e-08,2.308878391e-05,9.750575468e-07,0.05107506867
2850.0,3.130326046e-06,3.735348271e-08,5.146851824e-06,1.069217804e-07,3.516005342e-06,1.170406749e-07,2.241710138e-05,9.366979054e-07,3.025291455e-07,7.725278042e-09,8.808164101e-07,3.882711331e-08,2.205567698e-05,-2.619313753e-07,0.05107480674
2851.0,2.872924774e-06,4.01201251e-08,4.986502802e-06,9.920431627e-08,3.177419153e-06,1.455385291e-07,3.238719046e-05,9.550602508e-07,3.023546593e-07,7.632381381e-09,1.014680469e-06,4.438589701e-08,2.253937283e-05,2.252534846e-06,0.05107705927
2852.0,3.895933984e-06,4.94043563e-08,7.052973676e-06,1.909749865e-07,4.188427768e-06,1.663799928e-07,3.166584777e-05,9.840332969e-07,3.052388809e-07,7.888294536e-09,9.878099237e-07,3.974895412e-08,2.322132289e-05,1.026662718e-06,0.05107808593
2853.0,3.119235363e-06,3.76747369e-08,5.099598601e-06,1.070518526e-07,3.508988926e-06,1.164953666e-07,2.391120432e-05,9.457572109e-07,3.04467371e-07,7.830633733e-09,8.823289842e-07,3.890837559e-08,2.226897414e-05,-3.30975484e-07,0.05107775496
2854.0,2.917261937e-06,4.060738348e-08,4.997585465e-06,9.93315468e-08,3.180091398e-06,1.457253902e-07,3.179997957e-05,9.528073079e-07,3.045068664e-07,7.734593435e-09,1.016556247e-06,4.451292748e-08,2.248617731e-05,2.280947138e-06,0.05108003591
2855.0,3.867699695e-06,4.917578989e-08,7.066586472e-06,1.91485905e-07,4.185101744e-06,1.665553852e-07,3.301596011e-05,9.906698971e-07,3.075032911e-07,7.986167816e-09,9.89317723e-07,3.982711592e-08,2.337790582e-05,1.131957939e-06,0.05108116786
2856.0,3.14343468e-06,3.787199087e-08,5.100190775e-06,1.072016962e-07,3.506053802e-06,1.166484595e-07,2.166535172e-05,9.407768396e-07,3.070059679e-07,7.949519656e-09,8.842685577e-07,3.902392252e-08,2.215179046e-05,-4.348502745e-07,0.05108073301
2857.0,2.883915023e-06,4.05977532e-08,4.97196937e-06,9.979896023e-08,3.176628817e-06,1.465128195e-07,3.350553089e-05,9.498336928e-07,3.063766395e-07,7.854416867e-09,1.018432674e-06,4.459381975e-08,2.24159098e-05,2.178049582e-06,0.05108291106
2858.0,3.897379297e-06,4.902270196e-08,7.055490109e-06,1.918883495e-07,4.187539456e-06,1.667739756e-07,3.207882314e-05,9.848289118e-07,3.093910296e-07,8.092894582e-09,9.91131503e-07,3.991040661e-08,2.324021003e-05,1.117307069e-06,0.05108402837
2859.0,3.105312057e-06,3.733676076e-08,5.082789883e-06,1.067817829e-07,3.509911878e-06,1.17148712e-07,2.420960576e-05,9.34891233e-07,3.095185657e-07,8.069025982e-09,8.860789983e-07,3.91124556e-08,2.201315425e-05,-3.608349107e-07,0.05108366754
2860.0,2.924858316e-06,4.075446368e-08,5.016621385e-06,9.888097231e-08,3.188365728e-06,1.464631348e-07,3.309109499e-05,9.499917546e-07,3.086532899e-07,7.949217499e-09,1.019970789e-06,4.469166811e-08,2.241965902e-05,2.181625725e-06,0.05108584916
2861.0,3.876079961e-06,4.930686661e-08,7.076266461e-06,1.914212347e-07,4.196349935e-06,1.671719044e-07,3.336417053e-05,9.794797573e-07,3.115013947e-07,8.168231789e-09,9.923400809e-07,3.996755474e-08,2.311394848e-05,9.717222693e-07,0.05108682088
2862.0,3.134491771e-06,3.712354713e-08,5.116044493e-06,1.070017363e-07,3.516387143e-06,1.173627709e-07,2.287209942e-05,9.366322053e-07,3.112846015e-07,8.139500125e-09,8.873607888e-07,3.918105346e-08,2.205411971e-05,-2.677953404e-07,0.05108655309
2863.0,2.905366378e-06,4.136090503e-08,4.97852645e-06,9.907683857e-08,3.175936671e-06,1.453295294e-07,3.352532588e-05,9.557330955e-07,3.097003701e-07,8.017328855e-09,1.020725856e-06,4.471411587e-08,2.255520102e-05,2.260045607e-06,0.05108881313
2864.0,3.9006977e-06,4.906010686e-08,7.076061859e-06,1.912910384e-07,4.193504947e-06,1.668611478e-07,3.175638349e-05,9.836193189e-07,3.12527046e-07,8.220080532e-09,9.93167558e-07,3.999563887e-08,2.321157336e-05,1.029661979e-06,0.0510898428
2865.0,3.117038922e-06,3.745455886e-08,5.11505018e-06,1.072261236e-07,3.513936339e-06,1.173238393e-07,2.346073286e-05,9.458729167e-07,3.125483044e-07,8.174051089e-09,8.876687035e-07,3.920638549e-08,2.227165668e-05,-3.335795108e-07,0.05108950922
2866.0,2.925646343e-06,4.151414595e-08,4.974851634e-06,9.878571197e-08,3.174437939e-06,1.447997733e-07,3.151387067e-05,9.528207031e-07,3.108642919e-07,8.043600293e-09,1.02096209e-06,4.474886522e-08,2.248648428e-05,2.280075746e-06,0.05109178929
2867.0,3.85680897e-06,4.865206753e-08,7.05184652e-06,1.918635576e-07,4.189486574e-06,1.669245933e-07,3.356140258e-05,9.908400585e-07,3.13229389e-07,8.219693942e-09,9.929877604e-07,3.999655979e-08,2.338198453e-05,1.12437152e-06,0.05109291366
2868.0,3.143187674e-06,3.750366092e-08,5.100774165e-06,1.077449701e-07,3.512919234e-06,1.175754709e-07,2.264957435e-05,9.40343247e-07,3.125623682e-07,8.144827651e-09,8.875372737e-07,3.919750171e-08,2.214152121e-05,-4.251052527e-07,0.05109248856
2869.0,2.88450195e-06,4.114279973e-08,4.95646648e-06,9.871935025e-08,3.171400615e-06,1.448645407e-07,3.267818104e-05,9.497936153e-07,3.104614156e-07,8.032395712e-09,1.020475732e-06,4.470801729e-08,2.24149613e-05,2.198567636e-06,0.05109468713
2870.0,3.88661036e-06,4.856877251e-08,7.085046321e-06,1.912138479e-07,4.195824862e-06,1.672261259e-07,3.263051104e-05,9.859419767e-07,3.125959903e-07,8.191450796e-09,9.92628546e-07,3.995764313e-08,2.326640003e-05,1.144662035e-06,0.05109583179
2871.0,3.097276198e-06,3.704367402e-08,5.110019632e-06,1.070090906e-07,3.512777634e-06,1.174816598e-07,2.33575359e-05,9.352100748e-07,3.11927972e-07,8.075684728e-09,8.865282544e-07,3.915197235e-08,2.202062886e-05,-3.714697264e-07,0.05109546032
2872.0,2.915920396e-06,4.102252839e-08,4.99790872e-06,9.932455181e-08,3.173620768e-06,1.446323496e-07,3.142584136e-05,9.497839338e-07,3.099504905e-07,7.979101808e-09,1.019132961e-06,4.465259202e-08,2.241475759e-05,2.182525345e-06,0.05109764284
2873.0,3.863347394e-06,4.858584447e-08,7.050168216e-06,1.912999434e-07,4.18929829e-06,1.667740273e-07,3.295848426e-05,9.789925098e-07,3.117983893e-07,8.109581681e-09,9.911454811e-07,3.990878217e-08,2.310233375e-05,9.941155007e-07,0.05109863696
2874.0,3.129454386e-06,3.695293372e-08,5.127428598e-06,1.075949112e-07,3.516475845e-06,1.179095008e-07,2.272242164e-05,9.354954502e-07,3.102565339e-07,7.964395053e-09,8.851110907e-07,3.906070983e-08,2.202739703e-05,-2.611633782e-07,0.0510983758
2875.0,2.898745785e-06,4.15424188e-08,5.00438008e-06,9.972721464e-08,3.166049258e-06,1.4409301e-07,3.246104652e-05,9.550330677e-07,3.08315105e-07,7.912376892e-09,1.017216297e-06,4.454426667e-08,2.253859164e-05,2.257461664e-06,0.05110063326
2876.0,3.874953626e-06,4.837039848e-08,7.035072795e-06,1.908984245e-07,4.185192931e-06,1.666151443e-07,3.07836819e-05,9.837589155e-07,3.102266123e-07,8.034003358e-09,9.898936811e-07,3.982609292e-08,2.321491613e-05,1.043330381e-06,0.05110167659
2877.0,3.111235891e-06,3.753839148e-08,5.113439389e-06,1.089010789e-07,3.513370843e-06,1.184287084e-07,2.492347391e-05,9.466284334e-07,3.084884603e-07,7.859677587e-09,8.834089606e-07,3.898703602e-08,2.22893781e-05,-3.521929184e-07,0.05110132439
2878.0,2.951551136e-06,4.199565229e-08,5.001147821e-06,1.003147541e-07,3.176803698e-06,1.445935383e-07,3.368665702e-05,9.511108299e-07,3.072944946e-07,7.857904794e-09,1.015759257e-06,4.446863612e-08,2.244611602e-05,2.272512865e-06,0.05110359691
2879.0,3.852285884e-06,4.79019883e-08,7.031906549e-06,1.90614558e-07,4.19598209e-06,1.672901858e-07,3.329521107e-05,9.898082138e-07,3.093517811e-07,7.959831643e-09,9.886231137e-07,3.977710858e-08,2.335767469e-05,1.137204608e-06,0.05110473411
2880.0,3.129147998e-06,3.709616937e-08,5.139255053e-06,1.076492444e-07,3.520756501e-06,1.180196103e-07,2.232827439e-05,9.412056286e-07,3.06296736e-07,7.761215969e-09,8.820939756e-07,3.889680072e-08,2.2161784e-05,-4.270206025e-07,0.05110430709
2881.0,2.898743446e-06,4.133914493e-08,5.026475714e-06,9.99126581e-08,3.173185889e-06,1.441470936e-07,3.364021278e-05,9.492732841e-07,3.057464933e-07,7.802770402e-09,1.014257088e-06,4.438761713e-08,2.240271156e-05,2.197537444e-06,0.05110650463
2882.0,3.881069171e-06,4.796604406e-08,7.062233258e-06,1.907519191e-07,4.196973938e-06,1.6763061e-07,3.203718519e-05,9.830409179e-07,3.081084953e-07,7.919917412e-09,9.882568409e-07,3.973551395e-08,2.319787149e-05,1.126246195e-06,0.05110763088
2883.0,3.104268912e-06,3.68151636e-08,5.109229564e-06,1.079029823e-07,3.517849973e-06,1.181741182e-07,2.358874896e-05,9.354571706e-07,3.044667967e-07,7.682668851e-09,8.808518086e-07,3.886386379e-08,2.202648239e-05,-3.597063829e-07,0.05110727117
2884.0,2.922966983e-06,4.105546169e-08,5.021420658e-06,9.997462314e-08,3.169429485e-06,1.436429743e-07,3.142345155e-05,9.487336138e-07,3.050285988e-07,7.758869771e-09,1.0135011e-06,4.434629483e-08,2.238997325e-05,2.197751905e-06,0.05110946892
2885.0,3.860132544e-06,4.826802858e-08,7.054593279e-06,1.90920982e-07,4.195065136e-06,1.676215534e-07,3.286864818e-05,9.769137581e-07,3.077576973e-07,7.887189658e-09,9.878006412e-07,3.975128614e-08,2.305328721e-05,9.93113702e-07,0.05111046203
2886.0,3.130401695e-06,3.683067925e-08,5.116794159e-06,1.075797487e-07,3.52055253e-06,1.184913942e-07,2.220683983e-05,9.353077933e-07,3.029160043e-07,7.613557515e-09,8.8070617e-07,3.883441113e-08,2.202293871e-05,-2.623201548e-07,0.05111019971
2887.0,2.906033475e-06,4.137171131e-08,5.001348062e-06,1.002633821e-07,3.169553708e-06,1.438682089e-07,3.450658623e-05,9.534974376e-07,3.042774263e-07,7.744663691e-09,1.013412821e-06,4.434990382e-08,2.250238426e-05,2.249661607e-06,0.05111244938
2888.0,3.900332885e-06,4.841308163e-08,7.053851279e-06,1.909672155e-07,4.200382013e-06,1.684637285e-07,3.247630383e-05,9.818670123e-07,3.07671636e-07,7.908288085e-09,9.886143739e-07,3.97690471e-08,2.317024004e-05,1.039607343e-06,0.05111348898
2889.0,3.108345421e-06,3.733886829e-08,5.088399214e-06,1.073467608e-07,3.520206919e-06,1.189420405e-07,2.434336779e-05,9.468874795e-07,3.022900428e-07,7.596232198e-09,8.80963694e-07,3.886564188e-08,2.229557219e-05,-3.19415835e-07,0.05111316957
2890.0,2.932674521e-06,4.130044742e-08,5.039400409e-06,9.953426483e-08,3.175048138e-06,1.435724091e-07,3.206329758e-05,9.501365888e-07,3.053035923e-07,7.787732416e-09,1.014318969e-06,4.439047784e-08,2.242309238e-05,2.285875603e-06,0.05111545544
2891.0,3.838675897e-06,4.781259011e-08,7.035784559e-06,1.897652707e-07,4.19422755e-06,1.673667935e-07,3.239765011e-05,9.894025373e-07,3.090358034e-07,7.972108207e-09,9.893890447e-07,3.985089683e-08,2.33480862e-05,1.155918191e-06,0.05111661136
2892.0,3.139010735e-06,3.759933317e-08,5.107696036e-06,1.07355022e-07,3.517954356e-06,1.185434879e-07,2.265580096e-05,9.396834063e-07,3.025242036e-07,7.627464761e-09,8.822949791e-07,3.890192421e-08,2.21258997e-05,-4.26896405e-07,0.05111618447
2893.0,2.909185973e-06,4.086548375e-08,5.011315439e-06,9.9901249e-08,3.171054415e-06,1.437792608e-07,3.370161723e-05,9.47243415e-07,3.068014667e-07,7.880345921e-09,1.015606256e-06,4.446601103e-08,2.235480849e-05,2.20002672e-06,0.05111838449
2894.0,3.883548808e-06,4.812454901e-08,7.057459487e-06,1.898143524e-07,4.197471052e-06,1.678795918e-07,3.156897967e-05,9.836415287e-07,3.10583525e-07,8.075517437e-09,9.912678984e-07,3.99104388e-08,2.321212314e-05,1.144861156e-06,0.05111952935
2895.0,3.109304574e-06,3.751357152e-08,5.099824902e-06,1.067241326e-07,3.514731389e-06,1.185664883e-07,2.342382615e-05,9.355906189e-07,3.03794629e-07,7.71648262e-09,8.833711589e-07,3.898267124e-08,2.202952718e-05,-3.597983873e-07,0.05111916955
2896.0,2.914712386e-06,4.042974688e-08,4.999473868e-06,9.989416711e-08,3.169068618e-06,1.435831533e-07,3.124680493e-05,9.475117375e-07,3.093123713e-07,7.981101629e-09,1.017148634e-06,4.454085389e-08,2.236121339e-05,2.195133752e-06,0.05112136469
2897.0,3.86600723e-06,4.891936677e-08,7.038642828e-06,1.914696177e-07,4.196928551e-06,1.685764955e-07,3.42046372e-05,9.767457191e-07,3.12703117e-07,8.167001799e-09,9.923038046e-07,4.000021646e-08,2.304931091e-05,9.88136454e-07,0.05112235282
2898.0,3.149100914e-06,3.754114183e-08,5.101851288e-06,1.068753161e-07,3.522662983e-06,1.194394448e-07,2.290475269e-05,9.36184998e-07,3.051949322e-07,7.802705989e-09,8.848532036e-07,3.903102599e-08,2.204360253e-05,-2.60495563e-07,0.05112209233
2899.0,2.886451843e-06,4.037723612e-08,4.963217617e-06,9.966233584e-08,3.168161307e-06,1.43482568e-07,3.309985352e-05,9.523352993e-07,3.109811198e-07,8.064886351e-09,1.018276235e-06,4.459164765e-08,2.247501765e-05,2.255667656e-06,0.051124348
2900.0,3.881080402e-06,4.865513323e-08,7.059043409e-06,1.899331569e-07,4.195830818e-06,1.676590635e-07,3.122317302e-05,9.816097466e-07,3.1431393e-07,8.251440517e-09,9.937573647e-07,4.00310399e-08,2.316414233e-05,1.045733183e-06,0.05112539373
2901.0,3.106392122e-06,3.79275555e-08,5.091793299e-06,1.059143604e-07,3.517674088e-06,1.188060323e-07,2.338415571e-05,9.47450858e-07,3.07157313e-07,7.894418857e-09,8.856590647e-07,3.909411595e-08,2.230887892e-05,-3.285268579e-07,0.0511250652
2902.0,2.924203309e-06,4.04824776e-08,5.014497656e-06,1.00023183e-07,3.173658852e-06,1.437344559e-07,3.197439532e-05,9.493085036e-07,3.129919841e-07,8.120541188e-09,1.019389468e-06,4.464178587e-08,2.240353503e-05,2.275432807e-06,0.05112734064
2903.0,3.85438946e-06,4.85087641e-08,7.033118997e-06,1.904465994e-07,4.18947195e-06,1.673068922e-07,3.273696813e-05,9.885716765e-07,3.158540615e-07,8.290447866e-09,9.94081864e-07,4.007678421e-08,2.332846408e-05,1.154952496e-06,0.05112849559
2904.0,3.14744158e-06,3.816894999e-08,5.103492685e-06,1.065350149e-07,3.517399334e-06,1.188243954e-07,2.245810533e-05,9.399935587e-07,3.085154461e-07,7.948960822e-09,8.865244781e-07,3.911499415e-08,2.213328796e-05,-4.172721814e-07,0.05112807832
2905.0,2.90424835e-06,4.009145837e-08,5.027024736e-06,1.004615048e-07,3.177432134e-06,1.448323452e-07,3.41779253e-05,9.466176414e-07,3.133867685e-07,8.140391124e-09,1.019721401e-06,4.465195244e-08,2.23399988e-05,2.188026219e-06,0.05113026634
2906.0,3.893586873e-06,4.870886729e-08,7.0621543e-06,1.90665362e-07,4.196107179e-06,1.675587252e-07,3.206495025e-05,9.826478584e-07,3.161549004e-07,8.289963922e-09,9.943840446e-07,4.006551462e-08,2.318874084e-05,1.13331852e-06,0.05113139966
2907.0,3.119128092e-06,3.814540346e-08,5.100470752e-06,1.069846036e-07,3.519552832e-06,1.192964134e-07,2.483810909e-05,9.380263927e-07,3.093062437e-07,7.978013069e-09,8.862377698e-07,3.912000146e-08,2.208692811e-05,-3.659340732e-07,0.05113103373
2908.0,2.927954649e-06,3.999762951e-08,5.014667692e-06,1.007275093e-07,3.180606483e-06,1.450900884e-07,3.257466424e-05,9.478509333e-07,3.136729414e-07,8.105424983e-09,1.019437582e-06,4.463914832e-08,2.236920484e-05,2.197039606e-06,0.05113323077
2909.0,3.866544384e-06,4.91825071e-08,7.035185862e-06,1.910656062e-07,4.196296034e-06,1.677014109e-07,3.353942212e-05,9.76405624e-07,3.159540503e-07,8.243064509e-09,9.9333556e-07,4.003049165e-08,2.304136338e-05,9.874577038e-07,0.05113421822
2910.0,3.136985032e-06,3.765006989e-08,5.142576227e-06,1.064962004e-07,3.525541819e-06,1.189958859e-07,2.260475856e-05,9.370004941e-07,3.093095674e-07,7.955363235e-09,8.856332948e-07,3.906678363e-08,2.206279827e-05,-2.57673344e-07,0.05113396055
2911.0,2.876655259e-06,3.971883003e-08,5.008687781e-06,9.999324946e-08,3.173953964e-06,1.442427807e-07,3.242816973e-05,9.527124533e-07,3.124397865e-07,8.0385813e-09,1.018326108e-06,4.456994994e-08,2.24839685e-05,2.255179504e-06,0.05113621573
2912.0,3.883764628e-06,4.90844788e-08,7.050323548e-06,1.908487569e-07,4.18781241e-06,1.667171518e-07,3.113730493e-05,9.817126864e-07,3.146908555e-07,8.178278927e-09,9.92404567e-07,3.99613081e-08,2.316655943e-05,1.035834897e-06,0.05113725157
2913.0,3.114454063e-06,3.803960464e-08,5.088802311e-06,1.067866547e-07,3.512656365e-06,1.181500644e-07,2.380817165e-05,9.46684751e-07,3.091023215e-07,7.93460856e-09,8.844130587e-07,3.901458997e-08,2.229082479e-05,-3.212625827e-07,0.0511369303
2914.0,2.921845481e-06,4.008613719e-08,5.028153289e-06,1.007501884e-07,3.179804892e-06,1.449710293e-07,3.242404845e-05,9.506707187e-07,3.11592024e-07,7.947152464e-09,1.017430451e-06,4.452271587e-08,2.243576276e-05,2.284887839e-06,0.05113921519
2915.0,3.866281267e-06,4.906410724e-08,7.076573696e-06,1.915247897e-07,4.187999668e-06,1.669756497e-07,3.281156844e-05,9.890958832e-07,3.135438557e-07,8.107872004e-09,9.908320299e-07,3.989070272e-08,2.334075502e-05,1.145369128e-06,0.05114036056
2916.0,3.145541404e-06,3.832281783e-08,5.100468913e-06,1.07221586e-07,3.511077442e-06,1.179820016e-07,2.179807932e-05,9.41682774e-07,3.084582487e-07,7.889488035e-09,8.834679077e-07,3.895695995e-08,2.217312372e-05,-4.310927188e-07,0.05113992947
2917.0,2.880268622e-06,3.977716934e-08,5.00285591e-06,1.014443901e-07,3.176113489e-06,1.46131855e-07,3.352020862e-05,9.479247681e-07,3.096950291e-07,7.871163792e-09,1.016354169e-06,4.444769616e-08,2.237086809e-05,2.177436156e-06,0.0511421069
2918.0,3.88821084e-06,4.885207157e-08,7.057965643e-06,1.918244091e-07,4.186638774e-06,1.668532411e-07,3.187555271e-05,9.832764848e-07,3.117920322e-07,8.04217922e-09,9.898961712e-07,3.982410048e-08,2.320357624e-05,1.12593674e-06,0.05114323284
2919.0,3.101021802e-06,3.772558452e-08,5.084848684e-06,1.070633181e-07,3.510322142e-06,1.178410958e-07,2.364975094e-05,9.365751853e-07,3.076859671e-07,7.859905896e-09,8.825624703e-07,3.889683882e-08,2.2052817e-05,-3.561324619e-07,0.05114287671
2920.0,2.898807474e-06,3.94969347e-08,5.031401093e-06,1.004363148e-07,3.182829026e-06,1.458258768e-07,3.141360294e-05,9.48625702e-07,3.085730011e-07,7.788261114e-09,1.015602109e-06,4.441672815e-08,2.238743178e-05,2.187311199e-06,0.05114506402
2921.0,3.861514181e-06,4.923219011e-08,7.064631689e-06,1.911322661e-07,4.191704898e-06,1.669911922e-07,3.265787797e-05,9.791016443e-07,3.105383894e-07,7.98179252e-09,9.889270242e-07,3.978185803e-08,2.310501527e-05,9.874094551e-07,0.05114605143
2922.0,3.136795226e-06,3.758903577e-08,5.123321834e-06,1.075209763e-07,3.515167981e-06,1.176525595e-07,2.257928193e-05,9.370118697e-07,3.070319316e-07,7.817390638e-09,8.821970676e-07,3.88686419e-08,2.206306205e-05,-2.721570611e-07,0.05114577927
2923.0,2.882211047e-06,3.988241741e-08,4.999038026e-06,1.008285877e-07,3.176333835e-06,1.456635276e-07,3.267700371e-05,9.540715806e-07,3.070018778e-07,7.739826458e-09,1.01532736e-06,4.438498754e-08,2.251600582e-05,2.252919604e-06,0.05114803219
2924.0,3.891303261e-06,4.917830104e-08,7.060828347e-06,1.908683178e-07,4.185120656e-06,1.664864301e-07,3.086932751e-05,9.834726014e-07,3.095317378e-07,7.957378767e-09,9.890135254e-07,3.978219047e-08,2.320812046e-05,1.037042354e-06,0.05114906923
2925.0,3.116908983e-06,3.798245009e-08,5.116760646e-06,1.0754464e-07,3.509299561e-06,1.172197323e-07,2.323104852e-05,9.468384132e-07,3.071321811e-07,7.821515176e-09,8.824162315e-07,3.887106026e-08,2.229440708e-05,-3.354955682e-07,0.05114873374
2926.0,2.911676068e-06,4.020202923e-08,5.002076561e-06,1.003953516e-07,3.180115794e-06,1.457767962e-07,3.142510478e-05,9.517022921e-07,3.071477383e-07,7.730180664e-09,1.016065465e-06,4.444603759e-08,2.246011061e-05,2.271520165e-06,0.05115100526
2927.0,3.864468153e-06,4.908335157e-08,7.06109676e-06,1.919217997e-07,4.188252463e-06,1.669450862e-07,3.325874574e-05,9.902060271e-07,3.100762356e-07,7.973204551e-09,9.895972888e-07,3.981205681e-08,2.336703438e-05,1.120955272e-06,0.05115212621
2928.0,3.159321508e-06,3.79949376e-08,5.12294542e-06,1.079344693e-07,3.515062712e-06,1.176018102e-07,2.28448025e-05,9.402725038e-07,3.080904705e-07,7.866549415e-09,8.836710771e-07,3.894291505e-08,2.213983336e-05,-4.230395884e-07,0.05115170317
2929.0,2.893732909e-06,4.032025046e-08,4.984182183e-06,9.986647654e-08,3.186008422e-06,1.469400168e-07,3.437208403e-05,9.493541095e-07,3.076979796e-07,7.796153768e-09,1.017624784e-06,4.450577875e-08,2.240465231e-05,2.181964859e-06,0.05115388514
2930.0,3.900451673e-06,4.900782823e-08,7.099574452e-06,1.914382952e-07,4.197123483e-06,1.672549838e-07,3.259381474e-05,9.847193645e-07,3.110882903e-07,8.043681304e-09,9.91183322e-07,3.988086355e-08,2.323759317e-05,1.119495777e-06,0.05115500463
2931.0,3.108641472e-06,3.748237961e-08,5.125943997e-06,1.071825014e-07,3.513401205e-06,1.172893491e-07,2.355749238e-05,9.358413887e-07,3.100950548e-07,7.989283775e-09,8.853185209e-07,3.90286466e-08,2.203552074e-05,-3.595243932e-07,0.05115464511
2932.0,2.91811813e-06,4.039515487e-08,5.008006221e-06,9.951822686e-08,3.185606188e-06,1.464308467e-07,3.230808466e-05,9.506210228e-07,3.096154523e-07,7.890253965e-09,1.019254087e-06,4.462127165e-08,2.243450489e-05,2.183032231e-06,0.05115682814
2933.0,3.88670955e-06,4.931257053e-08,7.0751687e-06,1.91910919e-07,4.197209485e-06,1.673408371e-07,3.390726583e-05,9.788824465e-07,3.131021783e-07,8.139248281e-09,9.926240017e-07,3.995814893e-08,2.309979722e-05,9.772970625e-07,0.05115780544
2934.0,3.146934551e-06,3.734460776e-08,5.151259954e-06,1.078481713e-07,3.518313118e-06,1.175924851e-07,2.300391406e-05,9.351606529e-07,3.125352539e-07,8.109621811e-09,8.872194153e-07,3.913512545e-08,2.201952788e-05,-2.575496562e-07,0.05115754789
2935.0,2.896050466e-06,4.093219609e-08,5.003304879e-06,9.934644737e-08,3.177346496e-06,1.460394359e-07,3.265616982e-05,9.558050698e-07,3.111320284e-07,7.995523904e-09,1.020786192e-06,4.468421636e-08,2.255683439e-05,2.251204294e-06,0.05115979909
2936.0,3.89499827e-06,4.913054975e-08,7.049039866e-06,1.912591611e-07,4.186538709e-06,1.669459556e-07,3.11593047e-05,9.847394523e-07,3.147973032e-07,8.243228159e-09,9.942247787e-07,4.003914491e-08,2.323803823e-05,1.030001541e-06,0.05116082909
2937.0,3.121150908e-06,3.791303446e-08,5.120966866e-06,1.086071181e-07,3.513319039e-06,1.180141382e-07,2.436218311e-05,9.465854867e-07,3.148610973e-07,8.220492354e-09,8.887718068e-07,3.922478171e-08,2.228840938e-05,-3.490665039e-07,0.05116048003
2938.0,2.94506399e-06,4.169349148e-08,4.999615046e-06,1.00060986e-07,3.183197454e-06,1.4618735e-07,3.326348088e-05,9.538837402e-07,3.131338823e-07,8.084756882e-09,1.022112321e-06,4.478125777e-08,2.251155069e-05,2.286796695e-06,0.05116276683
2939.0,3.869454815e-06,4.882938186e-08,7.056239416e-06,1.915655493e-07,4.19286631e-06,1.672565768e-07,3.293828844e-05,9.909892011e-07,3.16769368e-07,8.314720746e-09,9.953157189e-07,4.008351437e-08,2.338552276e-05,1.132360136e-06,0.05116389919
2940.0,3.148695731e-06,3.772347941e-08,5.15607289e-06,1.077930786e-07,3.518571752e-06,1.17884976e-07,2.254773806e-05,9.409196356e-07,3.162939051e-07,8.276716557e-09,8.898490418e-07,3.928591657e-08,2.215504725e-05,-4.362385183e-07,0.05116346295
2941.0,2.890312126e-06,4.106691372e-08,5.011566492e-06,9.917999443e-08,3.179589875e-06,1.458416431e-07,3.262114581e-05,9.502031132e-07,3.139924286e-07,8.142372028e-09,1.022696898e-06,4.480044689e-08,2.242465328e-05,2.189959962e-06,0.05116565291
2942.0,3.894039392e-06,4.883267183e-08,7.077170332e-06,1.919192892e-07,4.193476345e-06,1.674867237e-07,3.189131633e-05,9.847545265e-07,3.175395921e-07,8.354195167e-09,9.958742459e-07,4.010526625e-08,2.323835302e-05,1.113454094e-06,0.05116676636
2943.0,3.112718024e-06,3.72824376e-08,5.118138319e-06,1.081768238e-07,3.51289962e-06,1.17988136e-07,2.355594244e-05,9.34546823e-07,3.170128819e-07,8.286031914e-09,8.899960016e-07,3.930984956e-08,2.200500936e-05,-3.535602572e-07,0.0511664128
2944.0,2.920321812e-06,4.131959683e-08,5.013585356e-06,9.992042721e-08,3.174757942e-06,1.453468018e-07,3.148393221e-05,9.507425784e-07,3.148252245e-07,8.148643744e-09,1.022426031e-06,4.481210236e-08,2.243741532e-05,2.200489328e-06,0.05116861329
2945.0,3.874410107e-06,4.915819764e-08,7.080760022e-06,1.925196962e-07,4.191240089e-06,1.675427457e-07,3.298072418e-05,9.799487634e-07,3.180060703e-07,8.341304549e-09,9.954075483e-07,4.009494282e-08,2.312486817e-05,9.925257253e-07,0.05116960582
2946.0,3.137240988e-06,3.716942224e-08,5.132777117e-06,1.084874428e-07,3.51795739e-06,1.183244862e-07,2.210302963e-05,9.349472568e-07,3.166679977e-07,8.234650005e-09,8.89482929e-07,3.928346014e-08,2.201447976e-05,-2.770112886e-07,0.0511693288
2947.0,2.896829718e-06,4.16576215e-08,4.992960916e-06,1.004549261e-07,3.17144905e-06,1.45112222e-07,3.339698462e-05,9.556537484e-07,3.141805948e-07,8.11948022e-09,1.021385961e-06,4.474803244e-08,2.25532783e-05,2.243402246e-06,0.05117157221
2948.0,3.895499558e-06,4.893097957e-08,7.060318983e-06,1.921850292e-07,4.193354179e-06,1.674353425e-07,3.137215598e-05,9.843483057e-07,3.172506605e-07,8.308393486e-09,9.946824068e-07,4.004815485e-08,2.322879226e-05,1.035765971e-06,0.05117260797
2949.0,3.104943692e-06,3.748198585e-08,5.094454745e-06,1.082110005e-07,3.51488633e-06,1.182653695e-07,2.338921798e-05,9.45290439e-07,3.158907701e-07,8.154400288e-09,8.88274704e-07,3.922920493e-08,2.22579236e-05,-3.327814064e-07,0.05117227519
2950.0,2.925397335e-06,4.181668592e-08,5.032719565e-06,1.00148931e-07,3.174442257e-06,1.445051379e-07,3.179830969e-05,9.525277301e-07,3.138075584e-07,8.081282817e-09,1.020124166e-06,4.468817143e-08,2.247952093e-05,2.281688523e-06,0.05117455688
2951.0,3.848133872e-06,4.830723473e-08,7.064361931e-06,1.914300214e-07,4.192651727e-06,1.671718716e-07,3.234904124e-05,9.905086288e-07,3.167002212e-07,8.240397671e-09,9.934372098e-07,4.000303078e-08,2.337417559e-05,1.140022805e-06,0.0511756969
2952.0,3.141303095e-06,3.761242847e-08,5.121097152e-06,1.090090005e-07,3.518582846e-06,1.186987339e-07,2.277884233e-05,9.400265337e-07,3.143253179e-07,8.057239201e-09,8.871497315e-07,3.91529564e-08,2.213404445e-05,-4.389707691e-07,0.05117525793
2953.0,2.919838407e-06,4.158891538e-08,5.04652766e-06,1.010377526e-07,3.180418809e-06,1.452808223e-07,3.462680769e-05,9.490220156e-07,3.126959312e-07,8.044322853e-09,1.018785567e-06,4.461184559e-08,2.23967308e-05,2.191216535e-06,0.05117744915
2954.0,3.897668968e-06,4.83892915e-08,7.087154341e-06,1.916106864e-07,4.201141802e-06,1.679992523e-07,3.237133171e-05,9.841604878e-07,3.156204831e-07,8.191189093e-09,9.928106246e-07,3.994158673e-08,2.322439866e-05,1.135837654e-06,0.05117858499
2955.0,3.108516412e-06,3.721514524e-08,5.136524701e-06,1.087023356e-07,3.520564206e-06,1.190988421e-07,2.389226735e-05,9.361225171e-07,3.12692266e-07,7.962963995e-09,8.857102716e-07,3.909418885e-08,2.204208481e-05,-3.570711254e-07,0.05117822791
2956.0,2.943709425e-06,4.160487543e-08,5.037846616e-06,1.011036687e-07,3.175210859e-06,1.445048598e-07,3.265359043e-05,9.499076264e-07,3.120263254e-07,8.006862035e-09,1.017544871e-06,4.454954462e-08,2.241771653e-05,2.192785703e-06,0.0511804207
2957.0,3.869581988e-06,4.872083839e-08,7.060013998e-06,1.924159927e-07,4.198534057e-06,1.683071608e-07,3.38587434e-05,9.773350034e-07,3.151432785e-07,8.137608691e-09,9.919466554e-07,3.993431489e-08,2.306318122e-05,9.823934878e-07,0.05118140309
2958.0,3.142042998e-06,3.707192226e-08,5.147660437e-06,1.087832492e-07,3.527788293e-06,1.198913998e-07,2.297628521e-05,9.356256648e-07,3.10881298e-07,7.877241425e-09,8.847614601e-07,3.90251742e-08,2.203044993e-05,-2.563768404e-07,0.05118114672
2959.0,2.908501995e-06,4.166962115e-08,5.02369926e-06,1.007709815e-07,3.170139077e-06,1.439119158e-07,3.320352982e-05,9.540226007e-07,3.109773298e-07,7.97752693e-09,1.016686162e-06,4.450639136e-08,2.251484369e-05,2.26295211e-06,0.05118340967
2960.0,3.889434978e-06,4.842673943e-08,7.075957476e-06,1.90917003e-07,4.199897041e-06,1.678503275e-07,3.201887932e-05,9.813524456e-07,3.146439702e-07,8.142155635e-09,9.921975509e-07,3.992289628e-08,2.315803731e-05,1.041390127e-06,0.05118445106
2961.0,3.117597565e-06,3.756585696e-08,5.141829196e-06,1.082366767e-07,3.525561061e-06,1.197443496e-07,2.388085567e-05,9.474914693e-07,3.099621319e-07,7.835041704e-09,8.843803175e-07,3.902963426e-08,2.23098375e-05,-3.315809693e-07,0.05118411948
2962.0,2.952929421e-06,4.176485433e-08,5.048884384e-06,1.006488867e-07,3.173961182e-06,1.438527966e-07,3.315420433e-05,9.504102578e-07,3.113580733e-07,7.985424455e-09,1.017143102e-06,4.452318322e-08,2.242957505e-05,2.281646331e-06,0.05118640112
2963.0,3.862989727e-06,4.818390871e-08,7.060978511e-06,1.910796139e-07,4.197155673e-06,1.680801648e-07,3.29272912e-05,9.888264506e-07,3.157813743e-07,8.176662451e-09,9.926554238e-07,3.998447166e-08,2.333444681e-05,1.157770897e-06,0.0511875589
2964.0,3.145435083e-06,3.775917733e-08,5.129472737e-06,1.081844542e-07,3.523622046e-06,1.19817595e-07,2.190763779e-05,9.408226937e-07,3.099384893e-07,7.830730933e-09,8.853077947e-07,3.905114714e-08,2.215277155e-05,-4.20868072e-07,0.05118713803
2965.0,2.901370405e-06,4.106720264e-08,5.016156191e-06,1.009235716e-07,3.167819609e-06,1.436870212e-07,3.27113401e-05,9.47208949e-07,3.122663332e-07,8.048453967e-09,1.018011085e-06,4.456992881e-08,2.235396029e-05,2.20212468e-06,0.05118934015
2966.0,3.88176724e-06,4.828214364e-08,7.035578032e-06,1.903769264e-07,4.195274387e-06,1.678777337e-07,3.165498926e-05,9.830989799e-07,3.173080293e-07,8.280231066e-09,9.942999357e-07,4.004178094e-08,2.319935944e-05,1.144452921e-06,0.05119048461
2967.0,3.105730176e-06,3.763204494e-08,5.093697289e-06,1.078855875e-07,3.521489067e-06,1.200055195e-07,2.397719798e-05,9.368250826e-07,3.109317514e-07,7.899866719e-09,8.866069091e-07,3.912742538e-08,2.205866093e-05,-3.785155459e-07,0.05119010609
2968.0,2.931394337e-06,4.081487108e-08,5.037239556e-06,1.008888604e-07,3.175625551e-06,1.442465581e-07,3.231468726e-05,9.475631341e-07,3.14753968e-07,8.162835835e-09,1.019615307e-06,4.464201544e-08,2.236233967e-05,2.198662247e-06,0.05119230475
2969.0,3.863448602e-06,4.887896348e-08,7.036528822e-06,1.903931574e-07,4.199596874e-06,1.683006041e-07,3.239459064e-05,9.771067995e-07,3.19780476e-07,8.396713049e-09,9.95691972e-07,4.014067851e-08,2.305787232e-05,1.00426057e-06,0.05119330901
2970.0,3.143711409e-06,3.782143351e-08,5.131537909e-06,1.074097252e-07,3.527552919e-06,1.201263455e-07,2.292567725e-05,9.362738472e-07,3.122794282e-07,7.995484873e-09,8.881861682e-07,3.91734689e-08,2.20456844e-05,-2.616826434e-07,0.05119304733
2971.0,2.894416154e-06,4.062811809e-08,5.002089523e-06,9.996926266e-08,3.168929206e-06,1.437779468e-07,3.251973597e-05,9.520551946e-07,3.168447747e-07,8.27046743e-09,1.021021505e-06,4.470397206e-08,2.24683949e-05,2.253440375e-06,0.05119530077
2972.0,3.894481389e-06,4.903012554e-08,7.050704857e-06,1.905836597e-07,4.196738949e-06,1.682575995e-07,3.145152522e-05,9.815105533e-07,3.217976827e-07,8.508586243e-09,9.974286475e-07,4.019447081e-08,2.316178226e-05,1.038633865e-06,0.0511963394
2973.0,3.128604045e-06,3.829815326e-08,5.106530377e-06,1.072080317e-07,3.521613676e-06,1.197991568e-07,2.371987532e-05,9.470406756e-07,3.141403923e-07,8.095040101e-09,8.891728511e-07,3.923442834e-08,2.229916206e-05,-3.26960806e-07,0.05119601244
2974.0,2.929472314e-06,4.074569064e-08,5.018039821e-06,1.003648371e-07,3.174493988e-06,1.440556175e-07,3.154821254e-05,9.493220313e-07,3.192817575e-07,8.345630281e-09,1.022307998e-06,4.47641825e-08,2.240391228e-05,2.283444005e-06,0.05119829589
2975.0,3.871453176e-06,4.908493874e-08,7.060131837e-06,1.909354681e-07,4.197399785e-06,1.683696322e-07,3.3680523e-05,9.897320527e-07,3.235519182e-07,8.569021109e-09,9.980313506e-07,4.024283933e-08,2.335578023e-05,1.157873727e-06,0.05119945376
2976.0,3.161129374e-06,3.873807628e-08,5.099851683e-06,1.074017556e-07,3.521558245e-06,1.19717977e-07,2.229409973e-05,9.414776725e-07,3.152942235e-07,8.149651285e-09,8.89955848e-07,3.92604305e-08,2.216826069e-05,-4.381764827e-07,0.05119901558
2977.0,2.890922199e-06,4.031295964e-08,5.000326757e-06,1.010142439e-07,3.174700417e-06,1.452245165e-07,3.346578962e-05,9.469277968e-07,3.20014625e-07,8.370664417e-09,1.022922278e-06,4.477348662e-08,2.234729623e-05,2.189558989e-06,0.05120120514
2978.0,3.892903865e-06,4.898548284e-08,7.062063978e-06,1.910454858e-07,4.196851406e-06,1.682585595e-07,3.179823298e-05,9.827612475e-07,3.239768579e-07,8.57549863e-09,9.983757484e-07,4.023726254e-08,2.31913839e-05,1.141515359e-06,0.05120234666
2979.0,3.111838354e-06,3.831452322e-08,5.096844831e-06,1.067678128e-07,3.519043564e-06,1.195602077e-07,2.36423252e-05,9.371057649e-07,3.159106834e-07,8.175911795e-09,8.896810163e-07,3.925423275e-08,2.206530213e-05,-3.636007017e-07,0.05120198306
2980.0,2.906212422e-06,3.977983004e-08,5.027133693e-06,1.006071857e-07,3.177979891e-06,1.449672685e-07,3.152032427e-05,9.473185952e-07,3.205924187e-07,8.336277636e-09,1.022702275e-06,4.47616048e-08,2.235660162e-05,2.196124601e-06,0.05120417918
2981.0,3.866349511e-06,4.933831322e-08,7.058200151e-06,1.908494127e-07,4.195858581e-06,1.68043278e-07,3.271510733e-05,9.770390007e-07,3.239551716e-07,8.526338936e-09,9.975236933e-07,4.020704699e-08,2.305630351e-05,9.911150229e-07,0.0512051703
2982.0,3.153139772e-06,3.830299323e-08,5.134790532e-06,1.073997597e-07,3.524786194e-06,1.197549833e-07,2.325454107e-05,9.371007172e-07,3.160435199e-07,8.152064605e-09,8.890340948e-07,3.920019664e-08,2.206517605e-05,-2.677678683e-07,0.05120490253
2983.0,2.905344594e-06,4.01730171e-08,5.03026238e-06,1.015148078e-07,3.181531659e-06,1.455511157e-07,3.422027876e-05,9.519302652e-07,3.196631095e-07,8.271858511e-09,1.021827215e-06,4.46870433e-08,2.24654561e-05,2.2531199e-06,0.05120715565
2984.0,3.902162603e-06,4.941631529e-08,7.058185695e-06,1.908815155e-07,4.196208483e-06,1.678275374e-07,3.177110657e-05,9.81939205e-07,3.22968532e-07,8.465317967e-09,9.963964319e-07,4.014047774e-08,2.317198842e-05,1.040902269e-06,0.05120819655
2985.0,3.128921887e-06,3.870237126e-08,5.104850984e-06,1.075058586e-07,3.518205685e-06,1.192045229e-07,2.389966196e-05,9.48853548e-07,3.162837806e-07,8.146791077e-09,8.877070036e-07,3.912837674e-08,2.234183229e-05,-3.224529182e-07,0.0512078741
2986.0,2.923249994e-06,4.015585583e-08,5.009382925e-06,1.009012691e-07,3.180888381e-06,1.451909252e-07,3.265626691e-05,9.505095937e-07,3.19056748e-07,8.188312943e-09,1.020663014e-06,4.464146206e-08,2.24319588e-05,2.281318599e-06,0.05121015542
2987.0,3.869168065e-06,4.905572786e-08,7.059832426e-06,1.915315098e-07,4.198477943e-06,1.679386533e-07,3.355152719e-05,9.879886388e-07,3.218983086e-07,8.397260357e-09,9.946542083e-07,4.00534489e-08,2.331474771e-05,1.130120966e-06,0.05121128554
2988.0,3.156003958e-06,3.850050334e-08,5.1325855e-06,1.07356614e-07,3.522985001e-06,1.188819035e-07,2.245830938e-05,9.421827772e-07,3.159509809e-07,8.133527995e-09,8.865825751e-07,3.907250243e-08,2.218484316e-05,-4.163588756e-07,0.05121086918
2989.0,2.872851464e-06,3.943770576e-08,5.003074925e-06,1.005694214e-07,3.179499209e-06,1.457922338e-07,3.263568445e-05,9.481458682e-07,3.173239707e-07,8.117955958e-09,1.019475322e-06,4.456188476e-08,2.237610648e-05,2.199144526e-06,0.05121306832
2990.0,3.883511828e-06,4.898577514e-08,7.07602304e-06,1.908049923e-07,4.193104649e-06,1.677269807e-07,3.164604158e-05,9.835413983e-07,3.200156357e-07,8.339336328e-09,9.931336865e-07,3.99808282e-08,2.320976403e-05,1.135226138e-06,0.05121420355
2991.0,3.107614196e-06,3.791952256e-08,5.10569566e-06,1.068529338e-07,3.515803118e-06,1.184621484e-07,2.31590863e-05,9.36400757e-07,3.155453458e-07,8.135144026e-09,8.855355068e-07,3.902453195e-08,2.204874025e-05,-3.610046573e-07,0.05121384255
2992.0,2.904134037e-06,3.927628322e-08,5.020611986e-06,1.007338113e-07,3.183415093e-06,1.460659322e-07,3.188969592e-05,9.489434592e-07,3.160829473e-07,8.04645494e-09,1.018572275e-06,4.454991924e-08,2.239494368e-05,2.19099375e-06,0.05121603354
2993.0,3.873675956e-06,4.933704954e-08,7.055038999e-06,1.908614259e-07,4.191808494e-06,1.6744284e-07,3.243771788e-05,9.782262576e-07,3.185359664e-07,8.280580031e-09,9.917445013e-07,3.9923489e-08,2.308429992e-05,9.958110541e-07,0.05121702935
2994.0,3.144302533e-06,3.790016565e-08,5.134026893e-06,1.073455715e-07,3.519350426e-06,1.18549574e-07,2.246767772e-05,9.357733142e-07,3.147912901e-07,8.106820579e-09,8.850822398e-07,3.901083844e-08,2.203392503e-05,-2.579245567e-07,0.05121677143
2995.0,2.880135244e-06,3.965194072e-08,5.012828015e-06,1.00849309e-07,3.179976802e-06,1.462953369e-07,3.354314903e-05,9.541579389e-07,3.140513792e-07,7.991324842e-09,1.01815316e-06,4.451607142e-08,2.251796197e-05,2.2534735e-06,0.0512190249
2996.0,3.899601644e-06,4.9417034e-08,7.046193516e-06,1.907439626e-07,4.18991103e-06,1.676711507e-07,3.163469931e-05,9.829301992e-07,3.170141463e-07,8.245058919e-09,9.913779666e-07,3.99100776e-08,2.319539948e-05,1.024891793e-06,0.05122004979
2997.0,3.121729575e-06,3.838958943e-08,5.106799441e-06,1.079315787e-07,3.516394383e-06,1.188249346e-07,2.477166039e-05,9.485801625e-07,3.143260289e-07,8.100727978e-09,8.85059561e-07,3.900886589e-08,2.233542844e-05,-3.39531267e-07,0.05121971026
2998.0,2.916809652e-06,4.00017185e-08,5.018289882e-06,1.01059284e-07,3.186502845e-06,1.466923282e-07,3.203477674e-05,9.512916571e-07,3.13383702e-07,7.966010939e-09,1.018437976e-06,4.455909841e-08,2.245040291e-05,2.276326794e-06,0.05122198659
2999.0,3.859925985e-06,4.895688711e-08,7.043695521e-06,1.902867338e-07,4.193594852e-06,1.67528657e-07,3.303393331e-05,9.9119249e-07,3.164823796e-07,8.223596871e-09,9.914405129e-07,3.991327009e-08,2.339036918e-05,1.139313634e-06,0.0512231259
3000.0,3.146517902e-06,3.809106032e-08,5.120460135e-06,1.066094354e-07,3.518245564e-06,1.179412888e-07,2.219657947e-05,9.405883132e-07,3.141199691e-07,8.096890169e-09,8.857228535e-07,3.904347702e-08,2.214723518e-05,-4.208756221e-07,0.05122270502
3001.0,2.879888749e-06,3.996174332e-11,5.006068844e-06,2.91678764e-11,3.18409352e-06,5.761579926e-11,3.529996246e-05,6.797033399e-11,3.370993543e-07,1.555174865e-11,1.033784206e-06,6.080598867e-12,1.604098226e-09,3.4774177e-10,3.4774177e-10
3002.0,4.076030939e-06,6.193164782e-11,7.699883253e-06,7.336919934e-11,4.405952917e-06,2.891066327e-11,3.409248918e-05,9.796532944e-11,3.455427634e-07,1.701127973e-11,9.73778365e-07,7.890939633e-11,2.311825587e-09,-7.364721453e-10,-3.887303753e-10
3003.0,3.444230285e-06,6.079580815e-11,5.883575157e-06,4.943770325e-11,3.864533545e-06,3.494721724e-11,2.129434206e-05,8.381950299e-11,3.701665454e-07,2.040556853e-11,8.604070345e-07,9.978858819e-11,1.973665618e-09,6.290425009e-10,2.403121256e-10
3004.0,2.97717469e-06,4.047808187e-11,5.337257561e-06,3.673237888e-11,3.290937592e-06,8.023630755e-11,2.958784939e-05,8.388185051e-11,3.679390914e-07,1.590765174e-11,9.579399114e-07,5.834113393e-12,1.979628353e-09,4.178865774e-10,6.58198703e-10
3005.0,4.059216686e-06,6.336919789e-11,7.54826688e-06,7.126331743e-11,4.414853958e-06,3.244889423e-11,3.171111775e-05,7.723087488e-11,3.402074743e-07,1.664409859e-11,8.923073263e-07,7.424187191e-11,1.822530178e-09,3.790860767e-10,1.03728478e-09
3006.0,3.286011252e-06,4.634206074e-11,5.721622443e-06,4.699891572e-11,3.793889825e-06,3.275255641e-11,2.180744224e-05,9.476871449e-11,3.64928205e-07,2.123142192e-11,7.937327359e-07,9.76023528e-11,2.23148353e-09,-4.686248363e-10,5.686599434e-10
3007.0,3.016805657e-06,4.874714148e-11,5.226780056e-06,3.313414502e-11,3.28772998e-06,7.907642455e-11,2.910165774e-05,9.337861956e-11,3.543895731e-07,1.737322149e-11,8.925763655e-07,5.912563447e-12,2.203737923e-09,-7.031552923e-10,-1.344953489e-10
3008.0,4.013635985e-06,6.027901551e-11,7.696683687e-06,7.557936096e-11,4.351332435e-06,2.685752129e-11,3.258061787e-05,9.122127834e-11,3.242511137e-07,1.76872633e-11,8.359363421e-07,7.248208634e-11,2.152672311e-09,4.483805747e-10,3.138852258e-10
3009.0,3.12377222e-06,4.297586952e-11,5.557139545e-06,4.326797199e-11,3.673038844e-06,9.254707691e-11,2.352483133e-05,9.492984165e-11,3.700434651e-07,2.313666685e-11,7.572006064e-07,9.915791846e-11,2.235252087e-09,-4.695130517e-10,-1.55627826e-10
3010.0,3.016465966e-06,4.651575707e-11,5.226646775e-06,3.1065038e-11,3.292808222e-06,7.92616331e-11,2.819461563e-05,6.652310113e-11,3.72971956e-07,2.285046124e-11,8.702785919e-07,6.342405179e-12,1.569939413e-09,3.315401961e-10,1.759123701e-10
3011.0,3.878405793e-06,5.103826276e-11,7.683325832e-06,7.608250781e-11,4.297137388e-06,8.718404678e-11,3.416756444e-05,8.5213309e-11,3.427791449e-07,2.251955883e-11,8.216578612e-07,7.84082969e-11,2.010875935e-09,4.182149263e-10,5.941272964e-10
3012.0,3.188653853e-06,4.95089521e-11,5.615744416e-06,4.382939033e-11,3.610095427e-06,7.336510469e-11,2.199019912e-05,9.949718815e-11,3.881833664e-07,2.709304517e-11,7.463618047e-07,6.14707448e-12,2.342785764e-09,-4.925105271e-10,1.016167693e-10
3013.0,2.976293955e-06,4.443031779e-11,5.263440333e-06,3.178702818e-11,3.337281308e-06,9.90397792e-11,2.889108237e-05,6.438575504e-11,3.92594335e-07,2.754942405e-11,8.639122902e-07,6.845371374e-12,1.519482015e-09,3.205429013e-10,4.221596706e-10
3014.0,3.946659901e-06,5.381699297e-11,7.687054329e-06,7.509431528e-11,4.306559305e-06,9.285686684e-11,3.130928737e-05,7.839216323e-11,3.564542168e-07,2.588124457e-11,8.178343859e-07,8.225653914e-11,1.849912868e-09,3.841816501e-10,8.063413208e-10
3015.0,3.210852173e-06,5.194734409e-11,5.705628664e-06,4.509201165e-11,3.59802374e-06,7.116568641e-11,2.267535187e-05,9.466066773e-11,3.956823747e-07,2.936479402e-11,7.367755409e-07,6.593438535e-12,2.228898149e-09,7.096073841e-10,1.515948705e-09
3016.0,2.962319199e-06,4.333545307e-11,5.300181294e-06,3.224274226e-11,3.348459545e-06,2.695495788e-11,2.927494873e-05,8.393694467e-11,3.880458133e-07,2.817498506e-11,8.548633661e-07,6.954857028e-12,1.980894011e-09,-6.319618328e-10,8.839868721e-10
3017.0,3.883375343e-06,5.237748865e-11,7.709093463e-06,7.534260367e-11,4.29900451e-06,9.129816188e-11,3.268039912e-05,7.987501028e-11,3.493139679e-07,2.51881835e-11,8.088816806e-07,8.471333857e-11,1.884907654e-09,3.916000209e-10,1.275586893e-09
3018.0,3.235757777e-06,4.998065829e-11,5.747168782e-06,4.521139071e-11,3.602660012e-06,7.027917692e-11,2.016466888e-05,9.400757235e-11,3.770453773e-07,2.812898744e-11,7.240592349e-07,6.764422806e-12,2.21352933e-09,7.063666601e-10,1.981953553e-09
3019.0,2.908514711e-06,4.296978996e-11,5.304491317e-06,3.195002627e-11,3.293303259e-06,9.00495191e-11,3.205461634e-05,8.837424678e-11,3.699848095e-07,2.53976452e-11,8.428875245e-07,6.97163363e-12,2.085628272e-09,4.399808209e-10,2.421934374e-09
3020.0,3.898018086e-06,5.200068704e-11,7.758270318e-06,7.578545556e-11,4.269092975e-06,8.474148743e-11,3.231079667e-05,7.907773136e-11,3.386304585e-07,2.340846957e-11,8.000919628e-07,8.520343397e-11,1.866090878e-09,3.880607712e-10,2.809995145e-09
3021.0,3.210276736e-06,4.881409976e-11,5.731455275e-06,4.501444805e-11,3.630905874e-06,8.11171657e-11,2.068619257e-05,9.233326594e-11,3.576079188e-07,2.573754672e-11,7.129068261e-07,6.859324211e-12,2.174120982e-09,6.937135141e-10,3.503708659e-09
3022.0,2.943854894e-06,4.329932399e-11,5.298689924e-06,3.193979472e-11,3.239525956e-06,7.739790485e-11,3.070148676e-05,9.147620512e-11,3.590099209e-07,2.360823902e-11,8.364406679e-07,7.013852725e-12,2.158832794e-09,4.556881533e-10,3.959396813e-09
3023.0,3.87792085e-06,5.420863282e-11,7.723830601e-06,7.565835335e-11,4.272389434e-06,8.866874413e-11,3.266829664e-05,8.141759222e-11,3.353656881e-07,2.256960473e-11,7.962784952e-07,8.825762742e-11,1.921322454e-09,3.995003422e-10,4.358897155e-09
3024.0,3.221479234e-06,4.835937469e-11,5.680894401e-06,4.492187516e-11,3.650516411e-06,9.201973008e-11,1.985544603e-05,6.82497124e-11,3.508608833e-07,2.418505359e-11,7.098300504e-07,6.857919724e-12,1.607035939e-09,-3.317045302e-10,4.027192625e-09
3025.0,2.905018387e-06,4.339117024e-11,5.24100768e-06,3.202145334e-11,3.216705621e-06,7.473838606e-11,2.933975604e-05,9.112606777e-11,3.573099289e-07,2.295130359e-11,8.368794708e-07,7.371704327e-12,2.150568984e-09,-6.8612049e-10,3.341072135e-09
3026.0,3.88274183e-06,5.416717265e-11,7.696593017e-06,7.528716815e-11,4.272464394e-06,8.94526343e-11,3.124787325e-05,8.178897654e-11,3.329376255e-07,2.246190719e-11,7.969311519e-07,9.155124641e-11,1.930084277e-09,4.016247257e-10,3.74269686e-09
3027.0,3.146080412e-06,4.794552425e-11,5.623467623e-06,4.468800567e-11,3.626040581e-06,8.754142258e-11,2.211975299e-05,9.396380147e-11,3.531684605e-07,2.314232989e-11,7.124986831e-07,7.063950657e-12,2.21251402e-09,-4.649753592e-10,3.277721501e-09
3028.0,2.950619653e-06,4.313494036e-11,5.302564379e-06,3.215182944e-11,3.234099371e-06,7.840641857e-11,2.861827094e-05,9.587666597e-11,3.635245142e-07,2.308702125e-11,8.40677962e-07,7.749659486e-12,2.262680242e-09,-7.219861378e-10,2.555735363e-09
3029.0,3.833239821e-06,5.166945681e-11,7.696394191e-06,7.522240492e-11,4.25470121e-06,8.308230566e-11,3.295111057e-05,8.563759344e-11,3.360414583e-07,2.253618084e-11,8.014430169e-07,9.669272059e-11,2.020891835e-09,4.203504361e-10,2.976085799e-09
3030.0,3.160003019e-06,4.824269853e-11,5.638527582e-06,4.452421651e-11,3.596463282e-06,7.843026365e-11,2.100119095e-05,9.527634656e-11,3.653376746e-07,2.291882619e-11,7.177263823e-07,7.233521476e-12,2.243409783e-09,-4.714967718e-10,2.504589028e-09
3031.0,2.895224814e-06,4.234078162e-11,5.251631865e-06,3.207492008e-11,3.252666727e-06,8.755855912e-11,2.917502368e-05,8.893922884e-11,3.753263526e-07,2.359181034e-11,8.478412763e-07,8.16226892e-12,2.098954343e-09,-6.69667314e-10,1.834921714e-09
3032.0,3.837523473e-06,5.00120374e-11,7.671153728e-06,7.524979815e-11,4.247278986e-06,8.281155589e-11,3.109607934e-05,8.217511386e-11,3.473340772e-07,2.287882789e-11,8.094167697e-07,9.987884985e-11,1.939181941e-09,4.030830456e-10,2.238004759e-09
3033.0,3.128361408e-06,4.879090474e-11,5.600506745e-06,4.450869177e-11,3.57330031e-06,7.400058451e-11,2.166172053e-05,9.124854273e-11,3.811612536e-07,2.343940763e-11,7.230412727e-07,7.463100287e-12,2.148564891e-09,6.839685071e-10,2.921973266e-09
3034.0,2.877741759e-06,4.160058252e-11,5.223988792e-06,3.198388873e-11,3.27338576e-06,9.261794151e-11,2.832424288e-05,9.926812633e-11,3.881970559e-07,2.40666146e-11,8.548233349e-07,8.273398654e-12,2.342712211e-09,4.93386897e-10,3.415360163e-09
3035.0,3.775560262e-06,4.960815079e-11,7.659005661e-06,7.523511258e-11,4.248480053e-06,8.40578355e-11,3.189610587e-05,7.742582617e-11,3.597435918e-07,2.310224846e-11,8.152422764e-07,6.530103785e-12,1.827112092e-09,3.79528088e-10,3.794888251e-09
3036.0,3.152988916e-06,4.868103062e-11,5.612897542e-06,4.45281163e-11,3.57549711e-06,7.463528335e-11,2.013182888e-05,6.612613413e-11,3.932454581e-07,2.383120472e-11,7.257758163e-07,7.450902141e-12,1.557028688e-09,-3.222402845e-10,3.472647967e-09
3037.0,2.832299819e-06,4.090432724e-11,5.23603465e-06,3.198722936e-11,3.265773121e-06,8.964428567e-11,3.111143883e-05,8.442019082e-11,3.947328525e-07,2.366411108e-11,8.564180212e-07,8.275986921e-12,1.992302972e-09,-6.355319924e-10,2.837115974e-09
3038.0,3.791672714e-06,4.93183954e-11,7.672988023e-06,7.522963395e-11,4.239474408e-06,8.28491661e-11,3.134550048e-05,7.725720037e-11,3.682493201e-07,2.327275848e-11,8.164555588e-07,6.453040808e-12,1.823131521e-09,3.78811074e-10,3.215927048e-09
3039.0,3.104908912e-06,4.795833961e-11,5.60749818e-06,4.459183329e-11,3.587867623e-06,7.894222753e-11,2.156480344e-05,7.014345882e-11,3.942690231e-07,2.357623931e-11,7.219859468e-07,7.363071978e-12,1.651630222e-09,-3.581148036e-10,2.857812245e-09
3040.0,2.832776615e-06,4.081771927e-11,5.222732484e-06,3.202719149e-11,3.23820022e-06,8.28035352e-11,2.939629248e-05,9.809255263e-11,3.961429529e-07,2.322108591e-11,8.531918404e-07,8.086812424e-12,2.314968524e-09,4.877663328e-10,3.345578578e-09
3041.0,3.759975837e-06,4.958741387e-11,7.649582998e-06,7.512043894e-11,4.232120572e-06,8.199935799e-11,3.238714373e-05,8.068395673e-11,3.699955277e-07,2.321852575e-11,8.108673166e-07,6.388496325e-12,1.904005224e-09,3.957968645e-10,3.741375442e-09
3042.0,3.116185955e-06,4.733461578e-11,5.577320447e-06,4.452572497e-11,3.599252102e-06,8.376961491e-11,2.035162596e-05,8.065900722e-11,3.923532514e-07,2.310828869e-11,7.165214739e-07,7.078987544e-12,1.899221864e-09,-4.122879253e-10,3.329087517e-09
3043.0,2.791096303e-06,4.157000889e-11,5.170506485e-06,3.214644834e-11,3.214998424e-06,7.898896452e-11,2.984546679e-05,9.613215148e-11,3.935978237e-07,2.2794103e-11,8.458894896e-07,7.989985621e-12,2.268718413e-09,4.781962833e-10,3.8072838e-09
3044.0,3.764571532e-06,5.02220649e-11,7.625668241e-06,7.50366118e-11,4.227882107e-06,8.272197327e-11,2.99866446e-05,8.039996811e-11,3.673095874e-07,2.316442495e-11,8.039069632e-07,9.822643009e-11,1.897296553e-09,3.945098368e-10,4.201793637e-09
3045.0,3.076298013e-06,4.740679178e-11,5.562859831e-06,4.438496095e-11,3.592542338e-06,8.431563963e-11,2.129755559e-05,7.522226541e-11,3.890374358e-07,2.240322311e-11,7.09363008e-07,6.877557271e-12,1.77121086e-09,-3.71197633e-10,3.830596004e-09
3046.0,2.820564432e-06,4.214436121e-11,5.20402071e-06,3.226151717e-11,3.220964854e-06,7.934344907e-11,2.818948071e-05,9.964724139e-11,3.905603911e-07,2.265978165e-11,8.39474841e-07,7.825797732e-12,2.351669916e-09,4.954770081e-10,4.326073012e-09
3047.0,3.71879711e-06,4.964435111e-11,7.62919291e-06,7.500751647e-11,4.221351969e-06,8.207712083e-11,3.256093075e-05,7.871711679e-11,3.60911481e-07,2.279387994e-11,7.949243102e-07,9.647120363e-11,1.857589647e-09,3.861097549e-10,4.712182767e-09
3048.0,3.098520359e-06,4.762172957e-11,5.591644607e-06,4.431226164e-11,3.583927313e-06,8.155267958e-11,2.071547079e-05,8.57226974e-11,3.859386448e-07,2.201900529e-11,7.044856963e-07,6.620291687e-12,2.018455883e-09,6.424345291e-10,5.354617296e-09
3049.0,2.809671543e-06,4.220044975e-11,5.216103582e-06,3.233145956e-11,3.23852718e-06,8.324391959e-11,3.061713662e-05,9.120966551e-11,3.868901189e-07,2.255902008e-11,8.325755321e-07,7.754141509e-12,2.152540985e-09,-6.867751961e-10,4.6678421e-09
3050.0,3.744213509e-06,4.901144701e-11,7.648682047e-06,7.508386415e-11,4.223147936e-06,8.171076194e-11,3.139914696e-05,7.850989108e-11,3.52618197e-07,2.24946575e-11,7.880877917e-07,9.36398793e-11,1.852691637e-09,3.850406044e-10,5.052882704e-09
3051.0,3.043962757e-06,4.757541055e-11,5.533522385e-06,4.41907676e-11,3.566842737e-06,7.843837034e-11,2.146599379e-05,9.003794586e-11,3.823513646e-07,2.180504196e-11,6.984896036e-07,6.490726929e-12,2.120068172e-09,6.748625965e-10,5.727745301e-09
3052.0,2.823935904e-06,4.214734806e-11,5.176242304e-06,3.232287189e-11,3.246565654e-06,8.664277369e-11,2.965385239e-05,8.735894557e-11,3.80394618e-07,2.26658704e-11,8.265501803e-07,7.558832946e-12,2.061663384e-09,-6.577910348e-10,5.069954266e-09
3053.0,3.717932509e-06,4.903334666e-11,7.620574814e-06,7.51550588e-11,4.220708415e-06,8.27221055e-11,3.288924105e-05,8.151578354e-11,3.440640299e-07,2.207318652e-11,7.800087158e-07,9.162519075e-11,1.923630357e-09,3.997640087e-10,5.469718275e-09
3054.0,3.065556239e-06,4.767813439e-11,5.552316386e-06,4.411596047e-11,3.563858112e-06,7.701302447e-11,1.992600569e-05,8.450013585e-11,3.743532877e-07,2.166381153e-11,6.919838401e-07,6.269273167e-12,1.989670784e-09,-4.154114686e-10,5.054306806e-09
3055.0,2.782271714e-06,4.225007358e-11,5.181700866e-06,3.219350362e-11,3.243302715e-06,8.694844788e-11,2.988774556e-05,9.656043348e-11,3.708535338e-07,2.235385972e-11,8.181462404e-07,7.413573254e-12,2.278819391e-09,4.801040696e-10,5.534410876e-09
3056.0,3.745390168e-06,4.941364681e-11,7.63174202e-06,7.514984184e-11,4.215471821e-06,8.288033207e-11,3.128195787e-05,7.987396435e-11,3.350730256e-07,2.176951137e-11,7.720147366e-07,8.845225429e-11,1.8848818e-09,3.917596936e-10,5.926170569e-09
3057.0,3.054515639e-06,4.788986602e-11,5.570440539e-06,4.411350167e-11,3.560670192e-06,7.719446545e-11,2.169815365e-05,6.973128733e-11,3.630679497e-07,2.112846975e-11,6.830149081e-07,6.125184343e-12,1.641922351e-09,-3.392143656e-10,5.586956204e-09
3058.0,2.827239779e-06,4.244254202e-11,5.199888441e-06,3.220491932e-11,3.24010836e-06,8.520377304e-11,2.98585516e-05,9.483422244e-11,3.581867061e-07,2.204342464e-11,8.096317674e-07,7.183265827e-12,2.238078084e-09,4.717176688e-10,6.058673872e-09
3059.0,3.701577678e-06,4.978485755e-11,7.621997008e-06,7.514772808e-11,4.207683976e-06,8.21440841e-11,3.190505543e-05,7.731434766e-11,3.241464137e-07,2.136926365e-11,7.619071431e-07,8.625191819e-11,1.824483986e-09,3.791396242e-10,6.437813497e-09
3060.0,3.074706381e-06,4.780971818e-11,5.580946863e-06,4.41126456e-11,3.562421928e-06,7.893144757e-11,2.051542323e-05,8.628090113e-11,3.498670188e-07,2.068811156e-11,6.739851234e-07,5.897763193e-12,2.03160036e-09,6.492212119e-10,7.087034709e-09
3061.0,2.778350693e-06,4.222176313e-11,5.173876928e-06,3.214298465e-11,3.226382284e-06,8.330672513e-11,2.994094463e-05,8.624258813e-11,3.466388019e-07,2.164918537e-11,7.998667983e-07,7.058029596e-12,2.035323514e-09,-6.493323263e-10,6.437702382e-09
3062.0,3.714129768e-06,5.021034624e-11,7.61102339e-06,7.516279306e-11,4.199790303e-06,8.209968838e-11,3.102977428e-05,7.806989355e-11,3.135583974e-07,2.1258434e-11,7.528364267e-07,8.350889855e-11,1.842315781e-09,3.829115486e-10,6.820613931e-09
3063.0,3.027009874e-06,4.731053962e-11,5.546002593e-06,4.409881995e-11,3.560468278e-06,8.000025445e-11,2.161493352e-05,7.909783041e-11,3.383667207e-07,2.024926015e-11,6.649179299e-07,9.93023685e-11,1.862469828e-09,-3.897112339e-10,6.430902697e-09
3064.0,2.795339077e-06,4.218122047e-11,5.143577233e-06,3.213370767e-11,3.222321266e-06,8.271643748e-11,2.785540405e-05,8.637084779e-11,3.363920686e-07,2.168708661e-11,7.915698395e-07,6.921560657e-12,2.038346561e-09,-6.503021674e-10,5.78060053e-09
3065.0,3.688576703e-06,5.038808621e-11,7.590639593e-06,7.517279783e-11,4.200627776e-06,8.239229349e-11,3.174609272e-05,8.19117404e-11,3.028597803e-07,2.10317778e-11,7.43304365e-07,8.221198733e-11,1.932972883e-09,4.018516513e-10,6.182452181e-09
3066.0,3.041494924e-06,4.709063965e-11,5.543756072e-06,4.403574139e-11,3.563157889e-06,7.949758178e-11,2.043542084e-05,7.118935054e-11,3.281068946e-07,2.011106018e-11,6.573199737e-07,9.720413926e-11,1.676255132e-09,-3.519149187e-10,5.830537262e-09
3067.0,2.756127412e-06,4.23397249e-11,5.129704055e-06,3.206329722e-11,3.217789916e-06,8.365888687e-11,2.95225601e-05,9.95900294e-11,3.281849866e-07,2.172839916e-11,7.832203473e-07,6.90101327e-12,2.350322845e-09,4.950946489e-10,6.325631911e-09
3068.0,3.717727616e-06,5.026258607e-11,7.620766727e-06,7.520793325e-11,4.199546092e-06,8.27024004e-11,3.088272988e-05,8.081694408e-11,2.938672029e-07,2.087987383e-11,7.358805237e-07,8.063026651e-11,1.907134218e-09,3.964532456e-10,6.722085157e-09
3069.0,3.016437473e-06,4.726218347e-11,5.559732398e-06,4.399532707e-11,3.553583863e-06,7.77874512e-11,2.097811381e-05,7.034611116e-11,3.19606261e-07,1.996171423e-11,6.501238384e-07,9.667574122e-11,1.656396801e-09,-3.478716843e-10,6.374213472e-09
3070.0,2.792458556e-06,4.243502354e-11,5.183771424e-06,3.202861177e-11,3.22960256e-06,8.497639196e-11,2.876141417e-05,9.82508597e-11,3.201237368e-07,2.188564558e-11,7.767857662e-07,6.844748521e-12,2.318708732e-09,4.886187768e-10,6.862832249e-09
3071.0,3.674528343e-06,4.971999729e-11,7.590525817e-06,7.520576417e-11,4.197396108e-06,8.295056944e-11,3.111449141e-05,7.818363539e-11,2.843175279e-07,2.066797561e-11,7.28255421e-07,8.021648643e-11,1.845002062e-09,3.833859093e-10,7.246218158e-09
3072.0,3.055646288e-06,4.728793954e-11,5.551405755e-06,4.401268182e-11,3.552788628e-06,7.710508058e-11,2.040499383e-05,6.616245557e-11,3.107522551e-07,1.9907463e-11,6.436295594e-07,9.558820564e-11,1.557882309e-09,-3.27715015e-10,6.918503143e-09
3073.0,2.7738019e-06,4.221491648e-11,5.156434474e-06,3.194838542e-11,3.233228251e-06,8.573586907e-11,3.043691134e-05,8.867936239e-11,3.113542564e-07,2.17556635e-11,7.695089072e-07,6.848101396e-12,2.092822707e-09,-6.677017015e-10,6.250801442e-09
3074.0,3.696314884e-06,4.95668912e-11,7.591722758e-06,7.524535061e-11,4.198342601e-06,8.307032299e-11,3.027122904e-05,7.829750309e-11,2.763182298e-07,2.048847343e-11,7.22230631e-07,7.904966557e-11,1.847683624e-09,3.840199199e-10,6.634821362e-09
3075.0,3.010859391e-06,4.703657614e-11,5.563920709e-06,4.403360142e-11,3.552034173e-06,7.775379988e-11,2.271147303e-05,7.808293755e-11,3.00682578e-07,1.958766703e-11,6.366150486e-07,9.560321626e-11,1.838569264e-09,-3.849441391e-10,6.249877223e-09
3076.0,2.782330937e-06,4.229723079e-11,5.152864771e-06,3.190111708e-11,3.22326025e-06,8.509321331e-11,2.845884616e-05,8.615028388e-11,3.02049693e-07,2.153724175e-11,7.636360012e-07,6.786994025e-12,2.03314104e-09,-6.486431383e-10,5.601234084e-09
3077.0,3.675526625e-06,4.973301427e-11,7.598183927e-06,7.527863954e-11,4.195598733e-06,8.300593889e-11,3.248146695e-05,8.17193676e-11,2.671141387e-07,2.021014548e-11,7.155723745e-07,7.875677008e-11,1.928437758e-09,4.00887267e-10,6.002121351e-09
3078.0,3.040664785e-06,4.672359314e-11,5.588404547e-06,4.412948958e-11,3.559891755e-06,7.905106645e-11,2.0294073e-05,9.908211855e-11,2.900942482e-07,1.926682163e-11,6.304900075e-07,9.483599483e-11,2.333021761e-09,-4.831853685e-10,5.518935983e-09
3079.0,2.744575009e-06,4.248871859e-11,5.147755193e-06,3.183766884e-11,3.2130067e-06,8.360790055e-11,2.969530839e-05,9.720534949e-11,2.92121434e-07,2.101214089e-11,7.566358634e-07,6.780486559e-12,2.294049383e-09,4.834201051e-10,6.002356088e-09
3080.0,3.699855593e-06,4.991038206e-11,7.61396556e-06,7.522041146e-11,4.190267691e-06,8.261194615e-11,3.021188341e-05,8.050972389e-11,2.597087654e-07,2.002616654e-11,7.106619324e-07,7.775835634e-11,1.89988736e-09,3.949912823e-10,6.39734737e-09
3081.0,3.014453298e-06,4.662343659e-11,5.552143608e-06,4.41108601e-11,3.556196505e-06,7.983405692e-11,2.146428299e-05,9.288300217e-11,2.803606509e-07,1.884944361e-11,6.246459157e-07,9.522987732e-11,2.187058016e-09,-4.543961882e-10,5.942951182e-09
3082.0,2.775947809e-06,4.269886514e-11,5.133003921e-06,3.184004367e-11,3.210991492e-06,8.244441631e-11,2.83358447e-05,9.827273715e-11,2.827592087e-07,2.06168705e-11,7.518502482e-07,6.716091787e-12,2.319230347e-09,4.88749814e-10,6.431700996e-09
3083.0,3.651944848e-06,4.957597709e-11,7.562989233e-06,7.52695548e-11,4.183423203e-06,8.228290142e-11,3.173992443e-05,7.842520799e-11,2.512976819e-07,1.971257802e-11,7.049588115e-07,7.77325737e-11,1.850707051e-09,3.846560761e-10,6.816357072e-09
3084.0,3.02832762e-06,4.639712748e-11,5.517137344e-06,4.415046911e-11,3.553752464e-06,8.047378334e-11,2.010064455e-05,6.981993544e-11,2.722981e-07,1.866626212e-11,6.204957968e-07,9.484563087e-11,1.644010245e-09,-3.452912712e-10,6.471065801e-09
3085.0,2.742538883e-06,4.270226698e-11,5.120987789e-06,3.180681113e-11,3.211070624e-06,8.244173606e-11,3.001151631e-05,8.896681996e-11,2.745269573e-07,2.010069647e-11,7.462393001e-07,6.709887724e-12,2.099610414e-09,-6.698658773e-10,5.801199924e-09
3086.0,3.682381211e-06,4.938804381e-11,7.603991552e-06,7.524837524e-11,4.192857214e-06,8.235575854e-11,3.081137848e-05,7.879948642e-11,2.445235602e-07,1.937100101e-11,7.01053341e-07,7.681376159e-11,1.859529988e-09,3.865443501e-10,6.187744274e-09
3087.0,2.986016367e-06,4.603938529e-11,5.525547027e-06,4.421983504e-11,3.554751327e-06,8.076031376e-11,2.134497455e-05,6.650984653e-11,2.66042444e-07,1.83749747e-11,6.162474421e-07,9.54590697e-11,1.566065079e-09,-3.293705183e-10,5.858373755e-09
3088.0,2.767665886e-06,4.276024924e-11,5.115615212e-06,3.178896671e-11,3.207238238e-06,8.269303701e-11,2.854229889e-05,8.72732281e-11,2.667831757e-07,1.972295877e-11,7.4239137e-07,6.626656861e-12,2.05964659e-09,-6.571027241e-10,5.201271031e-09
3089.0,3.656924701e-06,4.919914183e-11,7.591449965e-06,7.522620673e-11,4.187135274e-06,8.246109156e-11,3.205082416e-05,8.22932122e-11,2.369727056e-07,1.883873448e-11,6.961368489e-07,7.66122067e-11,1.941977357e-09,4.037512516e-10,5.605022283e-09
3090.0,3.01015282e-06,4.591012265e-11,5.54243109e-06,4.431266556e-11,3.555517126e-06,8.082129654e-11,1.989406842e-05,7.739079797e-11,2.602579375e-07,1.820860455e-11,6.128130511e-07,9.512455403e-11,1.822269783e-09,-3.815390862e-10,5.223483197e-09
3091.0,2.734828347e-06,4.297881627e-11,5.080862249e-06,3.173509212e-11,3.199793295e-06,8.264367249e-11,2.944254545e-05,9.831729201e-11,2.597431534e-07,1.908894771e-11,7.36857094e-07,6.584214503e-12,2.320283334e-09,4.889299644e-10,5.712413161e-09
3092.0,3.677289359e-06,4.898705727e-11,7.588813277e-06,7.52337214e-11,4.183647256e-06,8.242870231e-11,3.011444309e-05,8.111954438e-11,2.310183203e-07,1.830096241e-11,6.922705561e-07,7.533028646e-11,1.914278867e-09,3.979620391e-10,6.1103752e-09
3093.0,2.983540428e-06,4.59492571e-11,5.501380288e-06,4.432813839e-11,3.547944787e-06,8.058557102e-11,2.089152846e-05,8.417561998e-11,2.552135621e-07,1.796739346e-11,6.082439685e-07,9.567204035e-11,1.982030334e-09,-4.136587531e-10,5.696716447e-09
3094.0,2.764806257e-06,4.309930312e-11,5.082228593e-06,3.172099178e-11,3.203525164e-06,8.230735443e-11,2.848141043e-05,9.789390454e-11,2.521797082e-07,1.850726404e-11,7.324829978e-07,6.45007187e-12,2.310292687e-09,4.86847702e-10,6.183564149e-09
3095.0,3.639519434e-06,4.887984985e-11,7.588061627e-06,7.526265113e-11,4.181696204e-06,8.220412127e-11,3.191343554e-05,7.841372257e-11,2.243185812e-07,1.763283622e-11,6.871515784e-07,7.478706308e-11,1.850426635e-09,3.846266567e-10,6.568190806e-09
3096.0,3.015328268e-06,4.585163962e-11,5.52261996e-06,4.433327453e-11,3.552292663e-06,8.122374225e-11,1.998334327e-05,7.223613744e-11,2.500538405e-07,1.793121958e-11,6.042470472e-07,9.527660706e-11,1.70089866e-09,-3.569218005e-10,6.211269005e-09
3097.0,2.740699656e-06,4.295478879e-11,5.108103244e-06,3.175713509e-11,3.205331136e-06,8.206512624e-11,3.083591411e-05,8.943808657e-11,2.452863831e-07,1.770492439e-11,7.263828846e-07,6.369456215e-12,2.110731843e-09,-6.734280599e-10,5.537840945e-09
3098.0,3.674726388e-06,4.890739444e-11,7.61257963e-06,7.528255953e-11,4.189274473e-06,8.206293571e-11,3.110656671e-05,7.862207119e-11,2.190213757e-07,1.698902907e-11,6.830279292e-07,7.324206943e-11,1.85534859e-09,3.856597409e-10,5.923500686e-09
3099.0,2.975728763e-06,4.553820044e-11,5.52850712e-06,4.434494633e-11,3.556533553e-06,8.185949852e-11,2.143426622e-05,7.40196041e-11,2.451842235e-07,1.784540494e-11,5.993807511e-07,9.580198414e-11,1.742898784e-09,-3.655021645e-10,5.557998522e-09
3100.0,2.759519839e-06,4.287914325e-11,5.100594497e-06,3.177496358e-11,3.199790782e-06,8.116578385e-11,2.798756122e-05,8.700557268e-11,2.386532217e-07,1.705896554e-11,7.212455439e-07,6.215950058e-12,2.053325615e-09,-6.550901604e-10,4.902908361e-09
3101.0,3.62831861e-06,4.865022236e-11,7.573528554e-06,7.525418599e-11,4.179223864e-06,8.204430553e-11,3.199511651e-05,8.214129715e-11,2.125681334e-07,1.623890395e-11,6.773952846e-07,7.252668902e-11,1.938391843e-09,4.02990178e-10,5.305898539e-09
3102.0,2.994139302e-06,4.529291234e-11,5.548201188e-06,4.43191455e-11,3.555818899e-06,8.242088991e-11,2.044440314e-05,8.205075515e-11,2.407366616e-07,1.790871631e-11,5.954047516e-07,9.548262997e-11,1.931993559e-09,-4.036704504e-10,4.902228089e-09
3103.0,2.734139189e-06,4.303503252e-11,5.097501094e-06,3.183563298e-11,3.196378586e-06,8.080439561e-11,2.98809658e-05,9.809227406e-11,2.330333421e-07,1.630614814e-11,7.147852333e-07,6.13359822e-12,2.314969763e-09,4.878242504e-10,5.390052339e-09
3104.0,3.65618711e-06,4.859967036e-11,7.595071016e-06,7.526590029e-11,4.179139742e-06,8.20150902e-11,3.046474779e-05,8.086151421e-11,2.074709864e-07,1.556919035e-11,6.727017337e-07,7.100879909e-11,1.908197708e-09,3.966885647e-10,5.786740904e-09
3105.0,2.961726477e-06,4.545538119e-11,5.520107103e-06,4.432528964e-11,3.550629308e-06,8.216718434e-11,2.084913292e-05,8.045987713e-11,2.366937811e-07,1.784240142e-11,5.91084658e-07,9.614323788e-11,1.894536886e-09,-3.960675283e-10,5.390673376e-09
3106.0,2.754538478e-06,4.304192981e-11,5.09425049e-06,3.183933206e-11,3.195091227e-06,8.05802484e-11,2.797588425e-05,9.802385262e-11,2.279923731e-07,1.576307734e-11,7.098509531e-07,5.991870642e-12,2.313357292e-09,4.875397335e-10,5.878213109e-09
3107.0,3.615633199e-06,4.839087114e-11,7.567610993e-06,7.523800284e-11,4.177633877e-06,8.188059646e-11,3.164414037e-05,7.854884774e-11,2.019426756e-07,1.488184038e-11,6.671569682e-07,7.046838804e-11,1.853615036e-09,3.852916862e-10,6.263504795e-09
3108.0,2.996379847e-06,4.537387705e-11,5.505584011e-06,4.430116682e-11,3.550639793e-06,8.231813204e-11,2.049357816e-05,6.785524626e-11,2.332026363e-07,1.78851487e-11,5.877932613e-07,9.599100501e-11,1.597744903e-09,-3.358295393e-10,5.927675256e-09
3109.0,2.722441395e-06,4.282134359e-11,5.08328012e-06,3.190313615e-11,3.203142223e-06,8.096022785e-11,3.072081726e-05,8.924762008e-11,2.239456946e-07,1.515236993e-11,7.044672527e-07,5.927494104e-12,2.106238587e-09,-6.71991209e-10,5.255684047e-09
3110.0,3.652942091e-06,4.835768699e-11,7.612424889e-06,7.520823472e-11,4.185060336e-06,8.20822332e-11,3.135741804e-05,7.853501849e-11,1.985046437e-07,1.440328921e-11,6.632472933e-07,6.934586129e-11,1.853290039e-09,3.85241626e-10,5.640925673e-09
3111.0,2.949902998e-06,4.513274577e-11,5.530823332e-06,4.422641731e-11,3.552878702e-06,8.216669165e-11,2.066881789e-05,6.962593848e-11,2.299785442e-07,1.782175263e-11,5.842722496e-07,9.673247033e-11,1.639439591e-09,-3.444254954e-10,5.296500178e-09
3112.0,2.744803994e-06,4.263311812e-11,5.107326458e-06,3.193410168e-11,3.199775296e-06,8.089635824e-11,2.923241186e-05,8.687242888e-11,2.202735433e-07,1.476941607e-11,7.00781315e-07,5.82357124e-12,2.050180456e-09,-6.541067247e-10,4.642393453e-09
3113.0,3.635457444e-06,4.826590456e-11,7.613173047e-06,7.526480506e-11,4.185293681e-06,8.212309712e-11,3.16259408e-05,8.190804421e-11,1.946079378e-07,1.399507349e-11,6.589027966e-07,6.928675828e-11,1.932884465e-09,4.018676853e-10,5.044261138e-09
3114.0,2.979068692e-06,4.510591619e-11,5.529119843e-06,4.419336182e-11,3.551624182e-06,8.224977413e-11,1.949492394e-05,8.26152601e-11,2.270205272e-07,1.788699209e-11,5.817102321e-07,9.663527755e-11,1.945290864e-09,-4.063295449e-10,4.637931593e-09
3115.0,2.721417104e-06,4.282045609e-11,5.115380006e-06,3.193691092e-11,3.195689267e-06,8.057895343e-11,2.998519404e-05,9.805777542e-11,2.174509595e-07,1.434686304e-11,6.967030138e-07,5.809001229e-12,2.314157368e-09,4.87609373e-10,5.125540966e-09
3116.0,3.660805501e-06,4.836304902e-11,7.593894234e-06,7.520776331e-11,4.180423558e-06,8.246001767e-11,3.045042744e-05,8.049087444e-11,1.925174881e-07,1.377644849e-11,6.561624326e-07,6.864735693e-11,1.899442497e-09,3.949041649e-10,5.520445131e-09
3117.0,2.952854319e-06,4.541629135e-11,5.50956554e-06,4.421565976e-11,3.549395472e-06,8.210264434e-11,2.160494713e-05,8.440626635e-11,2.247637681e-07,1.78939152e-11,5.791755523e-07,9.739613077e-11,1.987456435e-09,-4.1475996e-10,5.105685171e-09
3118.0,2.760962274e-06,4.288441701e-11,5.129460614e-06,3.199790989e-11,3.200220864e-06,8.034959231e-11,2.942454209e-05,9.7459778e-11,2.154621481e-07,1.422426941e-11,6.94635052e-07,9.962711882e-11,2.300049131e-09,4.846617293e-10,5.590346901e-09
3119.0,3.612916754e-06,4.825149984e-11,7.578885875e-06,7.516333394e-11,4.179181008e-06,8.216908149e-11,3.166361203e-05,7.8027338e-11,1.898250768e-07,1.359390951e-11,6.530682919e-07,6.891315885e-11,1.841309729e-09,3.826934615e-10,5.973040362e-09
3120.0,2.982479364e-06,4.549543006e-11,5.55204786e-06,4.417287568e-11,3.548901181e-06,8.211656585e-11,2.033283336e-05,7.100946142e-11,2.229701875e-07,1.810953642e-11,5.776435486e-07,9.737319597e-11,1.67201357e-09,-3.51055988e-10,5.621984374e-09
3121.0,2.720802064e-06,4.258940891e-11,5.142176986e-06,3.200816809e-11,3.198300121e-06,8.029296913e-11,2.950323485e-05,8.79462392e-11,2.147467747e-07,1.418492081e-11,6.922026035e-07,9.989607309e-11,2.075518056e-09,-6.621807541e-10,4.95980362e-09
3122.0,3.638261483e-06,4.832560463e-11,7.594949102e-06,7.51560873e-11,4.176002283e-06,8.250336298e-11,3.066106617e-05,7.826726359e-11,1.888011528e-07,1.360567072e-11,6.513740378e-07,6.853982827e-11,1.846973871e-09,3.839007943e-10,5.343704414e-09
3123.0,2.942487818e-06,4.539030686e-11,5.522714873e-06,4.420598368e-11,3.543495684e-06,8.23079068e-11,2.133647232e-05,7.074631046e-11,2.214159212e-07,1.83428902e-11,5.759829729e-07,9.817939676e-11,1.665822133e-09,-3.497704487e-10,4.993933966e-09
3124.0,2.747964777e-06,4.247411955e-11,5.139499329e-06,3.202299397e-11,3.196692625e-06,8.052905467e-11,2.783538979e-05,8.611017776e-11,2.144767189e-07,1.440868069e-11,6.912886961e-07,9.967037648e-11,2.032193863e-09,-6.483240107e-10,4.345609955e-09
3125.0,3.624126444e-06,4.857876155e-11,7.580150813e-06,7.515580378e-11,4.175278747e-06,8.257722306e-11,3.183372749e-05,8.16108012e-11,1.871683426e-07,1.367607584e-11,6.4896911e-07,6.89599972e-11,1.925863994e-09,4.003818394e-10,4.745991794e-09
3126.0,2.969636676e-06,4.5413379e-11,5.515236602e-06,4.419280322e-11,3.545795291e-06,8.202619655e-11,2.039313865e-05,7.841838095e-11,2.203198662e-07,1.873847732e-11,5.751150738e-07,9.818975581e-11,1.846469214e-09,-3.864341868e-10,4.359557608e-09
3127.0,2.708382364e-06,4.248952563e-11,5.098109746e-06,3.202733832e-11,3.194929771e-06,8.052375549e-11,2.953920216e-05,9.838718209e-11,2.148578228e-07,1.455475814e-11,6.895579956e-07,5.838018083e-12,2.321934842e-09,4.891944524e-10,4.84875206e-09
3128.0,3.650605959e-06,4.875357633e-11,7.595095053e-06,7.513289185e-11,4.175609985e-06,8.271359406e-11,3.053565326e-05,8.01136169e-11,1.871971967e-07,1.385384622e-11,6.474610733e-07,6.868459324e-11,1.890542066e-09,3.93025061e-10,5.241777121e-09
3129.0,2.949296979e-06,4.584538625e-11,5.516323272e-06,4.417359746e-11,3.540617772e-06,8.11515097e-11,2.069325387e-05,8.116456672e-11,2.195825561e-07,1.906565406e-11,5.738344295e-07,9.892441969e-11,1.911125923e-09,-3.99478642e-10,4.842298479e-09
3130.0,2.7357286e-06,4.247407774e-11,5.142348535e-06,3.209299684e-11,3.194672851e-06,8.070876907e-11,2.863862097e-05,9.769919552e-11,2.151025218e-07,1.481472102e-11,6.887595678e-07,5.842026134e-12,2.305695091e-09,4.858842852e-10,5.328182764e-09
3131.0,3.610808198e-06,4.866760362e-11,7.576107558e-06,7.509670382e-11,4.1739543e-06,8.264962192e-11,3.129608906e-05,7.795683034e-11,1.861311803e-07,1.399611385e-11,6.45092905e-07,6.904977628e-11,1.839646108e-09,3.823427926e-10,5.710525557e-09
3132.0,2.992943512e-06,4.607220702e-11,5.539963496e-06,4.421446665e-11,3.541358406e-06,8.075076667e-11,2.023128305e-05,6.896707078e-11,2.189373228e-07,1.947541694e-11,5.728472987e-07,9.87750085e-11,1.623927032e-09,-3.412312341e-10,5.369294323e-09
3133.0,2.735064681e-06,4.226877338e-11,5.151228254e-06,3.219880906e-11,3.204466883e-06,8.134993244e-11,3.119660476e-05,8.874183266e-11,2.153750684e-07,1.490750343e-11,6.867859389e-07,5.883197911e-12,2.094296314e-09,-6.681788683e-10,4.701115454e-09
3134.0,3.650943048e-06,4.873035524e-11,7.605801535e-06,7.512279758e-11,4.178397034e-06,8.275565868e-11,3.082158101e-05,7.832957383e-11,1.862654953e-07,1.416397951e-11,6.434689301e-07,6.867501164e-11,1.848444086e-09,3.842130016e-10,5.085328456e-09
3135.0,2.949525282e-06,4.605287938e-11,5.538641582e-06,4.424816205e-11,3.541495701e-06,8.065688943e-11,2.207888163e-05,7.100172446e-11,2.179007081e-07,1.972631686e-11,5.708495951e-07,9.917782345e-11,1.671832002e-09,-3.510694865e-10,4.73425897e-09
3136.0,2.748040813e-06,4.219523057e-11,5.132616528e-06,3.223808072e-11,3.203165766e-06,8.169754407e-11,2.967332761e-05,8.610547433e-11,2.147520308e-07,1.50020172e-11,6.854274676e-07,5.873906986e-12,2.032084306e-09,-6.483338556e-10,4.085925114e-09
3137.0,3.623094852e-06,4.908144553e-11,7.586263365e-06,7.507687771e-11,4.176854113e-06,8.271326821e-11,3.270569879e-05,8.238921332e-11,1.847748752e-07,1.426075795e-11,6.407479302e-07,6.882024309e-11,1.944245424e-09,4.041905769e-10,4.490115691e-09
3138.0,2.981275978e-06,4.603158944e-11,5.562400891e-06,4.43358679e-11,3.544931103e-06,8.049950691e-11,2.030431039e-05,8.157804894e-11,2.166889984e-07,1.998344705e-11,5.688448198e-07,9.866227645e-11,1.920865289e-09,-4.014603248e-10,4.088655366e-09
3139.0,2.703580368e-06,4.225941602e-11,5.122394193e-06,3.218389932e-11,3.196611102e-06,8.166358099e-11,2.937510024e-05,9.772544855e-11,2.138338979e-07,1.489649364e-11,6.826915402e-07,5.88987651e-12,2.306314932e-09,4.86000347e-10,4.574655713e-09
3140.0,3.65085473e-06,4.922845104e-11,7.603878256e-06,7.503564058e-11,4.176782142e-06,8.284480354e-11,3.165596996e-05,8.094970681e-11,1.839254001e-07,1.430903926e-11,6.38245872e-07,6.826776426e-11,1.91027112e-09,3.971544677e-10,4.971810181e-09
3141.0,2.957857938e-06,4.629974934e-11,5.542513929e-06,4.432903416e-11,3.540367779e-06,7.971722548e-11,2.129296156e-05,8.282076548e-11,2.147121159e-07,2.007591951e-11,5.659337367e-07,9.868748401e-11,1.950132354e-09,-4.072608719e-10,4.564549309e-09
3142.0,2.750862515e-06,4.252084081e-11,5.14318181e-06,3.223416475e-11,3.198245505e-06,8.207548228e-11,2.973098982e-05,9.766160159e-11,2.119479998e-07,1.47699458e-11,6.803034339e-07,9.977549378e-11,2.304807581e-09,4.857205674e-10,5.050269876e-09
3143.0,3.615217698e-06,4.900508771e-11,7.58136871e-06,7.502365855e-11,4.168435801e-06,8.241866496e-11,3.178147399e-05,7.810265279e-11,1.813830441e-07,1.426018906e-11,6.34779693e-07,6.820691323e-11,1.843089226e-09,3.8305205e-10,5.433321926e-09
3144.0,2.968640543e-06,4.641521913e-11,5.517407784e-06,4.437987628e-11,3.529446886e-06,7.937813663e-11,1.951990278e-05,6.928281306e-11,2.129558629e-07,2.015963218e-11,5.628619768e-07,9.787815947e-11,1.631359633e-09,-3.427570357e-10,5.090564891e-09
3145.0,2.691342321e-06,4.216152661e-11,5.097128892e-06,3.218103974e-11,3.195211597e-06,8.274540492e-11,2.946024877e-05,8.806501276e-11,2.096689571e-07,1.445710101e-11,6.769010593e-07,9.961547692e-11,2.078322059e-09,-6.630628621e-10,4.427502028e-09
3146.0,3.624312346e-06,4.897819784e-11,7.578775462e-06,7.495013656e-11,4.168766212e-06,8.224938323e-11,3.049027773e-05,7.84960013e-11,1.796514477e-07,1.414303527e-11,6.316976533e-07,6.755104473e-11,1.852370076e-09,3.85029843e-10,4.812531871e-09
3147.0,2.932695646e-06,4.619903994e-11,5.523361009e-06,4.439479749e-11,3.529623463e-06,7.904191748e-11,2.138911421e-05,6.933087318e-11,2.108557632e-07,2.010344641e-11,5.593300443e-07,9.764025852e-11,1.632496112e-09,-3.429748722e-10,4.469556999e-09
3148.0,2.728670714e-06,4.217703932e-11,5.131121723e-06,3.215797608e-11,3.198336498e-06,8.319889419e-11,2.834261065e-05,8.665845996e-11,2.068787766e-07,1.410052945e-11,6.740089362e-07,9.903244136e-11,2.045131887e-09,-6.524544665e-10,3.817102533e-09
3149.0,3.606944747e-06,4.922339112e-11,7.587052926e-06,7.49004086e-11,4.167903698e-06,8.212740273e-11,3.183135101e-05,8.177784005e-11,1.767764256e-07,1.397319181e-11,6.281984179e-07,6.737690293e-11,1.929810172e-09,4.012417022e-10,4.218344235e-09
3150.0,2.961579637e-06,4.621611792e-11,5.559795954e-06,4.444724478e-11,3.53445417e-06,7.874861728e-11,1.9978032e-05,8.066821313e-11,2.095334732e-07,2.009846101e-11,5.562264965e-07,9.673354591e-11,1.89944052e-09,-3.97094527e-10,3.821249708e-09
3151.0,2.691015918e-06,4.248492767e-11,5.088882198e-06,3.204424219e-11,3.194643907e-06,8.325658172e-11,2.907466316e-05,9.855376544e-11,2.04550707e-07,1.362437149e-11,6.705744041e-07,9.871308661e-11,2.325866624e-09,4.900113959e-10,4.311261104e-09
3152.0,3.637465946e-06,4.92344474e-11,7.577765128e-06,7.489841542e-11,4.165676458e-06,8.198863513e-11,3.017725974e-05,8.073882481e-11,1.753229378e-07,1.37878041e-11,6.254876473e-07,6.675067075e-11,1.905290983e-09,3.96173841e-10,4.707434945e-09
3153.0,2.948138873e-06,4.641198089e-11,5.532548288e-06,4.442026286e-11,3.529104017e-06,7.806701995e-11,2.104500516e-05,8.268340175e-11,2.081125793e-07,2.009343504e-11,5.532616653e-07,9.651870419e-11,1.946891653e-09,-4.065793835e-10,4.300855561e-09
3154.0,2.714152053e-06,4.266779653e-11,5.081024738e-06,3.196478919e-11,3.193640511e-06,8.357223332e-11,2.78776223e-05,9.862823339e-11,2.023716892e-07,1.327596003e-11,6.684783346e-07,9.821885378e-11,2.32761903e-09,4.90473691e-10,4.791329252e-09
3155.0,3.591679672e-06,4.906109589e-11,7.571734109e-06,7.49687756e-11,4.163311558e-06,8.157460132e-11,3.280008886e-05,7.862240855e-11,1.731920471e-07,1.365236936e-11,6.228973251e-07,6.668087911e-11,1.855353034e-09,3.856573526e-10,5.176986605e-09
3156.0,2.987101479e-06,4.634188244e-11,5.557571035e-06,4.440878005e-11,3.531830172e-06,7.807126805e-11,2.061815002e-05,6.947384904e-11,2.077601953e-07,2.020876005e-11,5.510067308e-07,9.578509634e-11,1.635857442e-09,-3.436383162e-10,4.833348289e-09
3157.0,2.69445985e-06,4.262381968e-11,5.096141639e-06,3.18609969e-11,3.197843808e-06,8.387078095e-11,2.956453251e-05,8.937523257e-11,2.008967822e-07,1.301856829e-11,6.662687391e-07,9.799037115e-11,2.109249944e-09,-6.729521581e-10,4.160396131e-09
3158.0,3.622968499e-06,4.905433015e-11,7.605100143e-06,7.502103333e-11,4.164028736e-06,8.133951791e-11,3.071010484e-05,7.875276391e-11,1.728245184e-07,1.355927844e-11,6.212595754e-07,6.621449951e-11,1.858425459e-09,3.863286199e-10,4.546724751e-09
3159.0,2.932460356e-06,4.611402042e-11,5.547681086e-06,4.439548606e-11,3.52941147e-06,7.799657892e-11,2.132344039e-05,7.076503521e-11,2.071942243e-07,2.024340404e-11,5.490031825e-07,9.566459448e-11,1.666265822e-09,-3.498626558e-10,4.196862095e-09
3160.0,2.720387028e-06,4.2791782e-11,5.110731871e-06,3.180721978e-11,3.194170456e-06,8.394584256e-11,2.793001072e-05,8.750257732e-11,1.996056325e-07,1.290330713e-11,6.650448182e-07,9.775397577e-11,2.06504744e-09,-6.588260401e-10,3.538036055e-09
3161.0,3.60237856e-06,4.904242487e-11,7.577698228e-06,7.498127946e-11,4.160184266e-06,8.128575466e-11,3.182031911e-05,8.271213768e-11,1.717075147e-07,1.354116508e-11,6.195977976e-07,6.615017053e-11,1.951860302e-09,4.058435413e-10,3.943879596e-09
3162.0,2.960026656e-06,4.593003714e-11,5.563469108e-06,4.443921187e-11,3.53249462e-06,7.815802717e-11,2.016006261e-05,8.037386798e-11,2.071462299e-07,2.026345688e-11,5.475909937e-07,9.495857411e-11,1.892516012e-09,-3.956696508e-10,3.548209945e-09
3163.0,2.69605308e-06,4.32729823e-11,5.096595755e-06,3.181177956e-11,3.192318399e-06,8.391030388e-11,2.979412447e-05,9.874318486e-11,1.987386202e-07,1.280204433e-11,6.635249299e-07,9.760157682e-11,2.330331901e-09,4.910229302e-10,4.039232876e-09
3164.0,3.630893313e-06,4.910603295e-11,7.574152596e-06,7.502678323e-11,4.160602386e-06,8.098962127e-11,2.988758965e-05,8.117244785e-11,1.721103947e-07,1.353785589e-11,6.188278027e-07,6.565891778e-11,1.915529134e-09,3.982534658e-10,4.437486341e-09
3165.0,2.934744946e-06,4.615222688e-11,5.52725596e-06,4.445011006e-11,3.52387412e-06,7.783443622e-11,2.093257141e-05,8.299737566e-11,2.067415582e-07,2.015473153e-11,5.462091073e-07,9.478048436e-11,1.954283782e-09,-4.080181305e-10,4.029468211e-09
3166.0,2.724757038e-06,4.343931204e-11,5.098425795e-06,3.177594345e-11,3.192031048e-06,8.379077959e-11,2.818107284e-05,9.857672014e-11,1.978530193e-07,1.278799158e-11,6.630217177e-07,9.737856711e-11,2.326401088e-09,4.902828417e-10,4.519751053e-09
3167.0,3.59109395e-06,4.905581575e-11,7.551075709e-06,7.506744431e-11,4.158301518e-06,8.055068101e-11,3.134452762e-05,7.880204427e-11,1.716666815e-07,1.353970705e-11,6.177111707e-07,6.546144608e-11,1.859589982e-09,3.865675056e-10,4.906318558e-09
3168.0,2.961364654e-06,4.601870566e-11,5.535889067e-06,4.44712729e-11,3.52931396e-06,7.806146363e-11,1.991196029e-05,6.982996166e-11,2.065131613e-07,2.001052624e-11,5.449547832e-07,9.397514386e-11,1.644244475e-09,-3.453289332e-10,4.560989625e-09
3169.0,2.675557926e-06,4.329773592e-11,5.083315914e-06,3.172148569e-11,3.188330893e-06,8.396125195e-11,2.888443083e-05,8.923103191e-11,1.967027754e-07,1.271961794e-11,6.61740104e-07,9.709378749e-11,2.105840342e-09,-6.71866532e-10,3.889123093e-09
3170.0,3.625347557e-06,4.913967364e-11,7.599540245e-06,7.508652189e-11,4.160546416e-06,8.0700278e-11,3.096376232e-05,7.879541611e-11,1.720431077e-07,1.346312095e-11,6.169134843e-07,6.479212733e-11,1.859431861e-09,3.86558556e-10,4.275681649e-09
3171.0,2.93728707e-06,4.578884893e-11,5.544016693e-06,4.452888294e-11,3.53127591e-06,7.815917862e-11,2.114976239e-05,6.972982095e-11,2.055387724e-07,1.970986512e-11,5.433662891e-07,9.362303332e-11,1.641881795e-09,-3.448760516e-10,3.930805597e-09
3172.0,2.712343102e-06,4.327939885e-11,5.103210408e-06,3.171822666e-11,3.187749549e-06,8.382887493e-11,2.800579799e-05,8.812202218e-11,1.953072271e-07,1.264650458e-11,6.60492269e-07,9.661977308e-11,2.079671741e-09,-6.634942845e-10,3.267311313e-09
3173.0,3.597953617e-06,4.904513245e-11,7.580001819e-06,7.515024527e-11,4.161322271e-06,8.045021476e-11,3.165722819e-05,8.29792449e-11,1.708487125e-07,1.33152306e-11,6.151573062e-07,6.446445105e-11,1.95816469e-09,4.071224419e-10,3.674433755e-09
3174.0,2.957282025e-06,4.556522923e-11,5.565109805e-06,4.453570657e-11,3.531575477e-06,7.827203557e-11,2.011734926e-05,8.122144414e-11,2.046478459e-07,1.931010473e-11,5.412025202e-07,9.254579579e-11,1.912467743e-09,-3.996945008e-10,3.274739254e-09
3175.0,2.693417093e-06,4.352287095e-11,5.120882649e-06,3.169719867e-11,3.18639765e-06,8.329526706e-11,2.927579881e-05,9.911099993e-11,1.936966169e-07,1.246218035e-11,6.580221901e-07,9.620440641e-11,2.339014961e-09,4.928412408e-10,3.767580495e-09
3176.0,3.622094854e-06,4.889140622e-11,7.578401434e-06,7.51289152e-11,4.15701675e-06,8.039849476e-11,3.008464168e-05,8.134555402e-11,1.700953481e-07,1.307743501e-11,6.133288936e-07,6.364268216e-11,1.91961052e-09,3.991062452e-10,4.16668674e-09
3177.0,2.938147802e-06,4.57728368e-11,5.543560874e-06,4.457853553e-11,3.5308455e-06,7.816817906e-11,2.253366608e-05,8.162860505e-11,2.028139514e-07,1.872451063e-11,5.385012646e-07,9.185636597e-11,1.922048297e-09,-4.015860092e-10,3.765100731e-09
3178.0,2.73556249e-06,4.360718178e-11,5.129165793e-06,3.172920876e-11,3.189199775e-06,8.335959375e-11,2.95193713e-05,9.876360774e-11,1.918982143e-07,1.231541462e-11,6.560549567e-07,9.554851163e-11,2.330812862e-09,4.911848699e-10,4.256285601e-09
3179.0,3.594337877e-06,4.885655188e-11,7.587693188e-06,7.523069722e-11,4.160376361e-06,8.055309926e-11,3.218927686e-05,7.876599508e-11,1.680417948e-07,1.279562411e-11,6.107602472e-07,6.323854104e-11,1.858745813e-09,3.863365564e-10,4.642622157e-09
3180.0,2.961597166e-06,4.569292287e-11,5.559945808e-06,4.452682478e-11,3.531636885e-06,7.838136548e-11,1.999264399e-05,7.020795636e-11,2.006810953e-07,1.808792305e-11,5.352461271e-07,9.045570611e-11,1.653134672e-09,-3.472049504e-10,4.295417207e-09
3181.0,2.681709548e-06,4.329178825e-11,5.099098876e-06,3.165835935e-11,3.185296366e-06,8.309550836e-11,2.940457714e-05,8.902772541e-11,1.902288212e-07,1.215853208e-11,6.5302708e-07,9.517156943e-11,2.101049003e-09,-6.703310111e-10,3.625086196e-09
3182.0,3.611255956e-06,4.883024103e-11,7.575426529e-06,7.527778271e-11,4.16039775e-06,8.033575448e-11,3.079947861e-05,7.88989275e-11,1.666769124e-07,1.246417178e-11,6.084833468e-07,6.233907673e-11,1.861871151e-09,3.870314827e-10,4.012117678e-09
3183.0,2.912116933e-06,4.538977366e-11,5.528525512e-06,4.455484781e-11,3.527147855e-06,7.879601256e-11,2.139493801e-05,7.046503732e-11,1.978974462e-07,1.733583719e-11,5.318452046e-07,8.948371342e-11,1.659194387e-09,-3.483702064e-10,3.663747472e-09
3184.0,2.707374467e-06,4.314922055e-11,5.123703254e-06,3.166529651e-11,3.18538333e-06,8.29322953e-11,2.763126019e-05,8.650773478e-11,1.885661853e-07,1.211410096e-11,6.507837832e-07,9.447082563e-11,2.041569122e-09,-6.512997571e-10,3.012447715e-09
3185.0,3.581319937e-06,4.860256599e-11,7.572400914e-06,7.531287953e-11,4.154099897e-06,8.038812338e-11,3.131883192e-05,8.241935917e-11,1.64427576e-07,1.215015555e-11,6.058134477e-07,6.196147e-11,1.944943839e-09,4.043747387e-10,3.416822453e-09
3186.0,2.936262684e-06,4.518579767e-11,5.53385353e-06,4.44545839e-11,3.528261306e-06,7.899713338e-11,1.994523557e-05,7.947211354e-11,1.949433961e-07,1.660127303e-11,5.284598015e-07,8.793145751e-11,1.871277917e-09,-3.913915449e-10,3.025430909e-09
3187.0,2.668547079e-06,4.315183729e-11,5.084594876e-06,3.162126783e-11,3.177742074e-06,8.231276041e-11,2.935615484e-05,9.875093721e-11,1.872665996e-07,1.204971721e-11,6.481166658e-07,9.424733423e-11,2.330511507e-09,4.910585396e-10,3.516489448e-09
3188.0,3.619501443e-06,4.848015166e-11,7.603986706e-06,7.538902071e-11,4.159746646e-06,8.04373248e-11,3.037284226e-05,8.070981262e-11,1.630981641e-07,1.184315744e-11,6.040179959e-07,6.127182531e-11,1.904604198e-09,3.959834894e-10,3.912472938e-09
3189.0,2.920914946e-06,4.530405169e-11,5.518142043e-06,4.440185484e-11,3.527401656e-06,7.886667077e-11,2.097364371e-05,8.206345895e-11,1.917321256e-07,1.581058268e-11,5.255528855e-07,8.695826556e-11,1.932288584e-09,-4.036422868e-10,3.508830651e-09
3190.0,2.716262219e-06,4.318554089e-11,5.119644495e-06,3.16785843e-11,3.185533451e-06,8.199976857e-11,2.971214489e-05,9.868155723e-11,1.861333405e-07,1.210331308e-11,6.468128109e-07,9.376246098e-11,2.328872083e-09,4.907833114e-10,3.999613962e-09
3191.0,3.587801482e-06,4.842760425e-11,7.57239089e-06,7.538372618e-11,4.162448861e-06,8.046018931e-11,3.211991382e-05,7.851323634e-11,1.612584464e-07,1.15996645e-11,6.024959713e-07,6.125251751e-11,1.85276894e-09,3.851172589e-10,4.384731221e-09
3192.0,2.952675865e-06,4.523002419e-11,5.526618667e-06,4.435876503e-11,3.529366048e-06,7.924488726e-11,1.965277821e-05,7.006365496e-11,1.890105205e-07,1.512673642e-11,5.233170376e-07,8.567385708e-11,1.649742976e-09,-3.464998099e-10,4.038231411e-09
3193.0,2.693562006e-06,4.301004435e-11,5.134648024e-06,3.176609907e-11,3.183584212e-06,8.181254641e-11,3.126842158e-05,8.789282894e-11,1.857786773e-07,1.216261229e-11,6.453590913e-07,9.386342277e-11,2.074259525e-09,-6.618060875e-10,3.376425324e-09
3194.0,3.619824432e-06,4.845331882e-11,7.621322757e-06,7.53770357e-11,4.165660635e-06,8.07980479e-11,3.085000175e-05,7.845445185e-11,1.609021606e-07,1.150690088e-11,6.021644241e-07,6.095554498e-11,1.851384013e-09,3.848536223e-10,3.761278946e-09
3195.0,2.921061335e-06,4.510773679e-11,5.551063282e-06,4.430033973e-11,3.533176069e-06,7.983494252e-11,2.184772594e-05,7.123506094e-11,1.869649198e-07,1.450719061e-11,5.219936431e-07,8.513356871e-11,1.677325268e-09,-3.521477273e-10,3.409131219e-09
3196.0,2.725238323e-06,4.281018398e-11,5.147281312e-06,3.175504104e-11,3.18715161e-06,8.138711994e-11,2.856723556e-05,8.680331095e-11,1.860218667e-07,1.236492729e-11,6.456306185e-07,9.378533068e-11,2.048544127e-09,-6.535463427e-10,2.755584876e-09
3197.0,3.592876753e-06,4.84304959e-11,7.613623025e-06,7.543075207e-11,4.16287026e-06,8.085091304e-11,3.286319396e-05,8.252307051e-11,1.604484149e-07,1.151520838e-11,6.020054587e-07,6.118356747e-11,1.947401081e-09,4.048395707e-10,3.160424447e-09
3198.0,2.959252195e-06,4.496587992e-11,5.565217754e-06,4.427894465e-11,3.536610055e-06,8.025507141e-11,2.078516907e-05,8.302926311e-11,1.85971346e-07,1.411859048e-11,5.21562856e-07,8.441675839e-11,1.955030229e-09,-4.082822182e-10,2.752142228e-09
3199.0,2.68999252e-06,4.281241756e-11,5.108267054e-06,3.176218081e-11,3.17855953e-06,8.077287537e-11,2.95546089e-05,9.719806102e-11,1.873056556e-07,1.261099467e-11,6.456103244e-07,9.414366521e-11,2.293863933e-09,4.834360208e-10,3.235578249e-09
3200.0,3.613653298e-06,4.840605915e-11,7.607443376e-06,7.542194438e-11,4.162038889e-06,8.100614575e-11,3.077416913e-05,8.037059534e-11,1.614792635e-07,1.16040579e-11,6.026099245e-07,6.101737432e-11,1.896598941e-09,3.942658852e-10,3.629844134e-09
3201.0,2.918884042e-06,4.555635928e-11,5.527537385e-06,4.422108091e-11,3.528988779e-06,7.987909852e-11,2.177999957e-05,8.354564161e-11,1.857518704e-07,1.392124579e-11,5.218516918e-07,8.443081404e-11,1.967193272e-09,-4.106710375e-10,3.219173097e-09
3202.0,2.715719338e-06,4.282182465e-11,5.112385452e-06,3.183219563e-11,3.175181963e-06,8.04303452e-11,2.881167955e-05,9.708643757e-11,1.893388564e-07,1.296393474e-11,6.467972227e-07,9.423348351e-11,2.291232184e-09,4.829072668e-10,3.702080364e-09
3203.0,3.584469123e-06,4.841666671e-11,7.607762864e-06,7.539461064e-11,4.159095028e-06,8.092051819e-11,3.143218999e-05,7.801745865e-11,1.624436038e-07,1.174346364e-11,6.029707746e-07,6.123132494e-11,1.841072895e-09,3.826073757e-10,4.084687739e-09
3204.0,2.946518707e-06,4.575908477e-11,5.531701085e-06,4.412452091e-11,3.523625575e-06,7.984614832e-11,1.960606339e-05,7.021512007e-11,1.865704198e-07,1.394052734e-11,5.223303453e-07,8.419944392e-11,1.653307636e-09,-3.472675671e-10,3.737420172e-09
3205.0,2.683191915e-06,4.255036924e-11,5.126117761e-06,3.187588148e-11,3.17646701e-06,8.064848233e-11,2.983109696e-05,8.783821131e-11,1.9195814e-07,1.329790764e-11,6.473238488e-07,9.453591375e-11,2.07296688e-09,-6.613414536e-10,3.076078719e-09
3206.0,3.62590305e-06,4.852239233e-11,7.603286899e-06,7.542129026e-11,4.161080403e-06,8.133634881e-11,3.165909141e-05,7.800337305e-11,1.642208725e-07,1.188685101e-11,6.037271944e-07,6.098304385e-11,1.840740667e-09,3.825243248e-10,3.458603044e-09
3207.0,2.92053291e-06,4.578343748e-11,5.534043402e-06,4.406258909e-11,3.527629139e-06,7.984616471e-11,2.140459774e-05,7.150326533e-11,1.877245232e-07,1.4079689e-11,5.231862617e-07,8.45098596e-11,1.683640356e-09,-3.534584823e-10,3.105144561e-09
3208.0,2.71671337e-06,4.238208615e-11,5.161981992e-06,3.186727321e-11,3.182400603e-06,8.075848494e-11,2.843822725e-05,8.576329693e-11,1.944864859e-07,1.362379106e-11,6.483507031e-07,9.45650386e-11,2.023997642e-09,-6.457064698e-10,2.459438091e-09
3209.0,3.593938369e-06,4.90461883e-11,7.609272205e-06,7.543966264e-11,4.157804454e-06,8.147772138e-11,3.148834374e-05,8.159920015e-11,1.651764184e-07,1.199727378e-11,6.037674795e-07,6.095447247e-11,1.925592981e-09,4.003067975e-10,2.859744889e-09
3210.0,2.944810468e-06,4.594571033e-11,5.546058821e-06,4.403847521e-11,3.524945803e-06,7.964908231e-11,2.014393454e-05,8.166943246e-11,1.889592777e-07,1.432828542e-11,5.236745329e-07,8.444719044e-11,1.923011904e-09,-4.019144701e-10,2.457830419e-09
3211.0,2.687910194e-06,4.252480865e-11,5.129037978e-06,3.194331162e-11,3.176116008e-06,8.075045152e-11,3.014240159e-05,9.76232019e-11,1.963130299e-07,1.380085788e-11,6.482240782e-07,9.456296936e-11,2.303906068e-09,4.853740982e-10,2.943204517e-09
3212.0,3.629381251e-06,4.944545222e-11,7.608090795e-06,7.549210499e-11,4.156049531e-06,8.143908002e-11,3.040926132e-05,7.99016016e-11,1.662084646e-07,1.20060577e-11,6.038925699e-07,6.046502126e-11,1.885533814e-09,3.92012193e-10,3.33521671e-09
3213.0,2.937434678e-06,4.635521171e-11,5.559105384e-06,4.406892468e-11,3.523559559e-06,7.889381338e-11,2.168349717e-05,8.282876099e-11,1.896349302e-07,1.455090343e-11,5.239704921e-07,8.472608891e-11,1.95031305e-09,-4.07306366e-10,2.927910344e-09
3214.0,2.726448547e-06,4.242587232e-11,5.157800457e-06,3.191993095e-11,3.189191613e-06,8.117076535e-11,2.970883955e-05,9.821060845e-11,1.971702478e-07,1.388751438e-11,6.483130279e-07,9.442288001e-11,2.317758192e-09,4.884060739e-10,3.416316418e-09
3215.0,3.597609202e-06,4.952607154e-11,7.609401822e-06,7.553835292e-11,4.160833182e-06,8.146882183e-11,3.287121061e-05,7.82109092e-11,1.658425343e-07,1.193475748e-11,6.030295655e-07,6.012310989e-11,1.84564003e-09,3.836047933e-10,3.799921211e-09
3216.0,2.974780472e-06,4.643705942e-11,5.571733462e-06,4.411734301e-11,3.524617972e-06,7.868229018e-11,2.06167382e-05,7.118985177e-11,1.897541802e-07,1.475676568e-11,5.233493475e-07,8.450683958e-11,1.676260408e-09,-3.519520678e-10,3.447969143e-09
3217.0,2.697352464e-06,4.233225886e-11,5.128612845e-06,3.194599286e-11,3.185289598e-06,8.173695458e-11,3.083303152e-05,8.746137757e-11,1.967415415e-07,1.377832233e-11,6.469366089e-07,9.401037237e-11,2.064083261e-09,-6.585671444e-10,2.789401999e-09
3218.0,3.625336687e-06,4.959073057e-11,7.637415445e-06,7.554757373e-11,4.160844785e-06,8.16032072e-11,3.149112282e-05,7.825614451e-11,1.652587167e-07,1.172441563e-11,6.016534621e-07,5.942772363e-11,1.846707294e-09,3.83846118e-10,3.173248117e-09
3219.0,2.927018835e-06,4.641772434e-11,5.545980556e-06,4.412311553e-11,3.522317222e-06,7.833242123e-11,2.13405233e-05,7.12643766e-11,1.890101661e-07,1.486449825e-11,5.220942366e-07,8.450755603e-11,1.678015116e-09,-3.523424608e-10,2.820905656e-09
3220.0,2.71818118e-06,4.222586111e-11,5.148035927e-06,3.193565742e-11,3.186310203e-06,8.220975916e-11,2.846835143e-05,8.71669117e-11,1.953223718e-07,1.354358118e-11,6.453501269e-07,9.361273939e-11,2.057130003e-09,-6.563087164e-10,2.16459694e-09
3221.0,3.610553447e-06,4.990506646e-11,7.612552224e-06,7.558261012e-11,4.158307809e-06,8.175221838e-11,3.250413676e-05,8.230999932e-11,1.631520423e-07,1.144612169e-11,5.994793709e-07,5.87871165e-11,1.942368956e-09,4.038575247e-10,2.568454465e-09
3222.0,2.953981799e-06,4.632159003e-11,5.56574454e-06,4.415544678e-11,3.523466154e-06,7.809192817e-11,2.056866598e-05,8.376451621e-11,1.878815612e-07,1.492447899e-11,5.199701918e-07,8.400827789e-11,1.972354501e-09,-4.117383981e-10,2.156716066e-09
3223.0,2.687573725e-06,4.253429475e-11,5.135582704e-06,3.190799909e-11,3.183732813e-06,8.259206635e-11,3.039315041e-05,9.781162575e-11,1.933610385e-07,1.313071313e-11,6.427595046e-07,9.288234641e-11,2.30834661e-09,4.864061766e-10,2.643122243e-09
3224.0,3.625873372e-06,4.992976087e-11,7.638811011e-06,7.554024547e-11,4.156191054e-06,8.175778791e-11,2.993197671e-05,8.052771913e-11,1.613551089e-07,1.103229896e-11,5.974085323e-07,5.812609975e-11,1.900309987e-09,3.950685325e-10,3.038190776e-09
3225.0,2.925716622e-06,4.659789663e-11,5.568820242e-06,4.422594834e-11,3.515566657e-06,7.712462422e-11,2.205047552e-05,8.251313726e-11,1.866816498e-07,1.490028658e-11,5.177203086e-07,8.374313636e-11,1.942880634e-09,-4.058151302e-10,2.632375645e-09
3226.0,2.709323187e-06,4.252364741e-11,5.141223515e-06,3.196413746e-11,3.185251676e-06,8.303182907e-11,2.861250151e-05,9.764239115e-11,1.913363118e-07,1.264174435e-11,6.407464542e-07,9.244796025e-11,2.304353675e-09,4.856520709e-10,3.118027716e-09
3227.0,3.579446654e-06,4.967330958e-11,7.591369799e-06,7.549052342e-11,4.148756383e-06,8.163205407e-11,3.163988842e-05,7.8299205e-11,1.591279636e-07,1.064773707e-11,5.955474485e-07,5.75195279e-11,1.847722451e-09,3.840239733e-10,3.50205169e-09
3228.0,2.956701129e-06,4.650386974e-11,5.577205871e-06,4.427883444e-11,3.515708206e-06,7.681650522e-11,1.995812922e-05,7.077711445e-11,1.860999641e-07,1.490477375e-11,5.157175439e-07,8.315700636e-11,1.666543315e-09,-3.499162644e-10,3.152135425e-09
3229.0,2.679251268e-06,4.232981755e-11,5.155026479e-06,3.190921758e-11,3.187348977e-06,8.34754549e-11,3.008287247e-05,8.822993519e-11,1.900116776e-07,1.210089388e-11,6.391474359e-07,9.185983257e-11,2.082212478e-09,-6.642842818e-10,2.487851143e-09
3230.0,3.620651255e-06,4.96318759e-11,7.633526839e-06,7.542567552e-11,4.153535461e-06,8.167535855e-11,3.109898608e-05,7.864872133e-11,1.586721194e-07,1.033389739e-11,5.948080169e-07,5.73126214e-11,1.855972261e-09,3.857988055e-10,2.873649949e-09
3231.0,2.935772963e-06,4.636090894e-11,5.590398465e-06,4.436241904e-11,3.517273982e-06,7.678690128e-11,2.270303827e-05,7.168735466e-11,1.866289548e-07,1.500396279e-11,5.149801003e-07,8.29934509e-11,1.687973676e-09,-3.54290844e-10,2.519359105e-09
3232.0,2.712086713e-06,4.24382507e-11,5.14041469e-06,3.189688309e-11,3.186559582e-06,8.388274645e-11,2.837952958e-05,8.75805968e-11,1.895564603e-07,1.164263007e-11,6.387137037e-07,9.178852662e-11,2.066893686e-09,-6.593968474e-10,1.859962257e-09
3233.0,3.587512826e-06,4.961208071e-11,7.581170477e-06,7.533389009e-11,4.152672554e-06,8.157296761e-11,3.139602338e-05,8.264802377e-11,1.590059008e-07,1.02931319e-11,5.95049363e-07,5.721964425e-11,1.95034789e-09,4.055044239e-10,2.265466681e-09
3234.0,2.948840954e-06,4.614889053e-11,5.572266032e-06,4.437986437e-11,3.513284115e-06,7.652075124e-11,2.021626804e-05,8.209489972e-11,1.887659386e-07,1.531908974e-11,5.152357292e-07,8.287156657e-11,1.933031603e-09,-4.038002533e-10,1.861666428e-09
3235.0,2.66721495e-06,4.28682707e-11,5.11957743e-06,3.186089443e-11,3.179469473e-06,8.36767283e-11,2.96174808e-05,9.843312544e-11,1.905034788e-07,1.134006122e-11,6.39169967e-07,9.170542315e-11,2.323018585e-09,4.895432649e-10,2.351209693e-09
3236.0,3.623729993e-06,4.961190214e-11,7.603273693e-06,7.527123067e-11,4.153435728e-06,8.158608674e-11,3.044130949e-05,8.081763579e-11,1.616075708e-07,1.045751444e-11,5.966051636e-07,5.775725942e-11,1.90714743e-09,3.96577718e-10,2.747787411e-09
3237.0,2.94411675e-06,4.647660754e-11,5.582739394e-06,4.440615267e-11,3.515539007e-06,7.62794436e-11,2.202582026e-05,8.247471466e-11,1.923042107e-07,1.586937599e-11,5.171266674e-07,8.337858457e-11,1.941977585e-09,-4.054971023e-10,2.342290309e-09
3238.0,2.711189674e-06,4.32313551e-11,5.146718708e-06,3.184299199e-11,3.183427841e-06,8.379406512e-11,2.874191953e-05,9.808125755e-11,1.924133464e-07,1.13521864e-11,6.410718441e-07,9.218472821e-11,2.314709912e-09,4.878776064e-10,2.830167915e-09
3239.0,3.593590176e-06,4.952299071e-11,7.591805114e-06,7.526603323e-11,4.148867444e-06,8.131402691e-11,3.129705456e-05,7.891003807e-11,1.648124867e-07,1.089827271e-11,5.991497939e-07,5.84265675e-11,1.862136189e-09,3.871190977e-10,3.217287013e-09
3240.0,2.960188492e-06,4.644175248e-11,5.564906019e-06,4.43918602e-11,3.511196463e-06,7.625671838e-11,1.944124916e-05,7.01624955e-11,1.969040822e-07,1.652457488e-11,5.192868516e-07,8.383994605e-11,1.652072966e-09,-3.469140792e-10,2.870372934e-09
3241.0,2.677316902e-06,4.341525154e-11,5.094496322e-06,3.180369353e-11,3.178523023e-06,8.397292417e-11,2.954877941e-05,8.867893401e-11,1.951738065e-07,1.160147491e-11,6.433802857e-07,9.255089547e-11,2.092811919e-09,-6.676832315e-10,2.202689702e-09
3242.0,3.623646815e-06,4.960835035e-11,7.619176261e-06,7.529841541e-11,4.154771965e-06,8.119201092e-11,3.034607228e-05,7.921776906e-11,1.692201631e-07,1.147832351e-11,6.022009775e-07,5.950422899e-11,1.869397891e-09,3.886518759e-10,2.591341578e-09
3243.0,2.912995207e-06,4.617552886e-11,5.525976385e-06,4.447437031e-11,3.511551251e-06,7.661540815e-11,2.088103883e-05,7.107131708e-11,2.014502609e-07,1.712894208e-11,5.220484001e-07,8.462914538e-11,1.673472724e-09,-3.512669911e-10,2.240074587e-09
3244.0,2.712163761e-06,4.368127385e-11,5.129231558e-06,3.173574583e-11,3.183899505e-06,8.411474212e-11,2.880477111e-05,8.663264191e-11,1.975554741e-07,1.199582753e-11,6.460254822e-07,9.327023999e-11,2.044517781e-09,-6.522509545e-10,1.587823632e-09
3245.0,3.607090598e-06,4.966497891e-11,7.615358684e-06,7.525182345e-11,4.155796134e-06,8.119684778e-11,3.14338657e-05,8.314316733e-11,1.729334972e-07,1.212863468e-11,6.052283964e-07,6.032587139e-11,1.962023356e-09,4.080226325e-10,1.995846265e-09
3246.0,2.953600007e-06,4.603568824e-11,5.565755987e-06,4.453797785e-11,3.51809441e-06,7.70450167e-11,2.038462136e-05,8.250871206e-11,2.056317556e-07,1.757681749e-11,5.241233691e-07,8.502529866e-11,1.942783393e-09,-4.05669847e-10,1.590176418e-09
3247.0,2.68470936e-06,4.406788217e-11,5.098435042e-06,3.170850734e-11,3.177991405e-06,8.372233613e-11,2.989943901e-05,9.962422713e-11,1.995093044e-07,1.236193467e-11,6.477788231e-07,9.364879383e-11,2.351118036e-09,4.954239951e-10,2.085600413e-09
3248.0,3.63525304e-06,4.961861103e-11,7.609157085e-06,7.525712898e-11,4.151492601e-06,8.105901314e-11,3.072806065e-05,8.137150335e-11,1.766211707e-07,1.268045397e-11,6.07568754e-07,6.126833261e-11,1.920225812e-09,3.992927461e-10,2.484893159e-09
3249.0,2.939646942e-06,4.620925854e-11,5.56745004e-06,4.459925762e-11,3.519383489e-06,7.71362351e-11,2.119579284e-05,8.183704533e-11,2.086254209e-07,1.778701466e-11,5.255064445e-07,8.549435473e-11,1.926959487e-09,-4.025093654e-10,2.082383794e-09
3250.0,2.712621091e-06,4.435561684e-11,5.124543722e-06,3.178467864e-11,3.174761416e-06,8.352352412e-11,2.844453064e-05,9.861161864e-11,2.004467795e-07,1.269924689e-11,6.489093238e-07,9.416651518e-11,2.327217741e-09,4.904985202e-10,2.572882314e-09
3251.0,3.595682377e-06,4.964211654e-11,7.605159925e-06,7.529401946e-11,4.155190643e-06,8.080035852e-11,3.23765706e-05,7.890948712e-11,1.783503154e-07,1.314867415e-11,6.088602182e-07,6.184147143e-11,1.862128933e-09,3.871003048e-10,2.959982619e-09
3252.0,2.974105909e-06,4.617103794e-11,5.577602129e-06,4.463637871e-11,3.522095953e-06,7.747627842e-11,2.013966886e-05,6.929590562e-11,2.102458638e-07,1.77749953e-11,5.256224058e-07,8.541537503e-11,1.631662036e-09,-3.427421031e-10,2.617240516e-09
3253.0,2.685812947e-06,4.41073494e-11,5.127842025e-06,3.181442764e-11,3.173431147e-06,8.340179438e-11,2.944437932e-05,8.848048442e-11,2.005928206e-07,1.293811337e-11,6.486897979e-07,9.428268267e-11,2.088128575e-09,-6.661873808e-10,1.951053135e-09
3254.0,3.62103656e-06,4.960047754e-11,7.632271244e-06,7.532889317e-11,4.155375128e-06,8.081307356e-11,3.057509003e-05,7.902230278e-11,1.792062806e-07,1.341388836e-11,6.091803e-07,6.227207835e-11,1.864779449e-09,3.877396305e-10,2.338792765e-09
3255.0,2.923829153e-06,4.59675635e-11,5.568772276e-06,4.473367335e-11,3.522397079e-06,7.822779584e-11,2.104702303e-05,7.150488259e-11,2.103871319e-07,1.749880649e-11,5.246383455e-07,8.532375407e-11,1.683679833e-09,-3.533445485e-10,1.985448217e-09
3256.0,2.704489533e-06,4.388896172e-11,5.134085755e-06,3.190271808e-11,3.174367496e-06,8.322791523e-11,2.816358316e-05,8.754294385e-11,2.001755304e-07,1.311179346e-11,6.477677562e-07,9.443244247e-11,2.066000333e-09,-6.591059942e-10,1.326342223e-09
3257.0,3.594932985e-06,4.945102724e-11,7.616426584e-06,7.5371323e-11,4.15156692e-06,8.085735169e-11,3.266137753e-05,8.333367858e-11,1.785041821e-07,1.35407594e-11,6.081396916e-07,6.251097359e-11,1.966522384e-09,4.089054655e-10,1.735247688e-09
3258.0,2.943978599e-06,4.571819193e-11,5.556421512e-06,4.470354956e-11,3.524063666e-06,7.874764556e-11,2.090555893e-05,8.157899604e-11,2.091991719e-07,1.698942028e-11,5.226510876e-07,8.463163073e-11,1.920891299e-09,-4.012753668e-10,1.333972321e-09
3259.0,2.684614485e-06,4.394906684e-11,5.125117131e-06,3.188232612e-11,3.178279142e-06,8.273960634e-11,3.110637601e-05,9.959248615e-11,1.993122399e-07,1.318804812e-11,6.45803814e-07,9.425822008e-11,2.350371563e-09,4.95286409e-10,1.82925873e-09
3260.0,3.622172816e-06,4.916123304e-11,7.636622846e-06,7.534498136e-11,4.158864198e-06,8.061579711e-11,3.09115082e-05,8.148921115e-11,1.777005916e-07,1.349310231e-11,6.065074867e-07,6.241482942e-11,1.922992736e-09,3.998723696e-10,2.2291311e-09
3261.0,2.918203695e-06,4.573454868e-11,5.566722941e-06,4.467767104e-11,3.52665916e-06,7.894609397e-11,2.113069029e-05,8.386643532e-11,2.06759037e-07,1.627756224e-11,5.20102081e-07,8.39624455e-11,1.974747817e-09,-4.120876452e-10,1.817043455e-09
3262.0,2.718136548e-06,4.382644571e-11,5.154340472e-06,3.194903104e-11,3.172259573e-06,8.230327644e-11,3.048888086e-05,9.775978203e-11,1.979792134e-07,1.329254211e-11,6.436995778e-07,9.409896953e-11,2.307115316e-09,4.862322201e-10,2.303275675e-09
3263.0,3.592211107e-06,4.898550881e-11,7.643183224e-06,7.545801526e-11,4.160761723e-06,8.075819743e-11,3.25084945e-05,7.863141086e-11,1.762208583e-07,1.341899038e-11,6.04283862e-07,6.240074625e-11,1.855561861e-09,3.85709348e-10,2.688985023e-09
3264.0,2.959175176e-06,4.579884362e-11,5.601843572e-06,4.466420025e-11,3.528138964e-06,7.945630696e-11,2.0036569e-05,7.050402596e-11,2.036768212e-07,1.552394116e-11,5.170113439e-07,8.281351701e-11,1.660104711e-09,-3.486003485e-10,2.340384674e-09
3265.0,2.674840267e-06,4.322666308e-11,5.148518437e-06,3.199840588e-11,3.169723411e-06,8.203744608e-11,2.902233168e-05,8.803419187e-11,1.964830655e-07,1.339089827e-11,6.411993163e-07,9.383946164e-11,2.077591299e-09,-6.628197121e-10,1.677564962e-09
3266.0,3.618055206e-06,4.889497883e-11,7.628999359e-06,7.539778767e-11,4.159373208e-06,8.084351444e-11,3.184617564e-05,7.904019298e-11,1.753101349e-07,1.334503291e-11,6.024204592e-07,6.218247336e-11,1.865207039e-09,3.877799301e-10,2.065344892e-09
3267.0,2.917383898e-06,4.537710032e-11,5.549569339e-06,4.462975034e-11,3.526951735e-06,8.011629524e-11,2.116363509e-05,7.02824065e-11,2.001616828e-07,1.466960202e-11,5.141529365e-07,8.18788169e-11,1.654894767e-09,-3.475411365e-10,1.717803756e-09
3268.0,2.710226854e-06,4.298587489e-11,5.148615331e-06,3.202665229e-11,3.173941321e-06,8.169092494e-11,2.891634e-05,8.603700896e-11,1.952103291e-07,1.350236233e-11,6.39567881e-07,9.375680369e-11,2.030457225e-09,-6.477807119e-10,1.070023044e-09
3269.0,3.583132267e-06,4.870495229e-11,7.626295571e-06,7.538894179e-11,4.156151137e-06,8.089445127e-11,3.208835115e-05,8.193546464e-11,1.739277622e-07,1.330574426e-11,6.008142833e-07,6.234622065e-11,1.933523276e-09,4.020023583e-10,1.472025402e-09
3270.0,2.927796784e-06,4.531038841e-11,5.585404119e-06,4.456855698e-11,3.528752347e-06,8.056337345e-11,1.987138564e-05,8.180836937e-11,1.963948716e-07,1.378948576e-11,5.119534455e-07,8.0810651e-11,1.926281621e-09,-4.024901316e-10,1.069535271e-09
3271.0,2.670407123e-06,4.295156939e-11,5.158312687e-06,3.198225939e-11,3.168038524e-06,8.099201434e-11,3.001668596e-05,9.741396827e-11,1.943472144e-07,1.359629493e-11,6.383765201e-07,9.394557644e-11,2.298950495e-09,4.845387787e-10,1.554074049e-09
3272.0,3.623564406e-06,4.870028084e-11,7.64318665e-06,7.539680774e-11,4.161482936e-06,8.121564379e-11,3.038152008e-05,8.0619271e-11,1.733781838e-07,1.3314115e-11,6.00456748e-07,6.251156427e-11,1.902468396e-09,3.955066289e-10,1.949580678e-09
3273.0,2.910936541e-06,4.549581255e-11,5.555217733e-06,4.457041967e-11,3.523642194e-06,8.069953457e-11,2.122466158e-05,8.499140896e-11,1.934242533e-07,1.293482117e-11,5.110196406e-07,8.037366921e-11,2.001234106e-09,-4.174417119e-10,1.532138966e-09
3274.0,2.707752327e-06,4.287220606e-11,5.164373163e-06,3.201618992e-11,3.16814904e-06,8.038305829e-11,2.861154789e-05,9.716691106e-11,1.948803696e-07,1.383816196e-11,6.393334829e-07,9.44991387e-11,2.293123919e-09,4.833287352e-10,2.015467702e-09
3275.0,3.58129123e-06,4.871626245e-11,7.625507011e-06,7.537487556e-11,4.157027127e-06,8.114588475e-11,3.147365172e-05,7.804062608e-11,1.732785361e-07,1.344117503e-11,6.008233224e-07,6.302837041e-11,1.841615384e-09,3.827233142e-10,2.398191016e-09
3276.0,2.950038056e-06,4.558690567e-11,5.563331865e-06,4.446242254e-11,3.524279781e-06,8.11859459e-11,2.057386706e-05,7.013060457e-11,1.920465339e-07,1.238860409e-11,5.118173501e-07,8.012260711e-11,1.651311225e-09,-3.468564689e-10,2.051334547e-09
3277.0,2.698610281e-06,4.266833578e-11,5.172848949e-06,3.205959033e-11,3.17940086e-06,8.028239177e-11,3.158054767e-05,8.85228142e-11,1.971837136e-07,1.432974477e-11,6.41362657e-07,9.520597511e-11,2.08912598e-09,-6.665046898e-10,1.384829857e-09
3278.0,3.626785552e-06,4.867128735e-11,7.620120606e-06,7.537627741e-11,4.16513361e-06,8.157828032e-11,3.14407285e-05,7.816986261e-11,1.748689682e-07,1.371025296e-11,6.02532274e-07,6.337952123e-11,1.844667011e-09,3.83403153e-10,1.76823301e-09
3279.0,2.907491919e-06,4.539489195e-11,5.538491307e-06,4.435610777e-11,3.528150823e-06,8.161046608e-11,2.101152476e-05,7.13780702e-11,1.921854449e-07,1.228796543e-11,5.140566643e-07,8.048985332e-11,1.680690404e-09,-3.528414523e-10,1.415391558e-09
3280.0,2.711156135e-06,4.239606101e-11,5.189436883e-06,3.204716255e-11,3.174914972e-06,7.976604656e-11,2.928644448e-05,8.531508068e-11,2.009927241e-07,1.499465752e-11,6.442695953e-07,9.598715102e-11,2.013416287e-09,-6.42325821e-10,7.730657369e-10
3281.0,3.602944957e-06,4.889294569e-11,7.640896972e-06,7.540719034e-11,4.16289191e-06,8.175177287e-11,3.19239174e-05,8.166432587e-11,1.768583576e-07,1.408077452e-11,6.042838174e-07,6.389342696e-11,1.927128293e-09,4.006172271e-10,1.173682964e-09
3282.0,2.94141431e-06,4.552158611e-11,5.551770743e-06,4.426604188e-11,3.526421394e-06,8.179031912e-11,2.096689881e-05,8.207184297e-11,1.936272111e-07,1.254284249e-11,5.168142853e-07,8.091442212e-11,1.932493727e-09,-4.037430236e-10,7.699399403e-10
3283.0,2.690649153e-06,4.254144927e-11,5.196078448e-06,3.207204238e-11,3.171983758e-06,7.930230022e-11,3.023493401e-05,9.630823725e-11,2.052604738e-07,1.563424361e-11,6.470739551e-07,9.664201343e-11,2.272861311e-09,4.790912578e-10,1.249031198e-09
3284.0,3.628521353e-06,4.911109235e-11,7.63836176e-06,7.538965518e-11,4.158875345e-06,8.170142278e-11,3.033252314e-05,8.003664627e-11,1.79536618e-07,1.441326003e-11,6.062313776e-07,6.413135e-11,1.88871843e-09,3.925856675e-10,1.641616866e-09
3285.0,2.92391913e-06,4.610419252e-11,5.548853572e-06,4.422411851e-11,3.521681008e-06,8.172972001e-11,2.167062694e-05,8.305479722e-11,1.956974171e-07,1.301854898e-11,5.196791979e-07,8.179027466e-11,1.955633589e-09,-4.084228217e-10,1.233194044e-09
3286.0,2.722715717e-06,4.249513694e-11,5.1671929e-06,3.21814742e-11,3.170953556e-06,7.945526215e-11,2.87933436e-05,9.595142279e-11,2.093567303e-07,1.619760534e-11,6.498697315e-07,9.729244438e-11,2.264435179e-09,4.773673533e-10,1.710561397e-09
3287.0,3.593606811e-06,4.918151844e-11,7.587623858e-06,7.542565279e-11,4.15686829e-06,8.194738337e-11,3.237366739e-05,7.764960546e-11,1.816423761e-07,1.468454419e-11,6.075192868e-07,6.436304318e-11,1.832397778e-09,3.80700894e-10,2.091262291e-09
3288.0,2.959759889e-06,4.641226893e-11,5.548991973e-06,4.415371426e-11,3.527551808e-06,8.130107493e-11,1.999232681e-05,7.040627272e-11,1.982018395e-07,1.364537157e-11,5.221298475e-07,8.254961769e-11,1.65780531e-09,-3.482105231e-10,1.743051768e-09
3289.0,2.677565257e-06,4.225198896e-11,5.171758167e-06,3.219645282e-11,3.173483205e-06,7.947499552e-11,2.945839538e-05,8.693851728e-11,2.126387863e-07,1.657467918e-11,6.517685604e-07,9.760581585e-11,2.051738097e-09,-6.54573276e-10,1.088478492e-09
3290.0,3.61608796e-06,4.947532955e-11,7.632351646e-06,7.541216596e-11,4.1581393e-06,8.203289669e-11,3.060077542e-05,7.791021909e-11,1.835998435e-07,1.481920171e-11,6.085346044e-07,6.427377722e-11,1.838537597e-09,3.821385754e-10,1.470617067e-09
3291.0,2.921026279e-06,4.635575098e-11,5.563475424e-06,4.422521253e-11,3.523854809e-06,8.117403243e-11,2.188818535e-05,7.248168687e-11,2.00492411e-07,1.427416133e-11,5.241201465e-07,8.353088517e-11,1.706678539e-09,-3.581580654e-10,1.112459002e-09
3292.0,2.717089398e-06,4.224908422e-11,5.191825265e-06,3.22917235e-11,3.175088482e-06,8.005187775e-11,2.851313219e-05,8.578791083e-11,2.146491761e-07,1.677137512e-11,6.529848627e-07,9.779187909e-11,2.024584957e-09,-6.458871349e-10,4.665718671e-10
3293.0,3.607694083e-06,5.010139672e-11,7.622553578e-06,7.544158917e-11,4.156373941e-06,8.235998528e-11,3.170811471e-05,8.180659499e-11,1.843539298e-07,1.481957065e-11,6.085406568e-07,6.401936184e-11,1.930488667e-09,4.013010503e-10,8.678729175e-10
3294.0,2.951678747e-06,4.625316969e-11,5.573332553e-06,4.424987724e-11,3.523407149e-06,8.069733988e-11,2.081477996e-05,8.119954879e-11,2.02193981e-07,1.485064652e-11,5.250837815e-07,8.414603735e-11,1.911952169e-09,-3.996348742e-10,4.682380432e-10
3295.0,2.687646769e-06,4.234360937e-11,5.144906744e-06,3.231826193e-11,3.175997918e-06,8.043498615e-11,2.975776663e-05,9.763442337e-11,2.152465037e-07,1.670482061e-11,6.528719018e-07,9.748247196e-11,2.304159802e-09,4.855778707e-10,9.538159139e-10
3296.0,3.637313694e-06,5.036625472e-11,7.63016934e-06,7.551150742e-11,4.155977646e-06,8.253876437e-11,3.104008734e-05,8.020316607e-11,1.84254685e-07,1.461189905e-11,6.075768473e-07,6.353681139e-11,1.892654793e-09,3.933941551e-10,1.347210069e-09
3297.0,2.93139877e-06,4.670592631e-11,5.567436461e-06,4.430059948e-11,3.520431151e-06,7.97864131e-11,2.070056105e-05,8.426413562e-11,2.025500971e-07,1.526212395e-11,5.249841907e-07,8.466889037e-11,1.984104979e-09,-4.141563701e-10,9.330536989e-10
3298.0,2.708620351e-06,4.245705363e-11,5.168763996e-06,3.235522908e-11,3.176603165e-06,8.115488912e-11,2.849145842e-05,9.678272198e-11,2.140950718e-07,1.641343676e-11,6.5167498e-07,9.699846055e-11,2.284066055e-09,4.813591417e-10,1.414412841e-09
3299.0,3.586734314e-06,5.05358566e-11,7.632692166e-06,7.548678288e-11,4.15230073e-06,8.256062439e-11,3.166821949e-05,7.789896068e-11,1.825185312e-07,1.425013382e-11,6.056964229e-07,6.277876303e-11,1.838280153e-09,3.82053112e-10,1.796465953e-09
3300.0,2.960067701e-06,4.681550925e-11,5.598145435e-06,4.435653472e-11,3.519812182e-06,7.901024144e-11,1.987891425e-05,6.965548993e-11,2.019644702e-07,1.549629512e-11,5.238233469e-07,8.46941598e-11,1.640132294e-09,-3.445910381e-10,1.451874915e-09
3301.0,2.687094185e-06,4.230345076e-11,5.181618577e-06,3.239407278e-11,3.182682942e-06,8.203594385e-11,3.036579763e-05,8.772310382e-11,2.119122832e-07,1.58508732e-11,6.493984799e-07,9.60309087e-11,2.070253359e-09,-6.60512333e-10,7.913625815e-10
3302.0,3.632476928e-06,5.052359134e-11,7.668021223e-06,7.553752053e-11,4.159235486e-06,8.301801324e-11,3.034137685e-05,7.816860906e-11,1.802206769e-07,1.373349562e-11,6.035207812e-07,6.193975612e-11,1.84463985e-09,3.834500831e-10,1.174812665e-09
3303.0,2.919040389e-06,4.649242694e-11,5.596507062e-06,4.450862055e-11,3.516971684e-06,7.83972225e-11,2.088247478e-05,7.035771341e-11,2.004312631e-07,1.557770377e-11,5.218004963e-07,8.459808643e-11,1.656670455e-09,-3.479079214e-10,8.269047432e-10
3304.0,2.703991479e-06,4.219540551e-11,5.176408018e-06,3.2351558e-11,3.182616557e-06,8.281118791e-11,2.818354388e-05,8.665507342e-11,2.088620644e-07,1.514421802e-11,6.467431327e-07,9.510301643e-11,2.045048573e-09,-6.524274733e-10,1.744772699e-10
3305.0,3.591794024e-06,5.062454433e-11,7.647502211e-06,7.550540292e-11,4.155375361e-06,8.311038721e-11,3.134754891e-05,8.255922427e-11,1.769391577e-07,1.315749689e-11,6.01042139e-07,6.091693838e-11,1.94824937e-09,4.050475854e-10,5.795248553e-10
3306.0,2.945290367e-06,4.624290531e-11,5.607101762e-06,4.464308249e-11,3.512979044e-06,7.794187007e-11,2.075249832e-05,8.224858641e-11,1.988488077e-07,1.559229401e-11,5.196185395e-07,8.420542984e-11,1.936655145e-09,-4.045550895e-10,1.749697657e-10
3307.0,2.679488108e-06,4.252840273e-11,5.187866317e-06,3.23604624e-11,3.181320465e-06,8.337448581e-11,2.996230853e-05,9.850336238e-11,2.056343327e-07,1.428436103e-11,6.442824828e-07,9.406923569e-11,2.324672584e-09,4.898552827e-10,6.648250484e-10
3308.0,3.643034829e-06,5.056689851e-11,7.66953081e-06,7.548804317e-11,4.157401938e-06,8.331151246e-11,3.091363196e-05,8.079768211e-11,1.740130243e-07,1.252600535e-11,5.990257169e-07,6.021415369e-11,1.906679155e-09,3.963892538e-10,1.061214302e-09
3309.0,2.936929813e-06,4.638002011e-11,5.60322681e-06,4.46360936e-11,3.512824796e-06,7.679741812e-11,2.069052756e-05,8.249248224e-11,1.978768262e-07,1.561072368e-11,5.180898376e-07,8.400602432e-11,1.942395901e-09,-4.056954578e-10,6.555188444e-10
3310.0,2.705982822e-06,4.275362659e-11,5.187305939e-06,3.234218959e-11,3.183655004e-06,8.342443903e-11,2.900367259e-05,9.902323519e-11,2.028708651e-07,1.340538725e-11,6.427627248e-07,9.349524666e-11,2.336939904e-09,4.924141937e-10,1.147933038e-09
3311.0,3.602337012e-06,5.026631568e-11,7.641215492e-06,7.54483039e-11,4.155682391e-06,8.311460864e-11,3.186785007e-05,7.850186785e-11,1.718741175e-07,1.200110096e-11,5.981466936e-07,5.969905706e-11,1.85250941e-09,3.850763589e-10,1.533009397e-09
3312.0,2.958840764e-06,4.624597477e-11,5.622450835e-06,4.469436032e-11,3.511799685e-06,7.633508042e-11,1.951482492e-05,7.043062464e-11,1.980955626e-07,1.579203289e-11,5.177518144e-07,8.405998164e-11,1.658381866e-09,-3.482191212e-10,1.184790276e-09
3313.0,2.66793696e-06,4.289020092e-11,5.18301887e-06,3.227193856e-11,3.179439165e-06,8.390447727e-11,2.925244064e-05,8.86935715e-11,2.018034261e-07,1.271844305e-11,6.424142079e-07,9.327010598e-11,2.093156419e-09,-6.678098303e-10,5.169804454e-10
3314.0,3.622590494e-06,5.017080697e-11,7.667739787e-06,7.534762023e-11,4.158318815e-06,8.302585861e-11,3.013782568e-05,7.881806841e-11,1.718746221e-07,1.171042569e-11,5.990002616e-07,5.991831426e-11,1.859966875e-09,3.867163983e-10,9.036968437e-10
3315.0,2.924049054e-06,4.598648034e-11,5.603774267e-06,4.471238943e-11,3.509287287e-06,7.622631942e-11,2.182230206e-05,7.018716519e-11,2.002796093e-07,1.625839515e-11,5.1927294e-07,8.455391196e-11,1.652652127e-09,-3.470090239e-10,5.566878199e-10
3316.0,2.716137134e-06,4.323044791e-11,5.186822271e-06,3.217822278e-11,3.185024873e-06,8.423697734e-11,2.839795399e-05,8.711243996e-11,2.026773262e-07,1.252828253e-11,6.440317487e-07,9.36353613e-11,2.055843348e-09,-6.558804142e-10,-9.91925943e-11
3317.0,3.609444458e-06,5.013460078e-11,7.664840776e-06,7.534272219e-11,4.15838347e-06,8.299602583e-11,3.163297834e-05,8.299135449e-11,1.738603025e-07,1.192218741e-11,6.014088248e-07,6.046983863e-11,1.958446125e-09,4.072377819e-10,3.080451876e-10
3318.0,2.956104059e-06,4.586552616e-11,5.637382495e-06,4.475113746e-11,3.513854194e-06,7.626517839e-11,1.996637853e-05,8.149888956e-11,2.041744778e-07,1.698036649e-11,5.218920429e-07,8.524689167e-11,1.918999808e-09,-4.009400742e-10,-9.289488656e-11
3319.0,2.680899132e-06,4.385984189e-11,5.153932774e-06,3.205507945e-11,3.176402521e-06,8.387241942e-11,3.032193826e-05,9.971988946e-11,2.049918706e-07,1.274426051e-11,6.466700491e-07,9.404592085e-11,2.353379095e-09,4.958753929e-10,4.029805063e-10
3320.0,3.64194035e-06,5.017871878e-11,7.648832653e-06,7.534847724e-11,4.15640191e-06,8.291231588e-11,3.065850367e-05,8.184135187e-11,1.775423095e-07,1.244277806e-11,6.047578324e-07,6.137827243e-11,1.931307835e-09,4.016138405e-10,8.045943468e-10
3321.0,2.930364508e-06,4.589997871e-11,5.568776279e-06,4.474412657e-11,3.510212105e-06,7.606202776e-11,2.084818157e-05,8.431962196e-11,2.087489724e-07,1.777144295e-11,5.252785867e-07,8.614159882e-11,1.985415991e-09,-4.141867489e-10,3.904075979e-10
3322.0,2.72327861e-06,4.442305749e-11,5.153189488e-06,3.196366604e-11,3.176403232e-06,8.362734945e-11,2.914893545e-05,9.87432286e-11,2.073934233e-07,1.314308445e-11,6.499331142e-07,9.471137603e-11,2.330327828e-09,4.911177574e-10,8.815253553e-10
3323.0,3.609132424e-06,5.028966823e-11,7.645656971e-06,7.536153633e-11,4.159688345e-06,8.247054469e-11,3.167861093e-05,7.899230809e-11,1.81323944e-07,1.306717535e-11,6.084556597e-07,6.213422545e-11,1.864077968e-09,3.875467584e-10,1.269072114e-09
3324.0,2.962391916e-06,4.593527712e-11,5.586596715e-06,4.477828573e-11,3.512344301e-06,7.641424274e-11,1.983046653e-05,7.110630061e-11,2.132599774e-07,1.839305413e-11,5.281873588e-07,8.681545732e-11,1.674293783e-09,-3.514469251e-10,9.176251886e-10
3325.0,2.698746172e-06,4.456655548e-11,5.187020763e-06,3.195066515e-11,3.178358741e-06,8.363552203e-11,3.031037026e-05,9.002864053e-11,2.094522346e-07,1.350699016e-11,6.525053048e-07,9.517825884e-11,2.124660236e-09,-6.778702147e-10,2.397549739e-10
3326.0,3.637995223e-06,5.048382141e-11,7.662801412e-06,7.541335174e-11,4.160748357e-06,8.235196721e-11,3.053533108e-05,7.934163815e-11,1.850787916e-07,1.359119206e-11,6.112650464e-07,6.292795436e-11,1.872323765e-09,3.892640342e-10,6.290190081e-10
3327.0,2.929020442e-06,4.575353169e-11,5.587528055e-06,4.480543624e-11,3.517088963e-06,7.694690642e-11,2.159103723e-05,7.121952862e-11,2.167703196e-07,1.872389063e-11,5.301257044e-07,8.734472959e-11,1.67696257e-09,-3.52021347e-10,2.769976611e-10
3328.0,2.723919958e-06,4.468787555e-11,5.152858959e-06,3.191611066e-11,3.175036756e-06,8.331547541e-11,2.802525506e-05,8.782263537e-11,2.102623824e-07,1.382275103e-11,6.53900557e-07,9.566041114e-11,2.072601316e-09,-6.612310969e-10,-3.842334358e-10
3329.0,3.597949304e-06,5.023996118e-11,7.613918782e-06,7.538373665e-11,4.157374527e-06,8.213816106e-11,3.195575948e-05,8.300230098e-11,1.868587646e-07,1.399383839e-11,6.128402789e-07,6.340123655e-11,1.958704113e-09,4.072653644e-10,2.303192864e-11
3330.0,2.953463443e-06,4.566271844e-11,5.603424607e-06,4.479219896e-11,3.52314314e-06,7.771069592e-11,2.025089233e-05,8.080142814e-11,2.185596768e-07,1.870144294e-11,5.305582761e-07,8.735033709e-11,1.902572048e-09,-3.976669934e-10,-3.746350647e-10
3331.0,2.693493265e-06,4.48007585e-11,5.152858469e-06,3.200144785e-11,3.173002997e-06,8.309590434e-11,2.991147786e-05,9.85255091e-11,2.103793749e-07,1.401354431e-11,6.53801249e-07,9.581078637e-11,2.325189507e-09,4.900595324e-10,1.154244677e-10
3332.0,3.625798277e-06,4.999847947e-11,7.620867354e-06,7.540906081e-11,4.157380358e-06,8.214136821e-11,3.042891085e-05,8.144439743e-11,1.87158492e-07,1.421717631e-11,6.129443025e-07,6.374867291e-11,1.921947177e-09,3.996142956e-10,5.150387633e-10
3333.0,2.927196765e-06,4.584108178e-11,5.588330649e-06,4.481992662e-11,3.519386977e-06,7.795396687e-11,2.098662673e-05,8.352310145e-11,2.18753385e-07,1.833435398e-11,5.295288424e-07,8.708458775e-11,1.966657071e-09,-4.104689996e-10,1.045697636e-10
3334.0,2.716526958e-06,4.462793074e-11,5.153805012e-06,3.20682661e-11,3.166673451e-06,8.263328657e-11,2.81817114e-05,9.849436865e-11,2.097944137e-07,1.413988163e-11,6.527290644e-07,9.590943879e-11,2.324456143e-09,4.899097317e-10,5.944794953e-10
3335.0,3.584420186e-06,4.969026293e-11,7.606451504e-06,7.534876392e-11,4.154655568e-06,8.191476695e-11,3.17813398e-05,7.90686412e-11,1.863109024e-07,1.429644876e-11,6.117165583e-07,6.38584051e-11,1.865875772e-09,3.87908678e-10,9.823881733e-10
3336.0,2.954988422e-06,4.582916518e-11,5.561735191e-06,4.480629424e-11,3.520494235e-06,7.880065035e-11,1.994782e-05,7.062502886e-11,2.176315853e-07,1.766707276e-11,5.274750586e-07,8.629377791e-11,1.662959614e-09,-3.491482828e-10,6.332398905e-10
3337.0,2.673969584e-06,4.393641617e-11,5.147690826e-06,3.220995802e-11,3.170469711e-06,8.259365197e-11,2.98183033e-05,8.808857294e-11,2.090928446e-07,1.422720556e-11,6.508772714e-07,9.575535775e-11,2.078876781e-09,-6.632453571e-10,-3.00054666e-11
3338.0,3.613796648e-06,4.923964079e-11,7.64437737e-06,7.526799806e-11,4.161223137e-06,8.199460618e-11,3.066796029e-05,7.884853711e-11,1.857806392e-07,1.422612839e-11,6.101006277e-07,6.373488845e-11,1.860681405e-09,3.868128811e-10,3.568074145e-10
3339.0,2.908603146e-06,4.57950496e-11,5.573789961e-06,4.470443388e-11,3.523047825e-06,7.920128186e-11,2.066720285e-05,7.045658889e-11,2.156608269e-07,1.684359734e-11,5.247683029e-07,8.535649871e-11,1.65899424e-09,-3.483743247e-10,8.433089748e-12
3340.0,2.69453448e-06,4.326416322e-11,5.16395192e-06,3.231205833e-11,3.168709342e-06,8.234001261e-11,2.791537823e-05,8.710701248e-11,2.084063238e-07,1.440262805e-11,6.489249304e-07,9.558038972e-11,2.055714302e-09,-6.558314777e-10,-6.47398388e-10
3341.0,3.592285817e-06,4.898599852e-11,7.628799635e-06,7.524125281e-11,4.157198727e-06,8.179752683e-11,3.1669219e-05,8.253795828e-11,1.851648891e-07,1.42072848e-11,6.081154695e-07,6.365715717e-11,1.947745006e-09,4.049845677e-10,-2.424138202e-10
3342.0,2.928686568e-06,4.573602654e-11,5.558726644e-06,4.463576384e-11,3.519701105e-06,7.972933562e-11,1.965020037e-05,8.290417265e-11,2.130531988e-07,1.598241879e-11,5.21900409e-07,8.410034261e-11,1.952091233e-09,-4.07585521e-10,-6.499993413e-10
3343.0,2.680670276e-06,4.28747045e-11,5.20179835e-06,3.2430081e-11,3.167629535e-06,8.211964164e-11,3.059795956e-05,9.752429787e-11,2.08019478e-07,1.460478591e-11,6.468736783e-07,9.543204799e-11,2.301556706e-09,4.851402682e-10,-1.648590731e-10
3344.0,3.629843937e-06,4.886303937e-11,7.626771517e-06,7.509249355e-11,4.160941225e-06,8.190701129e-11,3.000405158e-05,8.05709288e-11,1.849695047e-07,1.427152587e-11,6.068369209e-07,6.359454734e-11,1.901325931e-09,3.953085111e-10,2.30449438e-10
3345.0,2.924762169e-06,4.620094133e-11,5.552382107e-06,4.463857605e-11,3.525884803e-06,7.977595689e-11,2.235324528e-05,8.160352687e-11,2.102151962e-07,1.505958096e-11,5.192702497e-07,8.298832029e-11,1.92146098e-09,-4.01456715e-10,-1.71007277e-10
3346.0,2.722098054e-06,4.249778055e-11,5.195191277e-06,3.255960797e-11,3.177996793e-06,8.167922647e-11,3.040515329e-05,9.801743193e-11,2.078285735e-07,1.483772536e-11,6.45939898e-07,9.544663527e-11,2.313204546e-09,4.875222695e-10,3.165149925e-10
3347.0,3.583054306e-06,4.860837691e-11,7.594654352e-06,7.495813249e-11,4.162051574e-06,8.173135884e-11,3.183539068e-05,7.835112506e-11,1.846247089e-07,1.443200758e-11,6.060264967e-07,6.380843103e-11,1.848944293e-09,3.843001154e-10,7.008151079e-10
3348.0,2.950539889e-06,4.634265384e-11,5.555308129e-06,4.462675731e-11,3.522850896e-06,8.006986847e-11,1.97285599e-05,7.132236354e-11,2.072447008e-07,1.416901219e-11,5.175644351e-07,8.205455637e-11,1.679381818e-09,-3.525561618e-10,3.482589461e-10
3349.0,2.672047223e-06,4.176377091e-11,5.209068791e-06,3.258008298e-11,3.17281467e-06,8.117526604e-11,3.015618793e-05,8.711005031e-11,2.080359725e-07,1.510114108e-11,6.457059923e-07,9.575178865e-11,2.055784374e-09,-6.558629731e-10,-3.07604027e-10
3350.0,3.614126476e-06,4.878124803e-11,7.609444539e-06,7.490686883e-11,4.163455032e-06,8.204476551e-11,3.037191991e-05,7.810928659e-11,1.846482575e-07,1.462438798e-11,6.058767773e-07,6.401489064e-11,1.843238836e-09,3.831483828e-10,7.55443558e-11
3351.0,2.924530562e-06,4.665489022e-11,5.546852458e-06,4.467711844e-11,3.525060681e-06,8.064377229e-11,2.192727795e-05,7.259973344e-11,2.048178625e-07,1.351353564e-11,5.171989762e-07,8.159883979e-11,1.709459266e-09,-3.586996986e-10,-2.831553428e-10
3352.0,2.705412411e-06,4.143084796e-11,5.187663208e-06,3.253122758e-11,3.172802103e-06,8.094045e-11,2.868416052e-05,8.570712654e-11,2.090366476e-07,1.547037978e-11,6.465696831e-07,9.628132959e-11,2.022683202e-09,-6.452729902e-10,-9.28428333e-10
3353.0,3.594224788e-06,4.930861191e-11,7.597695801e-06,7.487776461e-11,4.158374809e-06,8.224053859e-11,3.117213964e-05,8.151011219e-11,1.84660912e-07,1.489388097e-11,6.061226412e-07,6.435197111e-11,1.923487513e-09,3.998813865e-10,-5.285469465e-10
3354.0,2.944086583e-06,4.68098073e-11,5.554797158e-06,4.46228591e-11,3.521886325e-06,8.096017224e-11,2.010099327e-05,8.28919781e-11,2.030141249e-07,1.319663787e-11,5.176861508e-07,8.126346511e-11,1.95181014e-09,-4.076191045e-10,-9.36166051e-10
3355.0,2.669573644e-06,4.138711225e-11,5.169825783e-06,3.251005028e-11,3.168895957e-06,8.014876146e-11,2.98440796e-05,9.699242987e-11,2.103837476e-07,1.588052656e-11,6.477975381e-07,9.678637083e-11,2.28900423e-09,4.824965219e-10,-4.536695291e-10
3356.0,3.626316348e-06,4.961121847e-11,7.589183078e-06,7.494972887e-11,4.160721371e-06,8.264587242e-11,3.084834628e-05,7.975101152e-11,1.848933439e-07,1.514004056e-11,6.068656171e-07,6.451993621e-11,1.881985962e-09,3.911514327e-10,-6.251809637e-11
3357.0,2.940024014e-06,4.737643522e-11,5.563782068e-06,4.464464534e-11,3.524910462e-06,8.098735851e-11,2.149857125e-05,8.454495463e-11,2.012454382e-07,1.312991994e-11,5.185083159e-07,8.124562811e-11,1.990723946e-09,-4.154093791e-10,-4.779274755e-10
3358.0,2.705831346e-06,4.123961e-11,5.185840661e-06,3.248647528e-11,3.172054348e-06,7.987376378e-11,2.859075279e-05,9.610278349e-11,2.116923263e-07,1.620762626e-11,6.492976446e-07,9.726333556e-11,2.268019803e-09,4.781060903e-10,1.786148115e-13
3359.0,3.589413396e-06,4.982732004e-11,7.606849863e-06,7.497456295e-11,4.158782765e-06,8.248059494e-11,3.152528942e-05,7.775558228e-11,1.845486141e-07,1.525921905e-11,6.073864504e-07,6.458895573e-11,1.834893347e-09,3.813378194e-10,3.815164342e-10
3360.0,2.965729088e-06,4.75463309e-11,5.554780328e-06,4.469088679e-11,3.521581121e-06,8.110180873e-11,1.985167253e-05,7.124647413e-11,1.997270097e-07,1.31830828e-11,5.189310246e-07,8.120828252e-11,1.677597091e-09,-3.522004323e-10,2.931600191e-11
3361.0,2.670784119e-06,4.098137681e-11,5.152423931e-06,3.252939709e-11,3.171663086e-06,7.972888196e-11,2.956580003e-05,8.648665165e-11,2.125406039e-07,1.633571047e-11,6.502457758e-07,9.741614885e-11,2.04107386e-09,-6.511458305e-10,-6.218298285e-10
3362.0,3.624576445e-06,5.000122344e-11,7.643347299e-06,7.504375453e-11,4.160324402e-06,8.270918731e-11,3.060938367e-05,7.788096184e-11,1.841957904e-07,1.520020347e-11,6.076086523e-07,6.458839173e-11,1.837856543e-09,3.819683429e-10,-2.398614856e-10
3363.0,2.932998807e-06,4.748074934e-11,5.581941421e-06,4.468008795e-11,3.521655787e-06,8.119256481e-11,2.152629436e-05,7.269126795e-11,1.985796967e-07,1.334039444e-11,5.189988039e-07,8.135309121e-11,1.711614696e-09,-3.591315832e-10,-5.989930688e-10
3364.0,2.715137878e-06,4.113431476e-11,5.177421812e-06,3.255903448e-11,3.179145451e-06,7.980455711e-11,2.964121151e-05,8.594513313e-11,2.130165418e-07,1.626893583e-11,6.508545508e-07,9.749251744e-11,2.028298577e-09,-6.470473911e-10,-1.24604046e-09
3365.0,3.612935477e-06,5.050930498e-11,7.644245344e-06,7.511575193e-11,4.16276923e-06,8.293858577e-11,3.264477278e-05,8.218763188e-11,1.832860614e-07,1.503483186e-11,6.072557505e-07,6.43108006e-11,1.939478374e-09,4.031939804e-10,-8.428464794e-10
3366.0,2.962316571e-06,4.728116387e-11,5.589991746e-06,4.472200265e-11,3.524501688e-06,8.127502262e-11,2.028964295e-05,8.702706278e-11,1.981215492e-07,1.362320212e-11,5.188034882e-07,8.152770713e-11,2.049174556e-09,-4.27110702e-10,-1.269957181e-09
3367.0,2.687767711e-06,4.139173328e-11,5.163761234e-06,3.260160338e-11,3.175634823e-06,7.96292268e-11,3.171945451e-05,9.627695996e-11,2.129240178e-07,1.600752491e-11,6.506198677e-07,9.723566078e-11,2.272132065e-09,4.788649573e-10,-7.910922241e-10
3368.0,3.649638102e-06,5.069695054e-11,7.658307271e-06,7.516289749e-11,4.167713064e-06,8.291926819e-11,3.134548951e-05,8.046824915e-11,1.822233242e-07,1.474948249e-11,6.063266469e-07,6.405142253e-11,1.898914334e-09,3.947045423e-10,-3.963876818e-10
3369.0,2.940292254e-06,4.759834285e-11,5.582396032e-06,4.468213952e-11,3.522067093e-06,8.042881029e-11,2.134838632e-05,8.600475634e-11,1.983402298e-07,1.405678526e-11,5.187236598e-07,8.198231505e-11,2.025098002e-09,-4.223228684e-10,-8.187105501e-10
3370.0,2.698221903e-06,4.157193254e-11,5.174460802e-06,3.254671405e-11,3.173833642e-06,8.013963405e-11,2.858727938e-05,9.681311999e-11,2.1218284e-07,1.561159132e-11,6.502086463e-07,9.694690307e-11,2.28478559e-09,4.815430735e-10,-3.371674766e-10
3371.0,3.61859444e-06,5.060318626e-11,7.681996032e-06,7.516140936e-11,4.165447141e-06,8.277803307e-11,3.356325356e-05,7.794521653e-11,1.807114442e-07,1.444216126e-11,6.051269677e-07,6.354733188e-11,1.839373646e-09,3.823230471e-10,4.515557047e-11
3372.0,2.981651982e-06,4.750702143e-11,5.606465241e-06,4.465763109e-11,3.524275025e-06,7.992387418e-11,1.948534046e-05,7.270130714e-11,1.991062531e-07,1.457050321e-11,5.186982976e-07,8.252475837e-11,1.711856175e-09,-3.59205792e-10,-3.140502216e-10
3373.0,2.684611233e-06,4.165024962e-11,5.196617875e-06,3.25940235e-11,3.181106627e-06,8.116537122e-11,3.06699359e-05,8.798705584e-11,2.110218419e-07,1.50783651e-11,6.491096262e-07,9.640193352e-11,2.076482602e-09,-6.624935582e-10,-9.765437798e-10
3374.0,3.636115141e-06,5.046835306e-11,7.649894076e-06,7.518338918e-11,4.161206037e-06,8.276470248e-11,3.070105014e-05,7.814945542e-11,1.792926297e-07,1.411069144e-11,6.038560177e-07,6.317588038e-11,1.844194549e-09,3.833284006e-10,-5.932153792e-10
3375.0,2.919325569e-06,4.711725262e-11,5.563470588e-06,4.465835054e-11,3.515045788e-06,7.934112721e-11,2.16011505e-05,7.290061207e-11,2.000445097e-07,1.510438754e-11,5.189130105e-07,8.322535249e-11,1.716542681e-09,-3.601477638e-10,-9.53363143e-10
3376.0,2.700228685e-06,4.171563618e-11,5.181155274e-06,3.253139568e-11,3.179304779e-06,8.202837726e-11,2.842005545e-05,8.60829694e-11,2.094175675e-07,1.446321244e-11,6.483116081e-07,9.599744124e-11,2.031554541e-09,-6.481254556e-10,-1.601488599e-09
3377.0,3.595250618e-06,5.06586599e-11,7.614442286e-06,7.506486228e-11,4.152174517e-06,8.271483943e-11,3.145587693e-05,8.196545247e-11,1.780103936e-07,1.381632372e-11,6.032280839e-07,6.274888881e-11,1.934240268e-09,4.021446107e-10,-1.199343988e-09
3378.0,2.947390349e-06,4.690454856e-11,5.591048986e-06,4.463520496e-11,3.518187538e-06,7.864370929e-11,2.022899325e-05,8.240938468e-11,2.013330352e-07,1.567267416e-11,5.197398158e-07,8.400806786e-11,1.940443719e-09,-4.053404023e-10,-1.60468439e-09
3379.0,2.668249257e-06,4.216509928e-11,5.175868302e-06,3.249391027e-11,3.17943548e-06,8.257798431e-11,2.96595785e-05,9.805247079e-11,2.079517263e-07,1.391613319e-11,6.479857122e-07,9.552754206e-11,2.314028786e-09,4.876519321e-10,-1.117032458e-09
3380.0,3.639982352e-06,5.069443508e-11,7.617144607e-06,7.500681772e-11,4.156933598e-06,8.286201807e-11,3.061973885e-05,8.073238299e-11,1.775593757e-07,1.356099543e-11,6.033187604e-07,6.266407876e-11,1.905143949e-09,3.960810588e-10,-7.209513993e-10
3381.0,2.947859357e-06,4.712028005e-11,5.606124863e-06,4.461690779e-11,3.516543342e-06,7.759559412e-11,2.147468018e-05,8.18070361e-11,2.035108479e-07,1.632603584e-11,5.213579461e-07,8.487154208e-11,1.926255977e-09,-4.024404206e-10,-1.12339182e-09
3382.0,2.709431818e-06,4.258181341e-11,5.16618482e-06,3.244179923e-11,3.179021972e-06,8.320056958e-11,2.891134076e-05,9.819166937e-11,2.073449156e-07,1.348393148e-11,6.485798135e-07,9.530821264e-11,2.317323489e-09,4.883341534e-10,-6.350576665e-10
3383.0,3.604618776e-06,5.060677498e-11,7.609555377e-06,7.49856703e-11,4.154941585e-06,8.250826509e-11,3.19744821e-05,7.855974478e-11,1.784910681e-07,1.346676891e-11,6.047059821e-07,6.275584734e-11,1.853867327e-09,3.85449853e-10,-2.496078135e-10
3384.0,2.965185848e-06,4.705963226e-11,5.579687056e-06,4.45873412e-11,3.514378223e-06,7.716831918e-11,1.985008819e-05,7.163845885e-11,2.068991704e-07,1.706720982e-11,5.239120653e-07,8.589657994e-11,1.686826239e-09,-3.539984138e-10,-6.036062273e-10
3385.0,2.668796605e-06,4.272849286e-11,5.142916631e-06,3.228991905e-11,3.181889402e-06,8.382839597e-11,2.936235476e-05,8.905941224e-11,2.081544037e-07,1.322507379e-11,6.501809989e-07,9.527296984e-11,2.101796471e-09,-6.705756086e-10,-1.274181836e-09
3386.0,3.633648105e-06,5.058029146e-11,7.624660845e-06,7.497005461e-11,4.158780746e-06,8.260616087e-11,3.046899454e-05,7.889836285e-11,1.812166296e-07,1.35925246e-11,6.070680471e-07,6.32344569e-11,1.861865116e-09,3.871387467e-10,-8.870430893e-10
3387.0,2.936724646e-06,4.684905037e-11,5.593420048e-06,4.460300811e-11,3.515981766e-06,7.697223473e-11,2.14359071e-05,7.166674478e-11,2.116418232e-07,1.793273082e-11,5.271908687e-07,8.70158699e-11,1.687494445e-09,-3.541260296e-10,-1.241169119e-09
3388.0,2.706879924e-06,4.306683169e-11,5.128904073e-06,3.214400518e-11,3.182019361e-06,8.411975793e-11,2.772182219e-05,8.767414227e-11,2.104126562e-07,1.333393458e-11,6.527721452e-07,9.564701624e-11,2.069105579e-09,-6.60122512e-10,-1.901291631e-09
3389.0,3.613626549e-06,5.066197879e-11,7.619018958e-06,7.499557252e-11,4.157757054e-06,8.237812611e-11,3.211713971e-05,8.322024373e-11,1.851918815e-07,1.399092828e-11,6.101726091e-07,6.379558613e-11,1.963845412e-09,4.0844198e-10,-1.492849651e-09
3390.0,2.964706391e-06,4.674085739e-11,5.584122621e-06,4.464765676e-11,3.516392602e-06,7.718007555e-11,2.005388052e-05,8.446805142e-11,2.170296879e-07,1.885640942e-11,5.30804785e-07,8.812348079e-11,1.98892147e-09,-4.149038362e-10,-1.907753487e-09
3391.0,2.684365303e-06,4.379364154e-11,5.124850837e-06,3.20105596e-11,3.177621732e-06,8.405291266e-11,2.978412781e-05,9.95120956e-11,2.13448971e-07,1.36676022e-11,6.557531298e-07,9.604698654e-11,2.348482667e-09,4.948789736e-10,-1.412874513e-09
3392.0,3.643832782e-06,5.063869479e-11,7.61480546e-06,7.500502722e-11,4.160440603e-06,8.237547419e-11,3.040783365e-05,8.147752535e-11,1.900175527e-07,1.445398221e-11,6.134700526e-07,6.448304147e-11,1.922725768e-09,3.998482098e-10,-1.013026304e-09
3393.0,2.935133153e-06,4.693333998e-11,5.550332237e-06,4.463479437e-11,3.515656197e-06,7.708975227e-11,2.073918158e-05,8.488494964e-11,2.224907536e-07,1.967208637e-11,5.342827307e-07,8.907690513e-11,1.998729448e-09,-4.168417059e-10,-1.42986801e-09
3394.0,2.724156481e-06,4.431135074e-11,5.147018824e-06,3.190276118e-11,3.180423363e-06,8.42211099e-11,2.900323328e-05,9.907329856e-11,2.166480785e-07,1.407404637e-11,6.587384388e-07,9.656506787e-11,2.338124463e-09,4.927591218e-10,-9.371088878e-10
3395.0,3.621162167e-06,5.061847686e-11,7.640014506e-06,7.506368199e-11,4.16381928e-06,8.191513547e-11,3.153374543e-05,7.902301102e-11,1.942647773e-07,1.491937643e-11,6.16384302e-07,6.496176419e-11,1.864807058e-09,3.877252154e-10,-5.493836723e-10
3396.0,2.976231878e-06,4.697776527e-11,5.566853107e-06,4.470296192e-11,3.520114922e-06,7.751354516e-11,1.949364205e-05,7.121946711e-11,2.26994605e-07,2.023567921e-11,5.367304474e-07,8.967818002e-11,1.676965778e-09,-3.519524842e-10,-9.013361566e-10
3397.0,2.700983081e-06,4.445257572e-11,5.164713042e-06,3.194940302e-11,3.178260135e-06,8.445038938e-11,3.039985272e-05,9.016965418e-11,2.191073902e-07,1.446132671e-11,6.607352287e-07,9.687599611e-11,2.127991242e-09,-6.789271633e-10,-1.58026332e-09
3398.0,3.640230054e-06,5.064913402e-11,7.618928999e-06,7.517266088e-11,4.158067895e-06,8.177786745e-11,3.029569969e-05,7.925698997e-11,1.974937892e-07,1.525763791e-11,6.186127361e-07,6.535038007e-11,1.870331319e-09,3.88866395e-10,-1.191396925e-09
3399.0,2.938464921e-06,4.675906812e-11,5.56896927e-06,4.475222695e-11,3.520913464e-06,7.835033569e-11,2.232792281e-05,7.223940087e-11,2.301584244e-07,2.047985689e-11,5.381028088e-07,8.993515321e-11,1.700977114e-09,-3.5690155e-10,-1.548298475e-09
3400.0,2.729398673e-06,4.446545942e-11,5.173620706e-06,3.18959859e-11,3.182514463e-06,8.435163919e-11,2.856895496e-05,8.780887705e-11,2.207135628e-07,1.47918988e-11,6.618076164e-07,9.71132509e-11,2.072281877e-09,-6.611200868e-10,-2.209418562e-09
3401.0,3.610960587e-06,5.037564843e-11,7.614981779e-06,7.515366996e-11,4.162001792e-06,8.153885844e-11,3.218677673e-05,8.311552779e-11,1.9919406e-07,1.546707976e-11,6.194972675e-07,6.53448156e-11,1.961382898e-09,4.078577408e-10,-1.801560821e-09
3402.0,2.968064416e-06,4.657711022e-11,5.609199269e-06,4.481344626e-11,3.53092101e-06,7.888303449e-11,2.056954325e-05,8.114289046e-11,2.316420179e-07,2.03732939e-11,5.381195743e-07,8.964623322e-11,1.910619382e-09,-3.99242165e-10,-2.200802986e-09
3403.0,2.688527864e-06,4.450383848e-11,5.156162846e-06,3.197012684e-11,3.173557183e-06,8.397191718e-11,2.969853898e-05,9.913013609e-11,2.215584562e-07,1.497780498e-11,6.6149941e-07,9.707661956e-11,2.33946405e-09,4.930108111e-10,-1.707792175e-09
3404.0,3.632595454e-06,5.016992681e-11,7.617185978e-06,7.521051856e-11,4.155769539e-06,8.146865107e-11,3.015667733e-05,8.133245527e-11,1.996953206e-07,1.552042253e-11,6.19305259e-07,6.519229737e-11,1.919306092e-09,3.991162567e-10,-1.308675918e-09
3405.0,2.938481611e-06,4.675294093e-11,5.585424323e-06,4.483195949e-11,3.521042721e-06,7.92720934e-11,2.097235936e-05,8.414353666e-11,2.314113799e-07,1.996408385e-11,5.367569516e-07,8.898683454e-11,1.981269014e-09,-4.133618707e-10,-1.722037789e-09
3406.0,2.718556844e-06,4.441324975e-11,5.159761389e-06,3.197217909e-11,3.172035185e-06,8.370332318e-11,2.837078522e-05,9.845840056e-11,2.214781462e-07,1.509924886e-11,6.60392232e-07,9.691586631e-11,2.323613453e-09,4.89771226e-10,-1.232266563e-09
3407.0,3.590203845e-06,5.003063933e-11,7.602132713e-06,7.528363905e-11,4.154328973e-06,8.131735906e-11,3.173899654e-05,7.913470599e-11,1.990304291e-07,1.548056091e-11,6.178857709e-07,6.478461817e-11,1.867438839e-09,3.882461651e-10,-8.440203978e-10
3408.0,2.976846126e-06,4.665027896e-11,5.581012108e-06,4.487065298e-11,3.529299237e-06,8.002627477e-11,2.070474607e-05,7.096202558e-11,2.299073985e-07,1.929517918e-11,5.343314631e-07,8.782638515e-11,1.670898364e-09,-3.507143686e-10,-1.194734766e-09
3409.0,2.68604855e-06,4.374865819e-11,5.14493316e-06,3.199844418e-11,3.173638238e-06,8.337975505e-11,3.009779697e-05,8.903859176e-11,2.208075551e-07,1.511535076e-11,6.584061189e-07,9.653149104e-11,2.101297689e-09,-6.703863255e-10,-1.865121092e-09
3410.0,3.622494114e-06,4.987010399e-11,7.661923922e-06,7.530191395e-11,4.161645602e-06,8.142417957e-11,3.090192348e-05,7.916942749e-11,1.978355916e-07,1.532609266e-11,6.159009532e-07,6.425140237e-11,1.868263137e-09,3.88384637e-10,-1.476736455e-09
3411.0,2.925648503e-06,4.645250497e-11,5.590676089e-06,4.483213155e-11,3.527798928e-06,8.070187915e-11,2.08381029e-05,7.128166275e-11,2.272912599e-07,1.842223737e-11,5.310632537e-07,8.647071428e-11,1.678423803e-09,-3.523531131e-10,-1.829089568e-09
3412.0,2.699444157e-06,4.324581403e-11,5.154798236e-06,3.198796951e-11,3.169469705e-06,8.294121649e-11,2.818199585e-05,8.752572972e-11,2.193466186e-07,1.511393889e-11,6.559551152e-07,9.616359659e-11,2.065600622e-09,-6.589806077e-10,-2.488070176e-09
3413.0,3.603634239e-06,4.954288793e-11,7.651709427e-06,7.53475505e-11,4.161189966e-06,8.15047943e-11,3.252267145e-05,8.270972172e-11,1.954243373e-07,1.509196295e-11,6.133492038e-07,6.374615259e-11,1.951797747e-09,4.05796743e-10,-2.082273433e-09
3414.0,2.95841729e-06,4.62739901e-11,5.590209169e-06,4.479345781e-11,3.530651934e-06,8.178963514e-11,1.997845328e-05,8.259947011e-11,2.23380028e-07,1.742960241e-11,5.275306826e-07,8.490955107e-11,1.944919414e-09,-4.062072651e-10,-2.488480698e-09
3415.0,2.680380196e-06,4.29594498e-11,5.172917011e-06,3.200494146e-11,3.171162013e-06,8.212365256e-11,2.998828351e-05,9.845862713e-11,2.171369391e-07,1.505659697e-11,6.530270469e-07,9.574543441e-11,2.323615872e-09,4.896634785e-10,-1.998817219e-09
3416.0,3.619764774e-06,4.91563388e-11,7.63372911e-06,7.533269623e-11,4.161257857e-06,8.165323071e-11,3.037196947e-05,8.116462547e-11,1.924330763e-07,1.479159731e-11,6.108238773e-07,6.331260404e-11,1.915339998e-09,3.981981234e-10,-1.600619096e-09
3417.0,2.919121304e-06,4.633661155e-11,5.561985263e-06,4.471374083e-11,3.53008981e-06,8.205658251e-11,2.100373232e-05,8.371723269e-11,2.183446819e-07,1.63392847e-11,5.240043757e-07,8.348157677e-11,1.97123379e-09,-4.114394247e-10,-2.01205852e-09
3418.0,2.707986571e-06,4.265721041e-11,5.178881953e-06,3.200167128e-11,3.168046027e-06,8.152880025e-11,2.885811927e-05,9.748057213e-11,2.145984732e-07,1.500410784e-11,6.506597995e-07,9.548934022e-11,2.300531268e-09,4.84918352e-10,-1.527140168e-09
3419.0,3.584360405e-06,4.891673177e-11,7.632940483e-06,7.530730589e-11,4.162597824e-06,8.161213975e-11,3.113781221e-05,7.840239508e-11,1.894092126e-07,1.449409347e-11,6.086329168e-07,6.316344301e-11,1.850163053e-09,3.845468204e-10,-1.142593348e-09
3420.0,2.953309895e-06,4.628374466e-11,5.562626517e-06,4.464505098e-11,3.52966089e-06,8.279189394e-11,2.008308841e-05,7.174198667e-11,2.132966079e-07,1.52608014e-11,5.212225015e-07,8.222269159e-11,1.689259984e-09,-3.545386301e-10,-1.497131978e-09
3421.0,2.690237566e-06,4.213660805e-11,5.190018819e-06,3.204783894e-11,3.177387619e-06,8.119373554e-11,3.129543927e-05,8.85023427e-11,2.124514511e-07,1.500496378e-11,6.492289517e-07,9.553051097e-11,2.088647296e-09,-6.663300521e-10,-2.16346203e-09
3422.0,3.625828776e-06,4.887819395e-11,7.63266724e-06,7.532484968e-11,4.166803419e-06,8.187284571e-11,3.091581232e-05,7.877899056e-11,1.870258721e-07,1.432258567e-11,6.075156578e-07,6.318972718e-11,1.859043538e-09,3.864475426e-10,-1.777014488e-09
3423.0,2.915113166e-06,4.589693037e-11,5.540611711e-06,4.456601152e-11,3.530415905e-06,8.354112317e-11,2.168267324e-05,7.37351627e-11,2.088224117e-07,1.43076811e-11,5.19573772e-07,8.147047085e-11,1.736196084e-09,-3.641239047e-10,-2.141138392e-09
3424.0,2.707994017e-06,4.19187851e-11,5.159329417e-06,3.205849187e-11,3.174535268e-06,8.043890024e-11,2.916511656e-05,8.592402138e-11,2.112781421e-07,1.518283032e-11,6.492007786e-07,9.588180143e-11,2.027796174e-09,-6.469114438e-10,-2.788049836e-09
3425.0,3.585152668e-06,4.875083082e-11,7.5999672e-06,7.533161221e-11,4.162229185e-06,8.202906427e-11,3.128764831e-05,8.148132059e-11,1.852930759e-07,1.437991942e-11,6.073323772e-07,6.347524886e-11,1.922810246e-09,3.99768726e-10,-2.38828111e-09
3426.0,2.928583786e-06,4.587276463e-11,5.549642414e-06,4.436381007e-11,3.535694543e-06,8.385084453e-11,1.962223113e-05,8.407244469e-11,2.058012701e-07,1.364213327e-11,5.195857486e-07,8.112135726e-11,1.979597094e-09,-4.131850826e-10,-2.801466193e-09
3427.0,2.663689437e-06,4.185966069e-11,5.150192745e-06,3.204745994e-11,3.16576524e-06,7.967569296e-11,3.023876584e-05,9.775931145e-11,2.114973133e-07,1.551037499e-11,6.503165479e-07,9.64500567e-11,2.307115426e-09,4.861274115e-10,-2.315338781e-09
3428.0,3.625226506e-06,4.877944767e-11,7.621772678e-06,7.534776147e-11,4.163137567e-06,8.242251725e-11,3.037742608e-05,7.983079196e-11,1.849143723e-07,1.455525505e-11,6.084870259e-07,6.37990715e-11,1.883863341e-09,3.916372388e-10,-1.923701542e-09
3429.0,2.924196012e-06,4.629185189e-11,5.561250162e-06,4.423850753e-11,3.531356417e-06,8.364152592e-11,2.094538898e-05,8.619398797e-11,2.046818957e-07,1.340712332e-11,5.209777971e-07,8.129376975e-11,2.029548249e-09,-4.231771508e-10,-2.346878693e-09
3430.0,2.701953449e-06,4.199992114e-11,5.172149947e-06,3.211383022e-11,3.1707603e-06,7.909092847e-11,2.824873516e-05,9.689720515e-11,2.134495975e-07,1.602622031e-11,6.525034037e-07,9.710989738e-11,2.286766712e-09,4.819254872e-10,-1.864953206e-09
3431.0,3.57989495e-06,4.865575632e-11,7.578101036e-06,7.529928304e-11,4.160141132e-06,8.224478513e-11,3.180291345e-05,7.778999178e-11,1.855368692e-07,1.481176656e-11,6.100444874e-07,6.417918212e-11,1.835704698e-09,3.814721675e-10,-1.483481039e-09
3432.0,2.961787485e-06,4.650634477e-11,5.528401394e-06,4.413576685e-11,3.530044423e-06,8.35431404e-11,2.003657628e-05,7.0386489e-11,2.050861747e-07,1.358832592e-11,5.234054769e-07,8.181935651e-11,1.657346014e-09,-3.480956737e-10,-1.831576712e-09
3433.0,2.67400771e-06,4.173548378e-11,5.124410991e-06,3.217858079e-11,3.168155598e-06,7.879952077e-11,2.902341895e-05,8.695339055e-11,2.163346389e-07,1.658927799e-11,6.54929122e-07,9.779886994e-11,2.052086148e-09,-6.54694491e-10,-2.486271203e-09
3434.0,3.598272979e-06,4.864889802e-11,7.577874172e-06,7.525579821e-11,4.157834097e-06,8.259174627e-11,3.037233444e-05,7.794014335e-11,1.869739024e-07,1.507043194e-11,6.119444607e-07,6.44068712e-11,1.839252448e-09,3.822666234e-10,-2.10400458e-09
3435.0,2.904291553e-06,4.642936907e-11,5.519514268e-06,4.401909785e-11,3.528239029e-06,8.323504274e-11,2.087643453e-05,7.246852321e-11,2.061202542e-07,1.406215489e-11,5.262914228e-07,8.271342243e-11,1.706371803e-09,-3.580852887e-10,-2.462089869e-09
3436.0,2.704156447e-06,4.173560973e-11,5.157410097e-06,3.221155285e-11,3.171368607e-06,7.857304903e-11,2.82807372e-05,8.575711861e-11,2.192359271e-07,1.711089774e-11,6.574164915e-07,9.841654984e-11,2.02386246e-09,-6.456605806e-10,-3.107750449e-09
3437.0,3.596451851e-06,4.89909158e-11,7.615097622e-06,7.52948051e-11,4.159756641e-06,8.266411103e-11,3.154791683e-05,8.167346086e-11,1.885496515e-07,1.530650817e-11,6.135690469e-07,6.455625113e-11,1.927342034e-09,4.007014512e-10,-2.707048998e-09
3438.0,2.944358312e-06,4.643863084e-11,5.537882092e-06,4.40529893e-11,3.528617384e-06,8.2839932e-11,2.077941161e-05,8.432024121e-11,2.075778366e-07,1.466393533e-11,5.291078424e-07,8.370396497e-11,1.985438423e-09,-4.143097956e-10,-3.121358794e-09
3439.0,2.70236295e-06,4.210925361e-11,5.177268197e-06,3.229789208e-11,3.179512968e-06,7.857125011e-11,3.160180572e-05,9.70885793e-11,2.215568345e-07,1.747340908e-11,6.592011831e-07,9.878643845e-11,2.291282757e-09,4.829861383e-10,-2.638372655e-09
3440.0,3.635373018e-06,4.921724498e-11,7.598778918e-06,7.527439966e-11,4.163348233e-06,8.287357054e-11,3.065043089e-05,8.010679286e-11,1.898061708e-07,1.545742624e-11,6.147185579e-07,6.454849951e-11,1.890381896e-09,3.929181486e-10,-2.245454507e-09
3441.0,2.919111832e-06,4.666983668e-11,5.521675665e-06,4.404582036e-11,3.522962211e-06,8.197248197e-11,2.127108121e-05,8.599831945e-11,2.087478213e-07,1.531081563e-11,5.313431092e-07,8.473534933e-11,2.024946142e-09,-4.222354322e-10,-2.667689939e-09
3442.0,2.719431649e-06,4.225535824e-11,5.166626026e-06,3.23419317e-11,3.176903397e-06,7.892153022e-11,3.031413458e-05,9.611405897e-11,2.22916201e-07,1.764504854e-11,6.602203035e-07,9.893253828e-11,2.268278943e-09,4.781165694e-10,-2.18957337e-09
3443.0,3.596007841e-06,4.934200398e-11,7.590682125e-06,7.531583473e-11,4.165221019e-06,8.284093692e-11,3.2269433e-05,7.7679589e-11,1.902367467e-07,1.547709394e-11,6.148839455e-07,6.434977492e-11,1.833107529e-09,3.809519649e-10,-1.808621405e-09
3444.0,2.95649328e-06,4.678372629e-11,5.515733933e-06,4.410345501e-11,3.529133767e-06,8.11369723e-11,1.965242688e-05,7.133779686e-11,2.093216205e-07,1.583660808e-11,5.327369294e-07,8.548371377e-11,1.679747571e-09,-3.526516362e-10,-2.161273041e-09
3445.0,2.67050045e-06,4.199634934e-11,5.149657982e-06,3.230737309e-11,3.175353122e-06,7.946888439e-11,2.929632309e-05,8.733206007e-11,2.229716952e-07,1.756606322e-11,6.600733833e-07,9.869869073e-11,2.061026255e-09,-6.575493414e-10,-2.818822382e-09
3446.0,3.614796182e-06,4.940444807e-11,7.602709259e-06,7.529382327e-11,4.159878431e-06,8.282164596e-11,3.107151765e-05,7.804394681e-11,1.896403676e-07,1.529887991e-11,6.142679304e-07,6.40069209e-11,1.841703052e-09,3.828683101e-10,-2.435954072e-09
3447.0,2.917193165e-06,4.647850782e-11,5.531723462e-06,4.413584445e-11,3.523553673e-06,8.056046163e-11,2.136971488e-05,7.185306963e-11,2.088335923e-07,1.621197063e-11,5.32984912e-07,8.60421409e-11,1.691876686e-09,-3.551436154e-10,-2.791097687e-09
3448.0,2.713450372e-06,4.214574619e-11,5.154304542e-06,3.236843947e-11,3.178444601e-06,8.04744558e-11,2.935238107e-05,8.574271743e-11,2.215255605e-07,1.726662771e-11,6.5888491e-07,9.82221396e-11,2.023520854e-09,-6.455713979e-10,-3.436669085e-09
3449.0,3.580438947e-06,4.974232148e-11,7.578815694e-06,7.530474938e-11,4.154478266e-06,8.276702163e-11,3.183404758e-05,8.151188256e-11,1.87717026e-07,1.49841753e-11,6.128229775e-07,6.337016549e-11,1.923539477e-09,3.998903409e-10,-3.036778744e-09
3450.0,2.942902679e-06,4.638306027e-11,5.585167427e-06,4.422832906e-11,3.524775575e-06,7.988036587e-11,2.067880991e-05,8.294827473e-11,2.074563912e-07,1.642785587e-11,5.320403375e-07,8.626129336e-11,1.953129882e-09,-4.079003407e-10,-3.444679085e-09
3451.0,2.6764749e-06,4.229872588e-11,5.140333359e-06,3.228394958e-11,3.175850109e-06,8.066554233e-11,2.916076034e-05,9.717801875e-11,2.190021103e-07,1.672503416e-11,6.565970978e-07,9.743803233e-11,2.293390522e-09,4.833672787e-10,-2.961311806e-09
3452.0,3.608691966e-06,4.995828314e-11,7.579203466e-06,7.529296814e-11,4.150161047e-06,8.273817564e-11,3.063467789e-05,8.059276631e-11,1.850713954e-07,1.453835428e-11,6.104442634e-07,6.268411028e-11,1.901847148e-09,3.953326947e-10,-2.565979112e-09
3453.0,2.930100093e-06,4.66168036e-11,5.563783296e-06,4.431046138e-11,3.51727726e-06,7.903716638e-11,2.139095189e-05,8.450392541e-11,2.05364888e-07,1.652636095e-11,5.300933958e-07,8.626380619e-11,1.989757997e-09,-4.152571498e-10,-2.981236262e-09
3454.0,2.700796449e-06,4.253895218e-11,5.112722992e-06,3.224168409e-11,3.173975179e-06,8.125278106e-11,2.798278276e-05,9.714217215e-11,2.152359307e-07,1.602576241e-11,6.539772036e-07,9.660394818e-11,2.292554692e-09,4.831671351e-10,-2.498069126e-09
3455.0,3.57610612e-06,4.983310155e-11,7.593820608e-06,7.523082197e-11,4.150072046e-06,8.248808845e-11,3.264372736e-05,7.812208863e-11,1.814282949e-07,1.402360411e-11,6.07688602e-07,6.184439216e-11,1.843544323e-09,3.831141456e-10,-2.114954981e-09
3456.0,2.959806841e-06,4.663349233e-11,5.560293168e-06,4.43458537e-11,3.518239666e-06,7.863949197e-11,1.976344193e-05,7.013666697e-11,2.030882887e-07,1.652003236e-11,5.277685105e-07,8.601828239e-11,1.651462531e-09,-3.468890598e-10,-2.461844041e-09
3457.0,2.668899359e-06,4.240981764e-11,5.113712081e-06,3.220396583e-11,3.178285713e-06,8.20858754e-11,2.947043134e-05,8.815001998e-11,2.109661502e-07,1.518308826e-11,6.508553519e-07,9.567712584e-11,2.080334305e-09,-6.637106808e-10,-3.125554721e-09
3458.0,3.609719283e-06,4.976840765e-11,7.617879746e-06,7.521964473e-11,4.155815006e-06,8.243776363e-11,3.074137653e-05,7.852996627e-11,1.774607903e-07,1.347403183e-11,6.049724723e-07,6.119117413e-11,1.85317169e-09,3.851901479e-10,-2.740364573e-09
3459.0,2.904994689e-06,4.634001496e-11,5.555475406e-06,4.43777905e-11,3.511614482e-06,7.80295108e-11,2.109479523e-05,7.110169213e-11,2.006047689e-07,1.647237896e-11,5.252039906e-07,8.574665084e-11,1.674192039e-09,-3.514831258e-10,-3.091847699e-09
3460.0,2.697141192e-06,4.249934796e-11,5.126830816e-06,3.218244274e-11,3.175291961e-06,8.260940599e-11,2.826095593e-05,8.636037876e-11,2.063951951e-07,1.433020792e-11,6.481175029e-07,9.495412228e-11,2.038096171e-09,-6.501938059e-10,-3.742041505e-09
3461.0,3.590327874e-06,4.99398778e-11,7.608923085e-06,7.50914288e-11,4.149219651e-06,8.212231587e-11,3.121197509e-05,8.260688831e-11,1.733092388e-07,1.297929937e-11,6.026724931e-07,6.071282956e-11,1.949374546e-09,4.053167874e-10,-3.336724718e-09
3462.0,2.935131387e-06,4.620570214e-11,5.557349745e-06,4.445842892e-11,3.512323849e-06,7.772183181e-11,2.051068198e-05,7.970972181e-11,1.982434295e-07,1.646080333e-11,5.229619326e-07,8.554741191e-11,1.87687444e-09,-3.925307195e-10,-3.729255437e-09
3463.0,2.670234996e-06,4.281775757e-11,5.104561824e-06,3.214159068e-11,3.178065258e-06,8.288315955e-11,3.027816327e-05,9.834726155e-11,2.019907986e-07,1.357271821e-11,6.459444851e-07,9.442204587e-11,2.320994447e-09,4.890883382e-10,-3.240167099e-09
3464.0,3.629752283e-06,4.993861071e-11,7.595384038e-06,7.505725079e-11,4.15205321e-06,8.199294319e-11,3.067088739e-05,8.107493237e-11,1.696476194e-07,1.256402004e-11,6.011221204e-07,6.058879691e-11,1.913227913e-09,3.977841119e-10,-2.842382987e-09
3465.0,2.922674952e-06,4.648329035e-11,5.548057624e-06,4.443366308e-11,3.511290136e-06,7.702020772e-11,2.041666902e-05,8.3660816e-11,1.964479149e-07,1.658871569e-11,5.215325522e-07,8.562679534e-11,1.969904076e-09,-4.111982015e-10,-3.253581189e-09
3466.0,2.689060767e-06,4.308592168e-11,5.137011068e-06,3.203937508e-11,3.177621172e-06,8.307262256e-11,2.845853878e-05,9.873015125e-11,1.984824623e-07,1.300457396e-11,6.446103891e-07,9.421182409e-11,2.330026323e-09,4.909678462e-10,-2.762613342e-09
3467.0,3.586440449e-06,4.986338337e-11,7.613762414e-06,7.503945782e-11,4.151699699e-06,8.166855341e-11,3.158839989e-05,7.855444713e-11,1.671280197e-07,1.231546285e-11,6.006381464e-07,6.073203706e-11,1.853747856e-09,3.854071076e-10,-2.377206235e-09
3468.0,2.955646492e-06,4.656600303e-11,5.538907371e-06,4.451978837e-11,3.511982041e-06,7.694271053e-11,1.91952002e-05,7.110152824e-11,1.95813831e-07,1.679853684e-11,5.21422456e-07,8.594328476e-11,1.674185091e-09,-3.514452198e-10,-2.728651455e-09
3469.0,2.67844e-06,4.300405568e-11,5.150313072e-06,3.194935943e-11,3.179090211e-06,8.36768268e-11,3.038335108e-05,8.896426804e-11,1.964604573e-07,1.262115767e-11,6.444556401e-07,9.42177452e-11,2.099549536e-09,-6.698647277e-10,-3.398516182e-09
3470.0,3.629706558e-06,4.982849697e-11,7.64481661e-06,7.503027716e-11,4.155318653e-06,8.156259029e-11,3.009227338e-05,7.874150585e-11,1.66475646e-07,1.224278802e-11,6.016718886e-07,6.120581249e-11,1.858161149e-09,3.863586074e-10,-3.012157575e-09
3471.0,2.918372781e-06,4.640577427e-11,5.54458458e-06,4.454660673e-11,3.512629651e-06,7.716040504e-11,2.144900597e-05,7.081122835e-11,1.962491758e-07,1.707724589e-11,5.22154871e-07,8.633125961e-11,1.667354515e-09,-3.500615811e-10,-3.362219156e-09
3472.0,2.70250652e-06,4.306817387e-11,5.118483398e-06,3.189113584e-11,3.18222847e-06,8.381917295e-11,2.851115399e-05,8.84069905e-11,1.955190139e-07,1.25149241e-11,6.455904004e-07,9.443751665e-11,2.086398089e-09,-6.656419167e-10,-4.027861073e-09
3473.0,3.587186402e-06,4.976535081e-11,7.566672851e-06,7.501739889e-11,4.148283905e-06,8.108852881e-11,3.129478768e-05,8.285824903e-11,1.670624895e-07,1.24234506e-11,6.035326959e-07,6.171601293e-11,1.955314553e-09,4.065527901e-10,-3.621308283e-09
3474.0,2.944790739e-06,4.622878714e-11,5.553837603e-06,4.459843353e-11,3.515017972e-06,7.733541792e-11,1.986643168e-05,8.224757861e-11,1.975802074e-07,1.736833768e-11,5.235592159e-07,8.667041722e-11,1.93663125e-09,-4.045358122e-10,-4.025844095e-09
3475.0,2.67052368e-06,4.336075094e-11,5.120022452e-06,3.181414987e-11,3.174175458e-06,8.359089337e-11,2.949478485e-05,9.906647085e-11,1.955804739e-07,1.256124062e-11,6.473193683e-07,9.466845699e-11,2.337963852e-09,4.926538863e-10,-3.533190208e-09
3476.0,3.620710478e-06,4.97318754e-11,7.596621756e-06,7.50143679e-11,4.148437053e-06,8.114638584e-11,3.035639506e-05,8.122018692e-11,1.688327715e-07,1.272618844e-11,6.059044346e-07,6.224784471e-11,1.916655718e-09,3.985134331e-10,-3.134676775e-09
3477.0,2.935451294e-06,4.650938941e-11,5.571492259e-06,4.465352842e-11,3.518437799e-06,7.743657336e-11,2.18222153e-05,8.175919884e-11,1.99423395e-07,1.76227484e-11,5.250008605e-07,8.692630756e-11,1.92512612e-09,-4.021763614e-10,-3.536853137e-09
3478.0,2.721122233e-06,4.356799514e-11,5.149901337e-06,3.183460156e-11,3.177666578e-06,8.350202572e-11,2.893726524e-05,9.88370333e-11,1.958034167e-07,1.272230915e-11,6.490780668e-07,9.490091088e-11,2.33255329e-09,4.915408338e-10,-3.045312303e-09
3479.0,3.606562723e-06,4.975605121e-11,7.613780382e-06,7.509155092e-11,4.149519151e-06,8.060666738e-11,3.192335522e-05,7.906610061e-11,1.706362085e-07,1.305757932e-11,6.079655951e-07,6.260932564e-11,1.865821029e-09,3.879353566e-10,-2.657376946e-09
3480.0,2.960641519e-06,4.636106887e-11,5.544071595e-06,4.474396652e-11,3.515703497e-06,7.781730824e-11,2.024238138e-05,7.112352115e-11,2.01398439e-07,1.774045207e-11,5.258046771e-07,8.694045889e-11,1.674703453e-09,-3.51497083e-10,-3.008874029e-09
3481.0,2.6764907e-06,4.343845234e-11,5.100869751e-06,3.186076739e-11,3.173732425e-06,8.356833405e-11,2.982425515e-05,8.944615651e-11,1.958206197e-07,1.287413158e-11,6.503174853e-07,9.498913307e-11,2.11091796e-09,-6.734700903e-10,-3.68234412e-09
3482.0,3.621805913e-06,4.974921689e-11,7.629334676e-06,7.512721521e-11,4.152188736e-06,8.049468691e-11,3.073163657e-05,7.900261558e-11,1.723060941e-07,1.333582233e-11,6.094770888e-07,6.290239334e-11,1.864322659e-09,3.875936778e-10,-3.294750442e-09
3483.0,2.926045693e-06,4.609396069e-11,5.557815363e-06,4.475664889e-11,3.521786302e-06,7.821079962e-11,2.162273958e-05,7.057120468e-11,2.027513474e-07,1.767933411e-11,5.260083887e-07,8.67396794e-11,1.661699884e-09,-3.488603773e-10,-3.643610819e-09
3484.0,2.711257542e-06,4.329205485e-11,5.117313417e-06,3.184865165e-11,3.178073727e-06,8.327703273e-11,2.885276082e-05,8.729631598e-11,1.955657315e-07,1.305282547e-11,6.507155627e-07,9.503383224e-11,2.060188946e-09,-6.572682616e-10,-4.300879081e-09
3485.0,3.596370429e-06,4.962655406e-11,7.606598486e-06,7.515381793e-11,4.150987084e-06,8.040871571e-11,3.170654893e-05,8.276242896e-11,1.730491388e-07,1.354051571e-11,6.098619257e-07,6.29386385e-11,1.953047013e-09,4.061211504e-10,-3.89475793e-09
3486.0,2.94338565e-06,4.600059936e-11,5.585336893e-06,4.483578967e-11,3.524978449e-06,7.881124902e-11,1.993077961e-05,8.220443399e-11,2.031513085e-07,1.740282267e-11,5.255162599e-07,8.622894443e-11,1.935616227e-09,-4.042617355e-10,-4.299019666e-09
3487.0,2.666160809e-06,4.328088501e-11,5.118591021e-06,3.188635751e-11,3.169251751e-06,8.286072688e-11,2.948254538e-05,9.900824101e-11,1.949108649e-07,1.317390721e-11,6.501480529e-07,9.493325645e-11,2.336587257e-09,4.923602506e-10,-3.806659415e-09
3488.0,3.623261665e-06,4.957200257e-11,7.614626801e-06,7.523310291e-11,4.148662344e-06,8.045236108e-11,3.010354352e-05,8.117859745e-11,1.729937024e-07,1.363993299e-11,6.094532559e-07,6.287036719e-11,1.915669809e-09,3.983575377e-10,-3.408301877e-09
3489.0,2.922041915e-06,4.601683311e-11,5.53360461e-06,4.482635458e-11,3.518517749e-06,7.885877106e-11,2.057524534e-05,8.362616616e-11,2.023222762e-07,1.693216479e-11,5.241236694e-07,8.55521706e-11,1.969092439e-09,-4.109607729e-10,-3.81926265e-09
3490.0,2.707148983e-06,4.325343043e-11,5.127182928e-06,3.190835961e-11,3.174130718e-06,8.24771438e-11,2.897223307e-05,9.823486177e-11,1.937750411e-07,1.327094865e-11,6.489495634e-07,9.476099374e-11,2.318331404e-09,4.885795207e-10,-3.33068313e-09
3491.0,3.582764821e-06,4.953560481e-11,7.600902077e-06,7.527680691e-11,4.149655832e-06,8.018978372e-11,3.132694369e-05,7.865811785e-11,1.718952912e-07,1.364385403e-11,6.079731209e-07,6.258800981e-11,1.856194489e-09,3.858257721e-10,-2.944857358e-09
3492.0,2.955743086e-06,4.595317259e-11,5.575093815e-06,4.475174239e-11,3.521762181e-06,7.927458635e-11,1.953526855e-05,7.019864612e-11,2.004757696e-07,1.629391782e-11,5.221306797e-07,8.467959941e-11,1.652924426e-09,-3.471201442e-10,-3.291977502e-09
3493.0,2.671459967e-06,4.287992667e-11,5.132920021e-06,3.1951501e-11,3.171025638e-06,8.225276593e-11,2.970362061e-05,8.897893429e-11,1.923212398e-07,1.32970121e-11,6.468845856e-07,9.444519575e-11,2.099885202e-09,-6.699428755e-10,-3.961920377e-09
3494.0,3.614039145e-06,4.955445824e-11,7.622751854e-06,7.534890779e-11,4.149688857e-06,8.066387769e-11,3.07480589e-05,7.892221165e-11,1.702553345e-07,1.352449404e-11,6.058740122e-07,6.219892001e-11,1.862431935e-09,3.871330607e-10,-3.574787317e-09
3495.0,2.915494497e-06,4.562955645e-11,5.538528121e-06,4.470633005e-11,3.522730646e-06,7.99559064e-11,2.168778371e-05,7.102627398e-11,1.976274509e-07,1.55374617e-11,5.195670654e-07,8.369796818e-11,1.672410048e-09,-3.511209178e-10,-3.925908234e-09
3496.0,2.701685089e-06,4.265105981e-11,5.150689441e-06,3.188802068e-11,3.172636396e-06,8.174431234e-11,2.825675632e-05,8.670102733e-11,1.906338674e-07,1.332105222e-11,6.446637942e-07,9.410634587e-11,2.04613752e-09,-6.527652266e-10,-4.578673461e-09
3497.0,3.594304891e-06,4.927554129e-11,7.650782913e-06,7.537370952e-11,4.156866781e-06,8.066535936e-11,3.201279822e-05,8.253475599e-11,1.682035339e-07,1.331591886e-11,6.033839943e-07,6.181828105e-11,1.947675834e-09,4.049000586e-10,-4.173773402e-09
3498.0,2.940625446e-06,4.535690536e-11,5.571938177e-06,4.462778728e-11,3.527502825e-06,8.047125688e-11,1.999763688e-05,8.082692491e-11,1.941809383e-07,1.467647815e-11,5.169086828e-07,8.26384277e-11,1.903174742e-09,-3.978610951e-10,-4.571634497e-09
3499.0,2.671645671e-06,4.276523729e-11,5.128775224e-06,3.193831338e-11,3.169160077e-06,8.10791245e-11,2.990140048e-05,9.79924917e-11,1.891004011e-07,1.330223879e-11,6.423509179e-07,9.37741992e-11,2.312616661e-09,4.873383086e-10,-4.084296189e-09
3500.0,3.624935144e-06,4.914679028e-11,7.636063587e-06,7.539864998e-11,4.156899907e-06,8.093024243e-11,3.005781394e-05,8.064230239e-11,1.66451165e-07,1.304478856e-11,6.014104145e-07,6.154468514e-11,1.903012634e-09,3.956355409e-10,-3.688660648e-09
3501.0,2.909490631e-06,4.540641141e-11,5.531888023e-06,4.456094517e-11,3.52067413e-06,8.045850803e-11,2.054893632e-05,8.417003235e-11,1.905460438e-07,1.378851798e-11,5.144652448e-07,8.169228148e-11,1.981893721e-09,-4.135799048e-10,-4.102240553e-09
3502.0,2.696832233e-06,4.274368594e-11,5.141909479e-06,3.187941173e-11,3.166332142e-06,8.039323843e-11,2.833924939e-05,9.744451661e-11,1.881664404e-07,1.334929401e-11,6.409468231e-07,9.361331386e-11,2.299683153e-09,4.846975855e-10,-3.617542967e-09
3503.0,3.587110964e-06,4.906761492e-11,7.623207755e-06,7.539894583e-11,4.156771882e-06,8.110807533e-11,3.194901038e-05,7.83474929e-11,1.650216631e-07,1.284207313e-11,6.001479246e-07,6.154253695e-11,1.848861688e-09,3.843177774e-10,-3.23322519e-09
3504.0,2.944857224e-06,4.529213622e-11,5.548524474e-06,4.451485012e-11,3.523516462e-06,8.108167302e-11,1.965902806e-05,7.088790175e-11,1.874872234e-07,1.298644891e-11,5.130628194e-07,8.099139719e-11,1.669156542e-09,-3.504407933e-10,-3.583665983e-09
3505.0,2.671595767e-06,4.248989058e-11,5.143229205e-06,3.192583356e-11,3.169511277e-06,8.019670638e-11,3.014483643e-05,8.769069785e-11,1.88131318e-07,1.347215499e-11,6.406918982e-07,9.378088248e-11,2.069490367e-09,-6.602596778e-10,-4.243925661e-09
3506.0,3.621490514e-06,4.896556902e-11,7.643555438e-06,7.534971688e-11,4.161155764e-06,8.156326227e-11,3.051114643e-05,7.821672932e-11,1.648170391e-07,1.275088566e-11,6.001861026e-07,6.168887644e-11,1.845778168e-09,3.836595833e-10,-3.860266078e-09
3507.0,2.902669775e-06,4.507140697e-11,5.540631857e-06,4.43740916e-11,3.523613157e-06,8.126959425e-11,2.084694824e-05,7.115682221e-11,1.856533677e-07,1.237592024e-11,5.128384497e-07,8.070174501e-11,1.675484336e-09,-3.517823903e-10,-4.212048468e-09
3508.0,2.703999706e-06,4.241982737e-11,5.149186411e-06,3.194568335e-11,3.170643507e-06,7.984816168e-11,2.835686007e-05,8.63818383e-11,1.895553263e-07,1.377901444e-11,6.417924037e-07,9.417238753e-11,2.038599823e-09,-6.503704812e-10,-4.862418949e-09
3509.0,3.58970946e-06,4.902500332e-11,7.592961403e-06,7.537696165e-11,4.155865926e-06,8.163200595e-11,3.138182535e-05,8.165335719e-11,1.657698599e-07,1.286731048e-11,6.012115943e-07,6.201372997e-11,1.926874725e-09,4.005490276e-10,-4.461869922e-09
3510.0,2.931690538e-06,4.501390153e-11,5.556661269e-06,4.427278231e-11,3.523741769e-06,8.151119528e-11,2.01083506e-05,8.270636243e-11,1.857567417e-07,1.21035638e-11,5.143487231e-07,8.075183998e-11,1.947436323e-09,-4.067637853e-10,-4.868633707e-09
3511.0,2.679891636e-06,4.255644166e-11,5.167543045e-06,3.195584711e-11,3.166696996e-06,7.917613435e-11,2.935838625e-05,9.697560583e-11,1.927505574e-07,1.425595992e-11,6.438322408e-07,9.469944019e-11,2.288610598e-09,4.823631318e-10,-4.386270575e-09
3512.0,3.624140154e-06,4.907771667e-11,7.6072916e-06,7.535855588e-11,4.155831268e-06,8.199010183e-11,2.9911246e-05,8.024680848e-11,1.67979254e-07,1.311205677e-11,6.030948068e-07,6.231343822e-11,1.893685725e-09,3.936426867e-10,-3.992627888e-09
3513.0,2.933183006e-06,4.55918365e-11,5.572750924e-06,4.427206537e-11,3.527238656e-06,8.13255336e-11,2.228952933e-05,8.131789391e-11,1.873413523e-07,1.223804312e-11,5.170011747e-07,8.121633021e-11,1.914733626e-09,-4.001961371e-10,-4.392824026e-09
3514.0,2.737275215e-06,4.264319266e-11,5.168155686e-06,3.204227457e-11,3.175282907e-06,7.914456933e-11,3.027210636e-05,9.736305947e-11,1.969666515e-07,1.485082835e-11,6.466905174e-07,9.520685454e-11,2.297765887e-09,4.842585811e-10,-3.908565445e-09
3515.0,3.602489158e-06,4.892779614e-11,7.607636898e-06,7.529544671e-11,4.162447502e-06,8.231365567e-11,3.263805656e-05,7.81065376e-11,1.710847834e-07,1.344377958e-11,6.052669472e-07,6.258896856e-11,1.843178506e-09,3.83067313e-10,-3.525498132e-09
3516.0,2.961033757e-06,4.5641388e-11,5.570841753e-06,4.41887068e-11,3.530370518e-06,8.127464159e-11,1.993319251e-05,7.150560714e-11,1.901775391e-07,1.268888601e-11,5.202758909e-07,8.194407411e-11,1.683693037e-09,-3.534631049e-10,-3.878961236e-09
3517.0,2.690651017e-06,4.238728317e-11,5.167048629e-06,3.210072103e-11,3.175086329e-06,7.896662796e-11,3.022334071e-05,8.667683418e-11,2.018991379e-07,1.540641846e-11,6.49474775e-07,9.568195027e-11,2.045566203e-09,-6.526031964e-10,-4.531564433e-09
3518.0,3.623716963e-06,4.905649567e-11,7.624605573e-06,7.524859464e-11,4.163738352e-06,8.253958898e-11,3.068380342e-05,7.803095404e-11,1.745198086e-07,1.37436793e-11,6.073303693e-07,6.271332493e-11,1.841396092e-09,3.827034232e-10,-4.14886101e-09
3519.0,2.914716884e-06,4.581945707e-11,5.552338691e-06,4.420840916e-11,3.523101674e-06,8.116258392e-11,2.168469054e-05,7.228352258e-11,1.932766762e-07,1.332595725e-11,5.235325965e-07,8.289190798e-11,1.702017102e-09,-3.571696274e-10,-4.506030637e-09
3520.0,2.722317652e-06,4.238342586e-11,5.180116745e-06,3.218052447e-11,3.172231155e-06,7.922878903e-11,2.80726599e-05,8.469589501e-11,2.065327966e-07,1.58832035e-11,6.522009474e-07,9.608223715e-11,1.998812365e-09,-6.37637478e-10,-5.143668115e-09
3521.0,3.608245664e-06,4.954257724e-11,7.627981411e-06,7.525504495e-11,4.159673823e-06,8.280022165e-11,3.120233359e-05,8.128492837e-11,1.774090118e-07,1.400083785e-11,6.08918725e-07,6.273217384e-11,1.918179023e-09,3.987448839e-10,-4.744923231e-09
3522.0,2.94156921e-06,4.595736397e-11,5.544342698e-06,4.42360455e-11,3.522191704e-06,8.080453707e-11,1.960204575e-05,8.137023687e-11,1.965832083e-07,1.402010376e-11,5.265642648e-07,8.37790886e-11,1.915976016e-09,-4.00469717e-10,-5.145392948e-09
3523.0,2.687656902e-06,4.244171598e-11,5.152039683e-06,3.225812019e-11,3.173502452e-06,7.930397841e-11,3.055740458e-05,9.752709044e-11,2.103752753e-07,1.618696911e-11,6.543153169e-07,9.628619098e-11,2.301631735e-09,4.850284686e-10,-4.660364479e-09
3524.0,3.654862614e-06,4.980329297e-11,7.630162185e-06,7.529971948e-11,4.163251716e-06,8.323463393e-11,3.126240985e-05,7.979349321e-11,1.798482388e-07,1.413262374e-11,6.101398325e-07,6.259493344e-11,1.882990065e-09,3.913755224e-10,-4.268988957e-09
3525.0,2.934113388e-06,4.643998523e-11,5.538217063e-06,4.430681264e-11,3.521055872e-06,7.991778063e-11,2.095572769e-05,8.306139378e-11,1.994707002e-07,1.466363518e-11,5.28786923e-07,8.453913597e-11,1.955789369e-09,-4.084665345e-10,-4.677455491e-09
3526.0,2.716675982e-06,4.254391301e-11,5.187805766e-06,3.231421874e-11,3.176020406e-06,7.977949811e-11,2.878081722e-05,9.695186547e-11,2.129535398e-07,1.629751033e-11,6.555007675e-07,9.628859677e-11,2.288059486e-09,4.821752338e-10,-4.195280258e-09
3527.0,3.592417716e-06,5.000557002e-11,7.620771256e-06,7.527041451e-11,4.158396207e-06,8.299795597e-11,3.153767052e-05,7.766380652e-11,1.811358311e-07,1.412603067e-11,6.105114732e-07,6.229409227e-11,1.832732099e-09,3.809155521e-10,-3.814364706e-09
3528.0,2.964773025e-06,4.666396966e-11,5.574533648e-06,4.435670282e-11,3.518635851e-06,7.930850863e-11,1.968944327e-05,7.005160577e-11,2.012617058e-07,1.517148456e-11,5.299438744e-07,8.503333213e-11,1.649462477e-09,-3.464864813e-10,-4.160851187e-09
3529.0,2.696032616e-06,4.238833288e-11,5.168588701e-06,3.240676469e-11,3.175230198e-06,8.063442795e-11,2.978863301e-05,8.730631043e-11,2.138872727e-07,1.614345482e-11,6.554557848e-07,9.595236168e-11,2.060419673e-09,-6.573515952e-10,-4.818202782e-09
3530.0,3.62642407e-06,5.003363195e-11,7.646282503e-06,7.529594159e-11,4.158623371e-06,8.328212964e-11,3.056614042e-05,7.783580263e-11,1.810588114e-07,1.393040605e-11,6.099644979e-07,6.189152413e-11,1.836795744e-09,3.81779279e-10,-4.436423503e-09
3531.0,2.933276007e-06,4.657440238e-11,5.580239403e-06,4.44042712e-11,3.516661366e-06,7.888780208e-11,2.149840894e-05,7.038725056e-11,2.013967157e-07,1.550452354e-11,5.295249287e-07,8.524701158e-11,1.657360946e-09,-3.48084331e-10,-4.784507834e-09
3532.0,2.730852254e-06,4.236112722e-11,5.170369893e-06,3.238535513e-11,3.186846068e-06,8.149100449e-11,2.928452458e-05,8.707234754e-11,2.130288209e-07,1.572968226e-11,6.544186972e-07,9.540651811e-11,2.054906785e-09,-6.555802216e-10,-5.440088056e-09
3533.0,3.612531847e-06,5.04370546e-11,7.631705401e-06,7.531278164e-11,4.160896306e-06,8.329862138e-11,3.310552406e-05,8.266062189e-11,1.795451939e-07,1.358825478e-11,6.084808534e-07,6.127030508e-11,1.95064216e-09,4.055503714e-10,-5.034537684e-09
3534.0,2.962283952e-06,4.63033739e-11,5.589366034e-06,4.450260771e-11,3.518630882e-06,7.867468558e-11,2.066311385e-05,8.334874003e-11,2.003418421e-07,1.564604616e-11,5.281211246e-07,8.517129304e-11,1.96256554e-09,-4.098081797e-10,-5.444345864e-09
3535.0,2.697623867e-06,4.260325772e-11,5.149236315e-06,3.240579666e-11,3.184299698e-06,8.191814064e-11,3.148396205e-05,9.705099778e-11,2.108243885e-07,1.506715516e-11,6.522301547e-07,9.461051393e-11,2.290404158e-09,4.826063977e-10,-4.961739466e-09
3536.0,3.642069818e-06,5.042349904e-11,7.669287895e-06,7.523805756e-11,4.167476698e-06,8.313639045e-11,3.112986824e-05,8.065437786e-11,1.772547923e-07,1.308417902e-11,6.062567562e-07,6.061171041e-11,1.903304292e-09,3.956965535e-10,-4.566042913e-09
3537.0,2.931561359e-06,4.664154786e-11,5.59119552e-06,4.449420125e-11,3.519610181e-06,7.750144429e-11,2.082371444e-05,8.352103301e-11,1.993362571e-07,1.567867986e-11,5.259093501e-07,8.490262896e-11,1.966620041e-09,-4.105762534e-10,-4.976619166e-09
3538.0,2.720767713e-06,4.267366763e-11,5.180199054e-06,3.236343257e-11,3.181650835e-06,8.246717375e-11,2.893694689e-05,9.785019307e-11,2.082816467e-07,1.426665268e-11,6.49776922e-07,9.377413583e-11,2.309255336e-09,4.8671096e-10,-4.489908206e-09
3539.0,3.617231423e-06,5.014803904e-11,7.647076896e-06,7.520151001e-11,4.16260677e-06,8.286556974e-11,3.252257366e-05,7.836026503e-11,1.746034265e-07,1.25231594e-11,6.039002673e-07,5.991149821e-11,1.849173293e-09,3.843591103e-10,-4.105549096e-09
3540.0,2.970816867e-06,4.662562173e-11,5.610247594e-06,4.457394401e-11,3.516412748e-06,7.715976626e-11,1.981534336e-05,7.243396132e-11,1.987721868e-07,1.567484499e-11,5.23972965e-07,8.464775148e-11,1.70555987e-09,-3.57879543e-10,-4.463428639e-09
3541.0,2.69396949e-06,4.27528878e-11,5.179463703e-06,3.237939885e-11,3.184104141e-06,8.319273114e-11,3.011995298e-05,8.767399165e-11,2.058151692e-07,1.340796879e-11,6.476140023e-07,9.29703688e-11,2.069095358e-09,-6.601214621e-10,-5.123550101e-09
3542.0,3.6301258e-06,5.002945264e-11,7.637316422e-06,7.511021654e-11,4.15657882e-06,8.248824758e-11,3.029805901e-05,7.840168634e-11,1.724102488e-07,1.20293708e-11,6.02230514e-07,5.941235382e-11,1.850147734e-09,3.84602783e-10,-4.738947318e-09
3543.0,2.924258249e-06,4.642383656e-11,5.573660496e-06,4.457730656e-11,3.508671262e-06,7.698263956e-11,2.184515201e-05,7.103071019e-11,1.987448898e-07,1.581263371e-11,5.227393908e-07,8.456859329e-11,1.672515293e-09,-3.511473543e-10,-5.090094672e-09
3544.0,2.712952585e-06,4.266947978e-11,5.160410077e-06,3.231402839e-11,3.185216525e-06,8.387248013e-11,2.825137193e-05,8.635923917e-11,2.039222379e-07,1.270502636e-11,6.464519678e-07,9.246302805e-11,2.038072441e-09,-6.501988172e-10,-5.74029349e-09
3545.0,3.596812134e-06,5.020667561e-11,7.586491865e-06,7.500038351e-11,4.152407899e-06,8.241190654e-11,3.155401635e-05,8.219410257e-11,1.710991872e-07,1.166409161e-11,6.016868205e-07,5.923181177e-11,1.939637991e-09,4.033176207e-10,-5.336975869e-09
3546.0,2.947456136e-06,4.629309574e-11,5.604136011e-06,4.459840478e-11,3.516554155e-06,7.662944872e-11,2.003758696e-05,8.22820698e-11,1.997437014e-07,1.614040638e-11,5.231070848e-07,8.486153949e-11,1.937447569e-09,-4.046660358e-10,-5.741641905e-09
3547.0,2.665989601e-06,4.290811271e-11,5.144246139e-06,3.21938967e-11,3.178565459e-06,8.383231734e-11,2.9557377e-05,9.870997878e-11,2.032141873e-07,1.222838538e-11,6.466462144e-07,9.228720958e-11,2.32955232e-09,4.90876546e-10,-5.250765359e-09
3548.0,3.641766268e-06,5.026484815e-11,7.617889437e-06,7.494688188e-11,4.156916502e-06,8.241172716e-11,3.070610484e-05,8.081919898e-11,1.715514283e-07,1.151900658e-11,6.029608659e-07,5.948946203e-11,1.907191204e-09,3.965646745e-10,-4.854200684e-09
3549.0,2.945905502e-06,4.656276482e-11,5.575347951e-06,4.460033183e-11,3.512310274e-06,7.618169078e-11,2.115666235e-05,8.346656354e-11,2.024602035e-07,1.67150649e-11,5.249731085e-07,8.544801842e-11,1.965330226e-09,-4.102280132e-10,-5.264428697e-09
3550.0,2.712156712e-06,4.324486758e-11,5.152004525e-06,3.212648583e-11,3.182223652e-06,8.419269044e-11,2.840185432e-05,9.8549165e-11,2.039381611e-07,1.211143789e-11,6.483649377e-07,9.251912607e-11,2.325760625e-09,4.901347395e-10,-4.774293958e-09
3551.0,3.60507159e-06,5.024844022e-11,7.617620602e-06,7.493444267e-11,4.155164798e-06,8.192933734e-11,3.230438472e-05,7.880699721e-11,1.73849244e-07,1.172984533e-11,6.056979565e-07,6.010335021e-11,1.859704664e-09,3.866206212e-10,-4.387673337e-09
3552.0,2.980313405e-06,4.658879692e-11,5.569791716e-06,4.456630917e-11,3.512192072e-06,7.617796954e-11,2.006599432e-05,7.027174208e-11,2.0662964e-07,1.740758237e-11,5.279225085e-07,8.622584408e-11,1.654650766e-09,-3.474551108e-10,-4.735128447e-09
3553.0,2.690421674e-06,4.336393456e-11,5.139101151e-06,3.20884147e-11,3.184172624e-06,8.456976001e-11,3.023308211e-05,8.980580233e-11,2.059852596e-07,1.228096763e-11,6.513260066e-07,9.295914128e-11,2.119405643e-09,-6.761874592e-10,-5.411315907e-09
3554.0,3.635118684e-06,5.021333877e-11,7.634450016e-06,7.499430838e-11,4.157532607e-06,8.173736115e-11,3.093010247e-05,7.926660536e-11,1.779228182e-07,1.22345785e-11,6.094431214e-07,6.096056779e-11,1.870557005e-09,3.888731158e-10,-5.022442791e-09
3555.0,2.934334482e-06,4.636592057e-11,5.563768091e-06,4.455979239e-11,3.519075462e-06,7.632485592e-11,2.206382657e-05,7.015627272e-11,2.115600722e-07,1.812063534e-11,5.313084704e-07,8.69603682e-11,1.651931941e-09,-3.468908096e-10,-5.3693336e-09
3556.0,2.721216478e-06,4.341786742e-11,5.15271975e-06,3.190888719e-11,3.188568469e-06,8.454890892e-11,2.847285555e-05,8.758733562e-11,2.085847993e-07,1.264014078e-11,6.548052385e-07,9.357732298e-11,2.067052171e-09,-6.594499339e-10,-6.028783534e-09
3557.0,3.614371817e-06,5.023077809e-11,7.626281669e-06,7.497674454e-11,4.158465262e-06,8.141805984e-11,3.162638011e-05,8.32451612e-11,1.823449714e-07,1.283937534e-11,6.133040851e-07,6.186483618e-11,1.964443774e-09,4.084676226e-10,-5.620315912e-09
3558.0,2.959854554e-06,4.629088807e-11,5.584854726e-06,4.460836686e-11,3.518846879e-06,7.663819643e-11,1.990757165e-05,8.12693239e-11,2.164350117e-07,1.871708807e-11,5.343882217e-07,8.76084746e-11,1.913596174e-09,-3.99875663e-10,-6.020191575e-09
3559.0,2.691712745e-06,4.388065913e-11,5.1273218e-06,3.1867451e-11,3.179913444e-06,8.462132879e-11,2.972217221e-05,9.877017775e-11,2.111886876e-07,1.303754235e-11,6.578901182e-07,9.423063523e-11,2.330972376e-09,4.91261338e-10,-5.528930237e-09
3560.0,3.640140464e-06,5.021874838e-11,7.611206241e-06,7.504414578e-11,4.157173277e-06,8.134046286e-11,2.965641412e-05,8.156968915e-11,1.868253745e-07,1.345641954e-11,6.170087546e-07,6.279439422e-11,1.924908013e-09,4.002465029e-10,-5.128683734e-09
3561.0,2.932634617e-06,4.649883852e-11,5.533178231e-06,4.461715572e-11,3.512545915e-06,7.662745992e-11,2.076063122e-05,8.404988814e-11,2.206514982e-07,1.915590006e-11,5.366981078e-07,8.811697829e-11,1.979068629e-09,-4.129302129e-10,-5.541613947e-09
3562.0,2.728271981e-06,4.413521152e-11,5.131820543e-06,3.178349898e-11,3.184722616e-06,8.451798191e-11,2.897603731e-05,9.847922477e-11,2.135459236e-07,1.349697232e-11,6.60480661e-07,9.491666073e-11,2.324104193e-09,4.898570888e-10,-5.051756858e-09
3563.0,3.607110145e-06,5.020904006e-11,7.588735221e-06,7.512222029e-11,4.1555371e-06,8.094552216e-11,3.11964525e-05,7.920176022e-11,1.909508158e-07,1.404571239e-11,6.197628227e-07,6.3548036e-11,1.869022293e-09,3.885684153e-10,-4.663188443e-09
3564.0,2.97006868e-06,4.64433576e-11,5.566093569e-06,4.464356847e-11,3.520723767e-06,7.725759583e-11,1.968143307e-05,7.065803169e-11,2.242635939e-07,1.936137926e-11,5.381453235e-07,8.83438643e-11,1.663741236e-09,-3.492845389e-10,-5.012472982e-09
3565.0,2.67570434e-06,4.380618551e-11,5.108426674e-06,3.175734904e-11,3.178554644e-06,8.450379289e-11,2.918612737e-05,8.922830159e-11,2.155824767e-07,1.390880606e-11,6.62138829e-07,9.551106119e-11,2.105777162e-09,-6.718304893e-10,-5.684303471e-09
3566.0,3.636237662e-06,5.016554227e-11,7.64295319e-06,7.51733716e-11,4.157289213e-06,8.094615608e-11,3.067404369e-05,7.929578597e-11,1.940827479e-07,1.45496847e-11,6.215915339e-07,6.414927367e-11,1.871246712e-09,3.890749184e-10,-5.295228553e-09
3567.0,2.938572652e-06,4.621712292e-11,5.562667492e-06,4.467988401e-11,3.520958466e-06,7.778426007e-11,2.08413773e-05,7.161191739e-11,2.263378758e-07,1.93337476e-11,5.385213166e-07,8.832795905e-11,1.686198487e-09,-3.538990142e-10,-5.649127567e-09
3568.0,2.713362322e-06,4.376937757e-11,5.13682603e-06,3.178697958e-11,3.1780566e-06,8.423178383e-11,2.83973138e-05,8.833507347e-11,2.169236284e-07,1.43141185e-11,6.628351707e-07,9.59734122e-11,2.084705606e-09,-6.650981798e-10,-6.314225747e-09
3569.0,3.624459117e-06,5.014726034e-11,7.638490135e-06,7.527011057e-11,4.16129065e-06,8.106579201e-11,3.263213055e-05,8.297816975e-11,1.954301319e-07,1.493809281e-11,6.22001246e-07,6.44552114e-11,1.958137598e-09,4.071986863e-10,-5.90702706e-09
3570.0,2.963962079e-06,4.606363851e-11,5.581793716e-06,4.470770681e-11,3.524929687e-06,7.85369952e-11,2.003232262e-05,8.299833137e-11,2.267580232e-07,1.904683605e-11,5.379497688e-07,8.792913621e-11,1.954310197e-09,-4.080144671e-10,-6.315041527e-09
3571.0,2.690385795e-06,4.377036034e-11,5.164013272e-06,3.186131336e-11,3.177606363e-06,8.361365594e-11,3.028864159e-05,9.939652241e-11,2.171286863e-07,1.460868386e-11,6.62152374e-07,9.621533706e-11,2.345756489e-09,4.942579138e-10,-5.820783614e-09
3572.0,3.63912713e-06,4.9840302e-11,7.639924479e-06,7.521020174e-11,4.158677622e-06,8.105477422e-11,3.025085202e-05,8.147167916e-11,1.955247513e-07,1.512855592e-11,6.212306614e-07,6.454122027e-11,1.922587478e-09,3.998177039e-10,-5.42096591e-09
3573.0,2.930718766e-06,4.61481357e-11,5.566443418e-06,4.474146091e-11,3.524873493e-06,7.870650815e-11,2.114358943e-05,8.356681038e-11,2.256032688e-07,1.852126732e-11,5.359912769e-07,8.719469921e-11,1.96769807e-09,-4.106684203e-10,-5.83163433e-09
3574.0,2.718889307e-06,4.365712843e-11,5.164575386e-06,3.194681686e-11,3.176647168e-06,8.319693501e-11,2.917854787e-05,9.857114082e-11,2.164166923e-07,1.481059079e-11,6.605039336e-07,9.625831596e-11,2.326269457e-09,4.902872272e-10,-5.341347103e-09
3575.0,3.596841858e-06,4.960013434e-11,7.631092722e-06,7.524997464e-11,4.157928374e-06,8.109248948e-11,3.136929052e-05,7.878671202e-11,1.942087834e-07,1.51555069e-11,6.192885528e-07,6.441580804e-11,1.859232895e-09,3.864838384e-10,-4.954863264e-09
3576.0,2.965123551e-06,4.615599791e-11,5.568847532e-06,4.477146494e-11,3.523115514e-06,7.930203672e-11,2.055501159e-05,7.101276703e-11,2.232013008e-07,1.779028025e-11,5.330924291e-07,8.613400966e-11,1.672083972e-09,-3.510270571e-10,-5.305890321e-09
3577.0,2.693105149e-06,4.310172182e-11,5.154349287e-06,3.194940843e-11,3.178410011e-06,8.289188913e-11,3.061528993e-05,8.909035745e-11,2.149299735e-07,1.488851183e-11,6.579809509e-07,9.612889385e-11,2.10252927e-09,-6.707750662e-10,-5.976665388e-09
3578.0,3.621862146e-06,4.951402591e-11,7.621354036e-06,7.524521983e-11,4.158641682e-06,8.12897931e-11,3.067594854e-05,7.912815575e-11,1.921389477e-07,1.500826876e-11,6.169083054e-07,6.40934263e-11,1.867282951e-09,3.882346634e-10,-5.588430724e-09
3579.0,2.911478574e-06,4.578087509e-11,5.543187115e-06,4.48213258e-11,3.522021261e-06,8.013468048e-11,2.117592746e-05,7.178749703e-11,2.192945974e-07,1.691157295e-11,5.294999072e-07,8.490907227e-11,1.690339581e-09,-3.547174514e-10,-5.943148176e-09
3580.0,2.701894073e-06,4.273495648e-11,5.151778981e-06,3.200122428e-11,3.177363378e-06,8.218790588e-11,2.808688799e-05,8.698687211e-11,2.127406387e-07,1.493116917e-11,6.552259296e-07,9.584366718e-11,2.052878348e-09,-6.549081159e-10,-6.598056291e-09
3581.0,3.592052176e-06,4.913786163e-11,7.618557925e-06,7.521521359e-11,4.159036995e-06,8.152769499e-11,3.153449913e-05,8.228448205e-11,1.89333081e-07,1.479195082e-11,6.14034561e-07,6.375236628e-11,1.941766541e-09,4.037231152e-10,-6.194333176e-09
3582.0,2.938684088e-06,4.562069044e-11,5.574273908e-06,4.47675216e-11,3.529188217e-06,8.082508185e-11,2.013064475e-05,8.190229505e-11,2.147675925e-07,1.597293846e-11,5.259854168e-07,8.359176118e-11,1.928500569e-09,-4.028608884e-10,-6.597194065e-09
3583.0,2.674534285e-06,4.271323937e-11,5.155696438e-06,3.198713299e-11,3.167689658e-06,8.139368169e-11,2.984528243e-05,9.818836283e-11,2.101883454e-07,1.492936763e-11,6.524912474e-07,9.557607738e-11,2.317239265e-09,4.883702723e-10,-6.108823792e-09
3584.0,3.625761795e-06,4.89477503e-11,7.648999349e-06,7.524099292e-11,4.16126415e-06,8.174094044e-11,3.004590717e-05,8.054388445e-11,1.8619448e-07,1.454085968e-11,6.114497042e-07,6.345391056e-11,1.90069119e-09,3.951684949e-10,-5.713655297e-09
3585.0,2.915033369e-06,4.572694366e-11,5.5673271e-06,4.473467184e-11,3.523254669e-06,8.101897897e-11,2.07137504e-05,8.559145041e-11,2.097113398e-07,1.500602043e-11,5.228314928e-07,8.238991463e-11,2.015366747e-09,-4.202527534e-10,-6.133908051e-09
3586.0,2.706146973e-06,4.263719709e-11,5.174394235e-06,3.209505118e-11,3.17176354e-06,8.069155609e-11,2.836209717e-05,9.757159086e-11,2.078680333e-07,1.491195463e-11,6.50280573e-07,9.533847789e-11,2.302678377e-09,4.85370189e-10,-5.648537862e-09
3587.0,3.579827421e-06,4.882273598e-11,7.580998479e-06,7.521477871e-11,4.158858885e-06,8.186564379e-11,3.085873247e-05,7.827962783e-11,1.832230407e-07,1.430330261e-11,6.093322105e-07,6.335040879e-11,1.84726356e-09,3.83925717e-10,-5.264612145e-09
3588.0,2.946245301e-06,4.560179843e-11,5.538434479e-06,4.463557884e-11,3.5279673e-06,8.141158837e-11,2.008603214e-05,6.969700884e-11,2.048482608e-07,1.408529028e-11,5.207097742e-07,8.149143017e-11,1.641109536e-09,-3.447180919e-10,-5.609330237e-09
3589.0,2.691129987e-06,4.231361042e-11,5.163997229e-06,3.213005837e-11,3.179193226e-06,8.023710689e-11,3.115182793e-05,8.856197329e-11,2.059105942e-07,1.489162308e-11,6.490935283e-07,9.541695741e-11,2.090049548e-09,-6.668005701e-10,-6.276130807e-09
3590.0,3.618342786e-06,4.8821491e-11,7.603795433e-06,7.521547195e-11,4.165622914e-06,8.234872948e-11,3.067279425e-05,7.846622912e-11,1.808424396e-07,1.412849179e-11,6.085870988e-07,6.343342994e-11,1.851663579e-09,3.849210502e-10,-5.891209757e-09
3591.0,2.911954211e-06,4.530555147e-11,5.5672771e-06,4.458441773e-11,3.532025325e-06,8.211799638e-11,2.229586635e-05,7.304024911e-11,2.007458479e-07,1.332202014e-11,5.198776977e-07,8.100917782e-11,1.719836372e-09,-3.607922597e-10,-6.252002016e-09
3592.0,2.723308875e-06,4.227693783e-11,5.200732989e-06,3.217791103e-11,3.175355398e-06,7.959426345e-11,2.925452953e-05,8.62171097e-11,2.049873292e-07,1.498534197e-11,6.493970594e-07,9.571226923e-11,2.034709136e-09,-6.491278079e-10,-6.901129824e-09
3593.0,3.599673735e-06,4.874647427e-11,7.63192388e-06,7.527843419e-11,4.167340611e-06,8.248415822e-11,3.215379323e-05,8.195425535e-11,1.794311261e-07,1.411717875e-11,6.088822798e-07,6.3699708e-11,1.933981447e-09,4.020589806e-10,-6.499070844e-09
3594.0,2.948327063e-06,4.530025471e-11,5.57990863e-06,4.447217698e-11,3.532218122e-06,8.24138425e-11,2.052868322e-05,8.465028246e-11,1.98701199e-07,1.287065513e-11,5.206472177e-07,8.093583715e-11,1.99320072e-09,-4.159037402e-10,-6.914974584e-09
3595.0,2.694640941e-06,4.255468647e-11,5.166975036e-06,3.218332735e-11,3.167629483e-06,7.882630638e-11,2.971580332e-05,9.679298856e-11,2.06118653e-07,1.527061277e-11,6.508245321e-07,9.615561094e-11,2.284311415e-09,4.814607134e-10,-6.43351387e-09
3596.0,3.624208763e-06,4.878390877e-11,7.614983092e-06,7.528894281e-11,4.16156845e-06,8.250113409e-11,3.003572525e-05,8.011174929e-11,1.795030873e-07,1.424584193e-11,6.101562528e-07,6.396505052e-11,1.890489832e-09,3.930062896e-10,-6.040507581e-09
3597.0,2.922323929e-06,4.561103424e-11,5.534575223e-06,4.434272436e-11,3.524378465e-06,8.209422414e-11,2.141392636e-05,8.451214265e-11,1.983983094e-07,1.286863531e-11,5.225339228e-07,8.131295661e-11,1.989952325e-09,-4.152472366e-10,-6.455754817e-09
3598.0,2.719531306e-06,4.26965093e-11,5.146555103e-06,3.222033688e-11,3.170031254e-06,7.836520499e-11,2.863571245e-05,9.708646967e-11,2.085793573e-07,1.573550371e-11,6.532413505e-07,9.661926408e-11,2.291229526e-09,4.829208533e-10,-5.972833964e-09
3599.0,3.585238041e-06,4.866483032e-11,7.579052417e-06,7.531393778e-11,4.1614268e-06,8.265871192e-11,3.176826178e-05,7.773308539e-11,1.80617831e-07,1.446513222e-11,6.118436896e-07,6.422378958e-11,1.834368001e-09,3.811542569e-10,-5.591679707e-09
3600.0,2.949091659e-06,4.583461796e-11,5.527473338e-06,4.420973503e-11,3.530729353e-06,8.179711018e-11,1.956786089e-05,7.015507315e-11,1.99304463e-07,1.324727416e-11,5.253634352e-07,8.202182977e-11,1.651897017e-09,-3.469790383e-10,-5.938658746e-09
3601.0,2.68075106e-06,4.258207979e-11,5.150190002e-06,3.228080437e-11,3.168450247e-06,7.842374425e-11,2.920018592e-05,8.735503765e-11,2.11862778e-07,1.619123588e-11,6.556569501e-07,9.706523803e-11,2.061569066e-09,-6.577258444e-10,-6.59638459e-09
3602.0,3.615138111e-06,4.864001265e-11,7.601019639e-06,7.527674477e-11,4.162359157e-06,8.279128234e-11,3.065509917e-05,7.787955667e-11,1.824486756e-07,1.467748453e-11,6.136704171e-07,6.436046859e-11,1.837814374e-09,3.819982902e-10,-6.2143863e-09
3603.0,2.912089718e-06,4.561431392e-11,5.537339925e-06,4.414351122e-11,3.521694847e-06,8.157486471e-11,2.116231391e-05,7.13452492e-11,2.009991029e-07,1.381140127e-11,5.282871716e-07,8.296701323e-11,1.679923205e-09,-3.526775798e-10,-6.56706388e-09
3604.0,2.716926098e-06,4.26236541e-11,5.185756448e-06,3.239491909e-11,3.172715719e-06,7.858562729e-11,2.845944804e-05,8.56723314e-11,2.149725002e-07,1.659568303e-11,6.578319162e-07,9.741004549e-11,2.021856799e-09,-6.45030123e-10,-7.212094002e-09
3605.0,3.592009043e-06,4.89599476e-11,7.596844855e-06,7.525521135e-11,4.162175298e-06,8.282176205e-11,3.112396353e-05,8.125687928e-11,1.842199588e-07,1.488530964e-11,6.150203016e-07,6.438160933e-11,1.917518812e-09,3.986365847e-10,-6.813457418e-09
3606.0,2.938224726e-06,4.570800551e-11,5.542715789e-06,4.408933616e-11,3.523080197e-06,8.114652228e-11,2.017377414e-05,8.270870813e-11,2.031782902e-07,1.448018967e-11,5.309461902e-07,8.398189574e-11,1.947484972e-09,-4.068007339e-10,-7.220258152e-09
3607.0,2.698782804e-06,4.284315127e-11,5.137858727e-06,3.238180407e-11,3.173350773e-06,7.884114753e-11,3.010460295e-05,9.692167182e-11,2.175347343e-07,1.6855607e-11,6.594310349e-07,9.762505533e-11,2.287345915e-09,4.820149178e-10,-6.738243234e-09
3608.0,3.628988369e-06,4.923764426e-11,7.56773682e-06,7.52335979e-11,4.159333385e-06,8.283379075e-11,3.024265326e-05,8.007302651e-11,1.85759838e-07,1.499562125e-11,6.158672095e-07,6.424156997e-11,1.889577855e-09,3.92835041e-10,-6.345408193e-09
3609.0,2.922334157e-06,4.599810153e-11,5.520413035e-06,4.413633907e-11,3.521098773e-06,8.036803312e-11,2.157869027e-05,8.38927486e-11,2.052096787e-07,1.513023309e-11,5.330572049e-07,8.490016473e-11,1.97537626e-09,-4.123051088e-10,-6.757713302e-09
3610.0,2.720796019e-06,4.293711737e-11,5.155734074e-06,3.239404076e-11,3.175026678e-06,7.930770701e-11,2.833708088e-05,9.686665401e-11,2.19229123e-07,1.696812449e-11,6.604378738e-07,9.761551426e-11,2.286040933e-09,4.818276015e-10,-6.2758857e-09
3611.0,3.593224375e-06,4.932310877e-11,7.594703056e-06,7.517845843e-11,4.158519817e-06,8.264184882e-11,3.191962152e-05,7.772091408e-11,1.86601347e-07,1.501082183e-11,6.159102611e-07,6.39890914e-11,1.834080003e-09,3.811916169e-10,-5.894694083e-09
3612.0,2.956539829e-06,4.612215087e-11,5.551280289e-06,4.422075576e-11,3.519163643e-06,7.97439912e-11,1.964989411e-05,7.072986074e-11,2.066598823e-07,1.566781864e-11,5.344992953e-07,8.560191307e-11,1.665430543e-09,-3.497002808e-10,-6.244394364e-09
3613.0,2.694948523e-06,4.291129673e-11,5.164966886e-06,3.242432593e-11,3.175655954e-06,8.020134669e-11,3.036695306e-05,8.736223692e-11,2.199093134e-07,1.688485672e-11,6.605265459e-07,9.734388288e-11,2.06173959e-09,-6.577531267e-10,-6.902147491e-09
3614.0,3.630477985e-06,4.954455432e-11,7.619030221e-06,7.520202631e-11,4.161849747e-06,8.261749627e-11,3.107898189e-05,7.783195524e-11,1.865500849e-07,1.490252538e-11,6.153685204e-07,6.359376252e-11,1.836698181e-09,3.817438102e-10,-6.520403681e-09
3615.0,2.918087365e-06,4.592258951e-11,5.544112894e-06,4.430672657e-11,3.517323195e-06,7.947174028e-11,2.177174212e-05,7.123867926e-11,2.067996781e-07,1.605236649e-11,5.346914084e-07,8.602418425e-11,1.677419708e-09,-3.521460683e-10,-6.872549749e-09
3616.0,2.722899895e-06,4.282605629e-11,5.157034938e-06,3.243081479e-11,3.181582818e-06,8.10877008e-11,2.842521165e-05,8.612654881e-11,2.191856013e-07,1.661565472e-11,6.596110135e-07,9.684217295e-11,2.032575832e-09,-6.484398836e-10,-7.520989632e-09
3617.0,3.591844393e-06,4.982895643e-11,7.577251864e-06,7.5104102e-11,4.155528353e-06,8.25625269e-11,3.198792889e-05,8.179588972e-11,1.853769047e-07,1.467559694e-11,6.137006716e-07,6.297871837e-11,1.930239456e-09,4.012915795e-10,-7.119698053e-09
3618.0,2.928655497e-06,4.577462138e-11,5.541853443e-06,4.436797773e-11,3.518903542e-06,7.883236856e-11,2.014723594e-05,8.055636372e-11,2.057468939e-07,1.625888688e-11,5.33882516e-07,8.613177325e-11,1.896812425e-09,-3.965847905e-10,-7.516282843e-09
3619.0,2.676937733e-06,4.305889108e-11,5.130572314e-06,3.239050603e-11,3.179825132e-06,8.167014013e-11,2.939188096e-05,9.755523848e-11,2.168851888e-07,1.612271193e-11,6.576717243e-07,9.609667213e-11,2.30230161e-09,4.851537155e-10,-7.031129128e-09
3620.0,3.61419864e-06,4.999980534e-11,7.582626998e-06,7.507587233e-11,4.151096441e-06,8.231232104e-11,3.022702568e-05,8.021965036e-11,1.829858229e-07,1.430696917e-11,6.114758781e-07,6.232380719e-11,1.893043982e-09,3.935650298e-10,-6.637564098e-09
3621.0,2.923661832e-06,4.60818519e-11,5.546827853e-06,4.444316475e-11,3.514494714e-06,7.808517058e-11,2.135450049e-05,8.180073235e-11,2.037471366e-07,1.631326815e-11,5.320065408e-07,8.598265556e-11,1.926108712e-09,-4.024400308e-10,-7.040004129e-09
3622.0,2.721251296e-06,4.313509941e-11,5.143133076e-06,3.230329144e-11,3.182674829e-06,8.230040511e-11,2.900622812e-05,9.789757413e-11,2.133535693e-07,1.545943845e-11,6.551643504e-07,9.523536487e-11,2.31037587e-09,4.868919614e-10,-6.553112168e-09
3623.0,3.583075162e-06,4.989539641e-11,7.592993652e-06,7.505978189e-11,4.154082085e-06,8.217054291e-11,3.187035495e-05,7.825111846e-11,1.795542513e-07,1.383687733e-11,6.08634061e-07,6.154505043e-11,1.846592407e-09,3.838218816e-10,-6.169290286e-09
3624.0,2.953748763e-06,4.603173942e-11,5.562300513e-06,4.450603745e-11,3.513961952e-06,7.747811173e-11,2.028781011e-05,7.019043129e-11,2.013491667e-07,1.623337214e-11,5.29398562e-07,8.562745489e-11,1.652729258e-09,-3.47091323e-10,-6.516381609e-09
3625.0,2.679166774e-06,4.297223635e-11,5.120263373e-06,3.222401838e-11,3.180603841e-06,8.29439378e-11,2.91470761e-05,8.800863772e-11,2.090988763e-07,1.463606193e-11,6.520901348e-07,9.432339249e-11,2.076998126e-09,-6.626317953e-10,-7.179013404e-09
3626.0,3.611284424e-06,4.982340787e-11,7.607908243e-06,7.501888221e-11,4.154652905e-06,8.201244613e-11,3.108487627e-05,7.839845674e-11,1.758515433e-07,1.330611104e-11,6.057489462e-07,6.087485542e-11,1.850065135e-09,3.845622766e-10,-6.794451128e-09
3627.0,2.908846486e-06,4.571727904e-11,5.540629702e-06,4.458032849e-11,3.512622849e-06,7.736061408e-11,2.114461603e-05,6.980423737e-11,1.990575517e-07,1.6131448e-11,5.265087819e-07,8.523110879e-11,1.643642988e-09,-3.452371338e-10,-7.139688262e-09
3628.0,2.698559344e-06,4.283502359e-11,5.10569575e-06,3.215189342e-11,3.180954737e-06,8.338434204e-11,2.760362607e-05,8.706874709e-11,2.048017714e-07,1.376054613e-11,6.492655295e-07,9.353970189e-11,2.054810249e-09,-6.555488448e-10,-7.795237106e-09
3629.0,3.586903812e-06,4.987789827e-11,7.591852867e-06,7.493886382e-11,4.14910014e-06,8.192604054e-11,3.16430478e-05,8.232653009e-11,1.723877432e-07,1.281134154e-11,6.031442988e-07,6.032757176e-11,1.942766385e-09,4.039200364e-10,-7.39131707e-09
3630.0,2.93563689e-06,4.560126429e-11,5.568459136e-06,4.46024223e-11,3.516490893e-06,7.710311018e-11,1.94548833e-05,8.169632136e-11,1.971329178e-07,1.612000405e-11,5.243629681e-07,8.496366636e-11,1.923648775e-09,-4.019603229e-10,-7.793277393e-09
3631.0,2.67313621e-06,4.318983421e-11,5.120593802e-06,3.20819969e-11,3.179314749e-06,8.36320798e-11,2.99087262e-05,9.838976331e-11,2.011123183e-07,1.296295088e-11,6.469872541e-07,9.297318199e-11,2.321990081e-09,4.893313655e-10,-7.303946027e-09
3632.0,3.622421085e-06,4.987669307e-11,7.601623421e-06,7.488160752e-11,4.153176305e-06,8.194974703e-11,3.019350429e-05,8.112877136e-11,1.695444886e-07,1.240614357e-11,6.016647478e-07,6.010561914e-11,1.914497845e-09,3.980700811e-10,-6.905875946e-09
3633.0,2.922377587e-06,4.594941534e-11,5.548428817e-06,4.467705287e-11,3.512405194e-06,7.667181756e-11,2.256855645e-05,8.261771647e-11,1.961398346e-07,1.624483492e-11,5.229748522e-07,8.491489973e-11,1.945348181e-09,-4.062019483e-10,-7.312077894e-09
3634.0,2.718461027e-06,4.341575412e-11,5.126632319e-06,3.205342554e-11,3.181082687e-06,8.385798864e-11,2.946162234e-05,9.839588604e-11,1.984963545e-07,1.238529732e-11,6.459067867e-07,9.274434795e-11,2.322141427e-09,4.893866782e-10,-6.822691216e-09
3635.0,3.588921739e-06,4.977862059e-11,7.58944629e-06,7.486967951e-11,4.151808959e-06,8.145573518e-11,3.183725876e-05,7.869162524e-11,1.67922317e-07,1.217199657e-11,6.01270743e-07,6.021531183e-11,1.856989576e-09,3.860354331e-10,-6.436655783e-09
3636.0,2.946977029e-06,4.581235009e-11,5.556739415e-06,4.462006164e-11,3.514206186e-06,7.655611742e-11,2.013617999e-05,7.113792511e-11,1.959691121e-07,1.63999912e-11,5.222889098e-07,8.504348479e-11,1.675035326e-09,-3.516338359e-10,-6.788289619e-09
3637.0,2.671254839e-06,4.32956657e-11,5.098196589e-06,3.190719502e-11,3.180247398e-06,8.397935197e-11,2.959159069e-05,8.886678039e-11,1.967598868e-07,1.20737587e-11,6.458323633e-07,9.280516883e-11,2.097253272e-09,-6.691078676e-10,-7.457397487e-09
3638.0,3.619126127e-06,4.971869566e-11,7.584021241e-06,7.489646765e-11,4.151641315e-06,8.127464068e-11,3.128629146e-05,7.884007045e-11,1.674139839e-07,1.213823982e-11,6.020700632e-07,6.058139311e-11,1.860486684e-09,3.867891657e-10,-7.070608321e-09
3639.0,2.912484732e-06,4.559427859e-11,5.537478338e-06,4.468347355e-11,3.51531785e-06,7.680184135e-11,2.099417289e-05,7.090352083e-11,1.96126942e-07,1.658604295e-11,5.225084772e-07,8.524850902e-11,1.669520617e-09,-3.504879499e-10,-7.421096271e-09
3640.0,2.692028232e-06,4.321369816e-11,5.094800629e-06,3.182430382e-11,3.177462222e-06,8.403432914e-11,2.764692791e-05,8.706452519e-11,1.958056997e-07,1.200049911e-11,6.467078632e-07,9.307593616e-11,2.054712582e-09,-6.555113432e-10,-8.076607614e-09
3641.0,3.585516911e-06,4.968183458e-11,7.566688136e-06,7.489188994e-11,4.145484906e-06,8.109880668e-11,3.134102038e-05,8.267149911e-11,1.678360074e-07,1.228359606e-11,6.034810025e-07,6.101942646e-11,1.950900419e-09,4.056723188e-10,-7.670935295e-09
3642.0,2.938723009e-06,4.550696575e-11,5.530111273e-06,4.46426615e-11,3.51652623e-06,7.681384204e-11,1.976438032e-05,8.011361877e-11,1.970188413e-07,1.673965324e-11,5.234206638e-07,8.54496982e-11,1.886387052e-09,-3.944077532e-10,-8.065343048e-09
3643.0,2.669982164e-06,4.351033545e-11,5.075511337e-06,3.178123429e-11,3.174523595e-06,8.377413975e-11,2.95024152e-05,9.903369397e-11,1.955614682e-07,1.208879392e-11,6.479729277e-07,9.341865805e-11,2.337192611e-09,4.925002176e-10,-7.572842831e-09
3644.0,3.624098014e-06,4.965429239e-11,7.579217363e-06,7.493729699e-11,4.153113331e-06,8.099168201e-11,3.0107384e-05,8.118118758e-11,1.687491578e-07,1.252286084e-11,6.053870046e-07,6.152460715e-11,1.915730994e-09,3.983468373e-10,-7.174495994e-09
3645.0,2.91359538e-06,4.576349466e-11,5.497079697e-06,4.463703513e-11,3.514466256e-06,7.671088899e-11,2.099404526e-05,8.314446863e-11,1.980493075e-07,1.685718183e-11,5.243013409e-07,8.556866718e-11,1.957750165e-09,-4.086546319e-10,-7.583150625e-09
3646.0,2.711807282e-06,4.361048547e-11,5.103209173e-06,3.179097683e-11,3.184034927e-06,8.381666984e-11,2.985411139e-05,9.909031602e-11,1.952109309e-07,1.232067604e-11,6.494958721e-07,9.376531633e-11,2.338521366e-09,4.928758186e-10,-7.090274807e-09
3647.0,3.587584764e-06,4.966295778e-11,7.557215448e-06,7.49631866e-11,4.15054786e-06,8.080132084e-11,3.161008093e-05,7.90059237e-11,1.698283158e-07,1.282589106e-11,6.071152101e-07,6.195707239e-11,1.864405744e-09,3.875567484e-10,-6.702718058e-09
3648.0,2.942459837e-06,4.575896103e-11,5.502616322e-06,4.459194668e-11,3.517647841e-06,7.696121972e-11,1.957327857e-05,6.993932964e-11,1.993666942e-07,1.687040051e-11,5.248986408e-07,8.55395393e-11,1.646816813e-09,-3.458715281e-10,-7.048589587e-09
3649.0,2.673570439e-06,4.336374928e-11,5.083875287e-06,3.180361497e-11,3.1793532e-06,8.37510825e-11,3.0462782e-05,8.802643036e-11,1.948314967e-07,1.258744613e-11,6.503789835e-07,9.403671525e-11,2.077413709e-09,-6.627915371e-10,-7.711381124e-09
3650.0,3.612304386e-06,4.958259274e-11,7.589276319e-06,7.503581377e-11,4.155058e-06,8.071072007e-11,3.071727934e-05,7.898930207e-11,1.708227303e-07,1.308697427e-11,6.082134432e-07,6.230832151e-11,1.864011798e-09,3.875448283e-10,-7.323836295e-09
3651.0,2.911390517e-06,4.569690536e-11,5.513117192e-06,4.458116266e-11,3.519296229e-06,7.746851445e-11,2.125390144e-05,7.159684673e-11,2.002187785e-07,1.67420341e-11,5.247827867e-07,8.533058091e-11,1.685846875e-09,-3.538226021e-10,-7.677658898e-09
3652.0,2.695291522e-06,4.309605977e-11,5.094849041e-06,3.179546245e-11,3.175586143e-06,8.357474366e-11,2.8178121e-05,8.704907225e-11,1.944097386e-07,1.285834949e-11,6.50551427e-07,9.428412415e-11,2.054352298e-09,-6.553793443e-10,-8.333038242e-09
3653.0,3.589567071e-06,4.948958842e-11,7.586319666e-06,7.511249361e-11,4.153535167e-06,8.073171716e-11,3.241524704e-05,8.328788406e-11,1.710883689e-07,1.331534814e-11,6.084504967e-07,6.250122531e-11,1.965445254e-09,4.087104484e-10,-7.924327793e-09
3654.0,2.94433157e-06,4.552220951e-11,5.519095906e-06,4.454052681e-11,3.521913503e-06,7.798904605e-11,2.010654994e-05,8.358268424e-11,2.003692811e-07,1.642954269e-11,5.241246482e-07,8.491652045e-11,1.968073444e-09,-4.107606423e-10,-8.335088436e-09
3655.0,2.678869815e-06,4.321974495e-11,5.088514565e-06,3.179036613e-11,3.177020547e-06,8.305967375e-11,3.062250451e-05,9.787162353e-11,1.940182432e-07,1.310237364e-11,6.499354309e-07,9.443596557e-11,2.309763096e-09,4.868436873e-10,-7.848244748e-09
3656.0,3.614308233e-06,4.923004027e-11,7.594631118e-06,7.509010899e-11,4.155651877e-06,8.0561503e-11,3.052232395e-05,8.133286293e-11,1.707738054e-07,1.343669713e-11,6.078972094e-07,6.259587505e-11,1.919309292e-09,3.990229637e-10,-7.449221785e-09
3657.0,2.916842337e-06,4.581802916e-11,5.51149617e-06,4.448381916e-11,3.521641863e-06,7.818412085e-11,2.163375794e-05,8.271383406e-11,1.994092107e-07,1.595751924e-11,5.226415462e-07,8.4333914e-11,1.947614695e-09,-4.066790473e-10,-7.855900832e-09
3658.0,2.695707283e-06,4.297965447e-11,5.086353555e-06,3.181329592e-11,3.175925141e-06,8.277711058e-11,2.83404981e-05,9.771161326e-11,1.934043717e-07,1.332432817e-11,6.48984445e-07,9.454428414e-11,2.305980432e-09,4.860959397e-10,-7.369804892e-09
3659.0,3.570720289e-06,4.901997246e-11,7.572314386e-06,7.514795046e-11,4.150174049e-06,8.072938078e-11,3.165523533e-05,7.859737444e-11,1.700161881e-07,1.34583787e-11,6.065073217e-07,6.253726057e-11,1.854767093e-09,3.854529601e-10,-6.984351932e-09
3660.0,2.94534373e-06,4.5974074e-11,5.517027453e-06,4.442292254e-11,3.520083742e-06,7.839370798e-11,1.925472144e-05,7.035585368e-11,1.978132739e-07,1.537701571e-11,5.207407163e-07,8.35859803e-11,1.656621377e-09,-3.479262471e-10,-7.332278179e-09
3661.0,2.656671479e-06,4.241802129e-11,5.079036733e-06,3.181156578e-11,3.171481982e-06,8.244014747e-11,2.923132547e-05,8.767734677e-11,1.928350424e-07,1.349474912e-11,6.473448543e-07,9.454936226e-11,2.069175008e-09,-6.601151388e-10,-7.992393318e-09
3662.0,3.599549378e-06,4.874015432e-11,7.569259373e-06,7.511952524e-11,4.155842034e-06,8.095863335e-11,3.078059485e-05,7.868938123e-11,1.690674699e-07,1.337735964e-11,6.050982702e-07,6.242502615e-11,1.856930055e-09,3.859620324e-10,-7.606431286e-09
3663.0,2.907081415e-06,4.575499166e-11,5.495272708e-06,4.439010058e-11,3.522317188e-06,7.880002058e-11,2.151047566e-05,6.993707483e-11,1.954093897e-07,1.471229987e-11,5.183694995e-07,8.277241708e-11,1.646764855e-09,-3.458710219e-10,-7.952302308e-09
3664.0,2.690319583e-06,4.209217166e-11,5.116174411e-06,3.186993067e-11,3.175832944e-06,8.231549799e-11,2.838069599e-05,8.638043987e-11,1.921973568e-07,1.364148929e-11,6.457829861e-07,9.453375553e-11,2.038568644e-09,-6.503511853e-10,-8.602653493e-09
3665.0,3.567200197e-06,4.863253314e-11,7.549157307e-06,7.514334733e-11,4.152672666e-06,8.108616246e-11,3.129605332e-05,8.216942081e-11,1.677622508e-07,1.324843175e-11,6.03433371e-07,6.229476016e-11,1.939052071e-09,4.031656179e-10,-8.199487875e-09
3666.0,2.919466368e-06,4.559354101e-11,5.511759109e-06,4.429166047e-11,3.519308765e-06,7.908094486e-11,1.977655867e-05,8.273318928e-11,1.925911373e-07,1.398335739e-11,5.160018012e-07,8.190536853e-11,1.94807115e-09,-4.068328276e-10,-8.606320703e-09
3667.0,2.64731096e-06,4.205553758e-11,5.0759874e-06,3.175999985e-11,3.168254882e-06,8.159651538e-11,2.919470047e-05,9.774176502e-11,1.914440304e-07,1.374044048e-11,6.441078871e-07,9.449588182e-11,2.306698133e-09,4.861386143e-10,-8.120182088e-09
3668.0,3.604727029e-06,4.855972407e-11,7.576859247e-06,7.517753496e-11,4.154052848e-06,8.133124704e-11,3.02177801e-05,8.080701831e-11,1.663830691e-07,1.310040717e-11,6.018852562e-07,6.221446981e-11,1.906902316e-09,3.964386989e-10,-7.723743389e-09
3669.0,2.920450032e-06,4.585341199e-11,5.502741999e-06,4.42626013e-11,3.520167459e-06,7.905659317e-11,2.126260954e-05,8.422191709e-11,1.893172101e-07,1.326782953e-11,5.138316643e-07,8.112718672e-11,1.98311461e-09,-4.138327782e-10,-8.137576168e-09
3670.0,2.69934369e-06,4.199915169e-11,5.102778173e-06,3.172888479e-11,3.177404961e-06,8.123825515e-11,2.975544417e-05,9.760648122e-11,1.907211679e-07,1.386345281e-11,6.429647214e-07,9.451009717e-11,2.303511979e-09,4.855069814e-10,-7.652069186e-09
3671.0,3.573559782e-06,4.854444081e-11,7.570117412e-06,7.514726913e-11,4.1561011e-06,8.14119389e-11,3.253292273e-05,7.835027162e-11,1.645808325e-07,1.29913403e-11,6.002515881e-07,6.218370274e-11,1.848922434e-09,3.843241796e-10,-7.267745006e-09
3672.0,2.948421275e-06,4.600438464e-11,5.486560197e-06,4.418513651e-11,3.520612342e-06,7.944753973e-11,1.945007707e-05,7.126233901e-11,1.859693601e-07,1.263908486e-11,5.124685919e-07,8.051415124e-11,1.677970216e-09,-3.522433012e-10,-7.619988308e-09
3673.0,2.667537248e-06,4.182320553e-11,5.089485778e-06,3.180005598e-11,3.172472691e-06,8.092268626e-11,3.215462889e-05,8.741155577e-11,1.90123211e-07,1.396248864e-11,6.418283053e-07,9.457661375e-11,2.062902144e-09,-6.581542869e-10,-8.278142595e-09
3674.0,3.612989985e-06,4.847835111e-11,7.583275448e-06,7.517805895e-11,4.164594862e-06,8.1917301e-11,3.146880129e-05,7.82703455e-11,1.629776933e-07,1.291467611e-11,5.990757104e-07,6.212458019e-11,1.847046932e-09,3.839506031e-10,-7.894191992e-09
3675.0,2.902910797e-06,4.582954016e-11,5.476000319e-06,4.411826539e-11,3.524659149e-06,7.992078645e-11,2.111242571e-05,7.206059649e-11,1.829715457e-07,1.214104174e-11,5.114505078e-07,8.007040286e-11,1.696767901e-09,-3.560961043e-10,-8.250288096e-09
3676.0,2.687847238e-06,4.159477084e-11,5.118353203e-06,3.174924861e-11,3.177336827e-06,8.045217316e-11,2.870476452e-05,8.609249809e-11,1.895917682e-07,1.407068547e-11,6.410845257e-07,9.460865454e-11,2.03176942e-09,-6.481709692e-10,-8.898459065e-09
3677.0,3.582219131e-06,4.866548875e-11,7.579427172e-06,7.512649008e-11,4.162967363e-06,8.19293498e-11,3.250887916e-05,8.252948191e-11,1.612011511e-07,1.286256352e-11,5.980870825e-07,6.201457517e-11,1.947557213e-09,4.048843987e-10,-8.493574666e-09
3678.0,2.936512536e-06,4.574914493e-11,5.50818356e-06,4.415084588e-11,3.525457751e-06,8.017981049e-11,2.014064882e-05,8.452327389e-11,1.803272207e-07,1.183809083e-11,5.109410688e-07,7.984564354e-11,1.990217074e-09,-4.153352232e-10,-8.908909889e-09
3679.0,2.684463916e-06,4.192906057e-11,5.111882097e-06,3.182568482e-11,3.173579297e-06,8.003154283e-11,3.080415326e-05,9.681433865e-11,1.889817506e-07,1.411767572e-11,6.403843895e-07,9.460832566e-11,2.284811253e-09,4.815522442e-10,-8.427357645e-09
3680.0,3.608350554e-06,4.874066613e-11,7.578217148e-06,7.511851687e-11,4.156244621e-06,8.202105125e-11,3.010832062e-05,8.022917784e-11,1.595276461e-07,1.276944414e-11,5.97280061e-07,6.180207206e-11,1.893267645e-09,3.935827268e-10,-8.033774918e-09
3681.0,2.910670803e-06,4.619387492e-11,5.477320251e-06,4.416391138e-11,3.518545377e-06,8.003251443e-11,2.111990875e-05,8.568762539e-11,1.781185381e-07,1.174176915e-11,5.103832639e-07,7.982376187e-11,2.01762816e-09,-4.20786554e-10,-8.454561472e-09
3682.0,2.699691457e-06,4.201324932e-11,5.079454931e-06,3.179927225e-11,3.168295027e-06,7.95645929e-11,2.889552346e-05,9.697110182e-11,1.881807142e-07,1.411772099e-11,6.398638895e-07,9.450463518e-11,2.288517906e-09,4.823372093e-10,-7.972224263e-09
3683.0,3.560742084e-06,4.873778677e-11,7.533843668e-06,7.5069995e-11,4.150624612e-06,8.190205552e-11,3.122386147e-05,7.80521759e-11,1.57739809e-07,1.262288477e-11,5.96398225e-07,6.151373162e-11,1.841893284e-09,3.82829837e-10,-7.589394426e-09
3684.0,2.940662391e-06,4.624810759e-11,5.497623134e-06,4.420625749e-11,3.520187339e-06,7.99879609e-11,1.976969574e-05,7.174267006e-11,1.764098726e-07,1.18277818e-11,5.100898188e-07,7.997283834e-11,1.689278886e-09,-3.545514819e-10,-7.943945908e-09
3685.0,2.654154225e-06,4.191132987e-11,5.066153078e-06,3.187136057e-11,3.168062486e-06,7.969909622e-11,2.919860459e-05,8.719076381e-11,1.870766277e-07,1.40131978e-11,6.391794807e-07,9.429299138e-11,2.057691575e-09,-6.564653947e-10,-8.600411303e-09
3686.0,3.59443545e-06,4.869973168e-11,7.576483723e-06,7.507297383e-11,4.159735152e-06,8.212624945e-11,3.118343723e-05,7.804234821e-11,1.55915653e-07,1.240480639e-11,5.956522658e-07,6.11411598e-11,1.841666091e-09,3.827617726e-10,-8.21764953e-09
3687.0,2.904088948e-06,4.606235738e-11,5.487875047e-06,4.42164957e-11,3.520383883e-06,7.997952693e-11,2.089044523e-05,7.099148752e-11,1.751006177e-07,1.206035259e-11,5.097151818e-07,8.025685297e-11,1.671592761e-09,-3.50949644e-10,-8.568599174e-09
3688.0,2.695721035e-06,4.199163312e-11,5.085617801e-06,3.186455145e-11,3.17332331e-06,7.998509944e-11,2.792611324e-05,8.637158151e-11,1.857372435e-07,1.381961489e-11,6.383018602e-07,9.393166523e-11,2.038359552e-09,-6.502843961e-10,-9.21888357e-09
3689.0,3.575763627e-06,4.899171615e-11,7.564901289e-06,7.506134482e-11,4.15409642e-06,8.219378503e-11,3.168602419e-05,8.205300323e-11,1.54025798e-07,1.214377945e-11,5.945539175e-07,6.068474519e-11,1.936304234e-09,4.025311362e-10,-8.816352434e-09
3690.0,2.927440198e-06,4.588009278e-11,5.506543694e-06,4.420011974e-11,3.518478773e-06,7.985787189e-11,2.002850549e-05,8.241725309e-11,1.741753162e-07,1.235586269e-11,5.095409191e-07,8.061652862e-11,1.940633642e-09,-4.053724026e-10,-9.221724837e-09
3691.0,2.66548822e-06,4.235082689e-11,5.088410133e-06,3.187511607e-11,3.171110601e-06,7.998235555e-11,3.020352289e-05,9.798129821e-11,1.842380276e-07,1.351378015e-11,6.371529429e-07,9.348361822e-11,2.312348074e-09,4.872878788e-10,-8.734436958e-09
3692.0,3.601811607e-06,4.889813829e-11,7.567609265e-06,7.507123929e-11,4.153563994e-06,8.220304006e-11,3.031614633e-05,8.065032807e-11,1.523188031e-07,1.184948837e-11,5.934851924e-07,6.018228531e-11,1.903203831e-09,3.956830374e-10,-8.33875392e-09
3693.0,2.91288151e-06,4.600735511e-11,5.499570621e-06,4.418951953e-11,3.520123386e-06,7.904799275e-11,2.15661101e-05,8.210146043e-11,1.735929003e-07,1.269280729e-11,5.092098559e-07,8.09422928e-11,1.933192577e-09,-4.038247148e-10,-8.742578635e-09
3694.0,2.705751847e-06,4.269268244e-11,5.1027523e-06,3.19252531e-11,3.176203085e-06,8.029469077e-11,2.943242694e-05,9.764604304e-11,1.826601095e-07,1.315569989e-11,6.360262037e-07,9.29657424e-11,2.304436719e-09,4.857032691e-10,-8.256875366e-09
3695.0,3.563213763e-06,4.875287326e-11,7.570977354e-06,7.510455094e-11,4.153006631e-06,8.175191964e-11,3.155450363e-05,7.823684101e-11,1.506645665e-07,1.155280508e-11,5.923677141e-07,5.965285885e-11,1.846252753e-09,3.837480088e-10,-7.873127357e-09
3696.0,2.941413355e-06,4.597881648e-11,5.512268535e-06,4.422167731e-11,3.516806393e-06,7.880593502e-11,2.003024517e-05,7.185921969e-11,1.733734436e-07,1.303626224e-11,5.086365576e-07,8.121765919e-11,1.69202275e-09,-3.551091934e-10,-8.228236551e-09
3697.0,2.675287373e-06,4.271478653e-11,5.101172596e-06,3.188582862e-11,3.174757334e-06,8.081658686e-11,2.978942923e-05,8.80467691e-11,1.810181937e-07,1.272127789e-11,6.346246679e-07,9.24190367e-11,2.077896781e-09,-6.629162373e-10,-8.891152788e-09
3698.0,3.597436242e-06,4.876696446e-11,7.581864291e-06,7.515617096e-11,4.152363274e-06,8.178052753e-11,3.071293356e-05,7.858810102e-11,1.492568493e-07,1.125073985e-11,5.912286639e-07,5.915371786e-11,1.854542807e-09,3.854782626e-10,-8.505674525e-09
3699.0,2.904701675e-06,4.56524186e-11,5.500373223e-06,4.426051066e-11,3.51437078e-06,7.871321105e-11,2.198231789e-05,7.156382712e-11,1.734647361e-07,1.337402451e-11,5.080106607e-07,8.144980814e-11,1.685070509e-09,-3.537160669e-10,-8.859390592e-09
3700.0,2.698310115e-06,4.29286241e-11,5.067102874e-06,3.186862845e-11,3.176171347e-06,8.129591607e-11,2.796936797e-05,8.647329382e-11,1.793065085e-07,1.226862636e-11,6.33540447e-07,9.187345948e-11,2.040761358e-09,-6.510474867e-10,-9.510438079e-09
3701.0,3.55980969e-06,4.876672221e-11,7.542240918e-06,7.509739542e-11,4.14618014e-06,8.168969081e-11,3.108654131e-05,8.225113443e-11,1.481460777e-07,1.097865634e-11,5.901662771e-07,5.867236229e-11,1.940982693e-09,4.03538423e-10,-9.106899656e-09
3702.0,2.920452834e-06,4.543673461e-11,5.53114078e-06,4.424421475e-11,3.521138379e-06,7.839069129e-11,1.958284882e-05,8.099493891e-11,1.737735383e-07,1.367820676e-11,5.07796284e-07,8.168961983e-11,1.907137293e-09,-3.986365704e-10,-9.505536226e-09
3703.0,2.662407351e-06,4.329579757e-11,5.065577682e-06,3.180119247e-11,3.171848631e-06,8.136904011e-11,2.964168247e-05,9.858282002e-11,1.776461425e-07,1.179805138e-11,6.325711977e-07,9.136441833e-11,2.326548232e-09,4.902950176e-10,-9.015241209e-09
3704.0,3.601668665e-06,4.882057552e-11,7.563843934e-06,7.516594174e-11,4.150887471e-06,8.175064872e-11,3.008117001e-05,8.091769727e-11,1.474025622e-07,1.075208676e-11,5.896363577e-07,5.831508531e-11,1.909516173e-09,3.970029657e-10,-8.618238243e-09
3705.0,2.912810855e-06,4.561490587e-11,5.538724173e-06,4.424759722e-11,3.513801297e-06,7.789017793e-11,2.186011877e-05,8.294555938e-11,1.740731224e-07,1.397629426e-11,5.079052062e-07,8.198346678e-11,1.95306521e-09,-4.077396043e-10,-9.025977847e-09
3706.0,2.703441297e-06,4.372986874e-11,5.104738029e-06,3.181179508e-11,3.174105675e-06,8.163778057e-11,2.811302903e-05,9.790806624e-11,1.761870622e-07,1.14130377e-11,6.322287826e-07,9.092782857e-11,2.310623216e-09,4.869852725e-10,-8.538992575e-09
3707.0,3.581313527e-06,4.887127186e-11,7.57966684e-06,7.516389497e-11,4.150304163e-06,8.130786931e-11,3.237078162e-05,7.837344358e-11,1.469358897e-07,1.059567384e-11,5.893923291e-07,5.801741468e-11,1.849470445e-09,3.845404493e-10,-8.154452125e-09
3708.0,2.946547176e-06,4.55550621e-11,5.519785041e-06,4.431614101e-11,3.515384266e-06,7.770013515e-11,1.989060899e-05,6.932693775e-11,1.746812797e-07,1.42975183e-11,5.084666175e-07,8.235853227e-11,1.632395798e-09,-3.428838791e-10,-8.497336005e-09
3709.0,2.671496318e-06,4.370595455e-11,5.058330983e-06,3.179979536e-11,3.176073309e-06,8.207442462e-11,3.005328809e-05,8.903086752e-11,1.74983915e-07,1.110346324e-11,6.320181545e-07,9.052828631e-11,2.101121659e-09,-6.703611492e-10,-9.167697154e-09
3710.0,3.599877422e-06,4.886615811e-11,7.582068601e-06,7.514003043e-11,4.151648573e-06,8.110246801e-11,3.06181607e-05,7.875431145e-11,1.466291274e-07,1.047278199e-11,5.895222959e-07,5.779449959e-11,1.858462157e-09,3.864232372e-10,-8.781273917e-09
3711.0,2.897426673e-06,4.522401726e-11,5.531257285e-06,4.435976972e-11,3.51807428e-06,7.764253663e-11,2.119183681e-05,7.111059921e-11,1.752552928e-07,1.460218597e-11,5.091432423e-07,8.275310224e-11,1.674400057e-09,-3.514619421e-10,-9.132735859e-09
3712.0,2.700125628e-06,4.377487758e-11,5.09019776e-06,3.179383211e-11,3.17504922e-06,8.222049954e-11,2.83012854e-05,8.735049237e-11,1.736764373e-07,1.089337409e-11,6.3197029e-07,9.021077171e-11,2.061459953e-09,-6.576894744e-10,-9.790425333e-09
3713.0,3.574545198e-06,4.885564598e-11,7.571964461e-06,7.51159142e-11,4.149648634e-06,8.090518178e-11,3.184476831e-05,8.263580935e-11,1.461733746e-07,1.038937e-11,5.895831094e-07,5.763614597e-11,1.950063001e-09,4.054824737e-10,-9.384942859e-09
3714.0,2.942365301e-06,4.516715844e-11,5.553903262e-06,4.450080512e-11,3.522369858e-06,7.791807338e-11,2.020271486e-05,8.329332348e-11,1.758960466e-07,1.480328153e-11,5.09879021e-07,8.304683922e-11,1.961251892e-09,-4.094311754e-10,-9.794374035e-09
3715.0,2.677243683e-06,4.403354157e-11,5.084024203e-06,3.181950898e-11,3.169475395e-06,8.221356357e-11,2.920456947e-05,9.859279641e-11,1.723288139e-07,1.069932013e-11,6.315687928e-07,8.99708108e-11,2.326784636e-09,4.903499005e-10,-9.304024134e-09
3716.0,3.600165264e-06,4.887631361e-11,7.572912465e-06,7.509979287e-11,4.146336186e-06,8.089959277e-11,2.977995075e-05,8.092809083e-11,1.458104341e-07,1.032322883e-11,5.893756571e-07,5.750616427e-11,1.909758206e-09,3.970857273e-10,-8.906938407e-09
3717.0,2.907287878e-06,4.543645276e-11,5.511296916e-06,4.449867476e-11,3.513378106e-06,7.758682192e-11,2.114261618e-05,8.219602919e-11,1.760139974e-07,1.486101188e-11,5.101214442e-07,8.314711075e-11,1.935411491e-09,-4.042513102e-10,-9.311189717e-09
3718.0,2.706861376e-06,4.418336405e-11,5.096659564e-06,3.184380168e-11,3.170935191e-06,8.216053629e-11,2.843454964e-05,9.916191607e-11,1.70958009e-07,1.054353411e-11,6.311699646e-07,8.977361907e-11,2.340214416e-09,4.931398161e-10,-8.818049901e-09
3719.0,3.571357186e-06,4.888382191e-11,7.562057448e-06,7.510679825e-11,4.146666163e-06,8.060791893e-11,3.224548508e-05,7.863642134e-11,1.454116875e-07,1.031457609e-11,5.891040336e-07,5.746079172e-11,1.855681337e-09,3.857104416e-10,-8.432339459e-09
3720.0,2.942849863e-06,4.540994114e-11,5.550473888e-06,4.450394552e-11,3.520279157e-06,7.782847946e-11,1.990528232e-05,6.927330694e-11,1.759197728e-07,1.474643305e-11,5.100976583e-07,8.304591895e-11,1.631135132e-09,-3.426618607e-10,-8.77500132e-09
3721.0,2.665731255e-06,4.382209119e-11,5.08631138e-06,3.184628846e-11,3.171637047e-06,8.247755486e-11,2.873427952e-05,8.869783198e-11,1.697792702e-07,1.043716522e-11,6.303652512e-07,8.962943626e-11,2.093255586e-09,-6.678358413e-10,-9.442837161e-09
3722.0,3.595494204e-06,4.880351363e-11,7.574931772e-06,7.500662737e-11,4.147989424e-06,8.065409592e-11,3.0260148e-05,7.880147176e-11,1.452875124e-07,1.031952948e-11,5.88823481e-07,5.745839257e-11,1.859576269e-09,3.866134952e-10,-9.056223666e-09
3723.0,2.900213165e-06,4.513436003e-11,5.510924981e-06,4.45782859e-11,3.517312548e-06,7.810904693e-11,2.092416434e-05,6.999153131e-11,1.755595026e-07,1.451329191e-11,5.095459605e-07,8.272815582e-11,1.648046632e-09,-3.461148088e-10,-9.402338475e-09
3724.0,2.698481115e-06,4.365059057e-11,5.081409475e-06,3.185448858e-11,3.168175123e-06,8.256479912e-11,2.821862549e-05,8.685383277e-11,1.691958613e-07,1.046663862e-11,6.298054383e-07,8.952554689e-11,2.04974643e-09,-6.539250661e-10,-1.005626354e-08
3725.0,3.56921658e-06,4.870199282e-11,7.573537684e-06,7.500401226e-11,4.148791232e-06,8.046638032e-11,3.152110114e-05,8.26249676e-11,1.454093636e-07,1.041113746e-11,5.887272997e-07,5.753596139e-11,1.94980021e-09,4.054180272e-10,-9.650845514e-09
3726.0,2.926448126e-06,4.495609688e-11,5.556908888e-06,4.457758533e-11,3.522060756e-06,7.836633854e-11,2.041214536e-05,8.067767249e-11,1.751153533e-07,1.418390473e-11,5.089826319e-07,8.222783146e-11,1.899661022e-09,-3.970786782e-10,-1.004792419e-08
3727.0,2.683968084e-06,4.365144921e-11,5.109473036e-06,3.181534142e-11,3.178928639e-06,8.21242373e-11,3.080743475e-05,9.938119702e-11,1.691852184e-07,1.059166494e-11,6.294678189e-07,8.956230999e-11,2.345391348e-09,4.942142963e-10,-9.553709896e-09
3728.0,3.618606587e-06,4.865553774e-11,7.595299248e-06,7.496115572e-11,4.154997987e-06,8.045053666e-11,3.101823355e-05,8.153244506e-11,1.460027725e-07,1.059300937e-11,5.88818262e-07,5.767309564e-11,1.92402066e-09,4.00035186e-10,-9.15367471e-09
3729.0,2.913814857e-06,4.504471324e-11,5.533234668e-06,4.460854466e-11,3.522625664e-06,7.843850798e-11,2.068375958e-05,8.454657914e-11,1.74530636e-07,1.378518107e-11,5.081638757e-07,8.163133114e-11,1.99076286e-09,-4.153534742e-10,-9.569028184e-09
3730.0,2.709574254e-06,4.364375304e-11,5.108039711e-06,3.180196628e-11,3.171808968e-06,8.186780015e-11,2.928022413e-05,9.755126864e-11,1.697308947e-07,1.08527178e-11,6.294222782e-07,8.970436938e-11,2.302199059e-09,4.852062487e-10,-9.083821935e-09
3731.0,3.581151318e-06,4.86200972e-11,7.598121627e-06,7.498344223e-11,4.15365327e-06,8.063987071e-11,3.219732471e-05,7.844223819e-11,1.46722508e-07,1.084451539e-11,5.890325806e-07,5.791498878e-11,1.851103233e-09,3.847627213e-10,-8.699059214e-09
3732.0,2.942825593e-06,4.529422776e-11,5.532194701e-06,4.459410099e-11,3.521831527e-06,7.868094929e-11,1.923064171e-05,7.065568977e-11,1.741105305e-07,1.337271101e-11,5.077021124e-07,8.102360105e-11,1.663677953e-09,-3.493637489e-10,-9.048422963e-09
3733.0,2.669628108e-06,4.316966627e-11,5.084698946e-06,3.183515983e-11,3.16900076e-06,8.193344562e-11,3.014613847e-05,8.864878131e-11,1.711664856e-07,1.121554513e-11,6.299077091e-07,8.998840211e-11,2.092099987e-09,-6.674603384e-10,-9.715883301e-09
3734.0,3.606881789e-06,4.858730424e-11,7.569105844e-06,7.497976345e-11,4.158709738e-06,8.082553466e-11,3.114841286e-05,7.858199698e-11,1.477382747e-07,1.109481619e-11,5.898506388e-07,5.82337795e-11,1.854396783e-09,3.855103907e-10,-9.330372911e-09
3735.0,2.887878285e-06,4.493014169e-11,5.495238788e-06,4.45606913e-11,3.52226195e-06,7.901832906e-11,2.076317064e-05,7.095307228e-11,1.738097006e-07,1.297481091e-11,5.074104228e-07,8.044635196e-11,1.670688235e-09,-3.507450673e-10,-9.681117978e-09
3736.0,2.694575183e-06,4.275813074e-11,5.122953108e-06,3.184028867e-11,3.176647523e-06,8.165713909e-11,2.840603895e-05,8.622464721e-11,1.731456367e-07,1.167741863e-11,6.310135998e-07,9.035779701e-11,2.034888608e-09,-6.491793785e-10,-1.033029736e-08
3737.0,3.573835184e-06,4.848161597e-11,7.591947297e-06,7.499106112e-11,4.156619799e-06,8.076535122e-11,3.178914223e-05,8.2386432e-11,1.491292032e-07,1.137802826e-11,5.909072957e-07,5.858113519e-11,1.944173454e-09,4.041835217e-10,-9.926113835e-09
3738.0,2.9260643e-06,4.490417735e-11,5.534240005e-06,4.452144682e-11,3.522448887e-06,7.946763131e-11,2.025181569e-05,8.030272262e-11,1.736574378e-07,1.258027733e-11,5.076876118e-07,7.997694632e-11,1.890831548e-09,-3.953831581e-10,-1.032149699e-08
3739.0,2.670278473e-06,4.280109464e-11,5.103562429e-06,3.189322308e-11,3.17040045e-06,8.123747634e-11,2.965848807e-05,9.740703029e-11,1.755807071e-07,1.213100121e-11,6.32474095e-07,9.078730216e-11,2.298800234e-09,4.844645761e-10,-9.837032417e-09
3740.0,3.607023853e-06,4.851963927e-11,7.613531325e-06,7.50028399e-11,4.157910922e-06,8.097698839e-11,3.026588179e-05,8.043939428e-11,1.508332378e-07,1.162380971e-11,5.919809326e-07,5.897331962e-11,1.898226344e-09,3.946285275e-10,-9.442403889e-09
3741.0,2.904343487e-06,4.534064407e-11,5.501575604e-06,4.449116067e-11,3.518966319e-06,7.940234529e-11,2.018216519e-05,8.383530818e-11,1.734005369e-07,1.223405723e-11,5.08105828e-07,7.962955719e-11,1.974009654e-09,-4.120358584e-10,-9.854439748e-09
3742.0,2.692516158e-06,4.25426321e-11,5.086680565e-06,3.191424161e-11,3.167463191e-06,8.081103966e-11,2.811855147e-05,9.730011768e-11,1.78258158e-07,1.259064511e-11,6.340604386e-07,9.128583943e-11,2.296275457e-09,4.839868073e-10,-9.37045294e-09
3743.0,3.570379938e-06,4.839297956e-11,7.551848623e-06,7.50496364e-11,4.153705879e-06,8.103487242e-11,3.169003187e-05,7.821319697e-11,1.525426051e-07,1.187043693e-11,5.931686011e-07,5.930692638e-11,1.8456941e-09,3.835991973e-10,-8.986853743e-09
3744.0,2.939055814e-06,4.544202292e-11,5.493857192e-06,4.442222525e-11,3.521781285e-06,7.963158152e-11,1.985204474e-05,7.046173352e-11,1.732530571e-07,1.196367964e-11,5.090378041e-07,7.941546141e-11,1.659115511e-09,-3.483958281e-10,-9.335249571e-09
3745.0,2.671870742e-06,4.215424687e-11,5.100857236e-06,3.196498304e-11,3.178776809e-06,8.096881856e-11,3.114580115e-05,8.840532327e-11,1.808030483e-07,1.299935914e-11,6.358123195e-07,9.175678273e-11,2.086353462e-09,-6.65622053e-10,-1.000087162e-08
3746.0,3.609735544e-06,4.834117214e-11,7.617187191e-06,7.504437766e-11,4.16520567e-06,8.141878782e-11,3.103993761e-05,7.818508499e-11,1.542508231e-07,1.210096241e-11,5.944848968e-07,5.966454168e-11,1.845030253e-09,3.83517789e-10,-9.617353835e-09
3747.0,2.901801257e-06,4.539256041e-11,5.512057344e-06,4.43289242e-11,3.523590887e-06,7.989109226e-11,2.123389661e-05,7.228912074e-11,1.733642445e-07,1.180484267e-11,5.097921641e-07,7.929473424e-11,1.702143782e-09,-3.572342994e-10,-9.974588135e-09
3748.0,2.706534201e-06,4.208890644e-11,5.133244509e-06,3.205918538e-11,3.178603845e-06,8.074400648e-11,2.969129789e-05,8.634341429e-11,1.831518442e-07,1.336517539e-11,6.372675881e-07,9.2162298e-11,2.037693427e-09,-6.500999675e-10,-1.06246881e-08
3749.0,3.592238151e-06,4.878031898e-11,7.603257635e-06,7.511088312e-11,4.160420924e-06,8.160485726e-11,3.246692551e-05,8.127710223e-11,1.557215192e-07,1.229409174e-11,5.952989111e-07,5.986330135e-11,1.917993885e-09,3.987634711e-10,-1.022592463e-08
3750.0,2.936608898e-06,4.546041239e-11,5.532239436e-06,4.426862374e-11,3.523934336e-06,7.994507498e-11,2.00897845e-05,8.239190167e-11,1.739005271e-07,1.178731765e-11,5.106704076e-07,7.932134555e-11,1.940028623e-09,-4.052873303e-10,-1.063121196e-08
3751.0,2.67143605e-06,4.211131764e-11,5.117770386e-06,3.208241698e-11,3.170915191e-06,8.038907805e-11,2.966698461e-05,9.748226765e-11,1.851499792e-07,1.362564872e-11,6.382864906e-07,9.242852946e-11,2.300576343e-09,4.847419837e-10,-1.014646998e-08
3752.0,3.620172574e-06,4.906704666e-11,7.597355788e-06,7.510289323e-11,4.157727229e-06,8.159740614e-11,3.096307611e-05,8.022446514e-11,1.568744962e-07,1.240601422e-11,5.958179225e-07,6.002733451e-11,1.893153054e-09,3.936375567e-10,-9.752832421e-09
3753.0,2.917399776e-06,4.591885114e-11,5.505747638e-06,4.4314271e-11,3.520241292e-06,7.961627061e-11,2.176519672e-05,8.294410055e-11,1.745744747e-07,1.188437596e-11,5.113232901e-07,7.944706104e-11,1.953029443e-09,-4.078418082e-10,-1.016067423e-08
3754.0,2.710187015e-06,4.218180479e-11,5.103259934e-06,3.215196594e-11,3.176076607e-06,8.060099877e-11,2.94256941e-05,9.690357726e-11,1.866496145e-07,1.37862463e-11,6.390220075e-07,9.256080194e-11,2.286914639e-09,4.819494571e-10,-9.678724772e-09
3755.0,3.573231377e-06,4.898845267e-11,7.568772931e-06,7.508038727e-11,4.155404592e-06,8.139866482e-11,3.14548206e-05,7.787226104e-11,1.573672911e-07,1.244126465e-11,5.958218891e-07,5.998722839e-11,1.837650094e-09,3.819090138e-10,-9.296815758e-09
3756.0,2.935066557e-06,4.600763396e-11,5.530516723e-06,4.428559822e-11,3.519748288e-06,7.918873638e-11,1.940905308e-05,7.08091372e-11,1.752948855e-07,1.202897854e-11,5.11733248e-07,7.968129045e-11,1.667296878e-09,-3.501169216e-10,-9.64693268e-09
3757.0,2.666228699e-06,4.188563334e-11,5.115405467e-06,3.213898803e-11,3.177543194e-06,8.08743827e-11,2.966901761e-05,8.792276093e-11,1.873936623e-07,1.379179901e-11,6.390955433e-07,9.251828075e-11,2.074970902e-09,-6.619948248e-10,-1.03089275e-08
3758.0,3.605957697e-06,4.914691694e-11,7.60122932e-06,7.509209621e-11,4.154768276e-06,8.153513891e-11,3.072337685e-05,7.823544733e-11,1.573834764e-07,1.236803282e-11,5.955222945e-07,5.98176184e-11,1.846213691e-09,3.837564675e-10,-9.925171037e-09
3759.0,2.899582085e-06,4.582832902e-11,5.515252185e-06,4.437409075e-11,3.515395534e-06,7.91122309e-11,2.126720735e-05,7.225721182e-11,1.756803198e-07,1.220944574e-11,5.117862172e-07,7.991307218e-11,1.701400442e-09,-3.570377062e-10,-1.028220874e-08
3760.0,2.701340589e-06,4.188738758e-11,5.147977311e-06,3.213422967e-11,3.181592435e-06,8.119547921e-11,2.824327316e-05,8.62338289e-11,1.873330074e-07,1.368882963e-11,6.386899514e-07,9.233092912e-11,2.035108668e-09,-6.492502921e-10,-1.093145904e-08
3761.0,3.588674548e-06,4.964526028e-11,7.586201341e-06,7.509431108e-11,4.153450319e-06,8.175023228e-11,3.121919419e-05,8.133639733e-11,1.567211227e-07,1.223085778e-11,5.944794797e-07,5.944961167e-11,1.919390804e-09,3.990230186e-10,-1.053243602e-08
3762.0,2.927856117e-06,4.580957153e-11,5.511369435e-06,4.430422102e-11,3.516294307e-06,7.878843551e-11,1.960592995e-05,8.200074516e-11,1.757297094e-07,1.24182307e-11,5.114837101e-07,8.009563867e-11,1.930824867e-09,-4.034285756e-10,-1.093586459e-08
3763.0,2.663755018e-06,4.206434048e-11,5.077391416e-06,3.206714346e-11,3.172270653e-06,8.137778997e-11,2.948161376e-05,9.838651834e-11,1.864914669e-07,1.347761134e-11,6.377935021e-07,9.201615209e-11,2.321913366e-09,4.89217355e-10,-1.044664724e-08
3764.0,3.611769715e-06,4.980231025e-11,7.565904109e-06,7.510830165e-11,4.152073552e-06,8.185060726e-11,2.998438686e-05,8.007611549e-11,1.554168992e-07,1.201414161e-11,5.93349444e-07,5.897782904e-11,1.889653168e-09,3.92838744e-10,-1.005380849e-08
3765.0,2.904137764e-06,4.603382994e-11,5.505803702e-06,4.429670803e-11,3.511915045e-06,7.804192431e-11,2.078987335e-05,8.394300568e-11,1.753297594e-07,1.264502698e-11,5.108063082e-07,8.018963805e-11,1.976550518e-09,-4.125722038e-10,-1.04663807e-08
3766.0,2.689175959e-06,4.219894796e-11,5.130719878e-06,3.204153461e-11,3.180399216e-06,8.173568252e-11,2.84560131e-05,9.775660385e-11,1.851431512e-07,1.320279515e-11,6.368634406e-07,9.163909616e-11,2.307046381e-09,4.861967705e-10,-9.980183927e-09
3767.0,3.574028607e-06,4.978677418e-11,7.59253976e-06,7.513269536e-11,4.15296066e-06,8.17654218e-11,3.125526316e-05,7.811902385e-11,1.536523842e-07,1.173855033e-11,5.919290232e-07,5.841746371e-11,1.843475639e-09,3.831476293e-10,-9.597036297e-09
3768.0,2.951361264e-06,4.603569781e-11,5.534626107e-06,4.429212955e-11,3.514433392e-06,7.768093869e-11,2.013707614e-05,6.911237855e-11,1.748014358e-07,1.283183757e-11,5.099234251e-07,8.021143509e-11,1.627347632e-09,-3.419230315e-10,-9.938959329e-09
3769.0,2.679071572e-06,4.213275712e-11,5.127167433e-06,3.203056421e-11,3.183633773e-06,8.232732723e-11,3.035994824e-05,8.879115344e-11,1.8330459e-07,1.280868968e-11,6.358765214e-07,9.127935865e-11,2.095461373e-09,-6.685526604e-10,-1.060751199e-08
3770.0,3.61471916e-06,4.979889155e-11,7.621011689e-06,7.518614102e-11,4.153236392e-06,8.190324433e-11,3.077577692e-05,7.844145019e-11,1.516623321e-07,1.139735771e-11,5.907800381e-07,5.792982782e-11,1.851079664e-09,3.848186785e-10,-1.022269331e-08
3771.0,2.91790232e-06,4.579496083e-11,5.560917348e-06,4.432767425e-11,3.51568312e-06,7.763497236e-11,2.142542485e-05,7.12036102e-11,1.743130588e-07,1.301536007e-11,5.088842661e-07,8.017985535e-11,1.676590841e-09,-3.519908506e-10,-1.057468416e-08
3772.0,2.695265078e-06,4.218733972e-11,5.125248379e-06,3.194017455e-11,3.181352936e-06,8.256075282e-11,2.847455909e-05,8.766825951e-11,1.814259035e-07,1.236863319e-11,6.351289545e-07,9.100942358e-11,2.068960616e-09,-6.600915715e-10,-1.123477573e-08
3773.0,3.593090494e-06,4.996872217e-11,7.602880023e-06,7.52251681e-11,4.155415574e-06,8.211011502e-11,3.241021246e-05,8.233640102e-11,1.495624332e-07,1.10453674e-11,5.899891997e-07,5.758620406e-11,1.942998594e-09,4.039306291e-10,-1.08308451e-08
3774.0,2.942474627e-06,4.567388477e-11,5.547671866e-06,4.439242457e-11,3.51635856e-06,7.743496141e-11,2.000433952e-05,8.305333808e-11,1.743550912e-07,1.322120035e-11,5.086057701e-07,8.021123121e-11,1.955603631e-09,-4.083883443e-10,-1.123923345e-08
3775.0,2.666415054e-06,4.24749328e-11,5.117887919e-06,3.187869602e-11,3.177650689e-06,8.260466639e-11,2.922576689e-05,9.849527419e-11,1.800645297e-07,1.190747966e-11,6.348576475e-07,9.095625263e-11,2.324484633e-09,4.897752245e-10,-1.074945822e-08
3776.0,3.612738766e-06,4.995536669e-11,7.60836456e-06,7.522609648e-11,4.153790294e-06,8.217801564e-11,2.978346046e-05,8.071719e-11,1.483899499e-07,1.074085877e-11,5.901922561e-07,5.750275148e-11,1.904780525e-09,3.960277597e-10,-1.035343046e-08
3777.0,2.92301374e-06,4.605486835e-11,5.545192276e-06,4.436329462e-11,3.510785318e-06,7.680087758e-11,2.134135822e-05,8.311002788e-11,1.751152662e-07,1.348375228e-11,5.089475453e-07,8.039830894e-11,1.956944846e-09,-4.08639318e-10,-1.076206978e-08
3778.0,2.708245543e-06,4.289882919e-11,5.136969533e-06,3.188259115e-11,3.180321173e-06,8.282852874e-11,2.888551666e-05,9.943573686e-11,1.79776121e-07,1.157615282e-11,6.35807709e-07,9.110683842e-11,2.346670154e-09,4.944154469e-10,-1.026765434e-08
3779.0,3.584189014e-06,4.96971993e-11,7.602979443e-06,7.527628948e-11,4.151163455e-06,8.202331059e-11,3.175844328e-05,7.847814258e-11,1.485907872e-07,1.063368196e-11,5.914931733e-07,5.771545252e-11,1.851954558e-09,3.849385665e-10,-9.882715769e-09
3780.0,2.952673885e-06,4.596998608e-11,5.555417473e-06,4.441163105e-11,3.514024411e-06,7.661859107e-11,1.987337367e-05,6.973539064e-11,1.770373961e-07,1.38303111e-11,5.105301592e-07,8.080905006e-11,1.64201208e-09,-3.44900151e-10,-1.022761592e-08
3781.0,2.677302537e-06,4.281658319e-11,5.115674204e-06,3.177454298e-11,3.181546753e-06,8.308558481e-11,2.959720523e-05,8.92167076e-11,1.807393933e-07,1.139767739e-11,6.37412769e-07,9.137991599e-11,2.105505117e-09,-6.717467428e-10,-1.089936266e-08
3782.0,3.614629265e-06,4.963270192e-11,7.61709861e-06,7.521831007e-11,4.157558973e-06,8.198071657e-11,3.018773098e-05,7.893357172e-11,1.505675217e-07,1.074711414e-11,5.937934878e-07,5.818908952e-11,1.862694364e-09,3.87271404e-10,-1.051209126e-08
3783.0,2.919919755e-06,4.570278828e-11,5.539407439e-06,4.446705047e-11,3.512383001e-06,7.666778008e-11,2.153105154e-05,7.069687942e-11,1.798927966e-07,1.432834448e-11,5.125931802e-07,8.141464114e-11,1.664658126e-09,-3.495380792e-10,-1.086162934e-08
3784.0,2.705850052e-06,4.308023381e-11,5.106075413e-06,3.178556793e-11,3.179251687e-06,8.310806698e-11,2.829328015e-05,8.776111352e-11,1.822934183e-07,1.142619786e-11,6.397891781e-07,9.174017932e-11,2.071154903e-09,-6.607932979e-10,-1.152242264e-08
3785.0,3.59746591e-06,4.960055569e-11,7.632599283e-06,7.52167331e-11,4.156405592e-06,8.187548658e-11,3.285726807e-05,8.263851239e-11,1.533887428e-07,1.103282316e-11,5.965547286e-07,5.88168988e-11,1.950126489e-09,4.054647688e-10,-1.111695787e-08
3786.0,2.948840996e-06,4.554976168e-11,5.602994097e-06,4.452048968e-11,3.520231363e-06,7.69362878e-11,1.995091645e-05,8.211303486e-11,1.83329616e-07,1.486801907e-11,5.151890495e-07,8.207363554e-11,1.933459675e-09,-4.038578421e-10,-1.152081571e-08
3787.0,2.682551548e-06,4.353466061e-11,5.121775647e-06,3.176772711e-11,3.175955594e-06,8.290164662e-11,3.007805642e-05,9.864847939e-11,1.844562604e-07,1.155853507e-11,6.420516619e-07,9.213782508e-11,2.328096243e-09,4.906736733e-10,-1.103014204e-08
3788.0,3.634500597e-06,4.952188218e-11,7.624784935e-06,7.519932235e-11,4.15616918e-06,8.167101223e-11,3.044361714e-05,8.159618974e-11,1.567883766e-07,1.140792318e-11,5.994399885e-07,5.949588496e-11,1.925524169e-09,4.00365548e-10,-1.062977649e-08
3789.0,2.936527754e-06,4.567589865e-11,5.566589344e-06,4.458792477e-11,3.515217914e-06,7.673873116e-11,2.185234961e-05,8.439171645e-11,1.870257532e-07,1.535079818e-11,5.173259234e-07,8.267718657e-11,1.987118422e-09,-4.145625824e-10,-1.104433907e-08
3790.0,2.717258362e-06,4.375832632e-11,5.11948063e-06,3.178295579e-11,3.176355978e-06,8.268225186e-11,2.861314802e-05,9.892481083e-11,1.865293981e-07,1.176734881e-11,6.443129441e-07,9.252211127e-11,2.33461131e-09,4.920246312e-10,-1.055231444e-08
3791.0,3.590948103e-06,4.958938583e-11,7.622863745e-06,7.521116948e-11,4.154522176e-06,8.15252159e-11,3.222080842e-05,7.884677672e-11,1.600634689e-07,1.182558335e-11,6.018928766e-07,6.015186051e-11,1.860645104e-09,3.867982932e-10,-1.016551615e-08
3792.0,2.964714288e-06,4.565747014e-11,5.586940701e-06,4.464787772e-11,3.519001343e-06,7.708899348e-11,2.051110747e-05,7.092410563e-11,1.903060887e-07,1.567650379e-11,5.192611072e-07,8.315331463e-11,1.670002993e-09,-3.505805116e-10,-1.051609666e-08
3793.0,2.69263217e-06,4.377947487e-11,5.130361726e-06,3.179151036e-11,3.176731566e-06,8.268779249e-11,3.083529893e-05,9.004563896e-11,1.879963663e-07,1.197636612e-11,6.45889949e-07,9.285884742e-11,2.125070561e-09,-6.780052778e-10,-1.119410193e-08
3794.0,3.638972453e-06,4.977861564e-11,7.646555132e-06,7.520236934e-11,4.159386182e-06,8.163903567e-11,3.140415109e-05,7.895439682e-11,1.628007392e-07,1.218949935e-11,6.038952058e-07,6.070094793e-11,1.863184258e-09,3.873605217e-10,-1.080674141e-08
3795.0,2.926517815e-06,4.543290419e-11,5.573608297e-06,4.471584337e-11,3.517218363e-06,7.760525168e-11,2.101633907e-05,7.134887962e-11,1.927521811e-07,1.583518243e-11,5.202431848e-07,8.34304203e-11,1.680007981e-09,-3.526448888e-10,-1.11593863e-08
3796.0,2.712616779e-06,4.382868942e-11,5.124766713e-06,3.18636434e-11,3.172023512e-06,8.246582733e-11,2.800185515e-05,8.74872312e-11,1.885751116e-07,1.216187555e-11,6.464986471e-07,9.306005088e-11,2.064685708e-09,-6.587115531e-10,-1.181809786e-08
3797.0,3.602364088e-06,4.954691582e-11,7.618958831e-06,7.516662069e-11,4.155512986e-06,8.134696351e-11,3.205602141e-05,8.275659484e-11,1.642219288e-07,1.246255593e-11,6.048745923e-07,6.10714227e-11,1.952906529e-09,4.060765669e-10,-1.141202129e-08
3798.0,2.952367025e-06,4.525287796e-11,5.560750144e-06,4.478138869e-11,3.520116425e-06,7.798569918e-11,2.083767538e-05,8.042258861e-11,1.939041513e-07,1.577498847e-11,5.206037369e-07,8.348126791e-11,1.893662453e-09,-3.958594483e-10,-1.180788074e-08
3799.0,2.683784229e-06,4.401662334e-11,5.097373694e-06,3.195837059e-11,3.168216814e-06,8.204704051e-11,2.975609994e-05,9.86750502e-11,1.885040989e-07,1.226460134e-11,6.461801105e-07,9.311770784e-11,2.328723553e-09,4.907438605e-10,-1.131713688e-08
3800.0,3.615658613e-06,4.936936421e-11,7.613036852e-06,7.514345397e-11,4.154993881e-06,8.113026922e-11,3.006102129e-05,8.128171327e-11,1.642185898e-07,1.258972795e-11,6.048121122e-07,6.121918658e-11,1.918101108e-09,3.988261058e-10,-1.091831077e-08
3801.0,2.909402029e-06,4.541952234e-11,5.549948518e-06,4.480401426e-11,3.518168065e-06,7.801853672e-11,2.042070722e-05,8.408039242e-11,1.936453343e-07,1.55060668e-11,5.198333152e-07,8.327787301e-11,1.979787162e-09,-4.130903744e-10,-1.133140114e-08
3802.0,2.710485759e-06,4.40067055e-11,5.128356565e-06,3.20106702e-11,3.170441371e-06,8.171348981e-11,2.838759264e-05,9.809380706e-11,1.878106718e-07,1.231291767e-11,6.451074315e-07,9.29634324e-11,2.314999808e-09,4.879847334e-10,-1.084341641e-08
3803.0,3.587365814e-06,4.921539939e-11,7.598408477e-06,7.512568173e-11,4.154645532e-06,8.112883065e-11,3.114089407e-05,7.875208496e-11,1.635765063e-07,1.258172029e-11,6.039338871e-07,6.119633895e-11,1.858413294e-09,3.862938187e-10,-1.045712259e-08
3804.0,2.954307041e-06,4.533005914e-11,5.561227113e-06,4.484483372e-11,3.520954431e-06,7.851577999e-11,2.008044886e-05,7.060337649e-11,1.92386373e-07,1.50321283e-11,5.185806356e-07,8.283120128e-11,1.662447955e-09,-3.490405943e-10,-1.080616319e-08
3805.0,2.68786124e-06,4.363752531e-11,5.161486338e-06,3.211699313e-11,3.177274509e-06,8.176201072e-11,3.102365125e-05,8.941663205e-11,1.867875032e-07,1.232366622e-11,6.436244958e-07,9.270666344e-11,2.110221574e-09,-6.732544278e-10,-1.147941761e-08
3806.0,3.628881315e-06,4.909431839e-11,7.646022128e-06,7.511759134e-11,4.162060367e-06,8.127423349e-11,3.113388807e-05,7.880848423e-11,1.627596896e-07,1.246791786e-11,6.026800053e-07,6.106732529e-11,1.859735536e-09,3.86648947e-10,-1.109276867e-08
3807.0,2.920311549e-06,4.51351925e-11,5.559223777e-06,4.481624339e-11,3.522130364e-06,7.912141957e-11,2.15157731e-05,7.181416263e-11,1.904675928e-07,1.44434373e-11,5.167475309e-07,8.216214599e-11,1.690959552e-09,-3.549205141e-10,-1.144768918e-08
3808.0,2.712248998e-06,4.347299002e-11,5.152006844e-06,3.218770268e-11,3.172354354e-06,8.145077314e-11,2.932151605e-05,8.756695395e-11,1.859348975e-07,1.238613636e-11,6.418417894e-07,9.237166562e-11,2.066568975e-09,-6.593259666e-10,-1.210701515e-08
3809.0,3.595393083e-06,4.883682788e-11,7.597625334e-06,7.516429792e-11,4.160959136e-06,8.129507887e-11,3.200335935e-05,8.191355385e-11,1.619350441e-07,1.236977428e-11,6.013747327e-07,6.093045778e-11,1.933013931e-09,4.019345695e-10,-1.170508058e-08
3810.0,2.931199754e-06,4.500917553e-11,5.548927583e-06,4.472438117e-11,3.523988661e-06,7.937678717e-11,1.986844867e-05,8.202136424e-11,1.882867123e-07,1.377825821e-11,5.151120481e-07,8.140176789e-11,1.931298289e-09,-4.034672189e-10,-1.21085478e-08
3811.0,2.672637148e-06,4.333177995e-11,5.154180804e-06,3.217059802e-11,3.168351442e-06,8.090013988e-11,2.961426561e-05,9.814569623e-11,1.856546533e-07,1.246722017e-11,6.406418162e-07,9.218418289e-11,2.316234387e-09,4.880521768e-10,-1.162049562e-08
3812.0,3.620556115e-06,4.872568958e-11,7.623512405e-06,7.509523568e-11,4.159158625e-06,8.125117184e-11,3.005972856e-05,8.043012225e-11,1.619294179e-07,1.232785954e-11,6.008799706e-07,6.098509624e-11,1.897998563e-09,3.946726425e-10,-1.122582298e-08
3813.0,2.914717031e-06,4.540313811e-11,5.550679579e-06,4.468815028e-11,3.521287727e-06,7.938885755e-11,2.145170383e-05,8.207742367e-11,1.864908461e-07,1.309564693e-11,5.138928429e-07,8.071667965e-11,1.932622129e-09,-4.03706699e-10,-1.162952968e-08
3814.0,2.716685087e-06,4.325153939e-11,5.173938512e-06,3.222895961e-11,3.172464382e-06,8.067839721e-11,2.877457627e-05,9.758893581e-11,1.864759759e-07,1.2661602e-11,6.408184245e-07,9.22518942e-11,2.303091282e-09,4.853647285e-10,-1.114416495e-08
3815.0,3.590598675e-06,4.849380396e-11,7.600628275e-06,7.508066407e-11,4.157970515e-06,8.109648969e-11,3.188650093e-05,7.810552557e-11,1.630651101e-07,1.249765819e-11,6.012849389e-07,6.124191746e-11,1.843150813e-09,3.830637035e-10,-1.076110125e-08
3816.0,2.951401766e-06,4.551837854e-11,5.547733613e-06,4.456956188e-11,3.520287915e-06,7.954067918e-11,1.972325059e-05,6.989602657e-11,1.857680353e-07,1.250329625e-11,5.138109175e-07,8.030626069e-11,1.645797232e-09,-3.456793402e-10,-1.110678059e-08
3817.0,2.679932125e-06,4.277605641e-11,5.156463578e-06,3.223351127e-11,3.171641788e-06,8.074678168e-11,2.959669351e-05,8.79849771e-11,1.888546105e-07,1.303415229e-11,6.419115397e-07,9.258368276e-11,2.076429888e-09,-6.624469416e-10,-1.176922753e-08
3818.0,3.615997087e-06,4.840515676e-11,7.608091199e-06,7.507129307e-11,4.160190492e-06,8.131970538e-11,3.070624429e-05,7.830502085e-11,1.653989659e-07,1.279998062e-11,6.026439295e-07,6.163344684e-11,1.847854966e-09,3.840995972e-10,-1.138512793e-08
3819.0,2.905144952e-06,4.542580161e-11,5.511931207e-06,4.448141618e-11,3.519834147e-06,7.978588685e-11,2.139092435e-05,7.151192862e-11,1.864129276e-07,1.214131297e-11,5.15157181e-07,8.027090164e-11,1.683845051e-09,-3.534462142e-10,-1.173857414e-08
3820.0,2.713107037e-06,4.257822481e-11,5.181086995e-06,3.220650747e-11,3.174821051e-06,8.061690161e-11,2.850231858e-05,8.605411843e-11,1.926948558e-07,1.362266223e-11,6.440044536e-07,9.316863894e-11,2.030869223e-09,-6.478861982e-10,-1.238646034e-08
3821.0,3.593102692e-06,4.864596255e-11,7.597837327e-06,7.507805322e-11,4.158060123e-06,8.127701674e-11,3.096834901e-05,8.144297494e-11,1.684112982e-07,1.318268499e-11,6.043455576e-07,6.203612055e-11,1.921901311e-09,3.995671389e-10,-1.19868932e-08
3822.0,2.938947403e-06,4.552976839e-11,5.528024177e-06,4.434164416e-11,3.523780533e-06,7.996726273e-11,2.002529777e-05,8.177400471e-11,1.879802335e-07,1.211957895e-11,5.175987229e-07,8.056620123e-11,1.92547911e-09,-4.023328828e-10,-1.238922609e-08
3823.0,2.695972687e-06,4.257456932e-11,5.127983063e-06,3.217198031e-11,3.177021492e-06,8.025685396e-11,3.113451841e-05,9.860476612e-11,1.969096731e-07,1.422324751e-11,6.464815832e-07,9.381017176e-11,2.327060162e-09,4.903471245e-10,-1.189887896e-08
3824.0,3.639473398e-06,4.880374714e-11,7.593124663e-06,7.50799871e-11,4.162097215e-06,8.149087717e-11,3.10061577e-05,8.002636391e-11,1.717924598e-07,1.354323018e-11,6.063836005e-07,6.242847786e-11,1.888484128e-09,3.925672607e-10,-1.15063117e-08
3825.0,2.923432719e-06,4.601765631e-11,5.527538722e-06,4.430937515e-11,3.521268607e-06,7.98798918e-11,2.097376791e-05,8.410415012e-11,1.900445125e-07,1.236916491e-11,5.203688284e-07,8.104717043e-11,1.980337646e-09,-4.133414464e-10,-1.191965315e-08
3826.0,2.720410317e-06,4.254964247e-11,5.155171785e-06,3.217698655e-11,3.176974669e-06,8.030408831e-11,2.958373192e-05,9.653193124e-11,2.011433647e-07,1.476352478e-11,6.491085172e-07,9.441221006e-11,2.278143253e-09,4.801050469e-10,-1.14395481e-08
3827.0,3.600072706e-06,4.90333648e-11,7.596983542e-06,7.506021355e-11,4.163562356e-06,8.130482902e-11,3.239138647e-05,7.782005971e-11,1.746821048e-07,1.386014347e-11,6.079678652e-07,6.265499194e-11,1.836412471e-09,3.816927408e-10,-1.105785536e-08
3828.0,2.967669349e-06,4.625882245e-11,5.540159804e-06,4.434237595e-11,3.524678595e-06,8.006278322e-11,2.002527538e-05,7.006915825e-11,1.920919699e-07,1.276037013e-11,5.227892245e-07,8.161096781e-11,1.649872976e-09,-3.465507421e-10,-1.14044061e-08
3829.0,2.684158563e-06,4.218682544e-11,5.122616219e-06,3.217214299e-11,3.174682419e-06,8.028383842e-11,2.93660215e-05,8.745243524e-11,2.046777057e-07,1.514281933e-11,6.511659088e-07,9.488538022e-11,2.063872777e-09,-6.584570656e-10,-1.206286317e-08
3830.0,3.624715251e-06,4.915301919e-11,7.624437434e-06,7.504354236e-11,4.163259873e-06,8.118463009e-11,3.113445411e-05,7.802018738e-11,1.767309685e-07,1.401289636e-11,6.091052997e-07,6.275241539e-11,1.841137961e-09,3.827003565e-10,-1.168016281e-08
3831.0,2.925924878e-06,4.611189353e-11,5.554713386e-06,4.436148347e-11,3.526453663e-06,8.017544516e-11,2.084389966e-05,7.18840249e-11,1.937282871e-07,1.319644457e-11,5.244980657e-07,8.217575847e-11,1.69260879e-09,-3.553070926e-10,-1.20354699e-08
3832.0,2.711721414e-06,4.207215554e-11,5.137375993e-06,3.215856867e-11,3.177421212e-06,8.039259464e-11,2.839586743e-05,8.585778698e-11,2.070348184e-07,1.536017197e-11,6.526234495e-07,9.519882248e-11,2.026232229e-09,-6.464387998e-10,-1.26819087e-08
3833.0,3.603948557e-06,4.976083935e-11,7.600476839e-06,7.509875951e-11,4.158221836e-06,8.145898722e-11,3.260135238e-05,8.173810156e-11,1.777598997e-07,1.401660417e-11,6.093662761e-07,6.266586922e-11,1.928868813e-09,4.009710388e-10,-1.228093766e-08
3834.0,2.954317835e-06,4.609524864e-11,5.558773792e-06,4.443617895e-11,3.525308435e-06,8.047958954e-11,2.023217354e-05,8.427811233e-11,1.949308796e-07,1.363338002e-11,5.254245873e-07,8.269501621e-11,1.984443777e-09,-4.142151859e-10,-1.269515285e-08
3835.0,2.679204725e-06,4.217658688e-11,5.108052695e-06,3.210779161e-11,3.173836498e-06,8.052463614e-11,2.96112243e-05,9.743930735e-11,2.081584281e-07,1.535260398e-11,6.529297335e-07,9.526236114e-11,2.299560269e-09,4.845594631e-10,-1.221059339e-08
3836.0,3.621749779e-06,4.995095783e-11,7.604308618e-06,7.507823089e-11,4.157564114e-06,8.15178797e-11,3.002731055e-05,8.00582875e-11,1.77981478e-07,1.384881061e-11,6.087865764e-07,6.233848237e-11,1.889232874e-09,3.927178631e-10,-1.181787552e-08
3837.0,2.91426157e-06,4.642075814e-11,5.522895013e-06,4.440311631e-11,3.521055689e-06,7.97152567e-11,2.079631771e-05,8.403064037e-11,1.955931676e-07,1.401275982e-11,5.253445367e-07,8.306956207e-11,1.978617138e-09,-4.130059638e-10,-1.223088149e-08
3838.0,2.716568724e-06,4.22590571e-11,5.134462114e-06,3.212545252e-11,3.17689688e-06,8.079183278e-11,2.868078727e-05,9.752941521e-11,2.079777883e-07,1.514903313e-11,6.523383071e-07,9.503983613e-11,2.301682714e-09,4.85060643e-10,-1.174582085e-08
3839.0,3.595139565e-06,4.99160676e-11,7.59248009e-06,7.514511492e-11,4.154127083e-06,8.128923024e-11,3.194827204e-05,7.772305394e-11,1.770336623e-07,1.35429208e-11,6.074062278e-07,6.180918481e-11,1.834128723e-09,3.811533536e-10,-1.136466749e-08
3840.0,2.954201637e-06,4.641401039e-11,5.567509186e-06,4.440398164e-11,3.522197803e-06,7.952656292e-11,1.982335723e-05,7.076578798e-11,1.958853517e-07,1.430122265e-11,5.244779906e-07,8.323806855e-11,1.666276008e-09,-3.498805315e-10,-1.171454802e-08
3841.0,2.674274584e-06,4.218611859e-11,5.124162464e-06,3.211571464e-11,3.177175632e-06,8.15505887e-11,2.896609887e-05,8.752481152e-11,2.067136165e-07,1.474893192e-11,6.508183178e-07,9.452328284e-11,2.065572601e-09,-6.58992862e-10,-1.237354089e-08
3842.0,3.616424375e-06,4.98951275e-11,7.610486545e-06,7.512014543e-11,4.151959588e-06,8.1377191e-11,3.040937493e-05,7.813281403e-11,1.75337005e-07,1.316720317e-11,6.055063146e-07,6.113163205e-11,1.843802152e-09,3.832473611e-10,-1.199029352e-08
3843.0,2.917904148e-06,4.60605714e-11,5.541808077e-06,4.443771637e-11,3.517685056e-06,7.93134201e-11,2.127387551e-05,7.059352908e-11,1.955910518e-07,1.455769712e-11,5.228513414e-07,8.322364696e-11,1.662221073e-09,-3.49064553e-10,-1.233935808e-08
3844.0,2.707353143e-06,4.218685473e-11,5.128384393e-06,3.21085544e-11,3.180266268e-06,8.237849042e-11,2.791559309e-05,8.623653077e-11,2.046605142e-07,1.426116336e-11,6.488897717e-07,9.380955231e-11,2.035176333e-09,-6.492834846e-10,-1.298864156e-08
3845.0,3.594166118e-06,5.009634691e-11,7.600450429e-06,7.515354693e-11,4.152632017e-06,8.154638766e-11,3.192852165e-05,8.199827831e-11,1.730511436e-07,1.276820518e-11,6.032252354e-07,6.036457124e-11,1.935011771e-09,4.023185537e-10,-1.258632301e-08
3846.0,2.939639768e-06,4.577871516e-11,5.583789342e-06,4.441071945e-11,3.525329394e-06,7.878270733e-11,2.023575179e-05,8.148814977e-11,1.950503852e-07,1.47953726e-11,5.213440982e-07,8.310755517e-11,1.918750051e-09,-4.009399442e-10,-1.298726295e-08
3847.0,2.675650204e-06,4.242629841e-11,5.147911685e-06,3.209138978e-11,3.183152205e-06,8.246586648e-11,3.041933182e-05,9.876509729e-11,2.022844793e-07,1.36781726e-11,6.468056823e-07,9.303773259e-11,2.330850599e-09,4.910927184e-10,-1.249617023e-08
3848.0,3.638240315e-06,5.007872421e-11,7.624156365e-06,7.513540543e-11,4.155725288e-06,8.177044708e-11,3.063294282e-05,8.071614943e-11,1.70584726e-07,1.233750369e-11,6.01404326e-07,5.973109987e-11,1.904758383e-09,3.960527046e-10,-1.210011753e-08
3849.0,2.928671263e-06,4.59324047e-11,5.557710549e-06,4.442450461e-11,3.519848157e-06,7.794058102e-11,2.108021081e-05,8.525376033e-11,1.9456203e-07,1.502954129e-11,5.199444569e-07,8.299452468e-11,2.007412732e-09,-4.186798186e-10,-1.251879735e-08
3850.0,2.704598996e-06,4.280486828e-11,5.146871248e-06,3.209947999e-11,3.180029839e-06,8.297553705e-11,2.88484392e-05,9.843282266e-11,1.9969104e-07,1.304492758e-11,6.451525445e-07,9.237314934e-11,2.323004679e-09,4.895381233e-10,-1.202925922e-08
3851.0,3.596284516e-06,4.991406824e-11,7.62406583e-06,7.516255994e-11,4.15661269e-06,8.181831886e-11,3.244636185e-05,7.833519105e-11,1.683991941e-07,1.193539565e-11,6.001686976e-07,5.931204583e-11,1.848579484e-09,3.841826576e-10,-1.164507657e-08
3852.0,2.965464319e-06,4.598070368e-11,5.577697426e-06,4.435976227e-11,3.519202987e-06,7.741716454e-11,2.019068003e-05,7.027188179e-11,1.944101745e-07,1.526646012e-11,5.194765028e-07,8.306568198e-11,1.654640861e-09,-3.475270256e-10,-1.199260359e-08
3853.0,2.681075049e-06,4.271854122e-11,5.137592231e-06,3.204096143e-11,3.182476907e-06,8.352991124e-11,2.95817902e-05,8.933082664e-11,1.973408012e-07,1.239380573e-11,6.442109469e-07,9.202146572e-11,2.108203178e-09,-6.726254716e-10,-1.266522906e-08
3854.0,3.615597951e-06,4.984834174e-11,7.602892584e-06,7.519469797e-11,4.152377445e-06,8.188851616e-11,3.026288986e-05,7.86688075e-11,1.6730615e-07,1.163335875e-11,6.002159931e-07,5.921062142e-11,1.85644528e-09,3.859422587e-10,-1.227928681e-08
3855.0,2.912867873e-06,4.571540404e-11,5.553886386e-06,4.436088072e-11,3.515583243e-06,7.701362518e-11,2.081016194e-05,7.090584805e-11,1.950816606e-07,1.556124982e-11,5.201782743e-07,8.340511e-11,1.669575568e-09,-3.505360914e-10,-1.26298229e-08
3856.0,2.70036157e-06,4.294152364e-11,5.137757315e-06,3.199824523e-11,3.182606934e-06,8.374497131e-11,2.785659042e-05,8.749322762e-11,1.961163788e-07,1.1968532e-11,6.445864109e-07,9.20486086e-11,2.064830452e-09,-6.587522541e-10,-1.328857515e-08
3857.0,3.600838848e-06,4.988386345e-11,7.606012978e-06,7.51570939e-11,4.152887145e-06,8.199594686e-11,3.168697134e-05,8.290843454e-11,1.675895717e-07,1.157318304e-11,6.014698564e-07,5.948472381e-11,1.956497137e-09,4.068128823e-10,-1.288176227e-08
3858.0,2.957778255e-06,4.56393848e-11,5.578905735e-06,4.439623553e-11,3.518744455e-06,7.676626968e-11,2.066914095e-05,7.986011161e-11,1.970047426e-07,1.596483152e-11,5.22104632e-07,8.401917868e-11,1.880410135e-09,-3.932078298e-10,-1.32749701e-08
3859.0,2.689841857e-06,4.341817069e-11,5.123949045e-06,3.194412515e-11,3.18274508e-06,8.385467054e-11,3.05306645e-05,9.886685775e-11,1.963746904e-07,1.190916771e-11,6.461910684e-07,9.229378561e-11,2.333252141e-09,4.916832848e-10,-1.278328681e-08
3860.0,3.634292693e-06,4.982210466e-11,7.615620436e-06,7.518981727e-11,4.161164627e-06,8.204594404e-11,3.00120164e-05,8.148871667e-11,1.691203629e-07,1.173524828e-11,6.038021984e-07,6.000310593e-11,1.922986484e-09,3.998510857e-10,-1.238343573e-08
3861.0,2.921572937e-06,4.579315043e-11,5.545872279e-06,4.438093619e-11,3.513385104e-06,7.626198993e-11,2.058361377e-05,8.43352247e-11,1.998667092e-07,1.651938113e-11,5.243394484e-07,8.475581206e-11,1.985787844e-09,-4.142718018e-10,-1.279770753e-08
3862.0,2.709622237e-06,4.382278578e-11,5.120352181e-06,3.18016835e-11,3.179934287e-06,8.378376384e-11,2.812925042e-05,9.862506563e-11,1.9739955e-07,1.209708187e-11,6.485761412e-07,9.2661005e-11,2.327540746e-09,4.906000772e-10,-1.230710745e-08
3863.0,3.602729921e-06,4.984336805e-11,7.58345863e-06,7.528866296e-11,4.157073918e-06,8.198798054e-11,3.235521664e-05,7.892137527e-11,1.715547958e-07,1.205363707e-11,6.065338546e-07,6.060153921e-11,1.862408444e-09,3.871449786e-10,-1.191996247e-08
3864.0,2.9673122e-06,4.584405464e-11,5.545566707e-06,4.445623542e-11,3.517599115e-06,7.636715798e-11,1.98473148e-05,7.060901525e-11,2.030387742e-07,1.702606832e-11,5.26757978e-07,8.54434357e-11,1.662581778e-09,-3.490617953e-10,-1.226902427e-08
3865.0,2.676620352e-06,4.378390785e-11,5.116786429e-06,3.168543847e-11,3.180546532e-06,8.394157802e-11,2.989101067e-05,8.921973625e-11,1.986340665e-07,1.233498775e-11,6.507019193e-07,9.30948527e-11,2.105580633e-09,-6.717719332e-10,-1.29407962e-08
3866.0,3.629045315e-06,4.981847094e-11,7.644039304e-06,7.527520824e-11,4.161418475e-06,8.197061126e-11,3.071489559e-05,7.906483412e-11,1.740871607e-07,1.243619324e-11,6.090261471e-07,6.121149769e-11,1.86578802e-09,3.879501708e-10,-1.255284603e-08
3867.0,2.927299783e-06,4.565744539e-11,5.552444125e-06,4.444805917e-11,3.516602429e-06,7.648164627e-11,2.068715288e-05,7.101446458e-11,2.057434045e-07,1.736786469e-11,5.284524092e-07,8.593486716e-11,1.67213599e-09,-3.510156347e-10,-1.290386167e-08
3868.0,2.712317528e-06,4.387454334e-11,5.106815809e-06,3.165358848e-11,3.176272411e-06,8.387577332e-11,2.831452779e-05,8.836582332e-11,1.996358306e-07,1.264023691e-11,6.521273539e-07,9.354262552e-11,2.085418733e-09,-6.653219567e-10,-1.356918362e-08
3869.0,3.601123022e-06,4.973394041e-11,7.595705532e-06,7.532602879e-11,4.156635368e-06,8.186616627e-11,3.192597627e-05,8.301317807e-11,1.759849154e-07,1.282294757e-11,6.108739886e-07,6.173676566e-11,1.958964791e-09,4.073306534e-10,-1.316185297e-08
3870.0,2.958144819e-06,4.555963117e-11,5.55673049e-06,4.448980072e-11,3.519365608e-06,7.685379945e-11,2.051530606e-05,8.112227804e-11,2.07727083e-07,1.746575726e-11,5.293878334e-07,8.61204598e-11,1.910132067e-09,-3.991531969e-10,-1.356100617e-08
3871.0,2.7014476e-06,4.417185136e-11,5.125425308e-06,3.167168235e-11,3.180759949e-06,8.350586715e-11,3.075722217e-05,9.924234019e-11,2.003897869e-07,1.293528435e-11,6.527732718e-07,9.396310995e-11,2.342110553e-09,4.935746203e-10,-1.306743155e-08
3872.0,3.630896651e-06,4.951601215e-11,7.629644745e-06,7.536525263e-11,4.162890148e-06,8.178446789e-11,3.077181572e-05,8.182155463e-11,1.771744039e-07,1.314725801e-11,6.116921199e-07,6.218165824e-11,1.930840156e-09,4.014919709e-10,-1.266593958e-08
3873.0,2.93481975e-06,4.577717116e-11,5.551215692e-06,4.453392369e-11,3.521109572e-06,7.711520646e-11,2.153678029e-05,8.27298333e-11,2.083861507e-07,1.73251386e-11,5.290006002e-07,8.59652123e-11,1.94798611e-09,-4.067238694e-10,-1.307266344e-08
3874.0,2.718706154e-06,4.430141218e-11,5.103528029e-06,3.178161939e-11,3.1723928e-06,8.312389802e-11,2.845162395e-05,9.826081057e-11,2.007153721e-07,1.32358083e-11,6.526357535e-07,9.428216646e-11,2.318943899e-09,4.887628132e-10,-1.258390063e-08
3875.0,3.588632822e-06,4.943432651e-11,7.608469863e-06,7.534335233e-11,4.15626095e-06,8.164213806e-11,3.207262389e-05,7.875682593e-11,1.774473306e-07,1.337312521e-11,6.114704578e-07,6.241660058e-11,1.858524909e-09,3.862991141e-10,-1.219760152e-08
3876.0,2.963504618e-06,4.582606156e-11,5.565659423e-06,4.456825102e-11,3.521139364e-06,7.777533379e-11,1.960406047e-05,7.02680861e-11,2.079757649e-07,1.694882322e-11,5.278514159e-07,8.550803277e-11,1.654550425e-09,-3.47472112e-10,-1.254507363e-08
3877.0,2.677648332e-06,4.370487083e-11,5.105062683e-06,3.179930608e-11,3.173037744e-06,8.290468111e-11,2.928743077e-05,8.865061751e-11,2.006529721e-07,1.34729802e-11,6.516104893e-07,9.444022504e-11,2.092145714e-09,-6.674706501e-10,-1.321254428e-08
3878.0,3.615270768e-06,4.919874424e-11,7.609705832e-06,7.530747328e-11,4.160830561e-06,8.160614186e-11,3.122855716e-05,7.913851221e-11,1.770919328e-07,1.344010919e-11,6.106153188e-07,6.245748954e-11,1.867527435e-09,3.882491183e-10,-1.282429516e-08
3879.0,2.9147813e-06,4.556018362e-11,5.543277009e-06,4.461185376e-11,3.52128343e-06,7.842144553e-11,2.108683305e-05,7.159574213e-11,2.06502436e-07,1.640110511e-11,5.25895037e-07,8.479039945e-11,1.6858216e-09,-3.538054681e-10,-1.317810063e-08
3880.0,2.708054144e-06,4.343096858e-11,5.130883154e-06,3.185317092e-11,3.173251843e-06,8.255980996e-11,2.914742057e-05,8.755440155e-11,2.000308986e-07,1.370438592e-11,6.50074811e-07,9.446882734e-11,2.066272694e-09,-6.591942709e-10,-1.38372949e-08
3881.0,3.592956254e-06,4.893160604e-11,7.611437746e-06,7.532442581e-11,4.16059092e-06,8.171885625e-11,3.173871813e-05,8.222301479e-11,1.760217642e-07,1.3445898e-11,6.091373832e-07,6.240769639e-11,1.940314922e-09,4.034474912e-10,-1.343384741e-08
3882.0,2.935388942e-06,4.542605409e-11,5.537224467e-06,4.456907406e-11,3.522856115e-06,7.90517901e-11,1.982172554e-05,8.277795807e-11,2.040943258e-07,1.570793223e-11,5.234964155e-07,8.389005754e-11,1.949114266e-09,-4.070403904e-10,-1.38408878e-08
3883.0,2.672241816e-06,4.329131962e-11,5.09625977e-06,3.19014057e-11,3.166773401e-06,8.178606196e-11,2.97361767e-05,9.879737825e-11,1.992645137e-07,1.387501045e-11,6.481881673e-07,9.443061421e-11,2.331614604e-09,4.912445332e-10,-1.334964327e-08
3884.0,3.619700833e-06,4.866611721e-11,7.592779297e-06,7.527519089e-11,4.160205517e-06,8.14380659e-11,3.042116616e-05,8.045619524e-11,1.747767427e-07,1.341634354e-11,6.075869251e-07,6.242592388e-11,1.898617023e-09,3.947885123e-10,-1.295485475e-08
3885.0,2.914272948e-06,4.571266133e-11,5.549884762e-06,4.450478586e-11,3.523292422e-06,7.920331568e-11,2.067429123e-05,8.388755688e-11,2.00902201e-07,1.491454407e-11,5.207132937e-07,8.288867374e-11,1.9752459e-09,-4.122375118e-10,-1.336709227e-08
3886.0,2.69652819e-06,4.306988749e-11,5.141452237e-06,3.194239995e-11,3.169343704e-06,8.129442755e-11,2.800807816e-05,9.77919707e-11,1.983129871e-07,1.402918097e-11,6.466801211e-07,9.440777665e-11,2.307873251e-09,4.863961037e-10,-1.288069616e-08
3887.0,3.576491172e-06,4.842920085e-11,7.580811443e-06,7.52091395e-11,4.15734783e-06,8.137352129e-11,3.194949681e-05,7.828460743e-11,1.731617527e-07,1.342395339e-11,6.062472501e-07,6.258211952e-11,1.84737589e-09,3.840151137e-10,-1.249668105e-08
3888.0,2.955058003e-06,4.573751864e-11,5.540916055e-06,4.446871621e-11,3.524417949e-06,7.974545488e-11,2.017977794e-05,6.932677368e-11,1.974518239e-07,1.405875006e-11,5.185529715e-07,8.201366738e-11,1.632386203e-09,-3.429230924e-10,-1.283960414e-08
3889.0,2.686618258e-06,4.260877243e-11,5.130970709e-06,3.201410129e-11,3.17474812e-06,8.105448559e-11,3.123233848e-05,8.866130581e-11,1.976561354e-07,1.418083529e-11,6.457133987e-07,9.455577047e-11,2.092402163e-09,-6.675699547e-10,-1.35071741e-08
3890.0,3.615069294e-06,4.82204661e-11,7.583711499e-06,7.516180849e-11,4.164014069e-06,8.15312504e-11,3.080860913e-05,7.836403867e-11,1.720732776e-07,1.345050487e-11,6.055154026e-07,6.277937057e-11,1.849246288e-09,3.844381521e-10,-1.312273594e-08
3891.0,2.902403844e-06,4.547686905e-11,5.514080143e-06,4.437828825e-11,3.526131296e-06,8.038874473e-11,2.090351542e-05,7.200423381e-11,1.942487016e-07,1.328690756e-11,5.170966069e-07,8.141572997e-11,1.695440593e-09,-3.558086395e-10,-1.347854458e-08
3892.0,2.70563258e-06,4.226863325e-11,5.150779158e-06,3.202321891e-11,3.175199434e-06,8.071072419e-11,2.954072245e-05,8.616720111e-11,1.974849855e-07,1.441956765e-11,6.455184023e-07,9.485493448e-11,2.033528478e-09,-6.487816186e-10,-1.41273262e-08
3893.0,3.599484093e-06,4.841598926e-11,7.600911173e-06,7.515426707e-11,4.164889798e-06,8.169923343e-11,3.255375117e-05,8.190359014e-11,1.71417971e-07,1.352994287e-11,6.052671381e-07,6.304564009e-11,1.932777431e-09,4.018395838e-10,-1.372548662e-08
3894.0,2.938967531e-06,4.56132464e-11,5.511911591e-06,4.429168556e-11,3.527813007e-06,8.089816327e-11,2.018042638e-05,8.340773344e-11,1.920120366e-07,1.277039155e-11,5.169883844e-07,8.113916506e-11,1.963951292e-09,-4.10040128e-10,-1.413552675e-08
3895.0,2.671738025e-06,4.230274526e-11,5.126314948e-06,3.1958136e-11,3.169643919e-06,7.999625227e-11,2.959242851e-05,9.766082968e-11,1.98070995e-07,1.470749583e-11,6.460197565e-07,9.534634708e-11,2.304787847e-09,4.856962911e-10,-1.364983045e-08
3896.0,3.619573662e-06,4.849247498e-11,7.591049301e-06,7.51069147e-11,4.160672652e-06,8.142779517e-11,3.034978247e-05,8.039013531e-11,1.713019652e-07,1.367872623e-11,6.057104694e-07,6.331449602e-11,1.897058874e-09,3.943959134e-10,-1.325543454e-08
3897.0,2.915730104e-06,4.597354434e-11,5.506719683e-06,4.423381519e-11,3.525071459e-06,8.090298354e-11,2.081575199e-05,8.516734361e-11,1.907699184e-07,1.255086909e-11,5.177753421e-07,8.114851017e-11,2.005382482e-09,-4.183319031e-10,-1.367376644e-08
3898.0,2.718945435e-06,4.231122253e-11,5.137310981e-06,3.200832431e-11,3.174890181e-06,7.966841391e-11,2.976087194e-05,9.730817663e-11,1.995656303e-07,1.507181183e-11,6.473467122e-07,9.583838611e-11,2.296460083e-09,4.839636851e-10,-1.318980276e-08
3899.0,3.5903753e-06,4.846674783e-11,7.587758357e-06,7.515429228e-11,4.161212486e-06,8.148152322e-11,3.168299169e-05,7.76819151e-11,1.719340201e-07,1.386874967e-11,6.064512822e-07,6.352302141e-11,1.833158773e-09,3.809478122e-10,-1.280885495e-08
3900.0,2.949895996e-06,4.628476627e-11,5.512195021e-06,4.42091637e-11,3.525092663e-06,8.106971503e-11,1.969169768e-05,7.043649954e-11,1.905031776e-07,1.259549249e-11,5.190849385e-07,8.138015477e-11,1.658519417e-09,-3.483345407e-10,-1.315718949e-08
3901.0,2.668556734e-06,4.194411969e-11,5.115690469e-06,3.1978614e-11,3.170208984e-06,7.966843128e-11,2.926143206e-05,8.729345682e-11,2.014661139e-07,1.545904681e-11,6.487199571e-07,9.626260299e-11,2.060117229e-09,-6.572490867e-10,-1.381443857e-08
3902.0,3.605731775e-06,4.873922691e-11,7.576209652e-06,7.512891801e-11,4.155742844e-06,8.149045871e-11,3.045170881e-05,7.791356087e-11,1.727230954e-07,1.401982752e-11,6.073944302e-07,6.360342106e-11,1.838615862e-09,3.821883832e-10,-1.343225019e-08
3903.0,2.915558444e-06,4.616159813e-11,5.488354632e-06,4.418755876e-11,3.521743296e-06,8.140237708e-11,2.103335793e-05,7.078062976e-11,1.904856097e-07,1.284083379e-11,5.203916793e-07,8.173223359e-11,1.666632647e-09,-3.499659835e-10,-1.378221617e-08
3904.0,2.701516587e-06,4.183430121e-11,5.104358853e-06,3.201498995e-11,3.174957934e-06,7.968142675e-11,2.828602616e-05,8.590418934e-11,2.030777954e-07,1.575284642e-11,6.500258545e-07,9.649750732e-11,2.027325222e-09,-6.467745829e-10,-1.442899076e-08
3905.0,3.588399839e-06,4.915737586e-11,7.59435993e-06,7.517949477e-11,4.160157414e-06,8.171111057e-11,3.184391502e-05,8.13265832e-11,1.732953396e-07,1.409003786e-11,6.07962433e-07,6.34964241e-11,1.919161152e-09,3.989320646e-10,-1.403005869e-08
3906.0,2.946544739e-06,4.624539162e-11,5.541535042e-06,4.419933866e-11,3.528048546e-06,8.133603806e-11,1.988406741e-05,8.310630376e-11,1.907552404e-07,1.316721197e-11,5.215538025e-07,8.214157428e-11,1.956844995e-09,-4.0869776e-10,-1.443875645e-08
3907.0,2.677879354e-06,4.204464408e-11,5.113540204e-06,3.201795429e-11,3.170633084e-06,7.965585731e-11,3.00711332e-05,9.765974861e-11,2.040325706e-07,1.584512067e-11,6.505845745e-07,9.653420628e-11,2.304764086e-09,4.856521025e-10,-1.395310435e-08
3908.0,3.621149349e-06,4.94198681e-11,7.591560873e-06,7.520179212e-11,4.154968059e-06,8.182865419e-11,3.051986629e-05,8.032447974e-11,1.736527997e-07,1.401078874e-11,6.078866208e-07,6.323100083e-11,1.895514159e-09,3.940422285e-10,-1.355906212e-08
3909.0,2.928859601e-06,4.642852618e-11,5.505292021e-06,4.420100045e-11,3.522826931e-06,8.083650189e-11,2.089068056e-05,8.592757348e-11,1.910087672e-07,1.354221096e-11,5.220334115e-07,8.25692053e-11,2.023280338e-09,-4.219574395e-10,-1.398101956e-08
3910.0,2.70268554e-06,4.224860233e-11,5.093473309e-06,3.206626405e-11,3.172087516e-06,7.975294505e-11,2.876932983e-05,9.762041377e-11,2.041647633e-07,1.575514264e-11,6.50483161e-07,9.631706195e-11,2.303832324e-09,4.854463953e-10,-1.349557317e-08
3911.0,3.578469199e-06,4.942682226e-11,7.574019177e-06,7.5205999e-11,4.152502473e-06,8.170981809e-11,3.170110652e-05,7.784840122e-11,1.73250857e-07,1.380636834e-11,6.071658075e-07,6.274166847e-11,1.837085159e-09,3.81808936e-10,-1.311376423e-08
3912.0,2.958956451e-06,4.64337234e-11,5.52901516e-06,4.42083761e-11,3.526412232e-06,8.060133072e-11,2.013502673e-05,7.062264709e-11,1.913638012e-07,1.391167638e-11,5.222242197e-07,8.296684318e-11,1.662903437e-09,-3.492203377e-10,-1.346298457e-08
3913.0,2.684952073e-06,4.206598007e-11,5.120738476e-06,3.208410238e-11,3.180630237e-06,8.044768086e-11,3.021800036e-05,8.879166351e-11,2.035754588e-07,1.545900748e-11,6.496948421e-07,9.585592171e-11,2.095471792e-09,-6.685563358e-10,-1.41315409e-08
3914.0,3.616404771e-06,4.952677879e-11,7.596556496e-06,7.524817505e-11,4.155017835e-06,8.20939624e-11,3.119395618e-05,7.807881277e-11,1.722133012e-07,1.348886491e-11,6.05832035e-07,6.206609384e-11,1.84252318e-09,3.829612197e-10,-1.374857968e-08
3915.0,2.916564868e-06,4.614954952e-11,5.531153673e-06,4.422022257e-11,3.522888226e-06,8.026447228e-11,2.149664309e-05,7.199867192e-11,1.915416057e-07,1.426695816e-11,5.216937034e-07,8.321438688e-11,1.695308392e-09,-3.558649946e-10,-1.410444468e-08
3916.0,2.704270609e-06,4.218945195e-11,5.133408738e-06,3.210810031e-11,3.179812332e-06,8.092990693e-11,2.839063789e-05,8.697724188e-11,2.020562448e-07,1.503699851e-11,6.482675911e-07,9.516979466e-11,2.052652787e-09,-6.548879067e-10,-1.475933258e-08
3917.0,3.589620463e-06,4.975924349e-11,7.600238715e-06,7.517698734e-11,4.15497624e-06,8.196567578e-11,3.191614502e-05,8.177763096e-11,1.704132667e-07,1.310734901e-11,6.039297517e-07,6.128943754e-11,1.92981003e-09,4.011790209e-10,-1.435815356e-08
3918.0,2.941373634e-06,4.584992505e-11,5.534480351e-06,4.43190502e-11,3.522704264e-06,7.981492014e-11,2.050596197e-05,8.175428276e-11,1.911968017e-07,1.455524206e-11,5.208171409e-07,8.330521492e-11,1.925012467e-09,-4.022733138e-10,-1.476042688e-08
3919.0,2.680632188e-06,4.255557536e-11,5.102511968e-06,3.218983315e-11,3.176237828e-06,8.146556449e-11,2.969615625e-05,9.794255452e-11,1.997446006e-07,1.447109958e-11,6.461692987e-07,9.434205337e-11,2.311441025e-09,4.870526084e-10,-1.427337427e-08
3920.0,3.616298614e-06,4.978980644e-11,7.581241733e-06,7.514783133e-11,4.151606694e-06,8.194640174e-11,2.974562964e-05,8.048073906e-11,1.680758441e-07,1.263937582e-11,6.019520558e-07,6.051338555e-11,1.899201449e-09,3.948752006e-10,-1.387849907e-08
3921.0,2.909464772e-06,4.594545923e-11,5.519921328e-06,4.432758144e-11,3.518402791e-06,7.875311942e-11,2.056586805e-05,8.365742281e-11,1.90396596e-07,1.476950441e-11,5.193730763e-07,8.327668852e-11,1.969825933e-09,-4.112113376e-10,-1.428971041e-08
3922.0,2.69569785e-06,4.281582386e-11,5.105460233e-06,3.218969591e-11,3.177638952e-06,8.184928891e-11,2.873169347e-05,9.850518063e-11,1.967999556e-07,1.381604631e-11,6.441890619e-07,9.348664064e-11,2.324714477e-09,4.89805914e-10,-1.379990449e-08
3923.0,3.582176972e-06,4.965850913e-11,7.591507316e-06,7.511440751e-11,4.150046386e-06,8.196869008e-11,3.19125559e-05,7.847329689e-11,1.653868884e-07,1.213846573e-11,6.000645934e-07,5.988925682e-11,1.851833525e-09,3.849652562e-10,-1.341493924e-08
3924.0,2.95456595e-06,4.584537102e-11,5.53135303e-06,4.442780569e-11,3.519399149e-06,7.819922749e-11,2.035006185e-05,7.029454225e-11,1.89570564e-07,1.489043731e-11,5.18253155e-07,8.324711907e-11,1.655180932e-09,-3.475595346e-10,-1.376249877e-08
3925.0,2.67968608e-06,4.2738222e-11,5.122596808e-06,3.212450311e-11,3.181751788e-06,8.246882773e-11,2.971954467e-05,8.831280017e-11,1.936675559e-07,1.306795584e-11,6.422544882e-07,9.274799855e-11,2.084170637e-09,-6.649174863e-10,-1.442741626e-08
3926.0,3.615444124e-06,4.963397974e-11,7.614338257e-06,7.510493514e-11,4.15424089e-06,8.214028764e-11,3.091388748e-05,7.866790366e-11,1.628747479e-07,1.16657164e-11,5.987139686e-07,5.942852742e-11,1.856424247e-09,3.858824078e-10,-1.404153385e-08
3927.0,2.911649091e-06,4.564513073e-11,5.537513283e-06,4.445450024e-11,3.515794272e-06,7.776052085e-11,2.131758279e-05,7.098985173e-11,1.887547895e-07,1.50363859e-11,5.173572074e-07,8.330274274e-11,1.671555558e-09,-3.509498389e-10,-1.439248369e-08
3928.0,2.701479595e-06,4.289616729e-11,5.121916005e-06,3.20751491e-11,3.182442879e-06,8.285157845e-11,2.825553344e-05,8.795556527e-11,1.90656721e-07,1.238091642e-11,6.409506589e-07,9.224482101e-11,2.075735638e-09,-6.622335945e-10,-1.505471728e-08
3929.0,3.584343479e-06,4.959896225e-11,7.581774124e-06,7.505845959e-11,4.152154588e-06,8.210726931e-11,3.081588219e-05,8.261614714e-11,1.607956801e-07,1.135524695e-11,5.979131644e-07,5.926028371e-11,1.949597026e-09,4.053674088e-10,-1.464934987e-08
3930.0,2.933337245e-06,4.550615252e-11,5.531396231e-06,4.449096782e-11,3.514991335e-06,7.73596422e-11,1.95323299e-05,8.22244875e-11,1.883635887e-07,1.529366199e-11,5.174659571e-07,8.354366424e-11,1.936084144e-09,-4.044391618e-10,-1.505378904e-08
3931.0,2.675418001e-06,4.347074422e-11,5.094076926e-06,3.199873272e-11,3.175312799e-06,8.291481901e-11,2.990245578e-05,9.865685706e-11,1.88579848e-07,1.187087311e-11,6.406260154e-07,9.205413734e-11,2.328300624e-09,4.905411299e-10,-1.456324791e-08
3932.0,3.625453358e-06,4.95708921e-11,7.609902787e-06,7.507747659e-11,4.157142523e-06,8.213787393e-11,2.976955265e-05,8.087187219e-11,1.598634826e-07,1.122880354e-11,5.984948254e-07,5.943789994e-11,1.908428473e-09,3.968419573e-10,-1.416640595e-08
3933.0,2.929787381e-06,4.575137756e-11,5.563031496e-06,4.452968992e-11,3.516253756e-06,7.686503745e-11,2.130255188e-05,8.091231634e-11,1.889777592e-07,1.566527711e-11,5.18318963e-07,8.399187924e-11,1.905183218e-09,-3.982067128e-10,-1.456461266e-08
3934.0,2.709319096e-06,4.378944396e-11,5.111357548e-06,3.190472943e-11,3.177272276e-06,8.308193145e-11,2.835718539e-05,9.896429044e-11,1.875770786e-07,1.167559386e-11,6.413490067e-07,9.206859739e-11,2.335551401e-09,4.921337967e-10,-1.407247886e-08
3935.0,3.591759318e-06,4.961697975e-11,7.587708959e-06,7.51326428e-11,4.150669701e-06,8.203224868e-11,3.222549947e-05,7.899300738e-11,1.602017594e-07,1.135458203e-11,5.998618222e-07,5.978543184e-11,1.864094626e-09,3.875660454e-10,-1.368491282e-08
3936.0,2.959923058e-06,4.559072147e-11,5.538380972e-06,4.454394093e-11,3.513790913e-06,7.684300379e-11,1.985293723e-05,7.05673192e-11,1.90317389e-07,1.608155183e-11,5.197046399e-07,8.45254007e-11,1.661604449e-09,-3.48870662e-10,-1.403378348e-08
3937.0,2.675893877e-06,4.377904939e-11,5.066490188e-06,3.177654871e-11,3.174109526e-06,8.324355889e-11,2.950291971e-05,8.976882459e-11,1.87133432e-07,1.165354315e-11,6.425115813e-07,9.219353866e-11,2.118531649e-09,-6.759101187e-10,-1.47096936e-08
3938.0,3.617335711e-06,4.966659959e-11,7.610123844e-06,7.518107249e-11,4.158014625e-06,8.212028717e-11,3.099541221e-05,7.900061383e-11,1.612790328e-07,1.159052195e-11,6.015213555e-07,6.019136985e-11,1.864273527e-09,3.875557575e-10,-1.432213784e-08
3939.0,2.912603961e-06,4.540243847e-11,5.530576782e-06,4.455405783e-11,3.518869137e-06,7.6848462e-11,2.081650715e-05,7.023144416e-11,1.918109311e-07,1.643762423e-11,5.210024835e-07,8.492284769e-11,1.653698655e-09,-3.472448344e-10,-1.466938268e-08
3940.0,2.710311437e-06,4.386469562e-11,5.07861534e-06,3.170063089e-11,3.176670915e-06,8.315825663e-11,2.858204319e-05,8.731713918e-11,1.869960253e-07,1.174167419e-11,6.433920633e-07,9.234667962e-11,2.060674222e-09,-6.574127276e-10,-1.53267954e-08
3941.0,3.58829004e-06,4.953935632e-11,7.581375137e-06,7.515873327e-11,4.154140776e-06,8.193367907e-11,3.128181529e-05,8.284643294e-11,1.621778521e-07,1.184446226e-11,6.028339392e-07,6.053108286e-11,1.955028626e-09,4.065348056e-10,-1.49202606e-08
3942.0,2.932540315e-06,4.535109459e-11,5.560274282e-06,4.462539376e-11,3.51878379e-06,7.731872429e-11,1.963682381e-05,8.214576697e-11,1.930861982e-07,1.660996596e-11,5.218243253e-07,8.514111629e-11,1.934230701e-09,-4.040009401e-10,-1.532426154e-08
3943.0,2.669144246e-06,4.400884708e-11,5.080945388e-06,3.17137532e-11,3.169667341e-06,8.292445197e-11,2.90972461e-05,9.940865392e-11,1.866670737e-07,1.183451145e-11,6.438106859e-07,9.247972081e-11,2.346035407e-09,4.943196048e-10,-1.482994193e-08
3944.0,3.616814763e-06,4.945459984e-11,7.588481309e-06,7.521040651e-11,4.151750831e-06,8.180314265e-11,3.032423251e-05,8.138407096e-11,1.627847354e-07,1.204668577e-11,6.036061844e-07,6.080728238e-11,1.920521348e-09,3.993766422e-10,-1.443056529e-08
3945.0,2.925907704e-06,4.556354408e-11,5.521414863e-06,4.464761537e-11,3.517233661e-06,7.714546642e-11,2.107403467e-05,8.364962737e-11,1.936415586e-07,1.656030954e-11,5.218089823e-07,8.507436171e-11,1.969638266e-09,-4.110614891e-10,-1.484162678e-08
3946.0,2.722821519e-06,4.408073308e-11,5.103932064e-06,3.175767698e-11,3.179520789e-06,8.26062885e-11,3.024008341e-05,9.969690562e-11,1.861695413e-07,1.196635541e-11,6.437820682e-07,9.255394668e-11,2.352837418e-09,4.957669808e-10,-1.43458598e-08
3947.0,3.591962945e-06,4.93847056e-11,7.587190008e-06,7.520723277e-11,4.159303439e-06,8.155857048e-11,3.208085313e-05,7.880356481e-11,1.626350758e-07,1.218387375e-11,6.03602461e-07,6.093318162e-11,1.859623006e-09,3.866183565e-10,-1.395924144e-08
3948.0,2.948763743e-06,4.553545299e-11,5.543583016e-06,4.459772006e-11,3.521838672e-06,7.763229655e-11,1.920860327e-05,7.087481932e-11,1.934956287e-07,1.627484886e-11,5.209835197e-07,8.472390085e-11,1.668841723e-09,-3.50352579e-10,-1.430959402e-08
3949.0,2.676781462e-06,4.376904751e-11,5.110078906e-06,3.18580023e-11,3.172415514e-06,8.266652784e-11,3.10583636e-05,8.910748249e-11,1.855275558e-07,1.20962558e-11,6.430017308e-07,9.254288662e-11,2.102922318e-09,-6.709599332e-10,-1.498055396e-08
3950.0,3.621132367e-06,4.923997293e-11,7.614957919e-06,7.522379814e-11,4.161175637e-06,8.168646106e-11,3.105675741e-05,7.88246299e-11,1.620776206e-07,1.224770955e-11,6.028889139e-07,6.09636071e-11,1.860120908e-09,3.867644605e-10,-1.45937895e-08
3951.0,2.905627581e-06,4.538227946e-11,5.491499694e-06,4.456940864e-11,3.520524117e-06,7.822924751e-11,2.089615059e-05,7.084731349e-11,1.925026592e-07,1.579080518e-11,5.193262054e-07,8.405674374e-11,1.668197366e-09,-3.502112469e-10,-1.494400074e-08
3952.0,2.700048758e-06,4.336444345e-11,5.128964146e-06,3.188159754e-11,3.174668891e-06,8.227694117e-11,2.822951858e-05,8.720829959e-11,1.849260195e-07,1.226367065e-11,6.417437819e-07,9.24885865e-11,2.058106147e-09,-6.566027189e-10,-1.560060346e-08
3953.0,3.586681059e-06,4.890476022e-11,7.61998116e-06,7.519991871e-11,4.160671574e-06,8.126732602e-11,3.175761198e-05,8.263832842e-11,1.612048514e-07,1.229327655e-11,6.015203407e-07,6.091536812e-11,1.950115113e-09,4.055395224e-10,-1.519506394e-08
3954.0,2.934783204e-06,4.527669861e-11,5.538683634e-06,4.453776819e-11,3.523221484e-06,7.878325649e-11,2.006791866e-05,8.201301911e-11,1.907680026e-07,1.515846094e-11,5.175176677e-07,8.322108732e-11,1.931110337e-09,-4.033837727e-10,-1.559844771e-08
3955.0,2.687377476e-06,4.34203573e-11,5.134255776e-06,3.203602743e-11,3.172156174e-06,8.198109002e-11,3.09972988e-05,9.783532068e-11,1.843190054e-07,1.242889966e-11,6.403481729e-07,9.244155905e-11,2.30889888e-09,4.86654941e-10,-1.511179277e-08
3956.0,3.618708384e-06,4.872729727e-11,7.609866092e-06,7.516424733e-11,4.157628975e-06,8.151991963e-11,3.021949481e-05,8.061690202e-11,1.605608432e-07,1.232043216e-11,6.003710863e-07,6.087181234e-11,1.902416711e-09,3.955246433e-10,-1.471626813e-08
3957.0,2.907291449e-06,4.567499449e-11,5.514666788e-06,4.454382099e-11,3.519536683e-06,7.887894107e-11,2.130071353e-05,8.370832602e-11,1.88476677e-07,1.443000694e-11,5.154155036e-07,8.230525698e-11,1.971024284e-09,-4.113505417e-10,-1.512761867e-08
3958.0,2.704357199e-06,4.308697338e-11,5.142325362e-06,3.205584528e-11,3.173847627e-06,8.149744213e-11,2.841624658e-05,9.771089069e-11,1.840165867e-07,1.261148929e-11,6.393382998e-07,9.241153275e-11,2.305964412e-09,4.860592512e-10,-1.464155942e-08
3959.0,3.571972018e-06,4.851215554e-11,7.584806538e-06,7.508772345e-11,4.156705195e-06,8.117881532e-11,3.139046776e-05,7.841281274e-11,1.601627931e-07,1.237771536e-11,5.993746822e-07,6.094984403e-11,1.850405043e-09,3.846236173e-10,-1.42569358e-08
3960.0,2.942342355e-06,4.570937128e-11,5.52747864e-06,4.45407011e-11,3.523294596e-06,7.91711612e-11,1.961859468e-05,7.097083139e-11,1.860534777e-07,1.365396744e-11,5.135680002e-07,8.147106092e-11,1.671100274e-09,-3.508358308e-10,-1.460777163e-08
3961.0,2.664052921e-06,4.251293347e-11,5.108463077e-06,3.211376991e-11,3.170709326e-06,8.13869833e-11,2.9565415e-05,8.795471758e-11,1.839488834e-07,1.2778094e-11,6.387588001e-07,9.257257675e-11,2.075719327e-09,-6.622129836e-10,-1.526998462e-08
3962.0,3.602131002e-06,4.849828273e-11,7.614966565e-06,7.504197525e-11,4.157700623e-06,8.143182384e-11,3.032610666e-05,7.827570178e-11,1.601918541e-07,1.248448785e-11,5.991565112e-07,6.111799791e-11,1.847167178e-09,3.839728829e-10,-1.488601173e-08
3963.0,2.904644674e-06,4.556683399e-11,5.521619947e-06,4.446571864e-11,3.519308473e-06,7.950325716e-11,2.133895812e-05,6.999939457e-11,1.837862465e-07,1.291880724e-11,5.124281047e-07,8.078806248e-11,1.648229611e-09,-3.461484154e-10,-1.523216015e-08
3964.0,2.712720529e-06,4.219610009e-11,5.145725688e-06,3.218060398e-11,3.180101963e-06,8.145458125e-11,2.93775806e-05,8.707058993e-11,1.84428502e-07,1.303703061e-11,6.391124855e-07,9.2876755e-11,2.054856394e-09,-6.555310018e-10,-1.588769115e-08
3965.0,3.59268945e-06,4.860955254e-11,7.587096362e-06,7.505981947e-11,4.162018304e-06,8.150539907e-11,3.248360706e-05,8.204738379e-11,1.603087101e-07,1.262403114e-11,5.992443899e-07,6.136984962e-11,1.936169306e-09,4.025393368e-10,-1.548515181e-08
3966.0,2.943812013e-06,4.547944133e-11,5.546383657e-06,4.448781289e-11,3.529820877e-06,7.99335252e-11,2.051882549e-05,8.290553395e-11,1.820463255e-07,1.233931515e-11,5.1237016e-07,8.033283603e-11,1.952125738e-09,-4.07649389e-10,-1.58928012e-08
3967.0,2.672947371e-06,4.210371784e-11,5.123094416e-06,3.216089641e-11,3.173745519e-06,8.061641679e-11,3.023640047e-05,9.708820857e-11,1.85555715e-07,1.339286202e-11,6.398349293e-07,9.334121917e-11,2.291267542e-09,4.828894057e-10,-1.54099118e-08
3968.0,3.618111853e-06,4.884571597e-11,7.615645275e-06,7.498857672e-11,4.159052169e-06,8.171555828e-11,3.027188979e-05,7.998243235e-11,1.607438639e-07,1.276865418e-11,5.996039e-07,6.157828001e-11,1.887444042e-09,3.923783261e-10,-1.501753347e-08
3969.0,2.923669316e-06,4.61594569e-11,5.535940607e-06,4.451655905e-11,3.522622421e-06,7.999066214e-11,2.165348304e-05,8.235043196e-11,1.808951386e-07,1.201553963e-11,5.128400846e-07,8.006289731e-11,1.939046203e-09,-4.050751537e-10,-1.542260862e-08
3970.0,2.701906922e-06,4.191383705e-11,5.122876819e-06,3.2183072e-11,3.170815072e-06,8.043715953e-11,2.849540598e-05,9.695049921e-11,1.872411796e-07,1.380732768e-11,6.411847564e-07,9.377882731e-11,2.288021862e-09,4.82238167e-10,-1.494037046e-08
3971.0,3.576352384e-06,4.889245754e-11,7.558622954e-06,7.49576525e-11,4.153505832e-06,8.161149822e-11,3.201690011e-05,7.790852448e-11,1.613590312e-07,1.296212519e-11,6.00246901e-07,6.175904624e-11,1.838507276e-09,3.820792103e-10,-1.455829125e-08
3972.0,2.959212648e-06,4.624852693e-11,5.553739444e-06,4.446870611e-11,3.527954351e-06,8.015121978e-11,2.004186151e-05,7.144992946e-11,1.802531112e-07,1.190616866e-11,5.137613831e-07,7.995972759e-11,1.682382949e-09,-3.531842427e-10,-1.491147549e-08
3973.0,2.671642658e-06,4.153653647e-11,5.145757869e-06,3.218482374e-11,3.175229365e-06,8.021803399e-11,2.906483669e-05,8.750373963e-11,1.890825199e-07,1.415723625e-11,6.425048807e-07,9.414113926e-11,2.065074299e-09,-6.58828098e-10,-1.557030359e-08
3974.0,3.612074825e-06,4.909249946e-11,7.598197144e-06,7.498175065e-11,4.156822767e-06,8.209779169e-11,3.073168263e-05,7.797351861e-11,1.619047879e-07,1.309410446e-11,6.009660005e-07,6.180846137e-11,1.840038886e-09,3.82423482e-10,-1.518788011e-08
3975.0,2.928447821e-06,4.627146701e-11,5.533417409e-06,4.452218449e-11,3.523136886e-06,8.059988592e-11,2.217940248e-05,7.308059162e-11,1.79711561e-07,1.193921401e-11,5.145163925e-07,7.995363757e-11,1.720780517e-09,-3.610237232e-10,-1.554890383e-08
3976.0,2.706105453e-06,4.148542428e-11,5.133653616e-06,3.222118477e-11,3.17322118e-06,8.011462672e-11,2.804118071e-05,8.593774122e-11,1.906919845e-07,1.442312614e-11,6.437582024e-07,9.434379973e-11,2.028125552e-09,-6.470223787e-10,-1.619592621e-08
3977.0,3.590887587e-06,4.956490424e-11,7.585639435e-06,7.499129198e-11,4.153650905e-06,8.225771305e-11,3.176923489e-05,8.135829287e-11,1.622238271e-07,1.315049004e-11,6.01347965e-07,6.173087057e-11,1.919910349e-09,3.99140565e-10,-1.579678564e-08
3978.0,2.940062617e-06,4.619605607e-11,5.549931781e-06,4.451326147e-11,3.527810078e-06,8.03844171e-11,2.004575077e-05,8.214019475e-11,1.794065019e-07,1.208151139e-11,5.151442941e-07,8.003293984e-11,1.934102689e-09,-4.040975907e-10,-1.620088323e-08
3979.0,2.662541594e-06,4.157171111e-11,5.112195774e-06,3.222127629e-11,3.173464285e-06,7.977018786e-11,2.928148174e-05,9.797592656e-11,1.918547108e-07,1.452174239e-11,6.443590607e-07,9.436762146e-11,2.312227589e-09,4.872000718e-10,-1.571368316e-08
3980.0,3.626768006e-06,4.98235646e-11,7.60279185e-06,7.502428106e-11,4.156795704e-06,8.244426629e-11,3.041707355e-05,7.996236007e-11,1.622004956e-07,1.308636608e-11,6.011833814e-07,6.154646276e-11,1.886965205e-09,3.92304886e-10,-1.532137827e-08
3981.0,2.927401435e-06,4.655874452e-11,5.526213903e-06,4.451053559e-11,3.519982916e-06,7.983555672e-11,2.157357182e-05,8.379417459e-11,1.79182916e-07,1.231774407e-11,5.152855099e-07,8.019339077e-11,1.973046262e-09,-4.118126699e-10,-1.573319094e-08
3982.0,2.707100793e-06,4.164938229e-11,5.159786273e-06,3.22796539e-11,3.177577712e-06,8.003268341e-11,2.904173664e-05,9.701332192e-11,1.923377979e-07,1.446279439e-11,6.445875965e-07,9.421707305e-11,2.289510534e-09,4.825479706e-10,-1.525064297e-08
3983.0,3.595284835e-06,4.99023199e-11,7.614680896e-06,7.503787494e-11,4.154886496e-06,8.237175739e-11,3.176377562e-05,7.780502287e-11,1.616432699e-07,1.292441167e-11,6.005116901e-07,6.117691125e-11,1.836059487e-09,3.81652511e-10,-1.486899046e-08
3984.0,2.957624321e-06,4.671848337e-11,5.546334319e-06,4.449611132e-11,3.519631899e-06,7.947003704e-11,1.962880168e-05,7.079886011e-11,1.791669622e-07,1.257567186e-11,5.15156746e-07,8.040663877e-11,1.667061556e-09,-3.500290551e-10,-1.521901952e-08
3985.0,2.67016865e-06,4.158053368e-11,5.109911897e-06,3.233369401e-11,3.174152341e-06,8.059215847e-11,2.979354016e-05,8.79495372e-11,1.919733022e-07,1.420362101e-11,6.441389e-07,9.390171274e-11,2.075596256e-09,-6.622027119e-10,-1.588122223e-08
3986.0,3.628484773e-06,4.992012488e-11,7.625179987e-06,7.507085314e-11,4.158636463e-06,8.272447454e-11,3.138062926e-05,7.792134017e-11,1.60687088e-07,1.266414769e-11,5.995238324e-07,6.080033443e-11,1.838809411e-09,3.822244976e-10,-1.549899773e-08
3987.0,2.923544474e-06,4.64929152e-11,5.557413137e-06,4.457927802e-11,3.520444644e-06,7.929672121e-11,2.137323731e-05,7.153666021e-11,1.792476441e-07,1.286115728e-11,5.147338107e-07,8.05948952e-11,1.684433184e-09,-3.535695742e-10,-1.585256731e-08
3988.0,2.694713568e-06,4.153183926e-11,5.145956999e-06,3.232042167e-11,3.178380925e-06,8.107090157e-11,2.785122153e-05,8.673425542e-11,1.908085745e-07,1.378427389e-11,6.433200471e-07,9.348693929e-11,2.046920441e-09,-6.530375146e-10,-1.650560482e-08
3989.0,3.598140947e-06,5.014268104e-11,7.625451823e-06,7.503816365e-11,4.156502647e-06,8.255939364e-11,3.184564061e-05,8.191320584e-11,1.592444301e-07,1.234747203e-11,5.98221138e-07,6.031161371e-11,1.933005669e-09,4.019661662e-10,-1.610363866e-08
3990.0,2.947993173e-06,4.632517256e-11,5.579712178e-06,4.46308483e-11,3.520508618e-06,7.886380139e-11,2.000708049e-05,8.409102002e-11,1.795125762e-07,1.314776498e-11,5.143839161e-07,8.080835068e-11,1.980042946e-09,-4.132288372e-10,-1.651686749e-08
3991.0,2.673878473e-06,4.19693489e-11,5.133015726e-06,3.233192275e-11,3.175003977e-06,8.14258078e-11,3.016819172e-05,9.836894646e-11,1.894239368e-07,1.319509767e-11,6.42213945e-07,9.308323849e-11,2.321501298e-09,4.89143016e-10,-1.602772448e-08
3992.0,3.6304948e-06,5.007496702e-11,7.627327766e-06,7.50306936e-11,4.154656684e-06,8.281489452e-11,3.05323281e-05,8.030468695e-11,1.578268709e-07,1.201845464e-11,5.972873185e-07,5.993481275e-11,1.895048383e-09,3.939952167e-10,-1.563372926e-08
3993.0,2.945522875e-06,4.653475659e-11,5.603748882e-06,4.466470031e-11,3.521417863e-06,7.818251088e-11,2.238081543e-05,8.270417019e-11,1.800801662e-07,1.348084872e-11,5.140133545e-07,8.108362706e-11,1.947386407e-09,-4.067023278e-10,-1.604043159e-08
3994.0,2.716914933e-06,4.230895012e-11,5.168543656e-06,3.234388191e-11,3.183523964e-06,8.186523255e-11,2.935929115e-05,9.90815439e-11,1.882376138e-07,1.259753736e-11,6.416104464e-07,9.269565461e-11,2.33831091e-09,4.927095368e-10,-1.554772205e-08
3995.0,3.606767565e-06,4.983543987e-11,7.630567581e-06,7.503784618e-11,4.159846404e-06,8.256597067e-11,3.269702214e-05,7.839148674e-11,1.569106813e-07,1.173860374e-11,5.968042969e-07,5.964537151e-11,1.849906855e-09,3.845254312e-10,-1.516319662e-08
3996.0,2.965372776e-06,4.633849482e-11,5.572839957e-06,4.464496482e-11,3.518918198e-06,7.762916792e-11,1.96038906e-05,7.118267213e-11,1.813621289e-07,1.388561605e-11,5.144393763e-07,8.153291844e-11,1.676091287e-09,-3.518721398e-10,-1.551506876e-08
3997.0,2.66684058e-06,4.238925707e-11,5.12465378e-06,3.225137477e-11,3.177341284e-06,8.21537413e-11,2.912206254e-05,8.865746415e-11,1.875075078e-07,1.207094782e-11,6.413281484e-07,9.241349065e-11,2.092306441e-09,-6.675446647e-10,-1.618261342e-08
3998.0,3.617030006e-06,4.98255096e-11,7.625956616e-06,7.497741064e-11,4.156407236e-06,8.231112516e-11,3.076625024e-05,7.85262545e-11,1.567812618e-07,1.153049608e-11,5.971199815e-07,5.959008203e-11,1.853081228e-09,3.852123275e-10,-1.57974011e-08
3999.0,2.92511769e-06,4.607228961e-11,5.569924829e-06,4.466463232e-11,3.514574225e-06,7.748749552e-11,2.154314082e-05,7.073086194e-11,1.836155642e-07,1.44387818e-11,5.154663752e-07,8.213164028e-11,1.665459617e-09,-3.496841791e-10,-1.614708528e-08
4000.0,2.713372882e-06,4.269926598e-11,5.136790777e-06,3.223779313e-11,3.181149224e-06,8.265321145e-11,2.836754273e-05,8.709183016e-11,1.87779146e-07,1.175932429e-11,6.42039142e-07,9.232526146e-11,2.05535253e-09,-6.557318642e-10,-1.680281714e-08
