ISO-10303-21;
HEADER;
FILE_DESCRIPTION(('FreeCAD Model'),'2;1');
FILE_NAME('Open CASCADE Shape Model','2026-10-03T02:11:09',('FreeCAD'),(
    'FreeCAD'),'Open CASCADE STEP processor 7.8','FreeCAD','Unknown');
FILE_SCHEMA(('AUTOMOTIVE_DESIGN { 1 0 10303 214 1 1 1 1 }'));
ENDSEC;
DATA;
#1 = APPLICATION_PROTOCOL_DEFINITION('international standard',
  'automotive_design',2000,#2);
#2 = APPLICATION_CONTEXT(
  'core data for automotive mechanical design processes');
#3 = SHAPE_DEFINITION_REPRESENTATION(#4,#10);
#4 = PRODUCT_DEFINITION_SHAPE('','',#5);
#5 = PRODUCT_DEFINITION('design','',#6,#9);
#6 = PRODUCT_DEFINITION_FORMATION('','',#7);
#7 = PRODUCT('Open CASCADE STEP translator 7.8 1',
  'Open CASCADE STEP translator 7.8 1','',(#8));
#8 = PRODUCT_CONTEXT('',#2,'mechanical');
#9 = PRODUCT_DEFINITION_CONTEXT('part definition',#2,'design');
#10 = SHAPE_REPRESENTATION('',(#11,#15,#165,#315,#465,#1063,#1349,#1499,
    #2097,#2150,#2203,#2256,#2309,#2362,#2415,#2468,#2521,#2671,#2821,
    #3419,#3705,#3855,#4453,#4506,#4559,#4612,#4665,#4718,#4771,#4824,
    #4877,#5027,#5177,#5522,#6464,#6809,#6862,#6915,#6968,#7021,#7366,
    #8308,#8653,#8706,#8759,#8812,#8865,#9210,#10152,#10497,#10550,
    #10603,#10656,#10709,#11054,#11996,#12341,#12394,#12447,#12500,
    #12553,#13483,#13750,#14017,#14284,#14551,#14701,#14851,#15001,
    #15151,#15301,#15451,#15601,#15751,#15901,#16051,#16201,#16351,
    #16501,#16651),#16801);
#11 = AXIS2_PLACEMENT_3D('',#12,#13,#14);
#12 = CARTESIAN_POINT('',(0.,0.,0.));
#13 = DIRECTION('',(0.,0.,1.));
#14 = DIRECTION('',(1.,0.,-0.));
#15 = MANIFOLD_SOLID_BREP('',#16);
#16 = CLOSED_SHELL('',(#17,#57,#97,#119,#141,#153));
#17 = ADVANCED_FACE('',(#18),#52,.F.);
#18 = FACE_BOUND('',#19,.F.);
#19 = EDGE_LOOP('',(#20,#30,#38,#46));
#20 = ORIENTED_EDGE('',*,*,#21,.F.);
#21 = EDGE_CURVE('',#22,#24,#26,.T.);
#22 = VERTEX_POINT('',#23);
#23 = CARTESIAN_POINT('',(0.,0.,20.));
#24 = VERTEX_POINT('',#25);
#25 = CARTESIAN_POINT('',(0.,0.,29.));
#26 = LINE('',#27,#28);
#27 = CARTESIAN_POINT('',(0.,0.,20.));
#28 = VECTOR('',#29,1.);
#29 = DIRECTION('',(0.,0.,1.));
#30 = ORIENTED_EDGE('',*,*,#31,.T.);
#31 = EDGE_CURVE('',#22,#32,#34,.T.);
#32 = VERTEX_POINT('',#33);
#33 = CARTESIAN_POINT('',(0.,360.,20.));
#34 = LINE('',#35,#36);
#35 = CARTESIAN_POINT('',(0.,0.,20.));
#36 = VECTOR('',#37,1.);
#37 = DIRECTION('',(0.,1.,0.));
#38 = ORIENTED_EDGE('',*,*,#39,.T.);
#39 = EDGE_CURVE('',#32,#40,#42,.T.);
#40 = VERTEX_POINT('',#41);
#41 = CARTESIAN_POINT('',(0.,360.,29.));
#42 = LINE('',#43,#44);
#43 = CARTESIAN_POINT('',(0.,360.,20.));
#44 = VECTOR('',#45,1.);
#45 = DIRECTION('',(0.,0.,1.));
#46 = ORIENTED_EDGE('',*,*,#47,.F.);
#47 = EDGE_CURVE('',#24,#40,#48,.T.);
#48 = LINE('',#49,#50);
#49 = CARTESIAN_POINT('',(0.,0.,29.));
#50 = VECTOR('',#51,1.);
#51 = DIRECTION('',(0.,1.,0.));
#52 = PLANE('',#53);
#53 = AXIS2_PLACEMENT_3D('',#54,#55,#56);
#54 = CARTESIAN_POINT('',(0.,0.,20.));
#55 = DIRECTION('',(1.,0.,0.));
#56 = DIRECTION('',(0.,0.,1.));
#57 = ADVANCED_FACE('',(#58),#92,.T.);
#58 = FACE_BOUND('',#59,.T.);
#59 = EDGE_LOOP('',(#60,#70,#78,#86));
#60 = ORIENTED_EDGE('',*,*,#61,.F.);
#61 = EDGE_CURVE('',#62,#64,#66,.T.);
#62 = VERTEX_POINT('',#63);
#63 = CARTESIAN_POINT('',(550.,0.,20.));
#64 = VERTEX_POINT('',#65);
#65 = CARTESIAN_POINT('',(550.,0.,29.));
#66 = LINE('',#67,#68);
#67 = CARTESIAN_POINT('',(550.,0.,20.));
#68 = VECTOR('',#69,1.);
#69 = DIRECTION('',(0.,0.,1.));
#70 = ORIENTED_EDGE('',*,*,#71,.T.);
#71 = EDGE_CURVE('',#62,#72,#74,.T.);
#72 = VERTEX_POINT('',#73);
#73 = CARTESIAN_POINT('',(550.,360.,20.));
#74 = LINE('',#75,#76);
#75 = CARTESIAN_POINT('',(550.,0.,20.));
#76 = VECTOR('',#77,1.);
#77 = DIRECTION('',(0.,1.,0.));
#78 = ORIENTED_EDGE('',*,*,#79,.T.);
#79 = EDGE_CURVE('',#72,#80,#82,.T.);
#80 = VERTEX_POINT('',#81);
#81 = CARTESIAN_POINT('',(550.,360.,29.));
#82 = LINE('',#83,#84);
#83 = CARTESIAN_POINT('',(550.,360.,20.));
#84 = VECTOR('',#85,1.);
#85 = DIRECTION('',(0.,0.,1.));
#86 = ORIENTED_EDGE('',*,*,#87,.F.);
#87 = EDGE_CURVE('',#64,#80,#88,.T.);
#88 = LINE('',#89,#90);
#89 = CARTESIAN_POINT('',(550.,0.,29.));
#90 = VECTOR('',#91,1.);
#91 = DIRECTION('',(0.,1.,0.));
#92 = PLANE('',#93);
#93 = AXIS2_PLACEMENT_3D('',#94,#95,#96);
#94 = CARTESIAN_POINT('',(550.,0.,20.));
#95 = DIRECTION('',(1.,0.,0.));
#96 = DIRECTION('',(0.,0.,1.));
#97 = ADVANCED_FACE('',(#98),#114,.F.);
#98 = FACE_BOUND('',#99,.F.);
#99 = EDGE_LOOP('',(#100,#106,#107,#113));
#100 = ORIENTED_EDGE('',*,*,#101,.F.);
#101 = EDGE_CURVE('',#22,#62,#102,.T.);
#102 = LINE('',#103,#104);
#103 = CARTESIAN_POINT('',(0.,0.,20.));
#104 = VECTOR('',#105,1.);
#105 = DIRECTION('',(1.,0.,0.));
#106 = ORIENTED_EDGE('',*,*,#21,.T.);
#107 = ORIENTED_EDGE('',*,*,#108,.T.);
#108 = EDGE_CURVE('',#24,#64,#109,.T.);
#109 = LINE('',#110,#111);
#110 = CARTESIAN_POINT('',(0.,0.,29.));
#111 = VECTOR('',#112,1.);
#112 = DIRECTION('',(1.,0.,0.));
#113 = ORIENTED_EDGE('',*,*,#61,.F.);
#114 = PLANE('',#115);
#115 = AXIS2_PLACEMENT_3D('',#116,#117,#118);
#116 = CARTESIAN_POINT('',(0.,0.,20.));
#117 = DIRECTION('',(0.,1.,0.));
#118 = DIRECTION('',(0.,0.,1.));
#119 = ADVANCED_FACE('',(#120),#136,.T.);
#120 = FACE_BOUND('',#121,.T.);
#121 = EDGE_LOOP('',(#122,#128,#129,#135));
#122 = ORIENTED_EDGE('',*,*,#123,.F.);
#123 = EDGE_CURVE('',#32,#72,#124,.T.);
#124 = LINE('',#125,#126);
#125 = CARTESIAN_POINT('',(0.,360.,20.));
#126 = VECTOR('',#127,1.);
#127 = DIRECTION('',(1.,0.,0.));
#128 = ORIENTED_EDGE('',*,*,#39,.T.);
#129 = ORIENTED_EDGE('',*,*,#130,.T.);
#130 = EDGE_CURVE('',#40,#80,#131,.T.);
#131 = LINE('',#132,#133);
#132 = CARTESIAN_POINT('',(0.,360.,29.));
#133 = VECTOR('',#134,1.);
#134 = DIRECTION('',(1.,0.,0.));
#135 = ORIENTED_EDGE('',*,*,#79,.F.);
#136 = PLANE('',#137);
#137 = AXIS2_PLACEMENT_3D('',#138,#139,#140);
#138 = CARTESIAN_POINT('',(0.,360.,20.));
#139 = DIRECTION('',(0.,1.,0.));
#140 = DIRECTION('',(0.,0.,1.));
#141 = ADVANCED_FACE('',(#142),#148,.F.);
#142 = FACE_BOUND('',#143,.F.);
#143 = EDGE_LOOP('',(#144,#145,#146,#147));
#144 = ORIENTED_EDGE('',*,*,#31,.F.);
#145 = ORIENTED_EDGE('',*,*,#101,.T.);
#146 = ORIENTED_EDGE('',*,*,#71,.T.);
#147 = ORIENTED_EDGE('',*,*,#123,.F.);
#148 = PLANE('',#149);
#149 = AXIS2_PLACEMENT_3D('',#150,#151,#152);
#150 = CARTESIAN_POINT('',(0.,0.,20.));
#151 = DIRECTION('',(0.,0.,1.));
#152 = DIRECTION('',(1.,0.,0.));
#153 = ADVANCED_FACE('',(#154),#160,.T.);
#154 = FACE_BOUND('',#155,.T.);
#155 = EDGE_LOOP('',(#156,#157,#158,#159));
#156 = ORIENTED_EDGE('',*,*,#47,.F.);
#157 = ORIENTED_EDGE('',*,*,#108,.T.);
#158 = ORIENTED_EDGE('',*,*,#87,.T.);
#159 = ORIENTED_EDGE('',*,*,#130,.F.);
#160 = PLANE('',#161);
#161 = AXIS2_PLACEMENT_3D('',#162,#163,#164);
#162 = CARTESIAN_POINT('',(0.,0.,29.));
#163 = DIRECTION('',(0.,0.,1.));
#164 = DIRECTION('',(1.,0.,0.));
#165 = MANIFOLD_SOLID_BREP('',#166);
#166 = CLOSED_SHELL('',(#167,#207,#247,#269,#291,#303));
#167 = ADVANCED_FACE('',(#168),#202,.F.);
#168 = FACE_BOUND('',#169,.F.);
#169 = EDGE_LOOP('',(#170,#180,#188,#196));
#170 = ORIENTED_EDGE('',*,*,#171,.F.);
#171 = EDGE_CURVE('',#172,#174,#176,.T.);
#172 = VERTEX_POINT('',#173);
#173 = CARTESIAN_POINT('',(0.,0.,29.));
#174 = VERTEX_POINT('',#175);
#175 = CARTESIAN_POINT('',(0.,0.,571.));
#176 = LINE('',#177,#178);
#177 = CARTESIAN_POINT('',(0.,0.,29.));
#178 = VECTOR('',#179,1.);
#179 = DIRECTION('',(0.,0.,1.));
#180 = ORIENTED_EDGE('',*,*,#181,.T.);
#181 = EDGE_CURVE('',#172,#182,#184,.T.);
#182 = VERTEX_POINT('',#183);
#183 = CARTESIAN_POINT('',(0.,360.,29.));
#184 = LINE('',#185,#186);
#185 = CARTESIAN_POINT('',(0.,0.,29.));
#186 = VECTOR('',#187,1.);
#187 = DIRECTION('',(0.,1.,0.));
#188 = ORIENTED_EDGE('',*,*,#189,.T.);
#189 = EDGE_CURVE('',#182,#190,#192,.T.);
#190 = VERTEX_POINT('',#191);
#191 = CARTESIAN_POINT('',(0.,360.,571.));
#192 = LINE('',#193,#194);
#193 = CARTESIAN_POINT('',(0.,360.,29.));
#194 = VECTOR('',#195,1.);
#195 = DIRECTION('',(0.,0.,1.));
#196 = ORIENTED_EDGE('',*,*,#197,.F.);
#197 = EDGE_CURVE('',#174,#190,#198,.T.);
#198 = LINE('',#199,#200);
#199 = CARTESIAN_POINT('',(0.,0.,571.));
#200 = VECTOR('',#201,1.);
#201 = DIRECTION('',(0.,1.,0.));
#202 = PLANE('',#203);
#203 = AXIS2_PLACEMENT_3D('',#204,#205,#206);
#204 = CARTESIAN_POINT('',(0.,0.,29.));
#205 = DIRECTION('',(1.,0.,0.));
#206 = DIRECTION('',(0.,0.,1.));
#207 = ADVANCED_FACE('',(#208),#242,.T.);
#208 = FACE_BOUND('',#209,.T.);
#209 = EDGE_LOOP('',(#210,#220,#228,#236));
#210 = ORIENTED_EDGE('',*,*,#211,.F.);
#211 = EDGE_CURVE('',#212,#214,#216,.T.);
#212 = VERTEX_POINT('',#213);
#213 = CARTESIAN_POINT('',(9.,0.,29.));
#214 = VERTEX_POINT('',#215);
#215 = CARTESIAN_POINT('',(9.,0.,571.));
#216 = LINE('',#217,#218);
#217 = CARTESIAN_POINT('',(9.,0.,29.));
#218 = VECTOR('',#219,1.);
#219 = DIRECTION('',(0.,0.,1.));
#220 = ORIENTED_EDGE('',*,*,#221,.T.);
#221 = EDGE_CURVE('',#212,#222,#224,.T.);
#222 = VERTEX_POINT('',#223);
#223 = CARTESIAN_POINT('',(9.,360.,29.));
#224 = LINE('',#225,#226);
#225 = CARTESIAN_POINT('',(9.,0.,29.));
#226 = VECTOR('',#227,1.);
#227 = DIRECTION('',(0.,1.,0.));
#228 = ORIENTED_EDGE('',*,*,#229,.T.);
#229 = EDGE_CURVE('',#222,#230,#232,.T.);
#230 = VERTEX_POINT('',#231);
#231 = CARTESIAN_POINT('',(9.,360.,571.));
#232 = LINE('',#233,#234);
#233 = CARTESIAN_POINT('',(9.,360.,29.));
#234 = VECTOR('',#235,1.);
#235 = DIRECTION('',(0.,0.,1.));
#236 = ORIENTED_EDGE('',*,*,#237,.F.);
#237 = EDGE_CURVE('',#214,#230,#238,.T.);
#238 = LINE('',#239,#240);
#239 = CARTESIAN_POINT('',(9.,0.,571.));
#240 = VECTOR('',#241,1.);
#241 = DIRECTION('',(0.,1.,0.));
#242 = PLANE('',#243);
#243 = AXIS2_PLACEMENT_3D('',#244,#245,#246);
#244 = CARTESIAN_POINT('',(9.,0.,29.));
#245 = DIRECTION('',(1.,0.,0.));
#246 = DIRECTION('',(0.,0.,1.));
#247 = ADVANCED_FACE('',(#248),#264,.F.);
#248 = FACE_BOUND('',#249,.F.);
#249 = EDGE_LOOP('',(#250,#256,#257,#263));
#250 = ORIENTED_EDGE('',*,*,#251,.F.);
#251 = EDGE_CURVE('',#172,#212,#252,.T.);
#252 = LINE('',#253,#254);
#253 = CARTESIAN_POINT('',(0.,0.,29.));
#254 = VECTOR('',#255,1.);
#255 = DIRECTION('',(1.,0.,0.));
#256 = ORIENTED_EDGE('',*,*,#171,.T.);
#257 = ORIENTED_EDGE('',*,*,#258,.T.);
#258 = EDGE_CURVE('',#174,#214,#259,.T.);
#259 = LINE('',#260,#261);
#260 = CARTESIAN_POINT('',(0.,0.,571.));
#261 = VECTOR('',#262,1.);
#262 = DIRECTION('',(1.,0.,0.));
#263 = ORIENTED_EDGE('',*,*,#211,.F.);
#264 = PLANE('',#265);
#265 = AXIS2_PLACEMENT_3D('',#266,#267,#268);
#266 = CARTESIAN_POINT('',(0.,0.,29.));
#267 = DIRECTION('',(0.,1.,0.));
#268 = DIRECTION('',(0.,0.,1.));
#269 = ADVANCED_FACE('',(#270),#286,.T.);
#270 = FACE_BOUND('',#271,.T.);
#271 = EDGE_LOOP('',(#272,#278,#279,#285));
#272 = ORIENTED_EDGE('',*,*,#273,.F.);
#273 = EDGE_CURVE('',#182,#222,#274,.T.);
#274 = LINE('',#275,#276);
#275 = CARTESIAN_POINT('',(0.,360.,29.));
#276 = VECTOR('',#277,1.);
#277 = DIRECTION('',(1.,0.,0.));
#278 = ORIENTED_EDGE('',*,*,#189,.T.);
#279 = ORIENTED_EDGE('',*,*,#280,.T.);
#280 = EDGE_CURVE('',#190,#230,#281,.T.);
#281 = LINE('',#282,#283);
#282 = CARTESIAN_POINT('',(0.,360.,571.));
#283 = VECTOR('',#284,1.);
#284 = DIRECTION('',(1.,0.,0.));
#285 = ORIENTED_EDGE('',*,*,#229,.F.);
#286 = PLANE('',#287);
#287 = AXIS2_PLACEMENT_3D('',#288,#289,#290);
#288 = CARTESIAN_POINT('',(0.,360.,29.));
#289 = DIRECTION('',(0.,1.,0.));
#290 = DIRECTION('',(0.,0.,1.));
#291 = ADVANCED_FACE('',(#292),#298,.F.);
#292 = FACE_BOUND('',#293,.F.);
#293 = EDGE_LOOP('',(#294,#295,#296,#297));
#294 = ORIENTED_EDGE('',*,*,#181,.F.);
#295 = ORIENTED_EDGE('',*,*,#251,.T.);
#296 = ORIENTED_EDGE('',*,*,#221,.T.);
#297 = ORIENTED_EDGE('',*,*,#273,.F.);
#298 = PLANE('',#299);
#299 = AXIS2_PLACEMENT_3D('',#300,#301,#302);
#300 = CARTESIAN_POINT('',(0.,0.,29.));
#301 = DIRECTION('',(0.,0.,1.));
#302 = DIRECTION('',(1.,0.,0.));
#303 = ADVANCED_FACE('',(#304),#310,.T.);
#304 = FACE_BOUND('',#305,.T.);
#305 = EDGE_LOOP('',(#306,#307,#308,#309));
#306 = ORIENTED_EDGE('',*,*,#197,.F.);
#307 = ORIENTED_EDGE('',*,*,#258,.T.);
#308 = ORIENTED_EDGE('',*,*,#237,.T.);
#309 = ORIENTED_EDGE('',*,*,#280,.F.);
#310 = PLANE('',#311);
#311 = AXIS2_PLACEMENT_3D('',#312,#313,#314);
#312 = CARTESIAN_POINT('',(0.,0.,571.));
#313 = DIRECTION('',(0.,0.,1.));
#314 = DIRECTION('',(1.,0.,0.));
#315 = MANIFOLD_SOLID_BREP('',#316);
#316 = CLOSED_SHELL('',(#317,#357,#397,#419,#441,#453));
#317 = ADVANCED_FACE('',(#318),#352,.F.);
#318 = FACE_BOUND('',#319,.F.);
#319 = EDGE_LOOP('',(#320,#330,#338,#346));
#320 = ORIENTED_EDGE('',*,*,#321,.F.);
#321 = EDGE_CURVE('',#322,#324,#326,.T.);
#322 = VERTEX_POINT('',#323);
#323 = CARTESIAN_POINT('',(541.,0.,29.));
#324 = VERTEX_POINT('',#325);
#325 = CARTESIAN_POINT('',(541.,0.,571.));
#326 = LINE('',#327,#328);
#327 = CARTESIAN_POINT('',(541.,0.,29.));
#328 = VECTOR('',#329,1.);
#329 = DIRECTION('',(0.,0.,1.));
#330 = ORIENTED_EDGE('',*,*,#331,.T.);
#331 = EDGE_CURVE('',#322,#332,#334,.T.);
#332 = VERTEX_POINT('',#333);
#333 = CARTESIAN_POINT('',(541.,360.,29.));
#334 = LINE('',#335,#336);
#335 = CARTESIAN_POINT('',(541.,0.,29.));
#336 = VECTOR('',#337,1.);
#337 = DIRECTION('',(0.,1.,0.));
#338 = ORIENTED_EDGE('',*,*,#339,.T.);
#339 = EDGE_CURVE('',#332,#340,#342,.T.);
#340 = VERTEX_POINT('',#341);
#341 = CARTESIAN_POINT('',(541.,360.,571.));
#342 = LINE('',#343,#344);
#343 = CARTESIAN_POINT('',(541.,360.,29.));
#344 = VECTOR('',#345,1.);
#345 = DIRECTION('',(0.,0.,1.));
#346 = ORIENTED_EDGE('',*,*,#347,.F.);
#347 = EDGE_CURVE('',#324,#340,#348,.T.);
#348 = LINE('',#349,#350);
#349 = CARTESIAN_POINT('',(541.,0.,571.));
#350 = VECTOR('',#351,1.);
#351 = DIRECTION('',(0.,1.,0.));
#352 = PLANE('',#353);
#353 = AXIS2_PLACEMENT_3D('',#354,#355,#356);
#354 = CARTESIAN_POINT('',(541.,0.,29.));
#355 = DIRECTION('',(1.,0.,0.));
#356 = DIRECTION('',(0.,0.,1.));
#357 = ADVANCED_FACE('',(#358),#392,.T.);
#358 = FACE_BOUND('',#359,.T.);
#359 = EDGE_LOOP('',(#360,#370,#378,#386));
#360 = ORIENTED_EDGE('',*,*,#361,.F.);
#361 = EDGE_CURVE('',#362,#364,#366,.T.);
#362 = VERTEX_POINT('',#363);
#363 = CARTESIAN_POINT('',(550.,0.,29.));
#364 = VERTEX_POINT('',#365);
#365 = CARTESIAN_POINT('',(550.,0.,571.));
#366 = LINE('',#367,#368);
#367 = CARTESIAN_POINT('',(550.,0.,29.));
#368 = VECTOR('',#369,1.);
#369 = DIRECTION('',(0.,0.,1.));
#370 = ORIENTED_EDGE('',*,*,#371,.T.);
#371 = EDGE_CURVE('',#362,#372,#374,.T.);
#372 = VERTEX_POINT('',#373);
#373 = CARTESIAN_POINT('',(550.,360.,29.));
#374 = LINE('',#375,#376);
#375 = CARTESIAN_POINT('',(550.,0.,29.));
#376 = VECTOR('',#377,1.);
#377 = DIRECTION('',(0.,1.,0.));
#378 = ORIENTED_EDGE('',*,*,#379,.T.);
#379 = EDGE_CURVE('',#372,#380,#382,.T.);
#380 = VERTEX_POINT('',#381);
#381 = CARTESIAN_POINT('',(550.,360.,571.));
#382 = LINE('',#383,#384);
#383 = CARTESIAN_POINT('',(550.,360.,29.));
#384 = VECTOR('',#385,1.);
#385 = DIRECTION('',(0.,0.,1.));
#386 = ORIENTED_EDGE('',*,*,#387,.F.);
#387 = EDGE_CURVE('',#364,#380,#388,.T.);
#388 = LINE('',#389,#390);
#389 = CARTESIAN_POINT('',(550.,0.,571.));
#390 = VECTOR('',#391,1.);
#391 = DIRECTION('',(0.,1.,0.));
#392 = PLANE('',#393);
#393 = AXIS2_PLACEMENT_3D('',#394,#395,#396);
#394 = CARTESIAN_POINT('',(550.,0.,29.));
#395 = DIRECTION('',(1.,0.,0.));
#396 = DIRECTION('',(0.,0.,1.));
#397 = ADVANCED_FACE('',(#398),#414,.F.);
#398 = FACE_BOUND('',#399,.F.);
#399 = EDGE_LOOP('',(#400,#406,#407,#413));
#400 = ORIENTED_EDGE('',*,*,#401,.F.);
#401 = EDGE_CURVE('',#322,#362,#402,.T.);
#402 = LINE('',#403,#404);
#403 = CARTESIAN_POINT('',(541.,0.,29.));
#404 = VECTOR('',#405,1.);
#405 = DIRECTION('',(1.,0.,0.));
#406 = ORIENTED_EDGE('',*,*,#321,.T.);
#407 = ORIENTED_EDGE('',*,*,#408,.T.);
#408 = EDGE_CURVE('',#324,#364,#409,.T.);
#409 = LINE('',#410,#411);
#410 = CARTESIAN_POINT('',(541.,0.,571.));
#411 = VECTOR('',#412,1.);
#412 = DIRECTION('',(1.,0.,0.));
#413 = ORIENTED_EDGE('',*,*,#361,.F.);
#414 = PLANE('',#415);
#415 = AXIS2_PLACEMENT_3D('',#416,#417,#418);
#416 = CARTESIAN_POINT('',(541.,0.,29.));
#417 = DIRECTION('',(0.,1.,0.));
#418 = DIRECTION('',(0.,0.,1.));
#419 = ADVANCED_FACE('',(#420),#436,.T.);
#420 = FACE_BOUND('',#421,.T.);
#421 = EDGE_LOOP('',(#422,#428,#429,#435));
#422 = ORIENTED_EDGE('',*,*,#423,.F.);
#423 = EDGE_CURVE('',#332,#372,#424,.T.);
#424 = LINE('',#425,#426);
#425 = CARTESIAN_POINT('',(541.,360.,29.));
#426 = VECTOR('',#427,1.);
#427 = DIRECTION('',(1.,0.,0.));
#428 = ORIENTED_EDGE('',*,*,#339,.T.);
#429 = ORIENTED_EDGE('',*,*,#430,.T.);
#430 = EDGE_CURVE('',#340,#380,#431,.T.);
#431 = LINE('',#432,#433);
#432 = CARTESIAN_POINT('',(541.,360.,571.));
#433 = VECTOR('',#434,1.);
#434 = DIRECTION('',(1.,0.,0.));
#435 = ORIENTED_EDGE('',*,*,#379,.F.);
#436 = PLANE('',#437);
#437 = AXIS2_PLACEMENT_3D('',#438,#439,#440);
#438 = CARTESIAN_POINT('',(541.,360.,29.));
#439 = DIRECTION('',(0.,1.,0.));
#440 = DIRECTION('',(0.,0.,1.));
#441 = ADVANCED_FACE('',(#442),#448,.F.);
#442 = FACE_BOUND('',#443,.F.);
#443 = EDGE_LOOP('',(#444,#445,#446,#447));
#444 = ORIENTED_EDGE('',*,*,#331,.F.);
#445 = ORIENTED_EDGE('',*,*,#401,.T.);
#446 = ORIENTED_EDGE('',*,*,#371,.T.);
#447 = ORIENTED_EDGE('',*,*,#423,.F.);
#448 = PLANE('',#449);
#449 = AXIS2_PLACEMENT_3D('',#450,#451,#452);
#450 = CARTESIAN_POINT('',(541.,0.,29.));
#451 = DIRECTION('',(0.,0.,1.));
#452 = DIRECTION('',(1.,0.,0.));
#453 = ADVANCED_FACE('',(#454),#460,.T.);
#454 = FACE_BOUND('',#455,.T.);
#455 = EDGE_LOOP('',(#456,#457,#458,#459));
#456 = ORIENTED_EDGE('',*,*,#347,.F.);
#457 = ORIENTED_EDGE('',*,*,#408,.T.);
#458 = ORIENTED_EDGE('',*,*,#387,.T.);
#459 = ORIENTED_EDGE('',*,*,#430,.F.);
#460 = PLANE('',#461);
#461 = AXIS2_PLACEMENT_3D('',#462,#463,#464);
#462 = CARTESIAN_POINT('',(541.,0.,571.));
#463 = DIRECTION('',(0.,0.,1.));
#464 = DIRECTION('',(1.,0.,0.));
#465 = MANIFOLD_SOLID_BREP('',#466);
#466 = CLOSED_SHELL('',(#467,#507,#660,#684,#830,#847,#859,#876,#893,
    #910,#927,#944,#966,#983,#1000,#1012,#1029,#1046));
#467 = ADVANCED_FACE('',(#468),#502,.F.);
#468 = FACE_BOUND('',#469,.F.);
#469 = EDGE_LOOP('',(#470,#480,#488,#496));
#470 = ORIENTED_EDGE('',*,*,#471,.F.);
#471 = EDGE_CURVE('',#472,#474,#476,.T.);
#472 = VERTEX_POINT('',#473);
#473 = CARTESIAN_POINT('',(9.,0.,29.));
#474 = VERTEX_POINT('',#475);
#475 = CARTESIAN_POINT('',(9.,0.,571.));
#476 = LINE('',#477,#478);
#477 = CARTESIAN_POINT('',(9.,0.,29.));
#478 = VECTOR('',#479,1.);
#479 = DIRECTION('',(0.,0.,1.));
#480 = ORIENTED_EDGE('',*,*,#481,.T.);
#481 = EDGE_CURVE('',#472,#482,#484,.T.);
#482 = VERTEX_POINT('',#483);
#483 = CARTESIAN_POINT('',(9.,9.,29.));
#484 = LINE('',#485,#486);
#485 = CARTESIAN_POINT('',(9.,0.,29.));
#486 = VECTOR('',#487,1.);
#487 = DIRECTION('',(0.,1.,0.));
#488 = ORIENTED_EDGE('',*,*,#489,.T.);
#489 = EDGE_CURVE('',#482,#490,#492,.T.);
#490 = VERTEX_POINT('',#491);
#491 = CARTESIAN_POINT('',(9.,9.,571.));
#492 = LINE('',#493,#494);
#493 = CARTESIAN_POINT('',(9.,9.,29.));
#494 = VECTOR('',#495,1.);
#495 = DIRECTION('',(0.,0.,1.));
#496 = ORIENTED_EDGE('',*,*,#497,.F.);
#497 = EDGE_CURVE('',#474,#490,#498,.T.);
#498 = LINE('',#499,#500);
#499 = CARTESIAN_POINT('',(9.,0.,571.));
#500 = VECTOR('',#501,1.);
#501 = DIRECTION('',(0.,1.,0.));
#502 = PLANE('',#503);
#503 = AXIS2_PLACEMENT_3D('',#504,#505,#506);
#504 = CARTESIAN_POINT('',(9.,0.,29.));
#505 = DIRECTION('',(1.,0.,0.));
#506 = DIRECTION('',(0.,0.,1.));
#507 = ADVANCED_FACE('',(#508,#533,#544,#555,#566,#577,#588,#622,#633,
    #644),#655,.F.);
#508 = FACE_BOUND('',#509,.F.);
#509 = EDGE_LOOP('',(#510,#518,#519,#527));
#510 = ORIENTED_EDGE('',*,*,#511,.F.);
#511 = EDGE_CURVE('',#472,#512,#514,.T.);
#512 = VERTEX_POINT('',#513);
#513 = CARTESIAN_POINT('',(541.,0.,29.));
#514 = LINE('',#515,#516);
#515 = CARTESIAN_POINT('',(9.,0.,29.));
#516 = VECTOR('',#517,1.);
#517 = DIRECTION('',(1.,0.,0.));
#518 = ORIENTED_EDGE('',*,*,#471,.T.);
#519 = ORIENTED_EDGE('',*,*,#520,.T.);
#520 = EDGE_CURVE('',#474,#521,#523,.T.);
#521 = VERTEX_POINT('',#522);
#522 = CARTESIAN_POINT('',(541.,0.,571.));
#523 = LINE('',#524,#525);
#524 = CARTESIAN_POINT('',(9.,0.,571.));
#525 = VECTOR('',#526,1.);
#526 = DIRECTION('',(1.,0.,0.));
#527 = ORIENTED_EDGE('',*,*,#528,.F.);
#528 = EDGE_CURVE('',#512,#521,#529,.T.);
#529 = LINE('',#530,#531);
#530 = CARTESIAN_POINT('',(541.,0.,29.));
#531 = VECTOR('',#532,1.);
#532 = DIRECTION('',(0.,0.,1.));
#533 = FACE_BOUND('',#534,.F.);
#534 = EDGE_LOOP('',(#535));
#535 = ORIENTED_EDGE('',*,*,#536,.F.);
#536 = EDGE_CURVE('',#537,#537,#539,.T.);
#537 = VERTEX_POINT('',#538);
#538 = CARTESIAN_POINT('',(20.,0.,57.75));
#539 = CIRCLE('',#540,2.75);
#540 = AXIS2_PLACEMENT_3D('',#541,#542,#543);
#541 = CARTESIAN_POINT('',(20.,0.,55.));
#542 = DIRECTION('',(0.,1.,0.));
#543 = DIRECTION('',(0.,0.,1.));
#544 = FACE_BOUND('',#545,.F.);
#545 = EDGE_LOOP('',(#546));
#546 = ORIENTED_EDGE('',*,*,#547,.F.);
#547 = EDGE_CURVE('',#548,#548,#550,.T.);
#548 = VERTEX_POINT('',#549);
#549 = CARTESIAN_POINT('',(20.,0.,307.75));
#550 = CIRCLE('',#551,2.75);
#551 = AXIS2_PLACEMENT_3D('',#552,#553,#554);
#552 = CARTESIAN_POINT('',(20.,0.,305.));
#553 = DIRECTION('',(0.,1.,0.));
#554 = DIRECTION('',(0.,0.,1.));
#555 = FACE_BOUND('',#556,.F.);
#556 = EDGE_LOOP('',(#557));
#557 = ORIENTED_EDGE('',*,*,#558,.F.);
#558 = EDGE_CURVE('',#559,#559,#561,.T.);
#559 = VERTEX_POINT('',#560);
#560 = CARTESIAN_POINT('',(20.,0.,557.75));
#561 = CIRCLE('',#562,2.75);
#562 = AXIS2_PLACEMENT_3D('',#563,#564,#565);
#563 = CARTESIAN_POINT('',(20.,0.,555.));
#564 = DIRECTION('',(0.,1.,0.));
#565 = DIRECTION('',(0.,0.,1.));
#566 = FACE_BOUND('',#567,.F.);
#567 = EDGE_LOOP('',(#568));
#568 = ORIENTED_EDGE('',*,*,#569,.F.);
#569 = EDGE_CURVE('',#570,#570,#572,.T.);
#570 = VERTEX_POINT('',#571);
#571 = CARTESIAN_POINT('',(275.,0.,52.75));
#572 = CIRCLE('',#573,2.75);
#573 = AXIS2_PLACEMENT_3D('',#574,#575,#576);
#574 = CARTESIAN_POINT('',(275.,0.,50.));
#575 = DIRECTION('',(0.,1.,0.));
#576 = DIRECTION('',(0.,0.,1.));
#577 = FACE_BOUND('',#578,.F.);
#578 = EDGE_LOOP('',(#579));
#579 = ORIENTED_EDGE('',*,*,#580,.F.);
#580 = EDGE_CURVE('',#581,#581,#583,.T.);
#581 = VERTEX_POINT('',#582);
#582 = CARTESIAN_POINT('',(530.,0.,57.75));
#583 = CIRCLE('',#584,2.75);
#584 = AXIS2_PLACEMENT_3D('',#585,#586,#587);
#585 = CARTESIAN_POINT('',(530.,0.,55.));
#586 = DIRECTION('',(0.,1.,0.));
#587 = DIRECTION('',(0.,0.,1.));
#588 = FACE_BOUND('',#589,.F.);
#589 = EDGE_LOOP('',(#590,#600,#608,#616));
#590 = ORIENTED_EDGE('',*,*,#591,.F.);
#591 = EDGE_CURVE('',#592,#594,#596,.T.);
#592 = VERTEX_POINT('',#593);
#593 = CARTESIAN_POINT('',(40.,0.,540.));
#594 = VERTEX_POINT('',#595);
#595 = CARTESIAN_POINT('',(510.,0.,540.));
#596 = LINE('',#597,#598);
#597 = CARTESIAN_POINT('',(24.5,0.,540.));
#598 = VECTOR('',#599,1.);
#599 = DIRECTION('',(1.,0.,0.));
#600 = ORIENTED_EDGE('',*,*,#601,.T.);
#601 = EDGE_CURVE('',#592,#602,#604,.T.);
#602 = VERTEX_POINT('',#603);
#603 = CARTESIAN_POINT('',(40.,0.,70.));
#604 = LINE('',#605,#606);
#605 = CARTESIAN_POINT('',(40.,0.,49.5));
#606 = VECTOR('',#607,1.);
#607 = DIRECTION('',(0.,0.,-1.));
#608 = ORIENTED_EDGE('',*,*,#609,.T.);
#609 = EDGE_CURVE('',#602,#610,#612,.T.);
#610 = VERTEX_POINT('',#611);
#611 = CARTESIAN_POINT('',(510.,0.,70.));
#612 = LINE('',#613,#614);
#613 = CARTESIAN_POINT('',(24.5,0.,70.));
#614 = VECTOR('',#615,1.);
#615 = DIRECTION('',(1.,0.,0.));
#616 = ORIENTED_EDGE('',*,*,#617,.F.);
#617 = EDGE_CURVE('',#594,#610,#618,.T.);
#618 = LINE('',#619,#620);
#619 = CARTESIAN_POINT('',(510.,0.,49.5));
#620 = VECTOR('',#621,1.);
#621 = DIRECTION('',(0.,0.,-1.));
#622 = FACE_BOUND('',#623,.F.);
#623 = EDGE_LOOP('',(#624));
#624 = ORIENTED_EDGE('',*,*,#625,.F.);
#625 = EDGE_CURVE('',#626,#626,#628,.T.);
#626 = VERTEX_POINT('',#627);
#627 = CARTESIAN_POINT('',(275.,0.,562.75));
#628 = CIRCLE('',#629,2.75);
#629 = AXIS2_PLACEMENT_3D('',#630,#631,#632);
#630 = CARTESIAN_POINT('',(275.,0.,560.));
#631 = DIRECTION('',(0.,1.,0.));
#632 = DIRECTION('',(0.,0.,1.));
#633 = FACE_BOUND('',#634,.F.);
#634 = EDGE_LOOP('',(#635));
#635 = ORIENTED_EDGE('',*,*,#636,.F.);
#636 = EDGE_CURVE('',#637,#637,#639,.T.);
#637 = VERTEX_POINT('',#638);
#638 = CARTESIAN_POINT('',(530.,0.,307.75));
#639 = CIRCLE('',#640,2.75);
#640 = AXIS2_PLACEMENT_3D('',#641,#642,#643);
#641 = CARTESIAN_POINT('',(530.,0.,305.));
#642 = DIRECTION('',(0.,1.,0.));
#643 = DIRECTION('',(0.,0.,1.));
#644 = FACE_BOUND('',#645,.F.);
#645 = EDGE_LOOP('',(#646));
#646 = ORIENTED_EDGE('',*,*,#647,.F.);
#647 = EDGE_CURVE('',#648,#648,#650,.T.);
#648 = VERTEX_POINT('',#649);
#649 = CARTESIAN_POINT('',(530.,0.,557.75));
#650 = CIRCLE('',#651,2.75);
#651 = AXIS2_PLACEMENT_3D('',#652,#653,#654);
#652 = CARTESIAN_POINT('',(530.,0.,555.));
#653 = DIRECTION('',(0.,1.,0.));
#654 = DIRECTION('',(0.,0.,1.));
#655 = PLANE('',#656);
#656 = AXIS2_PLACEMENT_3D('',#657,#658,#659);
#657 = CARTESIAN_POINT('',(9.,0.,29.));
#658 = DIRECTION('',(0.,1.,0.));
#659 = DIRECTION('',(0.,0.,1.));
#660 = ADVANCED_FACE('',(#661),#679,.T.);
#661 = FACE_BOUND('',#662,.T.);
#662 = EDGE_LOOP('',(#663,#664,#665,#673));
#663 = ORIENTED_EDGE('',*,*,#497,.F.);
#664 = ORIENTED_EDGE('',*,*,#520,.T.);
#665 = ORIENTED_EDGE('',*,*,#666,.T.);
#666 = EDGE_CURVE('',#521,#667,#669,.T.);
#667 = VERTEX_POINT('',#668);
#668 = CARTESIAN_POINT('',(541.,9.,571.));
#669 = LINE('',#670,#671);
#670 = CARTESIAN_POINT('',(541.,0.,571.));
#671 = VECTOR('',#672,1.);
#672 = DIRECTION('',(0.,1.,0.));
#673 = ORIENTED_EDGE('',*,*,#674,.F.);
#674 = EDGE_CURVE('',#490,#667,#675,.T.);
#675 = LINE('',#676,#677);
#676 = CARTESIAN_POINT('',(9.,9.,571.));
#677 = VECTOR('',#678,1.);
#678 = DIRECTION('',(1.,0.,0.));
#679 = PLANE('',#680);
#680 = AXIS2_PLACEMENT_3D('',#681,#682,#683);
#681 = CARTESIAN_POINT('',(9.,0.,571.));
#682 = DIRECTION('',(0.,0.,1.));
#683 = DIRECTION('',(1.,0.,0.));
#684 = ADVANCED_FACE('',(#685,#703,#714,#725,#736,#747,#758,#792,#803,
    #814),#825,.T.);
#685 = FACE_BOUND('',#686,.T.);
#686 = EDGE_LOOP('',(#687,#695,#696,#697));
#687 = ORIENTED_EDGE('',*,*,#688,.F.);
#688 = EDGE_CURVE('',#482,#689,#691,.T.);
#689 = VERTEX_POINT('',#690);
#690 = CARTESIAN_POINT('',(541.,9.,29.));
#691 = LINE('',#692,#693);
#692 = CARTESIAN_POINT('',(9.,9.,29.));
#693 = VECTOR('',#694,1.);
#694 = DIRECTION('',(1.,0.,0.));
#695 = ORIENTED_EDGE('',*,*,#489,.T.);
#696 = ORIENTED_EDGE('',*,*,#674,.T.);
#697 = ORIENTED_EDGE('',*,*,#698,.F.);
#698 = EDGE_CURVE('',#689,#667,#699,.T.);
#699 = LINE('',#700,#701);
#700 = CARTESIAN_POINT('',(541.,9.,29.));
#701 = VECTOR('',#702,1.);
#702 = DIRECTION('',(0.,0.,1.));
#703 = FACE_BOUND('',#704,.T.);
#704 = EDGE_LOOP('',(#705));
#705 = ORIENTED_EDGE('',*,*,#706,.F.);
#706 = EDGE_CURVE('',#707,#707,#709,.T.);
#707 = VERTEX_POINT('',#708);
#708 = CARTESIAN_POINT('',(20.,9.,57.75));
#709 = CIRCLE('',#710,2.75);
#710 = AXIS2_PLACEMENT_3D('',#711,#712,#713);
#711 = CARTESIAN_POINT('',(20.,9.,55.));
#712 = DIRECTION('',(0.,1.,0.));
#713 = DIRECTION('',(0.,0.,1.));
#714 = FACE_BOUND('',#715,.T.);
#715 = EDGE_LOOP('',(#716));
#716 = ORIENTED_EDGE('',*,*,#717,.F.);
#717 = EDGE_CURVE('',#718,#718,#720,.T.);
#718 = VERTEX_POINT('',#719);
#719 = CARTESIAN_POINT('',(20.,9.,307.75));
#720 = CIRCLE('',#721,2.75);
#721 = AXIS2_PLACEMENT_3D('',#722,#723,#724);
#722 = CARTESIAN_POINT('',(20.,9.,305.));
#723 = DIRECTION('',(0.,1.,0.));
#724 = DIRECTION('',(0.,0.,1.));
#725 = FACE_BOUND('',#726,.T.);
#726 = EDGE_LOOP('',(#727));
#727 = ORIENTED_EDGE('',*,*,#728,.F.);
#728 = EDGE_CURVE('',#729,#729,#731,.T.);
#729 = VERTEX_POINT('',#730);
#730 = CARTESIAN_POINT('',(20.,9.,557.75));
#731 = CIRCLE('',#732,2.75);
#732 = AXIS2_PLACEMENT_3D('',#733,#734,#735);
#733 = CARTESIAN_POINT('',(20.,9.,555.));
#734 = DIRECTION('',(0.,1.,0.));
#735 = DIRECTION('',(0.,0.,1.));
#736 = FACE_BOUND('',#737,.T.);
#737 = EDGE_LOOP('',(#738));
#738 = ORIENTED_EDGE('',*,*,#739,.F.);
#739 = EDGE_CURVE('',#740,#740,#742,.T.);
#740 = VERTEX_POINT('',#741);
#741 = CARTESIAN_POINT('',(275.,9.,52.75));
#742 = CIRCLE('',#743,2.75);
#743 = AXIS2_PLACEMENT_3D('',#744,#745,#746);
#744 = CARTESIAN_POINT('',(275.,9.,50.));
#745 = DIRECTION('',(0.,1.,0.));
#746 = DIRECTION('',(0.,0.,1.));
#747 = FACE_BOUND('',#748,.T.);
#748 = EDGE_LOOP('',(#749));
#749 = ORIENTED_EDGE('',*,*,#750,.F.);
#750 = EDGE_CURVE('',#751,#751,#753,.T.);
#751 = VERTEX_POINT('',#752);
#752 = CARTESIAN_POINT('',(530.,9.,57.75));
#753 = CIRCLE('',#754,2.75);
#754 = AXIS2_PLACEMENT_3D('',#755,#756,#757);
#755 = CARTESIAN_POINT('',(530.,9.,55.));
#756 = DIRECTION('',(0.,1.,0.));
#757 = DIRECTION('',(0.,0.,1.));
#758 = FACE_BOUND('',#759,.T.);
#759 = EDGE_LOOP('',(#760,#770,#778,#786));
#760 = ORIENTED_EDGE('',*,*,#761,.F.);
#761 = EDGE_CURVE('',#762,#764,#766,.T.);
#762 = VERTEX_POINT('',#763);
#763 = CARTESIAN_POINT('',(40.,9.,540.));
#764 = VERTEX_POINT('',#765);
#765 = CARTESIAN_POINT('',(510.,9.,540.));
#766 = LINE('',#767,#768);
#767 = CARTESIAN_POINT('',(24.5,9.,540.));
#768 = VECTOR('',#769,1.);
#769 = DIRECTION('',(1.,0.,0.));
#770 = ORIENTED_EDGE('',*,*,#771,.T.);
#771 = EDGE_CURVE('',#762,#772,#774,.T.);
#772 = VERTEX_POINT('',#773);
#773 = CARTESIAN_POINT('',(40.,9.,70.));
#774 = LINE('',#775,#776);
#775 = CARTESIAN_POINT('',(40.,9.,49.5));
#776 = VECTOR('',#777,1.);
#777 = DIRECTION('',(0.,0.,-1.));
#778 = ORIENTED_EDGE('',*,*,#779,.T.);
#779 = EDGE_CURVE('',#772,#780,#782,.T.);
#780 = VERTEX_POINT('',#781);
#781 = CARTESIAN_POINT('',(510.,9.,70.));
#782 = LINE('',#783,#784);
#783 = CARTESIAN_POINT('',(24.5,9.,70.));
#784 = VECTOR('',#785,1.);
#785 = DIRECTION('',(1.,0.,0.));
#786 = ORIENTED_EDGE('',*,*,#787,.F.);
#787 = EDGE_CURVE('',#764,#780,#788,.T.);
#788 = LINE('',#789,#790);
#789 = CARTESIAN_POINT('',(510.,9.,49.5));
#790 = VECTOR('',#791,1.);
#791 = DIRECTION('',(0.,0.,-1.));
#792 = FACE_BOUND('',#793,.T.);
#793 = EDGE_LOOP('',(#794));
#794 = ORIENTED_EDGE('',*,*,#795,.F.);
#795 = EDGE_CURVE('',#796,#796,#798,.T.);
#796 = VERTEX_POINT('',#797);
#797 = CARTESIAN_POINT('',(275.,9.,562.75));
#798 = CIRCLE('',#799,2.75);
#799 = AXIS2_PLACEMENT_3D('',#800,#801,#802);
#800 = CARTESIAN_POINT('',(275.,9.,560.));
#801 = DIRECTION('',(0.,1.,0.));
#802 = DIRECTION('',(0.,0.,1.));
#803 = FACE_BOUND('',#804,.T.);
#804 = EDGE_LOOP('',(#805));
#805 = ORIENTED_EDGE('',*,*,#806,.F.);
#806 = EDGE_CURVE('',#807,#807,#809,.T.);
#807 = VERTEX_POINT('',#808);
#808 = CARTESIAN_POINT('',(530.,9.,307.75));
#809 = CIRCLE('',#810,2.75);
#810 = AXIS2_PLACEMENT_3D('',#811,#812,#813);
#811 = CARTESIAN_POINT('',(530.,9.,305.));
#812 = DIRECTION('',(0.,1.,0.));
#813 = DIRECTION('',(0.,0.,1.));
#814 = FACE_BOUND('',#815,.T.);
#815 = EDGE_LOOP('',(#816));
#816 = ORIENTED_EDGE('',*,*,#817,.F.);
#817 = EDGE_CURVE('',#818,#818,#820,.T.);
#818 = VERTEX_POINT('',#819);
#819 = CARTESIAN_POINT('',(530.,9.,557.75));
#820 = CIRCLE('',#821,2.75);
#821 = AXIS2_PLACEMENT_3D('',#822,#823,#824);
#822 = CARTESIAN_POINT('',(530.,9.,555.));
#823 = DIRECTION('',(0.,1.,0.));
#824 = DIRECTION('',(0.,0.,1.));
#825 = PLANE('',#826);
#826 = AXIS2_PLACEMENT_3D('',#827,#828,#829);
#827 = CARTESIAN_POINT('',(9.,9.,29.));
#828 = DIRECTION('',(0.,1.,0.));
#829 = DIRECTION('',(0.,0.,1.));
#830 = ADVANCED_FACE('',(#831),#842,.F.);
#831 = FACE_BOUND('',#832,.F.);
#832 = EDGE_LOOP('',(#833,#834,#835,#841));
#833 = ORIENTED_EDGE('',*,*,#481,.F.);
#834 = ORIENTED_EDGE('',*,*,#511,.T.);
#835 = ORIENTED_EDGE('',*,*,#836,.T.);
#836 = EDGE_CURVE('',#512,#689,#837,.T.);
#837 = LINE('',#838,#839);
#838 = CARTESIAN_POINT('',(541.,0.,29.));
#839 = VECTOR('',#840,1.);
#840 = DIRECTION('',(0.,1.,0.));
#841 = ORIENTED_EDGE('',*,*,#688,.F.);
#842 = PLANE('',#843);
#843 = AXIS2_PLACEMENT_3D('',#844,#845,#846);
#844 = CARTESIAN_POINT('',(9.,0.,29.));
#845 = DIRECTION('',(0.,0.,1.));
#846 = DIRECTION('',(1.,0.,0.));
#847 = ADVANCED_FACE('',(#848),#854,.T.);
#848 = FACE_BOUND('',#849,.T.);
#849 = EDGE_LOOP('',(#850,#851,#852,#853));
#850 = ORIENTED_EDGE('',*,*,#528,.F.);
#851 = ORIENTED_EDGE('',*,*,#836,.T.);
#852 = ORIENTED_EDGE('',*,*,#698,.T.);
#853 = ORIENTED_EDGE('',*,*,#666,.F.);
#854 = PLANE('',#855);
#855 = AXIS2_PLACEMENT_3D('',#856,#857,#858);
#856 = CARTESIAN_POINT('',(541.,0.,29.));
#857 = DIRECTION('',(1.,0.,0.));
#858 = DIRECTION('',(0.,0.,1.));
#859 = ADVANCED_FACE('',(#860),#871,.F.);
#860 = FACE_BOUND('',#861,.F.);
#861 = EDGE_LOOP('',(#862,#863,#869,#870));
#862 = ORIENTED_EDGE('',*,*,#706,.F.);
#863 = ORIENTED_EDGE('',*,*,#864,.F.);
#864 = EDGE_CURVE('',#537,#707,#865,.T.);
#865 = LINE('',#866,#867);
#866 = CARTESIAN_POINT('',(20.,-1.,57.75));
#867 = VECTOR('',#868,1.);
#868 = DIRECTION('',(0.,1.,0.));
#869 = ORIENTED_EDGE('',*,*,#536,.T.);
#870 = ORIENTED_EDGE('',*,*,#864,.T.);
#871 = CYLINDRICAL_SURFACE('',#872,2.75);
#872 = AXIS2_PLACEMENT_3D('',#873,#874,#875);
#873 = CARTESIAN_POINT('',(20.,-1.,55.));
#874 = DIRECTION('',(0.,1.,0.));
#875 = DIRECTION('',(0.,0.,1.));
#876 = ADVANCED_FACE('',(#877),#888,.F.);
#877 = FACE_BOUND('',#878,.F.);
#878 = EDGE_LOOP('',(#879,#880,#886,#887));
#879 = ORIENTED_EDGE('',*,*,#717,.F.);
#880 = ORIENTED_EDGE('',*,*,#881,.F.);
#881 = EDGE_CURVE('',#548,#718,#882,.T.);
#882 = LINE('',#883,#884);
#883 = CARTESIAN_POINT('',(20.,-1.,307.75));
#884 = VECTOR('',#885,1.);
#885 = DIRECTION('',(0.,1.,0.));
#886 = ORIENTED_EDGE('',*,*,#547,.T.);
#887 = ORIENTED_EDGE('',*,*,#881,.T.);
#888 = CYLINDRICAL_SURFACE('',#889,2.75);
#889 = AXIS2_PLACEMENT_3D('',#890,#891,#892);
#890 = CARTESIAN_POINT('',(20.,-1.,305.));
#891 = DIRECTION('',(0.,1.,0.));
#892 = DIRECTION('',(0.,0.,1.));
#893 = ADVANCED_FACE('',(#894),#905,.F.);
#894 = FACE_BOUND('',#895,.F.);
#895 = EDGE_LOOP('',(#896,#897,#903,#904));
#896 = ORIENTED_EDGE('',*,*,#728,.F.);
#897 = ORIENTED_EDGE('',*,*,#898,.F.);
#898 = EDGE_CURVE('',#559,#729,#899,.T.);
#899 = LINE('',#900,#901);
#900 = CARTESIAN_POINT('',(20.,-1.,557.75));
#901 = VECTOR('',#902,1.);
#902 = DIRECTION('',(0.,1.,0.));
#903 = ORIENTED_EDGE('',*,*,#558,.T.);
#904 = ORIENTED_EDGE('',*,*,#898,.T.);
#905 = CYLINDRICAL_SURFACE('',#906,2.75);
#906 = AXIS2_PLACEMENT_3D('',#907,#908,#909);
#907 = CARTESIAN_POINT('',(20.,-1.,555.));
#908 = DIRECTION('',(0.,1.,0.));
#909 = DIRECTION('',(0.,0.,1.));
#910 = ADVANCED_FACE('',(#911),#922,.F.);
#911 = FACE_BOUND('',#912,.F.);
#912 = EDGE_LOOP('',(#913,#914,#920,#921));
#913 = ORIENTED_EDGE('',*,*,#739,.F.);
#914 = ORIENTED_EDGE('',*,*,#915,.F.);
#915 = EDGE_CURVE('',#570,#740,#916,.T.);
#916 = LINE('',#917,#918);
#917 = CARTESIAN_POINT('',(275.,-1.,52.75));
#918 = VECTOR('',#919,1.);
#919 = DIRECTION('',(0.,1.,0.));
#920 = ORIENTED_EDGE('',*,*,#569,.T.);
#921 = ORIENTED_EDGE('',*,*,#915,.T.);
#922 = CYLINDRICAL_SURFACE('',#923,2.75);
#923 = AXIS2_PLACEMENT_3D('',#924,#925,#926);
#924 = CARTESIAN_POINT('',(275.,-1.,50.));
#925 = DIRECTION('',(0.,1.,0.));
#926 = DIRECTION('',(0.,0.,1.));
#927 = ADVANCED_FACE('',(#928),#939,.F.);
#928 = FACE_BOUND('',#929,.F.);
#929 = EDGE_LOOP('',(#930,#931,#937,#938));
#930 = ORIENTED_EDGE('',*,*,#750,.F.);
#931 = ORIENTED_EDGE('',*,*,#932,.F.);
#932 = EDGE_CURVE('',#581,#751,#933,.T.);
#933 = LINE('',#934,#935);
#934 = CARTESIAN_POINT('',(530.,-1.,57.75));
#935 = VECTOR('',#936,1.);
#936 = DIRECTION('',(0.,1.,0.));
#937 = ORIENTED_EDGE('',*,*,#580,.T.);
#938 = ORIENTED_EDGE('',*,*,#932,.T.);
#939 = CYLINDRICAL_SURFACE('',#940,2.75);
#940 = AXIS2_PLACEMENT_3D('',#941,#942,#943);
#941 = CARTESIAN_POINT('',(530.,-1.,55.));
#942 = DIRECTION('',(0.,1.,0.));
#943 = DIRECTION('',(0.,0.,1.));
#944 = ADVANCED_FACE('',(#945),#961,.F.);
#945 = FACE_BOUND('',#946,.F.);
#946 = EDGE_LOOP('',(#947,#953,#954,#960));
#947 = ORIENTED_EDGE('',*,*,#948,.F.);
#948 = EDGE_CURVE('',#592,#762,#949,.T.);
#949 = LINE('',#950,#951);
#950 = CARTESIAN_POINT('',(40.,-1.,540.));
#951 = VECTOR('',#952,1.);
#952 = DIRECTION('',(0.,1.,0.));
#953 = ORIENTED_EDGE('',*,*,#591,.T.);
#954 = ORIENTED_EDGE('',*,*,#955,.T.);
#955 = EDGE_CURVE('',#594,#764,#956,.T.);
#956 = LINE('',#957,#958);
#957 = CARTESIAN_POINT('',(510.,-1.,540.));
#958 = VECTOR('',#959,1.);
#959 = DIRECTION('',(0.,1.,0.));
#960 = ORIENTED_EDGE('',*,*,#761,.F.);
#961 = PLANE('',#962);
#962 = AXIS2_PLACEMENT_3D('',#963,#964,#965);
#963 = CARTESIAN_POINT('',(40.,-1.,540.));
#964 = DIRECTION('',(0.,0.,1.));
#965 = DIRECTION('',(1.,0.,0.));
#966 = ADVANCED_FACE('',(#967),#978,.T.);
#967 = FACE_BOUND('',#968,.T.);
#968 = EDGE_LOOP('',(#969,#970,#971,#977));
#969 = ORIENTED_EDGE('',*,*,#948,.F.);
#970 = ORIENTED_EDGE('',*,*,#601,.T.);
#971 = ORIENTED_EDGE('',*,*,#972,.T.);
#972 = EDGE_CURVE('',#602,#772,#973,.T.);
#973 = LINE('',#974,#975);
#974 = CARTESIAN_POINT('',(40.,-1.,70.));
#975 = VECTOR('',#976,1.);
#976 = DIRECTION('',(0.,1.,0.));
#977 = ORIENTED_EDGE('',*,*,#771,.F.);
#978 = PLANE('',#979);
#979 = AXIS2_PLACEMENT_3D('',#980,#981,#982);
#980 = CARTESIAN_POINT('',(40.,-1.,70.));
#981 = DIRECTION('',(1.,0.,0.));
#982 = DIRECTION('',(0.,0.,1.));
#983 = ADVANCED_FACE('',(#984),#995,.F.);
#984 = FACE_BOUND('',#985,.F.);
#985 = EDGE_LOOP('',(#986,#987,#988,#994));
#986 = ORIENTED_EDGE('',*,*,#955,.F.);
#987 = ORIENTED_EDGE('',*,*,#617,.T.);
#988 = ORIENTED_EDGE('',*,*,#989,.T.);
#989 = EDGE_CURVE('',#610,#780,#990,.T.);
#990 = LINE('',#991,#992);
#991 = CARTESIAN_POINT('',(510.,-1.,70.));
#992 = VECTOR('',#993,1.);
#993 = DIRECTION('',(0.,1.,0.));
#994 = ORIENTED_EDGE('',*,*,#787,.F.);
#995 = PLANE('',#996);
#996 = AXIS2_PLACEMENT_3D('',#997,#998,#999);
#997 = CARTESIAN_POINT('',(510.,-1.,70.));
#998 = DIRECTION('',(1.,0.,0.));
#999 = DIRECTION('',(0.,0.,1.));
#1000 = ADVANCED_FACE('',(#1001),#1007,.T.);
#1001 = FACE_BOUND('',#1002,.T.);
#1002 = EDGE_LOOP('',(#1003,#1004,#1005,#1006));
#1003 = ORIENTED_EDGE('',*,*,#972,.F.);
#1004 = ORIENTED_EDGE('',*,*,#609,.T.);
#1005 = ORIENTED_EDGE('',*,*,#989,.T.);
#1006 = ORIENTED_EDGE('',*,*,#779,.F.);
#1007 = PLANE('',#1008);
#1008 = AXIS2_PLACEMENT_3D('',#1009,#1010,#1011);
#1009 = CARTESIAN_POINT('',(40.,-1.,70.));
#1010 = DIRECTION('',(0.,0.,1.));
#1011 = DIRECTION('',(1.,0.,0.));
#1012 = ADVANCED_FACE('',(#1013),#1024,.F.);
#1013 = FACE_BOUND('',#1014,.F.);
#1014 = EDGE_LOOP('',(#1015,#1016,#1022,#1023));
#1015 = ORIENTED_EDGE('',*,*,#795,.F.);
#1016 = ORIENTED_EDGE('',*,*,#1017,.F.);
#1017 = EDGE_CURVE('',#626,#796,#1018,.T.);
#1018 = LINE('',#1019,#1020);
#1019 = CARTESIAN_POINT('',(275.,-1.,562.75));
#1020 = VECTOR('',#1021,1.);
#1021 = DIRECTION('',(0.,1.,0.));
#1022 = ORIENTED_EDGE('',*,*,#625,.T.);
#1023 = ORIENTED_EDGE('',*,*,#1017,.T.);
#1024 = CYLINDRICAL_SURFACE('',#1025,2.75);
#1025 = AXIS2_PLACEMENT_3D('',#1026,#1027,#1028);
#1026 = CARTESIAN_POINT('',(275.,-1.,560.));
#1027 = DIRECTION('',(0.,1.,0.));
#1028 = DIRECTION('',(0.,0.,1.));
#1029 = ADVANCED_FACE('',(#1030),#1041,.F.);
#1030 = FACE_BOUND('',#1031,.F.);
#1031 = EDGE_LOOP('',(#1032,#1033,#1039,#1040));
#1032 = ORIENTED_EDGE('',*,*,#806,.F.);
#1033 = ORIENTED_EDGE('',*,*,#1034,.F.);
#1034 = EDGE_CURVE('',#637,#807,#1035,.T.);
#1035 = LINE('',#1036,#1037);
#1036 = CARTESIAN_POINT('',(530.,-1.,307.75));
#1037 = VECTOR('',#1038,1.);
#1038 = DIRECTION('',(0.,1.,0.));
#1039 = ORIENTED_EDGE('',*,*,#636,.T.);
#1040 = ORIENTED_EDGE('',*,*,#1034,.T.);
#1041 = CYLINDRICAL_SURFACE('',#1042,2.75);
#1042 = AXIS2_PLACEMENT_3D('',#1043,#1044,#1045);
#1043 = CARTESIAN_POINT('',(530.,-1.,305.));
#1044 = DIRECTION('',(0.,1.,0.));
#1045 = DIRECTION('',(0.,0.,1.));
#1046 = ADVANCED_FACE('',(#1047),#1058,.F.);
#1047 = FACE_BOUND('',#1048,.F.);
#1048 = EDGE_LOOP('',(#1049,#1050,#1056,#1057));
#1049 = ORIENTED_EDGE('',*,*,#817,.F.);
#1050 = ORIENTED_EDGE('',*,*,#1051,.F.);
#1051 = EDGE_CURVE('',#648,#818,#1052,.T.);
#1052 = LINE('',#1053,#1054);
#1053 = CARTESIAN_POINT('',(530.,-1.,557.75));
#1054 = VECTOR('',#1055,1.);
#1055 = DIRECTION('',(0.,1.,0.));
#1056 = ORIENTED_EDGE('',*,*,#647,.T.);
#1057 = ORIENTED_EDGE('',*,*,#1051,.T.);
#1058 = CYLINDRICAL_SURFACE('',#1059,2.75);
#1059 = AXIS2_PLACEMENT_3D('',#1060,#1061,#1062);
#1060 = CARTESIAN_POINT('',(530.,-1.,555.));
#1061 = DIRECTION('',(0.,1.,0.));
#1062 = DIRECTION('',(0.,0.,1.));
#1063 = MANIFOLD_SOLID_BREP('',#1064);
#1064 = CLOSED_SHELL('',(#1065,#1105,#1170,#1194,#1252,#1269,#1281,#1303
    ,#1320,#1337));
#1065 = ADVANCED_FACE('',(#1066),#1100,.F.);
#1066 = FACE_BOUND('',#1067,.F.);
#1067 = EDGE_LOOP('',(#1068,#1078,#1086,#1094));
#1068 = ORIENTED_EDGE('',*,*,#1069,.F.);
#1069 = EDGE_CURVE('',#1070,#1072,#1074,.T.);
#1070 = VERTEX_POINT('',#1071);
#1071 = CARTESIAN_POINT('',(27.35,-3.,57.35));
#1072 = VERTEX_POINT('',#1073);
#1073 = CARTESIAN_POINT('',(27.35,-3.,552.65));
#1074 = LINE('',#1075,#1076);
#1075 = CARTESIAN_POINT('',(27.35,-3.,57.35));
#1076 = VECTOR('',#1077,1.);
#1077 = DIRECTION('',(0.,0.,1.));
#1078 = ORIENTED_EDGE('',*,*,#1079,.T.);
#1079 = EDGE_CURVE('',#1070,#1080,#1082,.T.);
#1080 = VERTEX_POINT('',#1081);
#1081 = CARTESIAN_POINT('',(27.35,0.,57.35));
#1082 = LINE('',#1083,#1084);
#1083 = CARTESIAN_POINT('',(27.35,-3.,57.35));
#1084 = VECTOR('',#1085,1.);
#1085 = DIRECTION('',(0.,1.,0.));
#1086 = ORIENTED_EDGE('',*,*,#1087,.T.);
#1087 = EDGE_CURVE('',#1080,#1088,#1090,.T.);
#1088 = VERTEX_POINT('',#1089);
#1089 = CARTESIAN_POINT('',(27.35,0.,552.65));
#1090 = LINE('',#1091,#1092);
#1091 = CARTESIAN_POINT('',(27.35,0.,57.35));
#1092 = VECTOR('',#1093,1.);
#1093 = DIRECTION('',(0.,0.,1.));
#1094 = ORIENTED_EDGE('',*,*,#1095,.F.);
#1095 = EDGE_CURVE('',#1072,#1088,#1096,.T.);
#1096 = LINE('',#1097,#1098);
#1097 = CARTESIAN_POINT('',(27.35,-3.,552.65));
#1098 = VECTOR('',#1099,1.);
#1099 = DIRECTION('',(0.,1.,0.));
#1100 = PLANE('',#1101);
#1101 = AXIS2_PLACEMENT_3D('',#1102,#1103,#1104);
#1102 = CARTESIAN_POINT('',(27.35,-3.,57.35));
#1103 = DIRECTION('',(1.,0.,0.));
#1104 = DIRECTION('',(0.,0.,1.));
#1105 = ADVANCED_FACE('',(#1106,#1131),#1165,.F.);
#1106 = FACE_BOUND('',#1107,.F.);
#1107 = EDGE_LOOP('',(#1108,#1116,#1117,#1125));
#1108 = ORIENTED_EDGE('',*,*,#1109,.F.);
#1109 = EDGE_CURVE('',#1070,#1110,#1112,.T.);
#1110 = VERTEX_POINT('',#1111);
#1111 = CARTESIAN_POINT('',(522.65,-3.,57.35));
#1112 = LINE('',#1113,#1114);
#1113 = CARTESIAN_POINT('',(27.35,-3.,57.35));
#1114 = VECTOR('',#1115,1.);
#1115 = DIRECTION('',(1.,0.,0.));
#1116 = ORIENTED_EDGE('',*,*,#1069,.T.);
#1117 = ORIENTED_EDGE('',*,*,#1118,.T.);
#1118 = EDGE_CURVE('',#1072,#1119,#1121,.T.);
#1119 = VERTEX_POINT('',#1120);
#1120 = CARTESIAN_POINT('',(522.65,-3.,552.65));
#1121 = LINE('',#1122,#1123);
#1122 = CARTESIAN_POINT('',(27.35,-3.,552.65));
#1123 = VECTOR('',#1124,1.);
#1124 = DIRECTION('',(1.,0.,0.));
#1125 = ORIENTED_EDGE('',*,*,#1126,.F.);
#1126 = EDGE_CURVE('',#1110,#1119,#1127,.T.);
#1127 = LINE('',#1128,#1129);
#1128 = CARTESIAN_POINT('',(522.65,-3.,57.35));
#1129 = VECTOR('',#1130,1.);
#1130 = DIRECTION('',(0.,0.,1.));
#1131 = FACE_BOUND('',#1132,.F.);
#1132 = EDGE_LOOP('',(#1133,#1143,#1151,#1159));
#1133 = ORIENTED_EDGE('',*,*,#1134,.F.);
#1134 = EDGE_CURVE('',#1135,#1137,#1139,.T.);
#1135 = VERTEX_POINT('',#1136);
#1136 = CARTESIAN_POINT('',(37.35,-3.,542.65));
#1137 = VERTEX_POINT('',#1138);
#1138 = CARTESIAN_POINT('',(512.65,-3.,542.65));
#1139 = LINE('',#1140,#1141);
#1140 = CARTESIAN_POINT('',(32.35,-3.,542.65));
#1141 = VECTOR('',#1142,1.);
#1142 = DIRECTION('',(1.,0.,0.));
#1143 = ORIENTED_EDGE('',*,*,#1144,.T.);
#1144 = EDGE_CURVE('',#1135,#1145,#1147,.T.);
#1145 = VERTEX_POINT('',#1146);
#1146 = CARTESIAN_POINT('',(37.35,-3.,67.35));
#1147 = LINE('',#1148,#1149);
#1148 = CARTESIAN_POINT('',(37.35,-3.,62.35));
#1149 = VECTOR('',#1150,1.);
#1150 = DIRECTION('',(0.,0.,-1.));
#1151 = ORIENTED_EDGE('',*,*,#1152,.T.);
#1152 = EDGE_CURVE('',#1145,#1153,#1155,.T.);
#1153 = VERTEX_POINT('',#1154);
#1154 = CARTESIAN_POINT('',(512.65,-3.,67.35));
#1155 = LINE('',#1156,#1157);
#1156 = CARTESIAN_POINT('',(32.35,-3.,67.35));
#1157 = VECTOR('',#1158,1.);
#1158 = DIRECTION('',(1.,0.,0.));
#1159 = ORIENTED_EDGE('',*,*,#1160,.F.);
#1160 = EDGE_CURVE('',#1137,#1153,#1161,.T.);
#1161 = LINE('',#1162,#1163);
#1162 = CARTESIAN_POINT('',(512.65,-3.,62.35));
#1163 = VECTOR('',#1164,1.);
#1164 = DIRECTION('',(0.,0.,-1.));
#1165 = PLANE('',#1166);
#1166 = AXIS2_PLACEMENT_3D('',#1167,#1168,#1169);
#1167 = CARTESIAN_POINT('',(27.35,-3.,57.35));
#1168 = DIRECTION('',(0.,1.,0.));
#1169 = DIRECTION('',(0.,0.,1.));
#1170 = ADVANCED_FACE('',(#1171),#1189,.T.);
#1171 = FACE_BOUND('',#1172,.T.);
#1172 = EDGE_LOOP('',(#1173,#1174,#1175,#1183));
#1173 = ORIENTED_EDGE('',*,*,#1095,.F.);
#1174 = ORIENTED_EDGE('',*,*,#1118,.T.);
#1175 = ORIENTED_EDGE('',*,*,#1176,.T.);
#1176 = EDGE_CURVE('',#1119,#1177,#1179,.T.);
#1177 = VERTEX_POINT('',#1178);
#1178 = CARTESIAN_POINT('',(522.65,0.,552.65));
#1179 = LINE('',#1180,#1181);
#1180 = CARTESIAN_POINT('',(522.65,-3.,552.65));
#1181 = VECTOR('',#1182,1.);
#1182 = DIRECTION('',(0.,1.,0.));
#1183 = ORIENTED_EDGE('',*,*,#1184,.F.);
#1184 = EDGE_CURVE('',#1088,#1177,#1185,.T.);
#1185 = LINE('',#1186,#1187);
#1186 = CARTESIAN_POINT('',(27.35,0.,552.65));
#1187 = VECTOR('',#1188,1.);
#1188 = DIRECTION('',(1.,0.,0.));
#1189 = PLANE('',#1190);
#1190 = AXIS2_PLACEMENT_3D('',#1191,#1192,#1193);
#1191 = CARTESIAN_POINT('',(27.35,-3.,552.65));
#1192 = DIRECTION('',(0.,0.,1.));
#1193 = DIRECTION('',(1.,0.,0.));
#1194 = ADVANCED_FACE('',(#1195,#1213),#1247,.T.);
#1195 = FACE_BOUND('',#1196,.T.);
#1196 = EDGE_LOOP('',(#1197,#1205,#1206,#1207));
#1197 = ORIENTED_EDGE('',*,*,#1198,.F.);
#1198 = EDGE_CURVE('',#1080,#1199,#1201,.T.);
#1199 = VERTEX_POINT('',#1200);
#1200 = CARTESIAN_POINT('',(522.65,0.,57.35));
#1201 = LINE('',#1202,#1203);
#1202 = CARTESIAN_POINT('',(27.35,0.,57.35));
#1203 = VECTOR('',#1204,1.);
#1204 = DIRECTION('',(1.,0.,0.));
#1205 = ORIENTED_EDGE('',*,*,#1087,.T.);
#1206 = ORIENTED_EDGE('',*,*,#1184,.T.);
#1207 = ORIENTED_EDGE('',*,*,#1208,.F.);
#1208 = EDGE_CURVE('',#1199,#1177,#1209,.T.);
#1209 = LINE('',#1210,#1211);
#1210 = CARTESIAN_POINT('',(522.65,0.,57.35));
#1211 = VECTOR('',#1212,1.);
#1212 = DIRECTION('',(0.,0.,1.));
#1213 = FACE_BOUND('',#1214,.T.);
#1214 = EDGE_LOOP('',(#1215,#1225,#1233,#1241));
#1215 = ORIENTED_EDGE('',*,*,#1216,.F.);
#1216 = EDGE_CURVE('',#1217,#1219,#1221,.T.);
#1217 = VERTEX_POINT('',#1218);
#1218 = CARTESIAN_POINT('',(37.35,0.,542.65));
#1219 = VERTEX_POINT('',#1220);
#1220 = CARTESIAN_POINT('',(512.65,0.,542.65));
#1221 = LINE('',#1222,#1223);
#1222 = CARTESIAN_POINT('',(32.35,0.,542.65));
#1223 = VECTOR('',#1224,1.);
#1224 = DIRECTION('',(1.,0.,0.));
#1225 = ORIENTED_EDGE('',*,*,#1226,.T.);
#1226 = EDGE_CURVE('',#1217,#1227,#1229,.T.);
#1227 = VERTEX_POINT('',#1228);
#1228 = CARTESIAN_POINT('',(37.35,0.,67.35));
#1229 = LINE('',#1230,#1231);
#1230 = CARTESIAN_POINT('',(37.35,0.,62.35));
#1231 = VECTOR('',#1232,1.);
#1232 = DIRECTION('',(0.,0.,-1.));
#1233 = ORIENTED_EDGE('',*,*,#1234,.T.);
#1234 = EDGE_CURVE('',#1227,#1235,#1237,.T.);
#1235 = VERTEX_POINT('',#1236);
#1236 = CARTESIAN_POINT('',(512.65,0.,67.35));
#1237 = LINE('',#1238,#1239);
#1238 = CARTESIAN_POINT('',(32.35,0.,67.35));
#1239 = VECTOR('',#1240,1.);
#1240 = DIRECTION('',(1.,0.,0.));
#1241 = ORIENTED_EDGE('',*,*,#1242,.F.);
#1242 = EDGE_CURVE('',#1219,#1235,#1243,.T.);
#1243 = LINE('',#1244,#1245);
#1244 = CARTESIAN_POINT('',(512.65,0.,62.35));
#1245 = VECTOR('',#1246,1.);
#1246 = DIRECTION('',(0.,0.,-1.));
#1247 = PLANE('',#1248);
#1248 = AXIS2_PLACEMENT_3D('',#1249,#1250,#1251);
#1249 = CARTESIAN_POINT('',(27.35,0.,57.35));
#1250 = DIRECTION('',(0.,1.,0.));
#1251 = DIRECTION('',(0.,0.,1.));
#1252 = ADVANCED_FACE('',(#1253),#1264,.F.);
#1253 = FACE_BOUND('',#1254,.F.);
#1254 = EDGE_LOOP('',(#1255,#1256,#1257,#1263));
#1255 = ORIENTED_EDGE('',*,*,#1079,.F.);
#1256 = ORIENTED_EDGE('',*,*,#1109,.T.);
#1257 = ORIENTED_EDGE('',*,*,#1258,.T.);
#1258 = EDGE_CURVE('',#1110,#1199,#1259,.T.);
#1259 = LINE('',#1260,#1261);
#1260 = CARTESIAN_POINT('',(522.65,-3.,57.35));
#1261 = VECTOR('',#1262,1.);
#1262 = DIRECTION('',(0.,1.,0.));
#1263 = ORIENTED_EDGE('',*,*,#1198,.F.);
#1264 = PLANE('',#1265);
#1265 = AXIS2_PLACEMENT_3D('',#1266,#1267,#1268);
#1266 = CARTESIAN_POINT('',(27.35,-3.,57.35));
#1267 = DIRECTION('',(0.,0.,1.));
#1268 = DIRECTION('',(1.,0.,0.));
#1269 = ADVANCED_FACE('',(#1270),#1276,.T.);
#1270 = FACE_BOUND('',#1271,.T.);
#1271 = EDGE_LOOP('',(#1272,#1273,#1274,#1275));
#1272 = ORIENTED_EDGE('',*,*,#1126,.F.);
#1273 = ORIENTED_EDGE('',*,*,#1258,.T.);
#1274 = ORIENTED_EDGE('',*,*,#1208,.T.);
#1275 = ORIENTED_EDGE('',*,*,#1176,.F.);
#1276 = PLANE('',#1277);
#1277 = AXIS2_PLACEMENT_3D('',#1278,#1279,#1280);
#1278 = CARTESIAN_POINT('',(522.65,-3.,57.35));
#1279 = DIRECTION('',(1.,0.,0.));
#1280 = DIRECTION('',(0.,0.,1.));
#1281 = ADVANCED_FACE('',(#1282),#1298,.F.);
#1282 = FACE_BOUND('',#1283,.F.);
#1283 = EDGE_LOOP('',(#1284,#1290,#1291,#1297));
#1284 = ORIENTED_EDGE('',*,*,#1285,.F.);
#1285 = EDGE_CURVE('',#1135,#1217,#1286,.T.);
#1286 = LINE('',#1287,#1288);
#1287 = CARTESIAN_POINT('',(37.35,-4.,542.65));
#1288 = VECTOR('',#1289,1.);
#1289 = DIRECTION('',(0.,1.,0.));
#1290 = ORIENTED_EDGE('',*,*,#1134,.T.);
#1291 = ORIENTED_EDGE('',*,*,#1292,.T.);
#1292 = EDGE_CURVE('',#1137,#1219,#1293,.T.);
#1293 = LINE('',#1294,#1295);
#1294 = CARTESIAN_POINT('',(512.65,-4.,542.65));
#1295 = VECTOR('',#1296,1.);
#1296 = DIRECTION('',(0.,1.,0.));
#1297 = ORIENTED_EDGE('',*,*,#1216,.F.);
#1298 = PLANE('',#1299);
#1299 = AXIS2_PLACEMENT_3D('',#1300,#1301,#1302);
#1300 = CARTESIAN_POINT('',(37.35,-4.,542.65));
#1301 = DIRECTION('',(0.,0.,1.));
#1302 = DIRECTION('',(1.,0.,0.));
#1303 = ADVANCED_FACE('',(#1304),#1315,.F.);
#1304 = FACE_BOUND('',#1305,.F.);
#1305 = EDGE_LOOP('',(#1306,#1307,#1308,#1314));
#1306 = ORIENTED_EDGE('',*,*,#1292,.F.);
#1307 = ORIENTED_EDGE('',*,*,#1160,.T.);
#1308 = ORIENTED_EDGE('',*,*,#1309,.T.);
#1309 = EDGE_CURVE('',#1153,#1235,#1310,.T.);
#1310 = LINE('',#1311,#1312);
#1311 = CARTESIAN_POINT('',(512.65,-4.,67.35));
#1312 = VECTOR('',#1313,1.);
#1313 = DIRECTION('',(0.,1.,0.));
#1314 = ORIENTED_EDGE('',*,*,#1242,.F.);
#1315 = PLANE('',#1316);
#1316 = AXIS2_PLACEMENT_3D('',#1317,#1318,#1319);
#1317 = CARTESIAN_POINT('',(512.65,-4.,67.35));
#1318 = DIRECTION('',(1.,0.,0.));
#1319 = DIRECTION('',(0.,0.,1.));
#1320 = ADVANCED_FACE('',(#1321),#1332,.T.);
#1321 = FACE_BOUND('',#1322,.T.);
#1322 = EDGE_LOOP('',(#1323,#1329,#1330,#1331));
#1323 = ORIENTED_EDGE('',*,*,#1324,.F.);
#1324 = EDGE_CURVE('',#1145,#1227,#1325,.T.);
#1325 = LINE('',#1326,#1327);
#1326 = CARTESIAN_POINT('',(37.35,-4.,67.35));
#1327 = VECTOR('',#1328,1.);
#1328 = DIRECTION('',(0.,1.,0.));
#1329 = ORIENTED_EDGE('',*,*,#1152,.T.);
#1330 = ORIENTED_EDGE('',*,*,#1309,.T.);
#1331 = ORIENTED_EDGE('',*,*,#1234,.F.);
#1332 = PLANE('',#1333);
#1333 = AXIS2_PLACEMENT_3D('',#1334,#1335,#1336);
#1334 = CARTESIAN_POINT('',(37.35,-4.,67.35));
#1335 = DIRECTION('',(0.,0.,1.));
#1336 = DIRECTION('',(1.,0.,0.));
#1337 = ADVANCED_FACE('',(#1338),#1344,.T.);
#1338 = FACE_BOUND('',#1339,.T.);
#1339 = EDGE_LOOP('',(#1340,#1341,#1342,#1343));
#1340 = ORIENTED_EDGE('',*,*,#1285,.F.);
#1341 = ORIENTED_EDGE('',*,*,#1144,.T.);
#1342 = ORIENTED_EDGE('',*,*,#1324,.T.);
#1343 = ORIENTED_EDGE('',*,*,#1226,.F.);
#1344 = PLANE('',#1345);
#1345 = AXIS2_PLACEMENT_3D('',#1346,#1347,#1348);
#1346 = CARTESIAN_POINT('',(37.35,-4.,67.35));
#1347 = DIRECTION('',(1.,0.,0.));
#1348 = DIRECTION('',(0.,0.,1.));
#1349 = MANIFOLD_SOLID_BREP('',#1350);
#1350 = CLOSED_SHELL('',(#1351,#1391,#1431,#1453,#1475,#1487));
#1351 = ADVANCED_FACE('',(#1352),#1386,.F.);
#1352 = FACE_BOUND('',#1353,.F.);
#1353 = EDGE_LOOP('',(#1354,#1364,#1372,#1380));
#1354 = ORIENTED_EDGE('',*,*,#1355,.F.);
#1355 = EDGE_CURVE('',#1356,#1358,#1360,.T.);
#1356 = VERTEX_POINT('',#1357);
#1357 = CARTESIAN_POINT('',(27.35,-47.45,57.35));
#1358 = VERTEX_POINT('',#1359);
#1359 = CARTESIAN_POINT('',(27.35,-47.45,552.65));
#1360 = LINE('',#1361,#1362);
#1361 = CARTESIAN_POINT('',(27.35,-47.45,57.35));
#1362 = VECTOR('',#1363,1.);
#1363 = DIRECTION('',(0.,0.,1.));
#1364 = ORIENTED_EDGE('',*,*,#1365,.T.);
#1365 = EDGE_CURVE('',#1356,#1366,#1368,.T.);
#1366 = VERTEX_POINT('',#1367);
#1367 = CARTESIAN_POINT('',(27.35,-3.,57.35));
#1368 = LINE('',#1369,#1370);
#1369 = CARTESIAN_POINT('',(27.35,-47.45,57.35));
#1370 = VECTOR('',#1371,1.);
#1371 = DIRECTION('',(0.,1.,0.));
#1372 = ORIENTED_EDGE('',*,*,#1373,.T.);
#1373 = EDGE_CURVE('',#1366,#1374,#1376,.T.);
#1374 = VERTEX_POINT('',#1375);
#1375 = CARTESIAN_POINT('',(27.35,-3.,552.65));
#1376 = LINE('',#1377,#1378);
#1377 = CARTESIAN_POINT('',(27.35,-3.,57.35));
#1378 = VECTOR('',#1379,1.);
#1379 = DIRECTION('',(0.,0.,1.));
#1380 = ORIENTED_EDGE('',*,*,#1381,.F.);
#1381 = EDGE_CURVE('',#1358,#1374,#1382,.T.);
#1382 = LINE('',#1383,#1384);
#1383 = CARTESIAN_POINT('',(27.35,-47.45,552.65));
#1384 = VECTOR('',#1385,1.);
#1385 = DIRECTION('',(0.,1.,0.));
#1386 = PLANE('',#1387);
#1387 = AXIS2_PLACEMENT_3D('',#1388,#1389,#1390);
#1388 = CARTESIAN_POINT('',(27.35,-47.45,57.35));
#1389 = DIRECTION('',(1.,0.,0.));
#1390 = DIRECTION('',(0.,0.,1.));
#1391 = ADVANCED_FACE('',(#1392),#1426,.T.);
#1392 = FACE_BOUND('',#1393,.T.);
#1393 = EDGE_LOOP('',(#1394,#1404,#1412,#1420));
#1394 = ORIENTED_EDGE('',*,*,#1395,.F.);
#1395 = EDGE_CURVE('',#1396,#1398,#1400,.T.);
#1396 = VERTEX_POINT('',#1397);
#1397 = CARTESIAN_POINT('',(522.65,-47.45,57.35));
#1398 = VERTEX_POINT('',#1399);
#1399 = CARTESIAN_POINT('',(522.65,-47.45,552.65));
#1400 = LINE('',#1401,#1402);
#1401 = CARTESIAN_POINT('',(522.65,-47.45,57.35));
#1402 = VECTOR('',#1403,1.);
#1403 = DIRECTION('',(0.,0.,1.));
#1404 = ORIENTED_EDGE('',*,*,#1405,.T.);
#1405 = EDGE_CURVE('',#1396,#1406,#1408,.T.);
#1406 = VERTEX_POINT('',#1407);
#1407 = CARTESIAN_POINT('',(522.65,-3.,57.35));
#1408 = LINE('',#1409,#1410);
#1409 = CARTESIAN_POINT('',(522.65,-47.45,57.35));
#1410 = VECTOR('',#1411,1.);
#1411 = DIRECTION('',(0.,1.,0.));
#1412 = ORIENTED_EDGE('',*,*,#1413,.T.);
#1413 = EDGE_CURVE('',#1406,#1414,#1416,.T.);
#1414 = VERTEX_POINT('',#1415);
#1415 = CARTESIAN_POINT('',(522.65,-3.,552.65));
#1416 = LINE('',#1417,#1418);
#1417 = CARTESIAN_POINT('',(522.65,-3.,57.35));
#1418 = VECTOR('',#1419,1.);
#1419 = DIRECTION('',(0.,0.,1.));
#1420 = ORIENTED_EDGE('',*,*,#1421,.F.);
#1421 = EDGE_CURVE('',#1398,#1414,#1422,.T.);
#1422 = LINE('',#1423,#1424);
#1423 = CARTESIAN_POINT('',(522.65,-47.45,552.65));
#1424 = VECTOR('',#1425,1.);
#1425 = DIRECTION('',(0.,1.,0.));
#1426 = PLANE('',#1427);
#1427 = AXIS2_PLACEMENT_3D('',#1428,#1429,#1430);
#1428 = CARTESIAN_POINT('',(522.65,-47.45,57.35));
#1429 = DIRECTION('',(1.,0.,0.));
#1430 = DIRECTION('',(0.,0.,1.));
#1431 = ADVANCED_FACE('',(#1432),#1448,.F.);
#1432 = FACE_BOUND('',#1433,.F.);
#1433 = EDGE_LOOP('',(#1434,#1440,#1441,#1447));
#1434 = ORIENTED_EDGE('',*,*,#1435,.F.);
#1435 = EDGE_CURVE('',#1356,#1396,#1436,.T.);
#1436 = LINE('',#1437,#1438);
#1437 = CARTESIAN_POINT('',(27.35,-47.45,57.35));
#1438 = VECTOR('',#1439,1.);
#1439 = DIRECTION('',(1.,0.,0.));
#1440 = ORIENTED_EDGE('',*,*,#1355,.T.);
#1441 = ORIENTED_EDGE('',*,*,#1442,.T.);
#1442 = EDGE_CURVE('',#1358,#1398,#1443,.T.);
#1443 = LINE('',#1444,#1445);
#1444 = CARTESIAN_POINT('',(27.35,-47.45,552.65));
#1445 = VECTOR('',#1446,1.);
#1446 = DIRECTION('',(1.,0.,0.));
#1447 = ORIENTED_EDGE('',*,*,#1395,.F.);
#1448 = PLANE('',#1449);
#1449 = AXIS2_PLACEMENT_3D('',#1450,#1451,#1452);
#1450 = CARTESIAN_POINT('',(27.35,-47.45,57.35));
#1451 = DIRECTION('',(0.,1.,0.));
#1452 = DIRECTION('',(0.,0.,1.));
#1453 = ADVANCED_FACE('',(#1454),#1470,.T.);
#1454 = FACE_BOUND('',#1455,.T.);
#1455 = EDGE_LOOP('',(#1456,#1462,#1463,#1469));
#1456 = ORIENTED_EDGE('',*,*,#1457,.F.);
#1457 = EDGE_CURVE('',#1366,#1406,#1458,.T.);
#1458 = LINE('',#1459,#1460);
#1459 = CARTESIAN_POINT('',(27.35,-3.,57.35));
#1460 = VECTOR('',#1461,1.);
#1461 = DIRECTION('',(1.,0.,0.));
#1462 = ORIENTED_EDGE('',*,*,#1373,.T.);
#1463 = ORIENTED_EDGE('',*,*,#1464,.T.);
#1464 = EDGE_CURVE('',#1374,#1414,#1465,.T.);
#1465 = LINE('',#1466,#1467);
#1466 = CARTESIAN_POINT('',(27.35,-3.,552.65));
#1467 = VECTOR('',#1468,1.);
#1468 = DIRECTION('',(1.,0.,0.));
#1469 = ORIENTED_EDGE('',*,*,#1413,.F.);
#1470 = PLANE('',#1471);
#1471 = AXIS2_PLACEMENT_3D('',#1472,#1473,#1474);
#1472 = CARTESIAN_POINT('',(27.35,-3.,57.35));
#1473 = DIRECTION('',(0.,1.,0.));
#1474 = DIRECTION('',(0.,0.,1.));
#1475 = ADVANCED_FACE('',(#1476),#1482,.F.);
#1476 = FACE_BOUND('',#1477,.F.);
#1477 = EDGE_LOOP('',(#1478,#1479,#1480,#1481));
#1478 = ORIENTED_EDGE('',*,*,#1365,.F.);
#1479 = ORIENTED_EDGE('',*,*,#1435,.T.);
#1480 = ORIENTED_EDGE('',*,*,#1405,.T.);
#1481 = ORIENTED_EDGE('',*,*,#1457,.F.);
#1482 = PLANE('',#1483);
#1483 = AXIS2_PLACEMENT_3D('',#1484,#1485,#1486);
#1484 = CARTESIAN_POINT('',(27.35,-47.45,57.35));
#1485 = DIRECTION('',(0.,0.,1.));
#1486 = DIRECTION('',(1.,0.,0.));
#1487 = ADVANCED_FACE('',(#1488),#1494,.T.);
#1488 = FACE_BOUND('',#1489,.T.);
#1489 = EDGE_LOOP('',(#1490,#1491,#1492,#1493));
#1490 = ORIENTED_EDGE('',*,*,#1381,.F.);
#1491 = ORIENTED_EDGE('',*,*,#1442,.T.);
#1492 = ORIENTED_EDGE('',*,*,#1421,.T.);
#1493 = ORIENTED_EDGE('',*,*,#1464,.F.);
#1494 = PLANE('',#1495);
#1495 = AXIS2_PLACEMENT_3D('',#1496,#1497,#1498);
#1496 = CARTESIAN_POINT('',(27.35,-47.45,552.65));
#1497 = DIRECTION('',(0.,0.,1.));
#1498 = DIRECTION('',(1.,0.,0.));
#1499 = MANIFOLD_SOLID_BREP('',#1500);
#1500 = CLOSED_SHELL('',(#1501,#1541,#1694,#1718,#1864,#1881,#1893,#1910
    ,#1927,#1944,#1961,#1978,#2000,#2017,#2034,#2046,#2063,#2080));
#1501 = ADVANCED_FACE('',(#1502),#1536,.F.);
#1502 = FACE_BOUND('',#1503,.F.);
#1503 = EDGE_LOOP('',(#1504,#1514,#1522,#1530));
#1504 = ORIENTED_EDGE('',*,*,#1505,.F.);
#1505 = EDGE_CURVE('',#1506,#1508,#1510,.T.);
#1506 = VERTEX_POINT('',#1507);
#1507 = CARTESIAN_POINT('',(0.,-56.45,30.));
#1508 = VERTEX_POINT('',#1509);
#1509 = CARTESIAN_POINT('',(0.,-56.45,580.));
#1510 = LINE('',#1511,#1512);
#1511 = CARTESIAN_POINT('',(0.,-56.45,30.));
#1512 = VECTOR('',#1513,1.);
#1513 = DIRECTION('',(0.,0.,1.));
#1514 = ORIENTED_EDGE('',*,*,#1515,.T.);
#1515 = EDGE_CURVE('',#1506,#1516,#1518,.T.);
#1516 = VERTEX_POINT('',#1517);
#1517 = CARTESIAN_POINT('',(0.,-47.45,30.));
#1518 = LINE('',#1519,#1520);
#1519 = CARTESIAN_POINT('',(0.,-56.45,30.));
#1520 = VECTOR('',#1521,1.);
#1521 = DIRECTION('',(0.,1.,0.));
#1522 = ORIENTED_EDGE('',*,*,#1523,.T.);
#1523 = EDGE_CURVE('',#1516,#1524,#1526,.T.);
#1524 = VERTEX_POINT('',#1525);
#1525 = CARTESIAN_POINT('',(0.,-47.45,580.));
#1526 = LINE('',#1527,#1528);
#1527 = CARTESIAN_POINT('',(0.,-47.45,30.));
#1528 = VECTOR('',#1529,1.);
#1529 = DIRECTION('',(0.,0.,1.));
#1530 = ORIENTED_EDGE('',*,*,#1531,.F.);
#1531 = EDGE_CURVE('',#1508,#1524,#1532,.T.);
#1532 = LINE('',#1533,#1534);
#1533 = CARTESIAN_POINT('',(0.,-56.45,580.));
#1534 = VECTOR('',#1535,1.);
#1535 = DIRECTION('',(0.,1.,0.));
#1536 = PLANE('',#1537);
#1537 = AXIS2_PLACEMENT_3D('',#1538,#1539,#1540);
#1538 = CARTESIAN_POINT('',(0.,-56.45,30.));
#1539 = DIRECTION('',(1.,0.,0.));
#1540 = DIRECTION('',(0.,0.,1.));
#1541 = ADVANCED_FACE('',(#1542,#1567,#1578,#1589,#1600,#1611,#1622,
    #1656,#1667,#1678),#1689,.F.);
#1542 = FACE_BOUND('',#1543,.F.);
#1543 = EDGE_LOOP('',(#1544,#1552,#1553,#1561));
#1544 = ORIENTED_EDGE('',*,*,#1545,.F.);
#1545 = EDGE_CURVE('',#1506,#1546,#1548,.T.);
#1546 = VERTEX_POINT('',#1547);
#1547 = CARTESIAN_POINT('',(550.,-56.45,30.));
#1548 = LINE('',#1549,#1550);
#1549 = CARTESIAN_POINT('',(0.,-56.45,30.));
#1550 = VECTOR('',#1551,1.);
#1551 = DIRECTION('',(1.,0.,0.));
#1552 = ORIENTED_EDGE('',*,*,#1505,.T.);
#1553 = ORIENTED_EDGE('',*,*,#1554,.T.);
#1554 = EDGE_CURVE('',#1508,#1555,#1557,.T.);
#1555 = VERTEX_POINT('',#1556);
#1556 = CARTESIAN_POINT('',(550.,-56.45,580.));
#1557 = LINE('',#1558,#1559);
#1558 = CARTESIAN_POINT('',(0.,-56.45,580.));
#1559 = VECTOR('',#1560,1.);
#1560 = DIRECTION('',(1.,0.,0.));
#1561 = ORIENTED_EDGE('',*,*,#1562,.F.);
#1562 = EDGE_CURVE('',#1546,#1555,#1563,.T.);
#1563 = LINE('',#1564,#1565);
#1564 = CARTESIAN_POINT('',(550.,-56.45,30.));
#1565 = VECTOR('',#1566,1.);
#1566 = DIRECTION('',(0.,0.,1.));
#1567 = FACE_BOUND('',#1568,.F.);
#1568 = EDGE_LOOP('',(#1569));
#1569 = ORIENTED_EDGE('',*,*,#1570,.F.);
#1570 = EDGE_CURVE('',#1571,#1571,#1573,.T.);
#1571 = VERTEX_POINT('',#1572);
#1572 = CARTESIAN_POINT('',(20.,-56.45,57.75));
#1573 = CIRCLE('',#1574,2.75);
#1574 = AXIS2_PLACEMENT_3D('',#1575,#1576,#1577);
#1575 = CARTESIAN_POINT('',(20.,-56.45,55.));
#1576 = DIRECTION('',(0.,1.,0.));
#1577 = DIRECTION('',(0.,0.,1.));
#1578 = FACE_BOUND('',#1579,.F.);
#1579 = EDGE_LOOP('',(#1580));
#1580 = ORIENTED_EDGE('',*,*,#1581,.F.);
#1581 = EDGE_CURVE('',#1582,#1582,#1584,.T.);
#1582 = VERTEX_POINT('',#1583);
#1583 = CARTESIAN_POINT('',(20.,-56.45,307.75));
#1584 = CIRCLE('',#1585,2.75);
#1585 = AXIS2_PLACEMENT_3D('',#1586,#1587,#1588);
#1586 = CARTESIAN_POINT('',(20.,-56.45,305.));
#1587 = DIRECTION('',(0.,1.,0.));
#1588 = DIRECTION('',(0.,0.,1.));
#1589 = FACE_BOUND('',#1590,.F.);
#1590 = EDGE_LOOP('',(#1591));
#1591 = ORIENTED_EDGE('',*,*,#1592,.F.);
#1592 = EDGE_CURVE('',#1593,#1593,#1595,.T.);
#1593 = VERTEX_POINT('',#1594);
#1594 = CARTESIAN_POINT('',(20.,-56.45,557.75));
#1595 = CIRCLE('',#1596,2.75);
#1596 = AXIS2_PLACEMENT_3D('',#1597,#1598,#1599);
#1597 = CARTESIAN_POINT('',(20.,-56.45,555.));
#1598 = DIRECTION('',(0.,1.,0.));
#1599 = DIRECTION('',(0.,0.,1.));
#1600 = FACE_BOUND('',#1601,.F.);
#1601 = EDGE_LOOP('',(#1602));
#1602 = ORIENTED_EDGE('',*,*,#1603,.F.);
#1603 = EDGE_CURVE('',#1604,#1604,#1606,.T.);
#1604 = VERTEX_POINT('',#1605);
#1605 = CARTESIAN_POINT('',(275.,-56.45,52.75));
#1606 = CIRCLE('',#1607,2.75);
#1607 = AXIS2_PLACEMENT_3D('',#1608,#1609,#1610);
#1608 = CARTESIAN_POINT('',(275.,-56.45,50.));
#1609 = DIRECTION('',(0.,1.,0.));
#1610 = DIRECTION('',(0.,0.,1.));
#1611 = FACE_BOUND('',#1612,.F.);
#1612 = EDGE_LOOP('',(#1613));
#1613 = ORIENTED_EDGE('',*,*,#1614,.F.);
#1614 = EDGE_CURVE('',#1615,#1615,#1617,.T.);
#1615 = VERTEX_POINT('',#1616);
#1616 = CARTESIAN_POINT('',(530.,-56.45,57.75));
#1617 = CIRCLE('',#1618,2.75);
#1618 = AXIS2_PLACEMENT_3D('',#1619,#1620,#1621);
#1619 = CARTESIAN_POINT('',(530.,-56.45,55.));
#1620 = DIRECTION('',(0.,1.,0.));
#1621 = DIRECTION('',(0.,0.,1.));
#1622 = FACE_BOUND('',#1623,.F.);
#1623 = EDGE_LOOP('',(#1624,#1634,#1642,#1650));
#1624 = ORIENTED_EDGE('',*,*,#1625,.F.);
#1625 = EDGE_CURVE('',#1626,#1628,#1630,.T.);
#1626 = VERTEX_POINT('',#1627);
#1627 = CARTESIAN_POINT('',(37.5,-56.45,542.5));
#1628 = VERTEX_POINT('',#1629);
#1629 = CARTESIAN_POINT('',(512.5,-56.45,542.5));
#1630 = LINE('',#1631,#1632);
#1631 = CARTESIAN_POINT('',(18.75,-56.45,542.5));
#1632 = VECTOR('',#1633,1.);
#1633 = DIRECTION('',(1.,0.,0.));
#1634 = ORIENTED_EDGE('',*,*,#1635,.T.);
#1635 = EDGE_CURVE('',#1626,#1636,#1638,.T.);
#1636 = VERTEX_POINT('',#1637);
#1637 = CARTESIAN_POINT('',(37.5,-56.45,67.5));
#1638 = LINE('',#1639,#1640);
#1639 = CARTESIAN_POINT('',(37.5,-56.45,48.75));
#1640 = VECTOR('',#1641,1.);
#1641 = DIRECTION('',(0.,0.,-1.));
#1642 = ORIENTED_EDGE('',*,*,#1643,.T.);
#1643 = EDGE_CURVE('',#1636,#1644,#1646,.T.);
#1644 = VERTEX_POINT('',#1645);
#1645 = CARTESIAN_POINT('',(512.5,-56.45,67.5));
#1646 = LINE('',#1647,#1648);
#1647 = CARTESIAN_POINT('',(18.75,-56.45,67.5));
#1648 = VECTOR('',#1649,1.);
#1649 = DIRECTION('',(1.,0.,0.));
#1650 = ORIENTED_EDGE('',*,*,#1651,.F.);
#1651 = EDGE_CURVE('',#1628,#1644,#1652,.T.);
#1652 = LINE('',#1653,#1654);
#1653 = CARTESIAN_POINT('',(512.5,-56.45,48.75));
#1654 = VECTOR('',#1655,1.);
#1655 = DIRECTION('',(0.,0.,-1.));
#1656 = FACE_BOUND('',#1657,.F.);
#1657 = EDGE_LOOP('',(#1658));
#1658 = ORIENTED_EDGE('',*,*,#1659,.F.);
#1659 = EDGE_CURVE('',#1660,#1660,#1662,.T.);
#1660 = VERTEX_POINT('',#1661);
#1661 = CARTESIAN_POINT('',(275.,-56.45,562.75));
#1662 = CIRCLE('',#1663,2.75);
#1663 = AXIS2_PLACEMENT_3D('',#1664,#1665,#1666);
#1664 = CARTESIAN_POINT('',(275.,-56.45,560.));
#1665 = DIRECTION('',(0.,1.,0.));
#1666 = DIRECTION('',(0.,0.,1.));
#1667 = FACE_BOUND('',#1668,.F.);
#1668 = EDGE_LOOP('',(#1669));
#1669 = ORIENTED_EDGE('',*,*,#1670,.F.);
#1670 = EDGE_CURVE('',#1671,#1671,#1673,.T.);
#1671 = VERTEX_POINT('',#1672);
#1672 = CARTESIAN_POINT('',(530.,-56.45,307.75));
#1673 = CIRCLE('',#1674,2.75);
#1674 = AXIS2_PLACEMENT_3D('',#1675,#1676,#1677);
#1675 = CARTESIAN_POINT('',(530.,-56.45,305.));
#1676 = DIRECTION('',(0.,1.,0.));
#1677 = DIRECTION('',(0.,0.,1.));
#1678 = FACE_BOUND('',#1679,.F.);
#1679 = EDGE_LOOP('',(#1680));
#1680 = ORIENTED_EDGE('',*,*,#1681,.F.);
#1681 = EDGE_CURVE('',#1682,#1682,#1684,.T.);
#1682 = VERTEX_POINT('',#1683);
#1683 = CARTESIAN_POINT('',(530.,-56.45,557.75));
#1684 = CIRCLE('',#1685,2.75);
#1685 = AXIS2_PLACEMENT_3D('',#1686,#1687,#1688);
#1686 = CARTESIAN_POINT('',(530.,-56.45,555.));
#1687 = DIRECTION('',(0.,1.,0.));
#1688 = DIRECTION('',(0.,0.,1.));
#1689 = PLANE('',#1690);
#1690 = AXIS2_PLACEMENT_3D('',#1691,#1692,#1693);
#1691 = CARTESIAN_POINT('',(0.,-56.45,30.));
#1692 = DIRECTION('',(0.,1.,0.));
#1693 = DIRECTION('',(0.,0.,1.));
#1694 = ADVANCED_FACE('',(#1695),#1713,.T.);
#1695 = FACE_BOUND('',#1696,.T.);
#1696 = EDGE_LOOP('',(#1697,#1698,#1699,#1707));
#1697 = ORIENTED_EDGE('',*,*,#1531,.F.);
#1698 = ORIENTED_EDGE('',*,*,#1554,.T.);
#1699 = ORIENTED_EDGE('',*,*,#1700,.T.);
#1700 = EDGE_CURVE('',#1555,#1701,#1703,.T.);
#1701 = VERTEX_POINT('',#1702);
#1702 = CARTESIAN_POINT('',(550.,-47.45,580.));
#1703 = LINE('',#1704,#1705);
#1704 = CARTESIAN_POINT('',(550.,-56.45,580.));
#1705 = VECTOR('',#1706,1.);
#1706 = DIRECTION('',(0.,1.,0.));
#1707 = ORIENTED_EDGE('',*,*,#1708,.F.);
#1708 = EDGE_CURVE('',#1524,#1701,#1709,.T.);
#1709 = LINE('',#1710,#1711);
#1710 = CARTESIAN_POINT('',(0.,-47.45,580.));
#1711 = VECTOR('',#1712,1.);
#1712 = DIRECTION('',(1.,0.,0.));
#1713 = PLANE('',#1714);
#1714 = AXIS2_PLACEMENT_3D('',#1715,#1716,#1717);
#1715 = CARTESIAN_POINT('',(0.,-56.45,580.));
#1716 = DIRECTION('',(0.,0.,1.));
#1717 = DIRECTION('',(1.,0.,0.));
#1718 = ADVANCED_FACE('',(#1719,#1737,#1748,#1759,#1770,#1781,#1792,
    #1826,#1837,#1848),#1859,.T.);
#1719 = FACE_BOUND('',#1720,.T.);
#1720 = EDGE_LOOP('',(#1721,#1729,#1730,#1731));
#1721 = ORIENTED_EDGE('',*,*,#1722,.F.);
#1722 = EDGE_CURVE('',#1516,#1723,#1725,.T.);
#1723 = VERTEX_POINT('',#1724);
#1724 = CARTESIAN_POINT('',(550.,-47.45,30.));
#1725 = LINE('',#1726,#1727);
#1726 = CARTESIAN_POINT('',(0.,-47.45,30.));
#1727 = VECTOR('',#1728,1.);
#1728 = DIRECTION('',(1.,0.,0.));
#1729 = ORIENTED_EDGE('',*,*,#1523,.T.);
#1730 = ORIENTED_EDGE('',*,*,#1708,.T.);
#1731 = ORIENTED_EDGE('',*,*,#1732,.F.);
#1732 = EDGE_CURVE('',#1723,#1701,#1733,.T.);
#1733 = LINE('',#1734,#1735);
#1734 = CARTESIAN_POINT('',(550.,-47.45,30.));
#1735 = VECTOR('',#1736,1.);
#1736 = DIRECTION('',(0.,0.,1.));
#1737 = FACE_BOUND('',#1738,.T.);
#1738 = EDGE_LOOP('',(#1739));
#1739 = ORIENTED_EDGE('',*,*,#1740,.F.);
#1740 = EDGE_CURVE('',#1741,#1741,#1743,.T.);
#1741 = VERTEX_POINT('',#1742);
#1742 = CARTESIAN_POINT('',(20.,-47.45,57.75));
#1743 = CIRCLE('',#1744,2.75);
#1744 = AXIS2_PLACEMENT_3D('',#1745,#1746,#1747);
#1745 = CARTESIAN_POINT('',(20.,-47.45,55.));
#1746 = DIRECTION('',(0.,1.,0.));
#1747 = DIRECTION('',(0.,0.,1.));
#1748 = FACE_BOUND('',#1749,.T.);
#1749 = EDGE_LOOP('',(#1750));
#1750 = ORIENTED_EDGE('',*,*,#1751,.F.);
#1751 = EDGE_CURVE('',#1752,#1752,#1754,.T.);
#1752 = VERTEX_POINT('',#1753);
#1753 = CARTESIAN_POINT('',(20.,-47.45,307.75));
#1754 = CIRCLE('',#1755,2.75);
#1755 = AXIS2_PLACEMENT_3D('',#1756,#1757,#1758);
#1756 = CARTESIAN_POINT('',(20.,-47.45,305.));
#1757 = DIRECTION('',(0.,1.,0.));
#1758 = DIRECTION('',(0.,0.,1.));
#1759 = FACE_BOUND('',#1760,.T.);
#1760 = EDGE_LOOP('',(#1761));
#1761 = ORIENTED_EDGE('',*,*,#1762,.F.);
#1762 = EDGE_CURVE('',#1763,#1763,#1765,.T.);
#1763 = VERTEX_POINT('',#1764);
#1764 = CARTESIAN_POINT('',(20.,-47.45,557.75));
#1765 = CIRCLE('',#1766,2.75);
#1766 = AXIS2_PLACEMENT_3D('',#1767,#1768,#1769);
#1767 = CARTESIAN_POINT('',(20.,-47.45,555.));
#1768 = DIRECTION('',(0.,1.,0.));
#1769 = DIRECTION('',(0.,0.,1.));
#1770 = FACE_BOUND('',#1771,.T.);
#1771 = EDGE_LOOP('',(#1772));
#1772 = ORIENTED_EDGE('',*,*,#1773,.F.);
#1773 = EDGE_CURVE('',#1774,#1774,#1776,.T.);
#1774 = VERTEX_POINT('',#1775);
#1775 = CARTESIAN_POINT('',(275.,-47.45,52.75));
#1776 = CIRCLE('',#1777,2.75);
#1777 = AXIS2_PLACEMENT_3D('',#1778,#1779,#1780);
#1778 = CARTESIAN_POINT('',(275.,-47.45,50.));
#1779 = DIRECTION('',(0.,1.,0.));
#1780 = DIRECTION('',(0.,0.,1.));
#1781 = FACE_BOUND('',#1782,.T.);
#1782 = EDGE_LOOP('',(#1783));
#1783 = ORIENTED_EDGE('',*,*,#1784,.F.);
#1784 = EDGE_CURVE('',#1785,#1785,#1787,.T.);
#1785 = VERTEX_POINT('',#1786);
#1786 = CARTESIAN_POINT('',(530.,-47.45,57.75));
#1787 = CIRCLE('',#1788,2.75);
#1788 = AXIS2_PLACEMENT_3D('',#1789,#1790,#1791);
#1789 = CARTESIAN_POINT('',(530.,-47.45,55.));
#1790 = DIRECTION('',(0.,1.,0.));
#1791 = DIRECTION('',(0.,0.,1.));
#1792 = FACE_BOUND('',#1793,.T.);
#1793 = EDGE_LOOP('',(#1794,#1804,#1812,#1820));
#1794 = ORIENTED_EDGE('',*,*,#1795,.F.);
#1795 = EDGE_CURVE('',#1796,#1798,#1800,.T.);
#1796 = VERTEX_POINT('',#1797);
#1797 = CARTESIAN_POINT('',(37.5,-47.45,542.5));
#1798 = VERTEX_POINT('',#1799);
#1799 = CARTESIAN_POINT('',(512.5,-47.45,542.5));
#1800 = LINE('',#1801,#1802);
#1801 = CARTESIAN_POINT('',(18.75,-47.45,542.5));
#1802 = VECTOR('',#1803,1.);
#1803 = DIRECTION('',(1.,0.,0.));
#1804 = ORIENTED_EDGE('',*,*,#1805,.T.);
#1805 = EDGE_CURVE('',#1796,#1806,#1808,.T.);
#1806 = VERTEX_POINT('',#1807);
#1807 = CARTESIAN_POINT('',(37.5,-47.45,67.5));
#1808 = LINE('',#1809,#1810);
#1809 = CARTESIAN_POINT('',(37.5,-47.45,48.75));
#1810 = VECTOR('',#1811,1.);
#1811 = DIRECTION('',(0.,0.,-1.));
#1812 = ORIENTED_EDGE('',*,*,#1813,.T.);
#1813 = EDGE_CURVE('',#1806,#1814,#1816,.T.);
#1814 = VERTEX_POINT('',#1815);
#1815 = CARTESIAN_POINT('',(512.5,-47.45,67.5));
#1816 = LINE('',#1817,#1818);
#1817 = CARTESIAN_POINT('',(18.75,-47.45,67.5));
#1818 = VECTOR('',#1819,1.);
#1819 = DIRECTION('',(1.,0.,0.));
#1820 = ORIENTED_EDGE('',*,*,#1821,.F.);
#1821 = EDGE_CURVE('',#1798,#1814,#1822,.T.);
#1822 = LINE('',#1823,#1824);
#1823 = CARTESIAN_POINT('',(512.5,-47.45,48.75));
#1824 = VECTOR('',#1825,1.);
#1825 = DIRECTION('',(0.,0.,-1.));
#1826 = FACE_BOUND('',#1827,.T.);
#1827 = EDGE_LOOP('',(#1828));
#1828 = ORIENTED_EDGE('',*,*,#1829,.F.);
#1829 = EDGE_CURVE('',#1830,#1830,#1832,.T.);
#1830 = VERTEX_POINT('',#1831);
#1831 = CARTESIAN_POINT('',(275.,-47.45,562.75));
#1832 = CIRCLE('',#1833,2.75);
#1833 = AXIS2_PLACEMENT_3D('',#1834,#1835,#1836);
#1834 = CARTESIAN_POINT('',(275.,-47.45,560.));
#1835 = DIRECTION('',(0.,1.,0.));
#1836 = DIRECTION('',(0.,0.,1.));
#1837 = FACE_BOUND('',#1838,.T.);
#1838 = EDGE_LOOP('',(#1839));
#1839 = ORIENTED_EDGE('',*,*,#1840,.F.);
#1840 = EDGE_CURVE('',#1841,#1841,#1843,.T.);
#1841 = VERTEX_POINT('',#1842);
#1842 = CARTESIAN_POINT('',(530.,-47.45,307.75));
#1843 = CIRCLE('',#1844,2.75);
#1844 = AXIS2_PLACEMENT_3D('',#1845,#1846,#1847);
#1845 = CARTESIAN_POINT('',(530.,-47.45,305.));
#1846 = DIRECTION('',(0.,1.,0.));
#1847 = DIRECTION('',(0.,0.,1.));
#1848 = FACE_BOUND('',#1849,.T.);
#1849 = EDGE_LOOP('',(#1850));
#1850 = ORIENTED_EDGE('',*,*,#1851,.F.);
#1851 = EDGE_CURVE('',#1852,#1852,#1854,.T.);
#1852 = VERTEX_POINT('',#1853);
#1853 = CARTESIAN_POINT('',(530.,-47.45,557.75));
#1854 = CIRCLE('',#1855,2.75);
#1855 = AXIS2_PLACEMENT_3D('',#1856,#1857,#1858);
#1856 = CARTESIAN_POINT('',(530.,-47.45,555.));
#1857 = DIRECTION('',(0.,1.,0.));
#1858 = DIRECTION('',(0.,0.,1.));
#1859 = PLANE('',#1860);
#1860 = AXIS2_PLACEMENT_3D('',#1861,#1862,#1863);
#1861 = CARTESIAN_POINT('',(0.,-47.45,30.));
#1862 = DIRECTION('',(0.,1.,0.));
#1863 = DIRECTION('',(0.,0.,1.));
#1864 = ADVANCED_FACE('',(#1865),#1876,.F.);
#1865 = FACE_BOUND('',#1866,.F.);
#1866 = EDGE_LOOP('',(#1867,#1868,#1869,#1875));
#1867 = ORIENTED_EDGE('',*,*,#1515,.F.);
#1868 = ORIENTED_EDGE('',*,*,#1545,.T.);
#1869 = ORIENTED_EDGE('',*,*,#1870,.T.);
#1870 = EDGE_CURVE('',#1546,#1723,#1871,.T.);
#1871 = LINE('',#1872,#1873);
#1872 = CARTESIAN_POINT('',(550.,-56.45,30.));
#1873 = VECTOR('',#1874,1.);
#1874 = DIRECTION('',(0.,1.,0.));
#1875 = ORIENTED_EDGE('',*,*,#1722,.F.);
#1876 = PLANE('',#1877);
#1877 = AXIS2_PLACEMENT_3D('',#1878,#1879,#1880);
#1878 = CARTESIAN_POINT('',(0.,-56.45,30.));
#1879 = DIRECTION('',(0.,0.,1.));
#1880 = DIRECTION('',(1.,0.,0.));
#1881 = ADVANCED_FACE('',(#1882),#1888,.T.);
#1882 = FACE_BOUND('',#1883,.T.);
#1883 = EDGE_LOOP('',(#1884,#1885,#1886,#1887));
#1884 = ORIENTED_EDGE('',*,*,#1562,.F.);
#1885 = ORIENTED_EDGE('',*,*,#1870,.T.);
#1886 = ORIENTED_EDGE('',*,*,#1732,.T.);
#1887 = ORIENTED_EDGE('',*,*,#1700,.F.);
#1888 = PLANE('',#1889);
#1889 = AXIS2_PLACEMENT_3D('',#1890,#1891,#1892);
#1890 = CARTESIAN_POINT('',(550.,-56.45,30.));
#1891 = DIRECTION('',(1.,0.,0.));
#1892 = DIRECTION('',(0.,0.,1.));
#1893 = ADVANCED_FACE('',(#1894),#1905,.F.);
#1894 = FACE_BOUND('',#1895,.F.);
#1895 = EDGE_LOOP('',(#1896,#1897,#1903,#1904));
#1896 = ORIENTED_EDGE('',*,*,#1740,.F.);
#1897 = ORIENTED_EDGE('',*,*,#1898,.F.);
#1898 = EDGE_CURVE('',#1571,#1741,#1899,.T.);
#1899 = LINE('',#1900,#1901);
#1900 = CARTESIAN_POINT('',(20.,-57.45,57.75));
#1901 = VECTOR('',#1902,1.);
#1902 = DIRECTION('',(0.,1.,0.));
#1903 = ORIENTED_EDGE('',*,*,#1570,.T.);
#1904 = ORIENTED_EDGE('',*,*,#1898,.T.);
#1905 = CYLINDRICAL_SURFACE('',#1906,2.75);
#1906 = AXIS2_PLACEMENT_3D('',#1907,#1908,#1909);
#1907 = CARTESIAN_POINT('',(20.,-57.45,55.));
#1908 = DIRECTION('',(0.,1.,0.));
#1909 = DIRECTION('',(0.,0.,1.));
#1910 = ADVANCED_FACE('',(#1911),#1922,.F.);
#1911 = FACE_BOUND('',#1912,.F.);
#1912 = EDGE_LOOP('',(#1913,#1914,#1920,#1921));
#1913 = ORIENTED_EDGE('',*,*,#1751,.F.);
#1914 = ORIENTED_EDGE('',*,*,#1915,.F.);
#1915 = EDGE_CURVE('',#1582,#1752,#1916,.T.);
#1916 = LINE('',#1917,#1918);
#1917 = CARTESIAN_POINT('',(20.,-57.45,307.75));
#1918 = VECTOR('',#1919,1.);
#1919 = DIRECTION('',(0.,1.,0.));
#1920 = ORIENTED_EDGE('',*,*,#1581,.T.);
#1921 = ORIENTED_EDGE('',*,*,#1915,.T.);
#1922 = CYLINDRICAL_SURFACE('',#1923,2.75);
#1923 = AXIS2_PLACEMENT_3D('',#1924,#1925,#1926);
#1924 = CARTESIAN_POINT('',(20.,-57.45,305.));
#1925 = DIRECTION('',(0.,1.,0.));
#1926 = DIRECTION('',(0.,0.,1.));
#1927 = ADVANCED_FACE('',(#1928),#1939,.F.);
#1928 = FACE_BOUND('',#1929,.F.);
#1929 = EDGE_LOOP('',(#1930,#1931,#1937,#1938));
#1930 = ORIENTED_EDGE('',*,*,#1762,.F.);
#1931 = ORIENTED_EDGE('',*,*,#1932,.F.);
#1932 = EDGE_CURVE('',#1593,#1763,#1933,.T.);
#1933 = LINE('',#1934,#1935);
#1934 = CARTESIAN_POINT('',(20.,-57.45,557.75));
#1935 = VECTOR('',#1936,1.);
#1936 = DIRECTION('',(0.,1.,0.));
#1937 = ORIENTED_EDGE('',*,*,#1592,.T.);
#1938 = ORIENTED_EDGE('',*,*,#1932,.T.);
#1939 = CYLINDRICAL_SURFACE('',#1940,2.75);
#1940 = AXIS2_PLACEMENT_3D('',#1941,#1942,#1943);
#1941 = CARTESIAN_POINT('',(20.,-57.45,555.));
#1942 = DIRECTION('',(0.,1.,0.));
#1943 = DIRECTION('',(0.,0.,1.));
#1944 = ADVANCED_FACE('',(#1945),#1956,.F.);
#1945 = FACE_BOUND('',#1946,.F.);
#1946 = EDGE_LOOP('',(#1947,#1948,#1954,#1955));
#1947 = ORIENTED_EDGE('',*,*,#1773,.F.);
#1948 = ORIENTED_EDGE('',*,*,#1949,.F.);
#1949 = EDGE_CURVE('',#1604,#1774,#1950,.T.);
#1950 = LINE('',#1951,#1952);
#1951 = CARTESIAN_POINT('',(275.,-57.45,52.75));
#1952 = VECTOR('',#1953,1.);
#1953 = DIRECTION('',(0.,1.,0.));
#1954 = ORIENTED_EDGE('',*,*,#1603,.T.);
#1955 = ORIENTED_EDGE('',*,*,#1949,.T.);
#1956 = CYLINDRICAL_SURFACE('',#1957,2.75);
#1957 = AXIS2_PLACEMENT_3D('',#1958,#1959,#1960);
#1958 = CARTESIAN_POINT('',(275.,-57.45,50.));
#1959 = DIRECTION('',(0.,1.,0.));
#1960 = DIRECTION('',(0.,0.,1.));
#1961 = ADVANCED_FACE('',(#1962),#1973,.F.);
#1962 = FACE_BOUND('',#1963,.F.);
#1963 = EDGE_LOOP('',(#1964,#1965,#1971,#1972));
#1964 = ORIENTED_EDGE('',*,*,#1784,.F.);
#1965 = ORIENTED_EDGE('',*,*,#1966,.F.);
#1966 = EDGE_CURVE('',#1615,#1785,#1967,.T.);
#1967 = LINE('',#1968,#1969);
#1968 = CARTESIAN_POINT('',(530.,-57.45,57.75));
#1969 = VECTOR('',#1970,1.);
#1970 = DIRECTION('',(0.,1.,0.));
#1971 = ORIENTED_EDGE('',*,*,#1614,.T.);
#1972 = ORIENTED_EDGE('',*,*,#1966,.T.);
#1973 = CYLINDRICAL_SURFACE('',#1974,2.75);
#1974 = AXIS2_PLACEMENT_3D('',#1975,#1976,#1977);
#1975 = CARTESIAN_POINT('',(530.,-57.45,55.));
#1976 = DIRECTION('',(0.,1.,0.));
#1977 = DIRECTION('',(0.,0.,1.));
#1978 = ADVANCED_FACE('',(#1979),#1995,.F.);
#1979 = FACE_BOUND('',#1980,.F.);
#1980 = EDGE_LOOP('',(#1981,#1987,#1988,#1994));
#1981 = ORIENTED_EDGE('',*,*,#1982,.F.);
#1982 = EDGE_CURVE('',#1626,#1796,#1983,.T.);
#1983 = LINE('',#1984,#1985);
#1984 = CARTESIAN_POINT('',(37.5,-57.45,542.5));
#1985 = VECTOR('',#1986,1.);
#1986 = DIRECTION('',(0.,1.,0.));
#1987 = ORIENTED_EDGE('',*,*,#1625,.T.);
#1988 = ORIENTED_EDGE('',*,*,#1989,.T.);
#1989 = EDGE_CURVE('',#1628,#1798,#1990,.T.);
#1990 = LINE('',#1991,#1992);
#1991 = CARTESIAN_POINT('',(512.5,-57.45,542.5));
#1992 = VECTOR('',#1993,1.);
#1993 = DIRECTION('',(0.,1.,0.));
#1994 = ORIENTED_EDGE('',*,*,#1795,.F.);
#1995 = PLANE('',#1996);
#1996 = AXIS2_PLACEMENT_3D('',#1997,#1998,#1999);
#1997 = CARTESIAN_POINT('',(37.5,-57.45,542.5));
#1998 = DIRECTION('',(0.,0.,1.));
#1999 = DIRECTION('',(1.,0.,0.));
#2000 = ADVANCED_FACE('',(#2001),#2012,.T.);
#2001 = FACE_BOUND('',#2002,.T.);
#2002 = EDGE_LOOP('',(#2003,#2004,#2005,#2011));
#2003 = ORIENTED_EDGE('',*,*,#1982,.F.);
#2004 = ORIENTED_EDGE('',*,*,#1635,.T.);
#2005 = ORIENTED_EDGE('',*,*,#2006,.T.);
#2006 = EDGE_CURVE('',#1636,#1806,#2007,.T.);
#2007 = LINE('',#2008,#2009);
#2008 = CARTESIAN_POINT('',(37.5,-57.45,67.5));
#2009 = VECTOR('',#2010,1.);
#2010 = DIRECTION('',(0.,1.,0.));
#2011 = ORIENTED_EDGE('',*,*,#1805,.F.);
#2012 = PLANE('',#2013);
#2013 = AXIS2_PLACEMENT_3D('',#2014,#2015,#2016);
#2014 = CARTESIAN_POINT('',(37.5,-57.45,67.5));
#2015 = DIRECTION('',(1.,0.,0.));
#2016 = DIRECTION('',(0.,0.,1.));
#2017 = ADVANCED_FACE('',(#2018),#2029,.F.);
#2018 = FACE_BOUND('',#2019,.F.);
#2019 = EDGE_LOOP('',(#2020,#2021,#2022,#2028));
#2020 = ORIENTED_EDGE('',*,*,#1989,.F.);
#2021 = ORIENTED_EDGE('',*,*,#1651,.T.);
#2022 = ORIENTED_EDGE('',*,*,#2023,.T.);
#2023 = EDGE_CURVE('',#1644,#1814,#2024,.T.);
#2024 = LINE('',#2025,#2026);
#2025 = CARTESIAN_POINT('',(512.5,-57.45,67.5));
#2026 = VECTOR('',#2027,1.);
#2027 = DIRECTION('',(0.,1.,0.));
#2028 = ORIENTED_EDGE('',*,*,#1821,.F.);
#2029 = PLANE('',#2030);
#2030 = AXIS2_PLACEMENT_3D('',#2031,#2032,#2033);
#2031 = CARTESIAN_POINT('',(512.5,-57.45,67.5));
#2032 = DIRECTION('',(1.,0.,0.));
#2033 = DIRECTION('',(0.,0.,1.));
#2034 = ADVANCED_FACE('',(#2035),#2041,.T.);
#2035 = FACE_BOUND('',#2036,.T.);
#2036 = EDGE_LOOP('',(#2037,#2038,#2039,#2040));
#2037 = ORIENTED_EDGE('',*,*,#2006,.F.);
#2038 = ORIENTED_EDGE('',*,*,#1643,.T.);
#2039 = ORIENTED_EDGE('',*,*,#2023,.T.);
#2040 = ORIENTED_EDGE('',*,*,#1813,.F.);
#2041 = PLANE('',#2042);
#2042 = AXIS2_PLACEMENT_3D('',#2043,#2044,#2045);
#2043 = CARTESIAN_POINT('',(37.5,-57.45,67.5));
#2044 = DIRECTION('',(0.,0.,1.));
#2045 = DIRECTION('',(1.,0.,0.));
#2046 = ADVANCED_FACE('',(#2047),#2058,.F.);
#2047 = FACE_BOUND('',#2048,.F.);
#2048 = EDGE_LOOP('',(#2049,#2050,#2056,#2057));
#2049 = ORIENTED_EDGE('',*,*,#1829,.F.);
#2050 = ORIENTED_EDGE('',*,*,#2051,.F.);
#2051 = EDGE_CURVE('',#1660,#1830,#2052,.T.);
#2052 = LINE('',#2053,#2054);
#2053 = CARTESIAN_POINT('',(275.,-57.45,562.75));
#2054 = VECTOR('',#2055,1.);
#2055 = DIRECTION('',(0.,1.,0.));
#2056 = ORIENTED_EDGE('',*,*,#1659,.T.);
#2057 = ORIENTED_EDGE('',*,*,#2051,.T.);
#2058 = CYLINDRICAL_SURFACE('',#2059,2.75);
#2059 = AXIS2_PLACEMENT_3D('',#2060,#2061,#2062);
#2060 = CARTESIAN_POINT('',(275.,-57.45,560.));
#2061 = DIRECTION('',(0.,1.,0.));
#2062 = DIRECTION('',(0.,0.,1.));
#2063 = ADVANCED_FACE('',(#2064),#2075,.F.);
#2064 = FACE_BOUND('',#2065,.F.);
#2065 = EDGE_LOOP('',(#2066,#2067,#2073,#2074));
#2066 = ORIENTED_EDGE('',*,*,#1840,.F.);
#2067 = ORIENTED_EDGE('',*,*,#2068,.F.);
#2068 = EDGE_CURVE('',#1671,#1841,#2069,.T.);
#2069 = LINE('',#2070,#2071);
#2070 = CARTESIAN_POINT('',(530.,-57.45,307.75));
#2071 = VECTOR('',#2072,1.);
#2072 = DIRECTION('',(0.,1.,0.));
#2073 = ORIENTED_EDGE('',*,*,#1670,.T.);
#2074 = ORIENTED_EDGE('',*,*,#2068,.T.);
#2075 = CYLINDRICAL_SURFACE('',#2076,2.75);
#2076 = AXIS2_PLACEMENT_3D('',#2077,#2078,#2079);
#2077 = CARTESIAN_POINT('',(530.,-57.45,305.));
#2078 = DIRECTION('',(0.,1.,0.));
#2079 = DIRECTION('',(0.,0.,1.));
#2080 = ADVANCED_FACE('',(#2081),#2092,.F.);
#2081 = FACE_BOUND('',#2082,.F.);
#2082 = EDGE_LOOP('',(#2083,#2084,#2090,#2091));
#2083 = ORIENTED_EDGE('',*,*,#1851,.F.);
#2084 = ORIENTED_EDGE('',*,*,#2085,.F.);
#2085 = EDGE_CURVE('',#1682,#1852,#2086,.T.);
#2086 = LINE('',#2087,#2088);
#2087 = CARTESIAN_POINT('',(530.,-57.45,557.75));
#2088 = VECTOR('',#2089,1.);
#2089 = DIRECTION('',(0.,1.,0.));
#2090 = ORIENTED_EDGE('',*,*,#1681,.T.);
#2091 = ORIENTED_EDGE('',*,*,#2085,.T.);
#2092 = CYLINDRICAL_SURFACE('',#2093,2.75);
#2093 = AXIS2_PLACEMENT_3D('',#2094,#2095,#2096);
#2094 = CARTESIAN_POINT('',(530.,-57.45,555.));
#2095 = DIRECTION('',(0.,1.,0.));
#2096 = DIRECTION('',(0.,0.,1.));
#2097 = MANIFOLD_SOLID_BREP('',#2098);
#2098 = CLOSED_SHELL('',(#2099,#2132,#2141));
#2099 = ADVANCED_FACE('',(#2100),#2127,.T.);
#2100 = FACE_BOUND('',#2101,.T.);
#2101 = EDGE_LOOP('',(#2102,#2111,#2119,#2126));
#2102 = ORIENTED_EDGE('',*,*,#2103,.F.);
#2103 = EDGE_CURVE('',#2104,#2104,#2106,.T.);
#2104 = VERTEX_POINT('',#2105);
#2105 = CARTESIAN_POINT('',(20.,35.,57.5));
#2106 = CIRCLE('',#2107,2.5);
#2107 = AXIS2_PLACEMENT_3D('',#2108,#2109,#2110);
#2108 = CARTESIAN_POINT('',(20.,35.,55.));
#2109 = DIRECTION('',(0.,1.,0.));
#2110 = DIRECTION('',(0.,0.,1.));
#2111 = ORIENTED_EDGE('',*,*,#2112,.F.);
#2112 = EDGE_CURVE('',#2113,#2104,#2115,.T.);
#2113 = VERTEX_POINT('',#2114);
#2114 = CARTESIAN_POINT('',(20.,-65.,57.5));
#2115 = LINE('',#2116,#2117);
#2116 = CARTESIAN_POINT('',(20.,-65.,57.5));
#2117 = VECTOR('',#2118,1.);
#2118 = DIRECTION('',(0.,1.,0.));
#2119 = ORIENTED_EDGE('',*,*,#2120,.T.);
#2120 = EDGE_CURVE('',#2113,#2113,#2121,.T.);
#2121 = CIRCLE('',#2122,2.5);
#2122 = AXIS2_PLACEMENT_3D('',#2123,#2124,#2125);
#2123 = CARTESIAN_POINT('',(20.,-65.,55.));
#2124 = DIRECTION('',(0.,1.,0.));
#2125 = DIRECTION('',(0.,0.,1.));
#2126 = ORIENTED_EDGE('',*,*,#2112,.T.);
#2127 = CYLINDRICAL_SURFACE('',#2128,2.5);
#2128 = AXIS2_PLACEMENT_3D('',#2129,#2130,#2131);
#2129 = CARTESIAN_POINT('',(20.,-65.,55.));
#2130 = DIRECTION('',(0.,1.,0.));
#2131 = DIRECTION('',(0.,0.,1.));
#2132 = ADVANCED_FACE('',(#2133),#2136,.T.);
#2133 = FACE_BOUND('',#2134,.T.);
#2134 = EDGE_LOOP('',(#2135));
#2135 = ORIENTED_EDGE('',*,*,#2103,.T.);
#2136 = PLANE('',#2137);
#2137 = AXIS2_PLACEMENT_3D('',#2138,#2139,#2140);
#2138 = CARTESIAN_POINT('',(20.,35.,55.));
#2139 = DIRECTION('',(0.,1.,0.));
#2140 = DIRECTION('',(0.,0.,1.));
#2141 = ADVANCED_FACE('',(#2142),#2145,.F.);
#2142 = FACE_BOUND('',#2143,.T.);
#2143 = EDGE_LOOP('',(#2144));
#2144 = ORIENTED_EDGE('',*,*,#2120,.F.);
#2145 = PLANE('',#2146);
#2146 = AXIS2_PLACEMENT_3D('',#2147,#2148,#2149);
#2147 = CARTESIAN_POINT('',(20.,-65.,55.));
#2148 = DIRECTION('',(0.,1.,0.));
#2149 = DIRECTION('',(0.,0.,1.));
#2150 = MANIFOLD_SOLID_BREP('',#2151);
#2151 = CLOSED_SHELL('',(#2152,#2185,#2194));
#2152 = ADVANCED_FACE('',(#2153),#2180,.T.);
#2153 = FACE_BOUND('',#2154,.T.);
#2154 = EDGE_LOOP('',(#2155,#2164,#2172,#2179));
#2155 = ORIENTED_EDGE('',*,*,#2156,.F.);
#2156 = EDGE_CURVE('',#2157,#2157,#2159,.T.);
#2157 = VERTEX_POINT('',#2158);
#2158 = CARTESIAN_POINT('',(20.,35.,307.5));
#2159 = CIRCLE('',#2160,2.5);
#2160 = AXIS2_PLACEMENT_3D('',#2161,#2162,#2163);
#2161 = CARTESIAN_POINT('',(20.,35.,305.));
#2162 = DIRECTION('',(0.,1.,0.));
#2163 = DIRECTION('',(0.,0.,1.));
#2164 = ORIENTED_EDGE('',*,*,#2165,.F.);
#2165 = EDGE_CURVE('',#2166,#2157,#2168,.T.);
#2166 = VERTEX_POINT('',#2167);
#2167 = CARTESIAN_POINT('',(20.,-65.,307.5));
#2168 = LINE('',#2169,#2170);
#2169 = CARTESIAN_POINT('',(20.,-65.,307.5));
#2170 = VECTOR('',#2171,1.);
#2171 = DIRECTION('',(0.,1.,0.));
#2172 = ORIENTED_EDGE('',*,*,#2173,.T.);
#2173 = EDGE_CURVE('',#2166,#2166,#2174,.T.);
#2174 = CIRCLE('',#2175,2.5);
#2175 = AXIS2_PLACEMENT_3D('',#2176,#2177,#2178);
#2176 = CARTESIAN_POINT('',(20.,-65.,305.));
#2177 = DIRECTION('',(0.,1.,0.));
#2178 = DIRECTION('',(0.,0.,1.));
#2179 = ORIENTED_EDGE('',*,*,#2165,.T.);
#2180 = CYLINDRICAL_SURFACE('',#2181,2.5);
#2181 = AXIS2_PLACEMENT_3D('',#2182,#2183,#2184);
#2182 = CARTESIAN_POINT('',(20.,-65.,305.));
#2183 = DIRECTION('',(0.,1.,0.));
#2184 = DIRECTION('',(0.,0.,1.));
#2185 = ADVANCED_FACE('',(#2186),#2189,.T.);
#2186 = FACE_BOUND('',#2187,.T.);
#2187 = EDGE_LOOP('',(#2188));
#2188 = ORIENTED_EDGE('',*,*,#2156,.T.);
#2189 = PLANE('',#2190);
#2190 = AXIS2_PLACEMENT_3D('',#2191,#2192,#2193);
#2191 = CARTESIAN_POINT('',(20.,35.,305.));
#2192 = DIRECTION('',(0.,1.,0.));
#2193 = DIRECTION('',(0.,0.,1.));
#2194 = ADVANCED_FACE('',(#2195),#2198,.F.);
#2195 = FACE_BOUND('',#2196,.T.);
#2196 = EDGE_LOOP('',(#2197));
#2197 = ORIENTED_EDGE('',*,*,#2173,.F.);
#2198 = PLANE('',#2199);
#2199 = AXIS2_PLACEMENT_3D('',#2200,#2201,#2202);
#2200 = CARTESIAN_POINT('',(20.,-65.,305.));
#2201 = DIRECTION('',(0.,1.,0.));
#2202 = DIRECTION('',(0.,0.,1.));
#2203 = MANIFOLD_SOLID_BREP('',#2204);
#2204 = CLOSED_SHELL('',(#2205,#2238,#2247));
#2205 = ADVANCED_FACE('',(#2206),#2233,.T.);
#2206 = FACE_BOUND('',#2207,.T.);
#2207 = EDGE_LOOP('',(#2208,#2217,#2225,#2232));
#2208 = ORIENTED_EDGE('',*,*,#2209,.F.);
#2209 = EDGE_CURVE('',#2210,#2210,#2212,.T.);
#2210 = VERTEX_POINT('',#2211);
#2211 = CARTESIAN_POINT('',(20.,35.,557.5));
#2212 = CIRCLE('',#2213,2.5);
#2213 = AXIS2_PLACEMENT_3D('',#2214,#2215,#2216);
#2214 = CARTESIAN_POINT('',(20.,35.,555.));
#2215 = DIRECTION('',(0.,1.,0.));
#2216 = DIRECTION('',(0.,0.,1.));
#2217 = ORIENTED_EDGE('',*,*,#2218,.F.);
#2218 = EDGE_CURVE('',#2219,#2210,#2221,.T.);
#2219 = VERTEX_POINT('',#2220);
#2220 = CARTESIAN_POINT('',(20.,-65.,557.5));
#2221 = LINE('',#2222,#2223);
#2222 = CARTESIAN_POINT('',(20.,-65.,557.5));
#2223 = VECTOR('',#2224,1.);
#2224 = DIRECTION('',(0.,1.,0.));
#2225 = ORIENTED_EDGE('',*,*,#2226,.T.);
#2226 = EDGE_CURVE('',#2219,#2219,#2227,.T.);
#2227 = CIRCLE('',#2228,2.5);
#2228 = AXIS2_PLACEMENT_3D('',#2229,#2230,#2231);
#2229 = CARTESIAN_POINT('',(20.,-65.,555.));
#2230 = DIRECTION('',(0.,1.,0.));
#2231 = DIRECTION('',(0.,0.,1.));
#2232 = ORIENTED_EDGE('',*,*,#2218,.T.);
#2233 = CYLINDRICAL_SURFACE('',#2234,2.5);
#2234 = AXIS2_PLACEMENT_3D('',#2235,#2236,#2237);
#2235 = CARTESIAN_POINT('',(20.,-65.,555.));
#2236 = DIRECTION('',(0.,1.,0.));
#2237 = DIRECTION('',(0.,0.,1.));
#2238 = ADVANCED_FACE('',(#2239),#2242,.T.);
#2239 = FACE_BOUND('',#2240,.T.);
#2240 = EDGE_LOOP('',(#2241));
#2241 = ORIENTED_EDGE('',*,*,#2209,.T.);
#2242 = PLANE('',#2243);
#2243 = AXIS2_PLACEMENT_3D('',#2244,#2245,#2246);
#2244 = CARTESIAN_POINT('',(20.,35.,555.));
#2245 = DIRECTION('',(0.,1.,0.));
#2246 = DIRECTION('',(0.,0.,1.));
#2247 = ADVANCED_FACE('',(#2248),#2251,.F.);
#2248 = FACE_BOUND('',#2249,.T.);
#2249 = EDGE_LOOP('',(#2250));
#2250 = ORIENTED_EDGE('',*,*,#2226,.F.);
#2251 = PLANE('',#2252);
#2252 = AXIS2_PLACEMENT_3D('',#2253,#2254,#2255);
#2253 = CARTESIAN_POINT('',(20.,-65.,555.));
#2254 = DIRECTION('',(0.,1.,0.));
#2255 = DIRECTION('',(0.,0.,1.));
#2256 = MANIFOLD_SOLID_BREP('',#2257);
#2257 = CLOSED_SHELL('',(#2258,#2291,#2300));
#2258 = ADVANCED_FACE('',(#2259),#2286,.T.);
#2259 = FACE_BOUND('',#2260,.T.);
#2260 = EDGE_LOOP('',(#2261,#2270,#2278,#2285));
#2261 = ORIENTED_EDGE('',*,*,#2262,.F.);
#2262 = EDGE_CURVE('',#2263,#2263,#2265,.T.);
#2263 = VERTEX_POINT('',#2264);
#2264 = CARTESIAN_POINT('',(530.,35.,57.5));
#2265 = CIRCLE('',#2266,2.5);
#2266 = AXIS2_PLACEMENT_3D('',#2267,#2268,#2269);
#2267 = CARTESIAN_POINT('',(530.,35.,55.));
#2268 = DIRECTION('',(0.,1.,0.));
#2269 = DIRECTION('',(0.,0.,1.));
#2270 = ORIENTED_EDGE('',*,*,#2271,.F.);
#2271 = EDGE_CURVE('',#2272,#2263,#2274,.T.);
#2272 = VERTEX_POINT('',#2273);
#2273 = CARTESIAN_POINT('',(530.,-65.,57.5));
#2274 = LINE('',#2275,#2276);
#2275 = CARTESIAN_POINT('',(530.,-65.,57.5));
#2276 = VECTOR('',#2277,1.);
#2277 = DIRECTION('',(0.,1.,0.));
#2278 = ORIENTED_EDGE('',*,*,#2279,.T.);
#2279 = EDGE_CURVE('',#2272,#2272,#2280,.T.);
#2280 = CIRCLE('',#2281,2.5);
#2281 = AXIS2_PLACEMENT_3D('',#2282,#2283,#2284);
#2282 = CARTESIAN_POINT('',(530.,-65.,55.));
#2283 = DIRECTION('',(0.,1.,0.));
#2284 = DIRECTION('',(0.,0.,1.));
#2285 = ORIENTED_EDGE('',*,*,#2271,.T.);
#2286 = CYLINDRICAL_SURFACE('',#2287,2.5);
#2287 = AXIS2_PLACEMENT_3D('',#2288,#2289,#2290);
#2288 = CARTESIAN_POINT('',(530.,-65.,55.));
#2289 = DIRECTION('',(0.,1.,0.));
#2290 = DIRECTION('',(0.,0.,1.));
#2291 = ADVANCED_FACE('',(#2292),#2295,.T.);
#2292 = FACE_BOUND('',#2293,.T.);
#2293 = EDGE_LOOP('',(#2294));
#2294 = ORIENTED_EDGE('',*,*,#2262,.T.);
#2295 = PLANE('',#2296);
#2296 = AXIS2_PLACEMENT_3D('',#2297,#2298,#2299);
#2297 = CARTESIAN_POINT('',(530.,35.,55.));
#2298 = DIRECTION('',(0.,1.,0.));
#2299 = DIRECTION('',(0.,0.,1.));
#2300 = ADVANCED_FACE('',(#2301),#2304,.F.);
#2301 = FACE_BOUND('',#2302,.T.);
#2302 = EDGE_LOOP('',(#2303));
#2303 = ORIENTED_EDGE('',*,*,#2279,.F.);
#2304 = PLANE('',#2305);
#2305 = AXIS2_PLACEMENT_3D('',#2306,#2307,#2308);
#2306 = CARTESIAN_POINT('',(530.,-65.,55.));
#2307 = DIRECTION('',(0.,1.,0.));
#2308 = DIRECTION('',(0.,0.,1.));
#2309 = MANIFOLD_SOLID_BREP('',#2310);
#2310 = CLOSED_SHELL('',(#2311,#2344,#2353));
#2311 = ADVANCED_FACE('',(#2312),#2339,.T.);
#2312 = FACE_BOUND('',#2313,.T.);
#2313 = EDGE_LOOP('',(#2314,#2323,#2331,#2338));
#2314 = ORIENTED_EDGE('',*,*,#2315,.F.);
#2315 = EDGE_CURVE('',#2316,#2316,#2318,.T.);
#2316 = VERTEX_POINT('',#2317);
#2317 = CARTESIAN_POINT('',(530.,35.,307.5));
#2318 = CIRCLE('',#2319,2.5);
#2319 = AXIS2_PLACEMENT_3D('',#2320,#2321,#2322);
#2320 = CARTESIAN_POINT('',(530.,35.,305.));
#2321 = DIRECTION('',(0.,1.,0.));
#2322 = DIRECTION('',(0.,0.,1.));
#2323 = ORIENTED_EDGE('',*,*,#2324,.F.);
#2324 = EDGE_CURVE('',#2325,#2316,#2327,.T.);
#2325 = VERTEX_POINT('',#2326);
#2326 = CARTESIAN_POINT('',(530.,-65.,307.5));
#2327 = LINE('',#2328,#2329);
#2328 = CARTESIAN_POINT('',(530.,-65.,307.5));
#2329 = VECTOR('',#2330,1.);
#2330 = DIRECTION('',(0.,1.,0.));
#2331 = ORIENTED_EDGE('',*,*,#2332,.T.);
#2332 = EDGE_CURVE('',#2325,#2325,#2333,.T.);
#2333 = CIRCLE('',#2334,2.5);
#2334 = AXIS2_PLACEMENT_3D('',#2335,#2336,#2337);
#2335 = CARTESIAN_POINT('',(530.,-65.,305.));
#2336 = DIRECTION('',(0.,1.,0.));
#2337 = DIRECTION('',(0.,0.,1.));
#2338 = ORIENTED_EDGE('',*,*,#2324,.T.);
#2339 = CYLINDRICAL_SURFACE('',#2340,2.5);
#2340 = AXIS2_PLACEMENT_3D('',#2341,#2342,#2343);
#2341 = CARTESIAN_POINT('',(530.,-65.,305.));
#2342 = DIRECTION('',(0.,1.,0.));
#2343 = DIRECTION('',(0.,0.,1.));
#2344 = ADVANCED_FACE('',(#2345),#2348,.T.);
#2345 = FACE_BOUND('',#2346,.T.);
#2346 = EDGE_LOOP('',(#2347));
#2347 = ORIENTED_EDGE('',*,*,#2315,.T.);
#2348 = PLANE('',#2349);
#2349 = AXIS2_PLACEMENT_3D('',#2350,#2351,#2352);
#2350 = CARTESIAN_POINT('',(530.,35.,305.));
#2351 = DIRECTION('',(0.,1.,0.));
#2352 = DIRECTION('',(0.,0.,1.));
#2353 = ADVANCED_FACE('',(#2354),#2357,.F.);
#2354 = FACE_BOUND('',#2355,.T.);
#2355 = EDGE_LOOP('',(#2356));
#2356 = ORIENTED_EDGE('',*,*,#2332,.F.);
#2357 = PLANE('',#2358);
#2358 = AXIS2_PLACEMENT_3D('',#2359,#2360,#2361);
#2359 = CARTESIAN_POINT('',(530.,-65.,305.));
#2360 = DIRECTION('',(0.,1.,0.));
#2361 = DIRECTION('',(0.,0.,1.));
#2362 = MANIFOLD_SOLID_BREP('',#2363);
#2363 = CLOSED_SHELL('',(#2364,#2397,#2406));
#2364 = ADVANCED_FACE('',(#2365),#2392,.T.);
#2365 = FACE_BOUND('',#2366,.T.);
#2366 = EDGE_LOOP('',(#2367,#2376,#2384,#2391));
#2367 = ORIENTED_EDGE('',*,*,#2368,.F.);
#2368 = EDGE_CURVE('',#2369,#2369,#2371,.T.);
#2369 = VERTEX_POINT('',#2370);
#2370 = CARTESIAN_POINT('',(530.,35.,557.5));
#2371 = CIRCLE('',#2372,2.5);
#2372 = AXIS2_PLACEMENT_3D('',#2373,#2374,#2375);
#2373 = CARTESIAN_POINT('',(530.,35.,555.));
#2374 = DIRECTION('',(0.,1.,0.));
#2375 = DIRECTION('',(0.,0.,1.));
#2376 = ORIENTED_EDGE('',*,*,#2377,.F.);
#2377 = EDGE_CURVE('',#2378,#2369,#2380,.T.);
#2378 = VERTEX_POINT('',#2379);
#2379 = CARTESIAN_POINT('',(530.,-65.,557.5));
#2380 = LINE('',#2381,#2382);
#2381 = CARTESIAN_POINT('',(530.,-65.,557.5));
#2382 = VECTOR('',#2383,1.);
#2383 = DIRECTION('',(0.,1.,0.));
#2384 = ORIENTED_EDGE('',*,*,#2385,.T.);
#2385 = EDGE_CURVE('',#2378,#2378,#2386,.T.);
#2386 = CIRCLE('',#2387,2.5);
#2387 = AXIS2_PLACEMENT_3D('',#2388,#2389,#2390);
#2388 = CARTESIAN_POINT('',(530.,-65.,555.));
#2389 = DIRECTION('',(0.,1.,0.));
#2390 = DIRECTION('',(0.,0.,1.));
#2391 = ORIENTED_EDGE('',*,*,#2377,.T.);
#2392 = CYLINDRICAL_SURFACE('',#2393,2.5);
#2393 = AXIS2_PLACEMENT_3D('',#2394,#2395,#2396);
#2394 = CARTESIAN_POINT('',(530.,-65.,555.));
#2395 = DIRECTION('',(0.,1.,0.));
#2396 = DIRECTION('',(0.,0.,1.));
#2397 = ADVANCED_FACE('',(#2398),#2401,.T.);
#2398 = FACE_BOUND('',#2399,.T.);
#2399 = EDGE_LOOP('',(#2400));
#2400 = ORIENTED_EDGE('',*,*,#2368,.T.);
#2401 = PLANE('',#2402);
#2402 = AXIS2_PLACEMENT_3D('',#2403,#2404,#2405);
#2403 = CARTESIAN_POINT('',(530.,35.,555.));
#2404 = DIRECTION('',(0.,1.,0.));
#2405 = DIRECTION('',(0.,0.,1.));
#2406 = ADVANCED_FACE('',(#2407),#2410,.F.);
#2407 = FACE_BOUND('',#2408,.T.);
#2408 = EDGE_LOOP('',(#2409));
#2409 = ORIENTED_EDGE('',*,*,#2385,.F.);
#2410 = PLANE('',#2411);
#2411 = AXIS2_PLACEMENT_3D('',#2412,#2413,#2414);
#2412 = CARTESIAN_POINT('',(530.,-65.,555.));
#2413 = DIRECTION('',(0.,1.,0.));
#2414 = DIRECTION('',(0.,0.,1.));
#2415 = MANIFOLD_SOLID_BREP('',#2416);
#2416 = CLOSED_SHELL('',(#2417,#2450,#2459));
#2417 = ADVANCED_FACE('',(#2418),#2445,.T.);
#2418 = FACE_BOUND('',#2419,.T.);
#2419 = EDGE_LOOP('',(#2420,#2429,#2437,#2444));
#2420 = ORIENTED_EDGE('',*,*,#2421,.F.);
#2421 = EDGE_CURVE('',#2422,#2422,#2424,.T.);
#2422 = VERTEX_POINT('',#2423);
#2423 = CARTESIAN_POINT('',(275.,17.,52.5));
#2424 = CIRCLE('',#2425,2.5);
#2425 = AXIS2_PLACEMENT_3D('',#2426,#2427,#2428);
#2426 = CARTESIAN_POINT('',(275.,17.,50.));
#2427 = DIRECTION('',(0.,1.,0.));
#2428 = DIRECTION('',(0.,0.,1.));
#2429 = ORIENTED_EDGE('',*,*,#2430,.F.);
#2430 = EDGE_CURVE('',#2431,#2422,#2433,.T.);
#2431 = VERTEX_POINT('',#2432);
#2432 = CARTESIAN_POINT('',(275.,-63.,52.5));
#2433 = LINE('',#2434,#2435);
#2434 = CARTESIAN_POINT('',(275.,-63.,52.5));
#2435 = VECTOR('',#2436,1.);
#2436 = DIRECTION('',(0.,1.,0.));
#2437 = ORIENTED_EDGE('',*,*,#2438,.T.);
#2438 = EDGE_CURVE('',#2431,#2431,#2439,.T.);
#2439 = CIRCLE('',#2440,2.5);
#2440 = AXIS2_PLACEMENT_3D('',#2441,#2442,#2443);
#2441 = CARTESIAN_POINT('',(275.,-63.,50.));
#2442 = DIRECTION('',(0.,1.,0.));
#2443 = DIRECTION('',(0.,0.,1.));
#2444 = ORIENTED_EDGE('',*,*,#2430,.T.);
#2445 = CYLINDRICAL_SURFACE('',#2446,2.5);
#2446 = AXIS2_PLACEMENT_3D('',#2447,#2448,#2449);
#2447 = CARTESIAN_POINT('',(275.,-63.,50.));
#2448 = DIRECTION('',(0.,1.,0.));
#2449 = DIRECTION('',(0.,0.,1.));
#2450 = ADVANCED_FACE('',(#2451),#2454,.T.);
#2451 = FACE_BOUND('',#2452,.T.);
#2452 = EDGE_LOOP('',(#2453));
#2453 = ORIENTED_EDGE('',*,*,#2421,.T.);
#2454 = PLANE('',#2455);
#2455 = AXIS2_PLACEMENT_3D('',#2456,#2457,#2458);
#2456 = CARTESIAN_POINT('',(275.,17.,50.));
#2457 = DIRECTION('',(0.,1.,0.));
#2458 = DIRECTION('',(0.,0.,1.));
#2459 = ADVANCED_FACE('',(#2460),#2463,.F.);
#2460 = FACE_BOUND('',#2461,.T.);
#2461 = EDGE_LOOP('',(#2462));
#2462 = ORIENTED_EDGE('',*,*,#2438,.F.);
#2463 = PLANE('',#2464);
#2464 = AXIS2_PLACEMENT_3D('',#2465,#2466,#2467);
#2465 = CARTESIAN_POINT('',(275.,-63.,50.));
#2466 = DIRECTION('',(0.,1.,0.));
#2467 = DIRECTION('',(0.,0.,1.));
#2468 = MANIFOLD_SOLID_BREP('',#2469);
#2469 = CLOSED_SHELL('',(#2470,#2503,#2512));
#2470 = ADVANCED_FACE('',(#2471),#2498,.T.);
#2471 = FACE_BOUND('',#2472,.T.);
#2472 = EDGE_LOOP('',(#2473,#2482,#2490,#2497));
#2473 = ORIENTED_EDGE('',*,*,#2474,.F.);
#2474 = EDGE_CURVE('',#2475,#2475,#2477,.T.);
#2475 = VERTEX_POINT('',#2476);
#2476 = CARTESIAN_POINT('',(275.,17.,562.5));
#2477 = CIRCLE('',#2478,2.5);
#2478 = AXIS2_PLACEMENT_3D('',#2479,#2480,#2481);
#2479 = CARTESIAN_POINT('',(275.,17.,560.));
#2480 = DIRECTION('',(0.,1.,0.));
#2481 = DIRECTION('',(0.,0.,1.));
#2482 = ORIENTED_EDGE('',*,*,#2483,.F.);
#2483 = EDGE_CURVE('',#2484,#2475,#2486,.T.);
#2484 = VERTEX_POINT('',#2485);
#2485 = CARTESIAN_POINT('',(275.,-63.,562.5));
#2486 = LINE('',#2487,#2488);
#2487 = CARTESIAN_POINT('',(275.,-63.,562.5));
#2488 = VECTOR('',#2489,1.);
#2489 = DIRECTION('',(0.,1.,0.));
#2490 = ORIENTED_EDGE('',*,*,#2491,.T.);
#2491 = EDGE_CURVE('',#2484,#2484,#2492,.T.);
#2492 = CIRCLE('',#2493,2.5);
#2493 = AXIS2_PLACEMENT_3D('',#2494,#2495,#2496);
#2494 = CARTESIAN_POINT('',(275.,-63.,560.));
#2495 = DIRECTION('',(0.,1.,0.));
#2496 = DIRECTION('',(0.,0.,1.));
#2497 = ORIENTED_EDGE('',*,*,#2483,.T.);
#2498 = CYLINDRICAL_SURFACE('',#2499,2.5);
#2499 = AXIS2_PLACEMENT_3D('',#2500,#2501,#2502);
#2500 = CARTESIAN_POINT('',(275.,-63.,560.));
#2501 = DIRECTION('',(0.,1.,0.));
#2502 = DIRECTION('',(0.,0.,1.));
#2503 = ADVANCED_FACE('',(#2504),#2507,.T.);
#2504 = FACE_BOUND('',#2505,.T.);
#2505 = EDGE_LOOP('',(#2506));
#2506 = ORIENTED_EDGE('',*,*,#2474,.T.);
#2507 = PLANE('',#2508);
#2508 = AXIS2_PLACEMENT_3D('',#2509,#2510,#2511);
#2509 = CARTESIAN_POINT('',(275.,17.,560.));
#2510 = DIRECTION('',(0.,1.,0.));
#2511 = DIRECTION('',(0.,0.,1.));
#2512 = ADVANCED_FACE('',(#2513),#2516,.F.);
#2513 = FACE_BOUND('',#2514,.T.);
#2514 = EDGE_LOOP('',(#2515));
#2515 = ORIENTED_EDGE('',*,*,#2491,.F.);
#2516 = PLANE('',#2517);
#2517 = AXIS2_PLACEMENT_3D('',#2518,#2519,#2520);
#2518 = CARTESIAN_POINT('',(275.,-63.,560.));
#2519 = DIRECTION('',(0.,1.,0.));
#2520 = DIRECTION('',(0.,0.,1.));
#2521 = MANIFOLD_SOLID_BREP('',#2522);
#2522 = CLOSED_SHELL('',(#2523,#2563,#2603,#2625,#2647,#2659));
#2523 = ADVANCED_FACE('',(#2524),#2558,.F.);
#2524 = FACE_BOUND('',#2525,.F.);
#2525 = EDGE_LOOP('',(#2526,#2536,#2544,#2552));
#2526 = ORIENTED_EDGE('',*,*,#2527,.F.);
#2527 = EDGE_CURVE('',#2528,#2530,#2532,.T.);
#2528 = VERTEX_POINT('',#2529);
#2529 = CARTESIAN_POINT('',(30.,-47.45,48.35));
#2530 = VERTEX_POINT('',#2531);
#2531 = CARTESIAN_POINT('',(30.,-47.45,57.35));
#2532 = LINE('',#2533,#2534);
#2533 = CARTESIAN_POINT('',(30.,-47.45,48.35));
#2534 = VECTOR('',#2535,1.);
#2535 = DIRECTION('',(0.,0.,1.));
#2536 = ORIENTED_EDGE('',*,*,#2537,.T.);
#2537 = EDGE_CURVE('',#2528,#2538,#2540,.T.);
#2538 = VERTEX_POINT('',#2539);
#2539 = CARTESIAN_POINT('',(30.,0.,48.35));
#2540 = LINE('',#2541,#2542);
#2541 = CARTESIAN_POINT('',(30.,-47.45,48.35));
#2542 = VECTOR('',#2543,1.);
#2543 = DIRECTION('',(0.,1.,0.));
#2544 = ORIENTED_EDGE('',*,*,#2545,.T.);
#2545 = EDGE_CURVE('',#2538,#2546,#2548,.T.);
#2546 = VERTEX_POINT('',#2547);
#2547 = CARTESIAN_POINT('',(30.,0.,57.35));
#2548 = LINE('',#2549,#2550);
#2549 = CARTESIAN_POINT('',(30.,0.,48.35));
#2550 = VECTOR('',#2551,1.);
#2551 = DIRECTION('',(0.,0.,1.));
#2552 = ORIENTED_EDGE('',*,*,#2553,.F.);
#2553 = EDGE_CURVE('',#2530,#2546,#2554,.T.);
#2554 = LINE('',#2555,#2556);
#2555 = CARTESIAN_POINT('',(30.,-47.45,57.35));
#2556 = VECTOR('',#2557,1.);
#2557 = DIRECTION('',(0.,1.,0.));
#2558 = PLANE('',#2559);
#2559 = AXIS2_PLACEMENT_3D('',#2560,#2561,#2562);
#2560 = CARTESIAN_POINT('',(30.,-47.45,48.35));
#2561 = DIRECTION('',(1.,0.,0.));
#2562 = DIRECTION('',(0.,0.,1.));
#2563 = ADVANCED_FACE('',(#2564),#2598,.T.);
#2564 = FACE_BOUND('',#2565,.T.);
#2565 = EDGE_LOOP('',(#2566,#2576,#2584,#2592));
#2566 = ORIENTED_EDGE('',*,*,#2567,.F.);
#2567 = EDGE_CURVE('',#2568,#2570,#2572,.T.);
#2568 = VERTEX_POINT('',#2569);
#2569 = CARTESIAN_POINT('',(265.,-47.45,48.35));
#2570 = VERTEX_POINT('',#2571);
#2571 = CARTESIAN_POINT('',(265.,-47.45,57.35));
#2572 = LINE('',#2573,#2574);
#2573 = CARTESIAN_POINT('',(265.,-47.45,48.35));
#2574 = VECTOR('',#2575,1.);
#2575 = DIRECTION('',(0.,0.,1.));
#2576 = ORIENTED_EDGE('',*,*,#2577,.T.);
#2577 = EDGE_CURVE('',#2568,#2578,#2580,.T.);
#2578 = VERTEX_POINT('',#2579);
#2579 = CARTESIAN_POINT('',(265.,0.,48.35));
#2580 = LINE('',#2581,#2582);
#2581 = CARTESIAN_POINT('',(265.,-47.45,48.35));
#2582 = VECTOR('',#2583,1.);
#2583 = DIRECTION('',(0.,1.,0.));
#2584 = ORIENTED_EDGE('',*,*,#2585,.T.);
#2585 = EDGE_CURVE('',#2578,#2586,#2588,.T.);
#2586 = VERTEX_POINT('',#2587);
#2587 = CARTESIAN_POINT('',(265.,0.,57.35));
#2588 = LINE('',#2589,#2590);
#2589 = CARTESIAN_POINT('',(265.,0.,48.35));
#2590 = VECTOR('',#2591,1.);
#2591 = DIRECTION('',(0.,0.,1.));
#2592 = ORIENTED_EDGE('',*,*,#2593,.F.);
#2593 = EDGE_CURVE('',#2570,#2586,#2594,.T.);
#2594 = LINE('',#2595,#2596);
#2595 = CARTESIAN_POINT('',(265.,-47.45,57.35));
#2596 = VECTOR('',#2597,1.);
#2597 = DIRECTION('',(0.,1.,0.));
#2598 = PLANE('',#2599);
#2599 = AXIS2_PLACEMENT_3D('',#2600,#2601,#2602);
#2600 = CARTESIAN_POINT('',(265.,-47.45,48.35));
#2601 = DIRECTION('',(1.,0.,0.));
#2602 = DIRECTION('',(0.,0.,1.));
#2603 = ADVANCED_FACE('',(#2604),#2620,.F.);
#2604 = FACE_BOUND('',#2605,.F.);
#2605 = EDGE_LOOP('',(#2606,#2612,#2613,#2619));
#2606 = ORIENTED_EDGE('',*,*,#2607,.F.);
#2607 = EDGE_CURVE('',#2528,#2568,#2608,.T.);
#2608 = LINE('',#2609,#2610);
#2609 = CARTESIAN_POINT('',(30.,-47.45,48.35));
#2610 = VECTOR('',#2611,1.);
#2611 = DIRECTION('',(1.,0.,0.));
#2612 = ORIENTED_EDGE('',*,*,#2527,.T.);
#2613 = ORIENTED_EDGE('',*,*,#2614,.T.);
#2614 = EDGE_CURVE('',#2530,#2570,#2615,.T.);
#2615 = LINE('',#2616,#2617);
#2616 = CARTESIAN_POINT('',(30.,-47.45,57.35));
#2617 = VECTOR('',#2618,1.);
#2618 = DIRECTION('',(1.,0.,0.));
#2619 = ORIENTED_EDGE('',*,*,#2567,.F.);
#2620 = PLANE('',#2621);
#2621 = AXIS2_PLACEMENT_3D('',#2622,#2623,#2624);
#2622 = CARTESIAN_POINT('',(30.,-47.45,48.35));
#2623 = DIRECTION('',(0.,1.,0.));
#2624 = DIRECTION('',(0.,0.,1.));
#2625 = ADVANCED_FACE('',(#2626),#2642,.T.);
#2626 = FACE_BOUND('',#2627,.T.);
#2627 = EDGE_LOOP('',(#2628,#2634,#2635,#2641));
#2628 = ORIENTED_EDGE('',*,*,#2629,.F.);
#2629 = EDGE_CURVE('',#2538,#2578,#2630,.T.);
#2630 = LINE('',#2631,#2632);
#2631 = CARTESIAN_POINT('',(30.,0.,48.35));
#2632 = VECTOR('',#2633,1.);
#2633 = DIRECTION('',(1.,0.,0.));
#2634 = ORIENTED_EDGE('',*,*,#2545,.T.);
#2635 = ORIENTED_EDGE('',*,*,#2636,.T.);
#2636 = EDGE_CURVE('',#2546,#2586,#2637,.T.);
#2637 = LINE('',#2638,#2639);
#2638 = CARTESIAN_POINT('',(30.,0.,57.35));
#2639 = VECTOR('',#2640,1.);
#2640 = DIRECTION('',(1.,0.,0.));
#2641 = ORIENTED_EDGE('',*,*,#2585,.F.);
#2642 = PLANE('',#2643);
#2643 = AXIS2_PLACEMENT_3D('',#2644,#2645,#2646);
#2644 = CARTESIAN_POINT('',(30.,0.,48.35));
#2645 = DIRECTION('',(0.,1.,0.));
#2646 = DIRECTION('',(0.,0.,1.));
#2647 = ADVANCED_FACE('',(#2648),#2654,.F.);
#2648 = FACE_BOUND('',#2649,.F.);
#2649 = EDGE_LOOP('',(#2650,#2651,#2652,#2653));
#2650 = ORIENTED_EDGE('',*,*,#2537,.F.);
#2651 = ORIENTED_EDGE('',*,*,#2607,.T.);
#2652 = ORIENTED_EDGE('',*,*,#2577,.T.);
#2653 = ORIENTED_EDGE('',*,*,#2629,.F.);
#2654 = PLANE('',#2655);
#2655 = AXIS2_PLACEMENT_3D('',#2656,#2657,#2658);
#2656 = CARTESIAN_POINT('',(30.,-47.45,48.35));
#2657 = DIRECTION('',(0.,0.,1.));
#2658 = DIRECTION('',(1.,0.,0.));
#2659 = ADVANCED_FACE('',(#2660),#2666,.T.);
#2660 = FACE_BOUND('',#2661,.T.);
#2661 = EDGE_LOOP('',(#2662,#2663,#2664,#2665));
#2662 = ORIENTED_EDGE('',*,*,#2553,.F.);
#2663 = ORIENTED_EDGE('',*,*,#2614,.T.);
#2664 = ORIENTED_EDGE('',*,*,#2593,.T.);
#2665 = ORIENTED_EDGE('',*,*,#2636,.F.);
#2666 = PLANE('',#2667);
#2667 = AXIS2_PLACEMENT_3D('',#2668,#2669,#2670);
#2668 = CARTESIAN_POINT('',(30.,-47.45,57.35));
#2669 = DIRECTION('',(0.,0.,1.));
#2670 = DIRECTION('',(1.,0.,0.));
#2671 = MANIFOLD_SOLID_BREP('',#2672);
#2672 = CLOSED_SHELL('',(#2673,#2713,#2753,#2775,#2797,#2809));
#2673 = ADVANCED_FACE('',(#2674),#2708,.F.);
#2674 = FACE_BOUND('',#2675,.F.);
#2675 = EDGE_LOOP('',(#2676,#2686,#2694,#2702));
#2676 = ORIENTED_EDGE('',*,*,#2677,.F.);
#2677 = EDGE_CURVE('',#2678,#2680,#2682,.T.);
#2678 = VERTEX_POINT('',#2679);
#2679 = CARTESIAN_POINT('',(285.,-47.45,48.35));
#2680 = VERTEX_POINT('',#2681);
#2681 = CARTESIAN_POINT('',(285.,-47.45,57.35));
#2682 = LINE('',#2683,#2684);
#2683 = CARTESIAN_POINT('',(285.,-47.45,48.35));
#2684 = VECTOR('',#2685,1.);
#2685 = DIRECTION('',(0.,0.,1.));
#2686 = ORIENTED_EDGE('',*,*,#2687,.T.);
#2687 = EDGE_CURVE('',#2678,#2688,#2690,.T.);
#2688 = VERTEX_POINT('',#2689);
#2689 = CARTESIAN_POINT('',(285.,0.,48.35));
#2690 = LINE('',#2691,#2692);
#2691 = CARTESIAN_POINT('',(285.,-47.45,48.35));
#2692 = VECTOR('',#2693,1.);
#2693 = DIRECTION('',(0.,1.,0.));
#2694 = ORIENTED_EDGE('',*,*,#2695,.T.);
#2695 = EDGE_CURVE('',#2688,#2696,#2698,.T.);
#2696 = VERTEX_POINT('',#2697);
#2697 = CARTESIAN_POINT('',(285.,0.,57.35));
#2698 = LINE('',#2699,#2700);
#2699 = CARTESIAN_POINT('',(285.,0.,48.35));
#2700 = VECTOR('',#2701,1.);
#2701 = DIRECTION('',(0.,0.,1.));
#2702 = ORIENTED_EDGE('',*,*,#2703,.F.);
#2703 = EDGE_CURVE('',#2680,#2696,#2704,.T.);
#2704 = LINE('',#2705,#2706);
#2705 = CARTESIAN_POINT('',(285.,-47.45,57.35));
#2706 = VECTOR('',#2707,1.);
#2707 = DIRECTION('',(0.,1.,0.));
#2708 = PLANE('',#2709);
#2709 = AXIS2_PLACEMENT_3D('',#2710,#2711,#2712);
#2710 = CARTESIAN_POINT('',(285.,-47.45,48.35));
#2711 = DIRECTION('',(1.,0.,0.));
#2712 = DIRECTION('',(0.,0.,1.));
#2713 = ADVANCED_FACE('',(#2714),#2748,.T.);
#2714 = FACE_BOUND('',#2715,.T.);
#2715 = EDGE_LOOP('',(#2716,#2726,#2734,#2742));
#2716 = ORIENTED_EDGE('',*,*,#2717,.F.);
#2717 = EDGE_CURVE('',#2718,#2720,#2722,.T.);
#2718 = VERTEX_POINT('',#2719);
#2719 = CARTESIAN_POINT('',(520.,-47.45,48.35));
#2720 = VERTEX_POINT('',#2721);
#2721 = CARTESIAN_POINT('',(520.,-47.45,57.35));
#2722 = LINE('',#2723,#2724);
#2723 = CARTESIAN_POINT('',(520.,-47.45,48.35));
#2724 = VECTOR('',#2725,1.);
#2725 = DIRECTION('',(0.,0.,1.));
#2726 = ORIENTED_EDGE('',*,*,#2727,.T.);
#2727 = EDGE_CURVE('',#2718,#2728,#2730,.T.);
#2728 = VERTEX_POINT('',#2729);
#2729 = CARTESIAN_POINT('',(520.,0.,48.35));
#2730 = LINE('',#2731,#2732);
#2731 = CARTESIAN_POINT('',(520.,-47.45,48.35));
#2732 = VECTOR('',#2733,1.);
#2733 = DIRECTION('',(0.,1.,0.));
#2734 = ORIENTED_EDGE('',*,*,#2735,.T.);
#2735 = EDGE_CURVE('',#2728,#2736,#2738,.T.);
#2736 = VERTEX_POINT('',#2737);
#2737 = CARTESIAN_POINT('',(520.,0.,57.35));
#2738 = LINE('',#2739,#2740);
#2739 = CARTESIAN_POINT('',(520.,0.,48.35));
#2740 = VECTOR('',#2741,1.);
#2741 = DIRECTION('',(0.,0.,1.));
#2742 = ORIENTED_EDGE('',*,*,#2743,.F.);
#2743 = EDGE_CURVE('',#2720,#2736,#2744,.T.);
#2744 = LINE('',#2745,#2746);
#2745 = CARTESIAN_POINT('',(520.,-47.45,57.35));
#2746 = VECTOR('',#2747,1.);
#2747 = DIRECTION('',(0.,1.,0.));
#2748 = PLANE('',#2749);
#2749 = AXIS2_PLACEMENT_3D('',#2750,#2751,#2752);
#2750 = CARTESIAN_POINT('',(520.,-47.45,48.35));
#2751 = DIRECTION('',(1.,0.,0.));
#2752 = DIRECTION('',(0.,0.,1.));
#2753 = ADVANCED_FACE('',(#2754),#2770,.F.);
#2754 = FACE_BOUND('',#2755,.F.);
#2755 = EDGE_LOOP('',(#2756,#2762,#2763,#2769));
#2756 = ORIENTED_EDGE('',*,*,#2757,.F.);
#2757 = EDGE_CURVE('',#2678,#2718,#2758,.T.);
#2758 = LINE('',#2759,#2760);
#2759 = CARTESIAN_POINT('',(285.,-47.45,48.35));
#2760 = VECTOR('',#2761,1.);
#2761 = DIRECTION('',(1.,0.,0.));
#2762 = ORIENTED_EDGE('',*,*,#2677,.T.);
#2763 = ORIENTED_EDGE('',*,*,#2764,.T.);
#2764 = EDGE_CURVE('',#2680,#2720,#2765,.T.);
#2765 = LINE('',#2766,#2767);
#2766 = CARTESIAN_POINT('',(285.,-47.45,57.35));
#2767 = VECTOR('',#2768,1.);
#2768 = DIRECTION('',(1.,0.,0.));
#2769 = ORIENTED_EDGE('',*,*,#2717,.F.);
#2770 = PLANE('',#2771);
#2771 = AXIS2_PLACEMENT_3D('',#2772,#2773,#2774);
#2772 = CARTESIAN_POINT('',(285.,-47.45,48.35));
#2773 = DIRECTION('',(0.,1.,0.));
#2774 = DIRECTION('',(0.,0.,1.));
#2775 = ADVANCED_FACE('',(#2776),#2792,.T.);
#2776 = FACE_BOUND('',#2777,.T.);
#2777 = EDGE_LOOP('',(#2778,#2784,#2785,#2791));
#2778 = ORIENTED_EDGE('',*,*,#2779,.F.);
#2779 = EDGE_CURVE('',#2688,#2728,#2780,.T.);
#2780 = LINE('',#2781,#2782);
#2781 = CARTESIAN_POINT('',(285.,0.,48.35));
#2782 = VECTOR('',#2783,1.);
#2783 = DIRECTION('',(1.,0.,0.));
#2784 = ORIENTED_EDGE('',*,*,#2695,.T.);
#2785 = ORIENTED_EDGE('',*,*,#2786,.T.);
#2786 = EDGE_CURVE('',#2696,#2736,#2787,.T.);
#2787 = LINE('',#2788,#2789);
#2788 = CARTESIAN_POINT('',(285.,0.,57.35));
#2789 = VECTOR('',#2790,1.);
#2790 = DIRECTION('',(1.,0.,0.));
#2791 = ORIENTED_EDGE('',*,*,#2735,.F.);
#2792 = PLANE('',#2793);
#2793 = AXIS2_PLACEMENT_3D('',#2794,#2795,#2796);
#2794 = CARTESIAN_POINT('',(285.,0.,48.35));
#2795 = DIRECTION('',(0.,1.,0.));
#2796 = DIRECTION('',(0.,0.,1.));
#2797 = ADVANCED_FACE('',(#2798),#2804,.F.);
#2798 = FACE_BOUND('',#2799,.F.);
#2799 = EDGE_LOOP('',(#2800,#2801,#2802,#2803));
#2800 = ORIENTED_EDGE('',*,*,#2687,.F.);
#2801 = ORIENTED_EDGE('',*,*,#2757,.T.);
#2802 = ORIENTED_EDGE('',*,*,#2727,.T.);
#2803 = ORIENTED_EDGE('',*,*,#2779,.F.);
#2804 = PLANE('',#2805);
#2805 = AXIS2_PLACEMENT_3D('',#2806,#2807,#2808);
#2806 = CARTESIAN_POINT('',(285.,-47.45,48.35));
#2807 = DIRECTION('',(0.,0.,1.));
#2808 = DIRECTION('',(1.,0.,0.));
#2809 = ADVANCED_FACE('',(#2810),#2816,.T.);
#2810 = FACE_BOUND('',#2811,.T.);
#2811 = EDGE_LOOP('',(#2812,#2813,#2814,#2815));
#2812 = ORIENTED_EDGE('',*,*,#2703,.F.);
#2813 = ORIENTED_EDGE('',*,*,#2764,.T.);
#2814 = ORIENTED_EDGE('',*,*,#2743,.T.);
#2815 = ORIENTED_EDGE('',*,*,#2786,.F.);
#2816 = PLANE('',#2817);
#2817 = AXIS2_PLACEMENT_3D('',#2818,#2819,#2820);
#2818 = CARTESIAN_POINT('',(285.,-47.45,57.35));
#2819 = DIRECTION('',(0.,0.,1.));
#2820 = DIRECTION('',(1.,0.,0.));
#2821 = MANIFOLD_SOLID_BREP('',#2822);
#2822 = CLOSED_SHELL('',(#2823,#2863,#3016,#3040,#3186,#3203,#3215,#3232
    ,#3249,#3266,#3283,#3300,#3322,#3339,#3356,#3368,#3385,#3402));
#2823 = ADVANCED_FACE('',(#2824),#2858,.F.);
#2824 = FACE_BOUND('',#2825,.F.);
#2825 = EDGE_LOOP('',(#2826,#2836,#2844,#2852));
#2826 = ORIENTED_EDGE('',*,*,#2827,.F.);
#2827 = EDGE_CURVE('',#2828,#2830,#2832,.T.);
#2828 = VERTEX_POINT('',#2829);
#2829 = CARTESIAN_POINT('',(9.,351.,29.));
#2830 = VERTEX_POINT('',#2831);
#2831 = CARTESIAN_POINT('',(9.,351.,571.));
#2832 = LINE('',#2833,#2834);
#2833 = CARTESIAN_POINT('',(9.,351.,29.));
#2834 = VECTOR('',#2835,1.);
#2835 = DIRECTION('',(0.,0.,1.));
#2836 = ORIENTED_EDGE('',*,*,#2837,.T.);
#2837 = EDGE_CURVE('',#2828,#2838,#2840,.T.);
#2838 = VERTEX_POINT('',#2839);
#2839 = CARTESIAN_POINT('',(9.,360.,29.));
#2840 = LINE('',#2841,#2842);
#2841 = CARTESIAN_POINT('',(9.,351.,29.));
#2842 = VECTOR('',#2843,1.);
#2843 = DIRECTION('',(0.,1.,0.));
#2844 = ORIENTED_EDGE('',*,*,#2845,.T.);
#2845 = EDGE_CURVE('',#2838,#2846,#2848,.T.);
#2846 = VERTEX_POINT('',#2847);
#2847 = CARTESIAN_POINT('',(9.,360.,571.));
#2848 = LINE('',#2849,#2850);
#2849 = CARTESIAN_POINT('',(9.,360.,29.));
#2850 = VECTOR('',#2851,1.);
#2851 = DIRECTION('',(0.,0.,1.));
#2852 = ORIENTED_EDGE('',*,*,#2853,.F.);
#2853 = EDGE_CURVE('',#2830,#2846,#2854,.T.);
#2854 = LINE('',#2855,#2856);
#2855 = CARTESIAN_POINT('',(9.,351.,571.));
#2856 = VECTOR('',#2857,1.);
#2857 = DIRECTION('',(0.,1.,0.));
#2858 = PLANE('',#2859);
#2859 = AXIS2_PLACEMENT_3D('',#2860,#2861,#2862);
#2860 = CARTESIAN_POINT('',(9.,351.,29.));
#2861 = DIRECTION('',(1.,0.,0.));
#2862 = DIRECTION('',(0.,0.,1.));
#2863 = ADVANCED_FACE('',(#2864,#2889,#2900,#2911,#2922,#2933,#2944,
    #2978,#2989,#3000),#3011,.F.);
#2864 = FACE_BOUND('',#2865,.F.);
#2865 = EDGE_LOOP('',(#2866,#2874,#2875,#2883));
#2866 = ORIENTED_EDGE('',*,*,#2867,.F.);
#2867 = EDGE_CURVE('',#2828,#2868,#2870,.T.);
#2868 = VERTEX_POINT('',#2869);
#2869 = CARTESIAN_POINT('',(541.,351.,29.));
#2870 = LINE('',#2871,#2872);
#2871 = CARTESIAN_POINT('',(9.,351.,29.));
#2872 = VECTOR('',#2873,1.);
#2873 = DIRECTION('',(1.,0.,0.));
#2874 = ORIENTED_EDGE('',*,*,#2827,.T.);
#2875 = ORIENTED_EDGE('',*,*,#2876,.T.);
#2876 = EDGE_CURVE('',#2830,#2877,#2879,.T.);
#2877 = VERTEX_POINT('',#2878);
#2878 = CARTESIAN_POINT('',(541.,351.,571.));
#2879 = LINE('',#2880,#2881);
#2880 = CARTESIAN_POINT('',(9.,351.,571.));
#2881 = VECTOR('',#2882,1.);
#2882 = DIRECTION('',(1.,0.,0.));
#2883 = ORIENTED_EDGE('',*,*,#2884,.F.);
#2884 = EDGE_CURVE('',#2868,#2877,#2885,.T.);
#2885 = LINE('',#2886,#2887);
#2886 = CARTESIAN_POINT('',(541.,351.,29.));
#2887 = VECTOR('',#2888,1.);
#2888 = DIRECTION('',(0.,0.,1.));
#2889 = FACE_BOUND('',#2890,.F.);
#2890 = EDGE_LOOP('',(#2891));
#2891 = ORIENTED_EDGE('',*,*,#2892,.F.);
#2892 = EDGE_CURVE('',#2893,#2893,#2895,.T.);
#2893 = VERTEX_POINT('',#2894);
#2894 = CARTESIAN_POINT('',(20.,351.,57.75));
#2895 = CIRCLE('',#2896,2.75);
#2896 = AXIS2_PLACEMENT_3D('',#2897,#2898,#2899);
#2897 = CARTESIAN_POINT('',(20.,351.,55.));
#2898 = DIRECTION('',(0.,1.,0.));
#2899 = DIRECTION('',(0.,0.,1.));
#2900 = FACE_BOUND('',#2901,.F.);
#2901 = EDGE_LOOP('',(#2902));
#2902 = ORIENTED_EDGE('',*,*,#2903,.F.);
#2903 = EDGE_CURVE('',#2904,#2904,#2906,.T.);
#2904 = VERTEX_POINT('',#2905);
#2905 = CARTESIAN_POINT('',(20.,351.,307.75));
#2906 = CIRCLE('',#2907,2.75);
#2907 = AXIS2_PLACEMENT_3D('',#2908,#2909,#2910);
#2908 = CARTESIAN_POINT('',(20.,351.,305.));
#2909 = DIRECTION('',(0.,1.,0.));
#2910 = DIRECTION('',(0.,0.,1.));
#2911 = FACE_BOUND('',#2912,.F.);
#2912 = EDGE_LOOP('',(#2913));
#2913 = ORIENTED_EDGE('',*,*,#2914,.F.);
#2914 = EDGE_CURVE('',#2915,#2915,#2917,.T.);
#2915 = VERTEX_POINT('',#2916);
#2916 = CARTESIAN_POINT('',(20.,351.,557.75));
#2917 = CIRCLE('',#2918,2.75);
#2918 = AXIS2_PLACEMENT_3D('',#2919,#2920,#2921);
#2919 = CARTESIAN_POINT('',(20.,351.,555.));
#2920 = DIRECTION('',(0.,1.,0.));
#2921 = DIRECTION('',(0.,0.,1.));
#2922 = FACE_BOUND('',#2923,.F.);
#2923 = EDGE_LOOP('',(#2924));
#2924 = ORIENTED_EDGE('',*,*,#2925,.F.);
#2925 = EDGE_CURVE('',#2926,#2926,#2928,.T.);
#2926 = VERTEX_POINT('',#2927);
#2927 = CARTESIAN_POINT('',(275.,351.,52.75));
#2928 = CIRCLE('',#2929,2.75);
#2929 = AXIS2_PLACEMENT_3D('',#2930,#2931,#2932);
#2930 = CARTESIAN_POINT('',(275.,351.,50.));
#2931 = DIRECTION('',(0.,1.,0.));
#2932 = DIRECTION('',(0.,0.,1.));
#2933 = FACE_BOUND('',#2934,.F.);
#2934 = EDGE_LOOP('',(#2935));
#2935 = ORIENTED_EDGE('',*,*,#2936,.F.);
#2936 = EDGE_CURVE('',#2937,#2937,#2939,.T.);
#2937 = VERTEX_POINT('',#2938);
#2938 = CARTESIAN_POINT('',(530.,351.,57.75));
#2939 = CIRCLE('',#2940,2.75);
#2940 = AXIS2_PLACEMENT_3D('',#2941,#2942,#2943);
#2941 = CARTESIAN_POINT('',(530.,351.,55.));
#2942 = DIRECTION('',(0.,1.,0.));
#2943 = DIRECTION('',(0.,0.,1.));
#2944 = FACE_BOUND('',#2945,.F.);
#2945 = EDGE_LOOP('',(#2946,#2956,#2964,#2972));
#2946 = ORIENTED_EDGE('',*,*,#2947,.F.);
#2947 = EDGE_CURVE('',#2948,#2950,#2952,.T.);
#2948 = VERTEX_POINT('',#2949);
#2949 = CARTESIAN_POINT('',(40.,351.,540.));
#2950 = VERTEX_POINT('',#2951);
#2951 = CARTESIAN_POINT('',(510.,351.,540.));
#2952 = LINE('',#2953,#2954);
#2953 = CARTESIAN_POINT('',(24.5,351.,540.));
#2954 = VECTOR('',#2955,1.);
#2955 = DIRECTION('',(1.,0.,0.));
#2956 = ORIENTED_EDGE('',*,*,#2957,.T.);
#2957 = EDGE_CURVE('',#2948,#2958,#2960,.T.);
#2958 = VERTEX_POINT('',#2959);
#2959 = CARTESIAN_POINT('',(40.,351.,70.));
#2960 = LINE('',#2961,#2962);
#2961 = CARTESIAN_POINT('',(40.,351.,49.5));
#2962 = VECTOR('',#2963,1.);
#2963 = DIRECTION('',(0.,0.,-1.));
#2964 = ORIENTED_EDGE('',*,*,#2965,.T.);
#2965 = EDGE_CURVE('',#2958,#2966,#2968,.T.);
#2966 = VERTEX_POINT('',#2967);
#2967 = CARTESIAN_POINT('',(510.,351.,70.));
#2968 = LINE('',#2969,#2970);
#2969 = CARTESIAN_POINT('',(24.5,351.,70.));
#2970 = VECTOR('',#2971,1.);
#2971 = DIRECTION('',(1.,0.,0.));
#2972 = ORIENTED_EDGE('',*,*,#2973,.F.);
#2973 = EDGE_CURVE('',#2950,#2966,#2974,.T.);
#2974 = LINE('',#2975,#2976);
#2975 = CARTESIAN_POINT('',(510.,351.,49.5));
#2976 = VECTOR('',#2977,1.);
#2977 = DIRECTION('',(0.,0.,-1.));
#2978 = FACE_BOUND('',#2979,.F.);
#2979 = EDGE_LOOP('',(#2980));
#2980 = ORIENTED_EDGE('',*,*,#2981,.F.);
#2981 = EDGE_CURVE('',#2982,#2982,#2984,.T.);
#2982 = VERTEX_POINT('',#2983);
#2983 = CARTESIAN_POINT('',(275.,351.,562.75));
#2984 = CIRCLE('',#2985,2.75);
#2985 = AXIS2_PLACEMENT_3D('',#2986,#2987,#2988);
#2986 = CARTESIAN_POINT('',(275.,351.,560.));
#2987 = DIRECTION('',(0.,1.,0.));
#2988 = DIRECTION('',(0.,0.,1.));
#2989 = FACE_BOUND('',#2990,.F.);
#2990 = EDGE_LOOP('',(#2991));
#2991 = ORIENTED_EDGE('',*,*,#2992,.F.);
#2992 = EDGE_CURVE('',#2993,#2993,#2995,.T.);
#2993 = VERTEX_POINT('',#2994);
#2994 = CARTESIAN_POINT('',(530.,351.,307.75));
#2995 = CIRCLE('',#2996,2.75);
#2996 = AXIS2_PLACEMENT_3D('',#2997,#2998,#2999);
#2997 = CARTESIAN_POINT('',(530.,351.,305.));
#2998 = DIRECTION('',(0.,1.,0.));
#2999 = DIRECTION('',(0.,0.,1.));
#3000 = FACE_BOUND('',#3001,.F.);
#3001 = EDGE_LOOP('',(#3002));
#3002 = ORIENTED_EDGE('',*,*,#3003,.F.);
#3003 = EDGE_CURVE('',#3004,#3004,#3006,.T.);
#3004 = VERTEX_POINT('',#3005);
#3005 = CARTESIAN_POINT('',(530.,351.,557.75));
#3006 = CIRCLE('',#3007,2.75);
#3007 = AXIS2_PLACEMENT_3D('',#3008,#3009,#3010);
#3008 = CARTESIAN_POINT('',(530.,351.,555.));
#3009 = DIRECTION('',(0.,1.,0.));
#3010 = DIRECTION('',(0.,0.,1.));
#3011 = PLANE('',#3012);
#3012 = AXIS2_PLACEMENT_3D('',#3013,#3014,#3015);
#3013 = CARTESIAN_POINT('',(9.,351.,29.));
#3014 = DIRECTION('',(0.,1.,0.));
#3015 = DIRECTION('',(0.,0.,1.));
#3016 = ADVANCED_FACE('',(#3017),#3035,.T.);
#3017 = FACE_BOUND('',#3018,.T.);
#3018 = EDGE_LOOP('',(#3019,#3020,#3021,#3029));
#3019 = ORIENTED_EDGE('',*,*,#2853,.F.);
#3020 = ORIENTED_EDGE('',*,*,#2876,.T.);
#3021 = ORIENTED_EDGE('',*,*,#3022,.T.);
#3022 = EDGE_CURVE('',#2877,#3023,#3025,.T.);
#3023 = VERTEX_POINT('',#3024);
#3024 = CARTESIAN_POINT('',(541.,360.,571.));
#3025 = LINE('',#3026,#3027);
#3026 = CARTESIAN_POINT('',(541.,351.,571.));
#3027 = VECTOR('',#3028,1.);
#3028 = DIRECTION('',(0.,1.,0.));
#3029 = ORIENTED_EDGE('',*,*,#3030,.F.);
#3030 = EDGE_CURVE('',#2846,#3023,#3031,.T.);
#3031 = LINE('',#3032,#3033);
#3032 = CARTESIAN_POINT('',(9.,360.,571.));
#3033 = VECTOR('',#3034,1.);
#3034 = DIRECTION('',(1.,0.,0.));
#3035 = PLANE('',#3036);
#3036 = AXIS2_PLACEMENT_3D('',#3037,#3038,#3039);
#3037 = CARTESIAN_POINT('',(9.,351.,571.));
#3038 = DIRECTION('',(0.,0.,1.));
#3039 = DIRECTION('',(1.,0.,0.));
#3040 = ADVANCED_FACE('',(#3041,#3059,#3070,#3081,#3092,#3103,#3114,
    #3148,#3159,#3170),#3181,.T.);
#3041 = FACE_BOUND('',#3042,.T.);
#3042 = EDGE_LOOP('',(#3043,#3051,#3052,#3053));
#3043 = ORIENTED_EDGE('',*,*,#3044,.F.);
#3044 = EDGE_CURVE('',#2838,#3045,#3047,.T.);
#3045 = VERTEX_POINT('',#3046);
#3046 = CARTESIAN_POINT('',(541.,360.,29.));
#3047 = LINE('',#3048,#3049);
#3048 = CARTESIAN_POINT('',(9.,360.,29.));
#3049 = VECTOR('',#3050,1.);
#3050 = DIRECTION('',(1.,0.,0.));
#3051 = ORIENTED_EDGE('',*,*,#2845,.T.);
#3052 = ORIENTED_EDGE('',*,*,#3030,.T.);
#3053 = ORIENTED_EDGE('',*,*,#3054,.F.);
#3054 = EDGE_CURVE('',#3045,#3023,#3055,.T.);
#3055 = LINE('',#3056,#3057);
#3056 = CARTESIAN_POINT('',(541.,360.,29.));
#3057 = VECTOR('',#3058,1.);
#3058 = DIRECTION('',(0.,0.,1.));
#3059 = FACE_BOUND('',#3060,.T.);
#3060 = EDGE_LOOP('',(#3061));
#3061 = ORIENTED_EDGE('',*,*,#3062,.F.);
#3062 = EDGE_CURVE('',#3063,#3063,#3065,.T.);
#3063 = VERTEX_POINT('',#3064);
#3064 = CARTESIAN_POINT('',(20.,360.,57.75));
#3065 = CIRCLE('',#3066,2.75);
#3066 = AXIS2_PLACEMENT_3D('',#3067,#3068,#3069);
#3067 = CARTESIAN_POINT('',(20.,360.,55.));
#3068 = DIRECTION('',(0.,1.,0.));
#3069 = DIRECTION('',(0.,0.,1.));
#3070 = FACE_BOUND('',#3071,.T.);
#3071 = EDGE_LOOP('',(#3072));
#3072 = ORIENTED_EDGE('',*,*,#3073,.F.);
#3073 = EDGE_CURVE('',#3074,#3074,#3076,.T.);
#3074 = VERTEX_POINT('',#3075);
#3075 = CARTESIAN_POINT('',(20.,360.,307.75));
#3076 = CIRCLE('',#3077,2.75);
#3077 = AXIS2_PLACEMENT_3D('',#3078,#3079,#3080);
#3078 = CARTESIAN_POINT('',(20.,360.,305.));
#3079 = DIRECTION('',(0.,1.,0.));
#3080 = DIRECTION('',(0.,0.,1.));
#3081 = FACE_BOUND('',#3082,.T.);
#3082 = EDGE_LOOP('',(#3083));
#3083 = ORIENTED_EDGE('',*,*,#3084,.F.);
#3084 = EDGE_CURVE('',#3085,#3085,#3087,.T.);
#3085 = VERTEX_POINT('',#3086);
#3086 = CARTESIAN_POINT('',(20.,360.,557.75));
#3087 = CIRCLE('',#3088,2.75);
#3088 = AXIS2_PLACEMENT_3D('',#3089,#3090,#3091);
#3089 = CARTESIAN_POINT('',(20.,360.,555.));
#3090 = DIRECTION('',(0.,1.,0.));
#3091 = DIRECTION('',(0.,0.,1.));
#3092 = FACE_BOUND('',#3093,.T.);
#3093 = EDGE_LOOP('',(#3094));
#3094 = ORIENTED_EDGE('',*,*,#3095,.F.);
#3095 = EDGE_CURVE('',#3096,#3096,#3098,.T.);
#3096 = VERTEX_POINT('',#3097);
#3097 = CARTESIAN_POINT('',(275.,360.,52.75));
#3098 = CIRCLE('',#3099,2.75);
#3099 = AXIS2_PLACEMENT_3D('',#3100,#3101,#3102);
#3100 = CARTESIAN_POINT('',(275.,360.,50.));
#3101 = DIRECTION('',(0.,1.,0.));
#3102 = DIRECTION('',(0.,0.,1.));
#3103 = FACE_BOUND('',#3104,.T.);
#3104 = EDGE_LOOP('',(#3105));
#3105 = ORIENTED_EDGE('',*,*,#3106,.F.);
#3106 = EDGE_CURVE('',#3107,#3107,#3109,.T.);
#3107 = VERTEX_POINT('',#3108);
#3108 = CARTESIAN_POINT('',(530.,360.,57.75));
#3109 = CIRCLE('',#3110,2.75);
#3110 = AXIS2_PLACEMENT_3D('',#3111,#3112,#3113);
#3111 = CARTESIAN_POINT('',(530.,360.,55.));
#3112 = DIRECTION('',(0.,1.,0.));
#3113 = DIRECTION('',(0.,0.,1.));
#3114 = FACE_BOUND('',#3115,.T.);
#3115 = EDGE_LOOP('',(#3116,#3126,#3134,#3142));
#3116 = ORIENTED_EDGE('',*,*,#3117,.F.);
#3117 = EDGE_CURVE('',#3118,#3120,#3122,.T.);
#3118 = VERTEX_POINT('',#3119);
#3119 = CARTESIAN_POINT('',(40.,360.,540.));
#3120 = VERTEX_POINT('',#3121);
#3121 = CARTESIAN_POINT('',(510.,360.,540.));
#3122 = LINE('',#3123,#3124);
#3123 = CARTESIAN_POINT('',(24.5,360.,540.));
#3124 = VECTOR('',#3125,1.);
#3125 = DIRECTION('',(1.,0.,0.));
#3126 = ORIENTED_EDGE('',*,*,#3127,.T.);
#3127 = EDGE_CURVE('',#3118,#3128,#3130,.T.);
#3128 = VERTEX_POINT('',#3129);
#3129 = CARTESIAN_POINT('',(40.,360.,70.));
#3130 = LINE('',#3131,#3132);
#3131 = CARTESIAN_POINT('',(40.,360.,49.5));
#3132 = VECTOR('',#3133,1.);
#3133 = DIRECTION('',(0.,0.,-1.));
#3134 = ORIENTED_EDGE('',*,*,#3135,.T.);
#3135 = EDGE_CURVE('',#3128,#3136,#3138,.T.);
#3136 = VERTEX_POINT('',#3137);
#3137 = CARTESIAN_POINT('',(510.,360.,70.));
#3138 = LINE('',#3139,#3140);
#3139 = CARTESIAN_POINT('',(24.5,360.,70.));
#3140 = VECTOR('',#3141,1.);
#3141 = DIRECTION('',(1.,0.,0.));
#3142 = ORIENTED_EDGE('',*,*,#3143,.F.);
#3143 = EDGE_CURVE('',#3120,#3136,#3144,.T.);
#3144 = LINE('',#3145,#3146);
#3145 = CARTESIAN_POINT('',(510.,360.,49.5));
#3146 = VECTOR('',#3147,1.);
#3147 = DIRECTION('',(0.,0.,-1.));
#3148 = FACE_BOUND('',#3149,.T.);
#3149 = EDGE_LOOP('',(#3150));
#3150 = ORIENTED_EDGE('',*,*,#3151,.F.);
#3151 = EDGE_CURVE('',#3152,#3152,#3154,.T.);
#3152 = VERTEX_POINT('',#3153);
#3153 = CARTESIAN_POINT('',(275.,360.,562.75));
#3154 = CIRCLE('',#3155,2.75);
#3155 = AXIS2_PLACEMENT_3D('',#3156,#3157,#3158);
#3156 = CARTESIAN_POINT('',(275.,360.,560.));
#3157 = DIRECTION('',(0.,1.,0.));
#3158 = DIRECTION('',(0.,0.,1.));
#3159 = FACE_BOUND('',#3160,.T.);
#3160 = EDGE_LOOP('',(#3161));
#3161 = ORIENTED_EDGE('',*,*,#3162,.F.);
#3162 = EDGE_CURVE('',#3163,#3163,#3165,.T.);
#3163 = VERTEX_POINT('',#3164);
#3164 = CARTESIAN_POINT('',(530.,360.,307.75));
#3165 = CIRCLE('',#3166,2.75);
#3166 = AXIS2_PLACEMENT_3D('',#3167,#3168,#3169);
#3167 = CARTESIAN_POINT('',(530.,360.,305.));
#3168 = DIRECTION('',(0.,1.,0.));
#3169 = DIRECTION('',(0.,0.,1.));
#3170 = FACE_BOUND('',#3171,.T.);
#3171 = EDGE_LOOP('',(#3172));
#3172 = ORIENTED_EDGE('',*,*,#3173,.F.);
#3173 = EDGE_CURVE('',#3174,#3174,#3176,.T.);
#3174 = VERTEX_POINT('',#3175);
#3175 = CARTESIAN_POINT('',(530.,360.,557.75));
#3176 = CIRCLE('',#3177,2.75);
#3177 = AXIS2_PLACEMENT_3D('',#3178,#3179,#3180);
#3178 = CARTESIAN_POINT('',(530.,360.,555.));
#3179 = DIRECTION('',(0.,1.,0.));
#3180 = DIRECTION('',(0.,0.,1.));
#3181 = PLANE('',#3182);
#3182 = AXIS2_PLACEMENT_3D('',#3183,#3184,#3185);
#3183 = CARTESIAN_POINT('',(9.,360.,29.));
#3184 = DIRECTION('',(0.,1.,0.));
#3185 = DIRECTION('',(0.,0.,1.));
#3186 = ADVANCED_FACE('',(#3187),#3198,.F.);
#3187 = FACE_BOUND('',#3188,.F.);
#3188 = EDGE_LOOP('',(#3189,#3190,#3191,#3197));
#3189 = ORIENTED_EDGE('',*,*,#2837,.F.);
#3190 = ORIENTED_EDGE('',*,*,#2867,.T.);
#3191 = ORIENTED_EDGE('',*,*,#3192,.T.);
#3192 = EDGE_CURVE('',#2868,#3045,#3193,.T.);
#3193 = LINE('',#3194,#3195);
#3194 = CARTESIAN_POINT('',(541.,351.,29.));
#3195 = VECTOR('',#3196,1.);
#3196 = DIRECTION('',(0.,1.,0.));
#3197 = ORIENTED_EDGE('',*,*,#3044,.F.);
#3198 = PLANE('',#3199);
#3199 = AXIS2_PLACEMENT_3D('',#3200,#3201,#3202);
#3200 = CARTESIAN_POINT('',(9.,351.,29.));
#3201 = DIRECTION('',(0.,0.,1.));
#3202 = DIRECTION('',(1.,0.,0.));
#3203 = ADVANCED_FACE('',(#3204),#3210,.T.);
#3204 = FACE_BOUND('',#3205,.T.);
#3205 = EDGE_LOOP('',(#3206,#3207,#3208,#3209));
#3206 = ORIENTED_EDGE('',*,*,#2884,.F.);
#3207 = ORIENTED_EDGE('',*,*,#3192,.T.);
#3208 = ORIENTED_EDGE('',*,*,#3054,.T.);
#3209 = ORIENTED_EDGE('',*,*,#3022,.F.);
#3210 = PLANE('',#3211);
#3211 = AXIS2_PLACEMENT_3D('',#3212,#3213,#3214);
#3212 = CARTESIAN_POINT('',(541.,351.,29.));
#3213 = DIRECTION('',(1.,0.,0.));
#3214 = DIRECTION('',(0.,0.,1.));
#3215 = ADVANCED_FACE('',(#3216),#3227,.F.);
#3216 = FACE_BOUND('',#3217,.F.);
#3217 = EDGE_LOOP('',(#3218,#3219,#3225,#3226));
#3218 = ORIENTED_EDGE('',*,*,#3062,.F.);
#3219 = ORIENTED_EDGE('',*,*,#3220,.F.);
#3220 = EDGE_CURVE('',#2893,#3063,#3221,.T.);
#3221 = LINE('',#3222,#3223);
#3222 = CARTESIAN_POINT('',(20.,350.,57.75));
#3223 = VECTOR('',#3224,1.);
#3224 = DIRECTION('',(0.,1.,0.));
#3225 = ORIENTED_EDGE('',*,*,#2892,.T.);
#3226 = ORIENTED_EDGE('',*,*,#3220,.T.);
#3227 = CYLINDRICAL_SURFACE('',#3228,2.75);
#3228 = AXIS2_PLACEMENT_3D('',#3229,#3230,#3231);
#3229 = CARTESIAN_POINT('',(20.,350.,55.));
#3230 = DIRECTION('',(0.,1.,0.));
#3231 = DIRECTION('',(0.,0.,1.));
#3232 = ADVANCED_FACE('',(#3233),#3244,.F.);
#3233 = FACE_BOUND('',#3234,.F.);
#3234 = EDGE_LOOP('',(#3235,#3236,#3242,#3243));
#3235 = ORIENTED_EDGE('',*,*,#3073,.F.);
#3236 = ORIENTED_EDGE('',*,*,#3237,.F.);
#3237 = EDGE_CURVE('',#2904,#3074,#3238,.T.);
#3238 = LINE('',#3239,#3240);
#3239 = CARTESIAN_POINT('',(20.,350.,307.75));
#3240 = VECTOR('',#3241,1.);
#3241 = DIRECTION('',(0.,1.,0.));
#3242 = ORIENTED_EDGE('',*,*,#2903,.T.);
#3243 = ORIENTED_EDGE('',*,*,#3237,.T.);
#3244 = CYLINDRICAL_SURFACE('',#3245,2.75);
#3245 = AXIS2_PLACEMENT_3D('',#3246,#3247,#3248);
#3246 = CARTESIAN_POINT('',(20.,350.,305.));
#3247 = DIRECTION('',(0.,1.,0.));
#3248 = DIRECTION('',(0.,0.,1.));
#3249 = ADVANCED_FACE('',(#3250),#3261,.F.);
#3250 = FACE_BOUND('',#3251,.F.);
#3251 = EDGE_LOOP('',(#3252,#3253,#3259,#3260));
#3252 = ORIENTED_EDGE('',*,*,#3084,.F.);
#3253 = ORIENTED_EDGE('',*,*,#3254,.F.);
#3254 = EDGE_CURVE('',#2915,#3085,#3255,.T.);
#3255 = LINE('',#3256,#3257);
#3256 = CARTESIAN_POINT('',(20.,350.,557.75));
#3257 = VECTOR('',#3258,1.);
#3258 = DIRECTION('',(0.,1.,0.));
#3259 = ORIENTED_EDGE('',*,*,#2914,.T.);
#3260 = ORIENTED_EDGE('',*,*,#3254,.T.);
#3261 = CYLINDRICAL_SURFACE('',#3262,2.75);
#3262 = AXIS2_PLACEMENT_3D('',#3263,#3264,#3265);
#3263 = CARTESIAN_POINT('',(20.,350.,555.));
#3264 = DIRECTION('',(0.,1.,0.));
#3265 = DIRECTION('',(0.,0.,1.));
#3266 = ADVANCED_FACE('',(#3267),#3278,.F.);
#3267 = FACE_BOUND('',#3268,.F.);
#3268 = EDGE_LOOP('',(#3269,#3270,#3276,#3277));
#3269 = ORIENTED_EDGE('',*,*,#3095,.F.);
#3270 = ORIENTED_EDGE('',*,*,#3271,.F.);
#3271 = EDGE_CURVE('',#2926,#3096,#3272,.T.);
#3272 = LINE('',#3273,#3274);
#3273 = CARTESIAN_POINT('',(275.,350.,52.75));
#3274 = VECTOR('',#3275,1.);
#3275 = DIRECTION('',(0.,1.,0.));
#3276 = ORIENTED_EDGE('',*,*,#2925,.T.);
#3277 = ORIENTED_EDGE('',*,*,#3271,.T.);
#3278 = CYLINDRICAL_SURFACE('',#3279,2.75);
#3279 = AXIS2_PLACEMENT_3D('',#3280,#3281,#3282);
#3280 = CARTESIAN_POINT('',(275.,350.,50.));
#3281 = DIRECTION('',(0.,1.,0.));
#3282 = DIRECTION('',(0.,0.,1.));
#3283 = ADVANCED_FACE('',(#3284),#3295,.F.);
#3284 = FACE_BOUND('',#3285,.F.);
#3285 = EDGE_LOOP('',(#3286,#3287,#3293,#3294));
#3286 = ORIENTED_EDGE('',*,*,#3106,.F.);
#3287 = ORIENTED_EDGE('',*,*,#3288,.F.);
#3288 = EDGE_CURVE('',#2937,#3107,#3289,.T.);
#3289 = LINE('',#3290,#3291);
#3290 = CARTESIAN_POINT('',(530.,350.,57.75));
#3291 = VECTOR('',#3292,1.);
#3292 = DIRECTION('',(0.,1.,0.));
#3293 = ORIENTED_EDGE('',*,*,#2936,.T.);
#3294 = ORIENTED_EDGE('',*,*,#3288,.T.);
#3295 = CYLINDRICAL_SURFACE('',#3296,2.75);
#3296 = AXIS2_PLACEMENT_3D('',#3297,#3298,#3299);
#3297 = CARTESIAN_POINT('',(530.,350.,55.));
#3298 = DIRECTION('',(0.,1.,0.));
#3299 = DIRECTION('',(0.,0.,1.));
#3300 = ADVANCED_FACE('',(#3301),#3317,.F.);
#3301 = FACE_BOUND('',#3302,.F.);
#3302 = EDGE_LOOP('',(#3303,#3309,#3310,#3316));
#3303 = ORIENTED_EDGE('',*,*,#3304,.F.);
#3304 = EDGE_CURVE('',#2948,#3118,#3305,.T.);
#3305 = LINE('',#3306,#3307);
#3306 = CARTESIAN_POINT('',(40.,350.,540.));
#3307 = VECTOR('',#3308,1.);
#3308 = DIRECTION('',(0.,1.,0.));
#3309 = ORIENTED_EDGE('',*,*,#2947,.T.);
#3310 = ORIENTED_EDGE('',*,*,#3311,.T.);
#3311 = EDGE_CURVE('',#2950,#3120,#3312,.T.);
#3312 = LINE('',#3313,#3314);
#3313 = CARTESIAN_POINT('',(510.,350.,540.));
#3314 = VECTOR('',#3315,1.);
#3315 = DIRECTION('',(0.,1.,0.));
#3316 = ORIENTED_EDGE('',*,*,#3117,.F.);
#3317 = PLANE('',#3318);
#3318 = AXIS2_PLACEMENT_3D('',#3319,#3320,#3321);
#3319 = CARTESIAN_POINT('',(40.,350.,540.));
#3320 = DIRECTION('',(0.,0.,1.));
#3321 = DIRECTION('',(1.,0.,0.));
#3322 = ADVANCED_FACE('',(#3323),#3334,.T.);
#3323 = FACE_BOUND('',#3324,.T.);
#3324 = EDGE_LOOP('',(#3325,#3326,#3327,#3333));
#3325 = ORIENTED_EDGE('',*,*,#3304,.F.);
#3326 = ORIENTED_EDGE('',*,*,#2957,.T.);
#3327 = ORIENTED_EDGE('',*,*,#3328,.T.);
#3328 = EDGE_CURVE('',#2958,#3128,#3329,.T.);
#3329 = LINE('',#3330,#3331);
#3330 = CARTESIAN_POINT('',(40.,350.,70.));
#3331 = VECTOR('',#3332,1.);
#3332 = DIRECTION('',(0.,1.,0.));
#3333 = ORIENTED_EDGE('',*,*,#3127,.F.);
#3334 = PLANE('',#3335);
#3335 = AXIS2_PLACEMENT_3D('',#3336,#3337,#3338);
#3336 = CARTESIAN_POINT('',(40.,350.,70.));
#3337 = DIRECTION('',(1.,0.,0.));
#3338 = DIRECTION('',(0.,0.,1.));
#3339 = ADVANCED_FACE('',(#3340),#3351,.F.);
#3340 = FACE_BOUND('',#3341,.F.);
#3341 = EDGE_LOOP('',(#3342,#3343,#3344,#3350));
#3342 = ORIENTED_EDGE('',*,*,#3311,.F.);
#3343 = ORIENTED_EDGE('',*,*,#2973,.T.);
#3344 = ORIENTED_EDGE('',*,*,#3345,.T.);
#3345 = EDGE_CURVE('',#2966,#3136,#3346,.T.);
#3346 = LINE('',#3347,#3348);
#3347 = CARTESIAN_POINT('',(510.,350.,70.));
#3348 = VECTOR('',#3349,1.);
#3349 = DIRECTION('',(0.,1.,0.));
#3350 = ORIENTED_EDGE('',*,*,#3143,.F.);
#3351 = PLANE('',#3352);
#3352 = AXIS2_PLACEMENT_3D('',#3353,#3354,#3355);
#3353 = CARTESIAN_POINT('',(510.,350.,70.));
#3354 = DIRECTION('',(1.,0.,0.));
#3355 = DIRECTION('',(0.,0.,1.));
#3356 = ADVANCED_FACE('',(#3357),#3363,.T.);
#3357 = FACE_BOUND('',#3358,.T.);
#3358 = EDGE_LOOP('',(#3359,#3360,#3361,#3362));
#3359 = ORIENTED_EDGE('',*,*,#3328,.F.);
#3360 = ORIENTED_EDGE('',*,*,#2965,.T.);
#3361 = ORIENTED_EDGE('',*,*,#3345,.T.);
#3362 = ORIENTED_EDGE('',*,*,#3135,.F.);
#3363 = PLANE('',#3364);
#3364 = AXIS2_PLACEMENT_3D('',#3365,#3366,#3367);
#3365 = CARTESIAN_POINT('',(40.,350.,70.));
#3366 = DIRECTION('',(0.,0.,1.));
#3367 = DIRECTION('',(1.,0.,0.));
#3368 = ADVANCED_FACE('',(#3369),#3380,.F.);
#3369 = FACE_BOUND('',#3370,.F.);
#3370 = EDGE_LOOP('',(#3371,#3372,#3378,#3379));
#3371 = ORIENTED_EDGE('',*,*,#3151,.F.);
#3372 = ORIENTED_EDGE('',*,*,#3373,.F.);
#3373 = EDGE_CURVE('',#2982,#3152,#3374,.T.);
#3374 = LINE('',#3375,#3376);
#3375 = CARTESIAN_POINT('',(275.,350.,562.75));
#3376 = VECTOR('',#3377,1.);
#3377 = DIRECTION('',(0.,1.,0.));
#3378 = ORIENTED_EDGE('',*,*,#2981,.T.);
#3379 = ORIENTED_EDGE('',*,*,#3373,.T.);
#3380 = CYLINDRICAL_SURFACE('',#3381,2.75);
#3381 = AXIS2_PLACEMENT_3D('',#3382,#3383,#3384);
#3382 = CARTESIAN_POINT('',(275.,350.,560.));
#3383 = DIRECTION('',(0.,1.,0.));
#3384 = DIRECTION('',(0.,0.,1.));
#3385 = ADVANCED_FACE('',(#3386),#3397,.F.);
#3386 = FACE_BOUND('',#3387,.F.);
#3387 = EDGE_LOOP('',(#3388,#3389,#3395,#3396));
#3388 = ORIENTED_EDGE('',*,*,#3162,.F.);
#3389 = ORIENTED_EDGE('',*,*,#3390,.F.);
#3390 = EDGE_CURVE('',#2993,#3163,#3391,.T.);
#3391 = LINE('',#3392,#3393);
#3392 = CARTESIAN_POINT('',(530.,350.,307.75));
#3393 = VECTOR('',#3394,1.);
#3394 = DIRECTION('',(0.,1.,0.));
#3395 = ORIENTED_EDGE('',*,*,#2992,.T.);
#3396 = ORIENTED_EDGE('',*,*,#3390,.T.);
#3397 = CYLINDRICAL_SURFACE('',#3398,2.75);
#3398 = AXIS2_PLACEMENT_3D('',#3399,#3400,#3401);
#3399 = CARTESIAN_POINT('',(530.,350.,305.));
#3400 = DIRECTION('',(0.,1.,0.));
#3401 = DIRECTION('',(0.,0.,1.));
#3402 = ADVANCED_FACE('',(#3403),#3414,.F.);
#3403 = FACE_BOUND('',#3404,.F.);
#3404 = EDGE_LOOP('',(#3405,#3406,#3412,#3413));
#3405 = ORIENTED_EDGE('',*,*,#3173,.F.);
#3406 = ORIENTED_EDGE('',*,*,#3407,.F.);
#3407 = EDGE_CURVE('',#3004,#3174,#3408,.T.);
#3408 = LINE('',#3409,#3410);
#3409 = CARTESIAN_POINT('',(530.,350.,557.75));
#3410 = VECTOR('',#3411,1.);
#3411 = DIRECTION('',(0.,1.,0.));
#3412 = ORIENTED_EDGE('',*,*,#3003,.T.);
#3413 = ORIENTED_EDGE('',*,*,#3407,.T.);
#3414 = CYLINDRICAL_SURFACE('',#3415,2.75);
#3415 = AXIS2_PLACEMENT_3D('',#3416,#3417,#3418);
#3416 = CARTESIAN_POINT('',(530.,350.,555.));
#3417 = DIRECTION('',(0.,1.,0.));
#3418 = DIRECTION('',(0.,0.,1.));
#3419 = MANIFOLD_SOLID_BREP('',#3420);
#3420 = CLOSED_SHELL('',(#3421,#3461,#3526,#3550,#3608,#3625,#3637,#3659
    ,#3676,#3693));
#3421 = ADVANCED_FACE('',(#3422),#3456,.F.);
#3422 = FACE_BOUND('',#3423,.F.);
#3423 = EDGE_LOOP('',(#3424,#3434,#3442,#3450));
#3424 = ORIENTED_EDGE('',*,*,#3425,.F.);
#3425 = EDGE_CURVE('',#3426,#3428,#3430,.T.);
#3426 = VERTEX_POINT('',#3427);
#3427 = CARTESIAN_POINT('',(27.35,360.,57.35));
#3428 = VERTEX_POINT('',#3429);
#3429 = CARTESIAN_POINT('',(27.35,360.,552.65));
#3430 = LINE('',#3431,#3432);
#3431 = CARTESIAN_POINT('',(27.35,360.,57.35));
#3432 = VECTOR('',#3433,1.);
#3433 = DIRECTION('',(0.,0.,1.));
#3434 = ORIENTED_EDGE('',*,*,#3435,.T.);
#3435 = EDGE_CURVE('',#3426,#3436,#3438,.T.);
#3436 = VERTEX_POINT('',#3437);
#3437 = CARTESIAN_POINT('',(27.35,363.,57.35));
#3438 = LINE('',#3439,#3440);
#3439 = CARTESIAN_POINT('',(27.35,360.,57.35));
#3440 = VECTOR('',#3441,1.);
#3441 = DIRECTION('',(0.,1.,0.));
#3442 = ORIENTED_EDGE('',*,*,#3443,.T.);
#3443 = EDGE_CURVE('',#3436,#3444,#3446,.T.);
#3444 = VERTEX_POINT('',#3445);
#3445 = CARTESIAN_POINT('',(27.35,363.,552.65));
#3446 = LINE('',#3447,#3448);
#3447 = CARTESIAN_POINT('',(27.35,363.,57.35));
#3448 = VECTOR('',#3449,1.);
#3449 = DIRECTION('',(0.,0.,1.));
#3450 = ORIENTED_EDGE('',*,*,#3451,.F.);
#3451 = EDGE_CURVE('',#3428,#3444,#3452,.T.);
#3452 = LINE('',#3453,#3454);
#3453 = CARTESIAN_POINT('',(27.35,360.,552.65));
#3454 = VECTOR('',#3455,1.);
#3455 = DIRECTION('',(0.,1.,0.));
#3456 = PLANE('',#3457);
#3457 = AXIS2_PLACEMENT_3D('',#3458,#3459,#3460);
#3458 = CARTESIAN_POINT('',(27.35,360.,57.35));
#3459 = DIRECTION('',(1.,0.,0.));
#3460 = DIRECTION('',(0.,0.,1.));
#3461 = ADVANCED_FACE('',(#3462,#3487),#3521,.F.);
#3462 = FACE_BOUND('',#3463,.F.);
#3463 = EDGE_LOOP('',(#3464,#3472,#3473,#3481));
#3464 = ORIENTED_EDGE('',*,*,#3465,.F.);
#3465 = EDGE_CURVE('',#3426,#3466,#3468,.T.);
#3466 = VERTEX_POINT('',#3467);
#3467 = CARTESIAN_POINT('',(522.65,360.,57.35));
#3468 = LINE('',#3469,#3470);
#3469 = CARTESIAN_POINT('',(27.35,360.,57.35));
#3470 = VECTOR('',#3471,1.);
#3471 = DIRECTION('',(1.,0.,0.));
#3472 = ORIENTED_EDGE('',*,*,#3425,.T.);
#3473 = ORIENTED_EDGE('',*,*,#3474,.T.);
#3474 = EDGE_CURVE('',#3428,#3475,#3477,.T.);
#3475 = VERTEX_POINT('',#3476);
#3476 = CARTESIAN_POINT('',(522.65,360.,552.65));
#3477 = LINE('',#3478,#3479);
#3478 = CARTESIAN_POINT('',(27.35,360.,552.65));
#3479 = VECTOR('',#3480,1.);
#3480 = DIRECTION('',(1.,0.,0.));
#3481 = ORIENTED_EDGE('',*,*,#3482,.F.);
#3482 = EDGE_CURVE('',#3466,#3475,#3483,.T.);
#3483 = LINE('',#3484,#3485);
#3484 = CARTESIAN_POINT('',(522.65,360.,57.35));
#3485 = VECTOR('',#3486,1.);
#3486 = DIRECTION('',(0.,0.,1.));
#3487 = FACE_BOUND('',#3488,.F.);
#3488 = EDGE_LOOP('',(#3489,#3499,#3507,#3515));
#3489 = ORIENTED_EDGE('',*,*,#3490,.F.);
#3490 = EDGE_CURVE('',#3491,#3493,#3495,.T.);
#3491 = VERTEX_POINT('',#3492);
#3492 = CARTESIAN_POINT('',(37.35,360.,542.65));
#3493 = VERTEX_POINT('',#3494);
#3494 = CARTESIAN_POINT('',(512.65,360.,542.65));
#3495 = LINE('',#3496,#3497);
#3496 = CARTESIAN_POINT('',(32.35,360.,542.65));
#3497 = VECTOR('',#3498,1.);
#3498 = DIRECTION('',(1.,0.,0.));
#3499 = ORIENTED_EDGE('',*,*,#3500,.T.);
#3500 = EDGE_CURVE('',#3491,#3501,#3503,.T.);
#3501 = VERTEX_POINT('',#3502);
#3502 = CARTESIAN_POINT('',(37.35,360.,67.35));
#3503 = LINE('',#3504,#3505);
#3504 = CARTESIAN_POINT('',(37.35,360.,62.35));
#3505 = VECTOR('',#3506,1.);
#3506 = DIRECTION('',(0.,0.,-1.));
#3507 = ORIENTED_EDGE('',*,*,#3508,.T.);
#3508 = EDGE_CURVE('',#3501,#3509,#3511,.T.);
#3509 = VERTEX_POINT('',#3510);
#3510 = CARTESIAN_POINT('',(512.65,360.,67.35));
#3511 = LINE('',#3512,#3513);
#3512 = CARTESIAN_POINT('',(32.35,360.,67.35));
#3513 = VECTOR('',#3514,1.);
#3514 = DIRECTION('',(1.,0.,0.));
#3515 = ORIENTED_EDGE('',*,*,#3516,.F.);
#3516 = EDGE_CURVE('',#3493,#3509,#3517,.T.);
#3517 = LINE('',#3518,#3519);
#3518 = CARTESIAN_POINT('',(512.65,360.,62.35));
#3519 = VECTOR('',#3520,1.);
#3520 = DIRECTION('',(0.,0.,-1.));
#3521 = PLANE('',#3522);
#3522 = AXIS2_PLACEMENT_3D('',#3523,#3524,#3525);
#3523 = CARTESIAN_POINT('',(27.35,360.,57.35));
#3524 = DIRECTION('',(0.,1.,0.));
#3525 = DIRECTION('',(0.,0.,1.));
#3526 = ADVANCED_FACE('',(#3527),#3545,.T.);
#3527 = FACE_BOUND('',#3528,.T.);
#3528 = EDGE_LOOP('',(#3529,#3530,#3531,#3539));
#3529 = ORIENTED_EDGE('',*,*,#3451,.F.);
#3530 = ORIENTED_EDGE('',*,*,#3474,.T.);
#3531 = ORIENTED_EDGE('',*,*,#3532,.T.);
#3532 = EDGE_CURVE('',#3475,#3533,#3535,.T.);
#3533 = VERTEX_POINT('',#3534);
#3534 = CARTESIAN_POINT('',(522.65,363.,552.65));
#3535 = LINE('',#3536,#3537);
#3536 = CARTESIAN_POINT('',(522.65,360.,552.65));
#3537 = VECTOR('',#3538,1.);
#3538 = DIRECTION('',(0.,1.,0.));
#3539 = ORIENTED_EDGE('',*,*,#3540,.F.);
#3540 = EDGE_CURVE('',#3444,#3533,#3541,.T.);
#3541 = LINE('',#3542,#3543);
#3542 = CARTESIAN_POINT('',(27.35,363.,552.65));
#3543 = VECTOR('',#3544,1.);
#3544 = DIRECTION('',(1.,0.,0.));
#3545 = PLANE('',#3546);
#3546 = AXIS2_PLACEMENT_3D('',#3547,#3548,#3549);
#3547 = CARTESIAN_POINT('',(27.35,360.,552.65));
#3548 = DIRECTION('',(0.,0.,1.));
#3549 = DIRECTION('',(1.,0.,0.));
#3550 = ADVANCED_FACE('',(#3551,#3569),#3603,.T.);
#3551 = FACE_BOUND('',#3552,.T.);
#3552 = EDGE_LOOP('',(#3553,#3561,#3562,#3563));
#3553 = ORIENTED_EDGE('',*,*,#3554,.F.);
#3554 = EDGE_CURVE('',#3436,#3555,#3557,.T.);
#3555 = VERTEX_POINT('',#3556);
#3556 = CARTESIAN_POINT('',(522.65,363.,57.35));
#3557 = LINE('',#3558,#3559);
#3558 = CARTESIAN_POINT('',(27.35,363.,57.35));
#3559 = VECTOR('',#3560,1.);
#3560 = DIRECTION('',(1.,0.,0.));
#3561 = ORIENTED_EDGE('',*,*,#3443,.T.);
#3562 = ORIENTED_EDGE('',*,*,#3540,.T.);
#3563 = ORIENTED_EDGE('',*,*,#3564,.F.);
#3564 = EDGE_CURVE('',#3555,#3533,#3565,.T.);
#3565 = LINE('',#3566,#3567);
#3566 = CARTESIAN_POINT('',(522.65,363.,57.35));
#3567 = VECTOR('',#3568,1.);
#3568 = DIRECTION('',(0.,0.,1.));
#3569 = FACE_BOUND('',#3570,.T.);
#3570 = EDGE_LOOP('',(#3571,#3581,#3589,#3597));
#3571 = ORIENTED_EDGE('',*,*,#3572,.F.);
#3572 = EDGE_CURVE('',#3573,#3575,#3577,.T.);
#3573 = VERTEX_POINT('',#3574);
#3574 = CARTESIAN_POINT('',(37.35,363.,542.65));
#3575 = VERTEX_POINT('',#3576);
#3576 = CARTESIAN_POINT('',(512.65,363.,542.65));
#3577 = LINE('',#3578,#3579);
#3578 = CARTESIAN_POINT('',(32.35,363.,542.65));
#3579 = VECTOR('',#3580,1.);
#3580 = DIRECTION('',(1.,0.,0.));
#3581 = ORIENTED_EDGE('',*,*,#3582,.T.);
#3582 = EDGE_CURVE('',#3573,#3583,#3585,.T.);
#3583 = VERTEX_POINT('',#3584);
#3584 = CARTESIAN_POINT('',(37.35,363.,67.35));
#3585 = LINE('',#3586,#3587);
#3586 = CARTESIAN_POINT('',(37.35,363.,62.35));
#3587 = VECTOR('',#3588,1.);
#3588 = DIRECTION('',(0.,0.,-1.));
#3589 = ORIENTED_EDGE('',*,*,#3590,.T.);
#3590 = EDGE_CURVE('',#3583,#3591,#3593,.T.);
#3591 = VERTEX_POINT('',#3592);
#3592 = CARTESIAN_POINT('',(512.65,363.,67.35));
#3593 = LINE('',#3594,#3595);
#3594 = CARTESIAN_POINT('',(32.35,363.,67.35));
#3595 = VECTOR('',#3596,1.);
#3596 = DIRECTION('',(1.,0.,0.));
#3597 = ORIENTED_EDGE('',*,*,#3598,.F.);
#3598 = EDGE_CURVE('',#3575,#3591,#3599,.T.);
#3599 = LINE('',#3600,#3601);
#3600 = CARTESIAN_POINT('',(512.65,363.,62.35));
#3601 = VECTOR('',#3602,1.);
#3602 = DIRECTION('',(0.,0.,-1.));
#3603 = PLANE('',#3604);
#3604 = AXIS2_PLACEMENT_3D('',#3605,#3606,#3607);
#3605 = CARTESIAN_POINT('',(27.35,363.,57.35));
#3606 = DIRECTION('',(0.,1.,0.));
#3607 = DIRECTION('',(0.,0.,1.));
#3608 = ADVANCED_FACE('',(#3609),#3620,.F.);
#3609 = FACE_BOUND('',#3610,.F.);
#3610 = EDGE_LOOP('',(#3611,#3612,#3613,#3619));
#3611 = ORIENTED_EDGE('',*,*,#3435,.F.);
#3612 = ORIENTED_EDGE('',*,*,#3465,.T.);
#3613 = ORIENTED_EDGE('',*,*,#3614,.T.);
#3614 = EDGE_CURVE('',#3466,#3555,#3615,.T.);
#3615 = LINE('',#3616,#3617);
#3616 = CARTESIAN_POINT('',(522.65,360.,57.35));
#3617 = VECTOR('',#3618,1.);
#3618 = DIRECTION('',(0.,1.,0.));
#3619 = ORIENTED_EDGE('',*,*,#3554,.F.);
#3620 = PLANE('',#3621);
#3621 = AXIS2_PLACEMENT_3D('',#3622,#3623,#3624);
#3622 = CARTESIAN_POINT('',(27.35,360.,57.35));
#3623 = DIRECTION('',(0.,0.,1.));
#3624 = DIRECTION('',(1.,0.,0.));
#3625 = ADVANCED_FACE('',(#3626),#3632,.T.);
#3626 = FACE_BOUND('',#3627,.T.);
#3627 = EDGE_LOOP('',(#3628,#3629,#3630,#3631));
#3628 = ORIENTED_EDGE('',*,*,#3482,.F.);
#3629 = ORIENTED_EDGE('',*,*,#3614,.T.);
#3630 = ORIENTED_EDGE('',*,*,#3564,.T.);
#3631 = ORIENTED_EDGE('',*,*,#3532,.F.);
#3632 = PLANE('',#3633);
#3633 = AXIS2_PLACEMENT_3D('',#3634,#3635,#3636);
#3634 = CARTESIAN_POINT('',(522.65,360.,57.35));
#3635 = DIRECTION('',(1.,0.,0.));
#3636 = DIRECTION('',(0.,0.,1.));
#3637 = ADVANCED_FACE('',(#3638),#3654,.F.);
#3638 = FACE_BOUND('',#3639,.F.);
#3639 = EDGE_LOOP('',(#3640,#3646,#3647,#3653));
#3640 = ORIENTED_EDGE('',*,*,#3641,.F.);
#3641 = EDGE_CURVE('',#3491,#3573,#3642,.T.);
#3642 = LINE('',#3643,#3644);
#3643 = CARTESIAN_POINT('',(37.35,359.,542.65));
#3644 = VECTOR('',#3645,1.);
#3645 = DIRECTION('',(0.,1.,0.));
#3646 = ORIENTED_EDGE('',*,*,#3490,.T.);
#3647 = ORIENTED_EDGE('',*,*,#3648,.T.);
#3648 = EDGE_CURVE('',#3493,#3575,#3649,.T.);
#3649 = LINE('',#3650,#3651);
#3650 = CARTESIAN_POINT('',(512.65,359.,542.65));
#3651 = VECTOR('',#3652,1.);
#3652 = DIRECTION('',(0.,1.,0.));
#3653 = ORIENTED_EDGE('',*,*,#3572,.F.);
#3654 = PLANE('',#3655);
#3655 = AXIS2_PLACEMENT_3D('',#3656,#3657,#3658);
#3656 = CARTESIAN_POINT('',(37.35,359.,542.65));
#3657 = DIRECTION('',(0.,0.,1.));
#3658 = DIRECTION('',(1.,0.,0.));
#3659 = ADVANCED_FACE('',(#3660),#3671,.F.);
#3660 = FACE_BOUND('',#3661,.F.);
#3661 = EDGE_LOOP('',(#3662,#3663,#3664,#3670));
#3662 = ORIENTED_EDGE('',*,*,#3648,.F.);
#3663 = ORIENTED_EDGE('',*,*,#3516,.T.);
#3664 = ORIENTED_EDGE('',*,*,#3665,.T.);
#3665 = EDGE_CURVE('',#3509,#3591,#3666,.T.);
#3666 = LINE('',#3667,#3668);
#3667 = CARTESIAN_POINT('',(512.65,359.,67.35));
#3668 = VECTOR('',#3669,1.);
#3669 = DIRECTION('',(0.,1.,0.));
#3670 = ORIENTED_EDGE('',*,*,#3598,.F.);
#3671 = PLANE('',#3672);
#3672 = AXIS2_PLACEMENT_3D('',#3673,#3674,#3675);
#3673 = CARTESIAN_POINT('',(512.65,359.,67.35));
#3674 = DIRECTION('',(1.,0.,0.));
#3675 = DIRECTION('',(0.,0.,1.));
#3676 = ADVANCED_FACE('',(#3677),#3688,.T.);
#3677 = FACE_BOUND('',#3678,.T.);
#3678 = EDGE_LOOP('',(#3679,#3685,#3686,#3687));
#3679 = ORIENTED_EDGE('',*,*,#3680,.F.);
#3680 = EDGE_CURVE('',#3501,#3583,#3681,.T.);
#3681 = LINE('',#3682,#3683);
#3682 = CARTESIAN_POINT('',(37.35,359.,67.35));
#3683 = VECTOR('',#3684,1.);
#3684 = DIRECTION('',(0.,1.,0.));
#3685 = ORIENTED_EDGE('',*,*,#3508,.T.);
#3686 = ORIENTED_EDGE('',*,*,#3665,.T.);
#3687 = ORIENTED_EDGE('',*,*,#3590,.F.);
#3688 = PLANE('',#3689);
#3689 = AXIS2_PLACEMENT_3D('',#3690,#3691,#3692);
#3690 = CARTESIAN_POINT('',(37.35,359.,67.35));
#3691 = DIRECTION('',(0.,0.,1.));
#3692 = DIRECTION('',(1.,0.,0.));
#3693 = ADVANCED_FACE('',(#3694),#3700,.T.);
#3694 = FACE_BOUND('',#3695,.T.);
#3695 = EDGE_LOOP('',(#3696,#3697,#3698,#3699));
#3696 = ORIENTED_EDGE('',*,*,#3641,.F.);
#3697 = ORIENTED_EDGE('',*,*,#3500,.T.);
#3698 = ORIENTED_EDGE('',*,*,#3680,.T.);
#3699 = ORIENTED_EDGE('',*,*,#3582,.F.);
#3700 = PLANE('',#3701);
#3701 = AXIS2_PLACEMENT_3D('',#3702,#3703,#3704);
#3702 = CARTESIAN_POINT('',(37.35,359.,67.35));
#3703 = DIRECTION('',(1.,0.,0.));
#3704 = DIRECTION('',(0.,0.,1.));
#3705 = MANIFOLD_SOLID_BREP('',#3706);
#3706 = CLOSED_SHELL('',(#3707,#3747,#3787,#3809,#3831,#3843));
#3707 = ADVANCED_FACE('',(#3708),#3742,.F.);
#3708 = FACE_BOUND('',#3709,.F.);
#3709 = EDGE_LOOP('',(#3710,#3720,#3728,#3736));
#3710 = ORIENTED_EDGE('',*,*,#3711,.F.);
#3711 = EDGE_CURVE('',#3712,#3714,#3716,.T.);
#3712 = VERTEX_POINT('',#3713);
#3713 = CARTESIAN_POINT('',(27.35,363.,57.35));
#3714 = VERTEX_POINT('',#3715);
#3715 = CARTESIAN_POINT('',(27.35,363.,552.65));
#3716 = LINE('',#3717,#3718);
#3717 = CARTESIAN_POINT('',(27.35,363.,57.35));
#3718 = VECTOR('',#3719,1.);
#3719 = DIRECTION('',(0.,0.,1.));
#3720 = ORIENTED_EDGE('',*,*,#3721,.T.);
#3721 = EDGE_CURVE('',#3712,#3722,#3724,.T.);
#3722 = VERTEX_POINT('',#3723);
#3723 = CARTESIAN_POINT('',(27.35,407.45,57.35));
#3724 = LINE('',#3725,#3726);
#3725 = CARTESIAN_POINT('',(27.35,363.,57.35));
#3726 = VECTOR('',#3727,1.);
#3727 = DIRECTION('',(0.,1.,0.));
#3728 = ORIENTED_EDGE('',*,*,#3729,.T.);
#3729 = EDGE_CURVE('',#3722,#3730,#3732,.T.);
#3730 = VERTEX_POINT('',#3731);
#3731 = CARTESIAN_POINT('',(27.35,407.45,552.65));
#3732 = LINE('',#3733,#3734);
#3733 = CARTESIAN_POINT('',(27.35,407.45,57.35));
#3734 = VECTOR('',#3735,1.);
#3735 = DIRECTION('',(0.,0.,1.));
#3736 = ORIENTED_EDGE('',*,*,#3737,.F.);
#3737 = EDGE_CURVE('',#3714,#3730,#3738,.T.);
#3738 = LINE('',#3739,#3740);
#3739 = CARTESIAN_POINT('',(27.35,363.,552.65));
#3740 = VECTOR('',#3741,1.);
#3741 = DIRECTION('',(0.,1.,0.));
#3742 = PLANE('',#3743);
#3743 = AXIS2_PLACEMENT_3D('',#3744,#3745,#3746);
#3744 = CARTESIAN_POINT('',(27.35,363.,57.35));
#3745 = DIRECTION('',(1.,0.,0.));
#3746 = DIRECTION('',(0.,0.,1.));
#3747 = ADVANCED_FACE('',(#3748),#3782,.T.);
#3748 = FACE_BOUND('',#3749,.T.);
#3749 = EDGE_LOOP('',(#3750,#3760,#3768,#3776));
#3750 = ORIENTED_EDGE('',*,*,#3751,.F.);
#3751 = EDGE_CURVE('',#3752,#3754,#3756,.T.);
#3752 = VERTEX_POINT('',#3753);
#3753 = CARTESIAN_POINT('',(522.65,363.,57.35));
#3754 = VERTEX_POINT('',#3755);
#3755 = CARTESIAN_POINT('',(522.65,363.,552.65));
#3756 = LINE('',#3757,#3758);
#3757 = CARTESIAN_POINT('',(522.65,363.,57.35));
#3758 = VECTOR('',#3759,1.);
#3759 = DIRECTION('',(0.,0.,1.));
#3760 = ORIENTED_EDGE('',*,*,#3761,.T.);
#3761 = EDGE_CURVE('',#3752,#3762,#3764,.T.);
#3762 = VERTEX_POINT('',#3763);
#3763 = CARTESIAN_POINT('',(522.65,407.45,57.35));
#3764 = LINE('',#3765,#3766);
#3765 = CARTESIAN_POINT('',(522.65,363.,57.35));
#3766 = VECTOR('',#3767,1.);
#3767 = DIRECTION('',(0.,1.,0.));
#3768 = ORIENTED_EDGE('',*,*,#3769,.T.);
#3769 = EDGE_CURVE('',#3762,#3770,#3772,.T.);
#3770 = VERTEX_POINT('',#3771);
#3771 = CARTESIAN_POINT('',(522.65,407.45,552.65));
#3772 = LINE('',#3773,#3774);
#3773 = CARTESIAN_POINT('',(522.65,407.45,57.35));
#3774 = VECTOR('',#3775,1.);
#3775 = DIRECTION('',(0.,0.,1.));
#3776 = ORIENTED_EDGE('',*,*,#3777,.F.);
#3777 = EDGE_CURVE('',#3754,#3770,#3778,.T.);
#3778 = LINE('',#3779,#3780);
#3779 = CARTESIAN_POINT('',(522.65,363.,552.65));
#3780 = VECTOR('',#3781,1.);
#3781 = DIRECTION('',(0.,1.,0.));
#3782 = PLANE('',#3783);
#3783 = AXIS2_PLACEMENT_3D('',#3784,#3785,#3786);
#3784 = CARTESIAN_POINT('',(522.65,363.,57.35));
#3785 = DIRECTION('',(1.,0.,0.));
#3786 = DIRECTION('',(0.,0.,1.));
#3787 = ADVANCED_FACE('',(#3788),#3804,.F.);
#3788 = FACE_BOUND('',#3789,.F.);
#3789 = EDGE_LOOP('',(#3790,#3796,#3797,#3803));
#3790 = ORIENTED_EDGE('',*,*,#3791,.F.);
#3791 = EDGE_CURVE('',#3712,#3752,#3792,.T.);
#3792 = LINE('',#3793,#3794);
#3793 = CARTESIAN_POINT('',(27.35,363.,57.35));
#3794 = VECTOR('',#3795,1.);
#3795 = DIRECTION('',(1.,0.,0.));
#3796 = ORIENTED_EDGE('',*,*,#3711,.T.);
#3797 = ORIENTED_EDGE('',*,*,#3798,.T.);
#3798 = EDGE_CURVE('',#3714,#3754,#3799,.T.);
#3799 = LINE('',#3800,#3801);
#3800 = CARTESIAN_POINT('',(27.35,363.,552.65));
#3801 = VECTOR('',#3802,1.);
#3802 = DIRECTION('',(1.,0.,0.));
#3803 = ORIENTED_EDGE('',*,*,#3751,.F.);
#3804 = PLANE('',#3805);
#3805 = AXIS2_PLACEMENT_3D('',#3806,#3807,#3808);
#3806 = CARTESIAN_POINT('',(27.35,363.,57.35));
#3807 = DIRECTION('',(0.,1.,0.));
#3808 = DIRECTION('',(0.,0.,1.));
#3809 = ADVANCED_FACE('',(#3810),#3826,.T.);
#3810 = FACE_BOUND('',#3811,.T.);
#3811 = EDGE_LOOP('',(#3812,#3818,#3819,#3825));
#3812 = ORIENTED_EDGE('',*,*,#3813,.F.);
#3813 = EDGE_CURVE('',#3722,#3762,#3814,.T.);
#3814 = LINE('',#3815,#3816);
#3815 = CARTESIAN_POINT('',(27.35,407.45,57.35));
#3816 = VECTOR('',#3817,1.);
#3817 = DIRECTION('',(1.,0.,0.));
#3818 = ORIENTED_EDGE('',*,*,#3729,.T.);
#3819 = ORIENTED_EDGE('',*,*,#3820,.T.);
#3820 = EDGE_CURVE('',#3730,#3770,#3821,.T.);
#3821 = LINE('',#3822,#3823);
#3822 = CARTESIAN_POINT('',(27.35,407.45,552.65));
#3823 = VECTOR('',#3824,1.);
#3824 = DIRECTION('',(1.,0.,0.));
#3825 = ORIENTED_EDGE('',*,*,#3769,.F.);
#3826 = PLANE('',#3827);
#3827 = AXIS2_PLACEMENT_3D('',#3828,#3829,#3830);
#3828 = CARTESIAN_POINT('',(27.35,407.45,57.35));
#3829 = DIRECTION('',(0.,1.,0.));
#3830 = DIRECTION('',(0.,0.,1.));
#3831 = ADVANCED_FACE('',(#3832),#3838,.F.);
#3832 = FACE_BOUND('',#3833,.F.);
#3833 = EDGE_LOOP('',(#3834,#3835,#3836,#3837));
#3834 = ORIENTED_EDGE('',*,*,#3721,.F.);
#3835 = ORIENTED_EDGE('',*,*,#3791,.T.);
#3836 = ORIENTED_EDGE('',*,*,#3761,.T.);
#3837 = ORIENTED_EDGE('',*,*,#3813,.F.);
#3838 = PLANE('',#3839);
#3839 = AXIS2_PLACEMENT_3D('',#3840,#3841,#3842);
#3840 = CARTESIAN_POINT('',(27.35,363.,57.35));
#3841 = DIRECTION('',(0.,0.,1.));
#3842 = DIRECTION('',(1.,0.,0.));
#3843 = ADVANCED_FACE('',(#3844),#3850,.T.);
#3844 = FACE_BOUND('',#3845,.T.);
#3845 = EDGE_LOOP('',(#3846,#3847,#3848,#3849));
#3846 = ORIENTED_EDGE('',*,*,#3737,.F.);
#3847 = ORIENTED_EDGE('',*,*,#3798,.T.);
#3848 = ORIENTED_EDGE('',*,*,#3777,.T.);
#3849 = ORIENTED_EDGE('',*,*,#3820,.F.);
#3850 = PLANE('',#3851);
#3851 = AXIS2_PLACEMENT_3D('',#3852,#3853,#3854);
#3852 = CARTESIAN_POINT('',(27.35,363.,552.65));
#3853 = DIRECTION('',(0.,0.,1.));
#3854 = DIRECTION('',(1.,0.,0.));
#3855 = MANIFOLD_SOLID_BREP('',#3856);
#3856 = CLOSED_SHELL('',(#3857,#3897,#4050,#4074,#4220,#4237,#4249,#4266
    ,#4283,#4300,#4317,#4334,#4356,#4373,#4390,#4402,#4419,#4436));
#3857 = ADVANCED_FACE('',(#3858),#3892,.F.);
#3858 = FACE_BOUND('',#3859,.F.);
#3859 = EDGE_LOOP('',(#3860,#3870,#3878,#3886));
#3860 = ORIENTED_EDGE('',*,*,#3861,.F.);
#3861 = EDGE_CURVE('',#3862,#3864,#3866,.T.);
#3862 = VERTEX_POINT('',#3863);
#3863 = CARTESIAN_POINT('',(0.,407.45,30.));
#3864 = VERTEX_POINT('',#3865);
#3865 = CARTESIAN_POINT('',(0.,407.45,580.));
#3866 = LINE('',#3867,#3868);
#3867 = CARTESIAN_POINT('',(0.,407.45,30.));
#3868 = VECTOR('',#3869,1.);
#3869 = DIRECTION('',(0.,0.,1.));
#3870 = ORIENTED_EDGE('',*,*,#3871,.T.);
#3871 = EDGE_CURVE('',#3862,#3872,#3874,.T.);
#3872 = VERTEX_POINT('',#3873);
#3873 = CARTESIAN_POINT('',(0.,416.45,30.));
#3874 = LINE('',#3875,#3876);
#3875 = CARTESIAN_POINT('',(0.,407.45,30.));
#3876 = VECTOR('',#3877,1.);
#3877 = DIRECTION('',(0.,1.,0.));
#3878 = ORIENTED_EDGE('',*,*,#3879,.T.);
#3879 = EDGE_CURVE('',#3872,#3880,#3882,.T.);
#3880 = VERTEX_POINT('',#3881);
#3881 = CARTESIAN_POINT('',(0.,416.45,580.));
#3882 = LINE('',#3883,#3884);
#3883 = CARTESIAN_POINT('',(0.,416.45,30.));
#3884 = VECTOR('',#3885,1.);
#3885 = DIRECTION('',(0.,0.,1.));
#3886 = ORIENTED_EDGE('',*,*,#3887,.F.);
#3887 = EDGE_CURVE('',#3864,#3880,#3888,.T.);
#3888 = LINE('',#3889,#3890);
#3889 = CARTESIAN_POINT('',(0.,407.45,580.));
#3890 = VECTOR('',#3891,1.);
#3891 = DIRECTION('',(0.,1.,0.));
#3892 = PLANE('',#3893);
#3893 = AXIS2_PLACEMENT_3D('',#3894,#3895,#3896);
#3894 = CARTESIAN_POINT('',(0.,407.45,30.));
#3895 = DIRECTION('',(1.,0.,0.));
#3896 = DIRECTION('',(0.,0.,1.));
#3897 = ADVANCED_FACE('',(#3898,#3923,#3934,#3945,#3956,#3967,#3978,
    #4012,#4023,#4034),#4045,.F.);
#3898 = FACE_BOUND('',#3899,.F.);
#3899 = EDGE_LOOP('',(#3900,#3908,#3909,#3917));
#3900 = ORIENTED_EDGE('',*,*,#3901,.F.);
#3901 = EDGE_CURVE('',#3862,#3902,#3904,.T.);
#3902 = VERTEX_POINT('',#3903);
#3903 = CARTESIAN_POINT('',(550.,407.45,30.));
#3904 = LINE('',#3905,#3906);
#3905 = CARTESIAN_POINT('',(0.,407.45,30.));
#3906 = VECTOR('',#3907,1.);
#3907 = DIRECTION('',(1.,0.,0.));
#3908 = ORIENTED_EDGE('',*,*,#3861,.T.);
#3909 = ORIENTED_EDGE('',*,*,#3910,.T.);
#3910 = EDGE_CURVE('',#3864,#3911,#3913,.T.);
#3911 = VERTEX_POINT('',#3912);
#3912 = CARTESIAN_POINT('',(550.,407.45,580.));
#3913 = LINE('',#3914,#3915);
#3914 = CARTESIAN_POINT('',(0.,407.45,580.));
#3915 = VECTOR('',#3916,1.);
#3916 = DIRECTION('',(1.,0.,0.));
#3917 = ORIENTED_EDGE('',*,*,#3918,.F.);
#3918 = EDGE_CURVE('',#3902,#3911,#3919,.T.);
#3919 = LINE('',#3920,#3921);
#3920 = CARTESIAN_POINT('',(550.,407.45,30.));
#3921 = VECTOR('',#3922,1.);
#3922 = DIRECTION('',(0.,0.,1.));
#3923 = FACE_BOUND('',#3924,.F.);
#3924 = EDGE_LOOP('',(#3925));
#3925 = ORIENTED_EDGE('',*,*,#3926,.F.);
#3926 = EDGE_CURVE('',#3927,#3927,#3929,.T.);
#3927 = VERTEX_POINT('',#3928);
#3928 = CARTESIAN_POINT('',(20.,407.45,57.75));
#3929 = CIRCLE('',#3930,2.75);
#3930 = AXIS2_PLACEMENT_3D('',#3931,#3932,#3933);
#3931 = CARTESIAN_POINT('',(20.,407.45,55.));
#3932 = DIRECTION('',(0.,1.,0.));
#3933 = DIRECTION('',(0.,0.,1.));
#3934 = FACE_BOUND('',#3935,.F.);
#3935 = EDGE_LOOP('',(#3936));
#3936 = ORIENTED_EDGE('',*,*,#3937,.F.);
#3937 = EDGE_CURVE('',#3938,#3938,#3940,.T.);
#3938 = VERTEX_POINT('',#3939);
#3939 = CARTESIAN_POINT('',(20.,407.45,307.75));
#3940 = CIRCLE('',#3941,2.75);
#3941 = AXIS2_PLACEMENT_3D('',#3942,#3943,#3944);
#3942 = CARTESIAN_POINT('',(20.,407.45,305.));
#3943 = DIRECTION('',(0.,1.,0.));
#3944 = DIRECTION('',(0.,0.,1.));
#3945 = FACE_BOUND('',#3946,.F.);
#3946 = EDGE_LOOP('',(#3947));
#3947 = ORIENTED_EDGE('',*,*,#3948,.F.);
#3948 = EDGE_CURVE('',#3949,#3949,#3951,.T.);
#3949 = VERTEX_POINT('',#3950);
#3950 = CARTESIAN_POINT('',(20.,407.45,557.75));
#3951 = CIRCLE('',#3952,2.75);
#3952 = AXIS2_PLACEMENT_3D('',#3953,#3954,#3955);
#3953 = CARTESIAN_POINT('',(20.,407.45,555.));
#3954 = DIRECTION('',(0.,1.,0.));
#3955 = DIRECTION('',(0.,0.,1.));
#3956 = FACE_BOUND('',#3957,.F.);
#3957 = EDGE_LOOP('',(#3958));
#3958 = ORIENTED_EDGE('',*,*,#3959,.F.);
#3959 = EDGE_CURVE('',#3960,#3960,#3962,.T.);
#3960 = VERTEX_POINT('',#3961);
#3961 = CARTESIAN_POINT('',(275.,407.45,52.75));
#3962 = CIRCLE('',#3963,2.75);
#3963 = AXIS2_PLACEMENT_3D('',#3964,#3965,#3966);
#3964 = CARTESIAN_POINT('',(275.,407.45,50.));
#3965 = DIRECTION('',(0.,1.,0.));
#3966 = DIRECTION('',(0.,0.,1.));
#3967 = FACE_BOUND('',#3968,.F.);
#3968 = EDGE_LOOP('',(#3969));
#3969 = ORIENTED_EDGE('',*,*,#3970,.F.);
#3970 = EDGE_CURVE('',#3971,#3971,#3973,.T.);
#3971 = VERTEX_POINT('',#3972);
#3972 = CARTESIAN_POINT('',(530.,407.45,57.75));
#3973 = CIRCLE('',#3974,2.75);
#3974 = AXIS2_PLACEMENT_3D('',#3975,#3976,#3977);
#3975 = CARTESIAN_POINT('',(530.,407.45,55.));
#3976 = DIRECTION('',(0.,1.,0.));
#3977 = DIRECTION('',(0.,0.,1.));
#3978 = FACE_BOUND('',#3979,.F.);
#3979 = EDGE_LOOP('',(#3980,#3990,#3998,#4006));
#3980 = ORIENTED_EDGE('',*,*,#3981,.F.);
#3981 = EDGE_CURVE('',#3982,#3984,#3986,.T.);
#3982 = VERTEX_POINT('',#3983);
#3983 = CARTESIAN_POINT('',(37.5,407.45,542.5));
#3984 = VERTEX_POINT('',#3985);
#3985 = CARTESIAN_POINT('',(512.5,407.45,542.5));
#3986 = LINE('',#3987,#3988);
#3987 = CARTESIAN_POINT('',(18.75,407.45,542.5));
#3988 = VECTOR('',#3989,1.);
#3989 = DIRECTION('',(1.,0.,0.));
#3990 = ORIENTED_EDGE('',*,*,#3991,.T.);
#3991 = EDGE_CURVE('',#3982,#3992,#3994,.T.);
#3992 = VERTEX_POINT('',#3993);
#3993 = CARTESIAN_POINT('',(37.5,407.45,67.5));
#3994 = LINE('',#3995,#3996);
#3995 = CARTESIAN_POINT('',(37.5,407.45,48.75));
#3996 = VECTOR('',#3997,1.);
#3997 = DIRECTION('',(0.,0.,-1.));
#3998 = ORIENTED_EDGE('',*,*,#3999,.T.);
#3999 = EDGE_CURVE('',#3992,#4000,#4002,.T.);
#4000 = VERTEX_POINT('',#4001);
#4001 = CARTESIAN_POINT('',(512.5,407.45,67.5));
#4002 = LINE('',#4003,#4004);
#4003 = CARTESIAN_POINT('',(18.75,407.45,67.5));
#4004 = VECTOR('',#4005,1.);
#4005 = DIRECTION('',(1.,0.,0.));
#4006 = ORIENTED_EDGE('',*,*,#4007,.F.);
#4007 = EDGE_CURVE('',#3984,#4000,#4008,.T.);
#4008 = LINE('',#4009,#4010);
#4009 = CARTESIAN_POINT('',(512.5,407.45,48.75));
#4010 = VECTOR('',#4011,1.);
#4011 = DIRECTION('',(0.,0.,-1.));
#4012 = FACE_BOUND('',#4013,.F.);
#4013 = EDGE_LOOP('',(#4014));
#4014 = ORIENTED_EDGE('',*,*,#4015,.F.);
#4015 = EDGE_CURVE('',#4016,#4016,#4018,.T.);
#4016 = VERTEX_POINT('',#4017);
#4017 = CARTESIAN_POINT('',(275.,407.45,562.75));
#4018 = CIRCLE('',#4019,2.75);
#4019 = AXIS2_PLACEMENT_3D('',#4020,#4021,#4022);
#4020 = CARTESIAN_POINT('',(275.,407.45,560.));
#4021 = DIRECTION('',(0.,1.,0.));
#4022 = DIRECTION('',(0.,0.,1.));
#4023 = FACE_BOUND('',#4024,.F.);
#4024 = EDGE_LOOP('',(#4025));
#4025 = ORIENTED_EDGE('',*,*,#4026,.F.);
#4026 = EDGE_CURVE('',#4027,#4027,#4029,.T.);
#4027 = VERTEX_POINT('',#4028);
#4028 = CARTESIAN_POINT('',(530.,407.45,307.75));
#4029 = CIRCLE('',#4030,2.75);
#4030 = AXIS2_PLACEMENT_3D('',#4031,#4032,#4033);
#4031 = CARTESIAN_POINT('',(530.,407.45,305.));
#4032 = DIRECTION('',(0.,1.,0.));
#4033 = DIRECTION('',(0.,0.,1.));
#4034 = FACE_BOUND('',#4035,.F.);
#4035 = EDGE_LOOP('',(#4036));
#4036 = ORIENTED_EDGE('',*,*,#4037,.F.);
#4037 = EDGE_CURVE('',#4038,#4038,#4040,.T.);
#4038 = VERTEX_POINT('',#4039);
#4039 = CARTESIAN_POINT('',(530.,407.45,557.75));
#4040 = CIRCLE('',#4041,2.75);
#4041 = AXIS2_PLACEMENT_3D('',#4042,#4043,#4044);
#4042 = CARTESIAN_POINT('',(530.,407.45,555.));
#4043 = DIRECTION('',(0.,1.,0.));
#4044 = DIRECTION('',(0.,0.,1.));
#4045 = PLANE('',#4046);
#4046 = AXIS2_PLACEMENT_3D('',#4047,#4048,#4049);
#4047 = CARTESIAN_POINT('',(0.,407.45,30.));
#4048 = DIRECTION('',(0.,1.,0.));
#4049 = DIRECTION('',(0.,0.,1.));
#4050 = ADVANCED_FACE('',(#4051),#4069,.T.);
#4051 = FACE_BOUND('',#4052,.T.);
#4052 = EDGE_LOOP('',(#4053,#4054,#4055,#4063));
#4053 = ORIENTED_EDGE('',*,*,#3887,.F.);
#4054 = ORIENTED_EDGE('',*,*,#3910,.T.);
#4055 = ORIENTED_EDGE('',*,*,#4056,.T.);
#4056 = EDGE_CURVE('',#3911,#4057,#4059,.T.);
#4057 = VERTEX_POINT('',#4058);
#4058 = CARTESIAN_POINT('',(550.,416.45,580.));
#4059 = LINE('',#4060,#4061);
#4060 = CARTESIAN_POINT('',(550.,407.45,580.));
#4061 = VECTOR('',#4062,1.);
#4062 = DIRECTION('',(0.,1.,0.));
#4063 = ORIENTED_EDGE('',*,*,#4064,.F.);
#4064 = EDGE_CURVE('',#3880,#4057,#4065,.T.);
#4065 = LINE('',#4066,#4067);
#4066 = CARTESIAN_POINT('',(0.,416.45,580.));
#4067 = VECTOR('',#4068,1.);
#4068 = DIRECTION('',(1.,0.,0.));
#4069 = PLANE('',#4070);
#4070 = AXIS2_PLACEMENT_3D('',#4071,#4072,#4073);
#4071 = CARTESIAN_POINT('',(0.,407.45,580.));
#4072 = DIRECTION('',(0.,0.,1.));
#4073 = DIRECTION('',(1.,0.,0.));
#4074 = ADVANCED_FACE('',(#4075,#4093,#4104,#4115,#4126,#4137,#4148,
    #4182,#4193,#4204),#4215,.T.);
#4075 = FACE_BOUND('',#4076,.T.);
#4076 = EDGE_LOOP('',(#4077,#4085,#4086,#4087));
#4077 = ORIENTED_EDGE('',*,*,#4078,.F.);
#4078 = EDGE_CURVE('',#3872,#4079,#4081,.T.);
#4079 = VERTEX_POINT('',#4080);
#4080 = CARTESIAN_POINT('',(550.,416.45,30.));
#4081 = LINE('',#4082,#4083);
#4082 = CARTESIAN_POINT('',(0.,416.45,30.));
#4083 = VECTOR('',#4084,1.);
#4084 = DIRECTION('',(1.,0.,0.));
#4085 = ORIENTED_EDGE('',*,*,#3879,.T.);
#4086 = ORIENTED_EDGE('',*,*,#4064,.T.);
#4087 = ORIENTED_EDGE('',*,*,#4088,.F.);
#4088 = EDGE_CURVE('',#4079,#4057,#4089,.T.);
#4089 = LINE('',#4090,#4091);
#4090 = CARTESIAN_POINT('',(550.,416.45,30.));
#4091 = VECTOR('',#4092,1.);
#4092 = DIRECTION('',(0.,0.,1.));
#4093 = FACE_BOUND('',#4094,.T.);
#4094 = EDGE_LOOP('',(#4095));
#4095 = ORIENTED_EDGE('',*,*,#4096,.F.);
#4096 = EDGE_CURVE('',#4097,#4097,#4099,.T.);
#4097 = VERTEX_POINT('',#4098);
#4098 = CARTESIAN_POINT('',(20.,416.45,57.75));
#4099 = CIRCLE('',#4100,2.75);
#4100 = AXIS2_PLACEMENT_3D('',#4101,#4102,#4103);
#4101 = CARTESIAN_POINT('',(20.,416.45,55.));
#4102 = DIRECTION('',(0.,1.,0.));
#4103 = DIRECTION('',(0.,0.,1.));
#4104 = FACE_BOUND('',#4105,.T.);
#4105 = EDGE_LOOP('',(#4106));
#4106 = ORIENTED_EDGE('',*,*,#4107,.F.);
#4107 = EDGE_CURVE('',#4108,#4108,#4110,.T.);
#4108 = VERTEX_POINT('',#4109);
#4109 = CARTESIAN_POINT('',(20.,416.45,307.75));
#4110 = CIRCLE('',#4111,2.75);
#4111 = AXIS2_PLACEMENT_3D('',#4112,#4113,#4114);
#4112 = CARTESIAN_POINT('',(20.,416.45,305.));
#4113 = DIRECTION('',(0.,1.,0.));
#4114 = DIRECTION('',(0.,0.,1.));
#4115 = FACE_BOUND('',#4116,.T.);
#4116 = EDGE_LOOP('',(#4117));
#4117 = ORIENTED_EDGE('',*,*,#4118,.F.);
#4118 = EDGE_CURVE('',#4119,#4119,#4121,.T.);
#4119 = VERTEX_POINT('',#4120);
#4120 = CARTESIAN_POINT('',(20.,416.45,557.75));
#4121 = CIRCLE('',#4122,2.75);
#4122 = AXIS2_PLACEMENT_3D('',#4123,#4124,#4125);
#4123 = CARTESIAN_POINT('',(20.,416.45,555.));
#4124 = DIRECTION('',(0.,1.,0.));
#4125 = DIRECTION('',(0.,0.,1.));
#4126 = FACE_BOUND('',#4127,.T.);
#4127 = EDGE_LOOP('',(#4128));
#4128 = ORIENTED_EDGE('',*,*,#4129,.F.);
#4129 = EDGE_CURVE('',#4130,#4130,#4132,.T.);
#4130 = VERTEX_POINT('',#4131);
#4131 = CARTESIAN_POINT('',(275.,416.45,52.75));
#4132 = CIRCLE('',#4133,2.75);
#4133 = AXIS2_PLACEMENT_3D('',#4134,#4135,#4136);
#4134 = CARTESIAN_POINT('',(275.,416.45,50.));
#4135 = DIRECTION('',(0.,1.,0.));
#4136 = DIRECTION('',(0.,0.,1.));
#4137 = FACE_BOUND('',#4138,.T.);
#4138 = EDGE_LOOP('',(#4139));
#4139 = ORIENTED_EDGE('',*,*,#4140,.F.);
#4140 = EDGE_CURVE('',#4141,#4141,#4143,.T.);
#4141 = VERTEX_POINT('',#4142);
#4142 = CARTESIAN_POINT('',(530.,416.45,57.75));
#4143 = CIRCLE('',#4144,2.75);
#4144 = AXIS2_PLACEMENT_3D('',#4145,#4146,#4147);
#4145 = CARTESIAN_POINT('',(530.,416.45,55.));
#4146 = DIRECTION('',(0.,1.,0.));
#4147 = DIRECTION('',(0.,0.,1.));
#4148 = FACE_BOUND('',#4149,.T.);
#4149 = EDGE_LOOP('',(#4150,#4160,#4168,#4176));
#4150 = ORIENTED_EDGE('',*,*,#4151,.F.);
#4151 = EDGE_CURVE('',#4152,#4154,#4156,.T.);
#4152 = VERTEX_POINT('',#4153);
#4153 = CARTESIAN_POINT('',(37.5,416.45,542.5));
#4154 = VERTEX_POINT('',#4155);
#4155 = CARTESIAN_POINT('',(512.5,416.45,542.5));
#4156 = LINE('',#4157,#4158);
#4157 = CARTESIAN_POINT('',(18.75,416.45,542.5));
#4158 = VECTOR('',#4159,1.);
#4159 = DIRECTION('',(1.,0.,0.));
#4160 = ORIENTED_EDGE('',*,*,#4161,.T.);
#4161 = EDGE_CURVE('',#4152,#4162,#4164,.T.);
#4162 = VERTEX_POINT('',#4163);
#4163 = CARTESIAN_POINT('',(37.5,416.45,67.5));
#4164 = LINE('',#4165,#4166);
#4165 = CARTESIAN_POINT('',(37.5,416.45,48.75));
#4166 = VECTOR('',#4167,1.);
#4167 = DIRECTION('',(0.,0.,-1.));
#4168 = ORIENTED_EDGE('',*,*,#4169,.T.);
#4169 = EDGE_CURVE('',#4162,#4170,#4172,.T.);
#4170 = VERTEX_POINT('',#4171);
#4171 = CARTESIAN_POINT('',(512.5,416.45,67.5));
#4172 = LINE('',#4173,#4174);
#4173 = CARTESIAN_POINT('',(18.75,416.45,67.5));
#4174 = VECTOR('',#4175,1.);
#4175 = DIRECTION('',(1.,0.,0.));
#4176 = ORIENTED_EDGE('',*,*,#4177,.F.);
#4177 = EDGE_CURVE('',#4154,#4170,#4178,.T.);
#4178 = LINE('',#4179,#4180);
#4179 = CARTESIAN_POINT('',(512.5,416.45,48.75));
#4180 = VECTOR('',#4181,1.);
#4181 = DIRECTION('',(0.,0.,-1.));
#4182 = FACE_BOUND('',#4183,.T.);
#4183 = EDGE_LOOP('',(#4184));
#4184 = ORIENTED_EDGE('',*,*,#4185,.F.);
#4185 = EDGE_CURVE('',#4186,#4186,#4188,.T.);
#4186 = VERTEX_POINT('',#4187);
#4187 = CARTESIAN_POINT('',(275.,416.45,562.75));
#4188 = CIRCLE('',#4189,2.75);
#4189 = AXIS2_PLACEMENT_3D('',#4190,#4191,#4192);
#4190 = CARTESIAN_POINT('',(275.,416.45,560.));
#4191 = DIRECTION('',(0.,1.,0.));
#4192 = DIRECTION('',(0.,0.,1.));
#4193 = FACE_BOUND('',#4194,.T.);
#4194 = EDGE_LOOP('',(#4195));
#4195 = ORIENTED_EDGE('',*,*,#4196,.F.);
#4196 = EDGE_CURVE('',#4197,#4197,#4199,.T.);
#4197 = VERTEX_POINT('',#4198);
#4198 = CARTESIAN_POINT('',(530.,416.45,307.75));
#4199 = CIRCLE('',#4200,2.75);
#4200 = AXIS2_PLACEMENT_3D('',#4201,#4202,#4203);
#4201 = CARTESIAN_POINT('',(530.,416.45,305.));
#4202 = DIRECTION('',(0.,1.,0.));
#4203 = DIRECTION('',(0.,0.,1.));
#4204 = FACE_BOUND('',#4205,.T.);
#4205 = EDGE_LOOP('',(#4206));
#4206 = ORIENTED_EDGE('',*,*,#4207,.F.);
#4207 = EDGE_CURVE('',#4208,#4208,#4210,.T.);
#4208 = VERTEX_POINT('',#4209);
#4209 = CARTESIAN_POINT('',(530.,416.45,557.75));
#4210 = CIRCLE('',#4211,2.75);
#4211 = AXIS2_PLACEMENT_3D('',#4212,#4213,#4214);
#4212 = CARTESIAN_POINT('',(530.,416.45,555.));
#4213 = DIRECTION('',(0.,1.,0.));
#4214 = DIRECTION('',(0.,0.,1.));
#4215 = PLANE('',#4216);
#4216 = AXIS2_PLACEMENT_3D('',#4217,#4218,#4219);
#4217 = CARTESIAN_POINT('',(0.,416.45,30.));
#4218 = DIRECTION('',(0.,1.,0.));
#4219 = DIRECTION('',(0.,0.,1.));
#4220 = ADVANCED_FACE('',(#4221),#4232,.F.);
#4221 = FACE_BOUND('',#4222,.F.);
#4222 = EDGE_LOOP('',(#4223,#4224,#4225,#4231));
#4223 = ORIENTED_EDGE('',*,*,#3871,.F.);
#4224 = ORIENTED_EDGE('',*,*,#3901,.T.);
#4225 = ORIENTED_EDGE('',*,*,#4226,.T.);
#4226 = EDGE_CURVE('',#3902,#4079,#4227,.T.);
#4227 = LINE('',#4228,#4229);
#4228 = CARTESIAN_POINT('',(550.,407.45,30.));
#4229 = VECTOR('',#4230,1.);
#4230 = DIRECTION('',(0.,1.,0.));
#4231 = ORIENTED_EDGE('',*,*,#4078,.F.);
#4232 = PLANE('',#4233);
#4233 = AXIS2_PLACEMENT_3D('',#4234,#4235,#4236);
#4234 = CARTESIAN_POINT('',(0.,407.45,30.));
#4235 = DIRECTION('',(0.,0.,1.));
#4236 = DIRECTION('',(1.,0.,0.));
#4237 = ADVANCED_FACE('',(#4238),#4244,.T.);
#4238 = FACE_BOUND('',#4239,.T.);
#4239 = EDGE_LOOP('',(#4240,#4241,#4242,#4243));
#4240 = ORIENTED_EDGE('',*,*,#3918,.F.);
#4241 = ORIENTED_EDGE('',*,*,#4226,.T.);
#4242 = ORIENTED_EDGE('',*,*,#4088,.T.);
#4243 = ORIENTED_EDGE('',*,*,#4056,.F.);
#4244 = PLANE('',#4245);
#4245 = AXIS2_PLACEMENT_3D('',#4246,#4247,#4248);
#4246 = CARTESIAN_POINT('',(550.,407.45,30.));
#4247 = DIRECTION('',(1.,0.,0.));
#4248 = DIRECTION('',(0.,0.,1.));
#4249 = ADVANCED_FACE('',(#4250),#4261,.F.);
#4250 = FACE_BOUND('',#4251,.F.);
#4251 = EDGE_LOOP('',(#4252,#4253,#4259,#4260));
#4252 = ORIENTED_EDGE('',*,*,#4096,.F.);
#4253 = ORIENTED_EDGE('',*,*,#4254,.F.);
#4254 = EDGE_CURVE('',#3927,#4097,#4255,.T.);
#4255 = LINE('',#4256,#4257);
#4256 = CARTESIAN_POINT('',(20.,406.45,57.75));
#4257 = VECTOR('',#4258,1.);
#4258 = DIRECTION('',(0.,1.,0.));
#4259 = ORIENTED_EDGE('',*,*,#3926,.T.);
#4260 = ORIENTED_EDGE('',*,*,#4254,.T.);
#4261 = CYLINDRICAL_SURFACE('',#4262,2.75);
#4262 = AXIS2_PLACEMENT_3D('',#4263,#4264,#4265);
#4263 = CARTESIAN_POINT('',(20.,406.45,55.));
#4264 = DIRECTION('',(0.,1.,0.));
#4265 = DIRECTION('',(0.,0.,1.));
#4266 = ADVANCED_FACE('',(#4267),#4278,.F.);
#4267 = FACE_BOUND('',#4268,.F.);
#4268 = EDGE_LOOP('',(#4269,#4270,#4276,#4277));
#4269 = ORIENTED_EDGE('',*,*,#4107,.F.);
#4270 = ORIENTED_EDGE('',*,*,#4271,.F.);
#4271 = EDGE_CURVE('',#3938,#4108,#4272,.T.);
#4272 = LINE('',#4273,#4274);
#4273 = CARTESIAN_POINT('',(20.,406.45,307.75));
#4274 = VECTOR('',#4275,1.);
#4275 = DIRECTION('',(0.,1.,0.));
#4276 = ORIENTED_EDGE('',*,*,#3937,.T.);
#4277 = ORIENTED_EDGE('',*,*,#4271,.T.);
#4278 = CYLINDRICAL_SURFACE('',#4279,2.75);
#4279 = AXIS2_PLACEMENT_3D('',#4280,#4281,#4282);
#4280 = CARTESIAN_POINT('',(20.,406.45,305.));
#4281 = DIRECTION('',(0.,1.,0.));
#4282 = DIRECTION('',(0.,0.,1.));
#4283 = ADVANCED_FACE('',(#4284),#4295,.F.);
#4284 = FACE_BOUND('',#4285,.F.);
#4285 = EDGE_LOOP('',(#4286,#4287,#4293,#4294));
#4286 = ORIENTED_EDGE('',*,*,#4118,.F.);
#4287 = ORIENTED_EDGE('',*,*,#4288,.F.);
#4288 = EDGE_CURVE('',#3949,#4119,#4289,.T.);
#4289 = LINE('',#4290,#4291);
#4290 = CARTESIAN_POINT('',(20.,406.45,557.75));
#4291 = VECTOR('',#4292,1.);
#4292 = DIRECTION('',(0.,1.,0.));
#4293 = ORIENTED_EDGE('',*,*,#3948,.T.);
#4294 = ORIENTED_EDGE('',*,*,#4288,.T.);
#4295 = CYLINDRICAL_SURFACE('',#4296,2.75);
#4296 = AXIS2_PLACEMENT_3D('',#4297,#4298,#4299);
#4297 = CARTESIAN_POINT('',(20.,406.45,555.));
#4298 = DIRECTION('',(0.,1.,0.));
#4299 = DIRECTION('',(0.,0.,1.));
#4300 = ADVANCED_FACE('',(#4301),#4312,.F.);
#4301 = FACE_BOUND('',#4302,.F.);
#4302 = EDGE_LOOP('',(#4303,#4304,#4310,#4311));
#4303 = ORIENTED_EDGE('',*,*,#4129,.F.);
#4304 = ORIENTED_EDGE('',*,*,#4305,.F.);
#4305 = EDGE_CURVE('',#3960,#4130,#4306,.T.);
#4306 = LINE('',#4307,#4308);
#4307 = CARTESIAN_POINT('',(275.,406.45,52.75));
#4308 = VECTOR('',#4309,1.);
#4309 = DIRECTION('',(0.,1.,0.));
#4310 = ORIENTED_EDGE('',*,*,#3959,.T.);
#4311 = ORIENTED_EDGE('',*,*,#4305,.T.);
#4312 = CYLINDRICAL_SURFACE('',#4313,2.75);
#4313 = AXIS2_PLACEMENT_3D('',#4314,#4315,#4316);
#4314 = CARTESIAN_POINT('',(275.,406.45,50.));
#4315 = DIRECTION('',(0.,1.,0.));
#4316 = DIRECTION('',(0.,0.,1.));
#4317 = ADVANCED_FACE('',(#4318),#4329,.F.);
#4318 = FACE_BOUND('',#4319,.F.);
#4319 = EDGE_LOOP('',(#4320,#4321,#4327,#4328));
#4320 = ORIENTED_EDGE('',*,*,#4140,.F.);
#4321 = ORIENTED_EDGE('',*,*,#4322,.F.);
#4322 = EDGE_CURVE('',#3971,#4141,#4323,.T.);
#4323 = LINE('',#4324,#4325);
#4324 = CARTESIAN_POINT('',(530.,406.45,57.75));
#4325 = VECTOR('',#4326,1.);
#4326 = DIRECTION('',(0.,1.,0.));
#4327 = ORIENTED_EDGE('',*,*,#3970,.T.);
#4328 = ORIENTED_EDGE('',*,*,#4322,.T.);
#4329 = CYLINDRICAL_SURFACE('',#4330,2.75);
#4330 = AXIS2_PLACEMENT_3D('',#4331,#4332,#4333);
#4331 = CARTESIAN_POINT('',(530.,406.45,55.));
#4332 = DIRECTION('',(0.,1.,0.));
#4333 = DIRECTION('',(0.,0.,1.));
#4334 = ADVANCED_FACE('',(#4335),#4351,.F.);
#4335 = FACE_BOUND('',#4336,.F.);
#4336 = EDGE_LOOP('',(#4337,#4343,#4344,#4350));
#4337 = ORIENTED_EDGE('',*,*,#4338,.F.);
#4338 = EDGE_CURVE('',#3982,#4152,#4339,.T.);
#4339 = LINE('',#4340,#4341);
#4340 = CARTESIAN_POINT('',(37.5,406.45,542.5));
#4341 = VECTOR('',#4342,1.);
#4342 = DIRECTION('',(0.,1.,0.));
#4343 = ORIENTED_EDGE('',*,*,#3981,.T.);
#4344 = ORIENTED_EDGE('',*,*,#4345,.T.);
#4345 = EDGE_CURVE('',#3984,#4154,#4346,.T.);
#4346 = LINE('',#4347,#4348);
#4347 = CARTESIAN_POINT('',(512.5,406.45,542.5));
#4348 = VECTOR('',#4349,1.);
#4349 = DIRECTION('',(0.,1.,0.));
#4350 = ORIENTED_EDGE('',*,*,#4151,.F.);
#4351 = PLANE('',#4352);
#4352 = AXIS2_PLACEMENT_3D('',#4353,#4354,#4355);
#4353 = CARTESIAN_POINT('',(37.5,406.45,542.5));
#4354 = DIRECTION('',(0.,0.,1.));
#4355 = DIRECTION('',(1.,0.,0.));
#4356 = ADVANCED_FACE('',(#4357),#4368,.T.);
#4357 = FACE_BOUND('',#4358,.T.);
#4358 = EDGE_LOOP('',(#4359,#4360,#4361,#4367));
#4359 = ORIENTED_EDGE('',*,*,#4338,.F.);
#4360 = ORIENTED_EDGE('',*,*,#3991,.T.);
#4361 = ORIENTED_EDGE('',*,*,#4362,.T.);
#4362 = EDGE_CURVE('',#3992,#4162,#4363,.T.);
#4363 = LINE('',#4364,#4365);
#4364 = CARTESIAN_POINT('',(37.5,406.45,67.5));
#4365 = VECTOR('',#4366,1.);
#4366 = DIRECTION('',(0.,1.,0.));
#4367 = ORIENTED_EDGE('',*,*,#4161,.F.);
#4368 = PLANE('',#4369);
#4369 = AXIS2_PLACEMENT_3D('',#4370,#4371,#4372);
#4370 = CARTESIAN_POINT('',(37.5,406.45,67.5));
#4371 = DIRECTION('',(1.,0.,0.));
#4372 = DIRECTION('',(0.,0.,1.));
#4373 = ADVANCED_FACE('',(#4374),#4385,.F.);
#4374 = FACE_BOUND('',#4375,.F.);
#4375 = EDGE_LOOP('',(#4376,#4377,#4378,#4384));
#4376 = ORIENTED_EDGE('',*,*,#4345,.F.);
#4377 = ORIENTED_EDGE('',*,*,#4007,.T.);
#4378 = ORIENTED_EDGE('',*,*,#4379,.T.);
#4379 = EDGE_CURVE('',#4000,#4170,#4380,.T.);
#4380 = LINE('',#4381,#4382);
#4381 = CARTESIAN_POINT('',(512.5,406.45,67.5));
#4382 = VECTOR('',#4383,1.);
#4383 = DIRECTION('',(0.,1.,0.));
#4384 = ORIENTED_EDGE('',*,*,#4177,.F.);
#4385 = PLANE('',#4386);
#4386 = AXIS2_PLACEMENT_3D('',#4387,#4388,#4389);
#4387 = CARTESIAN_POINT('',(512.5,406.45,67.5));
#4388 = DIRECTION('',(1.,0.,0.));
#4389 = DIRECTION('',(0.,0.,1.));
#4390 = ADVANCED_FACE('',(#4391),#4397,.T.);
#4391 = FACE_BOUND('',#4392,.T.);
#4392 = EDGE_LOOP('',(#4393,#4394,#4395,#4396));
#4393 = ORIENTED_EDGE('',*,*,#4362,.F.);
#4394 = ORIENTED_EDGE('',*,*,#3999,.T.);
#4395 = ORIENTED_EDGE('',*,*,#4379,.T.);
#4396 = ORIENTED_EDGE('',*,*,#4169,.F.);
#4397 = PLANE('',#4398);
#4398 = AXIS2_PLACEMENT_3D('',#4399,#4400,#4401);
#4399 = CARTESIAN_POINT('',(37.5,406.45,67.5));
#4400 = DIRECTION('',(0.,0.,1.));
#4401 = DIRECTION('',(1.,0.,0.));
#4402 = ADVANCED_FACE('',(#4403),#4414,.F.);
#4403 = FACE_BOUND('',#4404,.F.);
#4404 = EDGE_LOOP('',(#4405,#4406,#4412,#4413));
#4405 = ORIENTED_EDGE('',*,*,#4185,.F.);
#4406 = ORIENTED_EDGE('',*,*,#4407,.F.);
#4407 = EDGE_CURVE('',#4016,#4186,#4408,.T.);
#4408 = LINE('',#4409,#4410);
#4409 = CARTESIAN_POINT('',(275.,406.45,562.75));
#4410 = VECTOR('',#4411,1.);
#4411 = DIRECTION('',(0.,1.,0.));
#4412 = ORIENTED_EDGE('',*,*,#4015,.T.);
#4413 = ORIENTED_EDGE('',*,*,#4407,.T.);
#4414 = CYLINDRICAL_SURFACE('',#4415,2.75);
#4415 = AXIS2_PLACEMENT_3D('',#4416,#4417,#4418);
#4416 = CARTESIAN_POINT('',(275.,406.45,560.));
#4417 = DIRECTION('',(0.,1.,0.));
#4418 = DIRECTION('',(0.,0.,1.));
#4419 = ADVANCED_FACE('',(#4420),#4431,.F.);
#4420 = FACE_BOUND('',#4421,.F.);
#4421 = EDGE_LOOP('',(#4422,#4423,#4429,#4430));
#4422 = ORIENTED_EDGE('',*,*,#4196,.F.);
#4423 = ORIENTED_EDGE('',*,*,#4424,.F.);
#4424 = EDGE_CURVE('',#4027,#4197,#4425,.T.);
#4425 = LINE('',#4426,#4427);
#4426 = CARTESIAN_POINT('',(530.,406.45,307.75));
#4427 = VECTOR('',#4428,1.);
#4428 = DIRECTION('',(0.,1.,0.));
#4429 = ORIENTED_EDGE('',*,*,#4026,.T.);
#4430 = ORIENTED_EDGE('',*,*,#4424,.T.);
#4431 = CYLINDRICAL_SURFACE('',#4432,2.75);
#4432 = AXIS2_PLACEMENT_3D('',#4433,#4434,#4435);
#4433 = CARTESIAN_POINT('',(530.,406.45,305.));
#4434 = DIRECTION('',(0.,1.,0.));
#4435 = DIRECTION('',(0.,0.,1.));
#4436 = ADVANCED_FACE('',(#4437),#4448,.F.);
#4437 = FACE_BOUND('',#4438,.F.);
#4438 = EDGE_LOOP('',(#4439,#4440,#4446,#4447));
#4439 = ORIENTED_EDGE('',*,*,#4207,.F.);
#4440 = ORIENTED_EDGE('',*,*,#4441,.F.);
#4441 = EDGE_CURVE('',#4038,#4208,#4442,.T.);
#4442 = LINE('',#4443,#4444);
#4443 = CARTESIAN_POINT('',(530.,406.45,557.75));
#4444 = VECTOR('',#4445,1.);
#4445 = DIRECTION('',(0.,1.,0.));
#4446 = ORIENTED_EDGE('',*,*,#4037,.T.);
#4447 = ORIENTED_EDGE('',*,*,#4441,.T.);
#4448 = CYLINDRICAL_SURFACE('',#4449,2.75);
#4449 = AXIS2_PLACEMENT_3D('',#4450,#4451,#4452);
#4450 = CARTESIAN_POINT('',(530.,406.45,555.));
#4451 = DIRECTION('',(0.,1.,0.));
#4452 = DIRECTION('',(0.,0.,1.));
#4453 = MANIFOLD_SOLID_BREP('',#4454);
#4454 = CLOSED_SHELL('',(#4455,#4488,#4497));
#4455 = ADVANCED_FACE('',(#4456),#4483,.T.);
#4456 = FACE_BOUND('',#4457,.T.);
#4457 = EDGE_LOOP('',(#4458,#4467,#4475,#4482));
#4458 = ORIENTED_EDGE('',*,*,#4459,.F.);
#4459 = EDGE_CURVE('',#4460,#4460,#4462,.T.);
#4460 = VERTEX_POINT('',#4461);
#4461 = CARTESIAN_POINT('',(20.,425.,57.5));
#4462 = CIRCLE('',#4463,2.5);
#4463 = AXIS2_PLACEMENT_3D('',#4464,#4465,#4466);
#4464 = CARTESIAN_POINT('',(20.,425.,55.));
#4465 = DIRECTION('',(0.,1.,0.));
#4466 = DIRECTION('',(0.,0.,1.));
#4467 = ORIENTED_EDGE('',*,*,#4468,.F.);
#4468 = EDGE_CURVE('',#4469,#4460,#4471,.T.);
#4469 = VERTEX_POINT('',#4470);
#4470 = CARTESIAN_POINT('',(20.,325.,57.5));
#4471 = LINE('',#4472,#4473);
#4472 = CARTESIAN_POINT('',(20.,325.,57.5));
#4473 = VECTOR('',#4474,1.);
#4474 = DIRECTION('',(0.,1.,0.));
#4475 = ORIENTED_EDGE('',*,*,#4476,.T.);
#4476 = EDGE_CURVE('',#4469,#4469,#4477,.T.);
#4477 = CIRCLE('',#4478,2.5);
#4478 = AXIS2_PLACEMENT_3D('',#4479,#4480,#4481);
#4479 = CARTESIAN_POINT('',(20.,325.,55.));
#4480 = DIRECTION('',(0.,1.,0.));
#4481 = DIRECTION('',(0.,0.,1.));
#4482 = ORIENTED_EDGE('',*,*,#4468,.T.);
#4483 = CYLINDRICAL_SURFACE('',#4484,2.5);
#4484 = AXIS2_PLACEMENT_3D('',#4485,#4486,#4487);
#4485 = CARTESIAN_POINT('',(20.,325.,55.));
#4486 = DIRECTION('',(0.,1.,0.));
#4487 = DIRECTION('',(0.,0.,1.));
#4488 = ADVANCED_FACE('',(#4489),#4492,.T.);
#4489 = FACE_BOUND('',#4490,.T.);
#4490 = EDGE_LOOP('',(#4491));
#4491 = ORIENTED_EDGE('',*,*,#4459,.T.);
#4492 = PLANE('',#4493);
#4493 = AXIS2_PLACEMENT_3D('',#4494,#4495,#4496);
#4494 = CARTESIAN_POINT('',(20.,425.,55.));
#4495 = DIRECTION('',(0.,1.,0.));
#4496 = DIRECTION('',(0.,0.,1.));
#4497 = ADVANCED_FACE('',(#4498),#4501,.F.);
#4498 = FACE_BOUND('',#4499,.T.);
#4499 = EDGE_LOOP('',(#4500));
#4500 = ORIENTED_EDGE('',*,*,#4476,.F.);
#4501 = PLANE('',#4502);
#4502 = AXIS2_PLACEMENT_3D('',#4503,#4504,#4505);
#4503 = CARTESIAN_POINT('',(20.,325.,55.));
#4504 = DIRECTION('',(0.,1.,0.));
#4505 = DIRECTION('',(0.,0.,1.));
#4506 = MANIFOLD_SOLID_BREP('',#4507);
#4507 = CLOSED_SHELL('',(#4508,#4541,#4550));
#4508 = ADVANCED_FACE('',(#4509),#4536,.T.);
#4509 = FACE_BOUND('',#4510,.T.);
#4510 = EDGE_LOOP('',(#4511,#4520,#4528,#4535));
#4511 = ORIENTED_EDGE('',*,*,#4512,.F.);
#4512 = EDGE_CURVE('',#4513,#4513,#4515,.T.);
#4513 = VERTEX_POINT('',#4514);
#4514 = CARTESIAN_POINT('',(20.,425.,307.5));
#4515 = CIRCLE('',#4516,2.5);
#4516 = AXIS2_PLACEMENT_3D('',#4517,#4518,#4519);
#4517 = CARTESIAN_POINT('',(20.,425.,305.));
#4518 = DIRECTION('',(0.,1.,0.));
#4519 = DIRECTION('',(0.,0.,1.));
#4520 = ORIENTED_EDGE('',*,*,#4521,.F.);
#4521 = EDGE_CURVE('',#4522,#4513,#4524,.T.);
#4522 = VERTEX_POINT('',#4523);
#4523 = CARTESIAN_POINT('',(20.,325.,307.5));
#4524 = LINE('',#4525,#4526);
#4525 = CARTESIAN_POINT('',(20.,325.,307.5));
#4526 = VECTOR('',#4527,1.);
#4527 = DIRECTION('',(0.,1.,0.));
#4528 = ORIENTED_EDGE('',*,*,#4529,.T.);
#4529 = EDGE_CURVE('',#4522,#4522,#4530,.T.);
#4530 = CIRCLE('',#4531,2.5);
#4531 = AXIS2_PLACEMENT_3D('',#4532,#4533,#4534);
#4532 = CARTESIAN_POINT('',(20.,325.,305.));
#4533 = DIRECTION('',(0.,1.,0.));
#4534 = DIRECTION('',(0.,0.,1.));
#4535 = ORIENTED_EDGE('',*,*,#4521,.T.);
#4536 = CYLINDRICAL_SURFACE('',#4537,2.5);
#4537 = AXIS2_PLACEMENT_3D('',#4538,#4539,#4540);
#4538 = CARTESIAN_POINT('',(20.,325.,305.));
#4539 = DIRECTION('',(0.,1.,0.));
#4540 = DIRECTION('',(0.,0.,1.));
#4541 = ADVANCED_FACE('',(#4542),#4545,.T.);
#4542 = FACE_BOUND('',#4543,.T.);
#4543 = EDGE_LOOP('',(#4544));
#4544 = ORIENTED_EDGE('',*,*,#4512,.T.);
#4545 = PLANE('',#4546);
#4546 = AXIS2_PLACEMENT_3D('',#4547,#4548,#4549);
#4547 = CARTESIAN_POINT('',(20.,425.,305.));
#4548 = DIRECTION('',(0.,1.,0.));
#4549 = DIRECTION('',(0.,0.,1.));
#4550 = ADVANCED_FACE('',(#4551),#4554,.F.);
#4551 = FACE_BOUND('',#4552,.T.);
#4552 = EDGE_LOOP('',(#4553));
#4553 = ORIENTED_EDGE('',*,*,#4529,.F.);
#4554 = PLANE('',#4555);
#4555 = AXIS2_PLACEMENT_3D('',#4556,#4557,#4558);
#4556 = CARTESIAN_POINT('',(20.,325.,305.));
#4557 = DIRECTION('',(0.,1.,0.));
#4558 = DIRECTION('',(0.,0.,1.));
#4559 = MANIFOLD_SOLID_BREP('',#4560);
#4560 = CLOSED_SHELL('',(#4561,#4594,#4603));
#4561 = ADVANCED_FACE('',(#4562),#4589,.T.);
#4562 = FACE_BOUND('',#4563,.T.);
#4563 = EDGE_LOOP('',(#4564,#4573,#4581,#4588));
#4564 = ORIENTED_EDGE('',*,*,#4565,.F.);
#4565 = EDGE_CURVE('',#4566,#4566,#4568,.T.);
#4566 = VERTEX_POINT('',#4567);
#4567 = CARTESIAN_POINT('',(20.,425.,557.5));
#4568 = CIRCLE('',#4569,2.5);
#4569 = AXIS2_PLACEMENT_3D('',#4570,#4571,#4572);
#4570 = CARTESIAN_POINT('',(20.,425.,555.));
#4571 = DIRECTION('',(0.,1.,0.));
#4572 = DIRECTION('',(0.,0.,1.));
#4573 = ORIENTED_EDGE('',*,*,#4574,.F.);
#4574 = EDGE_CURVE('',#4575,#4566,#4577,.T.);
#4575 = VERTEX_POINT('',#4576);
#4576 = CARTESIAN_POINT('',(20.,325.,557.5));
#4577 = LINE('',#4578,#4579);
#4578 = CARTESIAN_POINT('',(20.,325.,557.5));
#4579 = VECTOR('',#4580,1.);
#4580 = DIRECTION('',(0.,1.,0.));
#4581 = ORIENTED_EDGE('',*,*,#4582,.T.);
#4582 = EDGE_CURVE('',#4575,#4575,#4583,.T.);
#4583 = CIRCLE('',#4584,2.5);
#4584 = AXIS2_PLACEMENT_3D('',#4585,#4586,#4587);
#4585 = CARTESIAN_POINT('',(20.,325.,555.));
#4586 = DIRECTION('',(0.,1.,0.));
#4587 = DIRECTION('',(0.,0.,1.));
#4588 = ORIENTED_EDGE('',*,*,#4574,.T.);
#4589 = CYLINDRICAL_SURFACE('',#4590,2.5);
#4590 = AXIS2_PLACEMENT_3D('',#4591,#4592,#4593);
#4591 = CARTESIAN_POINT('',(20.,325.,555.));
#4592 = DIRECTION('',(0.,1.,0.));
#4593 = DIRECTION('',(0.,0.,1.));
#4594 = ADVANCED_FACE('',(#4595),#4598,.T.);
#4595 = FACE_BOUND('',#4596,.T.);
#4596 = EDGE_LOOP('',(#4597));
#4597 = ORIENTED_EDGE('',*,*,#4565,.T.);
#4598 = PLANE('',#4599);
#4599 = AXIS2_PLACEMENT_3D('',#4600,#4601,#4602);
#4600 = CARTESIAN_POINT('',(20.,425.,555.));
#4601 = DIRECTION('',(0.,1.,0.));
#4602 = DIRECTION('',(0.,0.,1.));
#4603 = ADVANCED_FACE('',(#4604),#4607,.F.);
#4604 = FACE_BOUND('',#4605,.T.);
#4605 = EDGE_LOOP('',(#4606));
#4606 = ORIENTED_EDGE('',*,*,#4582,.F.);
#4607 = PLANE('',#4608);
#4608 = AXIS2_PLACEMENT_3D('',#4609,#4610,#4611);
#4609 = CARTESIAN_POINT('',(20.,325.,555.));
#4610 = DIRECTION('',(0.,1.,0.));
#4611 = DIRECTION('',(0.,0.,1.));
#4612 = MANIFOLD_SOLID_BREP('',#4613);
#4613 = CLOSED_SHELL('',(#4614,#4647,#4656));
#4614 = ADVANCED_FACE('',(#4615),#4642,.T.);
#4615 = FACE_BOUND('',#4616,.T.);
#4616 = EDGE_LOOP('',(#4617,#4626,#4634,#4641));
#4617 = ORIENTED_EDGE('',*,*,#4618,.F.);
#4618 = EDGE_CURVE('',#4619,#4619,#4621,.T.);
#4619 = VERTEX_POINT('',#4620);
#4620 = CARTESIAN_POINT('',(530.,425.,57.5));
#4621 = CIRCLE('',#4622,2.5);
#4622 = AXIS2_PLACEMENT_3D('',#4623,#4624,#4625);
#4623 = CARTESIAN_POINT('',(530.,425.,55.));
#4624 = DIRECTION('',(0.,1.,0.));
#4625 = DIRECTION('',(0.,0.,1.));
#4626 = ORIENTED_EDGE('',*,*,#4627,.F.);
#4627 = EDGE_CURVE('',#4628,#4619,#4630,.T.);
#4628 = VERTEX_POINT('',#4629);
#4629 = CARTESIAN_POINT('',(530.,325.,57.5));
#4630 = LINE('',#4631,#4632);
#4631 = CARTESIAN_POINT('',(530.,325.,57.5));
#4632 = VECTOR('',#4633,1.);
#4633 = DIRECTION('',(0.,1.,0.));
#4634 = ORIENTED_EDGE('',*,*,#4635,.T.);
#4635 = EDGE_CURVE('',#4628,#4628,#4636,.T.);
#4636 = CIRCLE('',#4637,2.5);
#4637 = AXIS2_PLACEMENT_3D('',#4638,#4639,#4640);
#4638 = CARTESIAN_POINT('',(530.,325.,55.));
#4639 = DIRECTION('',(0.,1.,0.));
#4640 = DIRECTION('',(0.,0.,1.));
#4641 = ORIENTED_EDGE('',*,*,#4627,.T.);
#4642 = CYLINDRICAL_SURFACE('',#4643,2.5);
#4643 = AXIS2_PLACEMENT_3D('',#4644,#4645,#4646);
#4644 = CARTESIAN_POINT('',(530.,325.,55.));
#4645 = DIRECTION('',(0.,1.,0.));
#4646 = DIRECTION('',(0.,0.,1.));
#4647 = ADVANCED_FACE('',(#4648),#4651,.T.);
#4648 = FACE_BOUND('',#4649,.T.);
#4649 = EDGE_LOOP('',(#4650));
#4650 = ORIENTED_EDGE('',*,*,#4618,.T.);
#4651 = PLANE('',#4652);
#4652 = AXIS2_PLACEMENT_3D('',#4653,#4654,#4655);
#4653 = CARTESIAN_POINT('',(530.,425.,55.));
#4654 = DIRECTION('',(0.,1.,0.));
#4655 = DIRECTION('',(0.,0.,1.));
#4656 = ADVANCED_FACE('',(#4657),#4660,.F.);
#4657 = FACE_BOUND('',#4658,.T.);
#4658 = EDGE_LOOP('',(#4659));
#4659 = ORIENTED_EDGE('',*,*,#4635,.F.);
#4660 = PLANE('',#4661);
#4661 = AXIS2_PLACEMENT_3D('',#4662,#4663,#4664);
#4662 = CARTESIAN_POINT('',(530.,325.,55.));
#4663 = DIRECTION('',(0.,1.,0.));
#4664 = DIRECTION('',(0.,0.,1.));
#4665 = MANIFOLD_SOLID_BREP('',#4666);
#4666 = CLOSED_SHELL('',(#4667,#4700,#4709));
#4667 = ADVANCED_FACE('',(#4668),#4695,.T.);
#4668 = FACE_BOUND('',#4669,.T.);
#4669 = EDGE_LOOP('',(#4670,#4679,#4687,#4694));
#4670 = ORIENTED_EDGE('',*,*,#4671,.F.);
#4671 = EDGE_CURVE('',#4672,#4672,#4674,.T.);
#4672 = VERTEX_POINT('',#4673);
#4673 = CARTESIAN_POINT('',(530.,425.,307.5));
#4674 = CIRCLE('',#4675,2.5);
#4675 = AXIS2_PLACEMENT_3D('',#4676,#4677,#4678);
#4676 = CARTESIAN_POINT('',(530.,425.,305.));
#4677 = DIRECTION('',(0.,1.,0.));
#4678 = DIRECTION('',(0.,0.,1.));
#4679 = ORIENTED_EDGE('',*,*,#4680,.F.);
#4680 = EDGE_CURVE('',#4681,#4672,#4683,.T.);
#4681 = VERTEX_POINT('',#4682);
#4682 = CARTESIAN_POINT('',(530.,325.,307.5));
#4683 = LINE('',#4684,#4685);
#4684 = CARTESIAN_POINT('',(530.,325.,307.5));
#4685 = VECTOR('',#4686,1.);
#4686 = DIRECTION('',(0.,1.,0.));
#4687 = ORIENTED_EDGE('',*,*,#4688,.T.);
#4688 = EDGE_CURVE('',#4681,#4681,#4689,.T.);
#4689 = CIRCLE('',#4690,2.5);
#4690 = AXIS2_PLACEMENT_3D('',#4691,#4692,#4693);
#4691 = CARTESIAN_POINT('',(530.,325.,305.));
#4692 = DIRECTION('',(0.,1.,0.));
#4693 = DIRECTION('',(0.,0.,1.));
#4694 = ORIENTED_EDGE('',*,*,#4680,.T.);
#4695 = CYLINDRICAL_SURFACE('',#4696,2.5);
#4696 = AXIS2_PLACEMENT_3D('',#4697,#4698,#4699);
#4697 = CARTESIAN_POINT('',(530.,325.,305.));
#4698 = DIRECTION('',(0.,1.,0.));
#4699 = DIRECTION('',(0.,0.,1.));
#4700 = ADVANCED_FACE('',(#4701),#4704,.T.);
#4701 = FACE_BOUND('',#4702,.T.);
#4702 = EDGE_LOOP('',(#4703));
#4703 = ORIENTED_EDGE('',*,*,#4671,.T.);
#4704 = PLANE('',#4705);
#4705 = AXIS2_PLACEMENT_3D('',#4706,#4707,#4708);
#4706 = CARTESIAN_POINT('',(530.,425.,305.));
#4707 = DIRECTION('',(0.,1.,0.));
#4708 = DIRECTION('',(0.,0.,1.));
#4709 = ADVANCED_FACE('',(#4710),#4713,.F.);
#4710 = FACE_BOUND('',#4711,.T.);
#4711 = EDGE_LOOP('',(#4712));
#4712 = ORIENTED_EDGE('',*,*,#4688,.F.);
#4713 = PLANE('',#4714);
#4714 = AXIS2_PLACEMENT_3D('',#4715,#4716,#4717);
#4715 = CARTESIAN_POINT('',(530.,325.,305.));
#4716 = DIRECTION('',(0.,1.,0.));
#4717 = DIRECTION('',(0.,0.,1.));
#4718 = MANIFOLD_SOLID_BREP('',#4719);
#4719 = CLOSED_SHELL('',(#4720,#4753,#4762));
#4720 = ADVANCED_FACE('',(#4721),#4748,.T.);
#4721 = FACE_BOUND('',#4722,.T.);
#4722 = EDGE_LOOP('',(#4723,#4732,#4740,#4747));
#4723 = ORIENTED_EDGE('',*,*,#4724,.F.);
#4724 = EDGE_CURVE('',#4725,#4725,#4727,.T.);
#4725 = VERTEX_POINT('',#4726);
#4726 = CARTESIAN_POINT('',(530.,425.,557.5));
#4727 = CIRCLE('',#4728,2.5);
#4728 = AXIS2_PLACEMENT_3D('',#4729,#4730,#4731);
#4729 = CARTESIAN_POINT('',(530.,425.,555.));
#4730 = DIRECTION('',(0.,1.,0.));
#4731 = DIRECTION('',(0.,0.,1.));
#4732 = ORIENTED_EDGE('',*,*,#4733,.F.);
#4733 = EDGE_CURVE('',#4734,#4725,#4736,.T.);
#4734 = VERTEX_POINT('',#4735);
#4735 = CARTESIAN_POINT('',(530.,325.,557.5));
#4736 = LINE('',#4737,#4738);
#4737 = CARTESIAN_POINT('',(530.,325.,557.5));
#4738 = VECTOR('',#4739,1.);
#4739 = DIRECTION('',(0.,1.,0.));
#4740 = ORIENTED_EDGE('',*,*,#4741,.T.);
#4741 = EDGE_CURVE('',#4734,#4734,#4742,.T.);
#4742 = CIRCLE('',#4743,2.5);
#4743 = AXIS2_PLACEMENT_3D('',#4744,#4745,#4746);
#4744 = CARTESIAN_POINT('',(530.,325.,555.));
#4745 = DIRECTION('',(0.,1.,0.));
#4746 = DIRECTION('',(0.,0.,1.));
#4747 = ORIENTED_EDGE('',*,*,#4733,.T.);
#4748 = CYLINDRICAL_SURFACE('',#4749,2.5);
#4749 = AXIS2_PLACEMENT_3D('',#4750,#4751,#4752);
#4750 = CARTESIAN_POINT('',(530.,325.,555.));
#4751 = DIRECTION('',(0.,1.,0.));
#4752 = DIRECTION('',(0.,0.,1.));
#4753 = ADVANCED_FACE('',(#4754),#4757,.T.);
#4754 = FACE_BOUND('',#4755,.T.);
#4755 = EDGE_LOOP('',(#4756));
#4756 = ORIENTED_EDGE('',*,*,#4724,.T.);
#4757 = PLANE('',#4758);
#4758 = AXIS2_PLACEMENT_3D('',#4759,#4760,#4761);
#4759 = CARTESIAN_POINT('',(530.,425.,555.));
#4760 = DIRECTION('',(0.,1.,0.));
#4761 = DIRECTION('',(0.,0.,1.));
#4762 = ADVANCED_FACE('',(#4763),#4766,.F.);
#4763 = FACE_BOUND('',#4764,.T.);
#4764 = EDGE_LOOP('',(#4765));
#4765 = ORIENTED_EDGE('',*,*,#4741,.F.);
#4766 = PLANE('',#4767);
#4767 = AXIS2_PLACEMENT_3D('',#4768,#4769,#4770);
#4768 = CARTESIAN_POINT('',(530.,325.,555.));
#4769 = DIRECTION('',(0.,1.,0.));
#4770 = DIRECTION('',(0.,0.,1.));
#4771 = MANIFOLD_SOLID_BREP('',#4772);
#4772 = CLOSED_SHELL('',(#4773,#4806,#4815));
#4773 = ADVANCED_FACE('',(#4774),#4801,.T.);
#4774 = FACE_BOUND('',#4775,.T.);
#4775 = EDGE_LOOP('',(#4776,#4785,#4793,#4800));
#4776 = ORIENTED_EDGE('',*,*,#4777,.F.);
#4777 = EDGE_CURVE('',#4778,#4778,#4780,.T.);
#4778 = VERTEX_POINT('',#4779);
#4779 = CARTESIAN_POINT('',(275.,423.,52.5));
#4780 = CIRCLE('',#4781,2.5);
#4781 = AXIS2_PLACEMENT_3D('',#4782,#4783,#4784);
#4782 = CARTESIAN_POINT('',(275.,423.,50.));
#4783 = DIRECTION('',(0.,1.,0.));
#4784 = DIRECTION('',(0.,0.,1.));
#4785 = ORIENTED_EDGE('',*,*,#4786,.F.);
#4786 = EDGE_CURVE('',#4787,#4778,#4789,.T.);
#4787 = VERTEX_POINT('',#4788);
#4788 = CARTESIAN_POINT('',(275.,343.,52.5));
#4789 = LINE('',#4790,#4791);
#4790 = CARTESIAN_POINT('',(275.,343.,52.5));
#4791 = VECTOR('',#4792,1.);
#4792 = DIRECTION('',(0.,1.,0.));
#4793 = ORIENTED_EDGE('',*,*,#4794,.T.);
#4794 = EDGE_CURVE('',#4787,#4787,#4795,.T.);
#4795 = CIRCLE('',#4796,2.5);
#4796 = AXIS2_PLACEMENT_3D('',#4797,#4798,#4799);
#4797 = CARTESIAN_POINT('',(275.,343.,50.));
#4798 = DIRECTION('',(0.,1.,0.));
#4799 = DIRECTION('',(0.,0.,1.));
#4800 = ORIENTED_EDGE('',*,*,#4786,.T.);
#4801 = CYLINDRICAL_SURFACE('',#4802,2.5);
#4802 = AXIS2_PLACEMENT_3D('',#4803,#4804,#4805);
#4803 = CARTESIAN_POINT('',(275.,343.,50.));
#4804 = DIRECTION('',(0.,1.,0.));
#4805 = DIRECTION('',(0.,0.,1.));
#4806 = ADVANCED_FACE('',(#4807),#4810,.T.);
#4807 = FACE_BOUND('',#4808,.T.);
#4808 = EDGE_LOOP('',(#4809));
#4809 = ORIENTED_EDGE('',*,*,#4777,.T.);
#4810 = PLANE('',#4811);
#4811 = AXIS2_PLACEMENT_3D('',#4812,#4813,#4814);
#4812 = CARTESIAN_POINT('',(275.,423.,50.));
#4813 = DIRECTION('',(0.,1.,0.));
#4814 = DIRECTION('',(0.,0.,1.));
#4815 = ADVANCED_FACE('',(#4816),#4819,.F.);
#4816 = FACE_BOUND('',#4817,.T.);
#4817 = EDGE_LOOP('',(#4818));
#4818 = ORIENTED_EDGE('',*,*,#4794,.F.);
#4819 = PLANE('',#4820);
#4820 = AXIS2_PLACEMENT_3D('',#4821,#4822,#4823);
#4821 = CARTESIAN_POINT('',(275.,343.,50.));
#4822 = DIRECTION('',(0.,1.,0.));
#4823 = DIRECTION('',(0.,0.,1.));
#4824 = MANIFOLD_SOLID_BREP('',#4825);
#4825 = CLOSED_SHELL('',(#4826,#4859,#4868));
#4826 = ADVANCED_FACE('',(#4827),#4854,.T.);
#4827 = FACE_BOUND('',#4828,.T.);
#4828 = EDGE_LOOP('',(#4829,#4838,#4846,#4853));
#4829 = ORIENTED_EDGE('',*,*,#4830,.F.);
#4830 = EDGE_CURVE('',#4831,#4831,#4833,.T.);
#4831 = VERTEX_POINT('',#4832);
#4832 = CARTESIAN_POINT('',(275.,423.,562.5));
#4833 = CIRCLE('',#4834,2.5);
#4834 = AXIS2_PLACEMENT_3D('',#4835,#4836,#4837);
#4835 = CARTESIAN_POINT('',(275.,423.,560.));
#4836 = DIRECTION('',(0.,1.,0.));
#4837 = DIRECTION('',(0.,0.,1.));
#4838 = ORIENTED_EDGE('',*,*,#4839,.F.);
#4839 = EDGE_CURVE('',#4840,#4831,#4842,.T.);
#4840 = VERTEX_POINT('',#4841);
#4841 = CARTESIAN_POINT('',(275.,343.,562.5));
#4842 = LINE('',#4843,#4844);
#4843 = CARTESIAN_POINT('',(275.,343.,562.5));
#4844 = VECTOR('',#4845,1.);
#4845 = DIRECTION('',(0.,1.,0.));
#4846 = ORIENTED_EDGE('',*,*,#4847,.T.);
#4847 = EDGE_CURVE('',#4840,#4840,#4848,.T.);
#4848 = CIRCLE('',#4849,2.5);
#4849 = AXIS2_PLACEMENT_3D('',#4850,#4851,#4852);
#4850 = CARTESIAN_POINT('',(275.,343.,560.));
#4851 = DIRECTION('',(0.,1.,0.));
#4852 = DIRECTION('',(0.,0.,1.));
#4853 = ORIENTED_EDGE('',*,*,#4839,.T.);
#4854 = CYLINDRICAL_SURFACE('',#4855,2.5);
#4855 = AXIS2_PLACEMENT_3D('',#4856,#4857,#4858);
#4856 = CARTESIAN_POINT('',(275.,343.,560.));
#4857 = DIRECTION('',(0.,1.,0.));
#4858 = DIRECTION('',(0.,0.,1.));
#4859 = ADVANCED_FACE('',(#4860),#4863,.T.);
#4860 = FACE_BOUND('',#4861,.T.);
#4861 = EDGE_LOOP('',(#4862));
#4862 = ORIENTED_EDGE('',*,*,#4830,.T.);
#4863 = PLANE('',#4864);
#4864 = AXIS2_PLACEMENT_3D('',#4865,#4866,#4867);
#4865 = CARTESIAN_POINT('',(275.,423.,560.));
#4866 = DIRECTION('',(0.,1.,0.));
#4867 = DIRECTION('',(0.,0.,1.));
#4868 = ADVANCED_FACE('',(#4869),#4872,.F.);
#4869 = FACE_BOUND('',#4870,.T.);
#4870 = EDGE_LOOP('',(#4871));
#4871 = ORIENTED_EDGE('',*,*,#4847,.F.);
#4872 = PLANE('',#4873);
#4873 = AXIS2_PLACEMENT_3D('',#4874,#4875,#4876);
#4874 = CARTESIAN_POINT('',(275.,343.,560.));
#4875 = DIRECTION('',(0.,1.,0.));
#4876 = DIRECTION('',(0.,0.,1.));
#4877 = MANIFOLD_SOLID_BREP('',#4878);
#4878 = CLOSED_SHELL('',(#4879,#4919,#4959,#4981,#5003,#5015));
#4879 = ADVANCED_FACE('',(#4880),#4914,.F.);
#4880 = FACE_BOUND('',#4881,.F.);
#4881 = EDGE_LOOP('',(#4882,#4892,#4900,#4908));
#4882 = ORIENTED_EDGE('',*,*,#4883,.F.);
#4883 = EDGE_CURVE('',#4884,#4886,#4888,.T.);
#4884 = VERTEX_POINT('',#4885);
#4885 = CARTESIAN_POINT('',(30.,360.,48.35));
#4886 = VERTEX_POINT('',#4887);
#4887 = CARTESIAN_POINT('',(30.,360.,57.35));
#4888 = LINE('',#4889,#4890);
#4889 = CARTESIAN_POINT('',(30.,360.,48.35));
#4890 = VECTOR('',#4891,1.);
#4891 = DIRECTION('',(0.,0.,1.));
#4892 = ORIENTED_EDGE('',*,*,#4893,.T.);
#4893 = EDGE_CURVE('',#4884,#4894,#4896,.T.);
#4894 = VERTEX_POINT('',#4895);
#4895 = CARTESIAN_POINT('',(30.,407.45,48.35));
#4896 = LINE('',#4897,#4898);
#4897 = CARTESIAN_POINT('',(30.,360.,48.35));
#4898 = VECTOR('',#4899,1.);
#4899 = DIRECTION('',(0.,1.,0.));
#4900 = ORIENTED_EDGE('',*,*,#4901,.T.);
#4901 = EDGE_CURVE('',#4894,#4902,#4904,.T.);
#4902 = VERTEX_POINT('',#4903);
#4903 = CARTESIAN_POINT('',(30.,407.45,57.35));
#4904 = LINE('',#4905,#4906);
#4905 = CARTESIAN_POINT('',(30.,407.45,48.35));
#4906 = VECTOR('',#4907,1.);
#4907 = DIRECTION('',(0.,0.,1.));
#4908 = ORIENTED_EDGE('',*,*,#4909,.F.);
#4909 = EDGE_CURVE('',#4886,#4902,#4910,.T.);
#4910 = LINE('',#4911,#4912);
#4911 = CARTESIAN_POINT('',(30.,360.,57.35));
#4912 = VECTOR('',#4913,1.);
#4913 = DIRECTION('',(0.,1.,0.));
#4914 = PLANE('',#4915);
#4915 = AXIS2_PLACEMENT_3D('',#4916,#4917,#4918);
#4916 = CARTESIAN_POINT('',(30.,360.,48.35));
#4917 = DIRECTION('',(1.,0.,0.));
#4918 = DIRECTION('',(0.,0.,1.));
#4919 = ADVANCED_FACE('',(#4920),#4954,.T.);
#4920 = FACE_BOUND('',#4921,.T.);
#4921 = EDGE_LOOP('',(#4922,#4932,#4940,#4948));
#4922 = ORIENTED_EDGE('',*,*,#4923,.F.);
#4923 = EDGE_CURVE('',#4924,#4926,#4928,.T.);
#4924 = VERTEX_POINT('',#4925);
#4925 = CARTESIAN_POINT('',(265.,360.,48.35));
#4926 = VERTEX_POINT('',#4927);
#4927 = CARTESIAN_POINT('',(265.,360.,57.35));
#4928 = LINE('',#4929,#4930);
#4929 = CARTESIAN_POINT('',(265.,360.,48.35));
#4930 = VECTOR('',#4931,1.);
#4931 = DIRECTION('',(0.,0.,1.));
#4932 = ORIENTED_EDGE('',*,*,#4933,.T.);
#4933 = EDGE_CURVE('',#4924,#4934,#4936,.T.);
#4934 = VERTEX_POINT('',#4935);
#4935 = CARTESIAN_POINT('',(265.,407.45,48.35));
#4936 = LINE('',#4937,#4938);
#4937 = CARTESIAN_POINT('',(265.,360.,48.35));
#4938 = VECTOR('',#4939,1.);
#4939 = DIRECTION('',(0.,1.,0.));
#4940 = ORIENTED_EDGE('',*,*,#4941,.T.);
#4941 = EDGE_CURVE('',#4934,#4942,#4944,.T.);
#4942 = VERTEX_POINT('',#4943);
#4943 = CARTESIAN_POINT('',(265.,407.45,57.35));
#4944 = LINE('',#4945,#4946);
#4945 = CARTESIAN_POINT('',(265.,407.45,48.35));
#4946 = VECTOR('',#4947,1.);
#4947 = DIRECTION('',(0.,0.,1.));
#4948 = ORIENTED_EDGE('',*,*,#4949,.F.);
#4949 = EDGE_CURVE('',#4926,#4942,#4950,.T.);
#4950 = LINE('',#4951,#4952);
#4951 = CARTESIAN_POINT('',(265.,360.,57.35));
#4952 = VECTOR('',#4953,1.);
#4953 = DIRECTION('',(0.,1.,0.));
#4954 = PLANE('',#4955);
#4955 = AXIS2_PLACEMENT_3D('',#4956,#4957,#4958);
#4956 = CARTESIAN_POINT('',(265.,360.,48.35));
#4957 = DIRECTION('',(1.,0.,0.));
#4958 = DIRECTION('',(0.,0.,1.));
#4959 = ADVANCED_FACE('',(#4960),#4976,.F.);
#4960 = FACE_BOUND('',#4961,.F.);
#4961 = EDGE_LOOP('',(#4962,#4968,#4969,#4975));
#4962 = ORIENTED_EDGE('',*,*,#4963,.F.);
#4963 = EDGE_CURVE('',#4884,#4924,#4964,.T.);
#4964 = LINE('',#4965,#4966);
#4965 = CARTESIAN_POINT('',(30.,360.,48.35));
#4966 = VECTOR('',#4967,1.);
#4967 = DIRECTION('',(1.,0.,0.));
#4968 = ORIENTED_EDGE('',*,*,#4883,.T.);
#4969 = ORIENTED_EDGE('',*,*,#4970,.T.);
#4970 = EDGE_CURVE('',#4886,#4926,#4971,.T.);
#4971 = LINE('',#4972,#4973);
#4972 = CARTESIAN_POINT('',(30.,360.,57.35));
#4973 = VECTOR('',#4974,1.);
#4974 = DIRECTION('',(1.,0.,0.));
#4975 = ORIENTED_EDGE('',*,*,#4923,.F.);
#4976 = PLANE('',#4977);
#4977 = AXIS2_PLACEMENT_3D('',#4978,#4979,#4980);
#4978 = CARTESIAN_POINT('',(30.,360.,48.35));
#4979 = DIRECTION('',(0.,1.,0.));
#4980 = DIRECTION('',(0.,0.,1.));
#4981 = ADVANCED_FACE('',(#4982),#4998,.T.);
#4982 = FACE_BOUND('',#4983,.T.);
#4983 = EDGE_LOOP('',(#4984,#4990,#4991,#4997));
#4984 = ORIENTED_EDGE('',*,*,#4985,.F.);
#4985 = EDGE_CURVE('',#4894,#4934,#4986,.T.);
#4986 = LINE('',#4987,#4988);
#4987 = CARTESIAN_POINT('',(30.,407.45,48.35));
#4988 = VECTOR('',#4989,1.);
#4989 = DIRECTION('',(1.,0.,0.));
#4990 = ORIENTED_EDGE('',*,*,#4901,.T.);
#4991 = ORIENTED_EDGE('',*,*,#4992,.T.);
#4992 = EDGE_CURVE('',#4902,#4942,#4993,.T.);
#4993 = LINE('',#4994,#4995);
#4994 = CARTESIAN_POINT('',(30.,407.45,57.35));
#4995 = VECTOR('',#4996,1.);
#4996 = DIRECTION('',(1.,0.,0.));
#4997 = ORIENTED_EDGE('',*,*,#4941,.F.);
#4998 = PLANE('',#4999);
#4999 = AXIS2_PLACEMENT_3D('',#5000,#5001,#5002);
#5000 = CARTESIAN_POINT('',(30.,407.45,48.35));
#5001 = DIRECTION('',(0.,1.,0.));
#5002 = DIRECTION('',(0.,0.,1.));
#5003 = ADVANCED_FACE('',(#5004),#5010,.F.);
#5004 = FACE_BOUND('',#5005,.F.);
#5005 = EDGE_LOOP('',(#5006,#5007,#5008,#5009));
#5006 = ORIENTED_EDGE('',*,*,#4893,.F.);
#5007 = ORIENTED_EDGE('',*,*,#4963,.T.);
#5008 = ORIENTED_EDGE('',*,*,#4933,.T.);
#5009 = ORIENTED_EDGE('',*,*,#4985,.F.);
#5010 = PLANE('',#5011);
#5011 = AXIS2_PLACEMENT_3D('',#5012,#5013,#5014);
#5012 = CARTESIAN_POINT('',(30.,360.,48.35));
#5013 = DIRECTION('',(0.,0.,1.));
#5014 = DIRECTION('',(1.,0.,0.));
#5015 = ADVANCED_FACE('',(#5016),#5022,.T.);
#5016 = FACE_BOUND('',#5017,.T.);
#5017 = EDGE_LOOP('',(#5018,#5019,#5020,#5021));
#5018 = ORIENTED_EDGE('',*,*,#4909,.F.);
#5019 = ORIENTED_EDGE('',*,*,#4970,.T.);
#5020 = ORIENTED_EDGE('',*,*,#4949,.T.);
#5021 = ORIENTED_EDGE('',*,*,#4992,.F.);
#5022 = PLANE('',#5023);
#5023 = AXIS2_PLACEMENT_3D('',#5024,#5025,#5026);
#5024 = CARTESIAN_POINT('',(30.,360.,57.35));
#5025 = DIRECTION('',(0.,0.,1.));
#5026 = DIRECTION('',(1.,0.,0.));
#5027 = MANIFOLD_SOLID_BREP('',#5028);
#5028 = CLOSED_SHELL('',(#5029,#5069,#5109,#5131,#5153,#5165));
#5029 = ADVANCED_FACE('',(#5030),#5064,.F.);
#5030 = FACE_BOUND('',#5031,.F.);
#5031 = EDGE_LOOP('',(#5032,#5042,#5050,#5058));
#5032 = ORIENTED_EDGE('',*,*,#5033,.F.);
#5033 = EDGE_CURVE('',#5034,#5036,#5038,.T.);
#5034 = VERTEX_POINT('',#5035);
#5035 = CARTESIAN_POINT('',(285.,360.,48.35));
#5036 = VERTEX_POINT('',#5037);
#5037 = CARTESIAN_POINT('',(285.,360.,57.35));
#5038 = LINE('',#5039,#5040);
#5039 = CARTESIAN_POINT('',(285.,360.,48.35));
#5040 = VECTOR('',#5041,1.);
#5041 = DIRECTION('',(0.,0.,1.));
#5042 = ORIENTED_EDGE('',*,*,#5043,.T.);
#5043 = EDGE_CURVE('',#5034,#5044,#5046,.T.);
#5044 = VERTEX_POINT('',#5045);
#5045 = CARTESIAN_POINT('',(285.,407.45,48.35));
#5046 = LINE('',#5047,#5048);
#5047 = CARTESIAN_POINT('',(285.,360.,48.35));
#5048 = VECTOR('',#5049,1.);
#5049 = DIRECTION('',(0.,1.,0.));
#5050 = ORIENTED_EDGE('',*,*,#5051,.T.);
#5051 = EDGE_CURVE('',#5044,#5052,#5054,.T.);
#5052 = VERTEX_POINT('',#5053);
#5053 = CARTESIAN_POINT('',(285.,407.45,57.35));
#5054 = LINE('',#5055,#5056);
#5055 = CARTESIAN_POINT('',(285.,407.45,48.35));
#5056 = VECTOR('',#5057,1.);
#5057 = DIRECTION('',(0.,0.,1.));
#5058 = ORIENTED_EDGE('',*,*,#5059,.F.);
#5059 = EDGE_CURVE('',#5036,#5052,#5060,.T.);
#5060 = LINE('',#5061,#5062);
#5061 = CARTESIAN_POINT('',(285.,360.,57.35));
#5062 = VECTOR('',#5063,1.);
#5063 = DIRECTION('',(0.,1.,0.));
#5064 = PLANE('',#5065);
#5065 = AXIS2_PLACEMENT_3D('',#5066,#5067,#5068);
#5066 = CARTESIAN_POINT('',(285.,360.,48.35));
#5067 = DIRECTION('',(1.,0.,0.));
#5068 = DIRECTION('',(0.,0.,1.));
#5069 = ADVANCED_FACE('',(#5070),#5104,.T.);
#5070 = FACE_BOUND('',#5071,.T.);
#5071 = EDGE_LOOP('',(#5072,#5082,#5090,#5098));
#5072 = ORIENTED_EDGE('',*,*,#5073,.F.);
#5073 = EDGE_CURVE('',#5074,#5076,#5078,.T.);
#5074 = VERTEX_POINT('',#5075);
#5075 = CARTESIAN_POINT('',(520.,360.,48.35));
#5076 = VERTEX_POINT('',#5077);
#5077 = CARTESIAN_POINT('',(520.,360.,57.35));
#5078 = LINE('',#5079,#5080);
#5079 = CARTESIAN_POINT('',(520.,360.,48.35));
#5080 = VECTOR('',#5081,1.);
#5081 = DIRECTION('',(0.,0.,1.));
#5082 = ORIENTED_EDGE('',*,*,#5083,.T.);
#5083 = EDGE_CURVE('',#5074,#5084,#5086,.T.);
#5084 = VERTEX_POINT('',#5085);
#5085 = CARTESIAN_POINT('',(520.,407.45,48.35));
#5086 = LINE('',#5087,#5088);
#5087 = CARTESIAN_POINT('',(520.,360.,48.35));
#5088 = VECTOR('',#5089,1.);
#5089 = DIRECTION('',(0.,1.,0.));
#5090 = ORIENTED_EDGE('',*,*,#5091,.T.);
#5091 = EDGE_CURVE('',#5084,#5092,#5094,.T.);
#5092 = VERTEX_POINT('',#5093);
#5093 = CARTESIAN_POINT('',(520.,407.45,57.35));
#5094 = LINE('',#5095,#5096);
#5095 = CARTESIAN_POINT('',(520.,407.45,48.35));
#5096 = VECTOR('',#5097,1.);
#5097 = DIRECTION('',(0.,0.,1.));
#5098 = ORIENTED_EDGE('',*,*,#5099,.F.);
#5099 = EDGE_CURVE('',#5076,#5092,#5100,.T.);
#5100 = LINE('',#5101,#5102);
#5101 = CARTESIAN_POINT('',(520.,360.,57.35));
#5102 = VECTOR('',#5103,1.);
#5103 = DIRECTION('',(0.,1.,0.));
#5104 = PLANE('',#5105);
#5105 = AXIS2_PLACEMENT_3D('',#5106,#5107,#5108);
#5106 = CARTESIAN_POINT('',(520.,360.,48.35));
#5107 = DIRECTION('',(1.,0.,0.));
#5108 = DIRECTION('',(0.,0.,1.));
#5109 = ADVANCED_FACE('',(#5110),#5126,.F.);
#5110 = FACE_BOUND('',#5111,.F.);
#5111 = EDGE_LOOP('',(#5112,#5118,#5119,#5125));
#5112 = ORIENTED_EDGE('',*,*,#5113,.F.);
#5113 = EDGE_CURVE('',#5034,#5074,#5114,.T.);
#5114 = LINE('',#5115,#5116);
#5115 = CARTESIAN_POINT('',(285.,360.,48.35));
#5116 = VECTOR('',#5117,1.);
#5117 = DIRECTION('',(1.,0.,0.));
#5118 = ORIENTED_EDGE('',*,*,#5033,.T.);
#5119 = ORIENTED_EDGE('',*,*,#5120,.T.);
#5120 = EDGE_CURVE('',#5036,#5076,#5121,.T.);
#5121 = LINE('',#5122,#5123);
#5122 = CARTESIAN_POINT('',(285.,360.,57.35));
#5123 = VECTOR('',#5124,1.);
#5124 = DIRECTION('',(1.,0.,0.));
#5125 = ORIENTED_EDGE('',*,*,#5073,.F.);
#5126 = PLANE('',#5127);
#5127 = AXIS2_PLACEMENT_3D('',#5128,#5129,#5130);
#5128 = CARTESIAN_POINT('',(285.,360.,48.35));
#5129 = DIRECTION('',(0.,1.,0.));
#5130 = DIRECTION('',(0.,0.,1.));
#5131 = ADVANCED_FACE('',(#5132),#5148,.T.);
#5132 = FACE_BOUND('',#5133,.T.);
#5133 = EDGE_LOOP('',(#5134,#5140,#5141,#5147));
#5134 = ORIENTED_EDGE('',*,*,#5135,.F.);
#5135 = EDGE_CURVE('',#5044,#5084,#5136,.T.);
#5136 = LINE('',#5137,#5138);
#5137 = CARTESIAN_POINT('',(285.,407.45,48.35));
#5138 = VECTOR('',#5139,1.);
#5139 = DIRECTION('',(1.,0.,0.));
#5140 = ORIENTED_EDGE('',*,*,#5051,.T.);
#5141 = ORIENTED_EDGE('',*,*,#5142,.T.);
#5142 = EDGE_CURVE('',#5052,#5092,#5143,.T.);
#5143 = LINE('',#5144,#5145);
#5144 = CARTESIAN_POINT('',(285.,407.45,57.35));
#5145 = VECTOR('',#5146,1.);
#5146 = DIRECTION('',(1.,0.,0.));
#5147 = ORIENTED_EDGE('',*,*,#5091,.F.);
#5148 = PLANE('',#5149);
#5149 = AXIS2_PLACEMENT_3D('',#5150,#5151,#5152);
#5150 = CARTESIAN_POINT('',(285.,407.45,48.35));
#5151 = DIRECTION('',(0.,1.,0.));
#5152 = DIRECTION('',(0.,0.,1.));
#5153 = ADVANCED_FACE('',(#5154),#5160,.F.);
#5154 = FACE_BOUND('',#5155,.F.);
#5155 = EDGE_LOOP('',(#5156,#5157,#5158,#5159));
#5156 = ORIENTED_EDGE('',*,*,#5043,.F.);
#5157 = ORIENTED_EDGE('',*,*,#5113,.T.);
#5158 = ORIENTED_EDGE('',*,*,#5083,.T.);
#5159 = ORIENTED_EDGE('',*,*,#5135,.F.);
#5160 = PLANE('',#5161);
#5161 = AXIS2_PLACEMENT_3D('',#5162,#5163,#5164);
#5162 = CARTESIAN_POINT('',(285.,360.,48.35));
#5163 = DIRECTION('',(0.,0.,1.));
#5164 = DIRECTION('',(1.,0.,0.));
#5165 = ADVANCED_FACE('',(#5166),#5172,.T.);
#5166 = FACE_BOUND('',#5167,.T.);
#5167 = EDGE_LOOP('',(#5168,#5169,#5170,#5171));
#5168 = ORIENTED_EDGE('',*,*,#5059,.F.);
#5169 = ORIENTED_EDGE('',*,*,#5120,.T.);
#5170 = ORIENTED_EDGE('',*,*,#5099,.T.);
#5171 = ORIENTED_EDGE('',*,*,#5142,.F.);
#5172 = PLANE('',#5173);
#5173 = AXIS2_PLACEMENT_3D('',#5174,#5175,#5176);
#5174 = CARTESIAN_POINT('',(285.,360.,57.35));
#5175 = DIRECTION('',(0.,0.,1.));
#5176 = DIRECTION('',(1.,0.,0.));
#5177 = MANIFOLD_SOLID_BREP('',#5178);
#5178 = CLOSED_SHELL('',(#5179,#5219,#5250,#5329,#5353,#5425,#5437,#5454
    ,#5471,#5488,#5505));
#5179 = ADVANCED_FACE('',(#5180),#5214,.F.);
#5180 = FACE_BOUND('',#5181,.F.);
#5181 = EDGE_LOOP('',(#5182,#5192,#5200,#5208));
#5182 = ORIENTED_EDGE('',*,*,#5183,.F.);
#5183 = EDGE_CURVE('',#5184,#5186,#5188,.T.);
#5184 = VERTEX_POINT('',#5185);
#5185 = CARTESIAN_POINT('',(130.,35.,580.));
#5186 = VERTEX_POINT('',#5187);
#5187 = CARTESIAN_POINT('',(130.,35.,581.));
#5188 = LINE('',#5189,#5190);
#5189 = CARTESIAN_POINT('',(130.,35.,580.));
#5190 = VECTOR('',#5191,1.);
#5191 = DIRECTION('',(0.,0.,1.));
#5192 = ORIENTED_EDGE('',*,*,#5193,.T.);
#5193 = EDGE_CURVE('',#5184,#5194,#5196,.T.);
#5194 = VERTEX_POINT('',#5195);
#5195 = CARTESIAN_POINT('',(130.,175.,580.));
#5196 = LINE('',#5197,#5198);
#5197 = CARTESIAN_POINT('',(130.,35.,580.));
#5198 = VECTOR('',#5199,1.);
#5199 = DIRECTION('',(0.,1.,0.));
#5200 = ORIENTED_EDGE('',*,*,#5201,.T.);
#5201 = EDGE_CURVE('',#5194,#5202,#5204,.T.);
#5202 = VERTEX_POINT('',#5203);
#5203 = CARTESIAN_POINT('',(130.,175.,581.));
#5204 = LINE('',#5205,#5206);
#5205 = CARTESIAN_POINT('',(130.,175.,580.));
#5206 = VECTOR('',#5207,1.);
#5207 = DIRECTION('',(0.,0.,1.));
#5208 = ORIENTED_EDGE('',*,*,#5209,.F.);
#5209 = EDGE_CURVE('',#5186,#5202,#5210,.T.);
#5210 = LINE('',#5211,#5212);
#5211 = CARTESIAN_POINT('',(130.,35.,581.));
#5212 = VECTOR('',#5213,1.);
#5213 = DIRECTION('',(0.,1.,0.));
#5214 = PLANE('',#5215);
#5215 = AXIS2_PLACEMENT_3D('',#5216,#5217,#5218);
#5216 = CARTESIAN_POINT('',(130.,35.,580.));
#5217 = DIRECTION('',(1.,0.,0.));
#5218 = DIRECTION('',(0.,0.,1.));
#5219 = ADVANCED_FACE('',(#5220),#5245,.F.);
#5220 = FACE_BOUND('',#5221,.F.);
#5221 = EDGE_LOOP('',(#5222,#5230,#5231,#5239));
#5222 = ORIENTED_EDGE('',*,*,#5223,.F.);
#5223 = EDGE_CURVE('',#5184,#5224,#5226,.T.);
#5224 = VERTEX_POINT('',#5225);
#5225 = CARTESIAN_POINT('',(270.,35.,580.));
#5226 = LINE('',#5227,#5228);
#5227 = CARTESIAN_POINT('',(130.,35.,580.));
#5228 = VECTOR('',#5229,1.);
#5229 = DIRECTION('',(1.,0.,0.));
#5230 = ORIENTED_EDGE('',*,*,#5183,.T.);
#5231 = ORIENTED_EDGE('',*,*,#5232,.T.);
#5232 = EDGE_CURVE('',#5186,#5233,#5235,.T.);
#5233 = VERTEX_POINT('',#5234);
#5234 = CARTESIAN_POINT('',(270.,35.,581.));
#5235 = LINE('',#5236,#5237);
#5236 = CARTESIAN_POINT('',(130.,35.,581.));
#5237 = VECTOR('',#5238,1.);
#5238 = DIRECTION('',(1.,0.,0.));
#5239 = ORIENTED_EDGE('',*,*,#5240,.F.);
#5240 = EDGE_CURVE('',#5224,#5233,#5241,.T.);
#5241 = LINE('',#5242,#5243);
#5242 = CARTESIAN_POINT('',(270.,35.,580.));
#5243 = VECTOR('',#5244,1.);
#5244 = DIRECTION('',(0.,0.,1.));
#5245 = PLANE('',#5246);
#5246 = AXIS2_PLACEMENT_3D('',#5247,#5248,#5249);
#5247 = CARTESIAN_POINT('',(130.,35.,580.));
#5248 = DIRECTION('',(0.,1.,0.));
#5249 = DIRECTION('',(0.,0.,1.));
#5250 = ADVANCED_FACE('',(#5251,#5269,#5280,#5291,#5302,#5313),#5324,.T.
  );
#5251 = FACE_BOUND('',#5252,.T.);
#5252 = EDGE_LOOP('',(#5253,#5254,#5255,#5263));
#5253 = ORIENTED_EDGE('',*,*,#5209,.F.);
#5254 = ORIENTED_EDGE('',*,*,#5232,.T.);
#5255 = ORIENTED_EDGE('',*,*,#5256,.T.);
#5256 = EDGE_CURVE('',#5233,#5257,#5259,.T.);
#5257 = VERTEX_POINT('',#5258);
#5258 = CARTESIAN_POINT('',(270.,175.,581.));
#5259 = LINE('',#5260,#5261);
#5260 = CARTESIAN_POINT('',(270.,35.,581.));
#5261 = VECTOR('',#5262,1.);
#5262 = DIRECTION('',(0.,1.,0.));
#5263 = ORIENTED_EDGE('',*,*,#5264,.F.);
#5264 = EDGE_CURVE('',#5202,#5257,#5265,.T.);
#5265 = LINE('',#5266,#5267);
#5266 = CARTESIAN_POINT('',(130.,175.,581.));
#5267 = VECTOR('',#5268,1.);
#5268 = DIRECTION('',(1.,0.,0.));
#5269 = FACE_BOUND('',#5270,.T.);
#5270 = EDGE_LOOP('',(#5271));
#5271 = ORIENTED_EDGE('',*,*,#5272,.F.);
#5272 = EDGE_CURVE('',#5273,#5273,#5275,.T.);
#5273 = VERTEX_POINT('',#5274);
#5274 = CARTESIAN_POINT('',(139.75,42.5,581.));
#5275 = CIRCLE('',#5276,2.25);
#5276 = AXIS2_PLACEMENT_3D('',#5277,#5278,#5279);
#5277 = CARTESIAN_POINT('',(137.5,42.5,581.));
#5278 = DIRECTION('',(0.,0.,1.));
#5279 = DIRECTION('',(1.,0.,0.));
#5280 = FACE_BOUND('',#5281,.T.);
#5281 = EDGE_LOOP('',(#5282));
#5282 = ORIENTED_EDGE('',*,*,#5283,.F.);
#5283 = EDGE_CURVE('',#5284,#5284,#5286,.T.);
#5284 = VERTEX_POINT('',#5285);
#5285 = CARTESIAN_POINT('',(264.75,42.5,581.));
#5286 = CIRCLE('',#5287,2.25);
#5287 = AXIS2_PLACEMENT_3D('',#5288,#5289,#5290);
#5288 = CARTESIAN_POINT('',(262.5,42.5,581.));
#5289 = DIRECTION('',(0.,0.,1.));
#5290 = DIRECTION('',(1.,0.,0.));
#5291 = FACE_BOUND('',#5292,.T.);
#5292 = EDGE_LOOP('',(#5293));
#5293 = ORIENTED_EDGE('',*,*,#5294,.F.);
#5294 = EDGE_CURVE('',#5295,#5295,#5297,.T.);
#5295 = VERTEX_POINT('',#5296);
#5296 = CARTESIAN_POINT('',(139.75,167.5,581.));
#5297 = CIRCLE('',#5298,2.25);
#5298 = AXIS2_PLACEMENT_3D('',#5299,#5300,#5301);
#5299 = CARTESIAN_POINT('',(137.5,167.5,581.));
#5300 = DIRECTION('',(0.,0.,1.));
#5301 = DIRECTION('',(1.,0.,0.));
#5302 = FACE_BOUND('',#5303,.T.);
#5303 = EDGE_LOOP('',(#5304));
#5304 = ORIENTED_EDGE('',*,*,#5305,.F.);
#5305 = EDGE_CURVE('',#5306,#5306,#5308,.T.);
#5306 = VERTEX_POINT('',#5307);
#5307 = CARTESIAN_POINT('',(267.1,105.,581.));
#5308 = CIRCLE('',#5309,67.1);
#5309 = AXIS2_PLACEMENT_3D('',#5310,#5311,#5312);
#5310 = CARTESIAN_POINT('',(200.,105.,581.));
#5311 = DIRECTION('',(0.,0.,1.));
#5312 = DIRECTION('',(1.,0.,0.));
#5313 = FACE_BOUND('',#5314,.T.);
#5314 = EDGE_LOOP('',(#5315));
#5315 = ORIENTED_EDGE('',*,*,#5316,.F.);
#5316 = EDGE_CURVE('',#5317,#5317,#5319,.T.);
#5317 = VERTEX_POINT('',#5318);
#5318 = CARTESIAN_POINT('',(264.75,167.5,581.));
#5319 = CIRCLE('',#5320,2.25);
#5320 = AXIS2_PLACEMENT_3D('',#5321,#5322,#5323);
#5321 = CARTESIAN_POINT('',(262.5,167.5,581.));
#5322 = DIRECTION('',(0.,0.,1.));
#5323 = DIRECTION('',(1.,0.,0.));
#5324 = PLANE('',#5325);
#5325 = AXIS2_PLACEMENT_3D('',#5326,#5327,#5328);
#5326 = CARTESIAN_POINT('',(130.,35.,581.));
#5327 = DIRECTION('',(0.,0.,1.));
#5328 = DIRECTION('',(1.,0.,0.));
#5329 = ADVANCED_FACE('',(#5330),#5348,.T.);
#5330 = FACE_BOUND('',#5331,.T.);
#5331 = EDGE_LOOP('',(#5332,#5340,#5341,#5342));
#5332 = ORIENTED_EDGE('',*,*,#5333,.F.);
#5333 = EDGE_CURVE('',#5194,#5334,#5336,.T.);
#5334 = VERTEX_POINT('',#5335);
#5335 = CARTESIAN_POINT('',(270.,175.,580.));
#5336 = LINE('',#5337,#5338);
#5337 = CARTESIAN_POINT('',(130.,175.,580.));
#5338 = VECTOR('',#5339,1.);
#5339 = DIRECTION('',(1.,0.,0.));
#5340 = ORIENTED_EDGE('',*,*,#5201,.T.);
#5341 = ORIENTED_EDGE('',*,*,#5264,.T.);
#5342 = ORIENTED_EDGE('',*,*,#5343,.F.);
#5343 = EDGE_CURVE('',#5334,#5257,#5344,.T.);
#5344 = LINE('',#5345,#5346);
#5345 = CARTESIAN_POINT('',(270.,175.,580.));
#5346 = VECTOR('',#5347,1.);
#5347 = DIRECTION('',(0.,0.,1.));
#5348 = PLANE('',#5349);
#5349 = AXIS2_PLACEMENT_3D('',#5350,#5351,#5352);
#5350 = CARTESIAN_POINT('',(130.,175.,580.));
#5351 = DIRECTION('',(0.,1.,0.));
#5352 = DIRECTION('',(0.,0.,1.));
#5353 = ADVANCED_FACE('',(#5354,#5365,#5376,#5387,#5398,#5409),#5420,.F.
  );
#5354 = FACE_BOUND('',#5355,.F.);
#5355 = EDGE_LOOP('',(#5356,#5357,#5358,#5364));
#5356 = ORIENTED_EDGE('',*,*,#5193,.F.);
#5357 = ORIENTED_EDGE('',*,*,#5223,.T.);
#5358 = ORIENTED_EDGE('',*,*,#5359,.T.);
#5359 = EDGE_CURVE('',#5224,#5334,#5360,.T.);
#5360 = LINE('',#5361,#5362);
#5361 = CARTESIAN_POINT('',(270.,35.,580.));
#5362 = VECTOR('',#5363,1.);
#5363 = DIRECTION('',(0.,1.,0.));
#5364 = ORIENTED_EDGE('',*,*,#5333,.F.);
#5365 = FACE_BOUND('',#5366,.F.);
#5366 = EDGE_LOOP('',(#5367));
#5367 = ORIENTED_EDGE('',*,*,#5368,.F.);
#5368 = EDGE_CURVE('',#5369,#5369,#5371,.T.);
#5369 = VERTEX_POINT('',#5370);
#5370 = CARTESIAN_POINT('',(139.75,42.5,580.));
#5371 = CIRCLE('',#5372,2.25);
#5372 = AXIS2_PLACEMENT_3D('',#5373,#5374,#5375);
#5373 = CARTESIAN_POINT('',(137.5,42.5,580.));
#5374 = DIRECTION('',(0.,0.,1.));
#5375 = DIRECTION('',(1.,0.,0.));
#5376 = FACE_BOUND('',#5377,.F.);
#5377 = EDGE_LOOP('',(#5378));
#5378 = ORIENTED_EDGE('',*,*,#5379,.F.);
#5379 = EDGE_CURVE('',#5380,#5380,#5382,.T.);
#5380 = VERTEX_POINT('',#5381);
#5381 = CARTESIAN_POINT('',(264.75,42.5,580.));
#5382 = CIRCLE('',#5383,2.25);
#5383 = AXIS2_PLACEMENT_3D('',#5384,#5385,#5386);
#5384 = CARTESIAN_POINT('',(262.5,42.5,580.));
#5385 = DIRECTION('',(0.,0.,1.));
#5386 = DIRECTION('',(1.,0.,0.));
#5387 = FACE_BOUND('',#5388,.F.);
#5388 = EDGE_LOOP('',(#5389));
#5389 = ORIENTED_EDGE('',*,*,#5390,.F.);
#5390 = EDGE_CURVE('',#5391,#5391,#5393,.T.);
#5391 = VERTEX_POINT('',#5392);
#5392 = CARTESIAN_POINT('',(139.75,167.5,580.));
#5393 = CIRCLE('',#5394,2.25);
#5394 = AXIS2_PLACEMENT_3D('',#5395,#5396,#5397);
#5395 = CARTESIAN_POINT('',(137.5,167.5,580.));
#5396 = DIRECTION('',(0.,0.,1.));
#5397 = DIRECTION('',(1.,0.,0.));
#5398 = FACE_BOUND('',#5399,.F.);
#5399 = EDGE_LOOP('',(#5400));
#5400 = ORIENTED_EDGE('',*,*,#5401,.F.);
#5401 = EDGE_CURVE('',#5402,#5402,#5404,.T.);
#5402 = VERTEX_POINT('',#5403);
#5403 = CARTESIAN_POINT('',(267.1,105.,580.));
#5404 = CIRCLE('',#5405,67.1);
#5405 = AXIS2_PLACEMENT_3D('',#5406,#5407,#5408);
#5406 = CARTESIAN_POINT('',(200.,105.,580.));
#5407 = DIRECTION('',(0.,0.,1.));
#5408 = DIRECTION('',(1.,0.,0.));
#5409 = FACE_BOUND('',#5410,.F.);
#5410 = EDGE_LOOP('',(#5411));
#5411 = ORIENTED_EDGE('',*,*,#5412,.F.);
#5412 = EDGE_CURVE('',#5413,#5413,#5415,.T.);
#5413 = VERTEX_POINT('',#5414);
#5414 = CARTESIAN_POINT('',(264.75,167.5,580.));
#5415 = CIRCLE('',#5416,2.25);
#5416 = AXIS2_PLACEMENT_3D('',#5417,#5418,#5419);
#5417 = CARTESIAN_POINT('',(262.5,167.5,580.));
#5418 = DIRECTION('',(0.,0.,1.));
#5419 = DIRECTION('',(1.,0.,0.));
#5420 = PLANE('',#5421);
#5421 = AXIS2_PLACEMENT_3D('',#5422,#5423,#5424);
#5422 = CARTESIAN_POINT('',(130.,35.,580.));
#5423 = DIRECTION('',(0.,0.,1.));
#5424 = DIRECTION('',(1.,0.,0.));
#5425 = ADVANCED_FACE('',(#5426),#5432,.T.);
#5426 = FACE_BOUND('',#5427,.T.);
#5427 = EDGE_LOOP('',(#5428,#5429,#5430,#5431));
#5428 = ORIENTED_EDGE('',*,*,#5240,.F.);
#5429 = ORIENTED_EDGE('',*,*,#5359,.T.);
#5430 = ORIENTED_EDGE('',*,*,#5343,.T.);
#5431 = ORIENTED_EDGE('',*,*,#5256,.F.);
#5432 = PLANE('',#5433);
#5433 = AXIS2_PLACEMENT_3D('',#5434,#5435,#5436);
#5434 = CARTESIAN_POINT('',(270.,35.,580.));
#5435 = DIRECTION('',(1.,0.,0.));
#5436 = DIRECTION('',(0.,0.,1.));
#5437 = ADVANCED_FACE('',(#5438),#5449,.F.);
#5438 = FACE_BOUND('',#5439,.F.);
#5439 = EDGE_LOOP('',(#5440,#5441,#5447,#5448));
#5440 = ORIENTED_EDGE('',*,*,#5272,.F.);
#5441 = ORIENTED_EDGE('',*,*,#5442,.F.);
#5442 = EDGE_CURVE('',#5369,#5273,#5443,.T.);
#5443 = LINE('',#5444,#5445);
#5444 = CARTESIAN_POINT('',(139.75,42.5,579.));
#5445 = VECTOR('',#5446,1.);
#5446 = DIRECTION('',(0.,0.,1.));
#5447 = ORIENTED_EDGE('',*,*,#5368,.T.);
#5448 = ORIENTED_EDGE('',*,*,#5442,.T.);
#5449 = CYLINDRICAL_SURFACE('',#5450,2.25);
#5450 = AXIS2_PLACEMENT_3D('',#5451,#5452,#5453);
#5451 = CARTESIAN_POINT('',(137.5,42.5,579.));
#5452 = DIRECTION('',(0.,0.,1.));
#5453 = DIRECTION('',(1.,0.,0.));
#5454 = ADVANCED_FACE('',(#5455),#5466,.F.);
#5455 = FACE_BOUND('',#5456,.F.);
#5456 = EDGE_LOOP('',(#5457,#5458,#5464,#5465));
#5457 = ORIENTED_EDGE('',*,*,#5283,.F.);
#5458 = ORIENTED_EDGE('',*,*,#5459,.F.);
#5459 = EDGE_CURVE('',#5380,#5284,#5460,.T.);
#5460 = LINE('',#5461,#5462);
#5461 = CARTESIAN_POINT('',(264.75,42.5,579.));
#5462 = VECTOR('',#5463,1.);
#5463 = DIRECTION('',(0.,0.,1.));
#5464 = ORIENTED_EDGE('',*,*,#5379,.T.);
#5465 = ORIENTED_EDGE('',*,*,#5459,.T.);
#5466 = CYLINDRICAL_SURFACE('',#5467,2.25);
#5467 = AXIS2_PLACEMENT_3D('',#5468,#5469,#5470);
#5468 = CARTESIAN_POINT('',(262.5,42.5,579.));
#5469 = DIRECTION('',(0.,0.,1.));
#5470 = DIRECTION('',(1.,0.,0.));
#5471 = ADVANCED_FACE('',(#5472),#5483,.F.);
#5472 = FACE_BOUND('',#5473,.F.);
#5473 = EDGE_LOOP('',(#5474,#5475,#5481,#5482));
#5474 = ORIENTED_EDGE('',*,*,#5294,.F.);
#5475 = ORIENTED_EDGE('',*,*,#5476,.F.);
#5476 = EDGE_CURVE('',#5391,#5295,#5477,.T.);
#5477 = LINE('',#5478,#5479);
#5478 = CARTESIAN_POINT('',(139.75,167.5,579.));
#5479 = VECTOR('',#5480,1.);
#5480 = DIRECTION('',(0.,0.,1.));
#5481 = ORIENTED_EDGE('',*,*,#5390,.T.);
#5482 = ORIENTED_EDGE('',*,*,#5476,.T.);
#5483 = CYLINDRICAL_SURFACE('',#5484,2.25);
#5484 = AXIS2_PLACEMENT_3D('',#5485,#5486,#5487);
#5485 = CARTESIAN_POINT('',(137.5,167.5,579.));
#5486 = DIRECTION('',(0.,0.,1.));
#5487 = DIRECTION('',(1.,0.,0.));
#5488 = ADVANCED_FACE('',(#5489),#5500,.F.);
#5489 = FACE_BOUND('',#5490,.F.);
#5490 = EDGE_LOOP('',(#5491,#5492,#5498,#5499));
#5491 = ORIENTED_EDGE('',*,*,#5305,.F.);
#5492 = ORIENTED_EDGE('',*,*,#5493,.F.);
#5493 = EDGE_CURVE('',#5402,#5306,#5494,.T.);
#5494 = LINE('',#5495,#5496);
#5495 = CARTESIAN_POINT('',(267.1,105.,579.));
#5496 = VECTOR('',#5497,1.);
#5497 = DIRECTION('',(0.,0.,1.));
#5498 = ORIENTED_EDGE('',*,*,#5401,.T.);
#5499 = ORIENTED_EDGE('',*,*,#5493,.T.);
#5500 = CYLINDRICAL_SURFACE('',#5501,67.1);
#5501 = AXIS2_PLACEMENT_3D('',#5502,#5503,#5504);
#5502 = CARTESIAN_POINT('',(200.,105.,579.));
#5503 = DIRECTION('',(0.,0.,1.));
#5504 = DIRECTION('',(1.,0.,0.));
#5505 = ADVANCED_FACE('',(#5506),#5517,.F.);
#5506 = FACE_BOUND('',#5507,.F.);
#5507 = EDGE_LOOP('',(#5508,#5509,#5515,#5516));
#5508 = ORIENTED_EDGE('',*,*,#5316,.F.);
#5509 = ORIENTED_EDGE('',*,*,#5510,.F.);
#5510 = EDGE_CURVE('',#5413,#5317,#5511,.T.);
#5511 = LINE('',#5512,#5513);
#5512 = CARTESIAN_POINT('',(264.75,167.5,579.));
#5513 = VECTOR('',#5514,1.);
#5514 = DIRECTION('',(0.,0.,1.));
#5515 = ORIENTED_EDGE('',*,*,#5412,.T.);
#5516 = ORIENTED_EDGE('',*,*,#5510,.T.);
#5517 = CYLINDRICAL_SURFACE('',#5518,2.25);
#5518 = AXIS2_PLACEMENT_3D('',#5519,#5520,#5521);
#5519 = CARTESIAN_POINT('',(262.5,167.5,579.));
#5520 = DIRECTION('',(0.,0.,1.));
#5521 = DIRECTION('',(1.,0.,0.));
#5522 = MANIFOLD_SOLID_BREP('',#5523);
#5523 = CLOSED_SHELL('',(#5524,#5796,#5828,#5837,#5861,#5886,#5895,#5912
    ,#5943,#5967,#5991,#6008,#6039,#6063,#6087,#6104,#6135,#6159,#6183,
    #6200,#6231,#6255,#6279,#6296,#6327,#6351,#6375,#6392,#6404,#6416,
    #6428,#6440,#6452));
#5524 = ADVANCED_FACE('',(#5525,#5611,#5647,#5683,#5719,#5755),#5791,.T.
  );
#5525 = FACE_BOUND('',#5526,.T.);
#5526 = EDGE_LOOP('',(#5527,#5538,#5546,#5555,#5563,#5570,#5571,#5580,
    #5588,#5595,#5603,#5610));
#5527 = ORIENTED_EDGE('',*,*,#5528,.F.);
#5528 = EDGE_CURVE('',#5529,#5531,#5533,.T.);
#5529 = VERTEX_POINT('',#5530);
#5530 = CARTESIAN_POINT('',(221.42428528562,100.,590.));
#5531 = VERTEX_POINT('',#5532);
#5532 = CARTESIAN_POINT('',(222.,105.,590.));
#5533 = CIRCLE('',#5534,22.);
#5534 = AXIS2_PLACEMENT_3D('',#5535,#5536,#5537);
#5535 = CARTESIAN_POINT('',(200.,105.,590.));
#5536 = DIRECTION('',(0.,0.,1.));
#5537 = DIRECTION('',(1.,0.,0.));
#5538 = ORIENTED_EDGE('',*,*,#5539,.T.);
#5539 = EDGE_CURVE('',#5529,#5540,#5542,.T.);
#5540 = VERTEX_POINT('',#5541);
#5541 = CARTESIAN_POINT('',(221.42428528562,100.,593.));
#5542 = LINE('',#5543,#5544);
#5543 = CARTESIAN_POINT('',(221.42428528562,100.,588.));
#5544 = VECTOR('',#5545,1.);
#5545 = DIRECTION('',(0.,0.,1.));
#5546 = ORIENTED_EDGE('',*,*,#5547,.T.);
#5547 = EDGE_CURVE('',#5540,#5548,#5550,.T.);
#5548 = VERTEX_POINT('',#5549);
#5549 = CARTESIAN_POINT('',(222.,105.,593.));
#5550 = CIRCLE('',#5551,22.);
#5551 = AXIS2_PLACEMENT_3D('',#5552,#5553,#5554);
#5552 = CARTESIAN_POINT('',(200.,105.,593.));
#5553 = DIRECTION('',(0.,0.,1.));
#5554 = DIRECTION('',(1.,0.,0.));
#5555 = ORIENTED_EDGE('',*,*,#5556,.T.);
#5556 = EDGE_CURVE('',#5548,#5557,#5559,.T.);
#5557 = VERTEX_POINT('',#5558);
#5558 = CARTESIAN_POINT('',(222.,105.,600.));
#5559 = LINE('',#5560,#5561);
#5560 = CARTESIAN_POINT('',(222.,105.,588.));
#5561 = VECTOR('',#5562,1.);
#5562 = DIRECTION('',(0.,0.,1.));
#5563 = ORIENTED_EDGE('',*,*,#5564,.F.);
#5564 = EDGE_CURVE('',#5557,#5557,#5565,.T.);
#5565 = CIRCLE('',#5566,22.);
#5566 = AXIS2_PLACEMENT_3D('',#5567,#5568,#5569);
#5567 = CARTESIAN_POINT('',(200.,105.,600.));
#5568 = DIRECTION('',(0.,0.,1.));
#5569 = DIRECTION('',(1.,0.,0.));
#5570 = ORIENTED_EDGE('',*,*,#5556,.F.);
#5571 = ORIENTED_EDGE('',*,*,#5572,.T.);
#5572 = EDGE_CURVE('',#5548,#5573,#5575,.T.);
#5573 = VERTEX_POINT('',#5574);
#5574 = CARTESIAN_POINT('',(221.42428528562,110.,593.));
#5575 = CIRCLE('',#5576,22.);
#5576 = AXIS2_PLACEMENT_3D('',#5577,#5578,#5579);
#5577 = CARTESIAN_POINT('',(200.,105.,593.));
#5578 = DIRECTION('',(0.,0.,1.));
#5579 = DIRECTION('',(1.,0.,0.));
#5580 = ORIENTED_EDGE('',*,*,#5581,.F.);
#5581 = EDGE_CURVE('',#5582,#5573,#5584,.T.);
#5582 = VERTEX_POINT('',#5583);
#5583 = CARTESIAN_POINT('',(221.42428528562,110.,590.));
#5584 = LINE('',#5585,#5586);
#5585 = CARTESIAN_POINT('',(221.42428528562,110.,588.));
#5586 = VECTOR('',#5587,1.);
#5587 = DIRECTION('',(0.,0.,1.));
#5588 = ORIENTED_EDGE('',*,*,#5589,.F.);
#5589 = EDGE_CURVE('',#5531,#5582,#5590,.T.);
#5590 = CIRCLE('',#5591,22.);
#5591 = AXIS2_PLACEMENT_3D('',#5592,#5593,#5594);
#5592 = CARTESIAN_POINT('',(200.,105.,590.));
#5593 = DIRECTION('',(0.,0.,1.));
#5594 = DIRECTION('',(1.,0.,0.));
#5595 = ORIENTED_EDGE('',*,*,#5596,.F.);
#5596 = EDGE_CURVE('',#5597,#5531,#5599,.T.);
#5597 = VERTEX_POINT('',#5598);
#5598 = CARTESIAN_POINT('',(222.,105.,588.));
#5599 = LINE('',#5600,#5601);
#5600 = CARTESIAN_POINT('',(222.,105.,588.));
#5601 = VECTOR('',#5602,1.);
#5602 = DIRECTION('',(0.,0.,1.));
#5603 = ORIENTED_EDGE('',*,*,#5604,.T.);
#5604 = EDGE_CURVE('',#5597,#5597,#5605,.T.);
#5605 = CIRCLE('',#5606,22.);
#5606 = AXIS2_PLACEMENT_3D('',#5607,#5608,#5609);
#5607 = CARTESIAN_POINT('',(200.,105.,588.));
#5608 = DIRECTION('',(0.,0.,1.));
#5609 = DIRECTION('',(1.,0.,0.));
#5610 = ORIENTED_EDGE('',*,*,#5596,.T.);
#5611 = FACE_BOUND('',#5612,.T.);
#5612 = EDGE_LOOP('',(#5613,#5624,#5632,#5641));
#5613 = ORIENTED_EDGE('',*,*,#5614,.F.);
#5614 = EDGE_CURVE('',#5615,#5617,#5619,.T.);
#5615 = VERTEX_POINT('',#5616);
#5616 = CARTESIAN_POINT('',(215.04226966173,121.05397531527,590.));
#5617 = VERTEX_POINT('',#5618);
#5618 = CARTESIAN_POINT('',(206.38201562389,126.05397531527,590.));
#5619 = CIRCLE('',#5620,22.);
#5620 = AXIS2_PLACEMENT_3D('',#5621,#5622,#5623);
#5621 = CARTESIAN_POINT('',(200.,105.,590.));
#5622 = DIRECTION('',(0.,0.,1.));
#5623 = DIRECTION('',(1.,0.,0.));
#5624 = ORIENTED_EDGE('',*,*,#5625,.T.);
#5625 = EDGE_CURVE('',#5615,#5626,#5628,.T.);
#5626 = VERTEX_POINT('',#5627);
#5627 = CARTESIAN_POINT('',(215.04226966173,121.05397531527,593.));
#5628 = LINE('',#5629,#5630);
#5629 = CARTESIAN_POINT('',(215.04226966173,121.05397531527,588.));
#5630 = VECTOR('',#5631,1.);
#5631 = DIRECTION('',(0.,0.,1.));
#5632 = ORIENTED_EDGE('',*,*,#5633,.T.);
#5633 = EDGE_CURVE('',#5626,#5634,#5636,.T.);
#5634 = VERTEX_POINT('',#5635);
#5635 = CARTESIAN_POINT('',(206.38201562389,126.05397531527,593.));
#5636 = CIRCLE('',#5637,22.);
#5637 = AXIS2_PLACEMENT_3D('',#5638,#5639,#5640);
#5638 = CARTESIAN_POINT('',(200.,105.,593.));
#5639 = DIRECTION('',(0.,0.,1.));
#5640 = DIRECTION('',(1.,0.,0.));
#5641 = ORIENTED_EDGE('',*,*,#5642,.F.);
#5642 = EDGE_CURVE('',#5617,#5634,#5643,.T.);
#5643 = LINE('',#5644,#5645);
#5644 = CARTESIAN_POINT('',(206.38201562389,126.05397531527,588.));
#5645 = VECTOR('',#5646,1.);
#5646 = DIRECTION('',(0.,0.,1.));
#5647 = FACE_BOUND('',#5648,.T.);
#5648 = EDGE_LOOP('',(#5649,#5660,#5668,#5677));
#5649 = ORIENTED_EDGE('',*,*,#5650,.F.);
#5650 = EDGE_CURVE('',#5651,#5653,#5655,.T.);
#5651 = VERTEX_POINT('',#5652);
#5652 = CARTESIAN_POINT('',(193.6179843761,126.05397531527,590.));
#5653 = VERTEX_POINT('',#5654);
#5654 = CARTESIAN_POINT('',(184.95773033826,121.05397531527,590.));
#5655 = CIRCLE('',#5656,22.);
#5656 = AXIS2_PLACEMENT_3D('',#5657,#5658,#5659);
#5657 = CARTESIAN_POINT('',(200.,105.,590.));
#5658 = DIRECTION('',(0.,0.,1.));
#5659 = DIRECTION('',(1.,0.,0.));
#5660 = ORIENTED_EDGE('',*,*,#5661,.T.);
#5661 = EDGE_CURVE('',#5651,#5662,#5664,.T.);
#5662 = VERTEX_POINT('',#5663);
#5663 = CARTESIAN_POINT('',(193.6179843761,126.05397531527,593.));
#5664 = LINE('',#5665,#5666);
#5665 = CARTESIAN_POINT('',(193.6179843761,126.05397531527,588.));
#5666 = VECTOR('',#5667,1.);
#5667 = DIRECTION('',(0.,0.,1.));
#5668 = ORIENTED_EDGE('',*,*,#5669,.T.);
#5669 = EDGE_CURVE('',#5662,#5670,#5672,.T.);
#5670 = VERTEX_POINT('',#5671);
#5671 = CARTESIAN_POINT('',(184.95773033826,121.05397531527,593.));
#5672 = CIRCLE('',#5673,22.);
#5673 = AXIS2_PLACEMENT_3D('',#5674,#5675,#5676);
#5674 = CARTESIAN_POINT('',(200.,105.,593.));
#5675 = DIRECTION('',(0.,0.,1.));
#5676 = DIRECTION('',(1.,0.,0.));
#5677 = ORIENTED_EDGE('',*,*,#5678,.F.);
#5678 = EDGE_CURVE('',#5653,#5670,#5679,.T.);
#5679 = LINE('',#5680,#5681);
#5680 = CARTESIAN_POINT('',(184.95773033826,121.05397531527,588.));
#5681 = VECTOR('',#5682,1.);
#5682 = DIRECTION('',(0.,0.,1.));
#5683 = FACE_BOUND('',#5684,.T.);
#5684 = EDGE_LOOP('',(#5685,#5696,#5704,#5713));
#5685 = ORIENTED_EDGE('',*,*,#5686,.F.);
#5686 = EDGE_CURVE('',#5687,#5689,#5691,.T.);
#5687 = VERTEX_POINT('',#5688);
#5688 = CARTESIAN_POINT('',(178.57571471437,110.,590.));
#5689 = VERTEX_POINT('',#5690);
#5690 = CARTESIAN_POINT('',(178.57571471437,100.,590.));
#5691 = CIRCLE('',#5692,22.);
#5692 = AXIS2_PLACEMENT_3D('',#5693,#5694,#5695);
#5693 = CARTESIAN_POINT('',(200.,105.,590.));
#5694 = DIRECTION('',(0.,0.,1.));
#5695 = DIRECTION('',(1.,0.,0.));
#5696 = ORIENTED_EDGE('',*,*,#5697,.T.);
#5697 = EDGE_CURVE('',#5687,#5698,#5700,.T.);
#5698 = VERTEX_POINT('',#5699);
#5699 = CARTESIAN_POINT('',(178.57571471437,110.,593.));
#5700 = LINE('',#5701,#5702);
#5701 = CARTESIAN_POINT('',(178.57571471437,110.,588.));
#5702 = VECTOR('',#5703,1.);
#5703 = DIRECTION('',(0.,0.,1.));
#5704 = ORIENTED_EDGE('',*,*,#5705,.T.);
#5705 = EDGE_CURVE('',#5698,#5706,#5708,.T.);
#5706 = VERTEX_POINT('',#5707);
#5707 = CARTESIAN_POINT('',(178.57571471437,100.,593.));
#5708 = CIRCLE('',#5709,22.);
#5709 = AXIS2_PLACEMENT_3D('',#5710,#5711,#5712);
#5710 = CARTESIAN_POINT('',(200.,105.,593.));
#5711 = DIRECTION('',(0.,0.,1.));
#5712 = DIRECTION('',(1.,0.,0.));
#5713 = ORIENTED_EDGE('',*,*,#5714,.F.);
#5714 = EDGE_CURVE('',#5689,#5706,#5715,.T.);
#5715 = LINE('',#5716,#5717);
#5716 = CARTESIAN_POINT('',(178.57571471437,100.,588.));
#5717 = VECTOR('',#5718,1.);
#5718 = DIRECTION('',(0.,0.,1.));
#5719 = FACE_BOUND('',#5720,.T.);
#5720 = EDGE_LOOP('',(#5721,#5732,#5740,#5749));
#5721 = ORIENTED_EDGE('',*,*,#5722,.F.);
#5722 = EDGE_CURVE('',#5723,#5725,#5727,.T.);
#5723 = VERTEX_POINT('',#5724);
#5724 = CARTESIAN_POINT('',(184.95773033826,88.946024684721,590.));
#5725 = VERTEX_POINT('',#5726);
#5726 = CARTESIAN_POINT('',(193.6179843761,83.946024684721,590.));
#5727 = CIRCLE('',#5728,22.);
#5728 = AXIS2_PLACEMENT_3D('',#5729,#5730,#5731);
#5729 = CARTESIAN_POINT('',(200.,105.,590.));
#5730 = DIRECTION('',(0.,0.,1.));
#5731 = DIRECTION('',(1.,0.,0.));
#5732 = ORIENTED_EDGE('',*,*,#5733,.T.);
#5733 = EDGE_CURVE('',#5723,#5734,#5736,.T.);
#5734 = VERTEX_POINT('',#5735);
#5735 = CARTESIAN_POINT('',(184.95773033826,88.946024684721,593.));
#5736 = LINE('',#5737,#5738);
#5737 = CARTESIAN_POINT('',(184.95773033826,88.946024684721,588.));
#5738 = VECTOR('',#5739,1.);
#5739 = DIRECTION('',(0.,0.,1.));
#5740 = ORIENTED_EDGE('',*,*,#5741,.T.);
#5741 = EDGE_CURVE('',#5734,#5742,#5744,.T.);
#5742 = VERTEX_POINT('',#5743);
#5743 = CARTESIAN_POINT('',(193.6179843761,83.946024684721,593.));
#5744 = CIRCLE('',#5745,22.);
#5745 = AXIS2_PLACEMENT_3D('',#5746,#5747,#5748);
#5746 = CARTESIAN_POINT('',(200.,105.,593.));
#5747 = DIRECTION('',(0.,0.,1.));
#5748 = DIRECTION('',(1.,0.,0.));
#5749 = ORIENTED_EDGE('',*,*,#5750,.F.);
#5750 = EDGE_CURVE('',#5725,#5742,#5751,.T.);
#5751 = LINE('',#5752,#5753);
#5752 = CARTESIAN_POINT('',(193.6179843761,83.946024684721,588.));
#5753 = VECTOR('',#5754,1.);
#5754 = DIRECTION('',(0.,0.,1.));
#5755 = FACE_BOUND('',#5756,.T.);
#5756 = EDGE_LOOP('',(#5757,#5768,#5776,#5785));
#5757 = ORIENTED_EDGE('',*,*,#5758,.F.);
#5758 = EDGE_CURVE('',#5759,#5761,#5763,.T.);
#5759 = VERTEX_POINT('',#5760);
#5760 = CARTESIAN_POINT('',(206.38201562389,83.946024684721,590.));
#5761 = VERTEX_POINT('',#5762);
#5762 = CARTESIAN_POINT('',(215.04226966173,88.946024684721,590.));
#5763 = CIRCLE('',#5764,22.);
#5764 = AXIS2_PLACEMENT_3D('',#5765,#5766,#5767);
#5765 = CARTESIAN_POINT('',(200.,105.,590.));
#5766 = DIRECTION('',(0.,0.,1.));
#5767 = DIRECTION('',(1.,0.,0.));
#5768 = ORIENTED_EDGE('',*,*,#5769,.T.);
#5769 = EDGE_CURVE('',#5759,#5770,#5772,.T.);
#5770 = VERTEX_POINT('',#5771);
#5771 = CARTESIAN_POINT('',(206.38201562389,83.946024684721,593.));
#5772 = LINE('',#5773,#5774);
#5773 = CARTESIAN_POINT('',(206.38201562389,83.946024684721,588.));
#5774 = VECTOR('',#5775,1.);
#5775 = DIRECTION('',(0.,0.,1.));
#5776 = ORIENTED_EDGE('',*,*,#5777,.T.);
#5777 = EDGE_CURVE('',#5770,#5778,#5780,.T.);
#5778 = VERTEX_POINT('',#5779);
#5779 = CARTESIAN_POINT('',(215.04226966173,88.946024684721,593.));
#5780 = CIRCLE('',#5781,22.);
#5781 = AXIS2_PLACEMENT_3D('',#5782,#5783,#5784);
#5782 = CARTESIAN_POINT('',(200.,105.,593.));
#5783 = DIRECTION('',(0.,0.,1.));
#5784 = DIRECTION('',(1.,0.,0.));
#5785 = ORIENTED_EDGE('',*,*,#5786,.F.);
#5786 = EDGE_CURVE('',#5761,#5778,#5787,.T.);
#5787 = LINE('',#5788,#5789);
#5788 = CARTESIAN_POINT('',(215.04226966173,88.946024684721,588.));
#5789 = VECTOR('',#5790,1.);
#5790 = DIRECTION('',(0.,0.,1.));
#5791 = CYLINDRICAL_SURFACE('',#5792,22.);
#5792 = AXIS2_PLACEMENT_3D('',#5793,#5794,#5795);
#5793 = CARTESIAN_POINT('',(200.,105.,588.));
#5794 = DIRECTION('',(0.,0.,1.));
#5795 = DIRECTION('',(1.,0.,0.));
#5796 = ADVANCED_FACE('',(#5797),#5823,.F.);
#5797 = FACE_BOUND('',#5798,.F.);
#5798 = EDGE_LOOP('',(#5799,#5807,#5808,#5809,#5817));
#5799 = ORIENTED_EDGE('',*,*,#5800,.F.);
#5800 = EDGE_CURVE('',#5582,#5801,#5803,.T.);
#5801 = VERTEX_POINT('',#5802);
#5802 = CARTESIAN_POINT('',(262.,110.,590.));
#5803 = LINE('',#5804,#5805);
#5804 = CARTESIAN_POINT('',(215.,110.,590.));
#5805 = VECTOR('',#5806,1.);
#5806 = DIRECTION('',(1.,0.,0.));
#5807 = ORIENTED_EDGE('',*,*,#5589,.F.);
#5808 = ORIENTED_EDGE('',*,*,#5528,.F.);
#5809 = ORIENTED_EDGE('',*,*,#5810,.T.);
#5810 = EDGE_CURVE('',#5529,#5811,#5813,.T.);
#5811 = VERTEX_POINT('',#5812);
#5812 = CARTESIAN_POINT('',(262.,100.,590.));
#5813 = LINE('',#5814,#5815);
#5814 = CARTESIAN_POINT('',(215.,100.,590.));
#5815 = VECTOR('',#5816,1.);
#5816 = DIRECTION('',(1.,0.,0.));
#5817 = ORIENTED_EDGE('',*,*,#5818,.T.);
#5818 = EDGE_CURVE('',#5811,#5801,#5819,.T.);
#5819 = LINE('',#5820,#5821);
#5820 = CARTESIAN_POINT('',(262.,100.,590.));
#5821 = VECTOR('',#5822,1.);
#5822 = DIRECTION('',(0.,1.,0.));
#5823 = PLANE('',#5824);
#5824 = AXIS2_PLACEMENT_3D('',#5825,#5826,#5827);
#5825 = CARTESIAN_POINT('',(215.,100.,590.));
#5826 = DIRECTION('',(0.,0.,1.));
#5827 = DIRECTION('',(1.,0.,0.));
#5828 = ADVANCED_FACE('',(#5829),#5832,.F.);
#5829 = FACE_BOUND('',#5830,.T.);
#5830 = EDGE_LOOP('',(#5831));
#5831 = ORIENTED_EDGE('',*,*,#5604,.F.);
#5832 = PLANE('',#5833);
#5833 = AXIS2_PLACEMENT_3D('',#5834,#5835,#5836);
#5834 = CARTESIAN_POINT('',(200.,105.,588.));
#5835 = DIRECTION('',(0.,0.,1.));
#5836 = DIRECTION('',(1.,0.,0.));
#5837 = ADVANCED_FACE('',(#5838),#5856,.T.);
#5838 = FACE_BOUND('',#5839,.T.);
#5839 = EDGE_LOOP('',(#5840,#5841,#5842,#5850));
#5840 = ORIENTED_EDGE('',*,*,#5800,.F.);
#5841 = ORIENTED_EDGE('',*,*,#5581,.T.);
#5842 = ORIENTED_EDGE('',*,*,#5843,.T.);
#5843 = EDGE_CURVE('',#5573,#5844,#5846,.T.);
#5844 = VERTEX_POINT('',#5845);
#5845 = CARTESIAN_POINT('',(262.,110.,593.));
#5846 = LINE('',#5847,#5848);
#5847 = CARTESIAN_POINT('',(215.,110.,593.));
#5848 = VECTOR('',#5849,1.);
#5849 = DIRECTION('',(1.,0.,0.));
#5850 = ORIENTED_EDGE('',*,*,#5851,.F.);
#5851 = EDGE_CURVE('',#5801,#5844,#5852,.T.);
#5852 = LINE('',#5853,#5854);
#5853 = CARTESIAN_POINT('',(262.,110.,590.));
#5854 = VECTOR('',#5855,1.);
#5855 = DIRECTION('',(0.,0.,1.));
#5856 = PLANE('',#5857);
#5857 = AXIS2_PLACEMENT_3D('',#5858,#5859,#5860);
#5858 = CARTESIAN_POINT('',(215.,110.,590.));
#5859 = DIRECTION('',(0.,1.,0.));
#5860 = DIRECTION('',(0.,0.,1.));
#5861 = ADVANCED_FACE('',(#5862),#5881,.T.);
#5862 = FACE_BOUND('',#5863,.T.);
#5863 = EDGE_LOOP('',(#5864,#5865,#5866,#5867,#5875));
#5864 = ORIENTED_EDGE('',*,*,#5843,.F.);
#5865 = ORIENTED_EDGE('',*,*,#5572,.F.);
#5866 = ORIENTED_EDGE('',*,*,#5547,.F.);
#5867 = ORIENTED_EDGE('',*,*,#5868,.T.);
#5868 = EDGE_CURVE('',#5540,#5869,#5871,.T.);
#5869 = VERTEX_POINT('',#5870);
#5870 = CARTESIAN_POINT('',(262.,100.,593.));
#5871 = LINE('',#5872,#5873);
#5872 = CARTESIAN_POINT('',(215.,100.,593.));
#5873 = VECTOR('',#5874,1.);
#5874 = DIRECTION('',(1.,0.,0.));
#5875 = ORIENTED_EDGE('',*,*,#5876,.T.);
#5876 = EDGE_CURVE('',#5869,#5844,#5877,.T.);
#5877 = LINE('',#5878,#5879);
#5878 = CARTESIAN_POINT('',(262.,100.,593.));
#5879 = VECTOR('',#5880,1.);
#5880 = DIRECTION('',(0.,1.,0.));
#5881 = PLANE('',#5882);
#5882 = AXIS2_PLACEMENT_3D('',#5883,#5884,#5885);
#5883 = CARTESIAN_POINT('',(215.,100.,593.));
#5884 = DIRECTION('',(0.,0.,1.));
#5885 = DIRECTION('',(1.,0.,0.));
#5886 = ADVANCED_FACE('',(#5887),#5890,.T.);
#5887 = FACE_BOUND('',#5888,.T.);
#5888 = EDGE_LOOP('',(#5889));
#5889 = ORIENTED_EDGE('',*,*,#5564,.T.);
#5890 = PLANE('',#5891);
#5891 = AXIS2_PLACEMENT_3D('',#5892,#5893,#5894);
#5892 = CARTESIAN_POINT('',(200.,105.,600.));
#5893 = DIRECTION('',(0.,0.,1.));
#5894 = DIRECTION('',(1.,0.,0.));
#5895 = ADVANCED_FACE('',(#5896),#5907,.F.);
#5896 = FACE_BOUND('',#5897,.F.);
#5897 = EDGE_LOOP('',(#5898,#5899,#5900,#5901));
#5898 = ORIENTED_EDGE('',*,*,#5810,.F.);
#5899 = ORIENTED_EDGE('',*,*,#5539,.T.);
#5900 = ORIENTED_EDGE('',*,*,#5868,.T.);
#5901 = ORIENTED_EDGE('',*,*,#5902,.F.);
#5902 = EDGE_CURVE('',#5811,#5869,#5903,.T.);
#5903 = LINE('',#5904,#5905);
#5904 = CARTESIAN_POINT('',(262.,100.,590.));
#5905 = VECTOR('',#5906,1.);
#5906 = DIRECTION('',(0.,0.,1.));
#5907 = PLANE('',#5908);
#5908 = AXIS2_PLACEMENT_3D('',#5909,#5910,#5911);
#5909 = CARTESIAN_POINT('',(215.,100.,590.));
#5910 = DIRECTION('',(0.,1.,0.));
#5911 = DIRECTION('',(0.,0.,1.));
#5912 = ADVANCED_FACE('',(#5913),#5938,.F.);
#5913 = FACE_BOUND('',#5914,.F.);
#5914 = EDGE_LOOP('',(#5915,#5923,#5924,#5932));
#5915 = ORIENTED_EDGE('',*,*,#5916,.F.);
#5916 = EDGE_CURVE('',#5617,#5917,#5919,.T.);
#5917 = VERTEX_POINT('',#5918);
#5918 = CARTESIAN_POINT('',(226.66987298107,161.19357503463,590.));
#5919 = LINE('',#5920,#5921);
#5920 = CARTESIAN_POINT('',(203.16987298107,120.49038105676,590.));
#5921 = VECTOR('',#5922,1.);
#5922 = DIRECTION('',(0.5,0.866025403784,0.));
#5923 = ORIENTED_EDGE('',*,*,#5614,.F.);
#5924 = ORIENTED_EDGE('',*,*,#5925,.T.);
#5925 = EDGE_CURVE('',#5615,#5926,#5928,.T.);
#5926 = VERTEX_POINT('',#5927);
#5927 = CARTESIAN_POINT('',(235.33012701892,156.19357503463,590.));
#5928 = LINE('',#5929,#5930);
#5929 = CARTESIAN_POINT('',(211.83012701892,115.49038105676,590.));
#5930 = VECTOR('',#5931,1.);
#5931 = DIRECTION('',(0.5,0.866025403784,0.));
#5932 = ORIENTED_EDGE('',*,*,#5933,.T.);
#5933 = EDGE_CURVE('',#5926,#5917,#5934,.T.);
#5934 = LINE('',#5935,#5936);
#5935 = CARTESIAN_POINT('',(235.33012701892,156.19357503463,590.));
#5936 = VECTOR('',#5937,1.);
#5937 = DIRECTION('',(-0.866025403784,0.5,0.));
#5938 = PLANE('',#5939);
#5939 = AXIS2_PLACEMENT_3D('',#5940,#5941,#5942);
#5940 = CARTESIAN_POINT('',(211.83012701892,115.49038105676,590.));
#5941 = DIRECTION('',(0.,0.,1.));
#5942 = DIRECTION('',(0.5,0.866025403784,0.));
#5943 = ADVANCED_FACE('',(#5944),#5962,.F.);
#5944 = FACE_BOUND('',#5945,.F.);
#5945 = EDGE_LOOP('',(#5946,#5947,#5948,#5956));
#5946 = ORIENTED_EDGE('',*,*,#5925,.F.);
#5947 = ORIENTED_EDGE('',*,*,#5625,.T.);
#5948 = ORIENTED_EDGE('',*,*,#5949,.T.);
#5949 = EDGE_CURVE('',#5626,#5950,#5952,.T.);
#5950 = VERTEX_POINT('',#5951);
#5951 = CARTESIAN_POINT('',(235.33012701892,156.19357503463,593.));
#5952 = LINE('',#5953,#5954);
#5953 = CARTESIAN_POINT('',(211.83012701892,115.49038105676,593.));
#5954 = VECTOR('',#5955,1.);
#5955 = DIRECTION('',(0.5,0.866025403784,0.));
#5956 = ORIENTED_EDGE('',*,*,#5957,.F.);
#5957 = EDGE_CURVE('',#5926,#5950,#5958,.T.);
#5958 = LINE('',#5959,#5960);
#5959 = CARTESIAN_POINT('',(235.33012701892,156.19357503463,590.));
#5960 = VECTOR('',#5961,1.);
#5961 = DIRECTION('',(0.,0.,1.));
#5962 = PLANE('',#5963);
#5963 = AXIS2_PLACEMENT_3D('',#5964,#5965,#5966);
#5964 = CARTESIAN_POINT('',(211.83012701892,115.49038105676,590.));
#5965 = DIRECTION('',(-0.866025403784,0.5,0.));
#5966 = DIRECTION('',(0.,0.,1.));
#5967 = ADVANCED_FACE('',(#5968),#5986,.T.);
#5968 = FACE_BOUND('',#5969,.T.);
#5969 = EDGE_LOOP('',(#5970,#5971,#5972,#5980));
#5970 = ORIENTED_EDGE('',*,*,#5916,.F.);
#5971 = ORIENTED_EDGE('',*,*,#5642,.T.);
#5972 = ORIENTED_EDGE('',*,*,#5973,.T.);
#5973 = EDGE_CURVE('',#5634,#5974,#5976,.T.);
#5974 = VERTEX_POINT('',#5975);
#5975 = CARTESIAN_POINT('',(226.66987298107,161.19357503463,593.));
#5976 = LINE('',#5977,#5978);
#5977 = CARTESIAN_POINT('',(203.16987298107,120.49038105676,593.));
#5978 = VECTOR('',#5979,1.);
#5979 = DIRECTION('',(0.5,0.866025403784,0.));
#5980 = ORIENTED_EDGE('',*,*,#5981,.F.);
#5981 = EDGE_CURVE('',#5917,#5974,#5982,.T.);
#5982 = LINE('',#5983,#5984);
#5983 = CARTESIAN_POINT('',(226.66987298107,161.19357503463,590.));
#5984 = VECTOR('',#5985,1.);
#5985 = DIRECTION('',(0.,0.,1.));
#5986 = PLANE('',#5987);
#5987 = AXIS2_PLACEMENT_3D('',#5988,#5989,#5990);
#5988 = CARTESIAN_POINT('',(203.16987298107,120.49038105676,590.));
#5989 = DIRECTION('',(-0.866025403784,0.5,0.));
#5990 = DIRECTION('',(0.,0.,1.));
#5991 = ADVANCED_FACE('',(#5992),#6003,.T.);
#5992 = FACE_BOUND('',#5993,.T.);
#5993 = EDGE_LOOP('',(#5994,#5995,#5996,#5997));
#5994 = ORIENTED_EDGE('',*,*,#5973,.F.);
#5995 = ORIENTED_EDGE('',*,*,#5633,.F.);
#5996 = ORIENTED_EDGE('',*,*,#5949,.T.);
#5997 = ORIENTED_EDGE('',*,*,#5998,.T.);
#5998 = EDGE_CURVE('',#5950,#5974,#5999,.T.);
#5999 = LINE('',#6000,#6001);
#6000 = CARTESIAN_POINT('',(235.33012701892,156.19357503463,593.));
#6001 = VECTOR('',#6002,1.);
#6002 = DIRECTION('',(-0.866025403784,0.5,0.));
#6003 = PLANE('',#6004);
#6004 = AXIS2_PLACEMENT_3D('',#6005,#6006,#6007);
#6005 = CARTESIAN_POINT('',(211.83012701892,115.49038105676,593.));
#6006 = DIRECTION('',(0.,0.,1.));
#6007 = DIRECTION('',(0.5,0.866025403784,0.));
#6008 = ADVANCED_FACE('',(#6009),#6034,.F.);
#6009 = FACE_BOUND('',#6010,.F.);
#6010 = EDGE_LOOP('',(#6011,#6019,#6020,#6028));
#6011 = ORIENTED_EDGE('',*,*,#6012,.F.);
#6012 = EDGE_CURVE('',#5653,#6013,#6015,.T.);
#6013 = VERTEX_POINT('',#6014);
#6014 = CARTESIAN_POINT('',(164.66987298107,156.19357503463,590.));
#6015 = LINE('',#6016,#6017);
#6016 = CARTESIAN_POINT('',(188.16987298107,115.49038105676,590.));
#6017 = VECTOR('',#6018,1.);
#6018 = DIRECTION('',(-0.5,0.866025403784,0.));
#6019 = ORIENTED_EDGE('',*,*,#5650,.F.);
#6020 = ORIENTED_EDGE('',*,*,#6021,.T.);
#6021 = EDGE_CURVE('',#5651,#6022,#6024,.T.);
#6022 = VERTEX_POINT('',#6023);
#6023 = CARTESIAN_POINT('',(173.33012701892,161.19357503463,590.));
#6024 = LINE('',#6025,#6026);
#6025 = CARTESIAN_POINT('',(196.83012701892,120.49038105676,590.));
#6026 = VECTOR('',#6027,1.);
#6027 = DIRECTION('',(-0.5,0.866025403784,0.));
#6028 = ORIENTED_EDGE('',*,*,#6029,.T.);
#6029 = EDGE_CURVE('',#6022,#6013,#6030,.T.);
#6030 = LINE('',#6031,#6032);
#6031 = CARTESIAN_POINT('',(173.33012701892,161.19357503463,590.));
#6032 = VECTOR('',#6033,1.);
#6033 = DIRECTION('',(-0.866025403784,-0.5,0.));
#6034 = PLANE('',#6035);
#6035 = AXIS2_PLACEMENT_3D('',#6036,#6037,#6038);
#6036 = CARTESIAN_POINT('',(196.83012701892,120.49038105676,590.));
#6037 = DIRECTION('',(0.,0.,1.));
#6038 = DIRECTION('',(-0.5,0.866025403784,0.));
#6039 = ADVANCED_FACE('',(#6040),#6058,.F.);
#6040 = FACE_BOUND('',#6041,.F.);
#6041 = EDGE_LOOP('',(#6042,#6043,#6044,#6052));
#6042 = ORIENTED_EDGE('',*,*,#6021,.F.);
#6043 = ORIENTED_EDGE('',*,*,#5661,.T.);
#6044 = ORIENTED_EDGE('',*,*,#6045,.T.);
#6045 = EDGE_CURVE('',#5662,#6046,#6048,.T.);
#6046 = VERTEX_POINT('',#6047);
#6047 = CARTESIAN_POINT('',(173.33012701892,161.19357503463,593.));
#6048 = LINE('',#6049,#6050);
#6049 = CARTESIAN_POINT('',(196.83012701892,120.49038105676,593.));
#6050 = VECTOR('',#6051,1.);
#6051 = DIRECTION('',(-0.5,0.866025403784,0.));
#6052 = ORIENTED_EDGE('',*,*,#6053,.F.);
#6053 = EDGE_CURVE('',#6022,#6046,#6054,.T.);
#6054 = LINE('',#6055,#6056);
#6055 = CARTESIAN_POINT('',(173.33012701892,161.19357503463,590.));
#6056 = VECTOR('',#6057,1.);
#6057 = DIRECTION('',(0.,0.,1.));
#6058 = PLANE('',#6059);
#6059 = AXIS2_PLACEMENT_3D('',#6060,#6061,#6062);
#6060 = CARTESIAN_POINT('',(196.83012701892,120.49038105676,590.));
#6061 = DIRECTION('',(-0.866025403784,-0.5,0.));
#6062 = DIRECTION('',(0.,0.,1.));
#6063 = ADVANCED_FACE('',(#6064),#6082,.T.);
#6064 = FACE_BOUND('',#6065,.T.);
#6065 = EDGE_LOOP('',(#6066,#6067,#6068,#6076));
#6066 = ORIENTED_EDGE('',*,*,#6012,.F.);
#6067 = ORIENTED_EDGE('',*,*,#5678,.T.);
#6068 = ORIENTED_EDGE('',*,*,#6069,.T.);
#6069 = EDGE_CURVE('',#5670,#6070,#6072,.T.);
#6070 = VERTEX_POINT('',#6071);
#6071 = CARTESIAN_POINT('',(164.66987298107,156.19357503463,593.));
#6072 = LINE('',#6073,#6074);
#6073 = CARTESIAN_POINT('',(188.16987298107,115.49038105676,593.));
#6074 = VECTOR('',#6075,1.);
#6075 = DIRECTION('',(-0.5,0.866025403784,0.));
#6076 = ORIENTED_EDGE('',*,*,#6077,.F.);
#6077 = EDGE_CURVE('',#6013,#6070,#6078,.T.);
#6078 = LINE('',#6079,#6080);
#6079 = CARTESIAN_POINT('',(164.66987298107,156.19357503463,590.));
#6080 = VECTOR('',#6081,1.);
#6081 = DIRECTION('',(0.,0.,1.));
#6082 = PLANE('',#6083);
#6083 = AXIS2_PLACEMENT_3D('',#6084,#6085,#6086);
#6084 = CARTESIAN_POINT('',(188.16987298107,115.49038105676,590.));
#6085 = DIRECTION('',(-0.866025403784,-0.5,0.));
#6086 = DIRECTION('',(0.,0.,1.));
#6087 = ADVANCED_FACE('',(#6088),#6099,.T.);
#6088 = FACE_BOUND('',#6089,.T.);
#6089 = EDGE_LOOP('',(#6090,#6091,#6092,#6093));
#6090 = ORIENTED_EDGE('',*,*,#6069,.F.);
#6091 = ORIENTED_EDGE('',*,*,#5669,.F.);
#6092 = ORIENTED_EDGE('',*,*,#6045,.T.);
#6093 = ORIENTED_EDGE('',*,*,#6094,.T.);
#6094 = EDGE_CURVE('',#6046,#6070,#6095,.T.);
#6095 = LINE('',#6096,#6097);
#6096 = CARTESIAN_POINT('',(173.33012701892,161.19357503463,593.));
#6097 = VECTOR('',#6098,1.);
#6098 = DIRECTION('',(-0.866025403784,-0.5,0.));
#6099 = PLANE('',#6100);
#6100 = AXIS2_PLACEMENT_3D('',#6101,#6102,#6103);
#6101 = CARTESIAN_POINT('',(196.83012701892,120.49038105676,593.));
#6102 = DIRECTION('',(0.,0.,1.));
#6103 = DIRECTION('',(-0.5,0.866025403784,0.));
#6104 = ADVANCED_FACE('',(#6105),#6130,.F.);
#6105 = FACE_BOUND('',#6106,.F.);
#6106 = EDGE_LOOP('',(#6107,#6115,#6116,#6124));
#6107 = ORIENTED_EDGE('',*,*,#6108,.F.);
#6108 = EDGE_CURVE('',#5689,#6109,#6111,.T.);
#6109 = VERTEX_POINT('',#6110);
#6110 = CARTESIAN_POINT('',(138.,100.,590.));
#6111 = LINE('',#6112,#6113);
#6112 = CARTESIAN_POINT('',(185.,100.,590.));
#6113 = VECTOR('',#6114,1.);
#6114 = DIRECTION('',(-1.,1.224646799147E-16,0.));
#6115 = ORIENTED_EDGE('',*,*,#5686,.F.);
#6116 = ORIENTED_EDGE('',*,*,#6117,.T.);
#6117 = EDGE_CURVE('',#5687,#6118,#6120,.T.);
#6118 = VERTEX_POINT('',#6119);
#6119 = CARTESIAN_POINT('',(138.,110.,590.));
#6120 = LINE('',#6121,#6122);
#6121 = CARTESIAN_POINT('',(185.,110.,590.));
#6122 = VECTOR('',#6123,1.);
#6123 = DIRECTION('',(-1.,1.224646799147E-16,0.));
#6124 = ORIENTED_EDGE('',*,*,#6125,.T.);
#6125 = EDGE_CURVE('',#6118,#6109,#6126,.T.);
#6126 = LINE('',#6127,#6128);
#6127 = CARTESIAN_POINT('',(138.,110.,590.));
#6128 = VECTOR('',#6129,1.);
#6129 = DIRECTION('',(-1.224646799147E-16,-1.,0.));
#6130 = PLANE('',#6131);
#6131 = AXIS2_PLACEMENT_3D('',#6132,#6133,#6134);
#6132 = CARTESIAN_POINT('',(185.,110.,590.));
#6133 = DIRECTION('',(0.,0.,1.));
#6134 = DIRECTION('',(-1.,1.224646799147E-16,0.));
#6135 = ADVANCED_FACE('',(#6136),#6154,.F.);
#6136 = FACE_BOUND('',#6137,.F.);
#6137 = EDGE_LOOP('',(#6138,#6139,#6140,#6148));
#6138 = ORIENTED_EDGE('',*,*,#6117,.F.);
#6139 = ORIENTED_EDGE('',*,*,#5697,.T.);
#6140 = ORIENTED_EDGE('',*,*,#6141,.T.);
#6141 = EDGE_CURVE('',#5698,#6142,#6144,.T.);
#6142 = VERTEX_POINT('',#6143);
#6143 = CARTESIAN_POINT('',(138.,110.,593.));
#6144 = LINE('',#6145,#6146);
#6145 = CARTESIAN_POINT('',(185.,110.,593.));
#6146 = VECTOR('',#6147,1.);
#6147 = DIRECTION('',(-1.,1.224646799147E-16,0.));
#6148 = ORIENTED_EDGE('',*,*,#6149,.F.);
#6149 = EDGE_CURVE('',#6118,#6142,#6150,.T.);
#6150 = LINE('',#6151,#6152);
#6151 = CARTESIAN_POINT('',(138.,110.,590.));
#6152 = VECTOR('',#6153,1.);
#6153 = DIRECTION('',(0.,0.,1.));
#6154 = PLANE('',#6155);
#6155 = AXIS2_PLACEMENT_3D('',#6156,#6157,#6158);
#6156 = CARTESIAN_POINT('',(185.,110.,590.));
#6157 = DIRECTION('',(-1.224646799147E-16,-1.,0.));
#6158 = DIRECTION('',(0.,0.,1.));
#6159 = ADVANCED_FACE('',(#6160),#6178,.T.);
#6160 = FACE_BOUND('',#6161,.T.);
#6161 = EDGE_LOOP('',(#6162,#6163,#6164,#6172));
#6162 = ORIENTED_EDGE('',*,*,#6108,.F.);
#6163 = ORIENTED_EDGE('',*,*,#5714,.T.);
#6164 = ORIENTED_EDGE('',*,*,#6165,.T.);
#6165 = EDGE_CURVE('',#5706,#6166,#6168,.T.);
#6166 = VERTEX_POINT('',#6167);
#6167 = CARTESIAN_POINT('',(138.,100.,593.));
#6168 = LINE('',#6169,#6170);
#6169 = CARTESIAN_POINT('',(185.,100.,593.));
#6170 = VECTOR('',#6171,1.);
#6171 = DIRECTION('',(-1.,1.224646799147E-16,0.));
#6172 = ORIENTED_EDGE('',*,*,#6173,.F.);
#6173 = EDGE_CURVE('',#6109,#6166,#6174,.T.);
#6174 = LINE('',#6175,#6176);
#6175 = CARTESIAN_POINT('',(138.,100.,590.));
#6176 = VECTOR('',#6177,1.);
#6177 = DIRECTION('',(0.,0.,1.));
#6178 = PLANE('',#6179);
#6179 = AXIS2_PLACEMENT_3D('',#6180,#6181,#6182);
#6180 = CARTESIAN_POINT('',(185.,100.,590.));
#6181 = DIRECTION('',(-1.224646799147E-16,-1.,0.));
#6182 = DIRECTION('',(0.,0.,1.));
#6183 = ADVANCED_FACE('',(#6184),#6195,.T.);
#6184 = FACE_BOUND('',#6185,.T.);
#6185 = EDGE_LOOP('',(#6186,#6187,#6188,#6189));
#6186 = ORIENTED_EDGE('',*,*,#6165,.F.);
#6187 = ORIENTED_EDGE('',*,*,#5705,.F.);
#6188 = ORIENTED_EDGE('',*,*,#6141,.T.);
#6189 = ORIENTED_EDGE('',*,*,#6190,.T.);
#6190 = EDGE_CURVE('',#6142,#6166,#6191,.T.);
#6191 = LINE('',#6192,#6193);
#6192 = CARTESIAN_POINT('',(138.,110.,593.));
#6193 = VECTOR('',#6194,1.);
#6194 = DIRECTION('',(-1.224646799147E-16,-1.,0.));
#6195 = PLANE('',#6196);
#6196 = AXIS2_PLACEMENT_3D('',#6197,#6198,#6199);
#6197 = CARTESIAN_POINT('',(185.,110.,593.));
#6198 = DIRECTION('',(0.,0.,1.));
#6199 = DIRECTION('',(-1.,1.224646799147E-16,0.));
#6200 = ADVANCED_FACE('',(#6201),#6226,.F.);
#6201 = FACE_BOUND('',#6202,.F.);
#6202 = EDGE_LOOP('',(#6203,#6211,#6212,#6220));
#6203 = ORIENTED_EDGE('',*,*,#6204,.F.);
#6204 = EDGE_CURVE('',#5725,#6205,#6207,.T.);
#6205 = VERTEX_POINT('',#6206);
#6206 = CARTESIAN_POINT('',(173.33012701892,48.806424965365,590.));
#6207 = LINE('',#6208,#6209);
#6208 = CARTESIAN_POINT('',(196.83012701892,89.509618943233,590.));
#6209 = VECTOR('',#6210,1.);
#6210 = DIRECTION('',(-0.5,-0.866025403784,0.));
#6211 = ORIENTED_EDGE('',*,*,#5722,.F.);
#6212 = ORIENTED_EDGE('',*,*,#6213,.T.);
#6213 = EDGE_CURVE('',#5723,#6214,#6216,.T.);
#6214 = VERTEX_POINT('',#6215);
#6215 = CARTESIAN_POINT('',(164.66987298107,53.806424965365,590.));
#6216 = LINE('',#6217,#6218);
#6217 = CARTESIAN_POINT('',(188.16987298107,94.509618943233,590.));
#6218 = VECTOR('',#6219,1.);
#6219 = DIRECTION('',(-0.5,-0.866025403784,0.));
#6220 = ORIENTED_EDGE('',*,*,#6221,.T.);
#6221 = EDGE_CURVE('',#6214,#6205,#6222,.T.);
#6222 = LINE('',#6223,#6224);
#6223 = CARTESIAN_POINT('',(164.66987298107,53.806424965365,590.));
#6224 = VECTOR('',#6225,1.);
#6225 = DIRECTION('',(0.866025403784,-0.5,0.));
#6226 = PLANE('',#6227);
#6227 = AXIS2_PLACEMENT_3D('',#6228,#6229,#6230);
#6228 = CARTESIAN_POINT('',(188.16987298107,94.509618943233,590.));
#6229 = DIRECTION('',(0.,0.,1.));
#6230 = DIRECTION('',(-0.5,-0.866025403784,0.));
#6231 = ADVANCED_FACE('',(#6232),#6250,.F.);
#6232 = FACE_BOUND('',#6233,.F.);
#6233 = EDGE_LOOP('',(#6234,#6235,#6236,#6244));
#6234 = ORIENTED_EDGE('',*,*,#6213,.F.);
#6235 = ORIENTED_EDGE('',*,*,#5733,.T.);
#6236 = ORIENTED_EDGE('',*,*,#6237,.T.);
#6237 = EDGE_CURVE('',#5734,#6238,#6240,.T.);
#6238 = VERTEX_POINT('',#6239);
#6239 = CARTESIAN_POINT('',(164.66987298107,53.806424965365,593.));
#6240 = LINE('',#6241,#6242);
#6241 = CARTESIAN_POINT('',(188.16987298107,94.509618943233,593.));
#6242 = VECTOR('',#6243,1.);
#6243 = DIRECTION('',(-0.5,-0.866025403784,0.));
#6244 = ORIENTED_EDGE('',*,*,#6245,.F.);
#6245 = EDGE_CURVE('',#6214,#6238,#6246,.T.);
#6246 = LINE('',#6247,#6248);
#6247 = CARTESIAN_POINT('',(164.66987298107,53.806424965365,590.));
#6248 = VECTOR('',#6249,1.);
#6249 = DIRECTION('',(0.,0.,1.));
#6250 = PLANE('',#6251);
#6251 = AXIS2_PLACEMENT_3D('',#6252,#6253,#6254);
#6252 = CARTESIAN_POINT('',(188.16987298107,94.509618943233,590.));
#6253 = DIRECTION('',(0.866025403784,-0.5,0.));
#6254 = DIRECTION('',(0.,0.,1.));
#6255 = ADVANCED_FACE('',(#6256),#6274,.T.);
#6256 = FACE_BOUND('',#6257,.T.);
#6257 = EDGE_LOOP('',(#6258,#6259,#6260,#6268));
#6258 = ORIENTED_EDGE('',*,*,#6204,.F.);
#6259 = ORIENTED_EDGE('',*,*,#5750,.T.);
#6260 = ORIENTED_EDGE('',*,*,#6261,.T.);
#6261 = EDGE_CURVE('',#5742,#6262,#6264,.T.);
#6262 = VERTEX_POINT('',#6263);
#6263 = CARTESIAN_POINT('',(173.33012701892,48.806424965365,593.));
#6264 = LINE('',#6265,#6266);
#6265 = CARTESIAN_POINT('',(196.83012701892,89.509618943233,593.));
#6266 = VECTOR('',#6267,1.);
#6267 = DIRECTION('',(-0.5,-0.866025403784,0.));
#6268 = ORIENTED_EDGE('',*,*,#6269,.F.);
#6269 = EDGE_CURVE('',#6205,#6262,#6270,.T.);
#6270 = LINE('',#6271,#6272);
#6271 = CARTESIAN_POINT('',(173.33012701892,48.806424965365,590.));
#6272 = VECTOR('',#6273,1.);
#6273 = DIRECTION('',(0.,0.,1.));
#6274 = PLANE('',#6275);
#6275 = AXIS2_PLACEMENT_3D('',#6276,#6277,#6278);
#6276 = CARTESIAN_POINT('',(196.83012701892,89.509618943233,590.));
#6277 = DIRECTION('',(0.866025403784,-0.5,0.));
#6278 = DIRECTION('',(0.,0.,1.));
#6279 = ADVANCED_FACE('',(#6280),#6291,.T.);
#6280 = FACE_BOUND('',#6281,.T.);
#6281 = EDGE_LOOP('',(#6282,#6283,#6284,#6285));
#6282 = ORIENTED_EDGE('',*,*,#6261,.F.);
#6283 = ORIENTED_EDGE('',*,*,#5741,.F.);
#6284 = ORIENTED_EDGE('',*,*,#6237,.T.);
#6285 = ORIENTED_EDGE('',*,*,#6286,.T.);
#6286 = EDGE_CURVE('',#6238,#6262,#6287,.T.);
#6287 = LINE('',#6288,#6289);
#6288 = CARTESIAN_POINT('',(164.66987298107,53.806424965365,593.));
#6289 = VECTOR('',#6290,1.);
#6290 = DIRECTION('',(0.866025403784,-0.5,0.));
#6291 = PLANE('',#6292);
#6292 = AXIS2_PLACEMENT_3D('',#6293,#6294,#6295);
#6293 = CARTESIAN_POINT('',(188.16987298107,94.509618943233,593.));
#6294 = DIRECTION('',(0.,0.,1.));
#6295 = DIRECTION('',(-0.5,-0.866025403784,0.));
#6296 = ADVANCED_FACE('',(#6297),#6322,.F.);
#6297 = FACE_BOUND('',#6298,.F.);
#6298 = EDGE_LOOP('',(#6299,#6307,#6308,#6316));
#6299 = ORIENTED_EDGE('',*,*,#6300,.F.);
#6300 = EDGE_CURVE('',#5761,#6301,#6303,.T.);
#6301 = VERTEX_POINT('',#6302);
#6302 = CARTESIAN_POINT('',(235.33012701892,53.806424965365,590.));
#6303 = LINE('',#6304,#6305);
#6304 = CARTESIAN_POINT('',(211.83012701892,94.509618943233,590.));
#6305 = VECTOR('',#6306,1.);
#6306 = DIRECTION('',(0.5,-0.866025403784,0.));
#6307 = ORIENTED_EDGE('',*,*,#5758,.F.);
#6308 = ORIENTED_EDGE('',*,*,#6309,.T.);
#6309 = EDGE_CURVE('',#5759,#6310,#6312,.T.);
#6310 = VERTEX_POINT('',#6311);
#6311 = CARTESIAN_POINT('',(226.66987298107,48.806424965365,590.));
#6312 = LINE('',#6313,#6314);
#6313 = CARTESIAN_POINT('',(203.16987298107,89.509618943233,590.));
#6314 = VECTOR('',#6315,1.);
#6315 = DIRECTION('',(0.5,-0.866025403784,0.));
#6316 = ORIENTED_EDGE('',*,*,#6317,.T.);
#6317 = EDGE_CURVE('',#6310,#6301,#6318,.T.);
#6318 = LINE('',#6319,#6320);
#6319 = CARTESIAN_POINT('',(226.66987298107,48.806424965365,590.));
#6320 = VECTOR('',#6321,1.);
#6321 = DIRECTION('',(0.866025403784,0.5,0.));
#6322 = PLANE('',#6323);
#6323 = AXIS2_PLACEMENT_3D('',#6324,#6325,#6326);
#6324 = CARTESIAN_POINT('',(203.16987298107,89.509618943233,590.));
#6325 = DIRECTION('',(0.,0.,1.));
#6326 = DIRECTION('',(0.5,-0.866025403784,0.));
#6327 = ADVANCED_FACE('',(#6328),#6346,.T.);
#6328 = FACE_BOUND('',#6329,.T.);
#6329 = EDGE_LOOP('',(#6330,#6331,#6332,#6340));
#6330 = ORIENTED_EDGE('',*,*,#6300,.F.);
#6331 = ORIENTED_EDGE('',*,*,#5786,.T.);
#6332 = ORIENTED_EDGE('',*,*,#6333,.T.);
#6333 = EDGE_CURVE('',#5778,#6334,#6336,.T.);
#6334 = VERTEX_POINT('',#6335);
#6335 = CARTESIAN_POINT('',(235.33012701892,53.806424965365,593.));
#6336 = LINE('',#6337,#6338);
#6337 = CARTESIAN_POINT('',(211.83012701892,94.509618943233,593.));
#6338 = VECTOR('',#6339,1.);
#6339 = DIRECTION('',(0.5,-0.866025403784,0.));
#6340 = ORIENTED_EDGE('',*,*,#6341,.F.);
#6341 = EDGE_CURVE('',#6301,#6334,#6342,.T.);
#6342 = LINE('',#6343,#6344);
#6343 = CARTESIAN_POINT('',(235.33012701892,53.806424965365,590.));
#6344 = VECTOR('',#6345,1.);
#6345 = DIRECTION('',(0.,0.,1.));
#6346 = PLANE('',#6347);
#6347 = AXIS2_PLACEMENT_3D('',#6348,#6349,#6350);
#6348 = CARTESIAN_POINT('',(211.83012701892,94.509618943233,590.));
#6349 = DIRECTION('',(0.866025403784,0.5,0.));
#6350 = DIRECTION('',(0.,0.,1.));
#6351 = ADVANCED_FACE('',(#6352),#6370,.T.);
#6352 = FACE_BOUND('',#6353,.T.);
#6353 = EDGE_LOOP('',(#6354,#6355,#6356,#6364));
#6354 = ORIENTED_EDGE('',*,*,#6333,.F.);
#6355 = ORIENTED_EDGE('',*,*,#5777,.F.);
#6356 = ORIENTED_EDGE('',*,*,#6357,.T.);
#6357 = EDGE_CURVE('',#5770,#6358,#6360,.T.);
#6358 = VERTEX_POINT('',#6359);
#6359 = CARTESIAN_POINT('',(226.66987298107,48.806424965365,593.));
#6360 = LINE('',#6361,#6362);
#6361 = CARTESIAN_POINT('',(203.16987298107,89.509618943233,593.));
#6362 = VECTOR('',#6363,1.);
#6363 = DIRECTION('',(0.5,-0.866025403784,0.));
#6364 = ORIENTED_EDGE('',*,*,#6365,.T.);
#6365 = EDGE_CURVE('',#6358,#6334,#6366,.T.);
#6366 = LINE('',#6367,#6368);
#6367 = CARTESIAN_POINT('',(226.66987298107,48.806424965365,593.));
#6368 = VECTOR('',#6369,1.);
#6369 = DIRECTION('',(0.866025403784,0.5,0.));
#6370 = PLANE('',#6371);
#6371 = AXIS2_PLACEMENT_3D('',#6372,#6373,#6374);
#6372 = CARTESIAN_POINT('',(203.16987298107,89.509618943233,593.));
#6373 = DIRECTION('',(0.,0.,1.));
#6374 = DIRECTION('',(0.5,-0.866025403784,0.));
#6375 = ADVANCED_FACE('',(#6376),#6387,.F.);
#6376 = FACE_BOUND('',#6377,.F.);
#6377 = EDGE_LOOP('',(#6378,#6379,#6380,#6381));
#6378 = ORIENTED_EDGE('',*,*,#6309,.F.);
#6379 = ORIENTED_EDGE('',*,*,#5769,.T.);
#6380 = ORIENTED_EDGE('',*,*,#6357,.T.);
#6381 = ORIENTED_EDGE('',*,*,#6382,.F.);
#6382 = EDGE_CURVE('',#6310,#6358,#6383,.T.);
#6383 = LINE('',#6384,#6385);
#6384 = CARTESIAN_POINT('',(226.66987298107,48.806424965365,590.));
#6385 = VECTOR('',#6386,1.);
#6386 = DIRECTION('',(0.,0.,1.));
#6387 = PLANE('',#6388);
#6388 = AXIS2_PLACEMENT_3D('',#6389,#6390,#6391);
#6389 = CARTESIAN_POINT('',(203.16987298107,89.509618943233,590.));
#6390 = DIRECTION('',(0.866025403784,0.5,0.));
#6391 = DIRECTION('',(0.,0.,1.));
#6392 = ADVANCED_FACE('',(#6393),#6399,.T.);
#6393 = FACE_BOUND('',#6394,.T.);
#6394 = EDGE_LOOP('',(#6395,#6396,#6397,#6398));
#6395 = ORIENTED_EDGE('',*,*,#5902,.F.);
#6396 = ORIENTED_EDGE('',*,*,#5818,.T.);
#6397 = ORIENTED_EDGE('',*,*,#5851,.T.);
#6398 = ORIENTED_EDGE('',*,*,#5876,.F.);
#6399 = PLANE('',#6400);
#6400 = AXIS2_PLACEMENT_3D('',#6401,#6402,#6403);
#6401 = CARTESIAN_POINT('',(262.,100.,590.));
#6402 = DIRECTION('',(1.,0.,0.));
#6403 = DIRECTION('',(0.,0.,1.));
#6404 = ADVANCED_FACE('',(#6405),#6411,.T.);
#6405 = FACE_BOUND('',#6406,.T.);
#6406 = EDGE_LOOP('',(#6407,#6408,#6409,#6410));
#6407 = ORIENTED_EDGE('',*,*,#5957,.F.);
#6408 = ORIENTED_EDGE('',*,*,#5933,.T.);
#6409 = ORIENTED_EDGE('',*,*,#5981,.T.);
#6410 = ORIENTED_EDGE('',*,*,#5998,.F.);
#6411 = PLANE('',#6412);
#6412 = AXIS2_PLACEMENT_3D('',#6413,#6414,#6415);
#6413 = CARTESIAN_POINT('',(235.33012701892,156.19357503463,590.));
#6414 = DIRECTION('',(0.5,0.866025403784,0.));
#6415 = DIRECTION('',(0.,0.,1.));
#6416 = ADVANCED_FACE('',(#6417),#6423,.T.);
#6417 = FACE_BOUND('',#6418,.T.);
#6418 = EDGE_LOOP('',(#6419,#6420,#6421,#6422));
#6419 = ORIENTED_EDGE('',*,*,#6053,.F.);
#6420 = ORIENTED_EDGE('',*,*,#6029,.T.);
#6421 = ORIENTED_EDGE('',*,*,#6077,.T.);
#6422 = ORIENTED_EDGE('',*,*,#6094,.F.);
#6423 = PLANE('',#6424);
#6424 = AXIS2_PLACEMENT_3D('',#6425,#6426,#6427);
#6425 = CARTESIAN_POINT('',(173.33012701892,161.19357503463,590.));
#6426 = DIRECTION('',(-0.5,0.866025403784,0.));
#6427 = DIRECTION('',(0.,0.,1.));
#6428 = ADVANCED_FACE('',(#6429),#6435,.T.);
#6429 = FACE_BOUND('',#6430,.T.);
#6430 = EDGE_LOOP('',(#6431,#6432,#6433,#6434));
#6431 = ORIENTED_EDGE('',*,*,#6149,.F.);
#6432 = ORIENTED_EDGE('',*,*,#6125,.T.);
#6433 = ORIENTED_EDGE('',*,*,#6173,.T.);
#6434 = ORIENTED_EDGE('',*,*,#6190,.F.);
#6435 = PLANE('',#6436);
#6436 = AXIS2_PLACEMENT_3D('',#6437,#6438,#6439);
#6437 = CARTESIAN_POINT('',(138.,110.,590.));
#6438 = DIRECTION('',(-1.,1.224646799147E-16,0.));
#6439 = DIRECTION('',(0.,0.,1.));
#6440 = ADVANCED_FACE('',(#6441),#6447,.T.);
#6441 = FACE_BOUND('',#6442,.T.);
#6442 = EDGE_LOOP('',(#6443,#6444,#6445,#6446));
#6443 = ORIENTED_EDGE('',*,*,#6245,.F.);
#6444 = ORIENTED_EDGE('',*,*,#6221,.T.);
#6445 = ORIENTED_EDGE('',*,*,#6269,.T.);
#6446 = ORIENTED_EDGE('',*,*,#6286,.F.);
#6447 = PLANE('',#6448);
#6448 = AXIS2_PLACEMENT_3D('',#6449,#6450,#6451);
#6449 = CARTESIAN_POINT('',(164.66987298107,53.806424965365,590.));
#6450 = DIRECTION('',(-0.5,-0.866025403784,0.));
#6451 = DIRECTION('',(0.,0.,1.));
#6452 = ADVANCED_FACE('',(#6453),#6459,.T.);
#6453 = FACE_BOUND('',#6454,.T.);
#6454 = EDGE_LOOP('',(#6455,#6456,#6457,#6458));
#6455 = ORIENTED_EDGE('',*,*,#6382,.F.);
#6456 = ORIENTED_EDGE('',*,*,#6317,.T.);
#6457 = ORIENTED_EDGE('',*,*,#6341,.T.);
#6458 = ORIENTED_EDGE('',*,*,#6365,.F.);
#6459 = PLANE('',#6460);
#6460 = AXIS2_PLACEMENT_3D('',#6461,#6462,#6463);
#6461 = CARTESIAN_POINT('',(226.66987298107,48.806424965365,590.));
#6462 = DIRECTION('',(0.5,-0.866025403784,0.));
#6463 = DIRECTION('',(0.,0.,1.));
#6464 = MANIFOLD_SOLID_BREP('',#6465);
#6465 = CLOSED_SHELL('',(#6466,#6506,#6537,#6616,#6640,#6712,#6724,#6741
    ,#6758,#6775,#6792));
#6466 = ADVANCED_FACE('',(#6467),#6501,.F.);
#6467 = FACE_BOUND('',#6468,.F.);
#6468 = EDGE_LOOP('',(#6469,#6479,#6487,#6495));
#6469 = ORIENTED_EDGE('',*,*,#6470,.F.);
#6470 = EDGE_CURVE('',#6471,#6473,#6475,.T.);
#6471 = VERTEX_POINT('',#6472);
#6472 = CARTESIAN_POINT('',(130.,35.,581.));
#6473 = VERTEX_POINT('',#6474);
#6474 = CARTESIAN_POINT('',(130.,35.,608.));
#6475 = LINE('',#6476,#6477);
#6476 = CARTESIAN_POINT('',(130.,35.,581.));
#6477 = VECTOR('',#6478,1.);
#6478 = DIRECTION('',(0.,0.,1.));
#6479 = ORIENTED_EDGE('',*,*,#6480,.T.);
#6480 = EDGE_CURVE('',#6471,#6481,#6483,.T.);
#6481 = VERTEX_POINT('',#6482);
#6482 = CARTESIAN_POINT('',(130.,175.,581.));
#6483 = LINE('',#6484,#6485);
#6484 = CARTESIAN_POINT('',(130.,35.,581.));
#6485 = VECTOR('',#6486,1.);
#6486 = DIRECTION('',(0.,1.,0.));
#6487 = ORIENTED_EDGE('',*,*,#6488,.T.);
#6488 = EDGE_CURVE('',#6481,#6489,#6491,.T.);
#6489 = VERTEX_POINT('',#6490);
#6490 = CARTESIAN_POINT('',(130.,175.,608.));
#6491 = LINE('',#6492,#6493);
#6492 = CARTESIAN_POINT('',(130.,175.,581.));
#6493 = VECTOR('',#6494,1.);
#6494 = DIRECTION('',(0.,0.,1.));
#6495 = ORIENTED_EDGE('',*,*,#6496,.F.);
#6496 = EDGE_CURVE('',#6473,#6489,#6497,.T.);
#6497 = LINE('',#6498,#6499);
#6498 = CARTESIAN_POINT('',(130.,35.,608.));
#6499 = VECTOR('',#6500,1.);
#6500 = DIRECTION('',(0.,1.,0.));
#6501 = PLANE('',#6502);
#6502 = AXIS2_PLACEMENT_3D('',#6503,#6504,#6505);
#6503 = CARTESIAN_POINT('',(130.,35.,581.));
#6504 = DIRECTION('',(1.,0.,0.));
#6505 = DIRECTION('',(0.,0.,1.));
#6506 = ADVANCED_FACE('',(#6507),#6532,.F.);
#6507 = FACE_BOUND('',#6508,.F.);
#6508 = EDGE_LOOP('',(#6509,#6517,#6518,#6526));
#6509 = ORIENTED_EDGE('',*,*,#6510,.F.);
#6510 = EDGE_CURVE('',#6471,#6511,#6513,.T.);
#6511 = VERTEX_POINT('',#6512);
#6512 = CARTESIAN_POINT('',(270.,35.,581.));
#6513 = LINE('',#6514,#6515);
#6514 = CARTESIAN_POINT('',(130.,35.,581.));
#6515 = VECTOR('',#6516,1.);
#6516 = DIRECTION('',(1.,0.,0.));
#6517 = ORIENTED_EDGE('',*,*,#6470,.T.);
#6518 = ORIENTED_EDGE('',*,*,#6519,.T.);
#6519 = EDGE_CURVE('',#6473,#6520,#6522,.T.);
#6520 = VERTEX_POINT('',#6521);
#6521 = CARTESIAN_POINT('',(270.,35.,608.));
#6522 = LINE('',#6523,#6524);
#6523 = CARTESIAN_POINT('',(130.,35.,608.));
#6524 = VECTOR('',#6525,1.);
#6525 = DIRECTION('',(1.,0.,0.));
#6526 = ORIENTED_EDGE('',*,*,#6527,.F.);
#6527 = EDGE_CURVE('',#6511,#6520,#6528,.T.);
#6528 = LINE('',#6529,#6530);
#6529 = CARTESIAN_POINT('',(270.,35.,581.));
#6530 = VECTOR('',#6531,1.);
#6531 = DIRECTION('',(0.,0.,1.));
#6532 = PLANE('',#6533);
#6533 = AXIS2_PLACEMENT_3D('',#6534,#6535,#6536);
#6534 = CARTESIAN_POINT('',(130.,35.,581.));
#6535 = DIRECTION('',(0.,1.,0.));
#6536 = DIRECTION('',(0.,0.,1.));
#6537 = ADVANCED_FACE('',(#6538,#6556,#6567,#6578,#6589,#6600),#6611,.T.
  );
#6538 = FACE_BOUND('',#6539,.T.);
#6539 = EDGE_LOOP('',(#6540,#6541,#6542,#6550));
#6540 = ORIENTED_EDGE('',*,*,#6496,.F.);
#6541 = ORIENTED_EDGE('',*,*,#6519,.T.);
#6542 = ORIENTED_EDGE('',*,*,#6543,.T.);
#6543 = EDGE_CURVE('',#6520,#6544,#6546,.T.);
#6544 = VERTEX_POINT('',#6545);
#6545 = CARTESIAN_POINT('',(270.,175.,608.));
#6546 = LINE('',#6547,#6548);
#6547 = CARTESIAN_POINT('',(270.,35.,608.));
#6548 = VECTOR('',#6549,1.);
#6549 = DIRECTION('',(0.,1.,0.));
#6550 = ORIENTED_EDGE('',*,*,#6551,.F.);
#6551 = EDGE_CURVE('',#6489,#6544,#6552,.T.);
#6552 = LINE('',#6553,#6554);
#6553 = CARTESIAN_POINT('',(130.,175.,608.));
#6554 = VECTOR('',#6555,1.);
#6555 = DIRECTION('',(1.,0.,0.));
#6556 = FACE_BOUND('',#6557,.T.);
#6557 = EDGE_LOOP('',(#6558));
#6558 = ORIENTED_EDGE('',*,*,#6559,.F.);
#6559 = EDGE_CURVE('',#6560,#6560,#6562,.T.);
#6560 = VERTEX_POINT('',#6561);
#6561 = CARTESIAN_POINT('',(139.75,42.5,608.));
#6562 = CIRCLE('',#6563,2.25);
#6563 = AXIS2_PLACEMENT_3D('',#6564,#6565,#6566);
#6564 = CARTESIAN_POINT('',(137.5,42.5,608.));
#6565 = DIRECTION('',(0.,0.,1.));
#6566 = DIRECTION('',(1.,0.,0.));
#6567 = FACE_BOUND('',#6568,.T.);
#6568 = EDGE_LOOP('',(#6569));
#6569 = ORIENTED_EDGE('',*,*,#6570,.F.);
#6570 = EDGE_CURVE('',#6571,#6571,#6573,.T.);
#6571 = VERTEX_POINT('',#6572);
#6572 = CARTESIAN_POINT('',(264.75,42.5,608.));
#6573 = CIRCLE('',#6574,2.25);
#6574 = AXIS2_PLACEMENT_3D('',#6575,#6576,#6577);
#6575 = CARTESIAN_POINT('',(262.5,42.5,608.));
#6576 = DIRECTION('',(0.,0.,1.));
#6577 = DIRECTION('',(1.,0.,0.));
#6578 = FACE_BOUND('',#6579,.T.);
#6579 = EDGE_LOOP('',(#6580));
#6580 = ORIENTED_EDGE('',*,*,#6581,.F.);
#6581 = EDGE_CURVE('',#6582,#6582,#6584,.T.);
#6582 = VERTEX_POINT('',#6583);
#6583 = CARTESIAN_POINT('',(139.75,167.5,608.));
#6584 = CIRCLE('',#6585,2.25);
#6585 = AXIS2_PLACEMENT_3D('',#6586,#6587,#6588);
#6586 = CARTESIAN_POINT('',(137.5,167.5,608.));
#6587 = DIRECTION('',(0.,0.,1.));
#6588 = DIRECTION('',(1.,0.,0.));
#6589 = FACE_BOUND('',#6590,.T.);
#6590 = EDGE_LOOP('',(#6591));
#6591 = ORIENTED_EDGE('',*,*,#6592,.F.);
#6592 = EDGE_CURVE('',#6593,#6593,#6595,.T.);
#6593 = VERTEX_POINT('',#6594);
#6594 = CARTESIAN_POINT('',(265.,105.,608.));
#6595 = CIRCLE('',#6596,65.);
#6596 = AXIS2_PLACEMENT_3D('',#6597,#6598,#6599);
#6597 = CARTESIAN_POINT('',(200.,105.,608.));
#6598 = DIRECTION('',(0.,0.,1.));
#6599 = DIRECTION('',(1.,0.,0.));
#6600 = FACE_BOUND('',#6601,.T.);
#6601 = EDGE_LOOP('',(#6602));
#6602 = ORIENTED_EDGE('',*,*,#6603,.F.);
#6603 = EDGE_CURVE('',#6604,#6604,#6606,.T.);
#6604 = VERTEX_POINT('',#6605);
#6605 = CARTESIAN_POINT('',(264.75,167.5,608.));
#6606 = CIRCLE('',#6607,2.25);
#6607 = AXIS2_PLACEMENT_3D('',#6608,#6609,#6610);
#6608 = CARTESIAN_POINT('',(262.5,167.5,608.));
#6609 = DIRECTION('',(0.,0.,1.));
#6610 = DIRECTION('',(1.,0.,0.));
#6611 = PLANE('',#6612);
#6612 = AXIS2_PLACEMENT_3D('',#6613,#6614,#6615);
#6613 = CARTESIAN_POINT('',(130.,35.,608.));
#6614 = DIRECTION('',(0.,0.,1.));
#6615 = DIRECTION('',(1.,0.,0.));
#6616 = ADVANCED_FACE('',(#6617),#6635,.T.);
#6617 = FACE_BOUND('',#6618,.T.);
#6618 = EDGE_LOOP('',(#6619,#6627,#6628,#6629));
#6619 = ORIENTED_EDGE('',*,*,#6620,.F.);
#6620 = EDGE_CURVE('',#6481,#6621,#6623,.T.);
#6621 = VERTEX_POINT('',#6622);
#6622 = CARTESIAN_POINT('',(270.,175.,581.));
#6623 = LINE('',#6624,#6625);
#6624 = CARTESIAN_POINT('',(130.,175.,581.));
#6625 = VECTOR('',#6626,1.);
#6626 = DIRECTION('',(1.,0.,0.));
#6627 = ORIENTED_EDGE('',*,*,#6488,.T.);
#6628 = ORIENTED_EDGE('',*,*,#6551,.T.);
#6629 = ORIENTED_EDGE('',*,*,#6630,.F.);
#6630 = EDGE_CURVE('',#6621,#6544,#6631,.T.);
#6631 = LINE('',#6632,#6633);
#6632 = CARTESIAN_POINT('',(270.,175.,581.));
#6633 = VECTOR('',#6634,1.);
#6634 = DIRECTION('',(0.,0.,1.));
#6635 = PLANE('',#6636);
#6636 = AXIS2_PLACEMENT_3D('',#6637,#6638,#6639);
#6637 = CARTESIAN_POINT('',(130.,175.,581.));
#6638 = DIRECTION('',(0.,1.,0.));
#6639 = DIRECTION('',(0.,0.,1.));
#6640 = ADVANCED_FACE('',(#6641,#6652,#6663,#6674,#6685,#6696),#6707,.F.
  );
#6641 = FACE_BOUND('',#6642,.F.);
#6642 = EDGE_LOOP('',(#6643,#6644,#6645,#6651));
#6643 = ORIENTED_EDGE('',*,*,#6480,.F.);
#6644 = ORIENTED_EDGE('',*,*,#6510,.T.);
#6645 = ORIENTED_EDGE('',*,*,#6646,.T.);
#6646 = EDGE_CURVE('',#6511,#6621,#6647,.T.);
#6647 = LINE('',#6648,#6649);
#6648 = CARTESIAN_POINT('',(270.,35.,581.));
#6649 = VECTOR('',#6650,1.);
#6650 = DIRECTION('',(0.,1.,0.));
#6651 = ORIENTED_EDGE('',*,*,#6620,.F.);
#6652 = FACE_BOUND('',#6653,.F.);
#6653 = EDGE_LOOP('',(#6654));
#6654 = ORIENTED_EDGE('',*,*,#6655,.F.);
#6655 = EDGE_CURVE('',#6656,#6656,#6658,.T.);
#6656 = VERTEX_POINT('',#6657);
#6657 = CARTESIAN_POINT('',(139.75,42.5,581.));
#6658 = CIRCLE('',#6659,2.25);
#6659 = AXIS2_PLACEMENT_3D('',#6660,#6661,#6662);
#6660 = CARTESIAN_POINT('',(137.5,42.5,581.));
#6661 = DIRECTION('',(0.,0.,1.));
#6662 = DIRECTION('',(1.,0.,0.));
#6663 = FACE_BOUND('',#6664,.F.);
#6664 = EDGE_LOOP('',(#6665));
#6665 = ORIENTED_EDGE('',*,*,#6666,.F.);
#6666 = EDGE_CURVE('',#6667,#6667,#6669,.T.);
#6667 = VERTEX_POINT('',#6668);
#6668 = CARTESIAN_POINT('',(264.75,42.5,581.));
#6669 = CIRCLE('',#6670,2.25);
#6670 = AXIS2_PLACEMENT_3D('',#6671,#6672,#6673);
#6671 = CARTESIAN_POINT('',(262.5,42.5,581.));
#6672 = DIRECTION('',(0.,0.,1.));
#6673 = DIRECTION('',(1.,0.,0.));
#6674 = FACE_BOUND('',#6675,.F.);
#6675 = EDGE_LOOP('',(#6676));
#6676 = ORIENTED_EDGE('',*,*,#6677,.F.);
#6677 = EDGE_CURVE('',#6678,#6678,#6680,.T.);
#6678 = VERTEX_POINT('',#6679);
#6679 = CARTESIAN_POINT('',(139.75,167.5,581.));
#6680 = CIRCLE('',#6681,2.25);
#6681 = AXIS2_PLACEMENT_3D('',#6682,#6683,#6684);
#6682 = CARTESIAN_POINT('',(137.5,167.5,581.));
#6683 = DIRECTION('',(0.,0.,1.));
#6684 = DIRECTION('',(1.,0.,0.));
#6685 = FACE_BOUND('',#6686,.F.);
#6686 = EDGE_LOOP('',(#6687));
#6687 = ORIENTED_EDGE('',*,*,#6688,.F.);
#6688 = EDGE_CURVE('',#6689,#6689,#6691,.T.);
#6689 = VERTEX_POINT('',#6690);
#6690 = CARTESIAN_POINT('',(265.,105.,581.));
#6691 = CIRCLE('',#6692,65.);
#6692 = AXIS2_PLACEMENT_3D('',#6693,#6694,#6695);
#6693 = CARTESIAN_POINT('',(200.,105.,581.));
#6694 = DIRECTION('',(0.,0.,1.));
#6695 = DIRECTION('',(1.,0.,0.));
#6696 = FACE_BOUND('',#6697,.F.);
#6697 = EDGE_LOOP('',(#6698));
#6698 = ORIENTED_EDGE('',*,*,#6699,.F.);
#6699 = EDGE_CURVE('',#6700,#6700,#6702,.T.);
#6700 = VERTEX_POINT('',#6701);
#6701 = CARTESIAN_POINT('',(264.75,167.5,581.));
#6702 = CIRCLE('',#6703,2.25);
#6703 = AXIS2_PLACEMENT_3D('',#6704,#6705,#6706);
#6704 = CARTESIAN_POINT('',(262.5,167.5,581.));
#6705 = DIRECTION('',(0.,0.,1.));
#6706 = DIRECTION('',(1.,0.,0.));
#6707 = PLANE('',#6708);
#6708 = AXIS2_PLACEMENT_3D('',#6709,#6710,#6711);
#6709 = CARTESIAN_POINT('',(130.,35.,581.));
#6710 = DIRECTION('',(0.,0.,1.));
#6711 = DIRECTION('',(1.,0.,0.));
#6712 = ADVANCED_FACE('',(#6713),#6719,.T.);
#6713 = FACE_BOUND('',#6714,.T.);
#6714 = EDGE_LOOP('',(#6715,#6716,#6717,#6718));
#6715 = ORIENTED_EDGE('',*,*,#6527,.F.);
#6716 = ORIENTED_EDGE('',*,*,#6646,.T.);
#6717 = ORIENTED_EDGE('',*,*,#6630,.T.);
#6718 = ORIENTED_EDGE('',*,*,#6543,.F.);
#6719 = PLANE('',#6720);
#6720 = AXIS2_PLACEMENT_3D('',#6721,#6722,#6723);
#6721 = CARTESIAN_POINT('',(270.,35.,581.));
#6722 = DIRECTION('',(1.,0.,0.));
#6723 = DIRECTION('',(0.,0.,1.));
#6724 = ADVANCED_FACE('',(#6725),#6736,.F.);
#6725 = FACE_BOUND('',#6726,.F.);
#6726 = EDGE_LOOP('',(#6727,#6728,#6734,#6735));
#6727 = ORIENTED_EDGE('',*,*,#6559,.F.);
#6728 = ORIENTED_EDGE('',*,*,#6729,.F.);
#6729 = EDGE_CURVE('',#6656,#6560,#6730,.T.);
#6730 = LINE('',#6731,#6732);
#6731 = CARTESIAN_POINT('',(139.75,42.5,580.));
#6732 = VECTOR('',#6733,1.);
#6733 = DIRECTION('',(0.,0.,1.));
#6734 = ORIENTED_EDGE('',*,*,#6655,.T.);
#6735 = ORIENTED_EDGE('',*,*,#6729,.T.);
#6736 = CYLINDRICAL_SURFACE('',#6737,2.25);
#6737 = AXIS2_PLACEMENT_3D('',#6738,#6739,#6740);
#6738 = CARTESIAN_POINT('',(137.5,42.5,580.));
#6739 = DIRECTION('',(0.,0.,1.));
#6740 = DIRECTION('',(1.,0.,0.));
#6741 = ADVANCED_FACE('',(#6742),#6753,.F.);
#6742 = FACE_BOUND('',#6743,.F.);
#6743 = EDGE_LOOP('',(#6744,#6745,#6751,#6752));
#6744 = ORIENTED_EDGE('',*,*,#6570,.F.);
#6745 = ORIENTED_EDGE('',*,*,#6746,.F.);
#6746 = EDGE_CURVE('',#6667,#6571,#6747,.T.);
#6747 = LINE('',#6748,#6749);
#6748 = CARTESIAN_POINT('',(264.75,42.5,580.));
#6749 = VECTOR('',#6750,1.);
#6750 = DIRECTION('',(0.,0.,1.));
#6751 = ORIENTED_EDGE('',*,*,#6666,.T.);
#6752 = ORIENTED_EDGE('',*,*,#6746,.T.);
#6753 = CYLINDRICAL_SURFACE('',#6754,2.25);
#6754 = AXIS2_PLACEMENT_3D('',#6755,#6756,#6757);
#6755 = CARTESIAN_POINT('',(262.5,42.5,580.));
#6756 = DIRECTION('',(0.,0.,1.));
#6757 = DIRECTION('',(1.,0.,0.));
#6758 = ADVANCED_FACE('',(#6759),#6770,.F.);
#6759 = FACE_BOUND('',#6760,.F.);
#6760 = EDGE_LOOP('',(#6761,#6762,#6768,#6769));
#6761 = ORIENTED_EDGE('',*,*,#6581,.F.);
#6762 = ORIENTED_EDGE('',*,*,#6763,.F.);
#6763 = EDGE_CURVE('',#6678,#6582,#6764,.T.);
#6764 = LINE('',#6765,#6766);
#6765 = CARTESIAN_POINT('',(139.75,167.5,580.));
#6766 = VECTOR('',#6767,1.);
#6767 = DIRECTION('',(0.,0.,1.));
#6768 = ORIENTED_EDGE('',*,*,#6677,.T.);
#6769 = ORIENTED_EDGE('',*,*,#6763,.T.);
#6770 = CYLINDRICAL_SURFACE('',#6771,2.25);
#6771 = AXIS2_PLACEMENT_3D('',#6772,#6773,#6774);
#6772 = CARTESIAN_POINT('',(137.5,167.5,580.));
#6773 = DIRECTION('',(0.,0.,1.));
#6774 = DIRECTION('',(1.,0.,0.));
#6775 = ADVANCED_FACE('',(#6776),#6787,.F.);
#6776 = FACE_BOUND('',#6777,.F.);
#6777 = EDGE_LOOP('',(#6778,#6779,#6785,#6786));
#6778 = ORIENTED_EDGE('',*,*,#6592,.F.);
#6779 = ORIENTED_EDGE('',*,*,#6780,.F.);
#6780 = EDGE_CURVE('',#6689,#6593,#6781,.T.);
#6781 = LINE('',#6782,#6783);
#6782 = CARTESIAN_POINT('',(265.,105.,580.));
#6783 = VECTOR('',#6784,1.);
#6784 = DIRECTION('',(0.,0.,1.));
#6785 = ORIENTED_EDGE('',*,*,#6688,.T.);
#6786 = ORIENTED_EDGE('',*,*,#6780,.T.);
#6787 = CYLINDRICAL_SURFACE('',#6788,65.);
#6788 = AXIS2_PLACEMENT_3D('',#6789,#6790,#6791);
#6789 = CARTESIAN_POINT('',(200.,105.,580.));
#6790 = DIRECTION('',(0.,0.,1.));
#6791 = DIRECTION('',(1.,0.,0.));
#6792 = ADVANCED_FACE('',(#6793),#6804,.F.);
#6793 = FACE_BOUND('',#6794,.F.);
#6794 = EDGE_LOOP('',(#6795,#6796,#6802,#6803));
#6795 = ORIENTED_EDGE('',*,*,#6603,.F.);
#6796 = ORIENTED_EDGE('',*,*,#6797,.F.);
#6797 = EDGE_CURVE('',#6700,#6604,#6798,.T.);
#6798 = LINE('',#6799,#6800);
#6799 = CARTESIAN_POINT('',(264.75,167.5,580.));
#6800 = VECTOR('',#6801,1.);
#6801 = DIRECTION('',(0.,0.,1.));
#6802 = ORIENTED_EDGE('',*,*,#6699,.T.);
#6803 = ORIENTED_EDGE('',*,*,#6797,.T.);
#6804 = CYLINDRICAL_SURFACE('',#6805,2.25);
#6805 = AXIS2_PLACEMENT_3D('',#6806,#6807,#6808);
#6806 = CARTESIAN_POINT('',(262.5,167.5,580.));
#6807 = DIRECTION('',(0.,0.,1.));
#6808 = DIRECTION('',(1.,0.,0.));
#6809 = MANIFOLD_SOLID_BREP('',#6810);
#6810 = CLOSED_SHELL('',(#6811,#6844,#6853));
#6811 = ADVANCED_FACE('',(#6812),#6839,.T.);
#6812 = FACE_BOUND('',#6813,.T.);
#6813 = EDGE_LOOP('',(#6814,#6823,#6831,#6838));
#6814 = ORIENTED_EDGE('',*,*,#6815,.F.);
#6815 = EDGE_CURVE('',#6816,#6816,#6818,.T.);
#6816 = VERTEX_POINT('',#6817);
#6817 = CARTESIAN_POINT('',(139.5,42.5,615.));
#6818 = CIRCLE('',#6819,2.);
#6819 = AXIS2_PLACEMENT_3D('',#6820,#6821,#6822);
#6820 = CARTESIAN_POINT('',(137.5,42.5,615.));
#6821 = DIRECTION('',(0.,0.,1.));
#6822 = DIRECTION('',(1.,0.,0.));
#6823 = ORIENTED_EDGE('',*,*,#6824,.F.);
#6824 = EDGE_CURVE('',#6825,#6816,#6827,.T.);
#6825 = VERTEX_POINT('',#6826);
#6826 = CARTESIAN_POINT('',(139.5,42.5,565.));
#6827 = LINE('',#6828,#6829);
#6828 = CARTESIAN_POINT('',(139.5,42.5,565.));
#6829 = VECTOR('',#6830,1.);
#6830 = DIRECTION('',(0.,0.,1.));
#6831 = ORIENTED_EDGE('',*,*,#6832,.T.);
#6832 = EDGE_CURVE('',#6825,#6825,#6833,.T.);
#6833 = CIRCLE('',#6834,2.);
#6834 = AXIS2_PLACEMENT_3D('',#6835,#6836,#6837);
#6835 = CARTESIAN_POINT('',(137.5,42.5,565.));
#6836 = DIRECTION('',(0.,0.,1.));
#6837 = DIRECTION('',(1.,0.,0.));
#6838 = ORIENTED_EDGE('',*,*,#6824,.T.);
#6839 = CYLINDRICAL_SURFACE('',#6840,2.);
#6840 = AXIS2_PLACEMENT_3D('',#6841,#6842,#6843);
#6841 = CARTESIAN_POINT('',(137.5,42.5,565.));
#6842 = DIRECTION('',(0.,0.,1.));
#6843 = DIRECTION('',(1.,0.,0.));
#6844 = ADVANCED_FACE('',(#6845),#6848,.T.);
#6845 = FACE_BOUND('',#6846,.T.);
#6846 = EDGE_LOOP('',(#6847));
#6847 = ORIENTED_EDGE('',*,*,#6815,.T.);
#6848 = PLANE('',#6849);
#6849 = AXIS2_PLACEMENT_3D('',#6850,#6851,#6852);
#6850 = CARTESIAN_POINT('',(137.5,42.5,615.));
#6851 = DIRECTION('',(0.,0.,1.));
#6852 = DIRECTION('',(1.,0.,0.));
#6853 = ADVANCED_FACE('',(#6854),#6857,.F.);
#6854 = FACE_BOUND('',#6855,.T.);
#6855 = EDGE_LOOP('',(#6856));
#6856 = ORIENTED_EDGE('',*,*,#6832,.F.);
#6857 = PLANE('',#6858);
#6858 = AXIS2_PLACEMENT_3D('',#6859,#6860,#6861);
#6859 = CARTESIAN_POINT('',(137.5,42.5,565.));
#6860 = DIRECTION('',(0.,0.,1.));
#6861 = DIRECTION('',(1.,0.,0.));
#6862 = MANIFOLD_SOLID_BREP('',#6863);
#6863 = CLOSED_SHELL('',(#6864,#6897,#6906));
#6864 = ADVANCED_FACE('',(#6865),#6892,.T.);
#6865 = FACE_BOUND('',#6866,.T.);
#6866 = EDGE_LOOP('',(#6867,#6876,#6884,#6891));
#6867 = ORIENTED_EDGE('',*,*,#6868,.F.);
#6868 = EDGE_CURVE('',#6869,#6869,#6871,.T.);
#6869 = VERTEX_POINT('',#6870);
#6870 = CARTESIAN_POINT('',(139.5,167.5,615.));
#6871 = CIRCLE('',#6872,2.);
#6872 = AXIS2_PLACEMENT_3D('',#6873,#6874,#6875);
#6873 = CARTESIAN_POINT('',(137.5,167.5,615.));
#6874 = DIRECTION('',(0.,0.,1.));
#6875 = DIRECTION('',(1.,0.,0.));
#6876 = ORIENTED_EDGE('',*,*,#6877,.F.);
#6877 = EDGE_CURVE('',#6878,#6869,#6880,.T.);
#6878 = VERTEX_POINT('',#6879);
#6879 = CARTESIAN_POINT('',(139.5,167.5,565.));
#6880 = LINE('',#6881,#6882);
#6881 = CARTESIAN_POINT('',(139.5,167.5,565.));
#6882 = VECTOR('',#6883,1.);
#6883 = DIRECTION('',(0.,0.,1.));
#6884 = ORIENTED_EDGE('',*,*,#6885,.T.);
#6885 = EDGE_CURVE('',#6878,#6878,#6886,.T.);
#6886 = CIRCLE('',#6887,2.);
#6887 = AXIS2_PLACEMENT_3D('',#6888,#6889,#6890);
#6888 = CARTESIAN_POINT('',(137.5,167.5,565.));
#6889 = DIRECTION('',(0.,0.,1.));
#6890 = DIRECTION('',(1.,0.,0.));
#6891 = ORIENTED_EDGE('',*,*,#6877,.T.);
#6892 = CYLINDRICAL_SURFACE('',#6893,2.);
#6893 = AXIS2_PLACEMENT_3D('',#6894,#6895,#6896);
#6894 = CARTESIAN_POINT('',(137.5,167.5,565.));
#6895 = DIRECTION('',(0.,0.,1.));
#6896 = DIRECTION('',(1.,0.,0.));
#6897 = ADVANCED_FACE('',(#6898),#6901,.T.);
#6898 = FACE_BOUND('',#6899,.T.);
#6899 = EDGE_LOOP('',(#6900));
#6900 = ORIENTED_EDGE('',*,*,#6868,.T.);
#6901 = PLANE('',#6902);
#6902 = AXIS2_PLACEMENT_3D('',#6903,#6904,#6905);
#6903 = CARTESIAN_POINT('',(137.5,167.5,615.));
#6904 = DIRECTION('',(0.,0.,1.));
#6905 = DIRECTION('',(1.,0.,0.));
#6906 = ADVANCED_FACE('',(#6907),#6910,.F.);
#6907 = FACE_BOUND('',#6908,.T.);
#6908 = EDGE_LOOP('',(#6909));
#6909 = ORIENTED_EDGE('',*,*,#6885,.F.);
#6910 = PLANE('',#6911);
#6911 = AXIS2_PLACEMENT_3D('',#6912,#6913,#6914);
#6912 = CARTESIAN_POINT('',(137.5,167.5,565.));
#6913 = DIRECTION('',(0.,0.,1.));
#6914 = DIRECTION('',(1.,0.,0.));
#6915 = MANIFOLD_SOLID_BREP('',#6916);
#6916 = CLOSED_SHELL('',(#6917,#6950,#6959));
#6917 = ADVANCED_FACE('',(#6918),#6945,.T.);
#6918 = FACE_BOUND('',#6919,.T.);
#6919 = EDGE_LOOP('',(#6920,#6929,#6937,#6944));
#6920 = ORIENTED_EDGE('',*,*,#6921,.F.);
#6921 = EDGE_CURVE('',#6922,#6922,#6924,.T.);
#6922 = VERTEX_POINT('',#6923);
#6923 = CARTESIAN_POINT('',(264.5,42.5,615.));
#6924 = CIRCLE('',#6925,2.);
#6925 = AXIS2_PLACEMENT_3D('',#6926,#6927,#6928);
#6926 = CARTESIAN_POINT('',(262.5,42.5,615.));
#6927 = DIRECTION('',(0.,0.,1.));
#6928 = DIRECTION('',(1.,0.,0.));
#6929 = ORIENTED_EDGE('',*,*,#6930,.F.);
#6930 = EDGE_CURVE('',#6931,#6922,#6933,.T.);
#6931 = VERTEX_POINT('',#6932);
#6932 = CARTESIAN_POINT('',(264.5,42.5,565.));
#6933 = LINE('',#6934,#6935);
#6934 = CARTESIAN_POINT('',(264.5,42.5,565.));
#6935 = VECTOR('',#6936,1.);
#6936 = DIRECTION('',(0.,0.,1.));
#6937 = ORIENTED_EDGE('',*,*,#6938,.T.);
#6938 = EDGE_CURVE('',#6931,#6931,#6939,.T.);
#6939 = CIRCLE('',#6940,2.);
#6940 = AXIS2_PLACEMENT_3D('',#6941,#6942,#6943);
#6941 = CARTESIAN_POINT('',(262.5,42.5,565.));
#6942 = DIRECTION('',(0.,0.,1.));
#6943 = DIRECTION('',(1.,0.,0.));
#6944 = ORIENTED_EDGE('',*,*,#6930,.T.);
#6945 = CYLINDRICAL_SURFACE('',#6946,2.);
#6946 = AXIS2_PLACEMENT_3D('',#6947,#6948,#6949);
#6947 = CARTESIAN_POINT('',(262.5,42.5,565.));
#6948 = DIRECTION('',(0.,0.,1.));
#6949 = DIRECTION('',(1.,0.,0.));
#6950 = ADVANCED_FACE('',(#6951),#6954,.T.);
#6951 = FACE_BOUND('',#6952,.T.);
#6952 = EDGE_LOOP('',(#6953));
#6953 = ORIENTED_EDGE('',*,*,#6921,.T.);
#6954 = PLANE('',#6955);
#6955 = AXIS2_PLACEMENT_3D('',#6956,#6957,#6958);
#6956 = CARTESIAN_POINT('',(262.5,42.5,615.));
#6957 = DIRECTION('',(0.,0.,1.));
#6958 = DIRECTION('',(1.,0.,0.));
#6959 = ADVANCED_FACE('',(#6960),#6963,.F.);
#6960 = FACE_BOUND('',#6961,.T.);
#6961 = EDGE_LOOP('',(#6962));
#6962 = ORIENTED_EDGE('',*,*,#6938,.F.);
#6963 = PLANE('',#6964);
#6964 = AXIS2_PLACEMENT_3D('',#6965,#6966,#6967);
#6965 = CARTESIAN_POINT('',(262.5,42.5,565.));
#6966 = DIRECTION('',(0.,0.,1.));
#6967 = DIRECTION('',(1.,0.,0.));
#6968 = MANIFOLD_SOLID_BREP('',#6969);
#6969 = CLOSED_SHELL('',(#6970,#7003,#7012));
#6970 = ADVANCED_FACE('',(#6971),#6998,.T.);
#6971 = FACE_BOUND('',#6972,.T.);
#6972 = EDGE_LOOP('',(#6973,#6982,#6990,#6997));
#6973 = ORIENTED_EDGE('',*,*,#6974,.F.);
#6974 = EDGE_CURVE('',#6975,#6975,#6977,.T.);
#6975 = VERTEX_POINT('',#6976);
#6976 = CARTESIAN_POINT('',(264.5,167.5,615.));
#6977 = CIRCLE('',#6978,2.);
#6978 = AXIS2_PLACEMENT_3D('',#6979,#6980,#6981);
#6979 = CARTESIAN_POINT('',(262.5,167.5,615.));
#6980 = DIRECTION('',(0.,0.,1.));
#6981 = DIRECTION('',(1.,0.,0.));
#6982 = ORIENTED_EDGE('',*,*,#6983,.F.);
#6983 = EDGE_CURVE('',#6984,#6975,#6986,.T.);
#6984 = VERTEX_POINT('',#6985);
#6985 = CARTESIAN_POINT('',(264.5,167.5,565.));
#6986 = LINE('',#6987,#6988);
#6987 = CARTESIAN_POINT('',(264.5,167.5,565.));
#6988 = VECTOR('',#6989,1.);
#6989 = DIRECTION('',(0.,0.,1.));
#6990 = ORIENTED_EDGE('',*,*,#6991,.T.);
#6991 = EDGE_CURVE('',#6984,#6984,#6992,.T.);
#6992 = CIRCLE('',#6993,2.);
#6993 = AXIS2_PLACEMENT_3D('',#6994,#6995,#6996);
#6994 = CARTESIAN_POINT('',(262.5,167.5,565.));
#6995 = DIRECTION('',(0.,0.,1.));
#6996 = DIRECTION('',(1.,0.,0.));
#6997 = ORIENTED_EDGE('',*,*,#6983,.T.);
#6998 = CYLINDRICAL_SURFACE('',#6999,2.);
#6999 = AXIS2_PLACEMENT_3D('',#7000,#7001,#7002);
#7000 = CARTESIAN_POINT('',(262.5,167.5,565.));
#7001 = DIRECTION('',(0.,0.,1.));
#7002 = DIRECTION('',(1.,0.,0.));
#7003 = ADVANCED_FACE('',(#7004),#7007,.T.);
#7004 = FACE_BOUND('',#7005,.T.);
#7005 = EDGE_LOOP('',(#7006));
#7006 = ORIENTED_EDGE('',*,*,#6974,.T.);
#7007 = PLANE('',#7008);
#7008 = AXIS2_PLACEMENT_3D('',#7009,#7010,#7011);
#7009 = CARTESIAN_POINT('',(262.5,167.5,615.));
#7010 = DIRECTION('',(0.,0.,1.));
#7011 = DIRECTION('',(1.,0.,0.));
#7012 = ADVANCED_FACE('',(#7013),#7016,.F.);
#7013 = FACE_BOUND('',#7014,.T.);
#7014 = EDGE_LOOP('',(#7015));
#7015 = ORIENTED_EDGE('',*,*,#6991,.F.);
#7016 = PLANE('',#7017);
#7017 = AXIS2_PLACEMENT_3D('',#7018,#7019,#7020);
#7018 = CARTESIAN_POINT('',(262.5,167.5,565.));
#7019 = DIRECTION('',(0.,0.,1.));
#7020 = DIRECTION('',(1.,0.,0.));
#7021 = MANIFOLD_SOLID_BREP('',#7022);
#7022 = CLOSED_SHELL('',(#7023,#7063,#7094,#7173,#7197,#7269,#7281,#7298
    ,#7315,#7332,#7349));
#7023 = ADVANCED_FACE('',(#7024),#7058,.F.);
#7024 = FACE_BOUND('',#7025,.F.);
#7025 = EDGE_LOOP('',(#7026,#7036,#7044,#7052));
#7026 = ORIENTED_EDGE('',*,*,#7027,.F.);
#7027 = EDGE_CURVE('',#7028,#7030,#7032,.T.);
#7028 = VERTEX_POINT('',#7029);
#7029 = CARTESIAN_POINT('',(280.,35.,580.));
#7030 = VERTEX_POINT('',#7031);
#7031 = CARTESIAN_POINT('',(280.,35.,581.));
#7032 = LINE('',#7033,#7034);
#7033 = CARTESIAN_POINT('',(280.,35.,580.));
#7034 = VECTOR('',#7035,1.);
#7035 = DIRECTION('',(0.,0.,1.));
#7036 = ORIENTED_EDGE('',*,*,#7037,.T.);
#7037 = EDGE_CURVE('',#7028,#7038,#7040,.T.);
#7038 = VERTEX_POINT('',#7039);
#7039 = CARTESIAN_POINT('',(280.,175.,580.));
#7040 = LINE('',#7041,#7042);
#7041 = CARTESIAN_POINT('',(280.,35.,580.));
#7042 = VECTOR('',#7043,1.);
#7043 = DIRECTION('',(0.,1.,0.));
#7044 = ORIENTED_EDGE('',*,*,#7045,.T.);
#7045 = EDGE_CURVE('',#7038,#7046,#7048,.T.);
#7046 = VERTEX_POINT('',#7047);
#7047 = CARTESIAN_POINT('',(280.,175.,581.));
#7048 = LINE('',#7049,#7050);
#7049 = CARTESIAN_POINT('',(280.,175.,580.));
#7050 = VECTOR('',#7051,1.);
#7051 = DIRECTION('',(0.,0.,1.));
#7052 = ORIENTED_EDGE('',*,*,#7053,.F.);
#7053 = EDGE_CURVE('',#7030,#7046,#7054,.T.);
#7054 = LINE('',#7055,#7056);
#7055 = CARTESIAN_POINT('',(280.,35.,581.));
#7056 = VECTOR('',#7057,1.);
#7057 = DIRECTION('',(0.,1.,0.));
#7058 = PLANE('',#7059);
#7059 = AXIS2_PLACEMENT_3D('',#7060,#7061,#7062);
#7060 = CARTESIAN_POINT('',(280.,35.,580.));
#7061 = DIRECTION('',(1.,0.,0.));
#7062 = DIRECTION('',(0.,0.,1.));
#7063 = ADVANCED_FACE('',(#7064),#7089,.F.);
#7064 = FACE_BOUND('',#7065,.F.);
#7065 = EDGE_LOOP('',(#7066,#7074,#7075,#7083));
#7066 = ORIENTED_EDGE('',*,*,#7067,.F.);
#7067 = EDGE_CURVE('',#7028,#7068,#7070,.T.);
#7068 = VERTEX_POINT('',#7069);
#7069 = CARTESIAN_POINT('',(420.,35.,580.));
#7070 = LINE('',#7071,#7072);
#7071 = CARTESIAN_POINT('',(280.,35.,580.));
#7072 = VECTOR('',#7073,1.);
#7073 = DIRECTION('',(1.,0.,0.));
#7074 = ORIENTED_EDGE('',*,*,#7027,.T.);
#7075 = ORIENTED_EDGE('',*,*,#7076,.T.);
#7076 = EDGE_CURVE('',#7030,#7077,#7079,.T.);
#7077 = VERTEX_POINT('',#7078);
#7078 = CARTESIAN_POINT('',(420.,35.,581.));
#7079 = LINE('',#7080,#7081);
#7080 = CARTESIAN_POINT('',(280.,35.,581.));
#7081 = VECTOR('',#7082,1.);
#7082 = DIRECTION('',(1.,0.,0.));
#7083 = ORIENTED_EDGE('',*,*,#7084,.F.);
#7084 = EDGE_CURVE('',#7068,#7077,#7085,.T.);
#7085 = LINE('',#7086,#7087);
#7086 = CARTESIAN_POINT('',(420.,35.,580.));
#7087 = VECTOR('',#7088,1.);
#7088 = DIRECTION('',(0.,0.,1.));
#7089 = PLANE('',#7090);
#7090 = AXIS2_PLACEMENT_3D('',#7091,#7092,#7093);
#7091 = CARTESIAN_POINT('',(280.,35.,580.));
#7092 = DIRECTION('',(0.,1.,0.));
#7093 = DIRECTION('',(0.,0.,1.));
#7094 = ADVANCED_FACE('',(#7095,#7113,#7124,#7135,#7146,#7157),#7168,.T.
  );
#7095 = FACE_BOUND('',#7096,.T.);
#7096 = EDGE_LOOP('',(#7097,#7098,#7099,#7107));
#7097 = ORIENTED_EDGE('',*,*,#7053,.F.);
#7098 = ORIENTED_EDGE('',*,*,#7076,.T.);
#7099 = ORIENTED_EDGE('',*,*,#7100,.T.);
#7100 = EDGE_CURVE('',#7077,#7101,#7103,.T.);
#7101 = VERTEX_POINT('',#7102);
#7102 = CARTESIAN_POINT('',(420.,175.,581.));
#7103 = LINE('',#7104,#7105);
#7104 = CARTESIAN_POINT('',(420.,35.,581.));
#7105 = VECTOR('',#7106,1.);
#7106 = DIRECTION('',(0.,1.,0.));
#7107 = ORIENTED_EDGE('',*,*,#7108,.F.);
#7108 = EDGE_CURVE('',#7046,#7101,#7109,.T.);
#7109 = LINE('',#7110,#7111);
#7110 = CARTESIAN_POINT('',(280.,175.,581.));
#7111 = VECTOR('',#7112,1.);
#7112 = DIRECTION('',(1.,0.,0.));
#7113 = FACE_BOUND('',#7114,.T.);
#7114 = EDGE_LOOP('',(#7115));
#7115 = ORIENTED_EDGE('',*,*,#7116,.F.);
#7116 = EDGE_CURVE('',#7117,#7117,#7119,.T.);
#7117 = VERTEX_POINT('',#7118);
#7118 = CARTESIAN_POINT('',(289.75,42.5,581.));
#7119 = CIRCLE('',#7120,2.25);
#7120 = AXIS2_PLACEMENT_3D('',#7121,#7122,#7123);
#7121 = CARTESIAN_POINT('',(287.5,42.5,581.));
#7122 = DIRECTION('',(0.,0.,1.));
#7123 = DIRECTION('',(1.,0.,0.));
#7124 = FACE_BOUND('',#7125,.T.);
#7125 = EDGE_LOOP('',(#7126));
#7126 = ORIENTED_EDGE('',*,*,#7127,.F.);
#7127 = EDGE_CURVE('',#7128,#7128,#7130,.T.);
#7128 = VERTEX_POINT('',#7129);
#7129 = CARTESIAN_POINT('',(414.75,42.5,581.));
#7130 = CIRCLE('',#7131,2.25);
#7131 = AXIS2_PLACEMENT_3D('',#7132,#7133,#7134);
#7132 = CARTESIAN_POINT('',(412.5,42.5,581.));
#7133 = DIRECTION('',(0.,0.,1.));
#7134 = DIRECTION('',(1.,0.,0.));
#7135 = FACE_BOUND('',#7136,.T.);
#7136 = EDGE_LOOP('',(#7137));
#7137 = ORIENTED_EDGE('',*,*,#7138,.F.);
#7138 = EDGE_CURVE('',#7139,#7139,#7141,.T.);
#7139 = VERTEX_POINT('',#7140);
#7140 = CARTESIAN_POINT('',(289.75,167.5,581.));
#7141 = CIRCLE('',#7142,2.25);
#7142 = AXIS2_PLACEMENT_3D('',#7143,#7144,#7145);
#7143 = CARTESIAN_POINT('',(287.5,167.5,581.));
#7144 = DIRECTION('',(0.,0.,1.));
#7145 = DIRECTION('',(1.,0.,0.));
#7146 = FACE_BOUND('',#7147,.T.);
#7147 = EDGE_LOOP('',(#7148));
#7148 = ORIENTED_EDGE('',*,*,#7149,.F.);
#7149 = EDGE_CURVE('',#7150,#7150,#7152,.T.);
#7150 = VERTEX_POINT('',#7151);
#7151 = CARTESIAN_POINT('',(417.1,105.,581.));
#7152 = CIRCLE('',#7153,67.1);
#7153 = AXIS2_PLACEMENT_3D('',#7154,#7155,#7156);
#7154 = CARTESIAN_POINT('',(350.,105.,581.));
#7155 = DIRECTION('',(0.,0.,1.));
#7156 = DIRECTION('',(1.,0.,0.));
#7157 = FACE_BOUND('',#7158,.T.);
#7158 = EDGE_LOOP('',(#7159));
#7159 = ORIENTED_EDGE('',*,*,#7160,.F.);
#7160 = EDGE_CURVE('',#7161,#7161,#7163,.T.);
#7161 = VERTEX_POINT('',#7162);
#7162 = CARTESIAN_POINT('',(414.75,167.5,581.));
#7163 = CIRCLE('',#7164,2.25);
#7164 = AXIS2_PLACEMENT_3D('',#7165,#7166,#7167);
#7165 = CARTESIAN_POINT('',(412.5,167.5,581.));
#7166 = DIRECTION('',(0.,0.,1.));
#7167 = DIRECTION('',(1.,0.,0.));
#7168 = PLANE('',#7169);
#7169 = AXIS2_PLACEMENT_3D('',#7170,#7171,#7172);
#7170 = CARTESIAN_POINT('',(280.,35.,581.));
#7171 = DIRECTION('',(0.,0.,1.));
#7172 = DIRECTION('',(1.,0.,0.));
#7173 = ADVANCED_FACE('',(#7174),#7192,.T.);
#7174 = FACE_BOUND('',#7175,.T.);
#7175 = EDGE_LOOP('',(#7176,#7184,#7185,#7186));
#7176 = ORIENTED_EDGE('',*,*,#7177,.F.);
#7177 = EDGE_CURVE('',#7038,#7178,#7180,.T.);
#7178 = VERTEX_POINT('',#7179);
#7179 = CARTESIAN_POINT('',(420.,175.,580.));
#7180 = LINE('',#7181,#7182);
#7181 = CARTESIAN_POINT('',(280.,175.,580.));
#7182 = VECTOR('',#7183,1.);
#7183 = DIRECTION('',(1.,0.,0.));
#7184 = ORIENTED_EDGE('',*,*,#7045,.T.);
#7185 = ORIENTED_EDGE('',*,*,#7108,.T.);
#7186 = ORIENTED_EDGE('',*,*,#7187,.F.);
#7187 = EDGE_CURVE('',#7178,#7101,#7188,.T.);
#7188 = LINE('',#7189,#7190);
#7189 = CARTESIAN_POINT('',(420.,175.,580.));
#7190 = VECTOR('',#7191,1.);
#7191 = DIRECTION('',(0.,0.,1.));
#7192 = PLANE('',#7193);
#7193 = AXIS2_PLACEMENT_3D('',#7194,#7195,#7196);
#7194 = CARTESIAN_POINT('',(280.,175.,580.));
#7195 = DIRECTION('',(0.,1.,0.));
#7196 = DIRECTION('',(0.,0.,1.));
#7197 = ADVANCED_FACE('',(#7198,#7209,#7220,#7231,#7242,#7253),#7264,.F.
  );
#7198 = FACE_BOUND('',#7199,.F.);
#7199 = EDGE_LOOP('',(#7200,#7201,#7202,#7208));
#7200 = ORIENTED_EDGE('',*,*,#7037,.F.);
#7201 = ORIENTED_EDGE('',*,*,#7067,.T.);
#7202 = ORIENTED_EDGE('',*,*,#7203,.T.);
#7203 = EDGE_CURVE('',#7068,#7178,#7204,.T.);
#7204 = LINE('',#7205,#7206);
#7205 = CARTESIAN_POINT('',(420.,35.,580.));
#7206 = VECTOR('',#7207,1.);
#7207 = DIRECTION('',(0.,1.,0.));
#7208 = ORIENTED_EDGE('',*,*,#7177,.F.);
#7209 = FACE_BOUND('',#7210,.F.);
#7210 = EDGE_LOOP('',(#7211));
#7211 = ORIENTED_EDGE('',*,*,#7212,.F.);
#7212 = EDGE_CURVE('',#7213,#7213,#7215,.T.);
#7213 = VERTEX_POINT('',#7214);
#7214 = CARTESIAN_POINT('',(289.75,42.5,580.));
#7215 = CIRCLE('',#7216,2.25);
#7216 = AXIS2_PLACEMENT_3D('',#7217,#7218,#7219);
#7217 = CARTESIAN_POINT('',(287.5,42.5,580.));
#7218 = DIRECTION('',(0.,0.,1.));
#7219 = DIRECTION('',(1.,0.,0.));
#7220 = FACE_BOUND('',#7221,.F.);
#7221 = EDGE_LOOP('',(#7222));
#7222 = ORIENTED_EDGE('',*,*,#7223,.F.);
#7223 = EDGE_CURVE('',#7224,#7224,#7226,.T.);
#7224 = VERTEX_POINT('',#7225);
#7225 = CARTESIAN_POINT('',(414.75,42.5,580.));
#7226 = CIRCLE('',#7227,2.25);
#7227 = AXIS2_PLACEMENT_3D('',#7228,#7229,#7230);
#7228 = CARTESIAN_POINT('',(412.5,42.5,580.));
#7229 = DIRECTION('',(0.,0.,1.));
#7230 = DIRECTION('',(1.,0.,0.));
#7231 = FACE_BOUND('',#7232,.F.);
#7232 = EDGE_LOOP('',(#7233));
#7233 = ORIENTED_EDGE('',*,*,#7234,.F.);
#7234 = EDGE_CURVE('',#7235,#7235,#7237,.T.);
#7235 = VERTEX_POINT('',#7236);
#7236 = CARTESIAN_POINT('',(289.75,167.5,580.));
#7237 = CIRCLE('',#7238,2.25);
#7238 = AXIS2_PLACEMENT_3D('',#7239,#7240,#7241);
#7239 = CARTESIAN_POINT('',(287.5,167.5,580.));
#7240 = DIRECTION('',(0.,0.,1.));
#7241 = DIRECTION('',(1.,0.,0.));
#7242 = FACE_BOUND('',#7243,.F.);
#7243 = EDGE_LOOP('',(#7244));
#7244 = ORIENTED_EDGE('',*,*,#7245,.F.);
#7245 = EDGE_CURVE('',#7246,#7246,#7248,.T.);
#7246 = VERTEX_POINT('',#7247);
#7247 = CARTESIAN_POINT('',(417.1,105.,580.));
#7248 = CIRCLE('',#7249,67.1);
#7249 = AXIS2_PLACEMENT_3D('',#7250,#7251,#7252);
#7250 = CARTESIAN_POINT('',(350.,105.,580.));
#7251 = DIRECTION('',(0.,0.,1.));
#7252 = DIRECTION('',(1.,0.,0.));
#7253 = FACE_BOUND('',#7254,.F.);
#7254 = EDGE_LOOP('',(#7255));
#7255 = ORIENTED_EDGE('',*,*,#7256,.F.);
#7256 = EDGE_CURVE('',#7257,#7257,#7259,.T.);
#7257 = VERTEX_POINT('',#7258);
#7258 = CARTESIAN_POINT('',(414.75,167.5,580.));
#7259 = CIRCLE('',#7260,2.25);
#7260 = AXIS2_PLACEMENT_3D('',#7261,#7262,#7263);
#7261 = CARTESIAN_POINT('',(412.5,167.5,580.));
#7262 = DIRECTION('',(0.,0.,1.));
#7263 = DIRECTION('',(1.,0.,0.));
#7264 = PLANE('',#7265);
#7265 = AXIS2_PLACEMENT_3D('',#7266,#7267,#7268);
#7266 = CARTESIAN_POINT('',(280.,35.,580.));
#7267 = DIRECTION('',(0.,0.,1.));
#7268 = DIRECTION('',(1.,0.,0.));
#7269 = ADVANCED_FACE('',(#7270),#7276,.T.);
#7270 = FACE_BOUND('',#7271,.T.);
#7271 = EDGE_LOOP('',(#7272,#7273,#7274,#7275));
#7272 = ORIENTED_EDGE('',*,*,#7084,.F.);
#7273 = ORIENTED_EDGE('',*,*,#7203,.T.);
#7274 = ORIENTED_EDGE('',*,*,#7187,.T.);
#7275 = ORIENTED_EDGE('',*,*,#7100,.F.);
#7276 = PLANE('',#7277);
#7277 = AXIS2_PLACEMENT_3D('',#7278,#7279,#7280);
#7278 = CARTESIAN_POINT('',(420.,35.,580.));
#7279 = DIRECTION('',(1.,0.,0.));
#7280 = DIRECTION('',(0.,0.,1.));
#7281 = ADVANCED_FACE('',(#7282),#7293,.F.);
#7282 = FACE_BOUND('',#7283,.F.);
#7283 = EDGE_LOOP('',(#7284,#7285,#7291,#7292));
#7284 = ORIENTED_EDGE('',*,*,#7116,.F.);
#7285 = ORIENTED_EDGE('',*,*,#7286,.F.);
#7286 = EDGE_CURVE('',#7213,#7117,#7287,.T.);
#7287 = LINE('',#7288,#7289);
#7288 = CARTESIAN_POINT('',(289.75,42.5,579.));
#7289 = VECTOR('',#7290,1.);
#7290 = DIRECTION('',(0.,0.,1.));
#7291 = ORIENTED_EDGE('',*,*,#7212,.T.);
#7292 = ORIENTED_EDGE('',*,*,#7286,.T.);
#7293 = CYLINDRICAL_SURFACE('',#7294,2.25);
#7294 = AXIS2_PLACEMENT_3D('',#7295,#7296,#7297);
#7295 = CARTESIAN_POINT('',(287.5,42.5,579.));
#7296 = DIRECTION('',(0.,0.,1.));
#7297 = DIRECTION('',(1.,0.,0.));
#7298 = ADVANCED_FACE('',(#7299),#7310,.F.);
#7299 = FACE_BOUND('',#7300,.F.);
#7300 = EDGE_LOOP('',(#7301,#7302,#7308,#7309));
#7301 = ORIENTED_EDGE('',*,*,#7127,.F.);
#7302 = ORIENTED_EDGE('',*,*,#7303,.F.);
#7303 = EDGE_CURVE('',#7224,#7128,#7304,.T.);
#7304 = LINE('',#7305,#7306);
#7305 = CARTESIAN_POINT('',(414.75,42.5,579.));
#7306 = VECTOR('',#7307,1.);
#7307 = DIRECTION('',(0.,0.,1.));
#7308 = ORIENTED_EDGE('',*,*,#7223,.T.);
#7309 = ORIENTED_EDGE('',*,*,#7303,.T.);
#7310 = CYLINDRICAL_SURFACE('',#7311,2.25);
#7311 = AXIS2_PLACEMENT_3D('',#7312,#7313,#7314);
#7312 = CARTESIAN_POINT('',(412.5,42.5,579.));
#7313 = DIRECTION('',(0.,0.,1.));
#7314 = DIRECTION('',(1.,0.,0.));
#7315 = ADVANCED_FACE('',(#7316),#7327,.F.);
#7316 = FACE_BOUND('',#7317,.F.);
#7317 = EDGE_LOOP('',(#7318,#7319,#7325,#7326));
#7318 = ORIENTED_EDGE('',*,*,#7138,.F.);
#7319 = ORIENTED_EDGE('',*,*,#7320,.F.);
#7320 = EDGE_CURVE('',#7235,#7139,#7321,.T.);
#7321 = LINE('',#7322,#7323);
#7322 = CARTESIAN_POINT('',(289.75,167.5,579.));
#7323 = VECTOR('',#7324,1.);
#7324 = DIRECTION('',(0.,0.,1.));
#7325 = ORIENTED_EDGE('',*,*,#7234,.T.);
#7326 = ORIENTED_EDGE('',*,*,#7320,.T.);
#7327 = CYLINDRICAL_SURFACE('',#7328,2.25);
#7328 = AXIS2_PLACEMENT_3D('',#7329,#7330,#7331);
#7329 = CARTESIAN_POINT('',(287.5,167.5,579.));
#7330 = DIRECTION('',(0.,0.,1.));
#7331 = DIRECTION('',(1.,0.,0.));
#7332 = ADVANCED_FACE('',(#7333),#7344,.F.);
#7333 = FACE_BOUND('',#7334,.F.);
#7334 = EDGE_LOOP('',(#7335,#7336,#7342,#7343));
#7335 = ORIENTED_EDGE('',*,*,#7149,.F.);
#7336 = ORIENTED_EDGE('',*,*,#7337,.F.);
#7337 = EDGE_CURVE('',#7246,#7150,#7338,.T.);
#7338 = LINE('',#7339,#7340);
#7339 = CARTESIAN_POINT('',(417.1,105.,579.));
#7340 = VECTOR('',#7341,1.);
#7341 = DIRECTION('',(0.,0.,1.));
#7342 = ORIENTED_EDGE('',*,*,#7245,.T.);
#7343 = ORIENTED_EDGE('',*,*,#7337,.T.);
#7344 = CYLINDRICAL_SURFACE('',#7345,67.1);
#7345 = AXIS2_PLACEMENT_3D('',#7346,#7347,#7348);
#7346 = CARTESIAN_POINT('',(350.,105.,579.));
#7347 = DIRECTION('',(0.,0.,1.));
#7348 = DIRECTION('',(1.,0.,0.));
#7349 = ADVANCED_FACE('',(#7350),#7361,.F.);
#7350 = FACE_BOUND('',#7351,.F.);
#7351 = EDGE_LOOP('',(#7352,#7353,#7359,#7360));
#7352 = ORIENTED_EDGE('',*,*,#7160,.F.);
#7353 = ORIENTED_EDGE('',*,*,#7354,.F.);
#7354 = EDGE_CURVE('',#7257,#7161,#7355,.T.);
#7355 = LINE('',#7356,#7357);
#7356 = CARTESIAN_POINT('',(414.75,167.5,579.));
#7357 = VECTOR('',#7358,1.);
#7358 = DIRECTION('',(0.,0.,1.));
#7359 = ORIENTED_EDGE('',*,*,#7256,.T.);
#7360 = ORIENTED_EDGE('',*,*,#7354,.T.);
#7361 = CYLINDRICAL_SURFACE('',#7362,2.25);
#7362 = AXIS2_PLACEMENT_3D('',#7363,#7364,#7365);
#7363 = CARTESIAN_POINT('',(412.5,167.5,579.));
#7364 = DIRECTION('',(0.,0.,1.));
#7365 = DIRECTION('',(1.,0.,0.));
#7366 = MANIFOLD_SOLID_BREP('',#7367);
#7367 = CLOSED_SHELL('',(#7368,#7640,#7672,#7681,#7705,#7730,#7739,#7756
    ,#7787,#7811,#7835,#7852,#7883,#7907,#7931,#7948,#7979,#8003,#8027,
    #8044,#8075,#8099,#8123,#8140,#8171,#8195,#8219,#8236,#8248,#8260,
    #8272,#8284,#8296));
#7368 = ADVANCED_FACE('',(#7369,#7455,#7491,#7527,#7563,#7599),#7635,.T.
  );
#7369 = FACE_BOUND('',#7370,.T.);
#7370 = EDGE_LOOP('',(#7371,#7382,#7390,#7399,#7407,#7414,#7415,#7424,
    #7432,#7439,#7447,#7454));
#7371 = ORIENTED_EDGE('',*,*,#7372,.F.);
#7372 = EDGE_CURVE('',#7373,#7375,#7377,.T.);
#7373 = VERTEX_POINT('',#7374);
#7374 = CARTESIAN_POINT('',(371.42428528562,100.,590.));
#7375 = VERTEX_POINT('',#7376);
#7376 = CARTESIAN_POINT('',(372.,105.,590.));
#7377 = CIRCLE('',#7378,22.);
#7378 = AXIS2_PLACEMENT_3D('',#7379,#7380,#7381);
#7379 = CARTESIAN_POINT('',(350.,105.,590.));
#7380 = DIRECTION('',(0.,0.,1.));
#7381 = DIRECTION('',(1.,0.,0.));
#7382 = ORIENTED_EDGE('',*,*,#7383,.T.);
#7383 = EDGE_CURVE('',#7373,#7384,#7386,.T.);
#7384 = VERTEX_POINT('',#7385);
#7385 = CARTESIAN_POINT('',(371.42428528562,100.,593.));
#7386 = LINE('',#7387,#7388);
#7387 = CARTESIAN_POINT('',(371.42428528562,100.,588.));
#7388 = VECTOR('',#7389,1.);
#7389 = DIRECTION('',(0.,0.,1.));
#7390 = ORIENTED_EDGE('',*,*,#7391,.T.);
#7391 = EDGE_CURVE('',#7384,#7392,#7394,.T.);
#7392 = VERTEX_POINT('',#7393);
#7393 = CARTESIAN_POINT('',(372.,105.,593.));
#7394 = CIRCLE('',#7395,22.);
#7395 = AXIS2_PLACEMENT_3D('',#7396,#7397,#7398);
#7396 = CARTESIAN_POINT('',(350.,105.,593.));
#7397 = DIRECTION('',(0.,0.,1.));
#7398 = DIRECTION('',(1.,0.,0.));
#7399 = ORIENTED_EDGE('',*,*,#7400,.T.);
#7400 = EDGE_CURVE('',#7392,#7401,#7403,.T.);
#7401 = VERTEX_POINT('',#7402);
#7402 = CARTESIAN_POINT('',(372.,105.,600.));
#7403 = LINE('',#7404,#7405);
#7404 = CARTESIAN_POINT('',(372.,105.,588.));
#7405 = VECTOR('',#7406,1.);
#7406 = DIRECTION('',(0.,0.,1.));
#7407 = ORIENTED_EDGE('',*,*,#7408,.F.);
#7408 = EDGE_CURVE('',#7401,#7401,#7409,.T.);
#7409 = CIRCLE('',#7410,22.);
#7410 = AXIS2_PLACEMENT_3D('',#7411,#7412,#7413);
#7411 = CARTESIAN_POINT('',(350.,105.,600.));
#7412 = DIRECTION('',(0.,0.,1.));
#7413 = DIRECTION('',(1.,0.,0.));
#7414 = ORIENTED_EDGE('',*,*,#7400,.F.);
#7415 = ORIENTED_EDGE('',*,*,#7416,.T.);
#7416 = EDGE_CURVE('',#7392,#7417,#7419,.T.);
#7417 = VERTEX_POINT('',#7418);
#7418 = CARTESIAN_POINT('',(371.42428528562,110.,593.));
#7419 = CIRCLE('',#7420,22.);
#7420 = AXIS2_PLACEMENT_3D('',#7421,#7422,#7423);
#7421 = CARTESIAN_POINT('',(350.,105.,593.));
#7422 = DIRECTION('',(0.,0.,1.));
#7423 = DIRECTION('',(1.,0.,0.));
#7424 = ORIENTED_EDGE('',*,*,#7425,.F.);
#7425 = EDGE_CURVE('',#7426,#7417,#7428,.T.);
#7426 = VERTEX_POINT('',#7427);
#7427 = CARTESIAN_POINT('',(371.42428528562,110.,590.));
#7428 = LINE('',#7429,#7430);
#7429 = CARTESIAN_POINT('',(371.42428528562,110.,588.));
#7430 = VECTOR('',#7431,1.);
#7431 = DIRECTION('',(0.,0.,1.));
#7432 = ORIENTED_EDGE('',*,*,#7433,.F.);
#7433 = EDGE_CURVE('',#7375,#7426,#7434,.T.);
#7434 = CIRCLE('',#7435,22.);
#7435 = AXIS2_PLACEMENT_3D('',#7436,#7437,#7438);
#7436 = CARTESIAN_POINT('',(350.,105.,590.));
#7437 = DIRECTION('',(0.,0.,1.));
#7438 = DIRECTION('',(1.,0.,0.));
#7439 = ORIENTED_EDGE('',*,*,#7440,.F.);
#7440 = EDGE_CURVE('',#7441,#7375,#7443,.T.);
#7441 = VERTEX_POINT('',#7442);
#7442 = CARTESIAN_POINT('',(372.,105.,588.));
#7443 = LINE('',#7444,#7445);
#7444 = CARTESIAN_POINT('',(372.,105.,588.));
#7445 = VECTOR('',#7446,1.);
#7446 = DIRECTION('',(0.,0.,1.));
#7447 = ORIENTED_EDGE('',*,*,#7448,.T.);
#7448 = EDGE_CURVE('',#7441,#7441,#7449,.T.);
#7449 = CIRCLE('',#7450,22.);
#7450 = AXIS2_PLACEMENT_3D('',#7451,#7452,#7453);
#7451 = CARTESIAN_POINT('',(350.,105.,588.));
#7452 = DIRECTION('',(0.,0.,1.));
#7453 = DIRECTION('',(1.,0.,0.));
#7454 = ORIENTED_EDGE('',*,*,#7440,.T.);
#7455 = FACE_BOUND('',#7456,.T.);
#7456 = EDGE_LOOP('',(#7457,#7468,#7476,#7485));
#7457 = ORIENTED_EDGE('',*,*,#7458,.F.);
#7458 = EDGE_CURVE('',#7459,#7461,#7463,.T.);
#7459 = VERTEX_POINT('',#7460);
#7460 = CARTESIAN_POINT('',(365.04226966173,121.05397531527,590.));
#7461 = VERTEX_POINT('',#7462);
#7462 = CARTESIAN_POINT('',(356.38201562389,126.05397531527,590.));
#7463 = CIRCLE('',#7464,22.);
#7464 = AXIS2_PLACEMENT_3D('',#7465,#7466,#7467);
#7465 = CARTESIAN_POINT('',(350.,105.,590.));
#7466 = DIRECTION('',(0.,0.,1.));
#7467 = DIRECTION('',(1.,0.,0.));
#7468 = ORIENTED_EDGE('',*,*,#7469,.T.);
#7469 = EDGE_CURVE('',#7459,#7470,#7472,.T.);
#7470 = VERTEX_POINT('',#7471);
#7471 = CARTESIAN_POINT('',(365.04226966173,121.05397531527,593.));
#7472 = LINE('',#7473,#7474);
#7473 = CARTESIAN_POINT('',(365.04226966173,121.05397531528,588.));
#7474 = VECTOR('',#7475,1.);
#7475 = DIRECTION('',(0.,0.,1.));
#7476 = ORIENTED_EDGE('',*,*,#7477,.T.);
#7477 = EDGE_CURVE('',#7470,#7478,#7480,.T.);
#7478 = VERTEX_POINT('',#7479);
#7479 = CARTESIAN_POINT('',(356.38201562389,126.05397531527,593.));
#7480 = CIRCLE('',#7481,22.);
#7481 = AXIS2_PLACEMENT_3D('',#7482,#7483,#7484);
#7482 = CARTESIAN_POINT('',(350.,105.,593.));
#7483 = DIRECTION('',(0.,0.,1.));
#7484 = DIRECTION('',(1.,0.,0.));
#7485 = ORIENTED_EDGE('',*,*,#7486,.F.);
#7486 = EDGE_CURVE('',#7461,#7478,#7487,.T.);
#7487 = LINE('',#7488,#7489);
#7488 = CARTESIAN_POINT('',(356.38201562389,126.05397531527,588.));
#7489 = VECTOR('',#7490,1.);
#7490 = DIRECTION('',(0.,0.,1.));
#7491 = FACE_BOUND('',#7492,.T.);
#7492 = EDGE_LOOP('',(#7493,#7504,#7512,#7521));
#7493 = ORIENTED_EDGE('',*,*,#7494,.F.);
#7494 = EDGE_CURVE('',#7495,#7497,#7499,.T.);
#7495 = VERTEX_POINT('',#7496);
#7496 = CARTESIAN_POINT('',(343.6179843761,126.05397531527,590.));
#7497 = VERTEX_POINT('',#7498);
#7498 = CARTESIAN_POINT('',(334.95773033826,121.05397531528,590.));
#7499 = CIRCLE('',#7500,22.);
#7500 = AXIS2_PLACEMENT_3D('',#7501,#7502,#7503);
#7501 = CARTESIAN_POINT('',(350.,105.,590.));
#7502 = DIRECTION('',(0.,0.,1.));
#7503 = DIRECTION('',(1.,0.,0.));
#7504 = ORIENTED_EDGE('',*,*,#7505,.T.);
#7505 = EDGE_CURVE('',#7495,#7506,#7508,.T.);
#7506 = VERTEX_POINT('',#7507);
#7507 = CARTESIAN_POINT('',(343.6179843761,126.05397531527,593.));
#7508 = LINE('',#7509,#7510);
#7509 = CARTESIAN_POINT('',(343.6179843761,126.05397531527,588.));
#7510 = VECTOR('',#7511,1.);
#7511 = DIRECTION('',(0.,0.,1.));
#7512 = ORIENTED_EDGE('',*,*,#7513,.T.);
#7513 = EDGE_CURVE('',#7506,#7514,#7516,.T.);
#7514 = VERTEX_POINT('',#7515);
#7515 = CARTESIAN_POINT('',(334.95773033826,121.05397531528,593.));
#7516 = CIRCLE('',#7517,22.);
#7517 = AXIS2_PLACEMENT_3D('',#7518,#7519,#7520);
#7518 = CARTESIAN_POINT('',(350.,105.,593.));
#7519 = DIRECTION('',(0.,0.,1.));
#7520 = DIRECTION('',(1.,0.,0.));
#7521 = ORIENTED_EDGE('',*,*,#7522,.F.);
#7522 = EDGE_CURVE('',#7497,#7514,#7523,.T.);
#7523 = LINE('',#7524,#7525);
#7524 = CARTESIAN_POINT('',(334.95773033826,121.05397531527,588.));
#7525 = VECTOR('',#7526,1.);
#7526 = DIRECTION('',(0.,0.,1.));
#7527 = FACE_BOUND('',#7528,.T.);
#7528 = EDGE_LOOP('',(#7529,#7540,#7548,#7557));
#7529 = ORIENTED_EDGE('',*,*,#7530,.F.);
#7530 = EDGE_CURVE('',#7531,#7533,#7535,.T.);
#7531 = VERTEX_POINT('',#7532);
#7532 = CARTESIAN_POINT('',(328.57571471437,110.,590.));
#7533 = VERTEX_POINT('',#7534);
#7534 = CARTESIAN_POINT('',(328.57571471437,100.,590.));
#7535 = CIRCLE('',#7536,22.);
#7536 = AXIS2_PLACEMENT_3D('',#7537,#7538,#7539);
#7537 = CARTESIAN_POINT('',(350.,105.,590.));
#7538 = DIRECTION('',(0.,0.,1.));
#7539 = DIRECTION('',(1.,0.,0.));
#7540 = ORIENTED_EDGE('',*,*,#7541,.T.);
#7541 = EDGE_CURVE('',#7531,#7542,#7544,.T.);
#7542 = VERTEX_POINT('',#7543);
#7543 = CARTESIAN_POINT('',(328.57571471437,110.,593.));
#7544 = LINE('',#7545,#7546);
#7545 = CARTESIAN_POINT('',(328.57571471437,110.,588.));
#7546 = VECTOR('',#7547,1.);
#7547 = DIRECTION('',(0.,0.,1.));
#7548 = ORIENTED_EDGE('',*,*,#7549,.T.);
#7549 = EDGE_CURVE('',#7542,#7550,#7552,.T.);
#7550 = VERTEX_POINT('',#7551);
#7551 = CARTESIAN_POINT('',(328.57571471437,100.,593.));
#7552 = CIRCLE('',#7553,22.);
#7553 = AXIS2_PLACEMENT_3D('',#7554,#7555,#7556);
#7554 = CARTESIAN_POINT('',(350.,105.,593.));
#7555 = DIRECTION('',(0.,0.,1.));
#7556 = DIRECTION('',(1.,0.,0.));
#7557 = ORIENTED_EDGE('',*,*,#7558,.F.);
#7558 = EDGE_CURVE('',#7533,#7550,#7559,.T.);
#7559 = LINE('',#7560,#7561);
#7560 = CARTESIAN_POINT('',(328.57571471437,100.,588.));
#7561 = VECTOR('',#7562,1.);
#7562 = DIRECTION('',(0.,0.,1.));
#7563 = FACE_BOUND('',#7564,.T.);
#7564 = EDGE_LOOP('',(#7565,#7576,#7584,#7593));
#7565 = ORIENTED_EDGE('',*,*,#7566,.F.);
#7566 = EDGE_CURVE('',#7567,#7569,#7571,.T.);
#7567 = VERTEX_POINT('',#7568);
#7568 = CARTESIAN_POINT('',(334.95773033826,88.94602468472,590.));
#7569 = VERTEX_POINT('',#7570);
#7570 = CARTESIAN_POINT('',(343.6179843761,83.946024684721,590.));
#7571 = CIRCLE('',#7572,22.);
#7572 = AXIS2_PLACEMENT_3D('',#7573,#7574,#7575);
#7573 = CARTESIAN_POINT('',(350.,105.,590.));
#7574 = DIRECTION('',(0.,0.,1.));
#7575 = DIRECTION('',(1.,0.,0.));
#7576 = ORIENTED_EDGE('',*,*,#7577,.T.);
#7577 = EDGE_CURVE('',#7567,#7578,#7580,.T.);
#7578 = VERTEX_POINT('',#7579);
#7579 = CARTESIAN_POINT('',(334.95773033826,88.94602468472,593.));
#7580 = LINE('',#7581,#7582);
#7581 = CARTESIAN_POINT('',(334.95773033826,88.946024684721,588.));
#7582 = VECTOR('',#7583,1.);
#7583 = DIRECTION('',(0.,0.,1.));
#7584 = ORIENTED_EDGE('',*,*,#7585,.T.);
#7585 = EDGE_CURVE('',#7578,#7586,#7588,.T.);
#7586 = VERTEX_POINT('',#7587);
#7587 = CARTESIAN_POINT('',(343.6179843761,83.946024684721,593.));
#7588 = CIRCLE('',#7589,22.);
#7589 = AXIS2_PLACEMENT_3D('',#7590,#7591,#7592);
#7590 = CARTESIAN_POINT('',(350.,105.,593.));
#7591 = DIRECTION('',(0.,0.,1.));
#7592 = DIRECTION('',(1.,0.,0.));
#7593 = ORIENTED_EDGE('',*,*,#7594,.F.);
#7594 = EDGE_CURVE('',#7569,#7586,#7595,.T.);
#7595 = LINE('',#7596,#7597);
#7596 = CARTESIAN_POINT('',(343.6179843761,83.946024684721,588.));
#7597 = VECTOR('',#7598,1.);
#7598 = DIRECTION('',(0.,0.,1.));
#7599 = FACE_BOUND('',#7600,.T.);
#7600 = EDGE_LOOP('',(#7601,#7612,#7620,#7629));
#7601 = ORIENTED_EDGE('',*,*,#7602,.F.);
#7602 = EDGE_CURVE('',#7603,#7605,#7607,.T.);
#7603 = VERTEX_POINT('',#7604);
#7604 = CARTESIAN_POINT('',(356.38201562389,83.946024684721,590.));
#7605 = VERTEX_POINT('',#7606);
#7606 = CARTESIAN_POINT('',(365.04226966173,88.946024684721,590.));
#7607 = CIRCLE('',#7608,22.);
#7608 = AXIS2_PLACEMENT_3D('',#7609,#7610,#7611);
#7609 = CARTESIAN_POINT('',(350.,105.,590.));
#7610 = DIRECTION('',(0.,0.,1.));
#7611 = DIRECTION('',(1.,0.,0.));
#7612 = ORIENTED_EDGE('',*,*,#7613,.T.);
#7613 = EDGE_CURVE('',#7603,#7614,#7616,.T.);
#7614 = VERTEX_POINT('',#7615);
#7615 = CARTESIAN_POINT('',(356.38201562389,83.946024684721,593.));
#7616 = LINE('',#7617,#7618);
#7617 = CARTESIAN_POINT('',(356.38201562389,83.946024684721,588.));
#7618 = VECTOR('',#7619,1.);
#7619 = DIRECTION('',(0.,0.,1.));
#7620 = ORIENTED_EDGE('',*,*,#7621,.T.);
#7621 = EDGE_CURVE('',#7614,#7622,#7624,.T.);
#7622 = VERTEX_POINT('',#7623);
#7623 = CARTESIAN_POINT('',(365.04226966173,88.946024684721,593.));
#7624 = CIRCLE('',#7625,22.);
#7625 = AXIS2_PLACEMENT_3D('',#7626,#7627,#7628);
#7626 = CARTESIAN_POINT('',(350.,105.,593.));
#7627 = DIRECTION('',(0.,0.,1.));
#7628 = DIRECTION('',(1.,0.,0.));
#7629 = ORIENTED_EDGE('',*,*,#7630,.F.);
#7630 = EDGE_CURVE('',#7605,#7622,#7631,.T.);
#7631 = LINE('',#7632,#7633);
#7632 = CARTESIAN_POINT('',(365.04226966173,88.946024684721,588.));
#7633 = VECTOR('',#7634,1.);
#7634 = DIRECTION('',(0.,0.,1.));
#7635 = CYLINDRICAL_SURFACE('',#7636,22.);
#7636 = AXIS2_PLACEMENT_3D('',#7637,#7638,#7639);
#7637 = CARTESIAN_POINT('',(350.,105.,588.));
#7638 = DIRECTION('',(0.,0.,1.));
#7639 = DIRECTION('',(1.,0.,0.));
#7640 = ADVANCED_FACE('',(#7641),#7667,.F.);
#7641 = FACE_BOUND('',#7642,.F.);
#7642 = EDGE_LOOP('',(#7643,#7651,#7652,#7653,#7661));
#7643 = ORIENTED_EDGE('',*,*,#7644,.F.);
#7644 = EDGE_CURVE('',#7426,#7645,#7647,.T.);
#7645 = VERTEX_POINT('',#7646);
#7646 = CARTESIAN_POINT('',(412.,110.,590.));
#7647 = LINE('',#7648,#7649);
#7648 = CARTESIAN_POINT('',(365.,110.,590.));
#7649 = VECTOR('',#7650,1.);
#7650 = DIRECTION('',(1.,0.,0.));
#7651 = ORIENTED_EDGE('',*,*,#7433,.F.);
#7652 = ORIENTED_EDGE('',*,*,#7372,.F.);
#7653 = ORIENTED_EDGE('',*,*,#7654,.T.);
#7654 = EDGE_CURVE('',#7373,#7655,#7657,.T.);
#7655 = VERTEX_POINT('',#7656);
#7656 = CARTESIAN_POINT('',(412.,100.,590.));
#7657 = LINE('',#7658,#7659);
#7658 = CARTESIAN_POINT('',(365.,100.,590.));
#7659 = VECTOR('',#7660,1.);
#7660 = DIRECTION('',(1.,0.,0.));
#7661 = ORIENTED_EDGE('',*,*,#7662,.T.);
#7662 = EDGE_CURVE('',#7655,#7645,#7663,.T.);
#7663 = LINE('',#7664,#7665);
#7664 = CARTESIAN_POINT('',(412.,100.,590.));
#7665 = VECTOR('',#7666,1.);
#7666 = DIRECTION('',(0.,1.,0.));
#7667 = PLANE('',#7668);
#7668 = AXIS2_PLACEMENT_3D('',#7669,#7670,#7671);
#7669 = CARTESIAN_POINT('',(365.,100.,590.));
#7670 = DIRECTION('',(0.,0.,1.));
#7671 = DIRECTION('',(1.,0.,0.));
#7672 = ADVANCED_FACE('',(#7673),#7676,.F.);
#7673 = FACE_BOUND('',#7674,.T.);
#7674 = EDGE_LOOP('',(#7675));
#7675 = ORIENTED_EDGE('',*,*,#7448,.F.);
#7676 = PLANE('',#7677);
#7677 = AXIS2_PLACEMENT_3D('',#7678,#7679,#7680);
#7678 = CARTESIAN_POINT('',(350.,105.,588.));
#7679 = DIRECTION('',(0.,0.,1.));
#7680 = DIRECTION('',(1.,0.,0.));
#7681 = ADVANCED_FACE('',(#7682),#7700,.T.);
#7682 = FACE_BOUND('',#7683,.T.);
#7683 = EDGE_LOOP('',(#7684,#7685,#7686,#7694));
#7684 = ORIENTED_EDGE('',*,*,#7644,.F.);
#7685 = ORIENTED_EDGE('',*,*,#7425,.T.);
#7686 = ORIENTED_EDGE('',*,*,#7687,.T.);
#7687 = EDGE_CURVE('',#7417,#7688,#7690,.T.);
#7688 = VERTEX_POINT('',#7689);
#7689 = CARTESIAN_POINT('',(412.,110.,593.));
#7690 = LINE('',#7691,#7692);
#7691 = CARTESIAN_POINT('',(365.,110.,593.));
#7692 = VECTOR('',#7693,1.);
#7693 = DIRECTION('',(1.,0.,0.));
#7694 = ORIENTED_EDGE('',*,*,#7695,.F.);
#7695 = EDGE_CURVE('',#7645,#7688,#7696,.T.);
#7696 = LINE('',#7697,#7698);
#7697 = CARTESIAN_POINT('',(412.,110.,590.));
#7698 = VECTOR('',#7699,1.);
#7699 = DIRECTION('',(0.,0.,1.));
#7700 = PLANE('',#7701);
#7701 = AXIS2_PLACEMENT_3D('',#7702,#7703,#7704);
#7702 = CARTESIAN_POINT('',(365.,110.,590.));
#7703 = DIRECTION('',(0.,1.,0.));
#7704 = DIRECTION('',(0.,0.,1.));
#7705 = ADVANCED_FACE('',(#7706),#7725,.T.);
#7706 = FACE_BOUND('',#7707,.T.);
#7707 = EDGE_LOOP('',(#7708,#7709,#7710,#7711,#7719));
#7708 = ORIENTED_EDGE('',*,*,#7687,.F.);
#7709 = ORIENTED_EDGE('',*,*,#7416,.F.);
#7710 = ORIENTED_EDGE('',*,*,#7391,.F.);
#7711 = ORIENTED_EDGE('',*,*,#7712,.T.);
#7712 = EDGE_CURVE('',#7384,#7713,#7715,.T.);
#7713 = VERTEX_POINT('',#7714);
#7714 = CARTESIAN_POINT('',(412.,100.,593.));
#7715 = LINE('',#7716,#7717);
#7716 = CARTESIAN_POINT('',(365.,100.,593.));
#7717 = VECTOR('',#7718,1.);
#7718 = DIRECTION('',(1.,0.,0.));
#7719 = ORIENTED_EDGE('',*,*,#7720,.T.);
#7720 = EDGE_CURVE('',#7713,#7688,#7721,.T.);
#7721 = LINE('',#7722,#7723);
#7722 = CARTESIAN_POINT('',(412.,100.,593.));
#7723 = VECTOR('',#7724,1.);
#7724 = DIRECTION('',(0.,1.,0.));
#7725 = PLANE('',#7726);
#7726 = AXIS2_PLACEMENT_3D('',#7727,#7728,#7729);
#7727 = CARTESIAN_POINT('',(365.,100.,593.));
#7728 = DIRECTION('',(0.,0.,1.));
#7729 = DIRECTION('',(1.,0.,0.));
#7730 = ADVANCED_FACE('',(#7731),#7734,.T.);
#7731 = FACE_BOUND('',#7732,.T.);
#7732 = EDGE_LOOP('',(#7733));
#7733 = ORIENTED_EDGE('',*,*,#7408,.T.);
#7734 = PLANE('',#7735);
#7735 = AXIS2_PLACEMENT_3D('',#7736,#7737,#7738);
#7736 = CARTESIAN_POINT('',(350.,105.,600.));
#7737 = DIRECTION('',(0.,0.,1.));
#7738 = DIRECTION('',(1.,0.,0.));
#7739 = ADVANCED_FACE('',(#7740),#7751,.F.);
#7740 = FACE_BOUND('',#7741,.F.);
#7741 = EDGE_LOOP('',(#7742,#7743,#7744,#7745));
#7742 = ORIENTED_EDGE('',*,*,#7654,.F.);
#7743 = ORIENTED_EDGE('',*,*,#7383,.T.);
#7744 = ORIENTED_EDGE('',*,*,#7712,.T.);
#7745 = ORIENTED_EDGE('',*,*,#7746,.F.);
#7746 = EDGE_CURVE('',#7655,#7713,#7747,.T.);
#7747 = LINE('',#7748,#7749);
#7748 = CARTESIAN_POINT('',(412.,100.,590.));
#7749 = VECTOR('',#7750,1.);
#7750 = DIRECTION('',(0.,0.,1.));
#7751 = PLANE('',#7752);
#7752 = AXIS2_PLACEMENT_3D('',#7753,#7754,#7755);
#7753 = CARTESIAN_POINT('',(365.,100.,590.));
#7754 = DIRECTION('',(0.,1.,0.));
#7755 = DIRECTION('',(0.,0.,1.));
#7756 = ADVANCED_FACE('',(#7757),#7782,.F.);
#7757 = FACE_BOUND('',#7758,.F.);
#7758 = EDGE_LOOP('',(#7759,#7767,#7768,#7776));
#7759 = ORIENTED_EDGE('',*,*,#7760,.F.);
#7760 = EDGE_CURVE('',#7461,#7761,#7763,.T.);
#7761 = VERTEX_POINT('',#7762);
#7762 = CARTESIAN_POINT('',(376.66987298107,161.19357503463,590.));
#7763 = LINE('',#7764,#7765);
#7764 = CARTESIAN_POINT('',(353.16987298107,120.49038105676,590.));
#7765 = VECTOR('',#7766,1.);
#7766 = DIRECTION('',(0.5,0.866025403784,0.));
#7767 = ORIENTED_EDGE('',*,*,#7458,.F.);
#7768 = ORIENTED_EDGE('',*,*,#7769,.T.);
#7769 = EDGE_CURVE('',#7459,#7770,#7772,.T.);
#7770 = VERTEX_POINT('',#7771);
#7771 = CARTESIAN_POINT('',(385.33012701892,156.19357503463,590.));
#7772 = LINE('',#7773,#7774);
#7773 = CARTESIAN_POINT('',(361.83012701892,115.49038105676,590.));
#7774 = VECTOR('',#7775,1.);
#7775 = DIRECTION('',(0.5,0.866025403784,0.));
#7776 = ORIENTED_EDGE('',*,*,#7777,.T.);
#7777 = EDGE_CURVE('',#7770,#7761,#7778,.T.);
#7778 = LINE('',#7779,#7780);
#7779 = CARTESIAN_POINT('',(385.33012701892,156.19357503463,590.));
#7780 = VECTOR('',#7781,1.);
#7781 = DIRECTION('',(-0.866025403784,0.5,0.));
#7782 = PLANE('',#7783);
#7783 = AXIS2_PLACEMENT_3D('',#7784,#7785,#7786);
#7784 = CARTESIAN_POINT('',(361.83012701892,115.49038105676,590.));
#7785 = DIRECTION('',(0.,0.,1.));
#7786 = DIRECTION('',(0.5,0.866025403784,0.));
#7787 = ADVANCED_FACE('',(#7788),#7806,.F.);
#7788 = FACE_BOUND('',#7789,.F.);
#7789 = EDGE_LOOP('',(#7790,#7791,#7792,#7800));
#7790 = ORIENTED_EDGE('',*,*,#7769,.F.);
#7791 = ORIENTED_EDGE('',*,*,#7469,.T.);
#7792 = ORIENTED_EDGE('',*,*,#7793,.T.);
#7793 = EDGE_CURVE('',#7470,#7794,#7796,.T.);
#7794 = VERTEX_POINT('',#7795);
#7795 = CARTESIAN_POINT('',(385.33012701892,156.19357503463,593.));
#7796 = LINE('',#7797,#7798);
#7797 = CARTESIAN_POINT('',(361.83012701892,115.49038105676,593.));
#7798 = VECTOR('',#7799,1.);
#7799 = DIRECTION('',(0.5,0.866025403784,0.));
#7800 = ORIENTED_EDGE('',*,*,#7801,.F.);
#7801 = EDGE_CURVE('',#7770,#7794,#7802,.T.);
#7802 = LINE('',#7803,#7804);
#7803 = CARTESIAN_POINT('',(385.33012701892,156.19357503463,590.));
#7804 = VECTOR('',#7805,1.);
#7805 = DIRECTION('',(0.,0.,1.));
#7806 = PLANE('',#7807);
#7807 = AXIS2_PLACEMENT_3D('',#7808,#7809,#7810);
#7808 = CARTESIAN_POINT('',(361.83012701892,115.49038105676,590.));
#7809 = DIRECTION('',(-0.866025403784,0.5,0.));
#7810 = DIRECTION('',(0.,0.,1.));
#7811 = ADVANCED_FACE('',(#7812),#7830,.T.);
#7812 = FACE_BOUND('',#7813,.T.);
#7813 = EDGE_LOOP('',(#7814,#7815,#7816,#7824));
#7814 = ORIENTED_EDGE('',*,*,#7760,.F.);
#7815 = ORIENTED_EDGE('',*,*,#7486,.T.);
#7816 = ORIENTED_EDGE('',*,*,#7817,.T.);
#7817 = EDGE_CURVE('',#7478,#7818,#7820,.T.);
#7818 = VERTEX_POINT('',#7819);
#7819 = CARTESIAN_POINT('',(376.66987298107,161.19357503463,593.));
#7820 = LINE('',#7821,#7822);
#7821 = CARTESIAN_POINT('',(353.16987298107,120.49038105676,593.));
#7822 = VECTOR('',#7823,1.);
#7823 = DIRECTION('',(0.5,0.866025403784,0.));
#7824 = ORIENTED_EDGE('',*,*,#7825,.F.);
#7825 = EDGE_CURVE('',#7761,#7818,#7826,.T.);
#7826 = LINE('',#7827,#7828);
#7827 = CARTESIAN_POINT('',(376.66987298107,161.19357503463,590.));
#7828 = VECTOR('',#7829,1.);
#7829 = DIRECTION('',(0.,0.,1.));
#7830 = PLANE('',#7831);
#7831 = AXIS2_PLACEMENT_3D('',#7832,#7833,#7834);
#7832 = CARTESIAN_POINT('',(353.16987298107,120.49038105676,590.));
#7833 = DIRECTION('',(-0.866025403784,0.5,0.));
#7834 = DIRECTION('',(0.,0.,1.));
#7835 = ADVANCED_FACE('',(#7836),#7847,.T.);
#7836 = FACE_BOUND('',#7837,.T.);
#7837 = EDGE_LOOP('',(#7838,#7839,#7840,#7841));
#7838 = ORIENTED_EDGE('',*,*,#7817,.F.);
#7839 = ORIENTED_EDGE('',*,*,#7477,.F.);
#7840 = ORIENTED_EDGE('',*,*,#7793,.T.);
#7841 = ORIENTED_EDGE('',*,*,#7842,.T.);
#7842 = EDGE_CURVE('',#7794,#7818,#7843,.T.);
#7843 = LINE('',#7844,#7845);
#7844 = CARTESIAN_POINT('',(385.33012701892,156.19357503463,593.));
#7845 = VECTOR('',#7846,1.);
#7846 = DIRECTION('',(-0.866025403784,0.5,0.));
#7847 = PLANE('',#7848);
#7848 = AXIS2_PLACEMENT_3D('',#7849,#7850,#7851);
#7849 = CARTESIAN_POINT('',(361.83012701892,115.49038105676,593.));
#7850 = DIRECTION('',(0.,0.,1.));
#7851 = DIRECTION('',(0.5,0.866025403784,0.));
#7852 = ADVANCED_FACE('',(#7853),#7878,.F.);
#7853 = FACE_BOUND('',#7854,.F.);
#7854 = EDGE_LOOP('',(#7855,#7863,#7864,#7872));
#7855 = ORIENTED_EDGE('',*,*,#7856,.F.);
#7856 = EDGE_CURVE('',#7497,#7857,#7859,.T.);
#7857 = VERTEX_POINT('',#7858);
#7858 = CARTESIAN_POINT('',(314.66987298107,156.19357503463,590.));
#7859 = LINE('',#7860,#7861);
#7860 = CARTESIAN_POINT('',(338.16987298107,115.49038105676,590.));
#7861 = VECTOR('',#7862,1.);
#7862 = DIRECTION('',(-0.5,0.866025403784,0.));
#7863 = ORIENTED_EDGE('',*,*,#7494,.F.);
#7864 = ORIENTED_EDGE('',*,*,#7865,.T.);
#7865 = EDGE_CURVE('',#7495,#7866,#7868,.T.);
#7866 = VERTEX_POINT('',#7867);
#7867 = CARTESIAN_POINT('',(323.33012701892,161.19357503463,590.));
#7868 = LINE('',#7869,#7870);
#7869 = CARTESIAN_POINT('',(346.83012701892,120.49038105676,590.));
#7870 = VECTOR('',#7871,1.);
#7871 = DIRECTION('',(-0.5,0.866025403784,0.));
#7872 = ORIENTED_EDGE('',*,*,#7873,.T.);
#7873 = EDGE_CURVE('',#7866,#7857,#7874,.T.);
#7874 = LINE('',#7875,#7876);
#7875 = CARTESIAN_POINT('',(323.33012701892,161.19357503463,590.));
#7876 = VECTOR('',#7877,1.);
#7877 = DIRECTION('',(-0.866025403784,-0.5,0.));
#7878 = PLANE('',#7879);
#7879 = AXIS2_PLACEMENT_3D('',#7880,#7881,#7882);
#7880 = CARTESIAN_POINT('',(346.83012701892,120.49038105676,590.));
#7881 = DIRECTION('',(0.,0.,1.));
#7882 = DIRECTION('',(-0.5,0.866025403784,0.));
#7883 = ADVANCED_FACE('',(#7884),#7902,.F.);
#7884 = FACE_BOUND('',#7885,.F.);
#7885 = EDGE_LOOP('',(#7886,#7887,#7888,#7896));
#7886 = ORIENTED_EDGE('',*,*,#7865,.F.);
#7887 = ORIENTED_EDGE('',*,*,#7505,.T.);
#7888 = ORIENTED_EDGE('',*,*,#7889,.T.);
#7889 = EDGE_CURVE('',#7506,#7890,#7892,.T.);
#7890 = VERTEX_POINT('',#7891);
#7891 = CARTESIAN_POINT('',(323.33012701892,161.19357503463,593.));
#7892 = LINE('',#7893,#7894);
#7893 = CARTESIAN_POINT('',(346.83012701892,120.49038105676,593.));
#7894 = VECTOR('',#7895,1.);
#7895 = DIRECTION('',(-0.5,0.866025403784,0.));
#7896 = ORIENTED_EDGE('',*,*,#7897,.F.);
#7897 = EDGE_CURVE('',#7866,#7890,#7898,.T.);
#7898 = LINE('',#7899,#7900);
#7899 = CARTESIAN_POINT('',(323.33012701892,161.19357503463,590.));
#7900 = VECTOR('',#7901,1.);
#7901 = DIRECTION('',(0.,0.,1.));
#7902 = PLANE('',#7903);
#7903 = AXIS2_PLACEMENT_3D('',#7904,#7905,#7906);
#7904 = CARTESIAN_POINT('',(346.83012701892,120.49038105676,590.));
#7905 = DIRECTION('',(-0.866025403784,-0.5,0.));
#7906 = DIRECTION('',(0.,0.,1.));
#7907 = ADVANCED_FACE('',(#7908),#7926,.T.);
#7908 = FACE_BOUND('',#7909,.T.);
#7909 = EDGE_LOOP('',(#7910,#7911,#7912,#7920));
#7910 = ORIENTED_EDGE('',*,*,#7856,.F.);
#7911 = ORIENTED_EDGE('',*,*,#7522,.T.);
#7912 = ORIENTED_EDGE('',*,*,#7913,.T.);
#7913 = EDGE_CURVE('',#7514,#7914,#7916,.T.);
#7914 = VERTEX_POINT('',#7915);
#7915 = CARTESIAN_POINT('',(314.66987298107,156.19357503463,593.));
#7916 = LINE('',#7917,#7918);
#7917 = CARTESIAN_POINT('',(338.16987298107,115.49038105676,593.));
#7918 = VECTOR('',#7919,1.);
#7919 = DIRECTION('',(-0.5,0.866025403784,0.));
#7920 = ORIENTED_EDGE('',*,*,#7921,.F.);
#7921 = EDGE_CURVE('',#7857,#7914,#7922,.T.);
#7922 = LINE('',#7923,#7924);
#7923 = CARTESIAN_POINT('',(314.66987298107,156.19357503463,590.));
#7924 = VECTOR('',#7925,1.);
#7925 = DIRECTION('',(0.,0.,1.));
#7926 = PLANE('',#7927);
#7927 = AXIS2_PLACEMENT_3D('',#7928,#7929,#7930);
#7928 = CARTESIAN_POINT('',(338.16987298107,115.49038105676,590.));
#7929 = DIRECTION('',(-0.866025403784,-0.5,0.));
#7930 = DIRECTION('',(0.,0.,1.));
#7931 = ADVANCED_FACE('',(#7932),#7943,.T.);
#7932 = FACE_BOUND('',#7933,.T.);
#7933 = EDGE_LOOP('',(#7934,#7935,#7936,#7937));
#7934 = ORIENTED_EDGE('',*,*,#7913,.F.);
#7935 = ORIENTED_EDGE('',*,*,#7513,.F.);
#7936 = ORIENTED_EDGE('',*,*,#7889,.T.);
#7937 = ORIENTED_EDGE('',*,*,#7938,.T.);
#7938 = EDGE_CURVE('',#7890,#7914,#7939,.T.);
#7939 = LINE('',#7940,#7941);
#7940 = CARTESIAN_POINT('',(323.33012701892,161.19357503463,593.));
#7941 = VECTOR('',#7942,1.);
#7942 = DIRECTION('',(-0.866025403784,-0.5,0.));
#7943 = PLANE('',#7944);
#7944 = AXIS2_PLACEMENT_3D('',#7945,#7946,#7947);
#7945 = CARTESIAN_POINT('',(346.83012701892,120.49038105676,593.));
#7946 = DIRECTION('',(0.,0.,1.));
#7947 = DIRECTION('',(-0.5,0.866025403784,0.));
#7948 = ADVANCED_FACE('',(#7949),#7974,.F.);
#7949 = FACE_BOUND('',#7950,.F.);
#7950 = EDGE_LOOP('',(#7951,#7959,#7960,#7968));
#7951 = ORIENTED_EDGE('',*,*,#7952,.F.);
#7952 = EDGE_CURVE('',#7533,#7953,#7955,.T.);
#7953 = VERTEX_POINT('',#7954);
#7954 = CARTESIAN_POINT('',(288.,100.,590.));
#7955 = LINE('',#7956,#7957);
#7956 = CARTESIAN_POINT('',(335.,100.,590.));
#7957 = VECTOR('',#7958,1.);
#7958 = DIRECTION('',(-1.,1.224646799147E-16,0.));
#7959 = ORIENTED_EDGE('',*,*,#7530,.F.);
#7960 = ORIENTED_EDGE('',*,*,#7961,.T.);
#7961 = EDGE_CURVE('',#7531,#7962,#7964,.T.);
#7962 = VERTEX_POINT('',#7963);
#7963 = CARTESIAN_POINT('',(288.,110.,590.));
#7964 = LINE('',#7965,#7966);
#7965 = CARTESIAN_POINT('',(335.,110.,590.));
#7966 = VECTOR('',#7967,1.);
#7967 = DIRECTION('',(-1.,1.224646799147E-16,0.));
#7968 = ORIENTED_EDGE('',*,*,#7969,.T.);
#7969 = EDGE_CURVE('',#7962,#7953,#7970,.T.);
#7970 = LINE('',#7971,#7972);
#7971 = CARTESIAN_POINT('',(288.,110.,590.));
#7972 = VECTOR('',#7973,1.);
#7973 = DIRECTION('',(-1.224646799147E-16,-1.,0.));
#7974 = PLANE('',#7975);
#7975 = AXIS2_PLACEMENT_3D('',#7976,#7977,#7978);
#7976 = CARTESIAN_POINT('',(335.,110.,590.));
#7977 = DIRECTION('',(0.,0.,1.));
#7978 = DIRECTION('',(-1.,1.224646799147E-16,0.));
#7979 = ADVANCED_FACE('',(#7980),#7998,.F.);
#7980 = FACE_BOUND('',#7981,.F.);
#7981 = EDGE_LOOP('',(#7982,#7983,#7984,#7992));
#7982 = ORIENTED_EDGE('',*,*,#7961,.F.);
#7983 = ORIENTED_EDGE('',*,*,#7541,.T.);
#7984 = ORIENTED_EDGE('',*,*,#7985,.T.);
#7985 = EDGE_CURVE('',#7542,#7986,#7988,.T.);
#7986 = VERTEX_POINT('',#7987);
#7987 = CARTESIAN_POINT('',(288.,110.,593.));
#7988 = LINE('',#7989,#7990);
#7989 = CARTESIAN_POINT('',(335.,110.,593.));
#7990 = VECTOR('',#7991,1.);
#7991 = DIRECTION('',(-1.,1.224646799147E-16,0.));
#7992 = ORIENTED_EDGE('',*,*,#7993,.F.);
#7993 = EDGE_CURVE('',#7962,#7986,#7994,.T.);
#7994 = LINE('',#7995,#7996);
#7995 = CARTESIAN_POINT('',(288.,110.,590.));
#7996 = VECTOR('',#7997,1.);
#7997 = DIRECTION('',(0.,0.,1.));
#7998 = PLANE('',#7999);
#7999 = AXIS2_PLACEMENT_3D('',#8000,#8001,#8002);
#8000 = CARTESIAN_POINT('',(335.,110.,590.));
#8001 = DIRECTION('',(-1.224646799147E-16,-1.,0.));
#8002 = DIRECTION('',(0.,0.,1.));
#8003 = ADVANCED_FACE('',(#8004),#8022,.T.);
#8004 = FACE_BOUND('',#8005,.T.);
#8005 = EDGE_LOOP('',(#8006,#8007,#8008,#8016));
#8006 = ORIENTED_EDGE('',*,*,#7952,.F.);
#8007 = ORIENTED_EDGE('',*,*,#7558,.T.);
#8008 = ORIENTED_EDGE('',*,*,#8009,.T.);
#8009 = EDGE_CURVE('',#7550,#8010,#8012,.T.);
#8010 = VERTEX_POINT('',#8011);
#8011 = CARTESIAN_POINT('',(288.,100.,593.));
#8012 = LINE('',#8013,#8014);
#8013 = CARTESIAN_POINT('',(335.,100.,593.));
#8014 = VECTOR('',#8015,1.);
#8015 = DIRECTION('',(-1.,1.224646799147E-16,0.));
#8016 = ORIENTED_EDGE('',*,*,#8017,.F.);
#8017 = EDGE_CURVE('',#7953,#8010,#8018,.T.);
#8018 = LINE('',#8019,#8020);
#8019 = CARTESIAN_POINT('',(288.,100.,590.));
#8020 = VECTOR('',#8021,1.);
#8021 = DIRECTION('',(0.,0.,1.));
#8022 = PLANE('',#8023);
#8023 = AXIS2_PLACEMENT_3D('',#8024,#8025,#8026);
#8024 = CARTESIAN_POINT('',(335.,100.,590.));
#8025 = DIRECTION('',(-1.224646799147E-16,-1.,0.));
#8026 = DIRECTION('',(0.,0.,1.));
#8027 = ADVANCED_FACE('',(#8028),#8039,.T.);
#8028 = FACE_BOUND('',#8029,.T.);
#8029 = EDGE_LOOP('',(#8030,#8031,#8032,#8033));
#8030 = ORIENTED_EDGE('',*,*,#8009,.F.);
#8031 = ORIENTED_EDGE('',*,*,#7549,.F.);
#8032 = ORIENTED_EDGE('',*,*,#7985,.T.);
#8033 = ORIENTED_EDGE('',*,*,#8034,.T.);
#8034 = EDGE_CURVE('',#7986,#8010,#8035,.T.);
#8035 = LINE('',#8036,#8037);
#8036 = CARTESIAN_POINT('',(288.,110.,593.));
#8037 = VECTOR('',#8038,1.);
#8038 = DIRECTION('',(-1.224646799147E-16,-1.,0.));
#8039 = PLANE('',#8040);
#8040 = AXIS2_PLACEMENT_3D('',#8041,#8042,#8043);
#8041 = CARTESIAN_POINT('',(335.,110.,593.));
#8042 = DIRECTION('',(0.,0.,1.));
#8043 = DIRECTION('',(-1.,1.224646799147E-16,0.));
#8044 = ADVANCED_FACE('',(#8045),#8070,.F.);
#8045 = FACE_BOUND('',#8046,.F.);
#8046 = EDGE_LOOP('',(#8047,#8055,#8056,#8064));
#8047 = ORIENTED_EDGE('',*,*,#8048,.F.);
#8048 = EDGE_CURVE('',#7569,#8049,#8051,.T.);
#8049 = VERTEX_POINT('',#8050);
#8050 = CARTESIAN_POINT('',(323.33012701892,48.806424965365,590.));
#8051 = LINE('',#8052,#8053);
#8052 = CARTESIAN_POINT('',(346.83012701892,89.509618943233,590.));
#8053 = VECTOR('',#8054,1.);
#8054 = DIRECTION('',(-0.5,-0.866025403784,0.));
#8055 = ORIENTED_EDGE('',*,*,#7566,.F.);
#8056 = ORIENTED_EDGE('',*,*,#8057,.T.);
#8057 = EDGE_CURVE('',#7567,#8058,#8060,.T.);
#8058 = VERTEX_POINT('',#8059);
#8059 = CARTESIAN_POINT('',(314.66987298107,53.806424965365,590.));
#8060 = LINE('',#8061,#8062);
#8061 = CARTESIAN_POINT('',(338.16987298107,94.509618943233,590.));
#8062 = VECTOR('',#8063,1.);
#8063 = DIRECTION('',(-0.5,-0.866025403784,0.));
#8064 = ORIENTED_EDGE('',*,*,#8065,.T.);
#8065 = EDGE_CURVE('',#8058,#8049,#8066,.T.);
#8066 = LINE('',#8067,#8068);
#8067 = CARTESIAN_POINT('',(314.66987298107,53.806424965365,590.));
#8068 = VECTOR('',#8069,1.);
#8069 = DIRECTION('',(0.866025403784,-0.5,0.));
#8070 = PLANE('',#8071);
#8071 = AXIS2_PLACEMENT_3D('',#8072,#8073,#8074);
#8072 = CARTESIAN_POINT('',(338.16987298107,94.509618943233,590.));
#8073 = DIRECTION('',(0.,0.,1.));
#8074 = DIRECTION('',(-0.5,-0.866025403784,0.));
#8075 = ADVANCED_FACE('',(#8076),#8094,.F.);
#8076 = FACE_BOUND('',#8077,.F.);
#8077 = EDGE_LOOP('',(#8078,#8079,#8080,#8088));
#8078 = ORIENTED_EDGE('',*,*,#8057,.F.);
#8079 = ORIENTED_EDGE('',*,*,#7577,.T.);
#8080 = ORIENTED_EDGE('',*,*,#8081,.T.);
#8081 = EDGE_CURVE('',#7578,#8082,#8084,.T.);
#8082 = VERTEX_POINT('',#8083);
#8083 = CARTESIAN_POINT('',(314.66987298107,53.806424965365,593.));
#8084 = LINE('',#8085,#8086);
#8085 = CARTESIAN_POINT('',(338.16987298107,94.509618943233,593.));
#8086 = VECTOR('',#8087,1.);
#8087 = DIRECTION('',(-0.5,-0.866025403784,0.));
#8088 = ORIENTED_EDGE('',*,*,#8089,.F.);
#8089 = EDGE_CURVE('',#8058,#8082,#8090,.T.);
#8090 = LINE('',#8091,#8092);
#8091 = CARTESIAN_POINT('',(314.66987298107,53.806424965365,590.));
#8092 = VECTOR('',#8093,1.);
#8093 = DIRECTION('',(0.,0.,1.));
#8094 = PLANE('',#8095);
#8095 = AXIS2_PLACEMENT_3D('',#8096,#8097,#8098);
#8096 = CARTESIAN_POINT('',(338.16987298107,94.509618943233,590.));
#8097 = DIRECTION('',(0.866025403784,-0.5,0.));
#8098 = DIRECTION('',(0.,0.,1.));
#8099 = ADVANCED_FACE('',(#8100),#8118,.T.);
#8100 = FACE_BOUND('',#8101,.T.);
#8101 = EDGE_LOOP('',(#8102,#8103,#8104,#8112));
#8102 = ORIENTED_EDGE('',*,*,#8048,.F.);
#8103 = ORIENTED_EDGE('',*,*,#7594,.T.);
#8104 = ORIENTED_EDGE('',*,*,#8105,.T.);
#8105 = EDGE_CURVE('',#7586,#8106,#8108,.T.);
#8106 = VERTEX_POINT('',#8107);
#8107 = CARTESIAN_POINT('',(323.33012701892,48.806424965365,593.));
#8108 = LINE('',#8109,#8110);
#8109 = CARTESIAN_POINT('',(346.83012701892,89.509618943233,593.));
#8110 = VECTOR('',#8111,1.);
#8111 = DIRECTION('',(-0.5,-0.866025403784,0.));
#8112 = ORIENTED_EDGE('',*,*,#8113,.F.);
#8113 = EDGE_CURVE('',#8049,#8106,#8114,.T.);
#8114 = LINE('',#8115,#8116);
#8115 = CARTESIAN_POINT('',(323.33012701892,48.806424965365,590.));
#8116 = VECTOR('',#8117,1.);
#8117 = DIRECTION('',(0.,0.,1.));
#8118 = PLANE('',#8119);
#8119 = AXIS2_PLACEMENT_3D('',#8120,#8121,#8122);
#8120 = CARTESIAN_POINT('',(346.83012701892,89.509618943233,590.));
#8121 = DIRECTION('',(0.866025403784,-0.5,0.));
#8122 = DIRECTION('',(0.,0.,1.));
#8123 = ADVANCED_FACE('',(#8124),#8135,.T.);
#8124 = FACE_BOUND('',#8125,.T.);
#8125 = EDGE_LOOP('',(#8126,#8127,#8128,#8129));
#8126 = ORIENTED_EDGE('',*,*,#8105,.F.);
#8127 = ORIENTED_EDGE('',*,*,#7585,.F.);
#8128 = ORIENTED_EDGE('',*,*,#8081,.T.);
#8129 = ORIENTED_EDGE('',*,*,#8130,.T.);
#8130 = EDGE_CURVE('',#8082,#8106,#8131,.T.);
#8131 = LINE('',#8132,#8133);
#8132 = CARTESIAN_POINT('',(314.66987298107,53.806424965365,593.));
#8133 = VECTOR('',#8134,1.);
#8134 = DIRECTION('',(0.866025403784,-0.5,0.));
#8135 = PLANE('',#8136);
#8136 = AXIS2_PLACEMENT_3D('',#8137,#8138,#8139);
#8137 = CARTESIAN_POINT('',(338.16987298107,94.509618943233,593.));
#8138 = DIRECTION('',(0.,0.,1.));
#8139 = DIRECTION('',(-0.5,-0.866025403784,0.));
#8140 = ADVANCED_FACE('',(#8141),#8166,.F.);
#8141 = FACE_BOUND('',#8142,.F.);
#8142 = EDGE_LOOP('',(#8143,#8151,#8152,#8160));
#8143 = ORIENTED_EDGE('',*,*,#8144,.F.);
#8144 = EDGE_CURVE('',#7605,#8145,#8147,.T.);
#8145 = VERTEX_POINT('',#8146);
#8146 = CARTESIAN_POINT('',(385.33012701892,53.806424965365,590.));
#8147 = LINE('',#8148,#8149);
#8148 = CARTESIAN_POINT('',(361.83012701892,94.509618943233,590.));
#8149 = VECTOR('',#8150,1.);
#8150 = DIRECTION('',(0.5,-0.866025403784,0.));
#8151 = ORIENTED_EDGE('',*,*,#7602,.F.);
#8152 = ORIENTED_EDGE('',*,*,#8153,.T.);
#8153 = EDGE_CURVE('',#7603,#8154,#8156,.T.);
#8154 = VERTEX_POINT('',#8155);
#8155 = CARTESIAN_POINT('',(376.66987298107,48.806424965365,590.));
#8156 = LINE('',#8157,#8158);
#8157 = CARTESIAN_POINT('',(353.16987298107,89.509618943233,590.));
#8158 = VECTOR('',#8159,1.);
#8159 = DIRECTION('',(0.5,-0.866025403784,0.));
#8160 = ORIENTED_EDGE('',*,*,#8161,.T.);
#8161 = EDGE_CURVE('',#8154,#8145,#8162,.T.);
#8162 = LINE('',#8163,#8164);
#8163 = CARTESIAN_POINT('',(376.66987298107,48.806424965365,590.));
#8164 = VECTOR('',#8165,1.);
#8165 = DIRECTION('',(0.866025403784,0.5,0.));
#8166 = PLANE('',#8167);
#8167 = AXIS2_PLACEMENT_3D('',#8168,#8169,#8170);
#8168 = CARTESIAN_POINT('',(353.16987298107,89.509618943233,590.));
#8169 = DIRECTION('',(0.,0.,1.));
#8170 = DIRECTION('',(0.5,-0.866025403784,0.));
#8171 = ADVANCED_FACE('',(#8172),#8190,.T.);
#8172 = FACE_BOUND('',#8173,.T.);
#8173 = EDGE_LOOP('',(#8174,#8175,#8176,#8184));
#8174 = ORIENTED_EDGE('',*,*,#8144,.F.);
#8175 = ORIENTED_EDGE('',*,*,#7630,.T.);
#8176 = ORIENTED_EDGE('',*,*,#8177,.T.);
#8177 = EDGE_CURVE('',#7622,#8178,#8180,.T.);
#8178 = VERTEX_POINT('',#8179);
#8179 = CARTESIAN_POINT('',(385.33012701892,53.806424965365,593.));
#8180 = LINE('',#8181,#8182);
#8181 = CARTESIAN_POINT('',(361.83012701892,94.509618943233,593.));
#8182 = VECTOR('',#8183,1.);
#8183 = DIRECTION('',(0.5,-0.866025403784,0.));
#8184 = ORIENTED_EDGE('',*,*,#8185,.F.);
#8185 = EDGE_CURVE('',#8145,#8178,#8186,.T.);
#8186 = LINE('',#8187,#8188);
#8187 = CARTESIAN_POINT('',(385.33012701892,53.806424965365,590.));
#8188 = VECTOR('',#8189,1.);
#8189 = DIRECTION('',(0.,0.,1.));
#8190 = PLANE('',#8191);
#8191 = AXIS2_PLACEMENT_3D('',#8192,#8193,#8194);
#8192 = CARTESIAN_POINT('',(361.83012701892,94.509618943233,590.));
#8193 = DIRECTION('',(0.866025403784,0.5,0.));
#8194 = DIRECTION('',(0.,0.,1.));
#8195 = ADVANCED_FACE('',(#8196),#8214,.T.);
#8196 = FACE_BOUND('',#8197,.T.);
#8197 = EDGE_LOOP('',(#8198,#8199,#8200,#8208));
#8198 = ORIENTED_EDGE('',*,*,#8177,.F.);
#8199 = ORIENTED_EDGE('',*,*,#7621,.F.);
#8200 = ORIENTED_EDGE('',*,*,#8201,.T.);
#8201 = EDGE_CURVE('',#7614,#8202,#8204,.T.);
#8202 = VERTEX_POINT('',#8203);
#8203 = CARTESIAN_POINT('',(376.66987298107,48.806424965365,593.));
#8204 = LINE('',#8205,#8206);
#8205 = CARTESIAN_POINT('',(353.16987298107,89.509618943233,593.));
#8206 = VECTOR('',#8207,1.);
#8207 = DIRECTION('',(0.5,-0.866025403784,0.));
#8208 = ORIENTED_EDGE('',*,*,#8209,.T.);
#8209 = EDGE_CURVE('',#8202,#8178,#8210,.T.);
#8210 = LINE('',#8211,#8212);
#8211 = CARTESIAN_POINT('',(376.66987298107,48.806424965365,593.));
#8212 = VECTOR('',#8213,1.);
#8213 = DIRECTION('',(0.866025403784,0.5,0.));
#8214 = PLANE('',#8215);
#8215 = AXIS2_PLACEMENT_3D('',#8216,#8217,#8218);
#8216 = CARTESIAN_POINT('',(353.16987298107,89.509618943233,593.));
#8217 = DIRECTION('',(0.,0.,1.));
#8218 = DIRECTION('',(0.5,-0.866025403784,0.));
#8219 = ADVANCED_FACE('',(#8220),#8231,.F.);
#8220 = FACE_BOUND('',#8221,.F.);
#8221 = EDGE_LOOP('',(#8222,#8223,#8224,#8225));
#8222 = ORIENTED_EDGE('',*,*,#8153,.F.);
#8223 = ORIENTED_EDGE('',*,*,#7613,.T.);
#8224 = ORIENTED_EDGE('',*,*,#8201,.T.);
#8225 = ORIENTED_EDGE('',*,*,#8226,.F.);
#8226 = EDGE_CURVE('',#8154,#8202,#8227,.T.);
#8227 = LINE('',#8228,#8229);
#8228 = CARTESIAN_POINT('',(376.66987298107,48.806424965365,590.));
#8229 = VECTOR('',#8230,1.);
#8230 = DIRECTION('',(0.,0.,1.));
#8231 = PLANE('',#8232);
#8232 = AXIS2_PLACEMENT_3D('',#8233,#8234,#8235);
#8233 = CARTESIAN_POINT('',(353.16987298107,89.509618943233,590.));
#8234 = DIRECTION('',(0.866025403784,0.5,0.));
#8235 = DIRECTION('',(0.,0.,1.));
#8236 = ADVANCED_FACE('',(#8237),#8243,.T.);
#8237 = FACE_BOUND('',#8238,.T.);
#8238 = EDGE_LOOP('',(#8239,#8240,#8241,#8242));
#8239 = ORIENTED_EDGE('',*,*,#7746,.F.);
#8240 = ORIENTED_EDGE('',*,*,#7662,.T.);
#8241 = ORIENTED_EDGE('',*,*,#7695,.T.);
#8242 = ORIENTED_EDGE('',*,*,#7720,.F.);
#8243 = PLANE('',#8244);
#8244 = AXIS2_PLACEMENT_3D('',#8245,#8246,#8247);
#8245 = CARTESIAN_POINT('',(412.,100.,590.));
#8246 = DIRECTION('',(1.,0.,0.));
#8247 = DIRECTION('',(0.,0.,1.));
#8248 = ADVANCED_FACE('',(#8249),#8255,.T.);
#8249 = FACE_BOUND('',#8250,.T.);
#8250 = EDGE_LOOP('',(#8251,#8252,#8253,#8254));
#8251 = ORIENTED_EDGE('',*,*,#7801,.F.);
#8252 = ORIENTED_EDGE('',*,*,#7777,.T.);
#8253 = ORIENTED_EDGE('',*,*,#7825,.T.);
#8254 = ORIENTED_EDGE('',*,*,#7842,.F.);
#8255 = PLANE('',#8256);
#8256 = AXIS2_PLACEMENT_3D('',#8257,#8258,#8259);
#8257 = CARTESIAN_POINT('',(385.33012701892,156.19357503463,590.));
#8258 = DIRECTION('',(0.5,0.866025403784,0.));
#8259 = DIRECTION('',(0.,0.,1.));
#8260 = ADVANCED_FACE('',(#8261),#8267,.T.);
#8261 = FACE_BOUND('',#8262,.T.);
#8262 = EDGE_LOOP('',(#8263,#8264,#8265,#8266));
#8263 = ORIENTED_EDGE('',*,*,#7897,.F.);
#8264 = ORIENTED_EDGE('',*,*,#7873,.T.);
#8265 = ORIENTED_EDGE('',*,*,#7921,.T.);
#8266 = ORIENTED_EDGE('',*,*,#7938,.F.);
#8267 = PLANE('',#8268);
#8268 = AXIS2_PLACEMENT_3D('',#8269,#8270,#8271);
#8269 = CARTESIAN_POINT('',(323.33012701892,161.19357503463,590.));
#8270 = DIRECTION('',(-0.5,0.866025403784,0.));
#8271 = DIRECTION('',(0.,0.,1.));
#8272 = ADVANCED_FACE('',(#8273),#8279,.T.);
#8273 = FACE_BOUND('',#8274,.T.);
#8274 = EDGE_LOOP('',(#8275,#8276,#8277,#8278));
#8275 = ORIENTED_EDGE('',*,*,#7993,.F.);
#8276 = ORIENTED_EDGE('',*,*,#7969,.T.);
#8277 = ORIENTED_EDGE('',*,*,#8017,.T.);
#8278 = ORIENTED_EDGE('',*,*,#8034,.F.);
#8279 = PLANE('',#8280);
#8280 = AXIS2_PLACEMENT_3D('',#8281,#8282,#8283);
#8281 = CARTESIAN_POINT('',(288.,110.,590.));
#8282 = DIRECTION('',(-1.,1.224646799147E-16,0.));
#8283 = DIRECTION('',(0.,0.,1.));
#8284 = ADVANCED_FACE('',(#8285),#8291,.T.);
#8285 = FACE_BOUND('',#8286,.T.);
#8286 = EDGE_LOOP('',(#8287,#8288,#8289,#8290));
#8287 = ORIENTED_EDGE('',*,*,#8089,.F.);
#8288 = ORIENTED_EDGE('',*,*,#8065,.T.);
#8289 = ORIENTED_EDGE('',*,*,#8113,.T.);
#8290 = ORIENTED_EDGE('',*,*,#8130,.F.);
#8291 = PLANE('',#8292);
#8292 = AXIS2_PLACEMENT_3D('',#8293,#8294,#8295);
#8293 = CARTESIAN_POINT('',(314.66987298107,53.806424965365,590.));
#8294 = DIRECTION('',(-0.5,-0.866025403784,0.));
#8295 = DIRECTION('',(0.,0.,1.));
#8296 = ADVANCED_FACE('',(#8297),#8303,.T.);
#8297 = FACE_BOUND('',#8298,.T.);
#8298 = EDGE_LOOP('',(#8299,#8300,#8301,#8302));
#8299 = ORIENTED_EDGE('',*,*,#8226,.F.);
#8300 = ORIENTED_EDGE('',*,*,#8161,.T.);
#8301 = ORIENTED_EDGE('',*,*,#8185,.T.);
#8302 = ORIENTED_EDGE('',*,*,#8209,.F.);
#8303 = PLANE('',#8304);
#8304 = AXIS2_PLACEMENT_3D('',#8305,#8306,#8307);
#8305 = CARTESIAN_POINT('',(376.66987298107,48.806424965365,590.));
#8306 = DIRECTION('',(0.5,-0.866025403784,0.));
#8307 = DIRECTION('',(0.,0.,1.));
#8308 = MANIFOLD_SOLID_BREP('',#8309);
#8309 = CLOSED_SHELL('',(#8310,#8350,#8381,#8460,#8484,#8556,#8568,#8585
    ,#8602,#8619,#8636));
#8310 = ADVANCED_FACE('',(#8311),#8345,.F.);
#8311 = FACE_BOUND('',#8312,.F.);
#8312 = EDGE_LOOP('',(#8313,#8323,#8331,#8339));
#8313 = ORIENTED_EDGE('',*,*,#8314,.F.);
#8314 = EDGE_CURVE('',#8315,#8317,#8319,.T.);
#8315 = VERTEX_POINT('',#8316);
#8316 = CARTESIAN_POINT('',(280.,35.,581.));
#8317 = VERTEX_POINT('',#8318);
#8318 = CARTESIAN_POINT('',(280.,35.,608.));
#8319 = LINE('',#8320,#8321);
#8320 = CARTESIAN_POINT('',(280.,35.,581.));
#8321 = VECTOR('',#8322,1.);
#8322 = DIRECTION('',(0.,0.,1.));
#8323 = ORIENTED_EDGE('',*,*,#8324,.T.);
#8324 = EDGE_CURVE('',#8315,#8325,#8327,.T.);
#8325 = VERTEX_POINT('',#8326);
#8326 = CARTESIAN_POINT('',(280.,175.,581.));
#8327 = LINE('',#8328,#8329);
#8328 = CARTESIAN_POINT('',(280.,35.,581.));
#8329 = VECTOR('',#8330,1.);
#8330 = DIRECTION('',(0.,1.,0.));
#8331 = ORIENTED_EDGE('',*,*,#8332,.T.);
#8332 = EDGE_CURVE('',#8325,#8333,#8335,.T.);
#8333 = VERTEX_POINT('',#8334);
#8334 = CARTESIAN_POINT('',(280.,175.,608.));
#8335 = LINE('',#8336,#8337);
#8336 = CARTESIAN_POINT('',(280.,175.,581.));
#8337 = VECTOR('',#8338,1.);
#8338 = DIRECTION('',(0.,0.,1.));
#8339 = ORIENTED_EDGE('',*,*,#8340,.F.);
#8340 = EDGE_CURVE('',#8317,#8333,#8341,.T.);
#8341 = LINE('',#8342,#8343);
#8342 = CARTESIAN_POINT('',(280.,35.,608.));
#8343 = VECTOR('',#8344,1.);
#8344 = DIRECTION('',(0.,1.,0.));
#8345 = PLANE('',#8346);
#8346 = AXIS2_PLACEMENT_3D('',#8347,#8348,#8349);
#8347 = CARTESIAN_POINT('',(280.,35.,581.));
#8348 = DIRECTION('',(1.,0.,0.));
#8349 = DIRECTION('',(0.,0.,1.));
#8350 = ADVANCED_FACE('',(#8351),#8376,.F.);
#8351 = FACE_BOUND('',#8352,.F.);
#8352 = EDGE_LOOP('',(#8353,#8361,#8362,#8370));
#8353 = ORIENTED_EDGE('',*,*,#8354,.F.);
#8354 = EDGE_CURVE('',#8315,#8355,#8357,.T.);
#8355 = VERTEX_POINT('',#8356);
#8356 = CARTESIAN_POINT('',(420.,35.,581.));
#8357 = LINE('',#8358,#8359);
#8358 = CARTESIAN_POINT('',(280.,35.,581.));
#8359 = VECTOR('',#8360,1.);
#8360 = DIRECTION('',(1.,0.,0.));
#8361 = ORIENTED_EDGE('',*,*,#8314,.T.);
#8362 = ORIENTED_EDGE('',*,*,#8363,.T.);
#8363 = EDGE_CURVE('',#8317,#8364,#8366,.T.);
#8364 = VERTEX_POINT('',#8365);
#8365 = CARTESIAN_POINT('',(420.,35.,608.));
#8366 = LINE('',#8367,#8368);
#8367 = CARTESIAN_POINT('',(280.,35.,608.));
#8368 = VECTOR('',#8369,1.);
#8369 = DIRECTION('',(1.,0.,0.));
#8370 = ORIENTED_EDGE('',*,*,#8371,.F.);
#8371 = EDGE_CURVE('',#8355,#8364,#8372,.T.);
#8372 = LINE('',#8373,#8374);
#8373 = CARTESIAN_POINT('',(420.,35.,581.));
#8374 = VECTOR('',#8375,1.);
#8375 = DIRECTION('',(0.,0.,1.));
#8376 = PLANE('',#8377);
#8377 = AXIS2_PLACEMENT_3D('',#8378,#8379,#8380);
#8378 = CARTESIAN_POINT('',(280.,35.,581.));
#8379 = DIRECTION('',(0.,1.,0.));
#8380 = DIRECTION('',(0.,0.,1.));
#8381 = ADVANCED_FACE('',(#8382,#8400,#8411,#8422,#8433,#8444),#8455,.T.
  );
#8382 = FACE_BOUND('',#8383,.T.);
#8383 = EDGE_LOOP('',(#8384,#8385,#8386,#8394));
#8384 = ORIENTED_EDGE('',*,*,#8340,.F.);
#8385 = ORIENTED_EDGE('',*,*,#8363,.T.);
#8386 = ORIENTED_EDGE('',*,*,#8387,.T.);
#8387 = EDGE_CURVE('',#8364,#8388,#8390,.T.);
#8388 = VERTEX_POINT('',#8389);
#8389 = CARTESIAN_POINT('',(420.,175.,608.));
#8390 = LINE('',#8391,#8392);
#8391 = CARTESIAN_POINT('',(420.,35.,608.));
#8392 = VECTOR('',#8393,1.);
#8393 = DIRECTION('',(0.,1.,0.));
#8394 = ORIENTED_EDGE('',*,*,#8395,.F.);
#8395 = EDGE_CURVE('',#8333,#8388,#8396,.T.);
#8396 = LINE('',#8397,#8398);
#8397 = CARTESIAN_POINT('',(280.,175.,608.));
#8398 = VECTOR('',#8399,1.);
#8399 = DIRECTION('',(1.,0.,0.));
#8400 = FACE_BOUND('',#8401,.T.);
#8401 = EDGE_LOOP('',(#8402));
#8402 = ORIENTED_EDGE('',*,*,#8403,.F.);
#8403 = EDGE_CURVE('',#8404,#8404,#8406,.T.);
#8404 = VERTEX_POINT('',#8405);
#8405 = CARTESIAN_POINT('',(289.75,42.5,608.));
#8406 = CIRCLE('',#8407,2.25);
#8407 = AXIS2_PLACEMENT_3D('',#8408,#8409,#8410);
#8408 = CARTESIAN_POINT('',(287.5,42.5,608.));
#8409 = DIRECTION('',(0.,0.,1.));
#8410 = DIRECTION('',(1.,0.,0.));
#8411 = FACE_BOUND('',#8412,.T.);
#8412 = EDGE_LOOP('',(#8413));
#8413 = ORIENTED_EDGE('',*,*,#8414,.F.);
#8414 = EDGE_CURVE('',#8415,#8415,#8417,.T.);
#8415 = VERTEX_POINT('',#8416);
#8416 = CARTESIAN_POINT('',(414.75,42.5,608.));
#8417 = CIRCLE('',#8418,2.25);
#8418 = AXIS2_PLACEMENT_3D('',#8419,#8420,#8421);
#8419 = CARTESIAN_POINT('',(412.5,42.5,608.));
#8420 = DIRECTION('',(0.,0.,1.));
#8421 = DIRECTION('',(1.,0.,0.));
#8422 = FACE_BOUND('',#8423,.T.);
#8423 = EDGE_LOOP('',(#8424));
#8424 = ORIENTED_EDGE('',*,*,#8425,.F.);
#8425 = EDGE_CURVE('',#8426,#8426,#8428,.T.);
#8426 = VERTEX_POINT('',#8427);
#8427 = CARTESIAN_POINT('',(289.75,167.5,608.));
#8428 = CIRCLE('',#8429,2.25);
#8429 = AXIS2_PLACEMENT_3D('',#8430,#8431,#8432);
#8430 = CARTESIAN_POINT('',(287.5,167.5,608.));
#8431 = DIRECTION('',(0.,0.,1.));
#8432 = DIRECTION('',(1.,0.,0.));
#8433 = FACE_BOUND('',#8434,.T.);
#8434 = EDGE_LOOP('',(#8435));
#8435 = ORIENTED_EDGE('',*,*,#8436,.F.);
#8436 = EDGE_CURVE('',#8437,#8437,#8439,.T.);
#8437 = VERTEX_POINT('',#8438);
#8438 = CARTESIAN_POINT('',(415.,105.,608.));
#8439 = CIRCLE('',#8440,65.);
#8440 = AXIS2_PLACEMENT_3D('',#8441,#8442,#8443);
#8441 = CARTESIAN_POINT('',(350.,105.,608.));
#8442 = DIRECTION('',(0.,0.,1.));
#8443 = DIRECTION('',(1.,0.,0.));
#8444 = FACE_BOUND('',#8445,.T.);
#8445 = EDGE_LOOP('',(#8446));
#8446 = ORIENTED_EDGE('',*,*,#8447,.F.);
#8447 = EDGE_CURVE('',#8448,#8448,#8450,.T.);
#8448 = VERTEX_POINT('',#8449);
#8449 = CARTESIAN_POINT('',(414.75,167.5,608.));
#8450 = CIRCLE('',#8451,2.25);
#8451 = AXIS2_PLACEMENT_3D('',#8452,#8453,#8454);
#8452 = CARTESIAN_POINT('',(412.5,167.5,608.));
#8453 = DIRECTION('',(0.,0.,1.));
#8454 = DIRECTION('',(1.,0.,0.));
#8455 = PLANE('',#8456);
#8456 = AXIS2_PLACEMENT_3D('',#8457,#8458,#8459);
#8457 = CARTESIAN_POINT('',(280.,35.,608.));
#8458 = DIRECTION('',(0.,0.,1.));
#8459 = DIRECTION('',(1.,0.,0.));
#8460 = ADVANCED_FACE('',(#8461),#8479,.T.);
#8461 = FACE_BOUND('',#8462,.T.);
#8462 = EDGE_LOOP('',(#8463,#8471,#8472,#8473));
#8463 = ORIENTED_EDGE('',*,*,#8464,.F.);
#8464 = EDGE_CURVE('',#8325,#8465,#8467,.T.);
#8465 = VERTEX_POINT('',#8466);
#8466 = CARTESIAN_POINT('',(420.,175.,581.));
#8467 = LINE('',#8468,#8469);
#8468 = CARTESIAN_POINT('',(280.,175.,581.));
#8469 = VECTOR('',#8470,1.);
#8470 = DIRECTION('',(1.,0.,0.));
#8471 = ORIENTED_EDGE('',*,*,#8332,.T.);
#8472 = ORIENTED_EDGE('',*,*,#8395,.T.);
#8473 = ORIENTED_EDGE('',*,*,#8474,.F.);
#8474 = EDGE_CURVE('',#8465,#8388,#8475,.T.);
#8475 = LINE('',#8476,#8477);
#8476 = CARTESIAN_POINT('',(420.,175.,581.));
#8477 = VECTOR('',#8478,1.);
#8478 = DIRECTION('',(0.,0.,1.));
#8479 = PLANE('',#8480);
#8480 = AXIS2_PLACEMENT_3D('',#8481,#8482,#8483);
#8481 = CARTESIAN_POINT('',(280.,175.,581.));
#8482 = DIRECTION('',(0.,1.,0.));
#8483 = DIRECTION('',(0.,0.,1.));
#8484 = ADVANCED_FACE('',(#8485,#8496,#8507,#8518,#8529,#8540),#8551,.F.
  );
#8485 = FACE_BOUND('',#8486,.F.);
#8486 = EDGE_LOOP('',(#8487,#8488,#8489,#8495));
#8487 = ORIENTED_EDGE('',*,*,#8324,.F.);
#8488 = ORIENTED_EDGE('',*,*,#8354,.T.);
#8489 = ORIENTED_EDGE('',*,*,#8490,.T.);
#8490 = EDGE_CURVE('',#8355,#8465,#8491,.T.);
#8491 = LINE('',#8492,#8493);
#8492 = CARTESIAN_POINT('',(420.,35.,581.));
#8493 = VECTOR('',#8494,1.);
#8494 = DIRECTION('',(0.,1.,0.));
#8495 = ORIENTED_EDGE('',*,*,#8464,.F.);
#8496 = FACE_BOUND('',#8497,.F.);
#8497 = EDGE_LOOP('',(#8498));
#8498 = ORIENTED_EDGE('',*,*,#8499,.F.);
#8499 = EDGE_CURVE('',#8500,#8500,#8502,.T.);
#8500 = VERTEX_POINT('',#8501);
#8501 = CARTESIAN_POINT('',(289.75,42.5,581.));
#8502 = CIRCLE('',#8503,2.25);
#8503 = AXIS2_PLACEMENT_3D('',#8504,#8505,#8506);
#8504 = CARTESIAN_POINT('',(287.5,42.5,581.));
#8505 = DIRECTION('',(0.,0.,1.));
#8506 = DIRECTION('',(1.,0.,0.));
#8507 = FACE_BOUND('',#8508,.F.);
#8508 = EDGE_LOOP('',(#8509));
#8509 = ORIENTED_EDGE('',*,*,#8510,.F.);
#8510 = EDGE_CURVE('',#8511,#8511,#8513,.T.);
#8511 = VERTEX_POINT('',#8512);
#8512 = CARTESIAN_POINT('',(414.75,42.5,581.));
#8513 = CIRCLE('',#8514,2.25);
#8514 = AXIS2_PLACEMENT_3D('',#8515,#8516,#8517);
#8515 = CARTESIAN_POINT('',(412.5,42.5,581.));
#8516 = DIRECTION('',(0.,0.,1.));
#8517 = DIRECTION('',(1.,0.,0.));
#8518 = FACE_BOUND('',#8519,.F.);
#8519 = EDGE_LOOP('',(#8520));
#8520 = ORIENTED_EDGE('',*,*,#8521,.F.);
#8521 = EDGE_CURVE('',#8522,#8522,#8524,.T.);
#8522 = VERTEX_POINT('',#8523);
#8523 = CARTESIAN_POINT('',(289.75,167.5,581.));
#8524 = CIRCLE('',#8525,2.25);
#8525 = AXIS2_PLACEMENT_3D('',#8526,#8527,#8528);
#8526 = CARTESIAN_POINT('',(287.5,167.5,581.));
#8527 = DIRECTION('',(0.,0.,1.));
#8528 = DIRECTION('',(1.,0.,0.));
#8529 = FACE_BOUND('',#8530,.F.);
#8530 = EDGE_LOOP('',(#8531));
#8531 = ORIENTED_EDGE('',*,*,#8532,.F.);
#8532 = EDGE_CURVE('',#8533,#8533,#8535,.T.);
#8533 = VERTEX_POINT('',#8534);
#8534 = CARTESIAN_POINT('',(415.,105.,581.));
#8535 = CIRCLE('',#8536,65.);
#8536 = AXIS2_PLACEMENT_3D('',#8537,#8538,#8539);
#8537 = CARTESIAN_POINT('',(350.,105.,581.));
#8538 = DIRECTION('',(0.,0.,1.));
#8539 = DIRECTION('',(1.,0.,0.));
#8540 = FACE_BOUND('',#8541,.F.);
#8541 = EDGE_LOOP('',(#8542));
#8542 = ORIENTED_EDGE('',*,*,#8543,.F.);
#8543 = EDGE_CURVE('',#8544,#8544,#8546,.T.);
#8544 = VERTEX_POINT('',#8545);
#8545 = CARTESIAN_POINT('',(414.75,167.5,581.));
#8546 = CIRCLE('',#8547,2.25);
#8547 = AXIS2_PLACEMENT_3D('',#8548,#8549,#8550);
#8548 = CARTESIAN_POINT('',(412.5,167.5,581.));
#8549 = DIRECTION('',(0.,0.,1.));
#8550 = DIRECTION('',(1.,0.,0.));
#8551 = PLANE('',#8552);
#8552 = AXIS2_PLACEMENT_3D('',#8553,#8554,#8555);
#8553 = CARTESIAN_POINT('',(280.,35.,581.));
#8554 = DIRECTION('',(0.,0.,1.));
#8555 = DIRECTION('',(1.,0.,0.));
#8556 = ADVANCED_FACE('',(#8557),#8563,.T.);
#8557 = FACE_BOUND('',#8558,.T.);
#8558 = EDGE_LOOP('',(#8559,#8560,#8561,#8562));
#8559 = ORIENTED_EDGE('',*,*,#8371,.F.);
#8560 = ORIENTED_EDGE('',*,*,#8490,.T.);
#8561 = ORIENTED_EDGE('',*,*,#8474,.T.);
#8562 = ORIENTED_EDGE('',*,*,#8387,.F.);
#8563 = PLANE('',#8564);
#8564 = AXIS2_PLACEMENT_3D('',#8565,#8566,#8567);
#8565 = CARTESIAN_POINT('',(420.,35.,581.));
#8566 = DIRECTION('',(1.,0.,0.));
#8567 = DIRECTION('',(0.,0.,1.));
#8568 = ADVANCED_FACE('',(#8569),#8580,.F.);
#8569 = FACE_BOUND('',#8570,.F.);
#8570 = EDGE_LOOP('',(#8571,#8572,#8578,#8579));
#8571 = ORIENTED_EDGE('',*,*,#8403,.F.);
#8572 = ORIENTED_EDGE('',*,*,#8573,.F.);
#8573 = EDGE_CURVE('',#8500,#8404,#8574,.T.);
#8574 = LINE('',#8575,#8576);
#8575 = CARTESIAN_POINT('',(289.75,42.5,580.));
#8576 = VECTOR('',#8577,1.);
#8577 = DIRECTION('',(0.,0.,1.));
#8578 = ORIENTED_EDGE('',*,*,#8499,.T.);
#8579 = ORIENTED_EDGE('',*,*,#8573,.T.);
#8580 = CYLINDRICAL_SURFACE('',#8581,2.25);
#8581 = AXIS2_PLACEMENT_3D('',#8582,#8583,#8584);
#8582 = CARTESIAN_POINT('',(287.5,42.5,580.));
#8583 = DIRECTION('',(0.,0.,1.));
#8584 = DIRECTION('',(1.,0.,0.));
#8585 = ADVANCED_FACE('',(#8586),#8597,.F.);
#8586 = FACE_BOUND('',#8587,.F.);
#8587 = EDGE_LOOP('',(#8588,#8589,#8595,#8596));
#8588 = ORIENTED_EDGE('',*,*,#8414,.F.);
#8589 = ORIENTED_EDGE('',*,*,#8590,.F.);
#8590 = EDGE_CURVE('',#8511,#8415,#8591,.T.);
#8591 = LINE('',#8592,#8593);
#8592 = CARTESIAN_POINT('',(414.75,42.5,580.));
#8593 = VECTOR('',#8594,1.);
#8594 = DIRECTION('',(0.,0.,1.));
#8595 = ORIENTED_EDGE('',*,*,#8510,.T.);
#8596 = ORIENTED_EDGE('',*,*,#8590,.T.);
#8597 = CYLINDRICAL_SURFACE('',#8598,2.25);
#8598 = AXIS2_PLACEMENT_3D('',#8599,#8600,#8601);
#8599 = CARTESIAN_POINT('',(412.5,42.5,580.));
#8600 = DIRECTION('',(0.,0.,1.));
#8601 = DIRECTION('',(1.,0.,0.));
#8602 = ADVANCED_FACE('',(#8603),#8614,.F.);
#8603 = FACE_BOUND('',#8604,.F.);
#8604 = EDGE_LOOP('',(#8605,#8606,#8612,#8613));
#8605 = ORIENTED_EDGE('',*,*,#8425,.F.);
#8606 = ORIENTED_EDGE('',*,*,#8607,.F.);
#8607 = EDGE_CURVE('',#8522,#8426,#8608,.T.);
#8608 = LINE('',#8609,#8610);
#8609 = CARTESIAN_POINT('',(289.75,167.5,580.));
#8610 = VECTOR('',#8611,1.);
#8611 = DIRECTION('',(0.,0.,1.));
#8612 = ORIENTED_EDGE('',*,*,#8521,.T.);
#8613 = ORIENTED_EDGE('',*,*,#8607,.T.);
#8614 = CYLINDRICAL_SURFACE('',#8615,2.25);
#8615 = AXIS2_PLACEMENT_3D('',#8616,#8617,#8618);
#8616 = CARTESIAN_POINT('',(287.5,167.5,580.));
#8617 = DIRECTION('',(0.,0.,1.));
#8618 = DIRECTION('',(1.,0.,0.));
#8619 = ADVANCED_FACE('',(#8620),#8631,.F.);
#8620 = FACE_BOUND('',#8621,.F.);
#8621 = EDGE_LOOP('',(#8622,#8623,#8629,#8630));
#8622 = ORIENTED_EDGE('',*,*,#8436,.F.);
#8623 = ORIENTED_EDGE('',*,*,#8624,.F.);
#8624 = EDGE_CURVE('',#8533,#8437,#8625,.T.);
#8625 = LINE('',#8626,#8627);
#8626 = CARTESIAN_POINT('',(415.,105.,580.));
#8627 = VECTOR('',#8628,1.);
#8628 = DIRECTION('',(0.,0.,1.));
#8629 = ORIENTED_EDGE('',*,*,#8532,.T.);
#8630 = ORIENTED_EDGE('',*,*,#8624,.T.);
#8631 = CYLINDRICAL_SURFACE('',#8632,65.);
#8632 = AXIS2_PLACEMENT_3D('',#8633,#8634,#8635);
#8633 = CARTESIAN_POINT('',(350.,105.,580.));
#8634 = DIRECTION('',(0.,0.,1.));
#8635 = DIRECTION('',(1.,0.,0.));
#8636 = ADVANCED_FACE('',(#8637),#8648,.F.);
#8637 = FACE_BOUND('',#8638,.F.);
#8638 = EDGE_LOOP('',(#8639,#8640,#8646,#8647));
#8639 = ORIENTED_EDGE('',*,*,#8447,.F.);
#8640 = ORIENTED_EDGE('',*,*,#8641,.F.);
#8641 = EDGE_CURVE('',#8544,#8448,#8642,.T.);
#8642 = LINE('',#8643,#8644);
#8643 = CARTESIAN_POINT('',(414.75,167.5,580.));
#8644 = VECTOR('',#8645,1.);
#8645 = DIRECTION('',(0.,0.,1.));
#8646 = ORIENTED_EDGE('',*,*,#8543,.T.);
#8647 = ORIENTED_EDGE('',*,*,#8641,.T.);
#8648 = CYLINDRICAL_SURFACE('',#8649,2.25);
#8649 = AXIS2_PLACEMENT_3D('',#8650,#8651,#8652);
#8650 = CARTESIAN_POINT('',(412.5,167.5,580.));
#8651 = DIRECTION('',(0.,0.,1.));
#8652 = DIRECTION('',(1.,0.,0.));
#8653 = MANIFOLD_SOLID_BREP('',#8654);
#8654 = CLOSED_SHELL('',(#8655,#8688,#8697));
#8655 = ADVANCED_FACE('',(#8656),#8683,.T.);
#8656 = FACE_BOUND('',#8657,.T.);
#8657 = EDGE_LOOP('',(#8658,#8667,#8675,#8682));
#8658 = ORIENTED_EDGE('',*,*,#8659,.F.);
#8659 = EDGE_CURVE('',#8660,#8660,#8662,.T.);
#8660 = VERTEX_POINT('',#8661);
#8661 = CARTESIAN_POINT('',(289.5,42.5,615.));
#8662 = CIRCLE('',#8663,2.);
#8663 = AXIS2_PLACEMENT_3D('',#8664,#8665,#8666);
#8664 = CARTESIAN_POINT('',(287.5,42.5,615.));
#8665 = DIRECTION('',(0.,0.,1.));
#8666 = DIRECTION('',(1.,0.,0.));
#8667 = ORIENTED_EDGE('',*,*,#8668,.F.);
#8668 = EDGE_CURVE('',#8669,#8660,#8671,.T.);
#8669 = VERTEX_POINT('',#8670);
#8670 = CARTESIAN_POINT('',(289.5,42.5,565.));
#8671 = LINE('',#8672,#8673);
#8672 = CARTESIAN_POINT('',(289.5,42.5,565.));
#8673 = VECTOR('',#8674,1.);
#8674 = DIRECTION('',(0.,0.,1.));
#8675 = ORIENTED_EDGE('',*,*,#8676,.T.);
#8676 = EDGE_CURVE('',#8669,#8669,#8677,.T.);
#8677 = CIRCLE('',#8678,2.);
#8678 = AXIS2_PLACEMENT_3D('',#8679,#8680,#8681);
#8679 = CARTESIAN_POINT('',(287.5,42.5,565.));
#8680 = DIRECTION('',(0.,0.,1.));
#8681 = DIRECTION('',(1.,0.,0.));
#8682 = ORIENTED_EDGE('',*,*,#8668,.T.);
#8683 = CYLINDRICAL_SURFACE('',#8684,2.);
#8684 = AXIS2_PLACEMENT_3D('',#8685,#8686,#8687);
#8685 = CARTESIAN_POINT('',(287.5,42.5,565.));
#8686 = DIRECTION('',(0.,0.,1.));
#8687 = DIRECTION('',(1.,0.,0.));
#8688 = ADVANCED_FACE('',(#8689),#8692,.T.);
#8689 = FACE_BOUND('',#8690,.T.);
#8690 = EDGE_LOOP('',(#8691));
#8691 = ORIENTED_EDGE('',*,*,#8659,.T.);
#8692 = PLANE('',#8693);
#8693 = AXIS2_PLACEMENT_3D('',#8694,#8695,#8696);
#8694 = CARTESIAN_POINT('',(287.5,42.5,615.));
#8695 = DIRECTION('',(0.,0.,1.));
#8696 = DIRECTION('',(1.,0.,0.));
#8697 = ADVANCED_FACE('',(#8698),#8701,.F.);
#8698 = FACE_BOUND('',#8699,.T.);
#8699 = EDGE_LOOP('',(#8700));
#8700 = ORIENTED_EDGE('',*,*,#8676,.F.);
#8701 = PLANE('',#8702);
#8702 = AXIS2_PLACEMENT_3D('',#8703,#8704,#8705);
#8703 = CARTESIAN_POINT('',(287.5,42.5,565.));
#8704 = DIRECTION('',(0.,0.,1.));
#8705 = DIRECTION('',(1.,0.,0.));
#8706 = MANIFOLD_SOLID_BREP('',#8707);
#8707 = CLOSED_SHELL('',(#8708,#8741,#8750));
#8708 = ADVANCED_FACE('',(#8709),#8736,.T.);
#8709 = FACE_BOUND('',#8710,.T.);
#8710 = EDGE_LOOP('',(#8711,#8720,#8728,#8735));
#8711 = ORIENTED_EDGE('',*,*,#8712,.F.);
#8712 = EDGE_CURVE('',#8713,#8713,#8715,.T.);
#8713 = VERTEX_POINT('',#8714);
#8714 = CARTESIAN_POINT('',(289.5,167.5,615.));
#8715 = CIRCLE('',#8716,2.);
#8716 = AXIS2_PLACEMENT_3D('',#8717,#8718,#8719);
#8717 = CARTESIAN_POINT('',(287.5,167.5,615.));
#8718 = DIRECTION('',(0.,0.,1.));
#8719 = DIRECTION('',(1.,0.,0.));
#8720 = ORIENTED_EDGE('',*,*,#8721,.F.);
#8721 = EDGE_CURVE('',#8722,#8713,#8724,.T.);
#8722 = VERTEX_POINT('',#8723);
#8723 = CARTESIAN_POINT('',(289.5,167.5,565.));
#8724 = LINE('',#8725,#8726);
#8725 = CARTESIAN_POINT('',(289.5,167.5,565.));
#8726 = VECTOR('',#8727,1.);
#8727 = DIRECTION('',(0.,0.,1.));
#8728 = ORIENTED_EDGE('',*,*,#8729,.T.);
#8729 = EDGE_CURVE('',#8722,#8722,#8730,.T.);
#8730 = CIRCLE('',#8731,2.);
#8731 = AXIS2_PLACEMENT_3D('',#8732,#8733,#8734);
#8732 = CARTESIAN_POINT('',(287.5,167.5,565.));
#8733 = DIRECTION('',(0.,0.,1.));
#8734 = DIRECTION('',(1.,0.,0.));
#8735 = ORIENTED_EDGE('',*,*,#8721,.T.);
#8736 = CYLINDRICAL_SURFACE('',#8737,2.);
#8737 = AXIS2_PLACEMENT_3D('',#8738,#8739,#8740);
#8738 = CARTESIAN_POINT('',(287.5,167.5,565.));
#8739 = DIRECTION('',(0.,0.,1.));
#8740 = DIRECTION('',(1.,0.,0.));
#8741 = ADVANCED_FACE('',(#8742),#8745,.T.);
#8742 = FACE_BOUND('',#8743,.T.);
#8743 = EDGE_LOOP('',(#8744));
#8744 = ORIENTED_EDGE('',*,*,#8712,.T.);
#8745 = PLANE('',#8746);
#8746 = AXIS2_PLACEMENT_3D('',#8747,#8748,#8749);
#8747 = CARTESIAN_POINT('',(287.5,167.5,615.));
#8748 = DIRECTION('',(0.,0.,1.));
#8749 = DIRECTION('',(1.,0.,0.));
#8750 = ADVANCED_FACE('',(#8751),#8754,.F.);
#8751 = FACE_BOUND('',#8752,.T.);
#8752 = EDGE_LOOP('',(#8753));
#8753 = ORIENTED_EDGE('',*,*,#8729,.F.);
#8754 = PLANE('',#8755);
#8755 = AXIS2_PLACEMENT_3D('',#8756,#8757,#8758);
#8756 = CARTESIAN_POINT('',(287.5,167.5,565.));
#8757 = DIRECTION('',(0.,0.,1.));
#8758 = DIRECTION('',(1.,0.,0.));
#8759 = MANIFOLD_SOLID_BREP('',#8760);
#8760 = CLOSED_SHELL('',(#8761,#8794,#8803));
#8761 = ADVANCED_FACE('',(#8762),#8789,.T.);
#8762 = FACE_BOUND('',#8763,.T.);
#8763 = EDGE_LOOP('',(#8764,#8773,#8781,#8788));
#8764 = ORIENTED_EDGE('',*,*,#8765,.F.);
#8765 = EDGE_CURVE('',#8766,#8766,#8768,.T.);
#8766 = VERTEX_POINT('',#8767);
#8767 = CARTESIAN_POINT('',(414.5,42.5,615.));
#8768 = CIRCLE('',#8769,2.);
#8769 = AXIS2_PLACEMENT_3D('',#8770,#8771,#8772);
#8770 = CARTESIAN_POINT('',(412.5,42.5,615.));
#8771 = DIRECTION('',(0.,0.,1.));
#8772 = DIRECTION('',(1.,0.,0.));
#8773 = ORIENTED_EDGE('',*,*,#8774,.F.);
#8774 = EDGE_CURVE('',#8775,#8766,#8777,.T.);
#8775 = VERTEX_POINT('',#8776);
#8776 = CARTESIAN_POINT('',(414.5,42.5,565.));
#8777 = LINE('',#8778,#8779);
#8778 = CARTESIAN_POINT('',(414.5,42.5,565.));
#8779 = VECTOR('',#8780,1.);
#8780 = DIRECTION('',(0.,0.,1.));
#8781 = ORIENTED_EDGE('',*,*,#8782,.T.);
#8782 = EDGE_CURVE('',#8775,#8775,#8783,.T.);
#8783 = CIRCLE('',#8784,2.);
#8784 = AXIS2_PLACEMENT_3D('',#8785,#8786,#8787);
#8785 = CARTESIAN_POINT('',(412.5,42.5,565.));
#8786 = DIRECTION('',(0.,0.,1.));
#8787 = DIRECTION('',(1.,0.,0.));
#8788 = ORIENTED_EDGE('',*,*,#8774,.T.);
#8789 = CYLINDRICAL_SURFACE('',#8790,2.);
#8790 = AXIS2_PLACEMENT_3D('',#8791,#8792,#8793);
#8791 = CARTESIAN_POINT('',(412.5,42.5,565.));
#8792 = DIRECTION('',(0.,0.,1.));
#8793 = DIRECTION('',(1.,0.,0.));
#8794 = ADVANCED_FACE('',(#8795),#8798,.T.);
#8795 = FACE_BOUND('',#8796,.T.);
#8796 = EDGE_LOOP('',(#8797));
#8797 = ORIENTED_EDGE('',*,*,#8765,.T.);
#8798 = PLANE('',#8799);
#8799 = AXIS2_PLACEMENT_3D('',#8800,#8801,#8802);
#8800 = CARTESIAN_POINT('',(412.5,42.5,615.));
#8801 = DIRECTION('',(0.,0.,1.));
#8802 = DIRECTION('',(1.,0.,0.));
#8803 = ADVANCED_FACE('',(#8804),#8807,.F.);
#8804 = FACE_BOUND('',#8805,.T.);
#8805 = EDGE_LOOP('',(#8806));
#8806 = ORIENTED_EDGE('',*,*,#8782,.F.);
#8807 = PLANE('',#8808);
#8808 = AXIS2_PLACEMENT_3D('',#8809,#8810,#8811);
#8809 = CARTESIAN_POINT('',(412.5,42.5,565.));
#8810 = DIRECTION('',(0.,0.,1.));
#8811 = DIRECTION('',(1.,0.,0.));
#8812 = MANIFOLD_SOLID_BREP('',#8813);
#8813 = CLOSED_SHELL('',(#8814,#8847,#8856));
#8814 = ADVANCED_FACE('',(#8815),#8842,.T.);
#8815 = FACE_BOUND('',#8816,.T.);
#8816 = EDGE_LOOP('',(#8817,#8826,#8834,#8841));
#8817 = ORIENTED_EDGE('',*,*,#8818,.F.);
#8818 = EDGE_CURVE('',#8819,#8819,#8821,.T.);
#8819 = VERTEX_POINT('',#8820);
#8820 = CARTESIAN_POINT('',(414.5,167.5,615.));
#8821 = CIRCLE('',#8822,2.);
#8822 = AXIS2_PLACEMENT_3D('',#8823,#8824,#8825);
#8823 = CARTESIAN_POINT('',(412.5,167.5,615.));
#8824 = DIRECTION('',(0.,0.,1.));
#8825 = DIRECTION('',(1.,0.,0.));
#8826 = ORIENTED_EDGE('',*,*,#8827,.F.);
#8827 = EDGE_CURVE('',#8828,#8819,#8830,.T.);
#8828 = VERTEX_POINT('',#8829);
#8829 = CARTESIAN_POINT('',(414.5,167.5,565.));
#8830 = LINE('',#8831,#8832);
#8831 = CARTESIAN_POINT('',(414.5,167.5,565.));
#8832 = VECTOR('',#8833,1.);
#8833 = DIRECTION('',(0.,0.,1.));
#8834 = ORIENTED_EDGE('',*,*,#8835,.T.);
#8835 = EDGE_CURVE('',#8828,#8828,#8836,.T.);
#8836 = CIRCLE('',#8837,2.);
#8837 = AXIS2_PLACEMENT_3D('',#8838,#8839,#8840);
#8838 = CARTESIAN_POINT('',(412.5,167.5,565.));
#8839 = DIRECTION('',(0.,0.,1.));
#8840 = DIRECTION('',(1.,0.,0.));
#8841 = ORIENTED_EDGE('',*,*,#8827,.T.);
#8842 = CYLINDRICAL_SURFACE('',#8843,2.);
#8843 = AXIS2_PLACEMENT_3D('',#8844,#8845,#8846);
#8844 = CARTESIAN_POINT('',(412.5,167.5,565.));
#8845 = DIRECTION('',(0.,0.,1.));
#8846 = DIRECTION('',(1.,0.,0.));
#8847 = ADVANCED_FACE('',(#8848),#8851,.T.);
#8848 = FACE_BOUND('',#8849,.T.);
#8849 = EDGE_LOOP('',(#8850));
#8850 = ORIENTED_EDGE('',*,*,#8818,.T.);
#8851 = PLANE('',#8852);
#8852 = AXIS2_PLACEMENT_3D('',#8853,#8854,#8855);
#8853 = CARTESIAN_POINT('',(412.5,167.5,615.));
#8854 = DIRECTION('',(0.,0.,1.));
#8855 = DIRECTION('',(1.,0.,0.));
#8856 = ADVANCED_FACE('',(#8857),#8860,.F.);
#8857 = FACE_BOUND('',#8858,.T.);
#8858 = EDGE_LOOP('',(#8859));
#8859 = ORIENTED_EDGE('',*,*,#8835,.F.);
#8860 = PLANE('',#8861);
#8861 = AXIS2_PLACEMENT_3D('',#8862,#8863,#8864);
#8862 = CARTESIAN_POINT('',(412.5,167.5,565.));
#8863 = DIRECTION('',(0.,0.,1.));
#8864 = DIRECTION('',(1.,0.,0.));
#8865 = MANIFOLD_SOLID_BREP('',#8866);
#8866 = CLOSED_SHELL('',(#8867,#8907,#8938,#9017,#9041,#9113,#9125,#9142
    ,#9159,#9176,#9193));
#8867 = ADVANCED_FACE('',(#8868),#8902,.F.);
#8868 = FACE_BOUND('',#8869,.F.);
#8869 = EDGE_LOOP('',(#8870,#8880,#8888,#8896));
#8870 = ORIENTED_EDGE('',*,*,#8871,.F.);
#8871 = EDGE_CURVE('',#8872,#8874,#8876,.T.);
#8872 = VERTEX_POINT('',#8873);
#8873 = CARTESIAN_POINT('',(130.,185.,580.));
#8874 = VERTEX_POINT('',#8875);
#8875 = CARTESIAN_POINT('',(130.,185.,581.));
#8876 = LINE('',#8877,#8878);
#8877 = CARTESIAN_POINT('',(130.,185.,580.));
#8878 = VECTOR('',#8879,1.);
#8879 = DIRECTION('',(0.,0.,1.));
#8880 = ORIENTED_EDGE('',*,*,#8881,.T.);
#8881 = EDGE_CURVE('',#8872,#8882,#8884,.T.);
#8882 = VERTEX_POINT('',#8883);
#8883 = CARTESIAN_POINT('',(130.,325.,580.));
#8884 = LINE('',#8885,#8886);
#8885 = CARTESIAN_POINT('',(130.,185.,580.));
#8886 = VECTOR('',#8887,1.);
#8887 = DIRECTION('',(0.,1.,0.));
#8888 = ORIENTED_EDGE('',*,*,#8889,.T.);
#8889 = EDGE_CURVE('',#8882,#8890,#8892,.T.);
#8890 = VERTEX_POINT('',#8891);
#8891 = CARTESIAN_POINT('',(130.,325.,581.));
#8892 = LINE('',#8893,#8894);
#8893 = CARTESIAN_POINT('',(130.,325.,580.));
#8894 = VECTOR('',#8895,1.);
#8895 = DIRECTION('',(0.,0.,1.));
#8896 = ORIENTED_EDGE('',*,*,#8897,.F.);
#8897 = EDGE_CURVE('',#8874,#8890,#8898,.T.);
#8898 = LINE('',#8899,#8900);
#8899 = CARTESIAN_POINT('',(130.,185.,581.));
#8900 = VECTOR('',#8901,1.);
#8901 = DIRECTION('',(0.,1.,0.));
#8902 = PLANE('',#8903);
#8903 = AXIS2_PLACEMENT_3D('',#8904,#8905,#8906);
#8904 = CARTESIAN_POINT('',(130.,185.,580.));
#8905 = DIRECTION('',(1.,0.,0.));
#8906 = DIRECTION('',(0.,0.,1.));
#8907 = ADVANCED_FACE('',(#8908),#8933,.F.);
#8908 = FACE_BOUND('',#8909,.F.);
#8909 = EDGE_LOOP('',(#8910,#8918,#8919,#8927));
#8910 = ORIENTED_EDGE('',*,*,#8911,.F.);
#8911 = EDGE_CURVE('',#8872,#8912,#8914,.T.);
#8912 = VERTEX_POINT('',#8913);
#8913 = CARTESIAN_POINT('',(270.,185.,580.));
#8914 = LINE('',#8915,#8916);
#8915 = CARTESIAN_POINT('',(130.,185.,580.));
#8916 = VECTOR('',#8917,1.);
#8917 = DIRECTION('',(1.,0.,0.));
#8918 = ORIENTED_EDGE('',*,*,#8871,.T.);
#8919 = ORIENTED_EDGE('',*,*,#8920,.T.);
#8920 = EDGE_CURVE('',#8874,#8921,#8923,.T.);
#8921 = VERTEX_POINT('',#8922);
#8922 = CARTESIAN_POINT('',(270.,185.,581.));
#8923 = LINE('',#8924,#8925);
#8924 = CARTESIAN_POINT('',(130.,185.,581.));
#8925 = VECTOR('',#8926,1.);
#8926 = DIRECTION('',(1.,0.,0.));
#8927 = ORIENTED_EDGE('',*,*,#8928,.F.);
#8928 = EDGE_CURVE('',#8912,#8921,#8929,.T.);
#8929 = LINE('',#8930,#8931);
#8930 = CARTESIAN_POINT('',(270.,185.,580.));
#8931 = VECTOR('',#8932,1.);
#8932 = DIRECTION('',(0.,0.,1.));
#8933 = PLANE('',#8934);
#8934 = AXIS2_PLACEMENT_3D('',#8935,#8936,#8937);
#8935 = CARTESIAN_POINT('',(130.,185.,580.));
#8936 = DIRECTION('',(0.,1.,0.));
#8937 = DIRECTION('',(0.,0.,1.));
#8938 = ADVANCED_FACE('',(#8939,#8957,#8968,#8979,#8990,#9001),#9012,.T.
  );
#8939 = FACE_BOUND('',#8940,.T.);
#8940 = EDGE_LOOP('',(#8941,#8942,#8943,#8951));
#8941 = ORIENTED_EDGE('',*,*,#8897,.F.);
#8942 = ORIENTED_EDGE('',*,*,#8920,.T.);
#8943 = ORIENTED_EDGE('',*,*,#8944,.T.);
#8944 = EDGE_CURVE('',#8921,#8945,#8947,.T.);
#8945 = VERTEX_POINT('',#8946);
#8946 = CARTESIAN_POINT('',(270.,325.,581.));
#8947 = LINE('',#8948,#8949);
#8948 = CARTESIAN_POINT('',(270.,185.,581.));
#8949 = VECTOR('',#8950,1.);
#8950 = DIRECTION('',(0.,1.,0.));
#8951 = ORIENTED_EDGE('',*,*,#8952,.F.);
#8952 = EDGE_CURVE('',#8890,#8945,#8953,.T.);
#8953 = LINE('',#8954,#8955);
#8954 = CARTESIAN_POINT('',(130.,325.,581.));
#8955 = VECTOR('',#8956,1.);
#8956 = DIRECTION('',(1.,0.,0.));
#8957 = FACE_BOUND('',#8958,.T.);
#8958 = EDGE_LOOP('',(#8959));
#8959 = ORIENTED_EDGE('',*,*,#8960,.F.);
#8960 = EDGE_CURVE('',#8961,#8961,#8963,.T.);
#8961 = VERTEX_POINT('',#8962);
#8962 = CARTESIAN_POINT('',(139.75,192.5,581.));
#8963 = CIRCLE('',#8964,2.25);
#8964 = AXIS2_PLACEMENT_3D('',#8965,#8966,#8967);
#8965 = CARTESIAN_POINT('',(137.5,192.5,581.));
#8966 = DIRECTION('',(0.,0.,1.));
#8967 = DIRECTION('',(1.,0.,0.));
#8968 = FACE_BOUND('',#8969,.T.);
#8969 = EDGE_LOOP('',(#8970));
#8970 = ORIENTED_EDGE('',*,*,#8971,.F.);
#8971 = EDGE_CURVE('',#8972,#8972,#8974,.T.);
#8972 = VERTEX_POINT('',#8973);
#8973 = CARTESIAN_POINT('',(264.75,192.5,581.));
#8974 = CIRCLE('',#8975,2.25);
#8975 = AXIS2_PLACEMENT_3D('',#8976,#8977,#8978);
#8976 = CARTESIAN_POINT('',(262.5,192.5,581.));
#8977 = DIRECTION('',(0.,0.,1.));
#8978 = DIRECTION('',(1.,0.,0.));
#8979 = FACE_BOUND('',#8980,.T.);
#8980 = EDGE_LOOP('',(#8981));
#8981 = ORIENTED_EDGE('',*,*,#8982,.F.);
#8982 = EDGE_CURVE('',#8983,#8983,#8985,.T.);
#8983 = VERTEX_POINT('',#8984);
#8984 = CARTESIAN_POINT('',(139.75,317.5,581.));
#8985 = CIRCLE('',#8986,2.25);
#8986 = AXIS2_PLACEMENT_3D('',#8987,#8988,#8989);
#8987 = CARTESIAN_POINT('',(137.5,317.5,581.));
#8988 = DIRECTION('',(0.,0.,1.));
#8989 = DIRECTION('',(1.,0.,0.));
#8990 = FACE_BOUND('',#8991,.T.);
#8991 = EDGE_LOOP('',(#8992));
#8992 = ORIENTED_EDGE('',*,*,#8993,.F.);
#8993 = EDGE_CURVE('',#8994,#8994,#8996,.T.);
#8994 = VERTEX_POINT('',#8995);
#8995 = CARTESIAN_POINT('',(267.1,255.,581.));
#8996 = CIRCLE('',#8997,67.1);
#8997 = AXIS2_PLACEMENT_3D('',#8998,#8999,#9000);
#8998 = CARTESIAN_POINT('',(200.,255.,581.));
#8999 = DIRECTION('',(0.,0.,1.));
#9000 = DIRECTION('',(1.,0.,0.));
#9001 = FACE_BOUND('',#9002,.T.);
#9002 = EDGE_LOOP('',(#9003));
#9003 = ORIENTED_EDGE('',*,*,#9004,.F.);
#9004 = EDGE_CURVE('',#9005,#9005,#9007,.T.);
#9005 = VERTEX_POINT('',#9006);
#9006 = CARTESIAN_POINT('',(264.75,317.5,581.));
#9007 = CIRCLE('',#9008,2.25);
#9008 = AXIS2_PLACEMENT_3D('',#9009,#9010,#9011);
#9009 = CARTESIAN_POINT('',(262.5,317.5,581.));
#9010 = DIRECTION('',(0.,0.,1.));
#9011 = DIRECTION('',(1.,0.,0.));
#9012 = PLANE('',#9013);
#9013 = AXIS2_PLACEMENT_3D('',#9014,#9015,#9016);
#9014 = CARTESIAN_POINT('',(130.,185.,581.));
#9015 = DIRECTION('',(0.,0.,1.));
#9016 = DIRECTION('',(1.,0.,0.));
#9017 = ADVANCED_FACE('',(#9018),#9036,.T.);
#9018 = FACE_BOUND('',#9019,.T.);
#9019 = EDGE_LOOP('',(#9020,#9028,#9029,#9030));
#9020 = ORIENTED_EDGE('',*,*,#9021,.F.);
#9021 = EDGE_CURVE('',#8882,#9022,#9024,.T.);
#9022 = VERTEX_POINT('',#9023);
#9023 = CARTESIAN_POINT('',(270.,325.,580.));
#9024 = LINE('',#9025,#9026);
#9025 = CARTESIAN_POINT('',(130.,325.,580.));
#9026 = VECTOR('',#9027,1.);
#9027 = DIRECTION('',(1.,0.,0.));
#9028 = ORIENTED_EDGE('',*,*,#8889,.T.);
#9029 = ORIENTED_EDGE('',*,*,#8952,.T.);
#9030 = ORIENTED_EDGE('',*,*,#9031,.F.);
#9031 = EDGE_CURVE('',#9022,#8945,#9032,.T.);
#9032 = LINE('',#9033,#9034);
#9033 = CARTESIAN_POINT('',(270.,325.,580.));
#9034 = VECTOR('',#9035,1.);
#9035 = DIRECTION('',(0.,0.,1.));
#9036 = PLANE('',#9037);
#9037 = AXIS2_PLACEMENT_3D('',#9038,#9039,#9040);
#9038 = CARTESIAN_POINT('',(130.,325.,580.));
#9039 = DIRECTION('',(0.,1.,0.));
#9040 = DIRECTION('',(0.,0.,1.));
#9041 = ADVANCED_FACE('',(#9042,#9053,#9064,#9075,#9086,#9097),#9108,.F.
  );
#9042 = FACE_BOUND('',#9043,.F.);
#9043 = EDGE_LOOP('',(#9044,#9045,#9046,#9052));
#9044 = ORIENTED_EDGE('',*,*,#8881,.F.);
#9045 = ORIENTED_EDGE('',*,*,#8911,.T.);
#9046 = ORIENTED_EDGE('',*,*,#9047,.T.);
#9047 = EDGE_CURVE('',#8912,#9022,#9048,.T.);
#9048 = LINE('',#9049,#9050);
#9049 = CARTESIAN_POINT('',(270.,185.,580.));
#9050 = VECTOR('',#9051,1.);
#9051 = DIRECTION('',(0.,1.,0.));
#9052 = ORIENTED_EDGE('',*,*,#9021,.F.);
#9053 = FACE_BOUND('',#9054,.F.);
#9054 = EDGE_LOOP('',(#9055));
#9055 = ORIENTED_EDGE('',*,*,#9056,.F.);
#9056 = EDGE_CURVE('',#9057,#9057,#9059,.T.);
#9057 = VERTEX_POINT('',#9058);
#9058 = CARTESIAN_POINT('',(139.75,192.5,580.));
#9059 = CIRCLE('',#9060,2.25);
#9060 = AXIS2_PLACEMENT_3D('',#9061,#9062,#9063);
#9061 = CARTESIAN_POINT('',(137.5,192.5,580.));
#9062 = DIRECTION('',(0.,0.,1.));
#9063 = DIRECTION('',(1.,0.,0.));
#9064 = FACE_BOUND('',#9065,.F.);
#9065 = EDGE_LOOP('',(#9066));
#9066 = ORIENTED_EDGE('',*,*,#9067,.F.);
#9067 = EDGE_CURVE('',#9068,#9068,#9070,.T.);
#9068 = VERTEX_POINT('',#9069);
#9069 = CARTESIAN_POINT('',(264.75,192.5,580.));
#9070 = CIRCLE('',#9071,2.25);
#9071 = AXIS2_PLACEMENT_3D('',#9072,#9073,#9074);
#9072 = CARTESIAN_POINT('',(262.5,192.5,580.));
#9073 = DIRECTION('',(0.,0.,1.));
#9074 = DIRECTION('',(1.,0.,0.));
#9075 = FACE_BOUND('',#9076,.F.);
#9076 = EDGE_LOOP('',(#9077));
#9077 = ORIENTED_EDGE('',*,*,#9078,.F.);
#9078 = EDGE_CURVE('',#9079,#9079,#9081,.T.);
#9079 = VERTEX_POINT('',#9080);
#9080 = CARTESIAN_POINT('',(139.75,317.5,580.));
#9081 = CIRCLE('',#9082,2.25);
#9082 = AXIS2_PLACEMENT_3D('',#9083,#9084,#9085);
#9083 = CARTESIAN_POINT('',(137.5,317.5,580.));
#9084 = DIRECTION('',(0.,0.,1.));
#9085 = DIRECTION('',(1.,0.,0.));
#9086 = FACE_BOUND('',#9087,.F.);
#9087 = EDGE_LOOP('',(#9088));
#9088 = ORIENTED_EDGE('',*,*,#9089,.F.);
#9089 = EDGE_CURVE('',#9090,#9090,#9092,.T.);
#9090 = VERTEX_POINT('',#9091);
#9091 = CARTESIAN_POINT('',(267.1,255.,580.));
#9092 = CIRCLE('',#9093,67.1);
#9093 = AXIS2_PLACEMENT_3D('',#9094,#9095,#9096);
#9094 = CARTESIAN_POINT('',(200.,255.,580.));
#9095 = DIRECTION('',(0.,0.,1.));
#9096 = DIRECTION('',(1.,0.,0.));
#9097 = FACE_BOUND('',#9098,.F.);
#9098 = EDGE_LOOP('',(#9099));
#9099 = ORIENTED_EDGE('',*,*,#9100,.F.);
#9100 = EDGE_CURVE('',#9101,#9101,#9103,.T.);
#9101 = VERTEX_POINT('',#9102);
#9102 = CARTESIAN_POINT('',(264.75,317.5,580.));
#9103 = CIRCLE('',#9104,2.25);
#9104 = AXIS2_PLACEMENT_3D('',#9105,#9106,#9107);
#9105 = CARTESIAN_POINT('',(262.5,317.5,580.));
#9106 = DIRECTION('',(0.,0.,1.));
#9107 = DIRECTION('',(1.,0.,0.));
#9108 = PLANE('',#9109);
#9109 = AXIS2_PLACEMENT_3D('',#9110,#9111,#9112);
#9110 = CARTESIAN_POINT('',(130.,185.,580.));
#9111 = DIRECTION('',(0.,0.,1.));
#9112 = DIRECTION('',(1.,0.,0.));
#9113 = ADVANCED_FACE('',(#9114),#9120,.T.);
#9114 = FACE_BOUND('',#9115,.T.);
#9115 = EDGE_LOOP('',(#9116,#9117,#9118,#9119));
#9116 = ORIENTED_EDGE('',*,*,#8928,.F.);
#9117 = ORIENTED_EDGE('',*,*,#9047,.T.);
#9118 = ORIENTED_EDGE('',*,*,#9031,.T.);
#9119 = ORIENTED_EDGE('',*,*,#8944,.F.);
#9120 = PLANE('',#9121);
#9121 = AXIS2_PLACEMENT_3D('',#9122,#9123,#9124);
#9122 = CARTESIAN_POINT('',(270.,185.,580.));
#9123 = DIRECTION('',(1.,0.,0.));
#9124 = DIRECTION('',(0.,0.,1.));
#9125 = ADVANCED_FACE('',(#9126),#9137,.F.);
#9126 = FACE_BOUND('',#9127,.F.);
#9127 = EDGE_LOOP('',(#9128,#9129,#9135,#9136));
#9128 = ORIENTED_EDGE('',*,*,#8960,.F.);
#9129 = ORIENTED_EDGE('',*,*,#9130,.F.);
#9130 = EDGE_CURVE('',#9057,#8961,#9131,.T.);
#9131 = LINE('',#9132,#9133);
#9132 = CARTESIAN_POINT('',(139.75,192.5,579.));
#9133 = VECTOR('',#9134,1.);
#9134 = DIRECTION('',(0.,0.,1.));
#9135 = ORIENTED_EDGE('',*,*,#9056,.T.);
#9136 = ORIENTED_EDGE('',*,*,#9130,.T.);
#9137 = CYLINDRICAL_SURFACE('',#9138,2.25);
#9138 = AXIS2_PLACEMENT_3D('',#9139,#9140,#9141);
#9139 = CARTESIAN_POINT('',(137.5,192.5,579.));
#9140 = DIRECTION('',(0.,0.,1.));
#9141 = DIRECTION('',(1.,0.,0.));
#9142 = ADVANCED_FACE('',(#9143),#9154,.F.);
#9143 = FACE_BOUND('',#9144,.F.);
#9144 = EDGE_LOOP('',(#9145,#9146,#9152,#9153));
#9145 = ORIENTED_EDGE('',*,*,#8971,.F.);
#9146 = ORIENTED_EDGE('',*,*,#9147,.F.);
#9147 = EDGE_CURVE('',#9068,#8972,#9148,.T.);
#9148 = LINE('',#9149,#9150);
#9149 = CARTESIAN_POINT('',(264.75,192.5,579.));
#9150 = VECTOR('',#9151,1.);
#9151 = DIRECTION('',(0.,0.,1.));
#9152 = ORIENTED_EDGE('',*,*,#9067,.T.);
#9153 = ORIENTED_EDGE('',*,*,#9147,.T.);
#9154 = CYLINDRICAL_SURFACE('',#9155,2.25);
#9155 = AXIS2_PLACEMENT_3D('',#9156,#9157,#9158);
#9156 = CARTESIAN_POINT('',(262.5,192.5,579.));
#9157 = DIRECTION('',(0.,0.,1.));
#9158 = DIRECTION('',(1.,0.,0.));
#9159 = ADVANCED_FACE('',(#9160),#9171,.F.);
#9160 = FACE_BOUND('',#9161,.F.);
#9161 = EDGE_LOOP('',(#9162,#9163,#9169,#9170));
#9162 = ORIENTED_EDGE('',*,*,#8982,.F.);
#9163 = ORIENTED_EDGE('',*,*,#9164,.F.);
#9164 = EDGE_CURVE('',#9079,#8983,#9165,.T.);
#9165 = LINE('',#9166,#9167);
#9166 = CARTESIAN_POINT('',(139.75,317.5,579.));
#9167 = VECTOR('',#9168,1.);
#9168 = DIRECTION('',(0.,0.,1.));
#9169 = ORIENTED_EDGE('',*,*,#9078,.T.);
#9170 = ORIENTED_EDGE('',*,*,#9164,.T.);
#9171 = CYLINDRICAL_SURFACE('',#9172,2.25);
#9172 = AXIS2_PLACEMENT_3D('',#9173,#9174,#9175);
#9173 = CARTESIAN_POINT('',(137.5,317.5,579.));
#9174 = DIRECTION('',(0.,0.,1.));
#9175 = DIRECTION('',(1.,0.,0.));
#9176 = ADVANCED_FACE('',(#9177),#9188,.F.);
#9177 = FACE_BOUND('',#9178,.F.);
#9178 = EDGE_LOOP('',(#9179,#9180,#9186,#9187));
#9179 = ORIENTED_EDGE('',*,*,#8993,.F.);
#9180 = ORIENTED_EDGE('',*,*,#9181,.F.);
#9181 = EDGE_CURVE('',#9090,#8994,#9182,.T.);
#9182 = LINE('',#9183,#9184);
#9183 = CARTESIAN_POINT('',(267.1,255.,579.));
#9184 = VECTOR('',#9185,1.);
#9185 = DIRECTION('',(0.,0.,1.));
#9186 = ORIENTED_EDGE('',*,*,#9089,.T.);
#9187 = ORIENTED_EDGE('',*,*,#9181,.T.);
#9188 = CYLINDRICAL_SURFACE('',#9189,67.1);
#9189 = AXIS2_PLACEMENT_3D('',#9190,#9191,#9192);
#9190 = CARTESIAN_POINT('',(200.,255.,579.));
#9191 = DIRECTION('',(0.,0.,1.));
#9192 = DIRECTION('',(1.,0.,0.));
#9193 = ADVANCED_FACE('',(#9194),#9205,.F.);
#9194 = FACE_BOUND('',#9195,.F.);
#9195 = EDGE_LOOP('',(#9196,#9197,#9203,#9204));
#9196 = ORIENTED_EDGE('',*,*,#9004,.F.);
#9197 = ORIENTED_EDGE('',*,*,#9198,.F.);
#9198 = EDGE_CURVE('',#9101,#9005,#9199,.T.);
#9199 = LINE('',#9200,#9201);
#9200 = CARTESIAN_POINT('',(264.75,317.5,579.));
#9201 = VECTOR('',#9202,1.);
#9202 = DIRECTION('',(0.,0.,1.));
#9203 = ORIENTED_EDGE('',*,*,#9100,.T.);
#9204 = ORIENTED_EDGE('',*,*,#9198,.T.);
#9205 = CYLINDRICAL_SURFACE('',#9206,2.25);
#9206 = AXIS2_PLACEMENT_3D('',#9207,#9208,#9209);
#9207 = CARTESIAN_POINT('',(262.5,317.5,579.));
#9208 = DIRECTION('',(0.,0.,1.));
#9209 = DIRECTION('',(1.,0.,0.));
#9210 = MANIFOLD_SOLID_BREP('',#9211);
#9211 = CLOSED_SHELL('',(#9212,#9484,#9516,#9525,#9549,#9574,#9583,#9600
    ,#9631,#9655,#9679,#9696,#9727,#9751,#9775,#9792,#9823,#9847,#9871,
    #9888,#9919,#9943,#9967,#9984,#10015,#10039,#10063,#10080,#10092,
    #10104,#10116,#10128,#10140));
#9212 = ADVANCED_FACE('',(#9213,#9299,#9335,#9371,#9407,#9443),#9479,.T.
  );
#9213 = FACE_BOUND('',#9214,.T.);
#9214 = EDGE_LOOP('',(#9215,#9226,#9234,#9243,#9251,#9258,#9259,#9268,
    #9276,#9283,#9291,#9298));
#9215 = ORIENTED_EDGE('',*,*,#9216,.F.);
#9216 = EDGE_CURVE('',#9217,#9219,#9221,.T.);
#9217 = VERTEX_POINT('',#9218);
#9218 = CARTESIAN_POINT('',(221.42428528562,250.,590.));
#9219 = VERTEX_POINT('',#9220);
#9220 = CARTESIAN_POINT('',(222.,255.,590.));
#9221 = CIRCLE('',#9222,22.);
#9222 = AXIS2_PLACEMENT_3D('',#9223,#9224,#9225);
#9223 = CARTESIAN_POINT('',(200.,255.,590.));
#9224 = DIRECTION('',(0.,0.,1.));
#9225 = DIRECTION('',(1.,0.,0.));
#9226 = ORIENTED_EDGE('',*,*,#9227,.T.);
#9227 = EDGE_CURVE('',#9217,#9228,#9230,.T.);
#9228 = VERTEX_POINT('',#9229);
#9229 = CARTESIAN_POINT('',(221.42428528562,250.,593.));
#9230 = LINE('',#9231,#9232);
#9231 = CARTESIAN_POINT('',(221.42428528562,250.,588.));
#9232 = VECTOR('',#9233,1.);
#9233 = DIRECTION('',(0.,0.,1.));
#9234 = ORIENTED_EDGE('',*,*,#9235,.T.);
#9235 = EDGE_CURVE('',#9228,#9236,#9238,.T.);
#9236 = VERTEX_POINT('',#9237);
#9237 = CARTESIAN_POINT('',(222.,255.,593.));
#9238 = CIRCLE('',#9239,22.);
#9239 = AXIS2_PLACEMENT_3D('',#9240,#9241,#9242);
#9240 = CARTESIAN_POINT('',(200.,255.,593.));
#9241 = DIRECTION('',(0.,0.,1.));
#9242 = DIRECTION('',(1.,0.,0.));
#9243 = ORIENTED_EDGE('',*,*,#9244,.T.);
#9244 = EDGE_CURVE('',#9236,#9245,#9247,.T.);
#9245 = VERTEX_POINT('',#9246);
#9246 = CARTESIAN_POINT('',(222.,255.,600.));
#9247 = LINE('',#9248,#9249);
#9248 = CARTESIAN_POINT('',(222.,255.,588.));
#9249 = VECTOR('',#9250,1.);
#9250 = DIRECTION('',(0.,0.,1.));
#9251 = ORIENTED_EDGE('',*,*,#9252,.F.);
#9252 = EDGE_CURVE('',#9245,#9245,#9253,.T.);
#9253 = CIRCLE('',#9254,22.);
#9254 = AXIS2_PLACEMENT_3D('',#9255,#9256,#9257);
#9255 = CARTESIAN_POINT('',(200.,255.,600.));
#9256 = DIRECTION('',(0.,0.,1.));
#9257 = DIRECTION('',(1.,0.,0.));
#9258 = ORIENTED_EDGE('',*,*,#9244,.F.);
#9259 = ORIENTED_EDGE('',*,*,#9260,.T.);
#9260 = EDGE_CURVE('',#9236,#9261,#9263,.T.);
#9261 = VERTEX_POINT('',#9262);
#9262 = CARTESIAN_POINT('',(221.42428528562,260.,593.));
#9263 = CIRCLE('',#9264,22.);
#9264 = AXIS2_PLACEMENT_3D('',#9265,#9266,#9267);
#9265 = CARTESIAN_POINT('',(200.,255.,593.));
#9266 = DIRECTION('',(0.,0.,1.));
#9267 = DIRECTION('',(1.,0.,0.));
#9268 = ORIENTED_EDGE('',*,*,#9269,.F.);
#9269 = EDGE_CURVE('',#9270,#9261,#9272,.T.);
#9270 = VERTEX_POINT('',#9271);
#9271 = CARTESIAN_POINT('',(221.42428528562,260.,590.));
#9272 = LINE('',#9273,#9274);
#9273 = CARTESIAN_POINT('',(221.42428528562,260.,588.));
#9274 = VECTOR('',#9275,1.);
#9275 = DIRECTION('',(0.,0.,1.));
#9276 = ORIENTED_EDGE('',*,*,#9277,.F.);
#9277 = EDGE_CURVE('',#9219,#9270,#9278,.T.);
#9278 = CIRCLE('',#9279,22.);
#9279 = AXIS2_PLACEMENT_3D('',#9280,#9281,#9282);
#9280 = CARTESIAN_POINT('',(200.,255.,590.));
#9281 = DIRECTION('',(0.,0.,1.));
#9282 = DIRECTION('',(1.,0.,0.));
#9283 = ORIENTED_EDGE('',*,*,#9284,.F.);
#9284 = EDGE_CURVE('',#9285,#9219,#9287,.T.);
#9285 = VERTEX_POINT('',#9286);
#9286 = CARTESIAN_POINT('',(222.,255.,588.));
#9287 = LINE('',#9288,#9289);
#9288 = CARTESIAN_POINT('',(222.,255.,588.));
#9289 = VECTOR('',#9290,1.);
#9290 = DIRECTION('',(0.,0.,1.));
#9291 = ORIENTED_EDGE('',*,*,#9292,.T.);
#9292 = EDGE_CURVE('',#9285,#9285,#9293,.T.);
#9293 = CIRCLE('',#9294,22.);
#9294 = AXIS2_PLACEMENT_3D('',#9295,#9296,#9297);
#9295 = CARTESIAN_POINT('',(200.,255.,588.));
#9296 = DIRECTION('',(0.,0.,1.));
#9297 = DIRECTION('',(1.,0.,0.));
#9298 = ORIENTED_EDGE('',*,*,#9284,.T.);
#9299 = FACE_BOUND('',#9300,.T.);
#9300 = EDGE_LOOP('',(#9301,#9312,#9320,#9329));
#9301 = ORIENTED_EDGE('',*,*,#9302,.F.);
#9302 = EDGE_CURVE('',#9303,#9305,#9307,.T.);
#9303 = VERTEX_POINT('',#9304);
#9304 = CARTESIAN_POINT('',(215.04226966173,271.05397531528,590.));
#9305 = VERTEX_POINT('',#9306);
#9306 = CARTESIAN_POINT('',(206.38201562389,276.05397531528,590.));
#9307 = CIRCLE('',#9308,22.);
#9308 = AXIS2_PLACEMENT_3D('',#9309,#9310,#9311);
#9309 = CARTESIAN_POINT('',(200.,255.,590.));
#9310 = DIRECTION('',(0.,0.,1.));
#9311 = DIRECTION('',(1.,0.,0.));
#9312 = ORIENTED_EDGE('',*,*,#9313,.T.);
#9313 = EDGE_CURVE('',#9303,#9314,#9316,.T.);
#9314 = VERTEX_POINT('',#9315);
#9315 = CARTESIAN_POINT('',(215.04226966173,271.05397531528,593.));
#9316 = LINE('',#9317,#9318);
#9317 = CARTESIAN_POINT('',(215.04226966173,271.05397531527,588.));
#9318 = VECTOR('',#9319,1.);
#9319 = DIRECTION('',(0.,0.,1.));
#9320 = ORIENTED_EDGE('',*,*,#9321,.T.);
#9321 = EDGE_CURVE('',#9314,#9322,#9324,.T.);
#9322 = VERTEX_POINT('',#9323);
#9323 = CARTESIAN_POINT('',(206.38201562389,276.05397531528,593.));
#9324 = CIRCLE('',#9325,22.);
#9325 = AXIS2_PLACEMENT_3D('',#9326,#9327,#9328);
#9326 = CARTESIAN_POINT('',(200.,255.,593.));
#9327 = DIRECTION('',(0.,0.,1.));
#9328 = DIRECTION('',(1.,0.,0.));
#9329 = ORIENTED_EDGE('',*,*,#9330,.F.);
#9330 = EDGE_CURVE('',#9305,#9322,#9331,.T.);
#9331 = LINE('',#9332,#9333);
#9332 = CARTESIAN_POINT('',(206.38201562389,276.05397531527,588.));
#9333 = VECTOR('',#9334,1.);
#9334 = DIRECTION('',(0.,0.,1.));
#9335 = FACE_BOUND('',#9336,.T.);
#9336 = EDGE_LOOP('',(#9337,#9348,#9356,#9365));
#9337 = ORIENTED_EDGE('',*,*,#9338,.F.);
#9338 = EDGE_CURVE('',#9339,#9341,#9343,.T.);
#9339 = VERTEX_POINT('',#9340);
#9340 = CARTESIAN_POINT('',(193.6179843761,276.05397531527,590.));
#9341 = VERTEX_POINT('',#9342);
#9342 = CARTESIAN_POINT('',(184.95773033826,271.05397531527,590.));
#9343 = CIRCLE('',#9344,22.);
#9344 = AXIS2_PLACEMENT_3D('',#9345,#9346,#9347);
#9345 = CARTESIAN_POINT('',(200.,255.,590.));
#9346 = DIRECTION('',(0.,0.,1.));
#9347 = DIRECTION('',(1.,0.,0.));
#9348 = ORIENTED_EDGE('',*,*,#9349,.T.);
#9349 = EDGE_CURVE('',#9339,#9350,#9352,.T.);
#9350 = VERTEX_POINT('',#9351);
#9351 = CARTESIAN_POINT('',(193.6179843761,276.05397531527,593.));
#9352 = LINE('',#9353,#9354);
#9353 = CARTESIAN_POINT('',(193.6179843761,276.05397531528,588.));
#9354 = VECTOR('',#9355,1.);
#9355 = DIRECTION('',(0.,0.,1.));
#9356 = ORIENTED_EDGE('',*,*,#9357,.T.);
#9357 = EDGE_CURVE('',#9350,#9358,#9360,.T.);
#9358 = VERTEX_POINT('',#9359);
#9359 = CARTESIAN_POINT('',(184.95773033826,271.05397531527,593.));
#9360 = CIRCLE('',#9361,22.);
#9361 = AXIS2_PLACEMENT_3D('',#9362,#9363,#9364);
#9362 = CARTESIAN_POINT('',(200.,255.,593.));
#9363 = DIRECTION('',(0.,0.,1.));
#9364 = DIRECTION('',(1.,0.,0.));
#9365 = ORIENTED_EDGE('',*,*,#9366,.F.);
#9366 = EDGE_CURVE('',#9341,#9358,#9367,.T.);
#9367 = LINE('',#9368,#9369);
#9368 = CARTESIAN_POINT('',(184.95773033826,271.05397531528,588.));
#9369 = VECTOR('',#9370,1.);
#9370 = DIRECTION('',(0.,0.,1.));
#9371 = FACE_BOUND('',#9372,.T.);
#9372 = EDGE_LOOP('',(#9373,#9384,#9392,#9401));
#9373 = ORIENTED_EDGE('',*,*,#9374,.F.);
#9374 = EDGE_CURVE('',#9375,#9377,#9379,.T.);
#9375 = VERTEX_POINT('',#9376);
#9376 = CARTESIAN_POINT('',(178.57571471437,260.,590.));
#9377 = VERTEX_POINT('',#9378);
#9378 = CARTESIAN_POINT('',(178.57571471437,250.,590.));
#9379 = CIRCLE('',#9380,22.);
#9380 = AXIS2_PLACEMENT_3D('',#9381,#9382,#9383);
#9381 = CARTESIAN_POINT('',(200.,255.,590.));
#9382 = DIRECTION('',(0.,0.,1.));
#9383 = DIRECTION('',(1.,0.,0.));
#9384 = ORIENTED_EDGE('',*,*,#9385,.T.);
#9385 = EDGE_CURVE('',#9375,#9386,#9388,.T.);
#9386 = VERTEX_POINT('',#9387);
#9387 = CARTESIAN_POINT('',(178.57571471437,260.,593.));
#9388 = LINE('',#9389,#9390);
#9389 = CARTESIAN_POINT('',(178.57571471437,260.,588.));
#9390 = VECTOR('',#9391,1.);
#9391 = DIRECTION('',(0.,0.,1.));
#9392 = ORIENTED_EDGE('',*,*,#9393,.T.);
#9393 = EDGE_CURVE('',#9386,#9394,#9396,.T.);
#9394 = VERTEX_POINT('',#9395);
#9395 = CARTESIAN_POINT('',(178.57571471437,250.,593.));
#9396 = CIRCLE('',#9397,22.);
#9397 = AXIS2_PLACEMENT_3D('',#9398,#9399,#9400);
#9398 = CARTESIAN_POINT('',(200.,255.,593.));
#9399 = DIRECTION('',(0.,0.,1.));
#9400 = DIRECTION('',(1.,0.,0.));
#9401 = ORIENTED_EDGE('',*,*,#9402,.F.);
#9402 = EDGE_CURVE('',#9377,#9394,#9403,.T.);
#9403 = LINE('',#9404,#9405);
#9404 = CARTESIAN_POINT('',(178.57571471437,250.,588.));
#9405 = VECTOR('',#9406,1.);
#9406 = DIRECTION('',(0.,0.,1.));
#9407 = FACE_BOUND('',#9408,.T.);
#9408 = EDGE_LOOP('',(#9409,#9420,#9428,#9437));
#9409 = ORIENTED_EDGE('',*,*,#9410,.F.);
#9410 = EDGE_CURVE('',#9411,#9413,#9415,.T.);
#9411 = VERTEX_POINT('',#9412);
#9412 = CARTESIAN_POINT('',(184.95773033826,238.94602468472,590.));
#9413 = VERTEX_POINT('',#9414);
#9414 = CARTESIAN_POINT('',(193.6179843761,233.94602468472,590.));
#9415 = CIRCLE('',#9416,22.);
#9416 = AXIS2_PLACEMENT_3D('',#9417,#9418,#9419);
#9417 = CARTESIAN_POINT('',(200.,255.,590.));
#9418 = DIRECTION('',(0.,0.,1.));
#9419 = DIRECTION('',(1.,0.,0.));
#9420 = ORIENTED_EDGE('',*,*,#9421,.T.);
#9421 = EDGE_CURVE('',#9411,#9422,#9424,.T.);
#9422 = VERTEX_POINT('',#9423);
#9423 = CARTESIAN_POINT('',(184.95773033826,238.94602468472,593.));
#9424 = LINE('',#9425,#9426);
#9425 = CARTESIAN_POINT('',(184.95773033826,238.94602468472,588.));
#9426 = VECTOR('',#9427,1.);
#9427 = DIRECTION('',(0.,0.,1.));
#9428 = ORIENTED_EDGE('',*,*,#9429,.T.);
#9429 = EDGE_CURVE('',#9422,#9430,#9432,.T.);
#9430 = VERTEX_POINT('',#9431);
#9431 = CARTESIAN_POINT('',(193.6179843761,233.94602468472,593.));
#9432 = CIRCLE('',#9433,22.);
#9433 = AXIS2_PLACEMENT_3D('',#9434,#9435,#9436);
#9434 = CARTESIAN_POINT('',(200.,255.,593.));
#9435 = DIRECTION('',(0.,0.,1.));
#9436 = DIRECTION('',(1.,0.,0.));
#9437 = ORIENTED_EDGE('',*,*,#9438,.F.);
#9438 = EDGE_CURVE('',#9413,#9430,#9439,.T.);
#9439 = LINE('',#9440,#9441);
#9440 = CARTESIAN_POINT('',(193.6179843761,233.94602468472,588.));
#9441 = VECTOR('',#9442,1.);
#9442 = DIRECTION('',(0.,0.,1.));
#9443 = FACE_BOUND('',#9444,.T.);
#9444 = EDGE_LOOP('',(#9445,#9456,#9464,#9473));
#9445 = ORIENTED_EDGE('',*,*,#9446,.F.);
#9446 = EDGE_CURVE('',#9447,#9449,#9451,.T.);
#9447 = VERTEX_POINT('',#9448);
#9448 = CARTESIAN_POINT('',(206.38201562389,233.94602468472,590.));
#9449 = VERTEX_POINT('',#9450);
#9450 = CARTESIAN_POINT('',(215.04226966173,238.94602468472,590.));
#9451 = CIRCLE('',#9452,22.);
#9452 = AXIS2_PLACEMENT_3D('',#9453,#9454,#9455);
#9453 = CARTESIAN_POINT('',(200.,255.,590.));
#9454 = DIRECTION('',(0.,0.,1.));
#9455 = DIRECTION('',(1.,0.,0.));
#9456 = ORIENTED_EDGE('',*,*,#9457,.T.);
#9457 = EDGE_CURVE('',#9447,#9458,#9460,.T.);
#9458 = VERTEX_POINT('',#9459);
#9459 = CARTESIAN_POINT('',(206.38201562389,233.94602468472,593.));
#9460 = LINE('',#9461,#9462);
#9461 = CARTESIAN_POINT('',(206.38201562389,233.94602468472,588.));
#9462 = VECTOR('',#9463,1.);
#9463 = DIRECTION('',(0.,0.,1.));
#9464 = ORIENTED_EDGE('',*,*,#9465,.T.);
#9465 = EDGE_CURVE('',#9458,#9466,#9468,.T.);
#9466 = VERTEX_POINT('',#9467);
#9467 = CARTESIAN_POINT('',(215.04226966173,238.94602468472,593.));
#9468 = CIRCLE('',#9469,22.);
#9469 = AXIS2_PLACEMENT_3D('',#9470,#9471,#9472);
#9470 = CARTESIAN_POINT('',(200.,255.,593.));
#9471 = DIRECTION('',(0.,0.,1.));
#9472 = DIRECTION('',(1.,0.,0.));
#9473 = ORIENTED_EDGE('',*,*,#9474,.F.);
#9474 = EDGE_CURVE('',#9449,#9466,#9475,.T.);
#9475 = LINE('',#9476,#9477);
#9476 = CARTESIAN_POINT('',(215.04226966173,238.94602468472,588.));
#9477 = VECTOR('',#9478,1.);
#9478 = DIRECTION('',(0.,0.,1.));
#9479 = CYLINDRICAL_SURFACE('',#9480,22.);
#9480 = AXIS2_PLACEMENT_3D('',#9481,#9482,#9483);
#9481 = CARTESIAN_POINT('',(200.,255.,588.));
#9482 = DIRECTION('',(0.,0.,1.));
#9483 = DIRECTION('',(1.,0.,0.));
#9484 = ADVANCED_FACE('',(#9485),#9511,.F.);
#9485 = FACE_BOUND('',#9486,.F.);
#9486 = EDGE_LOOP('',(#9487,#9495,#9496,#9497,#9505));
#9487 = ORIENTED_EDGE('',*,*,#9488,.F.);
#9488 = EDGE_CURVE('',#9270,#9489,#9491,.T.);
#9489 = VERTEX_POINT('',#9490);
#9490 = CARTESIAN_POINT('',(262.,260.,590.));
#9491 = LINE('',#9492,#9493);
#9492 = CARTESIAN_POINT('',(215.,260.,590.));
#9493 = VECTOR('',#9494,1.);
#9494 = DIRECTION('',(1.,0.,0.));
#9495 = ORIENTED_EDGE('',*,*,#9277,.F.);
#9496 = ORIENTED_EDGE('',*,*,#9216,.F.);
#9497 = ORIENTED_EDGE('',*,*,#9498,.T.);
#9498 = EDGE_CURVE('',#9217,#9499,#9501,.T.);
#9499 = VERTEX_POINT('',#9500);
#9500 = CARTESIAN_POINT('',(262.,250.,590.));
#9501 = LINE('',#9502,#9503);
#9502 = CARTESIAN_POINT('',(215.,250.,590.));
#9503 = VECTOR('',#9504,1.);
#9504 = DIRECTION('',(1.,0.,0.));
#9505 = ORIENTED_EDGE('',*,*,#9506,.T.);
#9506 = EDGE_CURVE('',#9499,#9489,#9507,.T.);
#9507 = LINE('',#9508,#9509);
#9508 = CARTESIAN_POINT('',(262.,250.,590.));
#9509 = VECTOR('',#9510,1.);
#9510 = DIRECTION('',(0.,1.,0.));
#9511 = PLANE('',#9512);
#9512 = AXIS2_PLACEMENT_3D('',#9513,#9514,#9515);
#9513 = CARTESIAN_POINT('',(215.,250.,590.));
#9514 = DIRECTION('',(0.,0.,1.));
#9515 = DIRECTION('',(1.,0.,0.));
#9516 = ADVANCED_FACE('',(#9517),#9520,.F.);
#9517 = FACE_BOUND('',#9518,.T.);
#9518 = EDGE_LOOP('',(#9519));
#9519 = ORIENTED_EDGE('',*,*,#9292,.F.);
#9520 = PLANE('',#9521);
#9521 = AXIS2_PLACEMENT_3D('',#9522,#9523,#9524);
#9522 = CARTESIAN_POINT('',(200.,255.,588.));
#9523 = DIRECTION('',(0.,0.,1.));
#9524 = DIRECTION('',(1.,0.,0.));
#9525 = ADVANCED_FACE('',(#9526),#9544,.T.);
#9526 = FACE_BOUND('',#9527,.T.);
#9527 = EDGE_LOOP('',(#9528,#9529,#9530,#9538));
#9528 = ORIENTED_EDGE('',*,*,#9488,.F.);
#9529 = ORIENTED_EDGE('',*,*,#9269,.T.);
#9530 = ORIENTED_EDGE('',*,*,#9531,.T.);
#9531 = EDGE_CURVE('',#9261,#9532,#9534,.T.);
#9532 = VERTEX_POINT('',#9533);
#9533 = CARTESIAN_POINT('',(262.,260.,593.));
#9534 = LINE('',#9535,#9536);
#9535 = CARTESIAN_POINT('',(215.,260.,593.));
#9536 = VECTOR('',#9537,1.);
#9537 = DIRECTION('',(1.,0.,0.));
#9538 = ORIENTED_EDGE('',*,*,#9539,.F.);
#9539 = EDGE_CURVE('',#9489,#9532,#9540,.T.);
#9540 = LINE('',#9541,#9542);
#9541 = CARTESIAN_POINT('',(262.,260.,590.));
#9542 = VECTOR('',#9543,1.);
#9543 = DIRECTION('',(0.,0.,1.));
#9544 = PLANE('',#9545);
#9545 = AXIS2_PLACEMENT_3D('',#9546,#9547,#9548);
#9546 = CARTESIAN_POINT('',(215.,260.,590.));
#9547 = DIRECTION('',(0.,1.,0.));
#9548 = DIRECTION('',(0.,0.,1.));
#9549 = ADVANCED_FACE('',(#9550),#9569,.T.);
#9550 = FACE_BOUND('',#9551,.T.);
#9551 = EDGE_LOOP('',(#9552,#9553,#9554,#9555,#9563));
#9552 = ORIENTED_EDGE('',*,*,#9531,.F.);
#9553 = ORIENTED_EDGE('',*,*,#9260,.F.);
#9554 = ORIENTED_EDGE('',*,*,#9235,.F.);
#9555 = ORIENTED_EDGE('',*,*,#9556,.T.);
#9556 = EDGE_CURVE('',#9228,#9557,#9559,.T.);
#9557 = VERTEX_POINT('',#9558);
#9558 = CARTESIAN_POINT('',(262.,250.,593.));
#9559 = LINE('',#9560,#9561);
#9560 = CARTESIAN_POINT('',(215.,250.,593.));
#9561 = VECTOR('',#9562,1.);
#9562 = DIRECTION('',(1.,0.,0.));
#9563 = ORIENTED_EDGE('',*,*,#9564,.T.);
#9564 = EDGE_CURVE('',#9557,#9532,#9565,.T.);
#9565 = LINE('',#9566,#9567);
#9566 = CARTESIAN_POINT('',(262.,250.,593.));
#9567 = VECTOR('',#9568,1.);
#9568 = DIRECTION('',(0.,1.,0.));
#9569 = PLANE('',#9570);
#9570 = AXIS2_PLACEMENT_3D('',#9571,#9572,#9573);
#9571 = CARTESIAN_POINT('',(215.,250.,593.));
#9572 = DIRECTION('',(0.,0.,1.));
#9573 = DIRECTION('',(1.,0.,0.));
#9574 = ADVANCED_FACE('',(#9575),#9578,.T.);
#9575 = FACE_BOUND('',#9576,.T.);
#9576 = EDGE_LOOP('',(#9577));
#9577 = ORIENTED_EDGE('',*,*,#9252,.T.);
#9578 = PLANE('',#9579);
#9579 = AXIS2_PLACEMENT_3D('',#9580,#9581,#9582);
#9580 = CARTESIAN_POINT('',(200.,255.,600.));
#9581 = DIRECTION('',(0.,0.,1.));
#9582 = DIRECTION('',(1.,0.,0.));
#9583 = ADVANCED_FACE('',(#9584),#9595,.F.);
#9584 = FACE_BOUND('',#9585,.F.);
#9585 = EDGE_LOOP('',(#9586,#9587,#9588,#9589));
#9586 = ORIENTED_EDGE('',*,*,#9498,.F.);
#9587 = ORIENTED_EDGE('',*,*,#9227,.T.);
#9588 = ORIENTED_EDGE('',*,*,#9556,.T.);
#9589 = ORIENTED_EDGE('',*,*,#9590,.F.);
#9590 = EDGE_CURVE('',#9499,#9557,#9591,.T.);
#9591 = LINE('',#9592,#9593);
#9592 = CARTESIAN_POINT('',(262.,250.,590.));
#9593 = VECTOR('',#9594,1.);
#9594 = DIRECTION('',(0.,0.,1.));
#9595 = PLANE('',#9596);
#9596 = AXIS2_PLACEMENT_3D('',#9597,#9598,#9599);
#9597 = CARTESIAN_POINT('',(215.,250.,590.));
#9598 = DIRECTION('',(0.,1.,0.));
#9599 = DIRECTION('',(0.,0.,1.));
#9600 = ADVANCED_FACE('',(#9601),#9626,.F.);
#9601 = FACE_BOUND('',#9602,.F.);
#9602 = EDGE_LOOP('',(#9603,#9611,#9612,#9620));
#9603 = ORIENTED_EDGE('',*,*,#9604,.F.);
#9604 = EDGE_CURVE('',#9305,#9605,#9607,.T.);
#9605 = VERTEX_POINT('',#9606);
#9606 = CARTESIAN_POINT('',(226.66987298107,311.19357503463,590.));
#9607 = LINE('',#9608,#9609);
#9608 = CARTESIAN_POINT('',(203.16987298107,270.49038105676,590.));
#9609 = VECTOR('',#9610,1.);
#9610 = DIRECTION('',(0.5,0.866025403784,0.));
#9611 = ORIENTED_EDGE('',*,*,#9302,.F.);
#9612 = ORIENTED_EDGE('',*,*,#9613,.T.);
#9613 = EDGE_CURVE('',#9303,#9614,#9616,.T.);
#9614 = VERTEX_POINT('',#9615);
#9615 = CARTESIAN_POINT('',(235.33012701892,306.19357503463,590.));
#9616 = LINE('',#9617,#9618);
#9617 = CARTESIAN_POINT('',(211.83012701892,265.49038105676,590.));
#9618 = VECTOR('',#9619,1.);
#9619 = DIRECTION('',(0.5,0.866025403784,0.));
#9620 = ORIENTED_EDGE('',*,*,#9621,.T.);
#9621 = EDGE_CURVE('',#9614,#9605,#9622,.T.);
#9622 = LINE('',#9623,#9624);
#9623 = CARTESIAN_POINT('',(235.33012701892,306.19357503463,590.));
#9624 = VECTOR('',#9625,1.);
#9625 = DIRECTION('',(-0.866025403784,0.5,0.));
#9626 = PLANE('',#9627);
#9627 = AXIS2_PLACEMENT_3D('',#9628,#9629,#9630);
#9628 = CARTESIAN_POINT('',(211.83012701892,265.49038105676,590.));
#9629 = DIRECTION('',(0.,0.,1.));
#9630 = DIRECTION('',(0.5,0.866025403784,0.));
#9631 = ADVANCED_FACE('',(#9632),#9650,.F.);
#9632 = FACE_BOUND('',#9633,.F.);
#9633 = EDGE_LOOP('',(#9634,#9635,#9636,#9644));
#9634 = ORIENTED_EDGE('',*,*,#9613,.F.);
#9635 = ORIENTED_EDGE('',*,*,#9313,.T.);
#9636 = ORIENTED_EDGE('',*,*,#9637,.T.);
#9637 = EDGE_CURVE('',#9314,#9638,#9640,.T.);
#9638 = VERTEX_POINT('',#9639);
#9639 = CARTESIAN_POINT('',(235.33012701892,306.19357503463,593.));
#9640 = LINE('',#9641,#9642);
#9641 = CARTESIAN_POINT('',(211.83012701892,265.49038105676,593.));
#9642 = VECTOR('',#9643,1.);
#9643 = DIRECTION('',(0.5,0.866025403784,0.));
#9644 = ORIENTED_EDGE('',*,*,#9645,.F.);
#9645 = EDGE_CURVE('',#9614,#9638,#9646,.T.);
#9646 = LINE('',#9647,#9648);
#9647 = CARTESIAN_POINT('',(235.33012701892,306.19357503463,590.));
#9648 = VECTOR('',#9649,1.);
#9649 = DIRECTION('',(0.,0.,1.));
#9650 = PLANE('',#9651);
#9651 = AXIS2_PLACEMENT_3D('',#9652,#9653,#9654);
#9652 = CARTESIAN_POINT('',(211.83012701892,265.49038105676,590.));
#9653 = DIRECTION('',(-0.866025403784,0.5,0.));
#9654 = DIRECTION('',(0.,0.,1.));
#9655 = ADVANCED_FACE('',(#9656),#9674,.T.);
#9656 = FACE_BOUND('',#9657,.T.);
#9657 = EDGE_LOOP('',(#9658,#9659,#9660,#9668));
#9658 = ORIENTED_EDGE('',*,*,#9604,.F.);
#9659 = ORIENTED_EDGE('',*,*,#9330,.T.);
#9660 = ORIENTED_EDGE('',*,*,#9661,.T.);
#9661 = EDGE_CURVE('',#9322,#9662,#9664,.T.);
#9662 = VERTEX_POINT('',#9663);
#9663 = CARTESIAN_POINT('',(226.66987298107,311.19357503463,593.));
#9664 = LINE('',#9665,#9666);
#9665 = CARTESIAN_POINT('',(203.16987298107,270.49038105676,593.));
#9666 = VECTOR('',#9667,1.);
#9667 = DIRECTION('',(0.5,0.866025403784,0.));
#9668 = ORIENTED_EDGE('',*,*,#9669,.F.);
#9669 = EDGE_CURVE('',#9605,#9662,#9670,.T.);
#9670 = LINE('',#9671,#9672);
#9671 = CARTESIAN_POINT('',(226.66987298107,311.19357503463,590.));
#9672 = VECTOR('',#9673,1.);
#9673 = DIRECTION('',(0.,0.,1.));
#9674 = PLANE('',#9675);
#9675 = AXIS2_PLACEMENT_3D('',#9676,#9677,#9678);
#9676 = CARTESIAN_POINT('',(203.16987298107,270.49038105676,590.));
#9677 = DIRECTION('',(-0.866025403784,0.5,0.));
#9678 = DIRECTION('',(0.,0.,1.));
#9679 = ADVANCED_FACE('',(#9680),#9691,.T.);
#9680 = FACE_BOUND('',#9681,.T.);
#9681 = EDGE_LOOP('',(#9682,#9683,#9684,#9685));
#9682 = ORIENTED_EDGE('',*,*,#9661,.F.);
#9683 = ORIENTED_EDGE('',*,*,#9321,.F.);
#9684 = ORIENTED_EDGE('',*,*,#9637,.T.);
#9685 = ORIENTED_EDGE('',*,*,#9686,.T.);
#9686 = EDGE_CURVE('',#9638,#9662,#9687,.T.);
#9687 = LINE('',#9688,#9689);
#9688 = CARTESIAN_POINT('',(235.33012701892,306.19357503463,593.));
#9689 = VECTOR('',#9690,1.);
#9690 = DIRECTION('',(-0.866025403784,0.5,0.));
#9691 = PLANE('',#9692);
#9692 = AXIS2_PLACEMENT_3D('',#9693,#9694,#9695);
#9693 = CARTESIAN_POINT('',(211.83012701892,265.49038105676,593.));
#9694 = DIRECTION('',(0.,0.,1.));
#9695 = DIRECTION('',(0.5,0.866025403784,0.));
#9696 = ADVANCED_FACE('',(#9697),#9722,.F.);
#9697 = FACE_BOUND('',#9698,.F.);
#9698 = EDGE_LOOP('',(#9699,#9707,#9708,#9716));
#9699 = ORIENTED_EDGE('',*,*,#9700,.F.);
#9700 = EDGE_CURVE('',#9341,#9701,#9703,.T.);
#9701 = VERTEX_POINT('',#9702);
#9702 = CARTESIAN_POINT('',(164.66987298107,306.19357503463,590.));
#9703 = LINE('',#9704,#9705);
#9704 = CARTESIAN_POINT('',(188.16987298107,265.49038105676,590.));
#9705 = VECTOR('',#9706,1.);
#9706 = DIRECTION('',(-0.5,0.866025403784,0.));
#9707 = ORIENTED_EDGE('',*,*,#9338,.F.);
#9708 = ORIENTED_EDGE('',*,*,#9709,.T.);
#9709 = EDGE_CURVE('',#9339,#9710,#9712,.T.);
#9710 = VERTEX_POINT('',#9711);
#9711 = CARTESIAN_POINT('',(173.33012701892,311.19357503463,590.));
#9712 = LINE('',#9713,#9714);
#9713 = CARTESIAN_POINT('',(196.83012701892,270.49038105676,590.));
#9714 = VECTOR('',#9715,1.);
#9715 = DIRECTION('',(-0.5,0.866025403784,0.));
#9716 = ORIENTED_EDGE('',*,*,#9717,.T.);
#9717 = EDGE_CURVE('',#9710,#9701,#9718,.T.);
#9718 = LINE('',#9719,#9720);
#9719 = CARTESIAN_POINT('',(173.33012701892,311.19357503463,590.));
#9720 = VECTOR('',#9721,1.);
#9721 = DIRECTION('',(-0.866025403784,-0.5,0.));
#9722 = PLANE('',#9723);
#9723 = AXIS2_PLACEMENT_3D('',#9724,#9725,#9726);
#9724 = CARTESIAN_POINT('',(196.83012701892,270.49038105676,590.));
#9725 = DIRECTION('',(0.,0.,1.));
#9726 = DIRECTION('',(-0.5,0.866025403784,0.));
#9727 = ADVANCED_FACE('',(#9728),#9746,.F.);
#9728 = FACE_BOUND('',#9729,.F.);
#9729 = EDGE_LOOP('',(#9730,#9731,#9732,#9740));
#9730 = ORIENTED_EDGE('',*,*,#9709,.F.);
#9731 = ORIENTED_EDGE('',*,*,#9349,.T.);
#9732 = ORIENTED_EDGE('',*,*,#9733,.T.);
#9733 = EDGE_CURVE('',#9350,#9734,#9736,.T.);
#9734 = VERTEX_POINT('',#9735);
#9735 = CARTESIAN_POINT('',(173.33012701892,311.19357503463,593.));
#9736 = LINE('',#9737,#9738);
#9737 = CARTESIAN_POINT('',(196.83012701892,270.49038105676,593.));
#9738 = VECTOR('',#9739,1.);
#9739 = DIRECTION('',(-0.5,0.866025403784,0.));
#9740 = ORIENTED_EDGE('',*,*,#9741,.F.);
#9741 = EDGE_CURVE('',#9710,#9734,#9742,.T.);
#9742 = LINE('',#9743,#9744);
#9743 = CARTESIAN_POINT('',(173.33012701892,311.19357503463,590.));
#9744 = VECTOR('',#9745,1.);
#9745 = DIRECTION('',(0.,0.,1.));
#9746 = PLANE('',#9747);
#9747 = AXIS2_PLACEMENT_3D('',#9748,#9749,#9750);
#9748 = CARTESIAN_POINT('',(196.83012701892,270.49038105676,590.));
#9749 = DIRECTION('',(-0.866025403784,-0.5,0.));
#9750 = DIRECTION('',(0.,0.,1.));
#9751 = ADVANCED_FACE('',(#9752),#9770,.T.);
#9752 = FACE_BOUND('',#9753,.T.);
#9753 = EDGE_LOOP('',(#9754,#9755,#9756,#9764));
#9754 = ORIENTED_EDGE('',*,*,#9700,.F.);
#9755 = ORIENTED_EDGE('',*,*,#9366,.T.);
#9756 = ORIENTED_EDGE('',*,*,#9757,.T.);
#9757 = EDGE_CURVE('',#9358,#9758,#9760,.T.);
#9758 = VERTEX_POINT('',#9759);
#9759 = CARTESIAN_POINT('',(164.66987298107,306.19357503463,593.));
#9760 = LINE('',#9761,#9762);
#9761 = CARTESIAN_POINT('',(188.16987298107,265.49038105676,593.));
#9762 = VECTOR('',#9763,1.);
#9763 = DIRECTION('',(-0.5,0.866025403784,0.));
#9764 = ORIENTED_EDGE('',*,*,#9765,.F.);
#9765 = EDGE_CURVE('',#9701,#9758,#9766,.T.);
#9766 = LINE('',#9767,#9768);
#9767 = CARTESIAN_POINT('',(164.66987298107,306.19357503463,590.));
#9768 = VECTOR('',#9769,1.);
#9769 = DIRECTION('',(0.,0.,1.));
#9770 = PLANE('',#9771);
#9771 = AXIS2_PLACEMENT_3D('',#9772,#9773,#9774);
#9772 = CARTESIAN_POINT('',(188.16987298107,265.49038105676,590.));
#9773 = DIRECTION('',(-0.866025403784,-0.5,0.));
#9774 = DIRECTION('',(0.,0.,1.));
#9775 = ADVANCED_FACE('',(#9776),#9787,.T.);
#9776 = FACE_BOUND('',#9777,.T.);
#9777 = EDGE_LOOP('',(#9778,#9779,#9780,#9781));
#9778 = ORIENTED_EDGE('',*,*,#9757,.F.);
#9779 = ORIENTED_EDGE('',*,*,#9357,.F.);
#9780 = ORIENTED_EDGE('',*,*,#9733,.T.);
#9781 = ORIENTED_EDGE('',*,*,#9782,.T.);
#9782 = EDGE_CURVE('',#9734,#9758,#9783,.T.);
#9783 = LINE('',#9784,#9785);
#9784 = CARTESIAN_POINT('',(173.33012701892,311.19357503463,593.));
#9785 = VECTOR('',#9786,1.);
#9786 = DIRECTION('',(-0.866025403784,-0.5,0.));
#9787 = PLANE('',#9788);
#9788 = AXIS2_PLACEMENT_3D('',#9789,#9790,#9791);
#9789 = CARTESIAN_POINT('',(196.83012701892,270.49038105676,593.));
#9790 = DIRECTION('',(0.,0.,1.));
#9791 = DIRECTION('',(-0.5,0.866025403784,0.));
#9792 = ADVANCED_FACE('',(#9793),#9818,.F.);
#9793 = FACE_BOUND('',#9794,.F.);
#9794 = EDGE_LOOP('',(#9795,#9803,#9804,#9812));
#9795 = ORIENTED_EDGE('',*,*,#9796,.F.);
#9796 = EDGE_CURVE('',#9377,#9797,#9799,.T.);
#9797 = VERTEX_POINT('',#9798);
#9798 = CARTESIAN_POINT('',(138.,250.,590.));
#9799 = LINE('',#9800,#9801);
#9800 = CARTESIAN_POINT('',(185.,250.,590.));
#9801 = VECTOR('',#9802,1.);
#9802 = DIRECTION('',(-1.,1.224646799147E-16,0.));
#9803 = ORIENTED_EDGE('',*,*,#9374,.F.);
#9804 = ORIENTED_EDGE('',*,*,#9805,.T.);
#9805 = EDGE_CURVE('',#9375,#9806,#9808,.T.);
#9806 = VERTEX_POINT('',#9807);
#9807 = CARTESIAN_POINT('',(138.,260.,590.));
#9808 = LINE('',#9809,#9810);
#9809 = CARTESIAN_POINT('',(185.,260.,590.));
#9810 = VECTOR('',#9811,1.);
#9811 = DIRECTION('',(-1.,1.224646799147E-16,0.));
#9812 = ORIENTED_EDGE('',*,*,#9813,.T.);
#9813 = EDGE_CURVE('',#9806,#9797,#9814,.T.);
#9814 = LINE('',#9815,#9816);
#9815 = CARTESIAN_POINT('',(138.,260.,590.));
#9816 = VECTOR('',#9817,1.);
#9817 = DIRECTION('',(-1.224646799147E-16,-1.,0.));
#9818 = PLANE('',#9819);
#9819 = AXIS2_PLACEMENT_3D('',#9820,#9821,#9822);
#9820 = CARTESIAN_POINT('',(185.,260.,590.));
#9821 = DIRECTION('',(0.,0.,1.));
#9822 = DIRECTION('',(-1.,1.224646799147E-16,0.));
#9823 = ADVANCED_FACE('',(#9824),#9842,.F.);
#9824 = FACE_BOUND('',#9825,.F.);
#9825 = EDGE_LOOP('',(#9826,#9827,#9828,#9836));
#9826 = ORIENTED_EDGE('',*,*,#9805,.F.);
#9827 = ORIENTED_EDGE('',*,*,#9385,.T.);
#9828 = ORIENTED_EDGE('',*,*,#9829,.T.);
#9829 = EDGE_CURVE('',#9386,#9830,#9832,.T.);
#9830 = VERTEX_POINT('',#9831);
#9831 = CARTESIAN_POINT('',(138.,260.,593.));
#9832 = LINE('',#9833,#9834);
#9833 = CARTESIAN_POINT('',(185.,260.,593.));
#9834 = VECTOR('',#9835,1.);
#9835 = DIRECTION('',(-1.,1.224646799147E-16,0.));
#9836 = ORIENTED_EDGE('',*,*,#9837,.F.);
#9837 = EDGE_CURVE('',#9806,#9830,#9838,.T.);
#9838 = LINE('',#9839,#9840);
#9839 = CARTESIAN_POINT('',(138.,260.,590.));
#9840 = VECTOR('',#9841,1.);
#9841 = DIRECTION('',(0.,0.,1.));
#9842 = PLANE('',#9843);
#9843 = AXIS2_PLACEMENT_3D('',#9844,#9845,#9846);
#9844 = CARTESIAN_POINT('',(185.,260.,590.));
#9845 = DIRECTION('',(-1.224646799147E-16,-1.,0.));
#9846 = DIRECTION('',(0.,0.,1.));
#9847 = ADVANCED_FACE('',(#9848),#9866,.T.);
#9848 = FACE_BOUND('',#9849,.T.);
#9849 = EDGE_LOOP('',(#9850,#9851,#9852,#9860));
#9850 = ORIENTED_EDGE('',*,*,#9796,.F.);
#9851 = ORIENTED_EDGE('',*,*,#9402,.T.);
#9852 = ORIENTED_EDGE('',*,*,#9853,.T.);
#9853 = EDGE_CURVE('',#9394,#9854,#9856,.T.);
#9854 = VERTEX_POINT('',#9855);
#9855 = CARTESIAN_POINT('',(138.,250.,593.));
#9856 = LINE('',#9857,#9858);
#9857 = CARTESIAN_POINT('',(185.,250.,593.));
#9858 = VECTOR('',#9859,1.);
#9859 = DIRECTION('',(-1.,1.224646799147E-16,0.));
#9860 = ORIENTED_EDGE('',*,*,#9861,.F.);
#9861 = EDGE_CURVE('',#9797,#9854,#9862,.T.);
#9862 = LINE('',#9863,#9864);
#9863 = CARTESIAN_POINT('',(138.,250.,590.));
#9864 = VECTOR('',#9865,1.);
#9865 = DIRECTION('',(0.,0.,1.));
#9866 = PLANE('',#9867);
#9867 = AXIS2_PLACEMENT_3D('',#9868,#9869,#9870);
#9868 = CARTESIAN_POINT('',(185.,250.,590.));
#9869 = DIRECTION('',(-1.224646799147E-16,-1.,0.));
#9870 = DIRECTION('',(0.,0.,1.));
#9871 = ADVANCED_FACE('',(#9872),#9883,.T.);
#9872 = FACE_BOUND('',#9873,.T.);
#9873 = EDGE_LOOP('',(#9874,#9875,#9876,#9877));
#9874 = ORIENTED_EDGE('',*,*,#9853,.F.);
#9875 = ORIENTED_EDGE('',*,*,#9393,.F.);
#9876 = ORIENTED_EDGE('',*,*,#9829,.T.);
#9877 = ORIENTED_EDGE('',*,*,#9878,.T.);
#9878 = EDGE_CURVE('',#9830,#9854,#9879,.T.);
#9879 = LINE('',#9880,#9881);
#9880 = CARTESIAN_POINT('',(138.,260.,593.));
#9881 = VECTOR('',#9882,1.);
#9882 = DIRECTION('',(-1.224646799147E-16,-1.,0.));
#9883 = PLANE('',#9884);
#9884 = AXIS2_PLACEMENT_3D('',#9885,#9886,#9887);
#9885 = CARTESIAN_POINT('',(185.,260.,593.));
#9886 = DIRECTION('',(0.,0.,1.));
#9887 = DIRECTION('',(-1.,1.224646799147E-16,0.));
#9888 = ADVANCED_FACE('',(#9889),#9914,.F.);
#9889 = FACE_BOUND('',#9890,.F.);
#9890 = EDGE_LOOP('',(#9891,#9899,#9900,#9908));
#9891 = ORIENTED_EDGE('',*,*,#9892,.F.);
#9892 = EDGE_CURVE('',#9413,#9893,#9895,.T.);
#9893 = VERTEX_POINT('',#9894);
#9894 = CARTESIAN_POINT('',(173.33012701892,198.80642496536,590.));
#9895 = LINE('',#9896,#9897);
#9896 = CARTESIAN_POINT('',(196.83012701892,239.50961894323,590.));
#9897 = VECTOR('',#9898,1.);
#9898 = DIRECTION('',(-0.5,-0.866025403784,0.));
#9899 = ORIENTED_EDGE('',*,*,#9410,.F.);
#9900 = ORIENTED_EDGE('',*,*,#9901,.T.);
#9901 = EDGE_CURVE('',#9411,#9902,#9904,.T.);
#9902 = VERTEX_POINT('',#9903);
#9903 = CARTESIAN_POINT('',(164.66987298107,203.80642496536,590.));
#9904 = LINE('',#9905,#9906);
#9905 = CARTESIAN_POINT('',(188.16987298107,244.50961894323,590.));
#9906 = VECTOR('',#9907,1.);
#9907 = DIRECTION('',(-0.5,-0.866025403784,0.));
#9908 = ORIENTED_EDGE('',*,*,#9909,.T.);
#9909 = EDGE_CURVE('',#9902,#9893,#9910,.T.);
#9910 = LINE('',#9911,#9912);
#9911 = CARTESIAN_POINT('',(164.66987298107,203.80642496536,590.));
#9912 = VECTOR('',#9913,1.);
#9913 = DIRECTION('',(0.866025403784,-0.5,0.));
#9914 = PLANE('',#9915);
#9915 = AXIS2_PLACEMENT_3D('',#9916,#9917,#9918);
#9916 = CARTESIAN_POINT('',(188.16987298107,244.50961894323,590.));
#9917 = DIRECTION('',(0.,0.,1.));
#9918 = DIRECTION('',(-0.5,-0.866025403784,0.));
#9919 = ADVANCED_FACE('',(#9920),#9938,.F.);
#9920 = FACE_BOUND('',#9921,.F.);
#9921 = EDGE_LOOP('',(#9922,#9923,#9924,#9932));
#9922 = ORIENTED_EDGE('',*,*,#9901,.F.);
#9923 = ORIENTED_EDGE('',*,*,#9421,.T.);
#9924 = ORIENTED_EDGE('',*,*,#9925,.T.);
#9925 = EDGE_CURVE('',#9422,#9926,#9928,.T.);
#9926 = VERTEX_POINT('',#9927);
#9927 = CARTESIAN_POINT('',(164.66987298107,203.80642496536,593.));
#9928 = LINE('',#9929,#9930);
#9929 = CARTESIAN_POINT('',(188.16987298107,244.50961894323,593.));
#9930 = VECTOR('',#9931,1.);
#9931 = DIRECTION('',(-0.5,-0.866025403784,0.));
#9932 = ORIENTED_EDGE('',*,*,#9933,.F.);
#9933 = EDGE_CURVE('',#9902,#9926,#9934,.T.);
#9934 = LINE('',#9935,#9936);
#9935 = CARTESIAN_POINT('',(164.66987298107,203.80642496536,590.));
#9936 = VECTOR('',#9937,1.);
#9937 = DIRECTION('',(0.,0.,1.));
#9938 = PLANE('',#9939);
#9939 = AXIS2_PLACEMENT_3D('',#9940,#9941,#9942);
#9940 = CARTESIAN_POINT('',(188.16987298107,244.50961894323,590.));
#9941 = DIRECTION('',(0.866025403784,-0.5,0.));
#9942 = DIRECTION('',(0.,0.,1.));
#9943 = ADVANCED_FACE('',(#9944),#9962,.T.);
#9944 = FACE_BOUND('',#9945,.T.);
#9945 = EDGE_LOOP('',(#9946,#9947,#9948,#9956));
#9946 = ORIENTED_EDGE('',*,*,#9892,.F.);
#9947 = ORIENTED_EDGE('',*,*,#9438,.T.);
#9948 = ORIENTED_EDGE('',*,*,#9949,.T.);
#9949 = EDGE_CURVE('',#9430,#9950,#9952,.T.);
#9950 = VERTEX_POINT('',#9951);
#9951 = CARTESIAN_POINT('',(173.33012701892,198.80642496536,593.));
#9952 = LINE('',#9953,#9954);
#9953 = CARTESIAN_POINT('',(196.83012701892,239.50961894323,593.));
#9954 = VECTOR('',#9955,1.);
#9955 = DIRECTION('',(-0.5,-0.866025403784,0.));
#9956 = ORIENTED_EDGE('',*,*,#9957,.F.);
#9957 = EDGE_CURVE('',#9893,#9950,#9958,.T.);
#9958 = LINE('',#9959,#9960);
#9959 = CARTESIAN_POINT('',(173.33012701892,198.80642496536,590.));
#9960 = VECTOR('',#9961,1.);
#9961 = DIRECTION('',(0.,0.,1.));
#9962 = PLANE('',#9963);
#9963 = AXIS2_PLACEMENT_3D('',#9964,#9965,#9966);
#9964 = CARTESIAN_POINT('',(196.83012701892,239.50961894323,590.));
#9965 = DIRECTION('',(0.866025403784,-0.5,0.));
#9966 = DIRECTION('',(0.,0.,1.));
#9967 = ADVANCED_FACE('',(#9968),#9979,.T.);
#9968 = FACE_BOUND('',#9969,.T.);
#9969 = EDGE_LOOP('',(#9970,#9971,#9972,#9973));
#9970 = ORIENTED_EDGE('',*,*,#9949,.F.);
#9971 = ORIENTED_EDGE('',*,*,#9429,.F.);
#9972 = ORIENTED_EDGE('',*,*,#9925,.T.);
#9973 = ORIENTED_EDGE('',*,*,#9974,.T.);
#9974 = EDGE_CURVE('',#9926,#9950,#9975,.T.);
#9975 = LINE('',#9976,#9977);
#9976 = CARTESIAN_POINT('',(164.66987298107,203.80642496536,593.));
#9977 = VECTOR('',#9978,1.);
#9978 = DIRECTION('',(0.866025403784,-0.5,0.));
#9979 = PLANE('',#9980);
#9980 = AXIS2_PLACEMENT_3D('',#9981,#9982,#9983);
#9981 = CARTESIAN_POINT('',(188.16987298107,244.50961894323,593.));
#9982 = DIRECTION('',(0.,0.,1.));
#9983 = DIRECTION('',(-0.5,-0.866025403784,0.));
#9984 = ADVANCED_FACE('',(#9985),#10010,.F.);
#9985 = FACE_BOUND('',#9986,.F.);
#9986 = EDGE_LOOP('',(#9987,#9995,#9996,#10004));
#9987 = ORIENTED_EDGE('',*,*,#9988,.F.);
#9988 = EDGE_CURVE('',#9449,#9989,#9991,.T.);
#9989 = VERTEX_POINT('',#9990);
#9990 = CARTESIAN_POINT('',(235.33012701892,203.80642496536,590.));
#9991 = LINE('',#9992,#9993);
#9992 = CARTESIAN_POINT('',(211.83012701892,244.50961894323,590.));
#9993 = VECTOR('',#9994,1.);
#9994 = DIRECTION('',(0.5,-0.866025403784,0.));
#9995 = ORIENTED_EDGE('',*,*,#9446,.F.);
#9996 = ORIENTED_EDGE('',*,*,#9997,.T.);
#9997 = EDGE_CURVE('',#9447,#9998,#10000,.T.);
#9998 = VERTEX_POINT('',#9999);
#9999 = CARTESIAN_POINT('',(226.66987298107,198.80642496536,590.));
#10000 = LINE('',#10001,#10002);
#10001 = CARTESIAN_POINT('',(203.16987298107,239.50961894323,590.));
#10002 = VECTOR('',#10003,1.);
#10003 = DIRECTION('',(0.5,-0.866025403784,0.));
#10004 = ORIENTED_EDGE('',*,*,#10005,.T.);
#10005 = EDGE_CURVE('',#9998,#9989,#10006,.T.);
#10006 = LINE('',#10007,#10008);
#10007 = CARTESIAN_POINT('',(226.66987298107,198.80642496536,590.));
#10008 = VECTOR('',#10009,1.);
#10009 = DIRECTION('',(0.866025403784,0.5,0.));
#10010 = PLANE('',#10011);
#10011 = AXIS2_PLACEMENT_3D('',#10012,#10013,#10014);
#10012 = CARTESIAN_POINT('',(203.16987298107,239.50961894323,590.));
#10013 = DIRECTION('',(0.,0.,1.));
#10014 = DIRECTION('',(0.5,-0.866025403784,0.));
#10015 = ADVANCED_FACE('',(#10016),#10034,.T.);
#10016 = FACE_BOUND('',#10017,.T.);
#10017 = EDGE_LOOP('',(#10018,#10019,#10020,#10028));
#10018 = ORIENTED_EDGE('',*,*,#9988,.F.);
#10019 = ORIENTED_EDGE('',*,*,#9474,.T.);
#10020 = ORIENTED_EDGE('',*,*,#10021,.T.);
#10021 = EDGE_CURVE('',#9466,#10022,#10024,.T.);
#10022 = VERTEX_POINT('',#10023);
#10023 = CARTESIAN_POINT('',(235.33012701892,203.80642496536,593.));
#10024 = LINE('',#10025,#10026);
#10025 = CARTESIAN_POINT('',(211.83012701892,244.50961894323,593.));
#10026 = VECTOR('',#10027,1.);
#10027 = DIRECTION('',(0.5,-0.866025403784,0.));
#10028 = ORIENTED_EDGE('',*,*,#10029,.F.);
#10029 = EDGE_CURVE('',#9989,#10022,#10030,.T.);
#10030 = LINE('',#10031,#10032);
#10031 = CARTESIAN_POINT('',(235.33012701892,203.80642496536,590.));
#10032 = VECTOR('',#10033,1.);
#10033 = DIRECTION('',(0.,0.,1.));
#10034 = PLANE('',#10035);
#10035 = AXIS2_PLACEMENT_3D('',#10036,#10037,#10038);
#10036 = CARTESIAN_POINT('',(211.83012701892,244.50961894323,590.));
#10037 = DIRECTION('',(0.866025403784,0.5,0.));
#10038 = DIRECTION('',(0.,0.,1.));
#10039 = ADVANCED_FACE('',(#10040),#10058,.T.);
#10040 = FACE_BOUND('',#10041,.T.);
#10041 = EDGE_LOOP('',(#10042,#10043,#10044,#10052));
#10042 = ORIENTED_EDGE('',*,*,#10021,.F.);
#10043 = ORIENTED_EDGE('',*,*,#9465,.F.);
#10044 = ORIENTED_EDGE('',*,*,#10045,.T.);
#10045 = EDGE_CURVE('',#9458,#10046,#10048,.T.);
#10046 = VERTEX_POINT('',#10047);
#10047 = CARTESIAN_POINT('',(226.66987298107,198.80642496536,593.));
#10048 = LINE('',#10049,#10050);
#10049 = CARTESIAN_POINT('',(203.16987298107,239.50961894323,593.));
#10050 = VECTOR('',#10051,1.);
#10051 = DIRECTION('',(0.5,-0.866025403784,0.));
#10052 = ORIENTED_EDGE('',*,*,#10053,.T.);
#10053 = EDGE_CURVE('',#10046,#10022,#10054,.T.);
#10054 = LINE('',#10055,#10056);
#10055 = CARTESIAN_POINT('',(226.66987298107,198.80642496536,593.));
#10056 = VECTOR('',#10057,1.);
#10057 = DIRECTION('',(0.866025403784,0.5,0.));
#10058 = PLANE('',#10059);
#10059 = AXIS2_PLACEMENT_3D('',#10060,#10061,#10062);
#10060 = CARTESIAN_POINT('',(203.16987298107,239.50961894323,593.));
#10061 = DIRECTION('',(0.,0.,1.));
#10062 = DIRECTION('',(0.5,-0.866025403784,0.));
#10063 = ADVANCED_FACE('',(#10064),#10075,.F.);
#10064 = FACE_BOUND('',#10065,.F.);
#10065 = EDGE_LOOP('',(#10066,#10067,#10068,#10069));
#10066 = ORIENTED_EDGE('',*,*,#9997,.F.);
#10067 = ORIENTED_EDGE('',*,*,#9457,.T.);
#10068 = ORIENTED_EDGE('',*,*,#10045,.T.);
#10069 = ORIENTED_EDGE('',*,*,#10070,.F.);
#10070 = EDGE_CURVE('',#9998,#10046,#10071,.T.);
#10071 = LINE('',#10072,#10073);
#10072 = CARTESIAN_POINT('',(226.66987298107,198.80642496536,590.));
#10073 = VECTOR('',#10074,1.);
#10074 = DIRECTION('',(0.,0.,1.));
#10075 = PLANE('',#10076);
#10076 = AXIS2_PLACEMENT_3D('',#10077,#10078,#10079);
#10077 = CARTESIAN_POINT('',(203.16987298107,239.50961894323,590.));
#10078 = DIRECTION('',(0.866025403784,0.5,0.));
#10079 = DIRECTION('',(0.,0.,1.));
#10080 = ADVANCED_FACE('',(#10081),#10087,.T.);
#10081 = FACE_BOUND('',#10082,.T.);
#10082 = EDGE_LOOP('',(#10083,#10084,#10085,#10086));
#10083 = ORIENTED_EDGE('',*,*,#9590,.F.);
#10084 = ORIENTED_EDGE('',*,*,#9506,.T.);
#10085 = ORIENTED_EDGE('',*,*,#9539,.T.);
#10086 = ORIENTED_EDGE('',*,*,#9564,.F.);
#10087 = PLANE('',#10088);
#10088 = AXIS2_PLACEMENT_3D('',#10089,#10090,#10091);
#10089 = CARTESIAN_POINT('',(262.,250.,590.));
#10090 = DIRECTION('',(1.,0.,0.));
#10091 = DIRECTION('',(0.,0.,1.));
#10092 = ADVANCED_FACE('',(#10093),#10099,.T.);
#10093 = FACE_BOUND('',#10094,.T.);
#10094 = EDGE_LOOP('',(#10095,#10096,#10097,#10098));
#10095 = ORIENTED_EDGE('',*,*,#9645,.F.);
#10096 = ORIENTED_EDGE('',*,*,#9621,.T.);
#10097 = ORIENTED_EDGE('',*,*,#9669,.T.);
#10098 = ORIENTED_EDGE('',*,*,#9686,.F.);
#10099 = PLANE('',#10100);
#10100 = AXIS2_PLACEMENT_3D('',#10101,#10102,#10103);
#10101 = CARTESIAN_POINT('',(235.33012701892,306.19357503463,590.));
#10102 = DIRECTION('',(0.5,0.866025403784,0.));
#10103 = DIRECTION('',(0.,0.,1.));
#10104 = ADVANCED_FACE('',(#10105),#10111,.T.);
#10105 = FACE_BOUND('',#10106,.T.);
#10106 = EDGE_LOOP('',(#10107,#10108,#10109,#10110));
#10107 = ORIENTED_EDGE('',*,*,#9741,.F.);
#10108 = ORIENTED_EDGE('',*,*,#9717,.T.);
#10109 = ORIENTED_EDGE('',*,*,#9765,.T.);
#10110 = ORIENTED_EDGE('',*,*,#9782,.F.);
#10111 = PLANE('',#10112);
#10112 = AXIS2_PLACEMENT_3D('',#10113,#10114,#10115);
#10113 = CARTESIAN_POINT('',(173.33012701892,311.19357503463,590.));
#10114 = DIRECTION('',(-0.5,0.866025403784,0.));
#10115 = DIRECTION('',(0.,0.,1.));
#10116 = ADVANCED_FACE('',(#10117),#10123,.T.);
#10117 = FACE_BOUND('',#10118,.T.);
#10118 = EDGE_LOOP('',(#10119,#10120,#10121,#10122));
#10119 = ORIENTED_EDGE('',*,*,#9837,.F.);
#10120 = ORIENTED_EDGE('',*,*,#9813,.T.);
#10121 = ORIENTED_EDGE('',*,*,#9861,.T.);
#10122 = ORIENTED_EDGE('',*,*,#9878,.F.);
#10123 = PLANE('',#10124);
#10124 = AXIS2_PLACEMENT_3D('',#10125,#10126,#10127);
#10125 = CARTESIAN_POINT('',(138.,260.,590.));
#10126 = DIRECTION('',(-1.,1.224646799147E-16,0.));
#10127 = DIRECTION('',(0.,0.,1.));
#10128 = ADVANCED_FACE('',(#10129),#10135,.T.);
#10129 = FACE_BOUND('',#10130,.T.);
#10130 = EDGE_LOOP('',(#10131,#10132,#10133,#10134));
#10131 = ORIENTED_EDGE('',*,*,#9933,.F.);
#10132 = ORIENTED_EDGE('',*,*,#9909,.T.);
#10133 = ORIENTED_EDGE('',*,*,#9957,.T.);
#10134 = ORIENTED_EDGE('',*,*,#9974,.F.);
#10135 = PLANE('',#10136);
#10136 = AXIS2_PLACEMENT_3D('',#10137,#10138,#10139);
#10137 = CARTESIAN_POINT('',(164.66987298107,203.80642496536,590.));
#10138 = DIRECTION('',(-0.5,-0.866025403784,0.));
#10139 = DIRECTION('',(0.,0.,1.));
#10140 = ADVANCED_FACE('',(#10141),#10147,.T.);
#10141 = FACE_BOUND('',#10142,.T.);
#10142 = EDGE_LOOP('',(#10143,#10144,#10145,#10146));
#10143 = ORIENTED_EDGE('',*,*,#10070,.F.);
#10144 = ORIENTED_EDGE('',*,*,#10005,.T.);
#10145 = ORIENTED_EDGE('',*,*,#10029,.T.);
#10146 = ORIENTED_EDGE('',*,*,#10053,.F.);
#10147 = PLANE('',#10148);
#10148 = AXIS2_PLACEMENT_3D('',#10149,#10150,#10151);
#10149 = CARTESIAN_POINT('',(226.66987298107,198.80642496536,590.));
#10150 = DIRECTION('',(0.5,-0.866025403784,0.));
#10151 = DIRECTION('',(0.,0.,1.));
#10152 = MANIFOLD_SOLID_BREP('',#10153);
#10153 = CLOSED_SHELL('',(#10154,#10194,#10225,#10304,#10328,#10400,
    #10412,#10429,#10446,#10463,#10480));
#10154 = ADVANCED_FACE('',(#10155),#10189,.F.);
#10155 = FACE_BOUND('',#10156,.F.);
#10156 = EDGE_LOOP('',(#10157,#10167,#10175,#10183));
#10157 = ORIENTED_EDGE('',*,*,#10158,.F.);
#10158 = EDGE_CURVE('',#10159,#10161,#10163,.T.);
#10159 = VERTEX_POINT('',#10160);
#10160 = CARTESIAN_POINT('',(130.,185.,581.));
#10161 = VERTEX_POINT('',#10162);
#10162 = CARTESIAN_POINT('',(130.,185.,608.));
#10163 = LINE('',#10164,#10165);
#10164 = CARTESIAN_POINT('',(130.,185.,581.));
#10165 = VECTOR('',#10166,1.);
#10166 = DIRECTION('',(0.,0.,1.));
#10167 = ORIENTED_EDGE('',*,*,#10168,.T.);
#10168 = EDGE_CURVE('',#10159,#10169,#10171,.T.);
#10169 = VERTEX_POINT('',#10170);
#10170 = CARTESIAN_POINT('',(130.,325.,581.));
#10171 = LINE('',#10172,#10173);
#10172 = CARTESIAN_POINT('',(130.,185.,581.));
#10173 = VECTOR('',#10174,1.);
#10174 = DIRECTION('',(0.,1.,0.));
#10175 = ORIENTED_EDGE('',*,*,#10176,.T.);
#10176 = EDGE_CURVE('',#10169,#10177,#10179,.T.);
#10177 = VERTEX_POINT('',#10178);
#10178 = CARTESIAN_POINT('',(130.,325.,608.));
#10179 = LINE('',#10180,#10181);
#10180 = CARTESIAN_POINT('',(130.,325.,581.));
#10181 = VECTOR('',#10182,1.);
#10182 = DIRECTION('',(0.,0.,1.));
#10183 = ORIENTED_EDGE('',*,*,#10184,.F.);
#10184 = EDGE_CURVE('',#10161,#10177,#10185,.T.);
#10185 = LINE('',#10186,#10187);
#10186 = CARTESIAN_POINT('',(130.,185.,608.));
#10187 = VECTOR('',#10188,1.);
#10188 = DIRECTION('',(0.,1.,0.));
#10189 = PLANE('',#10190);
#10190 = AXIS2_PLACEMENT_3D('',#10191,#10192,#10193);
#10191 = CARTESIAN_POINT('',(130.,185.,581.));
#10192 = DIRECTION('',(1.,0.,0.));
#10193 = DIRECTION('',(0.,0.,1.));
#10194 = ADVANCED_FACE('',(#10195),#10220,.F.);
#10195 = FACE_BOUND('',#10196,.F.);
#10196 = EDGE_LOOP('',(#10197,#10205,#10206,#10214));
#10197 = ORIENTED_EDGE('',*,*,#10198,.F.);
#10198 = EDGE_CURVE('',#10159,#10199,#10201,.T.);
#10199 = VERTEX_POINT('',#10200);
#10200 = CARTESIAN_POINT('',(270.,185.,581.));
#10201 = LINE('',#10202,#10203);
#10202 = CARTESIAN_POINT('',(130.,185.,581.));
#10203 = VECTOR('',#10204,1.);
#10204 = DIRECTION('',(1.,0.,0.));
#10205 = ORIENTED_EDGE('',*,*,#10158,.T.);
#10206 = ORIENTED_EDGE('',*,*,#10207,.T.);
#10207 = EDGE_CURVE('',#10161,#10208,#10210,.T.);
#10208 = VERTEX_POINT('',#10209);
#10209 = CARTESIAN_POINT('',(270.,185.,608.));
#10210 = LINE('',#10211,#10212);
#10211 = CARTESIAN_POINT('',(130.,185.,608.));
#10212 = VECTOR('',#10213,1.);
#10213 = DIRECTION('',(1.,0.,0.));
#10214 = ORIENTED_EDGE('',*,*,#10215,.F.);
#10215 = EDGE_CURVE('',#10199,#10208,#10216,.T.);
#10216 = LINE('',#10217,#10218);
#10217 = CARTESIAN_POINT('',(270.,185.,581.));
#10218 = VECTOR('',#10219,1.);
#10219 = DIRECTION('',(0.,0.,1.));
#10220 = PLANE('',#10221);
#10221 = AXIS2_PLACEMENT_3D('',#10222,#10223,#10224);
#10222 = CARTESIAN_POINT('',(130.,185.,581.));
#10223 = DIRECTION('',(0.,1.,0.));
#10224 = DIRECTION('',(0.,0.,1.));
#10225 = ADVANCED_FACE('',(#10226,#10244,#10255,#10266,#10277,#10288),
  #10299,.T.);
#10226 = FACE_BOUND('',#10227,.T.);
#10227 = EDGE_LOOP('',(#10228,#10229,#10230,#10238));
#10228 = ORIENTED_EDGE('',*,*,#10184,.F.);
#10229 = ORIENTED_EDGE('',*,*,#10207,.T.);
#10230 = ORIENTED_EDGE('',*,*,#10231,.T.);
#10231 = EDGE_CURVE('',#10208,#10232,#10234,.T.);
#10232 = VERTEX_POINT('',#10233);
#10233 = CARTESIAN_POINT('',(270.,325.,608.));
#10234 = LINE('',#10235,#10236);
#10235 = CARTESIAN_POINT('',(270.,185.,608.));
#10236 = VECTOR('',#10237,1.);
#10237 = DIRECTION('',(0.,1.,0.));
#10238 = ORIENTED_EDGE('',*,*,#10239,.F.);
#10239 = EDGE_CURVE('',#10177,#10232,#10240,.T.);
#10240 = LINE('',#10241,#10242);
#10241 = CARTESIAN_POINT('',(130.,325.,608.));
#10242 = VECTOR('',#10243,1.);
#10243 = DIRECTION('',(1.,0.,0.));
#10244 = FACE_BOUND('',#10245,.T.);
#10245 = EDGE_LOOP('',(#10246));
#10246 = ORIENTED_EDGE('',*,*,#10247,.F.);
#10247 = EDGE_CURVE('',#10248,#10248,#10250,.T.);
#10248 = VERTEX_POINT('',#10249);
#10249 = CARTESIAN_POINT('',(139.75,192.5,608.));
#10250 = CIRCLE('',#10251,2.25);
#10251 = AXIS2_PLACEMENT_3D('',#10252,#10253,#10254);
#10252 = CARTESIAN_POINT('',(137.5,192.5,608.));
#10253 = DIRECTION('',(0.,0.,1.));
#10254 = DIRECTION('',(1.,0.,0.));
#10255 = FACE_BOUND('',#10256,.T.);
#10256 = EDGE_LOOP('',(#10257));
#10257 = ORIENTED_EDGE('',*,*,#10258,.F.);
#10258 = EDGE_CURVE('',#10259,#10259,#10261,.T.);
#10259 = VERTEX_POINT('',#10260);
#10260 = CARTESIAN_POINT('',(264.75,192.5,608.));
#10261 = CIRCLE('',#10262,2.25);
#10262 = AXIS2_PLACEMENT_3D('',#10263,#10264,#10265);
#10263 = CARTESIAN_POINT('',(262.5,192.5,608.));
#10264 = DIRECTION('',(0.,0.,1.));
#10265 = DIRECTION('',(1.,0.,0.));
#10266 = FACE_BOUND('',#10267,.T.);
#10267 = EDGE_LOOP('',(#10268));
#10268 = ORIENTED_EDGE('',*,*,#10269,.F.);
#10269 = EDGE_CURVE('',#10270,#10270,#10272,.T.);
#10270 = VERTEX_POINT('',#10271);
#10271 = CARTESIAN_POINT('',(139.75,317.5,608.));
#10272 = CIRCLE('',#10273,2.25);
#10273 = AXIS2_PLACEMENT_3D('',#10274,#10275,#10276);
#10274 = CARTESIAN_POINT('',(137.5,317.5,608.));
#10275 = DIRECTION('',(0.,0.,1.));
#10276 = DIRECTION('',(1.,0.,0.));
#10277 = FACE_BOUND('',#10278,.T.);
#10278 = EDGE_LOOP('',(#10279));
#10279 = ORIENTED_EDGE('',*,*,#10280,.F.);
#10280 = EDGE_CURVE('',#10281,#10281,#10283,.T.);
#10281 = VERTEX_POINT('',#10282);
#10282 = CARTESIAN_POINT('',(265.,255.,608.));
#10283 = CIRCLE('',#10284,65.);
#10284 = AXIS2_PLACEMENT_3D('',#10285,#10286,#10287);
#10285 = CARTESIAN_POINT('',(200.,255.,608.));
#10286 = DIRECTION('',(0.,0.,1.));
#10287 = DIRECTION('',(1.,0.,0.));
#10288 = FACE_BOUND('',#10289,.T.);
#10289 = EDGE_LOOP('',(#10290));
#10290 = ORIENTED_EDGE('',*,*,#10291,.F.);
#10291 = EDGE_CURVE('',#10292,#10292,#10294,.T.);
#10292 = VERTEX_POINT('',#10293);
#10293 = CARTESIAN_POINT('',(264.75,317.5,608.));
#10294 = CIRCLE('',#10295,2.25);
#10295 = AXIS2_PLACEMENT_3D('',#10296,#10297,#10298);
#10296 = CARTESIAN_POINT('',(262.5,317.5,608.));
#10297 = DIRECTION('',(0.,0.,1.));
#10298 = DIRECTION('',(1.,0.,0.));
#10299 = PLANE('',#10300);
#10300 = AXIS2_PLACEMENT_3D('',#10301,#10302,#10303);
#10301 = CARTESIAN_POINT('',(130.,185.,608.));
#10302 = DIRECTION('',(0.,0.,1.));
#10303 = DIRECTION('',(1.,0.,0.));
#10304 = ADVANCED_FACE('',(#10305),#10323,.T.);
#10305 = FACE_BOUND('',#10306,.T.);
#10306 = EDGE_LOOP('',(#10307,#10315,#10316,#10317));
#10307 = ORIENTED_EDGE('',*,*,#10308,.F.);
#10308 = EDGE_CURVE('',#10169,#10309,#10311,.T.);
#10309 = VERTEX_POINT('',#10310);
#10310 = CARTESIAN_POINT('',(270.,325.,581.));
#10311 = LINE('',#10312,#10313);
#10312 = CARTESIAN_POINT('',(130.,325.,581.));
#10313 = VECTOR('',#10314,1.);
#10314 = DIRECTION('',(1.,0.,0.));
#10315 = ORIENTED_EDGE('',*,*,#10176,.T.);
#10316 = ORIENTED_EDGE('',*,*,#10239,.T.);
#10317 = ORIENTED_EDGE('',*,*,#10318,.F.);
#10318 = EDGE_CURVE('',#10309,#10232,#10319,.T.);
#10319 = LINE('',#10320,#10321);
#10320 = CARTESIAN_POINT('',(270.,325.,581.));
#10321 = VECTOR('',#10322,1.);
#10322 = DIRECTION('',(0.,0.,1.));
#10323 = PLANE('',#10324);
#10324 = AXIS2_PLACEMENT_3D('',#10325,#10326,#10327);
#10325 = CARTESIAN_POINT('',(130.,325.,581.));
#10326 = DIRECTION('',(0.,1.,0.));
#10327 = DIRECTION('',(0.,0.,1.));
#10328 = ADVANCED_FACE('',(#10329,#10340,#10351,#10362,#10373,#10384),
  #10395,.F.);
#10329 = FACE_BOUND('',#10330,.F.);
#10330 = EDGE_LOOP('',(#10331,#10332,#10333,#10339));
#10331 = ORIENTED_EDGE('',*,*,#10168,.F.);
#10332 = ORIENTED_EDGE('',*,*,#10198,.T.);
#10333 = ORIENTED_EDGE('',*,*,#10334,.T.);
#10334 = EDGE_CURVE('',#10199,#10309,#10335,.T.);
#10335 = LINE('',#10336,#10337);
#10336 = CARTESIAN_POINT('',(270.,185.,581.));
#10337 = VECTOR('',#10338,1.);
#10338 = DIRECTION('',(0.,1.,0.));
#10339 = ORIENTED_EDGE('',*,*,#10308,.F.);
#10340 = FACE_BOUND('',#10341,.F.);
#10341 = EDGE_LOOP('',(#10342));
#10342 = ORIENTED_EDGE('',*,*,#10343,.F.);
#10343 = EDGE_CURVE('',#10344,#10344,#10346,.T.);
#10344 = VERTEX_POINT('',#10345);
#10345 = CARTESIAN_POINT('',(139.75,192.5,581.));
#10346 = CIRCLE('',#10347,2.25);
#10347 = AXIS2_PLACEMENT_3D('',#10348,#10349,#10350);
#10348 = CARTESIAN_POINT('',(137.5,192.5,581.));
#10349 = DIRECTION('',(0.,0.,1.));
#10350 = DIRECTION('',(1.,0.,0.));
#10351 = FACE_BOUND('',#10352,.F.);
#10352 = EDGE_LOOP('',(#10353));
#10353 = ORIENTED_EDGE('',*,*,#10354,.F.);
#10354 = EDGE_CURVE('',#10355,#10355,#10357,.T.);
#10355 = VERTEX_POINT('',#10356);
#10356 = CARTESIAN_POINT('',(264.75,192.5,581.));
#10357 = CIRCLE('',#10358,2.25);
#10358 = AXIS2_PLACEMENT_3D('',#10359,#10360,#10361);
#10359 = CARTESIAN_POINT('',(262.5,192.5,581.));
#10360 = DIRECTION('',(0.,0.,1.));
#10361 = DIRECTION('',(1.,0.,0.));
#10362 = FACE_BOUND('',#10363,.F.);
#10363 = EDGE_LOOP('',(#10364));
#10364 = ORIENTED_EDGE('',*,*,#10365,.F.);
#10365 = EDGE_CURVE('',#10366,#10366,#10368,.T.);
#10366 = VERTEX_POINT('',#10367);
#10367 = CARTESIAN_POINT('',(139.75,317.5,581.));
#10368 = CIRCLE('',#10369,2.25);
#10369 = AXIS2_PLACEMENT_3D('',#10370,#10371,#10372);
#10370 = CARTESIAN_POINT('',(137.5,317.5,581.));
#10371 = DIRECTION('',(0.,0.,1.));
#10372 = DIRECTION('',(1.,0.,0.));
#10373 = FACE_BOUND('',#10374,.F.);
#10374 = EDGE_LOOP('',(#10375));
#10375 = ORIENTED_EDGE('',*,*,#10376,.F.);
#10376 = EDGE_CURVE('',#10377,#10377,#10379,.T.);
#10377 = VERTEX_POINT('',#10378);
#10378 = CARTESIAN_POINT('',(265.,255.,581.));
#10379 = CIRCLE('',#10380,65.);
#10380 = AXIS2_PLACEMENT_3D('',#10381,#10382,#10383);
#10381 = CARTESIAN_POINT('',(200.,255.,581.));
#10382 = DIRECTION('',(0.,0.,1.));
#10383 = DIRECTION('',(1.,0.,0.));
#10384 = FACE_BOUND('',#10385,.F.);
#10385 = EDGE_LOOP('',(#10386));
#10386 = ORIENTED_EDGE('',*,*,#10387,.F.);
#10387 = EDGE_CURVE('',#10388,#10388,#10390,.T.);
#10388 = VERTEX_POINT('',#10389);
#10389 = CARTESIAN_POINT('',(264.75,317.5,581.));
#10390 = CIRCLE('',#10391,2.25);
#10391 = AXIS2_PLACEMENT_3D('',#10392,#10393,#10394);
#10392 = CARTESIAN_POINT('',(262.5,317.5,581.));
#10393 = DIRECTION('',(0.,0.,1.));
#10394 = DIRECTION('',(1.,0.,0.));
#10395 = PLANE('',#10396);
#10396 = AXIS2_PLACEMENT_3D('',#10397,#10398,#10399);
#10397 = CARTESIAN_POINT('',(130.,185.,581.));
#10398 = DIRECTION('',(0.,0.,1.));
#10399 = DIRECTION('',(1.,0.,0.));
#10400 = ADVANCED_FACE('',(#10401),#10407,.T.);
#10401 = FACE_BOUND('',#10402,.T.);
#10402 = EDGE_LOOP('',(#10403,#10404,#10405,#10406));
#10403 = ORIENTED_EDGE('',*,*,#10215,.F.);
#10404 = ORIENTED_EDGE('',*,*,#10334,.T.);
#10405 = ORIENTED_EDGE('',*,*,#10318,.T.);
#10406 = ORIENTED_EDGE('',*,*,#10231,.F.);
#10407 = PLANE('',#10408);
#10408 = AXIS2_PLACEMENT_3D('',#10409,#10410,#10411);
#10409 = CARTESIAN_POINT('',(270.,185.,581.));
#10410 = DIRECTION('',(1.,0.,0.));
#10411 = DIRECTION('',(0.,0.,1.));
#10412 = ADVANCED_FACE('',(#10413),#10424,.F.);
#10413 = FACE_BOUND('',#10414,.F.);
#10414 = EDGE_LOOP('',(#10415,#10416,#10422,#10423));
#10415 = ORIENTED_EDGE('',*,*,#10247,.F.);
#10416 = ORIENTED_EDGE('',*,*,#10417,.F.);
#10417 = EDGE_CURVE('',#10344,#10248,#10418,.T.);
#10418 = LINE('',#10419,#10420);
#10419 = CARTESIAN_POINT('',(139.75,192.5,580.));
#10420 = VECTOR('',#10421,1.);
#10421 = DIRECTION('',(0.,0.,1.));
#10422 = ORIENTED_EDGE('',*,*,#10343,.T.);
#10423 = ORIENTED_EDGE('',*,*,#10417,.T.);
#10424 = CYLINDRICAL_SURFACE('',#10425,2.25);
#10425 = AXIS2_PLACEMENT_3D('',#10426,#10427,#10428);
#10426 = CARTESIAN_POINT('',(137.5,192.5,580.));
#10427 = DIRECTION('',(0.,0.,1.));
#10428 = DIRECTION('',(1.,0.,0.));
#10429 = ADVANCED_FACE('',(#10430),#10441,.F.);
#10430 = FACE_BOUND('',#10431,.F.);
#10431 = EDGE_LOOP('',(#10432,#10433,#10439,#10440));
#10432 = ORIENTED_EDGE('',*,*,#10258,.F.);
#10433 = ORIENTED_EDGE('',*,*,#10434,.F.);
#10434 = EDGE_CURVE('',#10355,#10259,#10435,.T.);
#10435 = LINE('',#10436,#10437);
#10436 = CARTESIAN_POINT('',(264.75,192.5,580.));
#10437 = VECTOR('',#10438,1.);
#10438 = DIRECTION('',(0.,0.,1.));
#10439 = ORIENTED_EDGE('',*,*,#10354,.T.);
#10440 = ORIENTED_EDGE('',*,*,#10434,.T.);
#10441 = CYLINDRICAL_SURFACE('',#10442,2.25);
#10442 = AXIS2_PLACEMENT_3D('',#10443,#10444,#10445);
#10443 = CARTESIAN_POINT('',(262.5,192.5,580.));
#10444 = DIRECTION('',(0.,0.,1.));
#10445 = DIRECTION('',(1.,0.,0.));
#10446 = ADVANCED_FACE('',(#10447),#10458,.F.);
#10447 = FACE_BOUND('',#10448,.F.);
#10448 = EDGE_LOOP('',(#10449,#10450,#10456,#10457));
#10449 = ORIENTED_EDGE('',*,*,#10269,.F.);
#10450 = ORIENTED_EDGE('',*,*,#10451,.F.);
#10451 = EDGE_CURVE('',#10366,#10270,#10452,.T.);
#10452 = LINE('',#10453,#10454);
#10453 = CARTESIAN_POINT('',(139.75,317.5,580.));
#10454 = VECTOR('',#10455,1.);
#10455 = DIRECTION('',(0.,0.,1.));
#10456 = ORIENTED_EDGE('',*,*,#10365,.T.);
#10457 = ORIENTED_EDGE('',*,*,#10451,.T.);
#10458 = CYLINDRICAL_SURFACE('',#10459,2.25);
#10459 = AXIS2_PLACEMENT_3D('',#10460,#10461,#10462);
#10460 = CARTESIAN_POINT('',(137.5,317.5,580.));
#10461 = DIRECTION('',(0.,0.,1.));
#10462 = DIRECTION('',(1.,0.,0.));
#10463 = ADVANCED_FACE('',(#10464),#10475,.F.);
#10464 = FACE_BOUND('',#10465,.F.);
#10465 = EDGE_LOOP('',(#10466,#10467,#10473,#10474));
#10466 = ORIENTED_EDGE('',*,*,#10280,.F.);
#10467 = ORIENTED_EDGE('',*,*,#10468,.F.);
#10468 = EDGE_CURVE('',#10377,#10281,#10469,.T.);
#10469 = LINE('',#10470,#10471);
#10470 = CARTESIAN_POINT('',(265.,255.,580.));
#10471 = VECTOR('',#10472,1.);
#10472 = DIRECTION('',(0.,0.,1.));
#10473 = ORIENTED_EDGE('',*,*,#10376,.T.);
#10474 = ORIENTED_EDGE('',*,*,#10468,.T.);
#10475 = CYLINDRICAL_SURFACE('',#10476,65.);
#10476 = AXIS2_PLACEMENT_3D('',#10477,#10478,#10479);
#10477 = CARTESIAN_POINT('',(200.,255.,580.));
#10478 = DIRECTION('',(0.,0.,1.));
#10479 = DIRECTION('',(1.,0.,0.));
#10480 = ADVANCED_FACE('',(#10481),#10492,.F.);
#10481 = FACE_BOUND('',#10482,.F.);
#10482 = EDGE_LOOP('',(#10483,#10484,#10490,#10491));
#10483 = ORIENTED_EDGE('',*,*,#10291,.F.);
#10484 = ORIENTED_EDGE('',*,*,#10485,.F.);
#10485 = EDGE_CURVE('',#10388,#10292,#10486,.T.);
#10486 = LINE('',#10487,#10488);
#10487 = CARTESIAN_POINT('',(264.75,317.5,580.));
#10488 = VECTOR('',#10489,1.);
#10489 = DIRECTION('',(0.,0.,1.));
#10490 = ORIENTED_EDGE('',*,*,#10387,.T.);
#10491 = ORIENTED_EDGE('',*,*,#10485,.T.);
#10492 = CYLINDRICAL_SURFACE('',#10493,2.25);
#10493 = AXIS2_PLACEMENT_3D('',#10494,#10495,#10496);
#10494 = CARTESIAN_POINT('',(262.5,317.5,580.));
#10495 = DIRECTION('',(0.,0.,1.));
#10496 = DIRECTION('',(1.,0.,0.));
#10497 = MANIFOLD_SOLID_BREP('',#10498);
#10498 = CLOSED_SHELL('',(#10499,#10532,#10541));
#10499 = ADVANCED_FACE('',(#10500),#10527,.T.);
#10500 = FACE_BOUND('',#10501,.T.);
#10501 = EDGE_LOOP('',(#10502,#10511,#10519,#10526));
#10502 = ORIENTED_EDGE('',*,*,#10503,.F.);
#10503 = EDGE_CURVE('',#10504,#10504,#10506,.T.);
#10504 = VERTEX_POINT('',#10505);
#10505 = CARTESIAN_POINT('',(139.5,192.5,615.));
#10506 = CIRCLE('',#10507,2.);
#10507 = AXIS2_PLACEMENT_3D('',#10508,#10509,#10510);
#10508 = CARTESIAN_POINT('',(137.5,192.5,615.));
#10509 = DIRECTION('',(0.,0.,1.));
#10510 = DIRECTION('',(1.,0.,0.));
#10511 = ORIENTED_EDGE('',*,*,#10512,.F.);
#10512 = EDGE_CURVE('',#10513,#10504,#10515,.T.);
#10513 = VERTEX_POINT('',#10514);
#10514 = CARTESIAN_POINT('',(139.5,192.5,565.));
#10515 = LINE('',#10516,#10517);
#10516 = CARTESIAN_POINT('',(139.5,192.5,565.));
#10517 = VECTOR('',#10518,1.);
#10518 = DIRECTION('',(0.,0.,1.));
#10519 = ORIENTED_EDGE('',*,*,#10520,.T.);
#10520 = EDGE_CURVE('',#10513,#10513,#10521,.T.);
#10521 = CIRCLE('',#10522,2.);
#10522 = AXIS2_PLACEMENT_3D('',#10523,#10524,#10525);
#10523 = CARTESIAN_POINT('',(137.5,192.5,565.));
#10524 = DIRECTION('',(0.,0.,1.));
#10525 = DIRECTION('',(1.,0.,0.));
#10526 = ORIENTED_EDGE('',*,*,#10512,.T.);
#10527 = CYLINDRICAL_SURFACE('',#10528,2.);
#10528 = AXIS2_PLACEMENT_3D('',#10529,#10530,#10531);
#10529 = CARTESIAN_POINT('',(137.5,192.5,565.));
#10530 = DIRECTION('',(0.,0.,1.));
#10531 = DIRECTION('',(1.,0.,0.));
#10532 = ADVANCED_FACE('',(#10533),#10536,.T.);
#10533 = FACE_BOUND('',#10534,.T.);
#10534 = EDGE_LOOP('',(#10535));
#10535 = ORIENTED_EDGE('',*,*,#10503,.T.);
#10536 = PLANE('',#10537);
#10537 = AXIS2_PLACEMENT_3D('',#10538,#10539,#10540);
#10538 = CARTESIAN_POINT('',(137.5,192.5,615.));
#10539 = DIRECTION('',(0.,0.,1.));
#10540 = DIRECTION('',(1.,0.,0.));
#10541 = ADVANCED_FACE('',(#10542),#10545,.F.);
#10542 = FACE_BOUND('',#10543,.T.);
#10543 = EDGE_LOOP('',(#10544));
#10544 = ORIENTED_EDGE('',*,*,#10520,.F.);
#10545 = PLANE('',#10546);
#10546 = AXIS2_PLACEMENT_3D('',#10547,#10548,#10549);
#10547 = CARTESIAN_POINT('',(137.5,192.5,565.));
#10548 = DIRECTION('',(0.,0.,1.));
#10549 = DIRECTION('',(1.,0.,0.));
#10550 = MANIFOLD_SOLID_BREP('',#10551);
#10551 = CLOSED_SHELL('',(#10552,#10585,#10594));
#10552 = ADVANCED_FACE('',(#10553),#10580,.T.);
#10553 = FACE_BOUND('',#10554,.T.);
#10554 = EDGE_LOOP('',(#10555,#10564,#10572,#10579));
#10555 = ORIENTED_EDGE('',*,*,#10556,.F.);
#10556 = EDGE_CURVE('',#10557,#10557,#10559,.T.);
#10557 = VERTEX_POINT('',#10558);
#10558 = CARTESIAN_POINT('',(139.5,317.5,615.));
#10559 = CIRCLE('',#10560,2.);
#10560 = AXIS2_PLACEMENT_3D('',#10561,#10562,#10563);
#10561 = CARTESIAN_POINT('',(137.5,317.5,615.));
#10562 = DIRECTION('',(0.,0.,1.));
#10563 = DIRECTION('',(1.,0.,0.));
#10564 = ORIENTED_EDGE('',*,*,#10565,.F.);
#10565 = EDGE_CURVE('',#10566,#10557,#10568,.T.);
#10566 = VERTEX_POINT('',#10567);
#10567 = CARTESIAN_POINT('',(139.5,317.5,565.));
#10568 = LINE('',#10569,#10570);
#10569 = CARTESIAN_POINT('',(139.5,317.5,565.));
#10570 = VECTOR('',#10571,1.);
#10571 = DIRECTION('',(0.,0.,1.));
#10572 = ORIENTED_EDGE('',*,*,#10573,.T.);
#10573 = EDGE_CURVE('',#10566,#10566,#10574,.T.);
#10574 = CIRCLE('',#10575,2.);
#10575 = AXIS2_PLACEMENT_3D('',#10576,#10577,#10578);
#10576 = CARTESIAN_POINT('',(137.5,317.5,565.));
#10577 = DIRECTION('',(0.,0.,1.));
#10578 = DIRECTION('',(1.,0.,0.));
#10579 = ORIENTED_EDGE('',*,*,#10565,.T.);
#10580 = CYLINDRICAL_SURFACE('',#10581,2.);
#10581 = AXIS2_PLACEMENT_3D('',#10582,#10583,#10584);
#10582 = CARTESIAN_POINT('',(137.5,317.5,565.));
#10583 = DIRECTION('',(0.,0.,1.));
#10584 = DIRECTION('',(1.,0.,0.));
#10585 = ADVANCED_FACE('',(#10586),#10589,.T.);
#10586 = FACE_BOUND('',#10587,.T.);
#10587 = EDGE_LOOP('',(#10588));
#10588 = ORIENTED_EDGE('',*,*,#10556,.T.);
#10589 = PLANE('',#10590);
#10590 = AXIS2_PLACEMENT_3D('',#10591,#10592,#10593);
#10591 = CARTESIAN_POINT('',(137.5,317.5,615.));
#10592 = DIRECTION('',(0.,0.,1.));
#10593 = DIRECTION('',(1.,0.,0.));
#10594 = ADVANCED_FACE('',(#10595),#10598,.F.);
#10595 = FACE_BOUND('',#10596,.T.);
#10596 = EDGE_LOOP('',(#10597));
#10597 = ORIENTED_EDGE('',*,*,#10573,.F.);
#10598 = PLANE('',#10599);
#10599 = AXIS2_PLACEMENT_3D('',#10600,#10601,#10602);
#10600 = CARTESIAN_POINT('',(137.5,317.5,565.));
#10601 = DIRECTION('',(0.,0.,1.));
#10602 = DIRECTION('',(1.,0.,0.));
#10603 = MANIFOLD_SOLID_BREP('',#10604);
#10604 = CLOSED_SHELL('',(#10605,#10638,#10647));
#10605 = ADVANCED_FACE('',(#10606),#10633,.T.);
#10606 = FACE_BOUND('',#10607,.T.);
#10607 = EDGE_LOOP('',(#10608,#10617,#10625,#10632));
#10608 = ORIENTED_EDGE('',*,*,#10609,.F.);
#10609 = EDGE_CURVE('',#10610,#10610,#10612,.T.);
#10610 = VERTEX_POINT('',#10611);
#10611 = CARTESIAN_POINT('',(264.5,192.5,615.));
#10612 = CIRCLE('',#10613,2.);
#10613 = AXIS2_PLACEMENT_3D('',#10614,#10615,#10616);
#10614 = CARTESIAN_POINT('',(262.5,192.5,615.));
#10615 = DIRECTION('',(0.,0.,1.));
#10616 = DIRECTION('',(1.,0.,0.));
#10617 = ORIENTED_EDGE('',*,*,#10618,.F.);
#10618 = EDGE_CURVE('',#10619,#10610,#10621,.T.);
#10619 = VERTEX_POINT('',#10620);
#10620 = CARTESIAN_POINT('',(264.5,192.5,565.));
#10621 = LINE('',#10622,#10623);
#10622 = CARTESIAN_POINT('',(264.5,192.5,565.));
#10623 = VECTOR('',#10624,1.);
#10624 = DIRECTION('',(0.,0.,1.));
#10625 = ORIENTED_EDGE('',*,*,#10626,.T.);
#10626 = EDGE_CURVE('',#10619,#10619,#10627,.T.);
#10627 = CIRCLE('',#10628,2.);
#10628 = AXIS2_PLACEMENT_3D('',#10629,#10630,#10631);
#10629 = CARTESIAN_POINT('',(262.5,192.5,565.));
#10630 = DIRECTION('',(0.,0.,1.));
#10631 = DIRECTION('',(1.,0.,0.));
#10632 = ORIENTED_EDGE('',*,*,#10618,.T.);
#10633 = CYLINDRICAL_SURFACE('',#10634,2.);
#10634 = AXIS2_PLACEMENT_3D('',#10635,#10636,#10637);
#10635 = CARTESIAN_POINT('',(262.5,192.5,565.));
#10636 = DIRECTION('',(0.,0.,1.));
#10637 = DIRECTION('',(1.,0.,0.));
#10638 = ADVANCED_FACE('',(#10639),#10642,.T.);
#10639 = FACE_BOUND('',#10640,.T.);
#10640 = EDGE_LOOP('',(#10641));
#10641 = ORIENTED_EDGE('',*,*,#10609,.T.);
#10642 = PLANE('',#10643);
#10643 = AXIS2_PLACEMENT_3D('',#10644,#10645,#10646);
#10644 = CARTESIAN_POINT('',(262.5,192.5,615.));
#10645 = DIRECTION('',(0.,0.,1.));
#10646 = DIRECTION('',(1.,0.,0.));
#10647 = ADVANCED_FACE('',(#10648),#10651,.F.);
#10648 = FACE_BOUND('',#10649,.T.);
#10649 = EDGE_LOOP('',(#10650));
#10650 = ORIENTED_EDGE('',*,*,#10626,.F.);
#10651 = PLANE('',#10652);
#10652 = AXIS2_PLACEMENT_3D('',#10653,#10654,#10655);
#10653 = CARTESIAN_POINT('',(262.5,192.5,565.));
#10654 = DIRECTION('',(0.,0.,1.));
#10655 = DIRECTION('',(1.,0.,0.));
#10656 = MANIFOLD_SOLID_BREP('',#10657);
#10657 = CLOSED_SHELL('',(#10658,#10691,#10700));
#10658 = ADVANCED_FACE('',(#10659),#10686,.T.);
#10659 = FACE_BOUND('',#10660,.T.);
#10660 = EDGE_LOOP('',(#10661,#10670,#10678,#10685));
#10661 = ORIENTED_EDGE('',*,*,#10662,.F.);
#10662 = EDGE_CURVE('',#10663,#10663,#10665,.T.);
#10663 = VERTEX_POINT('',#10664);
#10664 = CARTESIAN_POINT('',(264.5,317.5,615.));
#10665 = CIRCLE('',#10666,2.);
#10666 = AXIS2_PLACEMENT_3D('',#10667,#10668,#10669);
#10667 = CARTESIAN_POINT('',(262.5,317.5,615.));
#10668 = DIRECTION('',(0.,0.,1.));
#10669 = DIRECTION('',(1.,0.,0.));
#10670 = ORIENTED_EDGE('',*,*,#10671,.F.);
#10671 = EDGE_CURVE('',#10672,#10663,#10674,.T.);
#10672 = VERTEX_POINT('',#10673);
#10673 = CARTESIAN_POINT('',(264.5,317.5,565.));
#10674 = LINE('',#10675,#10676);
#10675 = CARTESIAN_POINT('',(264.5,317.5,565.));
#10676 = VECTOR('',#10677,1.);
#10677 = DIRECTION('',(0.,0.,1.));
#10678 = ORIENTED_EDGE('',*,*,#10679,.T.);
#10679 = EDGE_CURVE('',#10672,#10672,#10680,.T.);
#10680 = CIRCLE('',#10681,2.);
#10681 = AXIS2_PLACEMENT_3D('',#10682,#10683,#10684);
#10682 = CARTESIAN_POINT('',(262.5,317.5,565.));
#10683 = DIRECTION('',(0.,0.,1.));
#10684 = DIRECTION('',(1.,0.,0.));
#10685 = ORIENTED_EDGE('',*,*,#10671,.T.);
#10686 = CYLINDRICAL_SURFACE('',#10687,2.);
#10687 = AXIS2_PLACEMENT_3D('',#10688,#10689,#10690);
#10688 = CARTESIAN_POINT('',(262.5,317.5,565.));
#10689 = DIRECTION('',(0.,0.,1.));
#10690 = DIRECTION('',(1.,0.,0.));
#10691 = ADVANCED_FACE('',(#10692),#10695,.T.);
#10692 = FACE_BOUND('',#10693,.T.);
#10693 = EDGE_LOOP('',(#10694));
#10694 = ORIENTED_EDGE('',*,*,#10662,.T.);
#10695 = PLANE('',#10696);
#10696 = AXIS2_PLACEMENT_3D('',#10697,#10698,#10699);
#10697 = CARTESIAN_POINT('',(262.5,317.5,615.));
#10698 = DIRECTION('',(0.,0.,1.));
#10699 = DIRECTION('',(1.,0.,0.));
#10700 = ADVANCED_FACE('',(#10701),#10704,.F.);
#10701 = FACE_BOUND('',#10702,.T.);
#10702 = EDGE_LOOP('',(#10703));
#10703 = ORIENTED_EDGE('',*,*,#10679,.F.);
#10704 = PLANE('',#10705);
#10705 = AXIS2_PLACEMENT_3D('',#10706,#10707,#10708);
#10706 = CARTESIAN_POINT('',(262.5,317.5,565.));
#10707 = DIRECTION('',(0.,0.,1.));
#10708 = DIRECTION('',(1.,0.,0.));
#10709 = MANIFOLD_SOLID_BREP('',#10710);
#10710 = CLOSED_SHELL('',(#10711,#10751,#10782,#10861,#10885,#10957,
    #10969,#10986,#11003,#11020,#11037));
#10711 = ADVANCED_FACE('',(#10712),#10746,.F.);
#10712 = FACE_BOUND('',#10713,.F.);
#10713 = EDGE_LOOP('',(#10714,#10724,#10732,#10740));
#10714 = ORIENTED_EDGE('',*,*,#10715,.F.);
#10715 = EDGE_CURVE('',#10716,#10718,#10720,.T.);
#10716 = VERTEX_POINT('',#10717);
#10717 = CARTESIAN_POINT('',(280.,185.,580.));
#10718 = VERTEX_POINT('',#10719);
#10719 = CARTESIAN_POINT('',(280.,185.,581.));
#10720 = LINE('',#10721,#10722);
#10721 = CARTESIAN_POINT('',(280.,185.,580.));
#10722 = VECTOR('',#10723,1.);
#10723 = DIRECTION('',(0.,0.,1.));
#10724 = ORIENTED_EDGE('',*,*,#10725,.T.);
#10725 = EDGE_CURVE('',#10716,#10726,#10728,.T.);
#10726 = VERTEX_POINT('',#10727);
#10727 = CARTESIAN_POINT('',(280.,325.,580.));
#10728 = LINE('',#10729,#10730);
#10729 = CARTESIAN_POINT('',(280.,185.,580.));
#10730 = VECTOR('',#10731,1.);
#10731 = DIRECTION('',(0.,1.,0.));
#10732 = ORIENTED_EDGE('',*,*,#10733,.T.);
#10733 = EDGE_CURVE('',#10726,#10734,#10736,.T.);
#10734 = VERTEX_POINT('',#10735);
#10735 = CARTESIAN_POINT('',(280.,325.,581.));
#10736 = LINE('',#10737,#10738);
#10737 = CARTESIAN_POINT('',(280.,325.,580.));
#10738 = VECTOR('',#10739,1.);
#10739 = DIRECTION('',(0.,0.,1.));
#10740 = ORIENTED_EDGE('',*,*,#10741,.F.);
#10741 = EDGE_CURVE('',#10718,#10734,#10742,.T.);
#10742 = LINE('',#10743,#10744);
#10743 = CARTESIAN_POINT('',(280.,185.,581.));
#10744 = VECTOR('',#10745,1.);
#10745 = DIRECTION('',(0.,1.,0.));
#10746 = PLANE('',#10747);
#10747 = AXIS2_PLACEMENT_3D('',#10748,#10749,#10750);
#10748 = CARTESIAN_POINT('',(280.,185.,580.));
#10749 = DIRECTION('',(1.,0.,0.));
#10750 = DIRECTION('',(0.,0.,1.));
#10751 = ADVANCED_FACE('',(#10752),#10777,.F.);
#10752 = FACE_BOUND('',#10753,.F.);
#10753 = EDGE_LOOP('',(#10754,#10762,#10763,#10771));
#10754 = ORIENTED_EDGE('',*,*,#10755,.F.);
#10755 = EDGE_CURVE('',#10716,#10756,#10758,.T.);
#10756 = VERTEX_POINT('',#10757);
#10757 = CARTESIAN_POINT('',(420.,185.,580.));
#10758 = LINE('',#10759,#10760);
#10759 = CARTESIAN_POINT('',(280.,185.,580.));
#10760 = VECTOR('',#10761,1.);
#10761 = DIRECTION('',(1.,0.,0.));
#10762 = ORIENTED_EDGE('',*,*,#10715,.T.);
#10763 = ORIENTED_EDGE('',*,*,#10764,.T.);
#10764 = EDGE_CURVE('',#10718,#10765,#10767,.T.);
#10765 = VERTEX_POINT('',#10766);
#10766 = CARTESIAN_POINT('',(420.,185.,581.));
#10767 = LINE('',#10768,#10769);
#10768 = CARTESIAN_POINT('',(280.,185.,581.));
#10769 = VECTOR('',#10770,1.);
#10770 = DIRECTION('',(1.,0.,0.));
#10771 = ORIENTED_EDGE('',*,*,#10772,.F.);
#10772 = EDGE_CURVE('',#10756,#10765,#10773,.T.);
#10773 = LINE('',#10774,#10775);
#10774 = CARTESIAN_POINT('',(420.,185.,580.));
#10775 = VECTOR('',#10776,1.);
#10776 = DIRECTION('',(0.,0.,1.));
#10777 = PLANE('',#10778);
#10778 = AXIS2_PLACEMENT_3D('',#10779,#10780,#10781);
#10779 = CARTESIAN_POINT('',(280.,185.,580.));
#10780 = DIRECTION('',(0.,1.,0.));
#10781 = DIRECTION('',(0.,0.,1.));
#10782 = ADVANCED_FACE('',(#10783,#10801,#10812,#10823,#10834,#10845),
  #10856,.T.);
#10783 = FACE_BOUND('',#10784,.T.);
#10784 = EDGE_LOOP('',(#10785,#10786,#10787,#10795));
#10785 = ORIENTED_EDGE('',*,*,#10741,.F.);
#10786 = ORIENTED_EDGE('',*,*,#10764,.T.);
#10787 = ORIENTED_EDGE('',*,*,#10788,.T.);
#10788 = EDGE_CURVE('',#10765,#10789,#10791,.T.);
#10789 = VERTEX_POINT('',#10790);
#10790 = CARTESIAN_POINT('',(420.,325.,581.));
#10791 = LINE('',#10792,#10793);
#10792 = CARTESIAN_POINT('',(420.,185.,581.));
#10793 = VECTOR('',#10794,1.);
#10794 = DIRECTION('',(0.,1.,0.));
#10795 = ORIENTED_EDGE('',*,*,#10796,.F.);
#10796 = EDGE_CURVE('',#10734,#10789,#10797,.T.);
#10797 = LINE('',#10798,#10799);
#10798 = CARTESIAN_POINT('',(280.,325.,581.));
#10799 = VECTOR('',#10800,1.);
#10800 = DIRECTION('',(1.,0.,0.));
#10801 = FACE_BOUND('',#10802,.T.);
#10802 = EDGE_LOOP('',(#10803));
#10803 = ORIENTED_EDGE('',*,*,#10804,.F.);
#10804 = EDGE_CURVE('',#10805,#10805,#10807,.T.);
#10805 = VERTEX_POINT('',#10806);
#10806 = CARTESIAN_POINT('',(289.75,192.5,581.));
#10807 = CIRCLE('',#10808,2.25);
#10808 = AXIS2_PLACEMENT_3D('',#10809,#10810,#10811);
#10809 = CARTESIAN_POINT('',(287.5,192.5,581.));
#10810 = DIRECTION('',(0.,0.,1.));
#10811 = DIRECTION('',(1.,0.,0.));
#10812 = FACE_BOUND('',#10813,.T.);
#10813 = EDGE_LOOP('',(#10814));
#10814 = ORIENTED_EDGE('',*,*,#10815,.F.);
#10815 = EDGE_CURVE('',#10816,#10816,#10818,.T.);
#10816 = VERTEX_POINT('',#10817);
#10817 = CARTESIAN_POINT('',(414.75,192.5,581.));
#10818 = CIRCLE('',#10819,2.25);
#10819 = AXIS2_PLACEMENT_3D('',#10820,#10821,#10822);
#10820 = CARTESIAN_POINT('',(412.5,192.5,581.));
#10821 = DIRECTION('',(0.,0.,1.));
#10822 = DIRECTION('',(1.,0.,0.));
#10823 = FACE_BOUND('',#10824,.T.);
#10824 = EDGE_LOOP('',(#10825));
#10825 = ORIENTED_EDGE('',*,*,#10826,.F.);
#10826 = EDGE_CURVE('',#10827,#10827,#10829,.T.);
#10827 = VERTEX_POINT('',#10828);
#10828 = CARTESIAN_POINT('',(289.75,317.5,581.));
#10829 = CIRCLE('',#10830,2.25);
#10830 = AXIS2_PLACEMENT_3D('',#10831,#10832,#10833);
#10831 = CARTESIAN_POINT('',(287.5,317.5,581.));
#10832 = DIRECTION('',(0.,0.,1.));
#10833 = DIRECTION('',(1.,0.,0.));
#10834 = FACE_BOUND('',#10835,.T.);
#10835 = EDGE_LOOP('',(#10836));
#10836 = ORIENTED_EDGE('',*,*,#10837,.F.);
#10837 = EDGE_CURVE('',#10838,#10838,#10840,.T.);
#10838 = VERTEX_POINT('',#10839);
#10839 = CARTESIAN_POINT('',(417.1,255.,581.));
#10840 = CIRCLE('',#10841,67.1);
#10841 = AXIS2_PLACEMENT_3D('',#10842,#10843,#10844);
#10842 = CARTESIAN_POINT('',(350.,255.,581.));
#10843 = DIRECTION('',(0.,0.,1.));
#10844 = DIRECTION('',(1.,0.,0.));
#10845 = FACE_BOUND('',#10846,.T.);
#10846 = EDGE_LOOP('',(#10847));
#10847 = ORIENTED_EDGE('',*,*,#10848,.F.);
#10848 = EDGE_CURVE('',#10849,#10849,#10851,.T.);
#10849 = VERTEX_POINT('',#10850);
#10850 = CARTESIAN_POINT('',(414.75,317.5,581.));
#10851 = CIRCLE('',#10852,2.25);
#10852 = AXIS2_PLACEMENT_3D('',#10853,#10854,#10855);
#10853 = CARTESIAN_POINT('',(412.5,317.5,581.));
#10854 = DIRECTION('',(0.,0.,1.));
#10855 = DIRECTION('',(1.,0.,0.));
#10856 = PLANE('',#10857);
#10857 = AXIS2_PLACEMENT_3D('',#10858,#10859,#10860);
#10858 = CARTESIAN_POINT('',(280.,185.,581.));
#10859 = DIRECTION('',(0.,0.,1.));
#10860 = DIRECTION('',(1.,0.,0.));
#10861 = ADVANCED_FACE('',(#10862),#10880,.T.);
#10862 = FACE_BOUND('',#10863,.T.);
#10863 = EDGE_LOOP('',(#10864,#10872,#10873,#10874));
#10864 = ORIENTED_EDGE('',*,*,#10865,.F.);
#10865 = EDGE_CURVE('',#10726,#10866,#10868,.T.);
#10866 = VERTEX_POINT('',#10867);
#10867 = CARTESIAN_POINT('',(420.,325.,580.));
#10868 = LINE('',#10869,#10870);
#10869 = CARTESIAN_POINT('',(280.,325.,580.));
#10870 = VECTOR('',#10871,1.);
#10871 = DIRECTION('',(1.,0.,0.));
#10872 = ORIENTED_EDGE('',*,*,#10733,.T.);
#10873 = ORIENTED_EDGE('',*,*,#10796,.T.);
#10874 = ORIENTED_EDGE('',*,*,#10875,.F.);
#10875 = EDGE_CURVE('',#10866,#10789,#10876,.T.);
#10876 = LINE('',#10877,#10878);
#10877 = CARTESIAN_POINT('',(420.,325.,580.));
#10878 = VECTOR('',#10879,1.);
#10879 = DIRECTION('',(0.,0.,1.));
#10880 = PLANE('',#10881);
#10881 = AXIS2_PLACEMENT_3D('',#10882,#10883,#10884);
#10882 = CARTESIAN_POINT('',(280.,325.,580.));
#10883 = DIRECTION('',(0.,1.,0.));
#10884 = DIRECTION('',(0.,0.,1.));
#10885 = ADVANCED_FACE('',(#10886,#10897,#10908,#10919,#10930,#10941),
  #10952,.F.);
#10886 = FACE_BOUND('',#10887,.F.);
#10887 = EDGE_LOOP('',(#10888,#10889,#10890,#10896));
#10888 = ORIENTED_EDGE('',*,*,#10725,.F.);
#10889 = ORIENTED_EDGE('',*,*,#10755,.T.);
#10890 = ORIENTED_EDGE('',*,*,#10891,.T.);
#10891 = EDGE_CURVE('',#10756,#10866,#10892,.T.);
#10892 = LINE('',#10893,#10894);
#10893 = CARTESIAN_POINT('',(420.,185.,580.));
#10894 = VECTOR('',#10895,1.);
#10895 = DIRECTION('',(0.,1.,0.));
#10896 = ORIENTED_EDGE('',*,*,#10865,.F.);
#10897 = FACE_BOUND('',#10898,.F.);
#10898 = EDGE_LOOP('',(#10899));
#10899 = ORIENTED_EDGE('',*,*,#10900,.F.);
#10900 = EDGE_CURVE('',#10901,#10901,#10903,.T.);
#10901 = VERTEX_POINT('',#10902);
#10902 = CARTESIAN_POINT('',(289.75,192.5,580.));
#10903 = CIRCLE('',#10904,2.25);
#10904 = AXIS2_PLACEMENT_3D('',#10905,#10906,#10907);
#10905 = CARTESIAN_POINT('',(287.5,192.5,580.));
#10906 = DIRECTION('',(0.,0.,1.));
#10907 = DIRECTION('',(1.,0.,0.));
#10908 = FACE_BOUND('',#10909,.F.);
#10909 = EDGE_LOOP('',(#10910));
#10910 = ORIENTED_EDGE('',*,*,#10911,.F.);
#10911 = EDGE_CURVE('',#10912,#10912,#10914,.T.);
#10912 = VERTEX_POINT('',#10913);
#10913 = CARTESIAN_POINT('',(414.75,192.5,580.));
#10914 = CIRCLE('',#10915,2.25);
#10915 = AXIS2_PLACEMENT_3D('',#10916,#10917,#10918);
#10916 = CARTESIAN_POINT('',(412.5,192.5,580.));
#10917 = DIRECTION('',(0.,0.,1.));
#10918 = DIRECTION('',(1.,0.,0.));
#10919 = FACE_BOUND('',#10920,.F.);
#10920 = EDGE_LOOP('',(#10921));
#10921 = ORIENTED_EDGE('',*,*,#10922,.F.);
#10922 = EDGE_CURVE('',#10923,#10923,#10925,.T.);
#10923 = VERTEX_POINT('',#10924);
#10924 = CARTESIAN_POINT('',(289.75,317.5,580.));
#10925 = CIRCLE('',#10926,2.25);
#10926 = AXIS2_PLACEMENT_3D('',#10927,#10928,#10929);
#10927 = CARTESIAN_POINT('',(287.5,317.5,580.));
#10928 = DIRECTION('',(0.,0.,1.));
#10929 = DIRECTION('',(1.,0.,0.));
#10930 = FACE_BOUND('',#10931,.F.);
#10931 = EDGE_LOOP('',(#10932));
#10932 = ORIENTED_EDGE('',*,*,#10933,.F.);
#10933 = EDGE_CURVE('',#10934,#10934,#10936,.T.);
#10934 = VERTEX_POINT('',#10935);
#10935 = CARTESIAN_POINT('',(417.1,255.,580.));
#10936 = CIRCLE('',#10937,67.1);
#10937 = AXIS2_PLACEMENT_3D('',#10938,#10939,#10940);
#10938 = CARTESIAN_POINT('',(350.,255.,580.));
#10939 = DIRECTION('',(0.,0.,1.));
#10940 = DIRECTION('',(1.,0.,0.));
#10941 = FACE_BOUND('',#10942,.F.);
#10942 = EDGE_LOOP('',(#10943));
#10943 = ORIENTED_EDGE('',*,*,#10944,.F.);
#10944 = EDGE_CURVE('',#10945,#10945,#10947,.T.);
#10945 = VERTEX_POINT('',#10946);
#10946 = CARTESIAN_POINT('',(414.75,317.5,580.));
#10947 = CIRCLE('',#10948,2.25);
#10948 = AXIS2_PLACEMENT_3D('',#10949,#10950,#10951);
#10949 = CARTESIAN_POINT('',(412.5,317.5,580.));
#10950 = DIRECTION('',(0.,0.,1.));
#10951 = DIRECTION('',(1.,0.,0.));
#10952 = PLANE('',#10953);
#10953 = AXIS2_PLACEMENT_3D('',#10954,#10955,#10956);
#10954 = CARTESIAN_POINT('',(280.,185.,580.));
#10955 = DIRECTION('',(0.,0.,1.));
#10956 = DIRECTION('',(1.,0.,0.));
#10957 = ADVANCED_FACE('',(#10958),#10964,.T.);
#10958 = FACE_BOUND('',#10959,.T.);
#10959 = EDGE_LOOP('',(#10960,#10961,#10962,#10963));
#10960 = ORIENTED_EDGE('',*,*,#10772,.F.);
#10961 = ORIENTED_EDGE('',*,*,#10891,.T.);
#10962 = ORIENTED_EDGE('',*,*,#10875,.T.);
#10963 = ORIENTED_EDGE('',*,*,#10788,.F.);
#10964 = PLANE('',#10965);
#10965 = AXIS2_PLACEMENT_3D('',#10966,#10967,#10968);
#10966 = CARTESIAN_POINT('',(420.,185.,580.));
#10967 = DIRECTION('',(1.,0.,0.));
#10968 = DIRECTION('',(0.,0.,1.));
#10969 = ADVANCED_FACE('',(#10970),#10981,.F.);
#10970 = FACE_BOUND('',#10971,.F.);
#10971 = EDGE_LOOP('',(#10972,#10973,#10979,#10980));
#10972 = ORIENTED_EDGE('',*,*,#10804,.F.);
#10973 = ORIENTED_EDGE('',*,*,#10974,.F.);
#10974 = EDGE_CURVE('',#10901,#10805,#10975,.T.);
#10975 = LINE('',#10976,#10977);
#10976 = CARTESIAN_POINT('',(289.75,192.5,579.));
#10977 = VECTOR('',#10978,1.);
#10978 = DIRECTION('',(0.,0.,1.));
#10979 = ORIENTED_EDGE('',*,*,#10900,.T.);
#10980 = ORIENTED_EDGE('',*,*,#10974,.T.);
#10981 = CYLINDRICAL_SURFACE('',#10982,2.25);
#10982 = AXIS2_PLACEMENT_3D('',#10983,#10984,#10985);
#10983 = CARTESIAN_POINT('',(287.5,192.5,579.));
#10984 = DIRECTION('',(0.,0.,1.));
#10985 = DIRECTION('',(1.,0.,0.));
#10986 = ADVANCED_FACE('',(#10987),#10998,.F.);
#10987 = FACE_BOUND('',#10988,.F.);
#10988 = EDGE_LOOP('',(#10989,#10990,#10996,#10997));
#10989 = ORIENTED_EDGE('',*,*,#10815,.F.);
#10990 = ORIENTED_EDGE('',*,*,#10991,.F.);
#10991 = EDGE_CURVE('',#10912,#10816,#10992,.T.);
#10992 = LINE('',#10993,#10994);
#10993 = CARTESIAN_POINT('',(414.75,192.5,579.));
#10994 = VECTOR('',#10995,1.);
#10995 = DIRECTION('',(0.,0.,1.));
#10996 = ORIENTED_EDGE('',*,*,#10911,.T.);
#10997 = ORIENTED_EDGE('',*,*,#10991,.T.);
#10998 = CYLINDRICAL_SURFACE('',#10999,2.25);
#10999 = AXIS2_PLACEMENT_3D('',#11000,#11001,#11002);
#11000 = CARTESIAN_POINT('',(412.5,192.5,579.));
#11001 = DIRECTION('',(0.,0.,1.));
#11002 = DIRECTION('',(1.,0.,0.));
#11003 = ADVANCED_FACE('',(#11004),#11015,.F.);
#11004 = FACE_BOUND('',#11005,.F.);
#11005 = EDGE_LOOP('',(#11006,#11007,#11013,#11014));
#11006 = ORIENTED_EDGE('',*,*,#10826,.F.);
#11007 = ORIENTED_EDGE('',*,*,#11008,.F.);
#11008 = EDGE_CURVE('',#10923,#10827,#11009,.T.);
#11009 = LINE('',#11010,#11011);
#11010 = CARTESIAN_POINT('',(289.75,317.5,579.));
#11011 = VECTOR('',#11012,1.);
#11012 = DIRECTION('',(0.,0.,1.));
#11013 = ORIENTED_EDGE('',*,*,#10922,.T.);
#11014 = ORIENTED_EDGE('',*,*,#11008,.T.);
#11015 = CYLINDRICAL_SURFACE('',#11016,2.25);
#11016 = AXIS2_PLACEMENT_3D('',#11017,#11018,#11019);
#11017 = CARTESIAN_POINT('',(287.5,317.5,579.));
#11018 = DIRECTION('',(0.,0.,1.));
#11019 = DIRECTION('',(1.,0.,0.));
#11020 = ADVANCED_FACE('',(#11021),#11032,.F.);
#11021 = FACE_BOUND('',#11022,.F.);
#11022 = EDGE_LOOP('',(#11023,#11024,#11030,#11031));
#11023 = ORIENTED_EDGE('',*,*,#10837,.F.);
#11024 = ORIENTED_EDGE('',*,*,#11025,.F.);
#11025 = EDGE_CURVE('',#10934,#10838,#11026,.T.);
#11026 = LINE('',#11027,#11028);
#11027 = CARTESIAN_POINT('',(417.1,255.,579.));
#11028 = VECTOR('',#11029,1.);
#11029 = DIRECTION('',(0.,0.,1.));
#11030 = ORIENTED_EDGE('',*,*,#10933,.T.);
#11031 = ORIENTED_EDGE('',*,*,#11025,.T.);
#11032 = CYLINDRICAL_SURFACE('',#11033,67.1);
#11033 = AXIS2_PLACEMENT_3D('',#11034,#11035,#11036);
#11034 = CARTESIAN_POINT('',(350.,255.,579.));
#11035 = DIRECTION('',(0.,0.,1.));
#11036 = DIRECTION('',(1.,0.,0.));
#11037 = ADVANCED_FACE('',(#11038),#11049,.F.);
#11038 = FACE_BOUND('',#11039,.F.);
#11039 = EDGE_LOOP('',(#11040,#11041,#11047,#11048));
#11040 = ORIENTED_EDGE('',*,*,#10848,.F.);
#11041 = ORIENTED_EDGE('',*,*,#11042,.F.);
#11042 = EDGE_CURVE('',#10945,#10849,#11043,.T.);
#11043 = LINE('',#11044,#11045);
#11044 = CARTESIAN_POINT('',(414.75,317.5,579.));
#11045 = VECTOR('',#11046,1.);
#11046 = DIRECTION('',(0.,0.,1.));
#11047 = ORIENTED_EDGE('',*,*,#10944,.T.);
#11048 = ORIENTED_EDGE('',*,*,#11042,.T.);
#11049 = CYLINDRICAL_SURFACE('',#11050,2.25);
#11050 = AXIS2_PLACEMENT_3D('',#11051,#11052,#11053);
#11051 = CARTESIAN_POINT('',(412.5,317.5,579.));
#11052 = DIRECTION('',(0.,0.,1.));
#11053 = DIRECTION('',(1.,0.,0.));
#11054 = MANIFOLD_SOLID_BREP('',#11055);
#11055 = CLOSED_SHELL('',(#11056,#11328,#11360,#11369,#11393,#11418,
    #11427,#11444,#11475,#11499,#11523,#11540,#11571,#11595,#11619,
    #11636,#11667,#11691,#11715,#11732,#11763,#11787,#11811,#11828,
    #11859,#11883,#11907,#11924,#11936,#11948,#11960,#11972,#11984));
#11056 = ADVANCED_FACE('',(#11057,#11143,#11179,#11215,#11251,#11287),
  #11323,.T.);
#11057 = FACE_BOUND('',#11058,.T.);
#11058 = EDGE_LOOP('',(#11059,#11070,#11078,#11087,#11095,#11102,#11103,
    #11112,#11120,#11127,#11135,#11142));
#11059 = ORIENTED_EDGE('',*,*,#11060,.F.);
#11060 = EDGE_CURVE('',#11061,#11063,#11065,.T.);
#11061 = VERTEX_POINT('',#11062);
#11062 = CARTESIAN_POINT('',(371.42428528562,250.,590.));
#11063 = VERTEX_POINT('',#11064);
#11064 = CARTESIAN_POINT('',(372.,255.,590.));
#11065 = CIRCLE('',#11066,22.);
#11066 = AXIS2_PLACEMENT_3D('',#11067,#11068,#11069);
#11067 = CARTESIAN_POINT('',(350.,255.,590.));
#11068 = DIRECTION('',(0.,0.,1.));
#11069 = DIRECTION('',(1.,0.,0.));
#11070 = ORIENTED_EDGE('',*,*,#11071,.T.);
#11071 = EDGE_CURVE('',#11061,#11072,#11074,.T.);
#11072 = VERTEX_POINT('',#11073);
#11073 = CARTESIAN_POINT('',(371.42428528562,250.,593.));
#11074 = LINE('',#11075,#11076);
#11075 = CARTESIAN_POINT('',(371.42428528562,250.,588.));
#11076 = VECTOR('',#11077,1.);
#11077 = DIRECTION('',(0.,0.,1.));
#11078 = ORIENTED_EDGE('',*,*,#11079,.T.);
#11079 = EDGE_CURVE('',#11072,#11080,#11082,.T.);
#11080 = VERTEX_POINT('',#11081);
#11081 = CARTESIAN_POINT('',(372.,255.,593.));
#11082 = CIRCLE('',#11083,22.);
#11083 = AXIS2_PLACEMENT_3D('',#11084,#11085,#11086);
#11084 = CARTESIAN_POINT('',(350.,255.,593.));
#11085 = DIRECTION('',(0.,0.,1.));
#11086 = DIRECTION('',(1.,0.,0.));
#11087 = ORIENTED_EDGE('',*,*,#11088,.T.);
#11088 = EDGE_CURVE('',#11080,#11089,#11091,.T.);
#11089 = VERTEX_POINT('',#11090);
#11090 = CARTESIAN_POINT('',(372.,255.,600.));
#11091 = LINE('',#11092,#11093);
#11092 = CARTESIAN_POINT('',(372.,255.,588.));
#11093 = VECTOR('',#11094,1.);
#11094 = DIRECTION('',(0.,0.,1.));
#11095 = ORIENTED_EDGE('',*,*,#11096,.F.);
#11096 = EDGE_CURVE('',#11089,#11089,#11097,.T.);
#11097 = CIRCLE('',#11098,22.);
#11098 = AXIS2_PLACEMENT_3D('',#11099,#11100,#11101);
#11099 = CARTESIAN_POINT('',(350.,255.,600.));
#11100 = DIRECTION('',(0.,0.,1.));
#11101 = DIRECTION('',(1.,0.,0.));
#11102 = ORIENTED_EDGE('',*,*,#11088,.F.);
#11103 = ORIENTED_EDGE('',*,*,#11104,.T.);
#11104 = EDGE_CURVE('',#11080,#11105,#11107,.T.);
#11105 = VERTEX_POINT('',#11106);
#11106 = CARTESIAN_POINT('',(371.42428528562,260.,593.));
#11107 = CIRCLE('',#11108,22.);
#11108 = AXIS2_PLACEMENT_3D('',#11109,#11110,#11111);
#11109 = CARTESIAN_POINT('',(350.,255.,593.));
#11110 = DIRECTION('',(0.,0.,1.));
#11111 = DIRECTION('',(1.,0.,0.));
#11112 = ORIENTED_EDGE('',*,*,#11113,.F.);
#11113 = EDGE_CURVE('',#11114,#11105,#11116,.T.);
#11114 = VERTEX_POINT('',#11115);
#11115 = CARTESIAN_POINT('',(371.42428528562,260.,590.));
#11116 = LINE('',#11117,#11118);
#11117 = CARTESIAN_POINT('',(371.42428528562,260.,588.));
#11118 = VECTOR('',#11119,1.);
#11119 = DIRECTION('',(0.,0.,1.));
#11120 = ORIENTED_EDGE('',*,*,#11121,.F.);
#11121 = EDGE_CURVE('',#11063,#11114,#11122,.T.);
#11122 = CIRCLE('',#11123,22.);
#11123 = AXIS2_PLACEMENT_3D('',#11124,#11125,#11126);
#11124 = CARTESIAN_POINT('',(350.,255.,590.));
#11125 = DIRECTION('',(0.,0.,1.));
#11126 = DIRECTION('',(1.,0.,0.));
#11127 = ORIENTED_EDGE('',*,*,#11128,.F.);
#11128 = EDGE_CURVE('',#11129,#11063,#11131,.T.);
#11129 = VERTEX_POINT('',#11130);
#11130 = CARTESIAN_POINT('',(372.,255.,588.));
#11131 = LINE('',#11132,#11133);
#11132 = CARTESIAN_POINT('',(372.,255.,588.));
#11133 = VECTOR('',#11134,1.);
#11134 = DIRECTION('',(0.,0.,1.));
#11135 = ORIENTED_EDGE('',*,*,#11136,.T.);
#11136 = EDGE_CURVE('',#11129,#11129,#11137,.T.);
#11137 = CIRCLE('',#11138,22.);
#11138 = AXIS2_PLACEMENT_3D('',#11139,#11140,#11141);
#11139 = CARTESIAN_POINT('',(350.,255.,588.));
#11140 = DIRECTION('',(0.,0.,1.));
#11141 = DIRECTION('',(1.,0.,0.));
#11142 = ORIENTED_EDGE('',*,*,#11128,.T.);
#11143 = FACE_BOUND('',#11144,.T.);
#11144 = EDGE_LOOP('',(#11145,#11156,#11164,#11173));
#11145 = ORIENTED_EDGE('',*,*,#11146,.F.);
#11146 = EDGE_CURVE('',#11147,#11149,#11151,.T.);
#11147 = VERTEX_POINT('',#11148);
#11148 = CARTESIAN_POINT('',(365.04226966173,271.05397531528,590.));
#11149 = VERTEX_POINT('',#11150);
#11150 = CARTESIAN_POINT('',(356.38201562389,276.05397531528,590.));
#11151 = CIRCLE('',#11152,22.);
#11152 = AXIS2_PLACEMENT_3D('',#11153,#11154,#11155);
#11153 = CARTESIAN_POINT('',(350.,255.,590.));
#11154 = DIRECTION('',(0.,0.,1.));
#11155 = DIRECTION('',(1.,0.,0.));
#11156 = ORIENTED_EDGE('',*,*,#11157,.T.);
#11157 = EDGE_CURVE('',#11147,#11158,#11160,.T.);
#11158 = VERTEX_POINT('',#11159);
#11159 = CARTESIAN_POINT('',(365.04226966173,271.05397531528,593.));
#11160 = LINE('',#11161,#11162);
#11161 = CARTESIAN_POINT('',(365.04226966173,271.05397531527,588.));
#11162 = VECTOR('',#11163,1.);
#11163 = DIRECTION('',(0.,0.,1.));
#11164 = ORIENTED_EDGE('',*,*,#11165,.T.);
#11165 = EDGE_CURVE('',#11158,#11166,#11168,.T.);
#11166 = VERTEX_POINT('',#11167);
#11167 = CARTESIAN_POINT('',(356.38201562389,276.05397531528,593.));
#11168 = CIRCLE('',#11169,22.);
#11169 = AXIS2_PLACEMENT_3D('',#11170,#11171,#11172);
#11170 = CARTESIAN_POINT('',(350.,255.,593.));
#11171 = DIRECTION('',(0.,0.,1.));
#11172 = DIRECTION('',(1.,0.,0.));
#11173 = ORIENTED_EDGE('',*,*,#11174,.F.);
#11174 = EDGE_CURVE('',#11149,#11166,#11175,.T.);
#11175 = LINE('',#11176,#11177);
#11176 = CARTESIAN_POINT('',(356.38201562389,276.05397531528,588.));
#11177 = VECTOR('',#11178,1.);
#11178 = DIRECTION('',(0.,0.,1.));
#11179 = FACE_BOUND('',#11180,.T.);
#11180 = EDGE_LOOP('',(#11181,#11192,#11200,#11209));
#11181 = ORIENTED_EDGE('',*,*,#11182,.F.);
#11182 = EDGE_CURVE('',#11183,#11185,#11187,.T.);
#11183 = VERTEX_POINT('',#11184);
#11184 = CARTESIAN_POINT('',(343.6179843761,276.05397531528,590.));
#11185 = VERTEX_POINT('',#11186);
#11186 = CARTESIAN_POINT('',(334.95773033826,271.05397531528,590.));
#11187 = CIRCLE('',#11188,22.);
#11188 = AXIS2_PLACEMENT_3D('',#11189,#11190,#11191);
#11189 = CARTESIAN_POINT('',(350.,255.,590.));
#11190 = DIRECTION('',(0.,0.,1.));
#11191 = DIRECTION('',(1.,0.,0.));
#11192 = ORIENTED_EDGE('',*,*,#11193,.T.);
#11193 = EDGE_CURVE('',#11183,#11194,#11196,.T.);
#11194 = VERTEX_POINT('',#11195);
#11195 = CARTESIAN_POINT('',(343.6179843761,276.05397531528,593.));
#11196 = LINE('',#11197,#11198);
#11197 = CARTESIAN_POINT('',(343.6179843761,276.05397531527,588.));
#11198 = VECTOR('',#11199,1.);
#11199 = DIRECTION('',(0.,0.,1.));
#11200 = ORIENTED_EDGE('',*,*,#11201,.T.);
#11201 = EDGE_CURVE('',#11194,#11202,#11204,.T.);
#11202 = VERTEX_POINT('',#11203);
#11203 = CARTESIAN_POINT('',(334.95773033826,271.05397531528,593.));
#11204 = CIRCLE('',#11205,22.);
#11205 = AXIS2_PLACEMENT_3D('',#11206,#11207,#11208);
#11206 = CARTESIAN_POINT('',(350.,255.,593.));
#11207 = DIRECTION('',(0.,0.,1.));
#11208 = DIRECTION('',(1.,0.,0.));
#11209 = ORIENTED_EDGE('',*,*,#11210,.F.);
#11210 = EDGE_CURVE('',#11185,#11202,#11211,.T.);
#11211 = LINE('',#11212,#11213);
#11212 = CARTESIAN_POINT('',(334.95773033826,271.05397531527,588.));
#11213 = VECTOR('',#11214,1.);
#11214 = DIRECTION('',(0.,0.,1.));
#11215 = FACE_BOUND('',#11216,.T.);
#11216 = EDGE_LOOP('',(#11217,#11228,#11236,#11245));
#11217 = ORIENTED_EDGE('',*,*,#11218,.F.);
#11218 = EDGE_CURVE('',#11219,#11221,#11223,.T.);
#11219 = VERTEX_POINT('',#11220);
#11220 = CARTESIAN_POINT('',(328.57571471437,260.,590.));
#11221 = VERTEX_POINT('',#11222);
#11222 = CARTESIAN_POINT('',(328.57571471437,250.,590.));
#11223 = CIRCLE('',#11224,22.);
#11224 = AXIS2_PLACEMENT_3D('',#11225,#11226,#11227);
#11225 = CARTESIAN_POINT('',(350.,255.,590.));
#11226 = DIRECTION('',(0.,0.,1.));
#11227 = DIRECTION('',(1.,0.,0.));
#11228 = ORIENTED_EDGE('',*,*,#11229,.T.);
#11229 = EDGE_CURVE('',#11219,#11230,#11232,.T.);
#11230 = VERTEX_POINT('',#11231);
#11231 = CARTESIAN_POINT('',(328.57571471437,260.,593.));
#11232 = LINE('',#11233,#11234);
#11233 = CARTESIAN_POINT('',(328.57571471437,260.,588.));
#11234 = VECTOR('',#11235,1.);
#11235 = DIRECTION('',(0.,0.,1.));
#11236 = ORIENTED_EDGE('',*,*,#11237,.T.);
#11237 = EDGE_CURVE('',#11230,#11238,#11240,.T.);
#11238 = VERTEX_POINT('',#11239);
#11239 = CARTESIAN_POINT('',(328.57571471437,250.,593.));
#11240 = CIRCLE('',#11241,22.);
#11241 = AXIS2_PLACEMENT_3D('',#11242,#11243,#11244);
#11242 = CARTESIAN_POINT('',(350.,255.,593.));
#11243 = DIRECTION('',(0.,0.,1.));
#11244 = DIRECTION('',(1.,0.,0.));
#11245 = ORIENTED_EDGE('',*,*,#11246,.F.);
#11246 = EDGE_CURVE('',#11221,#11238,#11247,.T.);
#11247 = LINE('',#11248,#11249);
#11248 = CARTESIAN_POINT('',(328.57571471437,250.,588.));
#11249 = VECTOR('',#11250,1.);
#11250 = DIRECTION('',(0.,0.,1.));
#11251 = FACE_BOUND('',#11252,.T.);
#11252 = EDGE_LOOP('',(#11253,#11264,#11272,#11281));
#11253 = ORIENTED_EDGE('',*,*,#11254,.F.);
#11254 = EDGE_CURVE('',#11255,#11257,#11259,.T.);
#11255 = VERTEX_POINT('',#11256);
#11256 = CARTESIAN_POINT('',(334.95773033826,238.94602468471,590.));
#11257 = VERTEX_POINT('',#11258);
#11258 = CARTESIAN_POINT('',(343.6179843761,233.94602468472,590.));
#11259 = CIRCLE('',#11260,22.);
#11260 = AXIS2_PLACEMENT_3D('',#11261,#11262,#11263);
#11261 = CARTESIAN_POINT('',(350.,255.,590.));
#11262 = DIRECTION('',(0.,0.,1.));
#11263 = DIRECTION('',(1.,0.,0.));
#11264 = ORIENTED_EDGE('',*,*,#11265,.T.);
#11265 = EDGE_CURVE('',#11255,#11266,#11268,.T.);
#11266 = VERTEX_POINT('',#11267);
#11267 = CARTESIAN_POINT('',(334.95773033826,238.94602468471,593.));
#11268 = LINE('',#11269,#11270);
#11269 = CARTESIAN_POINT('',(334.95773033826,238.94602468472,588.));
#11270 = VECTOR('',#11271,1.);
#11271 = DIRECTION('',(0.,0.,1.));
#11272 = ORIENTED_EDGE('',*,*,#11273,.T.);
#11273 = EDGE_CURVE('',#11266,#11274,#11276,.T.);
#11274 = VERTEX_POINT('',#11275);
#11275 = CARTESIAN_POINT('',(343.6179843761,233.94602468472,593.));
#11276 = CIRCLE('',#11277,22.);
#11277 = AXIS2_PLACEMENT_3D('',#11278,#11279,#11280);
#11278 = CARTESIAN_POINT('',(350.,255.,593.));
#11279 = DIRECTION('',(0.,0.,1.));
#11280 = DIRECTION('',(1.,0.,0.));
#11281 = ORIENTED_EDGE('',*,*,#11282,.F.);
#11282 = EDGE_CURVE('',#11257,#11274,#11283,.T.);
#11283 = LINE('',#11284,#11285);
#11284 = CARTESIAN_POINT('',(343.6179843761,233.94602468472,588.));
#11285 = VECTOR('',#11286,1.);
#11286 = DIRECTION('',(0.,0.,1.));
#11287 = FACE_BOUND('',#11288,.T.);
#11288 = EDGE_LOOP('',(#11289,#11300,#11308,#11317));
#11289 = ORIENTED_EDGE('',*,*,#11290,.F.);
#11290 = EDGE_CURVE('',#11291,#11293,#11295,.T.);
#11291 = VERTEX_POINT('',#11292);
#11292 = CARTESIAN_POINT('',(356.38201562389,233.94602468472,590.));
#11293 = VERTEX_POINT('',#11294);
#11294 = CARTESIAN_POINT('',(365.04226966173,238.94602468472,590.));
#11295 = CIRCLE('',#11296,22.);
#11296 = AXIS2_PLACEMENT_3D('',#11297,#11298,#11299);
#11297 = CARTESIAN_POINT('',(350.,255.,590.));
#11298 = DIRECTION('',(0.,0.,1.));
#11299 = DIRECTION('',(1.,0.,0.));
#11300 = ORIENTED_EDGE('',*,*,#11301,.T.);
#11301 = EDGE_CURVE('',#11291,#11302,#11304,.T.);
#11302 = VERTEX_POINT('',#11303);
#11303 = CARTESIAN_POINT('',(356.38201562389,233.94602468472,593.));
#11304 = LINE('',#11305,#11306);
#11305 = CARTESIAN_POINT('',(356.38201562389,233.94602468472,588.));
#11306 = VECTOR('',#11307,1.);
#11307 = DIRECTION('',(0.,0.,1.));
#11308 = ORIENTED_EDGE('',*,*,#11309,.T.);
#11309 = EDGE_CURVE('',#11302,#11310,#11312,.T.);
#11310 = VERTEX_POINT('',#11311);
#11311 = CARTESIAN_POINT('',(365.04226966173,238.94602468472,593.));
#11312 = CIRCLE('',#11313,22.);
#11313 = AXIS2_PLACEMENT_3D('',#11314,#11315,#11316);
#11314 = CARTESIAN_POINT('',(350.,255.,593.));
#11315 = DIRECTION('',(0.,0.,1.));
#11316 = DIRECTION('',(1.,0.,0.));
#11317 = ORIENTED_EDGE('',*,*,#11318,.F.);
#11318 = EDGE_CURVE('',#11293,#11310,#11319,.T.);
#11319 = LINE('',#11320,#11321);
#11320 = CARTESIAN_POINT('',(365.04226966173,238.94602468472,588.));
#11321 = VECTOR('',#11322,1.);
#11322 = DIRECTION('',(0.,0.,1.));
#11323 = CYLINDRICAL_SURFACE('',#11324,22.);
#11324 = AXIS2_PLACEMENT_3D('',#11325,#11326,#11327);
#11325 = CARTESIAN_POINT('',(350.,255.,588.));
#11326 = DIRECTION('',(0.,0.,1.));
#11327 = DIRECTION('',(1.,0.,0.));
#11328 = ADVANCED_FACE('',(#11329),#11355,.F.);
#11329 = FACE_BOUND('',#11330,.F.);
#11330 = EDGE_LOOP('',(#11331,#11339,#11340,#11341,#11349));
#11331 = ORIENTED_EDGE('',*,*,#11332,.F.);
#11332 = EDGE_CURVE('',#11114,#11333,#11335,.T.);
#11333 = VERTEX_POINT('',#11334);
#11334 = CARTESIAN_POINT('',(412.,260.,590.));
#11335 = LINE('',#11336,#11337);
#11336 = CARTESIAN_POINT('',(365.,260.,590.));
#11337 = VECTOR('',#11338,1.);
#11338 = DIRECTION('',(1.,0.,0.));
#11339 = ORIENTED_EDGE('',*,*,#11121,.F.);
#11340 = ORIENTED_EDGE('',*,*,#11060,.F.);
#11341 = ORIENTED_EDGE('',*,*,#11342,.T.);
#11342 = EDGE_CURVE('',#11061,#11343,#11345,.T.);
#11343 = VERTEX_POINT('',#11344);
#11344 = CARTESIAN_POINT('',(412.,250.,590.));
#11345 = LINE('',#11346,#11347);
#11346 = CARTESIAN_POINT('',(365.,250.,590.));
#11347 = VECTOR('',#11348,1.);
#11348 = DIRECTION('',(1.,0.,0.));
#11349 = ORIENTED_EDGE('',*,*,#11350,.T.);
#11350 = EDGE_CURVE('',#11343,#11333,#11351,.T.);
#11351 = LINE('',#11352,#11353);
#11352 = CARTESIAN_POINT('',(412.,250.,590.));
#11353 = VECTOR('',#11354,1.);
#11354 = DIRECTION('',(0.,1.,0.));
#11355 = PLANE('',#11356);
#11356 = AXIS2_PLACEMENT_3D('',#11357,#11358,#11359);
#11357 = CARTESIAN_POINT('',(365.,250.,590.));
#11358 = DIRECTION('',(0.,0.,1.));
#11359 = DIRECTION('',(1.,0.,0.));
#11360 = ADVANCED_FACE('',(#11361),#11364,.F.);
#11361 = FACE_BOUND('',#11362,.T.);
#11362 = EDGE_LOOP('',(#11363));
#11363 = ORIENTED_EDGE('',*,*,#11136,.F.);
#11364 = PLANE('',#11365);
#11365 = AXIS2_PLACEMENT_3D('',#11366,#11367,#11368);
#11366 = CARTESIAN_POINT('',(350.,255.,588.));
#11367 = DIRECTION('',(0.,0.,1.));
#11368 = DIRECTION('',(1.,0.,0.));
#11369 = ADVANCED_FACE('',(#11370),#11388,.T.);
#11370 = FACE_BOUND('',#11371,.T.);
#11371 = EDGE_LOOP('',(#11372,#11373,#11374,#11382));
#11372 = ORIENTED_EDGE('',*,*,#11332,.F.);
#11373 = ORIENTED_EDGE('',*,*,#11113,.T.);
#11374 = ORIENTED_EDGE('',*,*,#11375,.T.);
#11375 = EDGE_CURVE('',#11105,#11376,#11378,.T.);
#11376 = VERTEX_POINT('',#11377);
#11377 = CARTESIAN_POINT('',(412.,260.,593.));
#11378 = LINE('',#11379,#11380);
#11379 = CARTESIAN_POINT('',(365.,260.,593.));
#11380 = VECTOR('',#11381,1.);
#11381 = DIRECTION('',(1.,0.,0.));
#11382 = ORIENTED_EDGE('',*,*,#11383,.F.);
#11383 = EDGE_CURVE('',#11333,#11376,#11384,.T.);
#11384 = LINE('',#11385,#11386);
#11385 = CARTESIAN_POINT('',(412.,260.,590.));
#11386 = VECTOR('',#11387,1.);
#11387 = DIRECTION('',(0.,0.,1.));
#11388 = PLANE('',#11389);
#11389 = AXIS2_PLACEMENT_3D('',#11390,#11391,#11392);
#11390 = CARTESIAN_POINT('',(365.,260.,590.));
#11391 = DIRECTION('',(0.,1.,0.));
#11392 = DIRECTION('',(0.,0.,1.));
#11393 = ADVANCED_FACE('',(#11394),#11413,.T.);
#11394 = FACE_BOUND('',#11395,.T.);
#11395 = EDGE_LOOP('',(#11396,#11397,#11398,#11399,#11407));
#11396 = ORIENTED_EDGE('',*,*,#11375,.F.);
#11397 = ORIENTED_EDGE('',*,*,#11104,.F.);
#11398 = ORIENTED_EDGE('',*,*,#11079,.F.);
#11399 = ORIENTED_EDGE('',*,*,#11400,.T.);
#11400 = EDGE_CURVE('',#11072,#11401,#11403,.T.);
#11401 = VERTEX_POINT('',#11402);
#11402 = CARTESIAN_POINT('',(412.,250.,593.));
#11403 = LINE('',#11404,#11405);
#11404 = CARTESIAN_POINT('',(365.,250.,593.));
#11405 = VECTOR('',#11406,1.);
#11406 = DIRECTION('',(1.,0.,0.));
#11407 = ORIENTED_EDGE('',*,*,#11408,.T.);
#11408 = EDGE_CURVE('',#11401,#11376,#11409,.T.);
#11409 = LINE('',#11410,#11411);
#11410 = CARTESIAN_POINT('',(412.,250.,593.));
#11411 = VECTOR('',#11412,1.);
#11412 = DIRECTION('',(0.,1.,0.));
#11413 = PLANE('',#11414);
#11414 = AXIS2_PLACEMENT_3D('',#11415,#11416,#11417);
#11415 = CARTESIAN_POINT('',(365.,250.,593.));
#11416 = DIRECTION('',(0.,0.,1.));
#11417 = DIRECTION('',(1.,0.,0.));
#11418 = ADVANCED_FACE('',(#11419),#11422,.T.);
#11419 = FACE_BOUND('',#11420,.T.);
#11420 = EDGE_LOOP('',(#11421));
#11421 = ORIENTED_EDGE('',*,*,#11096,.T.);
#11422 = PLANE('',#11423);
#11423 = AXIS2_PLACEMENT_3D('',#11424,#11425,#11426);
#11424 = CARTESIAN_POINT('',(350.,255.,600.));
#11425 = DIRECTION('',(0.,0.,1.));
#11426 = DIRECTION('',(1.,0.,0.));
#11427 = ADVANCED_FACE('',(#11428),#11439,.F.);
#11428 = FACE_BOUND('',#11429,.F.);
#11429 = EDGE_LOOP('',(#11430,#11431,#11432,#11433));
#11430 = ORIENTED_EDGE('',*,*,#11342,.F.);
#11431 = ORIENTED_EDGE('',*,*,#11071,.T.);
#11432 = ORIENTED_EDGE('',*,*,#11400,.T.);
#11433 = ORIENTED_EDGE('',*,*,#11434,.F.);
#11434 = EDGE_CURVE('',#11343,#11401,#11435,.T.);
#11435 = LINE('',#11436,#11437);
#11436 = CARTESIAN_POINT('',(412.,250.,590.));
#11437 = VECTOR('',#11438,1.);
#11438 = DIRECTION('',(0.,0.,1.));
#11439 = PLANE('',#11440);
#11440 = AXIS2_PLACEMENT_3D('',#11441,#11442,#11443);
#11441 = CARTESIAN_POINT('',(365.,250.,590.));
#11442 = DIRECTION('',(0.,1.,0.));
#11443 = DIRECTION('',(0.,0.,1.));
#11444 = ADVANCED_FACE('',(#11445),#11470,.F.);
#11445 = FACE_BOUND('',#11446,.F.);
#11446 = EDGE_LOOP('',(#11447,#11455,#11456,#11464));
#11447 = ORIENTED_EDGE('',*,*,#11448,.F.);
#11448 = EDGE_CURVE('',#11149,#11449,#11451,.T.);
#11449 = VERTEX_POINT('',#11450);
#11450 = CARTESIAN_POINT('',(376.66987298107,311.19357503463,590.));
#11451 = LINE('',#11452,#11453);
#11452 = CARTESIAN_POINT('',(353.16987298107,270.49038105676,590.));
#11453 = VECTOR('',#11454,1.);
#11454 = DIRECTION('',(0.5,0.866025403784,0.));
#11455 = ORIENTED_EDGE('',*,*,#11146,.F.);
#11456 = ORIENTED_EDGE('',*,*,#11457,.T.);
#11457 = EDGE_CURVE('',#11147,#11458,#11460,.T.);
#11458 = VERTEX_POINT('',#11459);
#11459 = CARTESIAN_POINT('',(385.33012701892,306.19357503463,590.));
#11460 = LINE('',#11461,#11462);
#11461 = CARTESIAN_POINT('',(361.83012701892,265.49038105676,590.));
#11462 = VECTOR('',#11463,1.);
#11463 = DIRECTION('',(0.5,0.866025403784,0.));
#11464 = ORIENTED_EDGE('',*,*,#11465,.T.);
#11465 = EDGE_CURVE('',#11458,#11449,#11466,.T.);
#11466 = LINE('',#11467,#11468);
#11467 = CARTESIAN_POINT('',(385.33012701892,306.19357503463,590.));
#11468 = VECTOR('',#11469,1.);
#11469 = DIRECTION('',(-0.866025403784,0.5,0.));
#11470 = PLANE('',#11471);
#11471 = AXIS2_PLACEMENT_3D('',#11472,#11473,#11474);
#11472 = CARTESIAN_POINT('',(361.83012701892,265.49038105676,590.));
#11473 = DIRECTION('',(0.,0.,1.));
#11474 = DIRECTION('',(0.5,0.866025403784,0.));
#11475 = ADVANCED_FACE('',(#11476),#11494,.F.);
#11476 = FACE_BOUND('',#11477,.F.);
#11477 = EDGE_LOOP('',(#11478,#11479,#11480,#11488));
#11478 = ORIENTED_EDGE('',*,*,#11457,.F.);
#11479 = ORIENTED_EDGE('',*,*,#11157,.T.);
#11480 = ORIENTED_EDGE('',*,*,#11481,.T.);
#11481 = EDGE_CURVE('',#11158,#11482,#11484,.T.);
#11482 = VERTEX_POINT('',#11483);
#11483 = CARTESIAN_POINT('',(385.33012701892,306.19357503463,593.));
#11484 = LINE('',#11485,#11486);
#11485 = CARTESIAN_POINT('',(361.83012701892,265.49038105676,593.));
#11486 = VECTOR('',#11487,1.);
#11487 = DIRECTION('',(0.5,0.866025403784,0.));
#11488 = ORIENTED_EDGE('',*,*,#11489,.F.);
#11489 = EDGE_CURVE('',#11458,#11482,#11490,.T.);
#11490 = LINE('',#11491,#11492);
#11491 = CARTESIAN_POINT('',(385.33012701892,306.19357503463,590.));
#11492 = VECTOR('',#11493,1.);
#11493 = DIRECTION('',(0.,0.,1.));
#11494 = PLANE('',#11495);
#11495 = AXIS2_PLACEMENT_3D('',#11496,#11497,#11498);
#11496 = CARTESIAN_POINT('',(361.83012701892,265.49038105676,590.));
#11497 = DIRECTION('',(-0.866025403784,0.5,0.));
#11498 = DIRECTION('',(0.,0.,1.));
#11499 = ADVANCED_FACE('',(#11500),#11518,.T.);
#11500 = FACE_BOUND('',#11501,.T.);
#11501 = EDGE_LOOP('',(#11502,#11503,#11504,#11512));
#11502 = ORIENTED_EDGE('',*,*,#11448,.F.);
#11503 = ORIENTED_EDGE('',*,*,#11174,.T.);
#11504 = ORIENTED_EDGE('',*,*,#11505,.T.);
#11505 = EDGE_CURVE('',#11166,#11506,#11508,.T.);
#11506 = VERTEX_POINT('',#11507);
#11507 = CARTESIAN_POINT('',(376.66987298107,311.19357503463,593.));
#11508 = LINE('',#11509,#11510);
#11509 = CARTESIAN_POINT('',(353.16987298107,270.49038105676,593.));
#11510 = VECTOR('',#11511,1.);
#11511 = DIRECTION('',(0.5,0.866025403784,0.));
#11512 = ORIENTED_EDGE('',*,*,#11513,.F.);
#11513 = EDGE_CURVE('',#11449,#11506,#11514,.T.);
#11514 = LINE('',#11515,#11516);
#11515 = CARTESIAN_POINT('',(376.66987298107,311.19357503463,590.));
#11516 = VECTOR('',#11517,1.);
#11517 = DIRECTION('',(0.,0.,1.));
#11518 = PLANE('',#11519);
#11519 = AXIS2_PLACEMENT_3D('',#11520,#11521,#11522);
#11520 = CARTESIAN_POINT('',(353.16987298107,270.49038105676,590.));
#11521 = DIRECTION('',(-0.866025403784,0.5,0.));
#11522 = DIRECTION('',(0.,0.,1.));
#11523 = ADVANCED_FACE('',(#11524),#11535,.T.);
#11524 = FACE_BOUND('',#11525,.T.);
#11525 = EDGE_LOOP('',(#11526,#11527,#11528,#11529));
#11526 = ORIENTED_EDGE('',*,*,#11505,.F.);
#11527 = ORIENTED_EDGE('',*,*,#11165,.F.);
#11528 = ORIENTED_EDGE('',*,*,#11481,.T.);
#11529 = ORIENTED_EDGE('',*,*,#11530,.T.);
#11530 = EDGE_CURVE('',#11482,#11506,#11531,.T.);
#11531 = LINE('',#11532,#11533);
#11532 = CARTESIAN_POINT('',(385.33012701892,306.19357503463,593.));
#11533 = VECTOR('',#11534,1.);
#11534 = DIRECTION('',(-0.866025403784,0.5,0.));
#11535 = PLANE('',#11536);
#11536 = AXIS2_PLACEMENT_3D('',#11537,#11538,#11539);
#11537 = CARTESIAN_POINT('',(361.83012701892,265.49038105676,593.));
#11538 = DIRECTION('',(0.,0.,1.));
#11539 = DIRECTION('',(0.5,0.866025403784,0.));
#11540 = ADVANCED_FACE('',(#11541),#11566,.F.);
#11541 = FACE_BOUND('',#11542,.F.);
#11542 = EDGE_LOOP('',(#11543,#11551,#11552,#11560));
#11543 = ORIENTED_EDGE('',*,*,#11544,.F.);
#11544 = EDGE_CURVE('',#11185,#11545,#11547,.T.);
#11545 = VERTEX_POINT('',#11546);
#11546 = CARTESIAN_POINT('',(314.66987298107,306.19357503463,590.));
#11547 = LINE('',#11548,#11549);
#11548 = CARTESIAN_POINT('',(338.16987298107,265.49038105676,590.));
#11549 = VECTOR('',#11550,1.);
#11550 = DIRECTION('',(-0.5,0.866025403784,0.));
#11551 = ORIENTED_EDGE('',*,*,#11182,.F.);
#11552 = ORIENTED_EDGE('',*,*,#11553,.T.);
#11553 = EDGE_CURVE('',#11183,#11554,#11556,.T.);
#11554 = VERTEX_POINT('',#11555);
#11555 = CARTESIAN_POINT('',(323.33012701892,311.19357503463,590.));
#11556 = LINE('',#11557,#11558);
#11557 = CARTESIAN_POINT('',(346.83012701892,270.49038105676,590.));
#11558 = VECTOR('',#11559,1.);
#11559 = DIRECTION('',(-0.5,0.866025403784,0.));
#11560 = ORIENTED_EDGE('',*,*,#11561,.T.);
#11561 = EDGE_CURVE('',#11554,#11545,#11562,.T.);
#11562 = LINE('',#11563,#11564);
#11563 = CARTESIAN_POINT('',(323.33012701892,311.19357503463,590.));
#11564 = VECTOR('',#11565,1.);
#11565 = DIRECTION('',(-0.866025403784,-0.5,0.));
#11566 = PLANE('',#11567);
#11567 = AXIS2_PLACEMENT_3D('',#11568,#11569,#11570);
#11568 = CARTESIAN_POINT('',(346.83012701892,270.49038105676,590.));
#11569 = DIRECTION('',(0.,0.,1.));
#11570 = DIRECTION('',(-0.5,0.866025403784,0.));
#11571 = ADVANCED_FACE('',(#11572),#11590,.F.);
#11572 = FACE_BOUND('',#11573,.F.);
#11573 = EDGE_LOOP('',(#11574,#11575,#11576,#11584));
#11574 = ORIENTED_EDGE('',*,*,#11553,.F.);
#11575 = ORIENTED_EDGE('',*,*,#11193,.T.);
#11576 = ORIENTED_EDGE('',*,*,#11577,.T.);
#11577 = EDGE_CURVE('',#11194,#11578,#11580,.T.);
#11578 = VERTEX_POINT('',#11579);
#11579 = CARTESIAN_POINT('',(323.33012701892,311.19357503463,593.));
#11580 = LINE('',#11581,#11582);
#11581 = CARTESIAN_POINT('',(346.83012701892,270.49038105676,593.));
#11582 = VECTOR('',#11583,1.);
#11583 = DIRECTION('',(-0.5,0.866025403784,0.));
#11584 = ORIENTED_EDGE('',*,*,#11585,.F.);
#11585 = EDGE_CURVE('',#11554,#11578,#11586,.T.);
#11586 = LINE('',#11587,#11588);
#11587 = CARTESIAN_POINT('',(323.33012701892,311.19357503463,590.));
#11588 = VECTOR('',#11589,1.);
#11589 = DIRECTION('',(0.,0.,1.));
#11590 = PLANE('',#11591);
#11591 = AXIS2_PLACEMENT_3D('',#11592,#11593,#11594);
#11592 = CARTESIAN_POINT('',(346.83012701892,270.49038105676,590.));
#11593 = DIRECTION('',(-0.866025403784,-0.5,0.));
#11594 = DIRECTION('',(0.,0.,1.));
#11595 = ADVANCED_FACE('',(#11596),#11614,.T.);
#11596 = FACE_BOUND('',#11597,.T.);
#11597 = EDGE_LOOP('',(#11598,#11599,#11600,#11608));
#11598 = ORIENTED_EDGE('',*,*,#11544,.F.);
#11599 = ORIENTED_EDGE('',*,*,#11210,.T.);
#11600 = ORIENTED_EDGE('',*,*,#11601,.T.);
#11601 = EDGE_CURVE('',#11202,#11602,#11604,.T.);
#11602 = VERTEX_POINT('',#11603);
#11603 = CARTESIAN_POINT('',(314.66987298107,306.19357503463,593.));
#11604 = LINE('',#11605,#11606);
#11605 = CARTESIAN_POINT('',(338.16987298107,265.49038105676,593.));
#11606 = VECTOR('',#11607,1.);
#11607 = DIRECTION('',(-0.5,0.866025403784,0.));
#11608 = ORIENTED_EDGE('',*,*,#11609,.F.);
#11609 = EDGE_CURVE('',#11545,#11602,#11610,.T.);
#11610 = LINE('',#11611,#11612);
#11611 = CARTESIAN_POINT('',(314.66987298107,306.19357503463,590.));
#11612 = VECTOR('',#11613,1.);
#11613 = DIRECTION('',(0.,0.,1.));
#11614 = PLANE('',#11615);
#11615 = AXIS2_PLACEMENT_3D('',#11616,#11617,#11618);
#11616 = CARTESIAN_POINT('',(338.16987298107,265.49038105676,590.));
#11617 = DIRECTION('',(-0.866025403784,-0.5,0.));
#11618 = DIRECTION('',(0.,0.,1.));
#11619 = ADVANCED_FACE('',(#11620),#11631,.T.);
#11620 = FACE_BOUND('',#11621,.T.);
#11621 = EDGE_LOOP('',(#11622,#11623,#11624,#11625));
#11622 = ORIENTED_EDGE('',*,*,#11601,.F.);
#11623 = ORIENTED_EDGE('',*,*,#11201,.F.);
#11624 = ORIENTED_EDGE('',*,*,#11577,.T.);
#11625 = ORIENTED_EDGE('',*,*,#11626,.T.);
#11626 = EDGE_CURVE('',#11578,#11602,#11627,.T.);
#11627 = LINE('',#11628,#11629);
#11628 = CARTESIAN_POINT('',(323.33012701892,311.19357503463,593.));
#11629 = VECTOR('',#11630,1.);
#11630 = DIRECTION('',(-0.866025403784,-0.5,0.));
#11631 = PLANE('',#11632);
#11632 = AXIS2_PLACEMENT_3D('',#11633,#11634,#11635);
#11633 = CARTESIAN_POINT('',(346.83012701892,270.49038105676,593.));
#11634 = DIRECTION('',(0.,0.,1.));
#11635 = DIRECTION('',(-0.5,0.866025403784,0.));
#11636 = ADVANCED_FACE('',(#11637),#11662,.F.);
#11637 = FACE_BOUND('',#11638,.F.);
#11638 = EDGE_LOOP('',(#11639,#11647,#11648,#11656));
#11639 = ORIENTED_EDGE('',*,*,#11640,.F.);
#11640 = EDGE_CURVE('',#11221,#11641,#11643,.T.);
#11641 = VERTEX_POINT('',#11642);
#11642 = CARTESIAN_POINT('',(288.,250.,590.));
#11643 = LINE('',#11644,#11645);
#11644 = CARTESIAN_POINT('',(335.,250.,590.));
#11645 = VECTOR('',#11646,1.);
#11646 = DIRECTION('',(-1.,1.224646799147E-16,0.));
#11647 = ORIENTED_EDGE('',*,*,#11218,.F.);
#11648 = ORIENTED_EDGE('',*,*,#11649,.T.);
#11649 = EDGE_CURVE('',#11219,#11650,#11652,.T.);
#11650 = VERTEX_POINT('',#11651);
#11651 = CARTESIAN_POINT('',(288.,260.,590.));
#11652 = LINE('',#11653,#11654);
#11653 = CARTESIAN_POINT('',(335.,260.,590.));
#11654 = VECTOR('',#11655,1.);
#11655 = DIRECTION('',(-1.,1.224646799147E-16,0.));
#11656 = ORIENTED_EDGE('',*,*,#11657,.T.);
#11657 = EDGE_CURVE('',#11650,#11641,#11658,.T.);
#11658 = LINE('',#11659,#11660);
#11659 = CARTESIAN_POINT('',(288.,260.,590.));
#11660 = VECTOR('',#11661,1.);
#11661 = DIRECTION('',(-1.224646799147E-16,-1.,0.));
#11662 = PLANE('',#11663);
#11663 = AXIS2_PLACEMENT_3D('',#11664,#11665,#11666);
#11664 = CARTESIAN_POINT('',(335.,260.,590.));
#11665 = DIRECTION('',(0.,0.,1.));
#11666 = DIRECTION('',(-1.,1.224646799147E-16,0.));
#11667 = ADVANCED_FACE('',(#11668),#11686,.F.);
#11668 = FACE_BOUND('',#11669,.F.);
#11669 = EDGE_LOOP('',(#11670,#11671,#11672,#11680));
#11670 = ORIENTED_EDGE('',*,*,#11649,.F.);
#11671 = ORIENTED_EDGE('',*,*,#11229,.T.);
#11672 = ORIENTED_EDGE('',*,*,#11673,.T.);
#11673 = EDGE_CURVE('',#11230,#11674,#11676,.T.);
#11674 = VERTEX_POINT('',#11675);
#11675 = CARTESIAN_POINT('',(288.,260.,593.));
#11676 = LINE('',#11677,#11678);
#11677 = CARTESIAN_POINT('',(335.,260.,593.));
#11678 = VECTOR('',#11679,1.);
#11679 = DIRECTION('',(-1.,1.224646799147E-16,0.));
#11680 = ORIENTED_EDGE('',*,*,#11681,.F.);
#11681 = EDGE_CURVE('',#11650,#11674,#11682,.T.);
#11682 = LINE('',#11683,#11684);
#11683 = CARTESIAN_POINT('',(288.,260.,590.));
#11684 = VECTOR('',#11685,1.);
#11685 = DIRECTION('',(0.,0.,1.));
#11686 = PLANE('',#11687);
#11687 = AXIS2_PLACEMENT_3D('',#11688,#11689,#11690);
#11688 = CARTESIAN_POINT('',(335.,260.,590.));
#11689 = DIRECTION('',(-1.224646799147E-16,-1.,0.));
#11690 = DIRECTION('',(0.,0.,1.));
#11691 = ADVANCED_FACE('',(#11692),#11710,.T.);
#11692 = FACE_BOUND('',#11693,.T.);
#11693 = EDGE_LOOP('',(#11694,#11695,#11696,#11704));
#11694 = ORIENTED_EDGE('',*,*,#11640,.F.);
#11695 = ORIENTED_EDGE('',*,*,#11246,.T.);
#11696 = ORIENTED_EDGE('',*,*,#11697,.T.);
#11697 = EDGE_CURVE('',#11238,#11698,#11700,.T.);
#11698 = VERTEX_POINT('',#11699);
#11699 = CARTESIAN_POINT('',(288.,250.,593.));
#11700 = LINE('',#11701,#11702);
#11701 = CARTESIAN_POINT('',(335.,250.,593.));
#11702 = VECTOR('',#11703,1.);
#11703 = DIRECTION('',(-1.,1.224646799147E-16,0.));
#11704 = ORIENTED_EDGE('',*,*,#11705,.F.);
#11705 = EDGE_CURVE('',#11641,#11698,#11706,.T.);
#11706 = LINE('',#11707,#11708);
#11707 = CARTESIAN_POINT('',(288.,250.,590.));
#11708 = VECTOR('',#11709,1.);
#11709 = DIRECTION('',(0.,0.,1.));
#11710 = PLANE('',#11711);
#11711 = AXIS2_PLACEMENT_3D('',#11712,#11713,#11714);
#11712 = CARTESIAN_POINT('',(335.,250.,590.));
#11713 = DIRECTION('',(-1.224646799147E-16,-1.,0.));
#11714 = DIRECTION('',(0.,0.,1.));
#11715 = ADVANCED_FACE('',(#11716),#11727,.T.);
#11716 = FACE_BOUND('',#11717,.T.);
#11717 = EDGE_LOOP('',(#11718,#11719,#11720,#11721));
#11718 = ORIENTED_EDGE('',*,*,#11697,.F.);
#11719 = ORIENTED_EDGE('',*,*,#11237,.F.);
#11720 = ORIENTED_EDGE('',*,*,#11673,.T.);
#11721 = ORIENTED_EDGE('',*,*,#11722,.T.);
#11722 = EDGE_CURVE('',#11674,#11698,#11723,.T.);
#11723 = LINE('',#11724,#11725);
#11724 = CARTESIAN_POINT('',(288.,260.,593.));
#11725 = VECTOR('',#11726,1.);
#11726 = DIRECTION('',(-1.224646799147E-16,-1.,0.));
#11727 = PLANE('',#11728);
#11728 = AXIS2_PLACEMENT_3D('',#11729,#11730,#11731);
#11729 = CARTESIAN_POINT('',(335.,260.,593.));
#11730 = DIRECTION('',(0.,0.,1.));
#11731 = DIRECTION('',(-1.,1.224646799147E-16,0.));
#11732 = ADVANCED_FACE('',(#11733),#11758,.F.);
#11733 = FACE_BOUND('',#11734,.F.);
#11734 = EDGE_LOOP('',(#11735,#11743,#11744,#11752));
#11735 = ORIENTED_EDGE('',*,*,#11736,.F.);
#11736 = EDGE_CURVE('',#11257,#11737,#11739,.T.);
#11737 = VERTEX_POINT('',#11738);
#11738 = CARTESIAN_POINT('',(323.33012701892,198.80642496536,590.));
#11739 = LINE('',#11740,#11741);
#11740 = CARTESIAN_POINT('',(346.83012701892,239.50961894323,590.));
#11741 = VECTOR('',#11742,1.);
#11742 = DIRECTION('',(-0.5,-0.866025403784,0.));
#11743 = ORIENTED_EDGE('',*,*,#11254,.F.);
#11744 = ORIENTED_EDGE('',*,*,#11745,.T.);
#11745 = EDGE_CURVE('',#11255,#11746,#11748,.T.);
#11746 = VERTEX_POINT('',#11747);
#11747 = CARTESIAN_POINT('',(314.66987298107,203.80642496536,590.));
#11748 = LINE('',#11749,#11750);
#11749 = CARTESIAN_POINT('',(338.16987298107,244.50961894323,590.));
#11750 = VECTOR('',#11751,1.);
#11751 = DIRECTION('',(-0.5,-0.866025403784,0.));
#11752 = ORIENTED_EDGE('',*,*,#11753,.T.);
#11753 = EDGE_CURVE('',#11746,#11737,#11754,.T.);
#11754 = LINE('',#11755,#11756);
#11755 = CARTESIAN_POINT('',(314.66987298107,203.80642496536,590.));
#11756 = VECTOR('',#11757,1.);
#11757 = DIRECTION('',(0.866025403784,-0.5,0.));
#11758 = PLANE('',#11759);
#11759 = AXIS2_PLACEMENT_3D('',#11760,#11761,#11762);
#11760 = CARTESIAN_POINT('',(338.16987298107,244.50961894323,590.));
#11761 = DIRECTION('',(0.,0.,1.));
#11762 = DIRECTION('',(-0.5,-0.866025403784,0.));
#11763 = ADVANCED_FACE('',(#11764),#11782,.F.);
#11764 = FACE_BOUND('',#11765,.F.);
#11765 = EDGE_LOOP('',(#11766,#11767,#11768,#11776));
#11766 = ORIENTED_EDGE('',*,*,#11745,.F.);
#11767 = ORIENTED_EDGE('',*,*,#11265,.T.);
#11768 = ORIENTED_EDGE('',*,*,#11769,.T.);
#11769 = EDGE_CURVE('',#11266,#11770,#11772,.T.);
#11770 = VERTEX_POINT('',#11771);
#11771 = CARTESIAN_POINT('',(314.66987298107,203.80642496536,593.));
#11772 = LINE('',#11773,#11774);
#11773 = CARTESIAN_POINT('',(338.16987298107,244.50961894323,593.));
#11774 = VECTOR('',#11775,1.);
#11775 = DIRECTION('',(-0.5,-0.866025403784,0.));
#11776 = ORIENTED_EDGE('',*,*,#11777,.F.);
#11777 = EDGE_CURVE('',#11746,#11770,#11778,.T.);
#11778 = LINE('',#11779,#11780);
#11779 = CARTESIAN_POINT('',(314.66987298107,203.80642496536,590.));
#11780 = VECTOR('',#11781,1.);
#11781 = DIRECTION('',(0.,0.,1.));
#11782 = PLANE('',#11783);
#11783 = AXIS2_PLACEMENT_3D('',#11784,#11785,#11786);
#11784 = CARTESIAN_POINT('',(338.16987298107,244.50961894323,590.));
#11785 = DIRECTION('',(0.866025403784,-0.5,0.));
#11786 = DIRECTION('',(0.,0.,1.));
#11787 = ADVANCED_FACE('',(#11788),#11806,.T.);
#11788 = FACE_BOUND('',#11789,.T.);
#11789 = EDGE_LOOP('',(#11790,#11791,#11792,#11800));
#11790 = ORIENTED_EDGE('',*,*,#11736,.F.);
#11791 = ORIENTED_EDGE('',*,*,#11282,.T.);
#11792 = ORIENTED_EDGE('',*,*,#11793,.T.);
#11793 = EDGE_CURVE('',#11274,#11794,#11796,.T.);
#11794 = VERTEX_POINT('',#11795);
#11795 = CARTESIAN_POINT('',(323.33012701892,198.80642496536,593.));
#11796 = LINE('',#11797,#11798);
#11797 = CARTESIAN_POINT('',(346.83012701892,239.50961894323,593.));
#11798 = VECTOR('',#11799,1.);
#11799 = DIRECTION('',(-0.5,-0.866025403784,0.));
#11800 = ORIENTED_EDGE('',*,*,#11801,.F.);
#11801 = EDGE_CURVE('',#11737,#11794,#11802,.T.);
#11802 = LINE('',#11803,#11804);
#11803 = CARTESIAN_POINT('',(323.33012701892,198.80642496536,590.));
#11804 = VECTOR('',#11805,1.);
#11805 = DIRECTION('',(0.,0.,1.));
#11806 = PLANE('',#11807);
#11807 = AXIS2_PLACEMENT_3D('',#11808,#11809,#11810);
#11808 = CARTESIAN_POINT('',(346.83012701892,239.50961894323,590.));
#11809 = DIRECTION('',(0.866025403784,-0.5,0.));
#11810 = DIRECTION('',(0.,0.,1.));
#11811 = ADVANCED_FACE('',(#11812),#11823,.T.);
#11812 = FACE_BOUND('',#11813,.T.);
#11813 = EDGE_LOOP('',(#11814,#11815,#11816,#11817));
#11814 = ORIENTED_EDGE('',*,*,#11793,.F.);
#11815 = ORIENTED_EDGE('',*,*,#11273,.F.);
#11816 = ORIENTED_EDGE('',*,*,#11769,.T.);
#11817 = ORIENTED_EDGE('',*,*,#11818,.T.);
#11818 = EDGE_CURVE('',#11770,#11794,#11819,.T.);
#11819 = LINE('',#11820,#11821);
#11820 = CARTESIAN_POINT('',(314.66987298107,203.80642496536,593.));
#11821 = VECTOR('',#11822,1.);
#11822 = DIRECTION('',(0.866025403784,-0.5,0.));
#11823 = PLANE('',#11824);
#11824 = AXIS2_PLACEMENT_3D('',#11825,#11826,#11827);
#11825 = CARTESIAN_POINT('',(338.16987298107,244.50961894323,593.));
#11826 = DIRECTION('',(0.,0.,1.));
#11827 = DIRECTION('',(-0.5,-0.866025403784,0.));
#11828 = ADVANCED_FACE('',(#11829),#11854,.F.);
#11829 = FACE_BOUND('',#11830,.F.);
#11830 = EDGE_LOOP('',(#11831,#11839,#11840,#11848));
#11831 = ORIENTED_EDGE('',*,*,#11832,.F.);
#11832 = EDGE_CURVE('',#11293,#11833,#11835,.T.);
#11833 = VERTEX_POINT('',#11834);
#11834 = CARTESIAN_POINT('',(385.33012701892,203.80642496536,590.));
#11835 = LINE('',#11836,#11837);
#11836 = CARTESIAN_POINT('',(361.83012701892,244.50961894323,590.));
#11837 = VECTOR('',#11838,1.);
#11838 = DIRECTION('',(0.5,-0.866025403784,0.));
#11839 = ORIENTED_EDGE('',*,*,#11290,.F.);
#11840 = ORIENTED_EDGE('',*,*,#11841,.T.);
#11841 = EDGE_CURVE('',#11291,#11842,#11844,.T.);
#11842 = VERTEX_POINT('',#11843);
#11843 = CARTESIAN_POINT('',(376.66987298107,198.80642496536,590.));
#11844 = LINE('',#11845,#11846);
#11845 = CARTESIAN_POINT('',(353.16987298107,239.50961894323,590.));
#11846 = VECTOR('',#11847,1.);
#11847 = DIRECTION('',(0.5,-0.866025403784,0.));
#11848 = ORIENTED_EDGE('',*,*,#11849,.T.);
#11849 = EDGE_CURVE('',#11842,#11833,#11850,.T.);
#11850 = LINE('',#11851,#11852);
#11851 = CARTESIAN_POINT('',(376.66987298107,198.80642496536,590.));
#11852 = VECTOR('',#11853,1.);
#11853 = DIRECTION('',(0.866025403784,0.5,0.));
#11854 = PLANE('',#11855);
#11855 = AXIS2_PLACEMENT_3D('',#11856,#11857,#11858);
#11856 = CARTESIAN_POINT('',(353.16987298107,239.50961894323,590.));
#11857 = DIRECTION('',(0.,0.,1.));
#11858 = DIRECTION('',(0.5,-0.866025403784,0.));
#11859 = ADVANCED_FACE('',(#11860),#11878,.T.);
#11860 = FACE_BOUND('',#11861,.T.);
#11861 = EDGE_LOOP('',(#11862,#11863,#11864,#11872));
#11862 = ORIENTED_EDGE('',*,*,#11832,.F.);
#11863 = ORIENTED_EDGE('',*,*,#11318,.T.);
#11864 = ORIENTED_EDGE('',*,*,#11865,.T.);
#11865 = EDGE_CURVE('',#11310,#11866,#11868,.T.);
#11866 = VERTEX_POINT('',#11867);
#11867 = CARTESIAN_POINT('',(385.33012701892,203.80642496536,593.));
#11868 = LINE('',#11869,#11870);
#11869 = CARTESIAN_POINT('',(361.83012701892,244.50961894323,593.));
#11870 = VECTOR('',#11871,1.);
#11871 = DIRECTION('',(0.5,-0.866025403784,0.));
#11872 = ORIENTED_EDGE('',*,*,#11873,.F.);
#11873 = EDGE_CURVE('',#11833,#11866,#11874,.T.);
#11874 = LINE('',#11875,#11876);
#11875 = CARTESIAN_POINT('',(385.33012701892,203.80642496536,590.));
#11876 = VECTOR('',#11877,1.);
#11877 = DIRECTION('',(0.,0.,1.));
#11878 = PLANE('',#11879);
#11879 = AXIS2_PLACEMENT_3D('',#11880,#11881,#11882);
#11880 = CARTESIAN_POINT('',(361.83012701892,244.50961894323,590.));
#11881 = DIRECTION('',(0.866025403784,0.5,0.));
#11882 = DIRECTION('',(0.,0.,1.));
#11883 = ADVANCED_FACE('',(#11884),#11902,.T.);
#11884 = FACE_BOUND('',#11885,.T.);
#11885 = EDGE_LOOP('',(#11886,#11887,#11888,#11896));
#11886 = ORIENTED_EDGE('',*,*,#11865,.F.);
#11887 = ORIENTED_EDGE('',*,*,#11309,.F.);
#11888 = ORIENTED_EDGE('',*,*,#11889,.T.);
#11889 = EDGE_CURVE('',#11302,#11890,#11892,.T.);
#11890 = VERTEX_POINT('',#11891);
#11891 = CARTESIAN_POINT('',(376.66987298107,198.80642496536,593.));
#11892 = LINE('',#11893,#11894);
#11893 = CARTESIAN_POINT('',(353.16987298107,239.50961894323,593.));
#11894 = VECTOR('',#11895,1.);
#11895 = DIRECTION('',(0.5,-0.866025403784,0.));
#11896 = ORIENTED_EDGE('',*,*,#11897,.T.);
#11897 = EDGE_CURVE('',#11890,#11866,#11898,.T.);
#11898 = LINE('',#11899,#11900);
#11899 = CARTESIAN_POINT('',(376.66987298107,198.80642496536,593.));
#11900 = VECTOR('',#11901,1.);
#11901 = DIRECTION('',(0.866025403784,0.5,0.));
#11902 = PLANE('',#11903);
#11903 = AXIS2_PLACEMENT_3D('',#11904,#11905,#11906);
#11904 = CARTESIAN_POINT('',(353.16987298107,239.50961894323,593.));
#11905 = DIRECTION('',(0.,0.,1.));
#11906 = DIRECTION('',(0.5,-0.866025403784,0.));
#11907 = ADVANCED_FACE('',(#11908),#11919,.F.);
#11908 = FACE_BOUND('',#11909,.F.);
#11909 = EDGE_LOOP('',(#11910,#11911,#11912,#11913));
#11910 = ORIENTED_EDGE('',*,*,#11841,.F.);
#11911 = ORIENTED_EDGE('',*,*,#11301,.T.);
#11912 = ORIENTED_EDGE('',*,*,#11889,.T.);
#11913 = ORIENTED_EDGE('',*,*,#11914,.F.);
#11914 = EDGE_CURVE('',#11842,#11890,#11915,.T.);
#11915 = LINE('',#11916,#11917);
#11916 = CARTESIAN_POINT('',(376.66987298107,198.80642496536,590.));
#11917 = VECTOR('',#11918,1.);
#11918 = DIRECTION('',(0.,0.,1.));
#11919 = PLANE('',#11920);
#11920 = AXIS2_PLACEMENT_3D('',#11921,#11922,#11923);
#11921 = CARTESIAN_POINT('',(353.16987298107,239.50961894323,590.));
#11922 = DIRECTION('',(0.866025403784,0.5,0.));
#11923 = DIRECTION('',(0.,0.,1.));
#11924 = ADVANCED_FACE('',(#11925),#11931,.T.);
#11925 = FACE_BOUND('',#11926,.T.);
#11926 = EDGE_LOOP('',(#11927,#11928,#11929,#11930));
#11927 = ORIENTED_EDGE('',*,*,#11434,.F.);
#11928 = ORIENTED_EDGE('',*,*,#11350,.T.);
#11929 = ORIENTED_EDGE('',*,*,#11383,.T.);
#11930 = ORIENTED_EDGE('',*,*,#11408,.F.);
#11931 = PLANE('',#11932);
#11932 = AXIS2_PLACEMENT_3D('',#11933,#11934,#11935);
#11933 = CARTESIAN_POINT('',(412.,250.,590.));
#11934 = DIRECTION('',(1.,0.,0.));
#11935 = DIRECTION('',(0.,0.,1.));
#11936 = ADVANCED_FACE('',(#11937),#11943,.T.);
#11937 = FACE_BOUND('',#11938,.T.);
#11938 = EDGE_LOOP('',(#11939,#11940,#11941,#11942));
#11939 = ORIENTED_EDGE('',*,*,#11489,.F.);
#11940 = ORIENTED_EDGE('',*,*,#11465,.T.);
#11941 = ORIENTED_EDGE('',*,*,#11513,.T.);
#11942 = ORIENTED_EDGE('',*,*,#11530,.F.);
#11943 = PLANE('',#11944);
#11944 = AXIS2_PLACEMENT_3D('',#11945,#11946,#11947);
#11945 = CARTESIAN_POINT('',(385.33012701892,306.19357503463,590.));
#11946 = DIRECTION('',(0.5,0.866025403784,0.));
#11947 = DIRECTION('',(0.,0.,1.));
#11948 = ADVANCED_FACE('',(#11949),#11955,.T.);
#11949 = FACE_BOUND('',#11950,.T.);
#11950 = EDGE_LOOP('',(#11951,#11952,#11953,#11954));
#11951 = ORIENTED_EDGE('',*,*,#11585,.F.);
#11952 = ORIENTED_EDGE('',*,*,#11561,.T.);
#11953 = ORIENTED_EDGE('',*,*,#11609,.T.);
#11954 = ORIENTED_EDGE('',*,*,#11626,.F.);
#11955 = PLANE('',#11956);
#11956 = AXIS2_PLACEMENT_3D('',#11957,#11958,#11959);
#11957 = CARTESIAN_POINT('',(323.33012701892,311.19357503463,590.));
#11958 = DIRECTION('',(-0.5,0.866025403784,0.));
#11959 = DIRECTION('',(0.,0.,1.));
#11960 = ADVANCED_FACE('',(#11961),#11967,.T.);
#11961 = FACE_BOUND('',#11962,.T.);
#11962 = EDGE_LOOP('',(#11963,#11964,#11965,#11966));
#11963 = ORIENTED_EDGE('',*,*,#11681,.F.);
#11964 = ORIENTED_EDGE('',*,*,#11657,.T.);
#11965 = ORIENTED_EDGE('',*,*,#11705,.T.);
#11966 = ORIENTED_EDGE('',*,*,#11722,.F.);
#11967 = PLANE('',#11968);
#11968 = AXIS2_PLACEMENT_3D('',#11969,#11970,#11971);
#11969 = CARTESIAN_POINT('',(288.,260.,590.));
#11970 = DIRECTION('',(-1.,1.224646799147E-16,0.));
#11971 = DIRECTION('',(0.,0.,1.));
#11972 = ADVANCED_FACE('',(#11973),#11979,.T.);
#11973 = FACE_BOUND('',#11974,.T.);
#11974 = EDGE_LOOP('',(#11975,#11976,#11977,#11978));
#11975 = ORIENTED_EDGE('',*,*,#11777,.F.);
#11976 = ORIENTED_EDGE('',*,*,#11753,.T.);
#11977 = ORIENTED_EDGE('',*,*,#11801,.T.);
#11978 = ORIENTED_EDGE('',*,*,#11818,.F.);
#11979 = PLANE('',#11980);
#11980 = AXIS2_PLACEMENT_3D('',#11981,#11982,#11983);
#11981 = CARTESIAN_POINT('',(314.66987298107,203.80642496536,590.));
#11982 = DIRECTION('',(-0.5,-0.866025403784,0.));
#11983 = DIRECTION('',(0.,0.,1.));
#11984 = ADVANCED_FACE('',(#11985),#11991,.T.);
#11985 = FACE_BOUND('',#11986,.T.);
#11986 = EDGE_LOOP('',(#11987,#11988,#11989,#11990));
#11987 = ORIENTED_EDGE('',*,*,#11914,.F.);
#11988 = ORIENTED_EDGE('',*,*,#11849,.T.);
#11989 = ORIENTED_EDGE('',*,*,#11873,.T.);
#11990 = ORIENTED_EDGE('',*,*,#11897,.F.);
#11991 = PLANE('',#11992);
#11992 = AXIS2_PLACEMENT_3D('',#11993,#11994,#11995);
#11993 = CARTESIAN_POINT('',(376.66987298107,198.80642496536,590.));
#11994 = DIRECTION('',(0.5,-0.866025403784,0.));
#11995 = DIRECTION('',(0.,0.,1.));
#11996 = MANIFOLD_SOLID_BREP('',#11997);
#11997 = CLOSED_SHELL('',(#11998,#12038,#12069,#12148,#12172,#12244,
    #12256,#12273,#12290,#12307,#12324));
#11998 = ADVANCED_FACE('',(#11999),#12033,.F.);
#11999 = FACE_BOUND('',#12000,.F.);
#12000 = EDGE_LOOP('',(#12001,#12011,#12019,#12027));
#12001 = ORIENTED_EDGE('',*,*,#12002,.F.);
#12002 = EDGE_CURVE('',#12003,#12005,#12007,.T.);
#12003 = VERTEX_POINT('',#12004);
#12004 = CARTESIAN_POINT('',(280.,185.,581.));
#12005 = VERTEX_POINT('',#12006);
#12006 = CARTESIAN_POINT('',(280.,185.,608.));
#12007 = LINE('',#12008,#12009);
#12008 = CARTESIAN_POINT('',(280.,185.,581.));
#12009 = VECTOR('',#12010,1.);
#12010 = DIRECTION('',(0.,0.,1.));
#12011 = ORIENTED_EDGE('',*,*,#12012,.T.);
#12012 = EDGE_CURVE('',#12003,#12013,#12015,.T.);
#12013 = VERTEX_POINT('',#12014);
#12014 = CARTESIAN_POINT('',(280.,325.,581.));
#12015 = LINE('',#12016,#12017);
#12016 = CARTESIAN_POINT('',(280.,185.,581.));
#12017 = VECTOR('',#12018,1.);
#12018 = DIRECTION('',(0.,1.,0.));
#12019 = ORIENTED_EDGE('',*,*,#12020,.T.);
#12020 = EDGE_CURVE('',#12013,#12021,#12023,.T.);
#12021 = VERTEX_POINT('',#12022);
#12022 = CARTESIAN_POINT('',(280.,325.,608.));
#12023 = LINE('',#12024,#12025);
#12024 = CARTESIAN_POINT('',(280.,325.,581.));
#12025 = VECTOR('',#12026,1.);
#12026 = DIRECTION('',(0.,0.,1.));
#12027 = ORIENTED_EDGE('',*,*,#12028,.F.);
#12028 = EDGE_CURVE('',#12005,#12021,#12029,.T.);
#12029 = LINE('',#12030,#12031);
#12030 = CARTESIAN_POINT('',(280.,185.,608.));
#12031 = VECTOR('',#12032,1.);
#12032 = DIRECTION('',(0.,1.,0.));
#12033 = PLANE('',#12034);
#12034 = AXIS2_PLACEMENT_3D('',#12035,#12036,#12037);
#12035 = CARTESIAN_POINT('',(280.,185.,581.));
#12036 = DIRECTION('',(1.,0.,0.));
#12037 = DIRECTION('',(0.,0.,1.));
#12038 = ADVANCED_FACE('',(#12039),#12064,.F.);
#12039 = FACE_BOUND('',#12040,.F.);
#12040 = EDGE_LOOP('',(#12041,#12049,#12050,#12058));
#12041 = ORIENTED_EDGE('',*,*,#12042,.F.);
#12042 = EDGE_CURVE('',#12003,#12043,#12045,.T.);
#12043 = VERTEX_POINT('',#12044);
#12044 = CARTESIAN_POINT('',(420.,185.,581.));
#12045 = LINE('',#12046,#12047);
#12046 = CARTESIAN_POINT('',(280.,185.,581.));
#12047 = VECTOR('',#12048,1.);
#12048 = DIRECTION('',(1.,0.,0.));
#12049 = ORIENTED_EDGE('',*,*,#12002,.T.);
#12050 = ORIENTED_EDGE('',*,*,#12051,.T.);
#12051 = EDGE_CURVE('',#12005,#12052,#12054,.T.);
#12052 = VERTEX_POINT('',#12053);
#12053 = CARTESIAN_POINT('',(420.,185.,608.));
#12054 = LINE('',#12055,#12056);
#12055 = CARTESIAN_POINT('',(280.,185.,608.));
#12056 = VECTOR('',#12057,1.);
#12057 = DIRECTION('',(1.,0.,0.));
#12058 = ORIENTED_EDGE('',*,*,#12059,.F.);
#12059 = EDGE_CURVE('',#12043,#12052,#12060,.T.);
#12060 = LINE('',#12061,#12062);
#12061 = CARTESIAN_POINT('',(420.,185.,581.));
#12062 = VECTOR('',#12063,1.);
#12063 = DIRECTION('',(0.,0.,1.));
#12064 = PLANE('',#12065);
#12065 = AXIS2_PLACEMENT_3D('',#12066,#12067,#12068);
#12066 = CARTESIAN_POINT('',(280.,185.,581.));
#12067 = DIRECTION('',(0.,1.,0.));
#12068 = DIRECTION('',(0.,0.,1.));
#12069 = ADVANCED_FACE('',(#12070,#12088,#12099,#12110,#12121,#12132),
  #12143,.T.);
#12070 = FACE_BOUND('',#12071,.T.);
#12071 = EDGE_LOOP('',(#12072,#12073,#12074,#12082));
#12072 = ORIENTED_EDGE('',*,*,#12028,.F.);
#12073 = ORIENTED_EDGE('',*,*,#12051,.T.);
#12074 = ORIENTED_EDGE('',*,*,#12075,.T.);
#12075 = EDGE_CURVE('',#12052,#12076,#12078,.T.);
#12076 = VERTEX_POINT('',#12077);
#12077 = CARTESIAN_POINT('',(420.,325.,608.));
#12078 = LINE('',#12079,#12080);
#12079 = CARTESIAN_POINT('',(420.,185.,608.));
#12080 = VECTOR('',#12081,1.);
#12081 = DIRECTION('',(0.,1.,0.));
#12082 = ORIENTED_EDGE('',*,*,#12083,.F.);
#12083 = EDGE_CURVE('',#12021,#12076,#12084,.T.);
#12084 = LINE('',#12085,#12086);
#12085 = CARTESIAN_POINT('',(280.,325.,608.));
#12086 = VECTOR('',#12087,1.);
#12087 = DIRECTION('',(1.,0.,0.));
#12088 = FACE_BOUND('',#12089,.T.);
#12089 = EDGE_LOOP('',(#12090));
#12090 = ORIENTED_EDGE('',*,*,#12091,.F.);
#12091 = EDGE_CURVE('',#12092,#12092,#12094,.T.);
#12092 = VERTEX_POINT('',#12093);
#12093 = CARTESIAN_POINT('',(289.75,192.5,608.));
#12094 = CIRCLE('',#12095,2.25);
#12095 = AXIS2_PLACEMENT_3D('',#12096,#12097,#12098);
#12096 = CARTESIAN_POINT('',(287.5,192.5,608.));
#12097 = DIRECTION('',(0.,0.,1.));
#12098 = DIRECTION('',(1.,0.,0.));
#12099 = FACE_BOUND('',#12100,.T.);
#12100 = EDGE_LOOP('',(#12101));
#12101 = ORIENTED_EDGE('',*,*,#12102,.F.);
#12102 = EDGE_CURVE('',#12103,#12103,#12105,.T.);
#12103 = VERTEX_POINT('',#12104);
#12104 = CARTESIAN_POINT('',(414.75,192.5,608.));
#12105 = CIRCLE('',#12106,2.25);
#12106 = AXIS2_PLACEMENT_3D('',#12107,#12108,#12109);
#12107 = CARTESIAN_POINT('',(412.5,192.5,608.));
#12108 = DIRECTION('',(0.,0.,1.));
#12109 = DIRECTION('',(1.,0.,0.));
#12110 = FACE_BOUND('',#12111,.T.);
#12111 = EDGE_LOOP('',(#12112));
#12112 = ORIENTED_EDGE('',*,*,#12113,.F.);
#12113 = EDGE_CURVE('',#12114,#12114,#12116,.T.);
#12114 = VERTEX_POINT('',#12115);
#12115 = CARTESIAN_POINT('',(289.75,317.5,608.));
#12116 = CIRCLE('',#12117,2.25);
#12117 = AXIS2_PLACEMENT_3D('',#12118,#12119,#12120);
#12118 = CARTESIAN_POINT('',(287.5,317.5,608.));
#12119 = DIRECTION('',(0.,0.,1.));
#12120 = DIRECTION('',(1.,0.,0.));
#12121 = FACE_BOUND('',#12122,.T.);
#12122 = EDGE_LOOP('',(#12123));
#12123 = ORIENTED_EDGE('',*,*,#12124,.F.);
#12124 = EDGE_CURVE('',#12125,#12125,#12127,.T.);
#12125 = VERTEX_POINT('',#12126);
#12126 = CARTESIAN_POINT('',(415.,255.,608.));
#12127 = CIRCLE('',#12128,65.);
#12128 = AXIS2_PLACEMENT_3D('',#12129,#12130,#12131);
#12129 = CARTESIAN_POINT('',(350.,255.,608.));
#12130 = DIRECTION('',(0.,0.,1.));
#12131 = DIRECTION('',(1.,0.,0.));
#12132 = FACE_BOUND('',#12133,.T.);
#12133 = EDGE_LOOP('',(#12134));
#12134 = ORIENTED_EDGE('',*,*,#12135,.F.);
#12135 = EDGE_CURVE('',#12136,#12136,#12138,.T.);
#12136 = VERTEX_POINT('',#12137);
#12137 = CARTESIAN_POINT('',(414.75,317.5,608.));
#12138 = CIRCLE('',#12139,2.25);
#12139 = AXIS2_PLACEMENT_3D('',#12140,#12141,#12142);
#12140 = CARTESIAN_POINT('',(412.5,317.5,608.));
#12141 = DIRECTION('',(0.,0.,1.));
#12142 = DIRECTION('',(1.,0.,0.));
#12143 = PLANE('',#12144);
#12144 = AXIS2_PLACEMENT_3D('',#12145,#12146,#12147);
#12145 = CARTESIAN_POINT('',(280.,185.,608.));
#12146 = DIRECTION('',(0.,0.,1.));
#12147 = DIRECTION('',(1.,0.,0.));
#12148 = ADVANCED_FACE('',(#12149),#12167,.T.);
#12149 = FACE_BOUND('',#12150,.T.);
#12150 = EDGE_LOOP('',(#12151,#12159,#12160,#12161));
#12151 = ORIENTED_EDGE('',*,*,#12152,.F.);
#12152 = EDGE_CURVE('',#12013,#12153,#12155,.T.);
#12153 = VERTEX_POINT('',#12154);
#12154 = CARTESIAN_POINT('',(420.,325.,581.));
#12155 = LINE('',#12156,#12157);
#12156 = CARTESIAN_POINT('',(280.,325.,581.));
#12157 = VECTOR('',#12158,1.);
#12158 = DIRECTION('',(1.,0.,0.));
#12159 = ORIENTED_EDGE('',*,*,#12020,.T.);
#12160 = ORIENTED_EDGE('',*,*,#12083,.T.);
#12161 = ORIENTED_EDGE('',*,*,#12162,.F.);
#12162 = EDGE_CURVE('',#12153,#12076,#12163,.T.);
#12163 = LINE('',#12164,#12165);
#12164 = CARTESIAN_POINT('',(420.,325.,581.));
#12165 = VECTOR('',#12166,1.);
#12166 = DIRECTION('',(0.,0.,1.));
#12167 = PLANE('',#12168);
#12168 = AXIS2_PLACEMENT_3D('',#12169,#12170,#12171);
#12169 = CARTESIAN_POINT('',(280.,325.,581.));
#12170 = DIRECTION('',(0.,1.,0.));
#12171 = DIRECTION('',(0.,0.,1.));
#12172 = ADVANCED_FACE('',(#12173,#12184,#12195,#12206,#12217,#12228),
  #12239,.F.);
#12173 = FACE_BOUND('',#12174,.F.);
#12174 = EDGE_LOOP('',(#12175,#12176,#12177,#12183));
#12175 = ORIENTED_EDGE('',*,*,#12012,.F.);
#12176 = ORIENTED_EDGE('',*,*,#12042,.T.);
#12177 = ORIENTED_EDGE('',*,*,#12178,.T.);
#12178 = EDGE_CURVE('',#12043,#12153,#12179,.T.);
#12179 = LINE('',#12180,#12181);
#12180 = CARTESIAN_POINT('',(420.,185.,581.));
#12181 = VECTOR('',#12182,1.);
#12182 = DIRECTION('',(0.,1.,0.));
#12183 = ORIENTED_EDGE('',*,*,#12152,.F.);
#12184 = FACE_BOUND('',#12185,.F.);
#12185 = EDGE_LOOP('',(#12186));
#12186 = ORIENTED_EDGE('',*,*,#12187,.F.);
#12187 = EDGE_CURVE('',#12188,#12188,#12190,.T.);
#12188 = VERTEX_POINT('',#12189);
#12189 = CARTESIAN_POINT('',(289.75,192.5,581.));
#12190 = CIRCLE('',#12191,2.25);
#12191 = AXIS2_PLACEMENT_3D('',#12192,#12193,#12194);
#12192 = CARTESIAN_POINT('',(287.5,192.5,581.));
#12193 = DIRECTION('',(0.,0.,1.));
#12194 = DIRECTION('',(1.,0.,0.));
#12195 = FACE_BOUND('',#12196,.F.);
#12196 = EDGE_LOOP('',(#12197));
#12197 = ORIENTED_EDGE('',*,*,#12198,.F.);
#12198 = EDGE_CURVE('',#12199,#12199,#12201,.T.);
#12199 = VERTEX_POINT('',#12200);
#12200 = CARTESIAN_POINT('',(414.75,192.5,581.));
#12201 = CIRCLE('',#12202,2.25);
#12202 = AXIS2_PLACEMENT_3D('',#12203,#12204,#12205);
#12203 = CARTESIAN_POINT('',(412.5,192.5,581.));
#12204 = DIRECTION('',(0.,0.,1.));
#12205 = DIRECTION('',(1.,0.,0.));
#12206 = FACE_BOUND('',#12207,.F.);
#12207 = EDGE_LOOP('',(#12208));
#12208 = ORIENTED_EDGE('',*,*,#12209,.F.);
#12209 = EDGE_CURVE('',#12210,#12210,#12212,.T.);
#12210 = VERTEX_POINT('',#12211);
#12211 = CARTESIAN_POINT('',(289.75,317.5,581.));
#12212 = CIRCLE('',#12213,2.25);
#12213 = AXIS2_PLACEMENT_3D('',#12214,#12215,#12216);
#12214 = CARTESIAN_POINT('',(287.5,317.5,581.));
#12215 = DIRECTION('',(0.,0.,1.));
#12216 = DIRECTION('',(1.,0.,0.));
#12217 = FACE_BOUND('',#12218,.F.);
#12218 = EDGE_LOOP('',(#12219));
#12219 = ORIENTED_EDGE('',*,*,#12220,.F.);
#12220 = EDGE_CURVE('',#12221,#12221,#12223,.T.);
#12221 = VERTEX_POINT('',#12222);
#12222 = CARTESIAN_POINT('',(415.,255.,581.));
#12223 = CIRCLE('',#12224,65.);
#12224 = AXIS2_PLACEMENT_3D('',#12225,#12226,#12227);
#12225 = CARTESIAN_POINT('',(350.,255.,581.));
#12226 = DIRECTION('',(0.,0.,1.));
#12227 = DIRECTION('',(1.,0.,0.));
#12228 = FACE_BOUND('',#12229,.F.);
#12229 = EDGE_LOOP('',(#12230));
#12230 = ORIENTED_EDGE('',*,*,#12231,.F.);
#12231 = EDGE_CURVE('',#12232,#12232,#12234,.T.);
#12232 = VERTEX_POINT('',#12233);
#12233 = CARTESIAN_POINT('',(414.75,317.5,581.));
#12234 = CIRCLE('',#12235,2.25);
#12235 = AXIS2_PLACEMENT_3D('',#12236,#12237,#12238);
#12236 = CARTESIAN_POINT('',(412.5,317.5,581.));
#12237 = DIRECTION('',(0.,0.,1.));
#12238 = DIRECTION('',(1.,0.,0.));
#12239 = PLANE('',#12240);
#12240 = AXIS2_PLACEMENT_3D('',#12241,#12242,#12243);
#12241 = CARTESIAN_POINT('',(280.,185.,581.));
#12242 = DIRECTION('',(0.,0.,1.));
#12243 = DIRECTION('',(1.,0.,0.));
#12244 = ADVANCED_FACE('',(#12245),#12251,.T.);
#12245 = FACE_BOUND('',#12246,.T.);
#12246 = EDGE_LOOP('',(#12247,#12248,#12249,#12250));
#12247 = ORIENTED_EDGE('',*,*,#12059,.F.);
#12248 = ORIENTED_EDGE('',*,*,#12178,.T.);
#12249 = ORIENTED_EDGE('',*,*,#12162,.T.);
#12250 = ORIENTED_EDGE('',*,*,#12075,.F.);
#12251 = PLANE('',#12252);
#12252 = AXIS2_PLACEMENT_3D('',#12253,#12254,#12255);
#12253 = CARTESIAN_POINT('',(420.,185.,581.));
#12254 = DIRECTION('',(1.,0.,0.));
#12255 = DIRECTION('',(0.,0.,1.));
#12256 = ADVANCED_FACE('',(#12257),#12268,.F.);
#12257 = FACE_BOUND('',#12258,.F.);
#12258 = EDGE_LOOP('',(#12259,#12260,#12266,#12267));
#12259 = ORIENTED_EDGE('',*,*,#12091,.F.);
#12260 = ORIENTED_EDGE('',*,*,#12261,.F.);
#12261 = EDGE_CURVE('',#12188,#12092,#12262,.T.);
#12262 = LINE('',#12263,#12264);
#12263 = CARTESIAN_POINT('',(289.75,192.5,580.));
#12264 = VECTOR('',#12265,1.);
#12265 = DIRECTION('',(0.,0.,1.));
#12266 = ORIENTED_EDGE('',*,*,#12187,.T.);
#12267 = ORIENTED_EDGE('',*,*,#12261,.T.);
#12268 = CYLINDRICAL_SURFACE('',#12269,2.25);
#12269 = AXIS2_PLACEMENT_3D('',#12270,#12271,#12272);
#12270 = CARTESIAN_POINT('',(287.5,192.5,580.));
#12271 = DIRECTION('',(0.,0.,1.));
#12272 = DIRECTION('',(1.,0.,0.));
#12273 = ADVANCED_FACE('',(#12274),#12285,.F.);
#12274 = FACE_BOUND('',#12275,.F.);
#12275 = EDGE_LOOP('',(#12276,#12277,#12283,#12284));
#12276 = ORIENTED_EDGE('',*,*,#12102,.F.);
#12277 = ORIENTED_EDGE('',*,*,#12278,.F.);
#12278 = EDGE_CURVE('',#12199,#12103,#12279,.T.);
#12279 = LINE('',#12280,#12281);
#12280 = CARTESIAN_POINT('',(414.75,192.5,580.));
#12281 = VECTOR('',#12282,1.);
#12282 = DIRECTION('',(0.,0.,1.));
#12283 = ORIENTED_EDGE('',*,*,#12198,.T.);
#12284 = ORIENTED_EDGE('',*,*,#12278,.T.);
#12285 = CYLINDRICAL_SURFACE('',#12286,2.25);
#12286 = AXIS2_PLACEMENT_3D('',#12287,#12288,#12289);
#12287 = CARTESIAN_POINT('',(412.5,192.5,580.));
#12288 = DIRECTION('',(0.,0.,1.));
#12289 = DIRECTION('',(1.,0.,0.));
#12290 = ADVANCED_FACE('',(#12291),#12302,.F.);
#12291 = FACE_BOUND('',#12292,.F.);
#12292 = EDGE_LOOP('',(#12293,#12294,#12300,#12301));
#12293 = ORIENTED_EDGE('',*,*,#12113,.F.);
#12294 = ORIENTED_EDGE('',*,*,#12295,.F.);
#12295 = EDGE_CURVE('',#12210,#12114,#12296,.T.);
#12296 = LINE('',#12297,#12298);
#12297 = CARTESIAN_POINT('',(289.75,317.5,580.));
#12298 = VECTOR('',#12299,1.);
#12299 = DIRECTION('',(0.,0.,1.));
#12300 = ORIENTED_EDGE('',*,*,#12209,.T.);
#12301 = ORIENTED_EDGE('',*,*,#12295,.T.);
#12302 = CYLINDRICAL_SURFACE('',#12303,2.25);
#12303 = AXIS2_PLACEMENT_3D('',#12304,#12305,#12306);
#12304 = CARTESIAN_POINT('',(287.5,317.5,580.));
#12305 = DIRECTION('',(0.,0.,1.));
#12306 = DIRECTION('',(1.,0.,0.));
#12307 = ADVANCED_FACE('',(#12308),#12319,.F.);
#12308 = FACE_BOUND('',#12309,.F.);
#12309 = EDGE_LOOP('',(#12310,#12311,#12317,#12318));
#12310 = ORIENTED_EDGE('',*,*,#12124,.F.);
#12311 = ORIENTED_EDGE('',*,*,#12312,.F.);
#12312 = EDGE_CURVE('',#12221,#12125,#12313,.T.);
#12313 = LINE('',#12314,#12315);
#12314 = CARTESIAN_POINT('',(415.,255.,580.));
#12315 = VECTOR('',#12316,1.);
#12316 = DIRECTION('',(0.,0.,1.));
#12317 = ORIENTED_EDGE('',*,*,#12220,.T.);
#12318 = ORIENTED_EDGE('',*,*,#12312,.T.);
#12319 = CYLINDRICAL_SURFACE('',#12320,65.);
#12320 = AXIS2_PLACEMENT_3D('',#12321,#12322,#12323);
#12321 = CARTESIAN_POINT('',(350.,255.,580.));
#12322 = DIRECTION('',(0.,0.,1.));
#12323 = DIRECTION('',(1.,0.,0.));
#12324 = ADVANCED_FACE('',(#12325),#12336,.F.);
#12325 = FACE_BOUND('',#12326,.F.);
#12326 = EDGE_LOOP('',(#12327,#12328,#12334,#12335));
#12327 = ORIENTED_EDGE('',*,*,#12135,.F.);
#12328 = ORIENTED_EDGE('',*,*,#12329,.F.);
#12329 = EDGE_CURVE('',#12232,#12136,#12330,.T.);
#12330 = LINE('',#12331,#12332);
#12331 = CARTESIAN_POINT('',(414.75,317.5,580.));
#12332 = VECTOR('',#12333,1.);
#12333 = DIRECTION('',(0.,0.,1.));
#12334 = ORIENTED_EDGE('',*,*,#12231,.T.);
#12335 = ORIENTED_EDGE('',*,*,#12329,.T.);
#12336 = CYLINDRICAL_SURFACE('',#12337,2.25);
#12337 = AXIS2_PLACEMENT_3D('',#12338,#12339,#12340);
#12338 = CARTESIAN_POINT('',(412.5,317.5,580.));
#12339 = DIRECTION('',(0.,0.,1.));
#12340 = DIRECTION('',(1.,0.,0.));
#12341 = MANIFOLD_SOLID_BREP('',#12342);
#12342 = CLOSED_SHELL('',(#12343,#12376,#12385));
#12343 = ADVANCED_FACE('',(#12344),#12371,.T.);
#12344 = FACE_BOUND('',#12345,.T.);
#12345 = EDGE_LOOP('',(#12346,#12355,#12363,#12370));
#12346 = ORIENTED_EDGE('',*,*,#12347,.F.);
#12347 = EDGE_CURVE('',#12348,#12348,#12350,.T.);
#12348 = VERTEX_POINT('',#12349);
#12349 = CARTESIAN_POINT('',(289.5,192.5,615.));
#12350 = CIRCLE('',#12351,2.);
#12351 = AXIS2_PLACEMENT_3D('',#12352,#12353,#12354);
#12352 = CARTESIAN_POINT('',(287.5,192.5,615.));
#12353 = DIRECTION('',(0.,0.,1.));
#12354 = DIRECTION('',(1.,0.,0.));
#12355 = ORIENTED_EDGE('',*,*,#12356,.F.);
#12356 = EDGE_CURVE('',#12357,#12348,#12359,.T.);
#12357 = VERTEX_POINT('',#12358);
#12358 = CARTESIAN_POINT('',(289.5,192.5,565.));
#12359 = LINE('',#12360,#12361);
#12360 = CARTESIAN_POINT('',(289.5,192.5,565.));
#12361 = VECTOR('',#12362,1.);
#12362 = DIRECTION('',(0.,0.,1.));
#12363 = ORIENTED_EDGE('',*,*,#12364,.T.);
#12364 = EDGE_CURVE('',#12357,#12357,#12365,.T.);
#12365 = CIRCLE('',#12366,2.);
#12366 = AXIS2_PLACEMENT_3D('',#12367,#12368,#12369);
#12367 = CARTESIAN_POINT('',(287.5,192.5,565.));
#12368 = DIRECTION('',(0.,0.,1.));
#12369 = DIRECTION('',(1.,0.,0.));
#12370 = ORIENTED_EDGE('',*,*,#12356,.T.);
#12371 = CYLINDRICAL_SURFACE('',#12372,2.);
#12372 = AXIS2_PLACEMENT_3D('',#12373,#12374,#12375);
#12373 = CARTESIAN_POINT('',(287.5,192.5,565.));
#12374 = DIRECTION('',(0.,0.,1.));
#12375 = DIRECTION('',(1.,0.,0.));
#12376 = ADVANCED_FACE('',(#12377),#12380,.T.);
#12377 = FACE_BOUND('',#12378,.T.);
#12378 = EDGE_LOOP('',(#12379));
#12379 = ORIENTED_EDGE('',*,*,#12347,.T.);
#12380 = PLANE('',#12381);
#12381 = AXIS2_PLACEMENT_3D('',#12382,#12383,#12384);
#12382 = CARTESIAN_POINT('',(287.5,192.5,615.));
#12383 = DIRECTION('',(0.,0.,1.));
#12384 = DIRECTION('',(1.,0.,0.));
#12385 = ADVANCED_FACE('',(#12386),#12389,.F.);
#12386 = FACE_BOUND('',#12387,.T.);
#12387 = EDGE_LOOP('',(#12388));
#12388 = ORIENTED_EDGE('',*,*,#12364,.F.);
#12389 = PLANE('',#12390);
#12390 = AXIS2_PLACEMENT_3D('',#12391,#12392,#12393);
#12391 = CARTESIAN_POINT('',(287.5,192.5,565.));
#12392 = DIRECTION('',(0.,0.,1.));
#12393 = DIRECTION('',(1.,0.,0.));
#12394 = MANIFOLD_SOLID_BREP('',#12395);
#12395 = CLOSED_SHELL('',(#12396,#12429,#12438));
#12396 = ADVANCED_FACE('',(#12397),#12424,.T.);
#12397 = FACE_BOUND('',#12398,.T.);
#12398 = EDGE_LOOP('',(#12399,#12408,#12416,#12423));
#12399 = ORIENTED_EDGE('',*,*,#12400,.F.);
#12400 = EDGE_CURVE('',#12401,#12401,#12403,.T.);
#12401 = VERTEX_POINT('',#12402);
#12402 = CARTESIAN_POINT('',(289.5,317.5,615.));
#12403 = CIRCLE('',#12404,2.);
#12404 = AXIS2_PLACEMENT_3D('',#12405,#12406,#12407);
#12405 = CARTESIAN_POINT('',(287.5,317.5,615.));
#12406 = DIRECTION('',(0.,0.,1.));
#12407 = DIRECTION('',(1.,0.,0.));
#12408 = ORIENTED_EDGE('',*,*,#12409,.F.);
#12409 = EDGE_CURVE('',#12410,#12401,#12412,.T.);
#12410 = VERTEX_POINT('',#12411);
#12411 = CARTESIAN_POINT('',(289.5,317.5,565.));
#12412 = LINE('',#12413,#12414);
#12413 = CARTESIAN_POINT('',(289.5,317.5,565.));
#12414 = VECTOR('',#12415,1.);
#12415 = DIRECTION('',(0.,0.,1.));
#12416 = ORIENTED_EDGE('',*,*,#12417,.T.);
#12417 = EDGE_CURVE('',#12410,#12410,#12418,.T.);
#12418 = CIRCLE('',#12419,2.);
#12419 = AXIS2_PLACEMENT_3D('',#12420,#12421,#12422);
#12420 = CARTESIAN_POINT('',(287.5,317.5,565.));
#12421 = DIRECTION('',(0.,0.,1.));
#12422 = DIRECTION('',(1.,0.,0.));
#12423 = ORIENTED_EDGE('',*,*,#12409,.T.);
#12424 = CYLINDRICAL_SURFACE('',#12425,2.);
#12425 = AXIS2_PLACEMENT_3D('',#12426,#12427,#12428);
#12426 = CARTESIAN_POINT('',(287.5,317.5,565.));
#12427 = DIRECTION('',(0.,0.,1.));
#12428 = DIRECTION('',(1.,0.,0.));
#12429 = ADVANCED_FACE('',(#12430),#12433,.T.);
#12430 = FACE_BOUND('',#12431,.T.);
#12431 = EDGE_LOOP('',(#12432));
#12432 = ORIENTED_EDGE('',*,*,#12400,.T.);
#12433 = PLANE('',#12434);
#12434 = AXIS2_PLACEMENT_3D('',#12435,#12436,#12437);
#12435 = CARTESIAN_POINT('',(287.5,317.5,615.));
#12436 = DIRECTION('',(0.,0.,1.));
#12437 = DIRECTION('',(1.,0.,0.));
#12438 = ADVANCED_FACE('',(#12439),#12442,.F.);
#12439 = FACE_BOUND('',#12440,.T.);
#12440 = EDGE_LOOP('',(#12441));
#12441 = ORIENTED_EDGE('',*,*,#12417,.F.);
#12442 = PLANE('',#12443);
#12443 = AXIS2_PLACEMENT_3D('',#12444,#12445,#12446);
#12444 = CARTESIAN_POINT('',(287.5,317.5,565.));
#12445 = DIRECTION('',(0.,0.,1.));
#12446 = DIRECTION('',(1.,0.,0.));
#12447 = MANIFOLD_SOLID_BREP('',#12448);
#12448 = CLOSED_SHELL('',(#12449,#12482,#12491));
#12449 = ADVANCED_FACE('',(#12450),#12477,.T.);
#12450 = FACE_BOUND('',#12451,.T.);
#12451 = EDGE_LOOP('',(#12452,#12461,#12469,#12476));
#12452 = ORIENTED_EDGE('',*,*,#12453,.F.);
#12453 = EDGE_CURVE('',#12454,#12454,#12456,.T.);
#12454 = VERTEX_POINT('',#12455);
#12455 = CARTESIAN_POINT('',(414.5,192.5,615.));
#12456 = CIRCLE('',#12457,2.);
#12457 = AXIS2_PLACEMENT_3D('',#12458,#12459,#12460);
#12458 = CARTESIAN_POINT('',(412.5,192.5,615.));
#12459 = DIRECTION('',(0.,0.,1.));
#12460 = DIRECTION('',(1.,0.,0.));
#12461 = ORIENTED_EDGE('',*,*,#12462,.F.);
#12462 = EDGE_CURVE('',#12463,#12454,#12465,.T.);
#12463 = VERTEX_POINT('',#12464);
#12464 = CARTESIAN_POINT('',(414.5,192.5,565.));
#12465 = LINE('',#12466,#12467);
#12466 = CARTESIAN_POINT('',(414.5,192.5,565.));
#12467 = VECTOR('',#12468,1.);
#12468 = DIRECTION('',(0.,0.,1.));
#12469 = ORIENTED_EDGE('',*,*,#12470,.T.);
#12470 = EDGE_CURVE('',#12463,#12463,#12471,.T.);
#12471 = CIRCLE('',#12472,2.);
#12472 = AXIS2_PLACEMENT_3D('',#12473,#12474,#12475);
#12473 = CARTESIAN_POINT('',(412.5,192.5,565.));
#12474 = DIRECTION('',(0.,0.,1.));
#12475 = DIRECTION('',(1.,0.,0.));
#12476 = ORIENTED_EDGE('',*,*,#12462,.T.);
#12477 = CYLINDRICAL_SURFACE('',#12478,2.);
#12478 = AXIS2_PLACEMENT_3D('',#12479,#12480,#12481);
#12479 = CARTESIAN_POINT('',(412.5,192.5,565.));
#12480 = DIRECTION('',(0.,0.,1.));
#12481 = DIRECTION('',(1.,0.,0.));
#12482 = ADVANCED_FACE('',(#12483),#12486,.T.);
#12483 = FACE_BOUND('',#12484,.T.);
#12484 = EDGE_LOOP('',(#12485));
#12485 = ORIENTED_EDGE('',*,*,#12453,.T.);
#12486 = PLANE('',#12487);
#12487 = AXIS2_PLACEMENT_3D('',#12488,#12489,#12490);
#12488 = CARTESIAN_POINT('',(412.5,192.5,615.));
#12489 = DIRECTION('',(0.,0.,1.));
#12490 = DIRECTION('',(1.,0.,0.));
#12491 = ADVANCED_FACE('',(#12492),#12495,.F.);
#12492 = FACE_BOUND('',#12493,.T.);
#12493 = EDGE_LOOP('',(#12494));
#12494 = ORIENTED_EDGE('',*,*,#12470,.F.);
#12495 = PLANE('',#12496);
#12496 = AXIS2_PLACEMENT_3D('',#12497,#12498,#12499);
#12497 = CARTESIAN_POINT('',(412.5,192.5,565.));
#12498 = DIRECTION('',(0.,0.,1.));
#12499 = DIRECTION('',(1.,0.,0.));
#12500 = MANIFOLD_SOLID_BREP('',#12501);
#12501 = CLOSED_SHELL('',(#12502,#12535,#12544));
#12502 = ADVANCED_FACE('',(#12503),#12530,.T.);
#12503 = FACE_BOUND('',#12504,.T.);
#12504 = EDGE_LOOP('',(#12505,#12514,#12522,#12529));
#12505 = ORIENTED_EDGE('',*,*,#12506,.F.);
#12506 = EDGE_CURVE('',#12507,#12507,#12509,.T.);
#12507 = VERTEX_POINT('',#12508);
#12508 = CARTESIAN_POINT('',(414.5,317.5,615.));
#12509 = CIRCLE('',#12510,2.);
#12510 = AXIS2_PLACEMENT_3D('',#12511,#12512,#12513);
#12511 = CARTESIAN_POINT('',(412.5,317.5,615.));
#12512 = DIRECTION('',(0.,0.,1.));
#12513 = DIRECTION('',(1.,0.,0.));
#12514 = ORIENTED_EDGE('',*,*,#12515,.F.);
#12515 = EDGE_CURVE('',#12516,#12507,#12518,.T.);
#12516 = VERTEX_POINT('',#12517);
#12517 = CARTESIAN_POINT('',(414.5,317.5,565.));
#12518 = LINE('',#12519,#12520);
#12519 = CARTESIAN_POINT('',(414.5,317.5,565.));
#12520 = VECTOR('',#12521,1.);
#12521 = DIRECTION('',(0.,0.,1.));
#12522 = ORIENTED_EDGE('',*,*,#12523,.T.);
#12523 = EDGE_CURVE('',#12516,#12516,#12524,.T.);
#12524 = CIRCLE('',#12525,2.);
#12525 = AXIS2_PLACEMENT_3D('',#12526,#12527,#12528);
#12526 = CARTESIAN_POINT('',(412.5,317.5,565.));
#12527 = DIRECTION('',(0.,0.,1.));
#12528 = DIRECTION('',(1.,0.,0.));
#12529 = ORIENTED_EDGE('',*,*,#12515,.T.);
#12530 = CYLINDRICAL_SURFACE('',#12531,2.);
#12531 = AXIS2_PLACEMENT_3D('',#12532,#12533,#12534);
#12532 = CARTESIAN_POINT('',(412.5,317.5,565.));
#12533 = DIRECTION('',(0.,0.,1.));
#12534 = DIRECTION('',(1.,0.,0.));
#12535 = ADVANCED_FACE('',(#12536),#12539,.T.);
#12536 = FACE_BOUND('',#12537,.T.);
#12537 = EDGE_LOOP('',(#12538));
#12538 = ORIENTED_EDGE('',*,*,#12506,.T.);
#12539 = PLANE('',#12540);
#12540 = AXIS2_PLACEMENT_3D('',#12541,#12542,#12543);
#12541 = CARTESIAN_POINT('',(412.5,317.5,615.));
#12542 = DIRECTION('',(0.,0.,1.));
#12543 = DIRECTION('',(1.,0.,0.));
#12544 = ADVANCED_FACE('',(#12545),#12548,.F.);
#12545 = FACE_BOUND('',#12546,.T.);
#12546 = EDGE_LOOP('',(#12547));
#12547 = ORIENTED_EDGE('',*,*,#12523,.F.);
#12548 = PLANE('',#12549);
#12549 = AXIS2_PLACEMENT_3D('',#12550,#12551,#12552);
#12550 = CARTESIAN_POINT('',(412.5,317.5,565.));
#12551 = DIRECTION('',(0.,0.,1.));
#12552 = DIRECTION('',(1.,0.,0.));
#12553 = MANIFOLD_SOLID_BREP('',#12554);
#12554 = CLOSED_SHELL('',(#12555,#12595,#12626,#12870,#12894,#13131,
    #13143,#13160,#13177,#13194,#13211,#13228,#13245,#13262,#13279,
    #13296,#13313,#13330,#13347,#13364,#13381,#13398,#13415,#13432,
    #13449,#13466));
#12555 = ADVANCED_FACE('',(#12556),#12590,.F.);
#12556 = FACE_BOUND('',#12557,.F.);
#12557 = EDGE_LOOP('',(#12558,#12568,#12576,#12584));
#12558 = ORIENTED_EDGE('',*,*,#12559,.F.);
#12559 = EDGE_CURVE('',#12560,#12562,#12564,.T.);
#12560 = VERTEX_POINT('',#12561);
#12561 = CARTESIAN_POINT('',(0.,0.,571.));
#12562 = VERTEX_POINT('',#12563);
#12563 = CARTESIAN_POINT('',(0.,0.,580.));
#12564 = LINE('',#12565,#12566);
#12565 = CARTESIAN_POINT('',(0.,0.,571.));
#12566 = VECTOR('',#12567,1.);
#12567 = DIRECTION('',(0.,0.,1.));
#12568 = ORIENTED_EDGE('',*,*,#12569,.T.);
#12569 = EDGE_CURVE('',#12560,#12570,#12572,.T.);
#12570 = VERTEX_POINT('',#12571);
#12571 = CARTESIAN_POINT('',(0.,360.,571.));
#12572 = LINE('',#12573,#12574);
#12573 = CARTESIAN_POINT('',(0.,0.,571.));
#12574 = VECTOR('',#12575,1.);
#12575 = DIRECTION('',(0.,1.,0.));
#12576 = ORIENTED_EDGE('',*,*,#12577,.T.);
#12577 = EDGE_CURVE('',#12570,#12578,#12580,.T.);
#12578 = VERTEX_POINT('',#12579);
#12579 = CARTESIAN_POINT('',(0.,360.,580.));
#12580 = LINE('',#12581,#12582);
#12581 = CARTESIAN_POINT('',(0.,360.,571.));
#12582 = VECTOR('',#12583,1.);
#12583 = DIRECTION('',(0.,0.,1.));
#12584 = ORIENTED_EDGE('',*,*,#12585,.F.);
#12585 = EDGE_CURVE('',#12562,#12578,#12586,.T.);
#12586 = LINE('',#12587,#12588);
#12587 = CARTESIAN_POINT('',(0.,0.,580.));
#12588 = VECTOR('',#12589,1.);
#12589 = DIRECTION('',(0.,1.,0.));
#12590 = PLANE('',#12591);
#12591 = AXIS2_PLACEMENT_3D('',#12592,#12593,#12594);
#12592 = CARTESIAN_POINT('',(0.,0.,571.));
#12593 = DIRECTION('',(1.,0.,0.));
#12594 = DIRECTION('',(0.,0.,1.));
#12595 = ADVANCED_FACE('',(#12596),#12621,.F.);
#12596 = FACE_BOUND('',#12597,.F.);
#12597 = EDGE_LOOP('',(#12598,#12606,#12607,#12615));
#12598 = ORIENTED_EDGE('',*,*,#12599,.F.);
#12599 = EDGE_CURVE('',#12560,#12600,#12602,.T.);
#12600 = VERTEX_POINT('',#12601);
#12601 = CARTESIAN_POINT('',(550.,0.,571.));
#12602 = LINE('',#12603,#12604);
#12603 = CARTESIAN_POINT('',(0.,0.,571.));
#12604 = VECTOR('',#12605,1.);
#12605 = DIRECTION('',(1.,0.,0.));
#12606 = ORIENTED_EDGE('',*,*,#12559,.T.);
#12607 = ORIENTED_EDGE('',*,*,#12608,.T.);
#12608 = EDGE_CURVE('',#12562,#12609,#12611,.T.);
#12609 = VERTEX_POINT('',#12610);
#12610 = CARTESIAN_POINT('',(550.,0.,580.));
#12611 = LINE('',#12612,#12613);
#12612 = CARTESIAN_POINT('',(0.,0.,580.));
#12613 = VECTOR('',#12614,1.);
#12614 = DIRECTION('',(1.,0.,0.));
#12615 = ORIENTED_EDGE('',*,*,#12616,.F.);
#12616 = EDGE_CURVE('',#12600,#12609,#12617,.T.);
#12617 = LINE('',#12618,#12619);
#12618 = CARTESIAN_POINT('',(550.,0.,571.));
#12619 = VECTOR('',#12620,1.);
#12620 = DIRECTION('',(0.,0.,1.));
#12621 = PLANE('',#12622);
#12622 = AXIS2_PLACEMENT_3D('',#12623,#12624,#12625);
#12623 = CARTESIAN_POINT('',(0.,0.,571.));
#12624 = DIRECTION('',(0.,1.,0.));
#12625 = DIRECTION('',(0.,0.,1.));
#12626 = ADVANCED_FACE('',(#12627,#12645,#12656,#12667,#12678,#12689,
    #12700,#12711,#12722,#12733,#12744,#12755,#12766,#12777,#12788,
    #12799,#12810,#12821,#12832,#12843,#12854),#12865,.T.);
#12627 = FACE_BOUND('',#12628,.T.);
#12628 = EDGE_LOOP('',(#12629,#12630,#12631,#12639));
#12629 = ORIENTED_EDGE('',*,*,#12585,.F.);
#12630 = ORIENTED_EDGE('',*,*,#12608,.T.);
#12631 = ORIENTED_EDGE('',*,*,#12632,.T.);
#12632 = EDGE_CURVE('',#12609,#12633,#12635,.T.);
#12633 = VERTEX_POINT('',#12634);
#12634 = CARTESIAN_POINT('',(550.,360.,580.));
#12635 = LINE('',#12636,#12637);
#12636 = CARTESIAN_POINT('',(550.,0.,580.));
#12637 = VECTOR('',#12638,1.);
#12638 = DIRECTION('',(0.,1.,0.));
#12639 = ORIENTED_EDGE('',*,*,#12640,.F.);
#12640 = EDGE_CURVE('',#12578,#12633,#12641,.T.);
#12641 = LINE('',#12642,#12643);
#12642 = CARTESIAN_POINT('',(0.,360.,580.));
#12643 = VECTOR('',#12644,1.);
#12644 = DIRECTION('',(1.,0.,0.));
#12645 = FACE_BOUND('',#12646,.T.);
#12646 = EDGE_LOOP('',(#12647));
#12647 = ORIENTED_EDGE('',*,*,#12648,.F.);
#12648 = EDGE_CURVE('',#12649,#12649,#12651,.T.);
#12649 = VERTEX_POINT('',#12650);
#12650 = CARTESIAN_POINT('',(139.75,42.5,580.));
#12651 = CIRCLE('',#12652,2.25);
#12652 = AXIS2_PLACEMENT_3D('',#12653,#12654,#12655);
#12653 = CARTESIAN_POINT('',(137.5,42.5,580.));
#12654 = DIRECTION('',(0.,0.,1.));
#12655 = DIRECTION('',(1.,0.,0.));
#12656 = FACE_BOUND('',#12657,.T.);
#12657 = EDGE_LOOP('',(#12658));
#12658 = ORIENTED_EDGE('',*,*,#12659,.F.);
#12659 = EDGE_CURVE('',#12660,#12660,#12662,.T.);
#12660 = VERTEX_POINT('',#12661);
#12661 = CARTESIAN_POINT('',(267.1,105.,580.));
#12662 = CIRCLE('',#12663,67.1);
#12663 = AXIS2_PLACEMENT_3D('',#12664,#12665,#12666);
#12664 = CARTESIAN_POINT('',(200.,105.,580.));
#12665 = DIRECTION('',(0.,0.,1.));
#12666 = DIRECTION('',(1.,0.,0.));
#12667 = FACE_BOUND('',#12668,.T.);
#12668 = EDGE_LOOP('',(#12669));
#12669 = ORIENTED_EDGE('',*,*,#12670,.F.);
#12670 = EDGE_CURVE('',#12671,#12671,#12673,.T.);
#12671 = VERTEX_POINT('',#12672);
#12672 = CARTESIAN_POINT('',(264.75,42.5,580.));
#12673 = CIRCLE('',#12674,2.25);
#12674 = AXIS2_PLACEMENT_3D('',#12675,#12676,#12677);
#12675 = CARTESIAN_POINT('',(262.5,42.5,580.));
#12676 = DIRECTION('',(0.,0.,1.));
#12677 = DIRECTION('',(1.,0.,0.));
#12678 = FACE_BOUND('',#12679,.T.);
#12679 = EDGE_LOOP('',(#12680));
#12680 = ORIENTED_EDGE('',*,*,#12681,.F.);
#12681 = EDGE_CURVE('',#12682,#12682,#12684,.T.);
#12682 = VERTEX_POINT('',#12683);
#12683 = CARTESIAN_POINT('',(139.75,167.5,580.));
#12684 = CIRCLE('',#12685,2.25);
#12685 = AXIS2_PLACEMENT_3D('',#12686,#12687,#12688);
#12686 = CARTESIAN_POINT('',(137.5,167.5,580.));
#12687 = DIRECTION('',(0.,0.,1.));
#12688 = DIRECTION('',(1.,0.,0.));
#12689 = FACE_BOUND('',#12690,.T.);
#12690 = EDGE_LOOP('',(#12691));
#12691 = ORIENTED_EDGE('',*,*,#12692,.F.);
#12692 = EDGE_CURVE('',#12693,#12693,#12695,.T.);
#12693 = VERTEX_POINT('',#12694);
#12694 = CARTESIAN_POINT('',(264.75,167.5,580.));
#12695 = CIRCLE('',#12696,2.25);
#12696 = AXIS2_PLACEMENT_3D('',#12697,#12698,#12699);
#12697 = CARTESIAN_POINT('',(262.5,167.5,580.));
#12698 = DIRECTION('',(0.,0.,1.));
#12699 = DIRECTION('',(1.,0.,0.));
#12700 = FACE_BOUND('',#12701,.T.);
#12701 = EDGE_LOOP('',(#12702));
#12702 = ORIENTED_EDGE('',*,*,#12703,.F.);
#12703 = EDGE_CURVE('',#12704,#12704,#12706,.T.);
#12704 = VERTEX_POINT('',#12705);
#12705 = CARTESIAN_POINT('',(289.75,42.5,580.));
#12706 = CIRCLE('',#12707,2.25);
#12707 = AXIS2_PLACEMENT_3D('',#12708,#12709,#12710);
#12708 = CARTESIAN_POINT('',(287.5,42.5,580.));
#12709 = DIRECTION('',(0.,0.,1.));
#12710 = DIRECTION('',(1.,0.,0.));
#12711 = FACE_BOUND('',#12712,.T.);
#12712 = EDGE_LOOP('',(#12713));
#12713 = ORIENTED_EDGE('',*,*,#12714,.F.);
#12714 = EDGE_CURVE('',#12715,#12715,#12717,.T.);
#12715 = VERTEX_POINT('',#12716);
#12716 = CARTESIAN_POINT('',(414.75,42.5,580.));
#12717 = CIRCLE('',#12718,2.25);
#12718 = AXIS2_PLACEMENT_3D('',#12719,#12720,#12721);
#12719 = CARTESIAN_POINT('',(412.5,42.5,580.));
#12720 = DIRECTION('',(0.,0.,1.));
#12721 = DIRECTION('',(1.,0.,0.));
#12722 = FACE_BOUND('',#12723,.T.);
#12723 = EDGE_LOOP('',(#12724));
#12724 = ORIENTED_EDGE('',*,*,#12725,.F.);
#12725 = EDGE_CURVE('',#12726,#12726,#12728,.T.);
#12726 = VERTEX_POINT('',#12727);
#12727 = CARTESIAN_POINT('',(417.1,105.,580.));
#12728 = CIRCLE('',#12729,67.1);
#12729 = AXIS2_PLACEMENT_3D('',#12730,#12731,#12732);
#12730 = CARTESIAN_POINT('',(350.,105.,580.));
#12731 = DIRECTION('',(0.,0.,1.));
#12732 = DIRECTION('',(1.,0.,0.));
#12733 = FACE_BOUND('',#12734,.T.);
#12734 = EDGE_LOOP('',(#12735));
#12735 = ORIENTED_EDGE('',*,*,#12736,.F.);
#12736 = EDGE_CURVE('',#12737,#12737,#12739,.T.);
#12737 = VERTEX_POINT('',#12738);
#12738 = CARTESIAN_POINT('',(289.75,167.5,580.));
#12739 = CIRCLE('',#12740,2.25);
#12740 = AXIS2_PLACEMENT_3D('',#12741,#12742,#12743);
#12741 = CARTESIAN_POINT('',(287.5,167.5,580.));
#12742 = DIRECTION('',(0.,0.,1.));
#12743 = DIRECTION('',(1.,0.,0.));
#12744 = FACE_BOUND('',#12745,.T.);
#12745 = EDGE_LOOP('',(#12746));
#12746 = ORIENTED_EDGE('',*,*,#12747,.F.);
#12747 = EDGE_CURVE('',#12748,#12748,#12750,.T.);
#12748 = VERTEX_POINT('',#12749);
#12749 = CARTESIAN_POINT('',(414.75,167.5,580.));
#12750 = CIRCLE('',#12751,2.25);
#12751 = AXIS2_PLACEMENT_3D('',#12752,#12753,#12754);
#12752 = CARTESIAN_POINT('',(412.5,167.5,580.));
#12753 = DIRECTION('',(0.,0.,1.));
#12754 = DIRECTION('',(1.,0.,0.));
#12755 = FACE_BOUND('',#12756,.T.);
#12756 = EDGE_LOOP('',(#12757));
#12757 = ORIENTED_EDGE('',*,*,#12758,.F.);
#12758 = EDGE_CURVE('',#12759,#12759,#12761,.T.);
#12759 = VERTEX_POINT('',#12760);
#12760 = CARTESIAN_POINT('',(139.75,192.5,580.));
#12761 = CIRCLE('',#12762,2.25);
#12762 = AXIS2_PLACEMENT_3D('',#12763,#12764,#12765);
#12763 = CARTESIAN_POINT('',(137.5,192.5,580.));
#12764 = DIRECTION('',(0.,0.,1.));
#12765 = DIRECTION('',(1.,0.,0.));
#12766 = FACE_BOUND('',#12767,.T.);
#12767 = EDGE_LOOP('',(#12768));
#12768 = ORIENTED_EDGE('',*,*,#12769,.F.);
#12769 = EDGE_CURVE('',#12770,#12770,#12772,.T.);
#12770 = VERTEX_POINT('',#12771);
#12771 = CARTESIAN_POINT('',(264.75,192.5,580.));
#12772 = CIRCLE('',#12773,2.25);
#12773 = AXIS2_PLACEMENT_3D('',#12774,#12775,#12776);
#12774 = CARTESIAN_POINT('',(262.5,192.5,580.));
#12775 = DIRECTION('',(0.,0.,1.));
#12776 = DIRECTION('',(1.,0.,0.));
#12777 = FACE_BOUND('',#12778,.T.);
#12778 = EDGE_LOOP('',(#12779));
#12779 = ORIENTED_EDGE('',*,*,#12780,.F.);
#12780 = EDGE_CURVE('',#12781,#12781,#12783,.T.);
#12781 = VERTEX_POINT('',#12782);
#12782 = CARTESIAN_POINT('',(267.1,255.,580.));
#12783 = CIRCLE('',#12784,67.1);
#12784 = AXIS2_PLACEMENT_3D('',#12785,#12786,#12787);
#12785 = CARTESIAN_POINT('',(200.,255.,580.));
#12786 = DIRECTION('',(0.,0.,1.));
#12787 = DIRECTION('',(1.,0.,0.));
#12788 = FACE_BOUND('',#12789,.T.);
#12789 = EDGE_LOOP('',(#12790));
#12790 = ORIENTED_EDGE('',*,*,#12791,.F.);
#12791 = EDGE_CURVE('',#12792,#12792,#12794,.T.);
#12792 = VERTEX_POINT('',#12793);
#12793 = CARTESIAN_POINT('',(139.75,317.5,580.));
#12794 = CIRCLE('',#12795,2.25);
#12795 = AXIS2_PLACEMENT_3D('',#12796,#12797,#12798);
#12796 = CARTESIAN_POINT('',(137.5,317.5,580.));
#12797 = DIRECTION('',(0.,0.,1.));
#12798 = DIRECTION('',(1.,0.,0.));
#12799 = FACE_BOUND('',#12800,.T.);
#12800 = EDGE_LOOP('',(#12801));
#12801 = ORIENTED_EDGE('',*,*,#12802,.F.);
#12802 = EDGE_CURVE('',#12803,#12803,#12805,.T.);
#12803 = VERTEX_POINT('',#12804);
#12804 = CARTESIAN_POINT('',(264.75,317.5,580.));
#12805 = CIRCLE('',#12806,2.25);
#12806 = AXIS2_PLACEMENT_3D('',#12807,#12808,#12809);
#12807 = CARTESIAN_POINT('',(262.5,317.5,580.));
#12808 = DIRECTION('',(0.,0.,1.));
#12809 = DIRECTION('',(1.,0.,0.));
#12810 = FACE_BOUND('',#12811,.T.);
#12811 = EDGE_LOOP('',(#12812));
#12812 = ORIENTED_EDGE('',*,*,#12813,.F.);
#12813 = EDGE_CURVE('',#12814,#12814,#12816,.T.);
#12814 = VERTEX_POINT('',#12815);
#12815 = CARTESIAN_POINT('',(289.75,192.5,580.));
#12816 = CIRCLE('',#12817,2.25);
#12817 = AXIS2_PLACEMENT_3D('',#12818,#12819,#12820);
#12818 = CARTESIAN_POINT('',(287.5,192.5,580.));
#12819 = DIRECTION('',(0.,0.,1.));
#12820 = DIRECTION('',(1.,0.,0.));
#12821 = FACE_BOUND('',#12822,.T.);
#12822 = EDGE_LOOP('',(#12823));
#12823 = ORIENTED_EDGE('',*,*,#12824,.F.);
#12824 = EDGE_CURVE('',#12825,#12825,#12827,.T.);
#12825 = VERTEX_POINT('',#12826);
#12826 = CARTESIAN_POINT('',(414.75,192.5,580.));
#12827 = CIRCLE('',#12828,2.25);
#12828 = AXIS2_PLACEMENT_3D('',#12829,#12830,#12831);
#12829 = CARTESIAN_POINT('',(412.5,192.5,580.));
#12830 = DIRECTION('',(0.,0.,1.));
#12831 = DIRECTION('',(1.,0.,0.));
#12832 = FACE_BOUND('',#12833,.T.);
#12833 = EDGE_LOOP('',(#12834));
#12834 = ORIENTED_EDGE('',*,*,#12835,.F.);
#12835 = EDGE_CURVE('',#12836,#12836,#12838,.T.);
#12836 = VERTEX_POINT('',#12837);
#12837 = CARTESIAN_POINT('',(289.75,317.5,580.));
#12838 = CIRCLE('',#12839,2.25);
#12839 = AXIS2_PLACEMENT_3D('',#12840,#12841,#12842);
#12840 = CARTESIAN_POINT('',(287.5,317.5,580.));
#12841 = DIRECTION('',(0.,0.,1.));
#12842 = DIRECTION('',(1.,0.,0.));
#12843 = FACE_BOUND('',#12844,.T.);
#12844 = EDGE_LOOP('',(#12845));
#12845 = ORIENTED_EDGE('',*,*,#12846,.F.);
#12846 = EDGE_CURVE('',#12847,#12847,#12849,.T.);
#12847 = VERTEX_POINT('',#12848);
#12848 = CARTESIAN_POINT('',(417.1,255.,580.));
#12849 = CIRCLE('',#12850,67.1);
#12850 = AXIS2_PLACEMENT_3D('',#12851,#12852,#12853);
#12851 = CARTESIAN_POINT('',(350.,255.,580.));
#12852 = DIRECTION('',(0.,0.,1.));
#12853 = DIRECTION('',(1.,0.,0.));
#12854 = FACE_BOUND('',#12855,.T.);
#12855 = EDGE_LOOP('',(#12856));
#12856 = ORIENTED_EDGE('',*,*,#12857,.F.);
#12857 = EDGE_CURVE('',#12858,#12858,#12860,.T.);
#12858 = VERTEX_POINT('',#12859);
#12859 = CARTESIAN_POINT('',(414.75,317.5,580.));
#12860 = CIRCLE('',#12861,2.25);
#12861 = AXIS2_PLACEMENT_3D('',#12862,#12863,#12864);
#12862 = CARTESIAN_POINT('',(412.5,317.5,580.));
#12863 = DIRECTION('',(0.,0.,1.));
#12864 = DIRECTION('',(1.,0.,0.));
#12865 = PLANE('',#12866);
#12866 = AXIS2_PLACEMENT_3D('',#12867,#12868,#12869);
#12867 = CARTESIAN_POINT('',(0.,0.,580.));
#12868 = DIRECTION('',(0.,0.,1.));
#12869 = DIRECTION('',(1.,0.,0.));
#12870 = ADVANCED_FACE('',(#12871),#12889,.T.);
#12871 = FACE_BOUND('',#12872,.T.);
#12872 = EDGE_LOOP('',(#12873,#12881,#12882,#12883));
#12873 = ORIENTED_EDGE('',*,*,#12874,.F.);
#12874 = EDGE_CURVE('',#12570,#12875,#12877,.T.);
#12875 = VERTEX_POINT('',#12876);
#12876 = CARTESIAN_POINT('',(550.,360.,571.));
#12877 = LINE('',#12878,#12879);
#12878 = CARTESIAN_POINT('',(0.,360.,571.));
#12879 = VECTOR('',#12880,1.);
#12880 = DIRECTION('',(1.,0.,0.));
#12881 = ORIENTED_EDGE('',*,*,#12577,.T.);
#12882 = ORIENTED_EDGE('',*,*,#12640,.T.);
#12883 = ORIENTED_EDGE('',*,*,#12884,.F.);
#12884 = EDGE_CURVE('',#12875,#12633,#12885,.T.);
#12885 = LINE('',#12886,#12887);
#12886 = CARTESIAN_POINT('',(550.,360.,571.));
#12887 = VECTOR('',#12888,1.);
#12888 = DIRECTION('',(0.,0.,1.));
#12889 = PLANE('',#12890);
#12890 = AXIS2_PLACEMENT_3D('',#12891,#12892,#12893);
#12891 = CARTESIAN_POINT('',(0.,360.,571.));
#12892 = DIRECTION('',(0.,1.,0.));
#12893 = DIRECTION('',(0.,0.,1.));
#12894 = ADVANCED_FACE('',(#12895,#12906,#12917,#12928,#12939,#12950,
    #12961,#12972,#12983,#12994,#13005,#13016,#13027,#13038,#13049,
    #13060,#13071,#13082,#13093,#13104,#13115),#13126,.F.);
#12895 = FACE_BOUND('',#12896,.F.);
#12896 = EDGE_LOOP('',(#12897,#12898,#12899,#12905));
#12897 = ORIENTED_EDGE('',*,*,#12569,.F.);
#12898 = ORIENTED_EDGE('',*,*,#12599,.T.);
#12899 = ORIENTED_EDGE('',*,*,#12900,.T.);
#12900 = EDGE_CURVE('',#12600,#12875,#12901,.T.);
#12901 = LINE('',#12902,#12903);
#12902 = CARTESIAN_POINT('',(550.,0.,571.));
#12903 = VECTOR('',#12904,1.);
#12904 = DIRECTION('',(0.,1.,0.));
#12905 = ORIENTED_EDGE('',*,*,#12874,.F.);
#12906 = FACE_BOUND('',#12907,.F.);
#12907 = EDGE_LOOP('',(#12908));
#12908 = ORIENTED_EDGE('',*,*,#12909,.F.);
#12909 = EDGE_CURVE('',#12910,#12910,#12912,.T.);
#12910 = VERTEX_POINT('',#12911);
#12911 = CARTESIAN_POINT('',(139.75,42.5,571.));
#12912 = CIRCLE('',#12913,2.25);
#12913 = AXIS2_PLACEMENT_3D('',#12914,#12915,#12916);
#12914 = CARTESIAN_POINT('',(137.5,42.5,571.));
#12915 = DIRECTION('',(0.,0.,1.));
#12916 = DIRECTION('',(1.,0.,0.));
#12917 = FACE_BOUND('',#12918,.F.);
#12918 = EDGE_LOOP('',(#12919));
#12919 = ORIENTED_EDGE('',*,*,#12920,.F.);
#12920 = EDGE_CURVE('',#12921,#12921,#12923,.T.);
#12921 = VERTEX_POINT('',#12922);
#12922 = CARTESIAN_POINT('',(267.1,105.,571.));
#12923 = CIRCLE('',#12924,67.1);
#12924 = AXIS2_PLACEMENT_3D('',#12925,#12926,#12927);
#12925 = CARTESIAN_POINT('',(200.,105.,571.));
#12926 = DIRECTION('',(0.,0.,1.));
#12927 = DIRECTION('',(1.,0.,0.));
#12928 = FACE_BOUND('',#12929,.F.);
#12929 = EDGE_LOOP('',(#12930));
#12930 = ORIENTED_EDGE('',*,*,#12931,.F.);
#12931 = EDGE_CURVE('',#12932,#12932,#12934,.T.);
#12932 = VERTEX_POINT('',#12933);
#12933 = CARTESIAN_POINT('',(264.75,42.5,571.));
#12934 = CIRCLE('',#12935,2.25);
#12935 = AXIS2_PLACEMENT_3D('',#12936,#12937,#12938);
#12936 = CARTESIAN_POINT('',(262.5,42.5,571.));
#12937 = DIRECTION('',(0.,0.,1.));
#12938 = DIRECTION('',(1.,0.,0.));
#12939 = FACE_BOUND('',#12940,.F.);
#12940 = EDGE_LOOP('',(#12941));
#12941 = ORIENTED_EDGE('',*,*,#12942,.F.);
#12942 = EDGE_CURVE('',#12943,#12943,#12945,.T.);
#12943 = VERTEX_POINT('',#12944);
#12944 = CARTESIAN_POINT('',(139.75,167.5,571.));
#12945 = CIRCLE('',#12946,2.25);
#12946 = AXIS2_PLACEMENT_3D('',#12947,#12948,#12949);
#12947 = CARTESIAN_POINT('',(137.5,167.5,571.));
#12948 = DIRECTION('',(0.,0.,1.));
#12949 = DIRECTION('',(1.,0.,0.));
#12950 = FACE_BOUND('',#12951,.F.);
#12951 = EDGE_LOOP('',(#12952));
#12952 = ORIENTED_EDGE('',*,*,#12953,.F.);
#12953 = EDGE_CURVE('',#12954,#12954,#12956,.T.);
#12954 = VERTEX_POINT('',#12955);
#12955 = CARTESIAN_POINT('',(264.75,167.5,571.));
#12956 = CIRCLE('',#12957,2.25);
#12957 = AXIS2_PLACEMENT_3D('',#12958,#12959,#12960);
#12958 = CARTESIAN_POINT('',(262.5,167.5,571.));
#12959 = DIRECTION('',(0.,0.,1.));
#12960 = DIRECTION('',(1.,0.,0.));
#12961 = FACE_BOUND('',#12962,.F.);
#12962 = EDGE_LOOP('',(#12963));
#12963 = ORIENTED_EDGE('',*,*,#12964,.F.);
#12964 = EDGE_CURVE('',#12965,#12965,#12967,.T.);
#12965 = VERTEX_POINT('',#12966);
#12966 = CARTESIAN_POINT('',(289.75,42.5,571.));
#12967 = CIRCLE('',#12968,2.25);
#12968 = AXIS2_PLACEMENT_3D('',#12969,#12970,#12971);
#12969 = CARTESIAN_POINT('',(287.5,42.5,571.));
#12970 = DIRECTION('',(0.,0.,1.));
#12971 = DIRECTION('',(1.,0.,0.));
#12972 = FACE_BOUND('',#12973,.F.);
#12973 = EDGE_LOOP('',(#12974));
#12974 = ORIENTED_EDGE('',*,*,#12975,.F.);
#12975 = EDGE_CURVE('',#12976,#12976,#12978,.T.);
#12976 = VERTEX_POINT('',#12977);
#12977 = CARTESIAN_POINT('',(414.75,42.5,571.));
#12978 = CIRCLE('',#12979,2.25);
#12979 = AXIS2_PLACEMENT_3D('',#12980,#12981,#12982);
#12980 = CARTESIAN_POINT('',(412.5,42.5,571.));
#12981 = DIRECTION('',(0.,0.,1.));
#12982 = DIRECTION('',(1.,0.,0.));
#12983 = FACE_BOUND('',#12984,.F.);
#12984 = EDGE_LOOP('',(#12985));
#12985 = ORIENTED_EDGE('',*,*,#12986,.F.);
#12986 = EDGE_CURVE('',#12987,#12987,#12989,.T.);
#12987 = VERTEX_POINT('',#12988);
#12988 = CARTESIAN_POINT('',(417.1,105.,571.));
#12989 = CIRCLE('',#12990,67.1);
#12990 = AXIS2_PLACEMENT_3D('',#12991,#12992,#12993);
#12991 = CARTESIAN_POINT('',(350.,105.,571.));
#12992 = DIRECTION('',(0.,0.,1.));
#12993 = DIRECTION('',(1.,0.,0.));
#12994 = FACE_BOUND('',#12995,.F.);
#12995 = EDGE_LOOP('',(#12996));
#12996 = ORIENTED_EDGE('',*,*,#12997,.F.);
#12997 = EDGE_CURVE('',#12998,#12998,#13000,.T.);
#12998 = VERTEX_POINT('',#12999);
#12999 = CARTESIAN_POINT('',(289.75,167.5,571.));
#13000 = CIRCLE('',#13001,2.25);
#13001 = AXIS2_PLACEMENT_3D('',#13002,#13003,#13004);
#13002 = CARTESIAN_POINT('',(287.5,167.5,571.));
#13003 = DIRECTION('',(0.,0.,1.));
#13004 = DIRECTION('',(1.,0.,0.));
#13005 = FACE_BOUND('',#13006,.F.);
#13006 = EDGE_LOOP('',(#13007));
#13007 = ORIENTED_EDGE('',*,*,#13008,.F.);
#13008 = EDGE_CURVE('',#13009,#13009,#13011,.T.);
#13009 = VERTEX_POINT('',#13010);
#13010 = CARTESIAN_POINT('',(414.75,167.5,571.));
#13011 = CIRCLE('',#13012,2.25);
#13012 = AXIS2_PLACEMENT_3D('',#13013,#13014,#13015);
#13013 = CARTESIAN_POINT('',(412.5,167.5,571.));
#13014 = DIRECTION('',(0.,0.,1.));
#13015 = DIRECTION('',(1.,0.,0.));
#13016 = FACE_BOUND('',#13017,.F.);
#13017 = EDGE_LOOP('',(#13018));
#13018 = ORIENTED_EDGE('',*,*,#13019,.F.);
#13019 = EDGE_CURVE('',#13020,#13020,#13022,.T.);
#13020 = VERTEX_POINT('',#13021);
#13021 = CARTESIAN_POINT('',(139.75,192.5,571.));
#13022 = CIRCLE('',#13023,2.25);
#13023 = AXIS2_PLACEMENT_3D('',#13024,#13025,#13026);
#13024 = CARTESIAN_POINT('',(137.5,192.5,571.));
#13025 = DIRECTION('',(0.,0.,1.));
#13026 = DIRECTION('',(1.,0.,0.));
#13027 = FACE_BOUND('',#13028,.F.);
#13028 = EDGE_LOOP('',(#13029));
#13029 = ORIENTED_EDGE('',*,*,#13030,.F.);
#13030 = EDGE_CURVE('',#13031,#13031,#13033,.T.);
#13031 = VERTEX_POINT('',#13032);
#13032 = CARTESIAN_POINT('',(264.75,192.5,571.));
#13033 = CIRCLE('',#13034,2.25);
#13034 = AXIS2_PLACEMENT_3D('',#13035,#13036,#13037);
#13035 = CARTESIAN_POINT('',(262.5,192.5,571.));
#13036 = DIRECTION('',(0.,0.,1.));
#13037 = DIRECTION('',(1.,0.,0.));
#13038 = FACE_BOUND('',#13039,.F.);
#13039 = EDGE_LOOP('',(#13040));
#13040 = ORIENTED_EDGE('',*,*,#13041,.F.);
#13041 = EDGE_CURVE('',#13042,#13042,#13044,.T.);
#13042 = VERTEX_POINT('',#13043);
#13043 = CARTESIAN_POINT('',(267.1,255.,571.));
#13044 = CIRCLE('',#13045,67.1);
#13045 = AXIS2_PLACEMENT_3D('',#13046,#13047,#13048);
#13046 = CARTESIAN_POINT('',(200.,255.,571.));
#13047 = DIRECTION('',(0.,0.,1.));
#13048 = DIRECTION('',(1.,0.,0.));
#13049 = FACE_BOUND('',#13050,.F.);
#13050 = EDGE_LOOP('',(#13051));
#13051 = ORIENTED_EDGE('',*,*,#13052,.F.);
#13052 = EDGE_CURVE('',#13053,#13053,#13055,.T.);
#13053 = VERTEX_POINT('',#13054);
#13054 = CARTESIAN_POINT('',(139.75,317.5,571.));
#13055 = CIRCLE('',#13056,2.25);
#13056 = AXIS2_PLACEMENT_3D('',#13057,#13058,#13059);
#13057 = CARTESIAN_POINT('',(137.5,317.5,571.));
#13058 = DIRECTION('',(0.,0.,1.));
#13059 = DIRECTION('',(1.,0.,0.));
#13060 = FACE_BOUND('',#13061,.F.);
#13061 = EDGE_LOOP('',(#13062));
#13062 = ORIENTED_EDGE('',*,*,#13063,.F.);
#13063 = EDGE_CURVE('',#13064,#13064,#13066,.T.);
#13064 = VERTEX_POINT('',#13065);
#13065 = CARTESIAN_POINT('',(264.75,317.5,571.));
#13066 = CIRCLE('',#13067,2.25);
#13067 = AXIS2_PLACEMENT_3D('',#13068,#13069,#13070);
#13068 = CARTESIAN_POINT('',(262.5,317.5,571.));
#13069 = DIRECTION('',(0.,0.,1.));
#13070 = DIRECTION('',(1.,0.,0.));
#13071 = FACE_BOUND('',#13072,.F.);
#13072 = EDGE_LOOP('',(#13073));
#13073 = ORIENTED_EDGE('',*,*,#13074,.F.);
#13074 = EDGE_CURVE('',#13075,#13075,#13077,.T.);
#13075 = VERTEX_POINT('',#13076);
#13076 = CARTESIAN_POINT('',(289.75,192.5,571.));
#13077 = CIRCLE('',#13078,2.25);
#13078 = AXIS2_PLACEMENT_3D('',#13079,#13080,#13081);
#13079 = CARTESIAN_POINT('',(287.5,192.5,571.));
#13080 = DIRECTION('',(0.,0.,1.));
#13081 = DIRECTION('',(1.,0.,0.));
#13082 = FACE_BOUND('',#13083,.F.);
#13083 = EDGE_LOOP('',(#13084));
#13084 = ORIENTED_EDGE('',*,*,#13085,.F.);
#13085 = EDGE_CURVE('',#13086,#13086,#13088,.T.);
#13086 = VERTEX_POINT('',#13087);
#13087 = CARTESIAN_POINT('',(414.75,192.5,571.));
#13088 = CIRCLE('',#13089,2.25);
#13089 = AXIS2_PLACEMENT_3D('',#13090,#13091,#13092);
#13090 = CARTESIAN_POINT('',(412.5,192.5,571.));
#13091 = DIRECTION('',(0.,0.,1.));
#13092 = DIRECTION('',(1.,0.,0.));
#13093 = FACE_BOUND('',#13094,.F.);
#13094 = EDGE_LOOP('',(#13095));
#13095 = ORIENTED_EDGE('',*,*,#13096,.F.);
#13096 = EDGE_CURVE('',#13097,#13097,#13099,.T.);
#13097 = VERTEX_POINT('',#13098);
#13098 = CARTESIAN_POINT('',(289.75,317.5,571.));
#13099 = CIRCLE('',#13100,2.25);
#13100 = AXIS2_PLACEMENT_3D('',#13101,#13102,#13103);
#13101 = CARTESIAN_POINT('',(287.5,317.5,571.));
#13102 = DIRECTION('',(0.,0.,1.));
#13103 = DIRECTION('',(1.,0.,0.));
#13104 = FACE_BOUND('',#13105,.F.);
#13105 = EDGE_LOOP('',(#13106));
#13106 = ORIENTED_EDGE('',*,*,#13107,.F.);
#13107 = EDGE_CURVE('',#13108,#13108,#13110,.T.);
#13108 = VERTEX_POINT('',#13109);
#13109 = CARTESIAN_POINT('',(417.1,255.,571.));
#13110 = CIRCLE('',#13111,67.1);
#13111 = AXIS2_PLACEMENT_3D('',#13112,#13113,#13114);
#13112 = CARTESIAN_POINT('',(350.,255.,571.));
#13113 = DIRECTION('',(0.,0.,1.));
#13114 = DIRECTION('',(1.,0.,0.));
#13115 = FACE_BOUND('',#13116,.F.);
#13116 = EDGE_LOOP('',(#13117));
#13117 = ORIENTED_EDGE('',*,*,#13118,.F.);
#13118 = EDGE_CURVE('',#13119,#13119,#13121,.T.);
#13119 = VERTEX_POINT('',#13120);
#13120 = CARTESIAN_POINT('',(414.75,317.5,571.));
#13121 = CIRCLE('',#13122,2.25);
#13122 = AXIS2_PLACEMENT_3D('',#13123,#13124,#13125);
#13123 = CARTESIAN_POINT('',(412.5,317.5,571.));
#13124 = DIRECTION('',(0.,0.,1.));
#13125 = DIRECTION('',(1.,0.,0.));
#13126 = PLANE('',#13127);
#13127 = AXIS2_PLACEMENT_3D('',#13128,#13129,#13130);
#13128 = CARTESIAN_POINT('',(0.,0.,571.));
#13129 = DIRECTION('',(0.,0.,1.));
#13130 = DIRECTION('',(1.,0.,0.));
#13131 = ADVANCED_FACE('',(#13132),#13138,.T.);
#13132 = FACE_BOUND('',#13133,.T.);
#13133 = EDGE_LOOP('',(#13134,#13135,#13136,#13137));
#13134 = ORIENTED_EDGE('',*,*,#12616,.F.);
#13135 = ORIENTED_EDGE('',*,*,#12900,.T.);
#13136 = ORIENTED_EDGE('',*,*,#12884,.T.);
#13137 = ORIENTED_EDGE('',*,*,#12632,.F.);
#13138 = PLANE('',#13139);
#13139 = AXIS2_PLACEMENT_3D('',#13140,#13141,#13142);
#13140 = CARTESIAN_POINT('',(550.,0.,571.));
#13141 = DIRECTION('',(1.,0.,0.));
#13142 = DIRECTION('',(0.,0.,1.));
#13143 = ADVANCED_FACE('',(#13144),#13155,.F.);
#13144 = FACE_BOUND('',#13145,.F.);
#13145 = EDGE_LOOP('',(#13146,#13147,#13153,#13154));
#13146 = ORIENTED_EDGE('',*,*,#12648,.F.);
#13147 = ORIENTED_EDGE('',*,*,#13148,.F.);
#13148 = EDGE_CURVE('',#12910,#12649,#13149,.T.);
#13149 = LINE('',#13150,#13151);
#13150 = CARTESIAN_POINT('',(139.75,42.5,570.));
#13151 = VECTOR('',#13152,1.);
#13152 = DIRECTION('',(0.,0.,1.));
#13153 = ORIENTED_EDGE('',*,*,#12909,.T.);
#13154 = ORIENTED_EDGE('',*,*,#13148,.T.);
#13155 = CYLINDRICAL_SURFACE('',#13156,2.25);
#13156 = AXIS2_PLACEMENT_3D('',#13157,#13158,#13159);
#13157 = CARTESIAN_POINT('',(137.5,42.5,570.));
#13158 = DIRECTION('',(0.,0.,1.));
#13159 = DIRECTION('',(1.,0.,0.));
#13160 = ADVANCED_FACE('',(#13161),#13172,.F.);
#13161 = FACE_BOUND('',#13162,.F.);
#13162 = EDGE_LOOP('',(#13163,#13164,#13170,#13171));
#13163 = ORIENTED_EDGE('',*,*,#12659,.F.);
#13164 = ORIENTED_EDGE('',*,*,#13165,.F.);
#13165 = EDGE_CURVE('',#12921,#12660,#13166,.T.);
#13166 = LINE('',#13167,#13168);
#13167 = CARTESIAN_POINT('',(267.1,105.,570.));
#13168 = VECTOR('',#13169,1.);
#13169 = DIRECTION('',(0.,0.,1.));
#13170 = ORIENTED_EDGE('',*,*,#12920,.T.);
#13171 = ORIENTED_EDGE('',*,*,#13165,.T.);
#13172 = CYLINDRICAL_SURFACE('',#13173,67.1);
#13173 = AXIS2_PLACEMENT_3D('',#13174,#13175,#13176);
#13174 = CARTESIAN_POINT('',(200.,105.,570.));
#13175 = DIRECTION('',(0.,0.,1.));
#13176 = DIRECTION('',(1.,0.,0.));
#13177 = ADVANCED_FACE('',(#13178),#13189,.F.);
#13178 = FACE_BOUND('',#13179,.F.);
#13179 = EDGE_LOOP('',(#13180,#13181,#13187,#13188));
#13180 = ORIENTED_EDGE('',*,*,#12670,.F.);
#13181 = ORIENTED_EDGE('',*,*,#13182,.F.);
#13182 = EDGE_CURVE('',#12932,#12671,#13183,.T.);
#13183 = LINE('',#13184,#13185);
#13184 = CARTESIAN_POINT('',(264.75,42.5,570.));
#13185 = VECTOR('',#13186,1.);
#13186 = DIRECTION('',(0.,0.,1.));
#13187 = ORIENTED_EDGE('',*,*,#12931,.T.);
#13188 = ORIENTED_EDGE('',*,*,#13182,.T.);
#13189 = CYLINDRICAL_SURFACE('',#13190,2.25);
#13190 = AXIS2_PLACEMENT_3D('',#13191,#13192,#13193);
#13191 = CARTESIAN_POINT('',(262.5,42.5,570.));
#13192 = DIRECTION('',(0.,0.,1.));
#13193 = DIRECTION('',(1.,0.,0.));
#13194 = ADVANCED_FACE('',(#13195),#13206,.F.);
#13195 = FACE_BOUND('',#13196,.F.);
#13196 = EDGE_LOOP('',(#13197,#13198,#13204,#13205));
#13197 = ORIENTED_EDGE('',*,*,#12681,.F.);
#13198 = ORIENTED_EDGE('',*,*,#13199,.F.);
#13199 = EDGE_CURVE('',#12943,#12682,#13200,.T.);
#13200 = LINE('',#13201,#13202);
#13201 = CARTESIAN_POINT('',(139.75,167.5,570.));
#13202 = VECTOR('',#13203,1.);
#13203 = DIRECTION('',(0.,0.,1.));
#13204 = ORIENTED_EDGE('',*,*,#12942,.T.);
#13205 = ORIENTED_EDGE('',*,*,#13199,.T.);
#13206 = CYLINDRICAL_SURFACE('',#13207,2.25);
#13207 = AXIS2_PLACEMENT_3D('',#13208,#13209,#13210);
#13208 = CARTESIAN_POINT('',(137.5,167.5,570.));
#13209 = DIRECTION('',(0.,0.,1.));
#13210 = DIRECTION('',(1.,0.,0.));
#13211 = ADVANCED_FACE('',(#13212),#13223,.F.);
#13212 = FACE_BOUND('',#13213,.F.);
#13213 = EDGE_LOOP('',(#13214,#13215,#13221,#13222));
#13214 = ORIENTED_EDGE('',*,*,#12692,.F.);
#13215 = ORIENTED_EDGE('',*,*,#13216,.F.);
#13216 = EDGE_CURVE('',#12954,#12693,#13217,.T.);
#13217 = LINE('',#13218,#13219);
#13218 = CARTESIAN_POINT('',(264.75,167.5,570.));
#13219 = VECTOR('',#13220,1.);
#13220 = DIRECTION('',(0.,0.,1.));
#13221 = ORIENTED_EDGE('',*,*,#12953,.T.);
#13222 = ORIENTED_EDGE('',*,*,#13216,.T.);
#13223 = CYLINDRICAL_SURFACE('',#13224,2.25);
#13224 = AXIS2_PLACEMENT_3D('',#13225,#13226,#13227);
#13225 = CARTESIAN_POINT('',(262.5,167.5,570.));
#13226 = DIRECTION('',(0.,0.,1.));
#13227 = DIRECTION('',(1.,0.,0.));
#13228 = ADVANCED_FACE('',(#13229),#13240,.F.);
#13229 = FACE_BOUND('',#13230,.F.);
#13230 = EDGE_LOOP('',(#13231,#13232,#13238,#13239));
#13231 = ORIENTED_EDGE('',*,*,#12703,.F.);
#13232 = ORIENTED_EDGE('',*,*,#13233,.F.);
#13233 = EDGE_CURVE('',#12965,#12704,#13234,.T.);
#13234 = LINE('',#13235,#13236);
#13235 = CARTESIAN_POINT('',(289.75,42.5,570.));
#13236 = VECTOR('',#13237,1.);
#13237 = DIRECTION('',(0.,0.,1.));
#13238 = ORIENTED_EDGE('',*,*,#12964,.T.);
#13239 = ORIENTED_EDGE('',*,*,#13233,.T.);
#13240 = CYLINDRICAL_SURFACE('',#13241,2.25);
#13241 = AXIS2_PLACEMENT_3D('',#13242,#13243,#13244);
#13242 = CARTESIAN_POINT('',(287.5,42.5,570.));
#13243 = DIRECTION('',(0.,0.,1.));
#13244 = DIRECTION('',(1.,0.,0.));
#13245 = ADVANCED_FACE('',(#13246),#13257,.F.);
#13246 = FACE_BOUND('',#13247,.F.);
#13247 = EDGE_LOOP('',(#13248,#13249,#13255,#13256));
#13248 = ORIENTED_EDGE('',*,*,#12714,.F.);
#13249 = ORIENTED_EDGE('',*,*,#13250,.F.);
#13250 = EDGE_CURVE('',#12976,#12715,#13251,.T.);
#13251 = LINE('',#13252,#13253);
#13252 = CARTESIAN_POINT('',(414.75,42.5,570.));
#13253 = VECTOR('',#13254,1.);
#13254 = DIRECTION('',(0.,0.,1.));
#13255 = ORIENTED_EDGE('',*,*,#12975,.T.);
#13256 = ORIENTED_EDGE('',*,*,#13250,.T.);
#13257 = CYLINDRICAL_SURFACE('',#13258,2.25);
#13258 = AXIS2_PLACEMENT_3D('',#13259,#13260,#13261);
#13259 = CARTESIAN_POINT('',(412.5,42.5,570.));
#13260 = DIRECTION('',(0.,0.,1.));
#13261 = DIRECTION('',(1.,0.,0.));
#13262 = ADVANCED_FACE('',(#13263),#13274,.F.);
#13263 = FACE_BOUND('',#13264,.F.);
#13264 = EDGE_LOOP('',(#13265,#13266,#13272,#13273));
#13265 = ORIENTED_EDGE('',*,*,#12725,.F.);
#13266 = ORIENTED_EDGE('',*,*,#13267,.F.);
#13267 = EDGE_CURVE('',#12987,#12726,#13268,.T.);
#13268 = LINE('',#13269,#13270);
#13269 = CARTESIAN_POINT('',(417.1,105.,570.));
#13270 = VECTOR('',#13271,1.);
#13271 = DIRECTION('',(0.,0.,1.));
#13272 = ORIENTED_EDGE('',*,*,#12986,.T.);
#13273 = ORIENTED_EDGE('',*,*,#13267,.T.);
#13274 = CYLINDRICAL_SURFACE('',#13275,67.1);
#13275 = AXIS2_PLACEMENT_3D('',#13276,#13277,#13278);
#13276 = CARTESIAN_POINT('',(350.,105.,570.));
#13277 = DIRECTION('',(0.,0.,1.));
#13278 = DIRECTION('',(1.,0.,0.));
#13279 = ADVANCED_FACE('',(#13280),#13291,.F.);
#13280 = FACE_BOUND('',#13281,.F.);
#13281 = EDGE_LOOP('',(#13282,#13283,#13289,#13290));
#13282 = ORIENTED_EDGE('',*,*,#12736,.F.);
#13283 = ORIENTED_EDGE('',*,*,#13284,.F.);
#13284 = EDGE_CURVE('',#12998,#12737,#13285,.T.);
#13285 = LINE('',#13286,#13287);
#13286 = CARTESIAN_POINT('',(289.75,167.5,570.));
#13287 = VECTOR('',#13288,1.);
#13288 = DIRECTION('',(0.,0.,1.));
#13289 = ORIENTED_EDGE('',*,*,#12997,.T.);
#13290 = ORIENTED_EDGE('',*,*,#13284,.T.);
#13291 = CYLINDRICAL_SURFACE('',#13292,2.25);
#13292 = AXIS2_PLACEMENT_3D('',#13293,#13294,#13295);
#13293 = CARTESIAN_POINT('',(287.5,167.5,570.));
#13294 = DIRECTION('',(0.,0.,1.));
#13295 = DIRECTION('',(1.,0.,0.));
#13296 = ADVANCED_FACE('',(#13297),#13308,.F.);
#13297 = FACE_BOUND('',#13298,.F.);
#13298 = EDGE_LOOP('',(#13299,#13300,#13306,#13307));
#13299 = ORIENTED_EDGE('',*,*,#12747,.F.);
#13300 = ORIENTED_EDGE('',*,*,#13301,.F.);
#13301 = EDGE_CURVE('',#13009,#12748,#13302,.T.);
#13302 = LINE('',#13303,#13304);
#13303 = CARTESIAN_POINT('',(414.75,167.5,570.));
#13304 = VECTOR('',#13305,1.);
#13305 = DIRECTION('',(0.,0.,1.));
#13306 = ORIENTED_EDGE('',*,*,#13008,.T.);
#13307 = ORIENTED_EDGE('',*,*,#13301,.T.);
#13308 = CYLINDRICAL_SURFACE('',#13309,2.25);
#13309 = AXIS2_PLACEMENT_3D('',#13310,#13311,#13312);
#13310 = CARTESIAN_POINT('',(412.5,167.5,570.));
#13311 = DIRECTION('',(0.,0.,1.));
#13312 = DIRECTION('',(1.,0.,0.));
#13313 = ADVANCED_FACE('',(#13314),#13325,.F.);
#13314 = FACE_BOUND('',#13315,.F.);
#13315 = EDGE_LOOP('',(#13316,#13317,#13323,#13324));
#13316 = ORIENTED_EDGE('',*,*,#12758,.F.);
#13317 = ORIENTED_EDGE('',*,*,#13318,.F.);
#13318 = EDGE_CURVE('',#13020,#12759,#13319,.T.);
#13319 = LINE('',#13320,#13321);
#13320 = CARTESIAN_POINT('',(139.75,192.5,570.));
#13321 = VECTOR('',#13322,1.);
#13322 = DIRECTION('',(0.,0.,1.));
#13323 = ORIENTED_EDGE('',*,*,#13019,.T.);
#13324 = ORIENTED_EDGE('',*,*,#13318,.T.);
#13325 = CYLINDRICAL_SURFACE('',#13326,2.25);
#13326 = AXIS2_PLACEMENT_3D('',#13327,#13328,#13329);
#13327 = CARTESIAN_POINT('',(137.5,192.5,570.));
#13328 = DIRECTION('',(0.,0.,1.));
#13329 = DIRECTION('',(1.,0.,0.));
#13330 = ADVANCED_FACE('',(#13331),#13342,.F.);
#13331 = FACE_BOUND('',#13332,.F.);
#13332 = EDGE_LOOP('',(#13333,#13334,#13340,#13341));
#13333 = ORIENTED_EDGE('',*,*,#12769,.F.);
#13334 = ORIENTED_EDGE('',*,*,#13335,.F.);
#13335 = EDGE_CURVE('',#13031,#12770,#13336,.T.);
#13336 = LINE('',#13337,#13338);
#13337 = CARTESIAN_POINT('',(264.75,192.5,570.));
#13338 = VECTOR('',#13339,1.);
#13339 = DIRECTION('',(0.,0.,1.));
#13340 = ORIENTED_EDGE('',*,*,#13030,.T.);
#13341 = ORIENTED_EDGE('',*,*,#13335,.T.);
#13342 = CYLINDRICAL_SURFACE('',#13343,2.25);
#13343 = AXIS2_PLACEMENT_3D('',#13344,#13345,#13346);
#13344 = CARTESIAN_POINT('',(262.5,192.5,570.));
#13345 = DIRECTION('',(0.,0.,1.));
#13346 = DIRECTION('',(1.,0.,0.));
#13347 = ADVANCED_FACE('',(#13348),#13359,.F.);
#13348 = FACE_BOUND('',#13349,.F.);
#13349 = EDGE_LOOP('',(#13350,#13351,#13357,#13358));
#13350 = ORIENTED_EDGE('',*,*,#12780,.F.);
#13351 = ORIENTED_EDGE('',*,*,#13352,.F.);
#13352 = EDGE_CURVE('',#13042,#12781,#13353,.T.);
#13353 = LINE('',#13354,#13355);
#13354 = CARTESIAN_POINT('',(267.1,255.,570.));
#13355 = VECTOR('',#13356,1.);
#13356 = DIRECTION('',(0.,0.,1.));
#13357 = ORIENTED_EDGE('',*,*,#13041,.T.);
#13358 = ORIENTED_EDGE('',*,*,#13352,.T.);
#13359 = CYLINDRICAL_SURFACE('',#13360,67.1);
#13360 = AXIS2_PLACEMENT_3D('',#13361,#13362,#13363);
#13361 = CARTESIAN_POINT('',(200.,255.,570.));
#13362 = DIRECTION('',(0.,0.,1.));
#13363 = DIRECTION('',(1.,0.,0.));
#13364 = ADVANCED_FACE('',(#13365),#13376,.F.);
#13365 = FACE_BOUND('',#13366,.F.);
#13366 = EDGE_LOOP('',(#13367,#13368,#13374,#13375));
#13367 = ORIENTED_EDGE('',*,*,#12791,.F.);
#13368 = ORIENTED_EDGE('',*,*,#13369,.F.);
#13369 = EDGE_CURVE('',#13053,#12792,#13370,.T.);
#13370 = LINE('',#13371,#13372);
#13371 = CARTESIAN_POINT('',(139.75,317.5,570.));
#13372 = VECTOR('',#13373,1.);
#13373 = DIRECTION('',(0.,0.,1.));
#13374 = ORIENTED_EDGE('',*,*,#13052,.T.);
#13375 = ORIENTED_EDGE('',*,*,#13369,.T.);
#13376 = CYLINDRICAL_SURFACE('',#13377,2.25);
#13377 = AXIS2_PLACEMENT_3D('',#13378,#13379,#13380);
#13378 = CARTESIAN_POINT('',(137.5,317.5,570.));
#13379 = DIRECTION('',(0.,0.,1.));
#13380 = DIRECTION('',(1.,0.,0.));
#13381 = ADVANCED_FACE('',(#13382),#13393,.F.);
#13382 = FACE_BOUND('',#13383,.F.);
#13383 = EDGE_LOOP('',(#13384,#13385,#13391,#13392));
#13384 = ORIENTED_EDGE('',*,*,#12802,.F.);
#13385 = ORIENTED_EDGE('',*,*,#13386,.F.);
#13386 = EDGE_CURVE('',#13064,#12803,#13387,.T.);
#13387 = LINE('',#13388,#13389);
#13388 = CARTESIAN_POINT('',(264.75,317.5,570.));
#13389 = VECTOR('',#13390,1.);
#13390 = DIRECTION('',(0.,0.,1.));
#13391 = ORIENTED_EDGE('',*,*,#13063,.T.);
#13392 = ORIENTED_EDGE('',*,*,#13386,.T.);
#13393 = CYLINDRICAL_SURFACE('',#13394,2.25);
#13394 = AXIS2_PLACEMENT_3D('',#13395,#13396,#13397);
#13395 = CARTESIAN_POINT('',(262.5,317.5,570.));
#13396 = DIRECTION('',(0.,0.,1.));
#13397 = DIRECTION('',(1.,0.,0.));
#13398 = ADVANCED_FACE('',(#13399),#13410,.F.);
#13399 = FACE_BOUND('',#13400,.F.);
#13400 = EDGE_LOOP('',(#13401,#13402,#13408,#13409));
#13401 = ORIENTED_EDGE('',*,*,#12813,.F.);
#13402 = ORIENTED_EDGE('',*,*,#13403,.F.);
#13403 = EDGE_CURVE('',#13075,#12814,#13404,.T.);
#13404 = LINE('',#13405,#13406);
#13405 = CARTESIAN_POINT('',(289.75,192.5,570.));
#13406 = VECTOR('',#13407,1.);
#13407 = DIRECTION('',(0.,0.,1.));
#13408 = ORIENTED_EDGE('',*,*,#13074,.T.);
#13409 = ORIENTED_EDGE('',*,*,#13403,.T.);
#13410 = CYLINDRICAL_SURFACE('',#13411,2.25);
#13411 = AXIS2_PLACEMENT_3D('',#13412,#13413,#13414);
#13412 = CARTESIAN_POINT('',(287.5,192.5,570.));
#13413 = DIRECTION('',(0.,0.,1.));
#13414 = DIRECTION('',(1.,0.,0.));
#13415 = ADVANCED_FACE('',(#13416),#13427,.F.);
#13416 = FACE_BOUND('',#13417,.F.);
#13417 = EDGE_LOOP('',(#13418,#13419,#13425,#13426));
#13418 = ORIENTED_EDGE('',*,*,#12824,.F.);
#13419 = ORIENTED_EDGE('',*,*,#13420,.F.);
#13420 = EDGE_CURVE('',#13086,#12825,#13421,.T.);
#13421 = LINE('',#13422,#13423);
#13422 = CARTESIAN_POINT('',(414.75,192.5,570.));
#13423 = VECTOR('',#13424,1.);
#13424 = DIRECTION('',(0.,0.,1.));
#13425 = ORIENTED_EDGE('',*,*,#13085,.T.);
#13426 = ORIENTED_EDGE('',*,*,#13420,.T.);
#13427 = CYLINDRICAL_SURFACE('',#13428,2.25);
#13428 = AXIS2_PLACEMENT_3D('',#13429,#13430,#13431);
#13429 = CARTESIAN_POINT('',(412.5,192.5,570.));
#13430 = DIRECTION('',(0.,0.,1.));
#13431 = DIRECTION('',(1.,0.,0.));
#13432 = ADVANCED_FACE('',(#13433),#13444,.F.);
#13433 = FACE_BOUND('',#13434,.F.);
#13434 = EDGE_LOOP('',(#13435,#13436,#13442,#13443));
#13435 = ORIENTED_EDGE('',*,*,#12835,.F.);
#13436 = ORIENTED_EDGE('',*,*,#13437,.F.);
#13437 = EDGE_CURVE('',#13097,#12836,#13438,.T.);
#13438 = LINE('',#13439,#13440);
#13439 = CARTESIAN_POINT('',(289.75,317.5,570.));
#13440 = VECTOR('',#13441,1.);
#13441 = DIRECTION('',(0.,0.,1.));
#13442 = ORIENTED_EDGE('',*,*,#13096,.T.);
#13443 = ORIENTED_EDGE('',*,*,#13437,.T.);
#13444 = CYLINDRICAL_SURFACE('',#13445,2.25);
#13445 = AXIS2_PLACEMENT_3D('',#13446,#13447,#13448);
#13446 = CARTESIAN_POINT('',(287.5,317.5,570.));
#13447 = DIRECTION('',(0.,0.,1.));
#13448 = DIRECTION('',(1.,0.,0.));
#13449 = ADVANCED_FACE('',(#13450),#13461,.F.);
#13450 = FACE_BOUND('',#13451,.F.);
#13451 = EDGE_LOOP('',(#13452,#13453,#13459,#13460));
#13452 = ORIENTED_EDGE('',*,*,#12846,.F.);
#13453 = ORIENTED_EDGE('',*,*,#13454,.F.);
#13454 = EDGE_CURVE('',#13108,#12847,#13455,.T.);
#13455 = LINE('',#13456,#13457);
#13456 = CARTESIAN_POINT('',(417.1,255.,570.));
#13457 = VECTOR('',#13458,1.);
#13458 = DIRECTION('',(0.,0.,1.));
#13459 = ORIENTED_EDGE('',*,*,#13107,.T.);
#13460 = ORIENTED_EDGE('',*,*,#13454,.T.);
#13461 = CYLINDRICAL_SURFACE('',#13462,67.1);
#13462 = AXIS2_PLACEMENT_3D('',#13463,#13464,#13465);
#13463 = CARTESIAN_POINT('',(350.,255.,570.));
#13464 = DIRECTION('',(0.,0.,1.));
#13465 = DIRECTION('',(1.,0.,0.));
#13466 = ADVANCED_FACE('',(#13467),#13478,.F.);
#13467 = FACE_BOUND('',#13468,.F.);
#13468 = EDGE_LOOP('',(#13469,#13470,#13476,#13477));
#13469 = ORIENTED_EDGE('',*,*,#12857,.F.);
#13470 = ORIENTED_EDGE('',*,*,#13471,.F.);
#13471 = EDGE_CURVE('',#13119,#12858,#13472,.T.);
#13472 = LINE('',#13473,#13474);
#13473 = CARTESIAN_POINT('',(414.75,317.5,570.));
#13474 = VECTOR('',#13475,1.);
#13475 = DIRECTION('',(0.,0.,1.));
#13476 = ORIENTED_EDGE('',*,*,#13118,.T.);
#13477 = ORIENTED_EDGE('',*,*,#13471,.T.);
#13478 = CYLINDRICAL_SURFACE('',#13479,2.25);
#13479 = AXIS2_PLACEMENT_3D('',#13480,#13481,#13482);
#13480 = CARTESIAN_POINT('',(412.5,317.5,570.));
#13481 = DIRECTION('',(0.,0.,1.));
#13482 = DIRECTION('',(1.,0.,0.));
#13483 = MANIFOLD_SOLID_BREP('',#13484);
#13484 = CLOSED_SHELL('',(#13485,#13525,#13589,#13613,#13670,#13687,
    #13699,#13716,#13733));
#13485 = ADVANCED_FACE('',(#13486),#13520,.F.);
#13486 = FACE_BOUND('',#13487,.F.);
#13487 = EDGE_LOOP('',(#13488,#13498,#13506,#13514));
#13488 = ORIENTED_EDGE('',*,*,#13489,.F.);
#13489 = EDGE_CURVE('',#13490,#13492,#13494,.T.);
#13490 = VERTEX_POINT('',#13491);
#13491 = CARTESIAN_POINT('',(9.,9.,29.));
#13492 = VERTEX_POINT('',#13493);
#13493 = CARTESIAN_POINT('',(9.,9.,571.));
#13494 = LINE('',#13495,#13496);
#13495 = CARTESIAN_POINT('',(9.,9.,29.));
#13496 = VECTOR('',#13497,1.);
#13497 = DIRECTION('',(0.,0.,1.));
#13498 = ORIENTED_EDGE('',*,*,#13499,.T.);
#13499 = EDGE_CURVE('',#13490,#13500,#13502,.T.);
#13500 = VERTEX_POINT('',#13501);
#13501 = CARTESIAN_POINT('',(9.,29.,29.));
#13502 = LINE('',#13503,#13504);
#13503 = CARTESIAN_POINT('',(9.,9.,29.));
#13504 = VECTOR('',#13505,1.);
#13505 = DIRECTION('',(0.,1.,0.));
#13506 = ORIENTED_EDGE('',*,*,#13507,.T.);
#13507 = EDGE_CURVE('',#13500,#13508,#13510,.T.);
#13508 = VERTEX_POINT('',#13509);
#13509 = CARTESIAN_POINT('',(9.,29.,571.));
#13510 = LINE('',#13511,#13512);
#13511 = CARTESIAN_POINT('',(9.,29.,29.));
#13512 = VECTOR('',#13513,1.);
#13513 = DIRECTION('',(0.,0.,1.));
#13514 = ORIENTED_EDGE('',*,*,#13515,.F.);
#13515 = EDGE_CURVE('',#13492,#13508,#13516,.T.);
#13516 = LINE('',#13517,#13518);
#13517 = CARTESIAN_POINT('',(9.,9.,571.));
#13518 = VECTOR('',#13519,1.);
#13519 = DIRECTION('',(0.,1.,0.));
#13520 = PLANE('',#13521);
#13521 = AXIS2_PLACEMENT_3D('',#13522,#13523,#13524);
#13522 = CARTESIAN_POINT('',(9.,9.,29.));
#13523 = DIRECTION('',(1.,0.,0.));
#13524 = DIRECTION('',(0.,0.,1.));
#13525 = ADVANCED_FACE('',(#13526,#13551,#13562,#13573),#13584,.F.);
#13526 = FACE_BOUND('',#13527,.F.);
#13527 = EDGE_LOOP('',(#13528,#13536,#13537,#13545));
#13528 = ORIENTED_EDGE('',*,*,#13529,.F.);
#13529 = EDGE_CURVE('',#13490,#13530,#13532,.T.);
#13530 = VERTEX_POINT('',#13531);
#13531 = CARTESIAN_POINT('',(29.,9.,29.));
#13532 = LINE('',#13533,#13534);
#13533 = CARTESIAN_POINT('',(9.,9.,29.));
#13534 = VECTOR('',#13535,1.);
#13535 = DIRECTION('',(1.,0.,0.));
#13536 = ORIENTED_EDGE('',*,*,#13489,.T.);
#13537 = ORIENTED_EDGE('',*,*,#13538,.T.);
#13538 = EDGE_CURVE('',#13492,#13539,#13541,.T.);
#13539 = VERTEX_POINT('',#13540);
#13540 = CARTESIAN_POINT('',(29.,9.,571.));
#13541 = LINE('',#13542,#13543);
#13542 = CARTESIAN_POINT('',(9.,9.,571.));
#13543 = VECTOR('',#13544,1.);
#13544 = DIRECTION('',(1.,0.,0.));
#13545 = ORIENTED_EDGE('',*,*,#13546,.F.);
#13546 = EDGE_CURVE('',#13530,#13539,#13547,.T.);
#13547 = LINE('',#13548,#13549);
#13548 = CARTESIAN_POINT('',(29.,9.,29.));
#13549 = VECTOR('',#13550,1.);
#13550 = DIRECTION('',(0.,0.,1.));
#13551 = FACE_BOUND('',#13552,.F.);
#13552 = EDGE_LOOP('',(#13553));
#13553 = ORIENTED_EDGE('',*,*,#13554,.F.);
#13554 = EDGE_CURVE('',#13555,#13555,#13557,.T.);
#13555 = VERTEX_POINT('',#13556);
#13556 = CARTESIAN_POINT('',(20.,9.,57.75));
#13557 = CIRCLE('',#13558,2.75);
#13558 = AXIS2_PLACEMENT_3D('',#13559,#13560,#13561);
#13559 = CARTESIAN_POINT('',(20.,9.,55.));
#13560 = DIRECTION('',(0.,1.,0.));
#13561 = DIRECTION('',(0.,0.,1.));
#13562 = FACE_BOUND('',#13563,.F.);
#13563 = EDGE_LOOP('',(#13564));
#13564 = ORIENTED_EDGE('',*,*,#13565,.F.);
#13565 = EDGE_CURVE('',#13566,#13566,#13568,.T.);
#13566 = VERTEX_POINT('',#13567);
#13567 = CARTESIAN_POINT('',(20.,9.,307.75));
#13568 = CIRCLE('',#13569,2.75);
#13569 = AXIS2_PLACEMENT_3D('',#13570,#13571,#13572);
#13570 = CARTESIAN_POINT('',(20.,9.,305.));
#13571 = DIRECTION('',(0.,1.,0.));
#13572 = DIRECTION('',(0.,0.,1.));
#13573 = FACE_BOUND('',#13574,.F.);
#13574 = EDGE_LOOP('',(#13575));
#13575 = ORIENTED_EDGE('',*,*,#13576,.F.);
#13576 = EDGE_CURVE('',#13577,#13577,#13579,.T.);
#13577 = VERTEX_POINT('',#13578);
#13578 = CARTESIAN_POINT('',(20.,9.,557.75));
#13579 = CIRCLE('',#13580,2.75);
#13580 = AXIS2_PLACEMENT_3D('',#13581,#13582,#13583);
#13581 = CARTESIAN_POINT('',(20.,9.,555.));
#13582 = DIRECTION('',(0.,1.,0.));
#13583 = DIRECTION('',(0.,0.,1.));
#13584 = PLANE('',#13585);
#13585 = AXIS2_PLACEMENT_3D('',#13586,#13587,#13588);
#13586 = CARTESIAN_POINT('',(9.,9.,29.));
#13587 = DIRECTION('',(0.,1.,0.));
#13588 = DIRECTION('',(0.,0.,1.));
#13589 = ADVANCED_FACE('',(#13590),#13608,.T.);
#13590 = FACE_BOUND('',#13591,.T.);
#13591 = EDGE_LOOP('',(#13592,#13593,#13594,#13602));
#13592 = ORIENTED_EDGE('',*,*,#13515,.F.);
#13593 = ORIENTED_EDGE('',*,*,#13538,.T.);
#13594 = ORIENTED_EDGE('',*,*,#13595,.T.);
#13595 = EDGE_CURVE('',#13539,#13596,#13598,.T.);
#13596 = VERTEX_POINT('',#13597);
#13597 = CARTESIAN_POINT('',(29.,29.,571.));
#13598 = LINE('',#13599,#13600);
#13599 = CARTESIAN_POINT('',(29.,9.,571.));
#13600 = VECTOR('',#13601,1.);
#13601 = DIRECTION('',(0.,1.,0.));
#13602 = ORIENTED_EDGE('',*,*,#13603,.F.);
#13603 = EDGE_CURVE('',#13508,#13596,#13604,.T.);
#13604 = LINE('',#13605,#13606);
#13605 = CARTESIAN_POINT('',(9.,29.,571.));
#13606 = VECTOR('',#13607,1.);
#13607 = DIRECTION('',(1.,0.,0.));
#13608 = PLANE('',#13609);
#13609 = AXIS2_PLACEMENT_3D('',#13610,#13611,#13612);
#13610 = CARTESIAN_POINT('',(9.,9.,571.));
#13611 = DIRECTION('',(0.,0.,1.));
#13612 = DIRECTION('',(1.,0.,0.));
#13613 = ADVANCED_FACE('',(#13614,#13632,#13643,#13654),#13665,.T.);
#13614 = FACE_BOUND('',#13615,.T.);
#13615 = EDGE_LOOP('',(#13616,#13624,#13625,#13626));
#13616 = ORIENTED_EDGE('',*,*,#13617,.F.);
#13617 = EDGE_CURVE('',#13500,#13618,#13620,.T.);
#13618 = VERTEX_POINT('',#13619);
#13619 = CARTESIAN_POINT('',(29.,29.,29.));
#13620 = LINE('',#13621,#13622);
#13621 = CARTESIAN_POINT('',(9.,29.,29.));
#13622 = VECTOR('',#13623,1.);
#13623 = DIRECTION('',(1.,0.,0.));
#13624 = ORIENTED_EDGE('',*,*,#13507,.T.);
#13625 = ORIENTED_EDGE('',*,*,#13603,.T.);
#13626 = ORIENTED_EDGE('',*,*,#13627,.F.);
#13627 = EDGE_CURVE('',#13618,#13596,#13628,.T.);
#13628 = LINE('',#13629,#13630);
#13629 = CARTESIAN_POINT('',(29.,29.,29.));
#13630 = VECTOR('',#13631,1.);
#13631 = DIRECTION('',(0.,0.,1.));
#13632 = FACE_BOUND('',#13633,.T.);
#13633 = EDGE_LOOP('',(#13634));
#13634 = ORIENTED_EDGE('',*,*,#13635,.F.);
#13635 = EDGE_CURVE('',#13636,#13636,#13638,.T.);
#13636 = VERTEX_POINT('',#13637);
#13637 = CARTESIAN_POINT('',(20.,29.,57.75));
#13638 = CIRCLE('',#13639,2.75);
#13639 = AXIS2_PLACEMENT_3D('',#13640,#13641,#13642);
#13640 = CARTESIAN_POINT('',(20.,29.,55.));
#13641 = DIRECTION('',(0.,1.,0.));
#13642 = DIRECTION('',(0.,0.,1.));
#13643 = FACE_BOUND('',#13644,.T.);
#13644 = EDGE_LOOP('',(#13645));
#13645 = ORIENTED_EDGE('',*,*,#13646,.F.);
#13646 = EDGE_CURVE('',#13647,#13647,#13649,.T.);
#13647 = VERTEX_POINT('',#13648);
#13648 = CARTESIAN_POINT('',(20.,29.,307.75));
#13649 = CIRCLE('',#13650,2.75);
#13650 = AXIS2_PLACEMENT_3D('',#13651,#13652,#13653);
#13651 = CARTESIAN_POINT('',(20.,29.,305.));
#13652 = DIRECTION('',(0.,1.,0.));
#13653 = DIRECTION('',(0.,0.,1.));
#13654 = FACE_BOUND('',#13655,.T.);
#13655 = EDGE_LOOP('',(#13656));
#13656 = ORIENTED_EDGE('',*,*,#13657,.F.);
#13657 = EDGE_CURVE('',#13658,#13658,#13660,.T.);
#13658 = VERTEX_POINT('',#13659);
#13659 = CARTESIAN_POINT('',(20.,29.,557.75));
#13660 = CIRCLE('',#13661,2.75);
#13661 = AXIS2_PLACEMENT_3D('',#13662,#13663,#13664);
#13662 = CARTESIAN_POINT('',(20.,29.,555.));
#13663 = DIRECTION('',(0.,1.,0.));
#13664 = DIRECTION('',(0.,0.,1.));
#13665 = PLANE('',#13666);
#13666 = AXIS2_PLACEMENT_3D('',#13667,#13668,#13669);
#13667 = CARTESIAN_POINT('',(9.,29.,29.));
#13668 = DIRECTION('',(0.,1.,0.));
#13669 = DIRECTION('',(0.,0.,1.));
#13670 = ADVANCED_FACE('',(#13671),#13682,.F.);
#13671 = FACE_BOUND('',#13672,.F.);
#13672 = EDGE_LOOP('',(#13673,#13674,#13675,#13681));
#13673 = ORIENTED_EDGE('',*,*,#13499,.F.);
#13674 = ORIENTED_EDGE('',*,*,#13529,.T.);
#13675 = ORIENTED_EDGE('',*,*,#13676,.T.);
#13676 = EDGE_CURVE('',#13530,#13618,#13677,.T.);
#13677 = LINE('',#13678,#13679);
#13678 = CARTESIAN_POINT('',(29.,9.,29.));
#13679 = VECTOR('',#13680,1.);
#13680 = DIRECTION('',(0.,1.,0.));
#13681 = ORIENTED_EDGE('',*,*,#13617,.F.);
#13682 = PLANE('',#13683);
#13683 = AXIS2_PLACEMENT_3D('',#13684,#13685,#13686);
#13684 = CARTESIAN_POINT('',(9.,9.,29.));
#13685 = DIRECTION('',(0.,0.,1.));
#13686 = DIRECTION('',(1.,0.,0.));
#13687 = ADVANCED_FACE('',(#13688),#13694,.T.);
#13688 = FACE_BOUND('',#13689,.T.);
#13689 = EDGE_LOOP('',(#13690,#13691,#13692,#13693));
#13690 = ORIENTED_EDGE('',*,*,#13546,.F.);
#13691 = ORIENTED_EDGE('',*,*,#13676,.T.);
#13692 = ORIENTED_EDGE('',*,*,#13627,.T.);
#13693 = ORIENTED_EDGE('',*,*,#13595,.F.);
#13694 = PLANE('',#13695);
#13695 = AXIS2_PLACEMENT_3D('',#13696,#13697,#13698);
#13696 = CARTESIAN_POINT('',(29.,9.,29.));
#13697 = DIRECTION('',(1.,0.,0.));
#13698 = DIRECTION('',(0.,0.,1.));
#13699 = ADVANCED_FACE('',(#13700),#13711,.F.);
#13700 = FACE_BOUND('',#13701,.F.);
#13701 = EDGE_LOOP('',(#13702,#13703,#13709,#13710));
#13702 = ORIENTED_EDGE('',*,*,#13635,.F.);
#13703 = ORIENTED_EDGE('',*,*,#13704,.F.);
#13704 = EDGE_CURVE('',#13555,#13636,#13705,.T.);
#13705 = LINE('',#13706,#13707);
#13706 = CARTESIAN_POINT('',(20.,8.,57.75));
#13707 = VECTOR('',#13708,1.);
#13708 = DIRECTION('',(0.,1.,0.));
#13709 = ORIENTED_EDGE('',*,*,#13554,.T.);
#13710 = ORIENTED_EDGE('',*,*,#13704,.T.);
#13711 = CYLINDRICAL_SURFACE('',#13712,2.75);
#13712 = AXIS2_PLACEMENT_3D('',#13713,#13714,#13715);
#13713 = CARTESIAN_POINT('',(20.,8.,55.));
#13714 = DIRECTION('',(0.,1.,0.));
#13715 = DIRECTION('',(0.,0.,1.));
#13716 = ADVANCED_FACE('',(#13717),#13728,.F.);
#13717 = FACE_BOUND('',#13718,.F.);
#13718 = EDGE_LOOP('',(#13719,#13720,#13726,#13727));
#13719 = ORIENTED_EDGE('',*,*,#13646,.F.);
#13720 = ORIENTED_EDGE('',*,*,#13721,.F.);
#13721 = EDGE_CURVE('',#13566,#13647,#13722,.T.);
#13722 = LINE('',#13723,#13724);
#13723 = CARTESIAN_POINT('',(20.,8.,307.75));
#13724 = VECTOR('',#13725,1.);
#13725 = DIRECTION('',(0.,1.,0.));
#13726 = ORIENTED_EDGE('',*,*,#13565,.T.);
#13727 = ORIENTED_EDGE('',*,*,#13721,.T.);
#13728 = CYLINDRICAL_SURFACE('',#13729,2.75);
#13729 = AXIS2_PLACEMENT_3D('',#13730,#13731,#13732);
#13730 = CARTESIAN_POINT('',(20.,8.,305.));
#13731 = DIRECTION('',(0.,1.,0.));
#13732 = DIRECTION('',(0.,0.,1.));
#13733 = ADVANCED_FACE('',(#13734),#13745,.F.);
#13734 = FACE_BOUND('',#13735,.F.);
#13735 = EDGE_LOOP('',(#13736,#13737,#13743,#13744));
#13736 = ORIENTED_EDGE('',*,*,#13657,.F.);
#13737 = ORIENTED_EDGE('',*,*,#13738,.F.);
#13738 = EDGE_CURVE('',#13577,#13658,#13739,.T.);
#13739 = LINE('',#13740,#13741);
#13740 = CARTESIAN_POINT('',(20.,8.,557.75));
#13741 = VECTOR('',#13742,1.);
#13742 = DIRECTION('',(0.,1.,0.));
#13743 = ORIENTED_EDGE('',*,*,#13576,.T.);
#13744 = ORIENTED_EDGE('',*,*,#13738,.T.);
#13745 = CYLINDRICAL_SURFACE('',#13746,2.75);
#13746 = AXIS2_PLACEMENT_3D('',#13747,#13748,#13749);
#13747 = CARTESIAN_POINT('',(20.,8.,555.));
#13748 = DIRECTION('',(0.,1.,0.));
#13749 = DIRECTION('',(0.,0.,1.));
#13750 = MANIFOLD_SOLID_BREP('',#13751);
#13751 = CLOSED_SHELL('',(#13752,#13792,#13856,#13880,#13937,#13954,
    #13966,#13983,#14000));
#13752 = ADVANCED_FACE('',(#13753),#13787,.F.);
#13753 = FACE_BOUND('',#13754,.F.);
#13754 = EDGE_LOOP('',(#13755,#13765,#13773,#13781));
#13755 = ORIENTED_EDGE('',*,*,#13756,.F.);
#13756 = EDGE_CURVE('',#13757,#13759,#13761,.T.);
#13757 = VERTEX_POINT('',#13758);
#13758 = CARTESIAN_POINT('',(9.,331.,29.));
#13759 = VERTEX_POINT('',#13760);
#13760 = CARTESIAN_POINT('',(9.,331.,571.));
#13761 = LINE('',#13762,#13763);
#13762 = CARTESIAN_POINT('',(9.,331.,29.));
#13763 = VECTOR('',#13764,1.);
#13764 = DIRECTION('',(0.,0.,1.));
#13765 = ORIENTED_EDGE('',*,*,#13766,.T.);
#13766 = EDGE_CURVE('',#13757,#13767,#13769,.T.);
#13767 = VERTEX_POINT('',#13768);
#13768 = CARTESIAN_POINT('',(9.,351.,29.));
#13769 = LINE('',#13770,#13771);
#13770 = CARTESIAN_POINT('',(9.,331.,29.));
#13771 = VECTOR('',#13772,1.);
#13772 = DIRECTION('',(0.,1.,0.));
#13773 = ORIENTED_EDGE('',*,*,#13774,.T.);
#13774 = EDGE_CURVE('',#13767,#13775,#13777,.T.);
#13775 = VERTEX_POINT('',#13776);
#13776 = CARTESIAN_POINT('',(9.,351.,571.));
#13777 = LINE('',#13778,#13779);
#13778 = CARTESIAN_POINT('',(9.,351.,29.));
#13779 = VECTOR('',#13780,1.);
#13780 = DIRECTION('',(0.,0.,1.));
#13781 = ORIENTED_EDGE('',*,*,#13782,.F.);
#13782 = EDGE_CURVE('',#13759,#13775,#13783,.T.);
#13783 = LINE('',#13784,#13785);
#13784 = CARTESIAN_POINT('',(9.,331.,571.));
#13785 = VECTOR('',#13786,1.);
#13786 = DIRECTION('',(0.,1.,0.));
#13787 = PLANE('',#13788);
#13788 = AXIS2_PLACEMENT_3D('',#13789,#13790,#13791);
#13789 = CARTESIAN_POINT('',(9.,331.,29.));
#13790 = DIRECTION('',(1.,0.,0.));
#13791 = DIRECTION('',(0.,0.,1.));
#13792 = ADVANCED_FACE('',(#13793,#13818,#13829,#13840),#13851,.F.);
#13793 = FACE_BOUND('',#13794,.F.);
#13794 = EDGE_LOOP('',(#13795,#13803,#13804,#13812));
#13795 = ORIENTED_EDGE('',*,*,#13796,.F.);
#13796 = EDGE_CURVE('',#13757,#13797,#13799,.T.);
#13797 = VERTEX_POINT('',#13798);
#13798 = CARTESIAN_POINT('',(29.,331.,29.));
#13799 = LINE('',#13800,#13801);
#13800 = CARTESIAN_POINT('',(9.,331.,29.));
#13801 = VECTOR('',#13802,1.);
#13802 = DIRECTION('',(1.,0.,0.));
#13803 = ORIENTED_EDGE('',*,*,#13756,.T.);
#13804 = ORIENTED_EDGE('',*,*,#13805,.T.);
#13805 = EDGE_CURVE('',#13759,#13806,#13808,.T.);
#13806 = VERTEX_POINT('',#13807);
#13807 = CARTESIAN_POINT('',(29.,331.,571.));
#13808 = LINE('',#13809,#13810);
#13809 = CARTESIAN_POINT('',(9.,331.,571.));
#13810 = VECTOR('',#13811,1.);
#13811 = DIRECTION('',(1.,0.,0.));
#13812 = ORIENTED_EDGE('',*,*,#13813,.F.);
#13813 = EDGE_CURVE('',#13797,#13806,#13814,.T.);
#13814 = LINE('',#13815,#13816);
#13815 = CARTESIAN_POINT('',(29.,331.,29.));
#13816 = VECTOR('',#13817,1.);
#13817 = DIRECTION('',(0.,0.,1.));
#13818 = FACE_BOUND('',#13819,.F.);
#13819 = EDGE_LOOP('',(#13820));
#13820 = ORIENTED_EDGE('',*,*,#13821,.F.);
#13821 = EDGE_CURVE('',#13822,#13822,#13824,.T.);
#13822 = VERTEX_POINT('',#13823);
#13823 = CARTESIAN_POINT('',(20.,331.,57.75));
#13824 = CIRCLE('',#13825,2.75);
#13825 = AXIS2_PLACEMENT_3D('',#13826,#13827,#13828);
#13826 = CARTESIAN_POINT('',(20.,331.,55.));
#13827 = DIRECTION('',(0.,1.,0.));
#13828 = DIRECTION('',(0.,0.,1.));
#13829 = FACE_BOUND('',#13830,.F.);
#13830 = EDGE_LOOP('',(#13831));
#13831 = ORIENTED_EDGE('',*,*,#13832,.F.);
#13832 = EDGE_CURVE('',#13833,#13833,#13835,.T.);
#13833 = VERTEX_POINT('',#13834);
#13834 = CARTESIAN_POINT('',(20.,331.,307.75));
#13835 = CIRCLE('',#13836,2.75);
#13836 = AXIS2_PLACEMENT_3D('',#13837,#13838,#13839);
#13837 = CARTESIAN_POINT('',(20.,331.,305.));
#13838 = DIRECTION('',(0.,1.,0.));
#13839 = DIRECTION('',(0.,0.,1.));
#13840 = FACE_BOUND('',#13841,.F.);
#13841 = EDGE_LOOP('',(#13842));
#13842 = ORIENTED_EDGE('',*,*,#13843,.F.);
#13843 = EDGE_CURVE('',#13844,#13844,#13846,.T.);
#13844 = VERTEX_POINT('',#13845);
#13845 = CARTESIAN_POINT('',(20.,331.,557.75));
#13846 = CIRCLE('',#13847,2.75);
#13847 = AXIS2_PLACEMENT_3D('',#13848,#13849,#13850);
#13848 = CARTESIAN_POINT('',(20.,331.,555.));
#13849 = DIRECTION('',(0.,1.,0.));
#13850 = DIRECTION('',(0.,0.,1.));
#13851 = PLANE('',#13852);
#13852 = AXIS2_PLACEMENT_3D('',#13853,#13854,#13855);
#13853 = CARTESIAN_POINT('',(9.,331.,29.));
#13854 = DIRECTION('',(0.,1.,0.));
#13855 = DIRECTION('',(0.,0.,1.));
#13856 = ADVANCED_FACE('',(#13857),#13875,.T.);
#13857 = FACE_BOUND('',#13858,.T.);
#13858 = EDGE_LOOP('',(#13859,#13860,#13861,#13869));
#13859 = ORIENTED_EDGE('',*,*,#13782,.F.);
#13860 = ORIENTED_EDGE('',*,*,#13805,.T.);
#13861 = ORIENTED_EDGE('',*,*,#13862,.T.);
#13862 = EDGE_CURVE('',#13806,#13863,#13865,.T.);
#13863 = VERTEX_POINT('',#13864);
#13864 = CARTESIAN_POINT('',(29.,351.,571.));
#13865 = LINE('',#13866,#13867);
#13866 = CARTESIAN_POINT('',(29.,331.,571.));
#13867 = VECTOR('',#13868,1.);
#13868 = DIRECTION('',(0.,1.,0.));
#13869 = ORIENTED_EDGE('',*,*,#13870,.F.);
#13870 = EDGE_CURVE('',#13775,#13863,#13871,.T.);
#13871 = LINE('',#13872,#13873);
#13872 = CARTESIAN_POINT('',(9.,351.,571.));
#13873 = VECTOR('',#13874,1.);
#13874 = DIRECTION('',(1.,0.,0.));
#13875 = PLANE('',#13876);
#13876 = AXIS2_PLACEMENT_3D('',#13877,#13878,#13879);
#13877 = CARTESIAN_POINT('',(9.,331.,571.));
#13878 = DIRECTION('',(0.,0.,1.));
#13879 = DIRECTION('',(1.,0.,0.));
#13880 = ADVANCED_FACE('',(#13881,#13899,#13910,#13921),#13932,.T.);
#13881 = FACE_BOUND('',#13882,.T.);
#13882 = EDGE_LOOP('',(#13883,#13891,#13892,#13893));
#13883 = ORIENTED_EDGE('',*,*,#13884,.F.);
#13884 = EDGE_CURVE('',#13767,#13885,#13887,.T.);
#13885 = VERTEX_POINT('',#13886);
#13886 = CARTESIAN_POINT('',(29.,351.,29.));
#13887 = LINE('',#13888,#13889);
#13888 = CARTESIAN_POINT('',(9.,351.,29.));
#13889 = VECTOR('',#13890,1.);
#13890 = DIRECTION('',(1.,0.,0.));
#13891 = ORIENTED_EDGE('',*,*,#13774,.T.);
#13892 = ORIENTED_EDGE('',*,*,#13870,.T.);
#13893 = ORIENTED_EDGE('',*,*,#13894,.F.);
#13894 = EDGE_CURVE('',#13885,#13863,#13895,.T.);
#13895 = LINE('',#13896,#13897);
#13896 = CARTESIAN_POINT('',(29.,351.,29.));
#13897 = VECTOR('',#13898,1.);
#13898 = DIRECTION('',(0.,0.,1.));
#13899 = FACE_BOUND('',#13900,.T.);
#13900 = EDGE_LOOP('',(#13901));
#13901 = ORIENTED_EDGE('',*,*,#13902,.F.);
#13902 = EDGE_CURVE('',#13903,#13903,#13905,.T.);
#13903 = VERTEX_POINT('',#13904);
#13904 = CARTESIAN_POINT('',(20.,351.,57.75));
#13905 = CIRCLE('',#13906,2.75);
#13906 = AXIS2_PLACEMENT_3D('',#13907,#13908,#13909);
#13907 = CARTESIAN_POINT('',(20.,351.,55.));
#13908 = DIRECTION('',(0.,1.,0.));
#13909 = DIRECTION('',(0.,0.,1.));
#13910 = FACE_BOUND('',#13911,.T.);
#13911 = EDGE_LOOP('',(#13912));
#13912 = ORIENTED_EDGE('',*,*,#13913,.F.);
#13913 = EDGE_CURVE('',#13914,#13914,#13916,.T.);
#13914 = VERTEX_POINT('',#13915);
#13915 = CARTESIAN_POINT('',(20.,351.,307.75));
#13916 = CIRCLE('',#13917,2.75);
#13917 = AXIS2_PLACEMENT_3D('',#13918,#13919,#13920);
#13918 = CARTESIAN_POINT('',(20.,351.,305.));
#13919 = DIRECTION('',(0.,1.,0.));
#13920 = DIRECTION('',(0.,0.,1.));
#13921 = FACE_BOUND('',#13922,.T.);
#13922 = EDGE_LOOP('',(#13923));
#13923 = ORIENTED_EDGE('',*,*,#13924,.F.);
#13924 = EDGE_CURVE('',#13925,#13925,#13927,.T.);
#13925 = VERTEX_POINT('',#13926);
#13926 = CARTESIAN_POINT('',(20.,351.,557.75));
#13927 = CIRCLE('',#13928,2.75);
#13928 = AXIS2_PLACEMENT_3D('',#13929,#13930,#13931);
#13929 = CARTESIAN_POINT('',(20.,351.,555.));
#13930 = DIRECTION('',(0.,1.,0.));
#13931 = DIRECTION('',(0.,0.,1.));
#13932 = PLANE('',#13933);
#13933 = AXIS2_PLACEMENT_3D('',#13934,#13935,#13936);
#13934 = CARTESIAN_POINT('',(9.,351.,29.));
#13935 = DIRECTION('',(0.,1.,0.));
#13936 = DIRECTION('',(0.,0.,1.));
#13937 = ADVANCED_FACE('',(#13938),#13949,.F.);
#13938 = FACE_BOUND('',#13939,.F.);
#13939 = EDGE_LOOP('',(#13940,#13941,#13942,#13948));
#13940 = ORIENTED_EDGE('',*,*,#13766,.F.);
#13941 = ORIENTED_EDGE('',*,*,#13796,.T.);
#13942 = ORIENTED_EDGE('',*,*,#13943,.T.);
#13943 = EDGE_CURVE('',#13797,#13885,#13944,.T.);
#13944 = LINE('',#13945,#13946);
#13945 = CARTESIAN_POINT('',(29.,331.,29.));
#13946 = VECTOR('',#13947,1.);
#13947 = DIRECTION('',(0.,1.,0.));
#13948 = ORIENTED_EDGE('',*,*,#13884,.F.);
#13949 = PLANE('',#13950);
#13950 = AXIS2_PLACEMENT_3D('',#13951,#13952,#13953);
#13951 = CARTESIAN_POINT('',(9.,331.,29.));
#13952 = DIRECTION('',(0.,0.,1.));
#13953 = DIRECTION('',(1.,0.,0.));
#13954 = ADVANCED_FACE('',(#13955),#13961,.T.);
#13955 = FACE_BOUND('',#13956,.T.);
#13956 = EDGE_LOOP('',(#13957,#13958,#13959,#13960));
#13957 = ORIENTED_EDGE('',*,*,#13813,.F.);
#13958 = ORIENTED_EDGE('',*,*,#13943,.T.);
#13959 = ORIENTED_EDGE('',*,*,#13894,.T.);
#13960 = ORIENTED_EDGE('',*,*,#13862,.F.);
#13961 = PLANE('',#13962);
#13962 = AXIS2_PLACEMENT_3D('',#13963,#13964,#13965);
#13963 = CARTESIAN_POINT('',(29.,331.,29.));
#13964 = DIRECTION('',(1.,0.,0.));
#13965 = DIRECTION('',(0.,0.,1.));
#13966 = ADVANCED_FACE('',(#13967),#13978,.F.);
#13967 = FACE_BOUND('',#13968,.F.);
#13968 = EDGE_LOOP('',(#13969,#13970,#13976,#13977));
#13969 = ORIENTED_EDGE('',*,*,#13902,.F.);
#13970 = ORIENTED_EDGE('',*,*,#13971,.F.);
#13971 = EDGE_CURVE('',#13822,#13903,#13972,.T.);
#13972 = LINE('',#13973,#13974);
#13973 = CARTESIAN_POINT('',(20.,330.,57.75));
#13974 = VECTOR('',#13975,1.);
#13975 = DIRECTION('',(0.,1.,0.));
#13976 = ORIENTED_EDGE('',*,*,#13821,.T.);
#13977 = ORIENTED_EDGE('',*,*,#13971,.T.);
#13978 = CYLINDRICAL_SURFACE('',#13979,2.75);
#13979 = AXIS2_PLACEMENT_3D('',#13980,#13981,#13982);
#13980 = CARTESIAN_POINT('',(20.,330.,55.));
#13981 = DIRECTION('',(0.,1.,0.));
#13982 = DIRECTION('',(0.,0.,1.));
#13983 = ADVANCED_FACE('',(#13984),#13995,.F.);
#13984 = FACE_BOUND('',#13985,.F.);
#13985 = EDGE_LOOP('',(#13986,#13987,#13993,#13994));
#13986 = ORIENTED_EDGE('',*,*,#13913,.F.);
#13987 = ORIENTED_EDGE('',*,*,#13988,.F.);
#13988 = EDGE_CURVE('',#13833,#13914,#13989,.T.);
#13989 = LINE('',#13990,#13991);
#13990 = CARTESIAN_POINT('',(20.,330.,307.75));
#13991 = VECTOR('',#13992,1.);
#13992 = DIRECTION('',(0.,1.,0.));
#13993 = ORIENTED_EDGE('',*,*,#13832,.T.);
#13994 = ORIENTED_EDGE('',*,*,#13988,.T.);
#13995 = CYLINDRICAL_SURFACE('',#13996,2.75);
#13996 = AXIS2_PLACEMENT_3D('',#13997,#13998,#13999);
#13997 = CARTESIAN_POINT('',(20.,330.,305.));
#13998 = DIRECTION('',(0.,1.,0.));
#13999 = DIRECTION('',(0.,0.,1.));
#14000 = ADVANCED_FACE('',(#14001),#14012,.F.);
#14001 = FACE_BOUND('',#14002,.F.);
#14002 = EDGE_LOOP('',(#14003,#14004,#14010,#14011));
#14003 = ORIENTED_EDGE('',*,*,#13924,.F.);
#14004 = ORIENTED_EDGE('',*,*,#14005,.F.);
#14005 = EDGE_CURVE('',#13844,#13925,#14006,.T.);
#14006 = LINE('',#14007,#14008);
#14007 = CARTESIAN_POINT('',(20.,330.,557.75));
#14008 = VECTOR('',#14009,1.);
#14009 = DIRECTION('',(0.,1.,0.));
#14010 = ORIENTED_EDGE('',*,*,#13843,.T.);
#14011 = ORIENTED_EDGE('',*,*,#14005,.T.);
#14012 = CYLINDRICAL_SURFACE('',#14013,2.75);
#14013 = AXIS2_PLACEMENT_3D('',#14014,#14015,#14016);
#14014 = CARTESIAN_POINT('',(20.,330.,555.));
#14015 = DIRECTION('',(0.,1.,0.));
#14016 = DIRECTION('',(0.,0.,1.));
#14017 = MANIFOLD_SOLID_BREP('',#14018);
#14018 = CLOSED_SHELL('',(#14019,#14059,#14123,#14147,#14204,#14221,
    #14233,#14250,#14267));
#14019 = ADVANCED_FACE('',(#14020),#14054,.F.);
#14020 = FACE_BOUND('',#14021,.F.);
#14021 = EDGE_LOOP('',(#14022,#14032,#14040,#14048));
#14022 = ORIENTED_EDGE('',*,*,#14023,.F.);
#14023 = EDGE_CURVE('',#14024,#14026,#14028,.T.);
#14024 = VERTEX_POINT('',#14025);
#14025 = CARTESIAN_POINT('',(521.,9.,29.));
#14026 = VERTEX_POINT('',#14027);
#14027 = CARTESIAN_POINT('',(521.,9.,571.));
#14028 = LINE('',#14029,#14030);
#14029 = CARTESIAN_POINT('',(521.,9.,29.));
#14030 = VECTOR('',#14031,1.);
#14031 = DIRECTION('',(0.,0.,1.));
#14032 = ORIENTED_EDGE('',*,*,#14033,.T.);
#14033 = EDGE_CURVE('',#14024,#14034,#14036,.T.);
#14034 = VERTEX_POINT('',#14035);
#14035 = CARTESIAN_POINT('',(521.,29.,29.));
#14036 = LINE('',#14037,#14038);
#14037 = CARTESIAN_POINT('',(521.,9.,29.));
#14038 = VECTOR('',#14039,1.);
#14039 = DIRECTION('',(0.,1.,0.));
#14040 = ORIENTED_EDGE('',*,*,#14041,.T.);
#14041 = EDGE_CURVE('',#14034,#14042,#14044,.T.);
#14042 = VERTEX_POINT('',#14043);
#14043 = CARTESIAN_POINT('',(521.,29.,571.));
#14044 = LINE('',#14045,#14046);
#14045 = CARTESIAN_POINT('',(521.,29.,29.));
#14046 = VECTOR('',#14047,1.);
#14047 = DIRECTION('',(0.,0.,1.));
#14048 = ORIENTED_EDGE('',*,*,#14049,.F.);
#14049 = EDGE_CURVE('',#14026,#14042,#14050,.T.);
#14050 = LINE('',#14051,#14052);
#14051 = CARTESIAN_POINT('',(521.,9.,571.));
#14052 = VECTOR('',#14053,1.);
#14053 = DIRECTION('',(0.,1.,0.));
#14054 = PLANE('',#14055);
#14055 = AXIS2_PLACEMENT_3D('',#14056,#14057,#14058);
#14056 = CARTESIAN_POINT('',(521.,9.,29.));
#14057 = DIRECTION('',(1.,0.,0.));
#14058 = DIRECTION('',(0.,0.,1.));
#14059 = ADVANCED_FACE('',(#14060,#14085,#14096,#14107),#14118,.F.);
#14060 = FACE_BOUND('',#14061,.F.);
#14061 = EDGE_LOOP('',(#14062,#14070,#14071,#14079));
#14062 = ORIENTED_EDGE('',*,*,#14063,.F.);
#14063 = EDGE_CURVE('',#14024,#14064,#14066,.T.);
#14064 = VERTEX_POINT('',#14065);
#14065 = CARTESIAN_POINT('',(541.,9.,29.));
#14066 = LINE('',#14067,#14068);
#14067 = CARTESIAN_POINT('',(521.,9.,29.));
#14068 = VECTOR('',#14069,1.);
#14069 = DIRECTION('',(1.,0.,0.));
#14070 = ORIENTED_EDGE('',*,*,#14023,.T.);
#14071 = ORIENTED_EDGE('',*,*,#14072,.T.);
#14072 = EDGE_CURVE('',#14026,#14073,#14075,.T.);
#14073 = VERTEX_POINT('',#14074);
#14074 = CARTESIAN_POINT('',(541.,9.,571.));
#14075 = LINE('',#14076,#14077);
#14076 = CARTESIAN_POINT('',(521.,9.,571.));
#14077 = VECTOR('',#14078,1.);
#14078 = DIRECTION('',(1.,0.,0.));
#14079 = ORIENTED_EDGE('',*,*,#14080,.F.);
#14080 = EDGE_CURVE('',#14064,#14073,#14081,.T.);
#14081 = LINE('',#14082,#14083);
#14082 = CARTESIAN_POINT('',(541.,9.,29.));
#14083 = VECTOR('',#14084,1.);
#14084 = DIRECTION('',(0.,0.,1.));
#14085 = FACE_BOUND('',#14086,.F.);
#14086 = EDGE_LOOP('',(#14087));
#14087 = ORIENTED_EDGE('',*,*,#14088,.F.);
#14088 = EDGE_CURVE('',#14089,#14089,#14091,.T.);
#14089 = VERTEX_POINT('',#14090);
#14090 = CARTESIAN_POINT('',(530.,9.,57.75));
#14091 = CIRCLE('',#14092,2.75);
#14092 = AXIS2_PLACEMENT_3D('',#14093,#14094,#14095);
#14093 = CARTESIAN_POINT('',(530.,9.,55.));
#14094 = DIRECTION('',(0.,1.,0.));
#14095 = DIRECTION('',(0.,0.,1.));
#14096 = FACE_BOUND('',#14097,.F.);
#14097 = EDGE_LOOP('',(#14098));
#14098 = ORIENTED_EDGE('',*,*,#14099,.F.);
#14099 = EDGE_CURVE('',#14100,#14100,#14102,.T.);
#14100 = VERTEX_POINT('',#14101);
#14101 = CARTESIAN_POINT('',(530.,9.,307.75));
#14102 = CIRCLE('',#14103,2.75);
#14103 = AXIS2_PLACEMENT_3D('',#14104,#14105,#14106);
#14104 = CARTESIAN_POINT('',(530.,9.,305.));
#14105 = DIRECTION('',(0.,1.,0.));
#14106 = DIRECTION('',(0.,0.,1.));
#14107 = FACE_BOUND('',#14108,.F.);
#14108 = EDGE_LOOP('',(#14109));
#14109 = ORIENTED_EDGE('',*,*,#14110,.F.);
#14110 = EDGE_CURVE('',#14111,#14111,#14113,.T.);
#14111 = VERTEX_POINT('',#14112);
#14112 = CARTESIAN_POINT('',(530.,9.,557.75));
#14113 = CIRCLE('',#14114,2.75);
#14114 = AXIS2_PLACEMENT_3D('',#14115,#14116,#14117);
#14115 = CARTESIAN_POINT('',(530.,9.,555.));
#14116 = DIRECTION('',(0.,1.,0.));
#14117 = DIRECTION('',(0.,0.,1.));
#14118 = PLANE('',#14119);
#14119 = AXIS2_PLACEMENT_3D('',#14120,#14121,#14122);
#14120 = CARTESIAN_POINT('',(521.,9.,29.));
#14121 = DIRECTION('',(0.,1.,0.));
#14122 = DIRECTION('',(0.,0.,1.));
#14123 = ADVANCED_FACE('',(#14124),#14142,.T.);
#14124 = FACE_BOUND('',#14125,.T.);
#14125 = EDGE_LOOP('',(#14126,#14127,#14128,#14136));
#14126 = ORIENTED_EDGE('',*,*,#14049,.F.);
#14127 = ORIENTED_EDGE('',*,*,#14072,.T.);
#14128 = ORIENTED_EDGE('',*,*,#14129,.T.);
#14129 = EDGE_CURVE('',#14073,#14130,#14132,.T.);
#14130 = VERTEX_POINT('',#14131);
#14131 = CARTESIAN_POINT('',(541.,29.,571.));
#14132 = LINE('',#14133,#14134);
#14133 = CARTESIAN_POINT('',(541.,9.,571.));
#14134 = VECTOR('',#14135,1.);
#14135 = DIRECTION('',(0.,1.,0.));
#14136 = ORIENTED_EDGE('',*,*,#14137,.F.);
#14137 = EDGE_CURVE('',#14042,#14130,#14138,.T.);
#14138 = LINE('',#14139,#14140);
#14139 = CARTESIAN_POINT('',(521.,29.,571.));
#14140 = VECTOR('',#14141,1.);
#14141 = DIRECTION('',(1.,0.,0.));
#14142 = PLANE('',#14143);
#14143 = AXIS2_PLACEMENT_3D('',#14144,#14145,#14146);
#14144 = CARTESIAN_POINT('',(521.,9.,571.));
#14145 = DIRECTION('',(0.,0.,1.));
#14146 = DIRECTION('',(1.,0.,0.));
#14147 = ADVANCED_FACE('',(#14148,#14166,#14177,#14188),#14199,.T.);
#14148 = FACE_BOUND('',#14149,.T.);
#14149 = EDGE_LOOP('',(#14150,#14158,#14159,#14160));
#14150 = ORIENTED_EDGE('',*,*,#14151,.F.);
#14151 = EDGE_CURVE('',#14034,#14152,#14154,.T.);
#14152 = VERTEX_POINT('',#14153);
#14153 = CARTESIAN_POINT('',(541.,29.,29.));
#14154 = LINE('',#14155,#14156);
#14155 = CARTESIAN_POINT('',(521.,29.,29.));
#14156 = VECTOR('',#14157,1.);
#14157 = DIRECTION('',(1.,0.,0.));
#14158 = ORIENTED_EDGE('',*,*,#14041,.T.);
#14159 = ORIENTED_EDGE('',*,*,#14137,.T.);
#14160 = ORIENTED_EDGE('',*,*,#14161,.F.);
#14161 = EDGE_CURVE('',#14152,#14130,#14162,.T.);
#14162 = LINE('',#14163,#14164);
#14163 = CARTESIAN_POINT('',(541.,29.,29.));
#14164 = VECTOR('',#14165,1.);
#14165 = DIRECTION('',(0.,0.,1.));
#14166 = FACE_BOUND('',#14167,.T.);
#14167 = EDGE_LOOP('',(#14168));
#14168 = ORIENTED_EDGE('',*,*,#14169,.F.);
#14169 = EDGE_CURVE('',#14170,#14170,#14172,.T.);
#14170 = VERTEX_POINT('',#14171);
#14171 = CARTESIAN_POINT('',(530.,29.,57.75));
#14172 = CIRCLE('',#14173,2.75);
#14173 = AXIS2_PLACEMENT_3D('',#14174,#14175,#14176);
#14174 = CARTESIAN_POINT('',(530.,29.,55.));
#14175 = DIRECTION('',(0.,1.,0.));
#14176 = DIRECTION('',(0.,0.,1.));
#14177 = FACE_BOUND('',#14178,.T.);
#14178 = EDGE_LOOP('',(#14179));
#14179 = ORIENTED_EDGE('',*,*,#14180,.F.);
#14180 = EDGE_CURVE('',#14181,#14181,#14183,.T.);
#14181 = VERTEX_POINT('',#14182);
#14182 = CARTESIAN_POINT('',(530.,29.,307.75));
#14183 = CIRCLE('',#14184,2.75);
#14184 = AXIS2_PLACEMENT_3D('',#14185,#14186,#14187);
#14185 = CARTESIAN_POINT('',(530.,29.,305.));
#14186 = DIRECTION('',(0.,1.,0.));
#14187 = DIRECTION('',(0.,0.,1.));
#14188 = FACE_BOUND('',#14189,.T.);
#14189 = EDGE_LOOP('',(#14190));
#14190 = ORIENTED_EDGE('',*,*,#14191,.F.);
#14191 = EDGE_CURVE('',#14192,#14192,#14194,.T.);
#14192 = VERTEX_POINT('',#14193);
#14193 = CARTESIAN_POINT('',(530.,29.,557.75));
#14194 = CIRCLE('',#14195,2.75);
#14195 = AXIS2_PLACEMENT_3D('',#14196,#14197,#14198);
#14196 = CARTESIAN_POINT('',(530.,29.,555.));
#14197 = DIRECTION('',(0.,1.,0.));
#14198 = DIRECTION('',(0.,0.,1.));
#14199 = PLANE('',#14200);
#14200 = AXIS2_PLACEMENT_3D('',#14201,#14202,#14203);
#14201 = CARTESIAN_POINT('',(521.,29.,29.));
#14202 = DIRECTION('',(0.,1.,0.));
#14203 = DIRECTION('',(0.,0.,1.));
#14204 = ADVANCED_FACE('',(#14205),#14216,.F.);
#14205 = FACE_BOUND('',#14206,.F.);
#14206 = EDGE_LOOP('',(#14207,#14208,#14209,#14215));
#14207 = ORIENTED_EDGE('',*,*,#14033,.F.);
#14208 = ORIENTED_EDGE('',*,*,#14063,.T.);
#14209 = ORIENTED_EDGE('',*,*,#14210,.T.);
#14210 = EDGE_CURVE('',#14064,#14152,#14211,.T.);
#14211 = LINE('',#14212,#14213);
#14212 = CARTESIAN_POINT('',(541.,9.,29.));
#14213 = VECTOR('',#14214,1.);
#14214 = DIRECTION('',(0.,1.,0.));
#14215 = ORIENTED_EDGE('',*,*,#14151,.F.);
#14216 = PLANE('',#14217);
#14217 = AXIS2_PLACEMENT_3D('',#14218,#14219,#14220);
#14218 = CARTESIAN_POINT('',(521.,9.,29.));
#14219 = DIRECTION('',(0.,0.,1.));
#14220 = DIRECTION('',(1.,0.,0.));
#14221 = ADVANCED_FACE('',(#14222),#14228,.T.);
#14222 = FACE_BOUND('',#14223,.T.);
#14223 = EDGE_LOOP('',(#14224,#14225,#14226,#14227));
#14224 = ORIENTED_EDGE('',*,*,#14080,.F.);
#14225 = ORIENTED_EDGE('',*,*,#14210,.T.);
#14226 = ORIENTED_EDGE('',*,*,#14161,.T.);
#14227 = ORIENTED_EDGE('',*,*,#14129,.F.);
#14228 = PLANE('',#14229);
#14229 = AXIS2_PLACEMENT_3D('',#14230,#14231,#14232);
#14230 = CARTESIAN_POINT('',(541.,9.,29.));
#14231 = DIRECTION('',(1.,0.,0.));
#14232 = DIRECTION('',(0.,0.,1.));
#14233 = ADVANCED_FACE('',(#14234),#14245,.F.);
#14234 = FACE_BOUND('',#14235,.F.);
#14235 = EDGE_LOOP('',(#14236,#14237,#14243,#14244));
#14236 = ORIENTED_EDGE('',*,*,#14169,.F.);
#14237 = ORIENTED_EDGE('',*,*,#14238,.F.);
#14238 = EDGE_CURVE('',#14089,#14170,#14239,.T.);
#14239 = LINE('',#14240,#14241);
#14240 = CARTESIAN_POINT('',(530.,8.,57.75));
#14241 = VECTOR('',#14242,1.);
#14242 = DIRECTION('',(0.,1.,0.));
#14243 = ORIENTED_EDGE('',*,*,#14088,.T.);
#14244 = ORIENTED_EDGE('',*,*,#14238,.T.);
#14245 = CYLINDRICAL_SURFACE('',#14246,2.75);
#14246 = AXIS2_PLACEMENT_3D('',#14247,#14248,#14249);
#14247 = CARTESIAN_POINT('',(530.,8.,55.));
#14248 = DIRECTION('',(0.,1.,0.));
#14249 = DIRECTION('',(0.,0.,1.));
#14250 = ADVANCED_FACE('',(#14251),#14262,.F.);
#14251 = FACE_BOUND('',#14252,.F.);
#14252 = EDGE_LOOP('',(#14253,#14254,#14260,#14261));
#14253 = ORIENTED_EDGE('',*,*,#14180,.F.);
#14254 = ORIENTED_EDGE('',*,*,#14255,.F.);
#14255 = EDGE_CURVE('',#14100,#14181,#14256,.T.);
#14256 = LINE('',#14257,#14258);
#14257 = CARTESIAN_POINT('',(530.,8.,307.75));
#14258 = VECTOR('',#14259,1.);
#14259 = DIRECTION('',(0.,1.,0.));
#14260 = ORIENTED_EDGE('',*,*,#14099,.T.);
#14261 = ORIENTED_EDGE('',*,*,#14255,.T.);
#14262 = CYLINDRICAL_SURFACE('',#14263,2.75);
#14263 = AXIS2_PLACEMENT_3D('',#14264,#14265,#14266);
#14264 = CARTESIAN_POINT('',(530.,8.,305.));
#14265 = DIRECTION('',(0.,1.,0.));
#14266 = DIRECTION('',(0.,0.,1.));
#14267 = ADVANCED_FACE('',(#14268),#14279,.F.);
#14268 = FACE_BOUND('',#14269,.F.);
#14269 = EDGE_LOOP('',(#14270,#14271,#14277,#14278));
#14270 = ORIENTED_EDGE('',*,*,#14191,.F.);
#14271 = ORIENTED_EDGE('',*,*,#14272,.F.);
#14272 = EDGE_CURVE('',#14111,#14192,#14273,.T.);
#14273 = LINE('',#14274,#14275);
#14274 = CARTESIAN_POINT('',(530.,8.,557.75));
#14275 = VECTOR('',#14276,1.);
#14276 = DIRECTION('',(0.,1.,0.));
#14277 = ORIENTED_EDGE('',*,*,#14110,.T.);
#14278 = ORIENTED_EDGE('',*,*,#14272,.T.);
#14279 = CYLINDRICAL_SURFACE('',#14280,2.75);
#14280 = AXIS2_PLACEMENT_3D('',#14281,#14282,#14283);
#14281 = CARTESIAN_POINT('',(530.,8.,555.));
#14282 = DIRECTION('',(0.,1.,0.));
#14283 = DIRECTION('',(0.,0.,1.));
#14284 = MANIFOLD_SOLID_BREP('',#14285);
#14285 = CLOSED_SHELL('',(#14286,#14326,#14390,#14414,#14471,#14488,
    #14500,#14517,#14534));
#14286 = ADVANCED_FACE('',(#14287),#14321,.F.);
#14287 = FACE_BOUND('',#14288,.F.);
#14288 = EDGE_LOOP('',(#14289,#14299,#14307,#14315));
#14289 = ORIENTED_EDGE('',*,*,#14290,.F.);
#14290 = EDGE_CURVE('',#14291,#14293,#14295,.T.);
#14291 = VERTEX_POINT('',#14292);
#14292 = CARTESIAN_POINT('',(521.,331.,29.));
#14293 = VERTEX_POINT('',#14294);
#14294 = CARTESIAN_POINT('',(521.,331.,571.));
#14295 = LINE('',#14296,#14297);
#14296 = CARTESIAN_POINT('',(521.,331.,29.));
#14297 = VECTOR('',#14298,1.);
#14298 = DIRECTION('',(0.,0.,1.));
#14299 = ORIENTED_EDGE('',*,*,#14300,.T.);
#14300 = EDGE_CURVE('',#14291,#14301,#14303,.T.);
#14301 = VERTEX_POINT('',#14302);
#14302 = CARTESIAN_POINT('',(521.,351.,29.));
#14303 = LINE('',#14304,#14305);
#14304 = CARTESIAN_POINT('',(521.,331.,29.));
#14305 = VECTOR('',#14306,1.);
#14306 = DIRECTION('',(0.,1.,0.));
#14307 = ORIENTED_EDGE('',*,*,#14308,.T.);
#14308 = EDGE_CURVE('',#14301,#14309,#14311,.T.);
#14309 = VERTEX_POINT('',#14310);
#14310 = CARTESIAN_POINT('',(521.,351.,571.));
#14311 = LINE('',#14312,#14313);
#14312 = CARTESIAN_POINT('',(521.,351.,29.));
#14313 = VECTOR('',#14314,1.);
#14314 = DIRECTION('',(0.,0.,1.));
#14315 = ORIENTED_EDGE('',*,*,#14316,.F.);
#14316 = EDGE_CURVE('',#14293,#14309,#14317,.T.);
#14317 = LINE('',#14318,#14319);
#14318 = CARTESIAN_POINT('',(521.,331.,571.));
#14319 = VECTOR('',#14320,1.);
#14320 = DIRECTION('',(0.,1.,0.));
#14321 = PLANE('',#14322);
#14322 = AXIS2_PLACEMENT_3D('',#14323,#14324,#14325);
#14323 = CARTESIAN_POINT('',(521.,331.,29.));
#14324 = DIRECTION('',(1.,0.,0.));
#14325 = DIRECTION('',(0.,0.,1.));
#14326 = ADVANCED_FACE('',(#14327,#14352,#14363,#14374),#14385,.F.);
#14327 = FACE_BOUND('',#14328,.F.);
#14328 = EDGE_LOOP('',(#14329,#14337,#14338,#14346));
#14329 = ORIENTED_EDGE('',*,*,#14330,.F.);
#14330 = EDGE_CURVE('',#14291,#14331,#14333,.T.);
#14331 = VERTEX_POINT('',#14332);
#14332 = CARTESIAN_POINT('',(541.,331.,29.));
#14333 = LINE('',#14334,#14335);
#14334 = CARTESIAN_POINT('',(521.,331.,29.));
#14335 = VECTOR('',#14336,1.);
#14336 = DIRECTION('',(1.,0.,0.));
#14337 = ORIENTED_EDGE('',*,*,#14290,.T.);
#14338 = ORIENTED_EDGE('',*,*,#14339,.T.);
#14339 = EDGE_CURVE('',#14293,#14340,#14342,.T.);
#14340 = VERTEX_POINT('',#14341);
#14341 = CARTESIAN_POINT('',(541.,331.,571.));
#14342 = LINE('',#14343,#14344);
#14343 = CARTESIAN_POINT('',(521.,331.,571.));
#14344 = VECTOR('',#14345,1.);
#14345 = DIRECTION('',(1.,0.,0.));
#14346 = ORIENTED_EDGE('',*,*,#14347,.F.);
#14347 = EDGE_CURVE('',#14331,#14340,#14348,.T.);
#14348 = LINE('',#14349,#14350);
#14349 = CARTESIAN_POINT('',(541.,331.,29.));
#14350 = VECTOR('',#14351,1.);
#14351 = DIRECTION('',(0.,0.,1.));
#14352 = FACE_BOUND('',#14353,.F.);
#14353 = EDGE_LOOP('',(#14354));
#14354 = ORIENTED_EDGE('',*,*,#14355,.F.);
#14355 = EDGE_CURVE('',#14356,#14356,#14358,.T.);
#14356 = VERTEX_POINT('',#14357);
#14357 = CARTESIAN_POINT('',(530.,331.,57.75));
#14358 = CIRCLE('',#14359,2.75);
#14359 = AXIS2_PLACEMENT_3D('',#14360,#14361,#14362);
#14360 = CARTESIAN_POINT('',(530.,331.,55.));
#14361 = DIRECTION('',(0.,1.,0.));
#14362 = DIRECTION('',(0.,0.,1.));
#14363 = FACE_BOUND('',#14364,.F.);
#14364 = EDGE_LOOP('',(#14365));
#14365 = ORIENTED_EDGE('',*,*,#14366,.F.);
#14366 = EDGE_CURVE('',#14367,#14367,#14369,.T.);
#14367 = VERTEX_POINT('',#14368);
#14368 = CARTESIAN_POINT('',(530.,331.,307.75));
#14369 = CIRCLE('',#14370,2.75);
#14370 = AXIS2_PLACEMENT_3D('',#14371,#14372,#14373);
#14371 = CARTESIAN_POINT('',(530.,331.,305.));
#14372 = DIRECTION('',(0.,1.,0.));
#14373 = DIRECTION('',(0.,0.,1.));
#14374 = FACE_BOUND('',#14375,.F.);
#14375 = EDGE_LOOP('',(#14376));
#14376 = ORIENTED_EDGE('',*,*,#14377,.F.);
#14377 = EDGE_CURVE('',#14378,#14378,#14380,.T.);
#14378 = VERTEX_POINT('',#14379);
#14379 = CARTESIAN_POINT('',(530.,331.,557.75));
#14380 = CIRCLE('',#14381,2.75);
#14381 = AXIS2_PLACEMENT_3D('',#14382,#14383,#14384);
#14382 = CARTESIAN_POINT('',(530.,331.,555.));
#14383 = DIRECTION('',(0.,1.,0.));
#14384 = DIRECTION('',(0.,0.,1.));
#14385 = PLANE('',#14386);
#14386 = AXIS2_PLACEMENT_3D('',#14387,#14388,#14389);
#14387 = CARTESIAN_POINT('',(521.,331.,29.));
#14388 = DIRECTION('',(0.,1.,0.));
#14389 = DIRECTION('',(0.,0.,1.));
#14390 = ADVANCED_FACE('',(#14391),#14409,.T.);
#14391 = FACE_BOUND('',#14392,.T.);
#14392 = EDGE_LOOP('',(#14393,#14394,#14395,#14403));
#14393 = ORIENTED_EDGE('',*,*,#14316,.F.);
#14394 = ORIENTED_EDGE('',*,*,#14339,.T.);
#14395 = ORIENTED_EDGE('',*,*,#14396,.T.);
#14396 = EDGE_CURVE('',#14340,#14397,#14399,.T.);
#14397 = VERTEX_POINT('',#14398);
#14398 = CARTESIAN_POINT('',(541.,351.,571.));
#14399 = LINE('',#14400,#14401);
#14400 = CARTESIAN_POINT('',(541.,331.,571.));
#14401 = VECTOR('',#14402,1.);
#14402 = DIRECTION('',(0.,1.,0.));
#14403 = ORIENTED_EDGE('',*,*,#14404,.F.);
#14404 = EDGE_CURVE('',#14309,#14397,#14405,.T.);
#14405 = LINE('',#14406,#14407);
#14406 = CARTESIAN_POINT('',(521.,351.,571.));
#14407 = VECTOR('',#14408,1.);
#14408 = DIRECTION('',(1.,0.,0.));
#14409 = PLANE('',#14410);
#14410 = AXIS2_PLACEMENT_3D('',#14411,#14412,#14413);
#14411 = CARTESIAN_POINT('',(521.,331.,571.));
#14412 = DIRECTION('',(0.,0.,1.));
#14413 = DIRECTION('',(1.,0.,0.));
#14414 = ADVANCED_FACE('',(#14415,#14433,#14444,#14455),#14466,.T.);
#14415 = FACE_BOUND('',#14416,.T.);
#14416 = EDGE_LOOP('',(#14417,#14425,#14426,#14427));
#14417 = ORIENTED_EDGE('',*,*,#14418,.F.);
#14418 = EDGE_CURVE('',#14301,#14419,#14421,.T.);
#14419 = VERTEX_POINT('',#14420);
#14420 = CARTESIAN_POINT('',(541.,351.,29.));
#14421 = LINE('',#14422,#14423);
#14422 = CARTESIAN_POINT('',(521.,351.,29.));
#14423 = VECTOR('',#14424,1.);
#14424 = DIRECTION('',(1.,0.,0.));
#14425 = ORIENTED_EDGE('',*,*,#14308,.T.);
#14426 = ORIENTED_EDGE('',*,*,#14404,.T.);
#14427 = ORIENTED_EDGE('',*,*,#14428,.F.);
#14428 = EDGE_CURVE('',#14419,#14397,#14429,.T.);
#14429 = LINE('',#14430,#14431);
#14430 = CARTESIAN_POINT('',(541.,351.,29.));
#14431 = VECTOR('',#14432,1.);
#14432 = DIRECTION('',(0.,0.,1.));
#14433 = FACE_BOUND('',#14434,.T.);
#14434 = EDGE_LOOP('',(#14435));
#14435 = ORIENTED_EDGE('',*,*,#14436,.F.);
#14436 = EDGE_CURVE('',#14437,#14437,#14439,.T.);
#14437 = VERTEX_POINT('',#14438);
#14438 = CARTESIAN_POINT('',(530.,351.,57.75));
#14439 = CIRCLE('',#14440,2.75);
#14440 = AXIS2_PLACEMENT_3D('',#14441,#14442,#14443);
#14441 = CARTESIAN_POINT('',(530.,351.,55.));
#14442 = DIRECTION('',(0.,1.,0.));
#14443 = DIRECTION('',(0.,0.,1.));
#14444 = FACE_BOUND('',#14445,.T.);
#14445 = EDGE_LOOP('',(#14446));
#14446 = ORIENTED_EDGE('',*,*,#14447,.F.);
#14447 = EDGE_CURVE('',#14448,#14448,#14450,.T.);
#14448 = VERTEX_POINT('',#14449);
#14449 = CARTESIAN_POINT('',(530.,351.,307.75));
#14450 = CIRCLE('',#14451,2.75);
#14451 = AXIS2_PLACEMENT_3D('',#14452,#14453,#14454);
#14452 = CARTESIAN_POINT('',(530.,351.,305.));
#14453 = DIRECTION('',(0.,1.,0.));
#14454 = DIRECTION('',(0.,0.,1.));
#14455 = FACE_BOUND('',#14456,.T.);
#14456 = EDGE_LOOP('',(#14457));
#14457 = ORIENTED_EDGE('',*,*,#14458,.F.);
#14458 = EDGE_CURVE('',#14459,#14459,#14461,.T.);
#14459 = VERTEX_POINT('',#14460);
#14460 = CARTESIAN_POINT('',(530.,351.,557.75));
#14461 = CIRCLE('',#14462,2.75);
#14462 = AXIS2_PLACEMENT_3D('',#14463,#14464,#14465);
#14463 = CARTESIAN_POINT('',(530.,351.,555.));
#14464 = DIRECTION('',(0.,1.,0.));
#14465 = DIRECTION('',(0.,0.,1.));
#14466 = PLANE('',#14467);
#14467 = AXIS2_PLACEMENT_3D('',#14468,#14469,#14470);
#14468 = CARTESIAN_POINT('',(521.,351.,29.));
#14469 = DIRECTION('',(0.,1.,0.));
#14470 = DIRECTION('',(0.,0.,1.));
#14471 = ADVANCED_FACE('',(#14472),#14483,.F.);
#14472 = FACE_BOUND('',#14473,.F.);
#14473 = EDGE_LOOP('',(#14474,#14475,#14476,#14482));
#14474 = ORIENTED_EDGE('',*,*,#14300,.F.);
#14475 = ORIENTED_EDGE('',*,*,#14330,.T.);
#14476 = ORIENTED_EDGE('',*,*,#14477,.T.);
#14477 = EDGE_CURVE('',#14331,#14419,#14478,.T.);
#14478 = LINE('',#14479,#14480);
#14479 = CARTESIAN_POINT('',(541.,331.,29.));
#14480 = VECTOR('',#14481,1.);
#14481 = DIRECTION('',(0.,1.,0.));
#14482 = ORIENTED_EDGE('',*,*,#14418,.F.);
#14483 = PLANE('',#14484);
#14484 = AXIS2_PLACEMENT_3D('',#14485,#14486,#14487);
#14485 = CARTESIAN_POINT('',(521.,331.,29.));
#14486 = DIRECTION('',(0.,0.,1.));
#14487 = DIRECTION('',(1.,0.,0.));
#14488 = ADVANCED_FACE('',(#14489),#14495,.T.);
#14489 = FACE_BOUND('',#14490,.T.);
#14490 = EDGE_LOOP('',(#14491,#14492,#14493,#14494));
#14491 = ORIENTED_EDGE('',*,*,#14347,.F.);
#14492 = ORIENTED_EDGE('',*,*,#14477,.T.);
#14493 = ORIENTED_EDGE('',*,*,#14428,.T.);
#14494 = ORIENTED_EDGE('',*,*,#14396,.F.);
#14495 = PLANE('',#14496);
#14496 = AXIS2_PLACEMENT_3D('',#14497,#14498,#14499);
#14497 = CARTESIAN_POINT('',(541.,331.,29.));
#14498 = DIRECTION('',(1.,0.,0.));
#14499 = DIRECTION('',(0.,0.,1.));
#14500 = ADVANCED_FACE('',(#14501),#14512,.F.);
#14501 = FACE_BOUND('',#14502,.F.);
#14502 = EDGE_LOOP('',(#14503,#14504,#14510,#14511));
#14503 = ORIENTED_EDGE('',*,*,#14436,.F.);
#14504 = ORIENTED_EDGE('',*,*,#14505,.F.);
#14505 = EDGE_CURVE('',#14356,#14437,#14506,.T.);
#14506 = LINE('',#14507,#14508);
#14507 = CARTESIAN_POINT('',(530.,330.,57.75));
#14508 = VECTOR('',#14509,1.);
#14509 = DIRECTION('',(0.,1.,0.));
#14510 = ORIENTED_EDGE('',*,*,#14355,.T.);
#14511 = ORIENTED_EDGE('',*,*,#14505,.T.);
#14512 = CYLINDRICAL_SURFACE('',#14513,2.75);
#14513 = AXIS2_PLACEMENT_3D('',#14514,#14515,#14516);
#14514 = CARTESIAN_POINT('',(530.,330.,55.));
#14515 = DIRECTION('',(0.,1.,0.));
#14516 = DIRECTION('',(0.,0.,1.));
#14517 = ADVANCED_FACE('',(#14518),#14529,.F.);
#14518 = FACE_BOUND('',#14519,.F.);
#14519 = EDGE_LOOP('',(#14520,#14521,#14527,#14528));
#14520 = ORIENTED_EDGE('',*,*,#14447,.F.);
#14521 = ORIENTED_EDGE('',*,*,#14522,.F.);
#14522 = EDGE_CURVE('',#14367,#14448,#14523,.T.);
#14523 = LINE('',#14524,#14525);
#14524 = CARTESIAN_POINT('',(530.,330.,307.75));
#14525 = VECTOR('',#14526,1.);
#14526 = DIRECTION('',(0.,1.,0.));
#14527 = ORIENTED_EDGE('',*,*,#14366,.T.);
#14528 = ORIENTED_EDGE('',*,*,#14522,.T.);
#14529 = CYLINDRICAL_SURFACE('',#14530,2.75);
#14530 = AXIS2_PLACEMENT_3D('',#14531,#14532,#14533);
#14531 = CARTESIAN_POINT('',(530.,330.,305.));
#14532 = DIRECTION('',(0.,1.,0.));
#14533 = DIRECTION('',(0.,0.,1.));
#14534 = ADVANCED_FACE('',(#14535),#14546,.F.);
#14535 = FACE_BOUND('',#14536,.F.);
#14536 = EDGE_LOOP('',(#14537,#14538,#14544,#14545));
#14537 = ORIENTED_EDGE('',*,*,#14458,.F.);
#14538 = ORIENTED_EDGE('',*,*,#14539,.F.);
#14539 = EDGE_CURVE('',#14378,#14459,#14540,.T.);
#14540 = LINE('',#14541,#14542);
#14541 = CARTESIAN_POINT('',(530.,330.,557.75));
#14542 = VECTOR('',#14543,1.);
#14543 = DIRECTION('',(0.,1.,0.));
#14544 = ORIENTED_EDGE('',*,*,#14377,.T.);
#14545 = ORIENTED_EDGE('',*,*,#14539,.T.);
#14546 = CYLINDRICAL_SURFACE('',#14547,2.75);
#14547 = AXIS2_PLACEMENT_3D('',#14548,#14549,#14550);
#14548 = CARTESIAN_POINT('',(530.,330.,555.));
#14549 = DIRECTION('',(0.,1.,0.));
#14550 = DIRECTION('',(0.,0.,1.));
#14551 = MANIFOLD_SOLID_BREP('',#14552);
#14552 = CLOSED_SHELL('',(#14553,#14593,#14633,#14655,#14677,#14689));
#14553 = ADVANCED_FACE('',(#14554),#14588,.F.);
#14554 = FACE_BOUND('',#14555,.F.);
#14555 = EDGE_LOOP('',(#14556,#14566,#14574,#14582));
#14556 = ORIENTED_EDGE('',*,*,#14557,.F.);
#14557 = EDGE_CURVE('',#14558,#14560,#14562,.T.);
#14558 = VERTEX_POINT('',#14559);
#14559 = CARTESIAN_POINT('',(25.,15.,0.));
#14560 = VERTEX_POINT('',#14561);
#14561 = CARTESIAN_POINT('',(25.,15.,20.));
#14562 = LINE('',#14563,#14564);
#14563 = CARTESIAN_POINT('',(25.,15.,0.));
#14564 = VECTOR('',#14565,1.);
#14565 = DIRECTION('',(0.,0.,1.));
#14566 = ORIENTED_EDGE('',*,*,#14567,.T.);
#14567 = EDGE_CURVE('',#14558,#14568,#14570,.T.);
#14568 = VERTEX_POINT('',#14569);
#14569 = CARTESIAN_POINT('',(25.,45.,0.));
#14570 = LINE('',#14571,#14572);
#14571 = CARTESIAN_POINT('',(25.,15.,0.));
#14572 = VECTOR('',#14573,1.);
#14573 = DIRECTION('',(0.,1.,0.));
#14574 = ORIENTED_EDGE('',*,*,#14575,.T.);
#14575 = EDGE_CURVE('',#14568,#14576,#14578,.T.);
#14576 = VERTEX_POINT('',#14577);
#14577 = CARTESIAN_POINT('',(25.,45.,20.));
#14578 = LINE('',#14579,#14580);
#14579 = CARTESIAN_POINT('',(25.,45.,0.));
#14580 = VECTOR('',#14581,1.);
#14581 = DIRECTION('',(0.,0.,1.));
#14582 = ORIENTED_EDGE('',*,*,#14583,.F.);
#14583 = EDGE_CURVE('',#14560,#14576,#14584,.T.);
#14584 = LINE('',#14585,#14586);
#14585 = CARTESIAN_POINT('',(25.,15.,20.));
#14586 = VECTOR('',#14587,1.);
#14587 = DIRECTION('',(0.,1.,0.));
#14588 = PLANE('',#14589);
#14589 = AXIS2_PLACEMENT_3D('',#14590,#14591,#14592);
#14590 = CARTESIAN_POINT('',(25.,15.,0.));
#14591 = DIRECTION('',(1.,0.,0.));
#14592 = DIRECTION('',(0.,0.,1.));
#14593 = ADVANCED_FACE('',(#14594),#14628,.T.);
#14594 = FACE_BOUND('',#14595,.T.);
#14595 = EDGE_LOOP('',(#14596,#14606,#14614,#14622));
#14596 = ORIENTED_EDGE('',*,*,#14597,.F.);
#14597 = EDGE_CURVE('',#14598,#14600,#14602,.T.);
#14598 = VERTEX_POINT('',#14599);
#14599 = CARTESIAN_POINT('',(55.,15.,0.));
#14600 = VERTEX_POINT('',#14601);
#14601 = CARTESIAN_POINT('',(55.,15.,20.));
#14602 = LINE('',#14603,#14604);
#14603 = CARTESIAN_POINT('',(55.,15.,0.));
#14604 = VECTOR('',#14605,1.);
#14605 = DIRECTION('',(0.,0.,1.));
#14606 = ORIENTED_EDGE('',*,*,#14607,.T.);
#14607 = EDGE_CURVE('',#14598,#14608,#14610,.T.);
#14608 = VERTEX_POINT('',#14609);
#14609 = CARTESIAN_POINT('',(55.,45.,0.));
#14610 = LINE('',#14611,#14612);
#14611 = CARTESIAN_POINT('',(55.,15.,0.));
#14612 = VECTOR('',#14613,1.);
#14613 = DIRECTION('',(0.,1.,0.));
#14614 = ORIENTED_EDGE('',*,*,#14615,.T.);
#14615 = EDGE_CURVE('',#14608,#14616,#14618,.T.);
#14616 = VERTEX_POINT('',#14617);
#14617 = CARTESIAN_POINT('',(55.,45.,20.));
#14618 = LINE('',#14619,#14620);
#14619 = CARTESIAN_POINT('',(55.,45.,0.));
#14620 = VECTOR('',#14621,1.);
#14621 = DIRECTION('',(0.,0.,1.));
#14622 = ORIENTED_EDGE('',*,*,#14623,.F.);
#14623 = EDGE_CURVE('',#14600,#14616,#14624,.T.);
#14624 = LINE('',#14625,#14626);
#14625 = CARTESIAN_POINT('',(55.,15.,20.));
#14626 = VECTOR('',#14627,1.);
#14627 = DIRECTION('',(0.,1.,0.));
#14628 = PLANE('',#14629);
#14629 = AXIS2_PLACEMENT_3D('',#14630,#14631,#14632);
#14630 = CARTESIAN_POINT('',(55.,15.,0.));
#14631 = DIRECTION('',(1.,0.,0.));
#14632 = DIRECTION('',(0.,0.,1.));
#14633 = ADVANCED_FACE('',(#14634),#14650,.F.);
#14634 = FACE_BOUND('',#14635,.F.);
#14635 = EDGE_LOOP('',(#14636,#14642,#14643,#14649));
#14636 = ORIENTED_EDGE('',*,*,#14637,.F.);
#14637 = EDGE_CURVE('',#14558,#14598,#14638,.T.);
#14638 = LINE('',#14639,#14640);
#14639 = CARTESIAN_POINT('',(25.,15.,0.));
#14640 = VECTOR('',#14641,1.);
#14641 = DIRECTION('',(1.,0.,0.));
#14642 = ORIENTED_EDGE('',*,*,#14557,.T.);
#14643 = ORIENTED_EDGE('',*,*,#14644,.T.);
#14644 = EDGE_CURVE('',#14560,#14600,#14645,.T.);
#14645 = LINE('',#14646,#14647);
#14646 = CARTESIAN_POINT('',(25.,15.,20.));
#14647 = VECTOR('',#14648,1.);
#14648 = DIRECTION('',(1.,0.,0.));
#14649 = ORIENTED_EDGE('',*,*,#14597,.F.);
#14650 = PLANE('',#14651);
#14651 = AXIS2_PLACEMENT_3D('',#14652,#14653,#14654);
#14652 = CARTESIAN_POINT('',(25.,15.,0.));
#14653 = DIRECTION('',(0.,1.,0.));
#14654 = DIRECTION('',(0.,0.,1.));
#14655 = ADVANCED_FACE('',(#14656),#14672,.T.);
#14656 = FACE_BOUND('',#14657,.T.);
#14657 = EDGE_LOOP('',(#14658,#14664,#14665,#14671));
#14658 = ORIENTED_EDGE('',*,*,#14659,.F.);
#14659 = EDGE_CURVE('',#14568,#14608,#14660,.T.);
#14660 = LINE('',#14661,#14662);
#14661 = CARTESIAN_POINT('',(25.,45.,0.));
#14662 = VECTOR('',#14663,1.);
#14663 = DIRECTION('',(1.,0.,0.));
#14664 = ORIENTED_EDGE('',*,*,#14575,.T.);
#14665 = ORIENTED_EDGE('',*,*,#14666,.T.);
#14666 = EDGE_CURVE('',#14576,#14616,#14667,.T.);
#14667 = LINE('',#14668,#14669);
#14668 = CARTESIAN_POINT('',(25.,45.,20.));
#14669 = VECTOR('',#14670,1.);
#14670 = DIRECTION('',(1.,0.,0.));
#14671 = ORIENTED_EDGE('',*,*,#14615,.F.);
#14672 = PLANE('',#14673);
#14673 = AXIS2_PLACEMENT_3D('',#14674,#14675,#14676);
#14674 = CARTESIAN_POINT('',(25.,45.,0.));
#14675 = DIRECTION('',(0.,1.,0.));
#14676 = DIRECTION('',(0.,0.,1.));
#14677 = ADVANCED_FACE('',(#14678),#14684,.F.);
#14678 = FACE_BOUND('',#14679,.F.);
#14679 = EDGE_LOOP('',(#14680,#14681,#14682,#14683));
#14680 = ORIENTED_EDGE('',*,*,#14567,.F.);
#14681 = ORIENTED_EDGE('',*,*,#14637,.T.);
#14682 = ORIENTED_EDGE('',*,*,#14607,.T.);
#14683 = ORIENTED_EDGE('',*,*,#14659,.F.);
#14684 = PLANE('',#14685);
#14685 = AXIS2_PLACEMENT_3D('',#14686,#14687,#14688);
#14686 = CARTESIAN_POINT('',(25.,15.,0.));
#14687 = DIRECTION('',(0.,0.,1.));
#14688 = DIRECTION('',(1.,0.,0.));
#14689 = ADVANCED_FACE('',(#14690),#14696,.T.);
#14690 = FACE_BOUND('',#14691,.T.);
#14691 = EDGE_LOOP('',(#14692,#14693,#14694,#14695));
#14692 = ORIENTED_EDGE('',*,*,#14583,.F.);
#14693 = ORIENTED_EDGE('',*,*,#14644,.T.);
#14694 = ORIENTED_EDGE('',*,*,#14623,.T.);
#14695 = ORIENTED_EDGE('',*,*,#14666,.F.);
#14696 = PLANE('',#14697);
#14697 = AXIS2_PLACEMENT_3D('',#14698,#14699,#14700);
#14698 = CARTESIAN_POINT('',(25.,15.,20.));
#14699 = DIRECTION('',(0.,0.,1.));
#14700 = DIRECTION('',(1.,0.,0.));
#14701 = MANIFOLD_SOLID_BREP('',#14702);
#14702 = CLOSED_SHELL('',(#14703,#14743,#14783,#14805,#14827,#14839));
#14703 = ADVANCED_FACE('',(#14704),#14738,.F.);
#14704 = FACE_BOUND('',#14705,.F.);
#14705 = EDGE_LOOP('',(#14706,#14716,#14724,#14732));
#14706 = ORIENTED_EDGE('',*,*,#14707,.F.);
#14707 = EDGE_CURVE('',#14708,#14710,#14712,.T.);
#14708 = VERTEX_POINT('',#14709);
#14709 = CARTESIAN_POINT('',(25.,315.,0.));
#14710 = VERTEX_POINT('',#14711);
#14711 = CARTESIAN_POINT('',(25.,315.,20.));
#14712 = LINE('',#14713,#14714);
#14713 = CARTESIAN_POINT('',(25.,315.,0.));
#14714 = VECTOR('',#14715,1.);
#14715 = DIRECTION('',(0.,0.,1.));
#14716 = ORIENTED_EDGE('',*,*,#14717,.T.);
#14717 = EDGE_CURVE('',#14708,#14718,#14720,.T.);
#14718 = VERTEX_POINT('',#14719);
#14719 = CARTESIAN_POINT('',(25.,345.,0.));
#14720 = LINE('',#14721,#14722);
#14721 = CARTESIAN_POINT('',(25.,315.,0.));
#14722 = VECTOR('',#14723,1.);
#14723 = DIRECTION('',(0.,1.,0.));
#14724 = ORIENTED_EDGE('',*,*,#14725,.T.);
#14725 = EDGE_CURVE('',#14718,#14726,#14728,.T.);
#14726 = VERTEX_POINT('',#14727);
#14727 = CARTESIAN_POINT('',(25.,345.,20.));
#14728 = LINE('',#14729,#14730);
#14729 = CARTESIAN_POINT('',(25.,345.,0.));
#14730 = VECTOR('',#14731,1.);
#14731 = DIRECTION('',(0.,0.,1.));
#14732 = ORIENTED_EDGE('',*,*,#14733,.F.);
#14733 = EDGE_CURVE('',#14710,#14726,#14734,.T.);
#14734 = LINE('',#14735,#14736);
#14735 = CARTESIAN_POINT('',(25.,315.,20.));
#14736 = VECTOR('',#14737,1.);
#14737 = DIRECTION('',(0.,1.,0.));
#14738 = PLANE('',#14739);
#14739 = AXIS2_PLACEMENT_3D('',#14740,#14741,#14742);
#14740 = CARTESIAN_POINT('',(25.,315.,0.));
#14741 = DIRECTION('',(1.,0.,0.));
#14742 = DIRECTION('',(0.,0.,1.));
#14743 = ADVANCED_FACE('',(#14744),#14778,.T.);
#14744 = FACE_BOUND('',#14745,.T.);
#14745 = EDGE_LOOP('',(#14746,#14756,#14764,#14772));
#14746 = ORIENTED_EDGE('',*,*,#14747,.F.);
#14747 = EDGE_CURVE('',#14748,#14750,#14752,.T.);
#14748 = VERTEX_POINT('',#14749);
#14749 = CARTESIAN_POINT('',(55.,315.,0.));
#14750 = VERTEX_POINT('',#14751);
#14751 = CARTESIAN_POINT('',(55.,315.,20.));
#14752 = LINE('',#14753,#14754);
#14753 = CARTESIAN_POINT('',(55.,315.,0.));
#14754 = VECTOR('',#14755,1.);
#14755 = DIRECTION('',(0.,0.,1.));
#14756 = ORIENTED_EDGE('',*,*,#14757,.T.);
#14757 = EDGE_CURVE('',#14748,#14758,#14760,.T.);
#14758 = VERTEX_POINT('',#14759);
#14759 = CARTESIAN_POINT('',(55.,345.,0.));
#14760 = LINE('',#14761,#14762);
#14761 = CARTESIAN_POINT('',(55.,315.,0.));
#14762 = VECTOR('',#14763,1.);
#14763 = DIRECTION('',(0.,1.,0.));
#14764 = ORIENTED_EDGE('',*,*,#14765,.T.);
#14765 = EDGE_CURVE('',#14758,#14766,#14768,.T.);
#14766 = VERTEX_POINT('',#14767);
#14767 = CARTESIAN_POINT('',(55.,345.,20.));
#14768 = LINE('',#14769,#14770);
#14769 = CARTESIAN_POINT('',(55.,345.,0.));
#14770 = VECTOR('',#14771,1.);
#14771 = DIRECTION('',(0.,0.,1.));
#14772 = ORIENTED_EDGE('',*,*,#14773,.F.);
#14773 = EDGE_CURVE('',#14750,#14766,#14774,.T.);
#14774 = LINE('',#14775,#14776);
#14775 = CARTESIAN_POINT('',(55.,315.,20.));
#14776 = VECTOR('',#14777,1.);
#14777 = DIRECTION('',(0.,1.,0.));
#14778 = PLANE('',#14779);
#14779 = AXIS2_PLACEMENT_3D('',#14780,#14781,#14782);
#14780 = CARTESIAN_POINT('',(55.,315.,0.));
#14781 = DIRECTION('',(1.,0.,0.));
#14782 = DIRECTION('',(0.,0.,1.));
#14783 = ADVANCED_FACE('',(#14784),#14800,.F.);
#14784 = FACE_BOUND('',#14785,.F.);
#14785 = EDGE_LOOP('',(#14786,#14792,#14793,#14799));
#14786 = ORIENTED_EDGE('',*,*,#14787,.F.);
#14787 = EDGE_CURVE('',#14708,#14748,#14788,.T.);
#14788 = LINE('',#14789,#14790);
#14789 = CARTESIAN_POINT('',(25.,315.,0.));
#14790 = VECTOR('',#14791,1.);
#14791 = DIRECTION('',(1.,0.,0.));
#14792 = ORIENTED_EDGE('',*,*,#14707,.T.);
#14793 = ORIENTED_EDGE('',*,*,#14794,.T.);
#14794 = EDGE_CURVE('',#14710,#14750,#14795,.T.);
#14795 = LINE('',#14796,#14797);
#14796 = CARTESIAN_POINT('',(25.,315.,20.));
#14797 = VECTOR('',#14798,1.);
#14798 = DIRECTION('',(1.,0.,0.));
#14799 = ORIENTED_EDGE('',*,*,#14747,.F.);
#14800 = PLANE('',#14801);
#14801 = AXIS2_PLACEMENT_3D('',#14802,#14803,#14804);
#14802 = CARTESIAN_POINT('',(25.,315.,0.));
#14803 = DIRECTION('',(0.,1.,0.));
#14804 = DIRECTION('',(0.,0.,1.));
#14805 = ADVANCED_FACE('',(#14806),#14822,.T.);
#14806 = FACE_BOUND('',#14807,.T.);
#14807 = EDGE_LOOP('',(#14808,#14814,#14815,#14821));
#14808 = ORIENTED_EDGE('',*,*,#14809,.F.);
#14809 = EDGE_CURVE('',#14718,#14758,#14810,.T.);
#14810 = LINE('',#14811,#14812);
#14811 = CARTESIAN_POINT('',(25.,345.,0.));
#14812 = VECTOR('',#14813,1.);
#14813 = DIRECTION('',(1.,0.,0.));
#14814 = ORIENTED_EDGE('',*,*,#14725,.T.);
#14815 = ORIENTED_EDGE('',*,*,#14816,.T.);
#14816 = EDGE_CURVE('',#14726,#14766,#14817,.T.);
#14817 = LINE('',#14818,#14819);
#14818 = CARTESIAN_POINT('',(25.,345.,20.));
#14819 = VECTOR('',#14820,1.);
#14820 = DIRECTION('',(1.,0.,0.));
#14821 = ORIENTED_EDGE('',*,*,#14765,.F.);
#14822 = PLANE('',#14823);
#14823 = AXIS2_PLACEMENT_3D('',#14824,#14825,#14826);
#14824 = CARTESIAN_POINT('',(25.,345.,0.));
#14825 = DIRECTION('',(0.,1.,0.));
#14826 = DIRECTION('',(0.,0.,1.));
#14827 = ADVANCED_FACE('',(#14828),#14834,.F.);
#14828 = FACE_BOUND('',#14829,.F.);
#14829 = EDGE_LOOP('',(#14830,#14831,#14832,#14833));
#14830 = ORIENTED_EDGE('',*,*,#14717,.F.);
#14831 = ORIENTED_EDGE('',*,*,#14787,.T.);
#14832 = ORIENTED_EDGE('',*,*,#14757,.T.);
#14833 = ORIENTED_EDGE('',*,*,#14809,.F.);
#14834 = PLANE('',#14835);
#14835 = AXIS2_PLACEMENT_3D('',#14836,#14837,#14838);
#14836 = CARTESIAN_POINT('',(25.,315.,0.));
#14837 = DIRECTION('',(0.,0.,1.));
#14838 = DIRECTION('',(1.,0.,0.));
#14839 = ADVANCED_FACE('',(#14840),#14846,.T.);
#14840 = FACE_BOUND('',#14841,.T.);
#14841 = EDGE_LOOP('',(#14842,#14843,#14844,#14845));
#14842 = ORIENTED_EDGE('',*,*,#14733,.F.);
#14843 = ORIENTED_EDGE('',*,*,#14794,.T.);
#14844 = ORIENTED_EDGE('',*,*,#14773,.T.);
#14845 = ORIENTED_EDGE('',*,*,#14816,.F.);
#14846 = PLANE('',#14847);
#14847 = AXIS2_PLACEMENT_3D('',#14848,#14849,#14850);
#14848 = CARTESIAN_POINT('',(25.,315.,20.));
#14849 = DIRECTION('',(0.,0.,1.));
#14850 = DIRECTION('',(1.,0.,0.));
#14851 = MANIFOLD_SOLID_BREP('',#14852);
#14852 = CLOSED_SHELL('',(#14853,#14893,#14933,#14955,#14977,#14989));
#14853 = ADVANCED_FACE('',(#14854),#14888,.F.);
#14854 = FACE_BOUND('',#14855,.F.);
#14855 = EDGE_LOOP('',(#14856,#14866,#14874,#14882));
#14856 = ORIENTED_EDGE('',*,*,#14857,.F.);
#14857 = EDGE_CURVE('',#14858,#14860,#14862,.T.);
#14858 = VERTEX_POINT('',#14859);
#14859 = CARTESIAN_POINT('',(495.,15.,0.));
#14860 = VERTEX_POINT('',#14861);
#14861 = CARTESIAN_POINT('',(495.,15.,20.));
#14862 = LINE('',#14863,#14864);
#14863 = CARTESIAN_POINT('',(495.,15.,0.));
#14864 = VECTOR('',#14865,1.);
#14865 = DIRECTION('',(0.,0.,1.));
#14866 = ORIENTED_EDGE('',*,*,#14867,.T.);
#14867 = EDGE_CURVE('',#14858,#14868,#14870,.T.);
#14868 = VERTEX_POINT('',#14869);
#14869 = CARTESIAN_POINT('',(495.,45.,0.));
#14870 = LINE('',#14871,#14872);
#14871 = CARTESIAN_POINT('',(495.,15.,0.));
#14872 = VECTOR('',#14873,1.);
#14873 = DIRECTION('',(0.,1.,0.));
#14874 = ORIENTED_EDGE('',*,*,#14875,.T.);
#14875 = EDGE_CURVE('',#14868,#14876,#14878,.T.);
#14876 = VERTEX_POINT('',#14877);
#14877 = CARTESIAN_POINT('',(495.,45.,20.));
#14878 = LINE('',#14879,#14880);
#14879 = CARTESIAN_POINT('',(495.,45.,0.));
#14880 = VECTOR('',#14881,1.);
#14881 = DIRECTION('',(0.,0.,1.));
#14882 = ORIENTED_EDGE('',*,*,#14883,.F.);
#14883 = EDGE_CURVE('',#14860,#14876,#14884,.T.);
#14884 = LINE('',#14885,#14886);
#14885 = CARTESIAN_POINT('',(495.,15.,20.));
#14886 = VECTOR('',#14887,1.);
#14887 = DIRECTION('',(0.,1.,0.));
#14888 = PLANE('',#14889);
#14889 = AXIS2_PLACEMENT_3D('',#14890,#14891,#14892);
#14890 = CARTESIAN_POINT('',(495.,15.,0.));
#14891 = DIRECTION('',(1.,0.,0.));
#14892 = DIRECTION('',(0.,0.,1.));
#14893 = ADVANCED_FACE('',(#14894),#14928,.T.);
#14894 = FACE_BOUND('',#14895,.T.);
#14895 = EDGE_LOOP('',(#14896,#14906,#14914,#14922));
#14896 = ORIENTED_EDGE('',*,*,#14897,.F.);
#14897 = EDGE_CURVE('',#14898,#14900,#14902,.T.);
#14898 = VERTEX_POINT('',#14899);
#14899 = CARTESIAN_POINT('',(525.,15.,0.));
#14900 = VERTEX_POINT('',#14901);
#14901 = CARTESIAN_POINT('',(525.,15.,20.));
#14902 = LINE('',#14903,#14904);
#14903 = CARTESIAN_POINT('',(525.,15.,0.));
#14904 = VECTOR('',#14905,1.);
#14905 = DIRECTION('',(0.,0.,1.));
#14906 = ORIENTED_EDGE('',*,*,#14907,.T.);
#14907 = EDGE_CURVE('',#14898,#14908,#14910,.T.);
#14908 = VERTEX_POINT('',#14909);
#14909 = CARTESIAN_POINT('',(525.,45.,0.));
#14910 = LINE('',#14911,#14912);
#14911 = CARTESIAN_POINT('',(525.,15.,0.));
#14912 = VECTOR('',#14913,1.);
#14913 = DIRECTION('',(0.,1.,0.));
#14914 = ORIENTED_EDGE('',*,*,#14915,.T.);
#14915 = EDGE_CURVE('',#14908,#14916,#14918,.T.);
#14916 = VERTEX_POINT('',#14917);
#14917 = CARTESIAN_POINT('',(525.,45.,20.));
#14918 = LINE('',#14919,#14920);
#14919 = CARTESIAN_POINT('',(525.,45.,0.));
#14920 = VECTOR('',#14921,1.);
#14921 = DIRECTION('',(0.,0.,1.));
#14922 = ORIENTED_EDGE('',*,*,#14923,.F.);
#14923 = EDGE_CURVE('',#14900,#14916,#14924,.T.);
#14924 = LINE('',#14925,#14926);
#14925 = CARTESIAN_POINT('',(525.,15.,20.));
#14926 = VECTOR('',#14927,1.);
#14927 = DIRECTION('',(0.,1.,0.));
#14928 = PLANE('',#14929);
#14929 = AXIS2_PLACEMENT_3D('',#14930,#14931,#14932);
#14930 = CARTESIAN_POINT('',(525.,15.,0.));
#14931 = DIRECTION('',(1.,0.,0.));
#14932 = DIRECTION('',(0.,0.,1.));
#14933 = ADVANCED_FACE('',(#14934),#14950,.F.);
#14934 = FACE_BOUND('',#14935,.F.);
#14935 = EDGE_LOOP('',(#14936,#14942,#14943,#14949));
#14936 = ORIENTED_EDGE('',*,*,#14937,.F.);
#14937 = EDGE_CURVE('',#14858,#14898,#14938,.T.);
#14938 = LINE('',#14939,#14940);
#14939 = CARTESIAN_POINT('',(495.,15.,0.));
#14940 = VECTOR('',#14941,1.);
#14941 = DIRECTION('',(1.,0.,0.));
#14942 = ORIENTED_EDGE('',*,*,#14857,.T.);
#14943 = ORIENTED_EDGE('',*,*,#14944,.T.);
#14944 = EDGE_CURVE('',#14860,#14900,#14945,.T.);
#14945 = LINE('',#14946,#14947);
#14946 = CARTESIAN_POINT('',(495.,15.,20.));
#14947 = VECTOR('',#14948,1.);
#14948 = DIRECTION('',(1.,0.,0.));
#14949 = ORIENTED_EDGE('',*,*,#14897,.F.);
#14950 = PLANE('',#14951);
#14951 = AXIS2_PLACEMENT_3D('',#14952,#14953,#14954);
#14952 = CARTESIAN_POINT('',(495.,15.,0.));
#14953 = DIRECTION('',(0.,1.,0.));
#14954 = DIRECTION('',(0.,0.,1.));
#14955 = ADVANCED_FACE('',(#14956),#14972,.T.);
#14956 = FACE_BOUND('',#14957,.T.);
#14957 = EDGE_LOOP('',(#14958,#14964,#14965,#14971));
#14958 = ORIENTED_EDGE('',*,*,#14959,.F.);
#14959 = EDGE_CURVE('',#14868,#14908,#14960,.T.);
#14960 = LINE('',#14961,#14962);
#14961 = CARTESIAN_POINT('',(495.,45.,0.));
#14962 = VECTOR('',#14963,1.);
#14963 = DIRECTION('',(1.,0.,0.));
#14964 = ORIENTED_EDGE('',*,*,#14875,.T.);
#14965 = ORIENTED_EDGE('',*,*,#14966,.T.);
#14966 = EDGE_CURVE('',#14876,#14916,#14967,.T.);
#14967 = LINE('',#14968,#14969);
#14968 = CARTESIAN_POINT('',(495.,45.,20.));
#14969 = VECTOR('',#14970,1.);
#14970 = DIRECTION('',(1.,0.,0.));
#14971 = ORIENTED_EDGE('',*,*,#14915,.F.);
#14972 = PLANE('',#14973);
#14973 = AXIS2_PLACEMENT_3D('',#14974,#14975,#14976);
#14974 = CARTESIAN_POINT('',(495.,45.,0.));
#14975 = DIRECTION('',(0.,1.,0.));
#14976 = DIRECTION('',(0.,0.,1.));
#14977 = ADVANCED_FACE('',(#14978),#14984,.F.);
#14978 = FACE_BOUND('',#14979,.F.);
#14979 = EDGE_LOOP('',(#14980,#14981,#14982,#14983));
#14980 = ORIENTED_EDGE('',*,*,#14867,.F.);
#14981 = ORIENTED_EDGE('',*,*,#14937,.T.);
#14982 = ORIENTED_EDGE('',*,*,#14907,.T.);
#14983 = ORIENTED_EDGE('',*,*,#14959,.F.);
#14984 = PLANE('',#14985);
#14985 = AXIS2_PLACEMENT_3D('',#14986,#14987,#14988);
#14986 = CARTESIAN_POINT('',(495.,15.,0.));
#14987 = DIRECTION('',(0.,0.,1.));
#14988 = DIRECTION('',(1.,0.,0.));
#14989 = ADVANCED_FACE('',(#14990),#14996,.T.);
#14990 = FACE_BOUND('',#14991,.T.);
#14991 = EDGE_LOOP('',(#14992,#14993,#14994,#14995));
#14992 = ORIENTED_EDGE('',*,*,#14883,.F.);
#14993 = ORIENTED_EDGE('',*,*,#14944,.T.);
#14994 = ORIENTED_EDGE('',*,*,#14923,.T.);
#14995 = ORIENTED_EDGE('',*,*,#14966,.F.);
#14996 = PLANE('',#14997);
#14997 = AXIS2_PLACEMENT_3D('',#14998,#14999,#15000);
#14998 = CARTESIAN_POINT('',(495.,15.,20.));
#14999 = DIRECTION('',(0.,0.,1.));
#15000 = DIRECTION('',(1.,0.,0.));
#15001 = MANIFOLD_SOLID_BREP('',#15002);
#15002 = CLOSED_SHELL('',(#15003,#15043,#15083,#15105,#15127,#15139));
#15003 = ADVANCED_FACE('',(#15004),#15038,.F.);
#15004 = FACE_BOUND('',#15005,.F.);
#15005 = EDGE_LOOP('',(#15006,#15016,#15024,#15032));
#15006 = ORIENTED_EDGE('',*,*,#15007,.F.);
#15007 = EDGE_CURVE('',#15008,#15010,#15012,.T.);
#15008 = VERTEX_POINT('',#15009);
#15009 = CARTESIAN_POINT('',(495.,315.,0.));
#15010 = VERTEX_POINT('',#15011);
#15011 = CARTESIAN_POINT('',(495.,315.,20.));
#15012 = LINE('',#15013,#15014);
#15013 = CARTESIAN_POINT('',(495.,315.,0.));
#15014 = VECTOR('',#15015,1.);
#15015 = DIRECTION('',(0.,0.,1.));
#15016 = ORIENTED_EDGE('',*,*,#15017,.T.);
#15017 = EDGE_CURVE('',#15008,#15018,#15020,.T.);
#15018 = VERTEX_POINT('',#15019);
#15019 = CARTESIAN_POINT('',(495.,345.,0.));
#15020 = LINE('',#15021,#15022);
#15021 = CARTESIAN_POINT('',(495.,315.,0.));
#15022 = VECTOR('',#15023,1.);
#15023 = DIRECTION('',(0.,1.,0.));
#15024 = ORIENTED_EDGE('',*,*,#15025,.T.);
#15025 = EDGE_CURVE('',#15018,#15026,#15028,.T.);
#15026 = VERTEX_POINT('',#15027);
#15027 = CARTESIAN_POINT('',(495.,345.,20.));
#15028 = LINE('',#15029,#15030);
#15029 = CARTESIAN_POINT('',(495.,345.,0.));
#15030 = VECTOR('',#15031,1.);
#15031 = DIRECTION('',(0.,0.,1.));
#15032 = ORIENTED_EDGE('',*,*,#15033,.F.);
#15033 = EDGE_CURVE('',#15010,#15026,#15034,.T.);
#15034 = LINE('',#15035,#15036);
#15035 = CARTESIAN_POINT('',(495.,315.,20.));
#15036 = VECTOR('',#15037,1.);
#15037 = DIRECTION('',(0.,1.,0.));
#15038 = PLANE('',#15039);
#15039 = AXIS2_PLACEMENT_3D('',#15040,#15041,#15042);
#15040 = CARTESIAN_POINT('',(495.,315.,0.));
#15041 = DIRECTION('',(1.,0.,0.));
#15042 = DIRECTION('',(0.,0.,1.));
#15043 = ADVANCED_FACE('',(#15044),#15078,.T.);
#15044 = FACE_BOUND('',#15045,.T.);
#15045 = EDGE_LOOP('',(#15046,#15056,#15064,#15072));
#15046 = ORIENTED_EDGE('',*,*,#15047,.F.);
#15047 = EDGE_CURVE('',#15048,#15050,#15052,.T.);
#15048 = VERTEX_POINT('',#15049);
#15049 = CARTESIAN_POINT('',(525.,315.,0.));
#15050 = VERTEX_POINT('',#15051);
#15051 = CARTESIAN_POINT('',(525.,315.,20.));
#15052 = LINE('',#15053,#15054);
#15053 = CARTESIAN_POINT('',(525.,315.,0.));
#15054 = VECTOR('',#15055,1.);
#15055 = DIRECTION('',(0.,0.,1.));
#15056 = ORIENTED_EDGE('',*,*,#15057,.T.);
#15057 = EDGE_CURVE('',#15048,#15058,#15060,.T.);
#15058 = VERTEX_POINT('',#15059);
#15059 = CARTESIAN_POINT('',(525.,345.,0.));
#15060 = LINE('',#15061,#15062);
#15061 = CARTESIAN_POINT('',(525.,315.,0.));
#15062 = VECTOR('',#15063,1.);
#15063 = DIRECTION('',(0.,1.,0.));
#15064 = ORIENTED_EDGE('',*,*,#15065,.T.);
#15065 = EDGE_CURVE('',#15058,#15066,#15068,.T.);
#15066 = VERTEX_POINT('',#15067);
#15067 = CARTESIAN_POINT('',(525.,345.,20.));
#15068 = LINE('',#15069,#15070);
#15069 = CARTESIAN_POINT('',(525.,345.,0.));
#15070 = VECTOR('',#15071,1.);
#15071 = DIRECTION('',(0.,0.,1.));
#15072 = ORIENTED_EDGE('',*,*,#15073,.F.);
#15073 = EDGE_CURVE('',#15050,#15066,#15074,.T.);
#15074 = LINE('',#15075,#15076);
#15075 = CARTESIAN_POINT('',(525.,315.,20.));
#15076 = VECTOR('',#15077,1.);
#15077 = DIRECTION('',(0.,1.,0.));
#15078 = PLANE('',#15079);
#15079 = AXIS2_PLACEMENT_3D('',#15080,#15081,#15082);
#15080 = CARTESIAN_POINT('',(525.,315.,0.));
#15081 = DIRECTION('',(1.,0.,0.));
#15082 = DIRECTION('',(0.,0.,1.));
#15083 = ADVANCED_FACE('',(#15084),#15100,.F.);
#15084 = FACE_BOUND('',#15085,.F.);
#15085 = EDGE_LOOP('',(#15086,#15092,#15093,#15099));
#15086 = ORIENTED_EDGE('',*,*,#15087,.F.);
#15087 = EDGE_CURVE('',#15008,#15048,#15088,.T.);
#15088 = LINE('',#15089,#15090);
#15089 = CARTESIAN_POINT('',(495.,315.,0.));
#15090 = VECTOR('',#15091,1.);
#15091 = DIRECTION('',(1.,0.,0.));
#15092 = ORIENTED_EDGE('',*,*,#15007,.T.);
#15093 = ORIENTED_EDGE('',*,*,#15094,.T.);
#15094 = EDGE_CURVE('',#15010,#15050,#15095,.T.);
#15095 = LINE('',#15096,#15097);
#15096 = CARTESIAN_POINT('',(495.,315.,20.));
#15097 = VECTOR('',#15098,1.);
#15098 = DIRECTION('',(1.,0.,0.));
#15099 = ORIENTED_EDGE('',*,*,#15047,.F.);
#15100 = PLANE('',#15101);
#15101 = AXIS2_PLACEMENT_3D('',#15102,#15103,#15104);
#15102 = CARTESIAN_POINT('',(495.,315.,0.));
#15103 = DIRECTION('',(0.,1.,0.));
#15104 = DIRECTION('',(0.,0.,1.));
#15105 = ADVANCED_FACE('',(#15106),#15122,.T.);
#15106 = FACE_BOUND('',#15107,.T.);
#15107 = EDGE_LOOP('',(#15108,#15114,#15115,#15121));
#15108 = ORIENTED_EDGE('',*,*,#15109,.F.);
#15109 = EDGE_CURVE('',#15018,#15058,#15110,.T.);
#15110 = LINE('',#15111,#15112);
#15111 = CARTESIAN_POINT('',(495.,345.,0.));
#15112 = VECTOR('',#15113,1.);
#15113 = DIRECTION('',(1.,0.,0.));
#15114 = ORIENTED_EDGE('',*,*,#15025,.T.);
#15115 = ORIENTED_EDGE('',*,*,#15116,.T.);
#15116 = EDGE_CURVE('',#15026,#15066,#15117,.T.);
#15117 = LINE('',#15118,#15119);
#15118 = CARTESIAN_POINT('',(495.,345.,20.));
#15119 = VECTOR('',#15120,1.);
#15120 = DIRECTION('',(1.,0.,0.));
#15121 = ORIENTED_EDGE('',*,*,#15065,.F.);
#15122 = PLANE('',#15123);
#15123 = AXIS2_PLACEMENT_3D('',#15124,#15125,#15126);
#15124 = CARTESIAN_POINT('',(495.,345.,0.));
#15125 = DIRECTION('',(0.,1.,0.));
#15126 = DIRECTION('',(0.,0.,1.));
#15127 = ADVANCED_FACE('',(#15128),#15134,.F.);
#15128 = FACE_BOUND('',#15129,.F.);
#15129 = EDGE_LOOP('',(#15130,#15131,#15132,#15133));
#15130 = ORIENTED_EDGE('',*,*,#15017,.F.);
#15131 = ORIENTED_EDGE('',*,*,#15087,.T.);
#15132 = ORIENTED_EDGE('',*,*,#15057,.T.);
#15133 = ORIENTED_EDGE('',*,*,#15109,.F.);
#15134 = PLANE('',#15135);
#15135 = AXIS2_PLACEMENT_3D('',#15136,#15137,#15138);
#15136 = CARTESIAN_POINT('',(495.,315.,0.));
#15137 = DIRECTION('',(0.,0.,1.));
#15138 = DIRECTION('',(1.,0.,0.));
#15139 = ADVANCED_FACE('',(#15140),#15146,.T.);
#15140 = FACE_BOUND('',#15141,.T.);
#15141 = EDGE_LOOP('',(#15142,#15143,#15144,#15145));
#15142 = ORIENTED_EDGE('',*,*,#15033,.F.);
#15143 = ORIENTED_EDGE('',*,*,#15094,.T.);
#15144 = ORIENTED_EDGE('',*,*,#15073,.T.);
#15145 = ORIENTED_EDGE('',*,*,#15116,.F.);
#15146 = PLANE('',#15147);
#15147 = AXIS2_PLACEMENT_3D('',#15148,#15149,#15150);
#15148 = CARTESIAN_POINT('',(495.,315.,20.));
#15149 = DIRECTION('',(0.,0.,1.));
#15150 = DIRECTION('',(1.,0.,0.));
#15151 = MANIFOLD_SOLID_BREP('',#15152);
#15152 = CLOSED_SHELL('',(#15153,#15193,#15233,#15255,#15277,#15289));
#15153 = ADVANCED_FACE('',(#15154),#15188,.F.);
#15154 = FACE_BOUND('',#15155,.F.);
#15155 = EDGE_LOOP('',(#15156,#15166,#15174,#15182));
#15156 = ORIENTED_EDGE('',*,*,#15157,.F.);
#15157 = EDGE_CURVE('',#15158,#15160,#15162,.T.);
#15158 = VERTEX_POINT('',#15159);
#15159 = CARTESIAN_POINT('',(115.,20.,630.));
#15160 = VERTEX_POINT('',#15161);
#15161 = CARTESIAN_POINT('',(115.,20.,631.));
#15162 = LINE('',#15163,#15164);
#15163 = CARTESIAN_POINT('',(115.,20.,630.));
#15164 = VECTOR('',#15165,1.);
#15165 = DIRECTION('',(0.,0.,1.));
#15166 = ORIENTED_EDGE('',*,*,#15167,.T.);
#15167 = EDGE_CURVE('',#15158,#15168,#15170,.T.);
#15168 = VERTEX_POINT('',#15169);
#15169 = CARTESIAN_POINT('',(115.,340.,630.));
#15170 = LINE('',#15171,#15172);
#15171 = CARTESIAN_POINT('',(115.,20.,630.));
#15172 = VECTOR('',#15173,1.);
#15173 = DIRECTION('',(0.,1.,0.));
#15174 = ORIENTED_EDGE('',*,*,#15175,.T.);
#15175 = EDGE_CURVE('',#15168,#15176,#15178,.T.);
#15176 = VERTEX_POINT('',#15177);
#15177 = CARTESIAN_POINT('',(115.,340.,631.));
#15178 = LINE('',#15179,#15180);
#15179 = CARTESIAN_POINT('',(115.,340.,630.));
#15180 = VECTOR('',#15181,1.);
#15181 = DIRECTION('',(0.,0.,1.));
#15182 = ORIENTED_EDGE('',*,*,#15183,.F.);
#15183 = EDGE_CURVE('',#15160,#15176,#15184,.T.);
#15184 = LINE('',#15185,#15186);
#15185 = CARTESIAN_POINT('',(115.,20.,631.));
#15186 = VECTOR('',#15187,1.);
#15187 = DIRECTION('',(0.,1.,0.));
#15188 = PLANE('',#15189);
#15189 = AXIS2_PLACEMENT_3D('',#15190,#15191,#15192);
#15190 = CARTESIAN_POINT('',(115.,20.,630.));
#15191 = DIRECTION('',(1.,0.,0.));
#15192 = DIRECTION('',(0.,0.,1.));
#15193 = ADVANCED_FACE('',(#15194),#15228,.T.);
#15194 = FACE_BOUND('',#15195,.T.);
#15195 = EDGE_LOOP('',(#15196,#15206,#15214,#15222));
#15196 = ORIENTED_EDGE('',*,*,#15197,.F.);
#15197 = EDGE_CURVE('',#15198,#15200,#15202,.T.);
#15198 = VERTEX_POINT('',#15199);
#15199 = CARTESIAN_POINT('',(435.,20.,630.));
#15200 = VERTEX_POINT('',#15201);
#15201 = CARTESIAN_POINT('',(435.,20.,631.));
#15202 = LINE('',#15203,#15204);
#15203 = CARTESIAN_POINT('',(435.,20.,630.));
#15204 = VECTOR('',#15205,1.);
#15205 = DIRECTION('',(0.,0.,1.));
#15206 = ORIENTED_EDGE('',*,*,#15207,.T.);
#15207 = EDGE_CURVE('',#15198,#15208,#15210,.T.);
#15208 = VERTEX_POINT('',#15209);
#15209 = CARTESIAN_POINT('',(435.,340.,630.));
#15210 = LINE('',#15211,#15212);
#15211 = CARTESIAN_POINT('',(435.,20.,630.));
#15212 = VECTOR('',#15213,1.);
#15213 = DIRECTION('',(0.,1.,0.));
#15214 = ORIENTED_EDGE('',*,*,#15215,.T.);
#15215 = EDGE_CURVE('',#15208,#15216,#15218,.T.);
#15216 = VERTEX_POINT('',#15217);
#15217 = CARTESIAN_POINT('',(435.,340.,631.));
#15218 = LINE('',#15219,#15220);
#15219 = CARTESIAN_POINT('',(435.,340.,630.));
#15220 = VECTOR('',#15221,1.);
#15221 = DIRECTION('',(0.,0.,1.));
#15222 = ORIENTED_EDGE('',*,*,#15223,.F.);
#15223 = EDGE_CURVE('',#15200,#15216,#15224,.T.);
#15224 = LINE('',#15225,#15226);
#15225 = CARTESIAN_POINT('',(435.,20.,631.));
#15226 = VECTOR('',#15227,1.);
#15227 = DIRECTION('',(0.,1.,0.));
#15228 = PLANE('',#15229);
#15229 = AXIS2_PLACEMENT_3D('',#15230,#15231,#15232);
#15230 = CARTESIAN_POINT('',(435.,20.,630.));
#15231 = DIRECTION('',(1.,0.,0.));
#15232 = DIRECTION('',(0.,0.,1.));
#15233 = ADVANCED_FACE('',(#15234),#15250,.F.);
#15234 = FACE_BOUND('',#15235,.F.);
#15235 = EDGE_LOOP('',(#15236,#15242,#15243,#15249));
#15236 = ORIENTED_EDGE('',*,*,#15237,.F.);
#15237 = EDGE_CURVE('',#15158,#15198,#15238,.T.);
#15238 = LINE('',#15239,#15240);
#15239 = CARTESIAN_POINT('',(115.,20.,630.));
#15240 = VECTOR('',#15241,1.);
#15241 = DIRECTION('',(1.,0.,0.));
#15242 = ORIENTED_EDGE('',*,*,#15157,.T.);
#15243 = ORIENTED_EDGE('',*,*,#15244,.T.);
#15244 = EDGE_CURVE('',#15160,#15200,#15245,.T.);
#15245 = LINE('',#15246,#15247);
#15246 = CARTESIAN_POINT('',(115.,20.,631.));
#15247 = VECTOR('',#15248,1.);
#15248 = DIRECTION('',(1.,0.,0.));
#15249 = ORIENTED_EDGE('',*,*,#15197,.F.);
#15250 = PLANE('',#15251);
#15251 = AXIS2_PLACEMENT_3D('',#15252,#15253,#15254);
#15252 = CARTESIAN_POINT('',(115.,20.,630.));
#15253 = DIRECTION('',(0.,1.,0.));
#15254 = DIRECTION('',(0.,0.,1.));
#15255 = ADVANCED_FACE('',(#15256),#15272,.T.);
#15256 = FACE_BOUND('',#15257,.T.);
#15257 = EDGE_LOOP('',(#15258,#15264,#15265,#15271));
#15258 = ORIENTED_EDGE('',*,*,#15259,.F.);
#15259 = EDGE_CURVE('',#15168,#15208,#15260,.T.);
#15260 = LINE('',#15261,#15262);
#15261 = CARTESIAN_POINT('',(115.,340.,630.));
#15262 = VECTOR('',#15263,1.);
#15263 = DIRECTION('',(1.,0.,0.));
#15264 = ORIENTED_EDGE('',*,*,#15175,.T.);
#15265 = ORIENTED_EDGE('',*,*,#15266,.T.);
#15266 = EDGE_CURVE('',#15176,#15216,#15267,.T.);
#15267 = LINE('',#15268,#15269);
#15268 = CARTESIAN_POINT('',(115.,340.,631.));
#15269 = VECTOR('',#15270,1.);
#15270 = DIRECTION('',(1.,0.,0.));
#15271 = ORIENTED_EDGE('',*,*,#15215,.F.);
#15272 = PLANE('',#15273);
#15273 = AXIS2_PLACEMENT_3D('',#15274,#15275,#15276);
#15274 = CARTESIAN_POINT('',(115.,340.,630.));
#15275 = DIRECTION('',(0.,1.,0.));
#15276 = DIRECTION('',(0.,0.,1.));
#15277 = ADVANCED_FACE('',(#15278),#15284,.F.);
#15278 = FACE_BOUND('',#15279,.F.);
#15279 = EDGE_LOOP('',(#15280,#15281,#15282,#15283));
#15280 = ORIENTED_EDGE('',*,*,#15167,.F.);
#15281 = ORIENTED_EDGE('',*,*,#15237,.T.);
#15282 = ORIENTED_EDGE('',*,*,#15207,.T.);
#15283 = ORIENTED_EDGE('',*,*,#15259,.F.);
#15284 = PLANE('',#15285);
#15285 = AXIS2_PLACEMENT_3D('',#15286,#15287,#15288);
#15286 = CARTESIAN_POINT('',(115.,20.,630.));
#15287 = DIRECTION('',(0.,0.,1.));
#15288 = DIRECTION('',(1.,0.,0.));
#15289 = ADVANCED_FACE('',(#15290),#15296,.T.);
#15290 = FACE_BOUND('',#15291,.T.);
#15291 = EDGE_LOOP('',(#15292,#15293,#15294,#15295));
#15292 = ORIENTED_EDGE('',*,*,#15183,.F.);
#15293 = ORIENTED_EDGE('',*,*,#15244,.T.);
#15294 = ORIENTED_EDGE('',*,*,#15223,.T.);
#15295 = ORIENTED_EDGE('',*,*,#15266,.F.);
#15296 = PLANE('',#15297);
#15297 = AXIS2_PLACEMENT_3D('',#15298,#15299,#15300);
#15298 = CARTESIAN_POINT('',(115.,20.,631.));
#15299 = DIRECTION('',(0.,0.,1.));
#15300 = DIRECTION('',(1.,0.,0.));
#15301 = MANIFOLD_SOLID_BREP('',#15302);
#15302 = CLOSED_SHELL('',(#15303,#15343,#15383,#15405,#15427,#15439));
#15303 = ADVANCED_FACE('',(#15304),#15338,.F.);
#15304 = FACE_BOUND('',#15305,.F.);
#15305 = EDGE_LOOP('',(#15306,#15316,#15324,#15332));
#15306 = ORIENTED_EDGE('',*,*,#15307,.F.);
#15307 = EDGE_CURVE('',#15308,#15310,#15312,.T.);
#15308 = VERTEX_POINT('',#15309);
#15309 = CARTESIAN_POINT('',(115.,20.,580.));
#15310 = VERTEX_POINT('',#15311);
#15311 = CARTESIAN_POINT('',(115.,20.,630.));
#15312 = LINE('',#15313,#15314);
#15313 = CARTESIAN_POINT('',(115.,20.,580.));
#15314 = VECTOR('',#15315,1.);
#15315 = DIRECTION('',(0.,0.,1.));
#15316 = ORIENTED_EDGE('',*,*,#15317,.T.);
#15317 = EDGE_CURVE('',#15308,#15318,#15320,.T.);
#15318 = VERTEX_POINT('',#15319);
#15319 = CARTESIAN_POINT('',(115.,340.,580.));
#15320 = LINE('',#15321,#15322);
#15321 = CARTESIAN_POINT('',(115.,20.,580.));
#15322 = VECTOR('',#15323,1.);
#15323 = DIRECTION('',(0.,1.,0.));
#15324 = ORIENTED_EDGE('',*,*,#15325,.T.);
#15325 = EDGE_CURVE('',#15318,#15326,#15328,.T.);
#15326 = VERTEX_POINT('',#15327);
#15327 = CARTESIAN_POINT('',(115.,340.,630.));
#15328 = LINE('',#15329,#15330);
#15329 = CARTESIAN_POINT('',(115.,340.,580.));
#15330 = VECTOR('',#15331,1.);
#15331 = DIRECTION('',(0.,0.,1.));
#15332 = ORIENTED_EDGE('',*,*,#15333,.F.);
#15333 = EDGE_CURVE('',#15310,#15326,#15334,.T.);
#15334 = LINE('',#15335,#15336);
#15335 = CARTESIAN_POINT('',(115.,20.,630.));
#15336 = VECTOR('',#15337,1.);
#15337 = DIRECTION('',(0.,1.,0.));
#15338 = PLANE('',#15339);
#15339 = AXIS2_PLACEMENT_3D('',#15340,#15341,#15342);
#15340 = CARTESIAN_POINT('',(115.,20.,580.));
#15341 = DIRECTION('',(1.,0.,0.));
#15342 = DIRECTION('',(0.,0.,1.));
#15343 = ADVANCED_FACE('',(#15344),#15378,.T.);
#15344 = FACE_BOUND('',#15345,.T.);
#15345 = EDGE_LOOP('',(#15346,#15356,#15364,#15372));
#15346 = ORIENTED_EDGE('',*,*,#15347,.F.);
#15347 = EDGE_CURVE('',#15348,#15350,#15352,.T.);
#15348 = VERTEX_POINT('',#15349);
#15349 = CARTESIAN_POINT('',(116.,20.,580.));
#15350 = VERTEX_POINT('',#15351);
#15351 = CARTESIAN_POINT('',(116.,20.,630.));
#15352 = LINE('',#15353,#15354);
#15353 = CARTESIAN_POINT('',(116.,20.,580.));
#15354 = VECTOR('',#15355,1.);
#15355 = DIRECTION('',(0.,0.,1.));
#15356 = ORIENTED_EDGE('',*,*,#15357,.T.);
#15357 = EDGE_CURVE('',#15348,#15358,#15360,.T.);
#15358 = VERTEX_POINT('',#15359);
#15359 = CARTESIAN_POINT('',(116.,340.,580.));
#15360 = LINE('',#15361,#15362);
#15361 = CARTESIAN_POINT('',(116.,20.,580.));
#15362 = VECTOR('',#15363,1.);
#15363 = DIRECTION('',(0.,1.,0.));
#15364 = ORIENTED_EDGE('',*,*,#15365,.T.);
#15365 = EDGE_CURVE('',#15358,#15366,#15368,.T.);
#15366 = VERTEX_POINT('',#15367);
#15367 = CARTESIAN_POINT('',(116.,340.,630.));
#15368 = LINE('',#15369,#15370);
#15369 = CARTESIAN_POINT('',(116.,340.,580.));
#15370 = VECTOR('',#15371,1.);
#15371 = DIRECTION('',(0.,0.,1.));
#15372 = ORIENTED_EDGE('',*,*,#15373,.F.);
#15373 = EDGE_CURVE('',#15350,#15366,#15374,.T.);
#15374 = LINE('',#15375,#15376);
#15375 = CARTESIAN_POINT('',(116.,20.,630.));
#15376 = VECTOR('',#15377,1.);
#15377 = DIRECTION('',(0.,1.,0.));
#15378 = PLANE('',#15379);
#15379 = AXIS2_PLACEMENT_3D('',#15380,#15381,#15382);
#15380 = CARTESIAN_POINT('',(116.,20.,580.));
#15381 = DIRECTION('',(1.,0.,0.));
#15382 = DIRECTION('',(0.,0.,1.));
#15383 = ADVANCED_FACE('',(#15384),#15400,.F.);
#15384 = FACE_BOUND('',#15385,.F.);
#15385 = EDGE_LOOP('',(#15386,#15392,#15393,#15399));
#15386 = ORIENTED_EDGE('',*,*,#15387,.F.);
#15387 = EDGE_CURVE('',#15308,#15348,#15388,.T.);
#15388 = LINE('',#15389,#15390);
#15389 = CARTESIAN_POINT('',(115.,20.,580.));
#15390 = VECTOR('',#15391,1.);
#15391 = DIRECTION('',(1.,0.,0.));
#15392 = ORIENTED_EDGE('',*,*,#15307,.T.);
#15393 = ORIENTED_EDGE('',*,*,#15394,.T.);
#15394 = EDGE_CURVE('',#15310,#15350,#15395,.T.);
#15395 = LINE('',#15396,#15397);
#15396 = CARTESIAN_POINT('',(115.,20.,630.));
#15397 = VECTOR('',#15398,1.);
#15398 = DIRECTION('',(1.,0.,0.));
#15399 = ORIENTED_EDGE('',*,*,#15347,.F.);
#15400 = PLANE('',#15401);
#15401 = AXIS2_PLACEMENT_3D('',#15402,#15403,#15404);
#15402 = CARTESIAN_POINT('',(115.,20.,580.));
#15403 = DIRECTION('',(0.,1.,0.));
#15404 = DIRECTION('',(0.,0.,1.));
#15405 = ADVANCED_FACE('',(#15406),#15422,.T.);
#15406 = FACE_BOUND('',#15407,.T.);
#15407 = EDGE_LOOP('',(#15408,#15414,#15415,#15421));
#15408 = ORIENTED_EDGE('',*,*,#15409,.F.);
#15409 = EDGE_CURVE('',#15318,#15358,#15410,.T.);
#15410 = LINE('',#15411,#15412);
#15411 = CARTESIAN_POINT('',(115.,340.,580.));
#15412 = VECTOR('',#15413,1.);
#15413 = DIRECTION('',(1.,0.,0.));
#15414 = ORIENTED_EDGE('',*,*,#15325,.T.);
#15415 = ORIENTED_EDGE('',*,*,#15416,.T.);
#15416 = EDGE_CURVE('',#15326,#15366,#15417,.T.);
#15417 = LINE('',#15418,#15419);
#15418 = CARTESIAN_POINT('',(115.,340.,630.));
#15419 = VECTOR('',#15420,1.);
#15420 = DIRECTION('',(1.,0.,0.));
#15421 = ORIENTED_EDGE('',*,*,#15365,.F.);
#15422 = PLANE('',#15423);
#15423 = AXIS2_PLACEMENT_3D('',#15424,#15425,#15426);
#15424 = CARTESIAN_POINT('',(115.,340.,580.));
#15425 = DIRECTION('',(0.,1.,0.));
#15426 = DIRECTION('',(0.,0.,1.));
#15427 = ADVANCED_FACE('',(#15428),#15434,.F.);
#15428 = FACE_BOUND('',#15429,.F.);
#15429 = EDGE_LOOP('',(#15430,#15431,#15432,#15433));
#15430 = ORIENTED_EDGE('',*,*,#15317,.F.);
#15431 = ORIENTED_EDGE('',*,*,#15387,.T.);
#15432 = ORIENTED_EDGE('',*,*,#15357,.T.);
#15433 = ORIENTED_EDGE('',*,*,#15409,.F.);
#15434 = PLANE('',#15435);
#15435 = AXIS2_PLACEMENT_3D('',#15436,#15437,#15438);
#15436 = CARTESIAN_POINT('',(115.,20.,580.));
#15437 = DIRECTION('',(0.,0.,1.));
#15438 = DIRECTION('',(1.,0.,0.));
#15439 = ADVANCED_FACE('',(#15440),#15446,.T.);
#15440 = FACE_BOUND('',#15441,.T.);
#15441 = EDGE_LOOP('',(#15442,#15443,#15444,#15445));
#15442 = ORIENTED_EDGE('',*,*,#15333,.F.);
#15443 = ORIENTED_EDGE('',*,*,#15394,.T.);
#15444 = ORIENTED_EDGE('',*,*,#15373,.T.);
#15445 = ORIENTED_EDGE('',*,*,#15416,.F.);
#15446 = PLANE('',#15447);
#15447 = AXIS2_PLACEMENT_3D('',#15448,#15449,#15450);
#15448 = CARTESIAN_POINT('',(115.,20.,630.));
#15449 = DIRECTION('',(0.,0.,1.));
#15450 = DIRECTION('',(1.,0.,0.));
#15451 = MANIFOLD_SOLID_BREP('',#15452);
#15452 = CLOSED_SHELL('',(#15453,#15493,#15533,#15555,#15577,#15589));
#15453 = ADVANCED_FACE('',(#15454),#15488,.F.);
#15454 = FACE_BOUND('',#15455,.F.);
#15455 = EDGE_LOOP('',(#15456,#15466,#15474,#15482));
#15456 = ORIENTED_EDGE('',*,*,#15457,.F.);
#15457 = EDGE_CURVE('',#15458,#15460,#15462,.T.);
#15458 = VERTEX_POINT('',#15459);
#15459 = CARTESIAN_POINT('',(434.,20.,580.));
#15460 = VERTEX_POINT('',#15461);
#15461 = CARTESIAN_POINT('',(434.,20.,630.));
#15462 = LINE('',#15463,#15464);
#15463 = CARTESIAN_POINT('',(434.,20.,580.));
#15464 = VECTOR('',#15465,1.);
#15465 = DIRECTION('',(0.,0.,1.));
#15466 = ORIENTED_EDGE('',*,*,#15467,.T.);
#15467 = EDGE_CURVE('',#15458,#15468,#15470,.T.);
#15468 = VERTEX_POINT('',#15469);
#15469 = CARTESIAN_POINT('',(434.,340.,580.));
#15470 = LINE('',#15471,#15472);
#15471 = CARTESIAN_POINT('',(434.,20.,580.));
#15472 = VECTOR('',#15473,1.);
#15473 = DIRECTION('',(0.,1.,0.));
#15474 = ORIENTED_EDGE('',*,*,#15475,.T.);
#15475 = EDGE_CURVE('',#15468,#15476,#15478,.T.);
#15476 = VERTEX_POINT('',#15477);
#15477 = CARTESIAN_POINT('',(434.,340.,630.));
#15478 = LINE('',#15479,#15480);
#15479 = CARTESIAN_POINT('',(434.,340.,580.));
#15480 = VECTOR('',#15481,1.);
#15481 = DIRECTION('',(0.,0.,1.));
#15482 = ORIENTED_EDGE('',*,*,#15483,.F.);
#15483 = EDGE_CURVE('',#15460,#15476,#15484,.T.);
#15484 = LINE('',#15485,#15486);
#15485 = CARTESIAN_POINT('',(434.,20.,630.));
#15486 = VECTOR('',#15487,1.);
#15487 = DIRECTION('',(0.,1.,0.));
#15488 = PLANE('',#15489);
#15489 = AXIS2_PLACEMENT_3D('',#15490,#15491,#15492);
#15490 = CARTESIAN_POINT('',(434.,20.,580.));
#15491 = DIRECTION('',(1.,0.,0.));
#15492 = DIRECTION('',(0.,0.,1.));
#15493 = ADVANCED_FACE('',(#15494),#15528,.T.);
#15494 = FACE_BOUND('',#15495,.T.);
#15495 = EDGE_LOOP('',(#15496,#15506,#15514,#15522));
#15496 = ORIENTED_EDGE('',*,*,#15497,.F.);
#15497 = EDGE_CURVE('',#15498,#15500,#15502,.T.);
#15498 = VERTEX_POINT('',#15499);
#15499 = CARTESIAN_POINT('',(435.,20.,580.));
#15500 = VERTEX_POINT('',#15501);
#15501 = CARTESIAN_POINT('',(435.,20.,630.));
#15502 = LINE('',#15503,#15504);
#15503 = CARTESIAN_POINT('',(435.,20.,580.));
#15504 = VECTOR('',#15505,1.);
#15505 = DIRECTION('',(0.,0.,1.));
#15506 = ORIENTED_EDGE('',*,*,#15507,.T.);
#15507 = EDGE_CURVE('',#15498,#15508,#15510,.T.);
#15508 = VERTEX_POINT('',#15509);
#15509 = CARTESIAN_POINT('',(435.,340.,580.));
#15510 = LINE('',#15511,#15512);
#15511 = CARTESIAN_POINT('',(435.,20.,580.));
#15512 = VECTOR('',#15513,1.);
#15513 = DIRECTION('',(0.,1.,0.));
#15514 = ORIENTED_EDGE('',*,*,#15515,.T.);
#15515 = EDGE_CURVE('',#15508,#15516,#15518,.T.);
#15516 = VERTEX_POINT('',#15517);
#15517 = CARTESIAN_POINT('',(435.,340.,630.));
#15518 = LINE('',#15519,#15520);
#15519 = CARTESIAN_POINT('',(435.,340.,580.));
#15520 = VECTOR('',#15521,1.);
#15521 = DIRECTION('',(0.,0.,1.));
#15522 = ORIENTED_EDGE('',*,*,#15523,.F.);
#15523 = EDGE_CURVE('',#15500,#15516,#15524,.T.);
#15524 = LINE('',#15525,#15526);
#15525 = CARTESIAN_POINT('',(435.,20.,630.));
#15526 = VECTOR('',#15527,1.);
#15527 = DIRECTION('',(0.,1.,0.));
#15528 = PLANE('',#15529);
#15529 = AXIS2_PLACEMENT_3D('',#15530,#15531,#15532);
#15530 = CARTESIAN_POINT('',(435.,20.,580.));
#15531 = DIRECTION('',(1.,0.,0.));
#15532 = DIRECTION('',(0.,0.,1.));
#15533 = ADVANCED_FACE('',(#15534),#15550,.F.);
#15534 = FACE_BOUND('',#15535,.F.);
#15535 = EDGE_LOOP('',(#15536,#15542,#15543,#15549));
#15536 = ORIENTED_EDGE('',*,*,#15537,.F.);
#15537 = EDGE_CURVE('',#15458,#15498,#15538,.T.);
#15538 = LINE('',#15539,#15540);
#15539 = CARTESIAN_POINT('',(434.,20.,580.));
#15540 = VECTOR('',#15541,1.);
#15541 = DIRECTION('',(1.,0.,0.));
#15542 = ORIENTED_EDGE('',*,*,#15457,.T.);
#15543 = ORIENTED_EDGE('',*,*,#15544,.T.);
#15544 = EDGE_CURVE('',#15460,#15500,#15545,.T.);
#15545 = LINE('',#15546,#15547);
#15546 = CARTESIAN_POINT('',(434.,20.,630.));
#15547 = VECTOR('',#15548,1.);
#15548 = DIRECTION('',(1.,0.,0.));
#15549 = ORIENTED_EDGE('',*,*,#15497,.F.);
#15550 = PLANE('',#15551);
#15551 = AXIS2_PLACEMENT_3D('',#15552,#15553,#15554);
#15552 = CARTESIAN_POINT('',(434.,20.,580.));
#15553 = DIRECTION('',(0.,1.,0.));
#15554 = DIRECTION('',(0.,0.,1.));
#15555 = ADVANCED_FACE('',(#15556),#15572,.T.);
#15556 = FACE_BOUND('',#15557,.T.);
#15557 = EDGE_LOOP('',(#15558,#15564,#15565,#15571));
#15558 = ORIENTED_EDGE('',*,*,#15559,.F.);
#15559 = EDGE_CURVE('',#15468,#15508,#15560,.T.);
#15560 = LINE('',#15561,#15562);
#15561 = CARTESIAN_POINT('',(434.,340.,580.));
#15562 = VECTOR('',#15563,1.);
#15563 = DIRECTION('',(1.,0.,0.));
#15564 = ORIENTED_EDGE('',*,*,#15475,.T.);
#15565 = ORIENTED_EDGE('',*,*,#15566,.T.);
#15566 = EDGE_CURVE('',#15476,#15516,#15567,.T.);
#15567 = LINE('',#15568,#15569);
#15568 = CARTESIAN_POINT('',(434.,340.,630.));
#15569 = VECTOR('',#15570,1.);
#15570 = DIRECTION('',(1.,0.,0.));
#15571 = ORIENTED_EDGE('',*,*,#15515,.F.);
#15572 = PLANE('',#15573);
#15573 = AXIS2_PLACEMENT_3D('',#15574,#15575,#15576);
#15574 = CARTESIAN_POINT('',(434.,340.,580.));
#15575 = DIRECTION('',(0.,1.,0.));
#15576 = DIRECTION('',(0.,0.,1.));
#15577 = ADVANCED_FACE('',(#15578),#15584,.F.);
#15578 = FACE_BOUND('',#15579,.F.);
#15579 = EDGE_LOOP('',(#15580,#15581,#15582,#15583));
#15580 = ORIENTED_EDGE('',*,*,#15467,.F.);
#15581 = ORIENTED_EDGE('',*,*,#15537,.T.);
#15582 = ORIENTED_EDGE('',*,*,#15507,.T.);
#15583 = ORIENTED_EDGE('',*,*,#15559,.F.);
#15584 = PLANE('',#15585);
#15585 = AXIS2_PLACEMENT_3D('',#15586,#15587,#15588);
#15586 = CARTESIAN_POINT('',(434.,20.,580.));
#15587 = DIRECTION('',(0.,0.,1.));
#15588 = DIRECTION('',(1.,0.,0.));
#15589 = ADVANCED_FACE('',(#15590),#15596,.T.);
#15590 = FACE_BOUND('',#15591,.T.);
#15591 = EDGE_LOOP('',(#15592,#15593,#15594,#15595));
#15592 = ORIENTED_EDGE('',*,*,#15483,.F.);
#15593 = ORIENTED_EDGE('',*,*,#15544,.T.);
#15594 = ORIENTED_EDGE('',*,*,#15523,.T.);
#15595 = ORIENTED_EDGE('',*,*,#15566,.F.);
#15596 = PLANE('',#15597);
#15597 = AXIS2_PLACEMENT_3D('',#15598,#15599,#15600);
#15598 = CARTESIAN_POINT('',(434.,20.,630.));
#15599 = DIRECTION('',(0.,0.,1.));
#15600 = DIRECTION('',(1.,0.,0.));
#15601 = MANIFOLD_SOLID_BREP('',#15602);
#15602 = CLOSED_SHELL('',(#15603,#15643,#15683,#15705,#15727,#15739));
#15603 = ADVANCED_FACE('',(#15604),#15638,.F.);
#15604 = FACE_BOUND('',#15605,.F.);
#15605 = EDGE_LOOP('',(#15606,#15616,#15624,#15632));
#15606 = ORIENTED_EDGE('',*,*,#15607,.F.);
#15607 = EDGE_CURVE('',#15608,#15610,#15612,.T.);
#15608 = VERTEX_POINT('',#15609);
#15609 = CARTESIAN_POINT('',(116.,20.,580.));
#15610 = VERTEX_POINT('',#15611);
#15611 = CARTESIAN_POINT('',(116.,20.,630.));
#15612 = LINE('',#15613,#15614);
#15613 = CARTESIAN_POINT('',(116.,20.,580.));
#15614 = VECTOR('',#15615,1.);
#15615 = DIRECTION('',(0.,0.,1.));
#15616 = ORIENTED_EDGE('',*,*,#15617,.T.);
#15617 = EDGE_CURVE('',#15608,#15618,#15620,.T.);
#15618 = VERTEX_POINT('',#15619);
#15619 = CARTESIAN_POINT('',(116.,21.,580.));
#15620 = LINE('',#15621,#15622);
#15621 = CARTESIAN_POINT('',(116.,20.,580.));
#15622 = VECTOR('',#15623,1.);
#15623 = DIRECTION('',(0.,1.,0.));
#15624 = ORIENTED_EDGE('',*,*,#15625,.T.);
#15625 = EDGE_CURVE('',#15618,#15626,#15628,.T.);
#15626 = VERTEX_POINT('',#15627);
#15627 = CARTESIAN_POINT('',(116.,21.,630.));
#15628 = LINE('',#15629,#15630);
#15629 = CARTESIAN_POINT('',(116.,21.,580.));
#15630 = VECTOR('',#15631,1.);
#15631 = DIRECTION('',(0.,0.,1.));
#15632 = ORIENTED_EDGE('',*,*,#15633,.F.);
#15633 = EDGE_CURVE('',#15610,#15626,#15634,.T.);
#15634 = LINE('',#15635,#15636);
#15635 = CARTESIAN_POINT('',(116.,20.,630.));
#15636 = VECTOR('',#15637,1.);
#15637 = DIRECTION('',(0.,1.,0.));
#15638 = PLANE('',#15639);
#15639 = AXIS2_PLACEMENT_3D('',#15640,#15641,#15642);
#15640 = CARTESIAN_POINT('',(116.,20.,580.));
#15641 = DIRECTION('',(1.,0.,0.));
#15642 = DIRECTION('',(0.,0.,1.));
#15643 = ADVANCED_FACE('',(#15644),#15678,.T.);
#15644 = FACE_BOUND('',#15645,.T.);
#15645 = EDGE_LOOP('',(#15646,#15656,#15664,#15672));
#15646 = ORIENTED_EDGE('',*,*,#15647,.F.);
#15647 = EDGE_CURVE('',#15648,#15650,#15652,.T.);
#15648 = VERTEX_POINT('',#15649);
#15649 = CARTESIAN_POINT('',(434.,20.,580.));
#15650 = VERTEX_POINT('',#15651);
#15651 = CARTESIAN_POINT('',(434.,20.,630.));
#15652 = LINE('',#15653,#15654);
#15653 = CARTESIAN_POINT('',(434.,20.,580.));
#15654 = VECTOR('',#15655,1.);
#15655 = DIRECTION('',(0.,0.,1.));
#15656 = ORIENTED_EDGE('',*,*,#15657,.T.);
#15657 = EDGE_CURVE('',#15648,#15658,#15660,.T.);
#15658 = VERTEX_POINT('',#15659);
#15659 = CARTESIAN_POINT('',(434.,21.,580.));
#15660 = LINE('',#15661,#15662);
#15661 = CARTESIAN_POINT('',(434.,20.,580.));
#15662 = VECTOR('',#15663,1.);
#15663 = DIRECTION('',(0.,1.,0.));
#15664 = ORIENTED_EDGE('',*,*,#15665,.T.);
#15665 = EDGE_CURVE('',#15658,#15666,#15668,.T.);
#15666 = VERTEX_POINT('',#15667);
#15667 = CARTESIAN_POINT('',(434.,21.,630.));
#15668 = LINE('',#15669,#15670);
#15669 = CARTESIAN_POINT('',(434.,21.,580.));
#15670 = VECTOR('',#15671,1.);
#15671 = DIRECTION('',(0.,0.,1.));
#15672 = ORIENTED_EDGE('',*,*,#15673,.F.);
#15673 = EDGE_CURVE('',#15650,#15666,#15674,.T.);
#15674 = LINE('',#15675,#15676);
#15675 = CARTESIAN_POINT('',(434.,20.,630.));
#15676 = VECTOR('',#15677,1.);
#15677 = DIRECTION('',(0.,1.,0.));
#15678 = PLANE('',#15679);
#15679 = AXIS2_PLACEMENT_3D('',#15680,#15681,#15682);
#15680 = CARTESIAN_POINT('',(434.,20.,580.));
#15681 = DIRECTION('',(1.,0.,0.));
#15682 = DIRECTION('',(0.,0.,1.));
#15683 = ADVANCED_FACE('',(#15684),#15700,.F.);
#15684 = FACE_BOUND('',#15685,.F.);
#15685 = EDGE_LOOP('',(#15686,#15692,#15693,#15699));
#15686 = ORIENTED_EDGE('',*,*,#15687,.F.);
#15687 = EDGE_CURVE('',#15608,#15648,#15688,.T.);
#15688 = LINE('',#15689,#15690);
#15689 = CARTESIAN_POINT('',(116.,20.,580.));
#15690 = VECTOR('',#15691,1.);
#15691 = DIRECTION('',(1.,0.,0.));
#15692 = ORIENTED_EDGE('',*,*,#15607,.T.);
#15693 = ORIENTED_EDGE('',*,*,#15694,.T.);
#15694 = EDGE_CURVE('',#15610,#15650,#15695,.T.);
#15695 = LINE('',#15696,#15697);
#15696 = CARTESIAN_POINT('',(116.,20.,630.));
#15697 = VECTOR('',#15698,1.);
#15698 = DIRECTION('',(1.,0.,0.));
#15699 = ORIENTED_EDGE('',*,*,#15647,.F.);
#15700 = PLANE('',#15701);
#15701 = AXIS2_PLACEMENT_3D('',#15702,#15703,#15704);
#15702 = CARTESIAN_POINT('',(116.,20.,580.));
#15703 = DIRECTION('',(0.,1.,0.));
#15704 = DIRECTION('',(0.,0.,1.));
#15705 = ADVANCED_FACE('',(#15706),#15722,.T.);
#15706 = FACE_BOUND('',#15707,.T.);
#15707 = EDGE_LOOP('',(#15708,#15714,#15715,#15721));
#15708 = ORIENTED_EDGE('',*,*,#15709,.F.);
#15709 = EDGE_CURVE('',#15618,#15658,#15710,.T.);
#15710 = LINE('',#15711,#15712);
#15711 = CARTESIAN_POINT('',(116.,21.,580.));
#15712 = VECTOR('',#15713,1.);
#15713 = DIRECTION('',(1.,0.,0.));
#15714 = ORIENTED_EDGE('',*,*,#15625,.T.);
#15715 = ORIENTED_EDGE('',*,*,#15716,.T.);
#15716 = EDGE_CURVE('',#15626,#15666,#15717,.T.);
#15717 = LINE('',#15718,#15719);
#15718 = CARTESIAN_POINT('',(116.,21.,630.));
#15719 = VECTOR('',#15720,1.);
#15720 = DIRECTION('',(1.,0.,0.));
#15721 = ORIENTED_EDGE('',*,*,#15665,.F.);
#15722 = PLANE('',#15723);
#15723 = AXIS2_PLACEMENT_3D('',#15724,#15725,#15726);
#15724 = CARTESIAN_POINT('',(116.,21.,580.));
#15725 = DIRECTION('',(0.,1.,0.));
#15726 = DIRECTION('',(0.,0.,1.));
#15727 = ADVANCED_FACE('',(#15728),#15734,.F.);
#15728 = FACE_BOUND('',#15729,.F.);
#15729 = EDGE_LOOP('',(#15730,#15731,#15732,#15733));
#15730 = ORIENTED_EDGE('',*,*,#15617,.F.);
#15731 = ORIENTED_EDGE('',*,*,#15687,.T.);
#15732 = ORIENTED_EDGE('',*,*,#15657,.T.);
#15733 = ORIENTED_EDGE('',*,*,#15709,.F.);
#15734 = PLANE('',#15735);
#15735 = AXIS2_PLACEMENT_3D('',#15736,#15737,#15738);
#15736 = CARTESIAN_POINT('',(116.,20.,580.));
#15737 = DIRECTION('',(0.,0.,1.));
#15738 = DIRECTION('',(1.,0.,0.));
#15739 = ADVANCED_FACE('',(#15740),#15746,.T.);
#15740 = FACE_BOUND('',#15741,.T.);
#15741 = EDGE_LOOP('',(#15742,#15743,#15744,#15745));
#15742 = ORIENTED_EDGE('',*,*,#15633,.F.);
#15743 = ORIENTED_EDGE('',*,*,#15694,.T.);
#15744 = ORIENTED_EDGE('',*,*,#15673,.T.);
#15745 = ORIENTED_EDGE('',*,*,#15716,.F.);
#15746 = PLANE('',#15747);
#15747 = AXIS2_PLACEMENT_3D('',#15748,#15749,#15750);
#15748 = CARTESIAN_POINT('',(116.,20.,630.));
#15749 = DIRECTION('',(0.,0.,1.));
#15750 = DIRECTION('',(1.,0.,0.));
#15751 = MANIFOLD_SOLID_BREP('',#15752);
#15752 = CLOSED_SHELL('',(#15753,#15793,#15833,#15855,#15877,#15889));
#15753 = ADVANCED_FACE('',(#15754),#15788,.F.);
#15754 = FACE_BOUND('',#15755,.F.);
#15755 = EDGE_LOOP('',(#15756,#15766,#15774,#15782));
#15756 = ORIENTED_EDGE('',*,*,#15757,.F.);
#15757 = EDGE_CURVE('',#15758,#15760,#15762,.T.);
#15758 = VERTEX_POINT('',#15759);
#15759 = CARTESIAN_POINT('',(116.,339.,580.));
#15760 = VERTEX_POINT('',#15761);
#15761 = CARTESIAN_POINT('',(116.,339.,630.));
#15762 = LINE('',#15763,#15764);
#15763 = CARTESIAN_POINT('',(116.,339.,580.));
#15764 = VECTOR('',#15765,1.);
#15765 = DIRECTION('',(0.,0.,1.));
#15766 = ORIENTED_EDGE('',*,*,#15767,.T.);
#15767 = EDGE_CURVE('',#15758,#15768,#15770,.T.);
#15768 = VERTEX_POINT('',#15769);
#15769 = CARTESIAN_POINT('',(116.,340.,580.));
#15770 = LINE('',#15771,#15772);
#15771 = CARTESIAN_POINT('',(116.,339.,580.));
#15772 = VECTOR('',#15773,1.);
#15773 = DIRECTION('',(0.,1.,0.));
#15774 = ORIENTED_EDGE('',*,*,#15775,.T.);
#15775 = EDGE_CURVE('',#15768,#15776,#15778,.T.);
#15776 = VERTEX_POINT('',#15777);
#15777 = CARTESIAN_POINT('',(116.,340.,630.));
#15778 = LINE('',#15779,#15780);
#15779 = CARTESIAN_POINT('',(116.,340.,580.));
#15780 = VECTOR('',#15781,1.);
#15781 = DIRECTION('',(0.,0.,1.));
#15782 = ORIENTED_EDGE('',*,*,#15783,.F.);
#15783 = EDGE_CURVE('',#15760,#15776,#15784,.T.);
#15784 = LINE('',#15785,#15786);
#15785 = CARTESIAN_POINT('',(116.,339.,630.));
#15786 = VECTOR('',#15787,1.);
#15787 = DIRECTION('',(0.,1.,0.));
#15788 = PLANE('',#15789);
#15789 = AXIS2_PLACEMENT_3D('',#15790,#15791,#15792);
#15790 = CARTESIAN_POINT('',(116.,339.,580.));
#15791 = DIRECTION('',(1.,0.,0.));
#15792 = DIRECTION('',(0.,0.,1.));
#15793 = ADVANCED_FACE('',(#15794),#15828,.T.);
#15794 = FACE_BOUND('',#15795,.T.);
#15795 = EDGE_LOOP('',(#15796,#15806,#15814,#15822));
#15796 = ORIENTED_EDGE('',*,*,#15797,.F.);
#15797 = EDGE_CURVE('',#15798,#15800,#15802,.T.);
#15798 = VERTEX_POINT('',#15799);
#15799 = CARTESIAN_POINT('',(434.,339.,580.));
#15800 = VERTEX_POINT('',#15801);
#15801 = CARTESIAN_POINT('',(434.,339.,630.));
#15802 = LINE('',#15803,#15804);
#15803 = CARTESIAN_POINT('',(434.,339.,580.));
#15804 = VECTOR('',#15805,1.);
#15805 = DIRECTION('',(0.,0.,1.));
#15806 = ORIENTED_EDGE('',*,*,#15807,.T.);
#15807 = EDGE_CURVE('',#15798,#15808,#15810,.T.);
#15808 = VERTEX_POINT('',#15809);
#15809 = CARTESIAN_POINT('',(434.,340.,580.));
#15810 = LINE('',#15811,#15812);
#15811 = CARTESIAN_POINT('',(434.,339.,580.));
#15812 = VECTOR('',#15813,1.);
#15813 = DIRECTION('',(0.,1.,0.));
#15814 = ORIENTED_EDGE('',*,*,#15815,.T.);
#15815 = EDGE_CURVE('',#15808,#15816,#15818,.T.);
#15816 = VERTEX_POINT('',#15817);
#15817 = CARTESIAN_POINT('',(434.,340.,630.));
#15818 = LINE('',#15819,#15820);
#15819 = CARTESIAN_POINT('',(434.,340.,580.));
#15820 = VECTOR('',#15821,1.);
#15821 = DIRECTION('',(0.,0.,1.));
#15822 = ORIENTED_EDGE('',*,*,#15823,.F.);
#15823 = EDGE_CURVE('',#15800,#15816,#15824,.T.);
#15824 = LINE('',#15825,#15826);
#15825 = CARTESIAN_POINT('',(434.,339.,630.));
#15826 = VECTOR('',#15827,1.);
#15827 = DIRECTION('',(0.,1.,0.));
#15828 = PLANE('',#15829);
#15829 = AXIS2_PLACEMENT_3D('',#15830,#15831,#15832);
#15830 = CARTESIAN_POINT('',(434.,339.,580.));
#15831 = DIRECTION('',(1.,0.,0.));
#15832 = DIRECTION('',(0.,0.,1.));
#15833 = ADVANCED_FACE('',(#15834),#15850,.F.);
#15834 = FACE_BOUND('',#15835,.F.);
#15835 = EDGE_LOOP('',(#15836,#15842,#15843,#15849));
#15836 = ORIENTED_EDGE('',*,*,#15837,.F.);
#15837 = EDGE_CURVE('',#15758,#15798,#15838,.T.);
#15838 = LINE('',#15839,#15840);
#15839 = CARTESIAN_POINT('',(116.,339.,580.));
#15840 = VECTOR('',#15841,1.);
#15841 = DIRECTION('',(1.,0.,0.));
#15842 = ORIENTED_EDGE('',*,*,#15757,.T.);
#15843 = ORIENTED_EDGE('',*,*,#15844,.T.);
#15844 = EDGE_CURVE('',#15760,#15800,#15845,.T.);
#15845 = LINE('',#15846,#15847);
#15846 = CARTESIAN_POINT('',(116.,339.,630.));
#15847 = VECTOR('',#15848,1.);
#15848 = DIRECTION('',(1.,0.,0.));
#15849 = ORIENTED_EDGE('',*,*,#15797,.F.);
#15850 = PLANE('',#15851);
#15851 = AXIS2_PLACEMENT_3D('',#15852,#15853,#15854);
#15852 = CARTESIAN_POINT('',(116.,339.,580.));
#15853 = DIRECTION('',(0.,1.,0.));
#15854 = DIRECTION('',(0.,0.,1.));
#15855 = ADVANCED_FACE('',(#15856),#15872,.T.);
#15856 = FACE_BOUND('',#15857,.T.);
#15857 = EDGE_LOOP('',(#15858,#15864,#15865,#15871));
#15858 = ORIENTED_EDGE('',*,*,#15859,.F.);
#15859 = EDGE_CURVE('',#15768,#15808,#15860,.T.);
#15860 = LINE('',#15861,#15862);
#15861 = CARTESIAN_POINT('',(116.,340.,580.));
#15862 = VECTOR('',#15863,1.);
#15863 = DIRECTION('',(1.,0.,0.));
#15864 = ORIENTED_EDGE('',*,*,#15775,.T.);
#15865 = ORIENTED_EDGE('',*,*,#15866,.T.);
#15866 = EDGE_CURVE('',#15776,#15816,#15867,.T.);
#15867 = LINE('',#15868,#15869);
#15868 = CARTESIAN_POINT('',(116.,340.,630.));
#15869 = VECTOR('',#15870,1.);
#15870 = DIRECTION('',(1.,0.,0.));
#15871 = ORIENTED_EDGE('',*,*,#15815,.F.);
#15872 = PLANE('',#15873);
#15873 = AXIS2_PLACEMENT_3D('',#15874,#15875,#15876);
#15874 = CARTESIAN_POINT('',(116.,340.,580.));
#15875 = DIRECTION('',(0.,1.,0.));
#15876 = DIRECTION('',(0.,0.,1.));
#15877 = ADVANCED_FACE('',(#15878),#15884,.F.);
#15878 = FACE_BOUND('',#15879,.F.);
#15879 = EDGE_LOOP('',(#15880,#15881,#15882,#15883));
#15880 = ORIENTED_EDGE('',*,*,#15767,.F.);
#15881 = ORIENTED_EDGE('',*,*,#15837,.T.);
#15882 = ORIENTED_EDGE('',*,*,#15807,.T.);
#15883 = ORIENTED_EDGE('',*,*,#15859,.F.);
#15884 = PLANE('',#15885);
#15885 = AXIS2_PLACEMENT_3D('',#15886,#15887,#15888);
#15886 = CARTESIAN_POINT('',(116.,339.,580.));
#15887 = DIRECTION('',(0.,0.,1.));
#15888 = DIRECTION('',(1.,0.,0.));
#15889 = ADVANCED_FACE('',(#15890),#15896,.T.);
#15890 = FACE_BOUND('',#15891,.T.);
#15891 = EDGE_LOOP('',(#15892,#15893,#15894,#15895));
#15892 = ORIENTED_EDGE('',*,*,#15783,.F.);
#15893 = ORIENTED_EDGE('',*,*,#15844,.T.);
#15894 = ORIENTED_EDGE('',*,*,#15823,.T.);
#15895 = ORIENTED_EDGE('',*,*,#15866,.F.);
#15896 = PLANE('',#15897);
#15897 = AXIS2_PLACEMENT_3D('',#15898,#15899,#15900);
#15898 = CARTESIAN_POINT('',(116.,339.,630.));
#15899 = DIRECTION('',(0.,0.,1.));
#15900 = DIRECTION('',(1.,0.,0.));
#15901 = MANIFOLD_SOLID_BREP('',#15902);
#15902 = CLOSED_SHELL('',(#15903,#15943,#15983,#16005,#16027,#16039));
#15903 = ADVANCED_FACE('',(#15904),#15938,.F.);
#15904 = FACE_BOUND('',#15905,.F.);
#15905 = EDGE_LOOP('',(#15906,#15916,#15924,#15932));
#15906 = ORIENTED_EDGE('',*,*,#15907,.F.);
#15907 = EDGE_CURVE('',#15908,#15910,#15912,.T.);
#15908 = VERTEX_POINT('',#15909);
#15909 = CARTESIAN_POINT('',(115.,20.,530.));
#15910 = VERTEX_POINT('',#15911);
#15911 = CARTESIAN_POINT('',(115.,20.,531.));
#15912 = LINE('',#15913,#15914);
#15913 = CARTESIAN_POINT('',(115.,20.,530.));
#15914 = VECTOR('',#15915,1.);
#15915 = DIRECTION('',(0.,0.,1.));
#15916 = ORIENTED_EDGE('',*,*,#15917,.T.);
#15917 = EDGE_CURVE('',#15908,#15918,#15920,.T.);
#15918 = VERTEX_POINT('',#15919);
#15919 = CARTESIAN_POINT('',(115.,340.,530.));
#15920 = LINE('',#15921,#15922);
#15921 = CARTESIAN_POINT('',(115.,20.,530.));
#15922 = VECTOR('',#15923,1.);
#15923 = DIRECTION('',(0.,1.,0.));
#15924 = ORIENTED_EDGE('',*,*,#15925,.T.);
#15925 = EDGE_CURVE('',#15918,#15926,#15928,.T.);
#15926 = VERTEX_POINT('',#15927);
#15927 = CARTESIAN_POINT('',(115.,340.,531.));
#15928 = LINE('',#15929,#15930);
#15929 = CARTESIAN_POINT('',(115.,340.,530.));
#15930 = VECTOR('',#15931,1.);
#15931 = DIRECTION('',(0.,0.,1.));
#15932 = ORIENTED_EDGE('',*,*,#15933,.F.);
#15933 = EDGE_CURVE('',#15910,#15926,#15934,.T.);
#15934 = LINE('',#15935,#15936);
#15935 = CARTESIAN_POINT('',(115.,20.,531.));
#15936 = VECTOR('',#15937,1.);
#15937 = DIRECTION('',(0.,1.,0.));
#15938 = PLANE('',#15939);
#15939 = AXIS2_PLACEMENT_3D('',#15940,#15941,#15942);
#15940 = CARTESIAN_POINT('',(115.,20.,530.));
#15941 = DIRECTION('',(1.,0.,0.));
#15942 = DIRECTION('',(0.,0.,1.));
#15943 = ADVANCED_FACE('',(#15944),#15978,.T.);
#15944 = FACE_BOUND('',#15945,.T.);
#15945 = EDGE_LOOP('',(#15946,#15956,#15964,#15972));
#15946 = ORIENTED_EDGE('',*,*,#15947,.F.);
#15947 = EDGE_CURVE('',#15948,#15950,#15952,.T.);
#15948 = VERTEX_POINT('',#15949);
#15949 = CARTESIAN_POINT('',(435.,20.,530.));
#15950 = VERTEX_POINT('',#15951);
#15951 = CARTESIAN_POINT('',(435.,20.,531.));
#15952 = LINE('',#15953,#15954);
#15953 = CARTESIAN_POINT('',(435.,20.,530.));
#15954 = VECTOR('',#15955,1.);
#15955 = DIRECTION('',(0.,0.,1.));
#15956 = ORIENTED_EDGE('',*,*,#15957,.T.);
#15957 = EDGE_CURVE('',#15948,#15958,#15960,.T.);
#15958 = VERTEX_POINT('',#15959);
#15959 = CARTESIAN_POINT('',(435.,340.,530.));
#15960 = LINE('',#15961,#15962);
#15961 = CARTESIAN_POINT('',(435.,20.,530.));
#15962 = VECTOR('',#15963,1.);
#15963 = DIRECTION('',(0.,1.,0.));
#15964 = ORIENTED_EDGE('',*,*,#15965,.T.);
#15965 = EDGE_CURVE('',#15958,#15966,#15968,.T.);
#15966 = VERTEX_POINT('',#15967);
#15967 = CARTESIAN_POINT('',(435.,340.,531.));
#15968 = LINE('',#15969,#15970);
#15969 = CARTESIAN_POINT('',(435.,340.,530.));
#15970 = VECTOR('',#15971,1.);
#15971 = DIRECTION('',(0.,0.,1.));
#15972 = ORIENTED_EDGE('',*,*,#15973,.F.);
#15973 = EDGE_CURVE('',#15950,#15966,#15974,.T.);
#15974 = LINE('',#15975,#15976);
#15975 = CARTESIAN_POINT('',(435.,20.,531.));
#15976 = VECTOR('',#15977,1.);
#15977 = DIRECTION('',(0.,1.,0.));
#15978 = PLANE('',#15979);
#15979 = AXIS2_PLACEMENT_3D('',#15980,#15981,#15982);
#15980 = CARTESIAN_POINT('',(435.,20.,530.));
#15981 = DIRECTION('',(1.,0.,0.));
#15982 = DIRECTION('',(0.,0.,1.));
#15983 = ADVANCED_FACE('',(#15984),#16000,.F.);
#15984 = FACE_BOUND('',#15985,.F.);
#15985 = EDGE_LOOP('',(#15986,#15992,#15993,#15999));
#15986 = ORIENTED_EDGE('',*,*,#15987,.F.);
#15987 = EDGE_CURVE('',#15908,#15948,#15988,.T.);
#15988 = LINE('',#15989,#15990);
#15989 = CARTESIAN_POINT('',(115.,20.,530.));
#15990 = VECTOR('',#15991,1.);
#15991 = DIRECTION('',(1.,0.,0.));
#15992 = ORIENTED_EDGE('',*,*,#15907,.T.);
#15993 = ORIENTED_EDGE('',*,*,#15994,.T.);
#15994 = EDGE_CURVE('',#15910,#15950,#15995,.T.);
#15995 = LINE('',#15996,#15997);
#15996 = CARTESIAN_POINT('',(115.,20.,531.));
#15997 = VECTOR('',#15998,1.);
#15998 = DIRECTION('',(1.,0.,0.));
#15999 = ORIENTED_EDGE('',*,*,#15947,.F.);
#16000 = PLANE('',#16001);
#16001 = AXIS2_PLACEMENT_3D('',#16002,#16003,#16004);
#16002 = CARTESIAN_POINT('',(115.,20.,530.));
#16003 = DIRECTION('',(0.,1.,0.));
#16004 = DIRECTION('',(0.,0.,1.));
#16005 = ADVANCED_FACE('',(#16006),#16022,.T.);
#16006 = FACE_BOUND('',#16007,.T.);
#16007 = EDGE_LOOP('',(#16008,#16014,#16015,#16021));
#16008 = ORIENTED_EDGE('',*,*,#16009,.F.);
#16009 = EDGE_CURVE('',#15918,#15958,#16010,.T.);
#16010 = LINE('',#16011,#16012);
#16011 = CARTESIAN_POINT('',(115.,340.,530.));
#16012 = VECTOR('',#16013,1.);
#16013 = DIRECTION('',(1.,0.,0.));
#16014 = ORIENTED_EDGE('',*,*,#15925,.T.);
#16015 = ORIENTED_EDGE('',*,*,#16016,.T.);
#16016 = EDGE_CURVE('',#15926,#15966,#16017,.T.);
#16017 = LINE('',#16018,#16019);
#16018 = CARTESIAN_POINT('',(115.,340.,531.));
#16019 = VECTOR('',#16020,1.);
#16020 = DIRECTION('',(1.,0.,0.));
#16021 = ORIENTED_EDGE('',*,*,#15965,.F.);
#16022 = PLANE('',#16023);
#16023 = AXIS2_PLACEMENT_3D('',#16024,#16025,#16026);
#16024 = CARTESIAN_POINT('',(115.,340.,530.));
#16025 = DIRECTION('',(0.,1.,0.));
#16026 = DIRECTION('',(0.,0.,1.));
#16027 = ADVANCED_FACE('',(#16028),#16034,.F.);
#16028 = FACE_BOUND('',#16029,.F.);
#16029 = EDGE_LOOP('',(#16030,#16031,#16032,#16033));
#16030 = ORIENTED_EDGE('',*,*,#15917,.F.);
#16031 = ORIENTED_EDGE('',*,*,#15987,.T.);
#16032 = ORIENTED_EDGE('',*,*,#15957,.T.);
#16033 = ORIENTED_EDGE('',*,*,#16009,.F.);
#16034 = PLANE('',#16035);
#16035 = AXIS2_PLACEMENT_3D('',#16036,#16037,#16038);
#16036 = CARTESIAN_POINT('',(115.,20.,530.));
#16037 = DIRECTION('',(0.,0.,1.));
#16038 = DIRECTION('',(1.,0.,0.));
#16039 = ADVANCED_FACE('',(#16040),#16046,.T.);
#16040 = FACE_BOUND('',#16041,.T.);
#16041 = EDGE_LOOP('',(#16042,#16043,#16044,#16045));
#16042 = ORIENTED_EDGE('',*,*,#15933,.F.);
#16043 = ORIENTED_EDGE('',*,*,#15994,.T.);
#16044 = ORIENTED_EDGE('',*,*,#15973,.T.);
#16045 = ORIENTED_EDGE('',*,*,#16016,.F.);
#16046 = PLANE('',#16047);
#16047 = AXIS2_PLACEMENT_3D('',#16048,#16049,#16050);
#16048 = CARTESIAN_POINT('',(115.,20.,531.));
#16049 = DIRECTION('',(0.,0.,1.));
#16050 = DIRECTION('',(1.,0.,0.));
#16051 = MANIFOLD_SOLID_BREP('',#16052);
#16052 = CLOSED_SHELL('',(#16053,#16093,#16133,#16155,#16177,#16189));
#16053 = ADVANCED_FACE('',(#16054),#16088,.F.);
#16054 = FACE_BOUND('',#16055,.F.);
#16055 = EDGE_LOOP('',(#16056,#16066,#16074,#16082));
#16056 = ORIENTED_EDGE('',*,*,#16057,.F.);
#16057 = EDGE_CURVE('',#16058,#16060,#16062,.T.);
#16058 = VERTEX_POINT('',#16059);
#16059 = CARTESIAN_POINT('',(115.,20.,530.));
#16060 = VERTEX_POINT('',#16061);
#16061 = CARTESIAN_POINT('',(115.,20.,571.));
#16062 = LINE('',#16063,#16064);
#16063 = CARTESIAN_POINT('',(115.,20.,530.));
#16064 = VECTOR('',#16065,1.);
#16065 = DIRECTION('',(0.,0.,1.));
#16066 = ORIENTED_EDGE('',*,*,#16067,.T.);
#16067 = EDGE_CURVE('',#16058,#16068,#16070,.T.);
#16068 = VERTEX_POINT('',#16069);
#16069 = CARTESIAN_POINT('',(115.,340.,530.));
#16070 = LINE('',#16071,#16072);
#16071 = CARTESIAN_POINT('',(115.,20.,530.));
#16072 = VECTOR('',#16073,1.);
#16073 = DIRECTION('',(0.,1.,0.));
#16074 = ORIENTED_EDGE('',*,*,#16075,.T.);
#16075 = EDGE_CURVE('',#16068,#16076,#16078,.T.);
#16076 = VERTEX_POINT('',#16077);
#16077 = CARTESIAN_POINT('',(115.,340.,571.));
#16078 = LINE('',#16079,#16080);
#16079 = CARTESIAN_POINT('',(115.,340.,530.));
#16080 = VECTOR('',#16081,1.);
#16081 = DIRECTION('',(0.,0.,1.));
#16082 = ORIENTED_EDGE('',*,*,#16083,.F.);
#16083 = EDGE_CURVE('',#16060,#16076,#16084,.T.);
#16084 = LINE('',#16085,#16086);
#16085 = CARTESIAN_POINT('',(115.,20.,571.));
#16086 = VECTOR('',#16087,1.);
#16087 = DIRECTION('',(0.,1.,0.));
#16088 = PLANE('',#16089);
#16089 = AXIS2_PLACEMENT_3D('',#16090,#16091,#16092);
#16090 = CARTESIAN_POINT('',(115.,20.,530.));
#16091 = DIRECTION('',(1.,0.,0.));
#16092 = DIRECTION('',(0.,0.,1.));
#16093 = ADVANCED_FACE('',(#16094),#16128,.T.);
#16094 = FACE_BOUND('',#16095,.T.);
#16095 = EDGE_LOOP('',(#16096,#16106,#16114,#16122));
#16096 = ORIENTED_EDGE('',*,*,#16097,.F.);
#16097 = EDGE_CURVE('',#16098,#16100,#16102,.T.);
#16098 = VERTEX_POINT('',#16099);
#16099 = CARTESIAN_POINT('',(116.,20.,530.));
#16100 = VERTEX_POINT('',#16101);
#16101 = CARTESIAN_POINT('',(116.,20.,571.));
#16102 = LINE('',#16103,#16104);
#16103 = CARTESIAN_POINT('',(116.,20.,530.));
#16104 = VECTOR('',#16105,1.);
#16105 = DIRECTION('',(0.,0.,1.));
#16106 = ORIENTED_EDGE('',*,*,#16107,.T.);
#16107 = EDGE_CURVE('',#16098,#16108,#16110,.T.);
#16108 = VERTEX_POINT('',#16109);
#16109 = CARTESIAN_POINT('',(116.,340.,530.));
#16110 = LINE('',#16111,#16112);
#16111 = CARTESIAN_POINT('',(116.,20.,530.));
#16112 = VECTOR('',#16113,1.);
#16113 = DIRECTION('',(0.,1.,0.));
#16114 = ORIENTED_EDGE('',*,*,#16115,.T.);
#16115 = EDGE_CURVE('',#16108,#16116,#16118,.T.);
#16116 = VERTEX_POINT('',#16117);
#16117 = CARTESIAN_POINT('',(116.,340.,571.));
#16118 = LINE('',#16119,#16120);
#16119 = CARTESIAN_POINT('',(116.,340.,530.));
#16120 = VECTOR('',#16121,1.);
#16121 = DIRECTION('',(0.,0.,1.));
#16122 = ORIENTED_EDGE('',*,*,#16123,.F.);
#16123 = EDGE_CURVE('',#16100,#16116,#16124,.T.);
#16124 = LINE('',#16125,#16126);
#16125 = CARTESIAN_POINT('',(116.,20.,571.));
#16126 = VECTOR('',#16127,1.);
#16127 = DIRECTION('',(0.,1.,0.));
#16128 = PLANE('',#16129);
#16129 = AXIS2_PLACEMENT_3D('',#16130,#16131,#16132);
#16130 = CARTESIAN_POINT('',(116.,20.,530.));
#16131 = DIRECTION('',(1.,0.,0.));
#16132 = DIRECTION('',(0.,0.,1.));
#16133 = ADVANCED_FACE('',(#16134),#16150,.F.);
#16134 = FACE_BOUND('',#16135,.F.);
#16135 = EDGE_LOOP('',(#16136,#16142,#16143,#16149));
#16136 = ORIENTED_EDGE('',*,*,#16137,.F.);
#16137 = EDGE_CURVE('',#16058,#16098,#16138,.T.);
#16138 = LINE('',#16139,#16140);
#16139 = CARTESIAN_POINT('',(115.,20.,530.));
#16140 = VECTOR('',#16141,1.);
#16141 = DIRECTION('',(1.,0.,0.));
#16142 = ORIENTED_EDGE('',*,*,#16057,.T.);
#16143 = ORIENTED_EDGE('',*,*,#16144,.T.);
#16144 = EDGE_CURVE('',#16060,#16100,#16145,.T.);
#16145 = LINE('',#16146,#16147);
#16146 = CARTESIAN_POINT('',(115.,20.,571.));
#16147 = VECTOR('',#16148,1.);
#16148 = DIRECTION('',(1.,0.,0.));
#16149 = ORIENTED_EDGE('',*,*,#16097,.F.);
#16150 = PLANE('',#16151);
#16151 = AXIS2_PLACEMENT_3D('',#16152,#16153,#16154);
#16152 = CARTESIAN_POINT('',(115.,20.,530.));
#16153 = DIRECTION('',(0.,1.,0.));
#16154 = DIRECTION('',(0.,0.,1.));
#16155 = ADVANCED_FACE('',(#16156),#16172,.T.);
#16156 = FACE_BOUND('',#16157,.T.);
#16157 = EDGE_LOOP('',(#16158,#16164,#16165,#16171));
#16158 = ORIENTED_EDGE('',*,*,#16159,.F.);
#16159 = EDGE_CURVE('',#16068,#16108,#16160,.T.);
#16160 = LINE('',#16161,#16162);
#16161 = CARTESIAN_POINT('',(115.,340.,530.));
#16162 = VECTOR('',#16163,1.);
#16163 = DIRECTION('',(1.,0.,0.));
#16164 = ORIENTED_EDGE('',*,*,#16075,.T.);
#16165 = ORIENTED_EDGE('',*,*,#16166,.T.);
#16166 = EDGE_CURVE('',#16076,#16116,#16167,.T.);
#16167 = LINE('',#16168,#16169);
#16168 = CARTESIAN_POINT('',(115.,340.,571.));
#16169 = VECTOR('',#16170,1.);
#16170 = DIRECTION('',(1.,0.,0.));
#16171 = ORIENTED_EDGE('',*,*,#16115,.F.);
#16172 = PLANE('',#16173);
#16173 = AXIS2_PLACEMENT_3D('',#16174,#16175,#16176);
#16174 = CARTESIAN_POINT('',(115.,340.,530.));
#16175 = DIRECTION('',(0.,1.,0.));
#16176 = DIRECTION('',(0.,0.,1.));
#16177 = ADVANCED_FACE('',(#16178),#16184,.F.);
#16178 = FACE_BOUND('',#16179,.F.);
#16179 = EDGE_LOOP('',(#16180,#16181,#16182,#16183));
#16180 = ORIENTED_EDGE('',*,*,#16067,.F.);
#16181 = ORIENTED_EDGE('',*,*,#16137,.T.);
#16182 = ORIENTED_EDGE('',*,*,#16107,.T.);
#16183 = ORIENTED_EDGE('',*,*,#16159,.F.);
#16184 = PLANE('',#16185);
#16185 = AXIS2_PLACEMENT_3D('',#16186,#16187,#16188);
#16186 = CARTESIAN_POINT('',(115.,20.,530.));
#16187 = DIRECTION('',(0.,0.,1.));
#16188 = DIRECTION('',(1.,0.,0.));
#16189 = ADVANCED_FACE('',(#16190),#16196,.T.);
#16190 = FACE_BOUND('',#16191,.T.);
#16191 = EDGE_LOOP('',(#16192,#16193,#16194,#16195));
#16192 = ORIENTED_EDGE('',*,*,#16083,.F.);
#16193 = ORIENTED_EDGE('',*,*,#16144,.T.);
#16194 = ORIENTED_EDGE('',*,*,#16123,.T.);
#16195 = ORIENTED_EDGE('',*,*,#16166,.F.);
#16196 = PLANE('',#16197);
#16197 = AXIS2_PLACEMENT_3D('',#16198,#16199,#16200);
#16198 = CARTESIAN_POINT('',(115.,20.,571.));
#16199 = DIRECTION('',(0.,0.,1.));
#16200 = DIRECTION('',(1.,0.,0.));
#16201 = MANIFOLD_SOLID_BREP('',#16202);
#16202 = CLOSED_SHELL('',(#16203,#16243,#16283,#16305,#16327,#16339));
#16203 = ADVANCED_FACE('',(#16204),#16238,.F.);
#16204 = FACE_BOUND('',#16205,.F.);
#16205 = EDGE_LOOP('',(#16206,#16216,#16224,#16232));
#16206 = ORIENTED_EDGE('',*,*,#16207,.F.);
#16207 = EDGE_CURVE('',#16208,#16210,#16212,.T.);
#16208 = VERTEX_POINT('',#16209);
#16209 = CARTESIAN_POINT('',(434.,20.,530.));
#16210 = VERTEX_POINT('',#16211);
#16211 = CARTESIAN_POINT('',(434.,20.,571.));
#16212 = LINE('',#16213,#16214);
#16213 = CARTESIAN_POINT('',(434.,20.,530.));
#16214 = VECTOR('',#16215,1.);
#16215 = DIRECTION('',(0.,0.,1.));
#16216 = ORIENTED_EDGE('',*,*,#16217,.T.);
#16217 = EDGE_CURVE('',#16208,#16218,#16220,.T.);
#16218 = VERTEX_POINT('',#16219);
#16219 = CARTESIAN_POINT('',(434.,340.,530.));
#16220 = LINE('',#16221,#16222);
#16221 = CARTESIAN_POINT('',(434.,20.,530.));
#16222 = VECTOR('',#16223,1.);
#16223 = DIRECTION('',(0.,1.,0.));
#16224 = ORIENTED_EDGE('',*,*,#16225,.T.);
#16225 = EDGE_CURVE('',#16218,#16226,#16228,.T.);
#16226 = VERTEX_POINT('',#16227);
#16227 = CARTESIAN_POINT('',(434.,340.,571.));
#16228 = LINE('',#16229,#16230);
#16229 = CARTESIAN_POINT('',(434.,340.,530.));
#16230 = VECTOR('',#16231,1.);
#16231 = DIRECTION('',(0.,0.,1.));
#16232 = ORIENTED_EDGE('',*,*,#16233,.F.);
#16233 = EDGE_CURVE('',#16210,#16226,#16234,.T.);
#16234 = LINE('',#16235,#16236);
#16235 = CARTESIAN_POINT('',(434.,20.,571.));
#16236 = VECTOR('',#16237,1.);
#16237 = DIRECTION('',(0.,1.,0.));
#16238 = PLANE('',#16239);
#16239 = AXIS2_PLACEMENT_3D('',#16240,#16241,#16242);
#16240 = CARTESIAN_POINT('',(434.,20.,530.));
#16241 = DIRECTION('',(1.,0.,0.));
#16242 = DIRECTION('',(0.,0.,1.));
#16243 = ADVANCED_FACE('',(#16244),#16278,.T.);
#16244 = FACE_BOUND('',#16245,.T.);
#16245 = EDGE_LOOP('',(#16246,#16256,#16264,#16272));
#16246 = ORIENTED_EDGE('',*,*,#16247,.F.);
#16247 = EDGE_CURVE('',#16248,#16250,#16252,.T.);
#16248 = VERTEX_POINT('',#16249);
#16249 = CARTESIAN_POINT('',(435.,20.,530.));
#16250 = VERTEX_POINT('',#16251);
#16251 = CARTESIAN_POINT('',(435.,20.,571.));
#16252 = LINE('',#16253,#16254);
#16253 = CARTESIAN_POINT('',(435.,20.,530.));
#16254 = VECTOR('',#16255,1.);
#16255 = DIRECTION('',(0.,0.,1.));
#16256 = ORIENTED_EDGE('',*,*,#16257,.T.);
#16257 = EDGE_CURVE('',#16248,#16258,#16260,.T.);
#16258 = VERTEX_POINT('',#16259);
#16259 = CARTESIAN_POINT('',(435.,340.,530.));
#16260 = LINE('',#16261,#16262);
#16261 = CARTESIAN_POINT('',(435.,20.,530.));
#16262 = VECTOR('',#16263,1.);
#16263 = DIRECTION('',(0.,1.,0.));
#16264 = ORIENTED_EDGE('',*,*,#16265,.T.);
#16265 = EDGE_CURVE('',#16258,#16266,#16268,.T.);
#16266 = VERTEX_POINT('',#16267);
#16267 = CARTESIAN_POINT('',(435.,340.,571.));
#16268 = LINE('',#16269,#16270);
#16269 = CARTESIAN_POINT('',(435.,340.,530.));
#16270 = VECTOR('',#16271,1.);
#16271 = DIRECTION('',(0.,0.,1.));
#16272 = ORIENTED_EDGE('',*,*,#16273,.F.);
#16273 = EDGE_CURVE('',#16250,#16266,#16274,.T.);
#16274 = LINE('',#16275,#16276);
#16275 = CARTESIAN_POINT('',(435.,20.,571.));
#16276 = VECTOR('',#16277,1.);
#16277 = DIRECTION('',(0.,1.,0.));
#16278 = PLANE('',#16279);
#16279 = AXIS2_PLACEMENT_3D('',#16280,#16281,#16282);
#16280 = CARTESIAN_POINT('',(435.,20.,530.));
#16281 = DIRECTION('',(1.,0.,0.));
#16282 = DIRECTION('',(0.,0.,1.));
#16283 = ADVANCED_FACE('',(#16284),#16300,.F.);
#16284 = FACE_BOUND('',#16285,.F.);
#16285 = EDGE_LOOP('',(#16286,#16292,#16293,#16299));
#16286 = ORIENTED_EDGE('',*,*,#16287,.F.);
#16287 = EDGE_CURVE('',#16208,#16248,#16288,.T.);
#16288 = LINE('',#16289,#16290);
#16289 = CARTESIAN_POINT('',(434.,20.,530.));
#16290 = VECTOR('',#16291,1.);
#16291 = DIRECTION('',(1.,0.,0.));
#16292 = ORIENTED_EDGE('',*,*,#16207,.T.);
#16293 = ORIENTED_EDGE('',*,*,#16294,.T.);
#16294 = EDGE_CURVE('',#16210,#16250,#16295,.T.);
#16295 = LINE('',#16296,#16297);
#16296 = CARTESIAN_POINT('',(434.,20.,571.));
#16297 = VECTOR('',#16298,1.);
#16298 = DIRECTION('',(1.,0.,0.));
#16299 = ORIENTED_EDGE('',*,*,#16247,.F.);
#16300 = PLANE('',#16301);
#16301 = AXIS2_PLACEMENT_3D('',#16302,#16303,#16304);
#16302 = CARTESIAN_POINT('',(434.,20.,530.));
#16303 = DIRECTION('',(0.,1.,0.));
#16304 = DIRECTION('',(0.,0.,1.));
#16305 = ADVANCED_FACE('',(#16306),#16322,.T.);
#16306 = FACE_BOUND('',#16307,.T.);
#16307 = EDGE_LOOP('',(#16308,#16314,#16315,#16321));
#16308 = ORIENTED_EDGE('',*,*,#16309,.F.);
#16309 = EDGE_CURVE('',#16218,#16258,#16310,.T.);
#16310 = LINE('',#16311,#16312);
#16311 = CARTESIAN_POINT('',(434.,340.,530.));
#16312 = VECTOR('',#16313,1.);
#16313 = DIRECTION('',(1.,0.,0.));
#16314 = ORIENTED_EDGE('',*,*,#16225,.T.);
#16315 = ORIENTED_EDGE('',*,*,#16316,.T.);
#16316 = EDGE_CURVE('',#16226,#16266,#16317,.T.);
#16317 = LINE('',#16318,#16319);
#16318 = CARTESIAN_POINT('',(434.,340.,571.));
#16319 = VECTOR('',#16320,1.);
#16320 = DIRECTION('',(1.,0.,0.));
#16321 = ORIENTED_EDGE('',*,*,#16265,.F.);
#16322 = PLANE('',#16323);
#16323 = AXIS2_PLACEMENT_3D('',#16324,#16325,#16326);
#16324 = CARTESIAN_POINT('',(434.,340.,530.));
#16325 = DIRECTION('',(0.,1.,0.));
#16326 = DIRECTION('',(0.,0.,1.));
#16327 = ADVANCED_FACE('',(#16328),#16334,.F.);
#16328 = FACE_BOUND('',#16329,.F.);
#16329 = EDGE_LOOP('',(#16330,#16331,#16332,#16333));
#16330 = ORIENTED_EDGE('',*,*,#16217,.F.);
#16331 = ORIENTED_EDGE('',*,*,#16287,.T.);
#16332 = ORIENTED_EDGE('',*,*,#16257,.T.);
#16333 = ORIENTED_EDGE('',*,*,#16309,.F.);
#16334 = PLANE('',#16335);
#16335 = AXIS2_PLACEMENT_3D('',#16336,#16337,#16338);
#16336 = CARTESIAN_POINT('',(434.,20.,530.));
#16337 = DIRECTION('',(0.,0.,1.));
#16338 = DIRECTION('',(1.,0.,0.));
#16339 = ADVANCED_FACE('',(#16340),#16346,.T.);
#16340 = FACE_BOUND('',#16341,.T.);
#16341 = EDGE_LOOP('',(#16342,#16343,#16344,#16345));
#16342 = ORIENTED_EDGE('',*,*,#16233,.F.);
#16343 = ORIENTED_EDGE('',*,*,#16294,.T.);
#16344 = ORIENTED_EDGE('',*,*,#16273,.T.);
#16345 = ORIENTED_EDGE('',*,*,#16316,.F.);
#16346 = PLANE('',#16347);
#16347 = AXIS2_PLACEMENT_3D('',#16348,#16349,#16350);
#16348 = CARTESIAN_POINT('',(434.,20.,571.));
#16349 = DIRECTION('',(0.,0.,1.));
#16350 = DIRECTION('',(1.,0.,0.));
#16351 = MANIFOLD_SOLID_BREP('',#16352);
#16352 = CLOSED_SHELL('',(#16353,#16393,#16433,#16455,#16477,#16489));
#16353 = ADVANCED_FACE('',(#16354),#16388,.F.);
#16354 = FACE_BOUND('',#16355,.F.);
#16355 = EDGE_LOOP('',(#16356,#16366,#16374,#16382));
#16356 = ORIENTED_EDGE('',*,*,#16357,.F.);
#16357 = EDGE_CURVE('',#16358,#16360,#16362,.T.);
#16358 = VERTEX_POINT('',#16359);
#16359 = CARTESIAN_POINT('',(116.,20.,530.));
#16360 = VERTEX_POINT('',#16361);
#16361 = CARTESIAN_POINT('',(116.,20.,571.));
#16362 = LINE('',#16363,#16364);
#16363 = CARTESIAN_POINT('',(116.,20.,530.));
#16364 = VECTOR('',#16365,1.);
#16365 = DIRECTION('',(0.,0.,1.));
#16366 = ORIENTED_EDGE('',*,*,#16367,.T.);
#16367 = EDGE_CURVE('',#16358,#16368,#16370,.T.);
#16368 = VERTEX_POINT('',#16369);
#16369 = CARTESIAN_POINT('',(116.,21.,530.));
#16370 = LINE('',#16371,#16372);
#16371 = CARTESIAN_POINT('',(116.,20.,530.));
#16372 = VECTOR('',#16373,1.);
#16373 = DIRECTION('',(0.,1.,0.));
#16374 = ORIENTED_EDGE('',*,*,#16375,.T.);
#16375 = EDGE_CURVE('',#16368,#16376,#16378,.T.);
#16376 = VERTEX_POINT('',#16377);
#16377 = CARTESIAN_POINT('',(116.,21.,571.));
#16378 = LINE('',#16379,#16380);
#16379 = CARTESIAN_POINT('',(116.,21.,530.));
#16380 = VECTOR('',#16381,1.);
#16381 = DIRECTION('',(0.,0.,1.));
#16382 = ORIENTED_EDGE('',*,*,#16383,.F.);
#16383 = EDGE_CURVE('',#16360,#16376,#16384,.T.);
#16384 = LINE('',#16385,#16386);
#16385 = CARTESIAN_POINT('',(116.,20.,571.));
#16386 = VECTOR('',#16387,1.);
#16387 = DIRECTION('',(0.,1.,0.));
#16388 = PLANE('',#16389);
#16389 = AXIS2_PLACEMENT_3D('',#16390,#16391,#16392);
#16390 = CARTESIAN_POINT('',(116.,20.,530.));
#16391 = DIRECTION('',(1.,0.,0.));
#16392 = DIRECTION('',(0.,0.,1.));
#16393 = ADVANCED_FACE('',(#16394),#16428,.T.);
#16394 = FACE_BOUND('',#16395,.T.);
#16395 = EDGE_LOOP('',(#16396,#16406,#16414,#16422));
#16396 = ORIENTED_EDGE('',*,*,#16397,.F.);
#16397 = EDGE_CURVE('',#16398,#16400,#16402,.T.);
#16398 = VERTEX_POINT('',#16399);
#16399 = CARTESIAN_POINT('',(434.,20.,530.));
#16400 = VERTEX_POINT('',#16401);
#16401 = CARTESIAN_POINT('',(434.,20.,571.));
#16402 = LINE('',#16403,#16404);
#16403 = CARTESIAN_POINT('',(434.,20.,530.));
#16404 = VECTOR('',#16405,1.);
#16405 = DIRECTION('',(0.,0.,1.));
#16406 = ORIENTED_EDGE('',*,*,#16407,.T.);
#16407 = EDGE_CURVE('',#16398,#16408,#16410,.T.);
#16408 = VERTEX_POINT('',#16409);
#16409 = CARTESIAN_POINT('',(434.,21.,530.));
#16410 = LINE('',#16411,#16412);
#16411 = CARTESIAN_POINT('',(434.,20.,530.));
#16412 = VECTOR('',#16413,1.);
#16413 = DIRECTION('',(0.,1.,0.));
#16414 = ORIENTED_EDGE('',*,*,#16415,.T.);
#16415 = EDGE_CURVE('',#16408,#16416,#16418,.T.);
#16416 = VERTEX_POINT('',#16417);
#16417 = CARTESIAN_POINT('',(434.,21.,571.));
#16418 = LINE('',#16419,#16420);
#16419 = CARTESIAN_POINT('',(434.,21.,530.));
#16420 = VECTOR('',#16421,1.);
#16421 = DIRECTION('',(0.,0.,1.));
#16422 = ORIENTED_EDGE('',*,*,#16423,.F.);
#16423 = EDGE_CURVE('',#16400,#16416,#16424,.T.);
#16424 = LINE('',#16425,#16426);
#16425 = CARTESIAN_POINT('',(434.,20.,571.));
#16426 = VECTOR('',#16427,1.);
#16427 = DIRECTION('',(0.,1.,0.));
#16428 = PLANE('',#16429);
#16429 = AXIS2_PLACEMENT_3D('',#16430,#16431,#16432);
#16430 = CARTESIAN_POINT('',(434.,20.,530.));
#16431 = DIRECTION('',(1.,0.,0.));
#16432 = DIRECTION('',(0.,0.,1.));
#16433 = ADVANCED_FACE('',(#16434),#16450,.F.);
#16434 = FACE_BOUND('',#16435,.F.);
#16435 = EDGE_LOOP('',(#16436,#16442,#16443,#16449));
#16436 = ORIENTED_EDGE('',*,*,#16437,.F.);
#16437 = EDGE_CURVE('',#16358,#16398,#16438,.T.);
#16438 = LINE('',#16439,#16440);
#16439 = CARTESIAN_POINT('',(116.,20.,530.));
#16440 = VECTOR('',#16441,1.);
#16441 = DIRECTION('',(1.,0.,0.));
#16442 = ORIENTED_EDGE('',*,*,#16357,.T.);
#16443 = ORIENTED_EDGE('',*,*,#16444,.T.);
#16444 = EDGE_CURVE('',#16360,#16400,#16445,.T.);
#16445 = LINE('',#16446,#16447);
#16446 = CARTESIAN_POINT('',(116.,20.,571.));
#16447 = VECTOR('',#16448,1.);
#16448 = DIRECTION('',(1.,0.,0.));
#16449 = ORIENTED_EDGE('',*,*,#16397,.F.);
#16450 = PLANE('',#16451);
#16451 = AXIS2_PLACEMENT_3D('',#16452,#16453,#16454);
#16452 = CARTESIAN_POINT('',(116.,20.,530.));
#16453 = DIRECTION('',(0.,1.,0.));
#16454 = DIRECTION('',(0.,0.,1.));
#16455 = ADVANCED_FACE('',(#16456),#16472,.T.);
#16456 = FACE_BOUND('',#16457,.T.);
#16457 = EDGE_LOOP('',(#16458,#16464,#16465,#16471));
#16458 = ORIENTED_EDGE('',*,*,#16459,.F.);
#16459 = EDGE_CURVE('',#16368,#16408,#16460,.T.);
#16460 = LINE('',#16461,#16462);
#16461 = CARTESIAN_POINT('',(116.,21.,530.));
#16462 = VECTOR('',#16463,1.);
#16463 = DIRECTION('',(1.,0.,0.));
#16464 = ORIENTED_EDGE('',*,*,#16375,.T.);
#16465 = ORIENTED_EDGE('',*,*,#16466,.T.);
#16466 = EDGE_CURVE('',#16376,#16416,#16467,.T.);
#16467 = LINE('',#16468,#16469);
#16468 = CARTESIAN_POINT('',(116.,21.,571.));
#16469 = VECTOR('',#16470,1.);
#16470 = DIRECTION('',(1.,0.,0.));
#16471 = ORIENTED_EDGE('',*,*,#16415,.F.);
#16472 = PLANE('',#16473);
#16473 = AXIS2_PLACEMENT_3D('',#16474,#16475,#16476);
#16474 = CARTESIAN_POINT('',(116.,21.,530.));
#16475 = DIRECTION('',(0.,1.,0.));
#16476 = DIRECTION('',(0.,0.,1.));
#16477 = ADVANCED_FACE('',(#16478),#16484,.F.);
#16478 = FACE_BOUND('',#16479,.F.);
#16479 = EDGE_LOOP('',(#16480,#16481,#16482,#16483));
#16480 = ORIENTED_EDGE('',*,*,#16367,.F.);
#16481 = ORIENTED_EDGE('',*,*,#16437,.T.);
#16482 = ORIENTED_EDGE('',*,*,#16407,.T.);
#16483 = ORIENTED_EDGE('',*,*,#16459,.F.);
#16484 = PLANE('',#16485);
#16485 = AXIS2_PLACEMENT_3D('',#16486,#16487,#16488);
#16486 = CARTESIAN_POINT('',(116.,20.,530.));
#16487 = DIRECTION('',(0.,0.,1.));
#16488 = DIRECTION('',(1.,0.,0.));
#16489 = ADVANCED_FACE('',(#16490),#16496,.T.);
#16490 = FACE_BOUND('',#16491,.T.);
#16491 = EDGE_LOOP('',(#16492,#16493,#16494,#16495));
#16492 = ORIENTED_EDGE('',*,*,#16383,.F.);
#16493 = ORIENTED_EDGE('',*,*,#16444,.T.);
#16494 = ORIENTED_EDGE('',*,*,#16423,.T.);
#16495 = ORIENTED_EDGE('',*,*,#16466,.F.);
#16496 = PLANE('',#16497);
#16497 = AXIS2_PLACEMENT_3D('',#16498,#16499,#16500);
#16498 = CARTESIAN_POINT('',(116.,20.,571.));
#16499 = DIRECTION('',(0.,0.,1.));
#16500 = DIRECTION('',(1.,0.,0.));
#16501 = MANIFOLD_SOLID_BREP('',#16502);
#16502 = CLOSED_SHELL('',(#16503,#16543,#16583,#16605,#16627,#16639));
#16503 = ADVANCED_FACE('',(#16504),#16538,.F.);
#16504 = FACE_BOUND('',#16505,.F.);
#16505 = EDGE_LOOP('',(#16506,#16516,#16524,#16532));
#16506 = ORIENTED_EDGE('',*,*,#16507,.F.);
#16507 = EDGE_CURVE('',#16508,#16510,#16512,.T.);
#16508 = VERTEX_POINT('',#16509);
#16509 = CARTESIAN_POINT('',(116.,339.,530.));
#16510 = VERTEX_POINT('',#16511);
#16511 = CARTESIAN_POINT('',(116.,339.,571.));
#16512 = LINE('',#16513,#16514);
#16513 = CARTESIAN_POINT('',(116.,339.,530.));
#16514 = VECTOR('',#16515,1.);
#16515 = DIRECTION('',(0.,0.,1.));
#16516 = ORIENTED_EDGE('',*,*,#16517,.T.);
#16517 = EDGE_CURVE('',#16508,#16518,#16520,.T.);
#16518 = VERTEX_POINT('',#16519);
#16519 = CARTESIAN_POINT('',(116.,340.,530.));
#16520 = LINE('',#16521,#16522);
#16521 = CARTESIAN_POINT('',(116.,339.,530.));
#16522 = VECTOR('',#16523,1.);
#16523 = DIRECTION('',(0.,1.,0.));
#16524 = ORIENTED_EDGE('',*,*,#16525,.T.);
#16525 = EDGE_CURVE('',#16518,#16526,#16528,.T.);
#16526 = VERTEX_POINT('',#16527);
#16527 = CARTESIAN_POINT('',(116.,340.,571.));
#16528 = LINE('',#16529,#16530);
#16529 = CARTESIAN_POINT('',(116.,340.,530.));
#16530 = VECTOR('',#16531,1.);
#16531 = DIRECTION('',(0.,0.,1.));
#16532 = ORIENTED_EDGE('',*,*,#16533,.F.);
#16533 = EDGE_CURVE('',#16510,#16526,#16534,.T.);
#16534 = LINE('',#16535,#16536);
#16535 = CARTESIAN_POINT('',(116.,339.,571.));
#16536 = VECTOR('',#16537,1.);
#16537 = DIRECTION('',(0.,1.,0.));
#16538 = PLANE('',#16539);
#16539 = AXIS2_PLACEMENT_3D('',#16540,#16541,#16542);
#16540 = CARTESIAN_POINT('',(116.,339.,530.));
#16541 = DIRECTION('',(1.,0.,0.));
#16542 = DIRECTION('',(0.,0.,1.));
#16543 = ADVANCED_FACE('',(#16544),#16578,.T.);
#16544 = FACE_BOUND('',#16545,.T.);
#16545 = EDGE_LOOP('',(#16546,#16556,#16564,#16572));
#16546 = ORIENTED_EDGE('',*,*,#16547,.F.);
#16547 = EDGE_CURVE('',#16548,#16550,#16552,.T.);
#16548 = VERTEX_POINT('',#16549);
#16549 = CARTESIAN_POINT('',(434.,339.,530.));
#16550 = VERTEX_POINT('',#16551);
#16551 = CARTESIAN_POINT('',(434.,339.,571.));
#16552 = LINE('',#16553,#16554);
#16553 = CARTESIAN_POINT('',(434.,339.,530.));
#16554 = VECTOR('',#16555,1.);
#16555 = DIRECTION('',(0.,0.,1.));
#16556 = ORIENTED_EDGE('',*,*,#16557,.T.);
#16557 = EDGE_CURVE('',#16548,#16558,#16560,.T.);
#16558 = VERTEX_POINT('',#16559);
#16559 = CARTESIAN_POINT('',(434.,340.,530.));
#16560 = LINE('',#16561,#16562);
#16561 = CARTESIAN_POINT('',(434.,339.,530.));
#16562 = VECTOR('',#16563,1.);
#16563 = DIRECTION('',(0.,1.,0.));
#16564 = ORIENTED_EDGE('',*,*,#16565,.T.);
#16565 = EDGE_CURVE('',#16558,#16566,#16568,.T.);
#16566 = VERTEX_POINT('',#16567);
#16567 = CARTESIAN_POINT('',(434.,340.,571.));
#16568 = LINE('',#16569,#16570);
#16569 = CARTESIAN_POINT('',(434.,340.,530.));
#16570 = VECTOR('',#16571,1.);
#16571 = DIRECTION('',(0.,0.,1.));
#16572 = ORIENTED_EDGE('',*,*,#16573,.F.);
#16573 = EDGE_CURVE('',#16550,#16566,#16574,.T.);
#16574 = LINE('',#16575,#16576);
#16575 = CARTESIAN_POINT('',(434.,339.,571.));
#16576 = VECTOR('',#16577,1.);
#16577 = DIRECTION('',(0.,1.,0.));
#16578 = PLANE('',#16579);
#16579 = AXIS2_PLACEMENT_3D('',#16580,#16581,#16582);
#16580 = CARTESIAN_POINT('',(434.,339.,530.));
#16581 = DIRECTION('',(1.,0.,0.));
#16582 = DIRECTION('',(0.,0.,1.));
#16583 = ADVANCED_FACE('',(#16584),#16600,.F.);
#16584 = FACE_BOUND('',#16585,.F.);
#16585 = EDGE_LOOP('',(#16586,#16592,#16593,#16599));
#16586 = ORIENTED_EDGE('',*,*,#16587,.F.);
#16587 = EDGE_CURVE('',#16508,#16548,#16588,.T.);
#16588 = LINE('',#16589,#16590);
#16589 = CARTESIAN_POINT('',(116.,339.,530.));
#16590 = VECTOR('',#16591,1.);
#16591 = DIRECTION('',(1.,0.,0.));
#16592 = ORIENTED_EDGE('',*,*,#16507,.T.);
#16593 = ORIENTED_EDGE('',*,*,#16594,.T.);
#16594 = EDGE_CURVE('',#16510,#16550,#16595,.T.);
#16595 = LINE('',#16596,#16597);
#16596 = CARTESIAN_POINT('',(116.,339.,571.));
#16597 = VECTOR('',#16598,1.);
#16598 = DIRECTION('',(1.,0.,0.));
#16599 = ORIENTED_EDGE('',*,*,#16547,.F.);
#16600 = PLANE('',#16601);
#16601 = AXIS2_PLACEMENT_3D('',#16602,#16603,#16604);
#16602 = CARTESIAN_POINT('',(116.,339.,530.));
#16603 = DIRECTION('',(0.,1.,0.));
#16604 = DIRECTION('',(0.,0.,1.));
#16605 = ADVANCED_FACE('',(#16606),#16622,.T.);
#16606 = FACE_BOUND('',#16607,.T.);
#16607 = EDGE_LOOP('',(#16608,#16614,#16615,#16621));
#16608 = ORIENTED_EDGE('',*,*,#16609,.F.);
#16609 = EDGE_CURVE('',#16518,#16558,#16610,.T.);
#16610 = LINE('',#16611,#16612);
#16611 = CARTESIAN_POINT('',(116.,340.,530.));
#16612 = VECTOR('',#16613,1.);
#16613 = DIRECTION('',(1.,0.,0.));
#16614 = ORIENTED_EDGE('',*,*,#16525,.T.);
#16615 = ORIENTED_EDGE('',*,*,#16616,.T.);
#16616 = EDGE_CURVE('',#16526,#16566,#16617,.T.);
#16617 = LINE('',#16618,#16619);
#16618 = CARTESIAN_POINT('',(116.,340.,571.));
#16619 = VECTOR('',#16620,1.);
#16620 = DIRECTION('',(1.,0.,0.));
#16621 = ORIENTED_EDGE('',*,*,#16565,.F.);
#16622 = PLANE('',#16623);
#16623 = AXIS2_PLACEMENT_3D('',#16624,#16625,#16626);
#16624 = CARTESIAN_POINT('',(116.,340.,530.));
#16625 = DIRECTION('',(0.,1.,0.));
#16626 = DIRECTION('',(0.,0.,1.));
#16627 = ADVANCED_FACE('',(#16628),#16634,.F.);
#16628 = FACE_BOUND('',#16629,.F.);
#16629 = EDGE_LOOP('',(#16630,#16631,#16632,#16633));
#16630 = ORIENTED_EDGE('',*,*,#16517,.F.);
#16631 = ORIENTED_EDGE('',*,*,#16587,.T.);
#16632 = ORIENTED_EDGE('',*,*,#16557,.T.);
#16633 = ORIENTED_EDGE('',*,*,#16609,.F.);
#16634 = PLANE('',#16635);
#16635 = AXIS2_PLACEMENT_3D('',#16636,#16637,#16638);
#16636 = CARTESIAN_POINT('',(116.,339.,530.));
#16637 = DIRECTION('',(0.,0.,1.));
#16638 = DIRECTION('',(1.,0.,0.));
#16639 = ADVANCED_FACE('',(#16640),#16646,.T.);
#16640 = FACE_BOUND('',#16641,.T.);
#16641 = EDGE_LOOP('',(#16642,#16643,#16644,#16645));
#16642 = ORIENTED_EDGE('',*,*,#16533,.F.);
#16643 = ORIENTED_EDGE('',*,*,#16594,.T.);
#16644 = ORIENTED_EDGE('',*,*,#16573,.T.);
#16645 = ORIENTED_EDGE('',*,*,#16616,.F.);
#16646 = PLANE('',#16647);
#16647 = AXIS2_PLACEMENT_3D('',#16648,#16649,#16650);
#16648 = CARTESIAN_POINT('',(116.,339.,571.));
#16649 = DIRECTION('',(0.,0.,1.));
#16650 = DIRECTION('',(1.,0.,0.));
#16651 = MANIFOLD_SOLID_BREP('',#16652);
#16652 = CLOSED_SHELL('',(#16653,#16693,#16733,#16755,#16777,#16789));
#16653 = ADVANCED_FACE('',(#16654),#16688,.F.);
#16654 = FACE_BOUND('',#16655,.F.);
#16655 = EDGE_LOOP('',(#16656,#16666,#16674,#16682));
#16656 = ORIENTED_EDGE('',*,*,#16657,.F.);
#16657 = EDGE_CURVE('',#16658,#16660,#16662,.T.);
#16658 = VERTEX_POINT('',#16659);
#16659 = CARTESIAN_POINT('',(550.,110.,390.));
#16660 = VERTEX_POINT('',#16661);
#16661 = CARTESIAN_POINT('',(550.,110.,490.));
#16662 = LINE('',#16663,#16664);
#16663 = CARTESIAN_POINT('',(550.,110.,390.));
#16664 = VECTOR('',#16665,1.);
#16665 = DIRECTION('',(0.,0.,1.));
#16666 = ORIENTED_EDGE('',*,*,#16667,.T.);
#16667 = EDGE_CURVE('',#16658,#16668,#16670,.T.);
#16668 = VERTEX_POINT('',#16669);
#16669 = CARTESIAN_POINT('',(550.,250.,390.));
#16670 = LINE('',#16671,#16672);
#16671 = CARTESIAN_POINT('',(550.,110.,390.));
#16672 = VECTOR('',#16673,1.);
#16673 = DIRECTION('',(0.,1.,0.));
#16674 = ORIENTED_EDGE('',*,*,#16675,.T.);
#16675 = EDGE_CURVE('',#16668,#16676,#16678,.T.);
#16676 = VERTEX_POINT('',#16677);
#16677 = CARTESIAN_POINT('',(550.,250.,490.));
#16678 = LINE('',#16679,#16680);
#16679 = CARTESIAN_POINT('',(550.,250.,390.));
#16680 = VECTOR('',#16681,1.);
#16681 = DIRECTION('',(0.,0.,1.));
#16682 = ORIENTED_EDGE('',*,*,#16683,.F.);
#16683 = EDGE_CURVE('',#16660,#16676,#16684,.T.);
#16684 = LINE('',#16685,#16686);
#16685 = CARTESIAN_POINT('',(550.,110.,490.));
#16686 = VECTOR('',#16687,1.);
#16687 = DIRECTION('',(0.,1.,0.));
#16688 = PLANE('',#16689);
#16689 = AXIS2_PLACEMENT_3D('',#16690,#16691,#16692);
#16690 = CARTESIAN_POINT('',(550.,110.,390.));
#16691 = DIRECTION('',(1.,0.,0.));
#16692 = DIRECTION('',(0.,0.,1.));
#16693 = ADVANCED_FACE('',(#16694),#16728,.T.);
#16694 = FACE_BOUND('',#16695,.T.);
#16695 = EDGE_LOOP('',(#16696,#16706,#16714,#16722));
#16696 = ORIENTED_EDGE('',*,*,#16697,.F.);
#16697 = EDGE_CURVE('',#16698,#16700,#16702,.T.);
#16698 = VERTEX_POINT('',#16699);
#16699 = CARTESIAN_POINT('',(590.,110.,390.));
#16700 = VERTEX_POINT('',#16701);
#16701 = CARTESIAN_POINT('',(590.,110.,490.));
#16702 = LINE('',#16703,#16704);
#16703 = CARTESIAN_POINT('',(590.,110.,390.));
#16704 = VECTOR('',#16705,1.);
#16705 = DIRECTION('',(0.,0.,1.));
#16706 = ORIENTED_EDGE('',*,*,#16707,.T.);
#16707 = EDGE_CURVE('',#16698,#16708,#16710,.T.);
#16708 = VERTEX_POINT('',#16709);
#16709 = CARTESIAN_POINT('',(590.,250.,390.));
#16710 = LINE('',#16711,#16712);
#16711 = CARTESIAN_POINT('',(590.,110.,390.));
#16712 = VECTOR('',#16713,1.);
#16713 = DIRECTION('',(0.,1.,0.));
#16714 = ORIENTED_EDGE('',*,*,#16715,.T.);
#16715 = EDGE_CURVE('',#16708,#16716,#16718,.T.);
#16716 = VERTEX_POINT('',#16717);
#16717 = CARTESIAN_POINT('',(590.,250.,490.));
#16718 = LINE('',#16719,#16720);
#16719 = CARTESIAN_POINT('',(590.,250.,390.));
#16720 = VECTOR('',#16721,1.);
#16721 = DIRECTION('',(0.,0.,1.));
#16722 = ORIENTED_EDGE('',*,*,#16723,.F.);
#16723 = EDGE_CURVE('',#16700,#16716,#16724,.T.);
#16724 = LINE('',#16725,#16726);
#16725 = CARTESIAN_POINT('',(590.,110.,490.));
#16726 = VECTOR('',#16727,1.);
#16727 = DIRECTION('',(0.,1.,0.));
#16728 = PLANE('',#16729);
#16729 = AXIS2_PLACEMENT_3D('',#16730,#16731,#16732);
#16730 = CARTESIAN_POINT('',(590.,110.,390.));
#16731 = DIRECTION('',(1.,0.,0.));
#16732 = DIRECTION('',(0.,0.,1.));
#16733 = ADVANCED_FACE('',(#16734),#16750,.F.);
#16734 = FACE_BOUND('',#16735,.F.);
#16735 = EDGE_LOOP('',(#16736,#16742,#16743,#16749));
#16736 = ORIENTED_EDGE('',*,*,#16737,.F.);
#16737 = EDGE_CURVE('',#16658,#16698,#16738,.T.);
#16738 = LINE('',#16739,#16740);
#16739 = CARTESIAN_POINT('',(550.,110.,390.));
#16740 = VECTOR('',#16741,1.);
#16741 = DIRECTION('',(1.,0.,0.));
#16742 = ORIENTED_EDGE('',*,*,#16657,.T.);
#16743 = ORIENTED_EDGE('',*,*,#16744,.T.);
#16744 = EDGE_CURVE('',#16660,#16700,#16745,.T.);
#16745 = LINE('',#16746,#16747);
#16746 = CARTESIAN_POINT('',(550.,110.,490.));
#16747 = VECTOR('',#16748,1.);
#16748 = DIRECTION('',(1.,0.,0.));
#16749 = ORIENTED_EDGE('',*,*,#16697,.F.);
#16750 = PLANE('',#16751);
#16751 = AXIS2_PLACEMENT_3D('',#16752,#16753,#16754);
#16752 = CARTESIAN_POINT('',(550.,110.,390.));
#16753 = DIRECTION('',(0.,1.,0.));
#16754 = DIRECTION('',(0.,0.,1.));
#16755 = ADVANCED_FACE('',(#16756),#16772,.T.);
#16756 = FACE_BOUND('',#16757,.T.);
#16757 = EDGE_LOOP('',(#16758,#16764,#16765,#16771));
#16758 = ORIENTED_EDGE('',*,*,#16759,.F.);
#16759 = EDGE_CURVE('',#16668,#16708,#16760,.T.);
#16760 = LINE('',#16761,#16762);
#16761 = CARTESIAN_POINT('',(550.,250.,390.));
#16762 = VECTOR('',#16763,1.);
#16763 = DIRECTION('',(1.,0.,0.));
#16764 = ORIENTED_EDGE('',*,*,#16675,.T.);
#16765 = ORIENTED_EDGE('',*,*,#16766,.T.);
#16766 = EDGE_CURVE('',#16676,#16716,#16767,.T.);
#16767 = LINE('',#16768,#16769);
#16768 = CARTESIAN_POINT('',(550.,250.,490.));
#16769 = VECTOR('',#16770,1.);
#16770 = DIRECTION('',(1.,0.,0.));
#16771 = ORIENTED_EDGE('',*,*,#16715,.F.);
#16772 = PLANE('',#16773);
#16773 = AXIS2_PLACEMENT_3D('',#16774,#16775,#16776);
#16774 = CARTESIAN_POINT('',(550.,250.,390.));
#16775 = DIRECTION('',(0.,1.,0.));
#16776 = DIRECTION('',(0.,0.,1.));
#16777 = ADVANCED_FACE('',(#16778),#16784,.F.);
#16778 = FACE_BOUND('',#16779,.F.);
#16779 = EDGE_LOOP('',(#16780,#16781,#16782,#16783));
#16780 = ORIENTED_EDGE('',*,*,#16667,.F.);
#16781 = ORIENTED_EDGE('',*,*,#16737,.T.);
#16782 = ORIENTED_EDGE('',*,*,#16707,.T.);
#16783 = ORIENTED_EDGE('',*,*,#16759,.F.);
#16784 = PLANE('',#16785);
#16785 = AXIS2_PLACEMENT_3D('',#16786,#16787,#16788);
#16786 = CARTESIAN_POINT('',(550.,110.,390.));
#16787 = DIRECTION('',(0.,0.,1.));
#16788 = DIRECTION('',(1.,0.,0.));
#16789 = ADVANCED_FACE('',(#16790),#16796,.T.);
#16790 = FACE_BOUND('',#16791,.T.);
#16791 = EDGE_LOOP('',(#16792,#16793,#16794,#16795));
#16792 = ORIENTED_EDGE('',*,*,#16683,.F.);
#16793 = ORIENTED_EDGE('',*,*,#16744,.T.);
#16794 = ORIENTED_EDGE('',*,*,#16723,.T.);
#16795 = ORIENTED_EDGE('',*,*,#16766,.F.);
#16796 = PLANE('',#16797);
#16797 = AXIS2_PLACEMENT_3D('',#16798,#16799,#16800);
#16798 = CARTESIAN_POINT('',(550.,110.,490.));
#16799 = DIRECTION('',(0.,0.,1.));
#16800 = DIRECTION('',(1.,0.,0.));
#16801 = ( GEOMETRIC_REPRESENTATION_CONTEXT(3) 
GLOBAL_UNCERTAINTY_ASSIGNED_CONTEXT((#16805)) 
GLOBAL_UNIT_ASSIGNED_CONTEXT((#16802,#16803,#16804)) 
REPRESENTATION_CONTEXT('Context #1',
  '3D Context with UNIT and UNCERTAINTY') );
#16802 = ( LENGTH_UNIT() NAMED_UNIT(*) SI_UNIT(.MILLI.,.METRE.) );
#16803 = ( NAMED_UNIT(*) PLANE_ANGLE_UNIT() SI_UNIT($,.RADIAN.) );
#16804 = ( NAMED_UNIT(*) SI_UNIT($,.STERADIAN.) SOLID_ANGLE_UNIT() );
#16805 = UNCERTAINTY_MEASURE_WITH_UNIT(LENGTH_MEASURE(1.E-07),#16802,
  'distance_accuracy_value','confusion accuracy');
#16806 = PRODUCT_RELATED_PRODUCT_CATEGORY('part',$,(#7));
ENDSEC;
END-ISO-10303-21;
